scheme,fold,seed,initial_lr,epoch,optimizer_step,learning_rate,train_loss,val_mae
primary,0,101,1e-05,1,7,1e-05,0.5155879173960004,3.3748980435458096
primary,0,101,1e-05,2,14,9.99938933078422e-06,0.5775794472013202,3.3604278564453125
primary,0,101,1e-05,3,21,9.997557473810373e-06,0.5523589849472046,3.3490984367601797
primary,0,101,1e-05,4,28,9.994504881061752e-06,0.4729287538544408,3.3542142925840435
primary,0,101,1e-05,5,35,9.990232305719944e-06,0.526447811297008,3.3569685040098247
primary,0,101,1e-05,6,42,9.984740801978984e-06,0.5344638441290174,3.3565449570164536
primary,0,101,1e-05,7,49,9.978031724785247e-06,0.4964351696627481,3.354436238606771
primary,0,101,1e-05,8,56,9.97010672950314e-06,0.5012230277061462,3.3528890898733428
primary,0,101,1e-05,9,63,9.960967771506666e-06,0.5479909564767566,3.3531757701526987
primary,0,101,1e-05,10,70,9.950617105696961e-06,0.47350924941045897,3.353596311627012
primary,0,101,1e-05,11,77,9.939057285945933e-06,0.5095031602042062,3.3545735677083335
primary,0,101,1e-05,12,84,9.926291164466131e-06,0.5151439096246447,3.35493515477036
primary,0,101,1e-05,13,91,9.91232189110701e-06,0.5310445172446114,3.3534210667465674
primary,0,101,1e-05,14,98,9.897152912577742e-06,0.5825193013463702,3.3526918815843985
primary,0,101,1e-05,15,105,9.8807879715968e-06,0.4934410463486399,3.3514364993933476
primary,0,101,1e-05,16,112,9.8632311059685e-06,0.4716847193028246,3.3516182176994556
primary,0,101,1e-05,17,119,9.844486647586724e-06,0.7120114522320884,3.3496579256924717
primary,0,101,1e-05,18,126,9.824559221366101e-06,0.49721763748675585,3.3502021558357007
primary,0,101,1e-05,19,133,9.803453744100868e-06,0.48949552620095865,3.356162100127249
primary,0,101,1e-05,20,140,9.781175423251734e-06,0.47165325374849737,3.3617084387576943
primary,0,101,1e-05,21,147,9.757729755661012e-06,0.5379039900643485,3.368212844386245
primary,0,101,1e-05,22,154,9.73312252619635e-06,0.581617900303432,3.3651497580788354
primary,0,101,1e-05,23,161,9.707359806323418e-06,0.5847342099462237,3.367369911887429
primary,0,101,1e-05,24,168,9.680447952607845e-06,0.4880265968718699,3.370344450979522
primary,0,101,1e-05,25,175,9.652393605146845e-06,0.4914637040346861,3.374598185221354
primary,0,101,1e-05,26,182,9.62320368593087e-06,0.48709204686539515,3.3722899465849907
primary,0,101,1e-05,27,189,9.592885397135707e-06,0.5144794200147901,3.369499668930516
primary,0,101,1e-05,28,196,9.561446219345455e-06,0.4664954972745363,3.3659778941761362
primary,0,101,1e-05,29,203,9.528893909706798e-06,0.5423880900655474,3.3621978759765625
primary,0,101,1e-05,30,210,9.495236500015048e-06,0.5048877575567791,3.362801522919626
primary,0,101,1e-05,31,217,9.460482294732422e-06,0.5609387244497027,3.361209522594105
primary,0,101,1e-05,32,224,9.424639868939035e-06,0.579075038433075,3.3637230613014917
primary,0,101,1e-05,33,231,9.387718066217125e-06,0.5385202935763768,3.3581510601621685
primary,0,101,0.0001,1,7,0.0001,0.5457997747829982,3.386593905362216
primary,0,101,0.0001,2,14,9.99938933078422e-05,0.5446167119911739,3.383791836825284
primary,0,101,0.0001,3,21,9.997557473810373e-05,0.5530670285224915,3.343850106904001
primary,0,101,0.0001,4,28,9.994504881061753e-05,0.4813121094235352,3.3962564179391572
primary,0,101,0.0001,5,35,9.990232305719945e-05,0.5007520488330296,3.3258137558445786
primary,0,101,0.0001,6,42,9.984740801978984e-05,0.5319290203707558,3.35007060657848
primary,0,101,0.0001,7,49,9.978031724785247e-05,0.5153561809233257,3.327081622499408
primary,0,101,0.0001,8,56,9.97010672950314e-05,0.48103492494140354,3.350868918678977
primary,0,101,0.0001,9,63,9.960967771506667e-05,0.517581079687391,3.3291290745590674
primary,0,101,0.0001,10,70,9.95061710569696e-05,0.4713867521079789,3.3293873180042612
primary,0,101,0.0001,11,77,9.939057285945933e-05,0.475824630686215,3.321523261792732
primary,0,101,0.0001,12,84,9.926291164466132e-05,0.5270548590591976,3.3344930013020835
primary,0,101,0.0001,13,91,9.91232189110701e-05,0.5691295266151428,3.307331894383286
primary,0,101,0.0001,14,98,9.897152912577741e-05,0.5089089700153896,3.312168005741004
primary,0,101,0.0001,15,105,9.8807879715968e-05,0.4745606833270618,3.3131496545040244
primary,0,101,0.0001,16,112,9.8632311059685e-05,0.5097301048891885,3.3495074185458096
primary,0,101,0.0001,17,119,9.844486647586725e-05,0.7440165366445269,3.2960073297674004
primary,0,101,0.0001,18,126,9.824559221366101e-05,0.45635187678271905,3.297527891216856
primary,0,101,0.0001,19,133,9.803453744100869e-05,0.4514392706831651,3.3013728748668325
primary,0,101,0.0001,20,140,9.781175423251735e-05,0.4515109048890216,3.295739607377486
primary,0,101,0.0001,21,147,9.757729755661011e-05,0.5089623502322606,3.3455648711233428
primary,0,101,0.0001,22,154,9.73312252619635e-05,0.5434461746897016,3.3156592629172583
primary,0,101,0.0001,23,161,9.707359806323417e-05,0.5803807931286948,3.296342791933002
primary,0,101,0.0001,24,168,9.680447952607845e-05,0.44639267437638147,3.3532136859315815
primary,0,101,0.0001,25,175,9.652393605146844e-05,0.49575482521738323,3.288055419921875
primary,0,101,0.0001,26,182,9.623203685930869e-05,0.4861776530742645,3.363659714207505
primary,0,101,0.0001,27,189,9.592885397135707e-05,0.5289170784609658,3.2931876905036694
primary,0,101,0.0001,28,196,9.561446219345454e-05,0.4487973057797977,3.316187771883878
primary,0,101,0.0001,29,203,9.528893909706797e-05,0.4918269770486014,3.288509484493371
primary,0,101,0.0001,30,210,9.495236500015047e-05,0.5098893983023507,3.3040070967240767
primary,0,101,0.0001,31,217,9.460482294732421e-05,0.5697808904307229,3.3086642641009707
primary,0,101,0.0001,32,224,9.424639868939033e-05,0.4973483085632324,3.280733975497159
primary,0,101,0.0001,33,231,9.387718066217124e-05,0.5457176608698708,3.3656930634469697
primary,0,101,0.0001,34,238,9.349725996469047e-05,0.41163142770528793,3.2881791085907905
primary,0,101,0.0001,35,245,9.310673033669521e-05,0.3851195994232382,3.4351328069513496
primary,0,101,0.0001,36,252,9.270568813552756e-05,0.4399513176509312,3.388558127663352
primary,0,101,0.0001,37,259,9.229423231234974e-05,0.4880306763308389,3.314244588216146
primary,0,101,0.0001,38,266,9.187246438772939e-05,0.39357889124325346,3.4542511448715674
primary,0,101,0.0001,39,273,9.14404884265908e-05,0.4260213758264269,3.347998185591264
primary,0,101,0.0001,40,280,9.099841101253866e-05,0.386156896927527,3.3837444421016807
primary,0,101,0.0001,41,287,9.05463412215599e-05,0.3731714416561382,3.4257403287020596
primary,0,101,0.0001,42,294,9.0084390595111e-05,0.4171749459845679,3.4217388268673057
primary,0,101,0.0001,43,301,8.961267311259666e-05,0.37709801592531483,3.646316065932765
primary,0,101,0.0001,44,308,8.913130516324733e-05,0.39010828201259884,3.39966953161991
primary,0,101,0.0001,45,315,8.864040551740158e-05,0.4290388141359602,3.4180413448449336
primary,0,101,0.0001,46,322,8.814009529720155e-05,0.4041177466112588,3.268373893968987
primary,0,101,0.0001,47,329,8.763049794670775e-05,0.340947546597038,3.2710568977124765
primary,0,101,0.0001,48,336,8.711173920144117e-05,0.5664158357041222,3.534551678281842
primary,0,101,0.0001,49,343,8.658394705735987e-05,0.48381100382123676,3.2459832393761836
primary,0,101,0.0001,50,350,8.604725173927785e-05,0.35881148491586956,3.239682284268466
primary,0,101,0.0001,51,357,8.55017856687341e-05,0.3385586836707911,3.3481621019767993
primary,0,101,0.0001,52,364,8.494768343131955e-05,0.3155890256166458,3.4328361280036694
primary,0,101,0.0001,53,371,8.438508174347009e-05,0.3944664703948157,3.4697135000517876
primary,0,101,0.0001,54,378,8.381411941873378e-05,0.3010612523981503,3.4890052333022608
primary,0,101,0.0001,55,385,8.323493733352077e-05,0.32973457659993854,3.5553181966145835
primary,0,101,0.0001,56,392,8.26476783923441e-05,0.48266665850366863,3.7233861287434897
primary,0,101,0.0001,57,399,8.205248749256015e-05,0.3571298931326185,3.3452037464488638
primary,0,101,0.0001,58,406,8.144951148861742e-05,0.34505842200347353,3.6169137665719697
primary,0,101,0.0001,59,413,8.083889915582235e-05,0.41679259283202036,3.286406777121804
primary,0,101,0.0001,60,420,8.022080115363127e-05,0.3068316733198507,3.2688454136703955
primary,0,101,0.0001,61,427,7.959536998847744e-05,0.40088034527642386,3.3524362968676016
primary,0,101,0.0001,62,434,7.89627599761423e-05,0.2746259458030441,3.3295283462062026
primary,0,101,0.0001,63,441,7.832312720368048e-05,0.3191530257463455,3.200727751760772
primary,0,101,0.0001,64,448,7.767662949090753e-05,0.4413891072784151,3.3901492032137783
primary,0,101,0.0001,65,455,7.702342635146033e-05,0.3274988276617868,3.353548916903409
primary,0,101,0.0001,66,462,7.636367895343946e-05,0.37358443226133076,3.4071625218246924
primary,0,101,0.0001,67,469,7.569755007964338e-05,0.31679715641907286,3.230035724061908
primary,0,101,0.0001,68,476,7.502520408740418e-05,0.25923205805676325,3.3832036798650567
primary,0,101,0.0001,69,483,7.43468068680349e-05,0.38659707989011494,3.2924352703672466
primary,0,101,0.0001,70,490,7.366252580589839e-05,0.2931576996509518,3.6571707292036577
primary,0,101,0.0001,71,497,7.297252973710757e-05,0.29796960737024036,3.263425653631037
primary,0,101,0.0001,72,504,7.22769889078678e-05,0.3085693802152361,3.256882176254735
primary,0,101,0.0001,73,511,7.15760749324711e-05,0.3297055980988911,3.183558377352628
primary,0,101,0.0001,74,518,7.086996075095289e-05,0.32750070095062256,3.2341167565548057
primary,0,101,0.0001,75,525,7.015882058642164e-05,0.32788347346442087,3.20310927882339
primary,0,101,0.0001,76,532,6.944282990207195e-05,0.3284119282449995,3.654047301321319
primary,0,101,0.0001,77,539,6.872216535789157e-05,0.2935392303126199,3.3423839915882456
primary,0,101,0.0001,78,546,6.799700476707323e-05,0.433904692530632,3.316476648504084
primary,0,101,0.0001,79,553,6.726752705214194e-05,0.2453320710254567,3.228103984485973
primary,0,101,0.0001,80,560,6.65339122008084e-05,0.23316535460097448,3.397447528261127
primary,0,101,0.0001,81,567,6.57963412215599e-05,0.39438068866729736,3.5238776929450757
primary,0,101,0.0001,82,574,6.505499609899905e-05,0.24675543140619993,3.371670809659091
primary,0,101,0.0001,83,581,6.431005974894185e-05,0.24085963860021106,3.4786928350275215
primary,0,101,0.0001,84,588,6.356171597328596e-05,0.23710628678756102,3.3322148178562974
primary,0,101,0.0001,85,595,6.281014941466031e-05,0.24712434836796351,3.470910390218099
primary,0,101,0.0001,86,602,6.205554551086733e-05,0.23440874900136674,3.4867231195623223
primary,0,101,0.0001,87,609,6.129809044912887e-05,0.29052244978291647,3.7240511576334634
primary,0,101,0.0001,88,616,6.053797112014738e-05,0.25991315713950564,3.5244193799567944
primary,0,101,0.0001,89,623,5.977537507199338e-05,0.21299000177532434,3.510436202540542
primary,0,101,0.0001,90,630,5.901049046383077e-05,0.2696668101208551,3.7701970880681817
primary,0,101,0.0001,91,637,5.8243506019491436e-05,0.2519523394959314,3.4880432360100024
primary,0,101,0.0001,92,644,5.7474610980910354e-05,0.38465914130210876,3.301752032655658
primary,0,101,0.0001,93,651,5.6703995061433075e-05,0.24944164710385458,3.3929512717507104
primary,0,101,0.0001,94,658,5.5931848399006745e-05,0.30601511895656586,3.5290341232762192
primary,0,101,0.0001,95,665,5.515836150926646e-05,0.233199699648789,3.4158833821614585
primary,0,101,0.0001,96,672,5.438372523852833e-05,0.22098670739381174,3.6784387068314985
primary,0,101,0.0001,97,679,5.360813071670102e-05,0.21833959195230687,3.433606581254439
primary,0,101,0.0001,98,686,5.283176931012731e-05,0.22569500442062104,3.6900938785437383
primary,0,101,0.0001,99,693,5.205483257436735e-05,0.2037663268191474,3.4524497985839844
primary,0,101,0.0001,100,700,5.127751220693513e-05,0.2117609115583556,3.5842101357199927
primary,0,101,0.0001,101,707,5.05e-05,0.18828197887965611,3.7336096330122515
primary,0,101,0.0001,102,714,4.972248779306489e-05,0.28551237072263447,3.454929814194188
primary,0,101,0.0001,103,721,4.894516742563265e-05,0.23711438264165605,3.7254905700683594
primary,0,101,0.001,1,7,0.001,0.6940715233130115,3.3910277395537407
primary,0,101,0.001,2,14,0.000999938933078422,0.6334479025432042,3.7481543801047583
primary,0,101,0.001,3,21,0.0009997557473810372,0.6117428583758218,3.4228515625
primary,0,101,0.001,4,28,0.0009994504881061753,0.47742211090267767,3.8231786092122397
primary,0,101,0.001,5,35,0.0009990232305719944,0.4930049264013568,3.900114810828007
primary,0,101,0.001,6,42,0.0009984740801978985,0.6348298958369664,3.50364384506688
primary,0,101,0.001,7,49,0.0009978031724785245,0.5161608564002174,3.349685206557765
primary,0,101,0.001,8,56,0.000997010672950314,0.4620441608130932,3.4241492531516333
primary,0,101,0.001,9,63,0.0009960967771506667,0.5559153939996447,3.2743137244022256
primary,0,101,0.001,10,70,0.000995061710569696,0.4463251179882458,3.4751214692086885
primary,0,101,0.001,11,77,0.0009939057285945933,0.4013290820377214,4.676706487482244
primary,0,101,0.001,12,84,0.000992629116446613,0.46601980392421993,4.9306512312455615
primary,0,101,0.001,13,91,0.000991232189110701,0.47678839947496143,4.58163983894117
primary,0,101,0.001,14,98,0.0009897152912577741,0.6068643714700427,3.174680305249763
primary,0,101,0.001,15,105,0.00098807879715968,0.3846935289246695,3.616940585049716
primary,0,101,0.001,16,112,0.00098632311059685,0.45015109862600056,2.9038784142696494
primary,0,101,0.001,17,119,0.0009844486647586723,0.44612305079187664,4.616812734892874
primary,0,101,0.001,18,126,0.00098245592213661,0.5153713715927941,4.8742445743445195
primary,0,101,0.001,19,133,0.0009803453744100868,0.37121801251279457,2.9861128835967095
primary,0,101,0.001,20,140,0.0009781175423251734,0.41508254195962635,3.722390145966501
primary,0,101,0.001,21,147,0.0009757729755661011,0.30407656699285973,3.589551983457623
primary,0,101,0.001,22,154,0.0009733122526196349,0.4521324762276241,2.8008304942737925
primary,0,101,0.001,23,161,0.0009707359806323416,0.3396543881722859,4.987981044884884
primary,0,101,0.001,24,168,0.0009680447952607845,0.3199883577014719,3.006576769279711
primary,0,101,0.001,25,175,0.0009652393605146844,0.2778059020638466,3.5843524354876894
primary,0,101,0.001,26,182,0.000962320368593087,0.28675392722444876,3.436730587121212
primary,0,101,0.001,27,189,0.0009592885397135706,0.31954947113990784,3.1138652454723013
primary,0,101,0.001,28,196,0.0009561446219345453,0.2512310115354402,3.975498661850438
primary,0,101,0.001,29,203,0.0009528893909706797,0.2788688891700336,3.1366191054835464
primary,0,101,0.001,30,210,0.0009495236500015047,0.2383007343326296,4.1879425048828125
primary,0,101,0.001,31,217,0.0009460482294732421,0.41797077655792236,3.7330834359833687
primary,0,101,0.001,32,224,0.0009424639868939033,0.34252030295985086,3.4366792621034565
primary,0,101,0.001,33,231,0.0009387718066217125,0.21932544665677206,3.06290898178563
primary,0,101,0.001,34,238,0.0009349725996469047,0.22894981929234096,3.5964228312174478
primary,0,101,0.001,35,245,0.0009310673033669522,0.2175828069448471,3.9454766475793086
primary,0,101,0.001,36,252,0.0009270568813552756,0.1761318048728364,3.206039659904711
primary,0,101,0.001,37,259,0.0009229423231234975,0.1714731210044452,4.126133658669212
primary,0,101,0.001,38,266,0.0009187246438772938,0.2382230418069022,3.8964990558046284
primary,0,101,0.001,39,273,0.0009144048842659081,0.20746086750711715,3.681416367039536
primary,0,101,0.001,40,280,0.0009099841101253866,0.14943730777927808,3.5258559024695195
primary,0,101,0.001,41,287,0.000905463412215599,0.15005410475922482,4.280414350105055
primary,0,101,0.001,42,294,0.0009008439059511099,0.20233693492731877,3.4039017648407905
primary,0,101,0.001,43,301,0.0008961267311259666,0.25832077328647884,4.578437805175781
primary,0,101,0.001,44,308,0.0008913130516324732,0.1987596057421927,3.024985342314749
primary,0,101,0.001,45,315,0.0008864040551740157,0.15663667981113708,3.789827635793975
primary,0,101,0.001,46,322,0.0008814009529720154,0.11939660855413033,3.8774581677985913
primary,0,101,0.001,47,329,0.0008763049794670775,0.11734975980860847,3.866251165216619
primary,0,101,0.001,48,336,0.0008711173920144117,0.08591302697147642,3.6892992655436196
primary,0,101,0.001,49,343,0.0008658394705735987,0.08985088586008974,3.4935496937144888
primary,0,101,0.001,50,350,0.0008604725173927785,0.16128154258642877,3.5773847175366953
primary,0,101,0.001,51,357,0.000855017856687341,0.11065797766371231,3.4797841852361504
primary,0,101,0.001,52,364,0.0008494768343131955,0.12546211061999202,3.712382345488577
primary,0,101,0.01,1,7,0.01,31.161752445357187,30.828029516971473
primary,0,101,0.01,2,14,0.00999938933078422,83.7118626322065,6.274262283787583
primary,0,101,0.01,3,21,0.009997557473810372,19.77180242538452,22.816804712468926
primary,0,101,0.01,4,28,0.009994504881061753,5.913066118955612,10.42520823623195
primary,0,101,0.01,5,35,0.009990232305719944,2.4164456725120544,3.5457285100763496
primary,0,101,0.01,6,42,0.009984740801978984,0.7163424875055041,3.363259286591501
primary,0,101,0.01,7,49,0.009978031724785246,0.523544613804136,3.3613951711943657
primary,0,101,0.01,8,56,0.00997010672950314,0.4911764775003706,3.356386589281487
primary,0,101,0.01,9,63,0.009960967771506667,0.5346742527825492,3.3533036203095405
primary,0,101,0.01,10,70,0.00995061710569696,0.4746539206909282,3.354651017622514
primary,0,101,0.01,11,77,0.009939057285945933,0.49126807706696646,3.3556157892400567
primary,0,101,0.01,12,84,0.00992629116446613,0.5190133537564959,3.357812361283736
primary,0,101,0.01,13,91,0.00991232189110701,0.559852374451501,3.3572734485973013
primary,0,101,0.01,14,98,0.00989715291257774,0.548244833946228,3.358365607984138
primary,0,101,0.01,15,105,0.0098807879715968,0.4743327482470444,3.3575078790838067
primary,0,101,0.01,16,112,0.0098632311059685,0.49196323113782064,3.357881719415838
primary,0,101,0.01,17,119,0.009844486647586723,0.7053648361137935,3.356487158573035
primary,0,101,0.01,18,126,0.0098245592213661,0.4741282204964331,3.3583681511156485
primary,0,101,0.01,19,133,0.009803453744100868,0.4758088359875338,3.359715548428622
primary,0,101,0.01,20,140,0.009781175423251734,0.4720242539686816,3.3592596343069365
primary,0,101,0.01,21,147,0.009757729755661011,0.505733426128115,3.3587960907907197
primary,0,101,0.01,22,154,0.009733122526196349,0.5895736558096749,3.356665177778764
primary,0,101,0.01,23,161,0.009707359806323416,0.5877584687301091,3.3583598281397964
primary,0,101,0.01,24,168,0.009680447952607845,0.47159567987546325,3.360463691480232
primary,0,101,0.01,25,175,0.009652393605146845,0.48376463247197016,3.361059709028764
primary,0,101,0.01,26,182,0.00962320368593087,0.47632688017828123,3.3598628188624526
primary,0,101,0.01,27,189,0.009592885397135707,0.5288036167621613,3.3593109593246924
primary,0,101,0.01,28,196,0.009561446219345454,0.47109001842493725,3.3606037949070786
primary,0,101,0.01,29,203,0.009528893909706798,0.4868088960647583,3.3614053437204072
primary,0,101,0.01,30,210,0.009495236500015047,0.5253056585788727,3.3632537379409326
primary,0,101,0.01,31,217,0.00946048229473242,0.5665503229413714,3.3700152310458096
primary,0,101,0.01,32,224,0.009424639868939034,0.5878598349434989,3.3767852783203125
primary,0,101,0.01,33,231,0.009387718066217124,0.5522911676338741,3.3726459849964487
primary,0,101,0.01,34,238,0.009349725996469048,0.5221289311136518,3.375636014071378
primary,0,101,0.01,35,245,0.00931067303366952,0.5027972502367837,3.3793869018554688
primary,0,101,0.01,36,252,0.009270568813552756,0.4747809585449951,3.3721084594726562
primary,0,101,0.01,37,259,0.009229423231234974,0.5810903055327279,3.37082255970348
primary,0,101,0.01,38,266,0.009187246438772938,0.5080808741705758,3.375584689053622
primary,0,101,0.01,39,273,0.009144048842659082,0.5212127779211316,3.3796809803355825
primary,1,101,1e-05,1,6,1e-05,0.5847018957138062,3.750326445608428
primary,1,101,1e-05,2,12,9.99938933078422e-06,0.5801045000553131,3.7001657196969697
primary,1,101,1e-05,3,18,9.997557473810373e-06,0.5794903387626013,3.684688683712121
primary,1,101,1e-05,4,24,9.994504881061752e-06,0.56077212591966,3.67674648400509
primary,1,101,1e-05,5,30,9.990232305719944e-06,0.5488125284512838,3.6605240792939155
primary,1,101,1e-05,6,36,9.984740801978984e-06,0.5699509332577387,3.653874715169271
primary,1,101,1e-05,7,42,9.978031724785247e-06,0.5636411110560099,3.6487459124940815
primary,1,101,1e-05,8,48,9.97010672950314e-06,0.5433066884676615,3.648128856312145
primary,1,101,1e-05,9,54,9.960967771506666e-06,0.5588603516419729,3.6444757634943183
primary,1,101,1e-05,10,60,9.950617105696961e-06,0.5496349384387335,3.6417314934008047
primary,1,101,1e-05,11,66,9.939057285945933e-06,0.5557781010866165,3.639122240471117
primary,1,101,1e-05,12,72,9.926291164466131e-06,0.5389924198389053,3.6386418198094224
primary,1,101,1e-05,13,78,9.91232189110701e-06,0.5761365195115408,3.6415056170839253
primary,1,101,1e-05,14,84,9.897152912577742e-06,0.5496581941843033,3.6476047400272256
primary,1,101,1e-05,15,90,9.8807879715968e-06,0.5587107191483179,3.6492404359759707
primary,1,101,1e-05,16,96,9.8632311059685e-06,0.5642549395561218,3.6558965047200522
primary,1,101,1e-05,17,102,9.844486647586724e-06,0.5566798200209936,3.6580500747218276
primary,1,101,1e-05,18,108,9.824559221366101e-06,0.570025568207105,3.6560174190636836
primary,1,101,1e-05,19,114,9.803453744100868e-06,0.5575520495573679,3.6479603160511362
primary,1,101,1e-05,20,120,9.781175423251734e-06,0.546951949596405,3.643417589592211
primary,1,101,1e-05,21,126,9.757729755661012e-06,0.5539174874623617,3.638663552024148
primary,1,101,1e-05,22,132,9.73312252619635e-06,0.5460018614927927,3.6417684844045928
primary,1,101,1e-05,23,138,9.707359806323418e-06,0.5621735056241354,3.645006122011127
primary,1,101,1e-05,24,144,9.680447952607845e-06,0.54989026983579,3.644375887784091
primary,1,101,1e-05,25,150,9.652393605146845e-06,0.5532535215218862,3.6401767152728457
primary,1,101,1e-05,26,156,9.62320368593087e-06,0.5453625420729319,3.6411833329634233
primary,1,101,1e-05,27,162,9.592885397135707e-06,0.5718496640523275,3.6429912682735557
primary,1,101,1e-05,28,168,9.561446219345455e-06,0.5679257164398829,3.6467585708155776
primary,1,101,1e-05,29,174,9.528893909706798e-06,0.5627513180176417,3.648945432720762
primary,1,101,1e-05,30,180,9.495236500015048e-06,0.5430458535750707,3.646494316332268
primary,1,101,1e-05,31,186,9.460482294732422e-06,0.5726721038420995,3.6448759599165483
primary,1,101,1e-05,32,192,9.424639868939035e-06,0.5577404101689657,3.6471210826526987
primary,1,101,1e-05,33,198,9.387718066217125e-06,0.5557533452908198,3.645732764041785
primary,1,101,1e-05,34,204,9.349725996469047e-06,0.5386541659633318,3.6490325927734375
primary,1,101,1e-05,35,210,9.310673033669522e-06,0.5535426686207453,3.6506426262133047
primary,1,101,1e-05,36,216,9.270568813552757e-06,0.565231109658877,3.654053890343868
primary,1,101,1e-05,37,222,9.229423231234975e-06,0.5655507147312164,3.653249567205256
primary,1,101,1e-05,38,228,9.18724643877294e-06,0.5638726850350698,3.654044180205374
primary,1,101,1e-05,39,234,9.144048842659081e-06,0.5495309581359228,3.6490198771158853
primary,1,101,1e-05,40,240,9.099841101253867e-06,0.5605849275986353,3.645210034919508
primary,1,101,1e-05,41,246,9.054634122155991e-06,0.5520748992760977,3.646931503758286
primary,1,101,1e-05,42,252,9.0084390595111e-06,0.5575241992870966,3.6475081010298296
primary,1,101,0.0001,1,6,0.0001,0.5721209347248077,3.60190166126598
primary,1,101,0.0001,2,12,9.99938933078422e-05,0.5913233955701193,3.593224727746212
primary,1,101,0.0001,3,18,9.997557473810373e-05,0.557781328757604,3.745844523111979
primary,1,101,0.0001,4,24,9.994504881061753e-05,0.594444622596105,3.8744793516216856
primary,1,101,0.0001,5,30,9.990232305719945e-05,0.5647576451301575,3.6251874981504497
primary,1,101,0.0001,6,36,9.984740801978984e-05,0.5788321842749914,3.595891316731771
primary,1,101,0.0001,7,42,9.978031724785247e-05,0.5675772676865259,3.646246476606889
primary,1,101,0.0001,8,48,9.97010672950314e-05,0.5702027380466461,3.697036280776515
primary,1,101,0.0001,9,54,9.960967771506667e-05,0.5351628412803014,3.6589054916844224
primary,1,101,0.0001,10,60,9.95061710569696e-05,0.5474728792905807,3.632436347730232
primary,1,101,0.0001,11,66,9.939057285945933e-05,0.5516339093446732,3.62813984264027
primary,1,101,0.0001,12,72,9.926291164466132e-05,0.5357103049755096,3.6383292458274146
primary,1,101,0.0001,13,78,9.91232189110701e-05,0.5398262391487757,3.655069524591619
primary,1,101,0.0001,14,84,9.897152912577741e-05,0.5474547694126765,3.722208196466619
primary,1,101,0.0001,15,90,9.8807879715968e-05,0.5298131306966146,3.7091899062647964
primary,1,101,0.0001,16,96,9.8632311059685e-05,0.5341831296682358,3.731935674493963
primary,1,101,0.0001,17,102,9.844486647586725e-05,0.5641866624355316,3.761486862645005
primary,1,101,0.0001,18,108,9.824559221366101e-05,0.5158401678005854,3.7919242165305396
primary,1,101,0.0001,19,114,9.803453744100869e-05,0.5367362300554911,3.8439136851917612
primary,1,101,0.0001,20,120,9.781175423251735e-05,0.5215576191743215,3.852683096220999
primary,1,101,0.0001,21,126,9.757729755661011e-05,0.5051730324824651,3.8970667521158853
primary,1,101,0.0001,22,132,9.73312252619635e-05,0.47352104882399243,3.8930994669596353
primary,1,101,0.0001,23,138,9.707359806323417e-05,0.5349234888950983,3.9401388457327178
primary,1,101,0.0001,24,144,9.680447952607845e-05,0.49310434361298877,3.9880935206557764
primary,1,101,0.0001,25,150,9.652393605146844e-05,0.4903538127740224,4.044576702695904
primary,1,101,0.0001,26,156,9.623203685930869e-05,0.4604483942190806,4.005766203909209
primary,1,101,0.0001,27,162,9.592885397135707e-05,0.48656949400901794,4.0041062326142285
primary,1,101,0.0001,28,168,9.561446219345454e-05,0.46642812093098956,4.071363506895123
primary,1,101,0.0001,29,174,9.528893909706797e-05,0.45324069758256275,4.017726320208925
primary,1,101,0.0001,30,180,9.495236500015047e-05,0.4680430938800176,4.024342623623935
primary,1,101,0.0001,31,186,9.460482294732421e-05,0.45198990901311237,4.028676582105232
primary,1,101,0.0001,32,192,9.424639868939033e-05,0.448835293451945,4.028474287553267
primary,1,101,0.001,1,6,0.001,0.6690020362536112,3.8701118700432056
primary,1,101,0.001,2,12,0.000999938933078422,0.5713660220305125,3.695247765743371
primary,1,101,0.001,3,18,0.0009997557473810372,0.5839482247829437,3.824562766335227
primary,1,101,0.001,4,24,0.0009994504881061753,0.5634780724843343,4.085184270685369
primary,1,101,0.001,5,30,0.0009990232305719944,0.5749820868174235,3.7399555553089487
primary,1,101,0.001,6,36,0.0009984740801978985,0.5812110056479772,4.118963299375592
primary,1,101,0.001,7,42,0.0009978031724785245,0.5408743619918823,3.9754853682084517
primary,1,101,0.001,8,48,0.000997010672950314,0.5224013477563858,4.598336884469697
primary,1,101,0.001,9,54,0.0009960967771506667,0.4694335808356603,4.009504144841975
primary,1,101,0.001,10,60,0.000995061710569696,0.46636014183362323,4.973726445978338
primary,1,101,0.001,11,66,0.0009939057285945933,0.45984479784965515,3.826589179761482
primary,1,101,0.001,12,72,0.000992629116446613,0.4690299779176712,4.131018205122515
primary,1,101,0.001,13,78,0.000991232189110701,0.4137061188618342,3.738539031057647
primary,1,101,0.001,14,84,0.0009897152912577741,0.44123319784800213,4.157075592965791
primary,1,101,0.001,15,90,0.00098807879715968,0.38601551204919815,3.7943026224772134
primary,1,101,0.001,16,96,0.00098632311059685,0.39611100405454636,4.545165553237453
primary,1,101,0.001,17,102,0.0009844486647586723,0.3262166927258174,4.0272048025420215
primary,1,101,0.001,18,108,0.00098245592213661,0.40482212603092194,4.055629152240175
primary,1,101,0.001,19,114,0.0009803453744100868,0.3373541235923767,4.438280047792377
primary,1,101,0.001,20,120,0.0009781175423251734,0.27830742796262103,3.8491534608783144
primary,1,101,0.001,21,126,0.0009757729755661011,0.2883911555012067,4.266197551380504
primary,1,101,0.001,22,132,0.0009733122526196349,0.2859664435187976,3.751298846620502
primary,1,101,0.001,23,138,0.0009707359806323416,0.2549237832427025,4.522609595096473
primary,1,101,0.001,24,144,0.0009680447952607845,0.2427235891421636,3.6100480050751655
primary,1,101,0.001,25,150,0.0009652393605146844,0.18441212425629297,3.7224649371522847
primary,1,101,0.001,26,156,0.000962320368593087,0.32427218556404114,4.383197437633168
primary,1,101,0.001,27,162,0.0009592885397135706,0.2903396437565486,3.736968994140625
primary,1,101,0.001,28,168,0.0009561446219345453,0.19958106925090155,4.166582165342389
primary,1,101,0.001,29,174,0.0009528893909706797,0.17256677336990833,3.602967002175071
primary,1,101,0.001,30,180,0.0009495236500015047,0.22258927673101425,4.013524488969282
primary,1,101,0.001,31,186,0.0009460482294732421,0.1860397532582283,3.847140225497159
primary,1,101,0.001,32,192,0.0009424639868939033,0.20644440750281015,4.166222312233665
primary,1,101,0.001,33,198,0.0009387718066217125,0.16505802050232887,3.8226702141039297
primary,1,101,0.001,34,204,0.0009349725996469047,0.13419717798630396,4.350028760505445
primary,1,101,0.001,35,210,0.0009310673033669522,0.16563259065151215,3.8781742905125474
primary,1,101,0.001,36,216,0.0009270568813552756,0.1595877247552077,4.08632382479581
primary,1,101,0.001,37,222,0.0009229423231234975,0.1154673732817173,4.1877272634795215
primary,1,101,0.001,38,228,0.0009187246438772938,0.15573406467835108,3.9741229433001894
primary,1,101,0.001,39,234,0.0009144048842659081,0.12269070123632748,4.147672248609139
primary,1,101,0.001,40,240,0.0009099841101253866,0.15741022924582163,4.203977180249764
primary,1,101,0.001,41,246,0.000905463412215599,0.19486822995046774,4.0190675908868965
primary,1,101,0.001,42,252,0.0009008439059511099,0.17067311828335127,4.128537149140329
primary,1,101,0.001,43,258,0.0008961267311259666,0.17622053374846777,3.90866400978782
primary,1,101,0.001,44,264,0.0008913130516324732,0.1759741355975469,4.121696240974195
primary,1,101,0.001,45,270,0.0008864040551740157,0.10114794100324313,4.147138653379498
primary,1,101,0.001,46,276,0.0008814009529720154,0.13653589909275374,3.9488712657581675
primary,1,101,0.001,47,282,0.0008763049794670775,0.09533711522817612,4.313315189245976
primary,1,101,0.001,48,288,0.0008711173920144117,0.12641938403248787,4.062937418619792
primary,1,101,0.001,49,294,0.0008658394705735987,0.1044423095881939,4.022191018769235
primary,1,101,0.001,50,300,0.0008604725173927785,0.11562757814923923,4.33844618363814
primary,1,101,0.001,51,306,0.000855017856687341,0.09562254945437114,4.0593882474032315
primary,1,101,0.001,52,312,0.0008494768343131955,0.08974829378227393,3.965093670469342
primary,1,101,0.001,53,318,0.0008438508174347009,0.08203789715965588,4.03082714658795
primary,1,101,0.001,54,324,0.0008381411941873378,0.09243172282973926,4.465749336011482
primary,1,101,0.001,55,330,0.0008323493733352077,0.09939803928136826,4.0866078463467685
primary,1,101,0.001,56,336,0.000826476783923441,0.06949086611469586,4.022932803992069
primary,1,101,0.001,57,342,0.0008205248749256015,0.07303725307186444,4.372731526692708
primary,1,101,0.001,58,348,0.0008144951148861742,0.07846126953760783,4.022832003506747
primary,1,101,0.001,59,354,0.0008083889915582234,0.07171420007944107,4.159895463423296
primary,1,101,0.01,1,6,0.01,13.005291849374771,59.745177182284266
primary,1,101,0.01,2,12,0.00999938933078422,37.79669189453125,221.71407595547763
primary,1,101,0.01,3,18,0.009997557473810372,34.6620983282725,56.60022296327533
primary,1,101,0.01,4,24,0.009994504881061753,14.674741268157959,26.634001182787348
primary,1,101,0.01,5,30,0.009990232305719944,2.7375427782535553,3.563375762014678
primary,1,101,0.01,6,36,0.009984740801978984,0.8070796678463618,4.045672098795573
primary,1,101,0.01,7,42,0.009978031724785246,1.1741385261217754,3.976898886940696
primary,1,101,0.01,8,48,0.00997010672950314,0.6260371208190918,3.635486024798769
primary,1,101,0.01,9,54,0.009960967771506667,0.5556170245011648,3.6324592359138257
primary,1,101,0.01,10,60,0.00995061710569696,0.5550497422615687,3.640180876760772
primary,1,101,0.01,11,66,0.009939057285945933,0.5544477701187134,3.6437673857717803
primary,1,101,0.01,12,72,0.00992629116446613,1.381778617699941,3.648424090761127
primary,1,101,0.01,13,78,0.00991232189110701,3.5995263159275055,11.149334069454309
primary,1,101,0.01,14,84,0.00989715291257774,1.76523923377196,16.706985011245266
primary,1,101,0.01,15,90,0.0098807879715968,1.342733919620514,3.6628598299893467
primary,1,101,0.01,16,96,0.0098632311059685,0.5574919780095419,3.6775431777491714
primary,1,101,0.01,17,102,0.009844486647586723,0.5548847963412603,3.6718107281309185
primary,1,101,0.01,18,108,0.0098245592213661,0.5545664280653,3.665515321673769
primary,1,101,0.01,19,114,0.009803453744100868,0.55470638970534,3.6598556980942236
primary,1,101,0.01,20,120,0.009781175423251734,0.5541369418303171,3.6565043131510415
primary,1,101,0.01,21,126,0.009757729755661011,0.5544273008902868,3.653283321496212
primary,1,101,0.01,22,132,0.009733122526196349,0.5539949983358383,3.6548112811464253
primary,1,101,0.01,23,138,0.009707359806323416,0.5539814730485281,3.6541849772135415
primary,1,101,0.01,24,144,0.009680447952607845,0.5540461192528406,3.652822783499053
primary,1,101,0.01,25,150,0.009652393605146845,0.5543080667654673,3.6504777850526753
primary,1,101,0.01,26,156,0.00962320368593087,0.5539638300736746,3.653195930249763
primary,1,101,0.01,27,162,0.009592885397135707,0.5539507865905762,3.6536273378314394
primary,1,101,0.01,28,168,0.009561446219345454,0.5540933807690939,3.655878702799479
primary,1,101,0.01,29,174,0.009528893909706798,0.5542306875189146,3.656355193167022
primary,1,101,0.01,30,180,0.009495236500015047,0.5540858854850134,3.6538076689749053
primary,1,101,0.01,31,186,0.00946048229473242,0.5539308687051138,3.6526223384972774
primary,1,101,0.01,32,192,0.009424639868939034,0.5541730920473734,3.6548882686730586
primary,1,101,0.01,33,198,0.009387718066217124,0.5588162193695704,3.6545172026663115
primary,1,101,0.01,34,204,0.009349725996469048,6.939173837502797,17.542840899843156
primary,1,101,0.01,35,210,0.00931067303366952,4.6977232694625854,21.471912384033203
primary,2,101,1e-05,1,7,1e-05,0.5078424156776497,3.6417996883392334
primary,2,101,1e-05,2,14,9.99938933078422e-06,0.5256841097559247,3.62855863571167
primary,2,101,1e-05,3,21,9.997557473810373e-06,0.6400920535836901,3.6357262134552
primary,2,101,1e-05,4,28,9.994504881061752e-06,0.6971157704080854,3.639317274093628
primary,2,101,1e-05,5,35,9.990232305719944e-06,0.6446829693658012,3.6401541233062744
primary,2,101,1e-05,6,42,9.984740801978984e-06,0.5837195260184151,3.641916275024414
primary,2,101,1e-05,7,49,9.978031724785247e-06,0.5395973495074681,3.64337420463562
primary,2,101,1e-05,8,56,9.97010672950314e-06,0.4960211753579123,3.641937017440796
primary,2,101,1e-05,9,63,9.960967771506666e-06,0.6058081303324018,3.6416666507720947
primary,2,101,1e-05,10,70,9.950617105696961e-06,0.5668822526931763,3.6451523303985596
primary,2,101,1e-05,11,77,9.939057285945933e-06,0.5143929613488061,3.645355224609375
primary,2,101,1e-05,12,84,9.926291164466131e-06,0.5331514775753021,3.647559404373169
primary,2,101,1e-05,13,91,9.91232189110701e-06,0.6185657041413444,3.6434853076934814
primary,2,101,1e-05,14,98,9.897152912577742e-06,0.5104409818138395,3.642308235168457
primary,2,101,1e-05,15,105,9.8807879715968e-06,0.5171547957829067,3.6410553455352783
primary,2,101,1e-05,16,112,9.8632311059685e-06,0.5956489443778992,3.6345596313476562
primary,2,101,1e-05,17,119,9.844486647586724e-06,0.5163453625781196,3.629713773727417
primary,2,101,1e-05,18,126,9.824559221366101e-06,0.4943699872653399,3.62825083732605
primary,2,101,1e-05,19,133,9.803453744100868e-06,0.6367245146206447,3.626465320587158
primary,2,101,1e-05,20,140,9.781175423251734e-06,0.4827687820569346,3.6297664642333984
primary,2,101,1e-05,21,147,9.757729755661012e-06,0.4762340184035046,3.6307153701782227
primary,2,101,1e-05,22,154,9.73312252619635e-06,0.49044603162578176,3.6333000659942627
primary,2,101,1e-05,23,161,9.707359806323418e-06,0.5309955988611493,3.6307520866394043
primary,2,101,1e-05,24,168,9.680447952607845e-06,0.49093870339649065,3.6284797191619873
primary,2,101,1e-05,25,175,9.652393605146845e-06,0.618419234241758,3.6266040802001953
primary,2,101,1e-05,26,182,9.62320368593087e-06,0.6256964717592511,3.6268248558044434
primary,2,101,1e-05,27,189,9.592885397135707e-06,0.533647860799517,3.62621808052063
primary,2,101,1e-05,28,196,9.561446219345455e-06,0.5428765543869564,3.6255176067352295
primary,2,101,1e-05,29,203,9.528893909706798e-06,0.4864447702254568,3.6243553161621094
primary,2,101,1e-05,30,210,9.495236500015048e-06,0.5056582625423159,3.6234066486358643
primary,2,101,1e-05,31,217,9.460482294732422e-06,0.48851505879844936,3.6243224143981934
primary,2,101,1e-05,32,224,9.424639868939035e-06,0.5899534395762852,3.625105381011963
primary,2,101,1e-05,33,231,9.387718066217125e-06,0.6334521983351026,3.6274778842926025
primary,2,101,1e-05,34,238,9.349725996469047e-06,0.6309609306710107,3.6302225589752197
primary,2,101,1e-05,35,245,9.310673033669522e-06,0.5783747902938298,3.6299798488616943
primary,2,101,1e-05,36,252,9.270568813552757e-06,0.6280962654522487,3.622783899307251
primary,2,101,1e-05,37,259,9.229423231234975e-06,0.5117569585064692,3.618818521499634
primary,2,101,1e-05,38,266,9.18724643877294e-06,0.6350684762001038,3.6173391342163086
primary,2,101,1e-05,39,273,9.144048842659081e-06,0.6288103631564549,3.6165573596954346
primary,2,101,1e-05,40,280,9.099841101253867e-06,0.6864210707800729,3.615302562713623
primary,2,101,1e-05,41,287,9.054634122155991e-06,0.5889552235603333,3.6163392066955566
primary,2,101,1e-05,42,294,9.0084390595111e-06,0.5488134792872837,3.616035223007202
primary,2,101,1e-05,43,301,8.961267311259668e-06,0.5144120454788208,3.61421799659729
primary,2,101,1e-05,44,308,8.913130516324733e-06,0.5170317803110395,3.6146838665008545
primary,2,101,1e-05,45,315,8.864040551740158e-06,0.5539827772549221,3.6177194118499756
primary,2,101,1e-05,46,322,8.814009529720155e-06,0.4829143889115325,3.6186869144439697
primary,2,101,1e-05,47,329,8.763049794670776e-06,0.48789579811481026,3.619313955307007
primary,2,101,1e-05,48,336,8.711173920144118e-06,0.4956450444047472,3.6182165145874023
primary,2,101,1e-05,49,343,8.658394705735988e-06,0.656074983733041,3.615973949432373
primary,2,101,1e-05,50,350,8.604725173927786e-06,0.5511658361979893,3.6118972301483154
primary,2,101,1e-05,51,357,8.550178566873412e-06,0.5200096539088658,3.6120035648345947
primary,2,101,1e-05,52,364,8.494768343131955e-06,0.5241274322782244,3.610482692718506
primary,2,101,1e-05,53,371,8.43850817434701e-06,0.5145761370658875,3.610633134841919
primary,2,101,1e-05,54,378,8.381411941873379e-06,0.6713363911424365,3.6121482849121094
primary,2,101,1e-05,55,385,8.323493733352078e-06,0.5453694335051945,3.6111855506896973
primary,2,101,1e-05,56,392,8.26476783923441e-06,0.5300654768943787,3.612159252166748
primary,2,101,1e-05,57,399,8.205248749256014e-06,0.6540353468486241,3.612950563430786
primary,2,101,1e-05,58,406,8.144951148861743e-06,0.6207420613084521,3.611837387084961
primary,2,101,1e-05,59,413,8.083889915582235e-06,0.5173085087112018,3.6070590019226074
primary,2,101,1e-05,60,420,8.022080115363127e-06,0.5996269115379879,3.6038525104522705
primary,2,101,1e-05,61,427,7.959536998847744e-06,0.5335406150136676,3.601379156112671
primary,2,101,1e-05,62,434,7.89627599761423e-06,0.5993371137550899,3.6013989448547363
primary,2,101,1e-05,63,441,7.832312720368048e-06,0.5375322869845799,3.598923683166504
primary,2,101,1e-05,64,448,7.767662949090754e-06,0.4983442361865725,3.596247911453247
primary,2,101,1e-05,65,455,7.702342635146033e-06,0.4763977623411587,3.5931808948516846
primary,2,101,1e-05,66,462,7.636367895343947e-06,0.4725369433207171,3.588480234146118
primary,2,101,1e-05,67,469,7.5697550079643376e-06,0.4929296826677663,3.5866854190826416
primary,2,101,1e-05,68,476,7.502520408740418e-06,0.5438228419848851,3.5866270065307617
primary,2,101,1e-05,69,483,7.43468068680349e-06,0.5123126091701644,3.5883405208587646
primary,2,101,1e-05,70,490,7.366252580589839e-06,0.5718219067369189,3.5893194675445557
primary,2,101,1e-05,71,497,7.297252973710756e-06,0.6154847613402775,3.5874111652374268
primary,2,101,1e-05,72,504,7.227698890786779e-06,0.5037276808704648,3.584392547607422
primary,2,101,1e-05,73,511,7.15760749324711e-06,0.5412911772727966,3.5847456455230713
primary,2,101,1e-05,74,518,7.086996075095289e-06,0.48567524765219006,3.588707208633423
primary,2,101,1e-05,75,525,7.015882058642164e-06,0.4821133485862187,3.591305732727051
primary,2,101,1e-05,76,532,6.9442829902071945e-06,0.6746319447244916,3.5903944969177246
primary,2,101,1e-05,77,539,6.8722165357891564e-06,0.51468597139631,3.5917491912841797
primary,2,101,1e-05,78,546,6.799700476707323e-06,0.6185424285275596,3.594067335128784
primary,2,101,1e-05,79,553,6.726752705214193e-06,0.4889907137091671,3.5930845737457275
primary,2,101,1e-05,80,560,6.65339122008084e-06,0.5401012258870261,3.5898079872131348
primary,2,101,1e-05,81,567,6.57963412215599e-06,0.499871480677809,3.5854742527008057
primary,2,101,1e-05,82,574,6.505499609899905e-06,0.49809289404324125,3.5847678184509277
primary,2,101,1e-05,83,581,6.431005974894185e-06,0.5689227197851453,3.581211566925049
primary,2,101,1e-05,84,588,6.356171597328595e-06,0.4963858856686524,3.581385612487793
primary,2,101,1e-05,85,595,6.28101494146603e-06,0.5100039924894061,3.5817694664001465
primary,2,101,1e-05,86,602,6.205554551086732e-06,0.48577066218214376,3.5791573524475098
primary,2,101,1e-05,87,609,6.129809044912887e-06,0.5059581281883376,3.5779805183410645
primary,2,101,1e-05,88,616,6.053797112014738e-06,0.7449607253074646,3.576925039291382
primary,2,101,1e-05,89,623,5.977537507199338e-06,0.5342263196195874,3.5776402950286865
primary,2,101,1e-05,90,630,5.901049046383077e-06,0.49655830434390474,3.577890634536743
primary,2,101,1e-05,91,637,5.824350601949143e-06,0.5207968183926174,3.5792219638824463
primary,2,101,1e-05,92,644,5.7474610980910354e-06,0.49432833236226414,3.58125901222229
primary,2,101,1e-05,93,651,5.6703995061433075e-06,0.6079447013991219,3.582017421722412
primary,2,101,1e-05,94,658,5.5931848399006745e-06,0.5342647475855691,3.5815646648406982
primary,2,101,1e-05,95,665,5.515836150926646e-06,0.5930423779147012,3.5820934772491455
primary,2,101,1e-05,96,672,5.438372523852833e-06,0.5542766792433602,3.581392526626587
primary,2,101,1e-05,97,679,5.360813071670101e-06,0.5638499004500253,3.5813190937042236
primary,2,101,1e-05,98,686,5.283176931012731e-06,0.48605669156781267,3.580427646636963
primary,2,101,1e-05,99,693,5.205483257436735e-06,0.6228970544678825,3.578782081604004
primary,2,101,1e-05,100,700,5.127751220693512e-06,0.4867890998721123,3.5792033672332764
primary,2,101,1e-05,101,707,5.05e-06,0.5084453182561057,3.5796260833740234
primary,2,101,1e-05,102,714,4.972248779306488e-06,0.6187721959182194,3.579836130142212
primary,2,101,1e-05,103,721,4.8945167425632645e-06,0.4881919027871585,3.5786099433898926
primary,2,101,1e-05,104,728,4.816823068987269e-06,0.5884020924568176,3.578153371810913
primary,2,101,1e-05,105,735,4.7391869283298985e-06,0.48934443507875713,3.5754926204681396
primary,2,101,1e-05,106,742,4.661627476147168e-06,0.6067297160625458,3.5722696781158447
primary,2,101,1e-05,107,749,4.584163849073354e-06,0.8467469641140529,3.572113037109375
primary,2,101,1e-05,108,756,4.506815160099326e-06,0.49813947387571844,3.571138620376587
primary,2,101,1e-05,109,763,4.429600493856694e-06,0.5878775247505733,3.5690019130706787
primary,2,101,1e-05,110,770,4.352538901908967e-06,0.612067060811179,3.567431926727295
primary,2,101,1e-05,111,777,4.275649398050858e-06,0.5927400929587228,3.5673742294311523
primary,2,101,1e-05,112,784,4.198950953616922e-06,0.5895114030156817,3.5655505657196045
primary,2,101,1e-05,113,791,4.122462492800663e-06,0.5495871220316205,3.56329345703125
primary,2,101,1e-05,114,798,4.046202887985263e-06,0.4846481904387474,3.5634021759033203
primary,2,101,1e-05,115,805,3.970190955087116e-06,0.62562153169087,3.5622498989105225
primary,2,101,1e-05,116,812,3.894445448913268e-06,0.6395246003355298,3.5611252784729004
primary,2,101,1e-05,117,819,3.818985058533969e-06,0.5485353554998126,3.560494899749756
primary,2,101,1e-05,118,826,3.7438284026714044e-06,0.6752005474908012,3.5615639686584473
primary,2,101,1e-05,119,833,3.6689940251058153e-06,0.7928057440689632,3.561826705932617
primary,2,101,1e-05,120,840,3.594500390100096e-06,0.4905855932406017,3.5606906414031982
primary,2,101,1e-05,121,847,3.5203658778440116e-06,0.48420834967068266,3.5586538314819336
primary,2,101,1e-05,122,854,3.4466087799191603e-06,0.48507169341402395,3.556772232055664
primary,2,101,1e-05,123,861,3.3732472947858077e-06,0.612338547195707,3.5554418563842773
primary,2,101,1e-05,124,868,3.300299523292678e-06,0.5384819848196847,3.556685447692871
primary,2,101,1e-05,125,875,3.227783464210845e-06,0.47625485508303556,3.5557169914245605
primary,2,101,1e-05,126,882,3.155717009792807e-06,0.4859443243060793,3.5558133125305176
primary,2,101,1e-05,127,889,3.0841179413578354e-06,0.5421768256596157,3.554638624191284
primary,2,101,1e-05,128,896,3.0130039249047117e-06,0.5021068283489772,3.553419828414917
primary,2,101,1e-05,129,903,2.9423925067528904e-06,0.6237975231238774,3.552718162536621
primary,2,101,1e-05,130,910,2.87230110921322e-06,0.6442784752164569,3.5511984825134277
primary,2,101,1e-05,131,917,2.8027470262892435e-06,0.5709097853728703,3.550914764404297
primary,2,101,1e-05,132,924,2.7337474194101625e-06,0.5989055250372205,3.552309274673462
primary,2,101,1e-05,133,931,2.6653193131965085e-06,0.6813490390777588,3.5528974533081055
primary,2,101,1e-05,134,938,2.5974795912595824e-06,0.5465291057314191,3.5529284477233887
primary,2,101,1e-05,135,945,2.530244992035662e-06,0.5959951196398053,3.553177833557129
primary,2,101,1e-05,136,952,2.4636321046560533e-06,0.6659766520772662,3.5519986152648926
primary,2,101,1e-05,137,959,2.3976573648539653e-06,0.4855990039317736,3.5522711277008057
primary,2,101,1e-05,138,966,2.332337050909247e-06,0.6019410490989685,3.551579236984253
primary,2,101,1e-05,139,973,2.267687279631953e-06,0.5661226511001587,3.552455186843872
primary,2,101,1e-05,140,980,2.2037240023857708e-06,0.6780684803213392,3.5525684356689453
primary,2,101,1e-05,141,987,2.1404630011522584e-06,0.5093328739915576,3.5525012016296387
primary,2,101,1e-05,142,994,2.0779198846368745e-06,0.5225132703781128,3.5527074337005615
primary,2,101,1e-05,143,1001,2.0161100844177658e-06,0.547522851399013,3.5530965328216553
primary,2,101,1e-05,144,1008,1.9550488511382593e-06,0.4865144171219851,3.5522279739379883
primary,2,101,1e-05,145,1015,1.894751250743986e-06,0.5397866453443255,3.551403045654297
primary,2,101,1e-05,146,1022,1.8352321607655916e-06,0.6480555619512286,3.550555467605591
primary,2,101,1e-05,147,1029,1.7765062666479242e-06,0.47682087442704607,3.5509541034698486
primary,2,101,1e-05,148,1036,1.7185880581266217e-06,0.5656661944729942,3.5507590770721436
primary,2,101,1e-05,149,1043,1.6614918256529908e-06,0.5043590260403497,3.550854444503784
primary,2,101,1e-05,150,1050,1.6052316568680442e-06,0.4953090420791081,3.5509183406829834
primary,2,101,1e-05,151,1057,1.5498214331265902e-06,0.7273707900728498,3.5513782501220703
primary,2,101,1e-05,152,1064,1.495274826072216e-06,0.5213181844779423,3.551398515701294
primary,2,101,1e-05,153,1071,1.441605294264014e-06,0.555069808449064,3.5514168739318848
primary,2,101,1e-05,154,1078,1.3888260798558817e-06,0.5288352753434863,3.551311492919922
primary,2,101,1e-05,155,1085,1.3369502053292252e-06,0.6094711720943451,3.5513434410095215
primary,2,101,1e-05,156,1092,1.285990470279847e-06,0.495399751833507,3.5509064197540283
primary,2,101,1e-05,157,1099,1.2359594482598438e-06,0.7593595215252468,3.5508131980895996
primary,2,101,1e-05,158,1106,1.1868694836752686e-06,0.5278523777212415,3.5509636402130127
primary,2,101,1e-05,159,1113,1.1387326887403326e-06,0.4932464616639273,3.5504705905914307
primary,2,101,1e-05,160,1120,1.0915609404889017e-06,0.6418773744787488,3.5503792762756348
primary,2,101,1e-05,161,1127,1.0453658778440107e-06,0.7397093730313438,3.549492120742798
primary,2,101,1e-05,162,1134,1.0001588987461348e-06,0.49061177564518793,3.5490827560424805
primary,2,101,1e-05,163,1141,9.559511573409195e-07,0.5666618943214417,3.5493202209472656
primary,2,101,1e-05,164,1148,9.127535612270632e-07,0.5158318834645408,3.5492982864379883
primary,2,101,1e-05,165,1155,8.705767687650265e-07,0.5180025824478695,3.5492167472839355
primary,2,101,1e-05,166,1162,8.294311864472448e-07,0.5741134839398521,3.5489935874938965
primary,2,101,1e-05,167,1169,7.893269663304784e-07,0.6406994930335453,3.548377752304077
primary,2,101,1e-05,168,1176,7.50274003530953e-07,0.6117888816765377,3.5477633476257324
primary,2,101,1e-05,169,1183,7.122819337828752e-07,0.4815013539472212,3.5473430156707764
primary,2,101,1e-05,170,1190,6.753601310609673e-07,0.48177157821399824,3.547269105911255
primary,2,101,1e-05,171,1197,6.395177052675794e-07,0.6137371744428363,3.547159194946289
primary,2,101,1e-05,172,1204,6.047634999849531e-07,0.5673090474946159,3.5471627712249756
primary,2,101,1e-05,173,1211,5.711060902932043e-07,0.5115553587675095,3.5472121238708496
primary,2,101,1e-05,174,1218,5.385537806545469e-07,0.7337595990725926,3.547025203704834
primary,2,101,1e-05,175,1225,5.071146028642944e-07,0.4997471102646419,3.547027111053467
primary,2,101,1e-05,176,1232,4.7679631406913176e-07,0.5381043085030147,3.54714298248291
primary,2,101,1e-05,177,1239,4.4760639485315585e-07,0.6386447974613735,3.547217607498169
primary,2,101,1e-05,178,1246,4.195520473921565e-07,0.7867807831083026,3.547276496887207
primary,2,101,1e-05,179,1253,3.92640193676584e-07,0.5558988494532449,3.547405958175659
primary,2,101,1e-05,180,1260,3.668774738036508e-07,0.4727023984970791,3.547477960586548
primary,2,101,1e-05,181,1267,3.4227024433899004e-07,0.4784206396767071,3.5476107597351074
primary,2,101,1e-05,182,1274,3.188245767482659e-07,0.4895975829734068,3.5477426052093506
primary,2,101,1e-05,183,1281,2.9654625589913237e-07,0.6828832839216504,3.547734498977661
primary,2,101,1e-05,184,1288,2.754407786339001e-07,0.4754511418463413,3.5478806495666504
primary,2,101,1e-05,185,1295,2.555133524132767e-07,0.5182233325072697,3.547816276550293
primary,2,101,1e-05,186,1302,2.3676889403150103e-07,0.5523847341537476,3.5477471351623535
primary,2,101,1e-05,187,1309,2.1921202840320077e-07,0.5214641519955227,3.547792911529541
primary,2,101,1e-05,188,1316,2.0284708742225901e-07,0.481081594313894,3.5478384494781494
primary,2,101,1e-05,189,1323,1.8767810889299085e-07,0.6054150334426335,3.547802448272705
primary,2,101,1e-05,190,1330,1.7370883553386935e-07,0.49259752886635916,3.5478198528289795
primary,2,101,1e-05,191,1337,1.609427140540686e-07,0.4691341021763427,3.547790765762329
primary,2,101,1e-05,192,1344,1.493828943030402e-07,0.47510723204218913,3.547691583633423
primary,2,101,1e-05,193,1351,1.3903222849333507e-07,0.57441674385752,3.5476322174072266
primary,2,101,1e-05,194,1358,1.2989327049686101e-07,0.4894403043602194,3.5476348400115967
primary,2,101,1e-05,195,1365,1.2196827521475402e-07,0.5618876899991717,3.547576665878296
primary,2,101,1e-05,196,1372,1.1525919802101659e-07,0.58975892833301,3.5475034713745117
primary,2,101,1e-05,197,1379,1.097676942800558e-07,0.5511333559240613,3.547469139099121
primary,2,101,1e-05,198,1386,1.0549511893824898e-07,0.6951952534062522,3.547440767288208
primary,2,101,1e-05,199,1393,1.0244252618962859e-07,0.5342650966984885,3.5474281311035156
primary,2,101,1e-05,200,1400,1.006106692157801e-07,0.5046338247401374,3.54738450050354
primary,2,101,0.0001,1,7,0.0001,0.5246829635330609,3.660210132598877
primary,2,101,0.0001,2,14,9.99938933078422e-05,0.5599502197333744,3.625246286392212
primary,2,101,0.0001,3,21,9.997557473810373e-05,0.6416156249386924,3.6235270500183105
primary,2,101,0.0001,4,28,9.994504881061753e-05,0.6963610606534141,3.6054983139038086
primary,2,101,0.0001,5,35,9.990232305719945e-05,0.6693936245782035,3.604412317276001
primary,2,101,0.0001,6,42,9.984740801978984e-05,0.5930291286536625,3.614457368850708
primary,2,101,0.0001,7,49,9.978031724785247e-05,0.5220871525151389,3.602602958679199
primary,2,101,0.0001,8,56,9.97010672950314e-05,0.49815248964088304,3.578970193862915
primary,2,101,0.0001,9,63,9.960967771506667e-05,0.5810295683997018,3.5820817947387695
primary,2,101,0.0001,10,70,9.95061710569696e-05,0.5685833692550659,3.622749090194702
primary,2,101,0.0001,11,77,9.939057285945933e-05,0.5383211374282837,3.5801587104797363
primary,2,101,0.0001,12,84,9.926291164466132e-05,0.5237631286893573,3.5505194664001465
primary,2,101,0.0001,13,91,9.91232189110701e-05,0.625678654227938,3.556901216506958
primary,2,101,0.0001,14,98,9.897152912577741e-05,0.546843945980072,3.5211825370788574
primary,2,101,0.0001,15,105,9.8807879715968e-05,0.5455386766365596,3.5311732292175293
primary,2,101,0.0001,16,112,9.8632311059685e-05,0.5504250952175685,3.5033681392669678
primary,2,101,0.0001,17,119,9.844486647586725e-05,0.5283890536853245,3.487255573272705
primary,2,101,0.0001,18,126,9.824559221366101e-05,0.49049889189856394,3.4798312187194824
primary,2,101,0.0001,19,133,9.803453744100869e-05,0.5813496538570949,3.479574203491211
primary,2,101,0.0001,20,140,9.781175423251735e-05,0.47108902343149694,3.4735629558563232
primary,2,101,0.0001,21,147,9.757729755661011e-05,0.4698387570679188,3.454808235168457
primary,2,101,0.0001,22,154,9.73312252619635e-05,0.4594584341560091,3.44560170173645
primary,2,101,0.0001,23,161,9.707359806323417e-05,0.46187868872324805,3.436392307281494
primary,2,101,0.0001,24,168,9.680447952607845e-05,0.45784712785721887,3.4348719120025635
primary,2,101,0.0001,25,175,9.652393605146844e-05,0.5033110635621207,3.4331798553466797
primary,2,101,0.0001,26,182,9.623203685930869e-05,0.649958393403462,3.464027166366577
primary,2,101,0.0001,27,189,9.592885397135707e-05,0.4971234585557665,3.450000524520874
primary,2,101,0.0001,28,196,9.561446219345454e-05,0.48483356833457947,3.445758819580078
primary,2,101,0.0001,29,203,9.528893909706797e-05,0.4673633596726826,3.427626132965088
primary,2,101,0.0001,30,210,9.495236500015047e-05,0.4378549797194345,3.422321319580078
primary,2,101,0.0001,31,217,9.460482294732421e-05,0.45991661080292295,3.407656192779541
primary,2,101,0.0001,32,224,9.424639868939033e-05,0.4418629748480661,3.420255184173584
primary,2,101,0.0001,33,231,9.387718066217124e-05,0.5525915963309151,3.3823955059051514
primary,2,101,0.0001,34,238,9.349725996469047e-05,0.4896918109485081,3.4105546474456787
primary,2,101,0.0001,35,245,9.310673033669521e-05,0.43763830406325205,3.612605571746826
primary,2,101,0.0001,36,252,9.270568813552756e-05,0.4687208320413317,3.2939040660858154
primary,2,101,0.0001,37,259,9.229423231234974e-05,0.38144694617949426,3.2830162048339844
primary,2,101,0.0001,38,266,9.187246438772939e-05,0.4802674225398472,3.26541805267334
primary,2,101,0.0001,39,273,9.14404884265908e-05,0.5024450889655522,3.260948896408081
primary,2,101,0.0001,40,280,9.099841101253866e-05,0.34926584150109974,3.209212303161621
primary,2,101,0.0001,41,287,9.05463412215599e-05,0.46094455676419394,3.1968119144439697
primary,2,101,0.0001,42,294,9.0084390595111e-05,0.32140392490795683,3.3009930849075317
primary,2,101,0.0001,43,301,8.961267311259666e-05,0.33373540320566725,3.1339924335479736
primary,2,101,0.0001,44,308,8.913130516324733e-05,0.39133992769555853,3.1929820775985718
primary,2,101,0.0001,45,315,8.864040551740158e-05,0.39931702400956837,3.337494969367981
primary,2,101,0.0001,46,322,8.814009529720155e-05,0.35202585373606,3.174386501312256
primary,2,101,0.0001,47,329,8.763049794670775e-05,0.34207169924463543,3.164522886276245
primary,2,101,0.0001,48,336,8.711173920144117e-05,0.30187741347721647,3.2638884782791138
primary,2,101,0.0001,49,343,8.658394705735987e-05,0.3453125017029898,3.208207845687866
primary,2,101,0.0001,50,350,8.604725173927785e-05,0.26907730794378687,3.7015291452407837
primary,2,101,0.0001,51,357,8.55017856687341e-05,0.3292783136878695,3.204376459121704
primary,2,101,0.0001,52,364,8.494768343131955e-05,0.4096454850264958,3.202057957649231
primary,2,101,0.0001,53,371,8.438508174347009e-05,0.28368416907531874,3.125215530395508
primary,2,101,0.0001,54,378,8.381411941873378e-05,0.46096321088927134,3.4001548290252686
primary,2,101,0.0001,55,385,8.323493733352077e-05,0.3151632121631077,3.106083631515503
primary,2,101,0.0001,56,392,8.26476783923441e-05,0.28641447850636076,3.1764227151870728
primary,2,101,0.0001,57,399,8.205248749256015e-05,0.27403336656945093,3.180665612220764
primary,2,101,0.0001,58,406,8.144951148861742e-05,0.34681470692157745,3.2006239891052246
primary,2,101,0.0001,59,413,8.083889915582235e-05,0.2800336166151932,3.124428391456604
primary,2,101,0.0001,60,420,8.022080115363127e-05,0.2777101823261806,3.1842793226242065
primary,2,101,0.0001,61,427,7.959536998847744e-05,0.28587386331387926,3.094467043876648
primary,2,101,0.0001,62,434,7.89627599761423e-05,0.2706728215728487,3.2807047367095947
primary,2,101,0.0001,63,441,7.832312720368048e-05,0.3436011416571481,3.1232810020446777
primary,2,101,0.0001,64,448,7.767662949090753e-05,0.28406305824007305,3.532026529312134
primary,2,101,0.0001,65,455,7.702342635146033e-05,0.25542970874188803,3.137732744216919
primary,2,101,0.0001,66,462,7.636367895343946e-05,0.2712843929018293,3.417805552482605
primary,2,101,0.0001,67,469,7.569755007964338e-05,0.23380907541806145,3.249654769897461
primary,2,101,0.0001,68,476,7.502520408740418e-05,0.3482720362288611,3.1133923530578613
primary,2,101,0.0001,69,483,7.43468068680349e-05,0.2923964581319264,3.180610418319702
primary,2,101,0.0001,70,490,7.366252580589839e-05,0.23771503141948155,3.1366132497787476
primary,2,101,0.0001,71,497,7.297252973710757e-05,0.24002947445426667,3.222058892250061
primary,2,101,0.0001,72,504,7.22769889078678e-05,0.24148608105523245,3.0905532836914062
primary,2,101,0.0001,73,511,7.15760749324711e-05,0.2414904559430267,3.1880924701690674
primary,2,101,0.0001,74,518,7.086996075095289e-05,0.2282628853406225,3.1086753606796265
primary,2,101,0.0001,75,525,7.015882058642164e-05,0.282194122672081,3.149421811103821
primary,2,101,0.0001,76,532,6.944282990207195e-05,0.21538624007787024,3.185882806777954
primary,2,101,0.0001,77,539,6.872216535789157e-05,0.2299256431204932,3.152464270591736
primary,2,101,0.0001,78,546,6.799700476707323e-05,0.24848419853619166,3.1377874612808228
primary,2,101,0.0001,79,553,6.726752705214194e-05,0.24781707780701773,3.323068141937256
primary,2,101,0.0001,80,560,6.65339122008084e-05,0.21877953995551383,3.0770649909973145
primary,2,101,0.0001,81,567,6.57963412215599e-05,0.2894617808716638,3.3865567445755005
primary,2,101,0.0001,82,574,6.505499609899905e-05,0.22149029054812022,3.0579452514648438
primary,2,101,0.0001,83,581,6.431005974894185e-05,0.22062841137605055,3.113289475440979
primary,2,101,0.0001,84,588,6.356171597328596e-05,0.32341537943908144,3.1557153463363647
primary,2,101,0.0001,85,595,6.281014941466031e-05,0.23458567474569594,3.1248607635498047
primary,2,101,0.0001,86,602,6.205554551086733e-05,0.20660055854490825,3.132585287094116
primary,2,101,0.0001,87,609,6.129809044912887e-05,0.21237626937883242,3.223522901535034
primary,2,101,0.0001,88,616,6.053797112014738e-05,0.22501783072948456,3.205155849456787
primary,2,101,0.0001,89,623,5.977537507199338e-05,0.20638095268181392,3.3679264783859253
primary,2,101,0.0001,90,630,5.901049046383077e-05,0.26108446930136,3.2487220764160156
primary,2,101,0.0001,91,637,5.8243506019491436e-05,0.21852383017539978,3.2300686836242676
primary,2,101,0.0001,92,644,5.7474610980910354e-05,0.21577682026794978,3.3713637590408325
primary,2,101,0.0001,93,651,5.6703995061433075e-05,0.24788207028593337,3.2363754510879517
primary,2,101,0.0001,94,658,5.5931848399006745e-05,0.20920148199158056,3.2619394063949585
primary,2,101,0.0001,95,665,5.515836150926646e-05,0.2173787589584078,3.3357832431793213
primary,2,101,0.0001,96,672,5.438372523852833e-05,0.18649685539172164,3.2325637340545654
primary,2,101,0.0001,97,679,5.360813071670102e-05,0.18214753509632178,3.516375422477722
primary,2,101,0.0001,98,686,5.283176931012731e-05,0.16939720456970722,3.249462604522705
primary,2,101,0.0001,99,693,5.205483257436735e-05,0.19110071233340672,3.408132314682007
primary,2,101,0.0001,100,700,5.127751220693513e-05,0.2096961566380092,3.3241636753082275
primary,2,101,0.0001,101,707,5.05e-05,0.21342340111732483,3.3090555667877197
primary,2,101,0.0001,102,714,4.972248779306489e-05,0.1865384081112487,3.269057035446167
primary,2,101,0.0001,103,721,4.894516742563265e-05,0.18346008764845984,3.2967960834503174
primary,2,101,0.0001,104,728,4.816823068987269e-05,0.20838446382965362,3.2496498823165894
primary,2,101,0.0001,105,735,4.739186928329899e-05,0.17203393398917147,3.405587673187256
primary,2,101,0.0001,106,742,4.661627476147168e-05,0.20029466173478536,3.1876496076583862
primary,2,101,0.0001,107,749,4.584163849073354e-05,0.25165265585694996,3.273851990699768
primary,2,101,0.0001,108,756,4.5068151600993264e-05,0.17627381569971995,3.2513099908828735
primary,2,101,0.0001,109,763,4.429600493856695e-05,0.2171338221856526,3.2341026067733765
primary,2,101,0.0001,110,770,4.352538901908967e-05,0.16156431944026345,3.365838408470154
primary,2,101,0.0001,111,777,4.275649398050857e-05,0.18961894512176514,3.308978319168091
primary,2,101,0.0001,112,784,4.198950953616922e-05,0.2545774759990828,3.451072931289673
primary,2,101,0.001,1,7,0.001,0.6504459593977246,3.639580249786377
primary,2,101,0.001,2,14,0.000999938933078422,0.5792978618826184,3.617183208465576
primary,2,101,0.001,3,21,0.0009997557473810372,0.5759671330451965,4.211934328079224
primary,2,101,0.001,4,28,0.0009994504881061753,0.662038368838174,3.4892094135284424
primary,2,101,0.001,5,35,0.0009990232305719944,0.6955592036247253,5.050689458847046
primary,2,101,0.001,6,42,0.0009984740801978985,0.7749298725809369,3.7344727516174316
primary,2,101,0.001,7,49,0.0009978031724785245,0.5712831360953194,3.4300336837768555
primary,2,101,0.001,8,56,0.000997010672950314,0.4868707231112889,4.024434804916382
primary,2,101,0.001,9,63,0.0009960967771506667,0.8214556915419442,3.651301383972168
primary,2,101,0.001,10,70,0.000995061710569696,0.5196797251701355,3.4492924213409424
primary,2,101,0.001,11,77,0.0009939057285945933,0.5026853084564209,3.2806177139282227
primary,2,101,0.001,12,84,0.000992629116446613,0.4365656077861786,3.391085624694824
primary,2,101,0.001,13,91,0.000991232189110701,0.3936711294310434,3.310388684272766
primary,2,101,0.001,14,98,0.0009897152912577741,0.4094894996711186,3.0354108810424805
primary,2,101,0.001,15,105,0.00098807879715968,0.3817938395908901,3.1825125217437744
primary,2,101,0.001,16,112,0.00098632311059685,0.40762172426496235,3.2960256338119507
primary,2,101,0.001,17,119,0.0009844486647586723,0.4198974072933197,3.2655800580978394
primary,2,101,0.001,18,126,0.00098245592213661,0.3273043877312115,3.491835832595825
primary,2,101,0.001,19,133,0.0009803453744100868,0.30373274960688185,3.339470148086548
primary,2,101,0.001,20,140,0.0009781175423251734,0.2681888725076403,3.5503411293029785
primary,2,101,0.001,21,147,0.0009757729755661011,0.27387345103280886,3.2621095180511475
primary,2,101,0.001,22,154,0.0009733122526196349,0.3276337193591254,4.170683860778809
primary,2,101,0.001,23,161,0.0009707359806323416,0.308673424114074,3.0051629543304443
primary,2,101,0.001,24,168,0.0009680447952607845,0.45704400539398193,3.1979920864105225
primary,2,101,0.001,25,175,0.0009652393605146844,0.22487593894558294,3.2208337783813477
primary,2,101,0.001,26,182,0.000962320368593087,0.2593858540058136,6.43147885799408
primary,2,101,0.001,27,189,0.0009592885397135706,0.500886752137116,3.9748880863189697
primary,2,101,0.001,28,196,0.0009561446219345453,0.6811799832752773,3.4398257732391357
primary,2,101,0.001,29,203,0.0009528893909706797,0.4043354423982756,3.058070182800293
primary,2,101,0.001,30,210,0.0009495236500015047,0.26426919230393003,4.272266268730164
primary,2,101,0.001,31,217,0.0009460482294732421,0.3272895653332983,3.213034152984619
primary,2,101,0.001,32,224,0.0009424639868939033,0.25404122684683117,3.1332513093948364
primary,2,101,0.001,33,231,0.0009387718066217125,0.18942298447447165,3.187403678894043
primary,2,101,0.001,34,238,0.0009349725996469047,0.21528549918106624,3.0207748413085938
primary,2,101,0.001,35,245,0.0009310673033669522,0.196233226784638,3.6092000007629395
primary,2,101,0.001,36,252,0.0009270568813552756,0.29085620386259897,4.036183595657349
primary,2,101,0.001,37,259,0.0009229423231234975,0.3867130199713366,3.2750658988952637
primary,2,101,0.001,38,266,0.0009187246438772938,0.30002081394195557,2.914581537246704
primary,2,101,0.001,39,273,0.0009144048842659081,0.19465084693261556,3.5009074211120605
primary,2,101,0.001,40,280,0.0009099841101253866,0.2641015648841858,3.4102840423583984
primary,2,101,0.001,41,287,0.000905463412215599,0.26047059680734364,3.093097448348999
primary,2,101,0.001,42,294,0.0009008439059511099,0.1419092289039067,2.9536397457122803
primary,2,101,0.001,43,301,0.0008961267311259666,0.12430584324257714,2.9505066871643066
primary,2,101,0.001,44,308,0.0008913130516324732,0.14620244010750735,3.3379032611846924
primary,2,101,0.001,45,315,0.0008864040551740157,0.12191819798733507,3.0345518589019775
primary,2,101,0.001,46,322,0.0008814009529720154,0.16773627272674016,3.0550999641418457
primary,2,101,0.001,47,329,0.0008763049794670775,0.16131697914430074,3.424948811531067
primary,2,101,0.001,48,336,0.0008711173920144117,0.19449781945773534,3.0040069818496704
primary,2,101,0.001,49,343,0.0008658394705735987,0.16498932242393494,3.304708480834961
primary,2,101,0.001,50,350,0.0008604725173927785,0.18706550662006652,3.3068618774414062
primary,2,101,0.001,51,357,0.000855017856687341,0.2759781948157719,3.773094058036804
primary,2,101,0.001,52,364,0.0008494768343131955,0.16958256917340414,3.33112108707428
primary,2,101,0.001,53,371,0.0008438508174347009,0.14892078084605082,3.057398557662964
primary,2,101,0.001,54,378,0.0008381411941873378,0.2033561680998121,3.5783225297927856
primary,2,101,0.001,55,385,0.0008323493733352077,0.12026158241289002,3.4293251037597656
primary,2,101,0.001,56,392,0.000826476783923441,0.1096240125064339,3.6007773876190186
primary,2,101,0.001,57,399,0.0008205248749256015,0.12055420596152544,3.9382011890411377
primary,2,101,0.001,58,406,0.0008144951148861742,0.15796157824141638,3.3657419681549072
primary,2,101,0.001,59,413,0.0008083889915582234,0.11758001687537346,3.3454748392105103
primary,2,101,0.001,60,420,0.0008022080115363127,0.102430809289217,3.44803786277771
primary,2,101,0.001,61,427,0.0007959536998847743,0.10282274575105735,4.073343396186829
primary,2,101,0.001,62,434,0.0007896275997614229,0.08198736501591546,4.7937171459198
primary,2,101,0.001,63,441,0.0007832312720368048,0.1758218247975622,3.6295406818389893
primary,2,101,0.001,64,448,0.0007767662949090753,0.10872499804411616,4.032064080238342
primary,2,101,0.001,65,455,0.0007702342635146033,0.10446255833708815,3.701138138771057
primary,2,101,0.001,66,462,0.0007636367895343947,0.09452688161815916,3.6017727851867676
primary,2,101,0.001,67,469,0.0007569755007964338,0.11732575558458588,3.6918445825576782
primary,2,101,0.001,68,476,0.0007502520408740418,0.08685347118547984,3.7158026695251465
primary,2,101,0.01,1,7,0.01,36.93034371307918,406.76415157318115
primary,2,101,0.01,2,14,0.00999938933078422,58.648588453020366,164.184250831604
primary,2,101,0.01,3,21,0.009997557473810372,27.079239709036692,149.28530311584473
primary,2,101,0.01,4,28,0.009994504881061753,12.158545187541417,37.00538206100464
primary,2,101,0.01,5,35,0.009990232305719944,2.140874990395137,12.555930852890015
primary,2,101,0.01,6,42,0.009984740801978984,2.0160028153498257,24.609458684921265
primary,2,101,0.01,7,49,0.009978031724785246,3.3071207957608357,15.51997983455658
primary,2,101,0.01,8,56,0.00997010672950314,1.0366800644023897,3.6562819480895996
primary,2,101,0.01,9,63,0.009960967771506667,0.7907751883779254,5.756978273391724
primary,2,101,0.01,10,70,0.00995061710569696,0.6714403459003994,3.6523194313049316
primary,2,101,0.01,11,77,0.009939057285945933,0.5176239716155189,3.6538004875183105
primary,2,101,0.01,12,84,0.00992629116446613,0.5212995963437217,3.65042781829834
primary,2,101,0.01,13,91,0.00991232189110701,0.6461443815912519,3.6518821716308594
primary,2,101,0.01,14,98,0.00989715291257774,3.508386637483324,46.42363524436951
primary,2,101,0.01,15,105,0.0098807879715968,3.379293374401251,9.973171472549438
primary,2,101,0.01,16,112,0.0098632311059685,1.6673421008246285,26.329251170158386
primary,2,101,0.01,17,119,0.009844486647586723,3.5001606387751445,7.341742992401123
primary,2,101,0.01,18,126,0.0098245592213661,1.3423074313572474,3.6563191413879395
primary,2,101,0.01,19,133,0.009803453744100868,1.0526307480675834,8.271807432174683
primary,2,101,0.01,20,140,0.009781175423251734,1.4606777599879675,3.713007688522339
primary,2,101,0.01,21,147,0.009757729755661011,0.6606433210628373,4.5128021240234375
primary,2,101,0.01,22,154,0.009733122526196349,0.615211025944778,3.676607131958008
primary,2,101,0.01,23,161,0.009707359806323416,3.9979705895696367,6.232931137084961
primary,2,101,0.01,24,168,0.009680447952607845,0.5657702945172787,3.6631522178649902
primary,2,101,0.01,25,175,0.009652393605146845,0.5668083471911294,3.656215190887451
primary,2,101,0.01,26,182,0.00962320368593087,0.6290046189512525,3.655210494995117
primary,2,101,0.01,27,189,0.009592885397135707,0.5374167220933097,3.6490883827209473
primary,2,101,0.01,28,196,0.009561446219345454,0.5453059588159833,3.6474661827087402
primary,2,101,0.01,29,203,0.009528893909706798,0.5116735185895648,3.6419601440429688
primary,2,101,0.01,30,210,0.009495236500015047,0.5421599277428218,3.636885643005371
primary,2,101,0.01,31,217,0.00946048229473242,0.5002938838941711,3.6378931999206543
primary,2,101,0.01,32,224,0.009424639868939034,0.6195544983659472,3.6403322219848633
primary,2,101,0.01,33,231,0.009387718066217124,0.6481380888393947,3.645888328552246
primary,2,101,0.01,34,238,0.009349725996469048,0.6614237129688263,3.6525087356567383
primary,2,101,0.01,35,245,0.00931067303366952,0.566953148160662,3.657353401184082
primary,2,101,0.01,36,252,0.009270568813552756,0.6278660850865501,3.6527276039123535
primary,2,101,0.01,37,259,0.009229423231234974,0.5023798921278545,3.6463613510131836
primary,2,101,0.01,38,266,0.009187246438772938,0.6498144822461265,3.6419014930725098
primary,2,101,0.01,39,273,0.009144048842659082,0.6198269980294364,3.6413698196411133
primary,2,101,0.01,40,280,0.009099841101253866,0.6669323359216962,3.638702869415283
primary,2,101,0.01,41,287,0.00905463412215599,0.6032050592558724,3.6396169662475586
primary,2,101,0.01,42,294,0.0090084390595111,0.5388557016849518,3.6365833282470703
primary,2,101,0.01,43,301,0.008961267311259666,0.49396867198603495,3.6314897537231445
primary,2,101,0.01,44,308,0.008913130516324731,0.545470118522644,3.631777286529541
primary,2,101,0.01,45,315,0.008864040551740157,0.5373356342315674,3.6339807510375977
primary,2,101,0.01,46,322,0.008814009529720154,0.4911202953330108,3.631901741027832
primary,2,101,0.01,47,329,0.008763049794670776,0.49059521300452097,3.6308274269104004
primary,2,101,0.01,48,336,0.008711173920144118,0.4881177441898866,3.629882335662842
primary,2,101,0.01,49,343,0.008658394705735987,0.6765088779585702,3.629197597503662
primary,2,101,0.01,50,350,0.008604725173927784,0.5479301171643394,3.6272964477539062
primary,2,101,0.01,51,357,0.00855017856687341,0.5621037014893123,3.6305103302001953
primary,2,101,0.01,52,364,0.008494768343131955,0.5127767771482468,3.6349968910217285
primary,2,101,0.01,53,371,0.00843850817434701,0.5096523463726044,3.639657974243164
primary,2,101,0.01,54,378,0.008381411941873378,0.681903966835567,3.641169548034668
primary,2,101,0.01,55,385,0.008323493733352076,0.5394630687577384,3.6437034606933594
primary,2,101,0.01,56,392,0.008264767839234409,0.5376206168106624,3.6478443145751953
primary,2,101,0.01,57,399,0.008205248749256015,0.6768479262079511,3.6520681381225586
primary,2,101,0.01,58,406,0.008144951148861742,0.6274149928774152,3.6550493240356445
primary,2,101,0.01,59,413,0.008083889915582234,0.5049410611391068,3.6526355743408203
primary,2,101,0.01,60,420,0.008022080115363126,0.6245912909507751,3.648648262023926
primary,2,101,0.01,61,427,0.007959536998847744,0.5087839045694896,3.6444239616394043
primary,2,101,0.01,62,434,0.00789627599761423,0.6209449980940137,3.6433610916137695
primary,2,101,0.01,63,441,0.007832312720368047,0.5559858168874469,3.6393322944641113
primary,2,101,0.01,64,448,0.007767662949090753,0.5219765901565552,3.634860038757324
primary,2,101,0.01,65,455,0.007702342635146034,0.49639579334429335,3.6296653747558594
primary,2,101,0.01,66,462,0.007636367895343947,0.49037983188671724,3.6258187294006348
primary,2,101,0.01,67,469,0.007569755007964339,0.4902209346847875,3.6252498626708984
primary,2,101,0.01,68,476,0.007502520408740419,0.5642701642853873,3.626854419708252
primary,2,101,0.01,69,483,0.007434680686803491,0.49563015145914896,3.629671096801758
primary,2,101,0.01,70,490,0.0073662525805898394,0.5473339429923466,3.6310439109802246
primary,2,101,0.01,71,497,0.007297252973710758,0.6323284591947284,3.6322402954101562
primary,2,101,0.01,72,504,0.00722769889078678,0.5078508641038623,3.6295604705810547
primary,2,101,0.01,73,511,0.0071576074932471105,0.549902720110757,3.625086784362793
primary,2,101,0.01,74,518,0.00708699607509529,0.48842155109741725,3.6300082206726074
primary,2,101,0.01,75,525,0.007015882058642164,0.48790243667982786,3.632178783416748
primary,2,101,0.01,76,532,0.006944282990207195,0.6855521116937909,3.6335511207580566
primary,2,101,0.01,77,539,0.006872216535789157,0.5424072785036904,3.637655735015869
primary,2,101,0.01,78,546,0.006799700476707324,0.6035602390766144,3.6411795616149902
primary,2,101,0.01,79,553,0.006726752705214194,0.5104332438537053,3.640293598175049
primary,2,101,0.01,80,560,0.0066533912200808405,0.5550711325236729,3.6374258995056152
primary,2,101,0.01,81,567,0.006579634122155991,0.4932288687144007,3.63419771194458
primary,2,101,0.01,82,574,0.006505499609899906,0.4974590092897415,3.633650302886963
primary,2,101,0.01,83,581,0.006431005974894186,0.5922940330845969,3.6322827339172363
primary,2,101,0.01,84,588,0.006356171597328596,0.4908314727778946,3.633854389190674
primary,2,101,0.01,85,595,0.0062810149414660316,0.5080010976110186,3.6342101097106934
primary,2,101,0.01,86,602,0.006205554551086733,0.4972730726003647,3.632505416870117
primary,2,101,0.01,87,609,0.006129809044912888,0.4967859334179333,3.6309547424316406
primary,2,101,0.01,88,616,0.006053797112014738,0.7500242590904236,3.6298656463623047
primary,2,101,0.01,89,623,0.005977537507199339,0.5518989648137774,3.631211280822754
primary,2,101,0.01,90,630,0.005901049046383077,0.5027125307491848,3.630460739135742
primary,2,101,0.01,91,637,0.005824350601949144,0.5297202212469918,3.6317968368530273
primary,2,101,0.01,92,644,0.005747461098091036,0.4881290682658021,3.6345677375793457
primary,2,101,0.01,93,651,0.005670399506143308,0.6166407636233738,3.6355810165405273
primary,2,101,0.01,94,658,0.005593184839900675,0.5440346343176705,3.634392738342285
primary,2,101,0.01,95,665,0.005515836150926647,0.5901986701147897,3.6358695030212402
primary,2,101,0.01,96,672,0.005438372523852834,0.5416971657957349,3.6387362480163574
primary,2,101,0.01,97,679,0.005360813071670102,0.6032070560114724,3.6425251960754395
primary,2,101,0.01,98,686,0.005283176931012732,0.4928519342626844,3.6449756622314453
primary,2,101,0.01,99,693,0.0052054832574367355,0.6013187893799373,3.6455678939819336
primary,2,101,0.01,100,700,0.005127751220693514,0.4885135363853936,3.6472363471984863
primary,2,101,0.01,101,707,0.005050000000000001,0.49792410539729254,3.6477413177490234
primary,2,101,0.01,102,714,0.004972248779306489,0.6233195151601519,3.64799165725708
primary,2,101,0.01,103,721,0.004894516742563266,0.5084832331963948,3.6467623710632324
primary,3,101,1e-05,1,7,1e-05,0.5661116966179439,3.211691379547119
primary,3,101,1e-05,2,14,9.99938933078422e-06,0.6133168510028294,3.2024030685424805
primary,3,101,1e-05,3,21,9.997557473810373e-06,0.6304462041173663,3.2139358520507812
primary,3,101,1e-05,4,28,9.994504881061752e-06,0.7011238166264125,3.223612070083618
primary,3,101,1e-05,5,35,9.990232305719944e-06,0.636422084910529,3.2365589141845703
primary,3,101,1e-05,6,42,9.984740801978984e-06,0.5673868996756417,3.243724822998047
primary,3,101,1e-05,7,49,9.978031724785247e-06,0.5820479052407401,3.2510018348693848
primary,3,101,1e-05,8,56,9.97010672950314e-06,0.6959071116788047,3.248499870300293
primary,3,101,1e-05,9,63,9.960967771506666e-06,0.5613564934049334,3.2548115253448486
primary,3,101,1e-05,10,70,9.950617105696961e-06,0.6295876247542245,3.2558512687683105
primary,3,101,1e-05,11,77,9.939057285945933e-06,0.7650991720812661,3.2489025592803955
primary,3,101,1e-05,12,84,9.926291164466131e-06,0.5286233297416142,3.241910696029663
primary,3,101,1e-05,13,91,9.91232189110701e-06,0.5898608565330505,3.2391207218170166
primary,3,101,1e-05,14,98,9.897152912577742e-06,0.6090619989803859,3.243823528289795
primary,3,101,1e-05,15,105,9.8807879715968e-06,0.5056985254798617,3.251088857650757
primary,3,101,1e-05,16,112,9.8632311059685e-06,0.6879043749400547,3.2533555030822754
primary,3,101,1e-05,17,119,9.844486647586724e-06,0.5881301462650299,3.247490406036377
primary,3,101,1e-05,18,126,9.824559221366101e-06,0.5329039905752454,3.246450901031494
primary,3,101,1e-05,19,133,9.803453744100868e-06,0.6565662111554827,3.2432925701141357
primary,3,101,1e-05,20,140,9.781175423251734e-06,0.5971247809273856,3.238377809524536
primary,3,101,1e-05,21,147,9.757729755661012e-06,0.5457701342446464,3.2359063625335693
primary,3,101,1e-05,22,154,9.73312252619635e-06,0.5689829673085894,3.242767095565796
primary,3,101,1e-05,23,161,9.707359806323418e-06,0.6223935484886169,3.2506139278411865
primary,3,101,1e-05,24,168,9.680447952607845e-06,0.589983310018267,3.2454984188079834
primary,3,101,1e-05,25,175,9.652393605146845e-06,0.659300548689706,3.233948230743408
primary,3,101,1e-05,26,182,9.62320368593087e-06,0.5219926621232714,3.229259490966797
primary,3,101,1e-05,27,189,9.592885397135707e-06,0.5342042020389012,3.2196435928344727
primary,3,101,1e-05,28,196,9.561446219345455e-06,0.5274278596043587,3.2168691158294678
primary,3,101,1e-05,29,203,9.528893909706798e-06,0.6019847435610635,3.219966173171997
primary,3,101,1e-05,30,210,9.495236500015048e-06,0.515982666185924,3.2247939109802246
primary,3,101,1e-05,31,217,9.460482294732422e-06,0.5771142627511706,3.2308454513549805
primary,3,101,1e-05,32,224,9.424639868939035e-06,0.5123687834878053,3.2347207069396973
primary,3,101,0.0001,1,7,0.0001,0.5677403892789569,3.503636598587036
primary,3,101,0.0001,2,14,9.99938933078422e-05,0.6065380147525242,3.266209602355957
primary,3,101,0.0001,3,21,9.997557473810373e-05,0.5596245058945247,3.273150682449341
primary,3,101,0.0001,4,28,9.994504881061753e-05,0.6955694300787789,3.2151083946228027
primary,3,101,0.0001,5,35,9.990232305719945e-05,0.6162490376404354,3.2599217891693115
primary,3,101,0.0001,6,42,9.984740801978984e-05,0.5512546258313316,3.2300665378570557
primary,3,101,0.0001,7,49,9.978031724785247e-05,0.6053507157734462,3.209599256515503
primary,3,101,0.0001,8,56,9.97010672950314e-05,0.7228067091533116,3.187673807144165
primary,3,101,0.0001,9,63,9.960967771506667e-05,0.5298601346356528,3.263563394546509
primary,3,101,0.0001,10,70,9.95061710569696e-05,0.6323701185839516,3.2514359951019287
primary,3,101,0.0001,11,77,9.939057285945933e-05,0.7354394240038735,3.1664445400238037
primary,3,101,0.0001,12,84,9.926291164466132e-05,0.5391917867319924,3.1686935424804688
primary,3,101,0.0001,13,91,9.91232189110701e-05,0.5931142824036735,3.241957426071167
primary,3,101,0.0001,14,98,9.897152912577741e-05,0.6112137479441506,3.2597808837890625
primary,3,101,0.0001,15,105,9.8807879715968e-05,0.5111164450645447,3.2553045749664307
primary,3,101,0.0001,16,112,9.8632311059685e-05,0.6689721601349967,3.182882785797119
primary,3,101,0.0001,17,119,9.844486647586725e-05,0.6035410463809967,3.1255736351013184
primary,3,101,0.0001,18,126,9.824559221366101e-05,0.4963240213692188,3.164963960647583
primary,3,101,0.0001,19,133,9.803453744100869e-05,0.643987604549953,3.149296283721924
primary,3,101,0.0001,20,140,9.781175423251735e-05,0.5908803599221366,3.1162965297698975
primary,3,101,0.0001,21,147,9.757729755661011e-05,0.550261493240084,3.144493341445923
primary,3,101,0.0001,22,154,9.73312252619635e-05,0.5490555337497166,3.3712995052337646
primary,3,101,0.0001,23,161,9.707359806323417e-05,0.6466234283787864,3.2521438598632812
primary,3,101,0.0001,24,168,9.680447952607845e-05,0.5802068795476641,3.0478711128234863
primary,3,101,0.0001,25,175,9.652393605146844e-05,0.5692737485681262,3.0362560749053955
primary,3,101,0.0001,26,182,9.623203685930869e-05,0.5327407845429012,3.0720951557159424
primary,3,101,0.0001,27,189,9.592885397135707e-05,0.5003187975713185,2.985783100128174
primary,3,101,0.0001,28,196,9.561446219345454e-05,0.49880958029202055,2.977897882461548
primary,3,101,0.0001,29,203,9.528893909706797e-05,0.551774902003152,3.112980842590332
primary,3,101,0.0001,30,210,9.495236500015047e-05,0.524370585169111,2.9587926864624023
primary,3,101,0.0001,31,217,9.460482294732421e-05,0.5270971953868866,2.9079298973083496
primary,3,101,0.0001,32,224,9.424639868939033e-05,0.4541510742689882,2.9155619144439697
primary,3,101,0.0001,33,231,9.387718066217124e-05,0.4550693216068404,2.955291748046875
primary,3,101,0.0001,34,238,9.349725996469047e-05,0.5255690174443381,2.7392852306365967
primary,3,101,0.0001,35,245,9.310673033669521e-05,0.5515194620404925,3.0245466232299805
primary,3,101,0.0001,36,252,9.270568813552756e-05,0.5970439783164433,2.6026499271392822
primary,3,101,0.0001,37,259,9.229423231234974e-05,0.4845708651202066,2.631147623062134
primary,3,101,0.0001,38,266,9.187246438772939e-05,0.4668539379324232,2.456822156906128
primary,3,101,0.0001,39,273,9.14404884265908e-05,0.39383846521377563,2.6945672035217285
primary,3,101,0.0001,40,280,9.099841101253866e-05,0.43264571683747427,2.647435426712036
primary,3,101,0.0001,41,287,9.05463412215599e-05,0.5157931617328099,2.2156875133514404
primary,3,101,0.0001,42,294,9.0084390595111e-05,0.49713561151708874,2.155097723007202
primary,3,101,0.0001,43,301,8.961267311259666e-05,0.4282244529042925,2.2309809923171997
primary,3,101,0.0001,44,308,8.913130516324733e-05,0.3543513757841928,2.1119117736816406
primary,3,101,0.0001,45,315,8.864040551740158e-05,0.33578389457293917,2.5974048376083374
primary,3,101,0.0001,46,322,8.814009529720155e-05,0.3089548024748053,2.398777723312378
primary,3,101,0.0001,47,329,8.763049794670775e-05,0.34524226827280863,2.571452260017395
primary,3,101,0.0001,48,336,8.711173920144117e-05,0.30062186026147436,2.339378833770752
primary,3,101,0.0001,49,343,8.658394705735987e-05,0.403913785304342,2.9331958293914795
primary,3,101,0.0001,50,350,8.604725173927785e-05,0.37064436078071594,2.367203712463379
primary,3,101,0.0001,51,357,8.55017856687341e-05,0.42251089215278625,2.6281931400299072
primary,3,101,0.0001,52,364,8.494768343131955e-05,0.33292482580457416,2.355557680130005
primary,3,101,0.0001,53,371,8.438508174347009e-05,0.2792187679026808,2.3645451068878174
primary,3,101,0.0001,54,378,8.381411941873378e-05,0.38893256868634907,2.7273528575897217
primary,3,101,0.0001,55,385,8.323493733352077e-05,0.27007279944206986,2.5009970664978027
primary,3,101,0.0001,56,392,8.26476783923441e-05,0.2856281761612211,2.649695873260498
primary,3,101,0.0001,57,399,8.205248749256015e-05,0.297851745571409,2.3920865058898926
primary,3,101,0.0001,58,406,8.144951148861742e-05,0.29956593045166563,2.594201683998108
primary,3,101,0.0001,59,413,8.083889915582235e-05,0.27860150911978315,2.4143941402435303
primary,3,101,0.0001,60,420,8.022080115363127e-05,0.329997895019395,2.429789900779724
primary,3,101,0.0001,61,427,7.959536998847744e-05,0.3790788437638964,2.9306310415267944
primary,3,101,0.0001,62,434,7.89627599761423e-05,0.307286622268813,2.8327670097351074
primary,3,101,0.0001,63,441,7.832312720368048e-05,0.304945422070367,2.3879847526550293
primary,3,101,0.0001,64,448,7.767662949090753e-05,0.252622338277953,2.520355463027954
primary,3,101,0.0001,65,455,7.702342635146033e-05,0.25620127682174954,2.479617476463318
primary,3,101,0.0001,66,462,7.636367895343946e-05,0.22819955434117997,2.6322927474975586
primary,3,101,0.0001,67,469,7.569755007964338e-05,0.3471598135573523,2.665512442588806
primary,3,101,0.0001,68,476,7.502520408740418e-05,0.24592748071466172,2.8225929737091064
primary,3,101,0.0001,69,483,7.43468068680349e-05,0.28818690351077486,2.406051993370056
primary,3,101,0.0001,70,490,7.366252580589839e-05,0.2573156803846359,2.5339972972869873
primary,3,101,0.0001,71,497,7.297252973710757e-05,0.22129096037575177,2.5491217374801636
primary,3,101,0.0001,72,504,7.22769889078678e-05,0.19975387624331883,2.3862621784210205
primary,3,101,0.0001,73,511,7.15760749324711e-05,0.23096152980412757,2.4397332668304443
primary,3,101,0.0001,74,518,7.086996075095289e-05,0.23753141505377634,2.459282159805298
primary,3,101,0.001,1,7,0.001,0.6231868990830013,3.211334705352783
primary,3,101,0.001,2,14,0.000999938933078422,0.6250466321195874,3.8048489093780518
primary,3,101,0.001,3,21,0.0009997557473810372,0.6558487500463214,4.329815149307251
primary,3,101,0.001,4,28,0.0009994504881061753,0.7187505406992776,3.6475701332092285
primary,3,101,0.001,5,35,0.0009990232305719944,0.6346262225082943,3.6554009914398193
primary,3,101,0.001,6,42,0.0009984740801978985,0.5818627263818469,2.963895797729492
primary,3,101,0.001,7,49,0.0009978031724785245,0.5506175926753453,3.422292709350586
primary,3,101,0.001,8,56,0.000997010672950314,0.6376880066735404,4.923255205154419
primary,3,101,0.001,9,63,0.0009960967771506667,0.730208375624248,2.8003857135772705
primary,3,101,0.001,10,70,0.000995061710569696,0.49654562558446613,3.0024853944778442
primary,3,101,0.001,11,77,0.0009939057285945933,0.6879162107195173,3.1136176586151123
primary,3,101,0.001,12,84,0.000992629116446613,0.45735647848674227,3.668466091156006
primary,3,101,0.001,13,91,0.000991232189110701,0.4435275026730129,2.827007293701172
primary,3,101,0.001,14,98,0.0009897152912577741,0.5031288734504155,2.5856683254241943
primary,3,101,0.001,15,105,0.00098807879715968,0.43708088994026184,2.2452340126037598
primary,3,101,0.001,16,112,0.00098632311059685,0.5135994127818516,4.932923197746277
primary,3,101,0.001,17,119,0.0009844486647586723,0.9374100565910339,3.1794872283935547
primary,3,101,0.001,18,126,0.00098245592213661,0.5089029903922763,3.290299654006958
primary,3,101,0.001,19,133,0.0009803453744100868,0.4651830494403839,3.201730966567993
primary,3,101,0.001,20,140,0.0009781175423251734,0.33832669470991406,3.550450086593628
primary,3,101,0.001,21,147,0.0009757729755661011,0.43423729283469065,2.705019950866699
primary,3,101,0.001,22,154,0.0009733122526196349,0.3625152643237795,3.73694109916687
primary,3,101,0.001,23,161,0.0009707359806323416,0.36749804871422903,2.2974014282226562
primary,3,101,0.001,24,168,0.0009680447952607845,0.2898696171385901,4.218566656112671
primary,3,101,0.001,25,175,0.0009652393605146844,0.3246876469680241,2.392042398452759
primary,3,101,0.001,26,182,0.000962320368593087,0.29188308013337,2.656845808029175
primary,3,101,0.001,27,189,0.0009592885397135706,0.3294966220855713,3.9875564575195312
primary,3,101,0.001,28,196,0.0009561446219345453,0.27316970378160477,3.1100337505340576
primary,3,101,0.001,29,203,0.0009528893909706797,0.18567176801817759,2.940635085105896
primary,3,101,0.001,30,210,0.0009495236500015047,0.23202521460396902,2.6627626419067383
primary,3,101,0.001,31,217,0.0009460482294732421,0.29605008023125784,3.4381566047668457
primary,3,101,0.001,32,224,0.0009424639868939033,0.190782225557736,3.111368179321289
primary,3,101,0.001,33,231,0.0009387718066217125,0.15697982907295227,2.9631301164627075
primary,3,101,0.001,34,238,0.0009349725996469047,0.15594354697636195,2.7667646408081055
primary,3,101,0.001,35,245,0.0009310673033669522,0.22425485934529985,3.8978378772735596
primary,3,101,0.001,36,252,0.0009270568813552756,0.2252397494656699,3.731818199157715
primary,3,101,0.001,37,259,0.0009229423231234975,0.2171791536467416,3.687312364578247
primary,3,101,0.001,38,266,0.0009187246438772938,0.15172381725694453,2.6378732919692993
primary,3,101,0.001,39,273,0.0009144048842659081,0.14497153673853194,2.794279932975769
primary,3,101,0.001,40,280,0.0009099841101253866,0.1620806966509138,3.99398136138916
primary,3,101,0.001,41,287,0.000905463412215599,0.16416584301207746,2.995477080345154
primary,3,101,0.001,42,294,0.0009008439059511099,0.13241766872150557,3.503589630126953
primary,3,101,0.001,43,301,0.0008961267311259666,0.24912677066666739,3.0885090827941895
primary,3,101,0.001,44,308,0.0008913130516324732,0.09637841475861413,2.4547297954559326
primary,3,101,0.001,45,315,0.0008864040551740157,0.12708460539579391,2.875534415245056
primary,3,101,0.01,1,7,0.01,14.825357105050768,139.54786920547485
primary,3,101,0.01,2,14,0.00999938933078422,35.91595082623618,76.62521314620972
primary,3,101,0.01,3,21,0.009997557473810372,9.40129051889692,22.79647707939148
primary,3,101,0.01,4,28,0.009994504881061753,2.8309073618480136,59.93278741836548
primary,3,101,0.01,5,35,0.009990232305719944,5.459702321461269,3.2354345321655273
primary,3,101,0.01,6,42,0.009984740801978984,0.9995649414403098,3.24960994720459
primary,3,101,0.01,7,49,0.009978031724785246,0.6427176339285714,3.265101432800293
primary,3,101,0.01,8,56,0.00997010672950314,0.6906612983771733,3.262221336364746
primary,3,101,0.01,9,63,0.009960967771506667,0.5427875774247306,3.274813652038574
primary,3,101,0.01,10,70,0.00995061710569696,0.6224789193698338,3.283633232116699
primary,3,101,0.01,11,77,0.009939057285945933,0.7742103465965816,3.2724390029907227
primary,3,101,0.01,12,84,0.00992629116446613,0.5271095037460327,3.256686210632324
primary,3,101,0.01,13,91,0.00991232189110701,0.5785679221153259,3.2435121536254883
primary,3,101,0.01,14,98,0.00989715291257774,0.611417259488787,3.2366256713867188
primary,3,101,0.01,15,105,0.0098807879715968,0.504460446536541,3.2384824752807617
primary,3,101,0.01,16,112,0.0098632311059685,0.6927552223205566,3.23684024810791
primary,3,101,0.01,17,119,0.009844486647586723,0.592909357377461,3.23148250579834
primary,3,101,0.01,18,126,0.0098245592213661,0.5040380811052663,3.2307662963867188
primary,3,101,0.01,19,133,0.009803453744100868,0.6455351838043758,3.2291512489318848
primary,3,101,0.01,20,140,0.009781175423251734,0.5754682081086295,3.2260589599609375
primary,3,101,0.01,21,147,0.009757729755661011,0.5475185258047921,3.226925849914551
primary,3,101,0.01,22,154,0.009733122526196349,0.5732436691011701,3.2330641746520996
primary,3,101,0.01,23,161,0.009707359806323416,0.6148554767881121,3.2417917251586914
primary,3,101,0.01,24,168,0.009680447952607845,0.6230563606534686,3.2416486740112305
primary,3,101,0.01,25,175,0.009652393605146845,0.6213655812399728,3.233419418334961
primary,3,101,0.01,26,182,0.00962320368593087,0.5254735989230019,3.229703426361084
primary,3,101,0.01,27,189,0.009592885397135707,0.5014959408768586,3.225888729095459
primary,3,101,0.01,28,196,0.009561446219345454,0.5031011195055076,3.223320484161377
primary,3,101,0.01,29,203,0.009528893909706798,0.5790026273046222,3.225118637084961
primary,3,101,0.01,30,210,0.009495236500015047,0.5385344283921378,3.2268357276916504
primary,3,101,0.01,31,217,0.00946048229473242,0.5755133713994708,3.228987216949463
primary,3,101,0.01,32,224,0.009424639868939034,0.4986368026584387,3.2299842834472656
primary,3,101,0.01,33,231,0.009387718066217124,0.4981116000562906,3.232600212097168
primary,3,101,0.01,34,238,0.009349725996469048,0.5588359407016209,3.2333688735961914
primary,3,101,0.01,35,245,0.00931067303366952,0.6277120581695012,3.2379093170166016
primary,3,101,0.01,36,252,0.009270568813552756,0.6701183574540275,3.2447853088378906
primary,3,101,0.01,37,259,0.009229423231234974,0.5867417667593274,3.2499380111694336
primary,3,101,0.01,38,266,0.009187246438772938,0.5552965317453656,3.2509899139404297
primary,3,101,0.01,39,273,0.009144048842659082,0.5233288407325745,3.243680953979492
primary,3,101,0.01,40,280,0.009099841101253866,0.5502131964479174,3.244192123413086
primary,3,101,0.01,41,287,0.00905463412215599,0.6325064727238247,3.2459726333618164
primary,3,101,0.01,42,294,0.0090084390595111,0.6164472230843135,3.236334800720215
primary,3,101,0.01,43,301,0.008961267311259666,0.5577664758477893,3.230287551879883
primary,3,101,0.01,44,308,0.008913130516324731,0.5016659354524953,3.225815773010254
primary,3,101,0.01,45,315,0.008864040551740157,0.6639277935028076,3.2236828804016113
primary,3,101,0.01,46,322,0.008814009529720154,0.539092310837337,3.2234387397766113
primary,3,101,0.01,47,329,0.008763049794670776,0.5277119406632015,3.224959373474121
primary,3,101,0.01,48,336,0.008711173920144118,0.5524547483239856,3.2235569953918457
primary,3,101,0.01,49,343,0.008658394705735987,0.6179332264832088,3.227860450744629
primary,3,101,0.01,50,350,0.008604725173927784,0.5385777396815163,3.233633518218994
primary,3,101,0.01,51,357,0.00855017856687341,0.5681529130254473,3.24283504486084
primary,3,101,0.01,52,364,0.008494768343131955,0.6209448235375541,3.249753952026367
primary,3,101,0.01,53,371,0.00843850817434701,0.4973092627977686,3.251267433166504
primary,3,101,0.01,54,378,0.008381411941873378,0.5979516761643546,3.2514753341674805
primary,3,101,0.01,55,385,0.008323493733352076,0.5007291244609016,3.245859146118164
primary,3,101,0.01,56,392,0.008264767839234409,0.5873363784381321,3.2401838302612305
primary,3,101,0.01,57,399,0.008205248749256015,0.634754057441439,3.233060359954834
primary,3,101,0.01,58,406,0.008144951148861742,0.5233824210507529,3.2308897972106934
primary,4,101,1e-05,1,7,1e-05,0.6124671953065055,3.3624589443206787
primary,4,101,1e-05,2,14,9.99938933078422e-06,0.530301319701331,3.346345901489258
primary,4,101,1e-05,3,21,9.997557473810373e-06,0.548095166683197,3.35654354095459
primary,4,101,1e-05,4,28,9.994504881061752e-06,0.5854172493730273,3.3649230003356934
primary,4,101,1e-05,5,35,9.990232305719944e-06,0.5234263113566807,3.371279239654541
primary,4,101,1e-05,6,42,9.984740801978984e-06,0.5136874488421849,3.375288724899292
primary,4,101,1e-05,7,49,9.978031724785247e-06,0.49792287179401945,3.391535520553589
primary,4,101,1e-05,8,56,9.97010672950314e-06,0.5657367365700858,3.4041175842285156
primary,4,101,1e-05,9,63,9.960967771506666e-06,0.6461823752948216,3.4163241386413574
primary,4,101,1e-05,10,70,9.950617105696961e-06,0.4972493712391172,3.408569574356079
primary,4,101,1e-05,11,77,9.939057285945933e-06,0.5087042195456368,3.4046037197113037
primary,4,101,1e-05,12,84,9.926291164466131e-06,0.6372981922967094,3.3932721614837646
primary,4,101,1e-05,13,91,9.91232189110701e-06,0.5854681368385043,3.3854546546936035
primary,4,101,1e-05,14,98,9.897152912577742e-06,0.4958089164325169,3.382159948348999
primary,4,101,1e-05,15,105,9.8807879715968e-06,0.5261775808674949,3.3879692554473877
primary,4,101,1e-05,16,112,9.8632311059685e-06,0.5135729121310371,3.3799285888671875
primary,4,101,1e-05,17,119,9.844486647586724e-06,0.49183061931814465,3.3783183097839355
primary,4,101,1e-05,18,126,9.824559221366101e-06,0.5049383980887276,3.374133586883545
primary,4,101,1e-05,19,133,9.803453744100868e-06,0.5191823393106461,3.3837342262268066
primary,4,101,1e-05,20,140,9.781175423251734e-06,0.49556020221539904,3.385293483734131
primary,4,101,1e-05,21,147,9.757729755661012e-06,0.6326390164239066,3.376236915588379
primary,4,101,1e-05,22,154,9.73312252619635e-06,0.5754700217928205,3.373361110687256
primary,4,101,1e-05,23,161,9.707359806323418e-06,0.6074191544737134,3.377941846847534
primary,4,101,1e-05,24,168,9.680447952607845e-06,0.5427025556564331,3.385024070739746
primary,4,101,1e-05,25,175,9.652393605146845e-06,0.5035099365881511,3.387847423553467
primary,4,101,1e-05,26,182,9.62320368593087e-06,0.6136404488767896,3.3980824947357178
primary,4,101,1e-05,27,189,9.592885397135707e-06,0.5927498085158212,3.3930513858795166
primary,4,101,1e-05,28,196,9.561446219345455e-06,0.5419420599937439,3.39497971534729
primary,4,101,1e-05,29,203,9.528893909706798e-06,0.51811569077628,3.396888017654419
primary,4,101,1e-05,30,210,9.495236500015048e-06,0.5628144655908857,3.393331289291382
primary,4,101,1e-05,31,217,9.460482294732422e-06,0.4874043432729585,3.3889920711517334
primary,4,101,1e-05,32,224,9.424639868939035e-06,0.6036164930888585,3.38630747795105
primary,4,101,0.0001,1,7,0.0001,0.6236892725740161,3.5249040126800537
primary,4,101,0.0001,2,14,9.99938933078422e-05,0.5068919892821994,3.355041980743408
primary,4,101,0.0001,3,21,9.997557473810373e-05,0.5844875616686684,3.357426881790161
primary,4,101,0.0001,4,28,9.994504881061753e-05,0.5537904841559274,3.4370415210723877
primary,4,101,0.0001,5,35,9.990232305719945e-05,0.5574973438467298,3.489088535308838
primary,4,101,0.0001,6,42,9.984740801978984e-05,0.49455019405909945,3.345065116882324
primary,4,101,0.0001,7,49,9.978031724785247e-05,0.502160193664687,3.378403425216675
primary,4,101,0.0001,8,56,9.97010672950314e-05,0.5598171353340149,3.4512417316436768
primary,4,101,0.0001,9,63,9.960967771506667e-05,0.678024411201477,3.416320562362671
primary,4,101,0.0001,10,70,9.95061710569696e-05,0.5025703225816999,3.356717109680176
primary,4,101,0.0001,11,77,9.939057285945933e-05,0.4813081941434315,3.377013921737671
primary,4,101,0.0001,12,84,9.926291164466132e-05,0.6322738102504185,3.3681023120880127
primary,4,101,0.0001,13,91,9.91232189110701e-05,0.5721108104501452,3.384723424911499
primary,4,101,0.0001,14,98,9.897152912577741e-05,0.492309461746897,3.4141862392425537
primary,4,101,0.0001,15,105,9.8807879715968e-05,0.5029817393847874,3.4164340496063232
primary,4,101,0.0001,16,112,9.8632311059685e-05,0.5298620632716587,3.342128038406372
primary,4,101,0.0001,17,119,9.844486647586725e-05,0.49063469575984137,3.3655006885528564
primary,4,101,0.0001,18,126,9.824559221366101e-05,0.48613273884568897,3.430548906326294
primary,4,101,0.0001,19,133,9.803453744100869e-05,0.5433440123285566,3.5097553730010986
primary,4,101,0.0001,20,140,9.781175423251735e-05,0.47259453906943755,3.3242411613464355
primary,4,101,0.0001,21,147,9.757729755661011e-05,0.6460816604750497,3.3661065101623535
primary,4,101,0.0001,22,154,9.73312252619635e-05,0.555423413004194,3.428524971008301
primary,4,101,0.0001,23,161,9.707359806323417e-05,0.5538088509014675,3.500643491744995
primary,4,101,0.0001,24,168,9.680447952607845e-05,0.5460508721215385,3.338552474975586
primary,4,101,0.0001,25,175,9.652393605146844e-05,0.5261022107941764,3.3838694095611572
primary,4,101,0.0001,26,182,9.623203685930869e-05,0.5426843038627079,3.4260144233703613
primary,4,101,0.0001,27,189,9.592885397135707e-05,0.5749876967498234,3.3172788619995117
primary,4,101,0.0001,28,196,9.561446219345454e-05,0.4763726847512381,3.38288950920105
primary,4,101,0.0001,29,203,9.528893909706797e-05,0.4800663888454437,3.3384830951690674
primary,4,101,0.0001,30,210,9.495236500015047e-05,0.4933502588953291,3.3303582668304443
primary,4,101,0.0001,31,217,9.460482294732421e-05,0.4332627292190279,3.349956512451172
primary,4,101,0.0001,32,224,9.424639868939033e-05,0.57142602120127,3.3556203842163086
primary,4,101,0.0001,33,231,9.387718066217124e-05,0.434952084507261,3.3390610218048096
primary,4,101,0.0001,34,238,9.349725996469047e-05,0.46607282757759094,3.3433845043182373
primary,4,101,0.0001,35,245,9.310673033669521e-05,0.4920680948666164,3.7450833320617676
primary,4,101,0.0001,36,252,9.270568813552756e-05,0.5265993731362479,3.742316722869873
primary,4,101,0.0001,37,259,9.229423231234974e-05,0.45740365982055664,3.5119457244873047
primary,4,101,0.0001,38,266,9.187246438772939e-05,0.47506395408085417,3.45450496673584
primary,4,101,0.0001,39,273,9.14404884265908e-05,0.5503706889493125,3.4821293354034424
primary,4,101,0.0001,40,280,9.099841101253866e-05,0.3726244217583111,3.4563369750976562
primary,4,101,0.0001,41,287,9.05463412215599e-05,0.44258102561746326,3.4347307682037354
primary,4,101,0.0001,42,294,9.0084390595111e-05,0.40778404474258423,3.5667641162872314
primary,4,101,0.0001,43,301,8.961267311259666e-05,0.5213602653571537,3.4384210109710693
primary,4,101,0.0001,44,308,8.913130516324733e-05,0.42296017919267925,3.440613031387329
primary,4,101,0.0001,45,315,8.864040551740158e-05,0.356407741350787,3.3487324714660645
primary,4,101,0.0001,46,322,8.814009529720155e-05,0.42554272072655813,3.34576416015625
primary,4,101,0.0001,47,329,8.763049794670775e-05,0.38101533906800406,3.3411896228790283
primary,4,101,0.0001,48,336,8.711173920144117e-05,0.37272246181964874,3.324301242828369
primary,4,101,0.0001,49,343,8.658394705735987e-05,0.3931906223297119,3.336742639541626
primary,4,101,0.0001,50,350,8.604725173927785e-05,0.3602008840867451,3.3875259160995483
primary,4,101,0.0001,51,357,8.55017856687341e-05,0.3951153265578406,3.3914660215377808
primary,4,101,0.0001,52,364,8.494768343131955e-05,0.32053556399685995,3.354372501373291
primary,4,101,0.0001,53,371,8.438508174347009e-05,0.4412932310785566,3.357558488845825
primary,4,101,0.0001,54,378,8.381411941873378e-05,0.2948741338082722,3.214106321334839
primary,4,101,0.0001,55,385,8.323493733352077e-05,0.3199022832725729,3.177710771560669
primary,4,101,0.0001,56,392,8.26476783923441e-05,0.4251846330506461,3.161565065383911
primary,4,101,0.0001,57,399,8.205248749256015e-05,0.3361100937638964,3.0531755685806274
primary,4,101,0.0001,58,406,8.144951148861742e-05,0.4173010672841753,3.070633292198181
primary,4,101,0.0001,59,413,8.083889915582235e-05,0.3454562170164926,3.0600327253341675
primary,4,101,0.0001,60,420,8.022080115363127e-05,0.3095544683081763,3.1760536432266235
primary,4,101,0.0001,61,427,7.959536998847744e-05,0.39453360438346863,3.1328753232955933
primary,4,101,0.0001,62,434,7.89627599761423e-05,0.3393814755337579,3.3223867416381836
primary,4,101,0.0001,63,441,7.832312720368048e-05,0.27777546803866116,3.133986473083496
primary,4,101,0.0001,64,448,7.767662949090753e-05,0.4082124999591282,3.3750665187835693
primary,4,101,0.0001,65,455,7.702342635146033e-05,0.30186150329453604,3.0768405199050903
primary,4,101,0.0001,66,462,7.636367895343946e-05,0.3109355334724699,3.025268793106079
primary,4,101,0.0001,67,469,7.569755007964338e-05,0.26004583495003836,3.03823184967041
primary,4,101,0.0001,68,476,7.502520408740418e-05,0.2540156660335405,3.0297199487686157
primary,4,101,0.0001,69,483,7.43468068680349e-05,0.25652624134506496,3.016921639442444
primary,4,101,0.0001,70,490,7.366252580589839e-05,0.301987176494939,3.2395670413970947
primary,4,101,0.0001,71,497,7.297252973710757e-05,0.27217982496534077,2.901991605758667
primary,4,101,0.0001,72,504,7.22769889078678e-05,0.34114755051476614,3.092589259147644
primary,4,101,0.0001,73,511,7.15760749324711e-05,0.22632348111697606,3.4295257329940796
primary,4,101,0.0001,74,518,7.086996075095289e-05,0.34629954158195425,2.8324581384658813
primary,4,101,0.0001,75,525,7.015882058642164e-05,0.28842238230364664,2.738680124282837
primary,4,101,0.0001,76,532,6.944282990207195e-05,0.26032507073666367,2.741915702819824
primary,4,101,0.0001,77,539,6.872216535789157e-05,0.24056648569447653,2.805768370628357
primary,4,101,0.0001,78,546,6.799700476707323e-05,0.32474228526864735,2.8157761096954346
primary,4,101,0.0001,79,553,6.726752705214194e-05,0.26169167033263613,3.0662530660629272
primary,4,101,0.0001,80,560,6.65339122008084e-05,0.23944826424121857,3.08018696308136
primary,4,101,0.0001,81,567,6.57963412215599e-05,0.2803696266242436,3.039295792579651
primary,4,101,0.0001,82,574,6.505499609899905e-05,0.23989757735814368,2.8969459533691406
primary,4,101,0.0001,83,581,6.431005974894185e-05,0.28117611578532625,2.8818835020065308
primary,4,101,0.0001,84,588,6.356171597328596e-05,0.28213404757635935,2.823245644569397
primary,4,101,0.0001,85,595,6.281014941466031e-05,0.2553460289325033,2.883589744567871
primary,4,101,0.0001,86,602,6.205554551086733e-05,0.2533457726240158,2.9269744157791138
primary,4,101,0.0001,87,609,6.129809044912887e-05,0.2323714324406215,2.9150502681732178
primary,4,101,0.0001,88,616,6.053797112014738e-05,0.20588475785085134,2.8402419090270996
primary,4,101,0.0001,89,623,5.977537507199338e-05,0.23073267298085348,2.9505151510238647
primary,4,101,0.0001,90,630,5.901049046383077e-05,0.20868277443306787,2.859262228012085
primary,4,101,0.0001,91,637,5.8243506019491436e-05,0.23111808087144578,2.884427785873413
primary,4,101,0.0001,92,644,5.7474610980910354e-05,0.21950968887124742,2.930882453918457
primary,4,101,0.0001,93,651,5.6703995061433075e-05,0.2711507316146578,2.7921524047851562
primary,4,101,0.0001,94,658,5.5931848399006745e-05,0.22361527596201217,2.7729413509368896
primary,4,101,0.0001,95,665,5.515836150926646e-05,0.20481798159224646,2.8122546672821045
primary,4,101,0.0001,96,672,5.438372523852833e-05,0.22370135997022902,2.8381329774856567
primary,4,101,0.0001,97,679,5.360813071670102e-05,0.24741023991789138,2.91931688785553
primary,4,101,0.0001,98,686,5.283176931012731e-05,0.21602537376540049,2.8989826440811157
primary,4,101,0.0001,99,693,5.205483257436735e-05,0.22052316686936788,2.858794331550598
primary,4,101,0.0001,100,700,5.127751220693513e-05,0.21088571633611405,2.846722722053528
primary,4,101,0.0001,101,707,5.05e-05,0.2873327668224062,2.8605384826660156
primary,4,101,0.0001,102,714,4.972248779306489e-05,0.236007564834186,2.8852895498275757
primary,4,101,0.0001,103,721,4.894516742563265e-05,0.21735765572105134,2.9285794496536255
primary,4,101,0.0001,104,728,4.816823068987269e-05,0.21326285494225367,3.065217614173889
primary,4,101,0.0001,105,735,4.739186928329899e-05,0.21779873967170715,2.9560399055480957
primary,4,101,0.001,1,7,0.001,0.7312641739845276,3.4724924564361572
primary,4,101,0.001,2,14,0.000999938933078422,0.5544214589255196,3.34802508354187
primary,4,101,0.001,3,21,0.0009997557473810372,0.6117426071848188,3.4981589317321777
primary,4,101,0.001,4,28,0.0009994504881061753,0.5861698346478599,3.356262445449829
primary,4,101,0.001,5,35,0.0009990232305719944,0.5665266088077,3.322136640548706
primary,4,101,0.001,6,42,0.0009984740801978985,0.5242757648229599,3.6048128604888916
primary,4,101,0.001,7,49,0.0009978031724785245,0.5176052451133728,3.4734725952148438
primary,4,101,0.001,8,56,0.000997010672950314,0.4872701125485556,3.3594212532043457
primary,4,101,0.001,9,63,0.0009960967771506667,0.5994497537612915,4.018072128295898
primary,4,101,0.001,10,70,0.000995061710569696,0.5007990854127067,3.318598508834839
primary,4,101,0.001,11,77,0.0009939057285945933,0.4598269611597061,4.112537264823914
primary,4,101,0.001,12,84,0.000992629116446613,0.6056536776678902,3.6761221885681152
primary,4,101,0.001,13,91,0.000991232189110701,0.49593110169683186,3.1035103797912598
primary,4,101,0.001,14,98,0.0009897152912577741,0.38367924998913494,3.002931594848633
primary,4,101,0.001,15,105,0.00098807879715968,0.40737851176943096,3.1817727088928223
primary,4,101,0.001,16,112,0.00098632311059685,0.4037925728729793,3.141890048980713
primary,4,101,0.001,17,119,0.0009844486647586723,0.27661375594990595,3.648873805999756
primary,4,101,0.001,18,126,0.00098245592213661,0.3761209824255535,2.833646297454834
primary,4,101,0.001,19,133,0.0009803453744100868,0.3843603474753244,4.716818928718567
primary,4,101,0.001,20,140,0.0009781175423251734,0.5096624578748431,3.222320079803467
primary,4,101,0.001,21,147,0.0009757729755661011,0.34532871203763144,3.032079577445984
primary,4,101,0.001,22,154,0.0009733122526196349,0.23406656086444855,3.3097617626190186
primary,4,101,0.001,23,161,0.0009707359806323416,0.269852306161608,3.177914261817932
primary,4,101,0.001,24,168,0.0009680447952607845,0.2269631334181343,2.917241096496582
primary,4,101,0.001,25,175,0.0009652393605146844,0.17570585890540055,3.419542908668518
primary,4,101,0.001,26,182,0.000962320368593087,0.18083760321938566,3.5278003215789795
primary,4,101,0.001,27,189,0.0009592885397135706,0.2852925679513386,3.202483654022217
primary,4,101,0.001,28,196,0.0009561446219345453,0.15869534122092382,4.929078459739685
primary,4,101,0.001,29,203,0.0009528893909706797,0.4185858688184193,3.3912267684936523
primary,4,101,0.001,30,210,0.0009495236500015047,0.19178685226610728,3.474889397621155
primary,4,101,0.001,31,217,0.0009460482294732421,0.25539829049791607,3.7977486848831177
primary,4,101,0.001,32,224,0.0009424639868939033,0.2591573234115328,3.4012889862060547
primary,4,101,0.001,33,231,0.0009387718066217125,0.13665411780987466,3.938529133796692
primary,4,101,0.001,34,238,0.0009349725996469047,0.17207470536231995,3.7888649702072144
primary,4,101,0.001,35,245,0.0009310673033669522,0.14304776170424052,4.072869777679443
primary,4,101,0.001,36,252,0.0009270568813552756,0.10273385314004761,3.7276746034622192
primary,4,101,0.001,37,259,0.0009229423231234975,0.12921838834881783,3.219579577445984
primary,4,101,0.001,38,266,0.0009187246438772938,0.1563309548156602,3.559510827064514
primary,4,101,0.001,39,273,0.0009144048842659081,0.1534352291907583,2.951091766357422
primary,4,101,0.001,40,280,0.0009099841101253866,0.09504070478370912,3.32985782623291
primary,4,101,0.001,41,287,0.000905463412215599,0.13510306818144663,2.9925891160964966
primary,4,101,0.001,42,294,0.0009008439059511099,0.10049365886620112,3.549765110015869
primary,4,101,0.001,43,301,0.0008961267311259666,0.11460717022418976,3.4866050481796265
primary,4,101,0.001,44,308,0.0008913130516324732,0.10920907450573784,3.6204179525375366
primary,4,101,0.001,45,315,0.0008864040551740157,0.17164459718125208,3.2396605014801025
primary,4,101,0.001,46,322,0.0008814009529720154,0.13495529336588724,3.5021432638168335
primary,4,101,0.001,47,329,0.0008763049794670775,0.15317724964448384,3.788553833961487
primary,4,101,0.001,48,336,0.0008711173920144117,0.1191985330411366,4.452180027961731
primary,4,101,0.01,1,7,0.01,5.206012351172311,319.02412509918213
primary,4,101,0.01,2,14,0.00999938933078422,33.124920163835796,189.41098546981812
primary,4,101,0.01,3,21,0.009997557473810372,12.074961747441973,4.411086082458496
primary,4,101,0.01,4,28,0.009994504881061753,2.1168824093682423,29.69614863395691
primary,4,101,0.01,5,35,0.009990232305719944,2.3163475479398454,3.3746161460876465
primary,4,101,0.01,6,42,0.009984740801978984,0.49210543824093683,3.3670129776000977
primary,4,101,0.01,7,49,0.009978031724785246,0.5004712087767464,3.3671460151672363
primary,4,101,0.01,8,56,0.00997010672950314,0.5587578415870667,3.3710989952087402
primary,4,101,0.01,9,63,0.009960967771506667,0.6488142056124551,3.375655174255371
primary,4,101,0.01,10,70,0.00995061710569696,0.4843636692634651,3.3715906143188477
primary,4,101,0.01,11,77,0.009939057285945933,0.5026277090821948,3.3699870109558105
primary,4,101,0.01,12,84,0.00992629116446613,0.6295823454856873,3.365893840789795
primary,4,101,0.01,13,91,0.00991232189110701,0.5628868426595416,3.3614282608032227
primary,4,101,0.01,14,98,0.00989715291257774,0.5048356183937618,3.3569722175598145
primary,4,101,0.01,15,105,0.0098807879715968,0.5117406930242266,3.3575520515441895
primary,4,101,0.01,16,112,0.0098632311059685,0.5285369838987078,3.3576269149780273
primary,4,101,0.01,17,119,0.009844486647586723,0.5021691811936242,3.359154224395752
primary,4,101,0.01,18,126,0.0098245592213661,0.5055686235427856,3.3583412170410156
primary,4,101,0.01,19,133,0.009803453744100868,0.5036873476845878,3.3633065223693848
primary,4,101,0.01,20,140,0.009781175423251734,0.480907980086548,3.3621315956115723
primary,4,101,0.01,21,147,0.009757729755661011,0.6622351003544671,3.3610568046569824
primary,4,101,0.01,22,154,0.009733122526196349,0.5813046566077641,3.361830711364746
primary,4,101,0.01,23,161,0.009707359806323416,0.5488124532358987,3.3695273399353027
primary,4,101,0.01,24,168,0.009680447952607845,0.5269414101328168,3.3730406761169434
primary,4,101,0.01,25,175,0.009652393605146845,0.5254782736301422,3.3809609413146973
primary,4,101,0.01,26,182,0.00962320368593087,0.5967102646827698,3.3972902297973633
primary,4,101,0.01,27,189,0.009592885397135707,0.5858665491853442,3.4009838104248047
primary,4,101,0.01,28,196,0.009561446219345454,0.5291115790605545,3.4055943489074707
primary,4,101,0.01,29,203,0.009528893909706798,0.5420260046209607,3.409270763397217
primary,4,101,0.01,30,210,0.009495236500015047,0.5296260927404676,3.4026546478271484
primary,4,101,0.01,31,217,0.00946048229473242,0.48738203942775726,3.39406156539917
primary,4,101,0.01,32,224,0.009424639868939034,0.6190664342471531,3.382225513458252
primary,4,101,0.01,33,231,0.009387718066217124,0.5041455456188747,3.3729262351989746
primary,4,101,0.01,34,238,0.009349725996469048,0.5541824102401733,3.36997652053833
primary,4,101,0.01,35,245,0.00931067303366952,0.5507844133036477,3.3688182830810547
primary,4,101,0.01,36,252,0.009270568813552756,0.6081447090421405,3.371852397918701
primary,4,101,0.01,37,259,0.009229423231234974,0.5543378080640521,3.3730015754699707
primary,4,101,0.01,38,266,0.009187246438772938,0.5149773359298706,3.375396251678467
primary,4,101,0.01,39,273,0.009144048842659082,0.6308143649782453,3.386073589324951
primary,4,101,0.01,40,280,0.009099841101253866,0.4933433639151709,3.3768153190612793
primary,4,101,0.01,41,287,0.00905463412215599,0.615371653011867,3.3696370124816895
primary,4,101,0.01,42,294,0.0090084390595111,0.5146315140383584,3.3687357902526855
primary,4,101,0.01,43,301,0.008961267311259666,0.6456657903535026,3.371790885925293
primary,4,101,0.01,44,308,0.008913130516324731,0.5261624242578234,3.375875473022461
shadow,0,101,1e-05,1,7,1e-05,0.5081275257481528,3.3048916441021543
shadow,0,101,1e-05,2,14,9.99938933078422e-06,0.4878060831189422,3.2771123250325522
shadow,0,101,1e-05,3,21,9.997557473810373e-06,0.624498358794621,3.2570816964814155
shadow,0,101,1e-05,4,28,9.994504881061752e-06,0.5780282190867833,3.2616993297230112
shadow,0,101,1e-05,5,35,9.990232305719944e-06,0.6498779824801854,3.2639049183238638
shadow,0,101,1e-05,6,42,9.984740801978984e-06,0.4841508858704141,3.26333271373402
shadow,0,101,1e-05,7,49,9.978031724785247e-06,0.537242591381073,3.2620613791725854
shadow,0,101,1e-05,8,56,9.97010672950314e-06,0.49274437435503515,3.2624749848336885
shadow,0,101,1e-05,9,63,9.960967771506666e-06,0.4909252609525408,3.264884023955374
shadow,0,101,1e-05,10,70,9.950617105696961e-06,0.4864285056080137,3.265975720954664
shadow,0,101,1e-05,11,77,9.939057285945933e-06,0.5347971831049237,3.266855644457268
shadow,0,101,1e-05,12,84,9.926291164466131e-06,0.5361632789884295,3.266551162257339
shadow,0,101,1e-05,13,91,9.91232189110701e-06,0.6003084885222572,3.2635359330610796
shadow,0,101,1e-05,14,98,9.897152912577742e-06,0.4739487954149289,3.2642110188802085
shadow,0,101,1e-05,15,105,9.8807879715968e-06,0.5850664802959987,3.2634402188387783
shadow,0,101,1e-05,16,112,9.8632311059685e-06,0.6811760791710445,3.2636196252071494
shadow,0,101,1e-05,17,119,9.844486647586724e-06,0.4892403142792838,3.2631442908084756
shadow,0,101,1e-05,18,126,9.824559221366101e-06,0.6275610114846911,3.262511051062382
shadow,0,101,1e-05,19,133,9.803453744100868e-06,0.7288386949471065,3.2621852990352744
shadow,0,101,1e-05,20,140,9.781175423251734e-06,0.5008178268160138,3.262333956631747
shadow,0,101,1e-05,21,147,9.757729755661012e-06,0.5218183313097272,3.26394306529652
shadow,0,101,1e-05,22,154,9.73312252619635e-06,0.7942483765738351,3.2624863133285986
shadow,0,101,1e-05,23,161,9.707359806323418e-06,0.479335169623872,3.259583675500118
shadow,0,101,1e-05,24,168,9.680447952607845e-06,0.671432478087289,3.258793917569247
shadow,0,101,1e-05,25,175,9.652393605146845e-06,0.6074122786521912,3.2582612471147017
shadow,0,101,1e-05,26,182,9.62320368593087e-06,0.8234340803963798,3.2596488721442944
shadow,0,101,1e-05,27,189,9.592885397135707e-06,0.5041469931602478,3.261392304391572
shadow,0,101,1e-05,28,196,9.561446219345455e-06,0.47998465983463184,3.259967919551965
shadow,0,101,1e-05,29,203,9.528893909706798e-06,0.5421815429415021,3.259183016690341
shadow,0,101,1e-05,30,210,9.495236500015048e-06,0.5105838435036796,3.2586420232599433
shadow,0,101,1e-05,31,217,9.460482294732422e-06,0.507404374224799,3.255499637488163
shadow,0,101,1e-05,32,224,9.424639868939035e-06,0.4856553412973881,3.2549179539535986
shadow,0,101,1e-05,33,231,9.387718066217125e-06,0.5515870196478707,3.253017541133996
shadow,0,101,1e-05,34,238,9.349725996469047e-06,0.7096320518425533,3.251051006895123
shadow,0,101,1e-05,35,245,9.310673033669522e-06,0.5335059762001038,3.2495722915187026
shadow,0,101,1e-05,36,252,9.270568813552757e-06,0.4952228803719793,3.2505220355409565
shadow,0,101,1e-05,37,259,9.229423231234975e-06,0.4878315159252712,3.2509122906309185
shadow,0,101,1e-05,38,266,9.18724643877294e-06,0.49965850583144594,3.251655347419508
shadow,0,101,1e-05,39,273,9.144048842659081e-06,0.5864074741091047,3.251099788781368
shadow,0,101,1e-05,40,280,9.099841101253867e-06,0.7490177239690509,3.249746149236506
shadow,0,101,1e-05,41,287,9.054634122155991e-06,0.47202919809413807,3.2489057598691997
shadow,0,101,1e-05,42,294,9.0084390595111e-06,0.48904154715793474,3.248129873564749
shadow,0,101,1e-05,43,301,8.961267311259668e-06,0.5312743399824414,3.2442837339459043
shadow,0,101,1e-05,44,308,8.913130516324733e-06,0.48944962663309916,3.243828051017992
shadow,0,101,1e-05,45,315,8.864040551740158e-06,0.4888697037739413,3.2431337761156485
shadow,0,101,1e-05,46,322,8.814009529720155e-06,0.6890420019626617,3.24129902232777
shadow,0,101,1e-05,47,329,8.763049794670776e-06,0.699800614799772,3.2400568181818183
shadow,0,101,1e-05,48,336,8.711173920144118e-06,0.4632405465402241,3.2393840443004263
shadow,0,101,1e-05,49,343,8.658394705735988e-06,0.49648119296346394,3.239188223174124
shadow,0,101,1e-05,50,350,8.604725173927786e-06,0.48441958853176664,3.23971210826527
shadow,0,101,1e-05,51,357,8.550178566873412e-06,0.6192808193819863,3.240668094519413
shadow,0,101,1e-05,52,364,8.494768343131955e-06,0.5000820521797452,3.241497617779356
shadow,0,101,1e-05,53,371,8.43850817434701e-06,0.5735356978007725,3.2400263006036933
shadow,0,101,1e-05,54,378,8.381411941873379e-06,0.6240773626736232,3.240834091648911
shadow,0,101,1e-05,55,385,8.323493733352078e-06,0.47530570306948255,3.2393121430368135
shadow,0,101,1e-05,56,392,8.26476783923441e-06,0.4842101058789662,3.2380204634232954
shadow,0,101,1e-05,57,399,8.205248749256014e-06,0.4770433498280389,3.2375969164299243
shadow,0,101,1e-05,58,406,8.144951148861743e-06,0.7790437809058598,3.2356222904089726
shadow,0,101,1e-05,59,413,8.083889915582235e-06,0.4669156830225672,3.2345964836351797
shadow,0,101,1e-05,60,420,8.022080115363127e-06,0.5034504745687757,3.232048497055516
shadow,0,101,1e-05,61,427,7.959536998847744e-06,0.5131380217415946,3.2320318511038115
shadow,0,101,1e-05,62,434,7.89627599761423e-06,0.5147249932800021,3.2331559152314155
shadow,0,101,1e-05,63,441,7.832312720368048e-06,0.7305101667131696,3.2350567904385654
shadow,0,101,1e-05,64,448,7.767662949090754e-06,0.667298606463841,3.23685917709813
shadow,0,101,1e-05,65,455,7.702342635146033e-06,0.6202474193913596,3.2354135224313447
shadow,0,101,1e-05,66,462,7.636367895343947e-06,0.4817481519920485,3.2335526437470405
shadow,0,101,1e-05,67,469,7.5697550079643376e-06,0.7819878884724208,3.2317139596650093
shadow,0,101,1e-05,68,476,7.502520408740418e-06,0.5192080395562308,3.230631279222893
shadow,0,101,1e-05,69,483,7.43468068680349e-06,0.49265521871192114,3.2298218698212593
shadow,0,101,1e-05,70,490,7.366252580589839e-06,0.5462106168270111,3.229155800559304
shadow,0,101,1e-05,71,497,7.297252973710756e-06,0.48021335367645535,3.2287542169744317
shadow,0,101,1e-05,72,504,7.227698890786779e-06,0.47139806553189245,3.2285350452769888
shadow,0,101,1e-05,73,511,7.15760749324711e-06,0.48690046050718855,3.226923855868253
shadow,0,101,1e-05,74,518,7.086996075095289e-06,0.4571613669395447,3.2258758544921875
shadow,0,101,1e-05,75,525,7.015882058642164e-06,0.5024005174636841,3.224445921002012
shadow,0,101,1e-05,76,532,6.9442829902071945e-06,0.4721750739429678,3.2235879609079072
shadow,0,101,1e-05,77,539,6.8722165357891564e-06,0.5016472786664963,3.2235407973780776
shadow,0,101,1e-05,78,546,6.799700476707323e-06,0.4705174075705664,3.22427714954723
shadow,0,101,1e-05,79,553,6.726752705214193e-06,0.5320894845894405,3.223123723810369
shadow,0,101,1e-05,80,560,6.65339122008084e-06,0.5202113091945648,3.223923191879735
shadow,0,101,1e-05,81,567,6.57963412215599e-06,0.4635030606439646,3.22453701134884
shadow,0,101,1e-05,82,574,6.505499609899905e-06,0.48433868480580194,3.2240068840258047
shadow,0,101,1e-05,83,581,6.431005974894185e-06,0.4931365634713854,3.223169962565104
shadow,0,101,1e-05,84,588,6.356171597328595e-06,0.7001676048551287,3.222742947665128
shadow,0,101,1e-05,85,595,6.28101494146603e-06,0.5251719696181161,3.2223441384055396
shadow,0,101,1e-05,86,602,6.205554551086732e-06,0.48866228652851923,3.222529093424479
shadow,0,101,1e-05,87,609,6.129809044912887e-06,0.48374163998024805,3.2215509125680635
shadow,0,101,1e-05,88,616,6.053797112014738e-06,0.4931953549385071,3.220070810029001
shadow,0,101,1e-05,89,623,5.977537507199338e-06,0.7070911696978978,3.2194357207327178
shadow,0,101,1e-05,90,630,5.901049046383077e-06,0.5331156764711652,3.2189823497425425
shadow,0,101,1e-05,91,637,5.824350601949143e-06,0.5506537812096732,3.218021046031605
shadow,0,101,1e-05,92,644,5.7474610980910354e-06,0.5820043001856122,3.217715870250355
shadow,0,101,1e-05,93,651,5.6703995061433075e-06,0.7549770176410675,3.2181925918116714
shadow,0,101,1e-05,94,658,5.5931848399006745e-06,0.4872376620769501,3.217004718202533
shadow,0,101,1e-05,95,665,5.515836150926646e-06,0.5006474448101861,3.216758959221117
shadow,0,101,1e-05,96,672,5.438372523852833e-06,0.4763326197862625,3.2170095732717803
shadow,0,101,1e-05,97,679,5.360813071670101e-06,0.5575669492994036,3.2179422089547822
shadow,0,101,1e-05,98,686,5.283176931012731e-06,0.45775824159915957,3.2187067667643228
shadow,0,101,1e-05,99,693,5.205483257436735e-06,0.5821238585880825,3.2176252422910747
shadow,0,101,1e-05,100,700,5.127751220693512e-06,0.4732865635305643,3.216703010327888
shadow,0,101,1e-05,101,707,5.05e-06,0.4763602688908577,3.2172016952977036
shadow,0,101,1e-05,102,714,4.972248779306488e-06,0.5007827558687755,3.215501727479877
shadow,0,101,1e-05,103,721,4.8945167425632645e-06,0.5452098803860801,3.215787482984138
shadow,0,101,1e-05,104,728,4.816823068987269e-06,0.45880509114691187,3.2154302886038115
shadow,0,101,1e-05,105,735,4.7391869283298985e-06,0.49157692066260744,3.2153290257309424
shadow,0,101,1e-05,106,742,4.661627476147168e-06,0.4972961651427405,3.217022520123106
shadow,0,101,1e-05,107,749,4.584163849073354e-06,0.571853769677026,3.2167363022312974
shadow,0,101,1e-05,108,756,4.506815160099326e-06,0.4772847571543285,3.2150074351917612
shadow,0,101,1e-05,109,763,4.429600493856694e-06,0.46480757157717434,3.2149505615234375
shadow,0,101,1e-05,110,770,4.352538901908967e-06,0.47668226595435825,3.2154582630504263
shadow,0,101,1e-05,111,777,4.275649398050858e-06,0.5532570268426623,3.212636543042732
shadow,0,101,1e-05,112,784,4.198950953616922e-06,0.5754523000546864,3.2112262610233193
shadow,0,101,1e-05,113,791,4.122462492800663e-06,0.53080986227308,3.210050178296638
shadow,0,101,1e-05,114,798,4.046202887985263e-06,0.6021461359092167,3.208228602553859
shadow,0,101,1e-05,115,805,3.970190955087116e-06,0.48328108872686115,3.206917733857126
shadow,0,101,1e-05,116,812,3.894445448913268e-06,0.8093079498835972,3.206517306241122
shadow,0,101,1e-05,117,819,3.818985058533969e-06,0.47946429944464136,3.207073096073035
shadow,0,101,1e-05,118,826,3.7438284026714044e-06,0.6320124013083321,3.20774540756688
shadow,0,101,1e-05,119,833,3.6689940251058153e-06,0.6718439034053257,3.2077361598159326
shadow,0,101,1e-05,120,840,3.594500390100096e-06,0.6195159682205745,3.206627354477391
shadow,0,101,1e-05,121,847,3.5203658778440116e-06,0.6064325060163226,3.206094452829072
shadow,0,101,1e-05,122,854,3.4466087799191603e-06,0.648127726146153,3.206296516187263
shadow,0,101,1e-05,123,861,3.3732472947858077e-06,0.4574939596947973,3.2064285278320312
shadow,0,101,1e-05,124,868,3.300299523292678e-06,0.4636971750961883,3.2076617154208096
shadow,0,101,1e-05,125,875,3.227783464210845e-06,0.6075415185519627,3.209235913825758
shadow,0,101,1e-05,126,882,3.155717009792807e-06,0.45413622898714884,3.208277615633878
shadow,0,101,1e-05,127,889,3.0841179413578354e-06,0.4657857652221407,3.205001599860914
shadow,0,101,1e-05,128,896,3.0130039249047117e-06,0.49772880545684267,3.2036435676343515
shadow,0,101,1e-05,129,903,2.9423925067528904e-06,0.4830944836139679,3.2027763597892993
shadow,0,101,1e-05,130,910,2.87230110921322e-06,0.5054924658366612,3.202386335893111
shadow,0,101,1e-05,131,917,2.8027470262892435e-06,0.568160457270486,3.2022041551994556
shadow,0,101,1e-05,132,924,2.7337474194101625e-06,0.5621925166675023,3.2024986960671167
shadow,0,101,1e-05,133,931,2.6653193131965085e-06,0.6206332487719399,3.2031684644294507
shadow,0,101,1e-05,134,938,2.5974795912595824e-06,0.523804668869291,3.2037124633789062
shadow,0,101,1e-05,135,945,2.530244992035662e-06,0.8374422448022025,3.2040837605794272
shadow,0,101,1e-05,136,952,2.4636321046560533e-06,0.48649989494255613,3.2037066835345644
shadow,0,101,1e-05,137,959,2.3976573648539653e-06,0.6678808416639056,3.204273801861387
shadow,0,101,1e-05,138,966,2.332337050909247e-06,0.5718782501561301,3.2056218927556817
shadow,0,101,1e-05,139,973,2.267687279631953e-06,0.48877386429669756,3.206903399843158
shadow,0,101,1e-05,140,980,2.2037240023857708e-06,0.5802570240838187,3.206587126760772
shadow,0,101,1e-05,141,987,2.1404630011522584e-06,0.5551016799041203,3.2061196529504024
shadow,0,101,1e-05,142,994,2.0779198846368745e-06,0.4664232363658292,3.2040550925514917
shadow,0,101,1e-05,143,1001,2.0161100844177658e-06,0.4786926656961441,3.201200080640388
shadow,0,101,1e-05,144,1008,1.9550488511382593e-06,0.4895885969911303,3.1994719071821733
shadow,0,101,1e-05,145,1015,1.894751250743986e-06,0.4775488185031073,3.199067318078243
shadow,0,101,1e-05,146,1022,1.8352321607655916e-06,0.6849505603313446,3.1985371907552085
shadow,0,101,1e-05,147,1029,1.7765062666479242e-06,0.515017249754497,3.1984636711351797
shadow,0,101,1e-05,148,1036,1.7185880581266217e-06,0.498593162213053,3.198526787035393
shadow,0,101,1e-05,149,1043,1.6614918256529908e-06,0.47021682454007013,3.198443788470644
shadow,0,101,1e-05,150,1050,1.6052316568680442e-06,0.5923683728490557,3.1980657866506865
shadow,0,101,1e-05,151,1057,1.5498214331265902e-06,0.6579614111355373,3.197941866787997
shadow,0,101,1e-05,152,1064,1.495274826072216e-06,0.4639561627326267,3.197648713082978
shadow,0,101,1e-05,153,1071,1.441605294264014e-06,0.5169208858694349,3.197522018895005
shadow,0,101,1e-05,154,1078,1.3888260798558817e-06,0.46492510927574976,3.197265625
shadow,0,101,1e-05,155,1085,1.3369502053292252e-06,0.8300625426428658,3.196851788145123
shadow,0,101,1e-05,156,1092,1.285990470279847e-06,0.46207748791701825,3.1966256806344697
shadow,0,101,1e-05,157,1099,1.2359594482598438e-06,0.5183868152754647,3.1963433930368135
shadow,0,101,1e-05,158,1106,1.1868694836752686e-06,0.48279172155473915,3.1960594870827417
shadow,0,101,1e-05,159,1113,1.1387326887403326e-06,0.4926497606294496,3.1960368300929214
shadow,0,101,1e-05,160,1120,1.0915609404889017e-06,0.47768610772410675,3.195842627323035
shadow,0,101,1e-05,161,1127,1.0453658778440107e-06,0.5397783177239555,3.195876844001539
shadow,0,101,1e-05,162,1134,1.0001588987461348e-06,0.5898971472467694,3.1958454016483193
shadow,0,101,1e-05,163,1141,9.559511573409195e-07,0.48929295582430704,3.1959140661991006
shadow,0,101,1e-05,164,1148,9.127535612270632e-07,0.4869167006441525,3.1956833348129736
shadow,0,101,1e-05,165,1155,8.705767687650265e-07,0.4697753588635741,3.1954449740323154
shadow,0,101,1e-05,166,1162,8.294311864472448e-07,0.5539262294769287,3.19529423569188
shadow,0,101,1e-05,167,1169,7.893269663304784e-07,0.46819681354931425,3.1951680038914536
shadow,0,101,1e-05,168,1176,7.50274003530953e-07,0.5935716245855603,3.1952759713837593
shadow,0,101,1e-05,169,1183,7.122819337828752e-07,0.6707400935036796,3.1952764337713067
shadow,0,101,1e-05,170,1190,6.753601310609673e-07,0.48262191989592146,3.1951758644797583
shadow,0,101,1e-05,171,1197,6.395177052675794e-07,0.6961225909846169,3.195216092196378
shadow,0,101,1e-05,172,1204,6.047634999849531e-07,0.6792309709957668,3.1955769856770835
shadow,0,101,1e-05,173,1211,5.711060902932043e-07,0.6163767618792397,3.196000763864228
shadow,0,101,1e-05,174,1218,5.385537806545469e-07,0.49875095912388395,3.196386857466264
shadow,0,101,1e-05,175,1225,5.071146028642944e-07,0.5158220870154244,3.196558865633878
shadow,0,101,1e-05,176,1232,4.7679631406913176e-07,0.47904273415250437,3.196497830477628
shadow,0,101,1e-05,177,1239,4.4760639485315585e-07,0.5074450118201119,3.196478641394413
shadow,0,101,1e-05,178,1246,4.195520473921565e-07,0.584970372063773,3.196798613577178
shadow,0,101,1e-05,179,1253,3.92640193676584e-07,0.5648141886506762,3.196909355394768
shadow,0,101,1e-05,180,1260,3.668774738036508e-07,0.6034386796610696,3.196946808786103
shadow,0,101,1e-05,181,1267,3.4227024433899004e-07,0.5501778551510402,3.1969854181463067
shadow,0,101,1e-05,182,1274,3.188245767482659e-07,0.5643377346651894,3.1969139792702417
shadow,0,101,1e-05,183,1281,2.9654625589913237e-07,0.4613690228600587,3.1971049453272964
shadow,0,101,1e-05,184,1288,2.754407786339001e-07,0.6062964754445213,3.196970159357244
shadow,0,101,1e-05,185,1295,2.555133524132767e-07,0.5356335469654628,3.1968598799272017
shadow,0,101,1e-05,186,1302,2.3676889403150103e-07,0.4574494808912277,3.1966776992335464
shadow,0,101,1e-05,187,1309,2.1921202840320077e-07,0.4681053635265146,3.1965713500976562
shadow,0,101,1e-05,188,1316,2.0284708742225901e-07,0.48669959240526495,3.1965186379172583
shadow,0,101,1e-05,189,1323,1.8767810889299085e-07,0.6897149171148028,3.1964448871034565
shadow,0,101,1e-05,190,1330,1.7370883553386935e-07,0.5600228224481855,3.1964705496123345
shadow,0,101,1e-05,191,1337,1.609427140540686e-07,0.6204466990062169,3.196528116861979
shadow,0,101,1e-05,192,1344,1.493828943030402e-07,0.5569186380931309,3.1966136585582388
shadow,0,101,1e-05,193,1351,1.3903222849333507e-07,0.4866067809717996,3.1966561982125947
shadow,0,101,1e-05,194,1358,1.2989327049686101e-07,0.4928683979170663,3.1965852217240767
shadow,0,101,1e-05,195,1365,1.2196827521475402e-07,0.5537074335983821,3.196570887710109
shadow,0,101,1e-05,196,1372,1.1525919802101659e-07,0.5689102113246918,3.196544069232363
shadow,0,101,1e-05,197,1379,1.097676942800558e-07,0.5301893098013741,3.196509852553859
shadow,0,101,0.0001,1,7,0.0001,0.4851623209459441,3.2749797936641807
shadow,0,101,0.0001,2,14,9.99938933078422e-05,0.47474043403885197,3.2760481400923296
shadow,0,101,0.0001,3,21,9.997557473810373e-05,0.5560753175190517,3.2525304158528647
shadow,0,101,0.0001,4,28,9.994504881061753e-05,0.5704886828150068,3.27165175929214
shadow,0,101,0.0001,5,35,9.990232305719945e-05,0.5787240947995868,3.2348507967862217
shadow,0,101,0.0001,6,42,9.984740801978984e-05,0.48512137175670694,3.231489470510772
shadow,0,101,0.0001,7,49,9.978031724785247e-05,0.5490774001394,3.2142458829012783
shadow,0,101,0.0001,8,56,9.97010672950314e-05,0.48986508291480796,3.207383820504853
shadow,0,101,0.0001,9,63,9.960967771506667e-05,0.5021648726293019,3.2009272719874526
shadow,0,101,0.0001,10,70,9.95061710569696e-05,0.4862669211413179,3.198713591604522
shadow,0,101,0.0001,11,77,9.939057285945933e-05,0.5136671513319016,3.1946831905480586
shadow,0,101,0.0001,12,84,9.926291164466132e-05,0.5621043613978794,3.1879741784298057
shadow,0,101,0.0001,13,91,9.91232189110701e-05,0.5410383769444057,3.174028107614228
shadow,0,101,0.0001,14,98,9.897152912577741e-05,0.47597113996744156,3.197983250473485
shadow,0,101,0.0001,15,105,9.8807879715968e-05,0.5684426597186497,3.187813498757102
shadow,0,101,0.0001,16,112,9.8632311059685e-05,0.5831886785370963,3.172601642030658
shadow,0,101,0.0001,17,119,9.844486647586725e-05,0.4706822612455913,3.171656521883878
shadow,0,101,0.0001,18,126,9.824559221366101e-05,0.6300994030066899,3.1640851569898203
shadow,0,101,0.0001,19,133,9.803453744100869e-05,0.6329572200775146,3.1654020367246685
shadow,0,101,0.0001,20,140,9.781175423251735e-05,0.5515417371477399,3.1699875340317236
shadow,0,101,0.0001,21,147,9.757729755661011e-05,0.4519864884870393,3.181147488680753
shadow,0,101,0.0001,22,154,9.73312252619635e-05,0.7407898136547634,3.176968661221591
shadow,0,101,0.0001,23,161,9.707359806323417e-05,0.4861555759395872,3.173535202488755
shadow,0,101,0.0001,24,168,9.680447952607845e-05,0.672242786203112,3.192145145300663
shadow,0,101,0.0001,25,175,9.652393605146844e-05,0.5303296574524471,3.1656290690104165
shadow,0,101,0.0001,26,182,9.623203685930869e-05,0.7549390239374978,3.169655770966501
shadow,0,101,0.0001,27,189,9.592885397135707e-05,0.45363047795711153,3.2210762717507104
shadow,0,101,0.0001,28,196,9.561446219345454e-05,0.45227689508880886,3.1723387747099907
shadow,0,101,0.0001,29,203,9.528893909706797e-05,0.47367893372263226,3.1576625939571494
shadow,0,101,0.0001,30,210,9.495236500015047e-05,0.4331701703901802,3.1475443984522964
shadow,0,101,0.0001,31,217,9.460482294732421e-05,0.4698731132916042,3.1272016583066997
shadow,0,101,0.0001,32,224,9.424639868939033e-05,0.4126668359552111,3.1072526411576704
shadow,0,101,0.0001,33,231,9.387718066217124e-05,0.42334555302347454,3.114174582741477
shadow,0,101,0.0001,34,238,9.349725996469047e-05,0.5230314816747393,3.094357577237216
shadow,0,101,0.0001,35,245,9.310673033669521e-05,0.4346319990498679,3.1852675929214014
shadow,0,101,0.0001,36,252,9.270568813552756e-05,0.4452681115695408,3.1120205503521543
shadow,0,101,0.0001,37,259,9.229423231234974e-05,0.3876671769789287,3.0881523363517993
shadow,0,101,0.0001,38,266,9.187246438772939e-05,0.4206481192793165,3.1191057147401753
shadow,0,101,0.0001,39,273,9.14404884265908e-05,0.48876223819596426,3.1772812352035986
shadow,0,101,0.0001,40,280,9.099841101253866e-05,0.36185440527541296,3.2512750336618135
shadow,0,101,0.0001,41,287,9.05463412215599e-05,0.5100292222840446,3.3539923465613164
shadow,0,101,0.0001,42,294,9.0084390595111e-05,0.3448801653326622,3.2960080233487217
shadow,0,101,0.0001,43,301,8.961267311259666e-05,0.4110297677772386,3.174039436109138
shadow,0,101,0.0001,44,308,8.913130516324733e-05,0.34015542799274306,3.1212493434096826
shadow,0,101,0.0001,45,315,8.864040551740158e-05,0.36014464125037193,3.0547138560901987
shadow,0,101,0.0001,46,322,8.814009529720155e-05,0.43426055354731424,3.042264764959162
shadow,0,101,0.0001,47,329,8.763049794670775e-05,0.3774695268699101,3.071034980542732
shadow,0,101,0.0001,48,336,8.711173920144117e-05,0.3332483693957329,3.054270888819839
shadow,0,101,0.0001,49,343,8.658394705735987e-05,0.3101977897541864,3.371186111912583
shadow,0,101,0.0001,50,350,8.604725173927785e-05,0.3141248843499592,3.1305715387517754
shadow,0,101,0.0001,51,357,8.55017856687341e-05,0.5229376724788121,2.900336756850734
shadow,0,101,0.0001,52,364,8.494768343131955e-05,0.38873749545642305,3.3509716843113755
shadow,0,101,0.0001,53,371,8.438508174347009e-05,0.3956352600029537,2.9390170935428506
shadow,0,101,0.0001,54,378,8.381411941873378e-05,0.433874066386904,3.166120818167022
shadow,0,101,0.0001,55,385,8.323493733352077e-05,0.30982887744903564,2.824322324810606
shadow,0,101,0.0001,56,392,8.26476783923441e-05,0.3754959638629641,2.853841608220881
shadow,0,101,0.0001,57,399,8.205248749256015e-05,0.29679509811103344,3.130210182883523
shadow,0,101,0.0001,58,406,8.144951148861742e-05,0.6171779121671405,2.815673134543679
shadow,0,101,0.0001,59,413,8.083889915582235e-05,0.29445806997162954,3.1091435750325522
shadow,0,101,0.0001,60,420,8.022080115363127e-05,0.3130354242665427,3.129045428651752
shadow,0,101,0.0001,61,427,7.959536998847744e-05,0.2661734665078776,2.8670025449810606
shadow,0,101,0.0001,62,434,7.89627599761423e-05,0.32112385487666223,3.0415938406279595
shadow,0,101,0.0001,63,441,7.832312720368048e-05,0.32802291001592365,3.013214920506333
shadow,0,101,0.0001,64,448,7.767662949090753e-05,0.45936697934355053,2.845274722937382
shadow,0,101,0.0001,65,455,7.702342635146033e-05,0.2831414278064455,3.1358175566702178
shadow,0,101,0.0001,66,462,7.636367895343946e-05,0.3404547337974821,2.8705155343720405
shadow,0,101,0.0001,67,469,7.569755007964338e-05,0.41412848021302906,4.164728338068182
shadow,0,101,0.0001,68,476,7.502520408740418e-05,0.3389736842364073,2.936392813017874
shadow,0,101,0.0001,69,483,7.43468068680349e-05,0.4163256457873753,2.7565168900923296
shadow,0,101,0.0001,70,490,7.366252580589839e-05,0.2769428182925497,3.479732744621508
shadow,0,101,0.0001,71,497,7.297252973710757e-05,0.26194832048245836,2.8063294381806343
shadow,0,101,0.0001,72,504,7.22769889078678e-05,0.24778471928688564,3.029676495176373
shadow,0,101,0.0001,73,511,7.15760749324711e-05,0.3081024331705911,2.859599489154238
shadow,0,101,0.0001,74,518,7.086996075095289e-05,0.3239428060395377,3.1155215176669033
shadow,0,101,0.0001,75,525,7.015882058642164e-05,0.36122348478862215,2.8330949725526753
shadow,0,101,0.0001,76,532,6.944282990207195e-05,0.2404683900697689,2.9543211965849907
shadow,0,101,0.0001,77,539,6.872216535789157e-05,0.26697882051978794,2.784731893828421
shadow,0,101,0.0001,78,546,6.799700476707323e-05,0.2731517766203199,2.7324528549656724
shadow,0,101,0.0001,79,553,6.726752705214194e-05,0.3420704241309847,3.6459586403586646
shadow,0,101,0.0001,80,560,6.65339122008084e-05,0.3731910692793982,2.690793817693537
shadow,0,101,0.0001,81,567,6.57963412215599e-05,0.3569573185273579,4.163229855624112
shadow,0,101,0.0001,82,574,6.505499609899905e-05,0.2847976743443204,2.6388146371552437
shadow,0,101,0.0001,83,581,6.431005974894185e-05,0.29846486023494173,3.0142792210434424
shadow,0,101,0.0001,84,588,6.356171597328596e-05,0.35761831275054384,2.708972121729995
shadow,0,101,0.0001,85,595,6.281014941466031e-05,0.23428515877042497,3.170124631939512
shadow,0,101,0.0001,86,602,6.205554551086733e-05,0.23718368634581566,2.8587530887488164
shadow,0,101,0.0001,87,609,6.129809044912887e-05,0.22396462028180913,3.3043365478515625
shadow,0,101,0.0001,88,616,6.053797112014738e-05,0.21737846519265855,2.9091624635638613
shadow,0,101,0.0001,89,623,5.977537507199338e-05,0.24810438816036498,3.0490016359271426
shadow,0,101,0.0001,90,630,5.901049046383077e-05,0.22633441856929234,2.843605388294567
shadow,0,101,0.0001,91,637,5.8243506019491436e-05,0.27154851385525297,3.2737069563432173
shadow,0,101,0.0001,92,644,5.7474610980910354e-05,0.2109400810939925,2.7436439051772608
shadow,0,101,0.0001,93,651,5.6703995061433075e-05,0.46272281663758413,2.911433711196437
shadow,0,101,0.0001,94,658,5.5931848399006745e-05,0.21011432579585484,2.86613637750799
shadow,0,101,0.0001,95,665,5.515836150926646e-05,0.18753356274724606,3.2759333523837
shadow,0,101,0.0001,96,672,5.438372523852833e-05,0.21455280695642745,2.782962567878492
shadow,0,101,0.0001,97,679,5.360813071670102e-05,0.19506226972277677,3.340581142541134
shadow,0,101,0.0001,98,686,5.283176931012731e-05,0.2316700965166092,3.128787763190992
shadow,0,101,0.0001,99,693,5.205483257436735e-05,0.23594088107347488,2.9328290765935723
shadow,0,101,0.0001,100,700,5.127751220693513e-05,0.19524357082056149,2.7640687191125117
shadow,0,101,0.0001,101,707,5.05e-05,0.20579775236546993,2.741923361113577
shadow,0,101,0.0001,102,714,4.972248779306489e-05,0.24291684372084482,3.21934682672674
shadow,0,101,0.0001,103,721,4.894516742563265e-05,0.30737482969249996,2.782729062167081
shadow,0,101,0.0001,104,728,4.816823068987269e-05,0.21431655968938554,3.3948291431773794
shadow,0,101,0.0001,105,735,4.739186928329899e-05,0.22170787622287338,3.0198331890684185
shadow,0,101,0.0001,106,742,4.661627476147168e-05,0.21719906266246522,2.94679526126746
shadow,0,101,0.0001,107,749,4.584163849073354e-05,0.15702095388301782,3.6167264996152935
shadow,0,101,0.0001,108,756,4.5068151600993264e-05,0.220907739762749,3.0698503436464253
shadow,0,101,0.0001,109,763,4.429600493856695e-05,0.2246900349855423,3.1979468374541313
shadow,0,101,0.0001,110,770,4.352538901908967e-05,0.18961479435009615,3.2763129725600733
shadow,0,101,0.0001,111,777,4.275649398050857e-05,0.19577885738440923,3.0677662473736387
shadow,0,101,0.0001,112,784,4.198950953616922e-05,0.34358922498566763,3.34170185435902
shadow,0,101,0.001,1,7,0.001,0.6373541764257554,3.267680543841738
shadow,0,101,0.001,2,14,0.000999938933078422,0.5484506099351815,3.2521357680812026
shadow,0,101,0.001,3,21,0.0009997557473810372,0.5775778549058097,3.209288857199929
shadow,0,101,0.001,4,28,0.0009994504881061753,0.5353060577596936,4.285311381022136
shadow,0,101,0.001,5,35,0.0009990232305719944,0.7289457023143768,3.4745427911931817
shadow,0,101,0.001,6,42,0.0009984740801978985,0.47978819587400984,3.2361332286487925
shadow,0,101,0.001,7,49,0.0009978031724785245,0.564370938709804,3.140818971576113
shadow,0,101,0.001,8,56,0.000997010672950314,0.46539667434990406,3.396857984138258
shadow,0,101,0.001,9,63,0.0009960967771506667,0.42583431396633387,4.566936608516809
shadow,0,101,0.001,10,70,0.000995061710569696,0.5802186360316617,3.7913802175810845
shadow,0,101,0.001,11,77,0.0009939057285945933,0.6136212732110705,3.2863482850970644
shadow,0,101,0.001,12,84,0.000992629116446613,0.40358755498060156,2.947726162997159
shadow,0,101,0.001,13,91,0.000991232189110701,0.5008165878908974,2.882035920114228
shadow,0,101,0.001,14,98,0.0009897152912577741,0.4368764726178987,3.637013290867661
shadow,0,101,0.001,15,105,0.00098807879715968,0.46788290994507925,4.128885673754143
shadow,0,101,0.001,16,112,0.00098632311059685,0.6653883031436375,3.039982882412997
shadow,0,101,0.001,17,119,0.0009844486647586723,0.4206328477178301,2.7510406031753076
shadow,0,101,0.001,18,126,0.00098245592213661,0.2722436136433056,2.6284935691139917
shadow,0,101,0.001,19,133,0.0009803453744100868,0.34990097156592775,3.109098261052912
shadow,0,101,0.001,20,140,0.0009781175423251734,0.2848766190665109,2.553419402151397
shadow,0,101,0.001,21,147,0.0009757729755661011,0.2641253780041422,3.3432044982910156
shadow,0,101,0.001,22,154,0.0009733122526196349,0.29552572327000753,4.939803036776456
shadow,0,101,0.001,23,161,0.0009707359806323416,0.5043199615819114,2.9786118016098486
shadow,0,101,0.001,24,168,0.0009680447952607845,0.4344672454254968,2.5125559026544746
shadow,0,101,0.001,25,175,0.0009652393605146844,0.2255907425923007,2.8291977391098486
shadow,0,101,0.001,26,182,0.000962320368593087,0.22503537365368434,2.9952750928474194
shadow,0,101,0.001,27,189,0.0009592885397135706,0.2890658016715731,3.040981523918383
shadow,0,101,0.001,28,196,0.0009561446219345453,0.2240019706743104,3.023032217314749
shadow,0,101,0.001,29,203,0.0009528893909706797,0.18859184852668218,2.755242550011837
shadow,0,101,0.001,30,210,0.0009495236500015047,0.15988513680973224,4.120654366233132
shadow,0,101,0.001,31,217,0.0009460482294732421,0.26965049940294455,3.5387517755681817
shadow,0,101,0.001,32,224,0.0009424639868939033,0.24933805210249765,3.3646150068803267
shadow,0,101,0.001,33,231,0.0009387718066217125,0.24210044794848987,2.7938484423088306
shadow,0,101,0.001,34,238,0.0009349725996469047,0.19080918175833567,3.3669306437174478
shadow,0,101,0.001,35,245,0.0009310673033669522,0.1902354976960591,3.2512961878921045
shadow,0,101,0.001,36,252,0.0009270568813552756,0.1783371865749359,3.962039022734671
shadow,0,101,0.001,37,259,0.0009229423231234975,0.15599346586636134,3.1814570571437026
shadow,0,101,0.001,38,266,0.0009187246438772938,0.2786439742360796,2.9245954571348247
shadow,0,101,0.001,39,273,0.0009144048842659081,0.28892878123692106,3.7370672514944365
shadow,0,101,0.001,40,280,0.0009099841101253866,0.3495155615465982,2.662322998046875
shadow,0,101,0.001,41,287,0.000905463412215599,0.17323610599851236,3.151234482273911
shadow,0,101,0.001,42,294,0.0009008439059511099,0.18909153448683874,2.8104349772135415
shadow,0,101,0.001,43,301,0.0008961267311259666,0.15031785890460014,2.6228910503965435
shadow,0,101,0.001,44,308,0.0008913130516324732,0.141818605363369,2.802472548051314
shadow,0,101,0.001,45,315,0.0008864040551740157,0.1548200768551656,2.8250749761408027
shadow,0,101,0.001,46,322,0.0008814009529720154,0.11413964735610145,3.6847698327266807
shadow,0,101,0.001,47,329,0.0008763049794670775,0.16542778057711466,2.7683174826882104
shadow,0,101,0.001,48,336,0.0008711173920144117,0.10954814326084618,2.5483231977982954
shadow,0,101,0.001,49,343,0.0008658394705735987,0.11684161743947438,3.3806694493149267
shadow,0,101,0.001,50,350,0.0008604725173927785,0.11879867940608944,2.5456553372469815
shadow,0,101,0.001,51,357,0.000855017856687341,0.17718545986073359,2.5326242157907197
shadow,0,101,0.001,52,364,0.0008494768343131955,0.09797283355146646,3.3765291156190815
shadow,0,101,0.001,53,371,0.0008438508174347009,0.11570801585912704,3.0342552878639917
shadow,0,101,0.001,54,378,0.0008381411941873378,0.0835360768251121,2.528434406627308
shadow,0,101,0.01,1,7,0.01,10.114370575972966,362.5748744155421
shadow,0,101,0.01,2,14,0.00999938933078422,104.75904246738979,753.6009502988873
shadow,0,101,0.01,3,21,0.009997557473810372,57.97091770172119,217.5535687533292
shadow,0,101,0.01,4,28,0.009994504881061753,9.12887852532523,53.777124578302555
shadow,0,101,0.01,5,35,0.009990232305719944,5.692579422678266,15.630775220466383
shadow,0,101,0.01,6,42,0.009984740801978984,1.8098862618207932,3.235906658750592
shadow,0,101,0.01,7,49,0.009978031724785246,0.6494113760335105,3.269882433342211
shadow,0,101,0.01,8,56,0.00997010672950314,0.47436272964945864,3.265725106904001
shadow,0,101,0.01,9,63,0.009960967771506667,0.4939621559211186,3.264275753136837
shadow,0,101,0.01,10,70,0.00995061710569696,0.509602278470993,3.2625496604225854
shadow,0,101,0.01,11,77,0.009939057285945933,0.5213141313620976,3.2658039439808237
shadow,0,101,0.01,12,84,0.00992629116446613,0.5535502816949572,3.269367333614465
shadow,0,101,0.01,13,91,0.00991232189110701,0.5523091341767993,3.2678060820608428
shadow,0,101,0.01,14,98,0.00989715291257774,0.47770250162908007,3.2660483157995976
shadow,0,101,0.01,15,105,0.0098807879715968,0.5775662660598755,3.266199054140033
shadow,0,101,0.01,16,112,0.0098632311059685,0.6322141928332192,3.2692339348070547
shadow,0,101,0.01,17,119,0.009844486647586723,0.48879123266254154,3.2727177937825522
shadow,0,101,0.01,18,126,0.0098245592213661,0.601632969720023,3.2748026992335464
shadow,0,101,0.01,19,133,0.009803453744100868,0.6994263785226005,3.2741680723248106
shadow,0,101,0.01,20,140,0.009781175423251734,0.48766557765858515,3.275398947975852
shadow,0,101,0.01,21,147,0.009757729755661011,0.4929403087922505,3.2767477324514678
shadow,0,101,0.01,22,154,0.009733122526196349,0.8040470055171421,3.274687333540483
shadow,0,101,0.01,23,161,0.009707359806323416,0.4849964438804558,3.158757296475497
shadow,0,101,0.01,24,168,0.009680447952607845,0.7378864203180585,3.2708051276929453
shadow,0,101,0.01,25,175,0.009652393605146845,0.5704710142953056,3.269580263080019
shadow,0,101,0.01,26,182,0.00962320368593087,0.8313903127397809,3.2714395234079072
shadow,0,101,0.01,27,189,0.009592885397135707,0.4816331496196134,3.2736714680989585
shadow,0,101,0.01,28,196,0.009561446219345454,0.4763930342825396,3.2733683730616714
shadow,0,101,0.01,29,203,0.009528893909706798,0.5126787040914808,3.2737898393110796
shadow,0,101,0.01,30,210,0.009495236500015047,0.4823182720158781,3.2750933098070547
shadow,0,101,0.01,31,217,0.00946048229473242,0.49892946226256235,3.27438007701527
shadow,0,101,0.01,32,224,0.009424639868939034,0.4774429899241243,3.2754086581143467
shadow,0,101,0.01,33,231,0.009387718066217124,0.5590689948626927,3.274538444750237
shadow,0,101,0.01,34,238,0.009349725996469048,0.729884168931416,3.272184198552912
shadow,0,101,0.01,35,245,0.00931067303366952,0.541414099080222,3.271806427926728
shadow,0,101,0.01,36,252,0.009270568813552756,0.4896388767021043,3.270720741965554
shadow,0,101,0.01,37,259,0.009229423231234974,0.48160115256905556,3.270906852953362
shadow,0,101,0.01,38,266,0.009187246438772938,0.5142499080726078,3.2718596024946733
shadow,0,101,0.01,39,273,0.009144048842659082,0.6002327884946551,3.2734146118164062
shadow,0,101,0.01,40,280,0.009099841101253866,0.7299182053123202,3.2724116932262075
shadow,0,101,0.01,41,287,0.00905463412215599,0.47634006664156914,3.2733027140299478
shadow,0,101,0.01,42,294,0.0090084390595111,0.48148959183267187,3.2733498775597774
shadow,0,101,0.01,43,301,0.008961267311259666,0.5013454556465149,3.2717666625976562
shadow,0,101,0.01,44,308,0.008913130516324731,0.49912785845143454,3.272299101858428
shadow,0,101,0.01,45,315,0.008864040551740157,0.4803439809807709,3.271296414462003
shadow,0,101,0.01,46,322,0.008814009529720154,0.711913281253406,3.269464434999408
shadow,0,101,0.01,47,329,0.008763049794670776,0.7094719111919403,3.2667282566879736
shadow,0,101,0.01,48,336,0.008711173920144118,0.47526417968661655,3.264374472878196
shadow,0,101,0.01,49,343,0.008658394705735987,0.4855963651623045,3.2637410019383286
shadow,0,101,0.01,50,350,0.008604725173927784,0.4788619974361999,3.264616763953007
shadow,0,101,0.01,51,357,0.00855017856687341,0.6351253986358643,3.2662300341057056
shadow,0,101,0.01,52,364,0.008494768343131955,0.4963364750146866,3.2685678655450996
shadow,0,101,0.01,53,371,0.00843850817434701,0.5745303630828857,3.2689444802024146
shadow,1,101,1e-05,1,7,1e-05,0.5025406996054309,3.536752939224243
shadow,1,101,1e-05,2,14,9.99938933078422e-06,0.5630831462996346,3.4985527992248535
shadow,1,101,1e-05,3,21,9.997557473810373e-06,0.5709778581346784,3.4890782833099365
shadow,1,101,1e-05,4,28,9.994504881061752e-06,0.675608651978629,3.4814908504486084
shadow,1,101,1e-05,5,35,9.990232305719944e-06,0.753127647297723,3.480384349822998
shadow,1,101,1e-05,6,42,9.984740801978984e-06,0.47253942569451673,3.479811429977417
shadow,1,101,1e-05,7,49,9.978031724785247e-06,0.48146331842456547,3.4792089462280273
shadow,1,101,1e-05,8,56,9.97010672950314e-06,0.4870257461942466,3.4784834384918213
shadow,1,101,1e-05,9,63,9.960967771506666e-06,0.5762186816760472,3.477928638458252
shadow,1,101,1e-05,10,70,9.950617105696961e-06,0.5328992434910366,3.4774672985076904
shadow,1,101,1e-05,11,77,9.939057285945933e-06,0.5020113417080471,3.4770259857177734
shadow,1,101,1e-05,12,84,9.926291164466131e-06,0.4817404220146792,3.4766480922698975
shadow,1,101,1e-05,13,91,9.91232189110701e-06,0.5125206538609096,3.4762589931488037
shadow,1,101,1e-05,14,98,9.897152912577742e-06,0.5853272463594165,3.4759795665740967
shadow,1,101,1e-05,15,105,9.8807879715968e-06,0.5284781881741115,3.4756932258605957
shadow,1,101,1e-05,16,112,9.8632311059685e-06,0.47632491162845064,3.4753458499908447
shadow,1,101,1e-05,17,119,9.844486647586724e-06,0.7166881944452014,3.47505521774292
shadow,1,101,1e-05,18,126,9.824559221366101e-06,0.4742108072553362,3.47469162940979
shadow,1,101,1e-05,19,133,9.803453744100868e-06,0.47763967766825643,3.474231719970703
shadow,1,101,1e-05,20,140,9.781175423251734e-06,0.4848373952055616,3.473832607269287
shadow,1,101,1e-05,21,147,9.757729755661012e-06,0.5395208512033735,3.473679780960083
shadow,1,101,1e-05,22,154,9.73312252619635e-06,0.5476668732506889,3.473634719848633
shadow,1,101,1e-05,23,161,9.707359806323418e-06,0.5700075839247022,3.4733870029449463
shadow,1,101,1e-05,24,168,9.680447952607845e-06,0.5773128015654427,3.473140239715576
shadow,1,101,1e-05,25,175,9.652393605146845e-06,0.49107758893764447,3.472930431365967
shadow,1,101,1e-05,26,182,9.62320368593087e-06,0.5722949079104832,3.4726006984710693
shadow,1,101,1e-05,27,189,9.592885397135707e-06,0.6265465787478856,3.4721202850341797
shadow,1,101,1e-05,28,196,9.561446219345455e-06,0.4781390652060509,3.471832513809204
shadow,1,101,1e-05,29,203,9.528893909706798e-06,0.5373568790299552,3.471470594406128
shadow,1,101,1e-05,30,210,9.495236500015048e-06,0.5680704074246543,3.472271680831909
shadow,1,101,1e-05,31,217,9.460482294732422e-06,0.4666242716567857,3.473811388015747
shadow,1,101,1e-05,32,224,9.424639868939035e-06,0.5078872101647514,3.475498676300049
shadow,1,101,1e-05,33,231,9.387718066217125e-06,0.5490221764360156,3.470524787902832
shadow,1,101,1e-05,34,238,9.349725996469047e-06,0.49867600202560425,3.470216751098633
shadow,1,101,1e-05,35,245,9.310673033669522e-06,0.5180399247578212,3.4699368476867676
shadow,1,101,1e-05,36,252,9.270568813552757e-06,0.71559625012534,3.4695448875427246
shadow,1,101,1e-05,37,259,9.229423231234975e-06,0.6287254435675484,3.4692885875701904
shadow,1,101,1e-05,38,266,9.18724643877294e-06,0.7158390709332058,3.468909978866577
shadow,1,101,1e-05,39,273,9.144048842659081e-06,0.5495468292917524,3.4684388637542725
shadow,1,101,1e-05,40,280,9.099841101253867e-06,0.48027126105236156,3.4680898189544678
shadow,1,101,1e-05,41,287,9.054634122155991e-06,0.6898123323917389,3.4677112102508545
shadow,1,101,1e-05,42,294,9.0084390595111e-06,0.48658217170408796,3.4673917293548584
shadow,1,101,1e-05,43,301,8.961267311259668e-06,0.4748312288096973,3.466909408569336
shadow,1,101,1e-05,44,308,8.913130516324733e-06,0.5202825793198177,3.4666025638580322
shadow,1,101,1e-05,45,315,8.864040551740158e-06,0.4781354431595121,3.4663734436035156
shadow,1,101,1e-05,46,322,8.814009529720155e-06,0.5240695774555206,3.466108560562134
shadow,1,101,1e-05,47,329,8.763049794670776e-06,0.5345361062458583,3.465636730194092
shadow,1,101,1e-05,48,336,8.711173920144118e-06,0.5260595764432635,3.4650659561157227
shadow,1,101,1e-05,49,343,8.658394705735988e-06,0.5306761605398995,3.464616537094116
shadow,1,101,1e-05,50,350,8.604725173927786e-06,0.5272863805294037,3.4642622470855713
shadow,1,101,1e-05,51,357,8.550178566873412e-06,0.545260706118175,3.4639835357666016
shadow,1,101,1e-05,52,364,8.494768343131955e-06,0.4897958976881845,3.463700294494629
shadow,1,101,1e-05,53,371,8.43850817434701e-06,0.5449672341346741,3.4634053707122803
shadow,1,101,1e-05,54,378,8.381411941873379e-06,0.716031687600272,3.4630794525146484
shadow,1,101,1e-05,55,385,8.323493733352078e-06,0.48659819151674,3.462594747543335
shadow,1,101,1e-05,56,392,8.26476783923441e-06,0.6236199481146676,3.462115526199341
shadow,1,101,1e-05,57,399,8.205248749256014e-06,0.4811414891404898,3.461698293685913
shadow,1,101,1e-05,58,406,8.144951148861743e-06,0.46314600269709316,3.461357355117798
shadow,1,101,1e-05,59,413,8.083889915582235e-06,0.5620749550206321,3.4610679149627686
shadow,1,101,1e-05,60,420,8.022080115363127e-06,0.7273743024894169,3.460710287094116
shadow,1,101,1e-05,61,427,7.959536998847744e-06,0.7472765275410244,3.460524559020996
shadow,1,101,1e-05,62,434,7.89627599761423e-06,0.7193751079695565,3.4601755142211914
shadow,1,101,1e-05,63,441,7.832312720368048e-06,0.5297685946737017,3.459972858428955
shadow,1,101,1e-05,64,448,7.767662949090754e-06,0.5958860857146127,3.4633305072784424
shadow,1,101,1e-05,65,455,7.702342635146033e-06,0.48792431955890997,3.463155508041382
shadow,1,101,1e-05,66,462,7.636367895343947e-06,0.5833595522812435,3.460157871246338
shadow,1,101,1e-05,67,469,7.5697550079643376e-06,0.523226431437901,3.4587326049804688
shadow,1,101,1e-05,68,476,7.502520408740418e-06,0.5470319475446429,3.45827579498291
shadow,1,101,1e-05,69,483,7.43468068680349e-06,0.8353959023952484,3.4580068588256836
shadow,1,101,1e-05,70,490,7.366252580589839e-06,0.49881112362657276,3.457545280456543
shadow,1,101,1e-05,71,497,7.297252973710756e-06,0.49563940933772493,3.4572737216949463
shadow,1,101,1e-05,72,504,7.227698890786779e-06,0.4661563185176679,3.4570608139038086
shadow,1,101,1e-05,73,511,7.15760749324711e-06,0.6151232123374939,3.4571545124053955
shadow,1,101,1e-05,74,518,7.086996075095289e-06,0.804176756313869,3.4579949378967285
shadow,1,101,1e-05,75,525,7.015882058642164e-06,0.7746490921292987,3.459684133529663
shadow,1,101,1e-05,76,532,6.9442829902071945e-06,0.4755908313839297,3.460432529449463
shadow,1,101,1e-05,77,539,6.8722165357891564e-06,0.5225985731397357,3.4600298404693604
shadow,1,101,1e-05,78,546,6.799700476707323e-06,0.4934346633298056,3.4579951763153076
shadow,1,101,1e-05,79,553,6.726752705214193e-06,0.4951548193182264,3.4555745124816895
shadow,1,101,1e-05,80,560,6.65339122008084e-06,0.5333617372172219,3.455451250076294
shadow,1,101,1e-05,81,567,6.57963412215599e-06,0.6323683347020831,3.455332040786743
shadow,1,101,1e-05,82,574,6.505499609899905e-06,0.47552955576351713,3.455073356628418
shadow,1,101,1e-05,83,581,6.431005974894185e-06,0.5258997976779938,3.4548540115356445
shadow,1,101,1e-05,84,588,6.356171597328595e-06,0.5835510492324829,3.4545886516571045
shadow,1,101,1e-05,85,595,6.28101494146603e-06,0.4861941465309688,3.4544026851654053
shadow,1,101,1e-05,86,602,6.205554551086732e-06,0.6020054136003766,3.4541664123535156
shadow,1,101,1e-05,87,609,6.129809044912887e-06,0.4743992941720145,3.4538581371307373
shadow,1,101,1e-05,88,616,6.053797112014738e-06,0.5295071601867676,3.45351243019104
shadow,1,101,1e-05,89,623,5.977537507199338e-06,0.5520005396434239,3.4532806873321533
shadow,1,101,1e-05,90,630,5.901049046383077e-06,0.6588227195399148,3.4530911445617676
shadow,1,101,1e-05,91,637,5.824350601949143e-06,0.485689745417663,3.452777147293091
shadow,1,101,1e-05,92,644,5.7474610980910354e-06,0.5950026980468205,3.4525909423828125
shadow,1,101,1e-05,93,651,5.6703995061433075e-06,0.46906423196196556,3.4524104595184326
shadow,1,101,1e-05,94,658,5.5931848399006745e-06,0.722046856369291,3.452218532562256
shadow,1,101,1e-05,95,665,5.515836150926646e-06,0.500454808984484,3.452009677886963
shadow,1,101,1e-05,96,672,5.438372523852833e-06,0.5215239652565548,3.4517383575439453
shadow,1,101,1e-05,97,679,5.360813071670101e-06,0.6133409653391156,3.451554775238037
shadow,1,101,1e-05,98,686,5.283176931012731e-06,0.5798202412469047,3.451429605484009
shadow,1,101,1e-05,99,693,5.205483257436735e-06,0.5614740252494812,3.4513022899627686
shadow,1,101,1e-05,100,700,5.127751220693512e-06,0.4710165712250663,3.451098918914795
shadow,1,101,1e-05,101,707,5.05e-06,0.49424282142094206,3.4507811069488525
shadow,1,101,1e-05,102,714,4.972248779306488e-06,0.6750824792044503,3.4504339694976807
shadow,1,101,1e-05,103,721,4.8945167425632645e-06,0.4836721585265228,3.4501044750213623
shadow,1,101,1e-05,104,728,4.816823068987269e-06,0.4780208702598299,3.449713706970215
shadow,1,101,1e-05,105,735,4.7391869283298985e-06,0.46992506073521717,3.449509382247925
shadow,1,101,1e-05,106,742,4.661627476147168e-06,0.5653325659888131,3.449439764022827
shadow,1,101,1e-05,107,749,4.584163849073354e-06,0.4881623089313507,3.4492387771606445
shadow,1,101,1e-05,108,756,4.506815160099326e-06,0.46368810002292904,3.449026107788086
shadow,1,101,1e-05,109,763,4.429600493856694e-06,0.5019007623195648,3.448896646499634
shadow,1,101,1e-05,110,770,4.352538901908967e-06,0.5840978963034493,3.4486958980560303
shadow,1,101,1e-05,111,777,4.275649398050858e-06,0.5578428123678479,3.448535680770874
shadow,1,101,1e-05,112,784,4.198950953616922e-06,0.5249088960034507,3.448362350463867
shadow,1,101,1e-05,113,791,4.122462492800663e-06,0.4727164501590388,3.448082208633423
shadow,1,101,1e-05,114,798,4.046202887985263e-06,0.47727881238928865,3.4477787017822266
shadow,1,101,1e-05,115,805,3.970190955087116e-06,0.678697087935039,3.44744873046875
shadow,1,101,1e-05,116,812,3.894445448913268e-06,0.573076605796814,3.4471912384033203
shadow,1,101,1e-05,117,819,3.818985058533969e-06,0.5240169039794377,3.4469735622406006
shadow,1,101,1e-05,118,826,3.7438284026714044e-06,0.4816674930708749,3.446784019470215
shadow,1,101,1e-05,119,833,3.6689940251058153e-06,0.6507943740912846,3.446601390838623
shadow,1,101,1e-05,120,840,3.594500390100096e-06,0.4948921501636505,3.446340560913086
shadow,1,101,1e-05,121,847,3.5203658778440116e-06,0.47508770866053446,3.446136236190796
shadow,1,101,1e-05,122,854,3.4466087799191603e-06,0.4835809213774545,3.4458084106445312
shadow,1,101,1e-05,123,861,3.3732472947858077e-06,0.4607599460120712,3.4455628395080566
shadow,1,101,1e-05,124,868,3.300299523292678e-06,0.48032824801547186,3.4453835487365723
shadow,1,101,1e-05,125,875,3.227783464210845e-06,0.47855568890060696,3.4452388286590576
shadow,1,101,1e-05,126,882,3.155717009792807e-06,0.478973280106272,3.4450302124023438
shadow,1,101,1e-05,127,889,3.0841179413578354e-06,0.4487460575224499,3.4448304176330566
shadow,1,101,1e-05,128,896,3.0130039249047117e-06,0.4607285930375968,3.4446403980255127
shadow,1,101,1e-05,129,903,2.9423925067528904e-06,0.493974289723805,3.4444594383239746
shadow,1,101,1e-05,130,910,2.87230110921322e-06,0.6798157479081836,3.4443511962890625
shadow,1,101,1e-05,131,917,2.8027470262892435e-06,0.4729698627654995,3.444190263748169
shadow,1,101,1e-05,132,924,2.7337474194101625e-06,0.5976762431008475,3.4440629482269287
shadow,1,101,1e-05,133,931,2.6653193131965085e-06,0.46985568212611334,3.4440364837646484
shadow,1,101,1e-05,134,938,2.5974795912595824e-06,0.5118608602455684,3.4439189434051514
shadow,1,101,1e-05,135,945,2.530244992035662e-06,0.5996068886348179,3.443725109100342
shadow,1,101,1e-05,136,952,2.4636321046560533e-06,0.4606412062338287,3.4435529708862305
shadow,1,101,1e-05,137,959,2.3976573648539653e-06,0.5061839393207005,3.443385601043701
shadow,1,101,1e-05,138,966,2.332337050909247e-06,0.5863151294844491,3.44321870803833
shadow,1,101,1e-05,139,973,2.267687279631953e-06,0.6603028093065534,3.4430441856384277
shadow,1,101,1e-05,140,980,2.2037240023857708e-06,0.6936811251299722,3.442922592163086
shadow,1,101,1e-05,141,987,2.1404630011522584e-06,0.4845815428665706,3.4427685737609863
shadow,1,101,1e-05,142,994,2.0779198846368745e-06,0.6338137601103101,3.4426307678222656
shadow,1,101,1e-05,143,1001,2.0161100844177658e-06,0.46129521002460805,3.442497491836548
shadow,1,101,1e-05,144,1008,1.9550488511382593e-06,0.7928578981331417,3.442368745803833
shadow,1,101,1e-05,145,1015,1.894751250743986e-06,0.46345681484256473,3.4421982765197754
shadow,1,101,1e-05,146,1022,1.8352321607655916e-06,0.47705102605479105,3.442060947418213
shadow,1,101,1e-05,147,1029,1.7765062666479242e-06,0.47064382705154845,3.4419479370117188
shadow,1,101,1e-05,148,1036,1.7185880581266217e-06,0.46165327509931686,3.441791296005249
shadow,1,101,1e-05,149,1043,1.6614918256529908e-06,0.49959552713802885,3.441654920578003
shadow,1,101,1e-05,150,1050,1.6052316568680442e-06,0.5016583949327469,3.4415202140808105
shadow,1,101,1e-05,151,1057,1.5498214331265902e-06,0.4785625785589218,3.4413976669311523
shadow,1,101,1e-05,152,1064,1.495274826072216e-06,0.48075831681489944,3.4413070678710938
shadow,1,101,1e-05,153,1071,1.441605294264014e-06,0.5390395820140839,3.441216468811035
shadow,1,101,1e-05,154,1078,1.3888260798558817e-06,0.4778176226786205,3.4411027431488037
shadow,1,101,1e-05,155,1085,1.3369502053292252e-06,0.6285306939056942,3.44101619720459
shadow,1,101,1e-05,156,1092,1.285990470279847e-06,0.48236420324870516,3.440917730331421
shadow,1,101,1e-05,157,1099,1.2359594482598438e-06,0.47733338123985697,3.440847396850586
shadow,1,101,1e-05,158,1106,1.1868694836752686e-06,0.4753566826028483,3.44077205657959
shadow,1,101,1e-05,159,1113,1.1387326887403326e-06,0.5011559895106724,3.4406957626342773
shadow,1,101,1e-05,160,1120,1.0915609404889017e-06,0.6750426122120449,3.440635919570923
shadow,1,101,1e-05,161,1127,1.0453658778440107e-06,0.4603703532900129,3.4405605792999268
shadow,1,101,1e-05,162,1134,1.0001588987461348e-06,0.5129211970738002,3.4405155181884766
shadow,1,101,1e-05,163,1141,9.559511573409195e-07,0.48692048873220173,3.4404690265655518
shadow,1,101,1e-05,164,1148,9.127535612270632e-07,0.5137953247342791,3.440439462661743
shadow,1,101,1e-05,165,1155,8.705767687650265e-07,0.46775717871241795,3.4403867721557617
shadow,1,101,1e-05,166,1162,8.294311864472448e-07,0.5301417452948434,3.440333366394043
shadow,1,101,1e-05,167,1169,7.893269663304784e-07,0.5350393440042224,3.4402806758880615
shadow,1,101,1e-05,168,1176,7.50274003530953e-07,0.5359338436807904,3.440213441848755
shadow,1,101,1e-05,169,1183,7.122819337828752e-07,0.5398223911012922,3.4401509761810303
shadow,1,101,1e-05,170,1190,6.753601310609673e-07,0.47389027157000135,3.440101146697998
shadow,1,101,1e-05,171,1197,6.395177052675794e-07,0.46551096013614107,3.4400665760040283
shadow,1,101,1e-05,172,1204,6.047634999849531e-07,0.5128079695361001,3.440037965774536
shadow,1,101,1e-05,173,1211,5.711060902932043e-07,0.46250408036368235,3.4400100708007812
shadow,1,101,1e-05,174,1218,5.385537806545469e-07,0.5153002994401115,3.4399776458740234
shadow,1,101,1e-05,175,1225,5.071146028642944e-07,0.6458654361111777,3.4399471282958984
shadow,1,101,1e-05,176,1232,4.7679631406913176e-07,0.5496223952089038,3.4399116039276123
shadow,1,101,1e-05,177,1239,4.4760639485315585e-07,0.48056391945907045,3.4398868083953857
shadow,1,101,1e-05,178,1246,4.195520473921565e-07,0.46442592695231205,3.4398579597473145
shadow,1,101,1e-05,179,1253,3.92640193676584e-07,0.4577464573085308,3.43983793258667
shadow,1,101,1e-05,180,1260,3.668774738036508e-07,0.742653203862054,3.4398248195648193
shadow,1,101,1e-05,181,1267,3.4227024433899004e-07,0.4681041352736689,3.4397928714752197
shadow,1,101,1e-05,182,1274,3.188245767482659e-07,0.5824109997068133,3.4397668838500977
shadow,1,101,1e-05,183,1281,2.9654625589913237e-07,0.4681418016552925,3.439746856689453
shadow,1,101,1e-05,184,1288,2.754407786339001e-07,0.5230357008320945,3.4397289752960205
shadow,1,101,1e-05,185,1295,2.555133524132767e-07,0.5343169271945953,3.4397079944610596
shadow,1,101,1e-05,186,1302,2.3676889403150103e-07,0.519888141325542,3.43969464302063
shadow,1,101,1e-05,187,1309,2.1921202840320077e-07,0.6154942044189998,3.4396793842315674
shadow,1,101,1e-05,188,1316,2.0284708742225901e-07,0.5134103468486241,3.439664602279663
shadow,1,101,1e-05,189,1323,1.8767810889299085e-07,0.47814688831567764,3.439654588699341
shadow,1,101,1e-05,190,1330,1.7370883553386935e-07,0.7242777730737414,3.4396424293518066
shadow,1,101,1e-05,191,1337,1.609427140540686e-07,0.46039136818477083,3.439629554748535
shadow,1,101,1e-05,192,1344,1.493828943030402e-07,0.47172779456845354,3.439610719680786
shadow,1,101,1e-05,193,1351,1.3903222849333507e-07,0.4716823846101761,3.4395933151245117
shadow,1,101,1e-05,194,1358,1.2989327049686101e-07,0.472335231091295,3.4395864009857178
shadow,1,101,1e-05,195,1365,1.2196827521475402e-07,0.5431780304227557,3.4395830631256104
shadow,1,101,1e-05,196,1372,1.1525919802101659e-07,0.5786979964801243,3.4395782947540283
shadow,1,101,1e-05,197,1379,1.097676942800558e-07,0.5155496639864785,3.4395713806152344
shadow,1,101,1e-05,198,1386,1.0549511893824898e-07,0.47972736188343595,3.4395649433135986
shadow,1,101,1e-05,199,1393,1.0244252618962859e-07,0.6098344326019287,3.4395592212677
shadow,1,101,1e-05,200,1400,1.006106692157801e-07,0.5851830073765346,3.439554452896118
shadow,1,101,0.0001,1,7,0.0001,0.5099827743002346,3.4793527126312256
shadow,1,101,0.0001,2,14,9.99938933078422e-05,0.5493169980389732,3.4755146503448486
shadow,1,101,0.0001,3,21,9.997557473810373e-05,0.5316051329885211,3.642559051513672
shadow,1,101,0.0001,4,28,9.994504881061753e-05,0.6967027613094875,3.5145275592803955
shadow,1,101,0.0001,5,35,9.990232305719945e-05,0.7546121648379734,3.4713032245635986
shadow,1,101,0.0001,6,42,9.984740801978984e-05,0.4683615273513299,3.458418607711792
shadow,1,101,0.0001,7,49,9.978031724785247e-05,0.47979721799492836,3.4614739418029785
shadow,1,101,0.0001,8,56,9.97010672950314e-05,0.4795672930777073,3.446258783340454
shadow,1,101,0.0001,9,63,9.960967771506667e-05,0.5387760656220573,3.4552412033081055
shadow,1,101,0.0001,10,70,9.95061710569696e-05,0.5303672935281482,3.442223310470581
shadow,1,101,0.0001,11,77,9.939057285945933e-05,0.5345937779971531,3.4712769985198975
shadow,1,101,0.0001,12,84,9.926291164466132e-05,0.47890339099935125,3.4348013401031494
shadow,1,101,0.0001,13,91,9.91232189110701e-05,0.5154123987470355,3.4276487827301025
shadow,1,101,0.0001,14,98,9.897152912577741e-05,0.5335942591939654,3.43668532371521
shadow,1,101,0.0001,15,105,9.8807879715968e-05,0.5861086632524218,3.413893222808838
shadow,1,101,0.0001,16,112,9.8632311059685e-05,0.5326251643044608,3.411379814147949
shadow,1,101,0.0001,17,119,9.844486647586725e-05,0.7195444192205157,3.419210195541382
shadow,1,101,0.0001,18,126,9.824559221366101e-05,0.4707060767603772,3.396392345428467
shadow,1,101,0.0001,19,133,9.803453744100869e-05,0.4893172894205366,3.384373664855957
shadow,1,101,0.0001,20,140,9.781175423251735e-05,0.49121774626629694,3.3735451698303223
shadow,1,101,0.0001,21,147,9.757729755661011e-05,0.4806119735751833,3.386484146118164
shadow,1,101,0.0001,22,154,9.73312252619635e-05,0.5173688616071429,3.342984437942505
shadow,1,101,0.0001,23,161,9.707359806323417e-05,0.5504178021635328,3.3320095539093018
shadow,1,101,0.0001,24,168,9.680447952607845e-05,0.4866911087717329,3.30434513092041
shadow,1,101,0.0001,25,175,9.652393605146844e-05,0.4613544620640044,3.296886444091797
shadow,1,101,0.0001,26,182,9.623203685930869e-05,0.5669279800994056,3.308969736099243
shadow,1,101,0.0001,27,189,9.592885397135707e-05,0.5781071015766689,3.2862157821655273
shadow,1,101,0.0001,28,196,9.561446219345454e-05,0.48577762501580374,3.3878626823425293
shadow,1,101,0.0001,29,203,9.528893909706797e-05,0.45699491032532286,3.2663323879241943
shadow,1,101,0.0001,30,210,9.495236500015047e-05,0.5288095431668418,3.264341115951538
shadow,1,101,0.0001,31,217,9.460482294732421e-05,0.4387695757406099,3.337247848510742
shadow,1,101,0.0001,32,224,9.424639868939033e-05,0.5330696148531777,3.1743593215942383
shadow,1,101,0.0001,33,231,9.387718066217124e-05,0.5418772867747715,3.8093817234039307
shadow,1,101,0.0001,34,238,9.349725996469047e-05,0.4166149643382856,3.117048978805542
shadow,1,101,0.0001,35,245,9.310673033669521e-05,0.4368691604052271,3.474294662475586
shadow,1,101,0.0001,36,252,9.270568813552756e-05,0.5301760264805385,3.1231801509857178
shadow,1,101,0.0001,37,259,9.229423231234974e-05,0.4524000712803432,3.4760632514953613
shadow,1,101,0.0001,38,266,9.187246438772939e-05,0.593633553811482,3.4029324054718018
shadow,1,101,0.0001,39,273,9.14404884265908e-05,0.4669069690363748,3.7963149547576904
shadow,1,101,0.0001,40,280,9.099841101253866e-05,0.3920564769900271,3.0527799129486084
shadow,1,101,0.0001,41,287,9.05463412215599e-05,0.49064044867243084,3.4979538917541504
shadow,1,101,0.0001,42,294,9.0084390595111e-05,0.34536800127742545,3.307656764984131
shadow,1,101,0.0001,43,301,8.961267311259666e-05,0.34500884264707565,3.3672306537628174
shadow,1,101,0.0001,44,308,8.913130516324733e-05,0.4568717820303781,3.3887386322021484
shadow,1,101,0.0001,45,315,8.864040551740158e-05,0.3512863096381937,3.717034935951233
shadow,1,101,0.0001,46,322,8.814009529720155e-05,0.3146805928221771,3.210992217063904
shadow,1,101,0.0001,47,329,8.763049794670775e-05,0.31730495606149944,3.7188977003097534
shadow,1,101,0.0001,48,336,8.711173920144117e-05,0.4933880695274898,3.9268715381622314
shadow,1,101,0.0001,49,343,8.658394705735987e-05,0.3314782040459769,3.2667129039764404
shadow,1,101,0.0001,50,350,8.604725173927785e-05,0.38505394543920246,3.440229296684265
shadow,1,101,0.0001,51,357,8.55017856687341e-05,0.3453297721488135,3.8278963565826416
shadow,1,101,0.0001,52,364,8.494768343131955e-05,0.2899916443441595,3.667320966720581
shadow,1,101,0.0001,53,371,8.438508174347009e-05,0.4043978452682495,3.804368019104004
shadow,1,101,0.0001,54,378,8.381411941873378e-05,0.45437596099717276,4.154119968414307
shadow,1,101,0.0001,55,385,8.323493733352077e-05,0.3372061124869755,3.291952133178711
shadow,1,101,0.0001,56,392,8.26476783923441e-05,0.3647556092057909,3.9423635005950928
shadow,1,101,0.0001,57,399,8.205248749256015e-05,0.31973824330738615,4.284366846084595
shadow,1,101,0.0001,58,406,8.144951148861742e-05,0.30786285549402237,3.617039918899536
shadow,1,101,0.0001,59,413,8.083889915582235e-05,0.28507337825638907,3.7497591972351074
shadow,1,101,0.0001,60,420,8.022080115363127e-05,0.4296507388353348,3.3510901927948
shadow,1,101,0.0001,61,427,7.959536998847744e-05,0.4427391290664673,3.2803982496261597
shadow,1,101,0.0001,62,434,7.89627599761423e-05,0.4191615751811436,4.2879122495651245
shadow,1,101,0.0001,63,441,7.832312720368048e-05,0.2466469183564186,3.450584650039673
shadow,1,101,0.0001,64,448,7.767662949090753e-05,0.36612572201660704,5.100168466567993
shadow,1,101,0.0001,65,455,7.702342635146033e-05,0.31252019107341766,3.255836248397827
shadow,1,101,0.0001,66,462,7.636367895343946e-05,0.3438127615622112,4.285027623176575
shadow,1,101,0.0001,67,469,7.569755007964338e-05,0.2483078185468912,3.404898166656494
shadow,1,101,0.0001,68,476,7.502520408740418e-05,0.3216020464897156,4.1641765832901
shadow,1,101,0.0001,69,483,7.43468068680349e-05,0.2848484195502741,3.9265761375427246
shadow,1,101,0.0001,70,490,7.366252580589839e-05,0.2737401915448053,3.3212963342666626
shadow,1,101,0.001,1,7,0.001,0.7695295906492642,3.4926347732543945
shadow,1,101,0.001,2,14,0.000999938933078422,0.5367342489106315,4.804068088531494
shadow,1,101,0.001,3,21,0.0009997557473810372,0.7272730554853167,4.39982795715332
shadow,1,101,0.001,4,28,0.0009994504881061753,0.6752016927514758,4.291769742965698
shadow,1,101,0.001,5,35,0.0009990232305719944,0.7406717623983111,3.4439518451690674
shadow,1,101,0.001,6,42,0.0009984740801978985,0.5133851532425199,3.5153608322143555
shadow,1,101,0.001,7,49,0.0009978031724785245,0.515827724976199,3.444903612136841
shadow,1,101,0.001,8,56,0.000997010672950314,0.4649633386039308,3.2711570262908936
shadow,1,101,0.001,9,63,0.0009960967771506667,0.5096375984804971,3.2451984882354736
shadow,1,101,0.001,10,70,0.000995061710569696,0.4872716111796243,5.092777729034424
shadow,1,101,0.001,11,77,0.0009939057285945933,0.5170541405677795,3.837764263153076
shadow,1,101,0.001,12,84,0.000992629116446613,0.4151420348456928,4.142108917236328
shadow,1,101,0.001,13,91,0.000991232189110701,0.39787055073039873,2.9518039226531982
shadow,1,101,0.001,14,98,0.0009897152912577741,0.4656926010336195,3.989022374153137
shadow,1,101,0.001,15,105,0.00098807879715968,0.5396493588175092,3.0394835472106934
shadow,1,101,0.001,16,112,0.00098632311059685,0.353132916148752,3.8222070932388306
shadow,1,101,0.001,17,119,0.0009844486647586723,0.5164583580834525,3.1621055603027344
shadow,1,101,0.001,18,126,0.00098245592213661,0.33364721813372206,3.600850820541382
shadow,1,101,0.001,19,133,0.0009803453744100868,0.523338326386043,5.759340882301331
shadow,1,101,0.001,20,140,0.0009781175423251734,0.4894172378948757,2.905024528503418
shadow,1,101,0.001,21,147,0.0009757729755661011,0.32582931654594305,2.9265291690826416
shadow,1,101,0.001,22,154,0.0009733122526196349,0.29138639143535067,4.492032051086426
shadow,1,101,0.001,23,161,0.0009707359806323416,0.29953278814043316,3.0605685710906982
shadow,1,101,0.001,24,168,0.0009680447952607845,0.278107864516122,3.0360360145568848
shadow,1,101,0.001,25,175,0.0009652393605146844,0.2866879126855305,3.2885303497314453
shadow,1,101,0.001,26,182,0.000962320368593087,0.21831647732428142,3.1279629468917847
shadow,1,101,0.001,27,189,0.0009592885397135706,0.1781162960864354,3.245979070663452
shadow,1,101,0.001,28,196,0.0009561446219345453,0.1800971020212663,3.0038719177246094
shadow,1,101,0.001,29,203,0.0009528893909706797,0.22296761508498872,2.8636196851730347
shadow,1,101,0.001,30,210,0.0009495236500015047,0.31746349164417814,4.3649691343307495
shadow,1,101,0.001,31,217,0.0009460482294732421,0.23820456436702184,3.6240527629852295
shadow,1,101,0.001,32,224,0.0009424639868939033,0.19299378033195222,5.0368428230285645
shadow,1,101,0.001,33,231,0.0009387718066217125,0.2816593822624002,3.1145150661468506
shadow,1,101,0.001,34,238,0.0009349725996469047,0.24206150536026275,4.000036716461182
shadow,1,101,0.001,35,245,0.0009310673033669522,0.16650250248078788,4.384153246879578
shadow,1,101,0.001,36,252,0.0009270568813552756,0.21368663438728877,3.080162525177002
shadow,1,101,0.001,37,259,0.0009229423231234975,0.17923495918512344,4.198167204856873
shadow,1,101,0.001,38,266,0.0009187246438772938,0.2346502340265683,3.885178327560425
shadow,1,101,0.001,39,273,0.0009144048842659081,0.1764924739088331,3.4186222553253174
shadow,1,101,0.001,40,280,0.0009099841101253866,0.12484962859057955,3.673053026199341
shadow,1,101,0.001,41,287,0.000905463412215599,0.13357358212981904,3.57206928730011
shadow,1,101,0.001,42,294,0.0009008439059511099,0.11332835346443712,5.373110413551331
shadow,1,101,0.001,43,301,0.0008961267311259666,0.33143493380131467,3.041999340057373
shadow,1,101,0.001,44,308,0.0008913130516324732,0.1724631195621831,4.272693991661072
shadow,1,101,0.001,45,315,0.0008864040551740157,0.22334173143774802,3.492814302444458
shadow,1,101,0.001,46,322,0.0008814009529720154,0.11942123994231224,3.393821358680725
shadow,1,101,0.001,47,329,0.0008763049794670775,0.11112438035862786,3.8780291080474854
shadow,1,101,0.001,48,336,0.0008711173920144117,0.09887078258075885,3.44994580745697
shadow,1,101,0.001,49,343,0.0008658394705735987,0.08438638118760926,3.4185327291488647
shadow,1,101,0.001,50,350,0.0008604725173927785,0.09170874979879175,3.3509565591812134
shadow,1,101,0.001,51,357,0.000855017856687341,0.08522828852749496,3.8926186561584473
shadow,1,101,0.001,52,364,0.0008494768343131955,0.06872200007533788,3.3976082801818848
shadow,1,101,0.001,53,371,0.0008438508174347009,0.10346727286066328,4.210319399833679
shadow,1,101,0.001,54,378,0.0008381411941873378,0.11123467502849442,3.334139347076416
shadow,1,101,0.001,55,385,0.0008323493733352077,0.07743960712105036,4.603885650634766
shadow,1,101,0.001,56,392,0.000826476783923441,0.1815177904708045,3.31565260887146
shadow,1,101,0.001,57,399,0.0008205248749256015,0.12122826530997242,3.4100016355514526
shadow,1,101,0.001,58,406,0.0008144951148861742,0.09480263638709273,4.825756907463074
shadow,1,101,0.001,59,413,0.0008083889915582234,0.21683435567787715,2.9875361919403076
shadow,1,101,0.01,1,7,0.01,22.97635325363704,251.36760902404785
shadow,1,101,0.01,2,14,0.00999938933078422,61.03471429007394,755.0151710510254
shadow,1,101,0.01,3,21,0.009997557473810372,60.57012503487723,236.19035720825195
shadow,1,101,0.01,4,28,0.009994504881061753,36.90894004276821,4.08916449546814
shadow,1,101,0.01,5,35,0.009990232305719944,10.536376561437335,7.819287300109863
shadow,1,101,0.01,6,42,0.009984740801978984,1.3231383143824391,4.007350444793701
shadow,1,101,0.01,7,49,0.009978031724785246,0.5889119505882263,3.484375
shadow,1,101,0.01,8,56,0.00997010672950314,0.4722543335187116,3.484375
shadow,1,101,0.01,9,63,0.009960967771506667,1.2466902562550135,9.537201881408691
shadow,1,101,0.01,10,70,0.00995061710569696,2.1513224158968245,21.096946716308594
shadow,1,101,0.01,11,77,0.009939057285945933,4.529546158654349,23.963680028915405
shadow,1,101,0.01,12,84,0.00992629116446613,2.447309970855713,5.263843297958374
shadow,1,101,0.01,13,91,0.00991232189110701,0.6139394853796277,3.484375
shadow,1,101,0.01,14,98,0.00989715291257774,0.5519373459475381,3.484375
shadow,1,101,0.01,15,105,0.0098807879715968,0.5680297144821712,3.484375
shadow,1,101,0.01,16,112,0.0098632311059685,0.5160607099533081,3.484375
shadow,1,101,0.01,17,119,0.009844486647586723,0.710657000541687,3.484375
shadow,1,101,0.01,18,126,0.0098245592213661,0.48325047216245104,3.484375
shadow,1,101,0.01,19,133,0.009803453744100868,7.427806466817856,158.09112453460693
shadow,1,101,0.01,20,140,0.009781175423251734,24.019561222621373,72.84360790252686
shadow,1,101,0.01,21,147,0.009757729755661011,5.018246233463287,3.6205689907073975
shadow,1,101,0.01,22,154,0.009733122526196349,0.9191364347934723,5.285252571105957
shadow,1,101,0.01,23,161,0.009707359806323416,16.94729277065822,7.873315334320068
shadow,1,101,0.01,24,168,0.009680447952607845,10.332011239869255,105.60149812698364
shadow,1,101,0.01,25,175,0.009652393605146845,15.449967580182213,92.6691665649414
shadow,1,101,0.01,26,182,0.00962320368593087,10.479868071419853,56.96968138217926
shadow,1,101,0.01,27,189,0.009592885397135707,4.69181215763092,9.78780722618103
shadow,1,101,0.01,28,196,0.009561446219345454,0.7997991692806993,3.4867095947265625
shadow,1,101,0.01,29,203,0.009528893909706798,0.48472522624901365,3.4926061630249023
shadow,1,101,0.01,30,210,0.009495236500015047,0.6085898450442723,3.4959163665771484
shadow,1,101,0.01,31,217,0.00946048229473242,0.4777197622294937,3.4987330436706543
shadow,1,101,0.01,32,224,0.009424639868939034,0.5058551686150687,3.4967074394226074
shadow,1,101,0.01,33,231,0.009387718066217124,0.5544896423816681,3.48740816116333
shadow,1,101,0.01,34,238,0.009349725996469048,0.4868570076567786,3.485381603240967
shadow,1,101,0.01,35,245,0.00931067303366952,0.5126512391226632,3.484375
shadow,1,101,0.01,36,252,0.009270568813552756,0.7142983419554574,3.484375
shadow,1,101,0.01,37,259,0.009229423231234974,0.5824531487056187,3.48604679107666
shadow,2,101,1e-05,1,7,1e-05,0.5546887346676418,3.538679361343384
shadow,2,101,1e-05,2,14,9.99938933078422e-06,0.4889880929674421,3.509539842605591
shadow,2,101,1e-05,3,21,9.997557473810373e-06,0.5279038165296827,3.5120503902435303
shadow,2,101,1e-05,4,28,9.994504881061752e-06,0.583904253584998,3.5213584899902344
shadow,2,101,1e-05,5,35,9.990232305719944e-06,0.49590203990893705,3.527904748916626
shadow,2,101,1e-05,6,42,9.984740801978984e-06,0.5648179394858224,3.5403740406036377
shadow,2,101,1e-05,7,49,9.978031724785247e-06,0.5395649927003043,3.5372719764709473
shadow,2,101,1e-05,8,56,9.97010672950314e-06,0.5137192777224949,3.531546115875244
shadow,2,101,1e-05,9,63,9.960967771506666e-06,0.5555705342973981,3.5224075317382812
shadow,2,101,1e-05,10,70,9.950617105696961e-06,0.555885910987854,3.5235743522644043
shadow,2,101,1e-05,11,77,9.939057285945933e-06,0.5516790002584457,3.521919012069702
shadow,2,101,1e-05,12,84,9.926291164466131e-06,0.5397376630987439,3.5187456607818604
shadow,2,101,1e-05,13,91,9.91232189110701e-06,0.5416484475135803,3.5177857875823975
shadow,2,101,1e-05,14,98,9.897152912577742e-06,0.6000401037079948,3.5195887088775635
shadow,2,101,1e-05,15,105,9.8807879715968e-06,0.5633188528673989,3.523792028427124
shadow,2,101,1e-05,16,112,9.8632311059685e-06,0.5304220872265952,3.5241341590881348
shadow,2,101,1e-05,17,119,9.844486647586724e-06,0.6025191630635943,3.523817777633667
shadow,2,101,1e-05,18,126,9.824559221366101e-06,0.6176430199827466,3.5180888175964355
shadow,2,101,1e-05,19,133,9.803453744100868e-06,0.5307000620024545,3.5184895992279053
shadow,2,101,1e-05,20,140,9.781175423251734e-06,0.5085804079260144,3.5174503326416016
shadow,2,101,1e-05,21,147,9.757729755661012e-06,0.49753115858350483,3.517739772796631
shadow,2,101,1e-05,22,154,9.73312252619635e-06,0.547141181571143,3.5184168815612793
shadow,2,101,1e-05,23,161,9.707359806323418e-06,0.5235455504485539,3.515619993209839
shadow,2,101,1e-05,24,168,9.680447952607845e-06,0.5320398679801396,3.515212297439575
shadow,2,101,1e-05,25,175,9.652393605146845e-06,0.5159975758620671,3.5163512229919434
shadow,2,101,1e-05,26,182,9.62320368593087e-06,0.5500805079936981,3.5155646800994873
shadow,2,101,1e-05,27,189,9.592885397135707e-06,0.7090955930096763,3.5163228511810303
shadow,2,101,1e-05,28,196,9.561446219345455e-06,0.51459153848035,3.5180063247680664
shadow,2,101,1e-05,29,203,9.528893909706798e-06,0.6374343293053764,3.5160770416259766
shadow,2,101,1e-05,30,210,9.495236500015048e-06,0.5624415363584246,3.514718770980835
shadow,2,101,1e-05,31,217,9.460482294732422e-06,0.647569579737527,3.5136706829071045
shadow,2,101,1e-05,32,224,9.424639868939035e-06,0.5479273114885602,3.512089967727661
shadow,2,101,0.0001,1,7,0.0001,0.5363764443567821,3.6469085216522217
shadow,2,101,0.0001,2,14,9.99938933078422e-05,0.5269932278564998,3.6916635036468506
shadow,2,101,0.0001,3,21,9.997557473810373e-05,0.5438050499984196,3.510068655014038
shadow,2,101,0.0001,4,28,9.994504881061753e-05,0.5860790738037654,3.501922130584717
shadow,2,101,0.0001,5,35,9.990232305719945e-05,0.4808479354583791,3.5347955226898193
shadow,2,101,0.0001,6,42,9.984740801978984e-05,0.5701580899102348,3.5991299152374268
shadow,2,101,0.0001,7,49,9.978031724785247e-05,0.5369815613542285,3.5098304748535156
shadow,2,101,0.0001,8,56,9.97010672950314e-05,0.4917816418622221,3.4938302040100098
shadow,2,101,0.0001,9,63,9.960967771506667e-05,0.566530487367085,3.4856340885162354
shadow,2,101,0.0001,10,70,9.95061710569696e-05,0.5447588264942169,3.5497026443481445
shadow,2,101,0.0001,11,77,9.939057285945933e-05,0.5535131543874741,3.5333192348480225
shadow,2,101,0.0001,12,84,9.926291164466132e-05,0.5398659876414708,3.494809865951538
shadow,2,101,0.0001,13,91,9.91232189110701e-05,0.5442683228424617,3.514619827270508
shadow,2,101,0.0001,14,98,9.897152912577741e-05,0.5672149573053632,3.5374975204467773
shadow,2,101,0.0001,15,105,9.8807879715968e-05,0.5761190610272544,3.5487618446350098
shadow,2,101,0.0001,16,112,9.8632311059685e-05,0.5304295888968876,3.5164501667022705
shadow,2,101,0.0001,17,119,9.844486647586725e-05,0.604773759841919,3.455505609512329
shadow,2,101,0.0001,18,126,9.824559221366101e-05,0.6211632106985364,3.451218843460083
shadow,2,101,0.0001,19,133,9.803453744100869e-05,0.5325791963509151,3.5265464782714844
shadow,2,101,0.0001,20,140,9.781175423251735e-05,0.5078403736863818,3.5287926197052
shadow,2,101,0.0001,21,147,9.757729755661011e-05,0.5004245213099888,3.5804073810577393
shadow,2,101,0.0001,22,154,9.73312252619635e-05,0.5268151717526572,3.5718421936035156
shadow,2,101,0.0001,23,161,9.707359806323417e-05,0.531413985150201,3.470616579055786
shadow,2,101,0.0001,24,168,9.680447952607845e-05,0.5277761518955231,3.531949281692505
shadow,2,101,0.0001,25,175,9.652393605146844e-05,0.4881730228662491,3.6938552856445312
shadow,2,101,0.0001,26,182,9.623203685930869e-05,0.5030269026756287,3.6622743606567383
shadow,2,101,0.0001,27,189,9.592885397135707e-05,0.6577259302139282,3.5844831466674805
shadow,2,101,0.0001,28,196,9.561446219345454e-05,0.5098501635449273,3.5910418033599854
shadow,2,101,0.0001,29,203,9.528893909706797e-05,0.5595686435699463,3.5604302883148193
shadow,2,101,0.0001,30,210,9.495236500015047e-05,0.5092004495007652,3.610128879547119
shadow,2,101,0.0001,31,217,9.460482294732421e-05,0.6029911573444094,3.701054096221924
shadow,2,101,0.0001,32,224,9.424639868939033e-05,0.5320353124822889,3.637011766433716
shadow,2,101,0.0001,33,231,9.387718066217124e-05,0.46035493697438923,3.6308770179748535
shadow,2,101,0.0001,34,238,9.349725996469047e-05,0.614834223474775,3.6442596912384033
shadow,2,101,0.0001,35,245,9.310673033669521e-05,0.5498059519699642,3.7353415489196777
shadow,2,101,0.0001,36,252,9.270568813552756e-05,0.4839428790978023,3.597688913345337
shadow,2,101,0.0001,37,259,9.229423231234974e-05,0.5074708717209953,3.5217926502227783
shadow,2,101,0.0001,38,266,9.187246438772939e-05,0.4521114081144333,3.6212685108184814
shadow,2,101,0.0001,39,273,9.14404884265908e-05,0.47121934805597576,3.3980906009674072
shadow,2,101,0.0001,40,280,9.099841101253866e-05,0.5306199746472495,3.3658535480499268
shadow,2,101,0.0001,41,287,9.05463412215599e-05,0.4690785493169512,3.5110716819763184
shadow,2,101,0.0001,42,294,9.0084390595111e-05,0.5792250441653388,3.311655044555664
shadow,2,101,0.0001,43,301,8.961267311259666e-05,0.5269273604665484,3.4830970764160156
shadow,2,101,0.0001,44,308,8.913130516324733e-05,0.4700536344732557,3.2192485332489014
shadow,2,101,0.0001,45,315,8.864040551740158e-05,0.4859134554862976,3.1471903324127197
shadow,2,101,0.0001,46,322,8.814009529720155e-05,0.4546922062124525,3.0993924140930176
shadow,2,101,0.0001,47,329,8.763049794670775e-05,0.43966559001377653,3.008833408355713
shadow,2,101,0.0001,48,336,8.711173920144117e-05,0.4934783492769514,2.948424816131592
shadow,2,101,0.0001,49,343,8.658394705735987e-05,0.40828099633966175,2.943877935409546
shadow,2,101,0.0001,50,350,8.604725173927785e-05,0.3869693747588566,2.868487596511841
shadow,2,101,0.0001,51,357,8.55017856687341e-05,0.376615434885025,2.9315006732940674
shadow,2,101,0.0001,52,364,8.494768343131955e-05,0.4980380492550986,3.0051915645599365
shadow,2,101,0.0001,53,371,8.438508174347009e-05,0.35313362521784647,2.987505555152893
shadow,2,101,0.0001,54,378,8.381411941873378e-05,0.4236205220222473,3.1064783334732056
shadow,2,101,0.0001,55,385,8.323493733352077e-05,0.29829131949489757,3.188658356666565
shadow,2,101,0.0001,56,392,8.26476783923441e-05,0.3588647395372391,3.2719993591308594
shadow,2,101,0.0001,57,399,8.205248749256015e-05,0.3296110523598535,3.274035334587097
shadow,2,101,0.0001,58,406,8.144951148861742e-05,0.3063329202788217,3.2834839820861816
shadow,2,101,0.0001,59,413,8.083889915582235e-05,0.3721783757209778,3.3174299001693726
shadow,2,101,0.0001,60,420,8.022080115363127e-05,0.3624137043952942,3.4889540672302246
shadow,2,101,0.0001,61,427,7.959536998847744e-05,0.35280829880918774,3.4778867959976196
shadow,2,101,0.0001,62,434,7.89627599761423e-05,0.37836578275476185,3.1934036016464233
shadow,2,101,0.0001,63,441,7.832312720368048e-05,0.2966807505914143,3.108964681625366
shadow,2,101,0.0001,64,448,7.767662949090753e-05,0.29509954154491425,3.0990477800369263
shadow,2,101,0.0001,65,455,7.702342635146033e-05,0.2727102573428835,3.2124178409576416
shadow,2,101,0.0001,66,462,7.636367895343946e-05,0.30898590811661314,3.0825053453445435
shadow,2,101,0.0001,67,469,7.569755007964338e-05,0.26658042214278665,3.0961649417877197
shadow,2,101,0.0001,68,476,7.502520408740418e-05,0.2876593513148172,3.0319713354110718
shadow,2,101,0.0001,69,483,7.43468068680349e-05,0.30478296748229433,3.1078100204467773
shadow,2,101,0.0001,70,490,7.366252580589839e-05,0.2955615541764668,3.2290053367614746
shadow,2,101,0.0001,71,497,7.297252973710757e-05,0.27717453454221996,3.1418747901916504
shadow,2,101,0.0001,72,504,7.22769889078678e-05,0.2610218759093966,3.175696611404419
shadow,2,101,0.0001,73,511,7.15760749324711e-05,0.26830604087029186,3.134288787841797
shadow,2,101,0.0001,74,518,7.086996075095289e-05,0.281177282333374,3.1507320404052734
shadow,2,101,0.0001,75,525,7.015882058642164e-05,0.2898689614874976,3.365653872489929
shadow,2,101,0.0001,76,532,6.944282990207195e-05,0.31824024873120443,3.3479408025741577
shadow,2,101,0.0001,77,539,6.872216535789157e-05,0.278753189103944,3.383897542953491
shadow,2,101,0.0001,78,546,6.799700476707323e-05,0.3447999379464558,3.168072462081909
shadow,2,101,0.0001,79,553,6.726752705214194e-05,0.34003966620990206,3.1322693824768066
shadow,2,101,0.0001,80,560,6.65339122008084e-05,0.26339072414806913,3.11260724067688
shadow,2,101,0.001,1,7,0.001,0.86483262692179,3.652517795562744
shadow,2,101,0.001,2,14,0.000999938933078422,0.5287713802286557,3.5028469562530518
shadow,2,101,0.001,3,21,0.0009997557473810372,0.5388021639415196,3.58434796333313
shadow,2,101,0.001,4,28,0.0009994504881061753,0.5827430486679077,3.9584708213806152
shadow,2,101,0.001,5,35,0.0009990232305719944,0.5974280706473759,3.5159666538238525
shadow,2,101,0.001,6,42,0.0009984740801978985,0.5579676244940076,3.3816616535186768
shadow,2,101,0.001,7,49,0.0009978031724785245,0.6071060385022845,4.747232437133789
shadow,2,101,0.001,8,56,0.000997010672950314,0.5683395905154092,3.6499691009521484
shadow,2,101,0.001,9,63,0.0009960967771506667,0.5608455496174949,5.135591745376587
shadow,2,101,0.001,10,70,0.000995061710569696,0.598842442035675,4.325807809829712
shadow,2,101,0.001,11,77,0.0009939057285945933,0.5959639293806893,3.4026670455932617
shadow,2,101,0.001,12,84,0.000992629116446613,0.444485163848315,3.3708670139312744
shadow,2,101,0.001,13,91,0.000991232189110701,0.4313526323863438,3.470396041870117
shadow,2,101,0.001,14,98,0.0009897152912577741,0.3844855896064213,3.475086212158203
shadow,2,101,0.001,15,105,0.00098807879715968,0.40759970460619244,3.2686822414398193
shadow,2,101,0.001,16,112,0.00098632311059685,0.403666479246957,3.422177314758301
shadow,2,101,0.001,17,119,0.0009844486647586723,0.4195962974003383,3.122175931930542
shadow,2,101,0.001,18,126,0.00098245592213661,0.3584852261202676,4.899793863296509
shadow,2,101,0.001,19,133,0.0009803453744100868,0.4785482372556414,3.021269202232361
shadow,2,101,0.001,20,140,0.0009781175423251734,0.37024619962487904,2.9239983558654785
shadow,2,101,0.001,21,147,0.0009757729755661011,0.2924887434180294,3.3036874532699585
shadow,2,101,0.001,22,154,0.0009733122526196349,0.3043199915971075,3.1149431467056274
shadow,2,101,0.001,23,161,0.0009707359806323416,0.31241852045059204,3.5409717559814453
shadow,2,101,0.001,24,168,0.0009680447952607845,0.30296362723623005,3.5343761444091797
shadow,2,101,0.001,25,175,0.0009652393605146844,0.2633137521999223,3.2159351110458374
shadow,2,101,0.001,26,182,0.000962320368593087,0.2898360416293144,3.2824809551239014
shadow,2,101,0.001,27,189,0.0009592885397135706,0.22817116603255272,3.8750115633010864
shadow,2,101,0.001,28,196,0.0009561446219345453,0.20517137859548842,2.996159791946411
shadow,2,101,0.001,29,203,0.0009528893909706797,0.3082155180828912,3.0325987339019775
shadow,2,101,0.001,30,210,0.0009495236500015047,0.2738613805600575,3.6096067428588867
shadow,2,101,0.001,31,217,0.0009460482294732421,0.3296045597110476,3.497112512588501
shadow,2,101,0.001,32,224,0.0009424639868939033,0.2562671761427607,2.9487396478652954
shadow,2,101,0.001,33,231,0.0009387718066217125,0.19793127051421575,3.149126648902893
shadow,2,101,0.001,34,238,0.0009349725996469047,0.26357751871858326,3.440568447113037
shadow,2,101,0.001,35,245,0.0009310673033669522,0.20036007463932037,4.815080165863037
shadow,2,101,0.001,36,252,0.0009270568813552756,0.28836806757109507,3.206130266189575
shadow,2,101,0.001,37,259,0.0009229423231234975,0.1862617071185793,3.141415596008301
shadow,2,101,0.001,38,266,0.0009187246438772938,0.20251374265977315,2.867032051086426
shadow,2,101,0.001,39,273,0.0009144048842659081,0.21600251964160375,3.8005783557891846
shadow,2,101,0.001,40,280,0.0009099841101253866,0.21754093787499837,3.057950019836426
shadow,2,101,0.001,41,287,0.000905463412215599,0.1784916722348758,3.1945672035217285
shadow,2,101,0.001,42,294,0.0009008439059511099,0.1706352425473077,3.2128500938415527
shadow,2,101,0.001,43,301,0.0008961267311259666,0.15651872009038925,3.554196834564209
shadow,2,101,0.001,44,308,0.0008913130516324732,0.24245637229510716,3.438406229019165
shadow,2,101,0.001,45,315,0.0008864040551740157,0.15701260098389216,3.022105574607849
shadow,2,101,0.001,46,322,0.0008814009529720154,0.185946096267019,3.0498595237731934
shadow,2,101,0.001,47,329,0.0008763049794670775,0.15258572889225824,3.1060009002685547
shadow,2,101,0.001,48,336,0.0008711173920144117,0.10808416455984116,3.468195676803589
shadow,2,101,0.001,49,343,0.0008658394705735987,0.12402657632316862,3.1900267601013184
shadow,2,101,0.001,50,350,0.0008604725173927785,0.11657318792172841,2.9291694164276123
shadow,2,101,0.001,51,357,0.000855017856687341,0.14595541677304677,3.2225348949432373
shadow,2,101,0.001,52,364,0.0008494768343131955,0.18951274561030523,3.097134828567505
shadow,2,101,0.001,53,371,0.0008438508174347009,0.12242345831223897,2.987673282623291
shadow,2,101,0.001,54,378,0.0008381411941873378,0.13375977160675184,2.8428421020507812
shadow,2,101,0.001,55,385,0.0008323493733352077,0.15309196657368115,2.9662227630615234
shadow,2,101,0.001,56,392,0.000826476783923441,0.12277948696698461,3.27889347076416
shadow,2,101,0.001,57,399,0.0008205248749256015,0.11445664260411702,3.194166660308838
shadow,2,101,0.001,58,406,0.0008144951148861742,0.09478177928498813,3.0766650438308716
shadow,2,101,0.001,59,413,0.0008083889915582234,0.17763360855834825,2.9552841186523438
shadow,2,101,0.001,60,420,0.0008022080115363127,0.18912857877356665,3.2588729858398438
shadow,2,101,0.001,61,427,0.0007959536998847743,0.0852356350847653,2.9783637523651123
shadow,2,101,0.001,62,434,0.0007896275997614229,0.13697408991200583,2.894705057144165
shadow,2,101,0.001,63,441,0.0007832312720368048,0.1530404601778303,2.798677921295166
shadow,2,101,0.001,64,448,0.0007767662949090753,0.16095938001360213,3.3310439586639404
shadow,2,101,0.001,65,455,0.0007702342635146033,0.12016983170594488,2.834185481071472
shadow,2,101,0.001,66,462,0.0007636367895343947,0.12832017189690045,3.356168746948242
shadow,2,101,0.001,67,469,0.0007569755007964338,0.12173057560409818,2.900644302368164
shadow,2,101,0.001,68,476,0.0007502520408740418,0.1015284000230687,2.7927403450012207
shadow,2,101,0.001,69,483,0.000743468068680349,0.07504223819289889,3.0930776596069336
shadow,2,101,0.001,70,490,0.0007366252580589839,0.07334816615496363,3.4360530376434326
shadow,2,101,0.001,71,497,0.0007297252973710757,0.10344067322356361,3.0082024335861206
shadow,2,101,0.001,72,504,0.0007227698890786779,0.09150343069008418,3.343959093093872
shadow,2,101,0.001,73,511,0.000715760749324711,0.12025462623153414,2.9663108587265015
shadow,2,101,0.001,74,518,0.0007086996075095289,0.11072717340929168,2.934187173843384
shadow,2,101,0.001,75,525,0.0007015882058642164,0.09464832209050655,3.3358259201049805
shadow,2,101,0.001,76,532,0.0006944282990207195,0.12215857580304146,2.9010822772979736
shadow,2,101,0.001,77,539,0.0006872216535789157,0.06296842465443271,3.019968271255493
shadow,2,101,0.001,78,546,0.0006799700476707324,0.1011320890060493,3.2325265407562256
shadow,2,101,0.001,79,553,0.0006726752705214194,0.09793749478246484,3.1956098079681396
shadow,2,101,0.001,80,560,0.000665339122008084,0.07100634010774749,3.134070038795471
shadow,2,101,0.001,81,567,0.000657963412215599,0.05854492474879537,3.3306400775909424
shadow,2,101,0.001,82,574,0.0006505499609899905,0.10319183553968157,3.208271026611328
shadow,2,101,0.001,83,581,0.0006431005974894186,0.08583093221698489,2.9131933450698853
shadow,2,101,0.001,84,588,0.0006356171597328595,0.05826091314000743,2.990785598754883
shadow,2,101,0.001,85,595,0.000628101494146603,0.06475121261818069,2.9564549922943115
shadow,2,101,0.001,86,602,0.0006205554551086733,0.06099699464227472,2.8686012029647827
shadow,2,101,0.001,87,609,0.0006129809044912887,0.06832897370415074,2.847562551498413
shadow,2,101,0.001,88,616,0.0006053797112014738,0.09955870253699166,3.2311832904815674
shadow,2,101,0.001,89,623,0.0005977537507199338,0.06155581785632031,2.934208631515503
shadow,2,101,0.001,90,630,0.0005901049046383077,0.06142360717058182,3.007475972175598
shadow,2,101,0.001,91,637,0.0005824350601949143,0.04087908512779644,3.0755183696746826
shadow,2,101,0.001,92,644,0.0005747461098091035,0.057028706052473614,2.9410040378570557
shadow,2,101,0.001,93,651,0.0005670399506143307,0.03443817727799926,2.888856887817383
shadow,2,101,0.001,94,658,0.0005593184839900675,0.06249111784355981,3.111971378326416
shadow,2,101,0.001,95,665,0.0005515836150926646,0.06822755966069442,2.8775341510772705
shadow,2,101,0.001,96,672,0.0005438372523852833,0.052075536123343875,2.8918278217315674
shadow,2,101,0.001,97,679,0.0005360813071670102,0.04089284102831568,2.888641595840454
shadow,2,101,0.001,98,686,0.0005283176931012731,0.05477768661720412,2.7901782989501953
shadow,2,101,0.001,99,693,0.0005205483257436735,0.053902718903762956,2.7461488246917725
shadow,2,101,0.001,100,700,0.0005127751220693513,0.048691705401454656,2.7877399921417236
shadow,2,101,0.001,101,707,0.000505,0.05041719281247684,2.7175616025924683
shadow,2,101,0.001,102,714,0.0004972248779306489,0.042934868384950926,2.82004177570343
shadow,2,101,0.001,103,721,0.0004894516742563265,0.04785432160965034,2.7860203981399536
shadow,2,101,0.001,104,728,0.00048168230689872696,0.036997327847140174,2.9597551822662354
shadow,2,101,0.001,105,735,0.0004739186928329899,0.04503268961395536,2.705791473388672
shadow,2,101,0.001,106,742,0.0004661627476147168,0.03455981558987072,2.81618332862854
shadow,2,101,0.001,107,749,0.00045841638490733545,0.06457256578973361,2.8130905628204346
shadow,2,101,0.001,108,756,0.0004506815160099326,0.035940718171851974,2.665585517883301
shadow,2,101,0.001,109,763,0.0004429600493856695,0.04286757084940161,2.859065294265747
shadow,2,101,0.001,110,770,0.0004352538901908967,0.049161623631204875,2.832933187484741
shadow,2,101,0.001,111,777,0.00042756493980508576,0.03758604823243721,3.1121184825897217
shadow,2,101,0.001,112,784,0.0004198950953616922,0.04784833746297019,2.84277606010437
shadow,2,101,0.001,113,791,0.0004122462492800663,0.038925985140459876,2.9324517250061035
shadow,2,101,0.001,114,798,0.0004046202887985264,0.02954729979059526,2.7910845279693604
shadow,2,101,0.001,115,805,0.0003970190955087116,0.04664585479934301,2.9613187313079834
shadow,2,101,0.001,116,812,0.0003894445448913268,0.05140727359269347,2.7879462242126465
shadow,2,101,0.001,117,819,0.00038189850585339686,0.043760479760489294,2.9657297134399414
shadow,2,101,0.001,118,826,0.00037438284026714046,0.03948477815304484,2.895015001296997
shadow,2,101,0.001,119,833,0.00036689940251058157,0.03336575786982264,3.1694111824035645
shadow,2,101,0.001,120,840,0.0003594500390100096,0.046689193163599284,2.9335455894470215
shadow,2,101,0.001,121,847,0.0003520365877844012,0.029053513625902787,2.9104349613189697
shadow,2,101,0.001,122,854,0.00034466087799191604,0.030585399828851223,2.870054006576538
shadow,2,101,0.001,123,861,0.0003373247294785808,0.034946720282148035,2.907606840133667
shadow,2,101,0.001,124,868,0.0003300299523292678,0.030036686520491327,2.9105241298675537
shadow,2,101,0.001,125,875,0.00032277834642108455,0.030427900276013782,2.889145016670227
shadow,2,101,0.001,126,882,0.0003155717009792807,0.02594885552701141,3.073056697845459
shadow,2,101,0.001,127,889,0.0003084117941357836,0.039091670619589944,2.783464789390564
shadow,2,101,0.001,128,896,0.0003013003924904712,0.029424361352409636,3.1976399421691895
shadow,2,101,0.001,129,903,0.0002942392506752891,0.03800387707139764,2.7502529621124268
shadow,2,101,0.001,130,910,0.000287230110921322,0.028887461837647215,3.078927516937256
shadow,2,101,0.001,131,917,0.0002802747026289244,0.031231566731418883,2.7040069103240967
shadow,2,101,0.001,132,924,0.0002733747419410163,0.05456753314605781,2.8090035915374756
shadow,2,101,0.001,133,931,0.0002665319313196509,0.026402848905750682,2.8168437480926514
shadow,2,101,0.001,134,938,0.00025974795912595824,0.02426967338916646,2.869450807571411
shadow,2,101,0.001,135,945,0.0002530244992035662,0.02644642043326582,2.8897902965545654
shadow,2,101,0.001,136,952,0.0002463632104656054,0.0394029151648283,2.7945579290390015
shadow,2,101,0.001,137,959,0.00023976573648539653,0.03051798258508955,2.8336766958236694
shadow,2,101,0.001,138,966,0.0002332337050909247,0.025614694426102296,2.8582828044891357
shadow,2,101,0.01,1,7,0.01,19.064909739153727,97.60333061218262
shadow,2,101,0.01,2,14,0.00999938933078422,11.965090138571602,138.98831701278687
shadow,2,101,0.01,3,21,0.009997557473810372,20.55343505314418,13.894723892211914
shadow,2,101,0.01,4,28,0.009994504881061753,2.7923145634787425,3.8849639892578125
shadow,2,101,0.01,5,35,0.009990232305719944,1.204427967114108,5.247006893157959
shadow,2,101,0.01,6,42,0.009984740801978984,0.6551071746008736,3.5039334297180176
shadow,2,101,0.01,7,49,0.009978031724785246,0.5241501331329346,3.509131908416748
shadow,2,101,0.01,8,56,0.00997010672950314,1.596390140908105,7.754767298698425
shadow,2,101,0.01,9,63,0.009960967771506667,2.521667957305908,17.395312547683716
shadow,2,101,0.01,10,70,0.00995061710569696,1.854836927992957,4.864371299743652
shadow,2,101,0.01,11,77,0.009939057285945933,0.9734233756150518,5.379021167755127
shadow,2,101,0.01,12,84,0.00992629116446613,0.6673931394304548,3.512727737426758
shadow,2,101,0.01,13,91,0.00991232189110701,1.8290281466075353,9.016066789627075
shadow,2,101,0.01,14,98,0.00989715291257774,1.445713996887207,3.530202865600586
shadow,2,101,0.01,15,105,0.0098807879715968,0.8953848832419941,10.085170269012451
shadow,2,101,0.01,16,112,0.0098632311059685,1.710328221321106,11.254937767982483
shadow,2,101,0.01,17,119,0.009844486647586723,1.525525369814464,4.4905455112457275
shadow,2,101,0.01,18,126,0.0098245592213661,0.6726933249405452,3.5147624015808105
shadow,2,101,0.01,19,133,0.009803453744100868,0.537144878080913,3.5092051029205322
shadow,2,101,0.01,20,140,0.009781175423251734,5.009209492376873,4.1948816776275635
shadow,2,101,0.01,21,147,0.009757729755661011,3.673168795449393,5.894557952880859
shadow,2,101,0.01,22,154,0.009733122526196349,1.1478482229369027,3.7462096214294434
shadow,2,101,0.01,23,161,0.009707359806323416,0.5935419542448861,3.518998622894287
shadow,2,101,0.01,24,168,0.009680447952607845,0.5235299553189959,3.5089831352233887
shadow,2,101,0.01,25,175,0.009652393605146845,0.5192011424473354,3.5026698112487793
shadow,2,101,0.01,26,182,0.00962320368593087,0.5250192156859806,3.5131077766418457
shadow,2,101,0.01,27,189,0.009592885397135707,0.6904244678361076,3.5233426094055176
shadow,2,101,0.01,28,196,0.009561446219345454,0.5156075528689793,3.5270986557006836
shadow,2,101,0.01,29,203,0.009528893909706798,0.6458563421453748,3.52303409576416
shadow,2,101,0.01,30,210,0.009495236500015047,0.5490184724330902,3.5148744583129883
shadow,2,101,0.01,31,217,0.00946048229473242,0.6481242477893829,3.5079588890075684
shadow,2,101,0.01,32,224,0.009424639868939034,0.5310758948326111,3.505157470703125
shadow,2,101,0.01,33,231,0.009387718066217124,0.5149687656334468,3.502227783203125
shadow,2,101,0.01,34,238,0.009349725996469048,0.6848758203642709,3.50054931640625
shadow,2,101,0.01,35,245,0.00931067303366952,0.5446525599275317,3.5014872550964355
shadow,2,101,0.01,36,252,0.009270568813552756,0.5162749631064278,3.5020384788513184
shadow,2,101,0.01,37,259,0.009229423231234974,0.5233751535415649,3.501142978668213
shadow,2,101,0.01,38,266,0.009187246438772938,0.4972599893808365,3.5006814002990723
shadow,2,101,0.01,39,273,0.009144048842659082,0.5365377366542816,3.5001955032348633
shadow,2,101,0.01,40,280,0.009099841101253866,0.5376502999237606,3.504452705383301
shadow,2,101,0.01,41,287,0.00905463412215599,0.5307840917791639,3.506748676300049
shadow,2,101,0.01,42,294,0.0090084390595111,0.7038212248257228,3.5062713623046875
shadow,2,101,0.01,43,301,0.008961267311259666,0.6496141723224095,3.5004305839538574
shadow,2,101,0.01,44,308,0.008913130516324731,0.5970600886004311,3.506476879119873
shadow,2,101,0.01,45,315,0.008864040551740157,0.534069972378867,3.5137195587158203
shadow,2,101,0.01,46,322,0.008814009529720154,0.49857812907014576,3.5160117149353027
shadow,2,101,0.01,47,329,0.008763049794670776,0.5273018862519946,3.5151095390319824
shadow,2,101,0.01,48,336,0.008711173920144118,0.6340675439153399,3.5135159492492676
shadow,2,101,0.01,49,343,0.008658394705735987,0.5463753427777972,3.512244701385498
shadow,2,101,0.01,50,350,0.008604725173927784,0.5563266021864754,3.5097756385803223
shadow,2,101,0.01,51,357,0.00855017856687341,0.6866048787321363,3.5104141235351562
shadow,2,101,0.01,52,364,0.008494768343131955,0.6346063954489571,3.515320301055908
shadow,2,101,0.01,53,371,0.00843850817434701,0.5377943302903857,3.521266460418701
shadow,2,101,0.01,54,378,0.008381411941873378,0.7121370775359017,3.519684314727783
shadow,2,101,0.01,55,385,0.008323493733352076,0.5005565966878619,3.5183162689208984
shadow,2,101,0.01,56,392,0.008264767839234409,0.6270623973437718,3.515070915222168
shadow,2,101,0.01,57,399,0.008205248749256015,0.5417751840182713,3.5138096809387207
shadow,2,101,0.01,58,406,0.008144951148861742,0.5128222533634731,3.512803077697754
shadow,2,101,0.01,59,413,0.008083889915582234,0.6624150787081037,3.5123353004455566
shadow,2,101,0.01,60,420,0.008022080115363126,0.618224710226059,3.511214256286621
shadow,2,101,0.01,61,427,0.007959536998847744,0.6574841013976506,3.5081515312194824
shadow,2,101,0.01,62,434,0.00789627599761423,0.5015194926943097,3.510197639465332
shadow,2,101,0.01,63,441,0.007832312720368047,0.4988124168344906,3.512570858001709
shadow,2,101,0.01,64,448,0.007767662949090753,0.512318532381739,3.51220703125
shadow,2,101,0.01,65,455,0.007702342635146034,0.5668183863162994,3.5096445083618164
shadow,2,101,0.01,66,462,0.007636367895343947,0.49451865202614237,3.51290225982666
shadow,2,101,0.01,67,469,0.007569755007964339,0.4952783595238413,3.5138840675354004
shadow,2,101,0.01,68,476,0.007502520408740419,0.5483921425683158,3.514706611633301
shadow,2,101,0.01,69,483,0.007434680686803491,0.5565810459000724,3.5131850242614746
shadow,3,101,1e-05,1,7,1e-05,0.6041312728609357,3.5632354273940576
shadow,3,101,1e-05,2,14,9.99938933078422e-06,0.5861208353723798,3.5502619887843276
shadow,3,101,1e-05,3,21,9.997557473810373e-06,0.5855967147009713,3.551949240944602
shadow,3,101,1e-05,4,28,9.994504881061752e-06,0.639130881854466,3.5527623494466147
shadow,3,101,1e-05,5,35,9.990232305719944e-06,0.5490109154156276,3.555111046993371
shadow,3,101,1e-05,6,42,9.984740801978984e-06,0.6668942996433803,3.5582439538204307
shadow,3,101,1e-05,7,49,9.978031724785247e-06,0.5042903891631535,3.561681111653646
shadow,3,101,1e-05,8,56,9.97010672950314e-06,0.569169112614223,3.5668580026337593
shadow,3,101,1e-05,9,63,9.960967771506666e-06,0.5687235636370522,3.5744739879261362
shadow,3,101,1e-05,10,70,9.950617105696961e-06,0.5374043754168919,3.5764610984108667
shadow,3,101,1e-05,11,77,9.939057285945933e-06,0.5472452512809208,3.5731097134676846
shadow,3,101,1e-05,12,84,9.926291164466131e-06,0.5119578194405351,3.5754253503048057
shadow,3,101,1e-05,13,91,9.91232189110701e-06,0.6506636015006474,3.573774395566998
shadow,3,101,1e-05,14,98,9.897152912577742e-06,0.5739591632570539,3.571111043294271
shadow,3,101,1e-05,15,105,9.8807879715968e-06,0.4955167448081608,3.564142862955729
shadow,3,101,1e-05,16,112,9.8632311059685e-06,0.5075792776686805,3.5608444213867188
shadow,3,101,1e-05,17,119,9.844486647586724e-06,0.638557812997273,3.5573434540719697
shadow,3,101,1e-05,18,126,9.824559221366101e-06,0.5139182912451881,3.558541269013376
shadow,3,101,1e-05,19,133,9.803453744100868e-06,0.49212396517395973,3.55911601673473
shadow,3,101,1e-05,20,140,9.781175423251734e-06,0.5033141310725894,3.5598623102361504
shadow,3,101,1e-05,21,147,9.757729755661012e-06,0.5316492148808071,3.56089736476089
shadow,3,101,1e-05,22,154,9.73312252619635e-06,0.4919316228479147,3.5611611568566524
shadow,3,101,1e-05,23,161,9.707359806323418e-06,0.662133834191731,3.5609611742424243
shadow,3,101,1e-05,24,168,9.680447952607845e-06,0.5695229768753052,3.5625846169211646
shadow,3,101,1e-05,25,175,9.652393605146845e-06,0.6104668974876404,3.564298456365412
shadow,3,101,1e-05,26,182,9.62320368593087e-06,0.48339386457311256,3.5672348484848486
shadow,3,101,1e-05,27,189,9.592885397135707e-06,0.5042980536818504,3.576305967388731
shadow,3,101,1e-05,28,196,9.561446219345455e-06,0.557851927621024,3.5810017441258286
shadow,3,101,1e-05,29,203,9.528893909706798e-06,0.5685353108814785,3.577454769250118
shadow,3,101,1e-05,30,210,9.495236500015048e-06,0.47981567601008074,3.5737131292169746
shadow,3,101,1e-05,31,217,9.460482294732422e-06,0.48772894378219334,3.57100215102687
shadow,3,101,1e-05,32,224,9.424639868939035e-06,0.5183139890432358,3.567201094193892
shadow,3,101,0.0001,1,7,0.0001,0.6073560288974217,3.6242104732629024
shadow,3,101,0.0001,2,14,9.99938933078422e-05,0.5645204612186977,3.5570137717507104
shadow,3,101,0.0001,3,21,9.997557473810373e-05,0.5512518797601972,3.585665616122159
shadow,3,101,0.0001,4,28,9.994504881061753e-05,0.6131213392530169,3.5542313546845405
shadow,3,101,0.0001,5,35,9.990232305719945e-05,0.6278542365346637,3.6346391620058003
shadow,3,101,0.0001,6,42,9.984740801978984e-05,0.5717637751783643,3.6008929628314394
shadow,3,101,0.0001,7,49,9.978031724785247e-05,0.49215385943119017,3.5633535674124053
shadow,3,101,0.0001,8,56,9.97010672950314e-05,0.5869369208812714,3.558124657833215
shadow,3,101,0.0001,9,63,9.960967771506667e-05,0.562252768448421,3.5911629416725854
shadow,3,101,0.0001,10,70,9.95061710569696e-05,0.5316983120782035,3.575224674109257
shadow,3,101,0.0001,11,77,9.939057285945933e-05,0.5566787081105369,3.562143730394768
shadow,3,101,0.0001,12,84,9.926291164466132e-05,0.5012017418297806,3.6723216663707388
shadow,3,101,0.0001,13,91,9.91232189110701e-05,0.6110461439405169,3.6654413396661933
shadow,3,101,0.0001,14,98,9.897152912577741e-05,0.5171157462256295,3.615408926299124
shadow,3,101,0.0001,15,105,9.8807879715968e-05,0.4692833741594638,3.6180096250591856
shadow,3,101,0.0001,16,112,9.8632311059685e-05,0.4953363133328302,3.659384756377249
shadow,3,101,0.0001,17,119,9.844486647586725e-05,0.6307267035756793,3.687502774325284
shadow,3,101,0.0001,18,126,9.824559221366101e-05,0.5299895022596631,3.8268407185872397
shadow,3,101,0.0001,19,133,9.803453744100869e-05,0.4997691512107849,3.760814088763613
shadow,3,101,0.0001,20,140,9.781175423251735e-05,0.4503238009554999,3.7510549371892754
shadow,3,101,0.0001,21,147,9.757729755661011e-05,0.457465296877282,3.829355413263494
shadow,3,101,0.0001,22,154,9.73312252619635e-05,0.4525367223790714,3.8819503784179688
shadow,3,101,0.0001,23,161,9.707359806323417e-05,0.578139773436955,3.8915608723958335
shadow,3,101,0.0001,24,168,9.680447952607845e-05,0.45282940566539764,4.0523004242868135
shadow,3,101,0.0001,25,175,9.652393605146844e-05,0.5479078250271934,3.9698722145774146
shadow,3,101,0.0001,26,182,9.623203685930869e-05,0.43369314313999247,4.014083168723366
shadow,3,101,0.0001,27,189,9.592885397135707e-05,0.4366682043432125,4.068864071007931
shadow,3,101,0.0001,28,196,9.561446219345454e-05,0.41206058646951405,3.8856037024295693
shadow,3,101,0.0001,29,203,9.528893909706797e-05,0.5704594424792698,3.8756263039328833
shadow,3,101,0.0001,30,210,9.495236500015047e-05,0.4392850250005722,4.043320164535984
shadow,3,101,0.0001,31,217,9.460482294732421e-05,0.4237002985818045,4.314846847996567
shadow,3,101,0.0001,32,224,9.424639868939033e-05,0.4371957981160709,3.909494111032197
shadow,3,101,0.0001,33,231,9.387718066217124e-05,0.4588761861835207,3.9448884906190815
shadow,3,101,0.0001,34,238,9.349725996469047e-05,0.467706241777965,4.013756260727391
shadow,3,101,0.001,1,7,0.001,0.6086366687502179,5.084794015595407
shadow,3,101,0.001,2,14,0.000999938933078422,0.7953745467322213,3.5744901714902935
shadow,3,101,0.001,3,21,0.0009997557473810372,0.6229662256581443,3.548814484567353
shadow,3,101,0.001,4,28,0.0009994504881061753,0.6005978839738029,3.807745037656842
shadow,3,101,0.001,5,35,0.0009990232305719944,0.7447039442402976,4.817070238517992
shadow,3,101,0.001,6,42,0.0009984740801978985,0.6322679093905857,3.787267049153646
shadow,3,101,0.001,7,49,0.0009978031724785245,0.43400357557194574,4.11581513375947
shadow,3,101,0.001,8,56,0.000997010672950314,0.4453205040522984,4.338757139263731
shadow,3,101,0.001,9,63,0.0009960967771506667,0.350775057716029,6.074669924649325
shadow,3,101,0.001,10,70,0.000995061710569696,0.8145224835191455,3.7710936575224907
shadow,3,101,0.001,11,77,0.0009939057285945933,0.43896459894520895,4.1287790934244795
shadow,3,101,0.001,12,84,0.000992629116446613,0.3670372154031481,4.203088008996212
shadow,3,101,0.001,13,91,0.000991232189110701,0.34734587371349335,4.6630181977243135
shadow,3,101,0.001,14,98,0.0009897152912577741,0.3532986215182713,3.858800945859967
shadow,3,101,0.001,15,105,0.00098807879715968,0.38355885658945355,3.9329836296312735
shadow,3,101,0.001,16,112,0.00098632311059685,0.363988141396216,4.651374354506984
shadow,3,101,0.001,17,119,0.0009844486647586723,0.358203079019274,4.910977681477864
shadow,3,101,0.001,18,126,0.00098245592213661,0.3044819308478119,4.03586601488518
shadow,3,101,0.001,19,133,0.0009803453744100868,0.36281442429338184,3.9907573353160513
shadow,3,101,0.001,20,140,0.0009781175423251734,0.3415952686752592,4.5018361409505205
shadow,3,101,0.001,21,147,0.0009757729755661011,0.3660157599619457,4.032387935754024
shadow,3,101,0.001,22,154,0.0009733122526196349,0.3368614592722484,4.143806457519531
shadow,3,101,0.001,23,161,0.0009707359806323416,0.2547431013413838,4.427970423842922
shadow,3,101,0.001,24,168,0.0009680447952607845,0.2699269760799195,4.066922043309067
shadow,3,101,0.001,25,175,0.0009652393605146844,0.1841653295393501,4.931033972537879
shadow,3,101,0.001,26,182,0.000962320368593087,0.3082613817283085,3.9202203461618135
shadow,3,101,0.001,27,189,0.0009592885397135706,0.23701084511620657,4.278059525923296
shadow,3,101,0.001,28,196,0.0009561446219345453,0.1826110045824732,3.982252409963897
shadow,3,101,0.001,29,203,0.0009528893909706797,0.13548351363819425,4.249913071141099
shadow,3,101,0.001,30,210,0.0009495236500015047,0.15616577757256372,4.30183017615116
shadow,3,101,0.001,31,217,0.0009460482294732421,0.1888012673173632,3.7645307598691997
shadow,3,101,0.001,32,224,0.0009424639868939033,0.3189681427819388,4.427344929088246
shadow,3,101,0.001,33,231,0.0009387718066217125,0.2625910895211356,4.233342604203657
shadow,3,101,0.01,1,7,0.01,12.790459658418383,353.4008622602983
shadow,3,101,0.01,2,14,0.00999938933078422,46.97490528651646,308.4935876094934
shadow,3,101,0.01,3,21,0.009997557473810372,12.74326321056911,67.96872942375414
shadow,3,101,0.01,4,28,0.009994504881061753,12.893490552902222,4.2849908308549365
shadow,3,101,0.01,5,35,0.009990232305719944,1.3311926296779089,3.5575018218069365
shadow,3,101,0.01,6,42,0.009984740801978984,0.6406136112553733,3.5740740226976797
shadow,3,101,0.01,7,49,0.009978031724785246,1.0924360496657235,4.282509774872751
shadow,3,101,0.01,8,56,0.00997010672950314,2.0066797392708913,10.671680797230113
shadow,3,101,0.01,9,63,0.009960967771506667,1.1659919960158212,5.961615360144413
shadow,3,101,0.01,10,70,0.00995061710569696,1.0375995295388358,5.471059163411458
shadow,3,101,0.01,11,77,0.009939057285945933,1.1025786935227058,3.850706851843632
shadow,3,101,0.01,12,84,0.00992629116446613,0.7841067376014378,3.5837009314334756
shadow,3,101,0.01,13,91,0.00991232189110701,0.6215733672891345,3.5796760790275806
shadow,3,101,0.01,14,98,0.00989715291257774,0.554150253534317,3.570467399828362
shadow,3,101,0.01,15,105,0.0098807879715968,0.4961822634296758,3.559317848899148
shadow,3,101,0.01,16,112,0.0098632311059685,0.5447744471686227,3.5553461710611978
shadow,3,101,0.01,17,119,0.009844486647586723,0.6530900980745044,3.5516644102154356
shadow,3,101,0.01,18,126,0.0098245592213661,0.49447562066572054,3.5529581705729165
shadow,3,101,0.01,19,133,0.009803453744100868,0.6071912007672446,6.168747410629734
shadow,3,101,0.01,20,140,0.009781175423251734,5.486506887844631,44.82969838922674
shadow,3,101,0.01,21,147,0.009757729755661011,3.7624514869281223,6.110011245265151
shadow,3,101,0.01,22,154,0.009733122526196349,2.9957400986126492,23.67738319165779
shadow,3,101,0.01,23,161,0.009707359806323416,3.95488749231611,33.48164598869555
shadow,3,101,0.01,24,168,0.009680447952607845,6.57732139314924,33.90760028723514
shadow,3,101,0.01,25,175,0.009652393605146845,4.127565571240017,21.375228188254617
shadow,3,101,0.01,26,182,0.00962320368593087,2.617463835648128,11.094150312019117
shadow,3,101,0.01,27,189,0.009592885397135707,0.9426843119519097,3.550777782093395
shadow,3,101,0.01,28,196,0.009561446219345454,0.5401673742703029,3.559333338881984
shadow,3,101,0.01,29,203,0.009528893909706798,0.5364996492862701,3.5580079049775093
shadow,3,101,0.01,30,210,0.009495236500015047,0.49811461408223423,3.5586545539624765
shadow,3,101,0.01,31,217,0.00946048229473242,0.4963110882256712,3.5598687836618135
shadow,3,101,0.01,32,224,0.009424639868939034,0.5053878479770252,3.559614239316998
shadow,3,101,0.01,33,231,0.009387718066217124,0.6086467163903373,3.557719606341738
shadow,3,101,0.01,34,238,0.009349725996469048,0.49322185079966274,3.5551052671490293
shadow,3,101,0.01,35,245,0.00931067303366952,0.5557745482240405,3.5548125758315576
shadow,3,101,0.01,36,252,0.009270568813552756,0.5446747669151851,3.556275801225142
shadow,3,101,0.01,37,259,0.009229423231234974,0.677797509091241,3.556162978663589
shadow,3,101,0.01,38,266,0.009187246438772938,0.4925081320106983,3.558127663352273
shadow,3,101,0.01,39,273,0.009144048842659082,0.5787771259035382,3.558989091352983
shadow,3,101,0.01,40,280,0.009099841101253866,0.4928864057042769,3.557279413396662
shadow,3,101,0.01,41,287,0.00905463412215599,0.5614376153264727,3.557027412183357
shadow,3,101,0.01,42,294,0.0090084390595111,0.5546987014157432,3.555573665734493
shadow,3,101,0.01,43,301,0.008961267311259666,0.6843233832291195,3.5563592621774385
shadow,3,101,0.01,44,308,0.008913130516324731,0.5099350022418159,3.555519797585227
shadow,3,101,0.01,45,315,0.008864040551740157,0.5534489708287376,3.556849392977628
shadow,3,101,0.01,46,322,0.008814009529720154,0.5168989279440471,3.5587983564897017
shadow,3,101,0.01,47,329,0.008763049794670776,0.5161758980580738,3.557754285407789
shadow,3,101,0.01,48,336,0.008711173920144118,0.5841714143753052,3.5567680127692944
shadow,3,101,0.01,49,343,0.008658394705735987,0.6452829497201102,3.5577813350793086
shadow,3,101,0.01,50,350,0.008604725173927784,0.5487854693617139,3.5597111095081675
shadow,3,101,0.01,51,357,0.00855017856687341,0.5475648471287319,3.5587118900183476
shadow,3,101,0.01,52,364,0.008494768343131955,0.495575131050178,3.556331981312145
shadow,3,101,0.01,53,371,0.00843850817434701,0.4945292313184057,3.555047468705611
shadow,3,101,0.01,54,378,0.008381411941873378,0.6029378516333443,3.5541085907907197
shadow,3,101,0.01,55,385,0.008323493733352076,0.5100647317511695,3.555782433712121
shadow,3,101,0.01,56,392,0.008264767839234409,0.4987346923777035,3.5578583226059424
shadow,3,101,0.01,57,399,0.008205248749256015,0.6124709802014487,3.5596170136422822
shadow,4,101,1e-05,1,7,1e-05,0.5231269874743053,3.4056429862976074
shadow,4,101,1e-05,2,14,9.99938933078422e-06,0.49911041903708664,3.405411720275879
shadow,4,101,1e-05,3,21,9.997557473810373e-06,0.6313091899667468,3.405221462249756
shadow,4,101,1e-05,4,28,9.994504881061752e-06,0.5041011369986725,3.405146598815918
shadow,4,101,1e-05,5,35,9.990232305719944e-06,0.5248505302837917,3.4051034450531006
shadow,4,101,1e-05,6,42,9.984740801978984e-06,0.4945356265774795,3.4050676822662354
shadow,4,101,1e-05,7,49,9.978031724785247e-06,0.525674751826695,3.4050965309143066
shadow,4,101,1e-05,8,56,9.97010672950314e-06,0.4810997028169887,3.405057430267334
shadow,4,101,1e-05,9,63,9.960967771506666e-06,0.5563992304461343,3.4050235748291016
shadow,4,101,1e-05,10,70,9.950617105696961e-06,0.5162485582487923,3.4050073623657227
shadow,4,101,1e-05,11,77,9.939057285945933e-06,0.5301348843744823,3.4049794673919678
shadow,4,101,1e-05,12,84,9.926291164466131e-06,0.5221324690750667,3.405025005340576
shadow,4,101,1e-05,13,91,9.91232189110701e-06,0.4969188602907317,3.405153274536133
shadow,4,101,1e-05,14,98,9.897152912577742e-06,0.48878813974027124,3.405271053314209
shadow,4,101,1e-05,15,105,9.8807879715968e-06,0.7437612542084285,3.405271530151367
shadow,4,101,1e-05,16,112,9.8632311059685e-06,0.7847977110317775,3.405243396759033
shadow,4,101,1e-05,17,119,9.844486647586724e-06,0.6349398706640516,3.405176877975464
shadow,4,101,1e-05,18,126,9.824559221366101e-06,0.5761208023343768,3.405071973800659
shadow,4,101,1e-05,19,133,9.803453744100868e-06,0.49278767965734005,3.405057668685913
shadow,4,101,1e-05,20,140,9.781175423251734e-06,0.48729984036513735,3.405073881149292
shadow,4,101,1e-05,21,147,9.757729755661012e-06,0.6436454568590436,3.4050803184509277
shadow,4,101,1e-05,22,154,9.73312252619635e-06,0.7124417168753487,3.405066728591919
shadow,4,101,1e-05,23,161,9.707359806323418e-06,0.58763730100223,3.4051194190979004
shadow,4,101,1e-05,24,168,9.680447952607845e-06,0.5519855150154659,3.4051694869995117
shadow,4,101,1e-05,25,175,9.652393605146845e-06,0.5261029899120331,3.405177593231201
shadow,4,101,1e-05,26,182,9.62320368593087e-06,0.4865661449730396,3.405195713043213
shadow,4,101,1e-05,27,189,9.592885397135707e-06,0.5092239890779767,3.405224561691284
shadow,4,101,1e-05,28,196,9.561446219345455e-06,0.5030773329947676,3.4053151607513428
shadow,4,101,1e-05,29,203,9.528893909706798e-06,0.5590423345565796,3.4054131507873535
shadow,4,101,1e-05,30,210,9.495236500015048e-06,0.519187650510243,3.405400276184082
shadow,4,101,1e-05,31,217,9.460482294732422e-06,0.5040011554956436,3.4054079055786133
shadow,4,101,1e-05,32,224,9.424639868939035e-06,0.5551739888531821,3.4053170680999756
shadow,4,101,1e-05,33,231,9.387718066217125e-06,0.47350836944367203,3.4053187370300293
shadow,4,101,1e-05,34,238,9.349725996469047e-06,0.6421521433762142,3.4053163528442383
shadow,4,101,1e-05,35,245,9.310673033669522e-06,0.5576592513493129,3.4052627086639404
shadow,4,101,1e-05,36,252,9.270568813552757e-06,0.6135647594928741,3.405120372772217
shadow,4,101,1e-05,37,259,9.229423231234975e-06,0.6331940080438342,3.4051244258880615
shadow,4,101,1e-05,38,266,9.18724643877294e-06,0.7838424955095563,3.4050564765930176
shadow,4,101,1e-05,39,273,9.144048842659081e-06,0.6192267749990735,3.405092716217041
shadow,4,101,1e-05,40,280,9.099841101253867e-06,0.6791080662182399,3.405136823654175
shadow,4,101,1e-05,41,287,9.054634122155991e-06,0.4954142316377589,3.4050583839416504
shadow,4,101,0.0001,1,7,0.0001,0.4927048406430653,3.4058995246887207
shadow,4,101,0.0001,2,14,9.99938933078422e-05,0.5261295842272895,3.4054954051971436
shadow,4,101,0.0001,3,21,9.997557473810373e-05,0.6302548093455178,3.4053902626037598
shadow,4,101,0.0001,4,28,9.994504881061753e-05,0.5008499667580638,3.405036449432373
shadow,4,101,0.0001,5,35,9.990232305719945e-05,0.5044193284453026,3.4043755531311035
shadow,4,101,0.0001,6,42,9.984740801978984e-05,0.5087908527680806,3.4026601314544678
shadow,4,101,0.0001,7,49,9.978031724785247e-05,0.5171870376382556,3.402210235595703
shadow,4,101,0.0001,8,56,9.97010672950314e-05,0.491317767649889,3.401637077331543
shadow,4,101,0.0001,9,63,9.960967771506667e-05,0.5165936031511852,3.40069317817688
shadow,4,101,0.0001,10,70,9.95061710569696e-05,0.48659506413553444,3.4003119468688965
shadow,4,101,0.0001,11,77,9.939057285945933e-05,0.5155109997306552,3.3997304439544678
shadow,4,101,0.0001,12,84,9.926291164466132e-05,0.5403189957141876,3.398744821548462
shadow,4,101,0.0001,13,91,9.91232189110701e-05,0.4782412712063108,3.3981876373291016
shadow,4,101,0.0001,14,98,9.897152912577741e-05,0.48304543431316105,3.3958425521850586
shadow,4,101,0.0001,15,105,9.8807879715968e-05,0.6705761551856995,3.39266037940979
shadow,4,101,0.0001,16,112,9.8632311059685e-05,0.7238159690584455,3.3874998092651367
shadow,4,101,0.0001,17,119,9.844486647586725e-05,0.6268169752189091,3.378861427307129
shadow,4,101,0.0001,18,126,9.824559221366101e-05,0.5730022490024567,3.367530584335327
shadow,4,101,0.0001,19,133,9.803453744100869e-05,0.5195504001208714,3.366183042526245
shadow,4,101,0.0001,20,140,9.781175423251735e-05,0.47059434244874865,3.4159927368164062
shadow,4,101,0.0001,21,147,9.757729755661011e-05,0.5958853747163501,3.3175208568573
shadow,4,101,0.0001,22,154,9.73312252619635e-05,0.6682634353637695,3.293640613555908
shadow,4,101,0.0001,23,161,9.707359806323417e-05,0.6297807140009744,3.5007877349853516
shadow,4,101,0.0001,24,168,9.680447952607845e-05,0.5243473478725978,3.2519283294677734
shadow,4,101,0.0001,25,175,9.652393605146844e-05,0.47423398601157324,3.2559032440185547
shadow,4,101,0.0001,26,182,9.623203685930869e-05,0.4342635529381888,3.562748670578003
shadow,4,101,0.0001,27,189,9.592885397135707e-05,0.47239106042044504,3.2520694732666016
shadow,4,101,0.0001,28,196,9.561446219345454e-05,0.4374836225594793,3.2130916118621826
shadow,4,101,0.0001,29,203,9.528893909706797e-05,0.4294489877564566,3.1880340576171875
shadow,4,101,0.0001,30,210,9.495236500015047e-05,0.41944691207872403,3.2025644779205322
shadow,4,101,0.0001,31,217,9.460482294732421e-05,0.4650532134941646,3.307870864868164
shadow,4,101,0.0001,32,224,9.424639868939033e-05,0.42902654835156034,3.143310546875
shadow,4,101,0.0001,33,231,9.387718066217124e-05,0.4231949406010764,3.22872257232666
shadow,4,101,0.0001,34,238,9.349725996469047e-05,0.37238407347883495,3.196221113204956
shadow,4,101,0.0001,35,245,9.310673033669521e-05,0.36058881053967135,3.290626049041748
shadow,4,101,0.0001,36,252,9.270568813552756e-05,0.32524785080126356,3.3475658893585205
shadow,4,101,0.0001,37,259,9.229423231234974e-05,0.3566925512360675,3.376880407333374
shadow,4,101,0.0001,38,266,9.187246438772939e-05,0.41836157015391756,3.262012243270874
shadow,4,101,0.0001,39,273,9.14404884265908e-05,0.3725364953279495,3.111555814743042
shadow,4,101,0.0001,40,280,9.099841101253866e-05,0.2971947036151375,3.0936102867126465
shadow,4,101,0.0001,41,287,9.05463412215599e-05,0.3568647290979113,2.9669578075408936
shadow,4,101,0.0001,42,294,9.0084390595111e-05,0.28793661908379625,3.0122482776641846
shadow,4,101,0.0001,43,301,8.961267311259666e-05,0.2962863196485809,3.041871190071106
shadow,4,101,0.0001,44,308,8.913130516324733e-05,0.3082656966788428,2.944124937057495
shadow,4,101,0.0001,45,315,8.864040551740158e-05,0.31099662610462736,2.9465116262435913
shadow,4,101,0.0001,46,322,8.814009529720155e-05,0.37165138125419617,2.94281804561615
shadow,4,101,0.0001,47,329,8.763049794670775e-05,0.3533444362027304,2.950312614440918
shadow,4,101,0.0001,48,336,8.711173920144117e-05,0.276388766510146,3.062742829322815
shadow,4,101,0.0001,49,343,8.658394705735987e-05,0.2800222209521702,3.111809015274048
shadow,4,101,0.0001,50,350,8.604725173927785e-05,0.33703719664897236,2.951905846595764
shadow,4,101,0.0001,51,357,8.55017856687341e-05,0.3380934404475348,2.986274242401123
shadow,4,101,0.0001,52,364,8.494768343131955e-05,0.32168307474681307,2.935082197189331
shadow,4,101,0.0001,53,371,8.438508174347009e-05,0.4428461066314152,3.0408213138580322
shadow,4,101,0.0001,54,378,8.381411941873378e-05,0.24997967667877674,2.9415727853775024
shadow,4,101,0.0001,55,385,8.323493733352077e-05,0.3379184220518385,2.9785287380218506
shadow,4,101,0.0001,56,392,8.26476783923441e-05,0.24813522079161235,2.9144731760025024
shadow,4,101,0.0001,57,399,8.205248749256015e-05,0.26072993755432045,2.8799957036972046
shadow,4,101,0.0001,58,406,8.144951148861742e-05,0.32750438366617474,2.8726197481155396
shadow,4,101,0.0001,59,413,8.083889915582235e-05,0.24404262756330095,2.872921586036682
shadow,4,101,0.0001,60,420,8.022080115363127e-05,0.2649809058223452,2.8528659343719482
shadow,4,101,0.0001,61,427,7.959536998847744e-05,0.30429191674504963,2.791555643081665
shadow,4,101,0.0001,62,434,7.89627599761423e-05,0.24851300860089914,2.8238179683685303
shadow,4,101,0.0001,63,441,7.832312720368048e-05,0.3401976525783539,2.824571132659912
shadow,4,101,0.0001,64,448,7.767662949090753e-05,0.26535980296986444,2.818840980529785
shadow,4,101,0.0001,65,455,7.702342635146033e-05,0.2483416572213173,2.828994393348694
shadow,4,101,0.0001,66,462,7.636367895343946e-05,0.2377963936222451,2.7945438623428345
shadow,4,101,0.0001,67,469,7.569755007964338e-05,0.33460324151175364,2.81216037273407
shadow,4,101,0.0001,68,476,7.502520408740418e-05,0.29216656727450235,2.9464365243911743
shadow,4,101,0.0001,69,483,7.43468068680349e-05,0.2414089207138334,2.9708865880966187
shadow,4,101,0.0001,70,490,7.366252580589839e-05,0.24327773600816727,3.078619599342346
shadow,4,101,0.0001,71,497,7.297252973710757e-05,0.2802389902727945,2.8730428218841553
shadow,4,101,0.0001,72,504,7.22769889078678e-05,0.24655078245060785,2.700078248977661
shadow,4,101,0.0001,73,511,7.15760749324711e-05,0.233283169567585,2.7206647396087646
shadow,4,101,0.0001,74,518,7.086996075095289e-05,0.3169644389833723,2.7377620935440063
shadow,4,101,0.0001,75,525,7.015882058642164e-05,0.3118871237550463,2.7768938541412354
shadow,4,101,0.0001,76,532,6.944282990207195e-05,0.22462883884353296,2.7930930852890015
shadow,4,101,0.0001,77,539,6.872216535789157e-05,0.24214760959148407,2.804964542388916
shadow,4,101,0.0001,78,546,6.799700476707323e-05,0.20481513600264276,2.826196312904358
shadow,4,101,0.0001,79,553,6.726752705214194e-05,0.22105168285114424,2.8492246866226196
shadow,4,101,0.0001,80,560,6.65339122008084e-05,0.17771439162814723,3.0586068630218506
shadow,4,101,0.0001,81,567,6.57963412215599e-05,0.20235128567687102,3.1566457748413086
shadow,4,101,0.0001,82,574,6.505499609899905e-05,0.3004259508390013,2.838270664215088
shadow,4,101,0.0001,83,581,6.431005974894185e-05,0.21714683834995543,2.847454309463501
shadow,4,101,0.0001,84,588,6.356171597328596e-05,0.21337391861847468,2.8731483221054077
shadow,4,101,0.0001,85,595,6.281014941466031e-05,0.1989623691354479,2.8392452001571655
shadow,4,101,0.0001,86,602,6.205554551086733e-05,0.1946560431803976,2.8441948890686035
shadow,4,101,0.0001,87,609,6.129809044912887e-05,0.20803283048527582,2.887816309928894
shadow,4,101,0.0001,88,616,6.053797112014738e-05,0.18788696905331953,2.9636393785476685
shadow,4,101,0.0001,89,623,5.977537507199338e-05,0.200430799807821,3.03615665435791
shadow,4,101,0.0001,90,630,5.901049046383077e-05,0.2781735786369869,3.111837863922119
shadow,4,101,0.0001,91,637,5.8243506019491436e-05,0.27930407226085663,2.9923208951950073
shadow,4,101,0.0001,92,644,5.7474610980910354e-05,0.2008237937199218,2.962174892425537
shadow,4,101,0.0001,93,651,5.6703995061433075e-05,0.22421199083328247,2.995404839515686
shadow,4,101,0.0001,94,658,5.5931848399006745e-05,0.20830675746713365,3.031138777732849
shadow,4,101,0.0001,95,665,5.515836150926646e-05,0.20570228976430371,2.9500242471694946
shadow,4,101,0.0001,96,672,5.438372523852833e-05,0.18563022968581727,3.0831433534622192
shadow,4,101,0.0001,97,679,5.360813071670102e-05,0.39069426485470365,3.2211661338806152
shadow,4,101,0.0001,98,686,5.283176931012731e-05,0.2220547629653343,2.9782599210739136
shadow,4,101,0.0001,99,693,5.205483257436735e-05,0.386552883046014,3.0178542137145996
shadow,4,101,0.0001,100,700,5.127751220693513e-05,0.21257597740207398,3.1527363061904907
shadow,4,101,0.0001,101,707,5.05e-05,0.19107183388301305,2.953909993171692
shadow,4,101,0.0001,102,714,4.972248779306489e-05,0.18818808825952665,2.9283294677734375
shadow,4,101,0.001,1,7,0.001,0.6244074191365924,3.8068673610687256
shadow,4,101,0.001,2,14,0.000999938933078422,0.5299800634384155,3.9942123889923096
shadow,4,101,0.001,3,21,0.0009997557473810372,0.676529083933149,3.9487335681915283
shadow,4,101,0.001,4,28,0.0009994504881061753,0.5529237815311977,3.8526451587677
shadow,4,101,0.001,5,35,0.0009990232305719944,0.5271869844623974,3.6484107971191406
shadow,4,101,0.001,6,42,0.0009984740801978985,0.4492028584770326,3.8557825088500977
shadow,4,101,0.001,7,49,0.0009978031724785245,0.4965494019644601,3.6735901832580566
shadow,4,101,0.001,8,56,0.000997010672950314,0.496033359851156,3.968724012374878
shadow,4,101,0.001,9,63,0.0009960967771506667,0.6154827645846775,5.05845308303833
shadow,4,101,0.001,10,70,0.000995061710569696,0.5580177647726876,4.623793601989746
shadow,4,101,0.001,11,77,0.0009939057285945933,0.4456816390156746,3.1426331996917725
shadow,4,101,0.001,12,84,0.000992629116446613,0.4176358836037772,4.010345458984375
shadow,4,101,0.001,13,91,0.000991232189110701,0.3333215607064111,2.9844954013824463
shadow,4,101,0.001,14,98,0.0009897152912577741,0.49275813358170645,4.188696265220642
shadow,4,101,0.001,15,105,0.00098807879715968,0.5098121336528233,3.2654314041137695
shadow,4,101,0.001,16,112,0.00098632311059685,0.5044369293110711,3.509413957595825
shadow,4,101,0.001,17,119,0.0009844486647586723,0.5055151283740997,3.311382293701172
shadow,4,101,0.001,18,126,0.00098245592213661,0.3502319689307894,2.8504552841186523
shadow,4,101,0.001,19,133,0.0009803453744100868,0.29502139879124506,3.270126223564148
shadow,4,101,0.001,20,140,0.0009781175423251734,0.2675506685461317,2.6112775802612305
shadow,4,101,0.001,21,147,0.0009757729755661011,0.2618356666394642,2.9126579761505127
shadow,4,101,0.001,22,154,0.0009733122526196349,0.3957694172859192,3.171805262565613
shadow,4,101,0.001,23,161,0.0009707359806323416,0.46911974038396564,3.1694424152374268
shadow,4,101,0.001,24,168,0.0009680447952607845,0.3964408061334065,2.9974780082702637
shadow,4,101,0.001,25,175,0.0009652393605146844,0.3990183046885899,3.250983476638794
shadow,4,101,0.001,26,182,0.000962320368593087,0.2194768711924553,3.0307517051696777
shadow,4,101,0.001,27,189,0.0009592885397135706,0.1726922042933958,3.133671283721924
shadow,4,101,0.001,28,196,0.0009561446219345453,0.18792046925851277,3.242972731590271
shadow,4,101,0.001,29,203,0.0009528893909706797,0.20572121853807143,3.041546940803528
shadow,4,101,0.001,30,210,0.0009495236500015047,0.1951588477407183,3.783304452896118
shadow,4,101,0.001,31,217,0.0009460482294732421,0.19348984211683273,3.153462529182434
shadow,4,101,0.001,32,224,0.0009424639868939033,0.21379502756255014,3.4398339986801147
shadow,4,101,0.001,33,231,0.0009387718066217125,0.1477432083338499,3.0161290168762207
shadow,4,101,0.001,34,238,0.0009349725996469047,0.25015471769230707,3.4356967210769653
shadow,4,101,0.001,35,245,0.0009310673033669522,0.13467917764293297,3.484777331352234
shadow,4,101,0.001,36,252,0.0009270568813552756,0.22252236200230463,2.9742848873138428
shadow,4,101,0.001,37,259,0.0009229423231234975,0.16798917310578482,3.6165605783462524
shadow,4,101,0.001,38,266,0.0009187246438772938,0.20235922932624817,3.103630542755127
shadow,4,101,0.001,39,273,0.0009144048842659081,0.1883950669850622,3.1421045064926147
shadow,4,101,0.001,40,280,0.0009099841101253866,0.10275802428701095,3.061922550201416
shadow,4,101,0.001,41,287,0.000905463412215599,0.13442215749195643,3.086437225341797
shadow,4,101,0.001,42,294,0.0009008439059511099,0.10794351600426515,3.102981925010681
shadow,4,101,0.001,43,301,0.0008961267311259666,0.10659288934298924,3.111376643180847
shadow,4,101,0.001,44,308,0.0008913130516324732,0.09083170284117971,3.3500136137008667
shadow,4,101,0.001,45,315,0.0008864040551740157,0.16446414832690998,3.076615571975708
shadow,4,101,0.001,46,322,0.0008814009529720154,0.10573572452579226,3.4966548681259155
shadow,4,101,0.001,47,329,0.0008763049794670775,0.17911105283669063,3.1126551628112793
shadow,4,101,0.001,48,336,0.0008711173920144117,0.09393391891249589,2.989160895347595
shadow,4,101,0.001,49,343,0.0008658394705735987,0.0694833653313773,2.854851245880127
shadow,4,101,0.001,50,350,0.0008604725173927785,0.09423461210514818,3.1873542070388794
shadow,4,101,0.01,1,7,0.01,12.53762422289167,130.4926779270172
shadow,4,101,0.01,2,14,0.00999938933078422,13.984250579561506,18.371350049972534
shadow,4,101,0.01,3,21,0.009997557473810372,8.312392030443464,31.47491455078125
shadow,4,101,0.01,4,28,0.009994504881061753,5.590165989739554,24.621285676956177
shadow,4,101,0.01,5,35,0.009990232305719944,2.8049573728016446,3.4034531116485596
shadow,4,101,0.01,6,42,0.009984740801978984,1.4892038021768843,16.117342472076416
shadow,4,101,0.01,7,49,0.009978031724785246,1.3536287120410375,3.40625
shadow,4,101,0.01,8,56,0.00997010672950314,0.4885339573957026,3.40625
shadow,4,101,0.01,9,63,0.009960967771506667,0.5177088869469506,27.900020480155945
shadow,4,101,0.01,10,70,0.00995061710569696,3.2434912621974945,13.479355573654175
shadow,4,101,0.01,11,77,0.009939057285945933,4.014443337917328,27.222887754440308
shadow,4,101,0.01,12,84,0.00992629116446613,2.2656435200146268,3.386225700378418
shadow,4,101,0.01,13,91,0.00991232189110701,0.49027545071606127,3.40625
shadow,4,101,0.01,14,98,0.00989715291257774,0.49463528022170067,3.40625
shadow,4,101,0.01,15,105,0.0098807879715968,0.7275394371577671,3.40625
shadow,4,101,0.01,16,112,0.0098632311059685,1.5103959063334125,20.07005548477173
shadow,4,101,0.01,17,119,0.009844486647586723,2.2525133746010915,3.40625
shadow,4,101,0.01,18,126,0.0098245592213661,1.4438016074044364,18.453784942626953
shadow,4,101,0.01,19,133,0.009803453744100868,2.9152152623449052,11.88995885848999
shadow,4,101,0.01,20,140,0.009781175423251734,1.9712469662938799,8.853974342346191
shadow,4,101,0.01,21,147,0.009757729755661011,1.8808146544865199,6.612187623977661
shadow,4,101,0.01,22,154,0.009733122526196349,1.0242498091288976,21.476327776908875
shadow,4,101,0.01,23,161,0.009707359806323416,1.9892618017537254,3.40625
shadow,4,101,0.01,24,168,0.009680447952607845,0.5105601623654366,3.40625
shadow,4,101,0.01,25,175,0.009652393605146845,0.4967962104294981,3.40625
shadow,4,101,0.01,26,182,0.00962320368593087,0.4998608332659517,3.40625
shadow,4,101,0.01,27,189,0.009592885397135707,0.5033787127052035,3.40625
shadow,4,101,0.01,28,196,0.009561446219345454,0.49521852071796146,3.40625
shadow,4,101,0.01,29,203,0.009528893909706798,0.5028195349233491,3.40625
shadow,4,101,0.01,30,210,0.009495236500015047,0.4958337699728353,3.40625
shadow,4,101,0.01,31,217,0.00946048229473242,0.5153484216758183,3.40625
shadow,4,101,0.01,32,224,0.009424639868939034,0.5599487125873566,3.40625
shadow,4,101,0.01,33,231,0.009387718066217124,0.48897430314017193,3.40625
shadow,4,101,0.01,34,238,0.009349725996469048,0.6495631720338549,3.40625
shadow,4,101,0.01,35,245,0.00931067303366952,0.5411018814359393,3.40625
shadow,4,101,0.01,36,252,0.009270568813552756,0.6311819085053035,3.40625
shadow,4,101,0.01,37,259,0.009229423231234974,0.6026647984981537,3.40625
shadow,4,101,0.01,38,266,0.009187246438772938,0.7656150758266449,3.40625
shadow,4,101,0.01,39,273,0.009144048842659082,0.624987781047821,3.40625
shadow,4,101,0.01,40,280,0.009099841101253866,0.6545777320861816,3.40625
shadow,4,101,0.01,41,287,0.00905463412215599,0.48866614127265556,3.40625
shadow,4,101,0.01,42,294,0.0090084390595111,0.5424413127558572,3.40625
