experiment_code,scheme,fold,seed,initial_lr,eta_min,epoch,optimizer_step,train_loss,val_loss,val_mae,learning_rate,best_val_mae_so_far,best_epoch_so_far,epochs_since_improvement,is_best,stopped_early,numerical_failure
EXP-T096,primary,0,101,1e-05,1.0000000000000001e-07,1,7,0.487811748603625,0.4913042386372884,3.359346794359612,1e-05,3.359346794359612,1,0,True,False,False
EXP-T096,primary,0,101,1e-05,1.0000000000000001e-07,2,14,0.5558219977787563,0.49213482936223346,3.359740517356179,9.99938933078422e-06,3.359346794359612,1,1,False,False,False
EXP-T096,primary,0,101,1e-05,1.0000000000000001e-07,3,21,0.5206603067261832,0.4935019115606944,3.360379999334162,9.997557473810373e-06,3.359346794359612,1,2,False,False,False
EXP-T096,primary,0,101,1e-05,1.0000000000000001e-07,4,28,0.4973227860672133,0.4963567852973938,3.361693642356179,9.994504881061752e-06,3.359346794359612,1,3,False,False,False
EXP-T096,primary,0,101,1e-05,1.0000000000000001e-07,5,35,0.5014034552233559,0.4983152349789937,3.3625578446821733,9.990232305719944e-06,3.359346794359612,1,4,False,False,False
EXP-T096,primary,0,101,1e-05,1.0000000000000001e-07,6,42,0.5903519434588296,0.4985903700192769,3.362594373298414,9.984740801978984e-06,3.359346794359612,1,5,False,False,False
EXP-T096,primary,0,101,1e-05,1.0000000000000001e-07,7,49,0.529292127915791,0.4987401564915975,3.362558075875947,9.978031724785247e-06,3.359346794359612,1,6,False,False,False
EXP-T096,primary,0,101,1e-05,1.0000000000000001e-07,8,56,0.5087657890149525,0.49903014302253723,3.362584431966146,9.97010672950314e-06,3.359346794359612,1,7,False,False,False
EXP-T096,primary,0,101,1e-05,1.0000000000000001e-07,9,63,0.560429321868079,0.4988739689191182,3.362436005563447,9.960967771506666e-06,3.359346794359612,1,8,False,False,False
EXP-T096,primary,0,101,1e-05,1.0000000000000001e-07,10,70,0.47942089076553074,0.4996977051099141,3.362754128196023,9.950617105696961e-06,3.359346794359612,1,9,False,False,False
EXP-T096,primary,0,101,1e-05,1.0000000000000001e-07,11,77,0.5002525044339043,0.5007830560207367,3.3631887724905303,9.939057285945933e-06,3.359346794359612,1,10,False,False,False
EXP-T096,primary,0,101,1e-05,1.0000000000000001e-07,12,84,0.4892253151961735,0.5019224087397257,3.363677284934304,9.926291164466131e-06,3.359346794359612,1,11,False,False,False
EXP-T096,primary,0,101,1e-05,1.0000000000000001e-07,13,91,0.5748904304844993,0.5030216972033182,3.3641070741595644,9.91232189110701e-06,3.359346794359612,1,12,False,False,False
EXP-T096,primary,0,101,1e-05,1.0000000000000001e-07,14,98,0.5605848474161965,0.5035004317760468,3.3642097241950757,9.897152912577742e-06,3.359346794359612,1,13,False,False,False
EXP-T096,primary,0,101,1e-05,1.0000000000000001e-07,15,105,0.46402073704770636,0.5038057764371237,3.3642446344549004,9.8807879715968e-06,3.359346794359612,1,14,False,False,False
EXP-T096,primary,0,101,1e-05,1.0000000000000001e-07,16,112,0.4926590270229748,0.5053961277008057,3.364878105394768,9.8632311059685e-06,3.359346794359612,1,15,False,False,False
EXP-T096,primary,0,101,1e-05,1.0000000000000001e-07,17,119,0.7123209450926099,0.5051928162574768,3.364708409164891,9.844486647586724e-06,3.359346794359612,1,16,False,False,False
EXP-T096,primary,0,101,1e-05,1.0000000000000001e-07,18,126,0.4771762282720634,0.5064632693926493,3.3651962280273438,9.824559221366101e-06,3.359346794359612,1,17,False,False,False
EXP-T096,primary,0,101,1e-05,1.0000000000000001e-07,19,133,0.46999747465763775,0.5081361134847006,3.365825537479285,9.803453744100868e-06,3.359346794359612,1,18,False,False,False
EXP-T096,primary,0,101,1e-05,1.0000000000000001e-07,20,140,0.48924350093251895,0.5083029866218567,3.365805886008523,9.781175423251734e-06,3.359346794359612,1,19,False,False,False
EXP-T096,primary,0,101,1e-05,1.0000000000000001e-07,21,147,0.5151797405311039,0.5095867315928141,3.3663080388849433,9.757729755661012e-06,3.359346794359612,1,20,False,False,False
EXP-T096,primary,0,101,1e-05,1.0000000000000001e-07,22,154,0.591091913836343,0.5095193982124329,3.366217179731889,9.73312252619635e-06,3.359346794359612,1,21,False,False,False
EXP-T096,primary,0,101,1e-05,1.0000000000000001e-07,23,161,0.6240951589175633,0.5108878314495087,3.366730892296993,9.707359806323418e-06,3.359346794359612,1,22,False,False,False
EXP-T096,primary,0,101,1e-05,1.0000000000000001e-07,24,168,0.4853980035654136,0.5118762056032816,3.3670679728190103,9.680447952607845e-06,3.359346794359612,1,23,False,False,False
EXP-T096,primary,0,101,1e-05,1.0000000000000001e-07,25,175,0.4969224748866899,0.5122658411661783,3.367188193581321,9.652393605146845e-06,3.359346794359612,1,24,False,False,False
EXP-T096,primary,0,101,1e-05,1.0000000000000001e-07,26,182,0.47636768364541887,0.5124546488126119,3.367224259810014,9.62320368593087e-06,3.359346794359612,1,25,False,False,False
EXP-T096,primary,0,101,1e-05,1.0000000000000001e-07,27,189,0.5683870400701251,0.5142974257469177,3.3679557569099194,9.592885397135707e-06,3.359346794359612,1,26,False,False,False
EXP-T096,primary,0,101,1e-05,1.0000000000000001e-07,28,196,0.47110856030485593,0.5155411760012308,3.3691274469549004,9.561446219345455e-06,3.359346794359612,1,27,False,False,False
EXP-T096,primary,0,101,1e-05,1.0000000000000001e-07,29,203,0.4952679042305265,0.5160537362098694,3.369690634987571,9.528893909706798e-06,3.359346794359612,1,28,False,False,False
EXP-T096,primary,0,101,1e-05,1.0000000000000001e-07,30,210,0.5111340922968728,0.5169005990028381,3.3706690470377603,9.495236500015048e-06,3.359346794359612,1,29,False,False,False
EXP-T096,primary,0,101,1e-05,1.0000000000000001e-07,31,217,0.6058992998940604,0.517359455426534,3.3711295850349194,9.460482294732422e-06,3.359346794359612,1,30,False,True,False
EXP-T096,primary,0,101,0.0001,1.0000000000000002e-06,1,7,0.5047716987984521,0.5299141605695089,3.3881574688535747,0.0001,3.3881574688535747,1,0,True,False,False
EXP-T096,primary,0,101,0.0001,1.0000000000000002e-06,2,14,0.5310714329992022,0.507968525091807,3.366613445859967,9.99938933078422e-05,3.366613445859967,2,0,True,False,False
EXP-T096,primary,0,101,0.0001,1.0000000000000002e-06,3,21,0.5048652035849435,0.5069841146469116,3.365493312026515,9.997557473810373e-05,3.365493312026515,3,0,True,False,False
EXP-T096,primary,0,101,0.0001,1.0000000000000002e-06,4,28,0.48456023952790667,0.5244094928105673,3.3795196070815576,9.994504881061753e-05,3.365493312026515,3,1,False,False,False
EXP-T096,primary,0,101,0.0001,1.0000000000000002e-06,5,35,0.4750153480895928,0.523744543393453,3.3780450531930635,9.990232305719945e-05,3.365493312026515,3,2,False,False,False
EXP-T096,primary,0,101,0.0001,1.0000000000000002e-06,6,42,0.5444877914019993,0.5042198101679484,3.362100312204072,9.984740801978984e-05,3.362100312204072,6,0,True,False,False
EXP-T096,primary,0,101,0.0001,1.0000000000000002e-06,7,49,0.49528135997908457,0.4930393000443776,3.3558784253669507,9.978031724785247e-05,3.3558784253669507,7,0,True,False,False
EXP-T096,primary,0,101,0.0001,1.0000000000000002e-06,8,56,0.48375306251857964,0.4891117016474406,3.3529092037316524,9.97010672950314e-05,3.3529092037316524,8,0,True,False,False
EXP-T096,primary,0,101,0.0001,1.0000000000000002e-06,9,63,0.5484734560762133,0.49738581975301105,3.356347286339962,9.960967771506667e-05,3.3529092037316524,8,1,False,False,False
EXP-T096,primary,0,101,0.0001,1.0000000000000002e-06,10,70,0.4977045612675803,0.5132723450660706,3.3630498250325522,9.95061710569696e-05,3.3529092037316524,8,2,False,False,False
EXP-T096,primary,0,101,0.0001,1.0000000000000002e-06,11,77,0.5003315540296691,0.5176996489365896,3.365814902565696,9.939057285945933e-05,3.3529092037316524,8,3,False,False,False
EXP-T096,primary,0,101,0.0001,1.0000000000000002e-06,12,84,0.5158684594290597,0.5144040981928507,3.3616550329959756,9.926291164466132e-05,3.3529092037316524,8,4,False,False,False
EXP-T096,primary,0,101,0.0001,1.0000000000000002e-06,13,91,0.5703213555472237,0.5084835191567739,3.3583149765477036,9.91232189110701e-05,3.3529092037316524,8,5,False,False,False
EXP-T096,primary,0,101,0.0001,1.0000000000000002e-06,14,98,0.5398559314864022,0.5101903080940247,3.358254403779001,9.897152912577741e-05,3.3529092037316524,8,6,False,False,False
EXP-T096,primary,0,101,0.0001,1.0000000000000002e-06,15,105,0.47806071436830927,0.5125778913497925,3.358514727968158,9.8807879715968e-05,3.3529092037316524,8,7,False,False,False
EXP-T096,primary,0,101,0.0001,1.0000000000000002e-06,16,112,0.4841269307902881,0.5219168166319529,3.3668400157581675,9.8632311059685e-05,3.3529092037316524,8,8,False,False,False
EXP-T096,primary,0,101,0.0001,1.0000000000000002e-06,17,119,0.7250545791217259,0.5025477011998495,3.352744362571023,9.844486647586725e-05,3.352744362571023,17,0,True,False,False
EXP-T096,primary,0,101,0.0001,1.0000000000000002e-06,18,126,0.48965912738016676,0.5097153186798096,3.3554881702769888,9.824559221366101e-05,3.352744362571023,17,1,False,False,False
EXP-T096,primary,0,101,0.0001,1.0000000000000002e-06,19,133,0.48400549377713886,0.5208357572555542,3.3638025919596353,9.803453744100869e-05,3.352744362571023,17,2,False,False,False
EXP-T096,primary,0,101,0.0001,1.0000000000000002e-06,20,140,0.47330960924903465,0.5136514206727346,3.3560014204545454,9.781175423251735e-05,3.352744362571023,17,3,False,False,False
EXP-T096,primary,0,101,0.0001,1.0000000000000002e-06,21,147,0.5260301828384399,0.5225198268890381,3.364504727450284,9.757729755661011e-05,3.352744362571023,17,4,False,False,False
EXP-T096,primary,0,101,0.0001,1.0000000000000002e-06,22,154,0.5919762168611798,0.5119706094264984,3.353636539343632,9.73312252619635e-05,3.352744362571023,17,5,False,False,False
EXP-T096,primary,0,101,0.0001,1.0000000000000002e-06,23,161,0.5673166641167232,0.5205710530281067,3.3599344889322915,9.707359806323417e-05,3.352744362571023,17,6,False,False,False
EXP-T096,primary,0,101,0.0001,1.0000000000000002e-06,24,168,0.46395858160602593,0.5236894488334656,3.362450801964962,9.680447952607845e-05,3.352744362571023,17,7,False,False,False
EXP-T096,primary,0,101,0.0001,1.0000000000000002e-06,25,175,0.48650445363351275,0.5204480886459351,3.3576630101059424,9.652393605146844e-05,3.352744362571023,17,8,False,False,False
EXP-T096,primary,0,101,0.0001,1.0000000000000002e-06,26,182,0.47913477092307794,0.5072875022888184,3.347898078687263,9.623203685930869e-05,3.347898078687263,26,0,True,False,False
EXP-T096,primary,0,101,0.0001,1.0000000000000002e-06,27,189,0.5206352387155805,0.5078671971956888,3.3474706013997397,9.592885397135707e-05,3.3474706013997397,27,0,True,False,False
EXP-T096,primary,0,101,0.0001,1.0000000000000002e-06,28,196,0.46767728007398546,0.5127015511194865,3.3485764012192236,9.561446219345454e-05,3.3474706013997397,27,1,False,False,False
EXP-T096,primary,0,101,0.0001,1.0000000000000002e-06,29,203,0.49678827822208405,0.5177260835965475,3.351811495694247,9.528893909706797e-05,3.3474706013997397,27,2,False,False,False
EXP-T096,primary,0,101,0.0001,1.0000000000000002e-06,30,210,0.510829725435802,0.5259247024854025,3.361383380311908,9.495236500015047e-05,3.3474706013997397,27,3,False,False,False
EXP-T096,primary,0,101,0.0001,1.0000000000000002e-06,31,217,0.5596669444016048,0.5262059072653452,3.361262003580729,9.460482294732421e-05,3.3474706013997397,27,4,False,False,False
EXP-T096,primary,0,101,0.0001,1.0000000000000002e-06,32,224,0.5996215173176357,0.5283345878124237,3.363237323183002,9.424639868939033e-05,3.3474706013997397,27,5,False,False,False
EXP-T096,primary,0,101,0.0001,1.0000000000000002e-06,33,231,0.5843127965927124,0.5157121221224467,3.3478638620087593,9.387718066217124e-05,3.3474706013997397,27,6,False,False,False
EXP-T096,primary,0,101,0.0001,1.0000000000000002e-06,34,238,0.530484995671681,0.527672161658605,3.3609383322975854,9.349725996469047e-05,3.3474706013997397,27,7,False,False,False
EXP-T096,primary,0,101,0.0001,1.0000000000000002e-06,35,245,0.5071124455758503,0.5371696551640829,3.3715362548828125,9.310673033669521e-05,3.3474706013997397,27,8,False,False,False
EXP-T096,primary,0,101,0.0001,1.0000000000000002e-06,36,252,0.46294210398835794,0.5261925856272379,3.358491377397017,9.270568813552756e-05,3.3474706013997397,27,9,False,False,False
EXP-T096,primary,0,101,0.0001,1.0000000000000002e-06,37,259,0.5610623104231698,0.5313426852226257,3.3639126401959043,9.229423231234974e-05,3.3474706013997397,27,10,False,False,False
EXP-T096,primary,0,101,0.0001,1.0000000000000002e-06,38,266,0.5202898468290057,0.5382635792096456,3.3705264004794033,9.187246438772939e-05,3.3474706013997397,27,11,False,False,False
EXP-T096,primary,0,101,0.0001,1.0000000000000002e-06,39,273,0.5297540255955288,0.5318745076656342,3.362579345703125,9.14404884265908e-05,3.3474706013997397,27,12,False,False,False
EXP-T096,primary,0,101,0.0001,1.0000000000000002e-06,40,280,0.5350183163370404,0.5239220360914866,3.352458375872988,9.099841101253866e-05,3.3474706013997397,27,13,False,False,False
EXP-T096,primary,0,101,0.0001,1.0000000000000002e-06,41,287,0.4830689786800316,0.5225274960199991,3.3499765107125947,9.05463412215599e-05,3.3474706013997397,27,14,False,False,False
EXP-T096,primary,0,101,0.0001,1.0000000000000002e-06,42,294,0.47931947505899836,0.5286028981208801,3.356324629350142,9.0084390595111e-05,3.3474706013997397,27,15,False,False,False
EXP-T096,primary,0,101,0.0001,1.0000000000000002e-06,43,301,0.4786056546228273,0.5100505749384562,3.3391598788174717,8.961267311259666e-05,3.3391598788174717,43,0,True,False,False
EXP-T096,primary,0,101,0.0001,1.0000000000000002e-06,44,308,0.5254903180258614,0.5077080527941386,3.337742892178622,8.913130516324733e-05,3.337742892178622,44,0,True,False,False
EXP-T096,primary,0,101,0.0001,1.0000000000000002e-06,45,315,0.4841787410633905,0.5159431596597036,3.3405010338985557,8.864040551740158e-05,3.337742892178622,44,1,False,False,False
EXP-T096,primary,0,101,0.0001,1.0000000000000002e-06,46,322,0.516183710524014,0.5126945873101553,3.3380291100704307,8.814009529720155e-05,3.337742892178622,44,2,False,False,False
EXP-T096,primary,0,101,0.0001,1.0000000000000002e-06,47,329,0.4915494556937899,0.5137998461723328,3.337025497898911,8.763049794670775e-05,3.337025497898911,47,0,True,False,False
EXP-T096,primary,0,101,0.0001,1.0000000000000002e-06,48,336,0.6413752010890416,0.5095858971277872,3.333733067368016,8.711173920144117e-05,3.333733067368016,48,0,True,False,False
EXP-T096,primary,0,101,0.0001,1.0000000000000002e-06,49,343,0.504977075116975,0.5057977835337321,3.331004518451113,8.658394705735987e-05,3.331004518451113,49,0,True,False,False
EXP-T096,primary,0,101,0.0001,1.0000000000000002e-06,50,350,0.5301374580178942,0.5079872210820516,3.3305569273052793,8.604725173927785e-05,3.3305569273052793,50,0,True,False,False
EXP-T096,primary,0,101,0.0001,1.0000000000000002e-06,51,357,0.4943631355251585,0.5117788712183634,3.3306228175307764,8.55017856687341e-05,3.3305569273052793,50,1,False,False,False
EXP-T096,primary,0,101,0.0001,1.0000000000000002e-06,52,364,0.4697897559297936,0.5159273147583008,3.3312128240411933,8.494768343131955e-05,3.3305569273052793,50,2,False,False,False
EXP-T096,primary,0,101,0.0001,1.0000000000000002e-06,53,371,0.4732781568808215,0.5265783766905466,3.3405211477568657,8.438508174347009e-05,3.3305569273052793,50,3,False,False,False
EXP-T096,primary,0,101,0.0001,1.0000000000000002e-06,54,378,0.4879797622561455,0.5190624197324117,3.3312253085049717,8.381411941873378e-05,3.3305569273052793,50,4,False,False,False
EXP-T096,primary,0,101,0.0001,1.0000000000000002e-06,55,385,0.5414519565446037,0.511185477177302,3.326024142178622,8.323493733352077e-05,3.326024142178622,55,0,True,False,False
EXP-T096,primary,0,101,0.0001,1.0000000000000002e-06,56,392,0.51070579460689,0.520611176888148,3.329159129749645,8.26476783923441e-05,3.326024142178622,55,1,False,False,False
EXP-T096,primary,0,101,0.0001,1.0000000000000002e-06,57,399,0.4654365155978927,0.5242513219515482,3.3316375270034326,8.205248749256015e-05,3.326024142178622,55,2,False,False,False
EXP-T096,primary,0,101,0.0001,1.0000000000000002e-06,58,406,0.7032274433544704,0.5341255366802216,3.3413566820549243,8.144951148861742e-05,3.326024142178622,55,3,False,False,False
EXP-T096,primary,0,101,0.0001,1.0000000000000002e-06,59,413,0.47469927317329813,0.5276179512341818,3.330788352272727,8.083889915582235e-05,3.326024142178622,55,4,False,False,False
EXP-T096,primary,0,101,0.0001,1.0000000000000002e-06,60,420,0.46376634309334414,0.5084351698557535,3.314898866595644,8.022080115363127e-05,3.314898866595644,60,0,True,False,False
EXP-T096,primary,0,101,0.0001,1.0000000000000002e-06,61,427,0.6691914371081761,0.5080206990242004,3.3115826231060606,7.959536998847744e-05,3.3115826231060606,61,0,True,False,False
EXP-T096,primary,0,101,0.0001,1.0000000000000002e-06,62,434,0.47435599831598146,0.5132406155268351,3.311093417080966,7.89627599761423e-05,3.311093417080966,62,0,True,False,False
EXP-T096,primary,0,101,0.0001,1.0000000000000002e-06,63,441,0.5122473197323936,0.5198397239049276,3.3118986649946733,7.832312720368048e-05,3.311093417080966,62,1,False,False,False
EXP-T096,primary,0,101,0.0001,1.0000000000000002e-06,64,448,0.7966602104050773,0.5146683057149252,3.30610957290187,7.767662949090753e-05,3.30610957290187,64,0,True,False,False
EXP-T096,primary,0,101,0.0001,1.0000000000000002e-06,65,455,0.5840572246483394,0.5155696372191111,3.303122780539773,7.702342635146033e-05,3.303122780539773,65,0,True,False,False
EXP-T096,primary,0,101,0.0001,1.0000000000000002e-06,66,462,0.5678848368780953,0.5183383425076803,3.300129514752012,7.636367895343946e-05,3.300129514752012,66,0,True,False,False
EXP-T096,primary,0,101,0.0001,1.0000000000000002e-06,67,469,0.5551196549619947,0.49592989683151245,3.2838520859227036,7.569755007964338e-05,3.2838520859227036,67,0,True,False,False
EXP-T096,primary,0,101,0.0001,1.0000000000000002e-06,68,476,0.483723375414099,0.4997508724530538,3.281197519013376,7.502520408740418e-05,3.281197519013376,68,0,True,False,False
EXP-T096,primary,0,101,0.0001,1.0000000000000002e-06,69,483,0.47017423276390347,0.5020910898844401,3.2785669962565103,7.43468068680349e-05,3.2785669962565103,69,0,True,False,False
EXP-T096,primary,0,101,0.0001,1.0000000000000002e-06,70,490,0.4884167994771685,0.5295941332976023,3.3045450846354165,7.366252580589839e-05,3.2785669962565103,69,1,False,False,False
EXP-T096,primary,0,101,0.0001,1.0000000000000002e-06,71,497,0.49684520065784454,0.5324538250764211,3.309929125236742,7.297252973710757e-05,3.2785669962565103,69,2,False,False,False
EXP-T096,primary,0,101,0.0001,1.0000000000000002e-06,72,504,0.4773262803043638,0.5355400244394938,3.3158899943033853,7.22769889078678e-05,3.2785669962565103,69,3,False,False,False
EXP-T096,primary,0,101,0.0001,1.0000000000000002e-06,73,511,0.5143731023584094,0.510970820983251,3.2610845854788115,7.15760749324711e-05,3.2610845854788115,73,0,True,False,False
EXP-T096,primary,0,101,0.0001,1.0000000000000002e-06,74,518,0.7622524414743695,0.5013152559598287,3.241544550115412,7.086996075095289e-05,3.241544550115412,74,0,True,False,False
EXP-T096,primary,0,101,0.0001,1.0000000000000002e-06,75,525,0.8081598367009845,0.4955817262331645,3.2273358431729404,7.015882058642164e-05,3.2273358431729404,75,0,True,False,False
EXP-T096,primary,0,101,0.0001,1.0000000000000002e-06,76,532,0.4628364901457514,0.5148622294267019,3.251901799982244,6.944282990207195e-05,3.2273358431729404,75,1,False,False,False
EXP-T096,primary,0,101,0.0001,1.0000000000000002e-06,77,539,0.47758310607501436,0.5098871886730194,3.236320957993016,6.872216535789157e-05,3.2273358431729404,75,2,False,False,False
EXP-T096,primary,0,101,0.0001,1.0000000000000002e-06,78,546,0.5618468395301274,0.5279680291811625,3.2840076793323862,6.799700476707323e-05,3.2273358431729404,75,3,False,False,False
EXP-T096,primary,0,101,0.0001,1.0000000000000002e-06,79,553,0.45929847391588347,0.5041589935620626,3.223056677616004,6.726752705214194e-05,3.223056677616004,79,0,True,False,False
EXP-T096,primary,0,101,0.0001,1.0000000000000002e-06,80,560,0.493019163608551,0.4924345711867015,3.196030125473485,6.65339122008084e-05,3.196030125473485,80,0,True,False,False
EXP-T096,primary,0,101,0.0001,1.0000000000000002e-06,81,567,0.57387261731284,0.46181007226308185,3.1548491969253076,6.57963412215599e-05,3.1548491969253076,81,0,True,False,False
EXP-T096,primary,0,101,0.0001,1.0000000000000002e-06,82,574,0.4655606568391834,0.4465615550676982,3.1390269886363638,6.505499609899905e-05,3.1390269886363638,82,0,True,False,False
EXP-T096,primary,0,101,0.0001,1.0000000000000002e-06,83,581,0.4387316602681364,0.47071505586306256,3.1372678352124765,6.431005974894185e-05,3.1372678352124765,83,0,True,False,False
EXP-T096,primary,0,101,0.0001,1.0000000000000002e-06,84,588,0.5087702700069973,0.45783697565396625,3.1142155040394175,6.356171597328596e-05,3.1142155040394175,84,0,True,False,False
EXP-T096,primary,0,101,0.0001,1.0000000000000002e-06,85,595,0.4296353943645954,0.4180085062980652,3.112998268821023,6.281014941466031e-05,3.112998268821023,85,0,True,False,False
EXP-T096,primary,0,101,0.0001,1.0000000000000002e-06,86,602,0.5009043685027531,0.42567091186841327,3.08417880896366,6.205554551086733e-05,3.08417880896366,86,0,True,False,False
EXP-T096,primary,0,101,0.0001,1.0000000000000002e-06,87,609,0.3968963867851666,0.4329819977283478,3.08099365234375,6.129809044912887e-05,3.08099365234375,87,0,True,False,False
EXP-T096,primary,0,101,0.0001,1.0000000000000002e-06,88,616,0.411525946110487,0.4404093027114868,3.105020696466619,6.053797112014738e-05,3.08099365234375,87,1,False,False,False
EXP-T096,primary,0,101,0.0001,1.0000000000000002e-06,89,623,0.4125183309827532,0.4149831334749858,3.0623543479225854,5.977537507199338e-05,3.0623543479225854,89,0,True,False,False
EXP-T096,primary,0,101,0.0001,1.0000000000000002e-06,90,630,0.42678900914532797,0.3749845127264659,3.0233415545839253,5.901049046383077e-05,3.0233415545839253,90,0,True,False,False
EXP-T096,primary,0,101,0.0001,1.0000000000000002e-06,91,637,0.4263789728283882,0.3444211905201276,3.0646126487038354,5.8243506019491436e-05,3.0233415545839253,90,1,False,False,False
EXP-T096,primary,0,101,0.0001,1.0000000000000002e-06,92,644,0.5787586101463863,0.34123408049345016,3.0276142467151987,5.7474610980910354e-05,3.0233415545839253,90,2,False,False,False
EXP-T096,primary,0,101,0.0001,1.0000000000000002e-06,93,651,0.5758694069726127,0.34697702527046204,3.0055837920217803,5.6703995061433075e-05,3.0055837920217803,93,0,True,False,False
EXP-T096,primary,0,101,0.0001,1.0000000000000002e-06,94,658,0.5529095232486725,0.3393256689111392,3.0013286706173057,5.5931848399006745e-05,3.0013286706173057,94,0,True,False,False
EXP-T096,primary,0,101,0.0001,1.0000000000000002e-06,95,665,0.406041644513607,0.3270359455297391,3.0133650808623345,5.515836150926646e-05,3.0013286706173057,94,1,False,False,False
EXP-T096,primary,0,101,0.0001,1.0000000000000002e-06,96,672,0.40511298179626465,0.32802609509478015,3.0465596516927085,5.438372523852833e-05,3.0013286706173057,94,2,False,False,False
EXP-T096,primary,0,101,0.0001,1.0000000000000002e-06,97,679,0.42134491886411396,0.3235665347116689,3.0135962746360083,5.360813071670102e-05,3.0013286706173057,94,3,False,False,False
EXP-T096,primary,0,101,0.0001,1.0000000000000002e-06,98,686,0.4225303445543562,0.32565307555099327,3.0065212827740293,5.283176931012731e-05,3.0013286706173057,94,4,False,False,False
EXP-T096,primary,0,101,0.0001,1.0000000000000002e-06,99,693,0.39428330212831497,0.32215593196451664,3.0069099195075757,5.205483257436735e-05,3.0013286706173057,94,5,False,False,False
EXP-T096,primary,0,101,0.0001,1.0000000000000002e-06,100,700,0.45979913643428255,0.3277556279984613,3.038422786828243,5.127751220693513e-05,3.0013286706173057,94,6,False,False,False
EXP-T096,primary,0,101,0.0001,1.0000000000000002e-06,101,707,0.35860125853547026,0.3338501565158367,3.0734634399414062,5.05e-05,3.0013286706173057,94,7,False,False,False
EXP-T096,primary,0,101,0.0001,1.0000000000000002e-06,102,714,0.43249976209231783,0.3289384242768089,3.0593143809925425,4.972248779306489e-05,3.0013286706173057,94,8,False,False,False
EXP-T096,primary,0,101,0.0001,1.0000000000000002e-06,103,721,0.37093278978552136,0.3312994761702915,3.0766164606267754,4.894516742563265e-05,3.0013286706173057,94,9,False,False,False
EXP-T096,primary,0,101,0.0001,1.0000000000000002e-06,104,728,0.3693077542952129,0.3300125669532766,3.074382203997988,4.816823068987269e-05,3.0013286706173057,94,10,False,False,False
EXP-T096,primary,0,101,0.0001,1.0000000000000002e-06,105,735,0.3937407263687679,0.34710584332545596,3.1305669148763022,4.739186928329899e-05,3.0013286706173057,94,11,False,False,False
EXP-T096,primary,0,101,0.0001,1.0000000000000002e-06,106,742,0.3356664872262627,0.3722407668828964,3.2031915838068183,4.661627476147168e-05,3.0013286706173057,94,12,False,False,False
EXP-T096,primary,0,101,0.0001,1.0000000000000002e-06,107,749,0.5226261104856219,0.3529188185930252,3.160498532381925,4.584163849073354e-05,3.0013286706173057,94,13,False,False,False
EXP-T096,primary,0,101,0.0001,1.0000000000000002e-06,108,756,0.33715936860867907,0.34705048737426597,3.1779338952266807,4.5068151600993264e-05,3.0013286706173057,94,14,False,False,False
EXP-T096,primary,0,101,0.0001,1.0000000000000002e-06,109,763,0.3601490557193756,0.36105305577317875,3.203500921075994,4.429600493856695e-05,3.0013286706173057,94,15,False,False,False
EXP-T096,primary,0,101,0.0001,1.0000000000000002e-06,110,770,0.3428729024121172,0.36582093810041744,3.234512560295336,4.352538901908967e-05,3.0013286706173057,94,16,False,False,False
EXP-T096,primary,0,101,0.0001,1.0000000000000002e-06,111,777,0.3382171711751393,0.350942462682724,3.2338283423221474,4.275649398050857e-05,3.0013286706173057,94,17,False,False,False
EXP-T096,primary,0,101,0.0001,1.0000000000000002e-06,112,784,0.4742225067956107,0.3682347262899081,3.247729099158085,4.198950953616922e-05,3.0013286706173057,94,18,False,False,False
EXP-T096,primary,0,101,0.0001,1.0000000000000002e-06,113,791,0.3401293626853398,0.38571956008672714,3.2887877261999883,4.122462492800663e-05,3.0013286706173057,94,19,False,False,False
EXP-T096,primary,0,101,0.0001,1.0000000000000002e-06,114,798,0.3580469584890774,0.4141787638266881,3.347101500540069,4.046202887985264e-05,3.0013286706173057,94,20,False,False,False
EXP-T096,primary,0,101,0.0001,1.0000000000000002e-06,115,805,0.4097869225910732,0.41393789649009705,3.370751467618075,3.9701909550871155e-05,3.0013286706173057,94,21,False,False,False
EXP-T096,primary,0,101,0.0001,1.0000000000000002e-06,116,812,0.3390951784593718,0.40994806090990704,3.3877111492734966,3.8944454489132674e-05,3.0013286706173057,94,22,False,False,False
EXP-T096,primary,0,101,0.0001,1.0000000000000002e-06,117,819,0.3609878420829773,0.38248922179142636,3.3513536164254853,3.818985058533969e-05,3.0013286706173057,94,23,False,False,False
EXP-T096,primary,0,101,0.0001,1.0000000000000002e-06,118,826,0.3784509471484593,0.38493629296620685,3.3352183717669863,3.7438284026714043e-05,3.0013286706173057,94,24,False,False,False
EXP-T096,primary,0,101,0.0001,1.0000000000000002e-06,119,833,0.3884188788277762,0.3872308631738027,3.330044717499704,3.668994025105816e-05,3.0013286706173057,94,25,False,False,False
EXP-T096,primary,0,101,0.0001,1.0000000000000002e-06,120,840,0.3513774424791336,0.37743932257095975,3.3193385962283974,3.594500390100096e-05,3.0013286706173057,94,26,False,False,False
EXP-T096,primary,0,101,0.0001,1.0000000000000002e-06,121,847,0.4603818676301411,0.37775912632544834,3.323637528852983,3.520365877844012e-05,3.0013286706173057,94,27,False,False,False
EXP-T096,primary,0,101,0.0001,1.0000000000000002e-06,122,854,0.3284415320626327,0.3847825924555461,3.328809217973189,3.44660877991916e-05,3.0013286706173057,94,28,False,False,False
EXP-T096,primary,0,101,0.0001,1.0000000000000002e-06,123,861,0.3783628046512604,0.39363055179516476,3.337862303762725,3.373247294785808e-05,3.0013286706173057,94,29,False,False,False
EXP-T096,primary,0,101,0.0001,1.0000000000000002e-06,124,868,0.3835831710270473,0.385962076485157,3.3209478204900567,3.300299523292678e-05,3.0013286706173057,94,30,False,True,False
EXP-T096,primary,0,101,0.001,1e-05,1,7,0.507194388192147,0.43499385317166644,3.527021465879498,0.001,3.527021465879498,1,0,True,False,False
EXP-T096,primary,0,101,0.001,1e-05,2,14,0.5941959023475647,0.6051984826723734,3.516907431862571,0.000999938933078422,3.516907431862571,2,0,True,False,False
EXP-T096,primary,0,101,0.001,1e-05,3,21,0.5521176883152553,0.5132597088813782,3.3597437540690103,0.0009997557473810372,3.3597437540690103,3,0,True,False,False
EXP-T096,primary,0,101,0.001,1e-05,4,28,0.4967879557183811,0.4662492076555888,3.3667627970377603,0.0009994504881061753,3.3597437540690103,3,1,False,False,False
EXP-T096,primary,0,101,0.001,1e-05,5,35,0.47322404637400595,0.4786307017008464,3.343904668634588,0.0009990232305719944,3.343904668634588,5,0,True,False,False
EXP-T096,primary,0,101,0.001,1e-05,6,42,0.5671115645340511,0.4955746531486511,3.3426349524295693,0.0009984740801978985,3.3426349524295693,6,0,True,False,False
EXP-T096,primary,0,101,0.001,1e-05,7,49,0.508076331445149,0.4933421512444814,3.334998853278883,0.0009978031724785245,3.334998853278883,7,0,True,False,False
EXP-T096,primary,0,101,0.001,1e-05,8,56,0.5003483912774495,0.4575308561325073,3.3454790982333096,0.000997010672950314,3.334998853278883,7,1,False,False,False
EXP-T096,primary,0,101,0.001,1e-05,9,63,0.5393511567796979,0.5350696047147115,3.3318173957593515,0.0009960967771506667,3.3318173957593515,9,0,True,False,False
EXP-T096,primary,0,101,0.001,1e-05,10,70,0.4994001452411924,0.49892030159632367,3.2442587650183476,0.000995061710569696,3.2442587650183476,10,0,True,False,False
EXP-T096,primary,0,101,0.001,1e-05,11,77,0.5197387593133109,0.5005099972089132,3.2595695726799243,0.0009939057285945933,3.2442587650183476,10,1,False,False,False
EXP-T096,primary,0,101,0.001,1e-05,12,84,0.4781639150210789,0.4169529626766841,3.246785944158381,0.000992629116446613,3.2442587650183476,10,2,False,False,False
EXP-T096,primary,0,101,0.001,1e-05,13,91,0.524870080607278,0.48434770107269287,3.3807717525597774,0.000991232189110701,3.2442587650183476,10,3,False,False,False
EXP-T096,primary,0,101,0.001,1e-05,14,98,0.5133666310991559,0.33281459659338,3.0816745180072207,0.0009897152912577741,3.0816745180072207,14,0,True,False,False
EXP-T096,primary,0,101,0.001,1e-05,15,105,0.40460379528147833,0.43655528624852497,3.062281521883878,0.00098807879715968,3.062281521883878,15,0,True,False,False
EXP-T096,primary,0,101,0.001,1e-05,16,112,0.567373297044209,0.41966986303062487,3.801941611550071,0.00098632311059685,3.062281521883878,15,1,False,False,False
EXP-T096,primary,0,101,0.001,1e-05,17,119,0.6699063948222569,0.6157772441705068,3.3312565196644175,0.0009844486647586723,3.062281521883878,15,2,False,False,False
EXP-T096,primary,0,101,0.001,1e-05,18,126,0.4787891009556396,0.4727000991503398,2.9767779725970644,0.00098245592213661,2.9767779725970644,18,0,True,False,False
EXP-T096,primary,0,101,0.001,1e-05,19,133,0.4381230069058282,0.3528219113747279,2.9926128965435606,0.0009803453744100868,2.9767779725970644,18,1,False,False,False
EXP-T096,primary,0,101,0.001,1e-05,20,140,0.35028500808402896,0.4597373604774475,3.0151279333866006,0.0009781175423251734,2.9767779725970644,18,2,False,False,False
EXP-T096,primary,0,101,0.001,1e-05,21,147,0.37710555110658917,0.4410479837291253,3.9669462261777935,0.0009757729755661011,2.9767779725970644,18,3,False,False,False
EXP-T096,primary,0,101,0.001,1e-05,22,154,0.3595493308135441,0.5112471779187521,3.344194123239228,0.0009733122526196349,2.9767779725970644,18,4,False,False,False
EXP-T096,primary,0,101,0.001,1e-05,23,161,0.4108325902904783,0.38512711475292843,3.483772046638258,0.0009707359806323416,2.9767779725970644,18,5,False,False,False
EXP-T096,primary,0,101,0.001,1e-05,24,168,0.36465788153665407,0.5044913490613302,3.6185464570016572,0.0009680447952607845,2.9767779725970644,18,6,False,False,False
EXP-T096,primary,0,101,0.001,1e-05,25,175,0.3550767334444182,0.3716367439677318,3.4013655691435845,0.0009652393605146844,2.9767779725970644,18,7,False,False,False
EXP-T096,primary,0,101,0.001,1e-05,26,182,0.36328619505677906,0.4341312696536382,3.3824909094608193,0.000962320368593087,2.9767779725970644,18,8,False,False,False
EXP-T096,primary,0,101,0.001,1e-05,27,189,0.39954513737133573,0.3625364700953166,3.080282500295928,0.0009592885397135706,2.9767779725970644,18,9,False,False,False
EXP-T096,primary,0,101,0.001,1e-05,28,196,0.2966134012011545,0.41360483566919964,3.2055205142859258,0.0009561446219345453,2.9767779725970644,18,10,False,False,False
EXP-T096,primary,0,101,0.001,1e-05,29,203,0.2984693795442581,0.42670634388923645,3.3574122804583926,0.0009528893909706797,2.9767779725970644,18,11,False,False,False
EXP-T096,primary,0,101,0.001,1e-05,30,210,0.2652876286634377,0.30993580078453914,2.982534235174006,0.0009495236500015047,2.9767779725970644,18,12,False,False,False
EXP-T096,primary,0,101,0.001,1e-05,31,217,0.3765576481819153,0.3164168447256088,2.987463633219401,0.0009460482294732421,2.9767779725970644,18,13,False,False,False
EXP-T096,primary,0,101,0.001,1e-05,32,224,0.24718098661729268,0.3162512340932153,2.999546513412938,0.0009424639868939033,2.9767779725970644,18,14,False,False,False
EXP-T096,primary,0,101,0.001,1e-05,33,231,0.3006674572825432,0.38588770230611164,2.980797045158617,0.0009387718066217125,2.9767779725970644,18,15,False,False,False
EXP-T096,primary,0,101,0.001,1e-05,34,238,0.26273664991770473,0.33176702447235584,3.1287334326541787,0.0009349725996469047,2.9767779725970644,18,16,False,False,False
EXP-T096,primary,0,101,0.001,1e-05,35,245,0.22930178042900348,0.343124084174633,3.103711330529415,0.0009310673033669522,2.9767779725970644,18,17,False,False,False
EXP-T096,primary,0,101,0.001,1e-05,36,252,0.24710739457181521,0.4403588076432546,3.309005968498461,0.0009270568813552756,2.9767779725970644,18,18,False,False,False
EXP-T096,primary,0,101,0.001,1e-05,37,259,0.26812124039445606,0.3393206223845482,3.202043359929865,0.0009229423231234975,2.9767779725970644,18,19,False,False,False
EXP-T096,primary,0,101,0.001,1e-05,38,266,0.35897496129785267,0.3611648579438527,3.2258792068019058,0.0009187246438772938,2.9767779725970644,18,20,False,False,False
EXP-T096,primary,0,101,0.001,1e-05,39,273,0.37024309592587606,0.4445614218711853,3.2721085981889204,0.0009144048842659081,2.9767779725970644,18,21,False,False,False
EXP-T096,primary,0,101,0.001,1e-05,40,280,0.24452746381263882,0.35993994399905205,3.2666304617217095,0.0009099841101253866,2.9767779725970644,18,22,False,False,False
EXP-T096,primary,0,101,0.001,1e-05,41,287,0.25116719964691064,0.6185794770717621,3.9019890987511836,0.000905463412215599,2.9767779725970644,18,23,False,False,False
EXP-T096,primary,0,101,0.001,1e-05,42,294,0.29095422476530075,0.40989845991134644,3.1592987522934424,0.0009008439059511099,2.9767779725970644,18,24,False,False,False
EXP-T096,primary,0,101,0.001,1e-05,43,301,0.2629140143814896,0.40988659858703613,3.2955437862511836,0.0008961267311259666,2.9767779725970644,18,25,False,False,False
EXP-T096,primary,0,101,0.001,1e-05,44,308,0.20822010558497692,0.44589465856552124,3.322445840546579,0.0008913130516324732,2.9767779725970644,18,26,False,False,False
EXP-T096,primary,0,101,0.001,1e-05,45,315,0.3245485893317631,0.3752997840444247,3.3267755219430635,0.0008864040551740157,2.9767779725970644,18,27,False,False,False
EXP-T096,primary,0,101,0.001,1e-05,46,322,0.21537449104445322,0.3967195947964986,3.043302362615412,0.0008814009529720154,2.9767779725970644,18,28,False,False,False
EXP-T096,primary,0,101,0.001,1e-05,47,329,0.2055437719848539,0.3328963038511574,3.17967177882339,0.0008763049794670775,2.9767779725970644,18,29,False,False,False
EXP-T096,primary,0,101,0.001,1e-05,48,336,0.21606878829853876,0.444413423538208,3.305174394087358,0.0008711173920144117,2.9767779725970644,18,30,False,True,False
EXP-T096,primary,0,101,0.01,0.0001,1,7,1.338643959590367,0.5048546061152592,4.386804060502485,0.01,4.386804060502485,1,0,True,False,False
EXP-T096,primary,0,101,0.01,0.0001,2,14,0.9375601070267814,1.5127686659495037,7.0133750221946025,0.00999938933078422,4.386804060502485,1,1,False,False,False
EXP-T096,primary,0,101,0.01,0.0001,3,21,0.6933233908244542,0.5746262470881144,3.446344317811908,0.009997557473810372,3.446344317811908,3,0,True,False,False
EXP-T096,primary,0,101,0.01,0.0001,4,28,0.5226194740472627,0.5060965555700628,4.410862546978575,0.009994504881061753,3.446344317811908,3,1,False,False,False
EXP-T096,primary,0,101,0.01,0.0001,5,35,0.6132986162390027,0.49884617794305086,4.335317900686553,0.009990232305719944,3.446344317811908,3,2,False,False,False
EXP-T096,primary,0,101,0.01,0.0001,6,42,0.6125485939638955,0.5055008828639984,3.381448456735322,0.009984740801978984,3.381448456735322,6,0,True,False,False
EXP-T096,primary,0,101,0.01,0.0001,7,49,0.6286824281726565,0.5953073135266701,5.023165616122159,0.009978031724785246,3.381448456735322,6,1,False,False,False
EXP-T096,primary,0,101,0.01,0.0001,8,56,0.6033548159258706,0.437755028406779,3.379815303918087,0.00997010672950314,3.379815303918087,8,0,True,False,False
EXP-T096,primary,0,101,0.01,0.0001,9,63,0.5829049689429147,0.5131812393665314,3.3587785200639204,0.009960967771506667,3.3587785200639204,9,0,True,False,False
EXP-T096,primary,0,101,0.01,0.0001,10,70,0.5169912448951176,0.6267351110776266,3.551818154074929,0.00995061710569696,3.3587785200639204,9,1,False,False,False
EXP-T096,primary,0,101,0.01,0.0001,11,77,0.5272314931665149,0.5063312153021494,3.3607173110499526,0.009939057285945933,3.3587785200639204,9,2,False,False,False
EXP-T096,primary,0,101,0.01,0.0001,12,84,0.5220645580972944,0.5049999256928762,3.365594343705611,0.00992629116446613,3.3587785200639204,9,3,False,False,False
EXP-T096,primary,0,101,0.01,0.0001,13,91,0.6398820195879255,0.6147479812304179,3.5622967806729404,0.00991232189110701,3.3587785200639204,9,4,False,False,False
EXP-T096,primary,0,101,0.01,0.0001,14,98,0.584900860275541,0.49181334177652997,3.353797450210109,0.00989715291257774,3.353797450210109,14,0,True,False,False
EXP-T096,primary,0,101,0.01,0.0001,15,105,0.47555701195129324,0.4932020703951518,3.3547747062914297,0.0098807879715968,3.353797450210109,14,1,False,False,False
EXP-T096,primary,0,101,0.01,0.0001,16,112,0.4919332287141255,0.49848727385203045,3.3571698737866953,0.0098632311059685,3.353797450210109,14,2,False,False,False
EXP-T096,primary,0,101,0.01,0.0001,17,119,0.7066013131822858,0.4951910972595215,3.35568584095348,0.009844486647586723,3.353797450210109,14,3,False,False,False
EXP-T096,primary,0,101,0.01,0.0001,18,126,0.4740496687591076,0.5026745895544688,3.3590113321940103,0.0098245592213661,3.353797450210109,14,4,False,False,False
EXP-T096,primary,0,101,0.01,0.0001,19,133,0.4763451910444668,0.5076334873835245,3.3611334598425664,0.009803453744100868,3.353797450210109,14,5,False,False,False
EXP-T096,primary,0,101,0.01,0.0001,20,140,0.472326861494886,0.505573034286499,3.3602590849905303,0.009781175423251734,3.353797450210109,14,6,False,False,False
EXP-T096,primary,0,101,0.01,0.0001,21,147,0.5064732560089656,0.5034288763999939,3.359338008996212,0.009757729755661011,3.353797450210109,14,7,False,False,False
EXP-T096,primary,0,101,0.01,0.0001,22,154,0.7130340082304818,0.4887177348136902,3.3391520182291665,0.009733122526196349,3.3391520182291665,22,0,True,False,False
EXP-T096,primary,0,101,0.01,0.0001,23,161,0.5941310014043536,0.4935056467851003,3.354914578524503,0.009707359806323416,3.3391520182291665,22,1,False,False,False
EXP-T096,primary,0,101,0.01,0.0001,24,168,0.47152864799967836,0.49712111552556354,3.3565585974491006,0.009680447952607845,3.3391520182291665,22,2,False,False,False
EXP-T096,primary,0,101,0.01,0.0001,25,175,0.48174699928079334,0.49907870093981427,3.357432741107363,0.009652393605146845,3.3391520182291665,22,3,False,False,False
EXP-T096,primary,0,101,0.01,0.0001,26,182,0.4740133054022278,0.7480781078338623,3.9758971243193657,0.00962320368593087,3.3391520182291665,22,4,False,False,False
EXP-T096,primary,0,101,0.01,0.0001,27,189,0.519477150269917,0.4937998255093892,3.355049826882102,0.009592885397135707,3.3391520182291665,22,5,False,False,False
EXP-T096,primary,0,101,0.01,0.0001,28,196,0.47152481717057526,0.497921625773112,3.3569174101858428,0.009561446219345454,3.3391520182291665,22,6,False,False,False
EXP-T096,primary,0,101,0.01,0.0001,29,203,0.4984674027987889,0.538236399491628,3.3933165579131157,0.009528893909706798,3.3391520182291665,22,7,False,False,False
EXP-T096,primary,0,101,0.01,0.0001,30,210,0.5595018821103233,0.5116363167762756,3.362819787227746,0.009495236500015047,3.3391520182291665,22,8,False,False,False
EXP-T096,primary,0,101,0.01,0.0001,31,217,0.6256203523703984,0.5330287118752798,3.378346067486387,0.00946048229473242,3.3391520182291665,22,9,False,False,False
EXP-T096,primary,0,101,0.01,0.0001,32,224,0.6131559014320374,0.5161100824673971,3.36661113392223,0.009424639868939034,3.3391520182291665,22,10,False,False,False
EXP-T096,primary,0,101,0.01,0.0001,33,231,0.5561085258211408,0.5096021890640259,3.3619595151959043,0.009387718066217124,3.3391520182291665,22,11,False,False,False
EXP-T096,primary,0,101,0.01,0.0001,34,238,0.5254130746637072,0.51276034116745,3.3632659912109375,0.009349725996469048,3.3391520182291665,22,12,False,False,False
EXP-T096,primary,0,101,0.01,0.0001,35,245,0.49859592957156046,0.5178217788537344,3.3686717640269888,0.00931067303366952,3.3391520182291665,22,13,False,False,False
EXP-T096,primary,0,101,0.01,0.0001,36,252,0.4745461143819349,0.5121802886327108,3.3630276304302793,0.009270568813552756,3.3391520182291665,22,14,False,False,False
EXP-T096,primary,0,101,0.01,0.0001,37,259,0.5831589315618787,0.512857973575592,3.363305987733783,0.009229423231234974,3.3391520182291665,22,15,False,False,False
EXP-T096,primary,0,101,0.01,0.0001,38,266,0.5096017122268677,0.5191421806812286,3.3702496615323154,0.009187246438772938,3.3391520182291665,22,16,False,False,False
EXP-T096,primary,0,101,0.01,0.0001,39,273,0.5218314443315778,0.5244449973106384,3.3764821832830254,0.009144048842659082,3.3391520182291665,22,17,False,False,False
EXP-T096,primary,0,101,0.01,0.0001,40,280,0.5203561867986407,0.5306624273459116,3.3835900046608667,0.009099841101253866,3.3391520182291665,22,18,False,False,False
EXP-T096,primary,0,101,0.01,0.0001,41,287,0.4776988646813801,0.5351969401041666,3.3886371959339487,0.00905463412215599,3.3391520182291665,22,19,False,False,False
EXP-T096,primary,0,101,0.01,0.0001,42,294,0.48481215430157526,0.5343225300312042,3.387673117897727,0.0090084390595111,3.3391520182291665,22,20,False,False,False
EXP-T096,primary,0,101,0.01,0.0001,43,301,0.47439052663477405,0.5268269876639048,3.3792308460582388,0.008961267311259666,3.3391520182291665,22,21,False,False,False
EXP-T096,primary,0,101,0.01,0.0001,44,308,0.5085412221295493,0.5223326484362284,3.374018582430753,0.008913130516324731,3.3391520182291665,22,22,False,False,False
EXP-T096,primary,0,101,0.01,0.0001,45,315,0.4803465801690306,0.5224604407946268,3.3741683959960938,0.008864040551740157,3.3391520182291665,22,23,False,False,False
EXP-T096,primary,0,101,0.01,0.0001,46,322,0.49920736466135296,0.5169481833775839,3.3676223754882812,0.008814009529720154,3.3391520182291665,22,24,False,False,False
EXP-T096,primary,0,101,0.01,0.0001,47,329,0.4957304447889328,0.5100531280040741,3.3621474757339014,0.008763049794670776,3.3391520182291665,22,25,False,False,False
EXP-T096,primary,0,101,0.01,0.0001,48,336,0.6154322837080274,0.5035098989804586,3.3593731504498106,0.008711173920144118,3.3391520182291665,22,26,False,False,False
EXP-T096,primary,0,101,0.01,0.0001,49,343,0.499863543680736,0.5042881965637207,3.359708612615412,0.008658394705735987,3.3391520182291665,22,27,False,False,False
EXP-T096,primary,0,101,0.01,0.0001,50,350,0.5508741310664585,0.5075018107891083,3.3610779733368843,0.008604725173927784,3.3391520182291665,22,28,False,False,False
EXP-T096,primary,0,101,0.01,0.0001,51,357,0.4934492941413607,0.5045124491055807,3.359805020419034,0.00855017856687341,3.3391520182291665,22,29,False,False,False
EXP-T096,primary,0,101,0.01,0.0001,52,364,0.47411014618618147,0.5005646745363871,3.3580893314245976,0.008494768343131955,3.3391520182291665,22,30,False,True,False
EXP-T096,primary,1,101,1e-05,1.0000000000000001e-07,1,6,0.552360529700915,0.4226402814189593,3.6644756432735557,1e-05,3.6644756432735557,1,0,True,False,False
EXP-T096,primary,1,101,1e-05,1.0000000000000001e-07,2,12,0.5657137682040533,0.42245616267124814,3.6599983446525806,9.99938933078422e-06,3.6599983446525806,2,0,True,False,False
EXP-T096,primary,1,101,1e-05,1.0000000000000001e-07,3,18,0.5443546324968338,0.4224535711109638,3.6601076993075283,9.997557473810373e-06,3.6599983446525806,2,1,False,False,False
EXP-T096,primary,1,101,1e-05,1.0000000000000001e-07,4,24,0.5465447977185249,0.42249949648976326,3.6617951826615767,9.994504881061752e-06,3.6599983446525806,2,2,False,False,False
EXP-T096,primary,1,101,1e-05,1.0000000000000001e-07,5,30,0.5768682410319647,0.42244790494441986,3.6605788722182764,9.990232305719944e-06,3.6599983446525806,2,3,False,False,False
EXP-T096,primary,1,101,1e-05,1.0000000000000001e-07,6,36,0.5661674439907074,0.422402523458004,3.6592268510298296,9.984740801978984e-06,3.6592268510298296,6,0,True,False,False
EXP-T096,primary,1,101,1e-05,1.0000000000000001e-07,7,42,0.5533472895622253,0.4223749792824189,3.6581155025597774,9.978031724785247e-06,3.6581155025597774,7,0,True,False,False
EXP-T096,primary,1,101,1e-05,1.0000000000000001e-07,8,48,0.5682464490334193,0.4223724373926719,3.6584648363517993,9.97010672950314e-06,3.6581155025597774,7,1,False,False,False
EXP-T096,primary,1,101,1e-05,1.0000000000000001e-07,9,54,0.5724155803521475,0.4223545379936695,3.657318808815696,9.960967771506666e-06,3.657318808815696,9,0,True,False,False
EXP-T096,primary,1,101,1e-05,1.0000000000000001e-07,10,60,0.5482392460107803,0.42234010621905327,3.6559880574544272,9.950617105696961e-06,3.6559880574544272,10,0,True,False,False
EXP-T096,primary,1,101,1e-05,1.0000000000000001e-07,11,66,0.5473906795183817,0.4223422420521577,3.6541410503965435,9.939057285945933e-06,3.6541410503965435,11,0,True,False,False
EXP-T096,primary,1,101,1e-05,1.0000000000000001e-07,12,72,0.5843273003896078,0.42235767655074596,3.652933294122869,9.926291164466131e-06,3.652933294122869,12,0,True,False,False
EXP-T096,primary,1,101,1e-05,1.0000000000000001e-07,13,78,0.5448663731416067,0.4223735419412454,3.651939854477391,9.91232189110701e-06,3.651939854477391,13,0,True,False,False
EXP-T096,primary,1,101,1e-05,1.0000000000000001e-07,14,84,0.5436456898848215,0.4223699153711398,3.651877432158499,9.897152912577742e-06,3.651877432158499,14,0,True,False,False
EXP-T096,primary,1,101,1e-05,1.0000000000000001e-07,15,90,0.5619049320618311,0.4223885014653206,3.650950807513613,9.8807879715968e-06,3.650950807513613,15,0,True,False,False
EXP-T096,primary,1,101,1e-05,1.0000000000000001e-07,16,96,0.5704499135414759,0.4223396051675081,3.6523809721975615,9.8632311059685e-06,3.650950807513613,15,1,False,False,False
EXP-T096,primary,1,101,1e-05,1.0000000000000001e-07,17,102,0.5579236050446829,0.42233975790441036,3.6521342884410513,9.844486647586724e-06,3.650950807513613,15,2,False,False,False
EXP-T096,primary,1,101,1e-05,1.0000000000000001e-07,18,108,0.550313338637352,0.4223491655041774,3.651718370842211,9.824559221366101e-06,3.650950807513613,15,3,False,False,False
EXP-T096,primary,1,101,1e-05,1.0000000000000001e-07,19,114,0.5514653871456782,0.4223977942019701,3.6501689101710464,9.803453744100868e-06,3.6501689101710464,19,0,True,False,False
EXP-T096,primary,1,101,1e-05,1.0000000000000001e-07,20,120,0.5578930328289667,0.42241521552205086,3.649519255667022,9.781175423251734e-06,3.649519255667022,20,0,True,False,False
EXP-T096,primary,1,101,1e-05,1.0000000000000001e-07,21,126,0.562020425995191,0.4224154098580281,3.6493440107865767,9.757729755661012e-06,3.6493440107865767,21,0,True,False,False
EXP-T096,primary,1,101,1e-05,1.0000000000000001e-07,22,132,0.5531629174947739,0.4223546168456475,3.650699268687855,9.73312252619635e-06,3.6493440107865767,21,1,False,False,False
EXP-T096,primary,1,101,1e-05,1.0000000000000001e-07,23,138,0.5578504900137583,0.4223316125571728,3.651123046875,9.707359806323418e-06,3.6493440107865767,21,2,False,False,False
EXP-T096,primary,1,101,1e-05,1.0000000000000001e-07,24,144,0.5544403791427612,0.42236332409083843,3.650025107643821,9.680447952607845e-06,3.6493440107865767,21,3,False,False,False
EXP-T096,primary,1,101,1e-05,1.0000000000000001e-07,25,150,0.5599086632331213,0.42245157932241756,3.6480338356711646,9.652393605146845e-06,3.6480338356711646,25,0,True,False,False
EXP-T096,primary,1,101,1e-05,1.0000000000000001e-07,26,156,0.5539299050966898,0.42246035176018876,3.6477351333155776,9.62320368593087e-06,3.6477351333155776,26,0,True,False,False
EXP-T096,primary,1,101,1e-05,1.0000000000000001e-07,27,162,0.5593478133281072,0.422503799200058,3.64686885024562,9.592885397135707e-06,3.64686885024562,27,0,True,False,False
EXP-T096,primary,1,101,1e-05,1.0000000000000001e-07,28,168,0.5564902822176615,0.42247666666905087,3.6472648851799243,9.561446219345455e-06,3.64686885024562,27,1,False,False,False
EXP-T096,primary,1,101,1e-05,1.0000000000000001e-07,29,174,0.5488064934810003,0.42246307618916035,3.6473504268761836,9.528893909706798e-06,3.64686885024562,27,2,False,False,False
EXP-T096,primary,1,101,1e-05,1.0000000000000001e-07,30,180,0.5724523017803828,0.4225027561187744,3.6464961658824575,9.495236500015048e-06,3.6464961658824575,30,0,True,False,False
EXP-T096,primary,1,101,1e-05,1.0000000000000001e-07,31,186,0.574020579457283,0.4225100049128135,3.646221045291785,9.460482294732422e-06,3.646221045291785,31,0,True,False,False
EXP-T096,primary,1,101,1e-05,1.0000000000000001e-07,32,192,0.5524845470984777,0.4224480825165908,3.6470320730498345,9.424639868939035e-06,3.646221045291785,31,1,False,False,False
EXP-T096,primary,1,101,1e-05,1.0000000000000001e-07,33,198,0.5488891502221426,0.4224897126356761,3.646207404859138,9.387718066217125e-06,3.646207404859138,33,0,True,False,False
EXP-T096,primary,1,101,1e-05,1.0000000000000001e-07,34,204,0.5537678201993307,0.4225014038383961,3.645932746656013,9.349725996469047e-06,3.645932746656013,34,0,True,False,False
EXP-T096,primary,1,101,1e-05,1.0000000000000001e-07,35,210,0.5501035004854202,0.4225608284274737,3.6450051972360322,9.310673033669522e-06,3.6450051972360322,35,0,True,False,False
EXP-T096,primary,1,101,1e-05,1.0000000000000001e-07,36,216,0.5560935189326605,0.4225096007188161,3.6457244410659326,9.270568813552757e-06,3.6450051972360322,35,1,False,False,False
EXP-T096,primary,1,101,1e-05,1.0000000000000001e-07,37,222,0.5445379316806793,0.4225144162774086,3.6456352002692944,9.229423231234975e-06,3.6450051972360322,35,2,False,False,False
EXP-T096,primary,1,101,1e-05,1.0000000000000001e-07,38,228,0.5658985575040182,0.4224422009040912,3.646726203687263,9.18724643877294e-06,3.6450051972360322,35,3,False,False,False
EXP-T096,primary,1,101,1e-05,1.0000000000000001e-07,39,234,0.5627316435178121,0.42248624190688133,3.6459204933860083,9.144048842659081e-06,3.6450051972360322,35,4,False,False,False
EXP-T096,primary,1,101,1e-05,1.0000000000000001e-07,40,240,0.5594135622183481,0.422538697719574,3.6450093587239585,9.099841101253867e-06,3.6450051972360322,35,5,False,False,False
EXP-T096,primary,1,101,1e-05,1.0000000000000001e-07,41,246,0.5663118014732996,0.422501007715861,3.6454486268939394,9.054634122155991e-06,3.6450051972360322,35,6,False,False,False
EXP-T096,primary,1,101,1e-05,1.0000000000000001e-07,42,252,0.564099038640658,0.4224744513630867,3.6457205107717803,9.0084390595111e-06,3.6450051972360322,35,7,False,False,False
EXP-T096,primary,1,101,1e-05,1.0000000000000001e-07,43,258,0.5641628901163737,0.42247996975978214,3.645502957430753,8.961267311259668e-06,3.6450051972360322,35,8,False,False,False
EXP-T096,primary,1,101,1e-05,1.0000000000000001e-07,44,264,0.5608988602956136,0.4225173518061638,3.644851222182765,8.913130516324733e-06,3.644851222182765,44,0,True,False,False
EXP-T096,primary,1,101,1e-05,1.0000000000000001e-07,45,270,0.560583179195722,0.42248446121811867,3.645222519383286,8.864040551740158e-06,3.644851222182765,44,1,False,False,False
EXP-T096,primary,1,101,1e-05,1.0000000000000001e-07,46,276,0.5658454596996307,0.42247158909837407,3.6454023881392046,8.814009529720155e-06,3.644851222182765,44,2,False,False,False
EXP-T096,primary,1,101,1e-05,1.0000000000000001e-07,47,282,0.563794786731402,0.4224647420148055,3.645443078243371,8.763049794670776e-06,3.644851222182765,44,3,False,False,False
EXP-T096,primary,1,101,1e-05,1.0000000000000001e-07,48,288,0.5590125719706217,0.4224712649981181,3.645185528379498,8.711173920144118e-06,3.644851222182765,44,4,False,False,False
EXP-T096,primary,1,101,1e-05,1.0000000000000001e-07,49,294,0.5624786218007406,0.4225269618133704,3.644271619392164,8.658394705735988e-06,3.644271619392164,49,0,True,False,False
EXP-T096,primary,1,101,1e-05,1.0000000000000001e-07,50,300,0.5485945045948029,0.4224655230840047,3.6449624263879024,8.604725173927786e-06,3.644271619392164,49,1,False,False,False
EXP-T096,primary,1,101,1e-05,1.0000000000000001e-07,51,306,0.567271942893664,0.4225502361853917,3.6436564127604165,8.550178566873412e-06,3.6436564127604165,51,0,True,False,False
EXP-T096,primary,1,101,1e-05,1.0000000000000001e-07,52,312,0.5524360885222753,0.4224985105295976,3.64423740271366,8.494768343131955e-06,3.6436564127604165,51,1,False,False,False
EXP-T096,primary,1,101,1e-05,1.0000000000000001e-07,53,318,0.558384120464325,0.422418396299084,3.645335341944839,8.43850817434701e-06,3.6436564127604165,51,2,False,False,False
EXP-T096,primary,1,101,1e-05,1.0000000000000001e-07,54,324,0.5675856520732244,0.4223878427098195,3.6457401622425425,8.381411941873379e-06,3.6436564127604165,51,3,False,False,False
EXP-T096,primary,1,101,1e-05,1.0000000000000001e-07,55,330,0.5478913833697637,0.42231805995106697,3.6468022664388022,8.323493733352078e-06,3.6436564127604165,51,4,False,False,False
EXP-T096,primary,1,101,1e-05,1.0000000000000001e-07,56,336,0.5684937586386999,0.4223309649775426,3.646490848425663,8.26476783923441e-06,3.6436564127604165,51,5,False,False,False
EXP-T096,primary,1,101,1e-05,1.0000000000000001e-07,57,342,0.5520000060399374,0.42239005615313846,3.645459030613755,8.205248749256014e-06,3.6436564127604165,51,6,False,False,False
EXP-T096,primary,1,101,1e-05,1.0000000000000001e-07,58,348,0.5502585719029108,0.4224371922512849,3.6447254527698862,8.144951148861743e-06,3.6436564127604165,51,7,False,False,False
EXP-T096,primary,1,101,1e-05,1.0000000000000001e-07,59,354,0.5576321681340536,0.4223944352318843,3.645322626287287,8.083889915582235e-06,3.6436564127604165,51,8,False,False,False
EXP-T096,primary,1,101,1e-05,1.0000000000000001e-07,60,360,0.5549750179052353,0.42237907089293003,3.6455196033824575,8.022080115363127e-06,3.6436564127604165,51,9,False,False,False
EXP-T096,primary,1,101,1e-05,1.0000000000000001e-07,61,366,0.5460606217384338,0.4223059273014466,3.646639274828362,7.959536998847744e-06,3.6436564127604165,51,10,False,False,False
EXP-T096,primary,1,101,1e-05,1.0000000000000001e-07,62,372,0.5526908834775289,0.4222865638633569,3.646871393377131,7.89627599761423e-06,3.6436564127604165,51,11,False,False,False
EXP-T096,primary,1,101,1e-05,1.0000000000000001e-07,63,378,0.5419782896836599,0.4223290818432967,3.646016669995857,7.832312720368048e-06,3.6436564127604165,51,12,False,False,False
EXP-T096,primary,1,101,1e-05,1.0000000000000001e-07,64,384,0.5632348706324896,0.42231880376736325,3.646101286917022,7.767662949090754e-06,3.6436564127604165,51,13,False,False,False
EXP-T096,primary,1,101,1e-05,1.0000000000000001e-07,65,390,0.5414173354705175,0.4223687717070182,3.64521396521366,7.702342635146033e-06,3.6436564127604165,51,14,False,False,False
EXP-T096,primary,1,101,1e-05,1.0000000000000001e-07,66,396,0.5538216878970464,0.42237773661812145,3.6450544415098247,7.636367895343947e-06,3.6436564127604165,51,15,False,False,False
EXP-T096,primary,1,101,1e-05,1.0000000000000001e-07,67,402,0.5584392895301183,0.42238448436061543,3.644892374674479,7.5697550079643376e-06,3.6436564127604165,51,16,False,False,False
EXP-T096,primary,1,101,1e-05,1.0000000000000001e-07,68,408,0.5616632103919983,0.4222493569056193,3.6470637465968276,7.502520408740418e-06,3.6436564127604165,51,17,False,False,False
EXP-T096,primary,1,101,1e-05,1.0000000000000001e-07,69,414,0.5610825518767039,0.42218593259652454,3.648301789254853,7.43468068680349e-06,3.6436564127604165,51,18,False,False,False
EXP-T096,primary,1,101,1e-05,1.0000000000000001e-07,70,420,0.5624004900455475,0.42215554043650627,3.648913527979995,7.366252580589839e-06,3.6436564127604165,51,19,False,False,False
EXP-T096,primary,1,101,1e-05,1.0000000000000001e-07,71,426,0.5699372614423434,0.4222040418535471,3.647585088556463,7.297252973710756e-06,3.6436564127604165,51,20,False,False,False
EXP-T096,primary,1,101,1e-05,1.0000000000000001e-07,72,432,0.5670156925916672,0.42218013914922875,3.64796054724491,7.227698890786779e-06,3.6436564127604165,51,21,False,False,False
EXP-T096,primary,1,101,1e-05,1.0000000000000001e-07,73,438,0.5513703028361002,0.4221894095341365,3.647641731031013,7.15760749324711e-06,3.6436564127604165,51,22,False,False,False
EXP-T096,primary,1,101,1e-05,1.0000000000000001e-07,74,444,0.5442261795202891,0.42216749178866547,3.648000543767756,7.086996075095289e-06,3.6436564127604165,51,23,False,False,False
EXP-T096,primary,1,101,1e-05,1.0000000000000001e-07,75,450,0.5455606629451116,0.4221456578622262,3.6484187733043325,7.015882058642164e-06,3.6436564127604165,51,24,False,False,False
EXP-T096,primary,1,101,1e-05,1.0000000000000001e-07,76,456,0.5580194592475891,0.422157504906257,3.648040771484375,6.9442829902071945e-06,3.6436564127604165,51,25,False,False,False
EXP-T096,primary,1,101,1e-05,1.0000000000000001e-07,77,462,0.5739014943440756,0.4221565518528223,3.6479651711203833,6.8722165357891564e-06,3.6436564127604165,51,26,False,False,False
EXP-T096,primary,1,101,1e-05,1.0000000000000001e-07,78,468,0.5623631825049719,0.4221901061634223,3.647096113725142,6.799700476707323e-06,3.6436564127604165,51,27,False,False,False
EXP-T096,primary,1,101,1e-05,1.0000000000000001e-07,79,474,0.5564237286647161,0.422221381838123,3.6463343302408853,6.726752705214193e-06,3.6436564127604165,51,28,False,False,False
EXP-T096,primary,1,101,1e-05,1.0000000000000001e-07,80,480,0.5679606795310974,0.4222320293386777,3.646031697591146,6.65339122008084e-06,3.6436564127604165,51,29,False,False,False
EXP-T096,primary,1,101,1e-05,1.0000000000000001e-07,81,486,0.5640631566445032,0.4222024877866109,3.646543329412287,6.57963412215599e-06,3.6436564127604165,51,30,False,True,False
EXP-T096,primary,1,101,0.0001,1.0000000000000002e-06,1,6,0.5576492647329966,0.4223016457011302,3.6576017899946733,0.0001,3.6576017899946733,1,0,True,False,False
EXP-T096,primary,1,101,0.0001,1.0000000000000002e-06,2,12,0.5521976947784424,0.42596585179368657,3.6229338212446733,9.99938933078422e-05,3.6229338212446733,2,0,True,False,False
EXP-T096,primary,1,101,0.0001,1.0000000000000002e-06,3,18,0.5569453636805216,0.42266205574075383,3.6426430904504024,9.997557473810373e-05,3.6229338212446733,2,1,False,False,False
EXP-T096,primary,1,101,0.0001,1.0000000000000002e-06,4,24,0.5489924425880114,0.42264755939443904,3.6671623461174243,9.994504881061753e-05,3.6229338212446733,2,2,False,False,False
EXP-T096,primary,1,101,0.0001,1.0000000000000002e-06,5,30,0.5544795989990234,0.42208863236010075,3.65904628869259,9.990232305719945e-05,3.6229338212446733,2,3,False,False,False
EXP-T096,primary,1,101,0.0001,1.0000000000000002e-06,6,36,0.5536550879478455,0.4220162605245908,3.6482980901544746,9.984740801978984e-05,3.6229338212446733,2,4,False,False,False
EXP-T096,primary,1,101,0.0001,1.0000000000000002e-06,7,42,0.5702012777328491,0.4227291904389858,3.637380888967803,9.978031724785247e-05,3.6229338212446733,2,5,False,False,False
EXP-T096,primary,1,101,0.0001,1.0000000000000002e-06,8,48,0.5589559475580851,0.42206851330896217,3.643390771114465,9.97010672950314e-05,3.6229338212446733,2,6,False,False,False
EXP-T096,primary,1,101,0.0001,1.0000000000000002e-06,9,54,0.5642751256624857,0.42208773891131085,3.6419707789565576,9.960967771506667e-05,3.6229338212446733,2,7,False,False,False
EXP-T096,primary,1,101,0.0001,1.0000000000000002e-06,10,60,0.5579137653112411,0.4216635624567668,3.6485579519560845,9.95061710569696e-05,3.6229338212446733,2,8,False,False,False
EXP-T096,primary,1,101,0.0001,1.0000000000000002e-06,11,66,0.548167884349823,0.42165773610274,3.6472073179302793,9.939057285945933e-05,3.6229338212446733,2,9,False,False,False
EXP-T096,primary,1,101,0.0001,1.0000000000000002e-06,12,72,0.5676363209883372,0.4218078808238109,3.6428544015595405,9.926291164466132e-05,3.6229338212446733,2,10,False,False,False
EXP-T096,primary,1,101,0.0001,1.0000000000000002e-06,13,78,0.5576282938321432,0.4222121573984623,3.6371910788796167,9.91232189110701e-05,3.6229338212446733,2,11,False,False,False
EXP-T096,primary,1,101,0.0001,1.0000000000000002e-06,14,84,0.542435256143411,0.4216514552632968,3.6441488554983428,9.897152912577741e-05,3.6229338212446733,2,12,False,False,False
EXP-T096,primary,1,101,0.0001,1.0000000000000002e-06,15,90,0.5592591514190038,0.4225208821396033,3.6331757054184424,9.8807879715968e-05,3.6229338212446733,2,13,False,False,False
EXP-T096,primary,1,101,0.0001,1.0000000000000002e-06,16,96,0.5670325408379236,0.42136677789191407,3.646876017252604,9.8632311059685e-05,3.6229338212446733,2,14,False,False,False
EXP-T096,primary,1,101,0.0001,1.0000000000000002e-06,17,102,0.558878575762113,0.42125788268943626,3.6516254309451943,9.844486647586725e-05,3.6229338212446733,2,15,False,False,False
EXP-T096,primary,1,101,0.0001,1.0000000000000002e-06,18,108,0.5667978425820669,0.42127913671235245,3.6535272309274385,9.824559221366101e-05,3.6229338212446733,2,16,False,False,False
EXP-T096,primary,1,101,0.0001,1.0000000000000002e-06,19,114,0.5483343799908956,0.42160766075054806,3.6382111058090674,9.803453744100869e-05,3.6229338212446733,2,17,False,False,False
EXP-T096,primary,1,101,0.0001,1.0000000000000002e-06,20,120,0.542022188504537,0.4220186745127042,3.633487585819129,9.781175423251735e-05,3.6229338212446733,2,18,False,False,False
EXP-T096,primary,1,101,0.0001,1.0000000000000002e-06,21,126,0.550367052356402,0.42243176822861034,3.6298051313920454,9.757729755661011e-05,3.6229338212446733,2,19,False,False,False
EXP-T096,primary,1,101,0.0001,1.0000000000000002e-06,22,132,0.5601979494094849,0.4211360576252143,3.6437828757546167,9.73312252619635e-05,3.6229338212446733,2,20,False,False,False
EXP-T096,primary,1,101,0.0001,1.0000000000000002e-06,23,138,0.5514458467562994,0.4209941867738962,3.6503795276988638,9.707359806323417e-05,3.6229338212446733,2,21,False,False,False
EXP-T096,primary,1,101,0.0001,1.0000000000000002e-06,24,144,0.5645931909481684,0.4210497618963321,3.6415481567382812,9.680447952607845e-05,3.6229338212446733,2,22,False,False,False
EXP-T096,primary,1,101,0.0001,1.0000000000000002e-06,25,150,0.5724373161792755,0.42190932482481003,3.6303935195460464,9.652393605146844e-05,3.6229338212446733,2,23,False,False,False
EXP-T096,primary,1,101,0.0001,1.0000000000000002e-06,26,156,0.5571981618801752,0.42080184755225974,3.6461496064157197,9.623203685930869e-05,3.6229338212446733,2,24,False,False,False
EXP-T096,primary,1,101,0.0001,1.0000000000000002e-06,27,162,0.5558993319670359,0.42079826071858406,3.646230524236506,9.592885397135707e-05,3.6229338212446733,2,25,False,False,False
EXP-T096,primary,1,101,0.0001,1.0000000000000002e-06,28,168,0.558067798614502,0.4208294612665971,3.6513200239701704,9.561446219345454e-05,3.6229338212446733,2,26,False,False,False
EXP-T096,primary,1,101,0.0001,1.0000000000000002e-06,29,174,0.5605333521962166,0.42072830349206924,3.644932833584872,9.528893909706797e-05,3.6229338212446733,2,27,False,False,False
EXP-T096,primary,1,101,0.0001,1.0000000000000002e-06,30,180,0.5613876084486643,0.4216774217784405,3.6298453591086646,9.495236500015047e-05,3.6229338212446733,2,28,False,False,False
EXP-T096,primary,1,101,0.0001,1.0000000000000002e-06,31,186,0.5556372851133347,0.42168888449668884,3.628762909860322,9.460482294732421e-05,3.6229338212446733,2,29,False,False,False
EXP-T096,primary,1,101,0.0001,1.0000000000000002e-06,32,192,0.5553290645281473,0.42081166058778763,3.636432763301965,9.424639868939033e-05,3.6229338212446733,2,30,False,True,False
EXP-T096,primary,1,101,0.001,1e-05,1,6,0.5802655816078186,0.519639790058136,3.70965576171875,0.001,3.70965576171875,1,0,True,False,False
EXP-T096,primary,1,101,0.001,1e-05,2,12,0.6045380085706711,0.46873502619564533,3.9474831783410274,0.000999938933078422,3.70965576171875,1,1,False,False,False
EXP-T096,primary,1,101,0.001,1e-05,3,18,0.588031162818273,0.4208284715811412,3.652505585641572,0.0009997557473810372,3.652505585641572,3,0,True,False,False
EXP-T096,primary,1,101,0.001,1e-05,4,24,0.5452347795168558,0.422920564810435,3.6099969112511836,0.0009994504881061753,3.6099969112511836,4,0,True,False,False
EXP-T096,primary,1,101,0.001,1e-05,5,30,0.5772427419821421,0.43536941775043186,3.7461032289447207,0.0009990232305719944,3.6099969112511836,4,1,False,False,False
EXP-T096,primary,1,101,0.001,1e-05,6,36,0.5722975879907608,0.4186056035881241,3.6479117653586646,0.0009984740801978985,3.6099969112511836,4,2,False,False,False
EXP-T096,primary,1,101,0.001,1e-05,7,42,0.5654723048210144,0.41563548892736435,3.587838837594697,0.0009978031724785245,3.587838837594697,7,0,True,False,False
EXP-T096,primary,1,101,0.001,1e-05,8,48,0.5860910813013712,0.4224201206234284,3.6669875636245264,0.000997010672950314,3.587838837594697,7,1,False,False,False
EXP-T096,primary,1,101,0.001,1e-05,9,54,0.5681377947330475,0.4223124608397484,3.50273525353634,0.0009960967771506667,3.50273525353634,9,0,True,False,False
EXP-T096,primary,1,101,0.001,1e-05,10,60,0.551119456688563,0.40671192777032655,3.557770931359493,0.000995061710569696,3.50273525353634,9,1,False,False,False
EXP-T096,primary,1,101,0.001,1e-05,11,66,0.507996658484141,0.3872570594927917,3.4424655798709756,0.0009939057285945933,3.4424655798709756,11,0,True,False,False
EXP-T096,primary,1,101,0.001,1e-05,12,72,0.5030634999275208,0.4103219086925189,3.499041933001894,0.000992629116446613,3.4424655798709756,11,1,False,False,False
EXP-T096,primary,1,101,0.001,1e-05,13,78,0.4948671708504359,0.43803704530000687,3.579186641808712,0.000991232189110701,3.4424655798709756,11,2,False,False,False
EXP-T096,primary,1,101,0.001,1e-05,14,84,0.4581345667441686,0.3864762346252064,3.4884178855202417,0.0009897152912577741,3.4424655798709756,11,3,False,False,False
EXP-T096,primary,1,101,0.001,1e-05,15,90,0.4697830379009247,0.47809219857056934,3.7229759909889917,0.00098807879715968,3.4424655798709756,11,4,False,False,False
EXP-T096,primary,1,101,0.001,1e-05,16,96,0.4776522566874822,0.4048669108500083,3.5969425548206675,0.00098632311059685,3.4424655798709756,11,5,False,False,False
EXP-T096,primary,1,101,0.001,1e-05,17,102,0.4611669108271599,0.4109314338614543,3.653733918161103,0.0009844486647586723,3.4424655798709756,11,6,False,False,False
EXP-T096,primary,1,101,0.001,1e-05,18,108,0.4135105758905411,0.44661226868629456,3.736164671002012,0.00098245592213661,3.4424655798709756,11,7,False,False,False
EXP-T096,primary,1,101,0.001,1e-05,19,114,0.4282239228487015,0.42427821923047304,3.6709319605971826,0.0009803453744100868,3.4424655798709756,11,8,False,False,False
EXP-T096,primary,1,101,0.001,1e-05,20,120,0.4031839792927106,0.4400885800520579,3.7670611757220644,0.0009781175423251734,3.4424655798709756,11,9,False,False,False
EXP-T096,primary,1,101,0.001,1e-05,21,126,0.4110931058724721,0.478876252969106,3.7972793579101562,0.0009757729755661011,3.4424655798709756,11,10,False,False,False
EXP-T096,primary,1,101,0.001,1e-05,22,132,0.43281733989715576,0.529639999071757,3.6728298302852744,0.0009733122526196349,3.4424655798709756,11,11,False,False,False
EXP-T096,primary,1,101,0.001,1e-05,23,138,0.3538351431488991,0.5182785987854004,3.6556990652373345,0.0009707359806323416,3.4424655798709756,11,12,False,False,False
EXP-T096,primary,1,101,0.001,1e-05,24,144,0.3853946675856908,0.5489152471224467,3.6204062953139795,0.0009680447952607845,3.4424655798709756,11,13,False,False,False
EXP-T096,primary,1,101,0.001,1e-05,25,150,0.36792148649692535,0.7056034406026205,3.954725901285807,0.0009652393605146844,3.4424655798709756,11,14,False,False,False
EXP-T096,primary,1,101,0.001,1e-05,26,156,0.3986476957798004,0.408367062608401,3.510461749452533,0.000962320368593087,3.4424655798709756,11,15,False,False,False
EXP-T096,primary,1,101,0.001,1e-05,27,162,0.3590267648299535,0.7073970039685568,4.0398625460538,0.0009592885397135706,3.4424655798709756,11,16,False,False,False
EXP-T096,primary,1,101,0.001,1e-05,28,168,0.3501394142707189,0.4972256099184354,4.024528503417969,0.0009561446219345453,3.4424655798709756,11,17,False,False,False
EXP-T096,primary,1,101,0.001,1e-05,29,174,0.3803780550758044,0.6517394781112671,3.919292334354285,0.0009528893909706797,3.4424655798709756,11,18,False,False,False
EXP-T096,primary,1,101,0.001,1e-05,30,180,0.37561552226543427,0.5181031624476115,3.717532995975379,0.0009495236500015047,3.4424655798709756,11,19,False,False,False
EXP-T096,primary,1,101,0.001,1e-05,31,186,0.38330155114332837,0.6140533685684204,3.6724014282226562,0.0009460482294732421,3.4424655798709756,11,20,False,False,False
EXP-T096,primary,1,101,0.001,1e-05,32,192,0.316254585981369,0.6509145696957906,3.7425377585671167,0.0009424639868939033,3.4424655798709756,11,21,False,False,False
EXP-T096,primary,1,101,0.001,1e-05,33,198,0.2706290011604627,0.7889216144879659,4.035480152476918,0.0009387718066217125,3.4424655798709756,11,22,False,False,False
EXP-T096,primary,1,101,0.001,1e-05,34,204,0.3039519687493642,0.6876094142595927,3.8408797292998345,0.0009349725996469047,3.4424655798709756,11,23,False,False,False
EXP-T096,primary,1,101,0.001,1e-05,35,210,0.29656744996706647,0.7090104818344116,4.012697393243963,0.0009310673033669522,3.4424655798709756,11,24,False,False,False
EXP-T096,primary,1,101,0.001,1e-05,36,216,0.26435064027706784,0.6069536606470743,3.8563371138139204,0.0009270568813552756,3.4424655798709756,11,25,False,False,False
EXP-T096,primary,1,101,0.001,1e-05,37,222,0.28857684632142383,0.6480503479639689,4.081919814601089,0.0009229423231234975,3.4424655798709756,11,26,False,False,False
EXP-T096,primary,1,101,0.001,1e-05,38,228,0.2836099937558174,0.671159029006958,4.148098223137133,0.0009187246438772938,3.4424655798709756,11,27,False,False,False
EXP-T096,primary,1,101,0.001,1e-05,39,234,0.2882496366898219,0.7557823657989502,4.235744129527699,0.0009144048842659081,3.4424655798709756,11,28,False,False,False
EXP-T096,primary,1,101,0.001,1e-05,40,240,0.27708832919597626,0.7598311106363932,4.159025712446733,0.0009099841101253866,3.4424655798709756,11,29,False,False,False
EXP-T096,primary,1,101,0.001,1e-05,41,246,0.26573361456394196,0.586625317732493,4.00564228404652,0.000905463412215599,3.4424655798709756,11,30,False,True,False
EXP-T096,primary,1,101,0.01,0.0001,1,6,1.3437006771564484,0.5459892551104227,3.7560810898289536,0.01,3.7560810898289536,1,0,True,False,False
EXP-T096,primary,1,101,0.01,0.0001,2,12,0.7315054883559545,1.547208348910014,8.461713270707564,0.00999938933078422,3.7560810898289536,1,1,False,False,False
EXP-T096,primary,1,101,0.01,0.0001,3,18,0.766595592101415,0.7266097267468771,4.889915003921047,0.009997557473810372,3.7560810898289536,1,2,False,False,False
EXP-T096,primary,1,101,0.01,0.0001,4,24,0.6546782006820043,0.3850264598925908,3.3316782171075996,0.009994504881061753,3.3316782171075996,4,0,True,False,False
EXP-T096,primary,1,101,0.01,0.0001,5,30,0.6529544194539388,0.42392252137263614,3.50859462853634,0.009990232305719944,3.3316782171075996,4,1,False,False,False
EXP-T096,primary,1,101,0.01,0.0001,6,36,0.6403679251670837,0.5068163275718689,3.7058817545572915,0.009984740801978984,3.3316782171075996,4,2,False,False,False
EXP-T096,primary,1,101,0.01,0.0001,7,42,0.6081958413124084,0.6457593689362208,4.719106038411458,0.009978031724785246,3.3316782171075996,4,3,False,False,False
EXP-T096,primary,1,101,0.01,0.0001,8,48,0.7069154928127924,0.43635038038094837,3.5478867039535986,0.00997010672950314,3.3316782171075996,4,4,False,False,False
EXP-T096,primary,1,101,0.01,0.0001,9,54,0.5424998551607132,0.3988765255974916,3.5200579094164297,0.009960967771506667,3.3316782171075996,4,5,False,False,False
EXP-T096,primary,1,101,0.01,0.0001,10,60,0.5803169459104538,0.6195538640022278,4.186097347375118,0.00995061710569696,3.3316782171075996,4,6,False,False,False
EXP-T096,primary,1,101,0.01,0.0001,11,66,0.5963228046894073,0.3861418208107352,3.4098399769176138,0.009939057285945933,3.3316782171075996,4,7,False,False,False
EXP-T096,primary,1,101,0.01,0.0001,12,72,0.5367200275262197,0.8221275607744852,4.517983523282138,0.00992629116446613,3.3316782171075996,4,8,False,False,False
EXP-T096,primary,1,101,0.01,0.0001,13,78,0.610076700647672,0.429914478212595,3.7096613103693183,0.00991232189110701,3.3316782171075996,4,9,False,False,False
EXP-T096,primary,1,101,0.01,0.0001,14,84,0.6612105170885721,0.4147680637737115,3.530227429939039,0.00989715291257774,3.3316782171075996,4,10,False,False,False
EXP-T096,primary,1,101,0.01,0.0001,15,90,0.556217610836029,0.4052475222075979,3.5677217425722065,0.0098807879715968,3.3316782171075996,4,11,False,False,False
EXP-T096,primary,1,101,0.01,0.0001,16,96,0.5920944611231486,0.6894613901774088,3.9953298857717803,0.0098632311059685,3.3316782171075996,4,12,False,False,False
EXP-T096,primary,1,101,0.01,0.0001,17,102,0.5665757656097412,0.5936762442191442,4.5125408750591856,0.009844486647586723,3.3316782171075996,4,13,False,False,False
EXP-T096,primary,1,101,0.01,0.0001,18,108,0.6824086209138235,0.4865962515274684,3.737596454042377,0.0098245592213661,3.3316782171075996,4,14,False,False,False
EXP-T096,primary,1,101,0.01,0.0001,19,114,0.5571512132883072,0.8712429801623026,4.7203672004468515,0.009803453744100868,3.3316782171075996,4,15,False,False,False
EXP-T096,primary,1,101,0.01,0.0001,20,120,0.5875938832759857,0.38202453528841335,3.37337031508937,0.009781175423251734,3.3316782171075996,4,16,False,False,False
EXP-T096,primary,1,101,0.01,0.0001,21,126,0.5447070747613907,0.39060054905712605,3.414801395300663,0.009757729755661011,3.3316782171075996,4,17,False,False,False
EXP-T096,primary,1,101,0.01,0.0001,22,132,0.5659121721982956,0.38878815015777946,3.444862134528883,0.009733122526196349,3.3316782171075996,4,18,False,False,False
EXP-T096,primary,1,101,0.01,0.0001,23,138,0.5379165311654409,0.4015055721004804,3.453738125887784,0.009707359806323416,3.3316782171075996,4,19,False,False,False
EXP-T096,primary,1,101,0.01,0.0001,24,144,0.5422632992267609,0.41122028526539606,3.6052861069187974,0.009680447952607845,3.3316782171075996,4,20,False,False,False
EXP-T096,primary,1,101,0.01,0.0001,25,150,0.5564338564872742,0.4967535875039175,4.174784342447917,0.009652393605146845,3.3316782171075996,4,21,False,False,False
EXP-T096,primary,1,101,0.01,0.0001,26,156,0.6119263470172882,0.4106010738760233,3.5878226540305396,0.00962320368593087,3.3316782171075996,4,22,False,False,False
EXP-T096,primary,1,101,0.01,0.0001,27,162,0.5533253997564316,0.39869966730475426,3.4884652802438447,0.009592885397135707,3.3316782171075996,4,23,False,False,False
EXP-T096,primary,1,101,0.01,0.0001,28,168,0.5620446155468622,0.4209068256119887,3.6599331480084043,0.009561446219345454,3.3316782171075996,4,24,False,False,False
EXP-T096,primary,1,101,0.01,0.0001,29,174,0.57049161195755,0.40161779181410867,3.503184463038589,0.009528893909706798,3.3316782171075996,4,25,False,False,False
EXP-T096,primary,1,101,0.01,0.0001,30,180,0.5243462274471918,0.4077853948498766,3.5753654711174243,0.009495236500015047,3.3316782171075996,4,26,False,False,False
EXP-T096,primary,1,101,0.01,0.0001,31,186,0.5515717715024948,0.4064910691231489,3.562744834206321,0.00946048229473242,3.3316782171075996,4,27,False,False,False
EXP-T096,primary,1,101,0.01,0.0001,32,192,0.518125057220459,0.3926302872908612,3.4487041126598013,0.009424639868939034,3.3316782171075996,4,28,False,False,False
EXP-T096,primary,1,101,0.01,0.0001,33,198,0.5776518036921819,0.3869216687356432,3.4035894220525567,0.009387718066217124,3.3316782171075996,4,29,False,False,False
EXP-T096,primary,1,101,0.01,0.0001,34,204,0.49544625480969745,0.4008443490602076,3.5164762554746685,0.009349725996469048,3.3316782171075996,4,30,False,True,False
EXP-T096,primary,2,101,1e-05,1.0000000000000001e-07,1,7,0.5299297400883266,0.6356791257858276,3.634572744369507,1e-05,3.634572744369507,1,0,True,False,False
EXP-T096,primary,2,101,1e-05,1.0000000000000001e-07,2,14,0.5433324703148433,0.6357824206352234,3.636451244354248,9.99938933078422e-06,3.634572744369507,1,1,False,False,False
EXP-T096,primary,2,101,1e-05,1.0000000000000001e-07,3,21,0.6363277435302734,0.6359517276287079,3.638557195663452,9.997557473810373e-06,3.634572744369507,1,2,False,False,False
EXP-T096,primary,2,101,1e-05,1.0000000000000001e-07,4,28,0.6844412982463837,0.6359583735466003,3.6387460231781006,9.994504881061752e-06,3.634572744369507,1,3,False,False,False
EXP-T096,primary,2,101,1e-05,1.0000000000000001e-07,5,35,0.6805595414979118,0.6359736919403076,3.6389811038970947,9.990232305719944e-06,3.634572744369507,1,4,False,False,False
EXP-T096,primary,2,101,1e-05,1.0000000000000001e-07,6,42,0.6322371150766101,0.6360642611980438,3.639838457107544,9.984740801978984e-06,3.634572744369507,1,5,False,False,False
EXP-T096,primary,2,101,1e-05,1.0000000000000001e-07,7,49,0.530859785420554,0.6361280083656311,3.640418767929077,9.978031724785247e-06,3.634572744369507,1,6,False,False,False
EXP-T096,primary,2,101,1e-05,1.0000000000000001e-07,8,56,0.5044502186688727,0.6360801458358765,3.6400954723358154,9.97010672950314e-06,3.634572744369507,1,7,False,False,False
EXP-T096,primary,2,101,1e-05,1.0000000000000001e-07,9,63,0.6224020634378705,0.6360114514827728,3.6395699977874756,9.960967771506666e-06,3.634572744369507,1,8,False,False,False
EXP-T096,primary,2,101,1e-05,1.0000000000000001e-07,10,70,0.6020989162581307,0.6362103819847107,3.641165256500244,9.950617105696961e-06,3.634572744369507,1,9,False,False,False
EXP-T096,primary,2,101,1e-05,1.0000000000000001e-07,11,77,0.5249960252216884,0.6362896859645844,3.6417675018310547,9.939057285945933e-06,3.634572744369507,1,10,False,False,False
EXP-T096,primary,2,101,1e-05,1.0000000000000001e-07,12,84,0.5365795493125916,0.6364673376083374,3.6429736614227295,9.926291164466131e-06,3.634572744369507,1,11,False,False,False
EXP-T096,primary,2,101,1e-05,1.0000000000000001e-07,13,91,0.6757412893431527,0.6364677548408508,3.6430087089538574,9.91232189110701e-06,3.634572744369507,1,12,False,False,False
EXP-T096,primary,2,101,1e-05,1.0000000000000001e-07,14,98,0.5244255193642208,0.636602133512497,3.643848419189453,9.897152912577742e-06,3.634572744369507,1,13,False,False,False
EXP-T096,primary,2,101,1e-05,1.0000000000000001e-07,15,105,0.5273613972323281,0.63677978515625,3.644867420196533,9.8807879715968e-06,3.634572744369507,1,14,False,False,False
EXP-T096,primary,2,101,1e-05,1.0000000000000001e-07,16,112,0.567503103188106,0.6366426944732666,3.644162893295288,9.8632311059685e-06,3.634572744369507,1,15,False,False,False
EXP-T096,primary,2,101,1e-05,1.0000000000000001e-07,17,119,0.5191212722233364,0.6365758776664734,3.6438188552856445,9.844486647586724e-06,3.634572744369507,1,16,False,False,False
EXP-T096,primary,2,101,1e-05,1.0000000000000001e-07,18,126,0.4875312222700034,0.6365226805210114,3.6435298919677734,9.824559221366101e-06,3.634572744369507,1,17,False,False,False
EXP-T096,primary,2,101,1e-05,1.0000000000000001e-07,19,133,0.5839316334043231,0.6364487707614899,3.643108367919922,9.803453744100868e-06,3.634572744369507,1,18,False,False,False
EXP-T096,primary,2,101,1e-05,1.0000000000000001e-07,20,140,0.48262197664007545,0.6365194320678711,3.64355206489563,9.781175423251734e-06,3.634572744369507,1,19,False,False,False
EXP-T096,primary,2,101,1e-05,1.0000000000000001e-07,21,147,0.5058417373469898,0.6364462077617645,3.643126964569092,9.757729755661012e-06,3.634572744369507,1,20,False,False,False
EXP-T096,primary,2,101,1e-05,1.0000000000000001e-07,22,154,0.49952670985034536,0.6365971863269806,3.6440279483795166,9.73312252619635e-06,3.634572744369507,1,21,False,False,False
EXP-T096,primary,2,101,1e-05,1.0000000000000001e-07,23,161,0.49917917672012535,0.6364039182662964,3.6428966522216797,9.707359806323418e-06,3.634572744369507,1,22,False,False,False
EXP-T096,primary,2,101,1e-05,1.0000000000000001e-07,24,168,0.49614073482475113,0.6361920833587646,3.6415469646453857,9.680447952607845e-06,3.634572744369507,1,23,False,False,False
EXP-T096,primary,2,101,1e-05,1.0000000000000001e-07,25,175,0.5761819226401192,0.6359123885631561,3.6394667625427246,9.652393605146845e-06,3.634572744369507,1,24,False,False,False
EXP-T096,primary,2,101,1e-05,1.0000000000000001e-07,26,182,0.582344263792038,0.6358680725097656,3.6391522884368896,9.62320368593087e-06,3.634572744369507,1,25,False,False,False
EXP-T096,primary,2,101,1e-05,1.0000000000000001e-07,27,189,0.5677967156682696,0.6358253061771393,3.6388330459594727,9.592885397135707e-06,3.634572744369507,1,26,False,False,False
EXP-T096,primary,2,101,1e-05,1.0000000000000001e-07,28,196,0.5569973928587777,0.6357812881469727,3.63850998878479,9.561446219345455e-06,3.634572744369507,1,27,False,False,False
EXP-T096,primary,2,101,1e-05,1.0000000000000001e-07,29,203,0.503182189805167,0.6357359290122986,3.638145923614502,9.528893909706798e-06,3.634572744369507,1,28,False,False,False
EXP-T096,primary,2,101,1e-05,1.0000000000000001e-07,30,210,0.5324019321373531,0.6356989443302155,3.6378469467163086,9.495236500015048e-06,3.634572744369507,1,29,False,False,False
EXP-T096,primary,2,101,1e-05,1.0000000000000001e-07,31,217,0.534645072051457,0.635732501745224,3.6382579803466797,9.460482294732422e-06,3.634572744369507,1,30,False,True,False
EXP-T096,primary,2,101,0.0001,1.0000000000000002e-06,1,7,0.49462520238012075,0.646257609128952,3.670553684234619,0.0001,3.670553684234619,1,0,True,False,False
EXP-T096,primary,2,101,0.0001,1.0000000000000002e-06,2,14,0.5567236585276467,0.6427010595798492,3.663160800933838,9.99938933078422e-05,3.663160800933838,2,0,True,False,False
EXP-T096,primary,2,101,0.0001,1.0000000000000002e-06,3,21,0.6591457767145974,0.6402451395988464,3.65712833404541,9.997557473810373e-05,3.65712833404541,3,0,True,False,False
EXP-T096,primary,2,101,0.0001,1.0000000000000002e-06,4,28,0.7108983865806034,0.6356240212917328,3.6375832557678223,9.994504881061753e-05,3.6375832557678223,4,0,True,False,False
EXP-T096,primary,2,101,0.0001,1.0000000000000002e-06,5,35,0.7191191571099418,0.6351501941680908,3.6252009868621826,9.990232305719945e-05,3.6252009868621826,5,0,True,False,False
EXP-T096,primary,2,101,0.0001,1.0000000000000002e-06,6,42,0.5971747977393014,0.6352296471595764,3.6351914405822754,9.984740801978984e-05,3.6252009868621826,5,1,False,False,False
EXP-T096,primary,2,101,0.0001,1.0000000000000002e-06,7,49,0.5556390838963645,0.6365799307823181,3.6449060440063477,9.978031724785247e-05,3.6252009868621826,5,2,False,False,False
EXP-T096,primary,2,101,0.0001,1.0000000000000002e-06,8,56,0.48479585881744114,0.6359861195087433,3.6422531604766846,9.97010672950314e-05,3.6252009868621826,5,3,False,False,False
EXP-T096,primary,2,101,0.0001,1.0000000000000002e-06,9,63,0.6106484064034053,0.6365564465522766,3.6452581882476807,9.960967771506667e-05,3.6252009868621826,5,4,False,False,False
EXP-T096,primary,2,101,0.0001,1.0000000000000002e-06,10,70,0.5919011022363391,0.6409449279308319,3.658742904663086,9.95061710569696e-05,3.6252009868621826,5,5,False,False,False
EXP-T096,primary,2,101,0.0001,1.0000000000000002e-06,11,77,0.5256623796054295,0.639085590839386,3.653888702392578,9.939057285945933e-05,3.6252009868621826,5,6,False,False,False
EXP-T096,primary,2,101,0.0001,1.0000000000000002e-06,12,84,0.5286906276430402,0.6395261287689209,3.6548821926116943,9.926291164466132e-05,3.6252009868621826,5,7,False,False,False
EXP-T096,primary,2,101,0.0001,1.0000000000000002e-06,13,91,0.661927478654044,0.6364397406578064,3.645190715789795,9.91232189110701e-05,3.6252009868621826,5,8,False,False,False
EXP-T096,primary,2,101,0.0001,1.0000000000000002e-06,14,98,0.5580778462546212,0.6363305449485779,3.6448676586151123,9.897152912577741e-05,3.6252009868621826,5,9,False,False,False
EXP-T096,primary,2,101,0.0001,1.0000000000000002e-06,15,105,0.4992373234459332,0.6366057097911835,3.6461470127105713,9.8807879715968e-05,3.6252009868621826,5,10,False,False,False
EXP-T096,primary,2,101,0.0001,1.0000000000000002e-06,16,112,0.5761514604091644,0.6347187757492065,3.637547254562378,9.8632311059685e-05,3.6252009868621826,5,11,False,False,False
EXP-T096,primary,2,101,0.0001,1.0000000000000002e-06,17,119,0.5218258159501212,0.6342779099941254,3.6347527503967285,9.844486647586725e-05,3.6252009868621826,5,12,False,False,False
EXP-T096,primary,2,101,0.0001,1.0000000000000002e-06,18,126,0.49149332714400124,0.6341178119182587,3.633894205093384,9.824559221366101e-05,3.6252009868621826,5,13,False,False,False
EXP-T096,primary,2,101,0.0001,1.0000000000000002e-06,19,133,0.5949633376938956,0.6338864266872406,3.6323723793029785,9.803453744100869e-05,3.6252009868621826,5,14,False,False,False
EXP-T096,primary,2,101,0.0001,1.0000000000000002e-06,20,140,0.49247288996619837,0.6349647641181946,3.6398305892944336,9.781175423251735e-05,3.6252009868621826,5,15,False,False,False
EXP-T096,primary,2,101,0.0001,1.0000000000000002e-06,21,147,0.49121496666754993,0.6348139941692352,3.6391966342926025,9.757729755661011e-05,3.6252009868621826,5,16,False,False,False
EXP-T096,primary,2,101,0.0001,1.0000000000000002e-06,22,154,0.5065740112747464,0.6365066766738892,3.64597225189209,9.73312252619635e-05,3.6252009868621826,5,17,False,False,False
EXP-T096,primary,2,101,0.0001,1.0000000000000002e-06,23,161,0.5071063041687012,0.6337734460830688,3.6337718963623047,9.707359806323417e-05,3.6252009868621826,5,18,False,False,False
EXP-T096,primary,2,101,0.0001,1.0000000000000002e-06,24,168,0.49139379324125393,0.6330216526985168,3.6264429092407227,9.680447952607845e-05,3.6252009868621826,5,19,False,False,False
EXP-T096,primary,2,101,0.0001,1.0000000000000002e-06,25,175,0.5755102677004678,0.6328173875808716,3.6236138343811035,9.652393605146844e-05,3.6236138343811035,25,0,True,False,False
EXP-T096,primary,2,101,0.0001,1.0000000000000002e-06,26,182,0.6106332114764622,0.633139044046402,3.630396842956543,9.623203685930869e-05,3.6236138343811035,25,1,False,False,False
EXP-T096,primary,2,101,0.0001,1.0000000000000002e-06,27,189,0.5499832885605949,0.6329877078533173,3.629958152770996,9.592885397135707e-05,3.6236138343811035,25,2,False,False,False
EXP-T096,primary,2,101,0.0001,1.0000000000000002e-06,28,196,0.5277408553021294,0.6326374411582947,3.62760591506958,9.561446219345454e-05,3.6236138343811035,25,3,False,False,False
EXP-T096,primary,2,101,0.0001,1.0000000000000002e-06,29,203,0.5042882167867252,0.6323278546333313,3.6251795291900635,9.528893909706797e-05,3.6236138343811035,25,4,False,False,False
EXP-T096,primary,2,101,0.0001,1.0000000000000002e-06,30,210,0.5153246458087649,0.6322041749954224,3.6253950595855713,9.495236500015047e-05,3.6236138343811035,25,5,False,False,False
EXP-T096,primary,2,101,0.0001,1.0000000000000002e-06,31,217,0.49629102647304535,0.6329310238361359,3.6326804161071777,9.460482294732421e-05,3.6236138343811035,25,6,False,False,False
EXP-T096,primary,2,101,0.0001,1.0000000000000002e-06,32,224,0.6098803622382027,0.6343598663806915,3.639495849609375,9.424639868939033e-05,3.6236138343811035,25,7,False,False,False
EXP-T096,primary,2,101,0.0001,1.0000000000000002e-06,33,231,0.6704309029238564,0.6372287571430206,3.6481099128723145,9.387718066217124e-05,3.6236138343811035,25,8,False,False,False
EXP-T096,primary,2,101,0.0001,1.0000000000000002e-06,34,238,0.6512146677289691,0.6391275525093079,3.652229070663452,9.349725996469047e-05,3.6236138343811035,25,9,False,False,False
EXP-T096,primary,2,101,0.0001,1.0000000000000002e-06,35,245,0.5647154876164028,0.6374682486057281,3.6481144428253174,9.310673033669521e-05,3.6236138343811035,25,10,False,False,False
EXP-T096,primary,2,101,0.0001,1.0000000000000002e-06,36,252,0.6160661748477391,0.6312968134880066,3.6242141723632812,9.270568813552756e-05,3.6236138343811035,25,11,False,False,False
EXP-T096,primary,2,101,0.0001,1.0000000000000002e-06,37,259,0.502617861543383,0.6307363212108612,3.6159183979034424,9.229423231234974e-05,3.6159183979034424,37,0,True,False,False
EXP-T096,primary,2,101,0.0001,1.0000000000000002e-06,38,266,0.673214248248509,0.6306159496307373,3.6179819107055664,9.187246438772939e-05,3.6159183979034424,37,1,False,False,False
EXP-T096,primary,2,101,0.0001,1.0000000000000002e-06,39,273,0.583293982914516,0.6312636435031891,3.6265716552734375,9.14404884265908e-05,3.6159183979034424,37,2,False,False,False
EXP-T096,primary,2,101,0.0001,1.0000000000000002e-06,40,280,0.6740912582193103,0.6313097774982452,3.6274702548980713,9.099841101253866e-05,3.6159183979034424,37,3,False,False,False
EXP-T096,primary,2,101,0.0001,1.0000000000000002e-06,41,287,0.6265082955360413,0.6318157613277435,3.6302971839904785,9.05463412215599e-05,3.6159183979034424,37,4,False,False,False
EXP-T096,primary,2,101,0.0001,1.0000000000000002e-06,42,294,0.5277581342629024,0.6306344568729401,3.6247975826263428,9.0084390595111e-05,3.6159183979034424,37,5,False,False,False
EXP-T096,primary,2,101,0.0001,1.0000000000000002e-06,43,301,0.5096316635608673,0.6294916868209839,3.6123218536376953,8.961267311259666e-05,3.6123218536376953,43,0,True,False,False
EXP-T096,primary,2,101,0.0001,1.0000000000000002e-06,44,308,0.5646756717136928,0.6295896768569946,3.617767333984375,8.913130516324733e-05,3.6123218536376953,43,1,False,False,False
EXP-T096,primary,2,101,0.0001,1.0000000000000002e-06,45,315,0.5647179314068386,0.6320470869541168,3.631857395172119,8.864040551740158e-05,3.6123218536376953,43,2,False,False,False
EXP-T096,primary,2,101,0.0001,1.0000000000000002e-06,46,322,0.489296270268304,0.6334211528301239,3.6358628273010254,8.814009529720155e-05,3.6123218536376953,43,3,False,False,False
EXP-T096,primary,2,101,0.0001,1.0000000000000002e-06,47,329,0.4987744412251881,0.6316304802894592,3.630086660385132,8.763049794670775e-05,3.6123218536376953,43,4,False,False,False
EXP-T096,primary,2,101,0.0001,1.0000000000000002e-06,48,336,0.4925762363044279,0.6286967396736145,3.6160080432891846,8.711173920144117e-05,3.6123218536376953,43,5,False,False,False
EXP-T096,primary,2,101,0.0001,1.0000000000000002e-06,49,343,0.6787191331386566,0.6284815073013306,3.615931272506714,8.658394705735987e-05,3.6123218536376953,43,6,False,False,False
EXP-T096,primary,2,101,0.0001,1.0000000000000002e-06,50,350,0.5252990680081504,0.6276107132434845,3.6108078956604004,8.604725173927785e-05,3.6108078956604004,50,0,True,False,False
EXP-T096,primary,2,101,0.0001,1.0000000000000002e-06,51,357,0.5258716813155583,0.6287318766117096,3.618481159210205,8.55017856687341e-05,3.6108078956604004,50,1,False,False,False
EXP-T096,primary,2,101,0.0001,1.0000000000000002e-06,52,364,0.48605130506413324,0.6278342306613922,3.614794969558716,8.494768343131955e-05,3.6108078956604004,50,2,False,False,False
EXP-T096,primary,2,101,0.0001,1.0000000000000002e-06,53,371,0.5151399054697582,0.627954751253128,3.614928960800171,8.438508174347009e-05,3.6108078956604004,50,3,False,False,False
EXP-T096,primary,2,101,0.0001,1.0000000000000002e-06,54,378,0.6664755897862571,0.6296135783195496,3.618781805038452,8.381411941873378e-05,3.6108078956604004,50,4,False,False,False
EXP-T096,primary,2,101,0.0001,1.0000000000000002e-06,55,385,0.560702954019819,0.6262693405151367,3.607848644256592,8.323493733352077e-05,3.607848644256592,55,0,True,False,False
EXP-T096,primary,2,101,0.0001,1.0000000000000002e-06,56,392,0.5256140572684151,0.6248593032360077,3.602175235748291,8.26476783923441e-05,3.602175235748291,56,0,True,False,False
EXP-T096,primary,2,101,0.0001,1.0000000000000002e-06,57,399,0.6488944249493735,0.6236000657081604,3.5967631340026855,8.205248749256015e-05,3.5967631340026855,57,0,True,False,False
EXP-T096,primary,2,101,0.0001,1.0000000000000002e-06,58,406,0.6097361956323896,0.621425598859787,3.5873754024505615,8.144951148861742e-05,3.5873754024505615,58,0,True,False,False
EXP-T096,primary,2,101,0.0001,1.0000000000000002e-06,59,413,0.47923024371266365,0.6176747977733612,3.5670552253723145,8.083889915582235e-05,3.5670552253723145,59,0,True,False,False
EXP-T096,primary,2,101,0.0001,1.0000000000000002e-06,60,420,0.6122780399663108,0.615437388420105,3.553765296936035,8.022080115363127e-05,3.553765296936035,60,0,True,False,False
EXP-T096,primary,2,101,0.0001,1.0000000000000002e-06,61,427,0.4865386517984526,0.6127231419086456,3.5416994094848633,7.959536998847744e-05,3.5416994094848633,61,0,True,False,False
EXP-T096,primary,2,101,0.0001,1.0000000000000002e-06,62,434,0.6055451205798558,0.6114309728145599,3.5399293899536133,7.89627599761423e-05,3.5399293899536133,62,0,True,False,False
EXP-T096,primary,2,101,0.0001,1.0000000000000002e-06,63,441,0.5202682742050716,0.6072103977203369,3.5177528858184814,7.832312720368048e-05,3.5177528858184814,63,0,True,False,False
EXP-T096,primary,2,101,0.0001,1.0000000000000002e-06,64,448,0.5021584204265049,0.6024209856987,3.4881153106689453,7.767662949090753e-05,3.4881153106689453,64,0,True,False,False
EXP-T096,primary,2,101,0.0001,1.0000000000000002e-06,65,455,0.4721475610775607,0.5983370542526245,3.4780099391937256,7.702342635146033e-05,3.4780099391937256,65,0,True,False,False
EXP-T096,primary,2,101,0.0001,1.0000000000000002e-06,66,462,0.45797094150579404,0.5980128347873688,3.4881412982940674,7.636367895343946e-05,3.4780099391937256,65,1,False,False,False
EXP-T096,primary,2,101,0.0001,1.0000000000000002e-06,67,469,0.4279982176210199,0.5903624892234802,3.4474923610687256,7.569755007964338e-05,3.4474923610687256,67,0,True,False,False
EXP-T096,primary,2,101,0.0001,1.0000000000000002e-06,68,476,0.5238697230815887,0.583960771560669,3.412231206893921,7.502520408740418e-05,3.412231206893921,68,0,True,False,False
EXP-T096,primary,2,101,0.0001,1.0000000000000002e-06,69,483,0.45077899577362196,0.5832417607307434,3.4126877784729004,7.43468068680349e-05,3.412231206893921,68,1,False,False,False
EXP-T096,primary,2,101,0.0001,1.0000000000000002e-06,70,490,0.4661090884889875,0.5837653279304504,3.415210247039795,7.366252580589839e-05,3.412231206893921,68,2,False,False,False
EXP-T096,primary,2,101,0.0001,1.0000000000000002e-06,71,497,0.5531142992632729,0.5720873773097992,3.3413143157958984,7.297252973710757e-05,3.3413143157958984,71,0,True,False,False
EXP-T096,primary,2,101,0.0001,1.0000000000000002e-06,72,504,0.45300366410187315,0.5665468871593475,3.337904691696167,7.22769889078678e-05,3.337904691696167,72,0,True,False,False
EXP-T096,primary,2,101,0.0001,1.0000000000000002e-06,73,511,0.510584043604987,0.5657437145709991,3.3387553691864014,7.15760749324711e-05,3.337904691696167,72,1,False,False,False
EXP-T096,primary,2,101,0.0001,1.0000000000000002e-06,74,518,0.41090840520337224,0.5625092089176178,3.3365871906280518,7.086996075095289e-05,3.3365871906280518,74,0,True,False,False
EXP-T096,primary,2,101,0.0001,1.0000000000000002e-06,75,525,0.4210800512560776,0.5636598765850067,3.334383964538574,7.015882058642164e-05,3.334383964538574,75,0,True,False,False
EXP-T096,primary,2,101,0.0001,1.0000000000000002e-06,76,532,0.5625656970909664,0.5650480091571808,3.33302903175354,6.944282990207195e-05,3.33302903175354,76,0,True,False,False
EXP-T096,primary,2,101,0.0001,1.0000000000000002e-06,77,539,0.4660133251122066,0.5553795397281647,3.328413486480713,6.872216535789157e-05,3.328413486480713,77,0,True,False,False
EXP-T096,primary,2,101,0.0001,1.0000000000000002e-06,78,546,0.6200257965496608,0.5533877909183502,3.3294930458068848,6.799700476707323e-05,3.328413486480713,77,1,False,False,False
EXP-T096,primary,2,101,0.0001,1.0000000000000002e-06,79,553,0.42059217553053585,0.5530899465084076,3.328355312347412,6.726752705214194e-05,3.328355312347412,79,0,True,False,False
EXP-T096,primary,2,101,0.0001,1.0000000000000002e-06,80,560,0.45184134798390524,0.5599366128444672,3.3287241458892822,6.65339122008084e-05,3.328355312347412,79,1,False,False,False
EXP-T096,primary,2,101,0.0001,1.0000000000000002e-06,81,567,0.45437117985316683,0.5580103993415833,3.326158285140991,6.57963412215599e-05,3.326158285140991,81,0,True,False,False
EXP-T096,primary,2,101,0.0001,1.0000000000000002e-06,82,574,0.44178297370672226,0.5500960946083069,3.322317361831665,6.505499609899905e-05,3.322317361831665,82,0,True,False,False
EXP-T096,primary,2,101,0.0001,1.0000000000000002e-06,83,581,0.5524469358580453,0.5504147708415985,3.317031145095825,6.431005974894185e-05,3.317031145095825,83,0,True,False,False
EXP-T096,primary,2,101,0.0001,1.0000000000000002e-06,84,588,0.4025722640965666,0.5470253229141235,3.3107049465179443,6.356171597328596e-05,3.3107049465179443,84,0,True,False,False
EXP-T096,primary,2,101,0.0001,1.0000000000000002e-06,85,595,0.4401397045169558,0.5452823638916016,3.3022408485412598,6.281014941466031e-05,3.3022408485412598,85,0,True,False,False
EXP-T096,primary,2,101,0.0001,1.0000000000000002e-06,86,602,0.45527389645576477,0.5487596392631531,3.3013813495635986,6.205554551086733e-05,3.3013813495635986,86,0,True,False,False
EXP-T096,primary,2,101,0.0001,1.0000000000000002e-06,87,609,0.3915509709290096,0.5547612309455872,3.301220178604126,6.129809044912887e-05,3.301220178604126,87,0,True,False,False
EXP-T096,primary,2,101,0.0001,1.0000000000000002e-06,88,616,0.6246902516910008,0.546198695898056,3.2967586517333984,6.053797112014738e-05,3.2967586517333984,88,0,True,False,False
EXP-T096,primary,2,101,0.0001,1.0000000000000002e-06,89,623,0.4317203142813274,0.540998250246048,3.288471221923828,5.977537507199338e-05,3.288471221923828,89,0,True,False,False
EXP-T096,primary,2,101,0.0001,1.0000000000000002e-06,90,630,0.4183019612516676,0.539982795715332,3.2825546264648438,5.901049046383077e-05,3.2825546264648438,90,0,True,False,False
EXP-T096,primary,2,101,0.0001,1.0000000000000002e-06,91,637,0.4262770414352417,0.5400822162628174,3.2787630558013916,5.8243506019491436e-05,3.2787630558013916,91,0,True,False,False
EXP-T096,primary,2,101,0.0001,1.0000000000000002e-06,92,644,0.39591833097594126,0.5383219122886658,3.2747297286987305,5.7474610980910354e-05,3.2747297286987305,92,0,True,False,False
EXP-T096,primary,2,101,0.0001,1.0000000000000002e-06,93,651,0.5245594850608281,0.5374673008918762,3.272902011871338,5.6703995061433075e-05,3.272902011871338,93,0,True,False,False
EXP-T096,primary,2,101,0.0001,1.0000000000000002e-06,94,658,0.3810061403949346,0.538937121629715,3.2687854766845703,5.5931848399006745e-05,3.2687854766845703,94,0,True,False,False
EXP-T096,primary,2,101,0.0001,1.0000000000000002e-06,95,665,0.5271545606000083,0.5374720096588135,3.2647738456726074,5.515836150926646e-05,3.2647738456726074,95,0,True,False,False
EXP-T096,primary,2,101,0.0001,1.0000000000000002e-06,96,672,0.38622685698127107,0.5375826954841614,3.260891914367676,5.438372523852833e-05,3.260891914367676,96,0,True,False,False
EXP-T096,primary,2,101,0.0001,1.0000000000000002e-06,97,679,0.5768504823957171,0.5371835827827454,3.257692813873291,5.360813071670102e-05,3.257692813873291,97,0,True,False,False
EXP-T096,primary,2,101,0.0001,1.0000000000000002e-06,98,686,0.40279157107163754,0.53802889585495,3.2518465518951416,5.283176931012731e-05,3.2518465518951416,98,0,True,False,False
EXP-T096,primary,2,101,0.0001,1.0000000000000002e-06,99,693,0.5620448759623936,0.5368318557739258,3.2655465602874756,5.205483257436735e-05,3.2518465518951416,98,1,False,False,False
EXP-T096,primary,2,101,0.0001,1.0000000000000002e-06,100,700,0.5016995242663792,0.5367749929428101,3.281001329421997,5.127751220693513e-05,3.2518465518951416,98,2,False,False,False
EXP-T096,primary,2,101,0.0001,1.0000000000000002e-06,101,707,0.3861118009018745,0.5393511354923248,3.2529401779174805,5.05e-05,3.2518465518951416,98,3,False,False,False
EXP-T096,primary,2,101,0.0001,1.0000000000000002e-06,102,714,0.4885667434760502,0.5396099388599396,3.2569692134857178,4.972248779306489e-05,3.2518465518951416,98,4,False,False,False
EXP-T096,primary,2,101,0.0001,1.0000000000000002e-06,103,721,0.43416494131088257,0.5382719933986664,3.277886390686035,4.894516742563265e-05,3.2518465518951416,98,5,False,False,False
EXP-T096,primary,2,101,0.0001,1.0000000000000002e-06,104,728,0.4132247396877834,0.5433167368173599,3.3110804557800293,4.816823068987269e-05,3.2518465518951416,98,6,False,False,False
EXP-T096,primary,2,101,0.0001,1.0000000000000002e-06,105,735,0.3807964512047225,0.5415448099374771,3.2985928058624268,4.739186928329899e-05,3.2518465518951416,98,7,False,False,False
EXP-T096,primary,2,101,0.0001,1.0000000000000002e-06,106,742,0.38695781075408114,0.5414731800556183,3.2872931957244873,4.661627476147168e-05,3.2518465518951416,98,8,False,False,False
EXP-T096,primary,2,101,0.0001,1.0000000000000002e-06,107,749,0.6246150072131839,0.5421970188617706,3.279200315475464,4.584163849073354e-05,3.2518465518951416,98,9,False,False,False
EXP-T096,primary,2,101,0.0001,1.0000000000000002e-06,108,756,0.40972050598689486,0.5439655482769012,3.2642385959625244,4.5068151600993264e-05,3.2518465518951416,98,10,False,False,False
EXP-T096,primary,2,101,0.0001,1.0000000000000002e-06,109,763,0.5408611680780139,0.5464817583560944,3.2580020427703857,4.429600493856695e-05,3.2518465518951416,98,11,False,False,False
EXP-T096,primary,2,101,0.0001,1.0000000000000002e-06,110,770,0.41404865256377626,0.5429830402135849,3.283980131149292,4.352538901908967e-05,3.2518465518951416,98,12,False,False,False
EXP-T096,primary,2,101,0.0001,1.0000000000000002e-06,111,777,0.4618678774152483,0.5439669489860535,3.297231674194336,4.275649398050857e-05,3.2518465518951416,98,13,False,False,False
EXP-T096,primary,2,101,0.0001,1.0000000000000002e-06,112,784,0.4738307595252991,0.5431235432624817,3.2870209217071533,4.198950953616922e-05,3.2518465518951416,98,14,False,False,False
EXP-T096,primary,2,101,0.0001,1.0000000000000002e-06,113,791,0.39469127357006073,0.5432718992233276,3.276015281677246,4.122462492800663e-05,3.2518465518951416,98,15,False,False,False
EXP-T096,primary,2,101,0.0001,1.0000000000000002e-06,114,798,0.3866180426308087,0.5438248813152313,3.266263008117676,4.046202887985264e-05,3.2518465518951416,98,16,False,False,False
EXP-T096,primary,2,101,0.0001,1.0000000000000002e-06,115,805,0.4280003734997341,0.5455180406570435,3.2561209201812744,3.9701909550871155e-05,3.2518465518951416,98,17,False,False,False
EXP-T096,primary,2,101,0.0001,1.0000000000000002e-06,116,812,0.4710471970694406,0.549277663230896,3.267001152038574,3.8944454489132674e-05,3.2518465518951416,98,18,False,False,False
EXP-T096,primary,2,101,0.0001,1.0000000000000002e-06,117,819,0.3961796718836662,0.5507102012634277,3.2737245559692383,3.818985058533969e-05,3.2518465518951416,98,19,False,False,False
EXP-T096,primary,2,101,0.0001,1.0000000000000002e-06,118,826,0.531593212059566,0.5496920347213745,3.2676007747650146,3.7438284026714043e-05,3.2518465518951416,98,20,False,False,False
EXP-T096,primary,2,101,0.0001,1.0000000000000002e-06,119,833,0.5961401888302394,0.5497785210609436,3.276444911956787,3.668994025105816e-05,3.2518465518951416,98,21,False,False,False
EXP-T096,primary,2,101,0.0001,1.0000000000000002e-06,120,840,0.3772324227860996,0.5517823100090027,3.286278247833252,3.594500390100096e-05,3.2518465518951416,98,22,False,False,False
EXP-T096,primary,2,101,0.0001,1.0000000000000002e-06,121,847,0.37409333352531704,0.5536105781793594,3.302123785018921,3.520365877844012e-05,3.2518465518951416,98,23,False,False,False
EXP-T096,primary,2,101,0.0001,1.0000000000000002e-06,122,854,0.4681890904903412,0.5571570992469788,3.3402884006500244,3.44660877991916e-05,3.2518465518951416,98,24,False,False,False
EXP-T096,primary,2,101,0.0001,1.0000000000000002e-06,123,861,0.3481394570719983,0.557014524936676,3.3214831352233887,3.373247294785808e-05,3.2518465518951416,98,25,False,False,False
EXP-T096,primary,2,101,0.0001,1.0000000000000002e-06,124,868,0.3997809535690716,0.558235377073288,3.3253650665283203,3.300299523292678e-05,3.2518465518951416,98,26,False,False,False
EXP-T096,primary,2,101,0.0001,1.0000000000000002e-06,125,875,0.4714808336326054,0.5580044090747833,3.306014060974121,3.2277834642108455e-05,3.2518465518951416,98,27,False,False,False
EXP-T096,primary,2,101,0.0001,1.0000000000000002e-06,126,882,0.3460968840933804,0.5588674694299698,3.325019359588623,3.155717009792807e-05,3.2518465518951416,98,28,False,False,False
EXP-T096,primary,2,101,0.0001,1.0000000000000002e-06,127,889,0.4056850565331323,0.5589424669742584,3.314359426498413,3.084117941357835e-05,3.2518465518951416,98,29,False,False,False
EXP-T096,primary,2,101,0.0001,1.0000000000000002e-06,128,896,0.32452775666856076,0.5604814291000366,3.3248376846313477,3.013003924904712e-05,3.2518465518951416,98,30,False,True,False
EXP-T096,primary,2,101,0.001,1e-05,1,7,0.5785499683448246,0.7439653873443604,4.117919445037842,0.001,4.117919445037842,1,0,True,False,False
EXP-T096,primary,2,101,0.001,1e-05,2,14,0.5765209708895002,0.6944326758384705,3.8773350715637207,0.000999938933078422,3.8773350715637207,2,0,True,False,False
EXP-T096,primary,2,101,0.001,1e-05,3,21,0.6253138184547424,0.668137937784195,3.768692970275879,0.0009997557473810372,3.768692970275879,3,0,True,False,False
EXP-T096,primary,2,101,0.001,1e-05,4,28,0.730772750718253,0.6500897407531738,3.6763315200805664,0.0009994504881061753,3.6763315200805664,4,0,True,False,False
EXP-T096,primary,2,101,0.001,1e-05,5,35,0.7000648507050106,0.6446149945259094,3.6686975955963135,0.0009990232305719944,3.6686975955963135,5,0,True,False,False
EXP-T096,primary,2,101,0.001,1e-05,6,42,0.6236796123640878,0.6353957951068878,3.6280405521392822,0.0009984740801978985,3.6280405521392822,6,0,True,False,False
EXP-T096,primary,2,101,0.001,1e-05,7,49,0.5286618045398167,0.6345453858375549,3.631443738937378,0.0009978031724785245,3.6280405521392822,6,1,False,False,False
EXP-T096,primary,2,101,0.001,1e-05,8,56,0.4927326776087284,0.6414341330528259,3.6632492542266846,0.000997010672950314,3.6280405521392822,6,2,False,False,False
EXP-T096,primary,2,101,0.001,1e-05,9,63,0.6130560083048684,0.6654850542545319,3.7385990619659424,0.0009960967771506667,3.6280405521392822,6,3,False,False,False
EXP-T096,primary,2,101,0.001,1e-05,10,70,0.6171610525676182,0.6283141374588013,3.59675931930542,0.000995061710569696,3.59675931930542,10,0,True,False,False
EXP-T096,primary,2,101,0.001,1e-05,11,77,0.5121263776506696,0.6262061595916748,3.5731089115142822,0.0009939057285945933,3.5731089115142822,11,0,True,False,False
EXP-T096,primary,2,101,0.001,1e-05,12,84,0.5335229422364917,0.6195497214794159,3.5700576305389404,0.000992629116446613,3.5700576305389404,12,0,True,False,False
EXP-T096,primary,2,101,0.001,1e-05,13,91,0.5366201273032597,0.6064905226230621,3.471794843673706,0.000991232189110701,3.471794843673706,13,0,True,False,False
EXP-T096,primary,2,101,0.001,1e-05,14,98,0.4560973420739174,0.6141941249370575,3.554126501083374,0.0009897152912577741,3.471794843673706,13,1,False,False,False
EXP-T096,primary,2,101,0.001,1e-05,15,105,0.4603148972923269,0.6449493765830994,3.6427407264709473,0.00098807879715968,3.471794843673706,13,2,False,False,False
EXP-T096,primary,2,101,0.001,1e-05,16,112,0.425754902618272,0.5821392834186554,3.449985980987549,0.00098632311059685,3.449985980987549,16,0,True,False,False
EXP-T096,primary,2,101,0.001,1e-05,17,119,0.49119289432253155,0.5876714587211609,3.434285879135132,0.0009844486647586723,3.434285879135132,17,0,True,False,False
EXP-T096,primary,2,101,0.001,1e-05,18,126,0.3979150855115482,0.6085090935230255,3.5808558464050293,0.00098245592213661,3.434285879135132,17,1,False,False,False
EXP-T096,primary,2,101,0.001,1e-05,19,133,0.39958292432129383,0.6029492020606995,3.54654598236084,0.0009803453744100868,3.434285879135132,17,2,False,False,False
EXP-T096,primary,2,101,0.001,1e-05,20,140,0.37939849655543056,0.6127943694591522,3.5556583404541016,0.0009781175423251734,3.434285879135132,17,3,False,False,False
EXP-T096,primary,2,101,0.001,1e-05,21,147,0.357246349964823,0.6884294152259827,3.920849084854126,0.0009757729755661011,3.434285879135132,17,4,False,False,False
EXP-T096,primary,2,101,0.001,1e-05,22,154,0.3860710433551243,0.6986687779426575,3.952447533607483,0.0009733122526196349,3.434285879135132,17,5,False,False,False
EXP-T096,primary,2,101,0.001,1e-05,23,161,0.3419542472277369,0.6065984070301056,3.5112634897232056,0.0009707359806323416,3.434285879135132,17,6,False,False,False
EXP-T096,primary,2,101,0.001,1e-05,24,168,0.33129606358693714,0.6138820052146912,3.537442207336426,0.0009680447952607845,3.434285879135132,17,7,False,False,False
EXP-T096,primary,2,101,0.001,1e-05,25,175,0.42522455964769634,0.6386041045188904,3.644897222518921,0.0009652393605146844,3.434285879135132,17,8,False,False,False
EXP-T096,primary,2,101,0.001,1e-05,26,182,0.45683653014046804,0.638560950756073,3.692171573638916,0.000962320368593087,3.434285879135132,17,9,False,False,False
EXP-T096,primary,2,101,0.001,1e-05,27,189,0.35549683230263845,0.6789940893650055,3.9131128787994385,0.0009592885397135706,3.434285879135132,17,10,False,False,False
EXP-T096,primary,2,101,0.001,1e-05,28,196,0.27453533560037613,0.6669142544269562,3.8269875049591064,0.0009561446219345453,3.434285879135132,17,11,False,False,False
EXP-T096,primary,2,101,0.001,1e-05,29,203,0.3413607052394322,0.668417751789093,3.787606358528137,0.0009528893909706797,3.434285879135132,17,12,False,False,False
EXP-T096,primary,2,101,0.001,1e-05,30,210,0.27353540235864265,0.6800910830497742,3.882322072982788,0.0009495236500015047,3.434285879135132,17,13,False,False,False
EXP-T096,primary,2,101,0.001,1e-05,31,217,0.3110069233391966,0.63625368475914,3.6599252223968506,0.0009460482294732421,3.434285879135132,17,14,False,False,False
EXP-T096,primary,2,101,0.001,1e-05,32,224,0.26321076947663513,0.6703759282827377,3.7676905393600464,0.0009424639868939033,3.434285879135132,17,15,False,False,False
EXP-T096,primary,2,101,0.001,1e-05,33,231,0.3105659761599132,0.8167437314987183,4.491596102714539,0.0009387718066217125,3.434285879135132,17,16,False,False,False
EXP-T096,primary,2,101,0.001,1e-05,34,238,0.2972031533718109,0.7207448184490204,4.069845080375671,0.0009349725996469047,3.434285879135132,17,17,False,False,False
EXP-T096,primary,2,101,0.001,1e-05,35,245,0.27100083072270664,0.6500737965106964,3.7676291465759277,0.0009310673033669522,3.434285879135132,17,18,False,False,False
EXP-T096,primary,2,101,0.001,1e-05,36,252,0.38231649569102694,0.6242644488811493,3.6168417930603027,0.0009270568813552756,3.434285879135132,17,19,False,False,False
EXP-T096,primary,2,101,0.001,1e-05,37,259,0.306365111044475,0.6667400300502777,3.780393123626709,0.0009229423231234975,3.434285879135132,17,20,False,False,False
EXP-T096,primary,2,101,0.001,1e-05,38,266,0.3490173029048102,0.6759901642799377,3.867819309234619,0.0009187246438772938,3.434285879135132,17,21,False,False,False
EXP-T096,primary,2,101,0.001,1e-05,39,273,0.3096511172396796,0.7477511465549469,4.142040133476257,0.0009144048842659081,3.434285879135132,17,22,False,False,False
EXP-T096,primary,2,101,0.001,1e-05,40,280,0.2664213457277843,0.715006560087204,4.046377897262573,0.0009099841101253866,3.434285879135132,17,23,False,False,False
EXP-T096,primary,2,101,0.001,1e-05,41,287,0.28398958167859484,0.6876962780952454,3.889427423477173,0.000905463412215599,3.434285879135132,17,24,False,False,False
EXP-T096,primary,2,101,0.001,1e-05,42,294,0.24333382185016358,0.7641522586345673,4.240864396095276,0.0009008439059511099,3.434285879135132,17,25,False,False,False
EXP-T096,primary,2,101,0.001,1e-05,43,301,0.24371039973837988,0.7101993262767792,3.948486566543579,0.0008961267311259666,3.434285879135132,17,26,False,False,False
EXP-T096,primary,2,101,0.001,1e-05,44,308,0.23437127889233775,0.7232060432434082,4.0286970138549805,0.0008913130516324732,3.434285879135132,17,27,False,False,False
EXP-T096,primary,2,101,0.001,1e-05,45,315,0.27481527839388165,0.7411945164203644,4.151707887649536,0.0008864040551740157,3.434285879135132,17,28,False,False,False
EXP-T096,primary,2,101,0.001,1e-05,46,322,0.22375890559383801,0.7111798524856567,4.0272393226623535,0.0008814009529720154,3.434285879135132,17,29,False,False,False
EXP-T096,primary,2,101,0.001,1e-05,47,329,0.22280440080378736,0.6775413453578949,3.8472492694854736,0.0008763049794670775,3.434285879135132,17,30,False,True,False
EXP-T096,primary,2,101,0.01,0.0001,1,7,1.4878173332129205,0.8201750814914703,4.506828546524048,0.01,4.506828546524048,1,0,True,False,False
EXP-T096,primary,2,101,0.01,0.0001,2,14,0.8387550839356014,0.6384644508361816,3.668116569519043,0.00999938933078422,3.668116569519043,2,0,True,False,False
EXP-T096,primary,2,101,0.01,0.0001,3,21,0.7546820214816502,1.6647340655326843,8.12848150730133,0.009997557473810372,3.668116569519043,2,1,False,False,False
EXP-T096,primary,2,101,0.01,0.0001,4,28,1.4487191779272897,0.7730718851089478,4.233245849609375,0.009994504881061753,3.668116569519043,2,2,False,False,False
EXP-T096,primary,2,101,0.01,0.0001,5,35,0.7335626993860517,0.9023763835430145,4.868600606918335,0.009990232305719944,3.668116569519043,2,3,False,False,False
EXP-T096,primary,2,101,0.01,0.0001,6,42,0.8039882183074951,0.7149136066436768,3.989682912826538,0.009984740801978984,3.668116569519043,2,4,False,False,False
EXP-T096,primary,2,101,0.01,0.0001,7,49,0.6808905601501465,1.2830599546432495,6.4633588790893555,0.009978031724785246,3.668116569519043,2,5,False,False,False
EXP-T096,primary,2,101,0.01,0.0001,8,56,0.6359413052882051,0.6491816937923431,3.701331615447998,0.00997010672950314,3.668116569519043,2,6,False,False,False
EXP-T096,primary,2,101,0.01,0.0001,9,63,0.5615412763186863,1.107310712337494,5.728205919265747,0.009960967771506667,3.668116569519043,2,7,False,False,False
EXP-T096,primary,2,101,0.01,0.0001,10,70,0.8810502205576215,0.6822945773601532,3.8402979373931885,0.00995061710569696,3.668116569519043,2,8,False,False,False
EXP-T096,primary,2,101,0.01,0.0001,11,77,0.7185851165226528,0.6418265104293823,3.6630990505218506,0.009939057285945933,3.6630990505218506,11,0,True,False,False
EXP-T096,primary,2,101,0.01,0.0001,12,84,0.5194955148867199,0.6410948038101196,3.662036895751953,0.00992629116446613,3.662036895751953,12,0,True,False,False
EXP-T096,primary,2,101,0.01,0.0001,13,91,0.6816281080245972,0.6412323117256165,3.6623806953430176,0.00991232189110701,3.662036895751953,12,1,False,False,False
EXP-T096,primary,2,101,0.01,0.0001,14,98,0.5321145568575177,0.6418851315975189,3.642296075820923,0.00989715291257774,3.642296075820923,14,0,True,False,False
EXP-T096,primary,2,101,0.01,0.0001,15,105,0.5549763483660561,0.6452129483222961,3.6710872650146484,0.0098807879715968,3.642296075820923,14,1,False,False,False
EXP-T096,primary,2,101,0.01,0.0001,16,112,0.549231903893607,0.6419783234596252,3.6641793251037598,0.0098632311059685,3.642296075820923,14,2,False,False,False
EXP-T096,primary,2,101,0.01,0.0001,17,119,0.5060570261308125,0.6412749290466309,3.6624865531921387,0.009844486647586723,3.642296075820923,14,3,False,False,False
EXP-T096,primary,2,101,0.01,0.0001,18,126,0.49379252961703707,0.6408399343490601,3.6613879203796387,0.0098245592213661,3.642296075820923,14,4,False,False,False
EXP-T096,primary,2,101,0.01,0.0001,19,133,0.581940906388419,0.6397322118282318,3.6583704948425293,0.009803453744100868,3.642296075820923,14,5,False,False,False
EXP-T096,primary,2,101,0.01,0.0001,20,140,0.49850040354899,0.6398664116859436,3.658755302429199,0.009781175423251734,3.642296075820923,14,6,False,False,False
EXP-T096,primary,2,101,0.01,0.0001,21,147,0.49739483477813856,0.6388548910617828,3.655688762664795,0.009757729755661011,3.642296075820923,14,7,False,False,False
EXP-T096,primary,2,101,0.01,0.0001,22,154,0.49691612433109966,0.6385761797428131,3.6547656059265137,0.009733122526196349,3.642296075820923,14,8,False,False,False
EXP-T096,primary,2,101,0.01,0.0001,23,161,0.5037208635892186,0.6371448636054993,3.649179458618164,0.009707359806323416,3.642296075820923,14,9,False,False,False
EXP-T096,primary,2,101,0.01,0.0001,24,168,0.4885719574189612,0.6361514031887054,3.6436972618103027,0.009680447952607845,3.642296075820923,14,10,False,False,False
EXP-T096,primary,2,101,0.01,0.0001,25,175,0.5725568745817456,0.635684996843338,3.639942169189453,0.009652393605146845,3.639942169189453,25,0,True,False,False
EXP-T096,primary,2,101,0.01,0.0001,26,182,0.6202108136245182,0.6358534693717957,3.6414666175842285,0.00962320368593087,3.639942169189453,25,1,False,False,False
EXP-T096,primary,2,101,0.01,0.0001,27,189,0.5418131266321454,0.6355482637882233,3.6384568214416504,0.009592885397135707,3.6384568214416504,27,0,True,False,False
EXP-T096,primary,2,101,0.01,0.0001,28,196,0.5400731755154473,0.6355940103530884,3.6389880180358887,0.009561446219345454,3.6384568214416504,27,1,False,False,False
EXP-T096,primary,2,101,0.01,0.0001,29,203,0.5086678330387387,0.6353691220283508,3.635758876800537,0.009528893909706798,3.635758876800537,29,0,True,False,False
EXP-T096,primary,2,101,0.01,0.0001,30,210,0.5444978986467633,0.6352731585502625,3.632622718811035,0.009495236500015047,3.632622718811035,30,0,True,False,False
EXP-T096,primary,2,101,0.01,0.0001,31,217,0.5013947657176426,0.6353187561035156,3.6345763206481934,0.00946048229473242,3.632622718811035,30,1,False,False,False
EXP-T096,primary,2,101,0.01,0.0001,32,224,0.6207911372184753,0.6354836821556091,3.6376280784606934,0.009424639868939034,3.632622718811035,30,2,False,False,False
EXP-T096,primary,2,101,0.01,0.0001,33,231,0.6492774571691241,0.6360980868339539,3.643329620361328,0.009387718066217124,3.632622718811035,30,3,False,False,False
EXP-T096,primary,2,101,0.01,0.0001,34,238,0.6624428800174168,0.6373108625411987,3.64992618560791,0.009349725996469048,3.632622718811035,30,4,False,False,False
EXP-T096,primary,2,101,0.01,0.0001,35,245,0.5651969909667969,0.6385951638221741,3.654829502105713,0.00931067303366952,3.632622718811035,30,5,False,False,False
EXP-T096,primary,2,101,0.01,0.0001,36,252,0.6264047111783709,0.6375399827957153,3.6509037017822266,0.009270568813552756,3.632622718811035,30,6,False,False,False
EXP-T096,primary,2,101,0.01,0.0001,37,259,0.501793198287487,0.6363983154296875,3.645270824432373,0.009229423231234974,3.632622718811035,30,7,False,False,False
EXP-T096,primary,2,101,0.01,0.0001,38,266,0.6500654986926487,0.6358396708965302,3.641350746154785,0.009187246438772938,3.632622718811035,30,8,False,False,False
EXP-T096,primary,2,101,0.01,0.0001,39,273,0.6195906826428005,0.6358000040054321,3.64100980758667,0.009144048842659082,3.632622718811035,30,9,False,False,False
EXP-T096,primary,2,101,0.01,0.0001,40,280,0.666990224804197,0.6355599761009216,3.638597011566162,0.009099841101253866,3.632622718811035,30,10,False,False,False
EXP-T096,primary,2,101,0.01,0.0001,41,287,0.6031269771712167,0.6356430351734161,3.6395163536071777,0.00905463412215599,3.632622718811035,30,11,False,False,False
EXP-T096,primary,2,101,0.01,0.0001,42,294,0.538885269846235,0.6354197263717651,3.636671543121338,0.0090084390595111,3.632622718811035,30,12,False,False,False
EXP-T096,primary,2,101,0.01,0.0001,43,301,0.49387821768011364,0.635267972946167,3.631840229034424,0.008961267311259666,3.631840229034424,43,0,True,False,False
EXP-T096,primary,2,101,0.01,0.0001,44,308,0.5452771399702344,0.6352688074111938,3.6320877075195312,0.008913130516324731,3.631840229034424,43,1,False,False,False
EXP-T096,primary,2,101,0.01,0.0001,45,315,0.5374140015670231,0.635304868221283,3.634152412414551,0.008864040551740157,3.631840229034424,43,2,False,False,False
EXP-T096,primary,2,101,0.01,0.0001,46,322,0.4911276155284473,0.6352690756320953,3.6321377754211426,0.008814009529720154,3.631840229034424,43,3,False,False,False
EXP-T096,primary,2,101,0.01,0.0001,47,329,0.490615913644433,0.6352702379226685,3.6310744285583496,0.008763049794670776,3.6310744285583496,47,0,True,False,False
EXP-T096,primary,2,101,0.01,0.0001,48,336,0.48810489115671124,0.6352829337120056,3.630128860473633,0.008711173920144118,3.630128860473633,48,0,True,False,False
EXP-T096,primary,2,101,0.01,0.0001,49,343,0.6765948619161334,0.6352993845939636,3.6294302940368652,0.008658394705735987,3.6294302940368652,49,0,True,False,False
EXP-T096,primary,2,101,0.01,0.0001,50,350,0.5477516906602042,0.6353722214698792,3.627572536468506,0.008604725173927784,3.627572536468506,50,0,True,False,False
EXP-T096,primary,2,101,0.01,0.0001,51,357,0.5620099476405552,0.6352750062942505,3.630617618560791,0.00855017856687341,3.627572536468506,50,1,False,False,False
EXP-T096,primary,2,101,0.01,0.0001,52,364,0.512818232178688,0.6353309154510498,3.6349024772644043,0.008494768343131955,3.627572536468506,50,2,False,False,False
EXP-T096,primary,2,101,0.01,0.0001,53,371,0.5095474741288594,0.6356301009654999,3.639380931854248,0.00843850817434701,3.627572536468506,50,3,False,False,False
EXP-T096,primary,2,101,0.01,0.0001,54,378,0.6820355696337563,0.6357828080654144,3.6408581733703613,0.008381411941873378,3.627572536468506,50,4,False,False,False
EXP-T096,primary,2,101,0.01,0.0001,55,385,0.5396220939499992,0.6360983550548553,3.643331527709961,0.008323493733352076,3.627572536468506,50,5,False,False,False
EXP-T096,primary,2,101,0.01,0.0001,56,392,0.5378177378858838,0.6367737054824829,3.6473631858825684,0.008264767839234409,3.627572536468506,50,6,False,False,False
EXP-T096,primary,2,101,0.01,0.0001,57,399,0.6770679822989872,0.6376839876174927,3.6514902114868164,0.008205248749256015,3.627572536468506,50,7,False,False,False
EXP-T096,primary,2,101,0.01,0.0001,58,406,0.6270007405962262,0.6384780704975128,3.654430866241455,0.008144951148861742,3.627572536468506,50,8,False,False,False
EXP-T096,primary,2,101,0.01,0.0001,59,413,0.5046651150499072,0.6378538310527802,3.652158737182617,0.008083889915582234,3.627572536468506,50,9,False,False,False
EXP-T096,primary,2,101,0.01,0.0001,60,420,0.6243688123566764,0.6369727551937103,3.648365020751953,0.008022080115363126,3.627572536468506,50,10,False,False,False
EXP-T096,primary,2,101,0.01,0.0001,61,427,0.5088275820016861,0.6362448632717133,3.6443161964416504,0.007959536998847744,3.627572536468506,50,11,False,False,False
EXP-T096,primary,2,101,0.01,0.0001,62,434,0.6209063189370292,0.6360962688922882,3.6433162689208984,0.00789627599761423,3.627572536468506,50,12,False,False,False
EXP-T096,primary,2,101,0.01,0.0001,63,441,0.5560223289898464,0.6356338262557983,3.6394200325012207,0.007832312720368047,3.627572536468506,50,13,False,False,False
EXP-T096,primary,2,101,0.01,0.0001,64,448,0.5220870333058494,0.6353378295898438,3.6350746154785156,0.007767662949090753,3.627572536468506,50,14,False,False,False
EXP-T096,primary,2,101,0.01,0.0001,65,455,0.4964721298643521,0.6352853178977966,3.6300082206726074,0.007702342635146034,3.627572536468506,50,15,False,False,False
EXP-T096,primary,2,101,0.01,0.0001,66,462,0.4903923791966268,0.6354511082172394,3.6262307167053223,0.007636367895343947,3.6262307167053223,66,0,True,False,False
EXP-T096,primary,2,101,0.01,0.0001,67,469,0.4902172848316176,0.6355314552783966,3.6251416206359863,0.007569755007964339,3.6251416206359863,67,0,True,False,False
EXP-T096,primary,2,101,0.01,0.0001,68,476,0.5644065311976841,0.6356774568557739,3.6264748573303223,0.007502520408740419,3.6251416206359863,67,1,False,False,False
EXP-T096,primary,2,101,0.01,0.0001,69,483,0.4956532455980778,0.636005312204361,3.6292672157287598,0.007434680686803491,3.6251416206359863,67,2,False,False,False
EXP-T096,primary,2,101,0.01,0.0001,70,490,0.5474471747875214,0.6362047493457794,3.6306610107421875,0.0073662525805898394,3.6251416206359863,67,3,False,False,False
EXP-T096,primary,2,101,0.01,0.0001,71,497,0.6320620136601585,0.6363978385925293,3.6318750381469727,0.007297252973710758,3.6251416206359863,67,4,False,False,False
EXP-T096,primary,2,101,0.01,0.0001,72,504,0.5076895781925747,0.6360100507736206,3.629302978515625,0.00722769889078678,3.6251416206359863,67,5,False,False,False
EXP-T096,primary,2,101,0.01,0.0001,73,511,0.5498052452291761,0.6355409026145935,3.6250252723693848,0.0071576074932471105,3.6250252723693848,73,0,True,False,False
EXP-T096,primary,2,101,0.01,0.0001,74,518,0.4884131726742323,0.6352859735488892,3.6299777030944824,0.00708699607509529,3.6250252723693848,73,1,False,False,False
EXP-T096,primary,2,101,0.01,0.0001,75,525,0.48790862606672036,0.6352687776088715,3.632089138031006,0.007015882058642164,3.6250252723693848,73,2,False,False,False
EXP-T096,primary,2,101,0.01,0.0001,76,532,0.6856087957109723,0.6352863311767578,3.633431911468506,0.006944282990207195,3.6250252723693848,73,3,False,False,False
EXP-T096,primary,2,101,0.01,0.0001,77,539,0.5425038976328713,0.6354711055755615,3.6374526023864746,0.006872216535789157,3.6250252723693848,73,4,False,False,False
EXP-T096,primary,2,101,0.01,0.0001,78,546,0.6034202405384609,0.635789155960083,3.6409144401550293,0.006799700476707324,3.6250252723693848,73,5,False,False,False
EXP-T096,primary,2,101,0.01,0.0001,79,553,0.5103241865124021,0.6356976628303528,3.640066623687744,0.006726752705214194,3.6250252723693848,73,6,False,False,False
EXP-T096,primary,2,101,0.01,0.0001,80,560,0.5549829687391009,0.6354592144489288,3.6372814178466797,0.0066533912200808405,3.6250252723693848,73,7,False,False,False
EXP-T096,primary,2,101,0.01,0.0001,81,567,0.4932402952441147,0.63530433177948,3.63413667678833,0.006579634122155991,3.6250252723693848,73,8,False,False,False
EXP-T096,primary,2,101,0.01,0.0001,82,574,0.4974486551114491,0.6352904140949249,3.633613109588623,0.006505499609899906,3.6250252723693848,73,9,False,False,False
EXP-T096,primary,2,101,0.01,0.0001,83,581,0.5922849306038448,0.6352699398994446,3.63228178024292,0.006431005974894186,3.6250252723693848,73,10,False,False,False
EXP-T096,primary,2,101,0.01,0.0001,84,588,0.49082884431949686,0.6352957189083099,3.6338272094726562,0.006356171597328596,3.6250252723693848,73,11,False,False,False
EXP-T096,primary,2,101,0.01,0.0001,85,595,0.507985247032983,0.6353056728839874,3.6341795921325684,0.0062810149414660316,3.6250252723693848,73,12,False,False,False
EXP-T096,primary,2,101,0.01,0.0001,86,602,0.4972708576491901,0.6352719366550446,3.6325111389160156,0.006205554551086733,3.6250252723693848,73,13,False,False,False
EXP-T096,primary,2,101,0.01,0.0001,87,609,0.4967934734054974,0.6352709233760834,3.630990982055664,0.006129809044912888,3.6250252723693848,73,14,False,False,False
EXP-T096,primary,2,101,0.01,0.0001,88,616,0.7499906633581434,0.6352871954441071,3.629920482635498,0.006053797112014738,3.6250252723693848,73,15,False,False,False
EXP-T096,primary,2,101,0.01,0.0001,89,623,0.5519061301435743,0.6352691054344177,3.6312384605407715,0.005977537507199339,3.6250252723693848,73,16,False,False,False
EXP-T096,primary,2,101,0.01,0.0001,90,630,0.5026961884328297,0.6352766752243042,3.6304988861083984,0.005901049046383077,3.6250252723693848,73,17,False,False,False
EXP-T096,primary,2,101,0.01,0.0001,91,637,0.529708240713392,0.635267972946167,3.631807804107666,0.005824350601949144,3.6250252723693848,73,18,False,False,False
EXP-T096,primary,2,101,0.01,0.0001,92,644,0.4881267972689654,0.6353171169757843,3.6345291137695312,0.005747461098091036,3.6250252723693848,73,19,False,False,False
EXP-T096,primary,2,101,0.01,0.0001,93,651,0.6166093477181026,0.6353578567504883,3.635526180267334,0.005670399506143308,3.6250252723693848,73,20,False,False,False
EXP-T096,primary,2,101,0.01,0.0001,94,658,0.5440457122666496,0.6353113651275635,3.6343603134155273,0.005593184839900675,3.6250252723693848,73,21,False,False,False
EXP-T096,primary,2,101,0.01,0.0001,95,665,0.5902224864278521,0.6353719234466553,3.6358156204223633,0.005515836150926647,3.6250252723693848,73,22,False,False,False
EXP-T096,primary,2,101,0.01,0.0001,96,672,0.5417422481945583,0.6355635821819305,3.638639450073242,0.005438372523852834,3.6250252723693848,73,23,False,False,False
EXP-T096,primary,2,101,0.01,0.0001,97,679,0.6032658687659672,0.635967344045639,3.642374038696289,0.005360813071670102,3.6250252723693848,73,24,False,False,False
EXP-T096,primary,2,101,0.01,0.0001,98,686,0.4928075953253678,0.6363205909729004,3.6447958946228027,0.005283176931012732,3.6250252723693848,73,25,False,False,False
EXP-T096,primary,2,101,0.01,0.0001,99,693,0.6013894549437931,0.6364185810089111,3.6453919410705566,0.0052054832574367355,3.6250252723693848,73,26,False,False,False
EXP-T096,primary,2,101,0.01,0.0001,100,700,0.4885014135756397,0.6367136240005493,3.647047996520996,0.005127751220693514,3.6250252723693848,73,27,False,False,False
EXP-T096,primary,2,101,0.01,0.0001,101,707,0.4979517523731504,0.6368119716644287,3.6475610733032227,0.005050000000000001,3.6250252723693848,73,28,False,False,False
EXP-T096,primary,2,101,0.01,0.0001,102,714,0.6232116988727024,0.6368634402751923,3.6478233337402344,0.004972248779306489,3.6250252723693848,73,29,False,False,False
EXP-T096,primary,2,101,0.01,0.0001,103,721,0.5085196409906659,0.6366352438926697,3.646625518798828,0.004894516742563266,3.6250252723693848,73,30,False,True,False
EXP-T096,primary,3,101,1e-05,1.0000000000000001e-07,1,7,0.5733404968466077,0.5235732048749924,3.2201342582702637,1e-05,3.2201342582702637,1,0,True,False,False
EXP-T096,primary,3,101,1e-05,1.0000000000000001e-07,2,14,0.6056223809719086,0.5238433182239532,3.222426176071167,9.99938933078422e-06,3.2201342582702637,1,1,False,False,False
EXP-T096,primary,3,101,1e-05,1.0000000000000001e-07,3,21,0.6094977004187447,0.5242955386638641,3.2254247665405273,9.997557473810373e-06,3.2201342582702637,1,2,False,False,False
EXP-T096,primary,3,101,1e-05,1.0000000000000001e-07,4,28,0.6732879834515708,0.5246549099683762,3.2274129390716553,9.994504881061752e-06,3.2201342582702637,1,3,False,False,False
EXP-T096,primary,3,101,1e-05,1.0000000000000001e-07,5,35,0.629640770809991,0.5252997130155563,3.230461359024048,9.990232305719944e-06,3.2201342582702637,1,4,False,False,False
EXP-T096,primary,3,101,1e-05,1.0000000000000001e-07,6,42,0.5490571175302777,0.5256577730178833,3.2319416999816895,9.984740801978984e-06,3.2201342582702637,1,5,False,False,False
EXP-T096,primary,3,101,1e-05,1.0000000000000001e-07,7,49,0.5716878346034459,0.5261869877576828,3.233964204788208,9.978031724785247e-06,3.2201342582702637,1,6,False,False,False
EXP-T096,primary,3,101,1e-05,1.0000000000000001e-07,8,56,0.6932178480284554,0.52663654088974,3.2355499267578125,9.97010672950314e-06,3.2201342582702637,1,7,False,False,False
EXP-T096,primary,3,101,1e-05,1.0000000000000001e-07,9,63,0.5630811878613063,0.5275846868753433,3.2386186122894287,9.960967771506666e-06,3.2201342582702637,1,8,False,False,False
EXP-T096,primary,3,101,1e-05,1.0000000000000001e-07,10,70,0.6245851772172111,0.5284018814563751,3.241013765335083,9.950617105696961e-06,3.2201342582702637,1,9,False,False,False
EXP-T096,primary,3,101,1e-05,1.0000000000000001e-07,11,77,0.7594827498708453,0.5285591632127762,3.2414355278015137,9.939057285945933e-06,3.2201342582702637,1,10,False,False,False
EXP-T096,primary,3,101,1e-05,1.0000000000000001e-07,12,84,0.5374584836619241,0.5286787450313568,3.2417354583740234,9.926291164466131e-06,3.2201342582702637,1,11,False,False,False
EXP-T096,primary,3,101,1e-05,1.0000000000000001e-07,13,91,0.5903693522725787,0.5288209021091461,3.2423059940338135,9.91232189110701e-06,3.2201342582702637,1,12,False,False,False
EXP-T096,primary,3,101,1e-05,1.0000000000000001e-07,14,98,0.6413811530385699,0.5291018486022949,3.243842601776123,9.897152912577742e-06,3.2201342582702637,1,13,False,False,False
EXP-T096,primary,3,101,1e-05,1.0000000000000001e-07,15,105,0.5025926865637302,0.5296435207128525,3.2466723918914795,9.8807879715968e-06,3.2201342582702637,1,14,False,False,False
EXP-T096,primary,3,101,1e-05,1.0000000000000001e-07,16,112,0.7121647213186536,0.5300855934619904,3.248882293701172,9.8632311059685e-06,3.2201342582702637,1,15,False,False,False
EXP-T096,primary,3,101,1e-05,1.0000000000000001e-07,17,119,0.5727267095020839,0.5302648544311523,3.24975848197937,9.844486647586724e-06,3.2201342582702637,1,16,False,False,False
EXP-T096,primary,3,101,1e-05,1.0000000000000001e-07,18,126,0.5111659467220306,0.5307067930698395,3.25187349319458,9.824559221366101e-06,3.2201342582702637,1,17,False,False,False
EXP-T096,primary,3,101,1e-05,1.0000000000000001e-07,19,133,0.6616692798478263,0.5308928489685059,3.252742290496826,9.803453744100868e-06,3.2201342582702637,1,18,False,False,False
EXP-T096,primary,3,101,1e-05,1.0000000000000001e-07,20,140,0.5737192545618329,0.5308420360088348,3.25250244140625,9.781175423251734e-06,3.2201342582702637,1,19,False,False,False
EXP-T096,primary,3,101,1e-05,1.0000000000000001e-07,21,147,0.5415397328989846,0.5310993045568466,3.2536916732788086,9.757729755661012e-06,3.2201342582702637,1,20,False,False,False
EXP-T096,primary,3,101,1e-05,1.0000000000000001e-07,22,154,0.5649646861212594,0.5317897796630859,3.2567903995513916,9.73312252619635e-06,3.2201342582702637,1,21,False,False,False
EXP-T096,primary,3,101,1e-05,1.0000000000000001e-07,23,161,0.6258788364274162,0.5324954390525818,3.2598354816436768,9.707359806323418e-06,3.2201342582702637,1,22,False,False,False
EXP-T096,primary,3,101,1e-05,1.0000000000000001e-07,24,168,0.6384014316967556,0.5322611331939697,3.258850574493408,9.680447952607845e-06,3.2201342582702637,1,23,False,False,False
EXP-T096,primary,3,101,1e-05,1.0000000000000001e-07,25,175,0.620536629642759,0.5317708253860474,3.256739616394043,9.652393605146845e-06,3.2201342582702637,1,24,False,False,False
EXP-T096,primary,3,101,1e-05,1.0000000000000001e-07,26,182,0.5373769274779728,0.5317434966564178,3.256629228591919,9.62320368593087e-06,3.2201342582702637,1,25,False,False,False
EXP-T096,primary,3,101,1e-05,1.0000000000000001e-07,27,189,0.5173132398298809,0.5311814248561859,3.2541234493255615,9.592885397135707e-06,3.2201342582702637,1,26,False,False,False
EXP-T096,primary,3,101,1e-05,1.0000000000000001e-07,28,196,0.5006888684168059,0.5305487513542175,3.251192331314087,9.561446219345455e-06,3.2201342582702637,1,27,False,False,False
EXP-T096,primary,3,101,1e-05,1.0000000000000001e-07,29,203,0.5827177124364036,0.5302615165710449,3.2498281002044678,9.528893909706798e-06,3.2201342582702637,1,28,False,False,False
EXP-T096,primary,3,101,1e-05,1.0000000000000001e-07,30,210,0.5543576436383384,0.5302157402038574,3.2496261596679688,9.495236500015048e-06,3.2201342582702637,1,29,False,False,False
EXP-T096,primary,3,101,1e-05,1.0000000000000001e-07,31,217,0.5581748017242977,0.5304603278636932,3.2508132457733154,9.460482294732422e-06,3.2201342582702637,1,30,False,True,False
EXP-T096,primary,3,101,0.0001,1.0000000000000002e-06,1,7,0.5686729976109096,0.5386053025722504,3.2825632095336914,0.0001,3.2825632095336914,1,0,True,False,False
EXP-T096,primary,3,101,0.0001,1.0000000000000002e-06,2,14,0.5811293167727334,0.5382224470376968,3.2810890674591064,9.99938933078422e-05,3.2810890674591064,2,0,True,False,False
EXP-T096,primary,3,101,0.0001,1.0000000000000002e-06,3,21,0.5644472454275403,0.5440007150173187,3.2986888885498047,9.997557473810373e-05,3.2810890674591064,2,1,False,False,False
EXP-T096,primary,3,101,0.0001,1.0000000000000002e-06,4,28,0.6907326238495963,0.539685532450676,3.285569190979004,9.994504881061753e-05,3.2810890674591064,2,2,False,False,False
EXP-T096,primary,3,101,0.0001,1.0000000000000002e-06,5,35,0.601464182138443,0.5401275604963303,3.2867023944854736,9.990232305719945e-05,3.2810890674591064,2,3,False,False,False
EXP-T096,primary,3,101,0.0001,1.0000000000000002e-06,6,42,0.5603697299957275,0.5360861420631409,3.2731728553771973,9.984740801978984e-05,3.2731728553771973,6,0,True,False,False
EXP-T096,primary,3,101,0.0001,1.0000000000000002e-06,7,49,0.5661441513470241,0.5340190976858139,3.2654669284820557,9.978031724785247e-05,3.2654669284820557,7,0,True,False,False
EXP-T096,primary,3,101,0.0001,1.0000000000000002e-06,8,56,0.7031529375485012,0.5281889736652374,3.239717721939087,9.97010672950314e-05,3.239717721939087,8,0,True,False,False
EXP-T096,primary,3,101,0.0001,1.0000000000000002e-06,9,63,0.5524108963353294,0.5307633578777313,3.2520649433135986,9.960967771506667e-05,3.239717721939087,8,1,False,False,False
EXP-T096,primary,3,101,0.0001,1.0000000000000002e-06,10,70,0.6286187214510781,0.5320168137550354,3.257350444793701,9.95061710569696e-05,3.239717721939087,8,2,False,False,False
EXP-T096,primary,3,101,0.0001,1.0000000000000002e-06,11,77,0.7561227381229401,0.5278110951185226,3.238036870956421,9.939057285945933e-05,3.238036870956421,11,0,True,False,False
EXP-T096,primary,3,101,0.0001,1.0000000000000002e-06,12,84,0.5075515923755509,0.5261834561824799,3.2316575050354004,9.926291164466132e-05,3.2316575050354004,12,0,True,False,False
EXP-T096,primary,3,101,0.0001,1.0000000000000002e-06,13,91,0.6294631745134082,0.5254752933979034,3.2292630672454834,9.91232189110701e-05,3.2292630672454834,13,0,True,False,False
EXP-T096,primary,3,101,0.0001,1.0000000000000002e-06,14,98,0.6057679227420262,0.5266517102718353,3.23268985748291,9.897152912577741e-05,3.2292630672454834,13,1,False,False,False
EXP-T096,primary,3,101,0.0001,1.0000000000000002e-06,15,105,0.5130798071622849,0.5329064875841141,3.2609684467315674,9.8807879715968e-05,3.2292630672454834,13,2,False,False,False
EXP-T096,primary,3,101,0.0001,1.0000000000000002e-06,16,112,0.7196624023573739,0.5362522304058075,3.2729287147521973,9.8632311059685e-05,3.2292630672454834,13,3,False,False,False
EXP-T096,primary,3,101,0.0001,1.0000000000000002e-06,17,119,0.6133268560682025,0.5315454304218292,3.2555928230285645,9.844486647586725e-05,3.2292630672454834,13,4,False,False,False
EXP-T096,primary,3,101,0.0001,1.0000000000000002e-06,18,126,0.5234903799636024,0.5324365198612213,3.259197235107422,9.824559221366101e-05,3.2292630672454834,13,5,False,False,False
EXP-T096,primary,3,101,0.0001,1.0000000000000002e-06,19,133,0.6507717030388969,0.5294744223356247,3.2469639778137207,9.803453744100869e-05,3.2292630672454834,13,6,False,False,False
EXP-T096,primary,3,101,0.0001,1.0000000000000002e-06,20,140,0.5766140179974693,0.5256540179252625,3.2286365032196045,9.781175423251735e-05,3.2286365032196045,20,0,True,False,False
EXP-T096,primary,3,101,0.0001,1.0000000000000002e-06,21,147,0.5382047636168343,0.5260075777769089,3.2299647331237793,9.757729755661011e-05,3.2286365032196045,20,1,False,False,False
EXP-T096,primary,3,101,0.0001,1.0000000000000002e-06,22,154,0.5785025358200073,0.5326574146747589,3.2598378658294678,9.73312252619635e-05,3.2286365032196045,20,2,False,False,False
EXP-T096,primary,3,101,0.0001,1.0000000000000002e-06,23,161,0.6248822382518223,0.5387174934148788,3.280226707458496,9.707359806323417e-05,3.2286365032196045,20,3,False,False,False
EXP-T096,primary,3,101,0.0001,1.0000000000000002e-06,24,168,0.6198769594941821,0.532638892531395,3.259796380996704,9.680447952607845e-05,3.2286365032196045,20,4,False,False,False
EXP-T096,primary,3,101,0.0001,1.0000000000000002e-06,25,175,0.6123747570174081,0.5255580991506577,3.228188991546631,9.652393605146844e-05,3.228188991546631,25,0,True,False,False
EXP-T096,primary,3,101,0.0001,1.0000000000000002e-06,26,182,0.532426023057529,0.5248451679944992,3.2249064445495605,9.623203685930869e-05,3.2249064445495605,26,0,True,False,False
EXP-T096,primary,3,101,0.0001,1.0000000000000002e-06,27,189,0.5093535323228154,0.5221920311450958,3.2156145572662354,9.592885397135707e-05,3.2156145572662354,27,0,True,False,False
EXP-T096,primary,3,101,0.0001,1.0000000000000002e-06,28,196,0.505725542881659,0.5220065712928772,3.214853048324585,9.561446219345454e-05,3.214853048324585,28,0,True,False,False
EXP-T096,primary,3,101,0.0001,1.0000000000000002e-06,29,203,0.5498415316854205,0.5278250277042389,3.2401463985443115,9.528893909706797e-05,3.214853048324585,28,1,False,False,False
EXP-T096,primary,3,101,0.0001,1.0000000000000002e-06,30,210,0.5250559534345355,0.5338757485151291,3.2639055252075195,9.495236500015047e-05,3.214853048324585,28,2,False,False,False
EXP-T096,primary,3,101,0.0001,1.0000000000000002e-06,31,217,0.5640939942428044,0.5369834303855896,3.2738547325134277,9.460482294732421e-05,3.214853048324585,28,3,False,False,False
EXP-T096,primary,3,101,0.0001,1.0000000000000002e-06,32,224,0.48558054704751286,0.5328928530216217,3.260143280029297,9.424639868939033e-05,3.214853048324585,28,4,False,False,False
EXP-T096,primary,3,101,0.0001,1.0000000000000002e-06,33,231,0.5000075697898865,0.5351846516132355,3.267732858657837,9.387718066217124e-05,3.214853048324585,28,5,False,False,False
EXP-T096,primary,3,101,0.0001,1.0000000000000002e-06,34,238,0.5569138058594295,0.5298688262701035,3.248572826385498,9.349725996469047e-05,3.214853048324585,28,6,False,False,False
EXP-T096,primary,3,101,0.0001,1.0000000000000002e-06,35,245,0.624683426959174,0.5287383049726486,3.2440290451049805,9.310673033669521e-05,3.214853048324585,28,7,False,False,False
EXP-T096,primary,3,101,0.0001,1.0000000000000002e-06,36,252,0.6926917859486171,0.5257260203361511,3.230708122253418,9.270568813552756e-05,3.214853048324585,28,8,False,False,False
EXP-T096,primary,3,101,0.0001,1.0000000000000002e-06,37,259,0.5877103677817753,0.5277446359395981,3.2399168014526367,9.229423231234974e-05,3.214853048324585,28,9,False,False,False
EXP-T096,primary,3,101,0.0001,1.0000000000000002e-06,38,266,0.5525533642087664,0.5285372585058212,3.2432751655578613,9.187246438772939e-05,3.214853048324585,28,10,False,False,False
EXP-T096,primary,3,101,0.0001,1.0000000000000002e-06,39,273,0.5265120374304908,0.5270558297634125,3.2371737957000732,9.14404884265908e-05,3.214853048324585,28,11,False,False,False
EXP-T096,primary,3,101,0.0001,1.0000000000000002e-06,40,280,0.562261951821191,0.5281939804553986,3.2419540882110596,9.099841101253866e-05,3.214853048324585,28,12,False,False,False
EXP-T096,primary,3,101,0.0001,1.0000000000000002e-06,41,287,0.6315070561000279,0.5317548364400864,3.255199909210205,9.05463412215599e-05,3.214853048324585,28,13,False,False,False
EXP-T096,primary,3,101,0.0001,1.0000000000000002e-06,42,294,0.5922622467790332,0.5243447124958038,3.225648880004883,9.0084390595111e-05,3.214853048324585,28,14,False,False,False
EXP-T096,primary,3,101,0.0001,1.0000000000000002e-06,43,301,0.560377163546426,0.5229392200708389,3.218883752822876,8.961267311259666e-05,3.214853048324585,28,15,False,False,False
EXP-T096,primary,3,101,0.0001,1.0000000000000002e-06,44,308,0.4961465299129486,0.5206742435693741,3.206805467605591,8.913130516324733e-05,3.206805467605591,44,0,True,False,False
EXP-T096,primary,3,101,0.0001,1.0000000000000002e-06,45,315,0.6551095119544438,0.5213042795658112,3.2106401920318604,8.864040551740158e-05,3.206805467605591,44,1,False,False,False
EXP-T096,primary,3,101,0.0001,1.0000000000000002e-06,46,322,0.542998901435307,0.5249795913696289,3.2291855812072754,8.814009529720155e-05,3.206805467605591,44,2,False,False,False
EXP-T096,primary,3,101,0.0001,1.0000000000000002e-06,47,329,0.5428882581847054,0.5305426269769669,3.250218629837036,8.763049794670775e-05,3.206805467605591,44,3,False,False,False
EXP-T096,primary,3,101,0.0001,1.0000000000000002e-06,48,336,0.5436569409711021,0.5272767543792725,3.2385101318359375,8.711173920144117e-05,3.206805467605591,44,4,False,False,False
EXP-T096,primary,3,101,0.0001,1.0000000000000002e-06,49,343,0.6200528315135411,0.5291267931461334,3.2449772357940674,8.658394705735987e-05,3.206805467605591,44,5,False,False,False
EXP-T096,primary,3,101,0.0001,1.0000000000000002e-06,50,350,0.5419993783746447,0.5289251506328583,3.2440381050109863,8.604725173927785e-05,3.206805467605591,44,6,False,False,False
EXP-T096,primary,3,101,0.0001,1.0000000000000002e-06,51,357,0.5507308372429439,0.5279033482074738,3.240325689315796,8.55017856687341e-05,3.206805467605591,44,7,False,False,False
EXP-T096,primary,3,101,0.0001,1.0000000000000002e-06,52,364,0.6185386819498879,0.5278244763612747,3.239764451980591,8.494768343131955e-05,3.206805467605591,44,8,False,False,False
EXP-T096,primary,3,101,0.0001,1.0000000000000002e-06,53,371,0.4988179760319846,0.5221339017152786,3.218425989151001,8.438508174347009e-05,3.206805467605591,44,9,False,False,False
EXP-T096,primary,3,101,0.0001,1.0000000000000002e-06,54,378,0.5946999617985317,0.5202519744634628,3.2105979919433594,8.381411941873378e-05,3.206805467605591,44,10,False,False,False
EXP-T096,primary,3,101,0.0001,1.0000000000000002e-06,55,385,0.4944775125810078,0.5183587074279785,3.202319383621216,8.323493733352077e-05,3.202319383621216,55,0,True,False,False
EXP-T096,primary,3,101,0.0001,1.0000000000000002e-06,56,392,0.5900783240795135,0.5175487399101257,3.1990809440612793,8.26476783923441e-05,3.1990809440612793,56,0,True,False,False
EXP-T096,primary,3,101,0.0001,1.0000000000000002e-06,57,399,0.6263107231685093,0.5202867239713669,3.2108306884765625,8.205248749256015e-05,3.1990809440612793,56,1,False,False,False
EXP-T096,primary,3,101,0.0001,1.0000000000000002e-06,58,406,0.5069629560623851,0.5194654166698456,3.207448959350586,8.144951148861742e-05,3.1990809440612793,56,2,False,False,False
EXP-T096,primary,3,101,0.0001,1.0000000000000002e-06,59,413,0.6047629373414176,0.5168706029653549,3.197082042694092,8.083889915582235e-05,3.197082042694092,59,0,True,False,False
EXP-T096,primary,3,101,0.0001,1.0000000000000002e-06,60,420,0.5859765963894981,0.518330454826355,3.2022297382354736,8.022080115363127e-05,3.197082042694092,59,1,False,False,False
EXP-T096,primary,3,101,0.0001,1.0000000000000002e-06,61,427,0.5755684077739716,0.5235832184553146,3.217531442642212,7.959536998847744e-05,3.197082042694092,59,2,False,False,False
EXP-T096,primary,3,101,0.0001,1.0000000000000002e-06,62,434,0.587668137890952,0.5353870093822479,3.272228240966797,7.89627599761423e-05,3.197082042694092,59,3,False,False,False
EXP-T096,primary,3,101,0.0001,1.0000000000000002e-06,63,441,0.5549238920211792,0.5329159796237946,3.258957862854004,7.832312720368048e-05,3.197082042694092,59,4,False,False,False
EXP-T096,primary,3,101,0.0001,1.0000000000000002e-06,64,448,0.5121049923556191,0.5225222855806351,3.2095859050750732,7.767662949090753e-05,3.197082042694092,59,5,False,False,False
EXP-T096,primary,3,101,0.0001,1.0000000000000002e-06,65,455,0.5259539442402976,0.512884259223938,3.1744015216827393,7.702342635146033e-05,3.1744015216827393,65,0,True,False,False
EXP-T096,primary,3,101,0.0001,1.0000000000000002e-06,66,462,0.6273396994386401,0.5091123580932617,3.158421516418457,7.636367895343946e-05,3.158421516418457,66,0,True,False,False
EXP-T096,primary,3,101,0.0001,1.0000000000000002e-06,67,469,0.5238130433218819,0.508585661649704,3.151552677154541,7.569755007964338e-05,3.151552677154541,67,0,True,False,False
EXP-T096,primary,3,101,0.0001,1.0000000000000002e-06,68,476,0.5276244751044682,0.5004893243312836,3.120953321456909,7.502520408740418e-05,3.120953321456909,68,0,True,False,False
EXP-T096,primary,3,101,0.0001,1.0000000000000002e-06,69,483,0.552652473960604,0.5011006295681,3.116826057434082,7.43468068680349e-05,3.116826057434082,69,0,True,False,False
EXP-T096,primary,3,101,0.0001,1.0000000000000002e-06,70,490,0.49858595217977253,0.5006464123725891,3.113358974456787,7.366252580589839e-05,3.113358974456787,70,0,True,False,False
EXP-T096,primary,3,101,0.0001,1.0000000000000002e-06,71,497,0.5573027687413352,0.4934307336807251,3.084970235824585,7.297252973710757e-05,3.084970235824585,71,0,True,False,False
EXP-T096,primary,3,101,0.0001,1.0000000000000002e-06,72,504,0.47617797766413006,0.48050931096076965,3.0293612480163574,7.22769889078678e-05,3.0293612480163574,72,0,True,False,False
EXP-T096,primary,3,101,0.0001,1.0000000000000002e-06,73,511,0.5030852045331683,0.4791276156902313,3.025813579559326,7.15760749324711e-05,3.025813579559326,73,0,True,False,False
EXP-T096,primary,3,101,0.0001,1.0000000000000002e-06,74,518,0.5286178716591426,0.4828638732433319,3.0614538192749023,7.086996075095289e-05,3.025813579559326,73,1,False,False,False
EXP-T096,primary,3,101,0.0001,1.0000000000000002e-06,75,525,0.5151946459497724,0.48367440700531006,3.0777552127838135,7.015882058642164e-05,3.025813579559326,73,2,False,False,False
EXP-T096,primary,3,101,0.0001,1.0000000000000002e-06,76,532,0.46757861971855164,0.4924336373806,3.1398019790649414,6.944282990207195e-05,3.025813579559326,73,3,False,False,False
EXP-T096,primary,3,101,0.0001,1.0000000000000002e-06,77,539,0.4860238901206425,0.47372132539749146,3.0370848178863525,6.872216535789157e-05,3.025813579559326,73,4,False,False,False
EXP-T096,primary,3,101,0.0001,1.0000000000000002e-06,78,546,0.5458142033645085,0.45268383622169495,2.923245429992676,6.799700476707323e-05,2.923245429992676,78,0,True,False,False
EXP-T096,primary,3,101,0.0001,1.0000000000000002e-06,79,553,0.47438942960330416,0.43653756380081177,2.8216793537139893,6.726752705214194e-05,2.8216793537139893,79,0,True,False,False
EXP-T096,primary,3,101,0.0001,1.0000000000000002e-06,80,560,0.4840273601668222,0.4446818232536316,2.880962371826172,6.65339122008084e-05,2.8216793537139893,79,1,False,False,False
EXP-T096,primary,3,101,0.0001,1.0000000000000002e-06,81,567,0.4870615984712328,0.4532555043697357,2.9242286682128906,6.57963412215599e-05,2.8216793537139893,79,2,False,False,False
EXP-T096,primary,3,101,0.0001,1.0000000000000002e-06,82,574,0.5934391404901233,0.45867525041103363,2.9521193504333496,6.505499609899905e-05,2.8216793537139893,79,3,False,False,False
EXP-T096,primary,3,101,0.0001,1.0000000000000002e-06,83,581,0.6574296312672752,0.4540884345769882,2.922585964202881,6.431005974894185e-05,2.8216793537139893,79,4,False,False,False
EXP-T096,primary,3,101,0.0001,1.0000000000000002e-06,84,588,0.4629141071013042,0.4234602600336075,2.73479962348938,6.356171597328596e-05,2.73479962348938,84,0,True,False,False
EXP-T096,primary,3,101,0.0001,1.0000000000000002e-06,85,595,0.4434098237460213,0.41782158613204956,2.7021727561950684,6.281014941466031e-05,2.7021727561950684,85,0,True,False,False
EXP-T096,primary,3,101,0.0001,1.0000000000000002e-06,86,602,0.6226013217653547,0.44983918964862823,2.884230613708496,6.205554551086733e-05,2.7021727561950684,85,1,False,False,False
EXP-T096,primary,3,101,0.0001,1.0000000000000002e-06,87,609,0.5016264574868339,0.4480816125869751,2.868417263031006,6.129809044912887e-05,2.7021727561950684,85,2,False,False,False
EXP-T096,primary,3,101,0.0001,1.0000000000000002e-06,88,616,0.5573935040405819,0.43885980546474457,2.814037561416626,6.053797112014738e-05,2.7021727561950684,85,3,False,False,False
EXP-T096,primary,3,101,0.0001,1.0000000000000002e-06,89,623,0.5001514213425773,0.4328283965587616,2.78183913230896,5.977537507199338e-05,2.7021727561950684,85,4,False,False,False
EXP-T096,primary,3,101,0.0001,1.0000000000000002e-06,90,630,0.5853045795645032,0.4160774201154709,2.691815137863159,5.901049046383077e-05,2.691815137863159,90,0,True,False,False
EXP-T096,primary,3,101,0.0001,1.0000000000000002e-06,91,637,0.46758560623441425,0.4107036590576172,2.662543296813965,5.8243506019491436e-05,2.662543296813965,91,0,True,False,False
EXP-T096,primary,3,101,0.0001,1.0000000000000002e-06,92,644,0.5514894723892212,0.43100154399871826,2.78017258644104,5.7474610980910354e-05,2.662543296813965,91,1,False,False,False
EXP-T096,primary,3,101,0.0001,1.0000000000000002e-06,93,651,0.46124196904046194,0.46604980528354645,2.975853204727173,5.6703995061433075e-05,2.662543296813965,91,2,False,False,False
EXP-T096,primary,3,101,0.0001,1.0000000000000002e-06,94,658,0.48231106996536255,0.45429982244968414,2.906334400177002,5.5931848399006745e-05,2.662543296813965,91,3,False,False,False
EXP-T096,primary,3,101,0.0001,1.0000000000000002e-06,95,665,0.4065833645207541,0.4348551630973816,2.798269033432007,5.515836150926646e-05,2.662543296813965,91,4,False,False,False
EXP-T096,primary,3,101,0.0001,1.0000000000000002e-06,96,672,0.4062224780874593,0.4288243055343628,2.7678449153900146,5.438372523852833e-05,2.662543296813965,91,5,False,False,False
EXP-T096,primary,3,101,0.0001,1.0000000000000002e-06,97,679,0.48442855051585604,0.434943363070488,2.801912784576416,5.360813071670102e-05,2.662543296813965,91,6,False,False,False
EXP-T096,primary,3,101,0.0001,1.0000000000000002e-06,98,686,0.4273806256907327,0.43634483218193054,2.8131728172302246,5.283176931012731e-05,2.662543296813965,91,7,False,False,False
EXP-T096,primary,3,101,0.0001,1.0000000000000002e-06,99,693,0.48081593215465546,0.43364217877388,2.79919695854187,5.205483257436735e-05,2.662543296813965,91,8,False,False,False
EXP-T096,primary,3,101,0.0001,1.0000000000000002e-06,100,700,0.4843358227184841,0.4293271154165268,2.7731189727783203,5.127751220693513e-05,2.662543296813965,91,9,False,False,False
EXP-T096,primary,3,101,0.0001,1.0000000000000002e-06,101,707,0.5091567252363477,0.41705113649368286,2.7025063037872314,5.05e-05,2.662543296813965,91,10,False,False,False
EXP-T096,primary,3,101,0.0001,1.0000000000000002e-06,102,714,0.5121922067233494,0.41771064698696136,2.708387613296509,4.972248779306489e-05,2.662543296813965,91,11,False,False,False
EXP-T096,primary,3,101,0.0001,1.0000000000000002e-06,103,721,0.5117932558059692,0.43079741299152374,2.785529136657715,4.894516742563265e-05,2.662543296813965,91,12,False,False,False
EXP-T096,primary,3,101,0.0001,1.0000000000000002e-06,104,728,0.47369795186179026,0.41268499195575714,2.684739828109741,4.816823068987269e-05,2.662543296813965,91,13,False,False,False
EXP-T096,primary,3,101,0.0001,1.0000000000000002e-06,105,735,0.42756664752960205,0.43603692948818207,2.813019037246704,4.739186928329899e-05,2.662543296813965,91,14,False,False,False
EXP-T096,primary,3,101,0.0001,1.0000000000000002e-06,106,742,0.4990661782877786,0.45021073520183563,2.884045124053955,4.661627476147168e-05,2.662543296813965,91,15,False,False,False
EXP-T096,primary,3,101,0.0001,1.0000000000000002e-06,107,749,0.4605631615434374,0.44425442814826965,2.8488006591796875,4.584163849073354e-05,2.662543296813965,91,16,False,False,False
EXP-T096,primary,3,101,0.0001,1.0000000000000002e-06,108,756,0.41347217346940723,0.42061467468738556,2.7379536628723145,4.5068151600993264e-05,2.662543296813965,91,17,False,False,False
EXP-T096,primary,3,101,0.0001,1.0000000000000002e-06,109,763,0.43387436653886524,0.4277959316968918,2.769927740097046,4.429600493856695e-05,2.662543296813965,91,18,False,False,False
EXP-T096,primary,3,101,0.0001,1.0000000000000002e-06,110,770,0.5355878280741828,0.4528491944074631,2.891044855117798,4.352538901908967e-05,2.662543296813965,91,19,False,False,False
EXP-T096,primary,3,101,0.0001,1.0000000000000002e-06,111,777,0.40406449671302525,0.44892361760139465,2.87186861038208,4.275649398050857e-05,2.662543296813965,91,20,False,False,False
EXP-T096,primary,3,101,0.0001,1.0000000000000002e-06,112,784,0.41667688531535013,0.4483645558357239,2.8741750717163086,4.198950953616922e-05,2.662543296813965,91,21,False,False,False
EXP-T096,primary,3,101,0.0001,1.0000000000000002e-06,113,791,0.45629747211933136,0.4539165794849396,2.9096262454986572,4.122462492800663e-05,2.662543296813965,91,22,False,False,False
EXP-T096,primary,3,101,0.0001,1.0000000000000002e-06,114,798,0.5232747495174408,0.46017616987228394,2.943728446960449,4.046202887985264e-05,2.662543296813965,91,23,False,False,False
EXP-T096,primary,3,101,0.0001,1.0000000000000002e-06,115,805,0.46794046248708454,0.453600138425827,2.906895637512207,3.9701909550871155e-05,2.662543296813965,91,24,False,False,False
EXP-T096,primary,3,101,0.0001,1.0000000000000002e-06,116,812,0.42539680004119873,0.44147148728370667,2.8416476249694824,3.8944454489132674e-05,2.662543296813965,91,25,False,False,False
EXP-T096,primary,3,101,0.0001,1.0000000000000002e-06,117,819,0.37558188289403915,0.43772082030773163,2.831897497177124,3.818985058533969e-05,2.662543296813965,91,26,False,False,False
EXP-T096,primary,3,101,0.0001,1.0000000000000002e-06,118,826,0.37968120703174335,0.44644488394260406,2.8653345108032227,3.7438284026714043e-05,2.662543296813965,91,27,False,False,False
EXP-T096,primary,3,101,0.0001,1.0000000000000002e-06,119,833,0.4027201533317566,0.44690513610839844,2.869921922683716,3.668994025105816e-05,2.662543296813965,91,28,False,False,False
EXP-T096,primary,3,101,0.0001,1.0000000000000002e-06,120,840,0.38124374619552065,0.4445429891347885,2.8673083782196045,3.594500390100096e-05,2.662543296813965,91,29,False,False,False
EXP-T096,primary,3,101,0.0001,1.0000000000000002e-06,121,847,0.4173941356795175,0.4348294585943222,2.844200849533081,3.520365877844012e-05,2.662543296813965,91,30,False,True,False
EXP-T096,primary,3,101,0.001,1e-05,1,7,0.5457950064114162,0.522100493311882,3.207087516784668,0.001,3.207087516784668,1,0,True,False,False
EXP-T096,primary,3,101,0.001,1e-05,2,14,0.6023718203817096,0.6053781509399414,3.644609212875366,0.000999938933078422,3.207087516784668,1,1,False,False,False
EXP-T096,primary,3,101,0.001,1e-05,3,21,0.6159269341400692,0.5202217251062393,3.2080767154693604,0.0009997557473810372,3.207087516784668,1,2,False,False,False
EXP-T096,primary,3,101,0.001,1e-05,4,28,0.6962053392614637,0.5229489654302597,3.219794273376465,0.0009994504881061753,3.207087516784668,1,3,False,False,False
EXP-T096,primary,3,101,0.001,1e-05,5,35,0.6378150454589299,0.529132604598999,3.248044013977051,0.0009990232305719944,3.207087516784668,1,4,False,False,False
EXP-T096,primary,3,101,0.001,1e-05,6,42,0.5658271653311593,0.5154494792222977,3.183077573776245,0.0009984740801978985,3.183077573776245,6,0,True,False,False
EXP-T096,primary,3,101,0.001,1e-05,7,49,0.6144925100462777,0.520564541220665,3.2105839252471924,0.0009978031724785245,3.183077573776245,6,1,False,False,False
EXP-T096,primary,3,101,0.001,1e-05,8,56,0.6938009474958692,0.5172097682952881,3.2006402015686035,0.000997010672950314,3.183077573776245,6,2,False,False,False
EXP-T096,primary,3,101,0.001,1e-05,9,63,0.5659585467406681,0.5472530126571655,3.3338868618011475,0.0009960967771506667,3.183077573776245,6,3,False,False,False
EXP-T096,primary,3,101,0.001,1e-05,10,70,0.605909275157111,0.49767908453941345,3.0936119556427,0.000995061710569696,3.0936119556427,10,0,True,False,False
EXP-T096,primary,3,101,0.001,1e-05,11,77,0.7893054698194776,0.5269265174865723,3.279402256011963,0.0009939057285945933,3.0936119556427,10,1,False,False,False
EXP-T096,primary,3,101,0.001,1e-05,12,84,0.4964125411851065,0.4441068321466446,2.888608694076538,0.000992629116446613,2.888608694076538,12,0,True,False,False
EXP-T096,primary,3,101,0.001,1e-05,13,91,0.46728913698877605,0.4595024585723877,2.9070820808410645,0.000991232189110701,2.888608694076538,12,1,False,False,False
EXP-T096,primary,3,101,0.001,1e-05,14,98,0.5808787516185215,0.490570604801178,3.0907108783721924,0.0009897152912577741,2.888608694076538,12,2,False,False,False
EXP-T096,primary,3,101,0.001,1e-05,15,105,0.4131658263504505,0.41099607944488525,2.624375104904175,0.00098807879715968,2.624375104904175,15,0,True,False,False
EXP-T096,primary,3,101,0.001,1e-05,16,112,0.6226552554539272,0.49667735397815704,3.1250383853912354,0.00098632311059685,2.624375104904175,15,1,False,False,False
EXP-T096,primary,3,101,0.001,1e-05,17,119,0.4679784391607557,0.5128006935119629,3.1563591957092285,0.0009844486647586723,2.624375104904175,15,2,False,False,False
EXP-T096,primary,3,101,0.001,1e-05,18,126,0.344631444130625,0.44170740246772766,2.882892370223999,0.00098245592213661,2.624375104904175,15,3,False,False,False
EXP-T096,primary,3,101,0.001,1e-05,19,133,0.5003271869250706,0.40582017600536346,2.6625397205352783,0.0009803453744100868,2.624375104904175,15,4,False,False,False
EXP-T096,primary,3,101,0.001,1e-05,20,140,0.3901719663824354,0.4603002071380615,2.919205904006958,0.0009781175423251734,2.624375104904175,15,5,False,False,False
EXP-T096,primary,3,101,0.001,1e-05,21,147,0.4007226271288736,0.4909351021051407,3.1712419986724854,0.0009757729755661011,2.624375104904175,15,6,False,False,False
EXP-T096,primary,3,101,0.001,1e-05,22,154,0.3529427008969443,0.559463158249855,3.48610782623291,0.0009733122526196349,2.624375104904175,15,7,False,False,False
EXP-T096,primary,3,101,0.001,1e-05,23,161,0.38884308082716806,0.45102228224277496,2.9386943578720093,0.0009707359806323416,2.624375104904175,15,8,False,False,False
EXP-T096,primary,3,101,0.001,1e-05,24,168,0.4306307179587228,0.6028798520565033,3.646038293838501,0.0009680447952607845,2.624375104904175,15,9,False,False,False
EXP-T096,primary,3,101,0.001,1e-05,25,175,0.39066961833408903,0.4869222193956375,3.0874842405319214,0.0009652393605146844,2.624375104904175,15,10,False,False,False
EXP-T096,primary,3,101,0.001,1e-05,26,182,0.3665322725261961,0.5080913305282593,3.1774954795837402,0.000962320368593087,2.624375104904175,15,11,False,False,False
EXP-T096,primary,3,101,0.001,1e-05,27,189,0.3318792964730944,0.45643503963947296,2.958620548248291,0.0009592885397135706,2.624375104904175,15,12,False,False,False
EXP-T096,primary,3,101,0.001,1e-05,28,196,0.3107237422040531,0.47265003621578217,2.9644792079925537,0.0009561446219345453,2.624375104904175,15,13,False,False,False
EXP-T096,primary,3,101,0.001,1e-05,29,203,0.26882684443678173,0.5372312664985657,3.2887628078460693,0.0009528893909706797,2.624375104904175,15,14,False,False,False
EXP-T096,primary,3,101,0.001,1e-05,30,210,0.2842483733381544,0.44119252264499664,2.8140993118286133,0.0009495236500015047,2.624375104904175,15,15,False,False,False
EXP-T096,primary,3,101,0.001,1e-05,31,217,0.2538947271449225,0.4067401587963104,2.752922773361206,0.0009460482294732421,2.624375104904175,15,16,False,False,False
EXP-T096,primary,3,101,0.001,1e-05,32,224,0.2803624783243452,0.5635434985160828,3.393435478210449,0.0009424639868939033,2.624375104904175,15,17,False,False,False
EXP-T096,primary,3,101,0.001,1e-05,33,231,0.2469054822410856,0.5085967481136322,3.1322885751724243,0.0009387718066217125,2.624375104904175,15,18,False,False,False
EXP-T096,primary,3,101,0.001,1e-05,34,238,0.2553049176931381,0.4989587366580963,3.0768792629241943,0.0009349725996469047,2.624375104904175,15,19,False,False,False
EXP-T096,primary,3,101,0.001,1e-05,35,245,0.3159789113061769,0.5640856027603149,3.493261218070984,0.0009310673033669522,2.624375104904175,15,20,False,False,False
EXP-T096,primary,3,101,0.001,1e-05,36,252,0.2433308490685054,0.46798861026763916,2.94966459274292,0.0009270568813552756,2.624375104904175,15,21,False,False,False
EXP-T096,primary,3,101,0.001,1e-05,37,259,0.3206556332962854,0.6482049524784088,3.84771192073822,0.0009229423231234975,2.624375104904175,15,22,False,False,False
EXP-T096,primary,3,101,0.001,1e-05,38,266,0.22171745768615178,0.5059922933578491,3.164376378059387,0.0009187246438772938,2.624375104904175,15,23,False,False,False
EXP-T096,primary,3,101,0.001,1e-05,39,273,0.23217207180070026,0.60630664229393,3.6514670848846436,0.0009144048842659081,2.624375104904175,15,24,False,False,False
EXP-T096,primary,3,101,0.001,1e-05,40,280,0.2310705685189792,0.5104351937770844,3.1569156646728516,0.0009099841101253866,2.624375104904175,15,25,False,False,False
EXP-T096,primary,3,101,0.001,1e-05,41,287,0.25653193039553507,0.5893346965312958,3.6164356470108032,0.000905463412215599,2.624375104904175,15,26,False,False,False
EXP-T096,primary,3,101,0.001,1e-05,42,294,0.1982568662081446,0.7068051993846893,4.144511699676514,0.0009008439059511099,2.624375104904175,15,27,False,False,False
EXP-T096,primary,3,101,0.001,1e-05,43,301,0.1907096388084548,0.4383411854505539,2.8645997047424316,0.0008961267311259666,2.624375104904175,15,28,False,False,False
EXP-T096,primary,3,101,0.001,1e-05,44,308,0.1951416762811797,0.5961345732212067,3.5961999893188477,0.0008913130516324732,2.624375104904175,15,29,False,False,False
EXP-T096,primary,3,101,0.001,1e-05,45,315,0.2574697094304221,0.4398450404405594,2.8850783109664917,0.0008864040551740157,2.624375104904175,15,30,False,True,False
EXP-T096,primary,3,101,0.01,0.0001,1,7,2.2154312900134494,3.6604586839675903,17.242477893829346,0.01,17.242477893829346,1,0,True,False,False
EXP-T096,primary,3,101,0.01,0.0001,2,14,0.9314242005348206,1.5787718296051025,8.061759233474731,0.00999938933078422,8.061759233474731,2,0,True,False,False
EXP-T096,primary,3,101,0.01,0.0001,3,21,1.1730909475258418,2.636076807975769,12.693724632263184,0.009997557473810372,8.061759233474731,2,1,False,False,False
EXP-T096,primary,3,101,0.01,0.0001,4,28,1.2583282675061906,0.5491999685764313,3.32842755317688,0.009994504881061753,3.32842755317688,4,0,True,False,False
EXP-T096,primary,3,101,0.01,0.0001,5,35,0.7357608718531472,0.5345805287361145,3.265622138977051,0.009990232305719944,3.265622138977051,5,0,True,False,False
EXP-T096,primary,3,101,0.01,0.0001,6,42,0.6026008384568351,0.5297299325466156,3.2459452152252197,0.009984740801978984,3.2459452152252197,6,0,True,False,False
EXP-T096,primary,3,101,0.01,0.0001,7,49,0.6127280337469918,0.5182825028896332,3.183475971221924,0.009978031724785246,3.183475971221924,7,0,True,False,False
EXP-T096,primary,3,101,0.01,0.0001,8,56,0.6668490256581988,1.0283157229423523,5.5454723834991455,0.00997010672950314,3.183475971221924,7,1,False,False,False
EXP-T096,primary,3,101,0.01,0.0001,9,63,0.7663115688732692,0.5330717116594315,3.268054962158203,0.009960967771506667,3.183475971221924,7,2,False,False,False
EXP-T096,primary,3,101,0.01,0.0001,10,70,0.6585781276226044,0.5294304043054581,3.246079683303833,0.00995061710569696,3.183475971221924,7,3,False,False,False
EXP-T096,primary,3,101,0.01,0.0001,11,77,0.797898428780692,0.524828165769577,3.224088191986084,0.009939057285945933,3.183475971221924,7,4,False,False,False
EXP-T096,primary,3,101,0.01,0.0001,12,84,0.5344558847802026,0.5417526811361313,3.313624143600464,0.00992629116446613,3.183475971221924,7,5,False,False,False
EXP-T096,primary,3,101,0.01,0.0001,13,91,0.5828311315604618,0.5234782099723816,3.220909833908081,0.00991232189110701,3.183475971221924,7,6,False,False,False
EXP-T096,primary,3,101,0.01,0.0001,14,98,0.6354895830154419,0.5236585289239883,3.2217845916748047,0.00989715291257774,3.183475971221924,7,7,False,False,False
EXP-T096,primary,3,101,0.01,0.0001,15,105,0.5007990992494992,0.5258346349000931,3.230194091796875,0.0098807879715968,3.183475971221924,7,8,False,False,False
EXP-T096,primary,3,101,0.01,0.0001,16,112,0.6718220583030156,0.7227432727813721,4.213101625442505,0.0098632311059685,3.183475971221924,7,9,False,False,False
EXP-T096,primary,3,101,0.01,0.0001,17,119,0.7958682605198452,0.5586211830377579,3.3739888668060303,0.009844486647586723,3.183475971221924,7,10,False,False,False
EXP-T096,primary,3,101,0.01,0.0001,18,126,0.5295808911323547,0.5292156636714935,3.2447376251220703,0.0098245592213661,3.183475971221924,7,11,False,False,False
EXP-T096,primary,3,101,0.01,0.0001,19,133,0.7223802336624691,0.630934864282608,3.7809338569641113,0.009803453744100868,3.183475971221924,7,12,False,False,False
EXP-T096,primary,3,101,0.01,0.0001,20,140,0.6054681837558746,0.5277791917324066,3.237447738647461,0.009781175423251734,3.183475971221924,7,13,False,False,False
EXP-T096,primary,3,101,0.01,0.0001,21,147,0.5426664522715977,0.528373509645462,3.240558624267578,0.009757729755661011,3.183475971221924,7,14,False,False,False
EXP-T096,primary,3,101,0.01,0.0001,22,154,0.5723377423627036,0.5318811237812042,3.2566041946411133,0.009733122526196349,3.183475971221924,7,15,False,False,False
EXP-T096,primary,3,101,0.01,0.0001,23,161,0.6157554047448295,0.5344026833772659,3.2664575576782227,0.009707359806323416,3.183475971221924,7,16,False,False,False
EXP-T096,primary,3,101,0.01,0.0001,24,168,0.6242679229804448,0.532945841550827,3.2608985900878906,0.009680447952607845,3.183475971221924,7,17,False,False,False
EXP-T096,primary,3,101,0.01,0.0001,25,175,0.8240348270961216,0.5307874381542206,3.252067804336548,0.009652393605146845,3.183475971221924,7,18,False,False,False
EXP-T096,primary,3,101,0.01,0.0001,26,182,0.8119500279426575,0.5281014740467072,3.239962577819824,0.00962320368593087,3.183475971221924,7,19,False,False,False
EXP-T096,primary,3,101,0.01,0.0001,27,189,0.5080581477710179,0.527095839381218,3.2340245246887207,0.009592885397135707,3.183475971221924,7,20,False,False,False
EXP-T096,primary,3,101,0.01,0.0001,28,196,0.5015327675001962,0.5257546454668045,3.2299323081970215,0.009561446219345454,3.183475971221924,7,21,False,False,False
EXP-T096,primary,3,101,0.01,0.0001,29,203,0.5785047454493386,0.5261660814285278,3.2312521934509277,0.009528893909706798,3.183475971221924,7,22,False,False,False
EXP-T096,primary,3,101,0.01,0.0001,30,210,0.5377605983189174,0.5265057682991028,3.2322959899902344,0.009495236500015047,3.183475971221924,7,23,False,False,False
EXP-T096,primary,3,101,0.01,0.0001,31,217,0.5758712462016514,0.5270302444696426,3.233837127685547,0.00946048229473242,3.183475971221924,7,24,False,False,False
EXP-T096,primary,3,101,0.01,0.0001,32,224,0.4981094024011067,0.5270219445228577,3.2338132858276367,0.009424639868939034,3.183475971221924,7,25,False,False,False
EXP-T096,primary,3,101,0.01,0.0001,33,231,0.4980272725224495,0.5278599560260773,3.2378787994384766,0.009387718066217124,3.183475971221924,7,26,False,False,False
EXP-T096,primary,3,101,0.01,0.0001,34,238,0.5586819180420467,0.5278085172176361,3.2376041412353516,0.009349725996469048,3.183475971221924,7,27,False,False,False
EXP-T096,primary,3,101,0.01,0.0001,35,245,0.6266118713787624,0.528907909989357,3.243239402770996,0.00931067303366952,3.183475971221924,7,28,False,False,False
EXP-T096,primary,3,101,0.01,0.0001,36,252,0.6701747306755611,0.5305362939834595,3.2508420944213867,0.009270568813552756,3.183475971221924,7,29,False,False,False
EXP-T096,primary,3,101,0.01,0.0001,37,259,0.5867795135293689,0.5317881405353546,3.2562179565429688,0.009229423231234974,3.183475971221924,7,30,False,True,False
EXP-T096,primary,4,101,1e-05,1.0000000000000001e-07,1,7,0.6118319290024894,0.509371429681778,3.358881950378418,1e-05,3.358881950378418,1,0,True,False,False
EXP-T096,primary,4,101,1e-05,1.0000000000000001e-07,2,14,0.5148125120571682,0.508910596370697,3.362013816833496,9.99938933078422e-06,3.358881950378418,1,1,False,False,False
EXP-T096,primary,4,101,1e-05,1.0000000000000001e-07,3,21,0.59705308505467,0.5086749792098999,3.36385178565979,9.997557473810373e-06,3.358881950378418,1,2,False,False,False
EXP-T096,primary,4,101,1e-05,1.0000000000000001e-07,4,28,0.5694267409188407,0.5084351599216461,3.366112232208252,9.994504881061752e-06,3.358881950378418,1,3,False,False,False
EXP-T096,primary,4,101,1e-05,1.0000000000000001e-07,5,35,0.5332951588290078,0.5082240700721741,3.3685975074768066,9.990232305719944e-06,3.358881950378418,1,4,False,False,False
EXP-T096,primary,4,101,1e-05,1.0000000000000001e-07,6,42,0.5000949544566018,0.5081087648868561,3.370335340499878,9.984740801978984e-06,3.358881950378418,1,5,False,False,False
EXP-T096,primary,4,101,1e-05,1.0000000000000001e-07,7,49,0.5134878073419843,0.5079902708530426,3.3733105659484863,9.978031724785247e-06,3.358881950378418,1,6,False,False,False
EXP-T096,primary,4,101,1e-05,1.0000000000000001e-07,8,56,0.5628406575747898,0.5079604387283325,3.377018690109253,9.97010672950314e-06,3.358881950378418,1,7,False,False,False
EXP-T096,primary,4,101,1e-05,1.0000000000000001e-07,9,63,0.6534897685050964,0.5080378353595734,3.3804092407226562,9.960967771506666e-06,3.358881950378418,1,8,False,False,False
EXP-T096,primary,4,101,1e-05,1.0000000000000001e-07,10,70,0.4815723760984838,0.5080658793449402,3.3813347816467285,9.950617105696961e-06,3.358881950378418,1,9,False,False,False
EXP-T096,primary,4,101,1e-05,1.0000000000000001e-07,11,77,0.5044563455241067,0.5081126093864441,3.382316827774048,9.939057285945933e-06,3.358881950378418,1,10,False,False,False
EXP-T096,primary,4,101,1e-05,1.0000000000000001e-07,12,84,0.6398045378071922,0.508061558008194,3.3815255165100098,9.926291164466131e-06,3.358881950378418,1,11,False,False,False
EXP-T096,primary,4,101,1e-05,1.0000000000000001e-07,13,91,0.5851687427077975,0.508042186498642,3.381319284439087,9.91232189110701e-06,3.358881950378418,1,12,False,False,False
EXP-T096,primary,4,101,1e-05,1.0000000000000001e-07,14,98,0.5210511684417725,0.508059173822403,3.381791830062866,9.897152912577742e-06,3.358881950378418,1,13,False,False,False
EXP-T096,primary,4,101,1e-05,1.0000000000000001e-07,15,105,0.5108978067125592,0.5081146955490112,3.382815361022949,9.8807879715968e-06,3.358881950378418,1,14,False,False,False
EXP-T096,primary,4,101,1e-05,1.0000000000000001e-07,16,112,0.5255582971232278,0.5080565214157104,3.3819215297698975,9.8632311059685e-06,3.358881950378418,1,15,False,False,False
EXP-T096,primary,4,101,1e-05,1.0000000000000001e-07,17,119,0.5253145354134696,0.5080611407756805,3.382204294204712,9.844486647586724e-06,3.358881950378418,1,16,False,False,False
EXP-T096,primary,4,101,1e-05,1.0000000000000001e-07,18,126,0.49369528889656067,0.5080356299877167,3.3819334506988525,9.824559221366101e-06,3.358881950378418,1,17,False,False,False
EXP-T096,primary,4,101,1e-05,1.0000000000000001e-07,19,133,0.5038913488388062,0.5081256031990051,3.3834307193756104,9.803453744100868e-06,3.358881950378418,1,18,False,False,False
EXP-T096,primary,4,101,1e-05,1.0000000000000001e-07,20,140,0.4868442959019116,0.5080989599227905,3.3831136226654053,9.781175423251734e-06,3.358881950378418,1,19,False,False,False
EXP-T096,primary,4,101,1e-05,1.0000000000000001e-07,21,147,0.6436463424137661,0.5080413520336151,3.382286787033081,9.757729755661012e-06,3.358881950378418,1,20,False,False,False
EXP-T096,primary,4,101,1e-05,1.0000000000000001e-07,22,154,0.5909793589796338,0.5080511569976807,3.382415533065796,9.73312252619635e-06,3.358881950378418,1,21,False,False,False
EXP-T096,primary,4,101,1e-05,1.0000000000000001e-07,23,161,0.5586932556969779,0.5082204937934875,3.384766101837158,9.707359806323418e-06,3.358881950378418,1,22,False,False,False
EXP-T096,primary,4,101,1e-05,1.0000000000000001e-07,24,168,0.5437097379139492,0.5083425045013428,3.3888792991638184,9.680447952607845e-06,3.358881950378418,1,23,False,False,False
EXP-T096,primary,4,101,1e-05,1.0000000000000001e-07,25,175,0.55562652860369,0.5084997415542603,3.393747568130493,9.652393605146845e-06,3.358881950378418,1,24,False,False,False
EXP-T096,primary,4,101,1e-05,1.0000000000000001e-07,26,182,0.5885612453733172,0.5088022947311401,3.4016730785369873,9.62320368593087e-06,3.358881950378418,1,25,False,False,False
EXP-T096,primary,4,101,1e-05,1.0000000000000001e-07,27,189,0.5855165634836469,0.5089337527751923,3.4048476219177246,9.592885397135707e-06,3.358881950378418,1,26,False,False,False
EXP-T096,primary,4,101,1e-05,1.0000000000000001e-07,28,196,0.5212204669203077,0.5091513395309448,3.409475564956665,9.561446219345455e-06,3.358881950378418,1,27,False,False,False
EXP-T096,primary,4,101,1e-05,1.0000000000000001e-07,29,203,0.5613044798374176,0.5091409087181091,3.4093642234802246,9.528893909706798e-06,3.358881950378418,1,28,False,False,False
EXP-T096,primary,4,101,1e-05,1.0000000000000001e-07,30,210,0.5450193754264286,0.508924275636673,3.4049599170684814,9.495236500015048e-06,3.358881950378418,1,29,False,False,False
EXP-T096,primary,4,101,1e-05,1.0000000000000001e-07,31,217,0.4953294502837317,0.5088244676589966,3.4028618335723877,9.460482294732422e-06,3.358881950378418,1,30,False,True,False
EXP-T096,primary,4,101,0.0001,1.0000000000000002e-06,1,7,0.590947687625885,0.5090368390083313,3.404100179672241,0.0001,3.404100179672241,1,0,True,False,False
EXP-T096,primary,4,101,0.0001,1.0000000000000002e-06,2,14,0.5016335802418845,0.507894903421402,3.3725459575653076,9.99938933078422e-05,3.3725459575653076,2,0,True,False,False
EXP-T096,primary,4,101,0.0001,1.0000000000000002e-06,3,21,0.564361206122807,0.5096060335636139,3.3549892902374268,9.997557473810373e-05,3.3549892902374268,3,0,True,False,False
EXP-T096,primary,4,101,0.0001,1.0000000000000002e-06,4,28,0.5620742397648948,0.5080273151397705,3.367274045944214,9.994504881061753e-05,3.3549892902374268,3,1,False,False,False
EXP-T096,primary,4,101,0.0001,1.0000000000000002e-06,5,35,0.548617844070707,0.5080951750278473,3.383840322494507,9.990232305719945e-05,3.3549892902374268,3,2,False,False,False
EXP-T096,primary,4,101,0.0001,1.0000000000000002e-06,6,42,0.4914445845144136,0.5080641210079193,3.3839316368103027,9.984740801978984e-05,3.3549892902374268,3,3,False,False,False
EXP-T096,primary,4,101,0.0001,1.0000000000000002e-06,7,49,0.514581058706556,0.5101940929889679,3.428389072418213,9.978031724785247e-05,3.3549892902374268,3,4,False,False,False
EXP-T096,primary,4,101,0.0001,1.0000000000000002e-06,8,56,0.5491068533488682,0.5102664530277252,3.4307756423950195,9.97010672950314e-05,3.3549892902374268,3,5,False,False,False
EXP-T096,primary,4,101,0.0001,1.0000000000000002e-06,9,63,0.6516458647591727,0.5098437964916229,3.4262266159057617,9.960967771506667e-05,3.3549892902374268,3,6,False,False,False
EXP-T096,primary,4,101,0.0001,1.0000000000000002e-06,10,70,0.49219887384346556,0.5076046288013458,3.3814053535461426,9.95061710569696e-05,3.3549892902374268,3,7,False,False,False
EXP-T096,primary,4,101,0.0001,1.0000000000000002e-06,11,77,0.4948322134358542,0.5073034763336182,3.37727427482605,9.939057285945933e-05,3.3549892902374268,3,8,False,False,False
EXP-T096,primary,4,101,0.0001,1.0000000000000002e-06,12,84,0.6132532954216003,0.5072318315505981,3.3643524646759033,9.926291164466132e-05,3.3549892902374268,3,9,False,False,False
EXP-T096,primary,4,101,0.0001,1.0000000000000002e-06,13,91,0.5526843454156604,0.5075409412384033,3.359978199005127,9.91232189110701e-05,3.3549892902374268,3,10,False,False,False
EXP-T096,primary,4,101,0.0001,1.0000000000000002e-06,14,98,0.5031506206308093,0.5070313811302185,3.3694729804992676,9.897152912577741e-05,3.3549892902374268,3,11,False,False,False
EXP-T096,primary,4,101,0.0001,1.0000000000000002e-06,15,105,0.5139219548021045,0.5079202651977539,3.395155668258667,9.8807879715968e-05,3.3549892902374268,3,12,False,False,False
EXP-T096,primary,4,101,0.0001,1.0000000000000002e-06,16,112,0.5445835973535266,0.5074899196624756,3.3841681480407715,9.8632311059685e-05,3.3549892902374268,3,13,False,False,False
EXP-T096,primary,4,101,0.0001,1.0000000000000002e-06,17,119,0.49098701775074005,0.507475733757019,3.384909152984619,9.844486647586725e-05,3.3549892902374268,3,14,False,False,False
EXP-T096,primary,4,101,0.0001,1.0000000000000002e-06,18,126,0.5126105206353324,0.5070965886116028,3.376044750213623,9.824559221366101e-05,3.3549892902374268,3,15,False,False,False
EXP-T096,primary,4,101,0.0001,1.0000000000000002e-06,19,133,0.5118814834526607,0.5091748833656311,3.420596122741699,9.803453744100869e-05,3.3549892902374268,3,16,False,False,False
EXP-T096,primary,4,101,0.0001,1.0000000000000002e-06,20,140,0.4778629477534975,0.5079818964004517,3.399171829223633,9.781175423251735e-05,3.3549892902374268,3,17,False,False,False
EXP-T096,primary,4,101,0.0001,1.0000000000000002e-06,21,147,0.6605905166694096,0.5068280100822449,3.3705894947052,9.757729755661011e-05,3.3549892902374268,3,18,False,False,False
EXP-T096,primary,4,101,0.0001,1.0000000000000002e-06,22,154,0.5733376698834556,0.5069288909435272,3.373836040496826,9.73312252619635e-05,3.3549892902374268,3,19,False,False,False
EXP-T096,primary,4,101,0.0001,1.0000000000000002e-06,23,161,0.5454180112906865,0.5116555094718933,3.4505534172058105,9.707359806323417e-05,3.3549892902374268,3,20,False,False,False
EXP-T096,primary,4,101,0.0001,1.0000000000000002e-06,24,168,0.5297227416719709,0.5111446678638458,3.445394992828369,9.680447952607845e-05,3.3549892902374268,3,21,False,False,False
EXP-T096,primary,4,101,0.0001,1.0000000000000002e-06,25,175,0.5086499835763659,0.5091554820537567,3.421787738800049,9.652393605146844e-05,3.3549892902374268,3,22,False,False,False
EXP-T096,primary,4,101,0.0001,1.0000000000000002e-06,26,182,0.6139110326766968,0.5098712742328644,3.432080030441284,9.623203685930869e-05,3.3549892902374268,3,23,False,False,False
EXP-T096,primary,4,101,0.0001,1.0000000000000002e-06,27,189,0.5813906873975482,0.5082319974899292,3.409517765045166,9.592885397135707e-05,3.3549892902374268,3,24,False,False,False
EXP-T096,primary,4,101,0.0001,1.0000000000000002e-06,28,196,0.5195575697081429,0.5088065564632416,3.419097423553467,9.561446219345454e-05,3.3549892902374268,3,25,False,False,False
EXP-T096,primary,4,101,0.0001,1.0000000000000002e-06,29,203,0.5844662913254329,0.5081247985363007,3.4089295864105225,9.528893909706797e-05,3.3549892902374268,3,26,False,False,False
EXP-T096,primary,4,101,0.0001,1.0000000000000002e-06,30,210,0.5112538635730743,0.5067204535007477,3.3765413761138916,9.495236500015047e-05,3.3549892902374268,3,27,False,False,False
EXP-T096,primary,4,101,0.0001,1.0000000000000002e-06,31,217,0.500938573053905,0.5063686966896057,3.3681728839874268,9.460482294732421e-05,3.3549892902374268,3,28,False,False,False
EXP-T096,primary,4,101,0.0001,1.0000000000000002e-06,32,224,0.6207556767123086,0.5063466727733612,3.3678839206695557,9.424639868939033e-05,3.3549892902374268,3,29,False,False,False
EXP-T096,primary,4,101,0.0001,1.0000000000000002e-06,33,231,0.49681706726551056,0.5062728226184845,3.364003896713257,9.387718066217124e-05,3.3549892902374268,3,30,False,True,False
EXP-T096,primary,4,101,0.001,1e-05,1,7,0.5988011019570487,0.5264609754085541,3.407501697540283,0.001,3.407501697540283,1,0,True,False,False
EXP-T096,primary,4,101,0.001,1e-05,2,14,0.5788784750870296,0.507746696472168,3.3441829681396484,0.000999938933078422,3.3441829681396484,2,0,True,False,False
EXP-T096,primary,4,101,0.001,1e-05,3,21,0.5733646495001656,0.5243821442127228,3.5397024154663086,0.0009997557473810372,3.3441829681396484,2,1,False,False,False
EXP-T096,primary,4,101,0.001,1e-05,4,28,0.5965465903282166,0.5252711772918701,3.4011447429656982,0.0009994504881061753,3.3441829681396484,2,2,False,False,False
EXP-T096,primary,4,101,0.001,1e-05,5,35,0.5807742391313825,0.5060680508613586,3.361006498336792,0.0009990232305719944,3.3441829681396484,2,3,False,False,False
EXP-T096,primary,4,101,0.001,1e-05,6,42,0.509707367845944,0.5105887651443481,3.4402265548706055,0.0009984740801978985,3.3441829681396484,2,4,False,False,False
EXP-T096,primary,4,101,0.001,1e-05,7,49,0.520228637116296,0.5089294910430908,3.4158992767333984,0.0009978031724785245,3.3441829681396484,2,5,False,False,False
EXP-T096,primary,4,101,0.001,1e-05,8,56,0.5858057396752494,0.5114133954048157,3.354780912399292,0.000997010672950314,3.3441829681396484,2,6,False,False,False
EXP-T096,primary,4,101,0.001,1e-05,9,63,0.6681650025503976,0.516707718372345,3.4916419982910156,0.0009960967771506667,3.3441829681396484,2,7,False,False,False
EXP-T096,primary,4,101,0.001,1e-05,10,70,0.4767302732382502,0.5118231773376465,3.3488848209381104,0.000995061710569696,3.3441829681396484,2,8,False,False,False
EXP-T096,primary,4,101,0.001,1e-05,11,77,0.5343873075076512,0.5104946196079254,3.3765642642974854,0.0009939057285945933,3.3441829681396484,2,9,False,False,False
EXP-T096,primary,4,101,0.001,1e-05,12,84,0.6125081862722125,0.5128314942121506,3.4337546825408936,0.000992629116446613,3.3441829681396484,2,10,False,False,False
EXP-T096,primary,4,101,0.001,1e-05,13,91,0.5971470347472599,0.543829157948494,3.5433428287506104,0.000991232189110701,3.3441829681396484,2,11,False,False,False
EXP-T096,primary,4,101,0.001,1e-05,14,98,0.4872813139642988,0.5236745327711105,3.466808795928955,0.0009897152912577741,3.3441829681396484,2,12,False,False,False
EXP-T096,primary,4,101,0.001,1e-05,15,105,0.41793663799762726,0.4960750490427017,3.3215856552124023,0.00098807879715968,3.3215856552124023,15,0,True,False,False
EXP-T096,primary,4,101,0.001,1e-05,16,112,0.47982570954731535,0.4955921471118927,3.352590322494507,0.00098632311059685,3.3215856552124023,15,1,False,False,False
EXP-T096,primary,4,101,0.001,1e-05,17,119,0.40505061937229975,0.4570065438747406,3.148277759552002,0.0009844486647586723,3.148277759552002,17,0,True,False,False
EXP-T096,primary,4,101,0.001,1e-05,18,126,0.36917129158973694,0.45335063338279724,3.085402488708496,0.00098245592213661,3.085402488708496,18,0,True,False,False
EXP-T096,primary,4,101,0.001,1e-05,19,133,0.43113777467182707,0.4397786855697632,3.047333002090454,0.0009803453744100868,3.047333002090454,19,0,True,False,False
EXP-T096,primary,4,101,0.001,1e-05,20,140,0.3706627424274172,0.5378535091876984,3.5406227111816406,0.0009781175423251734,3.047333002090454,19,1,False,False,False
EXP-T096,primary,4,101,0.001,1e-05,21,147,0.42608933789389475,0.5262711942195892,3.483497977256775,0.0009757729755661011,3.047333002090454,19,2,False,False,False
EXP-T096,primary,4,101,0.001,1e-05,22,154,0.4012173116207123,0.5243346989154816,3.4918216466903687,0.0009733122526196349,3.047333002090454,19,3,False,False,False
EXP-T096,primary,4,101,0.001,1e-05,23,161,0.33227142691612244,0.4882398247718811,3.322848320007324,0.0009707359806323416,3.047333002090454,19,4,False,False,False
EXP-T096,primary,4,101,0.001,1e-05,24,168,0.39472163362162455,0.5215790122747421,3.4455602169036865,0.0009680447952607845,3.047333002090454,19,5,False,False,False
EXP-T096,primary,4,101,0.001,1e-05,25,175,0.3268972507544926,0.43230369687080383,3.012925624847412,0.0009652393605146844,3.012925624847412,25,0,True,False,False
EXP-T096,primary,4,101,0.001,1e-05,26,182,0.3064028652650969,0.4604590982198715,3.1725504398345947,0.000962320368593087,3.012925624847412,25,1,False,False,False
EXP-T096,primary,4,101,0.001,1e-05,27,189,0.3949621851955141,0.5527307242155075,3.620980143547058,0.0009592885397135706,3.012925624847412,25,2,False,False,False
EXP-T096,primary,4,101,0.001,1e-05,28,196,0.35149782470294405,0.46343573927879333,3.155874729156494,0.0009561446219345453,3.012925624847412,25,3,False,False,False
EXP-T096,primary,4,101,0.001,1e-05,29,203,0.2998309923069818,0.5126662105321884,3.4545280933380127,0.0009528893909706797,3.012925624847412,25,4,False,False,False
EXP-T096,primary,4,101,0.001,1e-05,30,210,0.2761029601097107,0.5033417046070099,3.3208553791046143,0.0009495236500015047,3.012925624847412,25,5,False,False,False
EXP-T096,primary,4,101,0.001,1e-05,31,217,0.27343521054301945,0.5800458490848541,3.771406888961792,0.0009460482294732421,3.012925624847412,25,6,False,False,False
EXP-T096,primary,4,101,0.001,1e-05,32,224,0.3442339130810329,0.47770577669143677,3.2261751890182495,0.0009424639868939033,3.012925624847412,25,7,False,False,False
EXP-T096,primary,4,101,0.001,1e-05,33,231,0.25644892879894804,0.5409304648637772,3.5868711471557617,0.0009387718066217125,3.012925624847412,25,8,False,False,False
EXP-T096,primary,4,101,0.001,1e-05,34,238,0.24277534122977937,0.4829689860343933,3.226423501968384,0.0009349725996469047,3.012925624847412,25,9,False,False,False
EXP-T096,primary,4,101,0.001,1e-05,35,245,0.2606667024748666,0.6468569934368134,4.087657451629639,0.0009310673033669522,3.012925624847412,25,10,False,False,False
EXP-T096,primary,4,101,0.001,1e-05,36,252,0.2722831112997873,0.5044891834259033,3.350351095199585,0.0009270568813552756,3.012925624847412,25,11,False,False,False
EXP-T096,primary,4,101,0.001,1e-05,37,259,0.2560027369431087,0.5234555602073669,3.511237859725952,0.0009229423231234975,3.012925624847412,25,12,False,False,False
EXP-T096,primary,4,101,0.001,1e-05,38,266,0.21936057188681193,0.6400562822818756,4.091110706329346,0.0009187246438772938,3.012925624847412,25,13,False,False,False
EXP-T096,primary,4,101,0.001,1e-05,39,273,0.31170941463538576,0.5363669395446777,3.597297787666321,0.0009144048842659081,3.012925624847412,25,14,False,False,False
EXP-T096,primary,4,101,0.001,1e-05,40,280,0.24013193483863557,0.5023418068885803,3.3369805812835693,0.0009099841101253866,3.012925624847412,25,15,False,False,False
EXP-T096,primary,4,101,0.001,1e-05,41,287,0.2637948670557567,0.4954018294811249,3.362175226211548,0.000905463412215599,3.012925624847412,25,16,False,False,False
EXP-T096,primary,4,101,0.001,1e-05,42,294,0.2039390972682408,0.5134829878807068,3.410965085029602,0.0009008439059511099,3.012925624847412,25,17,False,False,False
EXP-T096,primary,4,101,0.001,1e-05,43,301,0.2691300170762198,0.5395853817462921,3.5435287952423096,0.0008961267311259666,3.012925624847412,25,18,False,False,False
EXP-T096,primary,4,101,0.001,1e-05,44,308,0.22280524458203996,0.522673487663269,3.509652018547058,0.0008913130516324732,3.012925624847412,25,19,False,False,False
EXP-T096,primary,4,101,0.001,1e-05,45,315,0.21087968881641114,0.560032457113266,3.6901695728302,0.0008864040551740157,3.012925624847412,25,20,False,False,False
EXP-T096,primary,4,101,0.001,1e-05,46,322,0.2361496388912201,0.5426519066095352,3.631544351577759,0.0008814009529720154,3.012925624847412,25,21,False,False,False
EXP-T096,primary,4,101,0.001,1e-05,47,329,0.1950291469693184,0.49609100818634033,3.369114637374878,0.0008763049794670775,3.012925624847412,25,22,False,False,False
EXP-T096,primary,4,101,0.001,1e-05,48,336,0.24711568440709794,0.5295267105102539,3.549466133117676,0.0008711173920144117,3.012925624847412,25,23,False,False,False
EXP-T096,primary,4,101,0.001,1e-05,49,343,0.2045451317514692,0.5579865127801895,3.661665678024292,0.0008658394705735987,3.012925624847412,25,24,False,False,False
EXP-T096,primary,4,101,0.001,1e-05,50,350,0.19663569969790323,0.444349467754364,3.0797319412231445,0.0008604725173927785,3.012925624847412,25,25,False,False,False
EXP-T096,primary,4,101,0.001,1e-05,51,357,0.1716899046940463,0.48284290730953217,3.3115079402923584,0.000855017856687341,3.012925624847412,25,26,False,False,False
EXP-T096,primary,4,101,0.001,1e-05,52,364,0.17126396737460578,0.44973835349082947,3.122013568878174,0.0008494768343131955,3.012925624847412,25,27,False,False,False
EXP-T096,primary,4,101,0.001,1e-05,53,371,0.20144809356757573,0.4547809660434723,3.1554415225982666,0.0008438508174347009,3.012925624847412,25,28,False,False,False
EXP-T096,primary,4,101,0.001,1e-05,54,378,0.14495590222733362,0.5041103363037109,3.3922767639160156,0.0008381411941873378,3.012925624847412,25,29,False,False,False
EXP-T096,primary,4,101,0.001,1e-05,55,385,0.17620910331606865,0.46416714787483215,3.2015891075134277,0.0008323493733352077,3.012925624847412,25,30,False,True,False
EXP-T096,primary,4,101,0.01,0.0001,1,7,2.1822236946650913,0.699751079082489,4.3538830280303955,0.01,4.3538830280303955,1,0,True,False,False
EXP-T096,primary,4,101,0.01,0.0001,2,14,1.0732089536530631,1.503305196762085,8.160423040390015,0.00999938933078422,4.3538830280303955,1,1,False,False,False
EXP-T096,primary,4,101,0.01,0.0001,3,21,0.7727666412081037,1.1358018517494202,6.441306710243225,0.009997557473810372,4.3538830280303955,1,2,False,False,False
EXP-T096,primary,4,101,0.01,0.0001,4,28,0.879672476223537,0.7836797535419464,4.656087160110474,0.009994504881061753,4.3538830280303955,1,3,False,False,False
EXP-T096,primary,4,101,0.01,0.0001,5,35,0.8002249130180904,0.5066736936569214,3.366698741912842,0.009990232305719944,3.366698741912842,5,0,True,False,False
EXP-T096,primary,4,101,0.01,0.0001,6,42,0.49793555374656406,0.5067355036735535,3.363638401031494,0.009984740801978984,3.363638401031494,6,0,True,False,False
EXP-T096,primary,4,101,0.01,0.0001,7,49,0.5002219442810331,0.5067391395568848,3.3694868087768555,0.009978031724785246,3.363638401031494,6,1,False,False,False
EXP-T096,primary,4,101,0.01,0.0001,8,56,0.5981280718530927,0.5091667771339417,3.3828418254852295,0.00997010672950314,3.363638401031494,6,2,False,False,False
EXP-T096,primary,4,101,0.01,0.0001,9,63,1.42933617745127,2.717863082885742,13.848023653030396,0.009960967771506667,3.363638401031494,6,3,False,False,False
EXP-T096,primary,4,101,0.01,0.0001,10,70,0.9958434307149479,0.5079691708087921,3.4014954566955566,0.00995061710569696,3.363638401031494,6,4,False,False,False
EXP-T096,primary,4,101,0.01,0.0001,11,77,0.508207597902843,0.5201035141944885,3.341296672821045,0.009939057285945933,3.341296672821045,11,0,True,False,False
EXP-T096,primary,4,101,0.01,0.0001,12,84,0.6382850791726794,0.5085352063179016,3.413196086883545,0.00992629116446613,3.341296672821045,11,1,False,False,False
EXP-T096,primary,4,101,0.01,0.0001,13,91,0.5903718003204891,0.5075598061084747,3.39310884475708,0.00991232189110701,3.341296672821045,11,2,False,False,False
EXP-T096,primary,4,101,0.01,0.0001,14,98,0.5034542679786682,0.5068298876285553,3.372087001800537,0.00989715291257774,3.341296672821045,11,3,False,False,False
EXP-T096,primary,4,101,0.01,0.0001,15,105,0.5119405261107853,0.5067259073257446,3.3688817024230957,0.0098807879715968,3.341296672821045,11,4,False,False,False
EXP-T096,primary,4,101,0.01,0.0001,16,112,0.527831860951015,0.5067084729671478,3.3652477264404297,0.0098632311059685,3.341296672821045,11,5,False,False,False
EXP-T096,primary,4,101,0.01,0.0001,17,119,0.5031069900308337,0.5067220330238342,3.364272117614746,0.009844486647586723,3.341296672821045,11,6,False,False,False
EXP-T096,primary,4,101,0.01,0.0001,18,126,0.5043542087078094,0.5068325102329254,3.36100435256958,0.0098245592213661,3.341296672821045,11,7,False,False,False
EXP-T096,primary,4,101,0.01,0.0001,19,133,0.5183010308870247,1.0256614089012146,5.819823622703552,0.009803453744100868,3.341296672821045,11,8,False,False,False
EXP-T096,primary,4,101,0.01,0.0001,20,140,0.7351291073220116,0.5149142146110535,3.4491477012634277,0.009781175423251734,3.341296672821045,11,9,False,False,False
EXP-T096,primary,4,101,0.01,0.0001,21,147,0.6654973008802959,0.5068365335464478,3.372232437133789,0.009757729755661011,3.341296672821045,11,10,False,False,False
EXP-T096,primary,4,101,0.01,0.0001,22,154,0.5760814504964011,0.5068843364715576,3.3731799125671387,0.009733122526196349,3.341296672821045,11,11,False,False,False
EXP-T096,primary,4,101,0.01,0.0001,23,161,0.5488952781472888,0.5075746774673462,3.3934850692749023,0.009707359806323416,3.341296672821045,11,12,False,False,False
EXP-T096,primary,4,101,0.01,0.0001,24,168,0.5243720582553318,0.5078364610671997,3.399664878845215,0.009680447952607845,3.341296672821045,11,13,False,False,False
EXP-T096,primary,4,101,0.01,0.0001,25,175,0.5252512437956673,0.5081968903541565,3.407097816467285,0.009652393605146845,3.341296672821045,11,14,False,False,False
EXP-T096,primary,4,101,0.01,0.0001,26,182,0.8358339582170758,0.5091202557086945,3.4223098754882812,0.00962320368593087,3.341296672821045,11,15,False,False,False
EXP-T096,primary,4,101,0.01,0.0001,27,189,0.5863649249076843,0.5090910792350769,3.421889305114746,0.009592885397135707,3.341296672821045,11,16,False,False,False
EXP-T096,primary,4,101,0.01,0.0001,28,196,0.532220150743212,0.5091603994369507,3.422886371612549,0.009561446219345454,3.341296672821045,11,17,False,False,False
EXP-T096,primary,4,101,0.01,0.0001,29,203,0.5431768553597587,0.5091541707515717,3.422797679901123,0.009528893909706798,3.341296672821045,11,18,False,False,False
EXP-T096,primary,4,101,0.01,0.0001,30,210,0.5306279063224792,0.5083934664726257,3.4107327461242676,0.009495236500015047,3.341296672821045,11,19,False,False,False
EXP-T096,primary,4,101,0.01,0.0001,31,217,0.48798457958868574,0.5077390074729919,3.3974575996398926,0.00946048229473242,3.341296672821045,11,20,False,False,False
EXP-T096,primary,4,101,0.01,0.0001,32,224,0.6193342549460275,0.5071658492088318,3.381537437438965,0.009424639868939034,3.341296672821045,11,21,False,False,False
EXP-T096,primary,4,101,0.01,0.0001,33,231,0.5039898817028318,0.5068129003047943,3.371699333190918,0.009387718066217124,3.341296672821045,11,22,False,False,False
EXP-T096,primary,4,101,0.01,0.0001,34,238,0.5541555838925498,0.5067164301872253,3.368335247039795,0.009349725996469048,3.341296672821045,11,23,False,False,False
EXP-T096,primary,4,101,0.01,0.0001,35,245,0.5515912430627006,0.506704568862915,3.3672027587890625,0.00931067303366952,3.341296672821045,11,24,False,False,False
EXP-T096,primary,4,101,0.01,0.0001,36,252,0.6081303060054779,0.5067824721336365,3.370922088623047,0.009270568813552756,3.341296672821045,11,25,False,False,False
EXP-T096,primary,4,101,0.01,0.0001,37,259,0.5543184791292463,0.5068479776382446,3.3724722862243652,0.009229423231234974,3.341296672821045,11,26,False,False,False
EXP-T096,primary,4,101,0.01,0.0001,38,266,0.5150864507470813,0.5069994330406189,3.3751301765441895,0.009187246438772938,3.341296672821045,11,27,False,False,False
EXP-T096,primary,4,101,0.01,0.0001,39,273,0.6311005268778119,0.5073480308055878,3.387329578399658,0.009144048842659082,3.341296672821045,11,28,False,False,False
EXP-T096,primary,4,101,0.01,0.0001,40,280,0.4934038370847702,0.5070452988147736,3.377047061920166,0.009099841101253866,3.341296672821045,11,29,False,False,False
EXP-T096,primary,4,101,0.01,0.0001,41,287,0.6154479341847556,0.5067300200462341,3.3690853118896484,0.00905463412215599,3.341296672821045,11,30,False,True,False
EXP-T096,shadow,0,101,1e-05,1.0000000000000001e-07,1,7,0.49355186788099153,0.48041631778081256,3.268990487763376,1e-05,3.268990487763376,1,0,True,False,False
EXP-T096,shadow,0,101,1e-05,1.0000000000000001e-07,2,14,0.49657306421015945,0.47620606422424316,3.270894599683357,9.99938933078422e-06,3.268990487763376,1,1,False,False,False
EXP-T096,shadow,0,101,1e-05,1.0000000000000001e-07,3,21,0.6190199766840253,0.473217248916626,3.2722334428267046,9.997557473810373e-06,3.268990487763376,1,2,False,False,False
EXP-T096,shadow,0,101,1e-05,1.0000000000000001e-07,4,28,0.6115979935441699,0.4714164932568868,3.2730077107747397,9.994504881061752e-06,3.268990487763376,1,3,False,False,False
EXP-T096,shadow,0,101,1e-05,1.0000000000000001e-07,5,35,0.6171633516039167,0.47005613644917804,3.2735706676136362,9.990232305719944e-06,3.268990487763376,1,4,False,False,False
EXP-T096,shadow,0,101,1e-05,1.0000000000000001e-07,6,42,0.5054467820695469,0.469521959622701,3.273749842788234,9.984740801978984e-06,3.268990487763376,1,5,False,False,False
EXP-T096,shadow,0,101,1e-05,1.0000000000000001e-07,7,49,0.559318619115012,0.47023606300354004,3.2733320756392046,9.978031724785247e-06,3.268990487763376,1,6,False,False,False
EXP-T096,shadow,0,101,1e-05,1.0000000000000001e-07,8,56,0.4815656056453008,0.4699472387631734,3.2733942667643228,9.97010672950314e-06,3.268990487763376,1,7,False,False,False
EXP-T096,shadow,0,101,1e-05,1.0000000000000001e-07,9,63,0.4743292603109564,0.4692080020904541,3.2736689249674478,9.960967771506666e-06,3.268990487763376,1,8,False,False,False
EXP-T096,shadow,0,101,1e-05,1.0000000000000001e-07,10,70,0.5166476241179875,0.46903711557388306,3.273692275538589,9.950617105696961e-06,3.268990487763376,1,9,False,False,False
EXP-T096,shadow,0,101,1e-05,1.0000000000000001e-07,11,77,0.5102305838039943,0.4673591951529185,3.27446376916134,9.939057285945933e-06,3.268990487763376,1,10,False,False,False
EXP-T096,shadow,0,101,1e-05,1.0000000000000001e-07,12,84,0.5463371276855469,0.46569045384724933,3.275257919773911,9.926291164466131e-06,3.268990487763376,1,11,False,False,False
EXP-T096,shadow,0,101,1e-05,1.0000000000000001e-07,13,91,0.5430195459297725,0.46533292531967163,3.275413975571141,9.91232189110701e-06,3.268990487763376,1,12,False,False,False
EXP-T096,shadow,0,101,1e-05,1.0000000000000001e-07,14,98,0.49055725522339344,0.46428096294403076,3.2758830677379263,9.897152912577742e-06,3.268990487763376,1,13,False,False,False
EXP-T096,shadow,0,101,1e-05,1.0000000000000001e-07,15,105,0.5647159474236625,0.4637278616428375,3.2761036265980112,9.8807879715968e-06,3.268990487763376,1,14,False,False,False
EXP-T096,shadow,0,101,1e-05,1.0000000000000001e-07,16,112,0.6508239805698395,0.46194713314374286,3.276933612245502,9.8632311059685e-06,3.268990487763376,1,15,False,False,False
EXP-T096,shadow,0,101,1e-05,1.0000000000000001e-07,17,119,0.5093708251203809,0.45985565582911175,3.277932831735322,9.844486647586724e-06,3.268990487763376,1,16,False,False,False
EXP-T096,shadow,0,101,1e-05,1.0000000000000001e-07,18,126,0.5914134383201599,0.4580401877562205,3.2788067441998106,9.824559221366101e-06,3.268990487763376,1,17,False,False,False
EXP-T096,shadow,0,101,1e-05,1.0000000000000001e-07,19,133,0.6886717166219439,0.45657891035079956,3.2795079549153647,9.803453744100868e-06,3.268990487763376,1,18,False,False,False
EXP-T096,shadow,0,101,1e-05,1.0000000000000001e-07,20,140,0.49496918278081076,0.45536988973617554,3.2801007357510654,9.781175423251734e-06,3.268990487763376,1,19,False,False,False
EXP-T096,shadow,0,101,1e-05,1.0000000000000001e-07,21,147,0.49243422810520443,0.45339435338974,3.281078916607481,9.757729755661012e-06,3.268990487763376,1,20,False,False,False
EXP-T096,shadow,0,101,1e-05,1.0000000000000001e-07,22,154,0.8142204625265939,0.4528072277704875,3.281339240796638,9.73312252619635e-06,3.268990487763376,1,21,False,False,False
EXP-T096,shadow,0,101,1e-05,1.0000000000000001e-07,23,161,0.4988450471843992,0.45352349678675336,3.28091777454723,9.707359806323418e-06,3.268990487763376,1,22,False,False,False
EXP-T096,shadow,0,101,1e-05,1.0000000000000001e-07,24,168,0.7073007779461997,0.4536408881346385,3.280829227331913,9.680447952607845e-06,3.268990487763376,1,23,False,False,False
EXP-T096,shadow,0,101,1e-05,1.0000000000000001e-07,25,175,0.5632519040788923,0.4537367324034373,3.2807293516216856,9.652393605146845e-06,3.268990487763376,1,24,False,False,False
EXP-T096,shadow,0,101,1e-05,1.0000000000000001e-07,26,182,0.8646128220217568,0.452719509601593,3.2812116218335703,9.62320368593087e-06,3.268990487763376,1,25,False,False,False
EXP-T096,shadow,0,101,1e-05,1.0000000000000001e-07,27,189,0.4906371370224016,0.4510559141635895,3.2820443818063447,9.592885397135707e-06,3.268990487763376,1,26,False,False,False
EXP-T096,shadow,0,101,1e-05,1.0000000000000001e-07,28,196,0.48574444704822134,0.4511473774909973,3.2819431189334756,9.561446219345455e-06,3.268990487763376,1,27,False,False,False
EXP-T096,shadow,0,101,1e-05,1.0000000000000001e-07,29,203,0.5237125605344772,0.4512891173362732,3.2818279844341856,9.528893909706798e-06,3.268990487763376,1,28,False,False,False
EXP-T096,shadow,0,101,1e-05,1.0000000000000001e-07,30,210,0.48788507814918247,0.451293687025706,3.281772497928504,9.495236500015048e-06,3.268990487763376,1,29,False,False,False
EXP-T096,shadow,0,101,1e-05,1.0000000000000001e-07,31,217,0.5417731276580265,0.45298638939857483,3.2808403246330493,9.460482294732422e-06,3.268990487763376,1,30,False,True,False
EXP-T096,shadow,0,101,0.0001,1.0000000000000002e-06,1,7,0.49446141347289085,0.4513312478860219,3.282626065340909,0.0001,3.282626065340909,1,0,True,False,False
EXP-T096,shadow,0,101,0.0001,1.0000000000000002e-06,2,14,0.4912853187748364,0.4514485498269399,3.28191005822384,9.99938933078422e-05,3.28191005822384,2,0,True,False,False
EXP-T096,shadow,0,101,0.0001,1.0000000000000002e-06,3,21,0.6325078138283321,0.4523772895336151,3.280904365308357,9.997557473810373e-05,3.280904365308357,3,0,True,False,False
EXP-T096,shadow,0,101,0.0001,1.0000000000000002e-06,4,28,0.593949671302523,0.4569941957791646,3.2778778076171875,9.994504881061753e-05,3.2778778076171875,4,0,True,False,False
EXP-T096,shadow,0,101,0.0001,1.0000000000000002e-06,5,35,0.5834123875413623,0.46493489543596905,3.2732354366418086,9.990232305719945e-05,3.2732354366418086,5,0,True,False,False
EXP-T096,shadow,0,101,0.0001,1.0000000000000002e-06,6,42,0.4718344695866108,0.4735880494117737,3.268642541133996,9.984740801978984e-05,3.268642541133996,6,0,True,False,False
EXP-T096,shadow,0,101,0.0001,1.0000000000000002e-06,7,49,0.5242012952055249,0.48444972435633343,3.26356113318241,9.978031724785247e-05,3.26356113318241,7,0,True,False,False
EXP-T096,shadow,0,101,0.0001,1.0000000000000002e-06,8,56,0.4771652785795076,0.4783325990041097,3.2660832260594224,9.97010672950314e-05,3.26356113318241,7,1,False,False,False
EXP-T096,shadow,0,101,0.0001,1.0000000000000002e-06,9,63,0.5004734758819852,0.4616466164588928,3.2738092595880683,9.960967771506667e-05,3.26356113318241,7,2,False,False,False
EXP-T096,shadow,0,101,0.0001,1.0000000000000002e-06,10,70,0.5259720597948346,0.45521726210912067,3.2770425045129024,9.95061710569696e-05,3.26356113318241,7,3,False,False,False
EXP-T096,shadow,0,101,0.0001,1.0000000000000002e-06,11,77,0.5065454223326274,0.44802236557006836,3.2808403246330493,9.939057285945933e-05,3.26356113318241,7,4,False,False,False
EXP-T096,shadow,0,101,0.0001,1.0000000000000002e-06,12,84,0.5666916412966592,0.4457881848017375,3.281806483413234,9.926291164466132e-05,3.26356113318241,7,5,False,False,False
EXP-T096,shadow,0,101,0.0001,1.0000000000000002e-06,13,91,0.5523664397852761,0.4595708946386973,3.2739581483783144,9.91232189110701e-05,3.26356113318241,7,6,False,False,False
EXP-T096,shadow,0,101,0.0001,1.0000000000000002e-06,14,98,0.48774803962026325,0.45896724859873456,3.2736541285659326,9.897152912577741e-05,3.26356113318241,7,7,False,False,False
EXP-T096,shadow,0,101,0.0001,1.0000000000000002e-06,15,105,0.5831681021622249,0.45531342426935834,3.275075739080256,9.8807879715968e-05,3.26356113318241,7,8,False,False,False
EXP-T096,shadow,0,101,0.0001,1.0000000000000002e-06,16,112,0.6479565288339343,0.4461570978164673,3.279569452459162,9.8632311059685e-05,3.26356113318241,7,9,False,False,False
EXP-T096,shadow,0,101,0.0001,1.0000000000000002e-06,17,119,0.511051316346441,0.4428608218828837,3.2810914010712593,9.844486647586725e-05,3.26356113318241,7,10,False,False,False
EXP-T096,shadow,0,101,0.0001,1.0000000000000002e-06,18,126,0.6005498256002154,0.44325021902720135,3.2803837169300425,9.824559221366101e-05,3.26356113318241,7,11,False,False,False
EXP-T096,shadow,0,101,0.0001,1.0000000000000002e-06,19,133,0.7071872310979026,0.445656677087148,3.2785392530036694,9.803453744100869e-05,3.26356113318241,7,12,False,False,False
EXP-T096,shadow,0,101,0.0001,1.0000000000000002e-06,20,140,0.500470410500254,0.4458387990792592,3.2781050710967095,9.781175423251735e-05,3.26356113318241,7,13,False,False,False
EXP-T096,shadow,0,101,0.0001,1.0000000000000002e-06,21,147,0.5039396584033966,0.44166035453478497,3.280057733709162,9.757729755661011e-05,3.26356113318241,7,14,False,False,False
EXP-T096,shadow,0,101,0.0001,1.0000000000000002e-06,22,154,0.803675149168287,0.44685932000478107,3.276687853264086,9.73312252619635e-05,3.26356113318241,7,15,False,False,False
EXP-T096,shadow,0,101,0.0001,1.0000000000000002e-06,23,161,0.474156100835119,0.459023396174113,3.2696609497070312,9.707359806323417e-05,3.26356113318241,7,16,False,False,False
EXP-T096,shadow,0,101,0.0001,1.0000000000000002e-06,24,168,0.6686650216579437,0.46070677042007446,3.2680744980320786,9.680447952607845e-05,3.26356113318241,7,17,False,False,False
EXP-T096,shadow,0,101,0.0001,1.0000000000000002e-06,25,175,0.5627717205456325,0.45991599559783936,3.2676375417998345,9.652393605146844e-05,3.26356113318241,7,18,False,False,False
EXP-T096,shadow,0,101,0.0001,1.0000000000000002e-06,26,182,0.8437151866299766,0.44462119539578754,3.2748727509469697,9.623203685930869e-05,3.26356113318241,7,19,False,False,False
EXP-T096,shadow,0,101,0.0001,1.0000000000000002e-06,27,189,0.4960406188453947,0.435282826423645,3.2796210086706914,9.592885397135707e-05,3.26356113318241,7,20,False,False,False
EXP-T096,shadow,0,101,0.0001,1.0000000000000002e-06,28,196,0.4846420214910592,0.44565149148305255,3.2738397771661933,9.561446219345454e-05,3.26356113318241,7,21,False,False,False
EXP-T096,shadow,0,101,0.0001,1.0000000000000002e-06,29,203,0.5137631850583213,0.4463111162185669,3.273319128787879,9.528893909706797e-05,3.26356113318241,7,22,False,False,False
EXP-T096,shadow,0,101,0.0001,1.0000000000000002e-06,30,210,0.49799167684146334,0.44907767573992413,3.2714302756569604,9.495236500015047e-05,3.26356113318241,7,23,False,False,False
EXP-T096,shadow,0,101,0.0001,1.0000000000000002e-06,31,217,0.5162290015390941,0.4642282923062642,3.263654766660748,9.460482294732421e-05,3.26356113318241,7,24,False,False,False
EXP-T096,shadow,0,101,0.0001,1.0000000000000002e-06,32,224,0.471339862793684,0.45848045746485394,3.2662015972715435,9.424639868939033e-05,3.26356113318241,7,25,False,False,False
EXP-T096,shadow,0,101,0.0001,1.0000000000000002e-06,33,231,0.5545706706387656,0.4554310043652852,3.2675316550514917,9.387718066217124e-05,3.26356113318241,7,26,False,False,False
EXP-T096,shadow,0,101,0.0001,1.0000000000000002e-06,34,238,0.7269377282687596,0.453989843527476,3.267878445712003,9.349725996469047e-05,3.26356113318241,7,27,False,False,False
EXP-T096,shadow,0,101,0.0001,1.0000000000000002e-06,35,245,0.5379729696682521,0.4498826364676158,3.269658175381747,9.310673033669521e-05,3.26356113318241,7,28,False,False,False
EXP-T096,shadow,0,101,0.0001,1.0000000000000002e-06,36,252,0.4911361187696457,0.4426652789115906,3.2729813546845405,9.270568813552756e-05,3.26356113318241,7,29,False,False,False
EXP-T096,shadow,0,101,0.0001,1.0000000000000002e-06,37,259,0.4727505792730621,0.4426190455754598,3.2724193226207388,9.229423231234974e-05,3.26356113318241,7,30,False,True,False
EXP-T096,shadow,0,101,0.001,1e-05,1,7,0.502696519451482,0.48174060384432477,3.2605879812529595,0.001,3.2605879812529595,1,0,True,False,False
EXP-T096,shadow,0,101,0.001,1e-05,2,14,0.4961228740534612,0.40127581854661304,3.552165407122988,0.000999938933078422,3.2605879812529595,1,1,False,False,False
EXP-T096,shadow,0,101,0.001,1e-05,3,21,0.6046416759490967,0.6465852657953898,3.5577679258404356,0.0009997557473810372,3.2605879812529595,1,2,False,False,False
EXP-T096,shadow,0,101,0.001,1e-05,4,28,0.6634858080318996,0.4931943615277608,3.2674535115559897,0.0009994504881061753,3.2605879812529595,1,3,False,False,False
EXP-T096,shadow,0,101,0.001,1e-05,5,35,0.5975164430482047,0.5134973526000977,3.304077842018821,0.0009990232305719944,3.2605879812529595,1,4,False,False,False
EXP-T096,shadow,0,101,0.001,1e-05,6,42,0.49390511578531004,0.46663880348205566,3.250987428607363,0.0009984740801978985,3.250987428607363,6,0,True,False,False
EXP-T096,shadow,0,101,0.001,1e-05,7,49,0.5375719496182033,0.46568024158477783,3.244547294847893,0.0009978031724785245,3.244547294847893,7,0,True,False,False
EXP-T096,shadow,0,101,0.001,1e-05,8,56,0.48958373675122857,0.4720803499221802,3.2342829848780776,0.000997010672950314,3.2342829848780776,8,0,True,False,False
EXP-T096,shadow,0,101,0.001,1e-05,9,63,0.5155845880508423,0.42697105805079144,3.241426641290838,0.0009960967771506667,3.2342829848780776,8,1,False,False,False
EXP-T096,shadow,0,101,0.001,1e-05,10,70,0.5167356601783207,0.4401014844576518,3.194090409712358,0.000995061710569696,3.194090409712358,10,0,True,False,False
EXP-T096,shadow,0,101,0.001,1e-05,11,77,0.5399238594940731,0.4825004239877065,3.1620444095495976,0.0009939057285945933,3.1620444095495976,11,0,True,False,False
EXP-T096,shadow,0,101,0.001,1e-05,12,84,0.5029740120683398,0.454040269056956,3.09384502064098,0.000992629116446613,3.09384502064098,12,0,True,False,False
EXP-T096,shadow,0,101,0.001,1e-05,13,91,0.5577472256762641,0.3463955832024415,3.1972297899650806,0.000991232189110701,3.09384502064098,12,1,False,False,False
EXP-T096,shadow,0,101,0.001,1e-05,14,98,0.4656294584274292,0.7040816843509674,3.550111944025213,0.0009897152912577741,3.09384502064098,12,2,False,False,False
EXP-T096,shadow,0,101,0.001,1e-05,15,105,0.5260387744222369,0.3885393540064494,3.11390732273911,0.00098807879715968,3.09384502064098,12,3,False,False,False
EXP-T096,shadow,0,101,0.001,1e-05,16,112,0.6447203116757529,0.3782063623269399,2.809449629350142,0.00098632311059685,2.809449629350142,16,0,True,False,False
EXP-T096,shadow,0,101,0.001,1e-05,17,119,0.4187226731862341,0.34419819712638855,2.740364768288352,0.0009844486647586723,2.740364768288352,17,0,True,False,False
EXP-T096,shadow,0,101,0.001,1e-05,18,126,0.3942498490214348,0.29922161251306534,2.815831502278646,0.00098245592213661,2.740364768288352,17,1,False,False,False
EXP-T096,shadow,0,101,0.001,1e-05,19,133,0.536345477615084,0.31300463030735654,3.0493570963541665,0.0009803453744100868,2.740364768288352,17,2,False,False,False
EXP-T096,shadow,0,101,0.001,1e-05,20,140,0.38701583499953685,0.43807140986124676,2.8483870535185845,0.0009781175423251734,2.740364768288352,17,3,False,False,False
EXP-T096,shadow,0,101,0.001,1e-05,21,147,0.39682483460221973,0.358559528986613,2.7899884310635654,0.0009757729755661011,2.740364768288352,17,4,False,False,False
EXP-T096,shadow,0,101,0.001,1e-05,22,154,0.6332996189594269,0.4059343735376994,2.7550090443004263,0.0009733122526196349,2.740364768288352,17,5,False,False,False
EXP-T096,shadow,0,101,0.001,1e-05,23,161,0.3788047374359199,0.4403414229551951,2.769887519605232,0.0009707359806323416,2.740364768288352,17,6,False,False,False
EXP-T096,shadow,0,101,0.001,1e-05,24,168,0.35803212012563435,0.5322661399841309,3.196230801669034,0.0009680447952607845,2.740364768288352,17,7,False,False,False
EXP-T096,shadow,0,101,0.001,1e-05,25,175,0.34917062407891664,0.2943931942184766,2.907571503610322,0.0009652393605146844,2.740364768288352,17,8,False,False,False
EXP-T096,shadow,0,101,0.001,1e-05,26,182,0.5485354747091021,0.3821294705073039,2.946260625665838,0.000962320368593087,2.740364768288352,17,9,False,False,False
EXP-T096,shadow,0,101,0.001,1e-05,27,189,0.36351982184818815,0.3707643449306488,3.227587844386245,0.0009592885397135706,2.740364768288352,17,10,False,False,False
EXP-T096,shadow,0,101,0.001,1e-05,28,196,0.408597503389631,0.4236247142155965,2.794143907951586,0.0009561446219345453,2.740364768288352,17,11,False,False,False
EXP-T096,shadow,0,101,0.001,1e-05,29,203,0.29190842487982344,0.4465037484963735,2.7874614831173057,0.0009528893909706797,2.740364768288352,17,12,False,False,False
EXP-T096,shadow,0,101,0.001,1e-05,30,210,0.3005623348456408,0.7159585158030192,3.7234835769190933,0.0009495236500015047,2.740364768288352,17,13,False,False,False
EXP-T096,shadow,0,101,0.001,1e-05,31,217,0.32329570927790235,0.49957606196403503,3.1362399476947207,0.0009460482294732421,2.740364768288352,17,14,False,False,False
EXP-T096,shadow,0,101,0.001,1e-05,32,224,0.3036125695465931,0.6816388964653015,3.4942132198449336,0.0009424639868939033,2.740364768288352,17,15,False,False,False
EXP-T096,shadow,0,101,0.001,1e-05,33,231,0.3086738203253065,0.3749941686789195,2.932659727154356,0.0009387718066217125,2.740364768288352,17,16,False,False,False
EXP-T096,shadow,0,101,0.001,1e-05,34,238,0.38043015769549776,0.4790303309758504,2.931279847116181,0.0009349725996469047,2.740364768288352,17,17,False,False,False
EXP-T096,shadow,0,101,0.001,1e-05,35,245,0.2728915491274425,0.6142793893814087,2.9603655266039297,0.0009310673033669522,2.740364768288352,17,18,False,False,False
EXP-T096,shadow,0,101,0.001,1e-05,36,252,0.2767942952258246,0.5871314803759257,2.911923957593513,0.0009270568813552756,2.740364768288352,17,19,False,False,False
EXP-T096,shadow,0,101,0.001,1e-05,37,259,0.22535826159375055,0.703917533159256,3.2707378503048057,0.0009229423231234975,2.740364768288352,17,20,False,False,False
EXP-T096,shadow,0,101,0.001,1e-05,38,266,0.23556567941393172,0.6759652296702067,3.20505986069188,0.0009187246438772938,2.740364768288352,17,21,False,False,False
EXP-T096,shadow,0,101,0.001,1e-05,39,273,0.26866816022915635,0.8427040576934814,3.359319397897431,0.0009144048842659081,2.740364768288352,17,22,False,False,False
EXP-T096,shadow,0,101,0.001,1e-05,40,280,0.37733544409275055,0.7595567007859548,3.170675566702178,0.0009099841101253866,2.740364768288352,17,23,False,False,False
EXP-T096,shadow,0,101,0.001,1e-05,41,287,0.33792808439050404,0.7422763605912527,3.1125974944143584,0.000905463412215599,2.740364768288352,17,24,False,False,False
EXP-T096,shadow,0,101,0.001,1e-05,42,294,0.22905330020668252,0.7706692616144816,2.893255291563092,0.0009008439059511099,2.740364768288352,17,25,False,False,False
EXP-T096,shadow,0,101,0.001,1e-05,43,301,0.2996228614023754,0.8645145992437998,3.1068085179184424,0.0008961267311259666,2.740364768288352,17,26,False,False,False
EXP-T096,shadow,0,101,0.001,1e-05,44,308,0.24014696691717421,0.6905837456385294,2.817369172067353,0.0008913130516324732,2.740364768288352,17,27,False,False,False
EXP-T096,shadow,0,101,0.001,1e-05,45,315,0.2322633699763433,0.77848748366038,2.9182332356770835,0.0008864040551740157,2.740364768288352,17,28,False,False,False
EXP-T096,shadow,0,101,0.001,1e-05,46,322,0.4477357545069286,0.7832655012607574,2.8692742550011836,0.0008814009529720154,2.740364768288352,17,29,False,False,False
EXP-T096,shadow,0,101,0.001,1e-05,47,329,0.24882284764732635,0.865218460559845,3.059498642430161,0.0008763049794670775,2.740364768288352,17,30,False,True,False
EXP-T096,shadow,0,101,0.01,0.0001,1,7,1.713862112590245,0.5142449736595154,3.29198085900509,0.01,3.29198085900509,1,0,True,False,False
EXP-T096,shadow,0,101,0.01,0.0001,2,14,1.389856307115094,0.47463783420001465,4.253875270034328,0.00999938933078422,3.29198085900509,1,1,False,False,False
EXP-T096,shadow,0,101,0.01,0.0001,3,21,1.8949333599635534,1.6661673386891682,9.931221933075875,0.009997557473810372,3.29198085900509,1,2,False,False,False
EXP-T096,shadow,0,101,0.01,0.0001,4,28,1.064065967287336,0.49849798281987506,3.2779543327562735,0.009994504881061753,3.2779543327562735,4,0,True,False,False
EXP-T096,shadow,0,101,0.01,0.0001,5,35,0.600071885756084,0.7441069583098093,3.839094219785748,0.009990232305719944,3.2779543327562735,4,1,False,False,False
EXP-T096,shadow,0,101,0.01,0.0001,6,42,0.5226965639740229,0.39487672100464505,3.4847090750029595,0.009984740801978984,3.2779543327562735,4,2,False,False,False
EXP-T096,shadow,0,101,0.01,0.0001,7,49,0.6318566032818386,1.0690105160077412,5.282603177157315,0.009978031724785246,3.2779543327562735,4,3,False,False,False
EXP-T096,shadow,0,101,0.01,0.0001,8,56,0.7378774413040706,0.42874431889504194,3.9374311042554453,0.00997010672950314,3.2779543327562735,4,4,False,False,False
EXP-T096,shadow,0,101,0.01,0.0001,9,63,0.5210447353976113,0.4925200839837392,3.2658659039121685,0.009960967771506667,3.2658659039121685,9,0,True,False,False
EXP-T096,shadow,0,101,0.01,0.0001,10,70,0.5459829206977572,0.47006016969680786,3.266494288589015,0.00995061710569696,3.2658659039121685,9,1,False,False,False
EXP-T096,shadow,0,101,0.01,0.0001,11,77,0.5778039949280875,0.6768536865711212,3.6084222504586885,0.009939057285945933,3.2658659039121685,9,2,False,False,False
EXP-T096,shadow,0,101,0.01,0.0001,12,84,0.5826220214366913,0.4602675437927246,3.2712966456557764,0.00992629116446613,3.2658659039121685,9,3,False,False,False
EXP-T096,shadow,0,101,0.01,0.0001,13,91,0.5273162807737078,0.7582267820835114,3.8594841234611743,0.00991232189110701,3.2658659039121685,9,4,False,False,False
EXP-T096,shadow,0,101,0.01,0.0001,14,98,0.5118695337857518,0.4692867000897725,3.266867666533499,0.00989715291257774,3.2658659039121685,9,5,False,False,False
EXP-T096,shadow,0,101,0.01,0.0001,15,105,0.5759507417678833,0.4669145147005717,3.2680109197443183,0.0098807879715968,3.2658659039121685,9,6,False,False,False
EXP-T096,shadow,0,101,0.01,0.0001,16,112,0.6294000148773193,0.4581846594810486,3.2723469589695786,0.0098632311059685,3.2658659039121685,9,7,False,False,False
EXP-T096,shadow,0,101,0.01,0.0001,17,119,0.4948794980134283,0.4496213694413503,3.2768378980232007,0.009844486647586723,3.2658659039121685,9,8,False,False,False
EXP-T096,shadow,0,101,0.01,0.0001,18,126,0.647645788533347,0.4781513015429179,3.45707402084813,0.0098245592213661,3.2658659039121685,9,9,False,False,False
EXP-T096,shadow,0,101,0.01,0.0001,19,133,0.7692407539912632,0.44462432463963825,3.2795761570785986,0.009803453744100868,3.2658659039121685,9,10,False,False,False
EXP-T096,shadow,0,101,0.01,0.0001,20,140,0.48640785792044233,0.44131092230478924,3.2814509073893228,0.009781175423251734,3.2658659039121685,9,11,False,False,False
EXP-T096,shadow,0,101,0.01,0.0001,21,147,0.5018102803400585,0.4397069414456685,3.282376838452888,0.009757729755661011,3.2658659039121685,9,12,False,False,False
EXP-T096,shadow,0,101,0.01,0.0001,22,154,0.809694549867085,0.44653627276420593,3.2785163648200757,0.009733122526196349,3.2658659039121685,9,13,False,False,False
EXP-T096,shadow,0,101,0.01,0.0001,23,161,0.4828388254557337,0.45594916741053265,3.2735001535126655,0.009707359806323416,3.2658659039121685,9,14,False,False,False
EXP-T096,shadow,0,101,0.01,0.0001,24,168,0.6994846974100385,0.460750291744868,3.271053660999645,0.009680447952607845,3.2658659039121685,9,15,False,False,False
EXP-T096,shadow,0,101,0.01,0.0001,25,175,0.5625557005405426,0.4672654668490092,3.267840761126894,0.009652393605146845,3.2658659039121685,9,16,False,False,False
EXP-T096,shadow,0,101,0.01,0.0001,26,182,0.8334858970982688,0.4643459717432658,3.2692660707415957,0.00962320368593087,3.2658659039121685,9,17,False,False,False
EXP-T096,shadow,0,101,0.01,0.0001,27,189,0.48068191004650934,0.4594374696413676,3.2717157999674478,0.009592885397135707,3.2658659039121685,9,18,False,False,False
EXP-T096,shadow,0,101,0.01,0.0001,28,196,0.4765224890517337,0.4597167770067851,3.271574540571733,0.009561446219345454,3.2658659039121685,9,19,False,False,False
EXP-T096,shadow,0,101,0.01,0.0001,29,203,0.5138986153262002,0.45814170440038043,3.272374239834872,0.009528893909706798,3.2658659039121685,9,20,False,False,False
EXP-T096,shadow,0,101,0.01,0.0001,30,210,0.48169179633259773,0.45468353231747943,3.2741569750236743,0.009495236500015047,3.2658659039121685,9,21,False,False,False
EXP-T096,shadow,0,101,0.01,0.0001,31,217,0.49940583535603117,0.45572027564048767,3.273618524724787,0.00946048229473242,3.2658659039121685,9,22,False,False,False
EXP-T096,shadow,0,101,0.01,0.0001,32,224,0.47725439444184303,0.45306553443272907,3.2750043002041904,0.009424639868939034,3.2658659039121685,9,23,False,False,False
EXP-T096,shadow,0,101,0.01,0.0001,33,231,0.5587122738361359,0.4546199639638265,3.2741902669270835,0.009387718066217124,3.2658659039121685,9,24,False,False,False
EXP-T096,shadow,0,101,0.01,0.0001,34,238,0.7303357252052852,0.45952468117078143,3.2716716419566763,0.009349725996469048,3.2658659039121685,9,25,False,False,False
EXP-T096,shadow,0,101,0.01,0.0001,35,245,0.5409435842718396,0.4601592222849528,3.2713512073863638,0.00931067303366952,3.2658659039121685,9,26,False,False,False
EXP-T096,shadow,0,101,0.01,0.0001,36,252,0.48992321108068737,0.4623657464981079,3.2702461011482007,0.009270568813552756,3.2658659039121685,9,27,False,False,False
EXP-T096,shadow,0,101,0.01,0.0001,37,259,0.48174607700535227,0.4617494543393453,3.270553357673414,0.009229423231234974,3.2658659039121685,9,28,False,False,False
EXP-T096,shadow,0,101,0.01,0.0001,38,266,0.5144268189157758,0.45948900779088336,3.271689675071023,0.009187246438772938,3.2658659039121685,9,29,False,False,False
EXP-T096,shadow,0,101,0.01,0.0001,39,273,0.6002483410494668,0.4560559391975403,3.273444898200758,0.009144048842659082,3.2658659039121685,9,30,False,True,False
EXP-T096,shadow,1,101,1e-05,1.0000000000000001e-07,1,7,0.504056304693222,0.548751950263977,3.490748167037964,1e-05,3.490748167037964,1,0,True,False,False
EXP-T096,shadow,1,101,1e-05,1.0000000000000001e-07,2,14,0.553807658808572,0.5479088723659515,3.4907267093658447,9.99938933078422e-06,3.4907267093658447,2,0,True,False,False
EXP-T096,shadow,1,101,1e-05,1.0000000000000001e-07,3,21,0.5732108950614929,0.5484198033809662,3.4906444549560547,9.997557473810373e-06,3.4906444549560547,3,0,True,False,False
EXP-T096,shadow,1,101,1e-05,1.0000000000000001e-07,4,28,0.7136389315128326,0.5485842823982239,3.4905619621276855,9.994504881061752e-06,3.4905619621276855,4,0,True,False,False
EXP-T096,shadow,1,101,1e-05,1.0000000000000001e-07,5,35,0.7242718807288578,0.5487320125102997,3.4905011653900146,9.990232305719944e-06,3.4905011653900146,5,0,True,False,False
EXP-T096,shadow,1,101,1e-05,1.0000000000000001e-07,6,42,0.48013186029025484,0.5487290322780609,3.490440607070923,9.984740801978984e-06,3.490440607070923,6,0,True,False,False
EXP-T096,shadow,1,101,1e-05,1.0000000000000001e-07,7,49,0.4863357687635081,0.5487752556800842,3.49038028717041,9.978031724785247e-06,3.49038028717041,7,0,True,False,False
EXP-T096,shadow,1,101,1e-05,1.0000000000000001e-07,8,56,0.48159237837951097,0.5486908257007599,3.49031925201416,9.97010672950314e-06,3.49031925201416,8,0,True,False,False
EXP-T096,shadow,1,101,1e-05,1.0000000000000001e-07,9,63,0.6027877884251731,0.5479280054569244,3.490283727645874,9.960967771506666e-06,3.490283727645874,9,0,True,False,False
EXP-T096,shadow,1,101,1e-05,1.0000000000000001e-07,10,70,0.5069089276450021,0.5470921695232391,3.490248203277588,9.950617105696961e-06,3.490248203277588,10,0,True,False,False
EXP-T096,shadow,1,101,1e-05,1.0000000000000001e-07,11,77,0.4978695000920977,0.5464412271976471,3.490204334259033,9.939057285945933e-06,3.490204334259033,11,0,True,False,False
EXP-T096,shadow,1,101,1e-05,1.0000000000000001e-07,12,84,0.4719620091574533,0.5455357134342194,3.490175247192383,9.926291164466131e-06,3.490175247192383,12,0,True,False,False
EXP-T096,shadow,1,101,1e-05,1.0000000000000001e-07,13,91,0.5780355334281921,0.5451611876487732,3.490133047103882,9.91232189110701e-06,3.490133047103882,13,0,True,False,False
EXP-T096,shadow,1,101,1e-05,1.0000000000000001e-07,14,98,0.5619421473571232,0.5446874797344208,3.4900925159454346,9.897152912577742e-06,3.4900925159454346,14,0,True,False,False
EXP-T096,shadow,1,101,1e-05,1.0000000000000001e-07,15,105,0.559854154075895,0.5441674888134003,3.490046501159668,9.8807879715968e-06,3.490046501159668,15,0,True,False,False
EXP-T096,shadow,1,101,1e-05,1.0000000000000001e-07,16,112,0.5078163061823163,0.5438873767852783,3.4900026321411133,9.8632311059685e-06,3.4900026321411133,16,0,True,False,False
EXP-T096,shadow,1,101,1e-05,1.0000000000000001e-07,17,119,0.7177318845476423,0.543978214263916,3.48994517326355,9.844486647586724e-06,3.48994517326355,17,0,True,False,False
EXP-T096,shadow,1,101,1e-05,1.0000000000000001e-07,18,126,0.4811881482601166,0.5437300503253937,3.489886999130249,9.824559221366101e-06,3.489886999130249,18,0,True,False,False
EXP-T096,shadow,1,101,1e-05,1.0000000000000001e-07,19,133,0.49728331182684216,0.5434721112251282,3.489819049835205,9.803453744100868e-06,3.489819049835205,19,0,True,False,False
EXP-T096,shadow,1,101,1e-05,1.0000000000000001e-07,20,140,0.4918979881996555,0.5435117483139038,3.4897620677948,9.781175423251734e-06,3.4897620677948,20,0,True,False,False
EXP-T096,shadow,1,101,1e-05,1.0000000000000001e-07,21,147,0.5078413614204952,0.5434871912002563,3.489733934402466,9.757729755661012e-06,3.489733934402466,21,0,True,False,False
EXP-T096,shadow,1,101,1e-05,1.0000000000000001e-07,22,154,0.5557626358100346,0.5437149405479431,3.4896764755249023,9.73312252619635e-06,3.4896764755249023,22,0,True,False,False
EXP-T096,shadow,1,101,1e-05,1.0000000000000001e-07,23,161,0.6134534861360278,0.5436607003211975,3.489619255065918,9.707359806323418e-06,3.489619255065918,23,0,True,False,False
EXP-T096,shadow,1,101,1e-05,1.0000000000000001e-07,24,168,0.5389399187905448,0.5433067381381989,3.489569902420044,9.680447952607845e-06,3.489569902420044,24,0,True,False,False
EXP-T096,shadow,1,101,1e-05,1.0000000000000001e-07,25,175,0.4823694521827357,0.5427891910076141,3.489544630050659,9.652393605146845e-06,3.489544630050659,25,0,True,False,False
EXP-T096,shadow,1,101,1e-05,1.0000000000000001e-07,26,182,0.6216880913291659,0.5425518751144409,3.4895358085632324,9.62320368593087e-06,3.4895358085632324,26,0,True,False,False
EXP-T096,shadow,1,101,1e-05,1.0000000000000001e-07,27,189,0.6490992520536695,0.5422101616859436,3.4895167350769043,9.592885397135707e-06,3.4895167350769043,27,0,True,False,False
EXP-T096,shadow,1,101,1e-05,1.0000000000000001e-07,28,196,0.47102682824645725,0.5418785214424133,3.4895083904266357,9.561446219345455e-06,3.4895083904266357,28,0,True,False,False
EXP-T096,shadow,1,101,1e-05,1.0000000000000001e-07,29,203,0.5069697754723685,0.5414924919605255,3.4895026683807373,9.528893909706798e-06,3.4895026683807373,29,0,True,False,False
EXP-T096,shadow,1,101,1e-05,1.0000000000000001e-07,30,210,0.6054089069366455,0.5412276089191437,3.48947811126709,9.495236500015048e-06,3.48947811126709,30,0,True,False,False
EXP-T096,shadow,1,101,1e-05,1.0000000000000001e-07,31,217,0.4818536266684532,0.5409818589687347,3.4894371032714844,9.460482294732422e-06,3.4894371032714844,31,0,True,False,False
EXP-T096,shadow,1,101,1e-05,1.0000000000000001e-07,32,224,0.5147417719875064,0.5404762029647827,3.489429473876953,9.424639868939035e-06,3.489429473876953,32,0,True,False,False
EXP-T096,shadow,1,101,1e-05,1.0000000000000001e-07,33,231,0.5771321058273315,0.5404733419418335,3.4893927574157715,9.387718066217125e-06,3.4893927574157715,33,0,True,False,False
EXP-T096,shadow,1,101,1e-05,1.0000000000000001e-07,34,238,0.5018582918814251,0.5403808653354645,3.4897868633270264,9.349725996469047e-06,3.4893927574157715,33,1,False,False,False
EXP-T096,shadow,1,101,1e-05,1.0000000000000001e-07,35,245,0.5417076008660453,0.5405491590499878,3.4892752170562744,9.310673033669522e-06,3.4892752170562744,35,0,True,False,False
EXP-T096,shadow,1,101,1e-05,1.0000000000000001e-07,36,252,0.7414803888116565,0.5406510531902313,3.48921275138855,9.270568813552757e-06,3.48921275138855,36,0,True,False,False
EXP-T096,shadow,1,101,1e-05,1.0000000000000001e-07,37,259,0.5940585391862052,0.540576308965683,3.489173173904419,9.229423231234975e-06,3.489173173904419,37,0,True,False,False
EXP-T096,shadow,1,101,1e-05,1.0000000000000001e-07,38,266,0.6723634089742389,0.5404011905193329,3.489238739013672,9.18724643877294e-06,3.489173173904419,37,1,False,False,False
EXP-T096,shadow,1,101,1e-05,1.0000000000000001e-07,39,273,0.540716792855944,0.5405569672584534,3.489112138748169,9.144048842659081e-06,3.489112138748169,39,0,True,False,False
EXP-T096,shadow,1,101,1e-05,1.0000000000000001e-07,40,280,0.4835086975778852,0.5408274531364441,3.48907470703125,9.099841101253867e-06,3.48907470703125,40,0,True,False,False
EXP-T096,shadow,1,101,1e-05,1.0000000000000001e-07,41,287,0.6793545058795384,0.5410623550415039,3.489028215408325,9.054634122155991e-06,3.489028215408325,41,0,True,False,False
EXP-T096,shadow,1,101,1e-05,1.0000000000000001e-07,42,294,0.48836735848869595,0.5411398410797119,3.48897385597229,9.0084390595111e-06,3.48897385597229,42,0,True,False,False
EXP-T096,shadow,1,101,1e-05,1.0000000000000001e-07,43,301,0.47090736989464077,0.5414214730262756,3.488888740539551,8.961267311259668e-06,3.488888740539551,43,0,True,False,False
EXP-T096,shadow,1,101,1e-05,1.0000000000000001e-07,44,308,0.48114769799368723,0.5417518317699432,3.488816022872925,8.913130516324733e-06,3.488816022872925,44,0,True,False,False
EXP-T096,shadow,1,101,1e-05,1.0000000000000001e-07,45,315,0.4815030913533909,0.5421977639198303,3.4887449741363525,8.864040551740158e-06,3.4887449741363525,45,0,True,False,False
EXP-T096,shadow,1,101,1e-05,1.0000000000000001e-07,46,322,0.5365746021270752,0.5425504148006439,3.4886744022369385,8.814009529720155e-06,3.4886744022369385,46,0,True,False,False
EXP-T096,shadow,1,101,1e-05,1.0000000000000001e-07,47,329,0.5356235419000898,0.5426939427852631,3.488616466522217,8.763049794670776e-06,3.488616466522217,47,0,True,False,False
EXP-T096,shadow,1,101,1e-05,1.0000000000000001e-07,48,336,0.5421557681901115,0.5427218377590179,3.488569498062134,8.711173920144118e-06,3.488569498062134,48,0,True,False,False
EXP-T096,shadow,1,101,1e-05,1.0000000000000001e-07,49,343,0.5211100365434375,0.5432372093200684,3.488510847091675,8.658394705735988e-06,3.488510847091675,49,0,True,False,False
EXP-T096,shadow,1,101,1e-05,1.0000000000000001e-07,50,350,0.558522492647171,0.5430456399917603,3.4884836673736572,8.604725173927786e-06,3.4884836673736572,50,0,True,False,False
EXP-T096,shadow,1,101,1e-05,1.0000000000000001e-07,51,357,0.5199652441910335,0.5430408716201782,3.488426923751831,8.550178566873412e-06,3.488426923751831,51,0,True,False,False
EXP-T096,shadow,1,101,1e-05,1.0000000000000001e-07,52,364,0.4792727849313191,0.5428384840488434,3.488372564315796,8.494768343131955e-06,3.488372564315796,52,0,True,False,False
EXP-T096,shadow,1,101,1e-05,1.0000000000000001e-07,53,371,0.5616733942713056,0.5425477921962738,3.48833966255188,8.43850817434701e-06,3.48833966255188,53,0,True,False,False
EXP-T096,shadow,1,101,1e-05,1.0000000000000001e-07,54,378,0.7238956604685102,0.5427727103233337,3.48828125,8.381411941873379e-06,3.48828125,54,0,True,False,False
EXP-T096,shadow,1,101,1e-05,1.0000000000000001e-07,55,385,0.49199930897780825,0.5427371561527252,3.4882428646087646,8.323493733352078e-06,3.4882428646087646,55,0,True,False,False
EXP-T096,shadow,1,101,1e-05,1.0000000000000001e-07,56,392,0.617884601865496,0.5427775979042053,3.488194227218628,8.26476783923441e-06,3.488194227218628,56,0,True,False,False
EXP-T096,shadow,1,101,1e-05,1.0000000000000001e-07,57,399,0.47969404608011246,0.5427200198173523,3.4881677627563477,8.205248749256014e-06,3.4881677627563477,57,0,True,False,False
EXP-T096,shadow,1,101,1e-05,1.0000000000000001e-07,58,406,0.4835387222202761,0.5424225926399231,3.488157033920288,8.144951148861743e-06,3.488157033920288,58,0,True,False,False
EXP-T096,shadow,1,101,1e-05,1.0000000000000001e-07,59,413,0.5658582193510873,0.5423942804336548,3.4881317615509033,8.083889915582235e-06,3.4881317615509033,59,0,True,False,False
EXP-T096,shadow,1,101,1e-05,1.0000000000000001e-07,60,420,0.7431313395500183,0.5422814786434174,3.488116502761841,8.022080115363127e-06,3.488116502761841,60,0,True,False,False
EXP-T096,shadow,1,101,1e-05,1.0000000000000001e-07,61,427,0.6914784695420947,0.5418568551540375,3.488133430480957,7.959536998847744e-06,3.488116502761841,60,1,False,False,False
EXP-T096,shadow,1,101,1e-05,1.0000000000000001e-07,62,434,0.6887189192431313,0.5417345762252808,3.488131523132324,7.89627599761423e-06,3.488116502761841,60,2,False,False,False
EXP-T096,shadow,1,101,1e-05,1.0000000000000001e-07,63,441,0.5160343647003174,0.5414917171001434,3.4881184101104736,7.832312720368048e-06,3.488116502761841,60,3,False,False,False
EXP-T096,shadow,1,101,1e-05,1.0000000000000001e-07,64,448,0.5768065282276699,0.5411048233509064,3.488115072250366,7.767662949090754e-06,3.488115072250366,64,0,True,False,False
EXP-T096,shadow,1,101,1e-05,1.0000000000000001e-07,65,455,0.5025124145405633,0.5408854186534882,3.488107204437256,7.702342635146033e-06,3.488107204437256,65,0,True,False,False
EXP-T096,shadow,1,101,1e-05,1.0000000000000001e-07,66,462,0.6000573847975049,0.5409623682498932,3.488060712814331,7.636367895343947e-06,3.488060712814331,66,0,True,False,False
EXP-T096,shadow,1,101,1e-05,1.0000000000000001e-07,67,469,0.54422008565494,0.5410813689231873,3.4880027770996094,7.5697550079643376e-06,3.4880027770996094,67,0,True,False,False
EXP-T096,shadow,1,101,1e-05,1.0000000000000001e-07,68,476,0.49449711399418966,0.5410720407962799,3.487966299057007,7.502520408740418e-06,3.487966299057007,68,0,True,False,False
EXP-T096,shadow,1,101,1e-05,1.0000000000000001e-07,69,483,0.8243279925414494,0.5411095023155212,3.487919807434082,7.43468068680349e-06,3.487919807434082,69,0,True,False,False
EXP-T096,shadow,1,101,1e-05,1.0000000000000001e-07,70,490,0.539541631937027,0.5410146713256836,3.4878883361816406,7.366252580589839e-06,3.4878883361816406,70,0,True,False,False
EXP-T096,shadow,1,101,1e-05,1.0000000000000001e-07,71,497,0.5525668050561633,0.5409806370735168,3.4878554344177246,7.297252973710756e-06,3.4878554344177246,71,0,True,False,False
EXP-T096,shadow,1,101,1e-05,1.0000000000000001e-07,72,504,0.4819001142999956,0.5407992303371429,3.487830877304077,7.227698890786779e-06,3.487830877304077,72,0,True,False,False
EXP-T096,shadow,1,101,1e-05,1.0000000000000001e-07,73,511,0.6365339713437217,0.5406694412231445,3.4878108501434326,7.15760749324711e-06,3.4878108501434326,73,0,True,False,False
EXP-T096,shadow,1,101,1e-05,1.0000000000000001e-07,74,518,0.818072646856308,0.5405940413475037,3.487776279449463,7.086996075095289e-06,3.487776279449463,74,0,True,False,False
EXP-T096,shadow,1,101,1e-05,1.0000000000000001e-07,75,525,0.8210569449833461,0.5404509007930756,3.487741231918335,7.015882058642164e-06,3.487741231918335,75,0,True,False,False
EXP-T096,shadow,1,101,1e-05,1.0000000000000001e-07,76,532,0.4716888022209917,0.5403485000133514,3.4876999855041504,6.9442829902071945e-06,3.4876999855041504,76,0,True,False,False
EXP-T096,shadow,1,101,1e-05,1.0000000000000001e-07,77,539,0.5029944969075066,0.5404325723648071,3.487654447555542,6.8722165357891564e-06,3.487654447555542,77,0,True,False,False
EXP-T096,shadow,1,101,1e-05,1.0000000000000001e-07,78,546,0.47457199916243553,0.5404637455940247,3.4876110553741455,6.799700476707323e-06,3.4876110553741455,78,0,True,False,False
EXP-T096,shadow,1,101,1e-05,1.0000000000000001e-07,79,553,0.5340368832860675,0.5407364368438721,3.48755145072937,6.726752705214193e-06,3.48755145072937,79,0,True,False,False
EXP-T096,shadow,1,101,1e-05,1.0000000000000001e-07,80,560,0.5174267079148974,0.5408365726470947,3.4875130653381348,6.65339122008084e-06,3.4875130653381348,80,0,True,False,False
EXP-T096,shadow,1,101,1e-05,1.0000000000000001e-07,81,567,0.6160762906074524,0.5408503711223602,3.4874706268310547,6.57963412215599e-06,3.4874706268310547,81,0,True,False,False
EXP-T096,shadow,1,101,1e-05,1.0000000000000001e-07,82,574,0.4970788157411984,0.540781170129776,3.487422227859497,6.505499609899905e-06,3.487422227859497,82,0,True,False,False
EXP-T096,shadow,1,101,1e-05,1.0000000000000001e-07,83,581,0.5337277097361428,0.5407039225101471,3.4873886108398438,6.431005974894185e-06,3.4873886108398438,83,0,True,False,False
EXP-T096,shadow,1,101,1e-05,1.0000000000000001e-07,84,588,0.5925517933709281,0.5407761037349701,3.487361192703247,6.356171597328595e-06,3.487361192703247,84,0,True,False,False
EXP-T096,shadow,1,101,1e-05,1.0000000000000001e-07,85,595,0.4784485905298165,0.5408832132816315,3.487334728240967,6.28101494146603e-06,3.487334728240967,85,0,True,False,False
EXP-T096,shadow,1,101,1e-05,1.0000000000000001e-07,86,602,0.6355742769581931,0.5407572984695435,3.4873270988464355,6.205554551086732e-06,3.4873270988464355,86,0,True,False,False
EXP-T096,shadow,1,101,1e-05,1.0000000000000001e-07,87,609,0.48168459960392546,0.540635734796524,3.4873149394989014,6.129809044912887e-06,3.4873149394989014,87,0,True,False,False
EXP-T096,shadow,1,101,1e-05,1.0000000000000001e-07,88,616,0.49813805520534515,0.5405856370925903,3.4872994422912598,6.053797112014738e-06,3.4872994422912598,88,0,True,False,False
EXP-T096,shadow,1,101,1e-05,1.0000000000000001e-07,89,623,0.5217940594468798,0.5404762029647827,3.4872846603393555,5.977537507199338e-06,3.4872846603393555,89,0,True,False,False
EXP-T096,shadow,1,101,1e-05,1.0000000000000001e-07,90,630,0.67690623658044,0.5403968095779419,3.4872589111328125,5.901049046383077e-06,3.4872589111328125,90,0,True,False,False
EXP-T096,shadow,1,101,1e-05,1.0000000000000001e-07,91,637,0.4911853926522391,0.540501058101654,3.487199544906616,5.824350601949143e-06,3.487199544906616,91,0,True,False,False
EXP-T096,shadow,1,101,1e-05,1.0000000000000001e-07,92,644,0.5585124024323055,0.540646493434906,3.48716402053833,5.7474610980910354e-06,3.48716402053833,92,0,True,False,False
EXP-T096,shadow,1,101,1e-05,1.0000000000000001e-07,93,651,0.4834590634065015,0.5406538844108582,3.4871387481689453,5.6703995061433075e-06,3.4871387481689453,93,0,True,False,False
EXP-T096,shadow,1,101,1e-05,1.0000000000000001e-07,94,658,0.7223009083952222,0.5404839515686035,3.487130641937256,5.5931848399006745e-06,3.487130641937256,94,0,True,False,False
EXP-T096,shadow,1,101,1e-05,1.0000000000000001e-07,95,665,0.546360433101654,0.5406594276428223,3.487093448638916,5.515836150926646e-06,3.487093448638916,95,0,True,False,False
EXP-T096,shadow,1,101,1e-05,1.0000000000000001e-07,96,672,0.544057411806924,0.5408186912536621,3.4870617389678955,5.438372523852833e-06,3.4870617389678955,96,0,True,False,False
EXP-T096,shadow,1,101,1e-05,1.0000000000000001e-07,97,679,0.5733455057655062,0.5409414768218994,3.4870316982269287,5.360813071670101e-06,3.4870316982269287,97,0,True,False,False
EXP-T096,shadow,1,101,1e-05,1.0000000000000001e-07,98,686,0.6003804845469338,0.5411004722118378,3.4870080947875977,5.283176931012731e-06,3.4870080947875977,98,0,True,False,False
EXP-T096,shadow,1,101,1e-05,1.0000000000000001e-07,99,693,0.6009916705744607,0.541350245475769,3.4869813919067383,5.205483257436735e-06,3.4869813919067383,99,0,True,False,False
EXP-T096,shadow,1,101,1e-05,1.0000000000000001e-07,100,700,0.4790001170975821,0.5415491461753845,3.486955165863037,5.127751220693512e-06,3.486955165863037,100,0,True,False,False
EXP-T096,shadow,1,101,1e-05,1.0000000000000001e-07,101,707,0.4952189688171659,0.5417576730251312,3.4869377613067627,5.05e-06,3.4869377613067627,101,0,True,False,False
EXP-T096,shadow,1,101,1e-05,1.0000000000000001e-07,102,714,0.6981605589389801,0.5419473648071289,3.4869165420532227,4.972248779306488e-06,3.4869165420532227,102,0,True,False,False
EXP-T096,shadow,1,101,1e-05,1.0000000000000001e-07,103,721,0.4861827444817339,0.5422186851501465,3.4868876934051514,4.8945167425632645e-06,3.4868876934051514,103,0,True,False,False
EXP-T096,shadow,1,101,1e-05,1.0000000000000001e-07,104,728,0.4828338644334248,0.5422517657279968,3.486877202987671,4.816823068987269e-06,3.486877202987671,104,0,True,False,False
EXP-T096,shadow,1,101,1e-05,1.0000000000000001e-07,105,735,0.4796625081715839,0.5421828031539917,3.486867904663086,4.7391869283298985e-06,3.486867904663086,105,0,True,False,False
EXP-T096,shadow,1,101,1e-05,1.0000000000000001e-07,106,742,0.5801165572234562,0.5421297550201416,3.4868576526641846,4.661627476147168e-06,3.4868576526641846,106,0,True,False,False
EXP-T096,shadow,1,101,1e-05,1.0000000000000001e-07,107,749,0.4862247774643557,0.5420916378498077,3.486844062805176,4.584163849073354e-06,3.486844062805176,107,0,True,False,False
EXP-T096,shadow,1,101,1e-05,1.0000000000000001e-07,108,756,0.4872121624648571,0.5420321226119995,3.486821174621582,4.506815160099326e-06,3.486821174621582,108,0,True,False,False
EXP-T096,shadow,1,101,1e-05,1.0000000000000001e-07,109,763,0.5346050475324903,0.5421513915061951,3.4867970943450928,4.429600493856694e-06,3.4867970943450928,109,0,True,False,False
EXP-T096,shadow,1,101,1e-05,1.0000000000000001e-07,110,770,0.5702424730573382,0.5422587692737579,3.4867753982543945,4.352538901908967e-06,3.4867753982543945,110,0,True,False,False
EXP-T096,shadow,1,101,1e-05,1.0000000000000001e-07,111,777,0.5638946337359292,0.5421447157859802,3.4867653846740723,4.275649398050858e-06,3.4867653846740723,111,0,True,False,False
EXP-T096,shadow,1,101,1e-05,1.0000000000000001e-07,112,784,0.5567440688610077,0.5422153770923615,3.4867467880249023,4.198950953616922e-06,3.4867467880249023,112,0,True,False,False
EXP-T096,shadow,1,101,1e-05,1.0000000000000001e-07,113,791,0.48640247327940805,0.5423127114772797,3.4867234230041504,4.122462492800663e-06,3.4867234230041504,113,0,True,False,False
EXP-T096,shadow,1,101,1e-05,1.0000000000000001e-07,114,798,0.49692785101277487,0.5424085855484009,3.4867048263549805,4.046202887985263e-06,3.4867048263549805,114,0,True,False,False
EXP-T096,shadow,1,101,1e-05,1.0000000000000001e-07,115,805,0.6428006312676838,0.5424370467662811,3.4866812229156494,3.970190955087116e-06,3.4866812229156494,115,0,True,False,False
EXP-T096,shadow,1,101,1e-05,1.0000000000000001e-07,116,812,0.5806818008422852,0.5424632430076599,3.486656904220581,3.894445448913268e-06,3.486656904220581,116,0,True,False,False
EXP-T096,shadow,1,101,1e-05,1.0000000000000001e-07,117,819,0.5607664159366063,0.5423952341079712,3.4866409301757812,3.818985058533969e-06,3.4866409301757812,117,0,True,False,False
EXP-T096,shadow,1,101,1e-05,1.0000000000000001e-07,118,826,0.5140623088393893,0.5423370897769928,3.4866302013397217,3.7438284026714044e-06,3.4866302013397217,118,0,True,False,False
EXP-T096,shadow,1,101,1e-05,1.0000000000000001e-07,119,833,0.6290087188993182,0.5422439873218536,3.4866292476654053,3.6689940251058153e-06,3.4866292476654053,119,0,True,False,False
EXP-T096,shadow,1,101,1e-05,1.0000000000000001e-07,120,840,0.507322901061603,0.5421481132507324,3.4866268634796143,3.594500390100096e-06,3.4866268634796143,120,0,True,False,False
EXP-T096,shadow,1,101,1e-05,1.0000000000000001e-07,121,847,0.48988018929958344,0.5421499907970428,3.486609935760498,3.5203658778440116e-06,3.486609935760498,121,0,True,False,False
EXP-T096,shadow,1,101,1e-05,1.0000000000000001e-07,122,854,0.4757859677608524,0.5420405268669128,3.4866065979003906,3.4466087799191603e-06,3.4866065979003906,122,0,True,False,False
EXP-T096,shadow,1,101,1e-05,1.0000000000000001e-07,123,861,0.4775940461882523,0.5420288443565369,3.486598491668701,3.3732472947858077e-06,3.486598491668701,123,0,True,False,False
EXP-T096,shadow,1,101,1e-05,1.0000000000000001e-07,124,868,0.4753139404846089,0.5420273542404175,3.48659086227417,3.300299523292678e-06,3.48659086227417,124,0,True,False,False
EXP-T096,shadow,1,101,1e-05,1.0000000000000001e-07,125,875,0.468853316685584,0.5420016646385193,3.486574411392212,3.227783464210845e-06,3.486574411392212,125,0,True,False,False
EXP-T096,shadow,1,101,1e-05,1.0000000000000001e-07,126,882,0.4870828262397221,0.5420263707637787,3.4865570068359375,3.155717009792807e-06,3.4865570068359375,126,0,True,False,False
EXP-T096,shadow,1,101,1e-05,1.0000000000000001e-07,127,889,0.4702025978726202,0.5420177578926086,3.486546516418457,3.0841179413578354e-06,3.486546516418457,127,0,True,False,False
EXP-T096,shadow,1,101,1e-05,1.0000000000000001e-07,128,896,0.49768522062471937,0.5420026779174805,3.4865329265594482,3.0130039249047117e-06,3.4865329265594482,128,0,True,False,False
EXP-T096,shadow,1,101,1e-05,1.0000000000000001e-07,129,903,0.4788992873259953,0.5419965088367462,3.4865150451660156,2.9423925067528904e-06,3.4865150451660156,129,0,True,False,False
EXP-T096,shadow,1,101,1e-05,1.0000000000000001e-07,130,910,0.6975177313600268,0.5420492589473724,3.486492872238159,2.87230110921322e-06,3.486492872238159,130,0,True,False,False
EXP-T096,shadow,1,101,1e-05,1.0000000000000001e-07,131,917,0.488357920731817,0.5420623123645782,3.4864773750305176,2.8027470262892435e-06,3.4864773750305176,131,0,True,False,False
EXP-T096,shadow,1,101,1e-05,1.0000000000000001e-07,132,924,0.5881422247205462,0.5421745479106903,3.486459255218506,2.7337474194101625e-06,3.486459255218506,132,0,True,False,False
EXP-T096,shadow,1,101,1e-05,1.0000000000000001e-07,133,931,0.49757398877825054,0.5422267317771912,3.486441135406494,2.6653193131965085e-06,3.486441135406494,133,0,True,False,False
EXP-T096,shadow,1,101,1e-05,1.0000000000000001e-07,134,938,0.5099604896136692,0.5422550737857819,3.486417293548584,2.5974795912595824e-06,3.486417293548584,134,0,True,False,False
EXP-T096,shadow,1,101,1e-05,1.0000000000000001e-07,135,945,0.6055807088102613,0.5424084067344666,3.4863879680633545,2.530244992035662e-06,3.4863879680633545,135,0,True,False,False
EXP-T096,shadow,1,101,1e-05,1.0000000000000001e-07,136,952,0.4705892895747508,0.5424156188964844,3.486374616622925,2.4636321046560533e-06,3.486374616622925,136,0,True,False,False
EXP-T096,shadow,1,101,1e-05,1.0000000000000001e-07,137,959,0.47918387076684404,0.5424758791923523,3.4863638877868652,2.3976573648539653e-06,3.4863638877868652,137,0,True,False,False
EXP-T096,shadow,1,101,1e-05,1.0000000000000001e-07,138,966,0.5877506009169987,0.5424173474311829,3.4863569736480713,2.332337050909247e-06,3.4863569736480713,138,0,True,False,False
EXP-T096,shadow,1,101,1e-05,1.0000000000000001e-07,139,973,0.7105481241430555,0.5422654747962952,3.486356735229492,2.267687279631953e-06,3.486356735229492,139,0,True,False,False
EXP-T096,shadow,1,101,1e-05,1.0000000000000001e-07,140,980,0.7160816064902714,0.5422139465808868,3.4863572120666504,2.2037240023857708e-06,3.486356735229492,139,1,False,False,False
EXP-T096,shadow,1,101,1e-05,1.0000000000000001e-07,141,987,0.4917154109903744,0.5422289371490479,3.486346960067749,2.1404630011522584e-06,3.486346960067749,141,0,True,False,False
EXP-T096,shadow,1,101,1e-05,1.0000000000000001e-07,142,994,0.640863333429609,0.5422534346580505,3.486335039138794,2.0779198846368745e-06,3.486335039138794,142,0,True,False,False
EXP-T096,shadow,1,101,1e-05,1.0000000000000001e-07,143,1001,0.4784769459760615,0.5423402190208435,3.4863195419311523,2.0161100844177658e-06,3.4863195419311523,143,0,True,False,False
EXP-T096,shadow,1,101,1e-05,1.0000000000000001e-07,144,1008,0.8000246967588153,0.5424709618091583,3.486302137374878,1.9550488511382593e-06,3.486302137374878,144,0,True,False,False
EXP-T096,shadow,1,101,1e-05,1.0000000000000001e-07,145,1015,0.4775182326723422,0.5424891114234924,3.4862892627716064,1.894751250743986e-06,3.4862892627716064,145,0,True,False,False
EXP-T096,shadow,1,101,1e-05,1.0000000000000001e-07,146,1022,0.47552805026394446,0.5424898266792297,3.486278772354126,1.8352321607655916e-06,3.486278772354126,146,0,True,False,False
EXP-T096,shadow,1,101,1e-05,1.0000000000000001e-07,147,1029,0.4685040648827063,0.5424946844577789,3.4862709045410156,1.7765062666479242e-06,3.4862709045410156,147,0,True,False,False
EXP-T096,shadow,1,101,1e-05,1.0000000000000001e-07,148,1036,0.4822770253356014,0.5424652397632599,3.486264228820801,1.7185880581266217e-06,3.486264228820801,148,0,True,False,False
EXP-T096,shadow,1,101,1e-05,1.0000000000000001e-07,149,1043,0.5116877513272422,0.5424934923648834,3.4862563610076904,1.6614918256529908e-06,3.4862563610076904,149,0,True,False,False
EXP-T096,shadow,1,101,1e-05,1.0000000000000001e-07,150,1050,0.5246582116399493,0.5425427258014679,3.486243486404419,1.6052316568680442e-06,3.486243486404419,150,0,True,False,False
EXP-T096,shadow,1,101,1e-05,1.0000000000000001e-07,151,1057,0.4953336013214929,0.5426166951656342,3.4862301349639893,1.5498214331265902e-06,3.4862301349639893,151,0,True,False,False
EXP-T096,shadow,1,101,1e-05,1.0000000000000001e-07,152,1064,0.5019764985357013,0.5426719188690186,3.4862170219421387,1.495274826072216e-06,3.4862170219421387,152,0,True,False,False
EXP-T096,shadow,1,101,1e-05,1.0000000000000001e-07,153,1071,0.5304315217903682,0.5426975190639496,3.486204147338867,1.441605294264014e-06,3.486204147338867,153,0,True,False,False
EXP-T096,shadow,1,101,1e-05,1.0000000000000001e-07,154,1078,0.4817133641668728,0.5426632463932037,3.4861953258514404,1.3888260798558817e-06,3.4861953258514404,154,0,True,False,False
EXP-T096,shadow,1,101,1e-05,1.0000000000000001e-07,155,1085,0.6176127961703709,0.542707085609436,3.4861881732940674,1.3369502053292252e-06,3.4861881732940674,155,0,True,False,False
EXP-T096,shadow,1,101,1e-05,1.0000000000000001e-07,156,1092,0.4863218686410359,0.5426612794399261,3.4861838817596436,1.285990470279847e-06,3.4861838817596436,156,0,True,False,False
EXP-T096,shadow,1,101,1e-05,1.0000000000000001e-07,157,1099,0.4725609841823046,0.5426057279109955,3.486180067062378,1.2359594482598438e-06,3.486180067062378,157,0,True,False,False
EXP-T096,shadow,1,101,1e-05,1.0000000000000001e-07,158,1106,0.4906562268733978,0.5425760447978973,3.4861767292022705,1.1868694836752686e-06,3.4861767292022705,158,0,True,False,False
EXP-T096,shadow,1,101,1e-05,1.0000000000000001e-07,159,1113,0.5118978151253292,0.5425432622432709,3.4861748218536377,1.1387326887403326e-06,3.4861748218536377,159,0,True,False,False
EXP-T096,shadow,1,101,1e-05,1.0000000000000001e-07,160,1120,0.6860122510365078,0.5425130724906921,3.486171007156372,1.0915609404889017e-06,3.486171007156372,160,0,True,False,False
EXP-T096,shadow,1,101,1e-05,1.0000000000000001e-07,161,1127,0.4702523442662953,0.5424396395683289,3.4861700534820557,1.0453658778440107e-06,3.4861700534820557,161,0,True,False,False
EXP-T096,shadow,1,101,1e-05,1.0000000000000001e-07,162,1134,0.550177059003285,0.5424059927463531,3.4861669540405273,1.0001588987461348e-06,3.4861669540405273,162,0,True,False,False
EXP-T096,shadow,1,101,1e-05,1.0000000000000001e-07,163,1141,0.555105813911983,0.5423817038536072,3.4861626625061035,9.559511573409195e-07,3.4861626625061035,163,0,True,False,False
EXP-T096,shadow,1,101,1e-05,1.0000000000000001e-07,164,1148,0.5624054500034877,0.5423456430435181,3.4861607551574707,9.127535612270632e-07,3.4861607551574707,164,0,True,False,False
EXP-T096,shadow,1,101,1e-05,1.0000000000000001e-07,165,1155,0.4717062911617437,0.5423379242420197,3.486156463623047,8.705767687650265e-07,3.486156463623047,165,0,True,False,False
EXP-T096,shadow,1,101,1e-05,1.0000000000000001e-07,166,1162,0.5513731241226196,0.5423328280448914,3.486151933670044,8.294311864472448e-07,3.486151933670044,166,0,True,False,False
EXP-T096,shadow,1,101,1e-05,1.0000000000000001e-07,167,1169,0.5481606040682111,0.5423400104045868,3.486147403717041,7.893269663304784e-07,3.486147403717041,167,0,True,False,False
EXP-T096,shadow,1,101,1e-05,1.0000000000000001e-07,168,1176,0.5317810560975756,0.5423380136489868,3.486144542694092,7.50274003530953e-07,3.486144542694092,168,0,True,False,False
EXP-T096,shadow,1,101,1e-05,1.0000000000000001e-07,169,1183,0.5619477203914097,0.5423504412174225,3.4861409664154053,7.122819337828752e-07,3.4861409664154053,169,0,True,False,False
EXP-T096,shadow,1,101,1e-05,1.0000000000000001e-07,170,1190,0.4845098779270692,0.5423432290554047,3.4861373901367188,6.753601310609673e-07,3.4861373901367188,170,0,True,False,False
EXP-T096,shadow,1,101,1e-05,1.0000000000000001e-07,171,1197,0.47543323572192875,0.542344480752945,3.486135244369507,6.395177052675794e-07,3.486135244369507,171,0,True,False,False
EXP-T096,shadow,1,101,1e-05,1.0000000000000001e-07,172,1204,0.5386571458407811,0.5423433184623718,3.4861319065093994,6.047634999849531e-07,3.4861319065093994,172,0,True,False,False
EXP-T096,shadow,1,101,1e-05,1.0000000000000001e-07,173,1211,0.4743067239012037,0.5423436462879181,3.486128807067871,5.711060902932043e-07,3.486128807067871,173,0,True,False,False
EXP-T096,shadow,1,101,1e-05,1.0000000000000001e-07,174,1218,0.5163682528904506,0.5423325598239899,3.486126661300659,5.385537806545469e-07,3.486126661300659,174,0,True,False,False
EXP-T096,shadow,1,101,1e-05,1.0000000000000001e-07,175,1225,0.6581067017146519,0.5423150062561035,3.4861254692077637,5.071146028642944e-07,3.4861254692077637,175,0,True,False,False
EXP-T096,shadow,1,101,1e-05,1.0000000000000001e-07,176,1232,0.5226036650793893,0.542325884103775,3.486124277114868,4.7679631406913176e-07,3.486124277114868,176,0,True,False,False
EXP-T096,shadow,1,101,1e-05,1.0000000000000001e-07,177,1239,0.4824523100895541,0.5423374176025391,3.4861199855804443,4.4760639485315585e-07,3.4861199855804443,177,0,True,False,False
EXP-T096,shadow,1,101,1e-05,1.0000000000000001e-07,178,1246,0.47542990038969685,0.5423460304737091,3.4861178398132324,4.195520473921565e-07,3.4861178398132324,178,0,True,False,False
EXP-T096,shadow,1,101,1e-05,1.0000000000000001e-07,179,1253,0.48680650975023,0.5423612296581268,3.4861137866973877,3.92640193676584e-07,3.4861137866973877,179,0,True,False,False
EXP-T096,shadow,1,101,1e-05,1.0000000000000001e-07,180,1260,0.765119880437851,0.5423682630062103,3.4861111640930176,3.668774738036508e-07,3.4861111640930176,180,0,True,False,False
EXP-T096,shadow,1,101,1e-05,1.0000000000000001e-07,181,1267,0.4753132847004703,0.5423654913902283,3.4861083030700684,3.4227024433899004e-07,3.4861083030700684,181,0,True,False,False
EXP-T096,shadow,1,101,1e-05,1.0000000000000001e-07,182,1274,0.5912075596196311,0.5423613786697388,3.4861068725585938,3.188245767482659e-07,3.4861068725585938,182,0,True,False,False
EXP-T096,shadow,1,101,1e-05,1.0000000000000001e-07,183,1281,0.47654389164277483,0.5423542261123657,3.4861063957214355,2.9654625589913237e-07,3.4861063957214355,183,0,True,False,False
EXP-T096,shadow,1,101,1e-05,1.0000000000000001e-07,184,1288,0.5302759196077075,0.5423547923564911,3.48610520362854,2.754407786339001e-07,3.48610520362854,184,0,True,False,False
EXP-T096,shadow,1,101,1e-05,1.0000000000000001e-07,185,1295,0.5124391104493823,0.5423565804958344,3.4861044883728027,2.555133524132767e-07,3.4861044883728027,185,0,True,False,False
EXP-T096,shadow,1,101,1e-05,1.0000000000000001e-07,186,1302,0.49746197887829374,0.5423624813556671,3.4861021041870117,2.3676889403150103e-07,3.4861021041870117,186,0,True,False,False
EXP-T096,shadow,1,101,1e-05,1.0000000000000001e-07,187,1309,0.6114199331828526,0.5423640608787537,3.486100435256958,2.1921202840320077e-07,3.486100435256958,187,0,True,False,False
EXP-T096,shadow,1,101,1e-05,1.0000000000000001e-07,188,1316,0.515842467546463,0.5423605740070343,3.4860990047454834,2.0284708742225901e-07,3.4860990047454834,188,0,True,False,False
EXP-T096,shadow,1,101,1e-05,1.0000000000000001e-07,189,1323,0.49424839871270315,0.5423581004142761,3.486098289489746,1.8767810889299085e-07,3.486098289489746,189,0,True,False,False
EXP-T096,shadow,1,101,1e-05,1.0000000000000001e-07,190,1330,0.7383586764335632,0.5423606634140015,3.486098289489746,1.7370883553386935e-07,3.486098289489746,189,1,False,False,False
EXP-T096,shadow,1,101,1e-05,1.0000000000000001e-07,191,1337,0.4803551733493805,0.5423578023910522,3.486098051071167,1.609427140540686e-07,3.486098051071167,191,0,True,False,False
EXP-T096,shadow,1,101,1e-05,1.0000000000000001e-07,192,1344,0.4774270031069006,0.5423548519611359,3.486097574234009,1.493828943030402e-07,3.486097574234009,192,0,True,False,False
EXP-T096,shadow,1,101,1e-05,1.0000000000000001e-07,193,1351,0.4723303538880178,0.5423468053340912,3.486098051071167,1.3903222849333507e-07,3.486097574234009,192,1,False,False,False
EXP-T096,shadow,1,101,1e-05,1.0000000000000001e-07,194,1358,0.48564993111150606,0.5423488914966583,3.486097812652588,1.2989327049686101e-07,3.486097574234009,192,2,False,False,False
EXP-T096,shadow,1,101,1e-05,1.0000000000000001e-07,195,1365,0.532851151057652,0.5423494875431061,3.4860968589782715,1.2196827521475402e-07,3.4860968589782715,195,0,True,False,False
EXP-T096,shadow,1,101,1e-05,1.0000000000000001e-07,196,1372,0.6304388770035335,0.5423530340194702,3.486095905303955,1.1525919802101659e-07,3.486095905303955,196,0,True,False,False
EXP-T096,shadow,1,101,1e-05,1.0000000000000001e-07,197,1379,0.5512691608497075,0.5423540771007538,3.486095428466797,1.097676942800558e-07,3.486095428466797,197,0,True,False,False
EXP-T096,shadow,1,101,1e-05,1.0000000000000001e-07,198,1386,0.47182562415088924,0.5423592925071716,3.4860944747924805,1.0549511893824898e-07,3.4860944747924805,198,0,True,False,False
EXP-T096,shadow,1,101,1e-05,1.0000000000000001e-07,199,1393,0.6071389615535736,0.542359322309494,3.486093521118164,1.0244252618962859e-07,3.486093521118164,199,0,True,False,False
EXP-T096,shadow,1,101,1e-05,1.0000000000000001e-07,200,1400,0.5701320554528918,0.542356550693512,3.4860928058624268,1.006106692157801e-07,3.4860928058624268,200,0,True,False,False
EXP-T096,shadow,1,101,0.0001,1.0000000000000002e-06,1,7,0.48366766422986984,0.5431860089302063,3.490419387817383,0.0001,3.490419387817383,1,0,True,False,False
EXP-T096,shadow,1,101,0.0001,1.0000000000000002e-06,2,14,0.5641570516995021,0.5401495695114136,3.492370128631592,9.99938933078422e-05,3.490419387817383,1,1,False,False,False
EXP-T096,shadow,1,101,0.0001,1.0000000000000002e-06,3,21,0.5244645987238202,0.546562135219574,3.488645076751709,9.997557473810373e-05,3.488645076751709,3,0,True,False,False
EXP-T096,shadow,1,101,0.0001,1.0000000000000002e-06,4,28,0.692069832767759,0.5512356162071228,3.487938642501831,9.994504881061753e-05,3.487938642501831,4,0,True,False,False
EXP-T096,shadow,1,101,0.0001,1.0000000000000002e-06,5,35,0.7351824683802468,0.5530634820461273,3.4949264526367188,9.990232305719945e-05,3.487938642501831,4,1,False,False,False
EXP-T096,shadow,1,101,0.0001,1.0000000000000002e-06,6,42,0.48292754317766856,0.5514142215251923,3.4883580207824707,9.984740801978984e-05,3.487938642501831,4,2,False,False,False
EXP-T096,shadow,1,101,0.0001,1.0000000000000002e-06,7,49,0.48818363355738775,0.5483489632606506,3.4859135150909424,9.978031724785247e-05,3.4859135150909424,7,0,True,False,False
EXP-T096,shadow,1,101,0.0001,1.0000000000000002e-06,8,56,0.48099237414343016,0.5444707870483398,3.485447645187378,9.97010672950314e-05,3.485447645187378,8,0,True,False,False
EXP-T096,shadow,1,101,0.0001,1.0000000000000002e-06,9,63,0.5531265565327236,0.5389135181903839,3.4929094314575195,9.960967771506667e-05,3.485447645187378,8,1,False,False,False
EXP-T096,shadow,1,101,0.0001,1.0000000000000002e-06,10,70,0.5178068620818002,0.5386703908443451,3.4939537048339844,9.95061710569696e-05,3.485447645187378,8,2,False,False,False
EXP-T096,shadow,1,101,0.0001,1.0000000000000002e-06,11,77,0.4848449368562017,0.542214572429657,3.48388409614563,9.939057285945933e-05,3.48388409614563,11,0,True,False,False
EXP-T096,shadow,1,101,0.0001,1.0000000000000002e-06,12,84,0.47371392590659006,0.5419261157512665,3.4832117557525635,9.926291164466132e-05,3.4832117557525635,12,0,True,False,False
EXP-T096,shadow,1,101,0.0001,1.0000000000000002e-06,13,91,0.567166268825531,0.5442771911621094,3.482747793197632,9.91232189110701e-05,3.482747793197632,13,0,True,False,False
EXP-T096,shadow,1,101,0.0001,1.0000000000000002e-06,14,98,0.5564454070159367,0.5423157811164856,3.4824700355529785,9.897152912577741e-05,3.4824700355529785,14,0,True,False,False
EXP-T096,shadow,1,101,0.0001,1.0000000000000002e-06,15,105,0.5600599518844059,0.5404945015907288,3.48221492767334,9.8807879715968e-05,3.48221492767334,15,0,True,False,False
EXP-T096,shadow,1,101,0.0001,1.0000000000000002e-06,16,112,0.5179341052259717,0.5397509932518005,3.4820308685302734,9.8632311059685e-05,3.4820308685302734,16,0,True,False,False
EXP-T096,shadow,1,101,0.0001,1.0000000000000002e-06,17,119,0.7209643849304744,0.5454405248165131,3.4815385341644287,9.844486647586725e-05,3.4815385341644287,17,0,True,False,False
EXP-T096,shadow,1,101,0.0001,1.0000000000000002e-06,18,126,0.4886514161314283,0.5435285866260529,3.4813520908355713,9.824559221366101e-05,3.4813520908355713,18,0,True,False,False
EXP-T096,shadow,1,101,0.0001,1.0000000000000002e-06,19,133,0.47847673616239,0.5405163764953613,3.4812493324279785,9.803453744100869e-05,3.4812493324279785,19,0,True,False,False
EXP-T096,shadow,1,101,0.0001,1.0000000000000002e-06,20,140,0.48245787808472024,0.5413813292980194,3.480684280395508,9.781175423251735e-05,3.480684280395508,20,0,True,False,False
EXP-T096,shadow,1,101,0.0001,1.0000000000000002e-06,21,147,0.5014160786356244,0.5409318804740906,3.4801852703094482,9.757729755661011e-05,3.4801852703094482,21,0,True,False,False
EXP-T096,shadow,1,101,0.0001,1.0000000000000002e-06,22,154,0.5612802888665881,0.544694721698761,3.4795422554016113,9.73312252619635e-05,3.4795422554016113,22,0,True,False,False
EXP-T096,shadow,1,101,0.0001,1.0000000000000002e-06,23,161,0.600267327257565,0.5436370968818665,3.479130268096924,9.707359806323417e-05,3.479130268096924,23,0,True,False,False
EXP-T096,shadow,1,101,0.0001,1.0000000000000002e-06,24,168,0.5323179747377124,0.5412492156028748,3.4785752296447754,9.680447952607845e-05,3.4785752296447754,24,0,True,False,False
EXP-T096,shadow,1,101,0.0001,1.0000000000000002e-06,25,175,0.48668443518025534,0.5390411019325256,3.4783804416656494,9.652393605146844e-05,3.4783804416656494,25,0,True,False,False
EXP-T096,shadow,1,101,0.0001,1.0000000000000002e-06,26,182,0.579751512834004,0.5389093458652496,3.478302001953125,9.623203685930869e-05,3.478302001953125,26,0,True,False,False
EXP-T096,shadow,1,101,0.0001,1.0000000000000002e-06,27,189,0.6189527767045158,0.5385173857212067,3.479386329650879,9.592885397135707e-05,3.478302001953125,26,1,False,False,False
EXP-T096,shadow,1,101,0.0001,1.0000000000000002e-06,28,196,0.4655109127717359,0.5378551185131073,3.481748104095459,9.561446219345454e-05,3.478302001953125,26,2,False,False,False
EXP-T096,shadow,1,101,0.0001,1.0000000000000002e-06,29,203,0.49320994317531586,0.5369071364402771,3.4882287979125977,9.528893909706797e-05,3.478302001953125,26,3,False,False,False
EXP-T096,shadow,1,101,0.0001,1.0000000000000002e-06,30,210,0.6027717420033046,0.5366241931915283,3.4919445514678955,9.495236500015047e-05,3.478302001953125,26,4,False,False,False
EXP-T096,shadow,1,101,0.0001,1.0000000000000002e-06,31,217,0.4692091382541029,0.5368346273899078,3.4873528480529785,9.460482294732421e-05,3.478302001953125,26,5,False,False,False
EXP-T096,shadow,1,101,0.0001,1.0000000000000002e-06,32,224,0.5046838351658413,0.5366924107074738,3.487971544265747,9.424639868939033e-05,3.478302001953125,26,6,False,False,False
EXP-T096,shadow,1,101,0.0001,1.0000000000000002e-06,33,231,0.5614665363516126,0.5404128730297089,3.47373104095459,9.387718066217124e-05,3.47373104095459,33,0,True,False,False
EXP-T096,shadow,1,101,0.0001,1.0000000000000002e-06,34,238,0.49181733812604633,0.5417391359806061,3.473097324371338,9.349725996469047e-05,3.473097324371338,34,0,True,False,False
EXP-T096,shadow,1,101,0.0001,1.0000000000000002e-06,35,245,0.5323217213153839,0.5460529625415802,3.4724371433258057,9.310673033669521e-05,3.4724371433258057,35,0,True,False,False
EXP-T096,shadow,1,101,0.0001,1.0000000000000002e-06,36,252,0.732660493680409,0.54297935962677,3.4716756343841553,9.270568813552756e-05,3.4716756343841553,36,0,True,False,False
EXP-T096,shadow,1,101,0.0001,1.0000000000000002e-06,37,259,0.5641403581414904,0.5368467569351196,3.4791259765625,9.229423231234974e-05,3.4716756343841553,36,1,False,False,False
EXP-T096,shadow,1,101,0.0001,1.0000000000000002e-06,38,266,0.6953422852924892,0.5357273519039154,3.4944005012512207,9.187246438772939e-05,3.4716756343841553,36,2,False,False,False
EXP-T096,shadow,1,101,0.0001,1.0000000000000002e-06,39,273,0.5315622729914529,0.5374548435211182,3.471971035003662,9.14404884265908e-05,3.4716756343841553,36,3,False,False,False
EXP-T096,shadow,1,101,0.0001,1.0000000000000002e-06,40,280,0.47087783153567997,0.5447692275047302,3.467750310897827,9.099841101253866e-05,3.467750310897827,40,0,True,False,False
EXP-T096,shadow,1,101,0.0001,1.0000000000000002e-06,41,287,0.6721897934164319,0.5457322895526886,3.467118263244629,9.05463412215599e-05,3.467118263244629,41,0,True,False,False
EXP-T096,shadow,1,101,0.0001,1.0000000000000002e-06,42,294,0.4705733832504068,0.5410471856594086,3.4663233757019043,9.0084390595111e-05,3.4663233757019043,42,0,True,False,False
EXP-T096,shadow,1,101,0.0001,1.0000000000000002e-06,43,301,0.4834468351410968,0.5448845028877258,3.4655921459198,8.961267311259666e-05,3.4655921459198,43,0,True,False,False
EXP-T096,shadow,1,101,0.0001,1.0000000000000002e-06,44,308,0.5027125850319862,0.5468300580978394,3.465947389602661,8.913130516324733e-05,3.4655921459198,43,1,False,False,False
EXP-T096,shadow,1,101,0.0001,1.0000000000000002e-06,45,315,0.47525284798549755,0.5462035536766052,3.464186906814575,8.864040551740158e-05,3.464186906814575,45,0,True,False,False
EXP-T096,shadow,1,101,0.0001,1.0000000000000002e-06,46,322,0.5429379045963287,0.5454291105270386,3.462890863418579,8.814009529720155e-05,3.462890863418579,46,0,True,False,False
EXP-T096,shadow,1,101,0.0001,1.0000000000000002e-06,47,329,0.5431531625134605,0.5431956350803375,3.4620249271392822,8.763049794670775e-05,3.4620249271392822,47,0,True,False,False
EXP-T096,shadow,1,101,0.0001,1.0000000000000002e-06,48,336,0.5486395401614053,0.5387296676635742,3.4609971046447754,8.711173920144117e-05,3.4609971046447754,48,0,True,False,False
EXP-T096,shadow,1,101,0.0001,1.0000000000000002e-06,49,343,0.5457115599087307,0.5470235645771027,3.4635701179504395,8.658394705735987e-05,3.4609971046447754,48,1,False,False,False
EXP-T096,shadow,1,101,0.0001,1.0000000000000002e-06,50,350,0.5401953756809235,0.5400612652301788,3.4580371379852295,8.604725173927785e-05,3.4580371379852295,50,0,True,False,False
EXP-T096,shadow,1,101,0.0001,1.0000000000000002e-06,51,357,0.5182582097394126,0.5382725894451141,3.4565329551696777,8.55017856687341e-05,3.4565329551696777,51,0,True,False,False
EXP-T096,shadow,1,101,0.0001,1.0000000000000002e-06,52,364,0.47121566556279504,0.5366165637969971,3.455726385116577,8.494768343131955e-05,3.455726385116577,52,0,True,False,False
EXP-T096,shadow,1,101,0.0001,1.0000000000000002e-06,53,371,0.5639255728040423,0.535032719373703,3.4589266777038574,8.438508174347009e-05,3.455726385116577,52,1,False,False,False
EXP-T096,shadow,1,101,0.0001,1.0000000000000002e-06,54,378,0.6879390691007886,0.5388436317443848,3.4502506256103516,8.381411941873378e-05,3.4502506256103516,54,0,True,False,False
EXP-T096,shadow,1,101,0.0001,1.0000000000000002e-06,55,385,0.4975545448916299,0.5409485697746277,3.4470677375793457,8.323493733352077e-05,3.4470677375793457,55,0,True,False,False
EXP-T096,shadow,1,101,0.0001,1.0000000000000002e-06,56,392,0.604310005903244,0.5379819273948669,3.443692684173584,8.26476783923441e-05,3.443692684173584,56,0,True,False,False
EXP-T096,shadow,1,101,0.0001,1.0000000000000002e-06,57,399,0.4800045941956341,0.5333985388278961,3.4480161666870117,8.205248749256015e-05,3.443692684173584,56,1,False,False,False
EXP-T096,shadow,1,101,0.0001,1.0000000000000002e-06,58,406,0.46613979685519424,0.5308132469654083,3.4557671546936035,8.144951148861742e-05,3.443692684173584,56,2,False,False,False
EXP-T096,shadow,1,101,0.0001,1.0000000000000002e-06,59,413,0.5266025790146419,0.530744194984436,3.4494922161102295,8.083889915582235e-05,3.443692684173584,56,3,False,False,False
EXP-T096,shadow,1,101,0.0001,1.0000000000000002e-06,60,420,0.6796952656337193,0.53076171875,3.4423534870147705,8.022080115363127e-05,3.4423534870147705,60,0,True,False,False
EXP-T096,shadow,1,101,0.0001,1.0000000000000002e-06,61,427,0.6995945828301566,0.5281341969966888,3.4474847316741943,7.959536998847744e-05,3.4423534870147705,60,1,False,False,False
EXP-T096,shadow,1,101,0.0001,1.0000000000000002e-06,62,434,0.6775480508804321,0.5292981266975403,3.4323959350585938,7.89627599761423e-05,3.4323959350585938,62,0,True,False,False
EXP-T096,shadow,1,101,0.0001,1.0000000000000002e-06,63,441,0.4816496414797647,0.5278129279613495,3.428306818008423,7.832312720368048e-05,3.428306818008423,63,0,True,False,False
EXP-T096,shadow,1,101,0.0001,1.0000000000000002e-06,64,448,0.5387425933565412,0.5239635407924652,3.434830904006958,7.767662949090753e-05,3.428306818008423,63,1,False,False,False
EXP-T096,shadow,1,101,0.0001,1.0000000000000002e-06,65,455,0.47198422785316196,0.5231836438179016,3.425100326538086,7.702342635146033e-05,3.425100326538086,65,0,True,False,False
EXP-T096,shadow,1,101,0.0001,1.0000000000000002e-06,66,462,0.5792079184736524,0.5259076952934265,3.4046545028686523,7.636367895343946e-05,3.4046545028686523,66,0,True,False,False
EXP-T096,shadow,1,101,0.0001,1.0000000000000002e-06,67,469,0.5161419042519161,0.5304668247699738,3.384737491607666,7.569755007964338e-05,3.384737491607666,67,0,True,False,False
EXP-T096,shadow,1,101,0.0001,1.0000000000000002e-06,68,476,0.4895975760051182,0.5320906639099121,3.377418041229248,7.502520408740418e-05,3.377418041229248,68,0,True,False,False
EXP-T096,shadow,1,101,0.0001,1.0000000000000002e-06,69,483,0.8042785056999752,0.528575599193573,3.371779680252075,7.43468068680349e-05,3.371779680252075,69,0,True,False,False
EXP-T096,shadow,1,101,0.0001,1.0000000000000002e-06,70,490,0.4987591164452689,0.5246331095695496,3.375572443008423,7.366252580589839e-05,3.371779680252075,69,1,False,False,False
EXP-T096,shadow,1,101,0.0001,1.0000000000000002e-06,71,497,0.46170524082013537,0.5247308313846588,3.3678019046783447,7.297252973710757e-05,3.3678019046783447,71,0,True,False,False
EXP-T096,shadow,1,101,0.0001,1.0000000000000002e-06,72,504,0.4463526760893209,0.5209692418575287,3.36739182472229,7.22769889078678e-05,3.36739182472229,72,0,True,False,False
EXP-T096,shadow,1,101,0.0001,1.0000000000000002e-06,73,511,0.599751319204058,0.5211410522460938,3.3578450679779053,7.15760749324711e-05,3.3578450679779053,73,0,True,False,False
EXP-T096,shadow,1,101,0.0001,1.0000000000000002e-06,74,518,0.7109711383070264,0.5280800312757492,3.3397161960601807,7.086996075095289e-05,3.3397161960601807,74,0,True,False,False
EXP-T096,shadow,1,101,0.0001,1.0000000000000002e-06,75,525,0.6990821787289211,0.5253330171108246,3.337271213531494,7.015882058642164e-05,3.337271213531494,75,0,True,False,False
EXP-T096,shadow,1,101,0.0001,1.0000000000000002e-06,76,532,0.4670202817235674,0.5312946736812592,3.3401553630828857,6.944282990207195e-05,3.337271213531494,75,1,False,False,False
EXP-T096,shadow,1,101,0.0001,1.0000000000000002e-06,77,539,0.4448761173657009,0.5418722927570343,3.3744287490844727,6.872216535789157e-05,3.337271213531494,75,2,False,False,False
EXP-T096,shadow,1,101,0.0001,1.0000000000000002e-06,78,546,0.4259882728968348,0.5498252213001251,3.408179998397827,6.799700476707323e-05,3.337271213531494,75,3,False,False,False
EXP-T096,shadow,1,101,0.0001,1.0000000000000002e-06,79,553,0.45263364911079407,0.5672499388456345,3.542729139328003,6.726752705214194e-05,3.337271213531494,75,4,False,False,False
EXP-T096,shadow,1,101,0.0001,1.0000000000000002e-06,80,560,0.4553895443677902,0.5498718619346619,3.4054534435272217,6.65339122008084e-05,3.337271213531494,75,5,False,False,False
EXP-T096,shadow,1,101,0.0001,1.0000000000000002e-06,81,567,0.5962417594024113,0.5390797406435013,3.372605562210083,6.57963412215599e-05,3.337271213531494,75,6,False,False,False
EXP-T096,shadow,1,101,0.0001,1.0000000000000002e-06,82,574,0.4321880243951455,0.5380176305770874,3.375767707824707,6.505499609899905e-05,3.337271213531494,75,7,False,False,False
EXP-T096,shadow,1,101,0.0001,1.0000000000000002e-06,83,581,0.4571639320680073,0.5514277517795563,3.422682046890259,6.431005974894185e-05,3.337271213531494,75,8,False,False,False
EXP-T096,shadow,1,101,0.0001,1.0000000000000002e-06,84,588,0.4329883520092283,0.5739723145961761,3.5927133560180664,6.356171597328596e-05,3.337271213531494,75,9,False,False,False
EXP-T096,shadow,1,101,0.0001,1.0000000000000002e-06,85,595,0.48192853161266874,0.5811026394367218,3.645859718322754,6.281014941466031e-05,3.337271213531494,75,10,False,False,False
EXP-T096,shadow,1,101,0.0001,1.0000000000000002e-06,86,602,0.4458158867699759,0.5699146538972855,3.558621644973755,6.205554551086733e-05,3.337271213531494,75,11,False,False,False
EXP-T096,shadow,1,101,0.0001,1.0000000000000002e-06,87,609,0.3760238402215431,0.5728693455457687,3.58134126663208,6.129809044912887e-05,3.337271213531494,75,12,False,False,False
EXP-T096,shadow,1,101,0.0001,1.0000000000000002e-06,88,616,0.40582641267350744,0.583149254322052,3.657067060470581,6.053797112014738e-05,3.337271213531494,75,13,False,False,False
EXP-T096,shadow,1,101,0.0001,1.0000000000000002e-06,89,623,0.41630493716469835,0.5836353600025177,3.6584208011627197,5.977537507199338e-05,3.337271213531494,75,14,False,False,False
EXP-T096,shadow,1,101,0.0001,1.0000000000000002e-06,90,630,0.5653089966092791,0.5793181955814362,3.625633478164673,5.901049046383077e-05,3.337271213531494,75,15,False,False,False
EXP-T096,shadow,1,101,0.0001,1.0000000000000002e-06,91,637,0.47279495000839233,0.5993060171604156,3.7659220695495605,5.8243506019491436e-05,3.337271213531494,75,16,False,False,False
EXP-T096,shadow,1,101,0.0001,1.0000000000000002e-06,92,644,0.524016627243587,0.5947848856449127,3.7354166507720947,5.7474610980910354e-05,3.337271213531494,75,17,False,False,False
EXP-T096,shadow,1,101,0.0001,1.0000000000000002e-06,93,651,0.43639454564877916,0.5794185996055603,3.6375370025634766,5.6703995061433075e-05,3.337271213531494,75,18,False,False,False
EXP-T096,shadow,1,101,0.0001,1.0000000000000002e-06,94,658,0.6091718971729279,0.5499235689640045,3.4356894493103027,5.5931848399006745e-05,3.337271213531494,75,19,False,False,False
EXP-T096,shadow,1,101,0.0001,1.0000000000000002e-06,95,665,0.4276113382407597,0.5769265294075012,3.634265422821045,5.515836150926646e-05,3.337271213531494,75,20,False,False,False
EXP-T096,shadow,1,101,0.0001,1.0000000000000002e-06,96,672,0.40719435470444815,0.6017396450042725,3.7843148708343506,5.438372523852833e-05,3.337271213531494,75,21,False,False,False
EXP-T096,shadow,1,101,0.0001,1.0000000000000002e-06,97,679,0.505728257553918,0.5914653837680817,3.7295174598693848,5.360813071670102e-05,3.337271213531494,75,22,False,False,False
EXP-T096,shadow,1,101,0.0001,1.0000000000000002e-06,98,686,0.4892173154013498,0.5752118527889252,3.635976791381836,5.283176931012731e-05,3.337271213531494,75,23,False,False,False
EXP-T096,shadow,1,101,0.0001,1.0000000000000002e-06,99,693,0.3900120088032314,0.5810442715883255,3.6730782985687256,5.205483257436735e-05,3.337271213531494,75,24,False,False,False
EXP-T096,shadow,1,101,0.0001,1.0000000000000002e-06,100,700,0.3802280494544123,0.581238716840744,3.674302101135254,5.127751220693513e-05,3.337271213531494,75,25,False,False,False
EXP-T096,shadow,1,101,0.0001,1.0000000000000002e-06,101,707,0.4201084069375481,0.5869981944561005,3.711888074874878,5.05e-05,3.337271213531494,75,26,False,False,False
EXP-T096,shadow,1,101,0.0001,1.0000000000000002e-06,102,714,0.5717886558600834,0.5980551838874817,3.7756638526916504,4.972248779306489e-05,3.337271213531494,75,27,False,False,False
EXP-T096,shadow,1,101,0.0001,1.0000000000000002e-06,103,721,0.41142495082957403,0.609341487288475,3.8433010578155518,4.894516742563265e-05,3.337271213531494,75,28,False,False,False
EXP-T096,shadow,1,101,0.0001,1.0000000000000002e-06,104,728,0.4241262323090008,0.5803362727165222,3.6831624507904053,4.816823068987269e-05,3.337271213531494,75,29,False,False,False
EXP-T096,shadow,1,101,0.0001,1.0000000000000002e-06,105,735,0.4265622688191278,0.5444377362728119,3.482572317123413,4.739186928329899e-05,3.337271213531494,75,30,False,True,False
EXP-T096,shadow,1,101,0.001,1e-05,1,7,0.5798125618270465,0.587614506483078,3.650994300842285,0.001,3.650994300842285,1,0,True,False,False
EXP-T096,shadow,1,101,0.001,1e-05,2,14,0.6009876898356846,0.537676528096199,3.5016586780548096,0.000999938933078422,3.5016586780548096,2,0,True,False,False
EXP-T096,shadow,1,101,0.001,1e-05,3,21,0.5421235391071865,0.5590247511863708,3.5136055946350098,0.0009997557473810372,3.5016586780548096,2,1,False,False,False
EXP-T096,shadow,1,101,0.001,1e-05,4,28,0.7105538121291569,0.5438259541988373,3.4783072471618652,0.0009994504881061753,3.4783072471618652,4,0,True,False,False
EXP-T096,shadow,1,101,0.001,1e-05,5,35,0.6689790657588414,0.5593536496162415,3.5134336948394775,0.0009990232305719944,3.4783072471618652,4,1,False,False,False
EXP-T096,shadow,1,101,0.001,1e-05,6,42,0.5107244040284838,0.5451900213956833,3.5758464336395264,0.0009984740801978985,3.4783072471618652,4,2,False,False,False
EXP-T096,shadow,1,101,0.001,1e-05,7,49,0.4984196850231716,0.5890078842639923,3.657907724380493,0.0009978031724785245,3.4783072471618652,4,3,False,False,False
EXP-T096,shadow,1,101,0.001,1e-05,8,56,0.4926225628171648,0.5380946397781372,3.4619483947753906,0.000997010672950314,3.4619483947753906,8,0,True,False,False
EXP-T096,shadow,1,101,0.001,1e-05,9,63,0.5319893615586417,0.5347061455249786,3.493400812149048,0.0009960967771506667,3.4619483947753906,8,1,False,False,False
EXP-T096,shadow,1,101,0.001,1e-05,10,70,0.482179371373994,0.5870539844036102,3.660771369934082,0.000995061710569696,3.4619483947753906,8,2,False,False,False
EXP-T096,shadow,1,101,0.001,1e-05,11,77,0.5254753955772945,0.5384949743747711,3.441187620162964,0.0009939057285945933,3.441187620162964,11,0,True,False,False
EXP-T096,shadow,1,101,0.001,1e-05,12,84,0.547849531684603,0.5382384955883026,3.4504032135009766,0.000992629116446613,3.441187620162964,11,1,False,False,False
EXP-T096,shadow,1,101,0.001,1e-05,13,91,0.5270134253161294,0.5465730726718903,3.453521728515625,0.000991232189110701,3.441187620162964,11,2,False,False,False
EXP-T096,shadow,1,101,0.001,1e-05,14,98,0.4953423185007913,0.5522110760211945,3.4652256965637207,0.0009897152912577741,3.441187620162964,11,3,False,False,False
EXP-T096,shadow,1,101,0.001,1e-05,15,105,0.5969559337411608,0.5452817678451538,3.477724313735962,0.00098807879715968,3.441187620162964,11,4,False,False,False
EXP-T096,shadow,1,101,0.001,1e-05,16,112,0.4278326449649675,0.5950957238674164,3.7252578735351562,0.00098632311059685,3.441187620162964,11,5,False,False,False
EXP-T096,shadow,1,101,0.001,1e-05,17,119,0.6556383158479419,0.5204377174377441,3.41448974609375,0.0009844486647586723,3.41448974609375,17,0,True,False,False
EXP-T096,shadow,1,101,0.001,1e-05,18,126,0.44214121039424625,0.6859923899173737,4.245759010314941,0.00098245592213661,3.41448974609375,17,1,False,False,False
EXP-T096,shadow,1,101,0.001,1e-05,19,133,0.44219304621219635,0.5241316854953766,3.452099323272705,0.0009803453744100868,3.41448974609375,17,2,False,False,False
EXP-T096,shadow,1,101,0.001,1e-05,20,140,0.373349559626409,0.575811579823494,3.6117970943450928,0.0009781175423251734,3.41448974609375,17,3,False,False,False
EXP-T096,shadow,1,101,0.001,1e-05,21,147,0.39283905923366547,0.5745669901371002,3.600496292114258,0.0009757729755661011,3.41448974609375,17,4,False,False,False
EXP-T096,shadow,1,101,0.001,1e-05,22,154,0.36404786205717493,0.5859653055667877,3.766706705093384,0.0009733122526196349,3.41448974609375,17,5,False,False,False
EXP-T096,shadow,1,101,0.001,1e-05,23,161,0.43039819598197937,0.5982503592967987,3.673504114151001,0.0009707359806323416,3.41448974609375,17,6,False,False,False
EXP-T096,shadow,1,101,0.001,1e-05,24,168,0.35502527228423525,0.5986288785934448,3.828505039215088,0.0009680447952607845,3.41448974609375,17,7,False,False,False
EXP-T096,shadow,1,101,0.001,1e-05,25,175,0.37243556710226194,0.6449428200721741,3.9988253116607666,0.0009652393605146844,3.41448974609375,17,8,False,False,False
EXP-T096,shadow,1,101,0.001,1e-05,26,182,0.2993354728179319,0.6113640666007996,3.812755823135376,0.000962320368593087,3.41448974609375,17,9,False,False,False
EXP-T096,shadow,1,101,0.001,1e-05,27,189,0.3643552448068346,0.6966688632965088,4.239672422409058,0.0009592885397135706,3.41448974609375,17,10,False,False,False
EXP-T096,shadow,1,101,0.001,1e-05,28,196,0.29708720105034964,0.6518813371658325,4.025442719459534,0.0009561446219345453,3.41448974609375,17,11,False,False,False
EXP-T096,shadow,1,101,0.001,1e-05,29,203,0.31793759749936207,0.5550468266010284,3.5257039070129395,0.0009528893909706797,3.41448974609375,17,12,False,False,False
EXP-T096,shadow,1,101,0.001,1e-05,30,210,0.34933586205754963,0.6905107200145721,4.206925868988037,0.0009495236500015047,3.41448974609375,17,13,False,False,False
EXP-T096,shadow,1,101,0.001,1e-05,31,217,0.246021899394691,0.780980795621872,4.637616753578186,0.0009460482294732421,3.41448974609375,17,14,False,False,False
EXP-T096,shadow,1,101,0.001,1e-05,32,224,0.3083992621728352,0.7291031181812286,4.386093020439148,0.0009424639868939033,3.41448974609375,17,15,False,False,False
EXP-T096,shadow,1,101,0.001,1e-05,33,231,0.2809682431231652,0.6008804440498352,3.8277928829193115,0.0009387718066217125,3.41448974609375,17,16,False,False,False
EXP-T096,shadow,1,101,0.001,1e-05,34,238,0.294549506689821,0.7704819142818451,4.6127671003341675,0.0009349725996469047,3.41448974609375,17,17,False,False,False
EXP-T096,shadow,1,101,0.001,1e-05,35,245,0.3243781008890697,0.7341280877590179,4.443004369735718,0.0009310673033669522,3.41448974609375,17,18,False,False,False
EXP-T096,shadow,1,101,0.001,1e-05,36,252,0.4443883342402322,0.6699239015579224,4.11605978012085,0.0009270568813552756,3.41448974609375,17,19,False,False,False
EXP-T096,shadow,1,101,0.001,1e-05,37,259,0.24790260488433496,0.6651363968849182,4.059050798416138,0.0009229423231234975,3.41448974609375,17,20,False,False,False
EXP-T096,shadow,1,101,0.001,1e-05,38,266,0.2836531123944691,0.8417902588844299,4.9169840812683105,0.0009187246438772938,3.41448974609375,17,21,False,False,False
EXP-T096,shadow,1,101,0.001,1e-05,39,273,0.27733683665948256,0.6543093323707581,4.081785559654236,0.0009144048842659081,3.41448974609375,17,22,False,False,False
EXP-T096,shadow,1,101,0.001,1e-05,40,280,0.23373224320156233,0.6824755668640137,4.224729537963867,0.0009099841101253866,3.41448974609375,17,23,False,False,False
EXP-T096,shadow,1,101,0.001,1e-05,41,287,0.30515874709401813,0.6602209508419037,4.09396767616272,0.000905463412215599,3.41448974609375,17,24,False,False,False
EXP-T096,shadow,1,101,0.001,1e-05,42,294,0.23724056354590825,0.610318124294281,3.7935982942581177,0.0009008439059511099,3.41448974609375,17,25,False,False,False
EXP-T096,shadow,1,101,0.001,1e-05,43,301,0.20121539242498848,0.7101262509822845,4.3237258195877075,0.0008961267311259666,3.41448974609375,17,26,False,False,False
EXP-T096,shadow,1,101,0.001,1e-05,44,308,0.22515267665897096,0.6392569839954376,3.923991560935974,0.0008913130516324732,3.41448974609375,17,27,False,False,False
EXP-T096,shadow,1,101,0.001,1e-05,45,315,0.1921359675803355,0.6554310321807861,4.0405988693237305,0.0008864040551740157,3.41448974609375,17,28,False,False,False
EXP-T096,shadow,1,101,0.001,1e-05,46,322,0.19796273777527468,0.6558308899402618,4.090525150299072,0.0008814009529720154,3.41448974609375,17,29,False,False,False
EXP-T096,shadow,1,101,0.001,1e-05,47,329,0.19115317080702102,0.6501434743404388,3.9685522317886353,0.0008763049794670775,3.41448974609375,17,30,False,True,False
EXP-T096,shadow,1,101,0.01,0.0001,1,7,1.4839241745482599,0.6514650285243988,4.002704620361328,0.01,4.002704620361328,1,0,True,False,False
EXP-T096,shadow,1,101,0.01,0.0001,2,14,0.5751485036952155,0.8576517701148987,5.072417259216309,0.00999938933078422,4.002704620361328,1,1,False,False,False
EXP-T096,shadow,1,101,0.01,0.0001,3,21,0.5727586703641074,0.5472888946533203,3.497925281524658,0.009997557473810372,3.497925281524658,3,0,True,False,False
EXP-T096,shadow,1,101,0.01,0.0001,4,28,0.6645095092909676,0.8019923269748688,4.817768096923828,0.009994504881061753,3.497925281524658,3,1,False,False,False
EXP-T096,shadow,1,101,0.01,0.0001,5,35,0.8259985106331962,0.534124344587326,3.46528959274292,0.009990232305719944,3.46528959274292,5,0,True,False,False
EXP-T096,shadow,1,101,0.01,0.0001,6,42,0.50876976868936,0.5849834978580475,3.635324239730835,0.009984740801978984,3.46528959274292,5,1,False,False,False
EXP-T096,shadow,1,101,0.01,0.0001,7,49,0.5298100612458906,0.5616297125816345,3.5150134563446045,0.009978031724785246,3.46528959274292,5,2,False,False,False
EXP-T096,shadow,1,101,0.01,0.0001,8,56,0.47782196503664764,0.5425527989864349,3.4807608127593994,0.00997010672950314,3.46528959274292,5,3,False,False,False
EXP-T096,shadow,1,101,0.01,0.0001,9,63,0.5632663284029279,0.5406683385372162,3.484375,0.009960967771506667,3.46528959274292,5,4,False,False,False
EXP-T096,shadow,1,101,0.01,0.0001,10,70,0.5137751272746495,0.7407157123088837,4.541567325592041,0.00995061710569696,3.46528959274292,5,5,False,False,False
EXP-T096,shadow,1,101,0.01,0.0001,11,77,0.8432170237813678,0.5409934520721436,3.4849236011505127,0.009939057285945933,3.46528959274292,5,6,False,False,False
EXP-T096,shadow,1,101,0.01,0.0001,12,84,0.5403466160808291,0.5335935801267624,3.5022196769714355,0.00992629116446613,3.46528959274292,5,7,False,False,False
EXP-T096,shadow,1,101,0.01,0.0001,13,91,0.5957588127681187,0.5385803878307343,3.548011541366577,0.00991232189110701,3.46528959274292,5,8,False,False,False
EXP-T096,shadow,1,101,0.01,0.0001,14,98,0.6581853926181793,0.5485510230064392,3.4849064350128174,0.00989715291257774,3.46528959274292,5,9,False,False,False
EXP-T096,shadow,1,101,0.01,0.0001,15,105,0.5772518217563629,0.5402669310569763,3.484375,0.0098807879715968,3.46528959274292,5,10,False,False,False
EXP-T096,shadow,1,101,0.01,0.0001,16,112,0.5198062998907906,0.5423523783683777,3.484375,0.0098632311059685,3.46528959274292,5,11,False,False,False
EXP-T096,shadow,1,101,0.01,0.0001,17,119,0.7084764795643943,0.5462011098861694,3.484375,0.009844486647586723,3.46528959274292,5,12,False,False,False
EXP-T096,shadow,1,101,0.01,0.0001,18,126,0.48183183052710127,0.5452710390090942,3.484375,0.0098245592213661,3.46528959274292,5,13,False,False,False
EXP-T096,shadow,1,101,0.01,0.0001,19,133,0.4900519315685545,0.5437581539154053,3.484375,0.009803453744100868,3.46528959274292,5,14,False,False,False
EXP-T096,shadow,1,101,0.01,0.0001,20,140,0.4739846278514181,0.5446809232234955,3.484375,0.009781175423251734,3.46528959274292,5,15,False,False,False
EXP-T096,shadow,1,101,0.01,0.0001,21,147,0.5005299959863935,0.5456378161907196,3.484375,0.009757729755661011,3.46528959274292,5,16,False,False,False
EXP-T096,shadow,1,101,0.01,0.0001,22,154,0.551583639213017,0.5478979349136353,3.484375,0.009733122526196349,3.46528959274292,5,17,False,False,False
EXP-T096,shadow,1,101,0.01,0.0001,23,161,0.592858578477587,0.5462753176689148,3.484375,0.009707359806323416,3.46528959274292,5,18,False,False,False
EXP-T096,shadow,1,101,0.01,0.0001,24,168,0.5309709182807377,0.5435275137424469,3.484375,0.009680447952607845,3.46528959274292,5,19,False,False,False
EXP-T096,shadow,1,101,0.01,0.0001,25,175,0.47490865577544483,0.541363924741745,3.484375,0.009652393605146845,3.46528959274292,5,20,False,False,False
EXP-T096,shadow,1,101,0.01,0.0001,26,182,0.5848181162561689,0.5407967567443848,3.484375,0.00962320368593087,3.46528959274292,5,21,False,False,False
EXP-T096,shadow,1,101,0.01,0.0001,27,189,0.6117253729275295,0.5398249924182892,3.484375,0.009592885397135707,3.46528959274292,5,22,False,False,False
EXP-T096,shadow,1,101,0.01,0.0001,28,196,0.4773626801158701,0.5390591025352478,3.489016532897949,0.009561446219345454,3.46528959274292,5,23,False,False,False
EXP-T096,shadow,1,101,0.01,0.0001,29,203,0.4850057438015938,0.5387437343597412,3.4918212890625,0.009528893909706798,3.46528959274292,5,24,False,False,False
EXP-T096,shadow,1,101,0.01,0.0001,30,210,0.6092574042933327,0.5385783910751343,3.493699550628662,0.009495236500015047,3.46528959274292,5,25,False,False,False
EXP-T096,shadow,1,101,0.01,0.0001,31,217,0.47667144185730387,0.5384325683116913,3.495880126953125,0.00946048229473242,3.46528959274292,5,26,False,False,False
EXP-T096,shadow,1,101,0.01,0.0001,32,224,0.50400267967156,0.5385211706161499,3.4944701194763184,0.009424639868939034,3.46528959274292,5,27,False,False,False
EXP-T096,shadow,1,101,0.01,0.0001,33,231,0.5542969192777362,0.5393418371677399,3.486964702606201,0.009387718066217124,3.46528959274292,5,28,False,False,False
EXP-T096,shadow,1,101,0.01,0.0001,34,238,0.4867823134575571,0.5395782589912415,3.485452651977539,0.009349725996469048,3.46528959274292,5,29,False,False,False
EXP-T096,shadow,1,101,0.01,0.0001,35,245,0.5122501424380711,0.5403927266597748,3.484375,0.00931067303366952,3.46528959274292,5,30,False,True,False
EXP-T096,shadow,2,101,1e-05,1.0000000000000001e-07,1,7,0.5082531975848334,0.5902471542358398,3.5101675987243652,1e-05,3.5101675987243652,1,0,True,False,False
EXP-T096,shadow,2,101,1e-05,1.0000000000000001e-07,2,14,0.47928822146994726,0.5901302099227905,3.5153329372406006,9.99938933078422e-06,3.5101675987243652,1,1,False,False,False
EXP-T096,shadow,2,101,1e-05,1.0000000000000001e-07,3,21,0.5377529689243862,0.5902303159236908,3.5184473991394043,9.997557473810373e-06,3.5101675987243652,1,2,False,False,False
EXP-T096,shadow,2,101,1e-05,1.0000000000000001e-07,4,28,0.5748470255306789,0.590305507183075,3.5197267532348633,9.994504881061752e-06,3.5101675987243652,1,3,False,False,False
EXP-T096,shadow,2,101,1e-05,1.0000000000000001e-07,5,35,0.48133419108177933,0.590388298034668,3.520846366882324,9.990232305719944e-06,3.5101675987243652,1,4,False,False,False
EXP-T096,shadow,2,101,1e-05,1.0000000000000001e-07,6,42,0.590918345110757,0.5905645787715912,3.522686243057251,9.984740801978984e-06,3.5101675987243652,1,5,False,False,False
EXP-T096,shadow,2,101,1e-05,1.0000000000000001e-07,7,49,0.5289016493729183,0.5905929803848267,3.5229909420013428,9.978031724785247e-06,3.5101675987243652,1,6,False,False,False
EXP-T096,shadow,2,101,1e-05,1.0000000000000001e-07,8,56,0.505971929856709,0.5905822515487671,3.522960901260376,9.97010672950314e-06,3.5101675987243652,1,7,False,False,False
EXP-T096,shadow,2,101,1e-05,1.0000000000000001e-07,9,63,0.5547625763075692,0.5903485417366028,3.5208163261413574,9.960967771506666e-06,3.5101675987243652,1,8,False,False,False
EXP-T096,shadow,2,101,1e-05,1.0000000000000001e-07,10,70,0.5398537772042411,0.5904529988765717,3.5219485759735107,9.950617105696961e-06,3.5101675987243652,1,9,False,False,False
EXP-T096,shadow,2,101,1e-05,1.0000000000000001e-07,11,77,0.5635279161589486,0.5904892981052399,3.52234148979187,9.939057285945933e-06,3.5101675987243652,1,10,False,False,False
EXP-T096,shadow,2,101,1e-05,1.0000000000000001e-07,12,84,0.5585139606680188,0.5904442071914673,3.5219786167144775,9.926291164466131e-06,3.5101675987243652,1,11,False,False,False
EXP-T096,shadow,2,101,1e-05,1.0000000000000001e-07,13,91,0.5528229389871869,0.5905131697654724,3.5226004123687744,9.91232189110701e-06,3.5101675987243652,1,12,False,False,False
EXP-T096,shadow,2,101,1e-05,1.0000000000000001e-07,14,98,0.6185467030320849,0.5906074643135071,3.523400068283081,9.897152912577742e-06,3.5101675987243652,1,13,False,False,False
EXP-T096,shadow,2,101,1e-05,1.0000000000000001e-07,15,105,0.5744220018386841,0.5907529592514038,3.524486780166626,9.8807879715968e-06,3.5101675987243652,1,14,False,False,False
EXP-T096,shadow,2,101,1e-05,1.0000000000000001e-07,16,112,0.5408698788711003,0.590900719165802,3.5254721641540527,9.8632311059685e-06,3.5101675987243652,1,15,False,False,False
EXP-T096,shadow,2,101,1e-05,1.0000000000000001e-07,17,119,0.6108713448047638,0.5909605026245117,3.525850534439087,9.844486647586724e-06,3.5101675987243652,1,16,False,False,False
EXP-T096,shadow,2,101,1e-05,1.0000000000000001e-07,18,126,0.5964632715497699,0.5907132029533386,3.524294376373291,9.824559221366101e-06,3.5101675987243652,1,17,False,False,False
EXP-T096,shadow,2,101,1e-05,1.0000000000000001e-07,19,133,0.5249407759734562,0.5907949805259705,3.5248680114746094,9.803453744100868e-06,3.5101675987243652,1,18,False,False,False
EXP-T096,shadow,2,101,1e-05,1.0000000000000001e-07,20,140,0.5061842586312976,0.5907082557678223,3.5243265628814697,9.781175423251734e-06,3.5101675987243652,1,19,False,False,False
EXP-T096,shadow,2,101,1e-05,1.0000000000000001e-07,21,147,0.5007857088265675,0.590714693069458,3.5243964195251465,9.757729755661012e-06,3.5101675987243652,1,20,False,False,False
EXP-T096,shadow,2,101,1e-05,1.0000000000000001e-07,22,154,0.5422745304448264,0.59080970287323,3.5250258445739746,9.73312252619635e-06,3.5101675987243652,1,21,False,False,False
EXP-T096,shadow,2,101,1e-05,1.0000000000000001e-07,23,161,0.5382799335888454,0.590742290019989,3.524608612060547,9.707359806323418e-06,3.5101675987243652,1,22,False,False,False
EXP-T096,shadow,2,101,1e-05,1.0000000000000001e-07,24,168,0.5186456165143422,0.5908227562904358,3.525132894515991,9.680447952607845e-06,3.5101675987243652,1,23,False,False,False
EXP-T096,shadow,2,101,1e-05,1.0000000000000001e-07,25,175,0.5205606733049665,0.5909966826438904,3.5261597633361816,9.652393605146845e-06,3.5101675987243652,1,24,False,False,False
EXP-T096,shadow,2,101,1e-05,1.0000000000000001e-07,26,182,0.5294963802610125,0.5911310017108917,3.526899576187134,9.62320368593087e-06,3.5101675987243652,1,25,False,False,False
EXP-T096,shadow,2,101,1e-05,1.0000000000000001e-07,27,189,0.6753601133823395,0.5913416147232056,3.527960777282715,9.592885397135707e-06,3.5101675987243652,1,26,False,False,False
EXP-T096,shadow,2,101,1e-05,1.0000000000000001e-07,28,196,0.5189679563045502,0.5914700925350189,3.528562307357788,9.561446219345455e-06,3.5101675987243652,1,27,False,False,False
EXP-T096,shadow,2,101,1e-05,1.0000000000000001e-07,29,203,0.6571408808231354,0.5913199484348297,3.5278429985046387,9.528893909706798e-06,3.5101675987243652,1,28,False,False,False
EXP-T096,shadow,2,101,1e-05,1.0000000000000001e-07,30,210,0.5636415949889592,0.5914426743984222,3.528428316116333,9.495236500015048e-06,3.5101675987243652,1,29,False,False,False
EXP-T096,shadow,2,101,1e-05,1.0000000000000001e-07,31,217,0.6394630287374768,0.5914717018604279,3.528550386428833,9.460482294732422e-06,3.5101675987243652,1,30,False,True,False
EXP-T096,shadow,2,101,0.0001,1.0000000000000002e-06,1,7,0.5096498089177268,0.5904448330402374,3.521707534790039,0.0001,3.521707534790039,1,0,True,False,False
EXP-T096,shadow,2,101,0.0001,1.0000000000000002e-06,2,14,0.5242911939110074,0.6059454381465912,3.614590644836426,9.99938933078422e-05,3.521707534790039,1,1,False,False,False
EXP-T096,shadow,2,101,0.0001,1.0000000000000002e-06,3,21,0.5564950960023063,0.5981022119522095,3.573331117630005,9.997557473810373e-05,3.521707534790039,1,2,False,False,False
EXP-T096,shadow,2,101,0.0001,1.0000000000000002e-06,4,28,0.5748452288763863,0.590757429599762,3.525341749191284,9.994504881061753e-05,3.521707534790039,1,3,False,False,False
EXP-T096,shadow,2,101,0.0001,1.0000000000000002e-06,5,35,0.4967786029779485,0.5897407829761505,3.517868757247925,9.990232305719945e-05,3.517868757247925,5,0,True,False,False
EXP-T096,shadow,2,101,0.0001,1.0000000000000002e-06,6,42,0.5498456912381309,0.5907958149909973,3.5255956649780273,9.984740801978984e-05,3.517868757247925,5,1,False,False,False
EXP-T096,shadow,2,101,0.0001,1.0000000000000002e-06,7,49,0.5424743209566388,0.589769721031189,3.5194854736328125,9.978031724785247e-05,3.517868757247925,5,2,False,False,False
EXP-T096,shadow,2,101,0.0001,1.0000000000000002e-06,8,56,0.5063326592956271,0.58915975689888,3.5137157440185547,9.97010672950314e-05,3.5137157440185547,8,0,True,False,False
EXP-T096,shadow,2,101,0.0001,1.0000000000000002e-06,9,63,0.5619471413748605,0.5893762111663818,3.500575304031372,9.960967771506667e-05,3.500575304031372,9,0,True,False,False
EXP-T096,shadow,2,101,0.0001,1.0000000000000002e-06,10,70,0.5520128948347909,0.5898730754852295,3.5210816860198975,9.95061710569696e-05,3.500575304031372,9,1,False,False,False
EXP-T096,shadow,2,101,0.0001,1.0000000000000002e-06,11,77,0.5590769329241344,0.5920838713645935,3.5308730602264404,9.939057285945933e-05,3.500575304031372,9,2,False,False,False
EXP-T096,shadow,2,101,0.0001,1.0000000000000002e-06,12,84,0.5732728796345847,0.5901778042316437,3.522764205932617,9.926291164466132e-05,3.500575304031372,9,3,False,False,False
EXP-T096,shadow,2,101,0.0001,1.0000000000000002e-06,13,91,0.5705960861274174,0.5895228385925293,3.5192291736602783,9.91232189110701e-05,3.500575304031372,9,4,False,False,False
EXP-T096,shadow,2,101,0.0001,1.0000000000000002e-06,14,98,0.5963121226855687,0.5900262296199799,3.5219268798828125,9.897152912577741e-05,3.500575304031372,9,5,False,False,False
EXP-T096,shadow,2,101,0.0001,1.0000000000000002e-06,15,105,0.5670359006949833,0.5925034284591675,3.5357940196990967,9.8807879715968e-05,3.500575304031372,9,6,False,False,False
EXP-T096,shadow,2,101,0.0001,1.0000000000000002e-06,16,112,0.5506332218647003,0.5926078855991364,3.537240505218506,9.8632311059685e-05,3.500575304031372,9,7,False,False,False
EXP-T096,shadow,2,101,0.0001,1.0000000000000002e-06,17,119,0.6273929987634931,0.5912242829799652,3.526522397994995,9.844486647586725e-05,3.500575304031372,9,8,False,False,False
EXP-T096,shadow,2,101,0.0001,1.0000000000000002e-06,18,126,0.6136690718787057,0.5881254374980927,3.5084428787231445,9.824559221366101e-05,3.500575304031372,9,9,False,False,False
EXP-T096,shadow,2,101,0.0001,1.0000000000000002e-06,19,133,0.5139973419053214,0.5880138278007507,3.5083792209625244,9.803453744100869e-05,3.500575304031372,9,10,False,False,False
EXP-T096,shadow,2,101,0.0001,1.0000000000000002e-06,20,140,0.5227080988032478,0.5877637565135956,3.504032611846924,9.781175423251735e-05,3.500575304031372,9,11,False,False,False
EXP-T096,shadow,2,101,0.0001,1.0000000000000002e-06,21,147,0.49717450461217333,0.5882607996463776,3.511735439300537,9.757729755661011e-05,3.500575304031372,9,12,False,False,False
EXP-T096,shadow,2,101,0.0001,1.0000000000000002e-06,22,154,0.5747206083365849,0.5896982550621033,3.5198287963867188,9.73312252619635e-05,3.500575304031372,9,13,False,False,False
EXP-T096,shadow,2,101,0.0001,1.0000000000000002e-06,23,161,0.5261809740747724,0.5887381434440613,3.515009880065918,9.707359806323417e-05,3.500575304031372,9,14,False,False,False
EXP-T096,shadow,2,101,0.0001,1.0000000000000002e-06,24,168,0.5169396911348615,0.5888157784938812,3.5155398845672607,9.680447952607845e-05,3.500575304031372,9,15,False,False,False
EXP-T096,shadow,2,101,0.0001,1.0000000000000002e-06,25,175,0.537821752684457,0.5904873311519623,3.522970199584961,9.652393605146844e-05,3.500575304031372,9,16,False,False,False
EXP-T096,shadow,2,101,0.0001,1.0000000000000002e-06,26,182,0.4973272532224655,0.5895245969295502,3.518937110900879,9.623203685930869e-05,3.500575304031372,9,17,False,False,False
EXP-T096,shadow,2,101,0.0001,1.0000000000000002e-06,27,189,0.7090530395507812,0.5897288620471954,3.5196502208709717,9.592885397135707e-05,3.500575304031372,9,18,False,False,False
EXP-T096,shadow,2,101,0.0001,1.0000000000000002e-06,28,196,0.5151777522904533,0.5893328189849854,3.517979621887207,9.561446219345454e-05,3.500575304031372,9,19,False,False,False
EXP-T096,shadow,2,101,0.0001,1.0000000000000002e-06,29,203,0.6457667946815491,0.5873076319694519,3.5076937675476074,9.528893909706797e-05,3.500575304031372,9,20,False,False,False
EXP-T096,shadow,2,101,0.0001,1.0000000000000002e-06,30,210,0.565553605556488,0.5868834853172302,3.5042195320129395,9.495236500015047e-05,3.500575304031372,9,21,False,False,False
EXP-T096,shadow,2,101,0.0001,1.0000000000000002e-06,31,217,0.636156005518777,0.586795449256897,3.5040271282196045,9.460482294732421e-05,3.500575304031372,9,22,False,False,False
EXP-T096,shadow,2,101,0.0001,1.0000000000000002e-06,32,224,0.5328539439610073,0.5870582163333893,3.506635904312134,9.424639868939033e-05,3.500575304031372,9,23,False,False,False
EXP-T096,shadow,2,101,0.0001,1.0000000000000002e-06,33,231,0.5147344299725124,0.587229996919632,3.507889747619629,9.387718066217124e-05,3.500575304031372,9,24,False,False,False
EXP-T096,shadow,2,101,0.0001,1.0000000000000002e-06,34,238,0.6946728910718646,0.5868502557277679,3.505506753921509,9.349725996469047e-05,3.500575304031372,9,25,False,False,False
EXP-T096,shadow,2,101,0.0001,1.0000000000000002e-06,35,245,0.5390867122582027,0.5872148871421814,3.5077857971191406,9.310673033669521e-05,3.500575304031372,9,26,False,False,False
EXP-T096,shadow,2,101,0.0001,1.0000000000000002e-06,36,252,0.4998841754027775,0.5878477096557617,3.5105443000793457,9.270568813552756e-05,3.500575304031372,9,27,False,False,False
EXP-T096,shadow,2,101,0.0001,1.0000000000000002e-06,37,259,0.523352141891207,0.5872323513031006,3.5077433586120605,9.229423231234974e-05,3.500575304031372,9,28,False,False,False
EXP-T096,shadow,2,101,0.0001,1.0000000000000002e-06,38,266,0.5331434224333081,0.5871647000312805,3.507310152053833,9.187246438772939e-05,3.500575304031372,9,29,False,False,False
EXP-T096,shadow,2,101,0.0001,1.0000000000000002e-06,39,273,0.5387657625334603,0.5861228108406067,3.5021796226501465,9.14404884265908e-05,3.500575304031372,9,30,False,True,False
EXP-T096,shadow,2,101,0.001,1e-05,1,7,0.5667974294296333,0.7758643329143524,4.429288387298584,0.001,4.429288387298584,1,0,True,False,False
EXP-T096,shadow,2,101,0.001,1e-05,2,14,0.5541232696601323,0.6282050013542175,3.6628189086914062,0.000999938933078422,3.6628189086914062,2,0,True,False,False
EXP-T096,shadow,2,101,0.001,1e-05,3,21,0.5452682588781629,0.5902694165706635,3.52394437789917,0.0009997557473810372,3.52394437789917,3,0,True,False,False
EXP-T096,shadow,2,101,0.001,1e-05,4,28,0.5789578557014465,0.5900520980358124,3.522557258605957,0.0009994504881061753,3.522557258605957,4,0,True,False,False
EXP-T096,shadow,2,101,0.001,1e-05,5,35,0.49689037425975713,0.6017857789993286,3.543307304382324,0.0009990232305719944,3.522557258605957,4,1,False,False,False
EXP-T096,shadow,2,101,0.001,1e-05,6,42,0.5857424863747188,0.5919488370418549,3.5380494594573975,0.0009984740801978985,3.522557258605957,4,2,False,False,False
EXP-T096,shadow,2,101,0.001,1e-05,7,49,0.5215542550597873,0.5850117802619934,3.482964277267456,0.0009978031724785245,3.482964277267456,7,0,True,False,False
EXP-T096,shadow,2,101,0.001,1e-05,8,56,0.5321836365120751,0.5798948407173157,3.4584035873413086,0.000997010672950314,3.4584035873413086,8,0,True,False,False
EXP-T096,shadow,2,101,0.001,1e-05,9,63,0.5781358480453491,0.5802597403526306,3.452225923538208,0.0009960967771506667,3.452225923538208,9,0,True,False,False
EXP-T096,shadow,2,101,0.001,1e-05,10,70,0.5558368137904576,0.5780722796916962,3.472573757171631,0.000995061710569696,3.452225923538208,9,1,False,False,False
EXP-T096,shadow,2,101,0.001,1e-05,11,77,0.546804489833968,0.5667180120944977,3.3713746070861816,0.0009939057285945933,3.3713746070861816,11,0,True,False,False
EXP-T096,shadow,2,101,0.001,1e-05,12,84,0.5206703543663025,0.5545124709606171,3.366135597229004,0.000992629116446613,3.366135597229004,12,0,True,False,False
EXP-T096,shadow,2,101,0.001,1e-05,13,91,0.4957247312579836,0.4571171700954437,2.8810911178588867,0.000991232189110701,2.8810911178588867,13,0,True,False,False
EXP-T096,shadow,2,101,0.001,1e-05,14,98,0.5057272229875837,0.4736003875732422,2.980131149291992,0.0009897152912577741,2.8810911178588867,13,1,False,False,False
EXP-T096,shadow,2,101,0.001,1e-05,15,105,0.47949211086545673,0.5066207647323608,3.1502132415771484,0.00098807879715968,2.8810911178588867,13,2,False,False,False
EXP-T096,shadow,2,101,0.001,1e-05,16,112,0.38705791000808987,0.43667805194854736,2.813182830810547,0.00098632311059685,2.813182830810547,16,0,True,False,False
EXP-T096,shadow,2,101,0.001,1e-05,17,119,0.572651995079858,0.4555959403514862,2.9324347972869873,0.0009844486647586723,2.813182830810547,16,1,False,False,False
EXP-T096,shadow,2,101,0.001,1e-05,18,126,0.4526919296809605,0.610699474811554,3.643465280532837,0.00098245592213661,2.813182830810547,16,2,False,False,False
EXP-T096,shadow,2,101,0.001,1e-05,19,133,0.4208664000034332,0.4679819941520691,3.0126116275787354,0.0009803453744100868,2.813182830810547,16,3,False,False,False
EXP-T096,shadow,2,101,0.001,1e-05,20,140,0.3284699448517391,0.556129515171051,3.311248540878296,0.0009781175423251734,2.813182830810547,16,4,False,False,False
EXP-T096,shadow,2,101,0.001,1e-05,21,147,0.43332696173872265,0.5832432955503464,3.576900839805603,0.0009757729755661011,2.813182830810547,16,5,False,False,False
EXP-T096,shadow,2,101,0.001,1e-05,22,154,0.41078236060483114,0.5261653363704681,3.108384132385254,0.0009733122526196349,2.813182830810547,16,6,False,False,False
EXP-T096,shadow,2,101,0.001,1e-05,23,161,0.4171552913529532,0.4446738362312317,2.9069325923919678,0.0009707359806323416,2.813182830810547,16,7,False,False,False
EXP-T096,shadow,2,101,0.001,1e-05,24,168,0.3231382614799908,0.5054936110973358,3.164076566696167,0.0009680447952607845,2.813182830810547,16,8,False,False,False
EXP-T096,shadow,2,101,0.001,1e-05,25,175,0.3789136494909014,0.4620911777019501,2.948904037475586,0.0009652393605146844,2.813182830810547,16,9,False,False,False
EXP-T096,shadow,2,101,0.001,1e-05,26,182,0.3138011809039329,0.5176226794719696,3.2469465732574463,0.000962320368593087,2.813182830810547,16,10,False,False,False
EXP-T096,shadow,2,101,0.001,1e-05,27,189,0.41338565732751575,0.5423619002103806,3.436206340789795,0.0009592885397135706,2.813182830810547,16,11,False,False,False
EXP-T096,shadow,2,101,0.001,1e-05,28,196,0.33429469593933653,0.5234320610761642,3.2820777893066406,0.0009561446219345453,2.813182830810547,16,12,False,False,False
EXP-T096,shadow,2,101,0.001,1e-05,29,203,0.3599360372338976,0.49973925948143005,3.1788883209228516,0.0009528893909706797,2.813182830810547,16,13,False,False,False
EXP-T096,shadow,2,101,0.001,1e-05,30,210,0.30265559043203083,0.6427765786647797,3.8515520095825195,0.0009495236500015047,2.813182830810547,16,14,False,False,False
EXP-T096,shadow,2,101,0.001,1e-05,31,217,0.3004342115351132,0.581405907869339,3.498642921447754,0.0009460482294732421,2.813182830810547,16,15,False,False,False
EXP-T096,shadow,2,101,0.001,1e-05,32,224,0.40193672265325275,0.6103842407464981,3.642977714538574,0.0009424639868939033,2.813182830810547,16,16,False,False,False
EXP-T096,shadow,2,101,0.001,1e-05,33,231,0.2509218209556171,0.5353336334228516,3.3134121894836426,0.0009387718066217125,2.813182830810547,16,17,False,False,False
EXP-T096,shadow,2,101,0.001,1e-05,34,238,0.4065683015755245,0.5428430140018463,3.318805694580078,0.0009349725996469047,2.813182830810547,16,18,False,False,False
EXP-T096,shadow,2,101,0.001,1e-05,35,245,0.3043195924588612,0.4898366183042526,3.09686541557312,0.0009310673033669522,2.813182830810547,16,19,False,False,False
EXP-T096,shadow,2,101,0.001,1e-05,36,252,0.26643339331660953,0.6278904974460602,3.763573169708252,0.0009270568813552756,2.813182830810547,16,20,False,False,False
EXP-T096,shadow,2,101,0.001,1e-05,37,259,0.2570410200527736,0.5077925473451614,3.1847915649414062,0.0009229423231234975,2.813182830810547,16,21,False,False,False
EXP-T096,shadow,2,101,0.001,1e-05,38,266,0.2800589310271399,0.522385373711586,3.2068471908569336,0.0009187246438772938,2.813182830810547,16,22,False,False,False
EXP-T096,shadow,2,101,0.001,1e-05,39,273,0.2608275594455855,0.48266084492206573,3.0969120264053345,0.0009144048842659081,2.813182830810547,16,23,False,False,False
EXP-T096,shadow,2,101,0.001,1e-05,40,280,0.25815749833626406,0.546825185418129,3.3646395206451416,0.0009099841101253866,2.813182830810547,16,24,False,False,False
EXP-T096,shadow,2,101,0.001,1e-05,41,287,0.2348408287923251,0.514981210231781,3.2448716163635254,0.000905463412215599,2.813182830810547,16,25,False,False,False
EXP-T096,shadow,2,101,0.001,1e-05,42,294,0.34443183881895884,0.5622425377368927,3.3901190757751465,0.0009008439059511099,2.813182830810547,16,26,False,False,False
EXP-T096,shadow,2,101,0.001,1e-05,43,301,0.2863766487155642,0.5164256542921066,3.211808681488037,0.0008961267311259666,2.813182830810547,16,27,False,False,False
EXP-T096,shadow,2,101,0.001,1e-05,44,308,0.27833192476204466,0.5241435915231705,3.2471139430999756,0.0008913130516324732,2.813182830810547,16,28,False,False,False
EXP-T096,shadow,2,101,0.001,1e-05,45,315,0.2286458377327238,0.5064579099416733,3.1455771923065186,0.0008864040551740157,2.813182830810547,16,29,False,False,False
EXP-T096,shadow,2,101,0.001,1e-05,46,322,0.2002630659512111,0.49810096621513367,3.0964486598968506,0.0008814009529720154,2.813182830810547,16,30,False,True,False
EXP-T096,shadow,2,101,0.01,0.0001,1,7,1.9383297647748674,1.1213300824165344,5.98631739616394,0.01,5.98631739616394,1,0,True,False,False
EXP-T096,shadow,2,101,0.01,0.0001,2,14,0.6316615375024932,0.5852743983268738,3.4921538829803467,0.00999938933078422,3.4921538829803467,2,0,True,False,False
EXP-T096,shadow,2,101,0.01,0.0001,3,21,1.0173849761486053,0.679620087146759,3.965729236602783,0.009997557473810372,3.4921538829803467,2,1,False,False,False
EXP-T096,shadow,2,101,0.01,0.0001,4,28,0.5818393187863486,0.5890105664730072,3.5118205547332764,0.009994504881061753,3.4921538829803467,2,2,False,False,False
EXP-T096,shadow,2,101,0.01,0.0001,5,35,0.5316188190398472,0.581220805644989,3.468966007232666,0.009990232305719944,3.468966007232666,5,0,True,False,False
EXP-T096,shadow,2,101,0.01,0.0001,6,42,0.5701599546841213,0.6305015385150909,3.6815428733825684,0.009984740801978984,3.468966007232666,5,1,False,False,False
EXP-T096,shadow,2,101,0.01,0.0001,7,49,0.6284562051296234,0.66314497590065,3.7772254943847656,0.009978031724785246,3.468966007232666,5,2,False,False,False
EXP-T096,shadow,2,101,0.01,0.0001,8,56,0.5519764700106212,0.7102389335632324,4.096886396408081,0.00997010672950314,3.468966007232666,5,3,False,False,False
EXP-T096,shadow,2,101,0.01,0.0001,9,63,0.6191450655460358,0.6616257131099701,3.8739893436431885,0.009960967771506667,3.468966007232666,5,4,False,False,False
EXP-T096,shadow,2,101,0.01,0.0001,10,70,0.6496785879135132,0.7672148942947388,4.3849427700042725,0.00995061710569696,3.468966007232666,5,5,False,False,False
EXP-T096,shadow,2,101,0.01,0.0001,11,77,0.7386489255087716,0.5918347537517548,3.530430316925049,0.009939057285945933,3.468966007232666,5,6,False,False,False
EXP-T096,shadow,2,101,0.01,0.0001,12,84,0.5533189688410077,4.2898359298706055,20.00280451774597,0.00992629116446613,3.468966007232666,5,7,False,False,False
EXP-T096,shadow,2,101,0.01,0.0001,13,91,2.8270580640860965,0.5925437211990356,3.533846855163574,0.00991232189110701,3.468966007232666,5,8,False,False,False
EXP-T096,shadow,2,101,0.01,0.0001,14,98,0.5835154610020774,0.5880360305309296,3.509751558303833,0.00989715291257774,3.468966007232666,5,9,False,False,False
EXP-T096,shadow,2,101,0.01,0.0001,15,105,0.5675940300737109,0.5900335013866425,3.521444797515869,0.0098807879715968,3.468966007232666,5,10,False,False,False
EXP-T096,shadow,2,101,0.01,0.0001,16,112,0.5390235270772662,0.5903796553611755,3.5234742164611816,0.0098632311059685,3.468966007232666,5,11,False,False,False
EXP-T096,shadow,2,101,0.01,0.0001,17,119,0.6119516832487923,0.5897359251976013,3.5193443298339844,0.009844486647586723,3.468966007232666,5,12,False,False,False
EXP-T096,shadow,2,101,0.01,0.0001,18,126,0.5999288260936737,0.5891502499580383,3.5114893913269043,0.0098245592213661,3.468966007232666,5,13,False,False,False
EXP-T096,shadow,2,101,0.01,0.0001,19,133,0.5259857603481838,0.5891308486461639,3.5099353790283203,0.009803453744100868,3.468966007232666,5,14,False,False,False
EXP-T096,shadow,2,101,0.01,0.0001,20,140,0.5106638946703502,0.5892382860183716,3.505725383758545,0.009781175423251734,3.468966007232666,5,15,False,False,False
EXP-T096,shadow,2,101,0.01,0.0001,21,147,0.5000772827437946,0.5891826152801514,3.5069589614868164,0.009757729755661011,3.468966007232666,5,16,False,False,False
EXP-T096,shadow,2,101,0.01,0.0001,22,154,0.5398468375205994,0.589130699634552,3.5098328590393066,0.009733122526196349,3.468966007232666,5,17,False,False,False
EXP-T096,shadow,2,101,0.01,0.0001,23,161,0.5352757445403508,0.5891874432563782,3.506831169128418,0.009707359806323416,3.468966007232666,5,18,False,False,False
EXP-T096,shadow,2,101,0.01,0.0001,24,168,0.5174157491752079,0.5891373753547668,3.5087571144104004,0.009680447952607845,3.468966007232666,5,19,False,False,False
EXP-T096,shadow,2,101,0.01,0.0001,25,175,0.5167089253664017,0.5891689956188202,3.512176036834717,0.009652393605146845,3.468966007232666,5,20,False,False,False
EXP-T096,shadow,2,101,0.01,0.0001,26,182,0.523582820381437,0.5894056558609009,3.516223430633545,0.00962320368593087,3.468966007232666,5,21,False,False,False
EXP-T096,shadow,2,101,0.01,0.0001,27,189,0.6905897259712219,0.5901274979114532,3.522030830383301,0.009592885397135707,3.468966007232666,5,22,False,False,False
EXP-T096,shadow,2,101,0.01,0.0001,28,196,0.5148652706827436,0.5904969871044159,3.5240941047668457,0.009561446219345454,3.468966007232666,5,23,False,False,False
EXP-T096,shadow,2,101,0.01,0.0001,29,203,0.6444438057286399,0.5899383723735809,3.5208191871643066,0.009528893909706798,3.468966007232666,5,24,False,False,False
EXP-T096,shadow,2,101,0.01,0.0001,30,210,0.5486794199262347,0.5892666578292847,3.5143070220947266,0.009495236500015047,3.468966007232666,5,25,False,False,False
EXP-T096,shadow,2,101,0.01,0.0001,31,217,0.6481399876730782,0.5891380906105042,3.5087037086486816,0.00946048229473242,3.468966007232666,5,26,False,False,False
EXP-T096,shadow,2,101,0.01,0.0001,32,224,0.5314179531165532,0.5892082452774048,3.506335735321045,0.009424639868939034,3.468966007232666,5,27,False,False,False
EXP-T096,shadow,2,101,0.01,0.0001,33,231,0.5147842381681714,0.5893747806549072,3.50368070602417,0.009387718066217124,3.468966007232666,5,28,False,False,False
EXP-T096,shadow,2,101,0.01,0.0001,34,238,0.6846349281924111,0.5895292460918427,3.501990795135498,0.009349725996469048,3.468966007232666,5,29,False,False,False
EXP-T096,shadow,2,101,0.01,0.0001,35,245,0.5447150085653577,0.5894775390625,3.5025124549865723,0.00931067303366952,3.468966007232666,5,30,False,True,False
EXP-T096,shadow,3,101,1e-05,1.0000000000000001e-07,1,7,0.5332820202623095,0.4269830907384555,3.555677471738873,1e-05,3.555677471738873,1,0,True,False,False
EXP-T096,shadow,3,101,1e-05,1.0000000000000001e-07,2,14,0.543779024056026,0.42762685505052406,3.5566692930279356,9.99938933078422e-06,3.555677471738873,1,1,False,False,False
EXP-T096,shadow,3,101,1e-05,1.0000000000000001e-07,3,21,0.6000243595668248,0.4277238280822833,3.5567865082711885,9.997557473810373e-06,3.555677471738873,1,2,False,False,False
EXP-T096,shadow,3,101,1e-05,1.0000000000000001e-07,4,28,0.6000656591994422,0.42799028009176254,3.557119658499053,9.994504881061752e-06,3.555677471738873,1,3,False,False,False
EXP-T096,shadow,3,101,1e-05,1.0000000000000001e-07,5,35,0.5864210639681134,0.4287901905675729,3.558160261674361,9.990232305719944e-06,3.555677471738873,1,4,False,False,False
EXP-T096,shadow,3,101,1e-05,1.0000000000000001e-07,6,42,0.6024082473346165,0.4299663417041302,3.5595513546105586,9.984740801978984e-06,3.555677471738873,1,5,False,False,False
EXP-T096,shadow,3,101,1e-05,1.0000000000000001e-07,7,49,0.5007382886750358,0.43156376108527184,3.561239069158381,9.978031724785247e-06,3.555677471738873,1,6,False,False,False
EXP-T096,shadow,3,101,1e-05,1.0000000000000001e-07,8,56,0.5595406549317496,0.43297262117266655,3.5625677397756865,9.97010672950314e-06,3.555677471738873,1,7,False,False,False
EXP-T096,shadow,3,101,1e-05,1.0000000000000001e-07,9,63,0.5441489858286721,0.43435100466012955,3.563742897727273,9.960967771506666e-06,3.555677471738873,1,8,False,False,False
EXP-T096,shadow,3,101,1e-05,1.0000000000000001e-07,10,70,0.5461162754467556,0.4352763555943966,3.564437635017164,9.950617105696961e-06,3.555677471738873,1,9,False,False,False
EXP-T096,shadow,3,101,1e-05,1.0000000000000001e-07,11,77,0.5418214797973633,0.43558234721422195,3.5646024761777935,9.939057285945933e-06,3.555677471738873,1,10,False,False,False
EXP-T096,shadow,3,101,1e-05,1.0000000000000001e-07,12,84,0.5132911790694509,0.4368780677517255,3.5655515266187265,9.926291164466131e-06,3.555677471738873,1,11,False,False,False
EXP-T096,shadow,3,101,1e-05,1.0000000000000001e-07,13,91,0.5968658924102783,0.43754250804583233,3.5664016261245264,9.91232189110701e-06,3.555677471738873,1,12,False,False,False
EXP-T096,shadow,3,101,1e-05,1.0000000000000001e-07,14,98,0.5647772167410169,0.4378321133553982,3.5670182199189155,9.897152912577742e-06,3.555677471738873,1,13,False,False,False
EXP-T096,shadow,3,101,1e-05,1.0000000000000001e-07,15,105,0.49585565286023275,0.43718162924051285,3.565694635564631,9.8807879715968e-06,3.555677471738873,1,14,False,False,False
EXP-T096,shadow,3,101,1e-05,1.0000000000000001e-07,16,112,0.5388138209070478,0.43589167793591815,3.564692410555753,9.8632311059685e-06,3.555677471738873,1,15,False,False,False
EXP-T096,shadow,3,101,1e-05,1.0000000000000001e-07,17,119,0.6502078345843724,0.4345773061116536,3.5636113484700522,9.844486647586724e-06,3.555677471738873,1,16,False,False,False
EXP-T096,shadow,3,101,1e-05,1.0000000000000001e-07,18,126,0.4952813647687435,0.43536711235841113,3.564203204530658,9.824559221366101e-06,3.555677471738873,1,17,False,False,False
EXP-T096,shadow,3,101,1e-05,1.0000000000000001e-07,19,133,0.5297694844858987,0.4356941742201646,3.5644115101207388,9.803453744100868e-06,3.555677471738873,1,18,False,False,False
EXP-T096,shadow,3,101,1e-05,1.0000000000000001e-07,20,140,0.5241777162466731,0.43553564076622325,3.564232103752367,9.781175423251734e-06,3.555677471738873,1,19,False,False,False
EXP-T096,shadow,3,101,1e-05,1.0000000000000001e-07,21,147,0.5175015372889382,0.4353630567590396,3.564036513819839,9.757729755661012e-06,3.555677471738873,1,20,False,False,False
EXP-T096,shadow,3,101,1e-05,1.0000000000000001e-07,22,154,0.5108230710029602,0.43506988262136775,3.563763242779356,9.73312252619635e-06,3.555677471738873,1,21,False,False,False
EXP-T096,shadow,3,101,1e-05,1.0000000000000001e-07,23,161,0.71411879999297,0.43453417097528774,3.56328212853634,9.707359806323418e-06,3.555677471738873,1,22,False,False,False
EXP-T096,shadow,3,101,1e-05,1.0000000000000001e-07,24,168,0.5265072073255267,0.43448010956247646,3.5631794785008286,9.680447952607845e-06,3.555677471738873,1,23,False,False,False
EXP-T096,shadow,3,101,1e-05,1.0000000000000001e-07,25,175,0.5598299333027431,0.43482349316279095,3.563397031841856,9.652393605146845e-06,3.555677471738873,1,24,False,False,False
EXP-T096,shadow,3,101,1e-05,1.0000000000000001e-07,26,182,0.5075628310441971,0.43557510773340863,3.563942649147727,9.62320368593087e-06,3.555677471738873,1,25,False,False,False
EXP-T096,shadow,3,101,1e-05,1.0000000000000001e-07,27,189,0.5107982626983097,0.43728317817052204,3.565497889663234,9.592885397135707e-06,3.555677471738873,1,26,False,False,False
EXP-T096,shadow,3,101,1e-05,1.0000000000000001e-07,28,196,0.5827813148498535,0.43939552704493207,3.569952531294389,9.561446219345455e-06,3.555677471738873,1,27,False,False,False
EXP-T096,shadow,3,101,1e-05,1.0000000000000001e-07,29,203,0.5536937032427106,0.44003696988026303,3.5712192419803506,9.528893909706798e-06,3.555677471738873,1,28,False,False,False
EXP-T096,shadow,3,101,1e-05,1.0000000000000001e-07,30,210,0.5035823739266821,0.440171055495739,3.5714751734878076,9.495236500015048e-06,3.555677471738873,1,29,False,False,False
EXP-T096,shadow,3,101,1e-05,1.0000000000000001e-07,31,217,0.49693296843075324,0.4410010849436124,3.5730771151455967,9.460482294732422e-06,3.555677471738873,1,30,False,True,False
EXP-T096,shadow,3,101,0.0001,1.0000000000000002e-06,1,7,0.5980817420142037,0.4498199249307315,3.5892038056344697,0.0001,3.5892038056344697,1,0,True,False,False
EXP-T096,shadow,3,101,0.0001,1.0000000000000002e-06,2,14,0.5274683066776821,0.44205336769421893,3.575659549597538,9.99938933078422e-05,3.575659549597538,2,0,True,False,False
EXP-T096,shadow,3,101,0.0001,1.0000000000000002e-06,3,21,0.6031443987573896,0.42797879005471867,3.556865114154238,9.997557473810373e-05,3.556865114154238,3,0,True,False,False
EXP-T096,shadow,3,101,0.0001,1.0000000000000002e-06,4,28,0.6429680053676877,0.4258228236188491,3.55289921616063,9.994504881061753e-05,3.55289921616063,4,0,True,False,False
EXP-T096,shadow,3,101,0.0001,1.0000000000000002e-06,5,35,0.628703658069883,0.4298221816619237,3.5586131702769888,9.990232305719945e-05,3.55289921616063,4,1,False,False,False
EXP-T096,shadow,3,101,0.0001,1.0000000000000002e-06,6,42,0.6177985072135925,0.4390381338695685,3.569123470421993,9.984740801978984e-05,3.55289921616063,4,2,False,False,False
EXP-T096,shadow,3,101,0.0001,1.0000000000000002e-06,7,49,0.4944264995200293,0.45082860936721164,3.589837276574337,9.978031724785247e-05,3.55289921616063,4,3,False,False,False
EXP-T096,shadow,3,101,0.0001,1.0000000000000002e-06,8,56,0.578004002571106,0.45075223594903946,3.5897958928888496,9.97010672950314e-05,3.55289921616063,4,4,False,False,False
EXP-T096,shadow,3,101,0.0001,1.0000000000000002e-06,9,63,0.559553188937051,0.4529445916414261,3.59311259876598,9.960967771506667e-05,3.55289921616063,4,5,False,False,False
EXP-T096,shadow,3,101,0.0001,1.0000000000000002e-06,10,70,0.5414567121437618,0.44605118532975513,3.5821551698626894,9.95061710569696e-05,3.55289921616063,4,6,False,False,False
EXP-T096,shadow,3,101,0.0001,1.0000000000000002e-06,11,77,0.5393359192780086,0.4337451234459877,3.561406453450521,9.939057285945933e-05,3.55289921616063,4,7,False,False,False
EXP-T096,shadow,3,101,0.0001,1.0000000000000002e-06,12,84,0.5036091064768178,0.43642331411441165,3.5631951996774385,9.926291164466132e-05,3.55289921616063,4,8,False,False,False
EXP-T096,shadow,3,101,0.0001,1.0000000000000002e-06,13,91,0.6077361532620021,0.4350791734953721,3.5617985580906724,9.91232189110701e-05,3.55289921616063,4,9,False,False,False
EXP-T096,shadow,3,101,0.0001,1.0000000000000002e-06,14,98,0.5599843944822039,0.4343661653498809,3.5609392108339253,9.897152912577741e-05,3.55289921616063,4,10,False,False,False
EXP-T096,shadow,3,101,0.0001,1.0000000000000002e-06,15,105,0.4959064392106874,0.4296216169993083,3.5560688827977036,9.8807879715968e-05,3.55289921616063,4,11,False,False,False
EXP-T096,shadow,3,101,0.0001,1.0000000000000002e-06,16,112,0.5173583328723907,0.4266859367489815,3.5517938787286933,9.8632311059685e-05,3.5517938787286933,16,0,True,False,False
EXP-T096,shadow,3,101,0.0001,1.0000000000000002e-06,17,119,0.6731414880071368,0.4241519852851828,3.552329092314749,9.844486647586725e-05,3.5517938787286933,16,1,False,False,False
EXP-T096,shadow,3,101,0.0001,1.0000000000000002e-06,18,126,0.5071556131754603,0.43073468282818794,3.5562344175396543,9.824559221366101e-05,3.5517938787286933,16,2,False,False,False
EXP-T096,shadow,3,101,0.0001,1.0000000000000002e-06,19,133,0.5233735229287829,0.435473741342624,3.5597883282285747,9.803453744100869e-05,3.5517938787286933,16,3,False,False,False
EXP-T096,shadow,3,101,0.0001,1.0000000000000002e-06,20,140,0.520026255931173,0.4350101128220558,3.5587532737038354,9.781175423251735e-05,3.5517938787286933,16,4,False,False,False
EXP-T096,shadow,3,101,0.0001,1.0000000000000002e-06,21,147,0.5119578178439822,0.4363709166646004,3.561099890506629,9.757729755661011e-05,3.5517938787286933,16,5,False,False,False
EXP-T096,shadow,3,101,0.0001,1.0000000000000002e-06,22,154,0.4972847891705377,0.43483030920227367,3.55770527232777,9.73312252619635e-05,3.5517938787286933,16,6,False,False,False
EXP-T096,shadow,3,101,0.0001,1.0000000000000002e-06,23,161,0.6632265405995506,0.4335189138849576,3.5561773126775567,9.707359806323417e-05,3.5517938787286933,16,7,False,False,False
EXP-T096,shadow,3,101,0.0001,1.0000000000000002e-06,24,168,0.5562201823507037,0.4353097503383954,3.558286262281013,9.680447952607845e-05,3.5517938787286933,16,8,False,False,False
EXP-T096,shadow,3,101,0.0001,1.0000000000000002e-06,25,175,0.5617985384804862,0.43871371323863667,3.5652627655954072,9.652393605146844e-05,3.5517938787286933,16,9,False,False,False
EXP-T096,shadow,3,101,0.0001,1.0000000000000002e-06,26,182,0.4980576815349715,0.44111037502686185,3.5694478352864585,9.623203685930869e-05,3.5517938787286933,16,10,False,False,False
EXP-T096,shadow,3,101,0.0001,1.0000000000000002e-06,27,189,0.5023538578700807,0.4552485893170039,3.591894669966264,9.592885397135707e-05,3.5517938787286933,16,11,False,False,False
EXP-T096,shadow,3,101,0.0001,1.0000000000000002e-06,28,196,0.5771031081676483,0.46201810985803604,3.6019141457297583,9.561446219345454e-05,3.5517938787286933,16,12,False,False,False
EXP-T096,shadow,3,101,0.0001,1.0000000000000002e-06,29,203,0.5101546347141266,0.44731233765681583,3.580152569395123,9.528893909706797e-05,3.5517938787286933,16,13,False,False,False
EXP-T096,shadow,3,101,0.0001,1.0000000000000002e-06,30,210,0.4961649142205715,0.43956883748372394,3.5666457667495264,9.495236500015047e-05,3.5517938787286933,16,14,False,False,False
EXP-T096,shadow,3,101,0.0001,1.0000000000000002e-06,31,217,0.48826791612165316,0.4417066474755605,3.570736046993371,9.460482294732421e-05,3.5517938787286933,16,15,False,False,False
EXP-T096,shadow,3,101,0.0001,1.0000000000000002e-06,32,224,0.5282386818102428,0.43821123614907265,3.563577362985322,9.424639868939033e-05,3.5517938787286933,16,16,False,False,False
EXP-T096,shadow,3,101,0.0001,1.0000000000000002e-06,33,231,0.5994349207196917,0.43450163801511127,3.5549348773378315,9.387718066217124e-05,3.5517938787286933,16,17,False,False,False
EXP-T096,shadow,3,101,0.0001,1.0000000000000002e-06,34,238,0.4945757287953581,0.43086207409699756,3.550025708747633,9.349725996469047e-05,3.550025708747633,34,0,True,False,False
EXP-T096,shadow,3,101,0.0001,1.0000000000000002e-06,35,245,0.539208608014243,0.4319079890847206,3.550547744288589,9.310673033669521e-05,3.550025708747633,34,1,False,False,False
EXP-T096,shadow,3,101,0.0001,1.0000000000000002e-06,36,252,0.5575672686100006,0.43611787756284076,3.5581195715701943,9.270568813552756e-05,3.550025708747633,34,2,False,False,False
EXP-T096,shadow,3,101,0.0001,1.0000000000000002e-06,37,259,0.6475774220057896,0.4429248993595441,3.5714578339547822,9.229423231234974e-05,3.550025708747633,34,3,False,False,False
EXP-T096,shadow,3,101,0.0001,1.0000000000000002e-06,38,266,0.4985505310552461,0.44702495882908505,3.578139796401515,9.187246438772939e-05,3.550025708747633,34,4,False,False,False
EXP-T096,shadow,3,101,0.0001,1.0000000000000002e-06,39,273,0.5576873336519513,0.4411311646302541,3.567777460271662,9.14404884265908e-05,3.550025708747633,34,5,False,False,False
EXP-T096,shadow,3,101,0.0001,1.0000000000000002e-06,40,280,0.5058044237749917,0.43295393511652946,3.5504437070904356,9.099841101253866e-05,3.550025708747633,34,6,False,False,False
EXP-T096,shadow,3,101,0.0001,1.0000000000000002e-06,41,287,0.5832226659570422,0.4406437675158183,3.566660100763494,9.05463412215599e-05,3.550025708747633,34,7,False,False,False
EXP-T096,shadow,3,101,0.0001,1.0000000000000002e-06,42,294,0.5551093816757202,0.44458505759636563,3.573438702207623,9.0084390595111e-05,3.550025708747633,34,8,False,False,False
EXP-T096,shadow,3,101,0.0001,1.0000000000000002e-06,43,301,0.6687541093145098,0.44905058046181995,3.58042861476089,8.961267311259666e-05,3.550025708747633,34,9,False,False,False
EXP-T096,shadow,3,101,0.0001,1.0000000000000002e-06,44,308,0.5015207380056381,0.44846005489428836,3.5794733220880683,8.913130516324733e-05,3.550025708747633,34,10,False,False,False
EXP-T096,shadow,3,101,0.0001,1.0000000000000002e-06,45,315,0.5190446887697492,0.4476184199253718,3.5781268495501894,8.864040551740158e-05,3.550025708747633,34,11,False,False,False
EXP-T096,shadow,3,101,0.0001,1.0000000000000002e-06,46,322,0.5197037224258695,0.45157860467831296,3.5837478637695312,8.814009529720155e-05,3.550025708747633,34,12,False,False,False
EXP-T096,shadow,3,101,0.0001,1.0000000000000002e-06,47,329,0.5130465562854495,0.4422203948100408,3.5687396887576943,8.763049794670775e-05,3.550025708747633,34,13,False,False,False
EXP-T096,shadow,3,101,0.0001,1.0000000000000002e-06,48,336,0.6222381251198905,0.43625709041953087,3.557385300145005,8.711173920144117e-05,3.550025708747633,34,14,False,False,False
EXP-T096,shadow,3,101,0.0001,1.0000000000000002e-06,49,343,0.6474103246416364,0.43465299159288406,3.5537576386422822,8.658394705735987e-05,3.550025708747633,34,15,False,False,False
EXP-T096,shadow,3,101,0.0001,1.0000000000000002e-06,50,350,0.5738344618252346,0.44323358684778214,3.5699062925396543,8.604725173927785e-05,3.550025708747633,34,16,False,False,False
EXP-T096,shadow,3,101,0.0001,1.0000000000000002e-06,51,357,0.5582159161567688,0.4417782152692477,3.5669594967004024,8.55017856687341e-05,3.550025708747633,34,17,False,False,False
EXP-T096,shadow,3,101,0.0001,1.0000000000000002e-06,52,364,0.5065121134477002,0.4296823479235172,3.540771484375,8.494768343131955e-05,3.540771484375,52,0,True,False,False
EXP-T096,shadow,3,101,0.0001,1.0000000000000002e-06,53,371,0.489983079522582,0.4273282513022423,3.536839571866122,8.438508174347009e-05,3.536839571866122,53,0,True,False,False
EXP-T096,shadow,3,101,0.0001,1.0000000000000002e-06,54,378,0.6121354613985334,0.42603357198337716,3.5346987175218985,8.381411941873378e-05,3.5346987175218985,54,0,True,False,False
EXP-T096,shadow,3,101,0.0001,1.0000000000000002e-06,55,385,0.5365579809461322,0.432366502781709,3.547173702355587,8.323493733352077e-05,3.5346987175218985,54,1,False,False,False
EXP-T096,shadow,3,101,0.0001,1.0000000000000002e-06,56,392,0.4967001676559448,0.43943075835704803,3.5618496519146543,8.26476783923441e-05,3.5346987175218985,54,2,False,False,False
EXP-T096,shadow,3,101,0.0001,1.0000000000000002e-06,57,399,0.6135407430785043,0.4426441689332326,3.567209648363518,8.205248749256015e-05,3.5346987175218985,54,3,False,False,False
EXP-T096,shadow,3,101,0.0001,1.0000000000000002e-06,58,406,0.5622772531849998,0.4444608613848686,3.56935420180812,8.144951148861742e-05,3.5346987175218985,54,4,False,False,False
EXP-T096,shadow,3,101,0.0001,1.0000000000000002e-06,59,413,0.5125823446682521,0.44364680101474124,3.567360849091501,8.083889915582235e-05,3.5346987175218985,54,5,False,False,False
EXP-T096,shadow,3,101,0.0001,1.0000000000000002e-06,60,420,0.5560493469238281,0.4425904005765915,3.5650348085345644,8.022080115363127e-05,3.5346987175218985,54,6,False,False,False
EXP-T096,shadow,3,101,0.0001,1.0000000000000002e-06,61,427,0.6055582591465541,0.4367242567241192,3.5538057269472065,7.959536998847744e-05,3.5346987175218985,54,7,False,False,False
EXP-T096,shadow,3,101,0.0001,1.0000000000000002e-06,62,434,0.5374982569898877,0.43353666613499325,3.5466923569187974,7.89627599761423e-05,3.5346987175218985,54,8,False,False,False
EXP-T096,shadow,3,101,0.0001,1.0000000000000002e-06,63,441,0.5572910947459084,0.42650797590613365,3.528630574544271,7.832312720368048e-05,3.528630574544271,63,0,True,False,False
EXP-T096,shadow,3,101,0.0001,1.0000000000000002e-06,64,448,0.4930858000048569,0.425551434357961,3.5251339999112217,7.767662949090753e-05,3.5251339999112217,64,0,True,False,False
EXP-T096,shadow,3,101,0.0001,1.0000000000000002e-06,65,455,0.4853368214265044,0.42555907741189003,3.5246903390595405,7.702342635146033e-05,3.5246903390595405,65,0,True,False,False
EXP-T096,shadow,3,101,0.0001,1.0000000000000002e-06,66,462,0.48424381470041616,0.4257818100353082,3.524792526707505,7.636367895343946e-05,3.5246903390595405,65,1,False,False,False
EXP-T096,shadow,3,101,0.0001,1.0000000000000002e-06,67,469,0.48458122462034225,0.43065664420525235,3.535909479314631,7.569755007964338e-05,3.5246903390595405,65,2,False,False,False
EXP-T096,shadow,3,101,0.0001,1.0000000000000002e-06,68,476,0.5342082338673728,0.4287411756813526,3.530179804021662,7.502520408740418e-05,3.5246903390595405,65,3,False,False,False
EXP-T096,shadow,3,101,0.0001,1.0000000000000002e-06,69,483,0.8403672448226384,0.4281065873801708,3.5271234223336885,7.43468068680349e-05,3.5246903390595405,65,4,False,False,False
EXP-T096,shadow,3,101,0.0001,1.0000000000000002e-06,70,490,0.5496848779065269,0.4254532853762309,3.518681612881747,7.366252580589839e-05,3.518681612881747,70,0,True,False,False
EXP-T096,shadow,3,101,0.0001,1.0000000000000002e-06,71,497,0.6077740958758763,0.4370267440875371,3.5442571929006865,7.297252973710757e-05,3.518681612881747,70,1,False,False,False
EXP-T096,shadow,3,101,0.0001,1.0000000000000002e-06,72,504,0.5552422659737724,0.4317656209071477,3.5307711976947207,7.22769889078678e-05,3.518681612881747,70,2,False,False,False
EXP-T096,shadow,3,101,0.0001,1.0000000000000002e-06,73,511,0.4921622286949839,0.426286490013202,3.5170648748224433,7.15760749324711e-05,3.5170648748224433,73,0,True,False,False
EXP-T096,shadow,3,101,0.0001,1.0000000000000002e-06,74,518,0.4810956067272595,0.42919281621774036,3.5220554236209756,7.086996075095289e-05,3.5170648748224433,73,1,False,False,False
EXP-T096,shadow,3,101,0.0001,1.0000000000000002e-06,75,525,0.4755433680755751,0.4396933118502299,3.5597894841974433,7.015882058642164e-05,3.5170648748224433,73,2,False,False,False
EXP-T096,shadow,3,101,0.0001,1.0000000000000002e-06,76,532,0.5878370489392962,0.44059847046931583,3.565859245531487,6.944282990207195e-05,3.5170648748224433,73,3,False,False,False
EXP-T096,shadow,3,101,0.0001,1.0000000000000002e-06,77,539,0.49714980380875723,0.435565710067749,3.5493758230498345,6.872216535789157e-05,3.5170648748224433,73,4,False,False,False
EXP-T096,shadow,3,101,0.0001,1.0000000000000002e-06,78,546,0.5865405542509896,0.43277684102455777,3.5407455906723486,6.799700476707323e-05,3.5170648748224433,73,5,False,False,False
EXP-T096,shadow,3,101,0.0001,1.0000000000000002e-06,79,553,0.5003240023340497,0.4344156322379907,3.551367326216264,6.726752705214194e-05,3.5170648748224433,73,6,False,False,False
EXP-T096,shadow,3,101,0.0001,1.0000000000000002e-06,80,560,0.572257263319833,0.4384462982416153,3.5708990386038115,6.65339122008084e-05,3.5170648748224433,73,7,False,False,False
EXP-T096,shadow,3,101,0.0001,1.0000000000000002e-06,81,567,0.4657689167984894,0.44214992473522824,3.5880193999319365,6.57963412215599e-05,3.5170648748224433,73,8,False,False,False
EXP-T096,shadow,3,101,0.0001,1.0000000000000002e-06,82,574,0.5660649154867444,0.43480803196628887,3.5660035104462593,6.505499609899905e-05,3.5170648748224433,73,9,False,False,False
EXP-T096,shadow,3,101,0.0001,1.0000000000000002e-06,83,581,0.4619592790092741,0.42354494829972583,3.521512811834162,6.431005974894185e-05,3.5170648748224433,73,10,False,False,False
EXP-T096,shadow,3,101,0.0001,1.0000000000000002e-06,84,588,0.4544652526466442,0.4134791710724433,3.469062342788234,6.356171597328596e-05,3.469062342788234,84,0,True,False,False
EXP-T096,shadow,3,101,0.0001,1.0000000000000002e-06,85,595,0.4873941200120108,0.417226817458868,3.49787949070786,6.281014941466031e-05,3.469062342788234,84,1,False,False,False
EXP-T096,shadow,3,101,0.0001,1.0000000000000002e-06,86,602,0.6068351226193565,0.41975993911425274,3.518573876583215,6.205554551086733e-05,3.469062342788234,84,2,False,False,False
EXP-T096,shadow,3,101,0.0001,1.0000000000000002e-06,87,609,0.5176570160048348,0.4254188444465399,3.551503730542732,6.129809044912887e-05,3.469062342788234,84,3,False,False,False
EXP-T096,shadow,3,101,0.0001,1.0000000000000002e-06,88,616,0.46832188751016346,0.4316299284497897,3.5801400849313447,6.053797112014738e-05,3.469062342788234,84,4,False,False,False
EXP-T096,shadow,3,101,0.0001,1.0000000000000002e-06,89,623,0.5059602686337062,0.43072699134548503,3.577730583422112,5.977537507199338e-05,3.469062342788234,84,5,False,False,False
EXP-T096,shadow,3,101,0.0001,1.0000000000000002e-06,90,630,0.48625040905816214,0.43061746284365654,3.5791253754586885,5.901049046383077e-05,3.469062342788234,84,6,False,False,False
EXP-T096,shadow,3,101,0.0001,1.0000000000000002e-06,91,637,0.43053235672414303,0.4235834901531537,3.552270831483783,5.8243506019491436e-05,3.469062342788234,84,7,False,False,False
EXP-T096,shadow,3,101,0.0001,1.0000000000000002e-06,92,644,0.6158701947757176,0.440768984456857,3.650631297718395,5.7474610980910354e-05,3.469062342788234,84,8,False,False,False
EXP-T096,shadow,3,101,0.0001,1.0000000000000002e-06,93,651,0.5085500649043492,0.4340875254323085,3.6299600312204072,5.6703995061433075e-05,3.469062342788234,84,9,False,False,False
EXP-T096,shadow,3,101,0.0001,1.0000000000000002e-06,94,658,0.44900498007025036,0.43111286746958893,3.6260556307705967,5.5931848399006745e-05,3.469062342788234,84,10,False,False,False
EXP-T096,shadow,3,101,0.0001,1.0000000000000002e-06,95,665,0.4347808510065079,0.412579240713967,3.51478622898911,5.515836150926646e-05,3.469062342788234,84,11,False,False,False
EXP-T096,shadow,3,101,0.0001,1.0000000000000002e-06,96,672,0.5134449132851192,0.4120395074908932,3.509632688580137,5.438372523852833e-05,3.469062342788234,84,12,False,False,False
EXP-T096,shadow,3,101,0.0001,1.0000000000000002e-06,97,679,0.4968516869204385,0.4139382125188907,3.4983545939127603,5.360813071670102e-05,3.469062342788234,84,13,False,False,False
EXP-T096,shadow,3,101,0.0001,1.0000000000000002e-06,98,686,0.4352228991338052,0.42294150581680395,3.6173111886689155,5.283176931012731e-05,3.469062342788234,84,14,False,False,False
EXP-T096,shadow,3,101,0.0001,1.0000000000000002e-06,99,693,0.4733343507562365,0.44169797903547686,3.729402021928267,5.205483257436735e-05,3.469062342788234,84,15,False,False,False
EXP-T096,shadow,3,101,0.0001,1.0000000000000002e-06,100,700,0.48158740997314453,0.44207137698928517,3.742700518983783,5.127751220693513e-05,3.469062342788234,84,16,False,False,False
EXP-T096,shadow,3,101,0.0001,1.0000000000000002e-06,101,707,0.40931994441364494,0.43164744041860104,3.6823385990027226,5.05e-05,3.469062342788234,84,17,False,False,False
EXP-T096,shadow,3,101,0.0001,1.0000000000000002e-06,102,714,0.4229948627097266,0.4298700001090765,3.6363805135091147,4.972248779306489e-05,3.469062342788234,84,18,False,False,False
EXP-T096,shadow,3,101,0.0001,1.0000000000000002e-06,103,721,0.41091995047671454,0.4366446437003712,3.705523866595644,4.894516742563265e-05,3.469062342788234,84,19,False,False,False
EXP-T096,shadow,3,101,0.0001,1.0000000000000002e-06,104,728,0.4273763107401984,0.4485020535260749,3.774166222774621,4.816823068987269e-05,3.469062342788234,84,20,False,False,False
EXP-T096,shadow,3,101,0.0001,1.0000000000000002e-06,105,735,0.4493514043944223,0.45663667795118573,3.8261727997750947,4.739186928329899e-05,3.469062342788234,84,21,False,False,False
EXP-T096,shadow,3,101,0.0001,1.0000000000000002e-06,106,742,0.3948363448892321,0.44600774844487506,3.729419130267519,4.661627476147168e-05,3.469062342788234,84,22,False,False,False
EXP-T096,shadow,3,101,0.0001,1.0000000000000002e-06,107,749,0.4088910073041916,0.44733982781569165,3.7001224864612925,4.584163849073354e-05,3.469062342788234,84,23,False,False,False
EXP-T096,shadow,3,101,0.0001,1.0000000000000002e-06,108,756,0.37680171416806324,0.45791498261193436,3.8392435709635415,4.5068151600993264e-05,3.469062342788234,84,24,False,False,False
EXP-T096,shadow,3,101,0.0001,1.0000000000000002e-06,109,763,0.3950149028428963,0.46665784367360175,3.896524833910393,4.429600493856695e-05,3.469062342788234,84,25,False,False,False
EXP-T096,shadow,3,101,0.0001,1.0000000000000002e-06,110,770,0.39002721863133566,0.46653542046745616,3.8906125155362217,4.352538901908967e-05,3.469062342788234,84,26,False,False,False
EXP-T096,shadow,3,101,0.0001,1.0000000000000002e-06,111,777,0.38754025740282877,0.46382725859681767,3.7673934011748345,4.275649398050857e-05,3.469062342788234,84,27,False,False,False
EXP-T096,shadow,3,101,0.0001,1.0000000000000002e-06,112,784,0.4803120962211064,0.46898869425058365,3.7592935273141572,4.198950953616922e-05,3.469062342788234,84,28,False,False,False
EXP-T096,shadow,3,101,0.0001,1.0000000000000002e-06,113,791,0.3775253987072834,0.47403620431820553,3.804054029060133,4.122462492800663e-05,3.469062342788234,84,29,False,False,False
EXP-T096,shadow,3,101,0.0001,1.0000000000000002e-06,114,798,0.385550240719957,0.479991818467776,3.8445173321348247,4.046202887985264e-05,3.469062342788234,84,30,False,True,False
EXP-T096,shadow,3,101,0.001,1e-05,1,7,0.5162464422839028,0.46957261115312576,3.8248291015625,0.001,3.8248291015625,1,0,True,False,False
EXP-T096,shadow,3,101,0.001,1e-05,2,14,0.6929004532950265,0.4596597005923589,3.599955009691643,0.000999938933078422,3.599955009691643,2,0,True,False,False
EXP-T096,shadow,3,101,0.001,1e-05,3,21,0.5920261187212807,0.42429997865110636,3.545291785037879,0.0009997557473810372,3.545291785037879,3,0,True,False,False
EXP-T096,shadow,3,101,0.001,1e-05,4,28,0.5914271303585598,0.4637804503242175,3.609765486283736,0.0009994504881061753,3.545291785037879,3,1,False,False,False
EXP-T096,shadow,3,101,0.001,1e-05,5,35,0.615735398871558,0.4746890465418498,3.6399346553918086,0.0009990232305719944,3.545291785037879,3,2,False,False,False
EXP-T096,shadow,3,101,0.001,1e-05,6,42,0.5995383475508008,0.4258554664750894,3.5436359752308237,0.0009984740801978985,3.5436359752308237,6,0,True,False,False
EXP-T096,shadow,3,101,0.001,1e-05,7,49,0.4956291186889367,0.4321429543197155,3.549403103915128,0.0009978031724785245,3.5436359752308237,6,1,False,False,False
EXP-T096,shadow,3,101,0.001,1e-05,8,56,0.5938733347824642,0.42329623476446915,3.560125871138139,0.000997010672950314,3.5436359752308237,6,2,False,False,False
EXP-T096,shadow,3,101,0.001,1e-05,9,63,0.6714845640318734,0.5438700119654337,3.8492251309481533,0.0009960967771506667,3.5436359752308237,6,3,False,False,False
EXP-T096,shadow,3,101,0.001,1e-05,10,70,0.5020161558474813,0.42529392580036074,3.5704107573538115,0.000995061710569696,3.5436359752308237,6,4,False,False,False
EXP-T096,shadow,3,101,0.001,1e-05,11,77,0.5021950964416776,0.5896311402320862,4.013161861535274,0.0009939057285945933,3.5436359752308237,6,5,False,False,False
EXP-T096,shadow,3,101,0.001,1e-05,12,84,0.5274697306449525,0.4170890349638891,3.521506338408499,0.000992629116446613,3.521506338408499,12,0,True,False,False
EXP-T096,shadow,3,101,0.001,1e-05,13,91,0.589492746761867,0.4308774285018444,3.5849939982096353,0.000991232189110701,3.521506338408499,12,1,False,False,False
EXP-T096,shadow,3,101,0.001,1e-05,14,98,0.5831518343516758,0.4367425146823128,3.6595186175722065,0.0009897152912577741,3.521506338408499,12,2,False,False,False
EXP-T096,shadow,3,101,0.001,1e-05,15,105,0.45306106710008215,0.5144079377253851,3.817923805930398,0.00098807879715968,3.521506338408499,12,3,False,False,False
EXP-T096,shadow,3,101,0.001,1e-05,16,112,0.4945647971970694,0.5184950319429239,4.184954325358073,0.00098632311059685,3.521506338408499,12,4,False,False,False
EXP-T096,shadow,3,101,0.001,1e-05,17,119,0.6719479049955096,0.594976524511973,3.9646185672644414,0.0009844486647586723,3.521506338408499,12,5,False,False,False
EXP-T096,shadow,3,101,0.001,1e-05,18,126,0.43603634448455914,0.5629837314287821,4.322141936331084,0.00098245592213661,3.521506338408499,12,6,False,False,False
EXP-T096,shadow,3,101,0.001,1e-05,19,133,0.37256519607866984,0.6716281374295553,4.445359663529829,0.0009803453744100868,3.521506338408499,12,7,False,False,False
EXP-T096,shadow,3,101,0.001,1e-05,20,140,0.37387718486466576,0.6400582989056905,4.2752683234937265,0.0009781175423251734,3.521506338408499,12,8,False,False,False
EXP-T096,shadow,3,101,0.001,1e-05,21,147,0.3903892298278931,0.5402102470397949,4.098445083155776,0.0009757729755661011,3.521506338408499,12,9,False,False,False
EXP-T096,shadow,3,101,0.001,1e-05,22,154,0.46377918124198914,0.5224359123967588,4.234221024946733,0.0009733122526196349,3.521506338408499,12,10,False,False,False
EXP-T096,shadow,3,101,0.001,1e-05,23,161,0.4108542246477945,0.5312123397986094,4.24235049161044,0.0009707359806323416,3.521506338408499,12,11,False,False,False
EXP-T096,shadow,3,101,0.001,1e-05,24,168,0.34264358824917246,0.5600923970341682,4.366150017940637,0.0009680447952607845,3.521506338408499,12,12,False,False,False
EXP-T096,shadow,3,101,0.001,1e-05,25,175,0.4019999163491385,0.6121095369259516,4.653155933726918,0.0009652393605146844,3.521506338408499,12,13,False,False,False
EXP-T096,shadow,3,101,0.001,1e-05,26,182,0.35214002430438995,0.714187224706014,4.773786140210701,0.000962320368593087,3.521506338408499,12,14,False,False,False
EXP-T096,shadow,3,101,0.001,1e-05,27,189,0.34427888904299053,0.7427576382954916,4.292316205573805,0.0009592885397135706,3.521506338408499,12,15,False,False,False
EXP-T096,shadow,3,101,0.001,1e-05,28,196,0.3616346163409097,0.8605607350667318,4.755869431929155,0.0009561446219345453,3.521506338408499,12,16,False,False,False
EXP-T096,shadow,3,101,0.001,1e-05,29,203,0.40110302184309277,0.7397051254908243,5.071121909401634,0.0009528893909706797,3.521506338408499,12,17,False,False,False
EXP-T096,shadow,3,101,0.001,1e-05,30,210,0.37936829562698093,0.5697579731543859,4.157956441243489,0.0009495236500015047,3.521506338408499,12,18,False,False,False
EXP-T096,shadow,3,101,0.001,1e-05,31,217,0.27425736159576836,0.6411462624867758,4.419678196762547,0.0009460482294732421,3.521506338408499,12,19,False,False,False
EXP-T096,shadow,3,101,0.001,1e-05,32,224,0.27883325783269747,0.6468518773714701,4.462925304066051,0.0009424639868939033,3.521506338408499,12,20,False,False,False
EXP-T096,shadow,3,101,0.001,1e-05,33,231,0.27821001623358044,0.6871597170829773,4.6794728365811435,0.0009387718066217125,3.521506338408499,12,21,False,False,False
EXP-T096,shadow,3,101,0.001,1e-05,34,238,0.2976948193141392,0.5332472091540694,4.275712215539181,0.0009349725996469047,3.521506338408499,12,22,False,False,False
EXP-T096,shadow,3,101,0.001,1e-05,35,245,0.261264659763713,0.5237349125867089,4.236238190622041,0.0009310673033669522,3.521506338408499,12,23,False,False,False
EXP-T096,shadow,3,101,0.001,1e-05,36,252,0.26121598814747166,0.5543917627073824,4.48088975386186,0.0009270568813552756,3.521506338408499,12,24,False,False,False
EXP-T096,shadow,3,101,0.001,1e-05,37,259,0.26940114157540457,0.5504928256074587,4.228186520663175,0.0009229423231234975,3.521506338408499,12,25,False,False,False
EXP-T096,shadow,3,101,0.001,1e-05,38,266,0.28032813540526796,0.5414336991185943,4.395246101148201,0.0009187246438772938,3.521506338408499,12,26,False,False,False
EXP-T096,shadow,3,101,0.001,1e-05,39,273,0.3306498165641512,0.5767465556661288,4.598916024872751,0.0009144048842659081,3.521506338408499,12,27,False,False,False
EXP-T096,shadow,3,101,0.001,1e-05,40,280,0.23195562378636428,0.5616524070501328,4.350750085079309,0.0009099841101253866,3.521506338408499,12,28,False,False,False
EXP-T096,shadow,3,101,0.001,1e-05,41,287,0.31793786585330963,0.522518710543712,4.2123635031960225,0.000905463412215599,3.521506338408499,12,29,False,False,False
EXP-T096,shadow,3,101,0.001,1e-05,42,294,0.2592605245964868,0.604295035203298,4.55610957290187,0.0009008439059511099,3.521506338408499,12,30,False,True,False
EXP-T096,shadow,3,101,0.01,0.0001,1,7,1.7737237555640084,0.4239920531399548,3.5653462265477036,0.01,3.5653462265477036,1,0,True,False,False
EXP-T096,shadow,3,101,0.01,0.0001,2,14,0.693698872412954,1.146350582440694,6.2722117106119795,0.00999938933078422,3.5653462265477036,1,1,False,False,False
EXP-T096,shadow,3,101,0.01,0.0001,3,21,0.9297691924231393,0.47883301600813866,3.905402906013258,0.009997557473810372,3.5653462265477036,1,2,False,False,False
EXP-T096,shadow,3,101,0.01,0.0001,4,28,0.6508372191871915,0.9687567154566447,5.500127618963068,0.009994504881061753,3.5653462265477036,1,3,False,False,False
EXP-T096,shadow,3,101,0.01,0.0001,5,35,1.2457167165619987,0.8002747893333435,4.8807525634765625,0.009990232305719944,3.5653462265477036,1,4,False,False,False
EXP-T096,shadow,3,101,0.01,0.0001,6,42,0.6433716203485217,0.4646610344449679,3.6187362670898438,0.009984740801978984,3.5653462265477036,1,5,False,False,False
EXP-T096,shadow,3,101,0.01,0.0001,7,49,0.6113241059439523,0.5403577933708826,4.169502720688328,0.009978031724785246,3.5653462265477036,1,6,False,False,False
EXP-T096,shadow,3,101,0.01,0.0001,8,56,0.8576574155262539,0.4272490819809415,3.6070625998757104,0.00997010672950314,3.5653462265477036,1,7,False,False,False
EXP-T096,shadow,3,101,0.01,0.0001,9,63,0.5808435593332563,1.0429467757542927,5.8735089157566875,0.009960967771506667,3.5653462265477036,1,8,False,False,False
EXP-T096,shadow,3,101,0.01,0.0001,10,70,0.7641401376043048,0.5984976490338644,4.16140654592803,0.00995061710569696,3.5653462265477036,1,9,False,False,False
EXP-T096,shadow,3,101,0.01,0.0001,11,77,0.6680364693914141,0.4873841454585393,3.55600322376598,0.009939057285945933,3.55600322376598,11,0,True,False,False
EXP-T096,shadow,3,101,0.01,0.0001,12,84,0.637255345072065,1.10145503282547,6.818945451216265,0.00992629116446613,3.55600322376598,11,1,False,False,False
EXP-T096,shadow,3,101,0.01,0.0001,13,91,0.8166535837309701,0.4185477861513694,3.498472733931108,0.00991232189110701,3.498472733931108,13,0,True,False,False
EXP-T096,shadow,3,101,0.01,0.0001,14,98,1.1447872391768865,0.6418994218111038,4.971780487985322,0.00989715291257774,3.498472733931108,13,1,False,False,False
EXP-T096,shadow,3,101,0.01,0.0001,15,105,0.5376269732202802,0.5611488521099091,3.750589081735322,0.0098807879715968,3.498472733931108,13,2,False,False,False
EXP-T096,shadow,3,101,0.01,0.0001,16,112,0.5256495965378625,0.794931431611379,4.795579390092329,0.0098632311059685,3.498472733931108,13,3,False,False,False
EXP-T096,shadow,3,101,0.01,0.0001,17,119,0.7082762377602714,0.575954814751943,3.885977773955374,0.009844486647586723,3.498472733931108,13,4,False,False,False
EXP-T096,shadow,3,101,0.01,0.0001,18,126,0.5676536102380071,0.42828001951177913,3.5655291008226797,0.0098245592213661,3.498472733931108,13,5,False,False,False
EXP-T096,shadow,3,101,0.01,0.0001,19,133,0.5046358981302806,0.4343536674277857,3.6253338438091856,0.009803453744100868,3.498472733931108,13,6,False,False,False
EXP-T096,shadow,3,101,0.01,0.0001,20,140,0.5872584155627659,0.4372489756594102,3.6647805878610322,0.009781175423251734,3.498472733931108,13,7,False,False,False
EXP-T096,shadow,3,101,0.01,0.0001,21,147,0.5573955689157758,0.4498334005475044,3.697988105542732,0.009757729755661011,3.498472733931108,13,8,False,False,False
EXP-T096,shadow,3,101,0.01,0.0001,22,154,0.5315235305045333,0.43013167567551136,3.5559722438003076,0.009733122526196349,3.498472733931108,13,9,False,False,False
EXP-T096,shadow,3,101,0.01,0.0001,23,161,0.6934661396912166,0.43385543550054234,3.558805985884233,0.009707359806323416,3.498472733931108,13,10,False,False,False
EXP-T096,shadow,3,101,0.01,0.0001,24,168,0.533015523638044,0.4390689233938853,3.566937070904356,0.009680447952607845,3.498472733931108,13,11,False,False,False
EXP-T096,shadow,3,101,0.01,0.0001,25,175,0.5592369266918727,0.4467385510603587,3.5809321547999526,0.009652393605146845,3.498472733931108,13,12,False,False,False
EXP-T096,shadow,3,101,0.01,0.0001,26,182,0.49168350560856716,0.4536985059579213,3.591715263597893,0.00962320368593087,3.498472733931108,13,13,False,False,False
EXP-T096,shadow,3,101,0.01,0.0001,27,189,0.4969229767365115,0.4566207950313886,3.595867041385535,0.009592885397135707,3.498472733931108,13,14,False,False,False
EXP-T096,shadow,3,101,0.01,0.0001,28,196,0.5653045347758702,0.45536069323619205,3.5940997961795693,0.009561446219345454,3.498472733931108,13,15,False,False,False
EXP-T096,shadow,3,101,0.01,0.0001,29,203,0.5292341836861202,0.4470861107110977,3.5815064401337593,0.009528893909706798,3.498472733931108,13,16,False,False,False
EXP-T096,shadow,3,101,0.01,0.0001,30,210,0.4969541829611574,0.44463348140319187,3.577360904578007,0.009495236500015047,3.498472733931108,13,17,False,False,False
EXP-T096,shadow,3,101,0.01,0.0001,31,217,0.5014511996081897,0.44354137033224106,3.575438297156132,0.00946048229473242,3.498472733931108,13,18,False,False,False
EXP-T096,shadow,3,101,0.01,0.0001,32,224,0.509306230715343,0.44025634974241257,3.5693056511156485,0.009424639868939034,3.498472733931108,13,19,False,False,False
EXP-T096,shadow,3,101,0.01,0.0001,33,231,0.6114731090409415,0.4352045804262161,3.5599020755652226,0.009387718066217124,3.498472733931108,13,20,False,False,False
EXP-T096,shadow,3,101,0.01,0.0001,34,238,0.4929617268166372,0.430809968461593,3.556010390772964,0.009349725996469048,3.498472733931108,13,21,False,False,False
EXP-T096,shadow,3,101,0.01,0.0001,35,245,0.5555028702531543,0.42997870097557706,3.5551413333777226,0.00931067303366952,3.498472733931108,13,22,False,False,False
EXP-T096,shadow,3,101,0.01,0.0001,36,252,0.5449957805020469,0.431356456130743,3.556552771366004,0.009270568813552756,3.498472733931108,13,23,False,False,False
EXP-T096,shadow,3,101,0.01,0.0001,37,259,0.6776872873306274,0.4310719681282838,3.556273258093632,0.009229423231234974,3.498472733931108,13,24,False,False,False
EXP-T096,shadow,3,101,0.01,0.0001,38,266,0.49246409641844885,0.43338049699862796,3.558402090361624,0.009187246438772938,3.498472733931108,13,25,False,False,False
EXP-T096,shadow,3,101,0.01,0.0001,39,273,0.5791615630899157,0.43445372581481934,3.559300740559896,0.009144048842659082,3.498472733931108,13,26,False,False,False
EXP-T096,shadow,3,101,0.01,0.0001,40,280,0.4929485060274601,0.4321826646725337,3.557335362289891,0.009099841101253866,3.498472733931108,13,27,False,False,False
EXP-T096,shadow,3,101,0.01,0.0001,41,287,0.5614936394350869,0.4318469986319542,3.55702255711411,0.00905463412215599,3.498472733931108,13,28,False,False,False
EXP-T096,shadow,3,101,0.01,0.0001,42,294,0.5549265146255493,0.4302227223912875,3.5554023511482007,0.0090084390595111,3.498472733931108,13,29,False,False,False
EXP-T096,shadow,3,101,0.01,0.0001,43,301,0.6842658690043858,0.43107007319728535,3.5562711773496685,0.008961267311259666,3.498472733931108,13,30,False,True,False
EXP-T096,shadow,4,101,1e-05,1.0000000000000001e-07,1,7,0.49682869921837536,0.5568282753229141,3.4105095863342285,1e-05,3.4105095863342285,1,0,True,False,False
EXP-T096,shadow,4,101,1e-05,1.0000000000000001e-07,2,14,0.5192050806113652,0.5563656687736511,3.4105021953582764,9.99938933078422e-06,3.4105021953582764,2,0,True,False,False
EXP-T096,shadow,4,101,1e-05,1.0000000000000001e-07,3,21,0.6370845564774105,0.5562009960412979,3.4104795455932617,9.997557473810373e-06,3.4104795455932617,3,0,True,False,False
EXP-T096,shadow,4,101,1e-05,1.0000000000000001e-07,4,28,0.49392744206956457,0.5562143921852112,3.4104573726654053,9.994504881061752e-06,3.4104573726654053,4,0,True,False,False
EXP-T096,shadow,4,101,1e-05,1.0000000000000001e-07,5,35,0.5061898497598512,0.5562074184417725,3.4104487895965576,9.990232305719944e-06,3.4104487895965576,5,0,True,False,False
EXP-T096,shadow,4,101,1e-05,1.0000000000000001e-07,6,42,0.5296975076198578,0.5561937689781189,3.410428762435913,9.984740801978984e-06,3.410428762435913,6,0,True,False,False
EXP-T096,shadow,4,101,1e-05,1.0000000000000001e-07,7,49,0.5367261341639927,0.5561869889497757,3.410413980484009,9.978031724785247e-06,3.410413980484009,7,0,True,False,False
EXP-T096,shadow,4,101,1e-05,1.0000000000000001e-07,8,56,0.49534120563683764,0.556145966053009,3.4104061126708984,9.97010672950314e-06,3.4104061126708984,8,0,True,False,False
EXP-T096,shadow,4,101,1e-05,1.0000000000000001e-07,9,63,0.5338920823165348,0.5561290830373764,3.4103894233703613,9.960967771506666e-06,3.4103894233703613,9,0,True,False,False
EXP-T096,shadow,4,101,1e-05,1.0000000000000001e-07,10,70,0.5352953118937356,0.5561105012893677,3.410378932952881,9.950617105696961e-06,3.410378932952881,10,0,True,False,False
EXP-T096,shadow,4,101,1e-05,1.0000000000000001e-07,11,77,0.5056405514478683,0.5560509264469147,3.410348415374756,9.939057285945933e-06,3.410348415374756,11,0,True,False,False
EXP-T096,shadow,4,101,1e-05,1.0000000000000001e-07,12,84,0.5231655665806362,0.5560305714607239,3.410346508026123,9.926291164466131e-06,3.410346508026123,12,0,True,False,False
EXP-T096,shadow,4,101,1e-05,1.0000000000000001e-07,13,91,0.5062794248972621,0.5560380667448044,3.4103341102600098,9.91232189110701e-06,3.4103341102600098,13,0,True,False,False
EXP-T096,shadow,4,101,1e-05,1.0000000000000001e-07,14,98,0.4966847188770771,0.5560962855815887,3.4102907180786133,9.897152912577742e-06,3.4102907180786133,14,0,True,False,False
EXP-T096,shadow,4,101,1e-05,1.0000000000000001e-07,15,105,0.721861468894141,0.5561510324478149,3.4102303981781006,9.8807879715968e-06,3.4102303981781006,15,0,True,False,False
EXP-T096,shadow,4,101,1e-05,1.0000000000000001e-07,16,112,0.7628004210335868,0.5563087463378906,3.410165309906006,9.8632311059685e-06,3.410165309906006,16,0,True,False,False
EXP-T096,shadow,4,101,1e-05,1.0000000000000001e-07,17,119,0.6497497047696795,0.5564745962619781,3.4101157188415527,9.844486647586724e-06,3.4101157188415527,17,0,True,False,False
EXP-T096,shadow,4,101,1e-05,1.0000000000000001e-07,18,126,0.560287173305239,0.5567042827606201,3.410088300704956,9.824559221366101e-06,3.410088300704956,18,0,True,False,False
EXP-T096,shadow,4,101,1e-05,1.0000000000000001e-07,19,133,0.5162565793309893,0.5568627417087555,3.4100770950317383,9.803453744100868e-06,3.4100770950317383,19,0,True,False,False
EXP-T096,shadow,4,101,1e-05,1.0000000000000001e-07,20,140,0.512539726282869,0.5567229688167572,3.410050630569458,9.781175423251734e-06,3.410050630569458,20,0,True,False,False
EXP-T096,shadow,4,101,1e-05,1.0000000000000001e-07,21,147,0.6746279001235962,0.5565444827079773,3.410003662109375,9.757729755661012e-06,3.410003662109375,21,0,True,False,False
EXP-T096,shadow,4,101,1e-05,1.0000000000000001e-07,22,154,0.722339757851192,0.5565884411334991,3.4099678993225098,9.73312252619635e-06,3.4099678993225098,22,0,True,False,False
EXP-T096,shadow,4,101,1e-05,1.0000000000000001e-07,23,161,0.6332970559597015,0.5564795434474945,3.409928321838379,9.707359806323418e-06,3.409928321838379,23,0,True,False,False
EXP-T096,shadow,4,101,1e-05,1.0000000000000001e-07,24,168,0.514169733439173,0.5565536022186279,3.4098868370056152,9.680447952607845e-06,3.4098868370056152,24,0,True,False,False
EXP-T096,shadow,4,101,1e-05,1.0000000000000001e-07,25,175,0.5018075826976981,0.5566330999135971,3.409842014312744,9.652393605146845e-06,3.409842014312744,25,0,True,False,False
EXP-T096,shadow,4,101,1e-05,1.0000000000000001e-07,26,182,0.48563154560646843,0.556839644908905,3.4098007678985596,9.62320368593087e-06,3.4098007678985596,26,0,True,False,False
EXP-T096,shadow,4,101,1e-05,1.0000000000000001e-07,27,189,0.49735381248007926,0.5569260716438293,3.409773826599121,9.592885397135707e-06,3.409773826599121,27,0,True,False,False
EXP-T096,shadow,4,101,1e-05,1.0000000000000001e-07,28,196,0.49389668820159777,0.5568722933530807,3.4097588062286377,9.561446219345455e-06,3.4097588062286377,28,0,True,False,False
EXP-T096,shadow,4,101,1e-05,1.0000000000000001e-07,29,203,0.5005866885185242,0.5569654703140259,3.409771203994751,9.528893909706798e-06,3.4097588062286377,28,1,False,False,False
EXP-T096,shadow,4,101,1e-05,1.0000000000000001e-07,30,210,0.5025929595742907,0.5570511221885681,3.4097723960876465,9.495236500015048e-06,3.4097588062286377,28,2,False,False,False
EXP-T096,shadow,4,101,1e-05,1.0000000000000001e-07,31,217,0.5536828551973615,0.5569598078727722,3.4097461700439453,9.460482294732422e-06,3.4097461700439453,31,0,True,False,False
EXP-T096,shadow,4,101,1e-05,1.0000000000000001e-07,32,224,0.5373736534799848,0.5569773614406586,3.4097254276275635,9.424639868939035e-06,3.4097254276275635,32,0,True,False,False
EXP-T096,shadow,4,101,1e-05,1.0000000000000001e-07,33,231,0.5085728897580079,0.5568874478340149,3.4096920490264893,9.387718066217125e-06,3.4096920490264893,33,0,True,False,False
EXP-T096,shadow,4,101,1e-05,1.0000000000000001e-07,34,238,0.6367244592734745,0.5569161623716354,3.4096531867980957,9.349725996469047e-06,3.4096531867980957,34,0,True,False,False
EXP-T096,shadow,4,101,1e-05,1.0000000000000001e-07,35,245,0.5518616437911987,0.5570054948329926,3.4096250534057617,9.310673033669522e-06,3.4096250534057617,35,0,True,False,False
EXP-T096,shadow,4,101,1e-05,1.0000000000000001e-07,36,252,0.6121241961206708,0.5570926368236542,3.4096248149871826,9.270568813552757e-06,3.4096248149871826,36,0,True,False,False
EXP-T096,shadow,4,101,1e-05,1.0000000000000001e-07,37,259,0.6084819478648049,0.55714350938797,3.409613609313965,9.229423231234975e-06,3.409613609313965,37,0,True,False,False
EXP-T096,shadow,4,101,1e-05,1.0000000000000001e-07,38,266,0.7242315326418195,0.5572483986616135,3.4096100330352783,9.18724643877294e-06,3.4096100330352783,38,0,True,False,False
EXP-T096,shadow,4,101,1e-05,1.0000000000000001e-07,39,273,0.5984178738934653,0.5570110529661179,3.409611463546753,9.144048842659081e-06,3.4096100330352783,38,1,False,False,False
EXP-T096,shadow,4,101,1e-05,1.0000000000000001e-07,40,280,0.6639672943523952,0.5567851811647415,3.409625291824341,9.099841101253867e-06,3.4096100330352783,38,2,False,False,False
EXP-T096,shadow,4,101,1e-05,1.0000000000000001e-07,41,287,0.49722082992749556,0.5569002032279968,3.409623622894287,9.054634122155991e-06,3.4096100330352783,38,3,False,False,False
EXP-T096,shadow,4,101,1e-05,1.0000000000000001e-07,42,294,0.5653144461768014,0.5569152235984802,3.4096102714538574,9.0084390595111e-06,3.4096100330352783,38,4,False,False,False
EXP-T096,shadow,4,101,1e-05,1.0000000000000001e-07,43,301,0.4881441874645783,0.5567972511053085,3.409576416015625,8.961267311259668e-06,3.409576416015625,43,0,True,False,False
EXP-T096,shadow,4,101,1e-05,1.0000000000000001e-07,44,308,0.5023983759539468,0.5566606819629669,3.409534215927124,8.913130516324733e-06,3.409534215927124,44,0,True,False,False
EXP-T096,shadow,4,101,1e-05,1.0000000000000001e-07,45,315,0.5451287627220154,0.5567601025104523,3.4095020294189453,8.864040551740158e-06,3.4095020294189453,45,0,True,False,False
EXP-T096,shadow,4,101,1e-05,1.0000000000000001e-07,46,322,0.7191865912505558,0.5567156821489334,3.4094831943511963,8.814009529720155e-06,3.4094831943511963,46,0,True,False,False
EXP-T096,shadow,4,101,1e-05,1.0000000000000001e-07,47,329,0.737154883997781,0.5566173195838928,3.4094648361206055,8.763049794670776e-06,3.4094648361206055,47,0,True,False,False
EXP-T096,shadow,4,101,1e-05,1.0000000000000001e-07,48,336,0.609759624515261,0.5565669238567352,3.4094314575195312,8.711173920144118e-06,3.4094314575195312,48,0,True,False,False
EXP-T096,shadow,4,101,1e-05,1.0000000000000001e-07,49,343,0.494927671871015,0.5567559748888016,3.4094057083129883,8.658394705735988e-06,3.4094057083129883,49,0,True,False,False
EXP-T096,shadow,4,101,1e-05,1.0000000000000001e-07,50,350,0.500569721949952,0.5569427013397217,3.409395933151245,8.604725173927786e-06,3.409395933151245,50,0,True,False,False
EXP-T096,shadow,4,101,1e-05,1.0000000000000001e-07,51,357,0.7514585724898747,0.5571746379137039,3.409404754638672,8.550178566873412e-06,3.409395933151245,50,1,False,False,False
EXP-T096,shadow,4,101,1e-05,1.0000000000000001e-07,52,364,0.5093970713870866,0.5572411715984344,3.4094154834747314,8.494768343131955e-06,3.409395933151245,50,2,False,False,False
EXP-T096,shadow,4,101,1e-05,1.0000000000000001e-07,53,371,0.745972182069506,0.5573388636112213,3.4093995094299316,8.43850817434701e-06,3.409395933151245,50,3,False,False,False
EXP-T096,shadow,4,101,1e-05,1.0000000000000001e-07,54,378,0.4982755482196808,0.5574047863483429,3.4093542098999023,8.381411941873379e-06,3.4093542098999023,54,0,True,False,False
EXP-T096,shadow,4,101,1e-05,1.0000000000000001e-07,55,385,0.5180094454969678,0.5573302358388901,3.4093222618103027,8.323493733352078e-06,3.4093222618103027,55,0,True,False,False
EXP-T096,shadow,4,101,1e-05,1.0000000000000001e-07,56,392,0.4864378214946815,0.5572730600833893,3.4092812538146973,8.26476783923441e-06,3.4092812538146973,56,0,True,False,False
EXP-T096,shadow,4,101,1e-05,1.0000000000000001e-07,57,399,0.515345641544887,0.55708447098732,3.4092533588409424,8.205248749256014e-06,3.4092533588409424,57,0,True,False,False
EXP-T096,shadow,4,101,1e-05,1.0000000000000001e-07,58,406,0.522495374083519,0.5569077134132385,3.409228801727295,8.144951148861743e-06,3.409228801727295,58,0,True,False,False
EXP-T096,shadow,4,101,1e-05,1.0000000000000001e-07,59,413,0.5032470971345901,0.5568564534187317,3.4092071056365967,8.083889915582235e-06,3.4092071056365967,59,0,True,False,False
EXP-T096,shadow,4,101,1e-05,1.0000000000000001e-07,60,420,0.6146901739495141,0.5566347539424896,3.409193992614746,8.022080115363127e-06,3.409193992614746,60,0,True,False,False
EXP-T096,shadow,4,101,1e-05,1.0000000000000001e-07,61,427,0.6169454625674656,0.5565391182899475,3.4091880321502686,7.959536998847744e-06,3.4091880321502686,61,0,True,False,False
EXP-T096,shadow,4,101,1e-05,1.0000000000000001e-07,62,434,0.6385654296193805,0.556538462638855,3.4091579914093018,7.89627599761423e-06,3.4091579914093018,62,0,True,False,False
EXP-T096,shadow,4,101,1e-05,1.0000000000000001e-07,63,441,0.5387623927422932,0.5564280450344086,3.4091317653656006,7.832312720368048e-06,3.4091317653656006,63,0,True,False,False
EXP-T096,shadow,4,101,1e-05,1.0000000000000001e-07,64,448,0.5006273303713117,0.5563841015100479,3.409105062484741,7.767662949090754e-06,3.409105062484741,64,0,True,False,False
EXP-T096,shadow,4,101,1e-05,1.0000000000000001e-07,65,455,0.5893356246607644,0.5563438832759857,3.4090731143951416,7.702342635146033e-06,3.4090731143951416,65,0,True,False,False
EXP-T096,shadow,4,101,1e-05,1.0000000000000001e-07,66,462,0.4981205633708409,0.5562885403633118,3.409043312072754,7.636367895343947e-06,3.409043312072754,66,0,True,False,False
EXP-T096,shadow,4,101,1e-05,1.0000000000000001e-07,67,469,0.7139038188116891,0.5563271343708038,3.409044027328491,7.5697550079643376e-06,3.409043312072754,66,1,False,False,False
EXP-T096,shadow,4,101,1e-05,1.0000000000000001e-07,68,476,0.5959666115897042,0.5562010705471039,3.409044027328491,7.502520408740418e-06,3.409043312072754,66,2,False,False,False
EXP-T096,shadow,4,101,1e-05,1.0000000000000001e-07,69,483,0.50545734167099,0.5560972988605499,3.4090211391448975,7.43468068680349e-06,3.4090211391448975,69,0,True,False,False
EXP-T096,shadow,4,101,1e-05,1.0000000000000001e-07,70,490,0.5800437075751168,0.5559976398944855,3.4090144634246826,7.366252580589839e-06,3.4090144634246826,70,0,True,False,False
EXP-T096,shadow,4,101,1e-05,1.0000000000000001e-07,71,497,0.5006734397528427,0.5560082644224167,3.4090168476104736,7.297252973710756e-06,3.4090144634246826,70,1,False,False,False
EXP-T096,shadow,4,101,1e-05,1.0000000000000001e-07,72,504,0.48537103618894306,0.5560046434402466,3.4090006351470947,7.227698890786779e-06,3.4090006351470947,72,0,True,False,False
EXP-T096,shadow,4,101,1e-05,1.0000000000000001e-07,73,511,0.48433714799050775,0.5559554249048233,3.408986806869507,7.15760749324711e-06,3.408986806869507,73,0,True,False,False
EXP-T096,shadow,4,101,1e-05,1.0000000000000001e-07,74,518,0.7633434534072876,0.5559743046760559,3.4089701175689697,7.086996075095289e-06,3.4089701175689697,74,0,True,False,False
EXP-T096,shadow,4,101,1e-05,1.0000000000000001e-07,75,525,0.7523038855620793,0.5560055673122406,3.408932685852051,7.015882058642164e-06,3.408932685852051,75,0,True,False,False
EXP-T096,shadow,4,101,1e-05,1.0000000000000001e-07,76,532,0.5715516763074058,0.5560292601585388,3.4089064598083496,6.9442829902071945e-06,3.4089064598083496,76,0,True,False,False
EXP-T096,shadow,4,101,1e-05,1.0000000000000001e-07,77,539,0.5040674018008369,0.5560314059257507,3.408884048461914,6.8722165357891564e-06,3.408884048461914,77,0,True,False,False
EXP-T096,shadow,4,101,1e-05,1.0000000000000001e-07,78,546,0.5135984740086964,0.5561114847660065,3.4088544845581055,6.799700476707323e-06,3.4088544845581055,78,0,True,False,False
EXP-T096,shadow,4,101,1e-05,1.0000000000000001e-07,79,553,0.5409755153315408,0.556061252951622,3.4088282585144043,6.726752705214193e-06,3.4088282585144043,79,0,True,False,False
EXP-T096,shadow,4,101,1e-05,1.0000000000000001e-07,80,560,0.5544049314090184,0.5561166703701019,3.4088099002838135,6.65339122008084e-06,3.4088099002838135,80,0,True,False,False
EXP-T096,shadow,4,101,1e-05,1.0000000000000001e-07,81,567,0.4993428976408073,0.5561585128307343,3.4088082313537598,6.57963412215599e-06,3.4088082313537598,81,0,True,False,False
EXP-T096,shadow,4,101,1e-05,1.0000000000000001e-07,82,574,0.4994991482900722,0.5561054646968842,3.408809185028076,6.505499609899905e-06,3.4088082313537598,81,1,False,False,False
EXP-T096,shadow,4,101,1e-05,1.0000000000000001e-07,83,581,0.5212271852152688,0.5560606718063354,3.408815383911133,6.431005974894185e-06,3.4088082313537598,81,2,False,False,False
EXP-T096,shadow,4,101,1e-05,1.0000000000000001e-07,84,588,0.5334919776235308,0.556062251329422,3.408806800842285,6.356171597328595e-06,3.408806800842285,84,0,True,False,False
EXP-T096,shadow,4,101,1e-05,1.0000000000000001e-07,85,595,0.5003494152000972,0.5561271607875824,3.4087958335876465,6.28101494146603e-06,3.4087958335876465,85,0,True,False,False
EXP-T096,shadow,4,101,1e-05,1.0000000000000001e-07,86,602,0.6503148036343711,0.5562693774700165,3.408775806427002,6.205554551086732e-06,3.408775806427002,86,0,True,False,False
EXP-T096,shadow,4,101,1e-05,1.0000000000000001e-07,87,609,0.48634872825018,0.5563923120498657,3.408756971359253,6.129809044912887e-06,3.408756971359253,87,0,True,False,False
EXP-T096,shadow,4,101,1e-05,1.0000000000000001e-07,88,616,0.490931867488793,0.5563969314098358,3.4087471961975098,6.053797112014738e-06,3.4087471961975098,88,0,True,False,False
EXP-T096,shadow,4,101,1e-05,1.0000000000000001e-07,89,623,0.5158581435680389,0.5564773976802826,3.408738136291504,5.977537507199338e-06,3.408738136291504,89,0,True,False,False
EXP-T096,shadow,4,101,1e-05,1.0000000000000001e-07,90,630,0.559024282864162,0.5564457178115845,3.408717155456543,5.901049046383077e-06,3.408717155456543,90,0,True,False,False
EXP-T096,shadow,4,101,1e-05,1.0000000000000001e-07,91,637,0.5581927469798497,0.5563540309667587,3.4086952209472656,5.824350601949143e-06,3.4086952209472656,91,0,True,False,False
EXP-T096,shadow,4,101,1e-05,1.0000000000000001e-07,92,644,0.5877793218408313,0.5562274754047394,3.4086694717407227,5.7474610980910354e-06,3.4086694717407227,92,0,True,False,False
EXP-T096,shadow,4,101,1e-05,1.0000000000000001e-07,93,651,0.5508442265646798,0.5561544448137283,3.4086453914642334,5.6703995061433075e-06,3.4086453914642334,93,0,True,False,False
EXP-T096,shadow,4,101,1e-05,1.0000000000000001e-07,94,658,0.60379501751491,0.5561549216508865,3.4086198806762695,5.5931848399006745e-06,3.4086198806762695,94,0,True,False,False
EXP-T096,shadow,4,101,1e-05,1.0000000000000001e-07,95,665,0.5161448419094086,0.5561800748109818,3.4085965156555176,5.515836150926646e-06,3.4085965156555176,95,0,True,False,False
EXP-T096,shadow,4,101,1e-05,1.0000000000000001e-07,96,672,0.5069485040647643,0.5562307834625244,3.4085731506347656,5.438372523852833e-06,3.4085731506347656,96,0,True,False,False
EXP-T096,shadow,4,101,1e-05,1.0000000000000001e-07,97,679,0.8138075811522347,0.5563370883464813,3.408557176589966,5.360813071670101e-06,3.408557176589966,97,0,True,False,False
EXP-T096,shadow,4,101,1e-05,1.0000000000000001e-07,98,686,0.49700550362467766,0.5563909113407135,3.4085493087768555,5.283176931012731e-06,3.4085493087768555,98,0,True,False,False
EXP-T096,shadow,4,101,1e-05,1.0000000000000001e-07,99,693,0.8292836504323142,0.5563873648643494,3.408541440963745,5.205483257436735e-06,3.408541440963745,99,0,True,False,False
EXP-T096,shadow,4,101,1e-05,1.0000000000000001e-07,100,700,0.5021785764339646,0.5563037246465683,3.4085261821746826,5.127751220693512e-06,3.4085261821746826,100,0,True,False,False
EXP-T096,shadow,4,101,1e-05,1.0000000000000001e-07,101,707,0.6769987046718597,0.5562617480754852,3.4085140228271484,5.05e-06,3.4085140228271484,101,0,True,False,False
EXP-T096,shadow,4,101,1e-05,1.0000000000000001e-07,102,714,0.52401259967259,0.5562740564346313,3.4084975719451904,4.972248779306488e-06,3.4084975719451904,102,0,True,False,False
EXP-T096,shadow,4,101,1e-05,1.0000000000000001e-07,103,721,0.5184922995311874,0.5562893599271774,3.408489227294922,4.8945167425632645e-06,3.408489227294922,103,0,True,False,False
EXP-T096,shadow,4,101,1e-05,1.0000000000000001e-07,104,728,0.4862271765513079,0.5563657730817795,3.4084815979003906,4.816823068987269e-06,3.4084815979003906,104,0,True,False,False
EXP-T096,shadow,4,101,1e-05,1.0000000000000001e-07,105,735,0.6889819800853729,0.5563205778598785,3.4084720611572266,4.7391869283298985e-06,3.4084720611572266,105,0,True,False,False
EXP-T096,shadow,4,101,1e-05,1.0000000000000001e-07,106,742,0.5425677214350019,0.5562446117401123,3.4084575176239014,4.661627476147168e-06,3.4084575176239014,106,0,True,False,False
EXP-T096,shadow,4,101,1e-05,1.0000000000000001e-07,107,749,0.522766649723053,0.5562063455581665,3.408446788787842,4.584163849073354e-06,3.408446788787842,107,0,True,False,False
EXP-T096,shadow,4,101,1e-05,1.0000000000000001e-07,108,756,0.5174399039575032,0.556116908788681,3.408447504043579,4.506815160099326e-06,3.408446788787842,107,1,False,False,False
EXP-T096,shadow,4,101,1e-05,1.0000000000000001e-07,109,763,0.6034667960235051,0.5560856759548187,3.4084432125091553,4.429600493856694e-06,3.4084432125091553,109,0,True,False,False
EXP-T096,shadow,4,101,1e-05,1.0000000000000001e-07,110,770,0.545816855771201,0.5560605973005295,3.4084322452545166,4.352538901908967e-06,3.4084322452545166,110,0,True,False,False
EXP-T096,shadow,4,101,1e-05,1.0000000000000001e-07,111,777,0.6004423243658883,0.5559890568256378,3.408421277999878,4.275649398050858e-06,3.408421277999878,111,0,True,False,False
EXP-T096,shadow,4,101,1e-05,1.0000000000000001e-07,112,784,0.6363390684127808,0.5559434592723846,3.408414602279663,4.198950953616922e-06,3.408414602279663,112,0,True,False,False
EXP-T096,shadow,4,101,1e-05,1.0000000000000001e-07,113,791,0.5408066042831966,0.5558744966983795,3.4084184169769287,4.122462492800663e-06,3.408414602279663,112,1,False,False,False
EXP-T096,shadow,4,101,1e-05,1.0000000000000001e-07,114,798,0.5936277082988194,0.5558093190193176,3.4084184169769287,4.046202887985263e-06,3.408414602279663,112,2,False,False,False
EXP-T096,shadow,4,101,1e-05,1.0000000000000001e-07,115,805,0.5659841469355992,0.5558237731456757,3.4084091186523438,3.970190955087116e-06,3.4084091186523438,115,0,True,False,False
EXP-T096,shadow,4,101,1e-05,1.0000000000000001e-07,116,812,0.5069692326443536,0.5558429062366486,3.408403158187866,3.894445448913268e-06,3.408403158187866,116,0,True,False,False
EXP-T096,shadow,4,101,1e-05,1.0000000000000001e-07,117,819,0.5033867263368198,0.5558606386184692,3.4083967208862305,3.818985058533969e-06,3.4083967208862305,117,0,True,False,False
EXP-T096,shadow,4,101,1e-05,1.0000000000000001e-07,118,826,0.6932317912578583,0.5559212267398834,3.40838360786438,3.7438284026714044e-06,3.40838360786438,118,0,True,False,False
EXP-T096,shadow,4,101,1e-05,1.0000000000000001e-07,119,833,0.7475643754005432,0.5559113025665283,3.408370018005371,3.6689940251058153e-06,3.408370018005371,119,0,True,False,False
EXP-T096,shadow,4,101,1e-05,1.0000000000000001e-07,120,840,0.66013331924166,0.5558691471815109,3.408355474472046,3.594500390100096e-06,3.408355474472046,120,0,True,False,False
EXP-T096,shadow,4,101,1e-05,1.0000000000000001e-07,121,847,0.5591279949460711,0.5558747053146362,3.4083385467529297,3.5203658778440116e-06,3.4083385467529297,121,0,True,False,False
EXP-T096,shadow,4,101,1e-05,1.0000000000000001e-07,122,854,0.591684205191476,0.5559218376874924,3.4083259105682373,3.4466087799191603e-06,3.4083259105682373,122,0,True,False,False
EXP-T096,shadow,4,101,1e-05,1.0000000000000001e-07,123,861,0.49452804142077056,0.5559699237346649,3.4083211421966553,3.3732472947858077e-06,3.4083211421966553,123,0,True,False,False
EXP-T096,shadow,4,101,1e-05,1.0000000000000001e-07,124,868,0.48972502696727005,0.5560392737388611,3.408313751220703,3.300299523292678e-06,3.408313751220703,124,0,True,False,False
EXP-T096,shadow,4,101,1e-05,1.0000000000000001e-07,125,875,0.5091424733400345,0.556047648191452,3.40830397605896,3.227783464210845e-06,3.40830397605896,125,0,True,False,False
EXP-T096,shadow,4,101,1e-05,1.0000000000000001e-07,126,882,0.48229552985035945,0.5560189336538315,3.408296585083008,3.155717009792807e-06,3.408296585083008,126,0,True,False,False
EXP-T096,shadow,4,101,1e-05,1.0000000000000001e-07,127,889,0.48035925081265823,0.5559383630752563,3.4082887172698975,3.0841179413578354e-06,3.4082887172698975,127,0,True,False,False
EXP-T096,shadow,4,101,1e-05,1.0000000000000001e-07,128,896,0.4866929001041821,0.5559311509132385,3.4082815647125244,3.0130039249047117e-06,3.4082815647125244,128,0,True,False,False
EXP-T096,shadow,4,101,1e-05,1.0000000000000001e-07,129,903,0.5099093786307743,0.5559032410383224,3.4082677364349365,2.9423925067528904e-06,3.4082677364349365,129,0,True,False,False
EXP-T096,shadow,4,101,1e-05,1.0000000000000001e-07,130,910,0.7622609308787754,0.5558625161647797,3.408261775970459,2.87230110921322e-06,3.408261775970459,130,0,True,False,False
EXP-T096,shadow,4,101,1e-05,1.0000000000000001e-07,131,917,0.4953887590340206,0.5558339357376099,3.4082515239715576,2.8027470262892435e-06,3.4082515239715576,131,0,True,False,False
EXP-T096,shadow,4,101,1e-05,1.0000000000000001e-07,132,924,0.8257575333118439,0.5558426976203918,3.408243417739868,2.7337474194101625e-06,3.408243417739868,132,0,True,False,False
EXP-T096,shadow,4,101,1e-05,1.0000000000000001e-07,133,931,0.6758754083088466,0.5558569729328156,3.4082367420196533,2.6653193131965085e-06,3.4082367420196533,133,0,True,False,False
EXP-T096,shadow,4,101,1e-05,1.0000000000000001e-07,134,938,0.5637166500091553,0.5558366775512695,3.408231496810913,2.5974795912595824e-06,3.408231496810913,134,0,True,False,False
EXP-T096,shadow,4,101,1e-05,1.0000000000000001e-07,135,945,0.4858114294641252,0.5558491349220276,3.4082229137420654,2.530244992035662e-06,3.4082229137420654,135,0,True,False,False
EXP-T096,shadow,4,101,1e-05,1.0000000000000001e-07,136,952,0.5768247033868518,0.5558350086212158,3.4082190990448,2.4636321046560533e-06,3.4082190990448,136,0,True,False,False
EXP-T096,shadow,4,101,1e-05,1.0000000000000001e-07,137,959,0.5978339059012276,0.5558263808488846,3.4082133769989014,2.3976573648539653e-06,3.4082133769989014,137,0,True,False,False
EXP-T096,shadow,4,101,1e-05,1.0000000000000001e-07,138,966,0.5724331566265651,0.555822417140007,3.4082114696502686,2.332337050909247e-06,3.4082114696502686,138,0,True,False,False
EXP-T096,shadow,4,101,1e-05,1.0000000000000001e-07,139,973,0.4932956676930189,0.5558422803878784,3.408208131790161,2.267687279631953e-06,3.408208131790161,139,0,True,False,False
EXP-T096,shadow,4,101,1e-05,1.0000000000000001e-07,140,980,0.4966816561562674,0.5558172017335892,3.4082021713256836,2.2037240023857708e-06,3.4082021713256836,140,0,True,False,False
EXP-T096,shadow,4,101,1e-05,1.0000000000000001e-07,141,987,0.5649058222770691,0.5557877421379089,3.408193826675415,2.1404630011522584e-06,3.408193826675415,141,0,True,False,False
EXP-T096,shadow,4,101,1e-05,1.0000000000000001e-07,142,994,0.49647472000547815,0.5557725727558136,3.408184766769409,2.0779198846368745e-06,3.408184766769409,142,0,True,False,False
EXP-T096,shadow,4,101,1e-05,1.0000000000000001e-07,143,1001,0.4885735842015261,0.5557299554347992,3.408175468444824,2.0161100844177658e-06,3.408175468444824,143,0,True,False,False
EXP-T096,shadow,4,101,1e-05,1.0000000000000001e-07,144,1008,0.7206025464194161,0.5557145476341248,3.408170223236084,1.9550488511382593e-06,3.408170223236084,144,0,True,False,False
EXP-T096,shadow,4,101,1e-05,1.0000000000000001e-07,145,1015,0.5352015580449786,0.5557104349136353,3.40816593170166,1.894751250743986e-06,3.40816593170166,145,0,True,False,False
EXP-T096,shadow,4,101,1e-05,1.0000000000000001e-07,146,1022,0.6943424258913312,0.555701732635498,3.4081616401672363,1.8352321607655916e-06,3.4081616401672363,146,0,True,False,False
EXP-T096,shadow,4,101,1e-05,1.0000000000000001e-07,147,1029,0.6787792188780648,0.5557162165641785,3.408155918121338,1.7765062666479242e-06,3.408155918121338,147,0,True,False,False
EXP-T096,shadow,4,101,1e-05,1.0000000000000001e-07,148,1036,0.5442162752151489,0.5557200312614441,3.408151626586914,1.7185880581266217e-06,3.408151626586914,148,0,True,False,False
EXP-T096,shadow,4,101,1e-05,1.0000000000000001e-07,149,1043,0.6664541448865619,0.555730789899826,3.4081428050994873,1.6614918256529908e-06,3.4081428050994873,149,0,True,False,False
EXP-T096,shadow,4,101,1e-05,1.0000000000000001e-07,150,1050,0.6264890006610325,0.5557399243116379,3.408134937286377,1.6052316568680442e-06,3.408134937286377,150,0,True,False,False
EXP-T096,shadow,4,101,1e-05,1.0000000000000001e-07,151,1057,0.6826326932225909,0.5557413101196289,3.4081315994262695,1.5498214331265902e-06,3.4081315994262695,151,0,True,False,False
EXP-T096,shadow,4,101,1e-05,1.0000000000000001e-07,152,1064,0.6750353787626538,0.5557353645563126,3.408125638961792,1.495274826072216e-06,3.408125638961792,152,0,True,False,False
EXP-T096,shadow,4,101,1e-05,1.0000000000000001e-07,153,1071,0.5784546520028796,0.5557362884283066,3.408121347427368,1.441605294264014e-06,3.408121347427368,153,0,True,False,False
EXP-T096,shadow,4,101,1e-05,1.0000000000000001e-07,154,1078,0.5075166821479797,0.5557424128055573,3.4081194400787354,1.3888260798558817e-06,3.4081194400787354,154,0,True,False,False
EXP-T096,shadow,4,101,1e-05,1.0000000000000001e-07,155,1085,0.4968260888137073,0.5557366460561752,3.4081146717071533,1.3369502053292252e-06,3.4081146717071533,155,0,True,False,False
EXP-T096,shadow,4,101,1e-05,1.0000000000000001e-07,156,1092,0.4886175839097372,0.555744007229805,3.408107280731201,1.285990470279847e-06,3.408107280731201,156,0,True,False,False
EXP-T096,shadow,4,101,1e-05,1.0000000000000001e-07,157,1099,0.7775559723377228,0.5557522177696228,3.408099889755249,1.2359594482598438e-06,3.408099889755249,157,0,True,False,False
EXP-T096,shadow,4,101,1e-05,1.0000000000000001e-07,158,1106,0.5102557369640895,0.5557657033205032,3.4080934524536133,1.1868694836752686e-06,3.4080934524536133,158,0,True,False,False
EXP-T096,shadow,4,101,1e-05,1.0000000000000001e-07,159,1113,0.655051018510546,0.5557746589183807,3.408088445663452,1.1387326887403326e-06,3.408088445663452,159,0,True,False,False
EXP-T096,shadow,4,101,1e-05,1.0000000000000001e-07,160,1120,0.632832373891558,0.5557764172554016,3.4080843925476074,1.0915609404889017e-06,3.4080843925476074,160,0,True,False,False
EXP-T096,shadow,4,101,1e-05,1.0000000000000001e-07,161,1127,0.7892965546676091,0.5557786226272583,3.4080793857574463,1.0453658778440107e-06,3.4080793857574463,161,0,True,False,False
EXP-T096,shadow,4,101,1e-05,1.0000000000000001e-07,162,1134,0.6232337568487439,0.5557826310396194,3.4080734252929688,1.0001588987461348e-06,3.4080734252929688,162,0,True,False,False
EXP-T096,shadow,4,101,1e-05,1.0000000000000001e-07,163,1141,0.48764703683056204,0.5557863414287567,3.4080686569213867,9.559511573409195e-07,3.4080686569213867,163,0,True,False,False
EXP-T096,shadow,4,101,1e-05,1.0000000000000001e-07,164,1148,0.51035012198346,0.5557864606380463,3.4080679416656494,9.127535612270632e-07,3.4080679416656494,164,0,True,False,False
EXP-T096,shadow,4,101,1e-05,1.0000000000000001e-07,165,1155,0.5337665804794857,0.5557871460914612,3.4080686569213867,8.705767687650265e-07,3.4080679416656494,164,1,False,False,False
EXP-T096,shadow,4,101,1e-05,1.0000000000000001e-07,166,1162,0.5802525367055621,0.5557793974876404,3.4080679416656494,8.294311864472448e-07,3.4080679416656494,164,2,False,False,False
EXP-T096,shadow,4,101,1e-05,1.0000000000000001e-07,167,1169,0.5139121455805642,0.5557761490345001,3.408066749572754,7.893269663304784e-07,3.408066749572754,167,0,True,False,False
EXP-T096,shadow,4,101,1e-05,1.0000000000000001e-07,168,1176,0.6121746173926762,0.5557852685451508,3.4080677032470703,7.50274003530953e-07,3.408066749572754,167,1,False,False,False
EXP-T096,shadow,4,101,1e-05,1.0000000000000001e-07,169,1183,0.5446757844516209,0.5557818114757538,3.4080679416656494,7.122819337828752e-07,3.408066749572754,167,2,False,False,False
EXP-T096,shadow,4,101,1e-05,1.0000000000000001e-07,170,1190,0.5062264906508582,0.5557848811149597,3.4080660343170166,6.753601310609673e-07,3.4080660343170166,170,0,True,False,False
EXP-T096,shadow,4,101,1e-05,1.0000000000000001e-07,171,1197,0.663020168031965,0.555785208940506,3.408064842224121,6.395177052675794e-07,3.408064842224121,171,0,True,False,False
EXP-T096,shadow,4,101,1e-05,1.0000000000000001e-07,172,1204,0.5150638925177711,0.5557893216609955,3.4080657958984375,6.047634999849531e-07,3.408064842224121,171,1,False,False,False
EXP-T096,shadow,4,101,1e-05,1.0000000000000001e-07,173,1211,0.5668750916208539,0.5557863712310791,3.408064603805542,5.711060902932043e-07,3.408064603805542,173,0,True,False,False
EXP-T096,shadow,4,101,1e-05,1.0000000000000001e-07,174,1218,0.4973416179418564,0.5557852685451508,3.4080636501312256,5.385537806545469e-07,3.4080636501312256,174,0,True,False,False
EXP-T096,shadow,4,101,1e-05,1.0000000000000001e-07,175,1225,0.5538001954555511,0.5557861328125,3.408062219619751,5.071146028642944e-07,3.408062219619751,175,0,True,False,False
EXP-T096,shadow,4,101,1e-05,1.0000000000000001e-07,176,1232,0.517315251486642,0.5557854771614075,3.4080617427825928,4.7679631406913176e-07,3.4080617427825928,176,0,True,False,False
EXP-T096,shadow,4,101,1e-05,1.0000000000000001e-07,177,1239,0.6370442339352199,0.5557850748300552,3.408061981201172,4.4760639485315585e-07,3.4080617427825928,176,1,False,False,False
EXP-T096,shadow,4,101,1e-05,1.0000000000000001e-07,178,1246,0.7717855636562619,0.5557844936847687,3.40805983543396,4.195520473921565e-07,3.40805983543396,178,0,True,False,False
EXP-T096,shadow,4,101,1e-05,1.0000000000000001e-07,179,1253,0.4941947804763913,0.555785208940506,3.40805983543396,3.92640193676584e-07,3.40805983543396,178,1,False,False,False
EXP-T096,shadow,4,101,1e-05,1.0000000000000001e-07,180,1260,0.635521092585155,0.5557860136032104,3.4080593585968018,3.668774738036508e-07,3.4080593585968018,180,0,True,False,False
EXP-T096,shadow,4,101,1e-05,1.0000000000000001e-07,181,1267,0.5167796739510128,0.5557893216609955,3.408059597015381,3.4227024433899004e-07,3.4080593585968018,180,1,False,False,False
EXP-T096,shadow,4,101,1e-05,1.0000000000000001e-07,182,1274,0.6303145715168544,0.5557898879051208,3.4080586433410645,3.188245767482659e-07,3.4080586433410645,182,0,True,False,False
EXP-T096,shadow,4,101,1e-05,1.0000000000000001e-07,183,1281,0.5914059323923928,0.5557918846607208,3.408059597015381,2.9654625589913237e-07,3.4080586433410645,182,1,False,False,False
EXP-T096,shadow,4,101,1e-05,1.0000000000000001e-07,184,1288,0.6369178806032453,0.5557874441146851,3.4080588817596436,2.754407786339001e-07,3.4080586433410645,182,2,False,False,False
EXP-T096,shadow,4,101,1e-05,1.0000000000000001e-07,185,1295,0.5469787631716047,0.5557869076728821,3.4080581665039062,2.555133524132767e-07,3.4080581665039062,185,0,True,False,False
EXP-T096,shadow,4,101,1e-05,1.0000000000000001e-07,186,1302,0.5521391885621207,0.5557873547077179,3.408057689666748,2.3676889403150103e-07,3.408057689666748,186,0,True,False,False
EXP-T096,shadow,4,101,1e-05,1.0000000000000001e-07,187,1309,0.49112280351775034,0.5557871758937836,3.4080562591552734,2.1921202840320077e-07,3.4080562591552734,187,0,True,False,False
EXP-T096,shadow,4,101,1e-05,1.0000000000000001e-07,188,1316,0.49317052787435905,0.5557851791381836,3.4080560207366943,2.0284708742225901e-07,3.4080560207366943,188,0,True,False,False
EXP-T096,shadow,4,101,1e-05,1.0000000000000001e-07,189,1323,0.5110921540430614,0.5557852387428284,3.408055305480957,1.8767810889299085e-07,3.408055305480957,189,0,True,False,False
EXP-T096,shadow,4,101,1e-05,1.0000000000000001e-07,190,1330,0.6231261236327035,0.5557825565338135,3.408055543899536,1.7370883553386935e-07,3.408055305480957,189,1,False,False,False
EXP-T096,shadow,4,101,1e-05,1.0000000000000001e-07,191,1337,0.5280203904424395,0.5557832717895508,3.408055067062378,1.609427140540686e-07,3.408055067062378,191,0,True,False,False
EXP-T096,shadow,4,101,1e-05,1.0000000000000001e-07,192,1344,0.6421953248126167,0.5557834655046463,3.4080543518066406,1.493828943030402e-07,3.4080543518066406,192,0,True,False,False
EXP-T096,shadow,4,101,1e-05,1.0000000000000001e-07,193,1351,0.5029671405708152,0.5557840466499329,3.4080536365509033,1.3903222849333507e-07,3.4080536365509033,193,0,True,False,False
EXP-T096,shadow,4,101,1e-05,1.0000000000000001e-07,194,1358,0.5305270808083671,0.5557833462953568,3.4080536365509033,1.2989327049686101e-07,3.4080536365509033,193,1,False,False,False
EXP-T096,shadow,4,101,1e-05,1.0000000000000001e-07,195,1365,0.5750627177102225,0.5557824373245239,3.408052682876587,1.2196827521475402e-07,3.408052682876587,195,0,True,False,False
EXP-T096,shadow,4,101,1e-05,1.0000000000000001e-07,196,1372,0.870791631085532,0.5557814538478851,3.4080517292022705,1.1525919802101659e-07,3.4080517292022705,196,0,True,False,False
EXP-T096,shadow,4,101,1e-05,1.0000000000000001e-07,197,1379,0.5943595468997955,0.5557798892259598,3.4080522060394287,1.097676942800558e-07,3.4080517292022705,196,1,False,False,False
EXP-T096,shadow,4,101,1e-05,1.0000000000000001e-07,198,1386,0.5395581892558506,0.5557794868946075,3.4080512523651123,1.0549511893824898e-07,3.4080512523651123,198,0,True,False,False
EXP-T096,shadow,4,101,1e-05,1.0000000000000001e-07,199,1393,0.6098913252353668,0.5557787120342255,3.4080517292022705,1.0244252618962859e-07,3.4080512523651123,198,1,False,False,False
EXP-T096,shadow,4,101,1e-05,1.0000000000000001e-07,200,1400,0.5403765525136676,0.555778831243515,3.408051013946533,1.006106692157801e-07,3.408051013946533,200,0,True,False,False
EXP-T096,shadow,4,101,0.0001,1.0000000000000002e-06,1,7,0.49458888578893884,0.5560876131057739,3.4100558757781982,0.0001,3.4100558757781982,1,0,True,False,False
EXP-T096,shadow,4,101,0.0001,1.0000000000000002e-06,2,14,0.49038788995572496,0.5597492605447769,3.409654378890991,9.99938933078422e-05,3.409654378890991,2,0,True,False,False
EXP-T096,shadow,4,101,0.0001,1.0000000000000002e-06,3,21,0.6114939536367144,0.5584566295146942,3.409243106842041,9.997557473810373e-05,3.409243106842041,3,0,True,False,False
EXP-T096,shadow,4,101,0.0001,1.0000000000000002e-06,4,28,0.514286602714232,0.555959939956665,3.408961296081543,9.994504881061753e-05,3.408961296081543,4,0,True,False,False
EXP-T096,shadow,4,101,0.0001,1.0000000000000002e-06,5,35,0.5205436018960816,0.5571605861186981,3.4086039066314697,9.990232305719945e-05,3.4086039066314697,5,0,True,False,False
EXP-T096,shadow,4,101,0.0001,1.0000000000000002e-06,6,42,0.5079026349953243,0.5561935305595398,3.4081647396087646,9.984740801978984e-05,3.4081647396087646,6,0,True,False,False
EXP-T096,shadow,4,101,0.0001,1.0000000000000002e-06,7,49,0.5566463598183223,0.5553411841392517,3.407818078994751,9.978031724785247e-05,3.407818078994751,7,0,True,False,False
EXP-T096,shadow,4,101,0.0001,1.0000000000000002e-06,8,56,0.5010085473103183,0.5562487840652466,3.40738582611084,9.97010672950314e-05,3.40738582611084,8,0,True,False,False
EXP-T096,shadow,4,101,0.0001,1.0000000000000002e-06,9,63,0.5681864832128797,0.5573130548000336,3.4071872234344482,9.960967771506667e-05,3.4071872234344482,9,0,True,False,False
EXP-T096,shadow,4,101,0.0001,1.0000000000000002e-06,10,70,0.5205785504409245,0.5571472495794296,3.4070069789886475,9.95061710569696e-05,3.4070069789886475,10,0,True,False,False
EXP-T096,shadow,4,101,0.0001,1.0000000000000002e-06,11,77,0.49395117482968737,0.5571666806936264,3.4069769382476807,9.939057285945933e-05,3.4069769382476807,11,0,True,False,False
EXP-T096,shadow,4,101,0.0001,1.0000000000000002e-06,12,84,0.5748950030122485,0.5572346448898315,3.406877279281616,9.926291164466132e-05,3.406877279281616,12,0,True,False,False
EXP-T096,shadow,4,101,0.0001,1.0000000000000002e-06,13,91,0.5036037816399974,0.5557782351970673,3.4067764282226562,9.91232189110701e-05,3.4067764282226562,13,0,True,False,False
EXP-T096,shadow,4,101,0.0001,1.0000000000000002e-06,14,98,0.49341684127492563,0.5578211694955826,3.4066052436828613,9.897152912577741e-05,3.4066052436828613,14,0,True,False,False
EXP-T096,shadow,4,101,0.0001,1.0000000000000002e-06,15,105,0.7397096199648721,0.5579542368650436,3.4064078330993652,9.8807879715968e-05,3.4064078330993652,15,0,True,False,False
EXP-T096,shadow,4,101,0.0001,1.0000000000000002e-06,16,112,0.7362720114844186,0.55855892598629,3.4061248302459717,9.8632311059685e-05,3.4061248302459717,16,0,True,False,False
EXP-T096,shadow,4,101,0.0001,1.0000000000000002e-06,17,119,0.646353542804718,0.5586120188236237,3.4058480262756348,9.844486647586725e-05,3.4058480262756348,17,0,True,False,False
EXP-T096,shadow,4,101,0.0001,1.0000000000000002e-06,18,126,0.5845663462366376,0.5589616447687149,3.405496597290039,9.824559221366101e-05,3.405496597290039,18,0,True,False,False
EXP-T096,shadow,4,101,0.0001,1.0000000000000002e-06,19,133,0.5090748731579099,0.5588253140449524,3.4052932262420654,9.803453744100869e-05,3.4052932262420654,19,0,True,False,False
EXP-T096,shadow,4,101,0.0001,1.0000000000000002e-06,20,140,0.4989919311233929,0.5551484078168869,3.405228614807129,9.781175423251735e-05,3.405228614807129,20,0,True,False,False
EXP-T096,shadow,4,101,0.0001,1.0000000000000002e-06,21,147,0.6698259881564549,0.5542305707931519,3.4050369262695312,9.757729755661011e-05,3.4050369262695312,21,0,True,False,False
EXP-T096,shadow,4,101,0.0001,1.0000000000000002e-06,22,154,0.6990266570023128,0.5543020069599152,3.4048798084259033,9.73312252619635e-05,3.4048798084259033,22,0,True,False,False
EXP-T096,shadow,4,101,0.0001,1.0000000000000002e-06,23,161,0.6186113698141915,0.5541465580463409,3.4047343730926514,9.707359806323417e-05,3.4047343730926514,23,0,True,False,False
EXP-T096,shadow,4,101,0.0001,1.0000000000000002e-06,24,168,0.5314018215451922,0.5552027821540833,3.4044880867004395,9.680447952607845e-05,3.4044880867004395,24,0,True,False,False
EXP-T096,shadow,4,101,0.0001,1.0000000000000002e-06,25,175,0.4821596259384283,0.5566005706787109,3.404320478439331,9.652393605146844e-05,3.404320478439331,25,0,True,False,False
EXP-T096,shadow,4,101,0.0001,1.0000000000000002e-06,26,182,0.49681751895695925,0.558914303779602,3.4042060375213623,9.623203685930869e-05,3.4042060375213623,26,0,True,False,False
EXP-T096,shadow,4,101,0.0001,1.0000000000000002e-06,27,189,0.4816610110657556,0.5549056679010391,3.404250144958496,9.592885397135707e-05,3.4042060375213623,26,1,False,False,False
EXP-T096,shadow,4,101,0.0001,1.0000000000000002e-06,28,196,0.48954054713249207,0.5539093911647797,3.404222011566162,9.561446219345454e-05,3.4042060375213623,26,2,False,False,False
EXP-T096,shadow,4,101,0.0001,1.0000000000000002e-06,29,203,0.5118687919207981,0.554858461022377,3.403813600540161,9.528893909706797e-05,3.403813600540161,29,0,True,False,False
EXP-T096,shadow,4,101,0.0001,1.0000000000000002e-06,30,210,0.501713582447597,0.5574299097061157,3.4035136699676514,9.495236500015047e-05,3.4035136699676514,30,0,True,False,False
EXP-T096,shadow,4,101,0.0001,1.0000000000000002e-06,31,217,0.5257717754159655,0.5566376447677612,3.403494119644165,9.460482294732421e-05,3.403494119644165,31,0,True,False,False
EXP-T096,shadow,4,101,0.0001,1.0000000000000002e-06,32,224,0.5527946821280888,0.5553669631481171,3.4032769203186035,9.424639868939033e-05,3.4032769203186035,32,0,True,False,False
EXP-T096,shadow,4,101,0.0001,1.0000000000000002e-06,33,231,0.4912660986717258,0.5541039407253265,3.4033210277557373,9.387718066217124e-05,3.4032769203186035,32,1,False,False,False
EXP-T096,shadow,4,101,0.0001,1.0000000000000002e-06,34,238,0.6321450982775006,0.5541143119335175,3.403526782989502,9.349725996469047e-05,3.4032769203186035,32,2,False,False,False
EXP-T096,shadow,4,101,0.0001,1.0000000000000002e-06,35,245,0.551164767571858,0.5549754053354263,3.4033408164978027,9.310673033669521e-05,3.4032769203186035,32,3,False,False,False
EXP-T096,shadow,4,101,0.0001,1.0000000000000002e-06,36,252,0.6308802451406207,0.555832713842392,3.4031078815460205,9.270568813552756e-05,3.4031078815460205,36,0,True,False,False
EXP-T096,shadow,4,101,0.0001,1.0000000000000002e-06,37,259,0.5797438834394727,0.5545397698879242,3.4031710624694824,9.229423231234974e-05,3.4031078815460205,36,1,False,False,False
EXP-T096,shadow,4,101,0.0001,1.0000000000000002e-06,38,266,0.7443965205124446,0.5547033697366714,3.402777671813965,9.187246438772939e-05,3.402777671813965,38,0,True,False,False
EXP-T096,shadow,4,101,0.0001,1.0000000000000002e-06,39,273,0.6153111202376229,0.5530786514282227,3.4023597240448,9.14404884265908e-05,3.4023597240448,39,0,True,False,False
EXP-T096,shadow,4,101,0.0001,1.0000000000000002e-06,40,280,0.6522800752094814,0.5528844594955444,3.4020535945892334,9.099841101253866e-05,3.4020535945892334,40,0,True,False,False
EXP-T096,shadow,4,101,0.0001,1.0000000000000002e-06,41,287,0.4974913814637278,0.5561173856258392,3.401693344116211,9.05463412215599e-05,3.401693344116211,41,0,True,False,False
EXP-T096,shadow,4,101,0.0001,1.0000000000000002e-06,42,294,0.5448815822601318,0.5577425360679626,3.4012160301208496,9.0084390595111e-05,3.4012160301208496,42,0,True,False,False
EXP-T096,shadow,4,101,0.0001,1.0000000000000002e-06,43,301,0.4871961399912834,0.5541009306907654,3.40114164352417,8.961267311259666e-05,3.40114164352417,43,0,True,False,False
EXP-T096,shadow,4,101,0.0001,1.0000000000000002e-06,44,308,0.5055310428142548,0.5524098575115204,3.4011013507843018,8.913130516324733e-05,3.4011013507843018,44,0,True,False,False
EXP-T096,shadow,4,101,0.0001,1.0000000000000002e-06,45,315,0.5307885323251996,0.5524250268936157,3.40055251121521,8.864040551740158e-05,3.40055251121521,45,0,True,False,False
EXP-T096,shadow,4,101,0.0001,1.0000000000000002e-06,46,322,0.7407028377056122,0.5523269176483154,3.4004416465759277,8.814009529720155e-05,3.4004416465759277,46,0,True,False,False
EXP-T096,shadow,4,101,0.0001,1.0000000000000002e-06,47,329,0.7426996571677071,0.5520974695682526,3.4003171920776367,8.763049794670775e-05,3.4003171920776367,47,0,True,False,False
EXP-T096,shadow,4,101,0.0001,1.0000000000000002e-06,48,336,0.5592987069061824,0.5522817522287369,3.399627923965454,8.711173920144117e-05,3.399627923965454,48,0,True,False,False
EXP-T096,shadow,4,101,0.0001,1.0000000000000002e-06,49,343,0.5034304559230804,0.5554141104221344,3.3985788822174072,8.658394705735987e-05,3.3985788822174072,49,0,True,False,False
EXP-T096,shadow,4,101,0.0001,1.0000000000000002e-06,50,350,0.48378873470106293,0.5564687252044678,3.3981106281280518,8.604725173927785e-05,3.3981106281280518,50,0,True,False,False
EXP-T096,shadow,4,101,0.0001,1.0000000000000002e-06,51,357,0.728739321231842,0.557160958647728,3.3975768089294434,8.55017856687341e-05,3.3975768089294434,51,0,True,False,False
EXP-T096,shadow,4,101,0.0001,1.0000000000000002e-06,52,364,0.4842848373310907,0.5535754263401031,3.3970770835876465,8.494768343131955e-05,3.3970770835876465,52,0,True,False,False
EXP-T096,shadow,4,101,0.0001,1.0000000000000002e-06,53,371,0.7362198446478162,0.5535633713006973,3.3963940143585205,8.438508174347009e-05,3.3963940143585205,53,0,True,False,False
EXP-T096,shadow,4,101,0.0001,1.0000000000000002e-06,54,378,0.4961458902273859,0.5553372204303741,3.3952884674072266,8.381411941873378e-05,3.3952884674072266,54,0,True,False,False
EXP-T096,shadow,4,101,0.0001,1.0000000000000002e-06,55,385,0.4948216054056372,0.5529202818870544,3.3950111865997314,8.323493733352077e-05,3.3950111865997314,55,0,True,False,False
EXP-T096,shadow,4,101,0.0001,1.0000000000000002e-06,56,392,0.5081606017691749,0.5524739325046539,3.394177198410034,8.26476783923441e-05,3.394177198410034,56,0,True,False,False
EXP-T096,shadow,4,101,0.0001,1.0000000000000002e-06,57,399,0.5347482093742916,0.5508609116077423,3.39400315284729,8.205248749256015e-05,3.39400315284729,57,0,True,False,False
EXP-T096,shadow,4,101,0.0001,1.0000000000000002e-06,58,406,0.5279479197093419,0.550342008471489,3.393564224243164,8.144951148861742e-05,3.393564224243164,58,0,True,False,False
EXP-T096,shadow,4,101,0.0001,1.0000000000000002e-06,59,413,0.5137313029595784,0.5517241656780243,3.3916561603546143,8.083889915582235e-05,3.3916561603546143,59,0,True,False,False
EXP-T096,shadow,4,101,0.0001,1.0000000000000002e-06,60,420,0.6178885400295258,0.5495655536651611,3.3908803462982178,8.022080115363127e-05,3.3908803462982178,60,0,True,False,False
EXP-T096,shadow,4,101,0.0001,1.0000000000000002e-06,61,427,0.6416295128209251,0.5491212904453278,3.3897550106048584,7.959536998847744e-05,3.3897550106048584,61,0,True,False,False
EXP-T096,shadow,4,101,0.0001,1.0000000000000002e-06,62,434,0.6135766335896083,0.549911618232727,3.387498140335083,7.89627599761423e-05,3.387498140335083,62,0,True,False,False
EXP-T096,shadow,4,101,0.0001,1.0000000000000002e-06,63,441,0.4822147084133966,0.5487561970949173,3.38655948638916,7.832312720368048e-05,3.38655948638916,63,0,True,False,False
EXP-T096,shadow,4,101,0.0001,1.0000000000000002e-06,64,448,0.5193942870412555,0.5477901101112366,3.385903835296631,7.767662949090753e-05,3.385903835296631,64,0,True,False,False
EXP-T096,shadow,4,101,0.0001,1.0000000000000002e-06,65,455,0.5341752810137612,0.5473330765962601,3.3826797008514404,7.702342635146033e-05,3.3826797008514404,65,0,True,False,False
EXP-T096,shadow,4,101,0.0001,1.0000000000000002e-06,66,462,0.4789283445903233,0.5466091930866241,3.379319190979004,7.636367895343946e-05,3.379319190979004,66,0,True,False,False
EXP-T096,shadow,4,101,0.0001,1.0000000000000002e-06,67,469,0.7015827809061322,0.5470876842737198,3.378018617630005,7.569755007964338e-05,3.378018617630005,67,0,True,False,False
EXP-T096,shadow,4,101,0.0001,1.0000000000000002e-06,68,476,0.5771670149905341,0.5448209494352341,3.378192186355591,7.502520408740418e-05,3.378018617630005,67,1,False,False,False
EXP-T096,shadow,4,101,0.0001,1.0000000000000002e-06,69,483,0.480901443532535,0.5438510179519653,3.374762773513794,7.43468068680349e-05,3.374762773513794,69,0,True,False,False
EXP-T096,shadow,4,101,0.0001,1.0000000000000002e-06,70,490,0.5501657383782523,0.5426928400993347,3.369671583175659,7.366252580589839e-05,3.369671583175659,70,0,True,False,False
EXP-T096,shadow,4,101,0.0001,1.0000000000000002e-06,71,497,0.483097248843738,0.5425670444965363,3.3652236461639404,7.297252973710757e-05,3.3652236461639404,71,0,True,False,False
EXP-T096,shadow,4,101,0.0001,1.0000000000000002e-06,72,504,0.4776661066072328,0.5430049151182175,3.3663012981414795,7.22769889078678e-05,3.3652236461639404,71,1,False,False,False
EXP-T096,shadow,4,101,0.0001,1.0000000000000002e-06,73,511,0.444311374202828,0.5456414073705673,3.3781919479370117,7.15760749324711e-05,3.3652236461639404,71,2,False,False,False
EXP-T096,shadow,4,101,0.0001,1.0000000000000002e-06,74,518,0.6866196436541421,0.5452198386192322,3.38177490234375,7.086996075095289e-05,3.3652236461639404,71,3,False,False,False
EXP-T096,shadow,4,101,0.0001,1.0000000000000002e-06,75,525,0.6961551564080375,0.5425504595041275,3.377976179122925,7.015882058642164e-05,3.3652236461639404,71,4,False,False,False
EXP-T096,shadow,4,101,0.0001,1.0000000000000002e-06,76,532,0.5266408920288086,0.5384646654129028,3.3664183616638184,6.944282990207195e-05,3.3652236461639404,71,5,False,False,False
EXP-T096,shadow,4,101,0.0001,1.0000000000000002e-06,77,539,0.49056233039924074,0.5354164838790894,3.356595277786255,6.872216535789157e-05,3.356595277786255,77,0,True,False,False
EXP-T096,shadow,4,101,0.0001,1.0000000000000002e-06,78,546,0.48080879024096895,0.5348575115203857,3.3582332134246826,6.799700476707323e-05,3.356595277786255,77,1,False,False,False
EXP-T096,shadow,4,101,0.0001,1.0000000000000002e-06,79,553,0.4491593358772142,0.5309994220733643,3.3471460342407227,6.726752705214194e-05,3.3471460342407227,79,0,True,False,False
EXP-T096,shadow,4,101,0.0001,1.0000000000000002e-06,80,560,0.44779147846358164,0.5317851901054382,3.3569183349609375,6.65339122008084e-05,3.3471460342407227,79,1,False,False,False
EXP-T096,shadow,4,101,0.0001,1.0000000000000002e-06,81,567,0.435946396502134,0.5287898480892181,3.3523285388946533,6.57963412215599e-05,3.3471460342407227,79,2,False,False,False
EXP-T096,shadow,4,101,0.0001,1.0000000000000002e-06,82,574,0.42902514950505327,0.5273732393980026,3.3410661220550537,6.505499609899905e-05,3.3410661220550537,82,0,True,False,False
EXP-T096,shadow,4,101,0.0001,1.0000000000000002e-06,83,581,0.5141846111842564,0.529761865735054,3.3440589904785156,6.431005974894185e-05,3.3410661220550537,82,1,False,False,False
EXP-T096,shadow,4,101,0.0001,1.0000000000000002e-06,84,588,0.47112218397004263,0.5284583270549774,3.358055591583252,6.356171597328596e-05,3.3410661220550537,82,2,False,False,False
EXP-T096,shadow,4,101,0.0001,1.0000000000000002e-06,85,595,0.42457246673958643,0.5316735506057739,3.370266914367676,6.281014941466031e-05,3.3410661220550537,82,3,False,False,False
EXP-T096,shadow,4,101,0.0001,1.0000000000000002e-06,86,602,0.441238386290414,0.5342381298542023,3.368178367614746,6.205554551086733e-05,3.3410661220550537,82,4,False,False,False
EXP-T096,shadow,4,101,0.0001,1.0000000000000002e-06,87,609,0.4425186344555446,0.5266417860984802,3.343233823776245,6.129809044912887e-05,3.3410661220550537,82,5,False,False,False
EXP-T096,shadow,4,101,0.0001,1.0000000000000002e-06,88,616,0.41745067707129885,0.5260290801525116,3.3234477043151855,6.053797112014738e-05,3.3234477043151855,88,0,True,False,False
EXP-T096,shadow,4,101,0.0001,1.0000000000000002e-06,89,623,0.4364540960107531,0.5241838693618774,3.3066048622131348,5.977537507199338e-05,3.3066048622131348,89,0,True,False,False
EXP-T096,shadow,4,101,0.0001,1.0000000000000002e-06,90,630,0.3687005154788494,0.5296071767807007,3.3018712997436523,5.901049046383077e-05,3.3018712997436523,90,0,True,False,False
EXP-T096,shadow,4,101,0.0001,1.0000000000000002e-06,91,637,0.4920482933521271,0.53421950340271,3.3014447689056396,5.8243506019491436e-05,3.3014447689056396,91,0,True,False,False
EXP-T096,shadow,4,101,0.0001,1.0000000000000002e-06,92,644,0.4952162802219391,0.526688426733017,3.28058123588562,5.7474610980910354e-05,3.28058123588562,92,0,True,False,False
EXP-T096,shadow,4,101,0.0001,1.0000000000000002e-06,93,651,0.400402481002467,0.5267178118228912,3.2680459022521973,5.6703995061433075e-05,3.2680459022521973,93,0,True,False,False
EXP-T096,shadow,4,101,0.0001,1.0000000000000002e-06,94,658,0.49881198150771006,0.5260871946811676,3.2549898624420166,5.5931848399006745e-05,3.2549898624420166,94,0,True,False,False
EXP-T096,shadow,4,101,0.0001,1.0000000000000002e-06,95,665,0.4894829903330122,0.5267141461372375,3.2507286071777344,5.515836150926646e-05,3.2507286071777344,95,0,True,False,False
EXP-T096,shadow,4,101,0.0001,1.0000000000000002e-06,96,672,0.38414008915424347,0.525758758187294,3.239344835281372,5.438372523852833e-05,3.239344835281372,96,0,True,False,False
EXP-T096,shadow,4,101,0.0001,1.0000000000000002e-06,97,679,0.7013607089008603,0.5248341262340546,3.2259585857391357,5.360813071670102e-05,3.2259585857391357,97,0,True,False,False
EXP-T096,shadow,4,101,0.0001,1.0000000000000002e-06,98,686,0.39724755925791605,0.527423232793808,3.2261953353881836,5.283176931012731e-05,3.2259585857391357,97,1,False,False,False
EXP-T096,shadow,4,101,0.0001,1.0000000000000002e-06,99,693,0.5887444274766105,0.5325512140989304,3.237380266189575,5.205483257436735e-05,3.2259585857391357,97,2,False,False,False
EXP-T096,shadow,4,101,0.0001,1.0000000000000002e-06,100,700,0.39324717436517986,0.5355115532875061,3.2377870082855225,5.127751220693513e-05,3.2259585857391357,97,3,False,False,False
EXP-T096,shadow,4,101,0.0001,1.0000000000000002e-06,101,707,0.41156946548393797,0.5378177464008331,3.239670515060425,5.05e-05,3.2259585857391357,97,4,False,False,False
EXP-T096,shadow,4,101,0.0001,1.0000000000000002e-06,102,714,0.35964392338480267,0.5411888808012009,3.249354839324951,4.972248779306489e-05,3.2259585857391357,97,5,False,False,False
EXP-T096,shadow,4,101,0.0001,1.0000000000000002e-06,103,721,0.3741179613695879,0.5448570549488068,3.2690236568450928,4.894516742563265e-05,3.2259585857391357,97,6,False,False,False
EXP-T096,shadow,4,101,0.0001,1.0000000000000002e-06,104,728,0.35267665875809534,0.5477355718612671,3.275106191635132,4.816823068987269e-05,3.2259585857391357,97,7,False,False,False
EXP-T096,shadow,4,101,0.0001,1.0000000000000002e-06,105,735,0.49650517318929943,0.5456900894641876,3.2659387588500977,4.739186928329899e-05,3.2259585857391357,97,8,False,False,False
EXP-T096,shadow,4,101,0.0001,1.0000000000000002e-06,106,742,0.38941127913338797,0.5448578894138336,3.2554049491882324,4.661627476147168e-05,3.2259585857391357,97,9,False,False,False
EXP-T096,shadow,4,101,0.0001,1.0000000000000002e-06,107,749,0.36784131292785915,0.5420986264944077,3.2649197578430176,4.584163849073354e-05,3.2259585857391357,97,10,False,False,False
EXP-T096,shadow,4,101,0.0001,1.0000000000000002e-06,108,756,0.33554061292670667,0.5415298044681549,3.2411949634552,4.5068151600993264e-05,3.2259585857391357,97,11,False,False,False
EXP-T096,shadow,4,101,0.0001,1.0000000000000002e-06,109,763,0.5427564127104623,0.5441448092460632,3.263439655303955,4.429600493856695e-05,3.2259585857391357,97,12,False,False,False
EXP-T096,shadow,4,101,0.0001,1.0000000000000002e-06,110,770,0.3487956641641046,0.544784426689148,3.2650623321533203,4.352538901908967e-05,3.2259585857391357,97,13,False,False,False
EXP-T096,shadow,4,101,0.0001,1.0000000000000002e-06,111,777,0.3938908853701183,0.5477590560913086,3.2892026901245117,4.275649398050857e-05,3.2259585857391357,97,14,False,False,False
EXP-T096,shadow,4,101,0.0001,1.0000000000000002e-06,112,784,0.40251367858478,0.5452434718608856,3.272435426712036,4.198950953616922e-05,3.2259585857391357,97,15,False,False,False
EXP-T096,shadow,4,101,0.0001,1.0000000000000002e-06,113,791,0.4773747282368796,0.545992910861969,3.2791268825531006,4.122462492800663e-05,3.2259585857391357,97,16,False,False,False
EXP-T096,shadow,4,101,0.0001,1.0000000000000002e-06,114,798,0.36641001009515356,0.5450384616851807,3.2829458713531494,4.046202887985264e-05,3.2259585857391357,97,17,False,False,False
EXP-T096,shadow,4,101,0.0001,1.0000000000000002e-06,115,805,0.3586297993149076,0.5407375991344452,3.263704299926758,3.9701909550871155e-05,3.2259585857391357,97,18,False,False,False
EXP-T096,shadow,4,101,0.0001,1.0000000000000002e-06,116,812,0.40253240295818876,0.5393297672271729,3.2598700523376465,3.8944454489132674e-05,3.2259585857391357,97,19,False,False,False
EXP-T096,shadow,4,101,0.0001,1.0000000000000002e-06,117,819,0.3794709358896528,0.5419290512800217,3.2739787101745605,3.818985058533969e-05,3.2259585857391357,97,20,False,False,False
EXP-T096,shadow,4,101,0.0001,1.0000000000000002e-06,118,826,0.5724642489637647,0.5404114723205566,3.2673909664154053,3.7438284026714043e-05,3.2259585857391357,97,21,False,False,False
EXP-T096,shadow,4,101,0.0001,1.0000000000000002e-06,119,833,0.5923739373683929,0.5374214798212051,3.258164882659912,3.668994025105816e-05,3.2259585857391357,97,22,False,False,False
EXP-T096,shadow,4,101,0.0001,1.0000000000000002e-06,120,840,0.44298051936285837,0.5379925966262817,3.2598867416381836,3.594500390100096e-05,3.2259585857391357,97,23,False,False,False
EXP-T096,shadow,4,101,0.0001,1.0000000000000002e-06,121,847,0.35297707435009734,0.5395370572805405,3.274446964263916,3.520365877844012e-05,3.2259585857391357,97,24,False,False,False
EXP-T096,shadow,4,101,0.0001,1.0000000000000002e-06,122,854,0.35311610996723175,0.5406906008720398,3.2810521125793457,3.44660877991916e-05,3.2259585857391357,97,25,False,False,False
EXP-T096,shadow,4,101,0.0001,1.0000000000000002e-06,123,861,0.37545416184834074,0.542726993560791,3.287423610687256,3.373247294785808e-05,3.2259585857391357,97,26,False,False,False
EXP-T096,shadow,4,101,0.0001,1.0000000000000002e-06,124,868,0.35913230585200445,0.5503499209880829,3.329289197921753,3.300299523292678e-05,3.2259585857391357,97,27,False,False,False
EXP-T096,shadow,4,101,0.0001,1.0000000000000002e-06,125,875,0.35496340904917034,0.5527305006980896,3.345177173614502,3.2277834642108455e-05,3.2259585857391357,97,28,False,False,False
EXP-T096,shadow,4,101,0.0001,1.0000000000000002e-06,126,882,0.3568494362490518,0.546616941690445,3.3011727333068848,3.155717009792807e-05,3.2259585857391357,97,29,False,False,False
EXP-T096,shadow,4,101,0.0001,1.0000000000000002e-06,127,889,0.3659144937992096,0.5428527891635895,3.305305004119873,3.084117941357835e-05,3.2259585857391357,97,30,False,True,False
EXP-T096,shadow,4,101,0.001,1e-05,1,7,0.490700913593173,0.5559576749801636,3.409752368927002,0.001,3.409752368927002,1,0,True,False,False
EXP-T096,shadow,4,101,0.001,1e-05,2,14,0.5374069277729306,0.557584822177887,3.4066553115844727,0.000999938933078422,3.4066553115844727,2,0,True,False,False
EXP-T096,shadow,4,101,0.001,1e-05,3,21,0.7077348956039974,0.5573454201221466,3.406432867050171,0.0009997557473810372,3.406432867050171,3,0,True,False,False
EXP-T096,shadow,4,101,0.001,1e-05,4,28,0.515608837507898,0.5769302397966385,3.4628312587738037,0.0009994504881061753,3.406432867050171,3,1,False,False,False
EXP-T096,shadow,4,101,0.001,1e-05,5,35,0.5179658021245684,0.5641831159591675,3.416368007659912,0.0009990232305719944,3.406432867050171,3,2,False,False,False
EXP-T096,shadow,4,101,0.001,1e-05,6,42,0.5320660982813153,0.5662016123533249,3.4103517532348633,0.0009984740801978985,3.406432867050171,3,3,False,False,False
EXP-T096,shadow,4,101,0.001,1e-05,7,49,0.5676860426153455,0.5504219084978104,3.3991525173187256,0.0009978031724785245,3.3991525173187256,7,0,True,False,False
EXP-T096,shadow,4,101,0.001,1e-05,8,56,0.5100931743425983,0.5527304410934448,3.3842291831970215,0.000997010672950314,3.3842291831970215,8,0,True,False,False
EXP-T096,shadow,4,101,0.001,1e-05,9,63,0.5233970688922065,0.6063823401927948,3.586003303527832,0.0009960967771506667,3.3842291831970215,8,1,False,False,False
EXP-T096,shadow,4,101,0.001,1e-05,10,70,0.5143438588295665,0.5948458611965179,3.6293766498565674,0.000995061710569696,3.3842291831970215,8,2,False,False,False
EXP-T096,shadow,4,101,0.001,1e-05,11,77,0.5045651750905173,0.5849937498569489,3.5146965980529785,0.0009939057285945933,3.3842291831970215,8,3,False,False,False
EXP-T096,shadow,4,101,0.001,1e-05,12,84,0.6314081677368709,0.5645602941513062,3.423182964324951,0.000992629116446613,3.3842291831970215,8,4,False,False,False
EXP-T096,shadow,4,101,0.001,1e-05,13,91,0.4700988786561148,0.5463992357254028,3.381000518798828,0.000991232189110701,3.381000518798828,13,0,True,False,False
EXP-T096,shadow,4,101,0.001,1e-05,14,98,0.43283972995621817,0.5551859438419342,3.4158935546875,0.0009897152912577741,3.381000518798828,13,1,False,False,False
EXP-T096,shadow,4,101,0.001,1e-05,15,105,0.6640144969735827,0.540823370218277,3.350618600845337,0.00098807879715968,3.350618600845337,15,0,True,False,False
EXP-T096,shadow,4,101,0.001,1e-05,16,112,0.6088664446558271,0.5333022624254227,3.2816901206970215,0.00098632311059685,3.2816901206970215,16,0,True,False,False
EXP-T096,shadow,4,101,0.001,1e-05,17,119,0.42897929889815195,0.5877770781517029,3.530043840408325,0.0009844486647586723,3.2816901206970215,16,1,False,False,False
EXP-T096,shadow,4,101,0.001,1e-05,18,126,0.3749265503512496,0.59822978079319,3.5849461555480957,0.00098245592213661,3.2816901206970215,16,2,False,False,False
EXP-T096,shadow,4,101,0.001,1e-05,19,133,0.3636724842446191,0.6049773991107941,3.5969173908233643,0.0009803453744100868,3.2816901206970215,16,3,False,False,False
EXP-T096,shadow,4,101,0.001,1e-05,20,140,0.3672489140714918,0.5817254930734634,3.4909095764160156,0.0009781175423251734,3.2816901206970215,16,4,False,False,False
EXP-T096,shadow,4,101,0.001,1e-05,21,147,0.45878286233970095,0.5639386475086212,3.4288265705108643,0.0009757729755661011,3.2816901206970215,16,5,False,False,False
EXP-T096,shadow,4,101,0.001,1e-05,22,154,0.5471039286681584,0.5229354202747345,3.280026912689209,0.0009733122526196349,3.280026912689209,22,0,True,False,False
EXP-T096,shadow,4,101,0.001,1e-05,23,161,0.42754392113004414,0.5334169864654541,3.285862445831299,0.0009707359806323416,3.280026912689209,22,1,False,False,False
EXP-T096,shadow,4,101,0.001,1e-05,24,168,0.3548259139060974,0.5648315846920013,3.447899341583252,0.0009680447952607845,3.280026912689209,22,2,False,False,False
EXP-T096,shadow,4,101,0.001,1e-05,25,175,0.31387971341609955,0.6143088638782501,3.6460342407226562,0.0009652393605146844,3.280026912689209,22,3,False,False,False
EXP-T096,shadow,4,101,0.001,1e-05,26,182,0.3037333648119654,0.571567103266716,3.4659745693206787,0.000962320368593087,3.280026912689209,22,4,False,False,False
EXP-T096,shadow,4,101,0.001,1e-05,27,189,0.28771947377494406,0.5523432791233063,3.3793699741363525,0.0009592885397135706,3.280026912689209,22,5,False,False,False
EXP-T096,shadow,4,101,0.001,1e-05,28,196,0.2879932471634155,0.5966241359710693,3.6050069332122803,0.0009561446219345453,3.280026912689209,22,6,False,False,False
EXP-T096,shadow,4,101,0.001,1e-05,29,203,0.3405073072229113,0.5694442391395569,3.462817668914795,0.0009528893909706797,3.280026912689209,22,7,False,False,False
EXP-T096,shadow,4,101,0.001,1e-05,30,210,0.2747521860791104,0.6027802526950836,3.6353375911712646,0.0009495236500015047,3.280026912689209,22,8,False,False,False
EXP-T096,shadow,4,101,0.001,1e-05,31,217,0.3059494378311293,0.5862246751785278,3.543111801147461,0.0009460482294732421,3.280026912689209,22,9,False,False,False
EXP-T096,shadow,4,101,0.001,1e-05,32,224,0.2706436387130192,0.6201647520065308,3.734257936477661,0.0009424639868939033,3.280026912689209,22,10,False,False,False
EXP-T096,shadow,4,101,0.001,1e-05,33,231,0.32222970042909893,0.5138970464468002,3.185847520828247,0.0009387718066217125,3.185847520828247,33,0,True,False,False
EXP-T096,shadow,4,101,0.001,1e-05,34,238,0.36159620327608927,0.5142491012811661,3.157484769821167,0.0009349725996469047,3.157484769821167,34,0,True,False,False
EXP-T096,shadow,4,101,0.001,1e-05,35,245,0.31844491618020193,0.5732001066207886,3.5288190841674805,0.0009310673033669522,3.157484769821167,34,1,False,False,False
EXP-T096,shadow,4,101,0.001,1e-05,36,252,0.2571099272796086,0.5923358500003815,3.5272202491760254,0.0009270568813552756,3.157484769821167,34,2,False,False,False
EXP-T096,shadow,4,101,0.001,1e-05,37,259,0.24046684535486357,0.5549591779708862,3.4307053089141846,0.0009229423231234975,3.157484769821167,34,3,False,False,False
EXP-T096,shadow,4,101,0.001,1e-05,38,266,0.3357754924467632,0.6720601916313171,3.885029673576355,0.0009187246438772938,3.157484769821167,34,4,False,False,False
EXP-T096,shadow,4,101,0.001,1e-05,39,273,0.2732077645403998,0.5601723492145538,3.4650261402130127,0.0009144048842659081,3.157484769821167,34,5,False,False,False
EXP-T096,shadow,4,101,0.001,1e-05,40,280,0.2504230865410396,0.6152401566505432,3.6583720445632935,0.0009099841101253866,3.157484769821167,34,6,False,False,False
EXP-T096,shadow,4,101,0.001,1e-05,41,287,0.26718032572950634,0.6285242140293121,3.709307909011841,0.000905463412215599,3.157484769821167,34,7,False,False,False
EXP-T096,shadow,4,101,0.001,1e-05,42,294,0.21202407670872553,0.614922046661377,3.6983468532562256,0.0009008439059511099,3.157484769821167,34,8,False,False,False
EXP-T096,shadow,4,101,0.001,1e-05,43,301,0.22441246892724717,0.6588337123394012,3.8123929500579834,0.0008961267311259666,3.157484769821167,34,9,False,False,False
EXP-T096,shadow,4,101,0.001,1e-05,44,308,0.1715400687285832,0.6498340368270874,3.8642289638519287,0.0008913130516324732,3.157484769821167,34,10,False,False,False
EXP-T096,shadow,4,101,0.001,1e-05,45,315,0.2926489519221442,0.624975860118866,3.7394310235977173,0.0008864040551740157,3.157484769821167,34,11,False,False,False
EXP-T096,shadow,4,101,0.001,1e-05,46,322,0.2591082475015095,0.5817621052265167,3.550041675567627,0.0008814009529720154,3.157484769821167,34,12,False,False,False
EXP-T096,shadow,4,101,0.001,1e-05,47,329,0.21578527454819,0.6045764684677124,3.6535122394561768,0.0008763049794670775,3.157484769821167,34,13,False,False,False
EXP-T096,shadow,4,101,0.001,1e-05,48,336,0.24453541849340713,0.6125093102455139,3.620795249938965,0.0008711173920144117,3.157484769821167,34,14,False,False,False
EXP-T096,shadow,4,101,0.001,1e-05,49,343,0.1945782122867448,0.5202432423830032,3.2600226402282715,0.0008658394705735987,3.157484769821167,34,15,False,False,False
EXP-T096,shadow,4,101,0.001,1e-05,50,350,0.21839180482285364,0.596380814909935,3.566819906234741,0.0008604725173927785,3.157484769821167,34,16,False,False,False
EXP-T096,shadow,4,101,0.001,1e-05,51,357,0.3989771434238979,0.5686278641223907,3.5056850910186768,0.000855017856687341,3.157484769821167,34,17,False,False,False
EXP-T096,shadow,4,101,0.001,1e-05,52,364,0.2633214465209416,0.5987764298915863,3.598272919654846,0.0008494768343131955,3.157484769821167,34,18,False,False,False
EXP-T096,shadow,4,101,0.001,1e-05,53,371,0.26914127809660776,0.5655998587608337,3.5013445615768433,0.0008438508174347009,3.157484769821167,34,19,False,False,False
EXP-T096,shadow,4,101,0.001,1e-05,54,378,0.168036810891603,0.6147046983242035,3.6783955097198486,0.0008381411941873378,3.157484769821167,34,20,False,False,False
EXP-T096,shadow,4,101,0.001,1e-05,55,385,0.1841761948806899,0.5898137837648392,3.610799551010132,0.0008323493733352077,3.157484769821167,34,21,False,False,False
EXP-T096,shadow,4,101,0.001,1e-05,56,392,0.20044491227184022,0.6391847729682922,3.794968843460083,0.000826476783923441,3.157484769821167,34,22,False,False,False
EXP-T096,shadow,4,101,0.001,1e-05,57,399,0.24113706818648747,0.5940954983234406,3.6051390171051025,0.0008205248749256015,3.157484769821167,34,23,False,False,False
EXP-T096,shadow,4,101,0.001,1e-05,58,406,0.2092726694286934,0.5358897149562836,3.3483474254608154,0.0008144951148861742,3.157484769821167,34,24,False,False,False
EXP-T096,shadow,4,101,0.001,1e-05,59,413,0.19298497319843072,0.5904133319854736,3.4964723587036133,0.0008083889915582234,3.157484769821167,34,25,False,False,False
EXP-T096,shadow,4,101,0.001,1e-05,60,420,0.15658908470400743,0.5426005125045776,3.3334325551986694,0.0008022080115363127,3.157484769821167,34,26,False,False,False
EXP-T096,shadow,4,101,0.001,1e-05,61,427,0.2178608306816646,0.5142988413572311,3.1968023777008057,0.0007959536998847743,3.157484769821167,34,27,False,False,False
EXP-T096,shadow,4,101,0.001,1e-05,62,434,0.20816210338047572,0.5845945924520493,3.5591938495635986,0.0007896275997614229,3.157484769821167,34,28,False,False,False
EXP-T096,shadow,4,101,0.001,1e-05,63,441,0.14606314445180552,0.5875665247440338,3.6041369438171387,0.0007832312720368048,3.157484769821167,34,29,False,False,False
EXP-T096,shadow,4,101,0.001,1e-05,64,448,0.18779887897627695,0.5616990923881531,3.5132168531417847,0.0007767662949090753,3.157484769821167,34,30,False,True,False
EXP-T096,shadow,4,101,0.01,0.0001,1,7,1.8943373901503426,0.5545050203800201,3.4007537364959717,0.01,3.4007537364959717,1,0,True,False,False
EXP-T096,shadow,4,101,0.01,0.0001,2,14,0.873772956430912,1.5385310649871826,7.876345872879028,0.00999938933078422,3.4007537364959717,1,1,False,False,False
EXP-T096,shadow,4,101,0.01,0.0001,3,21,1.2673696194376265,0.5571534037590027,3.418285369873047,0.009997557473810372,3.4007537364959717,1,2,False,False,False
EXP-T096,shadow,4,101,0.01,0.0001,4,28,0.6079601379377502,0.5529462099075317,3.401888132095337,0.009994504881061753,3.4007537364959717,1,3,False,False,False
EXP-T096,shadow,4,101,0.01,0.0001,5,35,0.5621841246528285,0.5549221932888031,3.404405355453491,0.009990232305719944,3.4007537364959717,1,4,False,False,False
EXP-T096,shadow,4,101,0.01,0.0001,6,42,0.5328854907836232,0.8473960757255554,4.7384185791015625,0.009984740801978984,3.4007537364959717,1,5,False,False,False
EXP-T096,shadow,4,101,0.01,0.0001,7,49,0.9307683621134076,0.59623122215271,3.6303279399871826,0.009978031724785246,3.4007537364959717,1,6,False,False,False
EXP-T096,shadow,4,101,0.01,0.0001,8,56,0.691493536744799,0.8337752223014832,4.646843910217285,0.00997010672950314,3.4007537364959717,1,7,False,False,False
EXP-T096,shadow,4,101,0.01,0.0001,9,63,0.8153309651783535,0.5957625508308411,3.6055867671966553,0.009960967771506667,3.4007537364959717,1,8,False,False,False
EXP-T096,shadow,4,101,0.01,0.0001,10,70,0.7812399097851345,0.55790576338768,3.4019813537597656,0.00995061710569696,3.4007537364959717,1,9,False,False,False
EXP-T096,shadow,4,101,0.01,0.0001,11,77,0.5191873503582818,0.629424124956131,3.8031868934631348,0.009939057285945933,3.4007537364959717,1,10,False,False,False
EXP-T096,shadow,4,101,0.01,0.0001,12,84,0.5683290383645466,0.5796867609024048,3.4860751628875732,0.00992629116446613,3.4007537364959717,1,11,False,False,False
EXP-T096,shadow,4,101,0.01,0.0001,13,91,0.5374602718012673,0.5552813112735748,3.40625,0.00991232189110701,3.4007537364959717,1,12,False,False,False
EXP-T096,shadow,4,101,0.01,0.0001,14,98,0.5159836517913001,0.5557969659566879,3.40625,0.00989715291257774,3.4007537364959717,1,13,False,False,False
EXP-T096,shadow,4,101,0.01,0.0001,15,105,0.7313424221106938,0.5555492341518402,3.40625,0.0098807879715968,3.4007537364959717,1,14,False,False,False
EXP-T096,shadow,4,101,0.01,0.0001,16,112,0.7400898677962167,0.5569490343332291,3.40625,0.0098632311059685,3.4007537364959717,1,15,False,False,False
EXP-T096,shadow,4,101,0.01,0.0001,17,119,0.6314057580062321,0.558729887008667,3.40625,0.009844486647586723,3.4007537364959717,1,16,False,False,False
EXP-T096,shadow,4,101,0.01,0.0001,18,126,0.5689154395035335,0.5609888881444931,3.40625,0.0098245592213661,3.4007537364959717,1,17,False,False,False
EXP-T096,shadow,4,101,0.01,0.0001,19,133,0.5192183170999799,0.562462106347084,3.40625,0.009803453744100868,3.4007537364959717,1,18,False,False,False
EXP-T096,shadow,4,101,0.01,0.0001,20,140,0.5294699626309531,0.5596159398555756,3.40625,0.009781175423251734,3.4007537364959717,1,19,False,False,False
EXP-T096,shadow,4,101,0.01,0.0001,21,147,0.6654084239687238,0.5570193827152252,3.40625,0.009757729755661011,3.4007537364959717,1,20,False,False,False
EXP-T096,shadow,4,101,0.01,0.0001,22,154,0.7162208046231952,0.5565544068813324,3.40625,0.009733122526196349,3.4007537364959717,1,21,False,False,False
EXP-T096,shadow,4,101,0.01,0.0001,23,161,0.607519554240363,0.5555424392223358,3.40625,0.009707359806323416,3.4007537364959717,1,22,False,False,False
EXP-T096,shadow,4,101,0.01,0.0001,24,168,0.5154015123844147,0.5557280480861664,3.40625,0.009680447952607845,3.4007537364959717,1,23,False,False,False
EXP-T096,shadow,4,101,0.01,0.0001,25,175,0.49796612347875324,0.5562737137079239,3.40625,0.009652393605146845,3.4007537364959717,1,24,False,False,False
EXP-T096,shadow,4,101,0.01,0.0001,26,182,0.6346343743945388,0.5696388483047485,3.4665462970733643,0.00962320368593087,3.4007537364959717,1,25,False,False,False
EXP-T096,shadow,4,101,0.01,0.0001,27,189,0.5554185895598494,0.5546890199184418,3.401261329650879,0.009592885397135707,3.4007537364959717,1,26,False,False,False
EXP-T096,shadow,4,101,0.01,0.0001,28,196,0.4987213702074119,0.5570435672998428,3.40625,0.009561446219345454,3.4007537364959717,1,27,False,False,False
EXP-T096,shadow,4,101,0.01,0.0001,29,203,0.5016103024993624,0.5572354793548584,3.40625,0.009528893909706798,3.4007537364959717,1,28,False,False,False
EXP-T096,shadow,4,101,0.01,0.0001,30,210,0.5109894499182701,0.5577378273010254,3.40625,0.009495236500015047,3.4007537364959717,1,29,False,False,False
EXP-T096,shadow,4,101,0.01,0.0001,31,217,0.5127842341150556,0.5573423653841019,3.40625,0.00946048229473242,3.4007537364959717,1,30,False,True,False
