scheme,fold,seed,initial_lr,epoch,optimizer_step,learning_rate,train_loss,val_mae
primary,0,101,1e-05,1,7,1e-05,0.45604037174156736,0.6106934980912642
primary,0,101,1e-05,2,14,9.99938933078422e-06,0.4326317438057491,0.5930548003225615
primary,0,101,1e-05,3,21,9.997557473810373e-06,0.47010473694120136,0.577963857939749
primary,0,101,1e-05,4,28,9.994504881061752e-06,0.3988631233306868,0.5658992131551107
primary,0,101,1e-05,5,35,9.990232305719944e-06,0.4142907772745405,0.5572584614609227
primary,0,101,1e-05,6,42,9.984740801978984e-06,0.4039848084960665,0.5508402622107303
primary,0,101,1e-05,7,49,9.978031724785247e-06,0.3952252194285393,0.5469080318104137
primary,0,101,1e-05,8,56,9.97010672950314e-06,0.39347619244030546,0.5426333167336204
primary,0,101,1e-05,9,63,9.960967771506666e-06,0.37232126308871166,0.5415373715487394
primary,0,101,1e-05,10,70,9.950617105696961e-06,0.38988623062946964,0.5405844197128759
primary,0,101,1e-05,11,77,9.939057285945933e-06,0.427398111139025,0.5391659592137192
primary,0,101,1e-05,12,84,9.926291164466131e-06,0.381092231787209,0.5375727740201083
primary,0,101,1e-05,13,91,9.91232189110701e-06,0.4840319880417415,0.5367292346376361
primary,0,101,1e-05,14,98,9.897152912577742e-06,0.40479508468082975,0.5381215702403676
primary,0,101,1e-05,15,105,9.8807879715968e-06,0.4190004425389426,0.5372147993607954
primary,0,101,1e-05,16,112,9.8632311059685e-06,0.37025465812101693,0.5362865563594934
primary,0,101,1e-05,17,119,9.844486647586724e-06,0.5778949856758118,0.5356888915553237
primary,0,101,1e-05,18,126,9.824559221366101e-06,0.39012199214526583,0.5355531519109552
primary,0,101,1e-05,19,133,9.803453744100868e-06,0.45799860783985685,0.5355533831047289
primary,0,101,1e-05,20,140,9.781175423251734e-06,0.8061683944293431,0.5368469411676581
primary,0,101,1e-05,21,147,9.757729755661012e-06,0.37725833525317803,0.5384470043760358
primary,0,101,1e-05,22,154,9.73312252619635e-06,0.5533416952405658,0.5386717247240471
primary,0,101,1e-05,23,161,9.707359806323418e-06,0.3776924405246973,0.5381708434133818
primary,0,101,1e-05,24,168,9.680447952607845e-06,0.4223356715270451,0.5380877870501894
primary,0,101,1e-05,25,175,9.652393605146845e-06,0.3971434107848576,0.5377529895666874
primary,0,101,1e-05,26,182,9.62320368593087e-06,0.3729440315759608,0.5355174324729226
primary,0,101,1e-05,27,189,9.592885397135707e-06,0.40686753605093273,0.5340594956369111
primary,0,101,1e-05,28,196,9.561446219345455e-06,0.37585118333143847,0.5334594610965613
primary,0,101,1e-05,29,203,9.528893909706798e-06,0.40092803963593077,0.5336788639877782
primary,0,101,1e-05,30,210,9.495236500015048e-06,0.4140559136867523,0.5334339719830137
primary,0,101,1e-05,31,217,9.460482294732422e-06,0.38176645298621487,0.5336290995279948
primary,0,101,1e-05,32,224,9.424639868939035e-06,0.3762975508081062,0.5342794187141188
primary,0,101,1e-05,33,231,9.387718066217125e-06,0.5021796694823674,0.5346988909172289
primary,0,101,1e-05,34,238,9.349725996469047e-06,0.3847587768520628,0.5356884869662198
primary,0,101,1e-05,35,245,9.310673033669522e-06,0.37987132862742456,0.5351252989335493
primary,0,101,1e-05,36,252,9.270568813552757e-06,0.38177794750247684,0.535165093161843
primary,0,101,1e-05,37,259,9.229423231234975e-06,0.3804644001315215,0.5351227269028173
primary,0,101,1e-05,38,266,9.18724643877294e-06,0.414514069046293,0.5362700549038973
primary,0,101,1e-05,39,273,9.144048842659081e-06,0.40560026466846466,0.5358108462709369
primary,0,101,1e-05,40,280,9.099841101253867e-06,0.3726989814479436,0.5351060231526693
primary,0,101,1e-05,41,287,9.054634122155991e-06,0.3848874366709164,0.5346620444095496
primary,0,101,1e-05,42,294,9.0084390595111e-06,0.4332042506762913,0.5344738526777788
primary,0,101,1e-05,43,301,8.961267311259668e-06,0.39582936678613934,0.5348875161373254
primary,0,101,1e-05,44,308,8.913130516324733e-06,0.5602595231362751,0.5349771326238458
primary,0,101,1e-05,45,315,8.864040551740158e-06,0.47251798638275694,0.5353218425403942
primary,0,101,1e-05,46,322,8.814009529720155e-06,0.37390438839793205,0.5356434330795751
primary,0,101,1e-05,47,329,8.763049794670776e-06,0.3893652952143124,0.5366929372151693
primary,0,101,1e-05,48,336,8.711173920144118e-06,0.44513046741485596,0.5379682020707564
primary,0,101,1e-05,49,343,8.658394705735988e-06,0.40912361655916485,0.5394589684226296
primary,0,101,1e-05,50,350,8.604725173927786e-06,0.38343984527247293,0.5388576334173029
primary,0,101,1e-05,51,357,8.550178566873412e-06,0.37449037097394466,0.5375112186778676
primary,0,101,1e-05,52,364,8.494768343131955e-06,0.3701963372794645,0.5357270096287583
primary,0,101,1e-05,53,371,8.43850817434701e-06,0.42080756596156527,0.5348243713378906
primary,0,101,1e-05,54,378,8.381411941873379e-06,0.3783334083855152,0.5346447337757457
primary,0,101,1e-05,55,385,8.323493733352078e-06,0.5868356504610607,0.5340555942419803
primary,0,101,1e-05,56,392,8.26476783923441e-06,0.42186748555728365,0.5340872099905303
primary,0,101,1e-05,57,399,8.205248749256014e-06,0.37235846403720124,0.533595981019916
primary,0,101,1e-05,58,406,8.144951148861743e-06,0.3805409258763705,0.5336738644224225
primary,0,101,1e-05,59,413,8.083889915582235e-06,0.620000788143703,0.5334548950195312
primary,0,101,1e-05,60,420,8.022080115363127e-06,0.3910982757806778,0.5337235421845408
primary,0,101,0.0001,1,7,0.0001,0.3985391318398927,0.5291290283203125
primary,0,101,0.0001,2,14,9.99938933078422e-05,0.39687112239854677,0.5286282915057559
primary,0,101,0.0001,3,21,9.997557473810373e-05,0.4081359622733934,0.5349504586422082
primary,0,101,0.0001,4,28,9.994504881061753e-05,0.37010736763477325,0.5394995718291311
primary,0,101,0.0001,5,35,9.990232305719945e-05,0.37557985314301084,0.533569827224269
primary,0,101,0.0001,6,42,9.984740801978984e-05,0.41307337156363894,0.5339037288318981
primary,0,101,0.0001,7,49,9.978031724785247e-05,0.37780081587178366,0.5405221707893141
primary,0,101,0.0001,8,56,9.97010672950314e-05,0.38671581766435076,0.5311638514200846
primary,0,101,0.0001,9,63,9.960967771506667e-05,0.3859917106372969,0.5401766516945579
primary,0,101,0.0001,10,70,9.95061710569696e-05,0.35835184901952744,0.5370116667314009
primary,0,101,0.0001,11,77,9.939057285945933e-05,0.41339961758681704,0.5226204323046135
primary,0,101,0.0001,12,84,9.926291164466132e-05,0.3803020864725113,0.5208893978234493
primary,0,101,0.0001,13,91,9.91232189110701e-05,0.47178477474621366,0.5360565474539092
primary,0,101,0.0001,14,98,9.897152912577741e-05,0.3939111275332315,0.5424833008737275
primary,0,101,0.0001,15,105,9.8807879715968e-05,0.39441175545964924,0.5179971926140062
primary,0,101,0.0001,16,112,9.8632311059685e-05,0.35779457802086007,0.5170494426380504
primary,0,101,0.0001,17,119,9.844486647586725e-05,0.593507707118988,0.525937658367735
primary,0,101,0.0001,18,126,9.824559221366101e-05,0.35824101311819895,0.5196588111646248
primary,0,101,0.0001,19,133,9.803453744100869e-05,0.36992394072668894,0.5152609854033499
primary,0,101,0.0001,20,140,9.781175423251735e-05,0.7064210580927985,0.5344934463500977
primary,0,101,0.0001,21,147,9.757729755661011e-05,0.35462104954889845,0.5105531865900214
primary,0,101,0.0001,22,154,9.73312252619635e-05,0.4914553037711552,0.5139461286140211
primary,0,101,0.0001,23,161,9.707359806323417e-05,0.3352954706975392,0.5242699709805575
primary,0,101,0.0001,24,168,9.680447952607845e-05,0.3587347226483481,0.5070286664095792
primary,0,101,0.0001,25,175,9.652393605146844e-05,0.39383511670998167,0.503023320978338
primary,0,101,0.0001,26,182,9.623203685930869e-05,0.31968661823443006,0.5029543096368964
primary,0,101,0.0001,27,189,9.592885397135707e-05,0.3325889727899006,0.49935520056522253
primary,0,101,0.0001,28,196,9.561446219345454e-05,0.3553334431988852,0.4977500221946023
primary,0,101,0.0001,29,203,9.528893909706797e-05,0.332174939768655,0.4981347286339962
primary,0,101,0.0001,30,210,9.495236500015047e-05,0.33950139582157135,0.49943244818485144
primary,0,101,0.0001,31,217,9.460482294732421e-05,0.28901460354349445,0.5001569227738814
primary,0,101,0.0001,32,224,9.424639868939033e-05,0.2888135649408241,0.5026430939183091
primary,0,101,0.0001,33,231,9.387718066217124e-05,0.33229825113500866,0.5147097905476888
primary,0,101,0.0001,34,238,9.349725996469047e-05,0.2885678737823452,0.5022629535559452
primary,0,101,0.0001,35,245,9.310673033669521e-05,0.27891498194575043,0.5223899321122603
primary,0,101,0.0001,36,252,9.270568813552756e-05,0.346974997648171,0.5100104881055427
primary,0,101,0.0001,37,259,9.229423231234974e-05,0.27387114827122006,0.5304056803385416
primary,0,101,0.0001,38,266,9.187246438772939e-05,0.2899309865065983,0.5179426019841974
primary,0,101,0.0001,39,273,9.14404884265908e-05,0.26950060699268114,0.5359578277125503
primary,0,101,0.0001,40,280,9.099841101253866e-05,0.2672707559540868,0.5322693911465731
primary,0,101,0.0001,41,287,9.05463412215599e-05,0.26106893164770945,0.5309672211155747
primary,0,101,0.0001,42,294,9.0084390595111e-05,0.2947468417031424,0.5397917429606119
primary,0,101,0.0001,43,301,8.961267311259666e-05,0.23576369352771767,0.5401293725678415
primary,0,101,0.0001,44,308,8.913130516324733e-05,0.3648458059344973,0.5496765772501627
primary,0,101,0.0001,45,315,8.864040551740158e-05,0.24619264155626297,0.5510303323919122
primary,0,101,0.0001,46,322,8.814009529720155e-05,0.2702818981238774,0.5834815863407019
primary,0,101,0.0001,47,329,8.763049794670775e-05,0.24118313831942423,0.5603826985214696
primary,0,101,0.0001,48,336,8.711173920144117e-05,0.23094783310911485,0.6134897578846324
primary,0,101,0.0001,49,343,8.658394705735987e-05,0.20697541588119098,0.5742739475134647
primary,0,101,0.0001,50,350,8.604725173927785e-05,0.2660004326275417,0.6028997825853752
primary,0,101,0.0001,51,357,8.55017856687341e-05,0.2078586598592145,0.5919609647808652
primary,0,101,0.0001,52,364,8.494768343131955e-05,0.21801093433584487,0.5973372025923296
primary,0,101,0.0001,53,371,8.438508174347009e-05,0.22844671378178255,0.578098557212136
primary,0,101,0.0001,54,378,8.381411941873378e-05,0.2102004618250898,0.6369393666585287
primary,0,101,0.0001,55,385,8.323493733352077e-05,0.30167603492736816,0.6008428515809955
primary,0,101,0.0001,56,392,8.26476783923441e-05,0.29161995542900904,0.5896479288736979
primary,0,101,0.0001,57,399,8.205248749256015e-05,0.23519855977169105,0.5775093309807054
primary,0,101,0.0001,58,406,8.144951148861742e-05,0.20240644897733415,0.5665814370820017
primary,0,101,0.001,1,7,0.001,0.464270831884018,0.5522874196370443
primary,0,101,0.001,2,14,0.000999938933078422,0.4103590662458113,0.5589732256802645
primary,0,101,0.001,3,21,0.0009997557473810372,0.4494507483073643,0.5981658877748431
primary,0,101,0.001,4,28,0.0009994504881061753,0.41039519384503365,0.5158472350149443
primary,0,101,0.001,5,35,0.0009990232305719944,0.3783426433801651,0.5115530707619407
primary,0,101,0.001,6,42,0.0009984740801978985,0.3999390389238085,0.5642151688084458
primary,0,101,0.001,7,49,0.0009978031724785245,0.36617208112563404,0.4969851753928445
primary,0,101,0.001,8,56,0.000997010672950314,0.3423406295478344,0.520606416644472
primary,0,101,0.001,9,63,0.0009960967771506667,0.37712993792125155,0.5661202922011866
primary,0,101,0.001,10,70,0.000995061710569696,0.3517626555902617,0.5398375482270212
primary,0,101,0.001,11,77,0.0009939057285945933,0.3709496429988316,0.48100292321407434
primary,0,101,0.001,12,84,0.000992629116446613,0.32579019612499643,0.5245516805937795
primary,0,101,0.001,13,91,0.000991232189110701,0.3354360780545643,0.4686045791163589
primary,0,101,0.001,14,98,0.0009897152912577741,0.3415407006229673,0.4760325460722952
primary,0,101,0.001,15,105,0.00098807879715968,0.28954142864261356,0.47316048362038354
primary,0,101,0.001,16,112,0.00098632311059685,0.3329928091594151,0.6131735714999113
primary,0,101,0.001,17,119,0.0009844486647586723,0.33410790136882235,0.5052471160888672
primary,0,101,0.001,18,126,0.00098245592213661,0.2645892511521067,0.4693363074100379
primary,0,101,0.001,19,133,0.0009803453744100868,0.3096354901790619,0.5646047881155303
primary,0,101,0.001,20,140,0.0009781175423251734,0.4555540957621166,0.4606684482458866
primary,0,101,0.001,21,147,0.0009757729755661011,0.24622869065829686,0.604592987985322
primary,0,101,0.001,22,154,0.0009733122526196349,0.28850964762802633,0.5475223714655096
primary,0,101,0.001,23,161,0.0009707359806323416,0.2306495408660599,0.5567754398692738
primary,0,101,0.001,24,168,0.0009680447952607845,0.3011540174484253,0.8856147997307054
primary,0,101,0.001,25,175,0.0009652393605146844,0.41189557526792797,0.4963649980949633
primary,0,101,0.001,26,182,0.000962320368593087,0.28915501811674665,0.46597830454508465
primary,0,101,0.001,27,189,0.0009592885397135706,0.21685667123113359,0.5409840381506718
primary,0,101,0.001,28,196,0.0009561446219345453,0.22717929631471634,0.5180419864076556
primary,0,101,0.001,29,203,0.0009528893909706797,0.22411719071013586,0.48694052840724134
primary,0,101,0.001,30,210,0.0009495236500015047,0.17299166853938783,0.5195425495956884
primary,0,101,0.001,31,217,0.0009460482294732421,0.1800600486167241,0.4601744160507665
primary,0,101,0.001,32,224,0.0009424639868939033,0.1696267564381872,0.4958092082630504
primary,0,101,0.001,33,231,0.0009387718066217125,0.14751097985676356,0.4661046519423976
primary,0,101,0.001,34,238,0.0009349725996469047,0.115090486626806,0.49517897403601446
primary,0,101,0.001,35,245,0.0009310673033669522,0.09268920708979879,0.5282437295624705
primary,0,101,0.001,36,252,0.0009270568813552756,0.14318774214812688,0.569878202496153
primary,0,101,0.001,37,259,0.0009229423231234975,0.1250173688999244,0.4884394154404149
primary,0,101,0.001,38,266,0.0009187246438772938,0.12255093175917864,0.4798225923018022
primary,0,101,0.001,39,273,0.0009144048842659081,0.09275163404111351,0.5323599035089667
primary,0,101,0.001,40,280,0.0009099841101253866,0.10406000167131424,0.4842466874556108
primary,0,101,0.001,41,287,0.000905463412215599,0.12097716118608202,0.4688874157992276
primary,0,101,0.001,42,294,0.0009008439059511099,0.1083013511129788,0.5418193990534003
primary,0,101,0.001,43,301,0.0008961267311259666,0.11805768908899543,0.47870320984811493
primary,0,101,0.001,44,308,0.0008913130516324732,0.12371701268213135,0.47909490989916254
primary,0,101,0.001,45,315,0.0008864040551740157,0.09695768994944436,0.5053867282289447
primary,0,101,0.001,46,322,0.0008814009529720154,0.09960258170031011,0.6442087346857245
primary,0,101,0.001,47,329,0.0008763049794670775,0.20605730265378952,0.4581182942245946
primary,0,101,0.001,48,336,0.0008711173920144117,0.13934498493160521,0.4967751069502397
primary,0,101,0.001,49,343,0.0008658394705735987,0.10112544554950935,0.5478150338837595
primary,0,101,0.001,50,350,0.0008604725173927785,0.16033507138490677,0.5375055544304125
primary,0,101,0.001,51,357,0.000855017856687341,0.13175604250448356,0.5567413965861002
primary,0,101,0.001,52,364,0.0008494768343131955,0.14112741676347337,0.5927577163233901
primary,0,101,0.001,53,371,0.0008438508174347009,0.1491680504808041,0.5027851624922319
primary,0,101,0.001,54,378,0.0008381411941873378,0.09774727672421639,0.49376302776914655
primary,0,101,0.001,55,385,0.0008323493733352077,0.09057531822639119,0.529891418688225
primary,0,101,0.001,56,392,0.000826476783923441,0.11271029710769653,0.5146990400372129
primary,0,101,0.001,57,399,0.0008205248749256015,0.07471998006388146,0.5094109737511837
primary,0,101,0.001,58,406,0.0008144951148861742,0.08474523228194032,0.5139074325561523
primary,0,101,0.001,59,413,0.0008083889915582234,0.10539828107825347,0.5111340898455996
primary,0,101,0.001,60,420,0.0008022080115363127,0.09156289749911853,0.5073834043560606
primary,0,101,0.001,61,427,0.0007959536998847743,0.0807401489998613,0.48936002904718573
primary,0,101,0.001,62,434,0.0007896275997614229,0.0601493648926927,0.5149611559781161
primary,0,101,0.001,63,441,0.0007832312720368048,0.06814081235123533,0.5082871119181315
primary,0,101,0.001,64,448,0.0007767662949090753,0.0934610954884972,0.5165812463471384
primary,0,101,0.001,65,455,0.0007702342635146033,0.07993956575436252,0.4936239936135032
primary,0,101,0.001,66,462,0.0007636367895343947,0.07907883982573237,0.5026935230601918
primary,0,101,0.001,67,469,0.0007569755007964338,0.06492276197033268,0.47608433347759826
primary,0,101,0.001,68,476,0.0007502520408740418,0.06921263518077987,0.527326554963083
primary,0,101,0.001,69,483,0.000743468068680349,0.08413642086088657,0.5223818692294034
primary,0,101,0.001,70,490,0.0007366252580589839,0.06301699784983482,0.5252184145378344
primary,0,101,0.001,71,497,0.0007297252973710757,0.05082900635898113,0.5459966659545898
primary,0,101,0.001,72,504,0.0007227698890786779,0.07040997514767307,0.5298317995938387
primary,0,101,0.001,73,511,0.000715760749324711,0.08739975547151906,0.5418493964455344
primary,0,101,0.001,74,518,0.0007086996075095289,0.060035431840723116,0.5176406629157789
primary,0,101,0.001,75,525,0.0007015882058642164,0.040175938113991706,0.51221159732703
primary,0,101,0.001,76,532,0.0006944282990207195,0.040015081741980145,0.517391147035541
primary,0,101,0.001,77,539,0.0006872216535789157,0.06540079521281379,0.5249991272435044
primary,0,101,0.01,1,7,0.01,1.8827891094344003,11.651449752576424
primary,0,101,0.01,2,14,0.00999938933078422,2.945680624672345,0.613061269124349
primary,0,101,0.01,3,21,0.009997557473810372,0.9877228736877441,0.6064286665482954
primary,0,101,0.01,4,28,0.009994504881061753,0.4385542018072946,0.5757640780824603
primary,0,101,0.01,5,35,0.009990232305719944,0.4285174837069852,0.5404157349557588
primary,0,101,0.01,6,42,0.009984740801978984,0.42913080751895905,0.6638658118970466
primary,0,101,0.01,7,49,0.009978031724785246,0.43017684668302536,0.5478815309929125
primary,0,101,0.01,8,56,0.00997010672950314,0.3735441942034023,0.5886471777251272
primary,0,101,0.01,9,63,0.009960967771506667,0.3953197779400008,0.5767202088327119
primary,0,101,0.01,10,70,0.00995061710569696,0.39919846930674147,0.5615725950761274
primary,0,101,0.01,11,77,0.009939057285945933,0.424165210553578,0.5468737573334665
primary,0,101,0.01,12,84,0.00992629116446613,0.4014418187019016,0.5378429817430901
primary,0,101,0.01,13,91,0.00991232189110701,0.49129997406687054,0.5353297898263643
primary,0,101,0.01,14,98,0.00989715291257774,0.38174979175840107,0.5383493250066583
primary,0,101,0.01,15,105,0.0098807879715968,0.394347112093653,0.6284062067667643
primary,0,101,0.01,16,112,0.0098632311059685,0.37690640294126104,0.538016550468676
primary,0,101,0.01,17,119,0.009844486647586723,0.5936133350644793,0.5387067794799805
primary,0,101,0.01,18,126,0.0098245592213661,0.3772838528134993,0.5422964963045988
primary,0,101,0.01,19,133,0.009803453744100868,0.433075738804681,0.5434224677808357
primary,0,101,0.01,20,140,0.009781175423251734,0.7691934662205833,0.54731238972057
primary,0,101,0.01,21,147,0.009757729755661011,0.3742730094199942,0.5508353493430398
primary,0,101,0.01,22,154,0.009733122526196349,0.5324180913822991,0.5520032535899769
primary,0,101,0.01,23,161,0.009707359806323416,0.37599167972803116,0.5529577948830344
primary,0,101,0.01,24,168,0.009680447952607845,0.41221039635794504,0.550395358692516
primary,0,101,0.01,25,175,0.009652393605146845,0.40350633221013205,0.5456634868275035
primary,0,101,0.01,26,182,0.00962320368593087,0.375639235334737,0.5398558125351415
primary,0,101,0.01,27,189,0.009592885397135707,0.4057516072477613,0.5360330523866595
primary,0,101,0.01,28,196,0.009561446219345454,0.3735989354318008,0.5340952150749437
primary,0,101,0.01,29,203,0.009528893909706798,0.4092835102762495,0.533418539798621
primary,0,101,0.01,30,210,0.009495236500015047,0.40312687839780537,0.5316592996770685
primary,0,101,0.01,31,217,0.00946048229473242,0.37737102141337736,0.5310860547152433
primary,0,101,0.01,32,224,0.009424639868939034,0.37614062569212237,0.5317873232292406
primary,0,101,0.01,33,231,0.009387718066217124,0.49443691968917847,0.5341450662323923
primary,0,101,0.01,34,238,0.009349725996469048,0.3786729382617133,0.5388386755278616
primary,0,101,0.01,35,245,0.00931067303366952,0.3891192813004766,0.5406550783099551
primary,0,101,0.01,36,252,0.009270568813552756,0.38269302248954773,0.5429838931921757
primary,0,101,0.01,37,259,0.009229423231234974,0.3732349243364297,0.5426776192405007
primary,0,101,0.01,38,266,0.009187246438772938,0.4132933829511915,0.5422552282159979
primary,0,101,0.01,39,273,0.009144048842659082,0.3944374620914459,0.5388330112804066
primary,0,101,0.01,40,280,0.009099841101253866,0.37649171746202875,0.5357989686908144
primary,0,101,0.01,41,287,0.00905463412215599,0.3907807990908623,0.5345174327041163
primary,0,101,0.01,42,294,0.0090084390595111,0.4550094859940665,0.53404290748365
primary,0,101,0.01,43,301,0.008961267311259666,0.3874213088835989,0.53601412339644
primary,0,101,0.01,44,308,0.008913130516324731,0.59140152909926,0.5370744647401752
primary,0,101,0.01,45,315,0.008864040551740157,0.4483727642468044,0.5404064583055901
primary,0,101,0.01,46,322,0.008814009529720154,0.3740073700568506,0.5443738590587269
primary,0,101,0.01,47,329,0.008763049794670776,0.3742636977029698,0.5465940417665424
primary,0,101,0.01,48,336,0.008711173920144118,0.43481898307800293,0.5479502244429155
primary,0,101,0.01,49,343,0.008658394705735987,0.41482022191796986,0.5496045892888849
primary,0,101,0.01,50,350,0.008604725173927784,0.3852795160242489,0.5469019340746331
primary,0,101,0.01,51,357,0.00855017856687341,0.37497993824737413,0.5442199129046816
primary,0,101,0.01,52,364,0.008494768343131955,0.3752477022686175,0.5418838154185902
primary,0,101,0.01,53,371,0.00843850817434701,0.4038626253604889,0.5415083567301432
primary,0,101,0.01,54,378,0.008381411941873378,0.3749336501849549,0.543518759987571
primary,0,101,0.01,55,385,0.008323493733352076,0.5856793756995883,0.544067180517948
primary,0,101,0.01,56,392,0.008264767839234409,0.4124263950756618,0.5455506064675071
primary,0,101,0.01,57,399,0.008205248749256015,0.37394226625162574,0.5436203118526575
primary,0,101,0.01,58,406,0.008144951148861742,0.3748711410111615,0.5426719549930457
primary,0,101,0.01,59,413,0.008083889915582234,0.6536056314195905,0.5419778823852539
primary,0,101,0.01,60,420,0.008022080115363126,0.38342434061425074,0.5434995420051344
primary,0,101,0.01,61,427,0.007959536998847744,0.5903824312346322,0.5426719549930457
primary,1,101,1e-05,1,6,1e-05,0.521134689450264,0.6118857065836588
primary,1,101,1e-05,2,12,9.99938933078422e-06,0.5131961057583491,0.5982454762314305
primary,1,101,1e-05,3,18,9.997557473810373e-06,0.48320502042770386,0.586316628889604
primary,1,101,1e-05,4,24,9.994504881061752e-06,0.4857430160045624,0.5750729242960612
primary,1,101,1e-05,5,30,9.990232305719944e-06,0.47385972489913303,0.5667860435717034
primary,1,101,1e-05,6,36,9.984740801978984e-06,0.4748748739560445,0.5602062976721561
primary,1,101,1e-05,7,42,9.978031724785247e-06,0.47815868506828946,0.5556737437392726
primary,1,101,1e-05,8,48,9.97010672950314e-06,0.4891115228335063,0.5523125619599314
primary,1,101,1e-05,9,54,9.960967771506666e-06,0.4757223029931386,0.5497583620476
primary,1,101,1e-05,10,60,9.950617105696961e-06,0.48370549579461414,0.5463063211152048
primary,1,101,1e-05,11,66,9.939057285945933e-06,0.4828876256942749,0.5448882652051521
primary,1,101,1e-05,12,72,9.926291164466131e-06,0.48390283683935803,0.5437107953158292
primary,1,101,1e-05,13,78,9.91232189110701e-06,0.4803205778201421,0.5426515232432972
primary,1,101,1e-05,14,84,9.897152912577742e-06,0.48268688718477887,0.5414847460660067
primary,1,101,1e-05,15,90,9.8807879715968e-06,0.48870157450437546,0.5413038080388849
primary,1,101,1e-05,16,96,9.8632311059685e-06,0.4737403591473897,0.5405024326208866
primary,1,101,1e-05,17,102,9.844486647586724e-06,0.4773890475432078,0.5390789436571526
primary,1,101,1e-05,18,108,9.824559221366101e-06,0.48350731531778973,0.539154052734375
primary,1,101,1e-05,19,114,9.803453744100868e-06,0.472979595263799,0.5390580784190785
primary,1,101,1e-05,20,120,9.781175423251734e-06,0.4585285286108653,0.5393156571821733
primary,1,101,1e-05,21,126,9.757729755661012e-06,0.46745539208253223,0.5389695890022047
primary,1,101,1e-05,22,132,9.73312252619635e-06,0.47887160380681354,0.5403571273341323
primary,1,101,1e-05,23,138,9.707359806323418e-06,0.4826916108528773,0.5401009357336796
primary,1,101,1e-05,24,144,9.680447952607845e-06,0.4698447932799657,0.5410930749141809
primary,1,101,1e-05,25,150,9.652393605146845e-06,0.4772006074587504,0.5419607451467803
primary,1,101,1e-05,26,156,9.62320368593087e-06,0.4722685068845749,0.542062470407197
primary,1,101,1e-05,27,162,9.592885397135707e-06,0.46919984618822735,0.5418441367871834
primary,1,101,1e-05,28,168,9.561446219345455e-06,0.4769328186909358,0.5414972883282285
primary,1,101,1e-05,29,174,9.528893909706798e-06,0.47272514303525287,0.540686983050722
primary,1,101,1e-05,30,180,9.495236500015048e-06,0.46998660266399384,0.539746717973189
primary,1,101,1e-05,31,186,9.460482294732422e-06,0.4749002406994502,0.5397873213796904
primary,1,101,1e-05,32,192,9.424639868939035e-06,0.463409091035525,0.5389397939046224
primary,1,101,1e-05,33,198,9.387718066217125e-06,0.4719826678435008,0.5388090249263879
primary,1,101,1e-05,34,204,9.349725996469047e-06,0.47624420871337253,0.5384278730912642
primary,1,101,1e-05,35,210,9.310673033669522e-06,0.4665582279364268,0.5384722622958097
primary,1,101,1e-05,36,216,9.270568813552757e-06,0.4823473741610845,0.5389681151418975
primary,1,101,1e-05,37,222,9.229423231234975e-06,0.47463949024677277,0.5393672422929243
primary,1,101,1e-05,38,228,9.18724643877294e-06,0.48847807943820953,0.5396376812096798
primary,1,101,1e-05,39,234,9.144048842659081e-06,0.48355505367120105,0.5402511538881244
primary,1,101,1e-05,40,240,9.099841101253867e-06,0.4541610578695933,0.5411353255763198
primary,1,101,1e-05,41,246,9.054634122155991e-06,0.4637618015209834,0.5406376809784861
primary,1,101,1e-05,42,252,9.0084390595111e-06,0.4591764857371648,0.5402801398074988
primary,1,101,1e-05,43,258,8.961267311259668e-06,0.4736834267775218,0.5402430621060458
primary,1,101,1e-05,44,264,8.913130516324733e-06,0.48189709583918255,0.5403451919555664
primary,1,101,1e-05,45,270,8.864040551740158e-06,0.47442274043957394,0.5408186190056078
primary,1,101,1e-05,46,276,8.814009529720155e-06,0.4735933889945348,0.5408312768647165
primary,1,101,1e-05,47,282,8.763049794670776e-06,0.4677140861749649,0.541183818470348
primary,1,101,1e-05,48,288,8.711173920144118e-06,0.47039193908373517,0.5395717909841826
primary,1,101,1e-05,49,294,8.658394705735988e-06,0.4581780210137367,0.5385872522989908
primary,1,101,1e-05,50,300,8.604725173927786e-06,0.4676944961150487,0.5383795535925663
primary,1,101,1e-05,51,306,8.550178566873412e-06,0.470737099647522,0.5389274250377308
primary,1,101,1e-05,52,312,8.494768343131955e-06,0.46560855209827423,0.5382332657322739
primary,1,101,1e-05,53,318,8.43850817434701e-06,0.4807690928379695,0.5385713288278291
primary,1,101,1e-05,54,324,8.381411941873379e-06,0.46647511919339496,0.5377429037383108
primary,1,101,1e-05,55,330,8.323493733352078e-06,0.4756459444761276,0.5372028061837861
primary,1,101,1e-05,56,336,8.26476783923441e-06,0.4749738524357478,0.5374117475567441
primary,1,101,1e-05,57,342,8.205248749256014e-06,0.46066713829835254,0.5369738087509618
primary,1,101,1e-05,58,348,8.144951148861743e-06,0.47312409865359467,0.5358240243160364
primary,1,101,1e-05,59,354,8.083889915582235e-06,0.4805605784058571,0.5345865307432233
primary,1,101,1e-05,60,360,8.022080115363127e-06,0.44599773238102597,0.5334488839814158
primary,1,101,1e-05,61,366,7.959536998847744e-06,0.4625354086359342,0.5333410898844401
primary,1,101,1e-05,62,372,7.89627599761423e-06,0.4684605325261752,0.5331522045713483
primary,1,101,1e-05,63,378,7.832312720368048e-06,0.46300296982129413,0.533433943083792
primary,1,101,1e-05,64,384,7.767662949090754e-06,0.4728955229123433,0.5335531234741211
primary,1,101,1e-05,65,390,7.702342635146033e-06,0.4554600516955058,0.5340530222112482
primary,1,101,1e-05,66,396,7.636367895343947e-06,0.46423691014448804,0.5343615503022165
primary,1,101,1e-05,67,402,7.5697550079643376e-06,0.47213789572318393,0.5344457337350557
primary,1,101,1e-05,68,408,7.502520408740418e-06,0.4744208554426829,0.5350278796571674
primary,1,101,1e-05,69,414,7.43468068680349e-06,0.46350225806236267,0.5354583335645271
primary,1,101,1e-05,70,420,7.366252580589839e-06,0.4766918470462163,0.535942655621153
primary,1,101,1e-05,71,426,7.297252973710756e-06,0.4765170117219289,0.5355020580869733
primary,1,101,1e-05,72,432,7.227698890786779e-06,0.473921204606692,0.5351242296623461
primary,1,101,1e-05,73,438,7.15760749324711e-06,0.4838331987460454,0.5356886314623284
primary,1,101,1e-05,74,444,7.086996075095289e-06,0.46062057713667554,0.5364240877556078
primary,1,101,1e-05,75,450,7.015882058642164e-06,0.4737838680545489,0.5368118575125029
primary,1,101,1e-05,76,456,6.9442829902071945e-06,0.4839191287755966,0.5362274285518762
primary,1,101,1e-05,77,462,6.8722165357891564e-06,0.4680594305197398,0.5365736990263967
primary,1,101,1e-05,78,468,6.799700476707323e-06,0.4751309057076772,0.5360235445427172
primary,1,101,1e-05,79,474,6.726752705214193e-06,0.4645729660987854,0.5351326104366418
primary,1,101,1e-05,80,480,6.65339122008084e-06,0.46617115288972855,0.5346224235765862
primary,1,101,1e-05,81,486,6.57963412215599e-06,0.46083564807971317,0.5332485834757487
primary,1,101,1e-05,82,492,6.505499609899905e-06,0.45437828203042346,0.5333313508467241
primary,1,101,1e-05,83,498,6.431005974894185e-06,0.46641571819782257,0.532698139999852
primary,1,101,1e-05,84,504,6.356171597328595e-06,0.47035300483306247,0.5320903315688624
primary,1,101,1e-05,85,510,6.28101494146603e-06,0.46411343415578205,0.5313446160518762
primary,1,101,1e-05,86,516,6.205554551086732e-06,0.47382649779319763,0.5317565455581202
primary,1,101,1e-05,87,522,6.129809044912887e-06,0.4653225739796956,0.5319145087039832
primary,1,101,1e-05,88,528,6.053797112014738e-06,0.45742884278297424,0.5323520429206617
primary,1,101,1e-05,89,534,5.977537507199338e-06,0.4610774392882983,0.53236672372529
primary,1,101,1e-05,90,540,5.901049046383077e-06,0.46793166299661,0.5327509388779149
primary,1,101,1e-05,91,546,5.824350601949143e-06,0.45564310252666473,0.5327603022257487
primary,1,101,1e-05,92,552,5.7474610980910354e-06,0.45966645578543347,0.5325848550507517
primary,1,101,1e-05,93,558,5.6703995061433075e-06,0.46007126818100613,0.5327774105650006
primary,1,101,1e-05,94,564,5.5931848399006745e-06,0.4601817677418391,0.5320538318518436
primary,1,101,1e-05,95,570,5.515836150926646e-06,0.46389175951480865,0.531940373507413
primary,1,101,1e-05,96,576,5.438372523852833e-06,0.47140851120154065,0.5319578575365471
primary,1,101,1e-05,97,582,5.360813071670101e-06,0.4698747396469116,0.5319461244525332
primary,1,101,1e-05,98,588,5.283176931012731e-06,0.47019846240679425,0.5317997498945757
primary,1,101,1e-05,99,594,5.205483257436735e-06,0.46948139121135074,0.5315804337010239
primary,1,101,1e-05,100,600,5.127751220693512e-06,0.4722335785627365,0.5323881669477983
primary,1,101,1e-05,101,606,5.05e-06,0.4633605405688286,0.5329058098070549
primary,1,101,1e-05,102,612,4.972248779306488e-06,0.47071537872155506,0.5330431678078391
primary,1,101,1e-05,103,618,4.8945167425632645e-06,0.4656254251797994,0.5328470865885416
primary,1,101,1e-05,104,624,4.816823068987269e-06,0.4729587485392888,0.5323137514518969
primary,1,101,1e-05,105,630,4.7391869283298985e-06,0.4574199914932251,0.5321512222290039
primary,1,101,1e-05,106,636,4.661627476147168e-06,0.4679116755723953,0.532339385061553
primary,1,101,1e-05,107,642,4.584163849073354e-06,0.4611218124628067,0.5324343768033114
primary,1,101,1e-05,108,648,4.506815160099326e-06,0.47053633630275726,0.5327727577903054
primary,1,101,1e-05,109,654,4.429600493856694e-06,0.45947213222583133,0.5324004780162465
primary,1,101,1e-05,110,660,4.352538901908967e-06,0.4491109922528267,0.5318824016686642
primary,1,101,1e-05,111,666,4.275649398050858e-06,0.45669595897197723,0.5315797690189246
primary,1,101,1e-05,112,672,4.198950953616922e-06,0.4608401954174042,0.5313129136056611
primary,1,101,1e-05,113,678,4.122462492800663e-06,0.4602336535851161,0.5311704693418561
primary,1,101,1e-05,114,684,4.046202887985263e-06,0.4746461659669876,0.5309650247747247
primary,1,101,1e-05,115,690,3.970190955087116e-06,0.4623267898956935,0.5306897018895005
primary,1,101,1e-05,116,696,3.894445448913268e-06,0.4538208097219467,0.5299872196081913
primary,1,101,1e-05,117,702,3.818985058533969e-06,0.4709371378024419,0.5294090328794537
primary,1,101,1e-05,118,708,3.7438284026714044e-06,0.4664890170097351,0.5291794285629735
primary,1,101,1e-05,119,714,3.6689940251058153e-06,0.46711396674315137,0.5292439027266069
primary,1,101,1e-05,120,720,3.594500390100096e-06,0.46279144783814746,0.5292274590694543
primary,1,101,1e-05,121,726,3.5203658778440116e-06,0.4625465472539266,0.5299577424020478
primary,1,101,1e-05,122,732,3.4466087799191603e-06,0.44926075140635174,0.5299740415630918
primary,1,101,1e-05,123,738,3.3732472947858077e-06,0.4613165482878685,0.5302547108043324
primary,1,101,1e-05,124,744,3.300299523292678e-06,0.4510137438774109,0.5300302794485381
primary,1,101,1e-05,125,750,3.227783464210845e-06,0.4652825991312663,0.5298605254202178
primary,1,101,1e-05,126,756,3.155717009792807e-06,0.454140841960907,0.5297097003821171
primary,1,101,1e-05,127,762,3.0841179413578354e-06,0.4608875811100006,0.5294282797611121
primary,1,101,1e-05,128,768,3.0130039249047117e-06,0.45580684145291644,0.5298057902943004
primary,1,101,1e-05,129,774,2.9423925067528904e-06,0.4524566779534022,0.5297388018983783
primary,1,101,1e-05,130,780,2.87230110921322e-06,0.4721876656015714,0.529529484835538
primary,1,101,1e-05,131,786,2.8027470262892435e-06,0.4629858285188675,0.5296376835216176
primary,1,101,1e-05,132,792,2.7337474194101625e-06,0.45787538091341656,0.5291432756366152
primary,1,101,1e-05,133,798,2.6653193131965085e-06,0.46370937923590344,0.5287646958322236
primary,1,101,1e-05,134,804,2.5974795912595824e-06,0.45615412046511966,0.5283726778897372
primary,1,101,1e-05,135,810,2.530244992035662e-06,0.4534449229637782,0.5284442034634677
primary,1,101,1e-05,136,816,2.4636321046560533e-06,0.4466225951910019,0.5283303116307114
primary,1,101,1e-05,137,822,2.3976573648539653e-06,0.4490914096434911,0.5281946297847864
primary,1,101,1e-05,138,828,2.332337050909247e-06,0.4646749297777812,0.5280409148245147
primary,1,101,1e-05,139,834,2.267687279631953e-06,0.44944598774115246,0.5279075738155481
primary,1,101,1e-05,140,840,2.2037240023857708e-06,0.4545443852742513,0.5280279968724106
primary,1,101,1e-05,141,846,2.1404630011522584e-06,0.4551661324997743,0.5278699759281043
primary,1,101,1e-05,142,852,2.0779198846368745e-06,0.46154921501874924,0.5275577487367572
primary,1,101,1e-05,143,858,2.0161100844177658e-06,0.45468982060750324,0.5275022911302971
primary,1,101,1e-05,144,864,1.9550488511382593e-06,0.46360168357690174,0.5273504835186582
primary,1,101,1e-05,145,870,1.894751250743986e-06,0.4514712740977605,0.5273952195138643
primary,1,101,1e-05,146,876,1.8352321607655916e-06,0.45180288950602215,0.5273920405994762
primary,1,101,1e-05,147,882,1.7765062666479242e-06,0.44925256073474884,0.5272841309056138
primary,1,101,1e-05,148,888,1.7185880581266217e-06,0.44528153787056607,0.527287685509884
primary,1,101,1e-05,149,894,1.6614918256529908e-06,0.45209988454977673,0.5270162640195905
primary,1,101,1e-05,150,900,1.6052316568680442e-06,0.45435533424218494,0.526798912973115
primary,1,101,1e-05,151,906,1.5498214331265902e-06,0.4688938359419505,0.5266695600567441
primary,1,101,1e-05,152,912,1.495274826072216e-06,0.46379421154658,0.5266377998120857
primary,1,101,1e-05,153,918,1.441605294264014e-06,0.4544966369867325,0.5265847119418058
primary,1,101,1e-05,154,924,1.3888260798558817e-06,0.45955724517504376,0.5266495906945431
primary,1,101,1e-05,155,930,1.3369502053292252e-06,0.4576406627893448,0.5268029588641543
primary,1,101,1e-05,156,936,1.285990470279847e-06,0.46004794041315716,0.526866305958141
primary,1,101,1e-05,157,942,1.2359594482598438e-06,0.4560474654038747,0.5269017075047349
primary,1,101,1e-05,158,948,1.1868694836752686e-06,0.46860700845718384,0.5271537087180398
primary,1,101,1e-05,159,954,1.1387326887403326e-06,0.4412321945031484,0.5271621761900006
primary,1,101,1e-05,160,960,1.0915609404889017e-06,0.4543875679373741,0.5272306095470082
primary,1,101,1e-05,161,966,1.0453658778440107e-06,0.46321823447942734,0.5272557229706736
primary,1,101,1e-05,162,972,1.0001588987461348e-06,0.4557189345359802,0.527232719190193
primary,1,101,1e-05,163,978,9.559511573409195e-07,0.4566226253906886,0.5272334994691791
primary,1,101,1e-05,164,984,9.127535612270632e-07,0.45057406028111774,0.5271933006517815
primary,1,101,1e-05,165,990,8.705767687650265e-07,0.4579413831233978,0.5272903442382812
primary,1,101,1e-05,166,996,8.294311864472448e-07,0.457217941681544,0.5272775996815074
primary,1,101,1e-05,167,1002,7.893269663304784e-07,0.45680202295382816,0.52725448030414
primary,1,101,1e-05,168,1008,7.50274003530953e-07,0.4594801217317581,0.527269392302542
primary,1,101,1e-05,169,1014,7.122819337828752e-07,0.45779211570819217,0.5272341641512784
primary,1,101,1e-05,170,1020,6.753601310609673e-07,0.4513668417930603,0.5272351178255948
primary,1,101,1e-05,171,1026,6.395177052675794e-07,0.45928265651067096,0.5272050915342389
primary,1,101,1e-05,172,1032,6.047634999849531e-07,0.4611770610014598,0.5271387100219727
primary,1,101,1e-05,173,1038,5.711060902932043e-07,0.4500550826390584,0.5270818074544271
primary,1,101,1e-05,174,1044,5.385537806545469e-07,0.46839169412851334,0.5270268122355143
primary,1,101,1e-05,175,1050,5.071146028642944e-07,0.457926611105601,0.5270117846402255
primary,1,101,1e-05,176,1056,4.7679631406913176e-07,0.4598590483268102,0.527030424638228
primary,1,101,1e-05,177,1062,4.4760639485315585e-07,0.45402349283297855,0.5270468682953806
primary,1,101,1e-05,178,1068,4.195520473921565e-07,0.4469669982790947,0.5270294998631333
primary,1,101,1e-05,179,1074,3.92640193676584e-07,0.44873131314913434,0.5270169287016897
primary,1,101,1e-05,180,1080,3.668774738036508e-07,0.455968514084816,0.5269764408920751
primary,1,101,1e-05,181,1086,3.4227024433899004e-07,0.45795712371667224,0.5269656903815992
primary,1,101,1e-05,182,1092,3.188245767482659e-07,0.4417545447746913,0.5269670197457978
primary,1,101,1e-05,183,1098,2.9654625589913237e-07,0.4518096347649892,0.5269418196244673
primary,1,101,0.0001,1,6,0.0001,0.499072569111983,0.5354231921109286
primary,1,101,0.0001,2,12,9.99938933078422e-05,0.4831782728433609,0.5323399341467655
primary,1,101,0.0001,3,18,9.997557473810373e-05,0.47746504843235016,0.5491193424571644
primary,1,101,0.0001,4,24,9.994504881061753e-05,0.479069044192632,0.5479760892463453
primary,1,101,0.0001,5,30,9.990232305719945e-05,0.4849306444327037,0.544099894436923
primary,1,101,0.0001,6,36,9.984740801978984e-05,0.474343108634154,0.5319203174475468
primary,1,101,0.0001,7,42,9.978031724785247e-05,0.4615883566439152,0.5317883925004439
primary,1,101,0.0001,8,48,9.97010672950314e-05,0.4654362003008525,0.5359598795572916
primary,1,101,0.0001,9,54,9.960967771506667e-05,0.4829147905111313,0.5435312444513495
primary,1,101,0.0001,10,60,9.95061710569696e-05,0.4796692704161008,0.5296509193651604
primary,1,101,0.0001,11,66,9.939057285945933e-05,0.45325372616449994,0.5322528318925337
primary,1,101,0.0001,12,72,9.926291164466132e-05,0.4691895395517349,0.5376560615770745
primary,1,101,0.0001,13,78,9.91232189110701e-05,0.4682985320687294,0.5313336054484049
primary,1,101,0.0001,14,84,9.897152912577741e-05,0.45615797738234204,0.5231451265739672
primary,1,101,0.0001,15,90,9.8807879715968e-05,0.46375298500061035,0.5249655752470999
primary,1,101,0.0001,16,96,9.8632311059685e-05,0.4553004453579585,0.5204686829538057
primary,1,101,0.0001,17,102,9.844486647586725e-05,0.45834119617938995,0.514814839218602
primary,1,101,0.0001,18,108,9.824559221366101e-05,0.45489077270030975,0.5168266585378936
primary,1,101,0.0001,19,114,9.803453744100869e-05,0.4316014101107915,0.5125313383160215
primary,1,101,0.0001,20,120,9.781175423251735e-05,0.432644950846831,0.506480072483872
primary,1,101,0.0001,21,126,9.757729755661011e-05,0.4408435473839442,0.49795832778468274
primary,1,101,0.0001,22,132,9.73312252619635e-05,0.42324144889911014,0.5190464366566051
primary,1,101,0.0001,23,138,9.707359806323417e-05,0.4419414947430293,0.4923796798243667
primary,1,101,0.0001,24,144,9.680447952607845e-05,0.4214351773262024,0.5209876840764825
primary,1,101,0.0001,25,150,9.652393605146844e-05,0.3964457189043363,0.4987169612537731
primary,1,101,0.0001,26,156,9.623203685930869e-05,0.4028599138061206,0.5026879166111802
primary,1,101,0.0001,27,162,9.592885397135707e-05,0.39661365499099094,0.5157280546246152
primary,1,101,0.0001,28,168,9.561446219345454e-05,0.3903391237060229,0.5103386387680516
primary,1,101,0.0001,29,174,9.528893909706797e-05,0.3920337309439977,0.5135172641638553
primary,1,101,0.0001,30,180,9.495236500015047e-05,0.3686799655357997,0.5219678011807528
primary,1,101,0.0001,31,186,9.460482294732421e-05,0.3693133021394412,0.5280645832870946
primary,1,101,0.0001,32,192,9.424639868939033e-05,0.36414356033007306,0.5241887352683328
primary,1,101,0.0001,33,198,9.387718066217124e-05,0.3761587242285411,0.5255300637447473
primary,1,101,0.0001,34,204,9.349725996469047e-05,0.35400377462307614,0.5237277926820697
primary,1,101,0.0001,35,210,9.310673033669521e-05,0.34376799563566846,0.5252451463179155
primary,1,101,0.0001,36,216,9.270568813552756e-05,0.3726761390765508,0.5281258496371183
primary,1,101,0.0001,37,222,9.229423231234974e-05,0.3301515430212021,0.5198898604421904
primary,1,101,0.0001,38,228,9.187246438772939e-05,0.31256873657306034,0.5528066808527167
primary,1,101,0.0001,39,234,9.14404884265908e-05,0.3476393520832062,0.5339832305908203
primary,1,101,0.0001,40,240,9.099841101253866e-05,0.3098841806252797,0.5401729525941791
primary,1,101,0.0001,41,246,9.05463412215599e-05,0.2904784133036931,0.531973578713157
primary,1,101,0.0001,42,252,9.0084390595111e-05,0.2893429100513458,0.5213484041618578
primary,1,101,0.0001,43,258,8.961267311259666e-05,0.28302596385280293,0.5136821920221503
primary,1,101,0.0001,44,264,8.913130516324733e-05,0.27448203414678574,0.5179489887121952
primary,1,101,0.0001,45,270,8.864040551740158e-05,0.28343409299850464,0.516953959609523
primary,1,101,0.0001,46,276,8.814009529720155e-05,0.2586701437830925,0.526557142084295
primary,1,101,0.0001,47,282,8.763049794670775e-05,0.26983718822399777,0.5184534824255741
primary,1,101,0.0001,48,288,8.711173920144117e-05,0.25296734645962715,0.5234397252400717
primary,1,101,0.0001,49,294,8.658394705735987e-05,0.24641084919373193,0.5301709319605972
primary,1,101,0.0001,50,300,8.604725173927785e-05,0.2251216657459736,0.5442383506081321
primary,1,101,0.0001,51,306,8.55017856687341e-05,0.22096223756670952,0.5455745061238607
primary,1,101,0.0001,52,312,8.494768343131955e-05,0.2330206831296285,0.5716565161040335
primary,1,101,0.0001,53,318,8.438508174347009e-05,0.23498314122358957,0.553558840896144
primary,1,101,0.001,1,6,0.001,0.5672854830821356,0.5328088240189985
primary,1,101,0.001,2,12,0.000999938933078422,0.49751612544059753,0.5401549194798325
primary,1,101,0.001,3,18,0.0009997557473810372,0.487062931060791,0.5212830341223514
primary,1,101,0.001,4,24,0.0009994504881061753,0.46763360997041065,0.5173511505126953
primary,1,101,0.001,5,30,0.0009990232305719944,0.49869289994239807,0.5355083292180841
primary,1,101,0.001,6,36,0.0009984740801978985,0.5272357910871506,0.49448969869902637
primary,1,101,0.001,7,42,0.0009978031724785245,0.4405129576722781,0.5069179534912109
primary,1,101,0.001,8,48,0.000997010672950314,0.4291631579399109,0.4722503026326497
primary,1,101,0.001,9,54,0.0009960967771506667,0.413280909260114,0.47805338194876007
primary,1,101,0.001,10,60,0.000995061710569696,0.38787443439165753,0.44967891230727686
primary,1,101,0.001,11,66,0.0009939057285945933,0.4489038785298665,0.69736960439971
primary,1,101,0.001,12,72,0.000992629116446613,0.4248836115002632,0.5077474478519324
primary,1,101,0.001,13,78,0.000991232189110701,0.3507131536801656,0.516729903943611
primary,1,101,0.001,14,84,0.0009897152912577741,0.36234375834465027,0.46393590984922467
primary,1,101,0.001,15,90,0.00098807879715968,0.3265043795108795,0.6110191923199277
primary,1,101,0.001,16,96,0.00098632311059685,0.3177964190642039,0.5338480111324426
primary,1,101,0.001,17,102,0.0009844486647586723,0.28848522156476974,0.4915495785799893
primary,1,101,0.001,18,108,0.00098245592213661,0.252047802011172,0.5071531064582594
primary,1,101,0.001,19,114,0.0009803453744100868,0.2599748472372691,0.4782535090590968
primary,1,101,0.001,20,120,0.0009781175423251734,0.21707017968098322,0.5870841344197592
primary,1,101,0.001,21,126,0.0009757729755661011,0.1883146452407042,0.4625561743071585
primary,1,101,0.001,22,132,0.0009733122526196349,0.19518586993217468,0.48629405281760474
primary,1,101,0.001,23,138,0.0009707359806323416,0.16387824093302092,0.5020789522113223
primary,1,101,0.001,24,144,0.0009680447952607845,0.15164121488730112,0.5410067529389353
primary,1,101,0.001,25,150,0.0009652393605146844,0.15618711275358996,0.494520158478708
primary,1,101,0.001,26,156,0.000962320368593087,0.12022360538442929,0.5065347209121241
primary,1,101,0.001,27,162,0.0009592885397135706,0.12019443387786548,0.44956120577725495
primary,1,101,0.001,28,168,0.0009561446219345453,0.07376232122381528,0.48219692345821497
primary,1,101,0.001,29,174,0.0009528893909706797,0.11841003596782684,0.45050508325750177
primary,1,101,0.001,30,180,0.0009495236500015047,0.1113024353981018,0.4878097013993697
primary,1,101,0.001,31,186,0.0009460482294732421,0.09956511855125427,0.4728653069698449
primary,1,101,0.001,32,192,0.0009424639868939033,0.11464222768942516,0.5135991356589578
primary,1,101,0.001,33,198,0.0009387718066217125,0.08704381560285886,0.49568254297429865
primary,1,101,0.001,34,204,0.0009349725996469047,0.09872504944602649,0.5001537727587151
primary,1,101,0.001,35,210,0.0009310673033669522,0.07013165081540744,0.48342935966722894
primary,1,101,0.001,36,216,0.0009270568813552756,0.08233259556194146,0.4907248814900716
primary,1,101,0.001,37,222,0.0009229423231234975,0.0996338240802288,0.5122191978223396
primary,1,101,0.001,38,228,0.0009187246438772938,0.08011818335702021,0.5424507603500829
primary,1,101,0.001,39,234,0.0009144048842659081,0.07470576216777165,0.5164422699899385
primary,1,101,0.001,40,240,0.0009099841101253866,0.06670383084565401,0.4688226237441554
primary,1,101,0.001,41,246,0.000905463412215599,0.08609182511766751,0.6087470199122573
primary,1,101,0.001,42,252,0.0009008439059511099,0.09604793973267078,0.4996935815522165
primary,1,101,0.001,43,258,0.0008961267311259666,0.052614063334961735,0.4901843215479995
primary,1,101,0.001,44,264,0.0008913130516324732,0.053949166710178055,0.4888779611298532
primary,1,101,0.001,45,270,0.0008864040551740157,0.0516173979267478,0.4943062753388376
primary,1,101,0.001,46,276,0.0008814009529720154,0.0590639573832353,0.4951380238388524
primary,1,101,0.001,47,282,0.0008763049794670775,0.049109535912672676,0.48089434883811255
primary,1,101,0.001,48,288,0.0008711173920144117,0.06995717249810696,0.5130507440278025
primary,1,101,0.001,49,294,0.0008658394705735987,0.08696499280631542,0.5692058621030865
primary,1,101,0.001,50,300,0.0008604725173927785,0.0857734742263953,0.47817533666437323
primary,1,101,0.001,51,306,0.000855017856687341,0.0627287079890569,0.47739095398873993
primary,1,101,0.001,52,312,0.0008494768343131955,0.05733080146213373,0.47168413798014325
primary,1,101,0.001,53,318,0.0008438508174347009,0.07807084048787753,0.5047734289458303
primary,1,101,0.001,54,324,0.0008381411941873378,0.061648571863770485,0.5082797137173739
primary,1,101,0.001,55,330,0.0008323493733352077,0.08867665256063144,0.4861841779766661
primary,1,101,0.001,56,336,0.000826476783923441,0.06417207357784112,0.5066236438173236
primary,1,101,0.001,57,342,0.0008205248749256015,0.06482264026999474,0.48667991522586707
primary,1,101,0.01,1,6,0.01,2.421946366628011,0.564799655567516
primary,1,101,0.01,2,12,0.00999938933078422,1.0535405327876408,1.4843975558425442
primary,1,101,0.01,3,18,0.009997557473810372,1.0914066135883331,0.7130271160241329
primary,1,101,0.01,4,24,0.009994504881061753,0.6492545157670975,0.5799235141638553
primary,1,101,0.01,5,30,0.009990232305719944,0.4903090223670006,0.5780647740219579
primary,1,101,0.01,6,36,0.009984740801978984,0.4876839965581894,0.56608416817405
primary,1,101,0.01,7,42,0.009978031724785246,0.5036848311622938,0.6061368711066969
primary,1,101,0.01,8,48,0.00997010672950314,0.49788030485312146,0.49809967387806287
primary,1,101,0.01,9,54,0.009960967771506667,0.4594340870777766,0.5614338210134795
primary,1,101,0.01,10,60,0.00995061710569696,0.4611346572637558,0.49684752839984314
primary,1,101,0.01,11,66,0.009939057285945933,0.429950013756752,0.48170023253469757
primary,1,101,0.01,12,72,0.00992629116446613,0.4454611837863922,0.4873529492002545
primary,1,101,0.01,13,78,0.00991232189110701,0.42556074758370716,0.5515365311593721
primary,1,101,0.01,14,84,0.00989715291257774,0.4515995929638545,0.5540311697757605
primary,1,101,0.01,15,90,0.0098807879715968,0.40371278921763104,0.575694633252693
primary,1,101,0.01,16,96,0.0098632311059685,0.45818472405274707,0.5042805238203569
primary,1,101,0.01,17,102,0.009844486647586723,0.4489474544922511,0.6524018085364139
primary,1,101,0.01,18,108,0.0098245592213661,0.5063516199588776,0.5111700404774059
primary,1,101,0.01,19,114,0.009803453744100868,0.43327487756808597,0.4915257945205226
primary,1,101,0.01,20,120,0.009781175423251734,0.43851880977551144,0.4938439166907108
primary,1,101,0.01,21,126,0.009757729755661011,0.4361878385146459,0.5516019589973219
primary,1,101,0.01,22,132,0.009733122526196349,0.5614718298117319,0.5262255813136245
primary,1,101,0.01,23,138,0.009707359806323416,0.4155532196164131,0.5288904074466589
primary,1,101,0.01,24,144,0.009680447952607845,0.44621990621089935,0.5065894560380415
primary,1,101,0.01,25,150,0.009652393605146845,0.494137408832709,0.6299838441790957
primary,1,101,0.01,26,156,0.00962320368593087,0.4232979069153468,0.5829632499001243
primary,1,101,0.01,27,162,0.009592885397135707,0.6034414147337278,0.5596974401762991
primary,1,101,0.01,28,168,0.009561446219345454,0.4252956012884776,0.5432687239213423
primary,1,101,0.01,29,174,0.009528893909706798,0.40181924651066464,0.5408497434673887
primary,1,101,0.01,30,180,0.009495236500015047,0.4434127559264501,0.5245960986975468
primary,1,101,0.01,31,186,0.00946048229473242,0.4704859008391698,0.560509103717226
primary,1,101,0.01,32,192,0.009424639868939034,0.4328737109899521,0.50502855127508
primary,1,101,0.01,33,198,0.009387718066217124,0.4241208458940188,0.49928737409187085
primary,1,101,0.01,34,204,0.009349725996469048,0.4046603590250015,0.5105451237071644
primary,1,101,0.01,35,210,0.00931067303366952,0.425303856531779,0.6950855833111387
primary,1,101,0.01,36,216,0.009270568813552756,0.41500549763441086,0.5231761354388613
primary,1,101,0.01,37,222,0.009229423231234974,0.40922381977240246,0.5788456309925426
primary,1,101,0.01,38,228,0.009187246438772938,0.44017622371514636,0.579991542931759
primary,1,101,0.01,39,234,0.009144048842659082,0.4131108944614728,0.5783193472659949
primary,1,101,0.01,40,240,0.009099841101253866,0.40624018013477325,0.5666689439253374
primary,1,101,0.01,41,246,0.00905463412215599,0.46489331126213074,0.5334627845070579
primary,2,101,1e-05,1,7,1e-05,0.5147900666509356,0.5513618886470795
primary,2,101,1e-05,2,14,9.99938933078422e-06,0.494688127722059,0.5327005982398987
primary,2,101,1e-05,3,21,9.997557473810373e-06,0.4942393941538675,0.5164796710014343
primary,2,101,1e-05,4,28,9.994504881061752e-06,0.4445837911750589,0.5064724087715149
primary,2,101,1e-05,5,35,9.990232305719944e-06,0.47799033352306913,0.500145435333252
primary,2,101,1e-05,6,42,9.984740801978984e-06,0.530933141708374,0.49504855275154114
primary,2,101,1e-05,7,49,9.978031724785247e-06,0.4291842005082539,0.4927964210510254
primary,2,101,1e-05,8,56,9.97010672950314e-06,0.4840421038014548,0.4919106960296631
primary,2,101,1e-05,9,63,9.960967771506666e-06,0.4138281908609705,0.49187639355659485
primary,2,101,1e-05,10,70,9.950617105696961e-06,0.7459250433104379,0.4918563663959503
primary,2,101,1e-05,11,77,9.939057285945933e-06,0.421375147998333,0.4917905926704407
primary,2,101,1e-05,12,84,9.926291164466131e-06,0.4151923033807959,0.49171891808509827
primary,2,101,1e-05,13,91,9.91232189110701e-06,0.6056369692087173,0.491647332906723
primary,2,101,1e-05,14,98,9.897152912577742e-06,0.45838445850781034,0.4915439486503601
primary,2,101,1e-05,15,105,9.8807879715968e-06,0.5384785660675594,0.4914589524269104
primary,2,101,1e-05,16,112,9.8632311059685e-06,0.4026175400774394,0.4913650155067444
primary,2,101,1e-05,17,119,9.844486647586724e-06,0.46303137711116243,0.4912390410900116
primary,2,101,1e-05,18,126,9.824559221366101e-06,0.4221738771136318,0.4911639094352722
primary,2,101,1e-05,19,133,9.803453744100868e-06,0.5520543519939695,0.4910615086555481
primary,2,101,1e-05,20,140,9.781175423251734e-06,0.5438216222184045,0.49095261096954346
primary,2,101,1e-05,21,147,9.757729755661012e-06,0.4201601384473698,0.4908282458782196
primary,2,101,1e-05,22,154,9.73312252619635e-06,0.43615948195968357,0.49072808027267456
primary,2,101,1e-05,23,161,9.707359806323418e-06,0.4179974017398698,0.49065637588500977
primary,2,101,1e-05,24,168,9.680447952607845e-06,0.46528625914028715,0.49056366086006165
primary,2,101,1e-05,25,175,9.652393605146845e-06,0.6113358523164477,0.49048152565956116
primary,2,101,1e-05,26,182,9.62320368593087e-06,0.416618710649865,0.4903738498687744
primary,2,101,1e-05,27,189,9.592885397135707e-06,0.4563504457473755,0.4902465343475342
primary,2,101,1e-05,28,196,9.561446219345455e-06,0.42193944326468874,0.49015191197395325
primary,2,101,1e-05,29,203,9.528893909706798e-06,0.42707989684173037,0.4900861084461212
primary,2,101,1e-05,30,210,9.495236500015048e-06,0.4559917279652187,0.48995110392570496
primary,2,101,1e-05,31,217,9.460482294732422e-06,0.41597740236985764,0.4898165464401245
primary,2,101,1e-05,32,224,9.424639868939035e-06,0.5855802744626999,0.4897240102291107
primary,2,101,1e-05,33,231,9.387718066217125e-06,0.6213238026414599,0.48963701725006104
primary,2,101,1e-05,34,238,9.349725996469047e-06,0.8307307149682727,0.4895343482494354
primary,2,101,1e-05,35,245,9.310673033669522e-06,0.4107431829907,0.4894380569458008
primary,2,101,1e-05,36,252,9.270568813552757e-06,0.4679006849016462,0.48934048414230347
primary,2,101,1e-05,37,259,9.229423231234975e-06,0.42083224122013363,0.4892495572566986
primary,2,101,1e-05,38,266,9.18724643877294e-06,0.5588403450591224,0.48915523290634155
primary,2,101,1e-05,39,273,9.144048842659081e-06,0.428546133850302,0.4890657365322113
primary,2,101,1e-05,40,280,9.099841101253867e-06,0.8633710316249302,0.48898568749427795
primary,2,101,1e-05,41,287,9.054634122155991e-06,0.4388927178723471,0.4888696074485779
primary,2,101,1e-05,42,294,9.0084390595111e-06,0.43796967395714353,0.4888169765472412
primary,2,101,1e-05,43,301,8.961267311259668e-06,0.442873477935791,0.4887666702270508
primary,2,101,1e-05,44,308,8.913130516324733e-06,0.4428561840738569,0.48870334029197693
primary,2,101,1e-05,45,315,8.864040551740158e-06,0.480389130967004,0.4886000454425812
primary,2,101,1e-05,46,322,8.814009529720155e-06,0.4197385992322649,0.48850855231285095
primary,2,101,1e-05,47,329,8.763049794670776e-06,0.4179391472467354,0.48838385939598083
primary,2,101,1e-05,48,336,8.711173920144118e-06,0.4166144345487867,0.4882441461086273
primary,2,101,1e-05,49,343,8.658394705735988e-06,0.4821482002735138,0.4881240427494049
primary,2,101,1e-05,50,350,8.604725173927786e-06,0.4337403710399355,0.48800337314605713
primary,2,101,1e-05,51,357,8.550178566873412e-06,0.41187674878165126,0.4879426658153534
primary,2,101,1e-05,52,364,8.494768343131955e-06,0.5042592670236316,0.48788681626319885
primary,2,101,1e-05,53,371,8.43850817434701e-06,0.5207750030926296,0.48780199885368347
primary,2,101,1e-05,54,378,8.381411941873379e-06,0.4178219949826598,0.48767971992492676
primary,2,101,1e-05,55,385,8.323493733352078e-06,0.4662873532090868,0.48758310079574585
primary,2,101,1e-05,56,392,8.26476783923441e-06,0.47311846273286,0.48748281598091125
primary,2,101,1e-05,57,399,8.205248749256014e-06,0.4138800815812179,0.4873611032962799
primary,2,101,1e-05,58,406,8.144951148861743e-06,0.43573583236762453,0.4873039722442627
primary,2,101,1e-05,59,413,8.083889915582235e-06,0.4102096376674516,0.4872571527957916
primary,2,101,1e-05,60,420,8.022080115363127e-06,0.4568650296756199,0.4871870279312134
primary,2,101,1e-05,61,427,7.959536998847744e-06,0.4614729370389666,0.487111896276474
primary,2,101,1e-05,62,434,7.89627599761423e-06,0.45921274593898226,0.48698851466178894
primary,2,101,1e-05,63,441,7.832312720368048e-06,0.4238509141973087,0.4868946075439453
primary,2,101,1e-05,64,448,7.767662949090754e-06,0.46424587283815655,0.48682335019111633
primary,2,101,1e-05,65,455,7.702342635146033e-06,0.40208807587623596,0.48674488067626953
primary,2,101,1e-05,66,462,7.636367895343947e-06,0.4789256134203502,0.48663052916526794
primary,2,101,1e-05,67,469,7.5697550079643376e-06,0.43749173411301207,0.48652979731559753
primary,2,101,1e-05,68,476,7.502520408740418e-06,0.43414237030914854,0.4864571690559387
primary,2,101,1e-05,69,483,7.43468068680349e-06,0.4039207249879837,0.48640114068984985
primary,2,101,1e-05,70,490,7.366252580589839e-06,0.40984668689114706,0.486285001039505
primary,2,101,1e-05,71,497,7.297252973710756e-06,0.4702990714992796,0.48619094491004944
primary,2,101,1e-05,72,504,7.227698890786779e-06,0.45281082817486357,0.4860762059688568
primary,2,101,1e-05,73,511,7.15760749324711e-06,0.4437653805528368,0.4859936535358429
primary,2,101,1e-05,74,518,7.086996075095289e-06,0.8295307201998574,0.48593899607658386
primary,2,101,1e-05,75,525,7.015882058642164e-06,0.835773976785796,0.485840380191803
primary,2,101,1e-05,76,532,6.9442829902071945e-06,0.402068248600699,0.4857400059700012
primary,2,101,1e-05,77,539,6.8722165357891564e-06,0.47467367563928875,0.48562347888946533
primary,2,101,1e-05,78,546,6.799700476707323e-06,0.5221104664461953,0.4855179488658905
primary,2,101,1e-05,79,553,6.726752705214193e-06,0.3977367365732789,0.4854108691215515
primary,2,101,1e-05,80,560,6.65339122008084e-06,0.4111274394339749,0.4852867126464844
primary,2,101,1e-05,81,567,6.57963412215599e-06,0.39868160566714195,0.48516976833343506
primary,2,101,1e-05,82,574,6.505499609899905e-06,0.42136264885110514,0.4850803017616272
primary,2,101,1e-05,83,581,6.431005974894185e-06,0.7113815929208483,0.4849769175052643
primary,2,101,1e-05,84,588,6.356171597328595e-06,0.6809624348367963,0.4848737120628357
primary,2,101,1e-05,85,595,6.28101494146603e-06,0.40437299026442425,0.48476308584213257
primary,2,101,1e-05,86,602,6.205554551086732e-06,0.41454072669148445,0.48464787006378174
primary,2,101,1e-05,87,609,6.129809044912887e-06,0.4265473357268742,0.4845728278160095
primary,2,101,1e-05,88,616,6.053797112014738e-06,0.4185224968407835,0.48445871472358704
primary,2,101,1e-05,89,623,5.977537507199338e-06,0.40705363924748134,0.48433539271354675
primary,2,101,1e-05,90,630,5.901049046383077e-06,0.4569997361728123,0.48424220085144043
primary,2,101,1e-05,91,637,5.824350601949143e-06,0.4146724295403276,0.48414739966392517
primary,2,101,1e-05,92,644,5.7474610980910354e-06,0.40431616459786063,0.48407837748527527
primary,2,101,1e-05,93,651,5.6703995061433075e-06,0.40582766916070667,0.48403671383857727
primary,2,101,1e-05,94,658,5.5931848399006745e-06,0.67600089098726,0.4840153157711029
primary,2,101,1e-05,95,665,5.515836150926646e-06,0.7158545489822116,0.48394888639450073
primary,2,101,1e-05,96,672,5.438372523852833e-06,0.43331422976085116,0.483871191740036
primary,2,101,1e-05,97,679,5.360813071670101e-06,0.4251726120710373,0.4837923049926758
primary,2,101,1e-05,98,686,5.283176931012731e-06,0.4764702149799892,0.48371621966362
primary,2,101,1e-05,99,693,5.205483257436735e-06,0.41585223163877216,0.48364755511283875
primary,2,101,1e-05,100,700,5.127751220693512e-06,0.44838180392980576,0.4835999310016632
primary,2,101,1e-05,101,707,5.05e-06,0.4265884097133364,0.4836271107196808
primary,2,101,1e-05,102,714,4.972248779306488e-06,0.4468506021159036,0.4841262698173523
primary,2,101,1e-05,103,721,4.8945167425632645e-06,0.5271094909736088,0.4842977821826935
primary,2,101,1e-05,104,728,4.816823068987269e-06,0.40115088616896954,0.4840340316295624
primary,2,101,1e-05,105,735,4.7391869283298985e-06,0.42607125639915466,0.4839344322681427
primary,2,101,1e-05,106,742,4.661627476147168e-06,0.400344633896436,0.4839453101158142
primary,2,101,1e-05,107,749,4.584163849073354e-06,0.437397695013455,0.4836820960044861
primary,2,101,1e-05,108,756,4.506815160099326e-06,0.48424110242298674,0.4837438464164734
primary,2,101,1e-05,109,763,4.429600493856694e-06,0.401488134637475,0.48349618911743164
primary,2,101,1e-05,110,770,4.352538901908967e-06,0.40880257645455587,0.48337361216545105
primary,2,101,1e-05,111,777,4.275649398050858e-06,0.5130031960351127,0.48318201303482056
primary,2,101,1e-05,112,784,4.198950953616922e-06,0.4329446085861751,0.48299843072891235
primary,2,101,1e-05,113,791,4.122462492800663e-06,0.408184110053948,0.48291173577308655
primary,2,101,1e-05,114,798,4.046202887985263e-06,0.4139712844709201,0.4830852448940277
primary,2,101,1e-05,115,805,3.970190955087116e-06,0.42182765901088715,0.48308655619621277
primary,2,101,1e-05,116,812,3.894445448913268e-06,0.4051544927060604,0.48314806818962097
primary,2,101,1e-05,117,819,3.818985058533969e-06,0.442496446626527,0.4828157126903534
primary,2,101,1e-05,118,826,3.7438284026714044e-06,0.41988242524010794,0.4826287031173706
primary,2,101,1e-05,119,833,3.6689940251058153e-06,0.39400399210197584,0.48254936933517456
primary,2,101,1e-05,120,840,3.594500390100096e-06,0.3993075512303871,0.48265740275382996
primary,2,101,1e-05,121,847,3.5203658778440116e-06,0.7652726599148342,0.48278528451919556
primary,2,101,1e-05,122,854,3.4466087799191603e-06,0.41670215662036625,0.4826602637767792
primary,2,101,1e-05,123,861,3.3732472947858077e-06,0.4001320850636278,0.48274075984954834
primary,2,101,1e-05,124,868,3.300299523292678e-06,0.4067531760249819,0.4826943278312683
primary,2,101,1e-05,125,875,3.227783464210845e-06,0.623203694820404,0.48266443610191345
primary,2,101,1e-05,126,882,3.155717009792807e-06,0.4042079326297556,0.48249921202659607
primary,2,101,1e-05,127,889,3.0841179413578354e-06,0.4115094489284924,0.4823370575904846
primary,2,101,1e-05,128,896,3.0130039249047117e-06,0.42503815250737326,0.4823004901409149
primary,2,101,1e-05,129,903,2.9423925067528904e-06,0.49843376874923706,0.48240479826927185
primary,2,101,1e-05,130,910,2.87230110921322e-06,0.5353687001126153,0.48240476846694946
primary,2,101,1e-05,131,917,2.8027470262892435e-06,0.5599553159305027,0.48228955268859863
primary,2,101,1e-05,132,924,2.7337474194101625e-06,0.4074185346918447,0.4820210635662079
primary,2,101,1e-05,133,931,2.6653193131965085e-06,0.4121868908405304,0.4819405674934387
primary,2,101,1e-05,134,938,2.5974795912595824e-06,0.4105868696102074,0.4819795489311218
primary,2,101,1e-05,135,945,2.530244992035662e-06,0.3955126092103975,0.48192059993743896
primary,2,101,1e-05,136,952,2.4636321046560533e-06,0.3959559667949049,0.4818386435508728
primary,2,101,1e-05,137,959,2.3976573648539653e-06,0.3973410714159919,0.4817269742488861
primary,2,101,1e-05,138,966,2.332337050909247e-06,0.435723568711962,0.4816167652606964
primary,2,101,1e-05,139,973,2.267687279631953e-06,0.44851340992110117,0.48165297508239746
primary,2,101,1e-05,140,980,2.2037240023857708e-06,0.4182873932378633,0.4816608726978302
primary,2,101,1e-05,141,987,2.1404630011522584e-06,0.40233123674988747,0.48167312145233154
primary,2,101,1e-05,142,994,2.0779198846368745e-06,0.4013408060064551,0.4816739559173584
primary,2,101,1e-05,143,1001,2.0161100844177658e-06,0.4146402371781213,0.4817177355289459
primary,2,101,1e-05,144,1008,1.9550488511382593e-06,0.8442871783460889,0.4817497134208679
primary,2,101,1e-05,145,1015,1.894751250743986e-06,0.4258359894156456,0.4817466139793396
primary,2,101,1e-05,146,1022,1.8352321607655916e-06,0.8074119516781398,0.481658935546875
primary,2,101,1e-05,147,1029,1.7765062666479242e-06,0.43259869728769573,0.48155874013900757
primary,2,101,1e-05,148,1036,1.7185880581266217e-06,0.4060166446225984,0.48152726888656616
primary,2,101,1e-05,149,1043,1.6614918256529908e-06,0.41949056514671873,0.4815255105495453
primary,2,101,1e-05,150,1050,1.6052316568680442e-06,0.41281087909426006,0.48157796263694763
primary,2,101,1e-05,151,1057,1.5498214331265902e-06,0.44295323320797514,0.48160675168037415
primary,2,101,1e-05,152,1064,1.495274826072216e-06,0.4029138194663184,0.4816041588783264
primary,2,101,1e-05,153,1071,1.441605294264014e-06,0.4186252664242472,0.48163264989852905
primary,2,101,1e-05,154,1078,1.3888260798558817e-06,0.40679328569344114,0.4816458225250244
primary,2,101,1e-05,155,1085,1.3369502053292252e-06,0.40590237979111926,0.4816755950450897
primary,2,101,1e-05,156,1092,1.285990470279847e-06,0.4138087183237076,0.48161816596984863
primary,2,101,1e-05,157,1099,1.2359594482598438e-06,0.4313838503190449,0.48165249824523926
primary,2,101,1e-05,158,1106,1.1868694836752686e-06,0.41578774047749384,0.4816966652870178
primary,2,101,1e-05,159,1113,1.1387326887403326e-06,0.39862010238825213,0.4817107021808624
primary,2,101,1e-05,160,1120,1.0915609404889017e-06,0.43839683703013826,0.48171505331993103
primary,2,101,1e-05,161,1127,1.0453658778440107e-06,0.4135086366108486,0.4816996455192566
primary,2,101,1e-05,162,1134,1.0001588987461348e-06,0.40583697413759573,0.4817218780517578
primary,2,101,1e-05,163,1141,9.559511573409195e-07,0.47747442552021574,0.4817594885826111
primary,2,101,1e-05,164,1148,9.127535612270632e-07,0.38816043601504396,0.48168638348579407
primary,2,101,1e-05,165,1155,8.705767687650265e-07,0.45140337092535837,0.4816349446773529
primary,2,101,1e-05,166,1162,8.294311864472448e-07,0.5140378475189209,0.48162195086479187
primary,2,101,1e-05,167,1169,7.893269663304784e-07,0.4656198280198233,0.4815705716609955
primary,2,101,1e-05,168,1176,7.50274003530953e-07,0.39805223792791367,0.4815341532230377
primary,2,101,1e-05,169,1183,7.122819337828752e-07,0.44678497314453125,0.4815061092376709
primary,2,101,1e-05,170,1190,6.753601310609673e-07,0.4995745633329664,0.4814983606338501
primary,2,101,1e-05,171,1197,6.395177052675794e-07,0.8316335082054138,0.4814472496509552
primary,2,101,1e-05,172,1204,6.047634999849531e-07,0.40734368562698364,0.4814053773880005
primary,2,101,1e-05,173,1211,5.711060902932043e-07,0.40003049426845144,0.48136332631111145
primary,2,101,1e-05,174,1218,5.385537806545469e-07,0.4032990570579256,0.4813758432865143
primary,2,101,1e-05,175,1225,5.071146028642944e-07,0.44748366304806303,0.48135581612586975
primary,2,101,1e-05,176,1232,4.7679631406913176e-07,0.42566651850938797,0.48136433959007263
primary,2,101,1e-05,177,1239,4.4760639485315585e-07,0.3990657459279256,0.48137250542640686
primary,2,101,1e-05,178,1246,4.195520473921565e-07,0.43543942485536846,0.4813581705093384
primary,2,101,1e-05,179,1253,3.92640193676584e-07,0.571757686989648,0.4813605844974518
primary,2,101,1e-05,180,1260,3.668774738036508e-07,0.43828392028808594,0.4813525378704071
primary,2,101,1e-05,181,1267,3.4227024433899004e-07,0.5985002262251717,0.48135077953338623
primary,2,101,1e-05,182,1274,3.188245767482659e-07,0.40001460439972497,0.4813214838504791
primary,2,101,1e-05,183,1281,2.9654625589913237e-07,0.41933281613247736,0.48131683468818665
primary,2,101,1e-05,184,1288,2.754407786339001e-07,0.4004918270345245,0.48131507635116577
primary,2,101,1e-05,185,1295,2.555133524132767e-07,0.408340936260564,0.4813311696052551
primary,2,101,1e-05,186,1302,2.3676889403150103e-07,0.671493411064148,0.4813274145126343
primary,2,101,1e-05,187,1309,2.1921202840320077e-07,0.42042113095521927,0.4813143312931061
primary,2,101,1e-05,188,1316,2.0284708742225901e-07,0.3960064303662096,0.4813070595264435
primary,2,101,1e-05,189,1323,1.8767810889299085e-07,0.5056138421807971,0.48131051659584045
primary,2,101,1e-05,190,1330,1.7370883553386935e-07,0.42183914141995565,0.48130226135253906
primary,2,101,1e-05,191,1337,1.609427140540686e-07,0.7322130565132413,0.4813072681427002
primary,2,101,1e-05,192,1344,1.493828943030402e-07,0.41555212863854,0.4813026487827301
primary,2,101,1e-05,193,1351,1.3903222849333507e-07,0.4026170713560922,0.48129498958587646
primary,2,101,1e-05,194,1358,1.2989327049686101e-07,0.5015197438853127,0.48129355907440186
primary,2,101,1e-05,195,1365,1.2196827521475402e-07,0.514747121504375,0.48128944635391235
primary,2,101,1e-05,196,1372,1.1525919802101659e-07,0.4042318654911859,0.4812856912612915
primary,2,101,1e-05,197,1379,1.097676942800558e-07,0.4780915209225246,0.48128950595855713
primary,2,101,1e-05,198,1386,1.0549511893824898e-07,0.39658482532416073,0.48129215836524963
primary,2,101,1e-05,199,1393,1.0244252618962859e-07,0.6191707594054086,0.48129770159721375
primary,2,101,1e-05,200,1400,1.006106692157801e-07,0.45518788269587923,0.4812967777252197
primary,2,101,0.0001,1,7,0.0001,0.45085255801677704,0.49571681022644043
primary,2,101,0.0001,2,14,9.99938933078422e-05,0.4419284462928772,0.5141453742980957
primary,2,101,0.0001,3,21,9.997557473810373e-05,0.42883699972714695,0.49106261134147644
primary,2,101,0.0001,4,28,9.994504881061753e-05,0.43187919578381945,0.4894137978553772
primary,2,101,0.0001,5,35,9.990232305719945e-05,0.40088566578924656,0.488766610622406
primary,2,101,0.0001,6,42,9.984740801978984e-05,0.5436310129506248,0.48800382018089294
primary,2,101,0.0001,7,49,9.978031724785247e-05,0.4007919300176062,0.48695188760757446
primary,2,101,0.0001,8,56,9.97010672950314e-05,0.42484948677676065,0.486130028963089
primary,2,101,0.0001,9,63,9.960967771506667e-05,0.4336181932262012,0.4850265681743622
primary,2,101,0.0001,10,70,9.95061710569696e-05,0.7045549963201795,0.48468488454818726
primary,2,101,0.0001,11,77,9.939057285945933e-05,0.4128886232418673,0.48271727561950684
primary,2,101,0.0001,12,84,9.926291164466132e-05,0.4105493375765426,0.4814539849758148
primary,2,101,0.0001,13,91,9.91232189110701e-05,0.6103960658822741,0.48123207688331604
primary,2,101,0.0001,14,98,9.897152912577741e-05,0.4286326255117144,0.4785338044166565
primary,2,101,0.0001,15,105,9.8807879715968e-05,0.49580624273845125,0.48002001643180847
primary,2,101,0.0001,16,112,9.8632311059685e-05,0.3970735105020659,0.4751718044281006
primary,2,101,0.0001,17,119,9.844486647586725e-05,0.4214719023023333,0.47706329822540283
primary,2,101,0.0001,18,126,9.824559221366101e-05,0.38919098362592713,0.47394609451293945
primary,2,101,0.0001,19,133,9.803453744100869e-05,0.47363145862306866,0.4743043780326843
primary,2,101,0.0001,20,140,9.781175423251735e-05,0.4500358019556318,0.47396570444107056
primary,2,101,0.0001,21,147,9.757729755661011e-05,0.3812241972024952,0.4676627218723297
primary,2,101,0.0001,22,154,9.73312252619635e-05,0.37804920106594053,0.47404226660728455
primary,2,101,0.0001,23,161,9.707359806323417e-05,0.3844585759299142,0.47108060121536255
primary,2,101,0.0001,24,168,9.680447952607845e-05,0.3790571370295116,0.4601217210292816
primary,2,101,0.0001,25,175,9.652393605146844e-05,0.5444196036883763,0.46565043926239014
primary,2,101,0.0001,26,182,9.623203685930869e-05,0.345142268708774,0.4635891616344452
primary,2,101,0.0001,27,189,9.592885397135707e-05,0.41706214419433046,0.47020652890205383
primary,2,101,0.0001,28,196,9.561446219345454e-05,0.3369617782300338,0.5916958749294281
primary,2,101,0.0001,29,203,9.528893909706797e-05,0.4066995613809143,0.46717938780784607
primary,2,101,0.0001,30,210,9.495236500015047e-05,0.34890792838164736,0.45956045389175415
primary,2,101,0.0001,31,217,9.460482294732421e-05,0.30618417648864643,0.47329315543174744
primary,2,101,0.0001,32,224,9.424639868939033e-05,0.4240818534578596,0.46869468688964844
primary,2,101,0.0001,33,231,9.387718066217124e-05,0.4728649599211557,0.46037766337394714
primary,2,101,0.0001,34,238,9.349725996469047e-05,0.6811146140098572,0.4837075173854828
primary,2,101,0.0001,35,245,9.310673033669521e-05,0.3196732593434198,0.45617538690567017
primary,2,101,0.0001,36,252,9.270568813552756e-05,0.3121826169746263,0.4660934507846832
primary,2,101,0.0001,37,259,9.229423231234974e-05,0.35332062414714266,0.44323745369911194
primary,2,101,0.0001,38,266,9.187246438772939e-05,0.30675138320241657,0.43876609206199646
primary,2,101,0.0001,39,273,9.14404884265908e-05,0.31423754883663996,0.5072209537029266
primary,2,101,0.0001,40,280,9.099841101253866e-05,0.6170275019747871,0.4522967040538788
primary,2,101,0.0001,41,287,9.05463412215599e-05,0.3014192439815296,0.4498821496963501
primary,2,101,0.0001,42,294,9.0084390595111e-05,0.342908759202276,0.453189879655838
primary,2,101,0.0001,43,301,8.961267311259666e-05,0.28013129213026594,0.4383823573589325
primary,2,101,0.0001,44,308,8.913130516324733e-05,0.2962000753198351,0.4408208131790161
primary,2,101,0.0001,45,315,8.864040551740158e-05,0.281848205519574,0.4352623522281647
primary,2,101,0.0001,46,322,8.814009529720155e-05,0.2697060363633292,0.5041570067405701
primary,2,101,0.0001,47,329,8.763049794670775e-05,0.2903990224003792,0.4315495789051056
primary,2,101,0.0001,48,336,8.711173920144117e-05,0.25641157052346636,0.4820657968521118
primary,2,101,0.0001,49,343,8.658394705735987e-05,0.24369562231004238,0.42159029841423035
primary,2,101,0.0001,50,350,8.604725173927785e-05,0.280908194769706,0.4635511040687561
primary,2,101,0.0001,51,357,8.55017856687341e-05,0.2613613193056413,0.4233907461166382
primary,2,101,0.0001,52,364,8.494768343131955e-05,0.2669220446841791,0.4244736135005951
primary,2,101,0.0001,53,371,8.438508174347009e-05,0.37565022494111744,0.4862125813961029
primary,2,101,0.0001,54,378,8.381411941873378e-05,0.2561342367636306,0.43591901659965515
primary,2,101,0.0001,55,385,8.323493733352077e-05,0.2245834262243339,0.4603281617164612
primary,2,101,0.0001,56,392,8.26476783923441e-05,0.23962149024009705,0.4421660602092743
primary,2,101,0.0001,57,399,8.205248749256015e-05,0.22549585572310857,0.44206440448760986
primary,2,101,0.0001,58,406,8.144951148861742e-05,0.21032197105731548,0.4701286852359772
primary,2,101,0.0001,59,413,8.083889915582235e-05,0.2071779937084232,0.4304548501968384
primary,2,101,0.0001,60,420,8.022080115363127e-05,0.2305706719468747,0.44563591480255127
primary,2,101,0.0001,61,427,7.959536998847744e-05,0.21424561419657298,0.429989218711853
primary,2,101,0.0001,62,434,7.89627599761423e-05,0.19610525042350804,0.42818114161491394
primary,2,101,0.0001,63,441,7.832312720368048e-05,0.2244472418512617,0.42387157678604126
primary,2,101,0.0001,64,448,7.767662949090753e-05,0.20503787696361542,0.4471854269504547
primary,2,101,0.0001,65,455,7.702342635146033e-05,0.22272421100309917,0.43596914410591125
primary,2,101,0.0001,66,462,7.636367895343946e-05,0.2053682165486472,0.4355410039424896
primary,2,101,0.0001,67,469,7.569755007964338e-05,0.18268066458404064,0.4328792691230774
primary,2,101,0.0001,68,476,7.502520408740418e-05,0.18307401798665524,0.42660999298095703
primary,2,101,0.0001,69,483,7.43468068680349e-05,0.1756960772909224,0.42415446043014526
primary,2,101,0.0001,70,490,7.366252580589839e-05,0.1974634634596961,0.4262806475162506
primary,2,101,0.0001,71,497,7.297252973710757e-05,0.15939691050776414,0.41719570755958557
primary,2,101,0.0001,72,504,7.22769889078678e-05,0.16036927912916457,0.4251098036766052
primary,2,101,0.0001,73,511,7.15760749324711e-05,0.1640024296939373,0.4164375960826874
primary,2,101,0.0001,74,518,7.086996075095289e-05,0.4003751426935196,0.4079698920249939
primary,2,101,0.0001,75,525,7.015882058642164e-05,0.4202288325343813,0.3998177945613861
primary,2,101,0.0001,76,532,6.944282990207195e-05,0.14188153103792242,0.39695414900779724
primary,2,101,0.0001,77,539,6.872216535789157e-05,0.13945006446114608,0.40181687474250793
primary,2,101,0.0001,78,546,6.799700476707323e-05,0.1476012926016535,0.39571747183799744
primary,2,101,0.0001,79,553,6.726752705214194e-05,0.1473323625645467,0.4175478219985962
primary,2,101,0.0001,80,560,6.65339122008084e-05,0.12789839692413807,0.4318971335887909
primary,2,101,0.0001,81,567,6.57963412215599e-05,0.22501344233751297,0.3990582525730133
primary,2,101,0.0001,82,574,6.505499609899905e-05,0.2370325273701123,0.47343942523002625
primary,2,101,0.0001,83,581,6.431005974894185e-05,0.16384280898741313,0.4633038341999054
primary,2,101,0.0001,84,588,6.356171597328596e-05,0.31197768662657055,0.38716405630111694
primary,2,101,0.0001,85,595,6.281014941466031e-05,0.12619472175304378,0.3967721462249756
primary,2,101,0.0001,86,602,6.205554551086733e-05,0.14404633321932384,0.3812551498413086
primary,2,101,0.0001,87,609,6.129809044912887e-05,0.14786593882100924,0.3873961269855499
primary,2,101,0.0001,88,616,6.053797112014738e-05,0.1624795932854925,0.384368896484375
primary,2,101,0.0001,89,623,5.977537507199338e-05,0.14742777070828847,0.3766413629055023
primary,2,101,0.0001,90,630,5.901049046383077e-05,0.12012813506381852,0.3697778880596161
primary,2,101,0.0001,91,637,5.8243506019491436e-05,0.11517120152711868,0.3673851490020752
primary,2,101,0.0001,92,644,5.7474610980910354e-05,0.10861124896577426,0.37114882469177246
primary,2,101,0.0001,93,651,5.6703995061433075e-05,0.09402203946436723,0.3732476234436035
primary,2,101,0.0001,94,658,5.5931848399006745e-05,0.1853885498962232,0.37668412923812866
primary,2,101,0.0001,95,665,5.515836150926646e-05,0.10605400965765252,0.38305285573005676
primary,2,101,0.0001,96,672,5.438372523852833e-05,0.10128649909581457,0.39303120970726013
primary,2,101,0.0001,97,679,5.360813071670102e-05,0.09730082657188177,0.3967292010784149
primary,2,101,0.0001,98,686,5.283176931012731e-05,0.10557104434285845,0.38774359226226807
primary,2,101,0.0001,99,693,5.205483257436735e-05,0.1050356323997091,0.39096155762672424
primary,2,101,0.0001,100,700,5.127751220693513e-05,0.1098396111213203,0.3761685788631439
primary,2,101,0.0001,101,707,5.05e-05,0.08090980291100484,0.37124717235565186
primary,2,101,0.0001,102,714,4.972248779306489e-05,0.10564195843679565,0.3727402091026306
primary,2,101,0.0001,103,721,4.894516742563265e-05,0.07662119104393891,0.3764646351337433
primary,2,101,0.0001,104,728,4.816823068987269e-05,0.0934162437915802,0.37808775901794434
primary,2,101,0.0001,105,735,4.739186928329899e-05,0.09071728247883064,0.39223867654800415
primary,2,101,0.0001,106,742,4.661627476147168e-05,0.09633751619341117,0.3830621540546417
primary,2,101,0.0001,107,749,4.584163849073354e-05,0.07716857641935349,0.37455981969833374
primary,2,101,0.0001,108,756,4.5068151600993264e-05,0.0692279029961875,0.37029701471328735
primary,2,101,0.0001,109,763,4.429600493856695e-05,0.07952834728972188,0.37822309136390686
primary,2,101,0.0001,110,770,4.352538901908967e-05,0.06836929336921978,0.3673540949821472
primary,2,101,0.0001,111,777,4.275649398050857e-05,0.08909896143593089,0.37325581908226013
primary,2,101,0.0001,112,784,4.198950953616922e-05,0.09646823067617204,0.3764665126800537
primary,2,101,0.0001,113,791,4.122462492800663e-05,0.10282334392624241,0.3596743047237396
primary,2,101,0.0001,114,798,4.046202887985264e-05,0.09883366631610054,0.36528199911117554
primary,2,101,0.0001,115,805,3.9701909550871155e-05,0.09820790229631322,0.39536455273628235
primary,2,101,0.0001,116,812,3.8944454489132674e-05,0.13409030410860265,0.3579196631908417
primary,2,101,0.0001,117,819,3.818985058533969e-05,0.10212180417563234,0.3610331118106842
primary,2,101,0.0001,118,826,3.7438284026714043e-05,0.0737992160554443,0.36075133085250854
primary,2,101,0.0001,119,833,3.668994025105816e-05,0.08179129819784846,0.3608200252056122
primary,2,101,0.0001,120,840,3.594500390100096e-05,0.0692737695894071,0.36714503169059753
primary,2,101,0.0001,121,847,3.520365877844012e-05,0.07514559171561684,0.3654479682445526
primary,2,101,0.0001,122,854,3.44660877991916e-05,0.059097101645810265,0.3700549900531769
primary,2,101,0.0001,123,861,3.373247294785808e-05,0.0654344044492713,0.3582000732421875
primary,2,101,0.0001,124,868,3.300299523292678e-05,0.10707319261772293,0.3681924641132355
primary,2,101,0.0001,125,875,3.2277834642108455e-05,0.11970412997262818,0.3589335083961487
primary,2,101,0.0001,126,882,3.155717009792807e-05,0.07480089313217572,0.36301761865615845
primary,2,101,0.0001,127,889,3.084117941357835e-05,0.07237319382173675,0.3608900308609009
primary,2,101,0.0001,128,896,3.013003924904712e-05,0.07657416996413044,0.35677570104599
primary,2,101,0.0001,129,903,2.9423925067528905e-05,0.05785803124308586,0.35936740040779114
primary,2,101,0.0001,130,910,2.87230110921322e-05,0.06991345435380936,0.3598218560218811
primary,2,101,0.0001,131,917,2.8027470262892437e-05,0.06797845661640167,0.3619112968444824
primary,2,101,0.0001,132,924,2.7337474194101628e-05,0.0720448566135019,0.3578813970088959
primary,2,101,0.0001,133,931,2.665319313196509e-05,0.06474288433258023,0.3544195294380188
primary,2,101,0.0001,134,938,2.5974795912595825e-05,0.05886945155050073,0.36098888516426086
primary,2,101,0.0001,135,945,2.5302449920356623e-05,0.06664416865844812,0.3600902259349823
primary,2,101,0.0001,136,952,2.4636321046560538e-05,0.055399169347115924,0.3514237105846405
primary,2,101,0.0001,137,959,2.3976573648539656e-05,0.07064788416028023,0.34696975350379944
primary,2,101,0.0001,138,966,2.3323370509092472e-05,0.07076311984565109,0.3619196116924286
primary,2,101,0.0001,139,973,2.2676872796319533e-05,0.08559769924197878,0.3483090102672577
primary,2,101,0.0001,140,980,2.2037240023857712e-05,0.05884256187294211,0.3399343490600586
primary,2,101,0.0001,141,987,2.1404630011522586e-05,0.06851867958903313,0.34257373213768005
primary,2,101,0.0001,142,994,2.077919884636875e-05,0.06194702482649258,0.3356970250606537
primary,2,101,0.0001,143,1001,2.016110084417766e-05,0.05808344983727563,0.3326062560081482
primary,2,101,0.0001,144,1008,1.9550488511382595e-05,0.1088109729545457,0.33713504672050476
primary,2,101,0.0001,145,1015,1.8947512507439858e-05,0.06158073140042169,0.33646151423454285
primary,2,101,0.0001,146,1022,1.8352321607655915e-05,0.08085917947547776,0.33090829849243164
primary,2,101,0.0001,147,1029,1.776506266647924e-05,0.04811591330326337,0.33631911873817444
primary,2,101,0.0001,148,1036,1.718588058126622e-05,0.058130722759025436,0.33602699637413025
primary,2,101,0.0001,149,1043,1.661491825652991e-05,0.07032178342342377,0.3293646574020386
primary,2,101,0.0001,150,1050,1.6052316568680444e-05,0.057337338370936256,0.3339877128601074
primary,2,101,0.0001,151,1057,1.54982143312659e-05,0.06177053332794458,0.33141782879829407
primary,2,101,0.0001,152,1064,1.495274826072216e-05,0.0689891821866695,0.3275223970413208
primary,2,101,0.0001,153,1071,1.441605294264014e-05,0.07027269367660795,0.3238394856452942
primary,2,101,0.0001,154,1078,1.3888260798558816e-05,0.05086911389870303,0.3299536406993866
primary,2,101,0.0001,155,1085,1.3369502053292252e-05,0.04625832342675754,0.326083779335022
primary,2,101,0.0001,156,1092,1.285990470279847e-05,0.05778046005538532,0.3336251676082611
primary,2,101,0.0001,157,1099,1.235959448259844e-05,0.0493196828091251,0.326498806476593
primary,2,101,0.0001,158,1106,1.1868694836752687e-05,0.03999854610966785,0.324306845664978
primary,2,101,0.0001,159,1113,1.1387326887403327e-05,0.049316252315683026,0.33125442266464233
primary,2,101,0.0001,160,1120,1.0915609404889017e-05,0.050794816963908876,0.3325955867767334
primary,2,101,0.0001,161,1127,1.0453658778440109e-05,0.05087917723826,0.3253301680088043
primary,2,101,0.0001,162,1134,1.0001588987461348e-05,0.04645747597429103,0.32820093631744385
primary,2,101,0.0001,163,1141,9.559511573409197e-06,0.04818731439965112,0.32868021726608276
primary,2,101,0.0001,164,1148,9.127535612270633e-06,0.0600665131849902,0.3303215801715851
primary,2,101,0.0001,165,1155,8.705767687650266e-06,0.058980646751089286,0.328950971364975
primary,2,101,0.0001,166,1162,8.294311864472449e-06,0.0753828204636063,0.32481876015663147
primary,2,101,0.0001,167,1169,7.893269663304785e-06,0.0666774580521243,0.32904252409935
primary,2,101,0.0001,168,1176,7.50274003530953e-06,0.04541344315345798,0.33052584528923035
primary,2,101,0.0001,169,1183,7.122819337828753e-06,0.053283224148409705,0.32594940066337585
primary,2,101,0.0001,170,1190,6.753601310609674e-06,0.04869985207915306,0.3282128870487213
primary,2,101,0.0001,171,1197,6.395177052675795e-06,0.2276854052075318,0.3278215527534485
primary,2,101,0.0001,172,1204,6.047634999849532e-06,0.052477249110649736,0.3313068747520447
primary,2,101,0.0001,173,1211,5.711060902932042e-06,0.05718422069081238,0.33082836866378784
primary,2,101,0.0001,174,1218,5.385537806545469e-06,0.05507376390908446,0.33134767413139343
primary,2,101,0.0001,175,1225,5.071146028642945e-06,0.050681692880711386,0.33030515909194946
primary,2,101,0.0001,176,1232,4.767963140691318e-06,0.04769344956340709,0.3271757960319519
primary,2,101,0.0001,177,1239,4.476063948531558e-06,0.04887137748301029,0.3258572518825531
primary,2,101,0.0001,178,1246,4.195520473921565e-06,0.03813246677496603,0.32616811990737915
primary,2,101,0.0001,179,1253,3.92640193676584e-06,0.07757814787328243,0.3274129331111908
primary,2,101,0.0001,180,1260,3.668774738036508e-06,0.04433169801320348,0.32670921087265015
primary,2,101,0.0001,181,1267,3.4227024433899006e-06,0.05214308255485126,0.32523399591445923
primary,2,101,0.0001,182,1274,3.188245767482659e-06,0.057899150997400284,0.32564401626586914
primary,2,101,0.0001,183,1281,2.965462558991324e-06,0.06408234925142356,0.32655179500579834
primary,2,101,0.001,1,7,0.001,0.5434958402599607,0.6157247126102448
primary,2,101,0.001,2,14,0.000999938933078422,0.5049934302057538,0.48827430605888367
primary,2,101,0.001,3,21,0.0009997557473810372,0.42061373591423035,0.48222705721855164
primary,2,101,0.001,4,28,0.0009994504881061753,0.4353838562965393,0.5010211169719696
primary,2,101,0.001,5,35,0.0009990232305719944,0.4200079047254154,0.7078957259654999
primary,2,101,0.001,6,42,0.0009984740801978985,0.5316293090581894,0.5441297292709351
primary,2,101,0.001,7,49,0.0009978031724785245,0.4326693224055426,0.6306044459342957
primary,2,101,0.001,8,56,0.000997010672950314,0.40020260427679333,0.4981941878795624
primary,2,101,0.001,9,63,0.0009960967771506667,0.37571838800795376,0.46295446157455444
primary,2,101,0.001,10,70,0.000995061710569696,0.5269799466644015,0.4724615514278412
primary,2,101,0.001,11,77,0.0009939057285945933,0.3603073997156961,0.5446694791316986
primary,2,101,0.001,12,84,0.000992629116446613,0.381659318293844,0.4379660189151764
primary,2,101,0.001,13,91,0.000991232189110701,0.542575695684978,0.5109951198101044
primary,2,101,0.001,14,98,0.0009897152912577741,0.308884753712586,0.7827789783477783
primary,2,101,0.001,15,105,0.00098807879715968,0.6738739609718323,0.5178023874759674
primary,2,101,0.001,16,112,0.00098632311059685,0.4134888915078981,0.41896241903305054
primary,2,101,0.001,17,119,0.0009844486647586723,0.4110968292890383,0.4990233778953552
primary,2,101,0.001,18,126,0.00098245592213661,0.2859406384772488,0.4450394809246063
primary,2,101,0.001,19,133,0.0009803453744100868,0.32531366710151943,0.5871066451072693
primary,2,101,0.001,20,140,0.0009781175423251734,0.29909003818673746,0.45801201462745667
primary,2,101,0.001,21,147,0.0009757729755661011,0.30351968219890424,0.4258156418800354
primary,2,101,0.001,22,154,0.0009733122526196349,0.2786619727100645,0.5089614689350128
primary,2,101,0.001,23,161,0.0009707359806323416,0.30345875663416727,0.48496299982070923
primary,2,101,0.001,24,168,0.0009680447952607845,0.31285043699400766,0.4376850426197052
primary,2,101,0.001,25,175,0.0009652393605146844,0.4494039714336395,0.46513620018959045
primary,2,101,0.001,26,182,0.000962320368593087,0.22172935573118074,0.4125468134880066
primary,2,101,0.001,27,189,0.0009592885397135706,0.19314639456570148,0.5412024557590485
primary,2,101,0.001,28,196,0.0009561446219345453,0.3679999617327537,0.5295487642288208
primary,2,101,0.001,29,203,0.0009528893909706797,0.31274559002901825,0.40265923738479614
primary,2,101,0.001,30,210,0.0009495236500015047,0.21768222888931632,0.47472888231277466
primary,2,101,0.001,31,217,0.0009460482294732421,0.16356682391571148,0.4432201087474823
primary,2,101,0.001,32,224,0.0009424639868939033,0.27543236102376667,0.44586360454559326
primary,2,101,0.001,33,231,0.0009387718066217125,0.28389653989246916,0.41505295038223267
primary,2,101,0.001,34,238,0.0009349725996469047,0.3556966334581375,0.4585396349430084
primary,2,101,0.001,35,245,0.0009310673033669522,0.176860049366951,0.4386914372444153
primary,2,101,0.001,36,252,0.0009270568813552756,0.15348208269902638,0.4414820671081543
primary,2,101,0.001,37,259,0.0009229423231234975,0.12357316425602351,0.5188114643096924
primary,2,101,0.001,38,266,0.0009187246438772938,0.23648676169770105,0.4441927969455719
primary,2,101,0.001,39,273,0.0009144048842659081,0.14686861341553076,0.4316638112068176
primary,2,101,0.001,40,280,0.0009099841101253866,0.1810519195028714,0.4702148735523224
primary,2,101,0.001,41,287,0.000905463412215599,0.09975638453449522,0.5006124079227448
primary,2,101,0.001,42,294,0.0009008439059511099,0.12024696823209524,0.45504245162010193
primary,2,101,0.001,43,301,0.0008961267311259666,0.10615535719054085,0.47829267382621765
primary,2,101,0.001,44,308,0.0008913130516324732,0.1724323332309723,0.4884975552558899
primary,2,101,0.001,45,315,0.0008864040551740157,0.1383424290855016,0.4608219563961029
primary,2,101,0.001,46,322,0.0008814009529720154,0.13994937709399632,0.485397070646286
primary,2,101,0.001,47,329,0.0008763049794670775,0.11918068251439504,0.4379652142524719
primary,2,101,0.001,48,336,0.0008711173920144117,0.1660641586141927,0.46574145555496216
primary,2,101,0.001,49,343,0.0008658394705735987,0.12100400190268244,0.4326063096523285
primary,2,101,0.001,50,350,0.0008604725173927785,0.12955428203401556,0.5024693012237549
primary,2,101,0.001,51,357,0.000855017856687341,0.13651455765856163,0.43296658992767334
primary,2,101,0.001,52,364,0.0008494768343131955,0.10125491814687848,0.5522801280021667
primary,2,101,0.001,53,371,0.0008438508174347009,0.19544783979654312,0.4466816484928131
primary,2,101,0.001,54,378,0.0008381411941873378,0.06512140828583922,0.5028702020645142
primary,2,101,0.001,55,385,0.0008323493733352077,0.09689353672521454,0.4708915054798126
primary,2,101,0.001,56,392,0.000826476783923441,0.07659640083355564,0.475625604391098
primary,2,101,0.001,57,399,0.0008205248749256015,0.07986024261585303,0.4572296440601349
primary,2,101,0.001,58,406,0.0008144951148861742,0.055247295926944516,0.48172879219055176
primary,2,101,0.001,59,413,0.0008083889915582234,0.05349772835948637,0.45419901609420776
primary,2,101,0.01,1,7,0.01,2.1963205145938054,0.8838210105895996
primary,2,101,0.01,2,14,0.00999938933078422,0.6882509079419086,0.6436901986598969
primary,2,101,0.01,3,21,0.009997557473810372,0.8470721117087773,0.7997008860111237
primary,2,101,0.01,4,28,0.009994504881061753,0.5678689884287971,0.5809480249881744
primary,2,101,0.01,5,35,0.009990232305719944,0.4564546751124518,0.9230616688728333
primary,2,101,0.01,6,42,0.009984740801978984,0.8115072420665196,1.0334841907024384
primary,2,101,0.01,7,49,0.009978031724785246,0.6419478080102375,0.548456072807312
primary,2,101,0.01,8,56,0.00997010672950314,0.5833739978926522,1.1658099442720413
primary,2,101,0.01,9,63,0.009960967771506667,0.5521349656794753,0.5140635669231415
primary,2,101,0.01,10,70,0.00995061710569696,0.9800515472888947,0.5847713947296143
primary,2,101,0.01,11,77,0.009939057285945933,0.40145396281565937,0.46829742193222046
primary,2,101,0.01,12,84,0.00992629116446613,0.5557432302406856,0.5998726487159729
primary,2,101,0.01,13,91,0.00991232189110701,0.6260600558349064,0.5423940420150757
primary,2,101,0.01,14,98,0.00989715291257774,0.4561204697404589,0.6738055944442749
primary,2,101,0.01,15,105,0.0098807879715968,0.5339871687548501,0.46708163619041443
primary,2,101,0.01,16,112,0.0098632311059685,0.4199571016111544,0.5129462778568268
primary,2,101,0.01,17,119,0.009844486647586723,0.5419491188866752,0.484780877828598
primary,2,101,0.01,18,126,0.0098245592213661,0.41781419089862276,0.46815788745880127
primary,2,101,0.01,19,133,0.009803453744100868,0.4915906488895416,0.47128766775131226
primary,2,101,0.01,20,140,0.009781175423251734,0.5145701595715114,0.46408793330192566
primary,2,101,0.01,21,147,0.009757729755661011,0.40557806759274434,0.4613458812236786
primary,2,101,0.01,22,154,0.009733122526196349,0.44599642923900057,0.45772621035575867
primary,2,101,0.01,23,161,0.009707359806323416,0.914782851934433,0.47070008516311646
primary,2,101,0.01,24,168,0.009680447952607845,0.4086012329374041,0.4687376320362091
primary,2,101,0.01,25,175,0.009652393605146845,0.5984204028333936,0.5026330649852753
primary,2,101,0.01,26,182,0.00962320368593087,0.3888726804871112,0.5048398673534393
primary,2,101,0.01,27,189,0.009592885397135707,0.4334778125796999,0.5162035524845123
primary,2,101,0.01,28,196,0.009561446219345454,0.402894440772278,0.47718897461891174
primary,2,101,0.01,29,203,0.009528893909706798,0.4155723695377154,0.47151267528533936
primary,2,101,0.01,30,210,0.009495236500015047,0.3793405422142574,0.5403580367565155
primary,2,101,0.01,31,217,0.00946048229473242,0.3969677207725389,0.4688466787338257
primary,2,101,0.01,32,224,0.009424639868939034,0.524859539100102,0.5102210640907288
primary,2,101,0.01,33,231,0.009387718066217124,0.5382705969469888,0.47017475962638855
primary,2,101,0.01,34,238,0.009349725996469048,0.7592690970216479,0.5931574404239655
primary,2,101,0.01,35,245,0.00931067303366952,0.42283845172330203,0.4845733940601349
primary,2,101,0.01,36,252,0.009270568813552756,0.37374650726893116,0.46431946754455566
primary,2,101,0.01,37,259,0.009229423231234974,0.36870757171085905,0.46102455258369446
primary,2,101,0.01,38,266,0.009187246438772938,0.4589227650846754,0.4784180223941803
primary,2,101,0.01,39,273,0.009144048842659082,0.4070962369441986,0.48975494503974915
primary,2,101,0.01,40,280,0.009099841101253866,0.7486817985773087,0.4961611032485962
primary,2,101,0.01,41,287,0.00905463412215599,0.3547588951644554,0.48211202025413513
primary,2,101,0.01,42,294,0.0090084390595111,0.4805162953146334,1.5176018923521042
primary,2,101,0.01,43,301,0.008961267311259666,0.9653404780796596,0.4748413562774658
primary,2,101,0.01,44,308,0.008913130516324731,0.3704508010830198,0.48189282417297363
primary,2,101,0.01,45,315,0.008864040551740157,0.46399436252457754,0.41227099299430847
primary,2,101,0.01,46,322,0.008814009529720154,0.5095039542232241,0.5646655857563019
primary,2,101,0.01,47,329,0.008763049794670776,0.3758466648203986,0.4780381917953491
primary,2,101,0.01,48,336,0.008711173920144118,0.3647003217733332,0.4821842312812805
primary,2,101,0.01,49,343,0.008658394705735987,0.3933464522872652,0.5145084261894226
primary,2,101,0.01,50,350,0.008604725173927784,0.3842542533363615,0.5074438750743866
primary,2,101,0.01,51,357,0.00855017856687341,0.3977181315422058,0.5030728280544281
primary,2,101,0.01,52,364,0.008494768343131955,0.43408569267817904,0.47505268454551697
primary,2,101,0.01,53,371,0.00843850817434701,0.42559395517621723,0.47171711921691895
primary,2,101,0.01,54,378,0.008381411941873378,0.35928674201880184,0.5039131045341492
primary,2,101,0.01,55,385,0.008323493733352076,0.3706885874271393,0.4896291494369507
primary,2,101,0.01,56,392,0.008264767839234409,0.37674587065183524,0.5844483375549316
primary,2,101,0.01,57,399,0.008205248749256015,0.43110847047397066,0.5336498320102692
primary,2,101,0.01,58,406,0.008144951148861742,0.40614015821899685,0.552680253982544
primary,2,101,0.01,59,413,0.008083889915582234,0.45938965558473555,0.9024310111999512
primary,2,101,0.01,60,420,0.008022080115363126,0.5590263136795589,0.5518206357955933
primary,2,101,0.01,61,427,0.007959536998847744,0.4198297070605414,0.5043271780014038
primary,2,101,0.01,62,434,0.00789627599761423,0.42692698325429645,0.48186859488487244
primary,2,101,0.01,63,441,0.007832312720368047,0.37062450285468784,0.5283173322677612
primary,2,101,0.01,64,448,0.007767662949090753,0.490936883858272,0.5662287473678589
primary,2,101,0.01,65,455,0.007702342635146034,0.5011586930070605,0.482378751039505
primary,2,101,0.01,66,462,0.007636367895343947,0.3684924319386482,0.47988057136535645
primary,2,101,0.01,67,469,0.007569755007964339,0.387003273836204,0.47175219655036926
primary,2,101,0.01,68,476,0.007502520408740419,0.4058677213532584,0.4693751633167267
primary,2,101,0.01,69,483,0.007434680686803491,0.3625136957104717,0.4711797833442688
primary,2,101,0.01,70,490,0.0073662525805898394,0.3555941533164254,0.4798051118850708
primary,2,101,0.01,71,497,0.007297252973710758,0.402734820331846,0.4807613790035248
primary,2,101,0.01,72,504,0.00722769889078678,0.39955081258501324,0.4786752164363861
primary,2,101,0.01,73,511,0.0071576074932471105,0.3501946340714182,0.4952140748500824
primary,2,101,0.01,74,518,0.00708699607509529,0.7506325202328819,0.4798242449760437
primary,2,101,0.01,75,525,0.007015882058642164,0.7369475322110313,0.4890458285808563
primary,3,101,1e-05,1,7,1e-05,0.48784967405455454,0.6052871346473694
primary,3,101,1e-05,2,14,9.99938933078422e-06,0.6578097726617541,0.586350291967392
primary,3,101,1e-05,3,21,9.997557473810373e-06,0.5012662879058293,0.5728141963481903
primary,3,101,1e-05,4,28,9.994504881061752e-06,0.4932745099067688,0.5621963739395142
primary,3,101,1e-05,5,35,9.990232305719944e-06,0.5436026113373893,0.5541870296001434
primary,3,101,1e-05,6,42,9.984740801978984e-06,0.4223229171974318,0.5498465001583099
primary,3,101,1e-05,7,49,9.978031724785247e-06,0.6090109263147626,0.5449134409427643
primary,3,101,1e-05,8,56,9.97010672950314e-06,0.4095451533794403,0.5408696830272675
primary,3,101,1e-05,9,63,9.960967771506666e-06,0.6042018745626722,0.5382357537746429
primary,3,101,1e-05,10,70,9.950617105696961e-06,0.6589523128100804,0.5367004871368408
primary,3,101,1e-05,11,77,9.939057285945933e-06,0.3953654414841107,0.5362291634082794
primary,3,101,1e-05,12,84,9.926291164466131e-06,0.40550981781312395,0.5356176197528839
primary,3,101,1e-05,13,91,9.91232189110701e-06,0.5264543635504586,0.5351805984973907
primary,3,101,1e-05,14,98,9.897152912577742e-06,0.5057128071784973,0.5350888669490814
primary,3,101,1e-05,15,105,9.8807879715968e-06,0.4169257368360247,0.535260945558548
primary,3,101,1e-05,16,112,9.8632311059685e-06,0.43097218019621714,0.5353360772132874
primary,3,101,1e-05,17,119,9.844486647586724e-06,0.42957861934389385,0.5351654291152954
primary,3,101,1e-05,18,126,9.824559221366101e-06,0.4110467902251652,0.5353513360023499
primary,3,101,1e-05,19,133,9.803453744100868e-06,0.44725458111081806,0.5350356698036194
primary,3,101,1e-05,20,140,9.781175423251734e-06,0.5939109878880637,0.5347481369972229
primary,3,101,1e-05,21,147,9.757729755661012e-06,0.444369164960725,0.534948080778122
primary,3,101,1e-05,22,154,9.73312252619635e-06,0.42383713168757303,0.5349717140197754
primary,3,101,1e-05,23,161,9.707359806323418e-06,0.40041409379669596,0.5353226065635681
primary,3,101,1e-05,24,168,9.680447952607845e-06,0.6234069466590881,0.535163551568985
primary,3,101,1e-05,25,175,9.652393605146845e-06,0.6276214803968158,0.5356687605381012
primary,3,101,1e-05,26,182,9.62320368593087e-06,0.6589458967958178,0.5368196666240692
primary,3,101,1e-05,27,189,9.592885397135707e-06,0.5438739955425262,0.5374069511890411
primary,3,101,1e-05,28,196,9.561446219345455e-06,0.39390398668391363,0.5371330976486206
primary,3,101,1e-05,29,203,9.528893909706798e-06,0.44594297238758634,0.5364845395088196
primary,3,101,1e-05,30,210,9.495236500015048e-06,0.4084897743804114,0.5359279215335846
primary,3,101,1e-05,31,217,9.460482294732422e-06,0.3965938455824341,0.5357136428356171
primary,3,101,1e-05,32,224,9.424639868939035e-06,0.42972143633025034,0.5350794196128845
primary,3,101,1e-05,33,231,9.387718066217125e-06,0.407563986788903,0.5342558324337006
primary,3,101,1e-05,34,238,9.349725996469047e-06,0.44388278893062044,0.5339537262916565
primary,3,101,1e-05,35,245,9.310673033669522e-06,0.3905507209045546,0.534225195646286
primary,3,101,1e-05,36,252,9.270568813552757e-06,0.5119192515100751,0.5346652269363403
primary,3,101,1e-05,37,259,9.229423231234975e-06,0.39723389595746994,0.5344385504722595
primary,3,101,1e-05,38,266,9.18724643877294e-06,0.4386777239186423,0.5349330306053162
primary,3,101,1e-05,39,273,9.144048842659081e-06,0.420126026230199,0.5355599820613861
primary,3,101,1e-05,40,280,9.099841101253867e-06,0.3997186821486269,0.5348603427410126
primary,3,101,1e-05,41,287,9.054634122155991e-06,0.5291561526911599,0.5351773798465729
primary,3,101,1e-05,42,294,9.0084390595111e-06,0.6147002237183707,0.5350777804851532
primary,3,101,1e-05,43,301,8.961267311259668e-06,0.43635925969907213,0.5348820984363556
primary,3,101,1e-05,44,308,8.913130516324733e-06,0.5586290870394025,0.5343414545059204
primary,3,101,1e-05,45,315,8.864040551740158e-06,0.4083094320126942,0.5340705215930939
primary,3,101,1e-05,46,322,8.814009529720155e-06,0.42484909296035767,0.5340376794338226
primary,3,101,1e-05,47,329,8.763049794670776e-06,0.4057404611791883,0.5335791110992432
primary,3,101,1e-05,48,336,8.711173920144118e-06,0.40384327194520403,0.5331639051437378
primary,3,101,1e-05,49,343,8.658394705735988e-06,0.411864945931094,0.5327273607254028
primary,3,101,1e-05,50,350,8.604725173927786e-06,0.4142222447054727,0.5321053564548492
primary,3,101,1e-05,51,357,8.550178566873412e-06,0.5709664395877293,0.5320708751678467
primary,3,101,1e-05,52,364,8.494768343131955e-06,0.4131831228733063,0.5321475565433502
primary,3,101,1e-05,53,371,8.43850817434701e-06,0.40960162452289034,0.5328900814056396
primary,3,101,1e-05,54,378,8.381411941873379e-06,0.4162964001297951,0.5324926674365997
primary,3,101,1e-05,55,385,8.323493733352078e-06,0.4215858333877155,0.5320411622524261
primary,3,101,1e-05,56,392,8.26476783923441e-06,0.41346668132713865,0.5322692692279816
primary,3,101,1e-05,57,399,8.205248749256014e-06,0.6219490851674762,0.532110869884491
primary,3,101,1e-05,58,406,8.144951148861743e-06,0.41549097640173777,0.5319195687770844
primary,3,101,1e-05,59,413,8.083889915582235e-06,0.4554581940174103,0.531565248966217
primary,3,101,1e-05,60,420,8.022080115363127e-06,0.39782863216740744,0.5320501327514648
primary,3,101,1e-05,61,427,7.959536998847744e-06,0.5358736770493644,0.5321491956710815
primary,3,101,1e-05,62,434,7.89627599761423e-06,0.4977217061179025,0.5323436558246613
primary,3,101,1e-05,63,441,7.832312720368048e-06,0.429518529347011,0.5323183834552765
primary,3,101,1e-05,64,448,7.767662949090754e-06,0.40930524681295666,0.5328787565231323
primary,3,101,1e-05,65,455,7.702342635146033e-06,0.38719512708485126,0.5326194167137146
primary,3,101,1e-05,66,462,7.636367895343947e-06,0.4094741642475128,0.5324234366416931
primary,3,101,1e-05,67,469,7.5697550079643376e-06,0.3936883125986372,0.5320071876049042
primary,3,101,1e-05,68,476,7.502520408740418e-06,0.40310345802988323,0.5315308570861816
primary,3,101,1e-05,69,483,7.43468068680349e-06,0.4117792078426906,0.531264066696167
primary,3,101,1e-05,70,490,7.366252580589839e-06,0.42315959504672457,0.5311591923236847
primary,3,101,1e-05,71,497,7.297252973710756e-06,0.4143093909536089,0.5314269065856934
primary,3,101,1e-05,72,504,7.227698890786779e-06,0.5587479216711861,0.5312516987323761
primary,3,101,1e-05,73,511,7.15760749324711e-06,0.4159655294248036,0.5313940346240997
primary,3,101,1e-05,74,518,7.086996075095289e-06,0.4703614115715027,0.5311790704727173
primary,3,101,1e-05,75,525,7.015882058642164e-06,0.7632966552461896,0.5309579968452454
primary,3,101,1e-05,76,532,6.9442829902071945e-06,0.3910663628152439,0.5307245254516602
primary,3,101,1e-05,77,539,6.8722165357891564e-06,0.4289842929158892,0.5310268402099609
primary,3,101,1e-05,78,546,6.799700476707323e-06,0.438079161303384,0.5315112769603729
primary,3,101,1e-05,79,553,6.726752705214193e-06,0.39344697977815357,0.5321233570575714
primary,3,101,1e-05,80,560,6.65339122008084e-06,0.4062796320234026,0.5318710505962372
primary,3,101,1e-05,81,567,6.57963412215599e-06,0.39794846517699106,0.5311688184738159
primary,3,101,1e-05,82,574,6.505499609899905e-06,0.43452289061886923,0.5311360955238342
primary,3,101,1e-05,83,581,6.431005974894185e-06,0.4495499176638467,0.5309116840362549
primary,3,101,1e-05,84,588,6.356171597328595e-06,0.40872345864772797,0.5308508574962616
primary,3,101,1e-05,85,595,6.28101494146603e-06,0.4451100528240204,0.53055739402771
primary,3,101,1e-05,86,602,6.205554551086732e-06,0.43540274671145845,0.5303930044174194
primary,3,101,1e-05,87,609,6.129809044912887e-06,0.39472614760909763,0.530173271894455
primary,3,101,1e-05,88,616,6.053797112014738e-06,0.4302446757044111,0.5299178063869476
primary,3,101,1e-05,89,623,5.977537507199338e-06,0.42776261057172504,0.529323160648346
primary,3,101,1e-05,90,630,5.901049046383077e-06,0.617170546736036,0.5294013917446136
primary,3,101,1e-05,91,637,5.824350601949143e-06,0.4024564985718046,0.5293466746807098
primary,3,101,1e-05,92,644,5.7474610980910354e-06,0.5234018649373736,0.5290943682193756
primary,3,101,1e-05,93,651,5.6703995061433075e-06,0.5882488787174225,0.5289909541606903
primary,3,101,1e-05,94,658,5.5931848399006745e-06,0.3984890377947262,0.5292715430259705
primary,3,101,1e-05,95,665,5.515836150926646e-06,0.3973381668329239,0.5293644666671753
primary,3,101,1e-05,96,672,5.438372523852833e-06,0.6005655463252749,0.5289573073387146
primary,3,101,1e-05,97,679,5.360813071670101e-06,0.8047029567616326,0.5290387570858002
primary,3,101,1e-05,98,686,5.283176931012731e-06,0.4148965563092913,0.5294060111045837
primary,3,101,1e-05,99,693,5.205483257436735e-06,0.37967935098069056,0.5298915803432465
primary,3,101,1e-05,100,700,5.127751220693512e-06,0.38623703324369024,0.5292475819587708
primary,3,101,1e-05,101,707,5.05e-06,0.41993430256843567,0.5292863547801971
primary,3,101,1e-05,102,714,4.972248779306488e-06,0.42164636722632814,0.5285170674324036
primary,3,101,1e-05,103,721,4.8945167425632645e-06,0.6576547367232186,0.5277811288833618
primary,3,101,1e-05,104,728,4.816823068987269e-06,0.5412714694227491,0.5277853012084961
primary,3,101,1e-05,105,735,4.7391869283298985e-06,0.450551022376333,0.5279380679130554
primary,3,101,1e-05,106,742,4.661627476147168e-06,0.5208618470600673,0.5286193788051605
primary,3,101,1e-05,107,749,4.584163849073354e-06,0.39068630071622984,0.5291532278060913
primary,3,101,1e-05,108,756,4.506815160099326e-06,0.42667278221675325,0.5289216637611389
primary,3,101,1e-05,109,763,4.429600493856694e-06,0.49849603857312885,0.5286925733089447
primary,3,101,1e-05,110,770,4.352538901908967e-06,0.4024737562452044,0.5288451910018921
primary,3,101,1e-05,111,777,4.275649398050858e-06,0.40400503469364984,0.528241366147995
primary,3,101,1e-05,112,784,4.198950953616922e-06,0.41357057435171946,0.5282523930072784
primary,3,101,1e-05,113,791,4.122462492800663e-06,0.3964654100792749,0.528112918138504
primary,3,101,1e-05,114,798,4.046202887985263e-06,0.3752905274076121,0.5278773009777069
primary,3,101,1e-05,115,805,3.970190955087116e-06,0.60286645591259,0.5278274714946747
primary,3,101,1e-05,116,812,3.894445448913268e-06,0.43373778249536243,0.5283003151416779
primary,3,101,1e-05,117,819,3.818985058533969e-06,0.6646910267216819,0.528466522693634
primary,3,101,1e-05,118,826,3.7438284026714044e-06,0.3960869823183332,0.5283762216567993
primary,3,101,1e-05,119,833,3.6689940251058153e-06,0.5312840725694384,0.5279429852962494
primary,3,101,1e-05,120,840,3.594500390100096e-06,0.3888213847364698,0.5281587541103363
primary,3,101,1e-05,121,847,3.5203658778440116e-06,0.5205617887633187,0.5276414155960083
primary,3,101,1e-05,122,854,3.4466087799191603e-06,0.5053514667919704,0.5278056263923645
primary,3,101,1e-05,123,861,3.3732472947858077e-06,0.421714078102793,0.5283426344394684
primary,3,101,1e-05,124,868,3.300299523292678e-06,0.3874171461377825,0.5283738374710083
primary,3,101,1e-05,125,875,3.227783464210845e-06,0.40436174614088877,0.5280779302120209
primary,3,101,1e-05,126,882,3.155717009792807e-06,0.5314236240727561,0.5276605784893036
primary,3,101,1e-05,127,889,3.0841179413578354e-06,0.43855113642556326,0.5275826752185822
primary,3,101,1e-05,128,896,3.0130039249047117e-06,0.40562598620142254,0.5273505747318268
primary,3,101,1e-05,129,903,2.9423925067528904e-06,0.5365411554064069,0.5273027122020721
primary,3,101,1e-05,130,910,2.87230110921322e-06,0.4006372647626059,0.5275235176086426
primary,3,101,1e-05,131,917,2.8027470262892435e-06,0.3923955506512097,0.5274389982223511
primary,3,101,1e-05,132,924,2.7337474194101625e-06,0.3916537846837725,0.527283638715744
primary,3,101,1e-05,133,931,2.6653193131965085e-06,0.731279268860817,0.5270008146762848
primary,3,101,1e-05,134,938,2.5974795912595824e-06,0.38790194051606314,0.527263343334198
primary,3,101,1e-05,135,945,2.530244992035662e-06,0.40298553662640707,0.527238517999649
primary,3,101,1e-05,136,952,2.4636321046560533e-06,0.39122970189367023,0.5272166728973389
primary,3,101,1e-05,137,959,2.3976573648539653e-06,0.4111433284623282,0.5272406935691833
primary,3,101,1e-05,138,966,2.332337050909247e-06,0.5492450041430337,0.5272447168827057
primary,3,101,1e-05,139,973,2.267687279631953e-06,0.7584928976637977,0.527323991060257
primary,3,101,1e-05,140,980,2.2037240023857708e-06,0.4012963133198874,0.5278205871582031
primary,3,101,1e-05,141,987,2.1404630011522584e-06,0.48792225973946707,0.5278052091598511
primary,3,101,1e-05,142,994,2.0779198846368745e-06,0.45196457632950376,0.5277392566204071
primary,3,101,1e-05,143,1001,2.0161100844177658e-06,0.5215402830924306,0.5281040370464325
primary,3,101,1e-05,144,1008,1.9550488511382593e-06,0.38039356456803425,0.5281102359294891
primary,3,101,1e-05,145,1015,1.894751250743986e-06,0.39533300538148197,0.5280417799949646
primary,3,101,1e-05,146,1022,1.8352321607655916e-06,0.3874695992895535,0.5279665887355804
primary,3,101,1e-05,147,1029,1.7765062666479242e-06,0.41796785805906567,0.5278863906860352
primary,3,101,1e-05,148,1036,1.7185880581266217e-06,0.40300508588552475,0.5277303457260132
primary,3,101,1e-05,149,1043,1.6614918256529908e-06,0.4797417883362089,0.527375727891922
primary,3,101,1e-05,150,1050,1.6052316568680442e-06,0.3946244354758944,0.5272988080978394
primary,3,101,1e-05,151,1057,1.5498214331265902e-06,0.3857778454465525,0.5270480811595917
primary,3,101,1e-05,152,1064,1.495274826072216e-06,0.4106477584157671,0.5269035696983337
primary,3,101,1e-05,153,1071,1.441605294264014e-06,0.3921427343572889,0.5267742872238159
primary,3,101,1e-05,154,1078,1.3888260798558817e-06,0.47714333874838694,0.5266183018684387
primary,3,101,1e-05,155,1085,1.3369502053292252e-06,0.39378644499395576,0.5265834331512451
primary,3,101,1e-05,156,1092,1.285990470279847e-06,0.4006178932530539,0.5265214443206787
primary,3,101,1e-05,157,1099,1.2359594482598438e-06,0.42766448855400085,0.5265133678913116
primary,3,101,1e-05,158,1106,1.1868694836752686e-06,0.4141880827290671,0.526500940322876
primary,3,101,1e-05,159,1113,1.1387326887403326e-06,0.47292820470673697,0.5265403985977173
primary,3,101,1e-05,160,1120,1.0915609404889017e-06,0.40985022698129925,0.5266013741493225
primary,3,101,1e-05,161,1127,1.0453658778440107e-06,0.5027391569955009,0.5266941785812378
primary,3,101,1e-05,162,1134,1.0001588987461348e-06,0.4085231338228498,0.5267556309700012
primary,3,101,1e-05,163,1141,9.559511573409195e-07,0.38814213180116247,0.526705801486969
primary,3,101,1e-05,164,1148,9.127535612270632e-07,0.4086252653173038,0.5266052484512329
primary,3,101,1e-05,165,1155,8.705767687650265e-07,0.41232529069696155,0.5265468955039978
primary,3,101,1e-05,166,1162,8.294311864472448e-07,0.40236695749419077,0.5265172123908997
primary,3,101,1e-05,167,1169,7.893269663304784e-07,0.38220982466425213,0.5265160799026489
primary,3,101,1e-05,168,1176,7.50274003530953e-07,0.3844489370073591,0.5264189541339874
primary,3,101,1e-05,169,1183,7.122819337828752e-07,0.42207380277769907,0.526341587305069
primary,3,101,1e-05,170,1190,6.753601310609673e-07,0.4928763934544155,0.5263348519802094
primary,3,101,1e-05,171,1197,6.395177052675794e-07,0.38897071845297304,0.5263338685035706
primary,3,101,1e-05,172,1204,6.047634999849531e-07,0.391546511224338,0.5263568162918091
primary,3,101,1e-05,173,1211,5.711060902932043e-07,0.4476493405444281,0.5263301730155945
primary,3,101,1e-05,174,1218,5.385537806545469e-07,0.3759084708456482,0.5263130962848663
primary,3,101,1e-05,175,1225,5.071146028642944e-07,0.39390801531927927,0.5262970626354218
primary,3,101,1e-05,176,1232,4.7679631406913176e-07,0.39034637063741684,0.5263275802135468
primary,3,101,1e-05,177,1239,4.4760639485315585e-07,0.42926204417433056,0.5263447463512421
primary,3,101,1e-05,178,1246,4.195520473921565e-07,0.40762622228690554,0.5264018476009369
primary,3,101,1e-05,179,1253,3.92640193676584e-07,0.6543784673724856,0.5264073014259338
primary,3,101,1e-05,180,1260,3.668774738036508e-07,0.3978258211697851,0.5264073610305786
primary,3,101,1e-05,181,1267,3.4227024433899004e-07,0.42782302094357355,0.526418924331665
primary,3,101,1e-05,182,1274,3.188245767482659e-07,0.46106292945998056,0.526418149471283
primary,3,101,1e-05,183,1281,2.9654625589913237e-07,0.4091740846633911,0.5264349579811096
primary,3,101,1e-05,184,1288,2.754407786339001e-07,0.3990205505064556,0.5264348089694977
primary,3,101,1e-05,185,1295,2.555133524132767e-07,0.3977133663637297,0.5264145135879517
primary,3,101,1e-05,186,1302,2.3676889403150103e-07,0.3989722409418651,0.5264092087745667
primary,3,101,1e-05,187,1309,2.1921202840320077e-07,0.4951713702508381,0.5264083445072174
primary,3,101,1e-05,188,1316,2.0284708742225901e-07,0.4907646179199219,0.5264042317867279
primary,3,101,1e-05,189,1323,1.8767810889299085e-07,0.3910805433988571,0.5264171361923218
primary,3,101,1e-05,190,1330,1.7370883553386935e-07,0.6414553437914167,0.5264301002025604
primary,3,101,1e-05,191,1337,1.609427140540686e-07,0.4037333790745054,0.5264278650283813
primary,3,101,1e-05,192,1344,1.493828943030402e-07,0.6435507259198597,0.5264278650283813
primary,3,101,1e-05,193,1351,1.3903222849333507e-07,0.4972882866859436,0.5264241695404053
primary,3,101,1e-05,194,1358,1.2989327049686101e-07,0.38004071584769655,0.5264190137386322
primary,3,101,1e-05,195,1365,1.2196827521475402e-07,0.38680196340594974,0.5264113247394562
primary,3,101,1e-05,196,1372,1.1525919802101659e-07,0.388865807226726,0.5264130234718323
primary,3,101,1e-05,197,1379,1.097676942800558e-07,0.48599836443151745,0.5264100730419159
primary,3,101,1e-05,198,1386,1.0549511893824898e-07,0.41117322870663237,0.5264183878898621
primary,3,101,1e-05,199,1393,1.0244252618962859e-07,0.49380377360752653,0.5264238715171814
primary,3,101,1e-05,200,1400,1.006106692157801e-07,0.3857237278882946,0.5264266729354858
primary,3,101,0.0001,1,7,0.0001,0.418594166636467,0.5410110056400299
primary,3,101,0.0001,2,14,9.99938933078422e-05,0.624348582965987,0.5491529405117035
primary,3,101,0.0001,3,21,9.997557473810373e-05,0.5010231946195874,0.5417496263980865
primary,3,101,0.0001,4,28,9.994504881061753e-05,0.4941621444055012,0.5482726693153381
primary,3,101,0.0001,5,35,9.990232305719945e-05,0.5274076419217246,0.5419959425926208
primary,3,101,0.0001,6,42,9.984740801978984e-05,0.4028136304446629,0.5315845608711243
primary,3,101,0.0001,7,49,9.978031724785247e-05,0.6034961321524211,0.5301234722137451
primary,3,101,0.0001,8,56,9.97010672950314e-05,0.4208249236856188,0.5332230627536774
primary,3,101,0.0001,9,63,9.960967771506667e-05,0.5784897591386523,0.5292923152446747
primary,3,101,0.0001,10,70,9.95061710569696e-05,0.6513646723968642,0.5278482437133789
primary,3,101,0.0001,11,77,9.939057285945933e-05,0.3829053219939981,0.5314347445964813
primary,3,101,0.0001,12,84,9.926291164466132e-05,0.39450982000146595,0.5248129665851593
primary,3,101,0.0001,13,91,9.91232189110701e-05,0.5202301123312542,0.5227744877338409
primary,3,101,0.0001,14,98,9.897152912577741e-05,0.49606490560940336,0.5289388000965118
primary,3,101,0.0001,15,105,9.8807879715968e-05,0.40697366850716726,0.5411997139453888
primary,3,101,0.0001,16,112,9.8632311059685e-05,0.39179488165037973,0.5192386507987976
primary,3,101,0.0001,17,119,9.844486647586725e-05,0.40918464745794025,0.5220596492290497
primary,3,101,0.0001,18,126,9.824559221366101e-05,0.3966833172099931,0.5284064710140228
primary,3,101,0.0001,19,133,9.803453744100869e-05,0.3963399337870734,0.5140449106693268
primary,3,101,0.0001,20,140,9.781175423251735e-05,0.5648890627282006,0.523001492023468
primary,3,101,0.0001,21,147,9.757729755661011e-05,0.3932092658111027,0.521790474653244
primary,3,101,0.0001,22,154,9.73312252619635e-05,0.37119162348764284,0.5151638686656952
primary,3,101,0.0001,23,161,9.707359806323417e-05,0.34210913942661136,0.5257725119590759
primary,3,101,0.0001,24,168,9.680447952607845e-05,0.5797083058527538,0.5211561620235443
primary,3,101,0.0001,25,175,9.652393605146844e-05,0.5913357606955937,0.5135680437088013
primary,3,101,0.0001,26,182,9.623203685930869e-05,0.5705560147762299,0.5320026576519012
primary,3,101,0.0001,27,189,9.592885397135707e-05,0.4570210129022598,0.5125200152397156
primary,3,101,0.0001,28,196,9.561446219345454e-05,0.3486897328070232,0.5255865156650543
primary,3,101,0.0001,29,203,9.528893909706797e-05,0.36002405626433237,0.5228338539600372
primary,3,101,0.0001,30,210,9.495236500015047e-05,0.3454730893884386,0.5419542491436005
primary,3,101,0.0001,31,217,9.460482294732421e-05,0.3374383236680712,0.5045498907566071
primary,3,101,0.0001,32,224,9.424639868939033e-05,0.29690057039260864,0.5282135903835297
primary,3,101,0.0001,33,231,9.387718066217124e-05,0.31272498411791666,0.4994044601917267
primary,3,101,0.0001,34,238,9.349725996469047e-05,0.3110663081918444,0.5253945589065552
primary,3,101,0.0001,35,245,9.310673033669521e-05,0.29720852843352724,0.5086256265640259
primary,3,101,0.0001,36,252,9.270568813552756e-05,0.37807576784065794,0.5200383365154266
primary,3,101,0.0001,37,259,9.229423231234974e-05,0.34260381758213043,0.500514030456543
primary,3,101,0.0001,38,266,9.187246438772939e-05,0.29544561888490406,0.517659604549408
primary,3,101,0.0001,39,273,9.14404884265908e-05,0.2816888101494572,0.49568286538124084
primary,3,101,0.0001,40,280,9.099841101253866e-05,0.29926470134939465,0.5161842405796051
primary,3,101,0.0001,41,287,9.05463412215599e-05,0.3554932879550116,0.4897058606147766
primary,3,101,0.0001,42,294,9.0084390595111e-05,0.4793261044791767,0.5448369085788727
primary,3,101,0.0001,43,301,8.961267311259666e-05,0.28723536857536863,0.4997389316558838
primary,3,101,0.0001,44,308,8.913130516324733e-05,0.37169390278203146,0.5424642264842987
primary,3,101,0.0001,45,315,8.864040551740158e-05,0.2612806239298412,0.5166445076465607
primary,3,101,0.0001,46,322,8.814009529720155e-05,0.3186762205192021,0.5112212300300598
primary,3,101,0.0001,47,329,8.763049794670775e-05,0.2587708394442286,0.5378758013248444
primary,3,101,0.0001,48,336,8.711173920144117e-05,0.24159156371440207,0.4921412169933319
primary,3,101,0.0001,49,343,8.658394705735987e-05,0.2538035118154117,0.49856123328208923
primary,3,101,0.0001,50,350,8.604725173927785e-05,0.23428198801619665,0.5194669365882874
primary,3,101,0.0001,51,357,8.55017856687341e-05,0.32894095991339,0.5047020018100739
primary,3,101,0.0001,52,364,8.494768343131955e-05,0.23845089972019196,0.5581873059272766
primary,3,101,0.0001,53,371,8.438508174347009e-05,0.22982962323086603,0.5195361375808716
primary,3,101,0.0001,54,378,8.381411941873378e-05,0.2218453979917935,0.5537372529506683
primary,3,101,0.0001,55,385,8.323493733352077e-05,0.22082155517169408,0.5134435892105103
primary,3,101,0.0001,56,392,8.26476783923441e-05,0.22362145302551134,0.5323463380336761
primary,3,101,0.0001,57,399,8.205248749256015e-05,0.4892553708383015,0.5064404308795929
primary,3,101,0.0001,58,406,8.144951148861742e-05,0.2571903190442494,0.5757143199443817
primary,3,101,0.0001,59,413,8.083889915582235e-05,0.2235971146396228,0.4986329674720764
primary,3,101,0.0001,60,420,8.022080115363127e-05,0.22179010723318374,0.5152890980243683
primary,3,101,0.0001,61,427,7.959536998847744e-05,0.2963202920343195,0.4885188341140747
primary,3,101,0.0001,62,434,7.89627599761423e-05,0.24042681923934392,0.5232140123844147
primary,3,101,0.0001,63,441,7.832312720368048e-05,0.1879965482013566,0.49188414216041565
primary,3,101,0.0001,64,448,7.767662949090753e-05,0.2347417665379388,0.4913969039916992
primary,3,101,0.0001,65,455,7.702342635146033e-05,0.21111297288111278,0.5665701031684875
primary,3,101,0.0001,66,462,7.636367895343946e-05,0.21499255618878774,0.4978257417678833
primary,3,101,0.0001,67,469,7.569755007964338e-05,0.19297851089920318,0.5111788511276245
primary,3,101,0.0001,68,476,7.502520408740418e-05,0.18209226323025568,0.48356205224990845
primary,3,101,0.0001,69,483,7.43468068680349e-05,0.22316256192113673,0.5707881152629852
primary,3,101,0.0001,70,490,7.366252580589839e-05,0.22942579644066946,0.4861906170845032
primary,3,101,0.0001,71,497,7.297252973710757e-05,0.204282672809703,0.4715927541255951
primary,3,101,0.0001,72,504,7.22769889078678e-05,0.23032369571072714,0.559033989906311
primary,3,101,0.0001,73,511,7.15760749324711e-05,0.17788184487393924,0.4842292070388794
primary,3,101,0.0001,74,518,7.086996075095289e-05,0.18921259471348353,0.517292857170105
primary,3,101,0.0001,75,525,7.015882058642164e-05,0.2705868259072304,0.5159036815166473
primary,3,101,0.0001,76,532,6.944282990207195e-05,0.18221197383744375,0.5392758250236511
primary,3,101,0.0001,77,539,6.872216535789157e-05,0.14100440591573715,0.4663804769515991
primary,3,101,0.0001,78,546,6.799700476707323e-05,0.19062828911202295,0.5266101062297821
primary,3,101,0.0001,79,553,6.726752705214194e-05,0.1418259084623839,0.5736970901489258
primary,3,101,0.0001,80,560,6.65339122008084e-05,0.1549154735569443,0.518356204032898
primary,3,101,0.0001,81,567,6.57963412215599e-05,0.18434884612049376,0.6072266399860382
primary,3,101,0.0001,82,574,6.505499609899905e-05,0.1436708638710635,0.5523512065410614
primary,3,101,0.0001,83,581,6.431005974894185e-05,0.15513777839285986,0.5986364483833313
primary,3,101,0.0001,84,588,6.356171597328596e-05,0.1464651652744838,0.487811803817749
primary,3,101,0.0001,85,595,6.281014941466031e-05,0.1885309602533068,0.5581014752388
primary,3,101,0.0001,86,602,6.205554551086733e-05,0.11627004135932241,0.5262338519096375
primary,3,101,0.0001,87,609,6.129809044912887e-05,0.11994040624371596,0.5409576296806335
primary,3,101,0.0001,88,616,6.053797112014738e-05,0.15364856751901762,0.5545346438884735
primary,3,101,0.0001,89,623,5.977537507199338e-05,0.12317086064389773,0.5620078444480896
primary,3,101,0.0001,90,630,5.901049046383077e-05,0.3397570992154734,0.5461154580116272
primary,3,101,0.0001,91,637,5.8243506019491436e-05,0.12184943874100489,0.5033415853977203
primary,3,101,0.0001,92,644,5.7474610980910354e-05,0.11069055992577757,0.5594614744186401
primary,3,101,0.0001,93,651,5.6703995061433075e-05,0.1303990946284362,0.5302494466304779
primary,3,101,0.0001,94,658,5.5931848399006745e-05,0.1331921602998461,0.45886412262916565
primary,3,101,0.0001,95,665,5.515836150926646e-05,0.16895413451961108,0.5372676849365234
primary,3,101,0.0001,96,672,5.438372523852833e-05,0.18215121648141316,0.6054339706897736
primary,3,101,0.0001,97,679,5.360813071670102e-05,0.4089040734938213,0.4971817433834076
primary,3,101,0.0001,98,686,5.283176931012731e-05,0.12828746916992323,0.582061231136322
primary,3,101,0.0001,99,693,5.205483257436735e-05,0.10377821219818932,0.5787415504455566
primary,3,101,0.0001,100,700,5.127751220693513e-05,0.1309602984360286,0.5456209480762482
primary,3,101,0.0001,101,707,5.05e-05,0.10841138926999909,0.5461362898349762
primary,3,101,0.0001,102,714,4.972248779306489e-05,0.09808932723743576,0.5742437839508057
primary,3,101,0.0001,103,721,4.894516742563265e-05,0.3070882157023464,0.547654926776886
primary,3,101,0.0001,104,728,4.816823068987269e-05,0.1390729509294033,0.5683954358100891
primary,3,101,0.0001,105,735,4.739186928329899e-05,0.11827069787042481,0.5592185258865356
primary,3,101,0.0001,106,742,4.661627476147168e-05,0.11174198293260165,0.48766541481018066
primary,3,101,0.0001,107,749,4.584163849073354e-05,0.11478011682629585,0.546659529209137
primary,3,101,0.0001,108,756,4.5068151600993264e-05,0.11939433323485511,0.53231281042099
primary,3,101,0.0001,109,763,4.429600493856695e-05,0.1579567018364157,0.6179118156433105
primary,3,101,0.0001,110,770,4.352538901908967e-05,0.11263295830160912,0.5282562077045441
primary,3,101,0.0001,111,777,4.275649398050857e-05,0.14684577073369706,0.5584542155265808
primary,3,101,0.0001,112,784,4.198950953616922e-05,0.13382888266018458,0.5960216820240021
primary,3,101,0.0001,113,791,4.122462492800663e-05,0.10617795586585999,0.5393067896366119
primary,3,101,0.0001,114,798,4.046202887985264e-05,0.1022036714213235,0.5419321656227112
primary,3,101,0.0001,115,805,3.9701909550871155e-05,0.2919559824679579,0.5751433372497559
primary,3,101,0.0001,116,812,3.8944454489132674e-05,0.0872455123545868,0.596556156873703
primary,3,101,0.0001,117,819,3.818985058533969e-05,0.08654557434575898,0.5727415680885315
primary,3,101,0.0001,118,826,3.7438284026714043e-05,0.09911359899810382,0.5776289403438568
primary,3,101,0.0001,119,833,3.668994025105816e-05,0.11128461547195911,0.5591914653778076
primary,3,101,0.0001,120,840,3.594500390100096e-05,0.10001606547406741,0.5825987458229065
primary,3,101,0.0001,121,847,3.520365877844012e-05,0.11835683350052152,0.5418480932712555
primary,3,101,0.0001,122,854,3.44660877991916e-05,0.1404139186654772,0.5528083741664886
primary,3,101,0.0001,123,861,3.373247294785808e-05,0.09334599878638983,0.5530143678188324
primary,3,101,0.0001,124,868,3.300299523292678e-05,0.09273480171603816,0.5613629519939423
primary,3,101,0.001,1,7,0.001,0.43341362715831827,0.7983988523483276
primary,3,101,0.001,2,14,0.000999938933078422,0.7016063843454633,0.5394973158836365
primary,3,101,0.001,3,21,0.0009997557473810372,0.4839685303824289,0.5218723714351654
primary,3,101,0.001,4,28,0.0009994504881061753,0.4734857380390167,0.5462933480739594
primary,3,101,0.001,5,35,0.0009990232305719944,0.45959614643028807,0.5755259990692139
primary,3,101,0.001,6,42,0.0009984740801978985,0.4018411125455584,0.6916361153125763
primary,3,101,0.001,7,49,0.0009978031724785245,0.5755616128444672,0.5680468082427979
primary,3,101,0.001,8,56,0.000997010672950314,0.3920683435031346,0.5583376586437225
primary,3,101,0.001,9,63,0.0009960967771506667,0.5107585447175162,0.6184683442115784
primary,3,101,0.001,10,70,0.000995061710569696,0.6123186435018267,0.5538294613361359
primary,3,101,0.001,11,77,0.0009939057285945933,0.33087678173823015,0.5474225282669067
primary,3,101,0.001,12,84,0.000992629116446613,0.39597312680312563,0.5962400138378143
primary,3,101,0.001,13,91,0.000991232189110701,0.38134161489350454,0.6470874845981598
primary,3,101,0.001,14,98,0.0009897152912577741,0.3693794012069702,0.6151744723320007
primary,3,101,0.001,15,105,0.00098807879715968,0.30469096984182087,0.5605457723140717
primary,3,101,0.001,16,112,0.00098632311059685,0.31588352790900637,0.6076702177524567
primary,3,101,0.001,17,119,0.0009844486647586723,0.33445221185684204,0.8018417358398438
primary,3,101,0.001,18,126,0.00098245592213661,0.3451690354517528,0.5393623411655426
primary,3,101,0.001,19,133,0.0009803453744100868,0.2977616238806929,0.5697182714939117
primary,3,101,0.001,20,140,0.0009781175423251734,0.3029708798442568,0.6318812966346741
primary,3,101,0.001,21,147,0.0009757729755661011,0.2500446225915636,0.5849238634109497
primary,3,101,0.001,22,154,0.0009733122526196349,0.21675740448491915,0.7992525100708008
primary,3,101,0.001,23,161,0.0009707359806323416,0.2640765884092876,0.5214520692825317
primary,3,101,0.001,24,168,0.0009680447952607845,0.4801541545561382,0.5949180424213409
primary,3,101,0.001,25,175,0.0009652393605146844,0.5111369607704026,0.5187362134456635
primary,3,101,0.001,26,182,0.000962320368593087,0.19979412773890154,0.5856321156024933
primary,3,101,0.001,27,189,0.0009592885397135706,0.19501751874174392,0.5778476893901825
primary,3,101,0.001,28,196,0.0009561446219345453,0.20355649292469025,0.536560982465744
primary,3,101,0.001,29,203,0.0009528893909706797,0.12369895513568606,0.4726993441581726
primary,3,101,0.001,30,210,0.0009495236500015047,0.2045344082372529,0.6530933678150177
primary,3,101,0.001,31,217,0.0009460482294732421,0.167433720747275,0.7419970333576202
primary,3,101,0.001,32,224,0.0009424639868939033,0.20966194144317082,0.5289382040500641
primary,3,101,0.001,33,231,0.0009387718066217125,0.17898704264579074,0.5602148771286011
primary,3,101,0.001,34,238,0.0009349725996469047,0.16555102595261165,0.49307525157928467
primary,3,101,0.001,35,245,0.0009310673033669522,0.13415802123823337,0.5692814588546753
primary,3,101,0.001,36,252,0.0009270568813552756,0.1385235105242048,0.518833339214325
primary,3,101,0.001,37,259,0.0009229423231234975,0.14096618656601226,0.626684159040451
primary,3,101,0.001,38,266,0.0009187246438772938,0.15097371598572604,0.6356502771377563
primary,3,101,0.001,39,273,0.0009144048842659081,0.10380295883598072,0.5221180617809296
primary,3,101,0.001,40,280,0.0009099841101253866,0.12457197585276195,0.612342894077301
primary,3,101,0.001,41,287,0.000905463412215599,0.15560580044984818,0.6440064907073975
primary,3,101,0.001,42,294,0.0009008439059511099,0.3625776618719101,0.5435442626476288
primary,3,101,0.001,43,301,0.0008961267311259666,0.08234072948939034,0.6119110286235809
primary,3,101,0.001,44,308,0.0008913130516324732,0.12495684836591993,0.5772388279438019
primary,3,101,0.001,45,315,0.0008864040551740157,0.12978287999119079,0.5489673316478729
primary,3,101,0.001,46,322,0.0008814009529720154,0.09390586548085723,0.5023166537284851
primary,3,101,0.001,47,329,0.0008763049794670775,0.13821122901780264,0.6166515052318573
primary,3,101,0.001,48,336,0.0008711173920144117,0.08581665663846902,0.576203316450119
primary,3,101,0.001,49,343,0.0008658394705735987,0.08010595770818847,0.5269781053066254
primary,3,101,0.001,50,350,0.0008604725173927785,0.1066882461309433,0.4843868315219879
primary,3,101,0.001,51,357,0.000855017856687341,0.08676906294255916,0.5346994400024414
primary,3,101,0.001,52,364,0.0008494768343131955,0.11740040965378284,0.6202480792999268
primary,3,101,0.001,53,371,0.0008438508174347009,0.11298519372940063,0.5542742609977722
primary,3,101,0.001,54,378,0.0008381411941873378,0.10681062511035375,0.4381628632545471
primary,3,101,0.001,55,385,0.0008323493733352077,0.08640036053423371,0.49835115671157837
primary,3,101,0.001,56,392,0.000826476783923441,0.10295914965016502,0.6739639341831207
primary,3,101,0.001,57,399,0.0008205248749256015,0.340271641101156,0.48599010705947876
primary,3,101,0.001,58,406,0.0008144951148861742,0.10876539668866567,0.5434302091598511
primary,3,101,0.001,59,413,0.0008083889915582234,0.06927614828704723,0.49669986963272095
primary,3,101,0.001,60,420,0.0008022080115363127,0.10969183115022522,0.5494838356971741
primary,3,101,0.001,61,427,0.0007959536998847743,0.09804644595299448,0.5258080661296844
primary,3,101,0.001,62,434,0.0007896275997614229,0.08525113269154515,0.4797969460487366
primary,3,101,0.001,63,441,0.0007832312720368048,0.1242964645581586,0.7288857102394104
primary,3,101,0.001,64,448,0.0007767662949090753,0.11394061227994305,0.5292770266532898
primary,3,101,0.001,65,455,0.0007702342635146033,0.07354567439428397,0.4910006523132324
primary,3,101,0.001,66,462,0.0007636367895343947,0.08319226652383804,0.5099193453788757
primary,3,101,0.001,67,469,0.0007569755007964338,0.08400419800143157,0.6298815011978149
primary,3,101,0.001,68,476,0.0007502520408740418,0.0754775849304029,0.4918908178806305
primary,3,101,0.001,69,483,0.000743468068680349,0.05428946550403323,0.48582157492637634
primary,3,101,0.001,70,490,0.0007366252580589839,0.09055951078023229,0.5976269841194153
primary,3,101,0.001,71,497,0.0007297252973710757,0.1043215926204409,0.4849746823310852
primary,3,101,0.001,72,504,0.0007227698890786779,0.11291878670454025,0.5906753242015839
primary,3,101,0.001,73,511,0.000715760749324711,0.08625256589480809,0.5115466117858887
primary,3,101,0.001,74,518,0.0007086996075095289,0.07337602786719799,0.5010579526424408
primary,3,101,0.001,75,525,0.0007015882058642164,0.07259649224579334,0.5374132096767426
primary,3,101,0.001,76,532,0.0006944282990207195,0.04428463928135378,0.5132079124450684
primary,3,101,0.001,77,539,0.0006872216535789157,0.05921035073697567,0.5024153888225555
primary,3,101,0.001,78,546,0.0006799700476707324,0.05641991112913404,0.5051130652427673
primary,3,101,0.001,79,553,0.0006726752705214194,0.05434839267815862,0.572422981262207
primary,3,101,0.001,80,560,0.000665339122008084,0.042495121381112506,0.5456227958202362
primary,3,101,0.001,81,567,0.000657963412215599,0.060204243287444115,0.4884771406650543
primary,3,101,0.001,82,574,0.0006505499609899905,0.06413049530237913,0.5608851313591003
primary,3,101,0.001,83,581,0.0006431005974894186,0.05587483649807317,0.5098521113395691
primary,3,101,0.001,84,588,0.0006356171597328595,0.03852361813187599,0.48300158977508545
primary,3,101,0.01,1,7,0.01,1.7990043929644994,0.6143972873687744
primary,3,101,0.01,2,14,0.00999938933078422,1.0389074896063124,0.5868908762931824
primary,3,101,0.01,3,21,0.009997557473810372,0.8899744770356587,1.057428002357483
primary,3,101,0.01,4,28,0.009994504881061753,0.6310383336884635,0.5788210034370422
primary,3,101,0.01,5,35,0.009990232305719944,0.5222719545875277,0.5183134377002716
primary,3,101,0.01,6,42,0.009984740801978984,0.4261960429804666,0.5947934091091156
primary,3,101,0.01,7,49,0.009978031724785246,0.4929351168019431,0.5740678608417511
primary,3,101,0.01,8,56,0.00997010672950314,0.435074976512364,0.6050221025943756
primary,3,101,0.01,9,63,0.009960967771506667,0.6182533161980766,0.7962291538715363
primary,3,101,0.01,10,70,0.00995061710569696,0.8484319874218532,0.8054171800613403
primary,3,101,0.01,11,77,0.009939057285945933,0.5488477632669466,0.7456647157669067
primary,3,101,0.01,12,84,0.00992629116446613,0.610152719276292,0.5316794514656067
primary,3,101,0.01,13,91,0.00991232189110701,0.5407816086496625,0.6005516350269318
primary,3,101,0.01,14,98,0.00989715291257774,0.5983854106494358,0.5218674540519714
primary,3,101,0.01,15,105,0.0098807879715968,0.4300074332526752,0.5177575051784515
primary,3,101,0.01,16,112,0.0098632311059685,0.5313615649938583,0.5175485610961914
primary,3,101,0.01,17,119,0.009844486647586723,0.43494246687207905,0.5442946553230286
primary,3,101,0.01,18,126,0.0098245592213661,0.4465144659791674,0.5463436543941498
primary,3,101,0.01,19,133,0.009803453744100868,0.47609676846436094,0.5818285942077637
primary,3,101,0.01,20,140,0.009781175423251734,0.5930934718676976,0.5372618138790131
primary,3,101,0.01,21,147,0.009757729755661011,0.5407630737338748,0.512350857257843
primary,3,101,0.01,22,154,0.009733122526196349,0.40009230375289917,0.5244980454444885
primary,3,101,0.01,23,161,0.009707359806323416,0.4693641407149179,0.500562459230423
primary,3,101,0.01,24,168,0.009680447952607845,0.6196833848953247,0.4983833432197571
primary,3,101,0.01,25,175,0.009652393605146845,0.6097805500030518,0.5522871017456055
primary,3,101,0.01,26,182,0.00962320368593087,0.628133407660893,0.49502691626548767
primary,3,101,0.01,27,189,0.009592885397135707,0.5165510731084006,0.5243779122829437
primary,3,101,0.01,28,196,0.009561446219345454,0.406867225255285,0.4882659912109375
primary,3,101,0.01,29,203,0.009528893909706798,0.38865705898829866,0.4952385723590851
primary,3,101,0.01,30,210,0.009495236500015047,0.39610283076763153,0.5708902776241302
primary,3,101,0.01,31,217,0.00946048229473242,0.4022762472076075,0.5058032870292664
primary,3,101,0.01,32,224,0.009424639868939034,0.40206622225897654,0.4840528964996338
primary,3,101,0.01,33,231,0.009387718066217124,0.39041866787842344,0.5236713588237762
primary,3,101,0.01,34,238,0.009349725996469048,0.4060103808130537,0.5234188735485077
primary,3,101,0.01,35,245,0.00931067303366952,0.3502345596040998,0.5368781685829163
primary,3,101,0.01,36,252,0.009270568813552756,0.47037636807986666,0.5260899364948273
primary,3,101,0.01,37,259,0.009229423231234974,0.3793609951223646,0.5954053997993469
primary,3,101,0.01,38,266,0.009187246438772938,0.4139433316886425,0.5244345366954803
primary,3,101,0.01,39,273,0.009144048842659082,0.38681253152234213,0.5133177936077118
primary,3,101,0.01,40,280,0.009099841101253866,0.34717645070382525,0.5700675249099731
primary,3,101,0.01,41,287,0.00905463412215599,0.5027495750359127,0.5260407030582428
primary,3,101,0.01,42,294,0.0090084390595111,0.5800820503916059,0.5633321702480316
primary,3,101,0.01,43,301,0.008961267311259666,0.38590205567223684,0.7604531347751617
primary,3,101,0.01,44,308,0.008913130516324731,0.5715866131441933,0.5289103984832764
primary,3,101,0.01,45,315,0.008864040551740157,0.3820179317678724,0.5064608156681061
primary,3,101,0.01,46,322,0.008814009529720154,0.3998956834631307,0.5243098139762878
primary,3,101,0.01,47,329,0.008763049794670776,0.38343667664698194,0.5199530720710754
primary,3,101,0.01,48,336,0.008711173920144118,0.3629465949322496,0.5262136161327362
primary,3,101,0.01,49,343,0.008658394705735987,0.4062555006572178,0.5136243402957916
primary,3,101,0.01,50,350,0.008604725173927784,0.37083949574402403,0.5149024128913879
primary,3,101,0.01,51,357,0.00855017856687341,0.526387734072549,0.5461094975471497
primary,3,101,0.01,52,364,0.008494768343131955,0.35007399453648497,0.5158294439315796
primary,3,101,0.01,53,371,0.00843850817434701,0.6457020810672215,1.5090408772230148
primary,3,101,0.01,54,378,0.008381411941873378,0.9364223863397326,0.5083765685558319
primary,3,101,0.01,55,385,0.008323493733352076,0.35797294122832163,0.5062707960605621
primary,3,101,0.01,56,392,0.008264767839234409,0.44161138789994375,0.5948807001113892
primary,3,101,0.01,57,399,0.008205248749256015,0.672765633889607,0.5961954593658447
primary,3,101,0.01,58,406,0.008144951148861742,0.42108086603028433,0.5734667181968689
primary,3,101,0.01,59,413,0.008083889915582234,0.403115268264498,0.529914528131485
primary,3,101,0.01,60,420,0.008022080115363126,0.39741083340985434,0.5106531083583832
primary,3,101,0.01,61,427,0.007959536998847744,0.453839653304645,0.5191037952899933
primary,3,101,0.01,62,434,0.00789627599761423,0.46145763780389515,0.5194398462772369
primary,4,101,1e-05,1,7,1e-05,0.5006159203393119,0.5264700949192047
primary,4,101,1e-05,2,14,9.99938933078422e-06,0.5755009864057813,0.5070318877696991
primary,4,101,1e-05,3,21,9.997557473810373e-06,0.4949078347001757,0.49234825372695923
primary,4,101,1e-05,4,28,9.994504881061752e-06,0.47921363370759146,0.48666927218437195
primary,4,101,1e-05,5,35,9.990232305719944e-06,0.40797011128493715,0.4857638478279114
primary,4,101,1e-05,6,42,9.984740801978984e-06,0.4258158930710384,0.4856429696083069
primary,4,101,1e-05,7,49,9.978031724785247e-06,0.5258069570575442,0.4855435788631439
primary,4,101,1e-05,8,56,9.97010672950314e-06,0.4031257565532412,0.4854288399219513
primary,4,101,1e-05,9,63,9.960967771506666e-06,0.5004968302590507,0.4854920506477356
primary,4,101,1e-05,10,70,9.950617105696961e-06,0.5037177343453679,0.4862358868122101
primary,4,101,1e-05,11,77,9.939057285945933e-06,0.39577013573476244,0.4866368770599365
primary,4,101,1e-05,12,84,9.926291164466131e-06,0.426365071109363,0.48758071660995483
primary,4,101,1e-05,13,91,9.91232189110701e-06,0.41945878735610415,0.4883265793323517
primary,4,101,1e-05,14,98,9.897152912577742e-06,0.4795056879520416,0.4892998933792114
primary,4,101,1e-05,15,105,9.8807879715968e-06,0.39977345509188517,0.487846314907074
primary,4,101,1e-05,16,112,9.8632311059685e-06,0.41748316160270144,0.48770585656166077
primary,4,101,1e-05,17,119,9.844486647586724e-06,0.3995416632720402,0.48825281858444214
primary,4,101,1e-05,18,126,9.824559221366101e-06,0.3944774035896574,0.4869093894958496
primary,4,101,1e-05,19,133,9.803453744100868e-06,0.4351349174976349,0.4865563213825226
primary,4,101,1e-05,20,140,9.781175423251734e-06,0.5263018778392247,0.48649629950523376
primary,4,101,1e-05,21,147,9.757729755661012e-06,0.6195984780788422,0.48634546995162964
primary,4,101,1e-05,22,154,9.73312252619635e-06,0.3911269743527685,0.4862006902694702
primary,4,101,1e-05,23,161,9.707359806323418e-06,0.39883912780455183,0.48659747838974
primary,4,101,1e-05,24,168,9.680447952607845e-06,0.4748548354421343,0.4872107207775116
primary,4,101,1e-05,25,175,9.652393605146845e-06,0.48393650565828594,0.4870862066745758
primary,4,101,1e-05,26,182,9.62320368593087e-06,0.3974090431417738,0.4861900508403778
primary,4,101,1e-05,27,189,9.592885397135707e-06,0.5027566254138947,0.48576119542121887
primary,4,101,1e-05,28,196,9.561446219345455e-06,0.3848218321800232,0.48504897952079773
primary,4,101,1e-05,29,203,9.528893909706798e-06,0.4188541514532907,0.485264390707016
primary,4,101,1e-05,30,210,9.495236500015048e-06,0.4043642154761723,0.4851078391075134
primary,4,101,1e-05,31,217,9.460482294732422e-06,0.38331081877861706,0.4849690794944763
primary,4,101,1e-05,32,224,9.424639868939035e-06,0.40252842434815,0.4855634570121765
primary,4,101,1e-05,33,231,9.387718066217125e-06,0.39190625166520476,0.48666518926620483
primary,4,101,1e-05,34,238,9.349725996469047e-06,0.4057621955871582,0.48683708906173706
primary,4,101,1e-05,35,245,9.310673033669522e-06,0.377432221280677,0.4867013990879059
primary,4,101,1e-05,36,252,9.270568813552757e-06,0.5015623016016824,0.48563212156295776
primary,4,101,1e-05,37,259,9.229423231234975e-06,0.38360212690063883,0.4847351312637329
primary,4,101,1e-05,38,266,9.18724643877294e-06,0.4029640683106014,0.48355552554130554
primary,4,101,1e-05,39,273,9.144048842659081e-06,0.3959653856498854,0.48218002915382385
primary,4,101,1e-05,40,280,9.099841101253867e-06,0.3855755776166916,0.4821251332759857
primary,4,101,1e-05,41,287,9.054634122155991e-06,0.5128937874521527,0.4819642901420593
primary,4,101,1e-05,42,294,9.0084390595111e-06,0.48901838277067455,0.48185279965400696
primary,4,101,1e-05,43,301,8.961267311259668e-06,0.3945247914109911,0.48233461380004883
primary,4,101,1e-05,44,308,8.913130516324733e-06,0.5365163407155445,0.4834379255771637
primary,4,101,1e-05,45,315,8.864040551740158e-06,0.40376450547150206,0.4831932783126831
primary,4,101,1e-05,46,322,8.814009529720155e-06,0.40696566445486887,0.4830114543437958
primary,4,101,1e-05,47,329,8.763049794670776e-06,0.39403559267520905,0.4828509986400604
primary,4,101,1e-05,48,336,8.711173920144118e-06,0.3954045958817005,0.4834158420562744
primary,4,101,1e-05,49,343,8.658394705735988e-06,0.41486709245613645,0.48337027430534363
primary,4,101,1e-05,50,350,8.604725173927786e-06,0.39310707098671366,0.4831198751926422
primary,4,101,1e-05,51,357,8.550178566873412e-06,0.6608375608921051,0.48284998536109924
primary,4,101,1e-05,52,364,8.494768343131955e-06,0.39388250878879,0.4818728268146515
primary,4,101,1e-05,53,371,8.43850817434701e-06,0.39819047493594034,0.4806808531284332
primary,4,101,1e-05,54,378,8.381411941873379e-06,0.40195011666842867,0.48067665100097656
primary,4,101,1e-05,55,385,8.323493733352078e-06,0.41013449856213163,0.48092755675315857
primary,4,101,1e-05,56,392,8.26476783923441e-06,0.3926455421107156,0.48056697845458984
primary,4,101,1e-05,57,399,8.205248749256014e-06,0.4752733962876456,0.4808148443698883
primary,4,101,1e-05,58,406,8.144951148861743e-06,0.39465766719409395,0.4804857075214386
primary,4,101,1e-05,59,413,8.083889915582235e-06,0.4320397164140429,0.4805767238140106
primary,4,101,1e-05,60,420,8.022080115363127e-06,0.3916690307004111,0.48008111119270325
primary,4,101,1e-05,61,427,7.959536998847744e-06,0.4888605943747929,0.48039254546165466
primary,4,101,1e-05,62,434,7.89627599761423e-06,0.48341155477932524,0.48030921816825867
primary,4,101,1e-05,63,441,7.832312720368048e-06,0.4205187942300524,0.4798395335674286
primary,4,101,1e-05,64,448,7.767662949090754e-06,0.3836622493607657,0.4791278541088104
primary,4,101,1e-05,65,455,7.702342635146033e-06,0.38811848286007133,0.4790704846382141
primary,4,101,1e-05,66,462,7.636367895343947e-06,0.43219602959496634,0.4789744019508362
primary,4,101,1e-05,67,469,7.5697550079643376e-06,0.3883032894560269,0.47911548614501953
primary,4,101,1e-05,68,476,7.502520408740418e-06,0.38995371546064106,0.47936901450157166
primary,4,101,1e-05,69,483,7.43468068680349e-06,0.39472129940986633,0.4792201817035675
primary,4,101,1e-05,70,490,7.366252580589839e-06,0.42319158783980776,0.47930946946144104
primary,4,101,1e-05,71,497,7.297252973710756e-06,0.4191633292606899,0.4789332151412964
primary,4,101,1e-05,72,504,7.227698890786779e-06,0.5612159626824516,0.47953400015830994
primary,4,101,1e-05,73,511,7.15760749324711e-06,0.4083517087357385,0.4797045588493347
primary,4,101,1e-05,74,518,7.086996075095289e-06,0.647367747766631,0.4793142080307007
primary,4,101,1e-05,75,525,7.015882058642164e-06,0.6754154648099627,0.47917574644088745
primary,4,101,1e-05,76,532,6.9442829902071945e-06,0.3783026763371059,0.4785962700843811
primary,4,101,1e-05,77,539,6.8722165357891564e-06,0.40430281843457905,0.47847118973731995
primary,4,101,1e-05,78,546,6.799700476707323e-06,0.4228930728776114,0.4781709611415863
primary,4,101,1e-05,79,553,6.726752705214193e-06,0.38489257863589693,0.4779568016529083
primary,4,101,1e-05,80,560,6.65339122008084e-06,0.3854105294449255,0.4778408110141754
primary,4,101,1e-05,81,567,6.57963412215599e-06,0.3780516614871366,0.47757405042648315
primary,4,101,1e-05,82,574,6.505499609899905e-06,0.41676442325115204,0.47728875279426575
primary,4,101,1e-05,83,581,6.431005974894185e-06,0.4036694977964674,0.47720322012901306
primary,4,101,1e-05,84,588,6.356171597328595e-06,0.37853466293641497,0.47696006298065186
primary,4,101,1e-05,85,595,6.28101494146603e-06,0.41718394841466633,0.47696396708488464
primary,4,101,1e-05,86,602,6.205554551086732e-06,0.3754219118439193,0.47677862644195557
primary,4,101,1e-05,87,609,6.129809044912887e-06,0.8052850770098823,0.4767151474952698
primary,4,101,1e-05,88,616,6.053797112014738e-06,0.5912590963499886,0.4765302240848541
primary,4,101,1e-05,89,623,5.977537507199338e-06,0.3939453384705952,0.4765979051589966
primary,4,101,1e-05,90,630,5.901049046383077e-06,0.4736009197575705,0.47654518485069275
primary,4,101,1e-05,91,637,5.824350601949143e-06,0.44700823511396137,0.4766595959663391
primary,4,101,1e-05,92,644,5.7474610980910354e-06,0.48123790110860554,0.47646522521972656
primary,4,101,1e-05,93,651,5.6703995061433075e-06,0.5140031959329333,0.4762018620967865
primary,4,101,1e-05,94,658,5.5931848399006745e-06,0.40587551466056276,0.4760095775127411
primary,4,101,1e-05,95,665,5.515836150926646e-06,0.40752028141702923,0.4757803678512573
primary,4,101,1e-05,96,672,5.438372523852833e-06,0.5548408776521683,0.4757685363292694
primary,4,101,1e-05,97,679,5.360813071670101e-06,0.5839957232986178,0.4756605923175812
primary,4,101,1e-05,98,686,5.283176931012731e-06,0.3890650932277952,0.47537878155708313
primary,4,101,1e-05,99,693,5.205483257436735e-06,0.368737951453243,0.4753023684024811
primary,4,101,1e-05,100,700,5.127751220693512e-06,0.3789187862005617,0.47553908824920654
primary,4,101,1e-05,101,707,5.05e-06,0.41377089279038565,0.47560203075408936
primary,4,101,1e-05,102,714,4.972248779306488e-06,0.44194031400339945,0.4758196473121643
primary,4,101,1e-05,103,721,4.8945167425632645e-06,0.48066373808043344,0.4758737087249756
primary,4,101,1e-05,104,728,4.816823068987269e-06,0.39003361974443707,0.47576773166656494
primary,4,101,1e-05,105,735,4.7391869283298985e-06,0.39444900836263386,0.4758671820163727
primary,4,101,1e-05,106,742,4.661627476147168e-06,0.519600395645414,0.47566813230514526
primary,4,101,1e-05,107,749,4.584163849073354e-06,0.38974185075078693,0.47555646300315857
primary,4,101,1e-05,108,756,4.506815160099326e-06,0.381544149347714,0.4755484163761139
primary,4,101,1e-05,109,763,4.429600493856694e-06,0.41588043102196287,0.4757387638092041
primary,4,101,1e-05,110,770,4.352538901908967e-06,0.37072752762053696,0.4755811095237732
primary,4,101,1e-05,111,777,4.275649398050858e-06,0.38228096280779156,0.47556695342063904
primary,4,101,1e-05,112,784,4.198950953616922e-06,0.387680821120739,0.47547751665115356
primary,4,101,1e-05,113,791,4.122462492800663e-06,0.3820248916745186,0.47537076473236084
primary,4,101,1e-05,114,798,4.046202887985263e-06,0.368168120455396,0.4753846228122711
primary,4,101,1e-05,115,805,3.970190955087116e-06,0.46202821816716877,0.4751115143299103
primary,4,101,1e-05,116,812,3.894445448913268e-06,0.43858543251241955,0.47493425011634827
primary,4,101,1e-05,117,819,3.818985058533969e-06,0.3941403701901436,0.474605917930603
primary,4,101,1e-05,118,826,3.7438284026714044e-06,0.3886344326393945,0.4745011031627655
primary,4,101,1e-05,119,833,3.6689940251058153e-06,0.49268987349101473,0.4745655059814453
primary,4,101,1e-05,120,840,3.594500390100096e-06,0.37013909752879826,0.4743508994579315
primary,4,101,1e-05,121,847,3.5203658778440116e-06,0.38358411512204577,0.4743603765964508
primary,4,101,1e-05,122,854,3.4466087799191603e-06,0.4064501864569528,0.47431883215904236
primary,4,101,1e-05,123,861,3.3732472947858077e-06,0.3907074140650885,0.474172443151474
primary,4,101,1e-05,124,868,3.300299523292678e-06,0.38155049617801395,0.47409459948539734
primary,4,101,1e-05,125,875,3.227783464210845e-06,0.38029963203838896,0.47408589720726013
primary,4,101,1e-05,126,882,3.155717009792807e-06,0.515642660004752,0.4739745259284973
primary,4,101,1e-05,127,889,3.0841179413578354e-06,0.560119594846453,0.4739028811454773
primary,4,101,1e-05,128,896,3.0130039249047117e-06,0.3793707375547716,0.47378456592559814
primary,4,101,1e-05,129,903,2.9423925067528904e-06,0.49315471734319416,0.47364312410354614
primary,4,101,1e-05,130,910,2.87230110921322e-06,0.8063409200736454,0.47342994809150696
primary,4,101,1e-05,131,917,2.8027470262892435e-06,0.5623236234698977,0.473222553730011
primary,4,101,1e-05,132,924,2.7337474194101625e-06,0.3818145404968943,0.47303634881973267
primary,4,101,1e-05,133,931,2.6653193131965085e-06,0.5815943330526352,0.4730318486690521
primary,4,101,1e-05,134,938,2.5974795912595824e-06,0.38803008837359293,0.4729774594306946
primary,4,101,1e-05,135,945,2.530244992035662e-06,0.391653944339071,0.4729129374027252
primary,4,101,1e-05,136,952,2.4636321046560533e-06,0.38262167466538294,0.4729277789592743
primary,4,101,1e-05,137,959,2.3976573648539653e-06,0.3738398216664791,0.47278115153312683
primary,4,101,1e-05,138,966,2.332337050909247e-06,0.5564192576067788,0.47260725498199463
primary,4,101,1e-05,139,973,2.267687279631953e-06,0.5270316898822784,0.4724891781806946
primary,4,101,1e-05,140,980,2.2037240023857708e-06,0.437235951423645,0.4723111689090729
primary,4,101,1e-05,141,987,2.1404630011522584e-06,0.4759505210178239,0.47215333580970764
primary,4,101,1e-05,142,994,2.0779198846368745e-06,0.3778198111270155,0.4720802903175354
primary,4,101,1e-05,143,1001,2.0161100844177658e-06,0.42807571802820477,0.4720229506492615
primary,4,101,1e-05,144,1008,1.9550488511382593e-06,0.3711364067026547,0.47206127643585205
primary,4,101,1e-05,145,1015,1.894751250743986e-06,0.3790167676551001,0.4721291661262512
primary,4,101,1e-05,146,1022,1.8352321607655916e-06,0.37977992636816843,0.47214627265930176
primary,4,101,1e-05,147,1029,1.7765062666479242e-06,0.3905899503401348,0.4721164405345917
primary,4,101,1e-05,148,1036,1.7185880581266217e-06,0.3818600784455027,0.4720677137374878
primary,4,101,1e-05,149,1043,1.6614918256529908e-06,0.45452889800071716,0.4720953404903412
primary,4,101,1e-05,150,1050,1.6052316568680442e-06,0.4028326230389731,0.47208520770072937
primary,4,101,1e-05,151,1057,1.5498214331265902e-06,0.37228444764124496,0.47204241156578064
primary,4,101,1e-05,152,1064,1.495274826072216e-06,0.3901304549404553,0.47200778126716614
primary,4,101,1e-05,153,1071,1.441605294264014e-06,0.41922849842480253,0.47200509905815125
primary,4,101,1e-05,154,1078,1.3888260798558817e-06,0.4089800385492189,0.4719850718975067
primary,4,101,1e-05,155,1085,1.3369502053292252e-06,0.3910809648888452,0.4719073176383972
primary,4,101,1e-05,156,1092,1.285990470279847e-06,0.438611028449876,0.47185957431793213
primary,4,101,1e-05,157,1099,1.2359594482598438e-06,0.42242301787648884,0.47177770733833313
primary,4,101,1e-05,158,1106,1.1868694836752686e-06,0.38364870314087185,0.4716928005218506
primary,4,101,1e-05,159,1113,1.1387326887403326e-06,0.3838776706584862,0.47167250514030457
primary,4,101,1e-05,160,1120,1.0915609404889017e-06,0.3836421508874212,0.4717291593551636
primary,4,101,1e-05,161,1127,1.0453658778440107e-06,0.4826166587216513,0.4717314839363098
primary,4,101,1e-05,162,1134,1.0001588987461348e-06,0.381265643451895,0.47170430421829224
primary,4,101,1e-05,163,1141,9.559511573409195e-07,0.3801147863268852,0.471694678068161
primary,4,101,1e-05,164,1148,9.127535612270632e-07,0.3801050715514326,0.4717230200767517
primary,4,101,1e-05,165,1155,8.705767687650265e-07,0.38433195437703815,0.47171980142593384
primary,4,101,1e-05,166,1162,8.294311864472448e-07,0.5876340610640389,0.47169026732444763
primary,4,101,1e-05,167,1169,7.893269663304784e-07,0.3718838489481381,0.4716661274433136
primary,4,101,1e-05,168,1176,7.50274003530953e-07,0.3892301789351872,0.4716808497905731
primary,4,101,1e-05,169,1183,7.122819337828752e-07,0.40590152570179533,0.47171950340270996
primary,4,101,1e-05,170,1190,6.753601310609673e-07,0.4096449890307018,0.47171857953071594
primary,4,101,1e-05,171,1197,6.395177052675794e-07,0.6428213034357343,0.47172772884368896
primary,4,101,1e-05,172,1204,6.047634999849531e-07,0.4581130327922957,0.4717104434967041
primary,4,101,1e-05,173,1211,5.711060902932043e-07,0.40924789011478424,0.47168731689453125
primary,4,101,1e-05,174,1218,5.385537806545469e-07,0.3687841737908976,0.47168269753456116
primary,4,101,1e-05,175,1225,5.071146028642944e-07,0.37609214229243143,0.4716871976852417
primary,4,101,1e-05,176,1232,4.7679631406913176e-07,0.3839305192232132,0.4716769754886627
primary,4,101,1e-05,177,1239,4.4760639485315585e-07,0.3974244807447706,0.4716861844062805
primary,4,101,1e-05,178,1246,4.195520473921565e-07,0.39576529605048044,0.4716894030570984
primary,4,101,1e-05,179,1253,3.92640193676584e-07,0.49844775455338614,0.4716959595680237
primary,4,101,1e-05,180,1260,3.668774738036508e-07,0.4027632474899292,0.4717019200325012
primary,4,101,1e-05,181,1267,3.4227024433899004e-07,0.4010388467993055,0.47168850898742676
primary,4,101,1e-05,182,1274,3.188245767482659e-07,0.37669264511870487,0.47168952226638794
primary,4,101,1e-05,183,1281,2.9654625589913237e-07,0.4446815848350525,0.4716871380805969
primary,4,101,1e-05,184,1288,2.754407786339001e-07,0.4017285278865269,0.47166386246681213
primary,4,101,1e-05,185,1295,2.555133524132767e-07,0.38333789152758463,0.47166454792022705
primary,4,101,1e-05,186,1302,2.3676889403150103e-07,0.38103735127619337,0.4716584086418152
primary,4,101,1e-05,187,1309,2.1921202840320077e-07,0.4736604690551758,0.471652626991272
primary,4,101,1e-05,188,1316,2.0284708742225901e-07,0.4755301241363798,0.47164785861968994
primary,4,101,1e-05,189,1323,1.8767810889299085e-07,0.4038545787334442,0.4716351330280304
primary,4,101,1e-05,190,1330,1.7370883553386935e-07,0.3982476421764919,0.4716140329837799
primary,4,101,1e-05,191,1337,1.609427140540686e-07,0.6120128844465528,0.47161227464675903
primary,4,101,1e-05,192,1344,1.493828943030402e-07,0.3754988302077566,0.4716014862060547
primary,4,101,1e-05,193,1351,1.3903222849333507e-07,0.40934017513479504,0.4716058373451233
primary,4,101,1e-05,194,1358,1.2989327049686101e-07,0.36842475831508636,0.4716028571128845
primary,4,101,1e-05,195,1365,1.2196827521475402e-07,0.38409148369516644,0.47160109877586365
primary,4,101,1e-05,196,1372,1.1525919802101659e-07,0.3771693323339735,0.4715993106365204
primary,4,101,1e-05,197,1379,1.097676942800558e-07,0.44132054277828764,0.4716002941131592
primary,4,101,1e-05,198,1386,1.0549511893824898e-07,0.39915032259055544,0.4715965986251831
primary,4,101,1e-05,199,1393,1.0244252618962859e-07,0.4716509133577347,0.47159451246261597
primary,4,101,1e-05,200,1400,1.006106692157801e-07,0.37796274412955555,0.47158998250961304
primary,4,101,0.0001,1,7,0.0001,0.4098234719463757,0.510328471660614
primary,4,101,0.0001,2,14,9.99938933078422e-05,0.5460314154624939,0.5016075968742371
primary,4,101,0.0001,3,21,9.997557473810373e-05,0.4836095018046243,0.48300427198410034
primary,4,101,0.0001,4,28,9.994504881061753e-05,0.4761943998081343,0.48186197876930237
primary,4,101,0.0001,5,35,9.990232305719945e-05,0.4064706861972809,0.48074495792388916
primary,4,101,0.0001,6,42,9.984740801978984e-05,0.40388029175145285,0.4805525243282318
primary,4,101,0.0001,7,49,9.978031724785247e-05,0.5131813436746597,0.48325392603874207
primary,4,101,0.0001,8,56,9.97010672950314e-05,0.4218767157622746,0.4773481786251068
primary,4,101,0.0001,9,63,9.960967771506667e-05,0.4941521553056581,0.47679123282432556
primary,4,101,0.0001,10,70,9.95061710569696e-05,0.4893628699438913,0.4761165976524353
primary,4,101,0.0001,11,77,9.939057285945933e-05,0.3697885860289846,0.4725513458251953
primary,4,101,0.0001,12,84,9.926291164466132e-05,0.3857476370675223,0.4729804992675781
primary,4,101,0.0001,13,91,9.91232189110701e-05,0.3888156914285251,0.4705776274204254
primary,4,101,0.0001,14,98,9.897152912577741e-05,0.48701474922043936,0.46519923210144043
primary,4,101,0.0001,15,105,9.8807879715968e-05,0.3835384100675583,0.4619652330875397
primary,4,101,0.0001,16,112,9.8632311059685e-05,0.37483949427093777,0.46260586380958557
primary,4,101,0.0001,17,119,9.844486647586725e-05,0.4004466874258859,0.45605507493019104
primary,4,101,0.0001,18,126,9.824559221366101e-05,0.3704414612480572,0.4616961181163788
primary,4,101,0.0001,19,133,9.803453744100869e-05,0.373541174190385,0.4512362778186798
primary,4,101,0.0001,20,140,9.781175423251735e-05,0.48346035182476044,0.4466242790222168
primary,4,101,0.0001,21,147,9.757729755661011e-05,0.5750920282942908,0.4478304386138916
primary,4,101,0.0001,22,154,9.73312252619635e-05,0.35064070565359934,0.43696412444114685
primary,4,101,0.0001,23,161,9.707359806323417e-05,0.334753763462816,0.43690061569213867
primary,4,101,0.0001,24,168,9.680447952607845e-05,0.3648176853145872,0.4392163157463074
primary,4,101,0.0001,25,175,9.652393605146844e-05,0.37106299826077055,0.429240882396698
primary,4,101,0.0001,26,182,9.623203685930869e-05,0.36092222162655424,0.4519026577472687
primary,4,101,0.0001,27,189,9.592885397135707e-05,0.4110535628029278,0.43223029375076294
primary,4,101,0.0001,28,196,9.561446219345454e-05,0.32956977614334654,0.4579465985298157
primary,4,101,0.0001,29,203,9.528893909706797e-05,0.34026492493493216,0.42878732085227966
primary,4,101,0.0001,30,210,9.495236500015047e-05,0.31785463488527704,0.43982788920402527
primary,4,101,0.0001,31,217,9.460482294732421e-05,0.3075967175619943,0.4262135624885559
primary,4,101,0.0001,32,224,9.424639868939033e-05,0.2889579215220043,0.48667165637016296
primary,4,101,0.0001,33,231,9.387718066217124e-05,0.28092303552797865,0.4321012496948242
primary,4,101,0.0001,34,238,9.349725996469047e-05,0.33353388735226225,0.43410351872444153
primary,4,101,0.0001,35,245,9.310673033669521e-05,0.2807436431092875,0.43902844190597534
primary,4,101,0.0001,36,252,9.270568813552756e-05,0.3320004258837019,0.4770456552505493
primary,4,101,0.0001,37,259,9.229423231234974e-05,0.27716580033302307,0.44164058566093445
primary,4,101,0.0001,38,266,9.187246438772939e-05,0.2590084043996675,0.520197182893753
primary,4,101,0.0001,39,273,9.14404884265908e-05,0.2609891908775483,0.4474124312400818
primary,4,101,0.0001,40,280,9.099841101253866e-05,0.32406351821763174,0.4725915789604187
primary,4,101,0.0001,41,287,9.05463412215599e-05,0.30740199770246235,0.4386735260486603
primary,4,101,0.0001,42,294,9.0084390595111e-05,0.28049724868365694,0.5150571465492249
primary,4,101,0.0001,43,301,8.961267311259666e-05,0.25219574730311123,0.4398529529571533
primary,4,101,0.0001,44,308,8.913130516324733e-05,0.34762010829789297,0.48507213592529297
primary,4,101,0.0001,45,315,8.864040551740158e-05,0.24077077955007553,0.45298680663108826
primary,4,101,0.0001,46,322,8.814009529720155e-05,0.2504239750227758,0.4778307378292084
primary,4,101,0.0001,47,329,8.763049794670775e-05,0.21369809065280215,0.46852320432662964
primary,4,101,0.0001,48,336,8.711173920144117e-05,0.21940357663801738,0.48209327459335327
primary,4,101,0.0001,49,343,8.658394705735987e-05,0.21987029830259935,0.46372517943382263
primary,4,101,0.0001,50,350,8.604725173927785e-05,0.21283445187977382,0.5116721093654633
primary,4,101,0.0001,51,357,8.55017856687341e-05,0.39660211546080454,0.46219292283058167
primary,4,101,0.0001,52,364,8.494768343131955e-05,0.26063355271305355,0.504364550113678
primary,4,101,0.0001,53,371,8.438508174347009e-05,0.2097399543438639,0.4647742509841919
primary,4,101,0.0001,54,378,8.381411941873378e-05,0.2092842453026346,0.48887601494789124
primary,4,101,0.0001,55,385,8.323493733352077e-05,0.228944046156747,0.4736030697822571
primary,4,101,0.0001,56,392,8.26476783923441e-05,0.1909120034958635,0.45555976033210754
primary,4,101,0.0001,57,399,8.205248749256015e-05,0.25280174559780527,0.4810008704662323
primary,4,101,0.0001,58,406,8.144951148861742e-05,0.2065215062882219,0.44881752133369446
primary,4,101,0.0001,59,413,8.083889915582235e-05,0.19411984525088752,0.5036654472351074
primary,4,101,0.0001,60,420,8.022080115363127e-05,0.19361114555171557,0.4533192813396454
primary,4,101,0.0001,61,427,7.959536998847744e-05,0.23178171153579438,0.44376257061958313
primary,4,101,0.001,1,7,0.001,0.4287782721221447,0.7496106624603271
primary,4,101,0.001,2,14,0.000999938933078422,0.6204115322657994,0.5789940655231476
primary,4,101,0.001,3,21,0.0009997557473810372,0.5255080376352582,0.478606641292572
primary,4,101,0.001,4,28,0.0009994504881061753,0.4637123963662556,0.46289360523223877
primary,4,101,0.001,5,35,0.0009990232305719944,0.3961457056658609,0.4574925899505615
primary,4,101,0.001,6,42,0.0009984740801978985,0.38600064175469534,0.44187748432159424
primary,4,101,0.001,7,49,0.0009978031724785245,0.44993706899029867,0.4397960305213928
primary,4,101,0.001,8,56,0.000997010672950314,0.3348122366837093,0.4346478283405304
primary,4,101,0.001,9,63,0.0009960967771506667,0.44172938593796324,0.5100314021110535
primary,4,101,0.001,10,70,0.000995061710569696,0.33009673761469976,0.46123820543289185
primary,4,101,0.001,11,77,0.0009939057285945933,0.30348111263343264,0.45659610629081726
primary,4,101,0.001,12,84,0.000992629116446613,0.3214586504868099,0.4634942412376404
primary,4,101,0.001,13,91,0.000991232189110701,0.25759325575615677,0.4629274308681488
primary,4,101,0.001,14,98,0.0009897152912577741,0.3275049605539867,0.521285891532898
primary,4,101,0.001,15,105,0.00098807879715968,0.23350157854812487,0.41983839869499207
primary,4,101,0.001,16,112,0.00098632311059685,0.24793830939701625,0.4436974823474884
primary,4,101,0.001,17,119,0.0009844486647586723,0.39579085792813984,0.4564226567745209
primary,4,101,0.001,18,126,0.00098245592213661,0.2561072217566626,0.716945230960846
primary,4,101,0.001,19,133,0.0009803453744100868,0.2787679455110005,0.5795381367206573
primary,4,101,0.001,20,140,0.0009781175423251734,0.24467635048287256,0.4223180115222931
primary,4,101,0.001,21,147,0.0009757729755661011,0.41991786658763885,0.43125325441360474
primary,4,101,0.001,22,154,0.0009733122526196349,0.21414379349776677,0.48234501481056213
primary,4,101,0.001,23,161,0.0009707359806323416,0.18075842836073466,0.7873225808143616
primary,4,101,0.001,24,168,0.0009680447952607845,0.2545208473290716,0.4131016135215759
primary,4,101,0.001,25,175,0.0009652393605146844,0.2636491603084973,0.5374107956886292
primary,4,101,0.001,26,182,0.000962320368593087,0.1597834091101374,0.49507585167884827
primary,4,101,0.001,27,189,0.0009592885397135706,0.16525586055857794,0.5232799649238586
primary,4,101,0.001,28,196,0.0009561446219345453,0.12706537072413734,0.4062630534172058
primary,4,101,0.001,29,203,0.0009528893909706797,0.14746957698038646,0.4198819696903229
primary,4,101,0.001,30,210,0.0009495236500015047,0.17716229387692042,0.5345925986766815
primary,4,101,0.001,31,217,0.0009460482294732421,0.12646921777299472,0.4759977161884308
primary,4,101,0.001,32,224,0.0009424639868939033,0.11225524225405284,0.49242013692855835
primary,4,101,0.001,33,231,0.0009387718066217125,0.13182417675852776,0.5389195084571838
primary,4,101,0.001,34,238,0.0009349725996469047,0.18114914585437095,0.5181187689304352
primary,4,101,0.001,35,245,0.0009310673033669522,0.09809905663132668,0.8593483567237854
primary,4,101,0.001,36,252,0.0009270568813552756,0.21966557151504926,0.38659489154815674
primary,4,101,0.001,37,259,0.0009229423231234975,0.1407454652445657,0.508790522813797
primary,4,101,0.001,38,266,0.0009187246438772938,0.10409944664154734,0.5494968891143799
primary,4,101,0.001,39,273,0.0009144048842659081,0.11179239356092044,0.4677794575691223
primary,4,101,0.001,40,280,0.0009099841101253866,0.07517400264207806,0.37424877285957336
primary,4,101,0.001,41,287,0.000905463412215599,0.1292090362736157,0.5653105676174164
primary,4,101,0.001,42,294,0.0009008439059511099,0.14190377348235675,0.41305768489837646
primary,4,101,0.001,43,301,0.0008961267311259666,0.0898059005183833,0.48328897356987
primary,4,101,0.001,44,308,0.0008913130516324732,0.09055768671844687,0.5852887630462646
primary,4,101,0.001,45,315,0.0008864040551740157,0.1249815643365894,0.43828779458999634
primary,4,101,0.001,46,322,0.0008814009529720154,0.09565564012154937,0.37400180101394653
primary,4,101,0.001,47,329,0.0008763049794670775,0.1812508281852518,0.8543374836444855
primary,4,101,0.001,48,336,0.0008711173920144117,0.1512622567159789,0.39825740456581116
primary,4,101,0.001,49,343,0.0008658394705735987,0.126495076077325,0.5793465673923492
primary,4,101,0.001,50,350,0.0008604725173927785,0.10721700904624802,0.5067097246646881
primary,4,101,0.001,51,357,0.000855017856687341,0.14701508837086813,0.44730299711227417
primary,4,101,0.001,52,364,0.0008494768343131955,0.08103919534810952,0.46432530879974365
primary,4,101,0.001,53,371,0.0008438508174347009,0.09430299273559026,0.49084073305130005
primary,4,101,0.001,54,378,0.0008381411941873378,0.0803854348404067,0.43721672892570496
primary,4,101,0.001,55,385,0.0008323493733352077,0.06310729629227094,0.561316967010498
primary,4,101,0.001,56,392,0.000826476783923441,0.07722859882882663,0.4750663936138153
primary,4,101,0.001,57,399,0.0008205248749256015,0.09497748049242156,0.4366072714328766
primary,4,101,0.001,58,406,0.0008144951148861742,0.06512369734368154,0.6528001129627228
primary,4,101,0.001,59,413,0.0008083889915582234,0.09428617890392031,0.4746682345867157
primary,4,101,0.001,60,420,0.0008022080115363127,0.09013877809047699,0.5621650218963623
primary,4,101,0.001,61,427,0.0007959536998847743,0.07549505747322525,0.4665699601173401
primary,4,101,0.001,62,434,0.0007896275997614229,0.08013153501919337,0.4475981593132019
primary,4,101,0.001,63,441,0.0007832312720368048,0.06024908221193722,0.5410958528518677
primary,4,101,0.001,64,448,0.0007767662949090753,0.05532111453690699,0.41922861337661743
primary,4,101,0.001,65,455,0.0007702342635146033,0.061626821224178584,0.5124785006046295
primary,4,101,0.001,66,462,0.0007636367895343947,0.06409622276467937,0.4395890533924103
primary,4,101,0.001,67,469,0.0007569755007964338,0.0750058597352888,0.4100964665412903
primary,4,101,0.001,68,476,0.0007502520408740418,0.05712827724138541,0.43515893816947937
primary,4,101,0.001,69,483,0.000743468068680349,0.05693335032888821,0.4729444682598114
primary,4,101,0.001,70,490,0.0007366252580589839,0.05885650430406843,0.47959551215171814
primary,4,101,0.001,71,497,0.0007297252973710757,0.06109294534793922,0.5640411078929901
primary,4,101,0.001,72,504,0.0007227698890786779,0.07921303436160088,0.4436810612678528
primary,4,101,0.001,73,511,0.000715760749324711,0.08368575706013612,0.5108610689640045
primary,4,101,0.001,74,518,0.0007086996075095289,0.14260812316622054,0.4920393228530884
primary,4,101,0.001,75,525,0.0007015882058642164,0.049234608587409766,0.4224044382572174
primary,4,101,0.001,76,532,0.0006944282990207195,0.049292832080807,0.4774642288684845
primary,4,101,0.01,1,7,0.01,1.6510534222636903,0.6301670372486115
primary,4,101,0.01,2,14,0.00999938933078422,0.6776187675339835,0.4956797659397125
primary,4,101,0.01,3,21,0.009997557473810372,0.6976271569728851,0.4784003794193268
primary,4,101,0.01,4,28,0.009994504881061753,0.5476210287639073,0.4786454737186432
primary,4,101,0.01,5,35,0.009990232305719944,0.3942424287753446,0.5035354495048523
primary,4,101,0.01,6,42,0.009984740801978984,0.49502791677202496,0.4867892861366272
primary,4,101,0.01,7,49,0.009978031724785246,0.5489318115370614,0.4908830523490906
primary,4,101,0.01,8,56,0.00997010672950314,0.43232035636901855,0.6403039395809174
primary,4,101,0.01,9,63,0.009960967771506667,0.5362202908311572,0.7893202006816864
primary,4,101,0.01,10,70,0.00995061710569696,0.4582340717315674,0.49248436093330383
primary,4,101,0.01,11,77,0.009939057285945933,0.616907713668687,0.46973347663879395
primary,4,101,0.01,12,84,0.00992629116446613,0.42624146171978544,0.4723144769668579
primary,4,101,0.01,13,91,0.00991232189110701,0.3634641356766224,0.4692878723144531
primary,4,101,0.01,14,98,0.00989715291257774,0.49619074378694805,0.4843735992908478
primary,4,101,0.01,15,105,0.0098807879715968,0.35460379666515757,0.5272891223430634
primary,4,101,0.01,16,112,0.0098632311059685,0.37189169228076935,0.595996618270874
primary,4,101,0.01,17,119,0.009844486647586723,0.4148185466017042,0.5355077385902405
primary,4,101,0.01,18,126,0.0098245592213661,0.4233448516045298,0.47534415125846863
primary,4,101,0.01,19,133,0.009803453744100868,0.436237028666905,0.48430538177490234
primary,4,101,0.01,20,140,0.009781175423251734,0.49074969972882954,0.8432895541191101
primary,4,101,0.01,21,147,0.009757729755661011,1.3593627214431763,0.4803040027618408
primary,4,101,0.01,22,154,0.009733122526196349,0.4343037126319749,0.48615139722824097
primary,4,101,0.01,23,161,0.009707359806323416,0.3473999361906733,0.6047505736351013
primary,4,101,0.01,24,168,0.009680447952607845,0.39704174229076933,0.47963646054267883
primary,4,101,0.01,25,175,0.009652393605146845,0.3144989584439567,0.587555319070816
primary,4,101,0.01,26,182,0.00962320368593087,0.36898600842271534,0.492594838142395
primary,4,101,0.01,27,189,0.009592885397135707,0.41125523831163135,0.4802068769931793
primary,4,101,0.01,28,196,0.009561446219345454,0.3823148065379688,0.44227150082588196
primary,4,101,0.01,29,203,0.009528893909706798,0.35299681446381975,0.5121273994445801
primary,4,101,0.01,30,210,0.009495236500015047,0.3601342503513609,0.4444042444229126
primary,4,101,0.01,31,217,0.00946048229473242,0.3508688182170902,0.4854232668876648
primary,4,101,0.01,32,224,0.009424639868939034,0.4152530665908541,0.5143921673297882
primary,4,101,0.01,33,231,0.009387718066217124,0.35441341364224044,0.5180208683013916
primary,4,101,0.01,34,238,0.009349725996469048,0.3645432037966592,0.44968292117118835
primary,4,101,0.01,35,245,0.00931067303366952,0.35868857002684046,0.456915020942688
primary,4,101,0.01,36,252,0.009270568813552756,0.39799089091164724,0.6084288954734802
primary,4,101,0.01,37,259,0.009229423231234974,0.31379075774124693,0.4169359505176544
primary,4,101,0.01,38,266,0.009187246438772938,0.3689928970166615,0.6744479537010193
primary,4,101,0.01,39,273,0.009144048842659082,0.47266220088515964,0.5286753177642822
primary,4,101,0.01,40,280,0.009099841101253866,0.376866314693221,0.4554646909236908
primary,4,101,0.01,41,287,0.00905463412215599,0.3585150156702314,0.6418094038963318
primary,4,101,0.01,42,294,0.0090084390595111,0.3370210560304778,0.4097321033477783
primary,4,101,0.01,43,301,0.008961267311259666,0.34062761068344116,0.41842642426490784
primary,4,101,0.01,44,308,0.008913130516324731,0.5061287539345878,0.4656069576740265
primary,4,101,0.01,45,315,0.008864040551740157,0.3653436026402882,0.4640405774116516
primary,4,101,0.01,46,322,0.008814009529720154,0.33359954107020584,0.4823446571826935
primary,4,101,0.01,47,329,0.008763049794670776,0.35212548077106476,0.44840243458747864
primary,4,101,0.01,48,336,0.008711173920144118,0.299273567540305,0.4379887282848358
primary,4,101,0.01,49,343,0.008658394705735987,0.31911832839250565,0.6609255075454712
primary,4,101,0.01,50,350,0.008604725173927784,0.3580546911273684,0.4369395077228546
primary,4,101,0.01,51,357,0.00855017856687341,0.623096010514668,0.41408777236938477
primary,4,101,0.01,52,364,0.008494768343131955,0.6740815213748387,0.6649396419525146
primary,4,101,0.01,53,371,0.00843850817434701,0.3973626984017236,0.45645102858543396
primary,4,101,0.01,54,378,0.008381411941873378,0.42727035922663553,0.5473858714103699
primary,4,101,0.01,55,385,0.008323493733352076,0.32025911040338023,0.40584373474121094
primary,4,101,0.01,56,392,0.008264767839234409,0.455104261636734,0.8284084498882294
primary,4,101,0.01,57,399,0.008205248749256015,0.5916247410433633,0.5679427683353424
primary,4,101,0.01,58,406,0.008144951148861742,0.4169737717935017,0.42470526695251465
primary,4,101,0.01,59,413,0.008083889915582234,0.4589120554072516,0.4555667042732239
primary,4,101,0.01,60,420,0.008022080115363126,0.3421528935432434,0.5035286843776703
primary,4,101,0.01,61,427,0.007959536998847744,0.36718980755124775,0.5082226693630219
primary,4,101,0.01,62,434,0.00789627599761423,0.28216508137328283,0.8723836243152618
primary,4,101,0.01,63,441,0.007832312720368047,0.5542300024202892,0.4496419429779053
primary,4,101,0.01,64,448,0.007767662949090753,0.32052571326494217,0.43488892912864685
primary,4,101,0.01,65,455,0.007702342635146034,0.36830540533576694,0.5710456967353821
primary,4,101,0.01,66,462,0.007636367895343947,0.29076679050922394,0.534164696931839
primary,4,101,0.01,67,469,0.007569755007964339,0.30835145711898804,0.7324911952018738
primary,4,101,0.01,68,476,0.007502520408740419,0.3339523524045944,0.499830037355423
primary,4,101,0.01,69,483,0.007434680686803491,0.4209986605814525,0.4512632489204407
primary,4,101,0.01,70,490,0.0073662525805898394,0.37286355240004404,0.6518963873386383
primary,4,101,0.01,71,497,0.007297252973710758,0.47102456859179903,0.5197897553443909
primary,4,101,0.01,72,504,0.00722769889078678,0.49372262188366484,0.4783124327659607
primary,4,101,0.01,73,511,0.0071576074932471105,0.37414256909063887,0.6752937436103821
primary,4,101,0.01,74,518,0.00708699607509529,0.5865946284362248,0.8321643769741058
primary,4,101,0.01,75,525,0.007015882058642164,0.5887984186410904,0.48042863607406616
primary,4,101,0.01,76,532,0.006944282990207195,0.41135210756744656,0.47805288434028625
primary,4,101,0.01,77,539,0.006872216535789157,0.3369343158389841,0.6293205618858337
primary,4,101,0.01,78,546,0.006799700476707324,0.38160207654748646,0.46160247921943665
primary,4,101,0.01,79,553,0.006726752705214194,0.33592244876282557,0.8875686526298523
primary,4,101,0.01,80,560,0.0066533912200808405,0.36961235478520393,0.7669861316680908
primary,4,101,0.01,81,567,0.006579634122155991,0.3923636595053332,0.46704551577568054
primary,4,101,0.01,82,574,0.006505499609899906,0.4282811943973814,0.47218942642211914
primary,4,101,0.01,83,581,0.006431005974894186,0.3599094514335905,0.6606567203998566
primary,4,101,0.01,84,588,0.006356171597328596,0.2904433842216219,0.6531375050544739
primary,4,101,0.01,85,595,0.0062810149414660316,0.2905554345675877,0.4679901897907257
shadow,0,101,1e-05,1,7,1e-05,0.49692947949681965,0.6126259890469637
shadow,0,101,1e-05,2,14,9.99938933078422e-06,0.46751769525664194,0.5893056175925515
shadow,0,101,1e-05,3,21,9.997557473810373e-06,0.451635548046657,0.5700972007982659
shadow,0,101,1e-05,4,28,9.994504881061752e-06,0.41555331008774893,0.5562532598322089
shadow,0,101,1e-05,5,35,9.990232305719944e-06,0.4564512244292668,0.5507824059688684
shadow,0,101,1e-05,6,42,9.984740801978984e-06,0.4080464867542365,0.5470620935613458
shadow,0,101,1e-05,7,49,9.978031724785247e-06,0.4162261635065079,0.5433012933442087
shadow,0,101,1e-05,8,56,9.97010672950314e-06,0.447762736252376,0.5400291500669537
shadow,0,101,1e-05,9,63,9.960967771506666e-06,0.3956729583442211,0.5372308962272875
shadow,0,101,1e-05,10,70,9.950617105696961e-06,0.5436794630118779,0.5344447800607393
shadow,0,101,1e-05,11,77,9.939057285945933e-06,0.6002434811421803,0.5341611053004409
shadow,0,101,1e-05,12,84,9.926291164466131e-06,0.4005799873598984,0.5344089450258197
shadow,0,101,1e-05,13,91,9.91232189110701e-06,0.38532673647361143,0.5341513662627249
shadow,0,101,1e-05,14,98,9.897152912577742e-06,0.43957932932036264,0.534316669810902
shadow,0,101,1e-05,15,105,9.8807879715968e-06,0.39303761241691454,0.5342697374748461
shadow,0,101,1e-05,16,112,9.8632311059685e-06,0.38862072782857077,0.5345201781301787
shadow,0,101,1e-05,17,119,9.844486647586724e-06,0.4670956688267844,0.5350888859141957
shadow,0,101,1e-05,18,126,9.824559221366101e-06,0.3915106449276209,0.5346828518491803
shadow,0,101,1e-05,19,133,9.803453744100868e-06,0.39075652110789505,0.5348778348980527
shadow,0,101,1e-05,20,140,9.781175423251734e-06,0.5259259066411427,0.5343265533447266
shadow,0,101,1e-05,21,147,9.757729755661012e-06,0.40114083220916136,0.5348565361716531
shadow,0,101,1e-05,22,154,9.73312252619635e-06,0.42394872861249105,0.5347820050788649
shadow,0,101,1e-05,23,161,9.707359806323418e-06,0.40824498874800547,0.5340866031068744
shadow,0,101,1e-05,24,168,9.680447952607845e-06,0.8135669486863273,0.5332844185106682
shadow,0,101,1e-05,25,175,9.652393605146845e-06,0.42341421118804384,0.5334552418101918
shadow,0,101,1e-05,26,182,9.62320368593087e-06,0.385592165270022,0.5335348302667792
shadow,0,101,1e-05,27,189,9.592885397135707e-06,0.6996033404554639,0.5345843633015951
shadow,0,101,1e-05,28,196,9.561446219345455e-06,0.40060089102813173,0.5347033991958156
shadow,0,101,1e-05,29,203,9.528893909706798e-06,0.6236849725246429,0.5342144532637163
shadow,0,101,1e-05,30,210,9.495236500015048e-06,0.7110582781689507,0.5344991972952178
shadow,0,101,1e-05,31,217,9.460482294732422e-06,0.3873276946001819,0.5349672201907996
shadow,0,101,1e-05,32,224,9.424639868939035e-06,0.3931044757898365,0.5342350295095732
shadow,0,101,1e-05,33,231,9.387718066217125e-06,0.39258264909897533,0.5332460403442383
shadow,0,101,1e-05,34,238,9.349725996469047e-06,0.41101352657590595,0.5333608858513109
shadow,0,101,1e-05,35,245,9.310673033669522e-06,0.37949123200295226,0.5327642903183446
shadow,0,101,1e-05,36,252,9.270568813552757e-06,0.43413558176585604,0.5325309002038204
shadow,0,101,1e-05,37,259,9.229423231234975e-06,0.4054026444043432,0.5325190804221414
shadow,0,101,1e-05,38,266,9.18724643877294e-06,0.6540169204984393,0.5324013449928977
shadow,0,101,1e-05,39,273,9.144048842659081e-06,0.38970233712877544,0.5327061450842655
shadow,0,101,1e-05,40,280,9.099841101253867e-06,0.41586680497441975,0.5324738242409446
shadow,0,101,1e-05,41,287,9.054634122155991e-06,0.4034575032336371,0.532196940797748
shadow,0,101,1e-05,42,294,9.0084390595111e-06,0.4443972664219992,0.5314014030225349
shadow,0,101,1e-05,43,301,8.961267311259668e-06,0.4236325408731188,0.5311840519760594
shadow,0,101,1e-05,44,308,8.913130516324733e-06,0.38406097888946533,0.5314211989894058
shadow,0,101,1e-05,45,315,8.864040551740158e-06,0.4837121473891394,0.5317774107961943
shadow,0,101,1e-05,46,322,8.814009529720155e-06,0.3933311341596501,0.5320614323471532
shadow,0,101,1e-05,47,329,8.763049794670776e-06,0.38589458067768384,0.5318198059544419
shadow,0,101,1e-05,48,336,8.711173920144118e-06,0.39551444883857456,0.5319551121104847
shadow,0,101,1e-05,49,343,8.658394705735988e-06,0.7893470014844622,0.532097440777403
shadow,0,101,1e-05,50,350,8.604725173927786e-06,0.4063731070075716,0.5331787340568773
shadow,0,101,1e-05,51,357,8.550178566873412e-06,0.40753465039389475,0.5329361250906279
shadow,0,101,1e-05,52,364,8.494768343131955e-06,0.3910577637808664,0.5320570974638967
shadow,0,101,1e-05,53,371,8.43850817434701e-06,0.3880169750856502,0.5325130693840258
shadow,0,101,1e-05,54,378,8.381411941873379e-06,0.39027152130646364,0.5326433181762695
shadow,0,101,1e-05,55,385,8.323493733352078e-06,0.39607769889490946,0.5328002698493727
shadow,0,101,1e-05,56,392,8.26476783923441e-06,0.713185795715877,0.5331872593272816
shadow,0,101,1e-05,57,399,8.205248749256014e-06,0.40678004175424576,0.5341758728027344
shadow,0,101,1e-05,58,406,8.144951148861743e-06,0.4131261876651219,0.5334817712957208
shadow,0,101,1e-05,59,413,8.083889915582235e-06,0.4437851096902575,0.5325712146181049
shadow,0,101,1e-05,60,420,8.022080115363127e-06,0.4261073874575751,0.5317846645008434
shadow,0,101,1e-05,61,427,7.959536998847744e-06,0.45611883061272757,0.5311809308601149
shadow,0,101,1e-05,62,434,7.89627599761423e-06,0.4352911753313882,0.5313379981301047
shadow,0,101,1e-05,63,441,7.832312720368048e-06,0.3813233363845419,0.5311027873646129
shadow,0,101,1e-05,64,448,7.767662949090754e-06,0.3825297815991299,0.5311588807539507
shadow,0,101,1e-05,65,455,7.702342635146033e-06,0.4450214334896633,0.5315730355002664
shadow,0,101,1e-05,66,462,7.636367895343947e-06,0.4375342982155936,0.5317270105535333
shadow,0,101,1e-05,67,469,7.5697550079643376e-06,0.44755822845867704,0.531666119893392
shadow,0,101,1e-05,68,476,7.502520408740418e-06,0.4088099343436105,0.531149893095999
shadow,0,101,1e-05,69,483,7.43468068680349e-06,0.38574661527361187,0.5308705821181788
shadow,0,101,1e-05,70,490,7.366252580589839e-06,0.3821664335472243,0.5320176211270419
shadow,0,101,1e-05,71,497,7.297252973710756e-06,0.3905760621918099,0.5323156010020863
shadow,0,101,1e-05,72,504,7.227698890786779e-06,0.4321311116218567,0.5315927736686937
shadow,0,101,1e-05,73,511,7.15760749324711e-06,0.7143904460327966,0.5310332269379587
shadow,0,101,1e-05,74,518,7.086996075095289e-06,0.6353459677525929,0.5308812170317678
shadow,0,101,1e-05,75,525,7.015882058642164e-06,0.6417201161384583,0.5310945221872041
shadow,0,101,1e-05,76,532,6.9442829902071945e-06,0.3794458939560822,0.5308502659653173
shadow,0,101,1e-05,77,539,6.8722165357891564e-06,0.4027181012289865,0.5305051803588867
shadow,0,101,1e-05,78,546,6.799700476707323e-06,0.3867138745263219,0.5308070616288618
shadow,0,101,1e-05,79,553,6.726752705214193e-06,0.5768713227340153,0.5306905110677084
shadow,0,101,1e-05,80,560,6.65339122008084e-06,0.38239597542477505,0.5309567017988726
shadow,0,101,1e-05,81,567,6.57963412215599e-06,0.7655459280524936,0.5310113213279031
shadow,0,101,1e-05,82,574,6.505499609899905e-06,0.3799839418913637,0.531116890184807
shadow,0,101,1e-05,83,581,6.431005974894185e-06,0.5085764420883996,0.5312751134236654
shadow,0,101,1e-05,84,588,6.356171597328595e-06,0.5838054503713336,0.5315098907008315
shadow,0,101,1e-05,85,595,6.28101494146603e-06,0.5726011182580676,0.5318890484896573
shadow,0,101,1e-05,86,602,6.205554551086732e-06,0.4002071086849485,0.5323056018713749
shadow,0,101,1e-05,87,609,6.129809044912887e-06,0.3937815193619047,0.5317530776515151
shadow,0,101,1e-05,88,616,6.053797112014738e-06,0.38673554287691203,0.5320403070160837
shadow,0,101,1e-05,89,623,5.977537507199338e-06,0.39070197993091177,0.5316360647028143
shadow,0,101,1e-05,90,630,5.901049046383077e-06,0.42734166979789734,0.5310051946929006
shadow,0,101,1e-05,91,637,5.824350601949143e-06,0.3865058273077011,0.5301883292920662
shadow,0,101,1e-05,92,644,5.7474610980910354e-06,0.3798145011865667,0.5298548033743193
shadow,0,101,1e-05,93,651,5.6703995061433075e-06,0.3895936869084835,0.5291820872913707
shadow,0,101,1e-05,94,658,5.5931848399006745e-06,0.40041790689740864,0.528675397237142
shadow,0,101,1e-05,95,665,5.515836150926646e-06,0.5073878190347126,0.5287837115201083
shadow,0,101,1e-05,96,672,5.438372523852833e-06,0.4096367827483586,0.5291399233268969
shadow,0,101,1e-05,97,679,5.360813071670101e-06,0.38952416500874926,0.5292845061331084
shadow,0,101,1e-05,98,686,5.283176931012731e-06,0.43148085687841686,0.5290422439575195
shadow,0,101,1e-05,99,693,5.205483257436735e-06,0.3851332387753895,0.529016147960316
shadow,0,101,1e-05,100,700,5.127751220693512e-06,0.4132825881242752,0.5285857518513998
shadow,0,101,1e-05,101,707,5.05e-06,0.39931095923696247,0.528150529572458
shadow,0,101,1e-05,102,714,4.972248779306488e-06,0.3874689968568938,0.5276279449462891
shadow,0,101,1e-05,103,721,4.8945167425632645e-06,0.399963732276644,0.527435591726592
shadow,0,101,1e-05,104,728,4.816823068987269e-06,0.3805079939775169,0.5276378573793353
shadow,0,101,1e-05,105,735,4.7391869283298985e-06,0.39382398980004446,0.5274953553170869
shadow,0,101,1e-05,106,742,4.661627476147168e-06,0.36522054981573354,0.5273419004498106
shadow,0,101,1e-05,107,749,4.584163849073354e-06,0.3973374728645597,0.5274336843779592
shadow,0,101,1e-05,108,756,4.506815160099326e-06,0.46665395157677786,0.5272489894520153
shadow,0,101,1e-05,109,763,4.429600493856694e-06,0.40296265270028797,0.5272308696400035
shadow,0,101,1e-05,110,770,4.352538901908967e-06,0.3855872287281922,0.5269927689523408
shadow,0,101,1e-05,111,777,4.275649398050858e-06,0.46038193362099783,0.5268460476037228
shadow,0,101,1e-05,112,784,4.198950953616922e-06,0.4051599811230387,0.5269735509699042
shadow,0,101,1e-05,113,791,4.122462492800663e-06,0.3910117873123714,0.526899308869333
shadow,0,101,1e-05,114,798,4.046202887985263e-06,0.3818221642369671,0.5268237952030066
shadow,0,101,1e-05,115,805,3.970190955087116e-06,0.3705730385013989,0.5268422907049005
shadow,0,101,1e-05,116,812,3.894445448913268e-06,0.3689351081349222,0.5269048575199011
shadow,0,101,1e-05,117,819,3.818985058533969e-06,0.4080132522753307,0.5270879918878729
shadow,0,101,1e-05,118,826,3.7438284026714044e-06,0.3911834593330111,0.5271408196651575
shadow,0,101,1e-05,119,833,3.6689940251058153e-06,0.3783967729125704,0.5272201769279711
shadow,0,101,1e-05,120,840,3.594500390100096e-06,0.37472967563163756,0.5270968639489376
shadow,0,101,1e-05,121,847,3.5203658778440116e-06,0.5843104124069214,0.5269944740064216
shadow,0,101,1e-05,122,854,3.4466087799191603e-06,0.38585626014641355,0.5270402503736091
shadow,0,101,1e-05,123,861,3.3732472947858077e-06,0.38110594557864325,0.5268835876927231
shadow,0,101,1e-05,124,868,3.300299523292678e-06,0.3834873230329582,0.5268228126294685
shadow,0,101,1e-05,125,875,3.227783464210845e-06,0.49830928657736095,0.5267140648581765
shadow,0,101,1e-05,126,882,3.155717009792807e-06,0.3832162863441876,0.5268869978008848
shadow,0,101,1e-05,127,889,3.0841179413578354e-06,0.37513682671955656,0.5270999561656605
shadow,0,101,1e-05,128,896,3.0130039249047117e-06,0.5309241116046906,0.5272728313099254
shadow,0,101,1e-05,129,903,2.9423925067528904e-06,0.37722685361014946,0.5273211508086233
shadow,0,101,1e-05,130,910,2.87230110921322e-06,0.6191184669733047,0.5272537000251539
shadow,0,101,1e-05,131,917,2.8027470262892435e-06,0.37189402910215513,0.5274054498383494
shadow,0,101,1e-05,132,924,2.7337474194101625e-06,0.38655668018119677,0.5276313550544508
shadow,0,101,1e-05,133,931,2.6653193131965085e-06,0.3835077221904482,0.5276585492220792
shadow,0,101,1e-05,134,938,2.5974795912595824e-06,0.4051536066191537,0.5275319417317709
shadow,0,101,1e-05,135,945,2.530244992035662e-06,0.37496296296428355,0.527381318988222
shadow,0,101,1e-05,136,952,2.4636321046560533e-06,0.37315684876271654,0.5273910869251598
shadow,0,101,1e-05,137,959,2.3976573648539653e-06,0.3710205664470517,0.5273116718639027
shadow,0,101,1e-05,138,966,2.332337050909247e-06,0.40293270562376293,0.5272961529818448
shadow,0,101,1e-05,139,973,2.267687279631953e-06,0.40730199217796326,0.5270913152983694
shadow,0,101,1e-05,140,980,2.2037240023857708e-06,0.3871907038348062,0.526951587561405
shadow,0,101,1e-05,141,987,2.1404630011522584e-06,0.3713919568274702,0.5268629825476444
shadow,0,101,1e-05,142,994,2.0779198846368745e-06,0.385027143572058,0.5268203272964015
shadow,0,101,1e-05,143,1001,2.0161100844177658e-06,0.38841097695486887,0.5265623728434244
shadow,0,101,1e-05,144,1008,1.9550488511382593e-06,0.6570743918418884,0.52634114930124
shadow,0,101,1e-05,145,1015,1.894751250743986e-06,0.42395371411527905,0.5262508970318418
shadow,0,101,1e-05,146,1022,1.8352321607655916e-06,0.4100516587495804,0.5262013348666105
shadow,0,101,1e-05,147,1029,1.7765062666479242e-06,0.4087307793753488,0.5261241739446466
shadow,0,101,1e-05,148,1036,1.7185880581266217e-06,0.3855786948863949,0.5260235179554332
shadow,0,101,1e-05,149,1043,1.6614918256529908e-06,0.406141745192664,0.5259672800699869
shadow,0,101,1e-05,150,1050,1.6052316568680442e-06,0.38119218072720934,0.5258375803629557
shadow,0,101,1e-05,151,1057,1.5498214331265902e-06,0.41255973492349896,0.5257804755008582
shadow,0,101,1e-05,152,1064,1.495274826072216e-06,0.3780389843242509,0.5257353927149917
shadow,0,101,1e-05,153,1071,1.441605294264014e-06,0.3955416274922235,0.5257213765924628
shadow,0,101,1e-05,154,1078,1.3888260798558817e-06,0.3733807683789304,0.5256023984966856
shadow,0,101,1e-05,155,1085,1.3369502053292252e-06,0.3883098243802254,0.525477611657345
shadow,0,101,1e-05,156,1092,1.285990470279847e-06,0.3874266892671585,0.5254223274462151
shadow,0,101,1e-05,157,1099,1.2359594482598438e-06,0.6392410035644259,0.5253432880748402
shadow,0,101,1e-05,158,1106,1.1868694836752686e-06,0.38751997905118124,0.5253209200772372
shadow,0,101,1e-05,159,1113,1.1387326887403326e-06,0.37238791565011653,0.5252799698800752
shadow,0,101,1e-05,160,1120,1.0915609404889017e-06,0.4020551932709558,0.5252980607928652
shadow,0,101,1e-05,161,1127,1.0453658778440107e-06,0.647379104580198,0.5253262664332534
shadow,0,101,1e-05,162,1134,1.0001588987461348e-06,0.3804917617567948,0.5253633152354847
shadow,0,101,1e-05,163,1141,9.559511573409195e-07,0.3738121875295682,0.5253500215934984
shadow,0,101,1e-05,164,1148,9.127535612270632e-07,0.38717788670744213,0.5253610610961914
shadow,0,101,1e-05,165,1155,8.705767687650265e-07,0.46472939423152376,0.5253201975966945
shadow,0,101,1e-05,166,1162,8.294311864472448e-07,0.4668495314461844,0.5252914717703154
shadow,0,101,1e-05,167,1169,7.893269663304784e-07,0.7664031918559756,0.525321440263228
shadow,0,101,1e-05,168,1176,7.50274003530953e-07,0.36903258758996216,0.5253900181163441
shadow,0,101,1e-05,169,1183,7.122819337828752e-07,0.8014216018574578,0.525409814083215
shadow,0,101,1e-05,170,1190,6.753601310609673e-07,0.48199079505034853,0.5254431348858457
shadow,0,101,1e-05,171,1197,6.395177052675794e-07,0.3997747099825314,0.5255476055723248
shadow,0,101,1e-05,172,1204,6.047634999849531e-07,0.3721581853294213,0.5255535299127753
shadow,0,101,1e-05,173,1211,5.711060902932043e-07,0.3644091345902,0.5255753777243874
shadow,0,101,1e-05,174,1218,5.385537806545469e-07,0.37728705955669284,0.525582775925145
shadow,0,101,1e-05,175,1225,5.071146028642944e-07,0.4088582673243114,0.5255947980013761
shadow,0,101,1e-05,176,1232,4.7679631406913176e-07,0.3956419751048088,0.5255941911177202
shadow,0,101,1e-05,177,1239,4.4760639485315585e-07,0.3733816130885056,0.5255643382216945
shadow,0,101,1e-05,178,1246,4.195520473921565e-07,0.6151587111609322,0.5255680662212949
shadow,0,101,1e-05,179,1253,3.92640193676584e-07,0.3755368973527636,0.5255859548395331
shadow,0,101,1e-05,180,1260,3.668774738036508e-07,0.3970479645899364,0.5255885268702651
shadow,0,101,1e-05,181,1267,3.4227024433899004e-07,0.4823507581438337,0.5255718520193389
shadow,0,101,1e-05,182,1274,3.188245767482659e-07,0.3812765828333795,0.5255840474909003
shadow,0,101,1e-05,183,1281,2.9654625589913237e-07,0.41291733511856626,0.5255647428107985
shadow,0,101,1e-05,184,1288,2.754407786339001e-07,0.37258852885237764,0.5255534143158884
shadow,0,101,1e-05,185,1295,2.555133524132767e-07,0.4034025903259005,0.5255395715886896
shadow,0,101,1e-05,186,1302,2.3676889403150103e-07,0.45805269479751587,0.525551853757916
shadow,0,101,1e-05,187,1309,2.1921202840320077e-07,0.7244522081954139,0.5255639625318123
shadow,0,101,1e-05,188,1316,2.0284708742225901e-07,0.3764275833964348,0.5255882378780481
shadow,0,101,1e-05,189,1323,1.8767810889299085e-07,0.37357998859806685,0.5255950291951498
shadow,0,101,0.0001,1,7,0.0001,0.409440706883158,0.5348333011973988
shadow,0,101,0.0001,2,14,9.99938933078422e-05,0.41945297164576395,0.5330852739738695
shadow,0,101,0.0001,3,21,9.997557473810373e-05,0.38776981245194164,0.5356721011075106
shadow,0,101,0.0001,4,28,9.994504881061753e-05,0.4069794735738209,0.532128247347745
shadow,0,101,0.0001,5,35,9.990232305719945e-05,0.3988139416490282,0.535219770489317
shadow,0,101,0.0001,6,42,9.984740801978984e-05,0.40977829162563595,0.5314235109271426
shadow,0,101,0.0001,7,49,9.978031724785247e-05,0.40952520604644504,0.5284907601096414
shadow,0,101,0.0001,8,56,9.97010672950314e-05,0.42245754173823763,0.5276786341811671
shadow,0,101,0.0001,9,63,9.960967771506667e-05,0.39336706165756496,0.52972073988481
shadow,0,101,0.0001,10,70,9.95061710569696e-05,0.5220213660172054,0.5278338808001894
shadow,0,101,0.0001,11,77,9.939057285945933e-05,0.5717751064470836,0.53651373314135
shadow,0,101,0.0001,12,84,9.926291164466132e-05,0.3803352511354855,0.540400794058135
shadow,0,101,0.0001,13,91,9.91232189110701e-05,0.38058002160063814,0.5242938995361328
shadow,0,101,0.0001,14,98,9.897152912577741e-05,0.3830994176013129,0.5202076940825491
shadow,0,101,0.0001,15,105,9.8807879715968e-05,0.38130162030990633,0.5211088585131096
shadow,0,101,0.0001,16,112,9.8632311059685e-05,0.37888167798519135,0.5363696416219076
shadow,0,101,0.0001,17,119,9.844486647586725e-05,0.4518742561340332,0.5259497093431877
shadow,0,101,0.0001,18,126,9.824559221366101e-05,0.35828185454010963,0.5131004506891425
shadow,0,101,0.0001,19,133,9.803453744100869e-05,0.3670711229954447,0.5127833684285482
shadow,0,101,0.0001,20,140,9.781175423251735e-05,0.45731571103845325,0.5138541423913204
shadow,0,101,0.0001,21,147,9.757729755661011e-05,0.3879540541342327,0.5433535720362808
shadow,0,101,0.0001,22,154,9.73312252619635e-05,0.3549189961382321,0.5078914815729315
shadow,0,101,0.0001,23,161,9.707359806323417e-05,0.3789540241871561,0.5036922512632428
shadow,0,101,0.0001,24,168,9.680447952607845e-05,0.825361830847604,0.5250472444476504
shadow,0,101,0.0001,25,175,9.652393605146844e-05,0.3368309541173013,0.5245046326608369
shadow,0,101,0.0001,26,182,9.623203685930869e-05,0.3388481225286211,0.49450657584450464
shadow,0,101,0.0001,27,189,9.592885397135707e-05,0.6662072667053768,0.49178161043109314
shadow,0,101,0.0001,28,196,9.561446219345454e-05,0.3240093128156981,0.49162332939379144
shadow,0,101,0.0001,29,203,9.528893909706797e-05,0.5634432137012482,0.4837152596675988
shadow,0,101,0.0001,30,210,9.495236500015047e-05,0.5896709561347961,0.5107668096368964
shadow,0,101,0.0001,31,217,9.460482294732421e-05,0.31653390056453645,0.47317354606859613
shadow,0,101,0.0001,32,224,9.424639868939033e-05,0.3338999817413943,0.4929045763882724
shadow,0,101,0.0001,33,231,9.387718066217124e-05,0.31629437926624504,0.48176866589170514
shadow,0,101,0.0001,34,238,9.349725996469047e-05,0.34342593380383085,0.46843442049893463
shadow,0,101,0.0001,35,245,9.310673033669521e-05,0.3279882999403136,0.48351325410785095
shadow,0,101,0.0001,36,252,9.270568813552756e-05,0.34295881007398876,0.46449886668812146
shadow,0,101,0.0001,37,259,9.229423231234974e-05,0.3136019217116492,0.46962084914698743
shadow,0,101,0.0001,38,266,9.187246438772939e-05,0.45381086426121847,0.47427313255541254
shadow,0,101,0.0001,39,273,9.14404884265908e-05,0.37447325459548403,0.4601258364590732
shadow,0,101,0.0001,40,280,9.099841101253866e-05,0.3133249878883362,0.46703081419973663
shadow,0,101,0.0001,41,287,9.05463412215599e-05,0.32621329384190695,0.46216178662849194
shadow,0,101,0.0001,42,294,9.0084390595111e-05,0.29662309267691206,0.45873792243726325
shadow,0,101,0.0001,43,301,8.961267311259666e-05,0.31425003707408905,0.48902505816835345
shadow,0,101,0.0001,44,308,8.913130516324733e-05,0.2740356097263949,0.5156678575457949
shadow,0,101,0.0001,45,315,8.864040551740158e-05,0.3123204495225634,0.45781713543516217
shadow,0,101,0.0001,46,322,8.814009529720155e-05,0.2844461372920445,0.4615814035589045
shadow,0,101,0.0001,47,329,8.763049794670775e-05,0.2765147654489348,0.48099699887362396
shadow,0,101,0.0001,48,336,8.711173920144117e-05,0.2724586395280702,0.4636444900975083
shadow,0,101,0.0001,49,343,8.658394705735987e-05,0.6015238485166005,0.47301763476747455
shadow,0,101,0.0001,50,350,8.604725173927785e-05,0.2872497619994517,0.45712814909039123
shadow,0,101,0.0001,51,357,8.55017856687341e-05,0.2643268567376903,0.448074485316421
shadow,0,101,0.0001,52,364,8.494768343131955e-05,0.25666462729818057,0.4453438267563329
shadow,0,101,0.0001,53,371,8.438508174347009e-05,0.25120627846834914,0.4441241640033144
shadow,0,101,0.0001,54,378,8.381411941873378e-05,0.2638345429939883,0.44728637464118726
shadow,0,101,0.0001,55,385,8.323493733352077e-05,0.2499548771551677,0.4626486807158499
shadow,0,101,0.0001,56,392,8.26476783923441e-05,0.4219945477587836,0.4486207095059482
shadow,0,101,0.0001,57,399,8.205248749256015e-05,0.3306097090244293,0.44593016306559247
shadow,0,101,0.0001,58,406,8.144951148861742e-05,0.2607828197734697,0.43600157535437384
shadow,0,101,0.0001,59,413,8.083889915582235e-05,0.24991660032953536,0.44174055619673297
shadow,0,101,0.0001,60,420,8.022080115363127e-05,0.24138298560865223,0.4601970441413648
shadow,0,101,0.0001,61,427,7.959536998847744e-05,0.24782706797122955,0.44981433406020654
shadow,0,101,0.0001,62,434,7.89627599761423e-05,0.22407851235142776,0.44795952421246155
shadow,0,101,0.0001,63,441,7.832312720368048e-05,0.22641869820654392,0.4477971972841205
shadow,0,101,0.0001,64,448,7.767662949090753e-05,0.25677846372127533,0.4536087151729699
shadow,0,101,0.0001,65,455,7.702342635146033e-05,0.1968817032341446,0.45075904961788293
shadow,0,101,0.0001,66,462,7.636367895343946e-05,0.24813402124813624,0.450258832989317
shadow,0,101,0.0001,67,469,7.569755007964338e-05,0.1938945100908833,0.47494148485588306
shadow,0,101,0.0001,68,476,7.502520408740418e-05,0.22630130339946067,0.4537260460131096
shadow,0,101,0.0001,69,483,7.43468068680349e-05,0.19655619714675204,0.4230921774199515
shadow,0,101,0.0001,70,490,7.366252580589839e-05,0.18203140641396334,0.41928328889789
shadow,0,101,0.0001,71,497,7.297252973710757e-05,0.18602945974894933,0.4277889078313654
shadow,0,101,0.0001,72,504,7.22769889078678e-05,0.20036209693976811,0.437674551299124
shadow,0,101,0.0001,73,511,7.15760749324711e-05,0.19002574788672583,0.4485109502618963
shadow,0,101,0.0001,74,518,7.086996075095289e-05,0.2541575942720686,0.48987475308504974
shadow,0,101,0.0001,75,525,7.015882058642164e-05,0.3299588475908552,0.4424581238717744
shadow,0,101,0.0001,76,532,6.944282990207195e-05,0.23617775099618094,0.4438351428869999
shadow,0,101,0.0001,77,539,6.872216535789157e-05,0.16350165009498596,0.4368488716356682
shadow,0,101,0.0001,78,546,6.799700476707323e-05,0.17924949247390032,0.4790076342496005
shadow,0,101,0.0001,79,553,6.726752705214194e-05,0.363425469824246,0.431779196768096
shadow,0,101,0.0001,80,560,6.65339122008084e-05,0.16580955431397473,0.49975536808823096
shadow,0,101,0.0001,81,567,6.57963412215599e-05,0.45455770194530487,0.4317779541015625
shadow,0,101,0.0001,82,574,6.505499609899905e-05,0.22946372787867272,0.4224159356319543
shadow,0,101,0.0001,83,581,6.431005974894185e-05,0.17143123929521867,0.4184794281468247
shadow,0,101,0.0001,84,588,6.356171597328596e-05,0.15224906961832727,0.4252928820523349
shadow,0,101,0.0001,85,595,6.281014941466031e-05,0.2765363667692457,0.43298423651492957
shadow,0,101,0.0001,86,602,6.205554551086733e-05,0.14594504113067938,0.41345050118186255
shadow,0,101,0.0001,87,609,6.129809044912887e-05,0.18616953598601477,0.48858073263457324
shadow,0,101,0.0001,88,616,6.053797112014738e-05,0.2456673298563276,0.3991743145566998
shadow,0,101,0.0001,89,623,5.977537507199338e-05,0.1454788046123992,0.4255935206557765
shadow,0,101,0.0001,90,630,5.901049046383077e-05,0.14589390624314547,0.39753607547644415
shadow,0,101,0.0001,91,637,5.8243506019491436e-05,0.16907146839158876,0.41549523671468097
shadow,0,101,0.0001,92,644,5.7474610980910354e-05,0.153113472408482,0.4263957052519827
shadow,0,101,0.0001,93,651,5.6703995061433075e-05,0.13219931601945842,0.41576232332171814
shadow,0,101,0.0001,94,658,5.5931848399006745e-05,0.1485051831529875,0.4260264020977598
shadow,0,101,0.0001,95,665,5.515836150926646e-05,0.15342889353632927,0.42839437542539655
shadow,0,101,0.0001,96,672,5.438372523852833e-05,0.12729938763992063,0.404789433334813
shadow,0,101,0.0001,97,679,5.360813071670102e-05,0.12307088035491429,0.387959133494984
shadow,0,101,0.0001,98,686,5.283176931012731e-05,0.1697788110801152,0.42066972905939276
shadow,0,101,0.0001,99,693,5.205483257436735e-05,0.13944652570145472,0.42813093012029474
shadow,0,101,0.0001,100,700,5.127751220693513e-05,0.12042376317549497,0.4055872541485411
shadow,0,101,0.0001,101,707,5.05e-05,0.12770483472617603,0.43088170253869257
shadow,0,101,0.0001,102,714,4.972248779306489e-05,0.1783616202218192,0.38235615238998877
shadow,0,101,0.0001,103,721,4.894516742563265e-05,0.13661581783422402,0.4191788471106327
shadow,0,101,0.0001,104,728,4.816823068987269e-05,0.13088814747918928,0.3961518316557913
shadow,0,101,0.0001,105,735,4.739186928329899e-05,0.15257999300956726,0.39193867192123877
shadow,0,101,0.0001,106,742,4.661627476147168e-05,0.1261175394590412,0.4498532902110707
shadow,0,101,0.0001,107,749,4.584163849073354e-05,0.13702077578221047,0.37368979598536634
shadow,0,101,0.0001,108,756,4.5068151600993264e-05,0.1530638468850936,0.4004671501390862
shadow,0,101,0.0001,109,763,4.429600493856695e-05,0.12183139852381178,0.4161230434070934
shadow,0,101,0.0001,110,770,4.352538901908967e-05,0.11658929594393287,0.40173490119702887
shadow,0,101,0.0001,111,777,4.275649398050857e-05,0.16162446460553578,0.4111758145419034
shadow,0,101,0.0001,112,784,4.198950953616922e-05,0.11967438273131847,0.4082309260512843
shadow,0,101,0.0001,113,791,4.122462492800663e-05,0.110698820091784,0.39650078975793085
shadow,0,101,0.0001,114,798,4.046202887985264e-05,0.11122307001746126,0.4243709101821437
shadow,0,101,0.0001,115,805,3.9701909550871155e-05,0.13341173369969642,0.42174506909919507
shadow,0,101,0.0001,116,812,3.8944454489132674e-05,0.11576325117078211,0.43445483121004974
shadow,0,101,0.0001,117,819,3.818985058533969e-05,0.10162058858467,0.4406131686586322
shadow,0,101,0.0001,118,826,3.7438284026714043e-05,0.12418894709220954,0.42304501389012195
shadow,0,101,0.0001,119,833,3.668994025105816e-05,0.12235399654933385,0.4386920350970644
shadow,0,101,0.0001,120,840,3.594500390100096e-05,0.10540492939097541,0.429201704083067
shadow,0,101,0.0001,121,847,3.520365877844012e-05,0.10974884781587337,0.42518375859116064
shadow,0,101,0.0001,122,854,3.44660877991916e-05,0.10109770774059663,0.41862467563513556
shadow,0,101,0.0001,123,861,3.373247294785808e-05,0.11079738374766228,0.41684922305020417
shadow,0,101,0.0001,124,868,3.300299523292678e-05,0.08565913824616343,0.41878847642378375
shadow,0,101,0.0001,125,875,3.2277834642108455e-05,0.08790777623653412,0.4129204605564927
shadow,0,101,0.0001,126,882,3.155717009792807e-05,0.13380962024841989,0.4259538072528261
shadow,0,101,0.0001,127,889,3.084117941357835e-05,0.09824644681066275,0.38965583570075757
shadow,0,101,0.0001,128,896,3.013003924904712e-05,0.1284836924501828,0.39457217129794037
shadow,0,101,0.0001,129,903,2.9423925067528905e-05,0.12001751203622137,0.4413002476547704
shadow,0,101,0.0001,130,910,2.87230110921322e-05,0.1356979518064431,0.3875143744728782
shadow,0,101,0.0001,131,917,2.8027470262892437e-05,0.09386890880497438,0.4500603531346177
shadow,0,101,0.0001,132,924,2.7337474194101628e-05,0.11552274393449936,0.3901902401086056
shadow,0,101,0.0001,133,931,2.665319313196509e-05,0.10409925927108686,0.42098892096317175
shadow,0,101,0.0001,134,938,2.5974795912595825e-05,0.12496432183044297,0.4300539999297171
shadow,0,101,0.0001,135,945,2.5302449920356623e-05,0.0935678764113358,0.3914719783898556
shadow,0,101,0.0001,136,952,2.4636321046560538e-05,0.11085599873747144,0.41207556291060016
shadow,0,101,0.0001,137,959,2.3976573648539656e-05,0.09327445541774589,0.4014434814453125
shadow,0,101,0.001,1,7,0.001,0.4602655257497515,0.6574077028216738
shadow,0,101,0.001,2,14,0.000999938933078422,0.5349811656134469,0.6196345704974551
shadow,0,101,0.001,3,21,0.0009997557473810372,0.4057090016348021,0.5375610120368727
shadow,0,101,0.001,4,28,0.0009994504881061753,0.4223601073026657,0.5973110487966826
shadow,0,101,0.001,5,35,0.0009990232305719944,0.39879361905228244,0.5618975957234701
shadow,0,101,0.001,6,42,0.0009984740801978985,0.3746422108794962,0.4935945453065814
shadow,0,101,0.001,7,49,0.0009978031724785245,0.3644858414440283,0.4876515359589548
shadow,0,101,0.001,8,56,0.000997010672950314,0.3847288829939706,0.5626570961692117
shadow,0,101,0.001,9,63,0.0009960967771506667,0.38407531268317435,0.5421335913918235
shadow,0,101,0.001,10,70,0.000995061710569696,0.42228845826217104,0.522390856887355
shadow,0,101,0.001,11,77,0.0009939057285945933,0.5973677209445408,0.5506178538004557
shadow,0,101,0.001,12,84,0.000992629116446613,0.3592718855610916,0.5135697740497012
shadow,0,101,0.001,13,91,0.000991232189110701,0.34982589525835855,0.4654457785866477
shadow,0,101,0.001,14,98,0.0009897152912577741,0.31812393977972014,0.47317397955692175
shadow,0,101,0.001,15,105,0.00098807879715968,0.2936612857239587,0.4914089838663737
shadow,0,101,0.001,16,112,0.00098632311059685,0.27932926210840897,0.4653852925156102
shadow,0,101,0.001,17,119,0.0009844486647586723,0.3930134304932186,0.49637722246574634
shadow,0,101,0.001,18,126,0.00098245592213661,0.2558538978004695,0.455823667121656
shadow,0,101,0.001,19,133,0.0009803453744100868,0.27616492552416666,0.5124067248720111
shadow,0,101,0.001,20,140,0.0009781175423251734,0.48772175184317995,0.5248499205618193
shadow,0,101,0.001,21,147,0.0009757729755661011,0.3879715401147093,0.6785528876564719
shadow,0,101,0.001,22,154,0.0009733122526196349,0.5369093503270831,0.5505741292780096
shadow,0,101,0.001,23,161,0.0009707359806323416,0.3490642841373171,0.5771972193862452
shadow,0,101,0.001,24,168,0.0009680447952607845,0.7821510561874935,0.6544418912945371
shadow,0,101,0.001,25,175,0.0009652393605146844,0.4204703707780157,0.5338438785437382
shadow,0,101,0.001,26,182,0.000962320368593087,0.3409705108829907,0.5443064082752574
shadow,0,101,0.001,27,189,0.0009592885397135706,0.6342878001076835,0.5147288929332386
shadow,0,101,0.001,28,196,0.0009561446219345453,0.3751472852059773,0.48984218366218335
shadow,0,101,0.001,29,203,0.0009528893909706797,0.4310829852308546,0.5941745295669093
shadow,0,101,0.001,30,210,0.0009495236500015047,0.5492645416940961,0.6635406089551521
shadow,0,101,0.001,31,217,0.0009460482294732421,0.2730131833148854,0.4672237454038678
shadow,0,101,0.001,32,224,0.0009424639868939033,0.25245681245412144,0.4418528007738518
shadow,0,101,0.001,33,231,0.0009387718066217125,0.22841535668287957,0.537114143371582
shadow,0,101,0.001,34,238,0.0009349725996469047,0.21403937627162253,0.516527609391646
shadow,0,101,0.001,35,245,0.0009310673033669522,0.17543895170092583,0.5331891666759144
shadow,0,101,0.001,36,252,0.0009270568813552756,0.2379224162016596,0.44663296323834045
shadow,0,101,0.001,37,259,0.0009229423231234975,0.40575583066259113,0.5797961263945608
shadow,0,101,0.001,38,266,0.0009187246438772938,0.2980726787022182,0.435285539338083
shadow,0,101,0.001,39,273,0.0009144048842659081,0.2044725279722895,0.4580484159065015
shadow,0,101,0.001,40,280,0.0009099841101253866,0.1495755346758025,0.5272928006721266
shadow,0,101,0.001,41,287,0.000905463412215599,0.1579753096614565,0.4613181027499112
shadow,0,101,0.001,42,294,0.0009008439059511099,0.2608845042330878,0.4427005305434718
shadow,0,101,0.001,43,301,0.0008961267311259666,0.1475792866466301,0.4388863245646159
shadow,0,101,0.001,44,308,0.0008913130516324732,0.15502865186759404,0.44550907250606653
shadow,0,101,0.001,45,315,0.0008864040551740157,0.24142212314265116,0.4546904130415483
shadow,0,101,0.001,46,322,0.0008814009529720154,0.15977949995015348,0.4381560412320224
shadow,0,101,0.001,47,329,0.0008763049794670775,0.17444471642374992,0.589664921616063
shadow,0,101,0.001,48,336,0.0008711173920144117,0.14366858026811055,0.481204350789388
shadow,0,101,0.001,49,343,0.0008658394705735987,0.13626687760863984,0.45441009059096826
shadow,0,101,0.001,50,350,0.0008604725173927785,0.10926104070884841,0.48206522970488574
shadow,0,101,0.001,51,357,0.000855017856687341,0.13090473440076625,0.5694311604355321
shadow,0,101,0.001,52,364,0.0008494768343131955,0.16895419039896556,0.45594114245790424
shadow,0,101,0.001,53,371,0.0008438508174347009,0.13740403136970208,0.5618313587073124
shadow,0,101,0.001,54,378,0.0008381411941873378,0.12227672657796315,0.4428531762325402
shadow,0,101,0.001,55,385,0.0008323493733352077,0.11259069240518979,0.43692993395256274
shadow,0,101,0.001,56,392,0.000826476783923441,0.1487691423722676,0.6799157749522816
shadow,0,101,0.001,57,399,0.0008205248749256015,0.3455520761864526,0.44910864396528766
shadow,0,101,0.001,58,406,0.0008144951148861742,0.14999268629721232,0.47294310367468634
shadow,0,101,0.001,59,413,0.0008083889915582234,0.1131257789672223,0.45706225886489404
shadow,0,101,0.001,60,420,0.0008022080115363127,0.10626566755984511,0.4476859930789832
shadow,0,101,0.001,61,427,0.0007959536998847743,0.10185272665694356,0.4727658358487216
shadow,0,101,0.001,62,434,0.0007896275997614229,0.08868363020675522,0.4504233851577296
shadow,0,101,0.001,63,441,0.0007832312720368048,0.08655148425272532,0.45799029957164417
shadow,0,101,0.001,64,448,0.0007767662949090753,0.08101561718753406,0.46079447775176074
shadow,0,101,0.001,65,455,0.0007702342635146033,0.06060619055850631,0.4646768280954072
shadow,0,101,0.001,66,462,0.0007636367895343947,0.059405428515414575,0.5197341225363992
shadow,0,101,0.001,67,469,0.0007569755007964338,0.08330397147385936,0.46725975383411755
shadow,0,101,0.001,68,476,0.0007502520408740418,0.11025778377162558,0.5100253423055013
shadow,0,101,0.01,1,7,0.01,1.7592613186155046,6.601946093819358
shadow,0,101,0.01,2,14,0.00999938933078422,2.007863998413086,0.5698415293838038
shadow,0,101,0.01,3,21,0.009997557473810372,0.7509964661938804,0.7943341515280984
shadow,0,101,0.01,4,28,0.009994504881061753,0.43553654636655537,0.5138574947010387
shadow,0,101,0.01,5,35,0.009990232305719944,0.43687345513275694,0.48866162155613757
shadow,0,101,0.01,6,42,0.009984740801978984,0.4707568641086774,0.5268333897446141
shadow,0,101,0.01,7,49,0.009978031724785246,0.4161178431074534,0.504624858047023
shadow,0,101,0.01,8,56,0.00997010672950314,0.4123909388269697,0.5354044076168176
shadow,0,101,0.01,9,63,0.009960967771506667,0.38196317266140667,0.5492895299738104
shadow,0,101,0.01,10,70,0.00995061710569696,0.4821374480213438,0.5925451625477184
shadow,0,101,0.01,11,77,0.009939057285945933,0.6027786774294717,0.5194095553773822
shadow,0,101,0.01,12,84,0.00992629116446613,0.37798612671239035,0.5180446740352747
shadow,0,101,0.01,13,91,0.00991232189110701,0.3888045293944223,0.6636170762957949
shadow,0,101,0.01,14,98,0.00989715291257774,0.5008769035339355,0.5995419242165305
shadow,0,101,0.01,15,105,0.0098807879715968,0.5936890968254634,1.1421529596502131
shadow,0,101,0.01,16,112,0.0098632311059685,0.5587267130613327,0.5480407946037523
shadow,0,101,0.01,17,119,0.009844486647586723,0.6286607597555433,0.5271529284390536
shadow,0,101,0.01,18,126,0.0098245592213661,0.3644491351608719,0.5249163887717507
shadow,0,101,0.01,19,133,0.009803453744100868,0.4283422998019627,0.546715851986047
shadow,0,101,0.01,20,140,0.009781175423251734,0.46232128143310547,0.9186277534022476
shadow,0,101,0.01,21,147,0.009757729755661011,0.617964363523892,0.6368851806178237
shadow,0,101,0.01,22,154,0.009733122526196349,0.38503002375364304,0.7583952817049894
shadow,0,101,0.01,23,161,0.009707359806323416,0.40266497646059307,0.5548270543416342
shadow,0,101,0.01,24,168,0.009680447952607845,0.773728106703077,0.8304748246164033
shadow,0,101,0.01,25,175,0.009652393605146845,0.445970231667161,0.617787014354359
shadow,0,101,0.01,26,182,0.00962320368593087,0.4644692994853748,0.9990444472341826
shadow,0,101,0.01,27,189,0.009592885397135707,0.9671411003385272,0.9034712820342092
shadow,0,101,0.01,28,196,0.009561446219345454,0.741168852363314,0.5272858359596946
shadow,0,101,0.01,29,203,0.009528893909706798,0.6512267546994346,0.7331425348917643
shadow,0,101,0.01,30,210,0.009495236500015047,0.9328737514359611,0.5263864343816583
shadow,0,101,0.01,31,217,0.00946048229473242,0.3624511212276827,0.530868385777329
shadow,0,101,0.01,32,224,0.009424639868939034,0.37361180481301354,0.5517456748268821
shadow,0,101,0.01,33,231,0.009387718066217124,0.49999730116022484,0.5348444273977568
shadow,0,101,0.01,34,238,0.009349725996469048,0.3961069072995867,0.5595143347075491
shadow,0,101,0.01,35,245,0.00931067303366952,0.3774430331374918,0.5912017822265625
shadow,1,101,1e-05,1,7,1e-05,0.48530103479112896,0.5722813904285431
shadow,1,101,1e-05,2,14,9.99938933078422e-06,0.4451077899762562,0.5569000542163849
shadow,1,101,1e-05,3,21,9.997557473810373e-06,0.49923855917794363,0.5449696183204651
shadow,1,101,1e-05,4,28,9.994504881061752e-06,0.4150090685912541,0.5358894765377045
shadow,1,101,1e-05,5,35,9.990232305719944e-06,0.42559794230120523,0.5326891243457794
shadow,1,101,1e-05,6,42,9.984740801978984e-06,0.44409242272377014,0.5310861170291901
shadow,1,101,1e-05,7,49,9.978031724785247e-06,0.40530544200113844,0.5298424363136292
shadow,1,101,1e-05,8,56,9.97010672950314e-06,0.40395178246710983,0.5285969078540802
shadow,1,101,1e-05,9,63,9.960967771506666e-06,0.3870285225670419,0.5273396372795105
shadow,1,101,1e-05,10,70,9.950617105696961e-06,0.3929600552551814,0.5272030532360077
shadow,1,101,1e-05,11,77,9.939057285945933e-06,0.4378398486546108,0.5270702540874481
shadow,1,101,1e-05,12,84,9.926291164466131e-06,0.3947454619088343,0.5269396007061005
shadow,1,101,1e-05,13,91,9.91232189110701e-06,0.5043355354240963,0.5268364250659943
shadow,1,101,1e-05,14,98,9.897152912577742e-06,0.41426660333360943,0.5267087519168854
shadow,1,101,1e-05,15,105,9.8807879715968e-06,0.44796580927712576,0.5265517830848694
shadow,1,101,1e-05,16,112,9.8632311059685e-06,0.38335207337513566,0.5264076292514801
shadow,1,101,1e-05,17,119,9.844486647586724e-06,0.6015744507312775,0.5262556672096252
shadow,1,101,1e-05,18,126,9.824559221366101e-06,0.9336355307272503,0.5261356830596924
shadow,1,101,1e-05,19,133,9.803453744100868e-06,0.5003483061279569,0.5260225236415863
shadow,1,101,1e-05,20,140,9.781175423251734e-06,0.6949917461190905,0.5259038209915161
shadow,1,101,1e-05,21,147,9.757729755661012e-06,0.3887928913341706,0.5258346796035767
shadow,1,101,1e-05,22,154,9.73312252619635e-06,0.42620454728603363,0.5257250964641571
shadow,1,101,1e-05,23,161,9.707359806323418e-06,0.38979204850537436,0.5255984365940094
shadow,1,101,1e-05,24,168,9.680447952607845e-06,0.4505975459303175,0.525523453950882
shadow,1,101,1e-05,25,175,9.652393605146845e-06,0.3916334484487639,0.5254141092300415
shadow,1,101,1e-05,26,182,9.62320368593087e-06,0.5615751211132322,0.5253248810768127
shadow,1,101,1e-05,27,189,9.592885397135707e-06,0.5111963216747556,0.5252213478088379
shadow,1,101,1e-05,28,196,9.561446219345455e-06,0.38430781396371977,0.5251047015190125
shadow,1,101,1e-05,29,203,9.528893909706798e-06,0.41606761302266804,0.5249968469142914
shadow,1,101,1e-05,30,210,9.495236500015048e-06,0.518484924520765,0.5248690843582153
shadow,1,101,1e-05,31,217,9.460482294732422e-06,0.39007360553036313,0.5247281789779663
shadow,1,101,1e-05,32,224,9.424639868939035e-06,0.39550840322460445,0.5245966017246246
shadow,1,101,1e-05,33,231,9.387718066217125e-06,0.5194496810436249,0.5244908034801483
shadow,1,101,1e-05,34,238,9.349725996469047e-06,0.3840625630192725,0.524372011423111
shadow,1,101,1e-05,35,245,9.310673033669522e-06,0.41149402941976276,0.5242613554000854
shadow,1,101,1e-05,36,252,9.270568813552757e-06,0.38961210155061315,0.5241370797157288
shadow,1,101,1e-05,37,259,9.229423231234975e-06,0.39034256285854746,0.5240118205547333
shadow,1,101,1e-05,38,266,9.18724643877294e-06,0.8577672924314227,0.5239083170890808
shadow,1,101,1e-05,39,273,9.144048842659081e-06,0.4168053886720112,0.5238112807273865
shadow,1,101,1e-05,40,280,9.099841101253867e-06,0.3900280589503901,0.5236686766147614
shadow,1,101,1e-05,41,287,9.054634122155991e-06,0.4005310854741505,0.523545891046524
shadow,1,101,1e-05,42,294,9.0084390595111e-06,0.4381041462932314,0.523425281047821
shadow,1,101,1e-05,43,301,8.961267311259668e-06,0.41502743533679415,0.5233169198036194
shadow,1,101,1e-05,44,308,8.913130516324733e-06,0.3791269340685436,0.5231961309909821
shadow,1,101,1e-05,45,315,8.864040551740158e-06,0.48144364782742094,0.5230693519115448
shadow,1,101,1e-05,46,322,8.814009529720155e-06,0.38618500929858,0.5229423642158508
shadow,1,101,1e-05,47,329,8.763049794670776e-06,0.39586189814976286,0.5230274796485901
shadow,1,101,1e-05,48,336,8.711173920144118e-06,0.44204541189329966,0.5232256054878235
shadow,1,101,1e-05,49,343,8.658394705735988e-06,0.43122224509716034,0.5233432054519653
shadow,1,101,1e-05,50,350,8.604725173927786e-06,0.4010300391486713,0.5230124890804291
shadow,1,101,1e-05,51,357,8.550178566873412e-06,0.38544777581202133,0.522365152835846
shadow,1,101,1e-05,52,364,8.494768343131955e-06,0.38564224714147194,0.5222791135311127
shadow,1,101,1e-05,53,371,8.43850817434701e-06,0.43601485235350473,0.522196501493454
shadow,1,101,1e-05,54,378,8.381411941873379e-06,0.3849966108006941,0.5221084952354431
shadow,1,101,1e-05,55,385,8.323493733352078e-06,0.4010112370763506,0.5220184326171875
shadow,1,101,1e-05,56,392,8.26476783923441e-06,0.53242227435112,0.521903783082962
shadow,1,101,1e-05,57,399,8.205248749256014e-06,0.3946351855993271,0.5217698216438293
shadow,1,101,1e-05,58,406,8.144951148861743e-06,0.3987622383449759,0.5216694474220276
shadow,1,101,1e-05,59,413,8.083889915582235e-06,0.6358485732759748,0.5215517282485962
shadow,1,101,1e-05,60,420,8.022080115363127e-06,0.39767824006932123,0.5214354693889618
shadow,1,101,1e-05,61,427,7.959536998847744e-06,0.5995920513357434,0.5213322937488556
shadow,1,101,1e-05,62,434,7.89627599761423e-06,0.39205279094832285,0.5212194919586182
shadow,1,101,1e-05,63,441,7.832312720368048e-06,0.38066357986203264,0.5211005210876465
shadow,1,101,1e-05,64,448,7.767662949090754e-06,0.40169096631663187,0.5209960341453552
shadow,1,101,1e-05,65,455,7.702342635146033e-06,0.38789214193820953,0.5208819806575775
shadow,1,101,1e-05,66,462,7.636367895343947e-06,0.3924138407622065,0.5207793712615967
shadow,1,101,1e-05,67,469,7.5697550079643376e-06,0.44116019776889254,0.5206615030765533
shadow,1,101,1e-05,68,476,7.502520408740418e-06,0.3906837318624769,0.5205648839473724
shadow,1,101,1e-05,69,483,7.43468068680349e-06,0.38328539580106735,0.5204634070396423
shadow,1,101,1e-05,70,490,7.366252580589839e-06,0.4225324903215681,0.5203375816345215
shadow,1,101,1e-05,71,497,7.297252973710756e-06,0.38029894658497404,0.5201992094516754
shadow,1,101,1e-05,72,504,7.227698890786779e-06,0.4206880990947996,0.5200684368610382
shadow,1,101,1e-05,73,511,7.15760749324711e-06,0.5172124547617776,0.5199432075023651
shadow,1,101,1e-05,74,518,7.086996075095289e-06,0.43061620422772,0.5198158025741577
shadow,1,101,1e-05,75,525,7.015882058642164e-06,0.42874327514852795,0.5196853578090668
shadow,1,101,1e-05,76,532,6.9442829902071945e-06,0.3831461061989622,0.5195910632610321
shadow,1,101,1e-05,77,539,6.8722165357891564e-06,0.3919562782560076,0.5194715559482574
shadow,1,101,1e-05,78,546,6.799700476707323e-06,0.44751037657260895,0.5193405449390411
shadow,1,101,1e-05,79,553,6.726752705214193e-06,0.4441088650907789,0.5192258059978485
shadow,1,101,1e-05,80,560,6.65339122008084e-06,0.4101627107177462,0.519121915102005
shadow,1,101,1e-05,81,567,6.57963412215599e-06,0.4075265782220023,0.5190297067165375
shadow,1,101,1e-05,82,574,6.505499609899905e-06,0.45457048075539724,0.5189278423786163
shadow,1,101,1e-05,83,581,6.431005974894185e-06,0.3793105854253684,0.5188138484954834
shadow,1,101,1e-05,84,588,6.356171597328595e-06,0.4309100742850985,0.5187053084373474
shadow,1,101,1e-05,85,595,6.28101494146603e-06,0.43247836402484346,0.518602728843689
shadow,1,101,1e-05,86,602,6.205554551086732e-06,0.38990331178398,0.518505722284317
shadow,1,101,1e-05,87,609,6.129809044912887e-06,0.48396014315741404,0.5184132754802704
shadow,1,101,1e-05,88,616,6.053797112014738e-06,0.3967328944376537,0.5183018147945404
shadow,1,101,1e-05,89,623,5.977537507199338e-06,0.3771570472662071,0.5182095468044281
shadow,1,101,1e-05,90,630,5.901049046383077e-06,0.40515067321913584,0.5181090235710144
shadow,1,101,1e-05,91,637,5.824350601949143e-06,0.38537656302962986,0.5180016756057739
shadow,1,101,1e-05,92,644,5.7474610980910354e-06,0.3768462666443416,0.5178965926170349
shadow,1,101,1e-05,93,651,5.6703995061433075e-06,0.37415536930296056,0.5178101360797882
shadow,1,101,1e-05,94,658,5.5931848399006745e-06,0.6811487206390926,0.5177022814750671
shadow,1,101,1e-05,95,665,5.515836150926646e-06,0.3799485677986273,0.5175968408584595
shadow,1,101,1e-05,96,672,5.438372523852833e-06,0.3912700680749757,0.5174925625324249
shadow,1,101,1e-05,97,679,5.360813071670101e-06,0.3842484116820352,0.5174010097980499
shadow,1,101,1e-05,98,686,5.283176931012731e-06,0.3916935420462063,0.5173188149929047
shadow,1,101,1e-05,99,693,5.205483257436735e-06,0.39247175039989607,0.5172331929206848
shadow,1,101,1e-05,100,700,5.127751220693512e-06,0.3771420526650867,0.5171428024768829
shadow,1,101,1e-05,101,707,5.05e-06,0.3888875496174608,0.5170718729496002
shadow,1,101,1e-05,102,714,4.972248779306488e-06,0.41392916440963745,0.5169804692268372
shadow,1,101,1e-05,103,721,4.8945167425632645e-06,0.39056115677314146,0.5169042348861694
shadow,1,101,1e-05,104,728,4.816823068987269e-06,0.38510931389672415,0.5168253481388092
shadow,1,101,1e-05,105,735,4.7391869283298985e-06,0.40528701884405954,0.5167398750782013
shadow,1,101,1e-05,106,742,4.661627476147168e-06,0.377375920436212,0.5166517496109009
shadow,1,101,1e-05,107,749,4.584163849073354e-06,0.37643258167164667,0.516540914773941
shadow,1,101,1e-05,108,756,4.506815160099326e-06,0.6539172445024762,0.5164574980735779
shadow,1,101,1e-05,109,763,4.429600493856694e-06,0.42905308306217194,0.5163669288158417
shadow,1,101,1e-05,110,770,4.352538901908967e-06,0.3810013122440848,0.5162780582904816
shadow,1,101,1e-05,111,777,4.275649398050858e-06,0.3951876035758427,0.5161860883235931
shadow,1,101,1e-05,112,784,4.198950953616922e-06,0.42689415386744906,0.5160977840423584
shadow,1,101,1e-05,113,791,4.122462492800663e-06,0.3889863629426275,0.51602903008461
shadow,1,101,1e-05,114,798,4.046202887985263e-06,0.920879419360842,0.5159551501274109
shadow,1,101,1e-05,115,805,3.970190955087116e-06,0.3874173845563616,0.5158672332763672
shadow,1,101,1e-05,116,812,3.894445448913268e-06,0.5479337743350438,0.5157897174358368
shadow,1,101,1e-05,117,819,3.818985058533969e-06,0.3909871588860239,0.515706479549408
shadow,1,101,1e-05,118,826,3.7438284026714044e-06,0.384769187441894,0.5156229138374329
shadow,1,101,1e-05,119,833,3.6689940251058153e-06,0.36634717911614906,0.5155359506607056
shadow,1,101,1e-05,120,840,3.594500390100096e-06,0.38168829679489136,0.515455573797226
shadow,1,101,1e-05,121,847,3.5203658778440116e-06,0.8078830667904445,0.5153836905956268
shadow,1,101,1e-05,122,854,3.4466087799191603e-06,0.3862881362438202,0.5153054296970367
shadow,1,101,1e-05,123,861,3.3732472947858077e-06,0.37416412132526083,0.5152290165424347
shadow,1,101,1e-05,124,868,3.300299523292678e-06,0.37587469707276405,0.515152633190155
shadow,1,101,1e-05,125,875,3.227783464210845e-06,0.7251001213278089,0.5150752067565918
shadow,1,101,1e-05,126,882,3.155717009792807e-06,0.4508119949272701,0.5149874091148376
shadow,1,101,1e-05,127,889,3.0841179413578354e-06,0.42083209327289034,0.5149049162864685
shadow,1,101,1e-05,128,896,3.0130039249047117e-06,0.3783373662403652,0.5148339867591858
shadow,1,101,1e-05,129,903,2.9423925067528904e-06,0.4196531964199884,0.5147575736045837
shadow,1,101,1e-05,130,910,2.87230110921322e-06,0.841324799827167,0.5146867334842682
shadow,1,101,1e-05,131,917,2.8027470262892435e-06,0.38512721232005526,0.514619767665863
shadow,1,101,1e-05,132,924,2.7337474194101625e-06,0.3747819031455687,0.5145553052425385
shadow,1,101,1e-05,133,931,2.6653193131965085e-06,0.38116290846041273,0.5144985914230347
shadow,1,101,1e-05,134,938,2.5974795912595824e-06,0.39916546429906574,0.5144377648830414
shadow,1,101,1e-05,135,945,2.530244992035662e-06,0.5292819951261792,0.5143841505050659
shadow,1,101,1e-05,136,952,2.4636321046560533e-06,0.3765682045736217,0.5143255889415741
shadow,1,101,1e-05,137,959,2.3976573648539653e-06,0.37674493196287323,0.5142728686332703
shadow,1,101,1e-05,138,966,2.332337050909247e-06,0.3965154694659369,0.5142147243022919
shadow,1,101,1e-05,139,973,2.267687279631953e-06,0.41557109355926514,0.5141554474830627
shadow,1,101,1e-05,140,980,2.2037240023857708e-06,0.3815322348798093,0.5140987932682037
shadow,1,101,1e-05,141,987,2.1404630011522584e-06,0.37754376445497784,0.5140490233898163
shadow,1,101,1e-05,142,994,2.0779198846368745e-06,0.3984156208378928,0.513999730348587
shadow,1,101,1e-05,143,1001,2.0161100844177658e-06,0.43069132949624744,0.5139481127262115
shadow,1,101,1e-05,144,1008,1.9550488511382593e-06,0.3990118290696825,0.5138916671276093
shadow,1,101,1e-05,145,1015,1.894751250743986e-06,0.4307303045477186,0.5138471722602844
shadow,1,101,1e-05,146,1022,1.8352321607655916e-06,0.35835741672781296,0.5138004422187805
shadow,1,101,1e-05,147,1029,1.7765062666479242e-06,0.4058920443058014,0.5137615501880646
shadow,1,101,1e-05,148,1036,1.7185880581266217e-06,0.3831599088651793,0.5137174427509308
shadow,1,101,1e-05,149,1043,1.6614918256529908e-06,0.38102953668151585,0.5136735141277313
shadow,1,101,1e-05,150,1050,1.6052316568680442e-06,0.3746115385687777,0.5136330127716064
shadow,1,101,1e-05,151,1057,1.5498214331265902e-06,0.40251010230609346,0.5135883092880249
shadow,1,101,1e-05,152,1064,1.495274826072216e-06,0.383914246356913,0.5135507583618164
shadow,1,101,1e-05,153,1071,1.441605294264014e-06,0.38218964343624456,0.5135146677494049
shadow,1,101,1e-05,154,1078,1.3888260798558817e-06,0.41748033251081196,0.5134763121604919
shadow,1,101,1e-05,155,1085,1.3369502053292252e-06,0.5410306070532117,0.5134404003620148
shadow,1,101,1e-05,156,1092,1.285990470279847e-06,0.38319551412548336,0.5134090185165405
shadow,1,101,1e-05,157,1099,1.2359594482598438e-06,0.6591243360723767,0.5133824944496155
shadow,1,101,1e-05,158,1106,1.1868694836752686e-06,0.3810505212417671,0.5133532881736755
shadow,1,101,1e-05,159,1113,1.1387326887403326e-06,0.3704817924265496,0.5133237838745117
shadow,1,101,1e-05,160,1120,1.0915609404889017e-06,0.3797725566795894,0.5132943689823151
shadow,1,101,1e-05,161,1127,1.0453658778440107e-06,0.6782451612608773,0.5132639110088348
shadow,1,101,1e-05,162,1134,1.0001588987461348e-06,0.36706010524981786,0.513234943151474
shadow,1,101,1e-05,163,1141,9.559511573409195e-07,0.3933610511677606,0.513212651014328
shadow,1,101,1e-05,164,1148,9.127535612270632e-07,0.6524528520447868,0.5131873786449432
shadow,1,101,1e-05,165,1155,8.705767687650265e-07,0.46067140464271816,0.5131644904613495
shadow,1,101,1e-05,166,1162,8.294311864472448e-07,0.39277184328862597,0.51314577460289
shadow,1,101,1e-05,167,1169,7.893269663304784e-07,0.40906416944095064,0.5131259858608246
shadow,1,101,1e-05,168,1176,7.50274003530953e-07,0.378496981625046,0.5131084620952606
shadow,1,101,1e-05,169,1183,7.122819337828752e-07,0.4235328755208424,0.5130892693996429
shadow,1,101,1e-05,170,1190,6.753601310609673e-07,0.6547597071954182,0.5130722522735596
shadow,1,101,1e-05,171,1197,6.395177052675794e-07,0.3703106997667679,0.5130545198917389
shadow,1,101,1e-05,172,1204,6.047634999849531e-07,0.37725533957460095,0.5130390822887421
shadow,1,101,1e-05,173,1211,5.711060902932043e-07,0.3719654832301395,0.5130239725112915
shadow,1,101,1e-05,174,1218,5.385537806545469e-07,0.3795113342681101,0.5130110085010529
shadow,1,101,1e-05,175,1225,5.071146028642944e-07,0.40181522709982737,0.5129979848861694
shadow,1,101,1e-05,176,1232,4.7679631406913176e-07,0.3820020120058741,0.5129856169223785
shadow,1,101,1e-05,177,1239,4.4760639485315585e-07,0.3878800773194858,0.5129748582839966
shadow,1,101,1e-05,178,1246,4.195520473921565e-07,0.6448714818273272,0.5129649341106415
shadow,1,101,1e-05,179,1253,3.92640193676584e-07,0.3846675732306072,0.5129552483558655
shadow,1,101,1e-05,180,1260,3.668774738036508e-07,0.40401419358594076,0.5129474401473999
shadow,1,101,1e-05,181,1267,3.4227024433899004e-07,0.711948824780328,0.5129401981830597
shadow,1,101,1e-05,182,1274,3.188245767482659e-07,0.36156093289277386,0.5129323601722717
shadow,1,101,1e-05,183,1281,2.9654625589913237e-07,0.3900273037808282,0.512926459312439
shadow,1,101,1e-05,184,1288,2.754407786339001e-07,0.38646221799509867,0.5129213035106659
shadow,1,101,1e-05,185,1295,2.555133524132767e-07,0.4139479228428432,0.5129173994064331
shadow,1,101,1e-05,186,1302,2.3676889403150103e-07,0.39056879920618875,0.5129126012325287
shadow,1,101,1e-05,187,1309,2.1921202840320077e-07,0.5394281830106463,0.5129081904888153
shadow,1,101,1e-05,188,1316,2.0284708742225901e-07,0.37039844876354827,0.5129037797451019
shadow,1,101,1e-05,189,1323,1.8767810889299085e-07,0.4737917057105473,0.5128999352455139
shadow,1,101,1e-05,190,1330,1.7370883553386935e-07,0.3876648481403078,0.5128951668739319
shadow,1,101,1e-05,191,1337,1.609427140540686e-07,0.779159426689148,0.5128907859325409
shadow,1,101,1e-05,192,1344,1.493828943030402e-07,0.3915207769189562,0.5128868818283081
shadow,1,101,1e-05,193,1351,1.3903222849333507e-07,0.3797650872064488,0.512883871793747
shadow,1,101,1e-05,194,1358,1.2989327049686101e-07,0.6522129752806255,0.5128808617591858
shadow,1,101,1e-05,195,1365,1.2196827521475402e-07,0.3802924305200577,0.5128782093524933
shadow,1,101,1e-05,196,1372,1.1525919802101659e-07,0.368120074484198,0.5128750503063202
shadow,1,101,1e-05,197,1379,1.097676942800558e-07,0.4033113345503807,0.512872040271759
shadow,1,101,1e-05,198,1386,1.0549511893824898e-07,0.3718874827027321,0.512869268655777
shadow,1,101,1e-05,199,1393,1.0244252618962859e-07,0.576955143894468,0.5128667652606964
shadow,1,101,1e-05,200,1400,1.006106692157801e-07,0.3907730409077236,0.5128640532493591
shadow,1,101,0.0001,1,7,0.0001,0.40869119869811193,0.5411880314350128
shadow,1,101,0.0001,2,14,9.99938933078422e-05,0.422918968967029,0.5417465567588806
shadow,1,101,0.0001,3,21,9.997557473810373e-05,0.43372739425727297,0.5253456234931946
shadow,1,101,0.0001,4,28,9.994504881061753e-05,0.3936905399230974,0.5245440006256104
shadow,1,101,0.0001,5,35,9.990232305719945e-05,0.37681853900929646,0.5237730443477631
shadow,1,101,0.0001,6,42,9.984740801978984e-05,0.4742058238812855,0.5227837860584259
shadow,1,101,0.0001,7,49,9.978031724785247e-05,0.38276561675593257,0.5240543484687805
shadow,1,101,0.0001,8,56,9.97010672950314e-05,0.3780527843960694,0.5203689336776733
shadow,1,101,0.0001,9,63,9.960967771506667e-05,0.3898876820291792,0.5188503265380859
shadow,1,101,0.0001,10,70,9.95061710569696e-05,0.37200741270290955,0.5173725187778473
shadow,1,101,0.0001,11,77,9.939057285945933e-05,0.4120577871799469,0.5163246393203735
shadow,1,101,0.0001,12,84,9.926291164466132e-05,0.39358725571738823,0.5147678554058075
shadow,1,101,0.0001,13,91,9.91232189110701e-05,0.5127246784312385,0.5133299231529236
shadow,1,101,0.0001,14,98,9.897152912577741e-05,0.38643730538231985,0.5118438899517059
shadow,1,101,0.0001,15,105,9.8807879715968e-05,0.38964930389608654,0.5090218782424927
shadow,1,101,0.0001,16,112,9.8632311059685e-05,0.37222358265093397,0.5060197114944458
shadow,1,101,0.0001,17,119,9.844486647586725e-05,0.5732602860246386,0.5042371153831482
shadow,1,101,0.0001,18,126,9.824559221366101e-05,0.9121215769222805,0.4991263151168823
shadow,1,101,0.0001,19,133,9.803453744100869e-05,0.4361455334084375,0.4938771426677704
shadow,1,101,0.0001,20,140,9.781175423251735e-05,0.6133045618023191,0.4888664186000824
shadow,1,101,0.0001,21,147,9.757729755661011e-05,0.3584884947964123,0.4875207841396332
shadow,1,101,0.0001,22,154,9.73312252619635e-05,0.41594275406428743,0.48583030700683594
shadow,1,101,0.0001,23,161,9.707359806323417e-05,0.35785855086786406,0.4786163568496704
shadow,1,101,0.0001,24,168,9.680447952607845e-05,0.3797022508723395,0.4772861897945404
shadow,1,101,0.0001,25,175,9.652393605146844e-05,0.37081432342529297,0.4764806926250458
shadow,1,101,0.0001,26,182,9.623203685930869e-05,0.502692169376782,0.4831603467464447
shadow,1,101,0.0001,27,189,9.592885397135707e-05,0.4382310850279672,0.45886632800102234
shadow,1,101,0.0001,28,196,9.561446219345454e-05,0.335535200844918,0.4578198492527008
shadow,1,101,0.0001,29,203,9.528893909706797e-05,0.37766564318111967,0.4503505825996399
shadow,1,101,0.0001,30,210,9.495236500015047e-05,0.40126302199704306,0.447305828332901
shadow,1,101,0.0001,31,217,9.460482294732421e-05,0.3053420504355537,0.45328253507614136
shadow,1,101,0.0001,32,224,9.424639868939033e-05,0.3389730836663927,0.4472006857395172
shadow,1,101,0.0001,33,231,9.387718066217124e-05,0.34762514914785114,0.4432012736797333
shadow,1,101,0.0001,34,238,9.349725996469047e-05,0.29755646550828324,0.459523469209671
shadow,1,101,0.0001,35,245,9.310673033669521e-05,0.2982103313718523,0.44628235697746277
shadow,1,101,0.0001,36,252,9.270568813552756e-05,0.3190920523234776,0.44944489002227783
shadow,1,101,0.0001,37,259,9.229423231234974e-05,0.28702938875981737,0.4517786502838135
shadow,1,101,0.0001,38,266,9.187246438772939e-05,0.7494069742304938,0.4589526653289795
shadow,1,101,0.0001,39,273,9.14404884265908e-05,0.2686897550842592,0.4783780872821808
shadow,1,101,0.0001,40,280,9.099841101253866e-05,0.2801314428714769,0.478770911693573
shadow,1,101,0.0001,41,287,9.05463412215599e-05,0.29715852439403534,0.4944181740283966
shadow,1,101,0.0001,42,294,9.0084390595111e-05,0.317083868597235,0.49526363611221313
shadow,1,101,0.0001,43,301,8.961267311259666e-05,0.2664777372098927,0.5080988705158234
shadow,1,101,0.0001,44,308,8.913130516324733e-05,0.28588839194604326,0.5124352276325226
shadow,1,101,0.0001,45,315,8.864040551740158e-05,0.29612504158701214,0.5198491215705872
shadow,1,101,0.0001,46,322,8.814009529720155e-05,0.24795426524776434,0.5319745242595673
shadow,1,101,0.0001,47,329,8.763049794670775e-05,0.24852225530360425,0.5207363069057465
shadow,1,101,0.0001,48,336,8.711173920144117e-05,0.2583627147333963,0.5543442070484161
shadow,1,101,0.0001,49,343,8.658394705735987e-05,0.25159151745694025,0.5300080180168152
shadow,1,101,0.0001,50,350,8.604725173927785e-05,0.2425062693655491,0.5419077277183533
shadow,1,101,0.0001,51,357,8.55017856687341e-05,0.26631112290280207,0.5609368085861206
shadow,1,101,0.0001,52,364,8.494768343131955e-05,0.26761192828416824,0.541839063167572
shadow,1,101,0.0001,53,371,8.438508174347009e-05,0.21820364692913635,0.5370808243751526
shadow,1,101,0.0001,54,378,8.381411941873378e-05,0.22690523628677642,0.5622878074645996
shadow,1,101,0.0001,55,385,8.323493733352077e-05,0.2576959862240723,0.5511330962181091
shadow,1,101,0.0001,56,392,8.26476783923441e-05,0.2333197540470532,0.5600268840789795
shadow,1,101,0.0001,57,399,8.205248749256015e-05,0.2321565662111555,0.5726303458213806
shadow,1,101,0.0001,58,406,8.144951148861742e-05,0.20401937358214386,0.5825742781162262
shadow,1,101,0.0001,59,413,8.083889915582235e-05,0.20624517117227828,0.5824574530124664
shadow,1,101,0.0001,60,420,8.022080115363127e-05,0.19887547274785383,0.6006832122802734
shadow,1,101,0.0001,61,427,7.959536998847744e-05,0.22640453917639597,0.64335036277771
shadow,1,101,0.0001,62,434,7.89627599761423e-05,0.2634859936577933,0.6086733043193817
shadow,1,101,0.0001,63,441,7.832312720368048e-05,0.20363593633685792,0.6371029317378998
shadow,1,101,0.001,1,7,0.001,0.4623186843735831,0.5801940858364105
shadow,1,101,0.001,2,14,0.000999938933078422,0.42460410030824797,0.584496259689331
shadow,1,101,0.001,3,21,0.0009997557473810372,0.4646691701241902,0.5255308449268341
shadow,1,101,0.001,4,28,0.0009994504881061753,0.3899098802357912,0.5301810503005981
shadow,1,101,0.001,5,35,0.0009990232305719944,0.3830800958509956,0.5119327902793884
shadow,1,101,0.001,6,42,0.0009984740801978985,0.4247117468288967,0.5128255784511566
shadow,1,101,0.001,7,49,0.0009978031724785245,0.36967727329049793,0.595517098903656
shadow,1,101,0.001,8,56,0.000997010672950314,0.368018807045051,0.50201615691185
shadow,1,101,0.001,9,63,0.0009960967771506667,0.3511639056461198,0.49546656012535095
shadow,1,101,0.001,10,70,0.000995061710569696,0.332629102903281,0.5347587764263153
shadow,1,101,0.001,11,77,0.0009939057285945933,0.35184221608298166,0.4858923852443695
shadow,1,101,0.001,12,84,0.000992629116446613,0.39630264788866043,0.5025546848773956
shadow,1,101,0.001,13,91,0.000991232189110701,0.30335565975734163,0.5179853737354279
shadow,1,101,0.001,14,98,0.0009897152912577741,0.3246173028435026,0.4604298174381256
shadow,1,101,0.001,15,105,0.00098807879715968,0.25550425580253694,0.5777162611484528
shadow,1,101,0.001,16,112,0.00098632311059685,0.34041780872004374,0.5028060674667358
shadow,1,101,0.001,17,119,0.0009844486647586723,0.31214892864227295,0.5092740952968597
shadow,1,101,0.001,18,126,0.00098245592213661,0.6201666657413755,0.5029641687870026
shadow,1,101,0.001,19,133,0.0009803453744100868,0.40625429153442383,0.568070113658905
shadow,1,101,0.001,20,140,0.0009781175423251734,0.4724010186535971,0.501296728849411
shadow,1,101,0.001,21,147,0.0009757729755661011,0.2308347528534276,0.5148831307888031
shadow,1,101,0.001,22,154,0.0009733122526196349,0.21890468256814138,0.5845744907855988
shadow,1,101,0.001,23,161,0.0009707359806323416,0.18969687979136193,0.5138648450374603
shadow,1,101,0.001,24,168,0.0009680447952607845,0.1859056938971792,0.4966435432434082
shadow,1,101,0.001,25,175,0.0009652393605146844,0.1603548244706222,0.5740569829940796
shadow,1,101,0.001,26,182,0.000962320368593087,0.14556426794401237,0.5188710391521454
shadow,1,101,0.001,27,189,0.0009592885397135706,0.23043661351714814,0.48573341965675354
shadow,1,101,0.001,28,196,0.0009561446219345453,0.13832759497953312,0.659134566783905
shadow,1,101,0.001,29,203,0.0009528893909706797,0.18160612348999297,0.5077064633369446
shadow,1,101,0.001,30,210,0.0009495236500015047,0.15405583754181862,0.5705962479114532
shadow,1,101,0.001,31,217,0.0009460482294732421,0.1467806175351143,0.5240437984466553
shadow,1,101,0.001,32,224,0.0009424639868939033,0.17067841014691762,0.638454258441925
shadow,1,101,0.001,33,231,0.0009387718066217125,0.09758446072893483,0.5224608778953552
shadow,1,101,0.001,34,238,0.0009349725996469047,0.1896085398537772,0.7774387300014496
shadow,1,101,0.001,35,245,0.0009310673033669522,0.15948535688221455,0.5097401142120361
shadow,1,101,0.001,36,252,0.0009270568813552756,0.14552090104137147,0.5489133894443512
shadow,1,101,0.001,37,259,0.0009229423231234975,0.17376748964722669,0.6832380294799805
shadow,1,101,0.001,38,266,0.0009187246438772938,0.680286494748933,0.5198571979999542
shadow,1,101,0.001,39,273,0.0009144048842659081,0.14303881927792514,0.6851432621479034
shadow,1,101,0.001,40,280,0.0009099841101253866,0.15663374002490724,0.535810112953186
shadow,1,101,0.001,41,287,0.000905463412215599,0.13917300424405507,0.5236892998218536
shadow,1,101,0.001,42,294,0.0009008439059511099,0.1149723157286644,0.7377134263515472
shadow,1,101,0.001,43,301,0.0008961267311259666,0.12918151329670632,0.5067061483860016
shadow,1,101,0.001,44,308,0.0008913130516324732,0.16126066659178054,0.6077951490879059
shadow,1,101,0.01,1,7,0.01,1.8054835115160262,1.4380573332309723
shadow,1,101,0.01,2,14,0.00999938933078422,0.5684072503021785,0.5609908401966095
shadow,1,101,0.01,3,21,0.009997557473810372,0.4761102284703936,0.8060551881790161
shadow,1,101,0.01,4,28,0.009994504881061753,0.6313447547810418,0.5716842412948608
shadow,1,101,0.01,5,35,0.009990232305719944,0.4074610285460949,0.5157723426818848
shadow,1,101,0.01,6,42,0.009984740801978984,0.44140842982700895,0.5147309899330139
shadow,1,101,0.01,7,49,0.009978031724785246,0.4078306577035359,0.6809542775154114
shadow,1,101,0.01,8,56,0.00997010672950314,0.3979712136621986,0.5180692374706268
shadow,1,101,0.01,9,63,0.009960967771506667,0.37261433087821516,0.5191245079040527
shadow,1,101,0.01,10,70,0.00995061710569696,0.4169564928327288,0.47792768478393555
shadow,1,101,0.01,11,77,0.009939057285945933,0.40312971600464415,0.4961666166782379
shadow,1,101,0.01,12,84,0.00992629116446613,0.38936328675065723,0.5148130059242249
shadow,1,101,0.01,13,91,0.00991232189110701,0.480268052646092,0.5752244889736176
shadow,1,101,0.01,14,98,0.00989715291257774,0.4438470719116075,0.4974565804004669
shadow,1,101,0.01,15,105,0.0098807879715968,0.3818834179214069,0.5029590129852295
shadow,1,101,0.01,16,112,0.0098632311059685,0.3566145950130054,0.5153694450855255
shadow,1,101,0.01,17,119,0.009844486647586723,0.5758039227553776,0.5062583386898041
shadow,1,101,0.01,18,126,0.0098245592213661,0.9067703655787877,0.5032632350921631
shadow,1,101,0.01,19,133,0.009803453744100868,0.5762990478958402,0.5505677461624146
shadow,1,101,0.01,20,140,0.009781175423251734,0.6420927558626447,0.51497483253479
shadow,1,101,0.01,21,147,0.009757729755661011,0.34378020716498475,0.507526308298111
shadow,1,101,0.01,22,154,0.009733122526196349,0.39595229125448633,0.5056553483009338
shadow,1,101,0.01,23,161,0.009707359806323416,0.3707107922860554,0.5098108947277069
shadow,1,101,0.01,24,168,0.009680447952607845,0.4044002081666674,0.5016859471797943
shadow,1,101,0.01,25,175,0.009652393605146845,0.3851482421159744,0.4936363101005554
shadow,1,101,0.01,26,182,0.00962320368593087,0.48135816412312643,0.48648494482040405
shadow,1,101,0.01,27,189,0.009592885397135707,0.44556477665901184,0.5085903704166412
shadow,1,101,0.01,28,196,0.009561446219345454,0.35705531175647465,0.5012179613113403
shadow,1,101,0.01,29,203,0.009528893909706798,0.3739627812589918,0.4972851872444153
shadow,1,101,0.01,30,210,0.009495236500015047,0.4237842389515468,0.506259948015213
shadow,1,101,0.01,31,217,0.00946048229473242,0.3391292483678886,0.4945056736469269
shadow,1,101,0.01,32,224,0.009424639868939034,0.34778318451052265,0.530320793390274
shadow,1,101,0.01,33,231,0.009387718066217124,0.46019680159432547,0.49477896094322205
shadow,1,101,0.01,34,238,0.009349725996469048,0.37975112880979267,0.49271973967552185
shadow,1,101,0.01,35,245,0.00931067303366952,0.3696609325706959,0.5509366393089294
shadow,1,101,0.01,36,252,0.009270568813552756,0.39847543170409544,0.4871061444282532
shadow,1,101,0.01,37,259,0.009229423231234974,0.36539062006132944,0.4996466338634491
shadow,1,101,0.01,38,266,0.009187246438772938,0.7453928164073399,0.49555671215057373
shadow,1,101,0.01,39,273,0.009144048842659082,0.45475939767701284,0.5533894598484039
shadow,1,101,0.01,40,280,0.009099841101253866,0.3578303027898073,0.5224972367286682
shadow,2,101,1e-05,1,7,1e-05,0.5074829054730279,0.5907142460346222
shadow,2,101,1e-05,2,14,9.99938933078422e-06,0.45903752531324116,0.5760640799999237
shadow,2,101,1e-05,3,21,9.997557473810373e-06,0.5132469960621425,0.5642029345035553
shadow,2,101,1e-05,4,28,9.994504881061752e-06,0.49712957654680523,0.554142028093338
shadow,2,101,1e-05,5,35,9.990232305719944e-06,0.42105962336063385,0.5462786555290222
shadow,2,101,1e-05,6,42,9.984740801978984e-06,0.4332680915083204,0.5387414693832397
shadow,2,101,1e-05,7,49,9.978031724785247e-06,0.4118946088211877,0.5328669250011444
shadow,2,101,1e-05,8,56,9.97010672950314e-06,0.5347793762172971,0.5283733904361725
shadow,2,101,1e-05,9,63,9.960967771506666e-06,0.4689690875155585,0.526608407497406
shadow,2,101,1e-05,10,70,9.950617105696961e-06,0.4163502497332437,0.525956004858017
shadow,2,101,1e-05,11,77,9.939057285945933e-06,0.3897688921008791,0.5250144302845001
shadow,2,101,1e-05,12,84,9.926291164466131e-06,0.42324327145303997,0.5234636068344116
shadow,2,101,1e-05,13,91,9.91232189110701e-06,0.4181207897407668,0.5225273966789246
shadow,2,101,1e-05,14,98,9.897152912577742e-06,0.42111937275954653,0.5221132934093475
shadow,2,101,1e-05,15,105,9.8807879715968e-06,0.4137663756098066,0.5224337577819824
shadow,2,101,1e-05,16,112,9.8632311059685e-06,0.4439534204346793,0.5227764546871185
shadow,2,101,1e-05,17,119,9.844486647586724e-06,0.5164356678724289,0.5228448510169983
shadow,2,101,1e-05,18,126,9.824559221366101e-06,0.42290586658886503,0.5237694978713989
shadow,2,101,1e-05,19,133,9.803453744100868e-06,0.4340150909764426,0.5241104662418365
shadow,2,101,1e-05,20,140,9.781175423251734e-06,0.41688232336725506,0.5246652364730835
shadow,2,101,1e-05,21,147,9.757729755661012e-06,0.4309662239892142,0.5258807837963104
shadow,2,101,1e-05,22,154,9.73312252619635e-06,0.4147373161145619,0.5256756544113159
shadow,2,101,1e-05,23,161,9.707359806323418e-06,0.3967536464333534,0.5249235033988953
shadow,2,101,1e-05,24,168,9.680447952607845e-06,0.4044294474380357,0.5244013965129852
shadow,2,101,1e-05,25,175,9.652393605146845e-06,0.4201838778597968,0.5240127444267273
shadow,2,101,1e-05,26,182,9.62320368593087e-06,0.42438230769974844,0.5229938924312592
shadow,2,101,1e-05,27,189,9.592885397135707e-06,0.42597751106534687,0.5218527913093567
shadow,2,101,1e-05,28,196,9.561446219345455e-06,0.40036420287963537,0.5214002430438995
shadow,2,101,1e-05,29,203,9.528893909706798e-06,0.5186051087720054,0.5213443040847778
shadow,2,101,1e-05,30,210,9.495236500015048e-06,0.43284094972269876,0.5223841369152069
shadow,2,101,1e-05,31,217,9.460482294732422e-06,0.3910788515682465,0.5229724645614624
shadow,2,101,1e-05,32,224,9.424639868939035e-06,0.4038475677371025,0.5229578018188477
shadow,2,101,1e-05,33,231,9.387718066217125e-06,0.4011013072782329,0.5220860838890076
shadow,2,101,1e-05,34,238,9.349725996469047e-06,0.5046848569597516,0.5228592157363892
shadow,2,101,1e-05,35,245,9.310673033669522e-06,0.400284454492586,0.5238450467586517
shadow,2,101,1e-05,36,252,9.270568813552757e-06,0.5771506769316537,0.5259140133857727
shadow,2,101,1e-05,37,259,9.229423231234975e-06,0.4136215363230024,0.5262499153614044
shadow,2,101,1e-05,38,266,9.18724643877294e-06,0.4749697915145329,0.5272502303123474
shadow,2,101,1e-05,39,273,9.144048842659081e-06,0.4054352641105652,0.527961015701294
shadow,2,101,1e-05,40,280,9.099841101253867e-06,0.5236835564885821,0.5268477499485016
shadow,2,101,1e-05,41,287,9.054634122155991e-06,0.616311571427754,0.5261713862419128
shadow,2,101,1e-05,42,294,9.0084390595111e-06,0.42194380930491854,0.5236476063728333
shadow,2,101,1e-05,43,301,8.961267311259668e-06,0.4834047385624477,0.5223946571350098
shadow,2,101,1e-05,44,308,8.913130516324733e-06,0.4722051109586443,0.5213249325752258
shadow,2,101,1e-05,45,315,8.864040551740158e-06,0.545616626739502,0.5212720930576324
shadow,2,101,1e-05,46,322,8.814009529720155e-06,0.6403960117271968,0.5213281512260437
shadow,2,101,1e-05,47,329,8.763049794670776e-06,0.4180477964026587,0.5216725766658783
shadow,2,101,1e-05,48,336,8.711173920144118e-06,0.39229241998067926,0.5210368931293488
shadow,2,101,1e-05,49,343,8.658394705735988e-06,0.4072068248476301,0.5211633443832397
shadow,2,101,1e-05,50,350,8.604725173927786e-06,0.40209669726235525,0.5206679701805115
shadow,2,101,1e-05,51,357,8.550178566873412e-06,0.428804486989975,0.5209599733352661
shadow,2,101,1e-05,52,364,8.494768343131955e-06,0.4246980462755476,0.5202447474002838
shadow,2,101,1e-05,53,371,8.43850817434701e-06,0.40531775781086515,0.5211498439311981
shadow,2,101,1e-05,54,378,8.381411941873379e-06,0.6050728176321302,0.5209273397922516
shadow,2,101,1e-05,55,385,8.323493733352078e-06,0.41393522705350605,0.5210277438163757
shadow,2,101,1e-05,56,392,8.26476783923441e-06,0.4078545080763953,0.5216245651245117
shadow,2,101,1e-05,57,399,8.205248749256014e-06,0.4159846901893616,0.5206786692142487
shadow,2,101,1e-05,58,406,8.144951148861743e-06,0.41170448064804077,0.5200779736042023
shadow,2,101,1e-05,59,413,8.083889915582235e-06,0.523894510098866,0.5197105407714844
shadow,2,101,1e-05,60,420,8.022080115363127e-06,0.40557654201984406,0.5202031135559082
shadow,2,101,1e-05,61,427,7.959536998847744e-06,0.4041158769811903,0.52054563164711
shadow,2,101,1e-05,62,434,7.89627599761423e-06,0.4096049645117351,0.5201681852340698
shadow,2,101,1e-05,63,441,7.832312720368048e-06,0.48802403999226435,0.51896932721138
shadow,2,101,1e-05,64,448,7.767662949090754e-06,0.4268912204674312,0.519756942987442
shadow,2,101,1e-05,65,455,7.702342635146033e-06,0.3867912468101297,0.5199154615402222
shadow,2,101,1e-05,66,462,7.636367895343947e-06,0.5374185549361365,0.5203029811382294
shadow,2,101,1e-05,67,469,7.5697550079643376e-06,0.3945241682231426,0.5204379558563232
shadow,2,101,1e-05,68,476,7.502520408740418e-06,0.535007655620575,0.5203061699867249
shadow,2,101,1e-05,69,483,7.43468068680349e-06,0.4218716876847403,0.520773857831955
shadow,2,101,1e-05,70,490,7.366252580589839e-06,0.4450556252683912,0.5210777819156647
shadow,2,101,1e-05,71,497,7.297252973710756e-06,0.4116183604512896,0.5220388472080231
shadow,2,101,1e-05,72,504,7.227698890786779e-06,0.47609614048685345,0.5214856266975403
shadow,2,101,1e-05,73,511,7.15760749324711e-06,0.6448856209005628,0.5212771594524384
shadow,2,101,1e-05,74,518,7.086996075095289e-06,0.599973201751709,0.5209942758083344
shadow,2,101,1e-05,75,525,7.015882058642164e-06,0.4590696564742497,0.5211434364318848
shadow,2,101,1e-05,76,532,6.9442829902071945e-06,0.5066678268568856,0.5211428105831146
shadow,2,101,1e-05,77,539,6.8722165357891564e-06,0.43819987773895264,0.5220909118652344
shadow,2,101,1e-05,78,546,6.799700476707323e-06,0.524805241397449,0.5217693150043488
shadow,2,101,1e-05,79,553,6.726752705214193e-06,0.38553766453904764,0.5220574140548706
shadow,2,101,1e-05,80,560,6.65339122008084e-06,0.4712082828794207,0.5210663974285126
shadow,2,101,1e-05,81,567,6.57963412215599e-06,0.42344325355121065,0.5212034583091736
shadow,2,101,1e-05,82,574,6.505499609899905e-06,0.4390503838658333,0.5214585065841675
shadow,2,101,1e-05,83,581,6.431005974894185e-06,0.5038937330245972,0.5209546089172363
shadow,2,101,1e-05,84,588,6.356171597328595e-06,0.46233743003436495,0.5209700763225555
shadow,2,101,1e-05,85,595,6.28101494146603e-06,0.6653537601232529,0.521098792552948
shadow,2,101,1e-05,86,602,6.205554551086732e-06,0.4742731750011444,0.5218726396560669
shadow,2,101,1e-05,87,609,6.129809044912887e-06,0.39260527970535414,0.5219297111034393
shadow,2,101,1e-05,88,616,6.053797112014738e-06,0.42558948908533367,0.5210539996623993
shadow,2,101,1e-05,89,623,5.977537507199338e-06,0.4741139922823225,0.5197439193725586
shadow,2,101,1e-05,90,630,5.901049046383077e-06,0.4010653059397425,0.5192703902721405
shadow,2,101,1e-05,91,637,5.824350601949143e-06,0.4919567619051252,0.5183830261230469
shadow,2,101,1e-05,92,644,5.7474610980910354e-06,0.39945858078343527,0.5185218155384064
shadow,2,101,1e-05,93,651,5.6703995061433075e-06,0.41149854340723585,0.5182861685752869
shadow,2,101,1e-05,94,658,5.5931848399006745e-06,0.3872056089873825,0.5187900364398956
shadow,2,101,1e-05,95,665,5.515836150926646e-06,0.40677293496472494,0.519550085067749
shadow,2,101,1e-05,96,672,5.438372523852833e-06,0.4676058313676289,0.5196637809276581
shadow,2,101,1e-05,97,679,5.360813071670101e-06,0.39572719591004507,0.5201843082904816
shadow,2,101,1e-05,98,686,5.283176931012731e-06,0.5906944168465478,0.5197848975658417
shadow,2,101,1e-05,99,693,5.205483257436735e-06,0.3760152401934777,0.5200512707233429
shadow,2,101,1e-05,100,700,5.127751220693512e-06,0.5853632773671832,0.5198930501937866
shadow,2,101,1e-05,101,707,5.05e-06,0.4185666101319449,0.5203982591629028
shadow,2,101,1e-05,102,714,4.972248779306488e-06,0.41242289330278126,0.5194947421550751
shadow,2,101,1e-05,103,721,4.8945167425632645e-06,0.5324457245213645,0.5180433392524719
shadow,2,101,1e-05,104,728,4.816823068987269e-06,0.42709345689841677,0.5174422264099121
shadow,2,101,1e-05,105,735,4.7391869283298985e-06,0.4025431126356125,0.5171761214733124
shadow,2,101,1e-05,106,742,4.661627476147168e-06,0.4736822545528412,0.5173483192920685
shadow,2,101,1e-05,107,749,4.584163849073354e-06,0.3853212862408587,0.5174457430839539
shadow,2,101,1e-05,108,756,4.506815160099326e-06,0.3947398513555527,0.5173008143901825
shadow,2,101,1e-05,109,763,4.429600493856694e-06,0.38553969987801145,0.5168613493442535
shadow,2,101,1e-05,110,770,4.352538901908967e-06,0.3799580783317132,0.5172521770000458
shadow,2,101,1e-05,111,777,4.275649398050858e-06,0.4261122601372855,0.5171339809894562
shadow,2,101,1e-05,112,784,4.198950953616922e-06,0.41728663444519043,0.5172264575958252
shadow,2,101,1e-05,113,791,4.122462492800663e-06,0.39467104630810873,0.5175007283687592
shadow,2,101,1e-05,114,798,4.046202887985263e-06,0.3773649825847575,0.5175765752792358
shadow,2,101,1e-05,115,805,3.970190955087116e-06,0.41475652371134075,0.5182528793811798
shadow,2,101,1e-05,116,812,3.894445448913268e-06,0.3927923770887511,0.5182066261768341
shadow,2,101,1e-05,117,819,3.818985058533969e-06,0.4095655509403774,0.51827073097229
shadow,2,101,1e-05,118,826,3.7438284026714044e-06,0.38766822245504173,0.5177399814128876
shadow,2,101,1e-05,119,833,3.6689940251058153e-06,0.3916005960532597,0.5175306499004364
shadow,2,101,1e-05,120,840,3.594500390100096e-06,0.37973189247506006,0.5173656344413757
shadow,2,101,1e-05,121,847,3.5203658778440116e-06,0.40260130167007446,0.5170502364635468
shadow,2,101,1e-05,122,854,3.4466087799191603e-06,0.46561127475329805,0.5170711874961853
shadow,2,101,1e-05,123,861,3.3732472947858077e-06,0.43838989308902193,0.517203152179718
shadow,2,101,1e-05,124,868,3.300299523292678e-06,0.3934900994811739,0.5174900889396667
shadow,2,101,1e-05,125,875,3.227783464210845e-06,0.39527315539973124,0.5173551142215729
shadow,2,101,1e-05,126,882,3.155717009792807e-06,0.6065659331423896,0.5171180367469788
shadow,2,101,1e-05,127,889,3.0841179413578354e-06,0.4188211900847299,0.5171073079109192
shadow,2,101,1e-05,128,896,3.0130039249047117e-06,0.41994925907679964,0.516823798418045
shadow,2,101,1e-05,129,903,2.9423925067528904e-06,0.4152699112892151,0.5169680416584015
shadow,2,101,1e-05,130,910,2.87230110921322e-06,0.39480789697596,0.5169130861759186
shadow,2,101,1e-05,131,917,2.8027470262892435e-06,0.3925401674849646,0.5165066719055176
shadow,2,101,1e-05,132,924,2.7337474194101625e-06,0.3841600189251559,0.5161756873130798
shadow,2,101,1e-05,133,931,2.6653193131965085e-06,0.4677975539650236,0.5159320831298828
shadow,2,101,1e-05,134,938,2.5974795912595824e-06,0.5113761978490012,0.5159584581851959
shadow,2,101,1e-05,135,945,2.530244992035662e-06,0.405282016311373,0.5159761607646942
shadow,2,101,1e-05,136,952,2.4636321046560533e-06,0.6165257224014827,0.515981525182724
shadow,2,101,1e-05,137,959,2.3976573648539653e-06,0.4120762177876064,0.5161868929862976
shadow,2,101,1e-05,138,966,2.332337050909247e-06,0.4497209382908685,0.5163444876670837
shadow,2,101,1e-05,139,973,2.267687279631953e-06,0.5111370480486325,0.5163981318473816
shadow,2,101,1e-05,140,980,2.2037240023857708e-06,0.5981597900390625,0.5167494714260101
shadow,2,101,1e-05,141,987,2.1404630011522584e-06,0.41820911318063736,0.5169219970703125
shadow,2,101,1e-05,142,994,2.0779198846368745e-06,0.3952032705502851,0.5169281661510468
shadow,2,101,1e-05,143,1001,2.0161100844177658e-06,0.5110612053956304,0.517137348651886
shadow,2,101,1e-05,144,1008,1.9550488511382593e-06,0.5872911087104252,0.517221599817276
shadow,2,101,1e-05,145,1015,1.894751250743986e-06,0.38721045213086264,0.5172716081142426
shadow,2,101,1e-05,146,1022,1.8352321607655916e-06,0.405752243740218,0.5174264013767242
shadow,2,101,1e-05,147,1029,1.7765062666479242e-06,0.4443363717624119,0.5177163183689117
shadow,2,101,1e-05,148,1036,1.7185880581266217e-06,0.4636199857507433,0.5177469551563263
shadow,2,101,1e-05,149,1043,1.6614918256529908e-06,0.6058397548539298,0.5177991092205048
shadow,2,101,1e-05,150,1050,1.6052316568680442e-06,0.4129726120403835,0.5178281664848328
shadow,2,101,1e-05,151,1057,1.5498214331265902e-06,0.39275483042001724,0.5176758468151093
shadow,2,101,1e-05,152,1064,1.495274826072216e-06,0.4058960271733148,0.5177759826183319
shadow,2,101,1e-05,153,1071,1.441605294264014e-06,0.38223919165985926,0.5176086723804474
shadow,2,101,1e-05,154,1078,1.3888260798558817e-06,0.3670861275001828,0.5174837410449982
shadow,2,101,1e-05,155,1085,1.3369502053292252e-06,0.3885875048914126,0.5174592435359955
shadow,2,101,1e-05,156,1092,1.285990470279847e-06,0.3959124056356294,0.5174188613891602
shadow,2,101,1e-05,157,1099,1.2359594482598438e-06,0.4566185644694737,0.5173234045505524
shadow,2,101,1e-05,158,1106,1.1868694836752686e-06,0.4143304356506893,0.5172564685344696
shadow,2,101,1e-05,159,1113,1.1387326887403326e-06,0.39242919055478914,0.5172295272350311
shadow,2,101,1e-05,160,1120,1.0915609404889017e-06,0.42637437156268526,0.5171428620815277
shadow,2,101,1e-05,161,1127,1.0453658778440107e-06,0.5926164814404079,0.5171503722667694
shadow,2,101,1e-05,162,1134,1.0001588987461348e-06,0.4201883545943669,0.5171786844730377
shadow,2,101,1e-05,163,1141,9.559511573409195e-07,0.3828085245830672,0.5171622335910797
shadow,2,101,0.0001,1,7,0.0001,0.4421314373612404,0.521786630153656
shadow,2,101,0.0001,2,14,9.99938933078422e-05,0.4140362782137735,0.5199274122714996
shadow,2,101,0.0001,3,21,9.997557473810373e-05,0.5075314768723079,0.5262936949729919
shadow,2,101,0.0001,4,28,9.994504881061753e-05,0.4846098337854658,0.5322191715240479
shadow,2,101,0.0001,5,35,9.990232305719945e-05,0.436079421213695,0.52644082903862
shadow,2,101,0.0001,6,42,9.984740801978984e-05,0.39922656544617247,0.5156888067722321
shadow,2,101,0.0001,7,49,9.978031724785247e-05,0.40546176050390514,0.5189851522445679
shadow,2,101,0.0001,8,56,9.97010672950314e-05,0.5327113355909076,0.5290492177009583
shadow,2,101,0.0001,9,63,9.960967771506667e-05,0.4758759098393576,0.520998626947403
shadow,2,101,0.0001,10,70,9.95061710569696e-05,0.4096005367381232,0.5134987235069275
shadow,2,101,0.0001,11,77,9.939057285945933e-05,0.4009348654321262,0.5133174061775208
shadow,2,101,0.0001,12,84,9.926291164466132e-05,0.4145099265234811,0.5137014389038086
shadow,2,101,0.0001,13,91,9.91232189110701e-05,0.3868656520332609,0.516598641872406
shadow,2,101,0.0001,14,98,9.897152912577741e-05,0.3955378213099071,0.5183582901954651
shadow,2,101,0.0001,15,105,9.8807879715968e-05,0.37332801467605997,0.511070728302002
shadow,2,101,0.0001,16,112,9.8632311059685e-05,0.4382632566349847,0.5115591883659363
shadow,2,101,0.0001,17,119,9.844486647586725e-05,0.49283961738858906,0.5151582956314087
shadow,2,101,0.0001,18,126,9.824559221366101e-05,0.3677201590367726,0.5071872770786285
shadow,2,101,0.0001,19,133,9.803453744100869e-05,0.4109203368425369,0.5047618448734283
shadow,2,101,0.0001,20,140,9.781175423251735e-05,0.3595282206577914,0.5208353102207184
shadow,2,101,0.0001,21,147,9.757729755661011e-05,0.3901434434311731,0.5076693296432495
shadow,2,101,0.0001,22,154,9.73312252619635e-05,0.3731085466487067,0.5035136044025421
shadow,2,101,0.0001,23,161,9.707359806323417e-05,0.35455929381506784,0.5050429105758667
shadow,2,101,0.0001,24,168,9.680447952607845e-05,0.37258112004825045,0.498340904712677
shadow,2,101,0.0001,25,175,9.652393605146844e-05,0.35361392157418386,0.49935898184776306
shadow,2,101,0.0001,26,182,9.623203685930869e-05,0.3668899429695947,0.4957735240459442
shadow,2,101,0.0001,27,189,9.592885397135707e-05,0.35937072549547466,0.4912094473838806
shadow,2,101,0.0001,28,196,9.561446219345454e-05,0.31332077784463763,0.489602655172348
shadow,2,101,0.0001,29,203,9.528893909706797e-05,0.40157108328172136,0.4910708963871002
shadow,2,101,0.0001,30,210,9.495236500015047e-05,0.3342779959951128,0.4837910830974579
shadow,2,101,0.0001,31,217,9.460482294732421e-05,0.31897296929465874,0.4816216230392456
shadow,2,101,0.0001,32,224,9.424639868939033e-05,0.3157303290707724,0.4827885627746582
shadow,2,101,0.0001,33,231,9.387718066217124e-05,0.3226314293486731,0.4734259843826294
shadow,2,101,0.0001,34,238,9.349725996469047e-05,0.37727380437510355,0.4813621938228607
shadow,2,101,0.0001,35,245,9.310673033669521e-05,0.2928301463169711,0.46953627467155457
shadow,2,101,0.0001,36,252,9.270568813552756e-05,0.4498211464711598,0.4636287987232208
shadow,2,101,0.0001,37,259,9.229423231234974e-05,0.33067398199013304,0.4655718207359314
shadow,2,101,0.0001,38,266,9.187246438772939e-05,0.32386871853045057,0.5007312297821045
shadow,2,101,0.0001,39,273,9.14404884265908e-05,0.26947125952158657,0.4819542169570923
shadow,2,101,0.0001,40,280,9.099841101253866e-05,0.3602836855820247,0.5082759857177734
shadow,2,101,0.0001,41,287,9.05463412215599e-05,0.4179358610085079,0.4628347158432007
shadow,2,101,0.0001,42,294,9.0084390595111e-05,0.2698336254273142,0.4695492386817932
shadow,2,101,0.0001,43,301,8.961267311259666e-05,0.27695881043161663,0.48743936419487
shadow,2,101,0.0001,44,308,8.913130516324733e-05,0.2599229397518294,0.4568399488925934
shadow,2,101,0.0001,45,315,8.864040551740158e-05,0.27806006371974945,0.4514307677745819
shadow,2,101,0.0001,46,322,8.814009529720155e-05,0.3901055497782571,0.4522024691104889
shadow,2,101,0.0001,47,329,8.763049794670775e-05,0.2282472834257143,0.45200610160827637
shadow,2,101,0.0001,48,336,8.711173920144117e-05,0.2959820990051542,0.444990873336792
shadow,2,101,0.0001,49,343,8.658394705735987e-05,0.24594631791114807,0.4723576605319977
shadow,2,101,0.0001,50,350,8.604725173927785e-05,0.23558529040643147,0.44409626722335815
shadow,2,101,0.0001,51,357,8.55017856687341e-05,0.24921676303659165,0.4595329463481903
shadow,2,101,0.0001,52,364,8.494768343131955e-05,0.24016304260918073,0.44689735770225525
shadow,2,101,0.0001,53,371,8.438508174347009e-05,0.24297421957765306,0.4472683072090149
shadow,2,101,0.0001,54,378,8.381411941873378e-05,0.28413417616060804,0.4725152850151062
shadow,2,101,0.0001,55,385,8.323493733352077e-05,0.22839366644620895,0.44595953822135925
shadow,2,101,0.0001,56,392,8.26476783923441e-05,0.2967728280595371,0.5230646133422852
shadow,2,101,0.0001,57,399,8.205248749256015e-05,0.23585228941270284,0.4262041449546814
shadow,2,101,0.0001,58,406,8.144951148861742e-05,0.2014173162834985,0.4884294867515564
shadow,2,101,0.0001,59,413,8.083889915582235e-05,0.20443432352372579,0.4235950708389282
shadow,2,101,0.0001,60,420,8.022080115363127e-05,0.19830124186617987,0.4198155403137207
shadow,2,101,0.0001,61,427,7.959536998847744e-05,0.21912684717348643,0.4265630841255188
shadow,2,101,0.0001,62,434,7.89627599761423e-05,0.19362666138580867,0.41957154870033264
shadow,2,101,0.0001,63,441,7.832312720368048e-05,0.22677100130489894,0.43326741456985474
shadow,2,101,0.0001,64,448,7.767662949090753e-05,0.1684373915195465,0.4155682623386383
shadow,2,101,0.0001,65,455,7.702342635146033e-05,0.17677901312708855,0.4167340099811554
shadow,2,101,0.0001,66,462,7.636367895343946e-05,0.17341874433415277,0.4536973237991333
shadow,2,101,0.0001,67,469,7.569755007964338e-05,0.17591015577116714,0.4239766597747803
shadow,2,101,0.0001,68,476,7.502520408740418e-05,0.23485514202288219,0.43442776799201965
shadow,2,101,0.0001,69,483,7.43468068680349e-05,0.1649181597999164,0.40369337797164917
shadow,2,101,0.0001,70,490,7.366252580589839e-05,0.18028402488146508,0.41816481947898865
shadow,2,101,0.0001,71,497,7.297252973710757e-05,0.16641351793493545,0.39069077372550964
shadow,2,101,0.0001,72,504,7.22769889078678e-05,0.1462419219315052,0.3825828433036804
shadow,2,101,0.0001,73,511,7.15760749324711e-05,0.31001449429563116,0.44998419284820557
shadow,2,101,0.0001,74,518,7.086996075095289e-05,0.39603509860379355,0.38866594433784485
shadow,2,101,0.0001,75,525,7.015882058642164e-05,0.1442024585391794,0.4201605021953583
shadow,2,101,0.0001,76,532,6.944282990207195e-05,0.21191782078572682,0.39499375224113464
shadow,2,101,0.0001,77,539,6.872216535789157e-05,0.14532351334180152,0.4044685661792755
shadow,2,101,0.0001,78,546,6.799700476707323e-05,0.15340852098805563,0.4331568479537964
shadow,2,101,0.0001,79,553,6.726752705214194e-05,0.14145907866103308,0.43206819891929626
shadow,2,101,0.0001,80,560,6.65339122008084e-05,0.16265954290117537,0.45920324325561523
shadow,2,101,0.0001,81,567,6.57963412215599e-05,0.1270765316273485,0.40184733271598816
shadow,2,101,0.0001,82,574,6.505499609899905e-05,0.1397667138704232,0.4226945638656616
shadow,2,101,0.0001,83,581,6.431005974894185e-05,0.12838423890726908,0.3933672606945038
shadow,2,101,0.0001,84,588,6.356171597328596e-05,0.15517946652003697,0.3810392916202545
shadow,2,101,0.0001,85,595,6.281014941466031e-05,0.13634654986006872,0.4255267381668091
shadow,2,101,0.0001,86,602,6.205554551086733e-05,0.11854201794735023,0.3941069543361664
shadow,2,101,0.0001,87,609,6.129809044912887e-05,0.13074242320310855,0.4289996027946472
shadow,2,101,0.0001,88,616,6.053797112014738e-05,0.12246276491454669,0.39051827788352966
shadow,2,101,0.0001,89,623,5.977537507199338e-05,0.1088177492575986,0.39602360129356384
shadow,2,101,0.0001,90,630,5.901049046383077e-05,0.11394983583262988,0.4078955054283142
shadow,2,101,0.0001,91,637,5.8243506019491436e-05,0.1000557185283729,0.44299545884132385
shadow,2,101,0.0001,92,644,5.7474610980910354e-05,0.10760656451540333,0.40656667947769165
shadow,2,101,0.0001,93,651,5.6703995061433075e-05,0.10003093630075455,0.41362643241882324
shadow,2,101,0.0001,94,658,5.5931848399006745e-05,0.09118721101965223,0.38103434443473816
shadow,2,101,0.0001,95,665,5.515836150926646e-05,0.11366255741034235,0.3960384130477905
shadow,2,101,0.0001,96,672,5.438372523852833e-05,0.09654579311609268,0.3653808832168579
shadow,2,101,0.0001,97,679,5.360813071670102e-05,0.08267706253432802,0.4060640335083008
shadow,2,101,0.0001,98,686,5.283176931012731e-05,0.10922067426145077,0.37921276688575745
shadow,2,101,0.0001,99,693,5.205483257436735e-05,0.09099627020103591,0.46367087960243225
shadow,2,101,0.0001,100,700,5.127751220693513e-05,0.12214129152042526,0.38118892908096313
shadow,2,101,0.0001,101,707,5.05e-05,0.12536106897251947,0.46510815620422363
shadow,2,101,0.0001,102,714,4.972248779306489e-05,0.09972469335688013,0.39071404933929443
shadow,2,101,0.0001,103,721,4.894516742563265e-05,0.0958763062953949,0.42061737179756165
shadow,2,101,0.0001,104,728,4.816823068987269e-05,0.08147732044121117,0.39889147877693176
shadow,2,101,0.0001,105,735,4.739186928329899e-05,0.07289735839835235,0.4144088327884674
shadow,2,101,0.0001,106,742,4.661627476147168e-05,0.0929964639778648,0.4067176580429077
shadow,2,101,0.0001,107,749,4.584163849073354e-05,0.08188786251204354,0.3926796019077301
shadow,2,101,0.0001,108,756,4.5068151600993264e-05,0.08915444197399276,0.4620005190372467
shadow,2,101,0.0001,109,763,4.429600493856695e-05,0.09318081183092934,0.4086185693740845
shadow,2,101,0.0001,110,770,4.352538901908967e-05,0.07727694431585926,0.41531074047088623
shadow,2,101,0.0001,111,777,4.275649398050857e-05,0.08964332139917783,0.4123513102531433
shadow,2,101,0.0001,112,784,4.198950953616922e-05,0.07383815651493413,0.40099579095840454
shadow,2,101,0.0001,113,791,4.122462492800663e-05,0.08554996736347675,0.4141720235347748
shadow,2,101,0.0001,114,798,4.046202887985264e-05,0.11874590082360166,0.41141894459724426
shadow,2,101,0.0001,115,805,3.9701909550871155e-05,0.08335235794740063,0.3991965651512146
shadow,2,101,0.0001,116,812,3.8944454489132674e-05,0.08642833147730146,0.4078669846057892
shadow,2,101,0.0001,117,819,3.818985058533969e-05,0.09046442753502301,0.4268857538700104
shadow,2,101,0.0001,118,826,3.7438284026714043e-05,0.07584334670432977,0.40551620721817017
shadow,2,101,0.0001,119,833,3.668994025105816e-05,0.08482043285455022,0.4284226596355438
shadow,2,101,0.0001,120,840,3.594500390100096e-05,0.07508663646876812,0.40147948265075684
shadow,2,101,0.0001,121,847,3.520365877844012e-05,0.0828184320458344,0.4178711473941803
shadow,2,101,0.0001,122,854,3.44660877991916e-05,0.07457966490515641,0.4072238504886627
shadow,2,101,0.0001,123,861,3.373247294785808e-05,0.08126247780663627,0.4223693013191223
shadow,2,101,0.0001,124,868,3.300299523292678e-05,0.07608735721026148,0.39774346351623535
shadow,2,101,0.0001,125,875,3.2277834642108455e-05,0.08293978869915009,0.4028918743133545
shadow,2,101,0.0001,126,882,3.155717009792807e-05,0.08647291894469943,0.41604697704315186
shadow,2,101,0.001,1,7,0.001,0.47069306884493145,0.6457656621932983
shadow,2,101,0.001,2,14,0.000999938933078422,0.49323882375444683,0.5619935095310211
shadow,2,101,0.001,3,21,0.0009997557473810372,0.5085784835474831,0.522697389125824
shadow,2,101,0.001,4,28,0.0009994504881061753,0.48259903703417095,0.548610270023346
shadow,2,101,0.001,5,35,0.0009990232305719944,0.41902346696172443,0.49646106362342834
shadow,2,101,0.001,6,42,0.0009984740801978985,0.37190177930252893,0.5041186213493347
shadow,2,101,0.001,7,49,0.0009978031724785245,0.3427067951166204,0.5134086310863495
shadow,2,101,0.001,8,56,0.000997010672950314,0.48272716999053955,0.5609971880912781
shadow,2,101,0.001,9,63,0.0009960967771506667,0.3728315106460026,0.5274404883384705
shadow,2,101,0.001,10,70,0.000995061710569696,0.352843884910856,0.4986724555492401
shadow,2,101,0.001,11,77,0.0009939057285945933,0.28795868823570864,0.5177154242992401
shadow,2,101,0.001,12,84,0.000992629116446613,0.3075932434626988,0.5082378387451172
shadow,2,101,0.001,13,91,0.000991232189110701,0.30252046457358767,0.5508887469768524
shadow,2,101,0.001,14,98,0.0009897152912577741,0.3106188816683633,0.5377410650253296
shadow,2,101,0.001,15,105,0.00098807879715968,0.30469345088515964,0.5918499231338501
shadow,2,101,0.001,16,112,0.00098632311059685,0.3560176598174231,0.5564758777618408
shadow,2,101,0.001,17,119,0.0009844486647586723,0.31164324070726124,0.5578400790691376
shadow,2,101,0.001,18,126,0.00098245592213661,0.23615851705627783,0.5378003120422363
shadow,2,101,0.001,19,133,0.0009803453744100868,0.23062382744891302,0.49413493275642395
shadow,2,101,0.001,20,140,0.0009781175423251734,0.20686822703906468,0.6101080775260925
shadow,2,101,0.001,21,147,0.0009757729755661011,0.23827905314309256,0.4632599353790283
shadow,2,101,0.001,22,154,0.0009733122526196349,0.2604037640350206,0.6441065669059753
shadow,2,101,0.001,23,161,0.0009707359806323416,0.21163563057780266,0.5088732242584229
shadow,2,101,0.001,24,168,0.0009680447952607845,0.20465360156127385,0.5024785697460175
shadow,2,101,0.001,25,175,0.0009652393605146844,0.2606181246893747,0.5249730944633484
shadow,2,101,0.001,26,182,0.000962320368593087,0.16991051605769567,0.5170634686946869
shadow,2,101,0.001,27,189,0.0009592885397135706,0.1909430750778743,0.4582311511039734
shadow,2,101,0.001,28,196,0.0009561446219345453,0.1506900797997202,0.5927294194698334
shadow,2,101,0.001,29,203,0.0009528893909706797,0.23214700605188096,0.46852490305900574
shadow,2,101,0.001,30,210,0.0009495236500015047,0.14242588781884738,0.46458888053894043
shadow,2,101,0.001,31,217,0.0009460482294732421,0.12887340358325414,0.46369391679763794
shadow,2,101,0.001,32,224,0.0009424639868939033,0.11331496707030705,0.4762478172779083
shadow,2,101,0.001,33,231,0.0009387718066217125,0.09250856563448906,0.5023012757301331
shadow,2,101,0.001,34,238,0.0009349725996469047,0.0928835179656744,0.5341040790081024
shadow,2,101,0.001,35,245,0.0009310673033669522,0.13085984491876193,0.4358486235141754
shadow,2,101,0.001,36,252,0.0009270568813552756,0.12148773350885936,0.4430035948753357
shadow,2,101,0.001,37,259,0.0009229423231234975,0.10052774327674083,0.4767339825630188
shadow,2,101,0.001,38,266,0.0009187246438772938,0.08829398825764656,0.44315898418426514
shadow,2,101,0.001,39,273,0.0009144048842659081,0.10487045560564313,0.4651219844818115
shadow,2,101,0.001,40,280,0.0009099841101253866,0.16740595442908152,0.5612613558769226
shadow,2,101,0.001,41,287,0.000905463412215599,0.10891913143651825,0.4474729597568512
shadow,2,101,0.001,42,294,0.0009008439059511099,0.08452044001647405,0.43396368622779846
shadow,2,101,0.001,43,301,0.0008961267311259666,0.07796852503504072,0.5033099949359894
shadow,2,101,0.001,44,308,0.0008913130516324732,0.08491942885198764,0.4648822546005249
shadow,2,101,0.001,45,315,0.0008864040551740157,0.08810002942170415,0.45836788415908813
shadow,2,101,0.001,46,322,0.0008814009529720154,0.08159237940396581,0.5306790471076965
shadow,2,101,0.001,47,329,0.0008763049794670775,0.07684091478586197,0.49679139256477356
shadow,2,101,0.001,48,336,0.0008711173920144117,0.043500092811882496,0.4690625071525574
shadow,2,101,0.001,49,343,0.0008658394705735987,0.07864773093855806,0.502522200345993
shadow,2,101,0.001,50,350,0.0008604725173927785,0.0733793561479875,0.5151566565036774
shadow,2,101,0.001,51,357,0.000855017856687341,0.08527645362274987,0.43871021270751953
shadow,2,101,0.001,52,364,0.0008494768343131955,0.061051818009998114,0.49645012617111206
shadow,2,101,0.001,53,371,0.0008438508174347009,0.05372289860887187,0.4572243094444275
shadow,2,101,0.001,54,378,0.0008381411941873378,0.13000275141426496,0.4865970015525818
shadow,2,101,0.001,55,385,0.0008323493733352077,0.057733868647898944,0.6185203492641449
shadow,2,101,0.001,56,392,0.000826476783923441,0.19040420358734472,0.5042033791542053
shadow,2,101,0.001,57,399,0.0008205248749256015,0.1087753703551633,0.5678291320800781
shadow,2,101,0.001,58,406,0.0008144951148861742,0.08532654520656381,0.4676733613014221
shadow,2,101,0.001,59,413,0.0008083889915582234,0.11424367183021136,0.4943375885486603
shadow,2,101,0.001,60,420,0.0008022080115363127,0.05240146815776825,0.4501277506351471
shadow,2,101,0.001,61,427,0.0007959536998847743,0.046489336394837925,0.4818081855773926
shadow,2,101,0.001,62,434,0.0007896275997614229,0.05840601925072925,0.48492297530174255
shadow,2,101,0.001,63,441,0.0007832312720368048,0.045280558456267626,0.47605007886886597
shadow,2,101,0.001,64,448,0.0007767662949090753,0.041078598105481694,0.4707489013671875
shadow,2,101,0.001,65,455,0.0007702342635146033,0.05532277508505753,0.4608311951160431
shadow,2,101,0.001,66,462,0.0007636367895343947,0.09410504624247551,0.44174429774284363
shadow,2,101,0.001,67,469,0.0007569755007964338,0.07110237064106124,0.5032247006893158
shadow,2,101,0.001,68,476,0.0007502520408740418,0.05822672561875412,0.47460877895355225
shadow,2,101,0.001,69,483,0.000743468068680349,0.048506738218878,0.48846378922462463
shadow,2,101,0.001,70,490,0.0007366252580589839,0.052771883351462226,0.45341166853904724
shadow,2,101,0.001,71,497,0.0007297252973710757,0.03832454580281462,0.4149780869483948
shadow,2,101,0.001,72,504,0.0007227698890786779,0.06710859441331454,0.4726102650165558
shadow,2,101,0.001,73,511,0.000715760749324711,0.084115881472826,0.45096665620803833
shadow,2,101,0.001,74,518,0.0007086996075095289,0.047412871782268794,0.46069732308387756
shadow,2,101,0.001,75,525,0.0007015882058642164,0.059458083872284205,0.4623076319694519
shadow,2,101,0.001,76,532,0.0006944282990207195,0.045021294483116696,0.48938894271850586
shadow,2,101,0.001,77,539,0.0006872216535789157,0.045298149451679946,0.4430452585220337
shadow,2,101,0.001,78,546,0.0006799700476707324,0.032123357722801824,0.4624157249927521
shadow,2,101,0.001,79,553,0.0006726752705214194,0.05473746758486543,0.4517613351345062
shadow,2,101,0.001,80,560,0.000665339122008084,0.07661256832735878,0.4400538206100464
shadow,2,101,0.001,81,567,0.000657963412215599,0.04794985029314246,0.4803858995437622
shadow,2,101,0.001,82,574,0.0006505499609899905,0.03938683747713055,0.4673382341861725
shadow,2,101,0.001,83,581,0.0006431005974894186,0.04071128341768469,0.4373433291912079
shadow,2,101,0.001,84,588,0.0006356171597328595,0.04690987563558987,0.47548243403434753
shadow,2,101,0.001,85,595,0.000628101494146603,0.05223812801497323,0.4657292366027832
shadow,2,101,0.001,86,602,0.0006205554551086733,0.05099818150379828,0.4644918441772461
shadow,2,101,0.001,87,609,0.0006129809044912887,0.04159672797790596,0.5234809517860413
shadow,2,101,0.001,88,616,0.0006053797112014738,0.045444501780106554,0.44878536462783813
shadow,2,101,0.001,89,623,0.0005977537507199338,0.06789197879178184,0.49841633439064026
shadow,2,101,0.001,90,630,0.0005901049046383077,0.043222790983106406,0.4371000826358795
shadow,2,101,0.001,91,637,0.0005824350601949143,0.08681875680174146,0.4870903789997101
shadow,2,101,0.001,92,644,0.0005747461098091035,0.03989409123148237,0.44831332564353943
shadow,2,101,0.001,93,651,0.0005670399506143307,0.04030969552695751,0.4854758679866791
shadow,2,101,0.001,94,658,0.0005593184839900675,0.04270971805921623,0.46987906098365784
shadow,2,101,0.001,95,665,0.0005515836150926646,0.03278796587671552,0.470459908246994
shadow,2,101,0.001,96,672,0.0005438372523852833,0.05375478070761476,0.4746379554271698
shadow,2,101,0.001,97,679,0.0005360813071670102,0.03506156422996095,0.4698643088340759
shadow,2,101,0.001,98,686,0.0005283176931012731,0.039955758090530126,0.448404461145401
shadow,2,101,0.001,99,693,0.0005205483257436735,0.029597023635038307,0.4752140939235687
shadow,2,101,0.001,100,700,0.0005127751220693513,0.032149206048675945,0.4416245222091675
shadow,2,101,0.001,101,707,0.000505,0.04309994940246854,0.4780576229095459
shadow,2,101,0.01,1,7,0.01,1.9049175445522581,1.6662934124469757
shadow,2,101,0.01,2,14,0.00999938933078422,0.8097806530339378,0.5073907971382141
shadow,2,101,0.01,3,21,0.009997557473810372,0.6275876760482788,0.5144448280334473
shadow,2,101,0.01,4,28,0.009994504881061753,0.5433579513004848,0.622898668050766
shadow,2,101,0.01,5,35,0.009990232305719944,0.44064786178725107,0.5099135339260101
shadow,2,101,0.01,6,42,0.009984740801978984,0.5489087700843811,1.3153388798236847
shadow,2,101,0.01,7,49,0.009978031724785246,0.6106215640902519,0.5282446146011353
shadow,2,101,0.01,8,56,0.00997010672950314,0.4881981185504368,0.4919501543045044
shadow,2,101,0.01,9,63,0.009960967771506667,0.49905585816928316,0.5166794657707214
shadow,2,101,0.01,10,70,0.00995061710569696,0.3592861422470638,0.5040829181671143
shadow,2,101,0.01,11,77,0.009939057285945933,0.4084002897143364,0.5234474241733551
shadow,2,101,0.01,12,84,0.00992629116446613,0.38544692498232636,0.5253437757492065
shadow,2,101,0.01,13,91,0.00991232189110701,0.4143695416195052,0.7390916645526886
shadow,2,101,0.01,14,98,0.00989715291257774,0.41141253284045626,0.5440592765808105
shadow,2,101,0.01,15,105,0.0098807879715968,0.395400732755661,0.5635371506214142
shadow,2,101,0.01,16,112,0.0098632311059685,0.4194412274020059,0.5331816375255585
shadow,2,101,0.01,17,119,0.009844486647586723,0.47963498745645794,0.5377294719219208
shadow,2,101,0.01,18,126,0.0098245592213661,0.36597490896071705,0.5169689357280731
shadow,2,101,0.01,19,133,0.009803453744100868,0.3333241854395185,0.5318037569522858
shadow,2,101,0.01,20,140,0.009781175423251734,0.3188591258866446,0.7820988893508911
shadow,2,101,0.01,21,147,0.009757729755661011,0.5064469746180943,0.5175174176692963
shadow,2,101,0.01,22,154,0.009733122526196349,0.394453227519989,0.5290304720401764
shadow,2,101,0.01,23,161,0.009707359806323416,0.394057943086539,0.5160082578659058
shadow,2,101,0.01,24,168,0.009680447952607845,0.412206911614963,0.5086673498153687
shadow,2,101,0.01,25,175,0.009652393605146845,0.5632758417299816,0.6503601968288422
shadow,2,101,0.01,26,182,0.00962320368593087,0.3177608831652573,0.5089865326881409
shadow,2,101,0.01,27,189,0.009592885397135707,0.3307665841920035,0.6437455117702484
shadow,2,101,0.01,28,196,0.009561446219345454,0.3451192889894758,0.6635018289089203
shadow,2,101,0.01,29,203,0.009528893909706798,0.4648286998271942,0.52104052901268
shadow,2,101,0.01,30,210,0.009495236500015047,0.3742199263402394,0.518154114484787
shadow,2,101,0.01,31,217,0.00946048229473242,0.35514670543904814,0.5487697720527649
shadow,2,101,0.01,32,224,0.009424639868939034,0.35641661159960286,0.5393484532833099
shadow,2,101,0.01,33,231,0.009387718066217124,0.36453491023608614,0.5437990128993988
shadow,2,101,0.01,34,238,0.009349725996469048,0.4160154823746,0.542913556098938
shadow,2,101,0.01,35,245,0.00931067303366952,0.3142476925360305,0.5524440109729767
shadow,2,101,0.01,36,252,0.009270568813552756,0.2659305405936071,0.5939103662967682
shadow,2,101,0.01,37,259,0.009229423231234974,0.3055952233927591,0.6581203043460846
shadow,2,101,0.01,38,266,0.009187246438772938,0.35365175349371775,0.8121776282787323
shadow,3,101,1e-05,1,7,1e-05,0.4852347714560373,0.6208705324115176
shadow,3,101,1e-05,2,14,9.99938933078422e-06,0.48232715896197725,0.6011468424941554
shadow,3,101,1e-05,3,21,9.997557473810373e-06,0.4972006891454969,0.5839985645178593
shadow,3,101,1e-05,4,28,9.994504881061752e-06,0.4503044624413763,0.5707333015673088
shadow,3,101,1e-05,5,35,9.990232305719944e-06,0.4841318109205791,0.5638001759847006
shadow,3,101,1e-05,6,42,9.984740801978984e-06,0.49835824966430664,0.5574436476736357
shadow,3,101,1e-05,7,49,9.978031724785247e-06,0.43454780323164804,0.5518493941335967
shadow,3,101,1e-05,8,56,9.97010672950314e-06,0.5900982448032924,0.5470282525727244
shadow,3,101,1e-05,9,63,9.960967771506666e-06,0.41897550438131603,0.5449568430582682
shadow,3,101,1e-05,10,70,9.950617105696961e-06,0.4479734195130212,0.5433138356064305
shadow,3,101,1e-05,11,77,9.939057285945933e-06,0.6556399358170373,0.5427224419333718
shadow,3,101,1e-05,12,84,9.926291164466131e-06,0.42725739415202824,0.5424553264271129
shadow,3,101,1e-05,13,91,9.91232189110701e-06,0.519980645605496,0.5418750011559689
shadow,3,101,1e-05,14,98,9.897152912577742e-06,0.46731774721826824,0.5421238234548857
shadow,3,101,1e-05,15,105,9.8807879715968e-06,0.4964592584541866,0.5419309211499763
shadow,3,101,1e-05,16,112,9.8632311059685e-06,0.4103592436076724,0.5417003631591797
shadow,3,101,1e-05,17,119,9.844486647586724e-06,0.47756625924791607,0.5415144255667022
shadow,3,101,1e-05,18,126,9.824559221366101e-06,0.4236684963107109,0.541154196768096
shadow,3,101,1e-05,19,133,9.803453744100868e-06,0.5335502326488495,0.541002707047896
shadow,3,101,1e-05,20,140,9.781175423251734e-06,0.4492302920137133,0.540611642779726
shadow,3,101,1e-05,21,147,9.757729755661012e-06,0.4173674431762525,0.5405239914402817
shadow,3,101,1e-05,22,154,9.73312252619635e-06,0.4328231050499848,0.5406140992135713
shadow,3,101,1e-05,23,161,9.707359806323418e-06,0.42510332273585455,0.5405534397472035
shadow,3,101,1e-05,24,168,9.680447952607845e-06,0.47589252463408876,0.5406345309633197
shadow,3,101,1e-05,25,175,9.652393605146845e-06,0.426109322479793,0.5409284649473248
shadow,3,101,1e-05,26,182,9.62320368593087e-06,0.43601479487759726,0.5405480933911873
shadow,3,101,1e-05,27,189,9.592885397135707e-06,0.5841461930956159,0.5403260028723514
shadow,3,101,1e-05,28,196,9.561446219345455e-06,0.4209064979638372,0.5403070160836885
shadow,3,101,1e-05,29,203,9.528893909706798e-06,0.6722201492105212,0.5401675484397195
shadow,3,101,1e-05,30,210,9.495236500015048e-06,0.5942568268094744,0.5406225377863104
shadow,3,101,1e-05,31,217,9.460482294732422e-06,0.4096481700294784,0.5412106369480942
shadow,3,101,1e-05,32,224,9.424639868939035e-06,0.4378578151975359,0.5415360999829841
shadow,3,101,1e-05,33,231,9.387718066217125e-06,0.5378289009843554,0.5414858442364316
shadow,3,101,1e-05,34,238,9.349725996469047e-06,0.47902251141411917,0.541937018885757
shadow,3,101,1e-05,35,245,9.310673033669522e-06,0.4167943238945944,0.541528152697014
shadow,3,101,1e-05,36,252,9.270568813552757e-06,0.4281743232692991,0.5411939909963897
shadow,3,101,1e-05,37,259,9.229423231234975e-06,0.4306311953280653,0.5409037561127634
shadow,3,101,1e-05,38,266,9.18724643877294e-06,0.6266847252845764,0.5406845844153202
shadow,3,101,1e-05,39,273,9.144048842659081e-06,0.4371634487594877,0.5403643810387814
shadow,3,101,1e-05,40,280,9.099841101253867e-06,0.45307518754686626,0.5397524400190874
shadow,3,101,1e-05,41,287,9.054634122155991e-06,0.43618245848587583,0.5397005948153409
shadow,3,101,1e-05,42,294,9.0084390595111e-06,0.4182621602501188,0.5397776401404178
shadow,3,101,1e-05,43,301,8.961267311259668e-06,0.4724624923297337,0.5397178187514796
shadow,3,101,1e-05,44,308,8.913130516324733e-06,0.454829284123012,0.5402835499156605
shadow,3,101,1e-05,45,315,8.864040551740158e-06,0.43514491404805866,0.5407774665138938
shadow,3,101,1e-05,46,322,8.814009529720155e-06,0.4022283899996962,0.5409616701530687
shadow,3,101,1e-05,47,329,8.763049794670776e-06,0.41791412021432606,0.541470701044256
shadow,3,101,1e-05,48,336,8.711173920144118e-06,0.4068854209035635,0.541961178635106
shadow,3,101,1e-05,49,343,8.658394705735988e-06,0.5490795416491372,0.5422383799697413
shadow,3,101,1e-05,50,350,8.604725173927786e-06,0.4270245816026415,0.5421917655251243
shadow,3,101,1e-05,51,357,8.550178566873412e-06,0.4175504145345518,0.5415400591763583
shadow,3,101,1e-05,52,364,8.494768343131955e-06,0.4977022239140102,0.5405461282441111
shadow,3,101,1e-05,53,371,8.43850817434701e-06,0.4943720315183912,0.5406089840513287
shadow,3,101,1e-05,54,378,8.381411941873379e-06,0.41473740751722027,0.5409074552131422
shadow,3,101,1e-05,55,385,8.323493733352078e-06,0.4802526320729937,0.5406914335308652
shadow,3,101,1e-05,56,392,8.26476783923441e-06,0.5824128666094371,0.5408328663219105
shadow,3,101,1e-05,57,399,8.205248749256014e-06,0.4238489291497639,0.5409745014075077
shadow,3,101,1e-05,58,406,8.144951148861743e-06,0.42805141636303495,0.540685798182632
shadow,3,101,1e-05,59,413,8.083889915582235e-06,0.5173499605485371,0.5404384497440222
shadow,3,101,1e-05,60,420,8.022080115363127e-06,0.4376538417169026,0.5405814430930398
shadow,3,101,1e-05,61,427,7.959536998847744e-06,0.47266480113778797,0.5401995109789299
shadow,3,101,1e-05,62,434,7.89627599761423e-06,0.44213631962026867,0.5409142176310221
shadow,3,101,1e-05,63,441,7.832312720368048e-06,0.4025460339284369,0.5407123854666045
shadow,3,101,1e-05,64,448,7.767662949090754e-06,0.7059734846864428,0.54127109411991
shadow,3,101,1e-05,65,455,7.702342635146033e-06,0.42548835064683643,0.541830958742084
shadow,3,101,1e-05,66,462,7.636367895343947e-06,0.47728521057537626,0.5418898553559275
shadow,3,101,1e-05,67,469,7.5697550079643376e-06,0.4425145217350551,0.5416714350382487
shadow,3,101,1e-05,68,476,7.502520408740418e-06,0.444190006170954,0.5410547545461943
shadow,3,101,1e-05,69,483,7.43468068680349e-06,0.4233834168740681,0.5404460502393318
shadow,3,101,1e-05,70,490,7.366252580589839e-06,0.39997644649286357,0.5405074321862423
shadow,3,101,1e-05,71,497,7.297252973710756e-06,0.42784684896469116,0.5403711434566614
shadow,3,101,0.0001,1,7,0.0001,0.43817110625760897,0.5381659305456913
shadow,3,101,0.0001,2,14,9.99938933078422e-05,0.4378874607916389,0.5523778164025509
shadow,3,101,0.0001,3,21,9.997557473810373e-05,0.45654383301734924,0.5367978991884174
shadow,3,101,0.0001,4,28,9.994504881061753e-05,0.4289928637444973,0.5402973637436376
shadow,3,101,0.0001,5,35,9.990232305719945e-05,0.41691575359020916,0.5427129051902078
shadow,3,101,0.0001,6,42,9.984740801978984e-05,0.5277066848107747,0.5374643152410333
shadow,3,101,0.0001,7,49,9.978031724785247e-05,0.40597018226981163,0.5390379356615471
shadow,3,101,0.0001,8,56,9.97010672950314e-05,0.5791000127792358,0.5374122388435133
shadow,3,101,0.0001,9,63,9.960967771506667e-05,0.3961414849732786,0.5389758601333156
shadow,3,101,0.0001,10,70,9.95061710569696e-05,0.4559653231075832,0.5392824519764293
shadow,3,101,0.0001,11,77,9.939057285945933e-05,0.6350192491497312,0.5374461376305782
shadow,3,101,0.0001,12,84,9.926291164466132e-05,0.4045272881963423,0.5407921184193004
shadow,3,101,0.0001,13,91,9.91232189110701e-05,0.4889648301260812,0.5396532578901811
shadow,3,101,0.0001,14,98,9.897152912577741e-05,0.4552167057991028,0.5428414200291489
shadow,3,101,0.0001,15,105,9.8807879715968e-05,0.44259085825511385,0.5378018003521543
shadow,3,101,0.0001,16,112,9.8632311059685e-05,0.3875287332838135,0.541667331348766
shadow,3,101,0.0001,17,119,9.844486647586725e-05,0.42791842562811716,0.5423012068777373
shadow,3,101,0.0001,18,126,9.824559221366101e-05,0.38341561385563444,0.5494078144882665
shadow,3,101,0.0001,19,133,9.803453744100869e-05,0.42074741210256306,0.5470870046904592
shadow,3,101,0.0001,20,140,9.781175423251735e-05,0.36124872762177673,0.553948229009455
shadow,3,101,0.0001,21,147,9.757729755661011e-05,0.3776392212935856,0.600038904132265
shadow,3,101,0.0001,22,154,9.73312252619635e-05,0.3472564997417586,0.5564808412031694
shadow,3,101,0.0001,23,161,9.707359806323417e-05,0.34312911168672144,0.5804380359071674
shadow,3,101,0.0001,24,168,9.680447952607845e-05,0.3631798859153475,0.5731354626742277
shadow,3,101,0.0001,25,175,9.652393605146844e-05,0.3568304809076445,0.5766055367209695
shadow,3,101,0.0001,26,182,9.623203685930869e-05,0.3410040260891297,0.5483338327118845
shadow,3,101,0.0001,27,189,9.592885397135707e-05,0.3287982259477888,0.5679160031405363
shadow,3,101,0.0001,28,196,9.561446219345454e-05,0.3380964866706303,0.5545706893458511
shadow,3,101,0.0001,29,203,9.528893909706797e-05,0.623231149145535,0.54262620752508
shadow,3,101,0.0001,30,210,9.495236500015047e-05,0.3097555759263092,0.5755145333030007
shadow,3,101,0.0001,31,217,9.460482294732421e-05,0.3261948972940445,0.5270964593598337
shadow,3,101,0.0001,32,224,9.424639868939033e-05,0.30378577006714685,0.5677244879982688
shadow,3,101,0.0001,33,231,9.387718066217124e-05,0.3309566783053534,0.5179967591256807
shadow,3,101,0.0001,34,238,9.349725996469047e-05,0.3446766861847469,0.5321719429709695
shadow,3,101,0.0001,35,245,9.310673033669521e-05,0.3214863230075155,0.5271088282267252
shadow,3,101,0.0001,36,252,9.270568813552756e-05,0.28754173618342194,0.5160499919544567
shadow,3,101,0.0001,37,259,9.229423231234974e-05,0.2751401410038982,0.5265898849024917
shadow,3,101,0.0001,38,266,9.187246438772939e-05,0.3375293548618044,0.5038363427826853
shadow,3,101,0.0001,39,273,9.14404884265908e-05,0.28640166350773405,0.5211713386304451
shadow,3,101,0.0001,40,280,9.099841101253866e-05,0.30999099569661276,0.5213375380544951
shadow,3,101,0.0001,41,287,9.05463412215599e-05,0.2712128923407623,0.5177400473392371
shadow,3,101,0.0001,42,294,9.0084390595111e-05,0.28809928574732374,0.5394944277676669
shadow,3,101,0.0001,43,301,8.961267311259666e-05,0.26108028781267684,0.5178871443777373
shadow,3,101,0.0001,44,308,8.913130516324733e-05,0.2574683824287994,0.527642567952474
shadow,3,101,0.0001,45,315,8.864040551740158e-05,0.2547333865160389,0.5261806719230883
shadow,3,101,0.0001,46,322,8.814009529720155e-05,0.24762275761791638,0.5494495738636364
shadow,3,101,0.0001,47,329,8.763049794670775e-05,0.24100238723414286,0.5318925741947058
shadow,3,101,0.0001,48,336,8.711173920144117e-05,0.29029361477919985,0.607228828198982
shadow,3,101,0.0001,49,343,8.658394705735987e-05,0.262011923960277,0.5424837921604966
shadow,3,101,0.0001,50,350,8.604725173927785e-05,0.2676048832280295,0.5805667530406605
shadow,3,101,0.0001,51,357,8.55017856687341e-05,0.2334863841533661,0.5429869276104551
shadow,3,101,0.0001,52,364,8.494768343131955e-05,0.21733115799725056,0.5728126294685133
shadow,3,101,0.0001,53,371,8.438508174347009e-05,0.21711663156747818,0.5401172348947236
shadow,3,101,0.0001,54,378,8.381411941873378e-05,0.2040479966339522,0.5591313911206794
shadow,3,101,0.0001,55,385,8.323493733352077e-05,0.20758395961352757,0.5575381770278468
shadow,3,101,0.0001,56,392,8.26476783923441e-05,0.1893608406452196,0.5621216513893821
shadow,3,101,0.0001,57,399,8.205248749256015e-05,0.2103638436113085,0.5592245333122484
shadow,3,101,0.0001,58,406,8.144951148861742e-05,0.1893512441643647,0.5544315106940992
shadow,3,101,0.0001,59,413,8.083889915582235e-05,0.1731958538959069,0.6622844175858931
shadow,3,101,0.0001,60,420,8.022080115363127e-05,0.18603375533296326,0.5814575426506273
shadow,3,101,0.0001,61,427,7.959536998847744e-05,0.356473656637328,0.5419396776141543
shadow,3,101,0.0001,62,434,7.89627599761423e-05,0.2707304645861898,0.771059411944765
shadow,3,101,0.0001,63,441,7.832312720368048e-05,0.2582855841943196,0.5408274621674509
shadow,3,101,0.0001,64,448,7.767662949090753e-05,0.18316215902034724,0.6423603115659772
shadow,3,101,0.0001,65,455,7.702342635146033e-05,0.18522599833418749,0.5597664515177408
shadow,3,101,0.0001,66,462,7.636367895343946e-05,0.1775765440293721,0.5835501352945963
shadow,3,101,0.0001,67,469,7.569755007964338e-05,0.18667950055428914,0.6025174458821615
shadow,3,101,0.0001,68,476,7.502520408740418e-05,0.1587010355932372,0.5650799202196526
shadow,3,101,0.001,1,7,0.001,0.42765784742576735,0.5613052194768732
shadow,3,101,0.001,2,14,0.000999938933078422,0.49293698157582966,0.7407168764056582
shadow,3,101,0.001,3,21,0.0009997557473810372,0.6117232527051654,0.6717650962598396
shadow,3,101,0.001,4,28,0.0009994504881061753,0.4389150496572256,0.555461970242587
shadow,3,101,0.001,5,35,0.0009990232305719944,0.4264134775980243,0.5102714480775775
shadow,3,101,0.001,6,42,0.0009984740801978985,0.4309120646544865,0.6360413811423562
shadow,3,101,0.001,7,49,0.0009978031724785245,0.41810332983732224,0.4833788438276811
shadow,3,101,0.001,8,56,0.000997010672950314,0.4958120137453079,0.528581561464252
shadow,3,101,0.001,9,63,0.0009960967771506667,0.33164493313857485,0.4973434968428178
shadow,3,101,0.001,10,70,0.000995061710569696,0.3805702733142035,0.6621062827832771
shadow,3,101,0.001,11,77,0.0009939057285945933,0.6122307479381561,0.5976514527291963
shadow,3,101,0.001,12,84,0.000992629116446613,0.36675061298800365,0.5098082224527994
shadow,3,101,0.001,13,91,0.000991232189110701,0.31410337053239346,0.4760655778827089
shadow,3,101,0.001,14,98,0.0009897152912577741,0.27949268503912855,0.4741024537519975
shadow,3,101,0.001,15,105,0.00098807879715968,0.31438325132642475,0.5163589824329723
shadow,3,101,0.001,16,112,0.00098632311059685,0.23357220526252473,0.4901807091452859
shadow,3,101,0.001,17,119,0.0009844486647586723,0.22152551443182997,0.5098575245250355
shadow,3,101,0.001,18,126,0.00098245592213661,0.2726228130715234,0.4778226505626332
shadow,3,101,0.001,19,133,0.0009803453744100868,0.2961457371711731,0.46801798271410394
shadow,3,101,0.001,20,140,0.0009781175423251734,0.1560985360826765,0.5564074082808061
shadow,3,101,0.001,21,147,0.0009757729755661011,0.20299331630979264,0.6896473277698864
shadow,3,101,0.001,22,154,0.0009733122526196349,0.2367804083707077,0.47651964245420514
shadow,3,101,0.001,23,161,0.0009707359806323416,0.14403522493583815,0.6647178187514796
shadow,3,101,0.001,24,168,0.0009680447952607845,0.13621436298957892,0.5763207926894679
shadow,3,101,0.001,25,175,0.0009652393605146844,0.14331705256232194,0.483511664650657
shadow,3,101,0.001,26,182,0.000962320368593087,0.12978678569197655,0.46597625270034326
shadow,3,101,0.001,27,189,0.0009592885397135706,0.2154837857399668,0.4827401132294626
shadow,3,101,0.001,28,196,0.0009561446219345453,0.18082580396107265,0.6989774992971709
shadow,3,101,0.001,29,203,0.0009528893909706797,0.24077736692769186,0.6524179921005712
shadow,3,101,0.001,30,210,0.0009495236500015047,0.16998718211276298,0.48717036391749524
shadow,3,101,0.001,31,217,0.0009460482294732421,0.14221821672150067,0.45706936807343457
shadow,3,101,0.001,32,224,0.0009424639868939033,0.1035230638725417,0.4869628097071792
shadow,3,101,0.001,33,231,0.0009387718066217125,0.0956627396600587,0.6279381549719608
shadow,3,101,0.001,34,238,0.0009349725996469047,0.07836429438819843,0.6279740767045454
shadow,3,101,0.001,35,245,0.0009310673033669522,0.10372906637244991,0.5440701282385624
shadow,3,101,0.001,36,252,0.0009270568813552756,0.09644323011993297,0.5398996526544745
shadow,3,101,0.001,37,259,0.0009229423231234975,0.12086078451414194,0.5998466954086766
shadow,3,101,0.001,38,266,0.0009187246438772938,0.09567313494959048,0.700393329967152
shadow,3,101,0.001,39,273,0.0009144048842659081,0.08412040242027226,0.5071492050633286
shadow,3,101,0.001,40,280,0.0009099841101253866,0.13184228858777455,0.5398706378358783
shadow,3,101,0.001,41,287,0.000905463412215599,0.0905632424567427,0.5090231750950669
shadow,3,101,0.001,42,294,0.0009008439059511099,0.07298811365451131,0.5148981556747899
shadow,3,101,0.001,43,301,0.0008961267311259666,0.07480296891714845,0.494906945662065
shadow,3,101,0.001,44,308,0.0008913130516324732,0.10828187715794359,0.7230792768073805
shadow,3,101,0.001,45,315,0.0008864040551740157,0.09138308663386852,0.7513022567286636
shadow,3,101,0.001,46,322,0.0008814009529720154,0.12426430572356496,0.5310517513390743
shadow,3,101,0.001,47,329,0.0008763049794670775,0.06534939759876579,0.500568794481682
shadow,3,101,0.001,48,336,0.0008711173920144117,0.06588320321004305,0.7579159592137192
shadow,3,101,0.001,49,343,0.0008658394705735987,0.1346290037035942,0.5201023564194188
shadow,3,101,0.001,50,350,0.0008604725173927785,0.06468762404152326,0.5139524864427971
shadow,3,101,0.001,51,357,0.000855017856687341,0.06723620942128557,0.5788179455381451
shadow,3,101,0.001,52,364,0.0008494768343131955,0.09098985844424792,0.7119298414750532
shadow,3,101,0.001,53,371,0.0008438508174347009,0.08859278341489178,0.5123537814978397
shadow,3,101,0.001,54,378,0.0008381411941873378,0.11686951534024306,0.537627480246804
shadow,3,101,0.001,55,385,0.0008323493733352077,0.06665620935382321,0.7474896980054451
shadow,3,101,0.001,56,392,0.000826476783923441,0.11176190259201187,0.4880672512632428
shadow,3,101,0.001,57,399,0.0008205248749256015,0.06288123024361474,0.55726568626635
shadow,3,101,0.001,58,406,0.0008144951148861742,0.05325373475040708,0.6612383235584606
shadow,3,101,0.001,59,413,0.0008083889915582234,0.06081209664366075,0.53078775694876
shadow,3,101,0.001,60,420,0.0008022080115363127,0.05704958796767252,0.5831934611002604
shadow,3,101,0.001,61,427,0.0007959536998847743,0.07255639242274421,0.5344724944143584
shadow,3,101,0.01,1,7,0.01,1.819477617740631,1.185890717939897
shadow,3,101,0.01,2,14,0.00999938933078422,1.0077026230948312,1.198440204967152
shadow,3,101,0.01,3,21,0.009997557473810372,1.2417616322636604,1.0098520625721326
shadow,3,101,0.01,4,28,0.009994504881061753,0.7638365711484637,0.7261358318906842
shadow,3,101,0.01,5,35,0.009990232305719944,0.47431134964738575,0.6244111494584517
shadow,3,101,0.01,6,42,0.009984740801978984,0.5379315529550824,0.9142354907411517
shadow,3,101,0.01,7,49,0.009978031724785246,1.0383661815098353,0.511846686854507
shadow,3,101,0.01,8,56,0.00997010672950314,0.7415684844766345,0.5127578793150006
shadow,3,101,0.01,9,63,0.009960967771506667,0.5092663701091494,0.484749765107126
shadow,3,101,0.01,10,70,0.00995061710569696,0.47857937642506193,0.49918047587076825
shadow,3,101,0.01,11,77,0.009939057285945933,0.6177699906485421,0.6489660956642844
shadow,3,101,0.01,12,84,0.00992629116446613,0.4555423521503274,0.5015372363003817
shadow,3,101,0.01,13,91,0.00991232189110701,0.7109667999403817,0.4867441581957268
shadow,3,101,0.01,14,98,0.00989715291257774,0.45688394326966125,0.528171105818315
shadow,3,101,0.01,15,105,0.0098807879715968,0.5035592062132699,0.537022792931759
shadow,3,101,0.01,16,112,0.0098632311059685,0.3887447491288185,0.4371763865152995
shadow,3,101,0.01,17,119,0.009844486647586723,0.433758020401001,0.5824208693070845
shadow,3,101,0.01,18,126,0.0098245592213661,0.5188827621085303,0.6555400328202681
shadow,3,101,0.01,19,133,0.009803453744100868,0.5260483877999442,0.601442019144694
shadow,3,101,0.01,20,140,0.009781175423251734,0.44602957128414084,0.5094237472071792
shadow,3,101,0.01,21,147,0.009757729755661011,0.41737409574644907,0.629255265900583
shadow,3,101,0.01,22,154,0.009733122526196349,0.43138125113078524,0.519330949494333
shadow,3,101,0.01,23,161,0.009707359806323416,0.40219116929386345,0.5577996571858724
shadow,3,101,0.01,24,168,0.009680447952607845,0.502271579844611,0.5602547905661843
shadow,3,101,0.01,25,175,0.009652393605146845,0.4068561300565697,0.7294307188554243
shadow,3,101,0.01,26,182,0.00962320368593087,0.6171186310904366,0.9449636285955255
shadow,3,101,0.01,27,189,0.009592885397135707,0.8525695204734802,0.6576748472271543
shadow,3,101,0.01,28,196,0.009561446219345454,0.5667465017842395,0.6842693560051195
shadow,3,101,0.01,29,203,0.009528893909706798,0.7135855640683856,0.5191775524255001
shadow,3,101,0.01,30,210,0.009495236500015047,0.575621919972556,0.5356111815481475
shadow,3,101,0.01,31,217,0.00946048229473242,0.4080693594047001,0.520330978162361
shadow,3,101,0.01,32,224,0.009424639868939034,0.41176881534712656,0.4961872389822295
shadow,3,101,0.01,33,231,0.009387718066217124,0.47112217971256803,0.5612505132501776
shadow,3,101,0.01,34,238,0.009349725996469048,0.47110994373049053,0.7695931665825121
shadow,3,101,0.01,35,245,0.00931067303366952,0.6849798730441502,0.5445148583614465
shadow,3,101,0.01,36,252,0.009270568813552756,0.4400040805339813,0.5061987963589755
shadow,3,101,0.01,37,259,0.009229423231234974,0.4342199670416968,0.5037060939904415
shadow,3,101,0.01,38,266,0.009187246438772938,0.5703786313533783,0.5443316661950314
shadow,3,101,0.01,39,273,0.009144048842659082,0.5215304706777845,0.5296870722915187
shadow,3,101,0.01,40,280,0.009099841101253866,0.4144561673913683,0.5499453978105024
shadow,3,101,0.01,41,287,0.00905463412215599,0.37287935401712147,0.5094634547378077
shadow,3,101,0.01,42,294,0.0090084390595111,0.3715656090727342,0.8922097899697043
shadow,3,101,0.01,43,301,0.008961267311259666,1.1220668469156538,0.5449972730694395
shadow,3,101,0.01,44,308,0.008913130516324731,0.5758860792432513,0.5747600324226149
shadow,3,101,0.01,45,315,0.008864040551740157,0.40795685084802763,0.5488211602875681
shadow,3,101,0.01,46,322,0.008814009529720154,0.4278412514499256,0.5057106018066406
shadow,4,101,1e-05,1,7,1e-05,0.4927328186375754,0.5080301761627197
shadow,4,101,1e-05,2,14,9.99938933078422e-06,0.4716380408832005,0.49209874868392944
shadow,4,101,1e-05,3,21,9.997557473810373e-06,0.4592647978237697,0.47954171895980835
shadow,4,101,1e-05,4,28,9.994504881061752e-06,0.430150317294257,0.47207197546958923
shadow,4,101,1e-05,5,35,9.990232305719944e-06,0.4703653710229056,0.4683668911457062
shadow,4,101,1e-05,6,42,9.984740801978984e-06,0.41070829280579346,0.4659520089626312
shadow,4,101,1e-05,7,49,9.978031724785247e-06,0.4244887275355203,0.46482041478157043
shadow,4,101,1e-05,8,56,9.97010672950314e-06,0.4508280200617654,0.46471986174583435
shadow,4,101,1e-05,9,63,9.960967771506666e-06,0.3884886919082159,0.4650181829929352
shadow,4,101,1e-05,10,70,9.950617105696961e-06,0.5463340367589679,0.4656740427017212
shadow,4,101,1e-05,11,77,9.939057285945933e-06,0.4950051392827715,0.4658340513706207
shadow,4,101,1e-05,12,84,9.926291164466131e-06,0.40651048932756695,0.46550607681274414
shadow,4,101,1e-05,13,91,9.91232189110701e-06,0.42383227390902384,0.4655434489250183
shadow,4,101,1e-05,14,98,9.897152912577742e-06,0.4419631702559335,0.4650533199310303
shadow,4,101,1e-05,15,105,9.8807879715968e-06,0.39592692415629116,0.46512120962142944
shadow,4,101,1e-05,16,112,9.8632311059685e-06,0.3822191803982215,0.4650685787200928
shadow,4,101,1e-05,17,119,9.844486647586724e-06,0.4386734515428543,0.46530115604400635
shadow,4,101,1e-05,18,126,9.824559221366101e-06,0.4022801933544023,0.46579983830451965
shadow,4,101,1e-05,19,133,9.803453744100868e-06,0.4257969153778894,0.4652783274650574
shadow,4,101,1e-05,20,140,9.781175423251734e-06,0.4338566277708326,0.4651992619037628
shadow,4,101,1e-05,21,147,9.757729755661012e-06,0.39987625926733017,0.4648245871067047
shadow,4,101,1e-05,22,154,9.73312252619635e-06,0.4105923207742827,0.4646765887737274
shadow,4,101,1e-05,23,161,9.707359806323418e-06,0.39496588494096485,0.46459582448005676
shadow,4,101,1e-05,24,168,9.680447952607845e-06,0.448509937950543,0.4648602604866028
shadow,4,101,1e-05,25,175,9.652393605146845e-06,0.9530698955059052,0.465148001909256
shadow,4,101,1e-05,26,182,9.62320368593087e-06,0.3833829048422298,0.4648982286453247
shadow,4,101,1e-05,27,189,9.592885397135707e-06,0.7137667238712311,0.4644574224948883
shadow,4,101,1e-05,28,196,9.561446219345455e-06,0.4015402836459024,0.4640573263168335
shadow,4,101,1e-05,29,203,9.528893909706798e-06,0.5040485880204609,0.4641614556312561
shadow,4,101,1e-05,30,210,9.495236500015048e-06,0.708350407225745,0.4638148546218872
shadow,4,101,1e-05,31,217,9.460482294732422e-06,0.3959682468058808,0.46340224146842957
shadow,4,101,1e-05,32,224,9.424639868939035e-06,0.5469510512692588,0.4635481834411621
shadow,4,101,1e-05,33,231,9.387718066217125e-06,0.431386866739818,0.46381089091300964
shadow,4,101,1e-05,34,238,9.349725996469047e-06,0.7833673230239323,0.4636661112308502
shadow,4,101,1e-05,35,245,9.310673033669522e-06,0.3827202245593071,0.4636416435241699
shadow,4,101,1e-05,36,252,9.270568813552757e-06,0.44083819006170544,0.46379679441452026
shadow,4,101,1e-05,37,259,9.229423231234975e-06,0.40803546564919607,0.46367835998535156
shadow,4,101,1e-05,38,266,9.18724643877294e-06,0.6553430621113095,0.4635137915611267
shadow,4,101,1e-05,39,273,9.144048842659081e-06,0.40041113112654003,0.46338242292404175
shadow,4,101,1e-05,40,280,9.099841101253867e-06,0.8187632837465831,0.4634545147418976
shadow,4,101,1e-05,41,287,9.054634122155991e-06,0.41038818657398224,0.4630992114543915
shadow,4,101,1e-05,42,294,9.0084390595111e-06,0.4136582016944885,0.46321648359298706
shadow,4,101,1e-05,43,301,8.961267311259668e-06,0.43075502131666454,0.4631844460964203
shadow,4,101,1e-05,44,308,8.913130516324733e-06,0.4313805805785315,0.46315211057662964
shadow,4,101,1e-05,45,315,8.864040551740158e-06,0.4534053419317518,0.4627290666103363
shadow,4,101,1e-05,46,322,8.814009529720155e-06,0.3985092964555536,0.4623825252056122
shadow,4,101,1e-05,47,329,8.763049794670776e-06,0.3921213541845126,0.4622393250465393
shadow,4,101,1e-05,48,336,8.711173920144118e-06,0.38995605813605444,0.46195870637893677
shadow,4,101,1e-05,49,343,8.658394705735988e-06,0.563510109271322,0.46168991923332214
shadow,4,101,1e-05,50,350,8.604725173927786e-06,0.4071618084396635,0.4615437388420105
shadow,4,101,1e-05,51,357,8.550178566873412e-06,0.39614370465278625,0.46147382259368896
shadow,4,101,1e-05,52,364,8.494768343131955e-06,0.47188897005149294,0.46175456047058105
shadow,4,101,1e-05,53,371,8.43850817434701e-06,0.38537003099918365,0.46167153120040894
shadow,4,101,1e-05,54,378,8.381411941873379e-06,0.3934380114078522,0.46128731966018677
shadow,4,101,1e-05,55,385,8.323493733352078e-06,0.4545781569821494,0.4611434042453766
shadow,4,101,1e-05,56,392,8.26476783923441e-06,0.7125680510486875,0.46100208163261414
shadow,4,101,1e-05,57,399,8.205248749256014e-06,0.3951711058616638,0.46085864305496216
shadow,4,101,1e-05,58,406,8.144951148861743e-06,0.41839068489415304,0.4608381986618042
shadow,4,101,1e-05,59,413,8.083889915582235e-06,0.44247254516397205,0.46095535159111023
shadow,4,101,1e-05,60,420,8.022080115363127e-06,0.421227719102587,0.4612909257411957
shadow,4,101,1e-05,61,427,7.959536998847744e-06,0.4429816944258554,0.4616061747074127
shadow,4,101,1e-05,62,434,7.89627599761423e-06,0.42832745398793903,0.46128031611442566
shadow,4,101,1e-05,63,441,7.832312720368048e-06,0.3838850654262517,0.4611428380012512
shadow,4,101,1e-05,64,448,7.767662949090754e-06,0.4328720952783312,0.4608338177204132
shadow,4,101,1e-05,65,455,7.702342635146033e-06,0.3745882651923499,0.4608736038208008
shadow,4,101,1e-05,66,462,7.636367895343947e-06,0.44486903505665915,0.46082913875579834
shadow,4,101,1e-05,67,469,7.5697550079643376e-06,0.38979231949113974,0.4608670473098755
shadow,4,101,1e-05,68,476,7.502520408740418e-06,0.4109151448522295,0.4608357548713684
shadow,4,101,1e-05,69,483,7.43468068680349e-06,0.3823135572685195,0.4609258770942688
shadow,4,101,1e-05,70,490,7.366252580589839e-06,0.3765251846717937,0.460484117269516
shadow,4,101,1e-05,71,497,7.297252973710756e-06,0.38351483207329046,0.46024322509765625
shadow,4,101,1e-05,72,504,7.227698890786779e-06,0.434124048267092,0.45996665954589844
shadow,4,101,1e-05,73,511,7.15760749324711e-06,0.7134574566568647,0.4599193036556244
shadow,4,101,1e-05,74,518,7.086996075095289e-06,0.5946841218641826,0.4596744775772095
shadow,4,101,1e-05,75,525,7.015882058642164e-06,0.5995112253086907,0.4594450891017914
shadow,4,101,1e-05,76,532,6.9442829902071945e-06,0.3809378683300955,0.4593665301799774
shadow,4,101,1e-05,77,539,6.8722165357891564e-06,0.4585391453334263,0.45926299691200256
shadow,4,101,1e-05,78,546,6.799700476707323e-06,0.3876253084412643,0.45915356278419495
shadow,4,101,1e-05,79,553,6.726752705214193e-06,0.4618507410798754,0.4590417742729187
shadow,4,101,1e-05,80,560,6.65339122008084e-06,0.387351821816992,0.45895928144454956
shadow,4,101,1e-05,81,567,6.57963412215599e-06,0.7690237462520599,0.45888426899909973
shadow,4,101,1e-05,82,574,6.505499609899905e-06,0.389409593506051,0.4588010311126709
shadow,4,101,1e-05,83,581,6.431005974894185e-06,0.5179155937262944,0.458734929561615
shadow,4,101,1e-05,84,588,6.356171597328595e-06,0.5813108427183968,0.45866358280181885
shadow,4,101,1e-05,85,595,6.28101494146603e-06,0.4602363407611847,0.45858579874038696
shadow,4,101,1e-05,86,602,6.205554551086732e-06,0.39412874036601614,0.45848241448402405
shadow,4,101,1e-05,87,609,6.129809044912887e-06,0.395924727831568,0.4583921730518341
shadow,4,101,1e-05,88,616,6.053797112014738e-06,0.3862568712720531,0.45830973982810974
shadow,4,101,1e-05,89,623,5.977537507199338e-06,0.3863664482321058,0.4582352638244629
shadow,4,101,1e-05,90,630,5.901049046383077e-06,0.42905461362430025,0.45846015214920044
shadow,4,101,1e-05,91,637,5.824350601949143e-06,0.4053165742329189,0.45851796865463257
shadow,4,101,1e-05,92,644,5.7474610980910354e-06,0.38799380431217806,0.4586976170539856
shadow,4,101,1e-05,93,651,5.6703995061433075e-06,0.3865033563758646,0.4595036208629608
shadow,4,101,1e-05,94,658,5.5931848399006745e-06,0.48953097739389967,0.4603128135204315
shadow,4,101,1e-05,95,665,5.515836150926646e-06,0.5285543480089733,0.460466206073761
shadow,4,101,1e-05,96,672,5.438372523852833e-06,0.40853850330625263,0.4599050283432007
shadow,4,101,1e-05,97,679,5.360813071670101e-06,0.4270727719579424,0.45934972167015076
shadow,4,101,1e-05,98,686,5.283176931012731e-06,0.44066145590373446,0.4588635563850403
shadow,4,101,1e-05,99,693,5.205483257436735e-06,0.4058897835867746,0.45847296714782715
shadow,4,101,1e-05,100,700,5.127751220693512e-06,0.4124761053494045,0.4587176442146301
shadow,4,101,1e-05,101,707,5.05e-06,0.407133586704731,0.45909780263900757
shadow,4,101,1e-05,102,714,4.972248779306488e-06,0.3914847911468574,0.4597671329975128
shadow,4,101,1e-05,103,721,4.8945167425632645e-06,0.48919424201760975,0.45984888076782227
shadow,4,101,1e-05,104,728,4.816823068987269e-06,0.3841933550180069,0.45938071608543396
shadow,4,101,1e-05,105,735,4.7391869283298985e-06,0.45585016693387714,0.45950594544410706
shadow,4,101,1e-05,106,742,4.661627476147168e-06,0.3814801781305245,0.4590020775794983
shadow,4,101,1e-05,107,749,4.584163849073354e-06,0.39078645621027264,0.4582656919956207
shadow,4,101,1e-05,108,756,4.506815160099326e-06,0.3958985196160419,0.45802170038223267
shadow,4,101,1e-05,109,763,4.429600493856694e-06,0.3839744542326246,0.45752888917922974
shadow,4,101,1e-05,110,770,4.352538901908967e-06,0.38865814078599215,0.45747387409210205
shadow,4,101,1e-05,111,777,4.275649398050858e-06,0.46925162630421774,0.4570988714694977
shadow,4,101,1e-05,112,784,4.198950953616922e-06,0.4046347162553242,0.45686525106430054
shadow,4,101,1e-05,113,791,4.122462492800663e-06,0.4163757307188852,0.45673829317092896
shadow,4,101,1e-05,114,798,4.046202887985263e-06,0.3943594768643379,0.4567977488040924
shadow,4,101,1e-05,115,805,3.970190955087116e-06,0.3733411205882606,0.45680588483810425
shadow,4,101,1e-05,116,812,3.894445448913268e-06,0.3736286132417653,0.45686209201812744
shadow,4,101,1e-05,117,819,3.818985058533969e-06,0.4187713180269514,0.4566604793071747
shadow,4,101,1e-05,118,826,3.7438284026714044e-06,0.3994225987366268,0.45657142996788025
shadow,4,101,1e-05,119,833,3.6689940251058153e-06,0.3823868153350694,0.45647498965263367
shadow,4,101,1e-05,120,840,3.594500390100096e-06,0.37806820759682785,0.4566629230976105
shadow,4,101,1e-05,121,847,3.5203658778440116e-06,0.6517034683908735,0.45672407746315
shadow,4,101,1e-05,122,854,3.4466087799191603e-06,0.3983327086482729,0.45638009905815125
shadow,4,101,1e-05,123,861,3.3732472947858077e-06,0.3874197607593877,0.45656466484069824
shadow,4,101,1e-05,124,868,3.300299523292678e-06,0.3910000505191939,0.4564237892627716
shadow,4,101,1e-05,125,875,3.227783464210845e-06,0.6000542768410274,0.4562551975250244
shadow,4,101,1e-05,126,882,3.155717009792807e-06,0.37241739753101555,0.45599737763404846
shadow,4,101,1e-05,127,889,3.0841179413578354e-06,0.4383832280124937,0.4558337330818176
shadow,4,101,1e-05,128,896,3.0130039249047117e-06,0.3888340283717428,0.4557076394557953
shadow,4,101,1e-05,129,903,2.9423925067528904e-06,0.37569335096382667,0.4556317627429962
shadow,4,101,1e-05,130,910,2.87230110921322e-06,0.6265154693807874,0.45546141266822815
shadow,4,101,1e-05,131,917,2.8027470262892435e-06,0.8946396112442017,0.4553934931755066
shadow,4,101,1e-05,132,924,2.7337474194101625e-06,0.4074589822973524,0.45533287525177
shadow,4,101,1e-05,133,931,2.6653193131965085e-06,0.3954231845481055,0.4552795886993408
shadow,4,101,1e-05,134,938,2.5974795912595824e-06,0.3804266756134374,0.4552430510520935
shadow,4,101,1e-05,135,945,2.530244992035662e-06,0.37070069428799407,0.4552026391029358
shadow,4,101,1e-05,136,952,2.4636321046560533e-06,0.374360270266022,0.45516613125801086
shadow,4,101,1e-05,137,959,2.3976573648539653e-06,0.3778202863676207,0.45511576533317566
shadow,4,101,1e-05,138,966,2.332337050909247e-06,0.3830469017183142,0.45511525869369507
shadow,4,101,1e-05,139,973,2.267687279631953e-06,0.4136322183268411,0.45518070459365845
shadow,4,101,1e-05,140,980,2.2037240023857708e-06,0.40552896899836405,0.4552468955516815
shadow,4,101,1e-05,141,987,2.1404630011522584e-06,0.39180819051606314,0.4552447199821472
shadow,4,101,1e-05,142,994,2.0779198846368745e-06,0.39814165021692005,0.4552224278450012
shadow,4,101,1e-05,143,1001,2.0161100844177658e-06,0.4340082087687084,0.4555046856403351
shadow,4,101,1e-05,144,1008,1.9550488511382593e-06,0.6176724987370628,0.455660343170166
shadow,4,101,1e-05,145,1015,1.894751250743986e-06,0.3971897289156914,0.4554882347583771
shadow,4,101,1e-05,146,1022,1.8352321607655916e-06,0.7649878838232586,0.45529651641845703
shadow,4,101,1e-05,147,1029,1.7765062666479242e-06,0.42821967388902393,0.45503267645835876
shadow,4,101,1e-05,148,1036,1.7185880581266217e-06,0.3974277898669243,0.4549081027507782
shadow,4,101,1e-05,149,1043,1.6614918256529908e-06,0.39922258044992176,0.4548364281654358
shadow,4,101,1e-05,150,1050,1.6052316568680442e-06,0.3960973982300077,0.454826295375824
shadow,4,101,1e-05,151,1057,1.5498214331265902e-06,0.423329838684627,0.4548743963241577
shadow,4,101,1e-05,152,1064,1.495274826072216e-06,0.3811800165900162,0.4549507200717926
shadow,4,101,1e-05,153,1071,1.441605294264014e-06,0.39770881618772236,0.455077201128006
shadow,4,101,1e-05,154,1078,1.3888260798558817e-06,0.40219900224890026,0.4551631808280945
shadow,4,101,1e-05,155,1085,1.3369502053292252e-06,0.3810791193640658,0.4552462697029114
shadow,4,101,1e-05,156,1092,1.285990470279847e-06,0.3896678845797266,0.4552542567253113
shadow,4,101,1e-05,157,1099,1.2359594482598438e-06,0.4020206949540547,0.4554077684879303
shadow,4,101,1e-05,158,1106,1.1868694836752686e-06,0.3977882904665811,0.4555792212486267
shadow,4,101,1e-05,159,1113,1.1387326887403326e-06,0.380467845093725,0.45571455359458923
shadow,4,101,1e-05,160,1120,1.0915609404889017e-06,0.415239827973502,0.4558306038379669
shadow,4,101,1e-05,161,1127,1.0453658778440107e-06,0.39256553032568525,0.4558314383029938
shadow,4,101,1e-05,162,1134,1.0001588987461348e-06,0.3853777146765164,0.455885648727417
shadow,4,101,1e-05,163,1141,9.559511573409195e-07,0.38280643203428816,0.45593076944351196
shadow,4,101,1e-05,164,1148,9.127535612270632e-07,0.3880073811326708,0.45576247572898865
shadow,4,101,1e-05,165,1155,8.705767687650265e-07,0.42079279997519087,0.4557196795940399
shadow,4,101,1e-05,166,1162,8.294311864472448e-07,0.4752422890492848,0.4557253420352936
shadow,4,101,1e-05,167,1169,7.893269663304784e-07,0.5360238168920789,0.4556562304496765
shadow,4,101,1e-05,168,1176,7.50274003530953e-07,0.37337764099772486,0.45557722449302673
shadow,4,101,1e-05,169,1183,7.122819337828752e-07,0.4228686988353729,0.45551803708076477
shadow,4,101,1e-05,170,1190,6.753601310609673e-07,0.3956660128065518,0.4554431736469269
shadow,4,101,1e-05,171,1197,6.395177052675794e-07,0.7875052945954459,0.45533043146133423
shadow,4,101,1e-05,172,1204,6.047634999849531e-07,0.37560840318578165,0.45525482296943665
shadow,4,101,1e-05,173,1211,5.711060902932043e-07,0.38244303901280674,0.4551800489425659
shadow,4,101,1e-05,174,1218,5.385537806545469e-07,0.3797994658816606,0.45518842339515686
shadow,4,101,1e-05,175,1225,5.071146028642944e-07,0.42091972061565947,0.4551766812801361
shadow,4,101,1e-05,176,1232,4.7679631406913176e-07,0.3970644644328526,0.45521634817123413
shadow,4,101,1e-05,177,1239,4.4760639485315585e-07,0.37663198021307054,0.4552531838417053
shadow,4,101,1e-05,178,1246,4.195520473921565e-07,0.41353253381592886,0.45524510741233826
shadow,4,101,1e-05,179,1253,3.92640193676584e-07,0.8969273737498692,0.4552586078643799
shadow,4,101,1e-05,180,1260,3.668774738036508e-07,0.38653248495289255,0.4552536606788635
shadow,4,101,0.0001,1,7,0.0001,0.4089587777853012,0.47813236713409424
shadow,4,101,0.0001,2,14,9.99938933078422e-05,0.419809307370867,0.4772106409072876
shadow,4,101,0.0001,3,21,9.997557473810373e-05,0.4261687397956848,0.4659358561038971
shadow,4,101,0.0001,4,28,9.994504881061753e-05,0.42033993133476805,0.4637688100337982
shadow,4,101,0.0001,5,35,9.990232305719945e-05,0.4168449512549809,0.46248000860214233
shadow,4,101,0.0001,6,42,9.984740801978984e-05,0.3926729724210288,0.4619080424308777
shadow,4,101,0.0001,7,49,9.978031724785247e-05,0.3940509289968759,0.4656030535697937
shadow,4,101,0.0001,8,56,9.97010672950314e-05,0.3946039101907185,0.46250635385513306
shadow,4,101,0.0001,9,63,9.960967771506667e-05,0.38378208183816503,0.4601004123687744
shadow,4,101,0.0001,10,70,9.95061710569696e-05,0.5089843698910305,0.46041297912597656
shadow,4,101,0.0001,11,77,9.939057285945933e-05,0.47630625537463595,0.45868170261383057
shadow,4,101,0.0001,12,84,9.926291164466132e-05,0.39751643793923513,0.46092909574508667
shadow,4,101,0.0001,13,91,9.91232189110701e-05,0.38430657397423473,0.45826947689056396
shadow,4,101,0.0001,14,98,9.897152912577741e-05,0.390487973179136,0.4568111300468445
shadow,4,101,0.0001,15,105,9.8807879715968e-05,0.37383888182895525,0.45872366428375244
shadow,4,101,0.0001,16,112,9.8632311059685e-05,0.371679034616266,0.455108106136322
shadow,4,101,0.0001,17,119,9.844486647586725e-05,0.4140412424291883,0.45296090841293335
shadow,4,101,0.0001,18,126,9.824559221366101e-05,0.36747665383986067,0.45305413007736206
shadow,4,101,0.0001,19,133,9.803453744100869e-05,0.40592352194445475,0.4542114734649658
shadow,4,101,0.0001,20,140,9.781175423251735e-05,0.36930083563285215,0.4473772943019867
shadow,4,101,0.0001,21,147,9.757729755661011e-05,0.3648129978017615,0.45219677686691284
shadow,4,101,0.0001,22,154,9.73312252619635e-05,0.3758809502635683,0.4445151090621948
shadow,4,101,0.0001,23,161,9.707359806323417e-05,0.3552579991519451,0.4384181797504425
shadow,4,101,0.0001,24,168,9.680447952607845e-05,0.3564510430608477,0.4392722249031067
shadow,4,101,0.0001,25,175,9.652393605146844e-05,0.8430198792900357,0.43713051080703735
shadow,4,101,0.0001,26,182,9.623203685930869e-05,0.33498217697654453,0.43372949957847595
shadow,4,101,0.0001,27,189,9.592885397135707e-05,0.6203993942056384,0.4170543849468231
shadow,4,101,0.0001,28,196,9.561446219345454e-05,0.36234929306166513,0.4075729250907898
shadow,4,101,0.0001,29,203,9.528893909706797e-05,0.35215194310460773,0.41363370418548584
shadow,4,101,0.0001,30,210,9.495236500015047e-05,0.5379120249833379,0.402061402797699
shadow,4,101,0.0001,31,217,9.460482294732421e-05,0.3098809484924589,0.3982997536659241
shadow,4,101,0.0001,32,224,9.424639868939033e-05,0.42550491435187204,0.384901225566864
shadow,4,101,0.0001,33,231,9.387718066217124e-05,0.30025999886648996,0.4185042679309845
shadow,4,101,0.0001,34,238,9.349725996469047e-05,0.616686395236424,0.39003023505210876
shadow,4,101,0.0001,35,245,9.310673033669521e-05,0.26548220589756966,0.46057483553886414
shadow,4,101,0.0001,36,252,9.270568813552756e-05,0.29004340450878124,0.42272618412971497
shadow,4,101,0.0001,37,259,9.229423231234974e-05,0.30176567578954355,0.4116501212120056
shadow,4,101,0.0001,38,266,9.187246438772939e-05,0.42255045154265,0.4451545178890228
shadow,4,101,0.0001,39,273,9.14404884265908e-05,0.29851675246443066,0.42045730352401733
shadow,4,101,0.0001,40,280,9.099841101253866e-05,0.5481482978378024,0.40371474623680115
shadow,4,101,0.0001,41,287,9.05463412215599e-05,0.2852528265544346,0.41147202253341675
shadow,4,101,0.0001,42,294,9.0084390595111e-05,0.2571408704721502,0.40864306688308716
shadow,4,101,0.0001,43,301,8.961267311259666e-05,0.24309249435152328,0.4214140474796295
shadow,4,101,0.0001,44,308,8.913130516324733e-05,0.2453630960413388,0.4195239841938019
shadow,4,101,0.0001,45,315,8.864040551740158e-05,0.2217550341135523,0.41529855132102966
shadow,4,101,0.0001,46,322,8.814009529720155e-05,0.22855045539992197,0.4334839880466461
shadow,4,101,0.0001,47,329,8.763049794670775e-05,0.24222821848733084,0.5194368958473206
shadow,4,101,0.0001,48,336,8.711173920144117e-05,0.27080666167395456,0.43389055132865906
shadow,4,101,0.0001,49,343,8.658394705735987e-05,0.20706062045480525,0.45816120505332947
shadow,4,101,0.0001,50,350,8.604725173927785e-05,0.21612231539828436,0.45710694789886475
shadow,4,101,0.0001,51,357,8.55017856687341e-05,0.1952082224285862,0.44147568941116333
shadow,4,101,0.0001,52,364,8.494768343131955e-05,0.24521263156618392,0.4327470064163208
shadow,4,101,0.0001,53,371,8.438508174347009e-05,0.20674218237400055,0.44452470541000366
shadow,4,101,0.0001,54,378,8.381411941873378e-05,0.19963896673704898,0.4371362328529358
shadow,4,101,0.0001,55,385,8.323493733352077e-05,0.19989060950631807,0.5105810761451721
shadow,4,101,0.0001,56,392,8.26476783923441e-05,0.41780224229608265,0.43328550457954407
shadow,4,101,0.0001,57,399,8.205248749256015e-05,0.32488442957401276,0.44612744450569153
shadow,4,101,0.0001,58,406,8.144951148861742e-05,0.2036733389166849,0.43462303280830383
shadow,4,101,0.0001,59,413,8.083889915582235e-05,0.20134296966716647,0.4512605369091034
shadow,4,101,0.0001,60,420,8.022080115363127e-05,0.17335347618375505,0.438231885433197
shadow,4,101,0.0001,61,427,7.959536998847744e-05,0.16876384753933443,0.4412194788455963
shadow,4,101,0.0001,62,434,7.89627599761423e-05,0.19670649697738035,0.46768853068351746
shadow,4,101,0.001,1,7,0.001,0.4967179223895073,0.7364648282527924
shadow,4,101,0.001,2,14,0.000999938933078422,0.5856350234576634,0.4780255854129791
shadow,4,101,0.001,3,21,0.0009997557473810372,0.42065433093479704,0.45982566475868225
shadow,4,101,0.001,4,28,0.0009994504881061753,0.43394338871751514,0.45862072706222534
shadow,4,101,0.001,5,35,0.0009990232305719944,0.37387274099247797,0.49431419372558594
shadow,4,101,0.001,6,42,0.0009984740801978985,0.4085993849273239,0.4881531000137329
shadow,4,101,0.001,7,49,0.0009978031724785245,0.3877122376413484,0.4737290143966675
shadow,4,101,0.001,8,56,0.000997010672950314,0.41172578079359873,0.4459526240825653
shadow,4,101,0.001,9,63,0.0009960967771506667,0.37566552204745157,0.4798632264137268
shadow,4,101,0.001,10,70,0.000995061710569696,0.4654787267957415,0.4585578441619873
shadow,4,101,0.001,11,77,0.0009939057285945933,0.4015419951507023,0.4735017418861389
shadow,4,101,0.001,12,84,0.000992629116446613,0.33613263869691373,0.6023854315280914
shadow,4,101,0.001,13,91,0.000991232189110701,0.4278555709336485,0.4513721168041229
shadow,4,101,0.001,14,98,0.0009897152912577741,0.33334778462137493,0.4079776108264923
shadow,4,101,0.001,15,105,0.00098807879715968,0.35877755497183117,0.5007142126560211
shadow,4,101,0.001,16,112,0.00098632311059685,0.46704686113766264,0.4420391023159027
shadow,4,101,0.001,17,119,0.0009844486647586723,0.3614036100251334,0.37435027956962585
shadow,4,101,0.001,18,126,0.00098245592213661,0.34494936146906446,0.38360220193862915
shadow,4,101,0.001,19,133,0.0009803453744100868,0.3157349782330649,0.3627823293209076
shadow,4,101,0.001,20,140,0.0009781175423251734,0.2835225260683468,0.4667562246322632
shadow,4,101,0.001,21,147,0.0009757729755661011,0.31510656446750673,0.4323119521141052
shadow,4,101,0.001,22,154,0.0009733122526196349,0.2839574324233191,0.4190494120121002
shadow,4,101,0.001,23,161,0.0009707359806323416,0.25405310320534874,0.43687671422958374
shadow,4,101,0.001,24,168,0.0009680447952607845,0.26798864773341585,0.5210644602775574
shadow,4,101,0.001,25,175,0.0009652393605146844,0.24330495297908783,0.5027466118335724
shadow,4,101,0.001,26,182,0.000962320368593087,0.19812390580773354,0.47758689522743225
shadow,4,101,0.001,27,189,0.0009592885397135706,0.46150980783360346,0.4330258369445801
shadow,4,101,0.001,28,196,0.0009561446219345453,0.216141736534025,0.4255187213420868
shadow,4,101,0.001,29,203,0.0009528893909706797,0.2752026191779545,0.6081519424915314
shadow,4,101,0.001,30,210,0.0009495236500015047,0.5157838666013309,0.5091585218906403
shadow,4,101,0.001,31,217,0.0009460482294732421,0.32354976933701046,0.41054221987724304
shadow,4,101,0.001,32,224,0.0009424639868939033,0.2793384790420532,0.4554406702518463
shadow,4,101,0.001,33,231,0.0009387718066217125,0.15535101667046547,0.4980868399143219
shadow,4,101,0.001,34,238,0.0009349725996469047,0.14875864131110056,0.4150092303752899
shadow,4,101,0.001,35,245,0.0009310673033669522,0.17117906042507716,0.45661410689353943
shadow,4,101,0.001,36,252,0.0009270568813552756,0.11038185416587762,0.47959649562835693
shadow,4,101,0.001,37,259,0.0009229423231234975,0.11886666076523918,0.41068679094314575
shadow,4,101,0.001,38,266,0.0009187246438772938,0.19886177299278124,0.43901678919792175
shadow,4,101,0.001,39,273,0.0009144048842659081,0.09917218331559395,0.40404319763183594
shadow,4,101,0.001,40,280,0.0009099841101253866,0.29836505332163404,0.40140843391418457
shadow,4,101,0.001,41,287,0.000905463412215599,0.11966310707586152,0.4082765281200409
shadow,4,101,0.001,42,294,0.0009008439059511099,0.19147652174745286,0.3873404264450073
shadow,4,101,0.001,43,301,0.0008961267311259666,0.1615954978125436,0.39262157678604126
shadow,4,101,0.001,44,308,0.0008913130516324732,0.15221927847181047,0.5298008918762207
shadow,4,101,0.001,45,315,0.0008864040551740157,0.38426925029073444,0.45844370126724243
shadow,4,101,0.001,46,322,0.0008814009529720154,0.2634315428440459,0.46929994225502014
shadow,4,101,0.001,47,329,0.0008763049794670775,0.14902980253100395,0.5015073418617249
shadow,4,101,0.001,48,336,0.0008711173920144117,0.1408073487026351,0.4295061230659485
shadow,4,101,0.001,49,343,0.0008658394705735987,0.18538972628968103,0.40224793553352356
shadow,4,101,0.01,1,7,0.01,2.295421825987952,3.9267182648181915
shadow,4,101,0.01,2,14,0.00999938933078422,1.1878751942089625,0.5284569263458252
shadow,4,101,0.01,3,21,0.009997557473810372,0.4880638154489653,0.46936318278312683
shadow,4,101,0.01,4,28,0.009994504881061753,0.5038359335490635,0.503242701292038
shadow,4,101,0.01,5,35,0.009990232305719944,0.6275676043171968,0.4990004301071167
shadow,4,101,0.01,6,42,0.009984740801978984,0.5342274180480412,0.6917038857936859
shadow,4,101,0.01,7,49,0.009978031724785246,0.443715258368424,0.44417986273765564
shadow,4,101,0.01,8,56,0.00997010672950314,0.4420287821974073,0.4437907338142395
shadow,4,101,0.01,9,63,0.009960967771506667,0.39750694377081736,0.45879292488098145
shadow,4,101,0.01,10,70,0.00995061710569696,0.47694334174905506,0.45956435799598694
shadow,4,101,0.01,11,77,0.009939057285945933,0.5009422557694572,0.5374501645565033
shadow,4,101,0.01,12,84,0.00992629116446613,0.46779997859682354,0.4680974781513214
shadow,4,101,0.01,13,91,0.00991232189110701,0.42026218133313314,0.4556823670864105
shadow,4,101,0.01,14,98,0.00989715291257774,0.37707453966140747,0.43791463971138
shadow,4,101,0.01,15,105,0.0098807879715968,0.38337582775524687,0.5033792853355408
shadow,4,101,0.01,16,112,0.0098632311059685,0.44026111704962595,0.48356199264526367
shadow,4,101,0.01,17,119,0.009844486647586723,0.4525531019483294,0.4697355031967163
shadow,4,101,0.01,18,126,0.0098245592213661,0.4008811648402895,0.4655723571777344
shadow,4,101,0.01,19,133,0.009803453744100868,0.4101532591240747,0.4641115665435791
shadow,4,101,0.01,20,140,0.009781175423251734,0.4014884127037866,0.46409374475479126
shadow,4,101,0.01,21,147,0.009757729755661011,0.3949311003088951,0.46409374475479126
shadow,4,101,0.01,22,154,0.009733122526196349,0.39434452993529184,0.46409374475479126
shadow,4,101,0.01,23,161,0.009707359806323416,0.39367950175489697,0.46409374475479126
shadow,4,101,0.01,24,168,0.009680447952607845,0.42413886955806185,0.46409374475479126
shadow,4,101,0.01,25,175,0.009652393605146845,0.9370851048401424,0.4649842381477356
shadow,4,101,0.01,26,182,0.00962320368593087,0.3874114086377501,0.46457016468048096
shadow,4,101,0.01,27,189,0.009592885397135707,0.7162993060691016,0.46409374475479126
shadow,4,101,0.01,28,196,0.009561446219345454,0.3980124167033604,0.46409374475479126
shadow,4,101,0.01,29,203,0.009528893909706798,0.49005716826234547,0.46409374475479126
shadow,4,101,0.01,30,210,0.009495236500015047,0.7262610793113708,0.4632076323032379
shadow,4,101,0.01,31,217,0.00946048229473242,0.39491572816457066,0.46409374475479126
shadow,4,101,0.01,32,224,0.009424639868939034,0.5486166455915996,0.46409374475479126
shadow,4,101,0.01,33,231,0.009387718066217124,0.4151684045791626,0.46409374475479126
shadow,4,101,0.01,34,238,0.009349725996469048,0.7935283035039902,0.46409374475479126
shadow,4,101,0.01,35,245,0.00931067303366952,0.3904365082271397,0.4646883010864258
shadow,4,101,0.01,36,252,0.009270568813552756,0.43621206070695606,0.4642643928527832
shadow,4,101,0.01,37,259,0.009229423231234974,0.3953361458012036,0.46409374475479126
shadow,4,101,0.01,38,266,0.009187246438772938,0.6471009595053536,0.46409374475479126
shadow,4,101,0.01,39,273,0.009144048842659082,0.3962524650352342,0.46409374475479126
shadow,4,101,0.01,40,280,0.009099841101253866,0.798363806945937,0.46409374475479126
shadow,4,101,0.01,41,287,0.00905463412215599,0.4192047395876476,0.46409374475479126
shadow,4,101,0.01,42,294,0.0090084390595111,0.4267299771308899,0.46409374475479126
shadow,4,101,0.01,43,301,0.008961267311259666,0.4191527175051825,0.46409374475479126
shadow,4,101,0.01,44,308,0.008913130516324731,0.45234490292412893,0.46409374475479126
