id,generator,extraction_status,pdb_path,pdb_sha256,n_CA,n_edges,error
ADI-37123,esmfold,SUCCESS,/workspace_developability_acquisition/esmfold_native/ADI-37123.pdb,5ed09c518644ac937d1e2afc7c0f8275dffe550353cfd85d75640385fdf637af,226,5906,
ADI-37124,esmfold,SUCCESS,/workspace_developability_acquisition/esmfold_native/ADI-37124.pdb,da748132f7fab4ffd62bb297addddb069ab4d12cc654c62af955daac1d117161,231,6013,
ADI-37125,esmfold,SUCCESS,/workspace_developability_acquisition/esmfold_native/ADI-37125.pdb,e2076ad36f4a8592f26aab1809b2e7fbc9d0c1e3dd95d5d158ec01db5fb8028e,232,5974,
ADI-38498,esmfold,SUCCESS,/workspace_developability_acquisition/esmfold_native/ADI-38498.pdb,40bb09d86f086b32da8aa27c2a6dfd3f2874a513562d35dbb0ff09936166e063,235,6138,
ADI-38499,esmfold,SUCCESS,/workspace_developability_acquisition/esmfold_native/ADI-38499.pdb,14c3e9912ea4a539d6a3c2cb4c59f12c97b0a638105b5572e542ae8abf02ea96,229,5958,
ADI-38500,esmfold,SUCCESS,/workspace_developability_acquisition/esmfold_native/ADI-38500.pdb,734bd713d2ae9167dbe213f2439a097dbdd235c99894cb607df0e318d00ed188,232,6079,
ADI-38501,esmfold,SUCCESS,/workspace_developability_acquisition/esmfold_native/ADI-38501.pdb,3590d678047f765eb2b7c7695e6d158d8ae0772ead1d16410812ce5e42fdf7aa,227,5904,
ADI-38502,esmfold,SUCCESS,/workspace_developability_acquisition/esmfold_native/ADI-38502.pdb,b9b197fc2147d6204aefe30fc5defdb771836ee0e97c7a22b7e5a90581d2eeb7,230,5945,
ADI-38503,esmfold,SUCCESS,/workspace_developability_acquisition/esmfold_native/ADI-38503.pdb,b98279b8d7a965a3e10feb8efa12c669e041399991a0ab8fb312b1f38aee3d9e,232,6053,
ADI-45368,esmfold,SUCCESS,/workspace_developability_acquisition/esmfold_native/ADI-45368.pdb,dcab2c6f632a4b245771c4c62b8b7b3743226ab67828abfcfbe7cc02631a7258,228,5892,
ADI-45370,esmfold,SUCCESS,/workspace_developability_acquisition/esmfold_native/ADI-45370.pdb,39dcced568b7a85b0ed6d925012ac8142a32ad890716ab42113468a14b246374,228,6013,
ADI-45373,esmfold,SUCCESS,/workspace_developability_acquisition/esmfold_native/ADI-45373.pdb,dc312fe2e47660a20448ae055cc1e3f676ecbc6375a27aea900e3f392308af45,230,6034,
ADI-45375,esmfold,SUCCESS,/workspace_developability_acquisition/esmfold_native/ADI-45375.pdb,04df500aee1fbcfc28e735a976526de951f3f75d62826a452814678e03a6e6eb,236,6141,
ADI-45378,esmfold,SUCCESS,/workspace_developability_acquisition/esmfold_native/ADI-45378.pdb,fd50ba62a0441b1f8c51dae5d1aa237893f567417344745bf4c6e329dbec2765,237,6247,
ADI-45379,esmfold,SUCCESS,/workspace_developability_acquisition/esmfold_native/ADI-45379.pdb,8b70c4b53ac670736fdbbcd0844eb62b75ea943bf421d32a78adea8a17a645ac,226,5902,
ADI-45382,esmfold,SUCCESS,/workspace_developability_acquisition/esmfold_native/ADI-45382.pdb,c397b3107b791d281d82878e14c9dfb84c8ce6b80f9c909b585e1b4dbc72d3ea,238,6089,
ADI-45383,esmfold,SUCCESS,/workspace_developability_acquisition/esmfold_native/ADI-45383.pdb,2df09f8706b3c1d65ecdda1c1bd48ebb8bd2bc86e0c1185161bcf22e4d725e97,234,6044,
ADI-45388,esmfold,SUCCESS,/workspace_developability_acquisition/esmfold_native/ADI-45388.pdb,41da70803acbfab105a0466cf92200832be205b92cf6cc370752ae5c2b5b4c10,234,6090,
ADI-45389,esmfold,SUCCESS,/workspace_developability_acquisition/esmfold_native/ADI-45389.pdb,3a2d508411d54853bef30dd815d0b6dcc769611a2413757fe0c4c3450eec642a,227,5924,
ADI-45390,esmfold,SUCCESS,/workspace_developability_acquisition/esmfold_native/ADI-45390.pdb,ee6818eae211ff9a1e0b6b70994909bdd426d7307525bfa79d352b8cb5c0ebd4,229,5983,
ADI-45391,esmfold,SUCCESS,/workspace_developability_acquisition/esmfold_native/ADI-45391.pdb,0c60053f0a3adc91f72d3f9f216c71501db3e32dbc3ebf13a96c24281c95fc2a,228,5951,
ADI-45393,esmfold,SUCCESS,/workspace_developability_acquisition/esmfold_native/ADI-45393.pdb,d1bf5291a94007f70409ec9b97cb8c930c926d17cdea21e34d54390d2edea326,231,6030,
ADI-45395,esmfold,SUCCESS,/workspace_developability_acquisition/esmfold_native/ADI-45395.pdb,ea8a3188dc0412b3866b91de5587323f8556514e74b500dd8be2586e0b1587c4,230,6012,
ADI-45397,esmfold,SUCCESS,/workspace_developability_acquisition/esmfold_native/ADI-45397.pdb,bf4b38f475faa5f5b0986a63c33a82243621f1d46c93ea1606ba41d7cee84784,227,5883,
ADI-45402,esmfold,SUCCESS,/workspace_developability_acquisition/esmfold_native/ADI-45402.pdb,c2fe0d199183023228cdc536baa4606aae497ff896c3e67890941dd5c8d77453,237,6114,
ADI-45404,esmfold,SUCCESS,/workspace_developability_acquisition/esmfold_native/ADI-45404.pdb,096801b713a7480796762a702c5e5d92590533196fa378102ebf5cf48556ff00,233,6019,
ADI-45405,esmfold,SUCCESS,/workspace_developability_acquisition/esmfold_native/ADI-45405.pdb,8d6b276b6c69e4a465a553b9d377a67c04828570b2dd955b2c151f95e06530b9,231,6004,
ADI-45406,esmfold,SUCCESS,/workspace_developability_acquisition/esmfold_native/ADI-45406.pdb,456c86bee99d100fedd7a6cffadb37fcf758216cf2794366435a8701a159e1a5,229,5957,
ADI-45407,esmfold,SUCCESS,/workspace_developability_acquisition/esmfold_native/ADI-45407.pdb,9a0f41538b65327b97bad8e366663139325a48e73fd99fe3084c77973ad235cb,235,6217,
ADI-45408,esmfold,SUCCESS,/workspace_developability_acquisition/esmfold_native/ADI-45408.pdb,8fa596605287d402853f408364c0a46bcc2e3056f15b1e95817248d42cd8e0a6,232,6075,
ADI-45409,esmfold,SUCCESS,/workspace_developability_acquisition/esmfold_native/ADI-45409.pdb,7034dfce8420fb11a156beac26d14a1347f7d9f11fe3d9e173573a56952cda5e,234,6166,
ADI-45410,esmfold,SUCCESS,/workspace_developability_acquisition/esmfold_native/ADI-45410.pdb,88734f366545a85289dc015a1b1f84f6142d7c124e317a6362983c93ff23cfe7,235,6122,
ADI-45411,esmfold,SUCCESS,/workspace_developability_acquisition/esmfold_native/ADI-45411.pdb,3598833177e3aa240eef9d7b200b33f192da487b69bfc4b8d349f9e483fbc00c,227,5850,
ADI-45422,esmfold,SUCCESS,/workspace_developability_acquisition/esmfold_native/ADI-45422.pdb,c1ab8ff89b9044f4ecd76375f605e447adcfbf32412af60d422b61dd81485054,231,6085,
ADI-45425,esmfold,SUCCESS,/workspace_developability_acquisition/esmfold_native/ADI-45425.pdb,5d8b42f459cfa58da9c7484a7ec8d460f497311ee63ad58d76ff5aa3cc7a956e,237,6204,
ADI-45428,esmfold,SUCCESS,/workspace_developability_acquisition/esmfold_native/ADI-45428.pdb,ff701a4a3fe4a592bfa6b297b39bdb76076a30c525607a9d664ec8ebee45af92,240,6286,
ADI-45429,esmfold,SUCCESS,/workspace_developability_acquisition/esmfold_native/ADI-45429.pdb,e086bad01ac3b143c06bc1d31bcc97a0b0d8a22c49e054d3d346748d4a6c8a08,232,6040,
ADI-45430,esmfold,SUCCESS,/workspace_developability_acquisition/esmfold_native/ADI-45430.pdb,884faa4f628898822b759bbda1c91b3bd21f84860bb67cc8eaaa1e2e0ced3f8f,234,6072,
ADI-45433,esmfold,SUCCESS,/workspace_developability_acquisition/esmfold_native/ADI-45433.pdb,8b709a3aa293294835e26732bd7208beb6f9daacf9ceecefbca2ec65b9be4be3,234,6123,
ADI-45435,esmfold,SUCCESS,/workspace_developability_acquisition/esmfold_native/ADI-45435.pdb,30cc317a4fceb40ec73b3687e33f2f87e978aceff267186b9c2849b69737b18e,239,6141,
ADI-45438,esmfold,SUCCESS,/workspace_developability_acquisition/esmfold_native/ADI-45438.pdb,7b8424078425b126b6e65373145af33fa52cc5568b685fcf3f6d5060895f4ed6,231,6014,
ADI-45439,esmfold,SUCCESS,/workspace_developability_acquisition/esmfold_native/ADI-45439.pdb,8607e3bc98cd14df4bf9f3aaa7d82c2797ff892f3c18d571e2ad9f7ebbff1d0d,228,5902,
ADI-45440,esmfold,SUCCESS,/workspace_developability_acquisition/esmfold_native/ADI-45440.pdb,15b0f6fd3436a19b378c2c7831872751def64fe98eefff98119bd8dc5ab2fac5,230,5938,
ADI-45442,esmfold,SUCCESS,/workspace_developability_acquisition/esmfold_native/ADI-45442.pdb,8e8e82a00c5e9d1bf68c45287e15dae9dac2e889de8f4a89df80a0d864833b67,230,5996,
ADI-45447,esmfold,SUCCESS,/workspace_developability_acquisition/esmfold_native/ADI-45447.pdb,2b61a3ed5c4b7612a3e109e2fbec16ad900eab6bb72ec919969c771d3d9acf0c,229,5959,
ADI-45448,esmfold,SUCCESS,/workspace_developability_acquisition/esmfold_native/ADI-45448.pdb,1cfd2c5f62eeacabe49676784ad346083b5aff8b7ce009c48e6156bdf441c682,231,5941,
ADI-45450,esmfold,SUCCESS,/workspace_developability_acquisition/esmfold_native/ADI-45450.pdb,fc296a77a6a12b8998be03ae311d6c5d7dbc99342d795f83a976f1c45a4f84ec,228,5930,
ADI-45451,esmfold,SUCCESS,/workspace_developability_acquisition/esmfold_native/ADI-45451.pdb,4b1b372a54b3c27103f30975f4cca0613545f091126248a49b873a3381997e80,239,6235,
ADI-45452,esmfold,SUCCESS,/workspace_developability_acquisition/esmfold_native/ADI-45452.pdb,7194b539a61cf8e89d239c829c4e63556fc58fc818add155e82e29af408e7b54,227,5891,
ADI-45453,esmfold,SUCCESS,/workspace_developability_acquisition/esmfold_native/ADI-45453.pdb,310ee2bf24788a72156c79fb672211e136e0b5ec469c17091e210599b5fad2a0,227,5812,
ADI-45454,esmfold,SUCCESS,/workspace_developability_acquisition/esmfold_native/ADI-45454.pdb,370bd5c65765418325df0beab0c69ccd05d2878662fcae893265f3551dd0555c,235,5998,
ADI-45455,esmfold,SUCCESS,/workspace_developability_acquisition/esmfold_native/ADI-45455.pdb,cb271f1eb356a738494cad3d7e776a857e63bdf922ffce8b26149c69b2909036,232,6086,
ADI-45456,esmfold,SUCCESS,/workspace_developability_acquisition/esmfold_native/ADI-45456.pdb,9c1f75af7e7a855f0b880aeb597085d31769d69bbeb81f857b8010937807315a,230,6068,
ADI-45459,esmfold,SUCCESS,/workspace_developability_acquisition/esmfold_native/ADI-45459.pdb,571ab8b9cabb834b6e68c93e6434fbc88ae51452d70ea5c696dbe0df39231de4,228,5977,
ADI-45460,esmfold,SUCCESS,/workspace_developability_acquisition/esmfold_native/ADI-45460.pdb,baec0639c83b3716223a80088e34d2adc94945468cf1f1a7e688fac0d3960c0b,233,6197,
ADI-45461,esmfold,SUCCESS,/workspace_developability_acquisition/esmfold_native/ADI-45461.pdb,2b683c9b6a17939c16526c8191a1b43c615c58e7c096806596da2c00bfb94dc0,239,6142,
ADI-45463,esmfold,SUCCESS,/workspace_developability_acquisition/esmfold_native/ADI-45463.pdb,6fe0ccc97da6444300b8100a9808968214f1cdac65896db03cce86f009c5f894,231,6071,
ADI-45464,esmfold,SUCCESS,/workspace_developability_acquisition/esmfold_native/ADI-45464.pdb,f58eef118a969f65f90f1fe53c89cfd6e2d057ffc2630a52acd1af10d44fe246,227,5920,
ADI-45465,esmfold,SUCCESS,/workspace_developability_acquisition/esmfold_native/ADI-45465.pdb,74d2b5b6b0b3e8497b2fbf6d94e141609cf14775aaa66f01ae8363ebf68de1f1,230,5928,
ADI-45469,esmfold,SUCCESS,/workspace_developability_acquisition/esmfold_native/ADI-45469.pdb,50cac1bb1d2613c1ee7bedb2973892741c0ed6b84c5b7bcaae3e1c3a80753be9,235,6133,
ADI-45470,esmfold,SUCCESS,/workspace_developability_acquisition/esmfold_native/ADI-45470.pdb,7dd352545dd1b27dab4016f735a5ba1b155bceeb575ad8f70aa3f5a6a6deeac9,230,5979,
ADI-45472,esmfold,SUCCESS,/workspace_developability_acquisition/esmfold_native/ADI-45472.pdb,33d80d13b9758c86cbb8c8567408cffefc2770d926f83d0625a9400b75cf7fae,230,6033,
ADI-45476,esmfold,SUCCESS,/workspace_developability_acquisition/esmfold_native/ADI-45476.pdb,f59c6d00a219993aab925caf81796aa52716616b8adb8ce2042fc417ab9c025a,230,6045,
ADI-45477,esmfold,SUCCESS,/workspace_developability_acquisition/esmfold_native/ADI-45477.pdb,ddf25f498a1a8933417a326485e9e02e0f4fd4e881f5d03fe9750ea5239bb048,235,6205,
ADI-45479,esmfold,SUCCESS,/workspace_developability_acquisition/esmfold_native/ADI-45479.pdb,29466f0710a991b8b7391bfc814297d8c30974ef4d33e97008d2cb3336d2ebfe,231,6077,
ADI-45480,esmfold,SUCCESS,/workspace_developability_acquisition/esmfold_native/ADI-45480.pdb,3fe0a03c59089fce9e3e8623d73f9d3d7b0bbf4ebf36bd0d0e10ea8be8c4e926,229,5941,
ADI-45481,esmfold,SUCCESS,/workspace_developability_acquisition/esmfold_native/ADI-45481.pdb,721cbd84983c8318f9c4eb1fcbdcfbe7991665ce7ff660ba0ae6dc089e42d11f,226,5866,
ADI-45485,esmfold,SUCCESS,/workspace_developability_acquisition/esmfold_native/ADI-45485.pdb,aaa83744b2f996052bfc76bc801e3cccf45b7eab0c091f20b130bcda97fb0e75,224,5778,
ADI-45486,esmfold,SUCCESS,/workspace_developability_acquisition/esmfold_native/ADI-45486.pdb,f504175d24240c4c842115d99975febe2a8737ff74614a6443d90351dbacc00e,241,6188,
ADI-45488,esmfold,SUCCESS,/workspace_developability_acquisition/esmfold_native/ADI-45488.pdb,12644a4522ad79ec62cfdab190c884972c6c184c107a2708023e4e19a59d72ec,233,6129,
ADI-45489,esmfold,SUCCESS,/workspace_developability_acquisition/esmfold_native/ADI-45489.pdb,0bc6bdca70215a714cbaf60607157918d9d6b7cfc5d068cec9ab7d7b26a9e5df,237,6199,
ADI-45490,esmfold,SUCCESS,/workspace_developability_acquisition/esmfold_native/ADI-45490.pdb,69f4ece9f151c38f65a3380ea1980e451518164ab86273cf45ecbe3f604f44e1,233,6056,
ADI-45491,esmfold,SUCCESS,/workspace_developability_acquisition/esmfold_native/ADI-45491.pdb,6abd5bae47123cd1e17aa78ba815929ac0c0efa43c775eb42e85914d920f84a0,233,6027,
ADI-45493,esmfold,SUCCESS,/workspace_developability_acquisition/esmfold_native/ADI-45493.pdb,b2f0ebf81768b827c174b5232da8d22be219e195bd899d880d31d00d8876a473,238,6157,
ADI-45495,esmfold,SUCCESS,/workspace_developability_acquisition/esmfold_native/ADI-45495.pdb,bee48ce1b48371fd86bd756016ad46ddf21c5f887dcf7f23e7b276d0e6be63e3,228,5921,
ADI-45497,esmfold,SUCCESS,/workspace_developability_acquisition/esmfold_native/ADI-45497.pdb,8e5724a77cd8c6e0875081b84a0e08edbeb5dcf537e38e33403d7f0c95ff3a6c,235,6025,
ADI-45498,esmfold,SUCCESS,/workspace_developability_acquisition/esmfold_native/ADI-45498.pdb,ed8ee988e2103fb0dea25c1cb996382294cc30b815c00768db2e1e65cc5fb684,236,6103,
ADI-45499,esmfold,SUCCESS,/workspace_developability_acquisition/esmfold_native/ADI-45499.pdb,f7c052ac908233b2beec710938f63f1b26e77cc37242346436eaf4f0b793dbf3,239,6183,
ADI-46677,esmfold,SUCCESS,/workspace_developability_acquisition/esmfold_native/ADI-46677.pdb,0fced619329a8a0e25828fc823080090a13baa9eb005c8b43b7d3761b22e5916,225,5885,
ADI-46678,esmfold,SUCCESS,/workspace_developability_acquisition/esmfold_native/ADI-46678.pdb,1e64eabdf96a5e1d77b922efeab4648e69cdac03a90ffdf8502ddd41d499b35d,228,5969,
ADI-46682,esmfold,SUCCESS,/workspace_developability_acquisition/esmfold_native/ADI-46682.pdb,1b02f0224af9f4a5a1b12f012e6c40a649182ffd442af93581ff41f4d2e122eb,223,5747,
ADI-46684,esmfold,SUCCESS,/workspace_developability_acquisition/esmfold_native/ADI-46684.pdb,2713a90a3edf43d713cc7458ccde22f40bb10f370469e57edfc9c9ebcf3566b0,238,6156,
ADI-46685,esmfold,SUCCESS,/workspace_developability_acquisition/esmfold_native/ADI-46685.pdb,db3312e591b9ad859679b0aa38e0d515dae46e607f88726be0bc33c458debba3,231,5979,
ADI-46689,esmfold,SUCCESS,/workspace_developability_acquisition/esmfold_native/ADI-46689.pdb,55cbf58326d8daa2934fa1689203e85afbb8ed877aade8701c03dc1aca3e4ca1,223,5767,
ADI-46690,esmfold,SUCCESS,/workspace_developability_acquisition/esmfold_native/ADI-46690.pdb,0d2a78616aa5da273af5034f56a8f7a2129bb2583c77ed684a93bc432bdaaa7a,221,5696,
ADI-46691,esmfold,SUCCESS,/workspace_developability_acquisition/esmfold_native/ADI-46691.pdb,43f22f6d3ff77818c512839ab500592989c93407f0ac47605177c9569c7924b0,224,5780,
ADI-46692,esmfold,SUCCESS,/workspace_developability_acquisition/esmfold_native/ADI-46692.pdb,9d04b70851e5bf91af782db1f4f29b51a585af0d22a0740b12d299b8b4461445,227,5890,
ADI-46693,esmfold,SUCCESS,/workspace_developability_acquisition/esmfold_native/ADI-46693.pdb,67a5bd0f9d5dbdb51e9fc949358f8230aee7694196824d56a3472696e5ff0fa1,237,6091,
ADI-46695,esmfold,SUCCESS,/workspace_developability_acquisition/esmfold_native/ADI-46695.pdb,f6e05e74a049f46908598e9e05e606993b5312a763528c49f89d390ae7ad69cd,227,5953,
ADI-46696,esmfold,SUCCESS,/workspace_developability_acquisition/esmfold_native/ADI-46696.pdb,aab84c0af24979b6ccbf031ddee624fe7cf1ebd910cb3f5d6ef041640b7ab0f7,233,6076,
ADI-46697,esmfold,SUCCESS,/workspace_developability_acquisition/esmfold_native/ADI-46697.pdb,1e7b2c0e9f61513d2d5c65afa18754e93f107f3aa607b4945d430bb3277e497c,233,6024,
ADI-46701,esmfold,SUCCESS,/workspace_developability_acquisition/esmfold_native/ADI-46701.pdb,339adb9cb2fa5037a5f41f3bbb7894dcf1f87f759856cac02df4741f2e2182fb,226,5865,
ADI-46704,esmfold,SUCCESS,/workspace_developability_acquisition/esmfold_native/ADI-46704.pdb,c8a229718957d81b40f9b2fcf5279e652a49542df54456c21fae43d019c23d8c,237,6199,
ADI-46705,esmfold,SUCCESS,/workspace_developability_acquisition/esmfold_native/ADI-46705.pdb,2830a9900a4c189fbf488f9e41043d98828d0d6ffe72c2260f0c51dc0ab0fa95,231,6097,
ADI-46706,esmfold,SUCCESS,/workspace_developability_acquisition/esmfold_native/ADI-46706.pdb,0bdad158ec62d5fcb259d9b87469d79f0eb1cfb6d99e9481811116cd6f0392da,229,5973,
ADI-46707,esmfold,SUCCESS,/workspace_developability_acquisition/esmfold_native/ADI-46707.pdb,16e43702f6c230a08f0d2dde7b1484cfd55f3bee060bbfaa082f6894ff563870,235,6100,
ADI-46708,esmfold,SUCCESS,/workspace_developability_acquisition/esmfold_native/ADI-46708.pdb,46fdb35de018129e60448914112529b76806cf731a39ff878252f634e51fa8ba,229,5977,
ADI-46710,esmfold,SUCCESS,/workspace_developability_acquisition/esmfold_native/ADI-46710.pdb,e8b0aafa4f1e4aa0c74514758cafb7b28b5d8b166e34be3c6765defff80eda96,232,6045,
ADI-46713,esmfold,SUCCESS,/workspace_developability_acquisition/esmfold_native/ADI-46713.pdb,94333d6160dcafcf02953f86a6e7f31c93fbfab91500f09f138e429b3513fe77,227,5926,
ADI-47054,esmfold,SUCCESS,/workspace_developability_acquisition/esmfold_native/ADI-47054.pdb,115e5794429bd256a0b0cffd5b83e5bd88d5226710f77d4f97162951d6c45dd2,227,5820,
ADI-47055,esmfold,SUCCESS,/workspace_developability_acquisition/esmfold_native/ADI-47055.pdb,66236b68d79ae288508becf29fd8b428224fb7e33d542be227e0d540f1b9b9e7,228,5965,
ADI-47056,esmfold,SUCCESS,/workspace_developability_acquisition/esmfold_native/ADI-47056.pdb,b9da756bb26e780332d73f655ee2bcc59c1e48b4adb7da3099f1bb5fd20fc002,231,5992,
ADI-47057,esmfold,SUCCESS,/workspace_developability_acquisition/esmfold_native/ADI-47057.pdb,da2647555ed34d8111adf5b94c676d6e318e1402b753b7b857045d7d2cdfff53,233,6074,
ADI-47058,esmfold,SUCCESS,/workspace_developability_acquisition/esmfold_native/ADI-47058.pdb,e81b44dd2de4abc966db2bd7aab4d2d665b12b847a01d0e7782c6b92e2037f1d,227,5850,
ADI-47059,esmfold,SUCCESS,/workspace_developability_acquisition/esmfold_native/ADI-47059.pdb,d10e0c552aa868464db767d4d91b0e09fd10549d43ccb3a68a5f1a4f600d9cd3,228,5950,
ADI-47060,esmfold,SUCCESS,/workspace_developability_acquisition/esmfold_native/ADI-47060.pdb,9655012ae46cc8664bfdb5a168d86f22c109b0c3ef41204d4e5e55a7123daa7e,226,5899,
ADI-47061,esmfold,SUCCESS,/workspace_developability_acquisition/esmfold_native/ADI-47061.pdb,53281d3954998838d0dc8227668afca2235814d05f4ded77464235f12fff157b,230,5999,
ADI-47062,esmfold,SUCCESS,/workspace_developability_acquisition/esmfold_native/ADI-47062.pdb,4ab20e99c04c6468aa5b5cdb09c5d688124ec0a3b9c86b3ae309972c8f5cda9f,227,5953,
ADI-47063,esmfold,SUCCESS,/workspace_developability_acquisition/esmfold_native/ADI-47063.pdb,8972e4b1b89608b69fe8421ad11f3ddbd1af8ca7634ed9479759aee898ea494d,230,5910,
ADI-47064,esmfold,SUCCESS,/workspace_developability_acquisition/esmfold_native/ADI-47064.pdb,663cb46a11c41b38c11cd63a5cbf0f6aa77dd6008c45cb889532312da717fb51,231,5841,
ADI-47065,esmfold,SUCCESS,/workspace_developability_acquisition/esmfold_native/ADI-47065.pdb,6fc4e16185f499bf1a0e454a588bc8d919c2de4b58d20ff83086122b480fdb83,234,6086,
ADI-47066,esmfold,SUCCESS,/workspace_developability_acquisition/esmfold_native/ADI-47066.pdb,6be06fc908889f0962b087be01f4529805a9aec6bdb3d224c138428c51fc17e8,235,6108,
ADI-47067,esmfold,SUCCESS,/workspace_developability_acquisition/esmfold_native/ADI-47067.pdb,7c5e87c11139ef1a2d474466778857ab9d393dffdbb29f9a75807c1748f4460c,235,6091,
ADI-47068,esmfold,SUCCESS,/workspace_developability_acquisition/esmfold_native/ADI-47068.pdb,e1bcad36fc61788c190550bd94ef7657fc74b30236189ed42bfdd44774219b01,233,6053,
ADI-47069,esmfold,SUCCESS,/workspace_developability_acquisition/esmfold_native/ADI-47069.pdb,42d4b327734883d02920a5b26c305fb6230f40d9852802c89e2cc9ece7eee3c6,231,5953,
ADI-47070,esmfold,SUCCESS,/workspace_developability_acquisition/esmfold_native/ADI-47070.pdb,bb1ad1c34fd47dc670624f4613df2a3a731cd74587e58f00f86520c38b28d855,237,6164,
ADI-47071,esmfold,SUCCESS,/workspace_developability_acquisition/esmfold_native/ADI-47071.pdb,4ff6cd47a36ce0b4db1b05c20e155aea3e83eff38eaec0e0ab0459f351986ea0,229,5975,
ADI-47072,esmfold,SUCCESS,/workspace_developability_acquisition/esmfold_native/ADI-47072.pdb,317c778b15d81e7fc95811747c67540945baf972fedcf027afb4f4547b4ccffa,233,6062,
ADI-47073,esmfold,SUCCESS,/workspace_developability_acquisition/esmfold_native/ADI-47073.pdb,fe4d19998bea2351e15699ca364ff6816b5c9c27d60eb2e35e452b38fff0fe9d,230,5908,
ADI-47074,esmfold,SUCCESS,/workspace_developability_acquisition/esmfold_native/ADI-47074.pdb,5d28cd6ab53f0593e7da4f17ba1c6d781577fe38f2af54aca56369da7d3ab9fc,235,6089,
ADI-47075,esmfold,SUCCESS,/workspace_developability_acquisition/esmfold_native/ADI-47075.pdb,99ad64589f3963ab9fe4ce619ccbdf08bbc77d418347a6121f6c73874d8443b4,235,6106,
ADI-47076,esmfold,SUCCESS,/workspace_developability_acquisition/esmfold_native/ADI-47076.pdb,b46ebd164bacc1d5603e6a27dc0237f5c0ce10c9e6251367c98a9e2c7def3845,234,5950,
ADI-47077,esmfold,SUCCESS,/workspace_developability_acquisition/esmfold_native/ADI-47077.pdb,a55cf920df1d216ee89e8b32499e7ca7a1d0e919a64c794cb6db75a36b0a6922,232,6063,
ADI-47078,esmfold,SUCCESS,/workspace_developability_acquisition/esmfold_native/ADI-47078.pdb,6e747ae36fafcc97d6f2e86d70e22ae16847636d181e6812036e27041849a712,222,5772,
ADI-47079,esmfold,SUCCESS,/workspace_developability_acquisition/esmfold_native/ADI-47079.pdb,2b1e0657972aa6a100f19e905148ad9a06258d8df3f1e6cf0595e65ed5e12106,234,6154,
ADI-47081,esmfold,SUCCESS,/workspace_developability_acquisition/esmfold_native/ADI-47081.pdb,d12986aa12d5377afcc274c93c8bf325ba235ca32677c46db64bf0e6fd044310,226,5864,
ADI-47082,esmfold,SUCCESS,/workspace_developability_acquisition/esmfold_native/ADI-47082.pdb,67042758562ce604568b1ea2f61fd0074415e003100843ea85d29f4b010ac149,233,5947,
ADI-47083,esmfold,SUCCESS,/workspace_developability_acquisition/esmfold_native/ADI-47083.pdb,cc997a763693c7a92c76fbd28be2da9d9fdf6c15f270b7757d386d6601c64a4a,233,6139,
ADI-47084,esmfold,SUCCESS,/workspace_developability_acquisition/esmfold_native/ADI-47084.pdb,536a8a7b26f36bece6b4132ff51486151cb3c81509cbea993646b33e13d5f24d,228,5846,
ADI-47085,esmfold,SUCCESS,/workspace_developability_acquisition/esmfold_native/ADI-47085.pdb,35506c8c6e183ee436bc273763cb7f7d373afe5e314868a0b8f68aad2cd199b5,228,5900,
ADI-47087,esmfold,SUCCESS,/workspace_developability_acquisition/esmfold_native/ADI-47087.pdb,48a5fb86a76494599da77ebbec91c2743689722d4b8e31cdb0698deeb3bf2a9d,225,5831,
ADI-47089,esmfold,SUCCESS,/workspace_developability_acquisition/esmfold_native/ADI-47089.pdb,bcdbb16e48e2124fd339eea39e8407399976e7ae58f2e4ac4c124c2849aef857,236,6186,
ADI-47090,esmfold,SUCCESS,/workspace_developability_acquisition/esmfold_native/ADI-47090.pdb,0e829af2f78ed3595f9bdfd8277b65228e1d8deb23538056e4d20d41ca23a3bc,235,6231,
ADI-47091,esmfold,SUCCESS,/workspace_developability_acquisition/esmfold_native/ADI-47091.pdb,7126c1eedd967c731611deb250e112b302917fcc78ed7161a3a7ba717ed5af72,238,6182,
ADI-47092,esmfold,SUCCESS,/workspace_developability_acquisition/esmfold_native/ADI-47092.pdb,5a04ff5bda60624b059f641b1a24b8ac36dce4edace9f602c3e6ec0e19fd2227,233,6041,
ADI-47093,esmfold,SUCCESS,/workspace_developability_acquisition/esmfold_native/ADI-47093.pdb,f974c420b68dea5f63f90a83adeab2b2f504eec0da1314b39d82fef02428896f,225,5825,
ADI-47094,esmfold,SUCCESS,/workspace_developability_acquisition/esmfold_native/ADI-47094.pdb,f27cd4135bd7bbf92774e580db6c2a70693b9755ecf21a50ee5c9965d417c2d7,230,6006,
ADI-47095,esmfold,SUCCESS,/workspace_developability_acquisition/esmfold_native/ADI-47095.pdb,fad26ec1eaf1374882e85da0dadfab61b9c3cf1082ee1b956cfb3e276d04e179,231,5934,
ADI-47096,esmfold,SUCCESS,/workspace_developability_acquisition/esmfold_native/ADI-47096.pdb,bcdf338e84b097a6a5e0bfb034f964b2c7c6af7f71624abdb9771d2d3fe83166,238,6213,
ADI-47097,esmfold,SUCCESS,/workspace_developability_acquisition/esmfold_native/ADI-47097.pdb,a9bd93496f82f8a18ff3469f8b9d1adcecb554bedf26f9b1ba9b60faa4e5887f,231,6011,
ADI-47098,esmfold,SUCCESS,/workspace_developability_acquisition/esmfold_native/ADI-47098.pdb,102a6111aec9956733b1fc6f440cfc15cb84e23a2ccde222f6f08e8672ebbca2,230,6013,
ADI-47099,esmfold,SUCCESS,/workspace_developability_acquisition/esmfold_native/ADI-47099.pdb,5d14cbfbd454931805dd1f86b241c804cc482d0acd841f2e4d163e5d3e92d948,229,5900,
ADI-47100,esmfold,SUCCESS,/workspace_developability_acquisition/esmfold_native/ADI-47100.pdb,486427ee325b384cba9677acc020bf8bd83a1fe2228255f6ccc5d2bd152f65be,235,6105,
ADI-47102,esmfold,SUCCESS,/workspace_developability_acquisition/esmfold_native/ADI-47102.pdb,0a9eac12e23933bb4ee2cd81a17d46b4b4c77bbfe7e8fb749d49bdb3e07cd4a7,227,5918,
ADI-47103,esmfold,SUCCESS,/workspace_developability_acquisition/esmfold_native/ADI-47103.pdb,9f3b7b621c0c3fcc66d904351633fea86c5f1757467b7bba7d52597f270f57ec,232,5932,
ADI-47104,esmfold,SUCCESS,/workspace_developability_acquisition/esmfold_native/ADI-47104.pdb,0007afce020531a3d4dd66ed44f2b80bb0ac2a1968b60192a5f9706f0fd0e26b,231,6034,
ADI-47105,esmfold,SUCCESS,/workspace_developability_acquisition/esmfold_native/ADI-47105.pdb,e9af90705f20846a4e4aba106342f89dd9696f3210cb78bd7625ed4b63a77db8,225,5835,
ADI-47106,esmfold,SUCCESS,/workspace_developability_acquisition/esmfold_native/ADI-47106.pdb,9cf6309c04ad0fc2b414af2163fb7429ebfd46a000db1b34d567a1511e1faca8,236,6149,
ADI-47107,esmfold,SUCCESS,/workspace_developability_acquisition/esmfold_native/ADI-47107.pdb,af0f19d7def4d6d6d2113580b47c6791debdb6923ddaa5586f1cd72b5099aa78,227,5820,
ADI-47109,esmfold,SUCCESS,/workspace_developability_acquisition/esmfold_native/ADI-47109.pdb,e98a4a763e0c9baf0d537863489c4748f733659a243bec5d3274fd15e9055fea,223,5703,
ADI-47111,esmfold,SUCCESS,/workspace_developability_acquisition/esmfold_native/ADI-47111.pdb,46279c82256fac901cc4739d5f5f45a44d45cc738957950bddc92659c3350df7,232,6015,
ADI-47112,esmfold,SUCCESS,/workspace_developability_acquisition/esmfold_native/ADI-47112.pdb,88752d6009a345a9f536c72894bffa8bd5b34bcf09873e4bfa0d4537227530e2,229,5966,
ADI-47113,esmfold,SUCCESS,/workspace_developability_acquisition/esmfold_native/ADI-47113.pdb,4d6fd2b05d79f37ccd1047aeb46b03f0afa59e6fe191a4c28f319152182de4bf,227,5975,
ADI-47114,esmfold,SUCCESS,/workspace_developability_acquisition/esmfold_native/ADI-47114.pdb,24ad4b66363a60e96880f62f8a8d325676339b324fbffd470f0004025a7de9c7,231,6006,
ADI-47116,esmfold,SUCCESS,/workspace_developability_acquisition/esmfold_native/ADI-47116.pdb,80f368733d37b11fb13021d8a5080f0ca395897311ed5dc98f32ed92f5ae1026,233,6066,
ADI-47117,esmfold,SUCCESS,/workspace_developability_acquisition/esmfold_native/ADI-47117.pdb,4fc68fb00ae513c05f0f5efe174f641a9128b2dd9fe38045e4a30c332ab38198,240,6137,
ADI-47118,esmfold,SUCCESS,/workspace_developability_acquisition/esmfold_native/ADI-47118.pdb,51c2877ab346dc389028e57fc792b156f19fcbbd536e03e0a9325d3a82df96ef,232,5952,
ADI-47119,esmfold,SUCCESS,/workspace_developability_acquisition/esmfold_native/ADI-47119.pdb,3ebbebc97e5757ae65df28f69e942c3afd25c3e3024a3798ec7468536511101c,235,6086,
ADI-47120,esmfold,SUCCESS,/workspace_developability_acquisition/esmfold_native/ADI-47120.pdb,957e565ab3b43b7587c87d3a54a0d1a477981971f91cb6b7d85decd08f012ae5,234,6099,
ADI-47121,esmfold,SUCCESS,/workspace_developability_acquisition/esmfold_native/ADI-47121.pdb,3210661178de2b7c5f8858a01050d737211c2522e99d8d3c968e67fbc83d902b,230,6023,
ADI-47122,esmfold,SUCCESS,/workspace_developability_acquisition/esmfold_native/ADI-47122.pdb,9d00567052333419589b0ed6b23a1e4387afc956d1b6acdd7a727c0cac5d0065,235,6129,
ADI-47123,esmfold,SUCCESS,/workspace_developability_acquisition/esmfold_native/ADI-47123.pdb,665373b08d33341fbd58f4c79d3ad8cc45166b0a3dfb53fbeb9064200af74168,229,5894,
ADI-47124,esmfold,SUCCESS,/workspace_developability_acquisition/esmfold_native/ADI-47124.pdb,d6fa5de95402dbc173a0e630d40a2edf239cbd37acc4d49789e7d0b9cf58bb69,234,6138,
ADI-47125,esmfold,SUCCESS,/workspace_developability_acquisition/esmfold_native/ADI-47125.pdb,0c03a25c74ffa5c8c4e456c2f9361db2a7ee53ad3aa39954255f95460c3fe644,234,6147,
ADI-47126,esmfold,SUCCESS,/workspace_developability_acquisition/esmfold_native/ADI-47126.pdb,0da0c97cd34b9b6b16f96d43ed7f2035d423ebb29446375ce5b34e0a6af4f3a2,231,6043,
ADI-47127,esmfold,SUCCESS,/workspace_developability_acquisition/esmfold_native/ADI-47127.pdb,236a493bd96b7d11d1fbbf1ddc917f177b9bdb6aca6b88c31e2ccdc363dbcb8f,242,6310,
ADI-47129,esmfold,SUCCESS,/workspace_developability_acquisition/esmfold_native/ADI-47129.pdb,43ce2d042c81dc533364580ea419db1b15f6b82c59b8adf0a135164c8cf5a6ea,234,6066,
ADI-47130,esmfold,SUCCESS,/workspace_developability_acquisition/esmfold_native/ADI-47130.pdb,3797faf205e97df57119683023ed1d514f15bb8868b82e021ec45946f32e65fa,235,6054,
ADI-47131,esmfold,SUCCESS,/workspace_developability_acquisition/esmfold_native/ADI-47131.pdb,0a4e20bcdad632b1756816dea1207f884d3d5d9eee7c07baab90d234bf30f034,235,6038,
ADI-47132,esmfold,SUCCESS,/workspace_developability_acquisition/esmfold_native/ADI-47132.pdb,6eeac8b58a7ba986dfe3de67db4a7b314cddb8afd7b8e9fc5db624a1da88b935,224,5746,
ADI-47133,esmfold,SUCCESS,/workspace_developability_acquisition/esmfold_native/ADI-47133.pdb,e3c062096d85e1065d132c9c42d4a3783ed83234a73c468ceefbc76d655bf07c,229,5962,
ADI-47134,esmfold,SUCCESS,/workspace_developability_acquisition/esmfold_native/ADI-47134.pdb,a2e202567c9647c0fad4e3aa11336d7f6f51263834ca9927b06179593e53a032,237,6137,
ADI-47135,esmfold,SUCCESS,/workspace_developability_acquisition/esmfold_native/ADI-47135.pdb,f2591e55d05f74e8c7a7c838ae6e74214280bae8e43c2e168352a294c84fc542,241,6170,
ADI-47137,esmfold,SUCCESS,/workspace_developability_acquisition/esmfold_native/ADI-47137.pdb,58379f3de13cdc1fbaf484d6dd3e9fd66c53fcb4cd33d6cf49d6aeede40b4593,224,5765,
ADI-47139,esmfold,SUCCESS,/workspace_developability_acquisition/esmfold_native/ADI-47139.pdb,206ff2527c5a4b7af690078b31af5d1364537727d73dd5016a77fdae8e4bd818,234,6044,
ADI-47140,esmfold,SUCCESS,/workspace_developability_acquisition/esmfold_native/ADI-47140.pdb,638e0bcfa0a52ea5a92150914266f29074fa297987220b6b260123b510657f72,238,6197,
ADI-47141,esmfold,SUCCESS,/workspace_developability_acquisition/esmfold_native/ADI-47141.pdb,0ad7727d0d2faad2d1da2f3044b9152e66791940ce982d983cdcc0fe903ca447,233,6042,
ADI-47143,esmfold,SUCCESS,/workspace_developability_acquisition/esmfold_native/ADI-47143.pdb,9d5da35f3ed45404be76185014ac5cb94a4323e5ffe49c765052d07725db006d,238,6079,
ADI-47145,esmfold,SUCCESS,/workspace_developability_acquisition/esmfold_native/ADI-47145.pdb,130ca9f10cca792fb2e00a88de869a101d9d90f42775ea899f99746ada684406,235,6035,
ADI-47146,esmfold,SUCCESS,/workspace_developability_acquisition/esmfold_native/ADI-47146.pdb,313e00fa567e71bf2f105b223425e37dd69c9e79047a30f1e3a737890f8ec59f,229,5885,
ADI-47147,esmfold,SUCCESS,/workspace_developability_acquisition/esmfold_native/ADI-47147.pdb,74254bacd9c7fab0ec84c4f4d9359aa70bf6ec063a80fac18f53b7b693e34f6b,237,6078,
ADI-47148,esmfold,SUCCESS,/workspace_developability_acquisition/esmfold_native/ADI-47148.pdb,600e75317b4aade31590d2e1a2bb1b1b7b8aa1e161d9caaee8022474712bce2f,231,5959,
ADI-47149,esmfold,SUCCESS,/workspace_developability_acquisition/esmfold_native/ADI-47149.pdb,5d56f003b02eaaa8340a278562f766f4760b5353b07c7651e7a837906648c37f,236,6127,
ADI-47151,esmfold,SUCCESS,/workspace_developability_acquisition/esmfold_native/ADI-47151.pdb,95aadb41f4a4bd4af04a4947de821ac962df1e4a73ffb076e00e51c35ecefd6b,232,5895,
ADI-47152,esmfold,SUCCESS,/workspace_developability_acquisition/esmfold_native/ADI-47152.pdb,ef984233d35c98a8fefe4e46b82205567bf52458c2695e75914e507a13750ccc,232,5994,
ADI-47153,esmfold,SUCCESS,/workspace_developability_acquisition/esmfold_native/ADI-47153.pdb,bae1f4854d50dc9925e2f385026bc62206c50bb9650000a993ffb2bc8d690700,233,6054,
ADI-47154,esmfold,SUCCESS,/workspace_developability_acquisition/esmfold_native/ADI-47154.pdb,d1d16ad471bf157aa198a27a4574a3200c943048d6d6595f9bdf6258ae0b43dc,231,6001,
ADI-47155,esmfold,SUCCESS,/workspace_developability_acquisition/esmfold_native/ADI-47155.pdb,4c7427cb83af677b52730b76ffa0e1b5d40cfbbb538e8f2fecb1949b8e99b467,227,5934,
ADI-47156,esmfold,SUCCESS,/workspace_developability_acquisition/esmfold_native/ADI-47156.pdb,2b43006f18e6bfb09e71946ab8ccdf9169bb8bb6bd4a0402528cc2f82fc831e1,238,6168,
ADI-47158,esmfold,SUCCESS,/workspace_developability_acquisition/esmfold_native/ADI-47158.pdb,2e9e6b8048662b069625de1e94070ea275b21eda64560091e0bbc5934d593d68,235,6018,
ADI-47159,esmfold,SUCCESS,/workspace_developability_acquisition/esmfold_native/ADI-47159.pdb,6646c3773979abeaadc6b6777b1021b126f27ff534d40accb5a5c869a4ae59f2,237,6077,
ADI-47160,esmfold,SUCCESS,/workspace_developability_acquisition/esmfold_native/ADI-47160.pdb,ca32b09f832e1b4f347452454f393f22e5ddaca3e37799fcedf820b10602429b,230,5889,
ADI-47161,esmfold,SUCCESS,/workspace_developability_acquisition/esmfold_native/ADI-47161.pdb,3e3580f724be877521c3d6d606f5a8d8edc51a7e045bfbd0f935f87010300c5f,237,6185,
ADI-47162,esmfold,SUCCESS,/workspace_developability_acquisition/esmfold_native/ADI-47162.pdb,f50599845fb8cda609054732550bc2671c8cd858a7e19dc39a6a7c28920672cb,241,6336,
ADI-47163,esmfold,SUCCESS,/workspace_developability_acquisition/esmfold_native/ADI-47163.pdb,4aede2c70c5c6e0be207d6803bd386b7764796c95440986bbd69313171fc93ce,224,5849,
ADI-47165,esmfold,SUCCESS,/workspace_developability_acquisition/esmfold_native/ADI-47165.pdb,63bb2d4d1c0900965f9413cf53062e3add1f6581a752c53ad7446e4ea58a061e,229,5893,
ADI-47166,esmfold,SUCCESS,/workspace_developability_acquisition/esmfold_native/ADI-47166.pdb,3efcbdf2693e84fcdf6605a3d80be286f48614b95bfd99c6a185f167f78257b0,238,6166,
ADI-47173,esmfold,SUCCESS,/workspace_developability_acquisition/esmfold_native/ADI-47173.pdb,66182ec7697e9d0bb89598f8e7ef8044d08d92ae6b16930550610337b508e526,234,6109,
ADI-47174,esmfold,SUCCESS,/workspace_developability_acquisition/esmfold_native/ADI-47174.pdb,2a7998de8880a4030d82cd90e5f20e982623f296976a96d519e076dd1c872aca,232,6057,
ADI-47175,esmfold,SUCCESS,/workspace_developability_acquisition/esmfold_native/ADI-47175.pdb,6e55eb0d700d840eabea5b108bc6238a0ed0cfd9436cdccbcb06bd825dbc80de,233,6128,
ADI-47176,esmfold,SUCCESS,/workspace_developability_acquisition/esmfold_native/ADI-47176.pdb,c0d87797b3094ce3e061d72e4d98fb1d19e26f33bfe2d2b7152aaaa0df3d7bbf,229,6032,
ADI-47177,esmfold,SUCCESS,/workspace_developability_acquisition/esmfold_native/ADI-47177.pdb,170337bcb37018f26194f0f2c08888e7ceeba090a44111dc88ff334a4fe17c5e,229,5954,
ADI-47178,esmfold,SUCCESS,/workspace_developability_acquisition/esmfold_native/ADI-47178.pdb,96f3edb9660deecc4c7aa0e7ff0ba0fc74e158b913c3be8446ae48d2756c641b,229,5935,
ADI-47179,esmfold,SUCCESS,/workspace_developability_acquisition/esmfold_native/ADI-47179.pdb,c09c76b9f13330d5cd4075d202a686755630d135a86b3ebff858fb61f64d40e7,228,5943,
ADI-47180,esmfold,SUCCESS,/workspace_developability_acquisition/esmfold_native/ADI-47180.pdb,f8628ebb4f66636308220485e8fbff9da8e951076bf5305c8d58d90bbc87cbeb,225,5830,
ADI-47181,esmfold,SUCCESS,/workspace_developability_acquisition/esmfold_native/ADI-47181.pdb,fe1e07401d334433d9bf50f9c8f10af32339fa832ee67498416df3db3bbe0c93,229,5953,
ADI-47182,esmfold,SUCCESS,/workspace_developability_acquisition/esmfold_native/ADI-47182.pdb,7852fae11a81177cf07e3be6cf2b98cf0470315e284f8025e0fe783bd7aef462,233,6139,
ADI-47183,esmfold,SUCCESS,/workspace_developability_acquisition/esmfold_native/ADI-47183.pdb,92783e65673e5c52d403c0f7ea41e66ca00dd23e4273fd394a2716d2b28ed763,225,5849,
ADI-47184,esmfold,SUCCESS,/workspace_developability_acquisition/esmfold_native/ADI-47184.pdb,b61999e7e17e77685f2ffd27714d377bd3ee15be8c746cb9e28ff31a5f67eb45,231,5941,
ADI-47186,esmfold,SUCCESS,/workspace_developability_acquisition/esmfold_native/ADI-47186.pdb,895a9c185f71042e9761f92212e33cc11fbb1dba7b1bcb86fb6b4be82b0edf69,233,6131,
ADI-47187,esmfold,SUCCESS,/workspace_developability_acquisition/esmfold_native/ADI-47187.pdb,7574c859cea69c6c598663c71195ba13cc93ce8780638e90c3d6e314b3961f9f,238,6135,
ADI-47188,esmfold,SUCCESS,/workspace_developability_acquisition/esmfold_native/ADI-47188.pdb,30dece7c6f87fe967ede434d128f041da177e6a1d7455d9b6e1a195b6b75e9fa,241,6209,
ADI-47189,esmfold,SUCCESS,/workspace_developability_acquisition/esmfold_native/ADI-47189.pdb,8e1cd09c1daab5518ada6e5b37160020211dd5375f453ea3b026fb536a0c2c6e,239,6258,
ADI-47190,esmfold,SUCCESS,/workspace_developability_acquisition/esmfold_native/ADI-47190.pdb,ea20fb9697b7b7564ad5198c731bf0739b3d53ae9d8ec21a8b74a46aac5488e4,230,5857,
ADI-47191,esmfold,SUCCESS,/workspace_developability_acquisition/esmfold_native/ADI-47191.pdb,28eb42e6b88ebac24dd94e39994002c52bd567079e2653c641b03e0aecd4935d,235,6141,
ADI-47192,esmfold,SUCCESS,/workspace_developability_acquisition/esmfold_native/ADI-47192.pdb,da478dcbd0cd1d4ade5f7f6e0bff35eed7b6e87b89eb27852fb7fe9df8dcedd6,240,6189,
ADI-47193,esmfold,SUCCESS,/workspace_developability_acquisition/esmfold_native/ADI-47193.pdb,22918cbeef950b0041278f1a9dc3b8b4374a85da3e19cb11680ac3863dabf506,226,5819,
ADI-47194,esmfold,SUCCESS,/workspace_developability_acquisition/esmfold_native/ADI-47194.pdb,97081758bf8df82cb70846c1593dce8c69dfa2124830ffcd801a9cd1af40b4b8,226,5859,
ADI-47195,esmfold,SUCCESS,/workspace_developability_acquisition/esmfold_native/ADI-47195.pdb,cbbe34ec2f3f2bfe1db7dda12bfd528666de3557025f1fe9e4a77420b0f173f1,230,6002,
ADI-47196,esmfold,SUCCESS,/workspace_developability_acquisition/esmfold_native/ADI-47196.pdb,59856b12d9f5d16d014844872ae8df0f51f0165c273117a1e80c4b5756ad7473,236,6108,
ADI-47197,esmfold,SUCCESS,/workspace_developability_acquisition/esmfold_native/ADI-47197.pdb,af49edcf1209ff0bdb1fa41c962beb2c1cebf3849dd6ccb98a5a2e16dc534aa2,233,5937,
ADI-47198,esmfold,SUCCESS,/workspace_developability_acquisition/esmfold_native/ADI-47198.pdb,5cd9b45ef7f678bd2d15de53467c9b202ea8d5ed7ae227a3cbc3fb674e40c108,230,5998,
ADI-47199,esmfold,SUCCESS,/workspace_developability_acquisition/esmfold_native/ADI-47199.pdb,f2b5ea7a7b09179d78cdd1b4612e8f6fe43b1e9c3846cd681416feb988442704,229,5928,
ADI-47200,esmfold,SUCCESS,/workspace_developability_acquisition/esmfold_native/ADI-47200.pdb,73c7ddb6e8c30a47a6deacd94f64681b2edeb1dc215e725638f25ba3cb55306e,229,5920,
ADI-47201,esmfold,SUCCESS,/workspace_developability_acquisition/esmfold_native/ADI-47201.pdb,3b918b162b68a0ff8472bebf4f289ded2791caeb54c72c85825e1bb58972906a,228,5962,
ADI-47202,esmfold,SUCCESS,/workspace_developability_acquisition/esmfold_native/ADI-47202.pdb,aa294c4c92959d980c3ccf90351f9b6eec36f4f05650fce923d55cbc70efb337,234,6220,
ADI-47203,esmfold,SUCCESS,/workspace_developability_acquisition/esmfold_native/ADI-47203.pdb,8d6bd9b129958aed4a728b482f637f4bc2f61b0ed4749c25a623f256d14d9bab,229,5944,
ADI-47204,esmfold,SUCCESS,/workspace_developability_acquisition/esmfold_native/ADI-47204.pdb,c1cc67b683bc22103e7b357c537e36a1eea39f051a09f4bae2da6f7e3f228542,233,6057,
ADI-47205,esmfold,SUCCESS,/workspace_developability_acquisition/esmfold_native/ADI-47205.pdb,53be7090c3960e0002112bbad12fe147a1cb0ab16cdd7f72d88c9088e4d75ac2,233,6079,
ADI-47206,esmfold,SUCCESS,/workspace_developability_acquisition/esmfold_native/ADI-47206.pdb,821b082a388adb280d6e26ce7b0ac8d20a26b4a903ff45b4d620dd4dc715ca2a,227,5975,
ADI-47207,esmfold,SUCCESS,/workspace_developability_acquisition/esmfold_native/ADI-47207.pdb,5bce4fe96b2dff733aaee48c79ab7845d5319b570c41aa54fa9da40bb4c8bc12,236,6099,
ADI-47208,esmfold,SUCCESS,/workspace_developability_acquisition/esmfold_native/ADI-47208.pdb,88c498c31ee3f439502228447270dc4c67044a1bc9e6f85f0d18bdb63f812e0e,224,5809,
ADI-47209,esmfold,SUCCESS,/workspace_developability_acquisition/esmfold_native/ADI-47209.pdb,eb112f25f3a6f1df756ca65d34ebaad6abb80fe6a711fb151a6a4b5b6dbfd61b,235,6056,
ADI-47212,esmfold,SUCCESS,/workspace_developability_acquisition/esmfold_native/ADI-47212.pdb,8625d2901ce6520fc6b796ccf288e711813586eaf9e04062f1f65158c383dd4a,230,5978,
ADI-47213,esmfold,SUCCESS,/workspace_developability_acquisition/esmfold_native/ADI-47213.pdb,4174c3be90a5848ec808287eb7cf4d52214583a7b54269ba12702a161bbb82eb,230,5963,
ADI-47214,esmfold,SUCCESS,/workspace_developability_acquisition/esmfold_native/ADI-47214.pdb,c810cd3cf86aa0bdb803ac96ae3f2d6f61d9077ecfb9dd655922423888a07f5a,229,5993,
ADI-47215,esmfold,SUCCESS,/workspace_developability_acquisition/esmfold_native/ADI-47215.pdb,158042c4c81a7454bfd06ccf47b8901973609025b1238c857ac1c247d76805bb,229,5927,
ADI-47216,esmfold,SUCCESS,/workspace_developability_acquisition/esmfold_native/ADI-47216.pdb,572d49f9ba8e798ae020e4dc628a32dfa5dbbcd95474ec338c63b793dc947738,231,6000,
ADI-47217,esmfold,SUCCESS,/workspace_developability_acquisition/esmfold_native/ADI-47217.pdb,d106953c31976fd48ef75abbd644c09c3c65c244cf3d004c7cd5818e5c12a780,231,5979,
ADI-47218,esmfold,SUCCESS,/workspace_developability_acquisition/esmfold_native/ADI-47218.pdb,481e0bc22dbb67dcdc3f11f8c32991a4c1466b8a8d657ab07fe985b99dd8220f,230,6000,
ADI-47219,esmfold,SUCCESS,/workspace_developability_acquisition/esmfold_native/ADI-47219.pdb,c10079784b061606f49e6cebe03003d73226feaf3ff79adc6bbabcdeb75e19a5,234,6023,
ADI-47220,esmfold,SUCCESS,/workspace_developability_acquisition/esmfold_native/ADI-47220.pdb,af4cf8168a2ac5902e8837f5b9950c0cfbe4b0ec6b227dadfd50d44f50024ef6,228,5940,
ADI-47221,esmfold,SUCCESS,/workspace_developability_acquisition/esmfold_native/ADI-47221.pdb,c6b9dd62d43bf580df8a320fb41e26ef969a1a431a0a5db9e2f86e75cd4f9bb4,247,6249,
ADI-47222,esmfold,SUCCESS,/workspace_developability_acquisition/esmfold_native/ADI-47222.pdb,a75c51f93a1568c2fe4ddd9ba985ac74c586e223f21e63ce17beaaaa73350a92,233,5977,
ADI-47223,esmfold,SUCCESS,/workspace_developability_acquisition/esmfold_native/ADI-47223.pdb,723a15a6e064011cab72d4b97e5ee17b8a01cc4511acd527084d1390e5426be0,231,5891,
ADI-47224,esmfold,SUCCESS,/workspace_developability_acquisition/esmfold_native/ADI-47224.pdb,8429516e8f50152c5abefb607502aa300d8f5ba9d9c16273f3a055cbf5ad0bae,234,6137,
ADI-47225,esmfold,SUCCESS,/workspace_developability_acquisition/esmfold_native/ADI-47225.pdb,573fa1df510c61d9b1cac24ebd0c116d3036128d874fc8712907248c18a7d8f8,230,5975,
ADI-47226,esmfold,SUCCESS,/workspace_developability_acquisition/esmfold_native/ADI-47226.pdb,4fce06670b6bf803a097adc1198b6dd9dada41eea070cde61be2210ad7bad538,229,5929,
ADI-47227,esmfold,SUCCESS,/workspace_developability_acquisition/esmfold_native/ADI-47227.pdb,b93c8b37a69e911fa1ecad0a7a1d5580dfdf91aa8a87f07d0e9ea277cf95808f,238,6117,
ADI-47228,esmfold,SUCCESS,/workspace_developability_acquisition/esmfold_native/ADI-47228.pdb,cda0a94ab435abd10ed07739c42753cfed40e18e8aac273287843ba4ebad48d8,236,6117,
ADI-47229,esmfold,SUCCESS,/workspace_developability_acquisition/esmfold_native/ADI-47229.pdb,251c018f64c2fff1e1b6e772e0754b8937538336553d5d5e94d065cc2c40e78a,235,6136,
ADI-47230,esmfold,SUCCESS,/workspace_developability_acquisition/esmfold_native/ADI-47230.pdb,33f687e482228779c9b334cbbb774ddd06b4465a3667dc46e1fb77edc77c9ca6,224,5800,
ADI-47231,esmfold,SUCCESS,/workspace_developability_acquisition/esmfold_native/ADI-47231.pdb,b11f79325ac45ec1aa917a8bf18a77259478cc26b81080fe7a2b30a45df6b724,232,6038,
ADI-47232,esmfold,SUCCESS,/workspace_developability_acquisition/esmfold_native/ADI-47232.pdb,cefd86a1732ab98072aa7cfc2caa2889f6253d79f8963cb588394f82c230f4f6,242,6227,
ADI-47233,esmfold,SUCCESS,/workspace_developability_acquisition/esmfold_native/ADI-47233.pdb,7c9cb8b736b0ae96dac59766b557985c48d788ef9e49462a4016089c536cbab9,235,6087,
ADI-47234,esmfold,SUCCESS,/workspace_developability_acquisition/esmfold_native/ADI-47234.pdb,ecbef4db11e6c8c54cb68637500184ee714274d0880e206c40f2e8c4211daacc,232,6047,
ADI-47235,esmfold,SUCCESS,/workspace_developability_acquisition/esmfold_native/ADI-47235.pdb,4824f237766f98270ad33f594ac281074889a042027bc9ef0c2bf14f6b25e814,240,6270,
ADI-47236,esmfold,SUCCESS,/workspace_developability_acquisition/esmfold_native/ADI-47236.pdb,01f8b7f17dadfafcd9782265af80a28234b652399fcf51de077cd379634d1a34,233,6158,
ADI-47237,esmfold,SUCCESS,/workspace_developability_acquisition/esmfold_native/ADI-47237.pdb,9ffaf286b2a13dbe82b1a12f00e5c264a2d77922e9bf70bf5e013af6fc32e080,238,6221,
ADI-47238,esmfold,SUCCESS,/workspace_developability_acquisition/esmfold_native/ADI-47238.pdb,04fd280577365639b56dcc5ea156f7003915ebf4146aa3e732f94d0388362ece,239,6149,
ADI-47239,esmfold,SUCCESS,/workspace_developability_acquisition/esmfold_native/ADI-47239.pdb,845a5e9a8d911590a74b3ba39e1d51e23b3375b637254d75d2ecd5a7ea1dd2ac,241,6254,
ADI-47240,esmfold,SUCCESS,/workspace_developability_acquisition/esmfold_native/ADI-47240.pdb,dc311f4e7505c9fa0a4320f1bafa7a932aaf3943fd1c8e4340db9bcdb1b819a4,237,6170,
ADI-47241,esmfold,SUCCESS,/workspace_developability_acquisition/esmfold_native/ADI-47241.pdb,a3ead25b36466a15f8c5430e4ed2ffecd6276c0a9783c498ab739c62f13d65ef,235,6118,
ADI-47243,esmfold,SUCCESS,/workspace_developability_acquisition/esmfold_native/ADI-47243.pdb,7807ce39a985cb5f6a76f5278f7fffa8c0b6459f09378e31f2b12d64aac2b53e,232,5976,
ADI-47244,esmfold,SUCCESS,/workspace_developability_acquisition/esmfold_native/ADI-47244.pdb,5a0fa9d44abf1c83a4d475c4309d741a47ef68cd91a9a23066dc005efd2b94fd,237,6034,
ADI-47246,esmfold,SUCCESS,/workspace_developability_acquisition/esmfold_native/ADI-47246.pdb,7c99dc8160490f73ab36ba3fccec13427fa4b63383ab8a49a98450f2bcd6bdd1,221,5721,
ADI-47247,esmfold,SUCCESS,/workspace_developability_acquisition/esmfold_native/ADI-47247.pdb,68150b18ea2fe6fbf8493b6fd6704ff21c62d89d2ebc298fed16e918e5aa45ec,228,5957,
ADI-47248,esmfold,SUCCESS,/workspace_developability_acquisition/esmfold_native/ADI-47248.pdb,3acbb6f1a6dd2aa2e15b39afb56ba8c6a90bbe021ba821e7ace22879d7e3a285,229,5968,
ADI-47249,esmfold,SUCCESS,/workspace_developability_acquisition/esmfold_native/ADI-47249.pdb,25ddea8373be6eab847221dc9d681438754e0df4bc81f38651b22febfa1edf1f,232,6064,
ADI-47250,esmfold,SUCCESS,/workspace_developability_acquisition/esmfold_native/ADI-47250.pdb,692ca7fb6e8f004b19c70b7b09c0fb521db95b84a495a58801e44a532a04f3ef,231,5986,
ADI-47251,esmfold,SUCCESS,/workspace_developability_acquisition/esmfold_native/ADI-47251.pdb,b082d75dd46be8407f1f9150f749a6c7c3d05069e4943e9b1fef80c21616fe04,231,5951,
ADI-47252,esmfold,SUCCESS,/workspace_developability_acquisition/esmfold_native/ADI-47252.pdb,098f0df0f39863499ae906bd55c0e46dfad65778ccf6dbc31b3ae3d5e35c6c9a,225,5715,
ADI-47253,esmfold,SUCCESS,/workspace_developability_acquisition/esmfold_native/ADI-47253.pdb,e544ceb2045b923ccf8f03fd7f0a6136c7911008ff93677ab6ddc44bdc11f6e1,228,5899,
ADI-47254,esmfold,SUCCESS,/workspace_developability_acquisition/esmfold_native/ADI-47254.pdb,f9ccf97377466c164eb76e4b13e5784a5599b9d89665ec45ac9073e5740a48f9,233,6105,
ADI-47255,esmfold,SUCCESS,/workspace_developability_acquisition/esmfold_native/ADI-47255.pdb,dcfcce0cb7e78873f4cb6fddd5970021d95d32d65b63dc6c10107ac3ae3cb25e,240,6134,
ADI-47256,esmfold,SUCCESS,/workspace_developability_acquisition/esmfold_native/ADI-47256.pdb,aad109d24a01085af4676f2ffa406e2b90553059753154409490225676fac27b,241,6248,
ADI-47257,esmfold,SUCCESS,/workspace_developability_acquisition/esmfold_native/ADI-47257.pdb,2924ecce8fe81198c7b3e50a42d5aea5760c30c1339f3da2366c01823dbf7151,228,5939,
ADI-47258,esmfold,SUCCESS,/workspace_developability_acquisition/esmfold_native/ADI-47258.pdb,f6b3491c64b68f7decead396be671328c21d01900d449408f48160dd6a3141e8,239,6204,
ADI-47259,esmfold,SUCCESS,/workspace_developability_acquisition/esmfold_native/ADI-47259.pdb,3bb8980510d658ae75b7eb308408bf8589ff8e96a3626b8f0f939fe9a2402c3c,236,6146,
ADI-47260,esmfold,SUCCESS,/workspace_developability_acquisition/esmfold_native/ADI-47260.pdb,55c5599578e610fc104e86f2cb35d889464f38887883b02b89479af63112587c,244,6291,
ADI-47261,esmfold,SUCCESS,/workspace_developability_acquisition/esmfold_native/ADI-47261.pdb,c89a29a0c92728b3c64800a5f2e9de9bc54a2d280b4ffd9bfcb39614997fd517,226,5851,
ADI-47262,esmfold,SUCCESS,/workspace_developability_acquisition/esmfold_native/ADI-47262.pdb,144f2154b2dac692aa3953205562ca1d80d9e2f50d99b5e23fd197d393eb5843,237,6121,
ADI-47263,esmfold,SUCCESS,/workspace_developability_acquisition/esmfold_native/ADI-47263.pdb,62198029d478b436e4a0fa4615e094e1850801118fe7970a5d827e69bd98e47a,228,5880,
ADI-47264,esmfold,SUCCESS,/workspace_developability_acquisition/esmfold_native/ADI-47264.pdb,11de4d21a762dfae5149c5ec4cc7735e34dca6e01b3024eb7b7ec9c6ff850a50,237,6146,
ADI-47265,esmfold,SUCCESS,/workspace_developability_acquisition/esmfold_native/ADI-47265.pdb,12faae038fae76d6d7b7231cd9c5e9852c2a884ccd8c0f60548907f98465db41,239,6201,
ADI-47267,esmfold,SUCCESS,/workspace_developability_acquisition/esmfold_native/ADI-47267.pdb,0e437c1af1fc8b0f7c77127a6cbdd358cae899bf71114caf327987e62c26aa8e,224,5791,
ADI-47278,esmfold,SUCCESS,/workspace_developability_acquisition/esmfold_native/ADI-47278.pdb,f8c740120923a41be3f3e3bc661c28d366bf57c3a768fadd7a6801ae486e3c98,226,5936,
ADI-47279,esmfold,SUCCESS,/workspace_developability_acquisition/esmfold_native/ADI-47279.pdb,1d3543e1ce998c555a74ede5cf40f9c8513d19451de9189aff19b1bab65d368f,228,5902,
ADI-47280,esmfold,SUCCESS,/workspace_developability_acquisition/esmfold_native/ADI-47280.pdb,d6c3e079e2c020c9bf5bab1c65eb1c433c77fcad9d315ab3a627a374e2969b52,231,5993,
ADI-47281,esmfold,SUCCESS,/workspace_developability_acquisition/esmfold_native/ADI-47281.pdb,60f209e59da5bf6241ce0d5a899a2d56ad484e293917273d5f23f452a74ac5cd,230,5996,
ADI-47282,esmfold,SUCCESS,/workspace_developability_acquisition/esmfold_native/ADI-47282.pdb,05018c8561c3eeda1c436993298705160fb2fa0fb1b4ee229f40a0f124731d27,230,6015,
ADI-47283,esmfold,SUCCESS,/workspace_developability_acquisition/esmfold_native/ADI-47283.pdb,a7d6d5709f555a79187862e49c567b8901bce785cb7e2ee9401a09410118b6a1,237,6215,
ADI-47284,esmfold,SUCCESS,/workspace_developability_acquisition/esmfold_native/ADI-47284.pdb,2f6e9ea4ebe9193bf758a8591781a7482ff200074fa9c43fa8c2ff7cb4e2a24d,227,5819,
ADI-47285,esmfold,SUCCESS,/workspace_developability_acquisition/esmfold_native/ADI-47285.pdb,360f0731bd034493a33cf496d9abdfe39f50311182af990619f95712052fea88,234,6036,
ADI-47286,esmfold,SUCCESS,/workspace_developability_acquisition/esmfold_native/ADI-47286.pdb,fabed0ae9b8e48bbf14393688d247595ea60dd8508287a16f0624312355fbd22,231,5964,
ADI-47287,esmfold,SUCCESS,/workspace_developability_acquisition/esmfold_native/ADI-47287.pdb,3b10617ea2f12705db16d13951a1f1fba0db72dac2a6cc4b7cadd0aad4136c9a,234,6037,
ADI-47288,esmfold,SUCCESS,/workspace_developability_acquisition/esmfold_native/ADI-47288.pdb,2a6dfd9ba0b261f4f697b7288c4e1f5b75d98cc1e25a88c82dc7ec5bbfc0fa9d,225,5873,
ADI-47289,esmfold,SUCCESS,/workspace_developability_acquisition/esmfold_native/ADI-47289.pdb,587762539c0e256a55fad45f30bdec2d209a56228671aa822d67af3c4a87e082,227,5912,
ADI-47290,esmfold,SUCCESS,/workspace_developability_acquisition/esmfold_native/ADI-47290.pdb,7f14b3b8269ce6647930aa1841dea34a17ad340b5f4b4f1832d6bcd20853ec6e,233,5981,
ADI-47291,esmfold,SUCCESS,/workspace_developability_acquisition/esmfold_native/ADI-47291.pdb,b0c5a38ecf6d75c942055a6bc28baa41de4da4490d484f4f034d765c8d687ca8,234,6030,
ADI-47292,esmfold,SUCCESS,/workspace_developability_acquisition/esmfold_native/ADI-47292.pdb,bc6f1388b15a07ef2612aa8e98228618e972e8ea418601ca94d3df7206dd4cab,230,6011,
ADI-47293,esmfold,SUCCESS,/workspace_developability_acquisition/esmfold_native/ADI-47293.pdb,e8d2fded4df12ec23c7f7c6b963d76bd0eb166c2637d203b559b48c242d2ff27,230,5964,
ADI-47294,esmfold,SUCCESS,/workspace_developability_acquisition/esmfold_native/ADI-47294.pdb,a44cd3741c40a99b88e2d497d4307c803ff24b41f964dca92ad6847c0b0a2275,229,5825,
ADI-47295,esmfold,SUCCESS,/workspace_developability_acquisition/esmfold_native/ADI-47295.pdb,17e5e21f1cb9a9156d25b5a9abf1155512d8d2102ce420bfcb72cbd9af42dcaf,231,6025,
ADI-47296,esmfold,SUCCESS,/workspace_developability_acquisition/esmfold_native/ADI-47296.pdb,1912715da91d55495801353b06b9de54dd74c78096f2c9b4d097822ed2623926,227,5900,
ADI-47297,esmfold,SUCCESS,/workspace_developability_acquisition/esmfold_native/ADI-47297.pdb,a790e9f091af78e78cada2da513e6b58776654ff92b5de591511b45a231a3397,225,5838,
ADI-47298,esmfold,SUCCESS,/workspace_developability_acquisition/esmfold_native/ADI-47298.pdb,588224ae360bc6fcadd5f423d7de9d4cad5faef02ef3f0ddf1897e815e8c7c39,228,5998,
ADI-47299,esmfold,SUCCESS,/workspace_developability_acquisition/esmfold_native/ADI-47299.pdb,6aa07e189f4a53e580b91b32dc57106524ff23936b1714f70b88460f83304dee,226,5762,
ADI-47300,esmfold,SUCCESS,/workspace_developability_acquisition/esmfold_native/ADI-47300.pdb,daf1bdf25ae6e52f59a921b5201a3f9208ca80cf950baba37106572ebeed8b28,232,5942,
ADI-47301,esmfold,SUCCESS,/workspace_developability_acquisition/esmfold_native/ADI-47301.pdb,c8cf7c3e0e15beb07e96d5e152e2d5646583903ab98b5357cff3ea42420a23fe,229,5992,
ADI-47302,esmfold,SUCCESS,/workspace_developability_acquisition/esmfold_native/ADI-47302.pdb,dea2590158bebafb9ba06d35ffdd650e49abc87769731df35880eaa3535add17,232,6070,
ADI-47303,esmfold,SUCCESS,/workspace_developability_acquisition/esmfold_native/ADI-47303.pdb,aeedf4ba048ce0b0231fc240e02c8717126e0288834364d6bbbd92098b49abf1,227,5919,
ADI-47304,esmfold,SUCCESS,/workspace_developability_acquisition/esmfold_native/ADI-47304.pdb,e0d68e771b2686d35f57b28dc4847683a5cebdb9aa2def7ba041cec3b8926aca,232,5990,
ADI-47305,esmfold,SUCCESS,/workspace_developability_acquisition/esmfold_native/ADI-47305.pdb,27d00902c205a6e2b116582c9677f7807085ee849f5312399d38901c5e12f41c,235,6085,
ADI-47306,esmfold,SUCCESS,/workspace_developability_acquisition/esmfold_native/ADI-47306.pdb,5d440cd68b047eee8af374c5fb6e77f72c64ab2f314578361e66c748c3654ce6,229,5979,
ADI-47307,esmfold,SUCCESS,/workspace_developability_acquisition/esmfold_native/ADI-47307.pdb,5fd0baab1624386251658b4b889724de5eeab734728cd6373ef43d69088db831,232,6020,
ADI-47308,esmfold,SUCCESS,/workspace_developability_acquisition/esmfold_native/ADI-47308.pdb,78816d107ac0c573ef36fa413afc98feb9d0d6bd2539e4cd1a58cb6e0bbf1c5a,233,6061,
ADI-47309,esmfold,SUCCESS,/workspace_developability_acquisition/esmfold_native/ADI-47309.pdb,a10dbd5c4f8630fe99ed83484f3c512fcad6dd8eb72f97e9fb84fbba2641856f,226,5753,
ADI-47310,esmfold,SUCCESS,/workspace_developability_acquisition/esmfold_native/ADI-47310.pdb,5ea09841dacc1b4b0661f131c70583dcf8049a285d4d8236223742cb73dab4b3,226,5837,
ADI-47311,esmfold,SUCCESS,/workspace_developability_acquisition/esmfold_native/ADI-47311.pdb,eb121402d58d6c9c9de857262ea78a868eba330f89681546d661f729f044a6c9,227,5904,
ADI-47312,esmfold,SUCCESS,/workspace_developability_acquisition/esmfold_native/ADI-47312.pdb,92807a35f2c87db20cb2a1eba29e01894db46901f342a152f7c5a5dcaabfc450,225,5819,
ADI-47313,esmfold,SUCCESS,/workspace_developability_acquisition/esmfold_native/ADI-47313.pdb,4a247b684b5a5bf2e18b5cf53381713818e93e3a7559945818fe8cb0dc2e1f5b,227,5861,
ADI-47316,esmfold,SUCCESS,/workspace_developability_acquisition/esmfold_native/ADI-47316.pdb,6e7822e8e22b445faf40ebcf1cd3e30df7cbb8224e9a79e70db2176a81cc6b8e,232,6132,
ADI-47317,esmfold,SUCCESS,/workspace_developability_acquisition/esmfold_native/ADI-47317.pdb,1751c86a954ab3ec1e0a7ae31915049e42b7bbeef57f1bde6385001e5c757a43,235,6132,
ADI-37123,abodybuilder2,SUCCESS,/workspace_developability_acquisition/gate_b1/cache/structures/abodybuilder2/86e8a52a665af976d72912b6c38798d1.pdb,7d68bcedc427ee35b6ceedfb669b8d783a5bcbd45b3446f2a1bddd6dd98d09ac,226,5881,
ADI-37124,abodybuilder2,SUCCESS,/workspace_developability_acquisition/gate_b1/cache/structures/abodybuilder2/9967c0a69f4ee5822ff9f72c8a5ae2a0.pdb,f1fafdd3a495ef065b42cec4ee131ca2543f3a111ab5e090bd8a33d2abbe2652,231,5964,
ADI-37125,abodybuilder2,SUCCESS,/workspace_developability_acquisition/gate_b1/cache/structures/abodybuilder2/5550196b1bf76930cfa00cb91f11cca9.pdb,0cafb77b2a63f27a5c3c73a85364a3450d40beac1d5f8ac026b89e72796b64cc,232,6063,
ADI-38498,abodybuilder2,SUCCESS,/workspace_developability_acquisition/gate_b1/cache/structures/abodybuilder2/174d603b07e627affa324c62eab2ee50.pdb,8032fdaba394cbe28bdf61b378f65cc6736adf31bd07cb756b05bfc42b5894bc,235,6070,
ADI-38499,abodybuilder2,SUCCESS,/workspace_developability_acquisition/gate_b1/cache/structures/abodybuilder2/4f8074ab8223459f88277e89b5f72c86.pdb,87d0ec01f0f082c548ae3480e7708ca580abe529dbfe63b1ec03261888e1d969,229,5929,
ADI-38500,abodybuilder2,SUCCESS,/workspace_developability_acquisition/gate_b1/cache/structures/abodybuilder2/8c05240ef9e76c2fdf79d554ae84ddd8.pdb,4a34663a8ac695939c566aa4feb4fc6fe3505340294264afc82a02051a61213b,232,6105,
ADI-38501,abodybuilder2,SUCCESS,/workspace_developability_acquisition/gate_b1/cache/structures/abodybuilder2/973fb4db445c0685b7b358949fdd63c6.pdb,efbb15da8201313dbf122b0dbaa16e366895e9707102eadb7a16a0dfbb19c153,227,5930,
ADI-38502,abodybuilder2,SUCCESS,/workspace_developability_acquisition/gate_b1/cache/structures/abodybuilder2/112097525bd8e8fb903f15ef8bd9843a.pdb,59c773c01f117bab4495e3764be729e55846e9a63de9c8abd7d9c6c6b2d53094,230,5994,
ADI-38503,abodybuilder2,SUCCESS,/workspace_developability_acquisition/gate_b1/cache/structures/abodybuilder2/245c5e005bbe633d368424fd59fa1a63.pdb,b1ad2d00344080113233ffd62cceafbe877e9665859c686a6427a6606fa1dfb6,232,6075,
ADI-45368,abodybuilder2,SUCCESS,/workspace_developability_acquisition/gate_b1/cache/structures/abodybuilder2/a8807222b4f4ecd2635968da28096bf2.pdb,82b063f7d7b9a0529a697178fd250dab3406a9360372f90acb2c017e0efef354,228,5911,
ADI-45370,abodybuilder2,SUCCESS,/workspace_developability_acquisition/gate_b1/cache/structures/abodybuilder2/de4db22b5273884b99f15aa3e40cdf26.pdb,889419f4aa3156f4ce15eac196bf9bcccb508196cb093338484a518b49992d60,228,5970,
ADI-45373,abodybuilder2,SUCCESS,/workspace_developability_acquisition/gate_b1/cache/structures/abodybuilder2/f45acabf2291093c7633405c36e8e106.pdb,b66e8f89c6bb866b44a9a35f7359b6eadefec619388fcb889eb230d78da9823a,230,6083,
ADI-45375,abodybuilder2,SUCCESS,/workspace_developability_acquisition/gate_b1/cache/structures/abodybuilder2/6e8752c44b48f389a2edd0ca59b12166.pdb,4e0752574439a4330541890df9417a5c6db2dd28267d659db81df0e7ebba226a,236,6155,
ADI-45378,abodybuilder2,SUCCESS,/workspace_developability_acquisition/gate_b1/cache/structures/abodybuilder2/f5a09ccbac7e66215a2916e03a63c93d.pdb,34b935620946304ee9cc64dfc4a2efe5cdb54d7519e717ceee41c0ca19150fa8,237,6188,
ADI-45379,abodybuilder2,SUCCESS,/workspace_developability_acquisition/gate_b1/cache/structures/abodybuilder2/8d26098a909b02da95955857f05e76cc.pdb,45d91d9d45d288428c9f2cc7026a714b798a2486033ae27574f419c821970c43,226,5938,
ADI-45382,abodybuilder2,SUCCESS,/workspace_developability_acquisition/gate_b1/cache/structures/abodybuilder2/d4016dd387dd40a2e1fd806b19b521c5.pdb,ec9275fe2e3316582b30ca4991a4b080385caf7aacb7582378a68ded33a2d7c0,238,6122,
ADI-45383,abodybuilder2,SUCCESS,/workspace_developability_acquisition/gate_b1/cache/structures/abodybuilder2/8facb3aa978fcb65af91080f807eb9f9.pdb,3ee0bea81864e9e3d2ca95c877f7de1268fd0af81dfd900bc723bb551e90c8d5,234,6075,
ADI-45388,abodybuilder2,SUCCESS,/workspace_developability_acquisition/gate_b1/cache/structures/abodybuilder2/4a2fb5485cca970084281df53595bf43.pdb,002c91df452ea05fc4eaa7903b8f36f65c034a5728d14f674c400d2541906390,234,6073,
ADI-45389,abodybuilder2,SUCCESS,/workspace_developability_acquisition/gate_b1/cache/structures/abodybuilder2/cfdef1c6920959ab375132d336a712fb.pdb,54cb17a09cf3410b3688468bb5e562c288c27e08f37c42c39c6030ac31f31d3f,227,5940,
ADI-45390,abodybuilder2,SUCCESS,/workspace_developability_acquisition/gate_b1/cache/structures/abodybuilder2/72cf9c2e715d8677143317011c32b382.pdb,18e9cda44afca8296afe6ddfba4cab51a25c30a7761c620b3e6033563bcc00a8,229,6055,
ADI-45391,abodybuilder2,SUCCESS,/workspace_developability_acquisition/gate_b1/cache/structures/abodybuilder2/c00d4ca18c48f32ebfc8a37d71aa5de2.pdb,03dac654ba18bb58ae46de0284d8167fcc55dcaaccad549aa48f0609401d02fe,228,5925,
ADI-45393,abodybuilder2,SUCCESS,/workspace_developability_acquisition/gate_b1/cache/structures/abodybuilder2/b3e6a27d6e27882c23c09a2a1a070073.pdb,31990a866013b4d47dc1e1e2621821ba79bcb6f361ee63ef6aa41a707fbd28a5,231,6069,
ADI-45395,abodybuilder2,SUCCESS,/workspace_developability_acquisition/gate_b1/cache/structures/abodybuilder2/9739931c27d08e44b36d428d948978c4.pdb,9c623d0c5ebe85a8f763679d7d028e3cbcc0b3a0f1154ae8ae09496c19168d82,230,5982,
ADI-45397,abodybuilder2,SUCCESS,/workspace_developability_acquisition/gate_b1/cache/structures/abodybuilder2/7819012726533119167c354dab863199.pdb,2276f12d8a4155c138e178533fc652feeff7616aad418cf3fa77274f03ede823,227,5866,
ADI-45402,abodybuilder2,SUCCESS,/workspace_developability_acquisition/gate_b1/cache/structures/abodybuilder2/7e5f50017224e5059df0bad0fc53d8fa.pdb,6b359ed29dc4f9b0e9cc328fb8dc494d543e9128415fc53d24da3674b530ef9f,237,6099,
ADI-45404,abodybuilder2,SUCCESS,/workspace_developability_acquisition/gate_b1/cache/structures/abodybuilder2/9c7b70c7696d558dfa6da9754bf77065.pdb,f070323ae210edd645bcffe7931e1e15ef6f68c5c94ae4aad0c06a2f076ef718,233,6015,
ADI-45405,abodybuilder2,SUCCESS,/workspace_developability_acquisition/gate_b1/cache/structures/abodybuilder2/dbee3451c08e2aaebb8d0822bd64c2ed.pdb,9beff282fd1e7f4050e3b26f2f36828653e50c37cf1ddb65ed9f89c8118a7684,231,5964,
ADI-45406,abodybuilder2,SUCCESS,/workspace_developability_acquisition/gate_b1/cache/structures/abodybuilder2/70ad68c734fbd25676c6d876ee235362.pdb,d55b1e23a82920063623d995dde869efc8242416fa7525b4d11a2c3d37b7997a,229,5980,
ADI-45407,abodybuilder2,SUCCESS,/workspace_developability_acquisition/gate_b1/cache/structures/abodybuilder2/e2bd624a2bc8b59d498d60b9ec68ffd2.pdb,3f5201ca6bebcbda67295a68c57875b6c09aecde17c62d65246343c3b2fba803,235,6169,
ADI-45408,abodybuilder2,SUCCESS,/workspace_developability_acquisition/gate_b1/cache/structures/abodybuilder2/9ff37f04b5c11bb31d09366481949120.pdb,2e902ad9fad480c170e802a697dca3b808edd6fa687df2fe5eeec58e37df532e,232,6054,
ADI-45409,abodybuilder2,SUCCESS,/workspace_developability_acquisition/gate_b1/cache/structures/abodybuilder2/1b21c2bf336ff7abacfa1afa5a67b006.pdb,f0f095c679c80eb28032bf346cbf556598a80c3707ca03137a3ec49da0e1880a,234,6109,
ADI-45410,abodybuilder2,SUCCESS,/workspace_developability_acquisition/gate_b1/cache/structures/abodybuilder2/97f73adb9ad6377327dacc9d9cb9da2d.pdb,2906e7d215a12af1a055bef369f7d9853e9fe81b3d15180255d88b35a128f9e3,235,6141,
ADI-45411,abodybuilder2,SUCCESS,/workspace_developability_acquisition/gate_b1/cache/structures/abodybuilder2/da125927676614c6196971480c153bef.pdb,dae856f136b837cf7844369742725aa45094dffbbce027576518ab064484c74c,227,5879,
ADI-45422,abodybuilder2,SUCCESS,/workspace_developability_acquisition/gate_b1/cache/structures/abodybuilder2/bf514614011f0d05ccf7d48fae411519.pdb,3d93fe1be740f9c1d92082c3fa77e34c01ff861cc7c90431e9ff8f242218c2a2,231,6078,
ADI-45425,abodybuilder2,SUCCESS,/workspace_developability_acquisition/gate_b1/cache/structures/abodybuilder2/076cb9d0b5e38b482ed9a614750e4934.pdb,39121bdd32239af32a1805d3b211b1e169afed4b102157a231b60398fc1d41c1,237,6131,
ADI-45428,abodybuilder2,SUCCESS,/workspace_developability_acquisition/gate_b1/cache/structures/abodybuilder2/10b234e9d5409fe6fc6ce4c83707505f.pdb,d7088b12cab6aadfc2c79cbb251dd2416f662c3ccd6c104ac1211a2debe22b68,240,6309,
ADI-45429,abodybuilder2,SUCCESS,/workspace_developability_acquisition/gate_b1/cache/structures/abodybuilder2/4dbdabe8c28851733945ede9c89e4ac2.pdb,362dc2896c031cceea0d4df507d7e1dd89aae34dff24a40deea53e39c8800aa5,232,6113,
ADI-45430,abodybuilder2,SUCCESS,/workspace_developability_acquisition/gate_b1/cache/structures/abodybuilder2/7ad3533757c0dbf371988f8df0fae2a0.pdb,44aefb971ef2d7f27f98653d1f9bc0ff466552046b6b5ff2a8e2a6a6a91ed0ff,234,6061,
ADI-45433,abodybuilder2,SUCCESS,/workspace_developability_acquisition/gate_b1/cache/structures/abodybuilder2/df58fddb06486d0a8a6c140ea4245d80.pdb,f3d778b133ba7402206f94ffe38c3767b6db66c6ac10ce2a979c91432836841b,234,6132,
ADI-45435,abodybuilder2,SUCCESS,/workspace_developability_acquisition/gate_b1/cache/structures/abodybuilder2/43928dc068527dbdaa3cf8e36272c846.pdb,b02a06dc532bac408600270126632b93f8d500d4e0d651127e8e166114727c5e,239,6153,
ADI-45438,abodybuilder2,SUCCESS,/workspace_developability_acquisition/gate_b1/cache/structures/abodybuilder2/39b6b1c36d12664b8e2ee35d0508a330.pdb,4c8d866bb99685121005a7c38aefef902326f27ad13a51a48547839b674732fb,231,6010,
ADI-45439,abodybuilder2,SUCCESS,/workspace_developability_acquisition/gate_b1/cache/structures/abodybuilder2/6b32c2ed603f1bae635aa99cfa4fba8f.pdb,e7c0a785c37974a8b6ad69749b531691d33ba22a4e474e362f083711dd41f98b,228,5896,
ADI-45440,abodybuilder2,SUCCESS,/workspace_developability_acquisition/gate_b1/cache/structures/abodybuilder2/ac1d6045228234ee207cb893a80c14ff.pdb,24091cb765d47e2ae767da7d516ecc4887e038e44d714388ff3930425a1f72ff,230,5982,
ADI-45442,abodybuilder2,SUCCESS,/workspace_developability_acquisition/gate_b1/cache/structures/abodybuilder2/4f9cd34622ed637d6b0ebfece3567efe.pdb,577eddcaa57b568198a84e501cf187bd6b792f762feb1c606b7f05d73d560643,230,6025,
ADI-45447,abodybuilder2,SUCCESS,/workspace_developability_acquisition/gate_b1/cache/structures/abodybuilder2/5dee43be405dbb574093849498e075c4.pdb,2c9892d3162b19b42efafc9dfac4457eca681f0e81ce3ce8454d7c1118995329,229,5950,
ADI-45448,abodybuilder2,SUCCESS,/workspace_developability_acquisition/gate_b1/cache/structures/abodybuilder2/6e25f61ca720cea686fb0c2ac18a0467.pdb,4399730c4d8bc3425e1e7a624b086bc26be7f2fa07877c3b2503f57c2b78e7f1,231,5903,
ADI-45450,abodybuilder2,SUCCESS,/workspace_developability_acquisition/gate_b1/cache/structures/abodybuilder2/e89ba2ac4008709fac797e9f1a1675e6.pdb,0708a9ed3dcaffbeed92f0fe7543a71e5f44be79b526e58e3806b6d600cd058c,228,5927,
ADI-45451,abodybuilder2,SUCCESS,/workspace_developability_acquisition/gate_b1/cache/structures/abodybuilder2/1204ff749a5351424ce9ebae661195df.pdb,46d737b0a3e447824a7e00cff5cda6caf1d96555ef4002b21bbce0095479b4b2,239,6245,
ADI-45452,abodybuilder2,SUCCESS,/workspace_developability_acquisition/gate_b1/cache/structures/abodybuilder2/b58d6da79839b275b05cb931c385cd2d.pdb,10f55ef2ea0188b1a4c6f271aeb25a9d77e9c79fbd5c5f510577402c17dd68cf,227,5884,
ADI-45453,abodybuilder2,SUCCESS,/workspace_developability_acquisition/gate_b1/cache/structures/abodybuilder2/96f62315d3559f91bfe27c42336eff03.pdb,55e90aa8a76e88969eb91e5bc942025dc788957f7e7106fd891b07cdbef6fbad,227,5878,
ADI-45454,abodybuilder2,SUCCESS,/workspace_developability_acquisition/gate_b1/cache/structures/abodybuilder2/ee399482a49026eee530520c8f831929.pdb,8421e7c4e81e7df63921281afc52706a6f8e12403ba1a8899fedb5b0fa894bc9,235,6110,
ADI-45455,abodybuilder2,SUCCESS,/workspace_developability_acquisition/gate_b1/cache/structures/abodybuilder2/a03902b973f9aa84dc3fe88b68c465d4.pdb,83021aceb19454f16d299d0acba04dc5d80b8a513922d4c7d4b88afbbbca629a,232,6083,
ADI-45456,abodybuilder2,SUCCESS,/workspace_developability_acquisition/gate_b1/cache/structures/abodybuilder2/d380e4417dc1b04b60ea83153216926a.pdb,ed2d6fc8ff45dc7ed113df4e1e83afdaf6724013d0a19568609867d87cb44b63,230,5956,
ADI-45459,abodybuilder2,SUCCESS,/workspace_developability_acquisition/gate_b1/cache/structures/abodybuilder2/755f6ad8aed0afc304f5acc57f69298d.pdb,33c0228f5b2e96e551aceb1d54827fcef90176c0f3526efc935d44082c432a17,228,6033,
ADI-45460,abodybuilder2,SUCCESS,/workspace_developability_acquisition/gate_b1/cache/structures/abodybuilder2/9c3b1bfc479ae82cd5adc143d6870354.pdb,5bc060a19314ada1749fecee3aa469ace9cd4951b952dfeb672b115e1d0c3231,233,6205,
ADI-45461,abodybuilder2,SUCCESS,/workspace_developability_acquisition/gate_b1/cache/structures/abodybuilder2/24548cd2379bdc83b73e97c6cea1d839.pdb,f10fbfd110cd91165a03ea7bf7f78b1a43d64e94cf44e763d90a4bd50294dd97,239,6116,
ADI-45463,abodybuilder2,SUCCESS,/workspace_developability_acquisition/gate_b1/cache/structures/abodybuilder2/0ec215f8993900af67ad085f606d75f0.pdb,9dce39c158afa61cf326567b904bcee1c8f1cbea3083c2c4a528262fa72abd34,231,6047,
ADI-45464,abodybuilder2,SUCCESS,/workspace_developability_acquisition/gate_b1/cache/structures/abodybuilder2/eefc94c92e81402509c50f28a6eb888d.pdb,750be5355abe0490829c2c744266c76efb0dc97a25146eb489a965bbe777af9c,227,5888,
ADI-45465,abodybuilder2,SUCCESS,/workspace_developability_acquisition/gate_b1/cache/structures/abodybuilder2/7fa2b706486485a24a3170c83a124362.pdb,105a7bf898a24085ba33dacb2f0febad303fcdd12635cd0c9641076ba49e10b1,230,5930,
ADI-45469,abodybuilder2,SUCCESS,/workspace_developability_acquisition/gate_b1/cache/structures/abodybuilder2/c090fcf6d53b7475fe29d08e8caf67ac.pdb,e4bda023cb0de12618007b75b459e7bbba30896b60c2ac5055ac0477eb5c042b,235,6239,
ADI-45470,abodybuilder2,SUCCESS,/workspace_developability_acquisition/gate_b1/cache/structures/abodybuilder2/73e0a0043a8e5ac6ae1f32b45ef7ca2f.pdb,42ac933d65d0a65112b2cb974b89eafc9dd980f075b7d26506773b4d7ff04221,230,6004,
ADI-45472,abodybuilder2,SUCCESS,/workspace_developability_acquisition/gate_b1/cache/structures/abodybuilder2/22760aebdab18190730887008895247f.pdb,e7b5917bd139f609ad8e85ecfe786f304e7c964d12f7e4f76eb698c6b0dd5ea3,230,6044,
ADI-45476,abodybuilder2,SUCCESS,/workspace_developability_acquisition/gate_b1/cache/structures/abodybuilder2/496c09ef6da068a67da16403c35dbdd6.pdb,f143e688a8d50f252b098c586423c247c065f041c64b557d880217c770bdf39e,230,6059,
ADI-45477,abodybuilder2,SUCCESS,/workspace_developability_acquisition/gate_b1/cache/structures/abodybuilder2/fc37e3de22a23343c1a4b0501a743505.pdb,ffc7bd39844a499100a01146cea3d7e47c44e74cf97f5a10ccd6b45ee363197f,235,6110,
ADI-45479,abodybuilder2,SUCCESS,/workspace_developability_acquisition/gate_b1/cache/structures/abodybuilder2/43ec2724b38b06ad1a7ef56cdb9d2c67.pdb,570e87f2c45f6431b65b3848a9750282c130981220ff9196f5982c8d7264efcb,231,6000,
ADI-45480,abodybuilder2,SUCCESS,/workspace_developability_acquisition/gate_b1/cache/structures/abodybuilder2/61ef97b43c1259aa8f5a0d4f94449fb3.pdb,214f96207018104a301d6f3a3a0796d2118b99e36427472f52a6fe6a2ae44eb5,229,5956,
ADI-45481,abodybuilder2,SUCCESS,/workspace_developability_acquisition/gate_b1/cache/structures/abodybuilder2/b95c3f5b9efbfd312744f1836a10c0d0.pdb,ec23e08c675c136647f6c3aea59e9085bcfdbee749d0083a200898b82673d70f,226,5826,
ADI-45485,abodybuilder2,SUCCESS,/workspace_developability_acquisition/gate_b1/cache/structures/abodybuilder2/20b6b69183d9a2d62fcaac34cb1fbf65.pdb,ac25bacbd6fa4ee80069679b8a81a07cfdec826786b9b7b02d0ef2a644f09ba9,224,5819,
ADI-45486,abodybuilder2,SUCCESS,/workspace_developability_acquisition/gate_b1/cache/structures/abodybuilder2/6bf1371b05fa9c9e99df1a96195b1caf.pdb,fe7d7252820c19ac59ebbca27d28dd33db1dfcdd7a4f0d5d8ba231c1646c1755,241,6234,
ADI-45488,abodybuilder2,SUCCESS,/workspace_developability_acquisition/gate_b1/cache/structures/abodybuilder2/adc2a850fa33888ec8d4dd1511018486.pdb,5d3ba9d3615bc4fd6f94ee79767600ac4e646eb2981d056c036c563d9c180eb5,233,6173,
ADI-45489,abodybuilder2,SUCCESS,/workspace_developability_acquisition/gate_b1/cache/structures/abodybuilder2/4af2bf81e7b4afb9ece1cdeafd7c2969.pdb,a927996bdac75e4199c28c661cbb69a9e7aa93229163aede6f1c38b0cecd1525,237,6124,
ADI-45490,abodybuilder2,SUCCESS,/workspace_developability_acquisition/gate_b1/cache/structures/abodybuilder2/f772bd63c1a22dff81905d5191cc8d9a.pdb,66598527080ee31605923e5642d1e894bc7885e3cf10717828ed96b4def94fcd,233,6103,
ADI-45491,abodybuilder2,SUCCESS,/workspace_developability_acquisition/gate_b1/cache/structures/abodybuilder2/b517d6d059659d408a38f721a3f5b28f.pdb,99da352cb5625867f9da60e5a48a7a30c3d359e6300c9cedfb9a871840a15411,233,6058,
ADI-45493,abodybuilder2,SUCCESS,/workspace_developability_acquisition/gate_b1/cache/structures/abodybuilder2/4424e5972cb893b882695a5a37c29d43.pdb,13e08288ff2a2272698446c611704ad831d85662dabe17ae4c7859c500d4e041,238,6156,
ADI-45495,abodybuilder2,SUCCESS,/workspace_developability_acquisition/gate_b1/cache/structures/abodybuilder2/3abb9e34828e0177fb8d9dd50f49d947.pdb,55057717544a0bef9335be1bb2a69940460222186bcc2a45b0dc49bf56d77034,228,5885,
ADI-45497,abodybuilder2,SUCCESS,/workspace_developability_acquisition/gate_b1/cache/structures/abodybuilder2/6e33de759952cef2895af3a7ca831cf1.pdb,1cf3e00bca32293a564f8ef9d8c01277e0d8a8e70bc855861c3ea4a9c1d6be8e,235,6024,
ADI-45498,abodybuilder2,SUCCESS,/workspace_developability_acquisition/gate_b1/cache/structures/abodybuilder2/6dbfd5a44be443b6c2e8fc3fc6faa2d0.pdb,3f8494994817c534612cdadb31bc6cdfdd81fc986fb9c49c2385823427967753,236,6272,
ADI-45499,abodybuilder2,SUCCESS,/workspace_developability_acquisition/gate_b1/cache/structures/abodybuilder2/2c3dd8e4814c4e0571a545eefc671e4b.pdb,fbde2fcc790adf0996439109b3ede4de36a075c2f27985c8c255b582da4997d5,239,6173,
ADI-46677,abodybuilder2,SUCCESS,/workspace_developability_acquisition/gate_b1/cache/structures/abodybuilder2/1e43899b54162bc35c00b7cce950e58e.pdb,e1f43d6d5f879f7656a1cbde8159d47ef1080538d08c1fcb281d594813f0d106,225,5902,
ADI-46678,abodybuilder2,SUCCESS,/workspace_developability_acquisition/gate_b1/cache/structures/abodybuilder2/5a8870303b1d87bee856b855cb661081.pdb,d37bf075724e131ef2542c6302951f6a5b857dae53591c63217df6724fa67747,228,6015,
ADI-46682,abodybuilder2,SUCCESS,/workspace_developability_acquisition/gate_b1/cache/structures/abodybuilder2/0577d9061aa3d1a108db827e3d7e5827.pdb,e6b706f2768b701adbf8c8508843c6276c24a1d81d0a661006e366ee5421e0ee,223,5807,
ADI-46684,abodybuilder2,SUCCESS,/workspace_developability_acquisition/gate_b1/cache/structures/abodybuilder2/7127089b3a9640bb15c9592435a3d601.pdb,c1cc782a58edb3011bf4306152fcf64a566480e558fc408d8c1e8f02a3fd3d29,238,6165,
ADI-46685,abodybuilder2,SUCCESS,/workspace_developability_acquisition/gate_b1/cache/structures/abodybuilder2/6837feffda9060af4faa4717ed4fc257.pdb,1fb691cad045c35c268a693e7f0eb2627dd1858688e52207d8aacbc705f52d35,231,5981,
ADI-46689,abodybuilder2,SUCCESS,/workspace_developability_acquisition/gate_b1/cache/structures/abodybuilder2/870e571d7a0179e6471b12e284021044.pdb,4f27b26fafdc3ab07892668965543202a04866a14b24887a32b5ae66caafd73c,223,5782,
ADI-46690,abodybuilder2,SUCCESS,/workspace_developability_acquisition/gate_b1/cache/structures/abodybuilder2/2020cefa2c94ce755519c2dcc3201e53.pdb,1855be02765c81f02297259e339accf4da98eb9c54919b47f9870eab1e796f5b,221,5675,
ADI-46691,abodybuilder2,SUCCESS,/workspace_developability_acquisition/gate_b1/cache/structures/abodybuilder2/f8ec9ab4267e598b2c04435a010e93ca.pdb,c38c54861f3dd4dae02e75d951bb688dbf20685f8e053e5e0041bd33a567814d,224,5797,
ADI-46692,abodybuilder2,SUCCESS,/workspace_developability_acquisition/gate_b1/cache/structures/abodybuilder2/c0671ae13e611fabaaed705f40e72d4a.pdb,69098e6998e6e05950f0113590f639520c55e0e248506b98f96eee8d7be677cf,227,5908,
ADI-46693,abodybuilder2,SUCCESS,/workspace_developability_acquisition/gate_b1/cache/structures/abodybuilder2/d28730e7e7b7d9a397ed2ac80a5ead79.pdb,fa141a85e56d6dbaa8fbc0990273adac091d86c0ed84acab4e826b8d50d20b8c,237,6204,
ADI-46695,abodybuilder2,SUCCESS,/workspace_developability_acquisition/gate_b1/cache/structures/abodybuilder2/67b9039b5db66060ae58b35db5aa6b37.pdb,54b82e726c3745b25c01ae86a8fe1b89d32cb007b8446a18c954d0458e1a186b,227,5914,
ADI-46696,abodybuilder2,SUCCESS,/workspace_developability_acquisition/gate_b1/cache/structures/abodybuilder2/341d36cfbc2e3185fefea5a0061203ed.pdb,e77a5fdd9f627706f1fa9e3014b62a034131c2a45c9a4bff031789c25f144c8a,233,6005,
ADI-46697,abodybuilder2,SUCCESS,/workspace_developability_acquisition/gate_b1/cache/structures/abodybuilder2/3889a0df798ae770463b46d045490b98.pdb,f524a0c7f628056268d25e1f6859b2147c8343669a794ecfc2b6d2b8f1f6519d,233,5958,
ADI-46701,abodybuilder2,SUCCESS,/workspace_developability_acquisition/gate_b1/cache/structures/abodybuilder2/b3bf86473c7e80d939bafc5a5fa52e6b.pdb,3684d6097990cb5adef3d8e438f4e0834b52c3e77a3fb5928a2a5c9dd3d8842a,226,5882,
ADI-46704,abodybuilder2,SUCCESS,/workspace_developability_acquisition/gate_b1/cache/structures/abodybuilder2/dc92516fda2907bb1eaf1d2e4b385438.pdb,85727351a7f4a95475eda7109737a57035028bceb365eca2b4afae17984b58f9,237,6129,
ADI-46705,abodybuilder2,SUCCESS,/workspace_developability_acquisition/gate_b1/cache/structures/abodybuilder2/f82611e60b609ed4b5af7b1925b3868e.pdb,ff197da8292e72698870d8abc699fc41fcacbc841601134e8fbfef42b9b9a59e,231,6089,
ADI-46706,abodybuilder2,SUCCESS,/workspace_developability_acquisition/gate_b1/cache/structures/abodybuilder2/69a0ae62196564609e67b2ba90aa4881.pdb,eb72f1863dee1d48da9686f146d4114daed9927728c9d1c1339cb07a2f7ee08f,229,6002,
ADI-46707,abodybuilder2,SUCCESS,/workspace_developability_acquisition/gate_b1/cache/structures/abodybuilder2/96fa44dda5c55f4bbf1801eb4daba1da.pdb,c494528d59e26729dbfcd2ddbdccb321a3eae71b61db718ef3334f41e4840adb,235,6068,
ADI-46708,abodybuilder2,SUCCESS,/workspace_developability_acquisition/gate_b1/cache/structures/abodybuilder2/43c2dffcf8a1929af4cbb1de066019ec.pdb,19eae483142ca7e6694f6cb5ec2c577428efc643d89ffde6c6a28e9355138acd,229,6046,
ADI-46710,abodybuilder2,SUCCESS,/workspace_developability_acquisition/gate_b1/cache/structures/abodybuilder2/f16884de5597d32c67aec2281a9d62c0.pdb,7989124780f8fec5c6a1d62e550e09e2681237d50d87ec52b2a204c31bdf06fd,232,6008,
ADI-46713,abodybuilder2,SUCCESS,/workspace_developability_acquisition/gate_b1/cache/structures/abodybuilder2/fa968bd7f23e2a3a30f57b39bfdedc2e.pdb,a4c1a459bf3bf8e3d9c16e1af2655d87d4174a1dbe8bdc8c48538c4143963f46,227,5941,
ADI-47054,abodybuilder2,SUCCESS,/workspace_developability_acquisition/gate_b1/cache/structures/abodybuilder2/f2e2422564ef9fc46621b9e81332a162.pdb,b94e9ac9df96dda998d461f12c76f9944fa8042472e9d383190210d43344e3e9,227,5879,
ADI-47055,abodybuilder2,SUCCESS,/workspace_developability_acquisition/gate_b1/cache/structures/abodybuilder2/03c204ff74ba55094b0d6370856a7bc1.pdb,8f27f4517e1b5191849d3fc0b195700f35de1eb2b7d6cd6aa48a09d24b04d0fe,228,6001,
ADI-47056,abodybuilder2,SUCCESS,/workspace_developability_acquisition/gate_b1/cache/structures/abodybuilder2/debb42d72ee0f2aa6518a0de7ff40308.pdb,fdfc0abc17684afa42a1010bc458b6ed40c4d4429a0ca70044099cb15a755843,231,6024,
ADI-47057,abodybuilder2,SUCCESS,/workspace_developability_acquisition/gate_b1/cache/structures/abodybuilder2/19ef8883d89eb586e1adf4de433a2705.pdb,d0f398827ffb6da253de0870c713703f05c9e421da13bb83cb609c20413b7850,233,6115,
ADI-47058,abodybuilder2,SUCCESS,/workspace_developability_acquisition/gate_b1/cache/structures/abodybuilder2/b1d21cf08b78d40ca6bffcdcc4367c1f.pdb,addcd70a9ce4363e4780610da41e5f04bb3fb0bcb5d9f840bf78e1ac6b869f7c,227,5881,
ADI-47059,abodybuilder2,SUCCESS,/workspace_developability_acquisition/gate_b1/cache/structures/abodybuilder2/c37e0bb5eab6004d9e16843ebe256787.pdb,96403c5af810650e6b82dd83841c491e37a56f94c66c75d166b17563baf32830,228,5954,
ADI-47060,abodybuilder2,SUCCESS,/workspace_developability_acquisition/gate_b1/cache/structures/abodybuilder2/20d6a904476ed7c66af18680f02f466f.pdb,2f9d79f9f4d105a5179c637a63c2b41f51e1b143f616c3eee392cb970521fa67,226,5886,
ADI-47061,abodybuilder2,SUCCESS,/workspace_developability_acquisition/gate_b1/cache/structures/abodybuilder2/c567ae6f15c78bdb1a85fb8dfb3d1341.pdb,617c69ae6cd24bdf3a35e8db0e1e2c1972975983ec1d91559ead0242fe796e4f,230,6020,
ADI-47062,abodybuilder2,SUCCESS,/workspace_developability_acquisition/gate_b1/cache/structures/abodybuilder2/d4dfa7ebab1e81bc0eb9d13542c6c477.pdb,06ee977779cb1d88a2c7f93955291d93d1660ea29dc542bce8ebc9602d2d45bd,227,5890,
ADI-47063,abodybuilder2,SUCCESS,/workspace_developability_acquisition/gate_b1/cache/structures/abodybuilder2/c5cd5f9c0e3ac15d48f71161aad64776.pdb,b95c56cdb9a80afa48d3dfa855e38051f29b06a1dfa8a8c0f1898dd2ce33847c,230,5908,
ADI-47064,abodybuilder2,SUCCESS,/workspace_developability_acquisition/gate_b1/cache/structures/abodybuilder2/946f0b7b041565c00567ae4c07b720cd.pdb,e7bb74b1d7c38e924fcefe03f7f2ebae88ca8f7d295e345636973baf35d8455e,231,6012,
ADI-47065,abodybuilder2,SUCCESS,/workspace_developability_acquisition/gate_b1/cache/structures/abodybuilder2/ede9213fc36cd5b6db2ece5f100ce16c.pdb,272b43f83f6c4e60b4feb09e62f1a9b6141ef001805c9ab02b041a0b66084f7f,234,6032,
ADI-47066,abodybuilder2,SUCCESS,/workspace_developability_acquisition/gate_b1/cache/structures/abodybuilder2/623156d7d3a52a077c64a60e26d832b4.pdb,663e96c4d23fae9423b02525d84965652ca0c4be0ebcab90a0e98c5a4bbd5436,235,6101,
ADI-47067,abodybuilder2,SUCCESS,/workspace_developability_acquisition/gate_b1/cache/structures/abodybuilder2/262fa787194a3d69938734309514a380.pdb,c65a265f5ee7c5104d2e651fc37cabf41d53f0c4d027f1356e4c17c2dc4fd53d,235,6214,
ADI-47068,abodybuilder2,SUCCESS,/workspace_developability_acquisition/gate_b1/cache/structures/abodybuilder2/d6baffa7aeb993aafffb87c9b8708a11.pdb,2dc5c02502a3564f13133978be7e6b5ce21eb07832066c8e0a007752edc1f240,233,6062,
ADI-47069,abodybuilder2,SUCCESS,/workspace_developability_acquisition/gate_b1/cache/structures/abodybuilder2/1c57e82f63fbf8f1d00ce598b03cfeea.pdb,a5a61cc6f71bc6bde7d7846cf93f8e85d90d7837d99679a50ed95cfca65d4ec0,231,5938,
ADI-47070,abodybuilder2,SUCCESS,/workspace_developability_acquisition/gate_b1/cache/structures/abodybuilder2/edc04831d548d5f520a90d70b8c107eb.pdb,f46e2a8eec729bf0bbbb2a40f4fa8bc7a3b817e4236a63a374a7508ccfad34b3,237,6149,
ADI-47071,abodybuilder2,SUCCESS,/workspace_developability_acquisition/gate_b1/cache/structures/abodybuilder2/e8e7989fbe927e1e8a6f231273f9e534.pdb,081fdf19035d2b0e4e90f5d106b17478406e297229964a0ff838d96b6ed19f2b,229,5955,
ADI-47072,abodybuilder2,SUCCESS,/workspace_developability_acquisition/gate_b1/cache/structures/abodybuilder2/a63dd0b0e03abaddf933cb979ed88b08.pdb,c0235d1f0650d7806795ec367d33c45247a71c195f0cffd0b3e47b80f9e58391,233,6043,
ADI-47073,abodybuilder2,SUCCESS,/workspace_developability_acquisition/gate_b1/cache/structures/abodybuilder2/cf72e27857f1aff08ce609778f76a572.pdb,9be4b4a2dad2c024b588cfbd1dbdd550bd6228b7305b1e5a0a8175206f6e41b1,230,5933,
ADI-47074,abodybuilder2,SUCCESS,/workspace_developability_acquisition/gate_b1/cache/structures/abodybuilder2/6736dec84415471244f7456d16129856.pdb,f14e576fbe8ffaf77569bf32754eb9834b0551b0dd98d2196a81cb326b09fe6f,235,6096,
ADI-47075,abodybuilder2,SUCCESS,/workspace_developability_acquisition/gate_b1/cache/structures/abodybuilder2/f83cc2f67bff3990c82f8386b5c8f421.pdb,986f67904b8d5f62b37143ee45386860a3ee228600922bf5ec0f6749122ae577,235,6081,
ADI-47076,abodybuilder2,SUCCESS,/workspace_developability_acquisition/gate_b1/cache/structures/abodybuilder2/7d193bc311f89ebe510d56a3f66a1ea6.pdb,f35d8aab4ef34f41efb890534e1931153b841c14042d79f0ac111c642a7e9c3b,234,6065,
ADI-47077,abodybuilder2,SUCCESS,/workspace_developability_acquisition/gate_b1/cache/structures/abodybuilder2/b775e09c4da84747a942d9096b82a722.pdb,1a337ac26553ce2e9d2d4246bd0608b27b96bde19a71fc8ab0a456b32875efb0,232,6010,
ADI-47078,abodybuilder2,SUCCESS,/workspace_developability_acquisition/gate_b1/cache/structures/abodybuilder2/9ea71d409533542f553a19b572e23ec3.pdb,65445664c5c6eab2dbd5e957527779667bd8e85980e63a2c4f4f460dfa966a35,222,5752,
ADI-47079,abodybuilder2,SUCCESS,/workspace_developability_acquisition/gate_b1/cache/structures/abodybuilder2/6e945d989bdb769b8a29f1fb01ebd8a4.pdb,8fb469d1b9b5d17f3ec5e6439acb80b3df6ac56ce6bdd92d12d23f589a358261,234,6084,
ADI-47081,abodybuilder2,SUCCESS,/workspace_developability_acquisition/gate_b1/cache/structures/abodybuilder2/c4049542b614865248b652022f4ec557.pdb,4e539024fab406f0b3c3baa6fdb8fabd2f4552da0ab002607f1057430c2ce54b,226,5781,
ADI-47082,abodybuilder2,SUCCESS,/workspace_developability_acquisition/gate_b1/cache/structures/abodybuilder2/e396ccf1a4c9a2bba3f769fc94f7ec8b.pdb,55e5217a05e98b2434a38f0a53f5f6752794c2c40b5240d4c0bc46dcd5e90ac0,233,5924,
ADI-47083,abodybuilder2,SUCCESS,/workspace_developability_acquisition/gate_b1/cache/structures/abodybuilder2/039c5849dcd61e1fd83658e40918a8f0.pdb,d5130231c53209fdc926f1a9aa0e5880ed560aa1f511b18174e54e3e91cb2a60,233,6077,
ADI-47084,abodybuilder2,SUCCESS,/workspace_developability_acquisition/gate_b1/cache/structures/abodybuilder2/2c260437cea05ecd867c225b2156309b.pdb,b0768cec7cfe322610b1db752fa8e3b765b14b9fa9fed581029dd22ea3ddd1e7,228,5874,
ADI-47085,abodybuilder2,SUCCESS,/workspace_developability_acquisition/gate_b1/cache/structures/abodybuilder2/10497424c489c95ba504a47f623e46ff.pdb,2058be542afb623ffd9121cd414cf09be417b8398b1e604d8305974869214e03,228,5890,
ADI-47087,abodybuilder2,SUCCESS,/workspace_developability_acquisition/gate_b1/cache/structures/abodybuilder2/5c7e0d18f570b55d013d6054e21e1276.pdb,c9752ae7130b8112a9f84a3441a4c2c6593460c7c77737e5c07d1ac1ef10ee72,225,5831,
ADI-47089,abodybuilder2,SUCCESS,/workspace_developability_acquisition/gate_b1/cache/structures/abodybuilder2/f268b2994ba7bd80fd51a1130fcf2c2b.pdb,114c1892d10186db8c3e4ee98c773aedc9b4889b745af78e313bc6c5ce02fed1,236,6150,
ADI-47090,abodybuilder2,SUCCESS,/workspace_developability_acquisition/gate_b1/cache/structures/abodybuilder2/d221a2a6db4ff8addb3cea4626948e8c.pdb,34a632b0e67925aaf75583b343e5208693751ec5ac65b16a0f4c1876b20a25d8,235,6151,
ADI-47091,abodybuilder2,SUCCESS,/workspace_developability_acquisition/gate_b1/cache/structures/abodybuilder2/5fdefefa98f92e5ebe8cbd499ddc20f7.pdb,38d47a819da857a3f930b9a70c3d870a1b23e9856594f5db61adc3c77491360d,238,6225,
ADI-47092,abodybuilder2,SUCCESS,/workspace_developability_acquisition/gate_b1/cache/structures/abodybuilder2/9d75c9033b5579d9d4ec2d672fa15b8a.pdb,97dc58182940d9275f04b349a372d045670b1115442fda5282cfeed86f61f76e,233,6116,
ADI-47093,abodybuilder2,SUCCESS,/workspace_developability_acquisition/gate_b1/cache/structures/abodybuilder2/837ea108c1a52fcb4451255f599cf029.pdb,3b325c16a6a529ca257c69624f1c6be91bdde59ed7c4ac178844e335f38b59e5,225,5859,
ADI-47094,abodybuilder2,SUCCESS,/workspace_developability_acquisition/gate_b1/cache/structures/abodybuilder2/f0182777491c0c587e8edad3ac58d90c.pdb,202dc7a8bbef5e4133f6bdd76b93f19305586efb558cf217d37caf3fafb73844,230,5929,
ADI-47095,abodybuilder2,SUCCESS,/workspace_developability_acquisition/gate_b1/cache/structures/abodybuilder2/6032f64ac955dd776c8ca342c350d208.pdb,1ee08049f3bcfc958344aa08733d247a115e1b435b27407d5ce07b4653bd0249,231,6025,
ADI-47096,abodybuilder2,SUCCESS,/workspace_developability_acquisition/gate_b1/cache/structures/abodybuilder2/e195e98dfb2576195e8a087e80ec83de.pdb,4dce1db8efdbf784ca338375cd0b43c32bfe89fd90d4ad7876d361ee920cfc3b,238,6146,
ADI-47097,abodybuilder2,SUCCESS,/workspace_developability_acquisition/gate_b1/cache/structures/abodybuilder2/256426615fcf166b12204b59802948fd.pdb,d5d12d26b1544780b0737fa4a8275044048827725c0f32cd7f97c4f37b01de4c,231,6008,
ADI-47098,abodybuilder2,SUCCESS,/workspace_developability_acquisition/gate_b1/cache/structures/abodybuilder2/a84d7abfbfb41eb1870f42ef56cbc31f.pdb,175c4818c66e0f2ccea3455697a07b40c939058fce04d7d3373170b4aef9921c,230,5970,
ADI-47099,abodybuilder2,SUCCESS,/workspace_developability_acquisition/gate_b1/cache/structures/abodybuilder2/887e15b650ee4dad3418953e66519084.pdb,8e98d1f196fb227f952e1c29f63f58fc9c3460c8b0b2ddfd976468eb4d0fbb92,229,5944,
ADI-47100,abodybuilder2,SUCCESS,/workspace_developability_acquisition/gate_b1/cache/structures/abodybuilder2/70384c269260ea8c64810eae9423cb88.pdb,a5f29f24f6bc44d1319f92094e0428097784d664513d8a8bd79bf377fe31fdf0,235,6091,
ADI-47102,abodybuilder2,SUCCESS,/workspace_developability_acquisition/gate_b1/cache/structures/abodybuilder2/46c13b2b6473183dd8445e855a25c421.pdb,2c0684004ece2d158ab00fbd29f0d92f73b3a901b5980565f960d90427ff3439,227,5947,
ADI-47103,abodybuilder2,SUCCESS,/workspace_developability_acquisition/gate_b1/cache/structures/abodybuilder2/345510f06a7c440518501bfeb446df04.pdb,7947c29ef89d4bc076e51c6d8b1284132df613488425e87baa18d5189efb1c82,232,5979,
ADI-47104,abodybuilder2,SUCCESS,/workspace_developability_acquisition/gate_b1/cache/structures/abodybuilder2/a472fb2dd17eb16ea0eb9e2ab45bac69.pdb,c23b57dd85caf8b9dc93e5efb4206fe2c312ba7e97f6afc3a69fbfde71e2dfdf,231,6008,
ADI-47105,abodybuilder2,SUCCESS,/workspace_developability_acquisition/gate_b1/cache/structures/abodybuilder2/3ddcb4fc2dedd4cc757b32da7e27b14c.pdb,6cd416862ed2b28c1fd0789f52fb72e5a3a7ba323e1e3b62d834b83ab908def9,225,5853,
ADI-47106,abodybuilder2,SUCCESS,/workspace_developability_acquisition/gate_b1/cache/structures/abodybuilder2/51fc9d997ec7e5b325129c5c4f8b97c7.pdb,922b58a54c705534118f455309c069ecbe48fdb186568edd3749196a24bb1eb7,236,6122,
ADI-47107,abodybuilder2,SUCCESS,/workspace_developability_acquisition/gate_b1/cache/structures/abodybuilder2/46209b58c29bfa3e5259ee8e41fe4a4c.pdb,116a61096c8b6804a800a7d6050e28b54a59f413ec4dadd817808a5175adc46a,227,5799,
ADI-47109,abodybuilder2,SUCCESS,/workspace_developability_acquisition/gate_b1/cache/structures/abodybuilder2/6aa36a35f91c2b26491fed036d21ac63.pdb,35a60aa3c5b21f7c4d58193ad32d1385b7bf9af37784e9b2039181bbed6d5d5c,223,5716,
ADI-47111,abodybuilder2,SUCCESS,/workspace_developability_acquisition/gate_b1/cache/structures/abodybuilder2/a093f1d10f493dc41a0b15ab40999a74.pdb,da00b47147cac9c47e970dae2b50f5a1e7bc803b053e73cfd3d5ba3ae070100b,232,6048,
ADI-47112,abodybuilder2,SUCCESS,/workspace_developability_acquisition/gate_b1/cache/structures/abodybuilder2/d6dfb5a04ddc833343c8f8060e08a4e2.pdb,d6db059a0441afab069a85c910357f1e985eba4cd88acca27140502bfcff93d6,229,5995,
ADI-47113,abodybuilder2,SUCCESS,/workspace_developability_acquisition/gate_b1/cache/structures/abodybuilder2/fa113078846d13e309e45af0be411a4a.pdb,817bddfb592420f5deff444ad1adeea477243d7d3598bcf0579523dd093a9ce4,227,5916,
ADI-47114,abodybuilder2,SUCCESS,/workspace_developability_acquisition/gate_b1/cache/structures/abodybuilder2/75755cc402a6b30a9ae1bd844116d069.pdb,95eaa9fd603a6647ae73dd40e53bb38ecb38d3020779a679c9254ba630f361e0,231,5906,
ADI-47116,abodybuilder2,SUCCESS,/workspace_developability_acquisition/gate_b1/cache/structures/abodybuilder2/67a040583b2dfa79a816dfa61d4100b4.pdb,bf9a193a445109aa97bfd8c6d10472c9265e5bde0fe2843da464b32953484e2a,233,6090,
ADI-47117,abodybuilder2,SUCCESS,/workspace_developability_acquisition/gate_b1/cache/structures/abodybuilder2/1cc10ba5cef300f81c10614dbddaefd5.pdb,f858ca9febd62cc710df559443fd61950358c2d8c3664cb8e642d7778c5caced,240,6150,
ADI-47118,abodybuilder2,SUCCESS,/workspace_developability_acquisition/gate_b1/cache/structures/abodybuilder2/97e2c54e42fd9a71c50042ecf31658bc.pdb,06e14e8bb701a91695581fb14257bb7f94909bfd2eb236c6d6dadfb28be047e3,232,6036,
ADI-47119,abodybuilder2,SUCCESS,/workspace_developability_acquisition/gate_b1/cache/structures/abodybuilder2/cae64b36c454ae38265e013191e785e9.pdb,d9c936fc379a09301b203771e492acd6b978b9b9786247db36385dbc7c7b174e,235,6070,
ADI-47120,abodybuilder2,SUCCESS,/workspace_developability_acquisition/gate_b1/cache/structures/abodybuilder2/25eff3096e7bdbcec97430afedb78f5a.pdb,782ee5245ac5c5de308af710a19b58d075f3c4f83c56d77effa7659e7c0a845b,234,6142,
ADI-47121,abodybuilder2,SUCCESS,/workspace_developability_acquisition/gate_b1/cache/structures/abodybuilder2/82e30acc11eb5052558f6ed5f9ff5f52.pdb,0c6e8371c853725eec111f5bb76e700fcc6d8fa28e215a7c67d492e8baec4625,230,6037,
ADI-47122,abodybuilder2,SUCCESS,/workspace_developability_acquisition/gate_b1/cache/structures/abodybuilder2/9a5f25cb3c5799329e704833b39bb520.pdb,e1d5e6eddc44b13f99290ca6d7c44a98ef3944c46d2aac3591a30b678e5791b6,235,6069,
ADI-47123,abodybuilder2,SUCCESS,/workspace_developability_acquisition/gate_b1/cache/structures/abodybuilder2/b8564468d6e62d14fbbeedb4b092645b.pdb,82f22743cc3a689aabc36a554eb4cc87fdc6bf0a17a148cd100f65ddf8798757,229,5934,
ADI-47124,abodybuilder2,SUCCESS,/workspace_developability_acquisition/gate_b1/cache/structures/abodybuilder2/ef3cb344a68a0b381d4356d334c11ee2.pdb,acc08136c4aed2b0701ea7bdac3a60564611a48d3e770860c0a79caf60532fbe,234,6007,
ADI-47125,abodybuilder2,SUCCESS,/workspace_developability_acquisition/gate_b1/cache/structures/abodybuilder2/d2719190a1360f1cde614ea6a7e5cdfc.pdb,aa66c89960571e57c5bcfe8e5350930e79a9af007fae37e61ac3e56a3afcadcf,234,6073,
ADI-47126,abodybuilder2,SUCCESS,/workspace_developability_acquisition/gate_b1/cache/structures/abodybuilder2/ddada534f95d85948fdb95b3254d5318.pdb,2d6fb6528445cc270cf4cd27bd6f4356da10cf49036778f41602262b0db0ae6a,231,6027,
ADI-47127,abodybuilder2,SUCCESS,/workspace_developability_acquisition/gate_b1/cache/structures/abodybuilder2/e9dadc962e970646dc43438dc319fa7b.pdb,ba9f688f380be9996033abd22259c7e8f0881b54409a402c8d62bfd3eee1feae,242,6289,
ADI-47129,abodybuilder2,SUCCESS,/workspace_developability_acquisition/gate_b1/cache/structures/abodybuilder2/d68271f6332c0b34179548e53a81e9cf.pdb,9344c4fd02d63b9e135dff5e214967b39903c518f1520d5b98050a4c4624ba70,234,5979,
ADI-47130,abodybuilder2,SUCCESS,/workspace_developability_acquisition/gate_b1/cache/structures/abodybuilder2/fb50454b8dd736e693713e37b9b07563.pdb,59348f22b8a4ef37cab4d29dd6147bab065bff2f24aa361296f55ceb82dffa54,235,6118,
ADI-47131,abodybuilder2,SUCCESS,/workspace_developability_acquisition/gate_b1/cache/structures/abodybuilder2/b81a683d65f84b1f1ece6a8c56fb2ec2.pdb,eeeab53bef2b40f991a509331e64a0e8454408fe632928740c5bc3140195b697,235,6076,
ADI-47132,abodybuilder2,SUCCESS,/workspace_developability_acquisition/gate_b1/cache/structures/abodybuilder2/1cc84dc55daeb324b974a7c1b7f56ff8.pdb,15ed6947012734e3b2be6097bd6da1c165ff85560e389d6bb7100104ddf60b58,224,5765,
ADI-47133,abodybuilder2,SUCCESS,/workspace_developability_acquisition/gate_b1/cache/structures/abodybuilder2/6c937801ae32f04c1b6654c39f448950.pdb,b1e421d5319709727887040b590d9b1a0b464185b48d51cb243151507a56db8c,229,5983,
ADI-47134,abodybuilder2,SUCCESS,/workspace_developability_acquisition/gate_b1/cache/structures/abodybuilder2/8f92db7eda57c429245eab5dd1598482.pdb,03c78213d30d402d1ee2c8ade87730a67fe866ba1d777be2b4465b35470a89c2,237,6171,
ADI-47135,abodybuilder2,SUCCESS,/workspace_developability_acquisition/gate_b1/cache/structures/abodybuilder2/32e9648db850dce32492e0d4d0c820fb.pdb,30e0113d7ef5135379ab747aab0ec0047271f7045ae51430dbe3eaa5a3694d13,241,6193,
ADI-47137,abodybuilder2,SUCCESS,/workspace_developability_acquisition/gate_b1/cache/structures/abodybuilder2/0e91f3846271f693101452eef005326a.pdb,b51db9596699d21a37cfad5cd2bd78a82bcc5c96e2c661feead2232fbeae14e7,224,5748,
ADI-47139,abodybuilder2,SUCCESS,/workspace_developability_acquisition/gate_b1/cache/structures/abodybuilder2/ddf57f2ce6ec1de23353ca63d4ae8aef.pdb,bc17555a5b7cbf3a1c2c0d3212afb8e27231b4f2833f9bfc33a7843c8be91c81,234,6117,
ADI-47140,abodybuilder2,SUCCESS,/workspace_developability_acquisition/gate_b1/cache/structures/abodybuilder2/d42e73029a847706bd30e02f4ffb7dbc.pdb,ada2ac373bf48a04a3200c7d98b2bad5fee23eaf8b95a733f2b7aa94e7afc0ac,238,6203,
ADI-47141,abodybuilder2,SUCCESS,/workspace_developability_acquisition/gate_b1/cache/structures/abodybuilder2/1d13e8f1db0dba0ae4dd9e4dd44c3803.pdb,0f825b048a06f124dac4c15f31c9ad440b09b2a036ddea1a5ca013e52bd94cc0,233,6085,
ADI-47143,abodybuilder2,SUCCESS,/workspace_developability_acquisition/gate_b1/cache/structures/abodybuilder2/4b7d5daf8160dc09539fc357c332e84a.pdb,6135036ca58d38c86057101dbbeff49aa37660c59381f5c575dba3cb4ce5fe2d,238,6041,
ADI-47145,abodybuilder2,SUCCESS,/workspace_developability_acquisition/gate_b1/cache/structures/abodybuilder2/2bace9697f5a1e64364bce93893ce2f1.pdb,43c397c0988696516a1e5f69faddb48f69ae834325f6110a5dc76e86a44469bf,235,5982,
ADI-47146,abodybuilder2,SUCCESS,/workspace_developability_acquisition/gate_b1/cache/structures/abodybuilder2/71d021993754862027c04ca1b140ea49.pdb,119116c3f6ff322b383fe63940cad48780d1ffa5351f510ec5b69eb915e03265,229,5848,
ADI-47147,abodybuilder2,SUCCESS,/workspace_developability_acquisition/gate_b1/cache/structures/abodybuilder2/2dff7411aff8bdc16647465f7500d1c2.pdb,00ec5b939759e5647ca1fbf78455b5199e15b11526159654e3612ecf5cf515b2,237,6073,
ADI-47148,abodybuilder2,SUCCESS,/workspace_developability_acquisition/gate_b1/cache/structures/abodybuilder2/a65ee70a75859d6fa10a242450f849dd.pdb,c32375398024aa1b7b17bcdbc3b62f91fef738af4d86cc689a4f6a74ae23a4dc,231,5935,
ADI-47149,abodybuilder2,SUCCESS,/workspace_developability_acquisition/gate_b1/cache/structures/abodybuilder2/57045e8ebdc6f8f7b06a0b4038e03870.pdb,6a9449b2710dc4968a5a5f0060c27f3a8de5342060d9c029971930c0540c244d,236,6114,
ADI-47151,abodybuilder2,SUCCESS,/workspace_developability_acquisition/gate_b1/cache/structures/abodybuilder2/21f7d120136adf850e06e351b2e8c6ec.pdb,a084545986d0c565112d883a561331f9db09a057b144d11944a471cf5c992e77,232,6022,
ADI-47152,abodybuilder2,SUCCESS,/workspace_developability_acquisition/gate_b1/cache/structures/abodybuilder2/e56a6b2376a861a0391afaf315ad38b4.pdb,2678d16f646cdc534ba231699c474025df29e9340071b94d312b2f901dd26318,232,6045,
ADI-47153,abodybuilder2,SUCCESS,/workspace_developability_acquisition/gate_b1/cache/structures/abodybuilder2/95d83011498c987f48f585bae1edf837.pdb,56a5d22d3860b30de15464ac71144c26607a6fdd15642bd3ecdefa7f344ec2ba,233,6064,
ADI-47154,abodybuilder2,SUCCESS,/workspace_developability_acquisition/gate_b1/cache/structures/abodybuilder2/d00d203079859b254e3f6b7d78f81bde.pdb,9df1b03d9eb31aa341245d138a871c96709dc8e381631c90181ad31e41b31180,231,5947,
ADI-47155,abodybuilder2,SUCCESS,/workspace_developability_acquisition/gate_b1/cache/structures/abodybuilder2/67606ff651d72b9e0625687a1da10500.pdb,8966ac2fa6cd66f15dc26489d8666e62f2da3edb4ab6796909e63a6e511c266d,227,5959,
ADI-47156,abodybuilder2,SUCCESS,/workspace_developability_acquisition/gate_b1/cache/structures/abodybuilder2/7e11777d2f4c844481ecce3691137e6c.pdb,ee5eeaf813274a0b2fb15477288bfb503299ce0d2d3169b8baa3055a43aa38f3,238,6092,
ADI-47158,abodybuilder2,SUCCESS,/workspace_developability_acquisition/gate_b1/cache/structures/abodybuilder2/0542de453a8308e00d64a18cffda23c9.pdb,43e9168827baf29645cca66981111d327223df9efb1126ff5579f7f316fdc5ee,235,6067,
ADI-47159,abodybuilder2,SUCCESS,/workspace_developability_acquisition/gate_b1/cache/structures/abodybuilder2/7892bdac4499e29750a15eda2043d50f.pdb,41247c83983eec16847265fdb3cd33eb221a5cd03e77bdff6341cd7b6e461a9e,237,6171,
ADI-47160,abodybuilder2,SUCCESS,/workspace_developability_acquisition/gate_b1/cache/structures/abodybuilder2/c0919110518b1ffc6ee307ba5a3da6dd.pdb,5034a68a7b5b3b26b65d897204706cf4b7bcfa96d67ac445eb2948673674b30b,230,5901,
ADI-47161,abodybuilder2,SUCCESS,/workspace_developability_acquisition/gate_b1/cache/structures/abodybuilder2/e2a2aaa27b8b7cf6e7341472f9d60b48.pdb,081da463aa5bb712747733e18ab8a20c93664c086004fdc6f27429e9489d22db,237,6057,
ADI-47162,abodybuilder2,SUCCESS,/workspace_developability_acquisition/gate_b1/cache/structures/abodybuilder2/402dccc77bd91a71e5958c4bc87aeeec.pdb,3d8e91263d60149c4ad521f91c40030011dd46a4f80de5a46a7fb58538851d0b,241,6306,
ADI-47163,abodybuilder2,SUCCESS,/workspace_developability_acquisition/gate_b1/cache/structures/abodybuilder2/a35a929fbdfc0bb1db12e6d2df31b976.pdb,79ff3ac25491e06ad0a3d2b2d74af7d0ce7c3c7669c1a9614fb73f5a4f3edbb5,224,5831,
ADI-47165,abodybuilder2,SUCCESS,/workspace_developability_acquisition/gate_b1/cache/structures/abodybuilder2/332c09470d84fe82da4b14e46af26800.pdb,68eea51cf376b220b53d6e06b051fa24e69cdaf7c841ce4447a22ec3dabee180,229,5905,
ADI-47166,abodybuilder2,SUCCESS,/workspace_developability_acquisition/gate_b1/cache/structures/abodybuilder2/d1a59d27b1bf173d20f893dc0df27826.pdb,ea4c2e3a64f7166ea6974b7048bbbcfde07e69b9148389ca0636144c84935a7b,238,6219,
ADI-47173,abodybuilder2,SUCCESS,/workspace_developability_acquisition/gate_b1/cache/structures/abodybuilder2/1d9ddfda682b1efd9a18c2c5eef3437d.pdb,701fea81c00b0a868a61d669a45cc94105d55585b813e4c7112478dd670d5728,234,6051,
ADI-47174,abodybuilder2,SUCCESS,/workspace_developability_acquisition/gate_b1/cache/structures/abodybuilder2/44ead68fa8f1287cabf7c23c92aad05d.pdb,ca020f42048c9dd09fcba090898dbd4e688a34c27b4f46380b36fdf37d420485,232,6071,
ADI-47175,abodybuilder2,SUCCESS,/workspace_developability_acquisition/gate_b1/cache/structures/abodybuilder2/57a16fa80ea76d2973c58e2cdc9779d8.pdb,67e63ca54720587c3767099d9fa9b726ac1a259161ed3b986d82eec36ce00e85,233,6017,
ADI-47176,abodybuilder2,SUCCESS,/workspace_developability_acquisition/gate_b1/cache/structures/abodybuilder2/90c26b2a1ba42a033159eec4aeaae00a.pdb,baa15b7d2e8f01da88e4878da0fbf46b058a42c1f0b27cdb39f72041664a787f,229,5942,
ADI-47177,abodybuilder2,SUCCESS,/workspace_developability_acquisition/gate_b1/cache/structures/abodybuilder2/6c395d86b74025ad9d187988d4fc5404.pdb,98e99c48e6c9f13b55f928acff5c1986b357fa137e57f11c5cc2acd02564ae5c,229,5908,
ADI-47178,abodybuilder2,SUCCESS,/workspace_developability_acquisition/gate_b1/cache/structures/abodybuilder2/3f6a32249db8b8dbc1053d62da5e89f0.pdb,c9bee44ec8a77c35a4f597ba83dc099616dfa37770f53e91ace7c18a240cc0f4,229,5918,
ADI-47179,abodybuilder2,SUCCESS,/workspace_developability_acquisition/gate_b1/cache/structures/abodybuilder2/5441028847f8386fe3ef4f80cbdc6888.pdb,ecfae4f4b80ad6b2696cebf763ad14aa01f7308ccf65320d9cae428f6daec911,228,5956,
ADI-47180,abodybuilder2,SUCCESS,/workspace_developability_acquisition/gate_b1/cache/structures/abodybuilder2/7ad17608fd5b640e599de09a935e4aa9.pdb,e1ca4b94e9fb5ba1f59ca346377259923666229ca6483f3bf6121fcd60d009be,225,5882,
ADI-47181,abodybuilder2,SUCCESS,/workspace_developability_acquisition/gate_b1/cache/structures/abodybuilder2/c4cff91fc5977b75cd619db14c9c266b.pdb,024afb268d77054bfec9ce9ec9b8491398ac6845858be8b0f8fab17a2afde794,229,6036,
ADI-47182,abodybuilder2,SUCCESS,/workspace_developability_acquisition/gate_b1/cache/structures/abodybuilder2/f10e1db0200569f6dae6559187b27b17.pdb,fc52c6c7d5e1d04b6af938ab987b3a5646f567a8fc3e9e188e88dfb8dc4a29aa,233,6112,
ADI-47183,abodybuilder2,SUCCESS,/workspace_developability_acquisition/gate_b1/cache/structures/abodybuilder2/3bb01e3aa13dbf93d1a7cb3f51204dd9.pdb,3b92ee50e37cf8653cbc2461021b20319b6154d8d0b363c3c90e2659d1352d78,225,5878,
ADI-47184,abodybuilder2,SUCCESS,/workspace_developability_acquisition/gate_b1/cache/structures/abodybuilder2/f36e3684a1276a20c8ce570d666c3037.pdb,c7fcb4ed712d1bd82ab64aa8ebe854e3675397a5d5a8336ac7379a7237f814d9,231,5959,
ADI-47186,abodybuilder2,SUCCESS,/workspace_developability_acquisition/gate_b1/cache/structures/abodybuilder2/75fcb831dea5acf4393e03ad08fc08d3.pdb,50774288a8ed646b0f77501a4f52fabaaca56781e8e265619567b71b98c7e223,233,6117,
ADI-47187,abodybuilder2,SUCCESS,/workspace_developability_acquisition/gate_b1/cache/structures/abodybuilder2/f26b4313b4ba622680dd8b43d9740ffe.pdb,1f23421974d56df0048ec9339f7001512433b16e8aa25d35a5bf3d441e8c6f1b,238,6145,
ADI-47188,abodybuilder2,SUCCESS,/workspace_developability_acquisition/gate_b1/cache/structures/abodybuilder2/61fedce8fc692c8cc02f3167656193ec.pdb,6cfd9acddf41a5cd580e5e198a7d2afd1b51e983588ff916da6d12dce0d1cd9b,241,6200,
ADI-47189,abodybuilder2,SUCCESS,/workspace_developability_acquisition/gate_b1/cache/structures/abodybuilder2/69f5d0770bbbb1c600d5f4904e178e91.pdb,e99797ab083a6472b94df58c1cd13a7d52553fd4de807aa10db5d630fcd9ddc9,239,6244,
ADI-47190,abodybuilder2,SUCCESS,/workspace_developability_acquisition/gate_b1/cache/structures/abodybuilder2/9406bf0f1998ecb097e529963bf4768c.pdb,0ddce858b2e3f8b1a87e8890d7be34fdf560d235168dfc5d27e42dd31ee69307,230,5865,
ADI-47191,abodybuilder2,SUCCESS,/workspace_developability_acquisition/gate_b1/cache/structures/abodybuilder2/0359448e19a9d3f548cff4e5c62aaddb.pdb,08aa320681582e93ffd00deb8aacfe42dc0ad8c2c541bf9dedda43d6ac6ce900,235,6147,
ADI-47192,abodybuilder2,SUCCESS,/workspace_developability_acquisition/gate_b1/cache/structures/abodybuilder2/72b3b9dd9764b528ae3795316930e7d4.pdb,7f14362966a90561449c29f2da75b08ba2a9fdd9d95d60c4a0119ac94286073f,240,6262,
ADI-47193,abodybuilder2,SUCCESS,/workspace_developability_acquisition/gate_b1/cache/structures/abodybuilder2/6586a2f6c10dfdec1b1b56edb73397a9.pdb,1a4ed944e491e1c23cf2d5f25a4343e60a4acd15bfacfb8e0be4e5100a227e8e,226,5889,
ADI-47194,abodybuilder2,SUCCESS,/workspace_developability_acquisition/gate_b1/cache/structures/abodybuilder2/5beba10b53f30c30a5e9683d9dba4ad4.pdb,a4d03204df53e04c1430c41047fec88afe81894c4697eb45c4d8fc85f137d3b4,226,5860,
ADI-47195,abodybuilder2,SUCCESS,/workspace_developability_acquisition/gate_b1/cache/structures/abodybuilder2/338a940ff535807abb36c4d039d4d614.pdb,a9d072f7333c0db2ab20d64cb6b0ce5cce46a7beb9f94e6ce16cd3c410376981,230,6015,
ADI-47196,abodybuilder2,SUCCESS,/workspace_developability_acquisition/gate_b1/cache/structures/abodybuilder2/291fb0f377cf90c9ad30cd21757f6c29.pdb,961131508f00bfdc4692f8d1ef12a94c6b36a662fa83844fbb1177e957c65664,236,6166,
ADI-47197,abodybuilder2,SUCCESS,/workspace_developability_acquisition/gate_b1/cache/structures/abodybuilder2/2f26343e4ee0f8cd2b1c338273bb1884.pdb,693fab94d976bc703d6a08a9cf3a07da9452b1eb37c3d35f760ea1418b6f747b,233,5981,
ADI-47198,abodybuilder2,SUCCESS,/workspace_developability_acquisition/gate_b1/cache/structures/abodybuilder2/7d07db7f161e331955bc071493511cdf.pdb,8cb9f5899f1050a7d166a9d714b919800f42d06a5c0f75833a7716c00de88db6,230,6024,
ADI-47199,abodybuilder2,SUCCESS,/workspace_developability_acquisition/gate_b1/cache/structures/abodybuilder2/333871d376b0954ff25d53ef42a2c537.pdb,5a6275834202a2a544027301978bc44552ecaf072255f2e20f5dc951b3372d2a,229,5971,
ADI-47200,abodybuilder2,SUCCESS,/workspace_developability_acquisition/gate_b1/cache/structures/abodybuilder2/994f13f3342edbd90b7a0dd78d237e21.pdb,f3629000047f9396d766088fb3a6baa45064429ec226117a73f51435624903b3,229,5960,
ADI-47201,abodybuilder2,SUCCESS,/workspace_developability_acquisition/gate_b1/cache/structures/abodybuilder2/1bdd9133fed3c5e67db66b8ccf876049.pdb,043c72d4f5058ee899009739ded0adf5e6c17f78a3aef4ccd95eb5b0f4cfdc2a,228,5956,
ADI-47202,abodybuilder2,SUCCESS,/workspace_developability_acquisition/gate_b1/cache/structures/abodybuilder2/f65973a7743794ad4920c8c2d65809be.pdb,071de756fe416e1ca20531c8e4d8b801b337f6daa511e8674fd80e399da57f25,234,6181,
ADI-47203,abodybuilder2,SUCCESS,/workspace_developability_acquisition/gate_b1/cache/structures/abodybuilder2/55177d5bc3128b77535b84905a05cee7.pdb,e30ba7856626256c683356656b714fb698dfd1a756683e623a66fb27c0aa8253,229,5894,
ADI-47204,abodybuilder2,SUCCESS,/workspace_developability_acquisition/gate_b1/cache/structures/abodybuilder2/1acc0ae89597a222c3fd0a327daf33a5.pdb,f26531fb03828cb5382d66359b93cc0ea3aa2aaa4946756fc52a0c96acaa5d2d,233,5975,
ADI-47205,abodybuilder2,SUCCESS,/workspace_developability_acquisition/gate_b1/cache/structures/abodybuilder2/d2f5ea3afda53323777d91b6a8c39da5.pdb,0023db705c730589591b1d3efc5fd26937f87d7beac44c4a441a8d3c8a72c06c,233,6099,
ADI-47206,abodybuilder2,SUCCESS,/workspace_developability_acquisition/gate_b1/cache/structures/abodybuilder2/f3daa94c2566dd004926788073eb357c.pdb,d647c5a5d7247e167776494fe14dcbc963b6d7fcaccd4098e9e0a8d15b310327,227,5940,
ADI-47207,abodybuilder2,SUCCESS,/workspace_developability_acquisition/gate_b1/cache/structures/abodybuilder2/d152564288727e2a17c80447bfaf1c78.pdb,fdf51d37b8e1f023ab571214069c7d1b48e1d17b6f0f3476f83f570dd5b8a6b8,236,6058,
ADI-47208,abodybuilder2,SUCCESS,/workspace_developability_acquisition/gate_b1/cache/structures/abodybuilder2/45d787336411393edabed4e9212934b4.pdb,36303815ae2ab6489093da7bd0dbe59445b87be41cdd00ca4c21f57d261807b6,224,5791,
ADI-47209,abodybuilder2,SUCCESS,/workspace_developability_acquisition/gate_b1/cache/structures/abodybuilder2/9eab64b870aa7c5e5bbb3f6a753edd95.pdb,d96a0682657e5b08e8f1f9b59d18a44d007591d9e2ded959c8742c8b0373a41c,235,6064,
ADI-47212,abodybuilder2,SUCCESS,/workspace_developability_acquisition/gate_b1/cache/structures/abodybuilder2/ad867d698435cfd4df6ceaa1994de56d.pdb,1c54e5333c364b0bbfdd510851de1e5f2b0839aca431dc31bf19fc7c841f9e6f,230,5887,
ADI-47213,abodybuilder2,SUCCESS,/workspace_developability_acquisition/gate_b1/cache/structures/abodybuilder2/55f7ae8901f7b50aa7e118d8d3ed2e00.pdb,57b9b1896056e9a666b2193db0139829ccbe27f558e812a8e3f8667e6e2cb1d7,230,5960,
ADI-47214,abodybuilder2,SUCCESS,/workspace_developability_acquisition/gate_b1/cache/structures/abodybuilder2/3606a5fc5e78ad6efcd4032cde648bac.pdb,3bf7bebd1501e4c74a2b7987033f454a806e1389614e9df87634114538d20bf1,229,5971,
ADI-47215,abodybuilder2,SUCCESS,/workspace_developability_acquisition/gate_b1/cache/structures/abodybuilder2/50c8c63f5fbbba1cf3c53f4d0fec0620.pdb,df10ec1e0fee1259a8b421bc6642a32ac53c30650d5af2a8a70c08b079972ca5,229,5974,
ADI-47216,abodybuilder2,SUCCESS,/workspace_developability_acquisition/gate_b1/cache/structures/abodybuilder2/0854f43c80d13468c4de608a2e32f4c5.pdb,6063e91b3232327f0767cfc5ebe2f3d3b5a38ccbbc21771b19a6a82afd614130,231,5972,
ADI-47217,abodybuilder2,SUCCESS,/workspace_developability_acquisition/gate_b1/cache/structures/abodybuilder2/2df262c3623876013937ff2af98cb446.pdb,3c86b9501959e377ef84e53a4daa95a250116aa14f2a4813fc6a01c7b12f1211,231,6016,
ADI-47218,abodybuilder2,SUCCESS,/workspace_developability_acquisition/gate_b1/cache/structures/abodybuilder2/dde4276a506503206d308c60deee276b.pdb,583b6edcb760d78efbd6a33dfd56888447cc739a6177e4e2140ac4c58a3d136c,230,5988,
ADI-47219,abodybuilder2,SUCCESS,/workspace_developability_acquisition/gate_b1/cache/structures/abodybuilder2/042424c64566f9daba680603240f4d38.pdb,f5b2ebe85ce322ec49c026f37cf80fccfb3cfc0bb506bd336de7c7cf4f3937df,234,5986,
ADI-47220,abodybuilder2,SUCCESS,/workspace_developability_acquisition/gate_b1/cache/structures/abodybuilder2/e5645bf1c84472a98619435421a794e0.pdb,c4e20013dd48a775064b3d3efb54e386bad0ab8a2d615762e2ae87750faf28d7,228,5911,
ADI-47221,abodybuilder2,SUCCESS,/workspace_developability_acquisition/gate_b1/cache/structures/abodybuilder2/3afbfc40663d4ff5a8b79d56af6441d2.pdb,804fb29a520713b5c40badcf24d847fe088e83966e0b2396c87fb97a7358e64c,247,6125,
ADI-47222,abodybuilder2,SUCCESS,/workspace_developability_acquisition/gate_b1/cache/structures/abodybuilder2/542ff28b2b1230d9ca3b5d7c5dca2d75.pdb,c76f942d314d7c74648b733bad401b912a9a2f5bbbc0029de6a199fae8b8b874,233,5966,
ADI-47223,abodybuilder2,SUCCESS,/workspace_developability_acquisition/gate_b1/cache/structures/abodybuilder2/f36678000a27e8fe29385f7b3dd6c74e.pdb,580e1289fb59928016c8ffc58931244e1398fa7287d281ce1537839f6d43125d,231,5964,
ADI-47224,abodybuilder2,SUCCESS,/workspace_developability_acquisition/gate_b1/cache/structures/abodybuilder2/c1262a1033e17c9f544720207a5a4af9.pdb,f8fb369866ecf9ddbaa0bb1fe5e21aff786e9058895054d472082fe3cb046be0,234,6059,
ADI-47225,abodybuilder2,SUCCESS,/workspace_developability_acquisition/gate_b1/cache/structures/abodybuilder2/b5bd1bd9e6db8dd7de352847bdf4f8fd.pdb,b73a2ee702716d75a79fb0a9fedff8d04728aec964295128d5b0bd1710a63320,230,5982,
ADI-47226,abodybuilder2,SUCCESS,/workspace_developability_acquisition/gate_b1/cache/structures/abodybuilder2/fe29e974ce25265a1d09f21a55880a7c.pdb,f7f363e43c56e42a4aba16064768213ebdcbc49afe1a2f7782cde303ef52a299,229,5949,
ADI-47227,abodybuilder2,SUCCESS,/workspace_developability_acquisition/gate_b1/cache/structures/abodybuilder2/b26f41819e91b9d7a6dfcdbd8affc8eb.pdb,edce87834a8851b609e1c7831ef9a1d775154a54f78a22987afd847b1a69d73e,238,6139,
ADI-47228,abodybuilder2,SUCCESS,/workspace_developability_acquisition/gate_b1/cache/structures/abodybuilder2/3e19632a2e3d6f03f67a537988cd2688.pdb,c83d5bcac3d4a96f564f7d19bd188edc88508c1765c21662f80b9553f5a03a07,236,6082,
ADI-47229,abodybuilder2,SUCCESS,/workspace_developability_acquisition/gate_b1/cache/structures/abodybuilder2/51aff12f751cad0f8570952b4e1d4223.pdb,bf5fcf1049203020f065aeaa17d03a8179d21f06ca558701eb9b1e93f4bf1301,235,6067,
ADI-47230,abodybuilder2,SUCCESS,/workspace_developability_acquisition/gate_b1/cache/structures/abodybuilder2/56739fda40643b01568b6cd706a62739.pdb,54047ece4b5dd0e1d9150e3c98787a19b38884b2d93b433e70f7139c0991e1a6,224,5850,
ADI-47231,abodybuilder2,SUCCESS,/workspace_developability_acquisition/gate_b1/cache/structures/abodybuilder2/793ec73169717c8cf91bf3309345a4ec.pdb,ac008955e62024221e0cf171d7d99d09831fe121680efffd7aa1f0af21aaf28b,232,6020,
ADI-47232,abodybuilder2,SUCCESS,/workspace_developability_acquisition/gate_b1/cache/structures/abodybuilder2/1919957156f4166870b07bb2cdff38de.pdb,7a4f7a7a1ec50d3d74bf0b0e94a3033d896fe89c20da82db52323b64c097ab60,242,6162,
ADI-47233,abodybuilder2,SUCCESS,/workspace_developability_acquisition/gate_b1/cache/structures/abodybuilder2/d4a2522518630dc584ecaa420f35e488.pdb,98314df6a41071aa7b1ea6ad8789f897bec2bac245e35ad14fc501261e679394,235,6114,
ADI-47234,abodybuilder2,SUCCESS,/workspace_developability_acquisition/gate_b1/cache/structures/abodybuilder2/262511c136af4f65d502fd80d727bb6f.pdb,a207b7c783b9ccf4b9068190c4ece47ff97558a7bda36335dee75f0f7c55f844,232,6085,
ADI-47235,abodybuilder2,SUCCESS,/workspace_developability_acquisition/gate_b1/cache/structures/abodybuilder2/659087d85d6d05560873c3e867676350.pdb,9aad4080f2fc74e53e913894bda5548488d870b74f0fd40f204d12489850b183,240,6269,
ADI-47236,abodybuilder2,SUCCESS,/workspace_developability_acquisition/gate_b1/cache/structures/abodybuilder2/5d914d16baa750c8edbceaf8891bae77.pdb,0262dc30fabef61028b615ecf059b5245301a4b244247de1880376318430767b,233,6131,
ADI-47237,abodybuilder2,SUCCESS,/workspace_developability_acquisition/gate_b1/cache/structures/abodybuilder2/72496f7ca7653ae406847716e325baaf.pdb,fd9f34ed526dd8f91356cdb613d8bb02c35a6fbd2f2ce60032b23649111155ec,238,6254,
ADI-47238,abodybuilder2,SUCCESS,/workspace_developability_acquisition/gate_b1/cache/structures/abodybuilder2/71cf42e8327efa90ea073ec6304fa763.pdb,474c804f094ec0b7fd6389be184a3b3babe068a4e76249e6ec0c56531ef7285c,239,6290,
ADI-47239,abodybuilder2,SUCCESS,/workspace_developability_acquisition/gate_b1/cache/structures/abodybuilder2/54a83ca09ce8d5d6aa185e998e270398.pdb,8c023d597953668feb355b3672ce34866edd9cdd4646a911331e360ebccec00c,241,6269,
ADI-47240,abodybuilder2,SUCCESS,/workspace_developability_acquisition/gate_b1/cache/structures/abodybuilder2/8daf3e9859cb755fbbec6af9e52a2158.pdb,3514f8ec1fcbec299b58f2971b97950bf790514fd055331067cf4089af0f6f84,237,6242,
ADI-47241,abodybuilder2,SUCCESS,/workspace_developability_acquisition/gate_b1/cache/structures/abodybuilder2/f7cfdc0f031e0b673de27e2099a5add1.pdb,0ea134b8f73a1999beb8dde185366487a14970f332c602853b3ea1466617cbb2,235,6155,
ADI-47243,abodybuilder2,SUCCESS,/workspace_developability_acquisition/gate_b1/cache/structures/abodybuilder2/1f8c45bc7ed22c1fe13bc6ca611cd86e.pdb,e1f56e0bc6b100bdf52c4daa0512ba1077ffa6b31c8e711fba41f4587d1e7302,232,5968,
ADI-47244,abodybuilder2,SUCCESS,/workspace_developability_acquisition/gate_b1/cache/structures/abodybuilder2/6e62a1b0d70e9f307b79f5ee4a55760d.pdb,633f2173f8f9963768191a108dfda0618beddec71099a542eae9d1b0a6c62ca5,237,6093,
ADI-47246,abodybuilder2,SUCCESS,/workspace_developability_acquisition/gate_b1/cache/structures/abodybuilder2/246634e674e5609e63689d1cce770f75.pdb,5cab22efab8b9a4c5c427e2eaaaf9917c2df272572784f4e3d24ca0f512145be,221,5691,
ADI-47247,abodybuilder2,SUCCESS,/workspace_developability_acquisition/gate_b1/cache/structures/abodybuilder2/5e5fd47798a0ae3cd240afd24c73efcd.pdb,4dbaf309792d4197f71a1b5e4ec36d296dc784f44dff46c751f8e1808b7a56fb,228,5927,
ADI-47248,abodybuilder2,SUCCESS,/workspace_developability_acquisition/gate_b1/cache/structures/abodybuilder2/ff1bf493f0b34a33212b5f14030d37b4.pdb,7cd1569e19e9c85443a2aa17e2b7d5800449ced8e307b3659ce8cc6c9e904c64,229,5959,
ADI-47249,abodybuilder2,SUCCESS,/workspace_developability_acquisition/gate_b1/cache/structures/abodybuilder2/63e2cd7489177a3ed014d80d2d7a7db6.pdb,588ace42179b2a27ce974fcad78cc66afbc80cdf7a7978aa0fe6b111cd132e82,232,6100,
ADI-47250,abodybuilder2,SUCCESS,/workspace_developability_acquisition/gate_b1/cache/structures/abodybuilder2/05ef524b10a9ccdfb39212b56b64783f.pdb,5fd5fbc4be129cf3310a55e4b6298c0912b64dfe2c1df5dc2078c77311774006,231,5962,
ADI-47251,abodybuilder2,SUCCESS,/workspace_developability_acquisition/gate_b1/cache/structures/abodybuilder2/7e86c9923cbbb99c119aa43b107f9b63.pdb,3c5ebd0a2f0c25018e8f1f035314ab2fca7acd75a95aa02b30c2dfd5684f8aba,231,5886,
ADI-47252,abodybuilder2,SUCCESS,/workspace_developability_acquisition/gate_b1/cache/structures/abodybuilder2/02dae6fc4b76724a464a98840329b241.pdb,3aff0cd788d92d5be4adbfc4a6809c463c6862712ce31fe0650700ef345d02df,225,5827,
ADI-47253,abodybuilder2,SUCCESS,/workspace_developability_acquisition/gate_b1/cache/structures/abodybuilder2/999731a9e15296ac173e9c0c1248e366.pdb,bb14536c4b59a334ee0b7741ce77df66406946add1aed1ddc750b9beff3e6799,228,5918,
ADI-47254,abodybuilder2,SUCCESS,/workspace_developability_acquisition/gate_b1/cache/structures/abodybuilder2/c34f293269f493229879b46ed0312511.pdb,9295c7a59ae108a895d3c56a01eba4676221a5a4200aa1f2f7b54963f925d0e0,233,6117,
ADI-47255,abodybuilder2,SUCCESS,/workspace_developability_acquisition/gate_b1/cache/structures/abodybuilder2/859a873c1569e5bdd1a8757c71f15308.pdb,c2c32b594a6496d45c6cc51140e2c1537a7566b3a2a4133ca497a88796451569,240,6182,
ADI-47256,abodybuilder2,SUCCESS,/workspace_developability_acquisition/gate_b1/cache/structures/abodybuilder2/3ef38834e987a895d175b8dd9e732246.pdb,6f19f6f77f8c06d33bf2adff548c4db780b80b0687413afe5d5884d54ef9a0ef,241,6185,
ADI-47257,abodybuilder2,SUCCESS,/workspace_developability_acquisition/gate_b1/cache/structures/abodybuilder2/e895ab4c1e6588bfe49ccaafe1085147.pdb,5411d57154541269e3b98a04d349aea8ebd99e4c9472faf53ec1363c2518c86c,228,5944,
ADI-47258,abodybuilder2,SUCCESS,/workspace_developability_acquisition/gate_b1/cache/structures/abodybuilder2/2f7f60c1d53d8682c18416941a41f19a.pdb,fe90a53ff0a7476f81cf26f89666c7645ceb71b41d95157843f9d2e06f3990ec,239,6195,
ADI-47259,abodybuilder2,SUCCESS,/workspace_developability_acquisition/gate_b1/cache/structures/abodybuilder2/aa9934d752469df464c26b3ca76bb0b9.pdb,2c39d04a65a29ade97209ee6e8e4ac6e10f0141054e150eb214d7fe3a85a8522,236,6038,
ADI-47260,abodybuilder2,SUCCESS,/workspace_developability_acquisition/gate_b1/cache/structures/abodybuilder2/ec2da7523498a8bf4e527440e48976f0.pdb,9fbb4c2dba7aa1e27f47b264d2d00817c3a1ce9708dd76a47ecd53d64a0afacc,244,6193,
ADI-47261,abodybuilder2,SUCCESS,/workspace_developability_acquisition/gate_b1/cache/structures/abodybuilder2/142c8feb2cbc1f4d740a493960c5e696.pdb,6f496b5ca1b8e1a47708a970bf02cae2c721f8b3e16d8b162d428dbb2761d466,226,5879,
ADI-47262,abodybuilder2,SUCCESS,/workspace_developability_acquisition/gate_b1/cache/structures/abodybuilder2/9bb675db376a100fbafda7192f59e131.pdb,342224b28a927d4b18d64648ced98b6352c235369bae1630e8ce0af278258b29,237,6229,
ADI-47263,abodybuilder2,SUCCESS,/workspace_developability_acquisition/gate_b1/cache/structures/abodybuilder2/57e17a4ddb560f97965099c723632260.pdb,98bf38b81a27812af0947b853155fc2a4b3077feb282cfe4358f6b202c7f2ee1,228,5891,
ADI-47264,abodybuilder2,SUCCESS,/workspace_developability_acquisition/gate_b1/cache/structures/abodybuilder2/7dc2e47b8481f18d96f3a83a291ef3a6.pdb,22bbf74fb5ec5d30d37a3da9fbaa44abcddc114fba98f18b0a1d592b64487319,237,6212,
ADI-47265,abodybuilder2,SUCCESS,/workspace_developability_acquisition/gate_b1/cache/structures/abodybuilder2/b2b8adcb5e79bd26bc811193c282c9bc.pdb,b5e7ffc456dbf74612e5d09df25ac4e23b5c61f87a9424298f4f2bd4cf1f173d,239,6287,
ADI-47267,abodybuilder2,SUCCESS,/workspace_developability_acquisition/gate_b1/cache/structures/abodybuilder2/18aa52a1994936af787af171dca9f8f9.pdb,363212e8848f81b45fc99be907be822af47679732bf4d43eca4132be86f0fa69,224,5746,
ADI-47278,abodybuilder2,SUCCESS,/workspace_developability_acquisition/gate_b1/cache/structures/abodybuilder2/20e88d68e33437277d292f2629e6caf5.pdb,8b9f5a10c453e87efa563cc0e43ac0ddb7c26cf82f2dcefb3b9b5dc60e514297,226,5887,
ADI-47279,abodybuilder2,SUCCESS,/workspace_developability_acquisition/gate_b1/cache/structures/abodybuilder2/4919ba3fc8c08aa1bced95356c0e7985.pdb,054b78d040baf6949b986870af6a7dedd62ab526bc76e3cdf84e2f0117a087db,228,5987,
ADI-47280,abodybuilder2,SUCCESS,/workspace_developability_acquisition/gate_b1/cache/structures/abodybuilder2/b64fc18c07215d4f8b43c3cfb264342c.pdb,9f99c84cb4d183a935c1d4b16d68ce5acefdf0073c4a81789618c87c7a4ef736,231,6029,
ADI-47281,abodybuilder2,SUCCESS,/workspace_developability_acquisition/gate_b1/cache/structures/abodybuilder2/d16ab12647be91c2c81e41cc90bc6aec.pdb,e922cfb9d021555020b05c1161bc6a8f907437aba57d785136f3dd0e601a7d47,230,5972,
ADI-47282,abodybuilder2,SUCCESS,/workspace_developability_acquisition/gate_b1/cache/structures/abodybuilder2/5e0b1d2ae51ef5dcbfb404816737141c.pdb,f7dffeb4ad1fc83f3c670c822db98a041da8aa3a6686890a6716e88efa1d6dde,230,6027,
ADI-47283,abodybuilder2,SUCCESS,/workspace_developability_acquisition/gate_b1/cache/structures/abodybuilder2/faee5660488b660e32dcb5ce3565b748.pdb,a9c16f4965633772ddda9c8a822c1bc480f910352c4aa7842d1d03b019451aec,237,6134,
ADI-47284,abodybuilder2,SUCCESS,/workspace_developability_acquisition/gate_b1/cache/structures/abodybuilder2/ecf67a6f2f03b1fec14b9a8d61631529.pdb,a31cb12766437967fff56836cb05a72f3573b5b7fdb4fc2655d12b6743a25f1b,227,5856,
ADI-47285,abodybuilder2,SUCCESS,/workspace_developability_acquisition/gate_b1/cache/structures/abodybuilder2/de9ff9cb4094dcec9b472682c5b9fc19.pdb,74f291e99a28459213b9b7685a9d9e5903738af938d883711576591cbb543c76,234,6001,
ADI-47286,abodybuilder2,SUCCESS,/workspace_developability_acquisition/gate_b1/cache/structures/abodybuilder2/c08ecbb0483b59738b78b3a4cdffe1d0.pdb,fd68c32ec2b23b733ce9666e5feda5486d3276db73473286ec41a949731de5af,231,5943,
ADI-47287,abodybuilder2,SUCCESS,/workspace_developability_acquisition/gate_b1/cache/structures/abodybuilder2/f2c0f47b15fa0820695e120bbe963c4c.pdb,f2e92e1e6db5aa44ea1f9084f1829f0dae6aeed1894fba3760806d0ea9b1dcf7,234,6108,
ADI-47288,abodybuilder2,SUCCESS,/workspace_developability_acquisition/gate_b1/cache/structures/abodybuilder2/3259e9583e3bd101b22437a20ae8cdaa.pdb,7ccf9ff7a3318244d029b0b5a4f8ddb86c9949ed2d3b57538eedebaf4ecaa349,225,5852,
ADI-47289,abodybuilder2,SUCCESS,/workspace_developability_acquisition/gate_b1/cache/structures/abodybuilder2/b7030f453db7dd4cd74a09d83ac03ab4.pdb,b6f381f4e2222a980d24ba71a53593238283e755029ed8be0c36f0d9836b73e6,227,5876,
ADI-47290,abodybuilder2,SUCCESS,/workspace_developability_acquisition/gate_b1/cache/structures/abodybuilder2/fca727aa2ca8c37a47b112bdfbccd4f0.pdb,8d7fea56ec5f2cc65a1266975de89b85ba8812f48a922e5a4377c15daffe3ebb,233,6069,
ADI-47291,abodybuilder2,SUCCESS,/workspace_developability_acquisition/gate_b1/cache/structures/abodybuilder2/1b34361e03d59722ca56b3337463e0e1.pdb,975e82f132cf807cbb53dc48ac3c5a59b6d106e3095dcdcd45d82e2d70d69585,234,6033,
ADI-47292,abodybuilder2,SUCCESS,/workspace_developability_acquisition/gate_b1/cache/structures/abodybuilder2/eed1ece9b5de21a68c739c95e6515e9d.pdb,29b3851d2549f96f649ec28f349173454e7b363e44ff77300c9c94f14586c925,230,5980,
ADI-47293,abodybuilder2,SUCCESS,/workspace_developability_acquisition/gate_b1/cache/structures/abodybuilder2/e5b9dc2f2150a77aa57bff7d4e4d01a5.pdb,5980517a86feaad734ca803395d821baa09ddf4a1557745dc33611f7e8bfb9f2,230,6010,
ADI-47294,abodybuilder2,SUCCESS,/workspace_developability_acquisition/gate_b1/cache/structures/abodybuilder2/4fb465f676fefe8476c49486545e8578.pdb,9adfb7eadc18fdb06032a367dc06a9f09ce356d3df5084007a886c198689b744,229,5907,
ADI-47295,abodybuilder2,SUCCESS,/workspace_developability_acquisition/gate_b1/cache/structures/abodybuilder2/d1ac9c37d4153b36358f321de510dc6e.pdb,53f7e11ad92b9c293d4cbc44abc39422349740f734a8aedc61e8fe86301bd617,231,5971,
ADI-47296,abodybuilder2,SUCCESS,/workspace_developability_acquisition/gate_b1/cache/structures/abodybuilder2/bdb3018478cc3679cdbcde28d0be985c.pdb,45c0bf1fce734b37792635fa87f89faf57462b7146ed904076625da0ef867f6f,227,5961,
ADI-47297,abodybuilder2,SUCCESS,/workspace_developability_acquisition/gate_b1/cache/structures/abodybuilder2/4f451403372d32f552c4e6828b53f24f.pdb,9ff0cc3bca341b4c47bb1909cf9da62710ef8e86353ce69bb43418f62d33dc52,225,5844,
ADI-47298,abodybuilder2,SUCCESS,/workspace_developability_acquisition/gate_b1/cache/structures/abodybuilder2/add9349f6d52517905999e3c1af6bf8b.pdb,4e61031152b6b502c82ccb1215b0785e2cee7bae2e89814c30d28818ce64898e,228,6013,
ADI-47299,abodybuilder2,SUCCESS,/workspace_developability_acquisition/gate_b1/cache/structures/abodybuilder2/6559e46316086735592c7501a8716a3e.pdb,49a0d630cace1fa2b803e3f86d1b7e91f9ed40a4681d74473f6d146d1db256ee,226,5743,
ADI-47300,abodybuilder2,SUCCESS,/workspace_developability_acquisition/gate_b1/cache/structures/abodybuilder2/37b734b14fb3748172a7c47b2a8b9afb.pdb,addb76db149387aed99c911a8c37388deea0c6ac4490401af6a653974adc680b,232,5920,
ADI-47301,abodybuilder2,SUCCESS,/workspace_developability_acquisition/gate_b1/cache/structures/abodybuilder2/2dd83ceb8b0ab52d070e290d072f6bf0.pdb,9f2d89eebbf2f04d2232a11019c3877cb4a42d8bcc10042412cf5543ae99c57a,229,6004,
ADI-47302,abodybuilder2,SUCCESS,/workspace_developability_acquisition/gate_b1/cache/structures/abodybuilder2/4d36720184738a5f3e5078822b1acee0.pdb,c47e0ecd00025e94d71f775b0cd19046169715e1ddd55359770e41af694bae48,232,6032,
ADI-47303,abodybuilder2,SUCCESS,/workspace_developability_acquisition/gate_b1/cache/structures/abodybuilder2/20c445ea6c70749add417c9f847d5a1f.pdb,9101c23ca564b6693c68015ceb0daf51f7375c1ee1bfec45ea2ca9eef8a0429d,227,5920,
ADI-47304,abodybuilder2,SUCCESS,/workspace_developability_acquisition/gate_b1/cache/structures/abodybuilder2/709ff05264d95a15ab00455cede3456e.pdb,e0f83fd96483d3a54fea1ad2ff907b92bafd31190c4ecc4f609193e2e0b12693,232,6016,
ADI-47305,abodybuilder2,SUCCESS,/workspace_developability_acquisition/gate_b1/cache/structures/abodybuilder2/0902b01d70b8117ada4e89a6b1b776bb.pdb,cd3a2815fc6169dde4a654fa2612077fe6c15db2c28e6311904c59e4bf45e272,235,6097,
ADI-47306,abodybuilder2,SUCCESS,/workspace_developability_acquisition/gate_b1/cache/structures/abodybuilder2/18daf2cde72e99e23a2a8b025267dc1c.pdb,1f26afe648a55ea60b714212fce55675c63573aa34019be9ab91b85657241c1f,229,5991,
ADI-47307,abodybuilder2,SUCCESS,/workspace_developability_acquisition/gate_b1/cache/structures/abodybuilder2/7993c2ec2864faf7a974d52efedfcc89.pdb,1d2b3c6ac10ab2ac043a2f37c622014b4f765bbf5788ff65c71ca6bb0ffdc750,232,6021,
ADI-47308,abodybuilder2,SUCCESS,/workspace_developability_acquisition/gate_b1/cache/structures/abodybuilder2/cf157665574301c159dddf110833d575.pdb,fe04bc458e25085f85f7f177b0917a45a40d24f714adf4b2f38448690aa2316d,233,6062,
ADI-47309,abodybuilder2,SUCCESS,/workspace_developability_acquisition/gate_b1/cache/structures/abodybuilder2/7a0f483c6c8c5e67bf3704680813de35.pdb,bf32551049322e8d61eb75d2412f798351b36c19c9ba3fc842ed5ceedb0896fe,226,5774,
ADI-47310,abodybuilder2,SUCCESS,/workspace_developability_acquisition/gate_b1/cache/structures/abodybuilder2/f6a2b6d22b85b21464690eaba49eb1f0.pdb,7986890bb2b2e46b4006bdafe958556e1068155e8661d48414cf7d57972c5683,226,5853,
ADI-47311,abodybuilder2,SUCCESS,/workspace_developability_acquisition/gate_b1/cache/structures/abodybuilder2/d91c5a4fb83ae9937b91bd9ed74e8742.pdb,01e96814b4ed8960d42a8b5bc511ec71aaceb1f846a8665521eaa72d5dc32894,227,5958,
ADI-47312,abodybuilder2,SUCCESS,/workspace_developability_acquisition/gate_b1/cache/structures/abodybuilder2/03eda54c93cd5bd0722deaa544287881.pdb,f39f55b7c89fa2a028301c62e91139988e0ebdeb44ba42cd046f2a9a37da3bde,225,5821,
ADI-47313,abodybuilder2,SUCCESS,/workspace_developability_acquisition/gate_b1/cache/structures/abodybuilder2/55e823574db2d642f71b9739e3bf0a4e.pdb,aa23b5afbb94a8ea950cc629478124b79a7d50defe1a62ee02a1e975ac48753b,227,5832,
ADI-47316,abodybuilder2,SUCCESS,/workspace_developability_acquisition/gate_b1/cache/structures/abodybuilder2/6fcf1d7d3da8dc66b2ab0625f0ded3f7.pdb,71c98ebbdb76e66adb31d99d5ddcfd3a72abbaa378fa02c2d006f17fa07120ef,232,6044,
ADI-47317,abodybuilder2,SUCCESS,/workspace_developability_acquisition/gate_b1/cache/structures/abodybuilder2/b9c670627e59bff83fe04990f1b23ffa.pdb,b16bb69b1f3ab97e402a13552624767efeea0edb8aec1b3a156d242793b226f3,235,6265,
ADI-37123,boltz2,SUCCESS,/workspace_developability_acquisition/organizer_extension/feature_prospecting/structure_sources/boltz2_fv_standard_v1/structures_pdb/ADI-37123.pdb,eda280be05e636235748c8e6d3c9178705870394b1eb576ac9436772f9865b75,226,5931,
ADI-37124,boltz2,SUCCESS,/workspace_developability_acquisition/organizer_extension/feature_prospecting/structure_sources/boltz2_fv_standard_v1/structures_pdb/ADI-37124.pdb,b82d17378ef0580097a7c60c1fa6620386a75b0f3166db205ed4ff8ad458689a,231,5954,
ADI-37125,boltz2,SUCCESS,/workspace_developability_acquisition/organizer_extension/feature_prospecting/structure_sources/boltz2_fv_standard_v1/structures_pdb/ADI-37125.pdb,0549e5975b32380b1bec7a1517623954c3eaa71286b21db273887caf6a926e80,232,6084,
ADI-38498,boltz2,SUCCESS,/workspace_developability_acquisition/organizer_extension/feature_prospecting/structure_sources/boltz2_fv_standard_v1/structures_pdb/ADI-38498.pdb,c276043d7c53ed33bab7182360fa7ec594aead1c8aafc91ee9527c5a42b0a40b,235,6130,
ADI-38499,boltz2,SUCCESS,/workspace_developability_acquisition/organizer_extension/feature_prospecting/structure_sources/boltz2_fv_standard_v1/structures_pdb/ADI-38499.pdb,d717c786df4fd4259e3ffe2fec060f68997a9f6cb7bfaeccf3fe3b5227f1f468,229,5927,
ADI-38500,boltz2,SUCCESS,/workspace_developability_acquisition/organizer_extension/feature_prospecting/structure_sources/boltz2_fv_standard_v1/structures_pdb/ADI-38500.pdb,4e535c361168a08d1f43f6ca0a49fe86cf15ea6c911d9fdca190b7d551e21b51,232,6121,
ADI-38501,boltz2,SUCCESS,/workspace_developability_acquisition/organizer_extension/feature_prospecting/structure_sources/boltz2_fv_standard_v1/structures_pdb/ADI-38501.pdb,f0a6f45f38c8c72adbcee409ef5c34fe0a0a1db25cba3986cc168520b12128f6,227,5972,
ADI-38502,boltz2,SUCCESS,/workspace_developability_acquisition/organizer_extension/feature_prospecting/structure_sources/boltz2_fv_standard_v1/structures_pdb/ADI-38502.pdb,8eb2f2ede8eff2268f31f8d1eee31fcefe4040aac988e30274290847b2b11740,230,5985,
ADI-38503,boltz2,SUCCESS,/workspace_developability_acquisition/organizer_extension/feature_prospecting/structure_sources/boltz2_fv_standard_v1/structures_pdb/ADI-38503.pdb,39008dedfe573f564efe4d09b33c45f1900b1beddc405e095aee7ec791121ebd,232,6113,
ADI-45368,boltz2,SUCCESS,/workspace_developability_acquisition/organizer_extension/feature_prospecting/structure_sources/boltz2_fv_standard_v1/structures_pdb/ADI-45368.pdb,160bfd13437ef19eade00f5a7d20e19eadaa6e669a0000089cbc8e78954536ab,228,5906,
ADI-45370,boltz2,SUCCESS,/workspace_developability_acquisition/organizer_extension/feature_prospecting/structure_sources/boltz2_fv_standard_v1/structures_pdb/ADI-45370.pdb,2b78fcbbe080f81f84f1a06e3ea2a2f880e5a42b78ba64081d92e41e5027bae7,228,6029,
ADI-45373,boltz2,SUCCESS,/workspace_developability_acquisition/organizer_extension/feature_prospecting/structure_sources/boltz2_fv_standard_v1/structures_pdb/ADI-45373.pdb,126584187145c7eaa381bda3e891a9dc9b65b8244c5d888236589404a380ab33,230,6094,
ADI-45375,boltz2,SUCCESS,/workspace_developability_acquisition/organizer_extension/feature_prospecting/structure_sources/boltz2_fv_standard_v1/structures_pdb/ADI-45375.pdb,7886bdc9c09c6d9a1c1fee48db9fb053a1b3a2a85fd615161cf9bc116edf43f9,236,6206,
ADI-45378,boltz2,SUCCESS,/workspace_developability_acquisition/organizer_extension/feature_prospecting/structure_sources/boltz2_fv_standard_v1/structures_pdb/ADI-45378.pdb,4c491c8228035847d05c91cc7e81265c32160f9f2ce08a399f742afa2b2651d2,237,6194,
ADI-45379,boltz2,SUCCESS,/workspace_developability_acquisition/organizer_extension/feature_prospecting/structure_sources/boltz2_fv_standard_v1/structures_pdb/ADI-45379.pdb,436e19329c78b42fafb33c25dd12e1d97d9750cffa7a9477ab13e04c8b8a38d1,226,5876,
ADI-45382,boltz2,SUCCESS,/workspace_developability_acquisition/organizer_extension/feature_prospecting/structure_sources/boltz2_fv_standard_v1/structures_pdb/ADI-45382.pdb,868542830dc9fc89363029f387ad1cb9cd73485274b44e7542990f0726637ec9,238,6150,
ADI-45383,boltz2,SUCCESS,/workspace_developability_acquisition/organizer_extension/feature_prospecting/structure_sources/boltz2_fv_standard_v1/structures_pdb/ADI-45383.pdb,0487618d963ee5beaedd0f22bd656612181b910020e53f6479c174b122226687,234,6174,
ADI-45388,boltz2,SUCCESS,/workspace_developability_acquisition/organizer_extension/feature_prospecting/structure_sources/boltz2_fv_standard_v1/structures_pdb/ADI-45388.pdb,1a3a1ab72d0ac26334a2a9e425d465879efcba3287f5e4a66265d589bde23b44,234,6131,
ADI-45389,boltz2,SUCCESS,/workspace_developability_acquisition/organizer_extension/feature_prospecting/structure_sources/boltz2_fv_standard_v1/structures_pdb/ADI-45389.pdb,c68e7bfd571f348d64f4040cf67a3552477ebcc73f6bbf88db953e619a8e5cac,227,5922,
ADI-45390,boltz2,SUCCESS,/workspace_developability_acquisition/organizer_extension/feature_prospecting/structure_sources/boltz2_fv_standard_v1/structures_pdb/ADI-45390.pdb,dd9d87ec825d377f5a19f02e128abd691a76bd934d1a220d44b8ad487968bd2e,229,6062,
ADI-45391,boltz2,SUCCESS,/workspace_developability_acquisition/organizer_extension/feature_prospecting/structure_sources/boltz2_fv_standard_v1/structures_pdb/ADI-45391.pdb,b3b1843cff84cdb0f2762894705b0d5629fcad738cbe18158cc41710115437f4,228,5930,
ADI-45393,boltz2,SUCCESS,/workspace_developability_acquisition/organizer_extension/feature_prospecting/structure_sources/boltz2_fv_standard_v1/structures_pdb/ADI-45393.pdb,af0a28d97ebe6d8215707b66184b95791256364b22944dfc10f2ea911becb5f6,231,6097,
ADI-45395,boltz2,SUCCESS,/workspace_developability_acquisition/organizer_extension/feature_prospecting/structure_sources/boltz2_fv_standard_v1/structures_pdb/ADI-45395.pdb,ef467f98e4981f487927184b9a970b6a5cb97b5186e54b6afe247891ce38d37c,230,6051,
ADI-45397,boltz2,SUCCESS,/workspace_developability_acquisition/organizer_extension/feature_prospecting/structure_sources/boltz2_fv_standard_v1/structures_pdb/ADI-45397.pdb,84ab43fd14207a97c10fd5bef1b1444d5c4aaf2df934c765f12b8cd974da99bd,227,5940,
ADI-45402,boltz2,SUCCESS,/workspace_developability_acquisition/organizer_extension/feature_prospecting/structure_sources/boltz2_fv_standard_v1/structures_pdb/ADI-45402.pdb,6b01167433b0258fea6858abf19d92d26ae4ded3c3cd9dc1153aa79bd2477277,237,6270,
ADI-45404,boltz2,SUCCESS,/workspace_developability_acquisition/organizer_extension/feature_prospecting/structure_sources/boltz2_fv_standard_v1/structures_pdb/ADI-45404.pdb,208e2cf277b0ec4dbd5c42cc02346174fb085c7c3d4215d528cff4d301f4c856,233,6059,
ADI-45405,boltz2,SUCCESS,/workspace_developability_acquisition/organizer_extension/feature_prospecting/structure_sources/boltz2_fv_standard_v1/structures_pdb/ADI-45405.pdb,cc440a2548989c6441f901752f6ce20dd9428d033bdac032b6a15cc68663f652,231,6022,
ADI-45406,boltz2,SUCCESS,/workspace_developability_acquisition/organizer_extension/feature_prospecting/structure_sources/boltz2_fv_standard_v1/structures_pdb/ADI-45406.pdb,a09628b742b235bdca75e30cb58f134c4c8951707936fdc580413cc8dc06c7af,229,5948,
ADI-45407,boltz2,SUCCESS,/workspace_developability_acquisition/organizer_extension/feature_prospecting/structure_sources/boltz2_fv_standard_v1/structures_pdb/ADI-45407.pdb,f59191226858540ebca0bd81b2e3ba041c07649d6c7790929a40d5b21e426015,235,6380,
ADI-45408,boltz2,SUCCESS,/workspace_developability_acquisition/organizer_extension/feature_prospecting/structure_sources/boltz2_fv_standard_v1/structures_pdb/ADI-45408.pdb,bb12186a4fc8205a0fb0f0055eb3674ea8dc5ee5ef317fd02885a6833017c0ee,232,6028,
ADI-45409,boltz2,SUCCESS,/workspace_developability_acquisition/organizer_extension/feature_prospecting/structure_sources/boltz2_fv_standard_v1/structures_pdb/ADI-45409.pdb,0ff087454bd07342218ab8b44518784f5345ed726b8f5cadeda9a892e3f21f65,234,6269,
ADI-45410,boltz2,SUCCESS,/workspace_developability_acquisition/organizer_extension/feature_prospecting/structure_sources/boltz2_fv_standard_v1/structures_pdb/ADI-45410.pdb,6d2393b337cd80a8570acf6c5221014a21eafd93cf56eaef7c1d82d089714f67,235,6150,
ADI-45411,boltz2,SUCCESS,/workspace_developability_acquisition/organizer_extension/feature_prospecting/structure_sources/boltz2_fv_standard_v1/structures_pdb/ADI-45411.pdb,beedf42d8720c68e2dd8ddd2140d6d8f0065596d459d20b7076bbfc96f15683a,227,5807,
ADI-45422,boltz2,SUCCESS,/workspace_developability_acquisition/organizer_extension/feature_prospecting/structure_sources/boltz2_fv_standard_v1/structures_pdb/ADI-45422.pdb,949b6398a56cba959332ae15769507d4fc6a0c759bce0d2364fbbd89e0404a65,231,6102,
ADI-45425,boltz2,SUCCESS,/workspace_developability_acquisition/organizer_extension/feature_prospecting/structure_sources/boltz2_fv_standard_v1/structures_pdb/ADI-45425.pdb,a995eb1254694de16b406a4c1dc3af80b42164a91a2ab30ffcbfac0b6a3ecb6e,237,6301,
ADI-45428,boltz2,SUCCESS,/workspace_developability_acquisition/organizer_extension/feature_prospecting/structure_sources/boltz2_fv_standard_v1/structures_pdb/ADI-45428.pdb,947af0159b5ee722a60dc5bdc7c7a09f06a88c9fd37e1405384ae112193ae78f,240,6283,
ADI-45429,boltz2,SUCCESS,/workspace_developability_acquisition/organizer_extension/feature_prospecting/structure_sources/boltz2_fv_standard_v1/structures_pdb/ADI-45429.pdb,1b4f0731b7e2dd60b77b718e1271ba204f4e7227c8f65049bb49e054f57a2055,232,6101,
ADI-45430,boltz2,SUCCESS,/workspace_developability_acquisition/organizer_extension/feature_prospecting/structure_sources/boltz2_fv_standard_v1/structures_pdb/ADI-45430.pdb,4271d73b7dff1a6f6d689634303ccef9a4c71c4c87de30f6ca1722687018e189,234,6122,
ADI-45433,boltz2,SUCCESS,/workspace_developability_acquisition/organizer_extension/feature_prospecting/structure_sources/boltz2_fv_standard_v1/structures_pdb/ADI-45433.pdb,8ff7b6b929b6c0fd9e21c4b5938013fcf0f39b82aee6df7110e8718c0693cee2,234,6079,
ADI-45435,boltz2,SUCCESS,/workspace_developability_acquisition/organizer_extension/feature_prospecting/structure_sources/boltz2_fv_standard_v1/structures_pdb/ADI-45435.pdb,a0319ed2bcbc89fa54fa3979e0c1a81cf4f9bc04363ef02072ebed0a68368c9a,239,6142,
ADI-45438,boltz2,SUCCESS,/workspace_developability_acquisition/organizer_extension/feature_prospecting/structure_sources/boltz2_fv_standard_v1/structures_pdb/ADI-45438.pdb,bdef25ac7c2ec8a14eae54921be17f1486e4ae0eb72b24c39e8521a96ee4064a,231,6067,
ADI-45439,boltz2,SUCCESS,/workspace_developability_acquisition/organizer_extension/feature_prospecting/structure_sources/boltz2_fv_standard_v1/structures_pdb/ADI-45439.pdb,95e6f0bbac4576c9894d3b3e5a8a4b2c6e16d24886d64dbb8bc15a0eb16dce85,228,5930,
ADI-45440,boltz2,SUCCESS,/workspace_developability_acquisition/organizer_extension/feature_prospecting/structure_sources/boltz2_fv_standard_v1/structures_pdb/ADI-45440.pdb,b35cee93c02c2b94538c0c7868639dc78f254ee768aad9e02330693deabbfc70,230,6014,
ADI-45442,boltz2,SUCCESS,/workspace_developability_acquisition/organizer_extension/feature_prospecting/structure_sources/boltz2_fv_standard_v1/structures_pdb/ADI-45442.pdb,2ddb13ee841fd0c3f0085459aab1f86df0b92a0b262c8770b1355d050623027c,230,6022,
ADI-45447,boltz2,SUCCESS,/workspace_developability_acquisition/organizer_extension/feature_prospecting/structure_sources/boltz2_fv_standard_v1/structures_pdb/ADI-45447.pdb,6e75e25b9c6b8009c6354de8401efaab2bb6cf08fc199e637a2ac1f3793a07ba,229,5892,
ADI-45448,boltz2,SUCCESS,/workspace_developability_acquisition/organizer_extension/feature_prospecting/structure_sources/boltz2_fv_standard_v1/structures_pdb/ADI-45448.pdb,26b4ab39d873d04768ce39129d54c16421421db001d8addff683ef28e563f216,231,5920,
ADI-45450,boltz2,SUCCESS,/workspace_developability_acquisition/organizer_extension/feature_prospecting/structure_sources/boltz2_fv_standard_v1/structures_pdb/ADI-45450.pdb,25e7ffcc7d9df5aeefb4f2d25c40326af63f36f46204985cdf01ee568d6faf04,228,5999,
ADI-45451,boltz2,SUCCESS,/workspace_developability_acquisition/organizer_extension/feature_prospecting/structure_sources/boltz2_fv_standard_v1/structures_pdb/ADI-45451.pdb,7e0c0cae75c391106ef008c711e1198be15bab988b5101f8c0c8172cc3976e84,239,6287,
ADI-45452,boltz2,SUCCESS,/workspace_developability_acquisition/organizer_extension/feature_prospecting/structure_sources/boltz2_fv_standard_v1/structures_pdb/ADI-45452.pdb,6d167c65a12b5315ab31f9699ddc0da9c1b2943db785b6b355f5b5cd8ae20da9,227,5915,
ADI-45453,boltz2,SUCCESS,/workspace_developability_acquisition/organizer_extension/feature_prospecting/structure_sources/boltz2_fv_standard_v1/structures_pdb/ADI-45453.pdb,1b891b9b6d157f9abaf49678ea15ca205099470fced37983dfcbb6b2fc85a0d9,227,5855,
ADI-45454,boltz2,SUCCESS,/workspace_developability_acquisition/organizer_extension/feature_prospecting/structure_sources/boltz2_fv_standard_v1/structures_pdb/ADI-45454.pdb,cce3a71eccecb67f0d172b2b216741ed96550afe6a16a064d15d77b03c3998cf,235,5985,
ADI-45455,boltz2,SUCCESS,/workspace_developability_acquisition/organizer_extension/feature_prospecting/structure_sources/boltz2_fv_standard_v1/structures_pdb/ADI-45455.pdb,22bc94178f150c5830a6364877a3558be6e1c099cd7c32cfd34d4e0453f42fe2,232,6098,
ADI-45456,boltz2,SUCCESS,/workspace_developability_acquisition/organizer_extension/feature_prospecting/structure_sources/boltz2_fv_standard_v1/structures_pdb/ADI-45456.pdb,b220eba9fb199c94cc217b8d97dfdacd0ccb5795ad32b5e7492cb309b8156a5e,230,6102,
ADI-45459,boltz2,SUCCESS,/workspace_developability_acquisition/organizer_extension/feature_prospecting/structure_sources/boltz2_fv_standard_v1/structures_pdb/ADI-45459.pdb,b82deb3fdcf19e32d86ac36ba91c34943da306fed888f4dd45e37b1c3aed0d30,228,6004,
ADI-45460,boltz2,SUCCESS,/workspace_developability_acquisition/organizer_extension/feature_prospecting/structure_sources/boltz2_fv_standard_v1/structures_pdb/ADI-45460.pdb,f1192f2c86db3d806dd00cf1bf55d6623f9f218aadb1061a7fc568b1a65b6fcb,233,6193,
ADI-45461,boltz2,SUCCESS,/workspace_developability_acquisition/organizer_extension/feature_prospecting/structure_sources/boltz2_fv_standard_v1/structures_pdb/ADI-45461.pdb,c8a6a09b711a3e030a66cf9674cb29979be59b6586c48b11e099a9b6329705e1,239,6119,
ADI-45463,boltz2,SUCCESS,/workspace_developability_acquisition/organizer_extension/feature_prospecting/structure_sources/boltz2_fv_standard_v1/structures_pdb/ADI-45463.pdb,97da154d28d16d8e5124a44f207aa48c672b20c4713cec1746c1d543e5de9f04,231,6089,
ADI-45464,boltz2,SUCCESS,/workspace_developability_acquisition/organizer_extension/feature_prospecting/structure_sources/boltz2_fv_standard_v1/structures_pdb/ADI-45464.pdb,53d106f7bfc58e0f40fa8bf114cebe79119c6cfacf6342d3ce49dc0ab6491e76,227,5869,
ADI-45465,boltz2,SUCCESS,/workspace_developability_acquisition/organizer_extension/feature_prospecting/structure_sources/boltz2_fv_standard_v1/structures_pdb/ADI-45465.pdb,50879dc4ee55e1fa9fe76b588987fd4f9cde4fbf8b3b1d54336131f6e6c77658,230,5968,
ADI-45469,boltz2,SUCCESS,/workspace_developability_acquisition/organizer_extension/feature_prospecting/structure_sources/boltz2_fv_standard_v1/structures_pdb/ADI-45469.pdb,5416b21bc96f409d7791115898f170b4fc963315bc374c7ec2f09a87d7d2b221,235,6201,
ADI-45470,boltz2,SUCCESS,/workspace_developability_acquisition/organizer_extension/feature_prospecting/structure_sources/boltz2_fv_standard_v1/structures_pdb/ADI-45470.pdb,d6751138076c7e8af4836de90d0fa3f3bf1ce43f40aeb7b0b2b00973d6d162bb,230,6053,
ADI-45472,boltz2,SUCCESS,/workspace_developability_acquisition/organizer_extension/feature_prospecting/structure_sources/boltz2_fv_standard_v1/structures_pdb/ADI-45472.pdb,ae67846ae38fd2666202ebcd6b11cd09f091d6f176edb99eaf827cd43a7d3ded,230,6078,
ADI-45476,boltz2,SUCCESS,/workspace_developability_acquisition/organizer_extension/feature_prospecting/structure_sources/boltz2_fv_standard_v1/structures_pdb/ADI-45476.pdb,c46ade585ace11c3747b5b3f9216f9b1d3720380f1b6afda39fe711c900ea03b,230,6115,
ADI-45477,boltz2,SUCCESS,/workspace_developability_acquisition/organizer_extension/feature_prospecting/structure_sources/boltz2_fv_standard_v1/structures_pdb/ADI-45477.pdb,d03d3e5f2c9dc8f11496f1dd366ddcb60a83a4c690ed0a3e4911a247db737882,235,6201,
ADI-45479,boltz2,SUCCESS,/workspace_developability_acquisition/organizer_extension/feature_prospecting/structure_sources/boltz2_fv_standard_v1/structures_pdb/ADI-45479.pdb,33066bdcdee7600f112007f92937f77cc838cc17f29192549afaaa5b2c50b47f,231,6163,
ADI-45480,boltz2,SUCCESS,/workspace_developability_acquisition/organizer_extension/feature_prospecting/structure_sources/boltz2_fv_standard_v1/structures_pdb/ADI-45480.pdb,41b9e0cd846af19cc6d6df90c0df92677b13fc5f022abcd9d4e0f01bd6224be2,229,5930,
ADI-45481,boltz2,SUCCESS,/workspace_developability_acquisition/organizer_extension/feature_prospecting/structure_sources/boltz2_fv_standard_v1/structures_pdb/ADI-45481.pdb,c9f0ab6b8203c222dafb24f96259683a851eaee92fff3dafe43ef67c50a936e0,226,5831,
ADI-45485,boltz2,SUCCESS,/workspace_developability_acquisition/organizer_extension/feature_prospecting/structure_sources/boltz2_fv_standard_v1/structures_pdb/ADI-45485.pdb,447e4cf7719166edf62946c8a1142540da00bd6e6358f745881d3eed61ea0537,224,5821,
ADI-45486,boltz2,SUCCESS,/workspace_developability_acquisition/organizer_extension/feature_prospecting/structure_sources/boltz2_fv_standard_v1/structures_pdb/ADI-45486.pdb,41fc947e65dac3829201eb3a06f11d686a4f293d1f3b97344de256f427d46062,241,6281,
ADI-45488,boltz2,SUCCESS,/workspace_developability_acquisition/organizer_extension/feature_prospecting/structure_sources/boltz2_fv_standard_v1/structures_pdb/ADI-45488.pdb,204c687f45a6b69346e1fcce32e0c722aaac2189a793579fc2d445adf8210d9e,233,6154,
ADI-45489,boltz2,SUCCESS,/workspace_developability_acquisition/organizer_extension/feature_prospecting/structure_sources/boltz2_fv_standard_v1/structures_pdb/ADI-45489.pdb,2179d9736118d55eba52e3148f03465dd0c9a8946ca8e7830a0106a0c73f85c7,237,6229,
ADI-45490,boltz2,SUCCESS,/workspace_developability_acquisition/organizer_extension/feature_prospecting/structure_sources/boltz2_fv_standard_v1/structures_pdb/ADI-45490.pdb,9a8e87e09c00e05bea1a1e6e3c93d7694939dfba41996b5718b09da61eab04c7,233,6038,
ADI-45491,boltz2,SUCCESS,/workspace_developability_acquisition/organizer_extension/feature_prospecting/structure_sources/boltz2_fv_standard_v1/structures_pdb/ADI-45491.pdb,907389f7f54532ef0264eef333d92cedd259f7a4646e10c7f9caa3d4a1d194d7,233,6091,
ADI-45493,boltz2,SUCCESS,/workspace_developability_acquisition/organizer_extension/feature_prospecting/structure_sources/boltz2_fv_standard_v1/structures_pdb/ADI-45493.pdb,d2e1b98ff97aa94ba226376acc23c5509e2eb2aa30cfb3f85420d6c27b222abe,238,6254,
ADI-45495,boltz2,SUCCESS,/workspace_developability_acquisition/organizer_extension/feature_prospecting/structure_sources/boltz2_fv_standard_v1/structures_pdb/ADI-45495.pdb,eba71cbcc2f2b19634f5960f123e4bbae17f92e95ccdf6278c87ff6b9a142096,228,6017,
ADI-45497,boltz2,SUCCESS,/workspace_developability_acquisition/organizer_extension/feature_prospecting/structure_sources/boltz2_fv_standard_v1/structures_pdb/ADI-45497.pdb,b76201041290fb9a41eaae1274bb4a37daed7a69759aa81e5a37c2b4d981fbf7,235,6020,
ADI-45498,boltz2,SUCCESS,/workspace_developability_acquisition/organizer_extension/feature_prospecting/structure_sources/boltz2_fv_standard_v1/structures_pdb/ADI-45498.pdb,5436fcd5263e553ae1a0f3f09a0de8f748716000d60821a2f2a1d608dbdc2520,236,6186,
ADI-45499,boltz2,SUCCESS,/workspace_developability_acquisition/organizer_extension/feature_prospecting/structure_sources/boltz2_fv_standard_v1/structures_pdb/ADI-45499.pdb,793b08bf5631f4e46f8498053df108b6f50ba7e0f2175f47731812b5c2c100e7,239,6185,
ADI-46677,boltz2,SUCCESS,/workspace_developability_acquisition/organizer_extension/feature_prospecting/structure_sources/boltz2_fv_standard_v1/structures_pdb/ADI-46677.pdb,57d19671adc9defeecbc440c8e5f07e30de73487019def2fd5c8f7d271db6c6c,225,5883,
ADI-46678,boltz2,SUCCESS,/workspace_developability_acquisition/organizer_extension/feature_prospecting/structure_sources/boltz2_fv_standard_v1/structures_pdb/ADI-46678.pdb,f8d14901b0f410da531a257484de848a1cdcdaa175e101f3b74dab288905ee39,228,6006,
ADI-46682,boltz2,SUCCESS,/workspace_developability_acquisition/organizer_extension/feature_prospecting/structure_sources/boltz2_fv_standard_v1/structures_pdb/ADI-46682.pdb,7650585ef085ae04f2efcaff7d24b85a00a59120d03f7564d57606e203ab6934,223,5780,
ADI-46684,boltz2,SUCCESS,/workspace_developability_acquisition/organizer_extension/feature_prospecting/structure_sources/boltz2_fv_standard_v1/structures_pdb/ADI-46684.pdb,85f04e90cdffce4b35023f4b20a0fd0c56f4b1f428b9e45037a89b0d630bec1f,238,6213,
ADI-46685,boltz2,SUCCESS,/workspace_developability_acquisition/organizer_extension/feature_prospecting/structure_sources/boltz2_fv_standard_v1/structures_pdb/ADI-46685.pdb,7432259f45ca0cd700522d83c135b48b2249f05c3e78dcebac1870c4d3f3c6d6,231,6017,
ADI-46689,boltz2,SUCCESS,/workspace_developability_acquisition/organizer_extension/feature_prospecting/structure_sources/boltz2_fv_standard_v1/structures_pdb/ADI-46689.pdb,c6f9dc038936a5a55c77a37bd38d7f27351f8487863440d5c62dce9449cc0344,223,5815,
ADI-46690,boltz2,SUCCESS,/workspace_developability_acquisition/organizer_extension/feature_prospecting/structure_sources/boltz2_fv_standard_v1/structures_pdb/ADI-46690.pdb,aa237e4695a44abd328b19b2dc1bcee4d371331b3feb796f4169bca848721d7d,221,5674,
ADI-46691,boltz2,SUCCESS,/workspace_developability_acquisition/organizer_extension/feature_prospecting/structure_sources/boltz2_fv_standard_v1/structures_pdb/ADI-46691.pdb,7e4f9318b5bf497f9f71f2b2878290a7afc299c32b24708da74d9453adf2cfd9,224,5714,
ADI-46692,boltz2,SUCCESS,/workspace_developability_acquisition/organizer_extension/feature_prospecting/structure_sources/boltz2_fv_standard_v1/structures_pdb/ADI-46692.pdb,58ade78ca7db44194edb328abe37ca1c85bd9e90351289861bed8f85707dad9b,227,5908,
ADI-46693,boltz2,SUCCESS,/workspace_developability_acquisition/organizer_extension/feature_prospecting/structure_sources/boltz2_fv_standard_v1/structures_pdb/ADI-46693.pdb,55c195556ad572850ca7db9850882d87caf8b8e9ee72bf41a2ced86a1812f87e,237,6211,
ADI-46695,boltz2,SUCCESS,/workspace_developability_acquisition/organizer_extension/feature_prospecting/structure_sources/boltz2_fv_standard_v1/structures_pdb/ADI-46695.pdb,76b6dc1109bf1393c692e63b9eefdff5b7ef23a54c9bf419d2b769b243a89605,227,5951,
ADI-46696,boltz2,SUCCESS,/workspace_developability_acquisition/organizer_extension/feature_prospecting/structure_sources/boltz2_fv_standard_v1/structures_pdb/ADI-46696.pdb,b591414164677d145bd18e1bd36715cf4ae838f23465211e713914bdd568a99c,233,6083,
ADI-46697,boltz2,SUCCESS,/workspace_developability_acquisition/organizer_extension/feature_prospecting/structure_sources/boltz2_fv_standard_v1/structures_pdb/ADI-46697.pdb,8952b215659ac8db3371b3f98c8a643aaf667a02517aa9688d96cf206517be0a,233,6012,
ADI-46701,boltz2,SUCCESS,/workspace_developability_acquisition/organizer_extension/feature_prospecting/structure_sources/boltz2_fv_standard_v1/structures_pdb/ADI-46701.pdb,ff0cafde4215f0cd9f0e53030e0246dc9268717aeb2bc40c9072cfd2792717c7,226,5868,
ADI-46704,boltz2,SUCCESS,/workspace_developability_acquisition/organizer_extension/feature_prospecting/structure_sources/boltz2_fv_standard_v1/structures_pdb/ADI-46704.pdb,70d50d0bf9d50afad9604c5f5fab12caf97a4c8852537f4d1f92e7e14fc1d6c9,237,6156,
ADI-46705,boltz2,SUCCESS,/workspace_developability_acquisition/organizer_extension/feature_prospecting/structure_sources/boltz2_fv_standard_v1/structures_pdb/ADI-46705.pdb,3d5a6155ce93af3ebe52e9c83465aeb2f70f60b1af39f346a1f8e4708783e0a5,231,6218,
ADI-46706,boltz2,SUCCESS,/workspace_developability_acquisition/organizer_extension/feature_prospecting/structure_sources/boltz2_fv_standard_v1/structures_pdb/ADI-46706.pdb,852618f14b25ec6bc6f2e491cba959585b3c3d0022ce951c2567f4e55f38c3c4,229,6027,
ADI-46707,boltz2,SUCCESS,/workspace_developability_acquisition/organizer_extension/feature_prospecting/structure_sources/boltz2_fv_standard_v1/structures_pdb/ADI-46707.pdb,6aff9dd5d57756cfa22c5ae11fd1c1949933dda5ef722a72d230d4bc5b98f6a9,235,6237,
ADI-46708,boltz2,SUCCESS,/workspace_developability_acquisition/organizer_extension/feature_prospecting/structure_sources/boltz2_fv_standard_v1/structures_pdb/ADI-46708.pdb,875fab53b8f7ca9d0f054b2acf124b7bcc686ae2875461c08a33ffdb3d8e7491,229,5999,
ADI-46710,boltz2,SUCCESS,/workspace_developability_acquisition/organizer_extension/feature_prospecting/structure_sources/boltz2_fv_standard_v1/structures_pdb/ADI-46710.pdb,0af87b52ff51e1f196f9542c86bfcacd0e4e2e0d056272750c80db10a2299d97,232,6075,
ADI-46713,boltz2,SUCCESS,/workspace_developability_acquisition/organizer_extension/feature_prospecting/structure_sources/boltz2_fv_standard_v1/structures_pdb/ADI-46713.pdb,ce4041bd8533ff8b4355ca32fe451d4b0fb4b3ff7aba3760f9ea9f4d0397757c,227,5893,
ADI-47054,boltz2,SUCCESS,/workspace_developability_acquisition/organizer_extension/feature_prospecting/structure_sources/boltz2_fv_standard_v1/structures_pdb/ADI-47054.pdb,e1dcc670819713c733bcd25a6270a7e4ca205e1f04c851704512a24aa4192e63,227,5888,
ADI-47055,boltz2,SUCCESS,/workspace_developability_acquisition/organizer_extension/feature_prospecting/structure_sources/boltz2_fv_standard_v1/structures_pdb/ADI-47055.pdb,017a8c19c17c832f4f33d5c65dae0a81246a1bb29dae8e8968a06d5dabd60cae,228,5951,
ADI-47056,boltz2,SUCCESS,/workspace_developability_acquisition/organizer_extension/feature_prospecting/structure_sources/boltz2_fv_standard_v1/structures_pdb/ADI-47056.pdb,5a7873eb3dbd93b77ca6c5021a660724db3c0520b9d8dd7423e8654c87a37d11,231,6048,
ADI-47057,boltz2,SUCCESS,/workspace_developability_acquisition/organizer_extension/feature_prospecting/structure_sources/boltz2_fv_standard_v1/structures_pdb/ADI-47057.pdb,66a06a0cef3f527b1a444a281441a9b100a597611addaef5366b8bde117730da,233,6166,
ADI-47058,boltz2,SUCCESS,/workspace_developability_acquisition/organizer_extension/feature_prospecting/structure_sources/boltz2_fv_standard_v1/structures_pdb/ADI-47058.pdb,3fd80009e3a8cf03d004b0ea3d9a0ccb6cae8651f9211052d8347fbc12cdcd0d,227,5873,
ADI-47059,boltz2,SUCCESS,/workspace_developability_acquisition/organizer_extension/feature_prospecting/structure_sources/boltz2_fv_standard_v1/structures_pdb/ADI-47059.pdb,6d23f9d55d4a2bc5f8304a4702094703a0f34532b7cd38d50307745313c25720,228,6003,
ADI-47060,boltz2,SUCCESS,/workspace_developability_acquisition/organizer_extension/feature_prospecting/structure_sources/boltz2_fv_standard_v1/structures_pdb/ADI-47060.pdb,9042538caf8b6c49941338f79d726ecde83d432a00438430ce6d21d4270e475f,226,5906,
ADI-47061,boltz2,SUCCESS,/workspace_developability_acquisition/organizer_extension/feature_prospecting/structure_sources/boltz2_fv_standard_v1/structures_pdb/ADI-47061.pdb,8d3e4ff892242320c6a59091e16a9fa3d37c9e5773bafc114fb408ab1e01aa58,230,6034,
ADI-47062,boltz2,SUCCESS,/workspace_developability_acquisition/organizer_extension/feature_prospecting/structure_sources/boltz2_fv_standard_v1/structures_pdb/ADI-47062.pdb,cad57cd6e454e79d1f42737c85a5b8d471611060dfb0226bfb310f751b8086a6,227,5934,
ADI-47063,boltz2,SUCCESS,/workspace_developability_acquisition/organizer_extension/feature_prospecting/structure_sources/boltz2_fv_standard_v1/structures_pdb/ADI-47063.pdb,da14d11aa8f647a45a2be4943d42120798e57e2e0dae210d82dc66533fbb12e6,230,5984,
ADI-47064,boltz2,SUCCESS,/workspace_developability_acquisition/organizer_extension/feature_prospecting/structure_sources/boltz2_fv_standard_v1/structures_pdb/ADI-47064.pdb,0df0409f9e4e1f87ed2ffe1e5839810f0c6107ccbebedd83da8527b9e5568cb1,231,5988,
ADI-47065,boltz2,SUCCESS,/workspace_developability_acquisition/organizer_extension/feature_prospecting/structure_sources/boltz2_fv_standard_v1/structures_pdb/ADI-47065.pdb,7e09f765b92178fb303d70d239ff7859a6486c794e3039573540c31feba746a7,234,6118,
ADI-47066,boltz2,SUCCESS,/workspace_developability_acquisition/organizer_extension/feature_prospecting/structure_sources/boltz2_fv_standard_v1/structures_pdb/ADI-47066.pdb,90fdc527792b4b3de95e0193c3e2432673b6f8c15e4f80e3fb27b14f62e8429d,235,6130,
ADI-47067,boltz2,SUCCESS,/workspace_developability_acquisition/organizer_extension/feature_prospecting/structure_sources/boltz2_fv_standard_v1/structures_pdb/ADI-47067.pdb,e651fff81ee92843327d806b6ca674d6fce6fb9e0457c2927bb28367274ba780,235,6259,
ADI-47068,boltz2,SUCCESS,/workspace_developability_acquisition/organizer_extension/feature_prospecting/structure_sources/boltz2_fv_standard_v1/structures_pdb/ADI-47068.pdb,e57126bf5177dc4c06e263dbe4648ac1b32636e5fc640dfd6d6b1e49f8b8ef19,233,6050,
ADI-47069,boltz2,SUCCESS,/workspace_developability_acquisition/organizer_extension/feature_prospecting/structure_sources/boltz2_fv_standard_v1/structures_pdb/ADI-47069.pdb,f036c375ae22de4ce8cabeb99ab055c63327737330eb7b40a88e5eec0e89ca3a,231,5906,
ADI-47070,boltz2,SUCCESS,/workspace_developability_acquisition/organizer_extension/feature_prospecting/structure_sources/boltz2_fv_standard_v1/structures_pdb/ADI-47070.pdb,446e1002bf1db0c8d4b8454855b8c317442eb80524695487f67b2183a856f269,237,6313,
ADI-47071,boltz2,SUCCESS,/workspace_developability_acquisition/organizer_extension/feature_prospecting/structure_sources/boltz2_fv_standard_v1/structures_pdb/ADI-47071.pdb,9105db90930f6efa8e7e4f2b7ec0ff9d57930017d94a2c2fa7b738b5024d4a60,229,6025,
ADI-47072,boltz2,SUCCESS,/workspace_developability_acquisition/organizer_extension/feature_prospecting/structure_sources/boltz2_fv_standard_v1/structures_pdb/ADI-47072.pdb,71a29806007fcebab8f9c60076743e606c8c89f1c95043ed83f82b439eb9e2d5,233,6044,
ADI-47073,boltz2,SUCCESS,/workspace_developability_acquisition/organizer_extension/feature_prospecting/structure_sources/boltz2_fv_standard_v1/structures_pdb/ADI-47073.pdb,39b63f3e8392000a21a84dd8f7e66ea4655cf61fe59057b969d995e2f4bc9650,230,5952,
ADI-47074,boltz2,SUCCESS,/workspace_developability_acquisition/organizer_extension/feature_prospecting/structure_sources/boltz2_fv_standard_v1/structures_pdb/ADI-47074.pdb,4228dc76908b764458d0310cec57e533c88242f743891168b0a24177a270ccd3,235,6155,
ADI-47075,boltz2,SUCCESS,/workspace_developability_acquisition/organizer_extension/feature_prospecting/structure_sources/boltz2_fv_standard_v1/structures_pdb/ADI-47075.pdb,e50c62a3eab0058a496bb34c89fabde901dc9e5762d5b9c012782681b74e19b5,235,6173,
ADI-47076,boltz2,SUCCESS,/workspace_developability_acquisition/organizer_extension/feature_prospecting/structure_sources/boltz2_fv_standard_v1/structures_pdb/ADI-47076.pdb,ce557f33d4f91ee6b6f475122712f60d16505946d4bccbb7664bb98198e7544f,234,6099,
ADI-47077,boltz2,SUCCESS,/workspace_developability_acquisition/organizer_extension/feature_prospecting/structure_sources/boltz2_fv_standard_v1/structures_pdb/ADI-47077.pdb,f0263bb196dee5eca12cbca392f1ba3fd6373164f3a264dbf963731539222e65,232,6087,
ADI-47078,boltz2,SUCCESS,/workspace_developability_acquisition/organizer_extension/feature_prospecting/structure_sources/boltz2_fv_standard_v1/structures_pdb/ADI-47078.pdb,26ec1c3da822600eb3315c30b2cc8592a7cf12a5d6b293e1b59924d2490ab75c,222,5764,
ADI-47079,boltz2,SUCCESS,/workspace_developability_acquisition/organizer_extension/feature_prospecting/structure_sources/boltz2_fv_standard_v1/structures_pdb/ADI-47079.pdb,bc65ee5ee4882839bd9c32a810d38833ab493d8ab40038ff17d67b1b178bbb63,234,6187,
ADI-47081,boltz2,SUCCESS,/workspace_developability_acquisition/organizer_extension/feature_prospecting/structure_sources/boltz2_fv_standard_v1/structures_pdb/ADI-47081.pdb,cbbde9b8f66a34a1d8917754627305b8b1344b91ad7378c7101eec4856d56be2,226,5822,
ADI-47082,boltz2,SUCCESS,/workspace_developability_acquisition/organizer_extension/feature_prospecting/structure_sources/boltz2_fv_standard_v1/structures_pdb/ADI-47082.pdb,0193989724aa10ba113de5b2ad0f887415e13a3ed45ea41c96ef12054f184cfd,233,5875,
ADI-47083,boltz2,SUCCESS,/workspace_developability_acquisition/organizer_extension/feature_prospecting/structure_sources/boltz2_fv_standard_v1/structures_pdb/ADI-47083.pdb,099b35c25bef54cbe2f0fad60d58eea340a55d5f2e8f538b8d21ae1357571c64,233,6180,
ADI-47084,boltz2,SUCCESS,/workspace_developability_acquisition/organizer_extension/feature_prospecting/structure_sources/boltz2_fv_standard_v1/structures_pdb/ADI-47084.pdb,cb8cb095e32e7e742b7079173a3a6dbbc50fb9fc758ab0abaa155136e43a99a6,228,5939,
ADI-47085,boltz2,SUCCESS,/workspace_developability_acquisition/organizer_extension/feature_prospecting/structure_sources/boltz2_fv_standard_v1/structures_pdb/ADI-47085.pdb,42c33ea4057375d3e55e6f1214ce0c826e38623e8a175798b01cff1dcf876111,228,5919,
ADI-47087,boltz2,SUCCESS,/workspace_developability_acquisition/organizer_extension/feature_prospecting/structure_sources/boltz2_fv_standard_v1/structures_pdb/ADI-47087.pdb,0ae0d4cc834ca383e36ba0236ba69ff5320967e2965b5e329a365312b6061809,225,5861,
ADI-47089,boltz2,SUCCESS,/workspace_developability_acquisition/organizer_extension/feature_prospecting/structure_sources/boltz2_fv_standard_v1/structures_pdb/ADI-47089.pdb,d89d8e1100e5cf70b9109c9bac147455c831700db2f98528e01890c7bc3be7ba,236,6241,
ADI-47090,boltz2,SUCCESS,/workspace_developability_acquisition/organizer_extension/feature_prospecting/structure_sources/boltz2_fv_standard_v1/structures_pdb/ADI-47090.pdb,ca39e9114caf54d2967ccaae1fc8de592b1a11ebc456c7f06e56585db46f7749,235,6300,
ADI-47091,boltz2,SUCCESS,/workspace_developability_acquisition/organizer_extension/feature_prospecting/structure_sources/boltz2_fv_standard_v1/structures_pdb/ADI-47091.pdb,ded57d9bd2ec4cee18496308c4053229877f0c8bd6e8f55713980efc936958f0,238,6234,
ADI-47092,boltz2,SUCCESS,/workspace_developability_acquisition/organizer_extension/feature_prospecting/structure_sources/boltz2_fv_standard_v1/structures_pdb/ADI-47092.pdb,8156806895c9ddf91179f4ef7f08c049930cc53b98770adb9b48a0935173853f,233,6119,
ADI-47093,boltz2,SUCCESS,/workspace_developability_acquisition/organizer_extension/feature_prospecting/structure_sources/boltz2_fv_standard_v1/structures_pdb/ADI-47093.pdb,ad063ef833e95fbf2c362d14a52b5c929d6ebf8bbae724efca8c4655ea0098f2,225,5860,
ADI-47094,boltz2,SUCCESS,/workspace_developability_acquisition/organizer_extension/feature_prospecting/structure_sources/boltz2_fv_standard_v1/structures_pdb/ADI-47094.pdb,bcb9da54bd05b68f55a053ff62254e47176865ae0802695fc77a2eabd2b29fe0,230,6063,
ADI-47095,boltz2,SUCCESS,/workspace_developability_acquisition/organizer_extension/feature_prospecting/structure_sources/boltz2_fv_standard_v1/structures_pdb/ADI-47095.pdb,e5a5afdf5efcaf5c16f4a36df63e4e9bbadbb70adc0f540fa63aa1e28629f9be,231,5903,
ADI-47096,boltz2,SUCCESS,/workspace_developability_acquisition/organizer_extension/feature_prospecting/structure_sources/boltz2_fv_standard_v1/structures_pdb/ADI-47096.pdb,cb677585e5d0fcfa8af87b89132cf17f87951c0753c032037dce81dab7b455ef,238,6263,
ADI-47097,boltz2,SUCCESS,/workspace_developability_acquisition/organizer_extension/feature_prospecting/structure_sources/boltz2_fv_standard_v1/structures_pdb/ADI-47097.pdb,f5dc6dc6777200c71f7db03b1976477fda4733ddef01ef811857b7fba691f4e0,231,6007,
ADI-47098,boltz2,SUCCESS,/workspace_developability_acquisition/organizer_extension/feature_prospecting/structure_sources/boltz2_fv_standard_v1/structures_pdb/ADI-47098.pdb,8728afd60b6a1fe776c182dbc0c90a48225d7429fed422ff0dced574f1d9c72e,230,6048,
ADI-47099,boltz2,SUCCESS,/workspace_developability_acquisition/organizer_extension/feature_prospecting/structure_sources/boltz2_fv_standard_v1/structures_pdb/ADI-47099.pdb,233d0f1a20ae5313247cc9f3419b5750312ef6dca44caa67c0985164c510e779,229,5994,
ADI-47100,boltz2,SUCCESS,/workspace_developability_acquisition/organizer_extension/feature_prospecting/structure_sources/boltz2_fv_standard_v1/structures_pdb/ADI-47100.pdb,096781f5aa63c2f288a8296b1b1476d295625bdd7589a6a8ddcb13186c584839,235,6155,
ADI-47102,boltz2,SUCCESS,/workspace_developability_acquisition/organizer_extension/feature_prospecting/structure_sources/boltz2_fv_standard_v1/structures_pdb/ADI-47102.pdb,e205bebb1c878468fb90f2927e79f149d956fb148e5a66d884c29891404f2b57,227,5938,
ADI-47103,boltz2,SUCCESS,/workspace_developability_acquisition/organizer_extension/feature_prospecting/structure_sources/boltz2_fv_standard_v1/structures_pdb/ADI-47103.pdb,17476e43242cf35196ee5d99edc09e90439f8b77d5c6ceb7717ed3fb1563c26d,232,5995,
ADI-47104,boltz2,SUCCESS,/workspace_developability_acquisition/organizer_extension/feature_prospecting/structure_sources/boltz2_fv_standard_v1/structures_pdb/ADI-47104.pdb,bbb8f5c401c8799050a800348160f3afdec163d9cc77682051a98687c712df81,231,6021,
ADI-47105,boltz2,SUCCESS,/workspace_developability_acquisition/organizer_extension/feature_prospecting/structure_sources/boltz2_fv_standard_v1/structures_pdb/ADI-47105.pdb,bfd4043cefc1002bf27cbc9693857608607872b39bfafefd3e019bea0b4a4ea9,225,5838,
ADI-47106,boltz2,SUCCESS,/workspace_developability_acquisition/organizer_extension/feature_prospecting/structure_sources/boltz2_fv_standard_v1/structures_pdb/ADI-47106.pdb,ecb7f9643cfbbcd5624c7dbb0a89db975ec626a7a6f9389711ef03f6855dd44b,236,6251,
ADI-47107,boltz2,SUCCESS,/workspace_developability_acquisition/organizer_extension/feature_prospecting/structure_sources/boltz2_fv_standard_v1/structures_pdb/ADI-47107.pdb,9c1ab9e1f5d9915ae817820b38133bd193e59dbd2d605c8e50b2f27c38fecd9a,227,5850,
ADI-47109,boltz2,SUCCESS,/workspace_developability_acquisition/organizer_extension/feature_prospecting/structure_sources/boltz2_fv_standard_v1/structures_pdb/ADI-47109.pdb,3bd4ca7f338634316aa72b424024f2b795eaf9574a8837ad4602950b6f9461e2,223,5767,
ADI-47111,boltz2,SUCCESS,/workspace_developability_acquisition/organizer_extension/feature_prospecting/structure_sources/boltz2_fv_standard_v1/structures_pdb/ADI-47111.pdb,1c511fce5e579deca8d8535390b7f78c665cfe4b4ab9be512921c858356c71eb,232,6042,
ADI-47112,boltz2,SUCCESS,/workspace_developability_acquisition/organizer_extension/feature_prospecting/structure_sources/boltz2_fv_standard_v1/structures_pdb/ADI-47112.pdb,e1b11df57bbbadd7d2beb4036c40c474eca4365c8e3eca7b317d2cbd50ea166d,229,5888,
ADI-47113,boltz2,SUCCESS,/workspace_developability_acquisition/organizer_extension/feature_prospecting/structure_sources/boltz2_fv_standard_v1/structures_pdb/ADI-47113.pdb,55e3ad0537bb137cfbd2ea24c7d8e34271f0936cf7247015c2f6e928696c9020,227,5958,
ADI-47114,boltz2,SUCCESS,/workspace_developability_acquisition/organizer_extension/feature_prospecting/structure_sources/boltz2_fv_standard_v1/structures_pdb/ADI-47114.pdb,7a03ce4843c5be722c9619061c881af9a95ad81c6a2cee16dc9939a29590f4b5,231,5942,
ADI-47116,boltz2,SUCCESS,/workspace_developability_acquisition/organizer_extension/feature_prospecting/structure_sources/boltz2_fv_standard_v1/structures_pdb/ADI-47116.pdb,2321279db3b73238c36ca49e98758a844c0ed3581bb80924a7e7d968b3253327,233,6097,
ADI-47117,boltz2,SUCCESS,/workspace_developability_acquisition/organizer_extension/feature_prospecting/structure_sources/boltz2_fv_standard_v1/structures_pdb/ADI-47117.pdb,0903a3ca37b87c8bf70eff33a7ebf0a5a980c89997faf690dfe05f68e638c3ba,240,6340,
ADI-47118,boltz2,SUCCESS,/workspace_developability_acquisition/organizer_extension/feature_prospecting/structure_sources/boltz2_fv_standard_v1/structures_pdb/ADI-47118.pdb,c11e89990348dbaa96d490b3af71235a4c1209e25b60782457858601cbc6734f,232,6002,
ADI-47119,boltz2,SUCCESS,/workspace_developability_acquisition/organizer_extension/feature_prospecting/structure_sources/boltz2_fv_standard_v1/structures_pdb/ADI-47119.pdb,3a8a576a2360dcf9233864faab5db264a4d4b480256961f1391ce51175681879,235,6250,
ADI-47120,boltz2,SUCCESS,/workspace_developability_acquisition/organizer_extension/feature_prospecting/structure_sources/boltz2_fv_standard_v1/structures_pdb/ADI-47120.pdb,9e7d86a912810cb5160027d9b676fd3d0f982372f5f4ea445a842a80bac2b286,234,6089,
ADI-47121,boltz2,SUCCESS,/workspace_developability_acquisition/organizer_extension/feature_prospecting/structure_sources/boltz2_fv_standard_v1/structures_pdb/ADI-47121.pdb,4a47193a2fadadb8be00ecaedc399d3a4f072f72963e555cb03256d0ce5bf615,230,5984,
ADI-47122,boltz2,SUCCESS,/workspace_developability_acquisition/organizer_extension/feature_prospecting/structure_sources/boltz2_fv_standard_v1/structures_pdb/ADI-47122.pdb,48eae29b6d98a7d413b2f234403b6de6effd12ec6ea7ddab4c734b6f8e5e2d15,235,6170,
ADI-47123,boltz2,SUCCESS,/workspace_developability_acquisition/organizer_extension/feature_prospecting/structure_sources/boltz2_fv_standard_v1/structures_pdb/ADI-47123.pdb,53089a590ec072abf3097b7112c965a2f99a4a12c19a3449614ee35fc0c9cf0d,229,5991,
ADI-47124,boltz2,SUCCESS,/workspace_developability_acquisition/organizer_extension/feature_prospecting/structure_sources/boltz2_fv_standard_v1/structures_pdb/ADI-47124.pdb,13d8a8360e234a6d0770a810cf7849f44dbf9896457c1738979fd1e52d1aeb93,234,6118,
ADI-47125,boltz2,SUCCESS,/workspace_developability_acquisition/organizer_extension/feature_prospecting/structure_sources/boltz2_fv_standard_v1/structures_pdb/ADI-47125.pdb,d221faaa518f6309cbca93c4fe0e5ea9c4c1a277b2c78f81da996ba17fd79ad3,234,6193,
ADI-47126,boltz2,SUCCESS,/workspace_developability_acquisition/organizer_extension/feature_prospecting/structure_sources/boltz2_fv_standard_v1/structures_pdb/ADI-47126.pdb,04ee30af9a3ca865384538dfe12017093212399b610dfd400d79f269dcf0ddca,231,6004,
ADI-47127,boltz2,SUCCESS,/workspace_developability_acquisition/organizer_extension/feature_prospecting/structure_sources/boltz2_fv_standard_v1/structures_pdb/ADI-47127.pdb,e6033e208344999d5349bffd2a351681039398152a5f3b2a72bc4461dc6cc721,242,6366,
ADI-47129,boltz2,SUCCESS,/workspace_developability_acquisition/organizer_extension/feature_prospecting/structure_sources/boltz2_fv_standard_v1/structures_pdb/ADI-47129.pdb,dcd82fafef2d4b68a664f3fa30fb828c7a0ec58ce4ca977c2d20ede6d4c395a8,234,5984,
ADI-47130,boltz2,SUCCESS,/workspace_developability_acquisition/organizer_extension/feature_prospecting/structure_sources/boltz2_fv_standard_v1/structures_pdb/ADI-47130.pdb,a23f8f4318e0c690fa998b4aec2fe7d2fa34f3326ddde1033443f340729b2b6a,235,6205,
ADI-47131,boltz2,SUCCESS,/workspace_developability_acquisition/organizer_extension/feature_prospecting/structure_sources/boltz2_fv_standard_v1/structures_pdb/ADI-47131.pdb,8e7225bc59ea547a450fbbbb5c46a63401804958f0adbf1b28f079fd0bdc1200,235,6164,
ADI-47132,boltz2,SUCCESS,/workspace_developability_acquisition/organizer_extension/feature_prospecting/structure_sources/boltz2_fv_standard_v1/structures_pdb/ADI-47132.pdb,fb7bc90f735dd44c79774bee601c8116082b2bee87ef47eabc8e785c04b4b7e9,224,5730,
ADI-47133,boltz2,SUCCESS,/workspace_developability_acquisition/organizer_extension/feature_prospecting/structure_sources/boltz2_fv_standard_v1/structures_pdb/ADI-47133.pdb,32ebc1cc167f6431394fb96a0c9b8d62399453728ea259c62aed1e30cb263524,229,5986,
ADI-47134,boltz2,SUCCESS,/workspace_developability_acquisition/organizer_extension/feature_prospecting/structure_sources/boltz2_fv_standard_v1/structures_pdb/ADI-47134.pdb,3b310f578eafe3ae151a3e417cf6fcecca589bff2c60184b964ec43bcec1f5c3,237,6189,
ADI-47135,boltz2,SUCCESS,/workspace_developability_acquisition/organizer_extension/feature_prospecting/structure_sources/boltz2_fv_standard_v1/structures_pdb/ADI-47135.pdb,403d9f4a9f1fe8c6dcfc459206d1a6f3a473a785d4fe5aafe3a68068b5e12d39,241,6296,
ADI-47137,boltz2,SUCCESS,/workspace_developability_acquisition/organizer_extension/feature_prospecting/structure_sources/boltz2_fv_standard_v1/structures_pdb/ADI-47137.pdb,74135b12ba804acd97b9db1ec534c8bddc55b639c765e3401227ea94c8efd9ca,224,5709,
ADI-47139,boltz2,SUCCESS,/workspace_developability_acquisition/organizer_extension/feature_prospecting/structure_sources/boltz2_fv_standard_v1/structures_pdb/ADI-47139.pdb,373f89ebf17086aabe484599f74f48c832cf47e3a3fa811819ccbd6ca8cf2f4f,234,6123,
ADI-47140,boltz2,SUCCESS,/workspace_developability_acquisition/organizer_extension/feature_prospecting/structure_sources/boltz2_fv_standard_v1/structures_pdb/ADI-47140.pdb,80fab10de18d1fb221d614a647d2b7526c80067c02fa95a0f2e9020204e3cd53,238,6197,
ADI-47141,boltz2,SUCCESS,/workspace_developability_acquisition/organizer_extension/feature_prospecting/structure_sources/boltz2_fv_standard_v1/structures_pdb/ADI-47141.pdb,68bcda25ec3bcdc0e95940c6ce5e2353f804c384f7c17738b7ba866c519eaa14,233,6053,
ADI-47143,boltz2,SUCCESS,/workspace_developability_acquisition/organizer_extension/feature_prospecting/structure_sources/boltz2_fv_standard_v1/structures_pdb/ADI-47143.pdb,9368c74e0dde5ee6b5ac7ad29b60cb3adb432da83d019132201d2c37d934f20f,238,6032,
ADI-47145,boltz2,SUCCESS,/workspace_developability_acquisition/organizer_extension/feature_prospecting/structure_sources/boltz2_fv_standard_v1/structures_pdb/ADI-47145.pdb,d6d4e9af1ae3ee649cf01ba71f55c7cc0df837e166e40f3b8e4601ee6001ffa4,235,6059,
ADI-47146,boltz2,SUCCESS,/workspace_developability_acquisition/organizer_extension/feature_prospecting/structure_sources/boltz2_fv_standard_v1/structures_pdb/ADI-47146.pdb,b939103a8e81f49d6affbeb48a1e681e7c68ab04b8c0982c02d1e2e49cf924ca,229,5946,
ADI-47147,boltz2,SUCCESS,/workspace_developability_acquisition/organizer_extension/feature_prospecting/structure_sources/boltz2_fv_standard_v1/structures_pdb/ADI-47147.pdb,0be830a869f53005cb0e2e92e4062f2ffdcfc96cf2ff9edc7b1e417176b5dad2,237,6103,
ADI-47148,boltz2,SUCCESS,/workspace_developability_acquisition/organizer_extension/feature_prospecting/structure_sources/boltz2_fv_standard_v1/structures_pdb/ADI-47148.pdb,e9cdc7f1ae3e9c328a0509c889461dd4c9b6c75f5f4f6980037f77af4010fd16,231,5921,
ADI-47149,boltz2,SUCCESS,/workspace_developability_acquisition/organizer_extension/feature_prospecting/structure_sources/boltz2_fv_standard_v1/structures_pdb/ADI-47149.pdb,d70dd88452092b07a8e66046fe90e271205f11ce78bffe37208e2941cd0fed5d,236,6103,
ADI-47151,boltz2,SUCCESS,/workspace_developability_acquisition/organizer_extension/feature_prospecting/structure_sources/boltz2_fv_standard_v1/structures_pdb/ADI-47151.pdb,4afdba98f73b6584a005a5208664ae57df1bd53b2f99af66cb7254eeb1e16a51,232,6139,
ADI-47152,boltz2,SUCCESS,/workspace_developability_acquisition/organizer_extension/feature_prospecting/structure_sources/boltz2_fv_standard_v1/structures_pdb/ADI-47152.pdb,cd51c402b8d6a85d58537a4384e071d65ab214c591664a072bfb0853d0e4202f,232,5944,
ADI-47153,boltz2,SUCCESS,/workspace_developability_acquisition/organizer_extension/feature_prospecting/structure_sources/boltz2_fv_standard_v1/structures_pdb/ADI-47153.pdb,9899c6b7f1cc57156534fb74e543c5eb4c80e78cb114c965b546249c8496a827,233,6130,
ADI-47154,boltz2,SUCCESS,/workspace_developability_acquisition/organizer_extension/feature_prospecting/structure_sources/boltz2_fv_standard_v1/structures_pdb/ADI-47154.pdb,2ab4a5250b24c763a8f3611e7bce52666512cb9b1a7ef50350e60aef0eae94e6,231,5986,
ADI-47155,boltz2,SUCCESS,/workspace_developability_acquisition/organizer_extension/feature_prospecting/structure_sources/boltz2_fv_standard_v1/structures_pdb/ADI-47155.pdb,be336be7ae77927561e8f85cd55f8d20397a51afeebac6180edd7926648744f9,227,5917,
ADI-47156,boltz2,SUCCESS,/workspace_developability_acquisition/organizer_extension/feature_prospecting/structure_sources/boltz2_fv_standard_v1/structures_pdb/ADI-47156.pdb,21ee409e33b58faa0f2a971a02da6a4b02b7cb0ed47b11ca39522037c3b79e04,238,6223,
ADI-47158,boltz2,SUCCESS,/workspace_developability_acquisition/organizer_extension/feature_prospecting/structure_sources/boltz2_fv_standard_v1/structures_pdb/ADI-47158.pdb,179063409aa8024dd68a1441a4b3918e9db50cbe1e9c09e42f630c15fc781e92,235,5975,
ADI-47159,boltz2,SUCCESS,/workspace_developability_acquisition/organizer_extension/feature_prospecting/structure_sources/boltz2_fv_standard_v1/structures_pdb/ADI-47159.pdb,1cf5043cad80281743139ecc4ab1e6009247311ba676b854e8d96fb166fba85f,237,6185,
ADI-47160,boltz2,SUCCESS,/workspace_developability_acquisition/organizer_extension/feature_prospecting/structure_sources/boltz2_fv_standard_v1/structures_pdb/ADI-47160.pdb,be5b98497e3601b482bf95043a5561bd60bb062ed897ac5e1c2d1206b3f61567,230,5888,
ADI-47161,boltz2,SUCCESS,/workspace_developability_acquisition/organizer_extension/feature_prospecting/structure_sources/boltz2_fv_standard_v1/structures_pdb/ADI-47161.pdb,a3c0b9f8775df43c0e38c60172fc5cb8081570fe847a5c7229f947674ad1d603,237,6206,
ADI-47162,boltz2,SUCCESS,/workspace_developability_acquisition/organizer_extension/feature_prospecting/structure_sources/boltz2_fv_standard_v1/structures_pdb/ADI-47162.pdb,4796fbc1c39529ca250ac27994a51d459362efb8b4d85eaf886a4633f0b0afc7,241,6408,
ADI-47163,boltz2,SUCCESS,/workspace_developability_acquisition/organizer_extension/feature_prospecting/structure_sources/boltz2_fv_standard_v1/structures_pdb/ADI-47163.pdb,c9abe6090973e21b22a4869aabdf92a7d88fe4bf291cd437d6e22a14ab8e2773,224,5823,
ADI-47165,boltz2,SUCCESS,/workspace_developability_acquisition/organizer_extension/feature_prospecting/structure_sources/boltz2_fv_standard_v1/structures_pdb/ADI-47165.pdb,0f53e8ad9400d6195030497f4c881063107d1cea1b5d2b3ac3dd85149a03527f,229,5813,
ADI-47166,boltz2,SUCCESS,/workspace_developability_acquisition/organizer_extension/feature_prospecting/structure_sources/boltz2_fv_standard_v1/structures_pdb/ADI-47166.pdb,91907f9c2d40286252ec5d8571894e896bebaa8bc46bc437f18b41e0b21465c9,238,6304,
ADI-47173,boltz2,SUCCESS,/workspace_developability_acquisition/organizer_extension/feature_prospecting/structure_sources/boltz2_fv_standard_v1/structures_pdb/ADI-47173.pdb,96a11cfeb55911a79e0a02241b03696bda6e4da1fa2b1159c336fdaa16111c73,234,6143,
ADI-47174,boltz2,SUCCESS,/workspace_developability_acquisition/organizer_extension/feature_prospecting/structure_sources/boltz2_fv_standard_v1/structures_pdb/ADI-47174.pdb,3f91cca68b13588d88c17c2980461c9b6b6ee94f5d13d210b7c766bed3888c57,232,6071,
ADI-47175,boltz2,SUCCESS,/workspace_developability_acquisition/organizer_extension/feature_prospecting/structure_sources/boltz2_fv_standard_v1/structures_pdb/ADI-47175.pdb,94fc09eefa241d43d97041635b375e7862e1be1a186893feeefbf03629b351a8,233,6123,
ADI-47176,boltz2,SUCCESS,/workspace_developability_acquisition/organizer_extension/feature_prospecting/structure_sources/boltz2_fv_standard_v1/structures_pdb/ADI-47176.pdb,08a5ea476dfdb071252b7555f3d196c6f67b9b64b9f4719f9ac0058532126962,229,6080,
ADI-47177,boltz2,SUCCESS,/workspace_developability_acquisition/organizer_extension/feature_prospecting/structure_sources/boltz2_fv_standard_v1/structures_pdb/ADI-47177.pdb,b38a6772588fb7b658a9f43c711a9669ce48818a841c0797411d50987d07f85d,229,5950,
ADI-47178,boltz2,SUCCESS,/workspace_developability_acquisition/organizer_extension/feature_prospecting/structure_sources/boltz2_fv_standard_v1/structures_pdb/ADI-47178.pdb,02b8a41fa65a69caca762eb6d8a0cde327bf6a0bb02afdbe44e661a995635d7c,229,5959,
ADI-47179,boltz2,SUCCESS,/workspace_developability_acquisition/organizer_extension/feature_prospecting/structure_sources/boltz2_fv_standard_v1/structures_pdb/ADI-47179.pdb,bf87f2f94a807b17bc81fee9e87ae815b5d678d03a695fd59259d092aaf0ff24,228,5983,
ADI-47180,boltz2,SUCCESS,/workspace_developability_acquisition/organizer_extension/feature_prospecting/structure_sources/boltz2_fv_standard_v1/structures_pdb/ADI-47180.pdb,25222435d064dd6107fe66697bd9b7f0c2022d78fac349a2f2762b0a9db40641,225,5830,
ADI-47181,boltz2,SUCCESS,/workspace_developability_acquisition/organizer_extension/feature_prospecting/structure_sources/boltz2_fv_standard_v1/structures_pdb/ADI-47181.pdb,db2b203cd9f7660ecc0b0fb44e934f3e9b6dfcef8f059ac5ae7813b89da4286e,229,5970,
ADI-47182,boltz2,SUCCESS,/workspace_developability_acquisition/organizer_extension/feature_prospecting/structure_sources/boltz2_fv_standard_v1/structures_pdb/ADI-47182.pdb,2804c80b2fa951375a9f5514ffade3d0edc5dad8b087e36f41571fd6b6ae4106,233,6052,
ADI-47183,boltz2,SUCCESS,/workspace_developability_acquisition/organizer_extension/feature_prospecting/structure_sources/boltz2_fv_standard_v1/structures_pdb/ADI-47183.pdb,207b652d2b82b509586040bde7dea4b152dad2f4824d0d100d6423e20459d75a,225,5868,
ADI-47184,boltz2,SUCCESS,/workspace_developability_acquisition/organizer_extension/feature_prospecting/structure_sources/boltz2_fv_standard_v1/structures_pdb/ADI-47184.pdb,e76731f99d7f11e2b31d137252073ee66925091febc32fef30e679b0797a1cdc,231,5960,
ADI-47186,boltz2,SUCCESS,/workspace_developability_acquisition/organizer_extension/feature_prospecting/structure_sources/boltz2_fv_standard_v1/structures_pdb/ADI-47186.pdb,8a09a4e460a5e9221ccbbee785bb77603a3f4ca8a6cd899a994f66585662d71d,233,6136,
ADI-47187,boltz2,SUCCESS,/workspace_developability_acquisition/organizer_extension/feature_prospecting/structure_sources/boltz2_fv_standard_v1/structures_pdb/ADI-47187.pdb,44a9997d762f36d543f5b0206517fbadbe81cc74e25226419e654fa6709b0759,238,6217,
ADI-47188,boltz2,SUCCESS,/workspace_developability_acquisition/organizer_extension/feature_prospecting/structure_sources/boltz2_fv_standard_v1/structures_pdb/ADI-47188.pdb,895ca07118bcc25e55b1fa6347efe5dfb60e44c7cb923e1d5a08cf913123c81b,241,6224,
ADI-47189,boltz2,SUCCESS,/workspace_developability_acquisition/organizer_extension/feature_prospecting/structure_sources/boltz2_fv_standard_v1/structures_pdb/ADI-47189.pdb,6df7560046e19c7c44d1fa8e52daa8607c8683ba887ae8ee6e877f09b5b8fc3e,239,6151,
ADI-47190,boltz2,SUCCESS,/workspace_developability_acquisition/organizer_extension/feature_prospecting/structure_sources/boltz2_fv_standard_v1/structures_pdb/ADI-47190.pdb,08a20d9038f0870ac8eb0d9dd7896e7fc1b7ef095bd22bd770ba2146b1c7688f,230,5903,
ADI-47191,boltz2,SUCCESS,/workspace_developability_acquisition/organizer_extension/feature_prospecting/structure_sources/boltz2_fv_standard_v1/structures_pdb/ADI-47191.pdb,5c7ea2795684d9e026d281dd7081ffd64a40aa4ea4ee50190df5355beda26c32,235,6085,
ADI-47192,boltz2,SUCCESS,/workspace_developability_acquisition/organizer_extension/feature_prospecting/structure_sources/boltz2_fv_standard_v1/structures_pdb/ADI-47192.pdb,03055b588f93db04a92a4ece26f4b2a6b1f7275f6d88330379f08365a57f978e,240,6166,
ADI-47193,boltz2,SUCCESS,/workspace_developability_acquisition/organizer_extension/feature_prospecting/structure_sources/boltz2_fv_standard_v1/structures_pdb/ADI-47193.pdb,84529a1695e1c3559a8f60b2b39e0be7746fe925a0e025d60a88eceb991b472a,226,5847,
ADI-47194,boltz2,SUCCESS,/workspace_developability_acquisition/organizer_extension/feature_prospecting/structure_sources/boltz2_fv_standard_v1/structures_pdb/ADI-47194.pdb,54b77d3d025cac854df3551b2b304909571ce7c4d2cfc20532ed933339eca238,226,5858,
ADI-47195,boltz2,SUCCESS,/workspace_developability_acquisition/organizer_extension/feature_prospecting/structure_sources/boltz2_fv_standard_v1/structures_pdb/ADI-47195.pdb,ea7d00472beed63fa27d662d794760fb1afc843335a5942e4ad44046c5a51eca,230,6070,
ADI-47196,boltz2,SUCCESS,/workspace_developability_acquisition/organizer_extension/feature_prospecting/structure_sources/boltz2_fv_standard_v1/structures_pdb/ADI-47196.pdb,a13b475c7fb95668649e646d6752d0312ae1f9c00d290cda8baf312c2720de36,236,6284,
ADI-47197,boltz2,SUCCESS,/workspace_developability_acquisition/organizer_extension/feature_prospecting/structure_sources/boltz2_fv_standard_v1/structures_pdb/ADI-47197.pdb,ef403958c29e0dd0b799d53bc65f7aa507f684195f87b6e84716869e505c5bea,233,5940,
ADI-47198,boltz2,SUCCESS,/workspace_developability_acquisition/organizer_extension/feature_prospecting/structure_sources/boltz2_fv_standard_v1/structures_pdb/ADI-47198.pdb,2ba9089e5c8331876f1d28e06902e9f95c6d77174b18859fbfd37f7b68a34fd2,230,6081,
ADI-47199,boltz2,SUCCESS,/workspace_developability_acquisition/organizer_extension/feature_prospecting/structure_sources/boltz2_fv_standard_v1/structures_pdb/ADI-47199.pdb,681fe7df42d8e64aedf088128cde76cd6537854962356e537814e9599ec297f4,229,5945,
ADI-47200,boltz2,SUCCESS,/workspace_developability_acquisition/organizer_extension/feature_prospecting/structure_sources/boltz2_fv_standard_v1/structures_pdb/ADI-47200.pdb,3d513b3b04078e962459d364be05ca0dc00e59d4192f4d19001a8930978dbbcb,229,5916,
ADI-47201,boltz2,SUCCESS,/workspace_developability_acquisition/organizer_extension/feature_prospecting/structure_sources/boltz2_fv_standard_v1/structures_pdb/ADI-47201.pdb,502654fbafcfcae287e8cc31afb3b170717dbfc88ee58266c5d23b1058cd81c6,228,5985,
ADI-47202,boltz2,SUCCESS,/workspace_developability_acquisition/organizer_extension/feature_prospecting/structure_sources/boltz2_fv_standard_v1/structures_pdb/ADI-47202.pdb,6d0b57ed92c50ee104c09dff67114fe500ca55ee79deaaec10836f403ceac80d,234,6198,
ADI-47203,boltz2,SUCCESS,/workspace_developability_acquisition/organizer_extension/feature_prospecting/structure_sources/boltz2_fv_standard_v1/structures_pdb/ADI-47203.pdb,e2655718d757e977f42f4ad12321dc6e05d0264090ba0b37151ca1c5f597c1fe,229,5932,
ADI-47204,boltz2,SUCCESS,/workspace_developability_acquisition/organizer_extension/feature_prospecting/structure_sources/boltz2_fv_standard_v1/structures_pdb/ADI-47204.pdb,290d5500bd554cd767fb5b6702c5f4664d9e84d4bf29234a2f5804ab72073da2,233,6101,
ADI-47205,boltz2,SUCCESS,/workspace_developability_acquisition/organizer_extension/feature_prospecting/structure_sources/boltz2_fv_standard_v1/structures_pdb/ADI-47205.pdb,047f7068c9d2510e0f9a7eb8730de35ea798b2362faf17a90036f7380f2c0204,233,6115,
ADI-47206,boltz2,SUCCESS,/workspace_developability_acquisition/organizer_extension/feature_prospecting/structure_sources/boltz2_fv_standard_v1/structures_pdb/ADI-47206.pdb,35a9e852fdc9d4274b78a99ce13c42ba868e7568c1d0cfd86db2e6e0d4abe9cc,227,5965,
ADI-47207,boltz2,SUCCESS,/workspace_developability_acquisition/organizer_extension/feature_prospecting/structure_sources/boltz2_fv_standard_v1/structures_pdb/ADI-47207.pdb,3e5f986c7bc1f76aaf6ce2d31639c45e18bbcd1f5a4401ee31c79dd60fb74633,236,6174,
ADI-47208,boltz2,SUCCESS,/workspace_developability_acquisition/organizer_extension/feature_prospecting/structure_sources/boltz2_fv_standard_v1/structures_pdb/ADI-47208.pdb,7550d8664de681c3ec2edc29d6be7be8ae4f42c98ed9f6c2ed01a5a7425c9946,224,5810,
ADI-47209,boltz2,SUCCESS,/workspace_developability_acquisition/organizer_extension/feature_prospecting/structure_sources/boltz2_fv_standard_v1/structures_pdb/ADI-47209.pdb,bd5d0c5db1ac8036a84edb517ca02c74a0b2a023487f6aba29bce43e15eeabbd,235,6121,
ADI-47212,boltz2,SUCCESS,/workspace_developability_acquisition/organizer_extension/feature_prospecting/structure_sources/boltz2_fv_standard_v1/structures_pdb/ADI-47212.pdb,fd1a0626ceec0b7d5c456e21876b8731e2eb0ade2d69d869b66a197640bd0430,230,5930,
ADI-47213,boltz2,SUCCESS,/workspace_developability_acquisition/organizer_extension/feature_prospecting/structure_sources/boltz2_fv_standard_v1/structures_pdb/ADI-47213.pdb,3cf35d00a6ef9d2b169ad3db70c3d02cf6b65a6b6e139306e051053443a21e8f,230,5979,
ADI-47214,boltz2,SUCCESS,/workspace_developability_acquisition/organizer_extension/feature_prospecting/structure_sources/boltz2_fv_standard_v1/structures_pdb/ADI-47214.pdb,a8e1784f7a7818d3b112fd15dddaa4b93ff383882f4d22425a8d7e7bb6b73398,229,5945,
ADI-47215,boltz2,SUCCESS,/workspace_developability_acquisition/organizer_extension/feature_prospecting/structure_sources/boltz2_fv_standard_v1/structures_pdb/ADI-47215.pdb,eaf0f2655dc809b1813b463d35e935170052c0cec489223bf8b5e8b2b4f77ada,229,6002,
ADI-47216,boltz2,SUCCESS,/workspace_developability_acquisition/organizer_extension/feature_prospecting/structure_sources/boltz2_fv_standard_v1/structures_pdb/ADI-47216.pdb,81c7277ff3ae1fac74815ef97ba359a9f38a4edc453f815c8aa019f4fecb0b3e,231,5975,
ADI-47217,boltz2,SUCCESS,/workspace_developability_acquisition/organizer_extension/feature_prospecting/structure_sources/boltz2_fv_standard_v1/structures_pdb/ADI-47217.pdb,cdc362a7f2993d825779b2759b26cff548b0d25393a739d89c0fd71f659a6949,231,5998,
ADI-47218,boltz2,SUCCESS,/workspace_developability_acquisition/organizer_extension/feature_prospecting/structure_sources/boltz2_fv_standard_v1/structures_pdb/ADI-47218.pdb,f93fb59760c851f756bb7a8a9b885eed48ac7f2c23e75a7038882b4b560434f8,230,6018,
ADI-47219,boltz2,SUCCESS,/workspace_developability_acquisition/organizer_extension/feature_prospecting/structure_sources/boltz2_fv_standard_v1/structures_pdb/ADI-47219.pdb,80785c24333288062f47e16d5ea6d4526b5dfd348c4fcadcd847ce0441f7c735,234,5960,
ADI-47220,boltz2,SUCCESS,/workspace_developability_acquisition/organizer_extension/feature_prospecting/structure_sources/boltz2_fv_standard_v1/structures_pdb/ADI-47220.pdb,2c6a1727026827cb4e5cf0a6ec362993721393d798d4be8e30692d588a4f4928,228,5903,
ADI-47221,boltz2,SUCCESS,/workspace_developability_acquisition/organizer_extension/feature_prospecting/structure_sources/boltz2_fv_standard_v1/structures_pdb/ADI-47221.pdb,5ef06c73d8dc7f7f8c83dbfcde7d8d1bbe89272a17fb534dc401ea08f8baf369,247,6732,
ADI-47222,boltz2,SUCCESS,/workspace_developability_acquisition/organizer_extension/feature_prospecting/structure_sources/boltz2_fv_standard_v1/structures_pdb/ADI-47222.pdb,25a1f67b302ed28856c71e5fc61be8e2060d97eb3091abb4a3086594afecf8e9,233,6045,
ADI-47223,boltz2,SUCCESS,/workspace_developability_acquisition/organizer_extension/feature_prospecting/structure_sources/boltz2_fv_standard_v1/structures_pdb/ADI-47223.pdb,171a0e13b3bcb637d7fceefef9059d91c5716d580a4d65b2f12c5b12b36d886b,231,5965,
ADI-47224,boltz2,SUCCESS,/workspace_developability_acquisition/organizer_extension/feature_prospecting/structure_sources/boltz2_fv_standard_v1/structures_pdb/ADI-47224.pdb,87c18f390bf71789257668ed8486df57aa94e146581e5566a7ff94ce75111117,234,6177,
ADI-47225,boltz2,SUCCESS,/workspace_developability_acquisition/organizer_extension/feature_prospecting/structure_sources/boltz2_fv_standard_v1/structures_pdb/ADI-47225.pdb,42935f9fe6087c06a587182d15967ef6bc3fd367fcc1f3ff963577050bd258d8,230,6055,
ADI-47226,boltz2,SUCCESS,/workspace_developability_acquisition/organizer_extension/feature_prospecting/structure_sources/boltz2_fv_standard_v1/structures_pdb/ADI-47226.pdb,c044f8d66cdd9daef5177a5d017d4b2585effe1d089b8035b9b62e66c1b8acdb,229,5997,
ADI-47227,boltz2,SUCCESS,/workspace_developability_acquisition/organizer_extension/feature_prospecting/structure_sources/boltz2_fv_standard_v1/structures_pdb/ADI-47227.pdb,755f2bbc537e9e75764b6c4953c67bb523e0a5ccbdb0dd3f04b5483f81f230e4,238,6199,
ADI-47228,boltz2,SUCCESS,/workspace_developability_acquisition/organizer_extension/feature_prospecting/structure_sources/boltz2_fv_standard_v1/structures_pdb/ADI-47228.pdb,5b6927f7a90d56740d89877ae18087bb74cd1291e788c105da1ca677b74233a6,236,6143,
ADI-47229,boltz2,SUCCESS,/workspace_developability_acquisition/organizer_extension/feature_prospecting/structure_sources/boltz2_fv_standard_v1/structures_pdb/ADI-47229.pdb,6c16e921b56dada175a612c09f66237180ce62d6b6fe1e733471573e9a497fa5,235,6266,
ADI-47230,boltz2,SUCCESS,/workspace_developability_acquisition/organizer_extension/feature_prospecting/structure_sources/boltz2_fv_standard_v1/structures_pdb/ADI-47230.pdb,9d891d079327746f737c00c5ed9270d8c2962cca58cfa7ec6ddb48df90d6bbd1,224,5802,
ADI-47231,boltz2,SUCCESS,/workspace_developability_acquisition/organizer_extension/feature_prospecting/structure_sources/boltz2_fv_standard_v1/structures_pdb/ADI-47231.pdb,fea2f99d4f6f41510f0e64ae63169833b6703af6c5f045b85ca0784d51b487f8,232,6087,
ADI-47232,boltz2,SUCCESS,/workspace_developability_acquisition/organizer_extension/feature_prospecting/structure_sources/boltz2_fv_standard_v1/structures_pdb/ADI-47232.pdb,6daf1eeeff9164abbf7132cc630e53bf6e62374aac53cf69ded87b8fa2385ba6,242,6195,
ADI-47233,boltz2,SUCCESS,/workspace_developability_acquisition/organizer_extension/feature_prospecting/structure_sources/boltz2_fv_standard_v1/structures_pdb/ADI-47233.pdb,77d6c078d7ffbd3ce65731df3192901e4191ada2bd82133bbc8167735f49e90e,235,6097,
ADI-47234,boltz2,SUCCESS,/workspace_developability_acquisition/organizer_extension/feature_prospecting/structure_sources/boltz2_fv_standard_v1/structures_pdb/ADI-47234.pdb,03b5ffbf126264cd215f3a15a3b1745cf422a4262467fc90b130d19746c3eaec,232,6094,
ADI-47235,boltz2,SUCCESS,/workspace_developability_acquisition/organizer_extension/feature_prospecting/structure_sources/boltz2_fv_standard_v1/structures_pdb/ADI-47235.pdb,57bb028266929ff89dea1348e9630cd2c251fb1f386166e3a572678fbaee0557,240,6332,
ADI-47236,boltz2,SUCCESS,/workspace_developability_acquisition/organizer_extension/feature_prospecting/structure_sources/boltz2_fv_standard_v1/structures_pdb/ADI-47236.pdb,2e4ccaf32a6efaf51866a7037cf523c318149abde3c8eacdf1fe0c82f3639cf6,233,6204,
ADI-47237,boltz2,SUCCESS,/workspace_developability_acquisition/organizer_extension/feature_prospecting/structure_sources/boltz2_fv_standard_v1/structures_pdb/ADI-47237.pdb,6f2d2b480d97dca158550120336adb08e3dd21d3e9f45c8fa5e577ca166feb55,238,6351,
ADI-47238,boltz2,SUCCESS,/workspace_developability_acquisition/organizer_extension/feature_prospecting/structure_sources/boltz2_fv_standard_v1/structures_pdb/ADI-47238.pdb,2087404475792cd1cd91c30ca8ccda9fb2e4f3f5569aff4ee9d74e9567725f61,239,6291,
ADI-47239,boltz2,SUCCESS,/workspace_developability_acquisition/organizer_extension/feature_prospecting/structure_sources/boltz2_fv_standard_v1/structures_pdb/ADI-47239.pdb,53a05caab739f082f5f5c637734a6de9c2d8c28288b27151fa2f61c9dd8ac728,241,6155,
ADI-47240,boltz2,SUCCESS,/workspace_developability_acquisition/organizer_extension/feature_prospecting/structure_sources/boltz2_fv_standard_v1/structures_pdb/ADI-47240.pdb,2a7759416651832a403a8766477dca8fea6209b99d8d5632acaa48c23c590fe3,237,6126,
ADI-47241,boltz2,SUCCESS,/workspace_developability_acquisition/organizer_extension/feature_prospecting/structure_sources/boltz2_fv_standard_v1/structures_pdb/ADI-47241.pdb,b26a01c5a5af433550600181b90f2315a1bb51d5894d706a68e582f281f41c52,235,6234,
ADI-47243,boltz2,SUCCESS,/workspace_developability_acquisition/organizer_extension/feature_prospecting/structure_sources/boltz2_fv_standard_v1/structures_pdb/ADI-47243.pdb,0f12398bbe25b0d6705539bc50b2d49007447ccacb7418f011a9b75a4c91226b,232,6036,
ADI-47244,boltz2,SUCCESS,/workspace_developability_acquisition/organizer_extension/feature_prospecting/structure_sources/boltz2_fv_standard_v1/structures_pdb/ADI-47244.pdb,3d474c49c233bf3a18c5379fadb4d95cabc53245512a41e7c243be7cfa47d59c,237,6206,
ADI-47246,boltz2,SUCCESS,/workspace_developability_acquisition/organizer_extension/feature_prospecting/structure_sources/boltz2_fv_standard_v1/structures_pdb/ADI-47246.pdb,24098e0b27a723c7dff3c0bb183f43250e5004fbba819ae7a9a0aee06c4ef2ba,221,5737,
ADI-47247,boltz2,SUCCESS,/workspace_developability_acquisition/organizer_extension/feature_prospecting/structure_sources/boltz2_fv_standard_v1/structures_pdb/ADI-47247.pdb,ed4f1a3db8bbb8d3f12e19947ad8417980e685021fc6b7bbb1bf81d1b088a4da,228,5989,
ADI-47248,boltz2,SUCCESS,/workspace_developability_acquisition/organizer_extension/feature_prospecting/structure_sources/boltz2_fv_standard_v1/structures_pdb/ADI-47248.pdb,5f9602a8b50234538d40ff6540fe9d608e7c871ca630c65e8804bcd1861fd73a,229,5956,
ADI-47249,boltz2,SUCCESS,/workspace_developability_acquisition/organizer_extension/feature_prospecting/structure_sources/boltz2_fv_standard_v1/structures_pdb/ADI-47249.pdb,083b8deb3e25031502069f00c460c4a905ea712c842121de9c396499d7b09ff1,232,6118,
ADI-47250,boltz2,SUCCESS,/workspace_developability_acquisition/organizer_extension/feature_prospecting/structure_sources/boltz2_fv_standard_v1/structures_pdb/ADI-47250.pdb,9b073c0084f9812c1dbded8ae7fa17ffecc84e7ca4cb820501f08f78144c32b0,231,5966,
ADI-47251,boltz2,SUCCESS,/workspace_developability_acquisition/organizer_extension/feature_prospecting/structure_sources/boltz2_fv_standard_v1/structures_pdb/ADI-47251.pdb,aa438a465877d2c4dd9618d4347340f677ddb76278d39dbeda067361b45d1e7c,231,5903,
ADI-47252,boltz2,SUCCESS,/workspace_developability_acquisition/organizer_extension/feature_prospecting/structure_sources/boltz2_fv_standard_v1/structures_pdb/ADI-47252.pdb,953a3c22c114dfa400e19a9b220622f130c11765dc873856d5063e03cd0bb545,225,5818,
ADI-47253,boltz2,SUCCESS,/workspace_developability_acquisition/organizer_extension/feature_prospecting/structure_sources/boltz2_fv_standard_v1/structures_pdb/ADI-47253.pdb,25f1a339c0dcd9e12c7f921dfe3e5db90cdb2f07f86037ed98b0110a65df9b18,228,6001,
ADI-47254,boltz2,SUCCESS,/workspace_developability_acquisition/organizer_extension/feature_prospecting/structure_sources/boltz2_fv_standard_v1/structures_pdb/ADI-47254.pdb,67508864ac53bd51b4ccb1be43e10a47d47cc35339d2065754de71865c2865f2,233,6067,
ADI-47255,boltz2,SUCCESS,/workspace_developability_acquisition/organizer_extension/feature_prospecting/structure_sources/boltz2_fv_standard_v1/structures_pdb/ADI-47255.pdb,67ec1a9b394f4345bad659f8a8a75f961b3d45d3be6b0f03628818abbfb9778d,240,6308,
ADI-47256,boltz2,SUCCESS,/workspace_developability_acquisition/organizer_extension/feature_prospecting/structure_sources/boltz2_fv_standard_v1/structures_pdb/ADI-47256.pdb,ca29468aa307dd759717791648cb850028766036d6a0c2003570b45900fdd3c1,241,6266,
ADI-47257,boltz2,SUCCESS,/workspace_developability_acquisition/organizer_extension/feature_prospecting/structure_sources/boltz2_fv_standard_v1/structures_pdb/ADI-47257.pdb,39617cc1f0480977e4f03bbb9b604d440c2d74bf4fcb973bada4138e86678ab8,228,5979,
ADI-47258,boltz2,SUCCESS,/workspace_developability_acquisition/organizer_extension/feature_prospecting/structure_sources/boltz2_fv_standard_v1/structures_pdb/ADI-47258.pdb,aa2bf313168ca809249e64eea2878fd0d4936f3131956391cd5e7b5b177cb6f3,239,6156,
ADI-47259,boltz2,SUCCESS,/workspace_developability_acquisition/organizer_extension/feature_prospecting/structure_sources/boltz2_fv_standard_v1/structures_pdb/ADI-47259.pdb,a3bcebc0e349be4c25a11ef2122fab03afc9ebc743626e36c5a47ff000bd2b1a,236,6150,
ADI-47260,boltz2,SUCCESS,/workspace_developability_acquisition/organizer_extension/feature_prospecting/structure_sources/boltz2_fv_standard_v1/structures_pdb/ADI-47260.pdb,f68ac51909ee0dded53a3f33b25c47e6b993b6b8966bc35a43074144f9463f9e,244,6535,
ADI-47261,boltz2,SUCCESS,/workspace_developability_acquisition/organizer_extension/feature_prospecting/structure_sources/boltz2_fv_standard_v1/structures_pdb/ADI-47261.pdb,1413828a7ca81c1b791c103b5b679ae58d040796cac8cf7b821dfd5e6f820994,226,5848,
ADI-47262,boltz2,SUCCESS,/workspace_developability_acquisition/organizer_extension/feature_prospecting/structure_sources/boltz2_fv_standard_v1/structures_pdb/ADI-47262.pdb,26e0d8893adf2d14118899b14dee848d72c5aa15f915fae2bdbfd3975b74f12e,237,6285,
ADI-47263,boltz2,SUCCESS,/workspace_developability_acquisition/organizer_extension/feature_prospecting/structure_sources/boltz2_fv_standard_v1/structures_pdb/ADI-47263.pdb,c5efc497e7aa0f55db1b6731190e9a3d1c5f0bcb22f77c72ea587ea8bcb3f214,228,5896,
ADI-47264,boltz2,SUCCESS,/workspace_developability_acquisition/organizer_extension/feature_prospecting/structure_sources/boltz2_fv_standard_v1/structures_pdb/ADI-47264.pdb,f78381bf482fa1d70a11c549bba3f9293b1231f64263802168eaf97337ddfef9,237,6210,
ADI-47265,boltz2,SUCCESS,/workspace_developability_acquisition/organizer_extension/feature_prospecting/structure_sources/boltz2_fv_standard_v1/structures_pdb/ADI-47265.pdb,54d70a2d119537673c542c0a931f30aecb32f58022da517f14e2769150bbda0e,239,6263,
ADI-47267,boltz2,SUCCESS,/workspace_developability_acquisition/organizer_extension/feature_prospecting/structure_sources/boltz2_fv_standard_v1/structures_pdb/ADI-47267.pdb,41a4f76e7abc695e42c6038f57067218ea3c8e34128ec6daf7154ce2ca2015df,224,5799,
ADI-47278,boltz2,SUCCESS,/workspace_developability_acquisition/organizer_extension/feature_prospecting/structure_sources/boltz2_fv_standard_v1/structures_pdb/ADI-47278.pdb,0c1b70619a82be24040fdb800ea98524b6f52dddb7fc94c613a3253639b644ad,226,5915,
ADI-47279,boltz2,SUCCESS,/workspace_developability_acquisition/organizer_extension/feature_prospecting/structure_sources/boltz2_fv_standard_v1/structures_pdb/ADI-47279.pdb,86b856eafe41d7e9fd9c6841ab3faf3e10123c7542982065afcc58b83a89c5ae,228,6037,
ADI-47280,boltz2,SUCCESS,/workspace_developability_acquisition/organizer_extension/feature_prospecting/structure_sources/boltz2_fv_standard_v1/structures_pdb/ADI-47280.pdb,398cebf1f3cacdf5a7cffea2fbbfe47f3dd81a36ed8a3f9d311cd90b41e3554e,231,6051,
ADI-47281,boltz2,SUCCESS,/workspace_developability_acquisition/organizer_extension/feature_prospecting/structure_sources/boltz2_fv_standard_v1/structures_pdb/ADI-47281.pdb,abc13700c5ba2483e39dedc0ef70f90b15a0ec8c5cb80c4516aaf445624b3958,230,5979,
ADI-47282,boltz2,SUCCESS,/workspace_developability_acquisition/organizer_extension/feature_prospecting/structure_sources/boltz2_fv_standard_v1/structures_pdb/ADI-47282.pdb,9e8f9f599ec73b71fe1fa357ef0ff4bb7a5371d3012547993210948f4e6ee0d8,230,6094,
ADI-47283,boltz2,SUCCESS,/workspace_developability_acquisition/organizer_extension/feature_prospecting/structure_sources/boltz2_fv_standard_v1/structures_pdb/ADI-47283.pdb,efb8439ba9784c8eb8e58d97d6e1d66ed1ae4e5ffdabadadf10c98e22d24964d,237,6174,
ADI-47284,boltz2,SUCCESS,/workspace_developability_acquisition/organizer_extension/feature_prospecting/structure_sources/boltz2_fv_standard_v1/structures_pdb/ADI-47284.pdb,4435c4e7ff9ef7151d782de3750b946001e119583a57fab3a510b620ab1d310f,227,5879,
ADI-47285,boltz2,SUCCESS,/workspace_developability_acquisition/organizer_extension/feature_prospecting/structure_sources/boltz2_fv_standard_v1/structures_pdb/ADI-47285.pdb,798112b03258e0f8012b31472ba9d1d53cb4a2bb0f740bb1405b2063a1fe4f6c,234,6064,
ADI-47286,boltz2,SUCCESS,/workspace_developability_acquisition/organizer_extension/feature_prospecting/structure_sources/boltz2_fv_standard_v1/structures_pdb/ADI-47286.pdb,22d4d11ddc35fce1f8e757d7ae47b08c9f9eb66ba76d5ebeeb26f9b31a784a9d,231,6012,
ADI-47287,boltz2,SUCCESS,/workspace_developability_acquisition/organizer_extension/feature_prospecting/structure_sources/boltz2_fv_standard_v1/structures_pdb/ADI-47287.pdb,692fd1f808744ad3e64a8284c598892ce69ece3af58974a096961b3cb6f6e8c1,234,6068,
ADI-47288,boltz2,SUCCESS,/workspace_developability_acquisition/organizer_extension/feature_prospecting/structure_sources/boltz2_fv_standard_v1/structures_pdb/ADI-47288.pdb,55108bb6596140621dfccf3fde6e14482f9d416f0dd3348e3967fd10c236292f,225,5884,
ADI-47289,boltz2,SUCCESS,/workspace_developability_acquisition/organizer_extension/feature_prospecting/structure_sources/boltz2_fv_standard_v1/structures_pdb/ADI-47289.pdb,d787c537744da6d0ae11ef0f11871bde59720fa2a6c5ecdad0518f1e988d6d9a,227,5899,
ADI-47290,boltz2,SUCCESS,/workspace_developability_acquisition/organizer_extension/feature_prospecting/structure_sources/boltz2_fv_standard_v1/structures_pdb/ADI-47290.pdb,9159f1672c7fbbddd5dcf3596438d3714a4ce180264b476a86d9b77d5fdf36b3,233,6135,
ADI-47291,boltz2,SUCCESS,/workspace_developability_acquisition/organizer_extension/feature_prospecting/structure_sources/boltz2_fv_standard_v1/structures_pdb/ADI-47291.pdb,af24e13a589e012f8f3c731db772c53505850f5d83d0827b80af3b55e6e988e7,234,6039,
ADI-47292,boltz2,SUCCESS,/workspace_developability_acquisition/organizer_extension/feature_prospecting/structure_sources/boltz2_fv_standard_v1/structures_pdb/ADI-47292.pdb,9351468142ac7d61de050593bfb27d18507e142446519c822c9670ed2f7685b5,230,5986,
ADI-47293,boltz2,SUCCESS,/workspace_developability_acquisition/organizer_extension/feature_prospecting/structure_sources/boltz2_fv_standard_v1/structures_pdb/ADI-47293.pdb,6fe77605513d2c2755a8bdd7c81101c3c3302545096ece4c43db343d17731380,230,5975,
ADI-47294,boltz2,SUCCESS,/workspace_developability_acquisition/organizer_extension/feature_prospecting/structure_sources/boltz2_fv_standard_v1/structures_pdb/ADI-47294.pdb,0dd73c3e856d4186182544d5b11e2692d7438cb0b541cb2aceb106cf3670d013,229,5854,
ADI-47295,boltz2,SUCCESS,/workspace_developability_acquisition/organizer_extension/feature_prospecting/structure_sources/boltz2_fv_standard_v1/structures_pdb/ADI-47295.pdb,ff2afc4cb784165f18d5e74e933e473e369ca0e00eeb9d9f47f3a59ed6512e66,231,6055,
ADI-47296,boltz2,SUCCESS,/workspace_developability_acquisition/organizer_extension/feature_prospecting/structure_sources/boltz2_fv_standard_v1/structures_pdb/ADI-47296.pdb,26681d992824f4ded40179004d3c0d5b77d1965ba7be97f766da2703773a19dd,227,5895,
ADI-47297,boltz2,SUCCESS,/workspace_developability_acquisition/organizer_extension/feature_prospecting/structure_sources/boltz2_fv_standard_v1/structures_pdb/ADI-47297.pdb,f56611642c23a0156bd89575e7da5718ebc5eea470f09e4837745faed5698406,225,5795,
ADI-47298,boltz2,SUCCESS,/workspace_developability_acquisition/organizer_extension/feature_prospecting/structure_sources/boltz2_fv_standard_v1/structures_pdb/ADI-47298.pdb,a9e90f4089dfa76a7dcef326bc7d89e00b492e403592eb6e7c43f48a93a5006c,228,5983,
ADI-47299,boltz2,SUCCESS,/workspace_developability_acquisition/organizer_extension/feature_prospecting/structure_sources/boltz2_fv_standard_v1/structures_pdb/ADI-47299.pdb,445fad76ed82efa762109375f9e4959329756b6d515e2b743f455af75efb0d35,226,5753,
ADI-47300,boltz2,SUCCESS,/workspace_developability_acquisition/organizer_extension/feature_prospecting/structure_sources/boltz2_fv_standard_v1/structures_pdb/ADI-47300.pdb,72606dfdb6a7f1ebb6e50d9a508ece2a24c7a1bc6ad9ced4630c43388acfabac,232,6021,
ADI-47301,boltz2,SUCCESS,/workspace_developability_acquisition/organizer_extension/feature_prospecting/structure_sources/boltz2_fv_standard_v1/structures_pdb/ADI-47301.pdb,8c911aaf9c8197eb14a3d373ef9d585e5615c7ac4b2b08ef6b89e536a4cbd676,229,5996,
ADI-47302,boltz2,SUCCESS,/workspace_developability_acquisition/organizer_extension/feature_prospecting/structure_sources/boltz2_fv_standard_v1/structures_pdb/ADI-47302.pdb,5d499aa1412c617b21b1b10cc2d23a480c63a7e875765e6fddd74cd41c2708f3,232,5998,
ADI-47303,boltz2,SUCCESS,/workspace_developability_acquisition/organizer_extension/feature_prospecting/structure_sources/boltz2_fv_standard_v1/structures_pdb/ADI-47303.pdb,d466bc637fa41aa13d973e4e25a5fe9e013c84ba41e97c1f25171f91df97ce10,227,5898,
ADI-47304,boltz2,SUCCESS,/workspace_developability_acquisition/organizer_extension/feature_prospecting/structure_sources/boltz2_fv_standard_v1/structures_pdb/ADI-47304.pdb,b8d184be4d6820d2e3f55e91d576248b336d65b0754618b74400fa644093ccc7,232,5997,
ADI-47305,boltz2,SUCCESS,/workspace_developability_acquisition/organizer_extension/feature_prospecting/structure_sources/boltz2_fv_standard_v1/structures_pdb/ADI-47305.pdb,789053d40f37c6ba01e38ee54f2c95663ac5098c0359f8a9524025bd21cddc03,235,6137,
ADI-47306,boltz2,SUCCESS,/workspace_developability_acquisition/organizer_extension/feature_prospecting/structure_sources/boltz2_fv_standard_v1/structures_pdb/ADI-47306.pdb,f5af6ad0bf892e5cadee5fc18f269eae8208673b0522edd903e27cb2c3c44947,229,5988,
ADI-47307,boltz2,SUCCESS,/workspace_developability_acquisition/organizer_extension/feature_prospecting/structure_sources/boltz2_fv_standard_v1/structures_pdb/ADI-47307.pdb,9557ef7b11b6327e252a6593b2c35d51f361deddbd055ea1f474828f9c736010,232,6041,
ADI-47308,boltz2,SUCCESS,/workspace_developability_acquisition/organizer_extension/feature_prospecting/structure_sources/boltz2_fv_standard_v1/structures_pdb/ADI-47308.pdb,ba4c3523abc9f9a3e53dcd526963b2cd9ebe4318c99be2a2102e64e2e7329aef,233,6068,
ADI-47309,boltz2,SUCCESS,/workspace_developability_acquisition/organizer_extension/feature_prospecting/structure_sources/boltz2_fv_standard_v1/structures_pdb/ADI-47309.pdb,20e212ccb7f7b048971bc08d57164848ce4ced37671e2a7e27d7f19f30922e3b,226,5789,
ADI-47310,boltz2,SUCCESS,/workspace_developability_acquisition/organizer_extension/feature_prospecting/structure_sources/boltz2_fv_standard_v1/structures_pdb/ADI-47310.pdb,8f7425233cb1a42a3634bbd2bffdabd9201da30987d01ea7501d5ad6c67bfe3f,226,5864,
ADI-47311,boltz2,SUCCESS,/workspace_developability_acquisition/organizer_extension/feature_prospecting/structure_sources/boltz2_fv_standard_v1/structures_pdb/ADI-47311.pdb,eea0e556d5958c5288874d7ff6744fa4406e26e0919eeb6e5ed1b5cc4581d7c8,227,5931,
ADI-47312,boltz2,SUCCESS,/workspace_developability_acquisition/organizer_extension/feature_prospecting/structure_sources/boltz2_fv_standard_v1/structures_pdb/ADI-47312.pdb,e3f109cbf13a4ba6389f0daab36a49762d9a960704f29c598bd12aec31318804,225,5872,
ADI-47313,boltz2,SUCCESS,/workspace_developability_acquisition/organizer_extension/feature_prospecting/structure_sources/boltz2_fv_standard_v1/structures_pdb/ADI-47313.pdb,710590b8b41f7a6873e407788ecb67d23ab9f13116aa4af3f035bfd98527246e,227,5924,
ADI-47316,boltz2,SUCCESS,/workspace_developability_acquisition/organizer_extension/feature_prospecting/structure_sources/boltz2_fv_standard_v1/structures_pdb/ADI-47316.pdb,587512bab523f33fad956c1849f6c7989537096baeaca8f921e0cbd5a76d2654,232,6150,
ADI-47317,boltz2,SUCCESS,/workspace_developability_acquisition/organizer_extension/feature_prospecting/structure_sources/boltz2_fv_standard_v1/structures_pdb/ADI-47317.pdb,e306cc45d190661915af19cb8403469398e31a28e4c18011666936d25e4ea354,235,6257,
