experiment_code,scheme,fold,seed,initial_lr,eta_min,epoch,optimizer_step,train_loss,val_loss,val_mae,learning_rate,best_val_mae_so_far,best_epoch_so_far,epochs_since_improvement,is_best,stopped_early,numerical_failure
EXP-T141,primary,0,101,1e-05,1.0000000000000001e-07,1,7,0.5112643401537623,0.5612126787503561,3.4245168512517754,1e-05,3.4245168512517754,1,0,True,False,False
EXP-T141,primary,0,101,1e-05,1.0000000000000001e-07,2,14,0.5629250620092664,0.543177197376887,3.3969296542080967,9.99938933078422e-06,3.3969296542080967,2,0,True,False,False
EXP-T141,primary,0,101,1e-05,1.0000000000000001e-07,3,21,0.5253298921244485,0.5312677621841431,3.383542609937263,9.997557473810373e-06,3.383542609937263,3,0,True,False,False
EXP-T141,primary,0,101,1e-05,1.0000000000000001e-07,4,28,0.5043892392090389,0.5246401826540629,3.3757236365116006,9.994504881061752e-06,3.3757236365116006,4,0,True,False,False
EXP-T141,primary,0,101,1e-05,1.0000000000000001e-07,5,35,0.4995279014110565,0.5164230267206827,3.3657443884647256,9.990232305719944e-06,3.3657443884647256,5,0,True,False,False
EXP-T141,primary,0,101,1e-05,1.0000000000000001e-07,6,42,0.5591806641646794,0.5081132253011068,3.3561468413381865,9.984740801978984e-06,3.3561468413381865,6,0,True,False,False
EXP-T141,primary,0,101,1e-05,1.0000000000000001e-07,7,49,0.5257724182946342,0.5014750758806864,3.352590387517756,9.978031724785247e-06,3.352590387517756,7,0,True,False,False
EXP-T141,primary,0,101,1e-05,1.0000000000000001e-07,8,56,0.4759120084345341,0.4963569641113281,3.3495587435635654,9.97010672950314e-06,3.3495587435635654,8,0,True,False,False
EXP-T141,primary,0,101,1e-05,1.0000000000000001e-07,9,63,0.5290319238390241,0.4930191934108734,3.3472611398407905,9.960967771506666e-06,3.3472611398407905,9,0,True,False,False
EXP-T141,primary,0,101,1e-05,1.0000000000000001e-07,10,70,0.47661392177854267,0.49188441038131714,3.3460702607125947,9.950617105696961e-06,3.3460702607125947,10,0,True,False,False
EXP-T141,primary,0,101,1e-05,1.0000000000000001e-07,11,77,0.4893082082271576,0.4913581808408101,3.3451799334901753,9.939057285945933e-06,3.3451799334901753,11,0,True,False,False
EXP-T141,primary,0,101,1e-05,1.0000000000000001e-07,12,84,0.5152486051831927,0.49180513620376587,3.3446710759943183,9.926291164466131e-06,3.3446710759943183,12,0,True,False,False
EXP-T141,primary,0,101,1e-05,1.0000000000000001e-07,13,91,0.5563785093171256,0.4913424253463745,3.343617063580137,9.91232189110701e-06,3.343617063580137,13,0,True,False,False
EXP-T141,primary,0,101,1e-05,1.0000000000000001e-07,14,98,0.5358969058309283,0.4911877115567525,3.342764189749053,9.897152912577742e-06,3.342764189749053,14,0,True,False,False
EXP-T141,primary,0,101,1e-05,1.0000000000000001e-07,15,105,0.4689378780978067,0.49053892493247986,3.341863690000592,9.8807879715968e-06,3.341863690000592,15,0,True,False,False
EXP-T141,primary,0,101,1e-05,1.0000000000000001e-07,16,112,0.4869831843035562,0.49218108256657916,3.342117078376539,9.8632311059685e-06,3.341863690000592,15,1,False,False,False
EXP-T141,primary,0,101,1e-05,1.0000000000000001e-07,17,119,0.7117717862129211,0.4907829364140828,3.3408626209605825,9.844486647586724e-06,3.3408626209605825,17,0,True,False,False
EXP-T141,primary,0,101,1e-05,1.0000000000000001e-07,18,126,0.482135041483811,0.4920883576075236,3.3409853848544033,9.824559221366101e-06,3.3408626209605825,17,1,False,False,False
EXP-T141,primary,0,101,1e-05,1.0000000000000001e-07,19,133,0.4875455748822008,0.49444393316904706,3.3415333140980112,9.803453744100868e-06,3.3408626209605825,17,2,False,False,False
EXP-T141,primary,0,101,1e-05,1.0000000000000001e-07,20,140,0.4856016380446298,0.4933367768923442,3.3404168793649385,9.781175423251734e-06,3.3404168793649385,20,0,True,False,False
EXP-T141,primary,0,101,1e-05,1.0000000000000001e-07,21,147,0.5342008514063699,0.49371333916982013,3.3397780909682764,9.757729755661012e-06,3.3397780909682764,21,0,True,False,False
EXP-T141,primary,0,101,1e-05,1.0000000000000001e-07,22,154,0.6065020220620292,0.4917723735173543,3.3380131577000474,9.73312252619635e-06,3.3380131577000474,22,0,True,False,False
EXP-T141,primary,0,101,1e-05,1.0000000000000001e-07,23,161,0.5920354340757642,0.49272022644678753,3.337722315932765,9.707359806323418e-06,3.337722315932765,23,0,True,False,False
EXP-T141,primary,0,101,1e-05,1.0000000000000001e-07,24,168,0.4914794343390635,0.4934803744157155,3.3373715949781015,9.680447952607845e-06,3.3373715949781015,24,0,True,False,False
EXP-T141,primary,0,101,1e-05,1.0000000000000001e-07,25,175,0.4794430373502629,0.4933602015177409,3.3365644975142046,9.652393605146845e-06,3.3365644975142046,25,0,True,False,False
EXP-T141,primary,0,101,1e-05,1.0000000000000001e-07,26,182,0.4783210838546178,0.4929548700650533,3.335748152299361,9.62320368593087e-06,3.335748152299361,26,0,True,False,False
EXP-T141,primary,0,101,1e-05,1.0000000000000001e-07,27,189,0.5095845546041217,0.4941168427467346,3.3357881488222065,9.592885397135707e-06,3.335748152299361,26,1,False,False,False
EXP-T141,primary,0,101,1e-05,1.0000000000000001e-07,28,196,0.4771773333528212,0.49564164876937866,3.335766416607481,9.561446219345455e-06,3.335748152299361,26,2,False,False,False
EXP-T141,primary,0,101,1e-05,1.0000000000000001e-07,29,203,0.47919447294303347,0.49525444706281024,3.334709629868016,9.528893909706798e-06,3.334709629868016,29,0,True,False,False
EXP-T141,primary,0,101,1e-05,1.0000000000000001e-07,30,210,0.5345432460308075,0.4953049023946126,3.3339337435635654,9.495236500015048e-06,3.3339337435635654,30,0,True,False,False
EXP-T141,primary,0,101,1e-05,1.0000000000000001e-07,31,217,0.5857189510549817,0.4946154057979584,3.3329874674479165,9.460482294732422e-06,3.3329874674479165,31,0,True,False,False
EXP-T141,primary,0,101,1e-05,1.0000000000000001e-07,32,224,0.5895295398575919,0.4961745838324229,3.3331317323626894,9.424639868939035e-06,3.3329874674479165,31,1,False,False,False
EXP-T141,primary,0,101,1e-05,1.0000000000000001e-07,33,231,0.5532502574580056,0.49460874994595844,3.3317753184925425,9.387718066217125e-06,3.3317753184925425,33,0,True,False,False
EXP-T141,primary,0,101,1e-05,1.0000000000000001e-07,34,238,0.5298529267311096,0.4960150321324666,3.331905480587121,9.349725996469047e-06,3.3317753184925425,33,1,False,False,False
EXP-T141,primary,0,101,1e-05,1.0000000000000001e-07,35,245,0.4843839279242924,0.49832512935002643,3.3331571636777935,9.310673033669522e-06,3.3317753184925425,33,2,False,False,False
EXP-T141,primary,0,101,1e-05,1.0000000000000001e-07,36,252,0.47016842450414387,0.49764949083328247,3.331895539254853,9.270568813552757e-06,3.3317753184925425,33,3,False,False,False
EXP-T141,primary,0,101,1e-05,1.0000000000000001e-07,37,259,0.5781646413462502,0.4996519486109416,3.334245392770478,9.229423231234975e-06,3.3317753184925425,33,4,False,False,False
EXP-T141,primary,0,101,1e-05,1.0000000000000001e-07,38,266,0.5267187186649868,0.5023251175880432,3.337350556344697,9.18724643877294e-06,3.3317753184925425,33,5,False,False,False
EXP-T141,primary,0,101,1e-05,1.0000000000000001e-07,39,273,0.5236730745860508,0.5036908388137817,3.338782108191288,9.144048842659081e-06,3.3317753184925425,33,6,False,False,False
EXP-T141,primary,0,101,1e-05,1.0000000000000001e-07,40,280,0.5384514161518642,0.5046773552894592,3.3396442297733193,9.099841101253867e-06,3.3317753184925425,33,7,False,False,False
EXP-T141,primary,0,101,1e-05,1.0000000000000001e-07,41,287,0.49449353931205614,0.5058180491129557,3.3408589218602036,9.054634122155991e-06,3.3317753184925425,33,8,False,False,False
EXP-T141,primary,0,101,1e-05,1.0000000000000001e-07,42,294,0.4880643029298101,0.5077910820643107,3.343113985928622,9.0084390595111e-06,3.3317753184925425,33,9,False,False,False
EXP-T141,primary,0,101,1e-05,1.0000000000000001e-07,43,301,0.46956955269810613,0.5057857433954874,3.3403452092950996,8.961267311259668e-06,3.3317753184925425,33,10,False,False,False
EXP-T141,primary,0,101,1e-05,1.0000000000000001e-07,44,308,0.5044720854078021,0.5014336804548899,3.3344446818033853,8.913130516324733e-06,3.3317753184925425,33,11,False,False,False
EXP-T141,primary,0,101,1e-05,1.0000000000000001e-07,45,315,0.46799768414348364,0.49953611691792804,3.3315496733694365,8.864040551740158e-06,3.3315496733694365,45,0,True,False,False
EXP-T141,primary,0,101,1e-05,1.0000000000000001e-07,46,322,0.4964317636830466,0.4960922797520955,3.32658085678563,8.814009529720155e-06,3.32658085678563,46,0,True,False,False
EXP-T141,primary,0,101,1e-05,1.0000000000000001e-07,47,329,0.4839876267526831,0.4946017066637675,3.3241433808297822,8.763049794670776e-06,3.3241433808297822,47,0,True,False,False
EXP-T141,primary,0,101,1e-05,1.0000000000000001e-07,48,336,0.6250329698835101,0.4940561056137085,3.322950652151397,8.711173920144118e-06,3.322950652151397,48,0,True,False,False
EXP-T141,primary,0,101,1e-05,1.0000000000000001e-07,49,343,0.49392150342464447,0.4927521546681722,3.3207829793294272,8.658394705735988e-06,3.3207829793294272,49,0,True,False,False
EXP-T141,primary,0,101,1e-05,1.0000000000000001e-07,50,350,0.5683940393584115,0.4925947884718577,3.3203046394116953,8.604725173927786e-06,3.3203046394116953,50,0,True,False,False
EXP-T141,primary,0,101,1e-05,1.0000000000000001e-07,51,357,0.49582533857652117,0.4916224579016368,3.318651141542377,8.550178566873412e-06,3.318651141542377,51,0,True,False,False
EXP-T141,primary,0,101,1e-05,1.0000000000000001e-07,52,364,0.4753550676895039,0.49149272839228314,3.318067839651397,8.494768343131955e-06,3.318067839651397,52,0,True,False,False
EXP-T141,primary,0,101,1e-05,1.0000000000000001e-07,53,371,0.4708125037806375,0.49303563435872394,3.319743300929214,8.43850817434701e-06,3.318067839651397,52,1,False,False,False
EXP-T141,primary,0,101,1e-05,1.0000000000000001e-07,54,378,0.4870214696441378,0.4932102660338084,3.319638338955966,8.381411941873379e-06,3.318067839651397,52,2,False,False,False
EXP-T141,primary,0,101,1e-05,1.0000000000000001e-07,55,385,0.49465679696628023,0.4928780198097229,3.318850430575284,8.323493733352078e-06,3.318067839651397,52,3,False,False,False
EXP-T141,primary,0,101,1e-05,1.0000000000000001e-07,56,392,0.5129809635026115,0.4942807157834371,3.320372147993608,8.26476783923441e-06,3.318067839651397,52,4,False,False,False
EXP-T141,primary,0,101,1e-05,1.0000000000000001e-07,57,399,0.4786642056257863,0.4950815836588542,3.3209566058534565,8.205248749256014e-06,3.318067839651397,52,5,False,False,False
EXP-T141,primary,0,101,1e-05,1.0000000000000001e-07,58,406,0.6895630231925419,0.49699966112772626,3.3230856693152226,8.144951148861743e-06,3.318067839651397,52,6,False,False,False
EXP-T141,primary,0,101,1e-05,1.0000000000000001e-07,59,413,0.4819289908877441,0.49863553047180176,3.324747490160393,8.083889915582235e-06,3.318067839651397,52,7,False,False,False
EXP-T141,primary,0,101,1e-05,1.0000000000000001e-07,60,420,0.46835949826553197,0.4974660674730937,3.322778643983783,8.022080115363127e-06,3.318067839651397,52,8,False,False,False
EXP-T141,primary,0,101,1e-05,1.0000000000000001e-07,61,427,0.6918749213218689,0.49691418806711835,3.3215863776929453,7.959536998847744e-06,3.318067839651397,52,9,False,False,False
EXP-T141,primary,0,101,1e-05,1.0000000000000001e-07,62,434,0.46625633870384525,0.49606889486312866,3.3199217825224907,7.89627599761423e-06,3.318067839651397,52,10,False,False,False
EXP-T141,primary,0,101,1e-05,1.0000000000000001e-07,63,441,0.48447941882269724,0.49590982993443805,3.3192575628107246,7.832312720368048e-06,3.318067839651397,52,11,False,False,False
EXP-T141,primary,0,101,1e-05,1.0000000000000001e-07,64,448,0.810350843838283,0.4932557940483093,3.315152717359138,7.767662949090754e-06,3.315152717359138,64,0,True,False,False
EXP-T141,primary,0,101,1e-05,1.0000000000000001e-07,65,455,0.5818472994225365,0.4913191000620524,3.3119638616388496,7.702342635146033e-06,3.3119638616388496,65,0,True,False,False
EXP-T141,primary,0,101,1e-05,1.0000000000000001e-07,66,462,0.6004801307405744,0.4904382626215617,3.3102902499112217,7.636367895343947e-06,3.3102902499112217,66,0,True,False,False
EXP-T141,primary,0,101,1e-05,1.0000000000000001e-07,67,469,0.5486281429018293,0.48696470260620117,3.304993369362571,7.5697550079643376e-06,3.304993369362571,67,0,True,False,False
EXP-T141,primary,0,101,1e-05,1.0000000000000001e-07,68,476,0.47747262354407993,0.48529093464215595,3.3022856278852983,7.502520408740418e-06,3.3022856278852983,68,0,True,False,False
EXP-T141,primary,0,101,1e-05,1.0000000000000001e-07,69,483,0.480024448462895,0.4840636154015859,3.3001422304095644,7.43468068680349e-06,3.3001422304095644,69,0,True,False,False
EXP-T141,primary,0,101,1e-05,1.0000000000000001e-07,70,490,0.4982097957815443,0.48582493265469867,3.302214420203007,7.366252580589839e-06,3.3001422304095644,69,1,False,False,False
EXP-T141,primary,0,101,1e-05,1.0000000000000001e-07,71,497,0.532677173614502,0.4864847461382548,3.3027334502249053,7.297252973710756e-06,3.3001422304095644,69,2,False,False,False
EXP-T141,primary,0,101,1e-05,1.0000000000000001e-07,72,504,0.4598385585205896,0.48702969153722125,3.303003946940104,7.227698890786779e-06,3.3001422304095644,69,3,False,False,False
EXP-T141,primary,0,101,1e-05,1.0000000000000001e-07,73,511,0.560114358152662,0.4866836965084076,3.301896991151752,7.15760749324711e-06,3.3001422304095644,69,4,False,False,False
EXP-T141,primary,0,101,1e-05,1.0000000000000001e-07,74,518,0.7682589675698962,0.48806334535280865,3.303303342877012,7.086996075095289e-06,3.3001422304095644,69,5,False,False,False
EXP-T141,primary,0,101,1e-05,1.0000000000000001e-07,75,525,0.8081110971314567,0.48928884665171307,3.304648659446023,7.015882058642164e-06,3.3001422304095644,69,6,False,False,False
EXP-T141,primary,0,101,1e-05,1.0000000000000001e-07,76,532,0.46839308578611444,0.4912599225838979,3.3068503177527226,6.9442829902071945e-06,3.3001422304095644,69,7,False,False,False
EXP-T141,primary,0,101,1e-05,1.0000000000000001e-07,77,539,0.5141711405345372,0.491461843252182,3.306664900346236,6.8722165357891564e-06,3.3001422304095644,69,8,False,False,False
EXP-T141,primary,0,101,1e-05,1.0000000000000001e-07,78,546,0.5411487775189536,0.49422868092854816,3.3098752570874765,6.799700476707323e-06,3.3001422304095644,69,9,False,False,False
EXP-T141,primary,0,101,1e-05,1.0000000000000001e-07,79,553,0.5043720155954361,0.49449559052785236,3.309852368903883,6.726752705214193e-06,3.3001422304095644,69,10,False,False,False
EXP-T141,primary,0,101,1e-05,1.0000000000000001e-07,80,560,0.48636734059878756,0.4952479998270671,3.3103952118844697,6.65339122008084e-06,3.3001422304095644,69,11,False,False,False
EXP-T141,primary,0,101,1e-05,1.0000000000000001e-07,81,567,0.6240317438329969,0.4941400388876597,3.308414343631629,6.57963412215599e-06,3.3001422304095644,69,12,False,False,False
EXP-T141,primary,0,101,1e-05,1.0000000000000001e-07,82,574,0.48840007398809704,0.4922832250595093,3.305502226858428,6.505499609899905e-06,3.3001422304095644,69,13,False,False,False
EXP-T141,primary,0,101,1e-05,1.0000000000000001e-07,83,581,0.4665465195264135,0.49119654297828674,3.3034358169093276,6.431005974894185e-06,3.3001422304095644,69,14,False,False,False
EXP-T141,primary,0,101,1e-05,1.0000000000000001e-07,84,588,0.5655212359769004,0.49027647574742633,3.3017383922230112,6.356171597328595e-06,3.3001422304095644,69,15,False,False,False
EXP-T141,primary,0,101,1e-05,1.0000000000000001e-07,85,595,0.5065640551703317,0.4894823431968689,3.300133213852391,6.28101494146603e-06,3.300133213852391,85,0,True,False,False
EXP-T141,primary,0,101,1e-05,1.0000000000000001e-07,86,602,0.5607413181236812,0.49058107535044354,3.3012228301077178,6.205554551086732e-06,3.300133213852391,85,1,False,False,False
EXP-T141,primary,0,101,1e-05,1.0000000000000001e-07,87,609,0.4686565569468907,0.49078399936358136,3.3010848074248345,6.129809044912887e-06,3.300133213852391,85,2,False,False,False
EXP-T141,primary,0,101,1e-05,1.0000000000000001e-07,88,616,0.4813211645398821,0.4917345742384593,3.3018657799923057,6.053797112014738e-06,3.300133213852391,85,3,False,False,False
EXP-T141,primary,0,101,1e-05,1.0000000000000001e-07,89,623,0.5048202105930873,0.4930195212364197,3.303164395419034,5.977537507199338e-06,3.300133213852391,85,4,False,False,False
EXP-T141,primary,0,101,1e-05,1.0000000000000001e-07,90,630,0.5005259002958026,0.4936419526735942,3.3035969589695786,5.901049046383077e-06,3.300133213852391,85,5,False,False,False
EXP-T141,primary,0,101,1e-05,1.0000000000000001e-07,91,637,0.5086085498332977,0.4919690688451131,3.300910487319484,5.824350601949143e-06,3.300133213852391,85,6,False,False,False
EXP-T141,primary,0,101,1e-05,1.0000000000000001e-07,92,644,0.6941633692809513,0.4919930001099904,3.3004524924538354,5.7474610980910354e-06,3.300133213852391,85,7,False,False,False
EXP-T141,primary,0,101,1e-05,1.0000000000000001e-07,93,651,0.6691655388900212,0.49255116780598956,3.300739866314512,5.6703995061433075e-06,3.300133213852391,85,8,False,False,False
EXP-T141,primary,0,101,1e-05,1.0000000000000001e-07,94,658,0.710950276681355,0.4916183352470398,3.2989740082711885,5.5931848399006745e-06,3.2989740082711885,94,0,True,False,False
EXP-T141,primary,0,101,1e-05,1.0000000000000001e-07,95,665,0.49542620671646936,0.4902443091074626,3.296621149236506,5.515836150926646e-06,3.296621149236506,95,0,True,False,False
EXP-T141,primary,0,101,1e-05,1.0000000000000001e-07,96,672,0.514355501958302,0.48884546756744385,3.294402382590554,5.438372523852833e-06,3.294402382590554,96,0,True,False,False
EXP-T141,primary,0,101,1e-05,1.0000000000000001e-07,97,679,0.48065697295325144,0.48841922481854755,3.293521765506629,5.360813071670101e-06,3.293521765506629,97,0,True,False,False
EXP-T141,primary,0,101,1e-05,1.0000000000000001e-07,98,686,0.5603687720639365,0.48819344242413837,3.292866331158262,5.283176931012731e-06,3.292866331158262,98,0,True,False,False
EXP-T141,primary,0,101,1e-05,1.0000000000000001e-07,99,693,0.47355818109852926,0.48844852050145465,3.292991869377367,5.205483257436735e-06,3.292866331158262,98,1,False,False,False
EXP-T141,primary,0,101,1e-05,1.0000000000000001e-07,100,700,0.4991615499768938,0.48790329694747925,3.2917621496951943,5.127751220693512e-06,3.2917621496951943,100,0,True,False,False
EXP-T141,primary,0,101,1e-05,1.0000000000000001e-07,101,707,0.506010719708034,0.48763948678970337,3.291041056315104,5.05e-06,3.291041056315104,101,0,True,False,False
EXP-T141,primary,0,101,1e-05,1.0000000000000001e-07,102,714,0.6566143929958344,0.48732060194015503,3.2902670195608428,4.972248779306488e-06,3.2902670195608428,102,0,True,False,False
EXP-T141,primary,0,101,1e-05,1.0000000000000001e-07,103,721,0.4588554565395628,0.4870406786600749,3.2894532174775093,4.8945167425632645e-06,3.2894532174775093,103,0,True,False,False
EXP-T141,primary,0,101,1e-05,1.0000000000000001e-07,104,728,0.48533875175884794,0.4879905780156453,3.2902274854255444,4.816823068987269e-06,3.2894532174775093,103,1,False,False,False
EXP-T141,primary,0,101,1e-05,1.0000000000000001e-07,105,735,0.5512362377984183,0.48724961280822754,3.288620226310961,4.7391869283298985e-06,3.288620226310961,105,0,True,False,False
EXP-T141,primary,0,101,1e-05,1.0000000000000001e-07,106,742,0.5030796911035266,0.48563796281814575,3.285908323345762,4.661627476147168e-06,3.285908323345762,106,0,True,False,False
EXP-T141,primary,0,101,1e-05,1.0000000000000001e-07,107,749,0.7146657960755485,0.48461459080378216,3.2840969201290244,4.584163849073354e-06,3.2840969201290244,107,0,True,False,False
EXP-T141,primary,0,101,1e-05,1.0000000000000001e-07,108,756,0.4616127526304418,0.4849327603975932,3.284265460390033,4.506815160099326e-06,3.2840969201290244,107,1,False,False,False
EXP-T141,primary,0,101,1e-05,1.0000000000000001e-07,109,763,0.5538358901228223,0.48465033372243244,3.283567255193537,4.429600493856694e-06,3.283567255193537,109,0,True,False,False
EXP-T141,primary,0,101,1e-05,1.0000000000000001e-07,110,770,0.507634563105447,0.4840598205725352,3.2823102546460703,4.352538901908967e-06,3.2823102546460703,110,0,True,False,False
EXP-T141,primary,0,101,1e-05,1.0000000000000001e-07,111,777,0.5152829459735325,0.4851863384246826,3.283496047511245,4.275649398050858e-06,3.2823102546460703,110,1,False,False,False
EXP-T141,primary,0,101,1e-05,1.0000000000000001e-07,112,784,0.5361231139728001,0.48486175139745075,3.282611268939394,4.198950953616922e-06,3.2823102546460703,110,2,False,False,False
EXP-T141,primary,0,101,1e-05,1.0000000000000001e-07,113,791,0.5013930755002158,0.48443736632664997,3.2816982847271543,4.122462492800663e-06,3.2816982847271543,113,0,True,False,False
EXP-T141,primary,0,101,1e-05,1.0000000000000001e-07,114,798,0.47602786655936924,0.48425331711769104,3.2810625018495503,4.046202887985263e-06,3.2810625018495503,114,0,True,False,False
EXP-T141,primary,0,101,1e-05,1.0000000000000001e-07,115,805,0.6362175473145076,0.485145370165507,3.281887170040246,3.970190955087116e-06,3.2810625018495503,114,1,False,False,False
EXP-T141,primary,0,101,1e-05,1.0000000000000001e-07,116,812,0.4585392648088081,0.4850923418998718,3.2814171530983667,3.894445448913268e-06,3.2810625018495503,114,2,False,False,False
EXP-T141,primary,0,101,1e-05,1.0000000000000001e-07,117,819,0.5317363142967224,0.48468104004859924,3.2803899591619317,3.818985058533969e-06,3.2803899591619317,117,0,True,False,False
EXP-T141,primary,0,101,1e-05,1.0000000000000001e-07,118,826,0.5974793945040021,0.4827798406283061,3.2771097819010415,3.7438284026714044e-06,3.2771097819010415,118,0,True,False,False
EXP-T141,primary,0,101,1e-05,1.0000000000000001e-07,119,833,0.5508408546447754,0.4811716079711914,3.2743442419803506,3.6689940251058153e-06,3.2743442419803506,119,0,True,False,False
EXP-T141,primary,0,101,1e-05,1.0000000000000001e-07,120,840,0.5142858156136104,0.48105504115422565,3.2736555157285747,3.594500390100096e-06,3.2736555157285747,120,0,True,False,False
EXP-T141,primary,0,101,1e-05,1.0000000000000001e-07,121,847,0.7107034283024924,0.4816477696100871,3.2739842732747397,3.5203658778440116e-06,3.2736555157285747,120,1,False,False,False
EXP-T141,primary,0,101,1e-05,1.0000000000000001e-07,122,854,0.45622198855770485,0.48129890362421673,3.2730597293738164,3.4466087799191603e-06,3.2730597293738164,122,0,True,False,False
EXP-T141,primary,0,101,1e-05,1.0000000000000001e-07,123,861,0.4910707984651838,0.48021242022514343,3.271009502988873,3.3732472947858077e-06,3.271009502988873,123,0,True,False,False
EXP-T141,primary,0,101,1e-05,1.0000000000000001e-07,124,868,0.46271983880017487,0.4803520639737447,3.2707255970348013,3.300299523292678e-06,3.2707255970348013,124,0,True,False,False
EXP-T141,primary,0,101,1e-05,1.0000000000000001e-07,125,875,0.46718314715794157,0.48221006989479065,3.2729570793383047,3.227783464210845e-06,3.2707255970348013,124,1,False,False,False
EXP-T141,primary,0,101,1e-05,1.0000000000000001e-07,126,882,0.5015157801764352,0.4838462968667348,3.2749252319335938,3.155717009792807e-06,3.2707255970348013,124,2,False,False,False
EXP-T141,primary,0,101,1e-05,1.0000000000000001e-07,127,889,0.5313237394605365,0.4850771228472392,3.276267311789773,3.0841179413578354e-06,3.2707255970348013,124,3,False,False,False
EXP-T141,primary,0,101,1e-05,1.0000000000000001e-07,128,896,0.46665757468768526,0.4852062463760376,3.276105938535748,3.0130039249047117e-06,3.2707255970348013,124,4,False,False,False
EXP-T141,primary,0,101,1e-05,1.0000000000000001e-07,129,903,0.5566712617874146,0.4843999147415161,3.2746877959280303,2.9423925067528904e-06,3.2707255970348013,124,5,False,False,False
EXP-T141,primary,0,101,1e-05,1.0000000000000001e-07,130,910,0.4829858924661364,0.48364988962809247,3.273337393095999,2.87230110921322e-06,3.2707255970348013,124,6,False,False,False
EXP-T141,primary,0,101,1e-05,1.0000000000000001e-07,131,917,0.4885561913251877,0.48426668842633563,3.273857579086766,2.8027470262892435e-06,3.2707255970348013,124,7,False,False,False
EXP-T141,primary,0,101,1e-05,1.0000000000000001e-07,132,924,0.4754403680562973,0.48396986722946167,3.273074063387784,2.7337474194101625e-06,3.2707255970348013,124,8,False,False,False
EXP-T141,primary,0,101,1e-05,1.0000000000000001e-07,133,931,0.5742018095084599,0.48342235883076984,3.271974043412642,2.6653193131965085e-06,3.2707255970348013,124,9,False,False,False
EXP-T141,primary,0,101,1e-05,1.0000000000000001e-07,134,938,0.525364122220448,0.48282162348429364,3.2708220048384233,2.5974795912595824e-06,3.2707255970348013,124,10,False,False,False
EXP-T141,primary,0,101,1e-05,1.0000000000000001e-07,135,945,0.45675728656351566,0.48251022895177204,3.2701725815281724,2.530244992035662e-06,3.2701725815281724,135,0,True,False,False
EXP-T141,primary,0,101,1e-05,1.0000000000000001e-07,136,952,0.46617032521005186,0.48170950015385944,3.268874659682765,2.4636321046560533e-06,3.268874659682765,136,0,True,False,False
EXP-T141,primary,0,101,1e-05,1.0000000000000001e-07,137,959,0.46256259870382826,0.48083125551541644,3.26738369103634,2.3976573648539653e-06,3.26738369103634,137,0,True,False,False
EXP-T141,primary,0,101,1e-05,1.0000000000000001e-07,138,966,0.4690191852194922,0.4805855055650075,3.266785361550071,2.332337050909247e-06,3.266785361550071,138,0,True,False,False
EXP-T141,primary,0,101,1e-05,1.0000000000000001e-07,139,973,0.46118831927222864,0.4809281627337138,3.2670681115352744,2.267687279631953e-06,3.266785361550071,138,1,False,False,False
EXP-T141,primary,0,101,1e-05,1.0000000000000001e-07,140,980,0.4560550729261844,0.4807092746098836,3.266490127101089,2.2037240023857708e-06,3.266490127101089,140,0,True,False,False
EXP-T141,primary,0,101,1e-05,1.0000000000000001e-07,141,987,0.5114753288882119,0.48068445920944214,3.2662129257664536,2.1404630011522584e-06,3.2662129257664536,141,0,True,False,False
EXP-T141,primary,0,101,1e-05,1.0000000000000001e-07,142,994,0.4779650845697948,0.48039310177167255,3.265616445830374,2.0779198846368745e-06,3.265616445830374,142,0,True,False,False
EXP-T141,primary,0,101,1e-05,1.0000000000000001e-07,143,1001,0.5331419365746635,0.4802219271659851,3.265165849165483,2.0161100844177658e-06,3.265165849165483,143,0,True,False,False
EXP-T141,primary,0,101,1e-05,1.0000000000000001e-07,144,1008,0.7780801951885223,0.48039891322453815,3.2652458422111743,1.9550488511382593e-06,3.265165849165483,143,1,False,False,False
EXP-T141,primary,0,101,1e-05,1.0000000000000001e-07,145,1015,0.4510557422015284,0.4803168972333272,3.264896277225379,1.894751250743986e-06,3.264896277225379,145,0,True,False,False
EXP-T141,primary,0,101,1e-05,1.0000000000000001e-07,146,1022,0.48474831666265217,0.48056530952453613,3.2649968465169272,1.8352321607655916e-06,3.264896277225379,145,1,False,False,False
EXP-T141,primary,0,101,1e-05,1.0000000000000001e-07,147,1029,0.5348492307322366,0.4812370240688324,3.2656730883049243,1.7765062666479242e-06,3.264896277225379,145,2,False,False,False
EXP-T141,primary,0,101,1e-05,1.0000000000000001e-07,148,1036,0.49809354543685913,0.481579452753067,3.265937573982008,1.7185880581266217e-06,3.264896277225379,145,3,False,False,False
EXP-T141,primary,0,101,1e-05,1.0000000000000001e-07,149,1043,0.4832237149987902,0.48169833421707153,3.265829375295928,1.6614918256529908e-06,3.264896277225379,145,4,False,False,False
EXP-T141,primary,0,101,1e-05,1.0000000000000001e-07,150,1050,0.4475867748260498,0.4813627401987712,3.265077070756392,1.6052316568680442e-06,3.264896277225379,145,5,False,False,False
EXP-T141,primary,0,101,1e-05,1.0000000000000001e-07,151,1057,0.6047066535268512,0.4815561572710673,3.2651547518643467,1.5498214331265902e-06,3.264896277225379,145,6,False,False,False
EXP-T141,primary,0,101,1e-05,1.0000000000000001e-07,152,1064,0.4916474052837917,0.4812442759672801,3.2645943381569604,1.495274826072216e-06,3.2645943381569604,152,0,True,False,False
EXP-T141,primary,0,101,1e-05,1.0000000000000001e-07,153,1071,0.46794444801551954,0.4806225697199504,3.2635676066080728,1.441605294264014e-06,3.2635676066080728,153,0,True,False,False
EXP-T141,primary,0,101,1e-05,1.0000000000000001e-07,154,1078,0.48271060628550394,0.48024578889211017,3.2629315925366953,1.3888260798558817e-06,3.2629315925366953,154,0,True,False,False
EXP-T141,primary,0,101,1e-05,1.0000000000000001e-07,155,1085,0.46418888547590803,0.4802261491616567,3.2627618963068183,1.3369502053292252e-06,3.2627618963068183,155,0,True,False,False
EXP-T141,primary,0,101,1e-05,1.0000000000000001e-07,156,1092,0.46677381864615847,0.47996000448862713,3.2621869173916904,1.285990470279847e-06,3.2621869173916904,156,0,True,False,False
EXP-T141,primary,0,101,1e-05,1.0000000000000001e-07,157,1099,0.7712072644914899,0.4798231025536855,3.26182509913589,1.2359594482598438e-06,3.26182509913589,157,0,True,False,False
EXP-T141,primary,0,101,1e-05,1.0000000000000001e-07,158,1106,0.4574516588555915,0.4795982440312703,3.2613458344430635,1.1868694836752686e-06,3.2613458344430635,158,0,True,False,False
EXP-T141,primary,0,101,1e-05,1.0000000000000001e-07,159,1113,0.491243805204119,0.4791351556777954,3.2605607003876655,1.1387326887403326e-06,3.2605607003876655,159,0,True,False,False
EXP-T141,primary,0,101,1e-05,1.0000000000000001e-07,160,1120,0.4524383379944733,0.47894708315531415,3.260140390107126,1.0915609404889017e-06,3.260140390107126,160,0,True,False,False
EXP-T141,primary,0,101,1e-05,1.0000000000000001e-07,161,1127,0.7508074768951961,0.47905229528745014,3.2601533369584517,1.0453658778440107e-06,3.260140390107126,160,1,False,False,False
EXP-T141,primary,0,101,1e-05,1.0000000000000001e-07,162,1134,0.4632265671555485,0.4787224928538005,3.2595415982333096,1.0001588987461348e-06,3.2595415982333096,162,0,True,False,False
EXP-T141,primary,0,101,1e-05,1.0000000000000001e-07,163,1141,0.5220773560660226,0.478546142578125,3.2591696074514678,9.559511573409195e-07,3.2591696074514678,163,0,True,False,False
EXP-T141,primary,0,101,1e-05,1.0000000000000001e-07,164,1148,0.4662772613976683,0.4786912699540456,3.2592916777639678,9.127535612270632e-07,3.2591696074514678,163,1,False,False,False
EXP-T141,primary,0,101,1e-05,1.0000000000000001e-07,165,1155,0.45441305318049025,0.47864633798599243,3.2591205943714487,8.705767687650265e-07,3.2591205943714487,165,0,True,False,False
EXP-T141,primary,0,101,1e-05,1.0000000000000001e-07,166,1162,0.5479435409818377,0.4786596993605296,3.2590334343187735,8.294311864472448e-07,3.2590334343187735,166,0,True,False,False
EXP-T141,primary,0,101,1e-05,1.0000000000000001e-07,167,1169,0.49495566742760794,0.4785064955552419,3.258730108087713,7.893269663304784e-07,3.258730108087713,167,0,True,False,False
EXP-T141,primary,0,101,1e-05,1.0000000000000001e-07,168,1176,0.5039510769503457,0.47843379775683087,3.2585220336914062,7.50274003530953e-07,3.2585220336914062,168,0,True,False,False
EXP-T141,primary,0,101,1e-05,1.0000000000000001e-07,169,1183,0.45377262734941076,0.4784643352031708,3.258468396735914,7.122819337828752e-07,3.258468396735914,169,0,True,False,False
EXP-T141,primary,0,101,1e-05,1.0000000000000001e-07,170,1190,0.4483112448028156,0.47843799988428753,3.258338697028883,6.753601310609673e-07,3.258338697028883,170,0,True,False,False
EXP-T141,primary,0,101,1e-05,1.0000000000000001e-07,171,1197,0.5095464416912624,0.4781811535358429,3.257889025139086,6.395177052675794e-07,3.257889025139086,171,0,True,False,False
EXP-T141,primary,0,101,1e-05,1.0000000000000001e-07,172,1204,0.4858591215951102,0.4784465531508128,3.2581817164565576,6.047634999849531e-07,3.257889025139086,171,1,False,False,False
EXP-T141,primary,0,101,1e-05,1.0000000000000001e-07,173,1211,0.4596529749355146,0.478582501411438,3.2582961573745264,5.711060902932043e-07,3.257889025139086,171,2,False,False,False
EXP-T141,primary,0,101,1e-05,1.0000000000000001e-07,174,1218,0.4824407015527998,0.4787691632906596,3.258496139988755,5.385537806545469e-07,3.257889025139086,171,3,False,False,False
EXP-T141,primary,0,101,1e-05,1.0000000000000001e-07,175,1225,0.4952713059527533,0.4789113601048787,3.2586406360973013,5.071146028642944e-07,3.257889025139086,171,4,False,False,False
EXP-T141,primary,0,101,1e-05,1.0000000000000001e-07,176,1232,0.5502733205045972,0.4788944522539775,3.2585659605084043,4.7679631406913176e-07,3.257889025139086,171,5,False,False,False
EXP-T141,primary,0,101,1e-05,1.0000000000000001e-07,177,1239,0.5063058733940125,0.4788317084312439,3.2584186900745737,4.4760639485315585e-07,3.257889025139086,171,6,False,False,False
EXP-T141,primary,0,101,1e-05,1.0000000000000001e-07,178,1246,0.830482712813786,0.4787027637163798,3.258190964207505,4.195520473921565e-07,3.257889025139086,171,7,False,False,False
EXP-T141,primary,0,101,1e-05,1.0000000000000001e-07,179,1253,0.4599220710141318,0.4785481095314026,3.2579329519560845,3.92640193676584e-07,3.257889025139086,171,8,False,False,False
EXP-T141,primary,0,101,1e-05,1.0000000000000001e-07,180,1260,0.6794794201850891,0.4784848988056183,3.2578226725260415,3.668774738036508e-07,3.2578226725260415,180,0,True,False,False
EXP-T141,primary,0,101,1e-05,1.0000000000000001e-07,181,1267,0.473473102918693,0.4783964653809865,3.257662224047112,3.4227024433899004e-07,3.257662224047112,181,0,True,False,False
EXP-T141,primary,0,101,1e-05,1.0000000000000001e-07,182,1274,0.6832306683063507,0.47841429710388184,3.2576522827148438,3.188245767482659e-07,3.2576522827148438,182,0,True,False,False
EXP-T141,primary,0,101,1e-05,1.0000000000000001e-07,183,1281,0.46212154570223773,0.47844239075978595,3.257668466279001,2.9654625589913237e-07,3.2576522827148438,182,1,False,False,False
EXP-T141,primary,0,101,1e-05,1.0000000000000001e-07,184,1288,0.5110905936786106,0.47845086455345154,3.2576483524206914,2.754407786339001e-07,3.2576483524206914,184,0,True,False,False
EXP-T141,primary,0,101,1e-05,1.0000000000000001e-07,185,1295,0.505247448171888,0.478445698817571,3.2575963338216147,2.555133524132767e-07,3.2575963338216147,185,0,True,False,False
EXP-T141,primary,0,101,1e-05,1.0000000000000001e-07,186,1302,0.45937429687806536,0.47845010956128436,3.257571827281605,2.3676889403150103e-07,3.257571827281605,186,0,True,False,False
EXP-T141,primary,0,101,1e-05,1.0000000000000001e-07,187,1309,0.5037981825215476,0.4784044822057088,3.2574800433534565,2.1921202840320077e-07,3.2574800433534565,187,0,True,False,False
EXP-T141,primary,0,101,1e-05,1.0000000000000001e-07,188,1316,0.5517733011926923,0.4784802198410034,3.2575641978870737,2.0284708742225901e-07,3.2574800433534565,187,1,False,False,False
EXP-T141,primary,0,101,1e-05,1.0000000000000001e-07,189,1323,0.49588071022714886,0.47852633396784466,3.2576118238044507,1.8767810889299085e-07,3.2574800433534565,187,2,False,False,False
EXP-T141,primary,0,101,1e-05,1.0000000000000001e-07,190,1330,0.7123175689152309,0.47852500279744464,3.2575912475585938,1.7370883553386935e-07,3.2574800433534565,187,3,False,False,False
EXP-T141,primary,0,101,1e-05,1.0000000000000001e-07,191,1337,0.6549632251262665,0.4785173535346985,3.257561192368016,1.609427140540686e-07,3.2574800433534565,187,4,False,False,False
EXP-T141,primary,0,101,1e-05,1.0000000000000001e-07,192,1344,0.5165656975337437,0.4784456590811412,3.257438890861742,1.493828943030402e-07,3.257438890861742,192,0,True,False,False
EXP-T141,primary,0,101,1e-05,1.0000000000000001e-07,193,1351,0.5205602390425546,0.47837287187576294,3.257320519649621,1.3903222849333507e-07,3.257320519649621,193,0,True,False,False
EXP-T141,primary,0,101,1e-05,1.0000000000000001e-07,194,1358,0.4596179239451885,0.4783460696538289,3.257269425825639,1.2989327049686101e-07,3.257269425825639,194,0,True,False,False
EXP-T141,primary,0,101,1e-05,1.0000000000000001e-07,195,1365,0.5267468222549984,0.4783976376056671,3.2573309233694365,1.2196827521475402e-07,3.257269425825639,194,1,False,False,False
EXP-T141,primary,0,101,1e-05,1.0000000000000001e-07,196,1372,0.47971412752355846,0.4784016013145447,3.2573209820371685,1.1525919802101659e-07,3.257269425825639,194,2,False,False,False
EXP-T141,primary,0,101,1e-05,1.0000000000000001e-07,197,1379,0.5268175559384483,0.4784056742986043,3.2573061856356533,1.097676942800558e-07,3.257269425825639,194,3,False,False,False
EXP-T141,primary,0,101,1e-05,1.0000000000000001e-07,198,1386,0.45539063305061844,0.47839423020680744,3.2572691946318657,1.0549511893824898e-07,3.2572691946318657,198,0,True,False,False
EXP-T141,primary,0,101,1e-05,1.0000000000000001e-07,199,1393,0.4981165485722678,0.4783982038497925,3.2572592532995976,1.0244252618962859e-07,3.2572592532995976,199,0,True,False,False
EXP-T141,primary,0,101,1e-05,1.0000000000000001e-07,200,1400,0.8261360738958631,0.47839947541554767,3.25724746241714,1.006106692157801e-07,3.25724746241714,200,0,True,False,False
EXP-T141,primary,0,101,0.0001,1.0000000000000002e-06,1,7,0.5119048804044724,0.47649216651916504,3.3373417709812974,0.0001,3.3373417709812974,1,0,True,False,False
EXP-T141,primary,0,101,0.0001,1.0000000000000002e-06,2,14,0.49206045482839855,0.43710027635097504,3.4371277780243843,9.99938933078422e-05,3.3373417709812974,1,1,False,False,False
EXP-T141,primary,0,101,0.0001,1.0000000000000002e-06,3,21,0.5245433236871447,0.4694107472896576,3.326922792376894,9.997557473810373e-05,3.326922792376894,3,0,True,False,False
EXP-T141,primary,0,101,0.0001,1.0000000000000002e-06,4,28,0.5092720580952508,0.5247665643692017,3.3660148851799243,9.994504881061753e-05,3.326922792376894,3,1,False,False,False
EXP-T141,primary,0,101,0.0001,1.0000000000000002e-06,5,35,0.47193564900330137,0.5107888082663218,3.3466276689009233,9.990232305719945e-05,3.326922792376894,3,2,False,False,False
EXP-T141,primary,0,101,0.0001,1.0000000000000002e-06,6,42,0.5403730060373034,0.46887172261873883,3.30549922133937,9.984740801978984e-05,3.30549922133937,6,0,True,False,False
EXP-T141,primary,0,101,0.0001,1.0000000000000002e-06,7,49,0.5171745249203273,0.4579569697380066,3.300125353264086,9.978031724785247e-05,3.300125353264086,7,0,True,False,False
EXP-T141,primary,0,101,0.0001,1.0000000000000002e-06,8,56,0.4782035680753844,0.4715875784556071,3.288623231830019,9.97010672950314e-05,3.288623231830019,8,0,True,False,False
EXP-T141,primary,0,101,0.0001,1.0000000000000002e-06,9,63,0.5273534868444715,0.4775167604287465,3.2898654359759707,9.960967771506667e-05,3.288623231830019,8,1,False,False,False
EXP-T141,primary,0,101,0.0001,1.0000000000000002e-06,10,70,0.4690224730542728,0.4826866587003072,3.2953225338097774,9.95061710569696e-05,3.288623231830019,8,2,False,False,False
EXP-T141,primary,0,101,0.0001,1.0000000000000002e-06,11,77,0.5037081071308681,0.47741929690043133,3.28273056492661,9.939057285945933e-05,3.28273056492661,11,0,True,False,False
EXP-T141,primary,0,101,0.0001,1.0000000000000002e-06,12,84,0.513510633792196,0.4734680453936259,3.267172148733428,9.926291164466132e-05,3.267172148733428,12,0,True,False,False
EXP-T141,primary,0,101,0.0001,1.0000000000000002e-06,13,91,0.5281129564557757,0.45917362968126935,3.2450906002160274,9.91232189110701e-05,3.2450906002160274,13,0,True,False,False
EXP-T141,primary,0,101,0.0001,1.0000000000000002e-06,14,98,0.503779011113303,0.45911042888959247,3.2277637828480112,9.897152912577741e-05,3.2277637828480112,14,0,True,False,False
EXP-T141,primary,0,101,0.0001,1.0000000000000002e-06,15,105,0.47077940830162596,0.4709991415341695,3.21620224461411,9.8807879715968e-05,3.21620224461411,15,0,True,False,False
EXP-T141,primary,0,101,0.0001,1.0000000000000002e-06,16,112,0.4767698794603348,0.5025900999704996,3.229796669699929,9.8632311059685e-05,3.21620224461411,15,1,False,False,False
EXP-T141,primary,0,101,0.0001,1.0000000000000002e-06,17,119,0.6932207133088794,0.4591745138168335,3.1546300252278647,9.844486647586725e-05,3.1546300252278647,17,0,True,False,False
EXP-T141,primary,0,101,0.0001,1.0000000000000002e-06,18,126,0.45821065987859455,0.4578425387541453,3.1347029714873345,9.824559221366101e-05,3.1347029714873345,18,0,True,False,False
EXP-T141,primary,0,101,0.0001,1.0000000000000002e-06,19,133,0.4314097823309047,0.5115586121877035,3.167752352627841,9.803453744100869e-05,3.1347029714873345,18,1,False,False,False
EXP-T141,primary,0,101,0.0001,1.0000000000000002e-06,20,140,0.445408577897719,0.5003422896067301,3.126486807158499,9.781175423251735e-05,3.126486807158499,20,0,True,False,False
EXP-T141,primary,0,101,0.0001,1.0000000000000002e-06,21,147,0.47244906425476074,0.4550795952479045,3.0606460571289062,9.757729755661011e-05,3.0606460571289062,21,0,True,False,False
EXP-T141,primary,0,101,0.0001,1.0000000000000002e-06,22,154,0.47669982484408785,0.444811483224233,3.087977091471354,9.73312252619635e-05,3.0606460571289062,21,1,False,False,False
EXP-T141,primary,0,101,0.0001,1.0000000000000002e-06,23,161,0.47548935243061613,0.5000810523827871,3.0260014389500474,9.707359806323417e-05,3.0260014389500474,23,0,True,False,False
EXP-T141,primary,0,101,0.0001,1.0000000000000002e-06,24,168,0.42243820428848267,0.5001573165257772,2.992577986283736,9.680447952607845e-05,2.992577986283736,24,0,True,False,False
EXP-T141,primary,0,101,0.0001,1.0000000000000002e-06,25,175,0.402197633869946,0.45942582686742145,3.0954659201882104,9.652393605146844e-05,2.992577986283736,24,1,False,False,False
EXP-T141,primary,0,101,0.0001,1.0000000000000002e-06,26,182,0.46238724887371063,0.4724565049012502,3.1276020859227036,9.623203685930869e-05,2.992577986283736,24,2,False,False,False
EXP-T141,primary,0,101,0.0001,1.0000000000000002e-06,27,189,0.5168950855731964,0.49738433957099915,3.0793466279000947,9.592885397135707e-05,2.992577986283736,24,3,False,False,False
EXP-T141,primary,0,101,0.0001,1.0000000000000002e-06,28,196,0.4177777873618262,0.5095510383447012,3.0636885671904595,9.561446219345454e-05,2.992577986283736,24,4,False,False,False
EXP-T141,primary,0,101,0.0001,1.0000000000000002e-06,29,203,0.40877026319503784,0.47270679473876953,3.1715642755681817,9.528893909706797e-05,2.992577986283736,24,5,False,False,False
EXP-T141,primary,0,101,0.0001,1.0000000000000002e-06,30,210,0.44848168747765677,0.49640069405237836,3.0957794189453125,9.495236500015047e-05,2.992577986283736,24,6,False,False,False
EXP-T141,primary,0,101,0.0001,1.0000000000000002e-06,31,217,0.5419707000255585,0.4886242151260376,3.1065761681758994,9.460482294732421e-05,2.992577986283736,24,7,False,False,False
EXP-T141,primary,0,101,0.0001,1.0000000000000002e-06,32,224,0.5692861931664603,0.5085040628910065,3.071532047156132,9.424639868939033e-05,2.992577986283736,24,8,False,False,False
EXP-T141,primary,0,101,0.0001,1.0000000000000002e-06,33,231,0.4679685192448752,0.47691911458969116,3.2192556207830254,9.387718066217124e-05,2.992577986283736,24,9,False,False,False
EXP-T141,primary,0,101,0.0001,1.0000000000000002e-06,34,238,0.3944293162951778,0.5219953060150146,3.082029169256037,9.349725996469047e-05,2.992577986283736,24,10,False,False,False
EXP-T141,primary,0,101,0.0001,1.0000000000000002e-06,35,245,0.40829343242304666,0.4977957407633464,3.128802675189394,9.310673033669521e-05,2.992577986283736,24,11,False,False,False
EXP-T141,primary,0,101,0.0001,1.0000000000000002e-06,36,252,0.42413485795259476,0.4746001064777374,3.1245463978160513,9.270568813552756e-05,2.992577986283736,24,12,False,False,False
EXP-T141,primary,0,101,0.0001,1.0000000000000002e-06,37,259,0.4302217364311218,0.49096683661142987,3.0452677408854165,9.229423231234974e-05,2.992577986283736,24,13,False,False,False
EXP-T141,primary,0,101,0.0001,1.0000000000000002e-06,38,266,0.425008692911693,0.44778207937876385,3.058041659268466,9.187246438772939e-05,2.992577986283736,24,14,False,False,False
EXP-T141,primary,0,101,0.0001,1.0000000000000002e-06,39,273,0.49151485306876047,0.4427834053834279,3.0425604617956914,9.14404884265908e-05,2.992577986283736,24,15,False,False,False
EXP-T141,primary,0,101,0.0001,1.0000000000000002e-06,40,280,0.35849795437284876,0.448891282081604,3.0271259654651987,9.099841101253866e-05,2.992577986283736,24,16,False,False,False
EXP-T141,primary,0,101,0.0001,1.0000000000000002e-06,41,287,0.3827136323920318,0.44014448920885724,3.019489403926965,9.05463412215599e-05,2.992577986283736,24,17,False,False,False
EXP-T141,primary,0,101,0.0001,1.0000000000000002e-06,42,294,0.3615790456533432,0.46648650368054706,2.9569087172999526,9.0084390595111e-05,2.9569087172999526,42,0,True,False,False
EXP-T141,primary,0,101,0.0001,1.0000000000000002e-06,43,301,0.3748782681567328,0.44510484735171,2.9973091356682056,8.961267311259666e-05,2.9569087172999526,42,1,False,False,False
EXP-T141,primary,0,101,0.0001,1.0000000000000002e-06,44,308,0.4086499299321856,0.40765801072120667,3.167026404178504,8.913130516324733e-05,2.9569087172999526,42,2,False,False,False
EXP-T141,primary,0,101,0.0001,1.0000000000000002e-06,45,315,0.3371495599193232,0.46244387825330097,2.9614040490352744,8.864040551740158e-05,2.9569087172999526,42,3,False,False,False
EXP-T141,primary,0,101,0.0001,1.0000000000000002e-06,46,322,0.3638070396014622,0.4682102104028066,2.94505703088009,8.814009529720155e-05,2.94505703088009,46,0,True,False,False
EXP-T141,primary,0,101,0.0001,1.0000000000000002e-06,47,329,0.3514163462179048,0.42026753226915997,3.0487190015388257,8.763049794670775e-05,2.94505703088009,46,1,False,False,False
EXP-T141,primary,0,101,0.0001,1.0000000000000002e-06,48,336,0.49701267906597685,0.41225794951121014,3.093835310502486,8.711173920144117e-05,2.94505703088009,46,2,False,False,False
EXP-T141,primary,0,101,0.0001,1.0000000000000002e-06,49,343,0.39679807850292753,0.44356217980384827,2.950506961706913,8.658394705735987e-05,2.94505703088009,46,3,False,False,False
EXP-T141,primary,0,101,0.0001,1.0000000000000002e-06,50,350,0.38090733864477705,0.4566408097743988,2.9254524924538354,8.604725173927785e-05,2.9254524924538354,50,0,True,False,False
EXP-T141,primary,0,101,0.0001,1.0000000000000002e-06,51,357,0.38443478090422495,0.42145036657651264,3.011522235292377,8.55017856687341e-05,2.9254524924538354,50,1,False,False,False
EXP-T141,primary,0,101,0.0001,1.0000000000000002e-06,52,364,0.34151644206472803,0.39928027987480164,3.160937684955019,8.494768343131955e-05,2.9254524924538354,50,2,False,False,False
EXP-T141,primary,0,101,0.0001,1.0000000000000002e-06,53,371,0.3716005597795759,0.4139724175135295,3.021387736002604,8.438508174347009e-05,2.9254524924538354,50,3,False,False,False
EXP-T141,primary,0,101,0.0001,1.0000000000000002e-06,54,378,0.35892054651464733,0.40984754761060077,3.017543908321496,8.381411941873378e-05,2.9254524924538354,50,4,False,False,False
EXP-T141,primary,0,101,0.0001,1.0000000000000002e-06,55,385,0.33391356681074413,0.407282292842865,3.006804726340554,8.323493733352077e-05,2.9254524924538354,50,5,False,False,False
EXP-T141,primary,0,101,0.0001,1.0000000000000002e-06,56,392,0.40271819276469095,0.404205580552419,2.9739590269146543,8.26476783923441e-05,2.9254524924538354,50,6,False,False,False
EXP-T141,primary,0,101,0.0001,1.0000000000000002e-06,57,399,0.35532912611961365,0.40740708510080975,2.944120927290483,8.205248749256015e-05,2.9254524924538354,50,7,False,False,False
EXP-T141,primary,0,101,0.0001,1.0000000000000002e-06,58,406,0.3535060925143106,0.3918522695700328,2.9468510945638022,8.144951148861742e-05,2.9254524924538354,50,8,False,False,False
EXP-T141,primary,0,101,0.0001,1.0000000000000002e-06,59,413,0.3595874948160989,0.37502553562323254,3.01137958873402,8.083889915582235e-05,2.9254524924538354,50,9,False,False,False
EXP-T141,primary,0,101,0.0001,1.0000000000000002e-06,60,420,0.4191278687545231,0.3768950253725052,3.001624829841383,8.022080115363127e-05,2.9254524924538354,50,10,False,False,False
EXP-T141,primary,0,101,0.0001,1.0000000000000002e-06,61,427,0.3781907047544207,0.4482390483220418,2.9716373790394175,7.959536998847744e-05,2.9254524924538354,50,11,False,False,False
EXP-T141,primary,0,101,0.0001,1.0000000000000002e-06,62,434,0.3205467739275524,0.4028816918532054,2.9043056603633994,7.89627599761423e-05,2.9043056603633994,62,0,True,False,False
EXP-T141,primary,0,101,0.0001,1.0000000000000002e-06,63,441,0.3412185443531988,0.3736790219942729,2.8598685987067944,7.832312720368048e-05,2.8598685987067944,63,0,True,False,False
EXP-T141,primary,0,101,0.0001,1.0000000000000002e-06,64,448,0.5661271682807377,0.356138676404953,2.8604879668264678,7.767662949090753e-05,2.8598685987067944,63,1,False,False,False
EXP-T141,primary,0,101,0.0001,1.0000000000000002e-06,65,455,0.37201966983931406,0.4140630066394806,2.8208366162849194,7.702342635146033e-05,2.8208366162849194,65,0,True,False,False
EXP-T141,primary,0,101,0.0001,1.0000000000000002e-06,66,462,0.4307571990149362,0.3811832070350647,2.801787636496804,7.636367895343946e-05,2.801787636496804,66,0,True,False,False
EXP-T141,primary,0,101,0.0001,1.0000000000000002e-06,67,469,0.3440692935671125,0.3577996840079625,2.8941960190281724,7.569755007964338e-05,2.801787636496804,66,1,False,False,False
EXP-T141,primary,0,101,0.0001,1.0000000000000002e-06,68,476,0.3516613564320973,0.3869006633758545,2.8695720325816763,7.502520408740418e-05,2.801787636496804,66,2,False,False,False
EXP-T141,primary,0,101,0.0001,1.0000000000000002e-06,69,483,0.3701057604381016,0.43222097555796307,2.860026735247988,7.43468068680349e-05,2.801787636496804,66,3,False,False,False
EXP-T141,primary,0,101,0.0001,1.0000000000000002e-06,70,490,0.29030898639134,0.3692084203163783,2.9077053648052793,7.366252580589839e-05,2.801787636496804,66,4,False,False,False
EXP-T141,primary,0,101,0.0001,1.0000000000000002e-06,71,497,0.27482703753880094,0.3636333495378494,2.943744081439394,7.297252973710757e-05,2.801787636496804,66,5,False,False,False
EXP-T141,primary,0,101,0.0001,1.0000000000000002e-06,72,504,0.3579245848315103,0.387586643298467,2.8748330780954072,7.22769889078678e-05,2.801787636496804,66,6,False,False,False
EXP-T141,primary,0,101,0.0001,1.0000000000000002e-06,73,511,0.3039397586669241,0.3959103723367055,2.896660313461766,7.15760749324711e-05,2.801787636496804,66,7,False,False,False
EXP-T141,primary,0,101,0.0001,1.0000000000000002e-06,74,518,0.4123807081154415,0.37592702110608417,2.855927207253196,7.086996075095289e-05,2.801787636496804,66,8,False,False,False
EXP-T141,primary,0,101,0.0001,1.0000000000000002e-06,75,525,0.4048682876995632,0.3323986952503522,2.93332255970348,7.015882058642164e-05,2.801787636496804,66,9,False,False,False
EXP-T141,primary,0,101,0.0001,1.0000000000000002e-06,76,532,0.3993684138570513,0.38417941331863403,2.8196621519146543,6.944282990207195e-05,2.801787636496804,66,10,False,False,False
EXP-T141,primary,0,101,0.0001,1.0000000000000002e-06,77,539,0.3151220258857523,0.3252679804960887,2.9676277854225854,6.872216535789157e-05,2.801787636496804,66,11,False,False,False
EXP-T141,primary,0,101,0.0001,1.0000000000000002e-06,78,546,0.3976185747555324,0.32872773210207623,2.790810556122751,6.799700476707323e-05,2.790810556122751,78,0,True,False,False
EXP-T141,primary,0,101,0.0001,1.0000000000000002e-06,79,553,0.28776921331882477,0.3412541796763738,2.751239198626894,6.726752705214194e-05,2.751239198626894,79,0,True,False,False
EXP-T141,primary,0,101,0.0001,1.0000000000000002e-06,80,560,0.2839460475370288,0.3788463870684306,2.7907002766927085,6.65339122008084e-05,2.751239198626894,79,1,False,False,False
EXP-T141,primary,0,101,0.0001,1.0000000000000002e-06,81,567,0.4911136712346758,0.38319828112920123,2.8158523097182764,6.57963412215599e-05,2.751239198626894,79,2,False,False,False
EXP-T141,primary,0,101,0.0001,1.0000000000000002e-06,82,574,0.3120412746294668,0.3393741697072983,2.9033050537109375,6.505499609899905e-05,2.751239198626894,79,3,False,False,False
EXP-T141,primary,0,101,0.0001,1.0000000000000002e-06,83,581,0.34785731562546324,0.3493879437446594,2.7690653945460464,6.431005974894185e-05,2.751239198626894,79,4,False,False,False
EXP-T141,primary,0,101,0.0001,1.0000000000000002e-06,84,588,0.27725270496947424,0.3270110785961151,2.8478523023200757,6.356171597328596e-05,2.751239198626894,79,5,False,False,False
EXP-T141,primary,0,101,0.0001,1.0000000000000002e-06,85,595,0.30019887004579815,0.34874266386032104,2.7343583540482954,6.281014941466031e-05,2.7343583540482954,85,0,True,False,False
EXP-T141,primary,0,101,0.0001,1.0000000000000002e-06,86,602,0.2655599649463381,0.3681510090827942,2.7222539728338067,6.205554551086733e-05,2.7222539728338067,86,0,True,False,False
EXP-T141,primary,0,101,0.0001,1.0000000000000002e-06,87,609,0.2855274517621313,0.312673678000768,2.759851397890033,6.129809044912887e-05,2.7222539728338067,86,1,False,False,False
EXP-T141,primary,0,101,0.0001,1.0000000000000002e-06,88,616,0.27478871388094767,0.3210413108269374,2.7325656775272256,6.053797112014738e-05,2.7222539728338067,86,2,False,False,False
EXP-T141,primary,0,101,0.0001,1.0000000000000002e-06,89,623,0.24754737456428952,0.35430623094240826,2.735278274073745,5.977537507199338e-05,2.7222539728338067,86,3,False,False,False
EXP-T141,primary,0,101,0.0001,1.0000000000000002e-06,90,630,0.37401895012174335,0.32644445697466534,2.787996696703362,5.901049046383077e-05,2.7222539728338067,86,4,False,False,False
EXP-T141,primary,0,101,0.0001,1.0000000000000002e-06,91,637,0.27470863783465965,0.3167056739330292,2.905516884543679,5.8243506019491436e-05,2.7222539728338067,86,5,False,False,False
EXP-T141,primary,0,101,0.0001,1.0000000000000002e-06,92,644,0.333681868655341,0.3429965277512868,2.7266399499141807,5.7474610980910354e-05,2.7222539728338067,86,6,False,False,False
EXP-T141,primary,0,101,0.0001,1.0000000000000002e-06,93,651,0.25935906012143406,0.3393293221791585,2.746552669640743,5.6703995061433075e-05,2.7222539728338067,86,7,False,False,False
EXP-T141,primary,0,101,0.0001,1.0000000000000002e-06,94,658,0.3567476293870381,0.3384214248508215,3.2408673835523203,5.5931848399006745e-05,2.7222539728338067,86,8,False,False,False
EXP-T141,primary,0,101,0.0001,1.0000000000000002e-06,95,665,0.2783415861693876,0.3204144090414047,2.8740775368430396,5.515836150926646e-05,2.7222539728338067,86,9,False,False,False
EXP-T141,primary,0,101,0.0001,1.0000000000000002e-06,96,672,0.2427490440064243,0.422163188457489,2.8815996574633047,5.438372523852833e-05,2.7222539728338067,86,10,False,False,False
EXP-T141,primary,0,101,0.0001,1.0000000000000002e-06,97,679,0.31323389283248354,0.3474058310190837,2.907494169293028,5.360813071670102e-05,2.7222539728338067,86,11,False,False,False
EXP-T141,primary,0,101,0.0001,1.0000000000000002e-06,98,686,0.27787287320409504,0.33267105867465335,2.996614629572088,5.283176931012731e-05,2.7222539728338067,86,12,False,False,False
EXP-T141,primary,0,101,0.0001,1.0000000000000002e-06,99,693,0.26571321380989893,0.3668271501859029,2.829326051654238,5.205483257436735e-05,2.7222539728338067,86,13,False,False,False
EXP-T141,primary,0,101,0.0001,1.0000000000000002e-06,100,700,0.23523796469505345,0.33752333124478656,2.811766884543679,5.127751220693513e-05,2.7222539728338067,86,14,False,False,False
EXP-T141,primary,0,101,0.0001,1.0000000000000002e-06,101,707,0.3467286654881069,0.3200123955806096,2.821461533055161,5.05e-05,2.7222539728338067,86,15,False,False,False
EXP-T141,primary,0,101,0.0001,1.0000000000000002e-06,102,714,0.29256172478199005,0.3251821647087733,2.7534075650301846,4.972248779306489e-05,2.7222539728338067,86,16,False,False,False
EXP-T141,primary,0,101,0.0001,1.0000000000000002e-06,103,721,0.24520474871886627,0.3431000014146169,2.770871249112216,4.894516742563265e-05,2.7222539728338067,86,17,False,False,False
EXP-T141,primary,0,101,0.0001,1.0000000000000002e-06,104,728,0.2853234516722815,0.32198092838128406,2.9567519679214014,4.816823068987269e-05,2.7222539728338067,86,18,False,False,False
EXP-T141,primary,0,101,0.0001,1.0000000000000002e-06,105,735,0.3025764014039721,0.32170545558134717,2.8383316271232837,4.739186928329899e-05,2.7222539728338067,86,19,False,False,False
EXP-T141,primary,0,101,0.0001,1.0000000000000002e-06,106,742,0.26371947888817104,0.33543212711811066,2.732123172644413,4.661627476147168e-05,2.7222539728338067,86,20,False,False,False
EXP-T141,primary,0,101,0.0001,1.0000000000000002e-06,107,749,0.30313136535031454,0.3374439626932144,2.699208115086411,4.584163849073354e-05,2.699208115086411,107,0,True,False,False
EXP-T141,primary,0,101,0.0001,1.0000000000000002e-06,108,756,0.30567393771239687,0.3389819661776225,2.6808658946644175,4.5068151600993264e-05,2.6808658946644175,108,0,True,False,False
EXP-T141,primary,0,101,0.0001,1.0000000000000002e-06,109,763,0.2530492831553732,0.31918540596961975,2.692628340287642,4.429600493856695e-05,2.6808658946644175,108,1,False,False,False
EXP-T141,primary,0,101,0.0001,1.0000000000000002e-06,110,770,0.29497955100876944,0.32950856784979504,2.716379570238518,4.352538901908967e-05,2.6808658946644175,108,2,False,False,False
EXP-T141,primary,0,101,0.0001,1.0000000000000002e-06,111,777,0.2824260246540819,0.35592734813690186,2.7244221080433237,4.275649398050857e-05,2.6808658946644175,108,3,False,False,False
EXP-T141,primary,0,101,0.0001,1.0000000000000002e-06,112,784,0.3890605739184788,0.32221464812755585,2.7466123176343515,4.198950953616922e-05,2.6808658946644175,108,4,False,False,False
EXP-T141,primary,0,101,0.0001,1.0000000000000002e-06,113,791,0.27022350087229696,0.345300555229187,2.711721246892756,4.122462492800663e-05,2.6808658946644175,108,5,False,False,False
EXP-T141,primary,0,101,0.0001,1.0000000000000002e-06,114,798,0.22025237019572938,0.3336120545864105,2.7252197265625,4.046202887985264e-05,2.6808658946644175,108,6,False,False,False
EXP-T141,primary,0,101,0.0001,1.0000000000000002e-06,115,805,0.2437352377621989,0.3174537668625514,2.7655665079752603,3.9701909550871155e-05,2.6808658946644175,108,7,False,False,False
EXP-T141,primary,0,101,0.0001,1.0000000000000002e-06,116,812,0.2686975300312042,0.3244071106115977,2.7362368034593985,3.8944454489132674e-05,2.6808658946644175,108,8,False,False,False
EXP-T141,primary,0,101,0.0001,1.0000000000000002e-06,117,819,0.2111771261053426,0.3244164288043976,2.7359489672111743,3.818985058533969e-05,2.6808658946644175,108,9,False,False,False
EXP-T141,primary,0,101,0.0001,1.0000000000000002e-06,118,826,0.27676921018532347,0.3132230651875337,2.9632609974254263,3.7438284026714043e-05,2.6808658946644175,108,10,False,False,False
EXP-T141,primary,0,101,0.0001,1.0000000000000002e-06,119,833,0.25354586395301987,0.31703058381875354,2.81077968713009,3.668994025105816e-05,2.6808658946644175,108,11,False,False,False
EXP-T141,primary,0,101,0.0001,1.0000000000000002e-06,120,840,0.2782407073037965,0.32848868270715076,2.8077924323804453,3.594500390100096e-05,2.6808658946644175,108,12,False,False,False
EXP-T141,primary,0,101,0.0001,1.0000000000000002e-06,121,847,0.3501981369086674,0.3223119055231412,2.8400617657285747,3.520365877844012e-05,2.6808658946644175,108,13,False,False,False
EXP-T141,primary,0,101,0.0001,1.0000000000000002e-06,122,854,0.20832416361996106,0.34569742282231647,2.8242975870768228,3.44660877991916e-05,2.6808658946644175,108,14,False,False,False
EXP-T141,primary,0,101,0.0001,1.0000000000000002e-06,123,861,0.2359807395509311,0.3787297010421753,2.8313483035925664,3.373247294785808e-05,2.6808658946644175,108,15,False,False,False
EXP-T141,primary,0,101,0.0001,1.0000000000000002e-06,124,868,0.3320268711873463,0.31139788528283435,2.8028596820253315,3.300299523292678e-05,2.6808658946644175,108,16,False,False,False
EXP-T141,primary,0,101,0.0001,1.0000000000000002e-06,125,875,0.26138788887432646,0.3066719950487216,2.923193035703717,3.2277834642108455e-05,2.6808658946644175,108,17,False,False,False
EXP-T141,primary,0,101,0.0001,1.0000000000000002e-06,126,882,0.24043725643839156,0.30416961138447124,2.8786526304302793,3.155717009792807e-05,2.6808658946644175,108,18,False,False,False
EXP-T141,primary,0,101,0.0001,1.0000000000000002e-06,127,889,0.24252885300666094,0.31972313423951465,2.7687125928474194,3.084117941357835e-05,2.6808658946644175,108,19,False,False,False
EXP-T141,primary,0,101,0.0001,1.0000000000000002e-06,128,896,0.22218376504523413,0.31612391273180646,2.779486222700639,3.013003924904712e-05,2.6808658946644175,108,20,False,False,False
EXP-T141,primary,0,101,0.0001,1.0000000000000002e-06,129,903,0.22128533465521677,0.3113813449939092,2.7820145578095405,2.9423925067528905e-05,2.6808658946644175,108,21,False,False,False
EXP-T141,primary,0,101,0.0001,1.0000000000000002e-06,130,910,0.20388111591871297,0.3084985266129176,2.7864809903231533,2.87230110921322e-05,2.6808658946644175,108,22,False,False,False
EXP-T141,primary,0,101,0.0001,1.0000000000000002e-06,131,917,0.2147489921855075,0.30511189500490826,2.7932551990855825,2.8027470262892437e-05,2.6808658946644175,108,23,False,False,False
EXP-T141,primary,0,101,0.0001,1.0000000000000002e-06,132,924,0.18260822232280458,0.3052181452512741,2.807607939749053,2.7337474194101628e-05,2.6808658946644175,108,24,False,False,False
EXP-T141,primary,0,101,0.0001,1.0000000000000002e-06,133,931,0.2846060182367052,0.3125980272889137,2.802728132768111,2.665319313196509e-05,2.6808658946644175,108,25,False,False,False
EXP-T141,primary,0,101,0.0001,1.0000000000000002e-06,134,938,0.24279115881238664,0.3310388425985972,2.806721311627012,2.5974795912595825e-05,2.6808658946644175,108,26,False,False,False
EXP-T141,primary,0,101,0.0001,1.0000000000000002e-06,135,945,0.230529572814703,0.32082218925158185,2.8081426909475615,2.5302449920356623e-05,2.6808658946644175,108,27,False,False,False
EXP-T141,primary,0,101,0.0001,1.0000000000000002e-06,136,952,0.22362074109592608,0.31228561451037723,2.876293991551255,2.4636321046560538e-05,2.6808658946644175,108,28,False,False,False
EXP-T141,primary,0,101,0.0001,1.0000000000000002e-06,137,959,0.23785702751566923,0.3168865318099658,2.80906376694188,2.3976573648539656e-05,2.6808658946644175,108,29,False,False,False
EXP-T141,primary,0,101,0.0001,1.0000000000000002e-06,138,966,0.2218397922281708,0.3298058708508809,2.797307101162997,2.3323370509092472e-05,2.6808658946644175,108,30,False,True,False
EXP-T141,primary,0,101,0.001,1e-05,1,7,0.4937867224881692,0.4690479473210871,4.135190327962239,0.001,4.135190327962239,1,0,True,False,False
EXP-T141,primary,0,101,0.001,1e-05,2,14,0.6382952375071389,0.6889253457387289,3.7106568307587593,0.000999938933078422,3.7106568307587593,2,0,True,False,False
EXP-T141,primary,0,101,0.001,1e-05,3,21,0.5885773258549827,0.4873053530852,3.200217275908499,0.0009997557473810372,3.200217275908499,3,0,True,False,False
EXP-T141,primary,0,101,0.001,1e-05,4,28,0.47022632708499906,0.4262019395828247,3.2495796897194604,0.0009994504881061753,3.200217275908499,3,1,False,False,False
EXP-T141,primary,0,101,0.001,1e-05,5,35,0.4400554693170956,0.4471895061433315,3.9977222789417612,0.0009990232305719944,3.200217275908499,3,2,False,False,False
EXP-T141,primary,0,101,0.001,1e-05,6,42,0.6534075864723751,0.6627551515897115,3.5340992320667612,0.0009984740801978985,3.200217275908499,3,3,False,False,False
EXP-T141,primary,0,101,0.001,1e-05,7,49,0.49179835830415997,0.4377792924642563,3.6518947716915244,0.0009978031724785245,3.200217275908499,3,4,False,False,False
EXP-T141,primary,0,101,0.001,1e-05,8,56,0.4339447574956076,0.5528372824192047,3.181982791785038,0.000997010672950314,3.181982791785038,8,0,True,False,False
EXP-T141,primary,0,101,0.001,1e-05,9,63,0.4429941943713597,0.5395870804786682,3.1569999926017993,0.0009960967771506667,3.1569999926017993,9,0,True,False,False
EXP-T141,primary,0,101,0.001,1e-05,10,70,0.4929442916597639,0.5708335936069489,3.3329278194543086,0.000995061710569696,3.1569999926017993,9,1,False,False,False
EXP-T141,primary,0,101,0.001,1e-05,11,77,0.5007279302392688,0.4806308448314667,3.2113178137576943,0.0009939057285945933,3.1569999926017993,9,2,False,False,False
EXP-T141,primary,0,101,0.001,1e-05,12,84,0.391419563974653,0.44218969345092773,2.998711094711766,0.000992629116446613,2.998711094711766,12,0,True,False,False
EXP-T141,primary,0,101,0.001,1e-05,13,91,0.3292195051908493,0.6029913226763407,2.979157881303267,0.000991232189110701,2.979157881303267,13,0,True,False,False
EXP-T141,primary,0,101,0.001,1e-05,14,98,0.3639599449400391,0.4796496232350667,3.0441938458066997,0.0009897152912577741,2.979157881303267,13,1,False,False,False
EXP-T141,primary,0,101,0.001,1e-05,15,105,0.4056822529860905,0.5103392203648885,2.891302860144413,0.00098807879715968,2.891302860144413,15,0,True,False,False
EXP-T141,primary,0,101,0.001,1e-05,16,112,0.366033136844635,0.485577513774236,3.1156642798221474,0.00098632311059685,2.891302860144413,15,1,False,False,False
EXP-T141,primary,0,101,0.001,1e-05,17,119,0.47042326416288105,0.5124874214331309,3.0469970703125,0.0009844486647586723,2.891302860144413,15,2,False,False,False
EXP-T141,primary,0,101,0.001,1e-05,18,126,0.3274628812713282,0.630385955174764,4.983821868896484,0.00098245592213661,2.891302860144413,15,3,False,False,False
EXP-T141,primary,0,101,0.001,1e-05,19,133,0.4835087316376822,0.4648643334706624,2.9048029581705728,0.0009803453744100868,2.891302860144413,15,4,False,False,False
EXP-T141,primary,0,101,0.001,1e-05,20,140,0.36752138898840975,0.40003817280133563,2.775134462298769,0.0009781175423251734,2.775134462298769,20,0,True,False,False
EXP-T141,primary,0,101,0.001,1e-05,21,147,0.5007186851331166,0.4729432505555451,4.112491492069129,0.0009757729755661011,2.775134462298769,20,1,False,False,False
EXP-T141,primary,0,101,0.001,1e-05,22,154,0.28558476495423485,0.44655104478200275,3.120503281102036,0.0009733122526196349,2.775134462298769,20,2,False,False,False
EXP-T141,primary,0,101,0.001,1e-05,23,161,0.29937317754541126,0.4631463885307312,3.111711444276752,0.0009707359806323416,2.775134462298769,20,3,False,False,False
EXP-T141,primary,0,101,0.001,1e-05,24,168,0.2705701489799789,0.4322078078985214,3.579870744185014,0.0009680447952607845,2.775134462298769,20,4,False,False,False
EXP-T141,primary,0,101,0.001,1e-05,25,175,0.25417463870586027,0.5267884532610575,3.064362265846946,0.0009652393605146844,2.775134462298769,20,5,False,False,False
EXP-T141,primary,0,101,0.001,1e-05,26,182,0.2961099642728056,0.5039938688278198,3.1364947232333096,0.000962320368593087,2.775134462298769,20,6,False,False,False
EXP-T141,primary,0,101,0.001,1e-05,27,189,0.4053145136151995,0.4568125812771389,4.127059589732777,0.0009592885397135706,2.775134462298769,20,7,False,False,False
EXP-T141,primary,0,101,0.001,1e-05,28,196,0.40886314851897104,0.47643792629241943,3.0147744381066524,0.0009561446219345453,2.775134462298769,20,8,False,False,False
EXP-T141,primary,0,101,0.001,1e-05,29,203,0.36227775471551077,0.3505528122186661,2.9694893576882104,0.0009528893909706797,2.775134462298769,20,9,False,False,False
EXP-T141,primary,0,101,0.001,1e-05,30,210,0.24152799482856477,0.46489430715640384,4.123183972907789,0.0009495236500015047,2.775134462298769,20,10,False,False,False
EXP-T141,primary,0,101,0.001,1e-05,31,217,0.27804102855069296,0.39965198437372845,2.719950820460464,0.0009460482294732421,2.719950820460464,31,0,True,False,False
EXP-T141,primary,0,101,0.001,1e-05,32,224,0.2789285970585687,0.36497349043687183,3.079959638190992,0.0009424639868939033,2.719950820460464,31,1,False,False,False
EXP-T141,primary,0,101,0.001,1e-05,33,231,0.2335670462676457,0.4566379288832347,2.9681877367424243,0.0009387718066217125,2.719950820460464,31,2,False,False,False
EXP-T141,primary,0,101,0.001,1e-05,34,238,0.31271358472960337,0.35608185331026715,2.7451828465317236,0.0009349725996469047,2.719950820460464,31,3,False,False,False
EXP-T141,primary,0,101,0.001,1e-05,35,245,0.2530638064656939,0.42371474358515115,3.8370245731238164,0.0009310673033669522,2.719950820460464,31,4,False,False,False
EXP-T141,primary,0,101,0.001,1e-05,36,252,0.2578267986287496,0.7337032159169515,3.892304853959517,0.0009270568813552756,2.719950820460464,31,5,False,False,False
EXP-T141,primary,0,101,0.001,1e-05,37,259,0.3366885227816446,0.6126150339841843,4.926888552579013,0.0009229423231234975,2.719950820460464,31,6,False,False,False
EXP-T141,primary,0,101,0.001,1e-05,38,266,0.335280179977417,0.6334656774997711,3.1604972608161694,0.0009187246438772938,2.719950820460464,31,7,False,False,False
EXP-T141,primary,0,101,0.001,1e-05,39,273,0.3020349549395697,0.43386151393254596,3.4512709415320195,0.0009144048842659081,2.719950820460464,31,8,False,False,False
EXP-T141,primary,0,101,0.001,1e-05,40,280,0.19993407066379273,0.6227402687072754,3.140304334235914,0.0009099841101253866,2.719950820460464,31,9,False,False,False
EXP-T141,primary,0,101,0.001,1e-05,41,287,0.23323915765753814,0.549037886162599,4.572439945105351,0.000905463412215599,2.719950820460464,31,10,False,False,False
EXP-T141,primary,0,101,0.001,1e-05,42,294,0.26845790232930866,0.4379773835341136,2.903511740944602,0.0009008439059511099,2.719950820460464,31,11,False,False,False
EXP-T141,primary,0,101,0.001,1e-05,43,301,0.14238107158286897,0.3129668744901816,2.96235483342951,0.0008961267311259666,2.719950820460464,31,12,False,False,False
EXP-T141,primary,0,101,0.001,1e-05,44,308,0.14113193923341377,0.3292667704323928,3.099737687544389,0.0008913130516324732,2.719950820460464,31,13,False,False,False
EXP-T141,primary,0,101,0.001,1e-05,45,315,0.14714146669030015,0.3542615920305252,3.2392055627071494,0.0008864040551740157,2.719950820460464,31,14,False,False,False
EXP-T141,primary,0,101,0.001,1e-05,46,322,0.19532368012837,0.3132619398335616,2.9053185202858667,0.0008814009529720154,2.719950820460464,31,15,False,False,False
EXP-T141,primary,0,101,0.001,1e-05,47,329,0.15549346964274133,0.4832384983698527,3.665468620531487,0.0008763049794670775,2.719950820460464,31,16,False,False,False
EXP-T141,primary,0,101,0.001,1e-05,48,336,0.17749098369053432,0.33926507364958525,3.1952396739612925,0.0008711173920144117,2.719950820460464,31,17,False,False,False
EXP-T141,primary,0,101,0.001,1e-05,49,343,0.2853240157876696,0.4039777417977651,3.1040633230498345,0.0008658394705735987,2.719950820460464,31,18,False,False,False
EXP-T141,primary,0,101,0.001,1e-05,50,350,0.23904935589858464,0.40525321662425995,3.3361636075106533,0.0008604725173927785,2.719950820460464,31,19,False,False,False
EXP-T141,primary,0,101,0.001,1e-05,51,357,0.1734666643314995,0.3808150440454483,3.1572469075520835,0.000855017856687341,2.719950820460464,31,20,False,False,False
EXP-T141,primary,0,101,0.001,1e-05,52,364,0.17508165857621602,0.35928100370801985,3.358688123298414,0.0008494768343131955,2.719950820460464,31,21,False,False,False
EXP-T141,primary,0,101,0.001,1e-05,53,371,0.13693824889404432,0.4297950764497121,3.1155520352450283,0.0008438508174347009,2.719950820460464,31,22,False,False,False
EXP-T141,primary,0,101,0.001,1e-05,54,378,0.1644640739874116,0.325623062128822,3.0463522708777226,0.0008381411941873378,2.719950820460464,31,23,False,False,False
EXP-T141,primary,0,101,0.001,1e-05,55,385,0.1254492702906386,0.37824922800064087,2.992560877944484,0.0008323493733352077,2.719950820460464,31,24,False,False,False
EXP-T141,primary,0,101,0.001,1e-05,56,392,0.16439870102996273,0.5040310422579447,3.312714316628196,0.000826476783923441,2.719950820460464,31,25,False,False,False
EXP-T141,primary,0,101,0.001,1e-05,57,399,0.22580599093011447,0.44601726066321135,4.041885607170336,0.0008205248749256015,2.719950820460464,31,26,False,False,False
EXP-T141,primary,0,101,0.001,1e-05,58,406,0.2612607053347996,0.5427219867706299,3.2552224361535274,0.0008144951148861742,2.719950820460464,31,27,False,False,False
EXP-T141,primary,0,101,0.001,1e-05,59,413,0.1746998823114804,0.4874730333685875,4.326219847708037,0.0008083889915582234,2.719950820460464,31,28,False,False,False
EXP-T141,primary,0,101,0.001,1e-05,60,420,0.28072895229394945,0.4372275471687317,2.9088770548502603,0.0008022080115363127,2.719950820460464,31,29,False,False,False
EXP-T141,primary,0,101,0.001,1e-05,61,427,0.211181036063603,0.37584877014160156,2.993154352361506,0.0007959536998847743,2.719950820460464,31,30,False,True,False
EXP-T141,primary,0,101,0.01,0.0001,1,7,3.7640649591173445,4.583975474039714,23.617190967906605,0.01,23.617190967906605,1,0,True,False,False
EXP-T141,primary,0,101,0.01,0.0001,2,14,5.103133167539324,2.4907418886820474,11.3654565522165,0.00999938933078422,11.3654565522165,2,0,True,False,False
EXP-T141,primary,0,101,0.01,0.0001,3,21,3.084456818444388,3.820602814356486,19.44262071089311,0.009997557473810372,11.3654565522165,2,1,False,False,False
EXP-T141,primary,0,101,0.01,0.0001,4,28,8.301661133766174,6.608432769775391,32.905113913796164,0.009994504881061753,11.3654565522165,2,2,False,False,False
EXP-T141,primary,0,101,0.01,0.0001,5,35,3.7655435145965646,3.801480452219645,17.93121407248757,0.009990232305719944,11.3654565522165,2,3,False,False,False
EXP-T141,primary,0,101,0.01,0.0001,6,42,4.986129215785435,1.1596791942914326,5.55771475127249,0.009984740801978984,5.55771475127249,6,0,True,False,False
EXP-T141,primary,0,101,0.01,0.0001,7,49,0.8702912671225411,0.641393264134725,3.6482745083895596,0.009978031724785246,3.6482745083895596,7,0,True,False,False
EXP-T141,primary,0,101,0.01,0.0001,8,56,0.6367928726332528,0.8158559501171112,6.253402941154711,0.00997010672950314,3.6482745083895596,7,1,False,False,False
EXP-T141,primary,0,101,0.01,0.0001,9,63,0.8922022751399449,0.44564054409662884,3.4781098799272017,0.009960967771506667,3.4781098799272017,9,0,True,False,False
EXP-T141,primary,0,101,0.01,0.0001,10,70,0.49803666823676657,0.44303248325983685,3.5448795665394175,0.00995061710569696,3.4781098799272017,9,1,False,False,False
EXP-T141,primary,0,101,0.01,0.0001,11,77,0.5721891096660069,0.9432098070780436,4.643809694232362,0.009939057285945933,3.4781098799272017,9,2,False,False,False
EXP-T141,primary,0,101,0.01,0.0001,12,84,0.7902387721197945,0.5229257941246033,3.3747128573330967,0.00992629116446613,3.3747128573330967,12,0,True,False,False
EXP-T141,primary,0,101,0.01,0.0001,13,91,0.5562817198889596,0.5181153118610382,3.369023409756747,0.00991232189110701,3.369023409756747,13,0,True,False,False
EXP-T141,primary,0,101,0.01,0.0001,14,98,0.5565314761229924,0.5184066991011301,3.3693722811612217,0.00989715291257774,3.369023409756747,13,1,False,False,False
EXP-T141,primary,0,101,0.01,0.0001,15,105,0.47518529104334967,0.5091625054677328,3.3617757161458335,0.0098807879715968,3.3617757161458335,15,0,True,False,False
EXP-T141,primary,0,101,0.01,0.0001,16,112,0.48053606493132456,3.321811040242513,17.18121927434748,0.0098632311059685,3.3617757161458335,15,1,False,False,False
EXP-T141,primary,0,101,0.01,0.0001,17,119,5.49267486163548,4.4860429763793945,20.19655586011482,0.009844486647586723,3.3617757161458335,15,2,False,False,False
EXP-T141,primary,0,101,0.01,0.0001,18,126,3.851371705532074,4.504255930582683,22.529945489132043,0.0098245592213661,3.3617757161458335,15,3,False,False,False
EXP-T141,primary,0,101,0.01,0.0001,19,133,5.593077548912594,5.856768767038981,25.973151004675664,0.009803453744100868,3.3617757161458335,15,4,False,False,False
EXP-T141,primary,0,101,0.01,0.0001,20,140,4.409492867333548,0.8251624504725138,4.279356522993608,0.009781175423251734,3.3617757161458335,15,5,False,False,False
EXP-T141,primary,0,101,0.01,0.0001,21,147,1.2436345730509077,0.4268290549516678,3.521403688372988,0.009757729755661011,3.3617757161458335,15,6,False,False,False
EXP-T141,primary,0,101,0.01,0.0001,22,154,0.739879982812064,0.5261145631472269,3.3660451715642754,0.009733122526196349,3.3617757161458335,15,7,False,False,False
EXP-T141,primary,0,101,0.01,0.0001,23,161,0.5239413252898625,1.582331379254659,7.162005800189394,0.009707359806323416,3.3617757161458335,15,8,False,False,False
EXP-T141,primary,0,101,0.01,0.0001,24,168,1.4422808970723833,0.8149476448694865,5.655695134943182,0.009680447952607845,3.3617757161458335,15,9,False,False,False
EXP-T141,primary,0,101,0.01,0.0001,25,175,0.659487817968641,0.6921991109848022,3.7988056992039536,0.009652393605146845,3.3617757161458335,15,10,False,False,False
EXP-T141,primary,0,101,0.01,0.0001,26,182,0.7181096146149295,0.4290694519877434,3.6525462757457388,0.00962320368593087,3.3617757161458335,15,11,False,False,False
EXP-T141,primary,0,101,0.01,0.0001,27,189,0.6352586868618216,0.5091161926587423,3.4084787079782197,0.009592885397135707,3.3617757161458335,15,12,False,False,False
EXP-T141,primary,0,101,0.01,0.0001,28,196,0.5230248459598182,0.5039844413598379,3.375284368341619,0.009561446219345454,3.3617757161458335,15,13,False,False,False
EXP-T141,primary,0,101,0.01,0.0001,29,203,0.49404672001089367,0.5052862962086996,3.360136552290483,0.009528893909706798,3.360136552290483,29,0,True,False,False
EXP-T141,primary,0,101,0.01,0.0001,30,210,0.5255687364510128,0.5124986867109934,3.3631587172999526,0.009495236500015047,3.360136552290483,29,1,False,False,False
EXP-T141,primary,0,101,0.01,0.0001,31,217,0.5655903475625175,0.5222371220588684,3.373906222256747,0.00946048229473242,3.360136552290483,29,2,False,False,False
EXP-T141,primary,0,101,0.01,0.0001,32,224,0.5908313138144357,0.5306657155354818,3.3835941661487925,0.009424639868939034,3.360136552290483,29,3,False,False,False
EXP-T141,primary,0,101,0.01,0.0001,33,231,0.5519893297127315,0.5246086517969767,3.3766715309836646,0.009387718066217124,3.360136552290483,29,4,False,False,False
EXP-T141,primary,0,101,0.01,0.0001,34,238,0.5213397187846047,0.5274502635002136,3.379944541237571,0.009349725996469048,3.360136552290483,29,5,False,False,False
EXP-T141,primary,0,101,0.01,0.0001,35,245,0.5051040244953973,0.5311518808205923,3.3841407082297583,0.00931067303366952,3.360136552290483,29,6,False,False,False
EXP-T141,primary,0,101,0.01,0.0001,36,252,0.4756146334776921,0.5218009154001871,3.3733943592418325,0.009270568813552756,3.360136552290483,29,7,False,False,False
EXP-T141,primary,0,101,0.01,0.0001,37,259,0.5811671146324703,0.5197474459807078,3.370968905362216,0.009229423231234974,3.360136552290483,29,8,False,False,False
EXP-T141,primary,0,101,0.01,0.0001,38,266,0.5079717465809414,0.5247125128904978,3.376792214133523,0.009187246438772938,3.360136552290483,29,9,False,False,False
EXP-T141,primary,0,101,0.01,0.0001,39,273,0.5208468607493809,0.5290115475654602,3.3817242709073154,0.009144048842659082,3.360136552290483,29,10,False,False,False
EXP-T141,primary,0,101,0.01,0.0001,40,280,0.5196614350591388,0.5345693528652191,3.387945695356889,0.009099841101253866,3.360136552290483,29,11,False,False,False
EXP-T141,primary,0,101,0.01,0.0001,41,287,0.47857605798968245,0.5384776393572489,3.392220237038352,0.00905463412215599,3.360136552290483,29,12,False,False,False
EXP-T141,primary,0,101,0.01,0.0001,42,294,0.4857921845146588,0.5366422931353251,3.3902227228338067,0.0090084390595111,3.360136552290483,29,13,False,False,False
EXP-T141,primary,0,101,0.01,0.0001,43,301,0.4746560043921428,0.5279746055603027,3.3805437954989346,0.008961267311259666,3.360136552290483,29,14,False,False,False
EXP-T141,primary,0,101,0.01,0.0001,44,308,0.5085216888359615,0.5227510929107666,3.374508250843395,0.008913130516324731,3.360136552290483,29,15,False,False,False
EXP-T141,primary,0,101,0.01,0.0001,45,315,0.48043934096183094,0.5226305524508158,3.374367453835227,0.008864040551740157,3.360136552290483,29,16,False,False,False
EXP-T141,primary,0,101,0.01,0.0001,46,322,0.49919926055840086,0.5167158444722494,3.367342862215909,0.008814009529720154,3.360136552290483,29,17,False,False,False
EXP-T141,primary,0,101,0.01,0.0001,47,329,0.4955278081553323,0.5094817777474722,3.361909346147017,0.008763049794670776,3.360136552290483,29,18,False,False,False
EXP-T141,primary,0,101,0.01,0.0001,48,336,0.6157521605491638,0.5027200480302175,3.359030983664773,0.008711173920144118,3.359030983664773,48,0,True,False,False
EXP-T141,primary,0,101,0.01,0.0001,49,343,0.5001356133392879,0.5036178628603617,3.3594196203983193,0.008658394705735987,3.359030983664773,48,1,False,False,False
EXP-T141,primary,0,101,0.01,0.0001,50,350,0.5506765799862998,0.5070655941963196,3.360893480705492,0.008604725173927784,3.359030983664773,48,2,False,False,False
EXP-T141,primary,0,101,0.01,0.0001,51,357,0.4932966423886163,0.504063606262207,3.359611973618016,0.00855017856687341,3.359030983664773,48,3,False,False,False
EXP-T141,primary,0,101,0.01,0.0001,52,364,0.4741765508162124,0.500075101852417,3.3578736276337593,0.008494768343131955,3.3578736276337593,52,0,True,False,False
EXP-T141,primary,0,101,0.01,0.0001,53,371,0.47421517888350145,0.49994009733200073,3.3578142108339253,0.00843850817434701,3.3578142108339253,53,0,True,False,False
EXP-T141,primary,0,101,0.01,0.0001,54,378,0.4818832884941782,0.4994371136029561,3.3575918024236504,0.008381411941873378,3.3575918024236504,54,0,True,False,False
EXP-T141,primary,0,101,0.01,0.0001,55,385,0.5162969316755023,0.49907998243967694,3.3574334346886836,0.008323493733352076,3.3574334346886836,55,0,True,False,False
EXP-T141,primary,0,101,0.01,0.0001,56,392,0.5287397674151829,0.5041582683722178,3.3596526637221826,0.008264767839234409,3.3574334346886836,55,1,False,False,False
EXP-T141,primary,0,101,0.01,0.0001,57,399,0.4729512003915651,0.509587158759435,3.361953272964015,0.008205248749256015,3.3574334346886836,55,2,False,False,False
EXP-T141,primary,0,101,0.01,0.0001,58,406,0.712432073695319,0.5124497413635254,3.363138603441643,0.008144951148861742,3.3574334346886836,55,3,False,False,False
EXP-T141,primary,0,101,0.01,0.0001,59,413,0.47700450888701845,0.5096902052561442,3.3619962750059185,0.008083889915582234,3.3574334346886836,55,4,False,False,False
EXP-T141,primary,0,101,0.01,0.0001,60,420,0.4735548033245972,0.5057787895202637,3.3603469386245264,0.008022080115363126,3.3574334346886836,55,5,False,False,False
EXP-T141,primary,0,101,0.01,0.0001,61,427,0.7013394577162606,0.5056118170420328,3.360275730942235,0.007959536998847744,3.3574334346886836,55,6,False,False,False
EXP-T141,primary,0,101,0.01,0.0001,62,434,0.4731313208384173,0.5084220170974731,3.3614654541015625,0.00789627599761423,3.3574334346886836,55,7,False,False,False
EXP-T141,primary,0,101,0.01,0.0001,63,441,0.523120607648577,0.5096645752588908,3.3619856400923296,0.007832312720368047,3.3574334346886836,55,8,False,False,False
EXP-T141,primary,0,101,0.01,0.0001,64,448,0.8308000011103494,0.5071198642253876,3.36091660008286,0.007767662949090753,3.3574334346886836,55,9,False,False,False
EXP-T141,primary,0,101,0.01,0.0001,65,455,0.5842386079686028,0.5095098515351614,3.3619209058357007,0.007702342635146034,3.3574334346886836,55,10,False,False,False
EXP-T141,primary,0,101,0.01,0.0001,66,462,0.5970393674714225,0.5133975545565287,3.3635270089814155,0.007636367895343947,3.3574334346886836,55,11,False,False,False
EXP-T141,primary,0,101,0.01,0.0001,67,469,0.5841860345431736,0.5108775893847147,3.362489873712713,0.007569755007964339,3.3574334346886836,55,12,False,False,False
EXP-T141,primary,0,101,0.01,0.0001,68,476,0.4849851333669254,0.5121566454569498,3.363017920291785,0.007502520408740419,3.3574334346886836,55,13,False,False,False
EXP-T141,primary,0,101,0.01,0.0001,69,483,0.4785474038549832,0.5101087093353271,3.362170595111269,0.007434680686803491,3.3574334346886836,55,14,False,False,False
EXP-T141,primary,0,101,0.01,0.0001,70,490,0.4960892434631075,0.5113310615221659,3.3626776030569365,0.0073662525805898394,3.3574334346886836,55,15,False,False,False
EXP-T141,primary,0,101,0.01,0.0001,71,497,0.5263152122497559,0.5092519919077555,3.3618131695371685,0.007297252973710758,3.3574334346886836,55,16,False,False,False
EXP-T141,primary,0,101,0.01,0.0001,72,504,0.4846504490290369,0.5100923577944437,3.3621636592980586,0.00722769889078678,3.3574334346886836,55,17,False,False,False
EXP-T141,primary,0,101,0.01,0.0001,73,511,0.5267989592892783,0.508288194735845,3.3614092740145596,0.0071576074932471105,3.3574334346886836,55,18,False,False,False
EXP-T141,primary,0,101,0.01,0.0001,74,518,0.8005524277687073,0.511002371708552,3.362541429924242,0.00708699607509529,3.3574334346886836,55,19,False,False,False
EXP-T141,primary,0,101,0.01,0.0001,75,525,0.7991634777614048,0.5142055749893188,3.3642973466352983,0.007015882058642164,3.3574334346886836,55,20,False,False,False
EXP-T141,primary,0,101,0.01,0.0001,76,532,0.4728708229959011,0.5190966725349426,3.3701948686079546,0.006944282990207195,3.3574334346886836,55,21,False,False,False
EXP-T141,primary,0,101,0.01,0.0001,77,539,0.5083200250353131,0.5209596355756124,3.372403925115412,0.006872216535789157,3.3574334346886836,55,22,False,False,False
EXP-T141,primary,0,101,0.01,0.0001,78,546,0.5746125791754041,0.5251363515853882,3.377282576127486,0.006799700476707324,3.3574334346886836,55,23,False,False,False
EXP-T141,primary,0,101,0.01,0.0001,79,553,0.484861678310803,0.5215835869312286,3.373139121315696,0.006726752705214194,3.3574334346886836,55,24,False,False,False
EXP-T141,primary,0,101,0.01,0.0001,80,560,0.49971066415309906,0.5202901164690653,3.371612548828125,0.0066533912200808405,3.3574334346886836,55,25,False,False,False
EXP-T141,primary,0,101,0.01,0.0001,81,567,0.6250843703746796,0.516856869061788,3.3675127896395596,0.006579634122155991,3.3574334346886836,55,26,False,False,False
EXP-T141,primary,0,101,0.01,0.0001,82,574,0.48517887613603045,0.5168351829051971,3.367486433549361,0.006505499609899906,3.3574334346886836,55,27,False,False,False
EXP-T141,primary,0,101,0.01,0.0001,83,581,0.478838711977005,0.5179550846417745,3.3688312877308237,0.006431005974894186,3.3574334346886836,55,28,False,False,False
EXP-T141,primary,0,101,0.01,0.0001,84,588,0.5985210239887238,0.5159393946329752,3.3664051402698862,0.006356171597328596,3.3574334346886836,55,29,False,False,False
EXP-T141,primary,0,101,0.01,0.0001,85,595,0.4862516564982278,0.511709600687027,3.3628338900479404,0.0062810149414660316,3.3574334346886836,55,30,False,True,False
EXP-T141,primary,1,101,1e-05,1.0000000000000001e-07,1,6,0.5751519997914633,0.43852230658133823,3.5775916359641333,1e-05,3.5775916359641333,1,0,True,False,False
EXP-T141,primary,1,101,1e-05,1.0000000000000001e-07,2,12,0.5695000986258189,0.4338880131642024,3.5864424272017046,9.99938933078422e-06,3.5775916359641333,1,1,False,False,False
EXP-T141,primary,1,101,1e-05,1.0000000000000001e-07,3,18,0.5634618798891703,0.42886404941479367,3.599694454308712,9.997557473810373e-06,3.5775916359641333,1,2,False,False,False
EXP-T141,primary,1,101,1e-05,1.0000000000000001e-07,4,24,0.5733272681633631,0.425179402033488,3.6123063058564155,9.994504881061752e-06,3.5775916359641333,1,3,False,False,False
EXP-T141,primary,1,101,1e-05,1.0000000000000001e-07,5,30,0.5634672542413076,0.4231563558181127,3.6216449159564394,9.990232305719944e-06,3.5775916359641333,1,4,False,False,False
EXP-T141,primary,1,101,1e-05,1.0000000000000001e-07,6,36,0.5542043745517731,0.42188174029191333,3.62973369251598,9.984740801978984e-06,3.5775916359641333,1,5,False,False,False
EXP-T141,primary,1,101,1e-05,1.0000000000000001e-07,7,42,0.5849085549513499,0.42134761810302734,3.6345305009321733,9.978031724785247e-06,3.5775916359641333,1,6,False,False,False
EXP-T141,primary,1,101,1e-05,1.0000000000000001e-07,8,48,0.560640275478363,0.42092358134686947,3.6400881680575283,9.97010672950314e-06,3.5775916359641333,1,7,False,False,False
EXP-T141,primary,1,101,1e-05,1.0000000000000001e-07,9,54,0.5567501684029897,0.4207787911097209,3.642523563269413,9.960967771506666e-06,3.5775916359641333,1,8,False,False,False
EXP-T141,primary,1,101,1e-05,1.0000000000000001e-07,10,60,0.5641256272792816,0.4206917981306712,3.643372275612571,9.950617105696961e-06,3.5775916359641333,1,9,False,False,False
EXP-T141,primary,1,101,1e-05,1.0000000000000001e-07,11,66,0.5461717993021011,0.4206458932409684,3.642894166888613,9.939057285945933e-06,3.5775916359641333,1,10,False,False,False
EXP-T141,primary,1,101,1e-05,1.0000000000000001e-07,12,72,0.5513909310102463,0.4205740801990032,3.6430659438624526,9.926291164466131e-06,3.5775916359641333,1,11,False,False,False
EXP-T141,primary,1,101,1e-05,1.0000000000000001e-07,13,78,0.5678912351528803,0.42050633393228054,3.643585205078125,9.91232189110701e-06,3.5775916359641333,1,12,False,False,False
EXP-T141,primary,1,101,1e-05,1.0000000000000001e-07,14,84,0.5626313537359238,0.42044911968211335,3.645460417776397,9.897152912577742e-06,3.5775916359641333,1,13,False,False,False
EXP-T141,primary,1,101,1e-05,1.0000000000000001e-07,15,90,0.5456585337718328,0.42041044992705184,3.646304043856534,9.8807879715968e-06,3.5775916359641333,1,14,False,False,False
EXP-T141,primary,1,101,1e-05,1.0000000000000001e-07,16,96,0.5573647767305374,0.4204794839024544,3.6517174460671167,9.8632311059685e-06,3.5775916359641333,1,15,False,False,False
EXP-T141,primary,1,101,1e-05,1.0000000000000001e-07,17,102,0.5615675101677576,0.420563830062747,3.6546323371656015,9.844486647586724e-06,3.5775916359641333,1,16,False,False,False
EXP-T141,primary,1,101,1e-05,1.0000000000000001e-07,18,108,0.55614206691583,0.4205888416618109,3.655732588334517,9.824559221366101e-06,3.5775916359641333,1,17,False,False,False
EXP-T141,primary,1,101,1e-05,1.0000000000000001e-07,19,114,0.5364859600861868,0.42051292148729164,3.6550091830166904,9.803453744100868e-06,3.5775916359641333,1,18,False,False,False
EXP-T141,primary,1,101,1e-05,1.0000000000000001e-07,20,120,0.547190268834432,0.4204752879838149,3.655057733709162,9.781175423251734e-06,3.5775916359641333,1,19,False,False,False
EXP-T141,primary,1,101,1e-05,1.0000000000000001e-07,21,126,0.5391297936439514,0.4204221870750189,3.6548637621330493,9.757729755661012e-06,3.5775916359641333,1,20,False,False,False
EXP-T141,primary,1,101,1e-05,1.0000000000000001e-07,22,132,0.5553428679704666,0.4205004507675767,3.6568899443655303,9.73312252619635e-06,3.5775916359641333,1,21,False,False,False
EXP-T141,primary,1,101,1e-05,1.0000000000000001e-07,23,138,0.5470496167739233,0.4204599792137742,3.6569424253521543,9.707359806323418e-06,3.5775916359641333,1,22,False,False,False
EXP-T141,primary,1,101,1e-05,1.0000000000000001e-07,24,144,0.5257771710554758,0.42034149169921875,3.6557002212062026,9.680447952607845e-06,3.5775916359641333,1,23,False,False,False
EXP-T141,primary,1,101,1e-05,1.0000000000000001e-07,25,150,0.5682450234889984,0.4201561640948057,3.6531369758374765,9.652393605146845e-06,3.5775916359641333,1,24,False,False,False
EXP-T141,primary,1,101,1e-05,1.0000000000000001e-07,26,156,0.5328041066726049,0.4201603587716818,3.6545611294833096,9.62320368593087e-06,3.5775916359641333,1,25,False,False,False
EXP-T141,primary,1,101,1e-05,1.0000000000000001e-07,27,162,0.5434605826934179,0.4201096960653861,3.654666785037879,9.592885397135707e-06,3.5775916359641333,1,26,False,False,False
EXP-T141,primary,1,101,1e-05,1.0000000000000001e-07,28,168,0.5472307006518046,0.4200945592795809,3.6550223610617896,9.561446219345455e-06,3.5775916359641333,1,27,False,False,False
EXP-T141,primary,1,101,1e-05,1.0000000000000001e-07,29,174,0.5546233505010605,0.42001446771125,3.6540162057587593,9.528893909706798e-06,3.5775916359641333,1,28,False,False,False
EXP-T141,primary,1,101,1e-05,1.0000000000000001e-07,30,180,0.5523332357406616,0.41988349954287213,3.6522343953450522,9.495236500015048e-06,3.5775916359641333,1,29,False,False,False
EXP-T141,primary,1,101,1e-05,1.0000000000000001e-07,31,186,0.5392376234134039,0.4198452737182379,3.6525127526485557,9.460482294732422e-06,3.5775916359641333,1,30,False,True,False
EXP-T141,primary,1,101,0.0001,1.0000000000000002e-06,1,6,0.5608655015627543,0.42779727776845294,3.7058137835878315,0.0001,3.7058137835878315,1,0,True,False,False
EXP-T141,primary,1,101,0.0001,1.0000000000000002e-06,2,12,0.5444210370381674,0.4199238810688257,3.650206363562382,9.99938933078422e-05,3.650206363562382,2,0,True,False,False
EXP-T141,primary,1,101,0.0001,1.0000000000000002e-06,3,18,0.568538561463356,0.4212321788072586,3.6679363828716856,9.997557473810373e-05,3.650206363562382,2,1,False,False,False
EXP-T141,primary,1,101,0.0001,1.0000000000000002e-06,4,24,0.5565448155005773,0.4210290938305358,3.6690061164624765,9.994504881061753e-05,3.650206363562382,2,2,False,False,False
EXP-T141,primary,1,101,0.0001,1.0000000000000002e-06,5,30,0.5583799084027609,0.42029143248995143,3.620982545794863,9.990232305719945e-05,3.620982545794863,5,0,True,False,False
EXP-T141,primary,1,101,0.0001,1.0000000000000002e-06,6,36,0.535827194650968,0.42001958067218464,3.619328816731771,9.984740801978984e-05,3.619328816731771,6,0,True,False,False
EXP-T141,primary,1,101,0.0001,1.0000000000000002e-06,7,42,0.5537937978903452,0.4179486623033881,3.6477041533499053,9.978031724785247e-05,3.619328816731771,6,1,False,False,False
EXP-T141,primary,1,101,0.0001,1.0000000000000002e-06,8,48,0.5653780003388723,0.4225944260833785,3.680993282433712,9.97010672950314e-05,3.619328816731771,6,2,False,False,False
EXP-T141,primary,1,101,0.0001,1.0000000000000002e-06,9,54,0.5257858137289683,0.4183100836041073,3.659474228367661,9.960967771506667e-05,3.619328816731771,6,3,False,False,False
EXP-T141,primary,1,101,0.0001,1.0000000000000002e-06,10,60,0.5359127223491669,0.4170405299713214,3.6329609264026987,9.95061710569696e-05,3.619328816731771,6,4,False,False,False
EXP-T141,primary,1,101,0.0001,1.0000000000000002e-06,11,66,0.5326012472311655,0.4174931962043047,3.617127620812618,9.939057285945933e-05,3.617127620812618,11,0,True,False,False
EXP-T141,primary,1,101,0.0001,1.0000000000000002e-06,12,72,0.5430129369099935,0.4157380908727646,3.621605381821141,9.926291164466132e-05,3.617127620812618,11,1,False,False,False
EXP-T141,primary,1,101,0.0001,1.0000000000000002e-06,13,78,0.5332582890987396,0.4162320372027655,3.6452780058889678,9.91232189110701e-05,3.617127620812618,11,2,False,False,False
EXP-T141,primary,1,101,0.0001,1.0000000000000002e-06,14,84,0.55339648326238,0.4306290893194576,3.7298977013790244,9.897152912577741e-05,3.617127620812618,11,3,False,False,False
EXP-T141,primary,1,101,0.0001,1.0000000000000002e-06,15,90,0.5357579936583837,0.4183938811668971,3.651646700772372,9.8807879715968e-05,3.617127620812618,11,4,False,False,False
EXP-T141,primary,1,101,0.0001,1.0000000000000002e-06,16,96,0.5200372387965521,0.4186709366816406,3.653374874230587,9.8632311059685e-05,3.617127620812618,11,5,False,False,False
EXP-T141,primary,1,101,0.0001,1.0000000000000002e-06,17,102,0.5106280694405237,0.41759453752699,3.674039436109138,9.844486647586725e-05,3.617127620812618,11,6,False,False,False
EXP-T141,primary,1,101,0.0001,1.0000000000000002e-06,18,108,0.543142706155777,0.41780111271267134,3.6916416052616006,9.824559221366101e-05,3.617127620812618,11,7,False,False,False
EXP-T141,primary,1,101,0.0001,1.0000000000000002e-06,19,114,0.5189150820175806,0.41836909235765535,3.7051775383226797,9.803453744100869e-05,3.617127620812618,11,8,False,False,False
EXP-T141,primary,1,101,0.0001,1.0000000000000002e-06,20,120,0.5183379997809728,0.420246934981454,3.710978883685488,9.781175423251735e-05,3.617127620812618,11,9,False,False,False
EXP-T141,primary,1,101,0.0001,1.0000000000000002e-06,21,126,0.5126968771219254,0.4192072225753994,3.720305240515507,9.757729755661011e-05,3.617127620812618,11,10,False,False,False
EXP-T141,primary,1,101,0.0001,1.0000000000000002e-06,22,132,0.49339158336321515,0.43137341116865474,3.7754740859522964,9.73312252619635e-05,3.617127620812618,11,11,False,False,False
EXP-T141,primary,1,101,0.0001,1.0000000000000002e-06,23,138,0.4947240650653839,0.42205745455188054,3.755842497854522,9.707359806323417e-05,3.617127620812618,11,12,False,False,False
EXP-T141,primary,1,101,0.0001,1.0000000000000002e-06,24,144,0.4791242430607478,0.42022419460893917,3.7466837565104165,9.680447952607845e-05,3.617127620812618,11,13,False,False,False
EXP-T141,primary,1,101,0.0001,1.0000000000000002e-06,25,150,0.47363046805063885,0.4213706253140117,3.7474758263790244,9.652393605146844e-05,3.617127620812618,11,14,False,False,False
EXP-T141,primary,1,101,0.0001,1.0000000000000002e-06,26,156,0.4727187355359395,0.44513583307464916,3.832722519383286,9.623203685930869e-05,3.617127620812618,11,15,False,False,False
EXP-T141,primary,1,101,0.0001,1.0000000000000002e-06,27,162,0.46764829258124035,0.4573878621061643,3.856892210064512,9.592885397135707e-05,3.617127620812618,11,16,False,False,False
EXP-T141,primary,1,101,0.0001,1.0000000000000002e-06,28,168,0.44633357723553974,0.49578089515368146,3.918014295173414,9.561446219345454e-05,3.617127620812618,11,17,False,False,False
EXP-T141,primary,1,101,0.0001,1.0000000000000002e-06,29,174,0.4333060085773468,0.46105511238177616,3.8722978071732954,9.528893909706797e-05,3.617127620812618,11,18,False,False,False
EXP-T141,primary,1,101,0.0001,1.0000000000000002e-06,30,180,0.42964525520801544,0.455046867330869,3.859634630607836,9.495236500015047e-05,3.617127620812618,11,19,False,False,False
EXP-T141,primary,1,101,0.0001,1.0000000000000002e-06,31,186,0.4366043855746587,0.4750499228636424,3.8796689582593515,9.460482294732421e-05,3.617127620812618,11,20,False,False,False
EXP-T141,primary,1,101,0.0001,1.0000000000000002e-06,32,192,0.40147217611471814,0.46045663952827454,3.8294284704959756,9.424639868939033e-05,3.617127620812618,11,21,False,False,False
EXP-T141,primary,1,101,0.0001,1.0000000000000002e-06,33,198,0.4365414132674535,0.49069081743558246,3.845542214133523,9.387718066217124e-05,3.617127620812618,11,22,False,False,False
EXP-T141,primary,1,101,0.0001,1.0000000000000002e-06,34,204,0.4456374794244766,0.4769807110230128,3.8182317560369317,9.349725996469047e-05,3.617127620812618,11,23,False,False,False
EXP-T141,primary,1,101,0.0001,1.0000000000000002e-06,35,210,0.3957899361848831,0.4757431348164876,3.8028014211943657,9.310673033669521e-05,3.617127620812618,11,24,False,False,False
EXP-T141,primary,1,101,0.0001,1.0000000000000002e-06,36,216,0.41039861490329105,0.49262475967407227,3.8009079441879736,9.270568813552756e-05,3.617127620812618,11,25,False,False,False
EXP-T141,primary,1,101,0.0001,1.0000000000000002e-06,37,222,0.4395114928483963,0.4683055132627487,3.7947091767282197,9.229423231234974e-05,3.617127620812618,11,26,False,False,False
EXP-T141,primary,1,101,0.0001,1.0000000000000002e-06,38,228,0.401584858695666,0.48201824227968854,3.820748069069602,9.187246438772939e-05,3.617127620812618,11,27,False,False,False
EXP-T141,primary,1,101,0.0001,1.0000000000000002e-06,39,234,0.4018027186393738,0.49359676241874695,3.8517338145862925,9.14404884265908e-05,3.617127620812618,11,28,False,False,False
EXP-T141,primary,1,101,0.0001,1.0000000000000002e-06,40,240,0.38465167085329693,0.4931896577278773,3.8703127774325283,9.099841101253866e-05,3.617127620812618,11,29,False,False,False
EXP-T141,primary,1,101,0.0001,1.0000000000000002e-06,41,246,0.36483806868394214,0.5309161345163981,3.8875949744022256,9.05463412215599e-05,3.617127620812618,11,30,False,True,False
EXP-T141,primary,1,101,0.001,1e-05,1,6,0.5730608403682709,0.4234760993470748,3.6847573482629024,0.001,3.6847573482629024,1,0,True,False,False
EXP-T141,primary,1,101,0.001,1e-05,2,12,0.5530332326889038,0.4411514342452089,3.7831055612275093,0.000999938933078422,3.6847573482629024,1,1,False,False,False
EXP-T141,primary,1,101,0.001,1e-05,3,18,0.5622266034285227,0.422212939709425,3.7117036761659565,0.0009997557473810372,3.6847573482629024,1,2,False,False,False
EXP-T141,primary,1,101,0.001,1e-05,4,24,0.5751758913199106,0.4463696976502736,3.7488565155954072,0.0009994504881061753,3.6847573482629024,1,3,False,False,False
EXP-T141,primary,1,101,0.001,1e-05,5,30,0.5443452199300131,0.4456564678500096,3.8191452026367188,0.0009990232305719944,3.6847573482629024,1,4,False,False,False
EXP-T141,primary,1,101,0.001,1e-05,6,36,0.505998228987058,0.4591724630445242,3.9551946466619317,0.0009984740801978985,3.6847573482629024,1,5,False,False,False
EXP-T141,primary,1,101,0.001,1e-05,7,42,0.4741516411304474,0.5798924366633097,4.26319052956321,0.0009978031724785245,3.6847573482629024,1,6,False,False,False
EXP-T141,primary,1,101,0.001,1e-05,8,48,0.468348686893781,0.4703596035639445,4.048916903409091,0.000997010672950314,3.6847573482629024,1,7,False,False,False
EXP-T141,primary,1,101,0.001,1e-05,9,54,0.4433578203121821,0.46971076851089794,3.9638803655450996,0.0009960967771506667,3.6847573482629024,1,8,False,False,False
EXP-T141,primary,1,101,0.001,1e-05,10,60,0.45862460633118945,0.6139880816141764,4.057904561360677,0.000995061710569696,3.6847573482629024,1,9,False,False,False
EXP-T141,primary,1,101,0.001,1e-05,11,66,0.457220417757829,0.4828228972231348,4.040149573123816,0.0009939057285945933,3.6847573482629024,1,10,False,False,False
EXP-T141,primary,1,101,0.001,1e-05,12,72,0.3999871959288915,0.6560664176940918,4.196608341101444,0.000992629116446613,3.6847573482629024,1,11,False,False,False
EXP-T141,primary,1,101,0.001,1e-05,13,78,0.3955191175142924,0.7224937677383423,4.22925498268821,0.000991232189110701,3.6847573482629024,1,12,False,False,False
EXP-T141,primary,1,101,0.001,1e-05,14,84,0.36975955963134766,0.448309659337004,3.7952910914565576,0.0009897152912577741,3.6847573482629024,1,13,False,False,False
EXP-T141,primary,1,101,0.001,1e-05,15,90,0.4145088444153468,0.7281530499458313,4.061043594822739,0.00098807879715968,3.6847573482629024,1,14,False,False,False
EXP-T141,primary,1,101,0.001,1e-05,16,96,0.3103056376179059,0.4716496417919795,3.979437394575639,0.00098632311059685,3.6847573482629024,1,15,False,False,False
EXP-T141,primary,1,101,0.001,1e-05,17,102,0.3311764895915985,0.7518573800722758,4.357510422215317,0.0009844486647586723,3.6847573482629024,1,16,False,False,False
EXP-T141,primary,1,101,0.001,1e-05,18,108,0.3937843566139539,0.5056366423765818,3.8603404651988638,0.00098245592213661,3.6847573482629024,1,17,False,False,False
EXP-T141,primary,1,101,0.001,1e-05,19,114,0.2888987561066945,0.6770593722661337,4.246471520626184,0.0009803453744100868,3.6847573482629024,1,18,False,False,False
EXP-T141,primary,1,101,0.001,1e-05,20,120,0.2782217413187027,0.5811352928479513,4.006703001080138,0.0009781175423251734,3.6847573482629024,1,19,False,False,False
EXP-T141,primary,1,101,0.001,1e-05,21,126,0.29548602799574536,0.4877939671278,3.82147216796875,0.0009757729755661011,3.6847573482629024,1,20,False,False,False
EXP-T141,primary,1,101,0.001,1e-05,22,132,0.2881056119998296,0.5677021990219752,4.32546465324633,0.0009733122526196349,3.6847573482629024,1,21,False,False,False
EXP-T141,primary,1,101,0.001,1e-05,23,138,0.27901632338762283,0.46257108946641284,3.9084602124763257,0.0009707359806323416,3.6847573482629024,1,22,False,False,False
EXP-T141,primary,1,101,0.001,1e-05,24,144,0.23244531701008478,0.5030029706346492,4.2774912516276045,0.0009680447952607845,3.6847573482629024,1,23,False,False,False
EXP-T141,primary,1,101,0.001,1e-05,25,150,0.22990546375513077,0.5297359625498453,3.8190539966930044,0.0009652393605146844,3.6847573482629024,1,24,False,False,False
EXP-T141,primary,1,101,0.001,1e-05,26,156,0.2780736560622851,0.473143902917703,3.9315954266172466,0.000962320368593087,3.6847573482629024,1,25,False,False,False
EXP-T141,primary,1,101,0.001,1e-05,27,162,0.2347642108798027,0.4641531178106864,3.9537165092699453,0.0009592885397135706,3.6847573482629024,1,26,False,False,False
EXP-T141,primary,1,101,0.001,1e-05,28,168,0.24366317565242449,0.4713888590534528,3.879388751405658,0.0009561446219345453,3.6847573482629024,1,27,False,False,False
EXP-T141,primary,1,101,0.001,1e-05,29,174,0.2141819273432096,0.48036407803495723,4.02884951504794,0.0009528893909706797,3.6847573482629024,1,28,False,False,False
EXP-T141,primary,1,101,0.001,1e-05,30,180,0.23018780599037805,0.548356975739201,4.527100996537642,0.0009495236500015047,3.6847573482629024,1,29,False,False,False
EXP-T141,primary,1,101,0.001,1e-05,31,186,0.3615240802367528,0.6593354940414429,3.978572614265211,0.0009460482294732421,3.6847573482629024,1,30,False,True,False
EXP-T141,primary,1,101,0.01,0.0001,1,6,3.156951198975245,0.968375563621521,5.567921378395774,0.01,5.567921378395774,1,0,True,False,False
EXP-T141,primary,1,101,0.01,0.0001,2,12,2.820919930934906,0.9862644473711649,4.950948079427083,0.00999938933078422,4.950948079427083,2,0,True,False,False
EXP-T141,primary,1,101,0.01,0.0001,3,18,1.967485249042511,3.7706830501556396,18.397864023844402,0.009997557473810372,4.950948079427083,2,1,False,False,False
EXP-T141,primary,1,101,0.01,0.0001,4,24,1.4821715752283733,2.2636251052220664,10.485101642030658,0.009994504881061753,4.950948079427083,2,2,False,False,False
EXP-T141,primary,1,101,0.01,0.0001,5,30,0.9781548082828522,0.433102626974384,3.7652876882842095,0.009990232305719944,3.7652876882842095,5,0,True,False,False
EXP-T141,primary,1,101,0.01,0.0001,6,36,0.6585991233587265,0.46340801815191907,3.669050274473248,0.009984740801978984,3.669050274473248,6,0,True,False,False
EXP-T141,primary,1,101,0.01,0.0001,7,42,0.6526700059572855,0.6724595725536346,5.107768434466737,0.009978031724785246,3.669050274473248,6,1,False,False,False
EXP-T141,primary,1,101,0.01,0.0001,8,48,0.6520106842120489,0.5109704484542211,4.144513910466975,0.00997010672950314,3.669050274473248,6,2,False,False,False
EXP-T141,primary,1,101,0.01,0.0001,9,54,0.6958118577798208,0.5295414130179337,4.46051718971946,0.009960967771506667,3.669050274473248,6,3,False,False,False
EXP-T141,primary,1,101,0.01,0.0001,10,60,0.6766873896121979,0.7049669027328491,4.093875307025331,0.00995061710569696,3.669050274473248,6,4,False,False,False
EXP-T141,primary,1,101,0.01,0.0001,11,66,0.6223559031883875,0.43384677916765213,3.590888745857008,0.009939057285945933,3.590888745857008,11,0,True,False,False
EXP-T141,primary,1,101,0.01,0.0001,12,72,0.5645888447761536,0.4224664978682995,3.6334330240885415,0.00992629116446613,3.590888745857008,11,1,False,False,False
EXP-T141,primary,1,101,0.01,0.0001,13,78,0.5547176251808802,0.42161944943169755,3.6459050034031724,0.00991232189110701,3.590888745857008,11,2,False,False,False
EXP-T141,primary,1,101,0.01,0.0001,14,84,0.7549651662508646,0.5673427184422811,3.7237708351828833,0.00989715291257774,3.590888745857008,11,3,False,False,False
EXP-T141,primary,1,101,0.01,0.0001,15,90,0.585494930545489,0.5000949800014496,4.014677336721709,0.0098807879715968,3.590888745857008,11,4,False,False,False
EXP-T141,primary,1,101,0.01,0.0001,16,96,0.5554110556840897,0.4224886630351345,3.6657171538381865,0.0098632311059685,3.590888745857008,11,5,False,False,False
EXP-T141,primary,1,101,0.01,0.0001,17,102,0.5543561577796936,0.42207277069489163,3.661445386482008,0.009844486647586723,3.590888745857008,11,6,False,False,False
EXP-T141,primary,1,101,0.01,0.0001,18,108,0.5541687061389288,0.4218209255486727,3.657865119702888,0.0098245592213661,3.590888745857008,11,7,False,False,False
EXP-T141,primary,1,101,0.01,0.0001,19,114,0.5545945366223654,0.4216133374720812,3.6527097297437265,0.009803453744100868,3.590888745857008,11,8,False,False,False
EXP-T141,primary,1,101,0.01,0.0001,20,120,0.5540526459614435,0.42158641790350276,3.6511373808889678,0.009781175423251734,3.590888745857008,11,9,False,False,False
EXP-T141,primary,1,101,0.01,0.0001,21,126,0.5544482717911402,0.42157648876309395,3.6494013468424478,0.009757729755661011,3.590888745857008,11,10,False,False,False
EXP-T141,primary,1,101,0.01,0.0001,22,132,0.5541409850120544,0.421629569803675,3.6533651640920928,0.009733122526196349,3.590888745857008,11,11,False,False,False
EXP-T141,primary,1,101,0.01,0.0001,23,138,0.5540107637643814,0.4216454053918521,3.65391239975438,0.009707359806323416,3.590888745857008,11,12,False,False,False
EXP-T141,primary,1,101,0.01,0.0001,24,144,0.5546115835507711,0.42161940038204193,3.65296982273911,0.009680447952607845,3.590888745857008,11,13,False,False,False
EXP-T141,primary,1,101,0.01,0.0001,25,150,0.7225059072176615,0.42158222508927184,3.648144577488755,0.009652393605146845,3.590888745857008,11,14,False,False,False
EXP-T141,primary,1,101,0.01,0.0001,26,156,0.5539429187774658,0.4216083697974682,3.6463932846531724,0.00962320368593087,3.590888745857008,11,15,False,False,False
EXP-T141,primary,1,101,0.01,0.0001,27,162,0.557960311571757,0.4216263232131799,3.6456331195253315,0.009592885397135707,3.590888745857008,11,16,False,False,False
EXP-T141,primary,1,101,0.01,0.0001,28,168,0.6157430857419968,0.4216181393712759,3.6459577155835703,0.009561446219345454,3.590888745857008,11,17,False,False,False
EXP-T141,primary,1,101,0.01,0.0001,29,174,0.5541661083698273,0.42161012440919876,3.6463107484759707,0.009528893909706798,3.590888745857008,11,18,False,False,False
EXP-T141,primary,1,101,0.01,0.0001,30,180,0.5542444239060084,0.42164829932153225,3.6448687929095644,0.009495236500015047,3.590888745857008,11,19,False,False,False
EXP-T141,primary,1,101,0.01,0.0001,31,186,0.554069514075915,0.421623391409715,3.645745479699337,0.00946048229473242,3.590888745857008,11,20,False,False,False
EXP-T141,primary,1,101,0.01,0.0001,32,192,0.5545076131820679,0.42158275842666626,3.650788509484493,0.009424639868939034,3.590888745857008,11,21,False,False,False
EXP-T141,primary,1,101,0.01,0.0001,33,198,0.5540518661340078,0.42157823281983536,3.6501511082504736,0.009387718066217124,3.590888745857008,11,22,False,False,False
EXP-T141,primary,1,101,0.01,0.0001,34,204,0.5539823869864146,0.42160316184163094,3.652222835656368,0.009349725996469048,3.590888745857008,11,23,False,False,False
EXP-T141,primary,1,101,0.01,0.0001,35,210,0.553895448644956,0.42163802807529766,3.6536661783854165,0.00931067303366952,3.590888745857008,11,24,False,False,False
EXP-T141,primary,1,101,0.01,0.0001,36,216,0.5542066693305969,0.4217306450009346,3.6561304728190103,0.009270568813552756,3.590888745857008,11,25,False,False,False
EXP-T141,primary,1,101,0.01,0.0001,37,222,0.5542377829551697,0.4217187420775493,3.6558662183357007,0.009229423231234974,3.590888745857008,11,26,False,False,False
EXP-T141,primary,1,101,0.01,0.0001,38,228,0.5540359417597452,0.4217565680543582,3.656670772668087,0.009187246438772938,3.590888745857008,11,27,False,False,False
EXP-T141,primary,1,101,0.01,0.0001,39,234,0.5540437400341034,0.4216325581073761,3.653474056359493,0.009144048842659082,3.590888745857008,11,28,False,False,False
EXP-T141,primary,1,101,0.01,0.0001,40,240,0.5543490747610728,0.4215821623802185,3.650722619258996,0.009099841101253866,3.590888745857008,11,29,False,False,False
EXP-T141,primary,1,101,0.01,0.0001,41,246,0.5540561477343241,0.421593202278018,3.6516423080906724,0.00905463412215599,3.590888745857008,11,30,False,True,False
EXP-T141,primary,2,101,1e-05,1.0000000000000001e-07,1,7,0.5210100933909416,0.6566539108753204,3.6979405879974365,1e-05,3.6979405879974365,1,0,True,False,False
EXP-T141,primary,2,101,1e-05,1.0000000000000001e-07,2,14,0.5588546991348267,0.6514428555965424,3.6757824420928955,9.99938933078422e-06,3.6757824420928955,2,0,True,False,False
EXP-T141,primary,2,101,1e-05,1.0000000000000001e-07,3,21,0.6414048842021397,0.6472444832324982,3.6688945293426514,9.997557473810373e-06,3.6688945293426514,3,0,True,False,False
EXP-T141,primary,2,101,1e-05,1.0000000000000001e-07,4,28,0.6836733179433006,0.6424832940101624,3.6599721908569336,9.994504881061752e-06,3.6599721908569336,4,0,True,False,False
EXP-T141,primary,2,101,1e-05,1.0000000000000001e-07,5,35,0.6850555752004895,0.6389912962913513,3.6520824432373047,9.990232305719944e-06,3.6520824432373047,5,0,True,False,False
EXP-T141,primary,2,101,1e-05,1.0000000000000001e-07,6,42,0.591873722417014,0.6371016800403595,3.6468026638031006,9.984740801978984e-06,3.6468026638031006,6,0,True,False,False
EXP-T141,primary,2,101,1e-05,1.0000000000000001e-07,7,49,0.5339022193636213,0.6360412240028381,3.643284559249878,9.978031724785247e-06,3.643284559249878,7,0,True,False,False
EXP-T141,primary,2,101,1e-05,1.0000000000000001e-07,8,56,0.4950786701270512,0.6349495053291321,3.6392102241516113,9.97010672950314e-06,3.6392102241516113,8,0,True,False,False
EXP-T141,primary,2,101,1e-05,1.0000000000000001e-07,9,63,0.5900500289031437,0.6342022716999054,3.6360082626342773,9.960967771506666e-06,3.6360082626342773,9,0,True,False,False
EXP-T141,primary,2,101,1e-05,1.0000000000000001e-07,10,70,0.5771701463631221,0.6340937614440918,3.6355700492858887,9.950617105696961e-06,3.6355700492858887,10,0,True,False,False
EXP-T141,primary,2,101,1e-05,1.0000000000000001e-07,11,77,0.5149358127798352,0.6336727738380432,3.6335442066192627,9.939057285945933e-06,3.6335442066192627,11,0,True,False,False
EXP-T141,primary,2,101,1e-05,1.0000000000000001e-07,12,84,0.5251760099615369,0.6335451602935791,3.633026123046875,9.926291164466131e-06,3.633026123046875,12,0,True,False,False
EXP-T141,primary,2,101,1e-05,1.0000000000000001e-07,13,91,0.6372149884700775,0.6329299509525299,3.629782199859619,9.91232189110701e-06,3.629782199859619,13,0,True,False,False
EXP-T141,primary,2,101,1e-05,1.0000000000000001e-07,14,98,0.5339865982532501,0.6327155828475952,3.628732919692993,9.897152912577742e-06,3.628732919692993,14,0,True,False,False
EXP-T141,primary,2,101,1e-05,1.0000000000000001e-07,15,105,0.5207229597227914,0.6325048208236694,3.627720832824707,9.8807879715968e-06,3.627720832824707,15,0,True,False,False
EXP-T141,primary,2,101,1e-05,1.0000000000000001e-07,16,112,0.567873124565397,0.632099837064743,3.6251204013824463,9.8632311059685e-06,3.6251204013824463,16,0,True,False,False
EXP-T141,primary,2,101,1e-05,1.0000000000000001e-07,17,119,0.5009423238890511,0.631790965795517,3.6227900981903076,9.844486647586724e-06,3.6227900981903076,17,0,True,False,False
EXP-T141,primary,2,101,1e-05,1.0000000000000001e-07,18,126,0.4878205372951925,0.6316347718238831,3.6216297149658203,9.824559221366101e-06,3.6216297149658203,18,0,True,False,False
EXP-T141,primary,2,101,1e-05,1.0000000000000001e-07,19,133,0.5660620885235923,0.6314647197723389,3.6202712059020996,9.803453744100868e-06,3.6202712059020996,19,0,True,False,False
EXP-T141,primary,2,101,1e-05,1.0000000000000001e-07,20,140,0.4932909150208746,0.6314185559749603,3.620900869369507,9.781175423251734e-06,3.6202712059020996,19,1,False,False,False
EXP-T141,primary,2,101,1e-05,1.0000000000000001e-07,21,147,0.4883614777853446,0.6312266886234283,3.6196248531341553,9.757729755661012e-06,3.6196248531341553,21,0,True,False,False
EXP-T141,primary,2,101,1e-05,1.0000000000000001e-07,22,154,0.47752632214022533,0.6311762630939484,3.6199910640716553,9.73312252619635e-06,3.6196248531341553,21,1,False,False,False
EXP-T141,primary,2,101,1e-05,1.0000000000000001e-07,23,161,0.47843684415732113,0.630855143070221,3.617269277572632,9.707359806323418e-06,3.617269277572632,23,0,True,False,False
EXP-T141,primary,2,101,1e-05,1.0000000000000001e-07,24,168,0.48467806859740187,0.6305887401103973,3.614032745361328,9.680447952607845e-06,3.614032745361328,24,0,True,False,False
EXP-T141,primary,2,101,1e-05,1.0000000000000001e-07,25,175,0.5953764958041055,0.6304399371147156,3.609388828277588,9.652393605146845e-06,3.609388828277588,25,0,True,False,False
EXP-T141,primary,2,101,1e-05,1.0000000000000001e-07,26,182,0.5981434115341732,0.630318820476532,3.6090140342712402,9.62320368593087e-06,3.6090140342712402,26,0,True,False,False
EXP-T141,primary,2,101,1e-05,1.0000000000000001e-07,27,189,0.5417796117918832,0.6301949322223663,3.6090340614318848,9.592885397135707e-06,3.6090140342712402,26,1,False,False,False
EXP-T141,primary,2,101,1e-05,1.0000000000000001e-07,28,196,0.535415917634964,0.630089521408081,3.6089019775390625,9.561446219345455e-06,3.6089019775390625,28,0,True,False,False
EXP-T141,primary,2,101,1e-05,1.0000000000000001e-07,29,203,0.5015903647456851,0.6299460530281067,3.608217477798462,9.528893909706798e-06,3.608217477798462,29,0,True,False,False
EXP-T141,primary,2,101,1e-05,1.0000000000000001e-07,30,210,0.5533686109951564,0.6298117935657501,3.6067280769348145,9.495236500015048e-06,3.6067280769348145,30,0,True,False,False
EXP-T141,primary,2,101,1e-05,1.0000000000000001e-07,31,217,0.5246465525456837,0.6296759843826294,3.606433153152466,9.460482294732422e-06,3.606433153152466,31,0,True,False,False
EXP-T141,primary,2,101,1e-05,1.0000000000000001e-07,32,224,0.6191722878387996,0.6295526027679443,3.6061933040618896,9.424639868939035e-06,3.6061933040618896,32,0,True,False,False
EXP-T141,primary,2,101,1e-05,1.0000000000000001e-07,33,231,0.6558522369180407,0.6294169723987579,3.606353998184204,9.387718066217125e-06,3.6061933040618896,32,1,False,False,False
EXP-T141,primary,2,101,1e-05,1.0000000000000001e-07,34,238,0.6706236068691526,0.6293021440505981,3.607640027999878,9.349725996469047e-06,3.6061933040618896,32,2,False,False,False
EXP-T141,primary,2,101,1e-05,1.0000000000000001e-07,35,245,0.5470284904752459,0.6292203962802887,3.6099605560302734,9.310673033669522e-06,3.6061933040618896,32,3,False,False,False
EXP-T141,primary,2,101,1e-05,1.0000000000000001e-07,36,252,0.5923862372125898,0.6289956867694855,3.608177423477173,9.270568813552757e-06,3.6061933040618896,32,4,False,False,False
EXP-T141,primary,2,101,1e-05,1.0000000000000001e-07,37,259,0.4903104986463274,0.6287788152694702,3.6065824031829834,9.229423231234975e-06,3.6061933040618896,32,5,False,False,False
EXP-T141,primary,2,101,1e-05,1.0000000000000001e-07,38,266,0.6806533336639404,0.6286388337612152,3.6059341430664062,9.18724643877294e-06,3.6059341430664062,38,0,True,False,False
EXP-T141,primary,2,101,1e-05,1.0000000000000001e-07,39,273,0.6090758144855499,0.6285324692726135,3.6061348915100098,9.144048842659081e-06,3.6059341430664062,38,1,False,False,False
EXP-T141,primary,2,101,1e-05,1.0000000000000001e-07,40,280,0.6736830472946167,0.6284095346927643,3.605400562286377,9.099841101253867e-06,3.605400562286377,40,0,True,False,False
EXP-T141,primary,2,101,1e-05,1.0000000000000001e-07,41,287,0.5959370519433703,0.6282740831375122,3.605482816696167,9.054634122155991e-06,3.605400562286377,40,1,False,False,False
EXP-T141,primary,2,101,1e-05,1.0000000000000001e-07,42,294,0.552972001688821,0.6281637847423553,3.605250597000122,9.0084390595111e-06,3.605250597000122,42,0,True,False,False
EXP-T141,primary,2,101,1e-05,1.0000000000000001e-07,43,301,0.4858856692111918,0.6280039548873901,3.603752851486206,8.961267311259668e-06,3.603752851486206,43,0,True,False,False
EXP-T141,primary,2,101,1e-05,1.0000000000000001e-07,44,308,0.5412000375134605,0.6278319358825684,3.6024508476257324,8.913130516324733e-06,3.6024508476257324,44,0,True,False,False
EXP-T141,primary,2,101,1e-05,1.0000000000000001e-07,45,315,0.5186431748526437,0.6277231872081757,3.602985382080078,8.864040551740158e-06,3.6024508476257324,44,1,False,False,False
EXP-T141,primary,2,101,1e-05,1.0000000000000001e-07,46,322,0.4918704314955643,0.627600371837616,3.6024937629699707,8.814009529720155e-06,3.6024508476257324,44,2,False,False,False
EXP-T141,primary,2,101,1e-05,1.0000000000000001e-07,47,329,0.48019440804741215,0.6274782419204712,3.6022541522979736,8.763049794670776e-06,3.6022541522979736,47,0,True,False,False
EXP-T141,primary,2,101,1e-05,1.0000000000000001e-07,48,336,0.4792587362191106,0.6273657381534576,3.602354049682617,8.711173920144118e-06,3.6022541522979736,47,1,False,False,False
EXP-T141,primary,2,101,1e-05,1.0000000000000001e-07,49,343,0.6764766488756452,0.6272096633911133,3.601848840713501,8.658394705735988e-06,3.601848840713501,49,0,True,False,False
EXP-T141,primary,2,101,1e-05,1.0000000000000001e-07,50,350,0.5116463410002845,0.6269549131393433,3.598113775253296,8.604725173927786e-06,3.598113775253296,50,0,True,False,False
EXP-T141,primary,2,101,1e-05,1.0000000000000001e-07,51,357,0.5594916897160667,0.6268100142478943,3.5956883430480957,8.550178566873412e-06,3.5956883430480957,51,0,True,False,False
EXP-T141,primary,2,101,1e-05,1.0000000000000001e-07,52,364,0.5017999538353511,0.626696765422821,3.593837022781372,8.494768343131955e-06,3.593837022781372,52,0,True,False,False
EXP-T141,primary,2,101,1e-05,1.0000000000000001e-07,53,371,0.5006174945405552,0.6265732645988464,3.594794988632202,8.43850817434701e-06,3.593837022781372,52,1,False,False,False
EXP-T141,primary,2,101,1e-05,1.0000000000000001e-07,54,378,0.6677915496485574,0.6264969706535339,3.5968635082244873,8.381411941873379e-06,3.593837022781372,52,2,False,False,False
EXP-T141,primary,2,101,1e-05,1.0000000000000001e-07,55,385,0.5312473561082568,0.6263947486877441,3.59658145904541,8.323493733352078e-06,3.593837022781372,52,3,False,False,False
EXP-T141,primary,2,101,1e-05,1.0000000000000001e-07,56,392,0.5309627524444035,0.6262855231761932,3.597069025039673,8.26476783923441e-06,3.593837022781372,52,4,False,False,False
EXP-T141,primary,2,101,1e-05,1.0000000000000001e-07,57,399,0.6596992697034564,0.6261963248252869,3.5976407527923584,8.205248749256014e-06,3.593837022781372,52,5,False,False,False
EXP-T141,primary,2,101,1e-05,1.0000000000000001e-07,58,406,0.5980903846876962,0.6260859370231628,3.597857713699341,8.144951148861743e-06,3.593837022781372,52,6,False,False,False
EXP-T141,primary,2,101,1e-05,1.0000000000000001e-07,59,413,0.5129432316337313,0.6258834600448608,3.596559762954712,8.083889915582235e-06,3.593837022781372,52,7,False,False,False
EXP-T141,primary,2,101,1e-05,1.0000000000000001e-07,60,420,0.6108870548861367,0.6257199048995972,3.5954811573028564,8.022080115363127e-06,3.593837022781372,52,8,False,False,False
EXP-T141,primary,2,101,1e-05,1.0000000000000001e-07,61,427,0.5063783803156444,0.6255545318126678,3.5944900512695312,7.959536998847744e-06,3.593837022781372,52,9,False,False,False
EXP-T141,primary,2,101,1e-05,1.0000000000000001e-07,62,434,0.6161621000085559,0.6255071759223938,3.5948565006256104,7.89627599761423e-06,3.593837022781372,52,10,False,False,False
EXP-T141,primary,2,101,1e-05,1.0000000000000001e-07,63,441,0.5142532757350377,0.6253238320350647,3.5931599140167236,7.832312720368048e-06,3.5931599140167236,63,0,True,False,False
EXP-T141,primary,2,101,1e-05,1.0000000000000001e-07,64,448,0.5404660446303231,0.6251267194747925,3.5908515453338623,7.767662949090754e-06,3.5908515453338623,64,0,True,False,False
EXP-T141,primary,2,101,1e-05,1.0000000000000001e-07,65,455,0.48457870685628485,0.6249706149101257,3.5873820781707764,7.702342635146033e-06,3.5873820781707764,65,0,True,False,False
EXP-T141,primary,2,101,1e-05,1.0000000000000001e-07,66,462,0.5062797660274165,0.624894917011261,3.584415912628174,7.636367895343947e-06,3.584415912628174,66,0,True,False,False
EXP-T141,primary,2,101,1e-05,1.0000000000000001e-07,67,469,0.4912444917219026,0.6248401403427124,3.585019826889038,7.5697550079643376e-06,3.584415912628174,66,1,False,False,False
EXP-T141,primary,2,101,1e-05,1.0000000000000001e-07,68,476,0.5727016755512783,0.6248049437999725,3.585955858230591,7.502520408740418e-06,3.584415912628174,66,2,False,False,False
EXP-T141,primary,2,101,1e-05,1.0000000000000001e-07,69,483,0.4820319770702294,0.624774158000946,3.5867536067962646,7.43468068680349e-06,3.584415912628174,66,3,False,False,False
EXP-T141,primary,2,101,1e-05,1.0000000000000001e-07,70,490,0.5579536429473332,0.6248661875724792,3.588165044784546,7.366252580589839e-06,3.584415912628174,66,4,False,False,False
EXP-T141,primary,2,101,1e-05,1.0000000000000001e-07,71,497,0.6596747807094029,0.6247572302818298,3.587780475616455,7.297252973710756e-06,3.584415912628174,66,5,False,False,False
EXP-T141,primary,2,101,1e-05,1.0000000000000001e-07,72,504,0.5111883261374065,0.6245905756950378,3.586946725845337,7.227698890786779e-06,3.584415912628174,66,6,False,False,False
EXP-T141,primary,2,101,1e-05,1.0000000000000001e-07,73,511,0.570120415517262,0.6242832541465759,3.584770679473877,7.15760749324711e-06,3.584415912628174,66,7,False,False,False
EXP-T141,primary,2,101,1e-05,1.0000000000000001e-07,74,518,0.48367709427007605,0.623989462852478,3.5822579860687256,7.086996075095289e-06,3.5822579860687256,74,0,True,False,False
EXP-T141,primary,2,101,1e-05,1.0000000000000001e-07,75,525,0.49486022921545164,0.6238802671432495,3.5818915367126465,7.015882058642164e-06,3.5818915367126465,75,0,True,False,False
EXP-T141,primary,2,101,1e-05,1.0000000000000001e-07,76,532,0.6698122450283596,0.6237691044807434,3.581430196762085,6.9442829902071945e-06,3.581430196762085,76,0,True,False,False
EXP-T141,primary,2,101,1e-05,1.0000000000000001e-07,77,539,0.5613598908696856,0.6235542595386505,3.579322576522827,6.8722165357891564e-06,3.579322576522827,77,0,True,False,False
EXP-T141,primary,2,101,1e-05,1.0000000000000001e-07,78,546,0.5840253489358085,0.6233748197555542,3.5797436237335205,6.799700476707323e-06,3.579322576522827,77,1,False,False,False
EXP-T141,primary,2,101,1e-05,1.0000000000000001e-07,79,553,0.4895722142287663,0.6232436895370483,3.5799968242645264,6.726752705214193e-06,3.579322576522827,77,2,False,False,False
EXP-T141,primary,2,101,1e-05,1.0000000000000001e-07,80,560,0.5412805761609759,0.6231369376182556,3.5782594680786133,6.65339122008084e-06,3.5782594680786133,80,0,True,False,False
EXP-T141,primary,2,101,1e-05,1.0000000000000001e-07,81,567,0.4861977244062083,0.6230630874633789,3.5773913860321045,6.57963412215599e-06,3.5773913860321045,81,0,True,False,False
EXP-T141,primary,2,101,1e-05,1.0000000000000001e-07,82,574,0.48689369910529684,0.6229346394538879,3.576756477355957,6.505499609899905e-06,3.576756477355957,82,0,True,False,False
EXP-T141,primary,2,101,1e-05,1.0000000000000001e-07,83,581,0.581912636756897,0.6228938400745392,3.577808141708374,6.431005974894185e-06,3.576756477355957,82,1,False,False,False
EXP-T141,primary,2,101,1e-05,1.0000000000000001e-07,84,588,0.49122575031859533,0.6227470636367798,3.576643228530884,6.356171597328595e-06,3.576643228530884,84,0,True,False,False
EXP-T141,primary,2,101,1e-05,1.0000000000000001e-07,85,595,0.4885686872793095,0.6226243674755096,3.575453996658325,6.28101494146603e-06,3.575453996658325,85,0,True,False,False
EXP-T141,primary,2,101,1e-05,1.0000000000000001e-07,86,602,0.5051595504794802,0.622531920671463,3.5755927562713623,6.205554551086732e-06,3.575453996658325,85,1,False,False,False
EXP-T141,primary,2,101,1e-05,1.0000000000000001e-07,87,609,0.4987365369285856,0.6224152743816376,3.5752782821655273,6.129809044912887e-06,3.5752782821655273,87,0,True,False,False
EXP-T141,primary,2,101,1e-05,1.0000000000000001e-07,88,616,0.713972487619945,0.6222707033157349,3.574787139892578,6.053797112014738e-06,3.574787139892578,88,0,True,False,False
EXP-T141,primary,2,101,1e-05,1.0000000000000001e-07,89,623,0.5235814324447087,0.6220842897891998,3.573369026184082,5.977537507199338e-06,3.573369026184082,89,0,True,False,False
EXP-T141,primary,2,101,1e-05,1.0000000000000001e-07,90,630,0.4920790599925177,0.6219354569911957,3.572551727294922,5.901049046383077e-06,3.572551727294922,90,0,True,False,False
EXP-T141,primary,2,101,1e-05,1.0000000000000001e-07,91,637,0.5178222060203552,0.6218057572841644,3.572033166885376,5.824350601949143e-06,3.572033166885376,91,0,True,False,False
EXP-T141,primary,2,101,1e-05,1.0000000000000001e-07,92,644,0.4744600352964231,0.6216696500778198,3.571582078933716,5.7474610980910354e-06,3.571582078933716,92,0,True,False,False
EXP-T141,primary,2,101,1e-05,1.0000000000000001e-07,93,651,0.5972889491489956,0.6215333044528961,3.5710606575012207,5.6703995061433075e-06,3.5710606575012207,93,0,True,False,False
EXP-T141,primary,2,101,1e-05,1.0000000000000001e-07,94,658,0.5203199642045158,0.6214191317558289,3.5705454349517822,5.5931848399006745e-06,3.5705454349517822,94,0,True,False,False
EXP-T141,primary,2,101,1e-05,1.0000000000000001e-07,95,665,0.5555225568158286,0.6212801337242126,3.570005416870117,5.515836150926646e-06,3.570005416870117,95,0,True,False,False
EXP-T141,primary,2,101,1e-05,1.0000000000000001e-07,96,672,0.5407406134264809,0.6211542189121246,3.5695581436157227,5.438372523852833e-06,3.5695581436157227,96,0,True,False,False
EXP-T141,primary,2,101,1e-05,1.0000000000000001e-07,97,679,0.5841239009584699,0.6210342943668365,3.5695180892944336,5.360813071670101e-06,3.5695180892944336,97,0,True,False,False
EXP-T141,primary,2,101,1e-05,1.0000000000000001e-07,98,686,0.4799925774776576,0.6209283769130707,3.569815158843994,5.283176931012731e-06,3.5695180892944336,97,1,False,False,False
EXP-T141,primary,2,101,1e-05,1.0000000000000001e-07,99,693,0.5733078845909664,0.6208293437957764,3.5707759857177734,5.205483257436735e-06,3.5695180892944336,97,2,False,False,False
EXP-T141,primary,2,101,1e-05,1.0000000000000001e-07,100,700,0.4792499704552548,0.6207200884819031,3.571533441543579,5.127751220693512e-06,3.5695180892944336,97,3,False,False,False
EXP-T141,primary,2,101,1e-05,1.0000000000000001e-07,101,707,0.4734008748616491,0.6205679178237915,3.5710198879241943,5.05e-06,3.5695180892944336,97,4,False,False,False
EXP-T141,primary,2,101,1e-05,1.0000000000000001e-07,102,714,0.6044433500085559,0.6204732060432434,3.5715932846069336,4.972248779306488e-06,3.5695180892944336,97,5,False,False,False
EXP-T141,primary,2,101,1e-05,1.0000000000000001e-07,103,721,0.50673651269504,0.6203947961330414,3.5719497203826904,4.8945167425632645e-06,3.5695180892944336,97,6,False,False,False
EXP-T141,primary,2,101,1e-05,1.0000000000000001e-07,104,728,0.5648145164762225,0.6203556060791016,3.5724174976348877,4.816823068987269e-06,3.5695180892944336,97,7,False,False,False
EXP-T141,primary,2,101,1e-05,1.0000000000000001e-07,105,735,0.4666994897914784,0.6201627552509308,3.570720672607422,4.7391869283298985e-06,3.5695180892944336,97,8,False,False,False
EXP-T141,primary,2,101,1e-05,1.0000000000000001e-07,106,742,0.5731697763715472,0.6199836432933807,3.5685412883758545,4.661627476147168e-06,3.5685412883758545,106,0,True,False,False
EXP-T141,primary,2,101,1e-05,1.0000000000000001e-07,107,749,0.8120992055961064,0.6198952496051788,3.568197011947632,4.584163849073354e-06,3.568197011947632,107,0,True,False,False
EXP-T141,primary,2,101,1e-05,1.0000000000000001e-07,108,756,0.47505365179053377,0.6197543144226074,3.5671229362487793,4.506815160099326e-06,3.5671229362487793,108,0,True,False,False
EXP-T141,primary,2,101,1e-05,1.0000000000000001e-07,109,763,0.5473093560763768,0.6196128129959106,3.5650570392608643,4.429600493856694e-06,3.5650570392608643,109,0,True,False,False
EXP-T141,primary,2,101,1e-05,1.0000000000000001e-07,110,770,0.5520675608089992,0.6194673776626587,3.5636885166168213,4.352538901908967e-06,3.5636885166168213,110,0,True,False,False
EXP-T141,primary,2,101,1e-05,1.0000000000000001e-07,111,777,0.5540452727249691,0.6193514168262482,3.56339430809021,4.275649398050858e-06,3.56339430809021,111,0,True,False,False
EXP-T141,primary,2,101,1e-05,1.0000000000000001e-07,112,784,0.6028006247111729,0.6192455291748047,3.5627853870391846,4.198950953616922e-06,3.5627853870391846,112,0,True,False,False
EXP-T141,primary,2,101,1e-05,1.0000000000000001e-07,113,791,0.5338027690138135,0.6191421449184418,3.5616989135742188,4.122462492800663e-06,3.5616989135742188,113,0,True,False,False
EXP-T141,primary,2,101,1e-05,1.0000000000000001e-07,114,798,0.47918531245418955,0.6190472841262817,3.561333417892456,4.046202887985263e-06,3.561333417892456,114,0,True,False,False
EXP-T141,primary,2,101,1e-05,1.0000000000000001e-07,115,805,0.6000089730535235,0.6189502477645874,3.5616226196289062,3.970190955087116e-06,3.561333417892456,114,1,False,False,False
EXP-T141,primary,2,101,1e-05,1.0000000000000001e-07,116,812,0.6031203780855451,0.6188616454601288,3.5609748363494873,3.894445448913268e-06,3.5609748363494873,116,0,True,False,False
EXP-T141,primary,2,101,1e-05,1.0000000000000001e-07,117,819,0.5165991527693612,0.6187839806079865,3.5602540969848633,3.818985058533969e-06,3.5602540969848633,117,0,True,False,False
EXP-T141,primary,2,101,1e-05,1.0000000000000001e-07,118,826,0.7092543159212384,0.6187039613723755,3.5598981380462646,3.7438284026714044e-06,3.5598981380462646,118,0,True,False,False
EXP-T141,primary,2,101,1e-05,1.0000000000000001e-07,119,833,0.7857957610062191,0.6185968816280365,3.559404134750366,3.6689940251058153e-06,3.559404134750366,119,0,True,False,False
EXP-T141,primary,2,101,1e-05,1.0000000000000001e-07,120,840,0.4841512846095221,0.6185293197631836,3.559877395629883,3.594500390100096e-06,3.559404134750366,119,1,False,False,False
EXP-T141,primary,2,101,1e-05,1.0000000000000001e-07,121,847,0.4879420506102698,0.6184618175029755,3.560530424118042,3.5203658778440116e-06,3.559404134750366,119,2,False,False,False
EXP-T141,primary,2,101,1e-05,1.0000000000000001e-07,122,854,0.47362649334328516,0.6184109151363373,3.5610063076019287,3.4466087799191603e-06,3.559404134750366,119,3,False,False,False
EXP-T141,primary,2,101,1e-05,1.0000000000000001e-07,123,861,0.5638827894415174,0.6183643043041229,3.5613834857940674,3.3732472947858077e-06,3.559404134750366,119,4,False,False,False
EXP-T141,primary,2,101,1e-05,1.0000000000000001e-07,124,868,0.522463470697403,0.6182175278663635,3.560389995574951,3.300299523292678e-06,3.559404134750366,119,5,False,False,False
EXP-T141,primary,2,101,1e-05,1.0000000000000001e-07,125,875,0.4834942711251123,0.6181347966194153,3.560297727584839,3.227783464210845e-06,3.559404134750366,119,6,False,False,False
EXP-T141,primary,2,101,1e-05,1.0000000000000001e-07,126,882,0.4786561330713864,0.6180313229560852,3.5596835613250732,3.155717009792807e-06,3.559404134750366,119,7,False,False,False
EXP-T141,primary,2,101,1e-05,1.0000000000000001e-07,127,889,0.5130235212189811,0.6179831922054291,3.5597808361053467,3.0841179413578354e-06,3.559404134750366,119,8,False,False,False
EXP-T141,primary,2,101,1e-05,1.0000000000000001e-07,128,896,0.4885194125984396,0.617963969707489,3.560199499130249,3.0130039249047117e-06,3.559404134750366,119,9,False,False,False
EXP-T141,primary,2,101,1e-05,1.0000000000000001e-07,129,903,0.5615582551274981,0.6179207265377045,3.560368299484253,2.9423925067528904e-06,3.559404134750366,119,10,False,False,False
EXP-T141,primary,2,101,1e-05,1.0000000000000001e-07,130,910,0.6260549213205066,0.6179421842098236,3.5611732006073,2.87230110921322e-06,3.559404134750366,119,11,False,False,False
EXP-T141,primary,2,101,1e-05,1.0000000000000001e-07,131,917,0.5319331799234662,0.6179015636444092,3.5612454414367676,2.8027470262892435e-06,3.559404134750366,119,12,False,False,False
EXP-T141,primary,2,101,1e-05,1.0000000000000001e-07,132,924,0.5581670233181545,0.6177582442760468,3.5603652000427246,2.7337474194101625e-06,3.559404134750366,119,13,False,False,False
EXP-T141,primary,2,101,1e-05,1.0000000000000001e-07,133,931,0.6952573997633797,0.6176396012306213,3.559622049331665,2.6653193131965085e-06,3.559404134750366,119,14,False,False,False
EXP-T141,primary,2,101,1e-05,1.0000000000000001e-07,134,938,0.5107232800551823,0.6175669431686401,3.5593583583831787,2.5974795912595824e-06,3.5593583583831787,134,0,True,False,False
EXP-T141,primary,2,101,1e-05,1.0000000000000001e-07,135,945,0.5885557872908456,0.6174569427967072,3.5586671829223633,2.530244992035662e-06,3.5586671829223633,135,0,True,False,False
EXP-T141,primary,2,101,1e-05,1.0000000000000001e-07,136,952,0.6469952762126923,0.617384672164917,3.5583369731903076,2.4636321046560533e-06,3.5583369731903076,136,0,True,False,False
EXP-T141,primary,2,101,1e-05,1.0000000000000001e-07,137,959,0.48113798456532614,0.6172399520874023,3.5571672916412354,2.3976573648539653e-06,3.5571672916412354,137,0,True,False,False
EXP-T141,primary,2,101,1e-05,1.0000000000000001e-07,138,966,0.5617613409246717,0.6171895563602448,3.5570175647735596,2.332337050909247e-06,3.5570175647735596,138,0,True,False,False
EXP-T141,primary,2,101,1e-05,1.0000000000000001e-07,139,973,0.578717576605933,0.6170708537101746,3.5559659004211426,2.267687279631953e-06,3.5559659004211426,139,0,True,False,False
EXP-T141,primary,2,101,1e-05,1.0000000000000001e-07,140,980,0.7254970967769623,0.6169789433479309,3.5552642345428467,2.2037240023857708e-06,3.5552642345428467,140,0,True,False,False
EXP-T141,primary,2,101,1e-05,1.0000000000000001e-07,141,987,0.5284759146826608,0.6169026792049408,3.554572820663452,2.1404630011522584e-06,3.554572820663452,141,0,True,False,False
EXP-T141,primary,2,101,1e-05,1.0000000000000001e-07,142,994,0.5425687687737601,0.6168260276317596,3.5538318157196045,2.0779198846368745e-06,3.5538318157196045,142,0,True,False,False
EXP-T141,primary,2,101,1e-05,1.0000000000000001e-07,143,1001,0.5197839055742536,0.6167553961277008,3.552886962890625,2.0161100844177658e-06,3.552886962890625,143,0,True,False,False
EXP-T141,primary,2,101,1e-05,1.0000000000000001e-07,144,1008,0.48063979311180965,0.616710901260376,3.5527420043945312,1.9550488511382593e-06,3.5527420043945312,144,0,True,False,False
EXP-T141,primary,2,101,1e-05,1.0000000000000001e-07,145,1015,0.5125787854194641,0.6166588664054871,3.5524797439575195,1.894751250743986e-06,3.5524797439575195,145,0,True,False,False
EXP-T141,primary,2,101,1e-05,1.0000000000000001e-07,146,1022,0.6089757340294975,0.6166125535964966,3.552354574203491,1.8352321607655916e-06,3.552354574203491,146,0,True,False,False
EXP-T141,primary,2,101,1e-05,1.0000000000000001e-07,147,1029,0.45943265142185347,0.6165384352207184,3.551564931869507,1.7765062666479242e-06,3.551564931869507,147,0,True,False,False
EXP-T141,primary,2,101,1e-05,1.0000000000000001e-07,148,1036,0.5087013159479413,0.6164937019348145,3.5511436462402344,1.7185880581266217e-06,3.5511436462402344,148,0,True,False,False
EXP-T141,primary,2,101,1e-05,1.0000000000000001e-07,149,1043,0.4634680950215885,0.6164542734622955,3.55096173286438,1.6614918256529908e-06,3.55096173286438,149,0,True,False,False
EXP-T141,primary,2,101,1e-05,1.0000000000000001e-07,150,1050,0.48722523504069876,0.6164066791534424,3.5508434772491455,1.6052316568680442e-06,3.5508434772491455,150,0,True,False,False
EXP-T141,primary,2,101,1e-05,1.0000000000000001e-07,151,1057,0.6942276060581207,0.616356611251831,3.5506129264831543,1.5498214331265902e-06,3.5506129264831543,151,0,True,False,False
EXP-T141,primary,2,101,1e-05,1.0000000000000001e-07,152,1064,0.48537049921495573,0.6163215935230255,3.550492763519287,1.495274826072216e-06,3.550492763519287,152,0,True,False,False
EXP-T141,primary,2,101,1e-05,1.0000000000000001e-07,153,1071,0.554927008492606,0.6162925064563751,3.5504016876220703,1.441605294264014e-06,3.5504016876220703,153,0,True,False,False
EXP-T141,primary,2,101,1e-05,1.0000000000000001e-07,154,1078,0.5349755712917873,0.6162682175636292,3.5503203868865967,1.3888260798558817e-06,3.5503203868865967,154,0,True,False,False
EXP-T141,primary,2,101,1e-05,1.0000000000000001e-07,155,1085,0.5934484047549111,0.6162352859973907,3.5502049922943115,1.3369502053292252e-06,3.5502049922943115,155,0,True,False,False
EXP-T141,primary,2,101,1e-05,1.0000000000000001e-07,156,1092,0.4708118098122733,0.6162051558494568,3.5500617027282715,1.285990470279847e-06,3.5500617027282715,156,0,True,False,False
EXP-T141,primary,2,101,1e-05,1.0000000000000001e-07,157,1099,0.7242654434272221,0.616167426109314,3.549894332885742,1.2359594482598438e-06,3.549894332885742,157,0,True,False,False
EXP-T141,primary,2,101,1e-05,1.0000000000000001e-07,158,1106,0.5322580678122384,0.6161182522773743,3.5497164726257324,1.1868694836752686e-06,3.5497164726257324,158,0,True,False,False
EXP-T141,primary,2,101,1e-05,1.0000000000000001e-07,159,1113,0.471588742520128,0.616075336933136,3.5495221614837646,1.1387326887403326e-06,3.5495221614837646,159,0,True,False,False
EXP-T141,primary,2,101,1e-05,1.0000000000000001e-07,160,1120,0.6024145100797925,0.6160391271114349,3.54937481880188,1.0915609404889017e-06,3.54937481880188,160,0,True,False,False
EXP-T141,primary,2,101,1e-05,1.0000000000000001e-07,161,1127,0.760422625711986,0.6160148680210114,3.5492453575134277,1.0453658778440107e-06,3.5492453575134277,161,0,True,False,False
EXP-T141,primary,2,101,1e-05,1.0000000000000001e-07,162,1134,0.47202279538448366,0.615980714559555,3.549111843109131,1.0001588987461348e-06,3.549111843109131,162,0,True,False,False
EXP-T141,primary,2,101,1e-05,1.0000000000000001e-07,163,1141,0.6137277015617916,0.6159461736679077,3.5490002632141113,9.559511573409195e-07,3.5490002632141113,163,0,True,False,False
EXP-T141,primary,2,101,1e-05,1.0000000000000001e-07,164,1148,0.4743576709713255,0.615918904542923,3.5488810539245605,9.127535612270632e-07,3.5488810539245605,164,0,True,False,False
EXP-T141,primary,2,101,1e-05,1.0000000000000001e-07,165,1155,0.5213269889354706,0.6158912181854248,3.548755645751953,8.705767687650265e-07,3.548755645751953,165,0,True,False,False
EXP-T141,primary,2,101,1e-05,1.0000000000000001e-07,166,1162,0.5809515970093864,0.6158713102340698,3.548656940460205,8.294311864472448e-07,3.548656940460205,166,0,True,False,False
EXP-T141,primary,2,101,1e-05,1.0000000000000001e-07,167,1169,0.6502395634140287,0.6158559620380402,3.5485596656799316,7.893269663304784e-07,3.5485596656799316,167,0,True,False,False
EXP-T141,primary,2,101,1e-05,1.0000000000000001e-07,168,1176,0.6279883129256112,0.6158395707607269,3.548762559890747,7.50274003530953e-07,3.5485596656799316,167,1,False,False,False
EXP-T141,primary,2,101,1e-05,1.0000000000000001e-07,169,1183,0.45973282985921415,0.6158230304718018,3.548859119415283,7.122819337828752e-07,3.5485596656799316,167,2,False,False,False
EXP-T141,primary,2,101,1e-05,1.0000000000000001e-07,170,1190,0.4798637841429029,0.6158086657524109,3.5489234924316406,6.753601310609673e-07,3.5485596656799316,167,3,False,False,False
EXP-T141,primary,2,101,1e-05,1.0000000000000001e-07,171,1197,0.6590194702148438,0.615793377161026,3.548933267593384,6.395177052675794e-07,3.5485596656799316,167,4,False,False,False
EXP-T141,primary,2,101,1e-05,1.0000000000000001e-07,172,1204,0.5133718933377948,0.6157761514186859,3.5488765239715576,6.047634999849531e-07,3.5485596656799316,167,5,False,False,False
EXP-T141,primary,2,101,1e-05,1.0000000000000001e-07,173,1211,0.4856363258191517,0.6157557368278503,3.548715114593506,5.711060902932043e-07,3.5485596656799316,167,6,False,False,False
EXP-T141,primary,2,101,1e-05,1.0000000000000001e-07,174,1218,0.680883697101048,0.6157448887825012,3.5487453937530518,5.385537806545469e-07,3.5485596656799316,167,7,False,False,False
EXP-T141,primary,2,101,1e-05,1.0000000000000001e-07,175,1225,0.4868854603597096,0.6157290935516357,3.548654794692993,5.071146028642944e-07,3.5485596656799316,167,8,False,False,False
EXP-T141,primary,2,101,1e-05,1.0000000000000001e-07,176,1232,0.5041018426418304,0.6157116889953613,3.548515558242798,4.7679631406913176e-07,3.548515558242798,176,0,True,False,False
EXP-T141,primary,2,101,1e-05,1.0000000000000001e-07,177,1239,0.6096721504415784,0.6156999468803406,3.548417329788208,4.4760639485315585e-07,3.548417329788208,177,0,True,False,False
EXP-T141,primary,2,101,1e-05,1.0000000000000001e-07,178,1246,0.6596333682537079,0.6156880557537079,3.5483531951904297,4.195520473921565e-07,3.5483531951904297,178,0,True,False,False
EXP-T141,primary,2,101,1e-05,1.0000000000000001e-07,179,1253,0.571812527520316,0.6156752407550812,3.548269510269165,3.92640193676584e-07,3.548269510269165,179,0,True,False,False
EXP-T141,primary,2,101,1e-05,1.0000000000000001e-07,180,1260,0.472440848925284,0.6156643927097321,3.5481958389282227,3.668774738036508e-07,3.5481958389282227,180,0,True,False,False
EXP-T141,primary,2,101,1e-05,1.0000000000000001e-07,181,1267,0.4865641604576792,0.6156535148620605,3.548112154006958,3.4227024433899004e-07,3.548112154006958,181,0,True,False,False
EXP-T141,primary,2,101,1e-05,1.0000000000000001e-07,182,1274,0.4691396104504487,0.6156408190727234,3.5479753017425537,3.188245767482659e-07,3.5479753017425537,182,0,True,False,False
EXP-T141,primary,2,101,1e-05,1.0000000000000001e-07,183,1281,0.6056414246559143,0.6156295239925385,3.5479061603546143,2.9654625589913237e-07,3.5479061603546143,183,0,True,False,False
EXP-T141,primary,2,101,1e-05,1.0000000000000001e-07,184,1288,0.47342595564467566,0.6156186163425446,3.547790765762329,2.754407786339001e-07,3.547790765762329,184,0,True,False,False
EXP-T141,primary,2,101,1e-05,1.0000000000000001e-07,185,1295,0.5174335752214704,0.6156139373779297,3.547844409942627,2.555133524132767e-07,3.547790765762329,184,1,False,False,False
EXP-T141,primary,2,101,1e-05,1.0000000000000001e-07,186,1302,0.5678948717457908,0.6156075298786163,3.54787015914917,2.3676889403150103e-07,3.547790765762329,184,2,False,False,False
EXP-T141,primary,2,101,1e-05,1.0000000000000001e-07,187,1309,0.5207394276346479,0.6156010627746582,3.547842264175415,2.1921202840320077e-07,3.547790765762329,184,3,False,False,False
EXP-T141,primary,2,101,1e-05,1.0000000000000001e-07,188,1316,0.5039934856551034,0.6155954599380493,3.5477805137634277,2.0284708742225901e-07,3.5477805137634277,188,0,True,False,False
EXP-T141,primary,2,101,1e-05,1.0000000000000001e-07,189,1323,0.5231800547667912,0.6155908107757568,3.5477633476257324,1.8767810889299085e-07,3.5477633476257324,189,0,True,False,False
EXP-T141,primary,2,101,1e-05,1.0000000000000001e-07,190,1330,0.5005438391651426,0.6155859231948853,3.5477335453033447,1.7370883553386935e-07,3.5477335453033447,190,0,True,False,False
EXP-T141,primary,2,101,1e-05,1.0000000000000001e-07,191,1337,0.4796834726418768,0.6155829131603241,3.5477309226989746,1.609427140540686e-07,3.5477309226989746,191,0,True,False,False
EXP-T141,primary,2,101,1e-05,1.0000000000000001e-07,192,1344,0.4690947452826159,0.6155793368816376,3.547719717025757,1.493828943030402e-07,3.547719717025757,192,0,True,False,False
EXP-T141,primary,2,101,1e-05,1.0000000000000001e-07,193,1351,0.5883495211601257,0.6155762672424316,3.5477020740509033,1.3903222849333507e-07,3.5477020740509033,193,0,True,False,False
EXP-T141,primary,2,101,1e-05,1.0000000000000001e-07,194,1358,0.46253061352763325,0.6155712604522705,3.5476460456848145,1.2989327049686101e-07,3.5476460456848145,194,0,True,False,False
EXP-T141,primary,2,101,1e-05,1.0000000000000001e-07,195,1365,0.5880118438175747,0.6155681312084198,3.5476298332214355,1.2196827521475402e-07,3.5476298332214355,195,0,True,False,False
EXP-T141,primary,2,101,1e-05,1.0000000000000001e-07,196,1372,0.6002765638487679,0.6155664324760437,3.5476467609405518,1.1525919802101659e-07,3.5476298332214355,195,1,False,False,False
EXP-T141,primary,2,101,1e-05,1.0000000000000001e-07,197,1379,0.5624891306672778,0.6155639588832855,3.5476317405700684,1.097676942800558e-07,3.5476298332214355,195,2,False,False,False
EXP-T141,primary,2,101,1e-05,1.0000000000000001e-07,198,1386,0.6437621031488691,0.6155611872673035,3.5476176738739014,1.0549511893824898e-07,3.5476176738739014,198,0,True,False,False
EXP-T141,primary,2,101,1e-05,1.0000000000000001e-07,199,1393,0.4898013100028038,0.615558385848999,3.547595262527466,1.0244252618962859e-07,3.547595262527466,199,0,True,False,False
EXP-T141,primary,2,101,1e-05,1.0000000000000001e-07,200,1400,0.4891082985060556,0.6155559122562408,3.547598361968994,1.006106692157801e-07,3.547595262527466,199,1,False,False,False
EXP-T141,primary,2,101,0.0001,1.0000000000000002e-06,1,7,0.5008349821104535,0.6347650587558746,3.639829158782959,0.0001,3.639829158782959,1,0,True,False,False
EXP-T141,primary,2,101,0.0001,1.0000000000000002e-06,2,14,0.5904930574553353,0.6309210062026978,3.608236074447632,9.99938933078422e-05,3.608236074447632,2,0,True,False,False
EXP-T141,primary,2,101,0.0001,1.0000000000000002e-06,3,21,0.650718629360199,0.629604309797287,3.613569498062134,9.997557473810373e-05,3.608236074447632,2,1,False,False,False
EXP-T141,primary,2,101,0.0001,1.0000000000000002e-06,4,28,0.6875799681459155,0.6296695470809937,3.6083405017852783,9.994504881061753e-05,3.608236074447632,2,2,False,False,False
EXP-T141,primary,2,101,0.0001,1.0000000000000002e-06,5,35,0.7144714934485299,0.6305606663227081,3.6130619049072266,9.990232305719945e-05,3.608236074447632,2,3,False,False,False
EXP-T141,primary,2,101,0.0001,1.0000000000000002e-06,6,42,0.5730717820780618,0.6269135475158691,3.6035213470458984,9.984740801978984e-05,3.6035213470458984,6,0,True,False,False
EXP-T141,primary,2,101,0.0001,1.0000000000000002e-06,7,49,0.49232963791915346,0.6289631724357605,3.6160430908203125,9.978031724785247e-05,3.6035213470458984,6,1,False,False,False
EXP-T141,primary,2,101,0.0001,1.0000000000000002e-06,8,56,0.48111955927950995,0.6254875659942627,3.600970983505249,9.97010672950314e-05,3.600970983505249,8,0,True,False,False
EXP-T141,primary,2,101,0.0001,1.0000000000000002e-06,9,63,0.5659984350204468,0.6241669654846191,3.5951693058013916,9.960967771506667e-05,3.5951693058013916,9,0,True,False,False
EXP-T141,primary,2,101,0.0001,1.0000000000000002e-06,10,70,0.5607980787754059,0.626672625541687,3.606299638748169,9.95061710569696e-05,3.5951693058013916,9,1,False,False,False
EXP-T141,primary,2,101,0.0001,1.0000000000000002e-06,11,77,0.5073512899024146,0.6213386952877045,3.583564043045044,9.939057285945933e-05,3.583564043045044,11,0,True,False,False
EXP-T141,primary,2,101,0.0001,1.0000000000000002e-06,12,84,0.5102291511637824,0.6190550923347473,3.5701630115509033,9.926291164466132e-05,3.5701630115509033,12,0,True,False,False
EXP-T141,primary,2,101,0.0001,1.0000000000000002e-06,13,91,0.6332258922713143,0.6184334456920624,3.565267562866211,9.91232189110701e-05,3.565267562866211,13,0,True,False,False
EXP-T141,primary,2,101,0.0001,1.0000000000000002e-06,14,98,0.5112687689917428,0.6143985986709595,3.5433413982391357,9.897152912577741e-05,3.5433413982391357,14,0,True,False,False
EXP-T141,primary,2,101,0.0001,1.0000000000000002e-06,15,105,0.5089470041649682,0.6126815676689148,3.54398250579834,9.8807879715968e-05,3.5433413982391357,14,1,False,False,False
EXP-T141,primary,2,101,0.0001,1.0000000000000002e-06,16,112,0.4953363154615675,0.6102701127529144,3.5301625728607178,9.8632311059685e-05,3.5301625728607178,16,0,True,False,False
EXP-T141,primary,2,101,0.0001,1.0000000000000002e-06,17,119,0.49735996978623526,0.6060032248497009,3.505769968032837,9.844486647586725e-05,3.505769968032837,17,0,True,False,False
EXP-T141,primary,2,101,0.0001,1.0000000000000002e-06,18,126,0.4508153104356357,0.6070618629455566,3.5181198120117188,9.824559221366101e-05,3.505769968032837,17,1,False,False,False
EXP-T141,primary,2,101,0.0001,1.0000000000000002e-06,19,133,0.5469704823834556,0.6012031435966492,3.4891180992126465,9.803453744100869e-05,3.4891180992126465,19,0,True,False,False
EXP-T141,primary,2,101,0.0001,1.0000000000000002e-06,20,140,0.47864972054958344,0.6003594100475311,3.4879677295684814,9.781175423251735e-05,3.4879677295684814,20,0,True,False,False
EXP-T141,primary,2,101,0.0001,1.0000000000000002e-06,21,147,0.4603940397500992,0.599494457244873,3.4809906482696533,9.757729755661011e-05,3.4809906482696533,21,0,True,False,False
EXP-T141,primary,2,101,0.0001,1.0000000000000002e-06,22,154,0.4570967171873365,0.593426913022995,3.48376202583313,9.73312252619635e-05,3.4809906482696533,21,1,False,False,False
EXP-T141,primary,2,101,0.0001,1.0000000000000002e-06,23,161,0.43900706984901,0.6013249158859253,3.4690794944763184,9.707359806323417e-05,3.4690794944763184,23,0,True,False,False
EXP-T141,primary,2,101,0.0001,1.0000000000000002e-06,24,168,0.42841642536222935,0.6140327751636505,3.478300094604492,9.680447952607845e-05,3.4690794944763184,23,1,False,False,False
EXP-T141,primary,2,101,0.0001,1.0000000000000002e-06,25,175,0.5133359602519444,0.605446070432663,3.457362413406372,9.652393605146844e-05,3.457362413406372,25,0,True,False,False
EXP-T141,primary,2,101,0.0001,1.0000000000000002e-06,26,182,0.6012444921902248,0.5861948132514954,3.48561429977417,9.623203685930869e-05,3.457362413406372,25,1,False,False,False
EXP-T141,primary,2,101,0.0001,1.0000000000000002e-06,27,189,0.5276813847678048,0.5854278206825256,3.449369430541992,9.592885397135707e-05,3.449369430541992,27,0,True,False,False
EXP-T141,primary,2,101,0.0001,1.0000000000000002e-06,28,196,0.3995750325598887,0.5844189822673798,3.4351279735565186,9.561446219345454e-05,3.4351279735565186,28,0,True,False,False
EXP-T141,primary,2,101,0.0001,1.0000000000000002e-06,29,203,0.44838074701172964,0.5881462097167969,3.3932275772094727,9.528893909706797e-05,3.3932275772094727,29,0,True,False,False
EXP-T141,primary,2,101,0.0001,1.0000000000000002e-06,30,210,0.39875371541295734,0.5893281996250153,3.37111234664917,9.495236500015047e-05,3.37111234664917,30,0,True,False,False
EXP-T141,primary,2,101,0.0001,1.0000000000000002e-06,31,217,0.39812594279646873,0.5779938101768494,3.3916850090026855,9.460482294732421e-05,3.37111234664917,30,1,False,False,False
EXP-T141,primary,2,101,0.0001,1.0000000000000002e-06,32,224,0.4011492244899273,0.5753598809242249,3.4290316104888916,9.424639868939033e-05,3.37111234664917,30,2,False,False,False
EXP-T141,primary,2,101,0.0001,1.0000000000000002e-06,33,231,0.4021302397762026,0.5753630697727203,3.4301137924194336,9.387718066217124e-05,3.37111234664917,30,3,False,False,False
EXP-T141,primary,2,101,0.0001,1.0000000000000002e-06,34,238,0.4158745663506644,0.5746901631355286,3.401362180709839,9.349725996469047e-05,3.37111234664917,30,4,False,False,False
EXP-T141,primary,2,101,0.0001,1.0000000000000002e-06,35,245,0.39620891745601383,0.5831981599330902,3.338585138320923,9.310673033669521e-05,3.338585138320923,35,0,True,False,False
EXP-T141,primary,2,101,0.0001,1.0000000000000002e-06,36,252,0.4276527613401413,0.6348444819450378,3.532437562942505,9.270568813552756e-05,3.338585138320923,35,1,False,False,False
EXP-T141,primary,2,101,0.0001,1.0000000000000002e-06,37,259,0.3819972351193428,0.5644982159137726,3.3768656253814697,9.229423231234974e-05,3.338585138320923,35,2,False,False,False
EXP-T141,primary,2,101,0.0001,1.0000000000000002e-06,38,266,0.5012683357511248,0.5747822523117065,3.4680423736572266,9.187246438772939e-05,3.338585138320923,35,3,False,False,False
EXP-T141,primary,2,101,0.0001,1.0000000000000002e-06,39,273,0.48535733563559397,0.567499190568924,3.329984188079834,9.14404884265908e-05,3.329984188079834,39,0,True,False,False
EXP-T141,primary,2,101,0.0001,1.0000000000000002e-06,40,280,0.4193323254585266,0.5806040167808533,3.3513574600219727,9.099841101253866e-05,3.329984188079834,39,1,False,False,False
EXP-T141,primary,2,101,0.0001,1.0000000000000002e-06,41,287,0.48104336644921986,0.567062646150589,3.3879001140594482,9.05463412215599e-05,3.329984188079834,39,2,False,False,False
EXP-T141,primary,2,101,0.0001,1.0000000000000002e-06,42,294,0.3598209193774632,0.5671420097351074,3.3309082984924316,9.0084390595111e-05,3.329984188079834,39,3,False,False,False
EXP-T141,primary,2,101,0.0001,1.0000000000000002e-06,43,301,0.3276872954198292,0.5846193879842758,3.357384204864502,8.961267311259666e-05,3.329984188079834,39,4,False,False,False
EXP-T141,primary,2,101,0.0001,1.0000000000000002e-06,44,308,0.3391588585717337,0.5674194395542145,3.3213372230529785,8.913130516324733e-05,3.3213372230529785,44,0,True,False,False
EXP-T141,primary,2,101,0.0001,1.0000000000000002e-06,45,315,0.40881572876657757,0.5615007281303406,3.3101561069488525,8.864040551740158e-05,3.3101561069488525,45,0,True,False,False
EXP-T141,primary,2,101,0.0001,1.0000000000000002e-06,46,322,0.3549172707966396,0.5700857788324356,3.3203108310699463,8.814009529720155e-05,3.3101561069488525,45,1,False,False,False
EXP-T141,primary,2,101,0.0001,1.0000000000000002e-06,47,329,0.3384641387632915,0.5572498440742493,3.298823356628418,8.763049794670775e-05,3.298823356628418,47,0,True,False,False
EXP-T141,primary,2,101,0.0001,1.0000000000000002e-06,48,336,0.32830189088625567,0.5667743682861328,3.324583053588867,8.711173920144117e-05,3.298823356628418,47,1,False,False,False
EXP-T141,primary,2,101,0.0001,1.0000000000000002e-06,49,343,0.47123532210077557,0.5783160775899887,3.360255479812622,8.658394705735987e-05,3.298823356628418,47,2,False,False,False
EXP-T141,primary,2,101,0.0001,1.0000000000000002e-06,50,350,0.36500318561281475,0.577873095870018,3.3521311283111572,8.604725173927785e-05,3.298823356628418,47,3,False,False,False
EXP-T141,primary,2,101,0.0001,1.0000000000000002e-06,51,357,0.31669798070964006,0.5626058280467987,3.317934036254883,8.55017856687341e-05,3.298823356628418,47,4,False,False,False
EXP-T141,primary,2,101,0.0001,1.0000000000000002e-06,52,364,0.4150444780077253,0.5561225712299347,3.3170506954193115,8.494768343131955e-05,3.298823356628418,47,5,False,False,False
EXP-T141,primary,2,101,0.0001,1.0000000000000002e-06,53,371,0.307095837513251,0.5594749450683594,3.3000621795654297,8.438508174347009e-05,3.298823356628418,47,6,False,False,False
EXP-T141,primary,2,101,0.0001,1.0000000000000002e-06,54,378,0.547574268920081,0.5694166719913483,3.3217880725860596,8.381411941873378e-05,3.298823356628418,47,7,False,False,False
EXP-T141,primary,2,101,0.0001,1.0000000000000002e-06,55,385,0.34214933855193,0.5476909428834915,3.289151430130005,8.323493733352077e-05,3.289151430130005,55,0,True,False,False
EXP-T141,primary,2,101,0.0001,1.0000000000000002e-06,56,392,0.30960773922769086,0.5482812523841858,3.2878036499023438,8.26476783923441e-05,3.2878036499023438,56,0,True,False,False
EXP-T141,primary,2,101,0.0001,1.0000000000000002e-06,57,399,0.3036248971308981,0.555390477180481,3.2891697883605957,8.205248749256015e-05,3.2878036499023438,56,1,False,False,False
EXP-T141,primary,2,101,0.0001,1.0000000000000002e-06,58,406,0.35501496493816376,0.5678242594003677,3.3166446685791016,8.144951148861742e-05,3.2878036499023438,56,2,False,False,False
EXP-T141,primary,2,101,0.0001,1.0000000000000002e-06,59,413,0.3090677675594244,0.5461960732936859,3.2650718688964844,8.083889915582235e-05,3.2650718688964844,59,0,True,False,False
EXP-T141,primary,2,101,0.0001,1.0000000000000002e-06,60,420,0.37883774510451723,0.5463398694992065,3.2593441009521484,8.022080115363127e-05,3.2593441009521484,60,0,True,False,False
EXP-T141,primary,2,101,0.0001,1.0000000000000002e-06,61,427,0.4432090265410287,0.556275874376297,3.2857062816619873,7.959536998847744e-05,3.2593441009521484,60,1,False,False,False
EXP-T141,primary,2,101,0.0001,1.0000000000000002e-06,62,434,0.3750048152038029,0.5518370419740677,3.266929864883423,7.89627599761423e-05,3.2593441009521484,60,2,False,False,False
EXP-T141,primary,2,101,0.0001,1.0000000000000002e-06,63,441,0.3835927588599069,0.5443297177553177,3.2462074756622314,7.832312720368048e-05,3.2462074756622314,63,0,True,False,False
EXP-T141,primary,2,101,0.0001,1.0000000000000002e-06,64,448,0.30808770443711964,0.5509538352489471,3.244582176208496,7.767662949090753e-05,3.244582176208496,64,0,True,False,False
EXP-T141,primary,2,101,0.0001,1.0000000000000002e-06,65,455,0.286309434899262,0.5323593467473984,3.2117462158203125,7.702342635146033e-05,3.2117462158203125,65,0,True,False,False
EXP-T141,primary,2,101,0.0001,1.0000000000000002e-06,66,462,0.33470189571380615,0.5290581583976746,3.2025187015533447,7.636367895343946e-05,3.2025187015533447,66,0,True,False,False
EXP-T141,primary,2,101,0.0001,1.0000000000000002e-06,67,469,0.29547635465860367,0.5313356518745422,3.2044215202331543,7.569755007964338e-05,3.2025187015533447,66,1,False,False,False
EXP-T141,primary,2,101,0.0001,1.0000000000000002e-06,68,476,0.3537916711398533,0.5870294272899628,3.3841476440429688,7.502520408740418e-05,3.2025187015533447,66,2,False,False,False
EXP-T141,primary,2,101,0.0001,1.0000000000000002e-06,69,483,0.32027763766901834,0.5297645628452301,3.2072649002075195,7.43468068680349e-05,3.2025187015533447,66,3,False,False,False
EXP-T141,primary,2,101,0.0001,1.0000000000000002e-06,70,490,0.35704327268259867,0.5268343091011047,3.1934773921966553,7.366252580589839e-05,3.1934773921966553,70,0,True,False,False
EXP-T141,primary,2,101,0.0001,1.0000000000000002e-06,71,497,0.3216627197606223,0.5420687645673752,3.205643653869629,7.297252973710757e-05,3.1934773921966553,70,1,False,False,False
EXP-T141,primary,2,101,0.0001,1.0000000000000002e-06,72,504,0.35158308914729525,0.5260056406259537,3.1843695640563965,7.22769889078678e-05,3.1843695640563965,72,0,True,False,False
EXP-T141,primary,2,101,0.0001,1.0000000000000002e-06,73,511,0.3506054048027311,0.5321371704339981,3.178441286087036,7.15760749324711e-05,3.178441286087036,73,0,True,False,False
EXP-T141,primary,2,101,0.0001,1.0000000000000002e-06,74,518,0.29089057445526123,0.5357927680015564,3.183319091796875,7.086996075095289e-05,3.178441286087036,73,1,False,False,False
EXP-T141,primary,2,101,0.0001,1.0000000000000002e-06,75,525,0.2760210440361074,0.5308692902326584,3.17866587638855,7.015882058642164e-05,3.178441286087036,73,2,False,False,False
EXP-T141,primary,2,101,0.0001,1.0000000000000002e-06,76,532,0.25206882373562883,0.5199254006147385,3.1858673095703125,6.944282990207195e-05,3.178441286087036,73,3,False,False,False
EXP-T141,primary,2,101,0.0001,1.0000000000000002e-06,77,539,0.2769897585468633,0.5231543183326721,3.163080930709839,6.872216535789157e-05,3.163080930709839,77,0,True,False,False
EXP-T141,primary,2,101,0.0001,1.0000000000000002e-06,78,546,0.3254775958401816,0.5372921824455261,3.1835038661956787,6.799700476707323e-05,3.163080930709839,77,1,False,False,False
EXP-T141,primary,2,101,0.0001,1.0000000000000002e-06,79,553,0.30441756333623615,0.531965434551239,3.1716599464416504,6.726752705214194e-05,3.163080930709839,77,2,False,False,False
EXP-T141,primary,2,101,0.0001,1.0000000000000002e-06,80,560,0.31489963829517365,0.5414584577083588,3.2056403160095215,6.65339122008084e-05,3.163080930709839,77,3,False,False,False
EXP-T141,primary,2,101,0.0001,1.0000000000000002e-06,81,567,0.3238032247338976,0.5234974026679993,3.181778907775879,6.57963412215599e-05,3.163080930709839,77,4,False,False,False
EXP-T141,primary,2,101,0.0001,1.0000000000000002e-06,82,574,0.2769537341914007,0.520320400595665,3.1977062225341797,6.505499609899905e-05,3.163080930709839,77,5,False,False,False
EXP-T141,primary,2,101,0.0001,1.0000000000000002e-06,83,581,0.3156199689422335,0.5479546189308167,3.2248263359069824,6.431005974894185e-05,3.163080930709839,77,6,False,False,False
EXP-T141,primary,2,101,0.0001,1.0000000000000002e-06,84,588,0.3665867383990969,0.5257669985294342,3.157924175262451,6.356171597328596e-05,3.157924175262451,84,0,True,False,False
EXP-T141,primary,2,101,0.0001,1.0000000000000002e-06,85,595,0.22877008095383644,0.5184654593467712,3.1601572036743164,6.281014941466031e-05,3.157924175262451,84,1,False,False,False
EXP-T141,primary,2,101,0.0001,1.0000000000000002e-06,86,602,0.2590749966246741,0.5284450650215149,3.16583251953125,6.205554551086733e-05,3.157924175262451,84,2,False,False,False
EXP-T141,primary,2,101,0.0001,1.0000000000000002e-06,87,609,0.28077674337795805,0.5173192322254181,3.1524438858032227,6.129809044912887e-05,3.1524438858032227,87,0,True,False,False
EXP-T141,primary,2,101,0.0001,1.0000000000000002e-06,88,616,0.3414624461105892,0.5466566383838654,3.236175298690796,6.053797112014738e-05,3.1524438858032227,87,1,False,False,False
EXP-T141,primary,2,101,0.0001,1.0000000000000002e-06,89,623,0.3284234489713396,0.5270635038614273,3.161907434463501,5.977537507199338e-05,3.1524438858032227,87,2,False,False,False
EXP-T141,primary,2,101,0.0001,1.0000000000000002e-06,90,630,0.23422497058553354,0.5252258777618408,3.1562588214874268,5.901049046383077e-05,3.1524438858032227,87,3,False,False,False
EXP-T141,primary,2,101,0.0001,1.0000000000000002e-06,91,637,0.35556783846446444,0.5290096551179886,3.1733217239379883,5.8243506019491436e-05,3.1524438858032227,87,4,False,False,False
EXP-T141,primary,2,101,0.0001,1.0000000000000002e-06,92,644,0.2806682842118399,0.5193252861499786,3.179311513900757,5.7474610980910354e-05,3.1524438858032227,87,5,False,False,False
EXP-T141,primary,2,101,0.0001,1.0000000000000002e-06,93,651,0.2926598915031978,0.5203698575496674,3.151775598526001,5.6703995061433075e-05,3.151775598526001,93,0,True,False,False
EXP-T141,primary,2,101,0.0001,1.0000000000000002e-06,94,658,0.24860412513537863,0.5492845326662064,3.2570836544036865,5.5931848399006745e-05,3.151775598526001,93,1,False,False,False
EXP-T141,primary,2,101,0.0001,1.0000000000000002e-06,95,665,0.3213344450507845,0.5163648128509521,3.139303684234619,5.515836150926646e-05,3.139303684234619,95,0,True,False,False
EXP-T141,primary,2,101,0.0001,1.0000000000000002e-06,96,672,0.29599558455603464,0.5176940262317657,3.1379239559173584,5.438372523852833e-05,3.1379239559173584,96,0,True,False,False
EXP-T141,primary,2,101,0.0001,1.0000000000000002e-06,97,679,0.2863942789179938,0.5255742073059082,3.169313669204712,5.360813071670102e-05,3.1379239559173584,96,1,False,False,False
EXP-T141,primary,2,101,0.0001,1.0000000000000002e-06,98,686,0.2724143862724304,0.5262665152549744,3.173342704772949,5.283176931012731e-05,3.1379239559173584,96,2,False,False,False
EXP-T141,primary,2,101,0.0001,1.0000000000000002e-06,99,693,0.2358130197639444,0.5199649780988693,3.1597414016723633,5.205483257436735e-05,3.1379239559173584,96,3,False,False,False
EXP-T141,primary,2,101,0.0001,1.0000000000000002e-06,100,700,0.3858363117490496,0.5249336957931519,3.1734676361083984,5.127751220693513e-05,3.1379239559173584,96,4,False,False,False
EXP-T141,primary,2,101,0.0001,1.0000000000000002e-06,101,707,0.33261394074984957,0.5669164061546326,3.32610821723938,5.05e-05,3.1379239559173584,96,5,False,False,False
EXP-T141,primary,2,101,0.0001,1.0000000000000002e-06,102,714,0.35176588382039753,0.5315945446491241,3.194052219390869,4.972248779306489e-05,3.1379239559173584,96,6,False,False,False
EXP-T141,primary,2,101,0.0001,1.0000000000000002e-06,103,721,0.28298336054597584,0.5122035145759583,3.1193954944610596,4.894516742563265e-05,3.1193954944610596,103,0,True,False,False
EXP-T141,primary,2,101,0.0001,1.0000000000000002e-06,104,728,0.3461149377482278,0.5101977437734604,3.108649253845215,4.816823068987269e-05,3.108649253845215,104,0,True,False,False
EXP-T141,primary,2,101,0.0001,1.0000000000000002e-06,105,735,0.25826748673404964,0.5364457815885544,3.2069170475006104,4.739186928329899e-05,3.108649253845215,104,1,False,False,False
EXP-T141,primary,2,101,0.0001,1.0000000000000002e-06,106,742,0.29346324503421783,0.5194078087806702,3.143195152282715,4.661627476147168e-05,3.108649253845215,104,2,False,False,False
EXP-T141,primary,2,101,0.0001,1.0000000000000002e-06,107,749,0.3937383485691888,0.5084419250488281,3.094409465789795,4.584163849073354e-05,3.094409465789795,107,0,True,False,False
EXP-T141,primary,2,101,0.0001,1.0000000000000002e-06,108,756,0.30026849678584505,0.5300442576408386,3.187866449356079,4.5068151600993264e-05,3.094409465789795,107,1,False,False,False
EXP-T141,primary,2,101,0.0001,1.0000000000000002e-06,109,763,0.26223194918462206,0.517258882522583,3.1323509216308594,4.429600493856695e-05,3.094409465789795,107,2,False,False,False
EXP-T141,primary,2,101,0.0001,1.0000000000000002e-06,110,770,0.19749614213859396,0.5074403434991837,3.092853546142578,4.352538901908967e-05,3.092853546142578,110,0,True,False,False
EXP-T141,primary,2,101,0.0001,1.0000000000000002e-06,111,777,0.23920575742210662,0.5071434676647186,3.090834379196167,4.275649398050857e-05,3.090834379196167,111,0,True,False,False
EXP-T141,primary,2,101,0.0001,1.0000000000000002e-06,112,784,0.28490254282951355,0.5339858531951904,3.19185471534729,4.198950953616922e-05,3.090834379196167,111,1,False,False,False
EXP-T141,primary,2,101,0.0001,1.0000000000000002e-06,113,791,0.2708546592454825,0.5117674618959427,3.107062578201294,4.122462492800663e-05,3.090834379196167,111,2,False,False,False
EXP-T141,primary,2,101,0.0001,1.0000000000000002e-06,114,798,0.22486281747530615,0.5064731538295746,3.101465940475464,4.046202887985264e-05,3.090834379196167,111,3,False,False,False
EXP-T141,primary,2,101,0.0001,1.0000000000000002e-06,115,805,0.22703530320099422,0.5223112106323242,3.154395341873169,3.9701909550871155e-05,3.090834379196167,111,4,False,False,False
EXP-T141,primary,2,101,0.0001,1.0000000000000002e-06,116,812,0.3070522035871233,0.5256102979183197,3.1725027561187744,3.8944454489132674e-05,3.090834379196167,111,5,False,False,False
EXP-T141,primary,2,101,0.0001,1.0000000000000002e-06,117,819,0.2383676866177536,0.5109255760908127,3.109621286392212,3.818985058533969e-05,3.090834379196167,111,6,False,False,False
EXP-T141,primary,2,101,0.0001,1.0000000000000002e-06,118,826,0.3052371250731604,0.5070655196905136,3.0968728065490723,3.7438284026714043e-05,3.090834379196167,111,7,False,False,False
EXP-T141,primary,2,101,0.0001,1.0000000000000002e-06,119,833,0.5444322718041283,0.5274351239204407,3.175236940383911,3.668994025105816e-05,3.090834379196167,111,8,False,False,False
EXP-T141,primary,2,101,0.0001,1.0000000000000002e-06,120,840,0.2582011396215031,0.5227099806070328,3.157048225402832,3.594500390100096e-05,3.090834379196167,111,9,False,False,False
EXP-T141,primary,2,101,0.0001,1.0000000000000002e-06,121,847,0.23910570357527053,0.5077845454216003,3.100992202758789,3.520365877844012e-05,3.090834379196167,111,10,False,False,False
EXP-T141,primary,2,101,0.0001,1.0000000000000002e-06,122,854,0.21265065244265965,0.5100150406360626,3.103205919265747,3.44660877991916e-05,3.090834379196167,111,11,False,False,False
EXP-T141,primary,2,101,0.0001,1.0000000000000002e-06,123,861,0.21549870878724114,0.5157414376735687,3.122844934463501,3.373247294785808e-05,3.090834379196167,111,12,False,False,False
EXP-T141,primary,2,101,0.0001,1.0000000000000002e-06,124,868,0.25211940492902485,0.5202151536941528,3.1368463039398193,3.300299523292678e-05,3.090834379196167,111,13,False,False,False
EXP-T141,primary,2,101,0.0001,1.0000000000000002e-06,125,875,0.23613672384193965,0.5078677237033844,3.0876102447509766,3.2277834642108455e-05,3.0876102447509766,125,0,True,False,False
EXP-T141,primary,2,101,0.0001,1.0000000000000002e-06,126,882,0.2182502725294658,0.4998265951871872,3.06215500831604,3.155717009792807e-05,3.06215500831604,126,0,True,False,False
EXP-T141,primary,2,101,0.0001,1.0000000000000002e-06,127,889,0.3390634624021394,0.5139967501163483,3.1015305519104004,3.084117941357835e-05,3.06215500831604,126,1,False,False,False
EXP-T141,primary,2,101,0.0001,1.0000000000000002e-06,128,896,0.3048141109091895,0.5154010057449341,3.112668514251709,3.013003924904712e-05,3.06215500831604,126,2,False,False,False
EXP-T141,primary,2,101,0.0001,1.0000000000000002e-06,129,903,0.2246931099465915,0.5052781850099564,3.0803427696228027,2.9423925067528905e-05,3.06215500831604,126,3,False,False,False
EXP-T141,primary,2,101,0.0001,1.0000000000000002e-06,130,910,0.33772155003888266,0.5054652094841003,3.0842604637145996,2.87230110921322e-05,3.06215500831604,126,4,False,False,False
EXP-T141,primary,2,101,0.0001,1.0000000000000002e-06,131,917,0.23147460485675506,0.5031897723674774,3.07818603515625,2.8027470262892437e-05,3.06215500831604,126,5,False,False,False
EXP-T141,primary,2,101,0.0001,1.0000000000000002e-06,132,924,0.22214482405355998,0.5098409652709961,3.0968942642211914,2.7337474194101628e-05,3.06215500831604,126,6,False,False,False
EXP-T141,primary,2,101,0.0001,1.0000000000000002e-06,133,931,0.27165659623486654,0.5186339318752289,3.1383092403411865,2.665319313196509e-05,3.06215500831604,126,7,False,False,False
EXP-T141,primary,2,101,0.0001,1.0000000000000002e-06,134,938,0.25541967153549194,0.5015510320663452,3.0731499195098877,2.5974795912595825e-05,3.06215500831604,126,8,False,False,False
EXP-T141,primary,2,101,0.0001,1.0000000000000002e-06,135,945,0.2199098425252097,0.5045817792415619,3.084881067276001,2.5302449920356623e-05,3.06215500831604,126,9,False,False,False
EXP-T141,primary,2,101,0.0001,1.0000000000000002e-06,136,952,0.21872789625610625,0.507649302482605,3.0976290702819824,2.4636321046560538e-05,3.06215500831604,126,10,False,False,False
EXP-T141,primary,2,101,0.0001,1.0000000000000002e-06,137,959,0.2145695292523929,0.5066691935062408,3.094118595123291,2.3976573648539656e-05,3.06215500831604,126,11,False,False,False
EXP-T141,primary,2,101,0.0001,1.0000000000000002e-06,138,966,0.25382114308221,0.5069292932748795,3.09279727935791,2.3323370509092472e-05,3.06215500831604,126,12,False,False,False
EXP-T141,primary,2,101,0.0001,1.0000000000000002e-06,139,973,0.21681382826396398,0.5157489627599716,3.1232409477233887,2.2676872796319533e-05,3.06215500831604,126,13,False,False,False
EXP-T141,primary,2,101,0.0001,1.0000000000000002e-06,140,980,0.5263508685997554,0.5166711211204529,3.125303030014038,2.2037240023857712e-05,3.06215500831604,126,14,False,False,False
EXP-T141,primary,2,101,0.0001,1.0000000000000002e-06,141,987,0.23850487252431257,0.5046976804733276,3.08017897605896,2.1404630011522586e-05,3.06215500831604,126,15,False,False,False
EXP-T141,primary,2,101,0.0001,1.0000000000000002e-06,142,994,0.2178632648927825,0.4989652633666992,3.062089443206787,2.077919884636875e-05,3.062089443206787,142,0,True,False,False
EXP-T141,primary,2,101,0.0001,1.0000000000000002e-06,143,1001,0.25864285443510326,0.5011105686426163,3.0691494941711426,2.016110084417766e-05,3.062089443206787,142,1,False,False,False
EXP-T141,primary,2,101,0.0001,1.0000000000000002e-06,144,1008,0.26009505348546164,0.5053237527608871,3.084120273590088,1.9550488511382595e-05,3.062089443206787,142,2,False,False,False
EXP-T141,primary,2,101,0.0001,1.0000000000000002e-06,145,1015,0.2277746336268527,0.5085000097751617,3.096893072128296,1.8947512507439858e-05,3.062089443206787,142,3,False,False,False
EXP-T141,primary,2,101,0.0001,1.0000000000000002e-06,146,1022,0.2293818390795163,0.522197812795639,3.1469881534576416,1.8352321607655915e-05,3.062089443206787,142,4,False,False,False
EXP-T141,primary,2,101,0.0001,1.0000000000000002e-06,147,1029,0.21714308911136218,0.5145559906959534,3.1193768978118896,1.776506266647924e-05,3.062089443206787,142,5,False,False,False
EXP-T141,primary,2,101,0.0001,1.0000000000000002e-06,148,1036,0.2954813412257603,0.5031150281429291,3.077052116394043,1.718588058126622e-05,3.062089443206787,142,6,False,False,False
EXP-T141,primary,2,101,0.0001,1.0000000000000002e-06,149,1043,0.2536017032606261,0.49790775775909424,3.0578997135162354,1.661491825652991e-05,3.0578997135162354,149,0,True,False,False
EXP-T141,primary,2,101,0.0001,1.0000000000000002e-06,150,1050,0.2176776592220579,0.5000664740800858,3.0646438598632812,1.6052316568680444e-05,3.0578997135162354,149,1,False,False,False
EXP-T141,primary,2,101,0.0001,1.0000000000000002e-06,151,1057,0.27330959907599855,0.506354957818985,3.0917649269104004,1.54982143312659e-05,3.0578997135162354,149,2,False,False,False
EXP-T141,primary,2,101,0.0001,1.0000000000000002e-06,152,1064,0.20280170951030282,0.5125147700309753,3.11397385597229,1.495274826072216e-05,3.0578997135162354,149,3,False,False,False
EXP-T141,primary,2,101,0.0001,1.0000000000000002e-06,153,1071,0.2646512027297701,0.5157329440116882,3.1225132942199707,1.441605294264014e-05,3.0578997135162354,149,4,False,False,False
EXP-T141,primary,2,101,0.0001,1.0000000000000002e-06,154,1078,0.25660697902951923,0.5131814032793045,3.1138839721679688,1.3888260798558816e-05,3.0578997135162354,149,5,False,False,False
EXP-T141,primary,2,101,0.0001,1.0000000000000002e-06,155,1085,0.2895782281245504,0.5048414468765259,3.083386182785034,1.3369502053292252e-05,3.0578997135162354,149,6,False,False,False
EXP-T141,primary,2,101,0.0001,1.0000000000000002e-06,156,1092,0.23623440680759294,0.5032756626605988,3.075146436691284,1.285990470279847e-05,3.0578997135162354,149,7,False,False,False
EXP-T141,primary,2,101,0.0001,1.0000000000000002e-06,157,1099,0.2305934615433216,0.5067673623561859,3.0876271724700928,1.235959448259844e-05,3.0578997135162354,149,8,False,False,False
EXP-T141,primary,2,101,0.0001,1.0000000000000002e-06,158,1106,0.2677562896694456,0.5042028427124023,3.0781173706054688,1.1868694836752687e-05,3.0578997135162354,149,9,False,False,False
EXP-T141,primary,2,101,0.0001,1.0000000000000002e-06,159,1113,0.2447101335440363,0.5062963515520096,3.0863513946533203,1.1387326887403327e-05,3.0578997135162354,149,10,False,False,False
EXP-T141,primary,2,101,0.0001,1.0000000000000002e-06,160,1120,0.22213566729000636,0.5078713595867157,3.092764139175415,1.0915609404889017e-05,3.0578997135162354,149,11,False,False,False
EXP-T141,primary,2,101,0.0001,1.0000000000000002e-06,161,1127,0.1990654419974557,0.5073586702346802,3.0909953117370605,1.0453658778440109e-05,3.0578997135162354,149,12,False,False,False
EXP-T141,primary,2,101,0.0001,1.0000000000000002e-06,162,1134,0.22628348616750113,0.5075031220912933,3.0908920764923096,1.0001588987461348e-05,3.0578997135162354,149,13,False,False,False
EXP-T141,primary,2,101,0.0001,1.0000000000000002e-06,163,1141,0.22340899067265646,0.5048958212137222,3.0805013179779053,9.559511573409197e-06,3.0578997135162354,149,14,False,False,False
EXP-T141,primary,2,101,0.0001,1.0000000000000002e-06,164,1148,0.228245650817241,0.5062749683856964,3.083470582962036,9.127535612270633e-06,3.0578997135162354,149,15,False,False,False
EXP-T141,primary,2,101,0.0001,1.0000000000000002e-06,165,1155,0.21632173213376,0.5069778114557266,3.086200475692749,8.705767687650266e-06,3.0578997135162354,149,16,False,False,False
EXP-T141,primary,2,101,0.0001,1.0000000000000002e-06,166,1162,0.22054239172887588,0.5084335803985596,3.0922913551330566,8.294311864472449e-06,3.0578997135162354,149,17,False,False,False
EXP-T141,primary,2,101,0.0001,1.0000000000000002e-06,167,1169,0.25925119646957945,0.5066478550434113,3.085771322250366,7.893269663304785e-06,3.0578997135162354,149,18,False,False,False
EXP-T141,primary,2,101,0.0001,1.0000000000000002e-06,168,1176,0.34072183072566986,0.5049868822097778,3.0812735557556152,7.50274003530953e-06,3.0578997135162354,149,19,False,False,False
EXP-T141,primary,2,101,0.0001,1.0000000000000002e-06,169,1183,0.18289065201367652,0.5075632035732269,3.0907511711120605,7.122819337828753e-06,3.0578997135162354,149,20,False,False,False
EXP-T141,primary,2,101,0.0001,1.0000000000000002e-06,170,1190,0.23302515729197434,0.5053304135799408,3.0837042331695557,6.753601310609674e-06,3.0578997135162354,149,21,False,False,False
EXP-T141,primary,2,101,0.0001,1.0000000000000002e-06,171,1197,0.2308090946504048,0.5015220642089844,3.0701112747192383,6.395177052675795e-06,3.0578997135162354,149,22,False,False,False
EXP-T141,primary,2,101,0.0001,1.0000000000000002e-06,172,1204,0.2808766173464911,0.5026013851165771,3.0744900703430176,6.047634999849532e-06,3.0578997135162354,149,23,False,False,False
EXP-T141,primary,2,101,0.0001,1.0000000000000002e-06,173,1211,0.21530151958411028,0.5027493387460709,3.0759081840515137,5.711060902932042e-06,3.0578997135162354,149,24,False,False,False
EXP-T141,primary,2,101,0.0001,1.0000000000000002e-06,174,1218,0.2167949644582612,0.5055955946445465,3.0866124629974365,5.385537806545469e-06,3.0578997135162354,149,25,False,False,False
EXP-T141,primary,2,101,0.0001,1.0000000000000002e-06,175,1225,0.2033366004803351,0.5048803985118866,3.0844528675079346,5.071146028642945e-06,3.0578997135162354,149,26,False,False,False
EXP-T141,primary,2,101,0.0001,1.0000000000000002e-06,176,1232,0.20415874251297542,0.5027596801519394,3.0767979621887207,4.767963140691318e-06,3.0578997135162354,149,27,False,False,False
EXP-T141,primary,2,101,0.0001,1.0000000000000002e-06,177,1239,0.23918458180768148,0.5025305598974228,3.0760295391082764,4.476063948531558e-06,3.0578997135162354,149,28,False,False,False
EXP-T141,primary,2,101,0.0001,1.0000000000000002e-06,178,1246,0.21046607143112592,0.5026144087314606,3.0765445232391357,4.195520473921565e-06,3.0578997135162354,149,29,False,False,False
EXP-T141,primary,2,101,0.0001,1.0000000000000002e-06,179,1253,0.2553440992321287,0.5025981366634369,3.076425313949585,3.92640193676584e-06,3.0578997135162354,149,30,False,True,False
EXP-T141,primary,2,101,0.001,1e-05,1,7,0.6118068269320897,0.729023814201355,4.039937973022461,0.001,4.039937973022461,1,0,True,False,False
EXP-T141,primary,2,101,0.001,1e-05,2,14,0.5744954007012504,0.6271021664142609,3.6135685443878174,0.000999938933078422,3.6135685443878174,2,0,True,False,False
EXP-T141,primary,2,101,0.001,1e-05,3,21,0.5892719200679234,0.6363078951835632,3.6182045936584473,0.0009997557473810372,3.6135685443878174,2,1,False,False,False
EXP-T141,primary,2,101,0.001,1e-05,4,28,0.5805415851729256,0.6367776095867157,3.624826431274414,0.0009994504881061753,3.6135685443878174,2,2,False,False,False
EXP-T141,primary,2,101,0.001,1e-05,5,35,0.7283937164715358,0.6928604543209076,3.9028427600860596,0.0009990232305719944,3.6135685443878174,2,3,False,False,False
EXP-T141,primary,2,101,0.001,1e-05,6,42,0.6001815625599453,0.6557197868824005,3.6526806354522705,0.0009984740801978985,3.6135685443878174,2,4,False,False,False
EXP-T141,primary,2,101,0.001,1e-05,7,49,0.49677405187061857,0.6047044098377228,3.5772178173065186,0.0009978031724785245,3.5772178173065186,7,0,True,False,False
EXP-T141,primary,2,101,0.001,1e-05,8,56,0.4775444098881313,0.5943443477153778,3.4842147827148438,0.000997010672950314,3.4842147827148438,8,0,True,False,False
EXP-T141,primary,2,101,0.001,1e-05,9,63,0.6626111098698207,0.5975946187973022,3.5438387393951416,0.0009960967771506667,3.4842147827148438,8,1,False,False,False
EXP-T141,primary,2,101,0.001,1e-05,10,70,0.46787811177117483,0.5989720523357391,3.4273557662963867,0.000995061710569696,3.4273557662963867,10,0,True,False,False
EXP-T141,primary,2,101,0.001,1e-05,11,77,0.4041175661342485,0.5435027927160263,3.271818161010742,0.0009939057285945933,3.271818161010742,11,0,True,False,False
EXP-T141,primary,2,101,0.001,1e-05,12,84,0.41022236219474245,0.5215223431587219,3.1928248405456543,0.000992629116446613,3.1928248405456543,12,0,True,False,False
EXP-T141,primary,2,101,0.001,1e-05,13,91,0.5181533183370318,0.5171646177768707,3.1287338733673096,0.000991232189110701,3.1287338733673096,13,0,True,False,False
EXP-T141,primary,2,101,0.001,1e-05,14,98,0.36773580419165747,0.632385790348053,3.5908610820770264,0.0009897152912577741,3.1287338733673096,13,1,False,False,False
EXP-T141,primary,2,101,0.001,1e-05,15,105,0.36915009688319905,0.5617731213569641,3.3607513904571533,0.00098807879715968,3.1287338733673096,13,2,False,False,False
EXP-T141,primary,2,101,0.001,1e-05,16,112,0.37172805198601316,0.6266116201877594,3.6683655977249146,0.00098632311059685,3.1287338733673096,13,3,False,False,False
EXP-T141,primary,2,101,0.001,1e-05,17,119,0.3104668307517256,0.5798962712287903,3.4549198150634766,0.0009844486647586723,3.1287338733673096,13,4,False,False,False
EXP-T141,primary,2,101,0.001,1e-05,18,126,0.3578158510582788,0.5657067894935608,3.3984203338623047,0.00098245592213661,3.1287338733673096,13,5,False,False,False
EXP-T141,primary,2,101,0.001,1e-05,19,133,0.29685758480003904,0.5624003410339355,3.386911630630493,0.0009803453744100868,3.1287338733673096,13,6,False,False,False
EXP-T141,primary,2,101,0.001,1e-05,20,140,0.46631346004349844,0.7529715299606323,4.165405511856079,0.0009781175423251734,3.1287338733673096,13,7,False,False,False
EXP-T141,primary,2,101,0.001,1e-05,21,147,0.41306363019560066,0.5197940766811371,3.1309478282928467,0.0009757729755661011,3.1287338733673096,13,8,False,False,False
EXP-T141,primary,2,101,0.001,1e-05,22,154,0.3112716057470867,0.5268015414476395,3.1869986057281494,0.0009733122526196349,3.1287338733673096,13,9,False,False,False
EXP-T141,primary,2,101,0.001,1e-05,23,161,0.27001913104738506,0.5813242495059967,3.45743727684021,0.0009707359806323416,3.1287338733673096,13,10,False,False,False
EXP-T141,primary,2,101,0.001,1e-05,24,168,0.2750359351879784,0.5679087340831757,3.3589024543762207,0.0009680447952607845,3.1287338733673096,13,11,False,False,False
EXP-T141,primary,2,101,0.001,1e-05,25,175,0.25954292954078745,0.5239926725625992,3.2213802337646484,0.0009652393605146844,3.1287338733673096,13,12,False,False,False
EXP-T141,primary,2,101,0.001,1e-05,26,182,0.2638512317623411,0.6521094739437103,3.6557295322418213,0.000962320368593087,3.1287338733673096,13,13,False,False,False
EXP-T141,primary,2,101,0.001,1e-05,27,189,0.2813102656177112,0.6128903925418854,3.6402595043182373,0.0009592885397135706,3.1287338733673096,13,14,False,False,False
EXP-T141,primary,2,101,0.001,1e-05,28,196,0.3159876681332077,0.7166099548339844,3.9972084760665894,0.0009561446219345453,3.1287338733673096,13,15,False,False,False
EXP-T141,primary,2,101,0.001,1e-05,29,203,0.3991450326783316,0.5603739023208618,3.3917124271392822,0.0009528893909706797,3.1287338733673096,13,16,False,False,False
EXP-T141,primary,2,101,0.001,1e-05,30,210,0.2586569892508643,0.5674456357955933,3.3340898752212524,0.0009495236500015047,3.1287338733673096,13,17,False,False,False
EXP-T141,primary,2,101,0.001,1e-05,31,217,0.2125157065955656,0.6048071831464767,3.5013009309768677,0.0009460482294732421,3.1287338733673096,13,18,False,False,False
EXP-T141,primary,2,101,0.001,1e-05,32,224,0.21505425018923624,0.5652127265930176,3.375312328338623,0.0009424639868939033,3.1287338733673096,13,19,False,False,False
EXP-T141,primary,2,101,0.001,1e-05,33,231,0.3109592710222517,0.5921636521816254,3.415216565132141,0.0009387718066217125,3.1287338733673096,13,20,False,False,False
EXP-T141,primary,2,101,0.001,1e-05,34,238,0.2681001382214682,0.6264684498310089,3.6090537309646606,0.0009349725996469047,3.1287338733673096,13,21,False,False,False
EXP-T141,primary,2,101,0.001,1e-05,35,245,0.28541197734219687,0.5387439429759979,3.273796319961548,0.0009310673033669522,3.1287338733673096,13,22,False,False,False
EXP-T141,primary,2,101,0.001,1e-05,36,252,0.26312715959336075,0.5743271261453629,3.361780524253845,0.0009270568813552756,3.1287338733673096,13,23,False,False,False
EXP-T141,primary,2,101,0.001,1e-05,37,259,0.1757841246456207,0.5276143848896027,3.1502418518066406,0.0009229423231234975,3.1287338733673096,13,24,False,False,False
EXP-T141,primary,2,101,0.001,1e-05,38,266,0.2567699785743441,0.5083047449588776,3.0776859521865845,0.0009187246438772938,3.0776859521865845,38,0,True,False,False
EXP-T141,primary,2,101,0.001,1e-05,39,273,0.1597785728850535,0.5976447761058807,3.4803870916366577,0.0009144048842659081,3.0776859521865845,38,1,False,False,False
EXP-T141,primary,2,101,0.001,1e-05,40,280,0.2132867212806429,0.5841755270957947,3.444429039955139,0.0009099841101253866,3.0776859521865845,38,2,False,False,False
EXP-T141,primary,2,101,0.001,1e-05,41,287,0.17517886630126409,0.5677885413169861,3.327935218811035,0.000905463412215599,3.0776859521865845,38,3,False,False,False
EXP-T141,primary,2,101,0.001,1e-05,42,294,0.17093517737729208,0.5354844629764557,3.1978665590286255,0.0009008439059511099,3.0776859521865845,38,4,False,False,False
EXP-T141,primary,2,101,0.001,1e-05,43,301,0.1540019368486745,0.5232490301132202,3.104397416114807,0.0008961267311259666,3.0776859521865845,38,5,False,False,False
EXP-T141,primary,2,101,0.001,1e-05,44,308,0.18204940908721515,0.5545310378074646,3.3065576553344727,0.0008913130516324732,3.0776859521865845,38,6,False,False,False
EXP-T141,primary,2,101,0.001,1e-05,45,315,0.1673916636833123,0.6622493267059326,3.7763720750808716,0.0008864040551740157,3.0776859521865845,38,7,False,False,False
EXP-T141,primary,2,101,0.001,1e-05,46,322,0.22565691598824092,0.5430711060762405,3.2642862796783447,0.0008814009529720154,3.0776859521865845,38,8,False,False,False
EXP-T141,primary,2,101,0.001,1e-05,47,329,0.2484405381338937,0.5364039987325668,3.198760747909546,0.0008763049794670775,3.0776859521865845,38,9,False,False,False
EXP-T141,primary,2,101,0.001,1e-05,48,336,0.19886090154094355,0.5359643697738647,3.2094578742980957,0.0008711173920144117,3.0776859521865845,38,10,False,False,False
EXP-T141,primary,2,101,0.001,1e-05,49,343,0.12931656065796102,0.5553224384784698,3.3168938159942627,0.0008658394705735987,3.0776859521865845,38,11,False,False,False
EXP-T141,primary,2,101,0.001,1e-05,50,350,0.21253393377576554,0.522890567779541,3.1238150596618652,0.0008604725173927785,3.0776859521865845,38,12,False,False,False
EXP-T141,primary,2,101,0.001,1e-05,51,357,0.14206089398690633,0.5475112199783325,3.2175116539001465,0.000855017856687341,3.0776859521865845,38,13,False,False,False
EXP-T141,primary,2,101,0.001,1e-05,52,364,0.12716996217412607,0.5619351267814636,3.320746064186096,0.0008494768343131955,3.0776859521865845,38,14,False,False,False
EXP-T141,primary,2,101,0.001,1e-05,53,371,0.14608646503516606,0.47241726517677307,2.9071455001831055,0.0008438508174347009,2.9071455001831055,53,0,True,False,False
EXP-T141,primary,2,101,0.001,1e-05,54,378,0.30746023676225115,0.5053494423627853,3.078277826309204,0.0008381411941873378,2.9071455001831055,53,1,False,False,False
EXP-T141,primary,2,101,0.001,1e-05,55,385,0.12388351453202111,0.6541135907173157,3.70085608959198,0.0008323493733352077,2.9071455001831055,53,2,False,False,False
EXP-T141,primary,2,101,0.001,1e-05,56,392,0.14647726395300456,0.5385860204696655,3.209184169769287,0.000826476783923441,2.9071455001831055,53,3,False,False,False
EXP-T141,primary,2,101,0.001,1e-05,57,399,0.12929563224315643,0.5215697884559631,3.1854212284088135,0.0008205248749256015,2.9071455001831055,53,4,False,False,False
EXP-T141,primary,2,101,0.001,1e-05,58,406,0.15813574301345007,0.5794600248336792,3.400413751602173,0.0008144951148861742,2.9071455001831055,53,5,False,False,False
EXP-T141,primary,2,101,0.001,1e-05,59,413,0.1372966000011989,0.5577133893966675,3.283701181411743,0.0008083889915582234,2.9071455001831055,53,6,False,False,False
EXP-T141,primary,2,101,0.001,1e-05,60,420,0.14735564589500427,0.5022119879722595,3.0584194660186768,0.0008022080115363127,2.9071455001831055,53,7,False,False,False
EXP-T141,primary,2,101,0.001,1e-05,61,427,0.0952424949833325,0.5476896166801453,3.272380232810974,0.0007959536998847743,2.9071455001831055,53,8,False,False,False
EXP-T141,primary,2,101,0.001,1e-05,62,434,0.11010169078196798,0.5001436322927475,3.017160177230835,0.0007896275997614229,2.9071455001831055,53,9,False,False,False
EXP-T141,primary,2,101,0.001,1e-05,63,441,0.09347934914486748,0.4884496182203293,3.0157495737075806,0.0007832312720368048,2.9071455001831055,53,10,False,False,False
EXP-T141,primary,2,101,0.001,1e-05,64,448,0.10622596022273813,0.47386258840560913,2.939333438873291,0.0007767662949090753,2.9071455001831055,53,11,False,False,False
EXP-T141,primary,2,101,0.001,1e-05,65,455,0.11875457210200173,0.603863388299942,3.529601216316223,0.0007702342635146033,2.9071455001831055,53,12,False,False,False
EXP-T141,primary,2,101,0.001,1e-05,66,462,0.11586726217397622,0.46995729207992554,2.9333298206329346,0.0007636367895343947,2.9071455001831055,53,13,False,False,False
EXP-T141,primary,2,101,0.001,1e-05,67,469,0.0913752019405365,0.5030167102813721,3.079893946647644,0.0007569755007964338,2.9071455001831055,53,14,False,False,False
EXP-T141,primary,2,101,0.001,1e-05,68,476,0.06571174173482827,0.5309748649597168,3.179617404937744,0.0007502520408740418,2.9071455001831055,53,15,False,False,False
EXP-T141,primary,2,101,0.001,1e-05,69,483,0.10969858935901097,0.48768350481987,3.044560670852661,0.000743468068680349,2.9071455001831055,53,16,False,False,False
EXP-T141,primary,2,101,0.001,1e-05,70,490,0.09942398433174406,0.5279345959424973,3.1972150802612305,0.0007366252580589839,2.9071455001831055,53,17,False,False,False
EXP-T141,primary,2,101,0.001,1e-05,71,497,0.09523359526480947,0.4751683622598648,2.9654884338378906,0.0007297252973710757,2.9071455001831055,53,18,False,False,False
EXP-T141,primary,2,101,0.001,1e-05,72,504,0.11971615467752729,0.5877851843833923,3.4357428550720215,0.0007227698890786779,2.9071455001831055,53,19,False,False,False
EXP-T141,primary,2,101,0.001,1e-05,73,511,0.145145873938288,0.45898547768592834,2.8545477390289307,0.000715760749324711,2.8545477390289307,73,0,True,False,False
EXP-T141,primary,2,101,0.001,1e-05,74,518,0.10546124513660159,0.5362935811281204,3.190109968185425,0.0007086996075095289,2.8545477390289307,73,1,False,False,False
EXP-T141,primary,2,101,0.001,1e-05,75,525,0.09488774942500251,0.4990294575691223,3.130925178527832,0.0007015882058642164,2.8545477390289307,73,2,False,False,False
EXP-T141,primary,2,101,0.001,1e-05,76,532,0.0791760879967894,0.5057113468647003,3.128326654434204,0.0006944282990207195,2.8545477390289307,73,3,False,False,False
EXP-T141,primary,2,101,0.001,1e-05,77,539,0.08208198042120785,0.5712673962116241,3.321699380874634,0.0006872216535789157,2.8545477390289307,73,4,False,False,False
EXP-T141,primary,2,101,0.001,1e-05,78,546,0.07877144291913803,0.5060107409954071,3.123927116394043,0.0006799700476707324,2.8545477390289307,73,5,False,False,False
EXP-T141,primary,2,101,0.001,1e-05,79,553,0.07568302910242762,0.5718838721513748,3.3510823249816895,0.0006726752705214194,2.8545477390289307,73,6,False,False,False
EXP-T141,primary,2,101,0.001,1e-05,80,560,0.09420658701232501,0.508974015712738,3.126156806945801,0.000665339122008084,2.8545477390289307,73,7,False,False,False
EXP-T141,primary,2,101,0.001,1e-05,81,567,0.06443627591111831,0.5081949830055237,3.1428043842315674,0.000657963412215599,2.8545477390289307,73,8,False,False,False
EXP-T141,primary,2,101,0.001,1e-05,82,574,0.08403923043182918,0.5655494183301926,3.3068082332611084,0.0006505499609899905,2.8545477390289307,73,9,False,False,False
EXP-T141,primary,2,101,0.001,1e-05,83,581,0.0879715237367366,0.5179702341556549,3.133859157562256,0.0006431005974894186,2.8545477390289307,73,10,False,False,False
EXP-T141,primary,2,101,0.001,1e-05,84,588,0.11420609802007675,0.5592534840106964,3.28509783744812,0.0006356171597328595,2.8545477390289307,73,11,False,False,False
EXP-T141,primary,2,101,0.001,1e-05,85,595,0.07830371920551572,0.5205621272325516,3.1645724773406982,0.000628101494146603,2.8545477390289307,73,12,False,False,False
EXP-T141,primary,2,101,0.001,1e-05,86,602,0.07886532694101334,0.49937695264816284,3.0392305850982666,0.0006205554551086733,2.8545477390289307,73,13,False,False,False
EXP-T141,primary,2,101,0.001,1e-05,87,609,0.08158325244273458,0.5417826771736145,3.231717586517334,0.0006129809044912887,2.8545477390289307,73,14,False,False,False
EXP-T141,primary,2,101,0.001,1e-05,88,616,0.07619818459664073,0.494128942489624,3.0311391353607178,0.0006053797112014738,2.8545477390289307,73,15,False,False,False
EXP-T141,primary,2,101,0.001,1e-05,89,623,0.10043381793158394,0.523274227976799,3.1756649017333984,0.0005977537507199338,2.8545477390289307,73,16,False,False,False
EXP-T141,primary,2,101,0.001,1e-05,90,630,0.0713233883018672,0.4823682904243469,3.001939058303833,0.0005901049046383077,2.8545477390289307,73,17,False,False,False
EXP-T141,primary,2,101,0.001,1e-05,91,637,0.05859478163932051,0.5200338661670685,3.1489126682281494,0.0005824350601949143,2.8545477390289307,73,18,False,False,False
EXP-T141,primary,2,101,0.001,1e-05,92,644,0.07742007369441646,0.4794843792915344,3.0199530124664307,0.0005747461098091035,2.8545477390289307,73,19,False,False,False
EXP-T141,primary,2,101,0.001,1e-05,93,651,0.04974135260895959,0.5269308537244797,3.186819911003113,0.0005670399506143307,2.8545477390289307,73,20,False,False,False
EXP-T141,primary,2,101,0.001,1e-05,94,658,0.08928724617830344,0.4839453101158142,3.022900342941284,0.0005593184839900675,2.8545477390289307,73,21,False,False,False
EXP-T141,primary,2,101,0.001,1e-05,95,665,0.06357194190578801,0.5246971100568771,3.153839588165283,0.0005515836150926646,2.8545477390289307,73,22,False,False,False
EXP-T141,primary,2,101,0.001,1e-05,96,672,0.08862590709967273,0.49378085136413574,3.067367196083069,0.0005438372523852833,2.8545477390289307,73,23,False,False,False
EXP-T141,primary,2,101,0.001,1e-05,97,679,0.09724949513162885,0.5228800922632217,3.1529821157455444,0.0005360813071670102,2.8545477390289307,73,24,False,False,False
EXP-T141,primary,2,101,0.001,1e-05,98,686,0.06866671118353095,0.5148131847381592,3.181087017059326,0.0005283176931012731,2.8545477390289307,73,25,False,False,False
EXP-T141,primary,2,101,0.001,1e-05,99,693,0.0922961522425924,0.5521067380905151,3.2670451402664185,0.0005205483257436735,2.8545477390289307,73,26,False,False,False
EXP-T141,primary,2,101,0.001,1e-05,100,700,0.07234906192336764,0.5213046669960022,3.187883138656616,0.0005127751220693513,2.8545477390289307,73,27,False,False,False
EXP-T141,primary,2,101,0.001,1e-05,101,707,0.07572488114237785,0.5305975377559662,3.192626953125,0.000505,2.8545477390289307,73,28,False,False,False
EXP-T141,primary,2,101,0.001,1e-05,102,714,0.08400194134031023,0.4973704367876053,3.026911973953247,0.0004972248779306489,2.8545477390289307,73,29,False,False,False
EXP-T141,primary,2,101,0.001,1e-05,103,721,0.08146415970155171,0.49737295508384705,3.051172137260437,0.0004894516742563265,2.8545477390289307,73,30,False,True,False
EXP-T141,primary,2,101,0.01,0.0001,1,7,3.565251495156969,8.997218132019043,39.5104877948761,0.01,39.5104877948761,1,0,True,False,False
EXP-T141,primary,2,101,0.01,0.0001,2,14,4.188488789967129,5.2425007820129395,23.4677472114563,0.00999938933078422,23.4677472114563,2,0,True,False,False
EXP-T141,primary,2,101,0.01,0.0001,3,21,7.801023347037179,2.7115200757980347,12.640296220779419,0.009997557473810372,12.640296220779419,3,0,True,False,False
EXP-T141,primary,2,101,0.01,0.0001,4,28,3.065393252032144,2.270117402076721,10.763368129730225,0.009994504881061753,10.763368129730225,4,0,True,False,False
EXP-T141,primary,2,101,0.01,0.0001,5,35,1.811999828687736,6.627096652984619,29.38369393348694,0.009990232305719944,10.763368129730225,4,1,False,False,False
EXP-T141,primary,2,101,0.01,0.0001,6,42,3.707336323601859,0.8717646598815918,4.731895446777344,0.009984740801978984,4.731895446777344,6,0,True,False,False
EXP-T141,primary,2,101,0.01,0.0001,7,49,1.5335243234543927,0.6571607887744904,3.728699207305908,0.009978031724785246,3.728699207305908,7,0,True,False,False
EXP-T141,primary,2,101,0.01,0.0001,8,56,0.6791760812380484,0.6507468223571777,3.680906057357788,0.00997010672950314,3.680906057357788,8,0,True,False,False
EXP-T141,primary,2,101,0.01,0.0001,9,63,0.8034826857703072,1.1885264217853546,6.109454393386841,0.009960967771506667,3.680906057357788,8,1,False,False,False
EXP-T141,primary,2,101,0.01,0.0001,10,70,0.8213728836604527,0.6426356136798859,3.665682792663574,0.00995061710569696,3.665682792663574,10,0,True,False,False
EXP-T141,primary,2,101,0.01,0.0001,11,77,0.5284941451890128,0.6436858475208282,3.6679701805114746,0.009939057285945933,3.665682792663574,10,1,False,False,False
EXP-T141,primary,2,101,0.01,0.0001,12,84,0.5164394399949482,0.6413079798221588,3.6625680923461914,0.00992629116446613,3.6625680923461914,12,0,True,False,False
EXP-T141,primary,2,101,0.01,0.0001,13,91,0.6718170387404305,0.6414294838905334,3.6628670692443848,0.00991232189110701,3.6625680923461914,12,1,False,False,False
EXP-T141,primary,2,101,0.01,0.0001,14,98,0.5321969645363944,0.6431825757026672,3.6668901443481445,0.00989715291257774,3.6625680923461914,12,2,False,False,False
EXP-T141,primary,2,101,0.01,0.0001,15,105,0.5295898999486651,0.6441845893859863,3.669013500213623,0.0098807879715968,3.6625680923461914,12,3,False,False,False
EXP-T141,primary,2,101,0.01,0.0001,16,112,0.5491837944303241,0.6416382789611816,3.6633729934692383,0.0098632311059685,3.6625680923461914,12,4,False,False,False
EXP-T141,primary,2,101,0.01,0.0001,17,119,0.5059855367456164,0.6410970985889435,3.6620426177978516,0.009844486647586723,3.6620426177978516,17,0,True,False,False
EXP-T141,primary,2,101,0.01,0.0001,18,126,0.49362685478159357,0.6407637894153595,3.661190986633301,0.0098245592213661,3.661190986633301,18,0,True,False,False
EXP-T141,primary,2,101,0.01,0.0001,19,133,0.581748970917293,0.6398147344589233,3.6586079597473145,0.009803453744100868,3.6586079597473145,19,0,True,False,False
EXP-T141,primary,2,101,0.01,0.0001,20,140,0.49856124286140713,0.6399399042129517,3.658963680267334,0.009781175423251734,3.6586079597473145,19,1,False,False,False
EXP-T141,primary,2,101,0.01,0.0001,21,147,0.4973470446254526,0.6390098333358765,3.6561856269836426,0.009757729755661011,3.6561856269836426,21,0,True,False,False
EXP-T141,primary,2,101,0.01,0.0001,22,154,0.4970914109476975,0.6387315690517426,3.655284881591797,0.009733122526196349,3.655284881591797,22,0,True,False,False
EXP-T141,primary,2,101,0.01,0.0001,23,161,0.5040995797940663,0.6373556852340698,3.6501216888427734,0.009707359806323416,3.6501216888427734,23,0,True,False,False
EXP-T141,primary,2,101,0.01,0.0001,24,168,0.4888076701733683,0.6363485753536224,3.6449689865112305,0.009680447952607845,3.6449689865112305,24,0,True,False,False
EXP-T141,primary,2,101,0.01,0.0001,25,175,0.571908563375473,0.635836273431778,3.641322135925293,0.009652393605146845,3.641322135925293,25,0,True,False,False
EXP-T141,primary,2,101,0.01,0.0001,26,182,0.6207264236041478,0.6359854936599731,3.642512321472168,0.00962320368593087,3.641322135925293,25,1,False,False,False
EXP-T141,primary,2,101,0.01,0.0001,27,189,0.5412842588765281,0.635645180940628,3.6395387649536133,0.009592885397135707,3.6395387649536133,27,0,True,False,False
EXP-T141,primary,2,101,0.01,0.0001,28,196,0.540537246635982,0.6356770992279053,3.639863967895508,0.009561446219345454,3.6395387649536133,27,1,False,False,False
EXP-T141,primary,2,101,0.01,0.0001,29,203,0.5090320663792747,0.6354199051856995,3.6366753578186035,0.009528893909706798,3.6366753578186035,29,0,True,False,False
EXP-T141,primary,2,101,0.01,0.0001,30,210,0.5439923320497785,0.635289192199707,3.6335606575012207,0.009495236500015047,3.6335606575012207,30,0,True,False,False
EXP-T141,primary,2,101,0.01,0.0001,31,217,0.5011374652385712,0.6353456377983093,3.635256290435791,0.00946048229473242,3.6335606575012207,30,1,False,False,False
EXP-T141,primary,2,101,0.01,0.0001,32,224,0.6205855735710689,0.63551265001297,3.6380128860473633,0.009424639868939034,3.6335606575012207,30,2,False,False,False
EXP-T141,primary,2,101,0.01,0.0001,33,231,0.6492631094796317,0.6361002027988434,3.6433444023132324,0.009387718066217124,3.6335606575012207,30,3,False,False,False
EXP-T141,primary,2,101,0.01,0.0001,34,238,0.6625616082123348,0.6372355222702026,3.6495914459228516,0.009349725996469048,3.6335606575012207,30,4,False,False,False
EXP-T141,primary,2,101,0.01,0.0001,35,245,0.5648225843906403,0.6384347081184387,3.6542811393737793,0.00931067303366952,3.6335606575012207,30,5,False,False,False
EXP-T141,primary,2,101,0.01,0.0001,36,252,0.6261059301240104,0.6374573707580566,3.650557518005371,0.009270568813552756,3.6335606575012207,30,6,False,False,False
EXP-T141,primary,2,101,0.01,0.0001,37,259,0.5038526281714439,0.6363810896873474,3.6451668739318848,0.009229423231234974,3.6335606575012207,30,7,False,False,False
EXP-T141,primary,2,101,0.01,0.0001,38,266,0.6500546591622489,0.6358408033847809,3.641360282897949,0.009187246438772938,3.6335606575012207,30,8,False,False,False
EXP-T141,primary,2,101,0.01,0.0001,39,273,0.61957876597132,0.6358003616333008,3.6410131454467773,0.009144048842659082,3.6335606575012207,30,9,False,False,False
EXP-T141,primary,2,101,0.01,0.0001,40,280,0.6669503407818931,0.6355667412281036,3.638676643371582,0.009099841101253866,3.6335606575012207,30,10,False,False,False
EXP-T141,primary,2,101,0.01,0.0001,41,287,0.7725824287959507,0.6356565356254578,3.6396560668945312,0.00905463412215599,3.6335606575012207,30,11,False,False,False
EXP-T141,primary,2,101,0.01,0.0001,42,294,0.5392673441341945,0.6354651749134064,3.6373672485351562,0.0090084390595111,3.6335606575012207,30,12,False,False,False
EXP-T141,primary,2,101,0.01,0.0001,43,301,0.49364611506462097,0.6352759003639221,3.6328444480895996,0.008961267311259666,3.6328444480895996,43,0,True,False,False
EXP-T141,primary,2,101,0.01,0.0001,44,308,0.5447257246289935,0.6352795958518982,3.6330809593200684,0.008913130516324731,3.6328444480895996,43,1,False,False,False
EXP-T141,primary,2,101,0.01,0.0001,45,315,0.5378283602850777,0.6353356242179871,3.635021209716797,0.008864040551740157,3.6328444480895996,43,2,False,False,False
EXP-T141,primary,2,101,0.01,0.0001,46,322,0.49122029409876894,0.6352777481079102,3.6329660415649414,0.008814009529720154,3.6328444480895996,43,3,False,False,False
EXP-T141,primary,2,101,0.01,0.0001,47,329,0.49068623249019894,0.6352679133415222,3.631807804107666,0.008763049794670776,3.631807804107666,47,0,True,False,False
EXP-T141,primary,2,101,0.01,0.0001,48,336,0.4880790686043578,0.635273277759552,3.6307554244995117,0.008711173920144118,3.6307554244995117,48,0,True,False,False
EXP-T141,primary,2,101,0.01,0.0001,49,343,0.6768199844019753,0.6352864801883698,3.6299548149108887,0.008658394705735987,3.6299548149108887,49,0,True,False,False
EXP-T141,primary,2,101,0.01,0.0001,50,350,0.5474576609475272,0.6353495121002197,3.6280479431152344,0.008604725173927784,3.6280479431152344,50,0,True,False,False
EXP-T141,primary,2,101,0.01,0.0001,51,357,0.5617961883544922,0.6352713108062744,3.6309452056884766,0.00855017856687341,3.6280479431152344,50,1,False,False,False
EXP-T141,primary,2,101,0.01,0.0001,52,364,0.5127344365630832,0.6353379487991333,3.6350769996643066,0.008494768343131955,3.6280479431152344,50,2,False,False,False
EXP-T141,primary,2,101,0.01,0.0001,53,371,0.509570734841483,0.6356333196163177,3.6394147872924805,0.00843850817434701,3.6280479431152344,50,3,False,False,False
EXP-T141,primary,2,101,0.01,0.0001,54,378,0.6820307161126818,0.6357805132865906,3.6408376693725586,0.008381411941873378,3.6280479431152344,50,4,False,False,False
EXP-T141,primary,2,101,0.01,0.0001,55,385,0.5396542804581779,0.6360869109630585,3.6432509422302246,0.008323493733352076,3.6280479431152344,50,5,False,False,False
EXP-T141,primary,2,101,0.01,0.0001,56,392,0.5378830007144383,0.6367431282997131,3.6472034454345703,0.008264767839234409,3.6280479431152344,50,6,False,False,False
EXP-T141,primary,2,101,0.01,0.0001,57,399,0.6771576234272548,0.637627124786377,3.6512608528137207,0.008205248749256015,3.6280479431152344,50,7,False,False,False
EXP-T141,primary,2,101,0.01,0.0001,58,406,0.6268268823623657,0.6384013295173645,3.6541647911071777,0.008144951148861742,3.6280479431152344,50,8,False,False,False
EXP-T141,primary,2,101,0.01,0.0001,59,413,0.5045486773763385,0.6378022730350494,3.651958465576172,0.008083889915582234,3.6280479431152344,50,9,False,False,False
EXP-T141,primary,2,101,0.01,0.0001,60,420,0.624280823128564,0.6369511187076569,3.648259162902832,0.008022080115363126,3.6280479431152344,50,10,False,False,False
EXP-T141,primary,2,101,0.01,0.0001,61,427,0.5088384364332471,0.636242151260376,3.644298553466797,0.007959536998847744,3.6280479431152344,50,11,False,False,False
EXP-T141,primary,2,101,0.01,0.0001,62,434,0.6209046287196023,0.6360975503921509,3.6433258056640625,0.00789627599761423,3.6280479431152344,50,12,False,False,False
EXP-T141,primary,2,101,0.01,0.0001,63,441,0.5560585856437683,0.6356411576271057,3.6394972801208496,0.007832312720368047,3.6280479431152344,50,13,False,False,False
EXP-T141,primary,2,101,0.01,0.0001,64,448,0.5221606067248753,0.6353439688682556,3.6352181434631348,0.007767662949090753,3.6280479431152344,50,14,False,False,False
EXP-T141,primary,2,101,0.01,0.0001,65,455,0.4965197316237858,0.6352812051773071,3.630220413208008,0.007702342635146034,3.6280479431152344,50,15,False,False,False
EXP-T141,primary,2,101,0.01,0.0001,66,462,0.4904010725606765,0.6354348957538605,3.626478672027588,0.007636367895343947,3.626478672027588,66,0,True,False,False
EXP-T141,primary,2,101,0.01,0.0001,67,469,0.4902160717174411,0.6355129778385162,3.625375747680664,0.007569755007964339,3.625375747680664,67,0,True,False,False
EXP-T141,primary,2,101,0.01,0.0001,68,476,0.5644889090742383,0.6356550455093384,3.6262478828430176,0.007502520408740419,3.625375747680664,67,1,False,False,False
EXP-T141,primary,2,101,0.01,0.0001,69,483,0.49566814995237757,0.6359735131263733,3.629028797149658,0.007434680686803491,3.625375747680664,67,2,False,False,False
EXP-T141,primary,2,101,0.01,0.0001,70,490,0.5475153582436698,0.6361707448959351,3.630434513092041,0.0073662525805898394,3.625375747680664,67,3,False,False,False
EXP-T141,primary,2,101,0.01,0.0001,71,497,0.6319053811686379,0.6363621056079865,3.6316590309143066,0.007297252973710758,3.625375747680664,67,4,False,False,False
EXP-T141,primary,2,101,0.01,0.0001,72,504,0.5075925652469907,0.6359893083572388,3.629147529602051,0.00722769889078678,3.625375747680664,67,5,False,False,False
EXP-T141,primary,2,101,0.01,0.0001,73,511,0.5497440057141441,0.635534942150116,3.62509822845459,0.0071576074932471105,3.62509822845459,73,0,True,False,False
EXP-T141,primary,2,101,0.01,0.0001,74,518,0.4884076515736524,0.6352861225605011,3.629969596862793,0.00708699607509529,3.62509822845459,73,1,False,False,False
EXP-T141,primary,2,101,0.01,0.0001,75,525,0.48791188033231137,0.6352685689926147,3.632047176361084,0.007015882058642164,3.62509822845459,73,2,False,False,False
EXP-T141,primary,2,101,0.01,0.0001,76,532,0.6856368609837123,0.6352850794792175,3.6333723068237305,0.006944282990207195,3.62509822845459,73,3,False,False,False
EXP-T141,primary,2,101,0.01,0.0001,77,539,0.5425551022802081,0.6354635655879974,3.6373448371887207,0.006872216535789157,3.62509822845459,73,4,False,False,False
EXP-T141,primary,2,101,0.01,0.0001,78,546,0.6033444958073753,0.6357729732990265,3.640770435333252,0.006799700476707324,3.62509822845459,73,5,False,False,False
EXP-T141,primary,2,101,0.01,0.0001,79,553,0.5102651417255402,0.6356850862503052,3.6399431228637695,0.006726752705214194,3.62509822845459,73,6,False,False,False
EXP-T141,primary,2,101,0.01,0.0001,80,560,0.5549353701727731,0.6354539394378662,3.6372032165527344,0.0066533912200808405,3.62509822845459,73,7,False,False,False
EXP-T141,primary,2,101,0.01,0.0001,81,567,0.4932461812027863,0.6353034377098083,3.6341052055358887,0.006579634122155991,3.62509822845459,73,8,False,False,False
EXP-T141,primary,2,101,0.01,0.0001,82,574,0.4974433534911701,0.6352899074554443,3.633594512939453,0.006505499609899906,3.62509822845459,73,9,False,False,False
EXP-T141,primary,2,101,0.01,0.0001,83,581,0.5922788594450269,0.6352699398994446,3.6322832107543945,0.006431005974894186,3.62509822845459,73,10,False,False,False
EXP-T141,primary,2,101,0.01,0.0001,84,588,0.49082754153226105,0.6352953314781189,3.6338133811950684,0.006356171597328596,3.62509822845459,73,11,False,False,False
EXP-T141,primary,2,101,0.01,0.0001,85,595,0.5079767320837293,0.6353052258491516,3.6341638565063477,0.0062810149414660316,3.62509822845459,73,12,False,False,False
EXP-T141,primary,2,101,0.01,0.0001,86,602,0.4972698763012886,0.6352719366550446,3.6325149536132812,0.006205554551086733,3.62509822845459,73,13,False,False,False
EXP-T141,primary,2,101,0.01,0.0001,87,609,0.49679791927337646,0.6352707147598267,3.631011962890625,0.006129809044912888,3.62509822845459,73,14,False,False,False
EXP-T141,primary,2,101,0.01,0.0001,88,616,0.7499711981841496,0.6352865099906921,3.6299524307250977,0.006053797112014738,3.62509822845459,73,15,False,False,False
EXP-T141,primary,2,101,0.01,0.0001,89,623,0.5519105025700161,0.6352690160274506,3.6312546730041504,0.005977537507199339,3.62509822845459,73,16,False,False,False
EXP-T141,primary,2,101,0.01,0.0001,90,630,0.502686678298882,0.6352763175964355,3.630521297454834,0.005901049046383077,3.62509822845459,73,17,False,False,False
EXP-T141,primary,2,101,0.01,0.0001,91,637,0.5297011094433921,0.6352679431438446,3.631814479827881,0.005824350601949144,3.62509822845459,73,18,False,False,False
EXP-T141,primary,2,101,0.01,0.0001,92,644,0.4881255186794858,0.6353163421154022,3.634507656097412,0.005747461098091036,3.62509822845459,73,19,False,False,False
EXP-T141,primary,2,101,0.01,0.0001,93,651,0.6165916962282998,0.6353564262390137,3.635495185852051,0.005670399506143308,3.62509822845459,73,20,False,False,False
EXP-T141,primary,2,101,0.01,0.0001,94,658,0.544051821742739,0.6353107988834381,3.6343421936035156,0.005593184839900675,3.62509822845459,73,21,False,False,False
EXP-T141,primary,2,101,0.01,0.0001,95,665,0.5902358847005027,0.6353704035282135,3.6357851028442383,0.005515836150926647,3.62509822845459,73,22,False,False,False
EXP-T141,primary,2,101,0.01,0.0001,96,672,0.5417678483894893,0.6355589628219604,3.638584613800049,0.005438372523852834,3.62509822845459,73,23,False,False,False
EXP-T141,primary,2,101,0.01,0.0001,97,679,0.6032993921211788,0.6359561383724213,3.6422882080078125,0.005360813071670102,3.62509822845459,73,24,False,False,False
EXP-T141,primary,2,101,0.01,0.0001,98,686,0.49278244003653526,0.6363041400909424,3.644692897796631,0.005283176931012732,3.62509822845459,73,25,False,False,False
EXP-T141,primary,2,101,0.01,0.0001,99,693,0.6014300159045628,0.6364016830921173,3.6452908515930176,0.0052054832574367355,3.62509822845459,73,26,False,False,False
EXP-T141,primary,2,101,0.01,0.0001,100,700,0.48849467415961306,0.6366934180259705,3.646939754486084,0.005127751220693514,3.62509822845459,73,27,False,False,False
EXP-T141,primary,2,101,0.01,0.0001,101,707,0.4979678456272398,0.6367918252944946,3.6474571228027344,0.005050000000000001,3.62509822845459,73,28,False,False,False
EXP-T141,primary,2,101,0.01,0.0001,102,714,0.6231498505387988,0.6368443667888641,3.647726535797119,0.004972248779306489,3.62509822845459,73,29,False,False,False
EXP-T141,primary,2,101,0.01,0.0001,103,721,0.5085408048970359,0.6366208791732788,3.6465468406677246,0.004894516742563266,3.62509822845459,73,30,False,True,False
EXP-T141,primary,3,101,1e-05,1.0000000000000001e-07,1,7,0.5607976487704686,0.5429664254188538,3.2980868816375732,1e-05,3.2980868816375732,1,0,True,False,False
EXP-T141,primary,3,101,1e-05,1.0000000000000001e-07,2,14,0.5723656671387809,0.5385825932025909,3.2817821502685547,9.99938933078422e-06,3.2817821502685547,2,0,True,False,False
EXP-T141,primary,3,101,1e-05,1.0000000000000001e-07,3,21,0.5945063063076564,0.5369329750537872,3.2764334678649902,9.997557473810373e-06,3.2764334678649902,3,0,True,False,False
EXP-T141,primary,3,101,1e-05,1.0000000000000001e-07,4,28,0.6741032344954354,0.5352256745100021,3.2706966400146484,9.994504881061752e-06,3.2706966400146484,4,0,True,False,False
EXP-T141,primary,3,101,1e-05,1.0000000000000001e-07,5,35,0.6106857742582049,0.5353996455669403,3.2712061405181885,9.990232305719944e-06,3.2706966400146484,4,1,False,False,False
EXP-T141,primary,3,101,1e-05,1.0000000000000001e-07,6,42,0.53951381785529,0.534199982881546,3.267066478729248,9.984740801978984e-06,3.267066478729248,6,0,True,False,False
EXP-T141,primary,3,101,1e-05,1.0000000000000001e-07,7,49,0.5755889245441982,0.5331022143363953,3.2631096839904785,9.978031724785247e-06,3.2631096839904785,7,0,True,False,False
EXP-T141,primary,3,101,1e-05,1.0000000000000001e-07,8,56,0.7051678087030139,0.5310943275690079,3.2555131912231445,9.97010672950314e-06,3.2555131912231445,8,0,True,False,False
EXP-T141,primary,3,101,1e-05,1.0000000000000001e-07,9,63,0.541079295533044,0.530345231294632,3.2525484561920166,9.960967771506666e-06,3.2525484561920166,9,0,True,False,False
EXP-T141,primary,3,101,1e-05,1.0000000000000001e-07,10,70,0.6359173059463501,0.5292264521121979,3.247943639755249,9.950617105696961e-06,3.247943639755249,10,0,True,False,False
EXP-T141,primary,3,101,1e-05,1.0000000000000001e-07,11,77,0.7805848462241036,0.5273871421813965,3.239863872528076,9.939057285945933e-06,3.239863872528076,11,0,True,False,False
EXP-T141,primary,3,101,1e-05,1.0000000000000001e-07,12,84,0.5315614512988499,0.5264131277799606,3.235252618789673,9.926291164466131e-06,3.235252618789673,12,0,True,False,False
EXP-T141,primary,3,101,1e-05,1.0000000000000001e-07,13,91,0.5666744368416923,0.5256340801715851,3.231447219848633,9.91232189110701e-06,3.231447219848633,13,0,True,False,False
EXP-T141,primary,3,101,1e-05,1.0000000000000001e-07,14,98,0.6278163279805865,0.5255016088485718,3.2309112548828125,9.897152912577742e-06,3.2309112548828125,14,0,True,False,False
EXP-T141,primary,3,101,1e-05,1.0000000000000001e-07,15,105,0.5170050391129085,0.5257994830608368,3.232520580291748,9.8807879715968e-06,3.2309112548828125,14,1,False,False,False
EXP-T141,primary,3,101,1e-05,1.0000000000000001e-07,16,112,0.6805256988321032,0.5260603129863739,3.233821153640747,9.8632311059685e-06,3.2309112548828125,14,2,False,False,False
EXP-T141,primary,3,101,1e-05,1.0000000000000001e-07,17,119,0.6158871395247323,0.5254223495721817,3.230767011642456,9.844486647586724e-06,3.230767011642456,17,0,True,False,False
EXP-T141,primary,3,101,1e-05,1.0000000000000001e-07,18,126,0.49590166551726206,0.5247147679328918,3.2273409366607666,9.824559221366101e-06,3.2273409366607666,18,0,True,False,False
EXP-T141,primary,3,101,1e-05,1.0000000000000001e-07,19,133,0.6530434276376452,0.5239389836788177,3.2233729362487793,9.803453744100868e-06,3.2233729362487793,19,0,True,False,False
EXP-T141,primary,3,101,1e-05,1.0000000000000001e-07,20,140,0.5713700311524528,0.5233908295631409,3.220489740371704,9.781175423251734e-06,3.220489740371704,20,0,True,False,False
EXP-T141,primary,3,101,1e-05,1.0000000000000001e-07,21,147,0.5382617158549172,0.5233960747718811,3.220696210861206,9.757729755661012e-06,3.220489740371704,20,1,False,False,False
EXP-T141,primary,3,101,1e-05,1.0000000000000001e-07,22,154,0.5522732138633728,0.5241001844406128,3.2246317863464355,9.73312252619635e-06,3.220489740371704,20,2,False,False,False
EXP-T141,primary,3,101,1e-05,1.0000000000000001e-07,23,161,0.6011941730976105,0.5251046568155289,3.229773998260498,9.707359806323418e-06,3.220489740371704,20,3,False,False,False
EXP-T141,primary,3,101,1e-05,1.0000000000000001e-07,24,168,0.6401405334472656,0.5248571932315826,3.2286596298217773,9.680447952607845e-06,3.220489740371704,20,4,False,False,False
EXP-T141,primary,3,101,1e-05,1.0000000000000001e-07,25,175,0.612787093435015,0.524044007062912,3.2247421741485596,9.652393605146845e-06,3.220489740371704,20,5,False,False,False
EXP-T141,primary,3,101,1e-05,1.0000000000000001e-07,26,182,0.5250337421894073,0.5238242894411087,3.223780393600464,9.62320368593087e-06,3.220489740371704,20,6,False,False,False
EXP-T141,primary,3,101,1e-05,1.0000000000000001e-07,27,189,0.5000135792153222,0.5228009521961212,3.2186131477355957,9.592885397135707e-06,3.2186131477355957,27,0,True,False,False
EXP-T141,primary,3,101,1e-05,1.0000000000000001e-07,28,196,0.4840311273666365,0.5220434367656708,3.214555263519287,9.561446219345455e-06,3.214555263519287,28,0,True,False,False
EXP-T141,primary,3,101,1e-05,1.0000000000000001e-07,29,203,0.5705443365233285,0.5220729261636734,3.2148969173431396,9.528893909706798e-06,3.214555263519287,28,1,False,False,False
EXP-T141,primary,3,101,1e-05,1.0000000000000001e-07,30,210,0.5154578174863543,0.5224515646696091,3.2171857357025146,9.495236500015048e-06,3.214555263519287,28,2,False,False,False
EXP-T141,primary,3,101,1e-05,1.0000000000000001e-07,31,217,0.5715505863939013,0.5222344696521759,3.2161459922790527,9.460482294732422e-06,3.214555263519287,28,3,False,False,False
EXP-T141,primary,3,101,1e-05,1.0000000000000001e-07,32,224,0.4921696630439588,0.521788164973259,3.213826894760132,9.424639868939035e-06,3.213826894760132,32,0,True,False,False
EXP-T141,primary,3,101,1e-05,1.0000000000000001e-07,33,231,0.5020138096463468,0.5221524238586426,3.215999126434326,9.387718066217125e-06,3.213826894760132,32,1,False,False,False
EXP-T141,primary,3,101,1e-05,1.0000000000000001e-07,34,238,0.5735170713492802,0.5219447314739227,3.21498703956604,9.349725996469047e-06,3.213826894760132,32,2,False,False,False
EXP-T141,primary,3,101,1e-05,1.0000000000000001e-07,35,245,0.6224482357501984,0.522271454334259,3.2167835235595703,9.310673033669522e-06,3.213826894760132,32,3,False,False,False
EXP-T141,primary,3,101,1e-05,1.0000000000000001e-07,36,252,0.6806616570268359,0.5220504254102707,3.215686798095703,9.270568813552757e-06,3.213826894760132,32,4,False,False,False
EXP-T141,primary,3,101,1e-05,1.0000000000000001e-07,37,259,0.5730931035109929,0.5221685171127319,3.216387987136841,9.229423231234975e-06,3.213826894760132,32,5,False,False,False
EXP-T141,primary,3,101,1e-05,1.0000000000000001e-07,38,266,0.5337539570672172,0.5219587087631226,3.215414047241211,9.18724643877294e-06,3.213826894760132,32,6,False,False,False
EXP-T141,primary,3,101,1e-05,1.0000000000000001e-07,39,273,0.5263310670852661,0.521731823682785,3.2143707275390625,9.144048842659081e-06,3.213826894760132,32,7,False,False,False
EXP-T141,primary,3,101,1e-05,1.0000000000000001e-07,40,280,0.5646127079214368,0.5216105878353119,3.213852882385254,9.099841101253867e-06,3.213826894760132,32,8,False,False,False
EXP-T141,primary,3,101,1e-05,1.0000000000000001e-07,41,287,0.646239731992994,0.521582156419754,3.2137725353240967,9.054634122155991e-06,3.2137725353240967,41,0,True,False,False
EXP-T141,primary,3,101,1e-05,1.0000000000000001e-07,42,294,0.613018559558051,0.5205903053283691,3.2083864212036133,9.0084390595111e-06,3.2083864212036133,42,0,True,False,False
EXP-T141,primary,3,101,1e-05,1.0000000000000001e-07,43,301,0.5790108570030758,0.5201692879199982,3.206101179122925,8.961267311259668e-06,3.206101179122925,43,0,True,False,False
EXP-T141,primary,3,101,1e-05,1.0000000000000001e-07,44,308,0.5070122666656971,0.5195899605751038,3.2027904987335205,8.913130516324733e-06,3.2027904987335205,44,0,True,False,False
EXP-T141,primary,3,101,1e-05,1.0000000000000001e-07,45,315,0.6474183627537319,0.5195947885513306,3.203016996383667,8.864040551740158e-06,3.2027904987335205,44,1,False,False,False
EXP-T141,primary,3,101,1e-05,1.0000000000000001e-07,46,322,0.5150972711188453,0.5196160078048706,3.203388214111328,8.814009529720155e-06,3.2027904987335205,44,2,False,False,False
EXP-T141,primary,3,101,1e-05,1.0000000000000001e-07,47,329,0.5037547179630825,0.5200383067131042,3.206024408340454,8.763049794670776e-06,3.2027904987335205,44,3,False,False,False
EXP-T141,primary,3,101,1e-05,1.0000000000000001e-07,48,336,0.5541322103568486,0.5197339355945587,3.2044434547424316,8.711173920144118e-06,3.2027904987335205,44,4,False,False,False
EXP-T141,primary,3,101,1e-05,1.0000000000000001e-07,49,343,0.6032460842813764,0.5197629183530807,3.204784870147705,8.658394705735988e-06,3.2027904987335205,44,5,False,False,False
EXP-T141,primary,3,101,1e-05,1.0000000000000001e-07,50,350,0.5050010766301837,0.5195351541042328,3.203693389892578,8.604725173927786e-06,3.2027904987335205,44,6,False,False,False
EXP-T141,primary,3,101,1e-05,1.0000000000000001e-07,51,357,0.5422525959355491,0.51921446621418,3.202085256576538,8.550178566873412e-06,3.202085256576538,51,0,True,False,False
EXP-T141,primary,3,101,1e-05,1.0000000000000001e-07,52,364,0.6200359889439174,0.5192422568798065,3.202451467514038,8.494768343131955e-06,3.202085256576538,51,1,False,False,False
EXP-T141,primary,3,101,1e-05,1.0000000000000001e-07,53,371,0.4949458102429552,0.5189722627401352,3.20110821723938,8.43850817434701e-06,3.20110821723938,53,0,True,False,False
EXP-T141,primary,3,101,1e-05,1.0000000000000001e-07,54,378,0.6050710252353123,0.5187609046697617,3.2000951766967773,8.381411941873379e-06,3.2000951766967773,54,0,True,False,False
EXP-T141,primary,3,101,1e-05,1.0000000000000001e-07,55,385,0.4926327147654125,0.5182486772537231,3.197261333465576,8.323493733352078e-06,3.197261333465576,55,0,True,False,False
EXP-T141,primary,3,101,1e-05,1.0000000000000001e-07,56,392,0.5799522314752851,0.5178554058074951,3.195051431655884,8.26476783923441e-06,3.195051431655884,56,0,True,False,False
EXP-T141,primary,3,101,1e-05,1.0000000000000001e-07,57,399,0.644550336258752,0.5174889415502548,3.192984104156494,8.205248749256014e-06,3.192984104156494,57,0,True,False,False
EXP-T141,primary,3,101,1e-05,1.0000000000000001e-07,58,406,0.5408705132348197,0.5172206312417984,3.191469669342041,8.144951148861743e-06,3.191469669342041,58,0,True,False,False
EXP-T141,primary,3,101,1e-05,1.0000000000000001e-07,59,413,0.589959876877921,0.5170201063156128,3.1902832984924316,8.083889915582235e-06,3.1902832984924316,59,0,True,False,False
EXP-T141,primary,3,101,1e-05,1.0000000000000001e-07,60,420,0.598962800843375,0.5169548690319061,3.1900622844696045,8.022080115363127e-06,3.1900622844696045,60,0,True,False,False
EXP-T141,primary,3,101,1e-05,1.0000000000000001e-07,61,427,0.5747112078326089,0.5172796249389648,3.1925101280212402,7.959536998847744e-06,3.1900622844696045,60,1,False,False,False
EXP-T141,primary,3,101,1e-05,1.0000000000000001e-07,62,434,0.6395780188696725,0.5183769762516022,3.1991398334503174,7.89627599761423e-06,3.1900622844696045,60,2,False,False,False
EXP-T141,primary,3,101,1e-05,1.0000000000000001e-07,63,441,0.5469895218099866,0.5194103419780731,3.204723358154297,7.832312720368048e-06,3.1900622844696045,60,3,False,False,False
EXP-T141,primary,3,101,1e-05,1.0000000000000001e-07,64,448,0.4966810319040503,0.5200709402561188,3.208029270172119,7.767662949090754e-06,3.1900622844696045,60,4,False,False,False
EXP-T141,primary,3,101,1e-05,1.0000000000000001e-07,65,455,0.5524277772222247,0.5202472656965256,3.208916187286377,7.702342635146033e-06,3.1900622844696045,60,5,False,False,False
EXP-T141,primary,3,101,1e-05,1.0000000000000001e-07,66,462,0.6711461969784328,0.5198366940021515,3.2069995403289795,7.636367895343947e-06,3.1900622844696045,60,6,False,False,False
EXP-T141,primary,3,101,1e-05,1.0000000000000001e-07,67,469,0.5742957677159991,0.5201307535171509,3.208493947982788,7.5697550079643376e-06,3.1900622844696045,60,7,False,False,False
EXP-T141,primary,3,101,1e-05,1.0000000000000001e-07,68,476,0.5208055887903486,0.5199664980173111,3.207792282104492,7.502520408740418e-06,3.1900622844696045,60,8,False,False,False
EXP-T141,primary,3,101,1e-05,1.0000000000000001e-07,69,483,0.5543440750667027,0.5202167481184006,3.209012269973755,7.43468068680349e-06,3.1900622844696045,60,9,False,False,False
EXP-T141,primary,3,101,1e-05,1.0000000000000001e-07,70,490,0.5151189821107047,0.5206965357065201,3.2112019062042236,7.366252580589839e-06,3.1900622844696045,60,10,False,False,False
EXP-T141,primary,3,101,1e-05,1.0000000000000001e-07,71,497,0.5548473128250667,0.5203182697296143,3.2095463275909424,7.297252973710756e-06,3.1900622844696045,60,11,False,False,False
EXP-T141,primary,3,101,1e-05,1.0000000000000001e-07,72,504,0.5249971300363541,0.5193748474121094,3.205202579498291,7.227698890786779e-06,3.1900622844696045,60,12,False,False,False
EXP-T141,primary,3,101,1e-05,1.0000000000000001e-07,73,511,0.5537751231874738,0.5192522704601288,3.2046778202056885,7.15760749324711e-06,3.1900622844696045,60,13,False,False,False
EXP-T141,primary,3,101,1e-05,1.0000000000000001e-07,74,518,0.5351128961358752,0.5191117525100708,3.204054355621338,7.086996075095289e-06,3.1900622844696045,60,14,False,False,False
EXP-T141,primary,3,101,1e-05,1.0000000000000001e-07,75,525,0.5865805787699563,0.5188625156879425,3.2028632164001465,7.015882058642164e-06,3.1900622844696045,60,15,False,False,False
EXP-T141,primary,3,101,1e-05,1.0000000000000001e-07,76,532,0.5171213075518608,0.5189957022666931,3.203530788421631,6.9442829902071945e-06,3.1900622844696045,60,16,False,False,False
EXP-T141,primary,3,101,1e-05,1.0000000000000001e-07,77,539,0.5414352076394218,0.5191138386726379,3.2041409015655518,6.8722165357891564e-06,3.1900622844696045,60,17,False,False,False
EXP-T141,primary,3,101,1e-05,1.0000000000000001e-07,78,546,0.5943847213472638,0.5188074856996536,3.2027223110198975,6.799700476707323e-06,3.1900622844696045,60,18,False,False,False
EXP-T141,primary,3,101,1e-05,1.0000000000000001e-07,79,553,0.5134635812469891,0.5182252526283264,3.199974775314331,6.726752705214193e-06,3.1900622844696045,60,19,False,False,False
EXP-T141,primary,3,101,1e-05,1.0000000000000001e-07,80,560,0.5154892440353122,0.5179439783096313,3.1986424922943115,6.65339122008084e-06,3.1900622844696045,60,20,False,False,False
EXP-T141,primary,3,101,1e-05,1.0000000000000001e-07,81,567,0.5105393358639309,0.517620861530304,3.197113037109375,6.57963412215599e-06,3.1900622844696045,60,21,False,False,False
EXP-T141,primary,3,101,1e-05,1.0000000000000001e-07,82,574,0.6700520089694432,0.5175828784704208,3.1970412731170654,6.505499609899905e-06,3.1900622844696045,60,22,False,False,False
EXP-T141,primary,3,101,1e-05,1.0000000000000001e-07,83,581,0.7108841368130275,0.51742023229599,3.196326971054077,6.431005974894185e-06,3.1900622844696045,60,23,False,False,False
EXP-T141,primary,3,101,1e-05,1.0000000000000001e-07,84,588,0.5125418518270765,0.5166517794132233,3.192513942718506,6.356171597328595e-06,3.1900622844696045,60,24,False,False,False
EXP-T141,primary,3,101,1e-05,1.0000000000000001e-07,85,595,0.5233965984412602,0.5158697962760925,3.188490629196167,6.28101494146603e-06,3.188490629196167,85,0,True,False,False
EXP-T141,primary,3,101,1e-05,1.0000000000000001e-07,86,602,0.6626429983547756,0.515528529882431,3.1867990493774414,6.205554551086732e-06,3.1867990493774414,86,0,True,False,False
EXP-T141,primary,3,101,1e-05,1.0000000000000001e-07,87,609,0.5613027598176684,0.5149431377649307,3.183652877807617,6.129809044912887e-06,3.183652877807617,87,0,True,False,False
EXP-T141,primary,3,101,1e-05,1.0000000000000001e-07,88,616,0.5801639216286796,0.514883741736412,3.183544874191284,6.053797112014738e-06,3.183544874191284,88,0,True,False,False
EXP-T141,primary,3,101,1e-05,1.0000000000000001e-07,89,623,0.5768361985683441,0.5150672346353531,3.184846878051758,5.977537507199338e-06,3.183544874191284,88,1,False,False,False
EXP-T141,primary,3,101,1e-05,1.0000000000000001e-07,90,630,0.6544305597032819,0.5151362419128418,3.1854755878448486,5.901049046383077e-06,3.183544874191284,88,2,False,False,False
EXP-T141,primary,3,101,1e-05,1.0000000000000001e-07,91,637,0.48948746344207655,0.5148414671421051,3.1840596199035645,5.824350601949143e-06,3.183544874191284,88,3,False,False,False
EXP-T141,primary,3,101,1e-05,1.0000000000000001e-07,92,644,0.5538380401475089,0.514674574136734,3.183316946029663,5.7474610980910354e-06,3.183316946029663,92,0,True,False,False
EXP-T141,primary,3,101,1e-05,1.0000000000000001e-07,93,651,0.5606376826763153,0.5148497968912125,3.184387445449829,5.6703995061433075e-06,3.183316946029663,92,1,False,False,False
EXP-T141,primary,3,101,1e-05,1.0000000000000001e-07,94,658,0.5454282547746386,0.5147269666194916,3.183790445327759,5.5931848399006745e-06,3.183316946029663,92,2,False,False,False
EXP-T141,primary,3,101,1e-05,1.0000000000000001e-07,95,665,0.5319185512406486,0.514415979385376,3.182184934616089,5.515836150926646e-06,3.182184934616089,95,0,True,False,False
EXP-T141,primary,3,101,1e-05,1.0000000000000001e-07,96,672,0.536331730229514,0.5141066610813141,3.1806182861328125,5.438372523852833e-06,3.1806182861328125,96,0,True,False,False
EXP-T141,primary,3,101,1e-05,1.0000000000000001e-07,97,679,0.67732891866139,0.5137887895107269,3.1790730953216553,5.360813071670101e-06,3.1790730953216553,97,0,True,False,False
EXP-T141,primary,3,101,1e-05,1.0000000000000001e-07,98,686,0.511110894382,0.5134823620319366,3.1775259971618652,5.283176931012731e-06,3.1775259971618652,98,0,True,False,False
EXP-T141,primary,3,101,1e-05,1.0000000000000001e-07,99,693,0.5358346785817828,0.5130774676799774,3.1753387451171875,5.205483257436735e-06,3.1753387451171875,99,0,True,False,False
EXP-T141,primary,3,101,1e-05,1.0000000000000001e-07,100,700,0.6062051057815552,0.5127203464508057,3.173417568206787,5.127751220693512e-06,3.173417568206787,100,0,True,False,False
EXP-T141,primary,3,101,1e-05,1.0000000000000001e-07,101,707,0.5865865264620099,0.5121846944093704,3.1703410148620605,5.05e-06,3.1703410148620605,101,0,True,False,False
EXP-T141,primary,3,101,1e-05,1.0000000000000001e-07,102,714,0.6552775927952358,0.51178078353405,3.167958974838257,4.972248779306488e-06,3.167958974838257,102,0,True,False,False
EXP-T141,primary,3,101,1e-05,1.0000000000000001e-07,103,721,0.6155266208308083,0.5116126239299774,3.1670210361480713,4.8945167425632645e-06,3.1670210361480713,103,0,True,False,False
EXP-T141,primary,3,101,1e-05,1.0000000000000001e-07,104,728,0.5712727734020778,0.5111501067876816,3.1640946865081787,4.816823068987269e-06,3.1640946865081787,104,0,True,False,False
EXP-T141,primary,3,101,1e-05,1.0000000000000001e-07,105,735,0.5716756071363177,0.5112464129924774,3.164949655532837,4.7391869283298985e-06,3.1640946865081787,104,1,False,False,False
EXP-T141,primary,3,101,1e-05,1.0000000000000001e-07,106,742,0.6159163543156215,0.5113983750343323,3.166189670562744,4.661627476147168e-06,3.1640946865081787,104,2,False,False,False
EXP-T141,primary,3,101,1e-05,1.0000000000000001e-07,107,749,0.5432024300098419,0.5118145644664764,3.1690759658813477,4.584163849073354e-06,3.1640946865081787,104,3,False,False,False
EXP-T141,primary,3,101,1e-05,1.0000000000000001e-07,108,756,0.5020943198885236,0.5117880702018738,3.1691231727600098,4.506815160099326e-06,3.1640946865081787,104,4,False,False,False
EXP-T141,primary,3,101,1e-05,1.0000000000000001e-07,109,763,0.5789504178932735,0.5116791427135468,3.168627977371216,4.429600493856694e-06,3.1640946865081787,104,5,False,False,False
EXP-T141,primary,3,101,1e-05,1.0000000000000001e-07,110,770,0.6346711771828788,0.5116546452045441,3.168646812438965,4.352538901908967e-06,3.1640946865081787,104,6,False,False,False
EXP-T141,primary,3,101,1e-05,1.0000000000000001e-07,111,777,0.5522128130708422,0.5114705562591553,3.1676688194274902,4.275649398050858e-06,3.1640946865081787,104,7,False,False,False
EXP-T141,primary,3,101,1e-05,1.0000000000000001e-07,112,784,0.5208498643977302,0.5114564597606659,3.1677496433258057,4.198950953616922e-06,3.1640946865081787,104,8,False,False,False
EXP-T141,primary,3,101,1e-05,1.0000000000000001e-07,113,791,0.6261854682649884,0.5113850086927414,3.1674726009368896,4.122462492800663e-06,3.1640946865081787,104,9,False,False,False
EXP-T141,primary,3,101,1e-05,1.0000000000000001e-07,114,798,0.5798247584274837,0.5114752501249313,3.1681971549987793,4.046202887985263e-06,3.1640946865081787,104,10,False,False,False
EXP-T141,primary,3,101,1e-05,1.0000000000000001e-07,115,805,0.6080295358385358,0.5113792717456818,3.167815685272217,3.970190955087116e-06,3.1640946865081787,104,11,False,False,False
EXP-T141,primary,3,101,1e-05,1.0000000000000001e-07,116,812,0.5313649134976524,0.5113734900951385,3.1679234504699707,3.894445448913268e-06,3.1640946865081787,104,12,False,False,False
EXP-T141,primary,3,101,1e-05,1.0000000000000001e-07,117,819,0.5063858340893473,0.5111741125583649,3.1668360233306885,3.818985058533969e-06,3.1640946865081787,104,13,False,False,False
EXP-T141,primary,3,101,1e-05,1.0000000000000001e-07,118,826,0.5019062001790319,0.5110447108745575,3.1661903858184814,3.7438284026714044e-06,3.1640946865081787,104,14,False,False,False
EXP-T141,primary,3,101,1e-05,1.0000000000000001e-07,119,833,0.5144236854144505,0.5110068917274475,3.166116237640381,3.6689940251058153e-06,3.1640946865081787,104,15,False,False,False
EXP-T141,primary,3,101,1e-05,1.0000000000000001e-07,120,840,0.5333212826933179,0.5109055042266846,3.165639638900757,3.594500390100096e-06,3.1640946865081787,104,16,False,False,False
EXP-T141,primary,3,101,1e-05,1.0000000000000001e-07,121,847,0.5318839933191027,0.5108838379383087,3.1656975746154785,3.5203658778440116e-06,3.1640946865081787,104,17,False,False,False
EXP-T141,primary,3,101,1e-05,1.0000000000000001e-07,122,854,0.5006382507937295,0.5109175890684128,3.1660711765289307,3.4466087799191603e-06,3.1640946865081787,104,18,False,False,False
EXP-T141,primary,3,101,1e-05,1.0000000000000001e-07,123,861,0.5204661318234035,0.5109748542308807,3.166524648666382,3.3732472947858077e-06,3.1640946865081787,104,19,False,False,False
EXP-T141,primary,3,101,1e-05,1.0000000000000001e-07,124,868,0.6487464351313454,0.5108832120895386,3.1660993099212646,3.300299523292678e-06,3.1640946865081787,104,20,False,False,False
EXP-T141,primary,3,101,1e-05,1.0000000000000001e-07,125,875,0.5230779073068074,0.5106892883777618,3.16506290435791,3.227783464210845e-06,3.1640946865081787,104,21,False,False,False
EXP-T141,primary,3,101,1e-05,1.0000000000000001e-07,126,882,0.6291593398366656,0.5105039924383163,3.1640450954437256,3.155717009792807e-06,3.1640450954437256,126,0,True,False,False
EXP-T141,primary,3,101,1e-05,1.0000000000000001e-07,127,889,0.6204950256007058,0.5104118436574936,3.163611650466919,3.0841179413578354e-06,3.163611650466919,127,0,True,False,False
EXP-T141,primary,3,101,1e-05,1.0000000000000001e-07,128,896,0.5847143530845642,0.5103461444377899,3.1633496284484863,3.0130039249047117e-06,3.1633496284484863,128,0,True,False,False
EXP-T141,primary,3,101,1e-05,1.0000000000000001e-07,129,903,0.5352677532604763,0.5103088319301605,3.163252353668213,2.9423925067528904e-06,3.163252353668213,129,0,True,False,False
EXP-T141,primary,3,101,1e-05,1.0000000000000001e-07,130,910,0.5771702698298863,0.5100693553686142,3.161931037902832,2.87230110921322e-06,3.161931037902832,130,0,True,False,False
EXP-T141,primary,3,101,1e-05,1.0000000000000001e-07,131,917,0.5678134390286037,0.5098784565925598,3.1608636379241943,2.8027470262892435e-06,3.1608636379241943,131,0,True,False,False
EXP-T141,primary,3,101,1e-05,1.0000000000000001e-07,132,924,0.5681187638214656,0.5097848922014236,3.1604065895080566,2.7337474194101625e-06,3.1604065895080566,132,0,True,False,False
EXP-T141,primary,3,101,1e-05,1.0000000000000001e-07,133,931,0.6398411435740334,0.509525328874588,3.1589102745056152,2.6653193131965085e-06,3.1589102745056152,133,0,True,False,False
EXP-T141,primary,3,101,1e-05,1.0000000000000001e-07,134,938,0.5263895243406296,0.5092796385288239,3.1575112342834473,2.5974795912595824e-06,3.1575112342834473,134,0,True,False,False
EXP-T141,primary,3,101,1e-05,1.0000000000000001e-07,135,945,0.6160915195941925,0.5092057585716248,3.157186985015869,2.530244992035662e-06,3.157186985015869,135,0,True,False,False
EXP-T141,primary,3,101,1e-05,1.0000000000000001e-07,136,952,0.6006558537483215,0.5091246217489243,3.1567654609680176,2.4636321046560533e-06,3.1567654609680176,136,0,True,False,False
EXP-T141,primary,3,101,1e-05,1.0000000000000001e-07,137,959,0.5788953559739249,0.5088915228843689,3.155369758605957,2.3976573648539653e-06,3.155369758605957,137,0,True,False,False
EXP-T141,primary,3,101,1e-05,1.0000000000000001e-07,138,966,0.49063699319958687,0.5086670517921448,3.154066562652588,2.332337050909247e-06,3.154066562652588,138,0,True,False,False
EXP-T141,primary,3,101,1e-05,1.0000000000000001e-07,139,973,0.4994621766465051,0.5085757374763489,3.1536154747009277,2.267687279631953e-06,3.1536154747009277,139,0,True,False,False
EXP-T141,primary,3,101,1e-05,1.0000000000000001e-07,140,980,0.492238418332168,0.5085205137729645,3.153423309326172,2.2037240023857708e-06,3.153423309326172,140,0,True,False,False
EXP-T141,primary,3,101,1e-05,1.0000000000000001e-07,141,987,0.6433896464960915,0.5084792375564575,3.1532840728759766,2.1404630011522584e-06,3.1532840728759766,141,0,True,False,False
EXP-T141,primary,3,101,1e-05,1.0000000000000001e-07,142,994,0.5538574882916042,0.5084337741136551,3.1531429290771484,2.0779198846368745e-06,3.1531429290771484,142,0,True,False,False
EXP-T141,primary,3,101,1e-05,1.0000000000000001e-07,143,1001,0.5048219348703112,0.508570522069931,3.154193878173828,2.0161100844177658e-06,3.1531429290771484,142,1,False,False,False
EXP-T141,primary,3,101,1e-05,1.0000000000000001e-07,144,1008,0.5260786925043378,0.5086272954940796,3.1546623706817627,1.9550488511382593e-06,3.1531429290771484,142,2,False,False,False
EXP-T141,primary,3,101,1e-05,1.0000000000000001e-07,145,1015,0.5423208858285632,0.5085769891738892,3.1544206142425537,1.894751250743986e-06,3.1531429290771484,142,3,False,False,False
EXP-T141,primary,3,101,1e-05,1.0000000000000001e-07,146,1022,0.5204452361379351,0.5085300803184509,3.154218912124634,1.8352321607655916e-06,3.1531429290771484,142,4,False,False,False
EXP-T141,primary,3,101,1e-05,1.0000000000000001e-07,147,1029,0.5247298266206469,0.5084406435489655,3.153747320175171,1.7765062666479242e-06,3.1531429290771484,142,5,False,False,False
EXP-T141,primary,3,101,1e-05,1.0000000000000001e-07,148,1036,0.509022838303021,0.5084465593099594,3.153850555419922,1.7185880581266217e-06,3.1531429290771484,142,6,False,False,False
EXP-T141,primary,3,101,1e-05,1.0000000000000001e-07,149,1043,0.534838684967586,0.5084463357925415,3.153909921646118,1.6614918256529908e-06,3.1531429290771484,142,7,False,False,False
EXP-T141,primary,3,101,1e-05,1.0000000000000001e-07,150,1050,0.5417524959359851,0.5084092915058136,3.153726100921631,1.6052316568680442e-06,3.1531429290771484,142,8,False,False,False
EXP-T141,primary,3,101,1e-05,1.0000000000000001e-07,151,1057,0.5040603104446616,0.5084404945373535,3.1540181636810303,1.5498214331265902e-06,3.1531429290771484,142,9,False,False,False
EXP-T141,primary,3,101,1e-05,1.0000000000000001e-07,152,1064,0.5118915034191949,0.5082928240299225,3.153139591217041,1.495274826072216e-06,3.153139591217041,152,0,True,False,False
EXP-T141,primary,3,101,1e-05,1.0000000000000001e-07,153,1071,0.5292664127690452,0.5081154853105545,3.1520769596099854,1.441605294264014e-06,3.1520769596099854,153,0,True,False,False
EXP-T141,primary,3,101,1e-05,1.0000000000000001e-07,154,1078,0.588224606854575,0.5079712718725204,3.1512181758880615,1.3888260798558817e-06,3.1512181758880615,154,0,True,False,False
EXP-T141,primary,3,101,1e-05,1.0000000000000001e-07,155,1085,0.5537745612008231,0.5079018771648407,3.1508264541625977,1.3369502053292252e-06,3.1508264541625977,155,0,True,False,False
EXP-T141,primary,3,101,1e-05,1.0000000000000001e-07,156,1092,0.5026471465826035,0.5079266875982285,3.1510775089263916,1.285990470279847e-06,3.1508264541625977,155,1,False,False,False
EXP-T141,primary,3,101,1e-05,1.0000000000000001e-07,157,1099,0.5027435241000993,0.5080257505178452,3.1518051624298096,1.2359594482598438e-06,3.1508264541625977,155,2,False,False,False
EXP-T141,primary,3,101,1e-05,1.0000000000000001e-07,158,1106,0.6499320140906742,0.5080974400043488,3.1523306369781494,1.1868694836752686e-06,3.1508264541625977,155,3,False,False,False
EXP-T141,primary,3,101,1e-05,1.0000000000000001e-07,159,1113,0.5172026753425598,0.5080951303243637,3.15238356590271,1.1387326887403326e-06,3.1508264541625977,155,4,False,False,False
EXP-T141,primary,3,101,1e-05,1.0000000000000001e-07,160,1120,0.5563599211829049,0.5080645233392715,3.1522488594055176,1.0915609404889017e-06,3.1508264541625977,155,5,False,False,False
EXP-T141,primary,3,101,1e-05,1.0000000000000001e-07,161,1127,0.6125329349722181,0.5080821812152863,3.152416944503784,1.0453658778440107e-06,3.1508264541625977,155,6,False,False,False
EXP-T141,primary,3,101,1e-05,1.0000000000000001e-07,162,1134,0.47188750388366835,0.5080818980932236,3.152477502822876,1.0001588987461348e-06,3.1508264541625977,155,7,False,False,False
EXP-T141,primary,3,101,1e-05,1.0000000000000001e-07,163,1141,0.54898402094841,0.508052721619606,3.1523663997650146,9.559511573409195e-07,3.1508264541625977,155,8,False,False,False
EXP-T141,primary,3,101,1e-05,1.0000000000000001e-07,164,1148,0.5691236725875309,0.5080376863479614,3.1523447036743164,9.127535612270632e-07,3.1508264541625977,155,9,False,False,False
EXP-T141,primary,3,101,1e-05,1.0000000000000001e-07,165,1155,0.5128440686634609,0.5080557465553284,3.152512550354004,8.705767687650265e-07,3.1508264541625977,155,10,False,False,False
EXP-T141,primary,3,101,1e-05,1.0000000000000001e-07,166,1162,0.5545520101274762,0.5080522000789642,3.1525444984436035,8.294311864472448e-07,3.1508264541625977,155,11,False,False,False
EXP-T141,primary,3,101,1e-05,1.0000000000000001e-07,167,1169,0.6347971771444593,0.5080638974905014,3.15266489982605,7.893269663304784e-07,3.1508264541625977,155,12,False,False,False
EXP-T141,primary,3,101,1e-05,1.0000000000000001e-07,168,1176,0.5260944153581347,0.508074015378952,3.152780294418335,7.50274003530953e-07,3.1508264541625977,155,13,False,False,False
EXP-T141,primary,3,101,1e-05,1.0000000000000001e-07,169,1183,0.5673353544303349,0.508097380399704,3.152960777282715,7.122819337828752e-07,3.1508264541625977,155,14,False,False,False
EXP-T141,primary,3,101,1e-05,1.0000000000000001e-07,170,1190,0.4912772370236261,0.5081072747707367,3.1530539989471436,6.753601310609673e-07,3.1508264541625977,155,15,False,False,False
EXP-T141,primary,3,101,1e-05,1.0000000000000001e-07,171,1197,0.5633348226547241,0.5081177204847336,3.153144121170044,6.395177052675794e-07,3.1508264541625977,155,16,False,False,False
EXP-T141,primary,3,101,1e-05,1.0000000000000001e-07,172,1204,0.5095429165022713,0.5081426203250885,3.1533141136169434,6.047634999849531e-07,3.1508264541625977,155,17,False,False,False
EXP-T141,primary,3,101,1e-05,1.0000000000000001e-07,173,1211,0.5443865358829498,0.508121907711029,3.1532044410705566,5.711060902932043e-07,3.1508264541625977,155,18,False,False,False
EXP-T141,primary,3,101,1e-05,1.0000000000000001e-07,174,1218,0.5126535168715886,0.5080799609422684,3.1529581546783447,5.385537806545469e-07,3.1508264541625977,155,19,False,False,False
EXP-T141,primary,3,101,1e-05,1.0000000000000001e-07,175,1225,0.5690467868532453,0.5080348253250122,3.1526894569396973,5.071146028642944e-07,3.1508264541625977,155,20,False,False,False
EXP-T141,primary,3,101,1e-05,1.0000000000000001e-07,176,1232,0.5708990948540824,0.5080350786447525,3.1527087688446045,4.7679631406913176e-07,3.1508264541625977,155,21,False,False,False
EXP-T141,primary,3,101,1e-05,1.0000000000000001e-07,177,1239,0.5739644127232688,0.508037805557251,3.1527419090270996,4.4760639485315585e-07,3.1508264541625977,155,22,False,False,False
EXP-T141,primary,3,101,1e-05,1.0000000000000001e-07,178,1246,0.504015890615327,0.5080355703830719,3.152743101119995,4.195520473921565e-07,3.1508264541625977,155,23,False,False,False
EXP-T141,primary,3,101,1e-05,1.0000000000000001e-07,179,1253,0.600552669593266,0.5080358982086182,3.1527678966522217,3.92640193676584e-07,3.1508264541625977,155,24,False,False,False
EXP-T141,primary,3,101,1e-05,1.0000000000000001e-07,180,1260,0.549303012234824,0.5079874992370605,3.152496337890625,3.668774738036508e-07,3.1508264541625977,155,25,False,False,False
EXP-T141,primary,3,101,1e-05,1.0000000000000001e-07,181,1267,0.4876131190519248,0.5079543441534042,3.1523191928863525,3.4227024433899004e-07,3.1508264541625977,155,26,False,False,False
EXP-T141,primary,3,101,1e-05,1.0000000000000001e-07,182,1274,0.5401761915002551,0.5079163312911987,3.1520965099334717,3.188245767482659e-07,3.1508264541625977,155,27,False,False,False
EXP-T141,primary,3,101,1e-05,1.0000000000000001e-07,183,1281,0.5121048295072147,0.5079126507043839,3.152080535888672,2.9654625589913237e-07,3.1508264541625977,155,28,False,False,False
EXP-T141,primary,3,101,1e-05,1.0000000000000001e-07,184,1288,0.5666708605630058,0.5079176425933838,3.152118682861328,2.754407786339001e-07,3.1508264541625977,155,29,False,False,False
EXP-T141,primary,3,101,1e-05,1.0000000000000001e-07,185,1295,0.5572490266391209,0.5079213678836823,3.152150869369507,2.555133524132767e-07,3.1508264541625977,155,30,False,True,False
EXP-T141,primary,3,101,0.0001,1.0000000000000002e-06,1,7,0.5599452980927059,0.5313027948141098,3.2567574977874756,0.0001,3.2567574977874756,1,0,True,False,False
EXP-T141,primary,3,101,0.0001,1.0000000000000002e-06,2,14,0.5790112274033683,0.522747278213501,3.218210220336914,9.99938933078422e-05,3.218210220336914,2,0,True,False,False
EXP-T141,primary,3,101,0.0001,1.0000000000000002e-06,3,21,0.6046855534826007,0.5258845239877701,3.234567880630493,9.997557473810373e-05,3.218210220336914,2,1,False,False,False
EXP-T141,primary,3,101,0.0001,1.0000000000000002e-06,4,28,0.6760477679116386,0.5197507292032242,3.2055158615112305,9.994504881061753e-05,3.2055158615112305,4,0,True,False,False
EXP-T141,primary,3,101,0.0001,1.0000000000000002e-06,5,35,0.6225330574171883,0.5214830785989761,3.2156031131744385,9.990232305719945e-05,3.2055158615112305,4,1,False,False,False
EXP-T141,primary,3,101,0.0001,1.0000000000000002e-06,6,42,0.5582655072212219,0.5165278315544128,3.1891820430755615,9.984740801978984e-05,3.1891820430755615,6,0,True,False,False
EXP-T141,primary,3,101,0.0001,1.0000000000000002e-06,7,49,0.5605891559805188,0.5177122503519058,3.1973750591278076,9.978031724785247e-05,3.1891820430755615,6,1,False,False,False
EXP-T141,primary,3,101,0.0001,1.0000000000000002e-06,8,56,0.6853280918938773,0.5166408568620682,3.1935617923736572,9.97010672950314e-05,3.1891820430755615,6,2,False,False,False
EXP-T141,primary,3,101,0.0001,1.0000000000000002e-06,9,63,0.5523783011095864,0.5235003232955933,3.220438003540039,9.960967771506667e-05,3.1891820430755615,6,3,False,False,False
EXP-T141,primary,3,101,0.0001,1.0000000000000002e-06,10,70,0.6108502064432416,0.513159304857254,3.1791412830352783,9.95061710569696e-05,3.1791412830352783,10,0,True,False,False
EXP-T141,primary,3,101,0.0001,1.0000000000000002e-06,11,77,0.719173035451344,0.5028251856565475,3.1228294372558594,9.939057285945933e-05,3.1228294372558594,11,0,True,False,False
EXP-T141,primary,3,101,0.0001,1.0000000000000002e-06,12,84,0.5195178389549255,0.5005763471126556,3.110954523086548,9.926291164466132e-05,3.110954523086548,12,0,True,False,False
EXP-T141,primary,3,101,0.0001,1.0000000000000002e-06,13,91,0.5752622314861843,0.49614499509334564,3.0926663875579834,9.91232189110701e-05,3.0926663875579834,13,0,True,False,False
EXP-T141,primary,3,101,0.0001,1.0000000000000002e-06,14,98,0.5813856891223362,0.4923010915517807,3.084559679031372,9.897152912577741e-05,3.084559679031372,14,0,True,False,False
EXP-T141,primary,3,101,0.0001,1.0000000000000002e-06,15,105,0.4973841314869268,0.49106861650943756,3.077255964279175,9.8807879715968e-05,3.077255964279175,15,0,True,False,False
EXP-T141,primary,3,101,0.0001,1.0000000000000002e-06,16,112,0.6890068522521428,0.48254042863845825,3.0441370010375977,9.8632311059685e-05,3.0441370010375977,16,0,True,False,False
EXP-T141,primary,3,101,0.0001,1.0000000000000002e-06,17,119,0.5727815457752773,0.47117501497268677,2.9929933547973633,9.844486647586725e-05,2.9929933547973633,17,0,True,False,False
EXP-T141,primary,3,101,0.0001,1.0000000000000002e-06,18,126,0.4528099599161318,0.4642127454280853,2.964571952819824,9.824559221366101e-05,2.964571952819824,18,0,True,False,False
EXP-T141,primary,3,101,0.0001,1.0000000000000002e-06,19,133,0.6170649230480194,0.46259477734565735,2.9782915115356445,9.803453744100869e-05,2.964571952819824,18,1,False,False,False
EXP-T141,primary,3,101,0.0001,1.0000000000000002e-06,20,140,0.5317515858582088,0.4608081877231598,2.9789371490478516,9.781175423251735e-05,2.964571952819824,18,2,False,False,False
EXP-T141,primary,3,101,0.0001,1.0000000000000002e-06,21,147,0.47368029185703825,0.447591632604599,2.9248971939086914,9.757729755661011e-05,2.9248971939086914,21,0,True,False,False
EXP-T141,primary,3,101,0.0001,1.0000000000000002e-06,22,154,0.5250249334744045,0.44693467020988464,2.924725294113159,9.73312252619635e-05,2.924725294113159,22,0,True,False,False
EXP-T141,primary,3,101,0.0001,1.0000000000000002e-06,23,161,0.583708005292075,0.44622108340263367,2.9320616722106934,9.707359806323417e-05,2.924725294113159,22,1,False,False,False
EXP-T141,primary,3,101,0.0001,1.0000000000000002e-06,24,168,0.5497023292950222,0.42643924057483673,2.8311989307403564,9.680447952607845e-05,2.8311989307403564,24,0,True,False,False
EXP-T141,primary,3,101,0.0001,1.0000000000000002e-06,25,175,0.54255781854902,0.4186411052942276,2.7932486534118652,9.652393605146844e-05,2.7932486534118652,25,0,True,False,False
EXP-T141,primary,3,101,0.0001,1.0000000000000002e-06,26,182,0.44349829639707294,0.4160354435443878,2.788116931915283,9.623203685930869e-05,2.788116931915283,26,0,True,False,False
EXP-T141,primary,3,101,0.0001,1.0000000000000002e-06,27,189,0.45248246831553324,0.4113173484802246,2.7445242404937744,9.592885397135707e-05,2.7445242404937744,27,0,True,False,False
EXP-T141,primary,3,101,0.0001,1.0000000000000002e-06,28,196,0.48505041003227234,0.4210694581270218,2.766557455062866,9.561446219345454e-05,2.7445242404937744,27,1,False,False,False
EXP-T141,primary,3,101,0.0001,1.0000000000000002e-06,29,203,0.5007180443831852,0.4147055894136429,2.7547805309295654,9.528893909706797e-05,2.7445242404937744,27,2,False,False,False
EXP-T141,primary,3,101,0.0001,1.0000000000000002e-06,30,210,0.4658850942339216,0.4175761938095093,2.764132499694824,9.495236500015047e-05,2.7445242404937744,27,3,False,False,False
EXP-T141,primary,3,101,0.0001,1.0000000000000002e-06,31,217,0.526710501738957,0.3986441493034363,2.693251371383667,9.460482294732421e-05,2.693251371383667,31,0,True,False,False
EXP-T141,primary,3,101,0.0001,1.0000000000000002e-06,32,224,0.4755504471915109,0.3997131437063217,2.7025911808013916,9.424639868939033e-05,2.693251371383667,31,1,False,False,False
EXP-T141,primary,3,101,0.0001,1.0000000000000002e-06,33,231,0.43935766843995744,0.4069098085165024,2.7185232639312744,9.387718066217124e-05,2.693251371383667,31,2,False,False,False
EXP-T141,primary,3,101,0.0001,1.0000000000000002e-06,34,238,0.46617298466818674,0.38817717134952545,2.6341748237609863,9.349725996469047e-05,2.6341748237609863,34,0,True,False,False
EXP-T141,primary,3,101,0.0001,1.0000000000000002e-06,35,245,0.5531135073729924,0.38505393266677856,2.6149559020996094,9.310673033669521e-05,2.6149559020996094,35,0,True,False,False
EXP-T141,primary,3,101,0.0001,1.0000000000000002e-06,36,252,0.5472173818520137,0.38227951526641846,2.601820945739746,9.270568813552756e-05,2.601820945739746,36,0,True,False,False
EXP-T141,primary,3,101,0.0001,1.0000000000000002e-06,37,259,0.46538791060447693,0.37927478551864624,2.579948663711548,9.229423231234974e-05,2.579948663711548,37,0,True,False,False
EXP-T141,primary,3,101,0.0001,1.0000000000000002e-06,38,266,0.4568015251840864,0.37472380697727203,2.550137519836426,9.187246438772939e-05,2.550137519836426,38,0,True,False,False
EXP-T141,primary,3,101,0.0001,1.0000000000000002e-06,39,273,0.40189258817450274,0.3740934729576111,2.5371716022491455,9.14404884265908e-05,2.5371716022491455,39,0,True,False,False
EXP-T141,primary,3,101,0.0001,1.0000000000000002e-06,40,280,0.5080974527767727,0.3677466958761215,2.501530408859253,9.099841101253866e-05,2.501530408859253,40,0,True,False,False
EXP-T141,primary,3,101,0.0001,1.0000000000000002e-06,41,287,0.5082773906844003,0.3639322370290756,2.475031614303589,9.05463412215599e-05,2.475031614303589,41,0,True,False,False
EXP-T141,primary,3,101,0.0001,1.0000000000000002e-06,42,294,0.49219358393124174,0.36383526027202606,2.463343620300293,9.0084390595111e-05,2.463343620300293,42,0,True,False,False
EXP-T141,primary,3,101,0.0001,1.0000000000000002e-06,43,301,0.46384386505399433,0.3625092953443527,2.461221933364868,8.961267311259666e-05,2.461221933364868,43,0,True,False,False
EXP-T141,primary,3,101,0.0001,1.0000000000000002e-06,44,308,0.39172578709466116,0.3613915592432022,2.445539712905884,8.913130516324733e-05,2.445539712905884,44,0,True,False,False
EXP-T141,primary,3,101,0.0001,1.0000000000000002e-06,45,315,0.42640370875597,0.3638942092657089,2.4515087604522705,8.864040551740158e-05,2.445539712905884,44,1,False,False,False
EXP-T141,primary,3,101,0.0001,1.0000000000000002e-06,46,322,0.36554259061813354,0.3576318472623825,2.4085800647735596,8.814009529720155e-05,2.4085800647735596,46,0,True,False,False
EXP-T141,primary,3,101,0.0001,1.0000000000000002e-06,47,329,0.4665160434586661,0.35684141516685486,2.42722749710083,8.763049794670775e-05,2.4085800647735596,46,1,False,False,False
EXP-T141,primary,3,101,0.0001,1.0000000000000002e-06,48,336,0.3680412918329239,0.3522103279829025,2.3797671794891357,8.711173920144117e-05,2.3797671794891357,48,0,True,False,False
EXP-T141,primary,3,101,0.0001,1.0000000000000002e-06,49,343,0.5160445443221501,0.35362811386585236,2.3917744159698486,8.658394705735987e-05,2.3797671794891357,48,1,False,False,False
EXP-T141,primary,3,101,0.0001,1.0000000000000002e-06,50,350,0.37043364133153645,0.3447260707616806,2.345489740371704,8.604725173927785e-05,2.345489740371704,50,0,True,False,False
EXP-T141,primary,3,101,0.0001,1.0000000000000002e-06,51,357,0.46650393520082745,0.33878079056739807,2.3067827224731445,8.55017856687341e-05,2.3067827224731445,51,0,True,False,False
EXP-T141,primary,3,101,0.0001,1.0000000000000002e-06,52,364,0.4365975729056767,0.3370981067419052,2.292165994644165,8.494768343131955e-05,2.292165994644165,52,0,True,False,False
EXP-T141,primary,3,101,0.0001,1.0000000000000002e-06,53,371,0.3721503721816199,0.33318282663822174,2.2674429416656494,8.438508174347009e-05,2.2674429416656494,53,0,True,False,False
EXP-T141,primary,3,101,0.0001,1.0000000000000002e-06,54,378,0.49154468945094515,0.32977747917175293,2.250164031982422,8.381411941873378e-05,2.250164031982422,54,0,True,False,False
EXP-T141,primary,3,101,0.0001,1.0000000000000002e-06,55,385,0.3807354803596224,0.33063116669654846,2.292374849319458,8.323493733352077e-05,2.250164031982422,54,1,False,False,False
EXP-T141,primary,3,101,0.0001,1.0000000000000002e-06,56,392,0.4456087052822113,0.33214128017425537,2.2958738803863525,8.26476783923441e-05,2.250164031982422,54,2,False,False,False
EXP-T141,primary,3,101,0.0001,1.0000000000000002e-06,57,399,0.43391945532390047,0.3308113217353821,2.2430808544158936,8.205248749256015e-05,2.2430808544158936,57,0,True,False,False
EXP-T141,primary,3,101,0.0001,1.0000000000000002e-06,58,406,0.4005971997976303,0.3396810442209244,2.3346714973449707,8.144951148861742e-05,2.2430808544158936,57,1,False,False,False
EXP-T141,primary,3,101,0.0001,1.0000000000000002e-06,59,413,0.36124547890254427,0.33521753549575806,2.300516128540039,8.083889915582235e-05,2.2430808544158936,57,2,False,False,False
EXP-T141,primary,3,101,0.0001,1.0000000000000002e-06,60,420,0.42881352986608234,0.346383735537529,2.3027665615081787,8.022080115363127e-05,2.2430808544158936,57,3,False,False,False
EXP-T141,primary,3,101,0.0001,1.0000000000000002e-06,61,427,0.4545312055519649,0.33319318294525146,2.257786273956299,7.959536998847744e-05,2.2430808544158936,57,4,False,False,False
EXP-T141,primary,3,101,0.0001,1.0000000000000002e-06,62,434,0.4451304333550589,0.33474791049957275,2.2876837253570557,7.89627599761423e-05,2.2430808544158936,57,5,False,False,False
EXP-T141,primary,3,101,0.0001,1.0000000000000002e-06,63,441,0.3920139287199293,0.3336692750453949,2.2674810886383057,7.832312720368048e-05,2.2430808544158936,57,6,False,False,False
EXP-T141,primary,3,101,0.0001,1.0000000000000002e-06,64,448,0.3716569545545748,0.342174232006073,2.3027682304382324,7.767662949090753e-05,2.2430808544158936,57,7,False,False,False
EXP-T141,primary,3,101,0.0001,1.0000000000000002e-06,65,455,0.3387583153588431,0.3390658497810364,2.2789533138275146,7.702342635146033e-05,2.2430808544158936,57,8,False,False,False
EXP-T141,primary,3,101,0.0001,1.0000000000000002e-06,66,462,0.39641055890492033,0.33160336315631866,2.2388360500335693,7.636367895343946e-05,2.2388360500335693,66,0,True,False,False
EXP-T141,primary,3,101,0.0001,1.0000000000000002e-06,67,469,0.39826316492898123,0.33219604194164276,2.2444913387298584,7.569755007964338e-05,2.2388360500335693,66,1,False,False,False
EXP-T141,primary,3,101,0.0001,1.0000000000000002e-06,68,476,0.34291782549449373,0.3309763967990875,2.250582456588745,7.502520408740418e-05,2.2388360500335693,66,2,False,False,False
EXP-T141,primary,3,101,0.0001,1.0000000000000002e-06,69,483,0.3591839671134949,0.3383132517337799,2.246915817260742,7.43468068680349e-05,2.2388360500335693,66,3,False,False,False
EXP-T141,primary,3,101,0.0001,1.0000000000000002e-06,70,490,0.3496123445885522,0.33845850825309753,2.247528314590454,7.366252580589839e-05,2.2388360500335693,66,4,False,False,False
EXP-T141,primary,3,101,0.0001,1.0000000000000002e-06,71,497,0.3386777618101665,0.33126650750637054,2.2548465728759766,7.297252973710757e-05,2.2388360500335693,66,5,False,False,False
EXP-T141,primary,3,101,0.0001,1.0000000000000002e-06,72,504,0.3487931734749249,0.32805000245571136,2.2632288932800293,7.22769889078678e-05,2.2388360500335693,66,6,False,False,False
EXP-T141,primary,3,101,0.0001,1.0000000000000002e-06,73,511,0.3245417129780565,0.3368282914161682,2.2551629543304443,7.15760749324711e-05,2.2388360500335693,66,7,False,False,False
EXP-T141,primary,3,101,0.0001,1.0000000000000002e-06,74,518,0.33738315956933157,0.3306496888399124,2.2686173915863037,7.086996075095289e-05,2.2388360500335693,66,8,False,False,False
EXP-T141,primary,3,101,0.0001,1.0000000000000002e-06,75,525,0.3237576282450131,0.33094850182533264,2.2711920738220215,7.015882058642164e-05,2.2388360500335693,66,9,False,False,False
EXP-T141,primary,3,101,0.0001,1.0000000000000002e-06,76,532,0.29352944024971556,0.34941527247428894,2.319308280944824,6.944282990207195e-05,2.2388360500335693,66,10,False,False,False
EXP-T141,primary,3,101,0.0001,1.0000000000000002e-06,77,539,0.337032003062112,0.34576423466205597,2.3028178215026855,6.872216535789157e-05,2.2388360500335693,66,11,False,False,False
EXP-T141,primary,3,101,0.0001,1.0000000000000002e-06,78,546,0.37444000584738596,0.33693476021289825,2.251309394836426,6.799700476707323e-05,2.2388360500335693,66,12,False,False,False
EXP-T141,primary,3,101,0.0001,1.0000000000000002e-06,79,553,0.3510293662548065,0.33824752271175385,2.291313409805298,6.726752705214194e-05,2.2388360500335693,66,13,False,False,False
EXP-T141,primary,3,101,0.0001,1.0000000000000002e-06,80,560,0.3202744552067348,0.3373322933912277,2.2423627376556396,6.65339122008084e-05,2.2388360500335693,66,14,False,False,False
EXP-T141,primary,3,101,0.0001,1.0000000000000002e-06,81,567,0.3743678203650883,0.34866873919963837,2.336344003677368,6.57963412215599e-05,2.2388360500335693,66,15,False,False,False
EXP-T141,primary,3,101,0.0001,1.0000000000000002e-06,82,574,0.42014348081180025,0.33095091581344604,2.2204957008361816,6.505499609899905e-05,2.2204957008361816,82,0,True,False,False
EXP-T141,primary,3,101,0.0001,1.0000000000000002e-06,83,581,0.42546658856528147,0.33552753925323486,2.270557165145874,6.431005974894185e-05,2.2204957008361816,82,1,False,False,False
EXP-T141,primary,3,101,0.0001,1.0000000000000002e-06,84,588,0.31452301357473644,0.3384568393230438,2.267051935195923,6.356171597328596e-05,2.2204957008361816,82,2,False,False,False
EXP-T141,primary,3,101,0.0001,1.0000000000000002e-06,85,595,0.28771581553987097,0.3332372009754181,2.2183027267456055,6.281014941466031e-05,2.2183027267456055,85,0,True,False,False
EXP-T141,primary,3,101,0.0001,1.0000000000000002e-06,86,602,0.4287162252834865,0.3345377743244171,2.26971435546875,6.205554551086733e-05,2.2183027267456055,85,1,False,False,False
EXP-T141,primary,3,101,0.0001,1.0000000000000002e-06,87,609,0.3150687640798943,0.3419678509235382,2.300313949584961,6.129809044912887e-05,2.2183027267456055,85,2,False,False,False
EXP-T141,primary,3,101,0.0001,1.0000000000000002e-06,88,616,0.37527976291520254,0.3514699637889862,2.365267515182495,6.053797112014738e-05,2.2183027267456055,85,3,False,False,False
EXP-T141,primary,3,101,0.0001,1.0000000000000002e-06,89,623,0.27687289991549086,0.33342215418815613,2.2017366886138916,5.977537507199338e-05,2.2017366886138916,89,0,True,False,False
EXP-T141,primary,3,101,0.0001,1.0000000000000002e-06,90,630,0.3721874122108732,0.33726291358470917,2.2661499977111816,5.901049046383077e-05,2.2017366886138916,89,1,False,False,False
EXP-T141,primary,3,101,0.0001,1.0000000000000002e-06,91,637,0.3487885445356369,0.35136678814888,2.3620593547821045,5.8243506019491436e-05,2.2017366886138916,89,2,False,False,False
EXP-T141,primary,3,101,0.0001,1.0000000000000002e-06,92,644,0.3400933529649462,0.3386528491973877,2.252937078475952,5.7474610980910354e-05,2.2017366886138916,89,3,False,False,False
EXP-T141,primary,3,101,0.0001,1.0000000000000002e-06,93,651,0.28698056297642843,0.34265054762363434,2.29103422164917,5.6703995061433075e-05,2.2017366886138916,89,4,False,False,False
EXP-T141,primary,3,101,0.0001,1.0000000000000002e-06,94,658,0.3713438255446298,0.33723439276218414,2.223972797393799,5.5931848399006745e-05,2.2017366886138916,89,5,False,False,False
EXP-T141,primary,3,101,0.0001,1.0000000000000002e-06,95,665,0.29757883293288095,0.3534051328897476,2.3846280574798584,5.515836150926646e-05,2.2017366886138916,89,6,False,False,False
EXP-T141,primary,3,101,0.0001,1.0000000000000002e-06,96,672,0.3102001930986132,0.33959951996803284,2.2537577152252197,5.438372523852833e-05,2.2017366886138916,89,7,False,False,False
EXP-T141,primary,3,101,0.0001,1.0000000000000002e-06,97,679,0.29462205937930513,0.33811376988887787,2.2894439697265625,5.360813071670102e-05,2.2017366886138916,89,8,False,False,False
EXP-T141,primary,3,101,0.0001,1.0000000000000002e-06,98,686,0.2699816216315542,0.33323127031326294,2.2142322063446045,5.283176931012731e-05,2.2017366886138916,89,9,False,False,False
EXP-T141,primary,3,101,0.0001,1.0000000000000002e-06,99,693,0.37496387319905417,0.3472650945186615,2.3592562675476074,5.205483257436735e-05,2.2017366886138916,89,10,False,False,False
EXP-T141,primary,3,101,0.0001,1.0000000000000002e-06,100,700,0.32997423836163114,0.3439213037490845,2.336714267730713,5.127751220693513e-05,2.2017366886138916,89,11,False,False,False
EXP-T141,primary,3,101,0.0001,1.0000000000000002e-06,101,707,0.286379479936191,0.32981590926647186,2.2093920707702637,5.05e-05,2.2017366886138916,89,12,False,False,False
EXP-T141,primary,3,101,0.0001,1.0000000000000002e-06,102,714,0.3612107038497925,0.3293507695198059,2.213222026824951,4.972248779306489e-05,2.2017366886138916,89,13,False,False,False
EXP-T141,primary,3,101,0.0001,1.0000000000000002e-06,103,721,0.35868579362119946,0.35303114354610443,2.4127166271209717,4.894516742563265e-05,2.2017366886138916,89,14,False,False,False
EXP-T141,primary,3,101,0.0001,1.0000000000000002e-06,104,728,0.3115509194987161,0.33776451647281647,2.267131805419922,4.816823068987269e-05,2.2017366886138916,89,15,False,False,False
EXP-T141,primary,3,101,0.0001,1.0000000000000002e-06,105,735,0.2809045548949923,0.3642427325248718,2.497272491455078,4.739186928329899e-05,2.2017366886138916,89,16,False,False,False
EXP-T141,primary,3,101,0.0001,1.0000000000000002e-06,106,742,0.34029133192130495,0.33479784429073334,2.2573258876800537,4.661627476147168e-05,2.2017366886138916,89,17,False,False,False
EXP-T141,primary,3,101,0.0001,1.0000000000000002e-06,107,749,0.29131551725523813,0.33167876303195953,2.228470802307129,4.584163849073354e-05,2.2017366886138916,89,18,False,False,False
EXP-T141,primary,3,101,0.0001,1.0000000000000002e-06,108,756,0.2697134894718017,0.33449721336364746,2.2374374866485596,4.5068151600993264e-05,2.2017366886138916,89,19,False,False,False
EXP-T141,primary,3,101,0.0001,1.0000000000000002e-06,109,763,0.28570416995457243,0.3405095636844635,2.2923405170440674,4.429600493856695e-05,2.2017366886138916,89,20,False,False,False
EXP-T141,primary,3,101,0.0001,1.0000000000000002e-06,110,770,0.3516898325511387,0.3383439928293228,2.2556536197662354,4.352538901908967e-05,2.2017366886138916,89,21,False,False,False
EXP-T141,primary,3,101,0.0001,1.0000000000000002e-06,111,777,0.26723684157644,0.3573422133922577,2.4615166187286377,4.275649398050857e-05,2.2017366886138916,89,22,False,False,False
EXP-T141,primary,3,101,0.0001,1.0000000000000002e-06,112,784,0.24271015503576823,0.35164017975330353,2.4216973781585693,4.198950953616922e-05,2.2017366886138916,89,23,False,False,False
EXP-T141,primary,3,101,0.0001,1.0000000000000002e-06,113,791,0.22551785143358366,0.36335623264312744,2.511756181716919,4.122462492800663e-05,2.2017366886138916,89,24,False,False,False
EXP-T141,primary,3,101,0.0001,1.0000000000000002e-06,114,798,0.30235064029693604,0.3432396203279495,2.297954797744751,4.046202887985264e-05,2.2017366886138916,89,25,False,False,False
EXP-T141,primary,3,101,0.0001,1.0000000000000002e-06,115,805,0.35470034394945416,0.34648099541664124,2.3222813606262207,3.9701909550871155e-05,2.2017366886138916,89,26,False,False,False
EXP-T141,primary,3,101,0.0001,1.0000000000000002e-06,116,812,0.29523477809769766,0.3553537130355835,2.406395435333252,3.8944454489132674e-05,2.2017366886138916,89,27,False,False,False
EXP-T141,primary,3,101,0.0001,1.0000000000000002e-06,117,819,0.25779588520526886,0.34290142357349396,2.274482011795044,3.818985058533969e-05,2.2017366886138916,89,28,False,False,False
EXP-T141,primary,3,101,0.0001,1.0000000000000002e-06,118,826,0.26537359399454935,0.3508346378803253,2.365489959716797,3.7438284026714043e-05,2.2017366886138916,89,29,False,False,False
EXP-T141,primary,3,101,0.0001,1.0000000000000002e-06,119,833,0.2999911052840097,0.35040339827537537,2.3609933853149414,3.668994025105816e-05,2.2017366886138916,89,30,False,True,False
EXP-T141,primary,3,101,0.001,1e-05,1,7,0.4890145626018888,0.6324431002140045,3.780643939971924,0.001,3.780643939971924,1,0,True,False,False
EXP-T141,primary,3,101,0.001,1e-05,2,14,0.6753002320017133,0.757239043712616,4.338958024978638,0.000999938933078422,3.780643939971924,1,1,False,False,False
EXP-T141,primary,3,101,0.001,1e-05,3,21,0.7126497881753104,0.5855455994606018,3.5519869327545166,0.0009997557473810372,3.5519869327545166,3,0,True,False,False
EXP-T141,primary,3,101,0.001,1e-05,4,28,0.6579978338309697,0.4724165350198746,3.0134122371673584,0.0009994504881061753,3.0134122371673584,4,0,True,False,False
EXP-T141,primary,3,101,0.001,1e-05,5,35,0.6279242209025792,0.614436149597168,3.671715021133423,0.0009990232305719944,3.0134122371673584,4,1,False,False,False
EXP-T141,primary,3,101,0.001,1e-05,6,42,0.5648646908146995,0.7530049383640289,4.285463094711304,0.0009984740801978985,3.0134122371673584,4,2,False,False,False
EXP-T141,primary,3,101,0.001,1e-05,7,49,0.5487641266414097,0.5356911420822144,3.313847541809082,0.0009978031724785245,3.0134122371673584,4,3,False,False,False
EXP-T141,primary,3,101,0.001,1e-05,8,56,0.6116040093558175,0.49795326590538025,3.149432420730591,0.000997010672950314,3.0134122371673584,4,4,False,False,False
EXP-T141,primary,3,101,0.001,1e-05,9,63,0.5714821006570544,0.393192857503891,2.6059281826019287,0.0009960967771506667,2.6059281826019287,9,0,True,False,False
EXP-T141,primary,3,101,0.001,1e-05,10,70,0.49449661799839567,0.41674189269542694,2.7739760875701904,0.000995061710569696,2.6059281826019287,9,1,False,False,False
EXP-T141,primary,3,101,0.001,1e-05,11,77,0.7240817078522274,0.5820070505142212,3.56270694732666,0.0009939057285945933,2.6059281826019287,9,2,False,False,False
EXP-T141,primary,3,101,0.001,1e-05,12,84,0.48157091651644024,0.42516660690307617,2.8508989810943604,0.000992629116446613,2.6059281826019287,9,3,False,False,False
EXP-T141,primary,3,101,0.001,1e-05,13,91,0.4004857327256884,0.4075072109699249,2.6946310997009277,0.000991232189110701,2.6059281826019287,9,4,False,False,False
EXP-T141,primary,3,101,0.001,1e-05,14,98,0.6163660202707563,0.3495498150587082,2.3543550968170166,0.0009897152912577741,2.3543550968170166,14,0,True,False,False
EXP-T141,primary,3,101,0.001,1e-05,15,105,0.37249226136399166,0.4499565213918686,2.9513027667999268,0.00098807879715968,2.3543550968170166,14,1,False,False,False
EXP-T141,primary,3,101,0.001,1e-05,16,112,0.6562855626855578,0.464106023311615,2.9718902111053467,0.00098632311059685,2.3543550968170166,14,2,False,False,False
EXP-T141,primary,3,101,0.001,1e-05,17,119,0.4530243535659143,0.3293806165456772,2.3826541900634766,0.0009844486647586723,2.3543550968170166,14,3,False,False,False
EXP-T141,primary,3,101,0.001,1e-05,18,126,0.3716099060007504,0.3694532811641693,2.5388152599334717,0.00098245592213661,2.3543550968170166,14,4,False,False,False
EXP-T141,primary,3,101,0.001,1e-05,19,133,0.483673449073519,0.3650113046169281,2.5160040855407715,0.0009803453744100868,2.3543550968170166,14,5,False,False,False
EXP-T141,primary,3,101,0.001,1e-05,20,140,0.34879873054368155,0.3557034879922867,2.4233044385910034,0.0009781175423251734,2.3543550968170166,14,6,False,False,False
EXP-T141,primary,3,101,0.001,1e-05,21,147,0.35747204082352774,0.3658980131149292,2.456672191619873,0.0009757729755661011,2.3543550968170166,14,7,False,False,False
EXP-T141,primary,3,101,0.001,1e-05,22,154,0.33900511264801025,0.399915486574173,2.6710221767425537,0.0009733122526196349,2.3543550968170166,14,8,False,False,False
EXP-T141,primary,3,101,0.001,1e-05,23,161,0.3092324307986668,0.4147496223449707,2.7182952165603638,0.0009707359806323416,2.3543550968170166,14,9,False,False,False
EXP-T141,primary,3,101,0.001,1e-05,24,168,0.29020683680261883,0.6156724393367767,3.7017457485198975,0.0009680447952607845,2.3543550968170166,14,10,False,False,False
EXP-T141,primary,3,101,0.001,1e-05,25,175,0.3239927100283759,0.39742399752140045,2.6675498485565186,0.0009652393605146844,2.3543550968170166,14,11,False,False,False
EXP-T141,primary,3,101,0.001,1e-05,26,182,0.2499299355050815,0.4843054413795471,3.047723650932312,0.000962320368593087,2.3543550968170166,14,12,False,False,False
EXP-T141,primary,3,101,0.001,1e-05,27,189,0.38416519335338045,0.36779119074344635,2.531085729598999,0.0009592885397135706,2.3543550968170166,14,13,False,False,False
EXP-T141,primary,3,101,0.001,1e-05,28,196,0.3094774591071265,0.5032257735729218,3.0460855960845947,0.0009561446219345453,2.3543550968170166,14,14,False,False,False
EXP-T141,primary,3,101,0.001,1e-05,29,203,0.32386529445648193,0.4112784117460251,2.730857729911804,0.0009528893909706797,2.3543550968170166,14,15,False,False,False
EXP-T141,primary,3,101,0.001,1e-05,30,210,0.30878107036863056,0.4081585258245468,2.728027105331421,0.0009495236500015047,2.3543550968170166,14,16,False,False,False
EXP-T141,primary,3,101,0.001,1e-05,31,217,0.24077389442494937,0.3985386788845062,2.6298367977142334,0.0009460482294732421,2.3543550968170166,14,17,False,False,False
EXP-T141,primary,3,101,0.001,1e-05,32,224,0.2008610511464732,0.43532319366931915,2.8587088584899902,0.0009424639868939033,2.3543550968170166,14,18,False,False,False
EXP-T141,primary,3,101,0.001,1e-05,33,231,0.20087065813796862,0.41836193203926086,2.7180808782577515,0.0009387718066217125,2.3543550968170166,14,19,False,False,False
EXP-T141,primary,3,101,0.001,1e-05,34,238,0.24803508392402104,0.42883744835853577,2.850714683532715,0.0009349725996469047,2.3543550968170166,14,20,False,False,False
EXP-T141,primary,3,101,0.001,1e-05,35,245,0.24001829964773996,0.49412769079208374,3.1273295879364014,0.0009310673033669522,2.3543550968170166,14,21,False,False,False
EXP-T141,primary,3,101,0.001,1e-05,36,252,0.27280121190207346,0.5208787620067596,3.2108418941497803,0.0009270568813552756,2.3543550968170166,14,22,False,False,False
EXP-T141,primary,3,101,0.001,1e-05,37,259,0.25621175127370016,0.550995945930481,3.3032312393188477,0.0009229423231234975,2.3543550968170166,14,23,False,False,False
EXP-T141,primary,3,101,0.001,1e-05,38,266,0.20720031697835242,0.42671869695186615,2.882601499557495,0.0009187246438772938,2.3543550968170166,14,24,False,False,False
EXP-T141,primary,3,101,0.001,1e-05,39,273,0.16069899712290084,0.4389045536518097,2.9026360511779785,0.0009144048842659081,2.3543550968170166,14,25,False,False,False
EXP-T141,primary,3,101,0.001,1e-05,40,280,0.15771700335400446,0.4053962230682373,2.7562215328216553,0.0009099841101253866,2.3543550968170166,14,26,False,False,False
EXP-T141,primary,3,101,0.001,1e-05,41,287,0.2336668318935803,0.38479025661945343,2.5757362842559814,0.000905463412215599,2.3543550968170166,14,27,False,False,False
EXP-T141,primary,3,101,0.001,1e-05,42,294,0.17546418202774866,0.409654900431633,2.6923556327819824,0.0009008439059511099,2.3543550968170166,14,28,False,False,False
EXP-T141,primary,3,101,0.001,1e-05,43,301,0.16457649639674596,0.4619515985250473,2.9506289958953857,0.0008961267311259666,2.3543550968170166,14,29,False,False,False
EXP-T141,primary,3,101,0.001,1e-05,44,308,0.17613040868725097,0.3874821811914444,2.5992337465286255,0.0008913130516324732,2.3543550968170166,14,30,False,True,False
EXP-T141,primary,3,101,0.01,0.0001,1,7,2.7625808204923357,2.0473473072052,10.097623229026794,0.01,10.097623229026794,1,0,True,False,False
EXP-T141,primary,3,101,0.01,0.0001,2,14,5.70287412405014,1.7050879001617432,8.601295709609985,0.00999938933078422,8.601295709609985,2,0,True,False,False
EXP-T141,primary,3,101,0.01,0.0001,3,21,1.9375299555914742,2.4776111841201782,12.00156831741333,0.009997557473810372,8.601295709609985,2,1,False,False,False
EXP-T141,primary,3,101,0.01,0.0001,4,28,1.3119333216122218,0.5590915977954865,3.416065216064453,0.009994504881061753,3.416065216064453,4,0,True,False,False
EXP-T141,primary,3,101,0.01,0.0001,5,35,1.8221454279763358,2.8689231872558594,13.718400716781616,0.009990232305719944,3.416065216064453,4,1,False,False,False
EXP-T141,primary,3,101,0.01,0.0001,6,42,2.9444386618477956,2.093234062194824,10.316554307937622,0.009984740801978984,3.416065216064453,4,2,False,False,False
EXP-T141,primary,3,101,0.01,0.0001,7,49,1.5106949635914393,0.5169679522514343,3.2021358013153076,0.009978031724785246,3.2021358013153076,7,0,True,False,False
EXP-T141,primary,3,101,0.01,0.0001,8,56,1.0239369528634208,1.6197010278701782,8.243933916091919,0.00997010672950314,3.2021358013153076,7,1,False,False,False
EXP-T141,primary,3,101,0.01,0.0001,9,63,0.8692372441291809,0.540466845035553,3.3045244216918945,0.009960967771506667,3.2021358013153076,7,2,False,False,False
EXP-T141,primary,3,101,0.01,0.0001,10,70,1.3323226954255785,0.8685329854488373,4.8236918449401855,0.00995061710569696,3.2021358013153076,7,3,False,False,False
EXP-T141,primary,3,101,0.01,0.0001,11,77,1.0603909407343184,0.6719257235527039,3.9471514225006104,0.009939057285945933,3.2021358013153076,7,4,False,False,False
EXP-T141,primary,3,101,0.01,0.0001,12,84,0.5562129020690918,0.5237435102462769,3.222184181213379,0.00992629116446613,3.2021358013153076,7,5,False,False,False
EXP-T141,primary,3,101,0.01,0.0001,13,91,0.5853520376341683,0.5231163203716278,3.2189931869506836,0.00991232189110701,3.2021358013153076,7,6,False,False,False
EXP-T141,primary,3,101,0.01,0.0001,14,98,0.6196270627634866,0.52327661216259,3.2198681831359863,0.00989715291257774,3.2021358013153076,7,7,False,False,False
EXP-T141,primary,3,101,0.01,0.0001,15,105,0.5315554780619485,0.5253811031579971,3.22867488861084,0.0098807879715968,3.2021358013153076,7,8,False,False,False
EXP-T141,primary,3,101,0.01,0.0001,16,112,6.070307842322758,0.5258761644363403,3.2303290367126465,0.0098632311059685,3.2021358013153076,7,9,False,False,False
EXP-T141,primary,3,101,0.01,0.0001,17,119,0.8956399219376701,0.5244187116622925,3.2250983715057373,0.009844486647586723,3.2021358013153076,7,10,False,False,False
EXP-T141,primary,3,101,0.01,0.0001,18,126,0.5016110268022332,0.5245126485824585,3.225472927093506,0.0098245592213661,3.2021358013153076,7,11,False,False,False
EXP-T141,primary,3,101,0.01,0.0001,19,133,0.6585961409977504,0.5242056548595428,3.2242231369018555,0.009803453744100868,3.2021358013153076,7,12,False,False,False
EXP-T141,primary,3,101,0.01,0.0001,20,140,0.6570600696972438,0.5232708603143692,3.2198376655578613,0.009781175423251734,3.2021358013153076,7,13,False,False,False
EXP-T141,primary,3,101,0.01,0.0001,21,147,1.0973773428371973,0.5243475437164307,3.2248101234436035,0.009757729755661011,3.2021358013153076,7,14,False,False,False
EXP-T141,primary,3,101,0.01,0.0001,22,154,0.5730834901332855,0.5276746153831482,3.236884117126465,0.009733122526196349,3.2021358013153076,7,15,False,False,False
EXP-T141,primary,3,101,0.01,0.0001,23,161,0.6154559297221047,0.5307880640029907,3.251953125,0.009707359806323416,3.2021358013153076,7,16,False,False,False
EXP-T141,primary,3,101,0.01,0.0001,24,168,0.6255547830036708,0.5306030213832855,3.2511377334594727,0.009680447952607845,3.2021358013153076,7,17,False,False,False
EXP-T141,primary,3,101,0.01,0.0001,25,175,0.6228978974478585,0.5278303921222687,3.2377214431762695,0.009652393605146845,3.2021358013153076,7,18,False,False,False
EXP-T141,primary,3,101,0.01,0.0001,26,182,0.5253524929285049,0.5259869396686554,3.230685234069824,0.00962320368593087,3.2021358013153076,7,19,False,False,False
EXP-T141,primary,3,101,0.01,0.0001,27,189,0.501457793372018,0.5245073139667511,3.225451946258545,0.009592885397135707,3.2021358013153076,7,20,False,False,False
EXP-T141,primary,3,101,0.01,0.0001,28,196,0.503533525126321,0.5237276554107666,3.2221102714538574,0.009561446219345454,3.2021358013153076,7,21,False,False,False
EXP-T141,primary,3,101,0.01,0.0001,29,203,0.5791171704019819,0.5242544561624527,3.224426746368408,0.009528893909706798,3.2021358013153076,7,22,False,False,False
EXP-T141,primary,3,101,0.01,0.0001,30,210,0.5386006619249072,0.5248217582702637,3.226663589477539,0.009495236500015047,3.2021358013153076,7,23,False,False,False
EXP-T141,primary,3,101,0.01,0.0001,31,217,0.57552940930639,0.5255893170833588,3.2293834686279297,0.00946048229473242,3.2021358013153076,7,24,False,False,False
EXP-T141,primary,3,101,0.01,0.0001,32,224,0.4985683360802276,0.5259559452533722,3.230586528778076,0.009424639868939034,3.2021358013153076,7,25,False,False,False
EXP-T141,primary,3,101,0.01,0.0001,33,231,0.4981113440756287,0.5269694030284882,3.2336626052856445,0.009387718066217124,3.2021358013153076,7,26,False,False,False
EXP-T141,primary,3,101,0.01,0.0001,34,238,0.5587505315031324,0.5272277891635895,3.2344207763671875,0.009349725996469048,3.2021358013153076,7,27,False,False,False
EXP-T141,primary,3,101,0.01,0.0001,35,245,0.6271669268608093,0.5283900648355484,3.2406435012817383,0.00931067303366952,3.2021358013153076,7,28,False,False,False
EXP-T141,primary,3,101,0.01,0.0001,36,252,0.6701107621192932,0.5299737751483917,3.248302459716797,0.009270568813552756,3.2021358013153076,7,29,False,False,False
EXP-T141,primary,3,101,0.01,0.0001,37,259,0.5867476676191602,0.5312140882015228,3.2537975311279297,0.009229423231234974,3.2021358013153076,7,30,False,True,False
EXP-T141,primary,4,101,1e-05,1.0000000000000001e-07,1,7,0.5943987114088876,0.5133519470691681,3.4672963619232178,1e-05,3.4672963619232178,1,0,True,False,False
EXP-T141,primary,4,101,1e-05,1.0000000000000001e-07,2,14,0.5402540649686541,0.5103890895843506,3.437739849090576,9.99938933078422e-06,3.437739849090576,2,0,True,False,False
EXP-T141,primary,4,101,1e-05,1.0000000000000001e-07,3,21,0.5644934560571399,0.5085857808589935,3.412480592727661,9.997557473810373e-06,3.412480592727661,3,0,True,False,False
EXP-T141,primary,4,101,1e-05,1.0000000000000001e-07,4,28,0.5557374017579215,0.5079319775104523,3.399915933609009,9.994504881061752e-06,3.399915933609009,4,0,True,False,False
EXP-T141,primary,4,101,1e-05,1.0000000000000001e-07,5,35,0.5486315488815308,0.5076922178268433,3.394760847091675,9.990232305719944e-06,3.394760847091675,5,0,True,False,False
EXP-T141,primary,4,101,1e-05,1.0000000000000001e-07,6,42,0.4975273183413914,0.5073529481887817,3.386192560195923,9.984740801978984e-06,3.386192560195923,6,0,True,False,False
EXP-T141,primary,4,101,1e-05,1.0000000000000001e-07,7,49,0.4932269368852888,0.507318377494812,3.386700391769409,9.978031724785247e-06,3.386192560195923,6,1,False,False,False
EXP-T141,primary,4,101,1e-05,1.0000000000000001e-07,8,56,0.5756139414651054,0.50722935795784,3.385432004928589,9.97010672950314e-06,3.385432004928589,8,0,True,False,False
EXP-T141,primary,4,101,1e-05,1.0000000000000001e-07,9,63,0.6551514778818402,0.5072436630725861,3.3866896629333496,9.960967771506666e-06,3.385432004928589,8,1,False,False,False
EXP-T141,primary,4,101,1e-05,1.0000000000000001e-07,10,70,0.4811364875308105,0.5070707201957703,3.3816373348236084,9.950617105696961e-06,3.3816373348236084,10,0,True,False,False
EXP-T141,primary,4,101,1e-05,1.0000000000000001e-07,11,77,0.5137035889284951,0.5070518255233765,3.381571054458618,9.939057285945933e-06,3.381571054458618,11,0,True,False,False
EXP-T141,primary,4,101,1e-05,1.0000000000000001e-07,12,84,0.6217922738620213,0.5068393051624298,3.3746275901794434,9.926291164466131e-06,3.3746275901794434,12,0,True,False,False
EXP-T141,primary,4,101,1e-05,1.0000000000000001e-07,13,91,0.5846140746559415,0.5066700875759125,3.3725438117980957,9.91232189110701e-06,3.3725438117980957,13,0,True,False,False
EXP-T141,primary,4,101,1e-05,1.0000000000000001e-07,14,98,0.5084657945803234,0.5065707266330719,3.3715312480926514,9.897152912577742e-06,3.3715312480926514,14,0,True,False,False
EXP-T141,primary,4,101,1e-05,1.0000000000000001e-07,15,105,0.500677302479744,0.5065376162528992,3.3716559410095215,9.8807879715968e-06,3.3715312480926514,14,1,False,False,False
EXP-T141,primary,4,101,1e-05,1.0000000000000001e-07,16,112,0.519945285149983,0.5064201354980469,3.3695106506347656,9.8632311059685e-06,3.3695106506347656,16,0,True,False,False
EXP-T141,primary,4,101,1e-05,1.0000000000000001e-07,17,119,0.5087386050394603,0.5063363909721375,3.3685996532440186,9.844486647586724e-06,3.3685996532440186,17,0,True,False,False
EXP-T141,primary,4,101,1e-05,1.0000000000000001e-07,18,126,0.4973347761801311,0.5062768459320068,3.3679630756378174,9.824559221366101e-06,3.3679630756378174,18,0,True,False,False
EXP-T141,primary,4,101,1e-05,1.0000000000000001e-07,19,133,0.5043172751154218,0.5063289999961853,3.370871067047119,9.803453744100868e-06,3.3679630756378174,18,1,False,False,False
EXP-T141,primary,4,101,1e-05,1.0000000000000001e-07,20,140,0.47118983095112654,0.5062923729419708,3.370769739151001,9.781175423251734e-06,3.3679630756378174,18,2,False,False,False
EXP-T141,primary,4,101,1e-05,1.0000000000000001e-07,21,147,0.6546680075781686,0.5062268972396851,3.369562864303589,9.757729755661012e-06,3.3679630756378174,18,3,False,False,False
EXP-T141,primary,4,101,1e-05,1.0000000000000001e-07,22,154,0.5733174809387752,0.5061571300029755,3.3676092624664307,9.73312252619635e-06,3.3676092624664307,22,0,True,False,False
EXP-T141,primary,4,101,1e-05,1.0000000000000001e-07,23,161,0.5493925341538021,0.5062160491943359,3.3701534271240234,9.707359806323418e-06,3.3676092624664307,22,1,False,False,False
EXP-T141,primary,4,101,1e-05,1.0000000000000001e-07,24,168,0.5150870893682752,0.5062662661075592,3.371910333633423,9.680447952607845e-06,3.3676092624664307,22,2,False,False,False
EXP-T141,primary,4,101,1e-05,1.0000000000000001e-07,25,175,0.535701300416674,0.5063349306583405,3.3732874393463135,9.652393605146845e-06,3.3676092624664307,22,3,False,False,False
EXP-T141,primary,4,101,1e-05,1.0000000000000001e-07,26,182,0.5900780558586121,0.5065721273422241,3.379917621612549,9.62320368593087e-06,3.3676092624664307,22,4,False,False,False
EXP-T141,primary,4,101,1e-05,1.0000000000000001e-07,27,189,0.5763042313711983,0.5065730214118958,3.3799374103546143,9.592885397135707e-06,3.3676092624664307,22,5,False,False,False
EXP-T141,primary,4,101,1e-05,1.0000000000000001e-07,28,196,0.5205093196460179,0.5066982209682465,3.383955717086792,9.561446219345455e-06,3.3676092624664307,22,6,False,False,False
EXP-T141,primary,4,101,1e-05,1.0000000000000001e-07,29,203,0.5401285461017064,0.5067509412765503,3.385493755340576,9.528893909706798e-06,3.3676092624664307,22,7,False,False,False
EXP-T141,primary,4,101,1e-05,1.0000000000000001e-07,30,210,0.5328147453921181,0.5066208243370056,3.381875991821289,9.495236500015048e-06,3.3676092624664307,22,8,False,False,False
EXP-T141,primary,4,101,1e-05,1.0000000000000001e-07,31,217,0.4878644363156387,0.5064174234867096,3.3757970333099365,9.460482294732422e-06,3.3676092624664307,22,9,False,False,False
EXP-T141,primary,4,101,1e-05,1.0000000000000001e-07,32,224,0.6136024615594319,0.5062022507190704,3.3724892139434814,9.424639868939035e-06,3.3676092624664307,22,10,False,False,False
EXP-T141,primary,4,101,1e-05,1.0000000000000001e-07,33,231,0.4923926591873169,0.506085216999054,3.369431734085083,9.387718066217125e-06,3.3676092624664307,22,11,False,False,False
EXP-T141,primary,4,101,1e-05,1.0000000000000001e-07,34,238,0.5469025458608355,0.5060341954231262,3.3689074516296387,9.349725996469047e-06,3.3676092624664307,22,12,False,False,False
EXP-T141,primary,4,101,1e-05,1.0000000000000001e-07,35,245,0.5443687524114337,0.5059800148010254,3.36578631401062,9.310673033669522e-06,3.36578631401062,35,0,True,False,False
EXP-T141,primary,4,101,1e-05,1.0000000000000001e-07,36,252,0.6066934806959969,0.5059333741664886,3.365715265274048,9.270568813552757e-06,3.365715265274048,36,0,True,False,False
EXP-T141,primary,4,101,1e-05,1.0000000000000001e-07,37,259,0.5502746743815286,0.5058986246585846,3.3655858039855957,9.229423231234975e-06,3.3655858039855957,37,0,True,False,False
EXP-T141,primary,4,101,1e-05,1.0000000000000001e-07,38,266,0.5413785576820374,0.5058697164058685,3.3667070865631104,9.18724643877294e-06,3.3655858039855957,37,1,False,False,False
EXP-T141,primary,4,101,1e-05,1.0000000000000001e-07,39,273,0.626520071710859,0.50588658452034,3.368727922439575,9.144048842659081e-06,3.3655858039855957,37,2,False,False,False
EXP-T141,primary,4,101,1e-05,1.0000000000000001e-07,40,280,0.49167043077094214,0.505934476852417,3.3699769973754883,9.099841101253867e-06,3.3655858039855957,37,3,False,False,False
EXP-T141,primary,4,101,1e-05,1.0000000000000001e-07,41,287,0.6233886522906167,0.5059309005737305,3.3688416481018066,9.054634122155991e-06,3.3655858039855957,37,4,False,False,False
EXP-T141,primary,4,101,1e-05,1.0000000000000001e-07,42,294,0.5118308918816703,0.5059288740158081,3.369417428970337,9.0084390595111e-06,3.3655858039855957,37,5,False,False,False
EXP-T141,primary,4,101,1e-05,1.0000000000000001e-07,43,301,0.6160294924463544,0.5059196949005127,3.3700785636901855,8.961267311259668e-06,3.3655858039855957,37,6,False,False,False
EXP-T141,primary,4,101,1e-05,1.0000000000000001e-07,44,308,0.5192730852535793,0.5059204995632172,3.3705523014068604,8.913130516324733e-06,3.3655858039855957,37,7,False,False,False
EXP-T141,primary,4,101,1e-05,1.0000000000000001e-07,45,315,0.47967460857970373,0.50590580701828,3.3709452152252197,8.864040551740158e-06,3.3655858039855957,37,8,False,False,False
EXP-T141,primary,4,101,1e-05,1.0000000000000001e-07,46,322,0.5275089527879443,0.5058581233024597,3.369209051132202,8.814009529720155e-06,3.3655858039855957,37,9,False,False,False
EXP-T141,primary,4,101,1e-05,1.0000000000000001e-07,47,329,0.5404352503163474,0.5058139562606812,3.368565082550049,8.763049794670776e-06,3.3655858039855957,37,10,False,False,False
EXP-T141,primary,4,101,1e-05,1.0000000000000001e-07,48,336,0.5748125101838794,0.5058214068412781,3.366729259490967,8.711173920144118e-06,3.3655858039855957,37,11,False,False,False
EXP-T141,primary,4,101,1e-05,1.0000000000000001e-07,49,343,0.5390258346285138,0.5058229565620422,3.367260456085205,8.658394705735988e-06,3.3655858039855957,37,12,False,False,False
EXP-T141,primary,4,101,1e-05,1.0000000000000001e-07,50,350,0.5319900129522596,0.5058248937129974,3.3694894313812256,8.604725173927786e-06,3.3655858039855957,37,13,False,False,False
EXP-T141,primary,4,101,1e-05,1.0000000000000001e-07,51,357,0.5981815883091518,0.5058346688747406,3.3709945678710938,8.550178566873412e-06,3.3655858039855957,37,14,False,False,False
EXP-T141,primary,4,101,1e-05,1.0000000000000001e-07,52,364,0.47452181790556225,0.5058753788471222,3.3731369972229004,8.494768343131955e-06,3.3655858039855957,37,15,False,False,False
EXP-T141,primary,4,101,1e-05,1.0000000000000001e-07,53,371,0.6151538108076368,0.5058835446834564,3.3738458156585693,8.43850817434701e-06,3.3655858039855957,37,16,False,False,False
EXP-T141,primary,4,101,1e-05,1.0000000000000001e-07,54,378,0.5134714203221458,0.5058611929416656,3.373478889465332,8.381411941873379e-06,3.3655858039855957,37,17,False,False,False
EXP-T141,primary,4,101,1e-05,1.0000000000000001e-07,55,385,0.49838208513600485,0.5057739317417145,3.371939182281494,8.323493733352078e-06,3.3655858039855957,37,18,False,False,False
EXP-T141,primary,4,101,1e-05,1.0000000000000001e-07,56,392,0.6317096948623657,0.5057077705860138,3.370507001876831,8.26476783923441e-06,3.3655858039855957,37,19,False,False,False
EXP-T141,primary,4,101,1e-05,1.0000000000000001e-07,57,399,0.502005044903074,0.5056898593902588,3.3699610233306885,8.205248749256014e-06,3.3655858039855957,37,20,False,False,False
EXP-T141,primary,4,101,1e-05,1.0000000000000001e-07,58,406,0.6629694615091596,0.5056715905666351,3.3710100650787354,8.144951148861743e-06,3.3655858039855957,37,21,False,False,False
EXP-T141,primary,4,101,1e-05,1.0000000000000001e-07,59,413,0.6556176032338824,0.5056325793266296,3.369872808456421,8.083889915582235e-06,3.3655858039855957,37,22,False,False,False
EXP-T141,primary,4,101,1e-05,1.0000000000000001e-07,60,420,0.5140811077186039,0.505609929561615,3.371176242828369,8.022080115363127e-06,3.3655858039855957,37,23,False,False,False
EXP-T141,primary,4,101,1e-05,1.0000000000000001e-07,61,427,0.613792210817337,0.5055971741676331,3.371575355529785,7.959536998847744e-06,3.3655858039855957,37,24,False,False,False
EXP-T141,primary,4,101,1e-05,1.0000000000000001e-07,62,434,0.5682214328220913,0.5055366456508636,3.371122360229492,7.89627599761423e-06,3.3655858039855957,37,25,False,False,False
EXP-T141,primary,4,101,1e-05,1.0000000000000001e-07,63,441,0.5188270679541996,0.5055267214775085,3.3716182708740234,7.832312720368048e-06,3.3655858039855957,37,26,False,False,False
EXP-T141,primary,4,101,1e-05,1.0000000000000001e-07,64,448,0.6337055819375175,0.5055477917194366,3.3730030059814453,7.767662949090754e-06,3.3655858039855957,37,27,False,False,False
EXP-T141,primary,4,101,1e-05,1.0000000000000001e-07,65,455,0.5883192888328007,0.5056930482387543,3.376020908355713,7.702342635146033e-06,3.3655858039855957,37,28,False,False,False
EXP-T141,primary,4,101,1e-05,1.0000000000000001e-07,66,462,0.48930298749889645,0.5057040750980377,3.3761935234069824,7.636367895343947e-06,3.3655858039855957,37,29,False,False,False
EXP-T141,primary,4,101,1e-05,1.0000000000000001e-07,67,469,0.5511264204978943,0.5059536099433899,3.37923526763916,7.5697550079643376e-06,3.3655858039855957,37,30,False,True,False
EXP-T141,primary,4,101,0.0001,1.0000000000000002e-06,1,7,0.6035631128719875,0.5063379108905792,3.3570048809051514,0.0001,3.3570048809051514,1,0,True,False,False
EXP-T141,primary,4,101,0.0001,1.0000000000000002e-06,2,14,0.5196191413061959,0.5062684714794159,3.354705810546875,9.99938933078422e-05,3.354705810546875,2,0,True,False,False
EXP-T141,primary,4,101,0.0001,1.0000000000000002e-06,3,21,0.5442181250878743,0.505614161491394,3.357866048812866,9.997557473810373e-05,3.354705810546875,2,1,False,False,False
EXP-T141,primary,4,101,0.0001,1.0000000000000002e-06,4,28,0.5481655427387783,0.5052110254764557,3.3656582832336426,9.994504881061753e-05,3.354705810546875,2,2,False,False,False
EXP-T141,primary,4,101,0.0001,1.0000000000000002e-06,5,35,0.539470876966204,0.505420595407486,3.3734121322631836,9.990232305719945e-05,3.354705810546875,2,3,False,False,False
EXP-T141,primary,4,101,0.0001,1.0000000000000002e-06,6,42,0.4965291896036693,0.5055838823318481,3.3640706539154053,9.984740801978984e-05,3.354705810546875,2,4,False,False,False
EXP-T141,primary,4,101,0.0001,1.0000000000000002e-06,7,49,0.49451215990952085,0.5060946643352509,3.386627674102783,9.978031724785247e-05,3.354705810546875,2,5,False,False,False
EXP-T141,primary,4,101,0.0001,1.0000000000000002e-06,8,56,0.5410104266234806,0.5099941343069077,3.44364070892334,9.97010672950314e-05,3.354705810546875,2,6,False,False,False
EXP-T141,primary,4,101,0.0001,1.0000000000000002e-06,9,63,0.6736135695661817,0.509738028049469,3.433936834335327,9.960967771506667e-05,3.354705810546875,2,7,False,False,False
EXP-T141,primary,4,101,0.0001,1.0000000000000002e-06,10,70,0.4735301871384893,0.5073431879281998,3.3804736137390137,9.95061710569696e-05,3.354705810546875,2,8,False,False,False
EXP-T141,primary,4,101,0.0001,1.0000000000000002e-06,11,77,0.49115496235234396,0.5081992447376251,3.3978946208953857,9.939057285945933e-05,3.354705810546875,2,9,False,False,False
EXP-T141,primary,4,101,0.0001,1.0000000000000002e-06,12,84,0.6202657733644757,0.5089699029922485,3.3931031227111816,9.926291164466132e-05,3.354705810546875,2,10,False,False,False
EXP-T141,primary,4,101,0.0001,1.0000000000000002e-06,13,91,0.5509216231959206,0.5098172724246979,3.405773639678955,9.91232189110701e-05,3.354705810546875,2,11,False,False,False
EXP-T141,primary,4,101,0.0001,1.0000000000000002e-06,14,98,0.4952081186430795,0.5105579644441605,3.4130566120147705,9.897152912577741e-05,3.354705810546875,2,12,False,False,False
EXP-T141,primary,4,101,0.0001,1.0000000000000002e-06,15,105,0.480167812534741,0.5133439600467682,3.4311532974243164,9.8807879715968e-05,3.354705810546875,2,13,False,False,False
EXP-T141,primary,4,101,0.0001,1.0000000000000002e-06,16,112,0.5341448145253318,0.5135984569787979,3.4184160232543945,9.8632311059685e-05,3.354705810546875,2,14,False,False,False
EXP-T141,primary,4,101,0.0001,1.0000000000000002e-06,17,119,0.4666470837380205,0.5124391615390778,3.413749933242798,9.844486647586725e-05,3.354705810546875,2,15,False,False,False
EXP-T141,primary,4,101,0.0001,1.0000000000000002e-06,18,126,0.46507886052131653,0.5135670006275177,3.4085285663604736,9.824559221366101e-05,3.354705810546875,2,16,False,False,False
EXP-T141,primary,4,101,0.0001,1.0000000000000002e-06,19,133,0.5051963712487902,0.5168045610189438,3.4509620666503906,9.803453744100869e-05,3.354705810546875,2,17,False,False,False
EXP-T141,primary,4,101,0.0001,1.0000000000000002e-06,20,140,0.4722946562937328,0.510035902261734,3.3957035541534424,9.781175423251735e-05,3.354705810546875,2,18,False,False,False
EXP-T141,primary,4,101,0.0001,1.0000000000000002e-06,21,147,0.6312265353543418,0.5079376995563507,3.365004539489746,9.757729755661011e-05,3.354705810546875,2,19,False,False,False
EXP-T141,primary,4,101,0.0001,1.0000000000000002e-06,22,154,0.49914277877126423,0.505414679646492,3.366036891937256,9.73312252619635e-05,3.354705810546875,2,20,False,False,False
EXP-T141,primary,4,101,0.0001,1.0000000000000002e-06,23,161,0.5221879652568272,0.5269272029399872,3.52797532081604,9.707359806323417e-05,3.354705810546875,2,21,False,False,False
EXP-T141,primary,4,101,0.0001,1.0000000000000002e-06,24,168,0.46605584025382996,0.5112394839525223,3.375044345855713,9.680447952607845e-05,3.354705810546875,2,22,False,False,False
EXP-T141,primary,4,101,0.0001,1.0000000000000002e-06,25,175,0.4601380399295262,0.5084995627403259,3.355142593383789,9.652393605146844e-05,3.354705810546875,2,23,False,False,False
EXP-T141,primary,4,101,0.0001,1.0000000000000002e-06,26,182,0.5535577748503003,0.5125352442264557,3.4058568477630615,9.623203685930869e-05,3.354705810546875,2,24,False,False,False
EXP-T141,primary,4,101,0.0001,1.0000000000000002e-06,27,189,0.5470419228076935,0.5055178850889206,3.33827805519104,9.592885397135707e-05,3.33827805519104,27,0,True,False,False
EXP-T141,primary,4,101,0.0001,1.0000000000000002e-06,28,196,0.4430411159992218,0.5079293996095657,3.3550033569335938,9.561446219345454e-05,3.33827805519104,27,1,False,False,False
EXP-T141,primary,4,101,0.0001,1.0000000000000002e-06,29,203,0.4358790729727064,0.51057168841362,3.369204044342041,9.528893909706797e-05,3.33827805519104,27,2,False,False,False
EXP-T141,primary,4,101,0.0001,1.0000000000000002e-06,30,210,0.443371872816767,0.5083165913820267,3.369734287261963,9.495236500015047e-05,3.33827805519104,27,3,False,False,False
EXP-T141,primary,4,101,0.0001,1.0000000000000002e-06,31,217,0.4021214382456882,0.5094514787197113,3.3777778148651123,9.460482294732421e-05,3.33827805519104,27,4,False,False,False
EXP-T141,primary,4,101,0.0001,1.0000000000000002e-06,32,224,0.5498065522738865,0.5115744769573212,3.405951976776123,9.424639868939033e-05,3.33827805519104,27,5,False,False,False
EXP-T141,primary,4,101,0.0001,1.0000000000000002e-06,33,231,0.45761691672461374,0.5043790489435196,3.379573106765747,9.387718066217124e-05,3.33827805519104,27,6,False,False,False
EXP-T141,primary,4,101,0.0001,1.0000000000000002e-06,34,238,0.45144207562719074,0.499979168176651,3.3622055053710938,9.349725996469047e-05,3.33827805519104,27,7,False,False,False
EXP-T141,primary,4,101,0.0001,1.0000000000000002e-06,35,245,0.4459759167262486,0.5050715208053589,3.408299446105957,9.310673033669521e-05,3.33827805519104,27,8,False,False,False
EXP-T141,primary,4,101,0.0001,1.0000000000000002e-06,36,252,0.5471754840442112,0.49044349789619446,3.3350608348846436,9.270568813552756e-05,3.3350608348846436,36,0,True,False,False
EXP-T141,primary,4,101,0.0001,1.0000000000000002e-06,37,259,0.37934710085392,0.4853518307209015,3.327212333679199,9.229423231234974e-05,3.327212333679199,37,0,True,False,False
EXP-T141,primary,4,101,0.0001,1.0000000000000002e-06,38,266,0.3988088901553835,0.4831513315439224,3.328164577484131,9.187246438772939e-05,3.327212333679199,37,1,False,False,False
EXP-T141,primary,4,101,0.0001,1.0000000000000002e-06,39,273,0.5151711744921548,0.4837229549884796,3.327660322189331,9.14404884265908e-05,3.327212333679199,37,2,False,False,False
EXP-T141,primary,4,101,0.0001,1.0000000000000002e-06,40,280,0.40166254554476055,0.4822082966566086,3.3158881664276123,9.099841101253866e-05,3.3158881664276123,40,0,True,False,False
EXP-T141,primary,4,101,0.0001,1.0000000000000002e-06,41,287,0.47027409289564404,0.4764541983604431,3.2916784286499023,9.05463412215599e-05,3.2916784286499023,41,0,True,False,False
EXP-T141,primary,4,101,0.0001,1.0000000000000002e-06,42,294,0.37786904935325893,0.4768298268318176,3.284369468688965,9.0084390595111e-05,3.284369468688965,42,0,True,False,False
EXP-T141,primary,4,101,0.0001,1.0000000000000002e-06,43,301,0.48867346559252056,0.47395986318588257,3.2719638347625732,8.961267311259666e-05,3.2719638347625732,43,0,True,False,False
EXP-T141,primary,4,101,0.0001,1.0000000000000002e-06,44,308,0.4343720099755696,0.46836699545383453,3.260375499725342,8.913130516324733e-05,3.260375499725342,44,0,True,False,False
EXP-T141,primary,4,101,0.0001,1.0000000000000002e-06,45,315,0.3893102343593325,0.472777396440506,3.287221670150757,8.864040551740158e-05,3.260375499725342,44,1,False,False,False
EXP-T141,primary,4,101,0.0001,1.0000000000000002e-06,46,322,0.37385798671415876,0.46750569343566895,3.265669107437134,8.814009529720155e-05,3.260375499725342,44,2,False,False,False
EXP-T141,primary,4,101,0.0001,1.0000000000000002e-06,47,329,0.3761050317968641,0.4758707284927368,3.29592227935791,8.763049794670775e-05,3.260375499725342,44,3,False,False,False
EXP-T141,primary,4,101,0.0001,1.0000000000000002e-06,48,336,0.457005999982357,0.4660631865262985,3.2576100826263428,8.711173920144117e-05,3.2576100826263428,48,0,True,False,False
EXP-T141,primary,4,101,0.0001,1.0000000000000002e-06,49,343,0.3726574757269451,0.4675084203481674,3.2589011192321777,8.658394705735987e-05,3.2576100826263428,48,1,False,False,False
EXP-T141,primary,4,101,0.0001,1.0000000000000002e-06,50,350,0.41143785204206196,0.4693949520587921,3.266749382019043,8.604725173927785e-05,3.2576100826263428,48,2,False,False,False
EXP-T141,primary,4,101,0.0001,1.0000000000000002e-06,51,357,0.4605998865195683,0.4753365218639374,3.285034656524658,8.55017856687341e-05,3.2576100826263428,48,3,False,False,False
EXP-T141,primary,4,101,0.0001,1.0000000000000002e-06,52,364,0.3418645848120962,0.4713056683540344,3.2731573581695557,8.494768343131955e-05,3.2576100826263428,48,4,False,False,False
EXP-T141,primary,4,101,0.0001,1.0000000000000002e-06,53,371,0.4911332428455353,0.46555836498737335,3.2508859634399414,8.438508174347009e-05,3.2508859634399414,53,0,True,False,False
EXP-T141,primary,4,101,0.0001,1.0000000000000002e-06,54,378,0.33807866275310516,0.4784175455570221,3.292454957962036,8.381411941873378e-05,3.2508859634399414,53,1,False,False,False
EXP-T141,primary,4,101,0.0001,1.0000000000000002e-06,55,385,0.38771932252815794,0.46412239968776703,3.237088680267334,8.323493733352077e-05,3.237088680267334,55,0,True,False,False
EXP-T141,primary,4,101,0.0001,1.0000000000000002e-06,56,392,0.3881747382027762,0.463773250579834,3.227419376373291,8.26476783923441e-05,3.227419376373291,56,0,True,False,False
EXP-T141,primary,4,101,0.0001,1.0000000000000002e-06,57,399,0.3262829227106912,0.46026402711868286,3.2103261947631836,8.205248749256015e-05,3.2103261947631836,57,0,True,False,False
EXP-T141,primary,4,101,0.0001,1.0000000000000002e-06,58,406,0.46408943619046894,0.45550866425037384,3.185746192932129,8.144951148861742e-05,3.185746192932129,58,0,True,False,False
EXP-T141,primary,4,101,0.0001,1.0000000000000002e-06,59,413,0.42792825187955585,0.4509779065847397,3.1616368293762207,8.083889915582235e-05,3.1616368293762207,59,0,True,False,False
EXP-T141,primary,4,101,0.0001,1.0000000000000002e-06,60,420,0.33023045318467276,0.4690922498703003,3.2135472297668457,8.022080115363127e-05,3.1616368293762207,59,1,False,False,False
EXP-T141,primary,4,101,0.0001,1.0000000000000002e-06,61,427,0.4261364894253867,0.4488805681467056,3.1611242294311523,7.959536998847744e-05,3.1611242294311523,61,0,True,False,False
EXP-T141,primary,4,101,0.0001,1.0000000000000002e-06,62,434,0.33963764139584135,0.4557974934577942,3.170764923095703,7.89627599761423e-05,3.1611242294311523,61,1,False,False,False
EXP-T141,primary,4,101,0.0001,1.0000000000000002e-06,63,441,0.31120794798646656,0.44832102954387665,3.136226177215576,7.832312720368048e-05,3.136226177215576,63,0,True,False,False
EXP-T141,primary,4,101,0.0001,1.0000000000000002e-06,64,448,0.40823165433747427,0.4472581446170807,3.134596347808838,7.767662949090753e-05,3.134596347808838,64,0,True,False,False
EXP-T141,primary,4,101,0.0001,1.0000000000000002e-06,65,455,0.39528306892939974,0.44659677147865295,3.154791831970215,7.702342635146033e-05,3.134596347808838,64,1,False,False,False
EXP-T141,primary,4,101,0.0001,1.0000000000000002e-06,66,462,0.3740038914339883,0.4588247686624527,3.194652557373047,7.636367895343946e-05,3.134596347808838,64,2,False,False,False
EXP-T141,primary,4,101,0.0001,1.0000000000000002e-06,67,469,0.3305621551615851,0.45877307653427124,3.2142508029937744,7.569755007964338e-05,3.134596347808838,64,3,False,False,False
EXP-T141,primary,4,101,0.0001,1.0000000000000002e-06,68,476,0.3374334339584623,0.45321835577487946,3.1942238807678223,7.502520408740418e-05,3.134596347808838,64,4,False,False,False
EXP-T141,primary,4,101,0.0001,1.0000000000000002e-06,69,483,0.38771873712539673,0.45818571746349335,3.1674582958221436,7.43468068680349e-05,3.134596347808838,64,5,False,False,False
EXP-T141,primary,4,101,0.0001,1.0000000000000002e-06,70,490,0.4164089688232967,0.44738030433654785,3.152888536453247,7.366252580589839e-05,3.134596347808838,64,6,False,False,False
EXP-T141,primary,4,101,0.0001,1.0000000000000002e-06,71,497,0.3968421348503658,0.44276586174964905,3.1327054500579834,7.297252973710757e-05,3.1327054500579834,71,0,True,False,False
EXP-T141,primary,4,101,0.0001,1.0000000000000002e-06,72,504,0.380852861063821,0.45733290910720825,3.174098253250122,7.22769889078678e-05,3.1327054500579834,71,1,False,False,False
EXP-T141,primary,4,101,0.0001,1.0000000000000002e-06,73,511,0.33054537432534353,0.45101848244667053,3.1633424758911133,7.15760749324711e-05,3.1327054500579834,71,2,False,False,False
EXP-T141,primary,4,101,0.0001,1.0000000000000002e-06,74,518,0.3103541646684919,0.4532621204853058,3.188769578933716,7.086996075095289e-05,3.1327054500579834,71,3,False,False,False
EXP-T141,primary,4,101,0.0001,1.0000000000000002e-06,75,525,0.3537392999444689,0.4639069437980652,3.1929545402526855,7.015882058642164e-05,3.1327054500579834,71,4,False,False,False
EXP-T141,primary,4,101,0.0001,1.0000000000000002e-06,76,532,0.36964477598667145,0.4492209553718567,3.1636037826538086,6.944282990207195e-05,3.1327054500579834,71,5,False,False,False
EXP-T141,primary,4,101,0.0001,1.0000000000000002e-06,77,539,0.36090133764914106,0.4519306421279907,3.1589131355285645,6.872216535789157e-05,3.1327054500579834,71,6,False,False,False
EXP-T141,primary,4,101,0.0001,1.0000000000000002e-06,78,546,0.3215792881590979,0.446827232837677,3.1460397243499756,6.799700476707323e-05,3.1327054500579834,71,7,False,False,False
EXP-T141,primary,4,101,0.0001,1.0000000000000002e-06,79,553,0.2839991311941828,0.45700767636299133,3.148552894592285,6.726752705214194e-05,3.1327054500579834,71,8,False,False,False
EXP-T141,primary,4,101,0.0001,1.0000000000000002e-06,80,560,0.33613844002996174,0.4484366774559021,3.14207124710083,6.65339122008084e-05,3.1327054500579834,71,9,False,False,False
EXP-T141,primary,4,101,0.0001,1.0000000000000002e-06,81,567,0.3010338076523372,0.4592076539993286,3.1356024742126465,6.57963412215599e-05,3.1327054500579834,71,10,False,False,False
EXP-T141,primary,4,101,0.0001,1.0000000000000002e-06,82,574,0.3178295982735498,0.43902406096458435,3.089606523513794,6.505499609899905e-05,3.089606523513794,82,0,True,False,False
EXP-T141,primary,4,101,0.0001,1.0000000000000002e-06,83,581,0.3723523254905428,0.4346262812614441,3.0505833625793457,6.431005974894185e-05,3.0505833625793457,83,0,True,False,False
EXP-T141,primary,4,101,0.0001,1.0000000000000002e-06,84,588,0.43084524146148134,0.42935803532600403,3.0169413089752197,6.356171597328596e-05,3.0169413089752197,84,0,True,False,False
EXP-T141,primary,4,101,0.0001,1.0000000000000002e-06,85,595,0.29926346242427826,0.42795348167419434,2.998011827468872,6.281014941466031e-05,2.998011827468872,85,0,True,False,False
EXP-T141,primary,4,101,0.0001,1.0000000000000002e-06,86,602,0.4219920592648642,0.4257150888442993,2.990521550178528,6.205554551086733e-05,2.990521550178528,86,0,True,False,False
EXP-T141,primary,4,101,0.0001,1.0000000000000002e-06,87,609,0.29207983932324816,0.4213135987520218,2.9728678464889526,6.129809044912887e-05,2.9728678464889526,87,0,True,False,False
EXP-T141,primary,4,101,0.0001,1.0000000000000002e-06,88,616,0.2849561423063278,0.4193582832813263,2.964816093444824,6.053797112014738e-05,2.964816093444824,88,0,True,False,False
EXP-T141,primary,4,101,0.0001,1.0000000000000002e-06,89,623,0.43263618435178486,0.44563162326812744,3.059876322746277,5.977537507199338e-05,2.964816093444824,88,1,False,False,False
EXP-T141,primary,4,101,0.0001,1.0000000000000002e-06,90,630,0.3393064503158842,0.4263349026441574,2.972100853919983,5.901049046383077e-05,2.964816093444824,88,2,False,False,False
EXP-T141,primary,4,101,0.0001,1.0000000000000002e-06,91,637,0.3149331829377583,0.4144122749567032,2.946999430656433,5.8243506019491436e-05,2.946999430656433,91,0,True,False,False
EXP-T141,primary,4,101,0.0001,1.0000000000000002e-06,92,644,0.31282879199300495,0.4208040237426758,2.929053544998169,5.7474610980910354e-05,2.929053544998169,92,0,True,False,False
EXP-T141,primary,4,101,0.0001,1.0000000000000002e-06,93,651,0.37138231311525616,0.4111213684082031,2.9113364219665527,5.6703995061433075e-05,2.9113364219665527,93,0,True,False,False
EXP-T141,primary,4,101,0.0001,1.0000000000000002e-06,94,658,0.28737939255578177,0.41775909066200256,2.941978931427002,5.5931848399006745e-05,2.9113364219665527,93,1,False,False,False
EXP-T141,primary,4,101,0.0001,1.0000000000000002e-06,95,665,0.30353049082415445,0.42211517691612244,2.9255229234695435,5.515836150926646e-05,2.9113364219665527,93,2,False,False,False
EXP-T141,primary,4,101,0.0001,1.0000000000000002e-06,96,672,0.31616630937371937,0.41079626977443695,2.9079110622406006,5.438372523852833e-05,2.9079110622406006,96,0,True,False,False
EXP-T141,primary,4,101,0.0001,1.0000000000000002e-06,97,679,0.27684766692774637,0.4152503162622452,2.909815788269043,5.360813071670102e-05,2.9079110622406006,96,1,False,False,False
EXP-T141,primary,4,101,0.0001,1.0000000000000002e-06,98,686,0.2788416152553899,0.4118969440460205,2.906124711036682,5.283176931012731e-05,2.906124711036682,98,0,True,False,False
EXP-T141,primary,4,101,0.0001,1.0000000000000002e-06,99,693,0.28553543984889984,0.42101147770881653,2.92641818523407,5.205483257436735e-05,2.906124711036682,98,1,False,False,False
EXP-T141,primary,4,101,0.0001,1.0000000000000002e-06,100,700,0.24040904960462026,0.4146271049976349,2.9184476137161255,5.127751220693513e-05,2.906124711036682,98,2,False,False,False
EXP-T141,primary,4,101,0.0001,1.0000000000000002e-06,101,707,0.33290563630206244,0.41547493636608124,2.9163633584976196,5.05e-05,2.906124711036682,98,3,False,False,False
EXP-T141,primary,4,101,0.0001,1.0000000000000002e-06,102,714,0.2804363795689174,0.4104815125465393,2.8982443809509277,4.972248779306489e-05,2.8982443809509277,102,0,True,False,False
EXP-T141,primary,4,101,0.0001,1.0000000000000002e-06,103,721,0.25669974088668823,0.40620963275432587,2.870084047317505,4.894516742563265e-05,2.870084047317505,103,0,True,False,False
EXP-T141,primary,4,101,0.0001,1.0000000000000002e-06,104,728,0.2683393635920116,0.41388651728630066,2.91273832321167,4.816823068987269e-05,2.870084047317505,103,1,False,False,False
EXP-T141,primary,4,101,0.0001,1.0000000000000002e-06,105,735,0.3548469990491867,0.39894191920757294,2.82846999168396,4.739186928329899e-05,2.82846999168396,105,0,True,False,False
EXP-T141,primary,4,101,0.0001,1.0000000000000002e-06,106,742,0.23763719387352467,0.3996167927980423,2.8241660594940186,4.661627476147168e-05,2.8241660594940186,106,0,True,False,False
EXP-T141,primary,4,101,0.0001,1.0000000000000002e-06,107,749,0.28388749275888714,0.399949848651886,2.82966685295105,4.584163849073354e-05,2.8241660594940186,106,1,False,False,False
EXP-T141,primary,4,101,0.0001,1.0000000000000002e-06,108,756,0.28898472658225466,0.4005545526742935,2.8378493785858154,4.5068151600993264e-05,2.8241660594940186,106,2,False,False,False
EXP-T141,primary,4,101,0.0001,1.0000000000000002e-06,109,763,0.2352609054318496,0.4032817631959915,2.832191586494446,4.429600493856695e-05,2.8241660594940186,106,3,False,False,False
EXP-T141,primary,4,101,0.0001,1.0000000000000002e-06,110,770,0.26198565853493555,0.4002635329961777,2.835524320602417,4.352538901908967e-05,2.8241660594940186,106,4,False,False,False
EXP-T141,primary,4,101,0.0001,1.0000000000000002e-06,111,777,0.22077996589775598,0.4030526578426361,2.835160970687866,4.275649398050857e-05,2.8241660594940186,106,5,False,False,False
EXP-T141,primary,4,101,0.0001,1.0000000000000002e-06,112,784,0.32776670370783123,0.4067464768886566,2.877948045730591,4.198950953616922e-05,2.8241660594940186,106,6,False,False,False
EXP-T141,primary,4,101,0.0001,1.0000000000000002e-06,113,791,0.30754455072539194,0.4082280099391937,2.8762344121932983,4.122462492800663e-05,2.8241660594940186,106,7,False,False,False
EXP-T141,primary,4,101,0.0001,1.0000000000000002e-06,114,798,0.24030586411910398,0.41095784306526184,2.876275420188904,4.046202887985264e-05,2.8241660594940186,106,8,False,False,False
EXP-T141,primary,4,101,0.0001,1.0000000000000002e-06,115,805,0.22668932058981486,0.4191555380821228,2.9631175994873047,3.9701909550871155e-05,2.8241660594940186,106,9,False,False,False
EXP-T141,primary,4,101,0.0001,1.0000000000000002e-06,116,812,0.2400956473180226,0.4141429215669632,2.902289628982544,3.8944454489132674e-05,2.8241660594940186,106,10,False,False,False
EXP-T141,primary,4,101,0.0001,1.0000000000000002e-06,117,819,0.2752039969366576,0.42957308888435364,2.8962992429733276,3.818985058533969e-05,2.8241660594940186,106,11,False,False,False
EXP-T141,primary,4,101,0.0001,1.0000000000000002e-06,118,826,0.22400103296552384,0.4215252995491028,2.976807951927185,3.7438284026714043e-05,2.8241660594940186,106,12,False,False,False
EXP-T141,primary,4,101,0.0001,1.0000000000000002e-06,119,833,0.2632416082280023,0.4295501559972763,3.0203821659088135,3.668994025105816e-05,2.8241660594940186,106,13,False,False,False
EXP-T141,primary,4,101,0.0001,1.0000000000000002e-06,120,840,0.25511675647326876,0.41785578429698944,2.876582980155945,3.594500390100096e-05,2.8241660594940186,106,14,False,False,False
EXP-T141,primary,4,101,0.0001,1.0000000000000002e-06,121,847,0.29037667385169436,0.43930719792842865,2.979681372642517,3.520365877844012e-05,2.8241660594940186,106,15,False,False,False
EXP-T141,primary,4,101,0.0001,1.0000000000000002e-06,122,854,0.26835245319775175,0.4128323942422867,2.9053887128829956,3.44660877991916e-05,2.8241660594940186,106,16,False,False,False
EXP-T141,primary,4,101,0.0001,1.0000000000000002e-06,123,861,0.27582263733659473,0.41474753618240356,2.9229931831359863,3.373247294785808e-05,2.8241660594940186,106,17,False,False,False
EXP-T141,primary,4,101,0.0001,1.0000000000000002e-06,124,868,0.2323244395000594,0.41292279958724976,2.856476068496704,3.300299523292678e-05,2.8241660594940186,106,18,False,False,False
EXP-T141,primary,4,101,0.0001,1.0000000000000002e-06,125,875,0.2130449733563832,0.4224460572004318,2.879566192626953,3.2277834642108455e-05,2.8241660594940186,106,19,False,False,False
EXP-T141,primary,4,101,0.0001,1.0000000000000002e-06,126,882,0.25318390343870434,0.410812571644783,2.9041932821273804,3.155717009792807e-05,2.8241660594940186,106,20,False,False,False
EXP-T141,primary,4,101,0.0001,1.0000000000000002e-06,127,889,0.2797823739903314,0.40820708870887756,2.893821358680725,3.084117941357835e-05,2.8241660594940186,106,21,False,False,False
EXP-T141,primary,4,101,0.0001,1.0000000000000002e-06,128,896,0.24521670330848014,0.4048716574907303,2.826055407524109,3.013003924904712e-05,2.8241660594940186,106,22,False,False,False
EXP-T141,primary,4,101,0.0001,1.0000000000000002e-06,129,903,0.26976884475776125,0.41443686187267303,2.8304911851882935,2.9423925067528905e-05,2.8241660594940186,106,23,False,False,False
EXP-T141,primary,4,101,0.0001,1.0000000000000002e-06,130,910,0.24539972415992192,0.40237976610660553,2.8280943632125854,2.87230110921322e-05,2.8241660594940186,106,24,False,False,False
EXP-T141,primary,4,101,0.0001,1.0000000000000002e-06,131,917,0.19372587012393133,0.40512189269065857,2.8737958669662476,2.8027470262892437e-05,2.8241660594940186,106,25,False,False,False
EXP-T141,primary,4,101,0.0001,1.0000000000000002e-06,132,924,0.20857587243829454,0.40331393480300903,2.834540367126465,2.7337474194101628e-05,2.8241660594940186,106,26,False,False,False
EXP-T141,primary,4,101,0.0001,1.0000000000000002e-06,133,931,0.31482856614249094,0.40443970263004303,2.830438733100891,2.665319313196509e-05,2.8241660594940186,106,27,False,False,False
EXP-T141,primary,4,101,0.0001,1.0000000000000002e-06,134,938,0.251396690096174,0.4044567942619324,2.837426543235779,2.5974795912595825e-05,2.8241660594940186,106,28,False,False,False
EXP-T141,primary,4,101,0.0001,1.0000000000000002e-06,135,945,0.26040463362421307,0.40488101541996,2.8215396404266357,2.5302449920356623e-05,2.8215396404266357,135,0,True,False,False
EXP-T141,primary,4,101,0.0001,1.0000000000000002e-06,136,952,0.27778724687440054,0.40573352575302124,2.806148052215576,2.4636321046560538e-05,2.806148052215576,136,0,True,False,False
EXP-T141,primary,4,101,0.0001,1.0000000000000002e-06,137,959,0.25677306737218586,0.40859344601631165,2.8696579933166504,2.3976573648539656e-05,2.806148052215576,136,1,False,False,False
EXP-T141,primary,4,101,0.0001,1.0000000000000002e-06,138,966,0.23341765148299082,0.4088727980852127,2.867267370223999,2.3323370509092472e-05,2.806148052215576,136,2,False,False,False
EXP-T141,primary,4,101,0.0001,1.0000000000000002e-06,139,973,0.24630453544003622,0.40654516220092773,2.8365230560302734,2.2676872796319533e-05,2.806148052215576,136,3,False,False,False
EXP-T141,primary,4,101,0.0001,1.0000000000000002e-06,140,980,0.19852203290377343,0.40709301829338074,2.8091506958007812,2.2037240023857712e-05,2.806148052215576,136,4,False,False,False
EXP-T141,primary,4,101,0.0001,1.0000000000000002e-06,141,987,0.23860280641487666,0.40685518085956573,2.807666301727295,2.1404630011522586e-05,2.806148052215576,136,5,False,False,False
EXP-T141,primary,4,101,0.0001,1.0000000000000002e-06,142,994,0.2603432046515601,0.4064091295003891,2.829011082649231,2.077919884636875e-05,2.806148052215576,136,6,False,False,False
EXP-T141,primary,4,101,0.0001,1.0000000000000002e-06,143,1001,0.20421739082251275,0.40645280480384827,2.8056432008743286,2.016110084417766e-05,2.8056432008743286,143,0,True,False,False
EXP-T141,primary,4,101,0.0001,1.0000000000000002e-06,144,1008,0.24404689030987875,0.4036853462457657,2.7914721965789795,1.9550488511382595e-05,2.7914721965789795,144,0,True,False,False
EXP-T141,primary,4,101,0.0001,1.0000000000000002e-06,145,1015,0.21050577258159006,0.4042610079050064,2.8533308506011963,1.8947512507439858e-05,2.7914721965789795,144,1,False,False,False
EXP-T141,primary,4,101,0.0001,1.0000000000000002e-06,146,1022,0.26091151578085764,0.4041760116815567,2.85177481174469,1.8352321607655915e-05,2.7914721965789795,144,2,False,False,False
EXP-T141,primary,4,101,0.0001,1.0000000000000002e-06,147,1029,0.19890440920633928,0.40425755083560944,2.79302716255188,1.776506266647924e-05,2.7914721965789795,144,3,False,False,False
EXP-T141,primary,4,101,0.0001,1.0000000000000002e-06,148,1036,0.32095162144729067,0.40369585156440735,2.8238526582717896,1.718588058126622e-05,2.7914721965789795,144,4,False,False,False
EXP-T141,primary,4,101,0.0001,1.0000000000000002e-06,149,1043,0.2523029553038733,0.40609218180179596,2.858155369758606,1.661491825652991e-05,2.7914721965789795,144,5,False,False,False
EXP-T141,primary,4,101,0.0001,1.0000000000000002e-06,150,1050,0.23382130690983363,0.4059266000986099,2.853682041168213,1.6052316568680444e-05,2.7914721965789795,144,6,False,False,False
EXP-T141,primary,4,101,0.0001,1.0000000000000002e-06,151,1057,0.26178480471883503,0.402871772646904,2.81437611579895,1.54982143312659e-05,2.7914721965789795,144,7,False,False,False
EXP-T141,primary,4,101,0.0001,1.0000000000000002e-06,152,1064,0.21631888619491033,0.4017270654439926,2.806684732437134,1.495274826072216e-05,2.7914721965789795,144,8,False,False,False
EXP-T141,primary,4,101,0.0001,1.0000000000000002e-06,153,1071,0.2254004797765187,0.40154674649238586,2.799567222595215,1.441605294264014e-05,2.7914721965789795,144,9,False,False,False
EXP-T141,primary,4,101,0.0001,1.0000000000000002e-06,154,1078,0.21828620667968476,0.40217216312885284,2.8068681955337524,1.3888260798558816e-05,2.7914721965789795,144,10,False,False,False
EXP-T141,primary,4,101,0.0001,1.0000000000000002e-06,155,1085,0.3007455383028303,0.40174227952957153,2.7941858768463135,1.3369502053292252e-05,2.7914721965789795,144,11,False,False,False
EXP-T141,primary,4,101,0.0001,1.0000000000000002e-06,156,1092,0.28345116334302084,0.40167002379894257,2.7763724327087402,1.285990470279847e-05,2.7763724327087402,156,0,True,False,False
EXP-T141,primary,4,101,0.0001,1.0000000000000002e-06,157,1099,0.2986502689974649,0.40242306888103485,2.7799662351608276,1.235959448259844e-05,2.7763724327087402,156,1,False,False,False
EXP-T141,primary,4,101,0.0001,1.0000000000000002e-06,158,1106,0.2226254152400153,0.4034065306186676,2.7855745553970337,1.1868694836752687e-05,2.7763724327087402,156,2,False,False,False
EXP-T141,primary,4,101,0.0001,1.0000000000000002e-06,159,1113,0.24884765488760813,0.40303200483322144,2.7975963354110718,1.1387326887403327e-05,2.7763724327087402,156,3,False,False,False
EXP-T141,primary,4,101,0.0001,1.0000000000000002e-06,160,1120,0.20964240655303001,0.4030996710062027,2.795474648475647,1.0915609404889017e-05,2.7763724327087402,156,4,False,False,False
EXP-T141,primary,4,101,0.0001,1.0000000000000002e-06,161,1127,0.28252503062997547,0.40218615531921387,2.7932488918304443,1.0453658778440109e-05,2.7763724327087402,156,5,False,False,False
EXP-T141,primary,4,101,0.0001,1.0000000000000002e-06,162,1134,0.25818643080336706,0.40170904994010925,2.7827060222625732,1.0001588987461348e-05,2.7763724327087402,156,6,False,False,False
EXP-T141,primary,4,101,0.0001,1.0000000000000002e-06,163,1141,0.24021749198436737,0.4015105962753296,2.795657515525818,9.559511573409197e-06,2.7763724327087402,156,7,False,False,False
EXP-T141,primary,4,101,0.0001,1.0000000000000002e-06,164,1148,0.26442714035511017,0.4013354331254959,2.784271001815796,9.127535612270633e-06,2.7763724327087402,156,8,False,False,False
EXP-T141,primary,4,101,0.0001,1.0000000000000002e-06,165,1155,0.2113913031561034,0.4025989919900894,2.7743825912475586,8.705767687650266e-06,2.7743825912475586,165,0,True,False,False
EXP-T141,primary,4,101,0.0001,1.0000000000000002e-06,166,1162,0.32198914885520935,0.4052128940820694,2.7853972911834717,8.294311864472449e-06,2.7743825912475586,165,1,False,False,False
EXP-T141,primary,4,101,0.0001,1.0000000000000002e-06,167,1169,0.20762097303356444,0.4061463475227356,2.790325880050659,7.893269663304785e-06,2.7743825912475586,165,2,False,False,False
EXP-T141,primary,4,101,0.0001,1.0000000000000002e-06,168,1176,0.24973112770489284,0.4051537960767746,2.786220073699951,7.50274003530953e-06,2.7743825912475586,165,3,False,False,False
EXP-T141,primary,4,101,0.0001,1.0000000000000002e-06,169,1183,0.21685962591852462,0.40478454530239105,2.7864423990249634,7.122819337828753e-06,2.7743825912475586,165,4,False,False,False
EXP-T141,primary,4,101,0.0001,1.0000000000000002e-06,170,1190,0.2486018772636141,0.40459755063056946,2.7866920232772827,6.753601310609674e-06,2.7743825912475586,165,5,False,False,False
EXP-T141,primary,4,101,0.0001,1.0000000000000002e-06,171,1197,0.30616506721292225,0.4045121520757675,2.792183041572571,6.395177052675795e-06,2.7743825912475586,165,6,False,False,False
EXP-T141,primary,4,101,0.0001,1.0000000000000002e-06,172,1204,0.2145723296063287,0.40500234067440033,2.8005683422088623,6.047634999849532e-06,2.7743825912475586,165,7,False,False,False
EXP-T141,primary,4,101,0.0001,1.0000000000000002e-06,173,1211,0.26472980422633036,0.4055646061897278,2.799173951148987,5.711060902932042e-06,2.7743825912475586,165,8,False,False,False
EXP-T141,primary,4,101,0.0001,1.0000000000000002e-06,174,1218,0.19980802021122404,0.40619926154613495,2.7993685007095337,5.385537806545469e-06,2.7743825912475586,165,9,False,False,False
EXP-T141,primary,4,101,0.0001,1.0000000000000002e-06,175,1225,0.16910504050818936,0.4060995876789093,2.7943121194839478,5.071146028642945e-06,2.7743825912475586,165,10,False,False,False
EXP-T141,primary,4,101,0.0001,1.0000000000000002e-06,176,1232,0.2178277394601277,0.4070424288511276,2.7921634912490845,4.767963140691318e-06,2.7743825912475586,165,11,False,False,False
EXP-T141,primary,4,101,0.0001,1.0000000000000002e-06,177,1239,0.20037882242883956,0.40743082761764526,2.7933998107910156,4.476063948531558e-06,2.7743825912475586,165,12,False,False,False
EXP-T141,primary,4,101,0.0001,1.0000000000000002e-06,178,1246,0.23282936002526963,0.4073682576417923,2.7934099435806274,4.195520473921565e-06,2.7743825912475586,165,13,False,False,False
EXP-T141,primary,4,101,0.0001,1.0000000000000002e-06,179,1253,0.2502923331090382,0.4072607457637787,2.7933099269866943,3.92640193676584e-06,2.7743825912475586,165,14,False,False,False
EXP-T141,primary,4,101,0.0001,1.0000000000000002e-06,180,1260,0.2883518104042326,0.40716999769210815,2.7917866706848145,3.668774738036508e-06,2.7743825912475586,165,15,False,False,False
EXP-T141,primary,4,101,0.0001,1.0000000000000002e-06,181,1267,0.15818458449627673,0.4070982038974762,2.791453242301941,3.4227024433899006e-06,2.7743825912475586,165,16,False,False,False
EXP-T141,primary,4,101,0.0001,1.0000000000000002e-06,182,1274,0.22144770196505956,0.4069828987121582,2.7923232316970825,3.188245767482659e-06,2.7743825912475586,165,17,False,False,False
EXP-T141,primary,4,101,0.0001,1.0000000000000002e-06,183,1281,0.2502101127590452,0.40685802698135376,2.791978120803833,2.965462558991324e-06,2.7743825912475586,165,18,False,False,False
EXP-T141,primary,4,101,0.0001,1.0000000000000002e-06,184,1288,0.19742115986134326,0.40678341686725616,2.7926156520843506,2.7544077863390007e-06,2.7743825912475586,165,19,False,False,False
EXP-T141,primary,4,101,0.0001,1.0000000000000002e-06,185,1295,0.2010150338922228,0.40690942108631134,2.7946267127990723,2.5551335241327677e-06,2.7743825912475586,165,20,False,False,False
EXP-T141,primary,4,101,0.0001,1.0000000000000002e-06,186,1302,0.26099226091589245,0.4069327563047409,2.794679641723633,2.3676889403150106e-06,2.7743825912475586,165,21,False,False,False
EXP-T141,primary,4,101,0.0001,1.0000000000000002e-06,187,1309,0.21640092985970633,0.40680018067359924,2.793440580368042,2.1921202840320077e-06,2.7743825912475586,165,22,False,False,False
EXP-T141,primary,4,101,0.0001,1.0000000000000002e-06,188,1316,0.2665710619517735,0.4068107157945633,2.790470004081726,2.0284708742225903e-06,2.7743825912475586,165,23,False,False,False
EXP-T141,primary,4,101,0.0001,1.0000000000000002e-06,189,1323,0.20180384069681168,0.4072478115558624,2.7909291982650757,1.8767810889299085e-06,2.7743825912475586,165,24,False,False,False
EXP-T141,primary,4,101,0.0001,1.0000000000000002e-06,190,1330,0.23069700172969274,0.4073076844215393,2.7914425134658813,1.7370883553386938e-06,2.7743825912475586,165,25,False,False,False
EXP-T141,primary,4,101,0.0001,1.0000000000000002e-06,191,1337,0.22210193132715567,0.4073072224855423,2.791333317756653,1.609427140540686e-06,2.7743825912475586,165,26,False,False,False
EXP-T141,primary,4,101,0.0001,1.0000000000000002e-06,192,1344,0.2155665255018643,0.4070938527584076,2.790904402732849,1.4938289430304022e-06,2.7743825912475586,165,27,False,False,False
EXP-T141,primary,4,101,0.0001,1.0000000000000002e-06,193,1351,0.1945346263902528,0.40725088119506836,2.790736198425293,1.390322284933351e-06,2.7743825912475586,165,28,False,False,False
EXP-T141,primary,4,101,0.0001,1.0000000000000002e-06,194,1358,0.16576165306781018,0.40739767253398895,2.7924259901046753,1.2989327049686101e-06,2.7743825912475586,165,29,False,False,False
EXP-T141,primary,4,101,0.0001,1.0000000000000002e-06,195,1365,0.22688511439732142,0.407541424036026,2.793755888938904,1.2196827521475403e-06,2.7743825912475586,165,30,False,True,False
EXP-T141,primary,4,101,0.001,1e-05,1,7,0.6019598841667175,0.5575100779533386,3.5759236812591553,0.001,3.5759236812591553,1,0,True,False,False
EXP-T141,primary,4,101,0.001,1e-05,2,14,0.5493803641625813,0.5216642916202545,3.36918044090271,0.000999938933078422,3.36918044090271,2,0,True,False,False
EXP-T141,primary,4,101,0.001,1e-05,3,21,0.5680381229945591,0.5134843289852142,3.5003066062927246,0.0009997557473810372,3.36918044090271,2,1,False,False,False
EXP-T141,primary,4,101,0.001,1e-05,4,28,0.5207401726927076,0.5028627067804337,3.4291350841522217,0.0009994504881061753,3.36918044090271,2,2,False,False,False
EXP-T141,primary,4,101,0.001,1e-05,5,35,0.5113041145460946,0.4876802861690521,3.168833017349243,0.0009990232305719944,3.168833017349243,5,0,True,False,False
EXP-T141,primary,4,101,0.001,1e-05,6,42,0.45595642924308777,0.5718393623828888,3.726426124572754,0.0009984740801978985,3.168833017349243,5,1,False,False,False
EXP-T141,primary,4,101,0.001,1e-05,7,49,0.5007591588156564,0.45931901037693024,3.1335337162017822,0.0009978031724785245,3.1335337162017822,7,0,True,False,False
EXP-T141,primary,4,101,0.001,1e-05,8,56,0.46943122148513794,0.45649558305740356,3.1706602573394775,0.000997010672950314,3.1335337162017822,7,1,False,False,False
EXP-T141,primary,4,101,0.001,1e-05,9,63,0.6010593516486031,0.5117443799972534,3.4044692516326904,0.0009960967771506667,3.1335337162017822,7,2,False,False,False
EXP-T141,primary,4,101,0.001,1e-05,10,70,0.4196039251983166,0.5905303955078125,3.820618152618408,0.000995061710569696,3.1335337162017822,7,3,False,False,False
EXP-T141,primary,4,101,0.001,1e-05,11,77,0.41906595868723734,0.49359646439552307,3.3111727237701416,0.0009939057285945933,3.1335337162017822,7,4,False,False,False
EXP-T141,primary,4,101,0.001,1e-05,12,84,0.5317422492163522,0.5534544736146927,3.5490522384643555,0.000992629116446613,3.1335337162017822,7,5,False,False,False
EXP-T141,primary,4,101,0.001,1e-05,13,91,0.48287310770579744,0.51668781042099,3.428666353225708,0.000991232189110701,3.1335337162017822,7,6,False,False,False
EXP-T141,primary,4,101,0.001,1e-05,14,98,0.4424101178135191,0.4526781737804413,3.161181688308716,0.0009897152912577741,3.1335337162017822,7,7,False,False,False
EXP-T141,primary,4,101,0.001,1e-05,15,105,0.4187152939183371,0.4984019696712494,3.3346269130706787,0.00098807879715968,3.1335337162017822,7,8,False,False,False
EXP-T141,primary,4,101,0.001,1e-05,16,112,0.4241854633603777,0.4947287142276764,3.3621654510498047,0.00098632311059685,3.1335337162017822,7,9,False,False,False
EXP-T141,primary,4,101,0.001,1e-05,17,119,0.3631043362048721,0.4616938531398773,3.1690871715545654,0.0009844486647586723,3.1335337162017822,7,10,False,False,False
EXP-T141,primary,4,101,0.001,1e-05,18,126,0.37369601217298104,0.5327971577644348,3.460339069366455,0.00098245592213661,3.1335337162017822,7,11,False,False,False
EXP-T141,primary,4,101,0.001,1e-05,19,133,0.3547886610031128,0.43355296552181244,3.091219186782837,0.0009803453744100868,3.091219186782837,19,0,True,False,False
EXP-T141,primary,4,101,0.001,1e-05,20,140,0.3615071730954306,0.4710250645875931,3.0837478637695312,0.0009781175423251734,3.0837478637695312,20,0,True,False,False
EXP-T141,primary,4,101,0.001,1e-05,21,147,0.35073720131601605,0.4064243733882904,2.968698501586914,0.0009757729755661011,2.968698501586914,21,0,True,False,False
EXP-T141,primary,4,101,0.001,1e-05,22,154,0.3808603861502239,0.4021854102611542,2.860389471054077,0.0009733122526196349,2.860389471054077,22,0,True,False,False
EXP-T141,primary,4,101,0.001,1e-05,23,161,0.31883067318371366,0.8176219463348389,4.8765236139297485,0.0009707359806323416,2.860389471054077,22,1,False,False,False
EXP-T141,primary,4,101,0.001,1e-05,24,168,0.3759696113743952,0.4698732942342758,3.1181821823120117,0.0009680447952607845,2.860389471054077,22,2,False,False,False
EXP-T141,primary,4,101,0.001,1e-05,25,175,0.4088871649333409,0.414249062538147,3.0006489753723145,0.0009652393605146844,2.860389471054077,22,3,False,False,False
EXP-T141,primary,4,101,0.001,1e-05,26,182,0.3253583716494696,0.466521218419075,3.1661609411239624,0.000962320368593087,2.860389471054077,22,4,False,False,False
EXP-T141,primary,4,101,0.001,1e-05,27,189,0.34000001209122793,0.43791043758392334,3.0178773403167725,0.0009592885397135706,2.860389471054077,22,5,False,False,False
EXP-T141,primary,4,101,0.001,1e-05,28,196,0.3876069741589682,0.47826312482357025,3.2338194847106934,0.0009561446219345453,2.860389471054077,22,6,False,False,False
EXP-T141,primary,4,101,0.001,1e-05,29,203,0.29195378933634075,0.41790755093097687,2.9247066974639893,0.0009528893909706797,2.860389471054077,22,7,False,False,False
EXP-T141,primary,4,101,0.001,1e-05,30,210,0.307491449373109,0.4463944435119629,3.0892374515533447,0.0009495236500015047,2.860389471054077,22,8,False,False,False
EXP-T141,primary,4,101,0.001,1e-05,31,217,0.27421082875558306,0.4200451076030731,2.976906418800354,0.0009460482294732421,2.860389471054077,22,9,False,False,False
EXP-T141,primary,4,101,0.001,1e-05,32,224,0.3694360490356173,0.44384998083114624,3.037185549736023,0.0009424639868939033,2.860389471054077,22,10,False,False,False
EXP-T141,primary,4,101,0.001,1e-05,33,231,0.3545436646257128,0.6903849244117737,4.316609859466553,0.0009387718066217125,2.860389471054077,22,11,False,False,False
EXP-T141,primary,4,101,0.001,1e-05,34,238,0.3613751913819994,0.5999976098537445,3.845216751098633,0.0009349725996469047,2.860389471054077,22,12,False,False,False
EXP-T141,primary,4,101,0.001,1e-05,35,245,0.41241790992873056,0.4068418890237808,2.914472818374634,0.0009310673033669522,2.860389471054077,22,13,False,False,False
EXP-T141,primary,4,101,0.001,1e-05,36,252,0.32266961463860105,0.5507857352495193,3.6022039651870728,0.0009270568813552756,2.860389471054077,22,14,False,False,False
EXP-T141,primary,4,101,0.001,1e-05,37,259,0.30452862807682585,0.456740602850914,3.1238948106765747,0.0009229423231234975,2.860389471054077,22,15,False,False,False
EXP-T141,primary,4,101,0.001,1e-05,38,266,0.21844852609293802,0.40639589726924896,2.8397246599197388,0.0009187246438772938,2.8397246599197388,38,0,True,False,False
EXP-T141,primary,4,101,0.001,1e-05,39,273,0.3622901013919285,0.4651538282632828,3.05929958820343,0.0009144048842659081,2.8397246599197388,38,1,False,False,False
EXP-T141,primary,4,101,0.001,1e-05,40,280,0.21546509542635509,0.45103953778743744,3.02700412273407,0.0009099841101253866,2.8397246599197388,38,2,False,False,False
EXP-T141,primary,4,101,0.001,1e-05,41,287,0.2665054372378758,0.4879869669675827,3.279373288154602,0.000905463412215599,2.8397246599197388,38,3,False,False,False
EXP-T141,primary,4,101,0.001,1e-05,42,294,0.26658072429043905,0.5633533596992493,3.619368076324463,0.0009008439059511099,2.8397246599197388,38,4,False,False,False
EXP-T141,primary,4,101,0.001,1e-05,43,301,0.2816239616700581,0.48952387273311615,3.2820929288864136,0.0008961267311259666,2.8397246599197388,38,5,False,False,False
EXP-T141,primary,4,101,0.001,1e-05,44,308,0.2535919376782009,0.5631874799728394,3.6219635009765625,0.0008913130516324732,2.8397246599197388,38,6,False,False,False
EXP-T141,primary,4,101,0.001,1e-05,45,315,0.215909121291978,0.40447647869586945,2.8657201528549194,0.0008864040551740157,2.8397246599197388,38,7,False,False,False
EXP-T141,primary,4,101,0.001,1e-05,46,322,0.3141245927129473,0.4358658790588379,2.992101788520813,0.0008814009529720154,2.8397246599197388,38,8,False,False,False
EXP-T141,primary,4,101,0.001,1e-05,47,329,0.21780829983098166,0.4232385605573654,3.0343964099884033,0.0008763049794670775,2.8397246599197388,38,9,False,False,False
EXP-T141,primary,4,101,0.001,1e-05,48,336,0.2340619840792247,0.4358515739440918,2.9427372217178345,0.0008711173920144117,2.8397246599197388,38,10,False,False,False
EXP-T141,primary,4,101,0.001,1e-05,49,343,0.16753380107028143,0.44422367215156555,3.077447772026062,0.0008658394705735987,2.8397246599197388,38,11,False,False,False
EXP-T141,primary,4,101,0.001,1e-05,50,350,0.15657501029116766,0.42674049735069275,2.903094172477722,0.0008604725173927785,2.8397246599197388,38,12,False,False,False
EXP-T141,primary,4,101,0.001,1e-05,51,357,0.12838434906942503,0.41747982800006866,2.8804590702056885,0.000855017856687341,2.8397246599197388,38,13,False,False,False
EXP-T141,primary,4,101,0.001,1e-05,52,364,0.11987193035227912,0.4465912878513336,2.9761247634887695,0.0008494768343131955,2.8397246599197388,38,14,False,False,False
EXP-T141,primary,4,101,0.001,1e-05,53,371,0.17432621334280288,0.4031234383583069,2.7957721948623657,0.0008438508174347009,2.7957721948623657,53,0,True,False,False
EXP-T141,primary,4,101,0.001,1e-05,54,378,0.1566921185169901,0.4214041084051132,2.875988483428955,0.0008381411941873378,2.7957721948623657,53,1,False,False,False
EXP-T141,primary,4,101,0.001,1e-05,55,385,0.10691758883850914,0.3937746435403824,2.8179705142974854,0.0008323493733352077,2.7957721948623657,53,2,False,False,False
EXP-T141,primary,4,101,0.001,1e-05,56,392,0.11690658224480492,0.40015798807144165,2.808047652244568,0.000826476783923441,2.7957721948623657,53,3,False,False,False
EXP-T141,primary,4,101,0.001,1e-05,57,399,0.18106993500675475,0.36651118099689484,2.626054048538208,0.0008205248749256015,2.626054048538208,57,0,True,False,False
EXP-T141,primary,4,101,0.001,1e-05,58,406,0.13055881644998277,0.4201568365097046,2.906485915184021,0.0008144951148861742,2.626054048538208,57,1,False,False,False
EXP-T141,primary,4,101,0.001,1e-05,59,413,0.15621706364410265,0.4190986454486847,2.9566859006881714,0.0008083889915582234,2.626054048538208,57,2,False,False,False
EXP-T141,primary,4,101,0.001,1e-05,60,420,0.10974234927977834,0.4365548640489578,2.9352082014083862,0.0008022080115363127,2.626054048538208,57,3,False,False,False
EXP-T141,primary,4,101,0.001,1e-05,61,427,0.1594556782926832,0.4796260744333267,3.2830759286880493,0.0007959536998847743,2.626054048538208,57,4,False,False,False
EXP-T141,primary,4,101,0.001,1e-05,62,434,0.1055755615234375,0.4312993288040161,2.9882858991622925,0.0007896275997614229,2.626054048538208,57,5,False,False,False
EXP-T141,primary,4,101,0.001,1e-05,63,441,0.11059804313949176,0.4349065274000168,2.9215309619903564,0.0007832312720368048,2.626054048538208,57,6,False,False,False
EXP-T141,primary,4,101,0.001,1e-05,64,448,0.12823668441602162,0.4785846620798111,3.1417943239212036,0.0007767662949090753,2.626054048538208,57,7,False,False,False
EXP-T141,primary,4,101,0.001,1e-05,65,455,0.12488552927970886,0.4265093505382538,2.929216980934143,0.0007702342635146033,2.626054048538208,57,8,False,False,False
EXP-T141,primary,4,101,0.001,1e-05,66,462,0.11836407406787787,0.40337733924388885,2.7866638898849487,0.0007636367895343947,2.626054048538208,57,9,False,False,False
EXP-T141,primary,4,101,0.001,1e-05,67,469,0.10960139440638679,0.40873660147190094,2.8083189725875854,0.0007569755007964338,2.626054048538208,57,10,False,False,False
EXP-T141,primary,4,101,0.001,1e-05,68,476,0.09780353015022618,0.4081989824771881,2.7870209217071533,0.0007502520408740418,2.626054048538208,57,11,False,False,False
EXP-T141,primary,4,101,0.001,1e-05,69,483,0.06004782845931394,0.40941473841667175,2.9227861166000366,0.000743468068680349,2.626054048538208,57,12,False,False,False
EXP-T141,primary,4,101,0.001,1e-05,70,490,0.13949557500226156,0.42165103554725647,2.9256696701049805,0.0007366252580589839,2.626054048538208,57,13,False,False,False
EXP-T141,primary,4,101,0.001,1e-05,71,497,0.11803294505391802,0.4063626676797867,2.760871648788452,0.0007297252973710757,2.626054048538208,57,14,False,False,False
EXP-T141,primary,4,101,0.001,1e-05,72,504,0.15117036338363374,0.39305929839611053,2.6789283752441406,0.0007227698890786779,2.626054048538208,57,15,False,False,False
EXP-T141,primary,4,101,0.001,1e-05,73,511,0.11130363440939359,0.444550022482872,2.9998093843460083,0.000715760749324711,2.626054048538208,57,16,False,False,False
EXP-T141,primary,4,101,0.001,1e-05,74,518,0.0903372232403074,0.40203388035297394,2.692798137664795,0.0007086996075095289,2.626054048538208,57,17,False,False,False
EXP-T141,primary,4,101,0.001,1e-05,75,525,0.0856716978762831,0.3708890378475189,2.5652942657470703,0.0007015882058642164,2.5652942657470703,75,0,True,False,False
EXP-T141,primary,4,101,0.001,1e-05,76,532,0.1357462773365634,0.39592351019382477,2.7496767044067383,0.0006944282990207195,2.5652942657470703,75,1,False,False,False
EXP-T141,primary,4,101,0.001,1e-05,77,539,0.12747627390282495,0.4756304621696472,3.2080882787704468,0.0006872216535789157,2.5652942657470703,75,2,False,False,False
EXP-T141,primary,4,101,0.001,1e-05,78,546,0.1633736448628562,0.4724331200122833,3.2139564752578735,0.0006799700476707324,2.5652942657470703,75,3,False,False,False
EXP-T141,primary,4,101,0.001,1e-05,79,553,0.12791659044367926,0.5245359539985657,3.4351749420166016,0.0006726752705214194,2.5652942657470703,75,4,False,False,False
EXP-T141,primary,4,101,0.001,1e-05,80,560,0.14415885827371053,0.41231508553028107,2.912869930267334,0.000665339122008084,2.5652942657470703,75,5,False,False,False
EXP-T141,primary,4,101,0.001,1e-05,81,567,0.09022676306111473,0.4106059670448303,2.76622211933136,0.000657963412215599,2.5652942657470703,75,6,False,False,False
EXP-T141,primary,4,101,0.001,1e-05,82,574,0.08699915877410344,0.3962339460849762,2.7357664108276367,0.0006505499609899905,2.5652942657470703,75,7,False,False,False
EXP-T141,primary,4,101,0.001,1e-05,83,581,0.08054629872952189,0.4210017919540405,2.830775022506714,0.0006431005974894186,2.5652942657470703,75,8,False,False,False
EXP-T141,primary,4,101,0.001,1e-05,84,588,0.1406264823994466,0.4195472002029419,2.8156676292419434,0.0006356171597328595,2.5652942657470703,75,9,False,False,False
EXP-T141,primary,4,101,0.001,1e-05,85,595,0.08201074028121573,0.411186158657074,2.849358320236206,0.000628101494146603,2.5652942657470703,75,10,False,False,False
EXP-T141,primary,4,101,0.001,1e-05,86,602,0.0770973190665245,0.39616209268569946,2.6831082105636597,0.0006205554551086733,2.5652942657470703,75,11,False,False,False
EXP-T141,primary,4,101,0.001,1e-05,87,609,0.06031703736100878,0.4193193018436432,2.838145136833191,0.0006129809044912887,2.5652942657470703,75,12,False,False,False
EXP-T141,primary,4,101,0.001,1e-05,88,616,0.06428082260702338,0.37356337904930115,2.604578375816345,0.0006053797112014738,2.5652942657470703,75,13,False,False,False
EXP-T141,primary,4,101,0.001,1e-05,89,623,0.13538652126278197,0.38261571526527405,2.6859235763549805,0.0005977537507199338,2.5652942657470703,75,14,False,False,False
EXP-T141,primary,4,101,0.001,1e-05,90,630,0.07647440848605973,0.41177643835544586,2.8068971633911133,0.0005901049046383077,2.5652942657470703,75,15,False,False,False
EXP-T141,primary,4,101,0.001,1e-05,91,637,0.10456153324672154,0.3903748393058777,2.747858166694641,0.0005824350601949143,2.5652942657470703,75,16,False,False,False
EXP-T141,primary,4,101,0.001,1e-05,92,644,0.06414419199739184,0.4520518332719803,3.0286223888397217,0.0005747461098091035,2.5652942657470703,75,17,False,False,False
EXP-T141,primary,4,101,0.001,1e-05,93,651,0.06678799539804459,0.4330264627933502,2.957429528236389,0.0005670399506143307,2.5652942657470703,75,18,False,False,False
EXP-T141,primary,4,101,0.001,1e-05,94,658,0.1151672825217247,0.3945680856704712,2.7718513011932373,0.0005593184839900675,2.5652942657470703,75,19,False,False,False
EXP-T141,primary,4,101,0.001,1e-05,95,665,0.10951440056253757,0.3996557295322418,2.784765362739563,0.0005515836150926646,2.5652942657470703,75,20,False,False,False
EXP-T141,primary,4,101,0.001,1e-05,96,672,0.09122189985854286,0.4008060544729233,2.756679058074951,0.0005438372523852833,2.5652942657470703,75,21,False,False,False
EXP-T141,primary,4,101,0.001,1e-05,97,679,0.06848854731236186,0.3951636701822281,2.7242956161499023,0.0005360813071670102,2.5652942657470703,75,22,False,False,False
EXP-T141,primary,4,101,0.001,1e-05,98,686,0.06519743108323642,0.40998585522174835,2.817332625389099,0.0005283176931012731,2.5652942657470703,75,23,False,False,False
EXP-T141,primary,4,101,0.001,1e-05,99,693,0.06469682125108582,0.40624450147151947,2.782466769218445,0.0005205483257436735,2.5652942657470703,75,24,False,False,False
EXP-T141,primary,4,101,0.001,1e-05,100,700,0.08527742672179427,0.4329254478216171,3.0292181968688965,0.0005127751220693513,2.5652942657470703,75,25,False,False,False
EXP-T141,primary,4,101,0.001,1e-05,101,707,0.05572759147201266,0.4229014962911606,2.7567265033721924,0.000505,2.5652942657470703,75,26,False,False,False
EXP-T141,primary,4,101,0.001,1e-05,102,714,0.06623480029936347,0.41834868490695953,2.841674566268921,0.0004972248779306489,2.5652942657470703,75,27,False,False,False
EXP-T141,primary,4,101,0.001,1e-05,103,721,0.06092357209750584,0.4183732122182846,2.792089819908142,0.0004894516742563265,2.5652942657470703,75,28,False,False,False
EXP-T141,primary,4,101,0.001,1e-05,104,728,0.0630882675094264,0.3899537920951843,2.723870635032654,0.00048168230689872696,2.5652942657470703,75,29,False,False,False
EXP-T141,primary,4,101,0.001,1e-05,105,735,0.06679269219083446,0.4113704413175583,2.789297342300415,0.0004739186928329899,2.5652942657470703,75,30,False,True,False
EXP-T141,primary,4,101,0.01,0.0001,1,7,3.207134119101933,0.7319663166999817,4.453556299209595,0.01,4.453556299209595,1,0,True,False,False
EXP-T141,primary,4,101,0.01,0.0001,2,14,1.8836933885301863,0.6255802810192108,3.9286417961120605,0.00999938933078422,3.9286417961120605,2,0,True,False,False
EXP-T141,primary,4,101,0.01,0.0001,3,21,1.3202138032232011,2.3493436574935913,12.128514766693115,0.009997557473810372,3.9286417961120605,2,1,False,False,False
EXP-T141,primary,4,101,0.01,0.0001,4,28,1.9262096200670515,0.7395991086959839,4.459423780441284,0.009994504881061753,3.9286417961120605,2,2,False,False,False
EXP-T141,primary,4,101,0.01,0.0001,5,35,0.9569958789008004,0.5841180086135864,3.7163665294647217,0.009990232305719944,3.7163665294647217,5,0,True,False,False
EXP-T141,primary,4,101,0.01,0.0001,6,42,0.5491492961134229,0.5786165297031403,3.690831422805786,0.009984740801978984,3.690831422805786,6,0,True,False,False
EXP-T141,primary,4,101,0.01,0.0001,7,49,0.6460455592189517,0.510243147611618,3.3752427101135254,0.009978031724785246,3.3752427101135254,7,0,True,False,False
EXP-T141,primary,4,101,0.01,0.0001,8,56,0.7138021545750755,0.5152231752872467,3.485532283782959,0.00997010672950314,3.3752427101135254,7,1,False,False,False
EXP-T141,primary,4,101,0.01,0.0001,9,63,0.8056327956063407,0.5088169574737549,3.4177708625793457,0.009960967771506667,3.3752427101135254,7,2,False,False,False
EXP-T141,primary,4,101,0.01,0.0001,10,70,2.084696343966893,3.069420337677002,15.488386631011963,0.00995061710569696,3.3752427101135254,7,3,False,False,False
EXP-T141,primary,4,101,0.01,0.0001,11,77,4.901448011398315,1.9618709087371826,10.299137353897095,0.009939057285945933,3.3752427101135254,7,4,False,False,False
EXP-T141,primary,4,101,0.01,0.0001,12,84,5.227442077228001,0.533369779586792,3.5798473358154297,0.00992629116446613,3.3752427101135254,7,5,False,False,False
EXP-T141,primary,4,101,0.01,0.0001,13,91,7.672108956745693,13.184332847595215,62.68447971343994,0.00991232189110701,3.3752427101135254,7,6,False,False,False
EXP-T141,primary,4,101,0.01,0.0001,14,98,7.03306234734399,1.2460941076278687,6.917746543884277,0.00989715291257774,3.3752427101135254,7,7,False,False,False
EXP-T141,primary,4,101,0.01,0.0001,15,105,2.3451631324631825,4.019084572792053,19.919512152671814,0.0098807879715968,3.3752427101135254,7,8,False,False,False
EXP-T141,primary,4,101,0.01,0.0001,16,112,5.430581582444055,0.5091685354709625,3.420757293701172,0.0098632311059685,3.3752427101135254,7,9,False,False,False
EXP-T141,primary,4,101,0.01,0.0001,17,119,0.841521965605872,1.0579620599746704,6.012597441673279,0.009844486647586723,3.3752427101135254,7,10,False,False,False
EXP-T141,primary,4,101,0.01,0.0001,18,126,0.6516437360218593,0.5076057016849518,3.3942618370056152,0.0098245592213661,3.3752427101135254,7,11,False,False,False
EXP-T141,primary,4,101,0.01,0.0001,19,133,0.5430271795817784,0.5073082149028778,3.386140823364258,0.009803453744100868,3.3752427101135254,7,12,False,False,False
EXP-T141,primary,4,101,0.01,0.0001,20,140,0.4876668793814523,0.5067042410373688,3.3658037185668945,0.009781175423251734,3.3658037185668945,20,0,True,False,False
EXP-T141,primary,4,101,0.01,0.0001,21,147,0.8356515296867916,0.5075381696224213,3.352968692779541,0.009757729755661011,3.352968692779541,21,0,True,False,False
EXP-T141,primary,4,101,0.01,0.0001,22,154,0.7660988995007106,0.5081509351730347,3.3487777709960938,0.009733122526196349,3.3487777709960938,22,0,True,False,False
EXP-T141,primary,4,101,0.01,0.0001,23,161,0.5802525665078845,0.5069497525691986,3.3590149879455566,0.009707359806323416,3.3487777709960938,22,1,False,False,False
EXP-T141,primary,4,101,0.01,0.0001,24,168,0.5301389651639121,0.5067077875137329,3.365316867828369,0.009680447952607845,3.3487777709960938,22,2,False,False,False
EXP-T141,primary,4,101,0.01,0.0001,25,175,0.5266075432300568,0.5068825483322144,3.3731470108032227,0.009652393605146845,3.3487777709960938,22,3,False,False,False
EXP-T141,primary,4,101,0.01,0.0001,26,182,3.071708709001541,0.5079259872436523,3.4016103744506836,0.00962320368593087,3.3487777709960938,22,4,False,False,False
EXP-T141,primary,4,101,0.01,0.0001,27,189,0.5857124286038535,0.5083679556846619,3.410277843475342,0.009592885397135707,3.3487777709960938,22,5,False,False,False
EXP-T141,primary,4,101,0.01,0.0001,28,196,0.5496631285973957,0.5089263021945953,3.419447422027588,0.009561446219345454,3.3487777709960938,22,6,False,False,False
EXP-T141,primary,4,101,0.01,0.0001,29,203,0.5427747624261039,0.5092817842960358,3.424595832824707,0.009528893909706798,3.3487777709960938,22,7,False,False,False
EXP-T141,primary,4,101,0.01,0.0001,30,210,0.5307934497083936,0.5084669291973114,3.41202449798584,0.009495236500015047,3.3487777709960938,22,8,False,False,False
EXP-T141,primary,4,101,0.01,0.0001,31,217,0.48808727839163374,0.5077083706855774,3.396742343902588,0.00946048229473242,3.3487777709960938,22,9,False,False,False
EXP-T141,primary,4,101,0.01,0.0001,32,224,0.6192265983138766,0.507072776556015,3.37813138961792,0.009424639868939034,3.3487777709960938,22,10,False,False,False
EXP-T141,primary,4,101,0.01,0.0001,33,231,0.5036277281386512,0.5067477524280548,3.3698205947875977,0.009387718066217124,3.3487777709960938,22,11,False,False,False
EXP-T141,primary,4,101,0.01,0.0001,34,238,0.554175751549857,0.5067024827003479,3.366302967071533,0.009349725996469048,3.3487777709960938,22,12,False,False,False
EXP-T141,primary,4,101,0.01,0.0001,35,245,0.5525361810411725,0.506706714630127,3.3654403686523438,0.00931067303366952,3.3487777709960938,22,13,False,False,False
EXP-T141,primary,4,101,0.01,0.0001,36,252,0.6081326007843018,0.506756991147995,3.3701462745666504,0.009270568813552756,3.3487777709960938,22,14,False,False,False
EXP-T141,primary,4,101,0.01,0.0001,37,259,0.5542986052376884,0.5068368911743164,3.372239589691162,0.009229423231234974,3.3487777709960938,22,15,False,False,False
EXP-T141,primary,4,101,0.01,0.0001,38,266,0.5150670196328845,0.5070198774337769,3.376002788543701,0.009187246438772938,3.3487777709960938,22,16,False,False,False
EXP-T141,primary,4,101,0.01,0.0001,39,273,0.6315981490271432,0.5074356198310852,3.389820098876953,0.009144048842659082,3.3487777709960938,22,17,False,False,False
EXP-T141,primary,4,101,0.01,0.0001,40,280,0.4935664875166757,0.5070719122886658,3.378098487854004,0.009099841101253866,3.3487777709960938,22,18,False,False,False
EXP-T141,primary,4,101,0.01,0.0001,41,287,0.6155472419091633,0.5067214965820312,3.3686442375183105,0.00905463412215599,3.3487777709960938,22,19,False,False,False
EXP-T141,primary,4,101,0.01,0.0001,42,294,0.5150431224278041,0.5067076683044434,3.3676090240478516,0.0090084390595111,3.3487777709960938,22,20,False,False,False
EXP-T141,primary,4,101,0.01,0.0001,43,301,0.6458766119820731,0.5068029165267944,3.371458053588867,0.008961267311259666,3.3487777709960938,22,21,False,False,False
EXP-T141,primary,4,101,0.01,0.0001,44,308,0.5261547820908683,0.5070512592792511,3.3772830963134766,0.008913130516324731,3.3487777709960938,22,22,False,False,False
EXP-T141,primary,4,101,0.01,0.0001,45,315,0.4920657053589821,0.5073404908180237,3.3871078491210938,0.008864040551740157,3.3487777709960938,22,23,False,False,False
EXP-T141,primary,4,101,0.01,0.0001,46,322,0.5480374310697828,0.5071271061897278,3.3801655769348145,0.008814009529720154,3.3487777709960938,22,24,False,False,False
EXP-T141,primary,4,101,0.01,0.0001,47,329,0.548182121344975,0.5069776177406311,3.374722957611084,0.008763049794670776,3.3487777709960938,22,25,False,False,False
EXP-T141,primary,4,101,0.01,0.0001,48,336,0.591740933912141,0.5067080855369568,3.367656707763672,0.008711173920144118,3.3487777709960938,22,26,False,False,False
EXP-T141,primary,4,101,0.01,0.0001,49,343,0.5609696507453918,0.5067492127418518,3.363124370574951,0.008658394705735987,3.3487777709960938,22,27,False,False,False
EXP-T141,primary,4,101,0.01,0.0001,50,350,0.5475811191967556,0.5067578852176666,3.362840175628662,0.008604725173927784,3.3487777709960938,22,28,False,False,False
EXP-T141,primary,4,101,0.01,0.0001,51,357,0.5897575744560787,0.5067068636417389,3.3654251098632812,0.00855017856687341,3.3487777709960938,22,29,False,False,False
EXP-T141,primary,4,101,0.01,0.0001,52,364,0.4949759266206196,0.5067470669746399,3.369795322418213,0.008494768343131955,3.3487777709960938,22,30,False,True,False
EXP-T141,shadow,0,101,1e-05,1.0000000000000001e-07,1,7,0.4620991481751844,0.42825249830881756,3.3006977890477036,1e-05,3.3006977890477036,1,0,True,False,False
EXP-T141,shadow,0,101,1e-05,1.0000000000000001e-07,2,14,0.481374398672155,0.43318086862564087,3.2867336851177793,9.99938933078422e-06,3.2867336851177793,2,0,True,False,False
EXP-T141,shadow,0,101,1e-05,1.0000000000000001e-07,3,21,0.6160066851547786,0.43753848473231,3.283346002752131,9.997557473810373e-06,3.283346002752131,3,0,True,False,False
EXP-T141,shadow,0,101,1e-05,1.0000000000000001e-07,4,28,0.5970595606735775,0.44245046377182007,3.2795717643968985,9.994504881061752e-06,3.2795717643968985,4,0,True,False,False
EXP-T141,shadow,0,101,1e-05,1.0000000000000001e-07,5,35,0.6172660844666618,0.4493228594462077,3.2747712568803267,9.990232305719944e-06,3.2747712568803267,5,0,True,False,False
EXP-T141,shadow,0,101,1e-05,1.0000000000000001e-07,6,42,0.5027226406548705,0.45637329419453937,3.2701372088808003,9.984740801978984e-06,3.2701372088808003,6,0,True,False,False
EXP-T141,shadow,0,101,1e-05,1.0000000000000001e-07,7,49,0.5605359162603106,0.4629546105861664,3.2658737645004736,9.978031724785247e-06,3.2658737645004736,7,0,True,False,False
EXP-T141,shadow,0,101,1e-05,1.0000000000000001e-07,8,56,0.4850941944335188,0.4665018518765767,3.2632712161902226,9.97010672950314e-06,3.2632712161902226,8,0,True,False,False
EXP-T141,shadow,0,101,1e-05,1.0000000000000001e-07,9,63,0.4984260605914252,0.46647514899571735,3.2625175244880444,9.960967771506666e-06,3.2625175244880444,9,0,True,False,False
EXP-T141,shadow,0,101,1e-05,1.0000000000000001e-07,10,70,0.4987275281122753,0.4667152961095174,3.2615183049982246,9.950617105696961e-06,3.2615183049982246,10,0,True,False,False
EXP-T141,shadow,0,101,1e-05,1.0000000000000001e-07,11,77,0.5236844548157283,0.46558181444803876,3.2611500133167612,9.939057285945933e-06,3.2611500133167612,11,0,True,False,False
EXP-T141,shadow,0,101,1e-05,1.0000000000000001e-07,12,84,0.5528390407562256,0.4635014732678731,3.26124179724491,9.926291164466131e-06,3.2611500133167612,11,1,False,False,False
EXP-T141,shadow,0,101,1e-05,1.0000000000000001e-07,13,91,0.5455719147409711,0.46533846855163574,3.2593256632486978,9.91232189110701e-06,3.2593256632486978,13,0,True,False,False
EXP-T141,shadow,0,101,1e-05,1.0000000000000001e-07,14,98,0.482694628781506,0.46583948532740277,3.2581003362482246,9.897152912577742e-06,3.2581003362482246,14,0,True,False,False
EXP-T141,shadow,0,101,1e-05,1.0000000000000001e-07,15,105,0.5855526200362614,0.4665194551150004,3.2569272590406015,9.8807879715968e-06,3.2569272590406015,15,0,True,False,False
EXP-T141,shadow,0,101,1e-05,1.0000000000000001e-07,16,112,0.6478608889239175,0.4639722208182017,3.257337627988873,9.8632311059685e-06,3.2569272590406015,15,1,False,False,False
EXP-T141,shadow,0,101,1e-05,1.0000000000000001e-07,17,119,0.49751368377889904,0.46139992276827496,3.257737824411103,9.844486647586724e-06,3.2569272590406015,15,2,False,False,False
EXP-T141,shadow,0,101,1e-05,1.0000000000000001e-07,18,126,0.589991250208446,0.4603789250055949,3.2574333422111743,9.824559221366101e-06,3.2569272590406015,15,3,False,False,False
EXP-T141,shadow,0,101,1e-05,1.0000000000000001e-07,19,133,0.6878289793218885,0.4607820312182109,3.2564424456972065,9.803453744100868e-06,3.2564424456972065,19,0,True,False,False
EXP-T141,shadow,0,101,1e-05,1.0000000000000001e-07,20,140,0.521708502301148,0.4607325891653697,3.255489696155895,9.781175423251734e-06,3.255489696155895,20,0,True,False,False
EXP-T141,shadow,0,101,1e-05,1.0000000000000001e-07,21,147,0.5037888586521149,0.4583020806312561,3.2559109312115293,9.757729755661012e-06,3.255489696155895,20,1,False,False,False
EXP-T141,shadow,0,101,1e-05,1.0000000000000001e-07,22,154,0.7856297067233494,0.4584736227989197,3.2548929850260415,9.73312252619635e-06,3.2548929850260415,22,0,True,False,False
EXP-T141,shadow,0,101,1e-05,1.0000000000000001e-07,23,161,0.48755343364817755,0.4595622618993123,3.253381671327533,9.707359806323418e-06,3.253381671327533,23,0,True,False,False
EXP-T141,shadow,0,101,1e-05,1.0000000000000001e-07,24,168,0.7109009964125497,0.45995644728342694,3.2523905436197915,9.680447952607845e-06,3.2523905436197915,24,0,True,False,False
EXP-T141,shadow,0,101,1e-05,1.0000000000000001e-07,25,175,0.567605985062463,0.46046944459279376,3.251329364198627,9.652393605146845e-06,3.251329364198627,25,0,True,False,False
EXP-T141,shadow,0,101,1e-05,1.0000000000000001e-07,26,182,0.8673477343150547,0.45821990569432575,3.2519265377160274,9.62320368593087e-06,3.251329364198627,25,1,False,False,False
EXP-T141,shadow,0,101,1e-05,1.0000000000000001e-07,27,189,0.48749505302735735,0.45624446868896484,3.252204663825758,9.592885397135707e-06,3.251329364198627,25,2,False,False,False
EXP-T141,shadow,0,101,1e-05,1.0000000000000001e-07,28,196,0.477648336007925,0.4577427804470062,3.2504926739316997,9.561446219345455e-06,3.2504926739316997,28,0,True,False,False
EXP-T141,shadow,0,101,1e-05,1.0000000000000001e-07,29,203,0.5171252148491996,0.4589320520559947,3.2489397453539297,9.528893909706798e-06,3.2489397453539297,29,0,True,False,False
EXP-T141,shadow,0,101,1e-05,1.0000000000000001e-07,30,210,0.4877271460635321,0.4606454173723857,3.2471750432794746,9.495236500015048e-06,3.2471750432794746,30,0,True,False,False
EXP-T141,shadow,0,101,1e-05,1.0000000000000001e-07,31,217,0.4983347909791129,0.46491318941116333,3.2440668741861978,9.460482294732422e-06,3.2440668741861978,31,0,True,False,False
EXP-T141,shadow,0,101,1e-05,1.0000000000000001e-07,32,224,0.47745159667517456,0.46523696184158325,3.2430445353190103,9.424639868939035e-06,3.2430445353190103,32,0,True,False,False
EXP-T141,shadow,0,101,1e-05,1.0000000000000001e-07,33,231,0.5381394795009068,0.4670259952545166,3.2412042328805635,9.387718066217125e-06,3.2412042328805635,33,0,True,False,False
EXP-T141,shadow,0,101,1e-05,1.0000000000000001e-07,34,238,0.7368049451283046,0.46827232837677,3.239610383004853,9.349725996469047e-06,3.239610383004853,34,0,True,False,False
EXP-T141,shadow,0,101,1e-05,1.0000000000000001e-07,35,245,0.526807461466108,0.46810637911160785,3.2387172814571494,9.310673033669522e-06,3.2387172814571494,35,0,True,False,False
EXP-T141,shadow,0,101,1e-05,1.0000000000000001e-07,36,252,0.49684411713055204,0.4659910003344218,3.238775311094342,9.270568813552757e-06,3.2387172814571494,35,1,False,False,False
EXP-T141,shadow,0,101,1e-05,1.0000000000000001e-07,37,259,0.4882770654346262,0.4648674726486206,3.238656708688447,9.229423231234975e-06,3.238656708688447,37,0,True,False,False
EXP-T141,shadow,0,101,1e-05,1.0000000000000001e-07,38,266,0.5327060903821673,0.46322017908096313,3.238817157167377,9.18724643877294e-06,3.238656708688447,37,1,False,False,False
EXP-T141,shadow,0,101,1e-05,1.0000000000000001e-07,39,273,0.5855514875480107,0.4618631601333618,3.2388178507486978,9.144048842659081e-06,3.238656708688447,37,2,False,False,False
EXP-T141,shadow,0,101,1e-05,1.0000000000000001e-07,40,280,0.7323537852082934,0.4634309907754262,3.237180536443537,9.099841101253867e-06,3.237180536443537,40,0,True,False,False
EXP-T141,shadow,0,101,1e-05,1.0000000000000001e-07,41,287,0.4886307144271476,0.46333245436350506,3.236446496212121,9.054634122155991e-06,3.236446496212121,41,0,True,False,False
EXP-T141,shadow,0,101,1e-05,1.0000000000000001e-07,42,294,0.49544971862009596,0.4632957875728607,3.235607956395005,9.0084390595111e-06,3.235607956395005,42,0,True,False,False
EXP-T141,shadow,0,101,1e-05,1.0000000000000001e-07,43,301,0.49387735767023905,0.46656131744384766,3.2329133929628315,8.961267311259668e-06,3.2329133929628315,43,0,True,False,False
EXP-T141,shadow,0,101,1e-05,1.0000000000000001e-07,44,308,0.49447462814194815,0.4665924310684204,3.232030926328717,8.913130516324733e-06,3.232030926328717,44,0,True,False,False
EXP-T141,shadow,0,101,1e-05,1.0000000000000001e-07,45,315,0.46799059358558487,0.4676630099614461,3.230543425588897,8.864040551740158e-06,3.230543425588897,45,0,True,False,False
EXP-T141,shadow,0,101,1e-05,1.0000000000000001e-07,46,322,0.7139827949660165,0.4698391060034434,3.2284499659682764,8.814009529720155e-06,3.2284499659682764,46,0,True,False,False
EXP-T141,shadow,0,101,1e-05,1.0000000000000001e-07,47,329,0.6795595756598881,0.4709585905075073,3.226735895330256,8.763049794670776e-06,3.226735895330256,47,0,True,False,False
EXP-T141,shadow,0,101,1e-05,1.0000000000000001e-07,48,336,0.4745614800275299,0.4702669282754262,3.2260513305664062,8.711173920144118e-06,3.2260513305664062,48,0,True,False,False
EXP-T141,shadow,0,101,1e-05,1.0000000000000001e-07,49,343,0.4720583515507834,0.4683442711830139,3.226075374718868,8.658394705735988e-06,3.2260513305664062,48,1,False,False,False
EXP-T141,shadow,0,101,1e-05,1.0000000000000001e-07,50,350,0.47518288982766016,0.46780293186505634,3.2254187844016333,8.604725173927786e-06,3.2254187844016333,50,0,True,False,False
EXP-T141,shadow,0,101,1e-05,1.0000000000000001e-07,51,357,0.6496887590203967,0.4682258764902751,3.224523602109967,8.550178566873412e-06,3.224523602109967,51,0,True,False,False
EXP-T141,shadow,0,101,1e-05,1.0000000000000001e-07,52,364,0.5028277486562729,0.46685218811035156,3.224696072665128,8.494768343131955e-06,3.224523602109967,51,1,False,False,False
EXP-T141,shadow,0,101,1e-05,1.0000000000000001e-07,53,371,0.6006661525794438,0.4674252172311147,3.2236628676905776,8.43850817434701e-06,3.2236628676905776,53,0,True,False,False
EXP-T141,shadow,0,101,1e-05,1.0000000000000001e-07,54,378,0.599325282233102,0.46634594599405926,3.2235932783647017,8.381411941873379e-06,3.2235932783647017,54,0,True,False,False
EXP-T141,shadow,0,101,1e-05,1.0000000000000001e-07,55,385,0.504780575633049,0.4677982032299042,3.222139763109612,8.323493733352078e-06,3.222139763109612,55,0,True,False,False
EXP-T141,shadow,0,101,1e-05,1.0000000000000001e-07,56,392,0.4953739850648812,0.46903832753499347,3.2208760579427085,8.26476783923441e-06,3.2208760579427085,56,0,True,False,False
EXP-T141,shadow,0,101,1e-05,1.0000000000000001e-07,57,399,0.4928653612732887,0.46835893392562866,3.2205112341678506,8.205248749256014e-06,3.2205112341678506,57,0,True,False,False
EXP-T141,shadow,0,101,1e-05,1.0000000000000001e-07,58,406,0.7486064348902021,0.46868014335632324,3.2196331602154356,8.144951148861743e-06,3.2196331602154356,58,0,True,False,False
EXP-T141,shadow,0,101,1e-05,1.0000000000000001e-07,59,413,0.4663460769557527,0.4688824613889058,3.21858515883937,8.083889915582235e-06,3.21858515883937,59,0,True,False,False
EXP-T141,shadow,0,101,1e-05,1.0000000000000001e-07,60,420,0.48050091734954287,0.47039185961087543,3.216866464325876,8.022080115363127e-06,3.216866464325876,60,0,True,False,False
EXP-T141,shadow,0,101,1e-05,1.0000000000000001e-07,61,427,0.4922965041228703,0.4700314402580261,3.2160868789210464,7.959536998847744e-06,3.2160868789210464,61,0,True,False,False
EXP-T141,shadow,0,101,1e-05,1.0000000000000001e-07,62,434,0.49721354459013256,0.4680356979370117,3.216400146484375,7.89627599761423e-06,3.2160868789210464,61,1,False,False,False
EXP-T141,shadow,0,101,1e-05,1.0000000000000001e-07,63,441,0.7297801545688084,0.466211477915446,3.216483145049124,7.832312720368048e-06,3.2160868789210464,61,2,False,False,False
EXP-T141,shadow,0,101,1e-05,1.0000000000000001e-07,64,448,0.6980519763060978,0.46399490038553876,3.2170393972685845,7.767662949090754e-06,3.2160868789210464,61,3,False,False,False
EXP-T141,shadow,0,101,1e-05,1.0000000000000001e-07,65,455,0.6400517310414996,0.4640376965204875,3.2162968028675425,7.702342635146033e-06,3.2160868789210464,61,4,False,False,False
EXP-T141,shadow,0,101,1e-05,1.0000000000000001e-07,66,462,0.47527705132961273,0.46459760268529254,3.215402314157197,7.636367895343947e-06,3.215402314157197,66,0,True,False,False
EXP-T141,shadow,0,101,1e-05,1.0000000000000001e-07,67,469,0.8195277111870902,0.46538445353507996,3.2142139781605112,7.5697550079643376e-06,3.2142139781605112,67,0,True,False,False
EXP-T141,shadow,0,101,1e-05,1.0000000000000001e-07,68,476,0.56000674196652,0.4669604500134786,3.21270751953125,7.502520408740418e-06,3.21270751953125,68,0,True,False,False
EXP-T141,shadow,0,101,1e-05,1.0000000000000001e-07,69,483,0.4764285481401852,0.46825118859608966,3.2111832589814155,7.43468068680349e-06,3.2111832589814155,69,0,True,False,False
EXP-T141,shadow,0,101,1e-05,1.0000000000000001e-07,70,490,0.5425664527075631,0.4690469106038411,3.2099609375,7.366252580589839e-06,3.2099609375,70,0,True,False,False
EXP-T141,shadow,0,101,1e-05,1.0000000000000001e-07,71,497,0.483452067311321,0.46906981865564984,3.2091459794477983,7.297252973710756e-06,3.2091459794477983,71,0,True,False,False
EXP-T141,shadow,0,101,1e-05,1.0000000000000001e-07,72,504,0.47462251290146795,0.46723903218905133,3.2094532359730112,7.227698890786779e-06,3.2091459794477983,71,1,False,False,False
EXP-T141,shadow,0,101,1e-05,1.0000000000000001e-07,73,511,0.4792195732942283,0.4671049912770589,3.2087462454131157,7.15760749324711e-06,3.2087462454131157,73,0,True,False,False
EXP-T141,shadow,0,101,1e-05,1.0000000000000001e-07,74,518,0.4862059546368463,0.4658307234446208,3.2088015007250235,7.086996075095289e-06,3.2087462454131157,73,1,False,False,False
EXP-T141,shadow,0,101,1e-05,1.0000000000000001e-07,75,525,0.477472015922623,0.46604569753011066,3.2082184300278174,7.015882058642164e-06,3.2082184300278174,75,0,True,False,False
EXP-T141,shadow,0,101,1e-05,1.0000000000000001e-07,76,532,0.4984472894242832,0.46669507026672363,3.207650155732126,6.9442829902071945e-06,3.207650155732126,76,0,True,False,False
EXP-T141,shadow,0,101,1e-05,1.0000000000000001e-07,77,539,0.466318527502673,0.4675696591536204,3.2066155635949336,6.8722165357891564e-06,3.2066155635949336,77,0,True,False,False
EXP-T141,shadow,0,101,1e-05,1.0000000000000001e-07,78,546,0.46575606308345285,0.46789681911468506,3.2055717237067944,6.799700476707323e-06,3.2055717237067944,78,0,True,False,False
EXP-T141,shadow,0,101,1e-05,1.0000000000000001e-07,79,553,0.5304147899150848,0.46878602107365924,3.2040789055101797,6.726752705214193e-06,3.2040789055101797,79,0,True,False,False
EXP-T141,shadow,0,101,1e-05,1.0000000000000001e-07,80,560,0.5066333625997815,0.46810094515482586,3.2035531708688447,6.65339122008084e-06,3.2035531708688447,80,0,True,False,False
EXP-T141,shadow,0,101,1e-05,1.0000000000000001e-07,81,567,0.476303603416974,0.468004713455836,3.2026584509647256,6.57963412215599e-06,3.2026584509647256,81,0,True,False,False
EXP-T141,shadow,0,101,1e-05,1.0000000000000001e-07,82,574,0.4700458800154073,0.4692016839981079,3.201164707993016,6.505499609899905e-06,3.201164707993016,82,0,True,False,False
EXP-T141,shadow,0,101,1e-05,1.0000000000000001e-07,83,581,0.4784275378499712,0.4696271816889445,3.2001664132782905,6.431005974894185e-06,3.2001664132782905,83,0,True,False,False
EXP-T141,shadow,0,101,1e-05,1.0000000000000001e-07,84,588,0.7235482292515891,0.4683765967686971,3.199878114642519,6.356171597328595e-06,3.199878114642519,84,0,True,False,False
EXP-T141,shadow,0,101,1e-05,1.0000000000000001e-07,85,595,0.5400326720305851,0.46743353207906085,3.199452949292732,6.28101494146603e-06,3.199452949292732,85,0,True,False,False
EXP-T141,shadow,0,101,1e-05,1.0000000000000001e-07,86,602,0.4722716680594853,0.46607182423273724,3.199475143895005,6.205554551086732e-06,3.199452949292732,85,1,False,False,False
EXP-T141,shadow,0,101,1e-05,1.0000000000000001e-07,87,609,0.48554437926837374,0.4655027786890666,3.1989824699633047,6.129809044912887e-06,3.1989824699633047,87,0,True,False,False
EXP-T141,shadow,0,101,1e-05,1.0000000000000001e-07,88,616,0.5242255415235247,0.4663886825243632,3.197632529518821,6.053797112014738e-06,3.197632529518821,88,0,True,False,False
EXP-T141,shadow,0,101,1e-05,1.0000000000000001e-07,89,623,0.7355045122759682,0.46627004941304523,3.1969942035097065,5.977537507199338e-06,3.1969942035097065,89,0,True,False,False
EXP-T141,shadow,0,101,1e-05,1.0000000000000001e-07,90,630,0.5141859650611877,0.46610995133717853,3.1963930996981533,5.901049046383077e-06,3.1963930996981533,90,0,True,False,False
EXP-T141,shadow,0,101,1e-05,1.0000000000000001e-07,91,637,0.5425610968044826,0.46680208047231037,3.1952193289092095,5.824350601949143e-06,3.1952193289092095,91,0,True,False,False
EXP-T141,shadow,0,101,1e-05,1.0000000000000001e-07,92,644,0.5789866106850761,0.4674149652322133,3.194146358605587,5.7474610980910354e-06,3.194146358605587,92,0,True,False,False
EXP-T141,shadow,0,101,1e-05,1.0000000000000001e-07,93,651,0.7465670108795166,0.46668630838394165,3.193681427926728,5.6703995061433075e-06,3.193681427926728,93,0,True,False,False
EXP-T141,shadow,0,101,1e-05,1.0000000000000001e-07,94,658,0.49347267193453653,0.46737901369730633,3.1926685680042612,5.5931848399006745e-06,3.1926685680042612,94,0,True,False,False
EXP-T141,shadow,0,101,1e-05,1.0000000000000001e-07,95,665,0.4803561813064984,0.46679966648419696,3.192326632412997,5.515836150926646e-06,3.192326632412997,95,0,True,False,False
EXP-T141,shadow,0,101,1e-05,1.0000000000000001e-07,96,672,0.48558385776621954,0.4654783606529236,3.192450089888139,5.438372523852833e-06,3.192326632412997,95,1,False,False,False
EXP-T141,shadow,0,101,1e-05,1.0000000000000001e-07,97,679,0.5594607719353267,0.46268879373868305,3.1933073564009233,5.360813071670101e-06,3.192326632412997,95,2,False,False,False
EXP-T141,shadow,0,101,1e-05,1.0000000000000001e-07,98,686,0.46922997744487865,0.45953238010406494,3.1944057580196494,5.283176931012731e-06,3.192326632412997,95,3,False,False,False
EXP-T141,shadow,0,101,1e-05,1.0000000000000001e-07,99,693,0.5591175981930324,0.4579539895057678,3.1945206613251655,5.205483257436735e-06,3.192326632412997,95,4,False,False,False
EXP-T141,shadow,0,101,1e-05,1.0000000000000001e-07,100,700,0.47208848954843624,0.4577779173851013,3.193912159312855,5.127751220693512e-06,3.192326632412997,95,5,False,False,False
EXP-T141,shadow,0,101,1e-05,1.0000000000000001e-07,101,707,0.47647472258125034,0.4570009112358093,3.193642587372751,5.05e-06,3.192326632412997,95,6,False,False,False
EXP-T141,shadow,0,101,1e-05,1.0000000000000001e-07,102,714,0.5048251833234515,0.4583202401796977,3.192262129350142,4.972248779306488e-06,3.192262129350142,102,0,True,False,False
EXP-T141,shadow,0,101,1e-05,1.0000000000000001e-07,103,721,0.4806575264249529,0.45725017786026,3.192117864435369,4.8945167425632645e-06,3.192117864435369,103,0,True,False,False
EXP-T141,shadow,0,101,1e-05,1.0000000000000001e-07,104,728,0.47939472113336834,0.45650293429692584,3.1917708425810845,4.816823068987269e-06,3.1917708425810845,104,0,True,False,False
EXP-T141,shadow,0,101,1e-05,1.0000000000000001e-07,105,735,0.5003925625767026,0.4563090999921163,3.1911477753610322,4.7391869283298985e-06,3.1911477753610322,105,0,True,False,False
EXP-T141,shadow,0,101,1e-05,1.0000000000000001e-07,106,742,0.5068673406328473,0.45549288392066956,3.190668741861979,4.661627476147168e-06,3.190668741861979,106,0,True,False,False
EXP-T141,shadow,0,101,1e-05,1.0000000000000001e-07,107,749,0.5755596842084613,0.4566875994205475,3.1891958063299004,4.584163849073354e-06,3.1891958063299004,107,0,True,False,False
EXP-T141,shadow,0,101,1e-05,1.0000000000000001e-07,108,756,0.49789762071200777,0.4586842656135559,3.187202222419508,4.506815160099326e-06,3.187202222419508,108,0,True,False,False
EXP-T141,shadow,0,101,1e-05,1.0000000000000001e-07,109,763,0.46641453100684366,0.4600849350293477,3.1856194698449336,4.429600493856694e-06,3.1856194698449336,109,0,True,False,False
EXP-T141,shadow,0,101,1e-05,1.0000000000000001e-07,110,770,0.4877181819507054,0.46091391642888385,3.1844889322916665,4.352538901908967e-06,3.1844889322916665,110,0,True,False,False
EXP-T141,shadow,0,101,1e-05,1.0000000000000001e-07,111,777,0.5293951886040824,0.46161699295043945,3.183452028216738,4.275649398050858e-06,3.183452028216738,111,0,True,False,False
EXP-T141,shadow,0,101,1e-05,1.0000000000000001e-07,112,784,0.5825287614549909,0.4615846673647563,3.1827787919477983,4.198950953616922e-06,3.1827787919477983,112,0,True,False,False
EXP-T141,shadow,0,101,1e-05,1.0000000000000001e-07,113,791,0.5062829085758754,0.4617565870285034,3.181973544034091,4.122462492800663e-06,3.181973544034091,113,0,True,False,False
EXP-T141,shadow,0,101,1e-05,1.0000000000000001e-07,114,798,0.5658215795244489,0.46292125185330707,3.180710301254735,4.046202887985263e-06,3.180710301254735,114,0,True,False,False
EXP-T141,shadow,0,101,1e-05,1.0000000000000001e-07,115,805,0.49937059198107037,0.4640044569969177,3.179576064601089,3.970190955087116e-06,3.179576064601089,115,0,True,False,False
EXP-T141,shadow,0,101,1e-05,1.0000000000000001e-07,116,812,0.8324846795627049,0.46353083848953247,3.179076454856179,3.894445448913268e-06,3.179076454856179,116,0,True,False,False
EXP-T141,shadow,0,101,1e-05,1.0000000000000001e-07,117,819,0.4648294465483299,0.4618844787279765,3.179182341604522,3.818985058533969e-06,3.179076454856179,116,1,False,False,False
EXP-T141,shadow,0,101,1e-05,1.0000000000000001e-07,118,826,0.666477986744472,0.46021126707394916,3.1793548121596826,3.7438284026714044e-06,3.179076454856179,116,2,False,False,False
EXP-T141,shadow,0,101,1e-05,1.0000000000000001e-07,119,833,0.6934491693973541,0.4596035877863566,3.179048711603338,3.6689940251058153e-06,3.179048711603338,119,0,True,False,False
EXP-T141,shadow,0,101,1e-05,1.0000000000000001e-07,120,840,0.5864136644772121,0.4601784348487854,3.178229823256984,3.594500390100096e-06,3.178229823256984,120,0,True,False,False
EXP-T141,shadow,0,101,1e-05,1.0000000000000001e-07,121,847,0.5753558703831264,0.4601471225420634,3.1778411865234375,3.5203658778440116e-06,3.1778411865234375,121,0,True,False,False
EXP-T141,shadow,0,101,1e-05,1.0000000000000001e-07,122,854,0.6430265137127468,0.45958181222279865,3.1777859312115293,3.4466087799191603e-06,3.1777859312115293,122,0,True,False,False
EXP-T141,shadow,0,101,1e-05,1.0000000000000001e-07,123,861,0.45370433745639666,0.4590231378873189,3.1774756691672583,3.3732472947858077e-06,3.1774756691672583,123,0,True,False,False
EXP-T141,shadow,0,101,1e-05,1.0000000000000001e-07,124,868,0.46852596257148044,0.4586236874262492,3.17715800892223,3.300299523292678e-06,3.17715800892223,124,0,True,False,False
EXP-T141,shadow,0,101,1e-05,1.0000000000000001e-07,125,875,0.5367891533034188,0.4582429726918538,3.176715966426965,3.227783464210845e-06,3.176715966426965,125,0,True,False,False
EXP-T141,shadow,0,101,1e-05,1.0000000000000001e-07,126,882,0.47585842785026344,0.45867278178532916,3.175839510830966,3.155717009792807e-06,3.175839510830966,126,0,True,False,False
EXP-T141,shadow,0,101,1e-05,1.0000000000000001e-07,127,889,0.4826492262738092,0.4599054455757141,3.1745866717714253,3.0841179413578354e-06,3.1745866717714253,127,0,True,False,False
EXP-T141,shadow,0,101,1e-05,1.0000000000000001e-07,128,896,0.5246040991374424,0.46085068583488464,3.173642707593513,3.0130039249047117e-06,3.173642707593513,128,0,True,False,False
EXP-T141,shadow,0,101,1e-05,1.0000000000000001e-07,129,903,0.4791333164487566,0.46104852358500165,3.173083681048769,2.9423925067528904e-06,3.173083681048769,129,0,True,False,False
EXP-T141,shadow,0,101,1e-05,1.0000000000000001e-07,130,910,0.4972305681024279,0.46104419231414795,3.1726596716678506,2.87230110921322e-06,3.1726596716678506,130,0,True,False,False
EXP-T141,shadow,0,101,1e-05,1.0000000000000001e-07,131,917,0.520394137927464,0.4609615008036296,3.172165148185961,2.8027470262892435e-06,3.172165148185961,131,0,True,False,False
EXP-T141,shadow,0,101,1e-05,1.0000000000000001e-07,132,924,0.5593181848526001,0.4605793356895447,3.171823906176018,2.7337474194101625e-06,3.171823906176018,132,0,True,False,False
EXP-T141,shadow,0,101,1e-05,1.0000000000000001e-07,133,931,0.6465248167514801,0.45977359016736347,3.171696980794271,2.6653193131965085e-06,3.171696980794271,133,0,True,False,False
EXP-T141,shadow,0,101,1e-05,1.0000000000000001e-07,134,938,0.5293803300176348,0.4599907398223877,3.171080849387429,2.5974795912595824e-06,3.171080849387429,134,0,True,False,False
EXP-T141,shadow,0,101,1e-05,1.0000000000000001e-07,135,945,0.823439747095108,0.4600209991137187,3.1706718676017993,2.530244992035662e-06,3.1706718676017993,135,0,True,False,False
EXP-T141,shadow,0,101,1e-05,1.0000000000000001e-07,136,952,0.4846773403031485,0.45993173122406006,3.170293865781842,2.4636321046560533e-06,3.170293865781842,136,0,True,False,False
EXP-T141,shadow,0,101,1e-05,1.0000000000000001e-07,137,959,0.6116653808525631,0.459741751352946,3.169893669359612,2.3976573648539653e-06,3.169893669359612,137,0,True,False,False
EXP-T141,shadow,0,101,1e-05,1.0000000000000001e-07,138,966,0.5333942345210484,0.45937439799308777,3.169642361727628,2.332337050909247e-06,3.169642361727628,138,0,True,False,False
EXP-T141,shadow,0,101,1e-05,1.0000000000000001e-07,139,973,0.4725896790623665,0.4591652552286784,3.1694146358605586,2.267687279631953e-06,3.1694146358605586,139,0,True,False,False
EXP-T141,shadow,0,101,1e-05,1.0000000000000001e-07,140,980,0.5460140705108643,0.45957426230112713,3.168968663071141,2.2037240023857708e-06,3.168968663071141,140,0,True,False,False
EXP-T141,shadow,0,101,1e-05,1.0000000000000001e-07,141,987,0.5284293038504464,0.45982815821965534,3.168470671682647,2.1404630011522584e-06,3.168470671682647,141,0,True,False,False
EXP-T141,shadow,0,101,1e-05,1.0000000000000001e-07,142,994,0.4734130656080587,0.4605998893578847,3.1676802201704546,2.0779198846368745e-06,3.1676802201704546,142,0,True,False,False
EXP-T141,shadow,0,101,1e-05,1.0000000000000001e-07,143,1001,0.48148877173662186,0.46146013339360553,3.1669427120324336,2.0161100844177658e-06,3.1669427120324336,143,0,True,False,False
EXP-T141,shadow,0,101,1e-05,1.0000000000000001e-07,144,1008,0.4645120171563966,0.46203891436258954,3.1664618289831914,1.9550488511382593e-06,3.1664618289831914,144,0,True,False,False
EXP-T141,shadow,0,101,1e-05,1.0000000000000001e-07,145,1015,0.4687246092196022,0.4624723692735036,3.1660260287198154,1.894751250743986e-06,3.1660260287198154,145,0,True,False,False
EXP-T141,shadow,0,101,1e-05,1.0000000000000001e-07,146,1022,0.6732146569660732,0.46272406975428265,3.165637391986269,1.8352321607655916e-06,3.165637391986269,146,0,True,False,False
EXP-T141,shadow,0,101,1e-05,1.0000000000000001e-07,147,1029,0.5210519007274083,0.4621752103169759,3.165600400982481,1.7765062666479242e-06,3.165600400982481,147,0,True,False,False
EXP-T141,shadow,0,101,1e-05,1.0000000000000001e-07,148,1036,0.5313115673405784,0.4615006446838379,3.165674845377604,1.7185880581266217e-06,3.165600400982481,147,1,False,False,False
EXP-T141,shadow,0,101,1e-05,1.0000000000000001e-07,149,1043,0.4826249416385378,0.4610483447710673,3.165677850896662,1.6614918256529908e-06,3.165600400982481,147,2,False,False,False
EXP-T141,shadow,0,101,1e-05,1.0000000000000001e-07,150,1050,0.5502322954790932,0.4612032969792684,3.16537128795277,1.6052316568680442e-06,3.16537128795277,150,0,True,False,False
EXP-T141,shadow,0,101,1e-05,1.0000000000000001e-07,151,1057,0.6545153260231018,0.46115872263908386,3.16513408314098,1.5498214331265902e-06,3.16513408314098,151,0,True,False,False
EXP-T141,shadow,0,101,1e-05,1.0000000000000001e-07,152,1064,0.46695516631007195,0.4611053466796875,3.1649747906309185,1.495274826072216e-06,3.1649747906309185,152,0,True,False,False
EXP-T141,shadow,0,101,1e-05,1.0000000000000001e-07,153,1071,0.5187062323093414,0.4609050353368123,3.1648883241595644,1.441605294264014e-06,3.1648883241595644,153,0,True,False,False
EXP-T141,shadow,0,101,1e-05,1.0000000000000001e-07,154,1078,0.47055099425571306,0.4609215458234151,3.1646002567175664,1.3888260798558817e-06,3.1646002567175664,154,0,True,False,False
EXP-T141,shadow,0,101,1e-05,1.0000000000000001e-07,155,1085,0.8248643279075623,0.46117154757181805,3.1641374067826704,1.3369502053292252e-06,3.1641374067826704,155,0,True,False,False
EXP-T141,shadow,0,101,1e-05,1.0000000000000001e-07,156,1092,0.47203439690092963,0.4611252744992574,3.163908756140507,1.285990470279847e-06,3.163908756140507,156,0,True,False,False
EXP-T141,shadow,0,101,1e-05,1.0000000000000001e-07,157,1099,0.5475195688860757,0.46097855766614276,3.1637492324366714,1.2359594482598438e-06,3.1637492324366714,157,0,True,False,False
EXP-T141,shadow,0,101,1e-05,1.0000000000000001e-07,158,1106,0.4680281759106687,0.4610084593296051,3.163518963438092,1.1868694836752686e-06,3.163518963438092,158,0,True,False,False
EXP-T141,shadow,0,101,1e-05,1.0000000000000001e-07,159,1113,0.47623136958905626,0.4608365495999654,3.1633765480735083,1.1387326887403326e-06,3.1633765480735083,159,0,True,False,False
EXP-T141,shadow,0,101,1e-05,1.0000000000000001e-07,160,1120,0.487452007830143,0.46069374680519104,3.1632339015151514,1.0915609404889017e-06,3.1632339015151514,160,0,True,False,False
EXP-T141,shadow,0,101,1e-05,1.0000000000000001e-07,161,1127,0.564464841570173,0.4603062570095062,3.163220029888731,1.0453658778440107e-06,3.163220029888731,161,0,True,False,False
EXP-T141,shadow,0,101,1e-05,1.0000000000000001e-07,162,1134,0.5470785924366542,0.4602224628130595,3.1630376180013022,1.0001588987461348e-06,3.1630376180013022,162,0,True,False,False
EXP-T141,shadow,0,101,1e-05,1.0000000000000001e-07,163,1141,0.46753951054831433,0.46008437871932983,3.1629118485884233,9.559511573409195e-07,3.1629118485884233,163,0,True,False,False
EXP-T141,shadow,0,101,1e-05,1.0000000000000001e-07,164,1148,0.4735158419768725,0.46018677949905396,3.1626931392785274,9.127535612270632e-07,3.1626931392785274,164,0,True,False,False
EXP-T141,shadow,0,101,1e-05,1.0000000000000001e-07,165,1155,0.4585666156240872,0.46045543750127155,3.1623801029089726,8.705767687650265e-07,3.1623801029089726,165,0,True,False,False
EXP-T141,shadow,0,101,1e-05,1.0000000000000001e-07,166,1162,0.562704758984702,0.460641344388326,3.162120241107363,8.294311864472448e-07,3.162120241107363,166,0,True,False,False
EXP-T141,shadow,0,101,1e-05,1.0000000000000001e-07,167,1169,0.4694228930664914,0.4607314169406891,3.16189921985973,7.893269663304784e-07,3.16189921985973,167,0,True,False,False
EXP-T141,shadow,0,101,1e-05,1.0000000000000001e-07,168,1176,0.6087450470243182,0.4605254928270976,3.161832404859138,7.50274003530953e-07,3.161832404859138,168,0,True,False,False
EXP-T141,shadow,0,101,1e-05,1.0000000000000001e-07,169,1183,0.704211243561336,0.46051395932833356,3.1617230502041904,7.122819337828752e-07,3.1617230502041904,169,0,True,False,False
EXP-T141,shadow,0,101,1e-05,1.0000000000000001e-07,170,1190,0.4708728151662009,0.4606308937072754,3.161545262192235,6.753601310609673e-07,3.161545262192235,170,0,True,False,False
EXP-T141,shadow,0,101,1e-05,1.0000000000000001e-07,171,1197,0.696818470954895,0.4606028000513713,3.1614090890595405,6.395177052675794e-07,3.1614090890595405,171,0,True,False,False
EXP-T141,shadow,0,101,1e-05,1.0000000000000001e-07,172,1204,0.7130060366221836,0.46051889657974243,3.161299040823272,6.047634999849531e-07,3.161299040823272,172,0,True,False,False
EXP-T141,shadow,0,101,1e-05,1.0000000000000001e-07,173,1211,0.6418879798480442,0.4603881041208903,3.161214423902107,5.711060902932043e-07,3.161214423902107,173,0,True,False,False
EXP-T141,shadow,0,101,1e-05,1.0000000000000001e-07,174,1218,0.5136574804782867,0.46022536357243854,3.1611446033824575,5.385537806545469e-07,3.1611446033824575,174,0,True,False,False
EXP-T141,shadow,0,101,1e-05,1.0000000000000001e-07,175,1225,0.484510349375861,0.4601888159910838,3.1610472708037407,5.071146028642944e-07,3.1610472708037407,175,0,True,False,False
EXP-T141,shadow,0,101,1e-05,1.0000000000000001e-07,176,1232,0.4576013658751127,0.46025335788726807,3.1608965324633047,4.7679631406913176e-07,3.1608965324633047,176,0,True,False,False
EXP-T141,shadow,0,101,1e-05,1.0000000000000001e-07,177,1239,0.5398120922701699,0.46027397116025287,3.16080058704723,4.4760639485315585e-07,3.16080058704723,177,0,True,False,False
EXP-T141,shadow,0,101,1e-05,1.0000000000000001e-07,178,1246,0.4814497743334089,0.46016796429951984,3.160763827237216,4.195520473921565e-07,3.160763827237216,178,0,True,False,False
EXP-T141,shadow,0,101,1e-05,1.0000000000000001e-07,179,1253,0.5871123160634723,0.4601372877756755,3.1607134269945547,3.92640193676584e-07,3.1607134269945547,179,0,True,False,False
EXP-T141,shadow,0,101,1e-05,1.0000000000000001e-07,180,1260,0.5502082535198757,0.46009641885757446,3.160704179243608,3.668774738036508e-07,3.160704179243608,180,0,True,False,False
EXP-T141,shadow,0,101,1e-05,1.0000000000000001e-07,181,1267,0.574570140668324,0.46006272236506146,3.1606775919596353,3.4227024433899004e-07,3.1606775919596353,181,0,True,False,False
EXP-T141,shadow,0,101,1e-05,1.0000000000000001e-07,182,1274,0.5711164219038827,0.4601075351238251,3.160611701734138,3.188245767482659e-07,3.160611701734138,182,0,True,False,False
EXP-T141,shadow,0,101,1e-05,1.0000000000000001e-07,183,1281,0.49498117182935986,0.46006321907043457,3.1605876575816763,2.9654625589913237e-07,3.1605876575816763,183,0,True,False,False
EXP-T141,shadow,0,101,1e-05,1.0000000000000001e-07,184,1288,0.5789832685674939,0.46015169223149616,3.1604965672348486,2.754407786339001e-07,3.1604965672348486,184,0,True,False,False
EXP-T141,shadow,0,101,1e-05,1.0000000000000001e-07,185,1295,0.5162670569760459,0.46020111441612244,3.160413799863873,2.555133524132767e-07,3.160413799863873,185,0,True,False,False
EXP-T141,shadow,0,101,1e-05,1.0000000000000001e-07,186,1302,0.48017397948673796,0.46026866634686786,3.1603247902610083,2.3676889403150103e-07,3.1603247902610083,186,0,True,False,False
EXP-T141,shadow,0,101,1e-05,1.0000000000000001e-07,187,1309,0.48245531746319364,0.4602947433789571,3.1602667606238164,2.1921202840320077e-07,3.1602667606238164,187,0,True,False,False
EXP-T141,shadow,0,101,1e-05,1.0000000000000001e-07,188,1316,0.4709657388074057,0.4603014985720317,3.1602242209694604,2.0284708742225901e-07,3.1602242209694604,188,0,True,False,False
EXP-T141,shadow,0,101,1e-05,1.0000000000000001e-07,189,1323,0.6341129456247602,0.46033551295598346,3.1601594867128315,1.8767810889299085e-07,3.1601594867128315,189,0,True,False,False
EXP-T141,shadow,0,101,1e-05,1.0000000000000001e-07,190,1330,0.5255147218704224,0.46034059921900433,3.160105156176018,1.7370883553386935e-07,3.160105156176018,190,0,True,False,False
EXP-T141,shadow,0,101,1e-05,1.0000000000000001e-07,191,1337,0.6152257110391345,0.46028276284535724,3.160090359774503,1.609427140540686e-07,3.160090359774503,191,0,True,False,False
EXP-T141,shadow,0,101,1e-05,1.0000000000000001e-07,192,1344,0.5319308936595917,0.46023354927698773,3.1600792624733667,1.493828943030402e-07,3.1600792624733667,192,0,True,False,False
EXP-T141,shadow,0,101,1e-05,1.0000000000000001e-07,193,1351,0.45706604294744985,0.46021538972854614,3.1600605357776987,1.3903222849333507e-07,3.1600605357776987,193,0,True,False,False
EXP-T141,shadow,0,101,1e-05,1.0000000000000001e-07,194,1358,0.49205041357449125,0.4602291186650594,3.160027937455611,1.2989327049686101e-07,3.160027937455611,194,0,True,False,False
EXP-T141,shadow,0,101,1e-05,1.0000000000000001e-07,195,1365,0.5472263331924166,0.460201621055603,3.160017071348248,1.2196827521475402e-07,3.160017071348248,195,0,True,False,False
EXP-T141,shadow,0,101,1e-05,1.0000000000000001e-07,196,1372,0.5489605069160461,0.46018803119659424,3.159999963008996,1.1525919802101659e-07,3.159999963008996,196,0,True,False,False
EXP-T141,shadow,0,101,1e-05,1.0000000000000001e-07,197,1379,0.5476945383208138,0.46017857392628986,3.159980311538234,1.097676942800558e-07,3.159980311538234,197,0,True,False,False
EXP-T141,shadow,0,101,1e-05,1.0000000000000001e-07,198,1386,0.4773414134979248,0.4601791699727376,3.159959504098603,1.0549511893824898e-07,3.159959504098603,198,0,True,False,False
EXP-T141,shadow,0,101,1e-05,1.0000000000000001e-07,199,1393,0.5129944384098053,0.4601992666721344,3.1599347663648203,1.0244252618962859e-07,3.1599347663648203,199,0,True,False,False
EXP-T141,shadow,0,101,1e-05,1.0000000000000001e-07,200,1400,0.6534477983202253,0.460204283396403,3.159918351606889,1.006106692157801e-07,3.159918351606889,200,0,True,False,False
EXP-T141,shadow,0,101,0.0001,1.0000000000000002e-06,1,7,0.4730877087115784,0.527004619439443,3.3210564815636836,0.0001,3.3210564815636836,1,0,True,False,False
EXP-T141,shadow,0,101,0.0001,1.0000000000000002e-06,2,14,0.552344241312572,0.5225767393906912,3.30692753647313,9.99938933078422e-05,3.30692753647313,2,0,True,False,False
EXP-T141,shadow,0,101,0.0001,1.0000000000000002e-06,3,21,0.6327784998076302,0.4685552517573039,3.245523626154119,9.997557473810373e-05,3.245523626154119,3,0,True,False,False
EXP-T141,shadow,0,101,0.0001,1.0000000000000002e-06,4,28,0.6230354734829494,0.44321155548095703,3.254694620768229,9.994504881061753e-05,3.245523626154119,3,1,False,False,False
EXP-T141,shadow,0,101,0.0001,1.0000000000000002e-06,5,35,0.610748861517225,0.4694423774878184,3.2346575187914297,9.990232305719945e-05,3.2346575187914297,5,0,True,False,False
EXP-T141,shadow,0,101,0.0001,1.0000000000000002e-06,6,42,0.48074748353766544,0.49846527973810834,3.2445794307824336,9.984740801978984e-05,3.2346575187914297,5,1,False,False,False
EXP-T141,shadow,0,101,0.0001,1.0000000000000002e-06,7,49,0.5581773774964469,0.5027332802613577,3.2473879727450283,9.978031724785247e-05,3.2346575187914297,5,2,False,False,False
EXP-T141,shadow,0,101,0.0001,1.0000000000000002e-06,8,56,0.4887767636350223,0.4735727906227112,3.2137615319454307,9.97010672950314e-05,3.2137615319454307,8,0,True,False,False
EXP-T141,shadow,0,101,0.0001,1.0000000000000002e-06,9,63,0.5008750089577266,0.4416482051213582,3.2275360569809424,9.960967771506667e-05,3.2137615319454307,8,1,False,False,False
EXP-T141,shadow,0,101,0.0001,1.0000000000000002e-06,10,70,0.49372989790780203,0.44409756859143573,3.2216826930190576,9.95061710569696e-05,3.2137615319454307,8,2,False,False,False
EXP-T141,shadow,0,101,0.0001,1.0000000000000002e-06,11,77,0.5243275463581085,0.4538164635499318,3.207984693122633,9.939057285945933e-05,3.207984693122633,11,0,True,False,False
EXP-T141,shadow,0,101,0.0001,1.0000000000000002e-06,12,84,0.5335148402622768,0.47252504030863446,3.18426513671875,9.926291164466132e-05,3.18426513671875,12,0,True,False,False
EXP-T141,shadow,0,101,0.0001,1.0000000000000002e-06,13,91,0.5288971960544586,0.48523151874542236,3.170430963689631,9.91232189110701e-05,3.170430963689631,13,0,True,False,False
EXP-T141,shadow,0,101,0.0001,1.0000000000000002e-06,14,98,0.4568731412291527,0.4645109176635742,3.152089899236506,9.897152912577741e-05,3.152089899236506,14,0,True,False,False
EXP-T141,shadow,0,101,0.0001,1.0000000000000002e-06,15,105,0.5832905173301697,0.4506578743457794,3.139700918486624,9.8807879715968e-05,3.139700918486624,15,0,True,False,False
EXP-T141,shadow,0,101,0.0001,1.0000000000000002e-06,16,112,0.6175540174756732,0.44430357217788696,3.120213595303622,9.8632311059685e-05,3.120213595303622,16,0,True,False,False
EXP-T141,shadow,0,101,0.0001,1.0000000000000002e-06,17,119,0.5046390720776149,0.4470107654730479,3.088408036665483,9.844486647586725e-05,3.088408036665483,17,0,True,False,False
EXP-T141,shadow,0,101,0.0001,1.0000000000000002e-06,18,126,0.5772794187068939,0.4585442741711934,3.0603917439778647,9.824559221366101e-05,3.0603917439778647,18,0,True,False,False
EXP-T141,shadow,0,101,0.0001,1.0000000000000002e-06,19,133,0.6723954464708056,0.4421696563561757,3.041984789299242,9.803453744100869e-05,3.041984789299242,19,0,True,False,False
EXP-T141,shadow,0,101,0.0001,1.0000000000000002e-06,20,140,0.46952899013246807,0.42674462000528973,3.035621411872633,9.781175423251735e-05,3.035621411872633,20,0,True,False,False
EXP-T141,shadow,0,101,0.0001,1.0000000000000002e-06,21,147,0.4807134760277612,0.4088595708211263,3.0275825731682056,9.757729755661011e-05,3.0275825731682056,21,0,True,False,False
EXP-T141,shadow,0,101,0.0001,1.0000000000000002e-06,22,154,0.7248744240828923,0.43456337849299115,2.944831616950758,9.73312252619635e-05,2.944831616950758,22,0,True,False,False
EXP-T141,shadow,0,101,0.0001,1.0000000000000002e-06,23,161,0.4261683513011251,0.45839498440424603,2.883376844001539,9.707359806323417e-05,2.883376844001539,23,0,True,False,False
EXP-T141,shadow,0,101,0.0001,1.0000000000000002e-06,24,168,0.620252400636673,0.44383640090624493,2.839542042125355,9.680447952607845e-05,2.839542042125355,24,0,True,False,False
EXP-T141,shadow,0,101,0.0001,1.0000000000000002e-06,25,175,0.43498158880642485,0.4301312367121379,2.796652822783499,9.652393605146844e-05,2.796652822783499,25,0,True,False,False
EXP-T141,shadow,0,101,0.0001,1.0000000000000002e-06,26,182,0.7367747255734035,0.3744005660216014,2.8438269875266333,9.623203685930869e-05,2.796652822783499,25,1,False,False,False
EXP-T141,shadow,0,101,0.0001,1.0000000000000002e-06,27,189,0.4569926879235676,0.4000813961029053,2.752556078361742,9.592885397135707e-05,2.752556078361742,27,0,True,False,False
EXP-T141,shadow,0,101,0.0001,1.0000000000000002e-06,28,196,0.40661024674773216,0.4431314865748088,2.7542620572176846,9.561446219345454e-05,2.752556078361742,27,1,False,False,False
EXP-T141,shadow,0,101,0.0001,1.0000000000000002e-06,29,203,0.5010629849774497,0.4114173948764801,2.7355251890240293,9.528893909706797e-05,2.7355251890240293,29,0,True,False,False
EXP-T141,shadow,0,101,0.0001,1.0000000000000002e-06,30,210,0.42535735560314997,0.3726303080717723,2.7542081890684185,9.495236500015047e-05,2.7355251890240293,29,1,False,False,False
EXP-T141,shadow,0,101,0.0001,1.0000000000000002e-06,31,217,0.4656647741794586,0.41018537680308026,2.751577666311553,9.460482294732421e-05,2.7355251890240293,29,2,False,False,False
EXP-T141,shadow,0,101,0.0001,1.0000000000000002e-06,32,224,0.42161414452961515,0.4031674365202586,2.7490074851296167,9.424639868939033e-05,2.7355251890240293,29,3,False,False,False
EXP-T141,shadow,0,101,0.0001,1.0000000000000002e-06,33,231,0.4624476305076054,0.4113502999146779,2.748130104758523,9.387718066217124e-05,2.7355251890240293,29,4,False,False,False
EXP-T141,shadow,0,101,0.0001,1.0000000000000002e-06,34,238,0.5358404006276812,0.39569568634033203,2.7341865770744556,9.349725996469047e-05,2.7341865770744556,34,0,True,False,False
EXP-T141,shadow,0,101,0.0001,1.0000000000000002e-06,35,245,0.39939015890870777,0.36627185344696045,2.7278749870531485,9.310673033669521e-05,2.7278749870531485,35,0,True,False,False
EXP-T141,shadow,0,101,0.0001,1.0000000000000002e-06,36,252,0.40027358875210794,0.3708547254403432,2.712871435916785,9.270568813552756e-05,2.712871435916785,36,0,True,False,False
EXP-T141,shadow,0,101,0.0001,1.0000000000000002e-06,37,259,0.4328516125679016,0.3739682237307231,2.7136496341589726,9.229423231234974e-05,2.712871435916785,36,1,False,False,False
EXP-T141,shadow,0,101,0.0001,1.0000000000000002e-06,38,266,0.4325315867151533,0.37572701772054035,2.735289371374882,9.187246438772939e-05,2.712871435916785,36,2,False,False,False
EXP-T141,shadow,0,101,0.0001,1.0000000000000002e-06,39,273,0.5089126718895776,0.3890644907951355,2.7418344671075996,9.14404884265908e-05,2.712871435916785,36,3,False,False,False
EXP-T141,shadow,0,101,0.0001,1.0000000000000002e-06,40,280,0.5220403926713126,0.4328116178512573,2.743719621138139,9.099841101253866e-05,2.712871435916785,36,4,False,False,False
EXP-T141,shadow,0,101,0.0001,1.0000000000000002e-06,41,287,0.4285783235515867,0.3667529324690501,2.71632685805812,9.05463412215599e-05,2.712871435916785,36,5,False,False,False
EXP-T141,shadow,0,101,0.0001,1.0000000000000002e-06,42,294,0.3730830825599177,0.37597352266311646,2.6925384059096826,9.0084390595111e-05,2.6925384059096826,42,0,True,False,False
EXP-T141,shadow,0,101,0.0001,1.0000000000000002e-06,43,301,0.4601358686174665,0.4583339790503184,2.7511189778645835,8.961267311259666e-05,2.6925384059096826,42,1,False,False,False
EXP-T141,shadow,0,101,0.0001,1.0000000000000002e-06,44,308,0.4484632760286331,0.3853067656358083,2.7153912168560606,8.913130516324733e-05,2.6925384059096826,42,2,False,False,False
EXP-T141,shadow,0,101,0.0001,1.0000000000000002e-06,45,315,0.3708830697037878,0.40127497911453247,2.747633269338897,8.864040551740158e-05,2.6925384059096826,42,3,False,False,False
EXP-T141,shadow,0,101,0.0001,1.0000000000000002e-06,46,322,0.5207181253603527,0.4062649607658386,2.7568694605971826,8.814009529720155e-05,2.6925384059096826,42,4,False,False,False
EXP-T141,shadow,0,101,0.0001,1.0000000000000002e-06,47,329,0.4562489816120693,0.43008216222127277,2.780140732273911,8.763049794670775e-05,2.6925384059096826,42,5,False,False,False
EXP-T141,shadow,0,101,0.0001,1.0000000000000002e-06,48,336,0.3832290329571281,0.3917691707611084,2.767075047348485,8.711173920144117e-05,2.6925384059096826,42,6,False,False,False
EXP-T141,shadow,0,101,0.0001,1.0000000000000002e-06,49,343,0.37437430024147034,0.38125622272491455,2.7834794015595405,8.658394705735987e-05,2.6925384059096826,42,7,False,False,False
EXP-T141,shadow,0,101,0.0001,1.0000000000000002e-06,50,350,0.36671099718660116,0.44252918163935345,2.859866055575284,8.604725173927785e-05,2.6925384059096826,42,8,False,False,False
EXP-T141,shadow,0,101,0.0001,1.0000000000000002e-06,51,357,0.4696438695703234,0.4103380044301351,2.844277121803977,8.55017856687341e-05,2.6925384059096826,42,9,False,False,False
EXP-T141,shadow,0,101,0.0001,1.0000000000000002e-06,52,364,0.5114417374134064,0.3559152732292811,2.8496822010387075,8.494768343131955e-05,2.6925384059096826,42,10,False,False,False
EXP-T141,shadow,0,101,0.0001,1.0000000000000002e-06,53,371,0.4808575468403952,0.3932441771030426,2.7976055723248106,8.438508174347009e-05,2.6925384059096826,42,11,False,False,False
EXP-T141,shadow,0,101,0.0001,1.0000000000000002e-06,54,378,0.4209133003439222,0.36718599994977313,2.7842816439541904,8.381411941873378e-05,2.6925384059096826,42,12,False,False,False
EXP-T141,shadow,0,101,0.0001,1.0000000000000002e-06,55,385,0.4068896302155086,0.40368078152338666,2.7712691335967095,8.323493733352077e-05,2.6925384059096826,42,13,False,False,False
EXP-T141,shadow,0,101,0.0001,1.0000000000000002e-06,56,392,0.33875582047871183,0.3680028220017751,2.802240313905658,8.26476783923441e-05,2.6925384059096826,42,14,False,False,False
EXP-T141,shadow,0,101,0.0001,1.0000000000000002e-06,57,399,0.33377770414309843,0.3656254510084788,2.797420848499645,8.205248749256015e-05,2.6925384059096826,42,15,False,False,False
EXP-T141,shadow,0,101,0.0001,1.0000000000000002e-06,58,406,0.6029239424637386,0.44486865401268005,2.8173370361328125,8.144951148861742e-05,2.6925384059096826,42,16,False,False,False
EXP-T141,shadow,0,101,0.0001,1.0000000000000002e-06,59,413,0.331319514129843,0.3884175320466359,2.789555636319247,8.083889915582235e-05,2.6925384059096826,42,17,False,False,False
EXP-T141,shadow,0,101,0.0001,1.0000000000000002e-06,60,420,0.3347346209983308,0.3698358436425527,2.8268633755770596,8.022080115363127e-05,2.6925384059096826,42,18,False,False,False
EXP-T141,shadow,0,101,0.0001,1.0000000000000002e-06,61,427,0.3540618802819933,0.39710016051928204,2.7634709676106772,7.959536998847744e-05,2.6925384059096826,42,19,False,False,False
EXP-T141,shadow,0,101,0.0001,1.0000000000000002e-06,62,434,0.27028615712853415,0.3968986968199412,2.7625713926373106,7.89627599761423e-05,2.6925384059096826,42,20,False,False,False
EXP-T141,shadow,0,101,0.0001,1.0000000000000002e-06,63,441,0.3920322571481977,0.4193050265312195,2.77375400427616,7.832312720368048e-05,2.6925384059096826,42,21,False,False,False
EXP-T141,shadow,0,101,0.0001,1.0000000000000002e-06,64,448,0.4893774517944881,0.39733771483103436,2.782219164299242,7.767662949090753e-05,2.6925384059096826,42,22,False,False,False
EXP-T141,shadow,0,101,0.0001,1.0000000000000002e-06,65,455,0.36143548999513897,0.4235763947168986,2.7780502781723486,7.702342635146033e-05,2.6925384059096826,42,23,False,False,False
EXP-T141,shadow,0,101,0.0001,1.0000000000000002e-06,66,462,0.32372839961733135,0.41346293687820435,2.7763632572058476,7.636367895343946e-05,2.6925384059096826,42,24,False,False,False
EXP-T141,shadow,0,101,0.0001,1.0000000000000002e-06,67,469,0.4389034616095679,0.4040313959121704,2.771360223943537,7.569755007964338e-05,2.6925384059096826,42,25,False,False,False
EXP-T141,shadow,0,101,0.0001,1.0000000000000002e-06,68,476,0.33719159024102346,0.4163123369216919,2.769938613429214,7.502520408740418e-05,2.6925384059096826,42,26,False,False,False
EXP-T141,shadow,0,101,0.0001,1.0000000000000002e-06,69,483,0.35933979387794224,0.4054480890432994,2.752401640920928,7.43468068680349e-05,2.6925384059096826,42,27,False,False,False
EXP-T141,shadow,0,101,0.0001,1.0000000000000002e-06,70,490,0.3410164373261588,0.4191532035668691,2.752151720451586,7.366252580589839e-05,2.6925384059096826,42,28,False,False,False
EXP-T141,shadow,0,101,0.0001,1.0000000000000002e-06,71,497,0.3263454788497516,0.3777845998605092,2.716330788352273,7.297252973710757e-05,2.6925384059096826,42,29,False,False,False
EXP-T141,shadow,0,101,0.0001,1.0000000000000002e-06,72,504,0.3100359614096127,0.37043912212053937,2.689218694513494,7.22769889078678e-05,2.689218694513494,72,0,True,False,False
EXP-T141,shadow,0,101,0.0001,1.0000000000000002e-06,73,511,0.3576271619115557,0.4169302781422933,2.688105265299479,7.15760749324711e-05,2.688105265299479,73,0,True,False,False
EXP-T141,shadow,0,101,0.0001,1.0000000000000002e-06,74,518,0.46785917452403475,0.3965863287448883,2.697175228234493,7.086996075095289e-05,2.688105265299479,73,1,False,False,False
EXP-T141,shadow,0,101,0.0001,1.0000000000000002e-06,75,525,0.4357242062687874,0.38892876108487445,2.695993828051018,7.015882058642164e-05,2.688105265299479,73,2,False,False,False
EXP-T141,shadow,0,101,0.0001,1.0000000000000002e-06,76,532,0.30016836311135975,0.39520249764124554,2.697488495797822,6.944282990207195e-05,2.688105265299479,73,3,False,False,False
EXP-T141,shadow,0,101,0.0001,1.0000000000000002e-06,77,539,0.27456946537962984,0.3991236686706543,2.6926983920010654,6.872216535789157e-05,2.688105265299479,73,4,False,False,False
EXP-T141,shadow,0,101,0.0001,1.0000000000000002e-06,78,546,0.35763633251190186,0.4052023688952128,2.685600743149266,6.799700476707323e-05,2.685600743149266,78,0,True,False,False
EXP-T141,shadow,0,101,0.0001,1.0000000000000002e-06,79,553,0.3012713555778776,0.41469283898671466,2.68782344008937,6.726752705214194e-05,2.685600743149266,78,1,False,False,False
EXP-T141,shadow,0,101,0.0001,1.0000000000000002e-06,80,560,0.29592446982860565,0.3765355845292409,2.707454796993371,6.65339122008084e-05,2.685600743149266,78,2,False,False,False
EXP-T141,shadow,0,101,0.0001,1.0000000000000002e-06,81,567,0.4130815075976508,0.45726701617240906,2.771706552216501,6.57963412215599e-05,2.685600743149266,78,3,False,False,False
EXP-T141,shadow,0,101,0.0001,1.0000000000000002e-06,82,574,0.3078730951196381,0.37422919273376465,2.713809851444129,6.505499609899905e-05,2.685600743149266,78,4,False,False,False
EXP-T141,shadow,0,101,0.0001,1.0000000000000002e-06,83,581,0.2715208871023996,0.37463322281837463,2.6994772246389678,6.431005974894185e-05,2.685600743149266,78,5,False,False,False
EXP-T141,shadow,0,101,0.0001,1.0000000000000002e-06,84,588,0.44383958194937023,0.40056151151657104,2.6792401400479404,6.356171597328596e-05,2.6792401400479404,84,0,True,False,False
EXP-T141,shadow,0,101,0.0001,1.0000000000000002e-06,85,595,0.3118884137698582,0.36374710003534955,2.681554852109967,6.281014941466031e-05,2.6792401400479404,84,1,False,False,False
EXP-T141,shadow,0,101,0.0001,1.0000000000000002e-06,86,602,0.27068261509495123,0.363616148630778,2.672484657981179,6.205554551086733e-05,2.672484657981179,86,0,True,False,False
EXP-T141,shadow,0,101,0.0001,1.0000000000000002e-06,87,609,0.2922113857098988,0.413492093483607,2.6755928270744556,6.129809044912887e-05,2.672484657981179,86,1,False,False,False
EXP-T141,shadow,0,101,0.0001,1.0000000000000002e-06,88,616,0.2555765387203012,0.39920302232106525,2.644119031501539,6.053797112014738e-05,2.644119031501539,88,0,True,False,False
EXP-T141,shadow,0,101,0.0001,1.0000000000000002e-06,89,623,0.3787913790770939,0.3981587588787079,2.653749639337713,5.977537507199338e-05,2.644119031501539,88,1,False,False,False
EXP-T141,shadow,0,101,0.0001,1.0000000000000002e-06,90,630,0.28550533418144497,0.3699345390001933,2.643747040719697,5.901049046383077e-05,2.643747040719697,90,0,True,False,False
EXP-T141,shadow,0,101,0.0001,1.0000000000000002e-06,91,637,0.2873541466293058,0.3552124301592509,2.6519266764322915,5.8243506019491436e-05,2.643747040719697,90,1,False,False,False
EXP-T141,shadow,0,101,0.0001,1.0000000000000002e-06,92,644,0.2878066269414766,0.3788970212141673,2.643778945460464,5.7474610980910354e-05,2.643747040719697,90,2,False,False,False
EXP-T141,shadow,0,101,0.0001,1.0000000000000002e-06,93,651,0.4958982297352382,0.35788169503211975,2.666955196496212,5.6703995061433075e-05,2.643747040719697,90,3,False,False,False
EXP-T141,shadow,0,101,0.0001,1.0000000000000002e-06,94,658,0.28566185917173115,0.37020095189412433,2.6795786077325996,5.5931848399006745e-05,2.643747040719697,90,4,False,False,False
EXP-T141,shadow,0,101,0.0001,1.0000000000000002e-06,95,665,0.2619861832686833,0.3688773314158122,2.6923897483132104,5.515836150926646e-05,2.643747040719697,90,5,False,False,False
EXP-T141,shadow,0,101,0.0001,1.0000000000000002e-06,96,672,0.3155659628765924,0.3464942177136739,2.7016994591915244,5.438372523852833e-05,2.643747040719697,90,6,False,False,False
EXP-T141,shadow,0,101,0.0001,1.0000000000000002e-06,97,679,0.2904329640524728,0.3527769049008687,2.697886842669863,5.360813071670102e-05,2.643747040719697,90,7,False,False,False
EXP-T141,shadow,0,101,0.0001,1.0000000000000002e-06,98,686,0.23250475632292883,0.37056047717730206,2.715783552689986,5.283176931012731e-05,2.643747040719697,90,8,False,False,False
EXP-T141,shadow,0,101,0.0001,1.0000000000000002e-06,99,693,0.274023990545954,0.4072164495786031,2.774892633611506,5.205483257436735e-05,2.643747040719697,90,9,False,False,False
EXP-T141,shadow,0,101,0.0001,1.0000000000000002e-06,100,700,0.33030815209661213,0.43156517545382184,2.8499397509025806,5.127751220693513e-05,2.643747040719697,90,10,False,False,False
EXP-T141,shadow,0,101,0.0001,1.0000000000000002e-06,101,707,0.26861975874219624,0.3796570797761281,2.7828343709309897,5.05e-05,2.643747040719697,90,11,False,False,False
EXP-T141,shadow,0,101,0.0001,1.0000000000000002e-06,102,714,0.3063872158527374,0.3503415435552597,2.8083669489080254,4.972248779306489e-05,2.643747040719697,90,12,False,False,False
EXP-T141,shadow,0,101,0.0001,1.0000000000000002e-06,103,721,0.38170094575200764,0.3416845500469208,2.8250177556818183,4.894516742563265e-05,2.643747040719697,90,13,False,False,False
EXP-T141,shadow,0,101,0.0001,1.0000000000000002e-06,104,728,0.3165119332926614,0.46918510397275287,2.937948053533381,4.816823068987269e-05,2.643747040719697,90,14,False,False,False
EXP-T141,shadow,0,101,0.0001,1.0000000000000002e-06,105,735,0.32057756398405346,0.36951454480489093,2.7628654711174243,4.739186928329899e-05,2.643747040719697,90,15,False,False,False
EXP-T141,shadow,0,101,0.0001,1.0000000000000002e-06,106,742,0.30216366052627563,0.33680496613184613,2.786704323508523,4.661627476147168e-05,2.643747040719697,90,16,False,False,False
EXP-T141,shadow,0,101,0.0001,1.0000000000000002e-06,107,749,0.240407346581508,0.4346095124880473,2.834430116595644,4.584163849073354e-05,2.643747040719697,90,17,False,False,False
EXP-T141,shadow,0,101,0.0001,1.0000000000000002e-06,108,756,0.2921408393553325,0.42615888516108197,2.819890108975497,4.5068151600993264e-05,2.643747040719697,90,18,False,False,False
EXP-T141,shadow,0,101,0.0001,1.0000000000000002e-06,109,763,0.24709559844008513,0.3480628530184428,2.78614853367661,4.429600493856695e-05,2.643747040719697,90,19,False,False,False
EXP-T141,shadow,0,101,0.0001,1.0000000000000002e-06,110,770,0.30709296464920044,0.36100642879803974,2.7823447025183476,4.352538901908967e-05,2.643747040719697,90,20,False,False,False
EXP-T141,shadow,0,101,0.0001,1.0000000000000002e-06,111,777,0.22530940511855338,0.4718904097874959,2.9661386663263496,4.275649398050857e-05,2.643747040719697,90,21,False,False,False
EXP-T141,shadow,0,101,0.0001,1.0000000000000002e-06,112,784,0.2593052878842822,0.37126776576042175,2.7861591685901987,4.198950953616922e-05,2.643747040719697,90,22,False,False,False
EXP-T141,shadow,0,101,0.0001,1.0000000000000002e-06,113,791,0.2555159830621311,0.3657642900943756,2.7883390946821733,4.122462492800663e-05,2.643747040719697,90,23,False,False,False
EXP-T141,shadow,0,101,0.0001,1.0000000000000002e-06,114,798,0.27200606891087126,0.4062688748041789,2.8206160574248345,4.046202887985264e-05,2.643747040719697,90,24,False,False,False
EXP-T141,shadow,0,101,0.0001,1.0000000000000002e-06,115,805,0.2787992890392031,0.4279836416244507,2.8744793516216856,3.9701909550871155e-05,2.643747040719697,90,25,False,False,False
EXP-T141,shadow,0,101,0.0001,1.0000000000000002e-06,116,812,0.42380645658288685,0.3705906569957733,2.8216263742157905,3.8944454489132674e-05,2.643747040719697,90,26,False,False,False
EXP-T141,shadow,0,101,0.0001,1.0000000000000002e-06,117,819,0.2660819222884519,0.3446211516857147,2.852640325372869,3.818985058533969e-05,2.643747040719697,90,27,False,False,False
EXP-T141,shadow,0,101,0.0001,1.0000000000000002e-06,118,826,0.42704178605760845,0.40561604499816895,2.8300210201379024,3.7438284026714043e-05,2.643747040719697,90,28,False,False,False
EXP-T141,shadow,0,101,0.0001,1.0000000000000002e-06,119,833,0.30570491935525623,0.38061779737472534,2.817091045957623,3.668994025105816e-05,2.643747040719697,90,29,False,False,False
EXP-T141,shadow,0,101,0.0001,1.0000000000000002e-06,120,840,0.2263468855193683,0.36495646834373474,2.836980877500592,3.594500390100096e-05,2.643747040719697,90,30,False,True,False
EXP-T141,shadow,0,101,0.001,1e-05,1,7,0.5081294389175517,0.7141348123550415,3.649668144457268,0.001,3.649668144457268,1,0,True,False,False
EXP-T141,shadow,0,101,0.001,1e-05,2,14,0.5823209269770554,0.4060146411259969,3.4814115582090435,0.000999938933078422,3.4814115582090435,2,0,True,False,False
EXP-T141,shadow,0,101,0.001,1e-05,3,21,0.5702364444732666,0.6334834098815918,3.452416622277462,0.0009997557473810372,3.452416622277462,3,0,True,False,False
EXP-T141,shadow,0,101,0.001,1e-05,4,28,0.6741220993655068,0.40127817789713544,3.3247655232747397,0.0009994504881061753,3.3247655232747397,4,0,True,False,False
EXP-T141,shadow,0,101,0.001,1e-05,5,35,0.5409449679510934,0.5334013899167379,3.2427513816139917,0.0009990232305719944,3.2427513816139917,5,0,True,False,False
EXP-T141,shadow,0,101,0.001,1e-05,6,42,0.511691926180252,0.48162347078323364,3.0107660004586885,0.0009984740801978985,3.0107660004586885,6,0,True,False,False
EXP-T141,shadow,0,101,0.001,1e-05,7,49,0.5288264751434326,0.3812542160352071,2.95790146336411,0.0009978031724785245,2.95790146336411,7,0,True,False,False
EXP-T141,shadow,0,101,0.001,1e-05,8,56,0.419266222710056,0.5177046755949656,2.741343642726089,0.000997010672950314,2.741343642726089,8,0,True,False,False
EXP-T141,shadow,0,101,0.001,1e-05,9,63,0.6544858281101499,0.35559797783692676,2.9190058852687026,0.0009960967771506667,2.741343642726089,8,1,False,False,False
EXP-T141,shadow,0,101,0.001,1e-05,10,70,0.3976795624517503,0.4286263386408488,2.838765924627131,0.000995061710569696,2.741343642726089,8,2,False,False,False
EXP-T141,shadow,0,101,0.001,1e-05,11,77,0.4732049341712679,0.3438510646422704,2.964762832179214,0.0009939057285945933,2.741343642726089,8,3,False,False,False
EXP-T141,shadow,0,101,0.001,1e-05,12,84,0.450772511107581,0.4919510583082835,2.8995768229166665,0.000992629116446613,2.741343642726089,8,4,False,False,False
EXP-T141,shadow,0,101,0.001,1e-05,13,91,0.39505962814603535,0.4090963800748189,3.5651175759055396,0.000991232189110701,2.741343642726089,8,5,False,False,False
EXP-T141,shadow,0,101,0.001,1e-05,14,98,0.49510067275592257,0.624761313199997,3.270091432513613,0.0009897152912577741,2.741343642726089,8,6,False,False,False
EXP-T141,shadow,0,101,0.001,1e-05,15,105,0.4826028368302754,0.41971802711486816,3.100013501716383,0.00098807879715968,2.741343642726089,8,7,False,False,False
EXP-T141,shadow,0,101,0.001,1e-05,16,112,0.5343344807624817,0.42691099643707275,3.027399005311908,0.00098632311059685,2.741343642726089,8,8,False,False,False
EXP-T141,shadow,0,101,0.001,1e-05,17,119,0.5121589132717678,0.7117782831192017,3.5473354224002724,0.0009844486647586723,2.741343642726089,8,9,False,False,False
EXP-T141,shadow,0,101,0.001,1e-05,18,126,0.47839670521872385,0.34383539358774823,3.0887284712357954,0.00098245592213661,2.741343642726089,8,10,False,False,False
EXP-T141,shadow,0,101,0.001,1e-05,19,133,0.4626391189438956,0.36472217241923016,2.8364153775301846,0.0009803453744100868,2.741343642726089,8,11,False,False,False
EXP-T141,shadow,0,101,0.001,1e-05,20,140,0.4555080703326634,0.7001876334349314,3.6197476242527817,0.0009781175423251734,2.741343642726089,8,12,False,False,False
EXP-T141,shadow,0,101,0.001,1e-05,21,147,0.3054188523175461,0.45977096756299335,2.8237799442175664,0.0009757729755661011,2.741343642726089,8,13,False,False,False
EXP-T141,shadow,0,101,0.001,1e-05,22,154,0.457062765955925,0.6030520796775818,3.202061739834872,0.0009733122526196349,2.741343642726089,8,14,False,False,False
EXP-T141,shadow,0,101,0.001,1e-05,23,161,0.30390268564224243,0.530496209859848,3.060350360292377,0.0009707359806323416,2.741343642726089,8,15,False,False,False
EXP-T141,shadow,0,101,0.001,1e-05,24,168,0.32330345043114256,0.4401792486508687,2.9906086777195786,0.0009680447952607845,2.741343642726089,8,16,False,False,False
EXP-T141,shadow,0,101,0.001,1e-05,25,175,0.42897224000522066,0.4996833801269531,3.177736686937737,0.0009652393605146844,2.741343642726089,8,17,False,False,False
EXP-T141,shadow,0,101,0.001,1e-05,26,182,0.45526234273399624,0.7329622109731039,3.6413717558889678,0.000962320368593087,2.741343642726089,8,18,False,False,False
EXP-T141,shadow,0,101,0.001,1e-05,27,189,0.3444194570183754,0.46267913778622943,3.819333625562263,0.0009592885397135706,2.741343642726089,8,19,False,False,False
EXP-T141,shadow,0,101,0.001,1e-05,28,196,0.2904463857412338,0.4288099507490794,2.6614583333333335,0.0009561446219345453,2.6614583333333335,28,0,True,False,False
EXP-T141,shadow,0,101,0.001,1e-05,29,203,0.21924376438047538,0.3852086265881856,2.7061467026219224,0.0009528893909706797,2.6614583333333335,28,1,False,False,False
EXP-T141,shadow,0,101,0.001,1e-05,30,210,0.28409671783447266,0.39141780138015747,2.888806198582505,0.0009495236500015047,2.6614583333333335,28,2,False,False,False
EXP-T141,shadow,0,101,0.001,1e-05,31,217,0.21083256602287292,0.5056606829166412,3.3012656009558476,0.0009460482294732421,2.6614583333333335,28,3,False,False,False
EXP-T141,shadow,0,101,0.001,1e-05,32,224,0.25969729678971426,0.504150003194809,3.159935575543028,0.0009424639868939033,2.6614583333333335,28,4,False,False,False
EXP-T141,shadow,0,101,0.001,1e-05,33,231,0.19947480676429613,0.4529018799463908,2.877593184962417,0.0009387718066217125,2.6614583333333335,28,5,False,False,False
EXP-T141,shadow,0,101,0.001,1e-05,34,238,0.4026236959866115,0.46326202154159546,2.9024820038766572,0.0009349725996469047,2.6614583333333335,28,6,False,False,False
EXP-T141,shadow,0,101,0.001,1e-05,35,245,0.20505842247179576,0.3513578499356906,3.130844347404711,0.0009310673033669522,2.6614583333333335,28,7,False,False,False
EXP-T141,shadow,0,101,0.001,1e-05,36,252,0.17893249435084208,0.5245942870775858,3.2046290310946377,0.0009270568813552756,2.6614583333333335,28,8,False,False,False
EXP-T141,shadow,0,101,0.001,1e-05,37,259,0.17552990120436465,0.5220048030217489,3.3489275845614346,0.0009229423231234975,2.6614583333333335,28,9,False,False,False
EXP-T141,shadow,0,101,0.001,1e-05,38,266,0.21324858175856726,0.37504828721284866,3.4418522227894175,0.0009187246438772938,2.6614583333333335,28,10,False,False,False
EXP-T141,shadow,0,101,0.001,1e-05,39,273,0.2712373456784657,0.7090555826822916,3.608098347981771,0.0009144048842659081,2.6614583333333335,28,11,False,False,False
EXP-T141,shadow,0,101,0.001,1e-05,40,280,0.20674195286950894,0.39907524175941944,3.591637813683712,0.0009099841101253866,2.6614583333333335,28,12,False,False,False
EXP-T141,shadow,0,101,0.001,1e-05,41,287,0.2631146035024098,0.8401695887247721,3.7389741377397017,0.000905463412215599,2.6614583333333335,28,13,False,False,False
EXP-T141,shadow,0,101,0.001,1e-05,42,294,0.23030011355876923,0.602004736661911,3.143083398992365,0.0009008439059511099,2.6614583333333335,28,14,False,False,False
EXP-T141,shadow,0,101,0.001,1e-05,43,301,0.19432129990309477,0.48473572731018066,4.2872006965406015,0.0008961267311259666,2.6614583333333335,28,15,False,False,False
EXP-T141,shadow,0,101,0.001,1e-05,44,308,0.6293526291847229,0.3443337983141343,3.2726669311523438,0.0008913130516324732,2.6614583333333335,28,16,False,False,False
EXP-T141,shadow,0,101,0.001,1e-05,45,315,0.34224435899938854,0.6736342012882233,3.475666046142578,0.0008864040551740157,2.6614583333333335,28,17,False,False,False
EXP-T141,shadow,0,101,0.001,1e-05,46,322,0.2760832778045109,0.3794060672322909,3.2640450217507104,0.0008814009529720154,2.6614583333333335,28,18,False,False,False
EXP-T141,shadow,0,101,0.001,1e-05,47,329,0.20496976322361402,0.5256730119387308,3.480895418109316,0.0008763049794670775,2.6614583333333335,28,19,False,False,False
EXP-T141,shadow,0,101,0.001,1e-05,48,336,0.13566609127779625,0.5002270440260569,3.3645455331513374,0.0008711173920144117,2.6614583333333335,28,20,False,False,False
EXP-T141,shadow,0,101,0.001,1e-05,49,343,0.16425277878131186,0.4385821719964345,3.246357773289536,0.0008658394705735987,2.6614583333333335,28,21,False,False,False
EXP-T141,shadow,0,101,0.001,1e-05,50,350,0.20149900870663778,0.4280971884727478,3.2118568420410156,0.0008604725173927785,2.6614583333333335,28,22,False,False,False
EXP-T141,shadow,0,101,0.001,1e-05,51,357,0.2449710773570197,0.3529692441225052,3.1152299823183003,0.000855017856687341,2.6614583333333335,28,23,False,False,False
EXP-T141,shadow,0,101,0.001,1e-05,52,364,0.1932701404605593,0.6855757832527161,4.269140994910038,0.0008494768343131955,2.6614583333333335,28,24,False,False,False
EXP-T141,shadow,0,101,0.001,1e-05,53,371,0.21488709055951663,0.3531073153329392,3.344979026100852,0.0008438508174347009,2.6614583333333335,28,25,False,False,False
EXP-T141,shadow,0,101,0.001,1e-05,54,378,0.12693861446210317,0.6370269656181335,3.7008017337683476,0.0008381411941873378,2.6614583333333335,28,26,False,False,False
EXP-T141,shadow,0,101,0.001,1e-05,55,385,0.17982217456613267,0.4484213429192702,3.878489523222952,0.0008323493733352077,2.6614583333333335,28,27,False,False,False
EXP-T141,shadow,0,101,0.001,1e-05,56,392,0.2546967129622187,0.6034239927927653,3.627046064897017,0.000826476783923441,2.6614583333333335,28,28,False,False,False
EXP-T141,shadow,0,101,0.001,1e-05,57,399,0.17034479337079184,0.5270556012789408,3.4834420175263374,0.0008205248749256015,2.6614583333333335,28,29,False,False,False
EXP-T141,shadow,0,101,0.001,1e-05,58,406,0.14359798282384872,0.4122486859560013,3.7486279805501304,0.0008144951148861742,2.6614583333333335,28,30,False,True,False
EXP-T141,shadow,0,101,0.01,0.0001,1,7,2.90424131495612,1.0868159731229146,7.5165627219460225,0.01,7.5165627219460225,1,0,True,False,False
EXP-T141,shadow,0,101,0.01,0.0001,2,14,3.7738922153200423,7.800371328989665,37.80190207741477,0.00999938933078422,7.5165627219460225,1,1,False,False,False
EXP-T141,shadow,0,101,0.01,0.0001,3,21,3.876875877380371,4.312592506408691,22.277204340154473,0.009997557473810372,7.5165627219460225,1,2,False,False,False
EXP-T141,shadow,0,101,0.01,0.0001,4,28,3.825906310762678,5.879072825113933,27.459371508974016,0.009994504881061753,7.5165627219460225,1,3,False,False,False
EXP-T141,shadow,0,101,0.01,0.0001,5,35,1.910379205431257,0.8460432887077332,5.109869061094342,0.009990232305719944,5.109869061094342,5,0,True,False,False
EXP-T141,shadow,0,101,0.01,0.0001,6,42,1.2568731563431876,0.6630216042200724,3.5496377655954072,0.009984740801978984,3.5496377655954072,6,0,True,False,False
EXP-T141,shadow,0,101,0.01,0.0001,7,49,0.6478959832872663,0.44583911697069806,3.2738605846058237,0.009978031724785246,3.2738605846058237,7,0,True,False,False
EXP-T141,shadow,0,101,0.01,0.0001,8,56,0.4761517811233976,0.445995698372523,3.278814373594342,0.00997010672950314,3.2738605846058237,7,1,False,False,False
EXP-T141,shadow,0,101,0.01,0.0001,9,63,0.5440341638667243,0.4524969458580017,3.275304158528646,0.009960967771506667,3.2738605846058237,7,2,False,False,False
EXP-T141,shadow,0,101,0.01,0.0001,10,70,1.549144304224423,0.4602491656939189,3.2713058934067236,0.00995061710569696,3.2713058934067236,10,0,True,False,False
EXP-T141,shadow,0,101,0.01,0.0001,11,77,0.5135453130517688,0.4565237859884898,3.2732035319010415,0.009939057285945933,3.2713058934067236,10,1,False,False,False
EXP-T141,shadow,0,101,0.01,0.0001,12,84,0.5600030762808663,0.4521290858586629,3.2754988236860796,0.00992629116446613,3.2713058934067236,10,2,False,False,False
EXP-T141,shadow,0,101,0.01,0.0001,13,91,0.5575451020683561,0.45850638548533124,3.272188360040838,0.00991232189110701,3.2713058934067236,10,3,False,False,False
EXP-T141,shadow,0,101,0.01,0.0001,14,98,0.47667570039629936,0.46486349900563556,3.269011757590554,0.00989715291257774,3.269011757590554,14,0,True,False,False
EXP-T141,shadow,0,101,0.01,0.0001,15,105,0.5750279682023185,0.4661941925684611,3.268360947117661,0.0098807879715968,3.268360947117661,15,0,True,False,False
EXP-T141,shadow,0,101,0.01,0.0001,16,112,0.6303281230585915,0.46064939101537067,3.271104523629853,0.0098632311059685,3.268360947117661,15,1,False,False,False
EXP-T141,shadow,0,101,0.01,0.0001,17,119,0.48793057990925653,0.45425116022427875,3.2743826201467803,0.009844486647586723,3.268360947117661,15,2,False,False,False
EXP-T141,shadow,0,101,0.01,0.0001,18,126,0.6033435378755841,0.45086808999379474,3.276169285629735,0.0098245592213661,3.268360947117661,15,3,False,False,False
EXP-T141,shadow,0,101,0.01,0.0001,19,133,0.6987261176109314,0.45279394586881,3.2751474091500947,0.009803453744100868,3.268360947117661,15,4,False,False,False
EXP-T141,shadow,0,101,0.01,0.0001,20,140,0.4874068700841495,0.4508438507715861,3.2761822324810606,0.009781175423251734,3.268360947117661,15,5,False,False,False
EXP-T141,shadow,0,101,0.01,0.0001,21,147,0.49357886825289043,0.44863300522168476,3.2773717244466147,0.009757729755661011,3.268360947117661,15,6,False,False,False
EXP-T141,shadow,0,101,0.01,0.0001,22,154,0.8045341202190944,0.45302748680114746,3.2750244140625,0.009733122526196349,3.268360947117661,15,7,False,False,False
EXP-T141,shadow,0,101,0.01,0.0001,23,161,0.48157921327011927,0.4598587354024251,3.271502870501894,0.009707359806323416,3.268360947117661,15,8,False,False,False
EXP-T141,shadow,0,101,0.01,0.0001,24,168,0.6981388671057565,0.46284689505894977,3.2700068155924478,0.009680447952607845,3.268360947117661,15,9,False,False,False
EXP-T141,shadow,0,101,0.01,0.0001,25,175,0.561540254524776,0.46761494874954224,3.2676715272845644,0.009652393605146845,3.2676715272845644,25,0,True,False,False
EXP-T141,shadow,0,101,0.01,0.0001,26,182,0.8335530204432351,0.4645663301150004,3.269157640861742,0.00962320368593087,3.2676715272845644,25,1,False,False,False
EXP-T141,shadow,0,101,0.01,0.0001,27,189,0.4805363214441708,0.459952433904012,3.2714554757782905,0.009592885397135707,3.2676715272845644,25,2,False,False,False
EXP-T141,shadow,0,101,0.01,0.0001,28,196,0.47652075146990164,0.46002691984176636,3.2714177911931817,0.009561446219345454,3.2676715272845644,25,3,False,False,False
EXP-T141,shadow,0,101,0.01,0.0001,29,203,0.5140127113887242,0.45849335193634033,3.2721950646602744,0.009528893909706798,3.2676715272845644,25,4,False,False,False
EXP-T141,shadow,0,101,0.01,0.0001,30,210,0.48150923049875666,0.45527758200963336,3.2738481001420454,0.009495236500015047,3.2676715272845644,25,5,False,False,False
EXP-T141,shadow,0,101,0.01,0.0001,31,217,0.49946999336991993,0.45610084136327106,3.27342177882339,0.00946048229473242,3.2676715272845644,25,6,False,False,False
EXP-T141,shadow,0,101,0.01,0.0001,32,224,0.4771262954122254,0.4535869558652242,3.2747303355823862,0.009424639868939034,3.2676715272845644,25,7,False,False,False
EXP-T141,shadow,0,101,0.01,0.0001,33,231,0.5584694232259478,0.4548969467480977,3.2740460020123106,0.009387718066217124,3.2676715272845644,25,8,False,False,False
EXP-T141,shadow,0,101,0.01,0.0001,34,238,0.7302008186067853,0.4592970609664917,3.271786776455966,0.009349725996469048,3.2676715272845644,25,9,False,False,False
EXP-T141,shadow,0,101,0.01,0.0001,35,245,0.5410620697907039,0.45986294746398926,3.2715005585641572,0.00931067303366952,3.2676715272845644,25,10,False,False,False
EXP-T141,shadow,0,101,0.01,0.0001,36,252,0.48979449165718897,0.4619154135386149,3.2704703591086646,0.009270568813552756,3.2676715272845644,25,11,False,False,False
EXP-T141,shadow,0,101,0.01,0.0001,37,259,0.4816708362528256,0.4614078998565674,3.2707239786783853,0.009229423231234974,3.2676715272845644,25,12,False,False,False
EXP-T141,shadow,0,101,0.01,0.0001,38,266,0.5143541310514722,0.4593818187713623,3.271744005607836,0.009187246438772938,3.2676715272845644,25,13,False,False,False
EXP-T141,shadow,0,101,0.01,0.0001,39,273,0.600160858460835,0.4562271038691203,3.273356582179214,0.009144048842659082,3.2676715272845644,25,14,False,False,False
EXP-T141,shadow,0,101,0.01,0.0001,40,280,0.7299665851252419,0.45817066232363385,3.272359443433357,0.009099841101253866,3.2676715272845644,25,15,False,False,False
EXP-T141,shadow,0,101,0.01,0.0001,41,287,0.47632630941058907,0.45638049642244977,3.273277513908617,0.00905463412215599,3.2676715272845644,25,16,False,False,False
EXP-T141,shadow,0,101,0.01,0.0001,42,294,0.48148416940655026,0.4562692443529765,3.2733348499644888,0.0090084390595111,3.2676715272845644,25,17,False,False,False
EXP-T141,shadow,0,101,0.01,0.0001,43,301,0.5013825041907174,0.4593982994556427,3.271735682631984,0.008961267311259666,3.2676715272845644,25,18,False,False,False
EXP-T141,shadow,0,101,0.01,0.0001,44,308,0.4991107370172228,0.45832329988479614,3.272281531131629,0.008913130516324731,3.2676715272845644,25,19,False,False,False
EXP-T141,shadow,0,101,0.01,0.0001,45,315,0.4803332643849509,0.46031850576400757,3.2712709831468985,0.008864040551740157,3.2676715272845644,25,20,False,False,False
EXP-T141,shadow,0,101,0.01,0.0001,46,322,0.7118762731552124,0.46403270959854126,3.2694202769886362,0.008814009529720154,3.2676715272845644,25,21,False,False,False
EXP-T141,shadow,0,101,0.01,0.0001,47,329,0.7094138988426754,0.4697291652361552,3.266656355424361,0.008763049794670776,3.266656355424361,47,0,True,False,False
EXP-T141,shadow,0,101,0.01,0.0001,48,336,0.47527124962237266,0.4747883081436157,3.264283382531368,0.008711173920144118,3.264283382531368,48,0,True,False,False
EXP-T141,shadow,0,101,0.01,0.0001,49,343,0.4856651308281081,0.4761526087919871,3.263656385017164,0.008658394705735987,3.263656385017164,49,0,True,False,False
EXP-T141,shadow,0,101,0.01,0.0001,50,350,0.47889919339546133,0.47419480482737225,3.2645578095407197,0.008604725173927784,3.263656385017164,49,1,False,False,False
EXP-T141,shadow,0,101,0.01,0.0001,51,357,0.6351666791098458,0.4706836938858032,3.266202753240412,0.00855017856687341,3.263656385017164,49,2,False,False,False
EXP-T141,shadow,0,101,0.01,0.0001,52,364,0.4963458350726536,0.4657569428284963,3.268574338970762,0.008494768343131955,3.263656385017164,49,3,False,False,False
EXP-T141,shadow,0,101,0.01,0.0001,53,371,0.574521575655256,0.464972456296285,3.2689581206350615,0.00843850817434701,3.263656385017164,49,4,False,False,False
EXP-T141,shadow,0,101,0.01,0.0001,54,378,0.5976563138621194,0.46205970644950867,3.2703984578450522,0.008381411941873378,3.263656385017164,49,5,False,False,False
EXP-T141,shadow,0,101,0.01,0.0001,55,385,0.49666960537433624,0.46480385462443036,3.269040888006037,0.008323493733352076,3.263656385017164,49,6,False,False,False
EXP-T141,shadow,0,101,0.01,0.0001,56,392,0.47882179596594404,0.46864887078603107,3.2671733047022964,0.008264767839234409,3.263656385017164,49,7,False,False,False
EXP-T141,shadow,0,101,0.01,0.0001,57,399,0.4848502789224897,0.4707680940628052,3.2661627567175664,0.008205248749256015,3.263656385017164,49,8,False,False,False
EXP-T141,shadow,0,101,0.01,0.0001,58,406,0.7650260158947536,0.4745182792345683,3.2644082271691524,0.008144951148861742,3.263656385017164,49,9,False,False,False
EXP-T141,shadow,0,101,0.01,0.0001,59,413,0.475194694091832,0.4779347280661265,3.2628453572591147,0.008083889915582234,3.2628453572591147,59,0,True,False,False
EXP-T141,shadow,0,101,0.01,0.0001,60,420,0.49669439026287626,0.47886987527211505,3.2624231974283853,0.008022080115363126,3.2624231974283853,60,0,True,False,False
EXP-T141,shadow,0,101,0.01,0.0001,61,427,0.4953665541751044,0.47509639461835224,3.2641414295543325,0.007959536998847744,3.2624231974283853,60,1,False,False,False
EXP-T141,shadow,0,101,0.01,0.0001,62,434,0.49316991439887453,0.4698056976000468,3.26661982680812,0.00789627599761423,3.2624231974283853,60,2,False,False,False
EXP-T141,shadow,0,101,0.01,0.0001,63,441,0.7183274073260171,0.4643423855304718,3.2692676890980112,0.007832312720368047,3.2624231974283853,60,3,False,False,False
EXP-T141,shadow,0,101,0.01,0.0001,64,448,0.6855367379529136,0.4592195252577464,3.2718260793974907,0.007767662949090753,3.2624231974283853,60,4,False,False,False
EXP-T141,shadow,0,101,0.01,0.0001,65,455,0.6557253641741616,0.46075055996576947,3.271053660999645,0.007702342635146034,3.2624231974283853,60,5,False,False,False
EXP-T141,shadow,0,101,0.01,0.0001,66,462,0.47959095346076147,0.4646522005399068,3.26911533240116,0.007636367895343947,3.2624231974283853,60,6,False,False,False
EXP-T141,shadow,0,101,0.01,0.0001,67,469,0.7962227548871722,0.46792006492614746,3.267524256850734,0.007569755007964339,3.2624231974283853,60,7,False,False,False
EXP-T141,shadow,0,101,0.01,0.0001,68,476,0.5497307436806815,0.4726041555404663,3.2652983231977983,0.007502520408740419,3.2624231974283853,60,8,False,False,False
EXP-T141,shadow,0,101,0.01,0.0001,69,483,0.4839933312364987,0.4773130516211192,3.263127413662997,0.007434680686803491,3.2624231974283853,60,9,False,False,False
EXP-T141,shadow,0,101,0.01,0.0001,70,490,0.5326396226882935,0.48048607508341473,3.261699098529238,0.0073662525805898394,3.261699098529238,70,0,True,False,False
EXP-T141,shadow,0,101,0.01,0.0001,71,497,0.47587934460274744,0.4835594892501831,3.2603408351089014,0.007297252973710758,3.2603408351089014,71,0,True,False,False
EXP-T141,shadow,0,101,0.01,0.0001,72,504,0.4772896257761334,0.4834291338920593,3.260397939970999,0.00722769889078678,3.2603408351089014,71,1,False,False,False
EXP-T141,shadow,0,101,0.01,0.0001,73,511,0.47838027376149383,0.4826086064179738,3.2607583710641572,0.0071576074932471105,3.2603408351089014,71,2,False,False,False
EXP-T141,shadow,0,101,0.01,0.0001,74,518,0.47846277084733757,0.4814286430676778,3.2612799442175664,0.00708699607509529,3.2603408351089014,71,3,False,False,False
EXP-T141,shadow,0,101,0.01,0.0001,75,525,0.47831713168748785,0.4809618492921193,3.2614873250325522,0.007015882058642164,3.2603408351089014,71,4,False,False,False
EXP-T141,shadow,0,101,0.01,0.0001,76,532,0.48379788228443693,0.48067551851272583,3.2616147128018467,0.006944282990207195,3.2603408351089014,71,5,False,False,False
EXP-T141,shadow,0,101,0.01,0.0001,77,539,0.4923383497766086,0.4810437063376109,3.2614507964163115,0.006872216535789157,3.2603408351089014,71,6,False,False,False
EXP-T141,shadow,0,101,0.01,0.0001,78,546,0.47830704865711077,0.48170222838719684,3.261158798680161,0.006799700476707324,3.2603408351089014,71,7,False,False,False
EXP-T141,shadow,0,101,0.01,0.0001,79,553,0.5258039065769741,0.48167218764623004,3.2611719767252603,0.006726752705214194,3.2603408351089014,71,8,False,False,False
EXP-T141,shadow,0,101,0.01,0.0001,80,560,0.5334005739007678,0.478220800558726,3.262715888745857,0.0066533912200808405,3.2603408351089014,71,9,False,False,False
EXP-T141,shadow,0,101,0.01,0.0001,81,567,0.47565542025092455,0.47789326310157776,3.2628640839547822,0.006579634122155991,3.2603408351089014,71,10,False,False,False
EXP-T141,shadow,0,101,0.01,0.0001,82,574,0.4840683660336903,0.47761375705401105,3.262990778142756,0.006505499609899906,3.2603408351089014,71,11,False,False,False
EXP-T141,shadow,0,101,0.01,0.0001,83,581,0.508867227605411,0.4773413638273875,3.2631144668116714,0.006431005974894186,3.2603408351089014,71,12,False,False,False
EXP-T141,shadow,0,101,0.01,0.0001,84,588,0.7085501509053367,0.4734323223431905,3.2649119984019888,0.006356171597328596,3.2603408351089014,71,13,False,False,False
EXP-T141,shadow,0,101,0.01,0.0001,85,595,0.5187721252441406,0.468479851881663,3.267254453716856,0.0062810149414660316,3.2603408351089014,71,14,False,False,False
EXP-T141,shadow,0,101,0.01,0.0001,86,602,0.4826090894639492,0.4630127151807149,3.26992451060902,0.006205554551086733,3.2603408351089014,71,15,False,False,False
EXP-T141,shadow,0,101,0.01,0.0001,87,609,0.487251524414335,0.460696538289388,3.2710807106711646,0.006129809044912888,3.2603408351089014,71,16,False,False,False
EXP-T141,shadow,0,101,0.01,0.0001,88,616,0.5257182759898049,0.46159425377845764,3.2706308075875947,0.006053797112014738,3.2603408351089014,71,17,False,False,False
EXP-T141,shadow,0,101,0.01,0.0001,89,623,0.7171336114406586,0.4629352589448293,3.2699631199692236,0.005977537507199339,3.2603408351089014,71,18,False,False,False
EXP-T141,shadow,0,101,0.01,0.0001,90,630,0.5396612456866673,0.4623293876647949,3.2702641342625474,0.005901049046383077,3.2603408351089014,71,19,False,False,False
EXP-T141,shadow,0,101,0.01,0.0001,91,637,0.5530528468745095,0.464699665705363,3.2690922130237925,0.005824350601949144,3.2603408351089014,71,20,False,False,False
EXP-T141,shadow,0,101,0.01,0.0001,92,644,0.5755144144807544,0.4673421581586202,3.2678035389293325,0.005747461098091036,3.2603408351089014,71,21,False,False,False
EXP-T141,shadow,0,101,0.01,0.0001,93,651,0.7678323473249163,0.46669067939122516,3.2681195808179453,0.005670399506143308,3.2603408351089014,71,22,False,False,False
EXP-T141,shadow,0,101,0.01,0.0001,94,658,0.4855077788233757,0.46880529324213666,3.267098166725852,0.005593184839900675,3.2603408351089014,71,23,False,False,False
EXP-T141,shadow,0,101,0.01,0.0001,95,665,0.5049429770026889,0.4700917800267537,3.2664836536754263,0.005515836150926647,3.2603408351089014,71,24,False,False,False
EXP-T141,shadow,0,101,0.01,0.0001,96,672,0.4775341520352023,0.46876923243204754,3.267115506258878,0.005438372523852834,3.2603408351089014,71,25,False,False,False
EXP-T141,shadow,0,101,0.01,0.0001,97,679,0.5752357244491577,0.46650756398836773,3.2682085904208096,0.005360813071670102,3.2603408351089014,71,26,False,False,False
EXP-T141,shadow,0,101,0.01,0.0001,98,686,0.48001396496381077,0.4633181691169739,3.269773309881037,0.005283176931012732,3.2603408351089014,71,27,False,False,False
EXP-T141,shadow,0,101,0.01,0.0001,99,693,0.5731393694877625,0.4623716473579407,3.270243095629143,0.0052054832574367355,3.2603408351089014,71,28,False,False,False
EXP-T141,shadow,0,101,0.01,0.0001,100,700,0.47453602382405996,0.46054577827453613,3.2711565422289297,0.005127751220693514,3.2603408351089014,71,29,False,False,False
EXP-T141,shadow,0,101,0.01,0.0001,101,707,0.48852426026548657,0.45939693848292035,3.2717363762133047,0.005050000000000001,3.2603408351089014,71,30,False,True,False
EXP-T141,shadow,1,101,1e-05,1.0000000000000001e-07,1,7,0.49353616099272457,0.5421139895915985,3.540584087371826,1e-05,3.540584087371826,1,0,True,False,False
EXP-T141,shadow,1,101,1e-05,1.0000000000000001e-07,2,14,0.5782609752246312,0.5402835011482239,3.519831418991089,9.99938933078422e-06,3.519831418991089,2,0,True,False,False
EXP-T141,shadow,1,101,1e-05,1.0000000000000001e-07,3,21,0.5882185186658587,0.5389138758182526,3.5064618587493896,9.997557473810373e-06,3.5064618587493896,3,0,True,False,False
EXP-T141,shadow,1,101,1e-05,1.0000000000000001e-07,4,28,0.7385414668491909,0.5388905704021454,3.498225450515747,9.994504881061752e-06,3.498225450515747,4,0,True,False,False
EXP-T141,shadow,1,101,1e-05,1.0000000000000001e-07,5,35,0.7321189556803022,0.5395882725715637,3.489830255508423,9.990232305719944e-06,3.489830255508423,5,0,True,False,False
EXP-T141,shadow,1,101,1e-05,1.0000000000000001e-07,6,42,0.47826341779104303,0.5405889451503754,3.484700918197632,9.984740801978984e-06,3.484700918197632,6,0,True,False,False
EXP-T141,shadow,1,101,1e-05,1.0000000000000001e-07,7,49,0.47792242573840277,0.5419634878635406,3.4838931560516357,9.978031724785247e-06,3.4838931560516357,7,0,True,False,False
EXP-T141,shadow,1,101,1e-05,1.0000000000000001e-07,8,56,0.4656715989112854,0.5433260202407837,3.4830517768859863,9.97010672950314e-06,3.4830517768859863,8,0,True,False,False
EXP-T141,shadow,1,101,1e-05,1.0000000000000001e-07,9,63,0.5549256035259792,0.543144941329956,3.482435464859009,9.960967771506666e-06,3.482435464859009,9,0,True,False,False
EXP-T141,shadow,1,101,1e-05,1.0000000000000001e-07,10,70,0.5165737697056362,0.5429039597511292,3.4819390773773193,9.950617105696961e-06,3.4819390773773193,10,0,True,False,False
EXP-T141,shadow,1,101,1e-05,1.0000000000000001e-07,11,77,0.47900268009730745,0.5433803498744965,3.4814205169677734,9.939057285945933e-06,3.4814205169677734,11,0,True,False,False
EXP-T141,shadow,1,101,1e-05,1.0000000000000001e-07,12,84,0.4726650225264685,0.5429191887378693,3.480942487716675,9.926291164466131e-06,3.480942487716675,12,0,True,False,False
EXP-T141,shadow,1,101,1e-05,1.0000000000000001e-07,13,91,0.5660534586225238,0.543287456035614,3.4804821014404297,9.91232189110701e-06,3.4804821014404297,13,0,True,False,False
EXP-T141,shadow,1,101,1e-05,1.0000000000000001e-07,14,98,0.5498692052704948,0.5433822274208069,3.4801361560821533,9.897152912577742e-06,3.4801361560821533,14,0,True,False,False
EXP-T141,shadow,1,101,1e-05,1.0000000000000001e-07,15,105,0.5503695479461125,0.5439018309116364,3.479865550994873,9.8807879715968e-06,3.479865550994873,15,0,True,False,False
EXP-T141,shadow,1,101,1e-05,1.0000000000000001e-07,16,112,0.48853435686656405,0.544102132320404,3.4794247150421143,9.8632311059685e-06,3.4794247150421143,16,0,True,False,False
EXP-T141,shadow,1,101,1e-05,1.0000000000000001e-07,17,119,0.7007765173912048,0.5450909733772278,3.4788172245025635,9.844486647586724e-06,3.4788172245025635,17,0,True,False,False
EXP-T141,shadow,1,101,1e-05,1.0000000000000001e-07,18,126,0.48926802405289244,0.5450754761695862,3.4783518314361572,9.824559221366101e-06,3.4783518314361572,18,0,True,False,False
EXP-T141,shadow,1,101,1e-05,1.0000000000000001e-07,19,133,0.49886914236204966,0.5448896884918213,3.477797269821167,9.803453744100868e-06,3.477797269821167,19,0,True,False,False
EXP-T141,shadow,1,101,1e-05,1.0000000000000001e-07,20,140,0.49506447464227676,0.5455446839332581,3.477198600769043,9.781175423251734e-06,3.477198600769043,20,0,True,False,False
EXP-T141,shadow,1,101,1e-05,1.0000000000000001e-07,21,147,0.5275229471070426,0.5455867648124695,3.476863384246826,9.757729755661012e-06,3.476863384246826,21,0,True,False,False
EXP-T141,shadow,1,101,1e-05,1.0000000000000001e-07,22,154,0.5655360562460763,0.5459788739681244,3.476395845413208,9.73312252619635e-06,3.476395845413208,22,0,True,False,False
EXP-T141,shadow,1,101,1e-05,1.0000000000000001e-07,23,161,0.6011313285146441,0.5454205572605133,3.475872039794922,9.707359806323418e-06,3.475872039794922,23,0,True,False,False
EXP-T141,shadow,1,101,1e-05,1.0000000000000001e-07,24,168,0.5345330876963479,0.5445747077465057,3.4753732681274414,9.680447952607845e-06,3.4753732681274414,24,0,True,False,False
EXP-T141,shadow,1,101,1e-05,1.0000000000000001e-07,25,175,0.4874195737232055,0.543226420879364,3.4749011993408203,9.652393605146845e-06,3.4749011993408203,25,0,True,False,False
EXP-T141,shadow,1,101,1e-05,1.0000000000000001e-07,26,182,0.6207557278020042,0.5427963733673096,3.474457025527954,9.62320368593087e-06,3.474457025527954,26,0,True,False,False
EXP-T141,shadow,1,101,1e-05,1.0000000000000001e-07,27,189,0.6079080488000598,0.5421661138534546,3.4738848209381104,9.592885397135707e-06,3.4738848209381104,27,0,True,False,False
EXP-T141,shadow,1,101,1e-05,1.0000000000000001e-07,28,196,0.4715829918693219,0.541441947221756,3.4732468128204346,9.561446219345455e-06,3.4732468128204346,28,0,True,False,False
EXP-T141,shadow,1,101,1e-05,1.0000000000000001e-07,29,203,0.4944774295602526,0.5407097339630127,3.4727323055267334,9.528893909706798e-06,3.4727323055267334,29,0,True,False,False
EXP-T141,shadow,1,101,1e-05,1.0000000000000001e-07,30,210,0.6197339807237897,0.5406064093112946,3.472443103790283,9.495236500015048e-06,3.472443103790283,30,0,True,False,False
EXP-T141,shadow,1,101,1e-05,1.0000000000000001e-07,31,217,0.4610532340728761,0.5406903922557831,3.471996307373047,9.460482294732422e-06,3.471996307373047,31,0,True,False,False
EXP-T141,shadow,1,101,1e-05,1.0000000000000001e-07,32,224,0.49419774753706797,0.5399899184703827,3.471571207046509,9.424639868939035e-06,3.471571207046509,32,0,True,False,False
EXP-T141,shadow,1,101,1e-05,1.0000000000000001e-07,33,231,0.5612613729068211,0.5406447052955627,3.4712047576904297,9.387718066217125e-06,3.4712047576904297,33,0,True,False,False
EXP-T141,shadow,1,101,1e-05,1.0000000000000001e-07,34,238,0.47613258021218435,0.5404830574989319,3.470806121826172,9.349725996469047e-06,3.470806121826172,34,0,True,False,False
EXP-T141,shadow,1,101,1e-05,1.0000000000000001e-07,35,245,0.5075688234397343,0.5406732261180878,3.470320463180542,9.310673033669522e-06,3.470320463180542,35,0,True,False,False
EXP-T141,shadow,1,101,1e-05,1.0000000000000001e-07,36,252,0.7246358948094505,0.5406414270401001,3.4699642658233643,9.270568813552757e-06,3.4699642658233643,36,0,True,False,False
EXP-T141,shadow,1,101,1e-05,1.0000000000000001e-07,37,259,0.5669718725340707,0.5403921604156494,3.4698452949523926,9.229423231234975e-06,3.4698452949523926,37,0,True,False,False
EXP-T141,shadow,1,101,1e-05,1.0000000000000001e-07,38,266,0.6908941864967346,0.539903998374939,3.469578742980957,9.18724643877294e-06,3.469578742980957,38,0,True,False,False
EXP-T141,shadow,1,101,1e-05,1.0000000000000001e-07,39,273,0.5121797152927944,0.5401978194713593,3.469005584716797,9.144048842659081e-06,3.469005584716797,39,0,True,False,False
EXP-T141,shadow,1,101,1e-05,1.0000000000000001e-07,40,280,0.4785765734102045,0.5408025085926056,3.4685351848602295,9.099841101253867e-06,3.4685351848602295,40,0,True,False,False
EXP-T141,shadow,1,101,1e-05,1.0000000000000001e-07,41,287,0.7057495159762246,0.5411660075187683,3.468047857284546,9.054634122155991e-06,3.468047857284546,41,0,True,False,False
EXP-T141,shadow,1,101,1e-05,1.0000000000000001e-07,42,294,0.4813134915062359,0.541327029466629,3.4675397872924805,9.0084390595111e-06,3.4675397872924805,42,0,True,False,False
EXP-T141,shadow,1,101,1e-05,1.0000000000000001e-07,43,301,0.4689970115494881,0.5420781672000885,3.4668848514556885,8.961267311259668e-06,3.4668848514556885,43,0,True,False,False
EXP-T141,shadow,1,101,1e-05,1.0000000000000001e-07,44,308,0.47500188861574444,0.5434589385986328,3.4661848545074463,8.913130516324733e-06,3.4661848545074463,44,0,True,False,False
EXP-T141,shadow,1,101,1e-05,1.0000000000000001e-07,45,315,0.47846099408343434,0.5448125600814819,3.465611696243286,8.864040551740158e-06,3.465611696243286,45,0,True,False,False
EXP-T141,shadow,1,101,1e-05,1.0000000000000001e-07,46,322,0.5327745931489127,0.5456025302410126,3.4658758640289307,8.814009529720155e-06,3.465611696243286,45,1,False,False,False
EXP-T141,shadow,1,101,1e-05,1.0000000000000001e-07,47,329,0.5194679754120963,0.5459595918655396,3.4663479328155518,8.763049794670776e-06,3.465611696243286,45,2,False,False,False
EXP-T141,shadow,1,101,1e-05,1.0000000000000001e-07,48,336,0.5148257868630546,0.5454146862030029,3.46494197845459,8.711173920144118e-06,3.46494197845459,48,0,True,False,False
EXP-T141,shadow,1,101,1e-05,1.0000000000000001e-07,49,343,0.517631437097277,0.5469496846199036,3.467855215072632,8.658394705735988e-06,3.46494197845459,48,1,False,False,False
EXP-T141,shadow,1,101,1e-05,1.0000000000000001e-07,50,350,0.5731599926948547,0.5462366342544556,3.4661340713500977,8.604725173927786e-06,3.46494197845459,48,2,False,False,False
EXP-T141,shadow,1,101,1e-05,1.0000000000000001e-07,51,357,0.5114212249006543,0.5458340644836426,3.465043783187866,8.550178566873412e-06,3.46494197845459,48,3,False,False,False
EXP-T141,shadow,1,101,1e-05,1.0000000000000001e-07,52,364,0.4759208590590528,0.5449004471302032,3.4628334045410156,8.494768343131955e-06,3.4628334045410156,52,0,True,False,False
EXP-T141,shadow,1,101,1e-05,1.0000000000000001e-07,53,371,0.540362937109811,0.5439160168170929,3.461683750152588,8.43850817434701e-06,3.461683750152588,53,0,True,False,False
EXP-T141,shadow,1,101,1e-05,1.0000000000000001e-07,54,378,0.6991849839687347,0.5444513261318207,3.4613544940948486,8.381411941873379e-06,3.4613544940948486,54,0,True,False,False
EXP-T141,shadow,1,101,1e-05,1.0000000000000001e-07,55,385,0.5036151430436543,0.5445356369018555,3.4612345695495605,8.323493733352078e-06,3.4612345695495605,55,0,True,False,False
EXP-T141,shadow,1,101,1e-05,1.0000000000000001e-07,56,392,0.6065249741077423,0.5442936420440674,3.4604599475860596,8.26476783923441e-06,3.4604599475860596,56,0,True,False,False
EXP-T141,shadow,1,101,1e-05,1.0000000000000001e-07,57,399,0.48075913057462977,0.5437628626823425,3.4593777656555176,8.205248749256014e-06,3.4593777656555176,57,0,True,False,False
EXP-T141,shadow,1,101,1e-05,1.0000000000000001e-07,58,406,0.4816457693065916,0.5431776344776154,3.458913803100586,8.144951148861743e-06,3.458913803100586,58,0,True,False,False
EXP-T141,shadow,1,101,1e-05,1.0000000000000001e-07,59,413,0.5614444102559771,0.5428912043571472,3.4583418369293213,8.083889915582235e-06,3.4583418369293213,59,0,True,False,False
EXP-T141,shadow,1,101,1e-05,1.0000000000000001e-07,60,420,0.6884623765945435,0.5420045256614685,3.4576785564422607,8.022080115363127e-06,3.4576785564422607,60,0,True,False,False
EXP-T141,shadow,1,101,1e-05,1.0000000000000001e-07,61,427,0.7075486268315997,0.5406501293182373,3.457273483276367,7.959536998847744e-06,3.457273483276367,61,0,True,False,False
EXP-T141,shadow,1,101,1e-05,1.0000000000000001e-07,62,434,0.6980348868029458,0.5403366386890411,3.456657648086548,7.89627599761423e-06,3.456657648086548,62,0,True,False,False
EXP-T141,shadow,1,101,1e-05,1.0000000000000001e-07,63,441,0.5349378160067967,0.5397481620311737,3.4562389850616455,7.832312720368048e-06,3.4562389850616455,63,0,True,False,False
EXP-T141,shadow,1,101,1e-05,1.0000000000000001e-07,64,448,0.5550375240189689,0.5389324426651001,3.455899238586426,7.767662949090754e-06,3.455899238586426,64,0,True,False,False
EXP-T141,shadow,1,101,1e-05,1.0000000000000001e-07,65,455,0.47411373044763294,0.5387707352638245,3.4554145336151123,7.702342635146033e-06,3.4554145336151123,65,0,True,False,False
EXP-T141,shadow,1,101,1e-05,1.0000000000000001e-07,66,462,0.6020862800734383,0.5389191806316376,3.454922914505005,7.636367895343947e-06,3.454922914505005,66,0,True,False,False
EXP-T141,shadow,1,101,1e-05,1.0000000000000001e-07,67,469,0.5189358166285923,0.53951495885849,3.454324960708618,7.5697550079643376e-06,3.454324960708618,67,0,True,False,False
EXP-T141,shadow,1,101,1e-05,1.0000000000000001e-07,68,476,0.48976580585752216,0.5395002365112305,3.4536044597625732,7.502520408740418e-06,3.4536044597625732,68,0,True,False,False
EXP-T141,shadow,1,101,1e-05,1.0000000000000001e-07,69,483,0.8252851963043213,0.5398278832435608,3.4530110359191895,7.43468068680349e-06,3.4530110359191895,69,0,True,False,False
EXP-T141,shadow,1,101,1e-05,1.0000000000000001e-07,70,490,0.4981224366596767,0.5396999418735504,3.4522933959960938,7.366252580589839e-06,3.4522933959960938,70,0,True,False,False
EXP-T141,shadow,1,101,1e-05,1.0000000000000001e-07,71,497,0.5354091610227313,0.5394482016563416,3.4519052505493164,7.297252973710756e-06,3.4519052505493164,71,0,True,False,False
EXP-T141,shadow,1,101,1e-05,1.0000000000000001e-07,72,504,0.4651111790112087,0.5388746857643127,3.45156192779541,7.227698890786779e-06,3.45156192779541,72,0,True,False,False
EXP-T141,shadow,1,101,1e-05,1.0000000000000001e-07,73,511,0.6274926449571337,0.5382527709007263,3.4511682987213135,7.15760749324711e-06,3.4511682987213135,73,0,True,False,False
EXP-T141,shadow,1,101,1e-05,1.0000000000000001e-07,74,518,0.7808767131396702,0.5379818081855774,3.450796604156494,7.086996075095289e-06,3.450796604156494,74,0,True,False,False
EXP-T141,shadow,1,101,1e-05,1.0000000000000001e-07,75,525,0.8032599602426801,0.5376007556915283,3.450376510620117,7.015882058642164e-06,3.450376510620117,75,0,True,False,False
EXP-T141,shadow,1,101,1e-05,1.0000000000000001e-07,76,532,0.46497250880513874,0.537199467420578,3.4499499797821045,6.9442829902071945e-06,3.4499499797821045,76,0,True,False,False
EXP-T141,shadow,1,101,1e-05,1.0000000000000001e-07,77,539,0.4863892932023321,0.5372912883758545,3.4496490955352783,6.8722165357891564e-06,3.4496490955352783,77,0,True,False,False
EXP-T141,shadow,1,101,1e-05,1.0000000000000001e-07,78,546,0.4487442952979888,0.5373830199241638,3.4492430686950684,6.799700476707323e-06,3.4492430686950684,78,0,True,False,False
EXP-T141,shadow,1,101,1e-05,1.0000000000000001e-07,79,553,0.4880846632378442,0.5379752218723297,3.4486451148986816,6.726752705214193e-06,3.4486451148986816,79,0,True,False,False
EXP-T141,shadow,1,101,1e-05,1.0000000000000001e-07,80,560,0.5030214956828526,0.5381437540054321,3.4481184482574463,6.65339122008084e-06,3.4481184482574463,80,0,True,False,False
EXP-T141,shadow,1,101,1e-05,1.0000000000000001e-07,81,567,0.6215381792613438,0.5381331741809845,3.4475669860839844,6.57963412215599e-06,3.4475669860839844,81,0,True,False,False
EXP-T141,shadow,1,101,1e-05,1.0000000000000001e-07,82,574,0.47565790372235434,0.5381506681442261,3.4469990730285645,6.505499609899905e-06,3.4469990730285645,82,0,True,False,False
EXP-T141,shadow,1,101,1e-05,1.0000000000000001e-07,83,581,0.49589782314641134,0.537962943315506,3.4465525150299072,6.431005974894185e-06,3.4465525150299072,83,0,True,False,False
EXP-T141,shadow,1,101,1e-05,1.0000000000000001e-07,84,588,0.5638109786169869,0.5378982424736023,3.446033477783203,6.356171597328595e-06,3.446033477783203,84,0,True,False,False
EXP-T141,shadow,1,101,1e-05,1.0000000000000001e-07,85,595,0.5204421920435769,0.5379961133003235,3.4454903602600098,6.28101494146603e-06,3.4454903602600098,85,0,True,False,False
EXP-T141,shadow,1,101,1e-05,1.0000000000000001e-07,86,602,0.5504314388547625,0.5374102890491486,3.445030689239502,6.205554551086732e-06,3.445030689239502,86,0,True,False,False
EXP-T141,shadow,1,101,1e-05,1.0000000000000001e-07,87,609,0.47194351641727345,0.5370590686798096,3.4446144104003906,6.129809044912887e-06,3.4446144104003906,87,0,True,False,False
EXP-T141,shadow,1,101,1e-05,1.0000000000000001e-07,88,616,0.48228653201035093,0.5369985401630402,3.4441561698913574,6.053797112014738e-06,3.4441561698913574,88,0,True,False,False
EXP-T141,shadow,1,101,1e-05,1.0000000000000001e-07,89,623,0.5246871411800385,0.5367027521133423,3.4435434341430664,5.977537507199338e-06,3.4435434341430664,89,0,True,False,False
EXP-T141,shadow,1,101,1e-05,1.0000000000000001e-07,90,630,0.6479146565709796,0.5367255210876465,3.4428963661193848,5.901049046383077e-06,3.4428963661193848,90,0,True,False,False
EXP-T141,shadow,1,101,1e-05,1.0000000000000001e-07,91,637,0.47400262526103426,0.5373960733413696,3.4421658515930176,5.824350601949143e-06,3.4421658515930176,91,0,True,False,False
EXP-T141,shadow,1,101,1e-05,1.0000000000000001e-07,92,644,0.5847427206380027,0.5380572378635406,3.4415781497955322,5.7474610980910354e-06,3.4415781497955322,92,0,True,False,False
EXP-T141,shadow,1,101,1e-05,1.0000000000000001e-07,93,651,0.48062568583658766,0.5382239520549774,3.4411163330078125,5.6703995061433075e-06,3.4411163330078125,93,0,True,False,False
EXP-T141,shadow,1,101,1e-05,1.0000000000000001e-07,94,658,0.714775277035577,0.5375773906707764,3.4408066272735596,5.5931848399006745e-06,3.4408066272735596,94,0,True,False,False
EXP-T141,shadow,1,101,1e-05,1.0000000000000001e-07,95,665,0.5347386172839573,0.5378903150558472,3.4403457641601562,5.515836150926646e-06,3.4403457641601562,95,0,True,False,False
EXP-T141,shadow,1,101,1e-05,1.0000000000000001e-07,96,672,0.517351895570755,0.5380935966968536,3.4398369789123535,5.438372523852833e-06,3.4398369789123535,96,0,True,False,False
EXP-T141,shadow,1,101,1e-05,1.0000000000000001e-07,97,679,0.5753635721547263,0.5381314158439636,3.4393043518066406,5.360813071670101e-06,3.4393043518066406,97,0,True,False,False
EXP-T141,shadow,1,101,1e-05,1.0000000000000001e-07,98,686,0.5760731867381504,0.5383349657058716,3.438994884490967,5.283176931012731e-06,3.438994884490967,98,0,True,False,False
EXP-T141,shadow,1,101,1e-05,1.0000000000000001e-07,99,693,0.5822223212037768,0.5388042628765106,3.438718795776367,5.205483257436735e-06,3.438718795776367,99,0,True,False,False
EXP-T141,shadow,1,101,1e-05,1.0000000000000001e-07,100,700,0.45930018542068346,0.5391955375671387,3.438401222229004,5.127751220693512e-06,3.438401222229004,100,0,True,False,False
EXP-T141,shadow,1,101,1e-05,1.0000000000000001e-07,101,707,0.49902492335864473,0.5396202802658081,3.4391844272613525,5.05e-06,3.438401222229004,100,1,False,False,False
EXP-T141,shadow,1,101,1e-05,1.0000000000000001e-07,102,714,0.65940603188106,0.5397318601608276,3.439157485961914,4.972248779306488e-06,3.438401222229004,100,2,False,False,False
EXP-T141,shadow,1,101,1e-05,1.0000000000000001e-07,103,721,0.46605750386204037,0.5401365160942078,3.439758777618408,4.8945167425632645e-06,3.438401222229004,100,3,False,False,False
EXP-T141,shadow,1,101,1e-05,1.0000000000000001e-07,104,728,0.46272948597158703,0.5400319695472717,3.439246416091919,4.816823068987269e-06,3.438401222229004,100,4,False,False,False
EXP-T141,shadow,1,101,1e-05,1.0000000000000001e-07,105,735,0.464751803449222,0.5402464866638184,3.439375400543213,4.7391869283298985e-06,3.438401222229004,100,5,False,False,False
EXP-T141,shadow,1,101,1e-05,1.0000000000000001e-07,106,742,0.5319671417985644,0.5407211780548096,3.440061092376709,4.661627476147168e-06,3.438401222229004,100,6,False,False,False
EXP-T141,shadow,1,101,1e-05,1.0000000000000001e-07,107,749,0.48724122771195005,0.5408789813518524,3.4401278495788574,4.584163849073354e-06,3.438401222229004,100,7,False,False,False
EXP-T141,shadow,1,101,1e-05,1.0000000000000001e-07,108,756,0.4675225407949516,0.5407942533493042,3.4397201538085938,4.506815160099326e-06,3.438401222229004,100,8,False,False,False
EXP-T141,shadow,1,101,1e-05,1.0000000000000001e-07,109,763,0.557480697120939,0.5412219762802124,3.440463066101074,4.429600493856694e-06,3.438401222229004,100,9,False,False,False
EXP-T141,shadow,1,101,1e-05,1.0000000000000001e-07,110,770,0.5326374173164368,0.5415081679821014,3.4408445358276367,4.352538901908967e-06,3.438401222229004,100,10,False,False,False
EXP-T141,shadow,1,101,1e-05,1.0000000000000001e-07,111,777,0.4967696794441768,0.5411149859428406,3.4398193359375,4.275649398050858e-06,3.438401222229004,100,11,False,False,False
EXP-T141,shadow,1,101,1e-05,1.0000000000000001e-07,112,784,0.5192189557211739,0.5412432253360748,3.4398183822631836,4.198950953616922e-06,3.438401222229004,100,12,False,False,False
EXP-T141,shadow,1,101,1e-05,1.0000000000000001e-07,113,791,0.4669329273913588,0.5414307713508606,3.4399335384368896,4.122462492800663e-06,3.438401222229004,100,13,False,False,False
EXP-T141,shadow,1,101,1e-05,1.0000000000000001e-07,114,798,0.4883194310324533,0.5416353642940521,3.440080404281616,4.046202887985263e-06,3.438401222229004,100,14,False,False,False
EXP-T141,shadow,1,101,1e-05,1.0000000000000001e-07,115,805,0.6610743531158992,0.5415105819702148,3.4395759105682373,3.970190955087116e-06,3.438401222229004,100,15,False,False,False
EXP-T141,shadow,1,101,1e-05,1.0000000000000001e-07,116,812,0.5821097067424229,0.5411615371704102,3.438655376434326,3.894445448913268e-06,3.438401222229004,100,16,False,False,False
EXP-T141,shadow,1,101,1e-05,1.0000000000000001e-07,117,819,0.5064790163721357,0.5404691398143768,3.4370005130767822,3.818985058533969e-06,3.4370005130767822,117,0,True,False,False
EXP-T141,shadow,1,101,1e-05,1.0000000000000001e-07,118,826,0.4999153507607324,0.5401383936405182,3.436042308807373,3.7438284026714044e-06,3.436042308807373,118,0,True,False,False
EXP-T141,shadow,1,101,1e-05,1.0000000000000001e-07,119,833,0.624891574893679,0.5401219427585602,3.4357595443725586,3.6689940251058153e-06,3.4357595443725586,119,0,True,False,False
EXP-T141,shadow,1,101,1e-05,1.0000000000000001e-07,120,840,0.4877125322818756,0.5398786664009094,3.434952974319458,3.594500390100096e-06,3.434952974319458,120,0,True,False,False
EXP-T141,shadow,1,101,1e-05,1.0000000000000001e-07,121,847,0.46117379678513054,0.539863109588623,3.4346389770507812,3.5203658778440116e-06,3.4346389770507812,121,0,True,False,False
EXP-T141,shadow,1,101,1e-05,1.0000000000000001e-07,122,854,0.4677560840334211,0.5395707786083221,3.4337449073791504,3.4466087799191603e-06,3.4337449073791504,122,0,True,False,False
EXP-T141,shadow,1,101,1e-05,1.0000000000000001e-07,123,861,0.46374715279255596,0.5396488010883331,3.4337050914764404,3.3732472947858077e-06,3.4337050914764404,123,0,True,False,False
EXP-T141,shadow,1,101,1e-05,1.0000000000000001e-07,124,868,0.47319991886615753,0.5396691858768463,3.4336001873016357,3.300299523292678e-06,3.4336001873016357,124,0,True,False,False
EXP-T141,shadow,1,101,1e-05,1.0000000000000001e-07,125,875,0.46161609425741645,0.5392846465110779,3.432677984237671,3.227783464210845e-06,3.432677984237671,125,0,True,False,False
EXP-T141,shadow,1,101,1e-05,1.0000000000000001e-07,126,882,0.4811249375343323,0.5388957560062408,3.4316587448120117,3.155717009792807e-06,3.4316587448120117,126,0,True,False,False
EXP-T141,shadow,1,101,1e-05,1.0000000000000001e-07,127,889,0.460410075395235,0.538579910993576,3.430819511413574,3.0841179413578354e-06,3.430819511413574,127,0,True,False,False
EXP-T141,shadow,1,101,1e-05,1.0000000000000001e-07,128,896,0.47853031515010763,0.5383179187774658,3.430129289627075,3.0130039249047117e-06,3.430129289627075,128,0,True,False,False
EXP-T141,shadow,1,101,1e-05,1.0000000000000001e-07,129,903,0.4704859219491482,0.5381774306297302,3.429682493209839,2.9423925067528904e-06,3.429682493209839,129,0,True,False,False
EXP-T141,shadow,1,101,1e-05,1.0000000000000001e-07,130,910,0.6904419703142983,0.5382730960845947,3.429762840270996,2.87230110921322e-06,3.429682493209839,129,1,False,False,False
EXP-T141,shadow,1,101,1e-05,1.0000000000000001e-07,131,917,0.48227694417749134,0.5383152663707733,3.4297165870666504,2.8027470262892435e-06,3.429682493209839,129,2,False,False,False
EXP-T141,shadow,1,101,1e-05,1.0000000000000001e-07,132,924,0.5820006387574332,0.538719117641449,3.4304680824279785,2.7337474194101625e-06,3.429682493209839,129,3,False,False,False
EXP-T141,shadow,1,101,1e-05,1.0000000000000001e-07,133,931,0.48426648548671175,0.5389666259288788,3.4308793544769287,2.6653193131965085e-06,3.429682493209839,129,4,False,False,False
EXP-T141,shadow,1,101,1e-05,1.0000000000000001e-07,134,938,0.5379128456115723,0.5391526818275452,3.4311130046844482,2.5974795912595824e-06,3.429682493209839,129,5,False,False,False
EXP-T141,shadow,1,101,1e-05,1.0000000000000001e-07,135,945,0.5837365984916687,0.5395869016647339,3.431828737258911,2.530244992035662e-06,3.429682493209839,129,6,False,False,False
EXP-T141,shadow,1,101,1e-05,1.0000000000000001e-07,136,952,0.4748808007155146,0.5394598245620728,3.431457996368408,2.4636321046560533e-06,3.429682493209839,129,7,False,False,False
EXP-T141,shadow,1,101,1e-05,1.0000000000000001e-07,137,959,0.46685086829321726,0.5396177470684052,3.4316632747650146,2.3976573648539653e-06,3.429682493209839,129,8,False,False,False
EXP-T141,shadow,1,101,1e-05,1.0000000000000001e-07,138,966,0.5521068360124316,0.5394550263881683,3.4311764240264893,2.332337050909247e-06,3.429682493209839,129,9,False,False,False
EXP-T141,shadow,1,101,1e-05,1.0000000000000001e-07,139,973,0.651844105550221,0.5390807390213013,3.430255651473999,2.267687279631953e-06,3.429682493209839,129,10,False,False,False
EXP-T141,shadow,1,101,1e-05,1.0000000000000001e-07,140,980,0.6386067888566426,0.5389251708984375,3.4297804832458496,2.2037240023857708e-06,3.429682493209839,129,11,False,False,False
EXP-T141,shadow,1,101,1e-05,1.0000000000000001e-07,141,987,0.4630885273218155,0.5390087962150574,3.429762363433838,2.1404630011522584e-06,3.429682493209839,129,12,False,False,False
EXP-T141,shadow,1,101,1e-05,1.0000000000000001e-07,142,994,0.609784049647195,0.5391823351383209,3.429959535598755,2.0779198846368745e-06,3.429682493209839,129,13,False,False,False
EXP-T141,shadow,1,101,1e-05,1.0000000000000001e-07,143,1001,0.46664905095739023,0.5394836366176605,3.4304399490356445,2.0161100844177658e-06,3.429682493209839,129,14,False,False,False
EXP-T141,shadow,1,101,1e-05,1.0000000000000001e-07,144,1008,0.7808945093836103,0.5398681163787842,3.4310858249664307,1.9550488511382593e-06,3.429682493209839,129,15,False,False,False
EXP-T141,shadow,1,101,1e-05,1.0000000000000001e-07,145,1015,0.4570674119438211,0.5398832261562347,3.4309816360473633,1.894751250743986e-06,3.429682493209839,129,16,False,False,False
EXP-T141,shadow,1,101,1e-05,1.0000000000000001e-07,146,1022,0.5043035958494458,0.5397466421127319,3.430601119995117,1.8352321607655916e-06,3.429682493209839,129,17,False,False,False
EXP-T141,shadow,1,101,1e-05,1.0000000000000001e-07,147,1029,0.47270389410550706,0.5397652983665466,3.4305458068847656,1.7765062666479242e-06,3.429682493209839,129,18,False,False,False
EXP-T141,shadow,1,101,1e-05,1.0000000000000001e-07,148,1036,0.48051083939416067,0.539563775062561,3.4300529956817627,1.7185880581266217e-06,3.429682493209839,129,19,False,False,False
EXP-T141,shadow,1,101,1e-05,1.0000000000000001e-07,149,1043,0.4918552019766399,0.5395739376544952,3.4299533367156982,1.6614918256529908e-06,3.429682493209839,129,20,False,False,False
EXP-T141,shadow,1,101,1e-05,1.0000000000000001e-07,150,1050,0.49375392709459576,0.5397651791572571,3.430201768875122,1.6052316568680442e-06,3.429682493209839,129,21,False,False,False
EXP-T141,shadow,1,101,1e-05,1.0000000000000001e-07,151,1057,0.49520563653537203,0.5400083661079407,3.430567502975464,1.5498214331265902e-06,3.429682493209839,129,22,False,False,False
EXP-T141,shadow,1,101,1e-05,1.0000000000000001e-07,152,1064,0.4919597953557968,0.5401464700698853,3.4307398796081543,1.495274826072216e-06,3.429682493209839,129,23,False,False,False
EXP-T141,shadow,1,101,1e-05,1.0000000000000001e-07,153,1071,0.516017666884831,0.5402168929576874,3.430783271789551,1.441605294264014e-06,3.429682493209839,129,24,False,False,False
EXP-T141,shadow,1,101,1e-05,1.0000000000000001e-07,154,1078,0.47804742572563036,0.5400703549385071,3.430410861968994,1.3888260798558817e-06,3.429682493209839,129,25,False,False,False
EXP-T141,shadow,1,101,1e-05,1.0000000000000001e-07,155,1085,0.5722577486719403,0.540155678987503,3.4304659366607666,1.3369502053292252e-06,3.429682493209839,129,26,False,False,False
EXP-T141,shadow,1,101,1e-05,1.0000000000000001e-07,156,1092,0.4696516085948263,0.540022611618042,3.430086851119995,1.285990470279847e-06,3.429682493209839,129,27,False,False,False
EXP-T141,shadow,1,101,1e-05,1.0000000000000001e-07,157,1099,0.4786004291049072,0.5398299694061279,3.429640293121338,1.2359594482598438e-06,3.429640293121338,157,0,True,False,False
EXP-T141,shadow,1,101,1e-05,1.0000000000000001e-07,158,1106,0.45671552552708555,0.5396804809570312,3.429316997528076,1.1868694836752686e-06,3.429316997528076,158,0,True,False,False
EXP-T141,shadow,1,101,1e-05,1.0000000000000001e-07,159,1113,0.4878733285835811,0.5394141674041748,3.4287540912628174,1.1387326887403326e-06,3.4287540912628174,159,0,True,False,False
EXP-T141,shadow,1,101,1e-05,1.0000000000000001e-07,160,1120,0.6804472846644265,0.5391765236854553,3.428241491317749,1.0915609404889017e-06,3.428241491317749,160,0,True,False,False
EXP-T141,shadow,1,101,1e-05,1.0000000000000001e-07,161,1127,0.4677013041991813,0.538889616727829,3.427591323852539,1.0453658778440107e-06,3.427591323852539,161,0,True,False,False
EXP-T141,shadow,1,101,1e-05,1.0000000000000001e-07,162,1134,0.5097701166357312,0.5388564169406891,3.4274513721466064,1.0001588987461348e-06,3.4274513721466064,162,0,True,False,False
EXP-T141,shadow,1,101,1e-05,1.0000000000000001e-07,163,1141,0.5252088350909097,0.5388672351837158,3.427410364151001,9.559511573409195e-07,3.427410364151001,163,0,True,False,False
EXP-T141,shadow,1,101,1e-05,1.0000000000000001e-07,164,1148,0.5628044349806649,0.5387795865535736,3.427189350128174,9.127535612270632e-07,3.427189350128174,164,0,True,False,False
EXP-T141,shadow,1,101,1e-05,1.0000000000000001e-07,165,1155,0.4600540207965033,0.5387541949748993,3.4270970821380615,8.705767687650265e-07,3.4270970821380615,165,0,True,False,False
EXP-T141,shadow,1,101,1e-05,1.0000000000000001e-07,166,1162,0.5422452773366656,0.5387255847454071,3.426988124847412,8.294311864472448e-07,3.426988124847412,166,0,True,False,False
EXP-T141,shadow,1,101,1e-05,1.0000000000000001e-07,167,1169,0.5081579472337451,0.5387696027755737,3.4270217418670654,7.893269663304784e-07,3.426988124847412,166,1,False,False,False
EXP-T141,shadow,1,101,1e-05,1.0000000000000001e-07,168,1176,0.544073794569288,0.538705974817276,3.4268407821655273,7.50274003530953e-07,3.4268407821655273,168,0,True,False,False
EXP-T141,shadow,1,101,1e-05,1.0000000000000001e-07,169,1183,0.5139273277350834,0.5386427640914917,3.4266626834869385,7.122819337828752e-07,3.4266626834869385,169,0,True,False,False
EXP-T141,shadow,1,101,1e-05,1.0000000000000001e-07,170,1190,0.47303342819213867,0.5385688841342926,3.4264752864837646,6.753601310609673e-07,3.4264752864837646,170,0,True,False,False
EXP-T141,shadow,1,101,1e-05,1.0000000000000001e-07,171,1197,0.4758813407804285,0.5385779738426208,3.4264605045318604,6.395177052675794e-07,3.4264605045318604,171,0,True,False,False
EXP-T141,shadow,1,101,1e-05,1.0000000000000001e-07,172,1204,0.520603963306972,0.5385676026344299,3.4264042377471924,6.047634999849531e-07,3.4264042377471924,172,0,True,False,False
EXP-T141,shadow,1,101,1e-05,1.0000000000000001e-07,173,1211,0.4751661994627544,0.5385580658912659,3.4263546466827393,5.711060902932043e-07,3.4263546466827393,173,0,True,False,False
EXP-T141,shadow,1,101,1e-05,1.0000000000000001e-07,174,1218,0.4810922678027834,0.5385339558124542,3.4262681007385254,5.385537806545469e-07,3.4262681007385254,174,0,True,False,False
EXP-T141,shadow,1,101,1e-05,1.0000000000000001e-07,175,1225,0.6297563484736851,0.538483053445816,3.42612886428833,5.071146028642944e-07,3.42612886428833,175,0,True,False,False
EXP-T141,shadow,1,101,1e-05,1.0000000000000001e-07,176,1232,0.5404444507190159,0.5384937524795532,3.4261205196380615,4.7679631406913176e-07,3.4261205196380615,176,0,True,False,False
EXP-T141,shadow,1,101,1e-05,1.0000000000000001e-07,177,1239,0.4694977517106703,0.5385144054889679,3.426138162612915,4.4760639485315585e-07,3.4261205196380615,176,1,False,False,False
EXP-T141,shadow,1,101,1e-05,1.0000000000000001e-07,178,1246,0.5158266723155975,0.538558304309845,3.4262008666992188,4.195520473921565e-07,3.4261205196380615,176,2,False,False,False
EXP-T141,shadow,1,101,1e-05,1.0000000000000001e-07,179,1253,0.47802372662616627,0.5386044681072235,3.4262781143188477,3.92640193676584e-07,3.4261205196380615,176,3,False,False,False
EXP-T141,shadow,1,101,1e-05,1.0000000000000001e-07,180,1260,0.6897054016590118,0.5385936498641968,3.426238536834717,3.668774738036508e-07,3.4261205196380615,176,4,False,False,False
EXP-T141,shadow,1,101,1e-05,1.0000000000000001e-07,181,1267,0.4551821104014867,0.5385692119598389,3.426159381866455,3.4227024433899004e-07,3.4261205196380615,176,5,False,False,False
EXP-T141,shadow,1,101,1e-05,1.0000000000000001e-07,182,1274,0.5680316090583801,0.5385373830795288,3.4260635375976562,3.188245767482659e-07,3.4260635375976562,182,0,True,False,False
EXP-T141,shadow,1,101,1e-05,1.0000000000000001e-07,183,1281,0.4702518169901201,0.5385118722915649,3.4259841442108154,2.9654625589913237e-07,3.4259841442108154,183,0,True,False,False
EXP-T141,shadow,1,101,1e-05,1.0000000000000001e-07,184,1288,0.5461977251938411,0.5385028123855591,3.4259490966796875,2.754407786339001e-07,3.4259490966796875,184,0,True,False,False
EXP-T141,shadow,1,101,1e-05,1.0000000000000001e-07,185,1295,0.49970252173287527,0.5384998917579651,3.4259231090545654,2.555133524132767e-07,3.4259231090545654,185,0,True,False,False
EXP-T141,shadow,1,101,1e-05,1.0000000000000001e-07,186,1302,0.49301049964768545,0.538512647151947,3.4259328842163086,2.3676889403150103e-07,3.4259231090545654,185,1,False,False,False
EXP-T141,shadow,1,101,1e-05,1.0000000000000001e-07,187,1309,0.5888094731739589,0.5385100245475769,3.4259071350097656,2.1921202840320077e-07,3.4259071350097656,187,0,True,False,False
EXP-T141,shadow,1,101,1e-05,1.0000000000000001e-07,188,1316,0.4868197079215731,0.5384857058525085,3.4258406162261963,2.0284708742225901e-07,3.4258406162261963,188,0,True,False,False
EXP-T141,shadow,1,101,1e-05,1.0000000000000001e-07,189,1323,0.525380517755236,0.538468986749649,3.425794839859009,1.8767810889299085e-07,3.425794839859009,189,0,True,False,False
EXP-T141,shadow,1,101,1e-05,1.0000000000000001e-07,190,1330,0.6675358074051994,0.5384840667247772,3.4258158206939697,1.7370883553386935e-07,3.425794839859009,189,1,False,False,False
EXP-T141,shadow,1,101,1e-05,1.0000000000000001e-07,191,1337,0.4856183422463281,0.5384828150272369,3.4258010387420654,1.609427140540686e-07,3.425794839859009,189,2,False,False,False
EXP-T141,shadow,1,101,1e-05,1.0000000000000001e-07,192,1344,0.46433851974351065,0.5384788513183594,3.425781011581421,1.493828943030402e-07,3.425781011581421,192,0,True,False,False
EXP-T141,shadow,1,101,1e-05,1.0000000000000001e-07,193,1351,0.46290931957108633,0.5384587347507477,3.425729990005493,1.3903222849333507e-07,3.425729990005493,193,0,True,False,False
EXP-T141,shadow,1,101,1e-05,1.0000000000000001e-07,194,1358,0.45868471038660835,0.5384595692157745,3.425727128982544,1.2989327049686101e-07,3.425727128982544,194,0,True,False,False
EXP-T141,shadow,1,101,1e-05,1.0000000000000001e-07,195,1365,0.5233571614537921,0.5384581983089447,3.4257164001464844,1.2196827521475402e-07,3.4257164001464844,195,0,True,False,False
EXP-T141,shadow,1,101,1e-05,1.0000000000000001e-07,196,1372,0.5661982255322593,0.5384736359119415,3.4257397651672363,1.1525919802101659e-07,3.4257164001464844,195,1,False,False,False
EXP-T141,shadow,1,101,1e-05,1.0000000000000001e-07,197,1379,0.5279341808387211,0.5384783744812012,3.4257404804229736,1.097676942800558e-07,3.4257164001464844,195,2,False,False,False
EXP-T141,shadow,1,101,1e-05,1.0000000000000001e-07,198,1386,0.46055702582400826,0.5384926795959473,3.425760269165039,1.0549511893824898e-07,3.4257164001464844,195,3,False,False,False
EXP-T141,shadow,1,101,1e-05,1.0000000000000001e-07,199,1393,0.6102531382015773,0.5385070443153381,3.4257822036743164,1.0244252618962859e-07,3.4257164001464844,195,4,False,False,False
EXP-T141,shadow,1,101,1e-05,1.0000000000000001e-07,200,1400,0.5527735267366681,0.5385090708732605,3.4257779121398926,1.006106692157801e-07,3.4257164001464844,195,5,False,False,False
EXP-T141,shadow,1,101,0.0001,1.0000000000000002e-06,1,7,0.4935679194188976,0.5404449105262756,3.4830238819122314,0.0001,3.4830238819122314,1,0,True,False,False
EXP-T141,shadow,1,101,0.0001,1.0000000000000002e-06,2,14,0.4740310566765921,0.5684538781642914,3.537526845932007,9.99938933078422e-05,3.4830238819122314,1,1,False,False,False
EXP-T141,shadow,1,101,0.0001,1.0000000000000002e-06,3,21,0.5435535907745361,0.5803892910480499,3.60599684715271,9.997557473810373e-05,3.4830238819122314,1,2,False,False,False
EXP-T141,shadow,1,101,0.0001,1.0000000000000002e-06,4,28,0.7248130823884692,0.5592229068279266,3.498943567276001,9.994504881061753e-05,3.4830238819122314,1,3,False,False,False
EXP-T141,shadow,1,101,0.0001,1.0000000000000002e-06,5,35,0.6806515327521733,0.5513481497764587,3.4704678058624268,9.990232305719945e-05,3.4704678058624268,5,0,True,False,False
EXP-T141,shadow,1,101,0.0001,1.0000000000000002e-06,6,42,0.46672164063368526,0.5419496595859528,3.4480738639831543,9.984740801978984e-05,3.4480738639831543,6,0,True,False,False
EXP-T141,shadow,1,101,0.0001,1.0000000000000002e-06,7,49,0.4947978620018278,0.5352716743946075,3.4368669986724854,9.978031724785247e-05,3.4368669986724854,7,0,True,False,False
EXP-T141,shadow,1,101,0.0001,1.0000000000000002e-06,8,56,0.4696827834205968,0.5384799540042877,3.4320170879364014,9.97010672950314e-05,3.4320170879364014,8,0,True,False,False
EXP-T141,shadow,1,101,0.0001,1.0000000000000002e-06,9,63,0.5346398268427167,0.5293699204921722,3.430427074432373,9.960967771506667e-05,3.430427074432373,9,0,True,False,False
EXP-T141,shadow,1,101,0.0001,1.0000000000000002e-06,10,70,0.5094381634678159,0.5305824875831604,3.4205379486083984,9.95061710569696e-05,3.4205379486083984,10,0,True,False,False
EXP-T141,shadow,1,101,0.0001,1.0000000000000002e-06,11,77,0.5309560213770185,0.5555056929588318,3.4573264122009277,9.939057285945933e-05,3.4205379486083984,10,1,False,False,False
EXP-T141,shadow,1,101,0.0001,1.0000000000000002e-06,12,84,0.4863037126404898,0.5438248813152313,3.420438766479492,9.926291164466132e-05,3.420438766479492,12,0,True,False,False
EXP-T141,shadow,1,101,0.0001,1.0000000000000002e-06,13,91,0.5417804760592324,0.535128653049469,3.3952529430389404,9.91232189110701e-05,3.3952529430389404,13,0,True,False,False
EXP-T141,shadow,1,101,0.0001,1.0000000000000002e-06,14,98,0.5168184978621346,0.523327112197876,3.3791732788085938,9.897152912577741e-05,3.3791732788085938,14,0,True,False,False
EXP-T141,shadow,1,101,0.0001,1.0000000000000002e-06,15,105,0.5086767758641925,0.5273919701576233,3.3656864166259766,9.8807879715968e-05,3.3656864166259766,15,0,True,False,False
EXP-T141,shadow,1,101,0.0001,1.0000000000000002e-06,16,112,0.476958555834634,0.5265962481498718,3.3492913246154785,9.8632311059685e-05,3.3492913246154785,16,0,True,False,False
EXP-T141,shadow,1,101,0.0001,1.0000000000000002e-06,17,119,0.6925588377884456,0.5378085970878601,3.3572378158569336,9.844486647586725e-05,3.3492913246154785,16,1,False,False,False
EXP-T141,shadow,1,101,0.0001,1.0000000000000002e-06,18,126,0.4476416809318055,0.5054363906383514,3.3414080142974854,9.824559221366101e-05,3.3414080142974854,18,0,True,False,False
EXP-T141,shadow,1,101,0.0001,1.0000000000000002e-06,19,133,0.44825971126556396,0.5019673407077789,3.321150541305542,9.803453744100869e-05,3.321150541305542,19,0,True,False,False
EXP-T141,shadow,1,101,0.0001,1.0000000000000002e-06,20,140,0.47779281650270733,0.5316005945205688,3.333746910095215,9.781175423251735e-05,3.321150541305542,19,1,False,False,False
EXP-T141,shadow,1,101,0.0001,1.0000000000000002e-06,21,147,0.45248846071107046,0.5550901591777802,3.4581031799316406,9.757729755661011e-05,3.321150541305542,19,2,False,False,False
EXP-T141,shadow,1,101,0.0001,1.0000000000000002e-06,22,154,0.49885678717068266,0.5227406919002533,3.3070569038391113,9.73312252619635e-05,3.3070569038391113,22,0,True,False,False
EXP-T141,shadow,1,101,0.0001,1.0000000000000002e-06,23,161,0.4375739778791155,0.49217256903648376,3.2541112899780273,9.707359806323417e-05,3.2541112899780273,23,0,True,False,False
EXP-T141,shadow,1,101,0.0001,1.0000000000000002e-06,24,168,0.466364996773856,0.4923810362815857,3.240723133087158,9.680447952607845e-05,3.240723133087158,24,0,True,False,False
EXP-T141,shadow,1,101,0.0001,1.0000000000000002e-06,25,175,0.4306997576994555,0.5130382627248764,3.2732253074645996,9.652393605146844e-05,3.240723133087158,24,1,False,False,False
EXP-T141,shadow,1,101,0.0001,1.0000000000000002e-06,26,182,0.5040306342499596,0.5168033838272095,3.2942681312561035,9.623203685930869e-05,3.240723133087158,24,2,False,False,False
EXP-T141,shadow,1,101,0.0001,1.0000000000000002e-06,27,189,0.573809163911002,0.48731039464473724,3.2090392112731934,9.592885397135707e-05,3.2090392112731934,27,0,True,False,False
EXP-T141,shadow,1,101,0.0001,1.0000000000000002e-06,28,196,0.4146089463361672,0.485042929649353,3.190870761871338,9.561446219345454e-05,3.190870761871338,28,0,True,False,False
EXP-T141,shadow,1,101,0.0001,1.0000000000000002e-06,29,203,0.4196840524673462,0.5182947218418121,3.330625534057617,9.528893909706797e-05,3.190870761871338,28,1,False,False,False
EXP-T141,shadow,1,101,0.0001,1.0000000000000002e-06,30,210,0.5337843213762555,0.5118194967508316,3.306833028793335,9.495236500015047e-05,3.190870761871338,28,2,False,False,False
EXP-T141,shadow,1,101,0.0001,1.0000000000000002e-06,31,217,0.40468027123383116,0.4857546538114548,3.20046067237854,9.460482294732421e-05,3.190870761871338,28,3,False,False,False
EXP-T141,shadow,1,101,0.0001,1.0000000000000002e-06,32,224,0.5463276164872306,0.47262492775917053,3.1222219467163086,9.424639868939033e-05,3.1222219467163086,32,0,True,False,False
EXP-T141,shadow,1,101,0.0001,1.0000000000000002e-06,33,231,0.43629939215523855,0.5440385043621063,3.4779276847839355,9.387718066217124e-05,3.1222219467163086,32,1,False,False,False
EXP-T141,shadow,1,101,0.0001,1.0000000000000002e-06,34,238,0.38053273908527835,0.5190197825431824,3.364934206008911,9.349725996469047e-05,3.1222219467163086,32,2,False,False,False
EXP-T141,shadow,1,101,0.0001,1.0000000000000002e-06,35,245,0.49500091799667906,0.519912376999855,3.3718464374542236,9.310673033669521e-05,3.1222219467163086,32,3,False,False,False
EXP-T141,shadow,1,101,0.0001,1.0000000000000002e-06,36,252,0.6130390465259552,0.5337030589580536,3.44193172454834,9.270568813552756e-05,3.1222219467163086,32,4,False,False,False
EXP-T141,shadow,1,101,0.0001,1.0000000000000002e-06,37,259,0.4466448894568852,0.47589902579784393,3.12821626663208,9.229423231234974e-05,3.1222219467163086,32,5,False,False,False
EXP-T141,shadow,1,101,0.0001,1.0000000000000002e-06,38,266,0.5734778898102897,0.5107056498527527,3.332247495651245,9.187246438772939e-05,3.1222219467163086,32,6,False,False,False
EXP-T141,shadow,1,101,0.0001,1.0000000000000002e-06,39,273,0.3899507916087584,0.5515040457248688,3.539393424987793,9.14404884265908e-05,3.1222219467163086,32,7,False,False,False
EXP-T141,shadow,1,101,0.0001,1.0000000000000002e-06,40,280,0.4098464548587799,0.4937085509300232,3.243189811706543,9.099841101253866e-05,3.1222219467163086,32,8,False,False,False
EXP-T141,shadow,1,101,0.0001,1.0000000000000002e-06,41,287,0.5907606950828007,0.4786118417978287,3.1631264686584473,9.05463412215599e-05,3.1222219467163086,32,9,False,False,False
EXP-T141,shadow,1,101,0.0001,1.0000000000000002e-06,42,294,0.3697563718472208,0.5157271474599838,3.3621132373809814,9.0084390595111e-05,3.1222219467163086,32,10,False,False,False
EXP-T141,shadow,1,101,0.0001,1.0000000000000002e-06,43,301,0.41695101239851545,0.5381279736757278,3.4777841567993164,8.961267311259666e-05,3.1222219467163086,32,11,False,False,False
EXP-T141,shadow,1,101,0.0001,1.0000000000000002e-06,44,308,0.48769969812461306,0.48813360929489136,3.243253469467163,8.913130516324733e-05,3.1222219467163086,32,12,False,False,False
EXP-T141,shadow,1,101,0.0001,1.0000000000000002e-06,45,315,0.3458289079197649,0.5287046581506729,3.4455552101135254,8.864040551740158e-05,3.1222219467163086,32,13,False,False,False
EXP-T141,shadow,1,101,0.0001,1.0000000000000002e-06,46,322,0.42411108527864727,0.4951449930667877,3.286055326461792,8.814009529720155e-05,3.1222219467163086,32,14,False,False,False
EXP-T141,shadow,1,101,0.0001,1.0000000000000002e-06,47,329,0.352189872946058,0.5011202991008759,3.3267388343811035,8.763049794670775e-05,3.1222219467163086,32,15,False,False,False
EXP-T141,shadow,1,101,0.0001,1.0000000000000002e-06,48,336,0.40167391087327686,0.50775445997715,3.3635308742523193,8.711173920144117e-05,3.1222219467163086,32,16,False,False,False
EXP-T141,shadow,1,101,0.0001,1.0000000000000002e-06,49,343,0.39078861262117115,0.5554222911596298,3.597817301750183,8.658394705735987e-05,3.1222219467163086,32,17,False,False,False
EXP-T141,shadow,1,101,0.0001,1.0000000000000002e-06,50,350,0.35232202227052767,0.44827890396118164,3.036604881286621,8.604725173927785e-05,3.036604881286621,50,0,True,False,False
EXP-T141,shadow,1,101,0.0001,1.0000000000000002e-06,51,357,0.4170305537325995,0.4846755117177963,3.2622525691986084,8.55017856687341e-05,3.036604881286621,50,1,False,False,False
EXP-T141,shadow,1,101,0.0001,1.0000000000000002e-06,52,364,0.34695375737335,0.5181707441806793,3.4130141735076904,8.494768343131955e-05,3.036604881286621,50,2,False,False,False
EXP-T141,shadow,1,101,0.0001,1.0000000000000002e-06,53,371,0.4066247982638223,0.542363315820694,3.527897357940674,8.438508174347009e-05,3.036604881286621,50,3,False,False,False
EXP-T141,shadow,1,101,0.0001,1.0000000000000002e-06,54,378,0.4182046779564449,0.5818233340978622,3.7379038333892822,8.381411941873378e-05,3.036604881286621,50,4,False,False,False
EXP-T141,shadow,1,101,0.0001,1.0000000000000002e-06,55,385,0.42227041721343994,0.4631834477186203,3.125793695449829,8.323493733352077e-05,3.036604881286621,50,5,False,False,False
EXP-T141,shadow,1,101,0.0001,1.0000000000000002e-06,56,392,0.4110441335609981,0.5025911331176758,3.3183796405792236,8.26476783923441e-05,3.036604881286621,50,6,False,False,False
EXP-T141,shadow,1,101,0.0001,1.0000000000000002e-06,57,399,0.5001954010554722,0.5312232077121735,3.466500759124756,8.205248749256015e-05,3.036604881286621,50,7,False,False,False
EXP-T141,shadow,1,101,0.0001,1.0000000000000002e-06,58,406,0.3343027718651034,0.5153879374265671,3.3912088871002197,8.144951148861742e-05,3.036604881286621,50,8,False,False,False
EXP-T141,shadow,1,101,0.0001,1.0000000000000002e-06,59,413,0.3693199264151709,0.4781509339809418,3.21004056930542,8.083889915582235e-05,3.036604881286621,50,9,False,False,False
EXP-T141,shadow,1,101,0.0001,1.0000000000000002e-06,60,420,0.5568865069321224,0.5263111293315887,3.4447178840637207,8.022080115363127e-05,3.036604881286621,50,10,False,False,False
EXP-T141,shadow,1,101,0.0001,1.0000000000000002e-06,61,427,0.42047599809510366,0.5054091811180115,3.349836826324463,7.959536998847744e-05,3.036604881286621,50,11,False,False,False
EXP-T141,shadow,1,101,0.0001,1.0000000000000002e-06,62,434,0.4952768555709294,0.5128703862428665,3.387791395187378,7.89627599761423e-05,3.036604881286621,50,12,False,False,False
EXP-T141,shadow,1,101,0.0001,1.0000000000000002e-06,63,441,0.33904953779918806,0.4698999226093292,3.16721773147583,7.832312720368048e-05,3.036604881286621,50,13,False,False,False
EXP-T141,shadow,1,101,0.0001,1.0000000000000002e-06,64,448,0.46501482810292927,0.528204008936882,3.462829351425171,7.767662949090753e-05,3.036604881286621,50,14,False,False,False
EXP-T141,shadow,1,101,0.0001,1.0000000000000002e-06,65,455,0.33534298624311176,0.5112464725971222,3.385538339614868,7.702342635146033e-05,3.036604881286621,50,15,False,False,False
EXP-T141,shadow,1,101,0.0001,1.0000000000000002e-06,66,462,0.42819815022604807,0.4910735934972763,3.288184642791748,7.636367895343946e-05,3.036604881286621,50,16,False,False,False
EXP-T141,shadow,1,101,0.0001,1.0000000000000002e-06,67,469,0.3339460385697229,0.5125211477279663,3.403418183326721,7.569755007964338e-05,3.036604881286621,50,17,False,False,False
EXP-T141,shadow,1,101,0.0001,1.0000000000000002e-06,68,476,0.34553467322673115,0.5004056543111801,3.341984510421753,7.502520408740418e-05,3.036604881286621,50,18,False,False,False
EXP-T141,shadow,1,101,0.0001,1.0000000000000002e-06,69,483,0.5276120028325489,0.5037026703357697,3.3652005195617676,7.43468068680349e-05,3.036604881286621,50,19,False,False,False
EXP-T141,shadow,1,101,0.0001,1.0000000000000002e-06,70,490,0.37669800434793743,0.49522005021572113,3.32285213470459,7.366252580589839e-05,3.036604881286621,50,20,False,False,False
EXP-T141,shadow,1,101,0.0001,1.0000000000000002e-06,71,497,0.32057324796915054,0.5438002943992615,3.5378705263137817,7.297252973710757e-05,3.036604881286621,50,21,False,False,False
EXP-T141,shadow,1,101,0.0001,1.0000000000000002e-06,72,504,0.3367160824792726,0.5270358324050903,3.470113515853882,7.22769889078678e-05,3.036604881286621,50,22,False,False,False
EXP-T141,shadow,1,101,0.0001,1.0000000000000002e-06,73,511,0.37516004485743387,0.46022874116897583,3.1361281871795654,7.15760749324711e-05,3.036604881286621,50,23,False,False,False
EXP-T141,shadow,1,101,0.0001,1.0000000000000002e-06,74,518,0.41875040744032177,0.5344493985176086,3.501798629760742,7.086996075095289e-05,3.036604881286621,50,24,False,False,False
EXP-T141,shadow,1,101,0.0001,1.0000000000000002e-06,75,525,0.3925793596676418,0.5285083949565887,3.476556420326233,7.015882058642164e-05,3.036604881286621,50,25,False,False,False
EXP-T141,shadow,1,101,0.0001,1.0000000000000002e-06,76,532,0.4365532398223877,0.4780808687210083,3.240243911743164,6.944282990207195e-05,3.036604881286621,50,26,False,False,False
EXP-T141,shadow,1,101,0.0001,1.0000000000000002e-06,77,539,0.4216733532292502,0.5130770951509476,3.4218900203704834,6.872216535789157e-05,3.036604881286621,50,27,False,False,False
EXP-T141,shadow,1,101,0.0001,1.0000000000000002e-06,78,546,0.29483220127544235,0.5477048307657242,3.5733542442321777,6.799700476707323e-05,3.036604881286621,50,28,False,False,False
EXP-T141,shadow,1,101,0.0001,1.0000000000000002e-06,79,553,0.30901177866118296,0.4910321831703186,3.327632427215576,6.726752705214194e-05,3.036604881286621,50,29,False,False,False
EXP-T141,shadow,1,101,0.0001,1.0000000000000002e-06,80,560,0.28481906013829367,0.48287399113178253,3.289163827896118,6.65339122008084e-05,3.036604881286621,50,30,False,True,False
EXP-T141,shadow,1,101,0.001,1e-05,1,7,0.7203763957534518,0.5455673635005951,3.4684197902679443,0.001,3.4684197902679443,1,0,True,False,False
EXP-T141,shadow,1,101,0.001,1e-05,2,14,0.5280199902398246,0.7504341006278992,4.583664655685425,0.000999938933078422,3.4684197902679443,1,1,False,False,False
EXP-T141,shadow,1,101,0.001,1e-05,3,21,0.7118766137531826,0.5587034970521927,3.6404125690460205,0.0009997557473810372,3.4684197902679443,1,2,False,False,False
EXP-T141,shadow,1,101,0.001,1e-05,4,28,0.6862358365740094,0.6296598315238953,3.9319827556610107,0.0009994504881061753,3.4684197902679443,1,3,False,False,False
EXP-T141,shadow,1,101,0.001,1e-05,5,35,0.7147770949772426,0.531069815158844,3.383951425552368,0.0009990232305719944,3.383951425552368,5,0,True,False,False
EXP-T141,shadow,1,101,0.001,1e-05,6,42,0.481042671416487,0.5201839804649353,3.363602638244629,0.0009984740801978985,3.363602638244629,6,0,True,False,False
EXP-T141,shadow,1,101,0.001,1e-05,7,49,0.4745037837752274,0.550986111164093,3.4815149307250977,0.0009978031724785245,3.363602638244629,6,1,False,False,False
EXP-T141,shadow,1,101,0.001,1e-05,8,56,0.4182453581265041,0.5271544009447098,3.3716044425964355,0.000997010672950314,3.363602638244629,6,2,False,False,False
EXP-T141,shadow,1,101,0.001,1e-05,9,63,0.4587720302598817,0.5112574696540833,3.3481550216674805,0.0009960967771506667,3.3481550216674805,9,0,True,False,False
EXP-T141,shadow,1,101,0.001,1e-05,10,70,0.42783345601388384,0.7205581665039062,4.4413230419158936,0.000995061710569696,3.3481550216674805,9,1,False,False,False
EXP-T141,shadow,1,101,0.001,1e-05,11,77,0.4881279042788914,0.5656250417232513,3.604600429534912,0.0009939057285945933,3.3481550216674805,9,2,False,False,False
EXP-T141,shadow,1,101,0.001,1e-05,12,84,0.4003427858863558,0.8324636220932007,4.967981457710266,0.000992629116446613,3.3481550216674805,9,3,False,False,False
EXP-T141,shadow,1,101,0.001,1e-05,13,91,0.6165771314076015,0.48919305205345154,3.253406047821045,0.000991232189110701,3.253406047821045,13,0,True,False,False
EXP-T141,shadow,1,101,0.001,1e-05,14,98,0.43056628108024597,0.4748777896165848,3.209850311279297,0.0009897152912577741,3.209850311279297,14,0,True,False,False
EXP-T141,shadow,1,101,0.001,1e-05,15,105,0.6214912363461086,0.43008799850940704,2.8816335201263428,0.00098807879715968,2.8816335201263428,15,0,True,False,False
EXP-T141,shadow,1,101,0.001,1e-05,16,112,0.41711186724049704,0.579063668847084,3.7412140369415283,0.00098632311059685,2.8816335201263428,15,1,False,False,False
EXP-T141,shadow,1,101,0.001,1e-05,17,119,0.5966204532555172,0.4973914921283722,3.2850399017333984,0.0009844486647586723,2.8816335201263428,15,2,False,False,False
EXP-T141,shadow,1,101,0.001,1e-05,18,126,0.3411605437951429,0.48437726497650146,3.21990704536438,0.00098245592213661,2.8816335201263428,15,3,False,False,False
EXP-T141,shadow,1,101,0.001,1e-05,19,133,0.31077586114406586,0.532756432890892,3.448880195617676,0.0009803453744100868,2.8816335201263428,15,4,False,False,False
EXP-T141,shadow,1,101,0.001,1e-05,20,140,0.4596262680632727,0.5178677439689636,3.379843235015869,0.0009781175423251734,2.8816335201263428,15,5,False,False,False
EXP-T141,shadow,1,101,0.001,1e-05,21,147,0.31956748767489834,0.44049637019634247,2.978384256362915,0.0009757729755661011,2.8816335201263428,15,6,False,False,False
EXP-T141,shadow,1,101,0.001,1e-05,22,154,0.33481471199775115,0.43380576372146606,2.950202465057373,0.0009733122526196349,2.8816335201263428,15,7,False,False,False
EXP-T141,shadow,1,101,0.001,1e-05,23,161,0.2846684253641537,0.42442068457603455,2.901857614517212,0.0009707359806323416,2.8816335201263428,15,8,False,False,False
EXP-T141,shadow,1,101,0.001,1e-05,24,168,0.3325197068708284,0.44985125958919525,3.023895740509033,0.0009680447952607845,2.8816335201263428,15,9,False,False,False
EXP-T141,shadow,1,101,0.001,1e-05,25,175,0.2513083645275661,0.5155037641525269,3.3874810934066772,0.0009652393605146844,2.8816335201263428,15,10,False,False,False
EXP-T141,shadow,1,101,0.001,1e-05,26,182,0.3052891322544643,0.4576852470636368,3.0879805088043213,0.000962320368593087,2.8816335201263428,15,11,False,False,False
EXP-T141,shadow,1,101,0.001,1e-05,27,189,0.3697382147823061,0.4712532311677933,3.181701421737671,0.0009592885397135706,2.8816335201263428,15,12,False,False,False
EXP-T141,shadow,1,101,0.001,1e-05,28,196,0.268818987267358,0.42844900488853455,2.9864425659179688,0.0009561446219345453,2.8816335201263428,15,13,False,False,False
EXP-T141,shadow,1,101,0.001,1e-05,29,203,0.2930559345654079,0.5418391674757004,3.572894334793091,0.0009528893909706797,2.8816335201263428,15,14,False,False,False
EXP-T141,shadow,1,101,0.001,1e-05,30,210,0.3523378755365099,0.42955997586250305,2.8687918186187744,0.0009495236500015047,2.8687918186187744,30,0,True,False,False
EXP-T141,shadow,1,101,0.001,1e-05,31,217,0.29233975069863455,0.46043089032173157,3.1643216609954834,0.0009460482294732421,2.8687918186187744,30,1,False,False,False
EXP-T141,shadow,1,101,0.001,1e-05,32,224,0.25940371166007026,0.585044264793396,3.801095485687256,0.0009424639868939033,2.8687918186187744,30,2,False,False,False
EXP-T141,shadow,1,101,0.001,1e-05,33,231,0.26611894581999096,0.48441746830940247,3.259431838989258,0.0009387718066217125,2.8687918186187744,30,3,False,False,False
EXP-T141,shadow,1,101,0.001,1e-05,34,238,0.30705244839191437,0.6145238727331161,3.8710899353027344,0.0009349725996469047,2.8687918186187744,30,4,False,False,False
EXP-T141,shadow,1,101,0.001,1e-05,35,245,0.23793759090559824,0.458920493721962,3.0620059967041016,0.0009310673033669522,2.8687918186187744,30,5,False,False,False
EXP-T141,shadow,1,101,0.001,1e-05,36,252,0.2091125249862671,0.4551173895597458,3.049098253250122,0.0009270568813552756,2.8687918186187744,30,6,False,False,False
EXP-T141,shadow,1,101,0.001,1e-05,37,259,0.2020777240395546,0.44238725304603577,3.034701347351074,0.0009229423231234975,2.8687918186187744,30,7,False,False,False
EXP-T141,shadow,1,101,0.001,1e-05,38,266,0.2878842736993517,0.7998932003974915,4.758295178413391,0.0009187246438772938,2.8687918186187744,30,8,False,False,False
EXP-T141,shadow,1,101,0.001,1e-05,39,273,0.4070339969226292,0.5054068267345428,3.330726146697998,0.0009144048842659081,2.8687918186187744,30,9,False,False,False
EXP-T141,shadow,1,101,0.001,1e-05,40,280,0.24455466121435165,0.5662349909543991,3.6438326835632324,0.0009099841101253866,2.8687918186187744,30,10,False,False,False
EXP-T141,shadow,1,101,0.001,1e-05,41,287,0.29848262880529675,0.4871088117361069,3.236497640609741,0.000905463412215599,2.8687918186187744,30,11,False,False,False
EXP-T141,shadow,1,101,0.001,1e-05,42,294,0.21818935871124268,0.4656260907649994,3.1387851238250732,0.0009008439059511099,2.8687918186187744,30,12,False,False,False
EXP-T141,shadow,1,101,0.001,1e-05,43,301,0.244669075523104,0.4755706936120987,3.149964690208435,0.0008961267311259666,2.8687918186187744,30,13,False,False,False
EXP-T141,shadow,1,101,0.001,1e-05,44,308,0.2021834488425936,0.4874843657016754,3.2437729835510254,0.0008913130516324732,2.8687918186187744,30,14,False,False,False
EXP-T141,shadow,1,101,0.001,1e-05,45,315,0.13604127722127096,0.4581437408924103,3.0730791091918945,0.0008864040551740157,2.8687918186187744,30,15,False,False,False
EXP-T141,shadow,1,101,0.001,1e-05,46,322,0.22816024561013495,0.4950718879699707,3.2502660751342773,0.0008814009529720154,2.8687918186187744,30,16,False,False,False
EXP-T141,shadow,1,101,0.001,1e-05,47,329,0.1516108104426946,0.5879186987876892,3.760511040687561,0.0008763049794670775,2.8687918186187744,30,17,False,False,False
EXP-T141,shadow,1,101,0.001,1e-05,48,336,0.26337963129792896,0.449367880821228,3.0292015075683594,0.0008711173920144117,2.8687918186187744,30,18,False,False,False
EXP-T141,shadow,1,101,0.001,1e-05,49,343,0.15564272526119435,0.46750107407569885,3.108283042907715,0.0008658394705735987,2.8687918186187744,30,19,False,False,False
EXP-T141,shadow,1,101,0.001,1e-05,50,350,0.11190166949693646,0.4771586060523987,3.189057230949402,0.0008604725173927785,2.8687918186187744,30,20,False,False,False
EXP-T141,shadow,1,101,0.001,1e-05,51,357,0.14764329684632166,0.44714927673339844,3.030508041381836,0.000855017856687341,2.8687918186187744,30,21,False,False,False
EXP-T141,shadow,1,101,0.001,1e-05,52,364,0.1356146266417844,0.5264760255813599,3.4437499046325684,0.0008494768343131955,2.8687918186187744,30,22,False,False,False
EXP-T141,shadow,1,101,0.001,1e-05,53,371,0.14564138358192785,0.5307961851358414,3.442908763885498,0.0008438508174347009,2.8687918186187744,30,23,False,False,False
EXP-T141,shadow,1,101,0.001,1e-05,54,378,0.10549308359622955,0.5110998898744583,3.3604183197021484,0.0008381411941873378,2.8687918186187744,30,24,False,False,False
EXP-T141,shadow,1,101,0.001,1e-05,55,385,0.1728603999529566,0.4514033794403076,3.023787021636963,0.0008323493733352077,2.8687918186187744,30,25,False,False,False
EXP-T141,shadow,1,101,0.001,1e-05,56,392,0.11526403789009367,0.5049508512020111,3.3302807807922363,0.000826476783923441,2.8687918186187744,30,26,False,False,False
EXP-T141,shadow,1,101,0.001,1e-05,57,399,0.1962884430374418,0.7958992719650269,4.748056888580322,0.0008205248749256015,2.8687918186187744,30,27,False,False,False
EXP-T141,shadow,1,101,0.001,1e-05,58,406,0.21456015322889602,0.44792743027210236,2.931920289993286,0.0008144951148861742,2.8687918186187744,30,28,False,False,False
EXP-T141,shadow,1,101,0.001,1e-05,59,413,0.15297237357922963,0.7375220060348511,4.462846636772156,0.0008083889915582234,2.8687918186187744,30,29,False,False,False
EXP-T141,shadow,1,101,0.001,1e-05,60,420,0.16894841407026565,0.47137245535850525,3.1342861652374268,0.0008022080115363127,2.8687918186187744,30,30,False,True,False
EXP-T141,shadow,1,101,0.01,0.0001,1,7,3.8054772445133755,2.9908634424209595,15.020466446876526,0.01,15.020466446876526,1,0,True,False,False
EXP-T141,shadow,1,101,0.01,0.0001,2,14,2.052032470703125,10.693887710571289,50.721759557724,0.00999938933078422,15.020466446876526,1,1,False,False,False
EXP-T141,shadow,1,101,0.01,0.0001,3,21,1.5800776141030448,0.5244168043136597,3.4562108516693115,0.009997557473810372,3.4562108516693115,3,0,True,False,False
EXP-T141,shadow,1,101,0.01,0.0001,4,28,0.6874853117125375,3.3579790592193604,16.721940994262695,0.009994504881061753,3.4562108516693115,3,1,False,False,False
EXP-T141,shadow,1,101,0.01,0.0001,5,35,1.879996589251927,0.5827817618846893,3.6250698566436768,0.009990232305719944,3.4562108516693115,3,2,False,False,False
EXP-T141,shadow,1,101,0.01,0.0001,6,42,0.5528136704649244,0.7502780556678772,4.5826356410980225,0.009984740801978984,3.4562108516693115,3,3,False,False,False
EXP-T141,shadow,1,101,0.01,0.0001,7,49,0.5225376550640378,0.5384481251239777,3.5048909187316895,0.009978031724785246,3.4562108516693115,3,4,False,False,False
EXP-T141,shadow,1,101,0.01,0.0001,8,56,0.47952202893793583,0.5390118062496185,3.4893951416015625,0.00997010672950314,3.4562108516693115,3,5,False,False,False
EXP-T141,shadow,1,101,0.01,0.0001,9,63,0.5561243551118034,0.5407408177852631,3.484375,0.009960967771506667,3.4562108516693115,3,6,False,False,False
EXP-T141,shadow,1,101,0.01,0.0001,10,70,0.5232528703553336,0.5406608581542969,3.484375,0.00995061710569696,3.4562108516693115,3,7,False,False,False
EXP-T141,shadow,1,101,0.01,0.0001,11,77,0.48857190353529795,0.5423132181167603,3.484375,0.009939057285945933,3.4562108516693115,3,8,False,False,False
EXP-T141,shadow,1,101,0.01,0.0001,12,84,0.5996222496032715,0.6344996392726898,3.8920764923095703,0.00992629116446613,3.4562108516693115,3,9,False,False,False
EXP-T141,shadow,1,101,0.01,0.0001,13,91,1.0290181296212333,0.5416322946548462,3.484375,0.00991232189110701,3.4562108516693115,3,10,False,False,False
EXP-T141,shadow,1,101,0.01,0.0001,14,98,0.5921941569873265,0.5404665470123291,3.484375,0.00989715291257774,3.4562108516693115,3,11,False,False,False
EXP-T141,shadow,1,101,0.01,0.0001,15,105,0.5774380905287606,0.5411497056484222,3.484375,0.0098807879715968,3.4562108516693115,3,12,False,False,False
EXP-T141,shadow,1,101,0.01,0.0001,16,112,0.5182147153786251,0.5429930686950684,3.484375,0.0098632311059685,3.4562108516693115,3,13,False,False,False
EXP-T141,shadow,1,101,0.01,0.0001,17,119,0.7076217957905361,0.545764684677124,3.484375,0.009844486647586723,3.4562108516693115,3,14,False,False,False
EXP-T141,shadow,1,101,0.01,0.0001,18,126,0.4816807731986046,0.5452253520488739,3.484375,0.0098245592213661,3.4562108516693115,3,15,False,False,False
EXP-T141,shadow,1,101,0.01,0.0001,19,133,0.48956476151943207,0.5441542863845825,3.484375,0.009803453744100868,3.4562108516693115,3,16,False,False,False
EXP-T141,shadow,1,101,0.01,0.0001,20,140,0.47386377171746324,0.5448455512523651,3.484375,0.009781175423251734,3.4562108516693115,3,17,False,False,False
EXP-T141,shadow,1,101,0.01,0.0001,21,147,0.49529361724853516,0.5452182590961456,3.484375,0.009757729755661011,3.4562108516693115,3,18,False,False,False
EXP-T141,shadow,1,101,0.01,0.0001,22,154,0.575603940657207,0.5468643307685852,3.484375,0.009733122526196349,3.4562108516693115,3,19,False,False,False
EXP-T141,shadow,1,101,0.01,0.0001,23,161,0.5922440418175289,0.5459036231040955,3.484375,0.009707359806323416,3.4562108516693115,3,20,False,False,False
EXP-T141,shadow,1,101,0.01,0.0001,24,168,0.5313137641974858,0.5437756776809692,3.484375,0.009680447952607845,3.4562108516693115,3,21,False,False,False
EXP-T141,shadow,1,101,0.01,0.0001,25,175,0.4746190942823887,0.5418878495693207,3.484375,0.009652393605146845,3.4562108516693115,3,22,False,False,False
EXP-T141,shadow,1,101,0.01,0.0001,26,182,0.5856039609227862,0.5413162708282471,3.484375,0.00962320368593087,3.4562108516693115,3,23,False,False,False
EXP-T141,shadow,1,101,0.01,0.0001,27,189,0.6126059889793396,0.5403124392032623,3.484375,0.009592885397135707,3.4562108516693115,3,24,False,False,False
EXP-T141,shadow,1,101,0.01,0.0001,28,196,0.47747900975602015,0.5394590198993683,3.4861960411071777,0.009561446219345454,3.4562108516693115,3,25,False,False,False
EXP-T141,shadow,1,101,0.01,0.0001,29,203,0.48518819574798855,0.5390422642230988,3.489150047302246,0.009528893909706798,3.4562108516693115,3,26,False,False,False
EXP-T141,shadow,1,101,0.01,0.0001,30,210,0.6097482570580074,0.5387918949127197,3.4913411140441895,0.009495236500015047,3.4562108516693115,3,27,False,False,False
EXP-T141,shadow,1,101,0.01,0.0001,31,217,0.4758111227835928,0.538575291633606,3.493739604949951,0.00946048229473242,3.4562108516693115,3,28,False,False,False
EXP-T141,shadow,1,101,0.01,0.0001,32,224,0.5028172454663685,0.538640707731247,3.492940902709961,0.009424639868939034,3.4562108516693115,3,29,False,False,False
EXP-T141,shadow,1,101,0.01,0.0001,33,231,0.5542166360786983,0.5393997728824615,3.486579418182373,0.009387718066217124,3.4562108516693115,3,30,False,True,False
EXP-T141,shadow,2,101,1e-05,1.0000000000000001e-07,1,7,0.5244508343083518,0.6044155657291412,3.608494281768799,1e-05,3.608494281768799,1,0,True,False,False
EXP-T141,shadow,2,101,1e-05,1.0000000000000001e-07,2,14,0.5261365515845162,0.6015650033950806,3.5951943397521973,9.99938933078422e-06,3.5951943397521973,2,0,True,False,False
EXP-T141,shadow,2,101,1e-05,1.0000000000000001e-07,3,21,0.5523260022912707,0.5978254079818726,3.5755932331085205,9.997557473810373e-06,3.5755932331085205,3,0,True,False,False
EXP-T141,shadow,2,101,1e-05,1.0000000000000001e-07,4,28,0.5894465872219631,0.5942984819412231,3.553729772567749,9.994504881061752e-06,3.553729772567749,4,0,True,False,False
EXP-T141,shadow,2,101,1e-05,1.0000000000000001e-07,5,35,0.48062816195722136,0.5920738577842712,3.5371086597442627,9.990232305719944e-06,3.5371086597442627,5,0,True,False,False
EXP-T141,shadow,2,101,1e-05,1.0000000000000001e-07,6,42,0.5864474730832236,0.5903177261352539,3.521786689758301,9.984740801978984e-06,3.521786689758301,6,0,True,False,False
EXP-T141,shadow,2,101,1e-05,1.0000000000000001e-07,7,49,0.5391841147627149,0.5891164541244507,3.516136884689331,9.978031724785247e-06,3.516136884689331,7,0,True,False,False
EXP-T141,shadow,2,101,1e-05,1.0000000000000001e-07,8,56,0.5032114067247936,0.5884069800376892,3.512402296066284,9.97010672950314e-06,3.512402296066284,8,0,True,False,False
EXP-T141,shadow,2,101,1e-05,1.0000000000000001e-07,9,63,0.5430057091372353,0.5876278877258301,3.506692409515381,9.960967771506666e-06,3.506692409515381,9,0,True,False,False
EXP-T141,shadow,2,101,1e-05,1.0000000000000001e-07,10,70,0.5533926274095263,0.5874246060848236,3.50508975982666,9.950617105696961e-06,3.50508975982666,10,0,True,False,False
EXP-T141,shadow,2,101,1e-05,1.0000000000000001e-07,11,77,0.5868822910955974,0.5871614217758179,3.502042293548584,9.939057285945933e-06,3.502042293548584,11,0,True,False,False
EXP-T141,shadow,2,101,1e-05,1.0000000000000001e-07,12,84,0.5376282291752952,0.5869659185409546,3.498555898666382,9.926291164466131e-06,3.498555898666382,12,0,True,False,False
EXP-T141,shadow,2,101,1e-05,1.0000000000000001e-07,13,91,0.5437175929546356,0.5868742763996124,3.4982423782348633,9.91232189110701e-06,3.4982423782348633,13,0,True,False,False
EXP-T141,shadow,2,101,1e-05,1.0000000000000001e-07,14,98,0.6087781148297446,0.5868183672428131,3.498713731765747,9.897152912577742e-06,3.4982423782348633,13,1,False,False,False
EXP-T141,shadow,2,101,1e-05,1.0000000000000001e-07,15,105,0.5826715869562966,0.5868595838546753,3.501112222671509,9.8807879715968e-06,3.4982423782348633,13,2,False,False,False
EXP-T141,shadow,2,101,1e-05,1.0000000000000001e-07,16,112,0.529206646340234,0.5869810879230499,3.5035176277160645,9.8632311059685e-06,3.4982423782348633,13,3,False,False,False
EXP-T141,shadow,2,101,1e-05,1.0000000000000001e-07,17,119,0.6078026465007237,0.5870897173881531,3.5050368309020996,9.844486647586724e-06,3.4982423782348633,13,4,False,False,False
EXP-T141,shadow,2,101,1e-05,1.0000000000000001e-07,18,126,0.600777017218726,0.5867939889431,3.5028412342071533,9.824559221366101e-06,3.4982423782348633,13,5,False,False,False
EXP-T141,shadow,2,101,1e-05,1.0000000000000001e-07,19,133,0.518746520791735,0.5868459641933441,3.5037949085235596,9.803453744100868e-06,3.4982423782348633,13,6,False,False,False
EXP-T141,shadow,2,101,1e-05,1.0000000000000001e-07,20,140,0.5239484863621848,0.5865751504898071,3.5019218921661377,9.781175423251734e-06,3.4982423782348633,13,7,False,False,False
EXP-T141,shadow,2,101,1e-05,1.0000000000000001e-07,21,147,0.483327570770468,0.5864981114864349,3.5018088817596436,9.757729755661012e-06,3.4982423782348633,13,8,False,False,False
EXP-T141,shadow,2,101,1e-05,1.0000000000000001e-07,22,154,0.5347235543387276,0.5864864587783813,3.5021564960479736,9.73312252619635e-06,3.4982423782348633,13,9,False,False,False
EXP-T141,shadow,2,101,1e-05,1.0000000000000001e-07,23,161,0.5429379003388541,0.5863351821899414,3.5011425018310547,9.707359806323418e-06,3.4982423782348633,13,10,False,False,False
EXP-T141,shadow,2,101,1e-05,1.0000000000000001e-07,24,168,0.5140351184776851,0.5862244367599487,3.5004665851593018,9.680447952607845e-06,3.4982423782348633,13,11,False,False,False
EXP-T141,shadow,2,101,1e-05,1.0000000000000001e-07,25,175,0.5389074427740914,0.5862103998661041,3.5006678104400635,9.652393605146845e-06,3.4982423782348633,13,12,False,False,False
EXP-T141,shadow,2,101,1e-05,1.0000000000000001e-07,26,182,0.5124307104519435,0.5861801207065582,3.5007448196411133,9.62320368593087e-06,3.4982423782348633,13,13,False,False,False
EXP-T141,shadow,2,101,1e-05,1.0000000000000001e-07,27,189,0.6801352713789258,0.5861921906471252,3.501124620437622,9.592885397135707e-06,3.4982423782348633,13,14,False,False,False
EXP-T141,shadow,2,101,1e-05,1.0000000000000001e-07,28,196,0.528653506721769,0.5859780013561249,3.499844789505005,9.561446219345455e-06,3.4982423782348633,13,15,False,False,False
EXP-T141,shadow,2,101,1e-05,1.0000000000000001e-07,29,203,0.6518512793949672,0.5857186317443848,3.4980459213256836,9.528893909706798e-06,3.4980459213256836,29,0,True,False,False
EXP-T141,shadow,2,101,1e-05,1.0000000000000001e-07,30,210,0.5498532823153904,0.5854979753494263,3.496541976928711,9.495236500015048e-06,3.496541976928711,30,0,True,False,False
EXP-T141,shadow,2,101,1e-05,1.0000000000000001e-07,31,217,0.6486866559301104,0.5851839780807495,3.493795871734619,9.460482294732422e-06,3.493795871734619,31,0,True,False,False
EXP-T141,shadow,2,101,1e-05,1.0000000000000001e-07,32,224,0.5424480182783944,0.5849351286888123,3.4909355640411377,9.424639868939035e-06,3.4909355640411377,32,0,True,False,False
EXP-T141,shadow,2,101,1e-05,1.0000000000000001e-07,33,231,0.518561065196991,0.5847625732421875,3.488325357437134,9.387718066217125e-06,3.488325357437134,33,0,True,False,False
EXP-T141,shadow,2,101,1e-05,1.0000000000000001e-07,34,238,0.678848500762667,0.5846326649188995,3.485809326171875,9.349725996469047e-06,3.485809326171875,34,0,True,False,False
EXP-T141,shadow,2,101,1e-05,1.0000000000000001e-07,35,245,0.5505325879369464,0.5845218300819397,3.4850831031799316,9.310673033669522e-06,3.4850831031799316,35,0,True,False,False
EXP-T141,shadow,2,101,1e-05,1.0000000000000001e-07,36,252,0.525279796549252,0.5843981206417084,3.4857089519500732,9.270568813552757e-06,3.4850831031799316,35,1,False,False,False
EXP-T141,shadow,2,101,1e-05,1.0000000000000001e-07,37,259,0.5305959114006588,0.5842825174331665,3.4856719970703125,9.229423231234975e-06,3.4850831031799316,35,2,False,False,False
EXP-T141,shadow,2,101,1e-05,1.0000000000000001e-07,38,266,0.4944100608783109,0.5841894447803497,3.486567258834839,9.18724643877294e-06,3.4850831031799316,35,3,False,False,False
EXP-T141,shadow,2,101,1e-05,1.0000000000000001e-07,39,273,0.5304468997887203,0.5841021239757538,3.4867031574249268,9.144048842659081e-06,3.4850831031799316,35,4,False,False,False
EXP-T141,shadow,2,101,1e-05,1.0000000000000001e-07,40,280,0.5457724715982165,0.5839554667472839,3.4852163791656494,9.099841101253867e-06,3.4850831031799316,35,5,False,False,False
EXP-T141,shadow,2,101,1e-05,1.0000000000000001e-07,41,287,0.5334782642977578,0.5838219821453094,3.483551502227783,9.054634122155991e-06,3.483551502227783,41,0,True,False,False
EXP-T141,shadow,2,101,1e-05,1.0000000000000001e-07,42,294,0.7003284714051655,0.5837110579013824,3.4819929599761963,9.0084390595111e-06,3.4819929599761963,42,0,True,False,False
EXP-T141,shadow,2,101,1e-05,1.0000000000000001e-07,43,301,0.6298204064369202,0.583668053150177,3.4839863777160645,8.961267311259668e-06,3.4819929599761963,42,1,False,False,False
EXP-T141,shadow,2,101,1e-05,1.0000000000000001e-07,44,308,0.6042525938579014,0.5837095379829407,3.486246347427368,8.913130516324733e-06,3.4819929599761963,42,2,False,False,False
EXP-T141,shadow,2,101,1e-05,1.0000000000000001e-07,45,315,0.539811257805143,0.5839554965496063,3.489407777786255,8.864040551740158e-06,3.4819929599761963,42,3,False,False,False
EXP-T141,shadow,2,101,1e-05,1.0000000000000001e-07,46,322,0.5219194463321141,0.5841475427150726,3.4911277294158936,8.814009529720155e-06,3.4819929599761963,42,4,False,False,False
EXP-T141,shadow,2,101,1e-05,1.0000000000000001e-07,47,329,0.5265071988105774,0.5839866399765015,3.4902284145355225,8.763049794670776e-06,3.4819929599761963,42,5,False,False,False
EXP-T141,shadow,2,101,1e-05,1.0000000000000001e-07,48,336,0.6366582001958575,0.5837210714817047,3.4884815216064453,8.711173920144118e-06,3.4819929599761963,42,6,False,False,False
EXP-T141,shadow,2,101,1e-05,1.0000000000000001e-07,49,343,0.5537773285593305,0.5834301114082336,3.486391544342041,8.658394705735988e-06,3.4819929599761963,42,7,False,False,False
EXP-T141,shadow,2,101,1e-05,1.0000000000000001e-07,50,350,0.5518193755831037,0.5832145512104034,3.484686851501465,8.604725173927786e-06,3.4819929599761963,42,8,False,False,False
EXP-T141,shadow,2,101,1e-05,1.0000000000000001e-07,51,357,0.666684763772147,0.58309006690979,3.48403263092041,8.550178566873412e-06,3.4819929599761963,42,9,False,False,False
EXP-T141,shadow,2,101,1e-05,1.0000000000000001e-07,52,364,0.6547245042664664,0.582993745803833,3.4838788509368896,8.494768343131955e-06,3.4819929599761963,42,10,False,False,False
EXP-T141,shadow,2,101,1e-05,1.0000000000000001e-07,53,371,0.533834193434034,0.5830447971820831,3.4848556518554688,8.43850817434701e-06,3.4819929599761963,42,11,False,False,False
EXP-T141,shadow,2,101,1e-05,1.0000000000000001e-07,54,378,0.7055868038109371,0.5830245614051819,3.48498272895813,8.381411941873379e-06,3.4819929599761963,42,12,False,False,False
EXP-T141,shadow,2,101,1e-05,1.0000000000000001e-07,55,385,0.490267565207822,0.5829606056213379,3.4847497940063477,8.323493733352078e-06,3.4819929599761963,42,13,False,False,False
EXP-T141,shadow,2,101,1e-05,1.0000000000000001e-07,56,392,0.612726879971368,0.5826622843742371,3.482572078704834,8.26476783923441e-06,3.4819929599761963,42,14,False,False,False
EXP-T141,shadow,2,101,1e-05,1.0000000000000001e-07,57,399,0.5481836242335183,0.5824869573116302,3.4813485145568848,8.205248749256014e-06,3.4813485145568848,57,0,True,False,False
EXP-T141,shadow,2,101,1e-05,1.0000000000000001e-07,58,406,0.5054456527744021,0.5822872519493103,3.479926586151123,8.144951148861743e-06,3.479926586151123,58,0,True,False,False
EXP-T141,shadow,2,101,1e-05,1.0000000000000001e-07,59,413,0.6536090075969696,0.5821332037448883,3.478950023651123,8.083889915582235e-06,3.478950023651123,59,0,True,False,False
EXP-T141,shadow,2,101,1e-05,1.0000000000000001e-07,60,420,0.6352115273475647,0.5819908082485199,3.4779512882232666,8.022080115363127e-06,3.4779512882232666,60,0,True,False,False
EXP-T141,shadow,2,101,1e-05,1.0000000000000001e-07,61,427,0.6675789739404406,0.5819419920444489,3.4779441356658936,7.959536998847744e-06,3.4779441356658936,61,0,True,False,False
EXP-T141,shadow,2,101,1e-05,1.0000000000000001e-07,62,434,0.515758712376867,0.5819841027259827,3.4788641929626465,7.89627599761423e-06,3.4779441356658936,61,1,False,False,False
EXP-T141,shadow,2,101,1e-05,1.0000000000000001e-07,63,441,0.49038994844470707,0.5820135474205017,3.479515790939331,7.832312720368048e-06,3.4779441356658936,61,2,False,False,False
EXP-T141,shadow,2,101,1e-05,1.0000000000000001e-07,64,448,0.516027706010001,0.5818718671798706,3.478618860244751,7.767662949090754e-06,3.4779441356658936,61,3,False,False,False
EXP-T141,shadow,2,101,1e-05,1.0000000000000001e-07,65,455,0.5538859367370605,0.5816270411014557,3.4766154289245605,7.702342635146033e-06,3.4766154289245605,65,0,True,False,False
EXP-T141,shadow,2,101,1e-05,1.0000000000000001e-07,66,462,0.48448252198951586,0.5815464854240417,3.476287841796875,7.636367895343947e-06,3.476287841796875,66,0,True,False,False
EXP-T141,shadow,2,101,1e-05,1.0000000000000001e-07,67,469,0.4688161994729723,0.581468790769577,3.475944757461548,7.5697550079643376e-06,3.475944757461548,67,0,True,False,False
EXP-T141,shadow,2,101,1e-05,1.0000000000000001e-07,68,476,0.5588850208691188,0.5813854932785034,3.4753997325897217,7.502520408740418e-06,3.4753997325897217,68,0,True,False,False
EXP-T141,shadow,2,101,1e-05,1.0000000000000001e-07,69,483,0.539220073393413,0.5811817944049835,3.4737422466278076,7.43468068680349e-06,3.4737422466278076,69,0,True,False,False
EXP-T141,shadow,2,101,1e-05,1.0000000000000001e-07,70,490,0.5346038894993919,0.5811105966567993,3.473595380783081,7.366252580589839e-06,3.473595380783081,70,0,True,False,False
EXP-T141,shadow,2,101,1e-05,1.0000000000000001e-07,71,497,0.4988058251993997,0.5809390544891357,3.472062349319458,7.297252973710756e-06,3.472062349319458,71,0,True,False,False
EXP-T141,shadow,2,101,1e-05,1.0000000000000001e-07,72,504,0.5751999063151223,0.5807397365570068,3.470212459564209,7.227698890786779e-06,3.470212459564209,72,0,True,False,False
EXP-T141,shadow,2,101,1e-05,1.0000000000000001e-07,73,511,0.5004529048289571,0.580693930387497,3.470627784729004,7.15760749324711e-06,3.470212459564209,72,1,False,False,False
EXP-T141,shadow,2,101,1e-05,1.0000000000000001e-07,74,518,0.6041788586548397,0.5806440711021423,3.4708681106567383,7.086996075095289e-06,3.470212459564209,72,2,False,False,False
EXP-T141,shadow,2,101,1e-05,1.0000000000000001e-07,75,525,0.5475857641015734,0.5804836750030518,3.469857692718506,7.015882058642164e-06,3.469857692718506,75,0,True,False,False
EXP-T141,shadow,2,101,1e-05,1.0000000000000001e-07,76,532,0.5575251408985683,0.5803898870944977,3.469865560531616,6.9442829902071945e-06,3.469857692718506,75,1,False,False,False
EXP-T141,shadow,2,101,1e-05,1.0000000000000001e-07,77,539,0.514503287417548,0.5803663432598114,3.470332145690918,6.8722165357891564e-06,3.469857692718506,75,2,False,False,False
EXP-T141,shadow,2,101,1e-05,1.0000000000000001e-07,78,546,0.6197843083313533,0.5804179608821869,3.4712986946105957,6.799700476707323e-06,3.469857692718506,75,3,False,False,False
EXP-T141,shadow,2,101,1e-05,1.0000000000000001e-07,79,553,0.6278732887336186,0.5804381668567657,3.4719338417053223,6.726752705214193e-06,3.469857692718506,75,4,False,False,False
EXP-T141,shadow,2,101,1e-05,1.0000000000000001e-07,80,560,0.5549674034118652,0.5803678035736084,3.4721431732177734,6.65339122008084e-06,3.469857692718506,75,5,False,False,False
EXP-T141,shadow,2,101,1e-05,1.0000000000000001e-07,81,567,0.5201552765710014,0.580155998468399,3.4707648754119873,6.57963412215599e-06,3.469857692718506,75,6,False,False,False
EXP-T141,shadow,2,101,1e-05,1.0000000000000001e-07,82,574,0.7202805323260171,0.5799656510353088,3.4693844318389893,6.505499609899905e-06,3.4693844318389893,82,0,True,False,False
EXP-T141,shadow,2,101,1e-05,1.0000000000000001e-07,83,581,0.6282995172909328,0.579809308052063,3.46830415725708,6.431005974894185e-06,3.46830415725708,83,0,True,False,False
EXP-T141,shadow,2,101,1e-05,1.0000000000000001e-07,84,588,0.5654972919395992,0.579746276140213,3.468029260635376,6.356171597328595e-06,3.468029260635376,84,0,True,False,False
EXP-T141,shadow,2,101,1e-05,1.0000000000000001e-07,85,595,0.6165845138686044,0.5798426270484924,3.4696156978607178,6.28101494146603e-06,3.468029260635376,84,1,False,False,False
EXP-T141,shadow,2,101,1e-05,1.0000000000000001e-07,86,602,0.5345671347209385,0.5797736048698425,3.4692676067352295,6.205554551086732e-06,3.468029260635376,84,2,False,False,False
EXP-T141,shadow,2,101,1e-05,1.0000000000000001e-07,87,609,0.5125484722001212,0.5798103511333466,3.4702956676483154,6.129809044912887e-06,3.468029260635376,84,3,False,False,False
EXP-T141,shadow,2,101,1e-05,1.0000000000000001e-07,88,616,0.5872505349772317,0.5796811878681183,3.469005823135376,6.053797112014738e-06,3.468029260635376,84,4,False,False,False
EXP-T141,shadow,2,101,1e-05,1.0000000000000001e-07,89,623,0.5478458787713733,0.5794835686683655,3.466986656188965,5.977537507199338e-06,3.466986656188965,89,0,True,False,False
EXP-T141,shadow,2,101,1e-05,1.0000000000000001e-07,90,630,0.5399252857480731,0.5795528888702393,3.4685966968536377,5.901049046383077e-06,3.466986656188965,89,1,False,False,False
EXP-T141,shadow,2,101,1e-05,1.0000000000000001e-07,91,637,0.5482269610677447,0.5796490609645844,3.470244884490967,5.824350601949143e-06,3.466986656188965,89,2,False,False,False
EXP-T141,shadow,2,101,1e-05,1.0000000000000001e-07,92,644,0.659439891576767,0.5795037746429443,3.469008445739746,5.7474610980910354e-06,3.466986656188965,89,3,False,False,False
EXP-T141,shadow,2,101,1e-05,1.0000000000000001e-07,93,651,0.5139292350837162,0.5795938670635223,3.4708292484283447,5.6703995061433075e-06,3.466986656188965,89,4,False,False,False
EXP-T141,shadow,2,101,1e-05,1.0000000000000001e-07,94,658,0.5524516148226601,0.5795888602733612,3.4715802669525146,5.5931848399006745e-06,3.466986656188965,89,5,False,False,False
EXP-T141,shadow,2,101,1e-05,1.0000000000000001e-07,95,665,0.49171116735254017,0.5794777274131775,3.4710543155670166,5.515836150926646e-06,3.466986656188965,89,6,False,False,False
EXP-T141,shadow,2,101,1e-05,1.0000000000000001e-07,96,672,0.6574480022702899,0.5791924893856049,3.4684255123138428,5.438372523852833e-06,3.466986656188965,89,7,False,False,False
EXP-T141,shadow,2,101,1e-05,1.0000000000000001e-07,97,679,0.5061431782586234,0.579062819480896,3.4676849842071533,5.360813071670101e-06,3.466986656188965,89,8,False,False,False
EXP-T141,shadow,2,101,1e-05,1.0000000000000001e-07,98,686,0.6362436328615461,0.5789511799812317,3.466900110244751,5.283176931012731e-06,3.466900110244751,98,0,True,False,False
EXP-T141,shadow,2,101,1e-05,1.0000000000000001e-07,99,693,0.5993725189140865,0.5788652896881104,3.4666757583618164,5.205483257436735e-06,3.4666757583618164,99,0,True,False,False
EXP-T141,shadow,2,101,1e-05,1.0000000000000001e-07,100,700,0.5732807048729488,0.5788447260856628,3.467022180557251,5.127751220693512e-06,3.4666757583618164,99,1,False,False,False
EXP-T141,shadow,2,101,1e-05,1.0000000000000001e-07,101,707,0.5861900746822357,0.5786862969398499,3.46596622467041,5.05e-06,3.46596622467041,101,0,True,False,False
EXP-T141,shadow,2,101,1e-05,1.0000000000000001e-07,102,714,0.5200438669749669,0.5786644220352173,3.466350555419922,4.972248779306488e-06,3.46596622467041,101,1,False,False,False
EXP-T141,shadow,2,101,1e-05,1.0000000000000001e-07,103,721,0.6222987047263554,0.5785708427429199,3.4659061431884766,4.8945167425632645e-06,3.4659061431884766,103,0,True,False,False
EXP-T141,shadow,2,101,1e-05,1.0000000000000001e-07,104,728,0.5376567414828709,0.5786691308021545,3.467491626739502,4.816823068987269e-06,3.4659061431884766,103,1,False,False,False
EXP-T141,shadow,2,101,1e-05,1.0000000000000001e-07,105,735,0.5455962717533112,0.5787003636360168,3.4682745933532715,4.7391869283298985e-06,3.4659061431884766,103,2,False,False,False
EXP-T141,shadow,2,101,1e-05,1.0000000000000001e-07,106,742,0.6506192471299853,0.5787718296051025,3.4692647457122803,4.661627476147168e-06,3.4659061431884766,103,3,False,False,False
EXP-T141,shadow,2,101,1e-05,1.0000000000000001e-07,107,749,0.6768021711281368,0.5786328315734863,3.4680440425872803,4.584163849073354e-06,3.4659061431884766,103,4,False,False,False
EXP-T141,shadow,2,101,1e-05,1.0000000000000001e-07,108,756,0.5077351949044636,0.5785330533981323,3.467264175415039,4.506815160099326e-06,3.4659061431884766,103,5,False,False,False
EXP-T141,shadow,2,101,1e-05,1.0000000000000001e-07,109,763,0.5562627358095986,0.5783204138278961,3.4654293060302734,4.429600493856694e-06,3.4654293060302734,109,0,True,False,False
EXP-T141,shadow,2,101,1e-05,1.0000000000000001e-07,110,770,0.5343274899891445,0.5783955454826355,3.4667067527770996,4.352538901908967e-06,3.4654293060302734,109,1,False,False,False
EXP-T141,shadow,2,101,1e-05,1.0000000000000001e-07,111,777,0.48735821672848295,0.5785494148731232,3.468630075454712,4.275649398050858e-06,3.4654293060302734,109,2,False,False,False
EXP-T141,shadow,2,101,1e-05,1.0000000000000001e-07,112,784,0.5500506801264626,0.5784800052642822,3.468386650085449,4.198950953616922e-06,3.4654293060302734,109,3,False,False,False
EXP-T141,shadow,2,101,1e-05,1.0000000000000001e-07,113,791,0.5318106625761304,0.5782151222229004,3.4661223888397217,4.122462492800663e-06,3.4654293060302734,109,4,False,False,False
EXP-T141,shadow,2,101,1e-05,1.0000000000000001e-07,114,798,0.559035096849714,0.5779707133769989,3.463984489440918,4.046202887985263e-06,3.463984489440918,114,0,True,False,False
EXP-T141,shadow,2,101,1e-05,1.0000000000000001e-07,115,805,0.48214954350675854,0.5777101814746857,3.461439609527588,3.970190955087116e-06,3.461439609527588,115,0,True,False,False
EXP-T141,shadow,2,101,1e-05,1.0000000000000001e-07,116,812,0.5471759481089455,0.5776537358760834,3.4613547325134277,3.894445448913268e-06,3.4613547325134277,116,0,True,False,False
EXP-T141,shadow,2,101,1e-05,1.0000000000000001e-07,117,819,0.4889812112918922,0.577504962682724,3.4600751399993896,3.818985058533969e-06,3.4600751399993896,117,0,True,False,False
EXP-T141,shadow,2,101,1e-05,1.0000000000000001e-07,118,826,0.6047392317226955,0.5774334967136383,3.4597208499908447,3.7438284026714044e-06,3.4597208499908447,118,0,True,False,False
EXP-T141,shadow,2,101,1e-05,1.0000000000000001e-07,119,833,0.6495245226791927,0.5773317217826843,3.4591476917266846,3.6689940251058153e-06,3.4591476917266846,119,0,True,False,False
EXP-T141,shadow,2,101,1e-05,1.0000000000000001e-07,120,840,0.5330814676625388,0.5773522555828094,3.4601094722747803,3.594500390100096e-06,3.4591476917266846,119,1,False,False,False
EXP-T141,shadow,2,101,1e-05,1.0000000000000001e-07,121,847,0.47740660714251654,0.5773495435714722,3.460575580596924,3.5203658778440116e-06,3.4591476917266846,119,2,False,False,False
EXP-T141,shadow,2,101,1e-05,1.0000000000000001e-07,122,854,0.5338857557092395,0.5772781670093536,3.4602015018463135,3.4466087799191603e-06,3.4591476917266846,119,3,False,False,False
EXP-T141,shadow,2,101,1e-05,1.0000000000000001e-07,123,861,0.5199850755078452,0.5773110091686249,3.461094379425049,3.3732472947858077e-06,3.4591476917266846,119,4,False,False,False
EXP-T141,shadow,2,101,1e-05,1.0000000000000001e-07,124,868,0.5774135334151131,0.5772261321544647,3.460723638534546,3.300299523292678e-06,3.4591476917266846,119,5,False,False,False
EXP-T141,shadow,2,101,1e-05,1.0000000000000001e-07,125,875,0.5515843757561275,0.5771036446094513,3.4599640369415283,3.227783464210845e-06,3.4591476917266846,119,6,False,False,False
EXP-T141,shadow,2,101,1e-05,1.0000000000000001e-07,126,882,0.47655524207012995,0.5769960880279541,3.4593780040740967,3.155717009792807e-06,3.4591476917266846,119,7,False,False,False
EXP-T141,shadow,2,101,1e-05,1.0000000000000001e-07,127,889,0.575175975050245,0.5771198868751526,3.461209774017334,3.0841179413578354e-06,3.4591476917266846,119,8,False,False,False
EXP-T141,shadow,2,101,1e-05,1.0000000000000001e-07,128,896,0.5375332832336426,0.5771266520023346,3.461611032485962,3.0130039249047117e-06,3.4591476917266846,119,9,False,False,False
EXP-T141,shadow,2,101,1e-05,1.0000000000000001e-07,129,903,0.7349145880767277,0.5772154331207275,3.4627363681793213,2.9423925067528904e-06,3.4591476917266846,119,10,False,False,False
EXP-T141,shadow,2,101,1e-05,1.0000000000000001e-07,130,910,0.51401906141213,0.5771528482437134,3.462463140487671,2.87230110921322e-06,3.4591476917266846,119,11,False,False,False
EXP-T141,shadow,2,101,1e-05,1.0000000000000001e-07,131,917,0.49740211239882876,0.5770924091339111,3.4622111320495605,2.8027470262892435e-06,3.4591476917266846,119,12,False,False,False
EXP-T141,shadow,2,101,1e-05,1.0000000000000001e-07,132,924,0.5384515907083239,0.5769026279449463,3.4606852531433105,2.7337474194101625e-06,3.4591476917266846,119,13,False,False,False
EXP-T141,shadow,2,101,1e-05,1.0000000000000001e-07,133,931,0.5368176868983677,0.576747328042984,3.4593541622161865,2.6653193131965085e-06,3.4591476917266846,119,14,False,False,False
EXP-T141,shadow,2,101,1e-05,1.0000000000000001e-07,134,938,0.5130206857408796,0.5767439901828766,3.459623098373413,2.5974795912595824e-06,3.4591476917266846,119,15,False,False,False
EXP-T141,shadow,2,101,1e-05,1.0000000000000001e-07,135,945,0.6017979042870658,0.5767491161823273,3.460028648376465,2.530244992035662e-06,3.4591476917266846,119,16,False,False,False
EXP-T141,shadow,2,101,1e-05,1.0000000000000001e-07,136,952,0.556295667375837,0.5767796337604523,3.4607176780700684,2.4636321046560533e-06,3.4591476917266846,119,17,False,False,False
EXP-T141,shadow,2,101,1e-05,1.0000000000000001e-07,137,959,0.5125651700156075,0.5766763687133789,3.4601049423217773,2.3976573648539653e-06,3.4591476917266846,119,18,False,False,False
EXP-T141,shadow,2,101,1e-05,1.0000000000000001e-07,138,966,0.7371535003185272,0.5765479803085327,3.459150791168213,2.332337050909247e-06,3.4591476917266846,119,19,False,False,False
EXP-T141,shadow,2,101,1e-05,1.0000000000000001e-07,139,973,0.5091291282858167,0.5765364766120911,3.4592537879943848,2.267687279631953e-06,3.4591476917266846,119,20,False,False,False
EXP-T141,shadow,2,101,1e-05,1.0000000000000001e-07,140,980,0.6064748338290623,0.5765568614006042,3.459618330001831,2.2037240023857708e-06,3.4591476917266846,119,21,False,False,False
EXP-T141,shadow,2,101,1e-05,1.0000000000000001e-07,141,987,0.5014734268188477,0.5764705538749695,3.45902156829834,2.1404630011522584e-06,3.45902156829834,141,0,True,False,False
EXP-T141,shadow,2,101,1e-05,1.0000000000000001e-07,142,994,0.5311214923858643,0.5763595700263977,3.458162784576416,2.0779198846368745e-06,3.458162784576416,142,0,True,False,False
EXP-T141,shadow,2,101,1e-05,1.0000000000000001e-07,143,1001,0.6231125933783395,0.5763354897499084,3.4580605030059814,2.0161100844177658e-06,3.4580605030059814,143,0,True,False,False
EXP-T141,shadow,2,101,1e-05,1.0000000000000001e-07,144,1008,0.5986243188381195,0.5761916935443878,3.4566867351531982,1.9550488511382593e-06,3.4566867351531982,144,0,True,False,False
EXP-T141,shadow,2,101,1e-05,1.0000000000000001e-07,145,1015,0.4966362736054829,0.5761480629444122,3.4564571380615234,1.894751250743986e-06,3.4564571380615234,145,0,True,False,False
EXP-T141,shadow,2,101,1e-05,1.0000000000000001e-07,146,1022,0.65680964078222,0.5760898590087891,3.4560470581054688,1.8352321607655916e-06,3.4560470581054688,146,0,True,False,False
EXP-T141,shadow,2,101,1e-05,1.0000000000000001e-07,147,1029,0.5691639866147723,0.5760900676250458,3.4562337398529053,1.7765062666479242e-06,3.4560470581054688,146,1,False,False,False
EXP-T141,shadow,2,101,1e-05,1.0000000000000001e-07,148,1036,0.5286900273391179,0.576068788766861,3.4562265872955322,1.7185880581266217e-06,3.4560470581054688,146,2,False,False,False
EXP-T141,shadow,2,101,1e-05,1.0000000000000001e-07,149,1043,0.6274789316313607,0.5759786665439606,3.4555160999298096,1.6614918256529908e-06,3.4555160999298096,149,0,True,False,False
EXP-T141,shadow,2,101,1e-05,1.0000000000000001e-07,150,1050,0.48138672006981714,0.5758878290653229,3.45478892326355,1.6052316568680442e-06,3.45478892326355,150,0,True,False,False
EXP-T141,shadow,2,101,1e-05,1.0000000000000001e-07,151,1057,0.5072230398654938,0.575802743434906,3.4540860652923584,1.5498214331265902e-06,3.4540860652923584,151,0,True,False,False
EXP-T141,shadow,2,101,1e-05,1.0000000000000001e-07,152,1064,0.5252127477100917,0.5757507085800171,3.453658103942871,1.495274826072216e-06,3.453658103942871,152,0,True,False,False
EXP-T141,shadow,2,101,1e-05,1.0000000000000001e-07,153,1071,0.5187691237245288,0.5757047235965729,3.453354835510254,1.441605294264014e-06,3.453354835510254,153,0,True,False,False
EXP-T141,shadow,2,101,1e-05,1.0000000000000001e-07,154,1078,0.5578970440796444,0.5755966305732727,3.452249526977539,1.3888260798558817e-06,3.452249526977539,154,0,True,False,False
EXP-T141,shadow,2,101,1e-05,1.0000000000000001e-07,155,1085,0.5637935612882886,0.5755297541618347,3.4515435695648193,1.3369502053292252e-06,3.4515435695648193,155,0,True,False,False
EXP-T141,shadow,2,101,1e-05,1.0000000000000001e-07,156,1092,0.5291025212832859,0.5754892826080322,3.451173782348633,1.285990470279847e-06,3.451173782348633,156,0,True,False,False
EXP-T141,shadow,2,101,1e-05,1.0000000000000001e-07,157,1099,0.5791028014251164,0.5754306316375732,3.4506382942199707,1.2359594482598438e-06,3.4506382942199707,157,0,True,False,False
EXP-T141,shadow,2,101,1e-05,1.0000000000000001e-07,158,1106,0.6337110953671592,0.575384795665741,3.4502196311950684,1.1868694836752686e-06,3.4502196311950684,158,0,True,False,False
EXP-T141,shadow,2,101,1e-05,1.0000000000000001e-07,159,1113,0.6099284248692649,0.5753567218780518,3.4500222206115723,1.1387326887403326e-06,3.4500222206115723,159,0,True,False,False
EXP-T141,shadow,2,101,1e-05,1.0000000000000001e-07,160,1120,0.5411709802491325,0.5753417611122131,3.449993371963501,1.0915609404889017e-06,3.449993371963501,160,0,True,False,False
EXP-T141,shadow,2,101,1e-05,1.0000000000000001e-07,161,1127,0.4869439718978746,0.575321763753891,3.449913501739502,1.0453658778440107e-06,3.449913501739502,161,0,True,False,False
EXP-T141,shadow,2,101,1e-05,1.0000000000000001e-07,162,1134,0.5333627717835563,0.5752756893634796,3.4495787620544434,1.0001588987461348e-06,3.4495787620544434,162,0,True,False,False
EXP-T141,shadow,2,101,1e-05,1.0000000000000001e-07,163,1141,0.5405792764254979,0.5752345621585846,3.4492859840393066,9.559511573409195e-07,3.4492859840393066,163,0,True,False,False
EXP-T141,shadow,2,101,1e-05,1.0000000000000001e-07,164,1148,0.539673170873097,0.5751787722110748,3.448824882507324,9.127535612270632e-07,3.448824882507324,164,0,True,False,False
EXP-T141,shadow,2,101,1e-05,1.0000000000000001e-07,165,1155,0.5252687420163836,0.5751385688781738,3.4484708309173584,8.705767687650265e-07,3.4484708309173584,165,0,True,False,False
EXP-T141,shadow,2,101,1e-05,1.0000000000000001e-07,166,1162,0.4954241876091276,0.5751104354858398,3.448276996612549,8.294311864472448e-07,3.448276996612549,166,0,True,False,False
EXP-T141,shadow,2,101,1e-05,1.0000000000000001e-07,167,1169,0.5111399420670101,0.5751197338104248,3.4485342502593994,7.893269663304784e-07,3.448276996612549,166,1,False,False,False
EXP-T141,shadow,2,101,1e-05,1.0000000000000001e-07,168,1176,0.549971512385777,0.5750799179077148,3.4481613636016846,7.50274003530953e-07,3.4481613636016846,168,0,True,False,False
EXP-T141,shadow,2,101,1e-05,1.0000000000000001e-07,169,1183,0.6615883324827466,0.575038731098175,3.4477591514587402,7.122819337828752e-07,3.4477591514587402,169,0,True,False,False
EXP-T141,shadow,2,101,1e-05,1.0000000000000001e-07,170,1190,0.4929074328392744,0.5750166773796082,3.447572946548462,6.753601310609673e-07,3.447572946548462,170,0,True,False,False
EXP-T141,shadow,2,101,1e-05,1.0000000000000001e-07,171,1197,0.47506240010261536,0.575008898973465,3.447631597518921,6.395177052675794e-07,3.447572946548462,170,1,False,False,False
EXP-T141,shadow,2,101,1e-05,1.0000000000000001e-07,172,1204,0.5141823164054325,0.5749891102313995,3.4475197792053223,6.047634999849531e-07,3.4475197792053223,172,0,True,False,False
EXP-T141,shadow,2,101,1e-05,1.0000000000000001e-07,173,1211,0.6143927616732461,0.5749737620353699,3.4474430084228516,5.711060902932043e-07,3.4474430084228516,173,0,True,False,False
EXP-T141,shadow,2,101,1e-05,1.0000000000000001e-07,174,1218,0.5425342278821128,0.5749388337135315,3.447092056274414,5.385537806545469e-07,3.447092056274414,174,0,True,False,False
EXP-T141,shadow,2,101,1e-05,1.0000000000000001e-07,175,1225,0.5559087949139732,0.5749195516109467,3.446978807449341,5.071146028642944e-07,3.446978807449341,175,0,True,False,False
EXP-T141,shadow,2,101,1e-05,1.0000000000000001e-07,176,1232,0.5166299300534385,0.5749067068099976,3.4469218254089355,4.7679631406913176e-07,3.4469218254089355,176,0,True,False,False
EXP-T141,shadow,2,101,1e-05,1.0000000000000001e-07,177,1239,0.4833394650902067,0.5748782455921173,3.4466640949249268,4.4760639485315585e-07,3.4466640949249268,177,0,True,False,False
EXP-T141,shadow,2,101,1e-05,1.0000000000000001e-07,178,1246,0.5481867875371661,0.5748589634895325,3.446538209915161,4.195520473921565e-07,3.446538209915161,178,0,True,False,False
EXP-T141,shadow,2,101,1e-05,1.0000000000000001e-07,179,1253,0.5016270194734845,0.5748443603515625,3.4464569091796875,3.92640193676584e-07,3.4464569091796875,179,0,True,False,False
EXP-T141,shadow,2,101,1e-05,1.0000000000000001e-07,180,1260,0.5954123437404633,0.5748354494571686,3.4464166164398193,3.668774738036508e-07,3.4464166164398193,180,0,True,False,False
EXP-T141,shadow,2,101,1e-05,1.0000000000000001e-07,181,1267,0.5568300443036216,0.5748254954814911,3.44636869430542,3.4227024433899004e-07,3.44636869430542,181,0,True,False,False
EXP-T141,shadow,2,101,1e-05,1.0000000000000001e-07,182,1274,0.5076118792806353,0.5748240351676941,3.4464147090911865,3.188245767482659e-07,3.44636869430542,181,1,False,False,False
EXP-T141,shadow,2,101,1e-05,1.0000000000000001e-07,183,1281,0.5115313572543008,0.5748234689235687,3.4464545249938965,2.9654625589913237e-07,3.44636869430542,181,2,False,False,False
EXP-T141,shadow,2,101,1e-05,1.0000000000000001e-07,184,1288,0.5220527989523751,0.5748108625411987,3.446338415145874,2.754407786339001e-07,3.446338415145874,184,0,True,False,False
EXP-T141,shadow,2,101,1e-05,1.0000000000000001e-07,185,1295,0.4773945917508432,0.5748077034950256,3.4463508129119873,2.555133524132767e-07,3.446338415145874,184,1,False,False,False
EXP-T141,shadow,2,101,1e-05,1.0000000000000001e-07,186,1302,0.569401217358453,0.5747986435890198,3.4462828636169434,2.3676889403150103e-07,3.4462828636169434,186,0,True,False,False
EXP-T141,shadow,2,101,1e-05,1.0000000000000001e-07,187,1309,0.4998536578246525,0.5747917890548706,3.4462392330169678,2.1921202840320077e-07,3.4462392330169678,187,0,True,False,False
EXP-T141,shadow,2,101,1e-05,1.0000000000000001e-07,188,1316,0.5177420973777771,0.57477867603302,3.4461147785186768,2.0284708742225901e-07,3.4461147785186768,188,0,True,False,False
EXP-T141,shadow,2,101,1e-05,1.0000000000000001e-07,189,1323,0.5056582902159009,0.5747756659984589,3.446120262145996,1.8767810889299085e-07,3.4461147785186768,188,1,False,False,False
EXP-T141,shadow,2,101,1e-05,1.0000000000000001e-07,190,1330,0.5103173000471932,0.5747692286968231,3.446065902709961,1.7370883553386935e-07,3.446065902709961,190,0,True,False,False
EXP-T141,shadow,2,101,1e-05,1.0000000000000001e-07,191,1337,0.5110956238848823,0.5747660994529724,3.446047306060791,1.609427140540686e-07,3.446047306060791,191,0,True,False,False
EXP-T141,shadow,2,101,1e-05,1.0000000000000001e-07,192,1344,0.5362144240311214,0.5747615396976471,3.4460134506225586,1.493828943030402e-07,3.4460134506225586,192,0,True,False,False
EXP-T141,shadow,2,101,1e-05,1.0000000000000001e-07,193,1351,0.4794545067208154,0.5747575759887695,3.4459726810455322,1.3903222849333507e-07,3.4459726810455322,193,0,True,False,False
EXP-T141,shadow,2,101,1e-05,1.0000000000000001e-07,194,1358,0.6218946235520499,0.5747544765472412,3.4459455013275146,1.2989327049686101e-07,3.4459455013275146,194,0,True,False,False
EXP-T141,shadow,2,101,1e-05,1.0000000000000001e-07,195,1365,0.5576985478401184,0.5747512876987457,3.4459118843078613,1.2196827521475402e-07,3.4459118843078613,195,0,True,False,False
EXP-T141,shadow,2,101,1e-05,1.0000000000000001e-07,196,1372,0.5858630112239293,0.5747455954551697,3.445857524871826,1.1525919802101659e-07,3.445857524871826,196,0,True,False,False
EXP-T141,shadow,2,101,1e-05,1.0000000000000001e-07,197,1379,0.5030008895056588,0.5747396945953369,3.445805549621582,1.097676942800558e-07,3.445805549621582,197,0,True,False,False
EXP-T141,shadow,2,101,1e-05,1.0000000000000001e-07,198,1386,0.7042646450655801,0.5747359395027161,3.4457826614379883,1.0549511893824898e-07,3.4457826614379883,198,0,True,False,False
EXP-T141,shadow,2,101,1e-05,1.0000000000000001e-07,199,1393,0.5104718506336212,0.574730396270752,3.4457337856292725,1.0244252618962859e-07,3.4457337856292725,199,0,True,False,False
EXP-T141,shadow,2,101,1e-05,1.0000000000000001e-07,200,1400,0.5114247330597469,0.5747277140617371,3.445725440979004,1.006106692157801e-07,3.445725440979004,200,0,True,False,False
EXP-T141,shadow,2,101,0.0001,1.0000000000000002e-06,1,7,0.5613636459623065,0.587412029504776,3.495575428009033,0.0001,3.495575428009033,1,0,True,False,False
EXP-T141,shadow,2,101,0.0001,1.0000000000000002e-06,2,14,0.4933484728847231,0.5880624949932098,3.5113916397094727,9.99938933078422e-05,3.495575428009033,1,1,False,False,False
EXP-T141,shadow,2,101,0.0001,1.0000000000000002e-06,3,21,0.50858245577131,0.5864493548870087,3.5025577545166016,9.997557473810373e-05,3.495575428009033,1,2,False,False,False
EXP-T141,shadow,2,101,0.0001,1.0000000000000002e-06,4,28,0.5998646191188267,0.5849658846855164,3.488619327545166,9.994504881061753e-05,3.488619327545166,4,0,True,False,False
EXP-T141,shadow,2,101,0.0001,1.0000000000000002e-06,5,35,0.495099084983979,0.5847798585891724,3.4926912784576416,9.990232305719945e-05,3.488619327545166,4,1,False,False,False
EXP-T141,shadow,2,101,0.0001,1.0000000000000002e-06,6,42,0.5705263870103019,0.5869597792625427,3.512143611907959,9.984740801978984e-05,3.488619327545166,4,2,False,False,False
EXP-T141,shadow,2,101,0.0001,1.0000000000000002e-06,7,49,0.5301371770245689,0.5856212973594666,3.5031991004943848,9.978031724785247e-05,3.488619327545166,4,3,False,False,False
EXP-T141,shadow,2,101,0.0001,1.0000000000000002e-06,8,56,0.49588540835039957,0.5829439759254456,3.479562520980835,9.97010672950314e-05,3.479562520980835,8,0,True,False,False
EXP-T141,shadow,2,101,0.0001,1.0000000000000002e-06,9,63,0.5504477918148041,0.5855008363723755,3.4635231494903564,9.960967771506667e-05,3.4635231494903564,9,0,True,False,False
EXP-T141,shadow,2,101,0.0001,1.0000000000000002e-06,10,70,0.5568686766283852,0.580988883972168,3.469651222229004,9.95061710569696e-05,3.4635231494903564,9,1,False,False,False
EXP-T141,shadow,2,101,0.0001,1.0000000000000002e-06,11,77,0.5703018776008061,0.581224799156189,3.4791059494018555,9.939057285945933e-05,3.4635231494903564,9,2,False,False,False
EXP-T141,shadow,2,101,0.0001,1.0000000000000002e-06,12,84,0.5193323152405875,0.5785893499851227,3.4597835540771484,9.926291164466132e-05,3.4597835540771484,12,0,True,False,False
EXP-T141,shadow,2,101,0.0001,1.0000000000000002e-06,13,91,0.5238333770206997,0.5770803093910217,3.457179307937622,9.91232189110701e-05,3.457179307937622,13,0,True,False,False
EXP-T141,shadow,2,101,0.0001,1.0000000000000002e-06,14,98,0.5537463213716235,0.5759787261486053,3.458899974822998,9.897152912577741e-05,3.457179307937622,13,1,False,False,False
EXP-T141,shadow,2,101,0.0001,1.0000000000000002e-06,15,105,0.5490664286272866,0.5755027234554291,3.4691555500030518,9.8807879715968e-05,3.457179307937622,13,2,False,False,False
EXP-T141,shadow,2,101,0.0001,1.0000000000000002e-06,16,112,0.5291849502495357,0.570131778717041,3.4287898540496826,9.8632311059685e-05,3.4287898540496826,16,0,True,False,False
EXP-T141,shadow,2,101,0.0001,1.0000000000000002e-06,17,119,0.5889524434294019,0.5671458542346954,3.4037601947784424,9.844486647586725e-05,3.4037601947784424,17,0,True,False,False
EXP-T141,shadow,2,101,0.0001,1.0000000000000002e-06,18,126,0.571631908416748,0.565578818321228,3.369969606399536,9.824559221366101e-05,3.369969606399536,18,0,True,False,False
EXP-T141,shadow,2,101,0.0001,1.0000000000000002e-06,19,133,0.5009295557226453,0.5591252744197845,3.3664541244506836,9.803453744100869e-05,3.3664541244506836,19,0,True,False,False
EXP-T141,shadow,2,101,0.0001,1.0000000000000002e-06,20,140,0.48115929109709604,0.5556485652923584,3.3884613513946533,9.781175423251735e-05,3.3664541244506836,19,1,False,False,False
EXP-T141,shadow,2,101,0.0001,1.0000000000000002e-06,21,147,0.47066227878843037,0.5508891344070435,3.3749592304229736,9.757729755661011e-05,3.3664541244506836,19,2,False,False,False
EXP-T141,shadow,2,101,0.0001,1.0000000000000002e-06,22,154,0.4888926957334791,0.5464661419391632,3.3507299423217773,9.73312252619635e-05,3.3507299423217773,22,0,True,False,False
EXP-T141,shadow,2,101,0.0001,1.0000000000000002e-06,23,161,0.47483126180512564,0.5388059318065643,3.256099224090576,9.707359806323417e-05,3.256099224090576,23,0,True,False,False
EXP-T141,shadow,2,101,0.0001,1.0000000000000002e-06,24,168,0.49062498978206087,0.5362880378961563,3.298322916030884,9.680447952607845e-05,3.256099224090576,23,1,False,False,False
EXP-T141,shadow,2,101,0.0001,1.0000000000000002e-06,25,175,0.4664774515799114,0.566674530506134,3.4993276596069336,9.652393605146844e-05,3.256099224090576,23,2,False,False,False
EXP-T141,shadow,2,101,0.0001,1.0000000000000002e-06,26,182,0.4877830445766449,0.5516578853130341,3.426325798034668,9.623203685930869e-05,3.256099224090576,23,3,False,False,False
EXP-T141,shadow,2,101,0.0001,1.0000000000000002e-06,27,189,0.603093717779432,0.5385690927505493,3.3486170768737793,9.592885397135707e-05,3.256099224090576,23,4,False,False,False
EXP-T141,shadow,2,101,0.0001,1.0000000000000002e-06,28,196,0.4326384493282863,0.5229947119951248,3.267382860183716,9.561446219345454e-05,3.256099224090576,23,5,False,False,False
EXP-T141,shadow,2,101,0.0001,1.0000000000000002e-06,29,203,0.5964849463530949,0.5193230509757996,3.2364342212677,9.528893909706797e-05,3.2364342212677,29,0,True,False,False
EXP-T141,shadow,2,101,0.0001,1.0000000000000002e-06,30,210,0.48860589947019306,0.5169758051633835,3.2413253784179688,9.495236500015047e-05,3.2364342212677,29,1,False,False,False
EXP-T141,shadow,2,101,0.0001,1.0000000000000002e-06,31,217,0.49592271021434237,0.5148877203464508,3.2436327934265137,9.460482294732421e-05,3.2364342212677,29,2,False,False,False
EXP-T141,shadow,2,101,0.0001,1.0000000000000002e-06,32,224,0.44238304453236715,0.5121159851551056,3.2359023094177246,9.424639868939033e-05,3.2359023094177246,32,0,True,False,False
EXP-T141,shadow,2,101,0.0001,1.0000000000000002e-06,33,231,0.4317574713911329,0.5072976052761078,3.183258295059204,9.387718066217124e-05,3.183258295059204,33,0,True,False,False
EXP-T141,shadow,2,101,0.0001,1.0000000000000002e-06,34,238,0.640533025775637,0.5070430934429169,3.1824886798858643,9.349725996469047e-05,3.1824886798858643,34,0,True,False,False
EXP-T141,shadow,2,101,0.0001,1.0000000000000002e-06,35,245,0.5237502327987126,0.5377477556467056,3.3390514850616455,9.310673033669521e-05,3.1824886798858643,34,1,False,False,False
EXP-T141,shadow,2,101,0.0001,1.0000000000000002e-06,36,252,0.45253608907972065,0.5271739661693573,3.2976396083831787,9.270568813552756e-05,3.1824886798858643,34,2,False,False,False
EXP-T141,shadow,2,101,0.0001,1.0000000000000002e-06,37,259,0.4632617490632193,0.5022610872983932,3.187164783477783,9.229423231234974e-05,3.1824886798858643,34,3,False,False,False
EXP-T141,shadow,2,101,0.0001,1.0000000000000002e-06,38,266,0.39113545204911915,0.5035188794136047,3.2053921222686768,9.187246438772939e-05,3.1824886798858643,34,4,False,False,False
EXP-T141,shadow,2,101,0.0001,1.0000000000000002e-06,39,273,0.4175037315913609,0.4993155151605606,3.187566041946411,9.14404884265908e-05,3.1824886798858643,34,5,False,False,False
EXP-T141,shadow,2,101,0.0001,1.0000000000000002e-06,40,280,0.4856212053980146,0.49182097613811493,3.1518781185150146,9.099841101253866e-05,3.1518781185150146,40,0,True,False,False
EXP-T141,shadow,2,101,0.0001,1.0000000000000002e-06,41,287,0.43457921062197,0.5099416077136993,3.223663091659546,9.05463412215599e-05,3.1518781185150146,40,1,False,False,False
EXP-T141,shadow,2,101,0.0001,1.0000000000000002e-06,42,294,0.5365310609340668,0.48879842460155487,3.1466283798217773,9.0084390595111e-05,3.1466283798217773,42,0,True,False,False
EXP-T141,shadow,2,101,0.0001,1.0000000000000002e-06,43,301,0.4637992573635919,0.49720658361911774,3.1712048053741455,8.961267311259666e-05,3.1466283798217773,42,1,False,False,False
EXP-T141,shadow,2,101,0.0001,1.0000000000000002e-06,44,308,0.48525247829301016,0.496294304728508,3.1644623279571533,8.913130516324733e-05,3.1466283798217773,42,2,False,False,False
EXP-T141,shadow,2,101,0.0001,1.0000000000000002e-06,45,315,0.45001451883997234,0.4923805147409439,3.1425118446350098,8.864040551740158e-05,3.1425118446350098,45,0,True,False,False
EXP-T141,shadow,2,101,0.0001,1.0000000000000002e-06,46,322,0.36731413113219397,0.48254138231277466,3.1042561531066895,8.814009529720155e-05,3.1042561531066895,46,0,True,False,False
EXP-T141,shadow,2,101,0.0001,1.0000000000000002e-06,47,329,0.38593648054770063,0.48160579800605774,3.0864384174346924,8.763049794670775e-05,3.0864384174346924,47,0,True,False,False
EXP-T141,shadow,2,101,0.0001,1.0000000000000002e-06,48,336,0.44745402676718576,0.488187313079834,3.1002326011657715,8.711173920144117e-05,3.0864384174346924,47,1,False,False,False
EXP-T141,shadow,2,101,0.0001,1.0000000000000002e-06,49,343,0.4397926905325481,0.46836498379707336,3.024034261703491,8.658394705735987e-05,3.024034261703491,49,0,True,False,False
EXP-T141,shadow,2,101,0.0001,1.0000000000000002e-06,50,350,0.3617651547704424,0.4723774790763855,3.037902355194092,8.604725173927785e-05,3.024034261703491,49,1,False,False,False
EXP-T141,shadow,2,101,0.0001,1.0000000000000002e-06,51,357,0.3984432007585253,0.46900247037410736,3.023458957672119,8.55017856687341e-05,3.023458957672119,51,0,True,False,False
EXP-T141,shadow,2,101,0.0001,1.0000000000000002e-06,52,364,0.5110140634434563,0.47026360034942627,3.0431067943573,8.494768343131955e-05,3.023458957672119,51,1,False,False,False
EXP-T141,shadow,2,101,0.0001,1.0000000000000002e-06,53,371,0.4261925859110696,0.4872731566429138,3.093831777572632,8.438508174347009e-05,3.023458957672119,51,2,False,False,False
EXP-T141,shadow,2,101,0.0001,1.0000000000000002e-06,54,378,0.5319305658340454,0.4808215796947479,3.10347056388855,8.381411941873378e-05,3.023458957672119,51,3,False,False,False
EXP-T141,shadow,2,101,0.0001,1.0000000000000002e-06,55,385,0.3362287346805845,0.4869453012943268,3.129070281982422,8.323493733352077e-05,3.023458957672119,51,4,False,False,False
EXP-T141,shadow,2,101,0.0001,1.0000000000000002e-06,56,392,0.4615217021533421,0.4963548928499222,3.128575325012207,8.26476783923441e-05,3.023458957672119,51,5,False,False,False
EXP-T141,shadow,2,101,0.0001,1.0000000000000002e-06,57,399,0.36428829601832796,0.48762859404087067,3.118849277496338,8.205248749256015e-05,3.023458957672119,51,6,False,False,False
EXP-T141,shadow,2,101,0.0001,1.0000000000000002e-06,58,406,0.3874221571854183,0.4895484894514084,3.1343283653259277,8.144951148861742e-05,3.023458957672119,51,7,False,False,False
EXP-T141,shadow,2,101,0.0001,1.0000000000000002e-06,59,413,0.4906200234379087,0.4911385476589203,3.1808571815490723,8.083889915582235e-05,3.023458957672119,51,8,False,False,False
EXP-T141,shadow,2,101,0.0001,1.0000000000000002e-06,60,420,0.4381742477416992,0.4961487948894501,3.153747081756592,8.022080115363127e-05,3.023458957672119,51,9,False,False,False
EXP-T141,shadow,2,101,0.0001,1.0000000000000002e-06,61,427,0.4000213359083448,0.5067516267299652,3.1616246700286865,7.959536998847744e-05,3.023458957672119,51,10,False,False,False
EXP-T141,shadow,2,101,0.0001,1.0000000000000002e-06,62,434,0.3121563343863402,0.4954078197479248,3.167602300643921,7.89627599761423e-05,3.023458957672119,51,11,False,False,False
EXP-T141,shadow,2,101,0.0001,1.0000000000000002e-06,63,441,0.32653513125010897,0.5077295899391174,3.1742677688598633,7.832312720368048e-05,3.023458957672119,51,12,False,False,False
EXP-T141,shadow,2,101,0.0001,1.0000000000000002e-06,64,448,0.32764309724526747,0.49949395656585693,3.1926698684692383,7.767662949090753e-05,3.023458957672119,51,13,False,False,False
EXP-T141,shadow,2,101,0.0001,1.0000000000000002e-06,65,455,0.3792055334363665,0.49647587537765503,3.2106611728668213,7.702342635146033e-05,3.023458957672119,51,14,False,False,False
EXP-T141,shadow,2,101,0.0001,1.0000000000000002e-06,66,462,0.3417923152446747,0.5147823095321655,3.167891502380371,7.636367895343946e-05,3.023458957672119,51,15,False,False,False
EXP-T141,shadow,2,101,0.0001,1.0000000000000002e-06,67,469,0.35517873615026474,0.493827149271965,3.11545467376709,7.569755007964338e-05,3.023458957672119,51,16,False,False,False
EXP-T141,shadow,2,101,0.0001,1.0000000000000002e-06,68,476,0.370235875248909,0.4836235046386719,3.138166904449463,7.502520408740418e-05,3.023458957672119,51,17,False,False,False
EXP-T141,shadow,2,101,0.0001,1.0000000000000002e-06,69,483,0.36224131286144257,0.4782932698726654,3.07958984375,7.43468068680349e-05,3.023458957672119,51,18,False,False,False
EXP-T141,shadow,2,101,0.0001,1.0000000000000002e-06,70,490,0.35558271195207325,0.512569859623909,3.14011287689209,7.366252580589839e-05,3.023458957672119,51,19,False,False,False
EXP-T141,shadow,2,101,0.0001,1.0000000000000002e-06,71,497,0.348606995173863,0.48212361335754395,3.06398606300354,7.297252973710757e-05,3.023458957672119,51,20,False,False,False
EXP-T141,shadow,2,101,0.0001,1.0000000000000002e-06,72,504,0.3999066395418985,0.4743712842464447,3.069408893585205,7.22769889078678e-05,3.023458957672119,51,21,False,False,False
EXP-T141,shadow,2,101,0.0001,1.0000000000000002e-06,73,511,0.3633744205747332,0.48262229561805725,3.049762487411499,7.15760749324711e-05,3.023458957672119,51,22,False,False,False
EXP-T141,shadow,2,101,0.0001,1.0000000000000002e-06,74,518,0.4102261726345335,0.48083287477493286,3.0407614707946777,7.086996075095289e-05,3.023458957672119,51,23,False,False,False
EXP-T141,shadow,2,101,0.0001,1.0000000000000002e-06,75,525,0.3550823841776167,0.46884576976299286,3.0542213916778564,7.015882058642164e-05,3.023458957672119,51,24,False,False,False
EXP-T141,shadow,2,101,0.0001,1.0000000000000002e-06,76,532,0.327559232711792,0.4696139246225357,3.039741039276123,6.944282990207195e-05,3.023458957672119,51,25,False,False,False
EXP-T141,shadow,2,101,0.0001,1.0000000000000002e-06,77,539,0.3537303954362869,0.4771670699119568,3.0353410243988037,6.872216535789157e-05,3.023458957672119,51,26,False,False,False
EXP-T141,shadow,2,101,0.0001,1.0000000000000002e-06,78,546,0.3632876106670925,0.4713861346244812,3.0449931621551514,6.799700476707323e-05,3.023458957672119,51,27,False,False,False
EXP-T141,shadow,2,101,0.0001,1.0000000000000002e-06,79,553,0.32642946924482075,0.46990469098091125,3.0637521743774414,6.726752705214194e-05,3.023458957672119,51,28,False,False,False
EXP-T141,shadow,2,101,0.0001,1.0000000000000002e-06,80,560,0.3026104218193463,0.48024168610572815,3.078540086746216,6.65339122008084e-05,3.023458957672119,51,29,False,False,False
EXP-T141,shadow,2,101,0.0001,1.0000000000000002e-06,81,567,0.2994834583784853,0.4865441918373108,3.0822694301605225,6.57963412215599e-05,3.023458957672119,51,30,False,True,False
EXP-T141,shadow,2,101,0.001,1e-05,1,7,0.62168288230896,0.7608705163002014,4.353960037231445,0.001,4.353960037231445,1,0,True,False,False
EXP-T141,shadow,2,101,0.001,1e-05,2,14,0.5345985442399979,0.5924400687217712,3.5406241416931152,0.000999938933078422,3.5406241416931152,2,0,True,False,False
EXP-T141,shadow,2,101,0.001,1e-05,3,21,0.5290813765355519,0.5919368863105774,3.491755247116089,0.0009997557473810372,3.491755247116089,3,0,True,False,False
EXP-T141,shadow,2,101,0.001,1e-05,4,28,0.6074666721480233,0.5954771041870117,3.5768799781799316,0.0009994504881061753,3.491755247116089,3,1,False,False,False
EXP-T141,shadow,2,101,0.001,1e-05,5,35,0.5183927629675184,0.5782429277896881,3.43673038482666,0.0009990232305719944,3.43673038482666,5,0,True,False,False
EXP-T141,shadow,2,101,0.001,1e-05,6,42,0.6490216297762734,0.5996119678020477,3.6099960803985596,0.0009984740801978985,3.43673038482666,5,1,False,False,False
EXP-T141,shadow,2,101,0.001,1e-05,7,49,0.5519921439034599,0.55370232462883,3.373739004135132,0.0009978031724785245,3.373739004135132,7,0,True,False,False
EXP-T141,shadow,2,101,0.001,1e-05,8,56,0.4928437556539263,0.514223575592041,3.2266411781311035,0.000997010672950314,3.2266411781311035,8,0,True,False,False
EXP-T141,shadow,2,101,0.001,1e-05,9,63,0.4922948862825121,0.8612027168273926,4.800309658050537,0.0009960967771506667,3.2266411781311035,8,1,False,False,False
EXP-T141,shadow,2,101,0.001,1e-05,10,70,0.5882666451590401,0.7144197821617126,4.136478662490845,0.000995061710569696,3.2266411781311035,8,2,False,False,False
EXP-T141,shadow,2,101,0.001,1e-05,11,77,0.5615638792514801,0.616884708404541,3.7023489475250244,0.0009939057285945933,3.2266411781311035,8,3,False,False,False
EXP-T141,shadow,2,101,0.001,1e-05,12,84,0.5003788535084043,0.5402878820896149,3.386606454849243,0.000992629116446613,3.2266411781311035,8,4,False,False,False
EXP-T141,shadow,2,101,0.001,1e-05,13,91,0.4021737224289349,0.572533130645752,3.538635492324829,0.000991232189110701,3.2266411781311035,8,5,False,False,False
EXP-T141,shadow,2,101,0.001,1e-05,14,98,0.36753041403634207,0.5541928708553314,3.3490498065948486,0.0009897152912577741,3.2266411781311035,8,6,False,False,False
EXP-T141,shadow,2,101,0.001,1e-05,15,105,0.43874706753662657,0.5309399366378784,3.30001163482666,0.00098807879715968,3.2266411781311035,8,7,False,False,False
EXP-T141,shadow,2,101,0.001,1e-05,16,112,0.38172544964722227,0.6017627120018005,3.592383861541748,0.00098632311059685,3.2266411781311035,8,8,False,False,False
EXP-T141,shadow,2,101,0.001,1e-05,17,119,0.3632178327866963,0.5217273235321045,3.2594640254974365,0.0009844486647586723,3.2266411781311035,8,9,False,False,False
EXP-T141,shadow,2,101,0.001,1e-05,18,126,0.35637228403772625,0.5736200511455536,3.4701170921325684,0.00098245592213661,3.2266411781311035,8,10,False,False,False
EXP-T141,shadow,2,101,0.001,1e-05,19,133,0.3603184244462422,0.5403183698654175,3.349797248840332,0.0009803453744100868,3.2266411781311035,8,11,False,False,False
EXP-T141,shadow,2,101,0.001,1e-05,20,140,0.41714509044374737,0.5322296321392059,3.37699031829834,0.0009781175423251734,3.2266411781311035,8,12,False,False,False
EXP-T141,shadow,2,101,0.001,1e-05,21,147,0.32136726272957666,0.5132119357585907,3.213329553604126,0.0009757729755661011,3.213329553604126,21,0,True,False,False
EXP-T141,shadow,2,101,0.001,1e-05,22,154,0.426425786955016,0.6481163501739502,3.831777334213257,0.0009733122526196349,3.213329553604126,21,1,False,False,False
EXP-T141,shadow,2,101,0.001,1e-05,23,161,0.3273513826674649,0.6924412548542023,4.062809228897095,0.0009707359806323416,3.213329553604126,21,2,False,False,False
EXP-T141,shadow,2,101,0.001,1e-05,24,168,0.42079510007585796,0.5227583050727844,3.2838022708892822,0.0009680447952607845,3.213329553604126,21,3,False,False,False
EXP-T141,shadow,2,101,0.001,1e-05,25,175,0.37717809421675547,0.6093671470880508,3.6136109828948975,0.0009652393605146844,3.213329553604126,21,4,False,False,False
EXP-T141,shadow,2,101,0.001,1e-05,26,182,0.328524226123201,0.7340674996376038,4.213076829910278,0.000962320368593087,3.213329553604126,21,5,False,False,False
EXP-T141,shadow,2,101,0.001,1e-05,27,189,0.3904878624847957,0.5920523703098297,3.612548828125,0.0009592885397135706,3.213329553604126,21,6,False,False,False
EXP-T141,shadow,2,101,0.001,1e-05,28,196,0.39017352887562345,0.624300479888916,3.6871628761291504,0.0009561446219345453,3.213329553604126,21,7,False,False,False
EXP-T141,shadow,2,101,0.001,1e-05,29,203,0.36728811051164356,0.559476912021637,3.386909008026123,0.0009528893909706797,3.213329553604126,21,8,False,False,False
EXP-T141,shadow,2,101,0.001,1e-05,30,210,0.2629197154726301,0.5305560678243637,3.232250928878784,0.0009495236500015047,3.213329553604126,21,9,False,False,False
EXP-T141,shadow,2,101,0.001,1e-05,31,217,0.27696047510419575,0.6420569121837616,3.7559099197387695,0.0009460482294732421,3.213329553604126,21,10,False,False,False
EXP-T141,shadow,2,101,0.001,1e-05,32,224,0.2393175374184336,0.4899480938911438,3.094419836997986,0.0009424639868939033,3.094419836997986,32,0,True,False,False
EXP-T141,shadow,2,101,0.001,1e-05,33,231,0.2602037766150066,0.5306885838508606,3.270852565765381,0.0009387718066217125,3.094419836997986,32,1,False,False,False
EXP-T141,shadow,2,101,0.001,1e-05,34,238,0.2279833752129759,0.5383162200450897,3.291633367538452,0.0009349725996469047,3.094419836997986,32,2,False,False,False
EXP-T141,shadow,2,101,0.001,1e-05,35,245,0.2821834853717259,0.454866498708725,2.9042203426361084,0.0009310673033669522,2.9042203426361084,35,0,True,False,False
EXP-T141,shadow,2,101,0.001,1e-05,36,252,0.2151625624724797,0.4787088632583618,3.068228602409363,0.0009270568813552756,2.9042203426361084,35,1,False,False,False
EXP-T141,shadow,2,101,0.001,1e-05,37,259,0.21923665063721792,0.5077079385519028,3.1653871536254883,0.0009229423231234975,2.9042203426361084,35,2,False,False,False
EXP-T141,shadow,2,101,0.001,1e-05,38,266,0.20798012614250183,0.5280662029981613,3.321253776550293,0.0009187246438772938,2.9042203426361084,35,3,False,False,False
EXP-T141,shadow,2,101,0.001,1e-05,39,273,0.23243458143302373,0.6830447912216187,3.9841225147247314,0.0009144048842659081,2.9042203426361084,35,4,False,False,False
EXP-T141,shadow,2,101,0.001,1e-05,40,280,0.22029913003955567,0.5071455240249634,3.1867659091949463,0.0009099841101253866,2.9042203426361084,35,5,False,False,False
EXP-T141,shadow,2,101,0.001,1e-05,41,287,0.19351635021822794,0.496414378285408,3.1022560596466064,0.000905463412215599,2.9042203426361084,35,6,False,False,False
EXP-T141,shadow,2,101,0.001,1e-05,42,294,0.2555568963289261,0.6161804497241974,3.707214593887329,0.0009008439059511099,2.9042203426361084,35,7,False,False,False
EXP-T141,shadow,2,101,0.001,1e-05,43,301,0.20618976652622223,0.47071729600429535,3.0163629055023193,0.0008961267311259666,2.9042203426361084,35,8,False,False,False
EXP-T141,shadow,2,101,0.001,1e-05,44,308,0.2350593571152006,0.5033259689807892,3.11924409866333,0.0008913130516324732,2.9042203426361084,35,9,False,False,False
EXP-T141,shadow,2,101,0.001,1e-05,45,315,0.17002097623688833,0.5037900060415268,3.2173285484313965,0.0008864040551740157,2.9042203426361084,35,10,False,False,False
EXP-T141,shadow,2,101,0.001,1e-05,46,322,0.21812847682407924,0.5272045284509659,3.2247941493988037,0.0008814009529720154,2.9042203426361084,35,11,False,False,False
EXP-T141,shadow,2,101,0.001,1e-05,47,329,0.16391789780131408,0.5327363759279251,3.2784314155578613,0.0008763049794670775,2.9042203426361084,35,12,False,False,False
EXP-T141,shadow,2,101,0.001,1e-05,48,336,0.17477975892169134,0.5428332686424255,3.3500818014144897,0.0008711173920144117,2.9042203426361084,35,13,False,False,False
EXP-T141,shadow,2,101,0.001,1e-05,49,343,0.1545468813606671,0.5219098329544067,3.2466230392456055,0.0008658394705735987,2.9042203426361084,35,14,False,False,False
EXP-T141,shadow,2,101,0.001,1e-05,50,350,0.1363548237298216,0.45399196445941925,2.9162650108337402,0.0008604725173927785,2.9042203426361084,35,15,False,False,False
EXP-T141,shadow,2,101,0.001,1e-05,51,357,0.1800993319068636,0.4589891582727432,2.9408504962921143,0.000855017856687341,2.9042203426361084,35,16,False,False,False
EXP-T141,shadow,2,101,0.001,1e-05,52,364,0.20496312848159245,0.4532986283302307,2.919740080833435,0.0008494768343131955,2.9042203426361084,35,17,False,False,False
EXP-T141,shadow,2,101,0.001,1e-05,53,371,0.19808625376650266,0.49071425199508667,3.1354187726974487,0.0008438508174347009,2.9042203426361084,35,18,False,False,False
EXP-T141,shadow,2,101,0.001,1e-05,54,378,0.24248339661530086,0.4555589556694031,2.936981678009033,0.0008381411941873378,2.9042203426361084,35,19,False,False,False
EXP-T141,shadow,2,101,0.001,1e-05,55,385,0.1517955692751067,0.5392372161149979,3.2822957038879395,0.0008323493733352077,2.9042203426361084,35,20,False,False,False
EXP-T141,shadow,2,101,0.001,1e-05,56,392,0.16189549544027873,0.5770119875669479,3.47976016998291,0.000826476783923441,2.9042203426361084,35,21,False,False,False
EXP-T141,shadow,2,101,0.001,1e-05,57,399,0.10006663971580565,0.4908579885959625,3.12525737285614,0.0008205248749256015,2.9042203426361084,35,22,False,False,False
EXP-T141,shadow,2,101,0.001,1e-05,58,406,0.13197085899966104,0.5024694800376892,3.167243480682373,0.0008144951148861742,2.9042203426361084,35,23,False,False,False
EXP-T141,shadow,2,101,0.001,1e-05,59,413,0.1171613484621048,0.5388503968715668,3.306450128555298,0.0008083889915582234,2.9042203426361084,35,24,False,False,False
EXP-T141,shadow,2,101,0.001,1e-05,60,420,0.11392774007150105,0.6492479294538498,3.7692394256591797,0.0008022080115363127,2.9042203426361084,35,25,False,False,False
EXP-T141,shadow,2,101,0.001,1e-05,61,427,0.18256555604083197,0.48601798713207245,3.080427050590515,0.0007959536998847743,2.9042203426361084,35,26,False,False,False
EXP-T141,shadow,2,101,0.001,1e-05,62,434,0.11874693525688988,0.47050876915454865,2.997942328453064,0.0007896275997614229,2.9042203426361084,35,27,False,False,False
EXP-T141,shadow,2,101,0.001,1e-05,63,441,0.09783552946256739,0.49100667238235474,3.1679728031158447,0.0007832312720368048,2.9042203426361084,35,28,False,False,False
EXP-T141,shadow,2,101,0.001,1e-05,64,448,0.1296212843486241,0.5317236185073853,3.2362008094787598,0.0007767662949090753,2.9042203426361084,35,29,False,False,False
EXP-T141,shadow,2,101,0.001,1e-05,65,455,0.13184346844043052,0.5053412020206451,3.1547915935516357,0.0007702342635146033,2.9042203426361084,35,30,False,True,False
EXP-T141,shadow,2,101,0.01,0.0001,1,7,4.854109559740339,2.9818814992904663,14.239874839782715,0.01,14.239874839782715,1,0,True,False,False
EXP-T141,shadow,2,101,0.01,0.0001,2,14,1.5443380304745264,6.738442897796631,30.791522979736328,0.00999938933078422,14.239874839782715,1,1,False,False,False
EXP-T141,shadow,2,101,0.01,0.0001,3,21,11.158075877598353,25.861963272094727,115.05096817016602,0.009997557473810372,14.239874839782715,1,2,False,False,False
EXP-T141,shadow,2,101,0.01,0.0001,4,28,6.995118090084621,0.9203535914421082,5.086371660232544,0.009994504881061753,5.086371660232544,4,0,True,False,False
EXP-T141,shadow,2,101,0.01,0.0001,5,35,1.7000547051429749,2.641252040863037,12.713273525238037,0.009990232305719944,5.086371660232544,4,1,False,False,False
EXP-T141,shadow,2,101,0.01,0.0001,6,42,1.4101910591125488,0.5927526354789734,3.5293893814086914,0.009984740801978984,3.5293893814086914,6,0,True,False,False
EXP-T141,shadow,2,101,0.01,0.0001,7,49,0.6313195398875645,0.6407657861709595,3.6972713470458984,0.009978031724785246,3.5293893814086914,6,1,False,False,False
EXP-T141,shadow,2,101,0.01,0.0001,8,56,4.402534467833383,8.752894878387451,39.667325019836426,0.00997010672950314,3.5293893814086914,6,2,False,False,False
EXP-T141,shadow,2,101,0.01,0.0001,9,63,3.2614635740007674,0.7840224504470825,4.468432426452637,0.009960967771506667,3.5293893814086914,6,3,False,False,False
EXP-T141,shadow,2,101,0.01,0.0001,10,70,1.7876337936946325,0.6730344295501709,3.890626907348633,0.00995061710569696,3.5293893814086914,6,4,False,False,False
EXP-T141,shadow,2,101,0.01,0.0001,11,77,0.6788447669574192,0.5972205102443695,3.5701069831848145,0.009939057285945933,3.5293893814086914,6,5,False,False,False
EXP-T141,shadow,2,101,0.01,0.0001,12,84,0.5602544844150543,0.5916040539741516,3.528958797454834,0.00992629116446613,3.528958797454834,12,0,True,False,False
EXP-T141,shadow,2,101,0.01,0.0001,13,91,0.5741040664059776,0.5896570980548859,3.51870059967041,0.00991232189110701,3.51870059967041,13,0,True,False,False
EXP-T141,shadow,2,101,0.01,0.0001,14,98,0.585970938205719,0.5893351435661316,3.5153346061706543,0.00989715291257774,3.5153346061706543,14,0,True,False,False
EXP-T141,shadow,2,101,0.01,0.0001,15,105,0.5646832372461047,0.5899007022380829,3.5205607414245605,0.0098807879715968,3.5153346061706543,14,1,False,False,False
EXP-T141,shadow,2,101,0.01,0.0001,16,112,0.5391794656004224,0.5906445384025574,3.524837017059326,0.0098632311059685,3.5153346061706543,14,2,False,False,False
EXP-T141,shadow,2,101,0.01,0.0001,17,119,0.6128076485225132,0.5902118682861328,3.5225324630737305,0.009844486647586723,3.5153346061706543,14,3,False,False,False
EXP-T141,shadow,2,101,0.01,0.0001,18,126,0.5997045721326556,0.5893966257572174,3.5161166191101074,0.0098245592213661,3.5153346061706543,14,4,False,False,False
EXP-T141,shadow,2,101,0.01,0.0001,19,133,0.5271664985588619,0.5892647504806519,3.514275550842285,0.009803453744100868,3.514275550842285,19,0,True,False,False
EXP-T141,shadow,2,101,0.01,0.0001,20,140,0.5099787350211825,0.589130699634552,3.509848117828369,0.009781175423251734,3.509848117828369,20,0,True,False,False
EXP-T141,shadow,2,101,0.01,0.0001,21,147,0.49923869009528843,0.5891307890415192,3.5099105834960938,0.009757729755661011,3.509848117828369,20,1,False,False,False
EXP-T141,shadow,2,101,0.01,0.0001,22,154,0.540471055677959,0.5891498923301697,3.511471748352051,0.009733122526196349,3.509848117828369,20,2,False,False,False
EXP-T141,shadow,2,101,0.01,0.0001,23,161,0.5348805998052869,0.5891478657722473,3.508151054382324,0.009707359806323416,3.508151054382324,23,0,True,False,False
EXP-T141,shadow,2,101,0.01,0.0001,24,168,0.5172985621861049,0.5891315340995789,3.5094075202941895,0.009680447952607845,3.508151054382324,23,1,False,False,False
EXP-T141,shadow,2,101,0.01,0.0001,25,175,0.5167197521243777,0.5891690254211426,3.512176990509033,0.009652393605146845,3.508151054382324,23,2,False,False,False
EXP-T141,shadow,2,101,0.01,0.0001,26,182,0.5237527617386409,0.5893626809120178,3.515697956085205,0.00962320368593087,3.508151054382324,23,3,False,False,False
EXP-T141,shadow,2,101,0.01,0.0001,27,189,0.6905868564333234,0.5899641513824463,3.5209922790527344,0.009592885397135707,3.508151054382324,23,4,False,False,False
EXP-T141,shadow,2,101,0.01,0.0001,28,196,0.5145948891128812,0.5902911126613617,3.5229859352111816,0.009561446219345454,3.508151054382324,23,5,False,False,False
EXP-T141,shadow,2,101,0.01,0.0001,29,203,0.6440018926348005,0.589843362569809,3.5201549530029297,0.009528893909706798,3.508151054382324,23,6,False,False,False
EXP-T141,shadow,2,101,0.01,0.0001,30,210,0.5486130927290235,0.5892634689807892,3.514253616333008,0.009495236500015047,3.508151054382324,23,7,False,False,False
EXP-T141,shadow,2,101,0.01,0.0001,31,217,0.648141052041735,0.5891335308551788,3.5091066360473633,0.00946048229473242,3.508151054382324,23,8,False,False,False
EXP-T141,shadow,2,101,0.01,0.0001,32,224,0.5315921774932316,0.5891853272914886,3.506885528564453,0.009424639868939034,3.506885528564453,32,0,True,False,False
EXP-T141,shadow,2,101,0.01,0.0001,33,231,0.5149302865777697,0.5893587172031403,3.503884792327881,0.009387718066217124,3.503884792327881,33,0,True,False,False
EXP-T141,shadow,2,101,0.01,0.0001,34,238,0.6846234372683934,0.5895306169986725,3.5019774436950684,0.009349725996469048,3.5019774436950684,34,0,True,False,False
EXP-T141,shadow,2,101,0.01,0.0001,35,245,0.5446787774562836,0.5894959270954132,3.5023226737976074,0.00931067303366952,3.5019774436950684,34,1,False,False,False
EXP-T141,shadow,2,101,0.01,0.0001,36,252,0.5161608925887516,0.5894807875156403,3.50247859954834,0.009270568813552756,3.5019774436950684,34,2,False,False,False
EXP-T141,shadow,2,101,0.01,0.0001,37,259,0.5233816461903709,0.5895773768424988,3.5015344619750977,0.009229423231234974,3.5015344619750977,37,0,True,False,False
EXP-T141,shadow,2,101,0.01,0.0001,38,266,0.4972498193383217,0.589636504650116,3.501006603240967,0.009187246438772938,3.501006603240967,38,0,True,False,False
EXP-T141,shadow,2,101,0.01,0.0001,39,273,0.5365049413272313,0.5896992981433868,3.500478744506836,0.009144048842659082,3.500478744506836,39,0,True,False,False
EXP-T141,shadow,2,101,0.01,0.0001,40,280,0.5377215317317418,0.5903051793575287,3.5035810470581055,0.009099841101253866,3.500478744506836,39,1,False,False,False
EXP-T141,shadow,2,101,0.01,0.0001,41,287,0.5306584749902997,0.590707004070282,3.5056967735290527,0.00905463412215599,3.500478744506836,39,2,False,False,False
EXP-T141,shadow,2,101,0.01,0.0001,42,294,0.7031362780502864,0.5906586349010468,3.5054574012756348,0.0090084390595111,3.500478744506836,39,3,False,False,False
EXP-T141,shadow,2,101,0.01,0.0001,43,301,0.6495801082679203,0.5897281467914581,3.500246524810791,0.008961267311259666,3.500246524810791,43,0,True,False,False
EXP-T141,shadow,2,101,0.01,0.0001,44,308,0.5974787047931126,0.589250385761261,3.505504608154297,0.008913130516324731,3.500246524810791,43,1,False,False,False
EXP-T141,shadow,2,101,0.01,0.0001,45,315,0.5336108079978398,0.5891633033752441,3.511991024017334,0.008864040551740157,3.500246524810791,43,2,False,False,False
EXP-T141,shadow,2,101,0.01,0.0001,46,322,0.49857018887996674,0.5892628729343414,3.5142436027526855,0.008814009529720154,3.500246524810791,43,3,False,False,False
EXP-T141,shadow,2,101,0.01,0.0001,47,329,0.5270822133336749,0.589233934879303,3.5137228965759277,0.008763049794670776,3.500246524810791,43,4,False,False,False
EXP-T141,shadow,2,101,0.01,0.0001,48,336,0.6340689020497459,0.5891821980476379,3.5125603675842285,0.008711173920144118,3.500246524810791,43,5,False,False,False
EXP-T141,shadow,2,101,0.01,0.0001,49,343,0.5462018464292798,0.5891535580158234,3.5116281509399414,0.008658394705735987,3.500246524810791,43,6,False,False,False
EXP-T141,shadow,2,101,0.01,0.0001,50,350,0.5563037991523743,0.5891309380531311,3.5095648765563965,0.008604725173927784,3.500246524810791,43,7,False,False,False
EXP-T141,shadow,2,101,0.01,0.0001,51,357,0.6866525965077537,0.589132159948349,3.5102381706237793,0.00855017856687341,3.500246524810791,43,8,False,False,False
EXP-T141,shadow,2,101,0.01,0.0001,52,364,0.6348364949226379,0.5892945230007172,3.5147504806518555,0.008494768343131955,3.500246524810791,43,9,False,False,False
EXP-T141,shadow,2,101,0.01,0.0001,53,371,0.5372653944151742,0.5898554027080536,3.5202412605285645,0.00843850817434701,3.500246524810791,43,10,False,False,False
EXP-T141,shadow,2,101,0.01,0.0001,54,378,0.7120953329971859,0.5896821916103363,3.5189108848571777,0.008381411941873378,3.500246524810791,43,11,False,False,False
EXP-T141,shadow,2,101,0.01,0.0001,55,385,0.5003693465675626,0.5895527303218842,3.5177664756774902,0.008323493733352076,3.500246524810791,43,12,False,False,False
EXP-T141,shadow,2,101,0.01,0.0001,56,392,0.6270421487944466,0.5893038511276245,3.5148916244506836,0.008264767839234409,3.500246524810791,43,13,False,False,False
EXP-T141,shadow,2,101,0.01,0.0001,57,399,0.5417769295828683,0.5892379283905029,3.513798713684082,0.008205248749256015,3.500246524810791,43,14,False,False,False
EXP-T141,shadow,2,101,0.01,0.0001,58,406,0.5128265363829476,0.589195728302002,3.5129055976867676,0.008144951148861742,3.500246524810791,43,15,False,False,False
EXP-T141,shadow,2,101,0.01,0.0001,59,413,0.6624102762767247,0.5891793966293335,3.512483596801758,0.008083889915582234,3.500246524810791,43,16,False,False,False
EXP-T141,shadow,2,101,0.01,0.0001,60,420,0.6182941624096462,0.5891492068767548,3.511441707611084,0.008022080115363126,3.500246524810791,43,17,False,False,False
EXP-T141,shadow,2,101,0.01,0.0001,61,427,0.6573229432106018,0.5891398191452026,3.5085854530334473,0.007959536998847744,3.500246524810791,43,18,False,False,False
EXP-T141,shadow,2,101,0.01,0.0001,62,434,0.5014071400676455,0.589133620262146,3.510435104370117,0.00789627599761423,3.500246524810791,43,19,False,False,False
EXP-T141,shadow,2,101,0.01,0.0001,63,441,0.4988208934664726,0.5891833305358887,3.5125913619995117,0.007832312720368047,3.500246524810791,43,20,False,False,False
EXP-T141,shadow,2,101,0.01,0.0001,64,448,0.5123102409499032,0.5891706347465515,3.5122275352478027,0.007767662949090753,3.500246524810791,43,21,False,False,False
EXP-T141,shadow,2,101,0.01,0.0001,65,455,0.5666668670518058,0.589130699634552,3.509827136993408,0.007702342635146034,3.500246524810791,43,22,False,False,False
EXP-T141,shadow,2,101,0.01,0.0001,66,462,0.4944913738540241,0.5891936421394348,3.512856960296631,0.007636367895343947,3.500246524810791,43,23,False,False,False
EXP-T141,shadow,2,101,0.01,0.0001,67,469,0.4952945315412113,0.5892364680767059,3.5137715339660645,0.007569755007964339,3.500246524810791,43,24,False,False,False
EXP-T141,shadow,2,101,0.01,0.0001,68,476,0.5483395414693015,0.5892816185951233,3.5145506858825684,0.007502520408740419,3.500246524810791,43,25,False,False,False
EXP-T141,shadow,2,101,0.01,0.0001,69,483,0.5565760050501142,0.5892057120800018,3.513138771057129,0.007434680686803491,3.500246524810791,43,26,False,False,False
EXP-T141,shadow,2,101,0.01,0.0001,70,490,0.5426602619034904,0.5891991257667542,3.5129871368408203,0.0073662525805898394,3.500246524810791,43,27,False,False,False
EXP-T141,shadow,2,101,0.01,0.0001,71,497,0.5166950225830078,0.5891928672790527,3.5128374099731445,0.007297252973710758,3.500246524810791,43,28,False,False,False
EXP-T141,shadow,2,101,0.01,0.0001,72,504,0.5998275365148272,0.5892348289489746,3.513740062713623,0.00722769889078678,3.500246524810791,43,29,False,False,False
EXP-T141,shadow,2,101,0.01,0.0001,73,511,0.503542500947203,0.5896406471729279,3.5185604095458984,0.0071576074932471105,3.500246524810791,43,30,False,True,False
EXP-T141,shadow,3,101,1e-05,1.0000000000000001e-07,1,7,0.5643237318311419,0.4660024742285411,3.6118168686375474,1e-05,3.6118168686375474,1,0,True,False,False
EXP-T141,shadow,3,101,1e-05,1.0000000000000001e-07,2,14,0.5690094402858189,0.457290418446064,3.5952668623490767,9.99938933078422e-06,3.5952668623490767,2,0,True,False,False
EXP-T141,shadow,3,101,1e-05,1.0000000000000001e-07,3,21,0.5886110918862479,0.44706690808137256,3.5802473588423296,9.997557473810373e-06,3.5802473588423296,3,0,True,False,False
EXP-T141,shadow,3,101,1e-05,1.0000000000000001e-07,4,28,0.6017736877713885,0.43949078023433685,3.567010128136837,9.994504881061752e-06,3.567010128136837,4,0,True,False,False
EXP-T141,shadow,3,101,1e-05,1.0000000000000001e-07,5,35,0.5884920614106315,0.43644436448812485,3.5609563191731772,9.990232305719944e-06,3.5609563191731772,5,0,True,False,False
EXP-T141,shadow,3,101,1e-05,1.0000000000000001e-07,6,42,0.6282870769500732,0.4354492562512557,3.5589652783942944,9.984740801978984e-06,3.5589652783942944,6,0,True,False,False
EXP-T141,shadow,3,101,1e-05,1.0000000000000001e-07,7,49,0.4933639853926642,0.4358680620789528,3.559968428178267,9.978031724785247e-06,3.5589652783942944,6,1,False,False,False
EXP-T141,shadow,3,101,1e-05,1.0000000000000001e-07,8,56,0.5874587084565844,0.4362054839730263,3.5606594663677793,9.97010672950314e-06,3.5589652783942944,6,2,False,False,False
EXP-T141,shadow,3,101,1e-05,1.0000000000000001e-07,9,63,0.5706775869641986,0.43598219255606335,3.560233145049124,9.960967771506666e-06,3.5589652783942944,6,3,False,False,False
EXP-T141,shadow,3,101,1e-05,1.0000000000000001e-07,10,70,0.5277799027306693,0.4351308507223924,3.558449485085227,9.950617105696961e-06,3.558449485085227,10,0,True,False,False
EXP-T141,shadow,3,101,1e-05,1.0000000000000001e-07,11,77,0.5292750426701137,0.4333849996328354,3.554448445638021,9.939057285945933e-06,3.554448445638021,11,0,True,False,False
EXP-T141,shadow,3,101,1e-05,1.0000000000000001e-07,12,84,0.5138936536386609,0.4338473106424014,3.5556501908735796,9.926291164466131e-06,3.554448445638021,11,1,False,False,False
EXP-T141,shadow,3,101,1e-05,1.0000000000000001e-07,13,91,0.5895386253084455,0.43365734194715816,3.5554402669270835,9.91232189110701e-06,3.554448445638021,11,2,False,False,False
EXP-T141,shadow,3,101,1e-05,1.0000000000000001e-07,14,98,0.5490878054073879,0.4334027444322904,3.5549894390684185,9.897152912577742e-06,3.554448445638021,11,3,False,False,False
EXP-T141,shadow,3,101,1e-05,1.0000000000000001e-07,15,105,0.4953992984124592,0.4317867035667102,3.5512279163707388,9.8807879715968e-06,3.5512279163707388,15,0,True,False,False
EXP-T141,shadow,3,101,1e-05,1.0000000000000001e-07,16,112,0.5412678463118417,0.43003658950328827,3.5489497329249526,9.8632311059685e-06,3.5489497329249526,16,0,True,False,False
EXP-T141,shadow,3,101,1e-05,1.0000000000000001e-07,17,119,0.6527785914284843,0.4282366931438446,3.547189885919744,9.844486647586724e-06,3.547189885919744,17,0,True,False,False
EXP-T141,shadow,3,101,1e-05,1.0000000000000001e-07,18,126,0.5036513943757329,0.42863060409824055,3.547550085819129,9.824559221366101e-06,3.547189885919744,17,1,False,False,False
EXP-T141,shadow,3,101,1e-05,1.0000000000000001e-07,19,133,0.5371040638004031,0.4284382263819377,3.5472333503491953,9.803453744100868e-06,3.547189885919744,17,2,False,False,False
EXP-T141,shadow,3,101,1e-05,1.0000000000000001e-07,20,140,0.515630800809179,0.42821989332636196,3.546894189083215,9.781175423251734e-06,3.546894189083215,20,0,True,False,False
EXP-T141,shadow,3,101,1e-05,1.0000000000000001e-07,21,147,0.524689678634916,0.42840804035464924,3.546839396158854,9.757729755661012e-06,3.546839396158854,21,0,True,False,False
EXP-T141,shadow,3,101,1e-05,1.0000000000000001e-07,22,154,0.48957855839814457,0.4282481409609318,3.5465106386126894,9.73312252619635e-06,3.5465106386126894,22,0,True,False,False
EXP-T141,shadow,3,101,1e-05,1.0000000000000001e-07,23,161,0.6726427120821816,0.42777060096462566,3.545857053814512,9.707359806323418e-06,3.545857053814512,23,0,True,False,False
EXP-T141,shadow,3,101,1e-05,1.0000000000000001e-07,24,168,0.5173644593783787,0.42838286360104877,3.5464105317086885,9.680447952607845e-06,3.545857053814512,23,1,False,False,False
EXP-T141,shadow,3,101,1e-05,1.0000000000000001e-07,25,175,0.5854421087673732,0.4286707142988841,3.5467191753965435,9.652393605146845e-06,3.545857053814512,23,2,False,False,False
EXP-T141,shadow,3,101,1e-05,1.0000000000000001e-07,26,182,0.5067973456212452,0.4295873170097669,3.547554709694602,9.62320368593087e-06,3.545857053814512,23,3,False,False,False
EXP-T141,shadow,3,101,1e-05,1.0000000000000001e-07,27,189,0.4918501369122948,0.4321473240852356,3.5529840642755683,9.592885397135707e-06,3.545857053814512,23,4,False,False,False
EXP-T141,shadow,3,101,1e-05,1.0000000000000001e-07,28,196,0.5711559653282166,0.4348945754269759,3.5593046708540483,9.561446219345455e-06,3.545857053814512,23,5,False,False,False
EXP-T141,shadow,3,101,1e-05,1.0000000000000001e-07,29,203,0.5357887404305595,0.4351947332421939,3.5599575620709043,9.528893909706798e-06,3.545857053814512,23,6,False,False,False
EXP-T141,shadow,3,101,1e-05,1.0000000000000001e-07,30,210,0.5112896519047874,0.43493953223029774,3.559436220111269,9.495236500015048e-06,3.545857053814512,23,7,False,False,False
EXP-T141,shadow,3,101,1e-05,1.0000000000000001e-07,31,217,0.500370792778475,0.43575528512398404,3.5611773404208096,9.460482294732422e-06,3.545857053814512,23,8,False,False,False
EXP-T141,shadow,3,101,1e-05,1.0000000000000001e-07,32,224,0.5260964163712093,0.43600665653745335,3.5617863048206675,9.424639868939035e-06,3.545857053814512,23,9,False,False,False
EXP-T141,shadow,3,101,1e-05,1.0000000000000001e-07,33,231,0.6237001546791622,0.43478167802095413,3.5593338012695312,9.387718066217125e-06,3.545857053814512,23,10,False,False,False
EXP-T141,shadow,3,101,1e-05,1.0000000000000001e-07,34,238,0.48492062863494667,0.4328637532889843,3.5551468820282905,9.349725996469047e-06,3.545857053814512,23,11,False,False,False
EXP-T141,shadow,3,101,1e-05,1.0000000000000001e-07,35,245,0.5338340061051505,0.4321675995985667,3.5534309618400806,9.310673033669522e-06,3.545857053814512,23,12,False,False,False
EXP-T141,shadow,3,101,1e-05,1.0000000000000001e-07,36,252,0.5186844510691506,0.4325205497443676,3.5541781801165957,9.270568813552757e-06,3.545857053814512,23,13,False,False,False
EXP-T141,shadow,3,101,1e-05,1.0000000000000001e-07,37,259,0.6627260361398969,0.4324318505823612,3.5539072210138496,9.229423231234975e-06,3.545857053814512,23,14,False,False,False
EXP-T141,shadow,3,101,1e-05,1.0000000000000001e-07,38,266,0.4940214252897671,0.43213654309511185,3.5533017245205967,9.18724643877294e-06,3.545857053814512,23,15,False,False,False
EXP-T141,shadow,3,101,1e-05,1.0000000000000001e-07,39,273,0.5613176482064384,0.4318683594465256,3.552726052024148,9.144048842659081e-06,3.545857053814512,23,16,False,False,False
EXP-T141,shadow,3,101,1e-05,1.0000000000000001e-07,40,280,0.49330965323107584,0.43113072340687114,3.551026546593868,9.099841101253867e-06,3.545857053814512,23,17,False,False,False
EXP-T141,shadow,3,101,1e-05,1.0000000000000001e-07,41,287,0.5611527136393956,0.4321487247943878,3.553495927290483,9.054634122155991e-06,3.545857053814512,23,18,False,False,False
EXP-T141,shadow,3,101,1e-05,1.0000000000000001e-07,42,294,0.5290031731128693,0.43247656896710396,3.554307879823627,9.0084390595111e-06,3.545857053814512,23,19,False,False,False
EXP-T141,shadow,3,101,1e-05,1.0000000000000001e-07,43,301,0.7131932122366769,0.43372408921519917,3.5571515632398203,8.961267311259668e-06,3.545857053814512,23,20,False,False,False
EXP-T141,shadow,3,101,1e-05,1.0000000000000001e-07,44,308,0.5047249559845243,0.4336348970731099,3.5571145722360322,8.913130516324733e-06,3.545857053814512,23,21,False,False,False
EXP-T141,shadow,3,101,1e-05,1.0000000000000001e-07,45,315,0.5575228674071175,0.43317624429861706,3.556261004823627,8.864040551740158e-06,3.545857053814512,23,22,False,False,False
EXP-T141,shadow,3,101,1e-05,1.0000000000000001e-07,46,322,0.5206967336790902,0.43284283205866814,3.5557304151130444,8.814009529720155e-06,3.545857053814512,23,23,False,False,False
EXP-T141,shadow,3,101,1e-05,1.0000000000000001e-07,47,329,0.4864046030810901,0.4314751923084259,3.552711024428859,8.763049794670776e-06,3.545857053814512,23,24,False,False,False
EXP-T141,shadow,3,101,1e-05,1.0000000000000001e-07,48,336,0.5880347320011684,0.4305924077828725,3.5506448456735322,8.711173920144118e-06,3.545857053814512,23,25,False,False,False
EXP-T141,shadow,3,101,1e-05,1.0000000000000001e-07,49,343,0.6290472788470132,0.43015526607632637,3.549630829782197,8.658394705735988e-06,3.545857053814512,23,26,False,False,False
EXP-T141,shadow,3,101,1e-05,1.0000000000000001e-07,50,350,0.5780288747378758,0.43036481241385144,3.5502834898052793,8.604725173927786e-06,3.545857053814512,23,27,False,False,False
EXP-T141,shadow,3,101,1e-05,1.0000000000000001e-07,51,357,0.5267072873456138,0.4300738349556923,3.54963291052616,8.550178566873412e-06,3.545857053814512,23,28,False,False,False
EXP-T141,shadow,3,101,1e-05,1.0000000000000001e-07,52,364,0.5021922748003688,0.4290734777847926,3.5471697720614346,8.494768343131955e-06,3.545857053814512,23,29,False,False,False
EXP-T141,shadow,3,101,1e-05,1.0000000000000001e-07,53,371,0.48573682888481684,0.4284640873471896,3.5455992727568657,8.43850817434701e-06,3.5455992727568657,53,0,True,False,False
EXP-T141,shadow,3,101,1e-05,1.0000000000000001e-07,54,378,0.6017021664551326,0.4277777286867301,3.543748566598603,8.381411941873379e-06,3.543748566598603,54,0,True,False,False
EXP-T141,shadow,3,101,1e-05,1.0000000000000001e-07,55,385,0.497721974338804,0.4283764697611332,3.545455701423414,8.323493733352078e-06,3.543748566598603,54,1,False,False,False
EXP-T141,shadow,3,101,1e-05,1.0000000000000001e-07,56,392,0.4692978688648769,0.4292971094449361,3.548015016497988,8.26476783923441e-06,3.543748566598603,54,2,False,False,False
EXP-T141,shadow,3,101,1e-05,1.0000000000000001e-07,57,399,0.591416733605521,0.42988523095846176,3.5496419270833335,8.205248749256014e-06,3.543748566598603,54,3,False,False,False
EXP-T141,shadow,3,101,1e-05,1.0000000000000001e-07,58,406,0.6092124496187482,0.4303191875418027,3.550717902906013,8.144951148861743e-06,3.543748566598603,54,4,False,False,False
EXP-T141,shadow,3,101,1e-05,1.0000000000000001e-07,59,413,0.4983697938067572,0.4307129333416621,3.551752726236979,8.083889915582235e-06,3.543748566598603,54,5,False,False,False
EXP-T141,shadow,3,101,1e-05,1.0000000000000001e-07,60,420,0.5664609926087516,0.43127091353138286,3.5531146887576943,8.022080115363127e-06,3.543748566598603,54,6,False,False,False
EXP-T141,shadow,3,101,1e-05,1.0000000000000001e-07,61,427,0.6361553541251591,0.4312059593697389,3.5530305342240767,7.959536998847744e-06,3.543748566598603,54,7,False,False,False
EXP-T141,shadow,3,101,1e-05,1.0000000000000001e-07,62,434,0.5496003925800323,0.4311158284544945,3.5529944679953833,7.89627599761423e-06,3.543748566598603,54,8,False,False,False
EXP-T141,shadow,3,101,1e-05,1.0000000000000001e-07,63,441,0.5574975056307656,0.43003104502956074,3.5505771058978457,7.832312720368048e-06,3.543748566598603,54,9,False,False,False
EXP-T141,shadow,3,101,1e-05,1.0000000000000001e-07,64,448,0.5011967122554779,0.42926302428046864,3.548816102923769,7.767662949090754e-06,3.543748566598603,54,10,False,False,False
EXP-T141,shadow,3,101,1e-05,1.0000000000000001e-07,65,455,0.49542079476772677,0.42774449785550434,3.5451294870087593,7.702342635146033e-06,3.543748566598603,54,11,False,False,False
EXP-T141,shadow,3,101,1e-05,1.0000000000000001e-07,66,462,0.5000172587377685,0.42654427016774815,3.541956814852628,7.636367895343947e-06,3.541956814852628,66,0,True,False,False
EXP-T141,shadow,3,101,1e-05,1.0000000000000001e-07,67,469,0.5117412379809788,0.4266037630538146,3.5422002618963067,7.5697550079643376e-06,3.541956814852628,66,1,False,False,False
EXP-T141,shadow,3,101,1e-05,1.0000000000000001e-07,68,476,0.527502566576004,0.42593125626444817,3.5405553181966147,7.502520408740418e-06,3.5405553181966147,68,0,True,False,False
EXP-T141,shadow,3,101,1e-05,1.0000000000000001e-07,69,483,0.8165494416441236,0.42531732345620793,3.539876533277107,7.43468068680349e-06,3.539876533277107,69,0,True,False,False
EXP-T141,shadow,3,101,1e-05,1.0000000000000001e-07,70,490,0.5286859997681209,0.4251230296989282,3.5395991007486978,7.366252580589839e-06,3.5395991007486978,70,0,True,False,False
EXP-T141,shadow,3,101,1e-05,1.0000000000000001e-07,71,497,0.5604604950972966,0.42580602566401166,3.5405788999615293,7.297252973710756e-06,3.5395991007486978,70,1,False,False,False
EXP-T141,shadow,3,101,1e-05,1.0000000000000001e-07,72,504,0.5830810836383274,0.4251702781766653,3.5392673376834756,7.227698890786779e-06,3.5392673376834756,72,0,True,False,False
EXP-T141,shadow,3,101,1e-05,1.0000000000000001e-07,73,511,0.49463895176138195,0.42458490158120793,3.5384660200639204,7.15760749324711e-06,3.5384660200639204,73,0,True,False,False
EXP-T141,shadow,3,101,1e-05,1.0000000000000001e-07,74,518,0.48841440540646935,0.4247247005502383,3.5385222001509233,7.086996075095289e-06,3.5384660200639204,73,1,False,False,False
EXP-T141,shadow,3,101,1e-05,1.0000000000000001e-07,75,525,0.49648541850703104,0.4250553846359253,3.538917079116359,7.015882058642164e-06,3.5384660200639204,73,2,False,False,False
EXP-T141,shadow,3,101,1e-05,1.0000000000000001e-07,76,532,0.5957990799631391,0.4249266969660918,3.5385811545632104,6.9442829902071945e-06,3.5384660200639204,73,3,False,False,False
EXP-T141,shadow,3,101,1e-05,1.0000000000000001e-07,77,539,0.5233197659254074,0.4252571389079094,3.539707068241004,6.8722165357891564e-06,3.5384660200639204,73,4,False,False,False
EXP-T141,shadow,3,101,1e-05,1.0000000000000001e-07,78,546,0.622837496655328,0.42598264664411545,3.541857863917495,6.799700476707323e-06,3.5384660200639204,73,5,False,False,False
EXP-T141,shadow,3,101,1e-05,1.0000000000000001e-07,79,553,0.5449275161538806,0.4266195259988308,3.543686144279711,6.726752705214193e-06,3.5384660200639204,73,6,False,False,False
EXP-T141,shadow,3,101,1e-05,1.0000000000000001e-07,80,560,0.5468331064496722,0.42721517011523247,3.5453061190518467,6.65339122008084e-06,3.5384660200639204,73,7,False,False,False
EXP-T141,shadow,3,101,1e-05,1.0000000000000001e-07,81,567,0.47918229741376955,0.42818572372198105,3.547784053918087,6.57963412215599e-06,3.5384660200639204,73,8,False,False,False
EXP-T141,shadow,3,101,1e-05,1.0000000000000001e-07,82,574,0.5489053130149841,0.4285938876370589,3.5488121726296167,6.505499609899905e-06,3.5384660200639204,73,9,False,False,False
EXP-T141,shadow,3,101,1e-05,1.0000000000000001e-07,83,581,0.5353912157671792,0.42741122220953304,3.545893351236979,6.431005974894185e-06,3.5384660200639204,73,10,False,False,False
EXP-T141,shadow,3,101,1e-05,1.0000000000000001e-07,84,588,0.4678105672010458,0.42613381271560985,3.5426023078687265,6.356171597328595e-06,3.5384660200639204,73,11,False,False,False
EXP-T141,shadow,3,101,1e-05,1.0000000000000001e-07,85,595,0.5678876255239759,0.42638785764575005,3.5434147227894175,6.28101494146603e-06,3.5384660200639204,73,12,False,False,False
EXP-T141,shadow,3,101,1e-05,1.0000000000000001e-07,86,602,0.6392850279808044,0.42630359654625255,3.543353456439394,6.205554551086732e-06,3.5384660200639204,73,13,False,False,False
EXP-T141,shadow,3,101,1e-05,1.0000000000000001e-07,87,609,0.5613214799336025,0.4265599499146144,3.544218814734257,6.129809044912887e-06,3.5384660200639204,73,14,False,False,False
EXP-T141,shadow,3,101,1e-05,1.0000000000000001e-07,88,616,0.5293506639344352,0.4268330509463946,3.545124863133286,6.053797112014738e-06,3.5384660200639204,73,15,False,False,False
EXP-T141,shadow,3,101,1e-05,1.0000000000000001e-07,89,623,0.5519705627645765,0.42776041229565936,3.5476127393317944,5.977537507199338e-06,3.5384660200639204,73,16,False,False,False
EXP-T141,shadow,3,101,1e-05,1.0000000000000001e-07,90,630,0.5298956973212106,0.4286357859770457,3.549931844075521,5.901049046383077e-06,3.5384660200639204,73,17,False,False,False
EXP-T141,shadow,3,101,1e-05,1.0000000000000001e-07,91,637,0.4992724151483604,0.42895757406949997,3.550842978737571,5.824350601949143e-06,3.5384660200639204,73,18,False,False,False
EXP-T141,shadow,3,101,1e-05,1.0000000000000001e-07,92,644,0.7153206254754748,0.4299735352396965,3.553266583066998,5.7474610980910354e-06,3.5384660200639204,73,19,False,False,False
EXP-T141,shadow,3,101,1e-05,1.0000000000000001e-07,93,651,0.614799976348877,0.4304358859856923,3.55440937389027,5.6703995061433075e-06,3.5384660200639204,73,20,False,False,False
EXP-T141,shadow,3,101,1e-05,1.0000000000000001e-07,94,658,0.5279496312141418,0.43109774465362233,3.5559761740944604,5.5931848399006745e-06,3.5384660200639204,73,21,False,False,False
EXP-T141,shadow,3,101,1e-05,1.0000000000000001e-07,95,665,0.5385431093829018,0.4305582145849864,3.554910370797822,5.515836150926646e-06,3.5384660200639204,73,22,False,False,False
EXP-T141,shadow,3,101,1e-05,1.0000000000000001e-07,96,672,0.5160753812108722,0.43000290791193646,3.553663311582623,5.438372523852833e-06,3.5384660200639204,73,23,False,False,False
EXP-T141,shadow,3,101,1e-05,1.0000000000000001e-07,97,679,0.5027639695576259,0.4292386087278525,3.5519624189897017,5.360813071670101e-06,3.5384660200639204,73,24,False,False,False
EXP-T141,shadow,3,101,1e-05,1.0000000000000001e-07,98,686,0.49390804301947355,0.4294293796022733,3.5524076981977983,5.283176931012731e-06,3.5384660200639204,73,25,False,False,False
EXP-T141,shadow,3,101,1e-05,1.0000000000000001e-07,99,693,0.5090806654521397,0.42973703021804494,3.5531371145537407,5.205483257436735e-06,3.5384660200639204,73,26,False,False,False
EXP-T141,shadow,3,101,1e-05,1.0000000000000001e-07,100,700,0.5543124973773956,0.42971927548448247,3.553159540349787,5.127751220693512e-06,3.5384660200639204,73,27,False,False,False
EXP-T141,shadow,3,101,1e-05,1.0000000000000001e-07,101,707,0.49463646539619993,0.429235549022754,3.5521355831261836,5.05e-06,3.5384660200639204,73,28,False,False,False
EXP-T141,shadow,3,101,1e-05,1.0000000000000001e-07,102,714,0.47094740931476864,0.4288452590505282,3.5513506802645596,4.972248779306488e-06,3.5384660200639204,73,29,False,False,False
EXP-T141,shadow,3,101,1e-05,1.0000000000000001e-07,103,721,0.48217190110257696,0.4285147227346897,3.5505886655865293,4.8945167425632645e-06,3.5384660200639204,73,30,False,True,False
EXP-T141,shadow,3,101,0.0001,1.0000000000000002e-06,1,7,0.5750901869365147,0.4332111154993375,3.5549753362482246,0.0001,3.5549753362482246,1,0,True,False,False
EXP-T141,shadow,3,101,0.0001,1.0000000000000002e-06,2,14,0.5503549533230918,0.42254680131251615,3.5589710582386362,9.99938933078422e-05,3.5549753362482246,1,1,False,False,False
EXP-T141,shadow,3,101,0.0001,1.0000000000000002e-06,3,21,0.5740189211709159,0.42268431760991615,3.5597101847330728,9.997557473810373e-05,3.5549753362482246,1,2,False,False,False
EXP-T141,shadow,3,101,0.0001,1.0000000000000002e-06,4,28,0.6024539726121085,0.4207999963934223,3.5356796727035986,9.994504881061753e-05,3.5356796727035986,4,0,True,False,False
EXP-T141,shadow,3,101,0.0001,1.0000000000000002e-06,5,35,0.5965909361839294,0.4432454854249954,3.5772161772756865,9.990232305719945e-05,3.5356796727035986,4,1,False,False,False
EXP-T141,shadow,3,101,0.0001,1.0000000000000002e-06,6,42,0.5752991948808942,0.45078541586796445,3.589062546238755,9.984740801978984e-05,3.5356796727035986,4,2,False,False,False
EXP-T141,shadow,3,101,0.0001,1.0000000000000002e-06,7,49,0.4942939224253808,0.4396914268533389,3.572482947147254,9.978031724785247e-05,3.5356796727035986,4,3,False,False,False
EXP-T141,shadow,3,101,0.0001,1.0000000000000002e-06,8,56,0.5961277144295829,0.4197688813631733,3.5306151418974907,9.97010672950314e-05,3.5306151418974907,8,0,True,False,False
EXP-T141,shadow,3,101,0.0001,1.0000000000000002e-06,9,63,0.5499109072344643,0.42010131664574146,3.529381954308712,9.960967771506667e-05,3.529381954308712,9,0,True,False,False
EXP-T141,shadow,3,101,0.0001,1.0000000000000002e-06,10,70,0.48843697352068766,0.4252953690787156,3.5410251039447207,9.95061710569696e-05,3.529381954308712,9,1,False,False,False
EXP-T141,shadow,3,101,0.0001,1.0000000000000002e-06,11,77,0.5686543243271964,0.4228519666939974,3.5349502563476562,9.939057285945933e-05,3.529381954308712,9,2,False,False,False
EXP-T141,shadow,3,101,0.0001,1.0000000000000002e-06,12,84,0.4803836194000074,0.43937887499729794,3.57484482273911,9.926291164466132e-05,3.529381954308712,9,3,False,False,False
EXP-T141,shadow,3,101,0.0001,1.0000000000000002e-06,13,91,0.5926699553217206,0.43063121909896535,3.557316866787997,9.91232189110701e-05,3.529381954308712,9,4,False,False,False
EXP-T141,shadow,3,101,0.0001,1.0000000000000002e-06,14,98,0.5329457180840629,0.4267374773820241,3.551847978071733,9.897152912577741e-05,3.529381954308712,9,5,False,False,False
EXP-T141,shadow,3,101,0.0001,1.0000000000000002e-06,15,105,0.4790479242801666,0.41735248112430173,3.520642136082505,9.8807879715968e-05,3.520642136082505,15,0,True,False,False
EXP-T141,shadow,3,101,0.0001,1.0000000000000002e-06,16,112,0.5193678566387722,0.4126404906116363,3.487513455477628,9.8632311059685e-05,3.487513455477628,16,0,True,False,False
EXP-T141,shadow,3,101,0.0001,1.0000000000000002e-06,17,119,0.6671173870563507,0.4132349106172721,3.4888828161991006,9.844486647586725e-05,3.487513455477628,16,1,False,False,False
EXP-T141,shadow,3,101,0.0001,1.0000000000000002e-06,18,126,0.5519659434046064,0.4435155043999354,3.6391952977035986,9.824559221366101e-05,3.487513455477628,16,2,False,False,False
EXP-T141,shadow,3,101,0.0001,1.0000000000000002e-06,19,133,0.4973453325884683,0.43707874168952304,3.6267788048946494,9.803453744100869e-05,3.487513455477628,16,3,False,False,False
EXP-T141,shadow,3,101,0.0001,1.0000000000000002e-06,20,140,0.4943288905279977,0.4119415698380635,3.4958368937174478,9.781175423251735e-05,3.487513455477628,16,4,False,False,False
EXP-T141,shadow,3,101,0.0001,1.0000000000000002e-06,21,147,0.4402178090198764,0.41157298524133995,3.504954482569839,9.757729755661011e-05,3.487513455477628,16,5,False,False,False
EXP-T141,shadow,3,101,0.0001,1.0000000000000002e-06,22,154,0.44840267044492066,0.4125577356195815,3.5243047078450522,9.73312252619635e-05,3.487513455477628,16,6,False,False,False
EXP-T141,shadow,3,101,0.0001,1.0000000000000002e-06,23,161,0.5815095518316541,0.4151220358204834,3.5573309696081914,9.707359806323417e-05,3.487513455477628,16,7,False,False,False
EXP-T141,shadow,3,101,0.0001,1.0000000000000002e-06,24,168,0.4529141868863787,0.420917545852717,3.594886317397609,9.680447952607845e-05,3.487513455477628,16,8,False,False,False
EXP-T141,shadow,3,101,0.0001,1.0000000000000002e-06,25,175,0.46862091762678965,0.42464040068443865,3.612255674419981,9.652393605146844e-05,3.487513455477628,16,9,False,False,False
EXP-T141,shadow,3,101,0.0001,1.0000000000000002e-06,26,182,0.41863618199048297,0.425232174495856,3.5866680723248106,9.623203685930869e-05,3.487513455477628,16,10,False,False,False
EXP-T141,shadow,3,101,0.0001,1.0000000000000002e-06,27,189,0.4063918206291938,0.4302072109033664,3.617679249156605,9.592885397135707e-05,3.487513455477628,16,11,False,False,False
EXP-T141,shadow,3,101,0.0001,1.0000000000000002e-06,28,196,0.3620246079351221,0.4401409775018692,3.608773896188447,9.561446219345454e-05,3.487513455477628,16,12,False,False,False
EXP-T141,shadow,3,101,0.0001,1.0000000000000002e-06,29,203,0.41423551951135906,0.48763491213321686,3.5833333333333335,9.528893909706797e-05,3.487513455477628,16,13,False,False,False
EXP-T141,shadow,3,101,0.0001,1.0000000000000002e-06,30,210,0.4201591908931732,0.45793686093141633,3.821465000961766,9.495236500015047e-05,3.487513455477628,16,14,False,False,False
EXP-T141,shadow,3,101,0.0001,1.0000000000000002e-06,31,217,0.4290493332913944,0.47392972285645857,3.9773418542110557,9.460482294732421e-05,3.487513455477628,16,15,False,False,False
EXP-T141,shadow,3,101,0.0001,1.0000000000000002e-06,32,224,0.35732260452849524,0.47837818662325543,3.639151602080374,9.424639868939033e-05,3.487513455477628,16,16,False,False,False
EXP-T141,shadow,3,101,0.0001,1.0000000000000002e-06,33,231,0.48958667687007357,0.46308430284261703,3.674769083658854,9.387718066217124e-05,3.487513455477628,16,17,False,False,False
EXP-T141,shadow,3,101,0.0001,1.0000000000000002e-06,34,238,0.5453174923147474,0.4606987585624059,3.798885692249645,9.349725996469047e-05,3.487513455477628,16,18,False,False,False
EXP-T141,shadow,3,101,0.0001,1.0000000000000002e-06,35,245,0.5004102119377681,0.4683287926018238,3.8416859019886362,9.310673033669521e-05,3.487513455477628,16,19,False,False,False
EXP-T141,shadow,3,101,0.0001,1.0000000000000002e-06,36,252,0.3508975143943514,0.4832250674565633,3.8347001509232954,9.270568813552756e-05,3.487513455477628,16,20,False,False,False
EXP-T141,shadow,3,101,0.0001,1.0000000000000002e-06,37,259,0.412590218441827,0.49085742483536404,3.84885868881688,9.229423231234974e-05,3.487513455477628,16,21,False,False,False
EXP-T141,shadow,3,101,0.0001,1.0000000000000002e-06,38,266,0.3538654015532562,0.4950384696324666,3.9852454445578833,9.187246438772939e-05,3.487513455477628,16,22,False,False,False
EXP-T141,shadow,3,101,0.0001,1.0000000000000002e-06,39,273,0.3673546016216278,0.5294626504182816,3.843027519457268,9.14404884265908e-05,3.487513455477628,16,23,False,False,False
EXP-T141,shadow,3,101,0.0001,1.0000000000000002e-06,40,280,0.4689302614756993,0.5191864669322968,3.8481123953154595,9.099841101253866e-05,3.487513455477628,16,24,False,False,False
EXP-T141,shadow,3,101,0.0001,1.0000000000000002e-06,41,287,0.3491207866796425,0.49617994918177527,4.078348795572917,9.05463412215599e-05,3.487513455477628,16,25,False,False,False
EXP-T141,shadow,3,101,0.0001,1.0000000000000002e-06,42,294,0.39147867475237164,0.48556717423101264,3.96530498157848,9.0084390595111e-05,3.487513455477628,16,26,False,False,False
EXP-T141,shadow,3,101,0.0001,1.0000000000000002e-06,43,301,0.4737175192151751,0.4881579826275508,3.8735263708866006,8.961267311259666e-05,3.487513455477628,16,27,False,False,False
EXP-T141,shadow,3,101,0.0001,1.0000000000000002e-06,44,308,0.34173277233328136,0.5065628488858541,3.9091373790394175,8.913130516324733e-05,3.487513455477628,16,28,False,False,False
EXP-T141,shadow,3,101,0.0001,1.0000000000000002e-06,45,315,0.4108092359134129,0.5252749522527059,3.9452008334073154,8.864040551740158e-05,3.487513455477628,16,29,False,False,False
EXP-T141,shadow,3,101,0.0001,1.0000000000000002e-06,46,322,0.3242860601416656,0.5345542828241984,3.919911008892637,8.814009529720155e-05,3.487513455477628,16,30,False,True,False
EXP-T141,shadow,3,101,0.001,1e-05,1,7,0.5935034581593105,0.4372270293533802,3.6288225578539297,0.001,3.6288225578539297,1,0,True,False,False
EXP-T141,shadow,3,101,0.001,1e-05,2,14,0.6581993017877851,0.43545930956800777,3.559309063535748,0.000999938933078422,3.559309063535748,2,0,True,False,False
EXP-T141,shadow,3,101,0.001,1e-05,3,21,0.5709217148167747,0.49685830374558765,3.846171754779238,0.0009997557473810372,3.559309063535748,2,1,False,False,False
EXP-T141,shadow,3,101,0.001,1e-05,4,28,0.5966953762939998,0.5348349809646606,3.861208135431463,0.0009994504881061753,3.559309063535748,2,2,False,False,False
EXP-T141,shadow,3,101,0.001,1e-05,5,35,0.6208829496588025,0.5668972134590149,3.9730226921312735,0.0009990232305719944,3.559309063535748,2,3,False,False,False
EXP-T141,shadow,3,101,0.001,1e-05,6,42,0.5092940373080117,0.5606794108947118,4.058230313387784,0.0009984740801978985,3.559309063535748,2,4,False,False,False
EXP-T141,shadow,3,101,0.001,1e-05,7,49,0.44987690235887257,0.451260291505605,3.784027793190696,0.0009978031724785245,3.559309063535748,2,5,False,False,False
EXP-T141,shadow,3,101,0.001,1e-05,8,56,0.43184758935655865,0.638303796450297,4.030857664166075,0.000997010672950314,3.559309063535748,2,6,False,False,False
EXP-T141,shadow,3,101,0.001,1e-05,9,63,0.587703423840659,0.4932516848978897,4.049771395596591,0.0009960967771506667,3.559309063535748,2,7,False,False,False
EXP-T141,shadow,3,101,0.001,1e-05,10,70,0.4141164038862501,0.5724998265504837,4.306283661813447,0.000995061710569696,3.559309063535748,2,8,False,False,False
EXP-T141,shadow,3,101,0.001,1e-05,11,77,0.3944042612399374,0.533168758576115,4.278185757723722,0.0009939057285945933,3.559309063535748,2,9,False,False,False
EXP-T141,shadow,3,101,0.001,1e-05,12,84,0.3781581812238853,0.5064545472462972,3.740506952459162,0.000992629116446613,3.559309063535748,2,10,False,False,False
EXP-T141,shadow,3,101,0.001,1e-05,13,91,0.47494534509522573,0.6550214489301046,4.45952236291134,0.000991232189110701,3.559309063535748,2,11,False,False,False
EXP-T141,shadow,3,101,0.001,1e-05,14,98,0.45965715817042757,0.5130543678533286,4.202310504335346,0.0009897152912577741,3.559309063535748,2,12,False,False,False
EXP-T141,shadow,3,101,0.001,1e-05,15,105,0.3374444267579487,0.5141825377941132,3.857434128270005,0.00098807879715968,3.559309063535748,2,13,False,False,False
EXP-T141,shadow,3,101,0.001,1e-05,16,112,0.34757591251816067,0.5040326863527298,3.7931375214547822,0.00098632311059685,3.559309063535748,2,14,False,False,False
EXP-T141,shadow,3,101,0.001,1e-05,17,119,0.3226316145488194,0.4961788318275164,4.111764618844697,0.0009844486647586723,3.559309063535748,2,15,False,False,False
EXP-T141,shadow,3,101,0.001,1e-05,18,126,0.30719379442078726,0.5726369818051656,3.8154377792820786,0.00098245592213661,3.559309063535748,2,16,False,False,False
EXP-T141,shadow,3,101,0.001,1e-05,19,133,0.29181347667638746,0.6835982402165731,3.9485124530214253,0.0009803453744100868,3.559309063535748,2,17,False,False,False
EXP-T141,shadow,3,101,0.001,1e-05,20,140,0.2811029441654682,0.5381184589738647,4.323347149473248,0.0009781175423251734,3.559309063535748,2,18,False,False,False
EXP-T141,shadow,3,101,0.001,1e-05,21,147,0.2985564874751227,0.5241035123666128,3.8036942915482954,0.0009757729755661011,3.559309063535748,2,19,False,False,False
EXP-T141,shadow,3,101,0.001,1e-05,22,154,0.2827577314206532,0.6571451822916666,4.0428244850852275,0.0009733122526196349,3.559309063535748,2,20,False,False,False
EXP-T141,shadow,3,101,0.001,1e-05,23,161,0.29717369666988297,0.5066677356759707,3.9391155820904356,0.0009707359806323416,3.559309063535748,2,21,False,False,False
EXP-T141,shadow,3,101,0.001,1e-05,24,168,0.30759015306830406,0.46815773223837215,3.8782857259114585,0.0009680447952607845,3.559309063535748,2,22,False,False,False
EXP-T141,shadow,3,101,0.001,1e-05,25,175,0.26991354141916546,0.603769322236379,4.2015822439482715,0.0009652393605146844,3.559309063535748,2,23,False,False,False
EXP-T141,shadow,3,101,0.001,1e-05,26,182,0.30135352483817507,0.5035000989834467,3.9650837291370737,0.000962320368593087,3.559309063535748,2,24,False,False,False
EXP-T141,shadow,3,101,0.001,1e-05,27,189,0.32495763897895813,0.5427404443422953,3.6237462361653647,0.0009592885397135706,3.559309063535748,2,25,False,False,False
EXP-T141,shadow,3,101,0.001,1e-05,28,196,0.41537969027246746,0.4602817992369334,3.7128647312973486,0.0009561446219345453,3.559309063535748,2,26,False,False,False
EXP-T141,shadow,3,101,0.001,1e-05,29,203,0.2738274314573833,0.5989912357181311,4.747179435961174,0.0009528893909706797,3.559309063535748,2,27,False,False,False
EXP-T141,shadow,3,101,0.001,1e-05,30,210,0.3264948789562498,0.6301901936531067,3.816885977080374,0.0009495236500015047,3.559309063535748,2,28,False,False,False
EXP-T141,shadow,3,101,0.001,1e-05,31,217,0.3288800226790564,0.47170940569291514,3.9343842015121924,0.0009460482294732421,3.559309063535748,2,29,False,False,False
EXP-T141,shadow,3,101,0.001,1e-05,32,224,0.3088705933519772,0.5771672228972117,4.19470839066939,0.0009424639868939033,3.559309063535748,2,30,False,True,False
EXP-T141,shadow,3,101,0.01,0.0001,1,7,4.306818791798183,2.0951677163441977,10.135327194676254,0.01,10.135327194676254,1,0,True,False,False
EXP-T141,shadow,3,101,0.01,0.0001,2,14,6.214225394385202,13.909063339233398,62.02325092662465,0.00999938933078422,10.135327194676254,1,1,False,False,False
EXP-T141,shadow,3,101,0.01,0.0001,3,21,7.467131274087088,6.788942019144694,31.117545156767875,0.009997557473810372,10.135327194676254,1,2,False,False,False
EXP-T141,shadow,3,101,0.01,0.0001,4,28,2.477478290242808,6.2045901616414385,26.773515412301727,0.009994504881061753,10.135327194676254,1,3,False,False,False
EXP-T141,shadow,3,101,0.01,0.0001,5,35,2.292177711214338,1.7443408171335857,7.60979785341205,0.009990232305719944,7.60979785341205,5,0,True,False,False
EXP-T141,shadow,3,101,0.01,0.0001,6,42,1.675622514316014,0.512371708949407,3.7403469663677793,0.009984740801978984,3.7403469663677793,6,0,True,False,False
EXP-T141,shadow,3,101,0.01,0.0001,7,49,0.69034854948833,0.4615879108508428,3.601303331779711,0.009978031724785246,3.601303331779711,7,0,True,False,False
EXP-T141,shadow,3,101,0.01,0.0001,8,56,0.9589666511331286,2.0371059576670327,9.906976757627545,0.00997010672950314,3.601303331779711,7,1,False,False,False
EXP-T141,shadow,3,101,0.01,0.0001,9,63,2.1606397458485196,0.438155208947137,3.657439491965554,0.009960967771506667,3.601303331779711,7,2,False,False,False
EXP-T141,shadow,3,101,0.01,0.0001,10,70,0.9927992480141776,0.49065418851872283,3.978433782404119,0.00995061710569696,3.601303331779711,7,3,False,False,False
EXP-T141,shadow,3,101,0.01,0.0001,11,77,0.776948264666966,0.6839562058448792,4.2692873405687735,0.009939057285945933,3.601303331779711,7,4,False,False,False
EXP-T141,shadow,3,101,0.01,0.0001,12,84,0.5121703602905784,0.4386502876877785,3.566079804391572,0.00992629116446613,3.566079804391572,12,0,True,False,False
EXP-T141,shadow,3,101,0.01,0.0001,13,91,0.6172534993716648,0.4368799055616061,3.5623101899118135,0.00991232189110701,3.5623101899118135,13,0,True,False,False
EXP-T141,shadow,3,101,0.01,0.0001,14,98,0.5473526482071195,0.4330910034477711,3.558151013923414,0.00989715291257774,3.558151013923414,14,0,True,False,False
EXP-T141,shadow,3,101,0.01,0.0001,15,105,0.4934973365494183,0.42870162675778073,3.553681113503196,0.0098807879715968,3.553681113503196,15,0,True,False,False
EXP-T141,shadow,3,101,0.01,0.0001,16,112,0.5401974150112697,0.4262932861844699,3.550254128196023,0.0098632311059685,3.550254128196023,16,0,True,False,False
EXP-T141,shadow,3,101,0.01,0.0001,17,119,0.65913068822452,0.4247910852233569,3.5470585678562974,0.009844486647586723,3.5470585678562974,17,0,True,False,False
EXP-T141,shadow,3,101,0.01,0.0001,18,126,0.5326814851058381,0.8003759781519572,4.608798402728456,0.0098245592213661,3.5470585678562974,17,1,False,False,False
EXP-T141,shadow,3,101,0.01,0.0001,19,133,4.3670262438910346,4.2581413586934405,19.564984292695016,0.009803453744100868,3.5470585678562974,17,2,False,False,False
EXP-T141,shadow,3,101,0.01,0.0001,20,140,3.4264157840183804,3.27561354637146,15.364670608982895,0.009781175423251734,3.5470585678562974,17,3,False,False,False
EXP-T141,shadow,3,101,0.01,0.0001,21,147,2.67796151978629,0.6500844558080038,4.506823684229995,0.009757729755661011,3.5470585678562974,17,4,False,False,False
EXP-T141,shadow,3,101,0.01,0.0001,22,154,1.2018444165587425,0.7856608033180237,4.5453814882220644,0.009733122526196349,3.5470585678562974,17,5,False,False,False
EXP-T141,shadow,3,101,0.01,0.0001,23,161,0.8203973174095154,0.4267860321948926,3.551060994466146,0.009707359806323416,3.5470585678562974,17,6,False,False,False
EXP-T141,shadow,3,101,0.01,0.0001,24,168,0.5412068707602364,0.42923134565353394,3.554307879823627,0.009680447952607845,3.5470585678562974,17,7,False,False,False
EXP-T141,shadow,3,101,0.01,0.0001,25,175,0.5671968800680978,0.43359342714150745,3.558584502249053,0.009652393605146845,3.5470585678562974,17,8,False,False,False
EXP-T141,shadow,3,101,0.01,0.0001,26,182,0.49064263901008026,0.4387785444657008,3.566344058874882,0.00962320368593087,3.5470585678562974,17,9,False,False,False
EXP-T141,shadow,3,101,0.01,0.0001,27,189,0.49651287496089935,0.44303236653407413,3.5745241569750235,0.009592885397135707,3.5470585678562974,17,10,False,False,False
EXP-T141,shadow,3,101,0.01,0.0001,28,196,0.5571828654834202,0.4449297289053599,3.5778741547555635,0.009561446219345454,3.5470585678562974,17,11,False,False,False
EXP-T141,shadow,3,101,0.01,0.0001,29,203,0.5309628077915737,0.44152774413426715,3.5717470573656485,0.009528893909706798,3.5470585678562974,17,12,False,False,False
EXP-T141,shadow,3,101,0.01,0.0001,30,210,0.49656826310924124,0.44106220702330273,3.570864128343987,0.009495236500015047,3.5470585678562974,17,13,False,False,False
EXP-T141,shadow,3,101,0.01,0.0001,31,217,0.4994694377694811,0.4412337889273961,3.5711908051461885,0.00946048229473242,3.5470585678562974,17,14,False,False,False
EXP-T141,shadow,3,101,0.01,0.0001,32,224,0.5084627185549054,0.4393630114694436,3.5675321636777935,0.009424639868939034,3.5470585678562974,17,15,False,False,False
EXP-T141,shadow,3,101,0.01,0.0001,33,231,0.6115887888840267,0.4356190500160058,3.5602252844608193,0.009387718066217124,3.5470585678562974,17,16,False,False,False
EXP-T141,shadow,3,101,0.01,0.0001,34,238,0.49260902112083776,0.43189961711565655,3.5570720325816763,0.009349725996469048,3.5470585678562974,17,17,False,False,False
EXP-T141,shadow,3,101,0.01,0.0001,35,245,0.554134664790971,0.4310791976749897,3.5562804251006157,0.00931067303366952,3.5470585678562974,17,18,False,False,False
EXP-T141,shadow,3,101,0.01,0.0001,36,252,0.5457997151783535,0.4322119702895482,3.557362411961411,0.009270568813552756,3.5470585678562974,17,19,False,False,False
EXP-T141,shadow,3,101,0.01,0.0001,37,259,0.6768335359437125,0.43182866151134175,3.5570052175810845,0.009229423231234974,3.5470585678562974,17,20,False,False,False
EXP-T141,shadow,3,101,0.01,0.0001,38,266,0.4922880054052387,0.4337836541235447,3.558745644309304,0.009187246438772938,3.5470585678562974,17,21,False,False,False
EXP-T141,shadow,3,101,0.01,0.0001,39,273,0.5792586846011025,0.4346223324537277,3.559437607273911,0.009144048842659082,3.5470585678562974,17,22,False,False,False
EXP-T141,shadow,3,101,0.01,0.0001,40,280,0.49279769430203096,0.43253128975629807,3.5576537161162407,0.009099841101253866,3.5470585678562974,17,23,False,False,False
EXP-T141,shadow,3,101,0.01,0.0001,41,287,0.5617248117923737,0.43216219420234364,3.5573166355942236,0.00905463412215599,3.5470585678562974,17,24,False,False,False
EXP-T141,shadow,3,101,0.01,0.0001,42,294,0.5544125182288033,0.43063026914993924,3.555827285304214,0.0090084390595111,3.5470585678562974,17,25,False,False,False
EXP-T141,shadow,3,101,0.01,0.0001,43,301,0.6845074679170337,0.4313553360601266,3.556551846590909,0.008961267311259666,3.5470585678562974,17,26,False,False,False
EXP-T141,shadow,3,101,0.01,0.0001,44,308,0.509781728897776,0.4304959923028946,3.555688800233783,0.008913130516324731,3.5470585678562974,17,27,False,False,False
EXP-T141,shadow,3,101,0.01,0.0001,45,315,0.5533094831875393,0.4317868600289027,3.556965683445786,0.008864040551740157,3.5470585678562974,17,28,False,False,False
EXP-T141,shadow,3,101,0.01,0.0001,46,322,0.5169553990874972,0.4339227117598057,3.5588623971650093,0.008814009529720154,3.5470585678562974,17,29,False,False,False
EXP-T141,shadow,3,101,0.01,0.0001,47,329,0.5162309663636344,0.43271131813526154,3.557815320564039,0.008763049794670776,3.5470585678562974,17,30,False,True,False
EXP-T141,shadow,4,101,1e-05,1.0000000000000001e-07,1,7,0.4826926106470637,0.5624894201755524,3.4026734828948975,1e-05,3.4026734828948975,1,0,True,False,False
EXP-T141,shadow,4,101,1e-05,1.0000000000000001e-07,2,14,0.5295780301094055,0.5604475289583206,3.402276039123535,9.99938933078422e-06,3.402276039123535,2,0,True,False,False
EXP-T141,shadow,4,101,1e-05,1.0000000000000001e-07,3,21,0.6289233182157788,0.5587061941623688,3.4024336338043213,9.997557473810373e-06,3.402276039123535,2,1,False,False,False
EXP-T141,shadow,4,101,1e-05,1.0000000000000001e-07,4,28,0.48946349429232733,0.5565275996923447,3.402600049972534,9.994504881061752e-06,3.402276039123535,2,2,False,False,False
EXP-T141,shadow,4,101,1e-05,1.0000000000000001e-07,5,35,0.5119113368647439,0.555232435464859,3.4026172161102295,9.990232305719944e-06,3.402276039123535,2,3,False,False,False
EXP-T141,shadow,4,101,1e-05,1.0000000000000001e-07,6,42,0.5108279607125691,0.5544339716434479,3.4025521278381348,9.984740801978984e-06,3.402276039123535,2,4,False,False,False
EXP-T141,shadow,4,101,1e-05,1.0000000000000001e-07,7,49,0.5506076557295663,0.5539242923259735,3.402521848678589,9.978031724785247e-06,3.402276039123535,2,5,False,False,False
EXP-T141,shadow,4,101,1e-05,1.0000000000000001e-07,8,56,0.49569578734891756,0.5537250339984894,3.402482509613037,9.97010672950314e-06,3.402276039123535,2,6,False,False,False
EXP-T141,shadow,4,101,1e-05,1.0000000000000001e-07,9,63,0.5652268188340324,0.5536055713891983,3.4024269580841064,9.960967771506666e-06,3.402276039123535,2,7,False,False,False
EXP-T141,shadow,4,101,1e-05,1.0000000000000001e-07,10,70,0.5142396305288587,0.5535364747047424,3.4022915363311768,9.950617105696961e-06,3.402276039123535,2,8,False,False,False
EXP-T141,shadow,4,101,1e-05,1.0000000000000001e-07,11,77,0.49659556789057596,0.5534670799970627,3.4021270275115967,9.939057285945933e-06,3.4021270275115967,11,0,True,False,False
EXP-T141,shadow,4,101,1e-05,1.0000000000000001e-07,12,84,0.5385130792856216,0.5534728467464447,3.4020285606384277,9.926291164466131e-06,3.4020285606384277,12,0,True,False,False
EXP-T141,shadow,4,101,1e-05,1.0000000000000001e-07,13,91,0.48974879644811153,0.5534307509660721,3.401945114135742,9.91232189110701e-06,3.401945114135742,13,0,True,False,False
EXP-T141,shadow,4,101,1e-05,1.0000000000000001e-07,14,98,0.4991979870413031,0.5534905791282654,3.401817560195923,9.897152912577742e-06,3.401817560195923,14,0,True,False,False
EXP-T141,shadow,4,101,1e-05,1.0000000000000001e-07,15,105,0.7347269781998226,0.5533899664878845,3.401641607284546,9.8807879715968e-06,3.401641607284546,15,0,True,False,False
EXP-T141,shadow,4,101,1e-05,1.0000000000000001e-07,16,112,0.749424798148019,0.5533813387155533,3.401430606842041,9.8632311059685e-06,3.401430606842041,16,0,True,False,False
EXP-T141,shadow,4,101,1e-05,1.0000000000000001e-07,17,119,0.6264093220233917,0.5533763915300369,3.4012069702148438,9.844486647586724e-06,3.4012069702148438,17,0,True,False,False
EXP-T141,shadow,4,101,1e-05,1.0000000000000001e-07,18,126,0.5911504541124616,0.5534806698560715,3.401010751724243,9.824559221366101e-06,3.401010751724243,18,0,True,False,False
EXP-T141,shadow,4,101,1e-05,1.0000000000000001e-07,19,133,0.5040630953652518,0.5535116344690323,3.4010772705078125,9.803453744100868e-06,3.401010751724243,18,1,False,False,False
EXP-T141,shadow,4,101,1e-05,1.0000000000000001e-07,20,140,0.540621395621981,0.5532228052616119,3.401162624359131,9.781175423251734e-06,3.401010751724243,18,2,False,False,False
EXP-T141,shadow,4,101,1e-05,1.0000000000000001e-07,21,147,0.6305796589170184,0.553079292178154,3.4012675285339355,9.757729755661012e-06,3.401010751724243,18,3,False,False,False
EXP-T141,shadow,4,101,1e-05,1.0000000000000001e-07,22,154,0.7040803858212062,0.5531312376260757,3.4011173248291016,9.73312252619635e-06,3.401010751724243,18,4,False,False,False
EXP-T141,shadow,4,101,1e-05,1.0000000000000001e-07,23,161,0.6225541659763881,0.5530253946781158,3.4011614322662354,9.707359806323418e-06,3.401010751724243,18,5,False,False,False
EXP-T141,shadow,4,101,1e-05,1.0000000000000001e-07,24,168,0.5083010515996388,0.5531096756458282,3.401158332824707,9.680447952607845e-06,3.401010751724243,18,6,False,False,False
EXP-T141,shadow,4,101,1e-05,1.0000000000000001e-07,25,175,0.5110301822423935,0.5532007366418839,3.401210308074951,9.652393605146845e-06,3.401010751724243,18,7,False,False,False
EXP-T141,shadow,4,101,1e-05,1.0000000000000001e-07,26,182,0.49927227362474824,0.5534520745277405,3.401174306869507,9.62320368593087e-06,3.401010751724243,18,8,False,False,False
EXP-T141,shadow,4,101,1e-05,1.0000000000000001e-07,27,189,0.502919254558427,0.5532195419073105,3.4011733531951904,9.592885397135707e-06,3.401010751724243,18,9,False,False,False
EXP-T141,shadow,4,101,1e-05,1.0000000000000001e-07,28,196,0.4791610534968121,0.552903801202774,3.401205539703369,9.561446219345455e-06,3.401010751724243,18,10,False,False,False
EXP-T141,shadow,4,101,1e-05,1.0000000000000001e-07,29,203,0.5059318542480469,0.5528708845376968,3.401155710220337,9.528893909706798e-06,3.401010751724243,18,11,False,False,False
EXP-T141,shadow,4,101,1e-05,1.0000000000000001e-07,30,210,0.49553168405379566,0.5528028607368469,3.4011099338531494,9.495236500015048e-06,3.401010751724243,18,12,False,False,False
EXP-T141,shadow,4,101,1e-05,1.0000000000000001e-07,31,217,0.5242474504879543,0.5526409894227982,3.4012632369995117,9.460482294732422e-06,3.401010751724243,18,13,False,False,False
EXP-T141,shadow,4,101,1e-05,1.0000000000000001e-07,32,224,0.5537865374769483,0.5525987446308136,3.4012467861175537,9.424639868939035e-06,3.401010751724243,18,14,False,False,False
EXP-T141,shadow,4,101,1e-05,1.0000000000000001e-07,33,231,0.4945730391357626,0.5524850487709045,3.4012694358825684,9.387718066217125e-06,3.401010751724243,18,15,False,False,False
EXP-T141,shadow,4,101,1e-05,1.0000000000000001e-07,34,238,0.6647416821547917,0.5524622797966003,3.401315689086914,9.349725996469047e-06,3.401010751724243,18,16,False,False,False
EXP-T141,shadow,4,101,1e-05,1.0000000000000001e-07,35,245,0.5441501566341945,0.5525245666503906,3.401378631591797,9.310673033669522e-06,3.401010751724243,18,17,False,False,False
EXP-T141,shadow,4,101,1e-05,1.0000000000000001e-07,36,252,0.5970166793891362,0.5525637716054916,3.401355266571045,9.270568813552757e-06,3.401010751724243,18,18,False,False,False
EXP-T141,shadow,4,101,1e-05,1.0000000000000001e-07,37,259,0.600810455424445,0.5523565709590912,3.4011738300323486,9.229423231234975e-06,3.401010751724243,18,19,False,False,False
EXP-T141,shadow,4,101,1e-05,1.0000000000000001e-07,38,266,0.7364836122308459,0.5522373914718628,3.4009242057800293,9.18724643877294e-06,3.4009242057800293,38,0,True,False,False
EXP-T141,shadow,4,101,1e-05,1.0000000000000001e-07,39,273,0.604181387594768,0.5520704388618469,3.400822877883911,9.144048842659081e-06,3.400822877883911,39,0,True,False,False
EXP-T141,shadow,4,101,1e-05,1.0000000000000001e-07,40,280,0.6673722863197327,0.5519562512636185,3.4006826877593994,9.099841101253867e-06,3.4006826877593994,40,0,True,False,False
EXP-T141,shadow,4,101,1e-05,1.0000000000000001e-07,41,287,0.49727937765419483,0.5519140958786011,3.4004738330841064,9.054634122155991e-06,3.4004738330841064,41,0,True,False,False
EXP-T141,shadow,4,101,1e-05,1.0000000000000001e-07,42,294,0.5592403071267265,0.5518631041049957,3.400437831878662,9.0084390595111e-06,3.400437831878662,42,0,True,False,False
EXP-T141,shadow,4,101,1e-05,1.0000000000000001e-07,43,301,0.497979468532971,0.5517862439155579,3.400414228439331,8.961267311259668e-06,3.400414228439331,43,0,True,False,False
EXP-T141,shadow,4,101,1e-05,1.0000000000000001e-07,44,308,0.5188729912042618,0.5517577528953552,3.4004485607147217,8.913130516324733e-06,3.400414228439331,43,1,False,False,False
EXP-T141,shadow,4,101,1e-05,1.0000000000000001e-07,45,315,0.5306211624826703,0.5516901612281799,3.4003007411956787,8.864040551740158e-06,3.4003007411956787,45,0,True,False,False
EXP-T141,shadow,4,101,1e-05,1.0000000000000001e-07,46,322,0.7460988930293492,0.5516370236873627,3.400225877761841,8.814009529720155e-06,3.400225877761841,46,0,True,False,False
EXP-T141,shadow,4,101,1e-05,1.0000000000000001e-07,47,329,0.6885003404957908,0.5515759140253067,3.400074005126953,8.763049794670776e-06,3.400074005126953,47,0,True,False,False
EXP-T141,shadow,4,101,1e-05,1.0000000000000001e-07,48,336,0.5776987544127873,0.5514549612998962,3.399770736694336,8.711173920144118e-06,3.399770736694336,48,0,True,False,False
EXP-T141,shadow,4,101,1e-05,1.0000000000000001e-07,49,343,0.4965904291187014,0.5513663738965988,3.399411916732788,8.658394705735988e-06,3.399411916732788,49,0,True,False,False
EXP-T141,shadow,4,101,1e-05,1.0000000000000001e-07,50,350,0.4846642861375585,0.5512904971837997,3.399071216583252,8.604725173927786e-06,3.399071216583252,50,0,True,False,False
EXP-T141,shadow,4,101,1e-05,1.0000000000000001e-07,51,357,0.7526516318321228,0.5512899160385132,3.3989856243133545,8.550178566873412e-06,3.3989856243133545,51,0,True,False,False
EXP-T141,shadow,4,101,1e-05,1.0000000000000001e-07,52,364,0.5028551635997636,0.5512832999229431,3.398979902267456,8.494768343131955e-06,3.398979902267456,52,0,True,False,False
EXP-T141,shadow,4,101,1e-05,1.0000000000000001e-07,53,371,0.7375833988189697,0.5512527227401733,3.3988022804260254,8.43850817434701e-06,3.3988022804260254,53,0,True,False,False
EXP-T141,shadow,4,101,1e-05,1.0000000000000001e-07,54,378,0.4798316609646593,0.5512812435626984,3.398696184158325,8.381411941873379e-06,3.398696184158325,54,0,True,False,False
EXP-T141,shadow,4,101,1e-05,1.0000000000000001e-07,55,385,0.49364348500967026,0.5511707812547684,3.398566961288452,8.323493733352078e-06,3.398566961288452,55,0,True,False,False
EXP-T141,shadow,4,101,1e-05,1.0000000000000001e-07,56,392,0.48509320457066807,0.5510757118463516,3.398336887359619,8.26476783923441e-06,3.398336887359619,56,0,True,False,False
EXP-T141,shadow,4,101,1e-05,1.0000000000000001e-07,57,399,0.5438465816634042,0.5509346425533295,3.3982043266296387,8.205248749256014e-06,3.3982043266296387,57,0,True,False,False
EXP-T141,shadow,4,101,1e-05,1.0000000000000001e-07,58,406,0.5476504010813577,0.5508047938346863,3.3981435298919678,8.144951148861743e-06,3.3981435298919678,58,0,True,False,False
EXP-T141,shadow,4,101,1e-05,1.0000000000000001e-07,59,413,0.4885097678218569,0.5507130920886993,3.3979856967926025,8.083889915582235e-06,3.3979856967926025,59,0,True,False,False
EXP-T141,shadow,4,101,1e-05,1.0000000000000001e-07,60,420,0.6139610878058842,0.550692543387413,3.398301362991333,8.022080115363127e-06,3.3979856967926025,59,1,False,False,False
EXP-T141,shadow,4,101,1e-05,1.0000000000000001e-07,61,427,0.6289665358407157,0.5506788939237595,3.398465633392334,7.959536998847744e-06,3.3979856967926025,59,2,False,False,False
EXP-T141,shadow,4,101,1e-05,1.0000000000000001e-07,62,434,0.6171382239886692,0.5506564825773239,3.39846134185791,7.89627599761423e-06,3.3979856967926025,59,3,False,False,False
EXP-T141,shadow,4,101,1e-05,1.0000000000000001e-07,63,441,0.4819686013673033,0.5506015717983246,3.3983852863311768,7.832312720368048e-06,3.3979856967926025,59,4,False,False,False
EXP-T141,shadow,4,101,1e-05,1.0000000000000001e-07,64,448,0.5460804445402963,0.5506271719932556,3.398437261581421,7.767662949090754e-06,3.3979856967926025,59,5,False,False,False
EXP-T141,shadow,4,101,1e-05,1.0000000000000001e-07,65,455,0.5362406479460853,0.5507089346647263,3.3985440731048584,7.702342635146033e-06,3.3979856967926025,59,6,False,False,False
EXP-T141,shadow,4,101,1e-05,1.0000000000000001e-07,66,462,0.47964428045919966,0.5508719980716705,3.3987791538238525,7.636367895343947e-06,3.3979856967926025,59,7,False,False,False
EXP-T141,shadow,4,101,1e-05,1.0000000000000001e-07,67,469,0.7238493646894183,0.550956517457962,3.3990001678466797,7.5697550079643376e-06,3.3979856967926025,59,8,False,False,False
EXP-T141,shadow,4,101,1e-05,1.0000000000000001e-07,68,476,0.5668713854891914,0.5511691272258759,3.3989052772521973,7.502520408740418e-06,3.3979856967926025,59,9,False,False,False
EXP-T141,shadow,4,101,1e-05,1.0000000000000001e-07,69,483,0.4648121592721769,0.5511661618947983,3.3985931873321533,7.43468068680349e-06,3.3979856967926025,59,10,False,False,False
EXP-T141,shadow,4,101,1e-05,1.0000000000000001e-07,70,490,0.5283959678241185,0.5512471795082092,3.398513078689575,7.366252580589839e-06,3.3979856967926025,59,11,False,False,False
EXP-T141,shadow,4,101,1e-05,1.0000000000000001e-07,71,497,0.4925514514824109,0.5511281490325928,3.398336410522461,7.297252973710756e-06,3.3979856967926025,59,12,False,False,False
EXP-T141,shadow,4,101,1e-05,1.0000000000000001e-07,72,504,0.4745755604859109,0.5508763492107391,3.397963285446167,7.227698890786779e-06,3.397963285446167,72,0,True,False,False
EXP-T141,shadow,4,101,1e-05,1.0000000000000001e-07,73,511,0.4769744843059535,0.5506219863891602,3.3977155685424805,7.15760749324711e-06,3.3977155685424805,73,0,True,False,False
EXP-T141,shadow,4,101,1e-05,1.0000000000000001e-07,74,518,0.7156668731144497,0.550312340259552,3.3974571228027344,7.086996075095289e-06,3.3974571228027344,74,0,True,False,False
EXP-T141,shadow,4,101,1e-05,1.0000000000000001e-07,75,525,0.7333981309618268,0.5500501990318298,3.39709210395813,7.015882058642164e-06,3.39709210395813,75,0,True,False,False
EXP-T141,shadow,4,101,1e-05,1.0000000000000001e-07,76,532,0.5341120532580784,0.5499587655067444,3.3970420360565186,6.9442829902071945e-06,3.3970420360565186,76,0,True,False,False
EXP-T141,shadow,4,101,1e-05,1.0000000000000001e-07,77,539,0.5111079471451896,0.5498629957437515,3.3970062732696533,6.8722165357891564e-06,3.3970062732696533,77,0,True,False,False
EXP-T141,shadow,4,101,1e-05,1.0000000000000001e-07,78,546,0.49012372217008043,0.5497506707906723,3.396942615509033,6.799700476707323e-06,3.396942615509033,78,0,True,False,False
EXP-T141,shadow,4,101,1e-05,1.0000000000000001e-07,79,553,0.48370747906821115,0.549701452255249,3.3969032764434814,6.726752705214193e-06,3.3969032764434814,79,0,True,False,False
EXP-T141,shadow,4,101,1e-05,1.0000000000000001e-07,80,560,0.5420239610331399,0.5496355891227722,3.3968095779418945,6.65339122008084e-06,3.3968095779418945,80,0,True,False,False
EXP-T141,shadow,4,101,1e-05,1.0000000000000001e-07,81,567,0.4832349778818233,0.5495407283306122,3.396563768386841,6.57963412215599e-06,3.396563768386841,81,0,True,False,False
EXP-T141,shadow,4,101,1e-05,1.0000000000000001e-07,82,574,0.4738787858680423,0.5494789481163025,3.3963334560394287,6.505499609899905e-06,3.3963334560394287,82,0,True,False,False
EXP-T141,shadow,4,101,1e-05,1.0000000000000001e-07,83,581,0.4952811875513622,0.5494576096534729,3.396246910095215,6.431005974894185e-06,3.396246910095215,83,0,True,False,False
EXP-T141,shadow,4,101,1e-05,1.0000000000000001e-07,84,588,0.5194315697465625,0.5493985265493393,3.3961734771728516,6.356171597328595e-06,3.3961734771728516,84,0,True,False,False
EXP-T141,shadow,4,101,1e-05,1.0000000000000001e-07,85,595,0.5181230051176888,0.549327164888382,3.39611554145813,6.28101494146603e-06,3.39611554145813,85,0,True,False,False
EXP-T141,shadow,4,101,1e-05,1.0000000000000001e-07,86,602,0.5547667060579572,0.549266129732132,3.3960728645324707,6.205554551086732e-06,3.3960728645324707,86,0,True,False,False
EXP-T141,shadow,4,101,1e-05,1.0000000000000001e-07,87,609,0.4967220627835819,0.5492428690195084,3.3960721492767334,6.129809044912887e-06,3.3960721492767334,87,0,True,False,False
EXP-T141,shadow,4,101,1e-05,1.0000000000000001e-07,88,616,0.48959694004484583,0.5492477118968964,3.396152973175049,6.053797112014738e-06,3.3960721492767334,87,1,False,False,False
EXP-T141,shadow,4,101,1e-05,1.0000000000000001e-07,89,623,0.5011733632002559,0.5492666661739349,3.3961899280548096,5.977537507199338e-06,3.3960721492767334,87,2,False,False,False
EXP-T141,shadow,4,101,1e-05,1.0000000000000001e-07,90,630,0.5359235533646175,0.5491962730884552,3.395981788635254,5.901049046383077e-06,3.395981788635254,90,0,True,False,False
EXP-T141,shadow,4,101,1e-05,1.0000000000000001e-07,91,637,0.53830686211586,0.5490922033786774,3.395709276199341,5.824350601949143e-06,3.395709276199341,91,0,True,False,False
EXP-T141,shadow,4,101,1e-05,1.0000000000000001e-07,92,644,0.5930271446704865,0.5490104556083679,3.3954732418060303,5.7474610980910354e-06,3.3954732418060303,92,0,True,False,False
EXP-T141,shadow,4,101,1e-05,1.0000000000000001e-07,93,651,0.5552916399070195,0.548933207988739,3.3952503204345703,5.6703995061433075e-06,3.3952503204345703,93,0,True,False,False
EXP-T141,shadow,4,101,1e-05,1.0000000000000001e-07,94,658,0.5908352902957371,0.5488445460796356,3.3949966430664062,5.5931848399006745e-06,3.3949966430664062,94,0,True,False,False
EXP-T141,shadow,4,101,1e-05,1.0000000000000001e-07,95,665,0.47229393252304624,0.5487888306379318,3.3948771953582764,5.515836150926646e-06,3.3948771953582764,95,0,True,False,False
EXP-T141,shadow,4,101,1e-05,1.0000000000000001e-07,96,672,0.4944354636328561,0.548701211810112,3.394665002822876,5.438372523852833e-06,3.394665002822876,96,0,True,False,False
EXP-T141,shadow,4,101,1e-05,1.0000000000000001e-07,97,679,0.8314408617360252,0.5486570596694946,3.3944900035858154,5.360813071670101e-06,3.3944900035858154,97,0,True,False,False
EXP-T141,shadow,4,101,1e-05,1.0000000000000001e-07,98,686,0.48033245945615427,0.5486527234315872,3.3943514823913574,5.283176931012731e-06,3.3943514823913574,98,0,True,False,False
EXP-T141,shadow,4,101,1e-05,1.0000000000000001e-07,99,693,0.8116104687963214,0.5486649870872498,3.3943045139312744,5.205483257436735e-06,3.3943045139312744,99,0,True,False,False
EXP-T141,shadow,4,101,1e-05,1.0000000000000001e-07,100,700,0.47852106212771367,0.5485537350177765,3.3941638469696045,5.127751220693512e-06,3.3941638469696045,100,0,True,False,False
EXP-T141,shadow,4,101,1e-05,1.0000000000000001e-07,101,707,0.6207919376237052,0.5485057532787323,3.394146203994751,5.05e-06,3.394146203994751,101,0,True,False,False
EXP-T141,shadow,4,101,1e-05,1.0000000000000001e-07,102,714,0.5079792780535561,0.5484753400087357,3.3940587043762207,4.972248779306488e-06,3.3940587043762207,102,0,True,False,False
EXP-T141,shadow,4,101,1e-05,1.0000000000000001e-07,103,721,0.49313150133405415,0.5483909845352173,3.393781900405884,4.8945167425632645e-06,3.393781900405884,103,0,True,False,False
EXP-T141,shadow,4,101,1e-05,1.0000000000000001e-07,104,728,0.477868997292327,0.5483865439891815,3.3934621810913086,4.816823068987269e-06,3.3934621810913086,104,0,True,False,False
EXP-T141,shadow,4,101,1e-05,1.0000000000000001e-07,105,735,0.684410844530378,0.5482118427753448,3.3931078910827637,4.7391869283298985e-06,3.3931078910827637,105,0,True,False,False
EXP-T141,shadow,4,101,1e-05,1.0000000000000001e-07,106,742,0.558881299836295,0.5480336248874664,3.392875909805298,4.661627476147168e-06,3.392875909805298,106,0,True,False,False
EXP-T141,shadow,4,101,1e-05,1.0000000000000001e-07,107,749,0.5065943087850299,0.5479353666305542,3.3926985263824463,4.584163849073354e-06,3.3926985263824463,107,0,True,False,False
EXP-T141,shadow,4,101,1e-05,1.0000000000000001e-07,108,756,0.5037695957081658,0.5479051917791367,3.3927760124206543,4.506815160099326e-06,3.3926985263824463,107,1,False,False,False
EXP-T141,shadow,4,101,1e-05,1.0000000000000001e-07,109,763,0.6162499019077846,0.5478619635105133,3.39267897605896,4.429600493856694e-06,3.39267897605896,109,0,True,False,False
EXP-T141,shadow,4,101,1e-05,1.0000000000000001e-07,110,770,0.5489810918058667,0.5478031039237976,3.392510414123535,4.352538901908967e-06,3.392510414123535,110,0,True,False,False
EXP-T141,shadow,4,101,1e-05,1.0000000000000001e-07,111,777,0.5299060642719269,0.5477956682443619,3.392521858215332,4.275649398050858e-06,3.392510414123535,110,1,False,False,False
EXP-T141,shadow,4,101,1e-05,1.0000000000000001e-07,112,784,0.6105642999921527,0.5477561056613922,3.3923847675323486,4.198950953616922e-06,3.3923847675323486,112,0,True,False,False
EXP-T141,shadow,4,101,1e-05,1.0000000000000001e-07,113,791,0.5172083739723478,0.5477601289749146,3.392380714416504,4.122462492800663e-06,3.392380714416504,113,0,True,False,False
EXP-T141,shadow,4,101,1e-05,1.0000000000000001e-07,114,798,0.5686795115470886,0.5477804839611053,3.3924076557159424,4.046202887985263e-06,3.392380714416504,113,1,False,False,False
EXP-T141,shadow,4,101,1e-05,1.0000000000000001e-07,115,805,0.5172175722462791,0.5477975904941559,3.3925535678863525,3.970190955087116e-06,3.392380714416504,113,2,False,False,False
EXP-T141,shadow,4,101,1e-05,1.0000000000000001e-07,116,812,0.4662433371080884,0.5477918982505798,3.392624855041504,3.894445448913268e-06,3.392380714416504,113,3,False,False,False
EXP-T141,shadow,4,101,1e-05,1.0000000000000001e-07,117,819,0.4734499736555985,0.5477343201637268,3.392470359802246,3.818985058533969e-06,3.392380714416504,113,4,False,False,False
EXP-T141,shadow,4,101,1e-05,1.0000000000000001e-07,118,826,0.6946635586874825,0.5476885437965393,3.3923757076263428,3.7438284026714044e-06,3.3923757076263428,118,0,True,False,False
EXP-T141,shadow,4,101,1e-05,1.0000000000000001e-07,119,833,0.7221346880708422,0.5476563423871994,3.3922433853149414,3.6689940251058153e-06,3.3922433853149414,119,0,True,False,False
EXP-T141,shadow,4,101,1e-05,1.0000000000000001e-07,120,840,0.5834984566484179,0.5476728081703186,3.3921871185302734,3.594500390100096e-06,3.3921871185302734,120,0,True,False,False
EXP-T141,shadow,4,101,1e-05,1.0000000000000001e-07,121,847,0.4997834286519459,0.5476205497980118,3.392106294631958,3.5203658778440116e-06,3.392106294631958,121,0,True,False,False
EXP-T141,shadow,4,101,1e-05,1.0000000000000001e-07,122,854,0.5733890788895744,0.5475175827741623,3.391875982284546,3.4466087799191603e-06,3.391875982284546,122,0,True,False,False
EXP-T141,shadow,4,101,1e-05,1.0000000000000001e-07,123,861,0.46932783337043865,0.547418475151062,3.3915822505950928,3.3732472947858077e-06,3.3915822505950928,123,0,True,False,False
EXP-T141,shadow,4,101,1e-05,1.0000000000000001e-07,124,868,0.49890942871570587,0.5473582148551941,3.3913705348968506,3.300299523292678e-06,3.3913705348968506,124,0,True,False,False
EXP-T141,shadow,4,101,1e-05,1.0000000000000001e-07,125,875,0.47807221859693527,0.5472816824913025,3.3911020755767822,3.227783464210845e-06,3.3911020755767822,125,0,True,False,False
EXP-T141,shadow,4,101,1e-05,1.0000000000000001e-07,126,882,0.4601889737615628,0.5472017824649811,3.390812873840332,3.155717009792807e-06,3.390812873840332,126,0,True,False,False
EXP-T141,shadow,4,101,1e-05,1.0000000000000001e-07,127,889,0.48748605964439257,0.5471620857715607,3.390639305114746,3.0841179413578354e-06,3.390639305114746,127,0,True,False,False
EXP-T141,shadow,4,101,1e-05,1.0000000000000001e-07,128,896,0.494540736079216,0.5471160113811493,3.390536069869995,3.0130039249047117e-06,3.390536069869995,128,0,True,False,False
EXP-T141,shadow,4,101,1e-05,1.0000000000000001e-07,129,903,0.49617984678064075,0.5470660924911499,3.3903989791870117,2.9423925067528904e-06,3.3903989791870117,129,0,True,False,False
EXP-T141,shadow,4,101,1e-05,1.0000000000000001e-07,130,910,0.7360517680644989,0.5470419377088547,3.390350103378296,2.87230110921322e-06,3.390350103378296,130,0,True,False,False
EXP-T141,shadow,4,101,1e-05,1.0000000000000001e-07,131,917,0.475746933903013,0.5470105558633804,3.390289783477783,2.8027470262892435e-06,3.390289783477783,131,0,True,False,False
EXP-T141,shadow,4,101,1e-05,1.0000000000000001e-07,132,924,0.79517548424857,0.5469905138015747,3.3902664184570312,2.7337474194101625e-06,3.3902664184570312,132,0,True,False,False
EXP-T141,shadow,4,101,1e-05,1.0000000000000001e-07,133,931,0.6815154339585986,0.5469946265220642,3.390305757522583,2.6653193131965085e-06,3.3902664184570312,132,1,False,False,False
EXP-T141,shadow,4,101,1e-05,1.0000000000000001e-07,134,938,0.5215582379273006,0.5469723641872406,3.390263557434082,2.5974795912595824e-06,3.390263557434082,134,0,True,False,False
EXP-T141,shadow,4,101,1e-05,1.0000000000000001e-07,135,945,0.4696513140973236,0.5469399392604828,3.390183448791504,2.530244992035662e-06,3.390183448791504,135,0,True,False,False
EXP-T141,shadow,4,101,1e-05,1.0000000000000001e-07,136,952,0.5244839659758976,0.5469212085008621,3.3901283740997314,2.4636321046560533e-06,3.3901283740997314,136,0,True,False,False
EXP-T141,shadow,4,101,1e-05,1.0000000000000001e-07,137,959,0.5504267130579267,0.546898826956749,3.3900790214538574,2.3976573648539653e-06,3.3900790214538574,137,0,True,False,False
EXP-T141,shadow,4,101,1e-05,1.0000000000000001e-07,138,966,0.5225691199302673,0.546891450881958,3.3900880813598633,2.332337050909247e-06,3.3900790214538574,137,1,False,False,False
EXP-T141,shadow,4,101,1e-05,1.0000000000000001e-07,139,973,0.4668042195428695,0.5468758344650269,3.390079975128174,2.267687279631953e-06,3.3900790214538574,137,2,False,False,False
EXP-T141,shadow,4,101,1e-05,1.0000000000000001e-07,140,980,0.4652620497450192,0.5468815714120865,3.3901257514953613,2.2037240023857708e-06,3.3900790214538574,137,3,False,False,False
EXP-T141,shadow,4,101,1e-05,1.0000000000000001e-07,141,987,0.529070258140564,0.5468881130218506,3.390172243118286,2.1404630011522584e-06,3.3900790214538574,137,4,False,False,False
EXP-T141,shadow,4,101,1e-05,1.0000000000000001e-07,142,994,0.4587887498949255,0.5468733161687851,3.3901257514953613,2.0779198846368745e-06,3.3900790214538574,137,5,False,False,False
EXP-T141,shadow,4,101,1e-05,1.0000000000000001e-07,143,1001,0.46317920221814085,0.5468683689832687,3.3900842666625977,2.0161100844177658e-06,3.3900790214538574,137,6,False,False,False
EXP-T141,shadow,4,101,1e-05,1.0000000000000001e-07,144,1008,0.7182641710553851,0.5468482375144958,3.3900399208068848,1.9550488511382593e-06,3.3900399208068848,144,0,True,False,False
EXP-T141,shadow,4,101,1e-05,1.0000000000000001e-07,145,1015,0.5048396033900124,0.5468404591083527,3.3900485038757324,1.894751250743986e-06,3.3900399208068848,144,1,False,False,False
EXP-T141,shadow,4,101,1e-05,1.0000000000000001e-07,146,1022,0.5770003284726825,0.5468245446681976,3.3900134563446045,1.8352321607655916e-06,3.3900134563446045,146,0,True,False,False
EXP-T141,shadow,4,101,1e-05,1.0000000000000001e-07,147,1029,0.6543567989553724,0.5467677712440491,3.389859199523926,1.7765062666479242e-06,3.389859199523926,147,0,True,False,False
EXP-T141,shadow,4,101,1e-05,1.0000000000000001e-07,148,1036,0.5398719268185752,0.5467223227024078,3.3896961212158203,1.7185880581266217e-06,3.3896961212158203,148,0,True,False,False
EXP-T141,shadow,4,101,1e-05,1.0000000000000001e-07,149,1043,0.6529062816074916,0.5466960221529007,3.389615297317505,1.6614918256529908e-06,3.389615297317505,149,0,True,False,False
EXP-T141,shadow,4,101,1e-05,1.0000000000000001e-07,150,1050,0.5747875613825661,0.5466758459806442,3.3895506858825684,1.6052316568680442e-06,3.3895506858825684,150,0,True,False,False
EXP-T141,shadow,4,101,1e-05,1.0000000000000001e-07,151,1057,0.7042616563183921,0.5466466546058655,3.389451742172241,1.5498214331265902e-06,3.389451742172241,151,0,True,False,False
EXP-T141,shadow,4,101,1e-05,1.0000000000000001e-07,152,1064,0.6254073466573443,0.546617329120636,3.389329671859741,1.495274826072216e-06,3.389329671859741,152,0,True,False,False
EXP-T141,shadow,4,101,1e-05,1.0000000000000001e-07,153,1071,0.5197863834244865,0.5466099232435226,3.3893015384674072,1.441605294264014e-06,3.3893015384674072,153,0,True,False,False
EXP-T141,shadow,4,101,1e-05,1.0000000000000001e-07,154,1078,0.5114912539720535,0.5466068834066391,3.389296293258667,1.3888260798558817e-06,3.389296293258667,154,0,True,False,False
EXP-T141,shadow,4,101,1e-05,1.0000000000000001e-07,155,1085,0.44978709186294247,0.5465911030769348,3.389233350753784,1.3369502053292252e-06,3.389233350753784,155,0,True,False,False
EXP-T141,shadow,4,101,1e-05,1.0000000000000001e-07,156,1092,0.46629416616633534,0.5465634167194366,3.389122247695923,1.285990470279847e-06,3.389122247695923,156,0,True,False,False
EXP-T141,shadow,4,101,1e-05,1.0000000000000001e-07,157,1099,0.7281426319054195,0.546533927321434,3.3889880180358887,1.2359594482598438e-06,3.3889880180358887,157,0,True,False,False
EXP-T141,shadow,4,101,1e-05,1.0000000000000001e-07,158,1106,0.4663578176072666,0.546502560377121,3.3888635635375977,1.1868694836752686e-06,3.3888635635375977,158,0,True,False,False
EXP-T141,shadow,4,101,1e-05,1.0000000000000001e-07,159,1113,0.610770970582962,0.546486884355545,3.3887932300567627,1.1387326887403326e-06,3.3887932300567627,159,0,True,False,False
EXP-T141,shadow,4,101,1e-05,1.0000000000000001e-07,160,1120,0.5667090288230351,0.5464754849672318,3.3887369632720947,1.0915609404889017e-06,3.3887369632720947,160,0,True,False,False
EXP-T141,shadow,4,101,1e-05,1.0000000000000001e-07,161,1127,0.7358973664896828,0.5464549511671066,3.3886420726776123,1.0453658778440107e-06,3.3886420726776123,161,0,True,False,False
EXP-T141,shadow,4,101,1e-05,1.0000000000000001e-07,162,1134,0.608761361667088,0.5464449971914291,3.3885953426361084,1.0001588987461348e-06,3.3885953426361084,162,0,True,False,False
EXP-T141,shadow,4,101,1e-05,1.0000000000000001e-07,163,1141,0.4740443147186722,0.5464409291744232,3.388580799102783,9.559511573409195e-07,3.388580799102783,163,0,True,False,False
EXP-T141,shadow,4,101,1e-05,1.0000000000000001e-07,164,1148,0.46894655004143715,0.5464325249195099,3.3885557651519775,9.127535612270632e-07,3.3885557651519775,164,0,True,False,False
EXP-T141,shadow,4,101,1e-05,1.0000000000000001e-07,165,1155,0.5026587631021228,0.5464206039905548,3.388518810272217,8.705767687650265e-07,3.388518810272217,165,0,True,False,False
EXP-T141,shadow,4,101,1e-05,1.0000000000000001e-07,166,1162,0.579258109842028,0.5464136600494385,3.3884997367858887,8.294311864472448e-07,3.3884997367858887,166,0,True,False,False
EXP-T141,shadow,4,101,1e-05,1.0000000000000001e-07,167,1169,0.48242345665182385,0.546403095126152,3.388465642929077,7.893269663304784e-07,3.388465642929077,167,0,True,False,False
EXP-T141,shadow,4,101,1e-05,1.0000000000000001e-07,168,1176,0.6284136133534568,0.5463862717151642,3.3884034156799316,7.50274003530953e-07,3.3884034156799316,168,0,True,False,False
EXP-T141,shadow,4,101,1e-05,1.0000000000000001e-07,169,1183,0.5048372064317975,0.5463765114545822,3.388375997543335,7.122819337828752e-07,3.388375997543335,169,0,True,False,False
EXP-T141,shadow,4,101,1e-05,1.0000000000000001e-07,170,1190,0.5065658901418958,0.546365886926651,3.3883326053619385,6.753601310609673e-07,3.3883326053619385,170,0,True,False,False
EXP-T141,shadow,4,101,1e-05,1.0000000000000001e-07,171,1197,0.6359443068504333,0.5463544577360153,3.388284921646118,6.395177052675794e-07,3.388284921646118,171,0,True,False,False
EXP-T141,shadow,4,101,1e-05,1.0000000000000001e-07,172,1204,0.4934391278241362,0.5463570058345795,3.388288974761963,6.047634999849531e-07,3.388284921646118,171,1,False,False,False
EXP-T141,shadow,4,101,1e-05,1.0000000000000001e-07,173,1211,0.5834483504295349,0.5463514477014542,3.3882687091827393,5.711060902932043e-07,3.3882687091827393,173,0,True,False,False
EXP-T141,shadow,4,101,1e-05,1.0000000000000001e-07,174,1218,0.46532329278332846,0.5463470220565796,3.3882460594177246,5.385537806545469e-07,3.3882460594177246,174,0,True,False,False
EXP-T141,shadow,4,101,1e-05,1.0000000000000001e-07,175,1225,0.48878891127450125,0.5463346838951111,3.3881938457489014,5.071146028642944e-07,3.3881938457489014,175,0,True,False,False
EXP-T141,shadow,4,101,1e-05,1.0000000000000001e-07,176,1232,0.46433286887726616,0.5463318079710007,3.3881800174713135,4.7679631406913176e-07,3.3881800174713135,176,0,True,False,False
EXP-T141,shadow,4,101,1e-05,1.0000000000000001e-07,177,1239,0.5843462475708553,0.5463288128376007,3.388169527053833,4.4760639485315585e-07,3.388169527053833,177,0,True,False,False
EXP-T141,shadow,4,101,1e-05,1.0000000000000001e-07,178,1246,0.6255960549627032,0.546321451663971,3.38814377784729,4.195520473921565e-07,3.38814377784729,178,0,True,False,False
EXP-T141,shadow,4,101,1e-05,1.0000000000000001e-07,179,1253,0.48094884199755533,0.5463120937347412,3.388108968734741,3.92640193676584e-07,3.388108968734741,179,0,True,False,False
EXP-T141,shadow,4,101,1e-05,1.0000000000000001e-07,180,1260,0.5579791239329747,0.5463061332702637,3.3880906105041504,3.668774738036508e-07,3.3880906105041504,180,0,True,False,False
EXP-T141,shadow,4,101,1e-05,1.0000000000000001e-07,181,1267,0.49676296966416494,0.5463036298751831,3.3880808353424072,3.4227024433899004e-07,3.3880808353424072,181,0,True,False,False
EXP-T141,shadow,4,101,1e-05,1.0000000000000001e-07,182,1274,0.5644294960158212,0.5462962985038757,3.3880558013916016,3.188245767482659e-07,3.3880558013916016,182,0,True,False,False
EXP-T141,shadow,4,101,1e-05,1.0000000000000001e-07,183,1281,0.5174742043018341,0.5462897717952728,3.3880295753479004,2.9654625589913237e-07,3.3880295753479004,183,0,True,False,False
EXP-T141,shadow,4,101,1e-05,1.0000000000000001e-07,184,1288,0.5913117783410209,0.5462855994701385,3.3880198001861572,2.754407786339001e-07,3.3880198001861572,184,0,True,False,False
EXP-T141,shadow,4,101,1e-05,1.0000000000000001e-07,185,1295,0.5042962431907654,0.5462803244590759,3.388000726699829,2.555133524132767e-07,3.388000726699829,185,0,True,False,False
EXP-T141,shadow,4,101,1e-05,1.0000000000000001e-07,186,1302,0.4769535107272012,0.546275869011879,3.3879847526550293,2.3676889403150103e-07,3.3879847526550293,186,0,True,False,False
EXP-T141,shadow,4,101,1e-05,1.0000000000000001e-07,187,1309,0.48242867631571634,0.5462722480297089,3.3879716396331787,2.1921202840320077e-07,3.3879716396331787,187,0,True,False,False
EXP-T141,shadow,4,101,1e-05,1.0000000000000001e-07,188,1316,0.4773915186524391,0.5462693274021149,3.387963056564331,2.0284708742225901e-07,3.387963056564331,188,0,True,False,False
EXP-T141,shadow,4,101,1e-05,1.0000000000000001e-07,189,1323,0.5333158714430672,0.5462653040885925,3.387948513031006,1.8767810889299085e-07,3.387948513031006,189,0,True,False,False
EXP-T141,shadow,4,101,1e-05,1.0000000000000001e-07,190,1330,0.5273703847612653,0.546261191368103,3.387934446334839,1.7370883553386935e-07,3.387934446334839,190,0,True,False,False
EXP-T141,shadow,4,101,1e-05,1.0000000000000001e-07,191,1337,0.5293633171490261,0.5462567359209061,3.387917995452881,1.609427140540686e-07,3.387917995452881,191,0,True,False,False
EXP-T141,shadow,4,101,1e-05,1.0000000000000001e-07,192,1344,0.6454294472932816,0.5462530255317688,3.3879032135009766,1.493828943030402e-07,3.3879032135009766,192,0,True,False,False
EXP-T141,shadow,4,101,1e-05,1.0000000000000001e-07,193,1351,0.46669178780367865,0.5462495982646942,3.3878886699676514,1.3903222849333507e-07,3.3878886699676514,193,0,True,False,False
EXP-T141,shadow,4,101,1e-05,1.0000000000000001e-07,194,1358,0.47391371695058687,0.5462470650672913,3.387878656387329,1.2989327049686101e-07,3.387878656387329,194,0,True,False,False
EXP-T141,shadow,4,101,1e-05,1.0000000000000001e-07,195,1365,0.5468343581472125,0.5462445616722107,3.387868642807007,1.2196827521475402e-07,3.387868642807007,195,0,True,False,False
EXP-T141,shadow,4,101,1e-05,1.0000000000000001e-07,196,1372,0.7972819464547294,0.5462416112422943,3.3878560066223145,1.1525919802101659e-07,3.3878560066223145,196,0,True,False,False
EXP-T141,shadow,4,101,1e-05,1.0000000000000001e-07,197,1379,0.5585813905511584,0.5462393313646317,3.3878471851348877,1.097676942800558e-07,3.3878471851348877,197,0,True,False,False
EXP-T141,shadow,4,101,1e-05,1.0000000000000001e-07,198,1386,0.5093734647546496,0.5462373942136765,3.3878393173217773,1.0549511893824898e-07,3.3878393173217773,198,0,True,False,False
EXP-T141,shadow,4,101,1e-05,1.0000000000000001e-07,199,1393,0.6071221104690007,0.5462360680103302,3.3878345489501953,1.0244252618962859e-07,3.3878345489501953,199,0,True,False,False
EXP-T141,shadow,4,101,1e-05,1.0000000000000001e-07,200,1400,0.48291980155876707,0.5462357699871063,3.3878326416015625,1.006106692157801e-07,3.3878326416015625,200,0,True,False,False
EXP-T141,shadow,4,101,0.0001,1.0000000000000002e-06,1,7,0.498775081243366,0.558989942073822,3.4033701419830322,0.0001,3.4033701419830322,1,0,True,False,False
EXP-T141,shadow,4,101,0.0001,1.0000000000000002e-06,2,14,0.5496633052825928,0.5532612502574921,3.4019179344177246,9.99938933078422e-05,3.4019179344177246,2,0,True,False,False
EXP-T141,shadow,4,101,0.0001,1.0000000000000002e-06,3,21,0.6388631761074066,0.5528565049171448,3.401197671890259,9.997557473810373e-05,3.401197671890259,3,0,True,False,False
EXP-T141,shadow,4,101,0.0001,1.0000000000000002e-06,4,28,0.4909297983561243,0.5534541010856628,3.4007349014282227,9.994504881061753e-05,3.4007349014282227,4,0,True,False,False
EXP-T141,shadow,4,101,0.0001,1.0000000000000002e-06,5,35,0.4882913551160267,0.557738408446312,3.3992154598236084,9.990232305719945e-05,3.3992154598236084,5,0,True,False,False
EXP-T141,shadow,4,101,0.0001,1.0000000000000002e-06,6,42,0.5013255219174815,0.5567695498466492,3.3967783451080322,9.984740801978984e-05,3.3967783451080322,6,0,True,False,False
EXP-T141,shadow,4,101,0.0001,1.0000000000000002e-06,7,49,0.5447627433708736,0.5528880953788757,3.3957865238189697,9.978031724785247e-05,3.3957865238189697,7,0,True,False,False
EXP-T141,shadow,4,101,0.0001,1.0000000000000002e-06,8,56,0.48496415226587225,0.5494418442249298,3.395455837249756,9.97010672950314e-05,3.395455837249756,8,0,True,False,False
EXP-T141,shadow,4,101,0.0001,1.0000000000000002e-06,9,63,0.5634476585047585,0.5500819087028503,3.395188331604004,9.960967771506667e-05,3.395188331604004,9,0,True,False,False
EXP-T141,shadow,4,101,0.0001,1.0000000000000002e-06,10,70,0.5089844103370395,0.5500925481319427,3.3952183723449707,9.95061710569696e-05,3.395188331604004,9,1,False,False,False
EXP-T141,shadow,4,101,0.0001,1.0000000000000002e-06,11,77,0.48842218944004606,0.548998087644577,3.3926641941070557,9.939057285945933e-05,3.3926641941070557,11,0,True,False,False
EXP-T141,shadow,4,101,0.0001,1.0000000000000002e-06,12,84,0.5412987385477338,0.5484134554862976,3.3944027423858643,9.926291164466132e-05,3.3926641941070557,11,1,False,False,False
EXP-T141,shadow,4,101,0.0001,1.0000000000000002e-06,13,91,0.45606665526117596,0.5481012165546417,3.3904290199279785,9.91232189110701e-05,3.3904290199279785,13,0,True,False,False
EXP-T141,shadow,4,101,0.0001,1.0000000000000002e-06,14,98,0.4698834371353899,0.5483145713806152,3.3791391849517822,9.897152912577741e-05,3.3791391849517822,14,0,True,False,False
EXP-T141,shadow,4,101,0.0001,1.0000000000000002e-06,15,105,0.6863981740815299,0.5455244928598404,3.3774473667144775,9.8807879715968e-05,3.3774473667144775,15,0,True,False,False
EXP-T141,shadow,4,101,0.0001,1.0000000000000002e-06,16,112,0.7154618501663208,0.5443262457847595,3.3718738555908203,9.8632311059685e-05,3.3718738555908203,16,0,True,False,False
EXP-T141,shadow,4,101,0.0001,1.0000000000000002e-06,17,119,0.615427668605532,0.5421588718891144,3.360076427459717,9.844486647586725e-05,3.360076427459717,17,0,True,False,False
EXP-T141,shadow,4,101,0.0001,1.0000000000000002e-06,18,126,0.5545896887779236,0.5380851477384567,3.3477485179901123,9.824559221366101e-05,3.3477485179901123,18,0,True,False,False
EXP-T141,shadow,4,101,0.0001,1.0000000000000002e-06,19,133,0.4339535576956613,0.5342308878898621,3.3391764163970947,9.803453744100869e-05,3.3391764163970947,19,0,True,False,False
EXP-T141,shadow,4,101,0.0001,1.0000000000000002e-06,20,140,0.44173655978270937,0.5391973555088043,3.3369905948638916,9.781175423251735e-05,3.3369905948638916,20,0,True,False,False
EXP-T141,shadow,4,101,0.0001,1.0000000000000002e-06,21,147,0.49952998757362366,0.5491173267364502,3.3520195484161377,9.757729755661011e-05,3.3369905948638916,20,1,False,False,False
EXP-T141,shadow,4,101,0.0001,1.0000000000000002e-06,22,154,0.6160794241087777,0.5213515162467957,3.3152434825897217,9.73312252619635e-05,3.3152434825897217,22,0,True,False,False
EXP-T141,shadow,4,101,0.0001,1.0000000000000002e-06,23,161,0.46858690891947063,0.5433419197797775,3.3314905166625977,9.707359806323417e-05,3.3152434825897217,22,1,False,False,False
EXP-T141,shadow,4,101,0.0001,1.0000000000000002e-06,24,168,0.4832972117832729,0.5290669798851013,3.2886435985565186,9.680447952607845e-05,3.2886435985565186,24,0,True,False,False
EXP-T141,shadow,4,101,0.0001,1.0000000000000002e-06,25,175,0.46019433651651653,0.5207245051860809,3.2734127044677734,9.652393605146844e-05,3.2734127044677734,25,0,True,False,False
EXP-T141,shadow,4,101,0.0001,1.0000000000000002e-06,26,182,0.3950650694813313,0.5351645946502686,3.278597354888916,9.623203685930869e-05,3.2734127044677734,25,1,False,False,False
EXP-T141,shadow,4,101,0.0001,1.0000000000000002e-06,27,189,0.41382096814257757,0.5156764388084412,3.2435452938079834,9.592885397135707e-05,3.2435452938079834,27,0,True,False,False
EXP-T141,shadow,4,101,0.0001,1.0000000000000002e-06,28,196,0.38791145171437946,0.5013567805290222,3.209052801132202,9.561446219345454e-05,3.209052801132202,28,0,True,False,False
EXP-T141,shadow,4,101,0.0001,1.0000000000000002e-06,29,203,0.4722997375896999,0.5124042332172394,3.1944079399108887,9.528893909706797e-05,3.1944079399108887,29,0,True,False,False
EXP-T141,shadow,4,101,0.0001,1.0000000000000002e-06,30,210,0.34993569925427437,0.49750444293022156,3.1319639682769775,9.495236500015047e-05,3.1319639682769775,30,0,True,False,False
EXP-T141,shadow,4,101,0.0001,1.0000000000000002e-06,31,217,0.42390226466315134,0.5062591284513474,3.139714479446411,9.460482294732421e-05,3.1319639682769775,30,1,False,False,False
EXP-T141,shadow,4,101,0.0001,1.0000000000000002e-06,32,224,0.3934411539563111,0.4909645915031433,3.111786127090454,9.424639868939033e-05,3.111786127090454,32,0,True,False,False
EXP-T141,shadow,4,101,0.0001,1.0000000000000002e-06,33,231,0.4203596455710275,0.4862276315689087,3.110006332397461,9.387718066217124e-05,3.110006332397461,33,0,True,False,False
EXP-T141,shadow,4,101,0.0001,1.0000000000000002e-06,34,238,0.3778631516865322,0.5261633992195129,3.2426106929779053,9.349725996469047e-05,3.110006332397461,33,1,False,False,False
EXP-T141,shadow,4,101,0.0001,1.0000000000000002e-06,35,245,0.4687849623816354,0.5144925713539124,3.2007133960723877,9.310673033669521e-05,3.110006332397461,33,2,False,False,False
EXP-T141,shadow,4,101,0.0001,1.0000000000000002e-06,36,252,0.3698676537190165,0.5202880501747131,3.229182243347168,9.270568813552756e-05,3.110006332397461,33,3,False,False,False
EXP-T141,shadow,4,101,0.0001,1.0000000000000002e-06,37,259,0.3238617748221649,0.5269672274589539,3.2665510177612305,9.229423231234974e-05,3.110006332397461,33,4,False,False,False
EXP-T141,shadow,4,101,0.0001,1.0000000000000002e-06,38,266,0.5441326584134784,0.5228442847728729,3.2505390644073486,9.187246438772939e-05,3.110006332397461,33,5,False,False,False
EXP-T141,shadow,4,101,0.0001,1.0000000000000002e-06,39,273,0.433140937771116,0.4985964596271515,3.1438474655151367,9.14404884265908e-05,3.110006332397461,33,6,False,False,False
EXP-T141,shadow,4,101,0.0001,1.0000000000000002e-06,40,280,0.35510289828692165,0.49004562199115753,3.1035714149475098,9.099841101253866e-05,3.1035714149475098,40,0,True,False,False
EXP-T141,shadow,4,101,0.0001,1.0000000000000002e-06,41,287,0.4647325703075954,0.466021791100502,2.9908783435821533,9.05463412215599e-05,2.9908783435821533,41,0,True,False,False
EXP-T141,shadow,4,101,0.0001,1.0000000000000002e-06,42,294,0.3133109624364546,0.4735491871833801,3.026247262954712,9.0084390595111e-05,2.9908783435821533,41,1,False,False,False
EXP-T141,shadow,4,101,0.0001,1.0000000000000002e-06,43,301,0.3790100035922868,0.47626054286956787,3.0405402183532715,8.961267311259666e-05,2.9908783435821533,41,2,False,False,False
EXP-T141,shadow,4,101,0.0001,1.0000000000000002e-06,44,308,0.32622399580265793,0.469680055975914,3.0122861862182617,8.913130516324733e-05,2.9908783435821533,41,3,False,False,False
EXP-T141,shadow,4,101,0.0001,1.0000000000000002e-06,45,315,0.3757543499980654,0.45543263852596283,2.949505567550659,8.864040551740158e-05,2.949505567550659,45,0,True,False,False
EXP-T141,shadow,4,101,0.0001,1.0000000000000002e-06,46,322,0.42955933085509707,0.4780518412590027,3.071537494659424,8.814009529720155e-05,2.949505567550659,45,1,False,False,False
EXP-T141,shadow,4,101,0.0001,1.0000000000000002e-06,47,329,0.491232801760946,0.4707123339176178,3.041433334350586,8.763049794670775e-05,2.949505567550659,45,2,False,False,False
EXP-T141,shadow,4,101,0.0001,1.0000000000000002e-06,48,336,0.3721097984484264,0.4413461983203888,2.879302740097046,8.711173920144117e-05,2.879302740097046,48,0,True,False,False
EXP-T141,shadow,4,101,0.0001,1.0000000000000002e-06,49,343,0.3316814306059054,0.45673099160194397,2.967768430709839,8.658394705735987e-05,2.879302740097046,48,1,False,False,False
EXP-T141,shadow,4,101,0.0001,1.0000000000000002e-06,50,350,0.32142956501671244,0.4450402855873108,2.900616407394409,8.604725173927785e-05,2.879302740097046,48,2,False,False,False
EXP-T141,shadow,4,101,0.0001,1.0000000000000002e-06,51,357,0.5064560643264225,0.46298111975193024,3.011591672897339,8.55017856687341e-05,2.879302740097046,48,3,False,False,False
EXP-T141,shadow,4,101,0.0001,1.0000000000000002e-06,52,364,0.35748860239982605,0.4439036101102829,2.893782138824463,8.494768343131955e-05,2.879302740097046,48,4,False,False,False
EXP-T141,shadow,4,101,0.0001,1.0000000000000002e-06,53,371,0.4231989468847002,0.4353695213794708,2.8492603302001953,8.438508174347009e-05,2.8492603302001953,53,0,True,False,False
EXP-T141,shadow,4,101,0.0001,1.0000000000000002e-06,54,378,0.3070849989141737,0.4309391677379608,2.8278145790100098,8.381411941873378e-05,2.8278145790100098,54,0,True,False,False
EXP-T141,shadow,4,101,0.0001,1.0000000000000002e-06,55,385,0.4256896504334041,0.4385617971420288,2.873591184616089,8.323493733352077e-05,2.8278145790100098,54,1,False,False,False
EXP-T141,shadow,4,101,0.0001,1.0000000000000002e-06,56,392,0.33086138537951876,0.42982326447963715,2.8189713954925537,8.26476783923441e-05,2.8189713954925537,56,0,True,False,False
EXP-T141,shadow,4,101,0.0001,1.0000000000000002e-06,57,399,0.3022828719445637,0.42247292399406433,2.7821273803710938,8.205248749256015e-05,2.7821273803710938,57,0,True,False,False
EXP-T141,shadow,4,101,0.0001,1.0000000000000002e-06,58,406,0.3245408623811922,0.4345311224460602,2.8512368202209473,8.144951148861742e-05,2.7821273803710938,57,1,False,False,False
EXP-T141,shadow,4,101,0.0001,1.0000000000000002e-06,59,413,0.33104622789791655,0.43777550756931305,2.8691954612731934,8.083889915582235e-05,2.7821273803710938,57,2,False,False,False
EXP-T141,shadow,4,101,0.0001,1.0000000000000002e-06,60,420,0.3198470414749214,0.4325390160083771,2.8432085514068604,8.022080115363127e-05,2.7821273803710938,57,3,False,False,False
EXP-T141,shadow,4,101,0.0001,1.0000000000000002e-06,61,427,0.391035509960992,0.4238497465848923,2.791187047958374,7.959536998847744e-05,2.7821273803710938,57,4,False,False,False
EXP-T141,shadow,4,101,0.0001,1.0000000000000002e-06,62,434,0.2634115123323032,0.4203284680843353,2.777958393096924,7.89627599761423e-05,2.777958393096924,62,0,True,False,False
EXP-T141,shadow,4,101,0.0001,1.0000000000000002e-06,63,441,0.387368659887995,0.42355383932590485,2.7859482765197754,7.832312720368048e-05,2.777958393096924,62,1,False,False,False
EXP-T141,shadow,4,101,0.0001,1.0000000000000002e-06,64,448,0.270123761679445,0.4289827346801758,2.8191616535186768,7.767662949090753e-05,2.777958393096924,62,2,False,False,False
EXP-T141,shadow,4,101,0.0001,1.0000000000000002e-06,65,455,0.32853070327213835,0.4099510759115219,2.7228951454162598,7.702342635146033e-05,2.7228951454162598,65,0,True,False,False
EXP-T141,shadow,4,101,0.0001,1.0000000000000002e-06,66,462,0.3108507341094082,0.4088783860206604,2.7249948978424072,7.636367895343946e-05,2.7228951454162598,65,1,False,False,False
EXP-T141,shadow,4,101,0.0001,1.0000000000000002e-06,67,469,0.34113955071994234,0.4058264195919037,2.711595058441162,7.569755007964338e-05,2.711595058441162,67,0,True,False,False
EXP-T141,shadow,4,101,0.0001,1.0000000000000002e-06,68,476,0.2774029459272112,0.42824268341064453,2.8211153745651245,7.502520408740418e-05,2.711595058441162,67,1,False,False,False
EXP-T141,shadow,4,101,0.0001,1.0000000000000002e-06,69,483,0.29167136017765316,0.41113147139549255,2.7363604307174683,7.43468068680349e-05,2.711595058441162,67,2,False,False,False
EXP-T141,shadow,4,101,0.0001,1.0000000000000002e-06,70,490,0.29326164190258297,0.41069936752319336,2.7271705865859985,7.366252580589839e-05,2.711595058441162,67,3,False,False,False
EXP-T141,shadow,4,101,0.0001,1.0000000000000002e-06,71,497,0.39290402829647064,0.40055686235427856,2.6850883960723877,7.297252973710757e-05,2.6850883960723877,71,0,True,False,False
EXP-T141,shadow,4,101,0.0001,1.0000000000000002e-06,72,504,0.25933509692549706,0.4066673815250397,2.7109503746032715,7.22769889078678e-05,2.6850883960723877,71,1,False,False,False
EXP-T141,shadow,4,101,0.0001,1.0000000000000002e-06,73,511,0.2857874557375908,0.4016066789627075,2.7006888389587402,7.15760749324711e-05,2.6850883960723877,71,2,False,False,False
EXP-T141,shadow,4,101,0.0001,1.0000000000000002e-06,74,518,0.39564874342509676,0.40246590971946716,2.6956639289855957,7.086996075095289e-05,2.6850883960723877,71,3,False,False,False
EXP-T141,shadow,4,101,0.0001,1.0000000000000002e-06,75,525,0.4194383578641074,0.416014164686203,2.7385395765304565,7.015882058642164e-05,2.6850883960723877,71,4,False,False,False
EXP-T141,shadow,4,101,0.0001,1.0000000000000002e-06,76,532,0.24213244641266232,0.4068605601787567,2.730614185333252,6.944282990207195e-05,2.6850883960723877,71,5,False,False,False
EXP-T141,shadow,4,101,0.0001,1.0000000000000002e-06,77,539,0.25223412664074985,0.4103764295578003,2.7421348094940186,6.872216535789157e-05,2.6850883960723877,71,6,False,False,False
EXP-T141,shadow,4,101,0.0001,1.0000000000000002e-06,78,546,0.28455447937761036,0.4157300293445587,2.758203148841858,6.799700476707323e-05,2.6850883960723877,71,7,False,False,False
EXP-T141,shadow,4,101,0.0001,1.0000000000000002e-06,79,553,0.25809292322290794,0.45109981298446655,2.910841464996338,6.726752705214194e-05,2.6850883960723877,71,8,False,False,False
EXP-T141,shadow,4,101,0.0001,1.0000000000000002e-06,80,560,0.3083586650235312,0.41422678530216217,2.7763733863830566,6.65339122008084e-05,2.6850883960723877,71,9,False,False,False
EXP-T141,shadow,4,101,0.0001,1.0000000000000002e-06,81,567,0.33841546518462046,0.42627231776714325,2.781543254852295,6.57963412215599e-05,2.6850883960723877,71,10,False,False,False
EXP-T141,shadow,4,101,0.0001,1.0000000000000002e-06,82,574,0.273805701306888,0.4180821478366852,2.7575159072875977,6.505499609899905e-05,2.6850883960723877,71,11,False,False,False
EXP-T141,shadow,4,101,0.0001,1.0000000000000002e-06,83,581,0.2537381297775677,0.41337332129478455,2.7519736289978027,6.431005974894185e-05,2.6850883960723877,71,12,False,False,False
EXP-T141,shadow,4,101,0.0001,1.0000000000000002e-06,84,588,0.250574952257531,0.4338327646255493,2.80484938621521,6.356171597328596e-05,2.6850883960723877,71,13,False,False,False
EXP-T141,shadow,4,101,0.0001,1.0000000000000002e-06,85,595,0.28525035083293915,0.4100838452577591,2.7194488048553467,6.281014941466031e-05,2.6850883960723877,71,14,False,False,False
EXP-T141,shadow,4,101,0.0001,1.0000000000000002e-06,86,602,0.24239636531897954,0.40427398681640625,2.7065067291259766,6.205554551086733e-05,2.6850883960723877,71,15,False,False,False
EXP-T141,shadow,4,101,0.0001,1.0000000000000002e-06,87,609,0.27339619185243336,0.40085524320602417,2.695618152618408,6.129809044912887e-05,2.6850883960723877,71,16,False,False,False
EXP-T141,shadow,4,101,0.0001,1.0000000000000002e-06,88,616,0.2435221320816449,0.39893221855163574,2.677985191345215,6.053797112014738e-05,2.677985191345215,88,0,True,False,False
EXP-T141,shadow,4,101,0.0001,1.0000000000000002e-06,89,623,0.32239566104752676,0.401266947388649,2.6682225465774536,5.977537507199338e-05,2.6682225465774536,89,0,True,False,False
EXP-T141,shadow,4,101,0.0001,1.0000000000000002e-06,90,630,0.25564140773245264,0.40755003690719604,2.693380355834961,5.901049046383077e-05,2.6682225465774536,89,1,False,False,False
EXP-T141,shadow,4,101,0.0001,1.0000000000000002e-06,91,637,0.2660121215241296,0.40118080377578735,2.668514609336853,5.8243506019491436e-05,2.6682225465774536,89,2,False,False,False
EXP-T141,shadow,4,101,0.0001,1.0000000000000002e-06,92,644,0.2816674900906427,0.4052065312862396,2.67747700214386,5.7474610980910354e-05,2.6682225465774536,89,3,False,False,False
EXP-T141,shadow,4,101,0.0001,1.0000000000000002e-06,93,651,0.24843751106943404,0.4037425071001053,2.6721127033233643,5.6703995061433075e-05,2.6682225465774536,89,4,False,False,False
EXP-T141,shadow,4,101,0.0001,1.0000000000000002e-06,94,658,0.3483071518795831,0.3961687982082367,2.681637763977051,5.5931848399006745e-05,2.6682225465774536,89,5,False,False,False
EXP-T141,shadow,4,101,0.0001,1.0000000000000002e-06,95,665,0.24964638639773643,0.4161846935749054,2.71518874168396,5.515836150926646e-05,2.6682225465774536,89,6,False,False,False
EXP-T141,shadow,4,101,0.0001,1.0000000000000002e-06,96,672,0.269620418548584,0.3988252580165863,2.6958311796188354,5.438372523852833e-05,2.6682225465774536,89,7,False,False,False
EXP-T141,shadow,4,101,0.0001,1.0000000000000002e-06,97,679,0.5664692968130112,0.40503546595573425,2.722832441329956,5.360813071670102e-05,2.6682225465774536,89,8,False,False,False
EXP-T141,shadow,4,101,0.0001,1.0000000000000002e-06,98,686,0.26630741144929615,0.4020538032054901,2.697506070137024,5.283176931012731e-05,2.6682225465774536,89,9,False,False,False
EXP-T141,shadow,4,101,0.0001,1.0000000000000002e-06,99,693,0.46506853827408384,0.40381811559200287,2.702954649925232,5.205483257436735e-05,2.6682225465774536,89,10,False,False,False
EXP-T141,shadow,4,101,0.0001,1.0000000000000002e-06,100,700,0.3141085909945624,0.4073672443628311,2.7032536268234253,5.127751220693513e-05,2.6682225465774536,89,11,False,False,False
EXP-T141,shadow,4,101,0.0001,1.0000000000000002e-06,101,707,0.20959105059072108,0.3970649987459183,2.6880685091018677,5.05e-05,2.6682225465774536,89,12,False,False,False
EXP-T141,shadow,4,101,0.0001,1.0000000000000002e-06,102,714,0.258642173239163,0.3965255618095398,2.6833521127700806,4.972248779306489e-05,2.6682225465774536,89,13,False,False,False
EXP-T141,shadow,4,101,0.0001,1.0000000000000002e-06,103,721,0.25603385056768146,0.4048551917076111,2.6948626041412354,4.894516742563265e-05,2.6682225465774536,89,14,False,False,False
EXP-T141,shadow,4,101,0.0001,1.0000000000000002e-06,104,728,0.22840585932135582,0.3947620093822479,2.674985647201538,4.816823068987269e-05,2.6682225465774536,89,15,False,False,False
EXP-T141,shadow,4,101,0.0001,1.0000000000000002e-06,105,735,0.26890067969049725,0.39833423495292664,2.6749457120895386,4.739186928329899e-05,2.6682225465774536,89,16,False,False,False
EXP-T141,shadow,4,101,0.0001,1.0000000000000002e-06,106,742,0.24690862957920348,0.4321134686470032,2.772813558578491,4.661627476147168e-05,2.6682225465774536,89,17,False,False,False
EXP-T141,shadow,4,101,0.0001,1.0000000000000002e-06,107,749,0.2916821816137859,0.39307308197021484,2.6703805923461914,4.584163849073354e-05,2.6682225465774536,89,18,False,False,False
EXP-T141,shadow,4,101,0.0001,1.0000000000000002e-06,108,756,0.25765866520149366,0.39570218324661255,2.672391891479492,4.5068151600993264e-05,2.6682225465774536,89,19,False,False,False
EXP-T141,shadow,4,101,0.0001,1.0000000000000002e-06,109,763,0.34309311636856626,0.3981681317090988,2.67006516456604,4.429600493856695e-05,2.6682225465774536,89,20,False,False,False
EXP-T141,shadow,4,101,0.0001,1.0000000000000002e-06,110,770,0.2720395454338619,0.39640024304389954,2.6824424266815186,4.352538901908967e-05,2.6682225465774536,89,21,False,False,False
EXP-T141,shadow,4,101,0.0001,1.0000000000000002e-06,111,777,0.26312523441655294,0.39880363643169403,2.6715550422668457,4.275649398050857e-05,2.6682225465774536,89,22,False,False,False
EXP-T141,shadow,4,101,0.0001,1.0000000000000002e-06,112,784,0.2220157202599304,0.4020133763551712,2.674290418624878,4.198950953616922e-05,2.6682225465774536,89,23,False,False,False
EXP-T141,shadow,4,101,0.0001,1.0000000000000002e-06,113,791,0.2945073757852827,0.40216709673404694,2.6773111820220947,4.122462492800663e-05,2.6682225465774536,89,24,False,False,False
EXP-T141,shadow,4,101,0.0001,1.0000000000000002e-06,114,798,0.223972993769816,0.3973655551671982,2.6978707313537598,4.046202887985264e-05,2.6682225465774536,89,25,False,False,False
EXP-T141,shadow,4,101,0.0001,1.0000000000000002e-06,115,805,0.22971512377262115,0.39731261134147644,2.690468430519104,3.9701909550871155e-05,2.6682225465774536,89,26,False,False,False
EXP-T141,shadow,4,101,0.0001,1.0000000000000002e-06,116,812,0.2947885585682733,0.3965332359075546,2.667559504508972,3.8944454489132674e-05,2.667559504508972,116,0,True,False,False
EXP-T141,shadow,4,101,0.0001,1.0000000000000002e-06,117,819,0.21314876060932875,0.39451591670513153,2.6679009199142456,3.818985058533969e-05,2.667559504508972,116,1,False,False,False
EXP-T141,shadow,4,101,0.0001,1.0000000000000002e-06,118,826,0.42387605032750536,0.40806692838668823,2.692262887954712,3.7438284026714043e-05,2.667559504508972,116,2,False,False,False
EXP-T141,shadow,4,101,0.0001,1.0000000000000002e-06,119,833,0.3250896802970341,0.3966101408004761,2.6700565814971924,3.668994025105816e-05,2.667559504508972,116,3,False,False,False
EXP-T141,shadow,4,101,0.0001,1.0000000000000002e-06,120,840,0.19719478451692599,0.3931262195110321,2.66399610042572,3.594500390100096e-05,2.66399610042572,120,0,True,False,False
EXP-T141,shadow,4,101,0.0001,1.0000000000000002e-06,121,847,0.24024374224245548,0.3917255252599716,2.6801466941833496,3.520365877844012e-05,2.66399610042572,120,1,False,False,False
EXP-T141,shadow,4,101,0.0001,1.0000000000000002e-06,122,854,0.21514248668349215,0.39060118794441223,2.662740468978882,3.44660877991916e-05,2.662740468978882,122,0,True,False,False
EXP-T141,shadow,4,101,0.0001,1.0000000000000002e-06,123,861,0.2403515066419329,0.3921789824962616,2.649224042892456,3.373247294785808e-05,2.649224042892456,123,0,True,False,False
EXP-T141,shadow,4,101,0.0001,1.0000000000000002e-06,124,868,0.2624882012605667,0.39168114960193634,2.6459563970565796,3.300299523292678e-05,2.6459563970565796,124,0,True,False,False
EXP-T141,shadow,4,101,0.0001,1.0000000000000002e-06,125,875,0.22894930413791112,0.39155226945877075,2.64673912525177,3.2277834642108455e-05,2.6459563970565796,124,1,False,False,False
EXP-T141,shadow,4,101,0.0001,1.0000000000000002e-06,126,882,0.23226359912327357,0.3934619873762131,2.648194432258606,3.155717009792807e-05,2.6459563970565796,124,2,False,False,False
EXP-T141,shadow,4,101,0.0001,1.0000000000000002e-06,127,889,0.21346347699207918,0.3915652334690094,2.653573155403137,3.084117941357835e-05,2.6459563970565796,124,3,False,False,False
EXP-T141,shadow,4,101,0.0001,1.0000000000000002e-06,128,896,0.22796746449811117,0.3914114534854889,2.6609829664230347,3.013003924904712e-05,2.6459563970565796,124,4,False,False,False
EXP-T141,shadow,4,101,0.0001,1.0000000000000002e-06,129,903,0.25135971010396524,0.39212845265865326,2.664975643157959,2.9423925067528905e-05,2.6459563970565796,124,5,False,False,False
EXP-T141,shadow,4,101,0.0001,1.0000000000000002e-06,130,910,0.24949517207486288,0.3922272026538849,2.6740671396255493,2.87230110921322e-05,2.6459563970565796,124,6,False,False,False
EXP-T141,shadow,4,101,0.0001,1.0000000000000002e-06,131,917,0.32461427790778025,0.395870104432106,2.6626808643341064,2.8027470262892437e-05,2.6459563970565796,124,7,False,False,False
EXP-T141,shadow,4,101,0.0001,1.0000000000000002e-06,132,924,0.4596761145762035,0.3973432183265686,2.6640957593917847,2.7337474194101628e-05,2.6459563970565796,124,8,False,False,False
EXP-T141,shadow,4,101,0.0001,1.0000000000000002e-06,133,931,0.4691649739231382,0.3945678621530533,2.675825595855713,2.665319313196509e-05,2.6459563970565796,124,9,False,False,False
EXP-T141,shadow,4,101,0.0001,1.0000000000000002e-06,134,938,0.25520835391112734,0.3944897800683975,2.6758058071136475,2.5974795912595825e-05,2.6459563970565796,124,10,False,False,False
EXP-T141,shadow,4,101,0.0001,1.0000000000000002e-06,135,945,0.2890090729509081,0.3950294107198715,2.669500946998596,2.5302449920356623e-05,2.6459563970565796,124,11,False,False,False
EXP-T141,shadow,4,101,0.0001,1.0000000000000002e-06,136,952,0.22686990297266416,0.39393115043640137,2.673548698425293,2.4636321046560538e-05,2.6459563970565796,124,12,False,False,False
EXP-T141,shadow,4,101,0.0001,1.0000000000000002e-06,137,959,0.2227951344102621,0.3937259763479233,2.6700409650802612,2.3976573648539656e-05,2.6459563970565796,124,13,False,False,False
EXP-T141,shadow,4,101,0.0001,1.0000000000000002e-06,138,966,0.2399576668228422,0.39467550814151764,2.675297260284424,2.3323370509092472e-05,2.6459563970565796,124,14,False,False,False
EXP-T141,shadow,4,101,0.0001,1.0000000000000002e-06,139,973,0.2323632878916604,0.3990899473428726,2.6666358709335327,2.2676872796319533e-05,2.6459563970565796,124,15,False,False,False
EXP-T141,shadow,4,101,0.0001,1.0000000000000002e-06,140,980,0.22708378306456975,0.40255607664585114,2.6672894954681396,2.2037240023857712e-05,2.6459563970565796,124,16,False,False,False
EXP-T141,shadow,4,101,0.0001,1.0000000000000002e-06,141,987,0.24953754459108626,0.3988519310951233,2.671155571937561,2.1404630011522586e-05,2.6459563970565796,124,17,False,False,False
EXP-T141,shadow,4,101,0.0001,1.0000000000000002e-06,142,994,0.23276207063879287,0.39439478516578674,2.684580087661743,2.077919884636875e-05,2.6459563970565796,124,18,False,False,False
EXP-T141,shadow,4,101,0.0001,1.0000000000000002e-06,143,1001,0.2813446032149451,0.3943498730659485,2.6783926486968994,2.016110084417766e-05,2.6459563970565796,124,19,False,False,False
EXP-T141,shadow,4,101,0.0001,1.0000000000000002e-06,144,1008,0.3347328305244446,0.3951174020767212,2.6758018732070923,1.9550488511382595e-05,2.6459563970565796,124,20,False,False,False
EXP-T141,shadow,4,101,0.0001,1.0000000000000002e-06,145,1015,0.1943019117627825,0.39753463864326477,2.6760393381118774,1.8947512507439858e-05,2.6459563970565796,124,21,False,False,False
EXP-T141,shadow,4,101,0.0001,1.0000000000000002e-06,146,1022,0.23253588005900383,0.40317676961421967,2.6774696111679077,1.8352321607655915e-05,2.6459563970565796,124,22,False,False,False
EXP-T141,shadow,4,101,0.0001,1.0000000000000002e-06,147,1029,0.2724537487540926,0.39871343970298767,2.6750351190567017,1.776506266647924e-05,2.6459563970565796,124,23,False,False,False
EXP-T141,shadow,4,101,0.0001,1.0000000000000002e-06,148,1036,0.20941441479538167,0.3983150124549866,2.673373222351074,1.718588058126622e-05,2.6459563970565796,124,24,False,False,False
EXP-T141,shadow,4,101,0.0001,1.0000000000000002e-06,149,1043,0.2489806158202035,0.39568354189395905,2.6730176210403442,1.661491825652991e-05,2.6459563970565796,124,25,False,False,False
EXP-T141,shadow,4,101,0.0001,1.0000000000000002e-06,150,1050,0.2745731898716518,0.3942933976650238,2.683617115020752,1.6052316568680444e-05,2.6459563970565796,124,26,False,False,False
EXP-T141,shadow,4,101,0.0001,1.0000000000000002e-06,151,1057,0.4210751014096396,0.39529581367969513,2.691666841506958,1.54982143312659e-05,2.6459563970565796,124,27,False,False,False
EXP-T141,shadow,4,101,0.0001,1.0000000000000002e-06,152,1064,0.1925717783825738,0.3940184712409973,2.6786227226257324,1.495274826072216e-05,2.6459563970565796,124,28,False,False,False
EXP-T141,shadow,4,101,0.0001,1.0000000000000002e-06,153,1071,0.21706408528344973,0.39607827365398407,2.6721972227096558,1.441605294264014e-05,2.6459563970565796,124,29,False,False,False
EXP-T141,shadow,4,101,0.0001,1.0000000000000002e-06,154,1078,0.19681221672466823,0.40152740478515625,2.669661283493042,1.3888260798558816e-05,2.6459563970565796,124,30,False,True,False
EXP-T141,shadow,4,101,0.001,1e-05,1,7,0.5338408404162952,0.5609168410301208,3.4021642208099365,0.001,3.4021642208099365,1,0,True,False,False
EXP-T141,shadow,4,101,0.001,1e-05,2,14,0.5291209497622081,0.5579908192157745,3.4108736515045166,0.000999938933078422,3.4021642208099365,1,1,False,False,False
EXP-T141,shadow,4,101,0.001,1e-05,3,21,0.6155665814876556,0.5824180245399475,3.464517831802368,0.0009997557473810372,3.4021642208099365,1,2,False,False,False
EXP-T141,shadow,4,101,0.001,1e-05,4,28,0.513449986066137,0.5537975430488586,3.41387677192688,0.0009994504881061753,3.4021642208099365,1,3,False,False,False
EXP-T141,shadow,4,101,0.001,1e-05,5,35,0.4671653498496328,0.5994568020105362,3.5835154056549072,0.0009990232305719944,3.4021642208099365,1,4,False,False,False
EXP-T141,shadow,4,101,0.001,1e-05,6,42,0.4246697707899979,0.5294778496026993,3.274498701095581,0.0009984740801978985,3.274498701095581,6,0,True,False,False
EXP-T141,shadow,4,101,0.001,1e-05,7,49,0.4925792472703116,0.44431445002555847,2.9145543575286865,0.0009978031724785245,2.9145543575286865,7,0,True,False,False
EXP-T141,shadow,4,101,0.001,1e-05,8,56,0.41115098340170725,0.926667332649231,5.125112295150757,0.000997010672950314,2.9145543575286865,7,1,False,False,False
EXP-T141,shadow,4,101,0.001,1e-05,9,63,0.7544126510620117,0.4937603920698166,3.1426563262939453,0.0009960967771506667,2.9145543575286865,7,2,False,False,False
EXP-T141,shadow,4,101,0.001,1e-05,10,70,0.3656914412443127,0.5330430865287781,3.3091206550598145,0.000995061710569696,2.9145543575286865,7,3,False,False,False
EXP-T141,shadow,4,101,0.001,1e-05,11,77,0.48621712412152973,0.5422678887844086,3.3630964756011963,0.0009939057285945933,2.9145543575286865,7,4,False,False,False
EXP-T141,shadow,4,101,0.001,1e-05,12,84,0.47110666973250254,0.48469404876232147,3.071641445159912,0.000992629116446613,2.9145543575286865,7,5,False,False,False
EXP-T141,shadow,4,101,0.001,1e-05,13,91,0.3423360842612705,0.46634477376937866,2.9847946166992188,0.000991232189110701,2.9145543575286865,7,6,False,False,False
EXP-T141,shadow,4,101,0.001,1e-05,14,98,0.34139261501176016,0.4719325602054596,3.0267505645751953,0.0009897152912577741,2.9145543575286865,7,7,False,False,False
EXP-T141,shadow,4,101,0.001,1e-05,15,105,0.42914304562977384,0.5467968285083771,3.368931293487549,0.00098807879715968,2.9145543575286865,7,8,False,False,False
EXP-T141,shadow,4,101,0.001,1e-05,16,112,0.5711543943200793,0.6277113407850266,3.7388651371002197,0.00098632311059685,2.9145543575286865,7,9,False,False,False
EXP-T141,shadow,4,101,0.001,1e-05,17,119,0.5120991723878043,0.5151015371084213,3.1765449047088623,0.0009844486647586723,2.9145543575286865,7,10,False,False,False
EXP-T141,shadow,4,101,0.001,1e-05,18,126,0.3123956003359386,0.5353296995162964,3.2703295946121216,0.00098245592213661,2.9145543575286865,7,11,False,False,False
EXP-T141,shadow,4,101,0.001,1e-05,19,133,0.30481107173753635,0.5172975957393646,3.2393860816955566,0.0009803453744100868,2.9145543575286865,7,12,False,False,False
EXP-T141,shadow,4,101,0.001,1e-05,20,140,0.2794421485492161,0.49398185312747955,3.1007070541381836,0.0009781175423251734,2.9145543575286865,7,13,False,False,False
EXP-T141,shadow,4,101,0.001,1e-05,21,147,0.3385124547140939,0.5837384611368179,3.5408663749694824,0.0009757729755661011,2.9145543575286865,7,14,False,False,False
EXP-T141,shadow,4,101,0.001,1e-05,22,154,0.43229309575898306,1.0568377375602722,5.735862612724304,0.0009733122526196349,2.9145543575286865,7,15,False,False,False
EXP-T141,shadow,4,101,0.001,1e-05,23,161,0.415792175169502,0.6028058975934982,3.618123769760132,0.0009707359806323416,2.9145543575286865,7,16,False,False,False
EXP-T141,shadow,4,101,0.001,1e-05,24,168,0.384956419467926,0.5090868771076202,3.161933422088623,0.0009680447952607845,2.9145543575286865,7,17,False,False,False
EXP-T141,shadow,4,101,0.001,1e-05,25,175,0.36752645458493916,0.5969247817993164,3.6012496948242188,0.0009652393605146844,2.9145543575286865,7,18,False,False,False
EXP-T141,shadow,4,101,0.001,1e-05,26,182,0.2772499290960176,0.5510459840297699,3.378304362297058,0.000962320368593087,2.9145543575286865,7,19,False,False,False
EXP-T141,shadow,4,101,0.001,1e-05,27,189,0.26493693036692484,0.4860167056322098,3.0598223209381104,0.0009592885397135706,2.9145543575286865,7,20,False,False,False
EXP-T141,shadow,4,101,0.001,1e-05,28,196,0.31854070935930523,0.46031270921230316,2.9227116107940674,0.0009561446219345453,2.9145543575286865,7,21,False,False,False
EXP-T141,shadow,4,101,0.001,1e-05,29,203,0.25912172480353285,0.5011627376079559,3.159581422805786,0.0009528893909706797,2.9145543575286865,7,22,False,False,False
EXP-T141,shadow,4,101,0.001,1e-05,30,210,0.2593221871980599,0.4542964994907379,2.947162389755249,0.0009495236500015047,2.9145543575286865,7,23,False,False,False
EXP-T141,shadow,4,101,0.001,1e-05,31,217,0.24022160789796285,0.6005374789237976,3.6001570224761963,0.0009460482294732421,2.9145543575286865,7,24,False,False,False
EXP-T141,shadow,4,101,0.001,1e-05,32,224,0.3265168241092137,0.47061164677143097,2.969268560409546,0.0009424639868939033,2.9145543575286865,7,25,False,False,False
EXP-T141,shadow,4,101,0.001,1e-05,33,231,0.24324282790933335,0.5153745114803314,3.216512680053711,0.0009387718066217125,2.9145543575286865,7,26,False,False,False
EXP-T141,shadow,4,101,0.001,1e-05,34,238,0.20964538093124116,0.45263710618019104,2.998594641685486,0.0009349725996469047,2.9145543575286865,7,27,False,False,False
EXP-T141,shadow,4,101,0.001,1e-05,35,245,0.20235159008630685,0.41604800522327423,2.7828242778778076,0.0009310673033669522,2.7828242778778076,35,0,True,False,False
EXP-T141,shadow,4,101,0.001,1e-05,36,252,0.21547200583985873,0.45954152941703796,2.9375803470611572,0.0009270568813552756,2.7828242778778076,35,1,False,False,False
EXP-T141,shadow,4,101,0.001,1e-05,37,259,0.22353057776178634,0.42195987701416016,2.8010791540145874,0.0009229423231234975,2.7828242778778076,35,2,False,False,False
EXP-T141,shadow,4,101,0.001,1e-05,38,266,0.3075080194643566,0.5997740477323532,3.595831274986267,0.0009187246438772938,2.7828242778778076,35,3,False,False,False
EXP-T141,shadow,4,101,0.001,1e-05,39,273,0.248070139637483,0.42798660695552826,2.845876693725586,0.0009144048842659081,2.7828242778778076,35,4,False,False,False
EXP-T141,shadow,4,101,0.001,1e-05,40,280,0.19898964038916997,0.44534845650196075,2.8879098892211914,0.0009099841101253866,2.7828242778778076,35,5,False,False,False
EXP-T141,shadow,4,101,0.001,1e-05,41,287,0.1723071030740227,0.47601842880249023,3.079635262489319,0.000905463412215599,2.7828242778778076,35,6,False,False,False
EXP-T141,shadow,4,101,0.001,1e-05,42,294,0.15326859376260213,0.4092464745044708,2.795264959335327,0.0009008439059511099,2.7828242778778076,35,7,False,False,False
EXP-T141,shadow,4,101,0.001,1e-05,43,301,0.13235780809606826,0.41387683153152466,2.8052855730056763,0.0008961267311259666,2.7828242778778076,35,8,False,False,False
EXP-T141,shadow,4,101,0.001,1e-05,44,308,0.13598559791820922,0.42942269146442413,2.813964366912842,0.0008913130516324732,2.7828242778778076,35,9,False,False,False
EXP-T141,shadow,4,101,0.001,1e-05,45,315,0.19493501633405685,0.4269843250513077,2.8184654712677,0.0008864040551740157,2.7828242778778076,35,10,False,False,False
EXP-T141,shadow,4,101,0.001,1e-05,46,322,0.11912485424961362,0.43097130954265594,2.830965518951416,0.0008814009529720154,2.7828242778778076,35,11,False,False,False
EXP-T141,shadow,4,101,0.001,1e-05,47,329,0.167960381933621,0.39843176305294037,2.690070152282715,0.0008763049794670775,2.690070152282715,47,0,True,False,False
EXP-T141,shadow,4,101,0.001,1e-05,48,336,0.11355073962892805,0.44701069593429565,2.849595069885254,0.0008711173920144117,2.690070152282715,47,1,False,False,False
EXP-T141,shadow,4,101,0.001,1e-05,49,343,0.11084990256599017,0.5124832987785339,3.190476179122925,0.0008658394705735987,2.690070152282715,47,2,False,False,False
EXP-T141,shadow,4,101,0.001,1e-05,50,350,0.20201830991676875,0.5587252676486969,3.374379515647888,0.0008604725173927785,2.690070152282715,47,3,False,False,False
EXP-T141,shadow,4,101,0.001,1e-05,51,357,0.21952788425343378,0.545431911945343,3.3781039714813232,0.000855017856687341,2.690070152282715,47,4,False,False,False
EXP-T141,shadow,4,101,0.001,1e-05,52,364,0.17035143449902534,0.41886433959007263,2.841381072998047,0.0008494768343131955,2.690070152282715,47,5,False,False,False
EXP-T141,shadow,4,101,0.001,1e-05,53,371,0.1684242391160556,0.4652833789587021,3.0322067737579346,0.0008438508174347009,2.690070152282715,47,6,False,False,False
EXP-T141,shadow,4,101,0.001,1e-05,54,378,0.14670093676873616,0.45830920338630676,2.9441022872924805,0.0008381411941873378,2.690070152282715,47,7,False,False,False
EXP-T141,shadow,4,101,0.001,1e-05,55,385,0.12736556146826064,0.45152391493320465,2.938110828399658,0.0008323493733352077,2.690070152282715,47,8,False,False,False
EXP-T141,shadow,4,101,0.001,1e-05,56,392,0.12653220232043946,0.44571879506111145,2.941929817199707,0.000826476783923441,2.690070152282715,47,9,False,False,False
EXP-T141,shadow,4,101,0.001,1e-05,57,399,0.12506531817572458,0.43934525549411774,2.937008500099182,0.0008205248749256015,2.690070152282715,47,10,False,False,False
EXP-T141,shadow,4,101,0.001,1e-05,58,406,0.12307800565447126,0.4333038628101349,2.8984274864196777,0.0008144951148861742,2.690070152282715,47,11,False,False,False
EXP-T141,shadow,4,101,0.001,1e-05,59,413,0.10773793564710234,0.4042302817106247,2.7416616678237915,0.0008083889915582234,2.690070152282715,47,12,False,False,False
EXP-T141,shadow,4,101,0.001,1e-05,60,420,0.0819530036699559,0.42138512432575226,2.726770758628845,0.0008022080115363127,2.690070152282715,47,13,False,False,False
EXP-T141,shadow,4,101,0.001,1e-05,61,427,0.12125456226723534,0.3920544683933258,2.672937512397766,0.0007959536998847743,2.672937512397766,61,0,True,False,False
EXP-T141,shadow,4,101,0.001,1e-05,62,434,0.12447599481259074,0.4413384348154068,2.8770004510879517,0.0007896275997614229,2.672937512397766,61,1,False,False,False
EXP-T141,shadow,4,101,0.001,1e-05,63,441,0.10910208190658263,0.42353954911231995,2.804609537124634,0.0007832312720368048,2.672937512397766,61,2,False,False,False
EXP-T141,shadow,4,101,0.001,1e-05,64,448,0.09705235649432455,0.42603351175785065,2.8154035806655884,0.0007767662949090753,2.672937512397766,61,3,False,False,False
EXP-T141,shadow,4,101,0.001,1e-05,65,455,0.08154753329498428,0.4760972410440445,3.071547269821167,0.0007702342635146033,2.672937512397766,61,4,False,False,False
EXP-T141,shadow,4,101,0.001,1e-05,66,462,0.08914045350892204,0.5080096423625946,3.2241878509521484,0.0007636367895343947,2.672937512397766,61,5,False,False,False
EXP-T141,shadow,4,101,0.001,1e-05,67,469,0.11966580312166895,0.500387042760849,3.074977159500122,0.0007569755007964338,2.672937512397766,61,6,False,False,False
EXP-T141,shadow,4,101,0.001,1e-05,68,476,0.078405551346285,0.45468613505363464,3.015192985534668,0.0007502520408740418,2.672937512397766,61,7,False,False,False
EXP-T141,shadow,4,101,0.001,1e-05,69,483,0.08235663082450628,0.46187886595726013,2.9961674213409424,0.000743468068680349,2.672937512397766,61,8,False,False,False
EXP-T141,shadow,4,101,0.001,1e-05,70,490,0.07440634284700666,0.4559447914361954,2.9763381481170654,0.0007366252580589839,2.672937512397766,61,9,False,False,False
EXP-T141,shadow,4,101,0.001,1e-05,71,497,0.10787241905927658,0.47505858540534973,3.0557388067245483,0.0007297252973710757,2.672937512397766,61,10,False,False,False
EXP-T141,shadow,4,101,0.001,1e-05,72,504,0.11987102111535412,0.49796026945114136,3.146620988845825,0.0007227698890786779,2.672937512397766,61,11,False,False,False
EXP-T141,shadow,4,101,0.001,1e-05,73,511,0.10725553865943636,0.45277389883995056,3.0019882917404175,0.000715760749324711,2.672937512397766,61,12,False,False,False
EXP-T141,shadow,4,101,0.001,1e-05,74,518,0.09263829195073672,0.4373846799135208,2.922784686088562,0.0007086996075095289,2.672937512397766,61,13,False,False,False
EXP-T141,shadow,4,101,0.001,1e-05,75,525,0.14039730014545576,0.49007681012153625,3.0602561235427856,0.0007015882058642164,2.672937512397766,61,14,False,False,False
EXP-T141,shadow,4,101,0.001,1e-05,76,532,0.10056729268814836,0.4399290084838867,2.8416295051574707,0.0006944282990207195,2.672937512397766,61,15,False,False,False
EXP-T141,shadow,4,101,0.001,1e-05,77,539,0.09314751625061035,0.40972568094730377,2.7932541370391846,0.0006872216535789157,2.672937512397766,61,16,False,False,False
EXP-T141,shadow,4,101,0.001,1e-05,78,546,0.07452754796083484,0.4139731824398041,2.773971915245056,0.0006799700476707324,2.672937512397766,61,17,False,False,False
EXP-T141,shadow,4,101,0.001,1e-05,79,553,0.06628471639539514,0.44498948752880096,2.8545687198638916,0.0006726752705214194,2.672937512397766,61,18,False,False,False
EXP-T141,shadow,4,101,0.001,1e-05,80,560,0.10716648769032742,0.4310537874698639,2.873774766921997,0.000665339122008084,2.672937512397766,61,19,False,False,False
EXP-T141,shadow,4,101,0.001,1e-05,81,567,0.08041926973965019,0.4626149833202362,2.9896674156188965,0.000657963412215599,2.672937512397766,61,20,False,False,False
EXP-T141,shadow,4,101,0.001,1e-05,82,574,0.07285647307123456,0.4259193390607834,2.8812729120254517,0.0006505499609899905,2.672937512397766,61,21,False,False,False
EXP-T141,shadow,4,101,0.001,1e-05,83,581,0.05695774592459202,0.44871658086776733,2.933591604232788,0.0006431005974894186,2.672937512397766,61,22,False,False,False
EXP-T141,shadow,4,101,0.001,1e-05,84,588,0.07171650018010821,0.4436803162097931,2.9013978242874146,0.0006356171597328595,2.672937512397766,61,23,False,False,False
EXP-T141,shadow,4,101,0.001,1e-05,85,595,0.07259198437844004,0.4365008771419525,2.89816415309906,0.000628101494146603,2.672937512397766,61,24,False,False,False
EXP-T141,shadow,4,101,0.001,1e-05,86,602,0.05374297872185707,0.45936205983161926,2.965924620628357,0.0006205554551086733,2.672937512397766,61,25,False,False,False
EXP-T141,shadow,4,101,0.001,1e-05,87,609,0.07631387934088707,0.440714031457901,2.906394124031067,0.0006129809044912887,2.672937512397766,61,26,False,False,False
EXP-T141,shadow,4,101,0.001,1e-05,88,616,0.0786313685987677,0.4149228036403656,2.7250415086746216,0.0006053797112014738,2.672937512397766,61,27,False,False,False
EXP-T141,shadow,4,101,0.001,1e-05,89,623,0.08595998904534749,0.3864191174507141,2.6825883388519287,0.0005977537507199338,2.672937512397766,61,28,False,False,False
EXP-T141,shadow,4,101,0.001,1e-05,90,630,0.05859602375754288,0.39713120460510254,2.724257707595825,0.0005901049046383077,2.672937512397766,61,29,False,False,False
EXP-T141,shadow,4,101,0.001,1e-05,91,637,0.04796267167798111,0.44139687716960907,2.903122663497925,0.0005824350601949143,2.672937512397766,61,30,False,True,False
EXP-T141,shadow,4,101,0.01,0.0001,1,7,3.692841053009033,4.373474836349487,20.39720129966736,0.01,20.39720129966736,1,0,True,False,False
EXP-T141,shadow,4,101,0.01,0.0001,2,14,2.20434033870697,0.8298854231834412,4.671993732452393,0.00999938933078422,4.671993732452393,2,0,True,False,False
EXP-T141,shadow,4,101,0.01,0.0001,3,21,0.802791850907462,2.2265084981918335,10.914016008377075,0.009997557473810372,4.671993732452393,2,1,False,False,False
EXP-T141,shadow,4,101,0.01,0.0001,4,28,1.8220285060150283,0.5982349812984467,3.629084587097168,0.009994504881061753,3.629084587097168,4,0,True,False,False
EXP-T141,shadow,4,101,0.01,0.0001,5,35,0.6070001646876335,7.3960254192352295,33.73167073726654,0.009990232305719944,3.629084587097168,4,1,False,False,False
EXP-T141,shadow,4,101,0.01,0.0001,6,42,1.760196668761117,2.746755838394165,13.220669865608215,0.009984740801978984,3.629084587097168,4,2,False,False,False
EXP-T141,shadow,4,101,0.01,0.0001,7,49,1.8206548863755805,8.607783794403076,39.077536821365356,0.009978031724785246,3.629084587097168,4,3,False,False,False
EXP-T141,shadow,4,101,0.01,0.0001,8,56,8.857158490589686,10.559112071990967,47.68613338470459,0.00997010672950314,3.629084587097168,4,4,False,False,False
EXP-T141,shadow,4,101,0.01,0.0001,9,63,4.681232690811157,1.7835310101509094,8.92988908290863,0.009960967771506667,3.629084587097168,4,5,False,False,False
EXP-T141,shadow,4,101,0.01,0.0001,10,70,0.9442575233323234,1.4624038934707642,7.43063223361969,0.00995061710569696,3.629084587097168,4,6,False,False,False
EXP-T141,shadow,4,101,0.01,0.0001,11,77,1.1443877220153809,0.5573007315397263,3.40625,0.009939057285945933,3.40625,11,0,True,False,False
EXP-T141,shadow,4,101,0.01,0.0001,12,84,0.5418284961155483,0.5587618947029114,3.40625,0.00992629116446613,3.40625,11,1,False,False,False
EXP-T141,shadow,4,101,0.01,0.0001,13,91,0.5933470734661179,0.5568956732749939,3.40625,0.00991232189110701,3.40625,11,2,False,False,False
EXP-T141,shadow,4,101,0.01,0.0001,14,98,0.4942272709948676,0.5563870966434479,3.40625,0.00989715291257774,3.40625,11,3,False,False,False
EXP-T141,shadow,4,101,0.01,0.0001,15,105,0.7271693306309837,0.5561571419239044,3.40625,0.0098807879715968,3.40625,11,4,False,False,False
EXP-T141,shadow,4,101,0.01,0.0001,16,112,0.7395727464130947,0.5572488754987717,3.40625,0.0098632311059685,3.40625,11,5,False,False,False
EXP-T141,shadow,4,101,0.01,0.0001,17,119,0.6315946068082537,0.5586380660533905,3.40625,0.009844486647586723,3.40625,11,6,False,False,False
EXP-T141,shadow,4,101,0.01,0.0001,18,126,0.5693027717726571,0.5604915767908096,3.40625,0.0098245592213661,3.40625,11,7,False,False,False
EXP-T141,shadow,4,101,0.01,0.0001,19,133,0.5177232027053833,0.5617726147174835,3.40625,0.009803453744100868,3.40625,11,8,False,False,False
EXP-T141,shadow,4,101,0.01,0.0001,20,140,0.5284780306475503,0.5593777298927307,3.40625,0.009781175423251734,3.40625,11,9,False,False,False
EXP-T141,shadow,4,101,0.01,0.0001,21,147,0.6651864307267326,0.557065799832344,3.40625,0.009757729755661011,3.40625,11,10,False,False,False
EXP-T141,shadow,4,101,0.01,0.0001,22,154,0.7164521600518908,0.5566403269767761,3.40625,0.009733122526196349,3.40625,11,11,False,False,False
EXP-T141,shadow,4,101,0.01,0.0001,23,161,0.6071261848722186,0.5556484013795853,3.40625,0.009707359806323416,3.40625,11,12,False,False,False
EXP-T141,shadow,4,101,0.01,0.0001,24,168,0.5151418979678836,0.5558234006166458,3.40625,0.009680447952607845,3.40625,11,13,False,False,False
EXP-T141,shadow,4,101,0.01,0.0001,25,175,0.49406570781554493,0.5562922954559326,3.40625,0.009652393605146845,3.40625,11,14,False,False,False
EXP-T141,shadow,4,101,0.01,0.0001,26,182,0.490992136033518,0.5567577481269836,3.40625,0.00962320368593087,3.40625,11,15,False,False,False
EXP-T141,shadow,4,101,0.01,0.0001,27,189,0.4961615263351372,0.5562998950481415,3.40625,0.009592885397135707,3.40625,11,16,False,False,False
EXP-T141,shadow,4,101,0.01,0.0001,28,196,0.4948674610682896,0.5557135343551636,3.40625,0.009561446219345454,3.40625,11,17,False,False,False
EXP-T141,shadow,4,101,0.01,0.0001,29,203,0.5031722124133792,0.5557459890842438,3.40625,0.009528893909706798,3.40625,11,18,False,False,False
EXP-T141,shadow,4,101,0.01,0.0001,30,210,0.4954681337944099,0.5559816956520081,3.40625,0.009495236500015047,3.40625,11,19,False,False,False
EXP-T141,shadow,4,101,0.01,0.0001,31,217,0.5151410273143223,0.555794820189476,3.40625,0.00946048229473242,3.40625,11,20,False,False,False
EXP-T141,shadow,4,101,0.01,0.0001,32,224,0.5596874569143567,0.5561203807592392,3.40625,0.009424639868939034,3.40625,11,21,False,False,False
EXP-T141,shadow,4,101,0.01,0.0001,33,231,0.4890334691320147,0.55656898021698,3.40625,0.009387718066217124,3.40625,11,22,False,False,False
EXP-T141,shadow,4,101,0.01,0.0001,34,238,0.6495464146137238,0.5567866563796997,3.40625,0.009349725996469048,3.40625,11,23,False,False,False
EXP-T141,shadow,4,101,0.01,0.0001,35,245,0.5414765860353198,0.5576873123645782,3.40625,0.00931067303366952,3.40625,11,24,False,False,False
EXP-T141,shadow,4,101,0.01,0.0001,36,252,0.6299372059958321,0.5584407448768616,3.40625,0.009270568813552756,3.40625,11,25,False,False,False
EXP-T141,shadow,4,101,0.01,0.0001,37,259,0.6027662796633584,0.5576817840337753,3.40625,0.009229423231234974,3.40625,11,26,False,False,False
EXP-T141,shadow,4,101,0.01,0.0001,38,266,0.7650163386549268,0.5576854646205902,3.40625,0.009187246438772938,3.40625,11,27,False,False,False
EXP-T141,shadow,4,101,0.01,0.0001,39,273,0.6250620697225843,0.5563908517360687,3.40625,0.009144048842659082,3.40625,11,28,False,False,False
EXP-T141,shadow,4,101,0.01,0.0001,40,280,0.6537245980330876,0.555414468050003,3.40625,0.009099841101253866,3.40625,11,29,False,False,False
EXP-T141,shadow,4,101,0.01,0.0001,41,287,0.48889540295515743,0.5554177463054657,3.40625,0.00905463412215599,3.40625,11,30,False,True,False
