=== modeling Sat Aug 29 05:40:48 UTC 2026 ===
RUN canonical HIC SEQ_SIMPLE Ridge d=99
RUN canonical HIC SEQ_SIMPLE Lasso d=99
/workspace_developability_acquisition/gate_b2/scripts/04_modeling.py:115: ConstantInputWarning: An input array is constant; the correlation coefficient is not defined.
  sc = spearmanr(y[tr][iva], pred).correlation
/workspace_developability_acquisition/gate_b2/scripts/04_modeling.py:115: ConstantInputWarning: An input array is constant; the correlation coefficient is not defined.
  sc = spearmanr(y[tr][iva], pred).correlation
/workspace_developability_acquisition/gate_b2/scripts/04_modeling.py:115: ConstantInputWarning: An input array is constant; the correlation coefficient is not defined.
  sc = spearmanr(y[tr][iva], pred).correlation
/workspace_developability_acquisition/gate_b2/scripts/04_modeling.py:115: ConstantInputWarning: An input array is constant; the correlation coefficient is not defined.
  sc = spearmanr(y[tr][iva], pred).correlation
/workspace_developability_acquisition/gate_b2/scripts/04_modeling.py:115: ConstantInputWarning: An input array is constant; the correlation coefficient is not defined.
  sc = spearmanr(y[tr][iva], pred).correlation
/workspace_developability_acquisition/gate_b2/scripts/04_modeling.py:115: ConstantInputWarning: An input array is constant; the correlation coefficient is not defined.
  sc = spearmanr(y[tr][iva], pred).correlation
/workspace_developability_acquisition/gate_b2/scripts/04_modeling.py:115: ConstantInputWarning: An input array is constant; the correlation coefficient is not defined.
  sc = spearmanr(y[tr][iva], pred).correlation
/workspace_developability_acquisition/gate_b2/scripts/04_modeling.py:115: ConstantInputWarning: An input array is constant; the correlation coefficient is not defined.
  sc = spearmanr(y[tr][iva], pred).correlation
/workspace_developability_acquisition/gate_b2/scripts/04_modeling.py:115: ConstantInputWarning: An input array is constant; the correlation coefficient is not defined.
  sc = spearmanr(y[tr][iva], pred).correlation
/workspace_developability_acquisition/gate_b2/scripts/04_modeling.py:115: ConstantInputWarning: An input array is constant; the correlation coefficient is not defined.
  sc = spearmanr(y[tr][iva], pred).correlation
/workspace_developability_acquisition/gate_b2/scripts/04_modeling.py:115: ConstantInputWarning: An input array is constant; the correlation coefficient is not defined.
  sc = spearmanr(y[tr][iva], pred).correlation
/workspace_developability_acquisition/gate_b2/scripts/04_modeling.py:115: ConstantInputWarning: An input array is constant; the correlation coefficient is not defined.
  sc = spearmanr(y[tr][iva], pred).correlation
/workspace_developability_acquisition/gate_b2/scripts/04_modeling.py:115: ConstantInputWarning: An input array is constant; the correlation coefficient is not defined.
  sc = spearmanr(y[tr][iva], pred).correlation
/workspace_developability_acquisition/gate_b2/scripts/04_modeling.py:115: ConstantInputWarning: An input array is constant; the correlation coefficient is not defined.
  sc = spearmanr(y[tr][iva], pred).correlation
/workspace_developability_acquisition/gate_b2/scripts/04_modeling.py:115: ConstantInputWarning: An input array is constant; the correlation coefficient is not defined.
  sc = spearmanr(y[tr][iva], pred).correlation
RUN canonical HIC SEQ_SIMPLE ElasticNet d=99
/workspace_developability_acquisition/gate_b2/scripts/04_modeling.py:115: ConstantInputWarning: An input array is constant; the correlation coefficient is not defined.
  sc = spearmanr(y[tr][iva], pred).correlation
/workspace_developability_acquisition/gate_b2/scripts/04_modeling.py:115: ConstantInputWarning: An input array is constant; the correlation coefficient is not defined.
  sc = spearmanr(y[tr][iva], pred).correlation
/workspace_developability_acquisition/gate_b2/scripts/04_modeling.py:115: ConstantInputWarning: An input array is constant; the correlation coefficient is not defined.
  sc = spearmanr(y[tr][iva], pred).correlation
/workspace_developability_acquisition/gate_b2/scripts/04_modeling.py:115: ConstantInputWarning: An input array is constant; the correlation coefficient is not defined.
  sc = spearmanr(y[tr][iva], pred).correlation
/workspace_developability_acquisition/gate_b2/scripts/04_modeling.py:115: ConstantInputWarning: An input array is constant; the correlation coefficient is not defined.
  sc = spearmanr(y[tr][iva], pred).correlation
/workspace_developability_acquisition/gate_b2/scripts/04_modeling.py:115: ConstantInputWarning: An input array is constant; the correlation coefficient is not defined.
  sc = spearmanr(y[tr][iva], pred).correlation
/workspace_developability_acquisition/gate_b2/scripts/04_modeling.py:115: ConstantInputWarning: An input array is constant; the correlation coefficient is not defined.
  sc = spearmanr(y[tr][iva], pred).correlation
/workspace_developability_acquisition/gate_b2/scripts/04_modeling.py:115: ConstantInputWarning: An input array is constant; the correlation coefficient is not defined.
  sc = spearmanr(y[tr][iva], pred).correlation
/workspace_developability_acquisition/gate_b2/scripts/04_modeling.py:115: ConstantInputWarning: An input array is constant; the correlation coefficient is not defined.
  sc = spearmanr(y[tr][iva], pred).correlation
/workspace_developability_acquisition/gate_b2/scripts/04_modeling.py:115: ConstantInputWarning: An input array is constant; the correlation coefficient is not defined.
  sc = spearmanr(y[tr][iva], pred).correlation
/workspace_developability_acquisition/gate_b2/scripts/04_modeling.py:115: ConstantInputWarning: An input array is constant; the correlation coefficient is not defined.
  sc = spearmanr(y[tr][iva], pred).correlation
/workspace_developability_acquisition/gate_b2/scripts/04_modeling.py:115: ConstantInputWarning: An input array is constant; the correlation coefficient is not defined.
  sc = spearmanr(y[tr][iva], pred).correlation
/workspace_developability_acquisition/gate_b2/scripts/04_modeling.py:115: ConstantInputWarning: An input array is constant; the correlation coefficient is not defined.
  sc = spearmanr(y[tr][iva], pred).correlation
/workspace_developability_acquisition/gate_b2/scripts/04_modeling.py:115: ConstantInputWarning: An input array is constant; the correlation coefficient is not defined.
  sc = spearmanr(y[tr][iva], pred).correlation
/workspace_developability_acquisition/gate_b2/scripts/04_modeling.py:115: ConstantInputWarning: An input array is constant; the correlation coefficient is not defined.
  sc = spearmanr(y[tr][iva], pred).correlation
/workspace_developability_acquisition/gate_b2/scripts/04_modeling.py:115: ConstantInputWarning: An input array is constant; the correlation coefficient is not defined.
  sc = spearmanr(y[tr][iva], pred).correlation
/workspace_developability_acquisition/gate_b2/scripts/04_modeling.py:115: ConstantInputWarning: An input array is constant; the correlation coefficient is not defined.
  sc = spearmanr(y[tr][iva], pred).correlation
/workspace_developability_acquisition/gate_b2/scripts/04_modeling.py:115: ConstantInputWarning: An input array is constant; the correlation coefficient is not defined.
  sc = spearmanr(y[tr][iva], pred).correlation
/workspace_developability_acquisition/gate_b2/scripts/04_modeling.py:115: ConstantInputWarning: An input array is constant; the correlation coefficient is not defined.
  sc = spearmanr(y[tr][iva], pred).correlation
/workspace_developability_acquisition/gate_b2/scripts/04_modeling.py:115: ConstantInputWarning: An input array is constant; the correlation coefficient is not defined.
  sc = spearmanr(y[tr][iva], pred).correlation
/workspace_developability_acquisition/gate_b2/scripts/04_modeling.py:115: ConstantInputWarning: An input array is constant; the correlation coefficient is not defined.
  sc = spearmanr(y[tr][iva], pred).correlation
/workspace_developability_acquisition/gate_b2/scripts/04_modeling.py:115: ConstantInputWarning: An input array is constant; the correlation coefficient is not defined.
  sc = spearmanr(y[tr][iva], pred).correlation
/workspace_developability_acquisition/gate_b2/scripts/04_modeling.py:115: ConstantInputWarning: An input array is constant; the correlation coefficient is not defined.
  sc = spearmanr(y[tr][iva], pred).correlation
/workspace_developability_acquisition/gate_b2/scripts/04_modeling.py:115: ConstantInputWarning: An input array is constant; the correlation coefficient is not defined.
  sc = spearmanr(y[tr][iva], pred).correlation
/workspace_developability_acquisition/gate_b2/scripts/04_modeling.py:115: ConstantInputWarning: An input array is constant; the correlation coefficient is not defined.
  sc = spearmanr(y[tr][iva], pred).correlation
/workspace_developability_acquisition/gate_b2/scripts/04_modeling.py:115: ConstantInputWarning: An input array is constant; the correlation coefficient is not defined.
  sc = spearmanr(y[tr][iva], pred).correlation
/workspace_developability_acquisition/gate_b2/scripts/04_modeling.py:115: ConstantInputWarning: An input array is constant; the correlation coefficient is not defined.
  sc = spearmanr(y[tr][iva], pred).correlation
/workspace_developability_acquisition/gate_b2/scripts/04_modeling.py:115: ConstantInputWarning: An input array is constant; the correlation coefficient is not defined.
  sc = spearmanr(y[tr][iva], pred).correlation
/workspace_developability_acquisition/gate_b2/scripts/04_modeling.py:115: ConstantInputWarning: An input array is constant; the correlation coefficient is not defined.
  sc = spearmanr(y[tr][iva], pred).correlation
/workspace_developability_acquisition/gate_b2/scripts/04_modeling.py:115: ConstantInputWarning: An input array is constant; the correlation coefficient is not defined.
  sc = spearmanr(y[tr][iva], pred).correlation
RUN canonical HIC SEQ_CDR Ridge d=260
RUN canonical HIC SEQ_CDR ElasticNet d=260
/workspace_developability_acquisition/gate_b2/scripts/04_modeling.py:115: ConstantInputWarning: An input array is constant; the correlation coefficient is not defined.
  sc = spearmanr(y[tr][iva], pred).correlation
/workspace_developability_acquisition/gate_b2/scripts/04_modeling.py:115: ConstantInputWarning: An input array is constant; the correlation coefficient is not defined.
  sc = spearmanr(y[tr][iva], pred).correlation
/workspace_developability_acquisition/gate_b2/scripts/04_modeling.py:115: ConstantInputWarning: An input array is constant; the correlation coefficient is not defined.
  sc = spearmanr(y[tr][iva], pred).correlation
/workspace_developability_acquisition/gate_b2/scripts/04_modeling.py:115: ConstantInputWarning: An input array is constant; the correlation coefficient is not defined.
  sc = spearmanr(y[tr][iva], pred).correlation
/workspace_developability_acquisition/gate_b2/scripts/04_modeling.py:115: ConstantInputWarning: An input array is constant; the correlation coefficient is not defined.
  sc = spearmanr(y[tr][iva], pred).correlation
/workspace_developability_acquisition/gate_b2/scripts/04_modeling.py:115: ConstantInputWarning: An input array is constant; the correlation coefficient is not defined.
  sc = spearmanr(y[tr][iva], pred).correlation
/workspace_developability_acquisition/gate_b2/scripts/04_modeling.py:115: ConstantInputWarning: An input array is constant; the correlation coefficient is not defined.
  sc = spearmanr(y[tr][iva], pred).correlation
/workspace_developability_acquisition/gate_b2/scripts/04_modeling.py:115: ConstantInputWarning: An input array is constant; the correlation coefficient is not defined.
  sc = spearmanr(y[tr][iva], pred).correlation
/workspace_developability_acquisition/gate_b2/scripts/04_modeling.py:115: ConstantInputWarning: An input array is constant; the correlation coefficient is not defined.
  sc = spearmanr(y[tr][iva], pred).correlation
/workspace_developability_acquisition/gate_b2/scripts/04_modeling.py:115: ConstantInputWarning: An input array is constant; the correlation coefficient is not defined.
  sc = spearmanr(y[tr][iva], pred).correlation
/workspace_developability_acquisition/gate_b2/scripts/04_modeling.py:115: ConstantInputWarning: An input array is constant; the correlation coefficient is not defined.
  sc = spearmanr(y[tr][iva], pred).correlation
/workspace_developability_acquisition/gate_b2/scripts/04_modeling.py:115: ConstantInputWarning: An input array is constant; the correlation coefficient is not defined.
  sc = spearmanr(y[tr][iva], pred).correlation
/workspace_developability_acquisition/gate_b2/scripts/04_modeling.py:115: ConstantInputWarning: An input array is constant; the correlation coefficient is not defined.
  sc = spearmanr(y[tr][iva], pred).correlation
/workspace_developability_acquisition/gate_b2/scripts/04_modeling.py:115: ConstantInputWarning: An input array is constant; the correlation coefficient is not defined.
  sc = spearmanr(y[tr][iva], pred).correlation
/workspace_developability_acquisition/gate_b2/scripts/04_modeling.py:115: ConstantInputWarning: An input array is constant; the correlation coefficient is not defined.
  sc = spearmanr(y[tr][iva], pred).correlation
XGB canonical HIC SEQ_CDR
RUN canonical HIC BIO_SHORTCUT Ridge
RUN canonical HIC BIO_SHORTCUT Lasso
/workspace_developability_acquisition/gate_b2/scripts/04_modeling.py:115: ConstantInputWarning: An input array is constant; the correlation coefficient is not defined.
  sc = spearmanr(y[tr][iva], pred).correlation
/workspace_developability_acquisition/gate_b2/scripts/04_modeling.py:115: ConstantInputWarning: An input array is constant; the correlation coefficient is not defined.
  sc = spearmanr(y[tr][iva], pred).correlation
/workspace_developability_acquisition/gate_b2/scripts/04_modeling.py:115: ConstantInputWarning: An input array is constant; the correlation coefficient is not defined.
  sc = spearmanr(y[tr][iva], pred).correlation
/workspace_developability_acquisition/gate_b2/scripts/04_modeling.py:115: ConstantInputWarning: An input array is constant; the correlation coefficient is not defined.
  sc = spearmanr(y[tr][iva], pred).correlation
/workspace_developability_acquisition/gate_b2/scripts/04_modeling.py:115: ConstantInputWarning: An input array is constant; the correlation coefficient is not defined.
  sc = spearmanr(y[tr][iva], pred).correlation
/workspace_developability_acquisition/gate_b2/scripts/04_modeling.py:115: ConstantInputWarning: An input array is constant; the correlation coefficient is not defined.
  sc = spearmanr(y[tr][iva], pred).correlation
/workspace_developability_acquisition/gate_b2/scripts/04_modeling.py:115: ConstantInputWarning: An input array is constant; the correlation coefficient is not defined.
  sc = spearmanr(y[tr][iva], pred).correlation
/workspace_developability_acquisition/gate_b2/scripts/04_modeling.py:115: ConstantInputWarning: An input array is constant; the correlation coefficient is not defined.
  sc = spearmanr(y[tr][iva], pred).correlation
/workspace_developability_acquisition/gate_b2/scripts/04_modeling.py:115: ConstantInputWarning: An input array is constant; the correlation coefficient is not defined.
  sc = spearmanr(y[tr][iva], pred).correlation
/workspace_developability_acquisition/gate_b2/scripts/04_modeling.py:115: ConstantInputWarning: An input array is constant; the correlation coefficient is not defined.
  sc = spearmanr(y[tr][iva], pred).correlation
/workspace_developability_acquisition/gate_b2/scripts/04_modeling.py:115: ConstantInputWarning: An input array is constant; the correlation coefficient is not defined.
  sc = spearmanr(y[tr][iva], pred).correlation
/workspace_developability_acquisition/gate_b2/scripts/04_modeling.py:115: ConstantInputWarning: An input array is constant; the correlation coefficient is not defined.
  sc = spearmanr(y[tr][iva], pred).correlation
/workspace_developability_acquisition/gate_b2/scripts/04_modeling.py:115: ConstantInputWarning: An input array is constant; the correlation coefficient is not defined.
  sc = spearmanr(y[tr][iva], pred).correlation
/workspace_developability_acquisition/gate_b2/scripts/04_modeling.py:115: ConstantInputWarning: An input array is constant; the correlation coefficient is not defined.
  sc = spearmanr(y[tr][iva], pred).correlation
/workspace_developability_acquisition/gate_b2/scripts/04_modeling.py:115: ConstantInputWarning: An input array is constant; the correlation coefficient is not defined.
  sc = spearmanr(y[tr][iva], pred).correlation
RUN canonical HIC BIO_SHORTCUT ElasticNet
/workspace_developability_acquisition/gate_b2/scripts/04_modeling.py:115: ConstantInputWarning: An input array is constant; the correlation coefficient is not defined.
  sc = spearmanr(y[tr][iva], pred).correlation
/workspace_developability_acquisition/gate_b2/scripts/04_modeling.py:115: ConstantInputWarning: An input array is constant; the correlation coefficient is not defined.
  sc = spearmanr(y[tr][iva], pred).correlation
/workspace_developability_acquisition/gate_b2/scripts/04_modeling.py:115: ConstantInputWarning: An input array is constant; the correlation coefficient is not defined.
  sc = spearmanr(y[tr][iva], pred).correlation
/workspace_developability_acquisition/gate_b2/scripts/04_modeling.py:115: ConstantInputWarning: An input array is constant; the correlation coefficient is not defined.
  sc = spearmanr(y[tr][iva], pred).correlation
/workspace_developability_acquisition/gate_b2/scripts/04_modeling.py:115: ConstantInputWarning: An input array is constant; the correlation coefficient is not defined.
  sc = spearmanr(y[tr][iva], pred).correlation
/workspace_developability_acquisition/gate_b2/scripts/04_modeling.py:115: ConstantInputWarning: An input array is constant; the correlation coefficient is not defined.
  sc = spearmanr(y[tr][iva], pred).correlation
/workspace_developability_acquisition/gate_b2/scripts/04_modeling.py:115: ConstantInputWarning: An input array is constant; the correlation coefficient is not defined.
  sc = spearmanr(y[tr][iva], pred).correlation
/workspace_developability_acquisition/gate_b2/scripts/04_modeling.py:115: ConstantInputWarning: An input array is constant; the correlation coefficient is not defined.
  sc = spearmanr(y[tr][iva], pred).correlation
/workspace_developability_acquisition/gate_b2/scripts/04_modeling.py:115: ConstantInputWarning: An input array is constant; the correlation coefficient is not defined.
  sc = spearmanr(y[tr][iva], pred).correlation
/workspace_developability_acquisition/gate_b2/scripts/04_modeling.py:115: ConstantInputWarning: An input array is constant; the correlation coefficient is not defined.
  sc = spearmanr(y[tr][iva], pred).correlation
/workspace_developability_acquisition/gate_b2/scripts/04_modeling.py:115: ConstantInputWarning: An input array is constant; the correlation coefficient is not defined.
  sc = spearmanr(y[tr][iva], pred).correlation
/workspace_developability_acquisition/gate_b2/scripts/04_modeling.py:115: ConstantInputWarning: An input array is constant; the correlation coefficient is not defined.
  sc = spearmanr(y[tr][iva], pred).correlation
/workspace_developability_acquisition/gate_b2/scripts/04_modeling.py:115: ConstantInputWarning: An input array is constant; the correlation coefficient is not defined.
  sc = spearmanr(y[tr][iva], pred).correlation
/workspace_developability_acquisition/gate_b2/scripts/04_modeling.py:115: ConstantInputWarning: An input array is constant; the correlation coefficient is not defined.
  sc = spearmanr(y[tr][iva], pred).correlation
/workspace_developability_acquisition/gate_b2/scripts/04_modeling.py:115: ConstantInputWarning: An input array is constant; the correlation coefficient is not defined.
  sc = spearmanr(y[tr][iva], pred).correlation
/workspace_developability_acquisition/gate_b2/scripts/04_modeling.py:115: ConstantInputWarning: An input array is constant; the correlation coefficient is not defined.
  sc = spearmanr(y[tr][iva], pred).correlation
/workspace_developability_acquisition/gate_b2/scripts/04_modeling.py:115: ConstantInputWarning: An input array is constant; the correlation coefficient is not defined.
  sc = spearmanr(y[tr][iva], pred).correlation
/workspace_developability_acquisition/gate_b2/scripts/04_modeling.py:115: ConstantInputWarning: An input array is constant; the correlation coefficient is not defined.
  sc = spearmanr(y[tr][iva], pred).correlation
/workspace_developability_acquisition/gate_b2/scripts/04_modeling.py:115: ConstantInputWarning: An input array is constant; the correlation coefficient is not defined.
  sc = spearmanr(y[tr][iva], pred).correlation
/workspace_developability_acquisition/gate_b2/scripts/04_modeling.py:115: ConstantInputWarning: An input array is constant; the correlation coefficient is not defined.
  sc = spearmanr(y[tr][iva], pred).correlation
/workspace_developability_acquisition/gate_b2/scripts/04_modeling.py:115: ConstantInputWarning: An input array is constant; the correlation coefficient is not defined.
  sc = spearmanr(y[tr][iva], pred).correlation
/workspace_developability_acquisition/gate_b2/scripts/04_modeling.py:115: ConstantInputWarning: An input array is constant; the correlation coefficient is not defined.
  sc = spearmanr(y[tr][iva], pred).correlation
/workspace_developability_acquisition/gate_b2/scripts/04_modeling.py:115: ConstantInputWarning: An input array is constant; the correlation coefficient is not defined.
  sc = spearmanr(y[tr][iva], pred).correlation
/workspace_developability_acquisition/gate_b2/scripts/04_modeling.py:115: ConstantInputWarning: An input array is constant; the correlation coefficient is not defined.
  sc = spearmanr(y[tr][iva], pred).correlation
/workspace_developability_acquisition/gate_b2/scripts/04_modeling.py:115: ConstantInputWarning: An input array is constant; the correlation coefficient is not defined.
  sc = spearmanr(y[tr][iva], pred).correlation
/workspace_developability_acquisition/gate_b2/scripts/04_modeling.py:115: ConstantInputWarning: An input array is constant; the correlation coefficient is not defined.
  sc = spearmanr(y[tr][iva], pred).correlation
/workspace_developability_acquisition/gate_b2/scripts/04_modeling.py:115: ConstantInputWarning: An input array is constant; the correlation coefficient is not defined.
  sc = spearmanr(y[tr][iva], pred).correlation
/workspace_developability_acquisition/gate_b2/scripts/04_modeling.py:115: ConstantInputWarning: An input array is constant; the correlation coefficient is not defined.
  sc = spearmanr(y[tr][iva], pred).correlation
/workspace_developability_acquisition/gate_b2/scripts/04_modeling.py:115: ConstantInputWarning: An input array is constant; the correlation coefficient is not defined.
  sc = spearmanr(y[tr][iva], pred).correlation
/workspace_developability_acquisition/gate_b2/scripts/04_modeling.py:115: ConstantInputWarning: An input array is constant; the correlation coefficient is not defined.
  sc = spearmanr(y[tr][iva], pred).correlation
/workspace_developability_acquisition/gate_b2/scripts/04_modeling.py:115: ConstantInputWarning: An input array is constant; the correlation coefficient is not defined.
  sc = spearmanr(y[tr][iva], pred).correlation
/workspace_developability_acquisition/gate_b2/scripts/04_modeling.py:115: ConstantInputWarning: An input array is constant; the correlation coefficient is not defined.
  sc = spearmanr(y[tr][iva], pred).correlation
RUN canonical HIC PLM_ABLANG2 Ridge d=480
RUN canonical HIC PLM_ABLANG2 ElasticNet d=480
/workspace_developability_acquisition/gate_b2/scripts/04_modeling.py:115: ConstantInputWarning: An input array is constant; the correlation coefficient is not defined.
  sc = spearmanr(y[tr][iva], pred).correlation
/workspace_developability_acquisition/gate_b2/scripts/04_modeling.py:115: ConstantInputWarning: An input array is constant; the correlation coefficient is not defined.
  sc = spearmanr(y[tr][iva], pred).correlation
/workspace_developability_acquisition/gate_b2/scripts/04_modeling.py:115: ConstantInputWarning: An input array is constant; the correlation coefficient is not defined.
  sc = spearmanr(y[tr][iva], pred).correlation
/workspace_developability_acquisition/gate_b2/scripts/04_modeling.py:115: ConstantInputWarning: An input array is constant; the correlation coefficient is not defined.
  sc = spearmanr(y[tr][iva], pred).correlation
/workspace_developability_acquisition/gate_b2/scripts/04_modeling.py:115: ConstantInputWarning: An input array is constant; the correlation coefficient is not defined.
  sc = spearmanr(y[tr][iva], pred).correlation
/workspace_developability_acquisition/gate_b2/scripts/04_modeling.py:115: ConstantInputWarning: An input array is constant; the correlation coefficient is not defined.
  sc = spearmanr(y[tr][iva], pred).correlation
/workspace_developability_acquisition/gate_b2/scripts/04_modeling.py:115: ConstantInputWarning: An input array is constant; the correlation coefficient is not defined.
  sc = spearmanr(y[tr][iva], pred).correlation
/workspace_developability_acquisition/gate_b2/scripts/04_modeling.py:115: ConstantInputWarning: An input array is constant; the correlation coefficient is not defined.
  sc = spearmanr(y[tr][iva], pred).correlation
/workspace_developability_acquisition/gate_b2/scripts/04_modeling.py:115: ConstantInputWarning: An input array is constant; the correlation coefficient is not defined.
  sc = spearmanr(y[tr][iva], pred).correlation
/workspace_developability_acquisition/gate_b2/scripts/04_modeling.py:115: ConstantInputWarning: An input array is constant; the correlation coefficient is not defined.
  sc = spearmanr(y[tr][iva], pred).correlation
/workspace_developability_acquisition/gate_b2/scripts/04_modeling.py:115: ConstantInputWarning: An input array is constant; the correlation coefficient is not defined.
  sc = spearmanr(y[tr][iva], pred).correlation
/workspace_developability_acquisition/gate_b2/scripts/04_modeling.py:115: ConstantInputWarning: An input array is constant; the correlation coefficient is not defined.
  sc = spearmanr(y[tr][iva], pred).correlation
/workspace_developability_acquisition/gate_b2/scripts/04_modeling.py:115: ConstantInputWarning: An input array is constant; the correlation coefficient is not defined.
  sc = spearmanr(y[tr][iva], pred).correlation
/workspace_developability_acquisition/gate_b2/scripts/04_modeling.py:115: ConstantInputWarning: An input array is constant; the correlation coefficient is not defined.
  sc = spearmanr(y[tr][iva], pred).correlation
/workspace_developability_acquisition/gate_b2/scripts/04_modeling.py:115: ConstantInputWarning: An input array is constant; the correlation coefficient is not defined.
  sc = spearmanr(y[tr][iva], pred).correlation
RUN canonical HIC PLM_ESM1B Ridge d=2560
RUN canonical HIC PLM_ESM1B ElasticNet d=2560
/workspace_developability_acquisition/gate_b2/scripts/04_modeling.py:115: ConstantInputWarning: An input array is constant; the correlation coefficient is not defined.
  sc = spearmanr(y[tr][iva], pred).correlation
/workspace_developability_acquisition/gate_b2/scripts/04_modeling.py:115: ConstantInputWarning: An input array is constant; the correlation coefficient is not defined.
  sc = spearmanr(y[tr][iva], pred).correlation
/workspace_developability_acquisition/gate_b2/scripts/04_modeling.py:115: ConstantInputWarning: An input array is constant; the correlation coefficient is not defined.
  sc = spearmanr(y[tr][iva], pred).correlation
/workspace_developability_acquisition/gate_b2/scripts/04_modeling.py:115: ConstantInputWarning: An input array is constant; the correlation coefficient is not defined.
  sc = spearmanr(y[tr][iva], pred).correlation
/workspace_developability_acquisition/gate_b2/scripts/04_modeling.py:115: ConstantInputWarning: An input array is constant; the correlation coefficient is not defined.
  sc = spearmanr(y[tr][iva], pred).correlation
/workspace_developability_acquisition/gate_b2/scripts/04_modeling.py:115: ConstantInputWarning: An input array is constant; the correlation coefficient is not defined.
  sc = spearmanr(y[tr][iva], pred).correlation
/workspace_developability_acquisition/gate_b2/scripts/04_modeling.py:115: ConstantInputWarning: An input array is constant; the correlation coefficient is not defined.
  sc = spearmanr(y[tr][iva], pred).correlation
/workspace_developability_acquisition/gate_b2/scripts/04_modeling.py:115: ConstantInputWarning: An input array is constant; the correlation coefficient is not defined.
  sc = spearmanr(y[tr][iva], pred).correlation
/workspace_developability_acquisition/gate_b2/scripts/04_modeling.py:115: ConstantInputWarning: An input array is constant; the correlation coefficient is not defined.
  sc = spearmanr(y[tr][iva], pred).correlation
/workspace_developability_acquisition/gate_b2/scripts/04_modeling.py:115: ConstantInputWarning: An input array is constant; the correlation coefficient is not defined.
  sc = spearmanr(y[tr][iva], pred).correlation
/workspace_developability_acquisition/gate_b2/scripts/04_modeling.py:115: ConstantInputWarning: An input array is constant; the correlation coefficient is not defined.
  sc = spearmanr(y[tr][iva], pred).correlation
/workspace_developability_acquisition/gate_b2/scripts/04_modeling.py:115: ConstantInputWarning: An input array is constant; the correlation coefficient is not defined.
  sc = spearmanr(y[tr][iva], pred).correlation
/workspace_developability_acquisition/gate_b2/scripts/04_modeling.py:115: ConstantInputWarning: An input array is constant; the correlation coefficient is not defined.
  sc = spearmanr(y[tr][iva], pred).correlation
/workspace_developability_acquisition/gate_b2/scripts/04_modeling.py:115: ConstantInputWarning: An input array is constant; the correlation coefficient is not defined.
  sc = spearmanr(y[tr][iva], pred).correlation
/workspace_developability_acquisition/gate_b2/scripts/04_modeling.py:115: ConstantInputWarning: An input array is constant; the correlation coefficient is not defined.
  sc = spearmanr(y[tr][iva], pred).correlation
RUN canonical HIC PLM_ESM2 Ridge d=2560
RUN canonical HIC PLM_ESM2 ElasticNet d=2560
/workspace_developability_acquisition/gate_b2/scripts/04_modeling.py:115: ConstantInputWarning: An input array is constant; the correlation coefficient is not defined.
  sc = spearmanr(y[tr][iva], pred).correlation
/workspace_developability_acquisition/gate_b2/scripts/04_modeling.py:115: ConstantInputWarning: An input array is constant; the correlation coefficient is not defined.
  sc = spearmanr(y[tr][iva], pred).correlation
/workspace_developability_acquisition/gate_b2/scripts/04_modeling.py:115: ConstantInputWarning: An input array is constant; the correlation coefficient is not defined.
  sc = spearmanr(y[tr][iva], pred).correlation
/workspace_developability_acquisition/gate_b2/scripts/04_modeling.py:115: ConstantInputWarning: An input array is constant; the correlation coefficient is not defined.
  sc = spearmanr(y[tr][iva], pred).correlation
/workspace_developability_acquisition/gate_b2/scripts/04_modeling.py:115: ConstantInputWarning: An input array is constant; the correlation coefficient is not defined.
  sc = spearmanr(y[tr][iva], pred).correlation
/workspace_developability_acquisition/gate_b2/scripts/04_modeling.py:115: ConstantInputWarning: An input array is constant; the correlation coefficient is not defined.
  sc = spearmanr(y[tr][iva], pred).correlation
/workspace_developability_acquisition/gate_b2/scripts/04_modeling.py:115: ConstantInputWarning: An input array is constant; the correlation coefficient is not defined.
  sc = spearmanr(y[tr][iva], pred).correlation
/workspace_developability_acquisition/gate_b2/scripts/04_modeling.py:115: ConstantInputWarning: An input array is constant; the correlation coefficient is not defined.
  sc = spearmanr(y[tr][iva], pred).correlation
/workspace_developability_acquisition/gate_b2/scripts/04_modeling.py:115: ConstantInputWarning: An input array is constant; the correlation coefficient is not defined.
  sc = spearmanr(y[tr][iva], pred).correlation
/workspace_developability_acquisition/gate_b2/scripts/04_modeling.py:115: ConstantInputWarning: An input array is constant; the correlation coefficient is not defined.
  sc = spearmanr(y[tr][iva], pred).correlation
/workspace_developability_acquisition/gate_b2/scripts/04_modeling.py:115: ConstantInputWarning: An input array is constant; the correlation coefficient is not defined.
  sc = spearmanr(y[tr][iva], pred).correlation
/workspace_developability_acquisition/gate_b2/scripts/04_modeling.py:115: ConstantInputWarning: An input array is constant; the correlation coefficient is not defined.
  sc = spearmanr(y[tr][iva], pred).correlation
/workspace_developability_acquisition/gate_b2/scripts/04_modeling.py:115: ConstantInputWarning: An input array is constant; the correlation coefficient is not defined.
  sc = spearmanr(y[tr][iva], pred).correlation
/workspace_developability_acquisition/gate_b2/scripts/04_modeling.py:115: ConstantInputWarning: An input array is constant; the correlation coefficient is not defined.
  sc = spearmanr(y[tr][iva], pred).correlation
/workspace_developability_acquisition/gate_b2/scripts/04_modeling.py:115: ConstantInputWarning: An input array is constant; the correlation coefficient is not defined.
  sc = spearmanr(y[tr][iva], pred).correlation
XGB canonical HIC PLM_ESM2
RUN canonical HIC PLM_ESM2_CDR6 Ridge d=7680
RUN canonical HIC PLM_ESM2_CDR6 ElasticNet d=7680
/workspace_developability_acquisition/gate_b2/scripts/04_modeling.py:115: ConstantInputWarning: An input array is constant; the correlation coefficient is not defined.
  sc = spearmanr(y[tr][iva], pred).correlation
/workspace_developability_acquisition/gate_b2/scripts/04_modeling.py:115: ConstantInputWarning: An input array is constant; the correlation coefficient is not defined.
  sc = spearmanr(y[tr][iva], pred).correlation
/workspace_developability_acquisition/gate_b2/scripts/04_modeling.py:115: ConstantInputWarning: An input array is constant; the correlation coefficient is not defined.
  sc = spearmanr(y[tr][iva], pred).correlation
/workspace_developability_acquisition/gate_b2/scripts/04_modeling.py:115: ConstantInputWarning: An input array is constant; the correlation coefficient is not defined.
  sc = spearmanr(y[tr][iva], pred).correlation
/workspace_developability_acquisition/gate_b2/scripts/04_modeling.py:115: ConstantInputWarning: An input array is constant; the correlation coefficient is not defined.
  sc = spearmanr(y[tr][iva], pred).correlation
/workspace_developability_acquisition/gate_b2/scripts/04_modeling.py:115: ConstantInputWarning: An input array is constant; the correlation coefficient is not defined.
  sc = spearmanr(y[tr][iva], pred).correlation
/workspace_developability_acquisition/gate_b2/scripts/04_modeling.py:115: ConstantInputWarning: An input array is constant; the correlation coefficient is not defined.
  sc = spearmanr(y[tr][iva], pred).correlation
/workspace_developability_acquisition/gate_b2/scripts/04_modeling.py:115: ConstantInputWarning: An input array is constant; the correlation coefficient is not defined.
  sc = spearmanr(y[tr][iva], pred).correlation
/workspace_developability_acquisition/gate_b2/scripts/04_modeling.py:115: ConstantInputWarning: An input array is constant; the correlation coefficient is not defined.
  sc = spearmanr(y[tr][iva], pred).correlation
/workspace_developability_acquisition/gate_b2/scripts/04_modeling.py:115: ConstantInputWarning: An input array is constant; the correlation coefficient is not defined.
  sc = spearmanr(y[tr][iva], pred).correlation
/workspace_developability_acquisition/gate_b2/scripts/04_modeling.py:115: ConstantInputWarning: An input array is constant; the correlation coefficient is not defined.
  sc = spearmanr(y[tr][iva], pred).correlation
/workspace_developability_acquisition/gate_b2/scripts/04_modeling.py:115: ConstantInputWarning: An input array is constant; the correlation coefficient is not defined.
  sc = spearmanr(y[tr][iva], pred).correlation
/workspace_developability_acquisition/gate_b2/scripts/04_modeling.py:115: ConstantInputWarning: An input array is constant; the correlation coefficient is not defined.
  sc = spearmanr(y[tr][iva], pred).correlation
/workspace_developability_acquisition/gate_b2/scripts/04_modeling.py:115: ConstantInputWarning: An input array is constant; the correlation coefficient is not defined.
  sc = spearmanr(y[tr][iva], pred).correlation
RUN canonical HIC ABB_SASA Ridge d=79
RUN canonical HIC ABB_SASA Lasso d=79
/workspace_developability_acquisition/gate_b2/scripts/04_modeling.py:115: ConstantInputWarning: An input array is constant; the correlation coefficient is not defined.
  sc = spearmanr(y[tr][iva], pred).correlation
/workspace_developability_acquisition/gate_b2/scripts/04_modeling.py:115: ConstantInputWarning: An input array is constant; the correlation coefficient is not defined.
  sc = spearmanr(y[tr][iva], pred).correlation
/workspace_developability_acquisition/gate_b2/scripts/04_modeling.py:115: ConstantInputWarning: An input array is constant; the correlation coefficient is not defined.
  sc = spearmanr(y[tr][iva], pred).correlation
/workspace_developability_acquisition/gate_b2/scripts/04_modeling.py:115: ConstantInputWarning: An input array is constant; the correlation coefficient is not defined.
  sc = spearmanr(y[tr][iva], pred).correlation
/workspace_developability_acquisition/gate_b2/scripts/04_modeling.py:115: ConstantInputWarning: An input array is constant; the correlation coefficient is not defined.
  sc = spearmanr(y[tr][iva], pred).correlation
/workspace_developability_acquisition/gate_b2/scripts/04_modeling.py:115: ConstantInputWarning: An input array is constant; the correlation coefficient is not defined.
  sc = spearmanr(y[tr][iva], pred).correlation
/workspace_developability_acquisition/gate_b2/scripts/04_modeling.py:115: ConstantInputWarning: An input array is constant; the correlation coefficient is not defined.
  sc = spearmanr(y[tr][iva], pred).correlation
/workspace_developability_acquisition/gate_b2/scripts/04_modeling.py:115: ConstantInputWarning: An input array is constant; the correlation coefficient is not defined.
  sc = spearmanr(y[tr][iva], pred).correlation
/workspace_developability_acquisition/gate_b2/scripts/04_modeling.py:115: ConstantInputWarning: An input array is constant; the correlation coefficient is not defined.
  sc = spearmanr(y[tr][iva], pred).correlation
/workspace_developability_acquisition/gate_b2/scripts/04_modeling.py:115: ConstantInputWarning: An input array is constant; the correlation coefficient is not defined.
  sc = spearmanr(y[tr][iva], pred).correlation
/workspace_developability_acquisition/gate_b2/scripts/04_modeling.py:115: ConstantInputWarning: An input array is constant; the correlation coefficient is not defined.
  sc = spearmanr(y[tr][iva], pred).correlation
/workspace_developability_acquisition/gate_b2/scripts/04_modeling.py:115: ConstantInputWarning: An input array is constant; the correlation coefficient is not defined.
  sc = spearmanr(y[tr][iva], pred).correlation
/workspace_developability_acquisition/gate_b2/scripts/04_modeling.py:115: ConstantInputWarning: An input array is constant; the correlation coefficient is not defined.
  sc = spearmanr(y[tr][iva], pred).correlation
/workspace_developability_acquisition/gate_b2/scripts/04_modeling.py:115: ConstantInputWarning: An input array is constant; the correlation coefficient is not defined.
  sc = spearmanr(y[tr][iva], pred).correlation
/workspace_developability_acquisition/gate_b2/scripts/04_modeling.py:115: ConstantInputWarning: An input array is constant; the correlation coefficient is not defined.
  sc = spearmanr(y[tr][iva], pred).correlation
RUN canonical HIC ABB_SASA ElasticNet d=79
/workspace_developability_acquisition/gate_b2/scripts/04_modeling.py:115: ConstantInputWarning: An input array is constant; the correlation coefficient is not defined.
  sc = spearmanr(y[tr][iva], pred).correlation
/workspace_developability_acquisition/gate_b2/scripts/04_modeling.py:115: ConstantInputWarning: An input array is constant; the correlation coefficient is not defined.
  sc = spearmanr(y[tr][iva], pred).correlation
/workspace_developability_acquisition/gate_b2/scripts/04_modeling.py:115: ConstantInputWarning: An input array is constant; the correlation coefficient is not defined.
  sc = spearmanr(y[tr][iva], pred).correlation
/workspace_developability_acquisition/gate_b2/scripts/04_modeling.py:115: ConstantInputWarning: An input array is constant; the correlation coefficient is not defined.
  sc = spearmanr(y[tr][iva], pred).correlation
/workspace_developability_acquisition/gate_b2/scripts/04_modeling.py:115: ConstantInputWarning: An input array is constant; the correlation coefficient is not defined.
  sc = spearmanr(y[tr][iva], pred).correlation
/workspace_developability_acquisition/gate_b2/scripts/04_modeling.py:115: ConstantInputWarning: An input array is constant; the correlation coefficient is not defined.
  sc = spearmanr(y[tr][iva], pred).correlation
/workspace_developability_acquisition/gate_b2/scripts/04_modeling.py:115: ConstantInputWarning: An input array is constant; the correlation coefficient is not defined.
  sc = spearmanr(y[tr][iva], pred).correlation
/workspace_developability_acquisition/gate_b2/scripts/04_modeling.py:115: ConstantInputWarning: An input array is constant; the correlation coefficient is not defined.
  sc = spearmanr(y[tr][iva], pred).correlation
/workspace_developability_acquisition/gate_b2/scripts/04_modeling.py:115: ConstantInputWarning: An input array is constant; the correlation coefficient is not defined.
  sc = spearmanr(y[tr][iva], pred).correlation
/workspace_developability_acquisition/gate_b2/scripts/04_modeling.py:115: ConstantInputWarning: An input array is constant; the correlation coefficient is not defined.
  sc = spearmanr(y[tr][iva], pred).correlation
/workspace_developability_acquisition/gate_b2/scripts/04_modeling.py:115: ConstantInputWarning: An input array is constant; the correlation coefficient is not defined.
  sc = spearmanr(y[tr][iva], pred).correlation
/workspace_developability_acquisition/gate_b2/scripts/04_modeling.py:115: ConstantInputWarning: An input array is constant; the correlation coefficient is not defined.
  sc = spearmanr(y[tr][iva], pred).correlation
/workspace_developability_acquisition/gate_b2/scripts/04_modeling.py:115: ConstantInputWarning: An input array is constant; the correlation coefficient is not defined.
  sc = spearmanr(y[tr][iva], pred).correlation
/workspace_developability_acquisition/gate_b2/scripts/04_modeling.py:115: ConstantInputWarning: An input array is constant; the correlation coefficient is not defined.
  sc = spearmanr(y[tr][iva], pred).correlation
/workspace_developability_acquisition/gate_b2/scripts/04_modeling.py:115: ConstantInputWarning: An input array is constant; the correlation coefficient is not defined.
  sc = spearmanr(y[tr][iva], pred).correlation
/workspace_developability_acquisition/gate_b2/scripts/04_modeling.py:115: ConstantInputWarning: An input array is constant; the correlation coefficient is not defined.
  sc = spearmanr(y[tr][iva], pred).correlation
/workspace_developability_acquisition/gate_b2/scripts/04_modeling.py:115: ConstantInputWarning: An input array is constant; the correlation coefficient is not defined.
  sc = spearmanr(y[tr][iva], pred).correlation
/workspace_developability_acquisition/gate_b2/scripts/04_modeling.py:115: ConstantInputWarning: An input array is constant; the correlation coefficient is not defined.
  sc = spearmanr(y[tr][iva], pred).correlation
/workspace_developability_acquisition/gate_b2/scripts/04_modeling.py:115: ConstantInputWarning: An input array is constant; the correlation coefficient is not defined.
  sc = spearmanr(y[tr][iva], pred).correlation
/workspace_developability_acquisition/gate_b2/scripts/04_modeling.py:115: ConstantInputWarning: An input array is constant; the correlation coefficient is not defined.
  sc = spearmanr(y[tr][iva], pred).correlation
/workspace_developability_acquisition/gate_b2/scripts/04_modeling.py:115: ConstantInputWarning: An input array is constant; the correlation coefficient is not defined.
  sc = spearmanr(y[tr][iva], pred).correlation
/workspace_developability_acquisition/gate_b2/scripts/04_modeling.py:115: ConstantInputWarning: An input array is constant; the correlation coefficient is not defined.
  sc = spearmanr(y[tr][iva], pred).correlation
/workspace_developability_acquisition/gate_b2/scripts/04_modeling.py:115: ConstantInputWarning: An input array is constant; the correlation coefficient is not defined.
  sc = spearmanr(y[tr][iva], pred).correlation
/workspace_developability_acquisition/gate_b2/scripts/04_modeling.py:115: ConstantInputWarning: An input array is constant; the correlation coefficient is not defined.
  sc = spearmanr(y[tr][iva], pred).correlation
/workspace_developability_acquisition/gate_b2/scripts/04_modeling.py:115: ConstantInputWarning: An input array is constant; the correlation coefficient is not defined.
  sc = spearmanr(y[tr][iva], pred).correlation
/workspace_developability_acquisition/gate_b2/scripts/04_modeling.py:115: ConstantInputWarning: An input array is constant; the correlation coefficient is not defined.
  sc = spearmanr(y[tr][iva], pred).correlation
/workspace_developability_acquisition/gate_b2/scripts/04_modeling.py:115: ConstantInputWarning: An input array is constant; the correlation coefficient is not defined.
  sc = spearmanr(y[tr][iva], pred).correlation
/workspace_developability_acquisition/gate_b2/scripts/04_modeling.py:115: ConstantInputWarning: An input array is constant; the correlation coefficient is not defined.
  sc = spearmanr(y[tr][iva], pred).correlation
/workspace_developability_acquisition/gate_b2/scripts/04_modeling.py:115: ConstantInputWarning: An input array is constant; the correlation coefficient is not defined.
  sc = spearmanr(y[tr][iva], pred).correlation
RUN canonical HIC ABB_SASA_RASA Ridge d=156
RUN canonical HIC ABB_SASA_RASA Lasso d=156
/workspace_developability_acquisition/gate_b2/scripts/04_modeling.py:115: ConstantInputWarning: An input array is constant; the correlation coefficient is not defined.
  sc = spearmanr(y[tr][iva], pred).correlation
/workspace_developability_acquisition/gate_b2/scripts/04_modeling.py:115: ConstantInputWarning: An input array is constant; the correlation coefficient is not defined.
  sc = spearmanr(y[tr][iva], pred).correlation
/workspace_developability_acquisition/gate_b2/scripts/04_modeling.py:115: ConstantInputWarning: An input array is constant; the correlation coefficient is not defined.
  sc = spearmanr(y[tr][iva], pred).correlation
/workspace_developability_acquisition/gate_b2/scripts/04_modeling.py:115: ConstantInputWarning: An input array is constant; the correlation coefficient is not defined.
  sc = spearmanr(y[tr][iva], pred).correlation
/workspace_developability_acquisition/gate_b2/scripts/04_modeling.py:115: ConstantInputWarning: An input array is constant; the correlation coefficient is not defined.
  sc = spearmanr(y[tr][iva], pred).correlation
/workspace_developability_acquisition/gate_b2/scripts/04_modeling.py:115: ConstantInputWarning: An input array is constant; the correlation coefficient is not defined.
  sc = spearmanr(y[tr][iva], pred).correlation
/workspace_developability_acquisition/gate_b2/scripts/04_modeling.py:115: ConstantInputWarning: An input array is constant; the correlation coefficient is not defined.
  sc = spearmanr(y[tr][iva], pred).correlation
/workspace_developability_acquisition/gate_b2/scripts/04_modeling.py:115: ConstantInputWarning: An input array is constant; the correlation coefficient is not defined.
  sc = spearmanr(y[tr][iva], pred).correlation
/workspace_developability_acquisition/gate_b2/scripts/04_modeling.py:115: ConstantInputWarning: An input array is constant; the correlation coefficient is not defined.
  sc = spearmanr(y[tr][iva], pred).correlation
/workspace_developability_acquisition/gate_b2/scripts/04_modeling.py:115: ConstantInputWarning: An input array is constant; the correlation coefficient is not defined.
  sc = spearmanr(y[tr][iva], pred).correlation
/workspace_developability_acquisition/gate_b2/scripts/04_modeling.py:115: ConstantInputWarning: An input array is constant; the correlation coefficient is not defined.
  sc = spearmanr(y[tr][iva], pred).correlation
/workspace_developability_acquisition/gate_b2/scripts/04_modeling.py:115: ConstantInputWarning: An input array is constant; the correlation coefficient is not defined.
  sc = spearmanr(y[tr][iva], pred).correlation
/workspace_developability_acquisition/gate_b2/scripts/04_modeling.py:115: ConstantInputWarning: An input array is constant; the correlation coefficient is not defined.
  sc = spearmanr(y[tr][iva], pred).correlation
/workspace_developability_acquisition/gate_b2/scripts/04_modeling.py:115: ConstantInputWarning: An input array is constant; the correlation coefficient is not defined.
  sc = spearmanr(y[tr][iva], pred).correlation
/workspace_developability_acquisition/gate_b2/scripts/04_modeling.py:115: ConstantInputWarning: An input array is constant; the correlation coefficient is not defined.
  sc = spearmanr(y[tr][iva], pred).correlation
RUN canonical HIC ABB_SASA_RASA ElasticNet d=156
/workspace_developability_acquisition/gate_b2/scripts/04_modeling.py:115: ConstantInputWarning: An input array is constant; the correlation coefficient is not defined.
  sc = spearmanr(y[tr][iva], pred).correlation
/workspace_developability_acquisition/gate_b2/scripts/04_modeling.py:115: ConstantInputWarning: An input array is constant; the correlation coefficient is not defined.
  sc = spearmanr(y[tr][iva], pred).correlation
/workspace_developability_acquisition/gate_b2/scripts/04_modeling.py:115: ConstantInputWarning: An input array is constant; the correlation coefficient is not defined.
  sc = spearmanr(y[tr][iva], pred).correlation
/workspace_developability_acquisition/gate_b2/scripts/04_modeling.py:115: ConstantInputWarning: An input array is constant; the correlation coefficient is not defined.
  sc = spearmanr(y[tr][iva], pred).correlation
/workspace_developability_acquisition/gate_b2/scripts/04_modeling.py:115: ConstantInputWarning: An input array is constant; the correlation coefficient is not defined.
  sc = spearmanr(y[tr][iva], pred).correlation
/workspace_developability_acquisition/gate_b2/scripts/04_modeling.py:115: ConstantInputWarning: An input array is constant; the correlation coefficient is not defined.
  sc = spearmanr(y[tr][iva], pred).correlation
/workspace_developability_acquisition/gate_b2/scripts/04_modeling.py:115: ConstantInputWarning: An input array is constant; the correlation coefficient is not defined.
  sc = spearmanr(y[tr][iva], pred).correlation
/workspace_developability_acquisition/gate_b2/scripts/04_modeling.py:115: ConstantInputWarning: An input array is constant; the correlation coefficient is not defined.
  sc = spearmanr(y[tr][iva], pred).correlation
/workspace_developability_acquisition/gate_b2/scripts/04_modeling.py:115: ConstantInputWarning: An input array is constant; the correlation coefficient is not defined.
  sc = spearmanr(y[tr][iva], pred).correlation
/workspace_developability_acquisition/gate_b2/scripts/04_modeling.py:115: ConstantInputWarning: An input array is constant; the correlation coefficient is not defined.
  sc = spearmanr(y[tr][iva], pred).correlation
/workspace_developability_acquisition/gate_b2/scripts/04_modeling.py:115: ConstantInputWarning: An input array is constant; the correlation coefficient is not defined.
  sc = spearmanr(y[tr][iva], pred).correlation
/workspace_developability_acquisition/gate_b2/scripts/04_modeling.py:115: ConstantInputWarning: An input array is constant; the correlation coefficient is not defined.
  sc = spearmanr(y[tr][iva], pred).correlation
/workspace_developability_acquisition/gate_b2/scripts/04_modeling.py:115: ConstantInputWarning: An input array is constant; the correlation coefficient is not defined.
  sc = spearmanr(y[tr][iva], pred).correlation
/workspace_developability_acquisition/gate_b2/scripts/04_modeling.py:115: ConstantInputWarning: An input array is constant; the correlation coefficient is not defined.
  sc = spearmanr(y[tr][iva], pred).correlation
/workspace_developability_acquisition/gate_b2/scripts/04_modeling.py:115: ConstantInputWarning: An input array is constant; the correlation coefficient is not defined.
  sc = spearmanr(y[tr][iva], pred).correlation
/workspace_developability_acquisition/gate_b2/scripts/04_modeling.py:115: ConstantInputWarning: An input array is constant; the correlation coefficient is not defined.
  sc = spearmanr(y[tr][iva], pred).correlation
/workspace_developability_acquisition/gate_b2/scripts/04_modeling.py:115: ConstantInputWarning: An input array is constant; the correlation coefficient is not defined.
  sc = spearmanr(y[tr][iva], pred).correlation
/workspace_developability_acquisition/gate_b2/scripts/04_modeling.py:115: ConstantInputWarning: An input array is constant; the correlation coefficient is not defined.
  sc = spearmanr(y[tr][iva], pred).correlation
/workspace_developability_acquisition/gate_b2/scripts/04_modeling.py:115: ConstantInputWarning: An input array is constant; the correlation coefficient is not defined.
  sc = spearmanr(y[tr][iva], pred).correlation
/workspace_developability_acquisition/gate_b2/scripts/04_modeling.py:115: ConstantInputWarning: An input array is constant; the correlation coefficient is not defined.
  sc = spearmanr(y[tr][iva], pred).correlation
/workspace_developability_acquisition/gate_b2/scripts/04_modeling.py:115: ConstantInputWarning: An input array is constant; the correlation coefficient is not defined.
  sc = spearmanr(y[tr][iva], pred).correlation
/workspace_developability_acquisition/gate_b2/scripts/04_modeling.py:115: ConstantInputWarning: An input array is constant; the correlation coefficient is not defined.
  sc = spearmanr(y[tr][iva], pred).correlation
/workspace_developability_acquisition/gate_b2/scripts/04_modeling.py:115: ConstantInputWarning: An input array is constant; the correlation coefficient is not defined.
  sc = spearmanr(y[tr][iva], pred).correlation
/workspace_developability_acquisition/gate_b2/scripts/04_modeling.py:115: ConstantInputWarning: An input array is constant; the correlation coefficient is not defined.
  sc = spearmanr(y[tr][iva], pred).correlation
/workspace_developability_acquisition/gate_b2/scripts/04_modeling.py:115: ConstantInputWarning: An input array is constant; the correlation coefficient is not defined.
  sc = spearmanr(y[tr][iva], pred).correlation
/workspace_developability_acquisition/gate_b2/scripts/04_modeling.py:115: ConstantInputWarning: An input array is constant; the correlation coefficient is not defined.
  sc = spearmanr(y[tr][iva], pred).correlation
/workspace_developability_acquisition/gate_b2/scripts/04_modeling.py:115: ConstantInputWarning: An input array is constant; the correlation coefficient is not defined.
  sc = spearmanr(y[tr][iva], pred).correlation
/workspace_developability_acquisition/gate_b2/scripts/04_modeling.py:115: ConstantInputWarning: An input array is constant; the correlation coefficient is not defined.
  sc = spearmanr(y[tr][iva], pred).correlation
/workspace_developability_acquisition/gate_b2/scripts/04_modeling.py:115: ConstantInputWarning: An input array is constant; the correlation coefficient is not defined.
  sc = spearmanr(y[tr][iva], pred).correlation
RUN canonical HIC ABB_SURFACE Ridge d=77
RUN canonical HIC ABB_SURFACE Lasso d=77
/workspace_developability_acquisition/gate_b2/scripts/04_modeling.py:115: ConstantInputWarning: An input array is constant; the correlation coefficient is not defined.
  sc = spearmanr(y[tr][iva], pred).correlation
/workspace_developability_acquisition/gate_b2/scripts/04_modeling.py:115: ConstantInputWarning: An input array is constant; the correlation coefficient is not defined.
  sc = spearmanr(y[tr][iva], pred).correlation
/workspace_developability_acquisition/gate_b2/scripts/04_modeling.py:115: ConstantInputWarning: An input array is constant; the correlation coefficient is not defined.
  sc = spearmanr(y[tr][iva], pred).correlation
/workspace_developability_acquisition/gate_b2/scripts/04_modeling.py:115: ConstantInputWarning: An input array is constant; the correlation coefficient is not defined.
  sc = spearmanr(y[tr][iva], pred).correlation
/workspace_developability_acquisition/gate_b2/scripts/04_modeling.py:115: ConstantInputWarning: An input array is constant; the correlation coefficient is not defined.
  sc = spearmanr(y[tr][iva], pred).correlation
/workspace_developability_acquisition/gate_b2/scripts/04_modeling.py:115: ConstantInputWarning: An input array is constant; the correlation coefficient is not defined.
  sc = spearmanr(y[tr][iva], pred).correlation
/workspace_developability_acquisition/gate_b2/scripts/04_modeling.py:115: ConstantInputWarning: An input array is constant; the correlation coefficient is not defined.
  sc = spearmanr(y[tr][iva], pred).correlation
/workspace_developability_acquisition/gate_b2/scripts/04_modeling.py:115: ConstantInputWarning: An input array is constant; the correlation coefficient is not defined.
  sc = spearmanr(y[tr][iva], pred).correlation
/workspace_developability_acquisition/gate_b2/scripts/04_modeling.py:115: ConstantInputWarning: An input array is constant; the correlation coefficient is not defined.
  sc = spearmanr(y[tr][iva], pred).correlation
/workspace_developability_acquisition/gate_b2/scripts/04_modeling.py:115: ConstantInputWarning: An input array is constant; the correlation coefficient is not defined.
  sc = spearmanr(y[tr][iva], pred).correlation
/workspace_developability_acquisition/gate_b2/scripts/04_modeling.py:115: ConstantInputWarning: An input array is constant; the correlation coefficient is not defined.
  sc = spearmanr(y[tr][iva], pred).correlation
/workspace_developability_acquisition/gate_b2/scripts/04_modeling.py:115: ConstantInputWarning: An input array is constant; the correlation coefficient is not defined.
  sc = spearmanr(y[tr][iva], pred).correlation
/workspace_developability_acquisition/gate_b2/scripts/04_modeling.py:115: ConstantInputWarning: An input array is constant; the correlation coefficient is not defined.
  sc = spearmanr(y[tr][iva], pred).correlation
/workspace_developability_acquisition/gate_b2/scripts/04_modeling.py:115: ConstantInputWarning: An input array is constant; the correlation coefficient is not defined.
  sc = spearmanr(y[tr][iva], pred).correlation
/workspace_developability_acquisition/gate_b2/scripts/04_modeling.py:115: ConstantInputWarning: An input array is constant; the correlation coefficient is not defined.
  sc = spearmanr(y[tr][iva], pred).correlation
RUN canonical HIC ABB_SURFACE ElasticNet d=77
/workspace_developability_acquisition/gate_b2/scripts/04_modeling.py:115: ConstantInputWarning: An input array is constant; the correlation coefficient is not defined.
  sc = spearmanr(y[tr][iva], pred).correlation
/workspace_developability_acquisition/gate_b2/scripts/04_modeling.py:115: ConstantInputWarning: An input array is constant; the correlation coefficient is not defined.
  sc = spearmanr(y[tr][iva], pred).correlation
/workspace_developability_acquisition/gate_b2/scripts/04_modeling.py:115: ConstantInputWarning: An input array is constant; the correlation coefficient is not defined.
  sc = spearmanr(y[tr][iva], pred).correlation
/workspace_developability_acquisition/gate_b2/scripts/04_modeling.py:115: ConstantInputWarning: An input array is constant; the correlation coefficient is not defined.
  sc = spearmanr(y[tr][iva], pred).correlation
/workspace_developability_acquisition/gate_b2/scripts/04_modeling.py:115: ConstantInputWarning: An input array is constant; the correlation coefficient is not defined.
  sc = spearmanr(y[tr][iva], pred).correlation
/workspace_developability_acquisition/gate_b2/scripts/04_modeling.py:115: ConstantInputWarning: An input array is constant; the correlation coefficient is not defined.
  sc = spearmanr(y[tr][iva], pred).correlation
/workspace_developability_acquisition/gate_b2/scripts/04_modeling.py:115: ConstantInputWarning: An input array is constant; the correlation coefficient is not defined.
  sc = spearmanr(y[tr][iva], pred).correlation
/workspace_developability_acquisition/gate_b2/scripts/04_modeling.py:115: ConstantInputWarning: An input array is constant; the correlation coefficient is not defined.
  sc = spearmanr(y[tr][iva], pred).correlation
/workspace_developability_acquisition/gate_b2/scripts/04_modeling.py:115: ConstantInputWarning: An input array is constant; the correlation coefficient is not defined.
  sc = spearmanr(y[tr][iva], pred).correlation
/workspace_developability_acquisition/gate_b2/scripts/04_modeling.py:115: ConstantInputWarning: An input array is constant; the correlation coefficient is not defined.
  sc = spearmanr(y[tr][iva], pred).correlation
/workspace_developability_acquisition/gate_b2/scripts/04_modeling.py:115: ConstantInputWarning: An input array is constant; the correlation coefficient is not defined.
  sc = spearmanr(y[tr][iva], pred).correlation
/workspace_developability_acquisition/gate_b2/scripts/04_modeling.py:115: ConstantInputWarning: An input array is constant; the correlation coefficient is not defined.
  sc = spearmanr(y[tr][iva], pred).correlation
/workspace_developability_acquisition/gate_b2/scripts/04_modeling.py:115: ConstantInputWarning: An input array is constant; the correlation coefficient is not defined.
  sc = spearmanr(y[tr][iva], pred).correlation
/workspace_developability_acquisition/gate_b2/scripts/04_modeling.py:115: ConstantInputWarning: An input array is constant; the correlation coefficient is not defined.
  sc = spearmanr(y[tr][iva], pred).correlation
/workspace_developability_acquisition/gate_b2/scripts/04_modeling.py:115: ConstantInputWarning: An input array is constant; the correlation coefficient is not defined.
  sc = spearmanr(y[tr][iva], pred).correlation
/workspace_developability_acquisition/gate_b2/scripts/04_modeling.py:115: ConstantInputWarning: An input array is constant; the correlation coefficient is not defined.
  sc = spearmanr(y[tr][iva], pred).correlation
/workspace_developability_acquisition/gate_b2/scripts/04_modeling.py:115: ConstantInputWarning: An input array is constant; the correlation coefficient is not defined.
  sc = spearmanr(y[tr][iva], pred).correlation
/workspace_developability_acquisition/gate_b2/scripts/04_modeling.py:115: ConstantInputWarning: An input array is constant; the correlation coefficient is not defined.
  sc = spearmanr(y[tr][iva], pred).correlation
/workspace_developability_acquisition/gate_b2/scripts/04_modeling.py:115: ConstantInputWarning: An input array is constant; the correlation coefficient is not defined.
  sc = spearmanr(y[tr][iva], pred).correlation
/workspace_developability_acquisition/gate_b2/scripts/04_modeling.py:115: ConstantInputWarning: An input array is constant; the correlation coefficient is not defined.
  sc = spearmanr(y[tr][iva], pred).correlation
/workspace_developability_acquisition/gate_b2/scripts/04_modeling.py:115: ConstantInputWarning: An input array is constant; the correlation coefficient is not defined.
  sc = spearmanr(y[tr][iva], pred).correlation
/workspace_developability_acquisition/gate_b2/scripts/04_modeling.py:115: ConstantInputWarning: An input array is constant; the correlation coefficient is not defined.
  sc = spearmanr(y[tr][iva], pred).correlation
/workspace_developability_acquisition/gate_b2/scripts/04_modeling.py:115: ConstantInputWarning: An input array is constant; the correlation coefficient is not defined.
  sc = spearmanr(y[tr][iva], pred).correlation
/workspace_developability_acquisition/gate_b2/scripts/04_modeling.py:115: ConstantInputWarning: An input array is constant; the correlation coefficient is not defined.
  sc = spearmanr(y[tr][iva], pred).correlation
/workspace_developability_acquisition/gate_b2/scripts/04_modeling.py:115: ConstantInputWarning: An input array is constant; the correlation coefficient is not defined.
  sc = spearmanr(y[tr][iva], pred).correlation
/workspace_developability_acquisition/gate_b2/scripts/04_modeling.py:115: ConstantInputWarning: An input array is constant; the correlation coefficient is not defined.
  sc = spearmanr(y[tr][iva], pred).correlation
/workspace_developability_acquisition/gate_b2/scripts/04_modeling.py:115: ConstantInputWarning: An input array is constant; the correlation coefficient is not defined.
  sc = spearmanr(y[tr][iva], pred).correlation
/workspace_developability_acquisition/gate_b2/scripts/04_modeling.py:115: ConstantInputWarning: An input array is constant; the correlation coefficient is not defined.
  sc = spearmanr(y[tr][iva], pred).correlation
/workspace_developability_acquisition/gate_b2/scripts/04_modeling.py:115: ConstantInputWarning: An input array is constant; the correlation coefficient is not defined.
  sc = spearmanr(y[tr][iva], pred).correlation
TREE canonical HIC ABB_SURFACE RF
TREE canonical HIC ABB_SURFACE ET
RUN canonical HIC ABB_SURFACE_RASAW Ridge d=77
RUN canonical HIC ABB_SURFACE_RASAW Lasso d=77
/workspace_developability_acquisition/gate_b2/scripts/04_modeling.py:115: ConstantInputWarning: An input array is constant; the correlation coefficient is not defined.
  sc = spearmanr(y[tr][iva], pred).correlation
/workspace_developability_acquisition/gate_b2/scripts/04_modeling.py:115: ConstantInputWarning: An input array is constant; the correlation coefficient is not defined.
  sc = spearmanr(y[tr][iva], pred).correlation
/workspace_developability_acquisition/gate_b2/scripts/04_modeling.py:115: ConstantInputWarning: An input array is constant; the correlation coefficient is not defined.
  sc = spearmanr(y[tr][iva], pred).correlation
/workspace_developability_acquisition/gate_b2/scripts/04_modeling.py:115: ConstantInputWarning: An input array is constant; the correlation coefficient is not defined.
  sc = spearmanr(y[tr][iva], pred).correlation
/workspace_developability_acquisition/gate_b2/scripts/04_modeling.py:115: ConstantInputWarning: An input array is constant; the correlation coefficient is not defined.
  sc = spearmanr(y[tr][iva], pred).correlation
/workspace_developability_acquisition/gate_b2/scripts/04_modeling.py:115: ConstantInputWarning: An input array is constant; the correlation coefficient is not defined.
  sc = spearmanr(y[tr][iva], pred).correlation
/workspace_developability_acquisition/gate_b2/scripts/04_modeling.py:115: ConstantInputWarning: An input array is constant; the correlation coefficient is not defined.
  sc = spearmanr(y[tr][iva], pred).correlation
/workspace_developability_acquisition/gate_b2/scripts/04_modeling.py:115: ConstantInputWarning: An input array is constant; the correlation coefficient is not defined.
  sc = spearmanr(y[tr][iva], pred).correlation
/workspace_developability_acquisition/gate_b2/scripts/04_modeling.py:115: ConstantInputWarning: An input array is constant; the correlation coefficient is not defined.
  sc = spearmanr(y[tr][iva], pred).correlation
/workspace_developability_acquisition/gate_b2/scripts/04_modeling.py:115: ConstantInputWarning: An input array is constant; the correlation coefficient is not defined.
  sc = spearmanr(y[tr][iva], pred).correlation
/workspace_developability_acquisition/gate_b2/scripts/04_modeling.py:115: ConstantInputWarning: An input array is constant; the correlation coefficient is not defined.
  sc = spearmanr(y[tr][iva], pred).correlation
/workspace_developability_acquisition/gate_b2/scripts/04_modeling.py:115: ConstantInputWarning: An input array is constant; the correlation coefficient is not defined.
  sc = spearmanr(y[tr][iva], pred).correlation
/workspace_developability_acquisition/gate_b2/scripts/04_modeling.py:115: ConstantInputWarning: An input array is constant; the correlation coefficient is not defined.
  sc = spearmanr(y[tr][iva], pred).correlation
/workspace_developability_acquisition/gate_b2/scripts/04_modeling.py:115: ConstantInputWarning: An input array is constant; the correlation coefficient is not defined.
  sc = spearmanr(y[tr][iva], pred).correlation
/workspace_developability_acquisition/gate_b2/scripts/04_modeling.py:115: ConstantInputWarning: An input array is constant; the correlation coefficient is not defined.
  sc = spearmanr(y[tr][iva], pred).correlation
RUN canonical HIC ABB_SURFACE_RASAW ElasticNet d=77
/workspace_developability_acquisition/gate_b2/scripts/04_modeling.py:115: ConstantInputWarning: An input array is constant; the correlation coefficient is not defined.
  sc = spearmanr(y[tr][iva], pred).correlation
/workspace_developability_acquisition/gate_b2/scripts/04_modeling.py:115: ConstantInputWarning: An input array is constant; the correlation coefficient is not defined.
  sc = spearmanr(y[tr][iva], pred).correlation
/workspace_developability_acquisition/gate_b2/scripts/04_modeling.py:115: ConstantInputWarning: An input array is constant; the correlation coefficient is not defined.
  sc = spearmanr(y[tr][iva], pred).correlation
/workspace_developability_acquisition/gate_b2/scripts/04_modeling.py:115: ConstantInputWarning: An input array is constant; the correlation coefficient is not defined.
  sc = spearmanr(y[tr][iva], pred).correlation
/workspace_developability_acquisition/gate_b2/scripts/04_modeling.py:115: ConstantInputWarning: An input array is constant; the correlation coefficient is not defined.
  sc = spearmanr(y[tr][iva], pred).correlation
/workspace_developability_acquisition/gate_b2/scripts/04_modeling.py:115: ConstantInputWarning: An input array is constant; the correlation coefficient is not defined.
  sc = spearmanr(y[tr][iva], pred).correlation
/workspace_developability_acquisition/gate_b2/scripts/04_modeling.py:115: ConstantInputWarning: An input array is constant; the correlation coefficient is not defined.
  sc = spearmanr(y[tr][iva], pred).correlation
/workspace_developability_acquisition/gate_b2/scripts/04_modeling.py:115: ConstantInputWarning: An input array is constant; the correlation coefficient is not defined.
  sc = spearmanr(y[tr][iva], pred).correlation
/workspace_developability_acquisition/gate_b2/scripts/04_modeling.py:115: ConstantInputWarning: An input array is constant; the correlation coefficient is not defined.
  sc = spearmanr(y[tr][iva], pred).correlation
/workspace_developability_acquisition/gate_b2/scripts/04_modeling.py:115: ConstantInputWarning: An input array is constant; the correlation coefficient is not defined.
  sc = spearmanr(y[tr][iva], pred).correlation
/workspace_developability_acquisition/gate_b2/scripts/04_modeling.py:115: ConstantInputWarning: An input array is constant; the correlation coefficient is not defined.
  sc = spearmanr(y[tr][iva], pred).correlation
/workspace_developability_acquisition/gate_b2/scripts/04_modeling.py:115: ConstantInputWarning: An input array is constant; the correlation coefficient is not defined.
  sc = spearmanr(y[tr][iva], pred).correlation
/workspace_developability_acquisition/gate_b2/scripts/04_modeling.py:115: ConstantInputWarning: An input array is constant; the correlation coefficient is not defined.
  sc = spearmanr(y[tr][iva], pred).correlation
/workspace_developability_acquisition/gate_b2/scripts/04_modeling.py:115: ConstantInputWarning: An input array is constant; the correlation coefficient is not defined.
  sc = spearmanr(y[tr][iva], pred).correlation
/workspace_developability_acquisition/gate_b2/scripts/04_modeling.py:115: ConstantInputWarning: An input array is constant; the correlation coefficient is not defined.
  sc = spearmanr(y[tr][iva], pred).correlation
/workspace_developability_acquisition/gate_b2/scripts/04_modeling.py:115: ConstantInputWarning: An input array is constant; the correlation coefficient is not defined.
  sc = spearmanr(y[tr][iva], pred).correlation
/workspace_developability_acquisition/gate_b2/scripts/04_modeling.py:115: ConstantInputWarning: An input array is constant; the correlation coefficient is not defined.
  sc = spearmanr(y[tr][iva], pred).correlation
/workspace_developability_acquisition/gate_b2/scripts/04_modeling.py:115: ConstantInputWarning: An input array is constant; the correlation coefficient is not defined.
  sc = spearmanr(y[tr][iva], pred).correlation
/workspace_developability_acquisition/gate_b2/scripts/04_modeling.py:115: ConstantInputWarning: An input array is constant; the correlation coefficient is not defined.
  sc = spearmanr(y[tr][iva], pred).correlation
/workspace_developability_acquisition/gate_b2/scripts/04_modeling.py:115: ConstantInputWarning: An input array is constant; the correlation coefficient is not defined.
  sc = spearmanr(y[tr][iva], pred).correlation
/workspace_developability_acquisition/gate_b2/scripts/04_modeling.py:115: ConstantInputWarning: An input array is constant; the correlation coefficient is not defined.
  sc = spearmanr(y[tr][iva], pred).correlation
/workspace_developability_acquisition/gate_b2/scripts/04_modeling.py:115: ConstantInputWarning: An input array is constant; the correlation coefficient is not defined.
  sc = spearmanr(y[tr][iva], pred).correlation
/workspace_developability_acquisition/gate_b2/scripts/04_modeling.py:115: ConstantInputWarning: An input array is constant; the correlation coefficient is not defined.
  sc = spearmanr(y[tr][iva], pred).correlation
/workspace_developability_acquisition/gate_b2/scripts/04_modeling.py:115: ConstantInputWarning: An input array is constant; the correlation coefficient is not defined.
  sc = spearmanr(y[tr][iva], pred).correlation
/workspace_developability_acquisition/gate_b2/scripts/04_modeling.py:115: ConstantInputWarning: An input array is constant; the correlation coefficient is not defined.
  sc = spearmanr(y[tr][iva], pred).correlation
/workspace_developability_acquisition/gate_b2/scripts/04_modeling.py:115: ConstantInputWarning: An input array is constant; the correlation coefficient is not defined.
  sc = spearmanr(y[tr][iva], pred).correlation
/workspace_developability_acquisition/gate_b2/scripts/04_modeling.py:115: ConstantInputWarning: An input array is constant; the correlation coefficient is not defined.
  sc = spearmanr(y[tr][iva], pred).correlation
/workspace_developability_acquisition/gate_b2/scripts/04_modeling.py:115: ConstantInputWarning: An input array is constant; the correlation coefficient is not defined.
  sc = spearmanr(y[tr][iva], pred).correlation
/workspace_developability_acquisition/gate_b2/scripts/04_modeling.py:115: ConstantInputWarning: An input array is constant; the correlation coefficient is not defined.
  sc = spearmanr(y[tr][iva], pred).correlation
/workspace_developability_acquisition/gate_b2/scripts/04_modeling.py:115: ConstantInputWarning: An input array is constant; the correlation coefficient is not defined.
  sc = spearmanr(y[tr][iva], pred).correlation
/workspace_developability_acquisition/gate_b2/scripts/04_modeling.py:115: ConstantInputWarning: An input array is constant; the correlation coefficient is not defined.
  sc = spearmanr(y[tr][iva], pred).correlation
RUN canonical HIC ABB_ALL_SURFACE Ridge d=211
RUN canonical HIC ABB_ALL_SURFACE ElasticNet d=211
/workspace_developability_acquisition/gate_b2/scripts/04_modeling.py:115: ConstantInputWarning: An input array is constant; the correlation coefficient is not defined.
  sc = spearmanr(y[tr][iva], pred).correlation
/workspace_developability_acquisition/gate_b2/scripts/04_modeling.py:115: ConstantInputWarning: An input array is constant; the correlation coefficient is not defined.
  sc = spearmanr(y[tr][iva], pred).correlation
/workspace_developability_acquisition/gate_b2/scripts/04_modeling.py:115: ConstantInputWarning: An input array is constant; the correlation coefficient is not defined.
  sc = spearmanr(y[tr][iva], pred).correlation
/workspace_developability_acquisition/gate_b2/scripts/04_modeling.py:115: ConstantInputWarning: An input array is constant; the correlation coefficient is not defined.
  sc = spearmanr(y[tr][iva], pred).correlation
/workspace_developability_acquisition/gate_b2/scripts/04_modeling.py:115: ConstantInputWarning: An input array is constant; the correlation coefficient is not defined.
  sc = spearmanr(y[tr][iva], pred).correlation
/workspace_developability_acquisition/gate_b2/scripts/04_modeling.py:115: ConstantInputWarning: An input array is constant; the correlation coefficient is not defined.
  sc = spearmanr(y[tr][iva], pred).correlation
/workspace_developability_acquisition/gate_b2/scripts/04_modeling.py:115: ConstantInputWarning: An input array is constant; the correlation coefficient is not defined.
  sc = spearmanr(y[tr][iva], pred).correlation
/workspace_developability_acquisition/gate_b2/scripts/04_modeling.py:115: ConstantInputWarning: An input array is constant; the correlation coefficient is not defined.
  sc = spearmanr(y[tr][iva], pred).correlation
/workspace_developability_acquisition/gate_b2/scripts/04_modeling.py:115: ConstantInputWarning: An input array is constant; the correlation coefficient is not defined.
  sc = spearmanr(y[tr][iva], pred).correlation
/workspace_developability_acquisition/gate_b2/scripts/04_modeling.py:115: ConstantInputWarning: An input array is constant; the correlation coefficient is not defined.
  sc = spearmanr(y[tr][iva], pred).correlation
/workspace_developability_acquisition/gate_b2/scripts/04_modeling.py:115: ConstantInputWarning: An input array is constant; the correlation coefficient is not defined.
  sc = spearmanr(y[tr][iva], pred).correlation
/workspace_developability_acquisition/gate_b2/scripts/04_modeling.py:115: ConstantInputWarning: An input array is constant; the correlation coefficient is not defined.
  sc = spearmanr(y[tr][iva], pred).correlation
/workspace_developability_acquisition/gate_b2/scripts/04_modeling.py:115: ConstantInputWarning: An input array is constant; the correlation coefficient is not defined.
  sc = spearmanr(y[tr][iva], pred).correlation
/workspace_developability_acquisition/gate_b2/scripts/04_modeling.py:115: ConstantInputWarning: An input array is constant; the correlation coefficient is not defined.
  sc = spearmanr(y[tr][iva], pred).correlation
RUN canonical HIC ABB_PATCH Ridge d=7
RUN canonical HIC ABB_PATCH Lasso d=7
/workspace_developability_acquisition/gate_b2/scripts/04_modeling.py:115: ConstantInputWarning: An input array is constant; the correlation coefficient is not defined.
  sc = spearmanr(y[tr][iva], pred).correlation
/workspace_developability_acquisition/gate_b2/scripts/04_modeling.py:115: ConstantInputWarning: An input array is constant; the correlation coefficient is not defined.
  sc = spearmanr(y[tr][iva], pred).correlation
/workspace_developability_acquisition/gate_b2/scripts/04_modeling.py:115: ConstantInputWarning: An input array is constant; the correlation coefficient is not defined.
  sc = spearmanr(y[tr][iva], pred).correlation
/workspace_developability_acquisition/gate_b2/scripts/04_modeling.py:115: ConstantInputWarning: An input array is constant; the correlation coefficient is not defined.
  sc = spearmanr(y[tr][iva], pred).correlation
/workspace_developability_acquisition/gate_b2/scripts/04_modeling.py:115: ConstantInputWarning: An input array is constant; the correlation coefficient is not defined.
  sc = spearmanr(y[tr][iva], pred).correlation
/workspace_developability_acquisition/gate_b2/scripts/04_modeling.py:115: ConstantInputWarning: An input array is constant; the correlation coefficient is not defined.
  sc = spearmanr(y[tr][iva], pred).correlation
/workspace_developability_acquisition/gate_b2/scripts/04_modeling.py:115: ConstantInputWarning: An input array is constant; the correlation coefficient is not defined.
  sc = spearmanr(y[tr][iva], pred).correlation
/workspace_developability_acquisition/gate_b2/scripts/04_modeling.py:115: ConstantInputWarning: An input array is constant; the correlation coefficient is not defined.
  sc = spearmanr(y[tr][iva], pred).correlation
/workspace_developability_acquisition/gate_b2/scripts/04_modeling.py:115: ConstantInputWarning: An input array is constant; the correlation coefficient is not defined.
  sc = spearmanr(y[tr][iva], pred).correlation
/workspace_developability_acquisition/gate_b2/scripts/04_modeling.py:115: ConstantInputWarning: An input array is constant; the correlation coefficient is not defined.
  sc = spearmanr(y[tr][iva], pred).correlation
/workspace_developability_acquisition/gate_b2/scripts/04_modeling.py:115: ConstantInputWarning: An input array is constant; the correlation coefficient is not defined.
  sc = spearmanr(y[tr][iva], pred).correlation
/workspace_developability_acquisition/gate_b2/scripts/04_modeling.py:115: ConstantInputWarning: An input array is constant; the correlation coefficient is not defined.
  sc = spearmanr(y[tr][iva], pred).correlation
/workspace_developability_acquisition/gate_b2/scripts/04_modeling.py:115: ConstantInputWarning: An input array is constant; the correlation coefficient is not defined.
  sc = spearmanr(y[tr][iva], pred).correlation
/workspace_developability_acquisition/gate_b2/scripts/04_modeling.py:115: ConstantInputWarning: An input array is constant; the correlation coefficient is not defined.
  sc = spearmanr(y[tr][iva], pred).correlation
/workspace_developability_acquisition/gate_b2/scripts/04_modeling.py:115: ConstantInputWarning: An input array is constant; the correlation coefficient is not defined.
  sc = spearmanr(y[tr][iva], pred).correlation
/workspace_developability_acquisition/gate_b2/scripts/04_modeling.py:115: ConstantInputWarning: An input array is constant; the correlation coefficient is not defined.
  sc = spearmanr(y[tr][iva], pred).correlation
RUN canonical HIC ABB_PATCH ElasticNet d=7
/workspace_developability_acquisition/gate_b2/scripts/04_modeling.py:115: ConstantInputWarning: An input array is constant; the correlation coefficient is not defined.
  sc = spearmanr(y[tr][iva], pred).correlation
/workspace_developability_acquisition/gate_b2/scripts/04_modeling.py:115: ConstantInputWarning: An input array is constant; the correlation coefficient is not defined.
  sc = spearmanr(y[tr][iva], pred).correlation
/workspace_developability_acquisition/gate_b2/scripts/04_modeling.py:115: ConstantInputWarning: An input array is constant; the correlation coefficient is not defined.
  sc = spearmanr(y[tr][iva], pred).correlation
/workspace_developability_acquisition/gate_b2/scripts/04_modeling.py:115: ConstantInputWarning: An input array is constant; the correlation coefficient is not defined.
  sc = spearmanr(y[tr][iva], pred).correlation
/workspace_developability_acquisition/gate_b2/scripts/04_modeling.py:115: ConstantInputWarning: An input array is constant; the correlation coefficient is not defined.
  sc = spearmanr(y[tr][iva], pred).correlation
/workspace_developability_acquisition/gate_b2/scripts/04_modeling.py:115: ConstantInputWarning: An input array is constant; the correlation coefficient is not defined.
  sc = spearmanr(y[tr][iva], pred).correlation
/workspace_developability_acquisition/gate_b2/scripts/04_modeling.py:115: ConstantInputWarning: An input array is constant; the correlation coefficient is not defined.
  sc = spearmanr(y[tr][iva], pred).correlation
/workspace_developability_acquisition/gate_b2/scripts/04_modeling.py:115: ConstantInputWarning: An input array is constant; the correlation coefficient is not defined.
  sc = spearmanr(y[tr][iva], pred).correlation
/workspace_developability_acquisition/gate_b2/scripts/04_modeling.py:115: ConstantInputWarning: An input array is constant; the correlation coefficient is not defined.
  sc = spearmanr(y[tr][iva], pred).correlation
/workspace_developability_acquisition/gate_b2/scripts/04_modeling.py:115: ConstantInputWarning: An input array is constant; the correlation coefficient is not defined.
  sc = spearmanr(y[tr][iva], pred).correlation
/workspace_developability_acquisition/gate_b2/scripts/04_modeling.py:115: ConstantInputWarning: An input array is constant; the correlation coefficient is not defined.
  sc = spearmanr(y[tr][iva], pred).correlation
/workspace_developability_acquisition/gate_b2/scripts/04_modeling.py:115: ConstantInputWarning: An input array is constant; the correlation coefficient is not defined.
  sc = spearmanr(y[tr][iva], pred).correlation
/workspace_developability_acquisition/gate_b2/scripts/04_modeling.py:115: ConstantInputWarning: An input array is constant; the correlation coefficient is not defined.
  sc = spearmanr(y[tr][iva], pred).correlation
/workspace_developability_acquisition/gate_b2/scripts/04_modeling.py:115: ConstantInputWarning: An input array is constant; the correlation coefficient is not defined.
  sc = spearmanr(y[tr][iva], pred).correlation
/workspace_developability_acquisition/gate_b2/scripts/04_modeling.py:115: ConstantInputWarning: An input array is constant; the correlation coefficient is not defined.
  sc = spearmanr(y[tr][iva], pred).correlation
/workspace_developability_acquisition/gate_b2/scripts/04_modeling.py:115: ConstantInputWarning: An input array is constant; the correlation coefficient is not defined.
  sc = spearmanr(y[tr][iva], pred).correlation
/workspace_developability_acquisition/gate_b2/scripts/04_modeling.py:115: ConstantInputWarning: An input array is constant; the correlation coefficient is not defined.
  sc = spearmanr(y[tr][iva], pred).correlation
/workspace_developability_acquisition/gate_b2/scripts/04_modeling.py:115: ConstantInputWarning: An input array is constant; the correlation coefficient is not defined.
  sc = spearmanr(y[tr][iva], pred).correlation
/workspace_developability_acquisition/gate_b2/scripts/04_modeling.py:115: ConstantInputWarning: An input array is constant; the correlation coefficient is not defined.
  sc = spearmanr(y[tr][iva], pred).correlation
/workspace_developability_acquisition/gate_b2/scripts/04_modeling.py:115: ConstantInputWarning: An input array is constant; the correlation coefficient is not defined.
  sc = spearmanr(y[tr][iva], pred).correlation
/workspace_developability_acquisition/gate_b2/scripts/04_modeling.py:115: ConstantInputWarning: An input array is constant; the correlation coefficient is not defined.
  sc = spearmanr(y[tr][iva], pred).correlation
/workspace_developability_acquisition/gate_b2/scripts/04_modeling.py:115: ConstantInputWarning: An input array is constant; the correlation coefficient is not defined.
  sc = spearmanr(y[tr][iva], pred).correlation
/workspace_developability_acquisition/gate_b2/scripts/04_modeling.py:115: ConstantInputWarning: An input array is constant; the correlation coefficient is not defined.
  sc = spearmanr(y[tr][iva], pred).correlation
/workspace_developability_acquisition/gate_b2/scripts/04_modeling.py:115: ConstantInputWarning: An input array is constant; the correlation coefficient is not defined.
  sc = spearmanr(y[tr][iva], pred).correlation
/workspace_developability_acquisition/gate_b2/scripts/04_modeling.py:115: ConstantInputWarning: An input array is constant; the correlation coefficient is not defined.
  sc = spearmanr(y[tr][iva], pred).correlation
/workspace_developability_acquisition/gate_b2/scripts/04_modeling.py:115: ConstantInputWarning: An input array is constant; the correlation coefficient is not defined.
  sc = spearmanr(y[tr][iva], pred).correlation
/workspace_developability_acquisition/gate_b2/scripts/04_modeling.py:115: ConstantInputWarning: An input array is constant; the correlation coefficient is not defined.
  sc = spearmanr(y[tr][iva], pred).correlation
/workspace_developability_acquisition/gate_b2/scripts/04_modeling.py:115: ConstantInputWarning: An input array is constant; the correlation coefficient is not defined.
  sc = spearmanr(y[tr][iva], pred).correlation
/workspace_developability_acquisition/gate_b2/scripts/04_modeling.py:115: ConstantInputWarning: An input array is constant; the correlation coefficient is not defined.
  sc = spearmanr(y[tr][iva], pred).correlation
/workspace_developability_acquisition/gate_b2/scripts/04_modeling.py:115: ConstantInputWarning: An input array is constant; the correlation coefficient is not defined.
  sc = spearmanr(y[tr][iva], pred).correlation
/workspace_developability_acquisition/gate_b2/scripts/04_modeling.py:115: ConstantInputWarning: An input array is constant; the correlation coefficient is not defined.
  sc = spearmanr(y[tr][iva], pred).correlation
/workspace_developability_acquisition/gate_b2/scripts/04_modeling.py:115: ConstantInputWarning: An input array is constant; the correlation coefficient is not defined.
  sc = spearmanr(y[tr][iva], pred).correlation
/workspace_developability_acquisition/gate_b2/scripts/04_modeling.py:115: ConstantInputWarning: An input array is constant; the correlation coefficient is not defined.
  sc = spearmanr(y[tr][iva], pred).correlation
/workspace_developability_acquisition/gate_b2/scripts/04_modeling.py:115: ConstantInputWarning: An input array is constant; the correlation coefficient is not defined.
  sc = spearmanr(y[tr][iva], pred).correlation
/workspace_developability_acquisition/gate_b2/scripts/04_modeling.py:115: ConstantInputWarning: An input array is constant; the correlation coefficient is not defined.
  sc = spearmanr(y[tr][iva], pred).correlation
/workspace_developability_acquisition/gate_b2/scripts/04_modeling.py:115: ConstantInputWarning: An input array is constant; the correlation coefficient is not defined.
  sc = spearmanr(y[tr][iva], pred).correlation
/workspace_developability_acquisition/gate_b2/scripts/04_modeling.py:115: ConstantInputWarning: An input array is constant; the correlation coefficient is not defined.
  sc = spearmanr(y[tr][iva], pred).correlation
/workspace_developability_acquisition/gate_b2/scripts/04_modeling.py:115: ConstantInputWarning: An input array is constant; the correlation coefficient is not defined.
  sc = spearmanr(y[tr][iva], pred).correlation
TREE canonical HIC ABB_PATCH RF
TREE canonical HIC ABB_PATCH ET
RUN canonical HIC ABB_INTERFACE Ridge d=8
RUN canonical HIC ABB_INTERFACE Lasso d=8
/workspace_developability_acquisition/gate_b2/scripts/04_modeling.py:115: ConstantInputWarning: An input array is constant; the correlation coefficient is not defined.
  sc = spearmanr(y[tr][iva], pred).correlation
/workspace_developability_acquisition/gate_b2/scripts/04_modeling.py:115: ConstantInputWarning: An input array is constant; the correlation coefficient is not defined.
  sc = spearmanr(y[tr][iva], pred).correlation
/workspace_developability_acquisition/gate_b2/scripts/04_modeling.py:115: ConstantInputWarning: An input array is constant; the correlation coefficient is not defined.
  sc = spearmanr(y[tr][iva], pred).correlation
/workspace_developability_acquisition/gate_b2/scripts/04_modeling.py:115: ConstantInputWarning: An input array is constant; the correlation coefficient is not defined.
  sc = spearmanr(y[tr][iva], pred).correlation
/workspace_developability_acquisition/gate_b2/scripts/04_modeling.py:115: ConstantInputWarning: An input array is constant; the correlation coefficient is not defined.
  sc = spearmanr(y[tr][iva], pred).correlation
/workspace_developability_acquisition/gate_b2/scripts/04_modeling.py:115: ConstantInputWarning: An input array is constant; the correlation coefficient is not defined.
  sc = spearmanr(y[tr][iva], pred).correlation
/workspace_developability_acquisition/gate_b2/scripts/04_modeling.py:115: ConstantInputWarning: An input array is constant; the correlation coefficient is not defined.
  sc = spearmanr(y[tr][iva], pred).correlation
/workspace_developability_acquisition/gate_b2/scripts/04_modeling.py:115: ConstantInputWarning: An input array is constant; the correlation coefficient is not defined.
  sc = spearmanr(y[tr][iva], pred).correlation
/workspace_developability_acquisition/gate_b2/scripts/04_modeling.py:115: ConstantInputWarning: An input array is constant; the correlation coefficient is not defined.
  sc = spearmanr(y[tr][iva], pred).correlation
/workspace_developability_acquisition/gate_b2/scripts/04_modeling.py:115: ConstantInputWarning: An input array is constant; the correlation coefficient is not defined.
  sc = spearmanr(y[tr][iva], pred).correlation
/workspace_developability_acquisition/gate_b2/scripts/04_modeling.py:115: ConstantInputWarning: An input array is constant; the correlation coefficient is not defined.
  sc = spearmanr(y[tr][iva], pred).correlation
/workspace_developability_acquisition/gate_b2/scripts/04_modeling.py:115: ConstantInputWarning: An input array is constant; the correlation coefficient is not defined.
  sc = spearmanr(y[tr][iva], pred).correlation
/workspace_developability_acquisition/gate_b2/scripts/04_modeling.py:115: ConstantInputWarning: An input array is constant; the correlation coefficient is not defined.
  sc = spearmanr(y[tr][iva], pred).correlation
/workspace_developability_acquisition/gate_b2/scripts/04_modeling.py:115: ConstantInputWarning: An input array is constant; the correlation coefficient is not defined.
  sc = spearmanr(y[tr][iva], pred).correlation
/workspace_developability_acquisition/gate_b2/scripts/04_modeling.py:115: ConstantInputWarning: An input array is constant; the correlation coefficient is not defined.
  sc = spearmanr(y[tr][iva], pred).correlation
RUN canonical HIC ABB_INTERFACE ElasticNet d=8
/workspace_developability_acquisition/gate_b2/scripts/04_modeling.py:115: ConstantInputWarning: An input array is constant; the correlation coefficient is not defined.
  sc = spearmanr(y[tr][iva], pred).correlation
/workspace_developability_acquisition/gate_b2/scripts/04_modeling.py:115: ConstantInputWarning: An input array is constant; the correlation coefficient is not defined.
  sc = spearmanr(y[tr][iva], pred).correlation
/workspace_developability_acquisition/gate_b2/scripts/04_modeling.py:115: ConstantInputWarning: An input array is constant; the correlation coefficient is not defined.
  sc = spearmanr(y[tr][iva], pred).correlation
/workspace_developability_acquisition/gate_b2/scripts/04_modeling.py:115: ConstantInputWarning: An input array is constant; the correlation coefficient is not defined.
  sc = spearmanr(y[tr][iva], pred).correlation
/workspace_developability_acquisition/gate_b2/scripts/04_modeling.py:115: ConstantInputWarning: An input array is constant; the correlation coefficient is not defined.
  sc = spearmanr(y[tr][iva], pred).correlation
/workspace_developability_acquisition/gate_b2/scripts/04_modeling.py:115: ConstantInputWarning: An input array is constant; the correlation coefficient is not defined.
  sc = spearmanr(y[tr][iva], pred).correlation
/workspace_developability_acquisition/gate_b2/scripts/04_modeling.py:115: ConstantInputWarning: An input array is constant; the correlation coefficient is not defined.
  sc = spearmanr(y[tr][iva], pred).correlation
/workspace_developability_acquisition/gate_b2/scripts/04_modeling.py:115: ConstantInputWarning: An input array is constant; the correlation coefficient is not defined.
  sc = spearmanr(y[tr][iva], pred).correlation
/workspace_developability_acquisition/gate_b2/scripts/04_modeling.py:115: ConstantInputWarning: An input array is constant; the correlation coefficient is not defined.
  sc = spearmanr(y[tr][iva], pred).correlation
/workspace_developability_acquisition/gate_b2/scripts/04_modeling.py:115: ConstantInputWarning: An input array is constant; the correlation coefficient is not defined.
  sc = spearmanr(y[tr][iva], pred).correlation
/workspace_developability_acquisition/gate_b2/scripts/04_modeling.py:115: ConstantInputWarning: An input array is constant; the correlation coefficient is not defined.
  sc = spearmanr(y[tr][iva], pred).correlation
/workspace_developability_acquisition/gate_b2/scripts/04_modeling.py:115: ConstantInputWarning: An input array is constant; the correlation coefficient is not defined.
  sc = spearmanr(y[tr][iva], pred).correlation
/workspace_developability_acquisition/gate_b2/scripts/04_modeling.py:115: ConstantInputWarning: An input array is constant; the correlation coefficient is not defined.
  sc = spearmanr(y[tr][iva], pred).correlation
/workspace_developability_acquisition/gate_b2/scripts/04_modeling.py:115: ConstantInputWarning: An input array is constant; the correlation coefficient is not defined.
  sc = spearmanr(y[tr][iva], pred).correlation
/workspace_developability_acquisition/gate_b2/scripts/04_modeling.py:115: ConstantInputWarning: An input array is constant; the correlation coefficient is not defined.
  sc = spearmanr(y[tr][iva], pred).correlation
/workspace_developability_acquisition/gate_b2/scripts/04_modeling.py:115: ConstantInputWarning: An input array is constant; the correlation coefficient is not defined.
  sc = spearmanr(y[tr][iva], pred).correlation
/workspace_developability_acquisition/gate_b2/scripts/04_modeling.py:115: ConstantInputWarning: An input array is constant; the correlation coefficient is not defined.
  sc = spearmanr(y[tr][iva], pred).correlation
/workspace_developability_acquisition/gate_b2/scripts/04_modeling.py:115: ConstantInputWarning: An input array is constant; the correlation coefficient is not defined.
  sc = spearmanr(y[tr][iva], pred).correlation
/workspace_developability_acquisition/gate_b2/scripts/04_modeling.py:115: ConstantInputWarning: An input array is constant; the correlation coefficient is not defined.
  sc = spearmanr(y[tr][iva], pred).correlation
/workspace_developability_acquisition/gate_b2/scripts/04_modeling.py:115: ConstantInputWarning: An input array is constant; the correlation coefficient is not defined.
  sc = spearmanr(y[tr][iva], pred).correlation
/workspace_developability_acquisition/gate_b2/scripts/04_modeling.py:115: ConstantInputWarning: An input array is constant; the correlation coefficient is not defined.
  sc = spearmanr(y[tr][iva], pred).correlation
/workspace_developability_acquisition/gate_b2/scripts/04_modeling.py:115: ConstantInputWarning: An input array is constant; the correlation coefficient is not defined.
  sc = spearmanr(y[tr][iva], pred).correlation
/workspace_developability_acquisition/gate_b2/scripts/04_modeling.py:115: ConstantInputWarning: An input array is constant; the correlation coefficient is not defined.
  sc = spearmanr(y[tr][iva], pred).correlation
/workspace_developability_acquisition/gate_b2/scripts/04_modeling.py:115: ConstantInputWarning: An input array is constant; the correlation coefficient is not defined.
  sc = spearmanr(y[tr][iva], pred).correlation
/workspace_developability_acquisition/gate_b2/scripts/04_modeling.py:115: ConstantInputWarning: An input array is constant; the correlation coefficient is not defined.
  sc = spearmanr(y[tr][iva], pred).correlation
/workspace_developability_acquisition/gate_b2/scripts/04_modeling.py:115: ConstantInputWarning: An input array is constant; the correlation coefficient is not defined.
  sc = spearmanr(y[tr][iva], pred).correlation
/workspace_developability_acquisition/gate_b2/scripts/04_modeling.py:115: ConstantInputWarning: An input array is constant; the correlation coefficient is not defined.
  sc = spearmanr(y[tr][iva], pred).correlation
/workspace_developability_acquisition/gate_b2/scripts/04_modeling.py:115: ConstantInputWarning: An input array is constant; the correlation coefficient is not defined.
  sc = spearmanr(y[tr][iva], pred).correlation
/workspace_developability_acquisition/gate_b2/scripts/04_modeling.py:115: ConstantInputWarning: An input array is constant; the correlation coefficient is not defined.
  sc = spearmanr(y[tr][iva], pred).correlation
/workspace_developability_acquisition/gate_b2/scripts/04_modeling.py:115: ConstantInputWarning: An input array is constant; the correlation coefficient is not defined.
  sc = spearmanr(y[tr][iva], pred).correlation
/workspace_developability_acquisition/gate_b2/scripts/04_modeling.py:115: ConstantInputWarning: An input array is constant; the correlation coefficient is not defined.
  sc = spearmanr(y[tr][iva], pred).correlation
/workspace_developability_acquisition/gate_b2/scripts/04_modeling.py:115: ConstantInputWarning: An input array is constant; the correlation coefficient is not defined.
  sc = spearmanr(y[tr][iva], pred).correlation
/workspace_developability_acquisition/gate_b2/scripts/04_modeling.py:115: ConstantInputWarning: An input array is constant; the correlation coefficient is not defined.
  sc = spearmanr(y[tr][iva], pred).correlation
/workspace_developability_acquisition/gate_b2/scripts/04_modeling.py:115: ConstantInputWarning: An input array is constant; the correlation coefficient is not defined.
  sc = spearmanr(y[tr][iva], pred).correlation
/workspace_developability_acquisition/gate_b2/scripts/04_modeling.py:115: ConstantInputWarning: An input array is constant; the correlation coefficient is not defined.
  sc = spearmanr(y[tr][iva], pred).correlation
/workspace_developability_acquisition/gate_b2/scripts/04_modeling.py:115: ConstantInputWarning: An input array is constant; the correlation coefficient is not defined.
  sc = spearmanr(y[tr][iva], pred).correlation
RUN canonical HIC ABB_ALL Ridge d=247
RUN canonical HIC ABB_ALL ElasticNet d=247
/workspace_developability_acquisition/gate_b2/scripts/04_modeling.py:115: ConstantInputWarning: An input array is constant; the correlation coefficient is not defined.
  sc = spearmanr(y[tr][iva], pred).correlation
/workspace_developability_acquisition/gate_b2/scripts/04_modeling.py:115: ConstantInputWarning: An input array is constant; the correlation coefficient is not defined.
  sc = spearmanr(y[tr][iva], pred).correlation
/workspace_developability_acquisition/gate_b2/scripts/04_modeling.py:115: ConstantInputWarning: An input array is constant; the correlation coefficient is not defined.
  sc = spearmanr(y[tr][iva], pred).correlation
/workspace_developability_acquisition/gate_b2/scripts/04_modeling.py:115: ConstantInputWarning: An input array is constant; the correlation coefficient is not defined.
  sc = spearmanr(y[tr][iva], pred).correlation
/workspace_developability_acquisition/gate_b2/scripts/04_modeling.py:115: ConstantInputWarning: An input array is constant; the correlation coefficient is not defined.
  sc = spearmanr(y[tr][iva], pred).correlation
/workspace_developability_acquisition/gate_b2/scripts/04_modeling.py:115: ConstantInputWarning: An input array is constant; the correlation coefficient is not defined.
  sc = spearmanr(y[tr][iva], pred).correlation
/workspace_developability_acquisition/gate_b2/scripts/04_modeling.py:115: ConstantInputWarning: An input array is constant; the correlation coefficient is not defined.
  sc = spearmanr(y[tr][iva], pred).correlation
/workspace_developability_acquisition/gate_b2/scripts/04_modeling.py:115: ConstantInputWarning: An input array is constant; the correlation coefficient is not defined.
  sc = spearmanr(y[tr][iva], pred).correlation
/workspace_developability_acquisition/gate_b2/scripts/04_modeling.py:115: ConstantInputWarning: An input array is constant; the correlation coefficient is not defined.
  sc = spearmanr(y[tr][iva], pred).correlation
/workspace_developability_acquisition/gate_b2/scripts/04_modeling.py:115: ConstantInputWarning: An input array is constant; the correlation coefficient is not defined.
  sc = spearmanr(y[tr][iva], pred).correlation
/workspace_developability_acquisition/gate_b2/scripts/04_modeling.py:115: ConstantInputWarning: An input array is constant; the correlation coefficient is not defined.
  sc = spearmanr(y[tr][iva], pred).correlation
/workspace_developability_acquisition/gate_b2/scripts/04_modeling.py:115: ConstantInputWarning: An input array is constant; the correlation coefficient is not defined.
  sc = spearmanr(y[tr][iva], pred).correlation
/workspace_developability_acquisition/gate_b2/scripts/04_modeling.py:115: ConstantInputWarning: An input array is constant; the correlation coefficient is not defined.
  sc = spearmanr(y[tr][iva], pred).correlation
/workspace_developability_acquisition/gate_b2/scripts/04_modeling.py:115: ConstantInputWarning: An input array is constant; the correlation coefficient is not defined.
  sc = spearmanr(y[tr][iva], pred).correlation
TREE canonical HIC ABB_ALL RF
TREE canonical HIC ABB_ALL ET
XGB canonical HIC ABB_ALL
RUN canonical HIC ESMF_NATIVE_SASA Ridge d=58
RUN canonical HIC ESMF_NATIVE_SASA Lasso d=58
/workspace_developability_acquisition/gate_b2/scripts/04_modeling.py:115: ConstantInputWarning: An input array is constant; the correlation coefficient is not defined.
  sc = spearmanr(y[tr][iva], pred).correlation
/workspace_developability_acquisition/gate_b2/scripts/04_modeling.py:115: ConstantInputWarning: An input array is constant; the correlation coefficient is not defined.
  sc = spearmanr(y[tr][iva], pred).correlation
/workspace_developability_acquisition/gate_b2/scripts/04_modeling.py:115: ConstantInputWarning: An input array is constant; the correlation coefficient is not defined.
  sc = spearmanr(y[tr][iva], pred).correlation
/workspace_developability_acquisition/gate_b2/scripts/04_modeling.py:115: ConstantInputWarning: An input array is constant; the correlation coefficient is not defined.
  sc = spearmanr(y[tr][iva], pred).correlation
/workspace_developability_acquisition/gate_b2/scripts/04_modeling.py:115: ConstantInputWarning: An input array is constant; the correlation coefficient is not defined.
  sc = spearmanr(y[tr][iva], pred).correlation
/workspace_developability_acquisition/gate_b2/scripts/04_modeling.py:115: ConstantInputWarning: An input array is constant; the correlation coefficient is not defined.
  sc = spearmanr(y[tr][iva], pred).correlation
/workspace_developability_acquisition/gate_b2/scripts/04_modeling.py:115: ConstantInputWarning: An input array is constant; the correlation coefficient is not defined.
  sc = spearmanr(y[tr][iva], pred).correlation
/workspace_developability_acquisition/gate_b2/scripts/04_modeling.py:115: ConstantInputWarning: An input array is constant; the correlation coefficient is not defined.
  sc = spearmanr(y[tr][iva], pred).correlation
/workspace_developability_acquisition/gate_b2/scripts/04_modeling.py:115: ConstantInputWarning: An input array is constant; the correlation coefficient is not defined.
  sc = spearmanr(y[tr][iva], pred).correlation
/workspace_developability_acquisition/gate_b2/scripts/04_modeling.py:115: ConstantInputWarning: An input array is constant; the correlation coefficient is not defined.
  sc = spearmanr(y[tr][iva], pred).correlation
/workspace_developability_acquisition/gate_b2/scripts/04_modeling.py:115: ConstantInputWarning: An input array is constant; the correlation coefficient is not defined.
  sc = spearmanr(y[tr][iva], pred).correlation
/workspace_developability_acquisition/gate_b2/scripts/04_modeling.py:115: ConstantInputWarning: An input array is constant; the correlation coefficient is not defined.
  sc = spearmanr(y[tr][iva], pred).correlation
/workspace_developability_acquisition/gate_b2/scripts/04_modeling.py:115: ConstantInputWarning: An input array is constant; the correlation coefficient is not defined.
  sc = spearmanr(y[tr][iva], pred).correlation
/workspace_developability_acquisition/gate_b2/scripts/04_modeling.py:115: ConstantInputWarning: An input array is constant; the correlation coefficient is not defined.
  sc = spearmanr(y[tr][iva], pred).correlation
/workspace_developability_acquisition/gate_b2/scripts/04_modeling.py:115: ConstantInputWarning: An input array is constant; the correlation coefficient is not defined.
  sc = spearmanr(y[tr][iva], pred).correlation
RUN canonical HIC ESMF_NATIVE_SASA ElasticNet d=58
/workspace_developability_acquisition/gate_b2/scripts/04_modeling.py:115: ConstantInputWarning: An input array is constant; the correlation coefficient is not defined.
  sc = spearmanr(y[tr][iva], pred).correlation
/workspace_developability_acquisition/gate_b2/scripts/04_modeling.py:115: ConstantInputWarning: An input array is constant; the correlation coefficient is not defined.
  sc = spearmanr(y[tr][iva], pred).correlation
/workspace_developability_acquisition/gate_b2/scripts/04_modeling.py:115: ConstantInputWarning: An input array is constant; the correlation coefficient is not defined.
  sc = spearmanr(y[tr][iva], pred).correlation
/workspace_developability_acquisition/gate_b2/scripts/04_modeling.py:115: ConstantInputWarning: An input array is constant; the correlation coefficient is not defined.
  sc = spearmanr(y[tr][iva], pred).correlation
/workspace_developability_acquisition/gate_b2/scripts/04_modeling.py:115: ConstantInputWarning: An input array is constant; the correlation coefficient is not defined.
  sc = spearmanr(y[tr][iva], pred).correlation
/workspace_developability_acquisition/gate_b2/scripts/04_modeling.py:115: ConstantInputWarning: An input array is constant; the correlation coefficient is not defined.
  sc = spearmanr(y[tr][iva], pred).correlation
/workspace_developability_acquisition/gate_b2/scripts/04_modeling.py:115: ConstantInputWarning: An input array is constant; the correlation coefficient is not defined.
  sc = spearmanr(y[tr][iva], pred).correlation
/workspace_developability_acquisition/gate_b2/scripts/04_modeling.py:115: ConstantInputWarning: An input array is constant; the correlation coefficient is not defined.
  sc = spearmanr(y[tr][iva], pred).correlation
/workspace_developability_acquisition/gate_b2/scripts/04_modeling.py:115: ConstantInputWarning: An input array is constant; the correlation coefficient is not defined.
  sc = spearmanr(y[tr][iva], pred).correlation
/workspace_developability_acquisition/gate_b2/scripts/04_modeling.py:115: ConstantInputWarning: An input array is constant; the correlation coefficient is not defined.
  sc = spearmanr(y[tr][iva], pred).correlation
/workspace_developability_acquisition/gate_b2/scripts/04_modeling.py:115: ConstantInputWarning: An input array is constant; the correlation coefficient is not defined.
  sc = spearmanr(y[tr][iva], pred).correlation
/workspace_developability_acquisition/gate_b2/scripts/04_modeling.py:115: ConstantInputWarning: An input array is constant; the correlation coefficient is not defined.
  sc = spearmanr(y[tr][iva], pred).correlation
/workspace_developability_acquisition/gate_b2/scripts/04_modeling.py:115: ConstantInputWarning: An input array is constant; the correlation coefficient is not defined.
  sc = spearmanr(y[tr][iva], pred).correlation
/workspace_developability_acquisition/gate_b2/scripts/04_modeling.py:115: ConstantInputWarning: An input array is constant; the correlation coefficient is not defined.
  sc = spearmanr(y[tr][iva], pred).correlation
/workspace_developability_acquisition/gate_b2/scripts/04_modeling.py:115: ConstantInputWarning: An input array is constant; the correlation coefficient is not defined.
  sc = spearmanr(y[tr][iva], pred).correlation
/workspace_developability_acquisition/gate_b2/scripts/04_modeling.py:115: ConstantInputWarning: An input array is constant; the correlation coefficient is not defined.
  sc = spearmanr(y[tr][iva], pred).correlation
/workspace_developability_acquisition/gate_b2/scripts/04_modeling.py:115: ConstantInputWarning: An input array is constant; the correlation coefficient is not defined.
  sc = spearmanr(y[tr][iva], pred).correlation
/workspace_developability_acquisition/gate_b2/scripts/04_modeling.py:115: ConstantInputWarning: An input array is constant; the correlation coefficient is not defined.
  sc = spearmanr(y[tr][iva], pred).correlation
/workspace_developability_acquisition/gate_b2/scripts/04_modeling.py:115: ConstantInputWarning: An input array is constant; the correlation coefficient is not defined.
  sc = spearmanr(y[tr][iva], pred).correlation
/workspace_developability_acquisition/gate_b2/scripts/04_modeling.py:115: ConstantInputWarning: An input array is constant; the correlation coefficient is not defined.
  sc = spearmanr(y[tr][iva], pred).correlation
/workspace_developability_acquisition/gate_b2/scripts/04_modeling.py:115: ConstantInputWarning: An input array is constant; the correlation coefficient is not defined.
  sc = spearmanr(y[tr][iva], pred).correlation
/workspace_developability_acquisition/gate_b2/scripts/04_modeling.py:115: ConstantInputWarning: An input array is constant; the correlation coefficient is not defined.
  sc = spearmanr(y[tr][iva], pred).correlation
/workspace_developability_acquisition/gate_b2/scripts/04_modeling.py:115: ConstantInputWarning: An input array is constant; the correlation coefficient is not defined.
  sc = spearmanr(y[tr][iva], pred).correlation
/workspace_developability_acquisition/gate_b2/scripts/04_modeling.py:115: ConstantInputWarning: An input array is constant; the correlation coefficient is not defined.
  sc = spearmanr(y[tr][iva], pred).correlation
/workspace_developability_acquisition/gate_b2/scripts/04_modeling.py:115: ConstantInputWarning: An input array is constant; the correlation coefficient is not defined.
  sc = spearmanr(y[tr][iva], pred).correlation
/workspace_developability_acquisition/gate_b2/scripts/04_modeling.py:115: ConstantInputWarning: An input array is constant; the correlation coefficient is not defined.
  sc = spearmanr(y[tr][iva], pred).correlation
/workspace_developability_acquisition/gate_b2/scripts/04_modeling.py:115: ConstantInputWarning: An input array is constant; the correlation coefficient is not defined.
  sc = spearmanr(y[tr][iva], pred).correlation
RUN canonical HIC ESMF_NATIVE_SASA_RASA Ridge d=114
RUN canonical HIC ESMF_NATIVE_SASA_RASA Lasso d=114
/workspace_developability_acquisition/gate_b2/scripts/04_modeling.py:115: ConstantInputWarning: An input array is constant; the correlation coefficient is not defined.
  sc = spearmanr(y[tr][iva], pred).correlation
/workspace_developability_acquisition/gate_b2/scripts/04_modeling.py:115: ConstantInputWarning: An input array is constant; the correlation coefficient is not defined.
  sc = spearmanr(y[tr][iva], pred).correlation
/workspace_developability_acquisition/gate_b2/scripts/04_modeling.py:115: ConstantInputWarning: An input array is constant; the correlation coefficient is not defined.
  sc = spearmanr(y[tr][iva], pred).correlation
/workspace_developability_acquisition/gate_b2/scripts/04_modeling.py:115: ConstantInputWarning: An input array is constant; the correlation coefficient is not defined.
  sc = spearmanr(y[tr][iva], pred).correlation
/workspace_developability_acquisition/gate_b2/scripts/04_modeling.py:115: ConstantInputWarning: An input array is constant; the correlation coefficient is not defined.
  sc = spearmanr(y[tr][iva], pred).correlation
/workspace_developability_acquisition/gate_b2/scripts/04_modeling.py:115: ConstantInputWarning: An input array is constant; the correlation coefficient is not defined.
  sc = spearmanr(y[tr][iva], pred).correlation
/workspace_developability_acquisition/gate_b2/scripts/04_modeling.py:115: ConstantInputWarning: An input array is constant; the correlation coefficient is not defined.
  sc = spearmanr(y[tr][iva], pred).correlation
/workspace_developability_acquisition/gate_b2/scripts/04_modeling.py:115: ConstantInputWarning: An input array is constant; the correlation coefficient is not defined.
  sc = spearmanr(y[tr][iva], pred).correlation
/workspace_developability_acquisition/gate_b2/scripts/04_modeling.py:115: ConstantInputWarning: An input array is constant; the correlation coefficient is not defined.
  sc = spearmanr(y[tr][iva], pred).correlation
/workspace_developability_acquisition/gate_b2/scripts/04_modeling.py:115: ConstantInputWarning: An input array is constant; the correlation coefficient is not defined.
  sc = spearmanr(y[tr][iva], pred).correlation
/workspace_developability_acquisition/gate_b2/scripts/04_modeling.py:115: ConstantInputWarning: An input array is constant; the correlation coefficient is not defined.
  sc = spearmanr(y[tr][iva], pred).correlation
/workspace_developability_acquisition/gate_b2/scripts/04_modeling.py:115: ConstantInputWarning: An input array is constant; the correlation coefficient is not defined.
  sc = spearmanr(y[tr][iva], pred).correlation
/workspace_developability_acquisition/gate_b2/scripts/04_modeling.py:115: ConstantInputWarning: An input array is constant; the correlation coefficient is not defined.
  sc = spearmanr(y[tr][iva], pred).correlation
/workspace_developability_acquisition/gate_b2/scripts/04_modeling.py:115: ConstantInputWarning: An input array is constant; the correlation coefficient is not defined.
  sc = spearmanr(y[tr][iva], pred).correlation
/workspace_developability_acquisition/gate_b2/scripts/04_modeling.py:115: ConstantInputWarning: An input array is constant; the correlation coefficient is not defined.
  sc = spearmanr(y[tr][iva], pred).correlation
RUN canonical HIC ESMF_NATIVE_SASA_RASA ElasticNet d=114
/workspace_developability_acquisition/gate_b2/scripts/04_modeling.py:115: ConstantInputWarning: An input array is constant; the correlation coefficient is not defined.
  sc = spearmanr(y[tr][iva], pred).correlation
/workspace_developability_acquisition/gate_b2/scripts/04_modeling.py:115: ConstantInputWarning: An input array is constant; the correlation coefficient is not defined.
  sc = spearmanr(y[tr][iva], pred).correlation
/workspace_developability_acquisition/gate_b2/scripts/04_modeling.py:115: ConstantInputWarning: An input array is constant; the correlation coefficient is not defined.
  sc = spearmanr(y[tr][iva], pred).correlation
/workspace_developability_acquisition/gate_b2/scripts/04_modeling.py:115: ConstantInputWarning: An input array is constant; the correlation coefficient is not defined.
  sc = spearmanr(y[tr][iva], pred).correlation
/workspace_developability_acquisition/gate_b2/scripts/04_modeling.py:115: ConstantInputWarning: An input array is constant; the correlation coefficient is not defined.
  sc = spearmanr(y[tr][iva], pred).correlation
/workspace_developability_acquisition/gate_b2/scripts/04_modeling.py:115: ConstantInputWarning: An input array is constant; the correlation coefficient is not defined.
  sc = spearmanr(y[tr][iva], pred).correlation
/workspace_developability_acquisition/gate_b2/scripts/04_modeling.py:115: ConstantInputWarning: An input array is constant; the correlation coefficient is not defined.
  sc = spearmanr(y[tr][iva], pred).correlation
/workspace_developability_acquisition/gate_b2/scripts/04_modeling.py:115: ConstantInputWarning: An input array is constant; the correlation coefficient is not defined.
  sc = spearmanr(y[tr][iva], pred).correlation
/workspace_developability_acquisition/gate_b2/scripts/04_modeling.py:115: ConstantInputWarning: An input array is constant; the correlation coefficient is not defined.
  sc = spearmanr(y[tr][iva], pred).correlation
/workspace_developability_acquisition/gate_b2/scripts/04_modeling.py:115: ConstantInputWarning: An input array is constant; the correlation coefficient is not defined.
  sc = spearmanr(y[tr][iva], pred).correlation
/workspace_developability_acquisition/gate_b2/scripts/04_modeling.py:115: ConstantInputWarning: An input array is constant; the correlation coefficient is not defined.
  sc = spearmanr(y[tr][iva], pred).correlation
/workspace_developability_acquisition/gate_b2/scripts/04_modeling.py:115: ConstantInputWarning: An input array is constant; the correlation coefficient is not defined.
  sc = spearmanr(y[tr][iva], pred).correlation
/workspace_developability_acquisition/gate_b2/scripts/04_modeling.py:115: ConstantInputWarning: An input array is constant; the correlation coefficient is not defined.
  sc = spearmanr(y[tr][iva], pred).correlation
/workspace_developability_acquisition/gate_b2/scripts/04_modeling.py:115: ConstantInputWarning: An input array is constant; the correlation coefficient is not defined.
  sc = spearmanr(y[tr][iva], pred).correlation
/workspace_developability_acquisition/gate_b2/scripts/04_modeling.py:115: ConstantInputWarning: An input array is constant; the correlation coefficient is not defined.
  sc = spearmanr(y[tr][iva], pred).correlation
/workspace_developability_acquisition/gate_b2/scripts/04_modeling.py:115: ConstantInputWarning: An input array is constant; the correlation coefficient is not defined.
  sc = spearmanr(y[tr][iva], pred).correlation
/workspace_developability_acquisition/gate_b2/scripts/04_modeling.py:115: ConstantInputWarning: An input array is constant; the correlation coefficient is not defined.
  sc = spearmanr(y[tr][iva], pred).correlation
/workspace_developability_acquisition/gate_b2/scripts/04_modeling.py:115: ConstantInputWarning: An input array is constant; the correlation coefficient is not defined.
  sc = spearmanr(y[tr][iva], pred).correlation
/workspace_developability_acquisition/gate_b2/scripts/04_modeling.py:115: ConstantInputWarning: An input array is constant; the correlation coefficient is not defined.
  sc = spearmanr(y[tr][iva], pred).correlation
/workspace_developability_acquisition/gate_b2/scripts/04_modeling.py:115: ConstantInputWarning: An input array is constant; the correlation coefficient is not defined.
  sc = spearmanr(y[tr][iva], pred).correlation
/workspace_developability_acquisition/gate_b2/scripts/04_modeling.py:115: ConstantInputWarning: An input array is constant; the correlation coefficient is not defined.
  sc = spearmanr(y[tr][iva], pred).correlation
/workspace_developability_acquisition/gate_b2/scripts/04_modeling.py:115: ConstantInputWarning: An input array is constant; the correlation coefficient is not defined.
  sc = spearmanr(y[tr][iva], pred).correlation
/workspace_developability_acquisition/gate_b2/scripts/04_modeling.py:115: ConstantInputWarning: An input array is constant; the correlation coefficient is not defined.
  sc = spearmanr(y[tr][iva], pred).correlation
/workspace_developability_acquisition/gate_b2/scripts/04_modeling.py:115: ConstantInputWarning: An input array is constant; the correlation coefficient is not defined.
  sc = spearmanr(y[tr][iva], pred).correlation
/workspace_developability_acquisition/gate_b2/scripts/04_modeling.py:115: ConstantInputWarning: An input array is constant; the correlation coefficient is not defined.
  sc = spearmanr(y[tr][iva], pred).correlation
/workspace_developability_acquisition/gate_b2/scripts/04_modeling.py:115: ConstantInputWarning: An input array is constant; the correlation coefficient is not defined.
  sc = spearmanr(y[tr][iva], pred).correlation
/workspace_developability_acquisition/gate_b2/scripts/04_modeling.py:115: ConstantInputWarning: An input array is constant; the correlation coefficient is not defined.
  sc = spearmanr(y[tr][iva], pred).correlation
RUN canonical HIC ESMF_NATIVE_SURFACE Ridge d=56
RUN canonical HIC ESMF_NATIVE_SURFACE Lasso d=56
/workspace_developability_acquisition/gate_b2/scripts/04_modeling.py:115: ConstantInputWarning: An input array is constant; the correlation coefficient is not defined.
  sc = spearmanr(y[tr][iva], pred).correlation
/workspace_developability_acquisition/gate_b2/scripts/04_modeling.py:115: ConstantInputWarning: An input array is constant; the correlation coefficient is not defined.
  sc = spearmanr(y[tr][iva], pred).correlation
/workspace_developability_acquisition/gate_b2/scripts/04_modeling.py:115: ConstantInputWarning: An input array is constant; the correlation coefficient is not defined.
  sc = spearmanr(y[tr][iva], pred).correlation
/workspace_developability_acquisition/gate_b2/scripts/04_modeling.py:115: ConstantInputWarning: An input array is constant; the correlation coefficient is not defined.
  sc = spearmanr(y[tr][iva], pred).correlation
/workspace_developability_acquisition/gate_b2/scripts/04_modeling.py:115: ConstantInputWarning: An input array is constant; the correlation coefficient is not defined.
  sc = spearmanr(y[tr][iva], pred).correlation
/workspace_developability_acquisition/gate_b2/scripts/04_modeling.py:115: ConstantInputWarning: An input array is constant; the correlation coefficient is not defined.
  sc = spearmanr(y[tr][iva], pred).correlation
/workspace_developability_acquisition/gate_b2/scripts/04_modeling.py:115: ConstantInputWarning: An input array is constant; the correlation coefficient is not defined.
  sc = spearmanr(y[tr][iva], pred).correlation
/workspace_developability_acquisition/gate_b2/scripts/04_modeling.py:115: ConstantInputWarning: An input array is constant; the correlation coefficient is not defined.
  sc = spearmanr(y[tr][iva], pred).correlation
/workspace_developability_acquisition/gate_b2/scripts/04_modeling.py:115: ConstantInputWarning: An input array is constant; the correlation coefficient is not defined.
  sc = spearmanr(y[tr][iva], pred).correlation
/workspace_developability_acquisition/gate_b2/scripts/04_modeling.py:115: ConstantInputWarning: An input array is constant; the correlation coefficient is not defined.
  sc = spearmanr(y[tr][iva], pred).correlation
/workspace_developability_acquisition/gate_b2/scripts/04_modeling.py:115: ConstantInputWarning: An input array is constant; the correlation coefficient is not defined.
  sc = spearmanr(y[tr][iva], pred).correlation
/workspace_developability_acquisition/gate_b2/scripts/04_modeling.py:115: ConstantInputWarning: An input array is constant; the correlation coefficient is not defined.
  sc = spearmanr(y[tr][iva], pred).correlation
/workspace_developability_acquisition/gate_b2/scripts/04_modeling.py:115: ConstantInputWarning: An input array is constant; the correlation coefficient is not defined.
  sc = spearmanr(y[tr][iva], pred).correlation
/workspace_developability_acquisition/gate_b2/scripts/04_modeling.py:115: ConstantInputWarning: An input array is constant; the correlation coefficient is not defined.
  sc = spearmanr(y[tr][iva], pred).correlation
/workspace_developability_acquisition/gate_b2/scripts/04_modeling.py:115: ConstantInputWarning: An input array is constant; the correlation coefficient is not defined.
  sc = spearmanr(y[tr][iva], pred).correlation
RUN canonical HIC ESMF_NATIVE_SURFACE ElasticNet d=56
/workspace_developability_acquisition/gate_b2/scripts/04_modeling.py:115: ConstantInputWarning: An input array is constant; the correlation coefficient is not defined.
  sc = spearmanr(y[tr][iva], pred).correlation
/workspace_developability_acquisition/gate_b2/scripts/04_modeling.py:115: ConstantInputWarning: An input array is constant; the correlation coefficient is not defined.
  sc = spearmanr(y[tr][iva], pred).correlation
/workspace_developability_acquisition/gate_b2/scripts/04_modeling.py:115: ConstantInputWarning: An input array is constant; the correlation coefficient is not defined.
  sc = spearmanr(y[tr][iva], pred).correlation
/workspace_developability_acquisition/gate_b2/scripts/04_modeling.py:115: ConstantInputWarning: An input array is constant; the correlation coefficient is not defined.
  sc = spearmanr(y[tr][iva], pred).correlation
/workspace_developability_acquisition/gate_b2/scripts/04_modeling.py:115: ConstantInputWarning: An input array is constant; the correlation coefficient is not defined.
  sc = spearmanr(y[tr][iva], pred).correlation
/workspace_developability_acquisition/gate_b2/scripts/04_modeling.py:115: ConstantInputWarning: An input array is constant; the correlation coefficient is not defined.
  sc = spearmanr(y[tr][iva], pred).correlation
/workspace_developability_acquisition/gate_b2/scripts/04_modeling.py:115: ConstantInputWarning: An input array is constant; the correlation coefficient is not defined.
  sc = spearmanr(y[tr][iva], pred).correlation
/workspace_developability_acquisition/gate_b2/scripts/04_modeling.py:115: ConstantInputWarning: An input array is constant; the correlation coefficient is not defined.
  sc = spearmanr(y[tr][iva], pred).correlation
/workspace_developability_acquisition/gate_b2/scripts/04_modeling.py:115: ConstantInputWarning: An input array is constant; the correlation coefficient is not defined.
  sc = spearmanr(y[tr][iva], pred).correlation
/workspace_developability_acquisition/gate_b2/scripts/04_modeling.py:115: ConstantInputWarning: An input array is constant; the correlation coefficient is not defined.
  sc = spearmanr(y[tr][iva], pred).correlation
/workspace_developability_acquisition/gate_b2/scripts/04_modeling.py:115: ConstantInputWarning: An input array is constant; the correlation coefficient is not defined.
  sc = spearmanr(y[tr][iva], pred).correlation
/workspace_developability_acquisition/gate_b2/scripts/04_modeling.py:115: ConstantInputWarning: An input array is constant; the correlation coefficient is not defined.
  sc = spearmanr(y[tr][iva], pred).correlation
/workspace_developability_acquisition/gate_b2/scripts/04_modeling.py:115: ConstantInputWarning: An input array is constant; the correlation coefficient is not defined.
  sc = spearmanr(y[tr][iva], pred).correlation
/workspace_developability_acquisition/gate_b2/scripts/04_modeling.py:115: ConstantInputWarning: An input array is constant; the correlation coefficient is not defined.
  sc = spearmanr(y[tr][iva], pred).correlation
/workspace_developability_acquisition/gate_b2/scripts/04_modeling.py:115: ConstantInputWarning: An input array is constant; the correlation coefficient is not defined.
  sc = spearmanr(y[tr][iva], pred).correlation
/workspace_developability_acquisition/gate_b2/scripts/04_modeling.py:115: ConstantInputWarning: An input array is constant; the correlation coefficient is not defined.
  sc = spearmanr(y[tr][iva], pred).correlation
/workspace_developability_acquisition/gate_b2/scripts/04_modeling.py:115: ConstantInputWarning: An input array is constant; the correlation coefficient is not defined.
  sc = spearmanr(y[tr][iva], pred).correlation
/workspace_developability_acquisition/gate_b2/scripts/04_modeling.py:115: ConstantInputWarning: An input array is constant; the correlation coefficient is not defined.
  sc = spearmanr(y[tr][iva], pred).correlation
/workspace_developability_acquisition/gate_b2/scripts/04_modeling.py:115: ConstantInputWarning: An input array is constant; the correlation coefficient is not defined.
  sc = spearmanr(y[tr][iva], pred).correlation
/workspace_developability_acquisition/gate_b2/scripts/04_modeling.py:115: ConstantInputWarning: An input array is constant; the correlation coefficient is not defined.
  sc = spearmanr(y[tr][iva], pred).correlation
/workspace_developability_acquisition/gate_b2/scripts/04_modeling.py:115: ConstantInputWarning: An input array is constant; the correlation coefficient is not defined.
  sc = spearmanr(y[tr][iva], pred).correlation
/workspace_developability_acquisition/gate_b2/scripts/04_modeling.py:115: ConstantInputWarning: An input array is constant; the correlation coefficient is not defined.
  sc = spearmanr(y[tr][iva], pred).correlation
/workspace_developability_acquisition/gate_b2/scripts/04_modeling.py:115: ConstantInputWarning: An input array is constant; the correlation coefficient is not defined.
  sc = spearmanr(y[tr][iva], pred).correlation
/workspace_developability_acquisition/gate_b2/scripts/04_modeling.py:115: ConstantInputWarning: An input array is constant; the correlation coefficient is not defined.
  sc = spearmanr(y[tr][iva], pred).correlation
/workspace_developability_acquisition/gate_b2/scripts/04_modeling.py:115: ConstantInputWarning: An input array is constant; the correlation coefficient is not defined.
  sc = spearmanr(y[tr][iva], pred).correlation
/workspace_developability_acquisition/gate_b2/scripts/04_modeling.py:115: ConstantInputWarning: An input array is constant; the correlation coefficient is not defined.
  sc = spearmanr(y[tr][iva], pred).correlation
/workspace_developability_acquisition/gate_b2/scripts/04_modeling.py:115: ConstantInputWarning: An input array is constant; the correlation coefficient is not defined.
  sc = spearmanr(y[tr][iva], pred).correlation
TREE canonical HIC ESMF_NATIVE_SURFACE RF
TREE canonical HIC ESMF_NATIVE_SURFACE ET
RUN canonical HIC ESMF_NATIVE_SURFACE_RASAW Ridge d=56
RUN canonical HIC ESMF_NATIVE_SURFACE_RASAW Lasso d=56
/workspace_developability_acquisition/gate_b2/scripts/04_modeling.py:115: ConstantInputWarning: An input array is constant; the correlation coefficient is not defined.
  sc = spearmanr(y[tr][iva], pred).correlation
/workspace_developability_acquisition/gate_b2/scripts/04_modeling.py:115: ConstantInputWarning: An input array is constant; the correlation coefficient is not defined.
  sc = spearmanr(y[tr][iva], pred).correlation
/workspace_developability_acquisition/gate_b2/scripts/04_modeling.py:115: ConstantInputWarning: An input array is constant; the correlation coefficient is not defined.
  sc = spearmanr(y[tr][iva], pred).correlation
/workspace_developability_acquisition/gate_b2/scripts/04_modeling.py:115: ConstantInputWarning: An input array is constant; the correlation coefficient is not defined.
  sc = spearmanr(y[tr][iva], pred).correlation
/workspace_developability_acquisition/gate_b2/scripts/04_modeling.py:115: ConstantInputWarning: An input array is constant; the correlation coefficient is not defined.
  sc = spearmanr(y[tr][iva], pred).correlation
/workspace_developability_acquisition/gate_b2/scripts/04_modeling.py:115: ConstantInputWarning: An input array is constant; the correlation coefficient is not defined.
  sc = spearmanr(y[tr][iva], pred).correlation
/workspace_developability_acquisition/gate_b2/scripts/04_modeling.py:115: ConstantInputWarning: An input array is constant; the correlation coefficient is not defined.
  sc = spearmanr(y[tr][iva], pred).correlation
/workspace_developability_acquisition/gate_b2/scripts/04_modeling.py:115: ConstantInputWarning: An input array is constant; the correlation coefficient is not defined.
  sc = spearmanr(y[tr][iva], pred).correlation
/workspace_developability_acquisition/gate_b2/scripts/04_modeling.py:115: ConstantInputWarning: An input array is constant; the correlation coefficient is not defined.
  sc = spearmanr(y[tr][iva], pred).correlation
/workspace_developability_acquisition/gate_b2/scripts/04_modeling.py:115: ConstantInputWarning: An input array is constant; the correlation coefficient is not defined.
  sc = spearmanr(y[tr][iva], pred).correlation
/workspace_developability_acquisition/gate_b2/scripts/04_modeling.py:115: ConstantInputWarning: An input array is constant; the correlation coefficient is not defined.
  sc = spearmanr(y[tr][iva], pred).correlation
/workspace_developability_acquisition/gate_b2/scripts/04_modeling.py:115: ConstantInputWarning: An input array is constant; the correlation coefficient is not defined.
  sc = spearmanr(y[tr][iva], pred).correlation
/workspace_developability_acquisition/gate_b2/scripts/04_modeling.py:115: ConstantInputWarning: An input array is constant; the correlation coefficient is not defined.
  sc = spearmanr(y[tr][iva], pred).correlation
/workspace_developability_acquisition/gate_b2/scripts/04_modeling.py:115: ConstantInputWarning: An input array is constant; the correlation coefficient is not defined.
  sc = spearmanr(y[tr][iva], pred).correlation
/workspace_developability_acquisition/gate_b2/scripts/04_modeling.py:115: ConstantInputWarning: An input array is constant; the correlation coefficient is not defined.
  sc = spearmanr(y[tr][iva], pred).correlation
RUN canonical HIC ESMF_NATIVE_SURFACE_RASAW ElasticNet d=56
/workspace_developability_acquisition/gate_b2/scripts/04_modeling.py:115: ConstantInputWarning: An input array is constant; the correlation coefficient is not defined.
  sc = spearmanr(y[tr][iva], pred).correlation
/workspace_developability_acquisition/gate_b2/scripts/04_modeling.py:115: ConstantInputWarning: An input array is constant; the correlation coefficient is not defined.
  sc = spearmanr(y[tr][iva], pred).correlation
/workspace_developability_acquisition/gate_b2/scripts/04_modeling.py:115: ConstantInputWarning: An input array is constant; the correlation coefficient is not defined.
  sc = spearmanr(y[tr][iva], pred).correlation
/workspace_developability_acquisition/gate_b2/scripts/04_modeling.py:115: ConstantInputWarning: An input array is constant; the correlation coefficient is not defined.
  sc = spearmanr(y[tr][iva], pred).correlation
/workspace_developability_acquisition/gate_b2/scripts/04_modeling.py:115: ConstantInputWarning: An input array is constant; the correlation coefficient is not defined.
  sc = spearmanr(y[tr][iva], pred).correlation
/workspace_developability_acquisition/gate_b2/scripts/04_modeling.py:115: ConstantInputWarning: An input array is constant; the correlation coefficient is not defined.
  sc = spearmanr(y[tr][iva], pred).correlation
/workspace_developability_acquisition/gate_b2/scripts/04_modeling.py:115: ConstantInputWarning: An input array is constant; the correlation coefficient is not defined.
  sc = spearmanr(y[tr][iva], pred).correlation
/workspace_developability_acquisition/gate_b2/scripts/04_modeling.py:115: ConstantInputWarning: An input array is constant; the correlation coefficient is not defined.
  sc = spearmanr(y[tr][iva], pred).correlation
/workspace_developability_acquisition/gate_b2/scripts/04_modeling.py:115: ConstantInputWarning: An input array is constant; the correlation coefficient is not defined.
  sc = spearmanr(y[tr][iva], pred).correlation
/workspace_developability_acquisition/gate_b2/scripts/04_modeling.py:115: ConstantInputWarning: An input array is constant; the correlation coefficient is not defined.
  sc = spearmanr(y[tr][iva], pred).correlation
/workspace_developability_acquisition/gate_b2/scripts/04_modeling.py:115: ConstantInputWarning: An input array is constant; the correlation coefficient is not defined.
  sc = spearmanr(y[tr][iva], pred).correlation
/workspace_developability_acquisition/gate_b2/scripts/04_modeling.py:115: ConstantInputWarning: An input array is constant; the correlation coefficient is not defined.
  sc = spearmanr(y[tr][iva], pred).correlation
/workspace_developability_acquisition/gate_b2/scripts/04_modeling.py:115: ConstantInputWarning: An input array is constant; the correlation coefficient is not defined.
  sc = spearmanr(y[tr][iva], pred).correlation
/workspace_developability_acquisition/gate_b2/scripts/04_modeling.py:115: ConstantInputWarning: An input array is constant; the correlation coefficient is not defined.
  sc = spearmanr(y[tr][iva], pred).correlation
/workspace_developability_acquisition/gate_b2/scripts/04_modeling.py:115: ConstantInputWarning: An input array is constant; the correlation coefficient is not defined.
  sc = spearmanr(y[tr][iva], pred).correlation
/workspace_developability_acquisition/gate_b2/scripts/04_modeling.py:115: ConstantInputWarning: An input array is constant; the correlation coefficient is not defined.
  sc = spearmanr(y[tr][iva], pred).correlation
/workspace_developability_acquisition/gate_b2/scripts/04_modeling.py:115: ConstantInputWarning: An input array is constant; the correlation coefficient is not defined.
  sc = spearmanr(y[tr][iva], pred).correlation
/workspace_developability_acquisition/gate_b2/scripts/04_modeling.py:115: ConstantInputWarning: An input array is constant; the correlation coefficient is not defined.
  sc = spearmanr(y[tr][iva], pred).correlation
/workspace_developability_acquisition/gate_b2/scripts/04_modeling.py:115: ConstantInputWarning: An input array is constant; the correlation coefficient is not defined.
  sc = spearmanr(y[tr][iva], pred).correlation
/workspace_developability_acquisition/gate_b2/scripts/04_modeling.py:115: ConstantInputWarning: An input array is constant; the correlation coefficient is not defined.
  sc = spearmanr(y[tr][iva], pred).correlation
/workspace_developability_acquisition/gate_b2/scripts/04_modeling.py:115: ConstantInputWarning: An input array is constant; the correlation coefficient is not defined.
  sc = spearmanr(y[tr][iva], pred).correlation
/workspace_developability_acquisition/gate_b2/scripts/04_modeling.py:115: ConstantInputWarning: An input array is constant; the correlation coefficient is not defined.
  sc = spearmanr(y[tr][iva], pred).correlation
/workspace_developability_acquisition/gate_b2/scripts/04_modeling.py:115: ConstantInputWarning: An input array is constant; the correlation coefficient is not defined.
  sc = spearmanr(y[tr][iva], pred).correlation
/workspace_developability_acquisition/gate_b2/scripts/04_modeling.py:115: ConstantInputWarning: An input array is constant; the correlation coefficient is not defined.
  sc = spearmanr(y[tr][iva], pred).correlation
/workspace_developability_acquisition/gate_b2/scripts/04_modeling.py:115: ConstantInputWarning: An input array is constant; the correlation coefficient is not defined.
  sc = spearmanr(y[tr][iva], pred).correlation
/workspace_developability_acquisition/gate_b2/scripts/04_modeling.py:115: ConstantInputWarning: An input array is constant; the correlation coefficient is not defined.
  sc = spearmanr(y[tr][iva], pred).correlation
/workspace_developability_acquisition/gate_b2/scripts/04_modeling.py:115: ConstantInputWarning: An input array is constant; the correlation coefficient is not defined.
  sc = spearmanr(y[tr][iva], pred).correlation
/workspace_developability_acquisition/gate_b2/scripts/04_modeling.py:115: ConstantInputWarning: An input array is constant; the correlation coefficient is not defined.
  sc = spearmanr(y[tr][iva], pred).correlation
/workspace_developability_acquisition/gate_b2/scripts/04_modeling.py:115: ConstantInputWarning: An input array is constant; the correlation coefficient is not defined.
  sc = spearmanr(y[tr][iva], pred).correlation
/workspace_developability_acquisition/gate_b2/scripts/04_modeling.py:115: ConstantInputWarning: An input array is constant; the correlation coefficient is not defined.
  sc = spearmanr(y[tr][iva], pred).correlation
/workspace_developability_acquisition/gate_b2/scripts/04_modeling.py:115: ConstantInputWarning: An input array is constant; the correlation coefficient is not defined.
  sc = spearmanr(y[tr][iva], pred).correlation
RUN canonical HIC ESMF_NATIVE_ALL_SURFACE Ridge d=154
RUN canonical HIC ESMF_NATIVE_ALL_SURFACE Lasso d=154
/workspace_developability_acquisition/gate_b2/scripts/04_modeling.py:115: ConstantInputWarning: An input array is constant; the correlation coefficient is not defined.
  sc = spearmanr(y[tr][iva], pred).correlation
/workspace_developability_acquisition/gate_b2/scripts/04_modeling.py:115: ConstantInputWarning: An input array is constant; the correlation coefficient is not defined.
  sc = spearmanr(y[tr][iva], pred).correlation
/workspace_developability_acquisition/gate_b2/scripts/04_modeling.py:115: ConstantInputWarning: An input array is constant; the correlation coefficient is not defined.
  sc = spearmanr(y[tr][iva], pred).correlation
/workspace_developability_acquisition/gate_b2/scripts/04_modeling.py:115: ConstantInputWarning: An input array is constant; the correlation coefficient is not defined.
  sc = spearmanr(y[tr][iva], pred).correlation
/workspace_developability_acquisition/gate_b2/scripts/04_modeling.py:115: ConstantInputWarning: An input array is constant; the correlation coefficient is not defined.
  sc = spearmanr(y[tr][iva], pred).correlation
/workspace_developability_acquisition/gate_b2/scripts/04_modeling.py:115: ConstantInputWarning: An input array is constant; the correlation coefficient is not defined.
  sc = spearmanr(y[tr][iva], pred).correlation
/workspace_developability_acquisition/gate_b2/scripts/04_modeling.py:115: ConstantInputWarning: An input array is constant; the correlation coefficient is not defined.
  sc = spearmanr(y[tr][iva], pred).correlation
/workspace_developability_acquisition/gate_b2/scripts/04_modeling.py:115: ConstantInputWarning: An input array is constant; the correlation coefficient is not defined.
  sc = spearmanr(y[tr][iva], pred).correlation
/workspace_developability_acquisition/gate_b2/scripts/04_modeling.py:115: ConstantInputWarning: An input array is constant; the correlation coefficient is not defined.
  sc = spearmanr(y[tr][iva], pred).correlation
/workspace_developability_acquisition/gate_b2/scripts/04_modeling.py:115: ConstantInputWarning: An input array is constant; the correlation coefficient is not defined.
  sc = spearmanr(y[tr][iva], pred).correlation
/workspace_developability_acquisition/gate_b2/scripts/04_modeling.py:115: ConstantInputWarning: An input array is constant; the correlation coefficient is not defined.
  sc = spearmanr(y[tr][iva], pred).correlation
/workspace_developability_acquisition/gate_b2/scripts/04_modeling.py:115: ConstantInputWarning: An input array is constant; the correlation coefficient is not defined.
  sc = spearmanr(y[tr][iva], pred).correlation
/workspace_developability_acquisition/gate_b2/scripts/04_modeling.py:115: ConstantInputWarning: An input array is constant; the correlation coefficient is not defined.
  sc = spearmanr(y[tr][iva], pred).correlation
/workspace_developability_acquisition/gate_b2/scripts/04_modeling.py:115: ConstantInputWarning: An input array is constant; the correlation coefficient is not defined.
  sc = spearmanr(y[tr][iva], pred).correlation
/workspace_developability_acquisition/gate_b2/scripts/04_modeling.py:115: ConstantInputWarning: An input array is constant; the correlation coefficient is not defined.
  sc = spearmanr(y[tr][iva], pred).correlation
RUN canonical HIC ESMF_NATIVE_ALL_SURFACE ElasticNet d=154
/workspace_developability_acquisition/gate_b2/scripts/04_modeling.py:115: ConstantInputWarning: An input array is constant; the correlation coefficient is not defined.
  sc = spearmanr(y[tr][iva], pred).correlation
/workspace_developability_acquisition/gate_b2/scripts/04_modeling.py:115: ConstantInputWarning: An input array is constant; the correlation coefficient is not defined.
  sc = spearmanr(y[tr][iva], pred).correlation
/workspace_developability_acquisition/gate_b2/scripts/04_modeling.py:115: ConstantInputWarning: An input array is constant; the correlation coefficient is not defined.
  sc = spearmanr(y[tr][iva], pred).correlation
/workspace_developability_acquisition/gate_b2/scripts/04_modeling.py:115: ConstantInputWarning: An input array is constant; the correlation coefficient is not defined.
  sc = spearmanr(y[tr][iva], pred).correlation
/workspace_developability_acquisition/gate_b2/scripts/04_modeling.py:115: ConstantInputWarning: An input array is constant; the correlation coefficient is not defined.
  sc = spearmanr(y[tr][iva], pred).correlation
/workspace_developability_acquisition/gate_b2/scripts/04_modeling.py:115: ConstantInputWarning: An input array is constant; the correlation coefficient is not defined.
  sc = spearmanr(y[tr][iva], pred).correlation
/workspace_developability_acquisition/gate_b2/scripts/04_modeling.py:115: ConstantInputWarning: An input array is constant; the correlation coefficient is not defined.
  sc = spearmanr(y[tr][iva], pred).correlation
/workspace_developability_acquisition/gate_b2/scripts/04_modeling.py:115: ConstantInputWarning: An input array is constant; the correlation coefficient is not defined.
  sc = spearmanr(y[tr][iva], pred).correlation
/workspace_developability_acquisition/gate_b2/scripts/04_modeling.py:115: ConstantInputWarning: An input array is constant; the correlation coefficient is not defined.
  sc = spearmanr(y[tr][iva], pred).correlation
/workspace_developability_acquisition/gate_b2/scripts/04_modeling.py:115: ConstantInputWarning: An input array is constant; the correlation coefficient is not defined.
  sc = spearmanr(y[tr][iva], pred).correlation
/workspace_developability_acquisition/gate_b2/scripts/04_modeling.py:115: ConstantInputWarning: An input array is constant; the correlation coefficient is not defined.
  sc = spearmanr(y[tr][iva], pred).correlation
/workspace_developability_acquisition/gate_b2/scripts/04_modeling.py:115: ConstantInputWarning: An input array is constant; the correlation coefficient is not defined.
  sc = spearmanr(y[tr][iva], pred).correlation
/workspace_developability_acquisition/gate_b2/scripts/04_modeling.py:115: ConstantInputWarning: An input array is constant; the correlation coefficient is not defined.
  sc = spearmanr(y[tr][iva], pred).correlation
/workspace_developability_acquisition/gate_b2/scripts/04_modeling.py:115: ConstantInputWarning: An input array is constant; the correlation coefficient is not defined.
  sc = spearmanr(y[tr][iva], pred).correlation
/workspace_developability_acquisition/gate_b2/scripts/04_modeling.py:115: ConstantInputWarning: An input array is constant; the correlation coefficient is not defined.
  sc = spearmanr(y[tr][iva], pred).correlation
/workspace_developability_acquisition/gate_b2/scripts/04_modeling.py:115: ConstantInputWarning: An input array is constant; the correlation coefficient is not defined.
  sc = spearmanr(y[tr][iva], pred).correlation
/workspace_developability_acquisition/gate_b2/scripts/04_modeling.py:115: ConstantInputWarning: An input array is constant; the correlation coefficient is not defined.
  sc = spearmanr(y[tr][iva], pred).correlation
/workspace_developability_acquisition/gate_b2/scripts/04_modeling.py:115: ConstantInputWarning: An input array is constant; the correlation coefficient is not defined.
  sc = spearmanr(y[tr][iva], pred).correlation
/workspace_developability_acquisition/gate_b2/scripts/04_modeling.py:115: ConstantInputWarning: An input array is constant; the correlation coefficient is not defined.
  sc = spearmanr(y[tr][iva], pred).correlation
/workspace_developability_acquisition/gate_b2/scripts/04_modeling.py:115: ConstantInputWarning: An input array is constant; the correlation coefficient is not defined.
  sc = spearmanr(y[tr][iva], pred).correlation
/workspace_developability_acquisition/gate_b2/scripts/04_modeling.py:115: ConstantInputWarning: An input array is constant; the correlation coefficient is not defined.
  sc = spearmanr(y[tr][iva], pred).correlation
/workspace_developability_acquisition/gate_b2/scripts/04_modeling.py:115: ConstantInputWarning: An input array is constant; the correlation coefficient is not defined.
  sc = spearmanr(y[tr][iva], pred).correlation
/workspace_developability_acquisition/gate_b2/scripts/04_modeling.py:115: ConstantInputWarning: An input array is constant; the correlation coefficient is not defined.
  sc = spearmanr(y[tr][iva], pred).correlation
/workspace_developability_acquisition/gate_b2/scripts/04_modeling.py:115: ConstantInputWarning: An input array is constant; the correlation coefficient is not defined.
  sc = spearmanr(y[tr][iva], pred).correlation
/workspace_developability_acquisition/gate_b2/scripts/04_modeling.py:115: ConstantInputWarning: An input array is constant; the correlation coefficient is not defined.
  sc = spearmanr(y[tr][iva], pred).correlation
/workspace_developability_acquisition/gate_b2/scripts/04_modeling.py:115: ConstantInputWarning: An input array is constant; the correlation coefficient is not defined.
  sc = spearmanr(y[tr][iva], pred).correlation
/workspace_developability_acquisition/gate_b2/scripts/04_modeling.py:115: ConstantInputWarning: An input array is constant; the correlation coefficient is not defined.
  sc = spearmanr(y[tr][iva], pred).correlation
RUN canonical HIC ESMF_NATIVE_PATCH Ridge d=7
RUN canonical HIC ESMF_NATIVE_PATCH Lasso d=7
/workspace_developability_acquisition/gate_b2/scripts/04_modeling.py:115: ConstantInputWarning: An input array is constant; the correlation coefficient is not defined.
  sc = spearmanr(y[tr][iva], pred).correlation
/workspace_developability_acquisition/gate_b2/scripts/04_modeling.py:115: ConstantInputWarning: An input array is constant; the correlation coefficient is not defined.
  sc = spearmanr(y[tr][iva], pred).correlation
/workspace_developability_acquisition/gate_b2/scripts/04_modeling.py:115: ConstantInputWarning: An input array is constant; the correlation coefficient is not defined.
  sc = spearmanr(y[tr][iva], pred).correlation
/workspace_developability_acquisition/gate_b2/scripts/04_modeling.py:115: ConstantInputWarning: An input array is constant; the correlation coefficient is not defined.
  sc = spearmanr(y[tr][iva], pred).correlation
/workspace_developability_acquisition/gate_b2/scripts/04_modeling.py:115: ConstantInputWarning: An input array is constant; the correlation coefficient is not defined.
  sc = spearmanr(y[tr][iva], pred).correlation
/workspace_developability_acquisition/gate_b2/scripts/04_modeling.py:115: ConstantInputWarning: An input array is constant; the correlation coefficient is not defined.
  sc = spearmanr(y[tr][iva], pred).correlation
/workspace_developability_acquisition/gate_b2/scripts/04_modeling.py:115: ConstantInputWarning: An input array is constant; the correlation coefficient is not defined.
  sc = spearmanr(y[tr][iva], pred).correlation
/workspace_developability_acquisition/gate_b2/scripts/04_modeling.py:115: ConstantInputWarning: An input array is constant; the correlation coefficient is not defined.
  sc = spearmanr(y[tr][iva], pred).correlation
/workspace_developability_acquisition/gate_b2/scripts/04_modeling.py:115: ConstantInputWarning: An input array is constant; the correlation coefficient is not defined.
  sc = spearmanr(y[tr][iva], pred).correlation
/workspace_developability_acquisition/gate_b2/scripts/04_modeling.py:115: ConstantInputWarning: An input array is constant; the correlation coefficient is not defined.
  sc = spearmanr(y[tr][iva], pred).correlation
/workspace_developability_acquisition/gate_b2/scripts/04_modeling.py:115: ConstantInputWarning: An input array is constant; the correlation coefficient is not defined.
  sc = spearmanr(y[tr][iva], pred).correlation
/workspace_developability_acquisition/gate_b2/scripts/04_modeling.py:115: ConstantInputWarning: An input array is constant; the correlation coefficient is not defined.
  sc = spearmanr(y[tr][iva], pred).correlation
/workspace_developability_acquisition/gate_b2/scripts/04_modeling.py:115: ConstantInputWarning: An input array is constant; the correlation coefficient is not defined.
  sc = spearmanr(y[tr][iva], pred).correlation
/workspace_developability_acquisition/gate_b2/scripts/04_modeling.py:115: ConstantInputWarning: An input array is constant; the correlation coefficient is not defined.
  sc = spearmanr(y[tr][iva], pred).correlation
/workspace_developability_acquisition/gate_b2/scripts/04_modeling.py:115: ConstantInputWarning: An input array is constant; the correlation coefficient is not defined.
  sc = spearmanr(y[tr][iva], pred).correlation
/workspace_developability_acquisition/gate_b2/scripts/04_modeling.py:115: ConstantInputWarning: An input array is constant; the correlation coefficient is not defined.
  sc = spearmanr(y[tr][iva], pred).correlation
/workspace_developability_acquisition/gate_b2/scripts/04_modeling.py:115: ConstantInputWarning: An input array is constant; the correlation coefficient is not defined.
  sc = spearmanr(y[tr][iva], pred).correlation
/workspace_developability_acquisition/gate_b2/scripts/04_modeling.py:115: ConstantInputWarning: An input array is constant; the correlation coefficient is not defined.
  sc = spearmanr(y[tr][iva], pred).correlation
/workspace_developability_acquisition/gate_b2/scripts/04_modeling.py:115: ConstantInputWarning: An input array is constant; the correlation coefficient is not defined.
  sc = spearmanr(y[tr][iva], pred).correlation
RUN canonical HIC ESMF_NATIVE_PATCH ElasticNet d=7
/workspace_developability_acquisition/gate_b2/scripts/04_modeling.py:115: ConstantInputWarning: An input array is constant; the correlation coefficient is not defined.
  sc = spearmanr(y[tr][iva], pred).correlation
/workspace_developability_acquisition/gate_b2/scripts/04_modeling.py:115: ConstantInputWarning: An input array is constant; the correlation coefficient is not defined.
  sc = spearmanr(y[tr][iva], pred).correlation
/workspace_developability_acquisition/gate_b2/scripts/04_modeling.py:115: ConstantInputWarning: An input array is constant; the correlation coefficient is not defined.
  sc = spearmanr(y[tr][iva], pred).correlation
/workspace_developability_acquisition/gate_b2/scripts/04_modeling.py:115: ConstantInputWarning: An input array is constant; the correlation coefficient is not defined.
  sc = spearmanr(y[tr][iva], pred).correlation
/workspace_developability_acquisition/gate_b2/scripts/04_modeling.py:115: ConstantInputWarning: An input array is constant; the correlation coefficient is not defined.
  sc = spearmanr(y[tr][iva], pred).correlation
/workspace_developability_acquisition/gate_b2/scripts/04_modeling.py:115: ConstantInputWarning: An input array is constant; the correlation coefficient is not defined.
  sc = spearmanr(y[tr][iva], pred).correlation
/workspace_developability_acquisition/gate_b2/scripts/04_modeling.py:115: ConstantInputWarning: An input array is constant; the correlation coefficient is not defined.
  sc = spearmanr(y[tr][iva], pred).correlation
/workspace_developability_acquisition/gate_b2/scripts/04_modeling.py:115: ConstantInputWarning: An input array is constant; the correlation coefficient is not defined.
  sc = spearmanr(y[tr][iva], pred).correlation
/workspace_developability_acquisition/gate_b2/scripts/04_modeling.py:115: ConstantInputWarning: An input array is constant; the correlation coefficient is not defined.
  sc = spearmanr(y[tr][iva], pred).correlation
/workspace_developability_acquisition/gate_b2/scripts/04_modeling.py:115: ConstantInputWarning: An input array is constant; the correlation coefficient is not defined.
  sc = spearmanr(y[tr][iva], pred).correlation
/workspace_developability_acquisition/gate_b2/scripts/04_modeling.py:115: ConstantInputWarning: An input array is constant; the correlation coefficient is not defined.
  sc = spearmanr(y[tr][iva], pred).correlation
/workspace_developability_acquisition/gate_b2/scripts/04_modeling.py:115: ConstantInputWarning: An input array is constant; the correlation coefficient is not defined.
  sc = spearmanr(y[tr][iva], pred).correlation
/workspace_developability_acquisition/gate_b2/scripts/04_modeling.py:115: ConstantInputWarning: An input array is constant; the correlation coefficient is not defined.
  sc = spearmanr(y[tr][iva], pred).correlation
/workspace_developability_acquisition/gate_b2/scripts/04_modeling.py:115: ConstantInputWarning: An input array is constant; the correlation coefficient is not defined.
  sc = spearmanr(y[tr][iva], pred).correlation
/workspace_developability_acquisition/gate_b2/scripts/04_modeling.py:115: ConstantInputWarning: An input array is constant; the correlation coefficient is not defined.
  sc = spearmanr(y[tr][iva], pred).correlation
/workspace_developability_acquisition/gate_b2/scripts/04_modeling.py:115: ConstantInputWarning: An input array is constant; the correlation coefficient is not defined.
  sc = spearmanr(y[tr][iva], pred).correlation
/workspace_developability_acquisition/gate_b2/scripts/04_modeling.py:115: ConstantInputWarning: An input array is constant; the correlation coefficient is not defined.
  sc = spearmanr(y[tr][iva], pred).correlation
/workspace_developability_acquisition/gate_b2/scripts/04_modeling.py:115: ConstantInputWarning: An input array is constant; the correlation coefficient is not defined.
  sc = spearmanr(y[tr][iva], pred).correlation
/workspace_developability_acquisition/gate_b2/scripts/04_modeling.py:115: ConstantInputWarning: An input array is constant; the correlation coefficient is not defined.
  sc = spearmanr(y[tr][iva], pred).correlation
/workspace_developability_acquisition/gate_b2/scripts/04_modeling.py:115: ConstantInputWarning: An input array is constant; the correlation coefficient is not defined.
  sc = spearmanr(y[tr][iva], pred).correlation
/workspace_developability_acquisition/gate_b2/scripts/04_modeling.py:115: ConstantInputWarning: An input array is constant; the correlation coefficient is not defined.
  sc = spearmanr(y[tr][iva], pred).correlation
/workspace_developability_acquisition/gate_b2/scripts/04_modeling.py:115: ConstantInputWarning: An input array is constant; the correlation coefficient is not defined.
  sc = spearmanr(y[tr][iva], pred).correlation
/workspace_developability_acquisition/gate_b2/scripts/04_modeling.py:115: ConstantInputWarning: An input array is constant; the correlation coefficient is not defined.
  sc = spearmanr(y[tr][iva], pred).correlation
/workspace_developability_acquisition/gate_b2/scripts/04_modeling.py:115: ConstantInputWarning: An input array is constant; the correlation coefficient is not defined.
  sc = spearmanr(y[tr][iva], pred).correlation
/workspace_developability_acquisition/gate_b2/scripts/04_modeling.py:115: ConstantInputWarning: An input array is constant; the correlation coefficient is not defined.
  sc = spearmanr(y[tr][iva], pred).correlation
/workspace_developability_acquisition/gate_b2/scripts/04_modeling.py:115: ConstantInputWarning: An input array is constant; the correlation coefficient is not defined.
  sc = spearmanr(y[tr][iva], pred).correlation
/workspace_developability_acquisition/gate_b2/scripts/04_modeling.py:115: ConstantInputWarning: An input array is constant; the correlation coefficient is not defined.
  sc = spearmanr(y[tr][iva], pred).correlation
/workspace_developability_acquisition/gate_b2/scripts/04_modeling.py:115: ConstantInputWarning: An input array is constant; the correlation coefficient is not defined.
  sc = spearmanr(y[tr][iva], pred).correlation
/workspace_developability_acquisition/gate_b2/scripts/04_modeling.py:115: ConstantInputWarning: An input array is constant; the correlation coefficient is not defined.
  sc = spearmanr(y[tr][iva], pred).correlation
/workspace_developability_acquisition/gate_b2/scripts/04_modeling.py:115: ConstantInputWarning: An input array is constant; the correlation coefficient is not defined.
  sc = spearmanr(y[tr][iva], pred).correlation
/workspace_developability_acquisition/gate_b2/scripts/04_modeling.py:115: ConstantInputWarning: An input array is constant; the correlation coefficient is not defined.
  sc = spearmanr(y[tr][iva], pred).correlation
/workspace_developability_acquisition/gate_b2/scripts/04_modeling.py:115: ConstantInputWarning: An input array is constant; the correlation coefficient is not defined.
  sc = spearmanr(y[tr][iva], pred).correlation
/workspace_developability_acquisition/gate_b2/scripts/04_modeling.py:115: ConstantInputWarning: An input array is constant; the correlation coefficient is not defined.
  sc = spearmanr(y[tr][iva], pred).correlation
/workspace_developability_acquisition/gate_b2/scripts/04_modeling.py:115: ConstantInputWarning: An input array is constant; the correlation coefficient is not defined.
  sc = spearmanr(y[tr][iva], pred).correlation
/workspace_developability_acquisition/gate_b2/scripts/04_modeling.py:115: ConstantInputWarning: An input array is constant; the correlation coefficient is not defined.
  sc = spearmanr(y[tr][iva], pred).correlation
/workspace_developability_acquisition/gate_b2/scripts/04_modeling.py:115: ConstantInputWarning: An input array is constant; the correlation coefficient is not defined.
  sc = spearmanr(y[tr][iva], pred).correlation
/workspace_developability_acquisition/gate_b2/scripts/04_modeling.py:115: ConstantInputWarning: An input array is constant; the correlation coefficient is not defined.
  sc = spearmanr(y[tr][iva], pred).correlation
TREE canonical HIC ESMF_NATIVE_PATCH RF
TREE canonical HIC ESMF_NATIVE_PATCH ET
RUN canonical HIC ESMF_NATIVE_INTERFACE Ridge d=8
RUN canonical HIC ESMF_NATIVE_INTERFACE Lasso d=8
/workspace_developability_acquisition/gate_b2/scripts/04_modeling.py:115: ConstantInputWarning: An input array is constant; the correlation coefficient is not defined.
  sc = spearmanr(y[tr][iva], pred).correlation
/workspace_developability_acquisition/gate_b2/scripts/04_modeling.py:115: ConstantInputWarning: An input array is constant; the correlation coefficient is not defined.
  sc = spearmanr(y[tr][iva], pred).correlation
/workspace_developability_acquisition/gate_b2/scripts/04_modeling.py:115: ConstantInputWarning: An input array is constant; the correlation coefficient is not defined.
  sc = spearmanr(y[tr][iva], pred).correlation
/workspace_developability_acquisition/gate_b2/scripts/04_modeling.py:115: ConstantInputWarning: An input array is constant; the correlation coefficient is not defined.
  sc = spearmanr(y[tr][iva], pred).correlation
/workspace_developability_acquisition/gate_b2/scripts/04_modeling.py:115: ConstantInputWarning: An input array is constant; the correlation coefficient is not defined.
  sc = spearmanr(y[tr][iva], pred).correlation
/workspace_developability_acquisition/gate_b2/scripts/04_modeling.py:115: ConstantInputWarning: An input array is constant; the correlation coefficient is not defined.
  sc = spearmanr(y[tr][iva], pred).correlation
/workspace_developability_acquisition/gate_b2/scripts/04_modeling.py:115: ConstantInputWarning: An input array is constant; the correlation coefficient is not defined.
  sc = spearmanr(y[tr][iva], pred).correlation
/workspace_developability_acquisition/gate_b2/scripts/04_modeling.py:115: ConstantInputWarning: An input array is constant; the correlation coefficient is not defined.
  sc = spearmanr(y[tr][iva], pred).correlation
/workspace_developability_acquisition/gate_b2/scripts/04_modeling.py:115: ConstantInputWarning: An input array is constant; the correlation coefficient is not defined.
  sc = spearmanr(y[tr][iva], pred).correlation
/workspace_developability_acquisition/gate_b2/scripts/04_modeling.py:115: ConstantInputWarning: An input array is constant; the correlation coefficient is not defined.
  sc = spearmanr(y[tr][iva], pred).correlation
/workspace_developability_acquisition/gate_b2/scripts/04_modeling.py:115: ConstantInputWarning: An input array is constant; the correlation coefficient is not defined.
  sc = spearmanr(y[tr][iva], pred).correlation
/workspace_developability_acquisition/gate_b2/scripts/04_modeling.py:115: ConstantInputWarning: An input array is constant; the correlation coefficient is not defined.
  sc = spearmanr(y[tr][iva], pred).correlation
/workspace_developability_acquisition/gate_b2/scripts/04_modeling.py:115: ConstantInputWarning: An input array is constant; the correlation coefficient is not defined.
  sc = spearmanr(y[tr][iva], pred).correlation
/workspace_developability_acquisition/gate_b2/scripts/04_modeling.py:115: ConstantInputWarning: An input array is constant; the correlation coefficient is not defined.
  sc = spearmanr(y[tr][iva], pred).correlation
/workspace_developability_acquisition/gate_b2/scripts/04_modeling.py:115: ConstantInputWarning: An input array is constant; the correlation coefficient is not defined.
  sc = spearmanr(y[tr][iva], pred).correlation
RUN canonical HIC ESMF_NATIVE_INTERFACE ElasticNet d=8
/workspace_developability_acquisition/gate_b2/scripts/04_modeling.py:115: ConstantInputWarning: An input array is constant; the correlation coefficient is not defined.
  sc = spearmanr(y[tr][iva], pred).correlation
/workspace_developability_acquisition/gate_b2/scripts/04_modeling.py:115: ConstantInputWarning: An input array is constant; the correlation coefficient is not defined.
  sc = spearmanr(y[tr][iva], pred).correlation
/workspace_developability_acquisition/gate_b2/scripts/04_modeling.py:115: ConstantInputWarning: An input array is constant; the correlation coefficient is not defined.
  sc = spearmanr(y[tr][iva], pred).correlation
/workspace_developability_acquisition/gate_b2/scripts/04_modeling.py:115: ConstantInputWarning: An input array is constant; the correlation coefficient is not defined.
  sc = spearmanr(y[tr][iva], pred).correlation
/workspace_developability_acquisition/gate_b2/scripts/04_modeling.py:115: ConstantInputWarning: An input array is constant; the correlation coefficient is not defined.
  sc = spearmanr(y[tr][iva], pred).correlation
/workspace_developability_acquisition/gate_b2/scripts/04_modeling.py:115: ConstantInputWarning: An input array is constant; the correlation coefficient is not defined.
  sc = spearmanr(y[tr][iva], pred).correlation
/workspace_developability_acquisition/gate_b2/scripts/04_modeling.py:115: ConstantInputWarning: An input array is constant; the correlation coefficient is not defined.
  sc = spearmanr(y[tr][iva], pred).correlation
/workspace_developability_acquisition/gate_b2/scripts/04_modeling.py:115: ConstantInputWarning: An input array is constant; the correlation coefficient is not defined.
  sc = spearmanr(y[tr][iva], pred).correlation
/workspace_developability_acquisition/gate_b2/scripts/04_modeling.py:115: ConstantInputWarning: An input array is constant; the correlation coefficient is not defined.
  sc = spearmanr(y[tr][iva], pred).correlation
/workspace_developability_acquisition/gate_b2/scripts/04_modeling.py:115: ConstantInputWarning: An input array is constant; the correlation coefficient is not defined.
  sc = spearmanr(y[tr][iva], pred).correlation
/workspace_developability_acquisition/gate_b2/scripts/04_modeling.py:115: ConstantInputWarning: An input array is constant; the correlation coefficient is not defined.
  sc = spearmanr(y[tr][iva], pred).correlation
/workspace_developability_acquisition/gate_b2/scripts/04_modeling.py:115: ConstantInputWarning: An input array is constant; the correlation coefficient is not defined.
  sc = spearmanr(y[tr][iva], pred).correlation
/workspace_developability_acquisition/gate_b2/scripts/04_modeling.py:115: ConstantInputWarning: An input array is constant; the correlation coefficient is not defined.
  sc = spearmanr(y[tr][iva], pred).correlation
/workspace_developability_acquisition/gate_b2/scripts/04_modeling.py:115: ConstantInputWarning: An input array is constant; the correlation coefficient is not defined.
  sc = spearmanr(y[tr][iva], pred).correlation
/workspace_developability_acquisition/gate_b2/scripts/04_modeling.py:115: ConstantInputWarning: An input array is constant; the correlation coefficient is not defined.
  sc = spearmanr(y[tr][iva], pred).correlation
/workspace_developability_acquisition/gate_b2/scripts/04_modeling.py:115: ConstantInputWarning: An input array is constant; the correlation coefficient is not defined.
  sc = spearmanr(y[tr][iva], pred).correlation
/workspace_developability_acquisition/gate_b2/scripts/04_modeling.py:115: ConstantInputWarning: An input array is constant; the correlation coefficient is not defined.
  sc = spearmanr(y[tr][iva], pred).correlation
/workspace_developability_acquisition/gate_b2/scripts/04_modeling.py:115: ConstantInputWarning: An input array is constant; the correlation coefficient is not defined.
  sc = spearmanr(y[tr][iva], pred).correlation
/workspace_developability_acquisition/gate_b2/scripts/04_modeling.py:115: ConstantInputWarning: An input array is constant; the correlation coefficient is not defined.
  sc = spearmanr(y[tr][iva], pred).correlation
/workspace_developability_acquisition/gate_b2/scripts/04_modeling.py:115: ConstantInputWarning: An input array is constant; the correlation coefficient is not defined.
  sc = spearmanr(y[tr][iva], pred).correlation
/workspace_developability_acquisition/gate_b2/scripts/04_modeling.py:115: ConstantInputWarning: An input array is constant; the correlation coefficient is not defined.
  sc = spearmanr(y[tr][iva], pred).correlation
/workspace_developability_acquisition/gate_b2/scripts/04_modeling.py:115: ConstantInputWarning: An input array is constant; the correlation coefficient is not defined.
  sc = spearmanr(y[tr][iva], pred).correlation
/workspace_developability_acquisition/gate_b2/scripts/04_modeling.py:115: ConstantInputWarning: An input array is constant; the correlation coefficient is not defined.
  sc = spearmanr(y[tr][iva], pred).correlation
/workspace_developability_acquisition/gate_b2/scripts/04_modeling.py:115: ConstantInputWarning: An input array is constant; the correlation coefficient is not defined.
  sc = spearmanr(y[tr][iva], pred).correlation
/workspace_developability_acquisition/gate_b2/scripts/04_modeling.py:115: ConstantInputWarning: An input array is constant; the correlation coefficient is not defined.
  sc = spearmanr(y[tr][iva], pred).correlation
/workspace_developability_acquisition/gate_b2/scripts/04_modeling.py:115: ConstantInputWarning: An input array is constant; the correlation coefficient is not defined.
  sc = spearmanr(y[tr][iva], pred).correlation
/workspace_developability_acquisition/gate_b2/scripts/04_modeling.py:115: ConstantInputWarning: An input array is constant; the correlation coefficient is not defined.
  sc = spearmanr(y[tr][iva], pred).correlation
/workspace_developability_acquisition/gate_b2/scripts/04_modeling.py:115: ConstantInputWarning: An input array is constant; the correlation coefficient is not defined.
  sc = spearmanr(y[tr][iva], pred).correlation
/workspace_developability_acquisition/gate_b2/scripts/04_modeling.py:115: ConstantInputWarning: An input array is constant; the correlation coefficient is not defined.
  sc = spearmanr(y[tr][iva], pred).correlation
/workspace_developability_acquisition/gate_b2/scripts/04_modeling.py:115: ConstantInputWarning: An input array is constant; the correlation coefficient is not defined.
  sc = spearmanr(y[tr][iva], pred).correlation
/workspace_developability_acquisition/gate_b2/scripts/04_modeling.py:115: ConstantInputWarning: An input array is constant; the correlation coefficient is not defined.
  sc = spearmanr(y[tr][iva], pred).correlation
/workspace_developability_acquisition/gate_b2/scripts/04_modeling.py:115: ConstantInputWarning: An input array is constant; the correlation coefficient is not defined.
  sc = spearmanr(y[tr][iva], pred).correlation
/workspace_developability_acquisition/gate_b2/scripts/04_modeling.py:115: ConstantInputWarning: An input array is constant; the correlation coefficient is not defined.
  sc = spearmanr(y[tr][iva], pred).correlation
/workspace_developability_acquisition/gate_b2/scripts/04_modeling.py:115: ConstantInputWarning: An input array is constant; the correlation coefficient is not defined.
  sc = spearmanr(y[tr][iva], pred).correlation
/workspace_developability_acquisition/gate_b2/scripts/04_modeling.py:115: ConstantInputWarning: An input array is constant; the correlation coefficient is not defined.
  sc = spearmanr(y[tr][iva], pred).correlation
/workspace_developability_acquisition/gate_b2/scripts/04_modeling.py:115: ConstantInputWarning: An input array is constant; the correlation coefficient is not defined.
  sc = spearmanr(y[tr][iva], pred).correlation
/workspace_developability_acquisition/gate_b2/scripts/04_modeling.py:115: ConstantInputWarning: An input array is constant; the correlation coefficient is not defined.
  sc = spearmanr(y[tr][iva], pred).correlation
/workspace_developability_acquisition/gate_b2/scripts/04_modeling.py:115: ConstantInputWarning: An input array is constant; the correlation coefficient is not defined.
  sc = spearmanr(y[tr][iva], pred).correlation
RUN canonical HIC ESMF_NATIVE_ALL Ridge d=189
RUN canonical HIC ESMF_NATIVE_ALL Lasso d=189
/workspace_developability_acquisition/gate_b2/scripts/04_modeling.py:115: ConstantInputWarning: An input array is constant; the correlation coefficient is not defined.
  sc = spearmanr(y[tr][iva], pred).correlation
/workspace_developability_acquisition/gate_b2/scripts/04_modeling.py:115: ConstantInputWarning: An input array is constant; the correlation coefficient is not defined.
  sc = spearmanr(y[tr][iva], pred).correlation
/workspace_developability_acquisition/gate_b2/scripts/04_modeling.py:115: ConstantInputWarning: An input array is constant; the correlation coefficient is not defined.
  sc = spearmanr(y[tr][iva], pred).correlation
/workspace_developability_acquisition/gate_b2/scripts/04_modeling.py:115: ConstantInputWarning: An input array is constant; the correlation coefficient is not defined.
  sc = spearmanr(y[tr][iva], pred).correlation
/workspace_developability_acquisition/gate_b2/scripts/04_modeling.py:115: ConstantInputWarning: An input array is constant; the correlation coefficient is not defined.
  sc = spearmanr(y[tr][iva], pred).correlation
/workspace_developability_acquisition/gate_b2/scripts/04_modeling.py:115: ConstantInputWarning: An input array is constant; the correlation coefficient is not defined.
  sc = spearmanr(y[tr][iva], pred).correlation
/workspace_developability_acquisition/gate_b2/scripts/04_modeling.py:115: ConstantInputWarning: An input array is constant; the correlation coefficient is not defined.
  sc = spearmanr(y[tr][iva], pred).correlation
/workspace_developability_acquisition/gate_b2/scripts/04_modeling.py:115: ConstantInputWarning: An input array is constant; the correlation coefficient is not defined.
  sc = spearmanr(y[tr][iva], pred).correlation
/workspace_developability_acquisition/gate_b2/scripts/04_modeling.py:115: ConstantInputWarning: An input array is constant; the correlation coefficient is not defined.
  sc = spearmanr(y[tr][iva], pred).correlation
/workspace_developability_acquisition/gate_b2/scripts/04_modeling.py:115: ConstantInputWarning: An input array is constant; the correlation coefficient is not defined.
  sc = spearmanr(y[tr][iva], pred).correlation
/workspace_developability_acquisition/gate_b2/scripts/04_modeling.py:115: ConstantInputWarning: An input array is constant; the correlation coefficient is not defined.
  sc = spearmanr(y[tr][iva], pred).correlation
/workspace_developability_acquisition/gate_b2/scripts/04_modeling.py:115: ConstantInputWarning: An input array is constant; the correlation coefficient is not defined.
  sc = spearmanr(y[tr][iva], pred).correlation
/workspace_developability_acquisition/gate_b2/scripts/04_modeling.py:115: ConstantInputWarning: An input array is constant; the correlation coefficient is not defined.
  sc = spearmanr(y[tr][iva], pred).correlation
/workspace_developability_acquisition/gate_b2/scripts/04_modeling.py:115: ConstantInputWarning: An input array is constant; the correlation coefficient is not defined.
  sc = spearmanr(y[tr][iva], pred).correlation
/workspace_developability_acquisition/gate_b2/scripts/04_modeling.py:115: ConstantInputWarning: An input array is constant; the correlation coefficient is not defined.
  sc = spearmanr(y[tr][iva], pred).correlation
RUN canonical HIC ESMF_NATIVE_ALL ElasticNet d=189
/workspace_developability_acquisition/gate_b2/scripts/04_modeling.py:115: ConstantInputWarning: An input array is constant; the correlation coefficient is not defined.
  sc = spearmanr(y[tr][iva], pred).correlation
/workspace_developability_acquisition/gate_b2/scripts/04_modeling.py:115: ConstantInputWarning: An input array is constant; the correlation coefficient is not defined.
  sc = spearmanr(y[tr][iva], pred).correlation
/workspace_developability_acquisition/gate_b2/scripts/04_modeling.py:115: ConstantInputWarning: An input array is constant; the correlation coefficient is not defined.
  sc = spearmanr(y[tr][iva], pred).correlation
/workspace_developability_acquisition/gate_b2/scripts/04_modeling.py:115: ConstantInputWarning: An input array is constant; the correlation coefficient is not defined.
  sc = spearmanr(y[tr][iva], pred).correlation
/workspace_developability_acquisition/gate_b2/scripts/04_modeling.py:115: ConstantInputWarning: An input array is constant; the correlation coefficient is not defined.
  sc = spearmanr(y[tr][iva], pred).correlation
/workspace_developability_acquisition/gate_b2/scripts/04_modeling.py:115: ConstantInputWarning: An input array is constant; the correlation coefficient is not defined.
  sc = spearmanr(y[tr][iva], pred).correlation
/workspace_developability_acquisition/gate_b2/scripts/04_modeling.py:115: ConstantInputWarning: An input array is constant; the correlation coefficient is not defined.
  sc = spearmanr(y[tr][iva], pred).correlation
/workspace_developability_acquisition/gate_b2/scripts/04_modeling.py:115: ConstantInputWarning: An input array is constant; the correlation coefficient is not defined.
  sc = spearmanr(y[tr][iva], pred).correlation
/workspace_developability_acquisition/gate_b2/scripts/04_modeling.py:115: ConstantInputWarning: An input array is constant; the correlation coefficient is not defined.
  sc = spearmanr(y[tr][iva], pred).correlation
/workspace_developability_acquisition/gate_b2/scripts/04_modeling.py:115: ConstantInputWarning: An input array is constant; the correlation coefficient is not defined.
  sc = spearmanr(y[tr][iva], pred).correlation
/workspace_developability_acquisition/gate_b2/scripts/04_modeling.py:115: ConstantInputWarning: An input array is constant; the correlation coefficient is not defined.
  sc = spearmanr(y[tr][iva], pred).correlation
/workspace_developability_acquisition/gate_b2/scripts/04_modeling.py:115: ConstantInputWarning: An input array is constant; the correlation coefficient is not defined.
  sc = spearmanr(y[tr][iva], pred).correlation
/workspace_developability_acquisition/gate_b2/scripts/04_modeling.py:115: ConstantInputWarning: An input array is constant; the correlation coefficient is not defined.
  sc = spearmanr(y[tr][iva], pred).correlation
/workspace_developability_acquisition/gate_b2/scripts/04_modeling.py:115: ConstantInputWarning: An input array is constant; the correlation coefficient is not defined.
  sc = spearmanr(y[tr][iva], pred).correlation
/workspace_developability_acquisition/gate_b2/scripts/04_modeling.py:115: ConstantInputWarning: An input array is constant; the correlation coefficient is not defined.
  sc = spearmanr(y[tr][iva], pred).correlation
/workspace_developability_acquisition/gate_b2/scripts/04_modeling.py:115: ConstantInputWarning: An input array is constant; the correlation coefficient is not defined.
  sc = spearmanr(y[tr][iva], pred).correlation
/workspace_developability_acquisition/gate_b2/scripts/04_modeling.py:115: ConstantInputWarning: An input array is constant; the correlation coefficient is not defined.
  sc = spearmanr(y[tr][iva], pred).correlation
/workspace_developability_acquisition/gate_b2/scripts/04_modeling.py:115: ConstantInputWarning: An input array is constant; the correlation coefficient is not defined.
  sc = spearmanr(y[tr][iva], pred).correlation
/workspace_developability_acquisition/gate_b2/scripts/04_modeling.py:115: ConstantInputWarning: An input array is constant; the correlation coefficient is not defined.
  sc = spearmanr(y[tr][iva], pred).correlation
/workspace_developability_acquisition/gate_b2/scripts/04_modeling.py:115: ConstantInputWarning: An input array is constant; the correlation coefficient is not defined.
  sc = spearmanr(y[tr][iva], pred).correlation
/workspace_developability_acquisition/gate_b2/scripts/04_modeling.py:115: ConstantInputWarning: An input array is constant; the correlation coefficient is not defined.
  sc = spearmanr(y[tr][iva], pred).correlation
/workspace_developability_acquisition/gate_b2/scripts/04_modeling.py:115: ConstantInputWarning: An input array is constant; the correlation coefficient is not defined.
  sc = spearmanr(y[tr][iva], pred).correlation
/workspace_developability_acquisition/gate_b2/scripts/04_modeling.py:115: ConstantInputWarning: An input array is constant; the correlation coefficient is not defined.
  sc = spearmanr(y[tr][iva], pred).correlation
/workspace_developability_acquisition/gate_b2/scripts/04_modeling.py:115: ConstantInputWarning: An input array is constant; the correlation coefficient is not defined.
  sc = spearmanr(y[tr][iva], pred).correlation
/workspace_developability_acquisition/gate_b2/scripts/04_modeling.py:115: ConstantInputWarning: An input array is constant; the correlation coefficient is not defined.
  sc = spearmanr(y[tr][iva], pred).correlation
/workspace_developability_acquisition/gate_b2/scripts/04_modeling.py:115: ConstantInputWarning: An input array is constant; the correlation coefficient is not defined.
  sc = spearmanr(y[tr][iva], pred).correlation
/workspace_developability_acquisition/gate_b2/scripts/04_modeling.py:115: ConstantInputWarning: An input array is constant; the correlation coefficient is not defined.
  sc = spearmanr(y[tr][iva], pred).correlation
TREE canonical HIC ESMF_NATIVE_ALL RF
TREE canonical HIC ESMF_NATIVE_ALL ET
XGB canonical HIC ESMF_NATIVE_ALL
FUSION canonical HIC FUSION_ESM2_SEQ Ridge
FUSION canonical HIC FUSION_ESM2_SEQ ElasticNet
/workspace_developability_acquisition/gate_b2/scripts/04_modeling.py:115: ConstantInputWarning: An input array is constant; the correlation coefficient is not defined.
  sc = spearmanr(y[tr][iva], pred).correlation
/workspace_developability_acquisition/gate_b2/scripts/04_modeling.py:115: ConstantInputWarning: An input array is constant; the correlation coefficient is not defined.
  sc = spearmanr(y[tr][iva], pred).correlation
/workspace_developability_acquisition/gate_b2/scripts/04_modeling.py:115: ConstantInputWarning: An input array is constant; the correlation coefficient is not defined.
  sc = spearmanr(y[tr][iva], pred).correlation
/workspace_developability_acquisition/gate_b2/scripts/04_modeling.py:115: ConstantInputWarning: An input array is constant; the correlation coefficient is not defined.
  sc = spearmanr(y[tr][iva], pred).correlation
/workspace_developability_acquisition/gate_b2/scripts/04_modeling.py:115: ConstantInputWarning: An input array is constant; the correlation coefficient is not defined.
  sc = spearmanr(y[tr][iva], pred).correlation
/workspace_developability_acquisition/gate_b2/scripts/04_modeling.py:115: ConstantInputWarning: An input array is constant; the correlation coefficient is not defined.
  sc = spearmanr(y[tr][iva], pred).correlation
/workspace_developability_acquisition/gate_b2/scripts/04_modeling.py:115: ConstantInputWarning: An input array is constant; the correlation coefficient is not defined.
  sc = spearmanr(y[tr][iva], pred).correlation
/workspace_developability_acquisition/gate_b2/scripts/04_modeling.py:115: ConstantInputWarning: An input array is constant; the correlation coefficient is not defined.
  sc = spearmanr(y[tr][iva], pred).correlation
/workspace_developability_acquisition/gate_b2/scripts/04_modeling.py:115: ConstantInputWarning: An input array is constant; the correlation coefficient is not defined.
  sc = spearmanr(y[tr][iva], pred).correlation
/workspace_developability_acquisition/gate_b2/scripts/04_modeling.py:115: ConstantInputWarning: An input array is constant; the correlation coefficient is not defined.
  sc = spearmanr(y[tr][iva], pred).correlation
/workspace_developability_acquisition/gate_b2/scripts/04_modeling.py:115: ConstantInputWarning: An input array is constant; the correlation coefficient is not defined.
  sc = spearmanr(y[tr][iva], pred).correlation
/workspace_developability_acquisition/gate_b2/scripts/04_modeling.py:115: ConstantInputWarning: An input array is constant; the correlation coefficient is not defined.
  sc = spearmanr(y[tr][iva], pred).correlation
/workspace_developability_acquisition/gate_b2/scripts/04_modeling.py:115: ConstantInputWarning: An input array is constant; the correlation coefficient is not defined.
  sc = spearmanr(y[tr][iva], pred).correlation
/workspace_developability_acquisition/gate_b2/scripts/04_modeling.py:115: ConstantInputWarning: An input array is constant; the correlation coefficient is not defined.
  sc = spearmanr(y[tr][iva], pred).correlation
/workspace_developability_acquisition/gate_b2/scripts/04_modeling.py:115: ConstantInputWarning: An input array is constant; the correlation coefficient is not defined.
  sc = spearmanr(y[tr][iva], pred).correlation
FUSION canonical HIC FUSION_ESM2_ABB Ridge
FUSION canonical HIC FUSION_ESM2_ABB ElasticNet
/workspace_developability_acquisition/gate_b2/scripts/04_modeling.py:115: ConstantInputWarning: An input array is constant; the correlation coefficient is not defined.
  sc = spearmanr(y[tr][iva], pred).correlation
/workspace_developability_acquisition/gate_b2/scripts/04_modeling.py:115: ConstantInputWarning: An input array is constant; the correlation coefficient is not defined.
  sc = spearmanr(y[tr][iva], pred).correlation
/workspace_developability_acquisition/gate_b2/scripts/04_modeling.py:115: ConstantInputWarning: An input array is constant; the correlation coefficient is not defined.
  sc = spearmanr(y[tr][iva], pred).correlation
/workspace_developability_acquisition/gate_b2/scripts/04_modeling.py:115: ConstantInputWarning: An input array is constant; the correlation coefficient is not defined.
  sc = spearmanr(y[tr][iva], pred).correlation
/workspace_developability_acquisition/gate_b2/scripts/04_modeling.py:115: ConstantInputWarning: An input array is constant; the correlation coefficient is not defined.
  sc = spearmanr(y[tr][iva], pred).correlation
/workspace_developability_acquisition/gate_b2/scripts/04_modeling.py:115: ConstantInputWarning: An input array is constant; the correlation coefficient is not defined.
  sc = spearmanr(y[tr][iva], pred).correlation
/workspace_developability_acquisition/gate_b2/scripts/04_modeling.py:115: ConstantInputWarning: An input array is constant; the correlation coefficient is not defined.
  sc = spearmanr(y[tr][iva], pred).correlation
/workspace_developability_acquisition/gate_b2/scripts/04_modeling.py:115: ConstantInputWarning: An input array is constant; the correlation coefficient is not defined.
  sc = spearmanr(y[tr][iva], pred).correlation
/workspace_developability_acquisition/gate_b2/scripts/04_modeling.py:115: ConstantInputWarning: An input array is constant; the correlation coefficient is not defined.
  sc = spearmanr(y[tr][iva], pred).correlation
/workspace_developability_acquisition/gate_b2/scripts/04_modeling.py:115: ConstantInputWarning: An input array is constant; the correlation coefficient is not defined.
  sc = spearmanr(y[tr][iva], pred).correlation
/workspace_developability_acquisition/gate_b2/scripts/04_modeling.py:115: ConstantInputWarning: An input array is constant; the correlation coefficient is not defined.
  sc = spearmanr(y[tr][iva], pred).correlation
/workspace_developability_acquisition/gate_b2/scripts/04_modeling.py:115: ConstantInputWarning: An input array is constant; the correlation coefficient is not defined.
  sc = spearmanr(y[tr][iva], pred).correlation
/workspace_developability_acquisition/gate_b2/scripts/04_modeling.py:115: ConstantInputWarning: An input array is constant; the correlation coefficient is not defined.
  sc = spearmanr(y[tr][iva], pred).correlation
/workspace_developability_acquisition/gate_b2/scripts/04_modeling.py:115: ConstantInputWarning: An input array is constant; the correlation coefficient is not defined.
  sc = spearmanr(y[tr][iva], pred).correlation
FUSION canonical HIC FUSION_ESM2_ESMFN Ridge
FUSION canonical HIC FUSION_ESM2_ESMFN ElasticNet
/workspace_developability_acquisition/gate_b2/scripts/04_modeling.py:115: ConstantInputWarning: An input array is constant; the correlation coefficient is not defined.
  sc = spearmanr(y[tr][iva], pred).correlation
/workspace_developability_acquisition/gate_b2/scripts/04_modeling.py:115: ConstantInputWarning: An input array is constant; the correlation coefficient is not defined.
  sc = spearmanr(y[tr][iva], pred).correlation
/workspace_developability_acquisition/gate_b2/scripts/04_modeling.py:115: ConstantInputWarning: An input array is constant; the correlation coefficient is not defined.
  sc = spearmanr(y[tr][iva], pred).correlation
/workspace_developability_acquisition/gate_b2/scripts/04_modeling.py:115: ConstantInputWarning: An input array is constant; the correlation coefficient is not defined.
  sc = spearmanr(y[tr][iva], pred).correlation
/workspace_developability_acquisition/gate_b2/scripts/04_modeling.py:115: ConstantInputWarning: An input array is constant; the correlation coefficient is not defined.
  sc = spearmanr(y[tr][iva], pred).correlation
/workspace_developability_acquisition/gate_b2/scripts/04_modeling.py:115: ConstantInputWarning: An input array is constant; the correlation coefficient is not defined.
  sc = spearmanr(y[tr][iva], pred).correlation
/workspace_developability_acquisition/gate_b2/scripts/04_modeling.py:115: ConstantInputWarning: An input array is constant; the correlation coefficient is not defined.
  sc = spearmanr(y[tr][iva], pred).correlation
/workspace_developability_acquisition/gate_b2/scripts/04_modeling.py:115: ConstantInputWarning: An input array is constant; the correlation coefficient is not defined.
  sc = spearmanr(y[tr][iva], pred).correlation
/workspace_developability_acquisition/gate_b2/scripts/04_modeling.py:115: ConstantInputWarning: An input array is constant; the correlation coefficient is not defined.
  sc = spearmanr(y[tr][iva], pred).correlation
/workspace_developability_acquisition/gate_b2/scripts/04_modeling.py:115: ConstantInputWarning: An input array is constant; the correlation coefficient is not defined.
  sc = spearmanr(y[tr][iva], pred).correlation
/workspace_developability_acquisition/gate_b2/scripts/04_modeling.py:115: ConstantInputWarning: An input array is constant; the correlation coefficient is not defined.
  sc = spearmanr(y[tr][iva], pred).correlation
/workspace_developability_acquisition/gate_b2/scripts/04_modeling.py:115: ConstantInputWarning: An input array is constant; the correlation coefficient is not defined.
  sc = spearmanr(y[tr][iva], pred).correlation
/workspace_developability_acquisition/gate_b2/scripts/04_modeling.py:115: ConstantInputWarning: An input array is constant; the correlation coefficient is not defined.
  sc = spearmanr(y[tr][iva], pred).correlation
/workspace_developability_acquisition/gate_b2/scripts/04_modeling.py:115: ConstantInputWarning: An input array is constant; the correlation coefficient is not defined.
  sc = spearmanr(y[tr][iva], pred).correlation
/workspace_developability_acquisition/gate_b2/scripts/04_modeling.py:115: ConstantInputWarning: An input array is constant; the correlation coefficient is not defined.
  sc = spearmanr(y[tr][iva], pred).correlation
/workspace_developability_acquisition/gate_b2/scripts/04_modeling.py:115: ConstantInputWarning: An input array is constant; the correlation coefficient is not defined.
  sc = spearmanr(y[tr][iva], pred).correlation
/workspace_developability_acquisition/gate_b2/scripts/04_modeling.py:115: ConstantInputWarning: An input array is constant; the correlation coefficient is not defined.
  sc = spearmanr(y[tr][iva], pred).correlation
/workspace_developability_acquisition/gate_b2/scripts/04_modeling.py:115: ConstantInputWarning: An input array is constant; the correlation coefficient is not defined.
  sc = spearmanr(y[tr][iva], pred).correlation
/workspace_developability_acquisition/gate_b2/scripts/04_modeling.py:115: ConstantInputWarning: An input array is constant; the correlation coefficient is not defined.
  sc = spearmanr(y[tr][iva], pred).correlation
/workspace_developability_acquisition/gate_b2/scripts/04_modeling.py:115: ConstantInputWarning: An input array is constant; the correlation coefficient is not defined.
  sc = spearmanr(y[tr][iva], pred).correlation
/workspace_developability_acquisition/gate_b2/scripts/04_modeling.py:115: ConstantInputWarning: An input array is constant; the correlation coefficient is not defined.
  sc = spearmanr(y[tr][iva], pred).correlation
/workspace_developability_acquisition/gate_b2/scripts/04_modeling.py:115: ConstantInputWarning: An input array is constant; the correlation coefficient is not defined.
  sc = spearmanr(y[tr][iva], pred).correlation
/workspace_developability_acquisition/gate_b2/scripts/04_modeling.py:115: ConstantInputWarning: An input array is constant; the correlation coefficient is not defined.
  sc = spearmanr(y[tr][iva], pred).correlation
/workspace_developability_acquisition/gate_b2/scripts/04_modeling.py:115: ConstantInputWarning: An input array is constant; the correlation coefficient is not defined.
  sc = spearmanr(y[tr][iva], pred).correlation
/workspace_developability_acquisition/gate_b2/scripts/04_modeling.py:115: ConstantInputWarning: An input array is constant; the correlation coefficient is not defined.
  sc = spearmanr(y[tr][iva], pred).correlation
/workspace_developability_acquisition/gate_b2/scripts/04_modeling.py:115: ConstantInputWarning: An input array is constant; the correlation coefficient is not defined.
  sc = spearmanr(y[tr][iva], pred).correlation
CHECKPOINT HIC canonical n=86
RUN shadow_1 HIC SEQ_SIMPLE Ridge d=99
RUN shadow_1 HIC SEQ_SIMPLE ElasticNet d=99
/workspace_developability_acquisition/gate_b2/scripts/04_modeling.py:115: ConstantInputWarning: An input array is constant; the correlation coefficient is not defined.
  sc = spearmanr(y[tr][iva], pred).correlation
/workspace_developability_acquisition/gate_b2/scripts/04_modeling.py:115: ConstantInputWarning: An input array is constant; the correlation coefficient is not defined.
  sc = spearmanr(y[tr][iva], pred).correlation
/workspace_developability_acquisition/gate_b2/scripts/04_modeling.py:115: ConstantInputWarning: An input array is constant; the correlation coefficient is not defined.
  sc = spearmanr(y[tr][iva], pred).correlation
/workspace_developability_acquisition/gate_b2/scripts/04_modeling.py:115: ConstantInputWarning: An input array is constant; the correlation coefficient is not defined.
  sc = spearmanr(y[tr][iva], pred).correlation
/workspace_developability_acquisition/gate_b2/scripts/04_modeling.py:115: ConstantInputWarning: An input array is constant; the correlation coefficient is not defined.
  sc = spearmanr(y[tr][iva], pred).correlation
/workspace_developability_acquisition/gate_b2/scripts/04_modeling.py:115: ConstantInputWarning: An input array is constant; the correlation coefficient is not defined.
  sc = spearmanr(y[tr][iva], pred).correlation
/workspace_developability_acquisition/gate_b2/scripts/04_modeling.py:115: ConstantInputWarning: An input array is constant; the correlation coefficient is not defined.
  sc = spearmanr(y[tr][iva], pred).correlation
/workspace_developability_acquisition/gate_b2/scripts/04_modeling.py:115: ConstantInputWarning: An input array is constant; the correlation coefficient is not defined.
  sc = spearmanr(y[tr][iva], pred).correlation
/workspace_developability_acquisition/gate_b2/scripts/04_modeling.py:115: ConstantInputWarning: An input array is constant; the correlation coefficient is not defined.
  sc = spearmanr(y[tr][iva], pred).correlation
/workspace_developability_acquisition/gate_b2/scripts/04_modeling.py:115: ConstantInputWarning: An input array is constant; the correlation coefficient is not defined.
  sc = spearmanr(y[tr][iva], pred).correlation
/workspace_developability_acquisition/gate_b2/scripts/04_modeling.py:115: ConstantInputWarning: An input array is constant; the correlation coefficient is not defined.
  sc = spearmanr(y[tr][iva], pred).correlation
/workspace_developability_acquisition/gate_b2/scripts/04_modeling.py:115: ConstantInputWarning: An input array is constant; the correlation coefficient is not defined.
  sc = spearmanr(y[tr][iva], pred).correlation
/workspace_developability_acquisition/gate_b2/scripts/04_modeling.py:115: ConstantInputWarning: An input array is constant; the correlation coefficient is not defined.
  sc = spearmanr(y[tr][iva], pred).correlation
/workspace_developability_acquisition/gate_b2/scripts/04_modeling.py:115: ConstantInputWarning: An input array is constant; the correlation coefficient is not defined.
  sc = spearmanr(y[tr][iva], pred).correlation
/workspace_developability_acquisition/gate_b2/scripts/04_modeling.py:115: ConstantInputWarning: An input array is constant; the correlation coefficient is not defined.
  sc = spearmanr(y[tr][iva], pred).correlation
/workspace_developability_acquisition/gate_b2/scripts/04_modeling.py:115: ConstantInputWarning: An input array is constant; the correlation coefficient is not defined.
  sc = spearmanr(y[tr][iva], pred).correlation
/workspace_developability_acquisition/gate_b2/scripts/04_modeling.py:115: ConstantInputWarning: An input array is constant; the correlation coefficient is not defined.
  sc = spearmanr(y[tr][iva], pred).correlation
/workspace_developability_acquisition/gate_b2/scripts/04_modeling.py:115: ConstantInputWarning: An input array is constant; the correlation coefficient is not defined.
  sc = spearmanr(y[tr][iva], pred).correlation
/workspace_developability_acquisition/gate_b2/scripts/04_modeling.py:115: ConstantInputWarning: An input array is constant; the correlation coefficient is not defined.
  sc = spearmanr(y[tr][iva], pred).correlation
/workspace_developability_acquisition/gate_b2/scripts/04_modeling.py:115: ConstantInputWarning: An input array is constant; the correlation coefficient is not defined.
  sc = spearmanr(y[tr][iva], pred).correlation
/workspace_developability_acquisition/gate_b2/scripts/04_modeling.py:115: ConstantInputWarning: An input array is constant; the correlation coefficient is not defined.
  sc = spearmanr(y[tr][iva], pred).correlation
/workspace_developability_acquisition/gate_b2/scripts/04_modeling.py:115: ConstantInputWarning: An input array is constant; the correlation coefficient is not defined.
  sc = spearmanr(y[tr][iva], pred).correlation
/workspace_developability_acquisition/gate_b2/scripts/04_modeling.py:115: ConstantInputWarning: An input array is constant; the correlation coefficient is not defined.
  sc = spearmanr(y[tr][iva], pred).correlation
/workspace_developability_acquisition/gate_b2/scripts/04_modeling.py:115: ConstantInputWarning: An input array is constant; the correlation coefficient is not defined.
  sc = spearmanr(y[tr][iva], pred).correlation
/workspace_developability_acquisition/gate_b2/scripts/04_modeling.py:115: ConstantInputWarning: An input array is constant; the correlation coefficient is not defined.
  sc = spearmanr(y[tr][iva], pred).correlation
/workspace_developability_acquisition/gate_b2/scripts/04_modeling.py:115: ConstantInputWarning: An input array is constant; the correlation coefficient is not defined.
  sc = spearmanr(y[tr][iva], pred).correlation
/workspace_developability_acquisition/gate_b2/scripts/04_modeling.py:115: ConstantInputWarning: An input array is constant; the correlation coefficient is not defined.
  sc = spearmanr(y[tr][iva], pred).correlation
/workspace_developability_acquisition/gate_b2/scripts/04_modeling.py:115: ConstantInputWarning: An input array is constant; the correlation coefficient is not defined.
  sc = spearmanr(y[tr][iva], pred).correlation
/workspace_developability_acquisition/gate_b2/scripts/04_modeling.py:115: ConstantInputWarning: An input array is constant; the correlation coefficient is not defined.
  sc = spearmanr(y[tr][iva], pred).correlation
/workspace_developability_acquisition/gate_b2/scripts/04_modeling.py:115: ConstantInputWarning: An input array is constant; the correlation coefficient is not defined.
  sc = spearmanr(y[tr][iva], pred).correlation
RUN shadow_1 HIC SEQ_CDR Ridge d=260
RUN shadow_1 HIC BIO_SHORTCUT Ridge
RUN shadow_1 HIC BIO_SHORTCUT ElasticNet
/workspace_developability_acquisition/gate_b2/scripts/04_modeling.py:115: ConstantInputWarning: An input array is constant; the correlation coefficient is not defined.
  sc = spearmanr(y[tr][iva], pred).correlation
/workspace_developability_acquisition/gate_b2/scripts/04_modeling.py:115: ConstantInputWarning: An input array is constant; the correlation coefficient is not defined.
  sc = spearmanr(y[tr][iva], pred).correlation
/workspace_developability_acquisition/gate_b2/scripts/04_modeling.py:115: ConstantInputWarning: An input array is constant; the correlation coefficient is not defined.
  sc = spearmanr(y[tr][iva], pred).correlation
/workspace_developability_acquisition/gate_b2/scripts/04_modeling.py:115: ConstantInputWarning: An input array is constant; the correlation coefficient is not defined.
  sc = spearmanr(y[tr][iva], pred).correlation
/workspace_developability_acquisition/gate_b2/scripts/04_modeling.py:115: ConstantInputWarning: An input array is constant; the correlation coefficient is not defined.
  sc = spearmanr(y[tr][iva], pred).correlation
/workspace_developability_acquisition/gate_b2/scripts/04_modeling.py:115: ConstantInputWarning: An input array is constant; the correlation coefficient is not defined.
  sc = spearmanr(y[tr][iva], pred).correlation
/workspace_developability_acquisition/gate_b2/scripts/04_modeling.py:115: ConstantInputWarning: An input array is constant; the correlation coefficient is not defined.
  sc = spearmanr(y[tr][iva], pred).correlation
/workspace_developability_acquisition/gate_b2/scripts/04_modeling.py:115: ConstantInputWarning: An input array is constant; the correlation coefficient is not defined.
  sc = spearmanr(y[tr][iva], pred).correlation
/workspace_developability_acquisition/gate_b2/scripts/04_modeling.py:115: ConstantInputWarning: An input array is constant; the correlation coefficient is not defined.
  sc = spearmanr(y[tr][iva], pred).correlation
/workspace_developability_acquisition/gate_b2/scripts/04_modeling.py:115: ConstantInputWarning: An input array is constant; the correlation coefficient is not defined.
  sc = spearmanr(y[tr][iva], pred).correlation
/workspace_developability_acquisition/gate_b2/scripts/04_modeling.py:115: ConstantInputWarning: An input array is constant; the correlation coefficient is not defined.
  sc = spearmanr(y[tr][iva], pred).correlation
/workspace_developability_acquisition/gate_b2/scripts/04_modeling.py:115: ConstantInputWarning: An input array is constant; the correlation coefficient is not defined.
  sc = spearmanr(y[tr][iva], pred).correlation
/workspace_developability_acquisition/gate_b2/scripts/04_modeling.py:115: ConstantInputWarning: An input array is constant; the correlation coefficient is not defined.
  sc = spearmanr(y[tr][iva], pred).correlation
/workspace_developability_acquisition/gate_b2/scripts/04_modeling.py:115: ConstantInputWarning: An input array is constant; the correlation coefficient is not defined.
  sc = spearmanr(y[tr][iva], pred).correlation
/workspace_developability_acquisition/gate_b2/scripts/04_modeling.py:115: ConstantInputWarning: An input array is constant; the correlation coefficient is not defined.
  sc = spearmanr(y[tr][iva], pred).correlation
/workspace_developability_acquisition/gate_b2/scripts/04_modeling.py:115: ConstantInputWarning: An input array is constant; the correlation coefficient is not defined.
  sc = spearmanr(y[tr][iva], pred).correlation
/workspace_developability_acquisition/gate_b2/scripts/04_modeling.py:115: ConstantInputWarning: An input array is constant; the correlation coefficient is not defined.
  sc = spearmanr(y[tr][iva], pred).correlation
/workspace_developability_acquisition/gate_b2/scripts/04_modeling.py:115: ConstantInputWarning: An input array is constant; the correlation coefficient is not defined.
  sc = spearmanr(y[tr][iva], pred).correlation
/workspace_developability_acquisition/gate_b2/scripts/04_modeling.py:115: ConstantInputWarning: An input array is constant; the correlation coefficient is not defined.
  sc = spearmanr(y[tr][iva], pred).correlation
/workspace_developability_acquisition/gate_b2/scripts/04_modeling.py:115: ConstantInputWarning: An input array is constant; the correlation coefficient is not defined.
  sc = spearmanr(y[tr][iva], pred).correlation
/workspace_developability_acquisition/gate_b2/scripts/04_modeling.py:115: ConstantInputWarning: An input array is constant; the correlation coefficient is not defined.
  sc = spearmanr(y[tr][iva], pred).correlation
/workspace_developability_acquisition/gate_b2/scripts/04_modeling.py:115: ConstantInputWarning: An input array is constant; the correlation coefficient is not defined.
  sc = spearmanr(y[tr][iva], pred).correlation
/workspace_developability_acquisition/gate_b2/scripts/04_modeling.py:115: ConstantInputWarning: An input array is constant; the correlation coefficient is not defined.
  sc = spearmanr(y[tr][iva], pred).correlation
/workspace_developability_acquisition/gate_b2/scripts/04_modeling.py:115: ConstantInputWarning: An input array is constant; the correlation coefficient is not defined.
  sc = spearmanr(y[tr][iva], pred).correlation
/workspace_developability_acquisition/gate_b2/scripts/04_modeling.py:115: ConstantInputWarning: An input array is constant; the correlation coefficient is not defined.
  sc = spearmanr(y[tr][iva], pred).correlation
/workspace_developability_acquisition/gate_b2/scripts/04_modeling.py:115: ConstantInputWarning: An input array is constant; the correlation coefficient is not defined.
  sc = spearmanr(y[tr][iva], pred).correlation
/workspace_developability_acquisition/gate_b2/scripts/04_modeling.py:115: ConstantInputWarning: An input array is constant; the correlation coefficient is not defined.
  sc = spearmanr(y[tr][iva], pred).correlation
/workspace_developability_acquisition/gate_b2/scripts/04_modeling.py:115: ConstantInputWarning: An input array is constant; the correlation coefficient is not defined.
  sc = spearmanr(y[tr][iva], pred).correlation
/workspace_developability_acquisition/gate_b2/scripts/04_modeling.py:115: ConstantInputWarning: An input array is constant; the correlation coefficient is not defined.
  sc = spearmanr(y[tr][iva], pred).correlation
/workspace_developability_acquisition/gate_b2/scripts/04_modeling.py:115: ConstantInputWarning: An input array is constant; the correlation coefficient is not defined.
  sc = spearmanr(y[tr][iva], pred).correlation
RUN shadow_1 HIC PLM_ABLANG2 Ridge d=480
RUN shadow_1 HIC PLM_ESM1B Ridge d=2560
RUN shadow_1 HIC PLM_ESM2 Ridge d=2560
RUN shadow_1 HIC PLM_ESM2_CDR6 Ridge d=7680
RUN shadow_1 HIC ABB_SASA Ridge d=79
RUN shadow_1 HIC ABB_SASA ElasticNet d=79
/workspace_developability_acquisition/gate_b2/scripts/04_modeling.py:115: ConstantInputWarning: An input array is constant; the correlation coefficient is not defined.
  sc = spearmanr(y[tr][iva], pred).correlation
/workspace_developability_acquisition/gate_b2/scripts/04_modeling.py:115: ConstantInputWarning: An input array is constant; the correlation coefficient is not defined.
  sc = spearmanr(y[tr][iva], pred).correlation
/workspace_developability_acquisition/gate_b2/scripts/04_modeling.py:115: ConstantInputWarning: An input array is constant; the correlation coefficient is not defined.
  sc = spearmanr(y[tr][iva], pred).correlation
/workspace_developability_acquisition/gate_b2/scripts/04_modeling.py:115: ConstantInputWarning: An input array is constant; the correlation coefficient is not defined.
  sc = spearmanr(y[tr][iva], pred).correlation
/workspace_developability_acquisition/gate_b2/scripts/04_modeling.py:115: ConstantInputWarning: An input array is constant; the correlation coefficient is not defined.
  sc = spearmanr(y[tr][iva], pred).correlation
/workspace_developability_acquisition/gate_b2/scripts/04_modeling.py:115: ConstantInputWarning: An input array is constant; the correlation coefficient is not defined.
  sc = spearmanr(y[tr][iva], pred).correlation
/workspace_developability_acquisition/gate_b2/scripts/04_modeling.py:115: ConstantInputWarning: An input array is constant; the correlation coefficient is not defined.
  sc = spearmanr(y[tr][iva], pred).correlation
/workspace_developability_acquisition/gate_b2/scripts/04_modeling.py:115: ConstantInputWarning: An input array is constant; the correlation coefficient is not defined.
  sc = spearmanr(y[tr][iva], pred).correlation
/workspace_developability_acquisition/gate_b2/scripts/04_modeling.py:115: ConstantInputWarning: An input array is constant; the correlation coefficient is not defined.
  sc = spearmanr(y[tr][iva], pred).correlation
/workspace_developability_acquisition/gate_b2/scripts/04_modeling.py:115: ConstantInputWarning: An input array is constant; the correlation coefficient is not defined.
  sc = spearmanr(y[tr][iva], pred).correlation
/workspace_developability_acquisition/gate_b2/scripts/04_modeling.py:115: ConstantInputWarning: An input array is constant; the correlation coefficient is not defined.
  sc = spearmanr(y[tr][iva], pred).correlation
/workspace_developability_acquisition/gate_b2/scripts/04_modeling.py:115: ConstantInputWarning: An input array is constant; the correlation coefficient is not defined.
  sc = spearmanr(y[tr][iva], pred).correlation
/workspace_developability_acquisition/gate_b2/scripts/04_modeling.py:115: ConstantInputWarning: An input array is constant; the correlation coefficient is not defined.
  sc = spearmanr(y[tr][iva], pred).correlation
/workspace_developability_acquisition/gate_b2/scripts/04_modeling.py:115: ConstantInputWarning: An input array is constant; the correlation coefficient is not defined.
  sc = spearmanr(y[tr][iva], pred).correlation
/workspace_developability_acquisition/gate_b2/scripts/04_modeling.py:115: ConstantInputWarning: An input array is constant; the correlation coefficient is not defined.
  sc = spearmanr(y[tr][iva], pred).correlation
/workspace_developability_acquisition/gate_b2/scripts/04_modeling.py:115: ConstantInputWarning: An input array is constant; the correlation coefficient is not defined.
  sc = spearmanr(y[tr][iva], pred).correlation
/workspace_developability_acquisition/gate_b2/scripts/04_modeling.py:115: ConstantInputWarning: An input array is constant; the correlation coefficient is not defined.
  sc = spearmanr(y[tr][iva], pred).correlation
/workspace_developability_acquisition/gate_b2/scripts/04_modeling.py:115: ConstantInputWarning: An input array is constant; the correlation coefficient is not defined.
  sc = spearmanr(y[tr][iva], pred).correlation
/workspace_developability_acquisition/gate_b2/scripts/04_modeling.py:115: ConstantInputWarning: An input array is constant; the correlation coefficient is not defined.
  sc = spearmanr(y[tr][iva], pred).correlation
/workspace_developability_acquisition/gate_b2/scripts/04_modeling.py:115: ConstantInputWarning: An input array is constant; the correlation coefficient is not defined.
  sc = spearmanr(y[tr][iva], pred).correlation
/workspace_developability_acquisition/gate_b2/scripts/04_modeling.py:115: ConstantInputWarning: An input array is constant; the correlation coefficient is not defined.
  sc = spearmanr(y[tr][iva], pred).correlation
/workspace_developability_acquisition/gate_b2/scripts/04_modeling.py:115: ConstantInputWarning: An input array is constant; the correlation coefficient is not defined.
  sc = spearmanr(y[tr][iva], pred).correlation
/workspace_developability_acquisition/gate_b2/scripts/04_modeling.py:115: ConstantInputWarning: An input array is constant; the correlation coefficient is not defined.
  sc = spearmanr(y[tr][iva], pred).correlation
/workspace_developability_acquisition/gate_b2/scripts/04_modeling.py:115: ConstantInputWarning: An input array is constant; the correlation coefficient is not defined.
  sc = spearmanr(y[tr][iva], pred).correlation
/workspace_developability_acquisition/gate_b2/scripts/04_modeling.py:54: ConstantInputWarning: An input array is constant; the correlation coefficient is not defined.
  sp = spearmanr(y_true, y_pred).correlation
/workspace_developability_acquisition/gate_b2/scripts/04_modeling.py:55: ConstantInputWarning: An input array is constant; the correlation coefficient is not defined.
  pr = pearsonr(y_true, y_pred)[0]
/workspace_developability_acquisition/gate_b2/scripts/04_modeling.py:54: ConstantInputWarning: An input array is constant; the correlation coefficient is not defined.
  sp = spearmanr(y_true, y_pred).correlation
/workspace_developability_acquisition/gate_b2/scripts/04_modeling.py:55: ConstantInputWarning: An input array is constant; the correlation coefficient is not defined.
  pr = pearsonr(y_true, y_pred)[0]
RUN shadow_1 HIC ABB_SASA_RASA Ridge d=156
RUN shadow_1 HIC ABB_SASA_RASA ElasticNet d=156
/workspace_developability_acquisition/gate_b2/scripts/04_modeling.py:115: ConstantInputWarning: An input array is constant; the correlation coefficient is not defined.
  sc = spearmanr(y[tr][iva], pred).correlation
/workspace_developability_acquisition/gate_b2/scripts/04_modeling.py:115: ConstantInputWarning: An input array is constant; the correlation coefficient is not defined.
  sc = spearmanr(y[tr][iva], pred).correlation
/workspace_developability_acquisition/gate_b2/scripts/04_modeling.py:115: ConstantInputWarning: An input array is constant; the correlation coefficient is not defined.
  sc = spearmanr(y[tr][iva], pred).correlation
/workspace_developability_acquisition/gate_b2/scripts/04_modeling.py:115: ConstantInputWarning: An input array is constant; the correlation coefficient is not defined.
  sc = spearmanr(y[tr][iva], pred).correlation
/workspace_developability_acquisition/gate_b2/scripts/04_modeling.py:115: ConstantInputWarning: An input array is constant; the correlation coefficient is not defined.
  sc = spearmanr(y[tr][iva], pred).correlation
/workspace_developability_acquisition/gate_b2/scripts/04_modeling.py:115: ConstantInputWarning: An input array is constant; the correlation coefficient is not defined.
  sc = spearmanr(y[tr][iva], pred).correlation
/workspace_developability_acquisition/gate_b2/scripts/04_modeling.py:115: ConstantInputWarning: An input array is constant; the correlation coefficient is not defined.
  sc = spearmanr(y[tr][iva], pred).correlation
/workspace_developability_acquisition/gate_b2/scripts/04_modeling.py:115: ConstantInputWarning: An input array is constant; the correlation coefficient is not defined.
  sc = spearmanr(y[tr][iva], pred).correlation
/workspace_developability_acquisition/gate_b2/scripts/04_modeling.py:115: ConstantInputWarning: An input array is constant; the correlation coefficient is not defined.
  sc = spearmanr(y[tr][iva], pred).correlation
/workspace_developability_acquisition/gate_b2/scripts/04_modeling.py:115: ConstantInputWarning: An input array is constant; the correlation coefficient is not defined.
  sc = spearmanr(y[tr][iva], pred).correlation
/workspace_developability_acquisition/gate_b2/scripts/04_modeling.py:115: ConstantInputWarning: An input array is constant; the correlation coefficient is not defined.
  sc = spearmanr(y[tr][iva], pred).correlation
/workspace_developability_acquisition/gate_b2/scripts/04_modeling.py:115: ConstantInputWarning: An input array is constant; the correlation coefficient is not defined.
  sc = spearmanr(y[tr][iva], pred).correlation
/workspace_developability_acquisition/gate_b2/scripts/04_modeling.py:115: ConstantInputWarning: An input array is constant; the correlation coefficient is not defined.
  sc = spearmanr(y[tr][iva], pred).correlation
/workspace_developability_acquisition/gate_b2/scripts/04_modeling.py:115: ConstantInputWarning: An input array is constant; the correlation coefficient is not defined.
  sc = spearmanr(y[tr][iva], pred).correlation
/workspace_developability_acquisition/gate_b2/scripts/04_modeling.py:115: ConstantInputWarning: An input array is constant; the correlation coefficient is not defined.
  sc = spearmanr(y[tr][iva], pred).correlation
/workspace_developability_acquisition/gate_b2/scripts/04_modeling.py:115: ConstantInputWarning: An input array is constant; the correlation coefficient is not defined.
  sc = spearmanr(y[tr][iva], pred).correlation
/workspace_developability_acquisition/gate_b2/scripts/04_modeling.py:115: ConstantInputWarning: An input array is constant; the correlation coefficient is not defined.
  sc = spearmanr(y[tr][iva], pred).correlation
/workspace_developability_acquisition/gate_b2/scripts/04_modeling.py:115: ConstantInputWarning: An input array is constant; the correlation coefficient is not defined.
  sc = spearmanr(y[tr][iva], pred).correlation
/workspace_developability_acquisition/gate_b2/scripts/04_modeling.py:115: ConstantInputWarning: An input array is constant; the correlation coefficient is not defined.
  sc = spearmanr(y[tr][iva], pred).correlation
/workspace_developability_acquisition/gate_b2/scripts/04_modeling.py:115: ConstantInputWarning: An input array is constant; the correlation coefficient is not defined.
  sc = spearmanr(y[tr][iva], pred).correlation
/workspace_developability_acquisition/gate_b2/scripts/04_modeling.py:115: ConstantInputWarning: An input array is constant; the correlation coefficient is not defined.
  sc = spearmanr(y[tr][iva], pred).correlation
/workspace_developability_acquisition/gate_b2/scripts/04_modeling.py:115: ConstantInputWarning: An input array is constant; the correlation coefficient is not defined.
  sc = spearmanr(y[tr][iva], pred).correlation
/workspace_developability_acquisition/gate_b2/scripts/04_modeling.py:115: ConstantInputWarning: An input array is constant; the correlation coefficient is not defined.
  sc = spearmanr(y[tr][iva], pred).correlation
/workspace_developability_acquisition/gate_b2/scripts/04_modeling.py:115: ConstantInputWarning: An input array is constant; the correlation coefficient is not defined.
  sc = spearmanr(y[tr][iva], pred).correlation
/workspace_developability_acquisition/gate_b2/scripts/04_modeling.py:54: ConstantInputWarning: An input array is constant; the correlation coefficient is not defined.
  sp = spearmanr(y_true, y_pred).correlation
/workspace_developability_acquisition/gate_b2/scripts/04_modeling.py:55: ConstantInputWarning: An input array is constant; the correlation coefficient is not defined.
  pr = pearsonr(y_true, y_pred)[0]
/workspace_developability_acquisition/gate_b2/scripts/04_modeling.py:54: ConstantInputWarning: An input array is constant; the correlation coefficient is not defined.
  sp = spearmanr(y_true, y_pred).correlation
/workspace_developability_acquisition/gate_b2/scripts/04_modeling.py:55: ConstantInputWarning: An input array is constant; the correlation coefficient is not defined.
  pr = pearsonr(y_true, y_pred)[0]
RUN shadow_1 HIC ABB_SURFACE Ridge d=77
RUN shadow_1 HIC ABB_SURFACE ElasticNet d=77
/workspace_developability_acquisition/gate_b2/scripts/04_modeling.py:115: ConstantInputWarning: An input array is constant; the correlation coefficient is not defined.
  sc = spearmanr(y[tr][iva], pred).correlation
/workspace_developability_acquisition/gate_b2/scripts/04_modeling.py:115: ConstantInputWarning: An input array is constant; the correlation coefficient is not defined.
  sc = spearmanr(y[tr][iva], pred).correlation
/workspace_developability_acquisition/gate_b2/scripts/04_modeling.py:115: ConstantInputWarning: An input array is constant; the correlation coefficient is not defined.
  sc = spearmanr(y[tr][iva], pred).correlation
/workspace_developability_acquisition/gate_b2/scripts/04_modeling.py:115: ConstantInputWarning: An input array is constant; the correlation coefficient is not defined.
  sc = spearmanr(y[tr][iva], pred).correlation
/workspace_developability_acquisition/gate_b2/scripts/04_modeling.py:115: ConstantInputWarning: An input array is constant; the correlation coefficient is not defined.
  sc = spearmanr(y[tr][iva], pred).correlation
/workspace_developability_acquisition/gate_b2/scripts/04_modeling.py:115: ConstantInputWarning: An input array is constant; the correlation coefficient is not defined.
  sc = spearmanr(y[tr][iva], pred).correlation
/workspace_developability_acquisition/gate_b2/scripts/04_modeling.py:115: ConstantInputWarning: An input array is constant; the correlation coefficient is not defined.
  sc = spearmanr(y[tr][iva], pred).correlation
/workspace_developability_acquisition/gate_b2/scripts/04_modeling.py:115: ConstantInputWarning: An input array is constant; the correlation coefficient is not defined.
  sc = spearmanr(y[tr][iva], pred).correlation
/workspace_developability_acquisition/gate_b2/scripts/04_modeling.py:115: ConstantInputWarning: An input array is constant; the correlation coefficient is not defined.
  sc = spearmanr(y[tr][iva], pred).correlation
/workspace_developability_acquisition/gate_b2/scripts/04_modeling.py:115: ConstantInputWarning: An input array is constant; the correlation coefficient is not defined.
  sc = spearmanr(y[tr][iva], pred).correlation
/workspace_developability_acquisition/gate_b2/scripts/04_modeling.py:115: ConstantInputWarning: An input array is constant; the correlation coefficient is not defined.
  sc = spearmanr(y[tr][iva], pred).correlation
/workspace_developability_acquisition/gate_b2/scripts/04_modeling.py:115: ConstantInputWarning: An input array is constant; the correlation coefficient is not defined.
  sc = spearmanr(y[tr][iva], pred).correlation
/workspace_developability_acquisition/gate_b2/scripts/04_modeling.py:115: ConstantInputWarning: An input array is constant; the correlation coefficient is not defined.
  sc = spearmanr(y[tr][iva], pred).correlation
/workspace_developability_acquisition/gate_b2/scripts/04_modeling.py:115: ConstantInputWarning: An input array is constant; the correlation coefficient is not defined.
  sc = spearmanr(y[tr][iva], pred).correlation
/workspace_developability_acquisition/gate_b2/scripts/04_modeling.py:115: ConstantInputWarning: An input array is constant; the correlation coefficient is not defined.
  sc = spearmanr(y[tr][iva], pred).correlation
/workspace_developability_acquisition/gate_b2/scripts/04_modeling.py:115: ConstantInputWarning: An input array is constant; the correlation coefficient is not defined.
  sc = spearmanr(y[tr][iva], pred).correlation
/workspace_developability_acquisition/gate_b2/scripts/04_modeling.py:115: ConstantInputWarning: An input array is constant; the correlation coefficient is not defined.
  sc = spearmanr(y[tr][iva], pred).correlation
/workspace_developability_acquisition/gate_b2/scripts/04_modeling.py:115: ConstantInputWarning: An input array is constant; the correlation coefficient is not defined.
  sc = spearmanr(y[tr][iva], pred).correlation
/workspace_developability_acquisition/gate_b2/scripts/04_modeling.py:115: ConstantInputWarning: An input array is constant; the correlation coefficient is not defined.
  sc = spearmanr(y[tr][iva], pred).correlation
/workspace_developability_acquisition/gate_b2/scripts/04_modeling.py:115: ConstantInputWarning: An input array is constant; the correlation coefficient is not defined.
  sc = spearmanr(y[tr][iva], pred).correlation
/workspace_developability_acquisition/gate_b2/scripts/04_modeling.py:115: ConstantInputWarning: An input array is constant; the correlation coefficient is not defined.
  sc = spearmanr(y[tr][iva], pred).correlation
/workspace_developability_acquisition/gate_b2/scripts/04_modeling.py:115: ConstantInputWarning: An input array is constant; the correlation coefficient is not defined.
  sc = spearmanr(y[tr][iva], pred).correlation
/workspace_developability_acquisition/gate_b2/scripts/04_modeling.py:115: ConstantInputWarning: An input array is constant; the correlation coefficient is not defined.
  sc = spearmanr(y[tr][iva], pred).correlation
/workspace_developability_acquisition/gate_b2/scripts/04_modeling.py:115: ConstantInputWarning: An input array is constant; the correlation coefficient is not defined.
  sc = spearmanr(y[tr][iva], pred).correlation
/workspace_developability_acquisition/gate_b2/scripts/04_modeling.py:54: ConstantInputWarning: An input array is constant; the correlation coefficient is not defined.
  sp = spearmanr(y_true, y_pred).correlation
/workspace_developability_acquisition/gate_b2/scripts/04_modeling.py:55: ConstantInputWarning: An input array is constant; the correlation coefficient is not defined.
  pr = pearsonr(y_true, y_pred)[0]
/workspace_developability_acquisition/gate_b2/scripts/04_modeling.py:54: ConstantInputWarning: An input array is constant; the correlation coefficient is not defined.
  sp = spearmanr(y_true, y_pred).correlation
/workspace_developability_acquisition/gate_b2/scripts/04_modeling.py:55: ConstantInputWarning: An input array is constant; the correlation coefficient is not defined.
  pr = pearsonr(y_true, y_pred)[0]
RUN shadow_1 HIC ABB_SURFACE_RASAW Ridge d=77
RUN shadow_1 HIC ABB_SURFACE_RASAW ElasticNet d=77
/workspace_developability_acquisition/gate_b2/scripts/04_modeling.py:115: ConstantInputWarning: An input array is constant; the correlation coefficient is not defined.
  sc = spearmanr(y[tr][iva], pred).correlation
/workspace_developability_acquisition/gate_b2/scripts/04_modeling.py:115: ConstantInputWarning: An input array is constant; the correlation coefficient is not defined.
  sc = spearmanr(y[tr][iva], pred).correlation
/workspace_developability_acquisition/gate_b2/scripts/04_modeling.py:115: ConstantInputWarning: An input array is constant; the correlation coefficient is not defined.
  sc = spearmanr(y[tr][iva], pred).correlation
/workspace_developability_acquisition/gate_b2/scripts/04_modeling.py:115: ConstantInputWarning: An input array is constant; the correlation coefficient is not defined.
  sc = spearmanr(y[tr][iva], pred).correlation
/workspace_developability_acquisition/gate_b2/scripts/04_modeling.py:115: ConstantInputWarning: An input array is constant; the correlation coefficient is not defined.
  sc = spearmanr(y[tr][iva], pred).correlation
/workspace_developability_acquisition/gate_b2/scripts/04_modeling.py:115: ConstantInputWarning: An input array is constant; the correlation coefficient is not defined.
  sc = spearmanr(y[tr][iva], pred).correlation
/workspace_developability_acquisition/gate_b2/scripts/04_modeling.py:115: ConstantInputWarning: An input array is constant; the correlation coefficient is not defined.
  sc = spearmanr(y[tr][iva], pred).correlation
/workspace_developability_acquisition/gate_b2/scripts/04_modeling.py:115: ConstantInputWarning: An input array is constant; the correlation coefficient is not defined.
  sc = spearmanr(y[tr][iva], pred).correlation
/workspace_developability_acquisition/gate_b2/scripts/04_modeling.py:115: ConstantInputWarning: An input array is constant; the correlation coefficient is not defined.
  sc = spearmanr(y[tr][iva], pred).correlation
/workspace_developability_acquisition/gate_b2/scripts/04_modeling.py:115: ConstantInputWarning: An input array is constant; the correlation coefficient is not defined.
  sc = spearmanr(y[tr][iva], pred).correlation
/workspace_developability_acquisition/gate_b2/scripts/04_modeling.py:115: ConstantInputWarning: An input array is constant; the correlation coefficient is not defined.
  sc = spearmanr(y[tr][iva], pred).correlation
/workspace_developability_acquisition/gate_b2/scripts/04_modeling.py:115: ConstantInputWarning: An input array is constant; the correlation coefficient is not defined.
  sc = spearmanr(y[tr][iva], pred).correlation
/workspace_developability_acquisition/gate_b2/scripts/04_modeling.py:115: ConstantInputWarning: An input array is constant; the correlation coefficient is not defined.
  sc = spearmanr(y[tr][iva], pred).correlation
/workspace_developability_acquisition/gate_b2/scripts/04_modeling.py:115: ConstantInputWarning: An input array is constant; the correlation coefficient is not defined.
  sc = spearmanr(y[tr][iva], pred).correlation
/workspace_developability_acquisition/gate_b2/scripts/04_modeling.py:115: ConstantInputWarning: An input array is constant; the correlation coefficient is not defined.
  sc = spearmanr(y[tr][iva], pred).correlation
/workspace_developability_acquisition/gate_b2/scripts/04_modeling.py:115: ConstantInputWarning: An input array is constant; the correlation coefficient is not defined.
  sc = spearmanr(y[tr][iva], pred).correlation
/workspace_developability_acquisition/gate_b2/scripts/04_modeling.py:115: ConstantInputWarning: An input array is constant; the correlation coefficient is not defined.
  sc = spearmanr(y[tr][iva], pred).correlation
/workspace_developability_acquisition/gate_b2/scripts/04_modeling.py:115: ConstantInputWarning: An input array is constant; the correlation coefficient is not defined.
  sc = spearmanr(y[tr][iva], pred).correlation
/workspace_developability_acquisition/gate_b2/scripts/04_modeling.py:115: ConstantInputWarning: An input array is constant; the correlation coefficient is not defined.
  sc = spearmanr(y[tr][iva], pred).correlation
/workspace_developability_acquisition/gate_b2/scripts/04_modeling.py:115: ConstantInputWarning: An input array is constant; the correlation coefficient is not defined.
  sc = spearmanr(y[tr][iva], pred).correlation
/workspace_developability_acquisition/gate_b2/scripts/04_modeling.py:115: ConstantInputWarning: An input array is constant; the correlation coefficient is not defined.
  sc = spearmanr(y[tr][iva], pred).correlation
/workspace_developability_acquisition/gate_b2/scripts/04_modeling.py:115: ConstantInputWarning: An input array is constant; the correlation coefficient is not defined.
  sc = spearmanr(y[tr][iva], pred).correlation
/workspace_developability_acquisition/gate_b2/scripts/04_modeling.py:115: ConstantInputWarning: An input array is constant; the correlation coefficient is not defined.
  sc = spearmanr(y[tr][iva], pred).correlation
/workspace_developability_acquisition/gate_b2/scripts/04_modeling.py:115: ConstantInputWarning: An input array is constant; the correlation coefficient is not defined.
  sc = spearmanr(y[tr][iva], pred).correlation
/workspace_developability_acquisition/gate_b2/scripts/04_modeling.py:115: ConstantInputWarning: An input array is constant; the correlation coefficient is not defined.
  sc = spearmanr(y[tr][iva], pred).correlation
/workspace_developability_acquisition/gate_b2/scripts/04_modeling.py:115: ConstantInputWarning: An input array is constant; the correlation coefficient is not defined.
  sc = spearmanr(y[tr][iva], pred).correlation
/workspace_developability_acquisition/gate_b2/scripts/04_modeling.py:115: ConstantInputWarning: An input array is constant; the correlation coefficient is not defined.
  sc = spearmanr(y[tr][iva], pred).correlation
/workspace_developability_acquisition/gate_b2/scripts/04_modeling.py:115: ConstantInputWarning: An input array is constant; the correlation coefficient is not defined.
  sc = spearmanr(y[tr][iva], pred).correlation
/workspace_developability_acquisition/gate_b2/scripts/04_modeling.py:115: ConstantInputWarning: An input array is constant; the correlation coefficient is not defined.
  sc = spearmanr(y[tr][iva], pred).correlation
/workspace_developability_acquisition/gate_b2/scripts/04_modeling.py:115: ConstantInputWarning: An input array is constant; the correlation coefficient is not defined.
  sc = spearmanr(y[tr][iva], pred).correlation
RUN shadow_1 HIC ABB_ALL_SURFACE Ridge d=211
RUN shadow_1 HIC ABB_PATCH Ridge d=7
RUN shadow_1 HIC ABB_PATCH ElasticNet d=7
/workspace_developability_acquisition/gate_b2/scripts/04_modeling.py:115: ConstantInputWarning: An input array is constant; the correlation coefficient is not defined.
  sc = spearmanr(y[tr][iva], pred).correlation
/workspace_developability_acquisition/gate_b2/scripts/04_modeling.py:115: ConstantInputWarning: An input array is constant; the correlation coefficient is not defined.
  sc = spearmanr(y[tr][iva], pred).correlation
/workspace_developability_acquisition/gate_b2/scripts/04_modeling.py:115: ConstantInputWarning: An input array is constant; the correlation coefficient is not defined.
  sc = spearmanr(y[tr][iva], pred).correlation
/workspace_developability_acquisition/gate_b2/scripts/04_modeling.py:115: ConstantInputWarning: An input array is constant; the correlation coefficient is not defined.
  sc = spearmanr(y[tr][iva], pred).correlation
/workspace_developability_acquisition/gate_b2/scripts/04_modeling.py:115: ConstantInputWarning: An input array is constant; the correlation coefficient is not defined.
  sc = spearmanr(y[tr][iva], pred).correlation
/workspace_developability_acquisition/gate_b2/scripts/04_modeling.py:115: ConstantInputWarning: An input array is constant; the correlation coefficient is not defined.
  sc = spearmanr(y[tr][iva], pred).correlation
/workspace_developability_acquisition/gate_b2/scripts/04_modeling.py:115: ConstantInputWarning: An input array is constant; the correlation coefficient is not defined.
  sc = spearmanr(y[tr][iva], pred).correlation
/workspace_developability_acquisition/gate_b2/scripts/04_modeling.py:115: ConstantInputWarning: An input array is constant; the correlation coefficient is not defined.
  sc = spearmanr(y[tr][iva], pred).correlation
/workspace_developability_acquisition/gate_b2/scripts/04_modeling.py:115: ConstantInputWarning: An input array is constant; the correlation coefficient is not defined.
  sc = spearmanr(y[tr][iva], pred).correlation
/workspace_developability_acquisition/gate_b2/scripts/04_modeling.py:115: ConstantInputWarning: An input array is constant; the correlation coefficient is not defined.
  sc = spearmanr(y[tr][iva], pred).correlation
/workspace_developability_acquisition/gate_b2/scripts/04_modeling.py:115: ConstantInputWarning: An input array is constant; the correlation coefficient is not defined.
  sc = spearmanr(y[tr][iva], pred).correlation
/workspace_developability_acquisition/gate_b2/scripts/04_modeling.py:115: ConstantInputWarning: An input array is constant; the correlation coefficient is not defined.
  sc = spearmanr(y[tr][iva], pred).correlation
/workspace_developability_acquisition/gate_b2/scripts/04_modeling.py:115: ConstantInputWarning: An input array is constant; the correlation coefficient is not defined.
  sc = spearmanr(y[tr][iva], pred).correlation
/workspace_developability_acquisition/gate_b2/scripts/04_modeling.py:115: ConstantInputWarning: An input array is constant; the correlation coefficient is not defined.
  sc = spearmanr(y[tr][iva], pred).correlation
/workspace_developability_acquisition/gate_b2/scripts/04_modeling.py:115: ConstantInputWarning: An input array is constant; the correlation coefficient is not defined.
  sc = spearmanr(y[tr][iva], pred).correlation
/workspace_developability_acquisition/gate_b2/scripts/04_modeling.py:115: ConstantInputWarning: An input array is constant; the correlation coefficient is not defined.
  sc = spearmanr(y[tr][iva], pred).correlation
/workspace_developability_acquisition/gate_b2/scripts/04_modeling.py:115: ConstantInputWarning: An input array is constant; the correlation coefficient is not defined.
  sc = spearmanr(y[tr][iva], pred).correlation
/workspace_developability_acquisition/gate_b2/scripts/04_modeling.py:115: ConstantInputWarning: An input array is constant; the correlation coefficient is not defined.
  sc = spearmanr(y[tr][iva], pred).correlation
/workspace_developability_acquisition/gate_b2/scripts/04_modeling.py:115: ConstantInputWarning: An input array is constant; the correlation coefficient is not defined.
  sc = spearmanr(y[tr][iva], pred).correlation
/workspace_developability_acquisition/gate_b2/scripts/04_modeling.py:115: ConstantInputWarning: An input array is constant; the correlation coefficient is not defined.
  sc = spearmanr(y[tr][iva], pred).correlation
/workspace_developability_acquisition/gate_b2/scripts/04_modeling.py:115: ConstantInputWarning: An input array is constant; the correlation coefficient is not defined.
  sc = spearmanr(y[tr][iva], pred).correlation
/workspace_developability_acquisition/gate_b2/scripts/04_modeling.py:115: ConstantInputWarning: An input array is constant; the correlation coefficient is not defined.
  sc = spearmanr(y[tr][iva], pred).correlation
/workspace_developability_acquisition/gate_b2/scripts/04_modeling.py:115: ConstantInputWarning: An input array is constant; the correlation coefficient is not defined.
  sc = spearmanr(y[tr][iva], pred).correlation
/workspace_developability_acquisition/gate_b2/scripts/04_modeling.py:115: ConstantInputWarning: An input array is constant; the correlation coefficient is not defined.
  sc = spearmanr(y[tr][iva], pred).correlation
/workspace_developability_acquisition/gate_b2/scripts/04_modeling.py:115: ConstantInputWarning: An input array is constant; the correlation coefficient is not defined.
  sc = spearmanr(y[tr][iva], pred).correlation
/workspace_developability_acquisition/gate_b2/scripts/04_modeling.py:115: ConstantInputWarning: An input array is constant; the correlation coefficient is not defined.
  sc = spearmanr(y[tr][iva], pred).correlation
/workspace_developability_acquisition/gate_b2/scripts/04_modeling.py:115: ConstantInputWarning: An input array is constant; the correlation coefficient is not defined.
  sc = spearmanr(y[tr][iva], pred).correlation
/workspace_developability_acquisition/gate_b2/scripts/04_modeling.py:115: ConstantInputWarning: An input array is constant; the correlation coefficient is not defined.
  sc = spearmanr(y[tr][iva], pred).correlation
/workspace_developability_acquisition/gate_b2/scripts/04_modeling.py:115: ConstantInputWarning: An input array is constant; the correlation coefficient is not defined.
  sc = spearmanr(y[tr][iva], pred).correlation
/workspace_developability_acquisition/gate_b2/scripts/04_modeling.py:115: ConstantInputWarning: An input array is constant; the correlation coefficient is not defined.
  sc = spearmanr(y[tr][iva], pred).correlation
RUN shadow_1 HIC ABB_INTERFACE Ridge d=8
RUN shadow_1 HIC ABB_INTERFACE ElasticNet d=8
/workspace_developability_acquisition/gate_b2/scripts/04_modeling.py:115: ConstantInputWarning: An input array is constant; the correlation coefficient is not defined.
  sc = spearmanr(y[tr][iva], pred).correlation
/workspace_developability_acquisition/gate_b2/scripts/04_modeling.py:115: ConstantInputWarning: An input array is constant; the correlation coefficient is not defined.
  sc = spearmanr(y[tr][iva], pred).correlation
/workspace_developability_acquisition/gate_b2/scripts/04_modeling.py:115: ConstantInputWarning: An input array is constant; the correlation coefficient is not defined.
  sc = spearmanr(y[tr][iva], pred).correlation
/workspace_developability_acquisition/gate_b2/scripts/04_modeling.py:115: ConstantInputWarning: An input array is constant; the correlation coefficient is not defined.
  sc = spearmanr(y[tr][iva], pred).correlation
/workspace_developability_acquisition/gate_b2/scripts/04_modeling.py:115: ConstantInputWarning: An input array is constant; the correlation coefficient is not defined.
  sc = spearmanr(y[tr][iva], pred).correlation
/workspace_developability_acquisition/gate_b2/scripts/04_modeling.py:115: ConstantInputWarning: An input array is constant; the correlation coefficient is not defined.
  sc = spearmanr(y[tr][iva], pred).correlation
/workspace_developability_acquisition/gate_b2/scripts/04_modeling.py:115: ConstantInputWarning: An input array is constant; the correlation coefficient is not defined.
  sc = spearmanr(y[tr][iva], pred).correlation
/workspace_developability_acquisition/gate_b2/scripts/04_modeling.py:115: ConstantInputWarning: An input array is constant; the correlation coefficient is not defined.
  sc = spearmanr(y[tr][iva], pred).correlation
/workspace_developability_acquisition/gate_b2/scripts/04_modeling.py:115: ConstantInputWarning: An input array is constant; the correlation coefficient is not defined.
  sc = spearmanr(y[tr][iva], pred).correlation
/workspace_developability_acquisition/gate_b2/scripts/04_modeling.py:115: ConstantInputWarning: An input array is constant; the correlation coefficient is not defined.
  sc = spearmanr(y[tr][iva], pred).correlation
/workspace_developability_acquisition/gate_b2/scripts/04_modeling.py:115: ConstantInputWarning: An input array is constant; the correlation coefficient is not defined.
  sc = spearmanr(y[tr][iva], pred).correlation
/workspace_developability_acquisition/gate_b2/scripts/04_modeling.py:115: ConstantInputWarning: An input array is constant; the correlation coefficient is not defined.
  sc = spearmanr(y[tr][iva], pred).correlation
/workspace_developability_acquisition/gate_b2/scripts/04_modeling.py:115: ConstantInputWarning: An input array is constant; the correlation coefficient is not defined.
  sc = spearmanr(y[tr][iva], pred).correlation
/workspace_developability_acquisition/gate_b2/scripts/04_modeling.py:115: ConstantInputWarning: An input array is constant; the correlation coefficient is not defined.
  sc = spearmanr(y[tr][iva], pred).correlation
/workspace_developability_acquisition/gate_b2/scripts/04_modeling.py:115: ConstantInputWarning: An input array is constant; the correlation coefficient is not defined.
  sc = spearmanr(y[tr][iva], pred).correlation
/workspace_developability_acquisition/gate_b2/scripts/04_modeling.py:115: ConstantInputWarning: An input array is constant; the correlation coefficient is not defined.
  sc = spearmanr(y[tr][iva], pred).correlation
/workspace_developability_acquisition/gate_b2/scripts/04_modeling.py:115: ConstantInputWarning: An input array is constant; the correlation coefficient is not defined.
  sc = spearmanr(y[tr][iva], pred).correlation
/workspace_developability_acquisition/gate_b2/scripts/04_modeling.py:115: ConstantInputWarning: An input array is constant; the correlation coefficient is not defined.
  sc = spearmanr(y[tr][iva], pred).correlation
/workspace_developability_acquisition/gate_b2/scripts/04_modeling.py:115: ConstantInputWarning: An input array is constant; the correlation coefficient is not defined.
  sc = spearmanr(y[tr][iva], pred).correlation
/workspace_developability_acquisition/gate_b2/scripts/04_modeling.py:115: ConstantInputWarning: An input array is constant; the correlation coefficient is not defined.
  sc = spearmanr(y[tr][iva], pred).correlation
/workspace_developability_acquisition/gate_b2/scripts/04_modeling.py:115: ConstantInputWarning: An input array is constant; the correlation coefficient is not defined.
  sc = spearmanr(y[tr][iva], pred).correlation
/workspace_developability_acquisition/gate_b2/scripts/04_modeling.py:115: ConstantInputWarning: An input array is constant; the correlation coefficient is not defined.
  sc = spearmanr(y[tr][iva], pred).correlation
/workspace_developability_acquisition/gate_b2/scripts/04_modeling.py:115: ConstantInputWarning: An input array is constant; the correlation coefficient is not defined.
  sc = spearmanr(y[tr][iva], pred).correlation
/workspace_developability_acquisition/gate_b2/scripts/04_modeling.py:115: ConstantInputWarning: An input array is constant; the correlation coefficient is not defined.
  sc = spearmanr(y[tr][iva], pred).correlation
/workspace_developability_acquisition/gate_b2/scripts/04_modeling.py:115: ConstantInputWarning: An input array is constant; the correlation coefficient is not defined.
  sc = spearmanr(y[tr][iva], pred).correlation
/workspace_developability_acquisition/gate_b2/scripts/04_modeling.py:115: ConstantInputWarning: An input array is constant; the correlation coefficient is not defined.
  sc = spearmanr(y[tr][iva], pred).correlation
/workspace_developability_acquisition/gate_b2/scripts/04_modeling.py:115: ConstantInputWarning: An input array is constant; the correlation coefficient is not defined.
  sc = spearmanr(y[tr][iva], pred).correlation
/workspace_developability_acquisition/gate_b2/scripts/04_modeling.py:115: ConstantInputWarning: An input array is constant; the correlation coefficient is not defined.
  sc = spearmanr(y[tr][iva], pred).correlation
/workspace_developability_acquisition/gate_b2/scripts/04_modeling.py:115: ConstantInputWarning: An input array is constant; the correlation coefficient is not defined.
  sc = spearmanr(y[tr][iva], pred).correlation
/workspace_developability_acquisition/gate_b2/scripts/04_modeling.py:115: ConstantInputWarning: An input array is constant; the correlation coefficient is not defined.
  sc = spearmanr(y[tr][iva], pred).correlation
RUN shadow_1 HIC ABB_ALL Ridge d=247
RUN shadow_1 HIC ESMF_NATIVE_SASA Ridge d=58
RUN shadow_1 HIC ESMF_NATIVE_SASA ElasticNet d=58
/workspace_developability_acquisition/gate_b2/scripts/04_modeling.py:115: ConstantInputWarning: An input array is constant; the correlation coefficient is not defined.
  sc = spearmanr(y[tr][iva], pred).correlation
/workspace_developability_acquisition/gate_b2/scripts/04_modeling.py:115: ConstantInputWarning: An input array is constant; the correlation coefficient is not defined.
  sc = spearmanr(y[tr][iva], pred).correlation
/workspace_developability_acquisition/gate_b2/scripts/04_modeling.py:115: ConstantInputWarning: An input array is constant; the correlation coefficient is not defined.
  sc = spearmanr(y[tr][iva], pred).correlation
/workspace_developability_acquisition/gate_b2/scripts/04_modeling.py:115: ConstantInputWarning: An input array is constant; the correlation coefficient is not defined.
  sc = spearmanr(y[tr][iva], pred).correlation
/workspace_developability_acquisition/gate_b2/scripts/04_modeling.py:115: ConstantInputWarning: An input array is constant; the correlation coefficient is not defined.
  sc = spearmanr(y[tr][iva], pred).correlation
/workspace_developability_acquisition/gate_b2/scripts/04_modeling.py:115: ConstantInputWarning: An input array is constant; the correlation coefficient is not defined.
  sc = spearmanr(y[tr][iva], pred).correlation
/workspace_developability_acquisition/gate_b2/scripts/04_modeling.py:115: ConstantInputWarning: An input array is constant; the correlation coefficient is not defined.
  sc = spearmanr(y[tr][iva], pred).correlation
/workspace_developability_acquisition/gate_b2/scripts/04_modeling.py:115: ConstantInputWarning: An input array is constant; the correlation coefficient is not defined.
  sc = spearmanr(y[tr][iva], pred).correlation
/workspace_developability_acquisition/gate_b2/scripts/04_modeling.py:115: ConstantInputWarning: An input array is constant; the correlation coefficient is not defined.
  sc = spearmanr(y[tr][iva], pred).correlation
/workspace_developability_acquisition/gate_b2/scripts/04_modeling.py:115: ConstantInputWarning: An input array is constant; the correlation coefficient is not defined.
  sc = spearmanr(y[tr][iva], pred).correlation
/workspace_developability_acquisition/gate_b2/scripts/04_modeling.py:115: ConstantInputWarning: An input array is constant; the correlation coefficient is not defined.
  sc = spearmanr(y[tr][iva], pred).correlation
/workspace_developability_acquisition/gate_b2/scripts/04_modeling.py:115: ConstantInputWarning: An input array is constant; the correlation coefficient is not defined.
  sc = spearmanr(y[tr][iva], pred).correlation
/workspace_developability_acquisition/gate_b2/scripts/04_modeling.py:115: ConstantInputWarning: An input array is constant; the correlation coefficient is not defined.
  sc = spearmanr(y[tr][iva], pred).correlation
/workspace_developability_acquisition/gate_b2/scripts/04_modeling.py:115: ConstantInputWarning: An input array is constant; the correlation coefficient is not defined.
  sc = spearmanr(y[tr][iva], pred).correlation
/workspace_developability_acquisition/gate_b2/scripts/04_modeling.py:115: ConstantInputWarning: An input array is constant; the correlation coefficient is not defined.
  sc = spearmanr(y[tr][iva], pred).correlation
/workspace_developability_acquisition/gate_b2/scripts/04_modeling.py:115: ConstantInputWarning: An input array is constant; the correlation coefficient is not defined.
  sc = spearmanr(y[tr][iva], pred).correlation
/workspace_developability_acquisition/gate_b2/scripts/04_modeling.py:115: ConstantInputWarning: An input array is constant; the correlation coefficient is not defined.
  sc = spearmanr(y[tr][iva], pred).correlation
/workspace_developability_acquisition/gate_b2/scripts/04_modeling.py:115: ConstantInputWarning: An input array is constant; the correlation coefficient is not defined.
  sc = spearmanr(y[tr][iva], pred).correlation
/workspace_developability_acquisition/gate_b2/scripts/04_modeling.py:115: ConstantInputWarning: An input array is constant; the correlation coefficient is not defined.
  sc = spearmanr(y[tr][iva], pred).correlation
/workspace_developability_acquisition/gate_b2/scripts/04_modeling.py:115: ConstantInputWarning: An input array is constant; the correlation coefficient is not defined.
  sc = spearmanr(y[tr][iva], pred).correlation
/workspace_developability_acquisition/gate_b2/scripts/04_modeling.py:115: ConstantInputWarning: An input array is constant; the correlation coefficient is not defined.
  sc = spearmanr(y[tr][iva], pred).correlation
/workspace_developability_acquisition/gate_b2/scripts/04_modeling.py:115: ConstantInputWarning: An input array is constant; the correlation coefficient is not defined.
  sc = spearmanr(y[tr][iva], pred).correlation
/workspace_developability_acquisition/gate_b2/scripts/04_modeling.py:115: ConstantInputWarning: An input array is constant; the correlation coefficient is not defined.
  sc = spearmanr(y[tr][iva], pred).correlation
/workspace_developability_acquisition/gate_b2/scripts/04_modeling.py:115: ConstantInputWarning: An input array is constant; the correlation coefficient is not defined.
  sc = spearmanr(y[tr][iva], pred).correlation
RUN shadow_1 HIC ESMF_NATIVE_SASA_RASA Ridge d=114
RUN shadow_1 HIC ESMF_NATIVE_SASA_RASA ElasticNet d=114
/workspace_developability_acquisition/gate_b2/scripts/04_modeling.py:115: ConstantInputWarning: An input array is constant; the correlation coefficient is not defined.
  sc = spearmanr(y[tr][iva], pred).correlation
/workspace_developability_acquisition/gate_b2/scripts/04_modeling.py:115: ConstantInputWarning: An input array is constant; the correlation coefficient is not defined.
  sc = spearmanr(y[tr][iva], pred).correlation
/workspace_developability_acquisition/gate_b2/scripts/04_modeling.py:115: ConstantInputWarning: An input array is constant; the correlation coefficient is not defined.
  sc = spearmanr(y[tr][iva], pred).correlation
/workspace_developability_acquisition/gate_b2/scripts/04_modeling.py:115: ConstantInputWarning: An input array is constant; the correlation coefficient is not defined.
  sc = spearmanr(y[tr][iva], pred).correlation
/workspace_developability_acquisition/gate_b2/scripts/04_modeling.py:115: ConstantInputWarning: An input array is constant; the correlation coefficient is not defined.
  sc = spearmanr(y[tr][iva], pred).correlation
/workspace_developability_acquisition/gate_b2/scripts/04_modeling.py:115: ConstantInputWarning: An input array is constant; the correlation coefficient is not defined.
  sc = spearmanr(y[tr][iva], pred).correlation
/workspace_developability_acquisition/gate_b2/scripts/04_modeling.py:115: ConstantInputWarning: An input array is constant; the correlation coefficient is not defined.
  sc = spearmanr(y[tr][iva], pred).correlation
/workspace_developability_acquisition/gate_b2/scripts/04_modeling.py:115: ConstantInputWarning: An input array is constant; the correlation coefficient is not defined.
  sc = spearmanr(y[tr][iva], pred).correlation
/workspace_developability_acquisition/gate_b2/scripts/04_modeling.py:115: ConstantInputWarning: An input array is constant; the correlation coefficient is not defined.
  sc = spearmanr(y[tr][iva], pred).correlation
/workspace_developability_acquisition/gate_b2/scripts/04_modeling.py:115: ConstantInputWarning: An input array is constant; the correlation coefficient is not defined.
  sc = spearmanr(y[tr][iva], pred).correlation
/workspace_developability_acquisition/gate_b2/scripts/04_modeling.py:115: ConstantInputWarning: An input array is constant; the correlation coefficient is not defined.
  sc = spearmanr(y[tr][iva], pred).correlation
/workspace_developability_acquisition/gate_b2/scripts/04_modeling.py:115: ConstantInputWarning: An input array is constant; the correlation coefficient is not defined.
  sc = spearmanr(y[tr][iva], pred).correlation
/workspace_developability_acquisition/gate_b2/scripts/04_modeling.py:115: ConstantInputWarning: An input array is constant; the correlation coefficient is not defined.
  sc = spearmanr(y[tr][iva], pred).correlation
/workspace_developability_acquisition/gate_b2/scripts/04_modeling.py:115: ConstantInputWarning: An input array is constant; the correlation coefficient is not defined.
  sc = spearmanr(y[tr][iva], pred).correlation
/workspace_developability_acquisition/gate_b2/scripts/04_modeling.py:115: ConstantInputWarning: An input array is constant; the correlation coefficient is not defined.
  sc = spearmanr(y[tr][iva], pred).correlation
/workspace_developability_acquisition/gate_b2/scripts/04_modeling.py:115: ConstantInputWarning: An input array is constant; the correlation coefficient is not defined.
  sc = spearmanr(y[tr][iva], pred).correlation
/workspace_developability_acquisition/gate_b2/scripts/04_modeling.py:115: ConstantInputWarning: An input array is constant; the correlation coefficient is not defined.
  sc = spearmanr(y[tr][iva], pred).correlation
/workspace_developability_acquisition/gate_b2/scripts/04_modeling.py:115: ConstantInputWarning: An input array is constant; the correlation coefficient is not defined.
  sc = spearmanr(y[tr][iva], pred).correlation
/workspace_developability_acquisition/gate_b2/scripts/04_modeling.py:115: ConstantInputWarning: An input array is constant; the correlation coefficient is not defined.
  sc = spearmanr(y[tr][iva], pred).correlation
/workspace_developability_acquisition/gate_b2/scripts/04_modeling.py:115: ConstantInputWarning: An input array is constant; the correlation coefficient is not defined.
  sc = spearmanr(y[tr][iva], pred).correlation
/workspace_developability_acquisition/gate_b2/scripts/04_modeling.py:115: ConstantInputWarning: An input array is constant; the correlation coefficient is not defined.
  sc = spearmanr(y[tr][iva], pred).correlation
/workspace_developability_acquisition/gate_b2/scripts/04_modeling.py:115: ConstantInputWarning: An input array is constant; the correlation coefficient is not defined.
  sc = spearmanr(y[tr][iva], pred).correlation
/workspace_developability_acquisition/gate_b2/scripts/04_modeling.py:115: ConstantInputWarning: An input array is constant; the correlation coefficient is not defined.
  sc = spearmanr(y[tr][iva], pred).correlation
/workspace_developability_acquisition/gate_b2/scripts/04_modeling.py:115: ConstantInputWarning: An input array is constant; the correlation coefficient is not defined.
  sc = spearmanr(y[tr][iva], pred).correlation
/workspace_developability_acquisition/gate_b2/scripts/04_modeling.py:54: ConstantInputWarning: An input array is constant; the correlation coefficient is not defined.
  sp = spearmanr(y_true, y_pred).correlation
/workspace_developability_acquisition/gate_b2/scripts/04_modeling.py:55: ConstantInputWarning: An input array is constant; the correlation coefficient is not defined.
  pr = pearsonr(y_true, y_pred)[0]
/workspace_developability_acquisition/gate_b2/scripts/04_modeling.py:54: ConstantInputWarning: An input array is constant; the correlation coefficient is not defined.
  sp = spearmanr(y_true, y_pred).correlation
/workspace_developability_acquisition/gate_b2/scripts/04_modeling.py:55: ConstantInputWarning: An input array is constant; the correlation coefficient is not defined.
  pr = pearsonr(y_true, y_pred)[0]
RUN shadow_1 HIC ESMF_NATIVE_SURFACE Ridge d=56
RUN shadow_1 HIC ESMF_NATIVE_SURFACE ElasticNet d=56
/workspace_developability_acquisition/gate_b2/scripts/04_modeling.py:115: ConstantInputWarning: An input array is constant; the correlation coefficient is not defined.
  sc = spearmanr(y[tr][iva], pred).correlation
/workspace_developability_acquisition/gate_b2/scripts/04_modeling.py:115: ConstantInputWarning: An input array is constant; the correlation coefficient is not defined.
  sc = spearmanr(y[tr][iva], pred).correlation
/workspace_developability_acquisition/gate_b2/scripts/04_modeling.py:115: ConstantInputWarning: An input array is constant; the correlation coefficient is not defined.
  sc = spearmanr(y[tr][iva], pred).correlation
/workspace_developability_acquisition/gate_b2/scripts/04_modeling.py:115: ConstantInputWarning: An input array is constant; the correlation coefficient is not defined.
  sc = spearmanr(y[tr][iva], pred).correlation
/workspace_developability_acquisition/gate_b2/scripts/04_modeling.py:115: ConstantInputWarning: An input array is constant; the correlation coefficient is not defined.
  sc = spearmanr(y[tr][iva], pred).correlation
/workspace_developability_acquisition/gate_b2/scripts/04_modeling.py:115: ConstantInputWarning: An input array is constant; the correlation coefficient is not defined.
  sc = spearmanr(y[tr][iva], pred).correlation
/workspace_developability_acquisition/gate_b2/scripts/04_modeling.py:115: ConstantInputWarning: An input array is constant; the correlation coefficient is not defined.
  sc = spearmanr(y[tr][iva], pred).correlation
/workspace_developability_acquisition/gate_b2/scripts/04_modeling.py:115: ConstantInputWarning: An input array is constant; the correlation coefficient is not defined.
  sc = spearmanr(y[tr][iva], pred).correlation
/workspace_developability_acquisition/gate_b2/scripts/04_modeling.py:115: ConstantInputWarning: An input array is constant; the correlation coefficient is not defined.
  sc = spearmanr(y[tr][iva], pred).correlation
/workspace_developability_acquisition/gate_b2/scripts/04_modeling.py:115: ConstantInputWarning: An input array is constant; the correlation coefficient is not defined.
  sc = spearmanr(y[tr][iva], pred).correlation
/workspace_developability_acquisition/gate_b2/scripts/04_modeling.py:115: ConstantInputWarning: An input array is constant; the correlation coefficient is not defined.
  sc = spearmanr(y[tr][iva], pred).correlation
/workspace_developability_acquisition/gate_b2/scripts/04_modeling.py:115: ConstantInputWarning: An input array is constant; the correlation coefficient is not defined.
  sc = spearmanr(y[tr][iva], pred).correlation
/workspace_developability_acquisition/gate_b2/scripts/04_modeling.py:115: ConstantInputWarning: An input array is constant; the correlation coefficient is not defined.
  sc = spearmanr(y[tr][iva], pred).correlation
/workspace_developability_acquisition/gate_b2/scripts/04_modeling.py:115: ConstantInputWarning: An input array is constant; the correlation coefficient is not defined.
  sc = spearmanr(y[tr][iva], pred).correlation
/workspace_developability_acquisition/gate_b2/scripts/04_modeling.py:115: ConstantInputWarning: An input array is constant; the correlation coefficient is not defined.
  sc = spearmanr(y[tr][iva], pred).correlation
/workspace_developability_acquisition/gate_b2/scripts/04_modeling.py:115: ConstantInputWarning: An input array is constant; the correlation coefficient is not defined.
  sc = spearmanr(y[tr][iva], pred).correlation
/workspace_developability_acquisition/gate_b2/scripts/04_modeling.py:115: ConstantInputWarning: An input array is constant; the correlation coefficient is not defined.
  sc = spearmanr(y[tr][iva], pred).correlation
/workspace_developability_acquisition/gate_b2/scripts/04_modeling.py:115: ConstantInputWarning: An input array is constant; the correlation coefficient is not defined.
  sc = spearmanr(y[tr][iva], pred).correlation
/workspace_developability_acquisition/gate_b2/scripts/04_modeling.py:115: ConstantInputWarning: An input array is constant; the correlation coefficient is not defined.
  sc = spearmanr(y[tr][iva], pred).correlation
/workspace_developability_acquisition/gate_b2/scripts/04_modeling.py:115: ConstantInputWarning: An input array is constant; the correlation coefficient is not defined.
  sc = spearmanr(y[tr][iva], pred).correlation
/workspace_developability_acquisition/gate_b2/scripts/04_modeling.py:115: ConstantInputWarning: An input array is constant; the correlation coefficient is not defined.
  sc = spearmanr(y[tr][iva], pred).correlation
/workspace_developability_acquisition/gate_b2/scripts/04_modeling.py:115: ConstantInputWarning: An input array is constant; the correlation coefficient is not defined.
  sc = spearmanr(y[tr][iva], pred).correlation
/workspace_developability_acquisition/gate_b2/scripts/04_modeling.py:115: ConstantInputWarning: An input array is constant; the correlation coefficient is not defined.
  sc = spearmanr(y[tr][iva], pred).correlation
/workspace_developability_acquisition/gate_b2/scripts/04_modeling.py:115: ConstantInputWarning: An input array is constant; the correlation coefficient is not defined.
  sc = spearmanr(y[tr][iva], pred).correlation
RUN shadow_1 HIC ESMF_NATIVE_SURFACE_RASAW Ridge d=56
RUN shadow_1 HIC ESMF_NATIVE_SURFACE_RASAW ElasticNet d=56
/workspace_developability_acquisition/gate_b2/scripts/04_modeling.py:115: ConstantInputWarning: An input array is constant; the correlation coefficient is not defined.
  sc = spearmanr(y[tr][iva], pred).correlation
/workspace_developability_acquisition/gate_b2/scripts/04_modeling.py:115: ConstantInputWarning: An input array is constant; the correlation coefficient is not defined.
  sc = spearmanr(y[tr][iva], pred).correlation
/workspace_developability_acquisition/gate_b2/scripts/04_modeling.py:115: ConstantInputWarning: An input array is constant; the correlation coefficient is not defined.
  sc = spearmanr(y[tr][iva], pred).correlation
/workspace_developability_acquisition/gate_b2/scripts/04_modeling.py:115: ConstantInputWarning: An input array is constant; the correlation coefficient is not defined.
  sc = spearmanr(y[tr][iva], pred).correlation
/workspace_developability_acquisition/gate_b2/scripts/04_modeling.py:115: ConstantInputWarning: An input array is constant; the correlation coefficient is not defined.
  sc = spearmanr(y[tr][iva], pred).correlation
/workspace_developability_acquisition/gate_b2/scripts/04_modeling.py:115: ConstantInputWarning: An input array is constant; the correlation coefficient is not defined.
  sc = spearmanr(y[tr][iva], pred).correlation
/workspace_developability_acquisition/gate_b2/scripts/04_modeling.py:115: ConstantInputWarning: An input array is constant; the correlation coefficient is not defined.
  sc = spearmanr(y[tr][iva], pred).correlation
/workspace_developability_acquisition/gate_b2/scripts/04_modeling.py:115: ConstantInputWarning: An input array is constant; the correlation coefficient is not defined.
  sc = spearmanr(y[tr][iva], pred).correlation
/workspace_developability_acquisition/gate_b2/scripts/04_modeling.py:115: ConstantInputWarning: An input array is constant; the correlation coefficient is not defined.
  sc = spearmanr(y[tr][iva], pred).correlation
/workspace_developability_acquisition/gate_b2/scripts/04_modeling.py:115: ConstantInputWarning: An input array is constant; the correlation coefficient is not defined.
  sc = spearmanr(y[tr][iva], pred).correlation
/workspace_developability_acquisition/gate_b2/scripts/04_modeling.py:115: ConstantInputWarning: An input array is constant; the correlation coefficient is not defined.
  sc = spearmanr(y[tr][iva], pred).correlation
/workspace_developability_acquisition/gate_b2/scripts/04_modeling.py:115: ConstantInputWarning: An input array is constant; the correlation coefficient is not defined.
  sc = spearmanr(y[tr][iva], pred).correlation
/workspace_developability_acquisition/gate_b2/scripts/04_modeling.py:115: ConstantInputWarning: An input array is constant; the correlation coefficient is not defined.
  sc = spearmanr(y[tr][iva], pred).correlation
/workspace_developability_acquisition/gate_b2/scripts/04_modeling.py:115: ConstantInputWarning: An input array is constant; the correlation coefficient is not defined.
  sc = spearmanr(y[tr][iva], pred).correlation
/workspace_developability_acquisition/gate_b2/scripts/04_modeling.py:115: ConstantInputWarning: An input array is constant; the correlation coefficient is not defined.
  sc = spearmanr(y[tr][iva], pred).correlation
/workspace_developability_acquisition/gate_b2/scripts/04_modeling.py:115: ConstantInputWarning: An input array is constant; the correlation coefficient is not defined.
  sc = spearmanr(y[tr][iva], pred).correlation
/workspace_developability_acquisition/gate_b2/scripts/04_modeling.py:115: ConstantInputWarning: An input array is constant; the correlation coefficient is not defined.
  sc = spearmanr(y[tr][iva], pred).correlation
/workspace_developability_acquisition/gate_b2/scripts/04_modeling.py:115: ConstantInputWarning: An input array is constant; the correlation coefficient is not defined.
  sc = spearmanr(y[tr][iva], pred).correlation
/workspace_developability_acquisition/gate_b2/scripts/04_modeling.py:115: ConstantInputWarning: An input array is constant; the correlation coefficient is not defined.
  sc = spearmanr(y[tr][iva], pred).correlation
/workspace_developability_acquisition/gate_b2/scripts/04_modeling.py:115: ConstantInputWarning: An input array is constant; the correlation coefficient is not defined.
  sc = spearmanr(y[tr][iva], pred).correlation
/workspace_developability_acquisition/gate_b2/scripts/04_modeling.py:115: ConstantInputWarning: An input array is constant; the correlation coefficient is not defined.
  sc = spearmanr(y[tr][iva], pred).correlation
/workspace_developability_acquisition/gate_b2/scripts/04_modeling.py:115: ConstantInputWarning: An input array is constant; the correlation coefficient is not defined.
  sc = spearmanr(y[tr][iva], pred).correlation
/workspace_developability_acquisition/gate_b2/scripts/04_modeling.py:115: ConstantInputWarning: An input array is constant; the correlation coefficient is not defined.
  sc = spearmanr(y[tr][iva], pred).correlation
/workspace_developability_acquisition/gate_b2/scripts/04_modeling.py:115: ConstantInputWarning: An input array is constant; the correlation coefficient is not defined.
  sc = spearmanr(y[tr][iva], pred).correlation
/workspace_developability_acquisition/gate_b2/scripts/04_modeling.py:115: ConstantInputWarning: An input array is constant; the correlation coefficient is not defined.
  sc = spearmanr(y[tr][iva], pred).correlation
/workspace_developability_acquisition/gate_b2/scripts/04_modeling.py:115: ConstantInputWarning: An input array is constant; the correlation coefficient is not defined.
  sc = spearmanr(y[tr][iva], pred).correlation
/workspace_developability_acquisition/gate_b2/scripts/04_modeling.py:115: ConstantInputWarning: An input array is constant; the correlation coefficient is not defined.
  sc = spearmanr(y[tr][iva], pred).correlation
/workspace_developability_acquisition/gate_b2/scripts/04_modeling.py:115: ConstantInputWarning: An input array is constant; the correlation coefficient is not defined.
  sc = spearmanr(y[tr][iva], pred).correlation
/workspace_developability_acquisition/gate_b2/scripts/04_modeling.py:115: ConstantInputWarning: An input array is constant; the correlation coefficient is not defined.
  sc = spearmanr(y[tr][iva], pred).correlation
/workspace_developability_acquisition/gate_b2/scripts/04_modeling.py:115: ConstantInputWarning: An input array is constant; the correlation coefficient is not defined.
  sc = spearmanr(y[tr][iva], pred).correlation
RUN shadow_1 HIC ESMF_NATIVE_ALL_SURFACE Ridge d=154
RUN shadow_1 HIC ESMF_NATIVE_ALL_SURFACE ElasticNet d=154
/workspace_developability_acquisition/gate_b2/scripts/04_modeling.py:115: ConstantInputWarning: An input array is constant; the correlation coefficient is not defined.
  sc = spearmanr(y[tr][iva], pred).correlation
/workspace_developability_acquisition/gate_b2/scripts/04_modeling.py:115: ConstantInputWarning: An input array is constant; the correlation coefficient is not defined.
  sc = spearmanr(y[tr][iva], pred).correlation
/workspace_developability_acquisition/gate_b2/scripts/04_modeling.py:115: ConstantInputWarning: An input array is constant; the correlation coefficient is not defined.
  sc = spearmanr(y[tr][iva], pred).correlation
/workspace_developability_acquisition/gate_b2/scripts/04_modeling.py:115: ConstantInputWarning: An input array is constant; the correlation coefficient is not defined.
  sc = spearmanr(y[tr][iva], pred).correlation
/workspace_developability_acquisition/gate_b2/scripts/04_modeling.py:115: ConstantInputWarning: An input array is constant; the correlation coefficient is not defined.
  sc = spearmanr(y[tr][iva], pred).correlation
/workspace_developability_acquisition/gate_b2/scripts/04_modeling.py:115: ConstantInputWarning: An input array is constant; the correlation coefficient is not defined.
  sc = spearmanr(y[tr][iva], pred).correlation
/workspace_developability_acquisition/gate_b2/scripts/04_modeling.py:115: ConstantInputWarning: An input array is constant; the correlation coefficient is not defined.
  sc = spearmanr(y[tr][iva], pred).correlation
/workspace_developability_acquisition/gate_b2/scripts/04_modeling.py:115: ConstantInputWarning: An input array is constant; the correlation coefficient is not defined.
  sc = spearmanr(y[tr][iva], pred).correlation
/workspace_developability_acquisition/gate_b2/scripts/04_modeling.py:115: ConstantInputWarning: An input array is constant; the correlation coefficient is not defined.
  sc = spearmanr(y[tr][iva], pred).correlation
/workspace_developability_acquisition/gate_b2/scripts/04_modeling.py:115: ConstantInputWarning: An input array is constant; the correlation coefficient is not defined.
  sc = spearmanr(y[tr][iva], pred).correlation
/workspace_developability_acquisition/gate_b2/scripts/04_modeling.py:115: ConstantInputWarning: An input array is constant; the correlation coefficient is not defined.
  sc = spearmanr(y[tr][iva], pred).correlation
/workspace_developability_acquisition/gate_b2/scripts/04_modeling.py:115: ConstantInputWarning: An input array is constant; the correlation coefficient is not defined.
  sc = spearmanr(y[tr][iva], pred).correlation
/workspace_developability_acquisition/gate_b2/scripts/04_modeling.py:115: ConstantInputWarning: An input array is constant; the correlation coefficient is not defined.
  sc = spearmanr(y[tr][iva], pred).correlation
/workspace_developability_acquisition/gate_b2/scripts/04_modeling.py:115: ConstantInputWarning: An input array is constant; the correlation coefficient is not defined.
  sc = spearmanr(y[tr][iva], pred).correlation
/workspace_developability_acquisition/gate_b2/scripts/04_modeling.py:115: ConstantInputWarning: An input array is constant; the correlation coefficient is not defined.
  sc = spearmanr(y[tr][iva], pred).correlation
/workspace_developability_acquisition/gate_b2/scripts/04_modeling.py:115: ConstantInputWarning: An input array is constant; the correlation coefficient is not defined.
  sc = spearmanr(y[tr][iva], pred).correlation
/workspace_developability_acquisition/gate_b2/scripts/04_modeling.py:115: ConstantInputWarning: An input array is constant; the correlation coefficient is not defined.
  sc = spearmanr(y[tr][iva], pred).correlation
/workspace_developability_acquisition/gate_b2/scripts/04_modeling.py:115: ConstantInputWarning: An input array is constant; the correlation coefficient is not defined.
  sc = spearmanr(y[tr][iva], pred).correlation
/workspace_developability_acquisition/gate_b2/scripts/04_modeling.py:115: ConstantInputWarning: An input array is constant; the correlation coefficient is not defined.
  sc = spearmanr(y[tr][iva], pred).correlation
/workspace_developability_acquisition/gate_b2/scripts/04_modeling.py:115: ConstantInputWarning: An input array is constant; the correlation coefficient is not defined.
  sc = spearmanr(y[tr][iva], pred).correlation
/workspace_developability_acquisition/gate_b2/scripts/04_modeling.py:115: ConstantInputWarning: An input array is constant; the correlation coefficient is not defined.
  sc = spearmanr(y[tr][iva], pred).correlation
/workspace_developability_acquisition/gate_b2/scripts/04_modeling.py:115: ConstantInputWarning: An input array is constant; the correlation coefficient is not defined.
  sc = spearmanr(y[tr][iva], pred).correlation
/workspace_developability_acquisition/gate_b2/scripts/04_modeling.py:115: ConstantInputWarning: An input array is constant; the correlation coefficient is not defined.
  sc = spearmanr(y[tr][iva], pred).correlation
/workspace_developability_acquisition/gate_b2/scripts/04_modeling.py:115: ConstantInputWarning: An input array is constant; the correlation coefficient is not defined.
  sc = spearmanr(y[tr][iva], pred).correlation
RUN shadow_1 HIC ESMF_NATIVE_PATCH Ridge d=7
RUN shadow_1 HIC ESMF_NATIVE_PATCH ElasticNet d=7
/workspace_developability_acquisition/gate_b2/scripts/04_modeling.py:115: ConstantInputWarning: An input array is constant; the correlation coefficient is not defined.
  sc = spearmanr(y[tr][iva], pred).correlation
/workspace_developability_acquisition/gate_b2/scripts/04_modeling.py:115: ConstantInputWarning: An input array is constant; the correlation coefficient is not defined.
  sc = spearmanr(y[tr][iva], pred).correlation
/workspace_developability_acquisition/gate_b2/scripts/04_modeling.py:115: ConstantInputWarning: An input array is constant; the correlation coefficient is not defined.
  sc = spearmanr(y[tr][iva], pred).correlation
/workspace_developability_acquisition/gate_b2/scripts/04_modeling.py:115: ConstantInputWarning: An input array is constant; the correlation coefficient is not defined.
  sc = spearmanr(y[tr][iva], pred).correlation
/workspace_developability_acquisition/gate_b2/scripts/04_modeling.py:115: ConstantInputWarning: An input array is constant; the correlation coefficient is not defined.
  sc = spearmanr(y[tr][iva], pred).correlation
/workspace_developability_acquisition/gate_b2/scripts/04_modeling.py:115: ConstantInputWarning: An input array is constant; the correlation coefficient is not defined.
  sc = spearmanr(y[tr][iva], pred).correlation
/workspace_developability_acquisition/gate_b2/scripts/04_modeling.py:115: ConstantInputWarning: An input array is constant; the correlation coefficient is not defined.
  sc = spearmanr(y[tr][iva], pred).correlation
/workspace_developability_acquisition/gate_b2/scripts/04_modeling.py:115: ConstantInputWarning: An input array is constant; the correlation coefficient is not defined.
  sc = spearmanr(y[tr][iva], pred).correlation
/workspace_developability_acquisition/gate_b2/scripts/04_modeling.py:115: ConstantInputWarning: An input array is constant; the correlation coefficient is not defined.
  sc = spearmanr(y[tr][iva], pred).correlation
/workspace_developability_acquisition/gate_b2/scripts/04_modeling.py:115: ConstantInputWarning: An input array is constant; the correlation coefficient is not defined.
  sc = spearmanr(y[tr][iva], pred).correlation
/workspace_developability_acquisition/gate_b2/scripts/04_modeling.py:115: ConstantInputWarning: An input array is constant; the correlation coefficient is not defined.
  sc = spearmanr(y[tr][iva], pred).correlation
/workspace_developability_acquisition/gate_b2/scripts/04_modeling.py:115: ConstantInputWarning: An input array is constant; the correlation coefficient is not defined.
  sc = spearmanr(y[tr][iva], pred).correlation
/workspace_developability_acquisition/gate_b2/scripts/04_modeling.py:115: ConstantInputWarning: An input array is constant; the correlation coefficient is not defined.
  sc = spearmanr(y[tr][iva], pred).correlation
/workspace_developability_acquisition/gate_b2/scripts/04_modeling.py:115: ConstantInputWarning: An input array is constant; the correlation coefficient is not defined.
  sc = spearmanr(y[tr][iva], pred).correlation
/workspace_developability_acquisition/gate_b2/scripts/04_modeling.py:115: ConstantInputWarning: An input array is constant; the correlation coefficient is not defined.
  sc = spearmanr(y[tr][iva], pred).correlation
/workspace_developability_acquisition/gate_b2/scripts/04_modeling.py:115: ConstantInputWarning: An input array is constant; the correlation coefficient is not defined.
  sc = spearmanr(y[tr][iva], pred).correlation
/workspace_developability_acquisition/gate_b2/scripts/04_modeling.py:115: ConstantInputWarning: An input array is constant; the correlation coefficient is not defined.
  sc = spearmanr(y[tr][iva], pred).correlation
/workspace_developability_acquisition/gate_b2/scripts/04_modeling.py:115: ConstantInputWarning: An input array is constant; the correlation coefficient is not defined.
  sc = spearmanr(y[tr][iva], pred).correlation
/workspace_developability_acquisition/gate_b2/scripts/04_modeling.py:115: ConstantInputWarning: An input array is constant; the correlation coefficient is not defined.
  sc = spearmanr(y[tr][iva], pred).correlation
/workspace_developability_acquisition/gate_b2/scripts/04_modeling.py:115: ConstantInputWarning: An input array is constant; the correlation coefficient is not defined.
  sc = spearmanr(y[tr][iva], pred).correlation
/workspace_developability_acquisition/gate_b2/scripts/04_modeling.py:115: ConstantInputWarning: An input array is constant; the correlation coefficient is not defined.
  sc = spearmanr(y[tr][iva], pred).correlation
/workspace_developability_acquisition/gate_b2/scripts/04_modeling.py:115: ConstantInputWarning: An input array is constant; the correlation coefficient is not defined.
  sc = spearmanr(y[tr][iva], pred).correlation
/workspace_developability_acquisition/gate_b2/scripts/04_modeling.py:115: ConstantInputWarning: An input array is constant; the correlation coefficient is not defined.
  sc = spearmanr(y[tr][iva], pred).correlation
/workspace_developability_acquisition/gate_b2/scripts/04_modeling.py:115: ConstantInputWarning: An input array is constant; the correlation coefficient is not defined.
  sc = spearmanr(y[tr][iva], pred).correlation
/workspace_developability_acquisition/gate_b2/scripts/04_modeling.py:115: ConstantInputWarning: An input array is constant; the correlation coefficient is not defined.
  sc = spearmanr(y[tr][iva], pred).correlation
/workspace_developability_acquisition/gate_b2/scripts/04_modeling.py:115: ConstantInputWarning: An input array is constant; the correlation coefficient is not defined.
  sc = spearmanr(y[tr][iva], pred).correlation
/workspace_developability_acquisition/gate_b2/scripts/04_modeling.py:115: ConstantInputWarning: An input array is constant; the correlation coefficient is not defined.
  sc = spearmanr(y[tr][iva], pred).correlation
/workspace_developability_acquisition/gate_b2/scripts/04_modeling.py:115: ConstantInputWarning: An input array is constant; the correlation coefficient is not defined.
  sc = spearmanr(y[tr][iva], pred).correlation
/workspace_developability_acquisition/gate_b2/scripts/04_modeling.py:115: ConstantInputWarning: An input array is constant; the correlation coefficient is not defined.
  sc = spearmanr(y[tr][iva], pred).correlation
/workspace_developability_acquisition/gate_b2/scripts/04_modeling.py:115: ConstantInputWarning: An input array is constant; the correlation coefficient is not defined.
  sc = spearmanr(y[tr][iva], pred).correlation
/workspace_developability_acquisition/gate_b2/scripts/04_modeling.py:115: ConstantInputWarning: An input array is constant; the correlation coefficient is not defined.
  sc = spearmanr(y[tr][iva], pred).correlation
/workspace_developability_acquisition/gate_b2/scripts/04_modeling.py:115: ConstantInputWarning: An input array is constant; the correlation coefficient is not defined.
  sc = spearmanr(y[tr][iva], pred).correlation
/workspace_developability_acquisition/gate_b2/scripts/04_modeling.py:115: ConstantInputWarning: An input array is constant; the correlation coefficient is not defined.
  sc = spearmanr(y[tr][iva], pred).correlation
/workspace_developability_acquisition/gate_b2/scripts/04_modeling.py:115: ConstantInputWarning: An input array is constant; the correlation coefficient is not defined.
  sc = spearmanr(y[tr][iva], pred).correlation
RUN shadow_1 HIC ESMF_NATIVE_INTERFACE Ridge d=8
RUN shadow_1 HIC ESMF_NATIVE_INTERFACE ElasticNet d=8
/workspace_developability_acquisition/gate_b2/scripts/04_modeling.py:115: ConstantInputWarning: An input array is constant; the correlation coefficient is not defined.
  sc = spearmanr(y[tr][iva], pred).correlation
/workspace_developability_acquisition/gate_b2/scripts/04_modeling.py:115: ConstantInputWarning: An input array is constant; the correlation coefficient is not defined.
  sc = spearmanr(y[tr][iva], pred).correlation
/workspace_developability_acquisition/gate_b2/scripts/04_modeling.py:115: ConstantInputWarning: An input array is constant; the correlation coefficient is not defined.
  sc = spearmanr(y[tr][iva], pred).correlation
/workspace_developability_acquisition/gate_b2/scripts/04_modeling.py:115: ConstantInputWarning: An input array is constant; the correlation coefficient is not defined.
  sc = spearmanr(y[tr][iva], pred).correlation
/workspace_developability_acquisition/gate_b2/scripts/04_modeling.py:115: ConstantInputWarning: An input array is constant; the correlation coefficient is not defined.
  sc = spearmanr(y[tr][iva], pred).correlation
/workspace_developability_acquisition/gate_b2/scripts/04_modeling.py:115: ConstantInputWarning: An input array is constant; the correlation coefficient is not defined.
  sc = spearmanr(y[tr][iva], pred).correlation
/workspace_developability_acquisition/gate_b2/scripts/04_modeling.py:115: ConstantInputWarning: An input array is constant; the correlation coefficient is not defined.
  sc = spearmanr(y[tr][iva], pred).correlation
/workspace_developability_acquisition/gate_b2/scripts/04_modeling.py:115: ConstantInputWarning: An input array is constant; the correlation coefficient is not defined.
  sc = spearmanr(y[tr][iva], pred).correlation
/workspace_developability_acquisition/gate_b2/scripts/04_modeling.py:115: ConstantInputWarning: An input array is constant; the correlation coefficient is not defined.
  sc = spearmanr(y[tr][iva], pred).correlation
/workspace_developability_acquisition/gate_b2/scripts/04_modeling.py:115: ConstantInputWarning: An input array is constant; the correlation coefficient is not defined.
  sc = spearmanr(y[tr][iva], pred).correlation
/workspace_developability_acquisition/gate_b2/scripts/04_modeling.py:115: ConstantInputWarning: An input array is constant; the correlation coefficient is not defined.
  sc = spearmanr(y[tr][iva], pred).correlation
/workspace_developability_acquisition/gate_b2/scripts/04_modeling.py:115: ConstantInputWarning: An input array is constant; the correlation coefficient is not defined.
  sc = spearmanr(y[tr][iva], pred).correlation
/workspace_developability_acquisition/gate_b2/scripts/04_modeling.py:115: ConstantInputWarning: An input array is constant; the correlation coefficient is not defined.
  sc = spearmanr(y[tr][iva], pred).correlation
/workspace_developability_acquisition/gate_b2/scripts/04_modeling.py:115: ConstantInputWarning: An input array is constant; the correlation coefficient is not defined.
  sc = spearmanr(y[tr][iva], pred).correlation
/workspace_developability_acquisition/gate_b2/scripts/04_modeling.py:115: ConstantInputWarning: An input array is constant; the correlation coefficient is not defined.
  sc = spearmanr(y[tr][iva], pred).correlation
/workspace_developability_acquisition/gate_b2/scripts/04_modeling.py:115: ConstantInputWarning: An input array is constant; the correlation coefficient is not defined.
  sc = spearmanr(y[tr][iva], pred).correlation
/workspace_developability_acquisition/gate_b2/scripts/04_modeling.py:115: ConstantInputWarning: An input array is constant; the correlation coefficient is not defined.
  sc = spearmanr(y[tr][iva], pred).correlation
/workspace_developability_acquisition/gate_b2/scripts/04_modeling.py:115: ConstantInputWarning: An input array is constant; the correlation coefficient is not defined.
  sc = spearmanr(y[tr][iva], pred).correlation
/workspace_developability_acquisition/gate_b2/scripts/04_modeling.py:115: ConstantInputWarning: An input array is constant; the correlation coefficient is not defined.
  sc = spearmanr(y[tr][iva], pred).correlation
/workspace_developability_acquisition/gate_b2/scripts/04_modeling.py:115: ConstantInputWarning: An input array is constant; the correlation coefficient is not defined.
  sc = spearmanr(y[tr][iva], pred).correlation
/workspace_developability_acquisition/gate_b2/scripts/04_modeling.py:115: ConstantInputWarning: An input array is constant; the correlation coefficient is not defined.
  sc = spearmanr(y[tr][iva], pred).correlation
/workspace_developability_acquisition/gate_b2/scripts/04_modeling.py:115: ConstantInputWarning: An input array is constant; the correlation coefficient is not defined.
  sc = spearmanr(y[tr][iva], pred).correlation
/workspace_developability_acquisition/gate_b2/scripts/04_modeling.py:115: ConstantInputWarning: An input array is constant; the correlation coefficient is not defined.
  sc = spearmanr(y[tr][iva], pred).correlation
/workspace_developability_acquisition/gate_b2/scripts/04_modeling.py:115: ConstantInputWarning: An input array is constant; the correlation coefficient is not defined.
  sc = spearmanr(y[tr][iva], pred).correlation
/workspace_developability_acquisition/gate_b2/scripts/04_modeling.py:115: ConstantInputWarning: An input array is constant; the correlation coefficient is not defined.
  sc = spearmanr(y[tr][iva], pred).correlation
/workspace_developability_acquisition/gate_b2/scripts/04_modeling.py:115: ConstantInputWarning: An input array is constant; the correlation coefficient is not defined.
  sc = spearmanr(y[tr][iva], pred).correlation
/workspace_developability_acquisition/gate_b2/scripts/04_modeling.py:115: ConstantInputWarning: An input array is constant; the correlation coefficient is not defined.
  sc = spearmanr(y[tr][iva], pred).correlation
/workspace_developability_acquisition/gate_b2/scripts/04_modeling.py:115: ConstantInputWarning: An input array is constant; the correlation coefficient is not defined.
  sc = spearmanr(y[tr][iva], pred).correlation
/workspace_developability_acquisition/gate_b2/scripts/04_modeling.py:115: ConstantInputWarning: An input array is constant; the correlation coefficient is not defined.
  sc = spearmanr(y[tr][iva], pred).correlation
/workspace_developability_acquisition/gate_b2/scripts/04_modeling.py:115: ConstantInputWarning: An input array is constant; the correlation coefficient is not defined.
  sc = spearmanr(y[tr][iva], pred).correlation
RUN shadow_1 HIC ESMF_NATIVE_ALL Ridge d=189
RUN shadow_1 HIC ESMF_NATIVE_ALL ElasticNet d=189
/workspace_developability_acquisition/gate_b2/scripts/04_modeling.py:115: ConstantInputWarning: An input array is constant; the correlation coefficient is not defined.
  sc = spearmanr(y[tr][iva], pred).correlation
/workspace_developability_acquisition/gate_b2/scripts/04_modeling.py:115: ConstantInputWarning: An input array is constant; the correlation coefficient is not defined.
  sc = spearmanr(y[tr][iva], pred).correlation
/workspace_developability_acquisition/gate_b2/scripts/04_modeling.py:115: ConstantInputWarning: An input array is constant; the correlation coefficient is not defined.
  sc = spearmanr(y[tr][iva], pred).correlation
/workspace_developability_acquisition/gate_b2/scripts/04_modeling.py:115: ConstantInputWarning: An input array is constant; the correlation coefficient is not defined.
  sc = spearmanr(y[tr][iva], pred).correlation
/workspace_developability_acquisition/gate_b2/scripts/04_modeling.py:115: ConstantInputWarning: An input array is constant; the correlation coefficient is not defined.
  sc = spearmanr(y[tr][iva], pred).correlation
/workspace_developability_acquisition/gate_b2/scripts/04_modeling.py:115: ConstantInputWarning: An input array is constant; the correlation coefficient is not defined.
  sc = spearmanr(y[tr][iva], pred).correlation
/workspace_developability_acquisition/gate_b2/scripts/04_modeling.py:115: ConstantInputWarning: An input array is constant; the correlation coefficient is not defined.
  sc = spearmanr(y[tr][iva], pred).correlation
/workspace_developability_acquisition/gate_b2/scripts/04_modeling.py:115: ConstantInputWarning: An input array is constant; the correlation coefficient is not defined.
  sc = spearmanr(y[tr][iva], pred).correlation
/workspace_developability_acquisition/gate_b2/scripts/04_modeling.py:115: ConstantInputWarning: An input array is constant; the correlation coefficient is not defined.
  sc = spearmanr(y[tr][iva], pred).correlation
/workspace_developability_acquisition/gate_b2/scripts/04_modeling.py:115: ConstantInputWarning: An input array is constant; the correlation coefficient is not defined.
  sc = spearmanr(y[tr][iva], pred).correlation
/workspace_developability_acquisition/gate_b2/scripts/04_modeling.py:115: ConstantInputWarning: An input array is constant; the correlation coefficient is not defined.
  sc = spearmanr(y[tr][iva], pred).correlation
/workspace_developability_acquisition/gate_b2/scripts/04_modeling.py:115: ConstantInputWarning: An input array is constant; the correlation coefficient is not defined.
  sc = spearmanr(y[tr][iva], pred).correlation
/workspace_developability_acquisition/gate_b2/scripts/04_modeling.py:115: ConstantInputWarning: An input array is constant; the correlation coefficient is not defined.
  sc = spearmanr(y[tr][iva], pred).correlation
/workspace_developability_acquisition/gate_b2/scripts/04_modeling.py:115: ConstantInputWarning: An input array is constant; the correlation coefficient is not defined.
  sc = spearmanr(y[tr][iva], pred).correlation
/workspace_developability_acquisition/gate_b2/scripts/04_modeling.py:115: ConstantInputWarning: An input array is constant; the correlation coefficient is not defined.
  sc = spearmanr(y[tr][iva], pred).correlation
/workspace_developability_acquisition/gate_b2/scripts/04_modeling.py:115: ConstantInputWarning: An input array is constant; the correlation coefficient is not defined.
  sc = spearmanr(y[tr][iva], pred).correlation
/workspace_developability_acquisition/gate_b2/scripts/04_modeling.py:115: ConstantInputWarning: An input array is constant; the correlation coefficient is not defined.
  sc = spearmanr(y[tr][iva], pred).correlation
/workspace_developability_acquisition/gate_b2/scripts/04_modeling.py:115: ConstantInputWarning: An input array is constant; the correlation coefficient is not defined.
  sc = spearmanr(y[tr][iva], pred).correlation
/workspace_developability_acquisition/gate_b2/scripts/04_modeling.py:115: ConstantInputWarning: An input array is constant; the correlation coefficient is not defined.
  sc = spearmanr(y[tr][iva], pred).correlation
/workspace_developability_acquisition/gate_b2/scripts/04_modeling.py:115: ConstantInputWarning: An input array is constant; the correlation coefficient is not defined.
  sc = spearmanr(y[tr][iva], pred).correlation
/workspace_developability_acquisition/gate_b2/scripts/04_modeling.py:115: ConstantInputWarning: An input array is constant; the correlation coefficient is not defined.
  sc = spearmanr(y[tr][iva], pred).correlation
/workspace_developability_acquisition/gate_b2/scripts/04_modeling.py:115: ConstantInputWarning: An input array is constant; the correlation coefficient is not defined.
  sc = spearmanr(y[tr][iva], pred).correlation
/workspace_developability_acquisition/gate_b2/scripts/04_modeling.py:115: ConstantInputWarning: An input array is constant; the correlation coefficient is not defined.
  sc = spearmanr(y[tr][iva], pred).correlation
/workspace_developability_acquisition/gate_b2/scripts/04_modeling.py:115: ConstantInputWarning: An input array is constant; the correlation coefficient is not defined.
  sc = spearmanr(y[tr][iva], pred).correlation
FUSION shadow_1 HIC FUSION_ESM2_SEQ Ridge
FUSION shadow_1 HIC FUSION_ESM2_ABB Ridge
FUSION shadow_1 HIC FUSION_ESM2_ESMFN Ridge
CHECKPOINT HIC shadow_1 n=129
RUN shadow_2 HIC SEQ_SIMPLE Ridge d=99
RUN shadow_2 HIC SEQ_SIMPLE ElasticNet d=99
/workspace_developability_acquisition/gate_b2/scripts/04_modeling.py:115: ConstantInputWarning: An input array is constant; the correlation coefficient is not defined.
  sc = spearmanr(y[tr][iva], pred).correlation
/workspace_developability_acquisition/gate_b2/scripts/04_modeling.py:115: ConstantInputWarning: An input array is constant; the correlation coefficient is not defined.
  sc = spearmanr(y[tr][iva], pred).correlation
/workspace_developability_acquisition/gate_b2/scripts/04_modeling.py:115: ConstantInputWarning: An input array is constant; the correlation coefficient is not defined.
  sc = spearmanr(y[tr][iva], pred).correlation
/workspace_developability_acquisition/gate_b2/scripts/04_modeling.py:115: ConstantInputWarning: An input array is constant; the correlation coefficient is not defined.
  sc = spearmanr(y[tr][iva], pred).correlation
/workspace_developability_acquisition/gate_b2/scripts/04_modeling.py:115: ConstantInputWarning: An input array is constant; the correlation coefficient is not defined.
  sc = spearmanr(y[tr][iva], pred).correlation
/workspace_developability_acquisition/gate_b2/scripts/04_modeling.py:115: ConstantInputWarning: An input array is constant; the correlation coefficient is not defined.
  sc = spearmanr(y[tr][iva], pred).correlation
/workspace_developability_acquisition/gate_b2/scripts/04_modeling.py:115: ConstantInputWarning: An input array is constant; the correlation coefficient is not defined.
  sc = spearmanr(y[tr][iva], pred).correlation
/workspace_developability_acquisition/gate_b2/scripts/04_modeling.py:115: ConstantInputWarning: An input array is constant; the correlation coefficient is not defined.
  sc = spearmanr(y[tr][iva], pred).correlation
/workspace_developability_acquisition/gate_b2/scripts/04_modeling.py:115: ConstantInputWarning: An input array is constant; the correlation coefficient is not defined.
  sc = spearmanr(y[tr][iva], pred).correlation
/workspace_developability_acquisition/gate_b2/scripts/04_modeling.py:115: ConstantInputWarning: An input array is constant; the correlation coefficient is not defined.
  sc = spearmanr(y[tr][iva], pred).correlation
/workspace_developability_acquisition/gate_b2/scripts/04_modeling.py:115: ConstantInputWarning: An input array is constant; the correlation coefficient is not defined.
  sc = spearmanr(y[tr][iva], pred).correlation
/workspace_developability_acquisition/gate_b2/scripts/04_modeling.py:115: ConstantInputWarning: An input array is constant; the correlation coefficient is not defined.
  sc = spearmanr(y[tr][iva], pred).correlation
/workspace_developability_acquisition/gate_b2/scripts/04_modeling.py:115: ConstantInputWarning: An input array is constant; the correlation coefficient is not defined.
  sc = spearmanr(y[tr][iva], pred).correlation
/workspace_developability_acquisition/gate_b2/scripts/04_modeling.py:115: ConstantInputWarning: An input array is constant; the correlation coefficient is not defined.
  sc = spearmanr(y[tr][iva], pred).correlation
/workspace_developability_acquisition/gate_b2/scripts/04_modeling.py:115: ConstantInputWarning: An input array is constant; the correlation coefficient is not defined.
  sc = spearmanr(y[tr][iva], pred).correlation
/workspace_developability_acquisition/gate_b2/scripts/04_modeling.py:115: ConstantInputWarning: An input array is constant; the correlation coefficient is not defined.
  sc = spearmanr(y[tr][iva], pred).correlation
/workspace_developability_acquisition/gate_b2/scripts/04_modeling.py:115: ConstantInputWarning: An input array is constant; the correlation coefficient is not defined.
  sc = spearmanr(y[tr][iva], pred).correlation
/workspace_developability_acquisition/gate_b2/scripts/04_modeling.py:115: ConstantInputWarning: An input array is constant; the correlation coefficient is not defined.
  sc = spearmanr(y[tr][iva], pred).correlation
/workspace_developability_acquisition/gate_b2/scripts/04_modeling.py:115: ConstantInputWarning: An input array is constant; the correlation coefficient is not defined.
  sc = spearmanr(y[tr][iva], pred).correlation
/workspace_developability_acquisition/gate_b2/scripts/04_modeling.py:115: ConstantInputWarning: An input array is constant; the correlation coefficient is not defined.
  sc = spearmanr(y[tr][iva], pred).correlation
/workspace_developability_acquisition/gate_b2/scripts/04_modeling.py:115: ConstantInputWarning: An input array is constant; the correlation coefficient is not defined.
  sc = spearmanr(y[tr][iva], pred).correlation
/workspace_developability_acquisition/gate_b2/scripts/04_modeling.py:115: ConstantInputWarning: An input array is constant; the correlation coefficient is not defined.
  sc = spearmanr(y[tr][iva], pred).correlation
/workspace_developability_acquisition/gate_b2/scripts/04_modeling.py:115: ConstantInputWarning: An input array is constant; the correlation coefficient is not defined.
  sc = spearmanr(y[tr][iva], pred).correlation
/workspace_developability_acquisition/gate_b2/scripts/04_modeling.py:115: ConstantInputWarning: An input array is constant; the correlation coefficient is not defined.
  sc = spearmanr(y[tr][iva], pred).correlation
/workspace_developability_acquisition/gate_b2/scripts/04_modeling.py:115: ConstantInputWarning: An input array is constant; the correlation coefficient is not defined.
  sc = spearmanr(y[tr][iva], pred).correlation
/workspace_developability_acquisition/gate_b2/scripts/04_modeling.py:115: ConstantInputWarning: An input array is constant; the correlation coefficient is not defined.
  sc = spearmanr(y[tr][iva], pred).correlation
/workspace_developability_acquisition/gate_b2/scripts/04_modeling.py:115: ConstantInputWarning: An input array is constant; the correlation coefficient is not defined.
  sc = spearmanr(y[tr][iva], pred).correlation
/workspace_developability_acquisition/gate_b2/scripts/04_modeling.py:115: ConstantInputWarning: An input array is constant; the correlation coefficient is not defined.
  sc = spearmanr(y[tr][iva], pred).correlation
/workspace_developability_acquisition/gate_b2/scripts/04_modeling.py:115: ConstantInputWarning: An input array is constant; the correlation coefficient is not defined.
  sc = spearmanr(y[tr][iva], pred).correlation
/workspace_developability_acquisition/gate_b2/scripts/04_modeling.py:115: ConstantInputWarning: An input array is constant; the correlation coefficient is not defined.
  sc = spearmanr(y[tr][iva], pred).correlation
RUN shadow_2 HIC SEQ_CDR Ridge d=260
RUN shadow_2 HIC BIO_SHORTCUT Ridge
RUN shadow_2 HIC BIO_SHORTCUT ElasticNet
/workspace_developability_acquisition/gate_b2/scripts/04_modeling.py:115: ConstantInputWarning: An input array is constant; the correlation coefficient is not defined.
  sc = spearmanr(y[tr][iva], pred).correlation
/workspace_developability_acquisition/gate_b2/scripts/04_modeling.py:115: ConstantInputWarning: An input array is constant; the correlation coefficient is not defined.
  sc = spearmanr(y[tr][iva], pred).correlation
/workspace_developability_acquisition/gate_b2/scripts/04_modeling.py:115: ConstantInputWarning: An input array is constant; the correlation coefficient is not defined.
  sc = spearmanr(y[tr][iva], pred).correlation
/workspace_developability_acquisition/gate_b2/scripts/04_modeling.py:115: ConstantInputWarning: An input array is constant; the correlation coefficient is not defined.
  sc = spearmanr(y[tr][iva], pred).correlation
/workspace_developability_acquisition/gate_b2/scripts/04_modeling.py:115: ConstantInputWarning: An input array is constant; the correlation coefficient is not defined.
  sc = spearmanr(y[tr][iva], pred).correlation
/workspace_developability_acquisition/gate_b2/scripts/04_modeling.py:115: ConstantInputWarning: An input array is constant; the correlation coefficient is not defined.
  sc = spearmanr(y[tr][iva], pred).correlation
/workspace_developability_acquisition/gate_b2/scripts/04_modeling.py:115: ConstantInputWarning: An input array is constant; the correlation coefficient is not defined.
  sc = spearmanr(y[tr][iva], pred).correlation
/workspace_developability_acquisition/gate_b2/scripts/04_modeling.py:115: ConstantInputWarning: An input array is constant; the correlation coefficient is not defined.
  sc = spearmanr(y[tr][iva], pred).correlation
/workspace_developability_acquisition/gate_b2/scripts/04_modeling.py:115: ConstantInputWarning: An input array is constant; the correlation coefficient is not defined.
  sc = spearmanr(y[tr][iva], pred).correlation
/workspace_developability_acquisition/gate_b2/scripts/04_modeling.py:115: ConstantInputWarning: An input array is constant; the correlation coefficient is not defined.
  sc = spearmanr(y[tr][iva], pred).correlation
/workspace_developability_acquisition/gate_b2/scripts/04_modeling.py:115: ConstantInputWarning: An input array is constant; the correlation coefficient is not defined.
  sc = spearmanr(y[tr][iva], pred).correlation
/workspace_developability_acquisition/gate_b2/scripts/04_modeling.py:115: ConstantInputWarning: An input array is constant; the correlation coefficient is not defined.
  sc = spearmanr(y[tr][iva], pred).correlation
/workspace_developability_acquisition/gate_b2/scripts/04_modeling.py:115: ConstantInputWarning: An input array is constant; the correlation coefficient is not defined.
  sc = spearmanr(y[tr][iva], pred).correlation
/workspace_developability_acquisition/gate_b2/scripts/04_modeling.py:115: ConstantInputWarning: An input array is constant; the correlation coefficient is not defined.
  sc = spearmanr(y[tr][iva], pred).correlation
/workspace_developability_acquisition/gate_b2/scripts/04_modeling.py:115: ConstantInputWarning: An input array is constant; the correlation coefficient is not defined.
  sc = spearmanr(y[tr][iva], pred).correlation
/workspace_developability_acquisition/gate_b2/scripts/04_modeling.py:115: ConstantInputWarning: An input array is constant; the correlation coefficient is not defined.
  sc = spearmanr(y[tr][iva], pred).correlation
/workspace_developability_acquisition/gate_b2/scripts/04_modeling.py:115: ConstantInputWarning: An input array is constant; the correlation coefficient is not defined.
  sc = spearmanr(y[tr][iva], pred).correlation
/workspace_developability_acquisition/gate_b2/scripts/04_modeling.py:115: ConstantInputWarning: An input array is constant; the correlation coefficient is not defined.
  sc = spearmanr(y[tr][iva], pred).correlation
/workspace_developability_acquisition/gate_b2/scripts/04_modeling.py:115: ConstantInputWarning: An input array is constant; the correlation coefficient is not defined.
  sc = spearmanr(y[tr][iva], pred).correlation
/workspace_developability_acquisition/gate_b2/scripts/04_modeling.py:115: ConstantInputWarning: An input array is constant; the correlation coefficient is not defined.
  sc = spearmanr(y[tr][iva], pred).correlation
/workspace_developability_acquisition/gate_b2/scripts/04_modeling.py:115: ConstantInputWarning: An input array is constant; the correlation coefficient is not defined.
  sc = spearmanr(y[tr][iva], pred).correlation
/workspace_developability_acquisition/gate_b2/scripts/04_modeling.py:115: ConstantInputWarning: An input array is constant; the correlation coefficient is not defined.
  sc = spearmanr(y[tr][iva], pred).correlation
/workspace_developability_acquisition/gate_b2/scripts/04_modeling.py:115: ConstantInputWarning: An input array is constant; the correlation coefficient is not defined.
  sc = spearmanr(y[tr][iva], pred).correlation
/workspace_developability_acquisition/gate_b2/scripts/04_modeling.py:115: ConstantInputWarning: An input array is constant; the correlation coefficient is not defined.
  sc = spearmanr(y[tr][iva], pred).correlation
/workspace_developability_acquisition/gate_b2/scripts/04_modeling.py:115: ConstantInputWarning: An input array is constant; the correlation coefficient is not defined.
  sc = spearmanr(y[tr][iva], pred).correlation
/workspace_developability_acquisition/gate_b2/scripts/04_modeling.py:115: ConstantInputWarning: An input array is constant; the correlation coefficient is not defined.
  sc = spearmanr(y[tr][iva], pred).correlation
/workspace_developability_acquisition/gate_b2/scripts/04_modeling.py:115: ConstantInputWarning: An input array is constant; the correlation coefficient is not defined.
  sc = spearmanr(y[tr][iva], pred).correlation
/workspace_developability_acquisition/gate_b2/scripts/04_modeling.py:115: ConstantInputWarning: An input array is constant; the correlation coefficient is not defined.
  sc = spearmanr(y[tr][iva], pred).correlation
/workspace_developability_acquisition/gate_b2/scripts/04_modeling.py:115: ConstantInputWarning: An input array is constant; the correlation coefficient is not defined.
  sc = spearmanr(y[tr][iva], pred).correlation
/workspace_developability_acquisition/gate_b2/scripts/04_modeling.py:115: ConstantInputWarning: An input array is constant; the correlation coefficient is not defined.
  sc = spearmanr(y[tr][iva], pred).correlation
/workspace_developability_acquisition/gate_b2/scripts/04_modeling.py:115: ConstantInputWarning: An input array is constant; the correlation coefficient is not defined.
  sc = spearmanr(y[tr][iva], pred).correlation
RUN shadow_2 HIC PLM_ABLANG2 Ridge d=480
RUN shadow_2 HIC PLM_ESM1B Ridge d=2560
RUN shadow_2 HIC PLM_ESM2 Ridge d=2560
RUN shadow_2 HIC PLM_ESM2_CDR6 Ridge d=7680
RUN shadow_2 HIC ABB_SASA Ridge d=79
RUN shadow_2 HIC ABB_SASA ElasticNet d=79
/workspace_developability_acquisition/gate_b2/scripts/04_modeling.py:115: ConstantInputWarning: An input array is constant; the correlation coefficient is not defined.
  sc = spearmanr(y[tr][iva], pred).correlation
/workspace_developability_acquisition/gate_b2/scripts/04_modeling.py:115: ConstantInputWarning: An input array is constant; the correlation coefficient is not defined.
  sc = spearmanr(y[tr][iva], pred).correlation
/workspace_developability_acquisition/gate_b2/scripts/04_modeling.py:115: ConstantInputWarning: An input array is constant; the correlation coefficient is not defined.
  sc = spearmanr(y[tr][iva], pred).correlation
/workspace_developability_acquisition/gate_b2/scripts/04_modeling.py:115: ConstantInputWarning: An input array is constant; the correlation coefficient is not defined.
  sc = spearmanr(y[tr][iva], pred).correlation
/workspace_developability_acquisition/gate_b2/scripts/04_modeling.py:115: ConstantInputWarning: An input array is constant; the correlation coefficient is not defined.
  sc = spearmanr(y[tr][iva], pred).correlation
/workspace_developability_acquisition/gate_b2/scripts/04_modeling.py:115: ConstantInputWarning: An input array is constant; the correlation coefficient is not defined.
  sc = spearmanr(y[tr][iva], pred).correlation
/workspace_developability_acquisition/gate_b2/scripts/04_modeling.py:115: ConstantInputWarning: An input array is constant; the correlation coefficient is not defined.
  sc = spearmanr(y[tr][iva], pred).correlation
/workspace_developability_acquisition/gate_b2/scripts/04_modeling.py:115: ConstantInputWarning: An input array is constant; the correlation coefficient is not defined.
  sc = spearmanr(y[tr][iva], pred).correlation
/workspace_developability_acquisition/gate_b2/scripts/04_modeling.py:115: ConstantInputWarning: An input array is constant; the correlation coefficient is not defined.
  sc = spearmanr(y[tr][iva], pred).correlation
/workspace_developability_acquisition/gate_b2/scripts/04_modeling.py:115: ConstantInputWarning: An input array is constant; the correlation coefficient is not defined.
  sc = spearmanr(y[tr][iva], pred).correlation
/workspace_developability_acquisition/gate_b2/scripts/04_modeling.py:115: ConstantInputWarning: An input array is constant; the correlation coefficient is not defined.
  sc = spearmanr(y[tr][iva], pred).correlation
/workspace_developability_acquisition/gate_b2/scripts/04_modeling.py:115: ConstantInputWarning: An input array is constant; the correlation coefficient is not defined.
  sc = spearmanr(y[tr][iva], pred).correlation
/workspace_developability_acquisition/gate_b2/scripts/04_modeling.py:115: ConstantInputWarning: An input array is constant; the correlation coefficient is not defined.
  sc = spearmanr(y[tr][iva], pred).correlation
/workspace_developability_acquisition/gate_b2/scripts/04_modeling.py:115: ConstantInputWarning: An input array is constant; the correlation coefficient is not defined.
  sc = spearmanr(y[tr][iva], pred).correlation
/workspace_developability_acquisition/gate_b2/scripts/04_modeling.py:115: ConstantInputWarning: An input array is constant; the correlation coefficient is not defined.
  sc = spearmanr(y[tr][iva], pred).correlation
/workspace_developability_acquisition/gate_b2/scripts/04_modeling.py:115: ConstantInputWarning: An input array is constant; the correlation coefficient is not defined.
  sc = spearmanr(y[tr][iva], pred).correlation
/workspace_developability_acquisition/gate_b2/scripts/04_modeling.py:115: ConstantInputWarning: An input array is constant; the correlation coefficient is not defined.
  sc = spearmanr(y[tr][iva], pred).correlation
/workspace_developability_acquisition/gate_b2/scripts/04_modeling.py:115: ConstantInputWarning: An input array is constant; the correlation coefficient is not defined.
  sc = spearmanr(y[tr][iva], pred).correlation
/workspace_developability_acquisition/gate_b2/scripts/04_modeling.py:115: ConstantInputWarning: An input array is constant; the correlation coefficient is not defined.
  sc = spearmanr(y[tr][iva], pred).correlation
/workspace_developability_acquisition/gate_b2/scripts/04_modeling.py:115: ConstantInputWarning: An input array is constant; the correlation coefficient is not defined.
  sc = spearmanr(y[tr][iva], pred).correlation
/workspace_developability_acquisition/gate_b2/scripts/04_modeling.py:115: ConstantInputWarning: An input array is constant; the correlation coefficient is not defined.
  sc = spearmanr(y[tr][iva], pred).correlation
/workspace_developability_acquisition/gate_b2/scripts/04_modeling.py:115: ConstantInputWarning: An input array is constant; the correlation coefficient is not defined.
  sc = spearmanr(y[tr][iva], pred).correlation
/workspace_developability_acquisition/gate_b2/scripts/04_modeling.py:115: ConstantInputWarning: An input array is constant; the correlation coefficient is not defined.
  sc = spearmanr(y[tr][iva], pred).correlation
/workspace_developability_acquisition/gate_b2/scripts/04_modeling.py:115: ConstantInputWarning: An input array is constant; the correlation coefficient is not defined.
  sc = spearmanr(y[tr][iva], pred).correlation
/workspace_developability_acquisition/gate_b2/scripts/04_modeling.py:115: ConstantInputWarning: An input array is constant; the correlation coefficient is not defined.
  sc = spearmanr(y[tr][iva], pred).correlation
/workspace_developability_acquisition/gate_b2/scripts/04_modeling.py:115: ConstantInputWarning: An input array is constant; the correlation coefficient is not defined.
  sc = spearmanr(y[tr][iva], pred).correlation
/workspace_developability_acquisition/gate_b2/scripts/04_modeling.py:115: ConstantInputWarning: An input array is constant; the correlation coefficient is not defined.
  sc = spearmanr(y[tr][iva], pred).correlation
RUN shadow_2 HIC ABB_SASA_RASA Ridge d=156
RUN shadow_2 HIC ABB_SASA_RASA ElasticNet d=156
/workspace_developability_acquisition/gate_b2/scripts/04_modeling.py:115: ConstantInputWarning: An input array is constant; the correlation coefficient is not defined.
  sc = spearmanr(y[tr][iva], pred).correlation
/workspace_developability_acquisition/gate_b2/scripts/04_modeling.py:115: ConstantInputWarning: An input array is constant; the correlation coefficient is not defined.
  sc = spearmanr(y[tr][iva], pred).correlation
/workspace_developability_acquisition/gate_b2/scripts/04_modeling.py:115: ConstantInputWarning: An input array is constant; the correlation coefficient is not defined.
  sc = spearmanr(y[tr][iva], pred).correlation
/workspace_developability_acquisition/gate_b2/scripts/04_modeling.py:115: ConstantInputWarning: An input array is constant; the correlation coefficient is not defined.
  sc = spearmanr(y[tr][iva], pred).correlation
/workspace_developability_acquisition/gate_b2/scripts/04_modeling.py:115: ConstantInputWarning: An input array is constant; the correlation coefficient is not defined.
  sc = spearmanr(y[tr][iva], pred).correlation
/workspace_developability_acquisition/gate_b2/scripts/04_modeling.py:115: ConstantInputWarning: An input array is constant; the correlation coefficient is not defined.
  sc = spearmanr(y[tr][iva], pred).correlation
/workspace_developability_acquisition/gate_b2/scripts/04_modeling.py:115: ConstantInputWarning: An input array is constant; the correlation coefficient is not defined.
  sc = spearmanr(y[tr][iva], pred).correlation
/workspace_developability_acquisition/gate_b2/scripts/04_modeling.py:115: ConstantInputWarning: An input array is constant; the correlation coefficient is not defined.
  sc = spearmanr(y[tr][iva], pred).correlation
/workspace_developability_acquisition/gate_b2/scripts/04_modeling.py:115: ConstantInputWarning: An input array is constant; the correlation coefficient is not defined.
  sc = spearmanr(y[tr][iva], pred).correlation
/workspace_developability_acquisition/gate_b2/scripts/04_modeling.py:115: ConstantInputWarning: An input array is constant; the correlation coefficient is not defined.
  sc = spearmanr(y[tr][iva], pred).correlation
/workspace_developability_acquisition/gate_b2/scripts/04_modeling.py:115: ConstantInputWarning: An input array is constant; the correlation coefficient is not defined.
  sc = spearmanr(y[tr][iva], pred).correlation
/workspace_developability_acquisition/gate_b2/scripts/04_modeling.py:115: ConstantInputWarning: An input array is constant; the correlation coefficient is not defined.
  sc = spearmanr(y[tr][iva], pred).correlation
/workspace_developability_acquisition/gate_b2/scripts/04_modeling.py:115: ConstantInputWarning: An input array is constant; the correlation coefficient is not defined.
  sc = spearmanr(y[tr][iva], pred).correlation
/workspace_developability_acquisition/gate_b2/scripts/04_modeling.py:115: ConstantInputWarning: An input array is constant; the correlation coefficient is not defined.
  sc = spearmanr(y[tr][iva], pred).correlation
/workspace_developability_acquisition/gate_b2/scripts/04_modeling.py:115: ConstantInputWarning: An input array is constant; the correlation coefficient is not defined.
  sc = spearmanr(y[tr][iva], pred).correlation
/workspace_developability_acquisition/gate_b2/scripts/04_modeling.py:115: ConstantInputWarning: An input array is constant; the correlation coefficient is not defined.
  sc = spearmanr(y[tr][iva], pred).correlation
/workspace_developability_acquisition/gate_b2/scripts/04_modeling.py:115: ConstantInputWarning: An input array is constant; the correlation coefficient is not defined.
  sc = spearmanr(y[tr][iva], pred).correlation
/workspace_developability_acquisition/gate_b2/scripts/04_modeling.py:115: ConstantInputWarning: An input array is constant; the correlation coefficient is not defined.
  sc = spearmanr(y[tr][iva], pred).correlation
/workspace_developability_acquisition/gate_b2/scripts/04_modeling.py:115: ConstantInputWarning: An input array is constant; the correlation coefficient is not defined.
  sc = spearmanr(y[tr][iva], pred).correlation
/workspace_developability_acquisition/gate_b2/scripts/04_modeling.py:115: ConstantInputWarning: An input array is constant; the correlation coefficient is not defined.
  sc = spearmanr(y[tr][iva], pred).correlation
/workspace_developability_acquisition/gate_b2/scripts/04_modeling.py:115: ConstantInputWarning: An input array is constant; the correlation coefficient is not defined.
  sc = spearmanr(y[tr][iva], pred).correlation
/workspace_developability_acquisition/gate_b2/scripts/04_modeling.py:115: ConstantInputWarning: An input array is constant; the correlation coefficient is not defined.
  sc = spearmanr(y[tr][iva], pred).correlation
/workspace_developability_acquisition/gate_b2/scripts/04_modeling.py:115: ConstantInputWarning: An input array is constant; the correlation coefficient is not defined.
  sc = spearmanr(y[tr][iva], pred).correlation
/workspace_developability_acquisition/gate_b2/scripts/04_modeling.py:115: ConstantInputWarning: An input array is constant; the correlation coefficient is not defined.
  sc = spearmanr(y[tr][iva], pred).correlation
/workspace_developability_acquisition/gate_b2/scripts/04_modeling.py:115: ConstantInputWarning: An input array is constant; the correlation coefficient is not defined.
  sc = spearmanr(y[tr][iva], pred).correlation
/workspace_developability_acquisition/gate_b2/scripts/04_modeling.py:115: ConstantInputWarning: An input array is constant; the correlation coefficient is not defined.
  sc = spearmanr(y[tr][iva], pred).correlation
/workspace_developability_acquisition/gate_b2/scripts/04_modeling.py:115: ConstantInputWarning: An input array is constant; the correlation coefficient is not defined.
  sc = spearmanr(y[tr][iva], pred).correlation
RUN shadow_2 HIC ABB_SURFACE Ridge d=77
RUN shadow_2 HIC ABB_SURFACE ElasticNet d=77
/workspace_developability_acquisition/gate_b2/scripts/04_modeling.py:115: ConstantInputWarning: An input array is constant; the correlation coefficient is not defined.
  sc = spearmanr(y[tr][iva], pred).correlation
/workspace_developability_acquisition/gate_b2/scripts/04_modeling.py:115: ConstantInputWarning: An input array is constant; the correlation coefficient is not defined.
  sc = spearmanr(y[tr][iva], pred).correlation
/workspace_developability_acquisition/gate_b2/scripts/04_modeling.py:115: ConstantInputWarning: An input array is constant; the correlation coefficient is not defined.
  sc = spearmanr(y[tr][iva], pred).correlation
/workspace_developability_acquisition/gate_b2/scripts/04_modeling.py:115: ConstantInputWarning: An input array is constant; the correlation coefficient is not defined.
  sc = spearmanr(y[tr][iva], pred).correlation
/workspace_developability_acquisition/gate_b2/scripts/04_modeling.py:115: ConstantInputWarning: An input array is constant; the correlation coefficient is not defined.
  sc = spearmanr(y[tr][iva], pred).correlation
/workspace_developability_acquisition/gate_b2/scripts/04_modeling.py:115: ConstantInputWarning: An input array is constant; the correlation coefficient is not defined.
  sc = spearmanr(y[tr][iva], pred).correlation
/workspace_developability_acquisition/gate_b2/scripts/04_modeling.py:115: ConstantInputWarning: An input array is constant; the correlation coefficient is not defined.
  sc = spearmanr(y[tr][iva], pred).correlation
/workspace_developability_acquisition/gate_b2/scripts/04_modeling.py:115: ConstantInputWarning: An input array is constant; the correlation coefficient is not defined.
  sc = spearmanr(y[tr][iva], pred).correlation
/workspace_developability_acquisition/gate_b2/scripts/04_modeling.py:115: ConstantInputWarning: An input array is constant; the correlation coefficient is not defined.
  sc = spearmanr(y[tr][iva], pred).correlation
/workspace_developability_acquisition/gate_b2/scripts/04_modeling.py:115: ConstantInputWarning: An input array is constant; the correlation coefficient is not defined.
  sc = spearmanr(y[tr][iva], pred).correlation
/workspace_developability_acquisition/gate_b2/scripts/04_modeling.py:115: ConstantInputWarning: An input array is constant; the correlation coefficient is not defined.
  sc = spearmanr(y[tr][iva], pred).correlation
/workspace_developability_acquisition/gate_b2/scripts/04_modeling.py:115: ConstantInputWarning: An input array is constant; the correlation coefficient is not defined.
  sc = spearmanr(y[tr][iva], pred).correlation
/workspace_developability_acquisition/gate_b2/scripts/04_modeling.py:115: ConstantInputWarning: An input array is constant; the correlation coefficient is not defined.
  sc = spearmanr(y[tr][iva], pred).correlation
/workspace_developability_acquisition/gate_b2/scripts/04_modeling.py:115: ConstantInputWarning: An input array is constant; the correlation coefficient is not defined.
  sc = spearmanr(y[tr][iva], pred).correlation
/workspace_developability_acquisition/gate_b2/scripts/04_modeling.py:115: ConstantInputWarning: An input array is constant; the correlation coefficient is not defined.
  sc = spearmanr(y[tr][iva], pred).correlation
/workspace_developability_acquisition/gate_b2/scripts/04_modeling.py:115: ConstantInputWarning: An input array is constant; the correlation coefficient is not defined.
  sc = spearmanr(y[tr][iva], pred).correlation
/workspace_developability_acquisition/gate_b2/scripts/04_modeling.py:115: ConstantInputWarning: An input array is constant; the correlation coefficient is not defined.
  sc = spearmanr(y[tr][iva], pred).correlation
/workspace_developability_acquisition/gate_b2/scripts/04_modeling.py:115: ConstantInputWarning: An input array is constant; the correlation coefficient is not defined.
  sc = spearmanr(y[tr][iva], pred).correlation
/workspace_developability_acquisition/gate_b2/scripts/04_modeling.py:115: ConstantInputWarning: An input array is constant; the correlation coefficient is not defined.
  sc = spearmanr(y[tr][iva], pred).correlation
/workspace_developability_acquisition/gate_b2/scripts/04_modeling.py:115: ConstantInputWarning: An input array is constant; the correlation coefficient is not defined.
  sc = spearmanr(y[tr][iva], pred).correlation
/workspace_developability_acquisition/gate_b2/scripts/04_modeling.py:115: ConstantInputWarning: An input array is constant; the correlation coefficient is not defined.
  sc = spearmanr(y[tr][iva], pred).correlation
/workspace_developability_acquisition/gate_b2/scripts/04_modeling.py:115: ConstantInputWarning: An input array is constant; the correlation coefficient is not defined.
  sc = spearmanr(y[tr][iva], pred).correlation
/workspace_developability_acquisition/gate_b2/scripts/04_modeling.py:115: ConstantInputWarning: An input array is constant; the correlation coefficient is not defined.
  sc = spearmanr(y[tr][iva], pred).correlation
/workspace_developability_acquisition/gate_b2/scripts/04_modeling.py:115: ConstantInputWarning: An input array is constant; the correlation coefficient is not defined.
  sc = spearmanr(y[tr][iva], pred).correlation
/workspace_developability_acquisition/gate_b2/scripts/04_modeling.py:115: ConstantInputWarning: An input array is constant; the correlation coefficient is not defined.
  sc = spearmanr(y[tr][iva], pred).correlation
/workspace_developability_acquisition/gate_b2/scripts/04_modeling.py:115: ConstantInputWarning: An input array is constant; the correlation coefficient is not defined.
  sc = spearmanr(y[tr][iva], pred).correlation
/workspace_developability_acquisition/gate_b2/scripts/04_modeling.py:115: ConstantInputWarning: An input array is constant; the correlation coefficient is not defined.
  sc = spearmanr(y[tr][iva], pred).correlation
RUN shadow_2 HIC ABB_SURFACE_RASAW Ridge d=77
RUN shadow_2 HIC ABB_SURFACE_RASAW ElasticNet d=77
/workspace_developability_acquisition/gate_b2/scripts/04_modeling.py:115: ConstantInputWarning: An input array is constant; the correlation coefficient is not defined.
  sc = spearmanr(y[tr][iva], pred).correlation
/workspace_developability_acquisition/gate_b2/scripts/04_modeling.py:115: ConstantInputWarning: An input array is constant; the correlation coefficient is not defined.
  sc = spearmanr(y[tr][iva], pred).correlation
/workspace_developability_acquisition/gate_b2/scripts/04_modeling.py:115: ConstantInputWarning: An input array is constant; the correlation coefficient is not defined.
  sc = spearmanr(y[tr][iva], pred).correlation
/workspace_developability_acquisition/gate_b2/scripts/04_modeling.py:115: ConstantInputWarning: An input array is constant; the correlation coefficient is not defined.
  sc = spearmanr(y[tr][iva], pred).correlation
/workspace_developability_acquisition/gate_b2/scripts/04_modeling.py:115: ConstantInputWarning: An input array is constant; the correlation coefficient is not defined.
  sc = spearmanr(y[tr][iva], pred).correlation
/workspace_developability_acquisition/gate_b2/scripts/04_modeling.py:115: ConstantInputWarning: An input array is constant; the correlation coefficient is not defined.
  sc = spearmanr(y[tr][iva], pred).correlation
/workspace_developability_acquisition/gate_b2/scripts/04_modeling.py:115: ConstantInputWarning: An input array is constant; the correlation coefficient is not defined.
  sc = spearmanr(y[tr][iva], pred).correlation
/workspace_developability_acquisition/gate_b2/scripts/04_modeling.py:115: ConstantInputWarning: An input array is constant; the correlation coefficient is not defined.
  sc = spearmanr(y[tr][iva], pred).correlation
/workspace_developability_acquisition/gate_b2/scripts/04_modeling.py:115: ConstantInputWarning: An input array is constant; the correlation coefficient is not defined.
  sc = spearmanr(y[tr][iva], pred).correlation
/workspace_developability_acquisition/gate_b2/scripts/04_modeling.py:115: ConstantInputWarning: An input array is constant; the correlation coefficient is not defined.
  sc = spearmanr(y[tr][iva], pred).correlation
/workspace_developability_acquisition/gate_b2/scripts/04_modeling.py:115: ConstantInputWarning: An input array is constant; the correlation coefficient is not defined.
  sc = spearmanr(y[tr][iva], pred).correlation
/workspace_developability_acquisition/gate_b2/scripts/04_modeling.py:115: ConstantInputWarning: An input array is constant; the correlation coefficient is not defined.
  sc = spearmanr(y[tr][iva], pred).correlation
/workspace_developability_acquisition/gate_b2/scripts/04_modeling.py:115: ConstantInputWarning: An input array is constant; the correlation coefficient is not defined.
  sc = spearmanr(y[tr][iva], pred).correlation
/workspace_developability_acquisition/gate_b2/scripts/04_modeling.py:115: ConstantInputWarning: An input array is constant; the correlation coefficient is not defined.
  sc = spearmanr(y[tr][iva], pred).correlation
/workspace_developability_acquisition/gate_b2/scripts/04_modeling.py:115: ConstantInputWarning: An input array is constant; the correlation coefficient is not defined.
  sc = spearmanr(y[tr][iva], pred).correlation
/workspace_developability_acquisition/gate_b2/scripts/04_modeling.py:115: ConstantInputWarning: An input array is constant; the correlation coefficient is not defined.
  sc = spearmanr(y[tr][iva], pred).correlation
/workspace_developability_acquisition/gate_b2/scripts/04_modeling.py:115: ConstantInputWarning: An input array is constant; the correlation coefficient is not defined.
  sc = spearmanr(y[tr][iva], pred).correlation
/workspace_developability_acquisition/gate_b2/scripts/04_modeling.py:115: ConstantInputWarning: An input array is constant; the correlation coefficient is not defined.
  sc = spearmanr(y[tr][iva], pred).correlation
/workspace_developability_acquisition/gate_b2/scripts/04_modeling.py:115: ConstantInputWarning: An input array is constant; the correlation coefficient is not defined.
  sc = spearmanr(y[tr][iva], pred).correlation
/workspace_developability_acquisition/gate_b2/scripts/04_modeling.py:115: ConstantInputWarning: An input array is constant; the correlation coefficient is not defined.
  sc = spearmanr(y[tr][iva], pred).correlation
/workspace_developability_acquisition/gate_b2/scripts/04_modeling.py:115: ConstantInputWarning: An input array is constant; the correlation coefficient is not defined.
  sc = spearmanr(y[tr][iva], pred).correlation
/workspace_developability_acquisition/gate_b2/scripts/04_modeling.py:115: ConstantInputWarning: An input array is constant; the correlation coefficient is not defined.
  sc = spearmanr(y[tr][iva], pred).correlation
/workspace_developability_acquisition/gate_b2/scripts/04_modeling.py:115: ConstantInputWarning: An input array is constant; the correlation coefficient is not defined.
  sc = spearmanr(y[tr][iva], pred).correlation
/workspace_developability_acquisition/gate_b2/scripts/04_modeling.py:115: ConstantInputWarning: An input array is constant; the correlation coefficient is not defined.
  sc = spearmanr(y[tr][iva], pred).correlation
/workspace_developability_acquisition/gate_b2/scripts/04_modeling.py:115: ConstantInputWarning: An input array is constant; the correlation coefficient is not defined.
  sc = spearmanr(y[tr][iva], pred).correlation
/workspace_developability_acquisition/gate_b2/scripts/04_modeling.py:115: ConstantInputWarning: An input array is constant; the correlation coefficient is not defined.
  sc = spearmanr(y[tr][iva], pred).correlation
/workspace_developability_acquisition/gate_b2/scripts/04_modeling.py:115: ConstantInputWarning: An input array is constant; the correlation coefficient is not defined.
  sc = spearmanr(y[tr][iva], pred).correlation
/workspace_developability_acquisition/gate_b2/scripts/04_modeling.py:115: ConstantInputWarning: An input array is constant; the correlation coefficient is not defined.
  sc = spearmanr(y[tr][iva], pred).correlation
/workspace_developability_acquisition/gate_b2/scripts/04_modeling.py:115: ConstantInputWarning: An input array is constant; the correlation coefficient is not defined.
  sc = spearmanr(y[tr][iva], pred).correlation
/workspace_developability_acquisition/gate_b2/scripts/04_modeling.py:115: ConstantInputWarning: An input array is constant; the correlation coefficient is not defined.
  sc = spearmanr(y[tr][iva], pred).correlation
RUN shadow_2 HIC ABB_ALL_SURFACE Ridge d=211
RUN shadow_2 HIC ABB_PATCH Ridge d=7
RUN shadow_2 HIC ABB_PATCH ElasticNet d=7
/workspace_developability_acquisition/gate_b2/scripts/04_modeling.py:115: ConstantInputWarning: An input array is constant; the correlation coefficient is not defined.
  sc = spearmanr(y[tr][iva], pred).correlation
/workspace_developability_acquisition/gate_b2/scripts/04_modeling.py:115: ConstantInputWarning: An input array is constant; the correlation coefficient is not defined.
  sc = spearmanr(y[tr][iva], pred).correlation
/workspace_developability_acquisition/gate_b2/scripts/04_modeling.py:115: ConstantInputWarning: An input array is constant; the correlation coefficient is not defined.
  sc = spearmanr(y[tr][iva], pred).correlation
/workspace_developability_acquisition/gate_b2/scripts/04_modeling.py:115: ConstantInputWarning: An input array is constant; the correlation coefficient is not defined.
  sc = spearmanr(y[tr][iva], pred).correlation
/workspace_developability_acquisition/gate_b2/scripts/04_modeling.py:115: ConstantInputWarning: An input array is constant; the correlation coefficient is not defined.
  sc = spearmanr(y[tr][iva], pred).correlation
/workspace_developability_acquisition/gate_b2/scripts/04_modeling.py:115: ConstantInputWarning: An input array is constant; the correlation coefficient is not defined.
  sc = spearmanr(y[tr][iva], pred).correlation
/workspace_developability_acquisition/gate_b2/scripts/04_modeling.py:115: ConstantInputWarning: An input array is constant; the correlation coefficient is not defined.
  sc = spearmanr(y[tr][iva], pred).correlation
/workspace_developability_acquisition/gate_b2/scripts/04_modeling.py:115: ConstantInputWarning: An input array is constant; the correlation coefficient is not defined.
  sc = spearmanr(y[tr][iva], pred).correlation
/workspace_developability_acquisition/gate_b2/scripts/04_modeling.py:115: ConstantInputWarning: An input array is constant; the correlation coefficient is not defined.
  sc = spearmanr(y[tr][iva], pred).correlation
/workspace_developability_acquisition/gate_b2/scripts/04_modeling.py:115: ConstantInputWarning: An input array is constant; the correlation coefficient is not defined.
  sc = spearmanr(y[tr][iva], pred).correlation
/workspace_developability_acquisition/gate_b2/scripts/04_modeling.py:115: ConstantInputWarning: An input array is constant; the correlation coefficient is not defined.
  sc = spearmanr(y[tr][iva], pred).correlation
/workspace_developability_acquisition/gate_b2/scripts/04_modeling.py:115: ConstantInputWarning: An input array is constant; the correlation coefficient is not defined.
  sc = spearmanr(y[tr][iva], pred).correlation
/workspace_developability_acquisition/gate_b2/scripts/04_modeling.py:115: ConstantInputWarning: An input array is constant; the correlation coefficient is not defined.
  sc = spearmanr(y[tr][iva], pred).correlation
/workspace_developability_acquisition/gate_b2/scripts/04_modeling.py:115: ConstantInputWarning: An input array is constant; the correlation coefficient is not defined.
  sc = spearmanr(y[tr][iva], pred).correlation
/workspace_developability_acquisition/gate_b2/scripts/04_modeling.py:115: ConstantInputWarning: An input array is constant; the correlation coefficient is not defined.
  sc = spearmanr(y[tr][iva], pred).correlation
/workspace_developability_acquisition/gate_b2/scripts/04_modeling.py:115: ConstantInputWarning: An input array is constant; the correlation coefficient is not defined.
  sc = spearmanr(y[tr][iva], pred).correlation
/workspace_developability_acquisition/gate_b2/scripts/04_modeling.py:115: ConstantInputWarning: An input array is constant; the correlation coefficient is not defined.
  sc = spearmanr(y[tr][iva], pred).correlation
/workspace_developability_acquisition/gate_b2/scripts/04_modeling.py:115: ConstantInputWarning: An input array is constant; the correlation coefficient is not defined.
  sc = spearmanr(y[tr][iva], pred).correlation
/workspace_developability_acquisition/gate_b2/scripts/04_modeling.py:115: ConstantInputWarning: An input array is constant; the correlation coefficient is not defined.
  sc = spearmanr(y[tr][iva], pred).correlation
/workspace_developability_acquisition/gate_b2/scripts/04_modeling.py:115: ConstantInputWarning: An input array is constant; the correlation coefficient is not defined.
  sc = spearmanr(y[tr][iva], pred).correlation
/workspace_developability_acquisition/gate_b2/scripts/04_modeling.py:115: ConstantInputWarning: An input array is constant; the correlation coefficient is not defined.
  sc = spearmanr(y[tr][iva], pred).correlation
/workspace_developability_acquisition/gate_b2/scripts/04_modeling.py:115: ConstantInputWarning: An input array is constant; the correlation coefficient is not defined.
  sc = spearmanr(y[tr][iva], pred).correlation
/workspace_developability_acquisition/gate_b2/scripts/04_modeling.py:115: ConstantInputWarning: An input array is constant; the correlation coefficient is not defined.
  sc = spearmanr(y[tr][iva], pred).correlation
/workspace_developability_acquisition/gate_b2/scripts/04_modeling.py:115: ConstantInputWarning: An input array is constant; the correlation coefficient is not defined.
  sc = spearmanr(y[tr][iva], pred).correlation
/workspace_developability_acquisition/gate_b2/scripts/04_modeling.py:115: ConstantInputWarning: An input array is constant; the correlation coefficient is not defined.
  sc = spearmanr(y[tr][iva], pred).correlation
/workspace_developability_acquisition/gate_b2/scripts/04_modeling.py:115: ConstantInputWarning: An input array is constant; the correlation coefficient is not defined.
  sc = spearmanr(y[tr][iva], pred).correlation
/workspace_developability_acquisition/gate_b2/scripts/04_modeling.py:115: ConstantInputWarning: An input array is constant; the correlation coefficient is not defined.
  sc = spearmanr(y[tr][iva], pred).correlation
/workspace_developability_acquisition/gate_b2/scripts/04_modeling.py:115: ConstantInputWarning: An input array is constant; the correlation coefficient is not defined.
  sc = spearmanr(y[tr][iva], pred).correlation
/workspace_developability_acquisition/gate_b2/scripts/04_modeling.py:115: ConstantInputWarning: An input array is constant; the correlation coefficient is not defined.
  sc = spearmanr(y[tr][iva], pred).correlation
/workspace_developability_acquisition/gate_b2/scripts/04_modeling.py:115: ConstantInputWarning: An input array is constant; the correlation coefficient is not defined.
  sc = spearmanr(y[tr][iva], pred).correlation
/workspace_developability_acquisition/gate_b2/scripts/04_modeling.py:115: ConstantInputWarning: An input array is constant; the correlation coefficient is not defined.
  sc = spearmanr(y[tr][iva], pred).correlation
/workspace_developability_acquisition/gate_b2/scripts/04_modeling.py:115: ConstantInputWarning: An input array is constant; the correlation coefficient is not defined.
  sc = spearmanr(y[tr][iva], pred).correlation
/workspace_developability_acquisition/gate_b2/scripts/04_modeling.py:115: ConstantInputWarning: An input array is constant; the correlation coefficient is not defined.
  sc = spearmanr(y[tr][iva], pred).correlation
/workspace_developability_acquisition/gate_b2/scripts/04_modeling.py:115: ConstantInputWarning: An input array is constant; the correlation coefficient is not defined.
  sc = spearmanr(y[tr][iva], pred).correlation
/workspace_developability_acquisition/gate_b2/scripts/04_modeling.py:115: ConstantInputWarning: An input array is constant; the correlation coefficient is not defined.
  sc = spearmanr(y[tr][iva], pred).correlation
/workspace_developability_acquisition/gate_b2/scripts/04_modeling.py:115: ConstantInputWarning: An input array is constant; the correlation coefficient is not defined.
  sc = spearmanr(y[tr][iva], pred).correlation
/workspace_developability_acquisition/gate_b2/scripts/04_modeling.py:115: ConstantInputWarning: An input array is constant; the correlation coefficient is not defined.
  sc = spearmanr(y[tr][iva], pred).correlation
/workspace_developability_acquisition/gate_b2/scripts/04_modeling.py:115: ConstantInputWarning: An input array is constant; the correlation coefficient is not defined.
  sc = spearmanr(y[tr][iva], pred).correlation
/workspace_developability_acquisition/gate_b2/scripts/04_modeling.py:115: ConstantInputWarning: An input array is constant; the correlation coefficient is not defined.
  sc = spearmanr(y[tr][iva], pred).correlation
RUN shadow_2 HIC ABB_INTERFACE Ridge d=8
RUN shadow_2 HIC ABB_INTERFACE ElasticNet d=8
/workspace_developability_acquisition/gate_b2/scripts/04_modeling.py:115: ConstantInputWarning: An input array is constant; the correlation coefficient is not defined.
  sc = spearmanr(y[tr][iva], pred).correlation
/workspace_developability_acquisition/gate_b2/scripts/04_modeling.py:115: ConstantInputWarning: An input array is constant; the correlation coefficient is not defined.
  sc = spearmanr(y[tr][iva], pred).correlation
/workspace_developability_acquisition/gate_b2/scripts/04_modeling.py:115: ConstantInputWarning: An input array is constant; the correlation coefficient is not defined.
  sc = spearmanr(y[tr][iva], pred).correlation
/workspace_developability_acquisition/gate_b2/scripts/04_modeling.py:115: ConstantInputWarning: An input array is constant; the correlation coefficient is not defined.
  sc = spearmanr(y[tr][iva], pred).correlation
/workspace_developability_acquisition/gate_b2/scripts/04_modeling.py:115: ConstantInputWarning: An input array is constant; the correlation coefficient is not defined.
  sc = spearmanr(y[tr][iva], pred).correlation
/workspace_developability_acquisition/gate_b2/scripts/04_modeling.py:115: ConstantInputWarning: An input array is constant; the correlation coefficient is not defined.
  sc = spearmanr(y[tr][iva], pred).correlation
/workspace_developability_acquisition/gate_b2/scripts/04_modeling.py:115: ConstantInputWarning: An input array is constant; the correlation coefficient is not defined.
  sc = spearmanr(y[tr][iva], pred).correlation
/workspace_developability_acquisition/gate_b2/scripts/04_modeling.py:115: ConstantInputWarning: An input array is constant; the correlation coefficient is not defined.
  sc = spearmanr(y[tr][iva], pred).correlation
/workspace_developability_acquisition/gate_b2/scripts/04_modeling.py:115: ConstantInputWarning: An input array is constant; the correlation coefficient is not defined.
  sc = spearmanr(y[tr][iva], pred).correlation
/workspace_developability_acquisition/gate_b2/scripts/04_modeling.py:115: ConstantInputWarning: An input array is constant; the correlation coefficient is not defined.
  sc = spearmanr(y[tr][iva], pred).correlation
/workspace_developability_acquisition/gate_b2/scripts/04_modeling.py:115: ConstantInputWarning: An input array is constant; the correlation coefficient is not defined.
  sc = spearmanr(y[tr][iva], pred).correlation
/workspace_developability_acquisition/gate_b2/scripts/04_modeling.py:115: ConstantInputWarning: An input array is constant; the correlation coefficient is not defined.
  sc = spearmanr(y[tr][iva], pred).correlation
/workspace_developability_acquisition/gate_b2/scripts/04_modeling.py:115: ConstantInputWarning: An input array is constant; the correlation coefficient is not defined.
  sc = spearmanr(y[tr][iva], pred).correlation
/workspace_developability_acquisition/gate_b2/scripts/04_modeling.py:115: ConstantInputWarning: An input array is constant; the correlation coefficient is not defined.
  sc = spearmanr(y[tr][iva], pred).correlation
/workspace_developability_acquisition/gate_b2/scripts/04_modeling.py:115: ConstantInputWarning: An input array is constant; the correlation coefficient is not defined.
  sc = spearmanr(y[tr][iva], pred).correlation
/workspace_developability_acquisition/gate_b2/scripts/04_modeling.py:115: ConstantInputWarning: An input array is constant; the correlation coefficient is not defined.
  sc = spearmanr(y[tr][iva], pred).correlation
/workspace_developability_acquisition/gate_b2/scripts/04_modeling.py:115: ConstantInputWarning: An input array is constant; the correlation coefficient is not defined.
  sc = spearmanr(y[tr][iva], pred).correlation
/workspace_developability_acquisition/gate_b2/scripts/04_modeling.py:115: ConstantInputWarning: An input array is constant; the correlation coefficient is not defined.
  sc = spearmanr(y[tr][iva], pred).correlation
/workspace_developability_acquisition/gate_b2/scripts/04_modeling.py:115: ConstantInputWarning: An input array is constant; the correlation coefficient is not defined.
  sc = spearmanr(y[tr][iva], pred).correlation
/workspace_developability_acquisition/gate_b2/scripts/04_modeling.py:115: ConstantInputWarning: An input array is constant; the correlation coefficient is not defined.
  sc = spearmanr(y[tr][iva], pred).correlation
/workspace_developability_acquisition/gate_b2/scripts/04_modeling.py:115: ConstantInputWarning: An input array is constant; the correlation coefficient is not defined.
  sc = spearmanr(y[tr][iva], pred).correlation
/workspace_developability_acquisition/gate_b2/scripts/04_modeling.py:115: ConstantInputWarning: An input array is constant; the correlation coefficient is not defined.
  sc = spearmanr(y[tr][iva], pred).correlation
/workspace_developability_acquisition/gate_b2/scripts/04_modeling.py:115: ConstantInputWarning: An input array is constant; the correlation coefficient is not defined.
  sc = spearmanr(y[tr][iva], pred).correlation
/workspace_developability_acquisition/gate_b2/scripts/04_modeling.py:115: ConstantInputWarning: An input array is constant; the correlation coefficient is not defined.
  sc = spearmanr(y[tr][iva], pred).correlation
/workspace_developability_acquisition/gate_b2/scripts/04_modeling.py:115: ConstantInputWarning: An input array is constant; the correlation coefficient is not defined.
  sc = spearmanr(y[tr][iva], pred).correlation
/workspace_developability_acquisition/gate_b2/scripts/04_modeling.py:115: ConstantInputWarning: An input array is constant; the correlation coefficient is not defined.
  sc = spearmanr(y[tr][iva], pred).correlation
/workspace_developability_acquisition/gate_b2/scripts/04_modeling.py:115: ConstantInputWarning: An input array is constant; the correlation coefficient is not defined.
  sc = spearmanr(y[tr][iva], pred).correlation
/workspace_developability_acquisition/gate_b2/scripts/04_modeling.py:115: ConstantInputWarning: An input array is constant; the correlation coefficient is not defined.
  sc = spearmanr(y[tr][iva], pred).correlation
/workspace_developability_acquisition/gate_b2/scripts/04_modeling.py:115: ConstantInputWarning: An input array is constant; the correlation coefficient is not defined.
  sc = spearmanr(y[tr][iva], pred).correlation
/workspace_developability_acquisition/gate_b2/scripts/04_modeling.py:115: ConstantInputWarning: An input array is constant; the correlation coefficient is not defined.
  sc = spearmanr(y[tr][iva], pred).correlation
/workspace_developability_acquisition/gate_b2/scripts/04_modeling.py:115: ConstantInputWarning: An input array is constant; the correlation coefficient is not defined.
  sc = spearmanr(y[tr][iva], pred).correlation
/workspace_developability_acquisition/gate_b2/scripts/04_modeling.py:115: ConstantInputWarning: An input array is constant; the correlation coefficient is not defined.
  sc = spearmanr(y[tr][iva], pred).correlation
/workspace_developability_acquisition/gate_b2/scripts/04_modeling.py:115: ConstantInputWarning: An input array is constant; the correlation coefficient is not defined.
  sc = spearmanr(y[tr][iva], pred).correlation
/workspace_developability_acquisition/gate_b2/scripts/04_modeling.py:115: ConstantInputWarning: An input array is constant; the correlation coefficient is not defined.
  sc = spearmanr(y[tr][iva], pred).correlation
/workspace_developability_acquisition/gate_b2/scripts/04_modeling.py:115: ConstantInputWarning: An input array is constant; the correlation coefficient is not defined.
  sc = spearmanr(y[tr][iva], pred).correlation
/workspace_developability_acquisition/gate_b2/scripts/04_modeling.py:115: ConstantInputWarning: An input array is constant; the correlation coefficient is not defined.
  sc = spearmanr(y[tr][iva], pred).correlation
RUN shadow_2 HIC ABB_ALL Ridge d=247
RUN shadow_2 HIC ESMF_NATIVE_SASA Ridge d=58
RUN shadow_2 HIC ESMF_NATIVE_SASA ElasticNet d=58
/workspace_developability_acquisition/gate_b2/scripts/04_modeling.py:115: ConstantInputWarning: An input array is constant; the correlation coefficient is not defined.
  sc = spearmanr(y[tr][iva], pred).correlation
/workspace_developability_acquisition/gate_b2/scripts/04_modeling.py:115: ConstantInputWarning: An input array is constant; the correlation coefficient is not defined.
  sc = spearmanr(y[tr][iva], pred).correlation
/workspace_developability_acquisition/gate_b2/scripts/04_modeling.py:115: ConstantInputWarning: An input array is constant; the correlation coefficient is not defined.
  sc = spearmanr(y[tr][iva], pred).correlation
/workspace_developability_acquisition/gate_b2/scripts/04_modeling.py:115: ConstantInputWarning: An input array is constant; the correlation coefficient is not defined.
  sc = spearmanr(y[tr][iva], pred).correlation
/workspace_developability_acquisition/gate_b2/scripts/04_modeling.py:115: ConstantInputWarning: An input array is constant; the correlation coefficient is not defined.
  sc = spearmanr(y[tr][iva], pred).correlation
/workspace_developability_acquisition/gate_b2/scripts/04_modeling.py:115: ConstantInputWarning: An input array is constant; the correlation coefficient is not defined.
  sc = spearmanr(y[tr][iva], pred).correlation
/workspace_developability_acquisition/gate_b2/scripts/04_modeling.py:115: ConstantInputWarning: An input array is constant; the correlation coefficient is not defined.
  sc = spearmanr(y[tr][iva], pred).correlation
/workspace_developability_acquisition/gate_b2/scripts/04_modeling.py:115: ConstantInputWarning: An input array is constant; the correlation coefficient is not defined.
  sc = spearmanr(y[tr][iva], pred).correlation
/workspace_developability_acquisition/gate_b2/scripts/04_modeling.py:115: ConstantInputWarning: An input array is constant; the correlation coefficient is not defined.
  sc = spearmanr(y[tr][iva], pred).correlation
/workspace_developability_acquisition/gate_b2/scripts/04_modeling.py:115: ConstantInputWarning: An input array is constant; the correlation coefficient is not defined.
  sc = spearmanr(y[tr][iva], pred).correlation
/workspace_developability_acquisition/gate_b2/scripts/04_modeling.py:115: ConstantInputWarning: An input array is constant; the correlation coefficient is not defined.
  sc = spearmanr(y[tr][iva], pred).correlation
/workspace_developability_acquisition/gate_b2/scripts/04_modeling.py:115: ConstantInputWarning: An input array is constant; the correlation coefficient is not defined.
  sc = spearmanr(y[tr][iva], pred).correlation
/workspace_developability_acquisition/gate_b2/scripts/04_modeling.py:115: ConstantInputWarning: An input array is constant; the correlation coefficient is not defined.
  sc = spearmanr(y[tr][iva], pred).correlation
/workspace_developability_acquisition/gate_b2/scripts/04_modeling.py:115: ConstantInputWarning: An input array is constant; the correlation coefficient is not defined.
  sc = spearmanr(y[tr][iva], pred).correlation
/workspace_developability_acquisition/gate_b2/scripts/04_modeling.py:115: ConstantInputWarning: An input array is constant; the correlation coefficient is not defined.
  sc = spearmanr(y[tr][iva], pred).correlation
/workspace_developability_acquisition/gate_b2/scripts/04_modeling.py:115: ConstantInputWarning: An input array is constant; the correlation coefficient is not defined.
  sc = spearmanr(y[tr][iva], pred).correlation
/workspace_developability_acquisition/gate_b2/scripts/04_modeling.py:115: ConstantInputWarning: An input array is constant; the correlation coefficient is not defined.
  sc = spearmanr(y[tr][iva], pred).correlation
/workspace_developability_acquisition/gate_b2/scripts/04_modeling.py:115: ConstantInputWarning: An input array is constant; the correlation coefficient is not defined.
  sc = spearmanr(y[tr][iva], pred).correlation
/workspace_developability_acquisition/gate_b2/scripts/04_modeling.py:115: ConstantInputWarning: An input array is constant; the correlation coefficient is not defined.
  sc = spearmanr(y[tr][iva], pred).correlation
/workspace_developability_acquisition/gate_b2/scripts/04_modeling.py:115: ConstantInputWarning: An input array is constant; the correlation coefficient is not defined.
  sc = spearmanr(y[tr][iva], pred).correlation
/workspace_developability_acquisition/gate_b2/scripts/04_modeling.py:115: ConstantInputWarning: An input array is constant; the correlation coefficient is not defined.
  sc = spearmanr(y[tr][iva], pred).correlation
/workspace_developability_acquisition/gate_b2/scripts/04_modeling.py:115: ConstantInputWarning: An input array is constant; the correlation coefficient is not defined.
  sc = spearmanr(y[tr][iva], pred).correlation
/workspace_developability_acquisition/gate_b2/scripts/04_modeling.py:115: ConstantInputWarning: An input array is constant; the correlation coefficient is not defined.
  sc = spearmanr(y[tr][iva], pred).correlation
/workspace_developability_acquisition/gate_b2/scripts/04_modeling.py:115: ConstantInputWarning: An input array is constant; the correlation coefficient is not defined.
  sc = spearmanr(y[tr][iva], pred).correlation
/workspace_developability_acquisition/gate_b2/scripts/04_modeling.py:115: ConstantInputWarning: An input array is constant; the correlation coefficient is not defined.
  sc = spearmanr(y[tr][iva], pred).correlation
/workspace_developability_acquisition/gate_b2/scripts/04_modeling.py:115: ConstantInputWarning: An input array is constant; the correlation coefficient is not defined.
  sc = spearmanr(y[tr][iva], pred).correlation
RUN shadow_2 HIC ESMF_NATIVE_SASA_RASA Ridge d=114
RUN shadow_2 HIC ESMF_NATIVE_SASA_RASA ElasticNet d=114
/workspace_developability_acquisition/gate_b2/scripts/04_modeling.py:115: ConstantInputWarning: An input array is constant; the correlation coefficient is not defined.
  sc = spearmanr(y[tr][iva], pred).correlation
/workspace_developability_acquisition/gate_b2/scripts/04_modeling.py:115: ConstantInputWarning: An input array is constant; the correlation coefficient is not defined.
  sc = spearmanr(y[tr][iva], pred).correlation
/workspace_developability_acquisition/gate_b2/scripts/04_modeling.py:115: ConstantInputWarning: An input array is constant; the correlation coefficient is not defined.
  sc = spearmanr(y[tr][iva], pred).correlation
/workspace_developability_acquisition/gate_b2/scripts/04_modeling.py:115: ConstantInputWarning: An input array is constant; the correlation coefficient is not defined.
  sc = spearmanr(y[tr][iva], pred).correlation
/workspace_developability_acquisition/gate_b2/scripts/04_modeling.py:115: ConstantInputWarning: An input array is constant; the correlation coefficient is not defined.
  sc = spearmanr(y[tr][iva], pred).correlation
/workspace_developability_acquisition/gate_b2/scripts/04_modeling.py:115: ConstantInputWarning: An input array is constant; the correlation coefficient is not defined.
  sc = spearmanr(y[tr][iva], pred).correlation
/workspace_developability_acquisition/gate_b2/scripts/04_modeling.py:115: ConstantInputWarning: An input array is constant; the correlation coefficient is not defined.
  sc = spearmanr(y[tr][iva], pred).correlation
/workspace_developability_acquisition/gate_b2/scripts/04_modeling.py:115: ConstantInputWarning: An input array is constant; the correlation coefficient is not defined.
  sc = spearmanr(y[tr][iva], pred).correlation
/workspace_developability_acquisition/gate_b2/scripts/04_modeling.py:115: ConstantInputWarning: An input array is constant; the correlation coefficient is not defined.
  sc = spearmanr(y[tr][iva], pred).correlation
/workspace_developability_acquisition/gate_b2/scripts/04_modeling.py:115: ConstantInputWarning: An input array is constant; the correlation coefficient is not defined.
  sc = spearmanr(y[tr][iva], pred).correlation
/workspace_developability_acquisition/gate_b2/scripts/04_modeling.py:115: ConstantInputWarning: An input array is constant; the correlation coefficient is not defined.
  sc = spearmanr(y[tr][iva], pred).correlation
/workspace_developability_acquisition/gate_b2/scripts/04_modeling.py:115: ConstantInputWarning: An input array is constant; the correlation coefficient is not defined.
  sc = spearmanr(y[tr][iva], pred).correlation
/workspace_developability_acquisition/gate_b2/scripts/04_modeling.py:115: ConstantInputWarning: An input array is constant; the correlation coefficient is not defined.
  sc = spearmanr(y[tr][iva], pred).correlation
/workspace_developability_acquisition/gate_b2/scripts/04_modeling.py:115: ConstantInputWarning: An input array is constant; the correlation coefficient is not defined.
  sc = spearmanr(y[tr][iva], pred).correlation
/workspace_developability_acquisition/gate_b2/scripts/04_modeling.py:115: ConstantInputWarning: An input array is constant; the correlation coefficient is not defined.
  sc = spearmanr(y[tr][iva], pred).correlation
/workspace_developability_acquisition/gate_b2/scripts/04_modeling.py:115: ConstantInputWarning: An input array is constant; the correlation coefficient is not defined.
  sc = spearmanr(y[tr][iva], pred).correlation
/workspace_developability_acquisition/gate_b2/scripts/04_modeling.py:115: ConstantInputWarning: An input array is constant; the correlation coefficient is not defined.
  sc = spearmanr(y[tr][iva], pred).correlation
/workspace_developability_acquisition/gate_b2/scripts/04_modeling.py:115: ConstantInputWarning: An input array is constant; the correlation coefficient is not defined.
  sc = spearmanr(y[tr][iva], pred).correlation
/workspace_developability_acquisition/gate_b2/scripts/04_modeling.py:115: ConstantInputWarning: An input array is constant; the correlation coefficient is not defined.
  sc = spearmanr(y[tr][iva], pred).correlation
/workspace_developability_acquisition/gate_b2/scripts/04_modeling.py:115: ConstantInputWarning: An input array is constant; the correlation coefficient is not defined.
  sc = spearmanr(y[tr][iva], pred).correlation
/workspace_developability_acquisition/gate_b2/scripts/04_modeling.py:115: ConstantInputWarning: An input array is constant; the correlation coefficient is not defined.
  sc = spearmanr(y[tr][iva], pred).correlation
/workspace_developability_acquisition/gate_b2/scripts/04_modeling.py:115: ConstantInputWarning: An input array is constant; the correlation coefficient is not defined.
  sc = spearmanr(y[tr][iva], pred).correlation
/workspace_developability_acquisition/gate_b2/scripts/04_modeling.py:115: ConstantInputWarning: An input array is constant; the correlation coefficient is not defined.
  sc = spearmanr(y[tr][iva], pred).correlation
/workspace_developability_acquisition/gate_b2/scripts/04_modeling.py:115: ConstantInputWarning: An input array is constant; the correlation coefficient is not defined.
  sc = spearmanr(y[tr][iva], pred).correlation
/workspace_developability_acquisition/gate_b2/scripts/04_modeling.py:115: ConstantInputWarning: An input array is constant; the correlation coefficient is not defined.
  sc = spearmanr(y[tr][iva], pred).correlation
/workspace_developability_acquisition/gate_b2/scripts/04_modeling.py:115: ConstantInputWarning: An input array is constant; the correlation coefficient is not defined.
  sc = spearmanr(y[tr][iva], pred).correlation
RUN shadow_2 HIC ESMF_NATIVE_SURFACE Ridge d=56
RUN shadow_2 HIC ESMF_NATIVE_SURFACE ElasticNet d=56
/workspace_developability_acquisition/gate_b2/scripts/04_modeling.py:115: ConstantInputWarning: An input array is constant; the correlation coefficient is not defined.
  sc = spearmanr(y[tr][iva], pred).correlation
/workspace_developability_acquisition/gate_b2/scripts/04_modeling.py:115: ConstantInputWarning: An input array is constant; the correlation coefficient is not defined.
  sc = spearmanr(y[tr][iva], pred).correlation
/workspace_developability_acquisition/gate_b2/scripts/04_modeling.py:115: ConstantInputWarning: An input array is constant; the correlation coefficient is not defined.
  sc = spearmanr(y[tr][iva], pred).correlation
/workspace_developability_acquisition/gate_b2/scripts/04_modeling.py:115: ConstantInputWarning: An input array is constant; the correlation coefficient is not defined.
  sc = spearmanr(y[tr][iva], pred).correlation
/workspace_developability_acquisition/gate_b2/scripts/04_modeling.py:115: ConstantInputWarning: An input array is constant; the correlation coefficient is not defined.
  sc = spearmanr(y[tr][iva], pred).correlation
/workspace_developability_acquisition/gate_b2/scripts/04_modeling.py:115: ConstantInputWarning: An input array is constant; the correlation coefficient is not defined.
  sc = spearmanr(y[tr][iva], pred).correlation
/workspace_developability_acquisition/gate_b2/scripts/04_modeling.py:115: ConstantInputWarning: An input array is constant; the correlation coefficient is not defined.
  sc = spearmanr(y[tr][iva], pred).correlation
/workspace_developability_acquisition/gate_b2/scripts/04_modeling.py:115: ConstantInputWarning: An input array is constant; the correlation coefficient is not defined.
  sc = spearmanr(y[tr][iva], pred).correlation
/workspace_developability_acquisition/gate_b2/scripts/04_modeling.py:115: ConstantInputWarning: An input array is constant; the correlation coefficient is not defined.
  sc = spearmanr(y[tr][iva], pred).correlation
/workspace_developability_acquisition/gate_b2/scripts/04_modeling.py:115: ConstantInputWarning: An input array is constant; the correlation coefficient is not defined.
  sc = spearmanr(y[tr][iva], pred).correlation
/workspace_developability_acquisition/gate_b2/scripts/04_modeling.py:115: ConstantInputWarning: An input array is constant; the correlation coefficient is not defined.
  sc = spearmanr(y[tr][iva], pred).correlation
/workspace_developability_acquisition/gate_b2/scripts/04_modeling.py:115: ConstantInputWarning: An input array is constant; the correlation coefficient is not defined.
  sc = spearmanr(y[tr][iva], pred).correlation
/workspace_developability_acquisition/gate_b2/scripts/04_modeling.py:115: ConstantInputWarning: An input array is constant; the correlation coefficient is not defined.
  sc = spearmanr(y[tr][iva], pred).correlation
/workspace_developability_acquisition/gate_b2/scripts/04_modeling.py:115: ConstantInputWarning: An input array is constant; the correlation coefficient is not defined.
  sc = spearmanr(y[tr][iva], pred).correlation
/workspace_developability_acquisition/gate_b2/scripts/04_modeling.py:115: ConstantInputWarning: An input array is constant; the correlation coefficient is not defined.
  sc = spearmanr(y[tr][iva], pred).correlation
/workspace_developability_acquisition/gate_b2/scripts/04_modeling.py:115: ConstantInputWarning: An input array is constant; the correlation coefficient is not defined.
  sc = spearmanr(y[tr][iva], pred).correlation
/workspace_developability_acquisition/gate_b2/scripts/04_modeling.py:115: ConstantInputWarning: An input array is constant; the correlation coefficient is not defined.
  sc = spearmanr(y[tr][iva], pred).correlation
/workspace_developability_acquisition/gate_b2/scripts/04_modeling.py:115: ConstantInputWarning: An input array is constant; the correlation coefficient is not defined.
  sc = spearmanr(y[tr][iva], pred).correlation
/workspace_developability_acquisition/gate_b2/scripts/04_modeling.py:115: ConstantInputWarning: An input array is constant; the correlation coefficient is not defined.
  sc = spearmanr(y[tr][iva], pred).correlation
/workspace_developability_acquisition/gate_b2/scripts/04_modeling.py:115: ConstantInputWarning: An input array is constant; the correlation coefficient is not defined.
  sc = spearmanr(y[tr][iva], pred).correlation
/workspace_developability_acquisition/gate_b2/scripts/04_modeling.py:115: ConstantInputWarning: An input array is constant; the correlation coefficient is not defined.
  sc = spearmanr(y[tr][iva], pred).correlation
/workspace_developability_acquisition/gate_b2/scripts/04_modeling.py:115: ConstantInputWarning: An input array is constant; the correlation coefficient is not defined.
  sc = spearmanr(y[tr][iva], pred).correlation
/workspace_developability_acquisition/gate_b2/scripts/04_modeling.py:115: ConstantInputWarning: An input array is constant; the correlation coefficient is not defined.
  sc = spearmanr(y[tr][iva], pred).correlation
/workspace_developability_acquisition/gate_b2/scripts/04_modeling.py:115: ConstantInputWarning: An input array is constant; the correlation coefficient is not defined.
  sc = spearmanr(y[tr][iva], pred).correlation
/workspace_developability_acquisition/gate_b2/scripts/04_modeling.py:115: ConstantInputWarning: An input array is constant; the correlation coefficient is not defined.
  sc = spearmanr(y[tr][iva], pred).correlation
/workspace_developability_acquisition/gate_b2/scripts/04_modeling.py:115: ConstantInputWarning: An input array is constant; the correlation coefficient is not defined.
  sc = spearmanr(y[tr][iva], pred).correlation
RUN shadow_2 HIC ESMF_NATIVE_SURFACE_RASAW Ridge d=56
RUN shadow_2 HIC ESMF_NATIVE_SURFACE_RASAW ElasticNet d=56
/workspace_developability_acquisition/gate_b2/scripts/04_modeling.py:115: ConstantInputWarning: An input array is constant; the correlation coefficient is not defined.
  sc = spearmanr(y[tr][iva], pred).correlation
/workspace_developability_acquisition/gate_b2/scripts/04_modeling.py:115: ConstantInputWarning: An input array is constant; the correlation coefficient is not defined.
  sc = spearmanr(y[tr][iva], pred).correlation
/workspace_developability_acquisition/gate_b2/scripts/04_modeling.py:115: ConstantInputWarning: An input array is constant; the correlation coefficient is not defined.
  sc = spearmanr(y[tr][iva], pred).correlation
/workspace_developability_acquisition/gate_b2/scripts/04_modeling.py:115: ConstantInputWarning: An input array is constant; the correlation coefficient is not defined.
  sc = spearmanr(y[tr][iva], pred).correlation
/workspace_developability_acquisition/gate_b2/scripts/04_modeling.py:115: ConstantInputWarning: An input array is constant; the correlation coefficient is not defined.
  sc = spearmanr(y[tr][iva], pred).correlation
/workspace_developability_acquisition/gate_b2/scripts/04_modeling.py:115: ConstantInputWarning: An input array is constant; the correlation coefficient is not defined.
  sc = spearmanr(y[tr][iva], pred).correlation
/workspace_developability_acquisition/gate_b2/scripts/04_modeling.py:115: ConstantInputWarning: An input array is constant; the correlation coefficient is not defined.
  sc = spearmanr(y[tr][iva], pred).correlation
/workspace_developability_acquisition/gate_b2/scripts/04_modeling.py:115: ConstantInputWarning: An input array is constant; the correlation coefficient is not defined.
  sc = spearmanr(y[tr][iva], pred).correlation
/workspace_developability_acquisition/gate_b2/scripts/04_modeling.py:115: ConstantInputWarning: An input array is constant; the correlation coefficient is not defined.
  sc = spearmanr(y[tr][iva], pred).correlation
/workspace_developability_acquisition/gate_b2/scripts/04_modeling.py:115: ConstantInputWarning: An input array is constant; the correlation coefficient is not defined.
  sc = spearmanr(y[tr][iva], pred).correlation
/workspace_developability_acquisition/gate_b2/scripts/04_modeling.py:115: ConstantInputWarning: An input array is constant; the correlation coefficient is not defined.
  sc = spearmanr(y[tr][iva], pred).correlation
/workspace_developability_acquisition/gate_b2/scripts/04_modeling.py:115: ConstantInputWarning: An input array is constant; the correlation coefficient is not defined.
  sc = spearmanr(y[tr][iva], pred).correlation
/workspace_developability_acquisition/gate_b2/scripts/04_modeling.py:115: ConstantInputWarning: An input array is constant; the correlation coefficient is not defined.
  sc = spearmanr(y[tr][iva], pred).correlation
/workspace_developability_acquisition/gate_b2/scripts/04_modeling.py:115: ConstantInputWarning: An input array is constant; the correlation coefficient is not defined.
  sc = spearmanr(y[tr][iva], pred).correlation
/workspace_developability_acquisition/gate_b2/scripts/04_modeling.py:115: ConstantInputWarning: An input array is constant; the correlation coefficient is not defined.
  sc = spearmanr(y[tr][iva], pred).correlation
/workspace_developability_acquisition/gate_b2/scripts/04_modeling.py:115: ConstantInputWarning: An input array is constant; the correlation coefficient is not defined.
  sc = spearmanr(y[tr][iva], pred).correlation
/workspace_developability_acquisition/gate_b2/scripts/04_modeling.py:115: ConstantInputWarning: An input array is constant; the correlation coefficient is not defined.
  sc = spearmanr(y[tr][iva], pred).correlation
/workspace_developability_acquisition/gate_b2/scripts/04_modeling.py:115: ConstantInputWarning: An input array is constant; the correlation coefficient is not defined.
  sc = spearmanr(y[tr][iva], pred).correlation
/workspace_developability_acquisition/gate_b2/scripts/04_modeling.py:115: ConstantInputWarning: An input array is constant; the correlation coefficient is not defined.
  sc = spearmanr(y[tr][iva], pred).correlation
/workspace_developability_acquisition/gate_b2/scripts/04_modeling.py:115: ConstantInputWarning: An input array is constant; the correlation coefficient is not defined.
  sc = spearmanr(y[tr][iva], pred).correlation
/workspace_developability_acquisition/gate_b2/scripts/04_modeling.py:115: ConstantInputWarning: An input array is constant; the correlation coefficient is not defined.
  sc = spearmanr(y[tr][iva], pred).correlation
/workspace_developability_acquisition/gate_b2/scripts/04_modeling.py:115: ConstantInputWarning: An input array is constant; the correlation coefficient is not defined.
  sc = spearmanr(y[tr][iva], pred).correlation
/workspace_developability_acquisition/gate_b2/scripts/04_modeling.py:115: ConstantInputWarning: An input array is constant; the correlation coefficient is not defined.
  sc = spearmanr(y[tr][iva], pred).correlation
/workspace_developability_acquisition/gate_b2/scripts/04_modeling.py:115: ConstantInputWarning: An input array is constant; the correlation coefficient is not defined.
  sc = spearmanr(y[tr][iva], pred).correlation
/workspace_developability_acquisition/gate_b2/scripts/04_modeling.py:115: ConstantInputWarning: An input array is constant; the correlation coefficient is not defined.
  sc = spearmanr(y[tr][iva], pred).correlation
/workspace_developability_acquisition/gate_b2/scripts/04_modeling.py:115: ConstantInputWarning: An input array is constant; the correlation coefficient is not defined.
  sc = spearmanr(y[tr][iva], pred).correlation
/workspace_developability_acquisition/gate_b2/scripts/04_modeling.py:115: ConstantInputWarning: An input array is constant; the correlation coefficient is not defined.
  sc = spearmanr(y[tr][iva], pred).correlation
/workspace_developability_acquisition/gate_b2/scripts/04_modeling.py:115: ConstantInputWarning: An input array is constant; the correlation coefficient is not defined.
  sc = spearmanr(y[tr][iva], pred).correlation
/workspace_developability_acquisition/gate_b2/scripts/04_modeling.py:115: ConstantInputWarning: An input array is constant; the correlation coefficient is not defined.
  sc = spearmanr(y[tr][iva], pred).correlation
/workspace_developability_acquisition/gate_b2/scripts/04_modeling.py:115: ConstantInputWarning: An input array is constant; the correlation coefficient is not defined.
  sc = spearmanr(y[tr][iva], pred).correlation
RUN shadow_2 HIC ESMF_NATIVE_ALL_SURFACE Ridge d=154
RUN shadow_2 HIC ESMF_NATIVE_ALL_SURFACE ElasticNet d=154
/workspace_developability_acquisition/gate_b2/scripts/04_modeling.py:115: ConstantInputWarning: An input array is constant; the correlation coefficient is not defined.
  sc = spearmanr(y[tr][iva], pred).correlation
/workspace_developability_acquisition/gate_b2/scripts/04_modeling.py:115: ConstantInputWarning: An input array is constant; the correlation coefficient is not defined.
  sc = spearmanr(y[tr][iva], pred).correlation
/workspace_developability_acquisition/gate_b2/scripts/04_modeling.py:115: ConstantInputWarning: An input array is constant; the correlation coefficient is not defined.
  sc = spearmanr(y[tr][iva], pred).correlation
/workspace_developability_acquisition/gate_b2/scripts/04_modeling.py:115: ConstantInputWarning: An input array is constant; the correlation coefficient is not defined.
  sc = spearmanr(y[tr][iva], pred).correlation
/workspace_developability_acquisition/gate_b2/scripts/04_modeling.py:115: ConstantInputWarning: An input array is constant; the correlation coefficient is not defined.
  sc = spearmanr(y[tr][iva], pred).correlation
/workspace_developability_acquisition/gate_b2/scripts/04_modeling.py:115: ConstantInputWarning: An input array is constant; the correlation coefficient is not defined.
  sc = spearmanr(y[tr][iva], pred).correlation
/workspace_developability_acquisition/gate_b2/scripts/04_modeling.py:115: ConstantInputWarning: An input array is constant; the correlation coefficient is not defined.
  sc = spearmanr(y[tr][iva], pred).correlation
/workspace_developability_acquisition/gate_b2/scripts/04_modeling.py:115: ConstantInputWarning: An input array is constant; the correlation coefficient is not defined.
  sc = spearmanr(y[tr][iva], pred).correlation
/workspace_developability_acquisition/gate_b2/scripts/04_modeling.py:115: ConstantInputWarning: An input array is constant; the correlation coefficient is not defined.
  sc = spearmanr(y[tr][iva], pred).correlation
/workspace_developability_acquisition/gate_b2/scripts/04_modeling.py:115: ConstantInputWarning: An input array is constant; the correlation coefficient is not defined.
  sc = spearmanr(y[tr][iva], pred).correlation
/workspace_developability_acquisition/gate_b2/scripts/04_modeling.py:115: ConstantInputWarning: An input array is constant; the correlation coefficient is not defined.
  sc = spearmanr(y[tr][iva], pred).correlation
/workspace_developability_acquisition/gate_b2/scripts/04_modeling.py:115: ConstantInputWarning: An input array is constant; the correlation coefficient is not defined.
  sc = spearmanr(y[tr][iva], pred).correlation
/workspace_developability_acquisition/gate_b2/scripts/04_modeling.py:115: ConstantInputWarning: An input array is constant; the correlation coefficient is not defined.
  sc = spearmanr(y[tr][iva], pred).correlation
/workspace_developability_acquisition/gate_b2/scripts/04_modeling.py:115: ConstantInputWarning: An input array is constant; the correlation coefficient is not defined.
  sc = spearmanr(y[tr][iva], pred).correlation
/workspace_developability_acquisition/gate_b2/scripts/04_modeling.py:115: ConstantInputWarning: An input array is constant; the correlation coefficient is not defined.
  sc = spearmanr(y[tr][iva], pred).correlation
/workspace_developability_acquisition/gate_b2/scripts/04_modeling.py:115: ConstantInputWarning: An input array is constant; the correlation coefficient is not defined.
  sc = spearmanr(y[tr][iva], pred).correlation
/workspace_developability_acquisition/gate_b2/scripts/04_modeling.py:115: ConstantInputWarning: An input array is constant; the correlation coefficient is not defined.
  sc = spearmanr(y[tr][iva], pred).correlation
/workspace_developability_acquisition/gate_b2/scripts/04_modeling.py:115: ConstantInputWarning: An input array is constant; the correlation coefficient is not defined.
  sc = spearmanr(y[tr][iva], pred).correlation
/workspace_developability_acquisition/gate_b2/scripts/04_modeling.py:115: ConstantInputWarning: An input array is constant; the correlation coefficient is not defined.
  sc = spearmanr(y[tr][iva], pred).correlation
/workspace_developability_acquisition/gate_b2/scripts/04_modeling.py:115: ConstantInputWarning: An input array is constant; the correlation coefficient is not defined.
  sc = spearmanr(y[tr][iva], pred).correlation
/workspace_developability_acquisition/gate_b2/scripts/04_modeling.py:115: ConstantInputWarning: An input array is constant; the correlation coefficient is not defined.
  sc = spearmanr(y[tr][iva], pred).correlation
/workspace_developability_acquisition/gate_b2/scripts/04_modeling.py:115: ConstantInputWarning: An input array is constant; the correlation coefficient is not defined.
  sc = spearmanr(y[tr][iva], pred).correlation
/workspace_developability_acquisition/gate_b2/scripts/04_modeling.py:115: ConstantInputWarning: An input array is constant; the correlation coefficient is not defined.
  sc = spearmanr(y[tr][iva], pred).correlation
/workspace_developability_acquisition/gate_b2/scripts/04_modeling.py:115: ConstantInputWarning: An input array is constant; the correlation coefficient is not defined.
  sc = spearmanr(y[tr][iva], pred).correlation
/workspace_developability_acquisition/gate_b2/scripts/04_modeling.py:115: ConstantInputWarning: An input array is constant; the correlation coefficient is not defined.
  sc = spearmanr(y[tr][iva], pred).correlation
/workspace_developability_acquisition/gate_b2/scripts/04_modeling.py:115: ConstantInputWarning: An input array is constant; the correlation coefficient is not defined.
  sc = spearmanr(y[tr][iva], pred).correlation
RUN shadow_2 HIC ESMF_NATIVE_PATCH Ridge d=7
RUN shadow_2 HIC ESMF_NATIVE_PATCH ElasticNet d=7
/workspace_developability_acquisition/gate_b2/scripts/04_modeling.py:115: ConstantInputWarning: An input array is constant; the correlation coefficient is not defined.
  sc = spearmanr(y[tr][iva], pred).correlation
/workspace_developability_acquisition/gate_b2/scripts/04_modeling.py:115: ConstantInputWarning: An input array is constant; the correlation coefficient is not defined.
  sc = spearmanr(y[tr][iva], pred).correlation
/workspace_developability_acquisition/gate_b2/scripts/04_modeling.py:115: ConstantInputWarning: An input array is constant; the correlation coefficient is not defined.
  sc = spearmanr(y[tr][iva], pred).correlation
/workspace_developability_acquisition/gate_b2/scripts/04_modeling.py:115: ConstantInputWarning: An input array is constant; the correlation coefficient is not defined.
  sc = spearmanr(y[tr][iva], pred).correlation
/workspace_developability_acquisition/gate_b2/scripts/04_modeling.py:115: ConstantInputWarning: An input array is constant; the correlation coefficient is not defined.
  sc = spearmanr(y[tr][iva], pred).correlation
/workspace_developability_acquisition/gate_b2/scripts/04_modeling.py:115: ConstantInputWarning: An input array is constant; the correlation coefficient is not defined.
  sc = spearmanr(y[tr][iva], pred).correlation
/workspace_developability_acquisition/gate_b2/scripts/04_modeling.py:115: ConstantInputWarning: An input array is constant; the correlation coefficient is not defined.
  sc = spearmanr(y[tr][iva], pred).correlation
/workspace_developability_acquisition/gate_b2/scripts/04_modeling.py:115: ConstantInputWarning: An input array is constant; the correlation coefficient is not defined.
  sc = spearmanr(y[tr][iva], pred).correlation
/workspace_developability_acquisition/gate_b2/scripts/04_modeling.py:115: ConstantInputWarning: An input array is constant; the correlation coefficient is not defined.
  sc = spearmanr(y[tr][iva], pred).correlation
/workspace_developability_acquisition/gate_b2/scripts/04_modeling.py:115: ConstantInputWarning: An input array is constant; the correlation coefficient is not defined.
  sc = spearmanr(y[tr][iva], pred).correlation
/workspace_developability_acquisition/gate_b2/scripts/04_modeling.py:115: ConstantInputWarning: An input array is constant; the correlation coefficient is not defined.
  sc = spearmanr(y[tr][iva], pred).correlation
/workspace_developability_acquisition/gate_b2/scripts/04_modeling.py:115: ConstantInputWarning: An input array is constant; the correlation coefficient is not defined.
  sc = spearmanr(y[tr][iva], pred).correlation
/workspace_developability_acquisition/gate_b2/scripts/04_modeling.py:115: ConstantInputWarning: An input array is constant; the correlation coefficient is not defined.
  sc = spearmanr(y[tr][iva], pred).correlation
/workspace_developability_acquisition/gate_b2/scripts/04_modeling.py:115: ConstantInputWarning: An input array is constant; the correlation coefficient is not defined.
  sc = spearmanr(y[tr][iva], pred).correlation
/workspace_developability_acquisition/gate_b2/scripts/04_modeling.py:115: ConstantInputWarning: An input array is constant; the correlation coefficient is not defined.
  sc = spearmanr(y[tr][iva], pred).correlation
/workspace_developability_acquisition/gate_b2/scripts/04_modeling.py:115: ConstantInputWarning: An input array is constant; the correlation coefficient is not defined.
  sc = spearmanr(y[tr][iva], pred).correlation
/workspace_developability_acquisition/gate_b2/scripts/04_modeling.py:115: ConstantInputWarning: An input array is constant; the correlation coefficient is not defined.
  sc = spearmanr(y[tr][iva], pred).correlation
/workspace_developability_acquisition/gate_b2/scripts/04_modeling.py:115: ConstantInputWarning: An input array is constant; the correlation coefficient is not defined.
  sc = spearmanr(y[tr][iva], pred).correlation
/workspace_developability_acquisition/gate_b2/scripts/04_modeling.py:115: ConstantInputWarning: An input array is constant; the correlation coefficient is not defined.
  sc = spearmanr(y[tr][iva], pred).correlation
/workspace_developability_acquisition/gate_b2/scripts/04_modeling.py:115: ConstantInputWarning: An input array is constant; the correlation coefficient is not defined.
  sc = spearmanr(y[tr][iva], pred).correlation
/workspace_developability_acquisition/gate_b2/scripts/04_modeling.py:115: ConstantInputWarning: An input array is constant; the correlation coefficient is not defined.
  sc = spearmanr(y[tr][iva], pred).correlation
/workspace_developability_acquisition/gate_b2/scripts/04_modeling.py:115: ConstantInputWarning: An input array is constant; the correlation coefficient is not defined.
  sc = spearmanr(y[tr][iva], pred).correlation
/workspace_developability_acquisition/gate_b2/scripts/04_modeling.py:115: ConstantInputWarning: An input array is constant; the correlation coefficient is not defined.
  sc = spearmanr(y[tr][iva], pred).correlation
/workspace_developability_acquisition/gate_b2/scripts/04_modeling.py:115: ConstantInputWarning: An input array is constant; the correlation coefficient is not defined.
  sc = spearmanr(y[tr][iva], pred).correlation
/workspace_developability_acquisition/gate_b2/scripts/04_modeling.py:115: ConstantInputWarning: An input array is constant; the correlation coefficient is not defined.
  sc = spearmanr(y[tr][iva], pred).correlation
/workspace_developability_acquisition/gate_b2/scripts/04_modeling.py:115: ConstantInputWarning: An input array is constant; the correlation coefficient is not defined.
  sc = spearmanr(y[tr][iva], pred).correlation
/workspace_developability_acquisition/gate_b2/scripts/04_modeling.py:115: ConstantInputWarning: An input array is constant; the correlation coefficient is not defined.
  sc = spearmanr(y[tr][iva], pred).correlation
/workspace_developability_acquisition/gate_b2/scripts/04_modeling.py:115: ConstantInputWarning: An input array is constant; the correlation coefficient is not defined.
  sc = spearmanr(y[tr][iva], pred).correlation
/workspace_developability_acquisition/gate_b2/scripts/04_modeling.py:115: ConstantInputWarning: An input array is constant; the correlation coefficient is not defined.
  sc = spearmanr(y[tr][iva], pred).correlation
/workspace_developability_acquisition/gate_b2/scripts/04_modeling.py:115: ConstantInputWarning: An input array is constant; the correlation coefficient is not defined.
  sc = spearmanr(y[tr][iva], pred).correlation
/workspace_developability_acquisition/gate_b2/scripts/04_modeling.py:115: ConstantInputWarning: An input array is constant; the correlation coefficient is not defined.
  sc = spearmanr(y[tr][iva], pred).correlation
/workspace_developability_acquisition/gate_b2/scripts/04_modeling.py:115: ConstantInputWarning: An input array is constant; the correlation coefficient is not defined.
  sc = spearmanr(y[tr][iva], pred).correlation
/workspace_developability_acquisition/gate_b2/scripts/04_modeling.py:115: ConstantInputWarning: An input array is constant; the correlation coefficient is not defined.
  sc = spearmanr(y[tr][iva], pred).correlation
/workspace_developability_acquisition/gate_b2/scripts/04_modeling.py:115: ConstantInputWarning: An input array is constant; the correlation coefficient is not defined.
  sc = spearmanr(y[tr][iva], pred).correlation
/workspace_developability_acquisition/gate_b2/scripts/04_modeling.py:115: ConstantInputWarning: An input array is constant; the correlation coefficient is not defined.
  sc = spearmanr(y[tr][iva], pred).correlation
/workspace_developability_acquisition/gate_b2/scripts/04_modeling.py:115: ConstantInputWarning: An input array is constant; the correlation coefficient is not defined.
  sc = spearmanr(y[tr][iva], pred).correlation
/workspace_developability_acquisition/gate_b2/scripts/04_modeling.py:115: ConstantInputWarning: An input array is constant; the correlation coefficient is not defined.
  sc = spearmanr(y[tr][iva], pred).correlation
/workspace_developability_acquisition/gate_b2/scripts/04_modeling.py:115: ConstantInputWarning: An input array is constant; the correlation coefficient is not defined.
  sc = spearmanr(y[tr][iva], pred).correlation
/workspace_developability_acquisition/gate_b2/scripts/04_modeling.py:115: ConstantInputWarning: An input array is constant; the correlation coefficient is not defined.
  sc = spearmanr(y[tr][iva], pred).correlation
/workspace_developability_acquisition/gate_b2/scripts/04_modeling.py:115: ConstantInputWarning: An input array is constant; the correlation coefficient is not defined.
  sc = spearmanr(y[tr][iva], pred).correlation
/workspace_developability_acquisition/gate_b2/scripts/04_modeling.py:115: ConstantInputWarning: An input array is constant; the correlation coefficient is not defined.
  sc = spearmanr(y[tr][iva], pred).correlation
/workspace_developability_acquisition/gate_b2/scripts/04_modeling.py:115: ConstantInputWarning: An input array is constant; the correlation coefficient is not defined.
  sc = spearmanr(y[tr][iva], pred).correlation
RUN shadow_2 HIC ESMF_NATIVE_INTERFACE Ridge d=8
RUN shadow_2 HIC ESMF_NATIVE_INTERFACE ElasticNet d=8
/workspace_developability_acquisition/gate_b2/scripts/04_modeling.py:115: ConstantInputWarning: An input array is constant; the correlation coefficient is not defined.
  sc = spearmanr(y[tr][iva], pred).correlation
/workspace_developability_acquisition/gate_b2/scripts/04_modeling.py:115: ConstantInputWarning: An input array is constant; the correlation coefficient is not defined.
  sc = spearmanr(y[tr][iva], pred).correlation
/workspace_developability_acquisition/gate_b2/scripts/04_modeling.py:115: ConstantInputWarning: An input array is constant; the correlation coefficient is not defined.
  sc = spearmanr(y[tr][iva], pred).correlation
/workspace_developability_acquisition/gate_b2/scripts/04_modeling.py:115: ConstantInputWarning: An input array is constant; the correlation coefficient is not defined.
  sc = spearmanr(y[tr][iva], pred).correlation
/workspace_developability_acquisition/gate_b2/scripts/04_modeling.py:115: ConstantInputWarning: An input array is constant; the correlation coefficient is not defined.
  sc = spearmanr(y[tr][iva], pred).correlation
/workspace_developability_acquisition/gate_b2/scripts/04_modeling.py:115: ConstantInputWarning: An input array is constant; the correlation coefficient is not defined.
  sc = spearmanr(y[tr][iva], pred).correlation
/workspace_developability_acquisition/gate_b2/scripts/04_modeling.py:115: ConstantInputWarning: An input array is constant; the correlation coefficient is not defined.
  sc = spearmanr(y[tr][iva], pred).correlation
/workspace_developability_acquisition/gate_b2/scripts/04_modeling.py:115: ConstantInputWarning: An input array is constant; the correlation coefficient is not defined.
  sc = spearmanr(y[tr][iva], pred).correlation
/workspace_developability_acquisition/gate_b2/scripts/04_modeling.py:115: ConstantInputWarning: An input array is constant; the correlation coefficient is not defined.
  sc = spearmanr(y[tr][iva], pred).correlation
/workspace_developability_acquisition/gate_b2/scripts/04_modeling.py:115: ConstantInputWarning: An input array is constant; the correlation coefficient is not defined.
  sc = spearmanr(y[tr][iva], pred).correlation
/workspace_developability_acquisition/gate_b2/scripts/04_modeling.py:115: ConstantInputWarning: An input array is constant; the correlation coefficient is not defined.
  sc = spearmanr(y[tr][iva], pred).correlation
/workspace_developability_acquisition/gate_b2/scripts/04_modeling.py:115: ConstantInputWarning: An input array is constant; the correlation coefficient is not defined.
  sc = spearmanr(y[tr][iva], pred).correlation
/workspace_developability_acquisition/gate_b2/scripts/04_modeling.py:115: ConstantInputWarning: An input array is constant; the correlation coefficient is not defined.
  sc = spearmanr(y[tr][iva], pred).correlation
/workspace_developability_acquisition/gate_b2/scripts/04_modeling.py:115: ConstantInputWarning: An input array is constant; the correlation coefficient is not defined.
  sc = spearmanr(y[tr][iva], pred).correlation
/workspace_developability_acquisition/gate_b2/scripts/04_modeling.py:115: ConstantInputWarning: An input array is constant; the correlation coefficient is not defined.
  sc = spearmanr(y[tr][iva], pred).correlation
/workspace_developability_acquisition/gate_b2/scripts/04_modeling.py:115: ConstantInputWarning: An input array is constant; the correlation coefficient is not defined.
  sc = spearmanr(y[tr][iva], pred).correlation
/workspace_developability_acquisition/gate_b2/scripts/04_modeling.py:115: ConstantInputWarning: An input array is constant; the correlation coefficient is not defined.
  sc = spearmanr(y[tr][iva], pred).correlation
/workspace_developability_acquisition/gate_b2/scripts/04_modeling.py:115: ConstantInputWarning: An input array is constant; the correlation coefficient is not defined.
  sc = spearmanr(y[tr][iva], pred).correlation
/workspace_developability_acquisition/gate_b2/scripts/04_modeling.py:115: ConstantInputWarning: An input array is constant; the correlation coefficient is not defined.
  sc = spearmanr(y[tr][iva], pred).correlation
/workspace_developability_acquisition/gate_b2/scripts/04_modeling.py:115: ConstantInputWarning: An input array is constant; the correlation coefficient is not defined.
  sc = spearmanr(y[tr][iva], pred).correlation
/workspace_developability_acquisition/gate_b2/scripts/04_modeling.py:115: ConstantInputWarning: An input array is constant; the correlation coefficient is not defined.
  sc = spearmanr(y[tr][iva], pred).correlation
/workspace_developability_acquisition/gate_b2/scripts/04_modeling.py:115: ConstantInputWarning: An input array is constant; the correlation coefficient is not defined.
  sc = spearmanr(y[tr][iva], pred).correlation
/workspace_developability_acquisition/gate_b2/scripts/04_modeling.py:115: ConstantInputWarning: An input array is constant; the correlation coefficient is not defined.
  sc = spearmanr(y[tr][iva], pred).correlation
/workspace_developability_acquisition/gate_b2/scripts/04_modeling.py:115: ConstantInputWarning: An input array is constant; the correlation coefficient is not defined.
  sc = spearmanr(y[tr][iva], pred).correlation
/workspace_developability_acquisition/gate_b2/scripts/04_modeling.py:115: ConstantInputWarning: An input array is constant; the correlation coefficient is not defined.
  sc = spearmanr(y[tr][iva], pred).correlation
/workspace_developability_acquisition/gate_b2/scripts/04_modeling.py:115: ConstantInputWarning: An input array is constant; the correlation coefficient is not defined.
  sc = spearmanr(y[tr][iva], pred).correlation
/workspace_developability_acquisition/gate_b2/scripts/04_modeling.py:115: ConstantInputWarning: An input array is constant; the correlation coefficient is not defined.
  sc = spearmanr(y[tr][iva], pred).correlation
/workspace_developability_acquisition/gate_b2/scripts/04_modeling.py:115: ConstantInputWarning: An input array is constant; the correlation coefficient is not defined.
  sc = spearmanr(y[tr][iva], pred).correlation
/workspace_developability_acquisition/gate_b2/scripts/04_modeling.py:115: ConstantInputWarning: An input array is constant; the correlation coefficient is not defined.
  sc = spearmanr(y[tr][iva], pred).correlation
/workspace_developability_acquisition/gate_b2/scripts/04_modeling.py:115: ConstantInputWarning: An input array is constant; the correlation coefficient is not defined.
  sc = spearmanr(y[tr][iva], pred).correlation
RUN shadow_2 HIC ESMF_NATIVE_ALL Ridge d=189
RUN shadow_2 HIC ESMF_NATIVE_ALL ElasticNet d=189
/workspace_developability_acquisition/gate_b2/scripts/04_modeling.py:115: ConstantInputWarning: An input array is constant; the correlation coefficient is not defined.
  sc = spearmanr(y[tr][iva], pred).correlation
/workspace_developability_acquisition/gate_b2/scripts/04_modeling.py:115: ConstantInputWarning: An input array is constant; the correlation coefficient is not defined.
  sc = spearmanr(y[tr][iva], pred).correlation
/workspace_developability_acquisition/gate_b2/scripts/04_modeling.py:115: ConstantInputWarning: An input array is constant; the correlation coefficient is not defined.
  sc = spearmanr(y[tr][iva], pred).correlation
/workspace_developability_acquisition/gate_b2/scripts/04_modeling.py:115: ConstantInputWarning: An input array is constant; the correlation coefficient is not defined.
  sc = spearmanr(y[tr][iva], pred).correlation
/workspace_developability_acquisition/gate_b2/scripts/04_modeling.py:115: ConstantInputWarning: An input array is constant; the correlation coefficient is not defined.
  sc = spearmanr(y[tr][iva], pred).correlation
/workspace_developability_acquisition/gate_b2/scripts/04_modeling.py:115: ConstantInputWarning: An input array is constant; the correlation coefficient is not defined.
  sc = spearmanr(y[tr][iva], pred).correlation
/workspace_developability_acquisition/gate_b2/scripts/04_modeling.py:115: ConstantInputWarning: An input array is constant; the correlation coefficient is not defined.
  sc = spearmanr(y[tr][iva], pred).correlation
/workspace_developability_acquisition/gate_b2/scripts/04_modeling.py:115: ConstantInputWarning: An input array is constant; the correlation coefficient is not defined.
  sc = spearmanr(y[tr][iva], pred).correlation
/workspace_developability_acquisition/gate_b2/scripts/04_modeling.py:115: ConstantInputWarning: An input array is constant; the correlation coefficient is not defined.
  sc = spearmanr(y[tr][iva], pred).correlation
/workspace_developability_acquisition/gate_b2/scripts/04_modeling.py:115: ConstantInputWarning: An input array is constant; the correlation coefficient is not defined.
  sc = spearmanr(y[tr][iva], pred).correlation
/workspace_developability_acquisition/gate_b2/scripts/04_modeling.py:115: ConstantInputWarning: An input array is constant; the correlation coefficient is not defined.
  sc = spearmanr(y[tr][iva], pred).correlation
/workspace_developability_acquisition/gate_b2/scripts/04_modeling.py:115: ConstantInputWarning: An input array is constant; the correlation coefficient is not defined.
  sc = spearmanr(y[tr][iva], pred).correlation
/workspace_developability_acquisition/gate_b2/scripts/04_modeling.py:115: ConstantInputWarning: An input array is constant; the correlation coefficient is not defined.
  sc = spearmanr(y[tr][iva], pred).correlation
/workspace_developability_acquisition/gate_b2/scripts/04_modeling.py:115: ConstantInputWarning: An input array is constant; the correlation coefficient is not defined.
  sc = spearmanr(y[tr][iva], pred).correlation
/workspace_developability_acquisition/gate_b2/scripts/04_modeling.py:115: ConstantInputWarning: An input array is constant; the correlation coefficient is not defined.
  sc = spearmanr(y[tr][iva], pred).correlation
/workspace_developability_acquisition/gate_b2/scripts/04_modeling.py:115: ConstantInputWarning: An input array is constant; the correlation coefficient is not defined.
  sc = spearmanr(y[tr][iva], pred).correlation
/workspace_developability_acquisition/gate_b2/scripts/04_modeling.py:115: ConstantInputWarning: An input array is constant; the correlation coefficient is not defined.
  sc = spearmanr(y[tr][iva], pred).correlation
/workspace_developability_acquisition/gate_b2/scripts/04_modeling.py:115: ConstantInputWarning: An input array is constant; the correlation coefficient is not defined.
  sc = spearmanr(y[tr][iva], pred).correlation
/workspace_developability_acquisition/gate_b2/scripts/04_modeling.py:115: ConstantInputWarning: An input array is constant; the correlation coefficient is not defined.
  sc = spearmanr(y[tr][iva], pred).correlation
/workspace_developability_acquisition/gate_b2/scripts/04_modeling.py:115: ConstantInputWarning: An input array is constant; the correlation coefficient is not defined.
  sc = spearmanr(y[tr][iva], pred).correlation
/workspace_developability_acquisition/gate_b2/scripts/04_modeling.py:115: ConstantInputWarning: An input array is constant; the correlation coefficient is not defined.
  sc = spearmanr(y[tr][iva], pred).correlation
/workspace_developability_acquisition/gate_b2/scripts/04_modeling.py:115: ConstantInputWarning: An input array is constant; the correlation coefficient is not defined.
  sc = spearmanr(y[tr][iva], pred).correlation
/workspace_developability_acquisition/gate_b2/scripts/04_modeling.py:115: ConstantInputWarning: An input array is constant; the correlation coefficient is not defined.
  sc = spearmanr(y[tr][iva], pred).correlation
/workspace_developability_acquisition/gate_b2/scripts/04_modeling.py:115: ConstantInputWarning: An input array is constant; the correlation coefficient is not defined.
  sc = spearmanr(y[tr][iva], pred).correlation
/workspace_developability_acquisition/gate_b2/scripts/04_modeling.py:115: ConstantInputWarning: An input array is constant; the correlation coefficient is not defined.
  sc = spearmanr(y[tr][iva], pred).correlation
/workspace_developability_acquisition/gate_b2/scripts/04_modeling.py:115: ConstantInputWarning: An input array is constant; the correlation coefficient is not defined.
  sc = spearmanr(y[tr][iva], pred).correlation
FUSION shadow_2 HIC FUSION_ESM2_SEQ Ridge
FUSION shadow_2 HIC FUSION_ESM2_ABB Ridge
FUSION shadow_2 HIC FUSION_ESM2_ESMFN Ridge
CHECKPOINT HIC shadow_2 n=172
RUN shadow_3 HIC SEQ_SIMPLE Ridge d=99
RUN shadow_3 HIC SEQ_SIMPLE ElasticNet d=99
/workspace_developability_acquisition/gate_b2/scripts/04_modeling.py:115: ConstantInputWarning: An input array is constant; the correlation coefficient is not defined.
  sc = spearmanr(y[tr][iva], pred).correlation
/workspace_developability_acquisition/gate_b2/scripts/04_modeling.py:115: ConstantInputWarning: An input array is constant; the correlation coefficient is not defined.
  sc = spearmanr(y[tr][iva], pred).correlation
/workspace_developability_acquisition/gate_b2/scripts/04_modeling.py:115: ConstantInputWarning: An input array is constant; the correlation coefficient is not defined.
  sc = spearmanr(y[tr][iva], pred).correlation
/workspace_developability_acquisition/gate_b2/scripts/04_modeling.py:115: ConstantInputWarning: An input array is constant; the correlation coefficient is not defined.
  sc = spearmanr(y[tr][iva], pred).correlation
/workspace_developability_acquisition/gate_b2/scripts/04_modeling.py:115: ConstantInputWarning: An input array is constant; the correlation coefficient is not defined.
  sc = spearmanr(y[tr][iva], pred).correlation
/workspace_developability_acquisition/gate_b2/scripts/04_modeling.py:115: ConstantInputWarning: An input array is constant; the correlation coefficient is not defined.
  sc = spearmanr(y[tr][iva], pred).correlation
/workspace_developability_acquisition/gate_b2/scripts/04_modeling.py:115: ConstantInputWarning: An input array is constant; the correlation coefficient is not defined.
  sc = spearmanr(y[tr][iva], pred).correlation
/workspace_developability_acquisition/gate_b2/scripts/04_modeling.py:115: ConstantInputWarning: An input array is constant; the correlation coefficient is not defined.
  sc = spearmanr(y[tr][iva], pred).correlation
/workspace_developability_acquisition/gate_b2/scripts/04_modeling.py:115: ConstantInputWarning: An input array is constant; the correlation coefficient is not defined.
  sc = spearmanr(y[tr][iva], pred).correlation
/workspace_developability_acquisition/gate_b2/scripts/04_modeling.py:115: ConstantInputWarning: An input array is constant; the correlation coefficient is not defined.
  sc = spearmanr(y[tr][iva], pred).correlation
/workspace_developability_acquisition/gate_b2/scripts/04_modeling.py:115: ConstantInputWarning: An input array is constant; the correlation coefficient is not defined.
  sc = spearmanr(y[tr][iva], pred).correlation
/workspace_developability_acquisition/gate_b2/scripts/04_modeling.py:115: ConstantInputWarning: An input array is constant; the correlation coefficient is not defined.
  sc = spearmanr(y[tr][iva], pred).correlation
/workspace_developability_acquisition/gate_b2/scripts/04_modeling.py:115: ConstantInputWarning: An input array is constant; the correlation coefficient is not defined.
  sc = spearmanr(y[tr][iva], pred).correlation
/workspace_developability_acquisition/gate_b2/scripts/04_modeling.py:115: ConstantInputWarning: An input array is constant; the correlation coefficient is not defined.
  sc = spearmanr(y[tr][iva], pred).correlation
/workspace_developability_acquisition/gate_b2/scripts/04_modeling.py:115: ConstantInputWarning: An input array is constant; the correlation coefficient is not defined.
  sc = spearmanr(y[tr][iva], pred).correlation
/workspace_developability_acquisition/gate_b2/scripts/04_modeling.py:115: ConstantInputWarning: An input array is constant; the correlation coefficient is not defined.
  sc = spearmanr(y[tr][iva], pred).correlation
/workspace_developability_acquisition/gate_b2/scripts/04_modeling.py:115: ConstantInputWarning: An input array is constant; the correlation coefficient is not defined.
  sc = spearmanr(y[tr][iva], pred).correlation
/workspace_developability_acquisition/gate_b2/scripts/04_modeling.py:115: ConstantInputWarning: An input array is constant; the correlation coefficient is not defined.
  sc = spearmanr(y[tr][iva], pred).correlation
/workspace_developability_acquisition/gate_b2/scripts/04_modeling.py:115: ConstantInputWarning: An input array is constant; the correlation coefficient is not defined.
  sc = spearmanr(y[tr][iva], pred).correlation
/workspace_developability_acquisition/gate_b2/scripts/04_modeling.py:115: ConstantInputWarning: An input array is constant; the correlation coefficient is not defined.
  sc = spearmanr(y[tr][iva], pred).correlation
/workspace_developability_acquisition/gate_b2/scripts/04_modeling.py:115: ConstantInputWarning: An input array is constant; the correlation coefficient is not defined.
  sc = spearmanr(y[tr][iva], pred).correlation
/workspace_developability_acquisition/gate_b2/scripts/04_modeling.py:115: ConstantInputWarning: An input array is constant; the correlation coefficient is not defined.
  sc = spearmanr(y[tr][iva], pred).correlation
/workspace_developability_acquisition/gate_b2/scripts/04_modeling.py:115: ConstantInputWarning: An input array is constant; the correlation coefficient is not defined.
  sc = spearmanr(y[tr][iva], pred).correlation
/workspace_developability_acquisition/gate_b2/scripts/04_modeling.py:115: ConstantInputWarning: An input array is constant; the correlation coefficient is not defined.
  sc = spearmanr(y[tr][iva], pred).correlation
/workspace_developability_acquisition/gate_b2/scripts/04_modeling.py:115: ConstantInputWarning: An input array is constant; the correlation coefficient is not defined.
  sc = spearmanr(y[tr][iva], pred).correlation
/workspace_developability_acquisition/gate_b2/scripts/04_modeling.py:115: ConstantInputWarning: An input array is constant; the correlation coefficient is not defined.
  sc = spearmanr(y[tr][iva], pred).correlation
/workspace_developability_acquisition/gate_b2/scripts/04_modeling.py:115: ConstantInputWarning: An input array is constant; the correlation coefficient is not defined.
  sc = spearmanr(y[tr][iva], pred).correlation
/workspace_developability_acquisition/gate_b2/scripts/04_modeling.py:115: ConstantInputWarning: An input array is constant; the correlation coefficient is not defined.
  sc = spearmanr(y[tr][iva], pred).correlation
/workspace_developability_acquisition/gate_b2/scripts/04_modeling.py:115: ConstantInputWarning: An input array is constant; the correlation coefficient is not defined.
  sc = spearmanr(y[tr][iva], pred).correlation
/workspace_developability_acquisition/gate_b2/scripts/04_modeling.py:115: ConstantInputWarning: An input array is constant; the correlation coefficient is not defined.
  sc = spearmanr(y[tr][iva], pred).correlation
RUN shadow_3 HIC SEQ_CDR Ridge d=260
RUN shadow_3 HIC BIO_SHORTCUT Ridge
RUN shadow_3 HIC BIO_SHORTCUT ElasticNet
/workspace_developability_acquisition/gate_b2/scripts/04_modeling.py:115: ConstantInputWarning: An input array is constant; the correlation coefficient is not defined.
  sc = spearmanr(y[tr][iva], pred).correlation
/workspace_developability_acquisition/gate_b2/scripts/04_modeling.py:115: ConstantInputWarning: An input array is constant; the correlation coefficient is not defined.
  sc = spearmanr(y[tr][iva], pred).correlation
/workspace_developability_acquisition/gate_b2/scripts/04_modeling.py:115: ConstantInputWarning: An input array is constant; the correlation coefficient is not defined.
  sc = spearmanr(y[tr][iva], pred).correlation
/workspace_developability_acquisition/gate_b2/scripts/04_modeling.py:115: ConstantInputWarning: An input array is constant; the correlation coefficient is not defined.
  sc = spearmanr(y[tr][iva], pred).correlation
/workspace_developability_acquisition/gate_b2/scripts/04_modeling.py:115: ConstantInputWarning: An input array is constant; the correlation coefficient is not defined.
  sc = spearmanr(y[tr][iva], pred).correlation
/workspace_developability_acquisition/gate_b2/scripts/04_modeling.py:115: ConstantInputWarning: An input array is constant; the correlation coefficient is not defined.
  sc = spearmanr(y[tr][iva], pred).correlation
/workspace_developability_acquisition/gate_b2/scripts/04_modeling.py:115: ConstantInputWarning: An input array is constant; the correlation coefficient is not defined.
  sc = spearmanr(y[tr][iva], pred).correlation
/workspace_developability_acquisition/gate_b2/scripts/04_modeling.py:115: ConstantInputWarning: An input array is constant; the correlation coefficient is not defined.
  sc = spearmanr(y[tr][iva], pred).correlation
/workspace_developability_acquisition/gate_b2/scripts/04_modeling.py:115: ConstantInputWarning: An input array is constant; the correlation coefficient is not defined.
  sc = spearmanr(y[tr][iva], pred).correlation
/workspace_developability_acquisition/gate_b2/scripts/04_modeling.py:115: ConstantInputWarning: An input array is constant; the correlation coefficient is not defined.
  sc = spearmanr(y[tr][iva], pred).correlation
/workspace_developability_acquisition/gate_b2/scripts/04_modeling.py:115: ConstantInputWarning: An input array is constant; the correlation coefficient is not defined.
  sc = spearmanr(y[tr][iva], pred).correlation
/workspace_developability_acquisition/gate_b2/scripts/04_modeling.py:115: ConstantInputWarning: An input array is constant; the correlation coefficient is not defined.
  sc = spearmanr(y[tr][iva], pred).correlation
/workspace_developability_acquisition/gate_b2/scripts/04_modeling.py:115: ConstantInputWarning: An input array is constant; the correlation coefficient is not defined.
  sc = spearmanr(y[tr][iva], pred).correlation
/workspace_developability_acquisition/gate_b2/scripts/04_modeling.py:115: ConstantInputWarning: An input array is constant; the correlation coefficient is not defined.
  sc = spearmanr(y[tr][iva], pred).correlation
/workspace_developability_acquisition/gate_b2/scripts/04_modeling.py:115: ConstantInputWarning: An input array is constant; the correlation coefficient is not defined.
  sc = spearmanr(y[tr][iva], pred).correlation
/workspace_developability_acquisition/gate_b2/scripts/04_modeling.py:115: ConstantInputWarning: An input array is constant; the correlation coefficient is not defined.
  sc = spearmanr(y[tr][iva], pred).correlation
/workspace_developability_acquisition/gate_b2/scripts/04_modeling.py:115: ConstantInputWarning: An input array is constant; the correlation coefficient is not defined.
  sc = spearmanr(y[tr][iva], pred).correlation
/workspace_developability_acquisition/gate_b2/scripts/04_modeling.py:115: ConstantInputWarning: An input array is constant; the correlation coefficient is not defined.
  sc = spearmanr(y[tr][iva], pred).correlation
/workspace_developability_acquisition/gate_b2/scripts/04_modeling.py:115: ConstantInputWarning: An input array is constant; the correlation coefficient is not defined.
  sc = spearmanr(y[tr][iva], pred).correlation
/workspace_developability_acquisition/gate_b2/scripts/04_modeling.py:115: ConstantInputWarning: An input array is constant; the correlation coefficient is not defined.
  sc = spearmanr(y[tr][iva], pred).correlation
/workspace_developability_acquisition/gate_b2/scripts/04_modeling.py:115: ConstantInputWarning: An input array is constant; the correlation coefficient is not defined.
  sc = spearmanr(y[tr][iva], pred).correlation
/workspace_developability_acquisition/gate_b2/scripts/04_modeling.py:115: ConstantInputWarning: An input array is constant; the correlation coefficient is not defined.
  sc = spearmanr(y[tr][iva], pred).correlation
/workspace_developability_acquisition/gate_b2/scripts/04_modeling.py:115: ConstantInputWarning: An input array is constant; the correlation coefficient is not defined.
  sc = spearmanr(y[tr][iva], pred).correlation
/workspace_developability_acquisition/gate_b2/scripts/04_modeling.py:115: ConstantInputWarning: An input array is constant; the correlation coefficient is not defined.
  sc = spearmanr(y[tr][iva], pred).correlation
/workspace_developability_acquisition/gate_b2/scripts/04_modeling.py:115: ConstantInputWarning: An input array is constant; the correlation coefficient is not defined.
  sc = spearmanr(y[tr][iva], pred).correlation
/workspace_developability_acquisition/gate_b2/scripts/04_modeling.py:115: ConstantInputWarning: An input array is constant; the correlation coefficient is not defined.
  sc = spearmanr(y[tr][iva], pred).correlation
/workspace_developability_acquisition/gate_b2/scripts/04_modeling.py:115: ConstantInputWarning: An input array is constant; the correlation coefficient is not defined.
  sc = spearmanr(y[tr][iva], pred).correlation
/workspace_developability_acquisition/gate_b2/scripts/04_modeling.py:115: ConstantInputWarning: An input array is constant; the correlation coefficient is not defined.
  sc = spearmanr(y[tr][iva], pred).correlation
/workspace_developability_acquisition/gate_b2/scripts/04_modeling.py:115: ConstantInputWarning: An input array is constant; the correlation coefficient is not defined.
  sc = spearmanr(y[tr][iva], pred).correlation
/workspace_developability_acquisition/gate_b2/scripts/04_modeling.py:115: ConstantInputWarning: An input array is constant; the correlation coefficient is not defined.
  sc = spearmanr(y[tr][iva], pred).correlation
RUN shadow_3 HIC PLM_ABLANG2 Ridge d=480
RUN shadow_3 HIC PLM_ESM1B Ridge d=2560
RUN shadow_3 HIC PLM_ESM2 Ridge d=2560
RUN shadow_3 HIC PLM_ESM2_CDR6 Ridge d=7680
RUN shadow_3 HIC ABB_SASA Ridge d=79
RUN shadow_3 HIC ABB_SASA ElasticNet d=79
/workspace_developability_acquisition/gate_b2/scripts/04_modeling.py:115: ConstantInputWarning: An input array is constant; the correlation coefficient is not defined.
  sc = spearmanr(y[tr][iva], pred).correlation
/workspace_developability_acquisition/gate_b2/scripts/04_modeling.py:115: ConstantInputWarning: An input array is constant; the correlation coefficient is not defined.
  sc = spearmanr(y[tr][iva], pred).correlation
/workspace_developability_acquisition/gate_b2/scripts/04_modeling.py:115: ConstantInputWarning: An input array is constant; the correlation coefficient is not defined.
  sc = spearmanr(y[tr][iva], pred).correlation
/workspace_developability_acquisition/gate_b2/scripts/04_modeling.py:115: ConstantInputWarning: An input array is constant; the correlation coefficient is not defined.
  sc = spearmanr(y[tr][iva], pred).correlation
/workspace_developability_acquisition/gate_b2/scripts/04_modeling.py:115: ConstantInputWarning: An input array is constant; the correlation coefficient is not defined.
  sc = spearmanr(y[tr][iva], pred).correlation
/workspace_developability_acquisition/gate_b2/scripts/04_modeling.py:115: ConstantInputWarning: An input array is constant; the correlation coefficient is not defined.
  sc = spearmanr(y[tr][iva], pred).correlation
/workspace_developability_acquisition/gate_b2/scripts/04_modeling.py:115: ConstantInputWarning: An input array is constant; the correlation coefficient is not defined.
  sc = spearmanr(y[tr][iva], pred).correlation
/workspace_developability_acquisition/gate_b2/scripts/04_modeling.py:115: ConstantInputWarning: An input array is constant; the correlation coefficient is not defined.
  sc = spearmanr(y[tr][iva], pred).correlation
/workspace_developability_acquisition/gate_b2/scripts/04_modeling.py:115: ConstantInputWarning: An input array is constant; the correlation coefficient is not defined.
  sc = spearmanr(y[tr][iva], pred).correlation
/workspace_developability_acquisition/gate_b2/scripts/04_modeling.py:115: ConstantInputWarning: An input array is constant; the correlation coefficient is not defined.
  sc = spearmanr(y[tr][iva], pred).correlation
/workspace_developability_acquisition/gate_b2/scripts/04_modeling.py:115: ConstantInputWarning: An input array is constant; the correlation coefficient is not defined.
  sc = spearmanr(y[tr][iva], pred).correlation
/workspace_developability_acquisition/gate_b2/scripts/04_modeling.py:115: ConstantInputWarning: An input array is constant; the correlation coefficient is not defined.
  sc = spearmanr(y[tr][iva], pred).correlation
/workspace_developability_acquisition/gate_b2/scripts/04_modeling.py:115: ConstantInputWarning: An input array is constant; the correlation coefficient is not defined.
  sc = spearmanr(y[tr][iva], pred).correlation
/workspace_developability_acquisition/gate_b2/scripts/04_modeling.py:115: ConstantInputWarning: An input array is constant; the correlation coefficient is not defined.
  sc = spearmanr(y[tr][iva], pred).correlation
/workspace_developability_acquisition/gate_b2/scripts/04_modeling.py:115: ConstantInputWarning: An input array is constant; the correlation coefficient is not defined.
  sc = spearmanr(y[tr][iva], pred).correlation
/workspace_developability_acquisition/gate_b2/scripts/04_modeling.py:115: ConstantInputWarning: An input array is constant; the correlation coefficient is not defined.
  sc = spearmanr(y[tr][iva], pred).correlation
/workspace_developability_acquisition/gate_b2/scripts/04_modeling.py:115: ConstantInputWarning: An input array is constant; the correlation coefficient is not defined.
  sc = spearmanr(y[tr][iva], pred).correlation
/workspace_developability_acquisition/gate_b2/scripts/04_modeling.py:115: ConstantInputWarning: An input array is constant; the correlation coefficient is not defined.
  sc = spearmanr(y[tr][iva], pred).correlation
/workspace_developability_acquisition/gate_b2/scripts/04_modeling.py:115: ConstantInputWarning: An input array is constant; the correlation coefficient is not defined.
  sc = spearmanr(y[tr][iva], pred).correlation
/workspace_developability_acquisition/gate_b2/scripts/04_modeling.py:115: ConstantInputWarning: An input array is constant; the correlation coefficient is not defined.
  sc = spearmanr(y[tr][iva], pred).correlation
/workspace_developability_acquisition/gate_b2/scripts/04_modeling.py:115: ConstantInputWarning: An input array is constant; the correlation coefficient is not defined.
  sc = spearmanr(y[tr][iva], pred).correlation
/workspace_developability_acquisition/gate_b2/scripts/04_modeling.py:115: ConstantInputWarning: An input array is constant; the correlation coefficient is not defined.
  sc = spearmanr(y[tr][iva], pred).correlation
/workspace_developability_acquisition/gate_b2/scripts/04_modeling.py:115: ConstantInputWarning: An input array is constant; the correlation coefficient is not defined.
  sc = spearmanr(y[tr][iva], pred).correlation
/workspace_developability_acquisition/gate_b2/scripts/04_modeling.py:115: ConstantInputWarning: An input array is constant; the correlation coefficient is not defined.
  sc = spearmanr(y[tr][iva], pred).correlation
/workspace_developability_acquisition/gate_b2/scripts/04_modeling.py:115: ConstantInputWarning: An input array is constant; the correlation coefficient is not defined.
  sc = spearmanr(y[tr][iva], pred).correlation
/workspace_developability_acquisition/gate_b2/scripts/04_modeling.py:115: ConstantInputWarning: An input array is constant; the correlation coefficient is not defined.
  sc = spearmanr(y[tr][iva], pred).correlation
/workspace_developability_acquisition/gate_b2/scripts/04_modeling.py:115: ConstantInputWarning: An input array is constant; the correlation coefficient is not defined.
  sc = spearmanr(y[tr][iva], pred).correlation
/workspace_developability_acquisition/gate_b2/scripts/04_modeling.py:115: ConstantInputWarning: An input array is constant; the correlation coefficient is not defined.
  sc = spearmanr(y[tr][iva], pred).correlation
/workspace_developability_acquisition/gate_b2/scripts/04_modeling.py:115: ConstantInputWarning: An input array is constant; the correlation coefficient is not defined.
  sc = spearmanr(y[tr][iva], pred).correlation
/workspace_developability_acquisition/gate_b2/scripts/04_modeling.py:115: ConstantInputWarning: An input array is constant; the correlation coefficient is not defined.
  sc = spearmanr(y[tr][iva], pred).correlation
RUN shadow_3 HIC ABB_SASA_RASA Ridge d=156
RUN shadow_3 HIC ABB_SASA_RASA ElasticNet d=156
/workspace_developability_acquisition/gate_b2/scripts/04_modeling.py:115: ConstantInputWarning: An input array is constant; the correlation coefficient is not defined.
  sc = spearmanr(y[tr][iva], pred).correlation
/workspace_developability_acquisition/gate_b2/scripts/04_modeling.py:115: ConstantInputWarning: An input array is constant; the correlation coefficient is not defined.
  sc = spearmanr(y[tr][iva], pred).correlation
/workspace_developability_acquisition/gate_b2/scripts/04_modeling.py:115: ConstantInputWarning: An input array is constant; the correlation coefficient is not defined.
  sc = spearmanr(y[tr][iva], pred).correlation
/workspace_developability_acquisition/gate_b2/scripts/04_modeling.py:115: ConstantInputWarning: An input array is constant; the correlation coefficient is not defined.
  sc = spearmanr(y[tr][iva], pred).correlation
/workspace_developability_acquisition/gate_b2/scripts/04_modeling.py:115: ConstantInputWarning: An input array is constant; the correlation coefficient is not defined.
  sc = spearmanr(y[tr][iva], pred).correlation
/workspace_developability_acquisition/gate_b2/scripts/04_modeling.py:115: ConstantInputWarning: An input array is constant; the correlation coefficient is not defined.
  sc = spearmanr(y[tr][iva], pred).correlation
/workspace_developability_acquisition/gate_b2/scripts/04_modeling.py:115: ConstantInputWarning: An input array is constant; the correlation coefficient is not defined.
  sc = spearmanr(y[tr][iva], pred).correlation
/workspace_developability_acquisition/gate_b2/scripts/04_modeling.py:115: ConstantInputWarning: An input array is constant; the correlation coefficient is not defined.
  sc = spearmanr(y[tr][iva], pred).correlation
/workspace_developability_acquisition/gate_b2/scripts/04_modeling.py:115: ConstantInputWarning: An input array is constant; the correlation coefficient is not defined.
  sc = spearmanr(y[tr][iva], pred).correlation
/workspace_developability_acquisition/gate_b2/scripts/04_modeling.py:115: ConstantInputWarning: An input array is constant; the correlation coefficient is not defined.
  sc = spearmanr(y[tr][iva], pred).correlation
/workspace_developability_acquisition/gate_b2/scripts/04_modeling.py:115: ConstantInputWarning: An input array is constant; the correlation coefficient is not defined.
  sc = spearmanr(y[tr][iva], pred).correlation
/workspace_developability_acquisition/gate_b2/scripts/04_modeling.py:115: ConstantInputWarning: An input array is constant; the correlation coefficient is not defined.
  sc = spearmanr(y[tr][iva], pred).correlation
/workspace_developability_acquisition/gate_b2/scripts/04_modeling.py:115: ConstantInputWarning: An input array is constant; the correlation coefficient is not defined.
  sc = spearmanr(y[tr][iva], pred).correlation
/workspace_developability_acquisition/gate_b2/scripts/04_modeling.py:115: ConstantInputWarning: An input array is constant; the correlation coefficient is not defined.
  sc = spearmanr(y[tr][iva], pred).correlation
/workspace_developability_acquisition/gate_b2/scripts/04_modeling.py:115: ConstantInputWarning: An input array is constant; the correlation coefficient is not defined.
  sc = spearmanr(y[tr][iva], pred).correlation
/workspace_developability_acquisition/gate_b2/scripts/04_modeling.py:115: ConstantInputWarning: An input array is constant; the correlation coefficient is not defined.
  sc = spearmanr(y[tr][iva], pred).correlation
/workspace_developability_acquisition/gate_b2/scripts/04_modeling.py:115: ConstantInputWarning: An input array is constant; the correlation coefficient is not defined.
  sc = spearmanr(y[tr][iva], pred).correlation
/workspace_developability_acquisition/gate_b2/scripts/04_modeling.py:115: ConstantInputWarning: An input array is constant; the correlation coefficient is not defined.
  sc = spearmanr(y[tr][iva], pred).correlation
/workspace_developability_acquisition/gate_b2/scripts/04_modeling.py:115: ConstantInputWarning: An input array is constant; the correlation coefficient is not defined.
  sc = spearmanr(y[tr][iva], pred).correlation
/workspace_developability_acquisition/gate_b2/scripts/04_modeling.py:115: ConstantInputWarning: An input array is constant; the correlation coefficient is not defined.
  sc = spearmanr(y[tr][iva], pred).correlation
/workspace_developability_acquisition/gate_b2/scripts/04_modeling.py:115: ConstantInputWarning: An input array is constant; the correlation coefficient is not defined.
  sc = spearmanr(y[tr][iva], pred).correlation
/workspace_developability_acquisition/gate_b2/scripts/04_modeling.py:115: ConstantInputWarning: An input array is constant; the correlation coefficient is not defined.
  sc = spearmanr(y[tr][iva], pred).correlation
/workspace_developability_acquisition/gate_b2/scripts/04_modeling.py:115: ConstantInputWarning: An input array is constant; the correlation coefficient is not defined.
  sc = spearmanr(y[tr][iva], pred).correlation
/workspace_developability_acquisition/gate_b2/scripts/04_modeling.py:115: ConstantInputWarning: An input array is constant; the correlation coefficient is not defined.
  sc = spearmanr(y[tr][iva], pred).correlation
/workspace_developability_acquisition/gate_b2/scripts/04_modeling.py:115: ConstantInputWarning: An input array is constant; the correlation coefficient is not defined.
  sc = spearmanr(y[tr][iva], pred).correlation
/workspace_developability_acquisition/gate_b2/scripts/04_modeling.py:115: ConstantInputWarning: An input array is constant; the correlation coefficient is not defined.
  sc = spearmanr(y[tr][iva], pred).correlation
/workspace_developability_acquisition/gate_b2/scripts/04_modeling.py:115: ConstantInputWarning: An input array is constant; the correlation coefficient is not defined.
  sc = spearmanr(y[tr][iva], pred).correlation
/workspace_developability_acquisition/gate_b2/scripts/04_modeling.py:115: ConstantInputWarning: An input array is constant; the correlation coefficient is not defined.
  sc = spearmanr(y[tr][iva], pred).correlation
/workspace_developability_acquisition/gate_b2/scripts/04_modeling.py:115: ConstantInputWarning: An input array is constant; the correlation coefficient is not defined.
  sc = spearmanr(y[tr][iva], pred).correlation
/workspace_developability_acquisition/gate_b2/scripts/04_modeling.py:115: ConstantInputWarning: An input array is constant; the correlation coefficient is not defined.
  sc = spearmanr(y[tr][iva], pred).correlation
RUN shadow_3 HIC ABB_SURFACE Ridge d=77
RUN shadow_3 HIC ABB_SURFACE ElasticNet d=77
/workspace_developability_acquisition/gate_b2/scripts/04_modeling.py:115: ConstantInputWarning: An input array is constant; the correlation coefficient is not defined.
  sc = spearmanr(y[tr][iva], pred).correlation
/workspace_developability_acquisition/gate_b2/scripts/04_modeling.py:115: ConstantInputWarning: An input array is constant; the correlation coefficient is not defined.
  sc = spearmanr(y[tr][iva], pred).correlation
/workspace_developability_acquisition/gate_b2/scripts/04_modeling.py:115: ConstantInputWarning: An input array is constant; the correlation coefficient is not defined.
  sc = spearmanr(y[tr][iva], pred).correlation
/workspace_developability_acquisition/gate_b2/scripts/04_modeling.py:115: ConstantInputWarning: An input array is constant; the correlation coefficient is not defined.
  sc = spearmanr(y[tr][iva], pred).correlation
/workspace_developability_acquisition/gate_b2/scripts/04_modeling.py:115: ConstantInputWarning: An input array is constant; the correlation coefficient is not defined.
  sc = spearmanr(y[tr][iva], pred).correlation
/workspace_developability_acquisition/gate_b2/scripts/04_modeling.py:115: ConstantInputWarning: An input array is constant; the correlation coefficient is not defined.
  sc = spearmanr(y[tr][iva], pred).correlation
/workspace_developability_acquisition/gate_b2/scripts/04_modeling.py:115: ConstantInputWarning: An input array is constant; the correlation coefficient is not defined.
  sc = spearmanr(y[tr][iva], pred).correlation
/workspace_developability_acquisition/gate_b2/scripts/04_modeling.py:115: ConstantInputWarning: An input array is constant; the correlation coefficient is not defined.
  sc = spearmanr(y[tr][iva], pred).correlation
/workspace_developability_acquisition/gate_b2/scripts/04_modeling.py:115: ConstantInputWarning: An input array is constant; the correlation coefficient is not defined.
  sc = spearmanr(y[tr][iva], pred).correlation
/workspace_developability_acquisition/gate_b2/scripts/04_modeling.py:115: ConstantInputWarning: An input array is constant; the correlation coefficient is not defined.
  sc = spearmanr(y[tr][iva], pred).correlation
/workspace_developability_acquisition/gate_b2/scripts/04_modeling.py:115: ConstantInputWarning: An input array is constant; the correlation coefficient is not defined.
  sc = spearmanr(y[tr][iva], pred).correlation
/workspace_developability_acquisition/gate_b2/scripts/04_modeling.py:115: ConstantInputWarning: An input array is constant; the correlation coefficient is not defined.
  sc = spearmanr(y[tr][iva], pred).correlation
/workspace_developability_acquisition/gate_b2/scripts/04_modeling.py:115: ConstantInputWarning: An input array is constant; the correlation coefficient is not defined.
  sc = spearmanr(y[tr][iva], pred).correlation
/workspace_developability_acquisition/gate_b2/scripts/04_modeling.py:115: ConstantInputWarning: An input array is constant; the correlation coefficient is not defined.
  sc = spearmanr(y[tr][iva], pred).correlation
/workspace_developability_acquisition/gate_b2/scripts/04_modeling.py:115: ConstantInputWarning: An input array is constant; the correlation coefficient is not defined.
  sc = spearmanr(y[tr][iva], pred).correlation
/workspace_developability_acquisition/gate_b2/scripts/04_modeling.py:115: ConstantInputWarning: An input array is constant; the correlation coefficient is not defined.
  sc = spearmanr(y[tr][iva], pred).correlation
/workspace_developability_acquisition/gate_b2/scripts/04_modeling.py:115: ConstantInputWarning: An input array is constant; the correlation coefficient is not defined.
  sc = spearmanr(y[tr][iva], pred).correlation
/workspace_developability_acquisition/gate_b2/scripts/04_modeling.py:115: ConstantInputWarning: An input array is constant; the correlation coefficient is not defined.
  sc = spearmanr(y[tr][iva], pred).correlation
/workspace_developability_acquisition/gate_b2/scripts/04_modeling.py:115: ConstantInputWarning: An input array is constant; the correlation coefficient is not defined.
  sc = spearmanr(y[tr][iva], pred).correlation
/workspace_developability_acquisition/gate_b2/scripts/04_modeling.py:115: ConstantInputWarning: An input array is constant; the correlation coefficient is not defined.
  sc = spearmanr(y[tr][iva], pred).correlation
/workspace_developability_acquisition/gate_b2/scripts/04_modeling.py:115: ConstantInputWarning: An input array is constant; the correlation coefficient is not defined.
  sc = spearmanr(y[tr][iva], pred).correlation
/workspace_developability_acquisition/gate_b2/scripts/04_modeling.py:115: ConstantInputWarning: An input array is constant; the correlation coefficient is not defined.
  sc = spearmanr(y[tr][iva], pred).correlation
/workspace_developability_acquisition/gate_b2/scripts/04_modeling.py:115: ConstantInputWarning: An input array is constant; the correlation coefficient is not defined.
  sc = spearmanr(y[tr][iva], pred).correlation
/workspace_developability_acquisition/gate_b2/scripts/04_modeling.py:115: ConstantInputWarning: An input array is constant; the correlation coefficient is not defined.
  sc = spearmanr(y[tr][iva], pred).correlation
/workspace_developability_acquisition/gate_b2/scripts/04_modeling.py:115: ConstantInputWarning: An input array is constant; the correlation coefficient is not defined.
  sc = spearmanr(y[tr][iva], pred).correlation
/workspace_developability_acquisition/gate_b2/scripts/04_modeling.py:115: ConstantInputWarning: An input array is constant; the correlation coefficient is not defined.
  sc = spearmanr(y[tr][iva], pred).correlation
/workspace_developability_acquisition/gate_b2/scripts/04_modeling.py:115: ConstantInputWarning: An input array is constant; the correlation coefficient is not defined.
  sc = spearmanr(y[tr][iva], pred).correlation
/workspace_developability_acquisition/gate_b2/scripts/04_modeling.py:115: ConstantInputWarning: An input array is constant; the correlation coefficient is not defined.
  sc = spearmanr(y[tr][iva], pred).correlation
/workspace_developability_acquisition/gate_b2/scripts/04_modeling.py:115: ConstantInputWarning: An input array is constant; the correlation coefficient is not defined.
  sc = spearmanr(y[tr][iva], pred).correlation
/workspace_developability_acquisition/gate_b2/scripts/04_modeling.py:115: ConstantInputWarning: An input array is constant; the correlation coefficient is not defined.
  sc = spearmanr(y[tr][iva], pred).correlation
RUN shadow_3 HIC ABB_SURFACE_RASAW Ridge d=77
RUN shadow_3 HIC ABB_SURFACE_RASAW ElasticNet d=77
/workspace_developability_acquisition/gate_b2/scripts/04_modeling.py:115: ConstantInputWarning: An input array is constant; the correlation coefficient is not defined.
  sc = spearmanr(y[tr][iva], pred).correlation
/workspace_developability_acquisition/gate_b2/scripts/04_modeling.py:115: ConstantInputWarning: An input array is constant; the correlation coefficient is not defined.
  sc = spearmanr(y[tr][iva], pred).correlation
/workspace_developability_acquisition/gate_b2/scripts/04_modeling.py:115: ConstantInputWarning: An input array is constant; the correlation coefficient is not defined.
  sc = spearmanr(y[tr][iva], pred).correlation
/workspace_developability_acquisition/gate_b2/scripts/04_modeling.py:115: ConstantInputWarning: An input array is constant; the correlation coefficient is not defined.
  sc = spearmanr(y[tr][iva], pred).correlation
/workspace_developability_acquisition/gate_b2/scripts/04_modeling.py:115: ConstantInputWarning: An input array is constant; the correlation coefficient is not defined.
  sc = spearmanr(y[tr][iva], pred).correlation
/workspace_developability_acquisition/gate_b2/scripts/04_modeling.py:115: ConstantInputWarning: An input array is constant; the correlation coefficient is not defined.
  sc = spearmanr(y[tr][iva], pred).correlation
/workspace_developability_acquisition/gate_b2/scripts/04_modeling.py:115: ConstantInputWarning: An input array is constant; the correlation coefficient is not defined.
  sc = spearmanr(y[tr][iva], pred).correlation
/workspace_developability_acquisition/gate_b2/scripts/04_modeling.py:115: ConstantInputWarning: An input array is constant; the correlation coefficient is not defined.
  sc = spearmanr(y[tr][iva], pred).correlation
/workspace_developability_acquisition/gate_b2/scripts/04_modeling.py:115: ConstantInputWarning: An input array is constant; the correlation coefficient is not defined.
  sc = spearmanr(y[tr][iva], pred).correlation
/workspace_developability_acquisition/gate_b2/scripts/04_modeling.py:115: ConstantInputWarning: An input array is constant; the correlation coefficient is not defined.
  sc = spearmanr(y[tr][iva], pred).correlation
/workspace_developability_acquisition/gate_b2/scripts/04_modeling.py:115: ConstantInputWarning: An input array is constant; the correlation coefficient is not defined.
  sc = spearmanr(y[tr][iva], pred).correlation
/workspace_developability_acquisition/gate_b2/scripts/04_modeling.py:115: ConstantInputWarning: An input array is constant; the correlation coefficient is not defined.
  sc = spearmanr(y[tr][iva], pred).correlation
/workspace_developability_acquisition/gate_b2/scripts/04_modeling.py:115: ConstantInputWarning: An input array is constant; the correlation coefficient is not defined.
  sc = spearmanr(y[tr][iva], pred).correlation
/workspace_developability_acquisition/gate_b2/scripts/04_modeling.py:115: ConstantInputWarning: An input array is constant; the correlation coefficient is not defined.
  sc = spearmanr(y[tr][iva], pred).correlation
/workspace_developability_acquisition/gate_b2/scripts/04_modeling.py:115: ConstantInputWarning: An input array is constant; the correlation coefficient is not defined.
  sc = spearmanr(y[tr][iva], pred).correlation
/workspace_developability_acquisition/gate_b2/scripts/04_modeling.py:115: ConstantInputWarning: An input array is constant; the correlation coefficient is not defined.
  sc = spearmanr(y[tr][iva], pred).correlation
/workspace_developability_acquisition/gate_b2/scripts/04_modeling.py:115: ConstantInputWarning: An input array is constant; the correlation coefficient is not defined.
  sc = spearmanr(y[tr][iva], pred).correlation
/workspace_developability_acquisition/gate_b2/scripts/04_modeling.py:115: ConstantInputWarning: An input array is constant; the correlation coefficient is not defined.
  sc = spearmanr(y[tr][iva], pred).correlation
/workspace_developability_acquisition/gate_b2/scripts/04_modeling.py:115: ConstantInputWarning: An input array is constant; the correlation coefficient is not defined.
  sc = spearmanr(y[tr][iva], pred).correlation
/workspace_developability_acquisition/gate_b2/scripts/04_modeling.py:115: ConstantInputWarning: An input array is constant; the correlation coefficient is not defined.
  sc = spearmanr(y[tr][iva], pred).correlation
/workspace_developability_acquisition/gate_b2/scripts/04_modeling.py:115: ConstantInputWarning: An input array is constant; the correlation coefficient is not defined.
  sc = spearmanr(y[tr][iva], pred).correlation
/workspace_developability_acquisition/gate_b2/scripts/04_modeling.py:115: ConstantInputWarning: An input array is constant; the correlation coefficient is not defined.
  sc = spearmanr(y[tr][iva], pred).correlation
/workspace_developability_acquisition/gate_b2/scripts/04_modeling.py:115: ConstantInputWarning: An input array is constant; the correlation coefficient is not defined.
  sc = spearmanr(y[tr][iva], pred).correlation
/workspace_developability_acquisition/gate_b2/scripts/04_modeling.py:115: ConstantInputWarning: An input array is constant; the correlation coefficient is not defined.
  sc = spearmanr(y[tr][iva], pred).correlation
/workspace_developability_acquisition/gate_b2/scripts/04_modeling.py:115: ConstantInputWarning: An input array is constant; the correlation coefficient is not defined.
  sc = spearmanr(y[tr][iva], pred).correlation
/workspace_developability_acquisition/gate_b2/scripts/04_modeling.py:115: ConstantInputWarning: An input array is constant; the correlation coefficient is not defined.
  sc = spearmanr(y[tr][iva], pred).correlation
/workspace_developability_acquisition/gate_b2/scripts/04_modeling.py:115: ConstantInputWarning: An input array is constant; the correlation coefficient is not defined.
  sc = spearmanr(y[tr][iva], pred).correlation
/workspace_developability_acquisition/gate_b2/scripts/04_modeling.py:115: ConstantInputWarning: An input array is constant; the correlation coefficient is not defined.
  sc = spearmanr(y[tr][iva], pred).correlation
/workspace_developability_acquisition/gate_b2/scripts/04_modeling.py:115: ConstantInputWarning: An input array is constant; the correlation coefficient is not defined.
  sc = spearmanr(y[tr][iva], pred).correlation
/workspace_developability_acquisition/gate_b2/scripts/04_modeling.py:115: ConstantInputWarning: An input array is constant; the correlation coefficient is not defined.
  sc = spearmanr(y[tr][iva], pred).correlation
RUN shadow_3 HIC ABB_ALL_SURFACE Ridge d=211
RUN shadow_3 HIC ABB_PATCH Ridge d=7
RUN shadow_3 HIC ABB_PATCH ElasticNet d=7
/workspace_developability_acquisition/gate_b2/scripts/04_modeling.py:115: ConstantInputWarning: An input array is constant; the correlation coefficient is not defined.
  sc = spearmanr(y[tr][iva], pred).correlation
/workspace_developability_acquisition/gate_b2/scripts/04_modeling.py:115: ConstantInputWarning: An input array is constant; the correlation coefficient is not defined.
  sc = spearmanr(y[tr][iva], pred).correlation
/workspace_developability_acquisition/gate_b2/scripts/04_modeling.py:115: ConstantInputWarning: An input array is constant; the correlation coefficient is not defined.
  sc = spearmanr(y[tr][iva], pred).correlation
/workspace_developability_acquisition/gate_b2/scripts/04_modeling.py:115: ConstantInputWarning: An input array is constant; the correlation coefficient is not defined.
  sc = spearmanr(y[tr][iva], pred).correlation
/workspace_developability_acquisition/gate_b2/scripts/04_modeling.py:115: ConstantInputWarning: An input array is constant; the correlation coefficient is not defined.
  sc = spearmanr(y[tr][iva], pred).correlation
/workspace_developability_acquisition/gate_b2/scripts/04_modeling.py:115: ConstantInputWarning: An input array is constant; the correlation coefficient is not defined.
  sc = spearmanr(y[tr][iva], pred).correlation
/workspace_developability_acquisition/gate_b2/scripts/04_modeling.py:115: ConstantInputWarning: An input array is constant; the correlation coefficient is not defined.
  sc = spearmanr(y[tr][iva], pred).correlation
/workspace_developability_acquisition/gate_b2/scripts/04_modeling.py:115: ConstantInputWarning: An input array is constant; the correlation coefficient is not defined.
  sc = spearmanr(y[tr][iva], pred).correlation
/workspace_developability_acquisition/gate_b2/scripts/04_modeling.py:115: ConstantInputWarning: An input array is constant; the correlation coefficient is not defined.
  sc = spearmanr(y[tr][iva], pred).correlation
/workspace_developability_acquisition/gate_b2/scripts/04_modeling.py:115: ConstantInputWarning: An input array is constant; the correlation coefficient is not defined.
  sc = spearmanr(y[tr][iva], pred).correlation
/workspace_developability_acquisition/gate_b2/scripts/04_modeling.py:115: ConstantInputWarning: An input array is constant; the correlation coefficient is not defined.
  sc = spearmanr(y[tr][iva], pred).correlation
/workspace_developability_acquisition/gate_b2/scripts/04_modeling.py:115: ConstantInputWarning: An input array is constant; the correlation coefficient is not defined.
  sc = spearmanr(y[tr][iva], pred).correlation
/workspace_developability_acquisition/gate_b2/scripts/04_modeling.py:115: ConstantInputWarning: An input array is constant; the correlation coefficient is not defined.
  sc = spearmanr(y[tr][iva], pred).correlation
/workspace_developability_acquisition/gate_b2/scripts/04_modeling.py:115: ConstantInputWarning: An input array is constant; the correlation coefficient is not defined.
  sc = spearmanr(y[tr][iva], pred).correlation
/workspace_developability_acquisition/gate_b2/scripts/04_modeling.py:115: ConstantInputWarning: An input array is constant; the correlation coefficient is not defined.
  sc = spearmanr(y[tr][iva], pred).correlation
/workspace_developability_acquisition/gate_b2/scripts/04_modeling.py:115: ConstantInputWarning: An input array is constant; the correlation coefficient is not defined.
  sc = spearmanr(y[tr][iva], pred).correlation
/workspace_developability_acquisition/gate_b2/scripts/04_modeling.py:115: ConstantInputWarning: An input array is constant; the correlation coefficient is not defined.
  sc = spearmanr(y[tr][iva], pred).correlation
/workspace_developability_acquisition/gate_b2/scripts/04_modeling.py:115: ConstantInputWarning: An input array is constant; the correlation coefficient is not defined.
  sc = spearmanr(y[tr][iva], pred).correlation
/workspace_developability_acquisition/gate_b2/scripts/04_modeling.py:115: ConstantInputWarning: An input array is constant; the correlation coefficient is not defined.
  sc = spearmanr(y[tr][iva], pred).correlation
/workspace_developability_acquisition/gate_b2/scripts/04_modeling.py:115: ConstantInputWarning: An input array is constant; the correlation coefficient is not defined.
  sc = spearmanr(y[tr][iva], pred).correlation
/workspace_developability_acquisition/gate_b2/scripts/04_modeling.py:115: ConstantInputWarning: An input array is constant; the correlation coefficient is not defined.
  sc = spearmanr(y[tr][iva], pred).correlation
/workspace_developability_acquisition/gate_b2/scripts/04_modeling.py:115: ConstantInputWarning: An input array is constant; the correlation coefficient is not defined.
  sc = spearmanr(y[tr][iva], pred).correlation
/workspace_developability_acquisition/gate_b2/scripts/04_modeling.py:115: ConstantInputWarning: An input array is constant; the correlation coefficient is not defined.
  sc = spearmanr(y[tr][iva], pred).correlation
/workspace_developability_acquisition/gate_b2/scripts/04_modeling.py:115: ConstantInputWarning: An input array is constant; the correlation coefficient is not defined.
  sc = spearmanr(y[tr][iva], pred).correlation
/workspace_developability_acquisition/gate_b2/scripts/04_modeling.py:115: ConstantInputWarning: An input array is constant; the correlation coefficient is not defined.
  sc = spearmanr(y[tr][iva], pred).correlation
/workspace_developability_acquisition/gate_b2/scripts/04_modeling.py:115: ConstantInputWarning: An input array is constant; the correlation coefficient is not defined.
  sc = spearmanr(y[tr][iva], pred).correlation
/workspace_developability_acquisition/gate_b2/scripts/04_modeling.py:115: ConstantInputWarning: An input array is constant; the correlation coefficient is not defined.
  sc = spearmanr(y[tr][iva], pred).correlation
/workspace_developability_acquisition/gate_b2/scripts/04_modeling.py:115: ConstantInputWarning: An input array is constant; the correlation coefficient is not defined.
  sc = spearmanr(y[tr][iva], pred).correlation
/workspace_developability_acquisition/gate_b2/scripts/04_modeling.py:115: ConstantInputWarning: An input array is constant; the correlation coefficient is not defined.
  sc = spearmanr(y[tr][iva], pred).correlation
/workspace_developability_acquisition/gate_b2/scripts/04_modeling.py:115: ConstantInputWarning: An input array is constant; the correlation coefficient is not defined.
  sc = spearmanr(y[tr][iva], pred).correlation
/workspace_developability_acquisition/gate_b2/scripts/04_modeling.py:115: ConstantInputWarning: An input array is constant; the correlation coefficient is not defined.
  sc = spearmanr(y[tr][iva], pred).correlation
/workspace_developability_acquisition/gate_b2/scripts/04_modeling.py:115: ConstantInputWarning: An input array is constant; the correlation coefficient is not defined.
  sc = spearmanr(y[tr][iva], pred).correlation
/workspace_developability_acquisition/gate_b2/scripts/04_modeling.py:115: ConstantInputWarning: An input array is constant; the correlation coefficient is not defined.
  sc = spearmanr(y[tr][iva], pred).correlation
/workspace_developability_acquisition/gate_b2/scripts/04_modeling.py:115: ConstantInputWarning: An input array is constant; the correlation coefficient is not defined.
  sc = spearmanr(y[tr][iva], pred).correlation
/workspace_developability_acquisition/gate_b2/scripts/04_modeling.py:115: ConstantInputWarning: An input array is constant; the correlation coefficient is not defined.
  sc = spearmanr(y[tr][iva], pred).correlation
/workspace_developability_acquisition/gate_b2/scripts/04_modeling.py:115: ConstantInputWarning: An input array is constant; the correlation coefficient is not defined.
  sc = spearmanr(y[tr][iva], pred).correlation
/workspace_developability_acquisition/gate_b2/scripts/04_modeling.py:115: ConstantInputWarning: An input array is constant; the correlation coefficient is not defined.
  sc = spearmanr(y[tr][iva], pred).correlation
/workspace_developability_acquisition/gate_b2/scripts/04_modeling.py:115: ConstantInputWarning: An input array is constant; the correlation coefficient is not defined.
  sc = spearmanr(y[tr][iva], pred).correlation
/workspace_developability_acquisition/gate_b2/scripts/04_modeling.py:115: ConstantInputWarning: An input array is constant; the correlation coefficient is not defined.
  sc = spearmanr(y[tr][iva], pred).correlation
/workspace_developability_acquisition/gate_b2/scripts/04_modeling.py:115: ConstantInputWarning: An input array is constant; the correlation coefficient is not defined.
  sc = spearmanr(y[tr][iva], pred).correlation
/workspace_developability_acquisition/gate_b2/scripts/04_modeling.py:115: ConstantInputWarning: An input array is constant; the correlation coefficient is not defined.
  sc = spearmanr(y[tr][iva], pred).correlation
/workspace_developability_acquisition/gate_b2/scripts/04_modeling.py:115: ConstantInputWarning: An input array is constant; the correlation coefficient is not defined.
  sc = spearmanr(y[tr][iva], pred).correlation
/workspace_developability_acquisition/gate_b2/scripts/04_modeling.py:115: ConstantInputWarning: An input array is constant; the correlation coefficient is not defined.
  sc = spearmanr(y[tr][iva], pred).correlation
/workspace_developability_acquisition/gate_b2/scripts/04_modeling.py:115: ConstantInputWarning: An input array is constant; the correlation coefficient is not defined.
  sc = spearmanr(y[tr][iva], pred).correlation
/workspace_developability_acquisition/gate_b2/scripts/04_modeling.py:115: ConstantInputWarning: An input array is constant; the correlation coefficient is not defined.
  sc = spearmanr(y[tr][iva], pred).correlation
/workspace_developability_acquisition/gate_b2/scripts/04_modeling.py:115: ConstantInputWarning: An input array is constant; the correlation coefficient is not defined.
  sc = spearmanr(y[tr][iva], pred).correlation
RUN shadow_3 HIC ABB_INTERFACE Ridge d=8
RUN shadow_3 HIC ABB_INTERFACE ElasticNet d=8
/workspace_developability_acquisition/gate_b2/scripts/04_modeling.py:115: ConstantInputWarning: An input array is constant; the correlation coefficient is not defined.
  sc = spearmanr(y[tr][iva], pred).correlation
/workspace_developability_acquisition/gate_b2/scripts/04_modeling.py:115: ConstantInputWarning: An input array is constant; the correlation coefficient is not defined.
  sc = spearmanr(y[tr][iva], pred).correlation
/workspace_developability_acquisition/gate_b2/scripts/04_modeling.py:115: ConstantInputWarning: An input array is constant; the correlation coefficient is not defined.
  sc = spearmanr(y[tr][iva], pred).correlation
/workspace_developability_acquisition/gate_b2/scripts/04_modeling.py:115: ConstantInputWarning: An input array is constant; the correlation coefficient is not defined.
  sc = spearmanr(y[tr][iva], pred).correlation
/workspace_developability_acquisition/gate_b2/scripts/04_modeling.py:115: ConstantInputWarning: An input array is constant; the correlation coefficient is not defined.
  sc = spearmanr(y[tr][iva], pred).correlation
/workspace_developability_acquisition/gate_b2/scripts/04_modeling.py:115: ConstantInputWarning: An input array is constant; the correlation coefficient is not defined.
  sc = spearmanr(y[tr][iva], pred).correlation
/workspace_developability_acquisition/gate_b2/scripts/04_modeling.py:115: ConstantInputWarning: An input array is constant; the correlation coefficient is not defined.
  sc = spearmanr(y[tr][iva], pred).correlation
/workspace_developability_acquisition/gate_b2/scripts/04_modeling.py:115: ConstantInputWarning: An input array is constant; the correlation coefficient is not defined.
  sc = spearmanr(y[tr][iva], pred).correlation
/workspace_developability_acquisition/gate_b2/scripts/04_modeling.py:115: ConstantInputWarning: An input array is constant; the correlation coefficient is not defined.
  sc = spearmanr(y[tr][iva], pred).correlation
/workspace_developability_acquisition/gate_b2/scripts/04_modeling.py:115: ConstantInputWarning: An input array is constant; the correlation coefficient is not defined.
  sc = spearmanr(y[tr][iva], pred).correlation
/workspace_developability_acquisition/gate_b2/scripts/04_modeling.py:115: ConstantInputWarning: An input array is constant; the correlation coefficient is not defined.
  sc = spearmanr(y[tr][iva], pred).correlation
/workspace_developability_acquisition/gate_b2/scripts/04_modeling.py:115: ConstantInputWarning: An input array is constant; the correlation coefficient is not defined.
  sc = spearmanr(y[tr][iva], pred).correlation
/workspace_developability_acquisition/gate_b2/scripts/04_modeling.py:115: ConstantInputWarning: An input array is constant; the correlation coefficient is not defined.
  sc = spearmanr(y[tr][iva], pred).correlation
/workspace_developability_acquisition/gate_b2/scripts/04_modeling.py:115: ConstantInputWarning: An input array is constant; the correlation coefficient is not defined.
  sc = spearmanr(y[tr][iva], pred).correlation
/workspace_developability_acquisition/gate_b2/scripts/04_modeling.py:115: ConstantInputWarning: An input array is constant; the correlation coefficient is not defined.
  sc = spearmanr(y[tr][iva], pred).correlation
/workspace_developability_acquisition/gate_b2/scripts/04_modeling.py:115: ConstantInputWarning: An input array is constant; the correlation coefficient is not defined.
  sc = spearmanr(y[tr][iva], pred).correlation
/workspace_developability_acquisition/gate_b2/scripts/04_modeling.py:115: ConstantInputWarning: An input array is constant; the correlation coefficient is not defined.
  sc = spearmanr(y[tr][iva], pred).correlation
/workspace_developability_acquisition/gate_b2/scripts/04_modeling.py:115: ConstantInputWarning: An input array is constant; the correlation coefficient is not defined.
  sc = spearmanr(y[tr][iva], pred).correlation
/workspace_developability_acquisition/gate_b2/scripts/04_modeling.py:115: ConstantInputWarning: An input array is constant; the correlation coefficient is not defined.
  sc = spearmanr(y[tr][iva], pred).correlation
/workspace_developability_acquisition/gate_b2/scripts/04_modeling.py:115: ConstantInputWarning: An input array is constant; the correlation coefficient is not defined.
  sc = spearmanr(y[tr][iva], pred).correlation
/workspace_developability_acquisition/gate_b2/scripts/04_modeling.py:115: ConstantInputWarning: An input array is constant; the correlation coefficient is not defined.
  sc = spearmanr(y[tr][iva], pred).correlation
/workspace_developability_acquisition/gate_b2/scripts/04_modeling.py:115: ConstantInputWarning: An input array is constant; the correlation coefficient is not defined.
  sc = spearmanr(y[tr][iva], pred).correlation
/workspace_developability_acquisition/gate_b2/scripts/04_modeling.py:115: ConstantInputWarning: An input array is constant; the correlation coefficient is not defined.
  sc = spearmanr(y[tr][iva], pred).correlation
/workspace_developability_acquisition/gate_b2/scripts/04_modeling.py:115: ConstantInputWarning: An input array is constant; the correlation coefficient is not defined.
  sc = spearmanr(y[tr][iva], pred).correlation
/workspace_developability_acquisition/gate_b2/scripts/04_modeling.py:115: ConstantInputWarning: An input array is constant; the correlation coefficient is not defined.
  sc = spearmanr(y[tr][iva], pred).correlation
/workspace_developability_acquisition/gate_b2/scripts/04_modeling.py:115: ConstantInputWarning: An input array is constant; the correlation coefficient is not defined.
  sc = spearmanr(y[tr][iva], pred).correlation
/workspace_developability_acquisition/gate_b2/scripts/04_modeling.py:115: ConstantInputWarning: An input array is constant; the correlation coefficient is not defined.
  sc = spearmanr(y[tr][iva], pred).correlation
/workspace_developability_acquisition/gate_b2/scripts/04_modeling.py:115: ConstantInputWarning: An input array is constant; the correlation coefficient is not defined.
  sc = spearmanr(y[tr][iva], pred).correlation
/workspace_developability_acquisition/gate_b2/scripts/04_modeling.py:115: ConstantInputWarning: An input array is constant; the correlation coefficient is not defined.
  sc = spearmanr(y[tr][iva], pred).correlation
/workspace_developability_acquisition/gate_b2/scripts/04_modeling.py:115: ConstantInputWarning: An input array is constant; the correlation coefficient is not defined.
  sc = spearmanr(y[tr][iva], pred).correlation
/workspace_developability_acquisition/gate_b2/scripts/04_modeling.py:115: ConstantInputWarning: An input array is constant; the correlation coefficient is not defined.
  sc = spearmanr(y[tr][iva], pred).correlation
/workspace_developability_acquisition/gate_b2/scripts/04_modeling.py:115: ConstantInputWarning: An input array is constant; the correlation coefficient is not defined.
  sc = spearmanr(y[tr][iva], pred).correlation
/workspace_developability_acquisition/gate_b2/scripts/04_modeling.py:115: ConstantInputWarning: An input array is constant; the correlation coefficient is not defined.
  sc = spearmanr(y[tr][iva], pred).correlation
/workspace_developability_acquisition/gate_b2/scripts/04_modeling.py:115: ConstantInputWarning: An input array is constant; the correlation coefficient is not defined.
  sc = spearmanr(y[tr][iva], pred).correlation
RUN shadow_3 HIC ABB_ALL Ridge d=247
RUN shadow_3 HIC ESMF_NATIVE_SASA Ridge d=58
RUN shadow_3 HIC ESMF_NATIVE_SASA ElasticNet d=58
/workspace_developability_acquisition/gate_b2/scripts/04_modeling.py:115: ConstantInputWarning: An input array is constant; the correlation coefficient is not defined.
  sc = spearmanr(y[tr][iva], pred).correlation
/workspace_developability_acquisition/gate_b2/scripts/04_modeling.py:115: ConstantInputWarning: An input array is constant; the correlation coefficient is not defined.
  sc = spearmanr(y[tr][iva], pred).correlation
/workspace_developability_acquisition/gate_b2/scripts/04_modeling.py:115: ConstantInputWarning: An input array is constant; the correlation coefficient is not defined.
  sc = spearmanr(y[tr][iva], pred).correlation
/workspace_developability_acquisition/gate_b2/scripts/04_modeling.py:115: ConstantInputWarning: An input array is constant; the correlation coefficient is not defined.
  sc = spearmanr(y[tr][iva], pred).correlation
/workspace_developability_acquisition/gate_b2/scripts/04_modeling.py:115: ConstantInputWarning: An input array is constant; the correlation coefficient is not defined.
  sc = spearmanr(y[tr][iva], pred).correlation
/workspace_developability_acquisition/gate_b2/scripts/04_modeling.py:115: ConstantInputWarning: An input array is constant; the correlation coefficient is not defined.
  sc = spearmanr(y[tr][iva], pred).correlation
/workspace_developability_acquisition/gate_b2/scripts/04_modeling.py:115: ConstantInputWarning: An input array is constant; the correlation coefficient is not defined.
  sc = spearmanr(y[tr][iva], pred).correlation
/workspace_developability_acquisition/gate_b2/scripts/04_modeling.py:115: ConstantInputWarning: An input array is constant; the correlation coefficient is not defined.
  sc = spearmanr(y[tr][iva], pred).correlation
/workspace_developability_acquisition/gate_b2/scripts/04_modeling.py:115: ConstantInputWarning: An input array is constant; the correlation coefficient is not defined.
  sc = spearmanr(y[tr][iva], pred).correlation
/workspace_developability_acquisition/gate_b2/scripts/04_modeling.py:115: ConstantInputWarning: An input array is constant; the correlation coefficient is not defined.
  sc = spearmanr(y[tr][iva], pred).correlation
/workspace_developability_acquisition/gate_b2/scripts/04_modeling.py:115: ConstantInputWarning: An input array is constant; the correlation coefficient is not defined.
  sc = spearmanr(y[tr][iva], pred).correlation
/workspace_developability_acquisition/gate_b2/scripts/04_modeling.py:115: ConstantInputWarning: An input array is constant; the correlation coefficient is not defined.
  sc = spearmanr(y[tr][iva], pred).correlation
/workspace_developability_acquisition/gate_b2/scripts/04_modeling.py:115: ConstantInputWarning: An input array is constant; the correlation coefficient is not defined.
  sc = spearmanr(y[tr][iva], pred).correlation
/workspace_developability_acquisition/gate_b2/scripts/04_modeling.py:115: ConstantInputWarning: An input array is constant; the correlation coefficient is not defined.
  sc = spearmanr(y[tr][iva], pred).correlation
/workspace_developability_acquisition/gate_b2/scripts/04_modeling.py:115: ConstantInputWarning: An input array is constant; the correlation coefficient is not defined.
  sc = spearmanr(y[tr][iva], pred).correlation
/workspace_developability_acquisition/gate_b2/scripts/04_modeling.py:115: ConstantInputWarning: An input array is constant; the correlation coefficient is not defined.
  sc = spearmanr(y[tr][iva], pred).correlation
/workspace_developability_acquisition/gate_b2/scripts/04_modeling.py:115: ConstantInputWarning: An input array is constant; the correlation coefficient is not defined.
  sc = spearmanr(y[tr][iva], pred).correlation
/workspace_developability_acquisition/gate_b2/scripts/04_modeling.py:115: ConstantInputWarning: An input array is constant; the correlation coefficient is not defined.
  sc = spearmanr(y[tr][iva], pred).correlation
/workspace_developability_acquisition/gate_b2/scripts/04_modeling.py:115: ConstantInputWarning: An input array is constant; the correlation coefficient is not defined.
  sc = spearmanr(y[tr][iva], pred).correlation
/workspace_developability_acquisition/gate_b2/scripts/04_modeling.py:115: ConstantInputWarning: An input array is constant; the correlation coefficient is not defined.
  sc = spearmanr(y[tr][iva], pred).correlation
/workspace_developability_acquisition/gate_b2/scripts/04_modeling.py:115: ConstantInputWarning: An input array is constant; the correlation coefficient is not defined.
  sc = spearmanr(y[tr][iva], pred).correlation
/workspace_developability_acquisition/gate_b2/scripts/04_modeling.py:115: ConstantInputWarning: An input array is constant; the correlation coefficient is not defined.
  sc = spearmanr(y[tr][iva], pred).correlation
/workspace_developability_acquisition/gate_b2/scripts/04_modeling.py:115: ConstantInputWarning: An input array is constant; the correlation coefficient is not defined.
  sc = spearmanr(y[tr][iva], pred).correlation
/workspace_developability_acquisition/gate_b2/scripts/04_modeling.py:115: ConstantInputWarning: An input array is constant; the correlation coefficient is not defined.
  sc = spearmanr(y[tr][iva], pred).correlation
/workspace_developability_acquisition/gate_b2/scripts/04_modeling.py:115: ConstantInputWarning: An input array is constant; the correlation coefficient is not defined.
  sc = spearmanr(y[tr][iva], pred).correlation
/workspace_developability_acquisition/gate_b2/scripts/04_modeling.py:115: ConstantInputWarning: An input array is constant; the correlation coefficient is not defined.
  sc = spearmanr(y[tr][iva], pred).correlation
/workspace_developability_acquisition/gate_b2/scripts/04_modeling.py:115: ConstantInputWarning: An input array is constant; the correlation coefficient is not defined.
  sc = spearmanr(y[tr][iva], pred).correlation
/workspace_developability_acquisition/gate_b2/scripts/04_modeling.py:115: ConstantInputWarning: An input array is constant; the correlation coefficient is not defined.
  sc = spearmanr(y[tr][iva], pred).correlation
/workspace_developability_acquisition/gate_b2/scripts/04_modeling.py:115: ConstantInputWarning: An input array is constant; the correlation coefficient is not defined.
  sc = spearmanr(y[tr][iva], pred).correlation
/workspace_developability_acquisition/gate_b2/scripts/04_modeling.py:115: ConstantInputWarning: An input array is constant; the correlation coefficient is not defined.
  sc = spearmanr(y[tr][iva], pred).correlation
RUN shadow_3 HIC ESMF_NATIVE_SASA_RASA Ridge d=114
RUN shadow_3 HIC ESMF_NATIVE_SASA_RASA ElasticNet d=114
/workspace_developability_acquisition/gate_b2/scripts/04_modeling.py:115: ConstantInputWarning: An input array is constant; the correlation coefficient is not defined.
  sc = spearmanr(y[tr][iva], pred).correlation
/workspace_developability_acquisition/gate_b2/scripts/04_modeling.py:115: ConstantInputWarning: An input array is constant; the correlation coefficient is not defined.
  sc = spearmanr(y[tr][iva], pred).correlation
/workspace_developability_acquisition/gate_b2/scripts/04_modeling.py:115: ConstantInputWarning: An input array is constant; the correlation coefficient is not defined.
  sc = spearmanr(y[tr][iva], pred).correlation
/workspace_developability_acquisition/gate_b2/scripts/04_modeling.py:115: ConstantInputWarning: An input array is constant; the correlation coefficient is not defined.
  sc = spearmanr(y[tr][iva], pred).correlation
/workspace_developability_acquisition/gate_b2/scripts/04_modeling.py:115: ConstantInputWarning: An input array is constant; the correlation coefficient is not defined.
  sc = spearmanr(y[tr][iva], pred).correlation
/workspace_developability_acquisition/gate_b2/scripts/04_modeling.py:115: ConstantInputWarning: An input array is constant; the correlation coefficient is not defined.
  sc = spearmanr(y[tr][iva], pred).correlation
/workspace_developability_acquisition/gate_b2/scripts/04_modeling.py:115: ConstantInputWarning: An input array is constant; the correlation coefficient is not defined.
  sc = spearmanr(y[tr][iva], pred).correlation
/workspace_developability_acquisition/gate_b2/scripts/04_modeling.py:115: ConstantInputWarning: An input array is constant; the correlation coefficient is not defined.
  sc = spearmanr(y[tr][iva], pred).correlation
/workspace_developability_acquisition/gate_b2/scripts/04_modeling.py:115: ConstantInputWarning: An input array is constant; the correlation coefficient is not defined.
  sc = spearmanr(y[tr][iva], pred).correlation
/workspace_developability_acquisition/gate_b2/scripts/04_modeling.py:115: ConstantInputWarning: An input array is constant; the correlation coefficient is not defined.
  sc = spearmanr(y[tr][iva], pred).correlation
/workspace_developability_acquisition/gate_b2/scripts/04_modeling.py:115: ConstantInputWarning: An input array is constant; the correlation coefficient is not defined.
  sc = spearmanr(y[tr][iva], pred).correlation
/workspace_developability_acquisition/gate_b2/scripts/04_modeling.py:115: ConstantInputWarning: An input array is constant; the correlation coefficient is not defined.
  sc = spearmanr(y[tr][iva], pred).correlation
/workspace_developability_acquisition/gate_b2/scripts/04_modeling.py:115: ConstantInputWarning: An input array is constant; the correlation coefficient is not defined.
  sc = spearmanr(y[tr][iva], pred).correlation
/workspace_developability_acquisition/gate_b2/scripts/04_modeling.py:115: ConstantInputWarning: An input array is constant; the correlation coefficient is not defined.
  sc = spearmanr(y[tr][iva], pred).correlation
/workspace_developability_acquisition/gate_b2/scripts/04_modeling.py:115: ConstantInputWarning: An input array is constant; the correlation coefficient is not defined.
  sc = spearmanr(y[tr][iva], pred).correlation
/workspace_developability_acquisition/gate_b2/scripts/04_modeling.py:115: ConstantInputWarning: An input array is constant; the correlation coefficient is not defined.
  sc = spearmanr(y[tr][iva], pred).correlation
/workspace_developability_acquisition/gate_b2/scripts/04_modeling.py:115: ConstantInputWarning: An input array is constant; the correlation coefficient is not defined.
  sc = spearmanr(y[tr][iva], pred).correlation
/workspace_developability_acquisition/gate_b2/scripts/04_modeling.py:115: ConstantInputWarning: An input array is constant; the correlation coefficient is not defined.
  sc = spearmanr(y[tr][iva], pred).correlation
/workspace_developability_acquisition/gate_b2/scripts/04_modeling.py:115: ConstantInputWarning: An input array is constant; the correlation coefficient is not defined.
  sc = spearmanr(y[tr][iva], pred).correlation
/workspace_developability_acquisition/gate_b2/scripts/04_modeling.py:115: ConstantInputWarning: An input array is constant; the correlation coefficient is not defined.
  sc = spearmanr(y[tr][iva], pred).correlation
/workspace_developability_acquisition/gate_b2/scripts/04_modeling.py:115: ConstantInputWarning: An input array is constant; the correlation coefficient is not defined.
  sc = spearmanr(y[tr][iva], pred).correlation
/workspace_developability_acquisition/gate_b2/scripts/04_modeling.py:115: ConstantInputWarning: An input array is constant; the correlation coefficient is not defined.
  sc = spearmanr(y[tr][iva], pred).correlation
/workspace_developability_acquisition/gate_b2/scripts/04_modeling.py:115: ConstantInputWarning: An input array is constant; the correlation coefficient is not defined.
  sc = spearmanr(y[tr][iva], pred).correlation
/workspace_developability_acquisition/gate_b2/scripts/04_modeling.py:115: ConstantInputWarning: An input array is constant; the correlation coefficient is not defined.
  sc = spearmanr(y[tr][iva], pred).correlation
/workspace_developability_acquisition/gate_b2/scripts/04_modeling.py:115: ConstantInputWarning: An input array is constant; the correlation coefficient is not defined.
  sc = spearmanr(y[tr][iva], pred).correlation
/workspace_developability_acquisition/gate_b2/scripts/04_modeling.py:115: ConstantInputWarning: An input array is constant; the correlation coefficient is not defined.
  sc = spearmanr(y[tr][iva], pred).correlation
/workspace_developability_acquisition/gate_b2/scripts/04_modeling.py:115: ConstantInputWarning: An input array is constant; the correlation coefficient is not defined.
  sc = spearmanr(y[tr][iva], pred).correlation
/workspace_developability_acquisition/gate_b2/scripts/04_modeling.py:115: ConstantInputWarning: An input array is constant; the correlation coefficient is not defined.
  sc = spearmanr(y[tr][iva], pred).correlation
/workspace_developability_acquisition/gate_b2/scripts/04_modeling.py:115: ConstantInputWarning: An input array is constant; the correlation coefficient is not defined.
  sc = spearmanr(y[tr][iva], pred).correlation
/workspace_developability_acquisition/gate_b2/scripts/04_modeling.py:115: ConstantInputWarning: An input array is constant; the correlation coefficient is not defined.
  sc = spearmanr(y[tr][iva], pred).correlation
RUN shadow_3 HIC ESMF_NATIVE_SURFACE Ridge d=56
RUN shadow_3 HIC ESMF_NATIVE_SURFACE ElasticNet d=56
/workspace_developability_acquisition/gate_b2/scripts/04_modeling.py:115: ConstantInputWarning: An input array is constant; the correlation coefficient is not defined.
  sc = spearmanr(y[tr][iva], pred).correlation
/workspace_developability_acquisition/gate_b2/scripts/04_modeling.py:115: ConstantInputWarning: An input array is constant; the correlation coefficient is not defined.
  sc = spearmanr(y[tr][iva], pred).correlation
/workspace_developability_acquisition/gate_b2/scripts/04_modeling.py:115: ConstantInputWarning: An input array is constant; the correlation coefficient is not defined.
  sc = spearmanr(y[tr][iva], pred).correlation
/workspace_developability_acquisition/gate_b2/scripts/04_modeling.py:115: ConstantInputWarning: An input array is constant; the correlation coefficient is not defined.
  sc = spearmanr(y[tr][iva], pred).correlation
/workspace_developability_acquisition/gate_b2/scripts/04_modeling.py:115: ConstantInputWarning: An input array is constant; the correlation coefficient is not defined.
  sc = spearmanr(y[tr][iva], pred).correlation
/workspace_developability_acquisition/gate_b2/scripts/04_modeling.py:115: ConstantInputWarning: An input array is constant; the correlation coefficient is not defined.
  sc = spearmanr(y[tr][iva], pred).correlation
/workspace_developability_acquisition/gate_b2/scripts/04_modeling.py:115: ConstantInputWarning: An input array is constant; the correlation coefficient is not defined.
  sc = spearmanr(y[tr][iva], pred).correlation
/workspace_developability_acquisition/gate_b2/scripts/04_modeling.py:115: ConstantInputWarning: An input array is constant; the correlation coefficient is not defined.
  sc = spearmanr(y[tr][iva], pred).correlation
/workspace_developability_acquisition/gate_b2/scripts/04_modeling.py:115: ConstantInputWarning: An input array is constant; the correlation coefficient is not defined.
  sc = spearmanr(y[tr][iva], pred).correlation
/workspace_developability_acquisition/gate_b2/scripts/04_modeling.py:115: ConstantInputWarning: An input array is constant; the correlation coefficient is not defined.
  sc = spearmanr(y[tr][iva], pred).correlation
/workspace_developability_acquisition/gate_b2/scripts/04_modeling.py:115: ConstantInputWarning: An input array is constant; the correlation coefficient is not defined.
  sc = spearmanr(y[tr][iva], pred).correlation
/workspace_developability_acquisition/gate_b2/scripts/04_modeling.py:115: ConstantInputWarning: An input array is constant; the correlation coefficient is not defined.
  sc = spearmanr(y[tr][iva], pred).correlation
/workspace_developability_acquisition/gate_b2/scripts/04_modeling.py:115: ConstantInputWarning: An input array is constant; the correlation coefficient is not defined.
  sc = spearmanr(y[tr][iva], pred).correlation
/workspace_developability_acquisition/gate_b2/scripts/04_modeling.py:115: ConstantInputWarning: An input array is constant; the correlation coefficient is not defined.
  sc = spearmanr(y[tr][iva], pred).correlation
/workspace_developability_acquisition/gate_b2/scripts/04_modeling.py:115: ConstantInputWarning: An input array is constant; the correlation coefficient is not defined.
  sc = spearmanr(y[tr][iva], pred).correlation
/workspace_developability_acquisition/gate_b2/scripts/04_modeling.py:115: ConstantInputWarning: An input array is constant; the correlation coefficient is not defined.
  sc = spearmanr(y[tr][iva], pred).correlation
/workspace_developability_acquisition/gate_b2/scripts/04_modeling.py:115: ConstantInputWarning: An input array is constant; the correlation coefficient is not defined.
  sc = spearmanr(y[tr][iva], pred).correlation
/workspace_developability_acquisition/gate_b2/scripts/04_modeling.py:115: ConstantInputWarning: An input array is constant; the correlation coefficient is not defined.
  sc = spearmanr(y[tr][iva], pred).correlation
/workspace_developability_acquisition/gate_b2/scripts/04_modeling.py:115: ConstantInputWarning: An input array is constant; the correlation coefficient is not defined.
  sc = spearmanr(y[tr][iva], pred).correlation
/workspace_developability_acquisition/gate_b2/scripts/04_modeling.py:115: ConstantInputWarning: An input array is constant; the correlation coefficient is not defined.
  sc = spearmanr(y[tr][iva], pred).correlation
/workspace_developability_acquisition/gate_b2/scripts/04_modeling.py:115: ConstantInputWarning: An input array is constant; the correlation coefficient is not defined.
  sc = spearmanr(y[tr][iva], pred).correlation
/workspace_developability_acquisition/gate_b2/scripts/04_modeling.py:115: ConstantInputWarning: An input array is constant; the correlation coefficient is not defined.
  sc = spearmanr(y[tr][iva], pred).correlation
/workspace_developability_acquisition/gate_b2/scripts/04_modeling.py:115: ConstantInputWarning: An input array is constant; the correlation coefficient is not defined.
  sc = spearmanr(y[tr][iva], pred).correlation
/workspace_developability_acquisition/gate_b2/scripts/04_modeling.py:115: ConstantInputWarning: An input array is constant; the correlation coefficient is not defined.
  sc = spearmanr(y[tr][iva], pred).correlation
/workspace_developability_acquisition/gate_b2/scripts/04_modeling.py:115: ConstantInputWarning: An input array is constant; the correlation coefficient is not defined.
  sc = spearmanr(y[tr][iva], pred).correlation
/workspace_developability_acquisition/gate_b2/scripts/04_modeling.py:115: ConstantInputWarning: An input array is constant; the correlation coefficient is not defined.
  sc = spearmanr(y[tr][iva], pred).correlation
/workspace_developability_acquisition/gate_b2/scripts/04_modeling.py:115: ConstantInputWarning: An input array is constant; the correlation coefficient is not defined.
  sc = spearmanr(y[tr][iva], pred).correlation
/workspace_developability_acquisition/gate_b2/scripts/04_modeling.py:115: ConstantInputWarning: An input array is constant; the correlation coefficient is not defined.
  sc = spearmanr(y[tr][iva], pred).correlation
/workspace_developability_acquisition/gate_b2/scripts/04_modeling.py:115: ConstantInputWarning: An input array is constant; the correlation coefficient is not defined.
  sc = spearmanr(y[tr][iva], pred).correlation
/workspace_developability_acquisition/gate_b2/scripts/04_modeling.py:115: ConstantInputWarning: An input array is constant; the correlation coefficient is not defined.
  sc = spearmanr(y[tr][iva], pred).correlation
RUN shadow_3 HIC ESMF_NATIVE_SURFACE_RASAW Ridge d=56
RUN shadow_3 HIC ESMF_NATIVE_SURFACE_RASAW ElasticNet d=56
/workspace_developability_acquisition/gate_b2/scripts/04_modeling.py:115: ConstantInputWarning: An input array is constant; the correlation coefficient is not defined.
  sc = spearmanr(y[tr][iva], pred).correlation
/workspace_developability_acquisition/gate_b2/scripts/04_modeling.py:115: ConstantInputWarning: An input array is constant; the correlation coefficient is not defined.
  sc = spearmanr(y[tr][iva], pred).correlation
/workspace_developability_acquisition/gate_b2/scripts/04_modeling.py:115: ConstantInputWarning: An input array is constant; the correlation coefficient is not defined.
  sc = spearmanr(y[tr][iva], pred).correlation
/workspace_developability_acquisition/gate_b2/scripts/04_modeling.py:115: ConstantInputWarning: An input array is constant; the correlation coefficient is not defined.
  sc = spearmanr(y[tr][iva], pred).correlation
/workspace_developability_acquisition/gate_b2/scripts/04_modeling.py:115: ConstantInputWarning: An input array is constant; the correlation coefficient is not defined.
  sc = spearmanr(y[tr][iva], pred).correlation
/workspace_developability_acquisition/gate_b2/scripts/04_modeling.py:115: ConstantInputWarning: An input array is constant; the correlation coefficient is not defined.
  sc = spearmanr(y[tr][iva], pred).correlation
/workspace_developability_acquisition/gate_b2/scripts/04_modeling.py:115: ConstantInputWarning: An input array is constant; the correlation coefficient is not defined.
  sc = spearmanr(y[tr][iva], pred).correlation
/workspace_developability_acquisition/gate_b2/scripts/04_modeling.py:115: ConstantInputWarning: An input array is constant; the correlation coefficient is not defined.
  sc = spearmanr(y[tr][iva], pred).correlation
/workspace_developability_acquisition/gate_b2/scripts/04_modeling.py:115: ConstantInputWarning: An input array is constant; the correlation coefficient is not defined.
  sc = spearmanr(y[tr][iva], pred).correlation
/workspace_developability_acquisition/gate_b2/scripts/04_modeling.py:115: ConstantInputWarning: An input array is constant; the correlation coefficient is not defined.
  sc = spearmanr(y[tr][iva], pred).correlation
/workspace_developability_acquisition/gate_b2/scripts/04_modeling.py:115: ConstantInputWarning: An input array is constant; the correlation coefficient is not defined.
  sc = spearmanr(y[tr][iva], pred).correlation
/workspace_developability_acquisition/gate_b2/scripts/04_modeling.py:115: ConstantInputWarning: An input array is constant; the correlation coefficient is not defined.
  sc = spearmanr(y[tr][iva], pred).correlation
/workspace_developability_acquisition/gate_b2/scripts/04_modeling.py:115: ConstantInputWarning: An input array is constant; the correlation coefficient is not defined.
  sc = spearmanr(y[tr][iva], pred).correlation
/workspace_developability_acquisition/gate_b2/scripts/04_modeling.py:115: ConstantInputWarning: An input array is constant; the correlation coefficient is not defined.
  sc = spearmanr(y[tr][iva], pred).correlation
/workspace_developability_acquisition/gate_b2/scripts/04_modeling.py:115: ConstantInputWarning: An input array is constant; the correlation coefficient is not defined.
  sc = spearmanr(y[tr][iva], pred).correlation
/workspace_developability_acquisition/gate_b2/scripts/04_modeling.py:115: ConstantInputWarning: An input array is constant; the correlation coefficient is not defined.
  sc = spearmanr(y[tr][iva], pred).correlation
/workspace_developability_acquisition/gate_b2/scripts/04_modeling.py:115: ConstantInputWarning: An input array is constant; the correlation coefficient is not defined.
  sc = spearmanr(y[tr][iva], pred).correlation
/workspace_developability_acquisition/gate_b2/scripts/04_modeling.py:115: ConstantInputWarning: An input array is constant; the correlation coefficient is not defined.
  sc = spearmanr(y[tr][iva], pred).correlation
/workspace_developability_acquisition/gate_b2/scripts/04_modeling.py:115: ConstantInputWarning: An input array is constant; the correlation coefficient is not defined.
  sc = spearmanr(y[tr][iva], pred).correlation
/workspace_developability_acquisition/gate_b2/scripts/04_modeling.py:115: ConstantInputWarning: An input array is constant; the correlation coefficient is not defined.
  sc = spearmanr(y[tr][iva], pred).correlation
/workspace_developability_acquisition/gate_b2/scripts/04_modeling.py:115: ConstantInputWarning: An input array is constant; the correlation coefficient is not defined.
  sc = spearmanr(y[tr][iva], pred).correlation
/workspace_developability_acquisition/gate_b2/scripts/04_modeling.py:115: ConstantInputWarning: An input array is constant; the correlation coefficient is not defined.
  sc = spearmanr(y[tr][iva], pred).correlation
/workspace_developability_acquisition/gate_b2/scripts/04_modeling.py:115: ConstantInputWarning: An input array is constant; the correlation coefficient is not defined.
  sc = spearmanr(y[tr][iva], pred).correlation
/workspace_developability_acquisition/gate_b2/scripts/04_modeling.py:115: ConstantInputWarning: An input array is constant; the correlation coefficient is not defined.
  sc = spearmanr(y[tr][iva], pred).correlation
/workspace_developability_acquisition/gate_b2/scripts/04_modeling.py:115: ConstantInputWarning: An input array is constant; the correlation coefficient is not defined.
  sc = spearmanr(y[tr][iva], pred).correlation
/workspace_developability_acquisition/gate_b2/scripts/04_modeling.py:115: ConstantInputWarning: An input array is constant; the correlation coefficient is not defined.
  sc = spearmanr(y[tr][iva], pred).correlation
/workspace_developability_acquisition/gate_b2/scripts/04_modeling.py:115: ConstantInputWarning: An input array is constant; the correlation coefficient is not defined.
  sc = spearmanr(y[tr][iva], pred).correlation
/workspace_developability_acquisition/gate_b2/scripts/04_modeling.py:115: ConstantInputWarning: An input array is constant; the correlation coefficient is not defined.
  sc = spearmanr(y[tr][iva], pred).correlation
/workspace_developability_acquisition/gate_b2/scripts/04_modeling.py:115: ConstantInputWarning: An input array is constant; the correlation coefficient is not defined.
  sc = spearmanr(y[tr][iva], pred).correlation
/workspace_developability_acquisition/gate_b2/scripts/04_modeling.py:115: ConstantInputWarning: An input array is constant; the correlation coefficient is not defined.
  sc = spearmanr(y[tr][iva], pred).correlation
RUN shadow_3 HIC ESMF_NATIVE_ALL_SURFACE Ridge d=154
RUN shadow_3 HIC ESMF_NATIVE_ALL_SURFACE ElasticNet d=154
/workspace_developability_acquisition/gate_b2/scripts/04_modeling.py:115: ConstantInputWarning: An input array is constant; the correlation coefficient is not defined.
  sc = spearmanr(y[tr][iva], pred).correlation
/workspace_developability_acquisition/gate_b2/scripts/04_modeling.py:115: ConstantInputWarning: An input array is constant; the correlation coefficient is not defined.
  sc = spearmanr(y[tr][iva], pred).correlation
/workspace_developability_acquisition/gate_b2/scripts/04_modeling.py:115: ConstantInputWarning: An input array is constant; the correlation coefficient is not defined.
  sc = spearmanr(y[tr][iva], pred).correlation
/workspace_developability_acquisition/gate_b2/scripts/04_modeling.py:115: ConstantInputWarning: An input array is constant; the correlation coefficient is not defined.
  sc = spearmanr(y[tr][iva], pred).correlation
/workspace_developability_acquisition/gate_b2/scripts/04_modeling.py:115: ConstantInputWarning: An input array is constant; the correlation coefficient is not defined.
  sc = spearmanr(y[tr][iva], pred).correlation
/workspace_developability_acquisition/gate_b2/scripts/04_modeling.py:115: ConstantInputWarning: An input array is constant; the correlation coefficient is not defined.
  sc = spearmanr(y[tr][iva], pred).correlation
/workspace_developability_acquisition/gate_b2/scripts/04_modeling.py:115: ConstantInputWarning: An input array is constant; the correlation coefficient is not defined.
  sc = spearmanr(y[tr][iva], pred).correlation
/workspace_developability_acquisition/gate_b2/scripts/04_modeling.py:115: ConstantInputWarning: An input array is constant; the correlation coefficient is not defined.
  sc = spearmanr(y[tr][iva], pred).correlation
/workspace_developability_acquisition/gate_b2/scripts/04_modeling.py:115: ConstantInputWarning: An input array is constant; the correlation coefficient is not defined.
  sc = spearmanr(y[tr][iva], pred).correlation
/workspace_developability_acquisition/gate_b2/scripts/04_modeling.py:115: ConstantInputWarning: An input array is constant; the correlation coefficient is not defined.
  sc = spearmanr(y[tr][iva], pred).correlation
/workspace_developability_acquisition/gate_b2/scripts/04_modeling.py:115: ConstantInputWarning: An input array is constant; the correlation coefficient is not defined.
  sc = spearmanr(y[tr][iva], pred).correlation
/workspace_developability_acquisition/gate_b2/scripts/04_modeling.py:115: ConstantInputWarning: An input array is constant; the correlation coefficient is not defined.
  sc = spearmanr(y[tr][iva], pred).correlation
/workspace_developability_acquisition/gate_b2/scripts/04_modeling.py:115: ConstantInputWarning: An input array is constant; the correlation coefficient is not defined.
  sc = spearmanr(y[tr][iva], pred).correlation
/workspace_developability_acquisition/gate_b2/scripts/04_modeling.py:115: ConstantInputWarning: An input array is constant; the correlation coefficient is not defined.
  sc = spearmanr(y[tr][iva], pred).correlation
/workspace_developability_acquisition/gate_b2/scripts/04_modeling.py:115: ConstantInputWarning: An input array is constant; the correlation coefficient is not defined.
  sc = spearmanr(y[tr][iva], pred).correlation
/workspace_developability_acquisition/gate_b2/scripts/04_modeling.py:115: ConstantInputWarning: An input array is constant; the correlation coefficient is not defined.
  sc = spearmanr(y[tr][iva], pred).correlation
/workspace_developability_acquisition/gate_b2/scripts/04_modeling.py:115: ConstantInputWarning: An input array is constant; the correlation coefficient is not defined.
  sc = spearmanr(y[tr][iva], pred).correlation
/workspace_developability_acquisition/gate_b2/scripts/04_modeling.py:115: ConstantInputWarning: An input array is constant; the correlation coefficient is not defined.
  sc = spearmanr(y[tr][iva], pred).correlation
/workspace_developability_acquisition/gate_b2/scripts/04_modeling.py:115: ConstantInputWarning: An input array is constant; the correlation coefficient is not defined.
  sc = spearmanr(y[tr][iva], pred).correlation
/workspace_developability_acquisition/gate_b2/scripts/04_modeling.py:115: ConstantInputWarning: An input array is constant; the correlation coefficient is not defined.
  sc = spearmanr(y[tr][iva], pred).correlation
/workspace_developability_acquisition/gate_b2/scripts/04_modeling.py:115: ConstantInputWarning: An input array is constant; the correlation coefficient is not defined.
  sc = spearmanr(y[tr][iva], pred).correlation
/workspace_developability_acquisition/gate_b2/scripts/04_modeling.py:115: ConstantInputWarning: An input array is constant; the correlation coefficient is not defined.
  sc = spearmanr(y[tr][iva], pred).correlation
/workspace_developability_acquisition/gate_b2/scripts/04_modeling.py:115: ConstantInputWarning: An input array is constant; the correlation coefficient is not defined.
  sc = spearmanr(y[tr][iva], pred).correlation
/workspace_developability_acquisition/gate_b2/scripts/04_modeling.py:115: ConstantInputWarning: An input array is constant; the correlation coefficient is not defined.
  sc = spearmanr(y[tr][iva], pred).correlation
/workspace_developability_acquisition/gate_b2/scripts/04_modeling.py:115: ConstantInputWarning: An input array is constant; the correlation coefficient is not defined.
  sc = spearmanr(y[tr][iva], pred).correlation
/workspace_developability_acquisition/gate_b2/scripts/04_modeling.py:115: ConstantInputWarning: An input array is constant; the correlation coefficient is not defined.
  sc = spearmanr(y[tr][iva], pred).correlation
/workspace_developability_acquisition/gate_b2/scripts/04_modeling.py:115: ConstantInputWarning: An input array is constant; the correlation coefficient is not defined.
  sc = spearmanr(y[tr][iva], pred).correlation
/workspace_developability_acquisition/gate_b2/scripts/04_modeling.py:115: ConstantInputWarning: An input array is constant; the correlation coefficient is not defined.
  sc = spearmanr(y[tr][iva], pred).correlation
/workspace_developability_acquisition/gate_b2/scripts/04_modeling.py:115: ConstantInputWarning: An input array is constant; the correlation coefficient is not defined.
  sc = spearmanr(y[tr][iva], pred).correlation
/workspace_developability_acquisition/gate_b2/scripts/04_modeling.py:115: ConstantInputWarning: An input array is constant; the correlation coefficient is not defined.
  sc = spearmanr(y[tr][iva], pred).correlation
RUN shadow_3 HIC ESMF_NATIVE_PATCH Ridge d=7
RUN shadow_3 HIC ESMF_NATIVE_PATCH ElasticNet d=7
/workspace_developability_acquisition/gate_b2/scripts/04_modeling.py:115: ConstantInputWarning: An input array is constant; the correlation coefficient is not defined.
  sc = spearmanr(y[tr][iva], pred).correlation
/workspace_developability_acquisition/gate_b2/scripts/04_modeling.py:115: ConstantInputWarning: An input array is constant; the correlation coefficient is not defined.
  sc = spearmanr(y[tr][iva], pred).correlation
/workspace_developability_acquisition/gate_b2/scripts/04_modeling.py:115: ConstantInputWarning: An input array is constant; the correlation coefficient is not defined.
  sc = spearmanr(y[tr][iva], pred).correlation
/workspace_developability_acquisition/gate_b2/scripts/04_modeling.py:115: ConstantInputWarning: An input array is constant; the correlation coefficient is not defined.
  sc = spearmanr(y[tr][iva], pred).correlation
/workspace_developability_acquisition/gate_b2/scripts/04_modeling.py:115: ConstantInputWarning: An input array is constant; the correlation coefficient is not defined.
  sc = spearmanr(y[tr][iva], pred).correlation
/workspace_developability_acquisition/gate_b2/scripts/04_modeling.py:115: ConstantInputWarning: An input array is constant; the correlation coefficient is not defined.
  sc = spearmanr(y[tr][iva], pred).correlation
/workspace_developability_acquisition/gate_b2/scripts/04_modeling.py:115: ConstantInputWarning: An input array is constant; the correlation coefficient is not defined.
  sc = spearmanr(y[tr][iva], pred).correlation
/workspace_developability_acquisition/gate_b2/scripts/04_modeling.py:115: ConstantInputWarning: An input array is constant; the correlation coefficient is not defined.
  sc = spearmanr(y[tr][iva], pred).correlation
/workspace_developability_acquisition/gate_b2/scripts/04_modeling.py:115: ConstantInputWarning: An input array is constant; the correlation coefficient is not defined.
  sc = spearmanr(y[tr][iva], pred).correlation
/workspace_developability_acquisition/gate_b2/scripts/04_modeling.py:115: ConstantInputWarning: An input array is constant; the correlation coefficient is not defined.
  sc = spearmanr(y[tr][iva], pred).correlation
/workspace_developability_acquisition/gate_b2/scripts/04_modeling.py:115: ConstantInputWarning: An input array is constant; the correlation coefficient is not defined.
  sc = spearmanr(y[tr][iva], pred).correlation
/workspace_developability_acquisition/gate_b2/scripts/04_modeling.py:115: ConstantInputWarning: An input array is constant; the correlation coefficient is not defined.
  sc = spearmanr(y[tr][iva], pred).correlation
/workspace_developability_acquisition/gate_b2/scripts/04_modeling.py:115: ConstantInputWarning: An input array is constant; the correlation coefficient is not defined.
  sc = spearmanr(y[tr][iva], pred).correlation
/workspace_developability_acquisition/gate_b2/scripts/04_modeling.py:115: ConstantInputWarning: An input array is constant; the correlation coefficient is not defined.
  sc = spearmanr(y[tr][iva], pred).correlation
/workspace_developability_acquisition/gate_b2/scripts/04_modeling.py:115: ConstantInputWarning: An input array is constant; the correlation coefficient is not defined.
  sc = spearmanr(y[tr][iva], pred).correlation
/workspace_developability_acquisition/gate_b2/scripts/04_modeling.py:115: ConstantInputWarning: An input array is constant; the correlation coefficient is not defined.
  sc = spearmanr(y[tr][iva], pred).correlation
/workspace_developability_acquisition/gate_b2/scripts/04_modeling.py:115: ConstantInputWarning: An input array is constant; the correlation coefficient is not defined.
  sc = spearmanr(y[tr][iva], pred).correlation
/workspace_developability_acquisition/gate_b2/scripts/04_modeling.py:115: ConstantInputWarning: An input array is constant; the correlation coefficient is not defined.
  sc = spearmanr(y[tr][iva], pred).correlation
/workspace_developability_acquisition/gate_b2/scripts/04_modeling.py:115: ConstantInputWarning: An input array is constant; the correlation coefficient is not defined.
  sc = spearmanr(y[tr][iva], pred).correlation
/workspace_developability_acquisition/gate_b2/scripts/04_modeling.py:115: ConstantInputWarning: An input array is constant; the correlation coefficient is not defined.
  sc = spearmanr(y[tr][iva], pred).correlation
/workspace_developability_acquisition/gate_b2/scripts/04_modeling.py:115: ConstantInputWarning: An input array is constant; the correlation coefficient is not defined.
  sc = spearmanr(y[tr][iva], pred).correlation
/workspace_developability_acquisition/gate_b2/scripts/04_modeling.py:115: ConstantInputWarning: An input array is constant; the correlation coefficient is not defined.
  sc = spearmanr(y[tr][iva], pred).correlation
/workspace_developability_acquisition/gate_b2/scripts/04_modeling.py:115: ConstantInputWarning: An input array is constant; the correlation coefficient is not defined.
  sc = spearmanr(y[tr][iva], pred).correlation
/workspace_developability_acquisition/gate_b2/scripts/04_modeling.py:115: ConstantInputWarning: An input array is constant; the correlation coefficient is not defined.
  sc = spearmanr(y[tr][iva], pred).correlation
/workspace_developability_acquisition/gate_b2/scripts/04_modeling.py:115: ConstantInputWarning: An input array is constant; the correlation coefficient is not defined.
  sc = spearmanr(y[tr][iva], pred).correlation
/workspace_developability_acquisition/gate_b2/scripts/04_modeling.py:115: ConstantInputWarning: An input array is constant; the correlation coefficient is not defined.
  sc = spearmanr(y[tr][iva], pred).correlation
/workspace_developability_acquisition/gate_b2/scripts/04_modeling.py:115: ConstantInputWarning: An input array is constant; the correlation coefficient is not defined.
  sc = spearmanr(y[tr][iva], pred).correlation
/workspace_developability_acquisition/gate_b2/scripts/04_modeling.py:115: ConstantInputWarning: An input array is constant; the correlation coefficient is not defined.
  sc = spearmanr(y[tr][iva], pred).correlation
/workspace_developability_acquisition/gate_b2/scripts/04_modeling.py:115: ConstantInputWarning: An input array is constant; the correlation coefficient is not defined.
  sc = spearmanr(y[tr][iva], pred).correlation
/workspace_developability_acquisition/gate_b2/scripts/04_modeling.py:115: ConstantInputWarning: An input array is constant; the correlation coefficient is not defined.
  sc = spearmanr(y[tr][iva], pred).correlation
/workspace_developability_acquisition/gate_b2/scripts/04_modeling.py:115: ConstantInputWarning: An input array is constant; the correlation coefficient is not defined.
  sc = spearmanr(y[tr][iva], pred).correlation
/workspace_developability_acquisition/gate_b2/scripts/04_modeling.py:115: ConstantInputWarning: An input array is constant; the correlation coefficient is not defined.
  sc = spearmanr(y[tr][iva], pred).correlation
/workspace_developability_acquisition/gate_b2/scripts/04_modeling.py:115: ConstantInputWarning: An input array is constant; the correlation coefficient is not defined.
  sc = spearmanr(y[tr][iva], pred).correlation
/workspace_developability_acquisition/gate_b2/scripts/04_modeling.py:115: ConstantInputWarning: An input array is constant; the correlation coefficient is not defined.
  sc = spearmanr(y[tr][iva], pred).correlation
/workspace_developability_acquisition/gate_b2/scripts/04_modeling.py:115: ConstantInputWarning: An input array is constant; the correlation coefficient is not defined.
  sc = spearmanr(y[tr][iva], pred).correlation
/workspace_developability_acquisition/gate_b2/scripts/04_modeling.py:115: ConstantInputWarning: An input array is constant; the correlation coefficient is not defined.
  sc = spearmanr(y[tr][iva], pred).correlation
/workspace_developability_acquisition/gate_b2/scripts/04_modeling.py:115: ConstantInputWarning: An input array is constant; the correlation coefficient is not defined.
  sc = spearmanr(y[tr][iva], pred).correlation
/workspace_developability_acquisition/gate_b2/scripts/04_modeling.py:115: ConstantInputWarning: An input array is constant; the correlation coefficient is not defined.
  sc = spearmanr(y[tr][iva], pred).correlation
/workspace_developability_acquisition/gate_b2/scripts/04_modeling.py:115: ConstantInputWarning: An input array is constant; the correlation coefficient is not defined.
  sc = spearmanr(y[tr][iva], pred).correlation
/workspace_developability_acquisition/gate_b2/scripts/04_modeling.py:115: ConstantInputWarning: An input array is constant; the correlation coefficient is not defined.
  sc = spearmanr(y[tr][iva], pred).correlation
/workspace_developability_acquisition/gate_b2/scripts/04_modeling.py:115: ConstantInputWarning: An input array is constant; the correlation coefficient is not defined.
  sc = spearmanr(y[tr][iva], pred).correlation
/workspace_developability_acquisition/gate_b2/scripts/04_modeling.py:115: ConstantInputWarning: An input array is constant; the correlation coefficient is not defined.
  sc = spearmanr(y[tr][iva], pred).correlation
/workspace_developability_acquisition/gate_b2/scripts/04_modeling.py:115: ConstantInputWarning: An input array is constant; the correlation coefficient is not defined.
  sc = spearmanr(y[tr][iva], pred).correlation
/workspace_developability_acquisition/gate_b2/scripts/04_modeling.py:115: ConstantInputWarning: An input array is constant; the correlation coefficient is not defined.
  sc = spearmanr(y[tr][iva], pred).correlation
/workspace_developability_acquisition/gate_b2/scripts/04_modeling.py:115: ConstantInputWarning: An input array is constant; the correlation coefficient is not defined.
  sc = spearmanr(y[tr][iva], pred).correlation
/workspace_developability_acquisition/gate_b2/scripts/04_modeling.py:115: ConstantInputWarning: An input array is constant; the correlation coefficient is not defined.
  sc = spearmanr(y[tr][iva], pred).correlation
/workspace_developability_acquisition/gate_b2/scripts/04_modeling.py:115: ConstantInputWarning: An input array is constant; the correlation coefficient is not defined.
  sc = spearmanr(y[tr][iva], pred).correlation
RUN shadow_3 HIC ESMF_NATIVE_INTERFACE Ridge d=8
RUN shadow_3 HIC ESMF_NATIVE_INTERFACE ElasticNet d=8
/workspace_developability_acquisition/gate_b2/scripts/04_modeling.py:115: ConstantInputWarning: An input array is constant; the correlation coefficient is not defined.
  sc = spearmanr(y[tr][iva], pred).correlation
/workspace_developability_acquisition/gate_b2/scripts/04_modeling.py:115: ConstantInputWarning: An input array is constant; the correlation coefficient is not defined.
  sc = spearmanr(y[tr][iva], pred).correlation
/workspace_developability_acquisition/gate_b2/scripts/04_modeling.py:115: ConstantInputWarning: An input array is constant; the correlation coefficient is not defined.
  sc = spearmanr(y[tr][iva], pred).correlation
/workspace_developability_acquisition/gate_b2/scripts/04_modeling.py:115: ConstantInputWarning: An input array is constant; the correlation coefficient is not defined.
  sc = spearmanr(y[tr][iva], pred).correlation
/workspace_developability_acquisition/gate_b2/scripts/04_modeling.py:115: ConstantInputWarning: An input array is constant; the correlation coefficient is not defined.
  sc = spearmanr(y[tr][iva], pred).correlation
/workspace_developability_acquisition/gate_b2/scripts/04_modeling.py:115: ConstantInputWarning: An input array is constant; the correlation coefficient is not defined.
  sc = spearmanr(y[tr][iva], pred).correlation
/workspace_developability_acquisition/gate_b2/scripts/04_modeling.py:115: ConstantInputWarning: An input array is constant; the correlation coefficient is not defined.
  sc = spearmanr(y[tr][iva], pred).correlation
/workspace_developability_acquisition/gate_b2/scripts/04_modeling.py:115: ConstantInputWarning: An input array is constant; the correlation coefficient is not defined.
  sc = spearmanr(y[tr][iva], pred).correlation
/workspace_developability_acquisition/gate_b2/scripts/04_modeling.py:115: ConstantInputWarning: An input array is constant; the correlation coefficient is not defined.
  sc = spearmanr(y[tr][iva], pred).correlation
/workspace_developability_acquisition/gate_b2/scripts/04_modeling.py:115: ConstantInputWarning: An input array is constant; the correlation coefficient is not defined.
  sc = spearmanr(y[tr][iva], pred).correlation
/workspace_developability_acquisition/gate_b2/scripts/04_modeling.py:115: ConstantInputWarning: An input array is constant; the correlation coefficient is not defined.
  sc = spearmanr(y[tr][iva], pred).correlation
/workspace_developability_acquisition/gate_b2/scripts/04_modeling.py:115: ConstantInputWarning: An input array is constant; the correlation coefficient is not defined.
  sc = spearmanr(y[tr][iva], pred).correlation
/workspace_developability_acquisition/gate_b2/scripts/04_modeling.py:115: ConstantInputWarning: An input array is constant; the correlation coefficient is not defined.
  sc = spearmanr(y[tr][iva], pred).correlation
/workspace_developability_acquisition/gate_b2/scripts/04_modeling.py:115: ConstantInputWarning: An input array is constant; the correlation coefficient is not defined.
  sc = spearmanr(y[tr][iva], pred).correlation
/workspace_developability_acquisition/gate_b2/scripts/04_modeling.py:115: ConstantInputWarning: An input array is constant; the correlation coefficient is not defined.
  sc = spearmanr(y[tr][iva], pred).correlation
/workspace_developability_acquisition/gate_b2/scripts/04_modeling.py:115: ConstantInputWarning: An input array is constant; the correlation coefficient is not defined.
  sc = spearmanr(y[tr][iva], pred).correlation
/workspace_developability_acquisition/gate_b2/scripts/04_modeling.py:115: ConstantInputWarning: An input array is constant; the correlation coefficient is not defined.
  sc = spearmanr(y[tr][iva], pred).correlation
/workspace_developability_acquisition/gate_b2/scripts/04_modeling.py:115: ConstantInputWarning: An input array is constant; the correlation coefficient is not defined.
  sc = spearmanr(y[tr][iva], pred).correlation
/workspace_developability_acquisition/gate_b2/scripts/04_modeling.py:115: ConstantInputWarning: An input array is constant; the correlation coefficient is not defined.
  sc = spearmanr(y[tr][iva], pred).correlation
/workspace_developability_acquisition/gate_b2/scripts/04_modeling.py:115: ConstantInputWarning: An input array is constant; the correlation coefficient is not defined.
  sc = spearmanr(y[tr][iva], pred).correlation
/workspace_developability_acquisition/gate_b2/scripts/04_modeling.py:115: ConstantInputWarning: An input array is constant; the correlation coefficient is not defined.
  sc = spearmanr(y[tr][iva], pred).correlation
/workspace_developability_acquisition/gate_b2/scripts/04_modeling.py:115: ConstantInputWarning: An input array is constant; the correlation coefficient is not defined.
  sc = spearmanr(y[tr][iva], pred).correlation
/workspace_developability_acquisition/gate_b2/scripts/04_modeling.py:115: ConstantInputWarning: An input array is constant; the correlation coefficient is not defined.
  sc = spearmanr(y[tr][iva], pred).correlation
/workspace_developability_acquisition/gate_b2/scripts/04_modeling.py:115: ConstantInputWarning: An input array is constant; the correlation coefficient is not defined.
  sc = spearmanr(y[tr][iva], pred).correlation
/workspace_developability_acquisition/gate_b2/scripts/04_modeling.py:115: ConstantInputWarning: An input array is constant; the correlation coefficient is not defined.
  sc = spearmanr(y[tr][iva], pred).correlation
/workspace_developability_acquisition/gate_b2/scripts/04_modeling.py:115: ConstantInputWarning: An input array is constant; the correlation coefficient is not defined.
  sc = spearmanr(y[tr][iva], pred).correlation
/workspace_developability_acquisition/gate_b2/scripts/04_modeling.py:115: ConstantInputWarning: An input array is constant; the correlation coefficient is not defined.
  sc = spearmanr(y[tr][iva], pred).correlation
/workspace_developability_acquisition/gate_b2/scripts/04_modeling.py:115: ConstantInputWarning: An input array is constant; the correlation coefficient is not defined.
  sc = spearmanr(y[tr][iva], pred).correlation
/workspace_developability_acquisition/gate_b2/scripts/04_modeling.py:115: ConstantInputWarning: An input array is constant; the correlation coefficient is not defined.
  sc = spearmanr(y[tr][iva], pred).correlation
/workspace_developability_acquisition/gate_b2/scripts/04_modeling.py:115: ConstantInputWarning: An input array is constant; the correlation coefficient is not defined.
  sc = spearmanr(y[tr][iva], pred).correlation
RUN shadow_3 HIC ESMF_NATIVE_ALL Ridge d=189
RUN shadow_3 HIC ESMF_NATIVE_ALL ElasticNet d=189
/workspace_developability_acquisition/gate_b2/scripts/04_modeling.py:115: ConstantInputWarning: An input array is constant; the correlation coefficient is not defined.
  sc = spearmanr(y[tr][iva], pred).correlation
/workspace_developability_acquisition/gate_b2/scripts/04_modeling.py:115: ConstantInputWarning: An input array is constant; the correlation coefficient is not defined.
  sc = spearmanr(y[tr][iva], pred).correlation
/workspace_developability_acquisition/gate_b2/scripts/04_modeling.py:115: ConstantInputWarning: An input array is constant; the correlation coefficient is not defined.
  sc = spearmanr(y[tr][iva], pred).correlation
/workspace_developability_acquisition/gate_b2/scripts/04_modeling.py:115: ConstantInputWarning: An input array is constant; the correlation coefficient is not defined.
  sc = spearmanr(y[tr][iva], pred).correlation
/workspace_developability_acquisition/gate_b2/scripts/04_modeling.py:115: ConstantInputWarning: An input array is constant; the correlation coefficient is not defined.
  sc = spearmanr(y[tr][iva], pred).correlation
/workspace_developability_acquisition/gate_b2/scripts/04_modeling.py:115: ConstantInputWarning: An input array is constant; the correlation coefficient is not defined.
  sc = spearmanr(y[tr][iva], pred).correlation
/workspace_developability_acquisition/gate_b2/scripts/04_modeling.py:115: ConstantInputWarning: An input array is constant; the correlation coefficient is not defined.
  sc = spearmanr(y[tr][iva], pred).correlation
/workspace_developability_acquisition/gate_b2/scripts/04_modeling.py:115: ConstantInputWarning: An input array is constant; the correlation coefficient is not defined.
  sc = spearmanr(y[tr][iva], pred).correlation
/workspace_developability_acquisition/gate_b2/scripts/04_modeling.py:115: ConstantInputWarning: An input array is constant; the correlation coefficient is not defined.
  sc = spearmanr(y[tr][iva], pred).correlation
/workspace_developability_acquisition/gate_b2/scripts/04_modeling.py:115: ConstantInputWarning: An input array is constant; the correlation coefficient is not defined.
  sc = spearmanr(y[tr][iva], pred).correlation
/workspace_developability_acquisition/gate_b2/scripts/04_modeling.py:115: ConstantInputWarning: An input array is constant; the correlation coefficient is not defined.
  sc = spearmanr(y[tr][iva], pred).correlation
/workspace_developability_acquisition/gate_b2/scripts/04_modeling.py:115: ConstantInputWarning: An input array is constant; the correlation coefficient is not defined.
  sc = spearmanr(y[tr][iva], pred).correlation
/workspace_developability_acquisition/gate_b2/scripts/04_modeling.py:115: ConstantInputWarning: An input array is constant; the correlation coefficient is not defined.
  sc = spearmanr(y[tr][iva], pred).correlation
/workspace_developability_acquisition/gate_b2/scripts/04_modeling.py:115: ConstantInputWarning: An input array is constant; the correlation coefficient is not defined.
  sc = spearmanr(y[tr][iva], pred).correlation
/workspace_developability_acquisition/gate_b2/scripts/04_modeling.py:115: ConstantInputWarning: An input array is constant; the correlation coefficient is not defined.
  sc = spearmanr(y[tr][iva], pred).correlation
/workspace_developability_acquisition/gate_b2/scripts/04_modeling.py:115: ConstantInputWarning: An input array is constant; the correlation coefficient is not defined.
  sc = spearmanr(y[tr][iva], pred).correlation
/workspace_developability_acquisition/gate_b2/scripts/04_modeling.py:115: ConstantInputWarning: An input array is constant; the correlation coefficient is not defined.
  sc = spearmanr(y[tr][iva], pred).correlation
/workspace_developability_acquisition/gate_b2/scripts/04_modeling.py:115: ConstantInputWarning: An input array is constant; the correlation coefficient is not defined.
  sc = spearmanr(y[tr][iva], pred).correlation
/workspace_developability_acquisition/gate_b2/scripts/04_modeling.py:115: ConstantInputWarning: An input array is constant; the correlation coefficient is not defined.
  sc = spearmanr(y[tr][iva], pred).correlation
/workspace_developability_acquisition/gate_b2/scripts/04_modeling.py:115: ConstantInputWarning: An input array is constant; the correlation coefficient is not defined.
  sc = spearmanr(y[tr][iva], pred).correlation
/workspace_developability_acquisition/gate_b2/scripts/04_modeling.py:115: ConstantInputWarning: An input array is constant; the correlation coefficient is not defined.
  sc = spearmanr(y[tr][iva], pred).correlation
/workspace_developability_acquisition/gate_b2/scripts/04_modeling.py:115: ConstantInputWarning: An input array is constant; the correlation coefficient is not defined.
  sc = spearmanr(y[tr][iva], pred).correlation
/workspace_developability_acquisition/gate_b2/scripts/04_modeling.py:115: ConstantInputWarning: An input array is constant; the correlation coefficient is not defined.
  sc = spearmanr(y[tr][iva], pred).correlation
/workspace_developability_acquisition/gate_b2/scripts/04_modeling.py:115: ConstantInputWarning: An input array is constant; the correlation coefficient is not defined.
  sc = spearmanr(y[tr][iva], pred).correlation
/workspace_developability_acquisition/gate_b2/scripts/04_modeling.py:115: ConstantInputWarning: An input array is constant; the correlation coefficient is not defined.
  sc = spearmanr(y[tr][iva], pred).correlation
/workspace_developability_acquisition/gate_b2/scripts/04_modeling.py:115: ConstantInputWarning: An input array is constant; the correlation coefficient is not defined.
  sc = spearmanr(y[tr][iva], pred).correlation
/workspace_developability_acquisition/gate_b2/scripts/04_modeling.py:115: ConstantInputWarning: An input array is constant; the correlation coefficient is not defined.
  sc = spearmanr(y[tr][iva], pred).correlation
/workspace_developability_acquisition/gate_b2/scripts/04_modeling.py:115: ConstantInputWarning: An input array is constant; the correlation coefficient is not defined.
  sc = spearmanr(y[tr][iva], pred).correlation
/workspace_developability_acquisition/gate_b2/scripts/04_modeling.py:115: ConstantInputWarning: An input array is constant; the correlation coefficient is not defined.
  sc = spearmanr(y[tr][iva], pred).correlation
/workspace_developability_acquisition/gate_b2/scripts/04_modeling.py:115: ConstantInputWarning: An input array is constant; the correlation coefficient is not defined.
  sc = spearmanr(y[tr][iva], pred).correlation
FUSION shadow_3 HIC FUSION_ESM2_SEQ Ridge
FUSION shadow_3 HIC FUSION_ESM2_ABB Ridge
FUSION shadow_3 HIC FUSION_ESM2_ESMFN Ridge
CHECKPOINT HIC shadow_3 n=215
RUN shadow_4 HIC SEQ_SIMPLE Ridge d=99
RUN shadow_4 HIC SEQ_SIMPLE ElasticNet d=99
/workspace_developability_acquisition/gate_b2/scripts/04_modeling.py:115: ConstantInputWarning: An input array is constant; the correlation coefficient is not defined.
  sc = spearmanr(y[tr][iva], pred).correlation
/workspace_developability_acquisition/gate_b2/scripts/04_modeling.py:115: ConstantInputWarning: An input array is constant; the correlation coefficient is not defined.
  sc = spearmanr(y[tr][iva], pred).correlation
/workspace_developability_acquisition/gate_b2/scripts/04_modeling.py:115: ConstantInputWarning: An input array is constant; the correlation coefficient is not defined.
  sc = spearmanr(y[tr][iva], pred).correlation
/workspace_developability_acquisition/gate_b2/scripts/04_modeling.py:115: ConstantInputWarning: An input array is constant; the correlation coefficient is not defined.
  sc = spearmanr(y[tr][iva], pred).correlation
/workspace_developability_acquisition/gate_b2/scripts/04_modeling.py:115: ConstantInputWarning: An input array is constant; the correlation coefficient is not defined.
  sc = spearmanr(y[tr][iva], pred).correlation
/workspace_developability_acquisition/gate_b2/scripts/04_modeling.py:115: ConstantInputWarning: An input array is constant; the correlation coefficient is not defined.
  sc = spearmanr(y[tr][iva], pred).correlation
/workspace_developability_acquisition/gate_b2/scripts/04_modeling.py:115: ConstantInputWarning: An input array is constant; the correlation coefficient is not defined.
  sc = spearmanr(y[tr][iva], pred).correlation
/workspace_developability_acquisition/gate_b2/scripts/04_modeling.py:115: ConstantInputWarning: An input array is constant; the correlation coefficient is not defined.
  sc = spearmanr(y[tr][iva], pred).correlation
/workspace_developability_acquisition/gate_b2/scripts/04_modeling.py:115: ConstantInputWarning: An input array is constant; the correlation coefficient is not defined.
  sc = spearmanr(y[tr][iva], pred).correlation
/workspace_developability_acquisition/gate_b2/scripts/04_modeling.py:115: ConstantInputWarning: An input array is constant; the correlation coefficient is not defined.
  sc = spearmanr(y[tr][iva], pred).correlation
/workspace_developability_acquisition/gate_b2/scripts/04_modeling.py:115: ConstantInputWarning: An input array is constant; the correlation coefficient is not defined.
  sc = spearmanr(y[tr][iva], pred).correlation
/workspace_developability_acquisition/gate_b2/scripts/04_modeling.py:115: ConstantInputWarning: An input array is constant; the correlation coefficient is not defined.
  sc = spearmanr(y[tr][iva], pred).correlation
/workspace_developability_acquisition/gate_b2/scripts/04_modeling.py:115: ConstantInputWarning: An input array is constant; the correlation coefficient is not defined.
  sc = spearmanr(y[tr][iva], pred).correlation
/workspace_developability_acquisition/gate_b2/scripts/04_modeling.py:115: ConstantInputWarning: An input array is constant; the correlation coefficient is not defined.
  sc = spearmanr(y[tr][iva], pred).correlation
/workspace_developability_acquisition/gate_b2/scripts/04_modeling.py:115: ConstantInputWarning: An input array is constant; the correlation coefficient is not defined.
  sc = spearmanr(y[tr][iva], pred).correlation
/workspace_developability_acquisition/gate_b2/scripts/04_modeling.py:115: ConstantInputWarning: An input array is constant; the correlation coefficient is not defined.
  sc = spearmanr(y[tr][iva], pred).correlation
/workspace_developability_acquisition/gate_b2/scripts/04_modeling.py:115: ConstantInputWarning: An input array is constant; the correlation coefficient is not defined.
  sc = spearmanr(y[tr][iva], pred).correlation
/workspace_developability_acquisition/gate_b2/scripts/04_modeling.py:115: ConstantInputWarning: An input array is constant; the correlation coefficient is not defined.
  sc = spearmanr(y[tr][iva], pred).correlation
/workspace_developability_acquisition/gate_b2/scripts/04_modeling.py:115: ConstantInputWarning: An input array is constant; the correlation coefficient is not defined.
  sc = spearmanr(y[tr][iva], pred).correlation
/workspace_developability_acquisition/gate_b2/scripts/04_modeling.py:115: ConstantInputWarning: An input array is constant; the correlation coefficient is not defined.
  sc = spearmanr(y[tr][iva], pred).correlation
/workspace_developability_acquisition/gate_b2/scripts/04_modeling.py:115: ConstantInputWarning: An input array is constant; the correlation coefficient is not defined.
  sc = spearmanr(y[tr][iva], pred).correlation
/workspace_developability_acquisition/gate_b2/scripts/04_modeling.py:115: ConstantInputWarning: An input array is constant; the correlation coefficient is not defined.
  sc = spearmanr(y[tr][iva], pred).correlation
/workspace_developability_acquisition/gate_b2/scripts/04_modeling.py:115: ConstantInputWarning: An input array is constant; the correlation coefficient is not defined.
  sc = spearmanr(y[tr][iva], pred).correlation
/workspace_developability_acquisition/gate_b2/scripts/04_modeling.py:115: ConstantInputWarning: An input array is constant; the correlation coefficient is not defined.
  sc = spearmanr(y[tr][iva], pred).correlation
/workspace_developability_acquisition/gate_b2/scripts/04_modeling.py:115: ConstantInputWarning: An input array is constant; the correlation coefficient is not defined.
  sc = spearmanr(y[tr][iva], pred).correlation
/workspace_developability_acquisition/gate_b2/scripts/04_modeling.py:115: ConstantInputWarning: An input array is constant; the correlation coefficient is not defined.
  sc = spearmanr(y[tr][iva], pred).correlation
/workspace_developability_acquisition/gate_b2/scripts/04_modeling.py:115: ConstantInputWarning: An input array is constant; the correlation coefficient is not defined.
  sc = spearmanr(y[tr][iva], pred).correlation
/workspace_developability_acquisition/gate_b2/scripts/04_modeling.py:115: ConstantInputWarning: An input array is constant; the correlation coefficient is not defined.
  sc = spearmanr(y[tr][iva], pred).correlation
/workspace_developability_acquisition/gate_b2/scripts/04_modeling.py:115: ConstantInputWarning: An input array is constant; the correlation coefficient is not defined.
  sc = spearmanr(y[tr][iva], pred).correlation
/workspace_developability_acquisition/gate_b2/scripts/04_modeling.py:115: ConstantInputWarning: An input array is constant; the correlation coefficient is not defined.
  sc = spearmanr(y[tr][iva], pred).correlation
RUN shadow_4 HIC SEQ_CDR Ridge d=260
RUN shadow_4 HIC BIO_SHORTCUT Ridge
RUN shadow_4 HIC BIO_SHORTCUT ElasticNet
/workspace_developability_acquisition/gate_b2/scripts/04_modeling.py:115: ConstantInputWarning: An input array is constant; the correlation coefficient is not defined.
  sc = spearmanr(y[tr][iva], pred).correlation
/workspace_developability_acquisition/gate_b2/scripts/04_modeling.py:115: ConstantInputWarning: An input array is constant; the correlation coefficient is not defined.
  sc = spearmanr(y[tr][iva], pred).correlation
/workspace_developability_acquisition/gate_b2/scripts/04_modeling.py:115: ConstantInputWarning: An input array is constant; the correlation coefficient is not defined.
  sc = spearmanr(y[tr][iva], pred).correlation
/workspace_developability_acquisition/gate_b2/scripts/04_modeling.py:115: ConstantInputWarning: An input array is constant; the correlation coefficient is not defined.
  sc = spearmanr(y[tr][iva], pred).correlation
/workspace_developability_acquisition/gate_b2/scripts/04_modeling.py:115: ConstantInputWarning: An input array is constant; the correlation coefficient is not defined.
  sc = spearmanr(y[tr][iva], pred).correlation
/workspace_developability_acquisition/gate_b2/scripts/04_modeling.py:115: ConstantInputWarning: An input array is constant; the correlation coefficient is not defined.
  sc = spearmanr(y[tr][iva], pred).correlation
/workspace_developability_acquisition/gate_b2/scripts/04_modeling.py:115: ConstantInputWarning: An input array is constant; the correlation coefficient is not defined.
  sc = spearmanr(y[tr][iva], pred).correlation
/workspace_developability_acquisition/gate_b2/scripts/04_modeling.py:115: ConstantInputWarning: An input array is constant; the correlation coefficient is not defined.
  sc = spearmanr(y[tr][iva], pred).correlation
/workspace_developability_acquisition/gate_b2/scripts/04_modeling.py:115: ConstantInputWarning: An input array is constant; the correlation coefficient is not defined.
  sc = spearmanr(y[tr][iva], pred).correlation
/workspace_developability_acquisition/gate_b2/scripts/04_modeling.py:115: ConstantInputWarning: An input array is constant; the correlation coefficient is not defined.
  sc = spearmanr(y[tr][iva], pred).correlation
/workspace_developability_acquisition/gate_b2/scripts/04_modeling.py:115: ConstantInputWarning: An input array is constant; the correlation coefficient is not defined.
  sc = spearmanr(y[tr][iva], pred).correlation
/workspace_developability_acquisition/gate_b2/scripts/04_modeling.py:115: ConstantInputWarning: An input array is constant; the correlation coefficient is not defined.
  sc = spearmanr(y[tr][iva], pred).correlation
/workspace_developability_acquisition/gate_b2/scripts/04_modeling.py:115: ConstantInputWarning: An input array is constant; the correlation coefficient is not defined.
  sc = spearmanr(y[tr][iva], pred).correlation
/workspace_developability_acquisition/gate_b2/scripts/04_modeling.py:115: ConstantInputWarning: An input array is constant; the correlation coefficient is not defined.
  sc = spearmanr(y[tr][iva], pred).correlation
/workspace_developability_acquisition/gate_b2/scripts/04_modeling.py:115: ConstantInputWarning: An input array is constant; the correlation coefficient is not defined.
  sc = spearmanr(y[tr][iva], pred).correlation
/workspace_developability_acquisition/gate_b2/scripts/04_modeling.py:115: ConstantInputWarning: An input array is constant; the correlation coefficient is not defined.
  sc = spearmanr(y[tr][iva], pred).correlation
/workspace_developability_acquisition/gate_b2/scripts/04_modeling.py:115: ConstantInputWarning: An input array is constant; the correlation coefficient is not defined.
  sc = spearmanr(y[tr][iva], pred).correlation
/workspace_developability_acquisition/gate_b2/scripts/04_modeling.py:115: ConstantInputWarning: An input array is constant; the correlation coefficient is not defined.
  sc = spearmanr(y[tr][iva], pred).correlation
/workspace_developability_acquisition/gate_b2/scripts/04_modeling.py:115: ConstantInputWarning: An input array is constant; the correlation coefficient is not defined.
  sc = spearmanr(y[tr][iva], pred).correlation
/workspace_developability_acquisition/gate_b2/scripts/04_modeling.py:115: ConstantInputWarning: An input array is constant; the correlation coefficient is not defined.
  sc = spearmanr(y[tr][iva], pred).correlation
/workspace_developability_acquisition/gate_b2/scripts/04_modeling.py:115: ConstantInputWarning: An input array is constant; the correlation coefficient is not defined.
  sc = spearmanr(y[tr][iva], pred).correlation
/workspace_developability_acquisition/gate_b2/scripts/04_modeling.py:115: ConstantInputWarning: An input array is constant; the correlation coefficient is not defined.
  sc = spearmanr(y[tr][iva], pred).correlation
/workspace_developability_acquisition/gate_b2/scripts/04_modeling.py:115: ConstantInputWarning: An input array is constant; the correlation coefficient is not defined.
  sc = spearmanr(y[tr][iva], pred).correlation
/workspace_developability_acquisition/gate_b2/scripts/04_modeling.py:115: ConstantInputWarning: An input array is constant; the correlation coefficient is not defined.
  sc = spearmanr(y[tr][iva], pred).correlation
/workspace_developability_acquisition/gate_b2/scripts/04_modeling.py:115: ConstantInputWarning: An input array is constant; the correlation coefficient is not defined.
  sc = spearmanr(y[tr][iva], pred).correlation
/workspace_developability_acquisition/gate_b2/scripts/04_modeling.py:115: ConstantInputWarning: An input array is constant; the correlation coefficient is not defined.
  sc = spearmanr(y[tr][iva], pred).correlation
/workspace_developability_acquisition/gate_b2/scripts/04_modeling.py:115: ConstantInputWarning: An input array is constant; the correlation coefficient is not defined.
  sc = spearmanr(y[tr][iva], pred).correlation
/workspace_developability_acquisition/gate_b2/scripts/04_modeling.py:115: ConstantInputWarning: An input array is constant; the correlation coefficient is not defined.
  sc = spearmanr(y[tr][iva], pred).correlation
/workspace_developability_acquisition/gate_b2/scripts/04_modeling.py:115: ConstantInputWarning: An input array is constant; the correlation coefficient is not defined.
  sc = spearmanr(y[tr][iva], pred).correlation
/workspace_developability_acquisition/gate_b2/scripts/04_modeling.py:115: ConstantInputWarning: An input array is constant; the correlation coefficient is not defined.
  sc = spearmanr(y[tr][iva], pred).correlation
RUN shadow_4 HIC PLM_ABLANG2 Ridge d=480
RUN shadow_4 HIC PLM_ESM1B Ridge d=2560
RUN shadow_4 HIC PLM_ESM2 Ridge d=2560
RUN shadow_4 HIC PLM_ESM2_CDR6 Ridge d=7680
RUN shadow_4 HIC ABB_SASA Ridge d=79
RUN shadow_4 HIC ABB_SASA ElasticNet d=79
/workspace_developability_acquisition/gate_b2/scripts/04_modeling.py:115: ConstantInputWarning: An input array is constant; the correlation coefficient is not defined.
  sc = spearmanr(y[tr][iva], pred).correlation
/workspace_developability_acquisition/gate_b2/scripts/04_modeling.py:115: ConstantInputWarning: An input array is constant; the correlation coefficient is not defined.
  sc = spearmanr(y[tr][iva], pred).correlation
/workspace_developability_acquisition/gate_b2/scripts/04_modeling.py:115: ConstantInputWarning: An input array is constant; the correlation coefficient is not defined.
  sc = spearmanr(y[tr][iva], pred).correlation
/workspace_developability_acquisition/gate_b2/scripts/04_modeling.py:115: ConstantInputWarning: An input array is constant; the correlation coefficient is not defined.
  sc = spearmanr(y[tr][iva], pred).correlation
/workspace_developability_acquisition/gate_b2/scripts/04_modeling.py:115: ConstantInputWarning: An input array is constant; the correlation coefficient is not defined.
  sc = spearmanr(y[tr][iva], pred).correlation
/workspace_developability_acquisition/gate_b2/scripts/04_modeling.py:115: ConstantInputWarning: An input array is constant; the correlation coefficient is not defined.
  sc = spearmanr(y[tr][iva], pred).correlation
/workspace_developability_acquisition/gate_b2/scripts/04_modeling.py:115: ConstantInputWarning: An input array is constant; the correlation coefficient is not defined.
  sc = spearmanr(y[tr][iva], pred).correlation
/workspace_developability_acquisition/gate_b2/scripts/04_modeling.py:115: ConstantInputWarning: An input array is constant; the correlation coefficient is not defined.
  sc = spearmanr(y[tr][iva], pred).correlation
/workspace_developability_acquisition/gate_b2/scripts/04_modeling.py:115: ConstantInputWarning: An input array is constant; the correlation coefficient is not defined.
  sc = spearmanr(y[tr][iva], pred).correlation
/workspace_developability_acquisition/gate_b2/scripts/04_modeling.py:115: ConstantInputWarning: An input array is constant; the correlation coefficient is not defined.
  sc = spearmanr(y[tr][iva], pred).correlation
/workspace_developability_acquisition/gate_b2/scripts/04_modeling.py:115: ConstantInputWarning: An input array is constant; the correlation coefficient is not defined.
  sc = spearmanr(y[tr][iva], pred).correlation
/workspace_developability_acquisition/gate_b2/scripts/04_modeling.py:115: ConstantInputWarning: An input array is constant; the correlation coefficient is not defined.
  sc = spearmanr(y[tr][iva], pred).correlation
/workspace_developability_acquisition/gate_b2/scripts/04_modeling.py:115: ConstantInputWarning: An input array is constant; the correlation coefficient is not defined.
  sc = spearmanr(y[tr][iva], pred).correlation
/workspace_developability_acquisition/gate_b2/scripts/04_modeling.py:115: ConstantInputWarning: An input array is constant; the correlation coefficient is not defined.
  sc = spearmanr(y[tr][iva], pred).correlation
/workspace_developability_acquisition/gate_b2/scripts/04_modeling.py:115: ConstantInputWarning: An input array is constant; the correlation coefficient is not defined.
  sc = spearmanr(y[tr][iva], pred).correlation
/workspace_developability_acquisition/gate_b2/scripts/04_modeling.py:115: ConstantInputWarning: An input array is constant; the correlation coefficient is not defined.
  sc = spearmanr(y[tr][iva], pred).correlation
/workspace_developability_acquisition/gate_b2/scripts/04_modeling.py:115: ConstantInputWarning: An input array is constant; the correlation coefficient is not defined.
  sc = spearmanr(y[tr][iva], pred).correlation
/workspace_developability_acquisition/gate_b2/scripts/04_modeling.py:115: ConstantInputWarning: An input array is constant; the correlation coefficient is not defined.
  sc = spearmanr(y[tr][iva], pred).correlation
/workspace_developability_acquisition/gate_b2/scripts/04_modeling.py:115: ConstantInputWarning: An input array is constant; the correlation coefficient is not defined.
  sc = spearmanr(y[tr][iva], pred).correlation
/workspace_developability_acquisition/gate_b2/scripts/04_modeling.py:115: ConstantInputWarning: An input array is constant; the correlation coefficient is not defined.
  sc = spearmanr(y[tr][iva], pred).correlation
/workspace_developability_acquisition/gate_b2/scripts/04_modeling.py:115: ConstantInputWarning: An input array is constant; the correlation coefficient is not defined.
  sc = spearmanr(y[tr][iva], pred).correlation
/workspace_developability_acquisition/gate_b2/scripts/04_modeling.py:115: ConstantInputWarning: An input array is constant; the correlation coefficient is not defined.
  sc = spearmanr(y[tr][iva], pred).correlation
/workspace_developability_acquisition/gate_b2/scripts/04_modeling.py:115: ConstantInputWarning: An input array is constant; the correlation coefficient is not defined.
  sc = spearmanr(y[tr][iva], pred).correlation
/workspace_developability_acquisition/gate_b2/scripts/04_modeling.py:115: ConstantInputWarning: An input array is constant; the correlation coefficient is not defined.
  sc = spearmanr(y[tr][iva], pred).correlation
/workspace_developability_acquisition/gate_b2/scripts/04_modeling.py:115: ConstantInputWarning: An input array is constant; the correlation coefficient is not defined.
  sc = spearmanr(y[tr][iva], pred).correlation
/workspace_developability_acquisition/gate_b2/scripts/04_modeling.py:115: ConstantInputWarning: An input array is constant; the correlation coefficient is not defined.
  sc = spearmanr(y[tr][iva], pred).correlation
/workspace_developability_acquisition/gate_b2/scripts/04_modeling.py:115: ConstantInputWarning: An input array is constant; the correlation coefficient is not defined.
  sc = spearmanr(y[tr][iva], pred).correlation
RUN shadow_4 HIC ABB_SASA_RASA Ridge d=156
RUN shadow_4 HIC ABB_SASA_RASA ElasticNet d=156
/workspace_developability_acquisition/gate_b2/scripts/04_modeling.py:115: ConstantInputWarning: An input array is constant; the correlation coefficient is not defined.
  sc = spearmanr(y[tr][iva], pred).correlation
/workspace_developability_acquisition/gate_b2/scripts/04_modeling.py:115: ConstantInputWarning: An input array is constant; the correlation coefficient is not defined.
  sc = spearmanr(y[tr][iva], pred).correlation
/workspace_developability_acquisition/gate_b2/scripts/04_modeling.py:115: ConstantInputWarning: An input array is constant; the correlation coefficient is not defined.
  sc = spearmanr(y[tr][iva], pred).correlation
/workspace_developability_acquisition/gate_b2/scripts/04_modeling.py:115: ConstantInputWarning: An input array is constant; the correlation coefficient is not defined.
  sc = spearmanr(y[tr][iva], pred).correlation
/workspace_developability_acquisition/gate_b2/scripts/04_modeling.py:115: ConstantInputWarning: An input array is constant; the correlation coefficient is not defined.
  sc = spearmanr(y[tr][iva], pred).correlation
/workspace_developability_acquisition/gate_b2/scripts/04_modeling.py:115: ConstantInputWarning: An input array is constant; the correlation coefficient is not defined.
  sc = spearmanr(y[tr][iva], pred).correlation
/workspace_developability_acquisition/gate_b2/scripts/04_modeling.py:115: ConstantInputWarning: An input array is constant; the correlation coefficient is not defined.
  sc = spearmanr(y[tr][iva], pred).correlation
/workspace_developability_acquisition/gate_b2/scripts/04_modeling.py:115: ConstantInputWarning: An input array is constant; the correlation coefficient is not defined.
  sc = spearmanr(y[tr][iva], pred).correlation
/workspace_developability_acquisition/gate_b2/scripts/04_modeling.py:115: ConstantInputWarning: An input array is constant; the correlation coefficient is not defined.
  sc = spearmanr(y[tr][iva], pred).correlation
/workspace_developability_acquisition/gate_b2/scripts/04_modeling.py:115: ConstantInputWarning: An input array is constant; the correlation coefficient is not defined.
  sc = spearmanr(y[tr][iva], pred).correlation
/workspace_developability_acquisition/gate_b2/scripts/04_modeling.py:115: ConstantInputWarning: An input array is constant; the correlation coefficient is not defined.
  sc = spearmanr(y[tr][iva], pred).correlation
/workspace_developability_acquisition/gate_b2/scripts/04_modeling.py:115: ConstantInputWarning: An input array is constant; the correlation coefficient is not defined.
  sc = spearmanr(y[tr][iva], pred).correlation
/workspace_developability_acquisition/gate_b2/scripts/04_modeling.py:115: ConstantInputWarning: An input array is constant; the correlation coefficient is not defined.
  sc = spearmanr(y[tr][iva], pred).correlation
/workspace_developability_acquisition/gate_b2/scripts/04_modeling.py:115: ConstantInputWarning: An input array is constant; the correlation coefficient is not defined.
  sc = spearmanr(y[tr][iva], pred).correlation
/workspace_developability_acquisition/gate_b2/scripts/04_modeling.py:115: ConstantInputWarning: An input array is constant; the correlation coefficient is not defined.
  sc = spearmanr(y[tr][iva], pred).correlation
/workspace_developability_acquisition/gate_b2/scripts/04_modeling.py:115: ConstantInputWarning: An input array is constant; the correlation coefficient is not defined.
  sc = spearmanr(y[tr][iva], pred).correlation
/workspace_developability_acquisition/gate_b2/scripts/04_modeling.py:115: ConstantInputWarning: An input array is constant; the correlation coefficient is not defined.
  sc = spearmanr(y[tr][iva], pred).correlation
/workspace_developability_acquisition/gate_b2/scripts/04_modeling.py:115: ConstantInputWarning: An input array is constant; the correlation coefficient is not defined.
  sc = spearmanr(y[tr][iva], pred).correlation
/workspace_developability_acquisition/gate_b2/scripts/04_modeling.py:115: ConstantInputWarning: An input array is constant; the correlation coefficient is not defined.
  sc = spearmanr(y[tr][iva], pred).correlation
/workspace_developability_acquisition/gate_b2/scripts/04_modeling.py:115: ConstantInputWarning: An input array is constant; the correlation coefficient is not defined.
  sc = spearmanr(y[tr][iva], pred).correlation
/workspace_developability_acquisition/gate_b2/scripts/04_modeling.py:115: ConstantInputWarning: An input array is constant; the correlation coefficient is not defined.
  sc = spearmanr(y[tr][iva], pred).correlation
/workspace_developability_acquisition/gate_b2/scripts/04_modeling.py:115: ConstantInputWarning: An input array is constant; the correlation coefficient is not defined.
  sc = spearmanr(y[tr][iva], pred).correlation
/workspace_developability_acquisition/gate_b2/scripts/04_modeling.py:115: ConstantInputWarning: An input array is constant; the correlation coefficient is not defined.
  sc = spearmanr(y[tr][iva], pred).correlation
/workspace_developability_acquisition/gate_b2/scripts/04_modeling.py:115: ConstantInputWarning: An input array is constant; the correlation coefficient is not defined.
  sc = spearmanr(y[tr][iva], pred).correlation
/workspace_developability_acquisition/gate_b2/scripts/04_modeling.py:115: ConstantInputWarning: An input array is constant; the correlation coefficient is not defined.
  sc = spearmanr(y[tr][iva], pred).correlation
/workspace_developability_acquisition/gate_b2/scripts/04_modeling.py:115: ConstantInputWarning: An input array is constant; the correlation coefficient is not defined.
  sc = spearmanr(y[tr][iva], pred).correlation
/workspace_developability_acquisition/gate_b2/scripts/04_modeling.py:115: ConstantInputWarning: An input array is constant; the correlation coefficient is not defined.
  sc = spearmanr(y[tr][iva], pred).correlation
RUN shadow_4 HIC ABB_SURFACE Ridge d=77
RUN shadow_4 HIC ABB_SURFACE ElasticNet d=77
/workspace_developability_acquisition/gate_b2/scripts/04_modeling.py:115: ConstantInputWarning: An input array is constant; the correlation coefficient is not defined.
  sc = spearmanr(y[tr][iva], pred).correlation
/workspace_developability_acquisition/gate_b2/scripts/04_modeling.py:115: ConstantInputWarning: An input array is constant; the correlation coefficient is not defined.
  sc = spearmanr(y[tr][iva], pred).correlation
/workspace_developability_acquisition/gate_b2/scripts/04_modeling.py:115: ConstantInputWarning: An input array is constant; the correlation coefficient is not defined.
  sc = spearmanr(y[tr][iva], pred).correlation
/workspace_developability_acquisition/gate_b2/scripts/04_modeling.py:115: ConstantInputWarning: An input array is constant; the correlation coefficient is not defined.
  sc = spearmanr(y[tr][iva], pred).correlation
/workspace_developability_acquisition/gate_b2/scripts/04_modeling.py:115: ConstantInputWarning: An input array is constant; the correlation coefficient is not defined.
  sc = spearmanr(y[tr][iva], pred).correlation
/workspace_developability_acquisition/gate_b2/scripts/04_modeling.py:115: ConstantInputWarning: An input array is constant; the correlation coefficient is not defined.
  sc = spearmanr(y[tr][iva], pred).correlation
/workspace_developability_acquisition/gate_b2/scripts/04_modeling.py:115: ConstantInputWarning: An input array is constant; the correlation coefficient is not defined.
  sc = spearmanr(y[tr][iva], pred).correlation
/workspace_developability_acquisition/gate_b2/scripts/04_modeling.py:115: ConstantInputWarning: An input array is constant; the correlation coefficient is not defined.
  sc = spearmanr(y[tr][iva], pred).correlation
/workspace_developability_acquisition/gate_b2/scripts/04_modeling.py:115: ConstantInputWarning: An input array is constant; the correlation coefficient is not defined.
  sc = spearmanr(y[tr][iva], pred).correlation
/workspace_developability_acquisition/gate_b2/scripts/04_modeling.py:115: ConstantInputWarning: An input array is constant; the correlation coefficient is not defined.
  sc = spearmanr(y[tr][iva], pred).correlation
/workspace_developability_acquisition/gate_b2/scripts/04_modeling.py:115: ConstantInputWarning: An input array is constant; the correlation coefficient is not defined.
  sc = spearmanr(y[tr][iva], pred).correlation
/workspace_developability_acquisition/gate_b2/scripts/04_modeling.py:115: ConstantInputWarning: An input array is constant; the correlation coefficient is not defined.
  sc = spearmanr(y[tr][iva], pred).correlation
/workspace_developability_acquisition/gate_b2/scripts/04_modeling.py:115: ConstantInputWarning: An input array is constant; the correlation coefficient is not defined.
  sc = spearmanr(y[tr][iva], pred).correlation
/workspace_developability_acquisition/gate_b2/scripts/04_modeling.py:115: ConstantInputWarning: An input array is constant; the correlation coefficient is not defined.
  sc = spearmanr(y[tr][iva], pred).correlation
/workspace_developability_acquisition/gate_b2/scripts/04_modeling.py:115: ConstantInputWarning: An input array is constant; the correlation coefficient is not defined.
  sc = spearmanr(y[tr][iva], pred).correlation
/workspace_developability_acquisition/gate_b2/scripts/04_modeling.py:115: ConstantInputWarning: An input array is constant; the correlation coefficient is not defined.
  sc = spearmanr(y[tr][iva], pred).correlation
/workspace_developability_acquisition/gate_b2/scripts/04_modeling.py:115: ConstantInputWarning: An input array is constant; the correlation coefficient is not defined.
  sc = spearmanr(y[tr][iva], pred).correlation
/workspace_developability_acquisition/gate_b2/scripts/04_modeling.py:115: ConstantInputWarning: An input array is constant; the correlation coefficient is not defined.
  sc = spearmanr(y[tr][iva], pred).correlation
/workspace_developability_acquisition/gate_b2/scripts/04_modeling.py:115: ConstantInputWarning: An input array is constant; the correlation coefficient is not defined.
  sc = spearmanr(y[tr][iva], pred).correlation
/workspace_developability_acquisition/gate_b2/scripts/04_modeling.py:115: ConstantInputWarning: An input array is constant; the correlation coefficient is not defined.
  sc = spearmanr(y[tr][iva], pred).correlation
/workspace_developability_acquisition/gate_b2/scripts/04_modeling.py:115: ConstantInputWarning: An input array is constant; the correlation coefficient is not defined.
  sc = spearmanr(y[tr][iva], pred).correlation
/workspace_developability_acquisition/gate_b2/scripts/04_modeling.py:115: ConstantInputWarning: An input array is constant; the correlation coefficient is not defined.
  sc = spearmanr(y[tr][iva], pred).correlation
/workspace_developability_acquisition/gate_b2/scripts/04_modeling.py:115: ConstantInputWarning: An input array is constant; the correlation coefficient is not defined.
  sc = spearmanr(y[tr][iva], pred).correlation
/workspace_developability_acquisition/gate_b2/scripts/04_modeling.py:115: ConstantInputWarning: An input array is constant; the correlation coefficient is not defined.
  sc = spearmanr(y[tr][iva], pred).correlation
/workspace_developability_acquisition/gate_b2/scripts/04_modeling.py:115: ConstantInputWarning: An input array is constant; the correlation coefficient is not defined.
  sc = spearmanr(y[tr][iva], pred).correlation
/workspace_developability_acquisition/gate_b2/scripts/04_modeling.py:115: ConstantInputWarning: An input array is constant; the correlation coefficient is not defined.
  sc = spearmanr(y[tr][iva], pred).correlation
/workspace_developability_acquisition/gate_b2/scripts/04_modeling.py:115: ConstantInputWarning: An input array is constant; the correlation coefficient is not defined.
  sc = spearmanr(y[tr][iva], pred).correlation
RUN shadow_4 HIC ABB_SURFACE_RASAW Ridge d=77
RUN shadow_4 HIC ABB_SURFACE_RASAW ElasticNet d=77
/workspace_developability_acquisition/gate_b2/scripts/04_modeling.py:115: ConstantInputWarning: An input array is constant; the correlation coefficient is not defined.
  sc = spearmanr(y[tr][iva], pred).correlation
/workspace_developability_acquisition/gate_b2/scripts/04_modeling.py:115: ConstantInputWarning: An input array is constant; the correlation coefficient is not defined.
  sc = spearmanr(y[tr][iva], pred).correlation
/workspace_developability_acquisition/gate_b2/scripts/04_modeling.py:115: ConstantInputWarning: An input array is constant; the correlation coefficient is not defined.
  sc = spearmanr(y[tr][iva], pred).correlation
/workspace_developability_acquisition/gate_b2/scripts/04_modeling.py:115: ConstantInputWarning: An input array is constant; the correlation coefficient is not defined.
  sc = spearmanr(y[tr][iva], pred).correlation
/workspace_developability_acquisition/gate_b2/scripts/04_modeling.py:115: ConstantInputWarning: An input array is constant; the correlation coefficient is not defined.
  sc = spearmanr(y[tr][iva], pred).correlation
/workspace_developability_acquisition/gate_b2/scripts/04_modeling.py:115: ConstantInputWarning: An input array is constant; the correlation coefficient is not defined.
  sc = spearmanr(y[tr][iva], pred).correlation
/workspace_developability_acquisition/gate_b2/scripts/04_modeling.py:115: ConstantInputWarning: An input array is constant; the correlation coefficient is not defined.
  sc = spearmanr(y[tr][iva], pred).correlation
/workspace_developability_acquisition/gate_b2/scripts/04_modeling.py:115: ConstantInputWarning: An input array is constant; the correlation coefficient is not defined.
  sc = spearmanr(y[tr][iva], pred).correlation
/workspace_developability_acquisition/gate_b2/scripts/04_modeling.py:115: ConstantInputWarning: An input array is constant; the correlation coefficient is not defined.
  sc = spearmanr(y[tr][iva], pred).correlation
/workspace_developability_acquisition/gate_b2/scripts/04_modeling.py:115: ConstantInputWarning: An input array is constant; the correlation coefficient is not defined.
  sc = spearmanr(y[tr][iva], pred).correlation
/workspace_developability_acquisition/gate_b2/scripts/04_modeling.py:115: ConstantInputWarning: An input array is constant; the correlation coefficient is not defined.
  sc = spearmanr(y[tr][iva], pred).correlation
/workspace_developability_acquisition/gate_b2/scripts/04_modeling.py:115: ConstantInputWarning: An input array is constant; the correlation coefficient is not defined.
  sc = spearmanr(y[tr][iva], pred).correlation
/workspace_developability_acquisition/gate_b2/scripts/04_modeling.py:115: ConstantInputWarning: An input array is constant; the correlation coefficient is not defined.
  sc = spearmanr(y[tr][iva], pred).correlation
/workspace_developability_acquisition/gate_b2/scripts/04_modeling.py:115: ConstantInputWarning: An input array is constant; the correlation coefficient is not defined.
  sc = spearmanr(y[tr][iva], pred).correlation
/workspace_developability_acquisition/gate_b2/scripts/04_modeling.py:115: ConstantInputWarning: An input array is constant; the correlation coefficient is not defined.
  sc = spearmanr(y[tr][iva], pred).correlation
/workspace_developability_acquisition/gate_b2/scripts/04_modeling.py:115: ConstantInputWarning: An input array is constant; the correlation coefficient is not defined.
  sc = spearmanr(y[tr][iva], pred).correlation
/workspace_developability_acquisition/gate_b2/scripts/04_modeling.py:115: ConstantInputWarning: An input array is constant; the correlation coefficient is not defined.
  sc = spearmanr(y[tr][iva], pred).correlation
/workspace_developability_acquisition/gate_b2/scripts/04_modeling.py:115: ConstantInputWarning: An input array is constant; the correlation coefficient is not defined.
  sc = spearmanr(y[tr][iva], pred).correlation
/workspace_developability_acquisition/gate_b2/scripts/04_modeling.py:115: ConstantInputWarning: An input array is constant; the correlation coefficient is not defined.
  sc = spearmanr(y[tr][iva], pred).correlation
/workspace_developability_acquisition/gate_b2/scripts/04_modeling.py:115: ConstantInputWarning: An input array is constant; the correlation coefficient is not defined.
  sc = spearmanr(y[tr][iva], pred).correlation
/workspace_developability_acquisition/gate_b2/scripts/04_modeling.py:115: ConstantInputWarning: An input array is constant; the correlation coefficient is not defined.
  sc = spearmanr(y[tr][iva], pred).correlation
/workspace_developability_acquisition/gate_b2/scripts/04_modeling.py:115: ConstantInputWarning: An input array is constant; the correlation coefficient is not defined.
  sc = spearmanr(y[tr][iva], pred).correlation
/workspace_developability_acquisition/gate_b2/scripts/04_modeling.py:115: ConstantInputWarning: An input array is constant; the correlation coefficient is not defined.
  sc = spearmanr(y[tr][iva], pred).correlation
/workspace_developability_acquisition/gate_b2/scripts/04_modeling.py:115: ConstantInputWarning: An input array is constant; the correlation coefficient is not defined.
  sc = spearmanr(y[tr][iva], pred).correlation
/workspace_developability_acquisition/gate_b2/scripts/04_modeling.py:115: ConstantInputWarning: An input array is constant; the correlation coefficient is not defined.
  sc = spearmanr(y[tr][iva], pred).correlation
/workspace_developability_acquisition/gate_b2/scripts/04_modeling.py:115: ConstantInputWarning: An input array is constant; the correlation coefficient is not defined.
  sc = spearmanr(y[tr][iva], pred).correlation
/workspace_developability_acquisition/gate_b2/scripts/04_modeling.py:115: ConstantInputWarning: An input array is constant; the correlation coefficient is not defined.
  sc = spearmanr(y[tr][iva], pred).correlation
/workspace_developability_acquisition/gate_b2/scripts/04_modeling.py:115: ConstantInputWarning: An input array is constant; the correlation coefficient is not defined.
  sc = spearmanr(y[tr][iva], pred).correlation
/workspace_developability_acquisition/gate_b2/scripts/04_modeling.py:115: ConstantInputWarning: An input array is constant; the correlation coefficient is not defined.
  sc = spearmanr(y[tr][iva], pred).correlation
/workspace_developability_acquisition/gate_b2/scripts/04_modeling.py:115: ConstantInputWarning: An input array is constant; the correlation coefficient is not defined.
  sc = spearmanr(y[tr][iva], pred).correlation
RUN shadow_4 HIC ABB_ALL_SURFACE Ridge d=211
RUN shadow_4 HIC ABB_PATCH Ridge d=7
RUN shadow_4 HIC ABB_PATCH ElasticNet d=7
/workspace_developability_acquisition/gate_b2/scripts/04_modeling.py:115: ConstantInputWarning: An input array is constant; the correlation coefficient is not defined.
  sc = spearmanr(y[tr][iva], pred).correlation
/workspace_developability_acquisition/gate_b2/scripts/04_modeling.py:115: ConstantInputWarning: An input array is constant; the correlation coefficient is not defined.
  sc = spearmanr(y[tr][iva], pred).correlation
/workspace_developability_acquisition/gate_b2/scripts/04_modeling.py:115: ConstantInputWarning: An input array is constant; the correlation coefficient is not defined.
  sc = spearmanr(y[tr][iva], pred).correlation
/workspace_developability_acquisition/gate_b2/scripts/04_modeling.py:115: ConstantInputWarning: An input array is constant; the correlation coefficient is not defined.
  sc = spearmanr(y[tr][iva], pred).correlation
/workspace_developability_acquisition/gate_b2/scripts/04_modeling.py:115: ConstantInputWarning: An input array is constant; the correlation coefficient is not defined.
  sc = spearmanr(y[tr][iva], pred).correlation
/workspace_developability_acquisition/gate_b2/scripts/04_modeling.py:115: ConstantInputWarning: An input array is constant; the correlation coefficient is not defined.
  sc = spearmanr(y[tr][iva], pred).correlation
/workspace_developability_acquisition/gate_b2/scripts/04_modeling.py:115: ConstantInputWarning: An input array is constant; the correlation coefficient is not defined.
  sc = spearmanr(y[tr][iva], pred).correlation
/workspace_developability_acquisition/gate_b2/scripts/04_modeling.py:115: ConstantInputWarning: An input array is constant; the correlation coefficient is not defined.
  sc = spearmanr(y[tr][iva], pred).correlation
/workspace_developability_acquisition/gate_b2/scripts/04_modeling.py:115: ConstantInputWarning: An input array is constant; the correlation coefficient is not defined.
  sc = spearmanr(y[tr][iva], pred).correlation
/workspace_developability_acquisition/gate_b2/scripts/04_modeling.py:115: ConstantInputWarning: An input array is constant; the correlation coefficient is not defined.
  sc = spearmanr(y[tr][iva], pred).correlation
/workspace_developability_acquisition/gate_b2/scripts/04_modeling.py:115: ConstantInputWarning: An input array is constant; the correlation coefficient is not defined.
  sc = spearmanr(y[tr][iva], pred).correlation
/workspace_developability_acquisition/gate_b2/scripts/04_modeling.py:115: ConstantInputWarning: An input array is constant; the correlation coefficient is not defined.
  sc = spearmanr(y[tr][iva], pred).correlation
/workspace_developability_acquisition/gate_b2/scripts/04_modeling.py:115: ConstantInputWarning: An input array is constant; the correlation coefficient is not defined.
  sc = spearmanr(y[tr][iva], pred).correlation
/workspace_developability_acquisition/gate_b2/scripts/04_modeling.py:115: ConstantInputWarning: An input array is constant; the correlation coefficient is not defined.
  sc = spearmanr(y[tr][iva], pred).correlation
/workspace_developability_acquisition/gate_b2/scripts/04_modeling.py:115: ConstantInputWarning: An input array is constant; the correlation coefficient is not defined.
  sc = spearmanr(y[tr][iva], pred).correlation
/workspace_developability_acquisition/gate_b2/scripts/04_modeling.py:115: ConstantInputWarning: An input array is constant; the correlation coefficient is not defined.
  sc = spearmanr(y[tr][iva], pred).correlation
/workspace_developability_acquisition/gate_b2/scripts/04_modeling.py:115: ConstantInputWarning: An input array is constant; the correlation coefficient is not defined.
  sc = spearmanr(y[tr][iva], pred).correlation
/workspace_developability_acquisition/gate_b2/scripts/04_modeling.py:115: ConstantInputWarning: An input array is constant; the correlation coefficient is not defined.
  sc = spearmanr(y[tr][iva], pred).correlation
/workspace_developability_acquisition/gate_b2/scripts/04_modeling.py:115: ConstantInputWarning: An input array is constant; the correlation coefficient is not defined.
  sc = spearmanr(y[tr][iva], pred).correlation
/workspace_developability_acquisition/gate_b2/scripts/04_modeling.py:115: ConstantInputWarning: An input array is constant; the correlation coefficient is not defined.
  sc = spearmanr(y[tr][iva], pred).correlation
/workspace_developability_acquisition/gate_b2/scripts/04_modeling.py:115: ConstantInputWarning: An input array is constant; the correlation coefficient is not defined.
  sc = spearmanr(y[tr][iva], pred).correlation
/workspace_developability_acquisition/gate_b2/scripts/04_modeling.py:115: ConstantInputWarning: An input array is constant; the correlation coefficient is not defined.
  sc = spearmanr(y[tr][iva], pred).correlation
/workspace_developability_acquisition/gate_b2/scripts/04_modeling.py:115: ConstantInputWarning: An input array is constant; the correlation coefficient is not defined.
  sc = spearmanr(y[tr][iva], pred).correlation
/workspace_developability_acquisition/gate_b2/scripts/04_modeling.py:115: ConstantInputWarning: An input array is constant; the correlation coefficient is not defined.
  sc = spearmanr(y[tr][iva], pred).correlation
/workspace_developability_acquisition/gate_b2/scripts/04_modeling.py:115: ConstantInputWarning: An input array is constant; the correlation coefficient is not defined.
  sc = spearmanr(y[tr][iva], pred).correlation
/workspace_developability_acquisition/gate_b2/scripts/04_modeling.py:115: ConstantInputWarning: An input array is constant; the correlation coefficient is not defined.
  sc = spearmanr(y[tr][iva], pred).correlation
/workspace_developability_acquisition/gate_b2/scripts/04_modeling.py:115: ConstantInputWarning: An input array is constant; the correlation coefficient is not defined.
  sc = spearmanr(y[tr][iva], pred).correlation
/workspace_developability_acquisition/gate_b2/scripts/04_modeling.py:115: ConstantInputWarning: An input array is constant; the correlation coefficient is not defined.
  sc = spearmanr(y[tr][iva], pred).correlation
/workspace_developability_acquisition/gate_b2/scripts/04_modeling.py:115: ConstantInputWarning: An input array is constant; the correlation coefficient is not defined.
  sc = spearmanr(y[tr][iva], pred).correlation
/workspace_developability_acquisition/gate_b2/scripts/04_modeling.py:115: ConstantInputWarning: An input array is constant; the correlation coefficient is not defined.
  sc = spearmanr(y[tr][iva], pred).correlation
/workspace_developability_acquisition/gate_b2/scripts/04_modeling.py:115: ConstantInputWarning: An input array is constant; the correlation coefficient is not defined.
  sc = spearmanr(y[tr][iva], pred).correlation
/workspace_developability_acquisition/gate_b2/scripts/04_modeling.py:115: ConstantInputWarning: An input array is constant; the correlation coefficient is not defined.
  sc = spearmanr(y[tr][iva], pred).correlation
/workspace_developability_acquisition/gate_b2/scripts/04_modeling.py:115: ConstantInputWarning: An input array is constant; the correlation coefficient is not defined.
  sc = spearmanr(y[tr][iva], pred).correlation
/workspace_developability_acquisition/gate_b2/scripts/04_modeling.py:115: ConstantInputWarning: An input array is constant; the correlation coefficient is not defined.
  sc = spearmanr(y[tr][iva], pred).correlation
/workspace_developability_acquisition/gate_b2/scripts/04_modeling.py:115: ConstantInputWarning: An input array is constant; the correlation coefficient is not defined.
  sc = spearmanr(y[tr][iva], pred).correlation
RUN shadow_4 HIC ABB_INTERFACE Ridge d=8
RUN shadow_4 HIC ABB_INTERFACE ElasticNet d=8
/workspace_developability_acquisition/gate_b2/scripts/04_modeling.py:115: ConstantInputWarning: An input array is constant; the correlation coefficient is not defined.
  sc = spearmanr(y[tr][iva], pred).correlation
/workspace_developability_acquisition/gate_b2/scripts/04_modeling.py:115: ConstantInputWarning: An input array is constant; the correlation coefficient is not defined.
  sc = spearmanr(y[tr][iva], pred).correlation
/workspace_developability_acquisition/gate_b2/scripts/04_modeling.py:115: ConstantInputWarning: An input array is constant; the correlation coefficient is not defined.
  sc = spearmanr(y[tr][iva], pred).correlation
/workspace_developability_acquisition/gate_b2/scripts/04_modeling.py:115: ConstantInputWarning: An input array is constant; the correlation coefficient is not defined.
  sc = spearmanr(y[tr][iva], pred).correlation
/workspace_developability_acquisition/gate_b2/scripts/04_modeling.py:115: ConstantInputWarning: An input array is constant; the correlation coefficient is not defined.
  sc = spearmanr(y[tr][iva], pred).correlation
/workspace_developability_acquisition/gate_b2/scripts/04_modeling.py:115: ConstantInputWarning: An input array is constant; the correlation coefficient is not defined.
  sc = spearmanr(y[tr][iva], pred).correlation
/workspace_developability_acquisition/gate_b2/scripts/04_modeling.py:115: ConstantInputWarning: An input array is constant; the correlation coefficient is not defined.
  sc = spearmanr(y[tr][iva], pred).correlation
/workspace_developability_acquisition/gate_b2/scripts/04_modeling.py:115: ConstantInputWarning: An input array is constant; the correlation coefficient is not defined.
  sc = spearmanr(y[tr][iva], pred).correlation
/workspace_developability_acquisition/gate_b2/scripts/04_modeling.py:115: ConstantInputWarning: An input array is constant; the correlation coefficient is not defined.
  sc = spearmanr(y[tr][iva], pred).correlation
/workspace_developability_acquisition/gate_b2/scripts/04_modeling.py:115: ConstantInputWarning: An input array is constant; the correlation coefficient is not defined.
  sc = spearmanr(y[tr][iva], pred).correlation
/workspace_developability_acquisition/gate_b2/scripts/04_modeling.py:115: ConstantInputWarning: An input array is constant; the correlation coefficient is not defined.
  sc = spearmanr(y[tr][iva], pred).correlation
/workspace_developability_acquisition/gate_b2/scripts/04_modeling.py:115: ConstantInputWarning: An input array is constant; the correlation coefficient is not defined.
  sc = spearmanr(y[tr][iva], pred).correlation
/workspace_developability_acquisition/gate_b2/scripts/04_modeling.py:115: ConstantInputWarning: An input array is constant; the correlation coefficient is not defined.
  sc = spearmanr(y[tr][iva], pred).correlation
/workspace_developability_acquisition/gate_b2/scripts/04_modeling.py:115: ConstantInputWarning: An input array is constant; the correlation coefficient is not defined.
  sc = spearmanr(y[tr][iva], pred).correlation
/workspace_developability_acquisition/gate_b2/scripts/04_modeling.py:115: ConstantInputWarning: An input array is constant; the correlation coefficient is not defined.
  sc = spearmanr(y[tr][iva], pred).correlation
/workspace_developability_acquisition/gate_b2/scripts/04_modeling.py:115: ConstantInputWarning: An input array is constant; the correlation coefficient is not defined.
  sc = spearmanr(y[tr][iva], pred).correlation
/workspace_developability_acquisition/gate_b2/scripts/04_modeling.py:115: ConstantInputWarning: An input array is constant; the correlation coefficient is not defined.
  sc = spearmanr(y[tr][iva], pred).correlation
/workspace_developability_acquisition/gate_b2/scripts/04_modeling.py:115: ConstantInputWarning: An input array is constant; the correlation coefficient is not defined.
  sc = spearmanr(y[tr][iva], pred).correlation
/workspace_developability_acquisition/gate_b2/scripts/04_modeling.py:115: ConstantInputWarning: An input array is constant; the correlation coefficient is not defined.
  sc = spearmanr(y[tr][iva], pred).correlation
/workspace_developability_acquisition/gate_b2/scripts/04_modeling.py:115: ConstantInputWarning: An input array is constant; the correlation coefficient is not defined.
  sc = spearmanr(y[tr][iva], pred).correlation
/workspace_developability_acquisition/gate_b2/scripts/04_modeling.py:115: ConstantInputWarning: An input array is constant; the correlation coefficient is not defined.
  sc = spearmanr(y[tr][iva], pred).correlation
/workspace_developability_acquisition/gate_b2/scripts/04_modeling.py:115: ConstantInputWarning: An input array is constant; the correlation coefficient is not defined.
  sc = spearmanr(y[tr][iva], pred).correlation
/workspace_developability_acquisition/gate_b2/scripts/04_modeling.py:115: ConstantInputWarning: An input array is constant; the correlation coefficient is not defined.
  sc = spearmanr(y[tr][iva], pred).correlation
/workspace_developability_acquisition/gate_b2/scripts/04_modeling.py:115: ConstantInputWarning: An input array is constant; the correlation coefficient is not defined.
  sc = spearmanr(y[tr][iva], pred).correlation
/workspace_developability_acquisition/gate_b2/scripts/04_modeling.py:115: ConstantInputWarning: An input array is constant; the correlation coefficient is not defined.
  sc = spearmanr(y[tr][iva], pred).correlation
/workspace_developability_acquisition/gate_b2/scripts/04_modeling.py:115: ConstantInputWarning: An input array is constant; the correlation coefficient is not defined.
  sc = spearmanr(y[tr][iva], pred).correlation
/workspace_developability_acquisition/gate_b2/scripts/04_modeling.py:115: ConstantInputWarning: An input array is constant; the correlation coefficient is not defined.
  sc = spearmanr(y[tr][iva], pred).correlation
/workspace_developability_acquisition/gate_b2/scripts/04_modeling.py:115: ConstantInputWarning: An input array is constant; the correlation coefficient is not defined.
  sc = spearmanr(y[tr][iva], pred).correlation
/workspace_developability_acquisition/gate_b2/scripts/04_modeling.py:115: ConstantInputWarning: An input array is constant; the correlation coefficient is not defined.
  sc = spearmanr(y[tr][iva], pred).correlation
/workspace_developability_acquisition/gate_b2/scripts/04_modeling.py:115: ConstantInputWarning: An input array is constant; the correlation coefficient is not defined.
  sc = spearmanr(y[tr][iva], pred).correlation
/workspace_developability_acquisition/gate_b2/scripts/04_modeling.py:115: ConstantInputWarning: An input array is constant; the correlation coefficient is not defined.
  sc = spearmanr(y[tr][iva], pred).correlation
/workspace_developability_acquisition/gate_b2/scripts/04_modeling.py:115: ConstantInputWarning: An input array is constant; the correlation coefficient is not defined.
  sc = spearmanr(y[tr][iva], pred).correlation
RUN shadow_4 HIC ABB_ALL Ridge d=247
RUN shadow_4 HIC ESMF_NATIVE_SASA Ridge d=58
RUN shadow_4 HIC ESMF_NATIVE_SASA ElasticNet d=58
/workspace_developability_acquisition/gate_b2/scripts/04_modeling.py:115: ConstantInputWarning: An input array is constant; the correlation coefficient is not defined.
  sc = spearmanr(y[tr][iva], pred).correlation
/workspace_developability_acquisition/gate_b2/scripts/04_modeling.py:115: ConstantInputWarning: An input array is constant; the correlation coefficient is not defined.
  sc = spearmanr(y[tr][iva], pred).correlation
/workspace_developability_acquisition/gate_b2/scripts/04_modeling.py:115: ConstantInputWarning: An input array is constant; the correlation coefficient is not defined.
  sc = spearmanr(y[tr][iva], pred).correlation
/workspace_developability_acquisition/gate_b2/scripts/04_modeling.py:115: ConstantInputWarning: An input array is constant; the correlation coefficient is not defined.
  sc = spearmanr(y[tr][iva], pred).correlation
/workspace_developability_acquisition/gate_b2/scripts/04_modeling.py:115: ConstantInputWarning: An input array is constant; the correlation coefficient is not defined.
  sc = spearmanr(y[tr][iva], pred).correlation
/workspace_developability_acquisition/gate_b2/scripts/04_modeling.py:115: ConstantInputWarning: An input array is constant; the correlation coefficient is not defined.
  sc = spearmanr(y[tr][iva], pred).correlation
/workspace_developability_acquisition/gate_b2/scripts/04_modeling.py:115: ConstantInputWarning: An input array is constant; the correlation coefficient is not defined.
  sc = spearmanr(y[tr][iva], pred).correlation
/workspace_developability_acquisition/gate_b2/scripts/04_modeling.py:115: ConstantInputWarning: An input array is constant; the correlation coefficient is not defined.
  sc = spearmanr(y[tr][iva], pred).correlation
/workspace_developability_acquisition/gate_b2/scripts/04_modeling.py:115: ConstantInputWarning: An input array is constant; the correlation coefficient is not defined.
  sc = spearmanr(y[tr][iva], pred).correlation
/workspace_developability_acquisition/gate_b2/scripts/04_modeling.py:115: ConstantInputWarning: An input array is constant; the correlation coefficient is not defined.
  sc = spearmanr(y[tr][iva], pred).correlation
/workspace_developability_acquisition/gate_b2/scripts/04_modeling.py:115: ConstantInputWarning: An input array is constant; the correlation coefficient is not defined.
  sc = spearmanr(y[tr][iva], pred).correlation
/workspace_developability_acquisition/gate_b2/scripts/04_modeling.py:115: ConstantInputWarning: An input array is constant; the correlation coefficient is not defined.
  sc = spearmanr(y[tr][iva], pred).correlation
/workspace_developability_acquisition/gate_b2/scripts/04_modeling.py:115: ConstantInputWarning: An input array is constant; the correlation coefficient is not defined.
  sc = spearmanr(y[tr][iva], pred).correlation
/workspace_developability_acquisition/gate_b2/scripts/04_modeling.py:115: ConstantInputWarning: An input array is constant; the correlation coefficient is not defined.
  sc = spearmanr(y[tr][iva], pred).correlation
/workspace_developability_acquisition/gate_b2/scripts/04_modeling.py:115: ConstantInputWarning: An input array is constant; the correlation coefficient is not defined.
  sc = spearmanr(y[tr][iva], pred).correlation
/workspace_developability_acquisition/gate_b2/scripts/04_modeling.py:115: ConstantInputWarning: An input array is constant; the correlation coefficient is not defined.
  sc = spearmanr(y[tr][iva], pred).correlation
/workspace_developability_acquisition/gate_b2/scripts/04_modeling.py:115: ConstantInputWarning: An input array is constant; the correlation coefficient is not defined.
  sc = spearmanr(y[tr][iva], pred).correlation
/workspace_developability_acquisition/gate_b2/scripts/04_modeling.py:115: ConstantInputWarning: An input array is constant; the correlation coefficient is not defined.
  sc = spearmanr(y[tr][iva], pred).correlation
/workspace_developability_acquisition/gate_b2/scripts/04_modeling.py:115: ConstantInputWarning: An input array is constant; the correlation coefficient is not defined.
  sc = spearmanr(y[tr][iva], pred).correlation
/workspace_developability_acquisition/gate_b2/scripts/04_modeling.py:115: ConstantInputWarning: An input array is constant; the correlation coefficient is not defined.
  sc = spearmanr(y[tr][iva], pred).correlation
/workspace_developability_acquisition/gate_b2/scripts/04_modeling.py:115: ConstantInputWarning: An input array is constant; the correlation coefficient is not defined.
  sc = spearmanr(y[tr][iva], pred).correlation
/workspace_developability_acquisition/gate_b2/scripts/04_modeling.py:115: ConstantInputWarning: An input array is constant; the correlation coefficient is not defined.
  sc = spearmanr(y[tr][iva], pred).correlation
/workspace_developability_acquisition/gate_b2/scripts/04_modeling.py:115: ConstantInputWarning: An input array is constant; the correlation coefficient is not defined.
  sc = spearmanr(y[tr][iva], pred).correlation
/workspace_developability_acquisition/gate_b2/scripts/04_modeling.py:115: ConstantInputWarning: An input array is constant; the correlation coefficient is not defined.
  sc = spearmanr(y[tr][iva], pred).correlation
RUN shadow_4 HIC ESMF_NATIVE_SASA_RASA Ridge d=114
RUN shadow_4 HIC ESMF_NATIVE_SASA_RASA ElasticNet d=114
/workspace_developability_acquisition/gate_b2/scripts/04_modeling.py:115: ConstantInputWarning: An input array is constant; the correlation coefficient is not defined.
  sc = spearmanr(y[tr][iva], pred).correlation
/workspace_developability_acquisition/gate_b2/scripts/04_modeling.py:115: ConstantInputWarning: An input array is constant; the correlation coefficient is not defined.
  sc = spearmanr(y[tr][iva], pred).correlation
/workspace_developability_acquisition/gate_b2/scripts/04_modeling.py:115: ConstantInputWarning: An input array is constant; the correlation coefficient is not defined.
  sc = spearmanr(y[tr][iva], pred).correlation
/workspace_developability_acquisition/gate_b2/scripts/04_modeling.py:115: ConstantInputWarning: An input array is constant; the correlation coefficient is not defined.
  sc = spearmanr(y[tr][iva], pred).correlation
/workspace_developability_acquisition/gate_b2/scripts/04_modeling.py:115: ConstantInputWarning: An input array is constant; the correlation coefficient is not defined.
  sc = spearmanr(y[tr][iva], pred).correlation
/workspace_developability_acquisition/gate_b2/scripts/04_modeling.py:115: ConstantInputWarning: An input array is constant; the correlation coefficient is not defined.
  sc = spearmanr(y[tr][iva], pred).correlation
/workspace_developability_acquisition/gate_b2/scripts/04_modeling.py:115: ConstantInputWarning: An input array is constant; the correlation coefficient is not defined.
  sc = spearmanr(y[tr][iva], pred).correlation
/workspace_developability_acquisition/gate_b2/scripts/04_modeling.py:115: ConstantInputWarning: An input array is constant; the correlation coefficient is not defined.
  sc = spearmanr(y[tr][iva], pred).correlation
/workspace_developability_acquisition/gate_b2/scripts/04_modeling.py:115: ConstantInputWarning: An input array is constant; the correlation coefficient is not defined.
  sc = spearmanr(y[tr][iva], pred).correlation
/workspace_developability_acquisition/gate_b2/scripts/04_modeling.py:115: ConstantInputWarning: An input array is constant; the correlation coefficient is not defined.
  sc = spearmanr(y[tr][iva], pred).correlation
/workspace_developability_acquisition/gate_b2/scripts/04_modeling.py:115: ConstantInputWarning: An input array is constant; the correlation coefficient is not defined.
  sc = spearmanr(y[tr][iva], pred).correlation
/workspace_developability_acquisition/gate_b2/scripts/04_modeling.py:115: ConstantInputWarning: An input array is constant; the correlation coefficient is not defined.
  sc = spearmanr(y[tr][iva], pred).correlation
/workspace_developability_acquisition/gate_b2/scripts/04_modeling.py:115: ConstantInputWarning: An input array is constant; the correlation coefficient is not defined.
  sc = spearmanr(y[tr][iva], pred).correlation
/workspace_developability_acquisition/gate_b2/scripts/04_modeling.py:115: ConstantInputWarning: An input array is constant; the correlation coefficient is not defined.
  sc = spearmanr(y[tr][iva], pred).correlation
/workspace_developability_acquisition/gate_b2/scripts/04_modeling.py:115: ConstantInputWarning: An input array is constant; the correlation coefficient is not defined.
  sc = spearmanr(y[tr][iva], pred).correlation
/workspace_developability_acquisition/gate_b2/scripts/04_modeling.py:115: ConstantInputWarning: An input array is constant; the correlation coefficient is not defined.
  sc = spearmanr(y[tr][iva], pred).correlation
/workspace_developability_acquisition/gate_b2/scripts/04_modeling.py:115: ConstantInputWarning: An input array is constant; the correlation coefficient is not defined.
  sc = spearmanr(y[tr][iva], pred).correlation
/workspace_developability_acquisition/gate_b2/scripts/04_modeling.py:115: ConstantInputWarning: An input array is constant; the correlation coefficient is not defined.
  sc = spearmanr(y[tr][iva], pred).correlation
/workspace_developability_acquisition/gate_b2/scripts/04_modeling.py:115: ConstantInputWarning: An input array is constant; the correlation coefficient is not defined.
  sc = spearmanr(y[tr][iva], pred).correlation
/workspace_developability_acquisition/gate_b2/scripts/04_modeling.py:115: ConstantInputWarning: An input array is constant; the correlation coefficient is not defined.
  sc = spearmanr(y[tr][iva], pred).correlation
/workspace_developability_acquisition/gate_b2/scripts/04_modeling.py:115: ConstantInputWarning: An input array is constant; the correlation coefficient is not defined.
  sc = spearmanr(y[tr][iva], pred).correlation
/workspace_developability_acquisition/gate_b2/scripts/04_modeling.py:115: ConstantInputWarning: An input array is constant; the correlation coefficient is not defined.
  sc = spearmanr(y[tr][iva], pred).correlation
/workspace_developability_acquisition/gate_b2/scripts/04_modeling.py:115: ConstantInputWarning: An input array is constant; the correlation coefficient is not defined.
  sc = spearmanr(y[tr][iva], pred).correlation
/workspace_developability_acquisition/gate_b2/scripts/04_modeling.py:115: ConstantInputWarning: An input array is constant; the correlation coefficient is not defined.
  sc = spearmanr(y[tr][iva], pred).correlation
RUN shadow_4 HIC ESMF_NATIVE_SURFACE Ridge d=56
RUN shadow_4 HIC ESMF_NATIVE_SURFACE ElasticNet d=56
/workspace_developability_acquisition/gate_b2/scripts/04_modeling.py:115: ConstantInputWarning: An input array is constant; the correlation coefficient is not defined.
  sc = spearmanr(y[tr][iva], pred).correlation
/workspace_developability_acquisition/gate_b2/scripts/04_modeling.py:115: ConstantInputWarning: An input array is constant; the correlation coefficient is not defined.
  sc = spearmanr(y[tr][iva], pred).correlation
/workspace_developability_acquisition/gate_b2/scripts/04_modeling.py:115: ConstantInputWarning: An input array is constant; the correlation coefficient is not defined.
  sc = spearmanr(y[tr][iva], pred).correlation
/workspace_developability_acquisition/gate_b2/scripts/04_modeling.py:115: ConstantInputWarning: An input array is constant; the correlation coefficient is not defined.
  sc = spearmanr(y[tr][iva], pred).correlation
/workspace_developability_acquisition/gate_b2/scripts/04_modeling.py:115: ConstantInputWarning: An input array is constant; the correlation coefficient is not defined.
  sc = spearmanr(y[tr][iva], pred).correlation
/workspace_developability_acquisition/gate_b2/scripts/04_modeling.py:115: ConstantInputWarning: An input array is constant; the correlation coefficient is not defined.
  sc = spearmanr(y[tr][iva], pred).correlation
/workspace_developability_acquisition/gate_b2/scripts/04_modeling.py:115: ConstantInputWarning: An input array is constant; the correlation coefficient is not defined.
  sc = spearmanr(y[tr][iva], pred).correlation
/workspace_developability_acquisition/gate_b2/scripts/04_modeling.py:115: ConstantInputWarning: An input array is constant; the correlation coefficient is not defined.
  sc = spearmanr(y[tr][iva], pred).correlation
/workspace_developability_acquisition/gate_b2/scripts/04_modeling.py:115: ConstantInputWarning: An input array is constant; the correlation coefficient is not defined.
  sc = spearmanr(y[tr][iva], pred).correlation
/workspace_developability_acquisition/gate_b2/scripts/04_modeling.py:115: ConstantInputWarning: An input array is constant; the correlation coefficient is not defined.
  sc = spearmanr(y[tr][iva], pred).correlation
/workspace_developability_acquisition/gate_b2/scripts/04_modeling.py:115: ConstantInputWarning: An input array is constant; the correlation coefficient is not defined.
  sc = spearmanr(y[tr][iva], pred).correlation
/workspace_developability_acquisition/gate_b2/scripts/04_modeling.py:115: ConstantInputWarning: An input array is constant; the correlation coefficient is not defined.
  sc = spearmanr(y[tr][iva], pred).correlation
/workspace_developability_acquisition/gate_b2/scripts/04_modeling.py:115: ConstantInputWarning: An input array is constant; the correlation coefficient is not defined.
  sc = spearmanr(y[tr][iva], pred).correlation
/workspace_developability_acquisition/gate_b2/scripts/04_modeling.py:115: ConstantInputWarning: An input array is constant; the correlation coefficient is not defined.
  sc = spearmanr(y[tr][iva], pred).correlation
/workspace_developability_acquisition/gate_b2/scripts/04_modeling.py:115: ConstantInputWarning: An input array is constant; the correlation coefficient is not defined.
  sc = spearmanr(y[tr][iva], pred).correlation
/workspace_developability_acquisition/gate_b2/scripts/04_modeling.py:115: ConstantInputWarning: An input array is constant; the correlation coefficient is not defined.
  sc = spearmanr(y[tr][iva], pred).correlation
/workspace_developability_acquisition/gate_b2/scripts/04_modeling.py:115: ConstantInputWarning: An input array is constant; the correlation coefficient is not defined.
  sc = spearmanr(y[tr][iva], pred).correlation
/workspace_developability_acquisition/gate_b2/scripts/04_modeling.py:115: ConstantInputWarning: An input array is constant; the correlation coefficient is not defined.
  sc = spearmanr(y[tr][iva], pred).correlation
/workspace_developability_acquisition/gate_b2/scripts/04_modeling.py:115: ConstantInputWarning: An input array is constant; the correlation coefficient is not defined.
  sc = spearmanr(y[tr][iva], pred).correlation
/workspace_developability_acquisition/gate_b2/scripts/04_modeling.py:115: ConstantInputWarning: An input array is constant; the correlation coefficient is not defined.
  sc = spearmanr(y[tr][iva], pred).correlation
/workspace_developability_acquisition/gate_b2/scripts/04_modeling.py:115: ConstantInputWarning: An input array is constant; the correlation coefficient is not defined.
  sc = spearmanr(y[tr][iva], pred).correlation
/workspace_developability_acquisition/gate_b2/scripts/04_modeling.py:115: ConstantInputWarning: An input array is constant; the correlation coefficient is not defined.
  sc = spearmanr(y[tr][iva], pred).correlation
/workspace_developability_acquisition/gate_b2/scripts/04_modeling.py:115: ConstantInputWarning: An input array is constant; the correlation coefficient is not defined.
  sc = spearmanr(y[tr][iva], pred).correlation
/workspace_developability_acquisition/gate_b2/scripts/04_modeling.py:115: ConstantInputWarning: An input array is constant; the correlation coefficient is not defined.
  sc = spearmanr(y[tr][iva], pred).correlation
RUN shadow_4 HIC ESMF_NATIVE_SURFACE_RASAW Ridge d=56
RUN shadow_4 HIC ESMF_NATIVE_SURFACE_RASAW ElasticNet d=56
/workspace_developability_acquisition/gate_b2/scripts/04_modeling.py:115: ConstantInputWarning: An input array is constant; the correlation coefficient is not defined.
  sc = spearmanr(y[tr][iva], pred).correlation
/workspace_developability_acquisition/gate_b2/scripts/04_modeling.py:115: ConstantInputWarning: An input array is constant; the correlation coefficient is not defined.
  sc = spearmanr(y[tr][iva], pred).correlation
/workspace_developability_acquisition/gate_b2/scripts/04_modeling.py:115: ConstantInputWarning: An input array is constant; the correlation coefficient is not defined.
  sc = spearmanr(y[tr][iva], pred).correlation
/workspace_developability_acquisition/gate_b2/scripts/04_modeling.py:115: ConstantInputWarning: An input array is constant; the correlation coefficient is not defined.
  sc = spearmanr(y[tr][iva], pred).correlation
/workspace_developability_acquisition/gate_b2/scripts/04_modeling.py:115: ConstantInputWarning: An input array is constant; the correlation coefficient is not defined.
  sc = spearmanr(y[tr][iva], pred).correlation
/workspace_developability_acquisition/gate_b2/scripts/04_modeling.py:115: ConstantInputWarning: An input array is constant; the correlation coefficient is not defined.
  sc = spearmanr(y[tr][iva], pred).correlation
/workspace_developability_acquisition/gate_b2/scripts/04_modeling.py:115: ConstantInputWarning: An input array is constant; the correlation coefficient is not defined.
  sc = spearmanr(y[tr][iva], pred).correlation
/workspace_developability_acquisition/gate_b2/scripts/04_modeling.py:115: ConstantInputWarning: An input array is constant; the correlation coefficient is not defined.
  sc = spearmanr(y[tr][iva], pred).correlation
/workspace_developability_acquisition/gate_b2/scripts/04_modeling.py:115: ConstantInputWarning: An input array is constant; the correlation coefficient is not defined.
  sc = spearmanr(y[tr][iva], pred).correlation
/workspace_developability_acquisition/gate_b2/scripts/04_modeling.py:115: ConstantInputWarning: An input array is constant; the correlation coefficient is not defined.
  sc = spearmanr(y[tr][iva], pred).correlation
/workspace_developability_acquisition/gate_b2/scripts/04_modeling.py:115: ConstantInputWarning: An input array is constant; the correlation coefficient is not defined.
  sc = spearmanr(y[tr][iva], pred).correlation
/workspace_developability_acquisition/gate_b2/scripts/04_modeling.py:115: ConstantInputWarning: An input array is constant; the correlation coefficient is not defined.
  sc = spearmanr(y[tr][iva], pred).correlation
/workspace_developability_acquisition/gate_b2/scripts/04_modeling.py:115: ConstantInputWarning: An input array is constant; the correlation coefficient is not defined.
  sc = spearmanr(y[tr][iva], pred).correlation
/workspace_developability_acquisition/gate_b2/scripts/04_modeling.py:115: ConstantInputWarning: An input array is constant; the correlation coefficient is not defined.
  sc = spearmanr(y[tr][iva], pred).correlation
/workspace_developability_acquisition/gate_b2/scripts/04_modeling.py:115: ConstantInputWarning: An input array is constant; the correlation coefficient is not defined.
  sc = spearmanr(y[tr][iva], pred).correlation
/workspace_developability_acquisition/gate_b2/scripts/04_modeling.py:115: ConstantInputWarning: An input array is constant; the correlation coefficient is not defined.
  sc = spearmanr(y[tr][iva], pred).correlation
/workspace_developability_acquisition/gate_b2/scripts/04_modeling.py:115: ConstantInputWarning: An input array is constant; the correlation coefficient is not defined.
  sc = spearmanr(y[tr][iva], pred).correlation
/workspace_developability_acquisition/gate_b2/scripts/04_modeling.py:115: ConstantInputWarning: An input array is constant; the correlation coefficient is not defined.
  sc = spearmanr(y[tr][iva], pred).correlation
/workspace_developability_acquisition/gate_b2/scripts/04_modeling.py:115: ConstantInputWarning: An input array is constant; the correlation coefficient is not defined.
  sc = spearmanr(y[tr][iva], pred).correlation
/workspace_developability_acquisition/gate_b2/scripts/04_modeling.py:115: ConstantInputWarning: An input array is constant; the correlation coefficient is not defined.
  sc = spearmanr(y[tr][iva], pred).correlation
/workspace_developability_acquisition/gate_b2/scripts/04_modeling.py:115: ConstantInputWarning: An input array is constant; the correlation coefficient is not defined.
  sc = spearmanr(y[tr][iva], pred).correlation
/workspace_developability_acquisition/gate_b2/scripts/04_modeling.py:115: ConstantInputWarning: An input array is constant; the correlation coefficient is not defined.
  sc = spearmanr(y[tr][iva], pred).correlation
/workspace_developability_acquisition/gate_b2/scripts/04_modeling.py:115: ConstantInputWarning: An input array is constant; the correlation coefficient is not defined.
  sc = spearmanr(y[tr][iva], pred).correlation
/workspace_developability_acquisition/gate_b2/scripts/04_modeling.py:115: ConstantInputWarning: An input array is constant; the correlation coefficient is not defined.
  sc = spearmanr(y[tr][iva], pred).correlation
/workspace_developability_acquisition/gate_b2/scripts/04_modeling.py:115: ConstantInputWarning: An input array is constant; the correlation coefficient is not defined.
  sc = spearmanr(y[tr][iva], pred).correlation
/workspace_developability_acquisition/gate_b2/scripts/04_modeling.py:115: ConstantInputWarning: An input array is constant; the correlation coefficient is not defined.
  sc = spearmanr(y[tr][iva], pred).correlation
/workspace_developability_acquisition/gate_b2/scripts/04_modeling.py:115: ConstantInputWarning: An input array is constant; the correlation coefficient is not defined.
  sc = spearmanr(y[tr][iva], pred).correlation
/workspace_developability_acquisition/gate_b2/scripts/04_modeling.py:115: ConstantInputWarning: An input array is constant; the correlation coefficient is not defined.
  sc = spearmanr(y[tr][iva], pred).correlation
/workspace_developability_acquisition/gate_b2/scripts/04_modeling.py:115: ConstantInputWarning: An input array is constant; the correlation coefficient is not defined.
  sc = spearmanr(y[tr][iva], pred).correlation
/workspace_developability_acquisition/gate_b2/scripts/04_modeling.py:115: ConstantInputWarning: An input array is constant; the correlation coefficient is not defined.
  sc = spearmanr(y[tr][iva], pred).correlation
RUN shadow_4 HIC ESMF_NATIVE_ALL_SURFACE Ridge d=154
RUN shadow_4 HIC ESMF_NATIVE_ALL_SURFACE ElasticNet d=154
/workspace_developability_acquisition/gate_b2/scripts/04_modeling.py:115: ConstantInputWarning: An input array is constant; the correlation coefficient is not defined.
  sc = spearmanr(y[tr][iva], pred).correlation
/workspace_developability_acquisition/gate_b2/scripts/04_modeling.py:115: ConstantInputWarning: An input array is constant; the correlation coefficient is not defined.
  sc = spearmanr(y[tr][iva], pred).correlation
/workspace_developability_acquisition/gate_b2/scripts/04_modeling.py:115: ConstantInputWarning: An input array is constant; the correlation coefficient is not defined.
  sc = spearmanr(y[tr][iva], pred).correlation
/workspace_developability_acquisition/gate_b2/scripts/04_modeling.py:115: ConstantInputWarning: An input array is constant; the correlation coefficient is not defined.
  sc = spearmanr(y[tr][iva], pred).correlation
/workspace_developability_acquisition/gate_b2/scripts/04_modeling.py:115: ConstantInputWarning: An input array is constant; the correlation coefficient is not defined.
  sc = spearmanr(y[tr][iva], pred).correlation
/workspace_developability_acquisition/gate_b2/scripts/04_modeling.py:115: ConstantInputWarning: An input array is constant; the correlation coefficient is not defined.
  sc = spearmanr(y[tr][iva], pred).correlation
/workspace_developability_acquisition/gate_b2/scripts/04_modeling.py:115: ConstantInputWarning: An input array is constant; the correlation coefficient is not defined.
  sc = spearmanr(y[tr][iva], pred).correlation
/workspace_developability_acquisition/gate_b2/scripts/04_modeling.py:115: ConstantInputWarning: An input array is constant; the correlation coefficient is not defined.
  sc = spearmanr(y[tr][iva], pred).correlation
/workspace_developability_acquisition/gate_b2/scripts/04_modeling.py:115: ConstantInputWarning: An input array is constant; the correlation coefficient is not defined.
  sc = spearmanr(y[tr][iva], pred).correlation
/workspace_developability_acquisition/gate_b2/scripts/04_modeling.py:115: ConstantInputWarning: An input array is constant; the correlation coefficient is not defined.
  sc = spearmanr(y[tr][iva], pred).correlation
/workspace_developability_acquisition/gate_b2/scripts/04_modeling.py:115: ConstantInputWarning: An input array is constant; the correlation coefficient is not defined.
  sc = spearmanr(y[tr][iva], pred).correlation
/workspace_developability_acquisition/gate_b2/scripts/04_modeling.py:115: ConstantInputWarning: An input array is constant; the correlation coefficient is not defined.
  sc = spearmanr(y[tr][iva], pred).correlation
/workspace_developability_acquisition/gate_b2/scripts/04_modeling.py:115: ConstantInputWarning: An input array is constant; the correlation coefficient is not defined.
  sc = spearmanr(y[tr][iva], pred).correlation
/workspace_developability_acquisition/gate_b2/scripts/04_modeling.py:115: ConstantInputWarning: An input array is constant; the correlation coefficient is not defined.
  sc = spearmanr(y[tr][iva], pred).correlation
/workspace_developability_acquisition/gate_b2/scripts/04_modeling.py:115: ConstantInputWarning: An input array is constant; the correlation coefficient is not defined.
  sc = spearmanr(y[tr][iva], pred).correlation
/workspace_developability_acquisition/gate_b2/scripts/04_modeling.py:115: ConstantInputWarning: An input array is constant; the correlation coefficient is not defined.
  sc = spearmanr(y[tr][iva], pred).correlation
/workspace_developability_acquisition/gate_b2/scripts/04_modeling.py:115: ConstantInputWarning: An input array is constant; the correlation coefficient is not defined.
  sc = spearmanr(y[tr][iva], pred).correlation
/workspace_developability_acquisition/gate_b2/scripts/04_modeling.py:115: ConstantInputWarning: An input array is constant; the correlation coefficient is not defined.
  sc = spearmanr(y[tr][iva], pred).correlation
/workspace_developability_acquisition/gate_b2/scripts/04_modeling.py:115: ConstantInputWarning: An input array is constant; the correlation coefficient is not defined.
  sc = spearmanr(y[tr][iva], pred).correlation
/workspace_developability_acquisition/gate_b2/scripts/04_modeling.py:115: ConstantInputWarning: An input array is constant; the correlation coefficient is not defined.
  sc = spearmanr(y[tr][iva], pred).correlation
/workspace_developability_acquisition/gate_b2/scripts/04_modeling.py:115: ConstantInputWarning: An input array is constant; the correlation coefficient is not defined.
  sc = spearmanr(y[tr][iva], pred).correlation
/workspace_developability_acquisition/gate_b2/scripts/04_modeling.py:115: ConstantInputWarning: An input array is constant; the correlation coefficient is not defined.
  sc = spearmanr(y[tr][iva], pred).correlation
/workspace_developability_acquisition/gate_b2/scripts/04_modeling.py:115: ConstantInputWarning: An input array is constant; the correlation coefficient is not defined.
  sc = spearmanr(y[tr][iva], pred).correlation
/workspace_developability_acquisition/gate_b2/scripts/04_modeling.py:115: ConstantInputWarning: An input array is constant; the correlation coefficient is not defined.
  sc = spearmanr(y[tr][iva], pred).correlation
RUN shadow_4 HIC ESMF_NATIVE_PATCH Ridge d=7
RUN shadow_4 HIC ESMF_NATIVE_PATCH ElasticNet d=7
/workspace_developability_acquisition/gate_b2/scripts/04_modeling.py:115: ConstantInputWarning: An input array is constant; the correlation coefficient is not defined.
  sc = spearmanr(y[tr][iva], pred).correlation
/workspace_developability_acquisition/gate_b2/scripts/04_modeling.py:115: ConstantInputWarning: An input array is constant; the correlation coefficient is not defined.
  sc = spearmanr(y[tr][iva], pred).correlation
/workspace_developability_acquisition/gate_b2/scripts/04_modeling.py:115: ConstantInputWarning: An input array is constant; the correlation coefficient is not defined.
  sc = spearmanr(y[tr][iva], pred).correlation
/workspace_developability_acquisition/gate_b2/scripts/04_modeling.py:115: ConstantInputWarning: An input array is constant; the correlation coefficient is not defined.
  sc = spearmanr(y[tr][iva], pred).correlation
/workspace_developability_acquisition/gate_b2/scripts/04_modeling.py:115: ConstantInputWarning: An input array is constant; the correlation coefficient is not defined.
  sc = spearmanr(y[tr][iva], pred).correlation
/workspace_developability_acquisition/gate_b2/scripts/04_modeling.py:115: ConstantInputWarning: An input array is constant; the correlation coefficient is not defined.
  sc = spearmanr(y[tr][iva], pred).correlation
/workspace_developability_acquisition/gate_b2/scripts/04_modeling.py:115: ConstantInputWarning: An input array is constant; the correlation coefficient is not defined.
  sc = spearmanr(y[tr][iva], pred).correlation
/workspace_developability_acquisition/gate_b2/scripts/04_modeling.py:115: ConstantInputWarning: An input array is constant; the correlation coefficient is not defined.
  sc = spearmanr(y[tr][iva], pred).correlation
/workspace_developability_acquisition/gate_b2/scripts/04_modeling.py:115: ConstantInputWarning: An input array is constant; the correlation coefficient is not defined.
  sc = spearmanr(y[tr][iva], pred).correlation
/workspace_developability_acquisition/gate_b2/scripts/04_modeling.py:115: ConstantInputWarning: An input array is constant; the correlation coefficient is not defined.
  sc = spearmanr(y[tr][iva], pred).correlation
/workspace_developability_acquisition/gate_b2/scripts/04_modeling.py:115: ConstantInputWarning: An input array is constant; the correlation coefficient is not defined.
  sc = spearmanr(y[tr][iva], pred).correlation
/workspace_developability_acquisition/gate_b2/scripts/04_modeling.py:115: ConstantInputWarning: An input array is constant; the correlation coefficient is not defined.
  sc = spearmanr(y[tr][iva], pred).correlation
/workspace_developability_acquisition/gate_b2/scripts/04_modeling.py:115: ConstantInputWarning: An input array is constant; the correlation coefficient is not defined.
  sc = spearmanr(y[tr][iva], pred).correlation
/workspace_developability_acquisition/gate_b2/scripts/04_modeling.py:115: ConstantInputWarning: An input array is constant; the correlation coefficient is not defined.
  sc = spearmanr(y[tr][iva], pred).correlation
/workspace_developability_acquisition/gate_b2/scripts/04_modeling.py:115: ConstantInputWarning: An input array is constant; the correlation coefficient is not defined.
  sc = spearmanr(y[tr][iva], pred).correlation
/workspace_developability_acquisition/gate_b2/scripts/04_modeling.py:115: ConstantInputWarning: An input array is constant; the correlation coefficient is not defined.
  sc = spearmanr(y[tr][iva], pred).correlation
/workspace_developability_acquisition/gate_b2/scripts/04_modeling.py:115: ConstantInputWarning: An input array is constant; the correlation coefficient is not defined.
  sc = spearmanr(y[tr][iva], pred).correlation
/workspace_developability_acquisition/gate_b2/scripts/04_modeling.py:115: ConstantInputWarning: An input array is constant; the correlation coefficient is not defined.
  sc = spearmanr(y[tr][iva], pred).correlation
/workspace_developability_acquisition/gate_b2/scripts/04_modeling.py:115: ConstantInputWarning: An input array is constant; the correlation coefficient is not defined.
  sc = spearmanr(y[tr][iva], pred).correlation
/workspace_developability_acquisition/gate_b2/scripts/04_modeling.py:115: ConstantInputWarning: An input array is constant; the correlation coefficient is not defined.
  sc = spearmanr(y[tr][iva], pred).correlation
/workspace_developability_acquisition/gate_b2/scripts/04_modeling.py:115: ConstantInputWarning: An input array is constant; the correlation coefficient is not defined.
  sc = spearmanr(y[tr][iva], pred).correlation
/workspace_developability_acquisition/gate_b2/scripts/04_modeling.py:115: ConstantInputWarning: An input array is constant; the correlation coefficient is not defined.
  sc = spearmanr(y[tr][iva], pred).correlation
/workspace_developability_acquisition/gate_b2/scripts/04_modeling.py:115: ConstantInputWarning: An input array is constant; the correlation coefficient is not defined.
  sc = spearmanr(y[tr][iva], pred).correlation
/workspace_developability_acquisition/gate_b2/scripts/04_modeling.py:115: ConstantInputWarning: An input array is constant; the correlation coefficient is not defined.
  sc = spearmanr(y[tr][iva], pred).correlation
/workspace_developability_acquisition/gate_b2/scripts/04_modeling.py:115: ConstantInputWarning: An input array is constant; the correlation coefficient is not defined.
  sc = spearmanr(y[tr][iva], pred).correlation
/workspace_developability_acquisition/gate_b2/scripts/04_modeling.py:115: ConstantInputWarning: An input array is constant; the correlation coefficient is not defined.
  sc = spearmanr(y[tr][iva], pred).correlation
/workspace_developability_acquisition/gate_b2/scripts/04_modeling.py:115: ConstantInputWarning: An input array is constant; the correlation coefficient is not defined.
  sc = spearmanr(y[tr][iva], pred).correlation
/workspace_developability_acquisition/gate_b2/scripts/04_modeling.py:115: ConstantInputWarning: An input array is constant; the correlation coefficient is not defined.
  sc = spearmanr(y[tr][iva], pred).correlation
/workspace_developability_acquisition/gate_b2/scripts/04_modeling.py:115: ConstantInputWarning: An input array is constant; the correlation coefficient is not defined.
  sc = spearmanr(y[tr][iva], pred).correlation
/workspace_developability_acquisition/gate_b2/scripts/04_modeling.py:115: ConstantInputWarning: An input array is constant; the correlation coefficient is not defined.
  sc = spearmanr(y[tr][iva], pred).correlation
/workspace_developability_acquisition/gate_b2/scripts/04_modeling.py:115: ConstantInputWarning: An input array is constant; the correlation coefficient is not defined.
  sc = spearmanr(y[tr][iva], pred).correlation
/workspace_developability_acquisition/gate_b2/scripts/04_modeling.py:115: ConstantInputWarning: An input array is constant; the correlation coefficient is not defined.
  sc = spearmanr(y[tr][iva], pred).correlation
/workspace_developability_acquisition/gate_b2/scripts/04_modeling.py:115: ConstantInputWarning: An input array is constant; the correlation coefficient is not defined.
  sc = spearmanr(y[tr][iva], pred).correlation
/workspace_developability_acquisition/gate_b2/scripts/04_modeling.py:115: ConstantInputWarning: An input array is constant; the correlation coefficient is not defined.
  sc = spearmanr(y[tr][iva], pred).correlation
/workspace_developability_acquisition/gate_b2/scripts/04_modeling.py:115: ConstantInputWarning: An input array is constant; the correlation coefficient is not defined.
  sc = spearmanr(y[tr][iva], pred).correlation
/workspace_developability_acquisition/gate_b2/scripts/04_modeling.py:115: ConstantInputWarning: An input array is constant; the correlation coefficient is not defined.
  sc = spearmanr(y[tr][iva], pred).correlation
/workspace_developability_acquisition/gate_b2/scripts/04_modeling.py:115: ConstantInputWarning: An input array is constant; the correlation coefficient is not defined.
  sc = spearmanr(y[tr][iva], pred).correlation
/workspace_developability_acquisition/gate_b2/scripts/04_modeling.py:115: ConstantInputWarning: An input array is constant; the correlation coefficient is not defined.
  sc = spearmanr(y[tr][iva], pred).correlation
RUN shadow_4 HIC ESMF_NATIVE_INTERFACE Ridge d=8
RUN shadow_4 HIC ESMF_NATIVE_INTERFACE ElasticNet d=8
/workspace_developability_acquisition/gate_b2/scripts/04_modeling.py:115: ConstantInputWarning: An input array is constant; the correlation coefficient is not defined.
  sc = spearmanr(y[tr][iva], pred).correlation
/workspace_developability_acquisition/gate_b2/scripts/04_modeling.py:115: ConstantInputWarning: An input array is constant; the correlation coefficient is not defined.
  sc = spearmanr(y[tr][iva], pred).correlation
/workspace_developability_acquisition/gate_b2/scripts/04_modeling.py:115: ConstantInputWarning: An input array is constant; the correlation coefficient is not defined.
  sc = spearmanr(y[tr][iva], pred).correlation
/workspace_developability_acquisition/gate_b2/scripts/04_modeling.py:115: ConstantInputWarning: An input array is constant; the correlation coefficient is not defined.
  sc = spearmanr(y[tr][iva], pred).correlation
/workspace_developability_acquisition/gate_b2/scripts/04_modeling.py:115: ConstantInputWarning: An input array is constant; the correlation coefficient is not defined.
  sc = spearmanr(y[tr][iva], pred).correlation
/workspace_developability_acquisition/gate_b2/scripts/04_modeling.py:115: ConstantInputWarning: An input array is constant; the correlation coefficient is not defined.
  sc = spearmanr(y[tr][iva], pred).correlation
/workspace_developability_acquisition/gate_b2/scripts/04_modeling.py:115: ConstantInputWarning: An input array is constant; the correlation coefficient is not defined.
  sc = spearmanr(y[tr][iva], pred).correlation
/workspace_developability_acquisition/gate_b2/scripts/04_modeling.py:115: ConstantInputWarning: An input array is constant; the correlation coefficient is not defined.
  sc = spearmanr(y[tr][iva], pred).correlation
/workspace_developability_acquisition/gate_b2/scripts/04_modeling.py:115: ConstantInputWarning: An input array is constant; the correlation coefficient is not defined.
  sc = spearmanr(y[tr][iva], pred).correlation
/workspace_developability_acquisition/gate_b2/scripts/04_modeling.py:115: ConstantInputWarning: An input array is constant; the correlation coefficient is not defined.
  sc = spearmanr(y[tr][iva], pred).correlation
/workspace_developability_acquisition/gate_b2/scripts/04_modeling.py:115: ConstantInputWarning: An input array is constant; the correlation coefficient is not defined.
  sc = spearmanr(y[tr][iva], pred).correlation
/workspace_developability_acquisition/gate_b2/scripts/04_modeling.py:115: ConstantInputWarning: An input array is constant; the correlation coefficient is not defined.
  sc = spearmanr(y[tr][iva], pred).correlation
/workspace_developability_acquisition/gate_b2/scripts/04_modeling.py:115: ConstantInputWarning: An input array is constant; the correlation coefficient is not defined.
  sc = spearmanr(y[tr][iva], pred).correlation
/workspace_developability_acquisition/gate_b2/scripts/04_modeling.py:115: ConstantInputWarning: An input array is constant; the correlation coefficient is not defined.
  sc = spearmanr(y[tr][iva], pred).correlation
/workspace_developability_acquisition/gate_b2/scripts/04_modeling.py:115: ConstantInputWarning: An input array is constant; the correlation coefficient is not defined.
  sc = spearmanr(y[tr][iva], pred).correlation
/workspace_developability_acquisition/gate_b2/scripts/04_modeling.py:115: ConstantInputWarning: An input array is constant; the correlation coefficient is not defined.
  sc = spearmanr(y[tr][iva], pred).correlation
/workspace_developability_acquisition/gate_b2/scripts/04_modeling.py:115: ConstantInputWarning: An input array is constant; the correlation coefficient is not defined.
  sc = spearmanr(y[tr][iva], pred).correlation
/workspace_developability_acquisition/gate_b2/scripts/04_modeling.py:115: ConstantInputWarning: An input array is constant; the correlation coefficient is not defined.
  sc = spearmanr(y[tr][iva], pred).correlation
/workspace_developability_acquisition/gate_b2/scripts/04_modeling.py:115: ConstantInputWarning: An input array is constant; the correlation coefficient is not defined.
  sc = spearmanr(y[tr][iva], pred).correlation
/workspace_developability_acquisition/gate_b2/scripts/04_modeling.py:115: ConstantInputWarning: An input array is constant; the correlation coefficient is not defined.
  sc = spearmanr(y[tr][iva], pred).correlation
/workspace_developability_acquisition/gate_b2/scripts/04_modeling.py:115: ConstantInputWarning: An input array is constant; the correlation coefficient is not defined.
  sc = spearmanr(y[tr][iva], pred).correlation
/workspace_developability_acquisition/gate_b2/scripts/04_modeling.py:115: ConstantInputWarning: An input array is constant; the correlation coefficient is not defined.
  sc = spearmanr(y[tr][iva], pred).correlation
/workspace_developability_acquisition/gate_b2/scripts/04_modeling.py:115: ConstantInputWarning: An input array is constant; the correlation coefficient is not defined.
  sc = spearmanr(y[tr][iva], pred).correlation
/workspace_developability_acquisition/gate_b2/scripts/04_modeling.py:115: ConstantInputWarning: An input array is constant; the correlation coefficient is not defined.
  sc = spearmanr(y[tr][iva], pred).correlation
/workspace_developability_acquisition/gate_b2/scripts/04_modeling.py:115: ConstantInputWarning: An input array is constant; the correlation coefficient is not defined.
  sc = spearmanr(y[tr][iva], pred).correlation
/workspace_developability_acquisition/gate_b2/scripts/04_modeling.py:115: ConstantInputWarning: An input array is constant; the correlation coefficient is not defined.
  sc = spearmanr(y[tr][iva], pred).correlation
/workspace_developability_acquisition/gate_b2/scripts/04_modeling.py:115: ConstantInputWarning: An input array is constant; the correlation coefficient is not defined.
  sc = spearmanr(y[tr][iva], pred).correlation
/workspace_developability_acquisition/gate_b2/scripts/04_modeling.py:115: ConstantInputWarning: An input array is constant; the correlation coefficient is not defined.
  sc = spearmanr(y[tr][iva], pred).correlation
/workspace_developability_acquisition/gate_b2/scripts/04_modeling.py:115: ConstantInputWarning: An input array is constant; the correlation coefficient is not defined.
  sc = spearmanr(y[tr][iva], pred).correlation
/workspace_developability_acquisition/gate_b2/scripts/04_modeling.py:115: ConstantInputWarning: An input array is constant; the correlation coefficient is not defined.
  sc = spearmanr(y[tr][iva], pred).correlation
RUN shadow_4 HIC ESMF_NATIVE_ALL Ridge d=189
RUN shadow_4 HIC ESMF_NATIVE_ALL ElasticNet d=189
/workspace_developability_acquisition/gate_b2/scripts/04_modeling.py:115: ConstantInputWarning: An input array is constant; the correlation coefficient is not defined.
  sc = spearmanr(y[tr][iva], pred).correlation
/workspace_developability_acquisition/gate_b2/scripts/04_modeling.py:115: ConstantInputWarning: An input array is constant; the correlation coefficient is not defined.
  sc = spearmanr(y[tr][iva], pred).correlation
/workspace_developability_acquisition/gate_b2/scripts/04_modeling.py:115: ConstantInputWarning: An input array is constant; the correlation coefficient is not defined.
  sc = spearmanr(y[tr][iva], pred).correlation
/workspace_developability_acquisition/gate_b2/scripts/04_modeling.py:115: ConstantInputWarning: An input array is constant; the correlation coefficient is not defined.
  sc = spearmanr(y[tr][iva], pred).correlation
/workspace_developability_acquisition/gate_b2/scripts/04_modeling.py:115: ConstantInputWarning: An input array is constant; the correlation coefficient is not defined.
  sc = spearmanr(y[tr][iva], pred).correlation
/workspace_developability_acquisition/gate_b2/scripts/04_modeling.py:115: ConstantInputWarning: An input array is constant; the correlation coefficient is not defined.
  sc = spearmanr(y[tr][iva], pred).correlation
/workspace_developability_acquisition/gate_b2/scripts/04_modeling.py:115: ConstantInputWarning: An input array is constant; the correlation coefficient is not defined.
  sc = spearmanr(y[tr][iva], pred).correlation
/workspace_developability_acquisition/gate_b2/scripts/04_modeling.py:115: ConstantInputWarning: An input array is constant; the correlation coefficient is not defined.
  sc = spearmanr(y[tr][iva], pred).correlation
/workspace_developability_acquisition/gate_b2/scripts/04_modeling.py:115: ConstantInputWarning: An input array is constant; the correlation coefficient is not defined.
  sc = spearmanr(y[tr][iva], pred).correlation
/workspace_developability_acquisition/gate_b2/scripts/04_modeling.py:115: ConstantInputWarning: An input array is constant; the correlation coefficient is not defined.
  sc = spearmanr(y[tr][iva], pred).correlation
/workspace_developability_acquisition/gate_b2/scripts/04_modeling.py:115: ConstantInputWarning: An input array is constant; the correlation coefficient is not defined.
  sc = spearmanr(y[tr][iva], pred).correlation
/workspace_developability_acquisition/gate_b2/scripts/04_modeling.py:115: ConstantInputWarning: An input array is constant; the correlation coefficient is not defined.
  sc = spearmanr(y[tr][iva], pred).correlation
/workspace_developability_acquisition/gate_b2/scripts/04_modeling.py:115: ConstantInputWarning: An input array is constant; the correlation coefficient is not defined.
  sc = spearmanr(y[tr][iva], pred).correlation
/workspace_developability_acquisition/gate_b2/scripts/04_modeling.py:115: ConstantInputWarning: An input array is constant; the correlation coefficient is not defined.
  sc = spearmanr(y[tr][iva], pred).correlation
/workspace_developability_acquisition/gate_b2/scripts/04_modeling.py:115: ConstantInputWarning: An input array is constant; the correlation coefficient is not defined.
  sc = spearmanr(y[tr][iva], pred).correlation
/workspace_developability_acquisition/gate_b2/scripts/04_modeling.py:115: ConstantInputWarning: An input array is constant; the correlation coefficient is not defined.
  sc = spearmanr(y[tr][iva], pred).correlation
/workspace_developability_acquisition/gate_b2/scripts/04_modeling.py:115: ConstantInputWarning: An input array is constant; the correlation coefficient is not defined.
  sc = spearmanr(y[tr][iva], pred).correlation
/workspace_developability_acquisition/gate_b2/scripts/04_modeling.py:115: ConstantInputWarning: An input array is constant; the correlation coefficient is not defined.
  sc = spearmanr(y[tr][iva], pred).correlation
/workspace_developability_acquisition/gate_b2/scripts/04_modeling.py:115: ConstantInputWarning: An input array is constant; the correlation coefficient is not defined.
  sc = spearmanr(y[tr][iva], pred).correlation
/workspace_developability_acquisition/gate_b2/scripts/04_modeling.py:115: ConstantInputWarning: An input array is constant; the correlation coefficient is not defined.
  sc = spearmanr(y[tr][iva], pred).correlation
/workspace_developability_acquisition/gate_b2/scripts/04_modeling.py:115: ConstantInputWarning: An input array is constant; the correlation coefficient is not defined.
  sc = spearmanr(y[tr][iva], pred).correlation
/workspace_developability_acquisition/gate_b2/scripts/04_modeling.py:115: ConstantInputWarning: An input array is constant; the correlation coefficient is not defined.
  sc = spearmanr(y[tr][iva], pred).correlation
/workspace_developability_acquisition/gate_b2/scripts/04_modeling.py:115: ConstantInputWarning: An input array is constant; the correlation coefficient is not defined.
  sc = spearmanr(y[tr][iva], pred).correlation
/workspace_developability_acquisition/gate_b2/scripts/04_modeling.py:115: ConstantInputWarning: An input array is constant; the correlation coefficient is not defined.
  sc = spearmanr(y[tr][iva], pred).correlation
FUSION shadow_4 HIC FUSION_ESM2_SEQ Ridge
FUSION shadow_4 HIC FUSION_ESM2_ABB Ridge
FUSION shadow_4 HIC FUSION_ESM2_ESMFN Ridge
CHECKPOINT HIC shadow_4 n=258
RUN shadow_5 HIC SEQ_SIMPLE Ridge d=99
RUN shadow_5 HIC SEQ_SIMPLE ElasticNet d=99
/workspace_developability_acquisition/gate_b2/scripts/04_modeling.py:115: ConstantInputWarning: An input array is constant; the correlation coefficient is not defined.
  sc = spearmanr(y[tr][iva], pred).correlation
/workspace_developability_acquisition/gate_b2/scripts/04_modeling.py:115: ConstantInputWarning: An input array is constant; the correlation coefficient is not defined.
  sc = spearmanr(y[tr][iva], pred).correlation
/workspace_developability_acquisition/gate_b2/scripts/04_modeling.py:115: ConstantInputWarning: An input array is constant; the correlation coefficient is not defined.
  sc = spearmanr(y[tr][iva], pred).correlation
/workspace_developability_acquisition/gate_b2/scripts/04_modeling.py:115: ConstantInputWarning: An input array is constant; the correlation coefficient is not defined.
  sc = spearmanr(y[tr][iva], pred).correlation
/workspace_developability_acquisition/gate_b2/scripts/04_modeling.py:115: ConstantInputWarning: An input array is constant; the correlation coefficient is not defined.
  sc = spearmanr(y[tr][iva], pred).correlation
/workspace_developability_acquisition/gate_b2/scripts/04_modeling.py:115: ConstantInputWarning: An input array is constant; the correlation coefficient is not defined.
  sc = spearmanr(y[tr][iva], pred).correlation
/workspace_developability_acquisition/gate_b2/scripts/04_modeling.py:115: ConstantInputWarning: An input array is constant; the correlation coefficient is not defined.
  sc = spearmanr(y[tr][iva], pred).correlation
/workspace_developability_acquisition/gate_b2/scripts/04_modeling.py:115: ConstantInputWarning: An input array is constant; the correlation coefficient is not defined.
  sc = spearmanr(y[tr][iva], pred).correlation
/workspace_developability_acquisition/gate_b2/scripts/04_modeling.py:115: ConstantInputWarning: An input array is constant; the correlation coefficient is not defined.
  sc = spearmanr(y[tr][iva], pred).correlation
/workspace_developability_acquisition/gate_b2/scripts/04_modeling.py:115: ConstantInputWarning: An input array is constant; the correlation coefficient is not defined.
  sc = spearmanr(y[tr][iva], pred).correlation
/workspace_developability_acquisition/gate_b2/scripts/04_modeling.py:115: ConstantInputWarning: An input array is constant; the correlation coefficient is not defined.
  sc = spearmanr(y[tr][iva], pred).correlation
/workspace_developability_acquisition/gate_b2/scripts/04_modeling.py:115: ConstantInputWarning: An input array is constant; the correlation coefficient is not defined.
  sc = spearmanr(y[tr][iva], pred).correlation
/workspace_developability_acquisition/gate_b2/scripts/04_modeling.py:115: ConstantInputWarning: An input array is constant; the correlation coefficient is not defined.
  sc = spearmanr(y[tr][iva], pred).correlation
/workspace_developability_acquisition/gate_b2/scripts/04_modeling.py:115: ConstantInputWarning: An input array is constant; the correlation coefficient is not defined.
  sc = spearmanr(y[tr][iva], pred).correlation
/workspace_developability_acquisition/gate_b2/scripts/04_modeling.py:115: ConstantInputWarning: An input array is constant; the correlation coefficient is not defined.
  sc = spearmanr(y[tr][iva], pred).correlation
/workspace_developability_acquisition/gate_b2/scripts/04_modeling.py:115: ConstantInputWarning: An input array is constant; the correlation coefficient is not defined.
  sc = spearmanr(y[tr][iva], pred).correlation
/workspace_developability_acquisition/gate_b2/scripts/04_modeling.py:115: ConstantInputWarning: An input array is constant; the correlation coefficient is not defined.
  sc = spearmanr(y[tr][iva], pred).correlation
/workspace_developability_acquisition/gate_b2/scripts/04_modeling.py:115: ConstantInputWarning: An input array is constant; the correlation coefficient is not defined.
  sc = spearmanr(y[tr][iva], pred).correlation
/workspace_developability_acquisition/gate_b2/scripts/04_modeling.py:115: ConstantInputWarning: An input array is constant; the correlation coefficient is not defined.
  sc = spearmanr(y[tr][iva], pred).correlation
/workspace_developability_acquisition/gate_b2/scripts/04_modeling.py:115: ConstantInputWarning: An input array is constant; the correlation coefficient is not defined.
  sc = spearmanr(y[tr][iva], pred).correlation
/workspace_developability_acquisition/gate_b2/scripts/04_modeling.py:115: ConstantInputWarning: An input array is constant; the correlation coefficient is not defined.
  sc = spearmanr(y[tr][iva], pred).correlation
/workspace_developability_acquisition/gate_b2/scripts/04_modeling.py:115: ConstantInputWarning: An input array is constant; the correlation coefficient is not defined.
  sc = spearmanr(y[tr][iva], pred).correlation
/workspace_developability_acquisition/gate_b2/scripts/04_modeling.py:115: ConstantInputWarning: An input array is constant; the correlation coefficient is not defined.
  sc = spearmanr(y[tr][iva], pred).correlation
/workspace_developability_acquisition/gate_b2/scripts/04_modeling.py:115: ConstantInputWarning: An input array is constant; the correlation coefficient is not defined.
  sc = spearmanr(y[tr][iva], pred).correlation
/workspace_developability_acquisition/gate_b2/scripts/04_modeling.py:115: ConstantInputWarning: An input array is constant; the correlation coefficient is not defined.
  sc = spearmanr(y[tr][iva], pred).correlation
/workspace_developability_acquisition/gate_b2/scripts/04_modeling.py:115: ConstantInputWarning: An input array is constant; the correlation coefficient is not defined.
  sc = spearmanr(y[tr][iva], pred).correlation
/workspace_developability_acquisition/gate_b2/scripts/04_modeling.py:115: ConstantInputWarning: An input array is constant; the correlation coefficient is not defined.
  sc = spearmanr(y[tr][iva], pred).correlation
/workspace_developability_acquisition/gate_b2/scripts/04_modeling.py:115: ConstantInputWarning: An input array is constant; the correlation coefficient is not defined.
  sc = spearmanr(y[tr][iva], pred).correlation
/workspace_developability_acquisition/gate_b2/scripts/04_modeling.py:115: ConstantInputWarning: An input array is constant; the correlation coefficient is not defined.
  sc = spearmanr(y[tr][iva], pred).correlation
/workspace_developability_acquisition/gate_b2/scripts/04_modeling.py:115: ConstantInputWarning: An input array is constant; the correlation coefficient is not defined.
  sc = spearmanr(y[tr][iva], pred).correlation
RUN shadow_5 HIC SEQ_CDR Ridge d=260
RUN shadow_5 HIC BIO_SHORTCUT Ridge
RUN shadow_5 HIC BIO_SHORTCUT ElasticNet
/workspace_developability_acquisition/gate_b2/scripts/04_modeling.py:115: ConstantInputWarning: An input array is constant; the correlation coefficient is not defined.
  sc = spearmanr(y[tr][iva], pred).correlation
/workspace_developability_acquisition/gate_b2/scripts/04_modeling.py:115: ConstantInputWarning: An input array is constant; the correlation coefficient is not defined.
  sc = spearmanr(y[tr][iva], pred).correlation
/workspace_developability_acquisition/gate_b2/scripts/04_modeling.py:115: ConstantInputWarning: An input array is constant; the correlation coefficient is not defined.
  sc = spearmanr(y[tr][iva], pred).correlation
/workspace_developability_acquisition/gate_b2/scripts/04_modeling.py:115: ConstantInputWarning: An input array is constant; the correlation coefficient is not defined.
  sc = spearmanr(y[tr][iva], pred).correlation
/workspace_developability_acquisition/gate_b2/scripts/04_modeling.py:115: ConstantInputWarning: An input array is constant; the correlation coefficient is not defined.
  sc = spearmanr(y[tr][iva], pred).correlation
/workspace_developability_acquisition/gate_b2/scripts/04_modeling.py:115: ConstantInputWarning: An input array is constant; the correlation coefficient is not defined.
  sc = spearmanr(y[tr][iva], pred).correlation
/workspace_developability_acquisition/gate_b2/scripts/04_modeling.py:115: ConstantInputWarning: An input array is constant; the correlation coefficient is not defined.
  sc = spearmanr(y[tr][iva], pred).correlation
/workspace_developability_acquisition/gate_b2/scripts/04_modeling.py:115: ConstantInputWarning: An input array is constant; the correlation coefficient is not defined.
  sc = spearmanr(y[tr][iva], pred).correlation
/workspace_developability_acquisition/gate_b2/scripts/04_modeling.py:115: ConstantInputWarning: An input array is constant; the correlation coefficient is not defined.
  sc = spearmanr(y[tr][iva], pred).correlation
/workspace_developability_acquisition/gate_b2/scripts/04_modeling.py:115: ConstantInputWarning: An input array is constant; the correlation coefficient is not defined.
  sc = spearmanr(y[tr][iva], pred).correlation
/workspace_developability_acquisition/gate_b2/scripts/04_modeling.py:115: ConstantInputWarning: An input array is constant; the correlation coefficient is not defined.
  sc = spearmanr(y[tr][iva], pred).correlation
/workspace_developability_acquisition/gate_b2/scripts/04_modeling.py:115: ConstantInputWarning: An input array is constant; the correlation coefficient is not defined.
  sc = spearmanr(y[tr][iva], pred).correlation
/workspace_developability_acquisition/gate_b2/scripts/04_modeling.py:115: ConstantInputWarning: An input array is constant; the correlation coefficient is not defined.
  sc = spearmanr(y[tr][iva], pred).correlation
/workspace_developability_acquisition/gate_b2/scripts/04_modeling.py:115: ConstantInputWarning: An input array is constant; the correlation coefficient is not defined.
  sc = spearmanr(y[tr][iva], pred).correlation
/workspace_developability_acquisition/gate_b2/scripts/04_modeling.py:115: ConstantInputWarning: An input array is constant; the correlation coefficient is not defined.
  sc = spearmanr(y[tr][iva], pred).correlation
/workspace_developability_acquisition/gate_b2/scripts/04_modeling.py:115: ConstantInputWarning: An input array is constant; the correlation coefficient is not defined.
  sc = spearmanr(y[tr][iva], pred).correlation
/workspace_developability_acquisition/gate_b2/scripts/04_modeling.py:115: ConstantInputWarning: An input array is constant; the correlation coefficient is not defined.
  sc = spearmanr(y[tr][iva], pred).correlation
/workspace_developability_acquisition/gate_b2/scripts/04_modeling.py:115: ConstantInputWarning: An input array is constant; the correlation coefficient is not defined.
  sc = spearmanr(y[tr][iva], pred).correlation
/workspace_developability_acquisition/gate_b2/scripts/04_modeling.py:115: ConstantInputWarning: An input array is constant; the correlation coefficient is not defined.
  sc = spearmanr(y[tr][iva], pred).correlation
/workspace_developability_acquisition/gate_b2/scripts/04_modeling.py:115: ConstantInputWarning: An input array is constant; the correlation coefficient is not defined.
  sc = spearmanr(y[tr][iva], pred).correlation
/workspace_developability_acquisition/gate_b2/scripts/04_modeling.py:115: ConstantInputWarning: An input array is constant; the correlation coefficient is not defined.
  sc = spearmanr(y[tr][iva], pred).correlation
/workspace_developability_acquisition/gate_b2/scripts/04_modeling.py:115: ConstantInputWarning: An input array is constant; the correlation coefficient is not defined.
  sc = spearmanr(y[tr][iva], pred).correlation
/workspace_developability_acquisition/gate_b2/scripts/04_modeling.py:115: ConstantInputWarning: An input array is constant; the correlation coefficient is not defined.
  sc = spearmanr(y[tr][iva], pred).correlation
/workspace_developability_acquisition/gate_b2/scripts/04_modeling.py:115: ConstantInputWarning: An input array is constant; the correlation coefficient is not defined.
  sc = spearmanr(y[tr][iva], pred).correlation
/workspace_developability_acquisition/gate_b2/scripts/04_modeling.py:115: ConstantInputWarning: An input array is constant; the correlation coefficient is not defined.
  sc = spearmanr(y[tr][iva], pred).correlation
/workspace_developability_acquisition/gate_b2/scripts/04_modeling.py:115: ConstantInputWarning: An input array is constant; the correlation coefficient is not defined.
  sc = spearmanr(y[tr][iva], pred).correlation
/workspace_developability_acquisition/gate_b2/scripts/04_modeling.py:115: ConstantInputWarning: An input array is constant; the correlation coefficient is not defined.
  sc = spearmanr(y[tr][iva], pred).correlation
/workspace_developability_acquisition/gate_b2/scripts/04_modeling.py:115: ConstantInputWarning: An input array is constant; the correlation coefficient is not defined.
  sc = spearmanr(y[tr][iva], pred).correlation
/workspace_developability_acquisition/gate_b2/scripts/04_modeling.py:115: ConstantInputWarning: An input array is constant; the correlation coefficient is not defined.
  sc = spearmanr(y[tr][iva], pred).correlation
/workspace_developability_acquisition/gate_b2/scripts/04_modeling.py:115: ConstantInputWarning: An input array is constant; the correlation coefficient is not defined.
  sc = spearmanr(y[tr][iva], pred).correlation
/workspace_developability_acquisition/gate_b2/scripts/04_modeling.py:115: ConstantInputWarning: An input array is constant; the correlation coefficient is not defined.
  sc = spearmanr(y[tr][iva], pred).correlation
/workspace_developability_acquisition/gate_b2/scripts/04_modeling.py:115: ConstantInputWarning: An input array is constant; the correlation coefficient is not defined.
  sc = spearmanr(y[tr][iva], pred).correlation
/workspace_developability_acquisition/gate_b2/scripts/04_modeling.py:115: ConstantInputWarning: An input array is constant; the correlation coefficient is not defined.
  sc = spearmanr(y[tr][iva], pred).correlation
RUN shadow_5 HIC PLM_ABLANG2 Ridge d=480
RUN shadow_5 HIC PLM_ESM1B Ridge d=2560
RUN shadow_5 HIC PLM_ESM2 Ridge d=2560
RUN shadow_5 HIC PLM_ESM2_CDR6 Ridge d=7680
RUN shadow_5 HIC ABB_SASA Ridge d=79
RUN shadow_5 HIC ABB_SASA ElasticNet d=79
/workspace_developability_acquisition/gate_b2/scripts/04_modeling.py:115: ConstantInputWarning: An input array is constant; the correlation coefficient is not defined.
  sc = spearmanr(y[tr][iva], pred).correlation
/workspace_developability_acquisition/gate_b2/scripts/04_modeling.py:115: ConstantInputWarning: An input array is constant; the correlation coefficient is not defined.
  sc = spearmanr(y[tr][iva], pred).correlation
/workspace_developability_acquisition/gate_b2/scripts/04_modeling.py:115: ConstantInputWarning: An input array is constant; the correlation coefficient is not defined.
  sc = spearmanr(y[tr][iva], pred).correlation
/workspace_developability_acquisition/gate_b2/scripts/04_modeling.py:115: ConstantInputWarning: An input array is constant; the correlation coefficient is not defined.
  sc = spearmanr(y[tr][iva], pred).correlation
/workspace_developability_acquisition/gate_b2/scripts/04_modeling.py:115: ConstantInputWarning: An input array is constant; the correlation coefficient is not defined.
  sc = spearmanr(y[tr][iva], pred).correlation
/workspace_developability_acquisition/gate_b2/scripts/04_modeling.py:115: ConstantInputWarning: An input array is constant; the correlation coefficient is not defined.
  sc = spearmanr(y[tr][iva], pred).correlation
/workspace_developability_acquisition/gate_b2/scripts/04_modeling.py:115: ConstantInputWarning: An input array is constant; the correlation coefficient is not defined.
  sc = spearmanr(y[tr][iva], pred).correlation
/workspace_developability_acquisition/gate_b2/scripts/04_modeling.py:115: ConstantInputWarning: An input array is constant; the correlation coefficient is not defined.
  sc = spearmanr(y[tr][iva], pred).correlation
/workspace_developability_acquisition/gate_b2/scripts/04_modeling.py:115: ConstantInputWarning: An input array is constant; the correlation coefficient is not defined.
  sc = spearmanr(y[tr][iva], pred).correlation
/workspace_developability_acquisition/gate_b2/scripts/04_modeling.py:115: ConstantInputWarning: An input array is constant; the correlation coefficient is not defined.
  sc = spearmanr(y[tr][iva], pred).correlation
/workspace_developability_acquisition/gate_b2/scripts/04_modeling.py:115: ConstantInputWarning: An input array is constant; the correlation coefficient is not defined.
  sc = spearmanr(y[tr][iva], pred).correlation
/workspace_developability_acquisition/gate_b2/scripts/04_modeling.py:115: ConstantInputWarning: An input array is constant; the correlation coefficient is not defined.
  sc = spearmanr(y[tr][iva], pred).correlation
/workspace_developability_acquisition/gate_b2/scripts/04_modeling.py:115: ConstantInputWarning: An input array is constant; the correlation coefficient is not defined.
  sc = spearmanr(y[tr][iva], pred).correlation
/workspace_developability_acquisition/gate_b2/scripts/04_modeling.py:115: ConstantInputWarning: An input array is constant; the correlation coefficient is not defined.
  sc = spearmanr(y[tr][iva], pred).correlation
/workspace_developability_acquisition/gate_b2/scripts/04_modeling.py:115: ConstantInputWarning: An input array is constant; the correlation coefficient is not defined.
  sc = spearmanr(y[tr][iva], pred).correlation
/workspace_developability_acquisition/gate_b2/scripts/04_modeling.py:115: ConstantInputWarning: An input array is constant; the correlation coefficient is not defined.
  sc = spearmanr(y[tr][iva], pred).correlation
/workspace_developability_acquisition/gate_b2/scripts/04_modeling.py:115: ConstantInputWarning: An input array is constant; the correlation coefficient is not defined.
  sc = spearmanr(y[tr][iva], pred).correlation
/workspace_developability_acquisition/gate_b2/scripts/04_modeling.py:115: ConstantInputWarning: An input array is constant; the correlation coefficient is not defined.
  sc = spearmanr(y[tr][iva], pred).correlation
/workspace_developability_acquisition/gate_b2/scripts/04_modeling.py:115: ConstantInputWarning: An input array is constant; the correlation coefficient is not defined.
  sc = spearmanr(y[tr][iva], pred).correlation
/workspace_developability_acquisition/gate_b2/scripts/04_modeling.py:115: ConstantInputWarning: An input array is constant; the correlation coefficient is not defined.
  sc = spearmanr(y[tr][iva], pred).correlation
/workspace_developability_acquisition/gate_b2/scripts/04_modeling.py:115: ConstantInputWarning: An input array is constant; the correlation coefficient is not defined.
  sc = spearmanr(y[tr][iva], pred).correlation
/workspace_developability_acquisition/gate_b2/scripts/04_modeling.py:115: ConstantInputWarning: An input array is constant; the correlation coefficient is not defined.
  sc = spearmanr(y[tr][iva], pred).correlation
/workspace_developability_acquisition/gate_b2/scripts/04_modeling.py:115: ConstantInputWarning: An input array is constant; the correlation coefficient is not defined.
  sc = spearmanr(y[tr][iva], pred).correlation
/workspace_developability_acquisition/gate_b2/scripts/04_modeling.py:115: ConstantInputWarning: An input array is constant; the correlation coefficient is not defined.
  sc = spearmanr(y[tr][iva], pred).correlation
/workspace_developability_acquisition/gate_b2/scripts/04_modeling.py:115: ConstantInputWarning: An input array is constant; the correlation coefficient is not defined.
  sc = spearmanr(y[tr][iva], pred).correlation
/workspace_developability_acquisition/gate_b2/scripts/04_modeling.py:115: ConstantInputWarning: An input array is constant; the correlation coefficient is not defined.
  sc = spearmanr(y[tr][iva], pred).correlation
/workspace_developability_acquisition/gate_b2/scripts/04_modeling.py:115: ConstantInputWarning: An input array is constant; the correlation coefficient is not defined.
  sc = spearmanr(y[tr][iva], pred).correlation
/workspace_developability_acquisition/gate_b2/scripts/04_modeling.py:115: ConstantInputWarning: An input array is constant; the correlation coefficient is not defined.
  sc = spearmanr(y[tr][iva], pred).correlation
/workspace_developability_acquisition/gate_b2/scripts/04_modeling.py:115: ConstantInputWarning: An input array is constant; the correlation coefficient is not defined.
  sc = spearmanr(y[tr][iva], pred).correlation
/workspace_developability_acquisition/gate_b2/scripts/04_modeling.py:115: ConstantInputWarning: An input array is constant; the correlation coefficient is not defined.
  sc = spearmanr(y[tr][iva], pred).correlation
RUN shadow_5 HIC ABB_SASA_RASA Ridge d=156
RUN shadow_5 HIC ABB_SASA_RASA ElasticNet d=156
/workspace_developability_acquisition/gate_b2/scripts/04_modeling.py:115: ConstantInputWarning: An input array is constant; the correlation coefficient is not defined.
  sc = spearmanr(y[tr][iva], pred).correlation
/workspace_developability_acquisition/gate_b2/scripts/04_modeling.py:115: ConstantInputWarning: An input array is constant; the correlation coefficient is not defined.
  sc = spearmanr(y[tr][iva], pred).correlation
/workspace_developability_acquisition/gate_b2/scripts/04_modeling.py:115: ConstantInputWarning: An input array is constant; the correlation coefficient is not defined.
  sc = spearmanr(y[tr][iva], pred).correlation
/workspace_developability_acquisition/gate_b2/scripts/04_modeling.py:115: ConstantInputWarning: An input array is constant; the correlation coefficient is not defined.
  sc = spearmanr(y[tr][iva], pred).correlation
/workspace_developability_acquisition/gate_b2/scripts/04_modeling.py:115: ConstantInputWarning: An input array is constant; the correlation coefficient is not defined.
  sc = spearmanr(y[tr][iva], pred).correlation
/workspace_developability_acquisition/gate_b2/scripts/04_modeling.py:115: ConstantInputWarning: An input array is constant; the correlation coefficient is not defined.
  sc = spearmanr(y[tr][iva], pred).correlation
/workspace_developability_acquisition/gate_b2/scripts/04_modeling.py:115: ConstantInputWarning: An input array is constant; the correlation coefficient is not defined.
  sc = spearmanr(y[tr][iva], pred).correlation
/workspace_developability_acquisition/gate_b2/scripts/04_modeling.py:115: ConstantInputWarning: An input array is constant; the correlation coefficient is not defined.
  sc = spearmanr(y[tr][iva], pred).correlation
/workspace_developability_acquisition/gate_b2/scripts/04_modeling.py:115: ConstantInputWarning: An input array is constant; the correlation coefficient is not defined.
  sc = spearmanr(y[tr][iva], pred).correlation
/workspace_developability_acquisition/gate_b2/scripts/04_modeling.py:115: ConstantInputWarning: An input array is constant; the correlation coefficient is not defined.
  sc = spearmanr(y[tr][iva], pred).correlation
/workspace_developability_acquisition/gate_b2/scripts/04_modeling.py:115: ConstantInputWarning: An input array is constant; the correlation coefficient is not defined.
  sc = spearmanr(y[tr][iva], pred).correlation
/workspace_developability_acquisition/gate_b2/scripts/04_modeling.py:115: ConstantInputWarning: An input array is constant; the correlation coefficient is not defined.
  sc = spearmanr(y[tr][iva], pred).correlation
/workspace_developability_acquisition/gate_b2/scripts/04_modeling.py:115: ConstantInputWarning: An input array is constant; the correlation coefficient is not defined.
  sc = spearmanr(y[tr][iva], pred).correlation
/workspace_developability_acquisition/gate_b2/scripts/04_modeling.py:115: ConstantInputWarning: An input array is constant; the correlation coefficient is not defined.
  sc = spearmanr(y[tr][iva], pred).correlation
/workspace_developability_acquisition/gate_b2/scripts/04_modeling.py:115: ConstantInputWarning: An input array is constant; the correlation coefficient is not defined.
  sc = spearmanr(y[tr][iva], pred).correlation
/workspace_developability_acquisition/gate_b2/scripts/04_modeling.py:115: ConstantInputWarning: An input array is constant; the correlation coefficient is not defined.
  sc = spearmanr(y[tr][iva], pred).correlation
/workspace_developability_acquisition/gate_b2/scripts/04_modeling.py:115: ConstantInputWarning: An input array is constant; the correlation coefficient is not defined.
  sc = spearmanr(y[tr][iva], pred).correlation
/workspace_developability_acquisition/gate_b2/scripts/04_modeling.py:115: ConstantInputWarning: An input array is constant; the correlation coefficient is not defined.
  sc = spearmanr(y[tr][iva], pred).correlation
/workspace_developability_acquisition/gate_b2/scripts/04_modeling.py:115: ConstantInputWarning: An input array is constant; the correlation coefficient is not defined.
  sc = spearmanr(y[tr][iva], pred).correlation
/workspace_developability_acquisition/gate_b2/scripts/04_modeling.py:115: ConstantInputWarning: An input array is constant; the correlation coefficient is not defined.
  sc = spearmanr(y[tr][iva], pred).correlation
/workspace_developability_acquisition/gate_b2/scripts/04_modeling.py:115: ConstantInputWarning: An input array is constant; the correlation coefficient is not defined.
  sc = spearmanr(y[tr][iva], pred).correlation
/workspace_developability_acquisition/gate_b2/scripts/04_modeling.py:115: ConstantInputWarning: An input array is constant; the correlation coefficient is not defined.
  sc = spearmanr(y[tr][iva], pred).correlation
/workspace_developability_acquisition/gate_b2/scripts/04_modeling.py:115: ConstantInputWarning: An input array is constant; the correlation coefficient is not defined.
  sc = spearmanr(y[tr][iva], pred).correlation
/workspace_developability_acquisition/gate_b2/scripts/04_modeling.py:115: ConstantInputWarning: An input array is constant; the correlation coefficient is not defined.
  sc = spearmanr(y[tr][iva], pred).correlation
/workspace_developability_acquisition/gate_b2/scripts/04_modeling.py:115: ConstantInputWarning: An input array is constant; the correlation coefficient is not defined.
  sc = spearmanr(y[tr][iva], pred).correlation
/workspace_developability_acquisition/gate_b2/scripts/04_modeling.py:115: ConstantInputWarning: An input array is constant; the correlation coefficient is not defined.
  sc = spearmanr(y[tr][iva], pred).correlation
/workspace_developability_acquisition/gate_b2/scripts/04_modeling.py:115: ConstantInputWarning: An input array is constant; the correlation coefficient is not defined.
  sc = spearmanr(y[tr][iva], pred).correlation
/workspace_developability_acquisition/gate_b2/scripts/04_modeling.py:115: ConstantInputWarning: An input array is constant; the correlation coefficient is not defined.
  sc = spearmanr(y[tr][iva], pred).correlation
/workspace_developability_acquisition/gate_b2/scripts/04_modeling.py:115: ConstantInputWarning: An input array is constant; the correlation coefficient is not defined.
  sc = spearmanr(y[tr][iva], pred).correlation
/workspace_developability_acquisition/gate_b2/scripts/04_modeling.py:115: ConstantInputWarning: An input array is constant; the correlation coefficient is not defined.
  sc = spearmanr(y[tr][iva], pred).correlation
RUN shadow_5 HIC ABB_SURFACE Ridge d=77
RUN shadow_5 HIC ABB_SURFACE ElasticNet d=77
/workspace_developability_acquisition/gate_b2/scripts/04_modeling.py:115: ConstantInputWarning: An input array is constant; the correlation coefficient is not defined.
  sc = spearmanr(y[tr][iva], pred).correlation
/workspace_developability_acquisition/gate_b2/scripts/04_modeling.py:115: ConstantInputWarning: An input array is constant; the correlation coefficient is not defined.
  sc = spearmanr(y[tr][iva], pred).correlation
/workspace_developability_acquisition/gate_b2/scripts/04_modeling.py:115: ConstantInputWarning: An input array is constant; the correlation coefficient is not defined.
  sc = spearmanr(y[tr][iva], pred).correlation
/workspace_developability_acquisition/gate_b2/scripts/04_modeling.py:115: ConstantInputWarning: An input array is constant; the correlation coefficient is not defined.
  sc = spearmanr(y[tr][iva], pred).correlation
/workspace_developability_acquisition/gate_b2/scripts/04_modeling.py:115: ConstantInputWarning: An input array is constant; the correlation coefficient is not defined.
  sc = spearmanr(y[tr][iva], pred).correlation
/workspace_developability_acquisition/gate_b2/scripts/04_modeling.py:115: ConstantInputWarning: An input array is constant; the correlation coefficient is not defined.
  sc = spearmanr(y[tr][iva], pred).correlation
/workspace_developability_acquisition/gate_b2/scripts/04_modeling.py:115: ConstantInputWarning: An input array is constant; the correlation coefficient is not defined.
  sc = spearmanr(y[tr][iva], pred).correlation
/workspace_developability_acquisition/gate_b2/scripts/04_modeling.py:115: ConstantInputWarning: An input array is constant; the correlation coefficient is not defined.
  sc = spearmanr(y[tr][iva], pred).correlation
/workspace_developability_acquisition/gate_b2/scripts/04_modeling.py:115: ConstantInputWarning: An input array is constant; the correlation coefficient is not defined.
  sc = spearmanr(y[tr][iva], pred).correlation
/workspace_developability_acquisition/gate_b2/scripts/04_modeling.py:115: ConstantInputWarning: An input array is constant; the correlation coefficient is not defined.
  sc = spearmanr(y[tr][iva], pred).correlation
/workspace_developability_acquisition/gate_b2/scripts/04_modeling.py:115: ConstantInputWarning: An input array is constant; the correlation coefficient is not defined.
  sc = spearmanr(y[tr][iva], pred).correlation
/workspace_developability_acquisition/gate_b2/scripts/04_modeling.py:115: ConstantInputWarning: An input array is constant; the correlation coefficient is not defined.
  sc = spearmanr(y[tr][iva], pred).correlation
/workspace_developability_acquisition/gate_b2/scripts/04_modeling.py:115: ConstantInputWarning: An input array is constant; the correlation coefficient is not defined.
  sc = spearmanr(y[tr][iva], pred).correlation
/workspace_developability_acquisition/gate_b2/scripts/04_modeling.py:115: ConstantInputWarning: An input array is constant; the correlation coefficient is not defined.
  sc = spearmanr(y[tr][iva], pred).correlation
/workspace_developability_acquisition/gate_b2/scripts/04_modeling.py:115: ConstantInputWarning: An input array is constant; the correlation coefficient is not defined.
  sc = spearmanr(y[tr][iva], pred).correlation
/workspace_developability_acquisition/gate_b2/scripts/04_modeling.py:115: ConstantInputWarning: An input array is constant; the correlation coefficient is not defined.
  sc = spearmanr(y[tr][iva], pred).correlation
/workspace_developability_acquisition/gate_b2/scripts/04_modeling.py:115: ConstantInputWarning: An input array is constant; the correlation coefficient is not defined.
  sc = spearmanr(y[tr][iva], pred).correlation
/workspace_developability_acquisition/gate_b2/scripts/04_modeling.py:115: ConstantInputWarning: An input array is constant; the correlation coefficient is not defined.
  sc = spearmanr(y[tr][iva], pred).correlation
/workspace_developability_acquisition/gate_b2/scripts/04_modeling.py:115: ConstantInputWarning: An input array is constant; the correlation coefficient is not defined.
  sc = spearmanr(y[tr][iva], pred).correlation
/workspace_developability_acquisition/gate_b2/scripts/04_modeling.py:115: ConstantInputWarning: An input array is constant; the correlation coefficient is not defined.
  sc = spearmanr(y[tr][iva], pred).correlation
/workspace_developability_acquisition/gate_b2/scripts/04_modeling.py:115: ConstantInputWarning: An input array is constant; the correlation coefficient is not defined.
  sc = spearmanr(y[tr][iva], pred).correlation
/workspace_developability_acquisition/gate_b2/scripts/04_modeling.py:115: ConstantInputWarning: An input array is constant; the correlation coefficient is not defined.
  sc = spearmanr(y[tr][iva], pred).correlation
/workspace_developability_acquisition/gate_b2/scripts/04_modeling.py:115: ConstantInputWarning: An input array is constant; the correlation coefficient is not defined.
  sc = spearmanr(y[tr][iva], pred).correlation
/workspace_developability_acquisition/gate_b2/scripts/04_modeling.py:115: ConstantInputWarning: An input array is constant; the correlation coefficient is not defined.
  sc = spearmanr(y[tr][iva], pred).correlation
/workspace_developability_acquisition/gate_b2/scripts/04_modeling.py:115: ConstantInputWarning: An input array is constant; the correlation coefficient is not defined.
  sc = spearmanr(y[tr][iva], pred).correlation
/workspace_developability_acquisition/gate_b2/scripts/04_modeling.py:115: ConstantInputWarning: An input array is constant; the correlation coefficient is not defined.
  sc = spearmanr(y[tr][iva], pred).correlation
/workspace_developability_acquisition/gate_b2/scripts/04_modeling.py:115: ConstantInputWarning: An input array is constant; the correlation coefficient is not defined.
  sc = spearmanr(y[tr][iva], pred).correlation
/workspace_developability_acquisition/gate_b2/scripts/04_modeling.py:115: ConstantInputWarning: An input array is constant; the correlation coefficient is not defined.
  sc = spearmanr(y[tr][iva], pred).correlation
/workspace_developability_acquisition/gate_b2/scripts/04_modeling.py:115: ConstantInputWarning: An input array is constant; the correlation coefficient is not defined.
  sc = spearmanr(y[tr][iva], pred).correlation
/workspace_developability_acquisition/gate_b2/scripts/04_modeling.py:115: ConstantInputWarning: An input array is constant; the correlation coefficient is not defined.
  sc = spearmanr(y[tr][iva], pred).correlation
RUN shadow_5 HIC ABB_SURFACE_RASAW Ridge d=77
RUN shadow_5 HIC ABB_SURFACE_RASAW ElasticNet d=77
/workspace_developability_acquisition/gate_b2/scripts/04_modeling.py:115: ConstantInputWarning: An input array is constant; the correlation coefficient is not defined.
  sc = spearmanr(y[tr][iva], pred).correlation
/workspace_developability_acquisition/gate_b2/scripts/04_modeling.py:115: ConstantInputWarning: An input array is constant; the correlation coefficient is not defined.
  sc = spearmanr(y[tr][iva], pred).correlation
/workspace_developability_acquisition/gate_b2/scripts/04_modeling.py:115: ConstantInputWarning: An input array is constant; the correlation coefficient is not defined.
  sc = spearmanr(y[tr][iva], pred).correlation
/workspace_developability_acquisition/gate_b2/scripts/04_modeling.py:115: ConstantInputWarning: An input array is constant; the correlation coefficient is not defined.
  sc = spearmanr(y[tr][iva], pred).correlation
/workspace_developability_acquisition/gate_b2/scripts/04_modeling.py:115: ConstantInputWarning: An input array is constant; the correlation coefficient is not defined.
  sc = spearmanr(y[tr][iva], pred).correlation
/workspace_developability_acquisition/gate_b2/scripts/04_modeling.py:115: ConstantInputWarning: An input array is constant; the correlation coefficient is not defined.
  sc = spearmanr(y[tr][iva], pred).correlation
/workspace_developability_acquisition/gate_b2/scripts/04_modeling.py:115: ConstantInputWarning: An input array is constant; the correlation coefficient is not defined.
  sc = spearmanr(y[tr][iva], pred).correlation
/workspace_developability_acquisition/gate_b2/scripts/04_modeling.py:115: ConstantInputWarning: An input array is constant; the correlation coefficient is not defined.
  sc = spearmanr(y[tr][iva], pred).correlation
/workspace_developability_acquisition/gate_b2/scripts/04_modeling.py:115: ConstantInputWarning: An input array is constant; the correlation coefficient is not defined.
  sc = spearmanr(y[tr][iva], pred).correlation
/workspace_developability_acquisition/gate_b2/scripts/04_modeling.py:115: ConstantInputWarning: An input array is constant; the correlation coefficient is not defined.
  sc = spearmanr(y[tr][iva], pred).correlation
/workspace_developability_acquisition/gate_b2/scripts/04_modeling.py:115: ConstantInputWarning: An input array is constant; the correlation coefficient is not defined.
  sc = spearmanr(y[tr][iva], pred).correlation
/workspace_developability_acquisition/gate_b2/scripts/04_modeling.py:115: ConstantInputWarning: An input array is constant; the correlation coefficient is not defined.
  sc = spearmanr(y[tr][iva], pred).correlation
/workspace_developability_acquisition/gate_b2/scripts/04_modeling.py:115: ConstantInputWarning: An input array is constant; the correlation coefficient is not defined.
  sc = spearmanr(y[tr][iva], pred).correlation
/workspace_developability_acquisition/gate_b2/scripts/04_modeling.py:115: ConstantInputWarning: An input array is constant; the correlation coefficient is not defined.
  sc = spearmanr(y[tr][iva], pred).correlation
/workspace_developability_acquisition/gate_b2/scripts/04_modeling.py:115: ConstantInputWarning: An input array is constant; the correlation coefficient is not defined.
  sc = spearmanr(y[tr][iva], pred).correlation
/workspace_developability_acquisition/gate_b2/scripts/04_modeling.py:115: ConstantInputWarning: An input array is constant; the correlation coefficient is not defined.
  sc = spearmanr(y[tr][iva], pred).correlation
/workspace_developability_acquisition/gate_b2/scripts/04_modeling.py:115: ConstantInputWarning: An input array is constant; the correlation coefficient is not defined.
  sc = spearmanr(y[tr][iva], pred).correlation
/workspace_developability_acquisition/gate_b2/scripts/04_modeling.py:115: ConstantInputWarning: An input array is constant; the correlation coefficient is not defined.
  sc = spearmanr(y[tr][iva], pred).correlation
/workspace_developability_acquisition/gate_b2/scripts/04_modeling.py:115: ConstantInputWarning: An input array is constant; the correlation coefficient is not defined.
  sc = spearmanr(y[tr][iva], pred).correlation
/workspace_developability_acquisition/gate_b2/scripts/04_modeling.py:115: ConstantInputWarning: An input array is constant; the correlation coefficient is not defined.
  sc = spearmanr(y[tr][iva], pred).correlation
/workspace_developability_acquisition/gate_b2/scripts/04_modeling.py:115: ConstantInputWarning: An input array is constant; the correlation coefficient is not defined.
  sc = spearmanr(y[tr][iva], pred).correlation
/workspace_developability_acquisition/gate_b2/scripts/04_modeling.py:115: ConstantInputWarning: An input array is constant; the correlation coefficient is not defined.
  sc = spearmanr(y[tr][iva], pred).correlation
/workspace_developability_acquisition/gate_b2/scripts/04_modeling.py:115: ConstantInputWarning: An input array is constant; the correlation coefficient is not defined.
  sc = spearmanr(y[tr][iva], pred).correlation
/workspace_developability_acquisition/gate_b2/scripts/04_modeling.py:115: ConstantInputWarning: An input array is constant; the correlation coefficient is not defined.
  sc = spearmanr(y[tr][iva], pred).correlation
/workspace_developability_acquisition/gate_b2/scripts/04_modeling.py:115: ConstantInputWarning: An input array is constant; the correlation coefficient is not defined.
  sc = spearmanr(y[tr][iva], pred).correlation
/workspace_developability_acquisition/gate_b2/scripts/04_modeling.py:115: ConstantInputWarning: An input array is constant; the correlation coefficient is not defined.
  sc = spearmanr(y[tr][iva], pred).correlation
/workspace_developability_acquisition/gate_b2/scripts/04_modeling.py:115: ConstantInputWarning: An input array is constant; the correlation coefficient is not defined.
  sc = spearmanr(y[tr][iva], pred).correlation
/workspace_developability_acquisition/gate_b2/scripts/04_modeling.py:115: ConstantInputWarning: An input array is constant; the correlation coefficient is not defined.
  sc = spearmanr(y[tr][iva], pred).correlation
/workspace_developability_acquisition/gate_b2/scripts/04_modeling.py:115: ConstantInputWarning: An input array is constant; the correlation coefficient is not defined.
  sc = spearmanr(y[tr][iva], pred).correlation
/workspace_developability_acquisition/gate_b2/scripts/04_modeling.py:115: ConstantInputWarning: An input array is constant; the correlation coefficient is not defined.
  sc = spearmanr(y[tr][iva], pred).correlation
RUN shadow_5 HIC ABB_ALL_SURFACE Ridge d=211
RUN shadow_5 HIC ABB_PATCH Ridge d=7
RUN shadow_5 HIC ABB_PATCH ElasticNet d=7
/workspace_developability_acquisition/gate_b2/scripts/04_modeling.py:115: ConstantInputWarning: An input array is constant; the correlation coefficient is not defined.
  sc = spearmanr(y[tr][iva], pred).correlation
/workspace_developability_acquisition/gate_b2/scripts/04_modeling.py:115: ConstantInputWarning: An input array is constant; the correlation coefficient is not defined.
  sc = spearmanr(y[tr][iva], pred).correlation
/workspace_developability_acquisition/gate_b2/scripts/04_modeling.py:115: ConstantInputWarning: An input array is constant; the correlation coefficient is not defined.
  sc = spearmanr(y[tr][iva], pred).correlation
/workspace_developability_acquisition/gate_b2/scripts/04_modeling.py:115: ConstantInputWarning: An input array is constant; the correlation coefficient is not defined.
  sc = spearmanr(y[tr][iva], pred).correlation
/workspace_developability_acquisition/gate_b2/scripts/04_modeling.py:115: ConstantInputWarning: An input array is constant; the correlation coefficient is not defined.
  sc = spearmanr(y[tr][iva], pred).correlation
/workspace_developability_acquisition/gate_b2/scripts/04_modeling.py:115: ConstantInputWarning: An input array is constant; the correlation coefficient is not defined.
  sc = spearmanr(y[tr][iva], pred).correlation
/workspace_developability_acquisition/gate_b2/scripts/04_modeling.py:115: ConstantInputWarning: An input array is constant; the correlation coefficient is not defined.
  sc = spearmanr(y[tr][iva], pred).correlation
/workspace_developability_acquisition/gate_b2/scripts/04_modeling.py:115: ConstantInputWarning: An input array is constant; the correlation coefficient is not defined.
  sc = spearmanr(y[tr][iva], pred).correlation
/workspace_developability_acquisition/gate_b2/scripts/04_modeling.py:115: ConstantInputWarning: An input array is constant; the correlation coefficient is not defined.
  sc = spearmanr(y[tr][iva], pred).correlation
/workspace_developability_acquisition/gate_b2/scripts/04_modeling.py:115: ConstantInputWarning: An input array is constant; the correlation coefficient is not defined.
  sc = spearmanr(y[tr][iva], pred).correlation
/workspace_developability_acquisition/gate_b2/scripts/04_modeling.py:115: ConstantInputWarning: An input array is constant; the correlation coefficient is not defined.
  sc = spearmanr(y[tr][iva], pred).correlation
/workspace_developability_acquisition/gate_b2/scripts/04_modeling.py:115: ConstantInputWarning: An input array is constant; the correlation coefficient is not defined.
  sc = spearmanr(y[tr][iva], pred).correlation
/workspace_developability_acquisition/gate_b2/scripts/04_modeling.py:115: ConstantInputWarning: An input array is constant; the correlation coefficient is not defined.
  sc = spearmanr(y[tr][iva], pred).correlation
/workspace_developability_acquisition/gate_b2/scripts/04_modeling.py:115: ConstantInputWarning: An input array is constant; the correlation coefficient is not defined.
  sc = spearmanr(y[tr][iva], pred).correlation
/workspace_developability_acquisition/gate_b2/scripts/04_modeling.py:115: ConstantInputWarning: An input array is constant; the correlation coefficient is not defined.
  sc = spearmanr(y[tr][iva], pred).correlation
/workspace_developability_acquisition/gate_b2/scripts/04_modeling.py:115: ConstantInputWarning: An input array is constant; the correlation coefficient is not defined.
  sc = spearmanr(y[tr][iva], pred).correlation
/workspace_developability_acquisition/gate_b2/scripts/04_modeling.py:115: ConstantInputWarning: An input array is constant; the correlation coefficient is not defined.
  sc = spearmanr(y[tr][iva], pred).correlation
/workspace_developability_acquisition/gate_b2/scripts/04_modeling.py:115: ConstantInputWarning: An input array is constant; the correlation coefficient is not defined.
  sc = spearmanr(y[tr][iva], pred).correlation
/workspace_developability_acquisition/gate_b2/scripts/04_modeling.py:115: ConstantInputWarning: An input array is constant; the correlation coefficient is not defined.
  sc = spearmanr(y[tr][iva], pred).correlation
/workspace_developability_acquisition/gate_b2/scripts/04_modeling.py:115: ConstantInputWarning: An input array is constant; the correlation coefficient is not defined.
  sc = spearmanr(y[tr][iva], pred).correlation
/workspace_developability_acquisition/gate_b2/scripts/04_modeling.py:115: ConstantInputWarning: An input array is constant; the correlation coefficient is not defined.
  sc = spearmanr(y[tr][iva], pred).correlation
/workspace_developability_acquisition/gate_b2/scripts/04_modeling.py:115: ConstantInputWarning: An input array is constant; the correlation coefficient is not defined.
  sc = spearmanr(y[tr][iva], pred).correlation
/workspace_developability_acquisition/gate_b2/scripts/04_modeling.py:115: ConstantInputWarning: An input array is constant; the correlation coefficient is not defined.
  sc = spearmanr(y[tr][iva], pred).correlation
/workspace_developability_acquisition/gate_b2/scripts/04_modeling.py:115: ConstantInputWarning: An input array is constant; the correlation coefficient is not defined.
  sc = spearmanr(y[tr][iva], pred).correlation
/workspace_developability_acquisition/gate_b2/scripts/04_modeling.py:115: ConstantInputWarning: An input array is constant; the correlation coefficient is not defined.
  sc = spearmanr(y[tr][iva], pred).correlation
/workspace_developability_acquisition/gate_b2/scripts/04_modeling.py:115: ConstantInputWarning: An input array is constant; the correlation coefficient is not defined.
  sc = spearmanr(y[tr][iva], pred).correlation
/workspace_developability_acquisition/gate_b2/scripts/04_modeling.py:115: ConstantInputWarning: An input array is constant; the correlation coefficient is not defined.
  sc = spearmanr(y[tr][iva], pred).correlation
/workspace_developability_acquisition/gate_b2/scripts/04_modeling.py:115: ConstantInputWarning: An input array is constant; the correlation coefficient is not defined.
  sc = spearmanr(y[tr][iva], pred).correlation
/workspace_developability_acquisition/gate_b2/scripts/04_modeling.py:115: ConstantInputWarning: An input array is constant; the correlation coefficient is not defined.
  sc = spearmanr(y[tr][iva], pred).correlation
/workspace_developability_acquisition/gate_b2/scripts/04_modeling.py:115: ConstantInputWarning: An input array is constant; the correlation coefficient is not defined.
  sc = spearmanr(y[tr][iva], pred).correlation
/workspace_developability_acquisition/gate_b2/scripts/04_modeling.py:115: ConstantInputWarning: An input array is constant; the correlation coefficient is not defined.
  sc = spearmanr(y[tr][iva], pred).correlation
/workspace_developability_acquisition/gate_b2/scripts/04_modeling.py:115: ConstantInputWarning: An input array is constant; the correlation coefficient is not defined.
  sc = spearmanr(y[tr][iva], pred).correlation
/workspace_developability_acquisition/gate_b2/scripts/04_modeling.py:115: ConstantInputWarning: An input array is constant; the correlation coefficient is not defined.
  sc = spearmanr(y[tr][iva], pred).correlation
/workspace_developability_acquisition/gate_b2/scripts/04_modeling.py:115: ConstantInputWarning: An input array is constant; the correlation coefficient is not defined.
  sc = spearmanr(y[tr][iva], pred).correlation
/workspace_developability_acquisition/gate_b2/scripts/04_modeling.py:115: ConstantInputWarning: An input array is constant; the correlation coefficient is not defined.
  sc = spearmanr(y[tr][iva], pred).correlation
/workspace_developability_acquisition/gate_b2/scripts/04_modeling.py:115: ConstantInputWarning: An input array is constant; the correlation coefficient is not defined.
  sc = spearmanr(y[tr][iva], pred).correlation
/workspace_developability_acquisition/gate_b2/scripts/04_modeling.py:115: ConstantInputWarning: An input array is constant; the correlation coefficient is not defined.
  sc = spearmanr(y[tr][iva], pred).correlation
/workspace_developability_acquisition/gate_b2/scripts/04_modeling.py:115: ConstantInputWarning: An input array is constant; the correlation coefficient is not defined.
  sc = spearmanr(y[tr][iva], pred).correlation
RUN shadow_5 HIC ABB_INTERFACE Ridge d=8
RUN shadow_5 HIC ABB_INTERFACE ElasticNet d=8
/workspace_developability_acquisition/gate_b2/scripts/04_modeling.py:115: ConstantInputWarning: An input array is constant; the correlation coefficient is not defined.
  sc = spearmanr(y[tr][iva], pred).correlation
/workspace_developability_acquisition/gate_b2/scripts/04_modeling.py:115: ConstantInputWarning: An input array is constant; the correlation coefficient is not defined.
  sc = spearmanr(y[tr][iva], pred).correlation
/workspace_developability_acquisition/gate_b2/scripts/04_modeling.py:115: ConstantInputWarning: An input array is constant; the correlation coefficient is not defined.
  sc = spearmanr(y[tr][iva], pred).correlation
/workspace_developability_acquisition/gate_b2/scripts/04_modeling.py:115: ConstantInputWarning: An input array is constant; the correlation coefficient is not defined.
  sc = spearmanr(y[tr][iva], pred).correlation
/workspace_developability_acquisition/gate_b2/scripts/04_modeling.py:115: ConstantInputWarning: An input array is constant; the correlation coefficient is not defined.
  sc = spearmanr(y[tr][iva], pred).correlation
/workspace_developability_acquisition/gate_b2/scripts/04_modeling.py:115: ConstantInputWarning: An input array is constant; the correlation coefficient is not defined.
  sc = spearmanr(y[tr][iva], pred).correlation
/workspace_developability_acquisition/gate_b2/scripts/04_modeling.py:115: ConstantInputWarning: An input array is constant; the correlation coefficient is not defined.
  sc = spearmanr(y[tr][iva], pred).correlation
/workspace_developability_acquisition/gate_b2/scripts/04_modeling.py:115: ConstantInputWarning: An input array is constant; the correlation coefficient is not defined.
  sc = spearmanr(y[tr][iva], pred).correlation
/workspace_developability_acquisition/gate_b2/scripts/04_modeling.py:115: ConstantInputWarning: An input array is constant; the correlation coefficient is not defined.
  sc = spearmanr(y[tr][iva], pred).correlation
/workspace_developability_acquisition/gate_b2/scripts/04_modeling.py:115: ConstantInputWarning: An input array is constant; the correlation coefficient is not defined.
  sc = spearmanr(y[tr][iva], pred).correlation
/workspace_developability_acquisition/gate_b2/scripts/04_modeling.py:115: ConstantInputWarning: An input array is constant; the correlation coefficient is not defined.
  sc = spearmanr(y[tr][iva], pred).correlation
/workspace_developability_acquisition/gate_b2/scripts/04_modeling.py:115: ConstantInputWarning: An input array is constant; the correlation coefficient is not defined.
  sc = spearmanr(y[tr][iva], pred).correlation
/workspace_developability_acquisition/gate_b2/scripts/04_modeling.py:115: ConstantInputWarning: An input array is constant; the correlation coefficient is not defined.
  sc = spearmanr(y[tr][iva], pred).correlation
/workspace_developability_acquisition/gate_b2/scripts/04_modeling.py:115: ConstantInputWarning: An input array is constant; the correlation coefficient is not defined.
  sc = spearmanr(y[tr][iva], pred).correlation
/workspace_developability_acquisition/gate_b2/scripts/04_modeling.py:115: ConstantInputWarning: An input array is constant; the correlation coefficient is not defined.
  sc = spearmanr(y[tr][iva], pred).correlation
/workspace_developability_acquisition/gate_b2/scripts/04_modeling.py:115: ConstantInputWarning: An input array is constant; the correlation coefficient is not defined.
  sc = spearmanr(y[tr][iva], pred).correlation
/workspace_developability_acquisition/gate_b2/scripts/04_modeling.py:115: ConstantInputWarning: An input array is constant; the correlation coefficient is not defined.
  sc = spearmanr(y[tr][iva], pred).correlation
/workspace_developability_acquisition/gate_b2/scripts/04_modeling.py:115: ConstantInputWarning: An input array is constant; the correlation coefficient is not defined.
  sc = spearmanr(y[tr][iva], pred).correlation
/workspace_developability_acquisition/gate_b2/scripts/04_modeling.py:115: ConstantInputWarning: An input array is constant; the correlation coefficient is not defined.
  sc = spearmanr(y[tr][iva], pred).correlation
/workspace_developability_acquisition/gate_b2/scripts/04_modeling.py:115: ConstantInputWarning: An input array is constant; the correlation coefficient is not defined.
  sc = spearmanr(y[tr][iva], pred).correlation
/workspace_developability_acquisition/gate_b2/scripts/04_modeling.py:115: ConstantInputWarning: An input array is constant; the correlation coefficient is not defined.
  sc = spearmanr(y[tr][iva], pred).correlation
/workspace_developability_acquisition/gate_b2/scripts/04_modeling.py:115: ConstantInputWarning: An input array is constant; the correlation coefficient is not defined.
  sc = spearmanr(y[tr][iva], pred).correlation
/workspace_developability_acquisition/gate_b2/scripts/04_modeling.py:115: ConstantInputWarning: An input array is constant; the correlation coefficient is not defined.
  sc = spearmanr(y[tr][iva], pred).correlation
/workspace_developability_acquisition/gate_b2/scripts/04_modeling.py:115: ConstantInputWarning: An input array is constant; the correlation coefficient is not defined.
  sc = spearmanr(y[tr][iva], pred).correlation
/workspace_developability_acquisition/gate_b2/scripts/04_modeling.py:115: ConstantInputWarning: An input array is constant; the correlation coefficient is not defined.
  sc = spearmanr(y[tr][iva], pred).correlation
/workspace_developability_acquisition/gate_b2/scripts/04_modeling.py:115: ConstantInputWarning: An input array is constant; the correlation coefficient is not defined.
  sc = spearmanr(y[tr][iva], pred).correlation
/workspace_developability_acquisition/gate_b2/scripts/04_modeling.py:115: ConstantInputWarning: An input array is constant; the correlation coefficient is not defined.
  sc = spearmanr(y[tr][iva], pred).correlation
/workspace_developability_acquisition/gate_b2/scripts/04_modeling.py:115: ConstantInputWarning: An input array is constant; the correlation coefficient is not defined.
  sc = spearmanr(y[tr][iva], pred).correlation
/workspace_developability_acquisition/gate_b2/scripts/04_modeling.py:115: ConstantInputWarning: An input array is constant; the correlation coefficient is not defined.
  sc = spearmanr(y[tr][iva], pred).correlation
/workspace_developability_acquisition/gate_b2/scripts/04_modeling.py:115: ConstantInputWarning: An input array is constant; the correlation coefficient is not defined.
  sc = spearmanr(y[tr][iva], pred).correlation
/workspace_developability_acquisition/gate_b2/scripts/04_modeling.py:115: ConstantInputWarning: An input array is constant; the correlation coefficient is not defined.
  sc = spearmanr(y[tr][iva], pred).correlation
/workspace_developability_acquisition/gate_b2/scripts/04_modeling.py:115: ConstantInputWarning: An input array is constant; the correlation coefficient is not defined.
  sc = spearmanr(y[tr][iva], pred).correlation
/workspace_developability_acquisition/gate_b2/scripts/04_modeling.py:115: ConstantInputWarning: An input array is constant; the correlation coefficient is not defined.
  sc = spearmanr(y[tr][iva], pred).correlation
/workspace_developability_acquisition/gate_b2/scripts/04_modeling.py:115: ConstantInputWarning: An input array is constant; the correlation coefficient is not defined.
  sc = spearmanr(y[tr][iva], pred).correlation
/workspace_developability_acquisition/gate_b2/scripts/04_modeling.py:115: ConstantInputWarning: An input array is constant; the correlation coefficient is not defined.
  sc = spearmanr(y[tr][iva], pred).correlation
/workspace_developability_acquisition/gate_b2/scripts/04_modeling.py:115: ConstantInputWarning: An input array is constant; the correlation coefficient is not defined.
  sc = spearmanr(y[tr][iva], pred).correlation
/workspace_developability_acquisition/gate_b2/scripts/04_modeling.py:115: ConstantInputWarning: An input array is constant; the correlation coefficient is not defined.
  sc = spearmanr(y[tr][iva], pred).correlation
/workspace_developability_acquisition/gate_b2/scripts/04_modeling.py:115: ConstantInputWarning: An input array is constant; the correlation coefficient is not defined.
  sc = spearmanr(y[tr][iva], pred).correlation
RUN shadow_5 HIC ABB_ALL Ridge d=247
RUN shadow_5 HIC ESMF_NATIVE_SASA Ridge d=58
RUN shadow_5 HIC ESMF_NATIVE_SASA ElasticNet d=58
/workspace_developability_acquisition/gate_b2/scripts/04_modeling.py:115: ConstantInputWarning: An input array is constant; the correlation coefficient is not defined.
  sc = spearmanr(y[tr][iva], pred).correlation
/workspace_developability_acquisition/gate_b2/scripts/04_modeling.py:115: ConstantInputWarning: An input array is constant; the correlation coefficient is not defined.
  sc = spearmanr(y[tr][iva], pred).correlation
/workspace_developability_acquisition/gate_b2/scripts/04_modeling.py:115: ConstantInputWarning: An input array is constant; the correlation coefficient is not defined.
  sc = spearmanr(y[tr][iva], pred).correlation
/workspace_developability_acquisition/gate_b2/scripts/04_modeling.py:115: ConstantInputWarning: An input array is constant; the correlation coefficient is not defined.
  sc = spearmanr(y[tr][iva], pred).correlation
/workspace_developability_acquisition/gate_b2/scripts/04_modeling.py:115: ConstantInputWarning: An input array is constant; the correlation coefficient is not defined.
  sc = spearmanr(y[tr][iva], pred).correlation
/workspace_developability_acquisition/gate_b2/scripts/04_modeling.py:115: ConstantInputWarning: An input array is constant; the correlation coefficient is not defined.
  sc = spearmanr(y[tr][iva], pred).correlation
/workspace_developability_acquisition/gate_b2/scripts/04_modeling.py:115: ConstantInputWarning: An input array is constant; the correlation coefficient is not defined.
  sc = spearmanr(y[tr][iva], pred).correlation
/workspace_developability_acquisition/gate_b2/scripts/04_modeling.py:115: ConstantInputWarning: An input array is constant; the correlation coefficient is not defined.
  sc = spearmanr(y[tr][iva], pred).correlation
/workspace_developability_acquisition/gate_b2/scripts/04_modeling.py:115: ConstantInputWarning: An input array is constant; the correlation coefficient is not defined.
  sc = spearmanr(y[tr][iva], pred).correlation
/workspace_developability_acquisition/gate_b2/scripts/04_modeling.py:115: ConstantInputWarning: An input array is constant; the correlation coefficient is not defined.
  sc = spearmanr(y[tr][iva], pred).correlation
/workspace_developability_acquisition/gate_b2/scripts/04_modeling.py:115: ConstantInputWarning: An input array is constant; the correlation coefficient is not defined.
  sc = spearmanr(y[tr][iva], pred).correlation
/workspace_developability_acquisition/gate_b2/scripts/04_modeling.py:115: ConstantInputWarning: An input array is constant; the correlation coefficient is not defined.
  sc = spearmanr(y[tr][iva], pred).correlation
/workspace_developability_acquisition/gate_b2/scripts/04_modeling.py:115: ConstantInputWarning: An input array is constant; the correlation coefficient is not defined.
  sc = spearmanr(y[tr][iva], pred).correlation
/workspace_developability_acquisition/gate_b2/scripts/04_modeling.py:115: ConstantInputWarning: An input array is constant; the correlation coefficient is not defined.
  sc = spearmanr(y[tr][iva], pred).correlation
/workspace_developability_acquisition/gate_b2/scripts/04_modeling.py:115: ConstantInputWarning: An input array is constant; the correlation coefficient is not defined.
  sc = spearmanr(y[tr][iva], pred).correlation
/workspace_developability_acquisition/gate_b2/scripts/04_modeling.py:115: ConstantInputWarning: An input array is constant; the correlation coefficient is not defined.
  sc = spearmanr(y[tr][iva], pred).correlation
/workspace_developability_acquisition/gate_b2/scripts/04_modeling.py:115: ConstantInputWarning: An input array is constant; the correlation coefficient is not defined.
  sc = spearmanr(y[tr][iva], pred).correlation
/workspace_developability_acquisition/gate_b2/scripts/04_modeling.py:115: ConstantInputWarning: An input array is constant; the correlation coefficient is not defined.
  sc = spearmanr(y[tr][iva], pred).correlation
/workspace_developability_acquisition/gate_b2/scripts/04_modeling.py:115: ConstantInputWarning: An input array is constant; the correlation coefficient is not defined.
  sc = spearmanr(y[tr][iva], pred).correlation
/workspace_developability_acquisition/gate_b2/scripts/04_modeling.py:115: ConstantInputWarning: An input array is constant; the correlation coefficient is not defined.
  sc = spearmanr(y[tr][iva], pred).correlation
/workspace_developability_acquisition/gate_b2/scripts/04_modeling.py:115: ConstantInputWarning: An input array is constant; the correlation coefficient is not defined.
  sc = spearmanr(y[tr][iva], pred).correlation
/workspace_developability_acquisition/gate_b2/scripts/04_modeling.py:115: ConstantInputWarning: An input array is constant; the correlation coefficient is not defined.
  sc = spearmanr(y[tr][iva], pred).correlation
/workspace_developability_acquisition/gate_b2/scripts/04_modeling.py:115: ConstantInputWarning: An input array is constant; the correlation coefficient is not defined.
  sc = spearmanr(y[tr][iva], pred).correlation
/workspace_developability_acquisition/gate_b2/scripts/04_modeling.py:115: ConstantInputWarning: An input array is constant; the correlation coefficient is not defined.
  sc = spearmanr(y[tr][iva], pred).correlation
/workspace_developability_acquisition/gate_b2/scripts/04_modeling.py:115: ConstantInputWarning: An input array is constant; the correlation coefficient is not defined.
  sc = spearmanr(y[tr][iva], pred).correlation
/workspace_developability_acquisition/gate_b2/scripts/04_modeling.py:115: ConstantInputWarning: An input array is constant; the correlation coefficient is not defined.
  sc = spearmanr(y[tr][iva], pred).correlation
/workspace_developability_acquisition/gate_b2/scripts/04_modeling.py:115: ConstantInputWarning: An input array is constant; the correlation coefficient is not defined.
  sc = spearmanr(y[tr][iva], pred).correlation
/workspace_developability_acquisition/gate_b2/scripts/04_modeling.py:115: ConstantInputWarning: An input array is constant; the correlation coefficient is not defined.
  sc = spearmanr(y[tr][iva], pred).correlation
/workspace_developability_acquisition/gate_b2/scripts/04_modeling.py:115: ConstantInputWarning: An input array is constant; the correlation coefficient is not defined.
  sc = spearmanr(y[tr][iva], pred).correlation
/workspace_developability_acquisition/gate_b2/scripts/04_modeling.py:115: ConstantInputWarning: An input array is constant; the correlation coefficient is not defined.
  sc = spearmanr(y[tr][iva], pred).correlation
RUN shadow_5 HIC ESMF_NATIVE_SASA_RASA Ridge d=114
RUN shadow_5 HIC ESMF_NATIVE_SASA_RASA ElasticNet d=114
/workspace_developability_acquisition/gate_b2/scripts/04_modeling.py:115: ConstantInputWarning: An input array is constant; the correlation coefficient is not defined.
  sc = spearmanr(y[tr][iva], pred).correlation
/workspace_developability_acquisition/gate_b2/scripts/04_modeling.py:115: ConstantInputWarning: An input array is constant; the correlation coefficient is not defined.
  sc = spearmanr(y[tr][iva], pred).correlation
/workspace_developability_acquisition/gate_b2/scripts/04_modeling.py:115: ConstantInputWarning: An input array is constant; the correlation coefficient is not defined.
  sc = spearmanr(y[tr][iva], pred).correlation
/workspace_developability_acquisition/gate_b2/scripts/04_modeling.py:115: ConstantInputWarning: An input array is constant; the correlation coefficient is not defined.
  sc = spearmanr(y[tr][iva], pred).correlation
/workspace_developability_acquisition/gate_b2/scripts/04_modeling.py:115: ConstantInputWarning: An input array is constant; the correlation coefficient is not defined.
  sc = spearmanr(y[tr][iva], pred).correlation
/workspace_developability_acquisition/gate_b2/scripts/04_modeling.py:115: ConstantInputWarning: An input array is constant; the correlation coefficient is not defined.
  sc = spearmanr(y[tr][iva], pred).correlation
/workspace_developability_acquisition/gate_b2/scripts/04_modeling.py:115: ConstantInputWarning: An input array is constant; the correlation coefficient is not defined.
  sc = spearmanr(y[tr][iva], pred).correlation
/workspace_developability_acquisition/gate_b2/scripts/04_modeling.py:115: ConstantInputWarning: An input array is constant; the correlation coefficient is not defined.
  sc = spearmanr(y[tr][iva], pred).correlation
/workspace_developability_acquisition/gate_b2/scripts/04_modeling.py:115: ConstantInputWarning: An input array is constant; the correlation coefficient is not defined.
  sc = spearmanr(y[tr][iva], pred).correlation
/workspace_developability_acquisition/gate_b2/scripts/04_modeling.py:115: ConstantInputWarning: An input array is constant; the correlation coefficient is not defined.
  sc = spearmanr(y[tr][iva], pred).correlation
/workspace_developability_acquisition/gate_b2/scripts/04_modeling.py:115: ConstantInputWarning: An input array is constant; the correlation coefficient is not defined.
  sc = spearmanr(y[tr][iva], pred).correlation
/workspace_developability_acquisition/gate_b2/scripts/04_modeling.py:115: ConstantInputWarning: An input array is constant; the correlation coefficient is not defined.
  sc = spearmanr(y[tr][iva], pred).correlation
/workspace_developability_acquisition/gate_b2/scripts/04_modeling.py:115: ConstantInputWarning: An input array is constant; the correlation coefficient is not defined.
  sc = spearmanr(y[tr][iva], pred).correlation
/workspace_developability_acquisition/gate_b2/scripts/04_modeling.py:115: ConstantInputWarning: An input array is constant; the correlation coefficient is not defined.
  sc = spearmanr(y[tr][iva], pred).correlation
/workspace_developability_acquisition/gate_b2/scripts/04_modeling.py:115: ConstantInputWarning: An input array is constant; the correlation coefficient is not defined.
  sc = spearmanr(y[tr][iva], pred).correlation
/workspace_developability_acquisition/gate_b2/scripts/04_modeling.py:115: ConstantInputWarning: An input array is constant; the correlation coefficient is not defined.
  sc = spearmanr(y[tr][iva], pred).correlation
/workspace_developability_acquisition/gate_b2/scripts/04_modeling.py:115: ConstantInputWarning: An input array is constant; the correlation coefficient is not defined.
  sc = spearmanr(y[tr][iva], pred).correlation
/workspace_developability_acquisition/gate_b2/scripts/04_modeling.py:115: ConstantInputWarning: An input array is constant; the correlation coefficient is not defined.
  sc = spearmanr(y[tr][iva], pred).correlation
/workspace_developability_acquisition/gate_b2/scripts/04_modeling.py:115: ConstantInputWarning: An input array is constant; the correlation coefficient is not defined.
  sc = spearmanr(y[tr][iva], pred).correlation
/workspace_developability_acquisition/gate_b2/scripts/04_modeling.py:115: ConstantInputWarning: An input array is constant; the correlation coefficient is not defined.
  sc = spearmanr(y[tr][iva], pred).correlation
/workspace_developability_acquisition/gate_b2/scripts/04_modeling.py:115: ConstantInputWarning: An input array is constant; the correlation coefficient is not defined.
  sc = spearmanr(y[tr][iva], pred).correlation
/workspace_developability_acquisition/gate_b2/scripts/04_modeling.py:115: ConstantInputWarning: An input array is constant; the correlation coefficient is not defined.
  sc = spearmanr(y[tr][iva], pred).correlation
/workspace_developability_acquisition/gate_b2/scripts/04_modeling.py:115: ConstantInputWarning: An input array is constant; the correlation coefficient is not defined.
  sc = spearmanr(y[tr][iva], pred).correlation
/workspace_developability_acquisition/gate_b2/scripts/04_modeling.py:115: ConstantInputWarning: An input array is constant; the correlation coefficient is not defined.
  sc = spearmanr(y[tr][iva], pred).correlation
/workspace_developability_acquisition/gate_b2/scripts/04_modeling.py:115: ConstantInputWarning: An input array is constant; the correlation coefficient is not defined.
  sc = spearmanr(y[tr][iva], pred).correlation
/workspace_developability_acquisition/gate_b2/scripts/04_modeling.py:115: ConstantInputWarning: An input array is constant; the correlation coefficient is not defined.
  sc = spearmanr(y[tr][iva], pred).correlation
/workspace_developability_acquisition/gate_b2/scripts/04_modeling.py:115: ConstantInputWarning: An input array is constant; the correlation coefficient is not defined.
  sc = spearmanr(y[tr][iva], pred).correlation
/workspace_developability_acquisition/gate_b2/scripts/04_modeling.py:115: ConstantInputWarning: An input array is constant; the correlation coefficient is not defined.
  sc = spearmanr(y[tr][iva], pred).correlation
/workspace_developability_acquisition/gate_b2/scripts/04_modeling.py:115: ConstantInputWarning: An input array is constant; the correlation coefficient is not defined.
  sc = spearmanr(y[tr][iva], pred).correlation
/workspace_developability_acquisition/gate_b2/scripts/04_modeling.py:115: ConstantInputWarning: An input array is constant; the correlation coefficient is not defined.
  sc = spearmanr(y[tr][iva], pred).correlation
RUN shadow_5 HIC ESMF_NATIVE_SURFACE Ridge d=56
RUN shadow_5 HIC ESMF_NATIVE_SURFACE ElasticNet d=56
/workspace_developability_acquisition/gate_b2/scripts/04_modeling.py:115: ConstantInputWarning: An input array is constant; the correlation coefficient is not defined.
  sc = spearmanr(y[tr][iva], pred).correlation
/workspace_developability_acquisition/gate_b2/scripts/04_modeling.py:115: ConstantInputWarning: An input array is constant; the correlation coefficient is not defined.
  sc = spearmanr(y[tr][iva], pred).correlation
/workspace_developability_acquisition/gate_b2/scripts/04_modeling.py:115: ConstantInputWarning: An input array is constant; the correlation coefficient is not defined.
  sc = spearmanr(y[tr][iva], pred).correlation
/workspace_developability_acquisition/gate_b2/scripts/04_modeling.py:115: ConstantInputWarning: An input array is constant; the correlation coefficient is not defined.
  sc = spearmanr(y[tr][iva], pred).correlation
/workspace_developability_acquisition/gate_b2/scripts/04_modeling.py:115: ConstantInputWarning: An input array is constant; the correlation coefficient is not defined.
  sc = spearmanr(y[tr][iva], pred).correlation
/workspace_developability_acquisition/gate_b2/scripts/04_modeling.py:115: ConstantInputWarning: An input array is constant; the correlation coefficient is not defined.
  sc = spearmanr(y[tr][iva], pred).correlation
/workspace_developability_acquisition/gate_b2/scripts/04_modeling.py:115: ConstantInputWarning: An input array is constant; the correlation coefficient is not defined.
  sc = spearmanr(y[tr][iva], pred).correlation
/workspace_developability_acquisition/gate_b2/scripts/04_modeling.py:115: ConstantInputWarning: An input array is constant; the correlation coefficient is not defined.
  sc = spearmanr(y[tr][iva], pred).correlation
/workspace_developability_acquisition/gate_b2/scripts/04_modeling.py:115: ConstantInputWarning: An input array is constant; the correlation coefficient is not defined.
  sc = spearmanr(y[tr][iva], pred).correlation
/workspace_developability_acquisition/gate_b2/scripts/04_modeling.py:115: ConstantInputWarning: An input array is constant; the correlation coefficient is not defined.
  sc = spearmanr(y[tr][iva], pred).correlation
/workspace_developability_acquisition/gate_b2/scripts/04_modeling.py:115: ConstantInputWarning: An input array is constant; the correlation coefficient is not defined.
  sc = spearmanr(y[tr][iva], pred).correlation
/workspace_developability_acquisition/gate_b2/scripts/04_modeling.py:115: ConstantInputWarning: An input array is constant; the correlation coefficient is not defined.
  sc = spearmanr(y[tr][iva], pred).correlation
/workspace_developability_acquisition/gate_b2/scripts/04_modeling.py:115: ConstantInputWarning: An input array is constant; the correlation coefficient is not defined.
  sc = spearmanr(y[tr][iva], pred).correlation
/workspace_developability_acquisition/gate_b2/scripts/04_modeling.py:115: ConstantInputWarning: An input array is constant; the correlation coefficient is not defined.
  sc = spearmanr(y[tr][iva], pred).correlation
/workspace_developability_acquisition/gate_b2/scripts/04_modeling.py:115: ConstantInputWarning: An input array is constant; the correlation coefficient is not defined.
  sc = spearmanr(y[tr][iva], pred).correlation
/workspace_developability_acquisition/gate_b2/scripts/04_modeling.py:115: ConstantInputWarning: An input array is constant; the correlation coefficient is not defined.
  sc = spearmanr(y[tr][iva], pred).correlation
/workspace_developability_acquisition/gate_b2/scripts/04_modeling.py:115: ConstantInputWarning: An input array is constant; the correlation coefficient is not defined.
  sc = spearmanr(y[tr][iva], pred).correlation
/workspace_developability_acquisition/gate_b2/scripts/04_modeling.py:115: ConstantInputWarning: An input array is constant; the correlation coefficient is not defined.
  sc = spearmanr(y[tr][iva], pred).correlation
/workspace_developability_acquisition/gate_b2/scripts/04_modeling.py:115: ConstantInputWarning: An input array is constant; the correlation coefficient is not defined.
  sc = spearmanr(y[tr][iva], pred).correlation
/workspace_developability_acquisition/gate_b2/scripts/04_modeling.py:115: ConstantInputWarning: An input array is constant; the correlation coefficient is not defined.
  sc = spearmanr(y[tr][iva], pred).correlation
/workspace_developability_acquisition/gate_b2/scripts/04_modeling.py:115: ConstantInputWarning: An input array is constant; the correlation coefficient is not defined.
  sc = spearmanr(y[tr][iva], pred).correlation
/workspace_developability_acquisition/gate_b2/scripts/04_modeling.py:115: ConstantInputWarning: An input array is constant; the correlation coefficient is not defined.
  sc = spearmanr(y[tr][iva], pred).correlation
/workspace_developability_acquisition/gate_b2/scripts/04_modeling.py:115: ConstantInputWarning: An input array is constant; the correlation coefficient is not defined.
  sc = spearmanr(y[tr][iva], pred).correlation
/workspace_developability_acquisition/gate_b2/scripts/04_modeling.py:115: ConstantInputWarning: An input array is constant; the correlation coefficient is not defined.
  sc = spearmanr(y[tr][iva], pred).correlation
/workspace_developability_acquisition/gate_b2/scripts/04_modeling.py:115: ConstantInputWarning: An input array is constant; the correlation coefficient is not defined.
  sc = spearmanr(y[tr][iva], pred).correlation
/workspace_developability_acquisition/gate_b2/scripts/04_modeling.py:115: ConstantInputWarning: An input array is constant; the correlation coefficient is not defined.
  sc = spearmanr(y[tr][iva], pred).correlation
/workspace_developability_acquisition/gate_b2/scripts/04_modeling.py:115: ConstantInputWarning: An input array is constant; the correlation coefficient is not defined.
  sc = spearmanr(y[tr][iva], pred).correlation
/workspace_developability_acquisition/gate_b2/scripts/04_modeling.py:115: ConstantInputWarning: An input array is constant; the correlation coefficient is not defined.
  sc = spearmanr(y[tr][iva], pred).correlation
/workspace_developability_acquisition/gate_b2/scripts/04_modeling.py:115: ConstantInputWarning: An input array is constant; the correlation coefficient is not defined.
  sc = spearmanr(y[tr][iva], pred).correlation
/workspace_developability_acquisition/gate_b2/scripts/04_modeling.py:115: ConstantInputWarning: An input array is constant; the correlation coefficient is not defined.
  sc = spearmanr(y[tr][iva], pred).correlation
RUN shadow_5 HIC ESMF_NATIVE_SURFACE_RASAW Ridge d=56
RUN shadow_5 HIC ESMF_NATIVE_SURFACE_RASAW ElasticNet d=56
/workspace_developability_acquisition/gate_b2/scripts/04_modeling.py:115: ConstantInputWarning: An input array is constant; the correlation coefficient is not defined.
  sc = spearmanr(y[tr][iva], pred).correlation
/workspace_developability_acquisition/gate_b2/scripts/04_modeling.py:115: ConstantInputWarning: An input array is constant; the correlation coefficient is not defined.
  sc = spearmanr(y[tr][iva], pred).correlation
/workspace_developability_acquisition/gate_b2/scripts/04_modeling.py:115: ConstantInputWarning: An input array is constant; the correlation coefficient is not defined.
  sc = spearmanr(y[tr][iva], pred).correlation
/workspace_developability_acquisition/gate_b2/scripts/04_modeling.py:115: ConstantInputWarning: An input array is constant; the correlation coefficient is not defined.
  sc = spearmanr(y[tr][iva], pred).correlation
/workspace_developability_acquisition/gate_b2/scripts/04_modeling.py:115: ConstantInputWarning: An input array is constant; the correlation coefficient is not defined.
  sc = spearmanr(y[tr][iva], pred).correlation
/workspace_developability_acquisition/gate_b2/scripts/04_modeling.py:115: ConstantInputWarning: An input array is constant; the correlation coefficient is not defined.
  sc = spearmanr(y[tr][iva], pred).correlation
/workspace_developability_acquisition/gate_b2/scripts/04_modeling.py:115: ConstantInputWarning: An input array is constant; the correlation coefficient is not defined.
  sc = spearmanr(y[tr][iva], pred).correlation
/workspace_developability_acquisition/gate_b2/scripts/04_modeling.py:115: ConstantInputWarning: An input array is constant; the correlation coefficient is not defined.
  sc = spearmanr(y[tr][iva], pred).correlation
/workspace_developability_acquisition/gate_b2/scripts/04_modeling.py:115: ConstantInputWarning: An input array is constant; the correlation coefficient is not defined.
  sc = spearmanr(y[tr][iva], pred).correlation
/workspace_developability_acquisition/gate_b2/scripts/04_modeling.py:115: ConstantInputWarning: An input array is constant; the correlation coefficient is not defined.
  sc = spearmanr(y[tr][iva], pred).correlation
/workspace_developability_acquisition/gate_b2/scripts/04_modeling.py:115: ConstantInputWarning: An input array is constant; the correlation coefficient is not defined.
  sc = spearmanr(y[tr][iva], pred).correlation
/workspace_developability_acquisition/gate_b2/scripts/04_modeling.py:115: ConstantInputWarning: An input array is constant; the correlation coefficient is not defined.
  sc = spearmanr(y[tr][iva], pred).correlation
/workspace_developability_acquisition/gate_b2/scripts/04_modeling.py:115: ConstantInputWarning: An input array is constant; the correlation coefficient is not defined.
  sc = spearmanr(y[tr][iva], pred).correlation
/workspace_developability_acquisition/gate_b2/scripts/04_modeling.py:115: ConstantInputWarning: An input array is constant; the correlation coefficient is not defined.
  sc = spearmanr(y[tr][iva], pred).correlation
/workspace_developability_acquisition/gate_b2/scripts/04_modeling.py:115: ConstantInputWarning: An input array is constant; the correlation coefficient is not defined.
  sc = spearmanr(y[tr][iva], pred).correlation
/workspace_developability_acquisition/gate_b2/scripts/04_modeling.py:115: ConstantInputWarning: An input array is constant; the correlation coefficient is not defined.
  sc = spearmanr(y[tr][iva], pred).correlation
/workspace_developability_acquisition/gate_b2/scripts/04_modeling.py:115: ConstantInputWarning: An input array is constant; the correlation coefficient is not defined.
  sc = spearmanr(y[tr][iva], pred).correlation
/workspace_developability_acquisition/gate_b2/scripts/04_modeling.py:115: ConstantInputWarning: An input array is constant; the correlation coefficient is not defined.
  sc = spearmanr(y[tr][iva], pred).correlation
/workspace_developability_acquisition/gate_b2/scripts/04_modeling.py:115: ConstantInputWarning: An input array is constant; the correlation coefficient is not defined.
  sc = spearmanr(y[tr][iva], pred).correlation
/workspace_developability_acquisition/gate_b2/scripts/04_modeling.py:115: ConstantInputWarning: An input array is constant; the correlation coefficient is not defined.
  sc = spearmanr(y[tr][iva], pred).correlation
/workspace_developability_acquisition/gate_b2/scripts/04_modeling.py:115: ConstantInputWarning: An input array is constant; the correlation coefficient is not defined.
  sc = spearmanr(y[tr][iva], pred).correlation
/workspace_developability_acquisition/gate_b2/scripts/04_modeling.py:115: ConstantInputWarning: An input array is constant; the correlation coefficient is not defined.
  sc = spearmanr(y[tr][iva], pred).correlation
/workspace_developability_acquisition/gate_b2/scripts/04_modeling.py:115: ConstantInputWarning: An input array is constant; the correlation coefficient is not defined.
  sc = spearmanr(y[tr][iva], pred).correlation
/workspace_developability_acquisition/gate_b2/scripts/04_modeling.py:115: ConstantInputWarning: An input array is constant; the correlation coefficient is not defined.
  sc = spearmanr(y[tr][iva], pred).correlation
/workspace_developability_acquisition/gate_b2/scripts/04_modeling.py:115: ConstantInputWarning: An input array is constant; the correlation coefficient is not defined.
  sc = spearmanr(y[tr][iva], pred).correlation
/workspace_developability_acquisition/gate_b2/scripts/04_modeling.py:115: ConstantInputWarning: An input array is constant; the correlation coefficient is not defined.
  sc = spearmanr(y[tr][iva], pred).correlation
/workspace_developability_acquisition/gate_b2/scripts/04_modeling.py:115: ConstantInputWarning: An input array is constant; the correlation coefficient is not defined.
  sc = spearmanr(y[tr][iva], pred).correlation
/workspace_developability_acquisition/gate_b2/scripts/04_modeling.py:115: ConstantInputWarning: An input array is constant; the correlation coefficient is not defined.
  sc = spearmanr(y[tr][iva], pred).correlation
/workspace_developability_acquisition/gate_b2/scripts/04_modeling.py:115: ConstantInputWarning: An input array is constant; the correlation coefficient is not defined.
  sc = spearmanr(y[tr][iva], pred).correlation
/workspace_developability_acquisition/gate_b2/scripts/04_modeling.py:115: ConstantInputWarning: An input array is constant; the correlation coefficient is not defined.
  sc = spearmanr(y[tr][iva], pred).correlation
/workspace_developability_acquisition/gate_b2/scripts/04_modeling.py:115: ConstantInputWarning: An input array is constant; the correlation coefficient is not defined.
  sc = spearmanr(y[tr][iva], pred).correlation
/workspace_developability_acquisition/gate_b2/scripts/04_modeling.py:115: ConstantInputWarning: An input array is constant; the correlation coefficient is not defined.
  sc = spearmanr(y[tr][iva], pred).correlation
RUN shadow_5 HIC ESMF_NATIVE_ALL_SURFACE Ridge d=154
RUN shadow_5 HIC ESMF_NATIVE_ALL_SURFACE ElasticNet d=154
/workspace_developability_acquisition/gate_b2/scripts/04_modeling.py:115: ConstantInputWarning: An input array is constant; the correlation coefficient is not defined.
  sc = spearmanr(y[tr][iva], pred).correlation
/workspace_developability_acquisition/gate_b2/scripts/04_modeling.py:115: ConstantInputWarning: An input array is constant; the correlation coefficient is not defined.
  sc = spearmanr(y[tr][iva], pred).correlation
/workspace_developability_acquisition/gate_b2/scripts/04_modeling.py:115: ConstantInputWarning: An input array is constant; the correlation coefficient is not defined.
  sc = spearmanr(y[tr][iva], pred).correlation
/workspace_developability_acquisition/gate_b2/scripts/04_modeling.py:115: ConstantInputWarning: An input array is constant; the correlation coefficient is not defined.
  sc = spearmanr(y[tr][iva], pred).correlation
/workspace_developability_acquisition/gate_b2/scripts/04_modeling.py:115: ConstantInputWarning: An input array is constant; the correlation coefficient is not defined.
  sc = spearmanr(y[tr][iva], pred).correlation
/workspace_developability_acquisition/gate_b2/scripts/04_modeling.py:115: ConstantInputWarning: An input array is constant; the correlation coefficient is not defined.
  sc = spearmanr(y[tr][iva], pred).correlation
/workspace_developability_acquisition/gate_b2/scripts/04_modeling.py:115: ConstantInputWarning: An input array is constant; the correlation coefficient is not defined.
  sc = spearmanr(y[tr][iva], pred).correlation
/workspace_developability_acquisition/gate_b2/scripts/04_modeling.py:115: ConstantInputWarning: An input array is constant; the correlation coefficient is not defined.
  sc = spearmanr(y[tr][iva], pred).correlation
/workspace_developability_acquisition/gate_b2/scripts/04_modeling.py:115: ConstantInputWarning: An input array is constant; the correlation coefficient is not defined.
  sc = spearmanr(y[tr][iva], pred).correlation
/workspace_developability_acquisition/gate_b2/scripts/04_modeling.py:115: ConstantInputWarning: An input array is constant; the correlation coefficient is not defined.
  sc = spearmanr(y[tr][iva], pred).correlation
/workspace_developability_acquisition/gate_b2/scripts/04_modeling.py:115: ConstantInputWarning: An input array is constant; the correlation coefficient is not defined.
  sc = spearmanr(y[tr][iva], pred).correlation
/workspace_developability_acquisition/gate_b2/scripts/04_modeling.py:115: ConstantInputWarning: An input array is constant; the correlation coefficient is not defined.
  sc = spearmanr(y[tr][iva], pred).correlation
/workspace_developability_acquisition/gate_b2/scripts/04_modeling.py:115: ConstantInputWarning: An input array is constant; the correlation coefficient is not defined.
  sc = spearmanr(y[tr][iva], pred).correlation
/workspace_developability_acquisition/gate_b2/scripts/04_modeling.py:115: ConstantInputWarning: An input array is constant; the correlation coefficient is not defined.
  sc = spearmanr(y[tr][iva], pred).correlation
/workspace_developability_acquisition/gate_b2/scripts/04_modeling.py:115: ConstantInputWarning: An input array is constant; the correlation coefficient is not defined.
  sc = spearmanr(y[tr][iva], pred).correlation
/workspace_developability_acquisition/gate_b2/scripts/04_modeling.py:115: ConstantInputWarning: An input array is constant; the correlation coefficient is not defined.
  sc = spearmanr(y[tr][iva], pred).correlation
/workspace_developability_acquisition/gate_b2/scripts/04_modeling.py:115: ConstantInputWarning: An input array is constant; the correlation coefficient is not defined.
  sc = spearmanr(y[tr][iva], pred).correlation
/workspace_developability_acquisition/gate_b2/scripts/04_modeling.py:115: ConstantInputWarning: An input array is constant; the correlation coefficient is not defined.
  sc = spearmanr(y[tr][iva], pred).correlation
/workspace_developability_acquisition/gate_b2/scripts/04_modeling.py:115: ConstantInputWarning: An input array is constant; the correlation coefficient is not defined.
  sc = spearmanr(y[tr][iva], pred).correlation
/workspace_developability_acquisition/gate_b2/scripts/04_modeling.py:115: ConstantInputWarning: An input array is constant; the correlation coefficient is not defined.
  sc = spearmanr(y[tr][iva], pred).correlation
/workspace_developability_acquisition/gate_b2/scripts/04_modeling.py:115: ConstantInputWarning: An input array is constant; the correlation coefficient is not defined.
  sc = spearmanr(y[tr][iva], pred).correlation
/workspace_developability_acquisition/gate_b2/scripts/04_modeling.py:115: ConstantInputWarning: An input array is constant; the correlation coefficient is not defined.
  sc = spearmanr(y[tr][iva], pred).correlation
/workspace_developability_acquisition/gate_b2/scripts/04_modeling.py:115: ConstantInputWarning: An input array is constant; the correlation coefficient is not defined.
  sc = spearmanr(y[tr][iva], pred).correlation
/workspace_developability_acquisition/gate_b2/scripts/04_modeling.py:115: ConstantInputWarning: An input array is constant; the correlation coefficient is not defined.
  sc = spearmanr(y[tr][iva], pred).correlation
/workspace_developability_acquisition/gate_b2/scripts/04_modeling.py:115: ConstantInputWarning: An input array is constant; the correlation coefficient is not defined.
  sc = spearmanr(y[tr][iva], pred).correlation
/workspace_developability_acquisition/gate_b2/scripts/04_modeling.py:115: ConstantInputWarning: An input array is constant; the correlation coefficient is not defined.
  sc = spearmanr(y[tr][iva], pred).correlation
/workspace_developability_acquisition/gate_b2/scripts/04_modeling.py:115: ConstantInputWarning: An input array is constant; the correlation coefficient is not defined.
  sc = spearmanr(y[tr][iva], pred).correlation
/workspace_developability_acquisition/gate_b2/scripts/04_modeling.py:115: ConstantInputWarning: An input array is constant; the correlation coefficient is not defined.
  sc = spearmanr(y[tr][iva], pred).correlation
/workspace_developability_acquisition/gate_b2/scripts/04_modeling.py:115: ConstantInputWarning: An input array is constant; the correlation coefficient is not defined.
  sc = spearmanr(y[tr][iva], pred).correlation
/workspace_developability_acquisition/gate_b2/scripts/04_modeling.py:115: ConstantInputWarning: An input array is constant; the correlation coefficient is not defined.
  sc = spearmanr(y[tr][iva], pred).correlation
RUN shadow_5 HIC ESMF_NATIVE_PATCH Ridge d=7
RUN shadow_5 HIC ESMF_NATIVE_PATCH ElasticNet d=7
/workspace_developability_acquisition/gate_b2/scripts/04_modeling.py:115: ConstantInputWarning: An input array is constant; the correlation coefficient is not defined.
  sc = spearmanr(y[tr][iva], pred).correlation
/workspace_developability_acquisition/gate_b2/scripts/04_modeling.py:115: ConstantInputWarning: An input array is constant; the correlation coefficient is not defined.
  sc = spearmanr(y[tr][iva], pred).correlation
/workspace_developability_acquisition/gate_b2/scripts/04_modeling.py:115: ConstantInputWarning: An input array is constant; the correlation coefficient is not defined.
  sc = spearmanr(y[tr][iva], pred).correlation
/workspace_developability_acquisition/gate_b2/scripts/04_modeling.py:115: ConstantInputWarning: An input array is constant; the correlation coefficient is not defined.
  sc = spearmanr(y[tr][iva], pred).correlation
/workspace_developability_acquisition/gate_b2/scripts/04_modeling.py:115: ConstantInputWarning: An input array is constant; the correlation coefficient is not defined.
  sc = spearmanr(y[tr][iva], pred).correlation
/workspace_developability_acquisition/gate_b2/scripts/04_modeling.py:115: ConstantInputWarning: An input array is constant; the correlation coefficient is not defined.
  sc = spearmanr(y[tr][iva], pred).correlation
/workspace_developability_acquisition/gate_b2/scripts/04_modeling.py:115: ConstantInputWarning: An input array is constant; the correlation coefficient is not defined.
  sc = spearmanr(y[tr][iva], pred).correlation
/workspace_developability_acquisition/gate_b2/scripts/04_modeling.py:115: ConstantInputWarning: An input array is constant; the correlation coefficient is not defined.
  sc = spearmanr(y[tr][iva], pred).correlation
/workspace_developability_acquisition/gate_b2/scripts/04_modeling.py:115: ConstantInputWarning: An input array is constant; the correlation coefficient is not defined.
  sc = spearmanr(y[tr][iva], pred).correlation
/workspace_developability_acquisition/gate_b2/scripts/04_modeling.py:115: ConstantInputWarning: An input array is constant; the correlation coefficient is not defined.
  sc = spearmanr(y[tr][iva], pred).correlation
/workspace_developability_acquisition/gate_b2/scripts/04_modeling.py:115: ConstantInputWarning: An input array is constant; the correlation coefficient is not defined.
  sc = spearmanr(y[tr][iva], pred).correlation
/workspace_developability_acquisition/gate_b2/scripts/04_modeling.py:115: ConstantInputWarning: An input array is constant; the correlation coefficient is not defined.
  sc = spearmanr(y[tr][iva], pred).correlation
/workspace_developability_acquisition/gate_b2/scripts/04_modeling.py:115: ConstantInputWarning: An input array is constant; the correlation coefficient is not defined.
  sc = spearmanr(y[tr][iva], pred).correlation
/workspace_developability_acquisition/gate_b2/scripts/04_modeling.py:115: ConstantInputWarning: An input array is constant; the correlation coefficient is not defined.
  sc = spearmanr(y[tr][iva], pred).correlation
/workspace_developability_acquisition/gate_b2/scripts/04_modeling.py:115: ConstantInputWarning: An input array is constant; the correlation coefficient is not defined.
  sc = spearmanr(y[tr][iva], pred).correlation
/workspace_developability_acquisition/gate_b2/scripts/04_modeling.py:115: ConstantInputWarning: An input array is constant; the correlation coefficient is not defined.
  sc = spearmanr(y[tr][iva], pred).correlation
/workspace_developability_acquisition/gate_b2/scripts/04_modeling.py:115: ConstantInputWarning: An input array is constant; the correlation coefficient is not defined.
  sc = spearmanr(y[tr][iva], pred).correlation
/workspace_developability_acquisition/gate_b2/scripts/04_modeling.py:115: ConstantInputWarning: An input array is constant; the correlation coefficient is not defined.
  sc = spearmanr(y[tr][iva], pred).correlation
/workspace_developability_acquisition/gate_b2/scripts/04_modeling.py:115: ConstantInputWarning: An input array is constant; the correlation coefficient is not defined.
  sc = spearmanr(y[tr][iva], pred).correlation
/workspace_developability_acquisition/gate_b2/scripts/04_modeling.py:115: ConstantInputWarning: An input array is constant; the correlation coefficient is not defined.
  sc = spearmanr(y[tr][iva], pred).correlation
/workspace_developability_acquisition/gate_b2/scripts/04_modeling.py:115: ConstantInputWarning: An input array is constant; the correlation coefficient is not defined.
  sc = spearmanr(y[tr][iva], pred).correlation
/workspace_developability_acquisition/gate_b2/scripts/04_modeling.py:115: ConstantInputWarning: An input array is constant; the correlation coefficient is not defined.
  sc = spearmanr(y[tr][iva], pred).correlation
/workspace_developability_acquisition/gate_b2/scripts/04_modeling.py:115: ConstantInputWarning: An input array is constant; the correlation coefficient is not defined.
  sc = spearmanr(y[tr][iva], pred).correlation
/workspace_developability_acquisition/gate_b2/scripts/04_modeling.py:115: ConstantInputWarning: An input array is constant; the correlation coefficient is not defined.
  sc = spearmanr(y[tr][iva], pred).correlation
/workspace_developability_acquisition/gate_b2/scripts/04_modeling.py:115: ConstantInputWarning: An input array is constant; the correlation coefficient is not defined.
  sc = spearmanr(y[tr][iva], pred).correlation
/workspace_developability_acquisition/gate_b2/scripts/04_modeling.py:115: ConstantInputWarning: An input array is constant; the correlation coefficient is not defined.
  sc = spearmanr(y[tr][iva], pred).correlation
/workspace_developability_acquisition/gate_b2/scripts/04_modeling.py:115: ConstantInputWarning: An input array is constant; the correlation coefficient is not defined.
  sc = spearmanr(y[tr][iva], pred).correlation
/workspace_developability_acquisition/gate_b2/scripts/04_modeling.py:115: ConstantInputWarning: An input array is constant; the correlation coefficient is not defined.
  sc = spearmanr(y[tr][iva], pred).correlation
/workspace_developability_acquisition/gate_b2/scripts/04_modeling.py:115: ConstantInputWarning: An input array is constant; the correlation coefficient is not defined.
  sc = spearmanr(y[tr][iva], pred).correlation
/workspace_developability_acquisition/gate_b2/scripts/04_modeling.py:115: ConstantInputWarning: An input array is constant; the correlation coefficient is not defined.
  sc = spearmanr(y[tr][iva], pred).correlation
/workspace_developability_acquisition/gate_b2/scripts/04_modeling.py:115: ConstantInputWarning: An input array is constant; the correlation coefficient is not defined.
  sc = spearmanr(y[tr][iva], pred).correlation
/workspace_developability_acquisition/gate_b2/scripts/04_modeling.py:115: ConstantInputWarning: An input array is constant; the correlation coefficient is not defined.
  sc = spearmanr(y[tr][iva], pred).correlation
/workspace_developability_acquisition/gate_b2/scripts/04_modeling.py:115: ConstantInputWarning: An input array is constant; the correlation coefficient is not defined.
  sc = spearmanr(y[tr][iva], pred).correlation
/workspace_developability_acquisition/gate_b2/scripts/04_modeling.py:115: ConstantInputWarning: An input array is constant; the correlation coefficient is not defined.
  sc = spearmanr(y[tr][iva], pred).correlation
/workspace_developability_acquisition/gate_b2/scripts/04_modeling.py:115: ConstantInputWarning: An input array is constant; the correlation coefficient is not defined.
  sc = spearmanr(y[tr][iva], pred).correlation
/workspace_developability_acquisition/gate_b2/scripts/04_modeling.py:115: ConstantInputWarning: An input array is constant; the correlation coefficient is not defined.
  sc = spearmanr(y[tr][iva], pred).correlation
/workspace_developability_acquisition/gate_b2/scripts/04_modeling.py:115: ConstantInputWarning: An input array is constant; the correlation coefficient is not defined.
  sc = spearmanr(y[tr][iva], pred).correlation
RUN shadow_5 HIC ESMF_NATIVE_INTERFACE Ridge d=8
RUN shadow_5 HIC ESMF_NATIVE_INTERFACE ElasticNet d=8
/workspace_developability_acquisition/gate_b2/scripts/04_modeling.py:115: ConstantInputWarning: An input array is constant; the correlation coefficient is not defined.
  sc = spearmanr(y[tr][iva], pred).correlation
/workspace_developability_acquisition/gate_b2/scripts/04_modeling.py:115: ConstantInputWarning: An input array is constant; the correlation coefficient is not defined.
  sc = spearmanr(y[tr][iva], pred).correlation
/workspace_developability_acquisition/gate_b2/scripts/04_modeling.py:115: ConstantInputWarning: An input array is constant; the correlation coefficient is not defined.
  sc = spearmanr(y[tr][iva], pred).correlation
/workspace_developability_acquisition/gate_b2/scripts/04_modeling.py:115: ConstantInputWarning: An input array is constant; the correlation coefficient is not defined.
  sc = spearmanr(y[tr][iva], pred).correlation
/workspace_developability_acquisition/gate_b2/scripts/04_modeling.py:115: ConstantInputWarning: An input array is constant; the correlation coefficient is not defined.
  sc = spearmanr(y[tr][iva], pred).correlation
/workspace_developability_acquisition/gate_b2/scripts/04_modeling.py:115: ConstantInputWarning: An input array is constant; the correlation coefficient is not defined.
  sc = spearmanr(y[tr][iva], pred).correlation
/workspace_developability_acquisition/gate_b2/scripts/04_modeling.py:115: ConstantInputWarning: An input array is constant; the correlation coefficient is not defined.
  sc = spearmanr(y[tr][iva], pred).correlation
/workspace_developability_acquisition/gate_b2/scripts/04_modeling.py:115: ConstantInputWarning: An input array is constant; the correlation coefficient is not defined.
  sc = spearmanr(y[tr][iva], pred).correlation
/workspace_developability_acquisition/gate_b2/scripts/04_modeling.py:115: ConstantInputWarning: An input array is constant; the correlation coefficient is not defined.
  sc = spearmanr(y[tr][iva], pred).correlation
/workspace_developability_acquisition/gate_b2/scripts/04_modeling.py:115: ConstantInputWarning: An input array is constant; the correlation coefficient is not defined.
  sc = spearmanr(y[tr][iva], pred).correlation
/workspace_developability_acquisition/gate_b2/scripts/04_modeling.py:115: ConstantInputWarning: An input array is constant; the correlation coefficient is not defined.
  sc = spearmanr(y[tr][iva], pred).correlation
/workspace_developability_acquisition/gate_b2/scripts/04_modeling.py:115: ConstantInputWarning: An input array is constant; the correlation coefficient is not defined.
  sc = spearmanr(y[tr][iva], pred).correlation
/workspace_developability_acquisition/gate_b2/scripts/04_modeling.py:115: ConstantInputWarning: An input array is constant; the correlation coefficient is not defined.
  sc = spearmanr(y[tr][iva], pred).correlation
/workspace_developability_acquisition/gate_b2/scripts/04_modeling.py:115: ConstantInputWarning: An input array is constant; the correlation coefficient is not defined.
  sc = spearmanr(y[tr][iva], pred).correlation
/workspace_developability_acquisition/gate_b2/scripts/04_modeling.py:115: ConstantInputWarning: An input array is constant; the correlation coefficient is not defined.
  sc = spearmanr(y[tr][iva], pred).correlation
/workspace_developability_acquisition/gate_b2/scripts/04_modeling.py:115: ConstantInputWarning: An input array is constant; the correlation coefficient is not defined.
  sc = spearmanr(y[tr][iva], pred).correlation
/workspace_developability_acquisition/gate_b2/scripts/04_modeling.py:115: ConstantInputWarning: An input array is constant; the correlation coefficient is not defined.
  sc = spearmanr(y[tr][iva], pred).correlation
/workspace_developability_acquisition/gate_b2/scripts/04_modeling.py:115: ConstantInputWarning: An input array is constant; the correlation coefficient is not defined.
  sc = spearmanr(y[tr][iva], pred).correlation
/workspace_developability_acquisition/gate_b2/scripts/04_modeling.py:115: ConstantInputWarning: An input array is constant; the correlation coefficient is not defined.
  sc = spearmanr(y[tr][iva], pred).correlation
/workspace_developability_acquisition/gate_b2/scripts/04_modeling.py:115: ConstantInputWarning: An input array is constant; the correlation coefficient is not defined.
  sc = spearmanr(y[tr][iva], pred).correlation
/workspace_developability_acquisition/gate_b2/scripts/04_modeling.py:115: ConstantInputWarning: An input array is constant; the correlation coefficient is not defined.
  sc = spearmanr(y[tr][iva], pred).correlation
/workspace_developability_acquisition/gate_b2/scripts/04_modeling.py:115: ConstantInputWarning: An input array is constant; the correlation coefficient is not defined.
  sc = spearmanr(y[tr][iva], pred).correlation
/workspace_developability_acquisition/gate_b2/scripts/04_modeling.py:115: ConstantInputWarning: An input array is constant; the correlation coefficient is not defined.
  sc = spearmanr(y[tr][iva], pred).correlation
/workspace_developability_acquisition/gate_b2/scripts/04_modeling.py:115: ConstantInputWarning: An input array is constant; the correlation coefficient is not defined.
  sc = spearmanr(y[tr][iva], pred).correlation
/workspace_developability_acquisition/gate_b2/scripts/04_modeling.py:115: ConstantInputWarning: An input array is constant; the correlation coefficient is not defined.
  sc = spearmanr(y[tr][iva], pred).correlation
/workspace_developability_acquisition/gate_b2/scripts/04_modeling.py:115: ConstantInputWarning: An input array is constant; the correlation coefficient is not defined.
  sc = spearmanr(y[tr][iva], pred).correlation
/workspace_developability_acquisition/gate_b2/scripts/04_modeling.py:115: ConstantInputWarning: An input array is constant; the correlation coefficient is not defined.
  sc = spearmanr(y[tr][iva], pred).correlation
/workspace_developability_acquisition/gate_b2/scripts/04_modeling.py:115: ConstantInputWarning: An input array is constant; the correlation coefficient is not defined.
  sc = spearmanr(y[tr][iva], pred).correlation
/workspace_developability_acquisition/gate_b2/scripts/04_modeling.py:115: ConstantInputWarning: An input array is constant; the correlation coefficient is not defined.
  sc = spearmanr(y[tr][iva], pred).correlation
/workspace_developability_acquisition/gate_b2/scripts/04_modeling.py:115: ConstantInputWarning: An input array is constant; the correlation coefficient is not defined.
  sc = spearmanr(y[tr][iva], pred).correlation
/workspace_developability_acquisition/gate_b2/scripts/04_modeling.py:115: ConstantInputWarning: An input array is constant; the correlation coefficient is not defined.
  sc = spearmanr(y[tr][iva], pred).correlation
/workspace_developability_acquisition/gate_b2/scripts/04_modeling.py:115: ConstantInputWarning: An input array is constant; the correlation coefficient is not defined.
  sc = spearmanr(y[tr][iva], pred).correlation
/workspace_developability_acquisition/gate_b2/scripts/04_modeling.py:115: ConstantInputWarning: An input array is constant; the correlation coefficient is not defined.
  sc = spearmanr(y[tr][iva], pred).correlation
/workspace_developability_acquisition/gate_b2/scripts/04_modeling.py:115: ConstantInputWarning: An input array is constant; the correlation coefficient is not defined.
  sc = spearmanr(y[tr][iva], pred).correlation
RUN shadow_5 HIC ESMF_NATIVE_ALL Ridge d=189
RUN shadow_5 HIC ESMF_NATIVE_ALL ElasticNet d=189
/workspace_developability_acquisition/gate_b2/scripts/04_modeling.py:115: ConstantInputWarning: An input array is constant; the correlation coefficient is not defined.
  sc = spearmanr(y[tr][iva], pred).correlation
/workspace_developability_acquisition/gate_b2/scripts/04_modeling.py:115: ConstantInputWarning: An input array is constant; the correlation coefficient is not defined.
  sc = spearmanr(y[tr][iva], pred).correlation
/workspace_developability_acquisition/gate_b2/scripts/04_modeling.py:115: ConstantInputWarning: An input array is constant; the correlation coefficient is not defined.
  sc = spearmanr(y[tr][iva], pred).correlation
/workspace_developability_acquisition/gate_b2/scripts/04_modeling.py:115: ConstantInputWarning: An input array is constant; the correlation coefficient is not defined.
  sc = spearmanr(y[tr][iva], pred).correlation
/workspace_developability_acquisition/gate_b2/scripts/04_modeling.py:115: ConstantInputWarning: An input array is constant; the correlation coefficient is not defined.
  sc = spearmanr(y[tr][iva], pred).correlation
/workspace_developability_acquisition/gate_b2/scripts/04_modeling.py:115: ConstantInputWarning: An input array is constant; the correlation coefficient is not defined.
  sc = spearmanr(y[tr][iva], pred).correlation
/workspace_developability_acquisition/gate_b2/scripts/04_modeling.py:115: ConstantInputWarning: An input array is constant; the correlation coefficient is not defined.
  sc = spearmanr(y[tr][iva], pred).correlation
/workspace_developability_acquisition/gate_b2/scripts/04_modeling.py:115: ConstantInputWarning: An input array is constant; the correlation coefficient is not defined.
  sc = spearmanr(y[tr][iva], pred).correlation
/workspace_developability_acquisition/gate_b2/scripts/04_modeling.py:115: ConstantInputWarning: An input array is constant; the correlation coefficient is not defined.
  sc = spearmanr(y[tr][iva], pred).correlation
/workspace_developability_acquisition/gate_b2/scripts/04_modeling.py:115: ConstantInputWarning: An input array is constant; the correlation coefficient is not defined.
  sc = spearmanr(y[tr][iva], pred).correlation
/workspace_developability_acquisition/gate_b2/scripts/04_modeling.py:115: ConstantInputWarning: An input array is constant; the correlation coefficient is not defined.
  sc = spearmanr(y[tr][iva], pred).correlation
/workspace_developability_acquisition/gate_b2/scripts/04_modeling.py:115: ConstantInputWarning: An input array is constant; the correlation coefficient is not defined.
  sc = spearmanr(y[tr][iva], pred).correlation
/workspace_developability_acquisition/gate_b2/scripts/04_modeling.py:115: ConstantInputWarning: An input array is constant; the correlation coefficient is not defined.
  sc = spearmanr(y[tr][iva], pred).correlation
/workspace_developability_acquisition/gate_b2/scripts/04_modeling.py:115: ConstantInputWarning: An input array is constant; the correlation coefficient is not defined.
  sc = spearmanr(y[tr][iva], pred).correlation
/workspace_developability_acquisition/gate_b2/scripts/04_modeling.py:115: ConstantInputWarning: An input array is constant; the correlation coefficient is not defined.
  sc = spearmanr(y[tr][iva], pred).correlation
/workspace_developability_acquisition/gate_b2/scripts/04_modeling.py:115: ConstantInputWarning: An input array is constant; the correlation coefficient is not defined.
  sc = spearmanr(y[tr][iva], pred).correlation
/workspace_developability_acquisition/gate_b2/scripts/04_modeling.py:115: ConstantInputWarning: An input array is constant; the correlation coefficient is not defined.
  sc = spearmanr(y[tr][iva], pred).correlation
/workspace_developability_acquisition/gate_b2/scripts/04_modeling.py:115: ConstantInputWarning: An input array is constant; the correlation coefficient is not defined.
  sc = spearmanr(y[tr][iva], pred).correlation
/workspace_developability_acquisition/gate_b2/scripts/04_modeling.py:115: ConstantInputWarning: An input array is constant; the correlation coefficient is not defined.
  sc = spearmanr(y[tr][iva], pred).correlation
/workspace_developability_acquisition/gate_b2/scripts/04_modeling.py:115: ConstantInputWarning: An input array is constant; the correlation coefficient is not defined.
  sc = spearmanr(y[tr][iva], pred).correlation
/workspace_developability_acquisition/gate_b2/scripts/04_modeling.py:115: ConstantInputWarning: An input array is constant; the correlation coefficient is not defined.
  sc = spearmanr(y[tr][iva], pred).correlation
/workspace_developability_acquisition/gate_b2/scripts/04_modeling.py:115: ConstantInputWarning: An input array is constant; the correlation coefficient is not defined.
  sc = spearmanr(y[tr][iva], pred).correlation
/workspace_developability_acquisition/gate_b2/scripts/04_modeling.py:115: ConstantInputWarning: An input array is constant; the correlation coefficient is not defined.
  sc = spearmanr(y[tr][iva], pred).correlation
/workspace_developability_acquisition/gate_b2/scripts/04_modeling.py:115: ConstantInputWarning: An input array is constant; the correlation coefficient is not defined.
  sc = spearmanr(y[tr][iva], pred).correlation
/workspace_developability_acquisition/gate_b2/scripts/04_modeling.py:115: ConstantInputWarning: An input array is constant; the correlation coefficient is not defined.
  sc = spearmanr(y[tr][iva], pred).correlation
/workspace_developability_acquisition/gate_b2/scripts/04_modeling.py:115: ConstantInputWarning: An input array is constant; the correlation coefficient is not defined.
  sc = spearmanr(y[tr][iva], pred).correlation
/workspace_developability_acquisition/gate_b2/scripts/04_modeling.py:115: ConstantInputWarning: An input array is constant; the correlation coefficient is not defined.
  sc = spearmanr(y[tr][iva], pred).correlation
/workspace_developability_acquisition/gate_b2/scripts/04_modeling.py:115: ConstantInputWarning: An input array is constant; the correlation coefficient is not defined.
  sc = spearmanr(y[tr][iva], pred).correlation
/workspace_developability_acquisition/gate_b2/scripts/04_modeling.py:115: ConstantInputWarning: An input array is constant; the correlation coefficient is not defined.
  sc = spearmanr(y[tr][iva], pred).correlation
/workspace_developability_acquisition/gate_b2/scripts/04_modeling.py:115: ConstantInputWarning: An input array is constant; the correlation coefficient is not defined.
  sc = spearmanr(y[tr][iva], pred).correlation
FUSION shadow_5 HIC FUSION_ESM2_SEQ Ridge
FUSION shadow_5 HIC FUSION_ESM2_ABB Ridge
FUSION shadow_5 HIC FUSION_ESM2_ESMFN Ridge
CHECKPOINT HIC shadow_5 n=301
RUN canonical TmApp SEQ_SIMPLE Ridge d=99
RUN canonical TmApp SEQ_SIMPLE Lasso d=99
RUN canonical TmApp SEQ_SIMPLE ElasticNet d=99
RUN canonical TmApp SEQ_CDR Ridge d=260
RUN canonical TmApp SEQ_CDR ElasticNet d=260
XGB canonical TmApp SEQ_CDR
RUN canonical TmApp BIO_SHORTCUT Ridge
RUN canonical TmApp BIO_SHORTCUT Lasso
RUN canonical TmApp BIO_SHORTCUT ElasticNet
RUN canonical TmApp PLM_ABLANG2 Ridge d=480
RUN canonical TmApp PLM_ABLANG2 ElasticNet d=480
RUN canonical TmApp PLM_ESM1B Ridge d=2560
RUN canonical TmApp PLM_ESM1B ElasticNet d=2560
RUN canonical TmApp PLM_ESM2 Ridge d=2560
RUN canonical TmApp PLM_ESM2 ElasticNet d=2560
XGB canonical TmApp PLM_ESM2
RUN canonical TmApp PLM_ESM2_CDR6 Ridge d=7680
RUN canonical TmApp PLM_ESM2_CDR6 ElasticNet d=7680
RUN canonical TmApp ABB_SASA Ridge d=79
RUN canonical TmApp ABB_SASA Lasso d=79
RUN canonical TmApp ABB_SASA ElasticNet d=79
RUN canonical TmApp ABB_SASA_RASA Ridge d=156
RUN canonical TmApp ABB_SASA_RASA Lasso d=156
RUN canonical TmApp ABB_SASA_RASA ElasticNet d=156
RUN canonical TmApp ABB_SURFACE Ridge d=77
RUN canonical TmApp ABB_SURFACE Lasso d=77
RUN canonical TmApp ABB_SURFACE ElasticNet d=77
TREE canonical TmApp ABB_SURFACE RF
TREE canonical TmApp ABB_SURFACE ET
RUN canonical TmApp ABB_SURFACE_RASAW Ridge d=77
RUN canonical TmApp ABB_SURFACE_RASAW Lasso d=77
RUN canonical TmApp ABB_SURFACE_RASAW ElasticNet d=77
RUN canonical TmApp ABB_ALL_SURFACE Ridge d=211
RUN canonical TmApp ABB_ALL_SURFACE ElasticNet d=211
RUN canonical TmApp ABB_PATCH Ridge d=7
RUN canonical TmApp ABB_PATCH Lasso d=7
/workspace_developability_acquisition/gate_b2/scripts/04_modeling.py:115: ConstantInputWarning: An input array is constant; the correlation coefficient is not defined.
  sc = spearmanr(y[tr][iva], pred).correlation
/workspace_developability_acquisition/gate_b2/scripts/04_modeling.py:115: ConstantInputWarning: An input array is constant; the correlation coefficient is not defined.
  sc = spearmanr(y[tr][iva], pred).correlation
/workspace_developability_acquisition/gate_b2/scripts/04_modeling.py:115: ConstantInputWarning: An input array is constant; the correlation coefficient is not defined.
  sc = spearmanr(y[tr][iva], pred).correlation
/workspace_developability_acquisition/gate_b2/scripts/04_modeling.py:115: ConstantInputWarning: An input array is constant; the correlation coefficient is not defined.
  sc = spearmanr(y[tr][iva], pred).correlation
RUN canonical TmApp ABB_PATCH ElasticNet d=7
/workspace_developability_acquisition/gate_b2/scripts/04_modeling.py:115: ConstantInputWarning: An input array is constant; the correlation coefficient is not defined.
  sc = spearmanr(y[tr][iva], pred).correlation
/workspace_developability_acquisition/gate_b2/scripts/04_modeling.py:115: ConstantInputWarning: An input array is constant; the correlation coefficient is not defined.
  sc = spearmanr(y[tr][iva], pred).correlation
TREE canonical TmApp ABB_PATCH RF
TREE canonical TmApp ABB_PATCH ET
RUN canonical TmApp ABB_INTERFACE Ridge d=8
RUN canonical TmApp ABB_INTERFACE Lasso d=8
/workspace_developability_acquisition/gate_b2/scripts/04_modeling.py:115: ConstantInputWarning: An input array is constant; the correlation coefficient is not defined.
  sc = spearmanr(y[tr][iva], pred).correlation
/workspace_developability_acquisition/gate_b2/scripts/04_modeling.py:115: ConstantInputWarning: An input array is constant; the correlation coefficient is not defined.
  sc = spearmanr(y[tr][iva], pred).correlation
/workspace_developability_acquisition/gate_b2/scripts/04_modeling.py:115: ConstantInputWarning: An input array is constant; the correlation coefficient is not defined.
  sc = spearmanr(y[tr][iva], pred).correlation
/workspace_developability_acquisition/gate_b2/scripts/04_modeling.py:115: ConstantInputWarning: An input array is constant; the correlation coefficient is not defined.
  sc = spearmanr(y[tr][iva], pred).correlation
/workspace_developability_acquisition/gate_b2/scripts/04_modeling.py:115: ConstantInputWarning: An input array is constant; the correlation coefficient is not defined.
  sc = spearmanr(y[tr][iva], pred).correlation
/workspace_developability_acquisition/gate_b2/scripts/04_modeling.py:115: ConstantInputWarning: An input array is constant; the correlation coefficient is not defined.
  sc = spearmanr(y[tr][iva], pred).correlation
/workspace_developability_acquisition/gate_b2/scripts/04_modeling.py:115: ConstantInputWarning: An input array is constant; the correlation coefficient is not defined.
  sc = spearmanr(y[tr][iva], pred).correlation
/workspace_developability_acquisition/gate_b2/scripts/04_modeling.py:115: ConstantInputWarning: An input array is constant; the correlation coefficient is not defined.
  sc = spearmanr(y[tr][iva], pred).correlation
/workspace_developability_acquisition/gate_b2/scripts/04_modeling.py:115: ConstantInputWarning: An input array is constant; the correlation coefficient is not defined.
  sc = spearmanr(y[tr][iva], pred).correlation
/workspace_developability_acquisition/gate_b2/scripts/04_modeling.py:115: ConstantInputWarning: An input array is constant; the correlation coefficient is not defined.
  sc = spearmanr(y[tr][iva], pred).correlation
/workspace_developability_acquisition/gate_b2/scripts/04_modeling.py:115: ConstantInputWarning: An input array is constant; the correlation coefficient is not defined.
  sc = spearmanr(y[tr][iva], pred).correlation
/workspace_developability_acquisition/gate_b2/scripts/04_modeling.py:115: ConstantInputWarning: An input array is constant; the correlation coefficient is not defined.
  sc = spearmanr(y[tr][iva], pred).correlation
RUN canonical TmApp ABB_INTERFACE ElasticNet d=8
/workspace_developability_acquisition/gate_b2/scripts/04_modeling.py:115: ConstantInputWarning: An input array is constant; the correlation coefficient is not defined.
  sc = spearmanr(y[tr][iva], pred).correlation
/workspace_developability_acquisition/gate_b2/scripts/04_modeling.py:115: ConstantInputWarning: An input array is constant; the correlation coefficient is not defined.
  sc = spearmanr(y[tr][iva], pred).correlation
/workspace_developability_acquisition/gate_b2/scripts/04_modeling.py:115: ConstantInputWarning: An input array is constant; the correlation coefficient is not defined.
  sc = spearmanr(y[tr][iva], pred).correlation
/workspace_developability_acquisition/gate_b2/scripts/04_modeling.py:115: ConstantInputWarning: An input array is constant; the correlation coefficient is not defined.
  sc = spearmanr(y[tr][iva], pred).correlation
/workspace_developability_acquisition/gate_b2/scripts/04_modeling.py:115: ConstantInputWarning: An input array is constant; the correlation coefficient is not defined.
  sc = spearmanr(y[tr][iva], pred).correlation
/workspace_developability_acquisition/gate_b2/scripts/04_modeling.py:115: ConstantInputWarning: An input array is constant; the correlation coefficient is not defined.
  sc = spearmanr(y[tr][iva], pred).correlation
/workspace_developability_acquisition/gate_b2/scripts/04_modeling.py:115: ConstantInputWarning: An input array is constant; the correlation coefficient is not defined.
  sc = spearmanr(y[tr][iva], pred).correlation
/workspace_developability_acquisition/gate_b2/scripts/04_modeling.py:54: ConstantInputWarning: An input array is constant; the correlation coefficient is not defined.
  sp = spearmanr(y_true, y_pred).correlation
/workspace_developability_acquisition/gate_b2/scripts/04_modeling.py:55: ConstantInputWarning: An input array is constant; the correlation coefficient is not defined.
  pr = pearsonr(y_true, y_pred)[0]
/workspace_developability_acquisition/gate_b2/scripts/04_modeling.py:54: ConstantInputWarning: An input array is constant; the correlation coefficient is not defined.
  sp = spearmanr(y_true, y_pred).correlation
/workspace_developability_acquisition/gate_b2/scripts/04_modeling.py:55: ConstantInputWarning: An input array is constant; the correlation coefficient is not defined.
  pr = pearsonr(y_true, y_pred)[0]
RUN canonical TmApp ABB_ALL Ridge d=247
RUN canonical TmApp ABB_ALL ElasticNet d=247
TREE canonical TmApp ABB_ALL RF
TREE canonical TmApp ABB_ALL ET
XGB canonical TmApp ABB_ALL
RUN canonical TmApp ESMF_NATIVE_SASA Ridge d=58
RUN canonical TmApp ESMF_NATIVE_SASA Lasso d=58
RUN canonical TmApp ESMF_NATIVE_SASA ElasticNet d=58
RUN canonical TmApp ESMF_NATIVE_SASA_RASA Ridge d=114
RUN canonical TmApp ESMF_NATIVE_SASA_RASA Lasso d=114
RUN canonical TmApp ESMF_NATIVE_SASA_RASA ElasticNet d=114
RUN canonical TmApp ESMF_NATIVE_SURFACE Ridge d=56
RUN canonical TmApp ESMF_NATIVE_SURFACE Lasso d=56
RUN canonical TmApp ESMF_NATIVE_SURFACE ElasticNet d=56
TREE canonical TmApp ESMF_NATIVE_SURFACE RF
TREE canonical TmApp ESMF_NATIVE_SURFACE ET
RUN canonical TmApp ESMF_NATIVE_SURFACE_RASAW Ridge d=56
RUN canonical TmApp ESMF_NATIVE_SURFACE_RASAW Lasso d=56
/workspace_developability_acquisition/gate_b2/scripts/04_modeling.py:115: ConstantInputWarning: An input array is constant; the correlation coefficient is not defined.
  sc = spearmanr(y[tr][iva], pred).correlation
RUN canonical TmApp ESMF_NATIVE_SURFACE_RASAW ElasticNet d=56
RUN canonical TmApp ESMF_NATIVE_ALL_SURFACE Ridge d=154
RUN canonical TmApp ESMF_NATIVE_ALL_SURFACE Lasso d=154
RUN canonical TmApp ESMF_NATIVE_ALL_SURFACE ElasticNet d=154
RUN canonical TmApp ESMF_NATIVE_PATCH Ridge d=7
RUN canonical TmApp ESMF_NATIVE_PATCH Lasso d=7
/workspace_developability_acquisition/gate_b2/scripts/04_modeling.py:115: ConstantInputWarning: An input array is constant; the correlation coefficient is not defined.
  sc = spearmanr(y[tr][iva], pred).correlation
/workspace_developability_acquisition/gate_b2/scripts/04_modeling.py:115: ConstantInputWarning: An input array is constant; the correlation coefficient is not defined.
  sc = spearmanr(y[tr][iva], pred).correlation
/workspace_developability_acquisition/gate_b2/scripts/04_modeling.py:115: ConstantInputWarning: An input array is constant; the correlation coefficient is not defined.
  sc = spearmanr(y[tr][iva], pred).correlation
/workspace_developability_acquisition/gate_b2/scripts/04_modeling.py:115: ConstantInputWarning: An input array is constant; the correlation coefficient is not defined.
  sc = spearmanr(y[tr][iva], pred).correlation
/workspace_developability_acquisition/gate_b2/scripts/04_modeling.py:115: ConstantInputWarning: An input array is constant; the correlation coefficient is not defined.
  sc = spearmanr(y[tr][iva], pred).correlation
/workspace_developability_acquisition/gate_b2/scripts/04_modeling.py:115: ConstantInputWarning: An input array is constant; the correlation coefficient is not defined.
  sc = spearmanr(y[tr][iva], pred).correlation
/workspace_developability_acquisition/gate_b2/scripts/04_modeling.py:115: ConstantInputWarning: An input array is constant; the correlation coefficient is not defined.
  sc = spearmanr(y[tr][iva], pred).correlation
/workspace_developability_acquisition/gate_b2/scripts/04_modeling.py:115: ConstantInputWarning: An input array is constant; the correlation coefficient is not defined.
  sc = spearmanr(y[tr][iva], pred).correlation
RUN canonical TmApp ESMF_NATIVE_PATCH ElasticNet d=7
/workspace_developability_acquisition/gate_b2/scripts/04_modeling.py:115: ConstantInputWarning: An input array is constant; the correlation coefficient is not defined.
  sc = spearmanr(y[tr][iva], pred).correlation
TREE canonical TmApp ESMF_NATIVE_PATCH RF
TREE canonical TmApp ESMF_NATIVE_PATCH ET
RUN canonical TmApp ESMF_NATIVE_INTERFACE Ridge d=8
RUN canonical TmApp ESMF_NATIVE_INTERFACE Lasso d=8
/workspace_developability_acquisition/gate_b2/scripts/04_modeling.py:115: ConstantInputWarning: An input array is constant; the correlation coefficient is not defined.
  sc = spearmanr(y[tr][iva], pred).correlation
/workspace_developability_acquisition/gate_b2/scripts/04_modeling.py:115: ConstantInputWarning: An input array is constant; the correlation coefficient is not defined.
  sc = spearmanr(y[tr][iva], pred).correlation
/workspace_developability_acquisition/gate_b2/scripts/04_modeling.py:115: ConstantInputWarning: An input array is constant; the correlation coefficient is not defined.
  sc = spearmanr(y[tr][iva], pred).correlation
/workspace_developability_acquisition/gate_b2/scripts/04_modeling.py:115: ConstantInputWarning: An input array is constant; the correlation coefficient is not defined.
  sc = spearmanr(y[tr][iva], pred).correlation
/workspace_developability_acquisition/gate_b2/scripts/04_modeling.py:115: ConstantInputWarning: An input array is constant; the correlation coefficient is not defined.
  sc = spearmanr(y[tr][iva], pred).correlation
/workspace_developability_acquisition/gate_b2/scripts/04_modeling.py:115: ConstantInputWarning: An input array is constant; the correlation coefficient is not defined.
  sc = spearmanr(y[tr][iva], pred).correlation
/workspace_developability_acquisition/gate_b2/scripts/04_modeling.py:115: ConstantInputWarning: An input array is constant; the correlation coefficient is not defined.
  sc = spearmanr(y[tr][iva], pred).correlation
/workspace_developability_acquisition/gate_b2/scripts/04_modeling.py:115: ConstantInputWarning: An input array is constant; the correlation coefficient is not defined.
  sc = spearmanr(y[tr][iva], pred).correlation
/workspace_developability_acquisition/gate_b2/scripts/04_modeling.py:115: ConstantInputWarning: An input array is constant; the correlation coefficient is not defined.
  sc = spearmanr(y[tr][iva], pred).correlation
/workspace_developability_acquisition/gate_b2/scripts/04_modeling.py:115: ConstantInputWarning: An input array is constant; the correlation coefficient is not defined.
  sc = spearmanr(y[tr][iva], pred).correlation
/workspace_developability_acquisition/gate_b2/scripts/04_modeling.py:115: ConstantInputWarning: An input array is constant; the correlation coefficient is not defined.
  sc = spearmanr(y[tr][iva], pred).correlation
RUN canonical TmApp ESMF_NATIVE_INTERFACE ElasticNet d=8
/workspace_developability_acquisition/gate_b2/scripts/04_modeling.py:115: ConstantInputWarning: An input array is constant; the correlation coefficient is not defined.
  sc = spearmanr(y[tr][iva], pred).correlation
/workspace_developability_acquisition/gate_b2/scripts/04_modeling.py:115: ConstantInputWarning: An input array is constant; the correlation coefficient is not defined.
  sc = spearmanr(y[tr][iva], pred).correlation
/workspace_developability_acquisition/gate_b2/scripts/04_modeling.py:115: ConstantInputWarning: An input array is constant; the correlation coefficient is not defined.
  sc = spearmanr(y[tr][iva], pred).correlation
/workspace_developability_acquisition/gate_b2/scripts/04_modeling.py:115: ConstantInputWarning: An input array is constant; the correlation coefficient is not defined.
  sc = spearmanr(y[tr][iva], pred).correlation
/workspace_developability_acquisition/gate_b2/scripts/04_modeling.py:115: ConstantInputWarning: An input array is constant; the correlation coefficient is not defined.
  sc = spearmanr(y[tr][iva], pred).correlation
/workspace_developability_acquisition/gate_b2/scripts/04_modeling.py:115: ConstantInputWarning: An input array is constant; the correlation coefficient is not defined.
  sc = spearmanr(y[tr][iva], pred).correlation
/workspace_developability_acquisition/gate_b2/scripts/04_modeling.py:115: ConstantInputWarning: An input array is constant; the correlation coefficient is not defined.
  sc = spearmanr(y[tr][iva], pred).correlation
/workspace_developability_acquisition/gate_b2/scripts/04_modeling.py:115: ConstantInputWarning: An input array is constant; the correlation coefficient is not defined.
  sc = spearmanr(y[tr][iva], pred).correlation
/workspace_developability_acquisition/gate_b2/scripts/04_modeling.py:115: ConstantInputWarning: An input array is constant; the correlation coefficient is not defined.
  sc = spearmanr(y[tr][iva], pred).correlation
RUN canonical TmApp ESMF_NATIVE_ALL Ridge d=189
RUN canonical TmApp ESMF_NATIVE_ALL Lasso d=189
RUN canonical TmApp ESMF_NATIVE_ALL ElasticNet d=189
TREE canonical TmApp ESMF_NATIVE_ALL RF
TREE canonical TmApp ESMF_NATIVE_ALL ET
XGB canonical TmApp ESMF_NATIVE_ALL
FUSION canonical TmApp FUSION_ESM2_SEQ Ridge
FUSION canonical TmApp FUSION_ESM2_SEQ ElasticNet
FUSION canonical TmApp FUSION_ESM2_ABB Ridge
FUSION canonical TmApp FUSION_ESM2_ABB ElasticNet
FUSION canonical TmApp FUSION_ESM2_ESMFN Ridge
FUSION canonical TmApp FUSION_ESM2_ESMFN ElasticNet
CHECKPOINT TmApp canonical n=387
RUN shadow_1 TmApp SEQ_SIMPLE Ridge d=99
RUN shadow_1 TmApp SEQ_SIMPLE ElasticNet d=99
RUN shadow_1 TmApp SEQ_CDR Ridge d=260
RUN shadow_1 TmApp BIO_SHORTCUT Ridge
RUN shadow_1 TmApp BIO_SHORTCUT ElasticNet
RUN shadow_1 TmApp PLM_ABLANG2 Ridge d=480
RUN shadow_1 TmApp PLM_ESM1B Ridge d=2560
RUN shadow_1 TmApp PLM_ESM2 Ridge d=2560
RUN shadow_1 TmApp PLM_ESM2_CDR6 Ridge d=7680
RUN shadow_1 TmApp ABB_SASA Ridge d=79
RUN shadow_1 TmApp ABB_SASA ElasticNet d=79
RUN shadow_1 TmApp ABB_SASA_RASA Ridge d=156
RUN shadow_1 TmApp ABB_SASA_RASA ElasticNet d=156
RUN shadow_1 TmApp ABB_SURFACE Ridge d=77
RUN shadow_1 TmApp ABB_SURFACE ElasticNet d=77
RUN shadow_1 TmApp ABB_SURFACE_RASAW Ridge d=77
RUN shadow_1 TmApp ABB_SURFACE_RASAW ElasticNet d=77
RUN shadow_1 TmApp ABB_ALL_SURFACE Ridge d=211
RUN shadow_1 TmApp ABB_PATCH Ridge d=7
RUN shadow_1 TmApp ABB_PATCH ElasticNet d=7
/workspace_developability_acquisition/gate_b2/scripts/04_modeling.py:115: ConstantInputWarning: An input array is constant; the correlation coefficient is not defined.
  sc = spearmanr(y[tr][iva], pred).correlation
RUN shadow_1 TmApp ABB_INTERFACE Ridge d=8
RUN shadow_1 TmApp ABB_INTERFACE ElasticNet d=8
/workspace_developability_acquisition/gate_b2/scripts/04_modeling.py:115: ConstantInputWarning: An input array is constant; the correlation coefficient is not defined.
  sc = spearmanr(y[tr][iva], pred).correlation
/workspace_developability_acquisition/gate_b2/scripts/04_modeling.py:115: ConstantInputWarning: An input array is constant; the correlation coefficient is not defined.
  sc = spearmanr(y[tr][iva], pred).correlation
/workspace_developability_acquisition/gate_b2/scripts/04_modeling.py:115: ConstantInputWarning: An input array is constant; the correlation coefficient is not defined.
  sc = spearmanr(y[tr][iva], pred).correlation
/workspace_developability_acquisition/gate_b2/scripts/04_modeling.py:115: ConstantInputWarning: An input array is constant; the correlation coefficient is not defined.
  sc = spearmanr(y[tr][iva], pred).correlation
RUN shadow_1 TmApp ABB_ALL Ridge d=247
RUN shadow_1 TmApp ESMF_NATIVE_SASA Ridge d=58
RUN shadow_1 TmApp ESMF_NATIVE_SASA ElasticNet d=58
RUN shadow_1 TmApp ESMF_NATIVE_SASA_RASA Ridge d=114
RUN shadow_1 TmApp ESMF_NATIVE_SASA_RASA ElasticNet d=114
RUN shadow_1 TmApp ESMF_NATIVE_SURFACE Ridge d=56
RUN shadow_1 TmApp ESMF_NATIVE_SURFACE ElasticNet d=56
RUN shadow_1 TmApp ESMF_NATIVE_SURFACE_RASAW Ridge d=56
RUN shadow_1 TmApp ESMF_NATIVE_SURFACE_RASAW ElasticNet d=56
RUN shadow_1 TmApp ESMF_NATIVE_ALL_SURFACE Ridge d=154
RUN shadow_1 TmApp ESMF_NATIVE_ALL_SURFACE ElasticNet d=154
RUN shadow_1 TmApp ESMF_NATIVE_PATCH Ridge d=7
RUN shadow_1 TmApp ESMF_NATIVE_PATCH ElasticNet d=7
/workspace_developability_acquisition/gate_b2/scripts/04_modeling.py:115: ConstantInputWarning: An input array is constant; the correlation coefficient is not defined.
  sc = spearmanr(y[tr][iva], pred).correlation
RUN shadow_1 TmApp ESMF_NATIVE_INTERFACE Ridge d=8
RUN shadow_1 TmApp ESMF_NATIVE_INTERFACE ElasticNet d=8
/workspace_developability_acquisition/gate_b2/scripts/04_modeling.py:115: ConstantInputWarning: An input array is constant; the correlation coefficient is not defined.
  sc = spearmanr(y[tr][iva], pred).correlation
/workspace_developability_acquisition/gate_b2/scripts/04_modeling.py:115: ConstantInputWarning: An input array is constant; the correlation coefficient is not defined.
  sc = spearmanr(y[tr][iva], pred).correlation
/workspace_developability_acquisition/gate_b2/scripts/04_modeling.py:115: ConstantInputWarning: An input array is constant; the correlation coefficient is not defined.
  sc = spearmanr(y[tr][iva], pred).correlation
/workspace_developability_acquisition/gate_b2/scripts/04_modeling.py:115: ConstantInputWarning: An input array is constant; the correlation coefficient is not defined.
  sc = spearmanr(y[tr][iva], pred).correlation
/workspace_developability_acquisition/gate_b2/scripts/04_modeling.py:115: ConstantInputWarning: An input array is constant; the correlation coefficient is not defined.
  sc = spearmanr(y[tr][iva], pred).correlation
/workspace_developability_acquisition/gate_b2/scripts/04_modeling.py:115: ConstantInputWarning: An input array is constant; the correlation coefficient is not defined.
  sc = spearmanr(y[tr][iva], pred).correlation
/workspace_developability_acquisition/gate_b2/scripts/04_modeling.py:115: ConstantInputWarning: An input array is constant; the correlation coefficient is not defined.
  sc = spearmanr(y[tr][iva], pred).correlation
/workspace_developability_acquisition/gate_b2/scripts/04_modeling.py:115: ConstantInputWarning: An input array is constant; the correlation coefficient is not defined.
  sc = spearmanr(y[tr][iva], pred).correlation
/workspace_developability_acquisition/gate_b2/scripts/04_modeling.py:115: ConstantInputWarning: An input array is constant; the correlation coefficient is not defined.
  sc = spearmanr(y[tr][iva], pred).correlation
/workspace_developability_acquisition/gate_b2/scripts/04_modeling.py:115: ConstantInputWarning: An input array is constant; the correlation coefficient is not defined.
  sc = spearmanr(y[tr][iva], pred).correlation
/workspace_developability_acquisition/gate_b2/scripts/04_modeling.py:54: ConstantInputWarning: An input array is constant; the correlation coefficient is not defined.
  sp = spearmanr(y_true, y_pred).correlation
/workspace_developability_acquisition/gate_b2/scripts/04_modeling.py:55: ConstantInputWarning: An input array is constant; the correlation coefficient is not defined.
  pr = pearsonr(y_true, y_pred)[0]
/workspace_developability_acquisition/gate_b2/scripts/04_modeling.py:54: ConstantInputWarning: An input array is constant; the correlation coefficient is not defined.
  sp = spearmanr(y_true, y_pred).correlation
/workspace_developability_acquisition/gate_b2/scripts/04_modeling.py:55: ConstantInputWarning: An input array is constant; the correlation coefficient is not defined.
  pr = pearsonr(y_true, y_pred)[0]
RUN shadow_1 TmApp ESMF_NATIVE_ALL Ridge d=189
RUN shadow_1 TmApp ESMF_NATIVE_ALL ElasticNet d=189
FUSION shadow_1 TmApp FUSION_ESM2_SEQ Ridge
FUSION shadow_1 TmApp FUSION_ESM2_ABB Ridge
FUSION shadow_1 TmApp FUSION_ESM2_ESMFN Ridge
CHECKPOINT TmApp shadow_1 n=430
RUN shadow_2 TmApp SEQ_SIMPLE Ridge d=99
RUN shadow_2 TmApp SEQ_SIMPLE ElasticNet d=99
RUN shadow_2 TmApp SEQ_CDR Ridge d=260
RUN shadow_2 TmApp BIO_SHORTCUT Ridge
RUN shadow_2 TmApp BIO_SHORTCUT ElasticNet
RUN shadow_2 TmApp PLM_ABLANG2 Ridge d=480
RUN shadow_2 TmApp PLM_ESM1B Ridge d=2560
RUN shadow_2 TmApp PLM_ESM2 Ridge d=2560
RUN shadow_2 TmApp PLM_ESM2_CDR6 Ridge d=7680
RUN shadow_2 TmApp ABB_SASA Ridge d=79
RUN shadow_2 TmApp ABB_SASA ElasticNet d=79
RUN shadow_2 TmApp ABB_SASA_RASA Ridge d=156
RUN shadow_2 TmApp ABB_SASA_RASA ElasticNet d=156
RUN shadow_2 TmApp ABB_SURFACE Ridge d=77
RUN shadow_2 TmApp ABB_SURFACE ElasticNet d=77
RUN shadow_2 TmApp ABB_SURFACE_RASAW Ridge d=77
RUN shadow_2 TmApp ABB_SURFACE_RASAW ElasticNet d=77
RUN shadow_2 TmApp ABB_ALL_SURFACE Ridge d=211
RUN shadow_2 TmApp ABB_PATCH Ridge d=7
RUN shadow_2 TmApp ABB_PATCH ElasticNet d=7
RUN shadow_2 TmApp ABB_INTERFACE Ridge d=8
RUN shadow_2 TmApp ABB_INTERFACE ElasticNet d=8
/workspace_developability_acquisition/gate_b2/scripts/04_modeling.py:115: ConstantInputWarning: An input array is constant; the correlation coefficient is not defined.
  sc = spearmanr(y[tr][iva], pred).correlation
/workspace_developability_acquisition/gate_b2/scripts/04_modeling.py:115: ConstantInputWarning: An input array is constant; the correlation coefficient is not defined.
  sc = spearmanr(y[tr][iva], pred).correlation
/workspace_developability_acquisition/gate_b2/scripts/04_modeling.py:115: ConstantInputWarning: An input array is constant; the correlation coefficient is not defined.
  sc = spearmanr(y[tr][iva], pred).correlation
/workspace_developability_acquisition/gate_b2/scripts/04_modeling.py:115: ConstantInputWarning: An input array is constant; the correlation coefficient is not defined.
  sc = spearmanr(y[tr][iva], pred).correlation
/workspace_developability_acquisition/gate_b2/scripts/04_modeling.py:115: ConstantInputWarning: An input array is constant; the correlation coefficient is not defined.
  sc = spearmanr(y[tr][iva], pred).correlation
/workspace_developability_acquisition/gate_b2/scripts/04_modeling.py:115: ConstantInputWarning: An input array is constant; the correlation coefficient is not defined.
  sc = spearmanr(y[tr][iva], pred).correlation
/workspace_developability_acquisition/gate_b2/scripts/04_modeling.py:115: ConstantInputWarning: An input array is constant; the correlation coefficient is not defined.
  sc = spearmanr(y[tr][iva], pred).correlation
/workspace_developability_acquisition/gate_b2/scripts/04_modeling.py:115: ConstantInputWarning: An input array is constant; the correlation coefficient is not defined.
  sc = spearmanr(y[tr][iva], pred).correlation
/workspace_developability_acquisition/gate_b2/scripts/04_modeling.py:115: ConstantInputWarning: An input array is constant; the correlation coefficient is not defined.
  sc = spearmanr(y[tr][iva], pred).correlation
/workspace_developability_acquisition/gate_b2/scripts/04_modeling.py:115: ConstantInputWarning: An input array is constant; the correlation coefficient is not defined.
  sc = spearmanr(y[tr][iva], pred).correlation
/workspace_developability_acquisition/gate_b2/scripts/04_modeling.py:115: ConstantInputWarning: An input array is constant; the correlation coefficient is not defined.
  sc = spearmanr(y[tr][iva], pred).correlation
/workspace_developability_acquisition/gate_b2/scripts/04_modeling.py:115: ConstantInputWarning: An input array is constant; the correlation coefficient is not defined.
  sc = spearmanr(y[tr][iva], pred).correlation
/workspace_developability_acquisition/gate_b2/scripts/04_modeling.py:115: ConstantInputWarning: An input array is constant; the correlation coefficient is not defined.
  sc = spearmanr(y[tr][iva], pred).correlation
/workspace_developability_acquisition/gate_b2/scripts/04_modeling.py:115: ConstantInputWarning: An input array is constant; the correlation coefficient is not defined.
  sc = spearmanr(y[tr][iva], pred).correlation
/workspace_developability_acquisition/gate_b2/scripts/04_modeling.py:115: ConstantInputWarning: An input array is constant; the correlation coefficient is not defined.
  sc = spearmanr(y[tr][iva], pred).correlation
RUN shadow_2 TmApp ABB_ALL Ridge d=247
RUN shadow_2 TmApp ESMF_NATIVE_SASA Ridge d=58
RUN shadow_2 TmApp ESMF_NATIVE_SASA ElasticNet d=58
/workspace_developability_acquisition/gate_b2/scripts/04_modeling.py:115: ConstantInputWarning: An input array is constant; the correlation coefficient is not defined.
  sc = spearmanr(y[tr][iva], pred).correlation
RUN shadow_2 TmApp ESMF_NATIVE_SASA_RASA Ridge d=114
RUN shadow_2 TmApp ESMF_NATIVE_SASA_RASA ElasticNet d=114
RUN shadow_2 TmApp ESMF_NATIVE_SURFACE Ridge d=56
RUN shadow_2 TmApp ESMF_NATIVE_SURFACE ElasticNet d=56
/workspace_developability_acquisition/gate_b2/scripts/04_modeling.py:115: ConstantInputWarning: An input array is constant; the correlation coefficient is not defined.
  sc = spearmanr(y[tr][iva], pred).correlation
RUN shadow_2 TmApp ESMF_NATIVE_SURFACE_RASAW Ridge d=56
RUN shadow_2 TmApp ESMF_NATIVE_SURFACE_RASAW ElasticNet d=56
RUN shadow_2 TmApp ESMF_NATIVE_ALL_SURFACE Ridge d=154
RUN shadow_2 TmApp ESMF_NATIVE_ALL_SURFACE ElasticNet d=154
RUN shadow_2 TmApp ESMF_NATIVE_PATCH Ridge d=7
RUN shadow_2 TmApp ESMF_NATIVE_PATCH ElasticNet d=7
/workspace_developability_acquisition/gate_b2/scripts/04_modeling.py:115: ConstantInputWarning: An input array is constant; the correlation coefficient is not defined.
  sc = spearmanr(y[tr][iva], pred).correlation
/workspace_developability_acquisition/gate_b2/scripts/04_modeling.py:115: ConstantInputWarning: An input array is constant; the correlation coefficient is not defined.
  sc = spearmanr(y[tr][iva], pred).correlation
/workspace_developability_acquisition/gate_b2/scripts/04_modeling.py:115: ConstantInputWarning: An input array is constant; the correlation coefficient is not defined.
  sc = spearmanr(y[tr][iva], pred).correlation
/workspace_developability_acquisition/gate_b2/scripts/04_modeling.py:115: ConstantInputWarning: An input array is constant; the correlation coefficient is not defined.
  sc = spearmanr(y[tr][iva], pred).correlation
/workspace_developability_acquisition/gate_b2/scripts/04_modeling.py:115: ConstantInputWarning: An input array is constant; the correlation coefficient is not defined.
  sc = spearmanr(y[tr][iva], pred).correlation
/workspace_developability_acquisition/gate_b2/scripts/04_modeling.py:115: ConstantInputWarning: An input array is constant; the correlation coefficient is not defined.
  sc = spearmanr(y[tr][iva], pred).correlation
/workspace_developability_acquisition/gate_b2/scripts/04_modeling.py:115: ConstantInputWarning: An input array is constant; the correlation coefficient is not defined.
  sc = spearmanr(y[tr][iva], pred).correlation
/workspace_developability_acquisition/gate_b2/scripts/04_modeling.py:115: ConstantInputWarning: An input array is constant; the correlation coefficient is not defined.
  sc = spearmanr(y[tr][iva], pred).correlation
RUN shadow_2 TmApp ESMF_NATIVE_INTERFACE Ridge d=8
RUN shadow_2 TmApp ESMF_NATIVE_INTERFACE ElasticNet d=8
/workspace_developability_acquisition/gate_b2/scripts/04_modeling.py:115: ConstantInputWarning: An input array is constant; the correlation coefficient is not defined.
  sc = spearmanr(y[tr][iva], pred).correlation
/workspace_developability_acquisition/gate_b2/scripts/04_modeling.py:115: ConstantInputWarning: An input array is constant; the correlation coefficient is not defined.
  sc = spearmanr(y[tr][iva], pred).correlation
/workspace_developability_acquisition/gate_b2/scripts/04_modeling.py:115: ConstantInputWarning: An input array is constant; the correlation coefficient is not defined.
  sc = spearmanr(y[tr][iva], pred).correlation
/workspace_developability_acquisition/gate_b2/scripts/04_modeling.py:115: ConstantInputWarning: An input array is constant; the correlation coefficient is not defined.
  sc = spearmanr(y[tr][iva], pred).correlation
/workspace_developability_acquisition/gate_b2/scripts/04_modeling.py:115: ConstantInputWarning: An input array is constant; the correlation coefficient is not defined.
  sc = spearmanr(y[tr][iva], pred).correlation
/workspace_developability_acquisition/gate_b2/scripts/04_modeling.py:115: ConstantInputWarning: An input array is constant; the correlation coefficient is not defined.
  sc = spearmanr(y[tr][iva], pred).correlation
/workspace_developability_acquisition/gate_b2/scripts/04_modeling.py:115: ConstantInputWarning: An input array is constant; the correlation coefficient is not defined.
  sc = spearmanr(y[tr][iva], pred).correlation
/workspace_developability_acquisition/gate_b2/scripts/04_modeling.py:115: ConstantInputWarning: An input array is constant; the correlation coefficient is not defined.
  sc = spearmanr(y[tr][iva], pred).correlation
/workspace_developability_acquisition/gate_b2/scripts/04_modeling.py:115: ConstantInputWarning: An input array is constant; the correlation coefficient is not defined.
  sc = spearmanr(y[tr][iva], pred).correlation
RUN shadow_2 TmApp ESMF_NATIVE_ALL Ridge d=189
RUN shadow_2 TmApp ESMF_NATIVE_ALL ElasticNet d=189
FUSION shadow_2 TmApp FUSION_ESM2_SEQ Ridge
FUSION shadow_2 TmApp FUSION_ESM2_ABB Ridge
FUSION shadow_2 TmApp FUSION_ESM2_ESMFN Ridge
CHECKPOINT TmApp shadow_2 n=473
RUN shadow_3 TmApp SEQ_SIMPLE Ridge d=99
RUN shadow_3 TmApp SEQ_SIMPLE ElasticNet d=99
RUN shadow_3 TmApp SEQ_CDR Ridge d=260
RUN shadow_3 TmApp BIO_SHORTCUT Ridge
RUN shadow_3 TmApp BIO_SHORTCUT ElasticNet
RUN shadow_3 TmApp PLM_ABLANG2 Ridge d=480
RUN shadow_3 TmApp PLM_ESM1B Ridge d=2560
RUN shadow_3 TmApp PLM_ESM2 Ridge d=2560
RUN shadow_3 TmApp PLM_ESM2_CDR6 Ridge d=7680
RUN shadow_3 TmApp ABB_SASA Ridge d=79
RUN shadow_3 TmApp ABB_SASA ElasticNet d=79
RUN shadow_3 TmApp ABB_SASA_RASA Ridge d=156
RUN shadow_3 TmApp ABB_SASA_RASA ElasticNet d=156
RUN shadow_3 TmApp ABB_SURFACE Ridge d=77
RUN shadow_3 TmApp ABB_SURFACE ElasticNet d=77
RUN shadow_3 TmApp ABB_SURFACE_RASAW Ridge d=77
RUN shadow_3 TmApp ABB_SURFACE_RASAW ElasticNet d=77
RUN shadow_3 TmApp ABB_ALL_SURFACE Ridge d=211
RUN shadow_3 TmApp ABB_PATCH Ridge d=7
RUN shadow_3 TmApp ABB_PATCH ElasticNet d=7
/workspace_developability_acquisition/gate_b2/scripts/04_modeling.py:115: ConstantInputWarning: An input array is constant; the correlation coefficient is not defined.
  sc = spearmanr(y[tr][iva], pred).correlation
RUN shadow_3 TmApp ABB_INTERFACE Ridge d=8
RUN shadow_3 TmApp ABB_INTERFACE ElasticNet d=8
/workspace_developability_acquisition/gate_b2/scripts/04_modeling.py:115: ConstantInputWarning: An input array is constant; the correlation coefficient is not defined.
  sc = spearmanr(y[tr][iva], pred).correlation
/workspace_developability_acquisition/gate_b2/scripts/04_modeling.py:115: ConstantInputWarning: An input array is constant; the correlation coefficient is not defined.
  sc = spearmanr(y[tr][iva], pred).correlation
/workspace_developability_acquisition/gate_b2/scripts/04_modeling.py:115: ConstantInputWarning: An input array is constant; the correlation coefficient is not defined.
  sc = spearmanr(y[tr][iva], pred).correlation
/workspace_developability_acquisition/gate_b2/scripts/04_modeling.py:115: ConstantInputWarning: An input array is constant; the correlation coefficient is not defined.
  sc = spearmanr(y[tr][iva], pred).correlation
/workspace_developability_acquisition/gate_b2/scripts/04_modeling.py:115: ConstantInputWarning: An input array is constant; the correlation coefficient is not defined.
  sc = spearmanr(y[tr][iva], pred).correlation
/workspace_developability_acquisition/gate_b2/scripts/04_modeling.py:115: ConstantInputWarning: An input array is constant; the correlation coefficient is not defined.
  sc = spearmanr(y[tr][iva], pred).correlation
/workspace_developability_acquisition/gate_b2/scripts/04_modeling.py:115: ConstantInputWarning: An input array is constant; the correlation coefficient is not defined.
  sc = spearmanr(y[tr][iva], pred).correlation
/workspace_developability_acquisition/gate_b2/scripts/04_modeling.py:115: ConstantInputWarning: An input array is constant; the correlation coefficient is not defined.
  sc = spearmanr(y[tr][iva], pred).correlation
/workspace_developability_acquisition/gate_b2/scripts/04_modeling.py:115: ConstantInputWarning: An input array is constant; the correlation coefficient is not defined.
  sc = spearmanr(y[tr][iva], pred).correlation
/workspace_developability_acquisition/gate_b2/scripts/04_modeling.py:115: ConstantInputWarning: An input array is constant; the correlation coefficient is not defined.
  sc = spearmanr(y[tr][iva], pred).correlation
/workspace_developability_acquisition/gate_b2/scripts/04_modeling.py:115: ConstantInputWarning: An input array is constant; the correlation coefficient is not defined.
  sc = spearmanr(y[tr][iva], pred).correlation
/workspace_developability_acquisition/gate_b2/scripts/04_modeling.py:115: ConstantInputWarning: An input array is constant; the correlation coefficient is not defined.
  sc = spearmanr(y[tr][iva], pred).correlation
/workspace_developability_acquisition/gate_b2/scripts/04_modeling.py:115: ConstantInputWarning: An input array is constant; the correlation coefficient is not defined.
  sc = spearmanr(y[tr][iva], pred).correlation
/workspace_developability_acquisition/gate_b2/scripts/04_modeling.py:115: ConstantInputWarning: An input array is constant; the correlation coefficient is not defined.
  sc = spearmanr(y[tr][iva], pred).correlation
RUN shadow_3 TmApp ABB_ALL Ridge d=247
RUN shadow_3 TmApp ESMF_NATIVE_SASA Ridge d=58
RUN shadow_3 TmApp ESMF_NATIVE_SASA ElasticNet d=58
/workspace_developability_acquisition/gate_b2/scripts/04_modeling.py:115: ConstantInputWarning: An input array is constant; the correlation coefficient is not defined.
  sc = spearmanr(y[tr][iva], pred).correlation
RUN shadow_3 TmApp ESMF_NATIVE_SASA_RASA Ridge d=114
RUN shadow_3 TmApp ESMF_NATIVE_SASA_RASA ElasticNet d=114
RUN shadow_3 TmApp ESMF_NATIVE_SURFACE Ridge d=56
RUN shadow_3 TmApp ESMF_NATIVE_SURFACE ElasticNet d=56
/workspace_developability_acquisition/gate_b2/scripts/04_modeling.py:115: ConstantInputWarning: An input array is constant; the correlation coefficient is not defined.
  sc = spearmanr(y[tr][iva], pred).correlation
RUN shadow_3 TmApp ESMF_NATIVE_SURFACE_RASAW Ridge d=56
RUN shadow_3 TmApp ESMF_NATIVE_SURFACE_RASAW ElasticNet d=56
RUN shadow_3 TmApp ESMF_NATIVE_ALL_SURFACE Ridge d=154
RUN shadow_3 TmApp ESMF_NATIVE_ALL_SURFACE ElasticNet d=154
RUN shadow_3 TmApp ESMF_NATIVE_PATCH Ridge d=7
RUN shadow_3 TmApp ESMF_NATIVE_PATCH ElasticNet d=7
/workspace_developability_acquisition/gate_b2/scripts/04_modeling.py:115: ConstantInputWarning: An input array is constant; the correlation coefficient is not defined.
  sc = spearmanr(y[tr][iva], pred).correlation
/workspace_developability_acquisition/gate_b2/scripts/04_modeling.py:115: ConstantInputWarning: An input array is constant; the correlation coefficient is not defined.
  sc = spearmanr(y[tr][iva], pred).correlation
/workspace_developability_acquisition/gate_b2/scripts/04_modeling.py:115: ConstantInputWarning: An input array is constant; the correlation coefficient is not defined.
  sc = spearmanr(y[tr][iva], pred).correlation
/workspace_developability_acquisition/gate_b2/scripts/04_modeling.py:115: ConstantInputWarning: An input array is constant; the correlation coefficient is not defined.
  sc = spearmanr(y[tr][iva], pred).correlation
/workspace_developability_acquisition/gate_b2/scripts/04_modeling.py:115: ConstantInputWarning: An input array is constant; the correlation coefficient is not defined.
  sc = spearmanr(y[tr][iva], pred).correlation
/workspace_developability_acquisition/gate_b2/scripts/04_modeling.py:115: ConstantInputWarning: An input array is constant; the correlation coefficient is not defined.
  sc = spearmanr(y[tr][iva], pred).correlation
/workspace_developability_acquisition/gate_b2/scripts/04_modeling.py:115: ConstantInputWarning: An input array is constant; the correlation coefficient is not defined.
  sc = spearmanr(y[tr][iva], pred).correlation
/workspace_developability_acquisition/gate_b2/scripts/04_modeling.py:115: ConstantInputWarning: An input array is constant; the correlation coefficient is not defined.
  sc = spearmanr(y[tr][iva], pred).correlation
/workspace_developability_acquisition/gate_b2/scripts/04_modeling.py:115: ConstantInputWarning: An input array is constant; the correlation coefficient is not defined.
  sc = spearmanr(y[tr][iva], pred).correlation
RUN shadow_3 TmApp ESMF_NATIVE_INTERFACE Ridge d=8
RUN shadow_3 TmApp ESMF_NATIVE_INTERFACE ElasticNet d=8
/workspace_developability_acquisition/gate_b2/scripts/04_modeling.py:115: ConstantInputWarning: An input array is constant; the correlation coefficient is not defined.
  sc = spearmanr(y[tr][iva], pred).correlation
/workspace_developability_acquisition/gate_b2/scripts/04_modeling.py:115: ConstantInputWarning: An input array is constant; the correlation coefficient is not defined.
  sc = spearmanr(y[tr][iva], pred).correlation
/workspace_developability_acquisition/gate_b2/scripts/04_modeling.py:115: ConstantInputWarning: An input array is constant; the correlation coefficient is not defined.
  sc = spearmanr(y[tr][iva], pred).correlation
/workspace_developability_acquisition/gate_b2/scripts/04_modeling.py:115: ConstantInputWarning: An input array is constant; the correlation coefficient is not defined.
  sc = spearmanr(y[tr][iva], pred).correlation
/workspace_developability_acquisition/gate_b2/scripts/04_modeling.py:115: ConstantInputWarning: An input array is constant; the correlation coefficient is not defined.
  sc = spearmanr(y[tr][iva], pred).correlation
/workspace_developability_acquisition/gate_b2/scripts/04_modeling.py:115: ConstantInputWarning: An input array is constant; the correlation coefficient is not defined.
  sc = spearmanr(y[tr][iva], pred).correlation
/workspace_developability_acquisition/gate_b2/scripts/04_modeling.py:115: ConstantInputWarning: An input array is constant; the correlation coefficient is not defined.
  sc = spearmanr(y[tr][iva], pred).correlation
/workspace_developability_acquisition/gate_b2/scripts/04_modeling.py:115: ConstantInputWarning: An input array is constant; the correlation coefficient is not defined.
  sc = spearmanr(y[tr][iva], pred).correlation
/workspace_developability_acquisition/gate_b2/scripts/04_modeling.py:115: ConstantInputWarning: An input array is constant; the correlation coefficient is not defined.
  sc = spearmanr(y[tr][iva], pred).correlation
/workspace_developability_acquisition/gate_b2/scripts/04_modeling.py:115: ConstantInputWarning: An input array is constant; the correlation coefficient is not defined.
  sc = spearmanr(y[tr][iva], pred).correlation
RUN shadow_3 TmApp ESMF_NATIVE_ALL Ridge d=189
RUN shadow_3 TmApp ESMF_NATIVE_ALL ElasticNet d=189
FUSION shadow_3 TmApp FUSION_ESM2_SEQ Ridge
FUSION shadow_3 TmApp FUSION_ESM2_ABB Ridge
FUSION shadow_3 TmApp FUSION_ESM2_ESMFN Ridge
CHECKPOINT TmApp shadow_3 n=516
RUN shadow_4 TmApp SEQ_SIMPLE Ridge d=99
RUN shadow_4 TmApp SEQ_SIMPLE ElasticNet d=99
RUN shadow_4 TmApp SEQ_CDR Ridge d=260
RUN shadow_4 TmApp BIO_SHORTCUT Ridge
RUN shadow_4 TmApp BIO_SHORTCUT ElasticNet
RUN shadow_4 TmApp PLM_ABLANG2 Ridge d=480
RUN shadow_4 TmApp PLM_ESM1B Ridge d=2560
RUN shadow_4 TmApp PLM_ESM2 Ridge d=2560
RUN shadow_4 TmApp PLM_ESM2_CDR6 Ridge d=7680
RUN shadow_4 TmApp ABB_SASA Ridge d=79
RUN shadow_4 TmApp ABB_SASA ElasticNet d=79
RUN shadow_4 TmApp ABB_SASA_RASA Ridge d=156
RUN shadow_4 TmApp ABB_SASA_RASA ElasticNet d=156
RUN shadow_4 TmApp ABB_SURFACE Ridge d=77
RUN shadow_4 TmApp ABB_SURFACE ElasticNet d=77
RUN shadow_4 TmApp ABB_SURFACE_RASAW Ridge d=77
RUN shadow_4 TmApp ABB_SURFACE_RASAW ElasticNet d=77
RUN shadow_4 TmApp ABB_ALL_SURFACE Ridge d=211
RUN shadow_4 TmApp ABB_PATCH Ridge d=7
RUN shadow_4 TmApp ABB_PATCH ElasticNet d=7
/workspace_developability_acquisition/gate_b2/scripts/04_modeling.py:115: ConstantInputWarning: An input array is constant; the correlation coefficient is not defined.
  sc = spearmanr(y[tr][iva], pred).correlation
/workspace_developability_acquisition/gate_b2/scripts/04_modeling.py:115: ConstantInputWarning: An input array is constant; the correlation coefficient is not defined.
  sc = spearmanr(y[tr][iva], pred).correlation
RUN shadow_4 TmApp ABB_INTERFACE Ridge d=8
RUN shadow_4 TmApp ABB_INTERFACE ElasticNet d=8
/workspace_developability_acquisition/gate_b2/scripts/04_modeling.py:115: ConstantInputWarning: An input array is constant; the correlation coefficient is not defined.
  sc = spearmanr(y[tr][iva], pred).correlation
/workspace_developability_acquisition/gate_b2/scripts/04_modeling.py:115: ConstantInputWarning: An input array is constant; the correlation coefficient is not defined.
  sc = spearmanr(y[tr][iva], pred).correlation
/workspace_developability_acquisition/gate_b2/scripts/04_modeling.py:115: ConstantInputWarning: An input array is constant; the correlation coefficient is not defined.
  sc = spearmanr(y[tr][iva], pred).correlation
/workspace_developability_acquisition/gate_b2/scripts/04_modeling.py:115: ConstantInputWarning: An input array is constant; the correlation coefficient is not defined.
  sc = spearmanr(y[tr][iva], pred).correlation
/workspace_developability_acquisition/gate_b2/scripts/04_modeling.py:115: ConstantInputWarning: An input array is constant; the correlation coefficient is not defined.
  sc = spearmanr(y[tr][iva], pred).correlation
/workspace_developability_acquisition/gate_b2/scripts/04_modeling.py:115: ConstantInputWarning: An input array is constant; the correlation coefficient is not defined.
  sc = spearmanr(y[tr][iva], pred).correlation
/workspace_developability_acquisition/gate_b2/scripts/04_modeling.py:115: ConstantInputWarning: An input array is constant; the correlation coefficient is not defined.
  sc = spearmanr(y[tr][iva], pred).correlation
/workspace_developability_acquisition/gate_b2/scripts/04_modeling.py:115: ConstantInputWarning: An input array is constant; the correlation coefficient is not defined.
  sc = spearmanr(y[tr][iva], pred).correlation
/workspace_developability_acquisition/gate_b2/scripts/04_modeling.py:115: ConstantInputWarning: An input array is constant; the correlation coefficient is not defined.
  sc = spearmanr(y[tr][iva], pred).correlation
/workspace_developability_acquisition/gate_b2/scripts/04_modeling.py:115: ConstantInputWarning: An input array is constant; the correlation coefficient is not defined.
  sc = spearmanr(y[tr][iva], pred).correlation
/workspace_developability_acquisition/gate_b2/scripts/04_modeling.py:115: ConstantInputWarning: An input array is constant; the correlation coefficient is not defined.
  sc = spearmanr(y[tr][iva], pred).correlation
/workspace_developability_acquisition/gate_b2/scripts/04_modeling.py:115: ConstantInputWarning: An input array is constant; the correlation coefficient is not defined.
  sc = spearmanr(y[tr][iva], pred).correlation
/workspace_developability_acquisition/gate_b2/scripts/04_modeling.py:115: ConstantInputWarning: An input array is constant; the correlation coefficient is not defined.
  sc = spearmanr(y[tr][iva], pred).correlation
/workspace_developability_acquisition/gate_b2/scripts/04_modeling.py:115: ConstantInputWarning: An input array is constant; the correlation coefficient is not defined.
  sc = spearmanr(y[tr][iva], pred).correlation
/workspace_developability_acquisition/gate_b2/scripts/04_modeling.py:115: ConstantInputWarning: An input array is constant; the correlation coefficient is not defined.
  sc = spearmanr(y[tr][iva], pred).correlation
/workspace_developability_acquisition/gate_b2/scripts/04_modeling.py:115: ConstantInputWarning: An input array is constant; the correlation coefficient is not defined.
  sc = spearmanr(y[tr][iva], pred).correlation
RUN shadow_4 TmApp ABB_ALL Ridge d=247
RUN shadow_4 TmApp ESMF_NATIVE_SASA Ridge d=58
RUN shadow_4 TmApp ESMF_NATIVE_SASA ElasticNet d=58
RUN shadow_4 TmApp ESMF_NATIVE_SASA_RASA Ridge d=114
RUN shadow_4 TmApp ESMF_NATIVE_SASA_RASA ElasticNet d=114
RUN shadow_4 TmApp ESMF_NATIVE_SURFACE Ridge d=56
RUN shadow_4 TmApp ESMF_NATIVE_SURFACE ElasticNet d=56
RUN shadow_4 TmApp ESMF_NATIVE_SURFACE_RASAW Ridge d=56
RUN shadow_4 TmApp ESMF_NATIVE_SURFACE_RASAW ElasticNet d=56
RUN shadow_4 TmApp ESMF_NATIVE_ALL_SURFACE Ridge d=154
RUN shadow_4 TmApp ESMF_NATIVE_ALL_SURFACE ElasticNet d=154
RUN shadow_4 TmApp ESMF_NATIVE_PATCH Ridge d=7
RUN shadow_4 TmApp ESMF_NATIVE_PATCH ElasticNet d=7
/workspace_developability_acquisition/gate_b2/scripts/04_modeling.py:115: ConstantInputWarning: An input array is constant; the correlation coefficient is not defined.
  sc = spearmanr(y[tr][iva], pred).correlation
/workspace_developability_acquisition/gate_b2/scripts/04_modeling.py:115: ConstantInputWarning: An input array is constant; the correlation coefficient is not defined.
  sc = spearmanr(y[tr][iva], pred).correlation
/workspace_developability_acquisition/gate_b2/scripts/04_modeling.py:115: ConstantInputWarning: An input array is constant; the correlation coefficient is not defined.
  sc = spearmanr(y[tr][iva], pred).correlation
RUN shadow_4 TmApp ESMF_NATIVE_INTERFACE Ridge d=8
RUN shadow_4 TmApp ESMF_NATIVE_INTERFACE ElasticNet d=8
/workspace_developability_acquisition/gate_b2/scripts/04_modeling.py:115: ConstantInputWarning: An input array is constant; the correlation coefficient is not defined.
  sc = spearmanr(y[tr][iva], pred).correlation
/workspace_developability_acquisition/gate_b2/scripts/04_modeling.py:115: ConstantInputWarning: An input array is constant; the correlation coefficient is not defined.
  sc = spearmanr(y[tr][iva], pred).correlation
/workspace_developability_acquisition/gate_b2/scripts/04_modeling.py:115: ConstantInputWarning: An input array is constant; the correlation coefficient is not defined.
  sc = spearmanr(y[tr][iva], pred).correlation
/workspace_developability_acquisition/gate_b2/scripts/04_modeling.py:115: ConstantInputWarning: An input array is constant; the correlation coefficient is not defined.
  sc = spearmanr(y[tr][iva], pred).correlation
/workspace_developability_acquisition/gate_b2/scripts/04_modeling.py:115: ConstantInputWarning: An input array is constant; the correlation coefficient is not defined.
  sc = spearmanr(y[tr][iva], pred).correlation
/workspace_developability_acquisition/gate_b2/scripts/04_modeling.py:115: ConstantInputWarning: An input array is constant; the correlation coefficient is not defined.
  sc = spearmanr(y[tr][iva], pred).correlation
/workspace_developability_acquisition/gate_b2/scripts/04_modeling.py:115: ConstantInputWarning: An input array is constant; the correlation coefficient is not defined.
  sc = spearmanr(y[tr][iva], pred).correlation
/workspace_developability_acquisition/gate_b2/scripts/04_modeling.py:115: ConstantInputWarning: An input array is constant; the correlation coefficient is not defined.
  sc = spearmanr(y[tr][iva], pred).correlation
/workspace_developability_acquisition/gate_b2/scripts/04_modeling.py:115: ConstantInputWarning: An input array is constant; the correlation coefficient is not defined.
  sc = spearmanr(y[tr][iva], pred).correlation
RUN shadow_4 TmApp ESMF_NATIVE_ALL Ridge d=189
RUN shadow_4 TmApp ESMF_NATIVE_ALL ElasticNet d=189
FUSION shadow_4 TmApp FUSION_ESM2_SEQ Ridge
FUSION shadow_4 TmApp FUSION_ESM2_ABB Ridge
FUSION shadow_4 TmApp FUSION_ESM2_ESMFN Ridge
CHECKPOINT TmApp shadow_4 n=559
RUN shadow_5 TmApp SEQ_SIMPLE Ridge d=99
RUN shadow_5 TmApp SEQ_SIMPLE ElasticNet d=99
RUN shadow_5 TmApp SEQ_CDR Ridge d=260
RUN shadow_5 TmApp BIO_SHORTCUT Ridge
RUN shadow_5 TmApp BIO_SHORTCUT ElasticNet
RUN shadow_5 TmApp PLM_ABLANG2 Ridge d=480
RUN shadow_5 TmApp PLM_ESM1B Ridge d=2560
RUN shadow_5 TmApp PLM_ESM2 Ridge d=2560
RUN shadow_5 TmApp PLM_ESM2_CDR6 Ridge d=7680
RUN shadow_5 TmApp ABB_SASA Ridge d=79
RUN shadow_5 TmApp ABB_SASA ElasticNet d=79
RUN shadow_5 TmApp ABB_SASA_RASA Ridge d=156
RUN shadow_5 TmApp ABB_SASA_RASA ElasticNet d=156
RUN shadow_5 TmApp ABB_SURFACE Ridge d=77
RUN shadow_5 TmApp ABB_SURFACE ElasticNet d=77
RUN shadow_5 TmApp ABB_SURFACE_RASAW Ridge d=77
RUN shadow_5 TmApp ABB_SURFACE_RASAW ElasticNet d=77
RUN shadow_5 TmApp ABB_ALL_SURFACE Ridge d=211
RUN shadow_5 TmApp ABB_PATCH Ridge d=7
RUN shadow_5 TmApp ABB_PATCH ElasticNet d=7
/workspace_developability_acquisition/gate_b2/scripts/04_modeling.py:115: ConstantInputWarning: An input array is constant; the correlation coefficient is not defined.
  sc = spearmanr(y[tr][iva], pred).correlation
/workspace_developability_acquisition/gate_b2/scripts/04_modeling.py:115: ConstantInputWarning: An input array is constant; the correlation coefficient is not defined.
  sc = spearmanr(y[tr][iva], pred).correlation
/workspace_developability_acquisition/gate_b2/scripts/04_modeling.py:115: ConstantInputWarning: An input array is constant; the correlation coefficient is not defined.
  sc = spearmanr(y[tr][iva], pred).correlation
/workspace_developability_acquisition/gate_b2/scripts/04_modeling.py:115: ConstantInputWarning: An input array is constant; the correlation coefficient is not defined.
  sc = spearmanr(y[tr][iva], pred).correlation
RUN shadow_5 TmApp ABB_INTERFACE Ridge d=8
RUN shadow_5 TmApp ABB_INTERFACE ElasticNet d=8
/workspace_developability_acquisition/gate_b2/scripts/04_modeling.py:115: ConstantInputWarning: An input array is constant; the correlation coefficient is not defined.
  sc = spearmanr(y[tr][iva], pred).correlation
/workspace_developability_acquisition/gate_b2/scripts/04_modeling.py:115: ConstantInputWarning: An input array is constant; the correlation coefficient is not defined.
  sc = spearmanr(y[tr][iva], pred).correlation
/workspace_developability_acquisition/gate_b2/scripts/04_modeling.py:115: ConstantInputWarning: An input array is constant; the correlation coefficient is not defined.
  sc = spearmanr(y[tr][iva], pred).correlation
/workspace_developability_acquisition/gate_b2/scripts/04_modeling.py:115: ConstantInputWarning: An input array is constant; the correlation coefficient is not defined.
  sc = spearmanr(y[tr][iva], pred).correlation
/workspace_developability_acquisition/gate_b2/scripts/04_modeling.py:115: ConstantInputWarning: An input array is constant; the correlation coefficient is not defined.
  sc = spearmanr(y[tr][iva], pred).correlation
RUN shadow_5 TmApp ABB_ALL Ridge d=247
RUN shadow_5 TmApp ESMF_NATIVE_SASA Ridge d=58
RUN shadow_5 TmApp ESMF_NATIVE_SASA ElasticNet d=58
/workspace_developability_acquisition/gate_b2/scripts/04_modeling.py:115: ConstantInputWarning: An input array is constant; the correlation coefficient is not defined.
  sc = spearmanr(y[tr][iva], pred).correlation
RUN shadow_5 TmApp ESMF_NATIVE_SASA_RASA Ridge d=114
RUN shadow_5 TmApp ESMF_NATIVE_SASA_RASA ElasticNet d=114
RUN shadow_5 TmApp ESMF_NATIVE_SURFACE Ridge d=56
RUN shadow_5 TmApp ESMF_NATIVE_SURFACE ElasticNet d=56
/workspace_developability_acquisition/gate_b2/scripts/04_modeling.py:115: ConstantInputWarning: An input array is constant; the correlation coefficient is not defined.
  sc = spearmanr(y[tr][iva], pred).correlation
RUN shadow_5 TmApp ESMF_NATIVE_SURFACE_RASAW Ridge d=56
RUN shadow_5 TmApp ESMF_NATIVE_SURFACE_RASAW ElasticNet d=56
/workspace_developability_acquisition/gate_b2/scripts/04_modeling.py:115: ConstantInputWarning: An input array is constant; the correlation coefficient is not defined.
  sc = spearmanr(y[tr][iva], pred).correlation
RUN shadow_5 TmApp ESMF_NATIVE_ALL_SURFACE Ridge d=154
RUN shadow_5 TmApp ESMF_NATIVE_ALL_SURFACE ElasticNet d=154
RUN shadow_5 TmApp ESMF_NATIVE_PATCH Ridge d=7
RUN shadow_5 TmApp ESMF_NATIVE_PATCH ElasticNet d=7
/workspace_developability_acquisition/gate_b2/scripts/04_modeling.py:115: ConstantInputWarning: An input array is constant; the correlation coefficient is not defined.
  sc = spearmanr(y[tr][iva], pred).correlation
/workspace_developability_acquisition/gate_b2/scripts/04_modeling.py:115: ConstantInputWarning: An input array is constant; the correlation coefficient is not defined.
  sc = spearmanr(y[tr][iva], pred).correlation
/workspace_developability_acquisition/gate_b2/scripts/04_modeling.py:115: ConstantInputWarning: An input array is constant; the correlation coefficient is not defined.
  sc = spearmanr(y[tr][iva], pred).correlation
/workspace_developability_acquisition/gate_b2/scripts/04_modeling.py:115: ConstantInputWarning: An input array is constant; the correlation coefficient is not defined.
  sc = spearmanr(y[tr][iva], pred).correlation
RUN shadow_5 TmApp ESMF_NATIVE_INTERFACE Ridge d=8
RUN shadow_5 TmApp ESMF_NATIVE_INTERFACE ElasticNet d=8
/workspace_developability_acquisition/gate_b2/scripts/04_modeling.py:115: ConstantInputWarning: An input array is constant; the correlation coefficient is not defined.
  sc = spearmanr(y[tr][iva], pred).correlation
/workspace_developability_acquisition/gate_b2/scripts/04_modeling.py:115: ConstantInputWarning: An input array is constant; the correlation coefficient is not defined.
  sc = spearmanr(y[tr][iva], pred).correlation
/workspace_developability_acquisition/gate_b2/scripts/04_modeling.py:115: ConstantInputWarning: An input array is constant; the correlation coefficient is not defined.
  sc = spearmanr(y[tr][iva], pred).correlation
/workspace_developability_acquisition/gate_b2/scripts/04_modeling.py:115: ConstantInputWarning: An input array is constant; the correlation coefficient is not defined.
  sc = spearmanr(y[tr][iva], pred).correlation
/workspace_developability_acquisition/gate_b2/scripts/04_modeling.py:54: ConstantInputWarning: An input array is constant; the correlation coefficient is not defined.
  sp = spearmanr(y_true, y_pred).correlation
/workspace_developability_acquisition/gate_b2/scripts/04_modeling.py:55: ConstantInputWarning: An input array is constant; the correlation coefficient is not defined.
  pr = pearsonr(y_true, y_pred)[0]
RUN shadow_5 TmApp ESMF_NATIVE_ALL Ridge d=189
RUN shadow_5 TmApp ESMF_NATIVE_ALL ElasticNet d=189
FUSION shadow_5 TmApp FUSION_ESM2_SEQ Ridge
FUSION shadow_5 TmApp FUSION_ESM2_ABB Ridge
FUSION shadow_5 TmApp FUSION_ESM2_ESMFN Ridge
CHECKPOINT TmApp shadow_5 n=602
MODELING_OK 602
=== residuals Sat Aug 29 05:50:11 UTC 2026 ===
/workspace_developability_acquisition/gate_b2/scripts/04b_residuals_ensembles.py:34: RuntimeWarning: Mean of empty slice
  col = np.nanmean(X, axis=0)
Traceback (most recent call last):
  File "/workspace_developability_acquisition/gate_b2/scripts/04b_residuals_ensembles.py", line 212, in <module>
    main()
  File "/workspace_developability_acquisition/gate_b2/scripts/04b_residuals_ensembles.py", line 86, in main
    oof_b = oof_ridge(Xbio[dev], y[dev], groups[dev])
            ^^^^^^^^^^^^^^^^^^^^^^^^^^^^^^^^^^^^^^^^^
  File "/workspace_developability_acquisition/gate_b2/scripts/04b_residuals_ensembles.py", line 42, in oof_ridge
    m.fit(X[tr], y[tr])
  File "/workspace_developability_acquisition/.venv_b1/lib/python3.12/site-packages/sklearn/base.py", line 1403, in wrapper
    return fit_method(estimator, *args, **kwargs)
           ^^^^^^^^^^^^^^^^^^^^^^^^^^^^^^^^^^^^^^
  File "/workspace_developability_acquisition/.venv_b1/lib/python3.12/site-packages/sklearn/linear_model/_ridge.py", line 1253, in fit
    X, y = validate_data(
           ^^^^^^^^^^^^^^
  File "/workspace_developability_acquisition/.venv_b1/lib/python3.12/site-packages/sklearn/utils/validation.py", line 3055, in validate_data
    X, y = check_X_y(X, y, **check_params)
           ^^^^^^^^^^^^^^^^^^^^^^^^^^^^^^^
  File "/workspace_developability_acquisition/.venv_b1/lib/python3.12/site-packages/sklearn/utils/validation.py", line 1327, in check_X_y
    X = check_array(
        ^^^^^^^^^^^^
  File "/workspace_developability_acquisition/.venv_b1/lib/python3.12/site-packages/sklearn/utils/validation.py", line 1087, in check_array
    _assert_all_finite(
  File "/workspace_developability_acquisition/.venv_b1/lib/python3.12/site-packages/sklearn/utils/validation.py", line 137, in _assert_all_finite
    _assert_all_finite_element_wise(
  File "/workspace_developability_acquisition/.venv_b1/lib/python3.12/site-packages/sklearn/utils/validation.py", line 186, in _assert_all_finite_element_wise
    raise ValueError(msg_err)
ValueError: Input X contains NaN.
Ridge does not accept missing values encoded as NaN natively. For supervised learning, you might want to consider sklearn.ensemble.HistGradientBoostingClassifier and Regressor which accept missing values encoded as NaNs natively. Alternatively, it is possible to preprocess the data, for instance by using an imputer transformer in a pipeline or drop samples with missing values. See https://scikit-learn.org/stable/modules/impute.html You can find a list of all estimators that handle NaN values at the following page: https://scikit-learn.org/stable/modules/impute.html#estimators-that-handle-nan-values
