experiment_code,scheme,fold,seed,initial_lr,eta_min,epoch,optimizer_step,train_loss,val_loss,val_mae,learning_rate,best_val_mae_so_far,best_epoch_so_far,epochs_since_improvement,is_best,stopped_early,numerical_failure
EXP-H078,primary,0,101,1e-05,1.0000000000000001e-07,1,7,0.4205287609781538,0.31048694672062993,0.5574974878484552,1e-05,0.5574974878484552,1,0,True,False,False
EXP-H078,primary,0,101,1e-05,1.0000000000000001e-07,2,14,0.3964071656976427,0.3088590232655406,0.5464848817767517,9.99938933078422e-06,0.5464848817767517,2,0,True,False,False
EXP-H078,primary,0,101,1e-05,1.0000000000000001e-07,3,21,0.4355049090726035,0.3110021762549877,0.5380656715161871,9.997557473810373e-06,0.5380656715161871,3,0,True,False,False
EXP-H078,primary,0,101,1e-05,1.0000000000000001e-07,4,28,0.403982937335968,0.31494101385275525,0.5324739541718454,9.994504881061752e-06,0.5324739541718454,4,0,True,False,False
EXP-H078,primary,0,101,1e-05,1.0000000000000001e-07,5,35,0.3900109694472381,0.3176276572048664,0.5304173757379704,9.990232305719944e-06,0.5304173757379704,5,0,True,False,False
EXP-H078,primary,0,101,1e-05,1.0000000000000001e-07,6,42,0.4199428302901132,0.319308552891016,0.5296668340509587,9.984740801978984e-06,0.5296668340509587,6,0,True,False,False
EXP-H078,primary,0,101,1e-05,1.0000000000000001e-07,7,49,0.41284521030528204,0.31916605308651924,0.529707350759795,9.978031724785247e-06,0.5296668340509587,6,1,False,False,False
EXP-H078,primary,0,101,1e-05,1.0000000000000001e-07,8,56,0.425946050456592,0.32079295441508293,0.5290220924146246,9.97010672950314e-06,0.5290220924146246,8,0,True,False,False
EXP-H078,primary,0,101,1e-05,1.0000000000000001e-07,9,63,0.40131310905729023,0.31963251158595085,0.529478122133197,9.960967771506666e-06,0.5290220924146246,8,1,False,False,False
EXP-H078,primary,0,101,1e-05,1.0000000000000001e-07,10,70,0.39006043544837404,0.3194575135906537,0.5295360072742807,9.950617105696961e-06,0.5290220924146246,8,2,False,False,False
EXP-H078,primary,0,101,1e-05,1.0000000000000001e-07,11,77,0.47989637723990847,0.32029953226447105,0.5291703165227715,9.939057285945933e-06,0.5290220924146246,8,3,False,False,False
EXP-H078,primary,0,101,1e-05,1.0000000000000001e-07,12,84,0.3989964039397559,0.3216813914477825,0.5286140065048679,9.926291164466131e-06,0.5286140065048679,12,0,True,False,False
EXP-H078,primary,0,101,1e-05,1.0000000000000001e-07,13,91,0.49770707317761015,0.3224000558257103,0.52834420337099,9.91232189110701e-06,0.52834420337099,13,0,True,False,False
EXP-H078,primary,0,101,1e-05,1.0000000000000001e-07,14,98,0.4310175010136196,0.3204435619215171,0.5290910459576229,9.897152912577742e-06,0.52834420337099,13,1,False,False,False
EXP-H078,primary,0,101,1e-05,1.0000000000000001e-07,15,105,0.3887696681278093,0.32008326177795726,0.5292016432791044,9.8807879715968e-06,0.52834420337099,13,2,False,False,False
EXP-H078,primary,0,101,1e-05,1.0000000000000001e-07,16,112,0.3774372050538659,0.3194538317620754,0.52945297981031,9.8632311059685e-06,0.52834420337099,13,3,False,False,False
EXP-H078,primary,0,101,1e-05,1.0000000000000001e-07,17,119,0.5905699729919434,0.31747932607928914,0.5303007384791517,9.844486647586724e-06,0.52834420337099,13,4,False,False,False
EXP-H078,primary,0,101,1e-05,1.0000000000000001e-07,18,126,0.39733921896134106,0.3157733554641406,0.5315313482573538,9.824559221366101e-06,0.52834420337099,13,5,False,False,False
EXP-H078,primary,0,101,1e-05,1.0000000000000001e-07,19,133,0.4475372093064444,0.31529994184772175,0.5319392029733369,9.803453744100868e-06,0.52834420337099,13,6,False,False,False
EXP-H078,primary,0,101,1e-05,1.0000000000000001e-07,20,140,0.810772968190057,0.3142668480674426,0.5328788900664359,9.781175423251734e-06,0.52834420337099,13,7,False,False,False
EXP-H078,primary,0,101,1e-05,1.0000000000000001e-07,21,147,0.3867560772757445,0.31389962136745453,0.5332146701234759,9.757729755661012e-06,0.52834420337099,13,8,False,False,False
EXP-H078,primary,0,101,1e-05,1.0000000000000001e-07,22,154,0.5305524170398712,0.31472770621379215,0.5324262415568034,9.73312252619635e-06,0.52834420337099,13,9,False,False,False
EXP-H078,primary,0,101,1e-05,1.0000000000000001e-07,23,161,0.379527851407017,0.3149336526791255,0.5322312007094875,9.707359806323418e-06,0.52834420337099,13,10,False,False,False
EXP-H078,primary,0,101,1e-05,1.0000000000000001e-07,24,168,0.438825181552342,0.31581515818834305,0.5314671341867158,9.680447952607845e-06,0.52834420337099,13,11,False,False,False
EXP-H078,primary,0,101,1e-05,1.0000000000000001e-07,25,175,0.4512563518115452,0.3159709982573986,0.5313365097045898,9.652393605146845e-06,0.52834420337099,13,12,False,False,False
EXP-H078,primary,0,101,1e-05,1.0000000000000001e-07,26,182,0.40936396377427237,0.3186834702889125,0.5297438504768139,9.62320368593087e-06,0.52834420337099,13,13,False,False,False
EXP-H078,primary,0,101,1e-05,1.0000000000000001e-07,27,189,0.4014120421239308,0.32247626160581905,0.5282581703879615,9.592885397135707e-06,0.5282581703879615,27,0,True,False,False
EXP-H078,primary,0,101,1e-05,1.0000000000000001e-07,28,196,0.3826432339847088,0.3241193853318691,0.5279820762403081,9.561446219345455e-06,0.5279820762403081,28,0,True,False,False
EXP-H078,primary,0,101,1e-05,1.0000000000000001e-07,29,203,0.4247542917728424,0.32543747251232463,0.5278237085053413,9.528893909706798e-06,0.5278237085053413,29,0,True,False,False
EXP-H078,primary,0,101,1e-05,1.0000000000000001e-07,30,210,0.43323977291584015,0.3258338620265325,0.5277521540323892,9.495236500015048e-06,0.5277521540323892,30,0,True,False,False
EXP-H078,primary,0,101,1e-05,1.0000000000000001e-07,31,217,0.4053727045123066,0.32463912790020305,0.5278734151666813,9.460482294732422e-06,0.5277521540323892,30,1,False,False,False
EXP-H078,primary,0,101,1e-05,1.0000000000000001e-07,32,224,0.3803577377860035,0.32183680435021716,0.5284415359497069,9.424639868939035e-06,0.5277521540323892,30,2,False,False,False
EXP-H078,primary,0,101,1e-05,1.0000000000000001e-07,33,231,0.49363542454583303,0.3191467287639777,0.5295164136019619,9.387718066217125e-06,0.5277521540323892,30,3,False,False,False
EXP-H078,primary,0,101,1e-05,1.0000000000000001e-07,34,238,0.3767405883076468,0.31618935242295265,0.5311162687359434,9.349725996469047e-06,0.5277521540323892,30,4,False,False,False
EXP-H078,primary,0,101,1e-05,1.0000000000000001e-07,35,245,0.40006050946457045,0.31544141347209614,0.5317260423140092,9.310673033669522e-06,0.5277521540323892,30,5,False,False,False
EXP-H078,primary,0,101,1e-05,1.0000000000000001e-07,36,252,0.41673980227538515,0.3143904817601045,0.5326661917946556,9.270568813552757e-06,0.5277521540323892,30,6,False,False,False
EXP-H078,primary,0,101,1e-05,1.0000000000000001e-07,37,259,0.3861420982118164,0.31524522230029106,0.5318625333381422,9.229423231234975e-06,0.5277521540323892,30,7,False,False,False
EXP-H078,primary,0,101,1e-05,1.0000000000000001e-07,38,266,0.4229217767715454,0.31613444661100704,0.5310914732037169,9.18724643877294e-06,0.5277521540323892,30,8,False,False,False
EXP-H078,primary,0,101,1e-05,1.0000000000000001e-07,39,273,0.4125126727989742,0.31818987304965657,0.5298646492235587,9.144048842659081e-06,0.5277521540323892,30,9,False,False,False
EXP-H078,primary,0,101,1e-05,1.0000000000000001e-07,40,280,0.38519479440791266,0.3193540461361408,0.5293781886245263,9.099841101253867e-06,0.5277521540323892,30,10,False,False,False
EXP-H078,primary,0,101,1e-05,1.0000000000000001e-07,41,287,0.3950772317392485,0.32163625086347264,0.5284686145204485,9.054634122155991e-06,0.5277521540323892,30,11,False,False,False
EXP-H078,primary,0,101,1e-05,1.0000000000000001e-07,42,294,0.46286519510405405,0.32272055000066757,0.5280539395881421,9.0084390595111e-06,0.5277521540323892,30,12,False,False,False
EXP-H078,primary,0,101,1e-05,1.0000000000000001e-07,43,301,0.39170191303959917,0.32290417328476906,0.5280154837406041,8.961267311259668e-06,0.5277521540323892,30,13,False,False,False
EXP-H078,primary,0,101,1e-05,1.0000000000000001e-07,44,308,0.6078065186738968,0.3235127317408721,0.5279460678100584,8.913130516324733e-06,0.5277521540323892,30,14,False,False,False
EXP-H078,primary,0,101,1e-05,1.0000000000000001e-07,45,315,0.41683111659118105,0.32287463173270226,0.528026725537849,8.864040551740158e-06,0.5277521540323892,30,15,False,False,False
EXP-H078,primary,0,101,1e-05,1.0000000000000001e-07,46,322,0.40758377739361357,0.3220827542245388,0.5283079926461883,8.814009529720155e-06,0.5277521540323892,30,16,False,False,False
EXP-H078,primary,0,101,1e-05,1.0000000000000001e-07,47,329,0.41967966301100595,0.3192082718014717,0.5294424315943861,8.763049794670776e-06,0.5277521540323892,30,17,False,False,False
EXP-H078,primary,0,101,1e-05,1.0000000000000001e-07,48,336,0.4200673167194639,0.3167029283940792,0.5306441710501006,8.711173920144118e-06,0.5277521540323892,30,18,False,False,False
EXP-H078,primary,0,101,1e-05,1.0000000000000001e-07,49,343,0.38753104316336767,0.31471145525574684,0.5323372608531605,8.658394705735988e-06,0.5277521540323892,30,19,False,False,False
EXP-H078,primary,0,101,1e-05,1.0000000000000001e-07,50,350,0.4029723192964281,0.3148567279179891,0.5321926202485056,8.604725173927786e-06,0.5277521540323892,30,20,False,False,False
EXP-H078,primary,0,101,1e-05,1.0000000000000001e-07,51,357,0.36789715840547743,0.3154289883871873,0.5316821443962328,8.550178566873412e-06,0.5277521540323892,30,21,False,False,False
EXP-H078,primary,0,101,1e-05,1.0000000000000001e-07,52,364,0.39019319308655603,0.31640975425640744,0.5308780813506155,8.494768343131955e-06,0.5277521540323892,30,22,False,False,False
EXP-H078,primary,0,101,1e-05,1.0000000000000001e-07,53,371,0.4658783291067396,0.3169686396916707,0.5304333801269531,8.43850817434701e-06,0.5277521540323892,30,23,False,False,False
EXP-H078,primary,0,101,1e-05,1.0000000000000001e-07,54,378,0.38466266116925646,0.31633158897360164,0.5309286549886068,8.381411941873379e-06,0.5277521540323892,30,24,False,False,False
EXP-H078,primary,0,101,1e-05,1.0000000000000001e-07,55,385,0.6152919467006411,0.31701067835092545,0.5303818528146454,8.323493733352078e-06,0.5277521540323892,30,25,False,False,False
EXP-H078,primary,0,101,1e-05,1.0000000000000001e-07,56,392,0.41068228227751596,0.3173036053776741,0.5302140119148022,8.26476783923441e-06,0.5277521540323892,30,26,False,False,False
EXP-H078,primary,0,101,1e-05,1.0000000000000001e-07,57,399,0.38084181770682335,0.31831418971220654,0.5297383596246892,8.205248749256014e-06,0.5277521540323892,30,27,False,False,False
EXP-H078,primary,0,101,1e-05,1.0000000000000001e-07,58,406,0.380975474337382,0.3181826372941335,0.5297760442097981,8.144951148861743e-06,0.5277521540323892,30,28,False,False,False
EXP-H078,primary,0,101,1e-05,1.0000000000000001e-07,59,413,0.7031466960906982,0.31763383249441784,0.5300080182624585,8.083889915582235e-06,0.5277521540323892,30,29,False,False,False
EXP-H078,primary,0,101,1e-05,1.0000000000000001e-07,60,420,0.3814945610772286,0.3173311837017536,0.5301231238625265,8.022080115363127e-06,0.5277521540323892,30,30,False,True,False
EXP-H078,primary,0,101,0.0001,1.0000000000000002e-06,1,7,0.40457620077982676,0.36142103870709735,0.53943536307595,0.0001,0.53943536307595,1,0,True,False,False
EXP-H078,primary,0,101,0.0001,1.0000000000000002e-06,2,14,0.4265219100884029,0.33508999397357303,0.5276220280040393,9.99938933078422e-05,0.5276220280040393,2,0,True,False,False
EXP-H078,primary,0,101,0.0001,1.0000000000000002e-06,3,21,0.3983727933040687,0.31870248913764954,0.5299615194147282,9.997557473810373e-05,0.5276220280040393,2,1,False,False,False
EXP-H078,primary,0,101,0.0001,1.0000000000000002e-06,4,28,0.3940964995750359,0.32107621307174367,0.5288006665778882,9.994504881061753e-05,0.5276220280040393,2,2,False,False,False
EXP-H078,primary,0,101,0.0001,1.0000000000000002e-06,5,35,0.37727159745658617,0.3158014789223671,0.5315712002840909,9.990232305719945e-05,0.5276220280040393,2,3,False,False,False
EXP-H078,primary,0,101,0.0001,1.0000000000000002e-06,6,42,0.4009547105857304,0.31339458872874576,0.5338162363225764,9.984740801978984e-05,0.5276220280040393,2,4,False,False,False
EXP-H078,primary,0,101,0.0001,1.0000000000000002e-06,7,49,0.4082804098725319,0.3141431696712971,0.5329370930989583,9.978031724785247e-05,0.5276220280040393,2,5,False,False,False
EXP-H078,primary,0,101,0.0001,1.0000000000000002e-06,8,56,0.406497203877994,0.325375284999609,0.5274090913714783,9.97010672950314e-05,0.5274090913714783,8,0,True,False,False
EXP-H078,primary,0,101,0.0001,1.0000000000000002e-06,9,63,0.3770034041787897,0.3133257857213418,0.5331825630881569,9.960967771506667e-05,0.5274090913714783,8,1,False,False,False
EXP-H078,primary,0,101,0.0001,1.0000000000000002e-06,10,70,0.3786469554262502,0.3123772131899993,0.5341460920391661,9.95061710569696e-05,0.5274090913714783,8,2,False,False,False
EXP-H078,primary,0,101,0.0001,1.0000000000000002e-06,11,77,0.47248182552201407,0.3236793850859006,0.5274296676173353,9.939057285945933e-05,0.5274090913714783,8,3,False,False,False
EXP-H078,primary,0,101,0.0001,1.0000000000000002e-06,12,84,0.3802512871500637,0.3267849025626977,0.5269698521007189,9.926291164466132e-05,0.5269698521007189,12,0,True,False,False
EXP-H078,primary,0,101,0.0001,1.0000000000000002e-06,13,91,0.5010276990277427,0.31672926743825275,0.5295914648807408,9.91232189110701e-05,0.5269698521007189,12,1,False,False,False
EXP-H078,primary,0,101,0.0001,1.0000000000000002e-06,14,98,0.3852945289441517,0.31421277672052383,0.5317218230276397,9.897152912577741e-05,0.5269698521007189,12,2,False,False,False
EXP-H078,primary,0,101,0.0001,1.0000000000000002e-06,15,105,0.41883693635463715,0.3270587536195914,0.52671626143022,9.8807879715968e-05,0.52671626143022,15,0,True,False,False
EXP-H078,primary,0,101,0.0001,1.0000000000000002e-06,16,112,0.38599656731821597,0.32477249950170517,0.5269557781797465,9.8632311059685e-05,0.52671626143022,15,1,False,False,False
EXP-H078,primary,0,101,0.0001,1.0000000000000002e-06,17,119,0.6118463916437966,0.3107393259803454,0.5357350070837771,9.844486647586725e-05,0.52671626143022,15,2,False,False,False
EXP-H078,primary,0,101,0.0001,1.0000000000000002e-06,18,126,0.3834501786955765,0.31156452124317485,0.5345326769279711,9.824559221366101e-05,0.52671626143022,15,3,False,False,False
EXP-H078,primary,0,101,0.0001,1.0000000000000002e-06,19,133,0.43835966501917156,0.3224024437367916,0.5274612165508846,9.803453744100869e-05,0.52671626143022,15,4,False,False,False
EXP-H078,primary,0,101,0.0001,1.0000000000000002e-06,20,140,0.7965785264968872,0.31381351376573247,0.5324261548591382,9.781175423251735e-05,0.52671626143022,15,5,False,False,False
EXP-H078,primary,0,101,0.0001,1.0000000000000002e-06,21,147,0.3743439354002476,0.3087811889126897,0.541438123991995,9.757729755661011e-05,0.52671626143022,15,6,False,False,False
EXP-H078,primary,0,101,0.0001,1.0000000000000002e-06,22,154,0.5424445526940482,0.3131238992015521,0.5326875194202769,9.73312252619635e-05,0.52671626143022,15,7,False,False,False
EXP-H078,primary,0,101,0.0001,1.0000000000000002e-06,23,161,0.38061451506551486,0.3206130787730217,0.5276328201293944,9.707359806323417e-05,0.52671626143022,15,8,False,False,False
EXP-H078,primary,0,101,0.0001,1.0000000000000002e-06,24,168,0.40022602677345276,0.3134329902629058,0.5315898402820933,9.680447952607845e-05,0.52671626143022,15,9,False,False,False
EXP-H078,primary,0,101,0.0001,1.0000000000000002e-06,25,175,0.4144041580813272,0.30918646852175397,0.5371711539066197,9.652393605146844e-05,0.52671626143022,15,10,False,False,False
EXP-H078,primary,0,101,0.0001,1.0000000000000002e-06,26,182,0.38367273073111263,0.31980058923363686,0.5272792959502247,9.623203685930869e-05,0.52671626143022,15,11,False,False,False
EXP-H078,primary,0,101,0.0001,1.0000000000000002e-06,27,189,0.40868825146130155,0.32322340210278827,0.5259943877711439,9.592885397135707e-05,0.5259943877711439,27,0,True,False,False
EXP-H078,primary,0,101,0.0001,1.0000000000000002e-06,28,196,0.3784432761105044,0.31263150088489056,0.5314673075820461,9.561446219345454e-05,0.5259943877711439,27,1,False,False,False
EXP-H078,primary,0,101,0.0001,1.0000000000000002e-06,29,203,0.4360303921358926,0.30772144844134647,0.5407618244055544,9.528893909706797e-05,0.5259943877711439,27,2,False,False,False
EXP-H078,primary,0,101,0.0001,1.0000000000000002e-06,30,210,0.39188628111566814,0.31093579965333146,0.5332821498061672,9.495236500015047e-05,0.5259943877711439,27,3,False,False,False
EXP-H078,primary,0,101,0.0001,1.0000000000000002e-06,31,217,0.38661000485132846,0.3125998980055253,0.5309972328417228,9.460482294732421e-05,0.5259943877711439,27,4,False,False,False
EXP-H078,primary,0,101,0.0001,1.0000000000000002e-06,32,224,0.37746052337544306,0.3107128410289685,0.5326130172267104,9.424639868939033e-05,0.5259943877711439,27,5,False,False,False
EXP-H078,primary,0,101,0.0001,1.0000000000000002e-06,33,231,0.4538297802209854,0.3086467379083236,0.5349075934670187,9.387718066217124e-05,0.5259943877711439,27,6,False,False,False
EXP-H078,primary,0,101,0.0001,1.0000000000000002e-06,34,238,0.3745369880593249,0.3062885155280431,0.5450396316990707,9.349725996469047e-05,0.5259943877711439,27,7,False,False,False
EXP-H078,primary,0,101,0.0001,1.0000000000000002e-06,35,245,0.37775563448667526,0.30962333145240944,0.5321008074211352,9.310673033669521e-05,0.5259943877711439,27,8,False,False,False
EXP-H078,primary,0,101,0.0001,1.0000000000000002e-06,36,252,0.39382491792951313,0.31224020197987556,0.529257326299494,9.270568813552756e-05,0.5259943877711439,27,9,False,False,False
EXP-H078,primary,0,101,0.0001,1.0000000000000002e-06,37,259,0.37164456344076563,0.3087345703194539,0.5319945449829101,9.229423231234974e-05,0.5259943877711439,27,10,False,False,False
EXP-H078,primary,0,101,0.0001,1.0000000000000002e-06,38,266,0.39838023483753204,0.3056063608576854,0.5381680036602596,9.187246438772939e-05,0.5259943877711439,27,11,False,False,False
EXP-H078,primary,0,101,0.0001,1.0000000000000002e-06,39,273,0.3897050406251635,0.3098814208060503,0.5291473936601119,9.14404884265908e-05,0.5259943877711439,27,12,False,False,False
EXP-H078,primary,0,101,0.0001,1.0000000000000002e-06,40,280,0.3823882266879082,0.31108645411829156,0.5268183186848958,9.099841101253866e-05,0.5259943877711439,27,13,False,False,False
EXP-H078,primary,0,101,0.0001,1.0000000000000002e-06,41,287,0.3857878776533263,0.3138988142212232,0.5236280996149236,9.05463412215599e-05,0.5236280996149236,41,0,True,False,False
EXP-H078,primary,0,101,0.0001,1.0000000000000002e-06,42,294,0.4434505786214556,0.31245345373948413,0.5238555018107096,9.0084390595111e-05,0.5236280996149236,41,1,False,False,False
EXP-H078,primary,0,101,0.0001,1.0000000000000002e-06,43,301,0.36954874438898905,0.30394554510712624,0.53358496278705,8.961267311259666e-05,0.5236280996149236,41,2,False,False,False
EXP-H078,primary,0,101,0.0001,1.0000000000000002e-06,44,308,0.5694026978952544,0.3047601965566476,0.529251951044256,8.913130516324733e-05,0.5236280996149236,41,3,False,False,False
EXP-H078,primary,0,101,0.0001,1.0000000000000002e-06,45,315,0.42532908064978464,0.30347590520977974,0.5279167203036221,8.864040551740158e-05,0.5236280996149236,41,4,False,False,False
EXP-H078,primary,0,101,0.0001,1.0000000000000002e-06,46,322,0.3546924539342789,0.3014033626144131,0.5281296747381037,8.814009529720155e-05,0.5236280996149236,41,5,False,False,False
EXP-H078,primary,0,101,0.0001,1.0000000000000002e-06,47,329,0.3558399365013299,0.3006557362775008,0.5261498856977982,8.763049794670775e-05,0.5236280996149236,41,6,False,False,False
EXP-H078,primary,0,101,0.0001,1.0000000000000002e-06,48,336,0.36908714047500063,0.2978127995847899,0.5322194888953007,8.711173920144117e-05,0.5236280996149236,41,7,False,False,False
EXP-H078,primary,0,101,0.0001,1.0000000000000002e-06,49,343,0.3839662330491202,0.29900542832911015,0.5384086220481179,8.658394705735987e-05,0.5236280996149236,41,8,False,False,False
EXP-H078,primary,0,101,0.0001,1.0000000000000002e-06,50,350,0.35242743364402224,0.2994269734869401,0.52235677615079,8.604725173927785e-05,0.52235677615079,50,0,True,False,False
EXP-H078,primary,0,101,0.0001,1.0000000000000002e-06,51,357,0.36039721007858005,0.3012602385133505,0.521454166759144,8.55017856687341e-05,0.521454166759144,51,0,True,False,False
EXP-H078,primary,0,101,0.0001,1.0000000000000002e-06,52,364,0.34092757797666956,0.2970821768976748,0.5324048834136037,8.494768343131955e-05,0.521454166759144,51,1,False,False,False
EXP-H078,primary,0,101,0.0001,1.0000000000000002e-06,53,371,0.36175660895449774,0.30183409061282873,0.5417289283058859,8.438508174347009e-05,0.521454166759144,51,2,False,False,False
EXP-H078,primary,0,101,0.0001,1.0000000000000002e-06,54,378,0.3478804049747331,0.2974709781507651,0.5323077172944041,8.381411941873378e-05,0.521454166759144,51,3,False,False,False
EXP-H078,primary,0,101,0.0001,1.0000000000000002e-06,55,385,0.5307939435754504,0.298636915054279,0.5239893116806492,8.323493733352077e-05,0.521454166759144,51,4,False,False,False
EXP-H078,primary,0,101,0.0001,1.0000000000000002e-06,56,392,0.33668663991349085,0.30417327272395295,0.5405950026078659,8.26476783923441e-05,0.521454166759144,51,5,False,False,False
EXP-H078,primary,0,101,0.0001,1.0000000000000002e-06,57,399,0.33947993495634626,0.30301280816396076,0.5367002833973279,8.205248749256015e-05,0.521454166759144,51,6,False,False,False
EXP-H078,primary,0,101,0.0001,1.0000000000000002e-06,58,406,0.32475331744977404,0.30263458502789337,0.5353629240556197,8.144951148861742e-05,0.521454166759144,51,7,False,False,False
EXP-H078,primary,0,101,0.0001,1.0000000000000002e-06,59,413,0.5348714675222125,0.30606968080004054,0.5363118877988873,8.083889915582235e-05,0.521454166759144,51,8,False,False,False
EXP-H078,primary,0,101,0.0001,1.0000000000000002e-06,60,420,0.3101304407630648,0.32408128927151364,0.5436832890366063,8.022080115363127e-05,0.521454166759144,51,9,False,False,False
EXP-H078,primary,0,101,0.0001,1.0000000000000002e-06,61,427,0.5194619766303471,0.31482404346267384,0.538261371496952,7.959536998847744e-05,0.521454166759144,51,10,False,False,False
EXP-H078,primary,0,101,0.0001,1.0000000000000002e-06,62,434,0.3102485186287335,0.33657697836558026,0.5433036499023437,7.89627599761423e-05,0.521454166759144,51,11,False,False,False
EXP-H078,primary,0,101,0.0001,1.0000000000000002e-06,63,441,0.2984040177294186,0.356902336080869,0.5461323635216915,7.832312720368048e-05,0.521454166759144,51,12,False,False,False
EXP-H078,primary,0,101,0.0001,1.0000000000000002e-06,64,448,0.2827303730051166,0.3584282447894414,0.5468546128706498,7.767662949090753e-05,0.521454166759144,51,13,False,False,False
EXP-H078,primary,0,101,0.0001,1.0000000000000002e-06,65,455,0.3347343036106655,0.3254612510402997,0.5425354605010062,7.702342635146033e-05,0.521454166759144,51,14,False,False,False
EXP-H078,primary,0,101,0.0001,1.0000000000000002e-06,66,462,0.3067955252315317,0.3329480141401291,0.5402023505008583,7.636367895343946e-05,0.521454166759144,51,15,False,False,False
EXP-H078,primary,0,101,0.0001,1.0000000000000002e-06,67,469,0.35898563265800476,0.37943608065446216,0.5550418391372219,7.569755007964338e-05,0.521454166759144,51,16,False,False,False
EXP-H078,primary,0,101,0.0001,1.0000000000000002e-06,68,476,0.295225216075778,0.3319917544722557,0.5407488925818242,7.502520408740418e-05,0.521454166759144,51,17,False,False,False
EXP-H078,primary,0,101,0.0001,1.0000000000000002e-06,69,483,0.6239007732697895,0.33613506456216175,0.5442575181903262,7.43468068680349e-05,0.521454166759144,51,18,False,False,False
EXP-H078,primary,0,101,0.0001,1.0000000000000002e-06,70,490,0.28016073842133793,0.37458133697509766,0.5540317452170632,7.366252580589839e-05,0.521454166759144,51,19,False,False,False
EXP-H078,primary,0,101,0.0001,1.0000000000000002e-06,71,497,0.39212488915239063,0.3413655012845993,0.5522008918993402,7.297252973710757e-05,0.521454166759144,51,20,False,False,False
EXP-H078,primary,0,101,0.0001,1.0000000000000002e-06,72,504,0.28997654002159834,0.354201003909111,0.5529985971161814,7.22769889078678e-05,0.521454166759144,51,21,False,False,False
EXP-H078,primary,0,101,0.0001,1.0000000000000002e-06,73,511,0.32508158683776855,0.3390216405193011,0.5556482858368846,7.15760749324711e-05,0.521454166759144,51,22,False,False,False
EXP-H078,primary,0,101,0.0001,1.0000000000000002e-06,74,518,0.3165621395621981,0.33506957441568375,0.5542283803766426,7.086996075095289e-05,0.521454166759144,51,23,False,False,False
EXP-H078,primary,0,101,0.0001,1.0000000000000002e-06,75,525,0.3166826271585056,0.34532999744017917,0.5559362328269265,7.015882058642164e-05,0.521454166759144,51,24,False,False,False
EXP-H078,primary,0,101,0.0001,1.0000000000000002e-06,76,532,0.24162590693283295,0.3712981591622035,0.5643296938809481,6.944282990207195e-05,0.521454166759144,51,25,False,False,False
EXP-H078,primary,0,101,0.0001,1.0000000000000002e-06,77,539,0.4274069730724607,0.35823508600393933,0.565442203174938,6.872216535789157e-05,0.521454166759144,51,26,False,False,False
EXP-H078,primary,0,101,0.0001,1.0000000000000002e-06,78,546,0.26849554904869627,0.36134430517752963,0.5732631417476771,6.799700476707323e-05,0.521454166759144,51,27,False,False,False
EXP-H078,primary,0,101,0.0001,1.0000000000000002e-06,79,553,0.3102569282054901,0.42398801445961,0.5706123837557707,6.726752705214194e-05,0.521454166759144,51,28,False,False,False
EXP-H078,primary,0,101,0.0001,1.0000000000000002e-06,80,560,0.2725199269396918,0.4299500087896983,0.5695863168889826,6.65339122008084e-05,0.521454166759144,51,29,False,False,False
EXP-H078,primary,0,101,0.0001,1.0000000000000002e-06,81,567,0.24127785116434097,0.35940435032049817,0.5709003702799481,6.57963412215599e-05,0.521454166759144,51,30,False,True,False
EXP-H078,primary,0,101,0.001,1e-05,1,7,0.5291072822042874,0.34791504094998044,0.5333726531520034,0.001,0.5333726531520034,1,0,True,False,False
EXP-H078,primary,0,101,0.001,1e-05,2,14,0.39491607243793886,0.3287450199325879,0.5281268035426283,0.000999938933078422,0.5281268035426283,2,0,True,False,False
EXP-H078,primary,0,101,0.001,1e-05,3,21,0.457384249993733,0.32230499262611073,0.5247087191957415,0.0009997557473810372,0.5247087191957415,3,0,True,False,False
EXP-H078,primary,0,101,0.001,1e-05,4,28,0.42961724953992025,0.39197037865718204,0.6505535939534505,0.0009994504881061753,0.5247087191957415,3,1,False,False,False
EXP-H078,primary,0,101,0.001,1e-05,5,35,0.40207553118567113,0.31558692331115407,0.5288910575635505,0.0009990232305719944,0.5247087191957415,3,2,False,False,False
EXP-H078,primary,0,101,0.001,1e-05,6,42,0.36838184183995637,0.3805215135216713,0.64042935851126,0.0009984740801978985,0.5247087191957415,3,3,False,False,False
EXP-H078,primary,0,101,0.001,1e-05,7,49,0.4175957904330322,0.4582718412081401,0.6062667536880029,0.0009978031724785245,0.5247087191957415,3,4,False,False,False
EXP-H078,primary,0,101,0.001,1e-05,8,56,0.3811788721276181,0.3426469142238299,0.6010207242098721,0.000997010672950314,0.5247087191957415,3,5,False,False,False
EXP-H078,primary,0,101,0.001,1e-05,9,63,0.3782836428976485,0.3582693338394165,0.5368342597267844,0.0009960967771506667,0.5247087191957415,3,6,False,False,False
EXP-H078,primary,0,101,0.001,1e-05,10,70,0.4494194281952722,0.31189337428077124,0.5629315876816259,0.000995061710569696,0.5247087191957415,3,7,False,False,False
EXP-H078,primary,0,101,0.001,1e-05,11,77,0.4230571538209915,0.3166031589110692,0.530599007577607,0.0009939057285945933,0.5247087191957415,3,8,False,False,False
EXP-H078,primary,0,101,0.001,1e-05,12,84,0.3616350899849619,0.33765623278547235,0.5980643796053798,0.000992629116446613,0.5247087191957415,3,9,False,False,False
EXP-H078,primary,0,101,0.001,1e-05,13,91,0.3607309950249536,0.3605131258567174,0.6269957206032492,0.000991232189110701,0.5247087191957415,3,10,False,False,False
EXP-H078,primary,0,101,0.001,1e-05,14,98,0.3312795140913555,0.36361977458000183,0.5613952602039683,0.0009897152912577741,0.5247087191957415,3,11,False,False,False
EXP-H078,primary,0,101,0.001,1e-05,15,105,0.42845103783266886,0.46014363567034405,0.5866793846361564,0.00098807879715968,0.5247087191957415,3,12,False,False,False
EXP-H078,primary,0,101,0.001,1e-05,16,112,0.29397542561803547,0.29583769167462987,0.5037572659579189,0.00098632311059685,0.5037572659579189,16,0,True,False,False
EXP-H078,primary,0,101,0.001,1e-05,17,119,0.4243876848902021,0.5020396759112676,0.7570452323682381,0.0009844486647586723,0.5037572659579189,16,1,False,False,False
EXP-H078,primary,0,101,0.001,1e-05,18,126,0.37611454193081173,0.36035838226477307,0.5250241615988991,0.00098245592213661,0.5037572659579189,16,2,False,False,False
EXP-H078,primary,0,101,0.001,1e-05,19,133,0.3134314162390573,0.36838458478450775,0.6228304408680306,0.0009803453744100868,0.5037572659579189,16,3,False,False,False
EXP-H078,primary,0,101,0.001,1e-05,20,140,0.3819285588605063,0.421613946557045,0.5547297243060487,0.0009781175423251734,0.5037572659579189,16,4,False,False,False
EXP-H078,primary,0,101,0.001,1e-05,21,147,0.27991628513804506,0.33150350737075013,0.5788987188628225,0.0009757729755661011,0.5037572659579189,16,5,False,False,False
EXP-H078,primary,0,101,0.001,1e-05,22,154,0.23333035303013666,0.31069825690550107,0.544082171122233,0.0009733122526196349,0.5037572659579189,16,6,False,False,False
EXP-H078,primary,0,101,0.001,1e-05,23,161,0.2027613925082343,0.35474282627304393,0.5879679660219135,0.0009707359806323416,0.5037572659579189,16,7,False,False,False
EXP-H078,primary,0,101,0.001,1e-05,24,168,0.21865342184901237,0.32182683696737513,0.5594313227335613,0.0009680447952607845,0.5037572659579189,16,8,False,False,False
EXP-H078,primary,0,101,0.001,1e-05,25,175,0.21899872858609473,0.41738490511973697,0.6321487533106949,0.0009652393605146844,0.5037572659579189,16,9,False,False,False
EXP-H078,primary,0,101,0.001,1e-05,26,182,0.3427701007042612,0.32317905717839795,0.5824702358823834,0.000962320368593087,0.5037572659579189,16,10,False,False,False
EXP-H078,primary,0,101,0.001,1e-05,27,189,0.2919897011348179,0.32703589671676997,0.5763388144753196,0.0009592885397135706,0.5037572659579189,16,11,False,False,False
EXP-H078,primary,0,101,0.001,1e-05,28,196,0.19354189426771232,0.37715939432382584,0.590921874075225,0.0009561446219345453,0.5037572659579189,16,12,False,False,False
EXP-H078,primary,0,101,0.001,1e-05,29,203,0.17924453211682184,0.3742706800500552,0.578874322833437,0.0009528893909706797,0.5037572659579189,16,13,False,False,False
EXP-H078,primary,0,101,0.001,1e-05,30,210,0.2159179789679391,0.48575858026742935,0.7420220896402994,0.0009495236500015047,0.5037572659579189,16,14,False,False,False
EXP-H078,primary,0,101,0.001,1e-05,31,217,0.2649247891136578,0.37229615946610767,0.561981361620354,0.0009460482294732421,0.5037572659579189,16,15,False,False,False
EXP-H078,primary,0,101,0.001,1e-05,32,224,0.20767643728426524,0.3688089979502062,0.6302305394952947,0.0009424639868939033,0.5037572659579189,16,16,False,False,False
EXP-H078,primary,0,101,0.001,1e-05,33,231,0.2510807769639151,0.32056988775730133,0.5498004802357067,0.0009387718066217125,0.5037572659579189,16,17,False,False,False
EXP-H078,primary,0,101,0.001,1e-05,34,238,0.15940914835248673,0.3189207687973976,0.5498794856215969,0.0009349725996469047,0.5037572659579189,16,18,False,False,False
EXP-H078,primary,0,101,0.001,1e-05,35,245,0.14407391952616827,0.5193759004275004,0.6628017215150775,0.0009310673033669522,0.5037572659579189,16,19,False,False,False
EXP-H078,primary,0,101,0.001,1e-05,36,252,0.22447857420359338,0.30581444579487044,0.5299592925563004,0.0009270568813552756,0.5037572659579189,16,20,False,False,False
EXP-H078,primary,0,101,0.001,1e-05,37,259,0.2114523627928325,0.3862510025501251,0.5730677115700462,0.0009229423231234975,0.5037572659579189,16,21,False,False,False
EXP-H078,primary,0,101,0.001,1e-05,38,266,0.13471832452341914,0.43208080033461255,0.6225576955621893,0.0009187246438772938,0.5037572659579189,16,22,False,False,False
EXP-H078,primary,0,101,0.001,1e-05,39,273,0.17525888606905937,0.4115580916404724,0.6190980740171491,0.0009144048842659081,0.5037572659579189,16,23,False,False,False
EXP-H078,primary,0,101,0.001,1e-05,40,280,0.1523405180445739,0.3912896861632665,0.5963142441258287,0.0009099841101253866,0.5037572659579189,16,24,False,False,False
EXP-H078,primary,0,101,0.001,1e-05,41,287,0.15650382318667003,0.4385131398836772,0.6037753480853457,0.000905463412215599,0.5037572659579189,16,25,False,False,False
EXP-H078,primary,0,101,0.001,1e-05,42,294,0.21967342176607677,0.33313444318870705,0.5708152183763909,0.0009008439059511099,0.5037572659579189,16,26,False,False,False
EXP-H078,primary,0,101,0.001,1e-05,43,301,0.14491654320486955,0.33402164763538167,0.578766915292451,0.0008961267311259666,0.5037572659579189,16,27,False,False,False
EXP-H078,primary,0,101,0.001,1e-05,44,308,0.14745125147913182,0.36420500728612143,0.6211173793908322,0.0008913130516324732,0.5037572659579189,16,28,False,False,False
EXP-H078,primary,0,101,0.001,1e-05,45,315,0.1308717849398298,0.38775169663131237,0.6463448363795425,0.0008864040551740157,0.5037572659579189,16,29,False,False,False
EXP-H078,primary,0,101,0.001,1e-05,46,322,0.10112365188875369,0.4363367495437463,0.6939342154300573,0.0008814009529720154,0.5037572659579189,16,30,False,True,False
EXP-H078,primary,0,101,0.01,0.0001,1,7,2.283255236489432,0.6250388224919637,0.871386351845481,0.01,0.871386351845481,1,0,True,False,False
EXP-H078,primary,0,101,0.01,0.0001,2,14,1.9845981001853943,0.8624349037806193,0.9939593404134115,0.00999938933078422,0.871386351845481,1,1,False,False,False
EXP-H078,primary,0,101,0.01,0.0001,3,21,0.5955809908253806,0.3118468311925729,0.557533785270922,0.009997557473810372,0.557533785270922,3,0,True,False,False
EXP-H078,primary,0,101,0.01,0.0001,4,28,0.8696803876331874,0.44662267963091534,0.5966563175085817,0.009994504881061753,0.557533785270922,3,1,False,False,False
EXP-H078,primary,0,101,0.01,0.0001,5,35,1.172051765024662,0.3157592053369929,0.5574941847830106,0.009990232305719944,0.5574941847830106,5,0,True,False,False
EXP-H078,primary,0,101,0.01,0.0001,6,42,0.5814182465629918,0.41185201704502106,0.6704502168135209,0.009984740801978984,0.5574941847830106,5,1,False,False,False
EXP-H078,primary,0,101,0.01,0.0001,7,49,1.045484789780208,0.594082236289978,0.8178407178936582,0.009978031724785246,0.5574941847830106,5,2,False,False,False
EXP-H078,primary,0,101,0.01,0.0001,8,56,0.6072561400277274,0.3387359542151292,0.6024481233539003,0.00997010672950314,0.5574941847830106,5,3,False,False,False
EXP-H078,primary,0,101,0.01,0.0001,9,63,0.43148778804710936,0.30276095754622173,0.5390502464988014,0.009960967771506667,0.5390502464988014,9,0,True,False,False
EXP-H078,primary,0,101,0.01,0.0001,10,70,0.3900149504521063,0.3194821551054095,0.5753753613558683,0.00995061710569696,0.5390502464988014,9,1,False,False,False
EXP-H078,primary,0,101,0.01,0.0001,11,77,0.4788625878947122,0.3044066329797109,0.5266024125995058,0.009939057285945933,0.5266024125995058,11,0,True,False,False
EXP-H078,primary,0,101,0.01,0.0001,12,84,0.5140684083702841,0.3146568745238862,0.5667263098052053,0.00992629116446613,0.5266024125995058,11,1,False,False,False
EXP-H078,primary,0,101,0.01,0.0001,13,91,0.5196884402206966,0.4101989690874082,0.6890533831047287,0.00991232189110701,0.5266024125995058,11,2,False,False,False
EXP-H078,primary,0,101,0.01,0.0001,14,98,0.5845861243350166,0.3122086739943673,0.5607239125569661,0.00989715291257774,0.5266024125995058,11,3,False,False,False
EXP-H078,primary,0,101,0.01,0.0001,15,105,0.4053829312324524,0.31017788872122765,0.5494696800925514,0.0098807879715968,0.5266024125995058,11,4,False,False,False
EXP-H078,primary,0,101,0.01,0.0001,16,112,0.38185122928449083,0.3101940779015422,0.5483485636855615,0.0098632311059685,0.5266024125995058,11,5,False,False,False
EXP-H078,primary,0,101,0.01,0.0001,17,119,0.5883862929684776,0.31044318589071435,0.5459084867997601,0.009844486647586723,0.5266024125995058,11,6,False,False,False
EXP-H078,primary,0,101,0.01,0.0001,18,126,0.5151314096791404,0.988726794719696,1.024625040690104,0.0098245592213661,0.5266024125995058,11,7,False,False,False
EXP-H078,primary,0,101,0.01,0.0001,19,133,0.5550344586372375,0.31021200213581324,0.5504174300685072,0.009803453744100868,0.5266024125995058,11,8,False,False,False
EXP-H078,primary,0,101,0.01,0.0001,20,140,0.7660713940858841,0.3106755414046347,0.5544946853175308,0.009781175423251734,0.5266024125995058,11,9,False,False,False
EXP-H078,primary,0,101,0.01,0.0001,21,147,0.3765953180762673,0.31128366524353623,0.5574815932765151,0.009757729755661011,0.5266024125995058,11,10,False,False,False
EXP-H078,primary,0,101,0.01,0.0001,22,154,0.5315351103033338,0.311033245952179,0.5563840008359966,0.009733122526196349,0.5266024125995058,11,11,False,False,False
EXP-H078,primary,0,101,0.01,0.0001,23,161,0.37762691280139343,0.3108568767396112,0.5555137296734434,0.009707359806323416,0.5266024125995058,11,12,False,False,False
EXP-H078,primary,0,101,0.01,0.0001,24,168,0.41341941697256906,0.3102459792668621,0.5509021278150152,0.009680447952607845,0.5266024125995058,11,13,False,False,False
EXP-H078,primary,0,101,0.01,0.0001,25,175,0.4030012786388397,0.31061838443080586,0.5449639735366357,0.009652393605146845,0.5266024125995058,11,14,False,False,False
EXP-H078,primary,0,101,0.01,0.0001,26,182,0.37532050774565767,0.3130766438941161,0.5383479302146217,0.00962320368593087,0.5266024125995058,11,15,False,False,False
EXP-H078,primary,0,101,0.01,0.0001,27,189,0.404780849814415,0.31567881753047305,0.534820166385535,0.009592885397135707,0.5266024125995058,11,16,False,False,False
EXP-H078,primary,0,101,0.01,0.0001,28,196,0.37404353910824284,0.31769560525814694,0.5330154099897905,0.009561446219345454,0.5266024125995058,11,17,False,False,False
EXP-H078,primary,0,101,0.01,0.0001,29,203,0.40899782947131563,0.3181377798318863,0.5326534472378818,0.009528893909706798,0.5266024125995058,11,18,False,False,False
EXP-H078,primary,0,101,0.01,0.0001,30,210,0.4029433876276016,0.32028816019495326,0.5312920395822235,0.009495236500015047,0.5266024125995058,11,19,False,False,False
EXP-H078,primary,0,101,0.01,0.0001,31,217,0.37784876275275436,0.3213908188045025,0.5308306346084131,0.00946048229473242,0.5266024125995058,11,20,False,False,False
EXP-H078,primary,0,101,0.01,0.0001,32,224,0.3763277419568892,0.31941234568754834,0.5316768038200608,0.009424639868939034,0.5266024125995058,11,21,False,False,False
EXP-H078,primary,0,101,0.01,0.0001,33,231,0.4943148578916277,0.31619322672486305,0.5343320585308653,0.009387718066217124,0.5266024125995058,11,22,False,False,False
EXP-H078,primary,0,101,0.01,0.0001,34,238,0.3788704289389508,0.31247583280007046,0.5395374221801756,0.009349725996469048,0.5266024125995058,11,23,False,False,False
EXP-H078,primary,0,101,0.01,0.0001,35,245,0.38872392156294416,0.3116892781108618,0.5413627259225554,0.00931067303366952,0.5266024125995058,11,24,False,False,False
EXP-H078,primary,0,101,0.01,0.0001,36,252,0.38299912746463505,0.3109300093104442,0.543668681520404,0.009270568813552756,0.5266024125995058,11,25,False,False,False
EXP-H078,primary,0,101,0.01,0.0001,37,259,0.3732953115665753,0.311082623898983,0.5431344216086647,0.009229423231234974,0.5266024125995058,11,26,False,False,False
EXP-H078,primary,0,101,0.01,0.0001,38,266,0.41353076696395874,0.31128099622825783,0.5425034649010859,0.009187246438772938,0.5266024125995058,11,27,False,False,False
EXP-H078,primary,0,101,0.01,0.0001,39,273,0.39442781039646696,0.31286573223769665,0.538749889489376,0.009144048842659082,0.5266024125995058,11,28,False,False,False
EXP-H078,primary,0,101,0.01,0.0001,40,280,0.3764629723238094,0.31492985660831135,0.5355735690954959,0.009099841101253866,0.5266024125995058,11,29,False,False,False
EXP-H078,primary,0,101,0.01,0.0001,41,287,0.39069402856486185,0.316287849098444,0.5342446383851946,0.00905463412215599,0.5266024125995058,11,30,False,True,False
EXP-H078,primary,1,101,1e-05,1.0000000000000001e-07,1,6,0.48790894945462543,0.5213639636834463,0.5649461119680692,1e-05,0.5649461119680692,1,0,True,False,False
EXP-H078,primary,1,101,1e-05,1.0000000000000001e-07,2,12,0.5092996383706728,0.5308945973714193,0.5561835324836499,9.99938933078422e-06,0.5561835324836499,2,0,True,False,False
EXP-H078,primary,1,101,1e-05,1.0000000000000001e-07,3,18,0.482810099919637,0.5386876066525778,0.5505427800958806,9.997557473810373e-06,0.5505427800958806,3,0,True,False,False
EXP-H078,primary,1,101,1e-05,1.0000000000000001e-07,4,24,0.48347709079583484,0.5467898348967234,0.5453179453069513,9.994504881061752e-06,0.5453179453069513,4,0,True,False,False
EXP-H078,primary,1,101,1e-05,1.0000000000000001e-07,5,30,0.49506956338882446,0.5525287290414175,0.5418769149780274,9.990232305719944e-06,0.5418769149780274,5,0,True,False,False
EXP-H078,primary,1,101,1e-05,1.0000000000000001e-07,6,36,0.49198607603708905,0.5601549545923868,0.5376389308120265,9.984740801978984e-06,0.5376389308120265,6,0,True,False,False
EXP-H078,primary,1,101,1e-05,1.0000000000000001e-07,7,42,0.4754433756073316,0.565007229646047,0.5352407716693299,9.978031724785247e-06,0.5352407716693299,7,0,True,False,False
EXP-H078,primary,1,101,1e-05,1.0000000000000001e-07,8,48,0.4922143245736758,0.5669885873794556,0.5347451525601472,9.97010672950314e-06,0.5347451525601472,8,0,True,False,False
EXP-H078,primary,1,101,1e-05,1.0000000000000001e-07,9,54,0.48435881237188977,0.5665485362211863,0.5348021129261362,9.960967771506666e-06,0.5347451525601472,8,1,False,False,False
EXP-H078,primary,1,101,1e-05,1.0000000000000001e-07,10,60,0.4595540116230647,0.5684379835923513,0.5345603156812262,9.950617105696961e-06,0.5345603156812262,10,0,True,False,False
EXP-H078,primary,1,101,1e-05,1.0000000000000001e-07,11,66,0.49836202959219617,0.5683711568514506,0.5345552583174271,9.939057285945933e-06,0.5345552583174271,11,0,True,False,False
EXP-H078,primary,1,101,1e-05,1.0000000000000001e-07,12,72,0.4682467083136241,0.5665640334288279,0.5347421470410895,9.926291164466131e-06,0.5345552583174271,11,1,False,False,False
EXP-H078,primary,1,101,1e-05,1.0000000000000001e-07,13,78,0.4986776039004326,0.566421389579773,0.5347551805900803,9.91232189110701e-06,0.5345552583174271,11,2,False,False,False
EXP-H078,primary,1,101,1e-05,1.0000000000000001e-07,14,84,0.48701206346352893,0.5660669207572937,0.534809395530007,9.897152912577742e-06,0.5345552583174271,11,3,False,False,False
EXP-H078,primary,1,101,1e-05,1.0000000000000001e-07,15,90,0.48220186432202655,0.5641313989957174,0.5353711649576822,9.8807879715968e-06,0.5345552583174271,11,4,False,False,False
EXP-H078,primary,1,101,1e-05,1.0000000000000001e-07,16,96,0.4663658489783605,0.5642591317494711,0.5353228454589842,9.8632311059685e-06,0.5345552583174271,11,5,False,False,False
EXP-H078,primary,1,101,1e-05,1.0000000000000001e-07,17,102,0.48649577299753827,0.566268523534139,0.534711282672304,9.844486647586724e-06,0.5345552583174271,11,6,False,False,False
EXP-H078,primary,1,101,1e-05,1.0000000000000001e-07,18,108,0.49382027486960095,0.567315916220347,0.5345305494828656,9.824559221366101e-06,0.5345305494828656,18,0,True,False,False
EXP-H078,primary,1,101,1e-05,1.0000000000000001e-07,19,114,0.4887835880120595,0.5669359366099039,0.5345396527377041,9.803453744100868e-06,0.5345305494828656,18,1,False,False,False
EXP-H078,primary,1,101,1e-05,1.0000000000000001e-07,20,120,0.5037133693695068,0.5630001127719879,0.5357944957848751,9.781175423251734e-06,0.5345305494828656,18,2,False,False,False
EXP-H078,primary,1,101,1e-05,1.0000000000000001e-07,21,126,0.4809076686700185,0.5601303776105245,0.5372493693033854,9.757729755661012e-06,0.5345305494828656,18,3,False,False,False
EXP-H078,primary,1,101,1e-05,1.0000000000000001e-07,22,132,0.4772551010052363,0.5555300911267599,0.5396844755230528,9.73312252619635e-06,0.5345305494828656,18,4,False,False,False
EXP-H078,primary,1,101,1e-05,1.0000000000000001e-07,23,138,0.46470686544974643,0.5563315053780874,0.5392109617753462,9.707359806323418e-06,0.5345305494828656,18,5,False,False,False
EXP-H078,primary,1,101,1e-05,1.0000000000000001e-07,24,144,0.4714100162188212,0.5557983815670013,0.5394663730968129,9.680447952607845e-06,0.5345305494828656,18,6,False,False,False
EXP-H078,primary,1,101,1e-05,1.0000000000000001e-07,25,150,0.4713935951391856,0.5567901233832041,0.5388724362922437,9.652393605146845e-06,0.5345305494828656,18,7,False,False,False
EXP-H078,primary,1,101,1e-05,1.0000000000000001e-07,26,156,0.4887839804093043,0.5597407321135203,0.5372498316909328,9.62320368593087e-06,0.5345305494828656,18,8,False,False,False
EXP-H078,primary,1,101,1e-05,1.0000000000000001e-07,27,162,0.47305503984292346,0.5625017980734507,0.535776115879868,9.592885397135707e-06,0.5345305494828656,18,9,False,False,False
EXP-H078,primary,1,101,1e-05,1.0000000000000001e-07,28,168,0.47770170370737713,0.5646594365437826,0.5348573367956911,9.561446219345455e-06,0.5345305494828656,18,10,False,False,False
EXP-H078,primary,1,101,1e-05,1.0000000000000001e-07,29,174,0.4849614178140958,0.5649385750293732,0.5347372605294891,9.528893909706798e-06,0.5345305494828656,18,11,False,False,False
EXP-H078,primary,1,101,1e-05,1.0000000000000001e-07,30,180,0.4676722437143326,0.5654986004034678,0.5345173374522815,9.495236500015048e-06,0.5345173374522815,30,0,True,False,False
EXP-H078,primary,1,101,1e-05,1.0000000000000001e-07,31,186,0.48902760446071625,0.5639051993687948,0.5350897732358989,9.460482294732422e-06,0.5345173374522815,30,1,False,False,False
EXP-H078,primary,1,101,1e-05,1.0000000000000001e-07,32,192,0.4956555664539337,0.5651769538720449,0.5346142365426727,9.424639868939035e-06,0.5345173374522815,30,2,False,False,False
EXP-H078,primary,1,101,1e-05,1.0000000000000001e-07,33,198,0.491369865834713,0.5656090279420217,0.5344293682213984,9.387718066217125e-06,0.5344293682213984,33,0,True,False,False
EXP-H078,primary,1,101,1e-05,1.0000000000000001e-07,34,204,0.48758823424577713,0.5681415398915609,0.5341414503617719,9.349725996469047e-06,0.5341414503617719,34,0,True,False,False
EXP-H078,primary,1,101,1e-05,1.0000000000000001e-07,35,210,0.47841718296209973,0.5699367423852285,0.5340086006395743,9.310673033669522e-06,0.5340086006395743,35,0,True,False,False
EXP-H078,primary,1,101,1e-05,1.0000000000000001e-07,36,216,0.4768313119808833,0.5692610939343771,0.53404521595348,9.270568813552757e-06,0.5340086006395743,35,1,False,False,False
EXP-H078,primary,1,101,1e-05,1.0000000000000001e-07,37,222,0.4932770977417628,0.5683571298917135,0.5340990841027461,9.229423231234975e-06,0.5340086006395743,35,2,False,False,False
EXP-H078,primary,1,101,1e-05,1.0000000000000001e-07,38,228,0.47054455677668255,0.5690695643424988,0.5340457361394707,9.18724643877294e-06,0.5340086006395743,35,3,False,False,False
EXP-H078,primary,1,101,1e-05,1.0000000000000001e-07,39,234,0.4985259522994359,0.5690142611662546,0.534041141163219,9.144048842659081e-06,0.5340086006395743,35,4,False,False,False
EXP-H078,primary,1,101,1e-05,1.0000000000000001e-07,40,240,0.4971289088328679,0.5669402976830801,0.5341734129009823,9.099841101253867e-06,0.5340086006395743,35,5,False,False,False
EXP-H078,primary,1,101,1e-05,1.0000000000000001e-07,41,246,0.46654999752839404,0.5674274563789368,0.5341274631384646,9.054634122155991e-06,0.5340086006395743,35,6,False,False,False
EXP-H078,primary,1,101,1e-05,1.0000000000000001e-07,42,252,0.4827943444252014,0.5652320086956024,0.5344368531198211,9.0084390595111e-06,0.5340086006395743,35,7,False,False,False
EXP-H078,primary,1,101,1e-05,1.0000000000000001e-07,43,258,0.4775986323753993,0.5648647646109263,0.5345664372299656,8.961267311259668e-06,0.5340086006395743,35,8,False,False,False
EXP-H078,primary,1,101,1e-05,1.0000000000000001e-07,44,264,0.4647344499826431,0.5649126569430033,0.5345421907829515,8.913130516324733e-06,0.5340086006395743,35,9,False,False,False
EXP-H078,primary,1,101,1e-05,1.0000000000000001e-07,45,270,0.47813481589158374,0.5637280444304148,0.534953773498535,8.864040551740158e-06,0.5340086006395743,35,10,False,False,False
EXP-H078,primary,1,101,1e-05,1.0000000000000001e-07,46,276,0.46159559736649197,0.5631115237871805,0.5351595648563269,8.814009529720155e-06,0.5340086006395743,35,11,False,False,False
EXP-H078,primary,1,101,1e-05,1.0000000000000001e-07,47,282,0.48251740634441376,0.5607866247495016,0.5362891926620945,8.763049794670776e-06,0.5340086006395743,35,12,False,False,False
EXP-H078,primary,1,101,1e-05,1.0000000000000001e-07,48,288,0.4876440813144048,0.56132839123408,0.5359826008189809,8.711173920144118e-06,0.5340086006395743,35,13,False,False,False
EXP-H078,primary,1,101,1e-05,1.0000000000000001e-07,49,294,0.48311443626880646,0.5619121591250101,0.5356540744665897,8.658394705735988e-06,0.5340086006395743,35,14,False,False,False
EXP-H078,primary,1,101,1e-05,1.0000000000000001e-07,50,300,0.48487356305122375,0.5623671412467957,0.5353949640447443,8.604725173927786e-06,0.5340086006395743,35,15,False,False,False
EXP-H078,primary,1,101,1e-05,1.0000000000000001e-07,51,306,0.47807446618874866,0.5614436666170756,0.5358415726170396,8.550178566873412e-06,0.5340086006395743,35,16,False,False,False
EXP-H078,primary,1,101,1e-05,1.0000000000000001e-07,52,312,0.4779626379410426,0.5626369218031565,0.5352012086348099,8.494768343131955e-06,0.5340086006395743,35,17,False,False,False
EXP-H078,primary,1,101,1e-05,1.0000000000000001e-07,53,318,0.4877504160006841,0.5620588461558024,0.535437937187426,8.43850817434701e-06,0.5340086006395743,35,18,False,False,False
EXP-H078,primary,1,101,1e-05,1.0000000000000001e-07,54,324,0.4741726542512576,0.5642890234788259,0.5345516119292287,8.381411941873379e-06,0.5340086006395743,35,19,False,False,False
EXP-H078,primary,1,101,1e-05,1.0000000000000001e-07,55,330,0.47916390498479206,0.5662999153137207,0.5339820422548235,8.323493733352078e-06,0.5339820422548235,55,0,True,False,False
EXP-H078,primary,1,101,1e-05,1.0000000000000001e-07,56,336,0.48588553567727405,0.5656075179576874,0.5340464271776603,8.26476783923441e-06,0.5339820422548235,55,1,False,False,False
EXP-H078,primary,1,101,1e-05,1.0000000000000001e-07,57,342,0.48219506442546844,0.5662517348925272,0.5339356012055366,8.205248749256014e-06,0.5339356012055366,57,0,True,False,False
EXP-H078,primary,1,101,1e-05,1.0000000000000001e-07,58,348,0.49920644238591194,0.5673153201738993,0.5338488746411871,8.144951148861743e-06,0.5338488746411871,58,0,True,False,False
EXP-H078,primary,1,101,1e-05,1.0000000000000001e-07,59,354,0.4965555667877197,0.5675146778424581,0.5338261598529236,8.083889915582235e-06,0.5338261598529236,59,0,True,False,False
EXP-H078,primary,1,101,1e-05,1.0000000000000001e-07,60,360,0.48451537390549976,0.5683020651340485,0.5337658760764381,8.022080115363127e-06,0.5337658760764381,60,0,True,False,False
EXP-H078,primary,1,101,1e-05,1.0000000000000001e-07,61,366,0.4823020026087761,0.5675645669301351,0.5338064216844962,7.959536998847744e-06,0.5337658760764381,60,1,False,False,False
EXP-H078,primary,1,101,1e-05,1.0000000000000001e-07,62,372,0.47400569419066113,0.5665287971496582,0.5338684972127278,7.89627599761423e-06,0.5337658760764381,60,2,False,False,False
EXP-H078,primary,1,101,1e-05,1.0000000000000001e-07,63,378,0.4821396966775258,0.5654704570770264,0.5339833401766689,7.832312720368048e-06,0.5337658760764381,60,3,False,False,False
EXP-H078,primary,1,101,1e-05,1.0000000000000001e-07,64,384,0.47401829560597736,0.5651545822620392,0.5340255619395862,7.767662949090754e-06,0.5337658760764381,60,4,False,False,False
EXP-H078,primary,1,101,1e-05,1.0000000000000001e-07,65,390,0.4767776131629944,0.5642542243003845,0.5343183085123697,7.702342635146033e-06,0.5337658760764381,60,5,False,False,False
EXP-H078,primary,1,101,1e-05,1.0000000000000001e-07,66,396,0.5011109610398611,0.564014067252477,0.534397405682188,7.636367895343947e-06,0.5337658760764381,60,6,False,False,False
EXP-H078,primary,1,101,1e-05,1.0000000000000001e-07,67,402,0.4758720397949219,0.5640859305858612,0.53435804494222,7.5697550079643376e-06,0.5337658760764381,60,7,False,False,False
EXP-H078,primary,1,101,1e-05,1.0000000000000001e-07,68,408,0.4867166231075923,0.5627362926801046,0.5348218485514322,7.502520408740418e-06,0.5337658760764381,60,8,False,False,False
EXP-H078,primary,1,101,1e-05,1.0000000000000001e-07,69,414,0.4730684161186218,0.5617344081401825,0.5352079860802853,7.43468068680349e-06,0.5337658760764381,60,9,False,False,False
EXP-H078,primary,1,101,1e-05,1.0000000000000001e-07,70,420,0.4939066718022029,0.5601382851600647,0.5360093036998402,7.366252580589839e-06,0.5337658760764381,60,10,False,False,False
EXP-H078,primary,1,101,1e-05,1.0000000000000001e-07,71,426,0.46530036131540936,0.5615891317526499,0.5352302673802232,7.297252973710756e-06,0.5337658760764381,60,11,False,False,False
EXP-H078,primary,1,101,1e-05,1.0000000000000001e-07,72,432,0.48466578622659046,0.5638235012690226,0.5343351567586262,7.227698890786779e-06,0.5337658760764381,60,12,False,False,False
EXP-H078,primary,1,101,1e-05,1.0000000000000001e-07,73,438,0.48605943719546,0.5645731687545776,0.5340441415960138,7.15760749324711e-06,0.5337658760764381,60,13,False,False,False
EXP-H078,primary,1,101,1e-05,1.0000000000000001e-07,74,444,0.4744851936896642,0.5647290647029877,0.5339742632779207,7.086996075095289e-06,0.5337658760764381,60,14,False,False,False
EXP-H078,primary,1,101,1e-05,1.0000000000000001e-07,75,450,0.480476051568985,0.5640608270963033,0.5342013244628905,7.015882058642164e-06,0.5337658760764381,60,15,False,False,False
EXP-H078,primary,1,101,1e-05,1.0000000000000001e-07,76,456,0.4847278545300166,0.5657305916150411,0.5337317146532462,6.9442829902071945e-06,0.5337317146532462,76,0,True,False,False
EXP-H078,primary,1,101,1e-05,1.0000000000000001e-07,77,462,0.4908690353234609,0.5650994976361593,0.5338576574614553,6.8722165357891564e-06,0.5337317146532462,76,1,False,False,False
EXP-H078,primary,1,101,1e-05,1.0000000000000001e-07,78,468,0.49263426661491394,0.5655089219411215,0.5337642262776692,6.799700476707323e-06,0.5337317146532462,76,2,False,False,False
EXP-H078,primary,1,101,1e-05,1.0000000000000001e-07,79,474,0.4991504301627477,0.5654539366563162,0.5337768841367778,6.726752705214193e-06,0.5337317146532462,76,3,False,False,False
EXP-H078,primary,1,101,1e-05,1.0000000000000001e-07,80,480,0.49147839347521466,0.5639303127924601,0.5342070465087889,6.65339122008084e-06,0.5337317146532462,76,4,False,False,False
EXP-H078,primary,1,101,1e-05,1.0000000000000001e-07,81,486,0.48855971296628314,0.5639083782831827,0.5341986946337149,6.57963412215599e-06,0.5337317146532462,76,5,False,False,False
EXP-H078,primary,1,101,1e-05,1.0000000000000001e-07,82,492,0.47607995569705963,0.5620759725570679,0.5348384367046933,6.505499609899905e-06,0.5337317146532462,76,6,False,False,False
EXP-H078,primary,1,101,1e-05,1.0000000000000001e-07,83,498,0.49714437623818714,0.5625184377034506,0.53465764317368,6.431005974894185e-06,0.5337317146532462,76,7,False,False,False
EXP-H078,primary,1,101,1e-05,1.0000000000000001e-07,84,504,0.473507026831309,0.5625396370887756,0.5346415752064096,6.356171597328595e-06,0.5337317146532462,76,8,False,False,False
EXP-H078,primary,1,101,1e-05,1.0000000000000001e-07,85,510,0.4693972071011861,0.5630948742230734,0.5344402632279829,6.28101494146603e-06,0.5337317146532462,76,9,False,False,False
EXP-H078,primary,1,101,1e-05,1.0000000000000001e-07,86,516,0.47838903963565826,0.5618940989176432,0.5348740694450609,6.205554551086732e-06,0.5337317146532462,76,10,False,False,False
EXP-H078,primary,1,101,1e-05,1.0000000000000001e-07,87,522,0.4809449811776479,0.5617802937825521,0.5349158288204308,6.129809044912887e-06,0.5337317146532462,76,11,False,False,False
EXP-H078,primary,1,101,1e-05,1.0000000000000001e-07,88,528,0.4677858253320058,0.5603930552800497,0.5356187885168827,6.053797112014738e-06,0.5337317146532462,76,12,False,False,False
EXP-H078,primary,1,101,1e-05,1.0000000000000001e-07,89,534,0.48352233568827313,0.5604496200879415,0.535576508955522,5.977537507199338e-06,0.5337317146532462,76,13,False,False,False
EXP-H078,primary,1,101,1e-05,1.0000000000000001e-07,90,540,0.4928135673205058,0.5604522824287415,0.5355676368944573,5.901049046383077e-06,0.5337317146532462,76,14,False,False,False
EXP-H078,primary,1,101,1e-05,1.0000000000000001e-07,91,546,0.4860410938660304,0.5605518718560537,0.535495302142519,5.824350601949143e-06,0.5337317146532462,76,15,False,False,False
EXP-H078,primary,1,101,1e-05,1.0000000000000001e-07,92,552,0.4874517818291982,0.5602038701375326,0.5356533808852687,5.7474610980910354e-06,0.5337317146532462,76,16,False,False,False
EXP-H078,primary,1,101,1e-05,1.0000000000000001e-07,93,558,0.4788932477434476,0.558660219113032,0.536459726969401,5.6703995061433075e-06,0.5337317146532462,76,17,False,False,False
EXP-H078,primary,1,101,1e-05,1.0000000000000001e-07,94,564,0.4776649872461955,0.5593655109405518,0.5360787485296076,5.5931848399006745e-06,0.5337317146532462,76,18,False,False,False
EXP-H078,primary,1,101,1e-05,1.0000000000000001e-07,95,570,0.4642049918572108,0.559323787689209,0.5360928513498017,5.515836150926646e-06,0.5337317146532462,76,19,False,False,False
EXP-H078,primary,1,101,1e-05,1.0000000000000001e-07,96,576,0.4840688208738963,0.5589900215466818,0.536256449843898,5.438372523852833e-06,0.5337317146532462,76,20,False,False,False
EXP-H078,primary,1,101,1e-05,1.0000000000000001e-07,97,582,0.4787080983320872,0.5593077937761942,0.536071639321067,5.360813071670101e-06,0.5337317146532462,76,21,False,False,False
EXP-H078,primary,1,101,1e-05,1.0000000000000001e-07,98,588,0.4769718050956726,0.5592737893263499,0.536078199444395,5.283176931012731e-06,0.5337317146532462,76,22,False,False,False
EXP-H078,primary,1,101,1e-05,1.0000000000000001e-07,99,594,0.48186442752679187,0.559968372186025,0.5357113527240175,5.205483257436735e-06,0.5337317146532462,76,23,False,False,False
EXP-H078,primary,1,101,1e-05,1.0000000000000001e-07,100,600,0.46134067078431445,0.5590773224830627,0.5361652439001835,5.127751220693512e-06,0.5337317146532462,76,24,False,False,False
EXP-H078,primary,1,101,1e-05,1.0000000000000001e-07,101,606,0.48533374567826587,0.5580642024676005,0.5366867881543709,5.05e-06,0.5337317146532462,76,25,False,False,False
EXP-H078,primary,1,101,1e-05,1.0000000000000001e-07,102,612,0.474600945909818,0.5574667851130167,0.5369955474391128,4.972248779306488e-06,0.5337317146532462,76,26,False,False,False
EXP-H078,primary,1,101,1e-05,1.0000000000000001e-07,103,618,0.4965906540552775,0.5578034619490305,0.5368086561723189,4.8945167425632645e-06,0.5337317146532462,76,27,False,False,False
EXP-H078,primary,1,101,1e-05,1.0000000000000001e-07,104,624,0.49348214268684387,0.5591996510823568,0.5360613511981386,4.816823068987269e-06,0.5337317146532462,76,28,False,False,False
EXP-H078,primary,1,101,1e-05,1.0000000000000001e-07,105,630,0.45824133853117627,0.5601168473561605,0.5355730988473603,4.7391869283298985e-06,0.5337317146532462,76,29,False,False,False
EXP-H078,primary,1,101,1e-05,1.0000000000000001e-07,106,636,0.4756877658267816,0.5606953303019205,0.535262085423325,4.661627476147168e-06,0.5337317146532462,76,30,False,True,False
EXP-H078,primary,1,101,0.0001,1.0000000000000002e-06,1,6,0.48019283016522724,0.5800303816795349,0.5338936684348365,0.0001,0.5338936684348365,1,0,True,False,False
EXP-H078,primary,1,101,0.0001,1.0000000000000002e-06,2,12,0.4981235588590304,0.5654005805651346,0.5351962694110292,9.99938933078422e-05,0.5338936684348365,1,1,False,False,False
EXP-H078,primary,1,101,0.0001,1.0000000000000002e-06,3,18,0.4842865740259488,0.5335564215977987,0.5537710832538026,9.997557473810373e-05,0.5338936684348365,1,2,False,False,False
EXP-H078,primary,1,101,0.0001,1.0000000000000002e-06,4,24,0.471883291999499,0.5532993574937185,0.5411055947506066,9.994504881061753e-05,0.5338936684348365,1,3,False,False,False
EXP-H078,primary,1,101,0.0001,1.0000000000000002e-06,5,30,0.49444866677125293,0.5615600248177847,0.5364388039328835,9.990232305719945e-05,0.5338936684348365,1,4,False,False,False
EXP-H078,primary,1,101,0.0001,1.0000000000000002e-06,6,36,0.49497663974761963,0.5816344022750854,0.5334008789062499,9.984740801978984e-05,0.5334008789062499,6,0,True,False,False
EXP-H078,primary,1,101,0.0001,1.0000000000000002e-06,7,42,0.4948100224137306,0.5821838776270548,0.5332047976869524,9.978031724785247e-05,0.5332047976869524,7,0,True,False,False
EXP-H078,primary,1,101,0.0001,1.0000000000000002e-06,8,48,0.4854917799433072,0.552548905213674,0.5405192295421254,9.97010672950314e-05,0.5332047976869524,7,1,False,False,False
EXP-H078,primary,1,101,0.0001,1.0000000000000002e-06,9,54,0.5089558164278666,0.5288344820340475,0.5555284738251657,9.960967771506667e-05,0.5332047976869524,7,2,False,False,False
EXP-H078,primary,1,101,0.0001,1.0000000000000002e-06,10,60,0.48065561304489773,0.5610199173291525,0.5354245857469964,9.95061710569696e-05,0.5332047976869524,7,3,False,False,False
EXP-H078,primary,1,101,0.0001,1.0000000000000002e-06,11,66,0.4810487975676854,0.5797563393910726,0.5325210132020891,9.939057285945933e-05,0.5325210132020891,11,0,True,False,False
EXP-H078,primary,1,101,0.0001,1.0000000000000002e-06,12,72,0.49795758227507275,0.5634376804033915,0.5342839184385356,9.926291164466132e-05,0.5325210132020891,11,1,False,False,False
EXP-H078,primary,1,101,0.0001,1.0000000000000002e-06,13,78,0.4755997409423192,0.5591520071029663,0.5362141124840939,9.91232189110701e-05,0.5325210132020891,11,2,False,False,False
EXP-H078,primary,1,101,0.0001,1.0000000000000002e-06,14,84,0.4843154822786649,0.5685286124547323,0.5329899319735439,9.897152912577741e-05,0.5325210132020891,11,3,False,False,False
EXP-H078,primary,1,101,0.0001,1.0000000000000002e-06,15,90,0.47516952951749164,0.5520510276158651,0.539895295345422,9.8807879715968e-05,0.5325210132020891,11,4,False,False,False
EXP-H078,primary,1,101,0.0001,1.0000000000000002e-06,16,96,0.46633993834257126,0.5550234317779541,0.5383451121937145,9.8632311059685e-05,0.5325210132020891,11,5,False,False,False
EXP-H078,primary,1,101,0.0001,1.0000000000000002e-06,17,102,0.46285492181777954,0.5726480484008789,0.532653631730513,9.844486647586725e-05,0.5325210132020891,11,6,False,False,False
EXP-H078,primary,1,101,0.0001,1.0000000000000002e-06,18,108,0.4664137015740077,0.5696928203105927,0.5326351940270625,9.824559221366101e-05,0.5325210132020891,11,7,False,False,False
EXP-H078,primary,1,101,0.0001,1.0000000000000002e-06,19,114,0.46149810403585434,0.5581711033980051,0.5365181033972538,9.803453744100869e-05,0.5325210132020891,11,8,False,False,False
EXP-H078,primary,1,101,0.0001,1.0000000000000002e-06,20,120,0.48080386718114215,0.5434117714564005,0.5450370448719372,9.781175423251735e-05,0.5325210132020891,11,9,False,False,False
EXP-H078,primary,1,101,0.0001,1.0000000000000002e-06,21,126,0.48101475338141125,0.5531401435534159,0.5394629340894295,9.757729755661011e-05,0.5325210132020891,11,10,False,False,False
EXP-H078,primary,1,101,0.0001,1.0000000000000002e-06,22,132,0.4845646023750305,0.5527050594488779,0.5397001966996626,9.73312252619635e-05,0.5325210132020891,11,11,False,False,False
EXP-H078,primary,1,101,0.0001,1.0000000000000002e-06,23,138,0.4843036010861397,0.5773816108703613,0.5315960358128402,9.707359806323417e-05,0.5315960358128402,23,0,True,False,False
EXP-H078,primary,1,101,0.0001,1.0000000000000002e-06,24,144,0.4717034747203191,0.5597478648026785,0.5357977324977066,9.680447952607845e-05,0.5315960358128402,23,1,False,False,False
EXP-H078,primary,1,101,0.0001,1.0000000000000002e-06,25,150,0.4639286498228709,0.5465851724147797,0.5429193099050811,9.652393605146844e-05,0.5315960358128402,23,2,False,False,False
EXP-H078,primary,1,101,0.0001,1.0000000000000002e-06,26,156,0.4614197313785553,0.5501331786314646,0.5410917809226296,9.623203685930869e-05,0.5315960358128402,23,3,False,False,False
EXP-H078,primary,1,101,0.0001,1.0000000000000002e-06,27,162,0.4811060031255086,0.5616516768932343,0.5354212184096827,9.592885397135707e-05,0.5315960358128402,23,4,False,False,False
EXP-H078,primary,1,101,0.0001,1.0000000000000002e-06,28,168,0.452573483188947,0.5753508706887563,0.5320776099002721,9.561446219345454e-05,0.5315960358128402,23,5,False,False,False
EXP-H078,primary,1,101,0.0001,1.0000000000000002e-06,29,174,0.4789597690105438,0.5640508333841959,0.535883721553918,9.528893909706797e-05,0.5315960358128402,23,6,False,False,False
EXP-H078,primary,1,101,0.0001,1.0000000000000002e-06,30,180,0.47973139584064484,0.5500882863998413,0.5441317478526723,9.495236500015047e-05,0.5315960358128402,23,7,False,False,False
EXP-H078,primary,1,101,0.0001,1.0000000000000002e-06,31,186,0.47130098938941956,0.5406492352485657,0.5519324280709931,9.460482294732421e-05,0.5315960358128402,23,8,False,False,False
EXP-H078,primary,1,101,0.0001,1.0000000000000002e-06,32,192,0.47194568316141766,0.5553783377011617,0.5440357157389323,9.424639868939033e-05,0.5315960358128402,23,9,False,False,False
EXP-H078,primary,1,101,0.0001,1.0000000000000002e-06,33,198,0.4613885780175527,0.5560069382190704,0.5463190143469608,9.387718066217124e-05,0.5315960358128402,23,10,False,False,False
EXP-H078,primary,1,101,0.0001,1.0000000000000002e-06,34,204,0.45988280326128006,0.5699797868728638,0.5414303491765802,9.349725996469047e-05,0.5315960358128402,23,11,False,False,False
EXP-H078,primary,1,101,0.0001,1.0000000000000002e-06,35,210,0.45198145508766174,0.5758487780888876,0.5429530500932174,9.310673033669521e-05,0.5315960358128402,23,12,False,False,False
EXP-H078,primary,1,101,0.0001,1.0000000000000002e-06,36,216,0.4532797833283742,0.5687301357587179,0.5498007555874911,9.270568813552756e-05,0.5315960358128402,23,13,False,False,False
EXP-H078,primary,1,101,0.0001,1.0000000000000002e-06,37,222,0.45594648520151776,0.581940491994222,0.5489496594053326,9.229423231234974e-05,0.5315960358128402,23,14,False,False,False
EXP-H078,primary,1,101,0.0001,1.0000000000000002e-06,38,228,0.4503672073284785,0.5910108784834543,0.5486904622858221,9.187246438772939e-05,0.5315960358128402,23,15,False,False,False
EXP-H078,primary,1,101,0.0001,1.0000000000000002e-06,39,234,0.4345223183433215,0.5771712164084116,0.5572277836655125,9.14404884265908e-05,0.5315960358128402,23,16,False,False,False
EXP-H078,primary,1,101,0.0001,1.0000000000000002e-06,40,240,0.4460020611683528,0.562531183163325,0.5744036456021395,9.099841101253866e-05,0.5315960358128402,23,17,False,False,False
EXP-H078,primary,1,101,0.0001,1.0000000000000002e-06,41,246,0.4250148683786392,0.5871435503164927,0.5614833674575344,9.05463412215599e-05,0.5315960358128402,23,18,False,False,False
EXP-H078,primary,1,101,0.0001,1.0000000000000002e-06,42,252,0.41968866686026257,0.6078087091445923,0.5591117391875295,9.0084390595111e-05,0.5315960358128402,23,19,False,False,False
EXP-H078,primary,1,101,0.0001,1.0000000000000002e-06,43,258,0.4413674821456273,0.6027430494626363,0.5636161741776899,8.961267311259666e-05,0.5315960358128402,23,20,False,False,False
EXP-H078,primary,1,101,0.0001,1.0000000000000002e-06,44,264,0.429372176527977,0.6002388099829356,0.5738839127511689,8.913130516324733e-05,0.5315960358128402,23,21,False,False,False
EXP-H078,primary,1,101,0.0001,1.0000000000000002e-06,45,270,0.4186166375875473,0.6067726413408915,0.5729866208163175,8.864040551740158e-05,0.5315960358128402,23,22,False,False,False
EXP-H078,primary,1,101,0.0001,1.0000000000000002e-06,46,276,0.4131848265727361,0.6119546393553416,0.5744576201005415,8.814009529720155e-05,0.5315960358128402,23,23,False,False,False
EXP-H078,primary,1,101,0.0001,1.0000000000000002e-06,47,282,0.43484105666478473,0.6187578837076823,0.5785690279873934,8.763049794670775e-05,0.5315960358128402,23,24,False,False,False
EXP-H078,primary,1,101,0.0001,1.0000000000000002e-06,48,288,0.4119427377978961,0.6751125454902649,0.5766784522316672,8.711173920144117e-05,0.5315960358128402,23,25,False,False,False
EXP-H078,primary,1,101,0.0001,1.0000000000000002e-06,49,294,0.41462551057338715,0.6379484335581461,0.5701246134440104,8.658394705735987e-05,0.5315960358128402,23,26,False,False,False
EXP-H078,primary,1,101,0.0001,1.0000000000000002e-06,50,300,0.4007464001576106,0.6307504872481028,0.5745532494747277,8.604725173927785e-05,0.5315960358128402,23,27,False,False,False
EXP-H078,primary,1,101,0.0001,1.0000000000000002e-06,51,306,0.40268273651599884,0.6466351747512817,0.575915352792451,8.55017856687341e-05,0.5315960358128402,23,28,False,False,False
EXP-H078,primary,1,101,0.0001,1.0000000000000002e-06,52,312,0.4081432471672694,0.700015644232432,0.5813651141542377,8.494768343131955e-05,0.5315960358128402,23,29,False,False,False
EXP-H078,primary,1,101,0.0001,1.0000000000000002e-06,53,318,0.39621871958176297,0.6477622389793396,0.5805503833655156,8.438508174347009e-05,0.5315960358128402,23,30,False,True,False
EXP-H078,primary,1,101,0.001,1e-05,1,6,0.6961526175340017,0.4968787431716919,0.6121024461226029,0.001,0.6121024461226029,1,0,True,False,False
EXP-H078,primary,1,101,0.001,1e-05,2,12,0.4806187301874161,0.5634417732556661,0.5332759739268909,0.000999938933078422,0.5332759739268909,2,0,True,False,False
EXP-H078,primary,1,101,0.001,1e-05,3,18,0.5134895145893097,0.5218672255674998,0.5574743451205166,0.0009997557473810372,0.5332759739268909,2,1,False,False,False
EXP-H078,primary,1,101,0.001,1e-05,4,24,0.49164333939552307,0.6265305678049723,0.5384366034305457,0.0009994504881061753,0.5332759739268909,2,2,False,False,False
EXP-H078,primary,1,101,0.001,1e-05,5,30,0.552361731727918,0.49664516746997833,0.6488783275719843,0.0009990232305719944,0.5332759739268909,2,3,False,False,False
EXP-H078,primary,1,101,0.001,1e-05,6,36,0.5303879976272583,0.5952846705913544,0.53194947421912,0.0009984740801978985,0.53194947421912,6,0,True,False,False
EXP-H078,primary,1,101,0.001,1e-05,7,42,0.45749354114135105,0.5164486368497213,0.5613131908069956,0.0009978031724785245,0.53194947421912,6,1,False,False,False
EXP-H078,primary,1,101,0.001,1e-05,8,48,0.4799892132480939,0.5436797142028809,0.5389556371515447,0.000997010672950314,0.53194947421912,6,2,False,False,False
EXP-H078,primary,1,101,0.001,1e-05,9,54,0.47614119450251263,0.5549293259779612,0.531173686172023,0.0009960967771506667,0.531173686172023,9,0,True,False,False
EXP-H078,primary,1,101,0.001,1e-05,10,60,0.4726109330852826,0.5176769196987152,0.5488448352235736,0.000995061710569696,0.531173686172023,9,1,False,False,False
EXP-H078,primary,1,101,0.001,1e-05,11,66,0.5024709552526474,0.5249245663483938,0.5380878224228367,0.0009939057285945933,0.531173686172023,9,2,False,False,False
EXP-H078,primary,1,101,0.001,1e-05,12,72,0.4467262427012126,0.531150629123052,0.5176197347929984,0.000992629116446613,0.5176197347929984,12,0,True,False,False
EXP-H078,primary,1,101,0.001,1e-05,13,78,0.4479365646839142,0.41899052759011585,0.5486559637821081,0.000991232189110701,0.5176197347929984,12,1,False,False,False
EXP-H078,primary,1,101,0.001,1e-05,14,84,0.4403763711452484,0.42573028306166333,0.5331812956838897,0.0009897152912577741,0.5176197347929984,12,2,False,False,False
EXP-H078,primary,1,101,0.001,1e-05,15,90,0.41635678211847943,0.5089517831802368,0.6072074074022697,0.00098807879715968,0.5176197347929984,12,3,False,False,False
EXP-H078,primary,1,101,0.001,1e-05,16,96,0.34452779591083527,0.42752767105897266,0.5594706282182172,0.00098632311059685,0.5176197347929984,12,4,False,False,False
EXP-H078,primary,1,101,0.001,1e-05,17,102,0.3334541643659274,0.559113048017025,0.7404468735203599,0.0009844486647586723,0.5176197347929984,12,5,False,False,False
EXP-H078,primary,1,101,0.001,1e-05,18,108,0.34395009527603787,0.5780541102091471,0.6199098004427823,0.00098245592213661,0.5176197347929984,12,6,False,False,False
EXP-H078,primary,1,101,0.001,1e-05,19,114,0.23132667938868204,1.1046865781148274,0.8661965387517755,0.0009803453744100868,0.5176197347929984,12,7,False,False,False
EXP-H078,primary,1,101,0.001,1e-05,20,120,0.27597105254729587,0.44018593182166416,0.5937486713293826,0.0009781175423251734,0.5176197347929984,12,8,False,False,False
EXP-H078,primary,1,101,0.001,1e-05,21,126,0.23915216823418936,0.42179154853026074,0.5874317710182884,0.0009757729755661011,0.5176197347929984,12,9,False,False,False
EXP-H078,primary,1,101,0.001,1e-05,22,132,0.21035818507273993,0.4213456976382683,0.6122015665227718,0.0009733122526196349,0.5176197347929984,12,10,False,False,False
EXP-H078,primary,1,101,0.001,1e-05,23,138,0.23555874824523926,0.47047902767856914,0.6553865312518496,0.0009707359806323416,0.5176197347929984,12,11,False,False,False
EXP-H078,primary,1,101,0.001,1e-05,24,144,0.2604127029577891,0.6147874792416891,0.5617452762488163,0.0009680447952607845,0.5176197347929984,12,12,False,False,False
EXP-H078,primary,1,101,0.001,1e-05,25,150,0.2401031789680322,0.7084259192148844,0.7338128847064394,0.0009652393605146844,0.5176197347929984,12,13,False,False,False
EXP-H078,primary,1,101,0.001,1e-05,26,156,0.21125593905647597,0.5131390144427618,0.6555788902513908,0.000962320368593087,0.5176197347929984,12,14,False,False,False
EXP-H078,primary,1,101,0.001,1e-05,27,162,0.2170396993557612,0.6261546413103739,0.5820508982340495,0.0009592885397135706,0.5176197347929984,12,15,False,False,False
EXP-H078,primary,1,101,0.001,1e-05,28,168,0.19811567664146423,0.4217153576513131,0.5984802548957594,0.0009561446219345453,0.5176197347929984,12,16,False,False,False
EXP-H078,primary,1,101,0.001,1e-05,29,174,0.20747198164463043,0.3824154418475996,0.5624585888024533,0.0009528893909706797,0.5176197347929984,12,17,False,False,False
EXP-H078,primary,1,101,0.001,1e-05,30,180,0.19908165683348975,0.5782623092333475,0.6379778953321054,0.0009495236500015047,0.5176197347929984,12,18,False,False,False
EXP-H078,primary,1,101,0.001,1e-05,31,186,0.1602969653904438,0.49460647503534955,0.5872533488418117,0.0009460482294732421,0.5176197347929984,12,19,False,False,False
EXP-H078,primary,1,101,0.001,1e-05,32,192,0.17992751548687616,0.5314890394608179,0.6853082060380414,0.0009424639868939033,0.5176197347929984,12,20,False,False,False
EXP-H078,primary,1,101,0.001,1e-05,33,198,0.19582422822713852,0.6836593945821127,0.744789621295351,0.0009387718066217125,0.5176197347929984,12,21,False,False,False
EXP-H078,primary,1,101,0.001,1e-05,34,204,0.1679434304436048,0.5468812982241312,0.6134114907004616,0.0009349725996469047,0.5176197347929984,12,22,False,False,False
EXP-H078,primary,1,101,0.001,1e-05,35,210,0.19178782279292741,0.6853183706601461,0.747647020513361,0.0009310673033669522,0.5176197347929984,12,23,False,False,False
EXP-H078,primary,1,101,0.001,1e-05,36,216,0.19785716198384762,0.434208473811547,0.6247729503747188,0.0009270568813552756,0.5176197347929984,12,24,False,False,False
EXP-H078,primary,1,101,0.001,1e-05,37,222,0.15938513974348703,0.6021627287069956,0.5849480482159238,0.0009229423231234975,0.5176197347929984,12,25,False,False,False
EXP-H078,primary,1,101,0.001,1e-05,38,228,0.2248909349242846,0.435018939897418,0.626696578054717,0.0009187246438772938,0.5176197347929984,12,26,False,False,False
EXP-H078,primary,1,101,0.001,1e-05,39,234,0.18614263832569122,0.4617128024498622,0.6076940709894355,0.0009144048842659081,0.5176197347929984,12,27,False,False,False
EXP-H078,primary,1,101,0.001,1e-05,40,240,0.1775915945569674,0.42750778794288635,0.5853756438746597,0.0009099841101253866,0.5176197347929984,12,28,False,False,False
EXP-H078,primary,1,101,0.001,1e-05,41,246,0.16724971185127893,0.7707027196884155,0.6627047708684749,0.000905463412215599,0.5176197347929984,12,29,False,False,False
EXP-H078,primary,1,101,0.001,1e-05,42,252,0.19498873998721442,0.4183677484591802,0.5846184870402018,0.0009008439059511099,0.5176197347929984,12,30,False,True,False
EXP-H078,primary,1,101,0.01,0.0001,1,6,3.7125237385431924,1.4342146317164104,1.1834075946229878,0.01,1.1834075946229878,1,0,True,False,False
EXP-H078,primary,1,101,0.01,0.0001,2,12,2.951767385005951,0.7686175455649694,1.0249212431474164,0.00999938933078422,1.0249212431474164,2,0,True,False,False
EXP-H078,primary,1,101,0.01,0.0001,3,18,0.7212280035018921,0.9746033350626627,0.7659489496404477,0.009997557473810372,0.7659489496404477,3,0,True,False,False
EXP-H078,primary,1,101,0.01,0.0001,4,24,0.6403230925401052,0.5170732339223226,0.5699864541256066,0.009994504881061753,0.5699864541256066,4,0,True,False,False
EXP-H078,primary,1,101,0.01,0.0001,5,30,0.9635637054840723,0.5153872966766357,0.6045803749778053,0.009990232305719944,0.5699864541256066,4,1,False,False,False
EXP-H078,primary,1,101,0.01,0.0001,6,36,1.3723292251427968,0.7875553965568542,0.62564639860211,0.009984740801978984,0.5699864541256066,4,2,False,False,False
EXP-H078,primary,1,101,0.01,0.0001,7,42,0.7511199414730072,0.5890655376327535,0.8326588715061994,0.009978031724785246,0.5699864541256066,4,3,False,False,False
EXP-H078,primary,1,101,0.01,0.0001,8,48,0.607202003399531,0.5582249462604523,0.5351136904629794,0.00997010672950314,0.5351136904629794,8,0,True,False,False
EXP-H078,primary,1,101,0.01,0.0001,9,54,0.47557172179222107,0.5926463107268015,0.5333271001180013,0.009960967771506667,0.5333271001180013,9,0,True,False,False
EXP-H078,primary,1,101,0.01,0.0001,10,60,0.5022382363677025,0.5138760308424631,0.5714007739442766,0.00995061710569696,0.5333271001180013,9,1,False,False,False
EXP-H078,primary,1,101,0.01,0.0001,11,66,0.49684158464272815,0.5101586580276489,0.5775448351773347,0.009939057285945933,0.5333271001180013,9,2,False,False,False
EXP-H078,primary,1,101,0.01,0.0001,12,72,0.48255935311317444,0.5215212901433309,0.564683103388006,0.00992629116446613,0.5333271001180013,9,3,False,False,False
EXP-H078,primary,1,101,0.01,0.0001,13,78,0.4803662598133087,0.5270814100901285,0.5562520814375443,0.00991232189110701,0.5333271001180013,9,4,False,False,False
EXP-H078,primary,1,101,0.01,0.0001,14,84,0.4732128034035365,0.5381117463111877,0.5484224730982925,0.00989715291257774,0.5333271001180013,9,5,False,False,False
EXP-H078,primary,1,101,0.01,0.0001,15,90,0.4688078959782918,0.5455166896184286,0.5437970081676137,0.0098807879715968,0.5333271001180013,9,6,False,False,False
EXP-H078,primary,1,101,0.01,0.0001,16,96,0.4697479009628296,0.550734798113505,0.5407704793756658,0.0098632311059685,0.5333271001180013,9,7,False,False,False
EXP-H078,primary,1,101,0.01,0.0001,17,102,0.47019315262635547,0.5531949798266093,0.5394017544370708,0.009844486647586723,0.5333271001180013,9,8,False,False,False
EXP-H078,primary,1,101,0.01,0.0001,18,108,0.46989797552426654,0.551332543293635,0.540434670419404,0.0098245592213661,0.5333271001180013,9,9,False,False,False
EXP-H078,primary,1,101,0.01,0.0001,19,114,0.46982987225055695,0.5480562547842661,0.5423020514285926,0.009803453744100868,0.5333271001180013,9,10,False,False,False
EXP-H078,primary,1,101,0.01,0.0001,20,120,0.46996738761663437,0.544259270032247,0.5445535897919626,0.009781175423251734,0.5333271001180013,9,11,False,False,False
EXP-H078,primary,1,101,0.01,0.0001,21,126,0.4697141498327255,0.545299639304479,0.5439268812699751,0.009757729755661011,0.5333271001180013,9,12,False,False,False
EXP-H078,primary,1,101,0.01,0.0001,22,132,0.4700603286425273,0.5421899855136871,0.5458229881055428,0.009733122526196349,0.5333271001180013,9,13,False,False,False
EXP-H078,primary,1,101,0.01,0.0001,23,138,0.4706897437572479,0.5456430315971375,0.5437215522997307,0.009707359806323416,0.5333271001180013,9,14,False,False,False
EXP-H078,primary,1,101,0.01,0.0001,24,144,0.46941888332366943,0.5447276631991068,0.5442703774192116,0.009680447952607845,0.5333271001180013,9,15,False,False,False
EXP-H078,primary,1,101,0.01,0.0001,25,150,0.46961229542891186,0.54291499654452,0.5453747033783883,0.009652393605146845,0.5333271001180013,9,16,False,False,False
EXP-H078,primary,1,101,0.01,0.0001,26,156,0.4695162574450175,0.5429380536079407,0.5453603404651989,0.00962320368593087,0.5333271001180013,9,17,False,False,False
EXP-H078,primary,1,101,0.01,0.0001,27,162,0.46952230234940845,0.5436217884222666,0.5449411861535275,0.009592885397135707,0.5333271001180013,9,18,False,False,False
EXP-H078,primary,1,101,0.01,0.0001,28,168,0.46957263350486755,0.5437544087568918,0.5448604706272935,0.009561446219345454,0.5333271001180013,9,19,False,False,False
EXP-H078,primary,1,101,0.01,0.0001,29,174,0.469461165368557,0.5443444351355234,0.5445020046812115,0.009528893909706798,0.5333271001180013,9,20,False,False,False
EXP-H078,primary,1,101,0.01,0.0001,30,180,0.4697972883780797,0.5459384123484293,0.5435457583340731,0.009495236500015047,0.5333271001180013,9,21,False,False,False
EXP-H078,primary,1,101,0.01,0.0001,31,186,0.46962914367516834,0.5441011190414429,0.544649477409594,0.00946048229473242,0.5333271001180013,9,22,False,False,False
EXP-H078,primary,1,101,0.01,0.0001,32,192,0.46948028604189557,0.5437676111857096,0.5448523788452149,0.009424639868939034,0.5333271001180013,9,23,False,False,False
EXP-H078,primary,1,101,0.01,0.0001,33,198,0.46965087950229645,0.5427155991395315,0.5454974961714311,0.009387718066217124,0.5333271001180013,9,24,False,False,False
EXP-H078,primary,1,101,0.01,0.0001,34,204,0.4695185100038846,0.543945848941803,0.5447437466708096,0.009349725996469048,0.5333271001180013,9,25,False,False,False
EXP-H078,primary,1,101,0.01,0.0001,35,210,0.46949448188145954,0.5448693831761678,0.5441852114128344,0.00931067303366952,0.5333271001180013,9,26,False,False,False
EXP-H078,primary,1,101,0.01,0.0001,36,216,0.4694983437657356,0.5441930095354716,0.5445936441132516,0.009270568813552756,0.5333271001180013,9,27,False,False,False
EXP-H078,primary,1,101,0.01,0.0001,37,222,0.46947891016801196,0.5438762009143829,0.5447862285267223,0.009229423231234974,0.5333271001180013,9,28,False,False,False
EXP-H078,primary,1,101,0.01,0.0001,38,228,0.46953728298346203,0.5450104276339213,0.5441002477010091,0.009187246438772938,0.5333271001180013,9,29,False,False,False
EXP-H078,primary,1,101,0.01,0.0001,39,234,0.4695258289575577,0.5451515515645345,0.5440156885782877,0.009144048842659082,0.5333271001180013,9,30,False,True,False
EXP-H078,primary,2,101,1e-05,1.0000000000000001e-07,1,7,0.4814958316939218,0.450888067483902,0.5022231757640838,1e-05,0.5022231757640838,1,0,True,False,False
EXP-H078,primary,2,101,1e-05,1.0000000000000001e-07,2,14,0.4453259046588625,0.44483669102191925,0.4941525876522064,9.99938933078422e-06,0.4941525876522064,2,0,True,False,False
EXP-H078,primary,2,101,1e-05,1.0000000000000001e-07,3,21,0.4729876752410616,0.4424980729818344,0.49098185849189757,9.997557473810373e-06,0.49098185849189757,3,0,True,False,False
EXP-H078,primary,2,101,1e-05,1.0000000000000001e-07,4,28,0.4353616258927754,0.443393349647522,0.4909936006069183,9.994504881061752e-06,0.49098185849189757,3,1,False,False,False
EXP-H078,primary,2,101,1e-05,1.0000000000000001e-07,5,35,0.44542684725352694,0.44489791989326477,0.4916658840179443,9.990232305719944e-06,0.49098185849189757,3,2,False,False,False
EXP-H078,primary,2,101,1e-05,1.0000000000000001e-07,6,42,0.535633214882442,0.44622084498405457,0.4923815867900848,9.984740801978984e-06,0.49098185849189757,3,3,False,False,False
EXP-H078,primary,2,101,1e-05,1.0000000000000001e-07,7,49,0.44930023167814526,0.4473089873790741,0.49287827229499814,9.978031724785247e-06,0.49098185849189757,3,4,False,False,False
EXP-H078,primary,2,101,1e-05,1.0000000000000001e-07,8,56,0.4415602662733623,0.4483427107334137,0.4932959816455841,9.97010672950314e-06,0.49098185849189757,3,5,False,False,False
EXP-H078,primary,2,101,1e-05,1.0000000000000001e-07,9,63,0.4232946474637304,0.4480789452791214,0.4932033858299255,9.960967771506666e-06,0.49098185849189757,3,6,False,False,False
EXP-H078,primary,2,101,1e-05,1.0000000000000001e-07,10,70,0.7469851481063026,0.44793859124183655,0.4931534669399261,9.950617105696961e-06,0.49098185849189757,3,7,False,False,False
EXP-H078,primary,2,101,1e-05,1.0000000000000001e-07,11,77,0.4162287829136143,0.4474014788866043,0.4929444632530212,9.939057285945933e-06,0.49098185849189757,3,8,False,False,False
EXP-H078,primary,2,101,1e-05,1.0000000000000001e-07,12,84,0.42742856831422876,0.44826333224773407,0.4932947895526886,9.926291164466131e-06,0.49098185849189757,3,9,False,False,False
EXP-H078,primary,2,101,1e-05,1.0000000000000001e-07,13,91,0.6159163649593081,0.44893157482147217,0.49368861055374147,9.91232189110701e-06,0.49098185849189757,3,10,False,False,False
EXP-H078,primary,2,101,1e-05,1.0000000000000001e-07,14,98,0.4725037877048765,0.44737133383750916,0.49296693420410154,9.897152912577742e-06,0.49098185849189757,3,11,False,False,False
EXP-H078,primary,2,101,1e-05,1.0000000000000001e-07,15,105,0.4970309393746512,0.4463687688112259,0.4925381383895874,9.8807879715968e-06,0.49098185849189757,3,12,False,False,False
EXP-H078,primary,2,101,1e-05,1.0000000000000001e-07,16,112,0.4264605601451227,0.4459831565618515,0.49236215567588804,9.8632311059685e-06,0.49098185849189757,3,13,False,False,False
EXP-H078,primary,2,101,1e-05,1.0000000000000001e-07,17,119,0.489640793630055,0.4453968405723572,0.492061897277832,9.844486647586724e-06,0.49098185849189757,3,14,False,False,False
EXP-H078,primary,2,101,1e-05,1.0000000000000001e-07,18,126,0.41854987147131134,0.44563670456409454,0.4921922228336334,9.824559221366101e-06,0.49098185849189757,3,15,False,False,False
EXP-H078,primary,2,101,1e-05,1.0000000000000001e-07,19,133,0.541712978056499,0.44571593403816223,0.4922324857711792,9.803453744100868e-06,0.49098185849189757,3,16,False,False,False
EXP-H078,primary,2,101,1e-05,1.0000000000000001e-07,20,140,0.5557647006852287,0.4454743564128876,0.4921134850978851,9.781175423251734e-06,0.49098185849189757,3,17,False,False,False
EXP-H078,primary,2,101,1e-05,1.0000000000000001e-07,21,147,0.425911403128079,0.44540220499038696,0.49208258008956907,9.757729755661012e-06,0.49098185849189757,3,18,False,False,False
EXP-H078,primary,2,101,1e-05,1.0000000000000001e-07,22,154,0.44088374291147503,0.4459660053253174,0.49237014269828794,9.73312252619635e-06,0.49098185849189757,3,19,False,False,False
EXP-H078,primary,2,101,1e-05,1.0000000000000001e-07,23,161,0.42758795831884655,0.4468782842159271,0.4927892825603485,9.707359806323418e-06,0.49098185849189757,3,20,False,False,False
EXP-H078,primary,2,101,1e-05,1.0000000000000001e-07,24,168,0.49227285385131836,0.4476808160543442,0.4931222341060638,9.680447952607845e-06,0.49098185849189757,3,21,False,False,False
EXP-H078,primary,2,101,1e-05,1.0000000000000001e-07,25,175,0.5539808443614415,0.4473222345113754,0.4929822227954864,9.652393605146845e-06,0.49098185849189757,3,22,False,False,False
EXP-H078,primary,2,101,1e-05,1.0000000000000001e-07,26,182,0.43682950202907833,0.4472943842411041,0.49297563648223874,9.62320368593087e-06,0.49098185849189757,3,23,False,False,False
EXP-H078,primary,2,101,1e-05,1.0000000000000001e-07,27,189,0.436545376266752,0.44762077927589417,0.49311901545524595,9.592885397135707e-06,0.49098185849189757,3,24,False,False,False
EXP-H078,primary,2,101,1e-05,1.0000000000000001e-07,28,196,0.43862328784806387,0.44873569905757904,0.49364816880226137,9.561446219345455e-06,0.49098185849189757,3,25,False,False,False
EXP-H078,primary,2,101,1e-05,1.0000000000000001e-07,29,203,0.44262194633483887,0.45081865787506104,0.49506769251823424,9.528893909706798e-06,0.49098185849189757,3,26,False,False,False
EXP-H078,primary,2,101,1e-05,1.0000000000000001e-07,30,210,0.4612217332635607,0.4484672099351883,0.49346676206588747,9.495236500015048e-06,0.49098185849189757,3,27,False,False,False
EXP-H078,primary,2,101,1e-05,1.0000000000000001e-07,31,217,0.43040238147867577,0.4466346204280853,0.49273778414726255,9.460482294732422e-06,0.49098185849189757,3,28,False,False,False
EXP-H078,primary,2,101,1e-05,1.0000000000000001e-07,32,224,0.5875784030982426,0.4454670399427414,0.49220110392570493,9.424639868939035e-06,0.49098185849189757,3,29,False,False,False
EXP-H078,primary,2,101,1e-05,1.0000000000000001e-07,33,231,0.6194399126938411,0.444495290517807,0.49167357301712034,9.387718066217125e-06,0.49098185849189757,3,30,False,True,False
EXP-H078,primary,2,101,0.0001,1.0000000000000002e-06,1,7,0.41586748039948623,0.4638339877128601,0.5074530475139618,0.0001,0.5074530475139618,1,0,True,False,False
EXP-H078,primary,2,101,0.0001,1.0000000000000002e-06,2,14,0.4573797136545181,0.46228161454200745,0.5061619811058045,9.99938933078422e-05,0.5061619811058045,2,0,True,False,False
EXP-H078,primary,2,101,0.0001,1.0000000000000002e-06,3,21,0.4472887175423758,0.44787225127220154,0.493270530462265,9.997557473810373e-05,0.493270530462265,3,0,True,False,False
EXP-H078,primary,2,101,0.0001,1.0000000000000002e-06,4,28,0.4302828067115375,0.4498221278190613,0.4944483909606934,9.994504881061753e-05,0.493270530462265,3,1,False,False,False
EXP-H078,primary,2,101,0.0001,1.0000000000000002e-06,5,35,0.446852032361286,0.4477965235710144,0.49333970165252683,9.990232305719945e-05,0.493270530462265,3,2,False,False,False
EXP-H078,primary,2,101,0.0001,1.0000000000000002e-06,6,42,0.5465513084615979,0.4458731412887573,0.49260629630088804,9.984740801978984e-05,0.49260629630088804,6,0,True,False,False
EXP-H078,primary,2,101,0.0001,1.0000000000000002e-06,7,49,0.4193903904940401,0.4461216330528259,0.49271981334686277,9.978031724785247e-05,0.49260629630088804,6,1,False,False,False
EXP-H078,primary,2,101,0.0001,1.0000000000000002e-06,8,56,0.4561221493141992,0.45390118658542633,0.4984833233356476,9.97010672950314e-05,0.49260629630088804,6,2,False,False,False
EXP-H078,primary,2,101,0.0001,1.0000000000000002e-06,9,63,0.43025722567524227,0.4458496421575546,0.49264012193679807,9.960967771506667e-05,0.49260629630088804,6,3,False,False,False
EXP-H078,primary,2,101,0.0001,1.0000000000000002e-06,10,70,0.7108829191752842,0.4420900046825409,0.49059246134757994,9.95061710569696e-05,0.49059246134757994,10,0,True,False,False
EXP-H078,primary,2,101,0.0001,1.0000000000000002e-06,11,77,0.4225516425711768,0.4426846206188202,0.4910613141059875,9.939057285945933e-05,0.49059246134757994,10,1,False,False,False
EXP-H078,primary,2,101,0.0001,1.0000000000000002e-06,12,84,0.42760360134499414,0.4469737410545349,0.4931050381660461,9.926291164466132e-05,0.49059246134757994,10,2,False,False,False
EXP-H078,primary,2,101,0.0001,1.0000000000000002e-06,13,91,0.6421369569642204,0.44932298362255096,0.4943727824687958,9.91232189110701e-05,0.49059246134757994,10,3,False,False,False
EXP-H078,primary,2,101,0.0001,1.0000000000000002e-06,14,98,0.44535695761442184,0.44045744836330414,0.4903368468284607,9.897152912577741e-05,0.4903368468284607,14,0,True,False,False
EXP-H078,primary,2,101,0.0001,1.0000000000000002e-06,15,105,0.4844636001757213,0.4411689192056656,0.49038146090507506,9.8807879715968e-05,0.4903368468284607,14,1,False,False,False
EXP-H078,primary,2,101,0.0001,1.0000000000000002e-06,16,112,0.42215389918003765,0.4427497684955597,0.4913849375247955,9.8632311059685e-05,0.4903368468284607,14,2,False,False,False
EXP-H078,primary,2,101,0.0001,1.0000000000000002e-06,17,119,0.4798846500260489,0.4413858652114868,0.4906183621883392,9.844486647586725e-05,0.4903368468284607,14,3,False,False,False
EXP-H078,primary,2,101,0.0001,1.0000000000000002e-06,18,126,0.41353852255269885,0.4443390369415283,0.4924321911334991,9.824559221366101e-05,0.4903368468284607,14,4,False,False,False
EXP-H078,primary,2,101,0.0001,1.0000000000000002e-06,19,133,0.5246095614773887,0.441434308886528,0.4911362669467926,9.803453744100869e-05,0.4903368468284607,14,5,False,False,False
EXP-H078,primary,2,101,0.0001,1.0000000000000002e-06,20,140,0.5445124506950378,0.44030338525772095,0.4906382701396942,9.781175423251735e-05,0.4903368468284607,14,6,False,False,False
EXP-H078,primary,2,101,0.0001,1.0000000000000002e-06,21,147,0.4101651537099055,0.4395723342895508,0.4904299519062042,9.757729755661011e-05,0.4903368468284607,14,7,False,False,False
EXP-H078,primary,2,101,0.0001,1.0000000000000002e-06,22,154,0.42721839036260334,0.44835010170936584,0.4944079360961914,9.73312252619635e-05,0.4903368468284607,14,8,False,False,False
EXP-H078,primary,2,101,0.0001,1.0000000000000002e-06,23,161,0.4157435453297304,0.4606691300868988,0.5034899942874909,9.707359806323417e-05,0.4903368468284607,14,9,False,False,False
EXP-H078,primary,2,101,0.0001,1.0000000000000002e-06,24,168,0.45343874607767376,0.4377140998840332,0.49002708411216733,9.680447952607845e-05,0.49002708411216733,24,0,True,False,False
EXP-H078,primary,2,101,0.0001,1.0000000000000002e-06,25,175,0.591843843460083,0.43686164915561676,0.4893733377456665,9.652393605146844e-05,0.4893733377456665,25,0,True,False,False
EXP-H078,primary,2,101,0.0001,1.0000000000000002e-06,26,182,0.4124287808580058,0.436968594789505,0.4906929574012756,9.623203685930869e-05,0.4893733377456665,25,1,False,False,False
EXP-H078,primary,2,101,0.0001,1.0000000000000002e-06,27,189,0.4221983935151781,0.4390873312950134,0.49276129817962644,9.592885397135707e-05,0.4893733377456665,25,2,False,False,False
EXP-H078,primary,2,101,0.0001,1.0000000000000002e-06,28,196,0.4277578815817833,0.4521975815296173,0.4989957518577576,9.561446219345454e-05,0.4893733377456665,25,3,False,False,False
EXP-H078,primary,2,101,0.0001,1.0000000000000002e-06,29,203,0.412351205246523,0.4607756435871124,0.5038758950233458,9.528893909706797e-05,0.4893733377456665,25,4,False,False,False
EXP-H078,primary,2,101,0.0001,1.0000000000000002e-06,30,210,0.43612790959221975,0.4336766302585602,0.49019752359390256,9.495236500015047e-05,0.4893733377456665,25,5,False,False,False
EXP-H078,primary,2,101,0.0001,1.0000000000000002e-06,31,217,0.4055974419627871,0.43286368250846863,0.49074976062774656,9.460482294732421e-05,0.4893733377456665,25,6,False,False,False
EXP-H078,primary,2,101,0.0001,1.0000000000000002e-06,32,224,0.5635460317134857,0.4382043182849884,0.49529637312889097,9.424639868939033e-05,0.4893733377456665,25,7,False,False,False
EXP-H078,primary,2,101,0.0001,1.0000000000000002e-06,33,231,0.5631341508456639,0.4357244074344635,0.4946542522907257,9.387718066217124e-05,0.4893733377456665,25,8,False,False,False
EXP-H078,primary,2,101,0.0001,1.0000000000000002e-06,34,238,0.8140097771372113,0.4304366409778595,0.49101887559890744,9.349725996469047e-05,0.4893733377456665,25,9,False,False,False
EXP-H078,primary,2,101,0.0001,1.0000000000000002e-06,35,245,0.39601435844919514,0.4312169849872589,0.4927996835708618,9.310673033669521e-05,0.4893733377456665,25,10,False,False,False
EXP-H078,primary,2,101,0.0001,1.0000000000000002e-06,36,252,0.42104936710425783,0.43328288197517395,0.4938580832481384,9.270568813552756e-05,0.4893733377456665,25,11,False,False,False
EXP-H078,primary,2,101,0.0001,1.0000000000000002e-06,37,259,0.413827440568379,0.43524639308452606,0.4930614969730377,9.229423231234974e-05,0.4893733377456665,25,12,False,False,False
EXP-H078,primary,2,101,0.0001,1.0000000000000002e-06,38,266,0.45230330739702496,0.4316629618406296,0.4891787312030792,9.187246438772939e-05,0.4891787312030792,38,0,True,False,False
EXP-H078,primary,2,101,0.0001,1.0000000000000002e-06,39,273,0.3618880502347435,0.4346138536930084,0.489571430683136,9.14404884265908e-05,0.4891787312030792,38,1,False,False,False
EXP-H078,primary,2,101,0.0001,1.0000000000000002e-06,40,280,0.8369070334093911,0.452407568693161,0.4969567861557006,9.099841101253866e-05,0.4891787312030792,38,2,False,False,False
EXP-H078,primary,2,101,0.0001,1.0000000000000002e-06,41,287,0.3530691085117204,0.4439961016178131,0.5115068738460541,9.05463412215599e-05,0.4891787312030792,38,3,False,False,False
EXP-H078,primary,2,101,0.0001,1.0000000000000002e-06,42,294,0.36330391918974264,0.4664084315299988,0.5136234700679778,9.0084390595111e-05,0.4891787312030792,38,4,False,False,False
EXP-H078,primary,2,101,0.0001,1.0000000000000002e-06,43,301,0.37666171150548117,0.49371564388275146,0.5336664781570433,8.961267311259666e-05,0.4891787312030792,38,5,False,False,False
EXP-H078,primary,2,101,0.0001,1.0000000000000002e-06,44,308,0.36726027194942745,0.4607296586036682,0.5253336081504821,8.913130516324733e-05,0.4891787312030792,38,6,False,False,False
EXP-H078,primary,2,101,0.0001,1.0000000000000002e-06,45,315,0.37372791873557226,0.46257708966732025,0.5207309067249297,8.864040551740158e-05,0.4891787312030792,38,7,False,False,False
EXP-H078,primary,2,101,0.0001,1.0000000000000002e-06,46,322,0.34312081017664503,0.4655004143714905,0.5166333854198455,8.814009529720155e-05,0.4891787312030792,38,8,False,False,False
EXP-H078,primary,2,101,0.0001,1.0000000000000002e-06,47,329,0.3539735882409981,0.45858433842658997,0.5147206127643584,8.763049794670775e-05,0.4891787312030792,38,9,False,False,False
EXP-H078,primary,2,101,0.0001,1.0000000000000002e-06,48,336,0.37678411283663343,0.46136000752449036,0.5143848299980163,8.711173920144117e-05,0.4891787312030792,38,10,False,False,False
EXP-H078,primary,2,101,0.0001,1.0000000000000002e-06,49,343,0.3435239467237677,0.4534275233745575,0.5157028684616088,8.658394705735987e-05,0.4891787312030792,38,11,False,False,False
EXP-H078,primary,2,101,0.0001,1.0000000000000002e-06,50,350,0.34218687457697733,0.4667985439300537,0.5178773641586303,8.604725173927785e-05,0.4891787312030792,38,12,False,False,False
EXP-H078,primary,2,101,0.0001,1.0000000000000002e-06,51,357,0.3051137273619783,0.47479957342147827,0.5220302360057829,8.55017856687341e-05,0.4891787312030792,38,13,False,False,False
EXP-H078,primary,2,101,0.0001,1.0000000000000002e-06,52,364,0.3623670829193933,0.4618418514728546,0.5222099363803863,8.494768343131955e-05,0.4891787312030792,38,14,False,False,False
EXP-H078,primary,2,101,0.0001,1.0000000000000002e-06,53,371,0.35072562098503113,0.46734099090099335,0.5209431886672973,8.438508174347009e-05,0.4891787312030792,38,15,False,False,False
EXP-H078,primary,2,101,0.0001,1.0000000000000002e-06,54,378,0.3249108727489199,0.4695155918598175,0.5233270664215087,8.381411941873378e-05,0.4891787312030792,38,16,False,False,False
EXP-H078,primary,2,101,0.0001,1.0000000000000002e-06,55,385,0.31226371441568646,0.4676304757595062,0.5238471353054046,8.323493733352077e-05,0.4891787312030792,38,17,False,False,False
EXP-H078,primary,2,101,0.0001,1.0000000000000002e-06,56,392,0.31309540569782257,0.4551164209842682,0.5193549830913543,8.26476783923441e-05,0.4891787312030792,38,18,False,False,False
EXP-H078,primary,2,101,0.0001,1.0000000000000002e-06,57,399,0.3222661763429642,0.4533017426729202,0.5179275114536285,8.205248749256015e-05,0.4891787312030792,38,19,False,False,False
EXP-H078,primary,2,101,0.0001,1.0000000000000002e-06,58,406,0.3051938148481505,0.4503650516271591,0.5131982290744781,8.144951148861742e-05,0.4891787312030792,38,20,False,False,False
EXP-H078,primary,2,101,0.0001,1.0000000000000002e-06,59,413,0.30051589171801296,0.43936359882354736,0.5103977758884429,8.083889915582235e-05,0.4891787312030792,38,21,False,False,False
EXP-H078,primary,2,101,0.0001,1.0000000000000002e-06,60,420,0.29933033351387295,0.43570972979068756,0.5086985964775085,8.022080115363127e-05,0.4891787312030792,38,22,False,False,False
EXP-H078,primary,2,101,0.0001,1.0000000000000002e-06,61,427,0.3010985382965633,0.4534323215484619,0.5200466966629028,7.959536998847744e-05,0.4891787312030792,38,23,False,False,False
EXP-H078,primary,2,101,0.0001,1.0000000000000002e-06,62,434,0.277895294458306,0.46437638998031616,0.52708043217659,7.89627599761423e-05,0.4891787312030792,38,24,False,False,False
EXP-H078,primary,2,101,0.0001,1.0000000000000002e-06,63,441,0.3600777132170541,0.4570237249135971,0.5148332555294036,7.832312720368048e-05,0.4891787312030792,38,25,False,False,False
EXP-H078,primary,2,101,0.0001,1.0000000000000002e-06,64,448,0.3498786283390863,0.46249984204769135,0.5195447475910187,7.767662949090753e-05,0.4891787312030792,38,26,False,False,False
EXP-H078,primary,2,101,0.0001,1.0000000000000002e-06,65,455,0.2486346080599365,0.47173668444156647,0.5283140063285827,7.702342635146033e-05,0.4891787312030792,38,27,False,False,False
EXP-H078,primary,2,101,0.0001,1.0000000000000002e-06,66,462,0.35438686183520723,0.4680750072002411,0.5197797477245331,7.636367895343946e-05,0.4891787312030792,38,28,False,False,False
EXP-H078,primary,2,101,0.0001,1.0000000000000002e-06,67,469,0.2613609880208969,0.4607010930776596,0.527507734298706,7.569755007964338e-05,0.4891787312030792,38,29,False,False,False
EXP-H078,primary,2,101,0.0001,1.0000000000000002e-06,68,476,0.2936409544521926,0.4414072781801224,0.5059756755828857,7.502520408740418e-05,0.4891787312030792,38,30,False,True,False
EXP-H078,primary,2,101,0.001,1e-05,1,7,0.594217021550451,0.5238502621650696,0.5548946883678435,0.001,0.5548946883678435,1,0,True,False,False
EXP-H078,primary,2,101,0.001,1e-05,2,14,0.4565751403570175,0.4427924007177353,0.4922210004329681,0.000999938933078422,0.4922210004329681,2,0,True,False,False
EXP-H078,primary,2,101,0.001,1e-05,3,21,0.43029740053628174,0.4455399513244629,0.49223153209686277,0.0009997557473810372,0.4922210004329681,2,1,False,False,False
EXP-H078,primary,2,101,0.001,1e-05,4,28,0.448995689196246,0.4561391919851303,0.5098768591880798,0.0009994504881061753,0.4922210004329681,2,2,False,False,False
EXP-H078,primary,2,101,0.001,1e-05,5,35,0.43914456984826494,0.5308548212051392,0.5590304460525511,0.0009990232305719944,0.4922210004329681,2,3,False,False,False
EXP-H078,primary,2,101,0.001,1e-05,6,42,0.5409358399254935,0.5095251202583313,0.5689953005313874,0.0009984740801978985,0.4922210004329681,2,4,False,False,False
EXP-H078,primary,2,101,0.001,1e-05,7,49,0.4549428756747927,0.49214956164360046,0.5307510855197906,0.0009978031724785245,0.4922210004329681,2,5,False,False,False
EXP-H078,primary,2,101,0.001,1e-05,8,56,0.4895573556423187,0.4471309781074524,0.5005375862121582,0.000997010672950314,0.4922210004329681,2,6,False,False,False
EXP-H078,primary,2,101,0.001,1e-05,9,63,0.41830009328467505,0.5001456290483475,0.5391971530914306,0.0009960967771506667,0.4922210004329681,2,7,False,False,False
EXP-H078,primary,2,101,0.001,1e-05,10,70,0.7073957409177508,0.44493982195854187,0.5026782464981079,0.000995061710569696,0.4922210004329681,2,8,False,False,False
EXP-H078,primary,2,101,0.001,1e-05,11,77,0.3667660073510238,0.4821763336658478,0.539599750995636,0.0009939057285945933,0.4922210004329681,2,9,False,False,False
EXP-H078,primary,2,101,0.001,1e-05,12,84,0.431834808417729,0.4569408446550369,0.5103641045093534,0.000992629116446613,0.4922210004329681,2,10,False,False,False
EXP-H078,primary,2,101,0.001,1e-05,13,91,0.5485834649630955,0.4335380047559738,0.4881859328746794,0.000991232189110701,0.4881859328746794,13,0,True,False,False
EXP-H078,primary,2,101,0.001,1e-05,14,98,0.3637572931391852,0.6416711360216141,0.669586522579193,0.0009897152912577741,0.4881859328746794,13,1,False,False,False
EXP-H078,primary,2,101,0.001,1e-05,15,105,0.5159980058670044,0.42844894528388977,0.493816047668457,0.00098807879715968,0.4881859328746794,13,2,False,False,False
EXP-H078,primary,2,101,0.001,1e-05,16,112,0.3376571891297187,0.3911726400256157,0.454991798877716,0.00098632311059685,0.454991798877716,16,0,True,False,False
EXP-H078,primary,2,101,0.001,1e-05,17,119,0.2882788915719305,0.38168035447597504,0.44153621959686273,0.0009844486647586723,0.44153621959686273,17,0,True,False,False
EXP-H078,primary,2,101,0.001,1e-05,18,126,0.2730796592576163,0.43457305431365967,0.478909012556076,0.00098245592213661,0.44153621959686273,17,1,False,False,False
EXP-H078,primary,2,101,0.001,1e-05,19,133,0.4748537072113582,0.4631374478340149,0.5201615214347838,0.0009803453744100868,0.44153621959686273,17,2,False,False,False
EXP-H078,primary,2,101,0.001,1e-05,20,140,0.25264845362731386,0.3351500630378723,0.41452704977989197,0.0009781175423251734,0.41452704977989197,20,0,True,False,False
EXP-H078,primary,2,101,0.001,1e-05,21,147,0.33181807505232946,0.33551035821437836,0.4076003117561341,0.0009757729755661011,0.4076003117561341,21,0,True,False,False
EXP-H078,primary,2,101,0.001,1e-05,22,154,0.262429377330201,0.39974579215049744,0.45926330018043504,0.0009733122526196349,0.4076003117561341,21,1,False,False,False
EXP-H078,primary,2,101,0.001,1e-05,23,161,0.2611044506941523,0.3735368028283119,0.4425486855506896,0.0009707359806323416,0.4076003117561341,21,2,False,False,False
EXP-H078,primary,2,101,0.001,1e-05,24,168,0.2657457547528403,0.358910009264946,0.4312017107009888,0.0009680447952607845,0.4076003117561341,21,3,False,False,False
EXP-H078,primary,2,101,0.001,1e-05,25,175,0.18720498148884093,0.6276466548442841,0.6548082723617553,0.0009652393605146844,0.4076003117561341,21,4,False,False,False
EXP-H078,primary,2,101,0.001,1e-05,26,182,0.22959003384624208,0.4530985951423645,0.48277882432937624,0.000962320368593087,0.4076003117561341,21,5,False,False,False
EXP-H078,primary,2,101,0.001,1e-05,27,189,0.20285286062530108,0.5681115984916687,0.5886674163341522,0.0009592885397135706,0.4076003117561341,21,6,False,False,False
EXP-H078,primary,2,101,0.001,1e-05,28,196,0.18243224892233098,0.5458070933818817,0.5980361287593841,0.0009561446219345453,0.4076003117561341,21,7,False,False,False
EXP-H078,primary,2,101,0.001,1e-05,29,203,0.29599132388830185,0.3914792537689209,0.4598786072731018,0.0009528893909706797,0.4076003117561341,21,8,False,False,False
EXP-H078,primary,2,101,0.001,1e-05,30,210,0.2871675704206739,0.4148714691400528,0.4692641630172729,0.0009495236500015047,0.4076003117561341,21,9,False,False,False
EXP-H078,primary,2,101,0.001,1e-05,31,217,0.15384089946746826,0.4754936695098877,0.515012171268463,0.0009460482294732421,0.4076003117561341,21,10,False,False,False
EXP-H078,primary,2,101,0.001,1e-05,32,224,0.2335908434220723,0.4615430533885956,0.4889102592468261,0.0009424639868939033,0.4076003117561341,21,11,False,False,False
EXP-H078,primary,2,101,0.001,1e-05,33,231,0.1917923157369452,0.4685641974210739,0.5097879576683044,0.0009387718066217125,0.4076003117561341,21,12,False,False,False
EXP-H078,primary,2,101,0.001,1e-05,34,238,0.27048765442201067,0.4270949512720108,0.48440057754516597,0.0009349725996469047,0.4076003117561341,21,13,False,False,False
EXP-H078,primary,2,101,0.001,1e-05,35,245,0.19316248542496137,0.6781767010688782,0.6938873224258423,0.0009310673033669522,0.4076003117561341,21,14,False,False,False
EXP-H078,primary,2,101,0.001,1e-05,36,252,0.22890917930219853,0.4431380331516266,0.5000205237865447,0.0009270568813552756,0.4076003117561341,21,15,False,False,False
EXP-H078,primary,2,101,0.001,1e-05,37,259,0.24042333768946783,0.503029003739357,0.5554863576889038,0.0009229423231234975,0.4076003117561341,21,16,False,False,False
EXP-H078,primary,2,101,0.001,1e-05,38,266,0.1738764994910785,0.6816233396530151,0.6859924952983856,0.0009187246438772938,0.4076003117561341,21,17,False,False,False
EXP-H078,primary,2,101,0.001,1e-05,39,273,0.226602151249868,0.4054994732141495,0.45956644892692555,0.0009144048842659081,0.4076003117561341,21,18,False,False,False
EXP-H078,primary,2,101,0.001,1e-05,40,280,0.3548346906900406,0.38812434673309326,0.4476553168296814,0.0009099841101253866,0.4076003117561341,21,19,False,False,False
EXP-H078,primary,2,101,0.001,1e-05,41,287,0.15554197132587433,0.6810107827186584,0.6845391459465027,0.000905463412215599,0.4076003117561341,21,20,False,False,False
EXP-H078,primary,2,101,0.001,1e-05,42,294,0.21115459608180182,0.4962620735168457,0.5400002360343933,0.0009008439059511099,0.4076003117561341,21,21,False,False,False
EXP-H078,primary,2,101,0.001,1e-05,43,301,0.1727455992783819,0.41784684360027313,0.4700001120567322,0.0008961267311259666,0.4076003117561341,21,22,False,False,False
EXP-H078,primary,2,101,0.001,1e-05,44,308,0.15406605494873865,0.563561275601387,0.5893484954833984,0.0008913130516324732,0.4076003117561341,21,23,False,False,False
EXP-H078,primary,2,101,0.001,1e-05,45,315,0.11925153660454921,0.47046351432800293,0.511592170715332,0.0008864040551740157,0.4076003117561341,21,24,False,False,False
EXP-H078,primary,2,101,0.001,1e-05,46,322,0.17258697322436742,0.4576604962348938,0.5016765298843384,0.0008814009529720154,0.4076003117561341,21,25,False,False,False
EXP-H078,primary,2,101,0.001,1e-05,47,329,0.1749233944075448,0.5216928720474243,0.555709869146347,0.0008763049794670775,0.4076003117561341,21,26,False,False,False
EXP-H078,primary,2,101,0.001,1e-05,48,336,0.13362016528844833,0.470412939786911,0.5158621990680694,0.0008711173920144117,0.4076003117561341,21,27,False,False,False
EXP-H078,primary,2,101,0.001,1e-05,49,343,0.22193980429853713,0.4354478120803833,0.47635436391830444,0.0008658394705735987,0.4076003117561341,21,28,False,False,False
EXP-H078,primary,2,101,0.001,1e-05,50,350,0.1104023712021964,0.5932604968547821,0.6119085028171538,0.0008604725173927785,0.4076003117561341,21,29,False,False,False
EXP-H078,primary,2,101,0.001,1e-05,51,357,0.13916708608823164,0.5523235946893692,0.5898072717189788,0.000855017856687341,0.4076003117561341,21,30,False,True,False
EXP-H078,primary,2,101,0.01,0.0001,1,7,3.7755246801035747,1.6846965551376343,1.5090219415426254,0.01,1.5090219415426254,1,0,True,False,False
EXP-H078,primary,2,101,0.01,0.0001,2,14,1.754961175577981,0.5449248552322388,0.5698421416282653,0.00999938933078422,0.5698421416282653,2,0,True,False,False
EXP-H078,primary,2,101,0.01,0.0001,3,21,0.7359224430152348,0.48729726672172546,0.5454144129753113,0.009997557473810372,0.5454144129753113,3,0,True,False,False
EXP-H078,primary,2,101,0.01,0.0001,4,28,0.47857589381081717,0.6570250391960144,0.6974020140171051,0.009994504881061753,0.5454144129753113,3,1,False,False,False
EXP-H078,primary,2,101,0.01,0.0001,5,35,0.49587845908743994,0.4454878866672516,0.4951041460037231,0.009990232305719944,0.4951041460037231,5,0,True,False,False
EXP-H078,primary,2,101,0.01,0.0001,6,42,0.5903622252600533,0.4547133594751358,0.5062261846065521,0.009984740801978984,0.4951041460037231,5,1,False,False,False
EXP-H078,primary,2,101,0.01,0.0001,7,49,0.4536906970398767,0.46007515490055084,0.5140549957752227,0.009978031724785246,0.4951041460037231,5,2,False,False,False
EXP-H078,primary,2,101,0.01,0.0001,8,56,0.48567574311579975,0.5741446018218994,0.5903048517704009,0.00997010672950314,0.4951041460037231,5,3,False,False,False
EXP-H078,primary,2,101,0.01,0.0001,9,63,0.6092899015971592,0.5455471873283386,0.6045637166500092,0.009960967771506667,0.4951041460037231,5,4,False,False,False
EXP-H078,primary,2,101,0.01,0.0001,10,70,0.8398356650556836,0.44421789050102234,0.4936268057823181,0.00995061710569696,0.4936268057823181,10,0,True,False,False
EXP-H078,primary,2,101,0.01,0.0001,11,77,0.4849815437836306,0.6016149818897247,0.6514079110622406,0.009939057285945933,0.4936268057823181,10,1,False,False,False
EXP-H078,primary,2,101,0.01,0.0001,12,84,1.1551389523914881,2.6338088512420654,2.249309245467186,0.00992629116446613,0.4936268057823181,10,2,False,False,False
EXP-H078,primary,2,101,0.01,0.0001,13,91,2.0050232921327864,0.740423172712326,0.7639218537807465,0.00991232189110701,0.4936268057823181,10,3,False,False,False
EXP-H078,primary,2,101,0.01,0.0001,14,98,0.6658584911908422,0.44242146611213684,0.48891935896873473,0.00989715291257774,0.48891935896873473,14,0,True,False,False
EXP-H078,primary,2,101,0.01,0.0001,15,105,0.5498581996985844,1.1762860119342804,1.1124304122924804,0.0098807879715968,0.48891935896873473,14,1,False,False,False
EXP-H078,primary,2,101,0.01,0.0001,16,112,0.9651954578501838,0.8357782959938049,0.8424167196750642,0.0098632311059685,0.48891935896873473,14,2,False,False,False
EXP-H078,primary,2,101,0.01,0.0001,17,119,0.5164686696869987,0.4602486938238144,0.5134882450103759,0.009844486647586723,0.48891935896873473,14,3,False,False,False
EXP-H078,primary,2,101,0.01,0.0001,18,126,0.4418155056025301,0.46146659553050995,0.514666748046875,0.0098245592213661,0.48891935896873473,14,4,False,False,False
EXP-H078,primary,2,101,0.01,0.0001,19,133,0.535604694059917,0.45609256625175476,0.5091640472412109,0.009803453744100868,0.48891935896873473,14,5,False,False,False
EXP-H078,primary,2,101,0.01,0.0001,20,140,0.5049446438040052,0.45371270179748535,0.5064229488372802,0.009781175423251734,0.48891935896873473,14,6,False,False,False
EXP-H078,primary,2,101,0.01,0.0001,21,147,0.4297921897045204,0.4522956609725952,0.5046715259552002,0.009757729755661011,0.48891935896873473,14,7,False,False,False
EXP-H078,primary,2,101,0.01,0.0001,22,154,0.4343089184590748,0.4472862482070923,0.49819846153259273,0.009733122526196349,0.48891935896873473,14,8,False,False,False
EXP-H078,primary,2,101,0.01,0.0001,23,161,0.417737303301692,0.44312185049057007,0.49248442316055296,0.009707359806323416,0.48891935896873473,14,9,False,False,False
EXP-H078,primary,2,101,0.01,0.0001,24,168,0.44966291955539156,0.44197362661361694,0.49090625,0.009680447952607845,0.48891935896873473,14,10,False,False,False
EXP-H078,primary,2,101,0.01,0.0001,25,175,0.7031044023377555,0.44253508746623993,0.49090625,0.009652393605146845,0.48891935896873473,14,11,False,False,False
EXP-H078,primary,2,101,0.01,0.0001,26,182,0.44525584179375854,0.44246701896190643,0.49090625,0.00962320368593087,0.48891935896873473,14,12,False,False,False
EXP-H078,primary,2,101,0.01,0.0001,27,189,0.46001994609832764,0.4424082636833191,0.49090625,0.009592885397135707,0.48891935896873473,14,13,False,False,False
EXP-H078,primary,2,101,0.01,0.0001,28,196,0.41761226898857523,0.44312816858291626,0.49090625,0.009561446219345454,0.48891935896873473,14,14,False,False,False
EXP-H078,primary,2,101,0.01,0.0001,29,203,0.42596112191677094,0.4440217614173889,0.49090625,0.009528893909706798,0.48891935896873473,14,15,False,False,False
EXP-H078,primary,2,101,0.01,0.0001,30,210,0.4525386669806072,0.4433729648590088,0.49090625,0.009495236500015047,0.48891935896873473,14,16,False,False,False
EXP-H078,primary,2,101,0.01,0.0001,31,217,0.41123214580251705,0.44362999498844147,0.49090625,0.00946048229473242,0.48891935896873473,14,17,False,False,False
EXP-H078,primary,2,101,0.01,0.0001,32,224,0.597620176417487,0.4434650242328644,0.49090625,0.009424639868939034,0.48891935896873473,14,18,False,False,False
EXP-H078,primary,2,101,0.01,0.0001,33,231,0.6111744514533451,0.44247400760650635,0.49090625,0.009387718066217124,0.48891935896873473,14,19,False,False,False
EXP-H078,primary,2,101,0.01,0.0001,34,238,0.8482623142855508,0.4419892281293869,0.49090625,0.009349725996469048,0.48891935896873473,14,20,False,False,False
EXP-H078,primary,2,101,0.01,0.0001,35,245,0.41897398020539967,0.44256289303302765,0.4919185962677002,0.00931067303366952,0.48891935896873473,14,21,False,False,False
EXP-H078,primary,2,101,0.01,0.0001,36,252,0.46097597054072786,0.4429987967014313,0.4923740949630737,0.009270568813552756,0.48891935896873473,14,22,False,False,False
EXP-H078,primary,2,101,0.01,0.0001,37,259,0.41446192083614214,0.4424440562725067,0.49176660442352294,0.009229423231234974,0.48891935896873473,14,23,False,False,False
EXP-H078,primary,2,101,0.01,0.0001,38,266,0.5508010940892356,0.4421568214893341,0.49128720426559447,0.009187246438772938,0.48891935896873473,14,24,False,False,False
EXP-H078,primary,2,101,0.01,0.0001,39,273,0.4221338246549879,0.442136213183403,0.4912410702705383,0.009144048842659082,0.48891935896873473,14,25,False,False,False
EXP-H078,primary,2,101,0.01,0.0001,40,280,0.8472669805799212,0.44200271368026733,0.49090625,0.009099841101253866,0.48891935896873473,14,26,False,False,False
EXP-H078,primary,2,101,0.01,0.0001,41,287,0.45817879693848745,0.44203999638557434,0.49097040557861327,0.00905463412215599,0.48891935896873473,14,27,False,False,False
EXP-H078,primary,2,101,0.01,0.0001,42,294,0.4531601688691548,0.4419744312763214,0.49090625,0.0090084390595111,0.48891935896873473,14,28,False,False,False
EXP-H078,primary,2,101,0.01,0.0001,43,301,0.4313358941248485,0.44197362661361694,0.49090625,0.008961267311259666,0.48891935896873473,14,29,False,False,False
EXP-H078,primary,2,101,0.01,0.0001,44,308,0.4613454065152577,0.4420076459646225,0.49090625,0.008913130516324731,0.48891935896873473,14,30,False,True,False
EXP-H078,primary,3,101,1e-05,1.0000000000000001e-07,1,7,0.4634904520852225,0.48369869589805603,0.553096693277359,1e-05,0.553096693277359,1,0,True,False,False
EXP-H078,primary,3,101,1e-05,1.0000000000000001e-07,2,14,0.6408945151737758,0.4780223071575165,0.5437952394485474,9.99938933078422e-06,0.5437952394485474,2,0,True,False,False
EXP-H078,primary,3,101,1e-05,1.0000000000000001e-07,3,21,0.5017304228884834,0.4765138328075409,0.5396860566139221,9.997557473810373e-06,0.5396860566139221,3,0,True,False,False
EXP-H078,primary,3,101,1e-05,1.0000000000000001e-07,4,28,0.4952957545007978,0.47640569508075714,0.5374160137176514,9.994504881061752e-06,0.5374160137176514,4,0,True,False,False
EXP-H078,primary,3,101,1e-05,1.0000000000000001e-07,5,35,0.5444528077329908,0.4766342490911484,0.5365359179973602,9.990232305719944e-06,0.5365359179973602,5,0,True,False,False
EXP-H078,primary,3,101,1e-05,1.0000000000000001e-07,6,42,0.397582861993994,0.47693203389644623,0.5359964363574982,9.984740801978984e-06,0.5359964363574982,6,0,True,False,False
EXP-H078,primary,3,101,1e-05,1.0000000000000001e-07,7,49,0.6180646249226162,0.47712311148643494,0.5356974594593048,9.978031724785247e-06,0.5356974594593048,7,0,True,False,False
EXP-H078,primary,3,101,1e-05,1.0000000000000001e-07,8,56,0.4157562681606838,0.47734513878822327,0.5354138307571411,9.97010672950314e-06,0.5354138307571411,8,0,True,False,False
EXP-H078,primary,3,101,1e-05,1.0000000000000001e-07,9,63,0.6210807391575405,0.4774572402238846,0.535257159948349,9.960967771506666e-06,0.535257159948349,9,0,True,False,False
EXP-H078,primary,3,101,1e-05,1.0000000000000001e-07,10,70,0.6621885374188423,0.4774761348962784,0.5352310078144074,9.950617105696961e-06,0.5352310078144074,10,0,True,False,False
EXP-H078,primary,3,101,1e-05,1.0000000000000001e-07,11,77,0.44101873359509874,0.4776196777820587,0.5352171795368195,9.939057285945933e-06,0.5352171795368195,11,0,True,False,False
EXP-H078,primary,3,101,1e-05,1.0000000000000001e-07,12,84,0.4218137844332627,0.47832219302654266,0.5351993279457092,9.926291164466131e-06,0.5351993279457092,12,0,True,False,False
EXP-H078,primary,3,101,1e-05,1.0000000000000001e-07,13,91,0.5623846841709954,0.4788556545972824,0.5351778404712677,9.91232189110701e-06,0.5351778404712677,13,0,True,False,False
EXP-H078,primary,3,101,1e-05,1.0000000000000001e-07,14,98,0.5449436945574624,0.47954925894737244,0.5355417146682739,9.897152912577742e-06,0.5351778404712677,13,1,False,False,False
EXP-H078,primary,3,101,1e-05,1.0000000000000001e-07,15,105,0.4130687935810004,0.479191392660141,0.5353302671909332,9.8807879715968e-06,0.5351778404712677,13,2,False,False,False
EXP-H078,primary,3,101,1e-05,1.0000000000000001e-07,16,112,0.44319986019815716,0.4794766306877136,0.5354679539203644,9.8632311059685e-06,0.5351778404712677,13,3,False,False,False
EXP-H078,primary,3,101,1e-05,1.0000000000000001e-07,17,119,0.4359675816127232,0.4785180240869522,0.5350428359508514,9.844486647586724e-06,0.5350428359508514,17,0,True,False,False
EXP-H078,primary,3,101,1e-05,1.0000000000000001e-07,18,126,0.3998252680259092,0.47836534678936005,0.5350078182220459,9.824559221366101e-06,0.5350078182220459,18,0,True,False,False
EXP-H078,primary,3,101,1e-05,1.0000000000000001e-07,19,133,0.4818269738129207,0.47932371497154236,0.5353270783424378,9.803453744100868e-06,0.5350078182220459,18,1,False,False,False
EXP-H078,primary,3,101,1e-05,1.0000000000000001e-07,20,140,0.611672043800354,0.48053647577762604,0.5359043791294098,9.781175423251734e-06,0.5350078182220459,18,2,False,False,False
EXP-H078,primary,3,101,1e-05,1.0000000000000001e-07,21,147,0.47464464817728313,0.4794297516345978,0.5353474035263062,9.757729755661012e-06,0.5350078182220459,18,3,False,False,False
EXP-H078,primary,3,101,1e-05,1.0000000000000001e-07,22,154,0.39140305668115616,0.47864261269569397,0.5348926498889923,9.73312252619635e-06,0.5348926498889923,22,0,True,False,False
EXP-H078,primary,3,101,1e-05,1.0000000000000001e-07,23,161,0.40704088977405,0.4779048264026642,0.5348605649471283,9.707359806323418e-06,0.5348605649471283,23,0,True,False,False
EXP-H078,primary,3,101,1e-05,1.0000000000000001e-07,24,168,0.583947628736496,0.47752463817596436,0.5348382430076599,9.680447952607845e-06,0.5348382430076599,24,0,True,False,False
EXP-H078,primary,3,101,1e-05,1.0000000000000001e-07,25,175,0.634450444153377,0.4768320918083191,0.5349751107692718,9.652393605146845e-06,0.5348382430076599,24,1,False,False,False
EXP-H078,primary,3,101,1e-05,1.0000000000000001e-07,26,182,0.6799634609903608,0.4761486202478409,0.5358045392036438,9.62320368593087e-06,0.5348382430076599,24,2,False,False,False
EXP-H078,primary,3,101,1e-05,1.0000000000000001e-07,27,189,0.5764651937144143,0.47585803270339966,0.5363362424373627,9.592885397135707e-06,0.5348382430076599,24,3,False,False,False
EXP-H078,primary,3,101,1e-05,1.0000000000000001e-07,28,196,0.4149131881339209,0.47610369324684143,0.5357280366420746,9.561446219345455e-06,0.5348382430076599,24,4,False,False,False
EXP-H078,primary,3,101,1e-05,1.0000000000000001e-07,29,203,0.48660238300051006,0.47686751186847687,0.5347543947696686,9.528893909706798e-06,0.5347543947696686,29,0,True,False,False
EXP-H078,primary,3,101,1e-05,1.0000000000000001e-07,30,210,0.4280616555895124,0.47761040925979614,0.534711493730545,9.495236500015048e-06,0.534711493730545,30,0,True,False,False
EXP-H078,primary,3,101,1e-05,1.0000000000000001e-07,31,217,0.40809945442846846,0.4780079275369644,0.5346940891742706,9.460482294732422e-06,0.5346940891742706,31,0,True,False,False
EXP-H078,primary,3,101,1e-05,1.0000000000000001e-07,32,224,0.4177070813519614,0.4783173203468323,0.5346760289669037,9.424639868939035e-06,0.5346760289669037,32,0,True,False,False
EXP-H078,primary,3,101,1e-05,1.0000000000000001e-07,33,231,0.39010375631707056,0.47868071496486664,0.5347757651805878,9.387718066217125e-06,0.5346760289669037,32,1,False,False,False
EXP-H078,primary,3,101,1e-05,1.0000000000000001e-07,34,238,0.4639243355819157,0.47916169464588165,0.5350223495960236,9.349725996469047e-06,0.5346760289669037,32,2,False,False,False
EXP-H078,primary,3,101,1e-05,1.0000000000000001e-07,35,245,0.4309720460857664,0.47930724918842316,0.5350909247398377,9.310673033669522e-06,0.5346760289669037,32,3,False,False,False
EXP-H078,primary,3,101,1e-05,1.0000000000000001e-07,36,252,0.5860268899372646,0.47896333038806915,0.5349063291549683,9.270568813552757e-06,0.5346760289669037,32,4,False,False,False
EXP-H078,primary,3,101,1e-05,1.0000000000000001e-07,37,259,0.41645157230751856,0.4792809337377548,0.5350628211498261,9.229423231234975e-06,0.5346760289669037,32,5,False,False,False
EXP-H078,primary,3,101,1e-05,1.0000000000000001e-07,38,266,0.4492189032690866,0.4787821024656296,0.5347904279232025,9.18724643877294e-06,0.5346760289669037,32,6,False,False,False
EXP-H078,primary,3,101,1e-05,1.0000000000000001e-07,39,273,0.42996928308691296,0.478176012635231,0.534561826467514,9.144048842659081e-06,0.534561826467514,39,0,True,False,False
EXP-H078,primary,3,101,1e-05,1.0000000000000001e-07,40,280,0.4481924516814096,0.4786730259656906,0.5347121670246124,9.099841101253867e-06,0.534561826467514,39,1,False,False,False
EXP-H078,primary,3,101,1e-05,1.0000000000000001e-07,41,287,0.5912633155073438,0.478392094373703,0.5345424129962921,9.054634122155991e-06,0.5345424129962921,41,0,True,False,False
EXP-H078,primary,3,101,1e-05,1.0000000000000001e-07,42,294,0.6161561012268066,0.4781957268714905,0.5345033841133118,9.0084390595111e-06,0.5345033841133118,42,0,True,False,False
EXP-H078,primary,3,101,1e-05,1.0000000000000001e-07,43,301,0.45383262421403614,0.47773659229278564,0.5344863967895508,8.961267311259668e-06,0.5344863967895508,43,0,True,False,False
EXP-H078,primary,3,101,1e-05,1.0000000000000001e-07,44,308,0.5578159924064364,0.47781430184841156,0.5344673829078674,8.913130516324733e-06,0.5344673829078674,44,0,True,False,False
EXP-H078,primary,3,101,1e-05,1.0000000000000001e-07,45,315,0.3992348334618977,0.47770170867443085,0.5344497697353363,8.864040551740158e-06,0.5344497697353363,45,0,True,False,False
EXP-H078,primary,3,101,1e-05,1.0000000000000001e-07,46,322,0.4357629716396332,0.47819267213344574,0.5344213383197784,8.814009529720155e-06,0.5344213383197784,46,0,True,False,False
EXP-H078,primary,3,101,1e-05,1.0000000000000001e-07,47,329,0.4278357880456107,0.4787020981311798,0.5346471979618073,8.763049794670776e-06,0.5344213383197784,46,1,False,False,False
EXP-H078,primary,3,101,1e-05,1.0000000000000001e-07,48,336,0.42999921313353945,0.4782916456460953,0.5344123854637146,8.711173920144118e-06,0.5344123854637146,48,0,True,False,False
EXP-H078,primary,3,101,1e-05,1.0000000000000001e-07,49,343,0.422298079090459,0.47831709682941437,0.5344219818115234,8.658394705735988e-06,0.5344123854637146,48,1,False,False,False
EXP-H078,primary,3,101,1e-05,1.0000000000000001e-07,50,350,0.40302776651723043,0.4788297414779663,0.534691841840744,8.604725173927786e-06,0.5344123854637146,48,2,False,False,False
EXP-H078,primary,3,101,1e-05,1.0000000000000001e-07,51,357,0.6388062110968998,0.47884389758110046,0.5346905901432037,8.550178566873412e-06,0.5344123854637146,48,3,False,False,False
EXP-H078,primary,3,101,1e-05,1.0000000000000001e-07,52,364,0.4373467096260616,0.4787687063217163,0.5346465721130371,8.494768343131955e-06,0.5344123854637146,48,4,False,False,False
EXP-H078,primary,3,101,1e-05,1.0000000000000001e-07,53,371,0.4310032214437212,0.47810783982276917,0.5343319313526154,8.43850817434701e-06,0.5343319313526154,53,0,True,False,False
EXP-H078,primary,3,101,1e-05,1.0000000000000001e-07,54,378,0.422041546021189,0.47837309539318085,0.5344153060913086,8.381411941873379e-06,0.5343319313526154,53,1,False,False,False
EXP-H078,primary,3,101,1e-05,1.0000000000000001e-07,55,385,0.42875538979257855,0.47818611562252045,0.5343004479408264,8.323493733352078e-06,0.5343004479408264,55,0,True,False,False
EXP-H078,primary,3,101,1e-05,1.0000000000000001e-07,56,392,0.42980868901525227,0.47787633538246155,0.5342637436389923,8.26476783923441e-06,0.5342637436389923,56,0,True,False,False
EXP-H078,primary,3,101,1e-05,1.0000000000000001e-07,57,399,0.6291860044002533,0.47800958156585693,0.5342380242347717,8.205248749256014e-06,0.5342380242347717,57,0,True,False,False
EXP-H078,primary,3,101,1e-05,1.0000000000000001e-07,58,406,0.42234836731638226,0.4779141843318939,0.5342205898761749,8.144951148861743e-06,0.5342205898761749,58,0,True,False,False
EXP-H078,primary,3,101,1e-05,1.0000000000000001e-07,59,413,0.47505263345582144,0.47797922790050507,0.534210367679596,8.083889915582235e-06,0.534210367679596,59,0,True,False,False
EXP-H078,primary,3,101,1e-05,1.0000000000000001e-07,60,420,0.41848505448017803,0.47709058225154877,0.5341995196342468,8.022080115363127e-06,0.5341995196342468,60,0,True,False,False
EXP-H078,primary,3,101,1e-05,1.0000000000000001e-07,61,427,0.5575668726648603,0.4770198166370392,0.5341843502521515,7.959536998847744e-06,0.5341843502521515,61,0,True,False,False
EXP-H078,primary,3,101,1e-05,1.0000000000000001e-07,62,434,0.5234151865754809,0.47695235908031464,0.5341658728122711,7.89627599761423e-06,0.5341658728122711,62,0,True,False,False
EXP-H078,primary,3,101,1e-05,1.0000000000000001e-07,63,441,0.4490453430584499,0.47700032591819763,0.5341466503143311,7.832312720368048e-06,0.5341466503143311,63,0,True,False,False
EXP-H078,primary,3,101,1e-05,1.0000000000000001e-07,64,448,0.4169002366917474,0.47674159705638885,0.5341271893978119,7.767662949090754e-06,0.5341271893978119,64,0,True,False,False
EXP-H078,primary,3,101,1e-05,1.0000000000000001e-07,65,455,0.3997429159602949,0.47708919644355774,0.534105135679245,7.702342635146033e-06,0.534105135679245,65,0,True,False,False
EXP-H078,primary,3,101,1e-05,1.0000000000000001e-07,66,462,0.4064441216843469,0.4768294245004654,0.5340845124721527,7.636367895343947e-06,0.5340845124721527,66,0,True,False,False
EXP-H078,primary,3,101,1e-05,1.0000000000000001e-07,67,469,0.40816513342516764,0.4768060892820358,0.5340730385780335,7.5697550079643376e-06,0.5340730385780335,67,0,True,False,False
EXP-H078,primary,3,101,1e-05,1.0000000000000001e-07,68,476,0.4227783999272755,0.47676903009414673,0.5340623395442963,7.502520408740418e-06,0.5340623395442963,68,0,True,False,False
EXP-H078,primary,3,101,1e-05,1.0000000000000001e-07,69,483,0.46263520206723896,0.47660380601882935,0.5340554552078247,7.43468068680349e-06,0.5340554552078247,69,0,True,False,False
EXP-H078,primary,3,101,1e-05,1.0000000000000001e-07,70,490,0.442196249961853,0.4766615927219391,0.5340426700115204,7.366252580589839e-06,0.5340426700115204,70,0,True,False,False
EXP-H078,primary,3,101,1e-05,1.0000000000000001e-07,71,497,0.42399025176252636,0.4765687435865402,0.5340226726531982,7.297252973710756e-06,0.5340226726531982,71,0,True,False,False
EXP-H078,primary,3,101,1e-05,1.0000000000000001e-07,72,504,0.5705294438770839,0.47638745605945587,0.5340114073753357,7.227698890786779e-06,0.5340114073753357,72,0,True,False,False
EXP-H078,primary,3,101,1e-05,1.0000000000000001e-07,73,511,0.451092643397195,0.4762062579393387,0.5340042250156403,7.15760749324711e-06,0.5340042250156403,73,0,True,False,False
EXP-H078,primary,3,101,1e-05,1.0000000000000001e-07,74,518,0.48115322419575285,0.4763975441455841,0.5339927809238434,7.086996075095289e-06,0.5339927809238434,74,0,True,False,False
EXP-H078,primary,3,101,1e-05,1.0000000000000001e-07,75,525,0.7436592429876328,0.47664736211299896,0.5339807407855988,7.015882058642164e-06,0.5339807407855988,75,0,True,False,False
EXP-H078,primary,3,101,1e-05,1.0000000000000001e-07,76,532,0.4206829326493399,0.4769279956817627,0.5339659290313721,6.9442829902071945e-06,0.5339659290313721,76,0,True,False,False
EXP-H078,primary,3,101,1e-05,1.0000000000000001e-07,77,539,0.43921693733760286,0.4767928719520569,0.5339559154510498,6.8722165357891564e-06,0.5339559154510498,77,0,True,False,False
EXP-H078,primary,3,101,1e-05,1.0000000000000001e-07,78,546,0.4534337520599365,0.47656741738319397,0.5339481966495514,6.799700476707323e-06,0.5339481966495514,78,0,True,False,False
EXP-H078,primary,3,101,1e-05,1.0000000000000001e-07,79,553,0.40214176076863495,0.4763499051332474,0.5339399116039276,6.726752705214193e-06,0.5339399116039276,79,0,True,False,False
EXP-H078,primary,3,101,1e-05,1.0000000000000001e-07,80,560,0.4131556195872171,0.476508304476738,0.5339256660938263,6.65339122008084e-06,0.5339256660938263,80,0,True,False,False
EXP-H078,primary,3,101,1e-05,1.0000000000000001e-07,81,567,0.4183798698442323,0.4767652750015259,0.5339144008159638,6.57963412215599e-06,0.5339144008159638,81,0,True,False,False
EXP-H078,primary,3,101,1e-05,1.0000000000000001e-07,82,574,0.4456537685223988,0.47670236229896545,0.5339086489677429,6.505499609899905e-06,0.5339086489677429,82,0,True,False,False
EXP-H078,primary,3,101,1e-05,1.0000000000000001e-07,83,581,0.49225122162273954,0.47673599421977997,0.5338964002132416,6.431005974894185e-06,0.5338964002132416,83,0,True,False,False
EXP-H078,primary,3,101,1e-05,1.0000000000000001e-07,84,588,0.4221575856208801,0.4766625761985779,0.5338835256099701,6.356171597328595e-06,0.5338835256099701,84,0,True,False,False
EXP-H078,primary,3,101,1e-05,1.0000000000000001e-07,85,595,0.4817703068256378,0.47694338858127594,0.5338788168430328,6.28101494146603e-06,0.5338788168430328,85,0,True,False,False
EXP-H078,primary,3,101,1e-05,1.0000000000000001e-07,86,602,0.4669481771332877,0.47699548304080963,0.5338676409721375,6.205554551086732e-06,0.5338676409721375,86,0,True,False,False
EXP-H078,primary,3,101,1e-05,1.0000000000000001e-07,87,609,0.4108450881072453,0.4772218018770218,0.5338561670780182,6.129809044912887e-06,0.5338561670780182,87,0,True,False,False
EXP-H078,primary,3,101,1e-05,1.0000000000000001e-07,88,616,0.42338487931660246,0.477350115776062,0.5338464515209198,6.053797112014738e-06,0.5338464515209198,88,0,True,False,False
EXP-H078,primary,3,101,1e-05,1.0000000000000001e-07,89,623,0.42789370247295927,0.47741322219371796,0.5338380770683289,5.977537507199338e-06,0.5338380770683289,89,0,True,False,False
EXP-H078,primary,3,101,1e-05,1.0000000000000001e-07,90,630,0.6221888789108821,0.47693198919296265,0.5338257687091827,5.901049046383077e-06,0.5338257687091827,90,0,True,False,False
EXP-H078,primary,3,101,1e-05,1.0000000000000001e-07,91,637,0.43423800809042795,0.47657108306884766,0.5338139371871948,5.824350601949143e-06,0.5338139371871948,91,0,True,False,False
EXP-H078,primary,3,101,1e-05,1.0000000000000001e-07,92,644,0.5725709753377097,0.4765964150428772,0.533808334350586,5.7474610980910354e-06,0.533808334350586,92,0,True,False,False
EXP-H078,primary,3,101,1e-05,1.0000000000000001e-07,93,651,0.5770579619067056,0.47656647861003876,0.5338036553859711,5.6703995061433075e-06,0.5338036553859711,93,0,True,False,False
EXP-H078,primary,3,101,1e-05,1.0000000000000001e-07,94,658,0.4116550790412085,0.47631075978279114,0.5338007049560547,5.5931848399006745e-06,0.5338007049560547,94,0,True,False,False
EXP-H078,primary,3,101,1e-05,1.0000000000000001e-07,95,665,0.4119479773300035,0.47617262601852417,0.5337979929447174,5.515836150926646e-06,0.5337979929447174,95,0,True,False,False
EXP-H078,primary,3,101,1e-05,1.0000000000000001e-07,96,672,0.5917012521198818,0.47661174833774567,0.5337926285266876,5.438372523852833e-06,0.5337926285266876,96,0,True,False,False
EXP-H078,primary,3,101,1e-05,1.0000000000000001e-07,97,679,0.8160579651594162,0.4768449068069458,0.5337827937602997,5.360813071670101e-06,0.5337827937602997,97,0,True,False,False
EXP-H078,primary,3,101,1e-05,1.0000000000000001e-07,98,686,0.4050254247018269,0.47678332030773163,0.5337784128189087,5.283176931012731e-06,0.5337784128189087,98,0,True,False,False
EXP-H078,primary,3,101,1e-05,1.0000000000000001e-07,99,693,0.40908397095543997,0.47671909630298615,0.5337755517959595,5.205483257436735e-06,0.5337755517959595,99,0,True,False,False
EXP-H078,primary,3,101,1e-05,1.0000000000000001e-07,100,700,0.4120263635580029,0.47713491320610046,0.5337701575756073,5.127751220693512e-06,0.5337701575756073,100,0,True,False,False
EXP-H078,primary,3,101,1e-05,1.0000000000000001e-07,101,707,0.43190702370234896,0.4774610847234726,0.5337625281810761,5.05e-06,0.5337625281810761,101,0,True,False,False
EXP-H078,primary,3,101,1e-05,1.0000000000000001e-07,102,714,0.4368980973958969,0.4780284911394119,0.5338832154273987,4.972248779306488e-06,0.5337625281810761,101,1,False,False,False
EXP-H078,primary,3,101,1e-05,1.0000000000000001e-07,103,721,0.6733708466802325,0.4788965880870819,0.5343087627887726,4.8945167425632645e-06,0.5337625281810761,101,2,False,False,False
EXP-H078,primary,3,101,1e-05,1.0000000000000001e-07,104,728,0.5471101701259613,0.4791461378335953,0.5344176008701325,4.816823068987269e-06,0.5337625281810761,101,3,False,False,False
EXP-H078,primary,3,101,1e-05,1.0000000000000001e-07,105,735,0.4965428497110094,0.4790091812610626,0.534349383354187,4.7391869283298985e-06,0.5337625281810761,101,4,False,False,False
EXP-H078,primary,3,101,1e-05,1.0000000000000001e-07,106,742,0.5573043184620994,0.4784255623817444,0.5340666785240173,4.661627476147168e-06,0.5337625281810761,101,5,False,False,False
EXP-H078,primary,3,101,1e-05,1.0000000000000001e-07,107,749,0.407911801976817,0.4779416173696518,0.5338127329349518,4.584163849073354e-06,0.5337625281810761,101,6,False,False,False
EXP-H078,primary,3,101,1e-05,1.0000000000000001e-07,108,756,0.3991124550146716,0.47795453667640686,0.5338144316673279,4.506815160099326e-06,0.5337625281810761,101,7,False,False,False
EXP-H078,primary,3,101,1e-05,1.0000000000000001e-07,109,763,0.5042192584701947,0.47804094851017,0.5338535621166229,4.429600493856694e-06,0.5337625281810761,101,8,False,False,False
EXP-H078,primary,3,101,1e-05,1.0000000000000001e-07,110,770,0.42295901690210613,0.4779662787914276,0.5338081731796265,4.352538901908967e-06,0.5337625281810761,101,9,False,False,False
EXP-H078,primary,3,101,1e-05,1.0000000000000001e-07,111,777,0.414531195802348,0.4781677722930908,0.5339079215526581,4.275649398050858e-06,0.5337625281810761,101,10,False,False,False
EXP-H078,primary,3,101,1e-05,1.0000000000000001e-07,112,784,0.41617875014032635,0.4780626595020294,0.5338513567447662,4.198950953616922e-06,0.5337625281810761,101,11,False,False,False
EXP-H078,primary,3,101,1e-05,1.0000000000000001e-07,113,791,0.38800953345240224,0.47774772346019745,0.5336816623210907,4.122462492800663e-06,0.5336816623210907,113,0,True,False,False
EXP-H078,primary,3,101,1e-05,1.0000000000000001e-07,114,798,0.4155637685741697,0.4774966835975647,0.5336687104701996,4.046202887985263e-06,0.5336687104701996,114,0,True,False,False
EXP-H078,primary,3,101,1e-05,1.0000000000000001e-07,115,805,0.6130323048148837,0.4774255305528641,0.5336592631340027,3.970190955087116e-06,0.5336592631340027,115,0,True,False,False
EXP-H078,primary,3,101,1e-05,1.0000000000000001e-07,116,812,0.42589703627995085,0.47711603343486786,0.5336521999835968,3.894445448913268e-06,0.5336521999835968,116,0,True,False,False
EXP-H078,primary,3,101,1e-05,1.0000000000000001e-07,117,819,0.6834090735231128,0.4770931154489517,0.5336443619728088,3.818985058533969e-06,0.5336443619728088,117,0,True,False,False
EXP-H078,primary,3,101,1e-05,1.0000000000000001e-07,118,826,0.4184857266289847,0.47714850306510925,0.5336335437297821,3.7438284026714044e-06,0.5336335437297821,118,0,True,False,False
EXP-H078,primary,3,101,1e-05,1.0000000000000001e-07,119,833,0.5463494786194393,0.477518767118454,0.5336229639053345,3.6689940251058153e-06,0.5336229639053345,119,0,True,False,False
EXP-H078,primary,3,101,1e-05,1.0000000000000001e-07,120,840,0.4151701107621193,0.4774397313594818,0.5336151258945465,3.594500390100096e-06,0.5336151258945465,120,0,True,False,False
EXP-H078,primary,3,101,1e-05,1.0000000000000001e-07,121,847,0.5116460153034755,0.4773847162723541,0.5336094932556152,3.5203658778440116e-06,0.5336094932556152,121,0,True,False,False
EXP-H078,primary,3,101,1e-05,1.0000000000000001e-07,122,854,0.4965298686708723,0.4771716743707657,0.5336006717681885,3.4466087799191603e-06,0.5336006717681885,122,0,True,False,False
EXP-H078,primary,3,101,1e-05,1.0000000000000001e-07,123,861,0.46351172242845806,0.47688156366348267,0.5335894064903259,3.3732472947858077e-06,0.5335894064903259,123,0,True,False,False
EXP-H078,primary,3,101,1e-05,1.0000000000000001e-07,124,868,0.4147594613688333,0.47673700749874115,0.5335826413631439,3.300299523292678e-06,0.5335826413631439,124,0,True,False,False
EXP-H078,primary,3,101,1e-05,1.0000000000000001e-07,125,875,0.44440898299217224,0.47674664855003357,0.533576263666153,3.227783464210845e-06,0.533576263666153,125,0,True,False,False
EXP-H078,primary,3,101,1e-05,1.0000000000000001e-07,126,882,0.5109054722956249,0.47686251997947693,0.5335702435970306,3.155717009792807e-06,0.5335702435970306,126,0,True,False,False
EXP-H078,primary,3,101,1e-05,1.0000000000000001e-07,127,889,0.47104001896721975,0.47675780951976776,0.53356511759758,3.0841179413578354e-06,0.53356511759758,127,0,True,False,False
EXP-H078,primary,3,101,1e-05,1.0000000000000001e-07,128,896,0.4437211879662105,0.47684603929519653,0.533562047958374,3.0130039249047117e-06,0.533562047958374,128,0,True,False,False
EXP-H078,primary,3,101,1e-05,1.0000000000000001e-07,129,903,0.5522506024156298,0.47690947353839874,0.5335585014820099,2.9423925067528904e-06,0.5335585014820099,129,0,True,False,False
EXP-H078,primary,3,101,1e-05,1.0000000000000001e-07,130,910,0.3966301472059318,0.4768068194389343,0.5335548357963562,2.87230110921322e-06,0.5335548357963562,130,0,True,False,False
EXP-H078,primary,3,101,1e-05,1.0000000000000001e-07,131,917,0.406460556600775,0.476813405752182,0.5335463719367981,2.8027470262892435e-06,0.5335463719367981,131,0,True,False,False
EXP-H078,primary,3,101,1e-05,1.0000000000000001e-07,132,924,0.40998076115335735,0.47686566412448883,0.5335375504493713,2.7337474194101625e-06,0.5335375504493713,132,0,True,False,False
EXP-H078,primary,3,101,1e-05,1.0000000000000001e-07,133,931,0.7804143577814102,0.47699928283691406,0.5335321264266968,2.6653193131965085e-06,0.5335321264266968,133,0,True,False,False
EXP-H078,primary,3,101,1e-05,1.0000000000000001e-07,134,938,0.4288151391914913,0.4768005460500717,0.5335297720432282,2.5974795912595824e-06,0.5335297720432282,134,0,True,False,False
EXP-H078,primary,3,101,1e-05,1.0000000000000001e-07,135,945,0.4117948902504785,0.4768161028623581,0.5335268514156342,2.530244992035662e-06,0.5335268514156342,135,0,True,False,False
EXP-H078,primary,3,101,1e-05,1.0000000000000001e-07,136,952,0.4322774495397295,0.47688230872154236,0.5335204141139984,2.4636321046560533e-06,0.5335204141139984,136,0,True,False,False
EXP-H078,primary,3,101,1e-05,1.0000000000000001e-07,137,959,0.4111205232994897,0.47698748111724854,0.5335149900913239,2.3976573648539653e-06,0.5335149900913239,137,0,True,False,False
EXP-H078,primary,3,101,1e-05,1.0000000000000001e-07,138,966,0.5320473483630589,0.47703567147254944,0.5335100727081299,2.332337050909247e-06,0.5335100727081299,138,0,True,False,False
EXP-H078,primary,3,101,1e-05,1.0000000000000001e-07,139,973,0.772448908005442,0.4769715964794159,0.5335052447319031,2.267687279631953e-06,0.5335052447319031,139,0,True,False,False
EXP-H078,primary,3,101,1e-05,1.0000000000000001e-07,140,980,0.3955922025654997,0.4767511636018753,0.533501012802124,2.2037240023857708e-06,0.533501012802124,140,0,True,False,False
EXP-H078,primary,3,101,1e-05,1.0000000000000001e-07,141,987,0.5394667876618249,0.4767407476902008,0.5334977941513062,2.1404630011522584e-06,0.5334977941513062,141,0,True,False,False
EXP-H078,primary,3,101,1e-05,1.0000000000000001e-07,142,994,0.5077856055327824,0.4767988622188568,0.533495171546936,2.0779198846368745e-06,0.533495171546936,142,0,True,False,False
EXP-H078,primary,3,101,1e-05,1.0000000000000001e-07,143,1001,0.5336548004831586,0.47664591670036316,0.5334921615123749,2.0161100844177658e-06,0.5334921615123749,143,0,True,False,False
EXP-H078,primary,3,101,1e-05,1.0000000000000001e-07,144,1008,0.3887528176419437,0.47658807039260864,0.5334895985126495,1.9550488511382593e-06,0.5334895985126495,144,0,True,False,False
EXP-H078,primary,3,101,1e-05,1.0000000000000001e-07,145,1015,0.406413947897298,0.4765898287296295,0.5334858732223511,1.894751250743986e-06,0.5334858732223511,145,0,True,False,False
EXP-H078,primary,3,101,1e-05,1.0000000000000001e-07,146,1022,0.40932433200734003,0.4766490161418915,0.5334821479320526,1.8352321607655916e-06,0.5334821479320526,146,0,True,False,False
EXP-H078,primary,3,101,1e-05,1.0000000000000001e-07,147,1029,0.4480270253760474,0.4767078161239624,0.5334782736301422,1.7765062666479242e-06,0.5334782736301422,147,0,True,False,False
EXP-H078,primary,3,101,1e-05,1.0000000000000001e-07,148,1036,0.41637455565588816,0.47670891880989075,0.5334741907119751,1.7185880581266217e-06,0.5334741907119751,148,0,True,False,False
EXP-H078,primary,3,101,1e-05,1.0000000000000001e-07,149,1043,0.4946875252893993,0.4767817407846451,0.5334710614681244,1.6614918256529908e-06,0.5334710614681244,149,0,True,False,False
EXP-H078,primary,3,101,1e-05,1.0000000000000001e-07,150,1050,0.4181403879608427,0.4767349660396576,0.5334687070846558,1.6052316568680442e-06,0.5334687070846558,150,0,True,False,False
EXP-H078,primary,3,101,1e-05,1.0000000000000001e-07,151,1057,0.4001833140583975,0.4767790287733078,0.5334645049571991,1.5498214331265902e-06,0.5334645049571991,151,0,True,False,False
EXP-H078,primary,3,101,1e-05,1.0000000000000001e-07,152,1064,0.4069209492632321,0.47678205370903015,0.5334613757133484,1.495274826072216e-06,0.5334613757133484,152,0,True,False,False
EXP-H078,primary,3,101,1e-05,1.0000000000000001e-07,153,1071,0.4223366954496929,0.47682976722717285,0.5334573225975037,1.441605294264014e-06,0.5334573225975037,153,0,True,False,False
EXP-H078,primary,3,101,1e-05,1.0000000000000001e-07,154,1078,0.4882714833532061,0.47690609097480774,0.5334530310630798,1.3888260798558817e-06,0.5334530310630798,154,0,True,False,False
EXP-H078,primary,3,101,1e-05,1.0000000000000001e-07,155,1085,0.39661009183951784,0.47689084708690643,0.5334492163658142,1.3369502053292252e-06,0.5334492163658142,155,0,True,False,False
EXP-H078,primary,3,101,1e-05,1.0000000000000001e-07,156,1092,0.4142747776848929,0.47684282064437866,0.5334472494125366,1.285990470279847e-06,0.5334472494125366,156,0,True,False,False
EXP-H078,primary,3,101,1e-05,1.0000000000000001e-07,157,1099,0.40854450847421375,0.4768321365118027,0.5334461467266083,1.2359594482598438e-06,0.5334461467266083,157,0,True,False,False
EXP-H078,primary,3,101,1e-05,1.0000000000000001e-07,158,1106,0.43776207736560274,0.47681909799575806,0.5334437923431397,1.1868694836752686e-06,0.5334437923431397,158,0,True,False,False
EXP-H078,primary,3,101,1e-05,1.0000000000000001e-07,159,1113,0.5115600866930825,0.476796418428421,0.5334414975643158,1.1387326887403326e-06,0.5334414975643158,159,0,True,False,False
EXP-H078,primary,3,101,1e-05,1.0000000000000001e-07,160,1120,0.4426850506237575,0.4767456352710724,0.5334396200180054,1.0915609404889017e-06,0.5334396200180054,160,0,True,False,False
EXP-H078,primary,3,101,1e-05,1.0000000000000001e-07,161,1127,0.5314602851867676,0.47667448222637177,0.5334363715648651,1.0453658778440107e-06,0.5334363715648651,161,0,True,False,False
EXP-H078,primary,3,101,1e-05,1.0000000000000001e-07,162,1134,0.4173749472413744,0.4766091853380203,0.5334336297512055,1.0001588987461348e-06,0.5334336297512055,162,0,True,False,False
EXP-H078,primary,3,101,1e-05,1.0000000000000001e-07,163,1141,0.3914210921419518,0.4766389727592468,0.5334315137863159,9.559511573409195e-07,0.5334315137863159,163,0,True,False,False
EXP-H078,primary,3,101,1e-05,1.0000000000000001e-07,164,1148,0.4305771312543324,0.476670503616333,0.533429517030716,9.127535612270632e-07,0.533429517030716,164,0,True,False,False
EXP-H078,primary,3,101,1e-05,1.0000000000000001e-07,165,1155,0.44950265330927713,0.47670914232730865,0.53342844414711,8.705767687650265e-07,0.53342844414711,165,0,True,False,False
EXP-H078,primary,3,101,1e-05,1.0000000000000001e-07,166,1162,0.4385978579521179,0.4767487347126007,0.5334274308681488,8.294311864472448e-07,0.5334274308681488,166,0,True,False,False
EXP-H078,primary,3,101,1e-05,1.0000000000000001e-07,167,1169,0.4022267080311264,0.476765513420105,0.5334264771938324,7.893269663304784e-07,0.5334264771938324,167,0,True,False,False
EXP-H078,primary,3,101,1e-05,1.0000000000000001e-07,168,1176,0.39878165455801146,0.47681786119937897,0.5334247486591339,7.50274003530953e-07,0.5334247486591339,168,0,True,False,False
EXP-H078,primary,3,101,1e-05,1.0000000000000001e-07,169,1183,0.4395603026662554,0.4767971485853195,0.5334229307174683,7.122819337828752e-07,0.5334229307174683,169,0,True,False,False
EXP-H078,primary,3,101,1e-05,1.0000000000000001e-07,170,1190,0.48842492061001913,0.47676533460617065,0.5334209637641907,6.753601310609673e-07,0.5334209637641907,170,0,True,False,False
EXP-H078,primary,3,101,1e-05,1.0000000000000001e-07,171,1197,0.38630279645855936,0.4767223596572876,0.5334193842411041,6.395177052675794e-07,0.5334193842411041,171,0,True,False,False
EXP-H078,primary,3,101,1e-05,1.0000000000000001e-07,172,1204,0.399056467626776,0.4766700267791748,0.5334179537296295,6.047634999849531e-07,0.5334179537296295,172,0,True,False,False
EXP-H078,primary,3,101,1e-05,1.0000000000000001e-07,173,1211,0.4687081915991647,0.4766855835914612,0.5334164040088654,5.711060902932043e-07,0.5334164040088654,173,0,True,False,False
EXP-H078,primary,3,101,1e-05,1.0000000000000001e-07,174,1218,0.40051426073270185,0.4766956865787506,0.5334155695438385,5.385537806545469e-07,0.5334155695438385,174,0,True,False,False
EXP-H078,primary,3,101,1e-05,1.0000000000000001e-07,175,1225,0.4270751029253006,0.4767194539308548,0.5334148542881012,5.071146028642944e-07,0.5334148542881012,175,0,True,False,False
EXP-H078,primary,3,101,1e-05,1.0000000000000001e-07,176,1232,0.4176431617566517,0.4767086058855057,0.5334140794277191,4.7679631406913176e-07,0.5334140794277191,176,0,True,False,False
EXP-H078,primary,3,101,1e-05,1.0000000000000001e-07,177,1239,0.449267429964883,0.47670483589172363,0.5334131257534027,4.4760639485315585e-07,0.5334131257534027,177,0,True,False,False
EXP-H078,primary,3,101,1e-05,1.0000000000000001e-07,178,1246,0.4331791124173573,0.4766779839992523,0.5334122614860535,4.195520473921565e-07,0.5334122614860535,178,0,True,False,False
EXP-H078,primary,3,101,1e-05,1.0000000000000001e-07,179,1253,0.6458604910543987,0.47668659687042236,0.5334112184047699,3.92640193676584e-07,0.5334112184047699,179,0,True,False,False
EXP-H078,primary,3,101,1e-05,1.0000000000000001e-07,180,1260,0.4077693447470665,0.476690411567688,0.5334105031490326,3.668774738036508e-07,0.5334105031490326,180,0,True,False,False
EXP-H078,primary,3,101,1e-05,1.0000000000000001e-07,181,1267,0.41804648084299906,0.47667428851127625,0.5334099667072296,3.4227024433899004e-07,0.5334099667072296,181,0,True,False,False
EXP-H078,primary,3,101,1e-05,1.0000000000000001e-07,182,1274,0.4968711244208472,0.47666969895362854,0.5334094302654266,3.188245767482659e-07,0.5334094302654266,182,0,True,False,False
EXP-H078,primary,3,101,1e-05,1.0000000000000001e-07,183,1281,0.4155751328383173,0.47666069865226746,0.5334088044166565,2.9654625589913237e-07,0.5334088044166565,183,0,True,False,False
EXP-H078,primary,3,101,1e-05,1.0000000000000001e-07,184,1288,0.4353158984865461,0.47666803002357483,0.5334080295562744,2.754407786339001e-07,0.5334080295562744,184,0,True,False,False
EXP-H078,primary,3,101,1e-05,1.0000000000000001e-07,185,1295,0.4178863061325891,0.47668692469596863,0.5334073441028595,2.555133524132767e-07,0.5334073441028595,185,0,True,False,False
EXP-H078,primary,3,101,1e-05,1.0000000000000001e-07,186,1302,0.40141739969008733,0.4766925722360611,0.5334067778587341,2.3676889403150103e-07,0.5334067778587341,186,0,True,False,False
EXP-H078,primary,3,101,1e-05,1.0000000000000001e-07,187,1309,0.5150269780840192,0.47667285799980164,0.5334060328006744,2.1921202840320077e-07,0.5334060328006744,187,0,True,False,False
EXP-H078,primary,3,101,1e-05,1.0000000000000001e-07,188,1316,0.5488780992371696,0.4766654819250107,0.5334055559635162,2.0284708742225901e-07,0.5334055559635162,188,0,True,False,False
EXP-H078,primary,3,101,1e-05,1.0000000000000001e-07,189,1323,0.42339060987745014,0.4766564518213272,0.5334051089286804,1.8767810889299085e-07,0.5334051089286804,189,0,True,False,False
EXP-H078,primary,3,101,1e-05,1.0000000000000001e-07,190,1330,0.6912001073360443,0.4766565263271332,0.5334049599170685,1.7370883553386935e-07,0.5334049599170685,190,0,True,False,False
EXP-H078,primary,3,101,1e-05,1.0000000000000001e-07,191,1337,0.4321390518120357,0.4766598641872406,0.5334046618938446,1.609427140540686e-07,0.5334046618938446,191,0,True,False,False
EXP-H078,primary,3,101,1e-05,1.0000000000000001e-07,192,1344,0.6527651825121471,0.4766611009836197,0.533404304265976,1.493828943030402e-07,0.533404304265976,192,0,True,False,False
EXP-H078,primary,3,101,1e-05,1.0000000000000001e-07,193,1351,0.5242478847503662,0.4766540229320526,0.5334040956497192,1.3903222849333507e-07,0.5334040956497192,193,0,True,False,False
EXP-H078,primary,3,101,1e-05,1.0000000000000001e-07,194,1358,0.42092444534812656,0.47665053606033325,0.533403767824173,1.2989327049686101e-07,0.533403767824173,194,0,True,False,False
EXP-H078,primary,3,101,1e-05,1.0000000000000001e-07,195,1365,0.4075169563293457,0.4766525775194168,0.5334036784172058,1.2196827521475402e-07,0.5334036784172058,195,0,True,False,False
EXP-H078,primary,3,101,1e-05,1.0000000000000001e-07,196,1372,0.41169159220797674,0.47665467858314514,0.5334033505916596,1.1525919802101659e-07,0.5334033505916596,196,0,True,False,False
EXP-H078,primary,3,101,1e-05,1.0000000000000001e-07,197,1379,0.5145983568259648,0.4766606092453003,0.5334031717777252,1.097676942800558e-07,0.5334031717777252,197,0,True,False,False
EXP-H078,primary,3,101,1e-05,1.0000000000000001e-07,198,1386,0.42639191661562237,0.4766574651002884,0.5334029035568237,1.0549511893824898e-07,0.5334029035568237,198,0,True,False,False
EXP-H078,primary,3,101,1e-05,1.0000000000000001e-07,199,1393,0.5345134394509452,0.47665199637413025,0.5334028737545013,1.0244252618962859e-07,0.5334028737545013,199,0,True,False,False
EXP-H078,primary,3,101,1e-05,1.0000000000000001e-07,200,1400,0.40352152979799677,0.4766475558280945,0.5334025757312775,1.006106692157801e-07,0.5334025757312775,200,0,True,False,False
EXP-H078,primary,3,101,0.0001,1.0000000000000002e-06,1,7,0.4204864005691239,0.5094991028308868,0.5596607677936554,0.0001,0.5596607677936554,1,0,True,False,False
EXP-H078,primary,3,101,0.0001,1.0000000000000002e-06,2,14,0.6348892024585179,0.47941096127033234,0.53518980884552,9.99938933078422e-05,0.53518980884552,2,0,True,False,False
EXP-H078,primary,3,101,0.0001,1.0000000000000002e-06,3,21,0.5180970472948891,0.4756772667169571,0.539963933467865,9.997557473810373e-05,0.53518980884552,2,1,False,False,False
EXP-H078,primary,3,101,0.0001,1.0000000000000002e-06,4,28,0.48945409485272,0.47588731348514557,0.5344486825466156,9.994504881061753e-05,0.5344486825466156,4,0,True,False,False
EXP-H078,primary,3,101,0.0001,1.0000000000000002e-06,5,35,0.556263634136745,0.47491884231567383,0.5353556566238403,9.990232305719945e-05,0.5344486825466156,4,1,False,False,False
EXP-H078,primary,3,101,0.0001,1.0000000000000002e-06,6,42,0.41615824507815496,0.474606916308403,0.5366033937931061,9.984740801978984e-05,0.5344486825466156,4,2,False,False,False
EXP-H078,primary,3,101,0.0001,1.0000000000000002e-06,7,49,0.5775073553834643,0.4814712107181549,0.5362245187759399,9.978031724785247e-05,0.5344486825466156,4,3,False,False,False
EXP-H078,primary,3,101,0.0001,1.0000000000000002e-06,8,56,0.4385881243007524,0.48076048493385315,0.535542870759964,9.97010672950314e-05,0.5344486825466156,4,4,False,False,False
EXP-H078,primary,3,101,0.0001,1.0000000000000002e-06,9,63,0.616753991161074,0.48209546506404877,0.5368822858333587,9.960967771506667e-05,0.5344486825466156,4,5,False,False,False
EXP-H078,primary,3,101,0.0001,1.0000000000000002e-06,10,70,0.6528325357607433,0.4767191708087921,0.5331635909080505,9.95061710569696e-05,0.5331635909080505,10,0,True,False,False
EXP-H078,primary,3,101,0.0001,1.0000000000000002e-06,11,77,0.40218617820314,0.4742278456687927,0.5335623912811279,9.939057285945933e-05,0.5331635909080505,10,1,False,False,False
EXP-H078,primary,3,101,0.0001,1.0000000000000002e-06,12,84,0.4095853380858898,0.476680725812912,0.5330394940376282,9.926291164466132e-05,0.5330394940376282,12,0,True,False,False
EXP-H078,primary,3,101,0.0001,1.0000000000000002e-06,13,91,0.5269600365843091,0.4781699925661087,0.5336739137172699,9.91232189110701e-05,0.5330394940376282,12,1,False,False,False
EXP-H078,primary,3,101,0.0001,1.0000000000000002e-06,14,98,0.5078654608556202,0.47594767808914185,0.5330924527645111,9.897152912577741e-05,0.5330394940376282,12,2,False,False,False
EXP-H078,primary,3,101,0.0001,1.0000000000000002e-06,15,105,0.4389278420380184,0.47374919056892395,0.5379289116859436,9.8807879715968e-05,0.5330394940376282,12,3,False,False,False
EXP-H078,primary,3,101,0.0001,1.0000000000000002e-06,16,112,0.448479882308415,0.4750705659389496,0.5327796773910523,9.8632311059685e-05,0.5327796773910523,16,0,True,False,False
EXP-H078,primary,3,101,0.0001,1.0000000000000002e-06,17,119,0.4222037260021482,0.47630952298641205,0.5324229612350464,9.844486647586725e-05,0.5324229612350464,17,0,True,False,False
EXP-H078,primary,3,101,0.0001,1.0000000000000002e-06,18,126,0.41028647337641033,0.4735903739929199,0.5319969491958618,9.824559221366101e-05,0.5319969491958618,18,0,True,False,False
EXP-H078,primary,3,101,0.0001,1.0000000000000002e-06,19,133,0.4647560545376369,0.47462373971939087,0.531688018321991,9.803453744100869e-05,0.531688018321991,19,0,True,False,False
EXP-H078,primary,3,101,0.0001,1.0000000000000002e-06,20,140,0.5802893553461347,0.4745638817548752,0.531440420627594,9.781175423251735e-05,0.531440420627594,20,0,True,False,False
EXP-H078,primary,3,101,0.0001,1.0000000000000002e-06,21,147,0.4409840213400977,0.4715672582387924,0.5332126941680908,9.757729755661011e-05,0.531440420627594,20,1,False,False,False
EXP-H078,primary,3,101,0.0001,1.0000000000000002e-06,22,154,0.43565586847918375,0.4711434096097946,0.5330937232971191,9.73312252619635e-05,0.531440420627594,20,2,False,False,False
EXP-H078,primary,3,101,0.0001,1.0000000000000002e-06,23,161,0.3979456030896732,0.4710075557231903,0.5317468371391296,9.707359806323417e-05,0.531440420627594,20,3,False,False,False
EXP-H078,primary,3,101,0.0001,1.0000000000000002e-06,24,168,0.5967925063201359,0.4707029461860657,0.5318023588657379,9.680447952607845e-05,0.531440420627594,20,4,False,False,False
EXP-H078,primary,3,101,0.0001,1.0000000000000002e-06,25,175,0.6255736010415214,0.47028306126594543,0.5329408075809479,9.652393605146844e-05,0.531440420627594,20,5,False,False,False
EXP-H078,primary,3,101,0.0001,1.0000000000000002e-06,26,182,0.6642819557871137,0.4716736525297165,0.5382602031230926,9.623203685930869e-05,0.531440420627594,20,6,False,False,False
EXP-H078,primary,3,101,0.0001,1.0000000000000002e-06,27,189,0.545144089630672,0.46928662061691284,0.5325197305679321,9.592885397135707e-05,0.531440420627594,20,7,False,False,False
EXP-H078,primary,3,101,0.0001,1.0000000000000002e-06,28,196,0.3909226184976952,0.4716998189687729,0.5275169386863708,9.561446219345454e-05,0.5275169386863708,28,0,True,False,False
EXP-H078,primary,3,101,0.0001,1.0000000000000002e-06,29,203,0.4527595341205597,0.47161054611206055,0.527375693321228,9.528893909706797e-05,0.527375693321228,29,0,True,False,False
EXP-H078,primary,3,101,0.0001,1.0000000000000002e-06,30,210,0.3908169333423887,0.46646571159362793,0.5290582592487335,9.495236500015047e-05,0.527375693321228,29,1,False,False,False
EXP-H078,primary,3,101,0.0001,1.0000000000000002e-06,31,217,0.39229375443288256,0.46607717871665955,0.5313835401535034,9.460482294732421e-05,0.527375693321228,29,2,False,False,False
EXP-H078,primary,3,101,0.0001,1.0000000000000002e-06,32,224,0.3959126930151667,0.4654286056756973,0.5214036777019501,9.424639868939033e-05,0.5214036777019501,32,0,True,False,False
EXP-H078,primary,3,101,0.0001,1.0000000000000002e-06,33,231,0.39047812803515364,0.4706103652715683,0.5267172102928162,9.387718066217124e-05,0.5214036777019501,32,1,False,False,False
EXP-H078,primary,3,101,0.0001,1.0000000000000002e-06,34,238,0.4130844452551433,0.46052035689353943,0.5172876818180084,9.349725996469047e-05,0.5172876818180084,34,0,True,False,False
EXP-H078,primary,3,101,0.0001,1.0000000000000002e-06,35,245,0.40238368404763086,0.45831865072250366,0.5210384685993195,9.310673033669521e-05,0.5172876818180084,34,1,False,False,False
EXP-H078,primary,3,101,0.0001,1.0000000000000002e-06,36,252,0.49504675396851133,0.45840170979499817,0.5159723494052887,9.270568813552756e-05,0.5159723494052887,36,0,True,False,False
EXP-H078,primary,3,101,0.0001,1.0000000000000002e-06,37,259,0.39936559221574236,0.46252332627773285,0.519173371553421,9.229423231234974e-05,0.5159723494052887,36,1,False,False,False
EXP-H078,primary,3,101,0.0001,1.0000000000000002e-06,38,266,0.38112267000334604,0.4529450386762619,0.517213526725769,9.187246438772939e-05,0.5159723494052887,36,2,False,False,False
EXP-H078,primary,3,101,0.0001,1.0000000000000002e-06,39,273,0.3992770846400942,0.45255717635154724,0.521727557182312,9.14404884265908e-05,0.5159723494052887,36,3,False,False,False
EXP-H078,primary,3,101,0.0001,1.0000000000000002e-06,40,280,0.37594415453661767,0.46529319882392883,0.5249006855487823,9.099841101253866e-05,0.5159723494052887,36,4,False,False,False
EXP-H078,primary,3,101,0.0001,1.0000000000000002e-06,41,287,0.5060797653027943,0.4603048861026764,0.5220701205730438,9.05463412215599e-05,0.5159723494052887,36,5,False,False,False
EXP-H078,primary,3,101,0.0001,1.0000000000000002e-06,42,294,0.5637363536017281,0.4458160996437073,0.5154454064369202,9.0084390595111e-05,0.5154454064369202,42,0,True,False,False
EXP-H078,primary,3,101,0.0001,1.0000000000000002e-06,43,301,0.4035688766411373,0.4448806047439575,0.507979798078537,8.961267311259666e-05,0.507979798078537,43,0,True,False,False
EXP-H078,primary,3,101,0.0001,1.0000000000000002e-06,44,308,0.510931881410735,0.4591611325740814,0.5212380611896514,8.913130516324733e-05,0.507979798078537,43,1,False,False,False
EXP-H078,primary,3,101,0.0001,1.0000000000000002e-06,45,315,0.37329954547541483,0.4383411556482315,0.508176679611206,8.864040551740158e-05,0.507979798078537,43,2,False,False,False
EXP-H078,primary,3,101,0.0001,1.0000000000000002e-06,46,322,0.3911060648305075,0.43092599511146545,0.4952741813659668,8.814009529720155e-05,0.4952741813659668,46,0,True,False,False
EXP-H078,primary,3,101,0.0001,1.0000000000000002e-06,47,329,0.3711671360901424,0.43441177904605865,0.4992187442779541,8.763049794670775e-05,0.4952741813659668,46,1,False,False,False
EXP-H078,primary,3,101,0.0001,1.0000000000000002e-06,48,336,0.33716292466436115,0.4260065108537674,0.48882826495170595,8.711173920144117e-05,0.48882826495170595,48,0,True,False,False
EXP-H078,primary,3,101,0.0001,1.0000000000000002e-06,49,343,0.3554327502580626,0.422222763299942,0.48727186155319213,8.658394705735987e-05,0.48727186155319213,49,0,True,False,False
EXP-H078,primary,3,101,0.0001,1.0000000000000002e-06,50,350,0.34471946196364506,0.4224303066730499,0.48663704228401183,8.604725173927785e-05,0.48663704228401183,50,0,True,False,False
EXP-H078,primary,3,101,0.0001,1.0000000000000002e-06,51,357,0.48120989544051035,0.42414572834968567,0.48604016137123107,8.55017856687341e-05,0.48604016137123107,51,0,True,False,False
EXP-H078,primary,3,101,0.0001,1.0000000000000002e-06,52,364,0.347781312252794,0.42396752536296844,0.48512250828742975,8.494768343131955e-05,0.48512250828742975,52,0,True,False,False
EXP-H078,primary,3,101,0.0001,1.0000000000000002e-06,53,371,0.33844522865755217,0.4239134192466736,0.4872687132358551,8.438508174347009e-05,0.48512250828742975,52,1,False,False,False
EXP-H078,primary,3,101,0.0001,1.0000000000000002e-06,54,378,0.35067006945610046,0.42903491854667664,0.4896170499324798,8.381411941873378e-05,0.48512250828742975,52,2,False,False,False
EXP-H078,primary,3,101,0.0001,1.0000000000000002e-06,55,385,0.40222438744136263,0.42722900211811066,0.4892233719825744,8.323493733352077e-05,0.48512250828742975,52,3,False,False,False
EXP-H078,primary,3,101,0.0001,1.0000000000000002e-06,56,392,0.35293025204113554,0.42944689095020294,0.5039201452732086,8.26476783923441e-05,0.48512250828742975,52,4,False,False,False
EXP-H078,primary,3,101,0.0001,1.0000000000000002e-06,57,399,0.5474068096705845,0.42852044105529785,0.4921843292713165,8.205248749256015e-05,0.48512250828742975,52,5,False,False,False
EXP-H078,primary,3,101,0.0001,1.0000000000000002e-06,58,406,0.3342333308288029,0.4256671965122223,0.49323740315437314,8.144951148861742e-05,0.48512250828742975,52,6,False,False,False
EXP-H078,primary,3,101,0.0001,1.0000000000000002e-06,59,413,0.3657801789896829,0.426448792219162,0.49605810356140134,8.083889915582235e-05,0.48512250828742975,52,7,False,False,False
EXP-H078,primary,3,101,0.0001,1.0000000000000002e-06,60,420,0.32466732817036764,0.428547739982605,0.5012249023914337,8.022080115363127e-05,0.48512250828742975,52,8,False,False,False
EXP-H078,primary,3,101,0.0001,1.0000000000000002e-06,61,427,0.4388112085206168,0.43338868021965027,0.4928379230499267,7.959536998847744e-05,0.48512250828742975,52,9,False,False,False
EXP-H078,primary,3,101,0.0001,1.0000000000000002e-06,62,434,0.37690736992018564,0.4506641924381256,0.5211179330348968,7.89627599761423e-05,0.48512250828742975,52,10,False,False,False
EXP-H078,primary,3,101,0.0001,1.0000000000000002e-06,63,441,0.34692398990903583,0.43398138880729675,0.5075736315250396,7.832312720368048e-05,0.48512250828742975,52,11,False,False,False
EXP-H078,primary,3,101,0.0001,1.0000000000000002e-06,64,448,0.3172140877161707,0.4398341476917267,0.5126679511070251,7.767662949090753e-05,0.48512250828742975,52,12,False,False,False
EXP-H078,primary,3,101,0.0001,1.0000000000000002e-06,65,455,0.29172363238675253,0.46309755742549896,0.5276108424663544,7.702342635146033e-05,0.48512250828742975,52,13,False,False,False
EXP-H078,primary,3,101,0.0001,1.0000000000000002e-06,66,462,0.3236441229070936,0.45375165343284607,0.5189633340835571,7.636367895343946e-05,0.48512250828742975,52,14,False,False,False
EXP-H078,primary,3,101,0.0001,1.0000000000000002e-06,67,469,0.3306075951882771,0.45323967933654785,0.5116773402690886,7.569755007964338e-05,0.48512250828742975,52,15,False,False,False
EXP-H078,primary,3,101,0.0001,1.0000000000000002e-06,68,476,0.33355912566185,0.4530617892742157,0.5213680605888367,7.502520408740418e-05,0.48512250828742975,52,16,False,False,False
EXP-H078,primary,3,101,0.0001,1.0000000000000002e-06,69,483,0.31027842925063204,0.4541501998901367,0.5274310748577118,7.43468068680349e-05,0.48512250828742975,52,17,False,False,False
EXP-H078,primary,3,101,0.0001,1.0000000000000002e-06,70,490,0.3176619256181376,0.4450482428073883,0.502222697019577,7.366252580589839e-05,0.48512250828742975,52,18,False,False,False
EXP-H078,primary,3,101,0.0001,1.0000000000000002e-06,71,497,0.2961147917168481,0.4508974999189377,0.5212705175876617,7.297252973710757e-05,0.48512250828742975,52,19,False,False,False
EXP-H078,primary,3,101,0.0001,1.0000000000000002e-06,72,504,0.4383825659751892,0.45405614376068115,0.5224810283184051,7.22769889078678e-05,0.48512250828742975,52,20,False,False,False
EXP-H078,primary,3,101,0.0001,1.0000000000000002e-06,73,511,0.313639087336404,0.4508369117975235,0.5083330543041229,7.15760749324711e-05,0.48512250828742975,52,21,False,False,False
EXP-H078,primary,3,101,0.0001,1.0000000000000002e-06,74,518,0.2994610582079206,0.4549320936203003,0.5143674495220184,7.086996075095289e-05,0.48512250828742975,52,22,False,False,False
EXP-H078,primary,3,101,0.0001,1.0000000000000002e-06,75,525,0.5322195328772068,0.4726264476776123,0.5389170985221863,7.015882058642164e-05,0.48512250828742975,52,23,False,False,False
EXP-H078,primary,3,101,0.0001,1.0000000000000002e-06,76,532,0.2728266529738903,0.4659794569015503,0.5253158550262451,6.944282990207195e-05,0.48512250828742975,52,24,False,False,False
EXP-H078,primary,3,101,0.0001,1.0000000000000002e-06,77,539,0.296468191913196,0.46550261974334717,0.5182076699733734,6.872216535789157e-05,0.48512250828742975,52,25,False,False,False
EXP-H078,primary,3,101,0.0001,1.0000000000000002e-06,78,546,0.28820448900972095,0.4671991169452667,0.5154519386291504,6.799700476707323e-05,0.48512250828742975,52,26,False,False,False
EXP-H078,primary,3,101,0.0001,1.0000000000000002e-06,79,553,0.2669564022549561,0.463903546333313,0.5130883934497833,6.726752705214194e-05,0.48512250828742975,52,27,False,False,False
EXP-H078,primary,3,101,0.0001,1.0000000000000002e-06,80,560,0.27574539124699576,0.4722575545310974,0.5228134908676147,6.65339122008084e-05,0.48512250828742975,52,28,False,False,False
EXP-H078,primary,3,101,0.0001,1.0000000000000002e-06,81,567,0.2979484179190227,0.4715255796909332,0.5183038296699524,6.57963412215599e-05,0.48512250828742975,52,29,False,False,False
EXP-H078,primary,3,101,0.0001,1.0000000000000002e-06,82,574,0.2868188726050513,0.4709243178367615,0.5214487125873565,6.505499609899905e-05,0.48512250828742975,52,30,False,True,False
EXP-H078,primary,3,101,0.001,1e-05,1,7,0.4648051879235676,0.5757314562797546,0.6191464066505431,0.001,0.6191464066505431,1,0,True,False,False
EXP-H078,primary,3,101,0.001,1e-05,2,14,0.653634603534426,0.5193231999874115,0.599813229560852,0.000999938933078422,0.599813229560852,2,0,True,False,False
EXP-H078,primary,3,101,0.001,1e-05,3,21,0.5083782726100513,0.4825068414211273,0.5534240860939026,0.0009997557473810372,0.5534240860939026,3,0,True,False,False
EXP-H078,primary,3,101,0.001,1e-05,4,28,0.5112838191645486,0.48516905307769775,0.5381040320396423,0.0009994504881061753,0.5381040320396423,4,0,True,False,False
EXP-H078,primary,3,101,0.001,1e-05,5,35,0.5655907647950309,0.4888920336961746,0.5639942185878754,0.0009990232305719944,0.5381040320396423,4,1,False,False,False
EXP-H078,primary,3,101,0.001,1e-05,6,42,0.41039927237268004,0.46994858980178833,0.5344790246486664,0.0009984740801978985,0.5344790246486664,6,0,True,False,False
EXP-H078,primary,3,101,0.001,1e-05,7,49,0.6044754641396659,0.4765290468931198,0.5450919981002808,0.0009978031724785245,0.5344790246486664,6,1,False,False,False
EXP-H078,primary,3,101,0.001,1e-05,8,56,0.4080730900168419,0.4788018465042114,0.5268262102603912,0.000997010672950314,0.5268262102603912,8,0,True,False,False
EXP-H078,primary,3,101,0.001,1e-05,9,63,0.583254737513406,0.46357978880405426,0.519900309085846,0.0009960967771506667,0.519900309085846,9,0,True,False,False
EXP-H078,primary,3,101,0.001,1e-05,10,70,0.5833435037306377,0.5538264364004135,0.6378846235275268,0.000995061710569696,0.519900309085846,9,1,False,False,False
EXP-H078,primary,3,101,0.001,1e-05,11,77,0.4261707237788609,0.581993579864502,0.6390006914138793,0.0009939057285945933,0.519900309085846,9,2,False,False,False
EXP-H078,primary,3,101,0.001,1e-05,12,84,0.3503058339868273,0.4601793885231018,0.5308533256053924,0.000992629116446613,0.519900309085846,9,3,False,False,False
EXP-H078,primary,3,101,0.001,1e-05,13,91,0.3810241584266935,0.552145779132843,0.6106614019870757,0.000991232189110701,0.519900309085846,9,4,False,False,False
EXP-H078,primary,3,101,0.001,1e-05,14,98,0.49994729672159466,0.5067056715488434,0.5577661123275757,0.0009897152912577741,0.519900309085846,9,5,False,False,False
EXP-H078,primary,3,101,0.001,1e-05,15,105,0.2788769964660917,0.6605675518512726,0.7145396687984465,0.00098807879715968,0.519900309085846,9,6,False,False,False
EXP-H078,primary,3,101,0.001,1e-05,16,112,0.4893536525113242,0.8576781153678894,0.867709248304367,0.00098632311059685,0.519900309085846,9,7,False,False,False
EXP-H078,primary,3,101,0.001,1e-05,17,119,0.30783629417419434,0.8839598894119263,0.884435673713684,0.0009844486647586723,0.519900309085846,9,8,False,False,False
EXP-H078,primary,3,101,0.001,1e-05,18,126,0.305240388627031,0.5655421614646912,0.6133984487056732,0.00098245592213661,0.519900309085846,9,9,False,False,False
EXP-H078,primary,3,101,0.001,1e-05,19,133,0.3708449453115463,0.4898098558187485,0.5515754776000975,0.0009803453744100868,0.519900309085846,9,10,False,False,False
EXP-H078,primary,3,101,0.001,1e-05,20,140,0.26325797608920504,0.8260804712772369,0.8453447785377501,0.0009781175423251734,0.519900309085846,9,11,False,False,False
EXP-H078,primary,3,101,0.001,1e-05,21,147,0.33318219653197695,0.5995441973209381,0.6500855550765989,0.0009757729755661011,0.519900309085846,9,12,False,False,False
EXP-H078,primary,3,101,0.001,1e-05,22,154,0.2814866027661732,1.3586759567260742,1.2906705586910248,0.0009733122526196349,0.519900309085846,9,13,False,False,False
EXP-H078,primary,3,101,0.001,1e-05,23,161,0.43248106805341585,0.47498443722724915,0.525390206336975,0.0009707359806323416,0.519900309085846,9,14,False,False,False
EXP-H078,primary,3,101,0.001,1e-05,24,168,0.41222820963178364,0.6640432178974152,0.7108752059936523,0.0009680447952607845,0.519900309085846,9,15,False,False,False
EXP-H078,primary,3,101,0.001,1e-05,25,175,0.3603673449584416,0.6299625337123871,0.6821235530376434,0.0009652393605146844,0.519900309085846,9,16,False,False,False
EXP-H078,primary,3,101,0.001,1e-05,26,182,0.2654950427157538,0.8348537981510162,0.8437089524269104,0.000962320368593087,0.519900309085846,9,17,False,False,False
EXP-H078,primary,3,101,0.001,1e-05,27,189,0.38361168439899174,0.5377715677022934,0.599768656015396,0.0009592885397135706,0.519900309085846,9,18,False,False,False
EXP-H078,primary,3,101,0.001,1e-05,28,196,0.22465880161949567,0.6258024573326111,0.651953388929367,0.0009561446219345453,0.519900309085846,9,19,False,False,False
EXP-H078,primary,3,101,0.001,1e-05,29,203,0.26910471064703806,0.42325378954410553,0.4859511566162109,0.0009528893909706797,0.4859511566162109,29,0,True,False,False
EXP-H078,primary,3,101,0.001,1e-05,30,210,0.20817111379333905,0.7273726463317871,0.7586708717346191,0.0009495236500015047,0.4859511566162109,29,1,False,False,False
EXP-H078,primary,3,101,0.001,1e-05,31,217,0.2449311012668269,0.5148532390594482,0.5589265344142913,0.0009460482294732421,0.4859511566162109,29,2,False,False,False
EXP-H078,primary,3,101,0.001,1e-05,32,224,0.23055993552718843,0.605294406414032,0.6447093749046325,0.0009424639868939033,0.4859511566162109,29,3,False,False,False
EXP-H078,primary,3,101,0.001,1e-05,33,231,0.17175215376274927,0.6018553972244263,0.6447138638496398,0.0009387718066217125,0.4859511566162109,29,4,False,False,False
EXP-H078,primary,3,101,0.001,1e-05,34,238,0.1834466995704653,0.5729572772979736,0.6133199417591094,0.0009349725996469047,0.4859511566162109,29,5,False,False,False
EXP-H078,primary,3,101,0.001,1e-05,35,245,0.18779346719384193,0.5613248348236084,0.6151838355064391,0.0009310673033669522,0.4859511566162109,29,6,False,False,False
EXP-H078,primary,3,101,0.001,1e-05,36,252,0.2788169410611902,0.6585623919963837,0.684930738210678,0.0009270568813552756,0.4859511566162109,29,7,False,False,False
EXP-H078,primary,3,101,0.001,1e-05,37,259,0.18572209988321578,0.4934941232204437,0.551539840698242,0.0009229423231234975,0.4859511566162109,29,8,False,False,False
EXP-H078,primary,3,101,0.001,1e-05,38,266,0.17081631214490958,0.5477003157138824,0.6066070582866667,0.0009187246438772938,0.4859511566162109,29,9,False,False,False
EXP-H078,primary,3,101,0.001,1e-05,39,273,0.15692001704259642,0.570128321647644,0.6213423774242399,0.0009144048842659081,0.4859511566162109,29,10,False,False,False
EXP-H078,primary,3,101,0.001,1e-05,40,280,0.2015740584049906,0.5598167777061462,0.5992087125778197,0.0009099841101253866,0.4859511566162109,29,11,False,False,False
EXP-H078,primary,3,101,0.001,1e-05,41,287,0.233933153961386,0.5472854375839233,0.591835210084915,0.000905463412215599,0.4859511566162109,29,12,False,False,False
EXP-H078,primary,3,101,0.001,1e-05,42,294,0.20717012882232666,0.5788454115390778,0.6232044391632078,0.0009008439059511099,0.4859511566162109,29,13,False,False,False
EXP-H078,primary,3,101,0.001,1e-05,43,301,0.16304710560611316,0.5393076837062836,0.5944740521907805,0.0008961267311259666,0.4859511566162109,29,14,False,False,False
EXP-H078,primary,3,101,0.001,1e-05,44,308,0.270516251879079,0.5277977585792542,0.5857119653224944,0.0008913130516324732,0.4859511566162109,29,15,False,False,False
EXP-H078,primary,3,101,0.001,1e-05,45,315,0.1427606620958873,0.5991048812866211,0.6410960600376128,0.0008864040551740157,0.4859511566162109,29,16,False,False,False
EXP-H078,primary,3,101,0.001,1e-05,46,322,0.17670868337154388,0.5173971503973007,0.575278613090515,0.0008814009529720154,0.4859511566162109,29,17,False,False,False
EXP-H078,primary,3,101,0.001,1e-05,47,329,0.16928762942552567,0.6763111054897308,0.6994364721775054,0.0008763049794670775,0.4859511566162109,29,18,False,False,False
EXP-H078,primary,3,101,0.001,1e-05,48,336,0.18278744178158896,0.5418909192085266,0.5943795149326323,0.0008711173920144117,0.4859511566162109,29,19,False,False,False
EXP-H078,primary,3,101,0.001,1e-05,49,343,0.15649766474962234,0.5168394595384598,0.5753173553943634,0.0008658394705735987,0.4859511566162109,29,20,False,False,False
EXP-H078,primary,3,101,0.001,1e-05,50,350,0.14954312571457454,0.5074786245822906,0.5631452186107634,0.0008604725173927785,0.4859511566162109,29,21,False,False,False
EXP-H078,primary,3,101,0.001,1e-05,51,357,0.14720209794385092,0.5970824956893921,0.638760174512863,0.000855017856687341,0.4859511566162109,29,22,False,False,False
EXP-H078,primary,3,101,0.001,1e-05,52,364,0.17142838399325097,0.5039452910423279,0.5587478089332579,0.0008494768343131955,0.4859511566162109,29,23,False,False,False
EXP-H078,primary,3,101,0.001,1e-05,53,371,0.1373679323920182,0.537980780005455,0.587143341064453,0.0008438508174347009,0.4859511566162109,29,24,False,False,False
EXP-H078,primary,3,101,0.001,1e-05,54,378,0.1130052778337683,0.5155849158763885,0.573172345638275,0.0008381411941873378,0.4859511566162109,29,25,False,False,False
EXP-H078,primary,3,101,0.001,1e-05,55,385,0.12139060880456652,0.512679323554039,0.558801807641983,0.0008323493733352077,0.4859511566162109,29,26,False,False,False
EXP-H078,primary,3,101,0.001,1e-05,56,392,0.14832997747829982,0.5168905258178711,0.5784621982574462,0.000826476783923441,0.4859511566162109,29,27,False,False,False
EXP-H078,primary,3,101,0.001,1e-05,57,399,0.17129239227090562,0.495130717754364,0.549442853450775,0.0008205248749256015,0.4859511566162109,29,28,False,False,False
EXP-H078,primary,3,101,0.001,1e-05,58,406,0.13466657911028182,0.473339706659317,0.5427579586505888,0.0008144951148861742,0.4859511566162109,29,29,False,False,False
EXP-H078,primary,3,101,0.001,1e-05,59,413,0.17498056590557098,0.6243714690208435,0.6643672702312469,0.0008083889915582234,0.4859511566162109,29,30,False,True,False
EXP-H078,primary,3,101,0.01,0.0001,1,7,2.6965979295117513,1.6088199019432068,1.4958725135326385,0.01,1.4958725135326385,1,0,True,False,False
EXP-H078,primary,3,101,0.01,0.0001,2,14,1.4282440883772713,0.9343638718128204,0.9500355112552642,0.00999938933078422,0.9500355112552642,2,0,True,False,False
EXP-H078,primary,3,101,0.01,0.0001,3,21,0.7911077014037541,0.6314271986484528,0.6721866106986999,0.009997557473810372,0.6721866106986999,3,0,True,False,False
EXP-H078,primary,3,101,0.01,0.0001,4,28,0.5992709142821175,0.4876983016729355,0.5411897346973419,0.009994504881061753,0.5411897346973419,4,0,True,False,False
EXP-H078,primary,3,101,0.01,0.0001,5,35,0.5879434134278979,0.5198282897472382,0.5995282726287842,0.009990232305719944,0.5411897346973419,4,1,False,False,False
EXP-H078,primary,3,101,0.01,0.0001,6,42,0.44295167922973633,0.48617246747016907,0.5552213306427002,0.009984740801978984,0.5411897346973419,4,2,False,False,False
EXP-H078,primary,3,101,0.01,0.0001,7,49,1.2986511247498649,0.5907825827598572,0.6308515372276305,0.009978031724785246,0.5411897346973419,4,3,False,False,False
EXP-H078,primary,3,101,0.01,0.0001,8,56,0.4639161378145218,0.4945369213819504,0.568967785358429,0.00997010672950314,0.5411897346973419,4,4,False,False,False
EXP-H078,primary,3,101,0.01,0.0001,9,63,0.5965475056852613,0.48446130752563477,0.554368745803833,0.009960967771506667,0.5411897346973419,4,5,False,False,False
EXP-H078,primary,3,101,0.01,0.0001,10,70,0.6555129023534911,0.4810320734977722,0.5498669857978821,0.00995061710569696,0.5411897346973419,4,6,False,False,False
EXP-H078,primary,3,101,0.01,0.0001,11,77,0.41358562239578794,0.47873710095882416,0.5461113567352295,0.009939057285945933,0.5411897346973419,4,7,False,False,False
EXP-H078,primary,3,101,0.01,0.0001,12,84,0.4060005024075508,0.47636470198631287,0.5412003126144409,0.00992629116446613,0.5411897346973419,4,8,False,False,False
EXP-H078,primary,3,101,0.01,0.0001,13,91,0.5173238622290748,0.4758780300617218,0.5381713237762451,0.00991232189110701,0.5381713237762451,13,0,True,False,False
EXP-H078,primary,3,101,0.01,0.0001,14,98,0.5150041239602225,0.4725997596979141,0.5337711267471313,0.00989715291257774,0.5337711267471313,14,0,True,False,False
EXP-H078,primary,3,101,0.01,0.0001,15,105,0.4588629390512194,0.47951947152614594,0.5299842524528503,0.0098807879715968,0.5299842524528503,15,0,True,False,False
EXP-H078,primary,3,101,0.01,0.0001,16,112,0.635326202426638,0.47592370212078094,0.5391044940948486,0.0098632311059685,0.5299842524528503,15,1,False,False,False
EXP-H078,primary,3,101,0.01,0.0001,17,119,0.44391474553516935,0.47591786086559296,0.539044412612915,0.009844486647586723,0.5299842524528503,15,2,False,False,False
EXP-H078,primary,3,101,0.01,0.0001,18,126,0.40473625702517374,0.47594910860061646,0.5393290843963623,0.0098245592213661,0.5299842524528503,15,3,False,False,False
EXP-H078,primary,3,101,0.01,0.0001,19,133,0.4400665121419089,0.4759032726287842,0.5388725128173828,0.009803453744100868,0.5299842524528503,15,4,False,False,False
EXP-H078,primary,3,101,0.01,0.0001,20,140,0.5918957889080048,0.47587981820106506,0.5383889999389648,0.009781175423251734,0.5299842524528503,15,5,False,False,False
EXP-H078,primary,3,101,0.01,0.0001,21,147,0.4353327304124832,0.47590604424476624,0.538908275604248,0.009757729755661011,0.5299842524528503,15,6,False,False,False
EXP-H078,primary,3,101,0.01,0.0001,22,154,0.4047863728233746,0.47588300704956055,0.538503321647644,0.009733122526196349,0.5299842524528503,15,7,False,False,False
EXP-H078,primary,3,101,0.01,0.0001,23,161,0.39821153533245834,0.47588106989860535,0.5379759397506714,0.009707359806323416,0.5299842524528503,15,8,False,False,False
EXP-H078,primary,3,101,0.01,0.0001,24,168,0.6165779786450523,0.47590675950050354,0.5375045862197876,0.009680447952607845,0.5299842524528503,15,9,False,False,False
EXP-H078,primary,3,101,0.01,0.0001,25,175,0.6165433185441154,0.4758850336074829,0.5378586378097534,0.009652393605146845,0.5299842524528503,15,10,False,False,False
EXP-H078,primary,3,101,0.01,0.0001,26,182,0.6564727638448987,0.4759072810411453,0.5389238920211792,0.00962320368593087,0.5299842524528503,15,11,False,False,False
EXP-H078,primary,3,101,0.01,0.0001,27,189,0.5552785439150674,0.47599878907203674,0.5396769371032715,0.009592885397135707,0.5299842524528503,15,12,False,False,False
EXP-H078,primary,3,101,0.01,0.0001,28,196,0.40058314853480886,0.47597427666187286,0.5395161237716675,0.009561446219345454,0.5299842524528503,15,13,False,False,False
EXP-H078,primary,3,101,0.01,0.0001,29,203,0.44685086607933044,0.4758892357349396,0.538650068283081,0.009528893909706798,0.5299842524528503,15,14,False,False,False
EXP-H078,primary,3,101,0.01,0.0001,30,210,0.4185889831611088,0.4758803993463516,0.5384131994247436,0.009495236500015047,0.5299842524528503,15,15,False,False,False
EXP-H078,primary,3,101,0.01,0.0001,31,217,0.40011121332645416,0.4758833646774292,0.538513931274414,0.00946048229473242,0.5299842524528503,15,16,False,False,False
EXP-H078,primary,3,101,0.01,0.0001,32,224,0.4111997847046171,0.4758807420730591,0.5379883375167847,0.009424639868939034,0.5299842524528503,15,17,False,False,False
EXP-H078,primary,3,101,0.01,0.0001,33,231,0.3962744753807783,0.4760114550590515,0.5369244508743286,0.009387718066217124,0.5299842524528503,15,18,False,False,False
EXP-H078,primary,3,101,0.01,0.0001,34,238,0.4333453817026956,0.4760763496160507,0.5367583923339844,0.009349725996469048,0.5299842524528503,15,19,False,False,False
EXP-H078,primary,3,101,0.01,0.0001,35,245,0.4014078272240503,0.47601309418678284,0.5369198017120361,0.00931067303366952,0.5299842524528503,15,20,False,False,False
EXP-H078,primary,3,101,0.01,0.0001,36,252,0.5248008625847953,0.476019024848938,0.5369031720161438,0.009270568813552756,0.5299842524528503,15,21,False,False,False
EXP-H078,primary,3,101,0.01,0.0001,37,259,0.40339576985154835,0.47597749531269073,0.5370278649330139,0.009229423231234974,0.5299842524528503,15,22,False,False,False
EXP-H078,primary,3,101,0.01,0.0001,38,266,0.4260780023677008,0.47587792575359344,0.5382052984237671,0.009187246438772938,0.5299842524528503,15,23,False,False,False
EXP-H078,primary,3,101,0.01,0.0001,39,273,0.40888607821294237,0.4761563092470169,0.5404581155776977,0.009144048842659082,0.5299842524528503,15,24,False,False,False
EXP-H078,primary,3,101,0.01,0.0001,40,280,0.4047017533864294,0.47604870796203613,0.5399606552124023,0.009099841101253866,0.5299842524528503,15,25,False,False,False
EXP-H078,primary,3,101,0.01,0.0001,41,287,0.529897506747927,0.4761764407157898,0.5405398931503296,0.00905463412215599,0.5299842524528503,15,26,False,False,False
EXP-H078,primary,3,101,0.01,0.0001,42,294,0.6096881287438529,0.47617098689079285,0.5405179586410522,0.0090084390595111,0.5299842524528503,15,27,False,False,False
EXP-H078,primary,3,101,0.01,0.0001,43,301,0.42737352528742384,0.4761868566274643,0.5405810203552246,0.008961267311259666,0.5299842524528503,15,28,False,False,False
EXP-H078,primary,3,101,0.01,0.0001,44,308,0.5521644630602428,0.47590675950050354,0.5389176931381225,0.008913130516324731,0.5299842524528503,15,29,False,False,False
EXP-H078,primary,3,101,0.01,0.0001,45,315,0.4085524784667151,0.4758915454149246,0.5386932220458984,0.008864040551740157,0.5299842524528503,15,30,False,True,False
EXP-H078,primary,4,101,1e-05,1.0000000000000001e-07,1,7,0.4693593978881836,0.39286969602108,0.4834422702789307,1e-05,0.4834422702789307,1,0,True,False,False
EXP-H078,primary,4,101,1e-05,1.0000000000000001e-07,2,14,0.577748030424118,0.39222803711891174,0.4834325845241547,9.99938933078422e-06,0.4834325845241547,2,0,True,False,False
EXP-H078,primary,4,101,1e-05,1.0000000000000001e-07,3,21,0.5065712928771973,0.3949179947376251,0.4860257413387299,9.997557473810373e-06,0.4834325845241547,2,1,False,False,False
EXP-H078,primary,4,101,1e-05,1.0000000000000001e-07,4,28,0.4798511564731598,0.3985167592763901,0.4909543268680573,9.994504881061752e-06,0.4834325845241547,2,2,False,False,False
EXP-H078,primary,4,101,1e-05,1.0000000000000001e-07,5,35,0.3887310807726213,0.40177635848522186,0.4943405561447144,9.990232305719944e-06,0.4834325845241547,2,3,False,False,False
EXP-H078,primary,4,101,1e-05,1.0000000000000001e-07,6,42,0.3949133780385767,0.40353764593601227,0.49594362521171576,9.984740801978984e-06,0.4834325845241547,2,4,False,False,False
EXP-H078,primary,4,101,1e-05,1.0000000000000001e-07,7,49,0.5278807921069009,0.4032108783721924,0.49564172554016117,9.978031724785247e-06,0.4834325845241547,2,5,False,False,False
EXP-H078,primary,4,101,1e-05,1.0000000000000001e-07,8,56,0.41829826150621685,0.4017151743173599,0.4942687921524048,9.97010672950314e-06,0.4834325845241547,2,6,False,False,False
EXP-H078,primary,4,101,1e-05,1.0000000000000001e-07,9,63,0.5419350841215679,0.400762215256691,0.4933375589847565,9.960967771506666e-06,0.4834325845241547,2,7,False,False,False
EXP-H078,primary,4,101,1e-05,1.0000000000000001e-07,10,70,0.5176885064159121,0.40020909905433655,0.4927757256031037,9.950617105696961e-06,0.4834325845241547,2,8,False,False,False
EXP-H078,primary,4,101,1e-05,1.0000000000000001e-07,11,77,0.42201022271599087,0.4004499018192291,0.4930180780887604,9.939057285945933e-06,0.4834325845241547,2,9,False,False,False
EXP-H078,primary,4,101,1e-05,1.0000000000000001e-07,12,84,0.40982947445341517,0.40115368366241455,0.4937125318050385,9.926291164466131e-06,0.4834325845241547,2,10,False,False,False
EXP-H078,primary,4,101,1e-05,1.0000000000000001e-07,13,91,0.3899608065507242,0.40136493742465973,0.49390931653976444,9.91232189110701e-06,0.4834325845241547,2,11,False,False,False
EXP-H078,primary,4,101,1e-05,1.0000000000000001e-07,14,98,0.5086530702454704,0.40270034968852997,0.49514039087295536,9.897152912577742e-06,0.4834325845241547,2,12,False,False,False
EXP-H078,primary,4,101,1e-05,1.0000000000000001e-07,15,105,0.3857500025603388,0.40341849625110626,0.49581577324867254,9.8807879715968e-06,0.4834325845241547,2,13,False,False,False
EXP-H078,primary,4,101,1e-05,1.0000000000000001e-07,16,112,0.42005603866917746,0.40439122915267944,0.49692698264122015,9.8632311059685e-06,0.4834325845241547,2,14,False,False,False
EXP-H078,primary,4,101,1e-05,1.0000000000000001e-07,17,119,0.40691291221550535,0.40274226665496826,0.49515377211570744,9.844486647586724e-06,0.4834325845241547,2,15,False,False,False
EXP-H078,primary,4,101,1e-05,1.0000000000000001e-07,18,126,0.37420546476330074,0.40155138075351715,0.4940515630245209,9.824559221366101e-06,0.4834325845241547,2,16,False,False,False
EXP-H078,primary,4,101,1e-05,1.0000000000000001e-07,19,133,0.45461234876087736,0.40041352808475494,0.4929362707138062,9.803453744100868e-06,0.4834325845241547,2,17,False,False,False
EXP-H078,primary,4,101,1e-05,1.0000000000000001e-07,20,140,0.5595014159168515,0.40087758004665375,0.4933889679908753,9.781175423251734e-06,0.4834325845241547,2,18,False,False,False
EXP-H078,primary,4,101,1e-05,1.0000000000000001e-07,21,147,0.6048190636294228,0.4007836580276489,0.49329261708259586,9.757729755661012e-06,0.4834325845241547,2,19,False,False,False
EXP-H078,primary,4,101,1e-05,1.0000000000000001e-07,22,154,0.37740592730032013,0.3993687778711319,0.49184067773818974,9.73312252619635e-06,0.4834325845241547,2,20,False,False,False
EXP-H078,primary,4,101,1e-05,1.0000000000000001e-07,23,161,0.37858304594244274,0.3984033912420273,0.4907707147598267,9.707359806323418e-06,0.4834325845241547,2,21,False,False,False
EXP-H078,primary,4,101,1e-05,1.0000000000000001e-07,24,168,0.4416117625577109,0.398871511220932,0.49129207658767704,9.680447952607845e-06,0.4834325845241547,2,22,False,False,False
EXP-H078,primary,4,101,1e-05,1.0000000000000001e-07,25,175,0.4769840942961829,0.3991912305355072,0.49163501191139225,9.652393605146845e-06,0.4834325845241547,2,23,False,False,False
EXP-H078,primary,4,101,1e-05,1.0000000000000001e-07,26,182,0.3931670393794775,0.39899732172489166,0.49142070341110233,9.62320368593087e-06,0.4834325845241547,2,24,False,False,False
EXP-H078,primary,4,101,1e-05,1.0000000000000001e-07,27,189,0.5395353436470032,0.3993709534406662,0.4918219022750855,9.592885397135707e-06,0.4834325845241547,2,25,False,False,False
EXP-H078,primary,4,101,1e-05,1.0000000000000001e-07,28,196,0.4066386967897415,0.40095122158527374,0.49341352510452274,9.561446219345455e-06,0.4834325845241547,2,26,False,False,False
EXP-H078,primary,4,101,1e-05,1.0000000000000001e-07,29,203,0.4583209476300648,0.40347176790237427,0.49589713358879095,9.528893909706798e-06,0.4834325845241547,2,27,False,False,False
EXP-H078,primary,4,101,1e-05,1.0000000000000001e-07,30,210,0.4143772465842111,0.4043702930212021,0.4969118430614472,9.495236500015048e-06,0.4834325845241547,2,28,False,False,False
EXP-H078,primary,4,101,1e-05,1.0000000000000001e-07,31,217,0.39982875542981283,0.4049603343009949,0.49755956673622137,9.460482294732422e-06,0.4834325845241547,2,29,False,False,False
EXP-H078,primary,4,101,1e-05,1.0000000000000001e-07,32,224,0.39465892993445906,0.404042586684227,0.4965546026229859,9.424639868939035e-06,0.4834325845241547,2,30,False,True,False
EXP-H078,primary,4,101,0.0001,1.0000000000000002e-06,1,7,0.42792909485953196,0.42356614768505096,0.5135291709899903,0.0001,0.5135291709899903,1,0,True,False,False
EXP-H078,primary,4,101,0.0001,1.0000000000000002e-06,2,14,0.5474940623555865,0.39570118486881256,0.48732163238525394,9.99938933078422e-05,0.48732163238525394,2,0,True,False,False
EXP-H078,primary,4,101,0.0001,1.0000000000000002e-06,3,21,0.5025997417313712,0.392254039645195,0.4830598766803742,9.997557473810373e-05,0.4830598766803742,3,0,True,False,False
EXP-H078,primary,4,101,0.0001,1.0000000000000002e-06,4,28,0.5139369687863758,0.40392330288887024,0.4964122369289399,9.994504881061753e-05,0.4830598766803742,3,1,False,False,False
EXP-H078,primary,4,101,0.0001,1.0000000000000002e-06,5,35,0.40275960049725007,0.41056472063064575,0.503007580280304,9.990232305719945e-05,0.4830598766803742,3,2,False,False,False
EXP-H078,primary,4,101,0.0001,1.0000000000000002e-06,6,42,0.41216788973127094,0.39593231678009033,0.48760642337799076,9.984740801978984e-05,0.4830598766803742,3,3,False,False,False
EXP-H078,primary,4,101,0.0001,1.0000000000000002e-06,7,49,0.5152857261044639,0.39304952323436737,0.4836871829032898,9.978031724785247e-05,0.4830598766803742,3,4,False,False,False
EXP-H078,primary,4,101,0.0001,1.0000000000000002e-06,8,56,0.39804860204458237,0.3991853892803192,0.4912652544975281,9.97010672950314e-05,0.4830598766803742,3,5,False,False,False
EXP-H078,primary,4,101,0.0001,1.0000000000000002e-06,9,63,0.5202529515538897,0.4036601334810257,0.49605505609512335,9.960967771506667e-05,0.4830598766803742,3,6,False,False,False
EXP-H078,primary,4,101,0.0001,1.0000000000000002e-06,10,70,0.47548351756164003,0.39825578033924103,0.4901782743930817,9.95061710569696e-05,0.4830598766803742,3,7,False,False,False
EXP-H078,primary,4,101,0.0001,1.0000000000000002e-06,11,77,0.40510955240045277,0.3915981650352478,0.4823472511768342,9.939057285945933e-05,0.4823472511768342,11,0,True,False,False
EXP-H078,primary,4,101,0.0001,1.0000000000000002e-06,12,84,0.4105592114584787,0.39605991542339325,0.4876777701377869,9.926291164466132e-05,0.4823472511768342,11,1,False,False,False
EXP-H078,primary,4,101,0.0001,1.0000000000000002e-06,13,91,0.40605071825640543,0.4020232558250427,0.494290699005127,9.91232189110701e-05,0.4823472511768342,11,2,False,False,False
EXP-H078,primary,4,101,0.0001,1.0000000000000002e-06,14,98,0.5030737093516758,0.4055526405572891,0.49806775593757635,9.897152912577741e-05,0.4823472511768342,11,3,False,False,False
EXP-H078,primary,4,101,0.0001,1.0000000000000002e-06,15,105,0.4024189678686006,0.3917357474565506,0.48235771179199227,9.8807879715968e-05,0.4823472511768342,11,4,False,False,False
EXP-H078,primary,4,101,0.0001,1.0000000000000002e-06,16,112,0.40567985815661295,0.39169298112392426,0.4823285353183747,9.8632311059685e-05,0.4823285353183747,16,0,True,False,False
EXP-H078,primary,4,101,0.0001,1.0000000000000002e-06,17,119,0.41754719614982605,0.3953391760587692,0.48654850053787235,9.844486647586725e-05,0.4823285353183747,16,1,False,False,False
EXP-H078,primary,4,101,0.0001,1.0000000000000002e-06,18,126,0.38802783843129873,0.3916291743516922,0.4821578872203828,9.824559221366101e-05,0.4821578872203828,18,0,True,False,False
EXP-H078,primary,4,101,0.0001,1.0000000000000002e-06,19,133,0.4536578527518681,0.3920416980981827,0.48247348332405093,9.803453744100869e-05,0.4821578872203828,18,1,False,False,False
EXP-H078,primary,4,101,0.0001,1.0000000000000002e-06,20,140,0.5020266324281693,0.39679016172885895,0.4881850056648255,9.781175423251735e-05,0.4821578872203828,18,2,False,False,False
EXP-H078,primary,4,101,0.0001,1.0000000000000002e-06,21,147,0.6101818638188499,0.3956875205039978,0.48693092393875126,9.757729755661011e-05,0.4821578872203828,18,3,False,False,False
EXP-H078,primary,4,101,0.0001,1.0000000000000002e-06,22,154,0.39911857566663195,0.390364333987236,0.4812449228763581,9.73312252619635e-05,0.4812449228763581,22,0,True,False,False
EXP-H078,primary,4,101,0.0001,1.0000000000000002e-06,23,161,0.38048922430191723,0.3901735544204712,0.48109081506729134,9.707359806323417e-05,0.48109081506729134,23,0,True,False,False
EXP-H078,primary,4,101,0.0001,1.0000000000000002e-06,24,168,0.48401555844715666,0.39728979766368866,0.48891027712821966,9.680447952607845e-05,0.48109081506729134,23,1,False,False,False
EXP-H078,primary,4,101,0.0001,1.0000000000000002e-06,25,175,0.45453386647360666,0.3977850526571274,0.4895878627300263,9.652393605146844e-05,0.48109081506729134,23,2,False,False,False
EXP-H078,primary,4,101,0.0001,1.0000000000000002e-06,26,182,0.4186276261295591,0.3886086046695709,0.4803968007564545,9.623203685930869e-05,0.4803968007564545,26,0,True,False,False
EXP-H078,primary,4,101,0.0001,1.0000000000000002e-06,27,189,0.513367772102356,0.3931589722633362,0.48355387711524966,9.592885397135707e-05,0.4803968007564545,26,1,False,False,False
EXP-H078,primary,4,101,0.0001,1.0000000000000002e-06,28,196,0.38533512050552027,0.39411047101020813,0.484800268650055,9.561446219345454e-05,0.4803968007564545,26,2,False,False,False
EXP-H078,primary,4,101,0.0001,1.0000000000000002e-06,29,203,0.42106769340378897,0.39217036962509155,0.48253547215461734,9.528893909706797e-05,0.4803968007564545,26,3,False,False,False
EXP-H078,primary,4,101,0.0001,1.0000000000000002e-06,30,210,0.4011197175298418,0.38839809596538544,0.47959210824966436,9.495236500015047e-05,0.47959210824966436,30,0,True,False,False
EXP-H078,primary,4,101,0.0001,1.0000000000000002e-06,31,217,0.39708346128463745,0.39101001620292664,0.48153089761734014,9.460482294732421e-05,0.47959210824966436,30,1,False,False,False
EXP-H078,primary,4,101,0.0001,1.0000000000000002e-06,32,224,0.39178784617355894,0.3922666013240814,0.48322024226188665,9.424639868939033e-05,0.47959210824966436,30,2,False,False,False
EXP-H078,primary,4,101,0.0001,1.0000000000000002e-06,33,231,0.3897346585456814,0.39318758249282837,0.4843372035026551,9.387718066217124e-05,0.47959210824966436,30,3,False,False,False
EXP-H078,primary,4,101,0.0001,1.0000000000000002e-06,34,238,0.43253018600600107,0.3901180177927017,0.48097264051437383,9.349725996469047e-05,0.47959210824966436,30,4,False,False,False
EXP-H078,primary,4,101,0.0001,1.0000000000000002e-06,35,245,0.3777587999190603,0.39074206352233887,0.4818376231193543,9.310673033669521e-05,0.47959210824966436,30,5,False,False,False
EXP-H078,primary,4,101,0.0001,1.0000000000000002e-06,36,252,0.491061806678772,0.38365063071250916,0.4776996905803681,9.270568813552756e-05,0.4776996905803681,36,0,True,False,False
EXP-H078,primary,4,101,0.0001,1.0000000000000002e-06,37,259,0.3868124485015869,0.3835907578468323,0.4775855476856232,9.229423231234974e-05,0.4775855476856232,37,0,True,False,False
EXP-H078,primary,4,101,0.0001,1.0000000000000002e-06,38,266,0.38377375474997927,0.3840864896774292,0.47772859883308416,9.187246438772939e-05,0.4775855476856232,37,1,False,False,False
EXP-H078,primary,4,101,0.0001,1.0000000000000002e-06,39,273,0.40384955278464724,0.3831297904253006,0.4776221151351929,9.14404884265908e-05,0.4775855476856232,37,2,False,False,False
EXP-H078,primary,4,101,0.0001,1.0000000000000002e-06,40,280,0.38947809487581253,0.3865461200475693,0.47985767889022835,9.099841101253866e-05,0.4775855476856232,37,3,False,False,False
EXP-H078,primary,4,101,0.0001,1.0000000000000002e-06,41,287,0.49975416490009855,0.3854133188724518,0.47957893776893623,9.05463412215599e-05,0.4775855476856232,37,4,False,False,False
EXP-H078,primary,4,101,0.0001,1.0000000000000002e-06,42,294,0.4513748288154602,0.3851578086614609,0.47993224430084236,9.0084390595111e-05,0.4775855476856232,37,5,False,False,False
EXP-H078,primary,4,101,0.0001,1.0000000000000002e-06,43,301,0.36254349457366125,0.38489896059036255,0.4801106410026551,8.961267311259666e-05,0.4775855476856232,37,6,False,False,False
EXP-H078,primary,4,101,0.0001,1.0000000000000002e-06,44,308,0.5132076186793191,0.3881509304046631,0.48269411492347725,8.913130516324733e-05,0.4775855476856232,37,7,False,False,False
EXP-H078,primary,4,101,0.0001,1.0000000000000002e-06,45,315,0.379350591983114,0.38363052904605865,0.47938460326194765,8.864040551740158e-05,0.4775855476856232,37,8,False,False,False
EXP-H078,primary,4,101,0.0001,1.0000000000000002e-06,46,322,0.3624496242430593,0.38450151681900024,0.4804756364822388,8.814009529720155e-05,0.4775855476856232,37,9,False,False,False
EXP-H078,primary,4,101,0.0001,1.0000000000000002e-06,47,329,0.3689916431903839,0.3867959678173065,0.48172572469711306,8.763049794670775e-05,0.4775855476856232,37,10,False,False,False
EXP-H078,primary,4,101,0.0001,1.0000000000000002e-06,48,336,0.3520329783537558,0.3894750773906708,0.4905470209121704,8.711173920144117e-05,0.4775855476856232,37,11,False,False,False
EXP-H078,primary,4,101,0.0001,1.0000000000000002e-06,49,343,0.380055838397571,0.3941325545310974,0.4990373210906982,8.658394705735987e-05,0.4775855476856232,37,12,False,False,False
EXP-H078,primary,4,101,0.0001,1.0000000000000002e-06,50,350,0.3453398775309324,0.3922213017940521,0.488393336057663,8.604725173927785e-05,0.4775855476856232,37,13,False,False,False
EXP-H078,primary,4,101,0.0001,1.0000000000000002e-06,51,357,0.6020298259598869,0.3907080292701721,0.4922985591888428,8.55017856687341e-05,0.4775855476856232,37,14,False,False,False
EXP-H078,primary,4,101,0.0001,1.0000000000000002e-06,52,364,0.3634407605443682,0.3910919725894928,0.4964710371494293,8.494768343131955e-05,0.4775855476856232,37,15,False,False,False
EXP-H078,primary,4,101,0.0001,1.0000000000000002e-06,53,371,0.34760154145104544,0.3910295069217682,0.4951109745502472,8.438508174347009e-05,0.4775855476856232,37,16,False,False,False
EXP-H078,primary,4,101,0.0001,1.0000000000000002e-06,54,378,0.3524409740098885,0.3910481184720993,0.49111214232444766,8.381411941873378e-05,0.4775855476856232,37,17,False,False,False
EXP-H078,primary,4,101,0.0001,1.0000000000000002e-06,55,385,0.35648914107254576,0.39427450299263,0.5034933643341064,8.323493733352077e-05,0.4775855476856232,37,18,False,False,False
EXP-H078,primary,4,101,0.0001,1.0000000000000002e-06,56,392,0.3600087910890579,0.40897759795188904,0.5209901587963104,8.26476783923441e-05,0.4775855476856232,37,19,False,False,False
EXP-H078,primary,4,101,0.0001,1.0000000000000002e-06,57,399,0.3700124131781714,0.4025065004825592,0.5068087275028229,8.205248749256015e-05,0.4775855476856232,37,20,False,False,False
EXP-H078,primary,4,101,0.0001,1.0000000000000002e-06,58,406,0.3743620216846466,0.40629005432128906,0.5128849008083344,8.144951148861742e-05,0.4775855476856232,37,21,False,False,False
EXP-H078,primary,4,101,0.0001,1.0000000000000002e-06,59,413,0.35285125034196035,0.4035915732383728,0.5109773733615876,8.083889915582235e-05,0.4775855476856232,37,22,False,False,False
EXP-H078,primary,4,101,0.0001,1.0000000000000002e-06,60,420,0.32649802416563034,0.40522870421409607,0.5135986962318421,8.022080115363127e-05,0.4775855476856232,37,23,False,False,False
EXP-H078,primary,4,101,0.0001,1.0000000000000002e-06,61,427,0.41635570994445253,0.4046966880559921,0.5120219447612763,7.959536998847744e-05,0.4775855476856232,37,24,False,False,False
EXP-H078,primary,4,101,0.0001,1.0000000000000002e-06,62,434,0.41049942799976896,0.40309713780879974,0.5134331839084625,7.89627599761423e-05,0.4775855476856232,37,25,False,False,False
EXP-H078,primary,4,101,0.0001,1.0000000000000002e-06,63,441,0.32920898869633675,0.4009721577167511,0.5117424645423889,7.832312720368048e-05,0.4775855476856232,37,26,False,False,False
EXP-H078,primary,4,101,0.0001,1.0000000000000002e-06,64,448,0.34105400315352846,0.4036211222410202,0.5144054250717163,7.767662949090753e-05,0.4775855476856232,37,27,False,False,False
EXP-H078,primary,4,101,0.0001,1.0000000000000002e-06,65,455,0.31733378022909164,0.39760954678058624,0.5053975746631623,7.702342635146033e-05,0.4775855476856232,37,28,False,False,False
EXP-H078,primary,4,101,0.0001,1.0000000000000002e-06,66,462,0.3075147436133453,0.4046778678894043,0.5155322806835174,7.636367895343946e-05,0.4775855476856232,37,29,False,False,False
EXP-H078,primary,4,101,0.0001,1.0000000000000002e-06,67,469,0.311814441212586,0.41326676309108734,0.5187961914539337,7.569755007964338e-05,0.4775855476856232,37,30,False,True,False
EXP-H078,primary,4,101,0.001,1e-05,1,7,0.5208962197814669,0.9324116110801697,0.9833739647865296,0.001,0.9833739647865296,1,0,True,False,False
EXP-H078,primary,4,101,0.001,1e-05,2,14,0.7592942459242684,0.4524775445461273,0.5697554476261137,0.000999938933078422,0.5697554476261137,2,0,True,False,False
EXP-H078,primary,4,101,0.001,1e-05,3,21,0.5323150370802198,0.41682231426239014,0.5083781673908234,0.0009997557473810372,0.5083781673908234,3,0,True,False,False
EXP-H078,primary,4,101,0.001,1e-05,4,28,0.4649722895451954,0.39882639050483704,0.49121742177009586,0.0009994504881061753,0.49121742177009586,4,0,True,False,False
EXP-H078,primary,4,101,0.001,1e-05,5,35,0.46806309478623526,0.41305845975875854,0.5176272382736204,0.0009990232305719944,0.49121742177009586,4,1,False,False,False
EXP-H078,primary,4,101,0.001,1e-05,6,42,0.40239145127790316,0.4255189746618271,0.5133218200206757,0.0009984740801978985,0.49121742177009586,4,2,False,False,False
EXP-H078,primary,4,101,0.001,1e-05,7,49,0.5513530032975333,0.3871152997016907,0.47835468602180486,0.0009978031724785245,0.47835468602180486,7,0,True,False,False
EXP-H078,primary,4,101,0.001,1e-05,8,56,0.4335020035505295,0.3874427229166031,0.478682779788971,0.000997010672950314,0.47835468602180486,7,1,False,False,False
EXP-H078,primary,4,101,0.001,1e-05,9,63,0.5165522247552872,0.3869197517633438,0.4783774588108063,0.0009960967771506667,0.47835468602180486,7,2,False,False,False
EXP-H078,primary,4,101,0.001,1e-05,10,70,0.471359521150589,0.3853721618652344,0.4776893827915192,0.000995061710569696,0.4776893827915192,10,0,True,False,False
EXP-H078,primary,4,101,0.001,1e-05,11,77,0.3821430951356888,0.37871477007865906,0.4768947162628173,0.0009939057285945933,0.4768947162628173,11,0,True,False,False
EXP-H078,primary,4,101,0.001,1e-05,12,84,0.3742107136973313,0.3717912435531616,0.47616347026824946,0.000992629116446613,0.47616347026824946,12,0,True,False,False
EXP-H078,primary,4,101,0.001,1e-05,13,91,0.36360722354480196,0.3830211013555527,0.48347340679168704,0.000991232189110701,0.47616347026824946,12,1,False,False,False
EXP-H078,primary,4,101,0.001,1e-05,14,98,0.417346111365727,0.40198975801467896,0.5132030982971191,0.0009897152912577741,0.47616347026824946,12,2,False,False,False
EXP-H078,primary,4,101,0.001,1e-05,15,105,0.30438816973141264,0.4041155278682709,0.5096188349723816,0.00098807879715968,0.47616347026824946,12,3,False,False,False
EXP-H078,primary,4,101,0.001,1e-05,16,112,0.3173141841377531,0.46959275007247925,0.5451123771667481,0.00098632311059685,0.47616347026824946,12,4,False,False,False
EXP-H078,primary,4,101,0.001,1e-05,17,119,0.4667811223438808,0.5783600956201553,0.6644729323387145,0.0009844486647586723,0.47616347026824946,12,5,False,False,False
EXP-H078,primary,4,101,0.001,1e-05,18,126,0.3573479088289397,0.39236563444137573,0.48324908757209784,0.00098245592213661,0.47616347026824946,12,6,False,False,False
EXP-H078,primary,4,101,0.001,1e-05,19,133,0.35584879985877443,0.37280917167663574,0.4755139195919037,0.0009803453744100868,0.4755139195919037,19,0,True,False,False
EXP-H078,primary,4,101,0.001,1e-05,20,140,0.2979051832641874,0.4683523029088974,0.5622466673851013,0.0009781175423251734,0.4755139195919037,19,1,False,False,False
EXP-H078,primary,4,101,0.001,1e-05,21,147,0.4097928873130253,0.44357380270957947,0.551805668592453,0.0009757729755661011,0.4755139195919037,19,2,False,False,False
EXP-H078,primary,4,101,0.001,1e-05,22,154,0.26086991785892416,0.3311655670404434,0.4348088502883911,0.0009733122526196349,0.4348088502883911,22,0,True,False,False
EXP-H078,primary,4,101,0.001,1e-05,23,161,0.22620669645922525,0.35985833406448364,0.4601208140850067,0.0009707359806323416,0.4348088502883911,22,1,False,False,False
EXP-H078,primary,4,101,0.001,1e-05,24,168,0.19069170645837272,0.3748897314071655,0.48581944751739503,0.0009680447952607845,0.4348088502883911,22,2,False,False,False
EXP-H078,primary,4,101,0.001,1e-05,25,175,0.34123507142066956,0.309096559882164,0.41207620787620547,0.0009652393605146844,0.41207620787620547,25,0,True,False,False
EXP-H078,primary,4,101,0.001,1e-05,26,182,0.2620209604501724,0.3970722109079361,0.49522838068008423,0.000962320368593087,0.41207620787620547,25,1,False,False,False
EXP-H078,primary,4,101,0.001,1e-05,27,189,0.31640001067093443,0.435088574886322,0.5366099953651428,0.0009592885397135706,0.41207620787620547,25,2,False,False,False
EXP-H078,primary,4,101,0.001,1e-05,28,196,0.312269783445767,1.0172593295574188,1.0369341864585875,0.0009561446219345453,0.41207620787620547,25,3,False,False,False
EXP-H078,primary,4,101,0.001,1e-05,29,203,0.33208865991660524,0.5026721954345703,0.5830984330177307,0.0009528893909706797,0.41207620787620547,25,4,False,False,False
EXP-H078,primary,4,101,0.001,1e-05,30,210,0.2265697494149208,0.5136097818613052,0.6014019811153412,0.0009495236500015047,0.41207620787620547,25,5,False,False,False
EXP-H078,primary,4,101,0.001,1e-05,31,217,0.2538231693740402,0.38629376888275146,0.47095877242088324,0.0009460482294732421,0.41207620787620547,25,6,False,False,False
EXP-H078,primary,4,101,0.001,1e-05,32,224,0.22089047942842757,0.559636801481247,0.6547496199607848,0.0009424639868939033,0.41207620787620547,25,7,False,False,False
EXP-H078,primary,4,101,0.001,1e-05,33,231,0.15911059587129525,0.4697141647338867,0.5692756962776183,0.0009387718066217125,0.41207620787620547,25,8,False,False,False
EXP-H078,primary,4,101,0.001,1e-05,34,238,0.20653316165719712,0.3607935458421707,0.46964592647552483,0.0009349725996469047,0.41207620787620547,25,9,False,False,False
EXP-H078,primary,4,101,0.001,1e-05,35,245,0.22007528905357635,0.350723996758461,0.46477389025688165,0.0009310673033669522,0.41207620787620547,25,10,False,False,False
EXP-H078,primary,4,101,0.001,1e-05,36,252,0.23131711248840606,0.3716004639863968,0.4734173138141632,0.0009270568813552756,0.41207620787620547,25,11,False,False,False
EXP-H078,primary,4,101,0.001,1e-05,37,259,0.19345078298023768,0.3856961131095886,0.5032859122753143,0.0009229423231234975,0.41207620787620547,25,12,False,False,False
EXP-H078,primary,4,101,0.001,1e-05,38,266,0.21393438960824693,0.32823921740055084,0.4453473901748657,0.0009187246438772938,0.41207620787620547,25,13,False,False,False
EXP-H078,primary,4,101,0.001,1e-05,39,273,0.1936470525605338,0.3663528710603714,0.4798711133003234,0.0009144048842659081,0.41207620787620547,25,14,False,False,False
EXP-H078,primary,4,101,0.001,1e-05,40,280,0.14744179828890733,0.34876084327697754,0.43054125261306764,0.0009099841101253866,0.41207620787620547,25,15,False,False,False
EXP-H078,primary,4,101,0.001,1e-05,41,287,0.21537926101258822,0.33008845150470734,0.42856751108169555,0.000905463412215599,0.41207620787620547,25,16,False,False,False
EXP-H078,primary,4,101,0.001,1e-05,42,294,0.17228364092963083,0.43880200386047363,0.5450446906089782,0.0009008439059511099,0.41207620787620547,25,17,False,False,False
EXP-H078,primary,4,101,0.001,1e-05,43,301,0.2127246760896274,0.33523912727832794,0.42092343807220456,0.0008961267311259666,0.41207620787620547,25,18,False,False,False
EXP-H078,primary,4,101,0.001,1e-05,44,308,0.18368583066122873,0.4020819813013077,0.5247941019535064,0.0008913130516324732,0.41207620787620547,25,19,False,False,False
EXP-H078,primary,4,101,0.001,1e-05,45,315,0.19970191695860454,0.2901194095611572,0.3959289569854736,0.0008864040551740157,0.3959289569854736,45,0,True,False,False
EXP-H078,primary,4,101,0.001,1e-05,46,322,0.15998093145234243,0.2978886738419533,0.4025202620029449,0.0008814009529720154,0.3959289569854736,45,1,False,False,False
EXP-H078,primary,4,101,0.001,1e-05,47,329,0.15866702156407492,0.3734193444252014,0.4799714946746826,0.0008763049794670775,0.3959289569854736,45,2,False,False,False
EXP-H078,primary,4,101,0.001,1e-05,48,336,0.16412554308772087,0.34272538125514984,0.44544561052322396,0.0008711173920144117,0.3959289569854736,45,3,False,False,False
EXP-H078,primary,4,101,0.001,1e-05,49,343,0.1854535202894892,0.34507954120635986,0.42890980124473577,0.0008658394705735987,0.3959289569854736,45,4,False,False,False
EXP-H078,primary,4,101,0.001,1e-05,50,350,0.25394415642533985,0.35822755098342896,0.44705280470848086,0.0008604725173927785,0.3959289569854736,45,5,False,False,False
EXP-H078,primary,4,101,0.001,1e-05,51,357,0.28875753709248136,0.7084754705429077,0.7796600639820098,0.000855017856687341,0.3959289569854736,45,6,False,False,False
EXP-H078,primary,4,101,0.001,1e-05,52,364,0.1726235779268401,0.3972941190004349,0.48715960907936096,0.0008494768343131955,0.3959289569854736,45,7,False,False,False
EXP-H078,primary,4,101,0.001,1e-05,53,371,0.18048936341490066,0.3994445651769638,0.5154413876533508,0.0008438508174347009,0.3959289569854736,45,8,False,False,False
EXP-H078,primary,4,101,0.001,1e-05,54,378,0.15029705315828323,0.3847825527191162,0.4890847179889679,0.0008381411941873378,0.3959289569854736,45,9,False,False,False
EXP-H078,primary,4,101,0.001,1e-05,55,385,0.12964613416365214,0.39904874563217163,0.5143916473388671,0.0008323493733352077,0.3959289569854736,45,10,False,False,False
EXP-H078,primary,4,101,0.001,1e-05,56,392,0.14344075907553946,0.43577440083026886,0.5426538453102111,0.000826476783923441,0.3959289569854736,45,11,False,False,False
EXP-H078,primary,4,101,0.001,1e-05,57,399,0.12402942776679993,0.3793971911072731,0.48225263881683345,0.0008205248749256015,0.3959289569854736,45,12,False,False,False
EXP-H078,primary,4,101,0.001,1e-05,58,406,0.14194719546607562,0.42801564931869507,0.5425125331878662,0.0008144951148861742,0.3959289569854736,45,13,False,False,False
EXP-H078,primary,4,101,0.001,1e-05,59,413,0.13752270809241704,0.37506766617298126,0.48640122437477107,0.0008083889915582234,0.3959289569854736,45,14,False,False,False
EXP-H078,primary,4,101,0.001,1e-05,60,420,0.12536883034876414,0.45421257615089417,0.566745221376419,0.0008022080115363127,0.3959289569854736,45,15,False,False,False
EXP-H078,primary,4,101,0.001,1e-05,61,427,0.15771672236067907,0.33326447010040283,0.44632524228096004,0.0007959536998847743,0.3959289569854736,45,16,False,False,False
EXP-H078,primary,4,101,0.001,1e-05,62,434,0.14939543498413904,0.3023264706134796,0.43090873932838436,0.0007896275997614229,0.3959289569854736,45,17,False,False,False
EXP-H078,primary,4,101,0.001,1e-05,63,441,0.12923044578305312,0.36621126532554626,0.47851189303398134,0.0007832312720368048,0.3959289569854736,45,18,False,False,False
EXP-H078,primary,4,101,0.001,1e-05,64,448,0.09096523294491428,0.4403833746910095,0.5433780224323272,0.0007767662949090753,0.3959289569854736,45,19,False,False,False
EXP-H078,primary,4,101,0.001,1e-05,65,455,0.1092706248164177,0.4222606122493744,0.5217643313407898,0.0007702342635146033,0.3959289569854736,45,20,False,False,False
EXP-H078,primary,4,101,0.001,1e-05,66,462,0.1257606585110937,0.3694563955068588,0.4762432806491852,0.0007636367895343947,0.3959289569854736,45,21,False,False,False
EXP-H078,primary,4,101,0.001,1e-05,67,469,0.14576194382139615,0.34296733140945435,0.4453668766021729,0.0007569755007964338,0.3959289569854736,45,22,False,False,False
EXP-H078,primary,4,101,0.001,1e-05,68,476,0.0874654920771718,0.4079333692789078,0.5133296647071838,0.0007502520408740418,0.3959289569854736,45,23,False,False,False
EXP-H078,primary,4,101,0.001,1e-05,69,483,0.126382180123723,0.39571262896060944,0.5022887096405029,0.000743468068680349,0.3959289569854736,45,24,False,False,False
EXP-H078,primary,4,101,0.001,1e-05,70,490,0.1421396221433367,0.3789599686861038,0.48433275079727167,0.0007366252580589839,0.3959289569854736,45,25,False,False,False
EXP-H078,primary,4,101,0.001,1e-05,71,497,0.12469126816306796,0.4110501855611801,0.5246076533794403,0.0007297252973710757,0.3959289569854736,45,26,False,False,False
EXP-H078,primary,4,101,0.001,1e-05,72,504,0.11691848028983388,0.4019591808319092,0.5001123142242432,0.0007227698890786779,0.3959289569854736,45,27,False,False,False
EXP-H078,primary,4,101,0.001,1e-05,73,511,0.09038500274930682,0.4905529171228409,0.5958939645290374,0.000715760749324711,0.3959289569854736,45,28,False,False,False
EXP-H078,primary,4,101,0.001,1e-05,74,518,0.20381251296826772,0.3677466958761215,0.4865575404167175,0.0007086996075095289,0.3959289569854736,45,29,False,False,False
EXP-H078,primary,4,101,0.001,1e-05,75,525,0.11508698761463165,0.5225836634635925,0.6228386745452881,0.0007015882058642164,0.3959289569854736,45,30,False,True,False
EXP-H078,primary,4,101,0.01,0.0001,1,7,3.635824535574232,7.020349025726318,6.058323000907897,0.01,6.058323000907897,1,0,True,False,False
EXP-H078,primary,4,101,0.01,0.0001,2,14,3.079327872821263,0.9597891271114349,0.9936736042499543,0.00999938933078422,0.9936736042499543,2,0,True,False,False
EXP-H078,primary,4,101,0.01,0.0001,3,21,1.4665666222572327,0.7695116698741913,0.8390896475315093,0.009997557473810372,0.8390896475315093,3,0,True,False,False
EXP-H078,primary,4,101,0.01,0.0001,4,28,1.537759610584804,0.6576907336711884,0.7190217688083649,0.009994504881061753,0.7190217688083649,4,0,True,False,False
EXP-H078,primary,4,101,0.01,0.0001,5,35,0.44133356692535536,1.5015957355499268,1.4527297568321227,0.009990232305719944,0.7190217688083649,4,1,False,False,False
EXP-H078,primary,4,101,0.01,0.0001,6,42,0.6466869499002185,0.42523398995399475,0.5151197941303254,0.009984740801978984,0.5151197941303254,6,0,True,False,False
EXP-H078,primary,4,101,0.01,0.0001,7,49,0.5694129381861005,0.520698606967926,0.5893822851181031,0.009978031724785246,0.5151197941303254,6,1,False,False,False
EXP-H078,primary,4,101,0.01,0.0001,8,56,0.5331983055387225,0.40540800988674164,0.5053459630012511,0.00997010672950314,0.5053459630012511,8,0,True,False,False
EXP-H078,primary,4,101,0.01,0.0001,9,63,0.8554024973085949,0.6921298205852509,0.7666785573959349,0.009960967771506667,0.5053459630012511,8,1,False,False,False
EXP-H078,primary,4,101,0.01,0.0001,10,70,0.8211718840258462,0.44281014800071716,0.5288549563884736,0.00995061710569696,0.5053459630012511,8,2,False,False,False
EXP-H078,primary,4,101,0.01,0.0001,11,77,0.4411040342279843,0.3934795558452606,0.48431155204772947,0.009939057285945933,0.48431155204772947,11,0,True,False,False
EXP-H078,primary,4,101,0.01,0.0001,12,84,0.4147407753126962,0.4235673099756241,0.5121556415557862,0.00992629116446613,0.48431155204772947,11,1,False,False,False
EXP-H078,primary,4,101,0.01,0.0001,13,91,0.400412244456155,0.39429548382759094,0.4847008790969849,0.00991232189110701,0.48431155204772947,11,2,False,False,False
EXP-H078,primary,4,101,0.01,0.0001,14,98,0.4919132547719138,0.39786191284656525,0.4900714926719666,0.00989715291257774,0.48431155204772947,11,3,False,False,False
EXP-H078,primary,4,101,0.01,0.0001,15,105,0.3949087751763208,0.3975304365158081,0.48965771722793583,0.0098807879715968,0.48431155204772947,11,4,False,False,False
EXP-H078,primary,4,101,0.01,0.0001,16,112,0.4041798859834671,0.3975135236978531,0.4896362595558167,0.0098632311059685,0.48431155204772947,11,5,False,False,False
EXP-H078,primary,4,101,0.01,0.0001,17,119,0.4168368875980377,0.39590542018413544,0.48742164897918705,0.009844486647586723,0.48431155204772947,11,6,False,False,False
EXP-H078,primary,4,101,0.01,0.0001,18,126,0.3835965850656586,0.39417727291584015,0.48454399967193607,0.0098245592213661,0.48431155204772947,11,7,False,False,False
EXP-H078,primary,4,101,0.01,0.0001,19,133,0.4258939708982195,0.39340463280677795,0.48387500000000006,0.009803453744100868,0.48387500000000006,19,0,True,False,False
EXP-H078,primary,4,101,0.01,0.0001,20,140,0.5159770846366882,0.3930276036262512,0.48387500000000006,0.009781175423251734,0.48387500000000006,19,1,False,False,False
EXP-H078,primary,4,101,0.01,0.0001,21,147,0.6084310667855399,0.392598420381546,0.48387500000000006,0.009757729755661011,0.48387500000000006,19,2,False,False,False
EXP-H078,primary,4,101,0.01,0.0001,22,154,0.3859545692269291,0.39202824234962463,0.48387500000000006,0.009733122526196349,0.48387500000000006,19,3,False,False,False
EXP-H078,primary,4,101,0.01,0.0001,23,161,0.38667610633586136,0.3921777606010437,0.48387500000000006,0.009707359806323416,0.48387500000000006,19,4,False,False,False
EXP-H078,primary,4,101,0.01,0.0001,24,168,0.4648959849561964,0.39261873066425323,0.48387500000000006,0.009680447952607845,0.48387500000000006,19,5,False,False,False
EXP-H078,primary,4,101,0.01,0.0001,25,175,0.4837469288281032,0.3929443508386612,0.48387500000000006,0.009652393605146845,0.48387500000000006,19,6,False,False,False
EXP-H078,primary,4,101,0.01,0.0001,26,182,0.3984655908175877,0.39305876195430756,0.48387500000000006,0.00962320368593087,0.48387500000000006,19,7,False,False,False
EXP-H078,primary,4,101,0.01,0.0001,27,189,0.5145752280950546,0.39418894052505493,0.4845596160888672,0.009592885397135707,0.48387500000000006,19,8,False,False,False
EXP-H078,primary,4,101,0.01,0.0001,28,196,0.38819793186017443,0.39526061713695526,0.48640634346008305,0.009561446219345454,0.48387500000000006,19,9,False,False,False
EXP-H078,primary,4,101,0.01,0.0001,29,203,0.42101619499070303,0.396215096116066,0.4878792338371277,0.009528893909706798,0.48387500000000006,19,10,False,False,False
EXP-H078,primary,4,101,0.01,0.0001,30,210,0.40039166595254627,0.3953782618045807,0.486598747253418,0.009495236500015047,0.48387500000000006,19,11,False,False,False
EXP-H078,primary,4,101,0.01,0.0001,31,217,0.38780585676431656,0.39539457857608795,0.48662503290176395,0.00946048229473242,0.48387500000000006,19,12,False,False,False
EXP-H078,primary,4,101,0.01,0.0001,32,224,0.39348495112998144,0.3956841230392456,0.48708333301544193,0.009424639868939034,0.48387500000000006,19,13,False,False,False
EXP-H078,primary,4,101,0.01,0.0001,33,231,0.38330883810496225,0.39624008536338806,0.48791553306579594,0.009387718066217124,0.48387500000000006,19,14,False,False,False
EXP-H078,primary,4,101,0.01,0.0001,34,238,0.4144145995378494,0.3958146572113037,0.4872841410636902,0.009349725996469048,0.48387500000000006,19,15,False,False,False
EXP-H078,primary,4,101,0.01,0.0001,35,245,0.38562614417501856,0.39578498899936676,0.4872387223243714,0.00931067303366952,0.48387500000000006,19,16,False,False,False
EXP-H078,primary,4,101,0.01,0.0001,36,252,0.5073806430612292,0.39532794058322906,0.4865168504714966,0.009270568813552756,0.48387500000000006,19,17,False,False,False
EXP-H078,primary,4,101,0.01,0.0001,37,259,0.3891026925827776,0.3944323658943176,0.4849411420822144,0.009229423231234974,0.48387500000000006,19,18,False,False,False
EXP-H078,primary,4,101,0.01,0.0001,38,266,0.398047536611557,0.3937053829431534,0.48399797201156625,0.009187246438772938,0.48387500000000006,19,19,False,False,False
EXP-H078,primary,4,101,0.01,0.0001,39,273,0.3930084545697485,0.39264263212680817,0.48387500000000006,0.009144048842659082,0.48387500000000006,19,20,False,False,False
EXP-H078,primary,4,101,0.01,0.0001,40,280,0.3915361059563501,0.3929165005683899,0.48387500000000006,0.009099841101253866,0.48387500000000006,19,21,False,False,False
EXP-H078,primary,4,101,0.01,0.0001,41,287,0.5046577368463788,0.3929666578769684,0.48387500000000006,0.00905463412215599,0.48387500000000006,19,22,False,False,False
EXP-H078,primary,4,101,0.01,0.0001,42,294,0.47594407200813293,0.39293982088565826,0.48387500000000006,0.0090084390595111,0.48387500000000006,19,23,False,False,False
EXP-H078,primary,4,101,0.01,0.0001,43,301,0.39494473806449343,0.3932012766599655,0.48387500000000006,0.008961267311259666,0.48387500000000006,19,24,False,False,False
EXP-H078,primary,4,101,0.01,0.0001,44,308,0.5356465088469642,0.39393606781959534,0.4842102136611939,0.008913130516324731,0.48387500000000006,19,25,False,False,False
EXP-H078,primary,4,101,0.01,0.0001,45,315,0.4007863530090877,0.3936084806919098,0.4839232873916627,0.008864040551740157,0.48387500000000006,19,26,False,False,False
EXP-H078,primary,4,101,0.01,0.0001,46,322,0.40175144161496845,0.3939827233552933,0.484276255607605,0.008814009529720154,0.48387500000000006,19,27,False,False,False
EXP-H078,primary,4,101,0.01,0.0001,47,329,0.39150894646133694,0.3941743075847626,0.48453994655609134,0.008763049794670776,0.48387500000000006,19,28,False,False,False
EXP-H078,primary,4,101,0.01,0.0001,48,336,0.3918231044496809,0.3947862982749939,0.4855938129425049,0.008711173920144118,0.48387500000000006,19,29,False,False,False
EXP-H078,primary,4,101,0.01,0.0001,49,343,0.3986843866961343,0.3955720067024231,0.4869080953598023,0.008658394705735987,0.48387500000000006,19,30,False,True,False
EXP-H078,shadow,0,101,1e-05,1.0000000000000001e-07,1,7,0.445657023361751,0.33198388790090877,0.5499023183186846,1e-05,0.5499023183186846,1,0,True,False,False
EXP-H078,shadow,0,101,1e-05,1.0000000000000001e-07,2,14,0.4131698118788855,0.33509983991583187,0.5417755392825963,9.99938933078422e-06,0.5417755392825963,2,0,True,False,False
EXP-H078,shadow,0,101,1e-05,1.0000000000000001e-07,3,21,0.44078877568244934,0.34190870573123294,0.5353408096775862,9.997557473810373e-06,0.5353408096775862,3,0,True,False,False
EXP-H078,shadow,0,101,1e-05,1.0000000000000001e-07,4,28,0.41624515956001623,0.34992292275031406,0.5328962515628698,9.994504881061752e-06,0.5328962515628698,4,0,True,False,False
EXP-H078,shadow,0,101,1e-05,1.0000000000000001e-07,5,35,0.4392387036766325,0.35314835608005524,0.53321732191606,9.990232305719944e-06,0.5328962515628698,4,1,False,False,False
EXP-H078,shadow,0,101,1e-05,1.0000000000000001e-07,6,42,0.40907955073219326,0.3578180770079295,0.5340927787549566,9.984740801978984e-06,0.5328962515628698,4,2,False,False,False
EXP-H078,shadow,0,101,1e-05,1.0000000000000001e-07,7,49,0.4225995753492628,0.36330777406692505,0.5354623706702029,9.978031724785247e-06,0.5328962515628698,4,3,False,False,False
EXP-H078,shadow,0,101,1e-05,1.0000000000000001e-07,8,56,0.40648180884974344,0.36456351975599927,0.5357424041285658,9.97010672950314e-06,0.5328962515628698,4,4,False,False,False
EXP-H078,shadow,0,101,1e-05,1.0000000000000001e-07,9,63,0.40830261300184895,0.3644852936267853,0.5357052108302259,9.960967771506666e-06,0.5328962515628698,4,5,False,False,False
EXP-H078,shadow,0,101,1e-05,1.0000000000000001e-07,10,70,0.5479460869516645,0.365226407845815,0.5358595037749317,9.950617105696961e-06,0.5328962515628698,4,6,False,False,False
EXP-H078,shadow,0,101,1e-05,1.0000000000000001e-07,11,77,0.562468843800681,0.36070754130681354,0.5347533571647873,9.939057285945933e-06,0.5328962515628698,4,7,False,False,False
EXP-H078,shadow,0,101,1e-05,1.0000000000000001e-07,12,84,0.4039879882974284,0.3556249886751175,0.5333980414650655,9.926291164466131e-06,0.5328962515628698,4,8,False,False,False
EXP-H078,shadow,0,101,1e-05,1.0000000000000001e-07,13,91,0.408270887265514,0.3539559841156006,0.5331227058641838,9.91232189110701e-06,0.5328962515628698,4,9,False,False,False
EXP-H078,shadow,0,101,1e-05,1.0000000000000001e-07,14,98,0.44198366148131235,0.3517281760772069,0.5328904428193063,9.897152912577742e-06,0.5328904428193063,14,0,True,False,False
EXP-H078,shadow,0,101,1e-05,1.0000000000000001e-07,15,105,0.41084059966462,0.35267752408981323,0.5329721409190784,9.8807879715968e-06,0.5328904428193063,14,1,False,False,False
EXP-H078,shadow,0,101,1e-05,1.0000000000000001e-07,16,112,0.41415635123848915,0.35551737745602924,0.5333277874570903,9.8632311059685e-06,0.5328904428193063,14,2,False,False,False
EXP-H078,shadow,0,101,1e-05,1.0000000000000001e-07,17,119,0.4920325449534825,0.35630964239438373,0.5335411793101916,9.844486647586724e-06,0.5328904428193063,14,3,False,False,False
EXP-H078,shadow,0,101,1e-05,1.0000000000000001e-07,18,126,0.3888880888532315,0.35634177923202515,0.5335386072794595,9.824559221366101e-06,0.5328904428193063,14,4,False,False,False
EXP-H078,shadow,0,101,1e-05,1.0000000000000001e-07,19,133,0.40510234023843494,0.3538758506377538,0.5330184952707001,9.803453744100868e-06,0.5328904428193063,14,5,False,False,False
EXP-H078,shadow,0,101,1e-05,1.0000000000000001e-07,20,140,0.5393045970371791,0.3534598971406619,0.5329566509362422,9.781175423251734e-06,0.5328904428193063,14,6,False,False,False
EXP-H078,shadow,0,101,1e-05,1.0000000000000001e-07,21,147,0.40311064943671227,0.35168755054473877,0.5327683436075845,9.757729755661012e-06,0.5327683436075845,21,0,True,False,False
EXP-H078,shadow,0,101,1e-05,1.0000000000000001e-07,22,154,0.45813239898000446,0.35302341481049854,0.5328765711928858,9.73312252619635e-06,0.5327683436075845,21,1,False,False,False
EXP-H078,shadow,0,101,1e-05,1.0000000000000001e-07,23,161,0.4191547121320452,0.3543863892555237,0.5329917056921756,9.707359806323418e-06,0.5327683436075845,21,2,False,False,False
EXP-H078,shadow,0,101,1e-05,1.0000000000000001e-07,24,168,0.8300157849277768,0.3577027867237727,0.5338269059152313,9.680447952607845e-06,0.5327683436075845,21,3,False,False,False
EXP-H078,shadow,0,101,1e-05,1.0000000000000001e-07,25,175,0.40153478438566836,0.35614804923534393,0.5333986483487214,9.652393605146845e-06,0.5327683436075845,21,4,False,False,False
EXP-H078,shadow,0,101,1e-05,1.0000000000000001e-07,26,182,0.40023022916700157,0.3569009353717168,0.53358527952252,9.62320368593087e-06,0.5327683436075845,21,5,False,False,False
EXP-H078,shadow,0,101,1e-05,1.0000000000000001e-07,27,189,0.7222007129873548,0.3584317664305369,0.533971170830004,9.592885397135707e-06,0.5327683436075845,21,6,False,False,False
EXP-H078,shadow,0,101,1e-05,1.0000000000000001e-07,28,196,0.42863905004092623,0.3599190413951874,0.5343360235040837,9.561446219345455e-06,0.5327683436075845,21,7,False,False,False
EXP-H078,shadow,0,101,1e-05,1.0000000000000001e-07,29,203,0.6230838596820831,0.3617522170146306,0.5347771123250324,9.528893909706798e-06,0.5327683436075845,21,8,False,False,False
EXP-H078,shadow,0,101,1e-05,1.0000000000000001e-07,30,210,0.6898088497774941,0.35724008580048877,0.533604757597952,9.495236500015048e-06,0.5327683436075845,21,9,False,False,False
EXP-H078,shadow,0,101,1e-05,1.0000000000000001e-07,31,217,0.3928274856880307,0.3524642139673233,0.532681617043235,9.460482294732422e-06,0.532681617043235,31,0,True,False,False
EXP-H078,shadow,0,101,1e-05,1.0000000000000001e-07,32,224,0.4056213530046599,0.35085152089595795,0.5324985404737067,9.424639868939035e-06,0.5324985404737067,32,0,True,False,False
EXP-H078,shadow,0,101,1e-05,1.0000000000000001e-07,33,231,0.4073305308286633,0.3508238270878792,0.5324773284449721,9.387718066217125e-06,0.5324773284449721,33,0,True,False,False
EXP-H078,shadow,0,101,1e-05,1.0000000000000001e-07,34,238,0.3885617362601416,0.3494207287828128,0.5323053491765801,9.349725996469047e-06,0.5323053491765801,34,0,True,False,False
EXP-H078,shadow,0,101,1e-05,1.0000000000000001e-07,35,245,0.4170921551329749,0.3501572906970978,0.5323611535737008,9.310673033669522e-06,0.5323053491765801,34,1,False,False,False
EXP-H078,shadow,0,101,1e-05,1.0000000000000001e-07,36,252,0.46178435002054485,0.3506128415465355,0.5323977688876065,9.270568813552757e-06,0.5323053491765801,34,2,False,False,False
EXP-H078,shadow,0,101,1e-05,1.0000000000000001e-07,37,259,0.4201116306441171,0.3517404571175575,0.5325000721324573,9.229423231234975e-06,0.5323053491765801,34,3,False,False,False
EXP-H078,shadow,0,101,1e-05,1.0000000000000001e-07,38,266,0.6633834945304053,0.35449335475762683,0.5327530559193003,9.18724643877294e-06,0.5323053491765801,34,4,False,False,False
EXP-H078,shadow,0,101,1e-05,1.0000000000000001e-07,39,273,0.3931649439036846,0.3540876507759094,0.5327004593357895,9.144048842659081e-06,0.5323053491765801,34,5,False,False,False
EXP-H078,shadow,0,101,1e-05,1.0000000000000001e-07,40,280,0.43037629766123636,0.35621317227681476,0.5332024515325371,9.099841101253867e-06,0.5323053491765801,34,6,False,False,False
EXP-H078,shadow,0,101,1e-05,1.0000000000000001e-07,41,287,0.4046748684985297,0.3594254304965337,0.5340323504823625,9.054634122155991e-06,0.5323053491765801,34,7,False,False,False
EXP-H078,shadow,0,101,1e-05,1.0000000000000001e-07,42,294,0.4512788568224226,0.3629859735568364,0.5349005986993962,9.0084390595111e-06,0.5323053491765801,34,8,False,False,False
EXP-H078,shadow,0,101,1e-05,1.0000000000000001e-07,43,301,0.4106603413820267,0.36319493254025775,0.5349371562148584,8.961267311259668e-06,0.5323053491765801,34,9,False,False,False
EXP-H078,shadow,0,101,1e-05,1.0000000000000001e-07,44,308,0.4354576213019235,0.3631574511528015,0.5349164065736711,8.913130516324733e-06,0.5323053491765801,34,10,False,False,False
EXP-H078,shadow,0,101,1e-05,1.0000000000000001e-07,45,315,0.42619907217366354,0.36269469062487286,0.53478907660282,8.864040551740158e-06,0.5323053491765801,34,11,False,False,False
EXP-H078,shadow,0,101,1e-05,1.0000000000000001e-07,46,322,0.3883397464773485,0.3606680283943812,0.5342861434474134,8.814009529720155e-06,0.5323053491765801,34,12,False,False,False
EXP-H078,shadow,0,101,1e-05,1.0000000000000001e-07,47,329,0.4082512546862875,0.35724938412507373,0.533401769464666,8.763049794670776e-06,0.5323053491765801,34,13,False,False,False
EXP-H078,shadow,0,101,1e-05,1.0000000000000001e-07,48,336,0.4002822448133624,0.35414717594782513,0.5325864808053681,8.711173920144118e-06,0.5323053491765801,34,14,False,False,False
EXP-H078,shadow,0,101,1e-05,1.0000000000000001e-07,49,343,0.8246236273220607,0.3528481498360634,0.5324379099065606,8.658394705735988e-06,0.5323053491765801,34,15,False,False,False
EXP-H078,shadow,0,101,1e-05,1.0000000000000001e-07,50,350,0.4481577106884548,0.3505694344639778,0.5321949541496507,8.604725173927786e-06,0.5321949541496507,50,0,True,False,False
EXP-H078,shadow,0,101,1e-05,1.0000000000000001e-07,51,357,0.384912833571434,0.3502972225348155,0.5321546975338097,8.550178566873412e-06,0.5321546975338097,51,0,True,False,False
EXP-H078,shadow,0,101,1e-05,1.0000000000000001e-07,52,364,0.4133022427558899,0.35142818838357925,0.5322483888105912,8.494768343131955e-06,0.5321546975338097,51,1,False,False,False
EXP-H078,shadow,0,101,1e-05,1.0000000000000001e-07,53,371,0.4069884286395141,0.350392942627271,0.5321277056607332,8.43850817434701e-06,0.5321277056607332,53,0,True,False,False
EXP-H078,shadow,0,101,1e-05,1.0000000000000001e-07,54,378,0.3961409591138363,0.3503105367223422,0.532100887182987,8.381411941873379e-06,0.532100887182987,54,0,True,False,False
EXP-H078,shadow,0,101,1e-05,1.0000000000000001e-07,55,385,0.42161119409969877,0.35085095713535946,0.5321377625898881,8.323493733352078e-06,0.532100887182987,54,1,False,False,False
EXP-H078,shadow,0,101,1e-05,1.0000000000000001e-07,56,392,0.7239408109869275,0.35111672679583233,0.5321410282019412,8.26476783923441e-06,0.532100887182987,54,2,False,False,False
EXP-H078,shadow,0,101,1e-05,1.0000000000000001e-07,57,399,0.4244661544050489,0.35028912872076035,0.5320315868493282,8.205248749256014e-06,0.5320315868493282,57,0,True,False,False
EXP-H078,shadow,0,101,1e-05,1.0000000000000001e-07,58,406,0.39560032010610613,0.35245530555645627,0.5322184781161221,8.144951148861743e-06,0.5320315868493282,57,1,False,False,False
EXP-H078,shadow,0,101,1e-05,1.0000000000000001e-07,59,413,0.4126888433737414,0.3536478976408641,0.532310435439601,8.083889915582235e-06,0.5320315868493282,57,2,False,False,False
EXP-H078,shadow,0,101,1e-05,1.0000000000000001e-07,60,420,0.4063222237995693,0.3552327702442805,0.5326547245834812,8.022080115363127e-06,0.5320315868493282,57,3,False,False,False
EXP-H078,shadow,0,101,1e-05,1.0000000000000001e-07,61,427,0.4698454290628433,0.3569953242937724,0.5331179502082593,7.959536998847744e-06,0.5320315868493282,57,4,False,False,False
EXP-H078,shadow,0,101,1e-05,1.0000000000000001e-07,62,434,0.4757247588464192,0.35819688936074573,0.5334230103926224,7.89627599761423e-06,0.5320315868493282,57,5,False,False,False
EXP-H078,shadow,0,101,1e-05,1.0000000000000001e-07,63,441,0.38551606215124984,0.35974250733852386,0.5338048269098454,7.832312720368048e-06,0.5320315868493282,57,6,False,False,False
EXP-H078,shadow,0,101,1e-05,1.0000000000000001e-07,64,448,0.4040538551551955,0.3595339159170787,0.5337384164983574,7.767662949090754e-06,0.5320315868493282,57,7,False,False,False
EXP-H078,shadow,0,101,1e-05,1.0000000000000001e-07,65,455,0.4542569730963026,0.3571832627058029,0.5331208690296518,7.702342635146033e-06,0.5320315868493282,57,8,False,False,False
EXP-H078,shadow,0,101,1e-05,1.0000000000000001e-07,66,462,0.46952306372778757,0.35590021312236786,0.5327668824629349,7.636367895343947e-06,0.5320315868493282,57,9,False,False,False
EXP-H078,shadow,0,101,1e-05,1.0000000000000001e-07,67,469,0.4663730689457485,0.35530934234460193,0.5325932270396838,7.5697550079643376e-06,0.5320315868493282,57,10,False,False,False
EXP-H078,shadow,0,101,1e-05,1.0000000000000001e-07,68,476,0.4232303627899715,0.35667969286441803,0.5329567214503431,7.502520408740418e-06,0.5320315868493282,57,11,False,False,False
EXP-H078,shadow,0,101,1e-05,1.0000000000000001e-07,69,483,0.39528487443125676,0.35815106332302094,0.5333285388368547,7.43468068680349e-06,0.5320315868493282,57,12,False,False,False
EXP-H078,shadow,0,101,1e-05,1.0000000000000001e-07,70,490,0.4271418707711356,0.3563343286514282,0.5328408933697323,7.366252580589839e-06,0.5320315868493282,57,13,False,False,False
EXP-H078,shadow,0,101,1e-05,1.0000000000000001e-07,71,497,0.3982176589114325,0.3555718908707301,0.532621634974624,7.297252973710756e-06,0.5320315868493282,57,14,False,False,False
EXP-H078,shadow,0,101,1e-05,1.0000000000000001e-07,72,504,0.40577781413282665,0.3558779905239741,0.5326896059440842,7.227698890786779e-06,0.5320315868493282,57,15,False,False,False
EXP-H078,shadow,0,101,1e-05,1.0000000000000001e-07,73,511,0.7298601993492672,0.3557133177916209,0.5326289464777165,7.15760749324711e-06,0.5320315868493282,57,16,False,False,False
EXP-H078,shadow,0,101,1e-05,1.0000000000000001e-07,74,518,0.6841266070093427,0.354442963997523,0.5322755667946554,7.086996075095289e-06,0.5320315868493282,57,17,False,False,False
EXP-H078,shadow,0,101,1e-05,1.0000000000000001e-07,75,525,0.6638285645416805,0.35311442613601685,0.5320777678056196,7.015882058642164e-06,0.5320315868493282,57,18,False,False,False
EXP-H078,shadow,0,101,1e-05,1.0000000000000001e-07,76,532,0.4076622522303036,0.3535358210404714,0.5321052220662434,6.9442829902071945e-06,0.5320315868493282,57,19,False,False,False
EXP-H078,shadow,0,101,1e-05,1.0000000000000001e-07,77,539,0.4238102606364659,0.35291298230489093,0.53203398548473,6.8722165357891564e-06,0.5320315868493282,57,20,False,False,False
EXP-H078,shadow,0,101,1e-05,1.0000000000000001e-07,78,546,0.40478389816624777,0.35035939514636993,0.5317678525520093,6.799700476707323e-06,0.5317678525520093,78,0,True,False,False
EXP-H078,shadow,0,101,1e-05,1.0000000000000001e-07,79,553,0.5777519983904702,0.3502584199110667,0.5317512932979699,6.726752705214193e-06,0.5317512932979699,79,0,True,False,False
EXP-H078,shadow,0,101,1e-05,1.0000000000000001e-07,80,560,0.39726516391549793,0.34968674182891846,0.5316835246230616,6.65339122008084e-06,0.5316835246230616,80,0,True,False,False
EXP-H078,shadow,0,101,1e-05,1.0000000000000001e-07,81,567,0.7855121663638523,0.3488333399097125,0.5315842268972685,6.57963412215599e-06,0.5315842268972685,81,0,True,False,False
EXP-H078,shadow,0,101,1e-05,1.0000000000000001e-07,82,574,0.41292811717305866,0.348550279935201,0.5315457620331735,6.505499609899905e-06,0.5315457620331735,82,0,True,False,False
EXP-H078,shadow,0,101,1e-05,1.0000000000000001e-07,83,581,0.4926073636327471,0.34822064141432446,0.5315025287974964,6.431005974894185e-06,0.5315025287974964,83,0,True,False,False
EXP-H078,shadow,0,101,1e-05,1.0000000000000001e-07,84,588,0.6022943300860268,0.34812212983767193,0.5314880791866418,6.356171597328595e-06,0.5314880791866418,84,0,True,False,False
EXP-H078,shadow,0,101,1e-05,1.0000000000000001e-07,85,595,0.620161065033504,0.3477608487010002,0.5314433431914357,6.28101494146603e-06,0.5314433431914357,85,0,True,False,False
EXP-H078,shadow,0,101,1e-05,1.0000000000000001e-07,86,602,0.4127951157944543,0.34768911202748615,0.5314300495494495,6.205554551086732e-06,0.5314300495494495,86,0,True,False,False
EXP-H078,shadow,0,101,1e-05,1.0000000000000001e-07,87,609,0.40686524233647753,0.34914957731962204,0.5315844291918205,6.129809044912887e-06,0.5314300495494495,86,1,False,False,False
EXP-H078,shadow,0,101,1e-05,1.0000000000000001e-07,88,616,0.3918910003932459,0.34844869871934253,0.531497789325136,6.053797112014738e-06,0.5314300495494495,86,2,False,False,False
EXP-H078,shadow,0,101,1e-05,1.0000000000000001e-07,89,623,0.4048129415937832,0.34816577782233554,0.5314528221361564,5.977537507199338e-06,0.5314300495494495,86,3,False,False,False
EXP-H078,shadow,0,101,1e-05,1.0000000000000001e-07,90,630,0.40241109686238424,0.34860677520434064,0.5314896686438357,5.901049046383077e-06,0.5314300495494495,86,4,False,False,False
EXP-H078,shadow,0,101,1e-05,1.0000000000000001e-07,91,637,0.38497777176754816,0.3489939942955971,0.5315188279585404,5.824350601949143e-06,0.5314300495494495,86,5,False,False,False
EXP-H078,shadow,0,101,1e-05,1.0000000000000001e-07,92,644,0.41077778807708193,0.3486070732275645,0.5314659423828124,5.7474610980910354e-06,0.5314300495494495,86,6,False,False,False
EXP-H078,shadow,0,101,1e-05,1.0000000000000001e-07,93,651,0.4123053231409618,0.3493022322654724,0.53152980966279,5.6703995061433075e-06,0.5314300495494495,86,7,False,False,False
EXP-H078,shadow,0,101,1e-05,1.0000000000000001e-07,94,658,0.4519532152584621,0.35050342480341595,0.5316505217118696,5.5931848399006745e-06,0.5314300495494495,86,8,False,False,False
EXP-H078,shadow,0,101,1e-05,1.0000000000000001e-07,95,665,0.5094264234815326,0.3505713914831479,0.5316534405332622,5.515836150926646e-06,0.5314300495494495,86,9,False,False,False
EXP-H078,shadow,0,101,1e-05,1.0000000000000001e-07,96,672,0.42879806246076313,0.35029662648836773,0.5316224605675899,5.438372523852833e-06,0.5314300495494495,86,10,False,False,False
EXP-H078,shadow,0,101,1e-05,1.0000000000000001e-07,97,679,0.4441003203392029,0.35066984593868256,0.53164968363444,5.360813071670101e-06,0.5314300495494495,86,11,False,False,False
EXP-H078,shadow,0,101,1e-05,1.0000000000000001e-07,98,686,0.4192241558006832,0.35096125056346256,0.5316636130593039,5.283176931012731e-06,0.5314300495494495,86,12,False,False,False
EXP-H078,shadow,0,101,1e-05,1.0000000000000001e-07,99,693,0.40831318497657776,0.35077180713415146,0.5316292518846916,5.205483257436735e-06,0.5314300495494495,86,13,False,False,False
EXP-H078,shadow,0,101,1e-05,1.0000000000000001e-07,100,700,0.4663204423018864,0.35199155410130817,0.5317382886482007,5.127751220693512e-06,0.5314300495494495,86,14,False,False,False
EXP-H078,shadow,0,101,1e-05,1.0000000000000001e-07,101,707,0.40725277962961365,0.3532690902551015,0.5318509089152017,5.05e-06,0.5314300495494495,86,15,False,False,False
EXP-H078,shadow,0,101,1e-05,1.0000000000000001e-07,102,714,0.3890971764922142,0.35488178829352063,0.5321902851913913,4.972248779306488e-06,0.5314300495494495,86,16,False,False,False
EXP-H078,shadow,0,101,1e-05,1.0000000000000001e-07,103,721,0.4239330291748047,0.35550956924756366,0.5323512249570903,4.8945167425632645e-06,0.5314300495494495,86,17,False,False,False
EXP-H078,shadow,0,101,1e-05,1.0000000000000001e-07,104,728,0.3954847455024719,0.35488999883333844,0.5321710383097329,4.816823068987269e-06,0.5314300495494495,86,18,False,False,False
EXP-H078,shadow,0,101,1e-05,1.0000000000000001e-07,105,735,0.4283506657396044,0.3544665724039078,0.5320493147878934,4.7391869283298985e-06,0.5314300495494495,86,19,False,False,False
EXP-H078,shadow,0,101,1e-05,1.0000000000000001e-07,106,742,0.38900923782161306,0.3536302000284195,0.5318394359241831,4.661627476147168e-06,0.5314300495494495,86,20,False,False,False
EXP-H078,shadow,0,101,1e-05,1.0000000000000001e-07,107,749,0.44660821557044983,0.35300666093826294,0.5317682860403349,4.584163849073354e-06,0.5314300495494495,86,21,False,False,False
EXP-H078,shadow,0,101,1e-05,1.0000000000000001e-07,108,756,0.4817047587462834,0.3532648632923762,0.5317818108760949,4.506815160099326e-06,0.5314300495494495,86,22,False,False,False
EXP-H078,shadow,0,101,1e-05,1.0000000000000001e-07,109,763,0.44407866469451357,0.3523712406555812,0.5316869925296667,4.429600493856694e-06,0.5314300495494495,86,23,False,False,False
EXP-H078,shadow,0,101,1e-05,1.0000000000000001e-07,110,770,0.39984858794403927,0.3523991530140241,0.5316796521273526,4.352538901908967e-06,0.5314300495494495,86,24,False,False,False
EXP-H078,shadow,0,101,1e-05,1.0000000000000001e-07,111,777,0.46870730604444233,0.35260458538929623,0.5316929168701171,4.275649398050858e-06,0.5314300495494495,86,25,False,False,False
EXP-H078,shadow,0,101,1e-05,1.0000000000000001e-07,112,784,0.3844895965885371,0.3518347144126892,0.5316106696851325,4.198950953616922e-06,0.5314300495494495,86,26,False,False,False
EXP-H078,shadow,0,101,1e-05,1.0000000000000001e-07,113,791,0.41730958436216625,0.3512599915266037,0.5315406468709309,4.122462492800663e-06,0.5314300495494495,86,27,False,False,False
EXP-H078,shadow,0,101,1e-05,1.0000000000000001e-07,114,798,0.3913669538285051,0.35116834938526154,0.5315165449200254,4.046202887985263e-06,0.5314300495494495,86,28,False,False,False
EXP-H078,shadow,0,101,1e-05,1.0000000000000001e-07,115,805,0.38148071814794093,0.3512267942229907,0.5315100425951408,3.970190955087116e-06,0.5314300495494495,86,29,False,False,False
EXP-H078,shadow,0,101,1e-05,1.0000000000000001e-07,116,812,0.3969613867146628,0.35116398831208545,0.5314942925193092,3.894445448913268e-06,0.5314300495494495,86,30,False,True,False
EXP-H078,shadow,0,101,0.0001,1.0000000000000002e-06,1,7,0.4005295682166304,0.3788350472847621,0.5395240876168916,0.0001,0.5395240876168916,1,0,True,False,False
EXP-H078,shadow,0,101,0.0001,1.0000000000000002e-06,2,14,0.4317524220262255,0.37203341722488403,0.5370548803156072,9.99938933078422e-05,0.5370548803156072,2,0,True,False,False
EXP-H078,shadow,0,101,0.0001,1.0000000000000002e-06,3,21,0.4349367618560791,0.33690793563922244,0.5385848340121181,9.997557473810373e-05,0.5370548803156072,2,1,False,False,False
EXP-H078,shadow,0,101,0.0001,1.0000000000000002e-06,4,28,0.3969804011285305,0.34768948207298916,0.5320048550692471,9.994504881061753e-05,0.5320048550692471,4,0,True,False,False
EXP-H078,shadow,0,101,0.0001,1.0000000000000002e-06,5,35,0.38955084181257654,0.35395996272563934,0.5325305897105823,9.990232305719945e-05,0.5320048550692471,4,1,False,False,False
EXP-H078,shadow,0,101,0.0001,1.0000000000000002e-06,6,42,0.4039185514806637,0.37475675841172534,0.5373201462716768,9.984740801978984e-05,0.5320048550692471,4,2,False,False,False
EXP-H078,shadow,0,101,0.0001,1.0000000000000002e-06,7,49,0.40096655913761686,0.37504489719867706,0.5372025842377633,9.978031724785247e-05,0.5320048550692471,4,3,False,False,False
EXP-H078,shadow,0,101,0.0001,1.0000000000000002e-06,8,56,0.44786268046924044,0.35886872311433154,0.5330017464377662,9.97010672950314e-05,0.5320048550692471,4,4,False,False,False
EXP-H078,shadow,0,101,0.0001,1.0000000000000002e-06,9,63,0.4000808055945007,0.34687582900126773,0.5310678530606356,9.960967771506667e-05,0.5310678530606356,9,0,True,False,False
EXP-H078,shadow,0,101,0.0001,1.0000000000000002e-06,10,70,0.5269740085516658,0.3590811987717946,0.5326023302945222,9.95061710569696e-05,0.5310678530606356,9,1,False,False,False
EXP-H078,shadow,0,101,0.0001,1.0000000000000002e-06,11,77,0.6354775726795197,0.3490014697114627,0.5308552729288736,9.939057285945933e-05,0.5308552729288736,11,0,True,False,False
EXP-H078,shadow,0,101,0.0001,1.0000000000000002e-06,12,84,0.4345194676092693,0.3424139122168223,0.5317725291396632,9.926291164466132e-05,0.5308552729288736,11,1,False,False,False
EXP-H078,shadow,0,101,0.0001,1.0000000000000002e-06,13,91,0.39066255438540665,0.3468177889784177,0.5301465458725437,9.91232189110701e-05,0.5301465458725437,13,0,True,False,False
EXP-H078,shadow,0,101,0.0001,1.0000000000000002e-06,14,98,0.42086657668863026,0.34558364003896713,0.5301859355117334,9.897152912577741e-05,0.5301465458725437,13,1,False,False,False
EXP-H078,shadow,0,101,0.0001,1.0000000000000002e-06,15,105,0.3814232858629631,0.3488881041606267,0.5299945096102627,9.8807879715968e-05,0.5299945096102627,15,0,True,False,False
EXP-H078,shadow,0,101,0.0001,1.0000000000000002e-06,16,112,0.4046198757631438,0.3491556892792384,0.5299480974601976,9.8632311059685e-05,0.5299480974601976,16,0,True,False,False
EXP-H078,shadow,0,101,0.0001,1.0000000000000002e-06,17,119,0.4906460004193442,0.34585148592789966,0.5299563022960315,9.844486647586725e-05,0.5299480974601976,16,1,False,False,False
EXP-H078,shadow,0,101,0.0001,1.0000000000000002e-06,18,126,0.3928115437073367,0.3592252383629481,0.5319034026174833,9.824559221366101e-05,0.5299480974601976,16,2,False,False,False
EXP-H078,shadow,0,101,0.0001,1.0000000000000002e-06,19,133,0.38295707708623794,0.3529739777247111,0.5301261004823625,9.803453744100869e-05,0.5299480974601976,16,3,False,False,False
EXP-H078,shadow,0,101,0.0001,1.0000000000000002e-06,20,140,0.49332819666181293,0.36030301451683044,0.5318104627204663,9.781175423251735e-05,0.5299480974601976,16,4,False,False,False
EXP-H078,shadow,0,101,0.0001,1.0000000000000002e-06,21,147,0.3804145024291107,0.3400709256529808,0.5305002987023555,9.757729755661011e-05,0.5299480974601976,16,5,False,False,False
EXP-H078,shadow,0,101,0.0001,1.0000000000000002e-06,22,154,0.4129441891397749,0.3413057153423627,0.529652713428844,9.73312252619635e-05,0.529652713428844,22,0,True,False,False
EXP-H078,shadow,0,101,0.0001,1.0000000000000002e-06,23,161,0.37632531034094946,0.3502654880285263,0.528380632573908,9.707359806323417e-05,0.528380632573908,23,0,True,False,False
EXP-H078,shadow,0,101,0.0001,1.0000000000000002e-06,24,168,0.8131525622946876,0.3622509290774663,0.5309190951260652,9.680447952607845e-05,0.528380632573908,23,1,False,False,False
EXP-H078,shadow,0,101,0.0001,1.0000000000000002e-06,25,175,0.39028593126152245,0.3372289463877678,0.5291548445730496,9.652393605146844e-05,0.528380632573908,23,2,False,False,False
EXP-H078,shadow,0,101,0.0001,1.0000000000000002e-06,26,182,0.3813417237251997,0.33435768137375516,0.5301486599084101,9.623203685930869e-05,0.528380632573908,23,3,False,False,False
EXP-H078,shadow,0,101,0.0001,1.0000000000000002e-06,27,189,0.722899602992194,0.33584578583637875,0.528069794394753,9.592885397135707e-05,0.528069794394753,27,0,True,False,False
EXP-H078,shadow,0,101,0.0001,1.0000000000000002e-06,28,196,0.3857971711882523,0.3406130522489548,0.5255741399129231,9.561446219345454e-05,0.5255741399129231,28,0,True,False,False
EXP-H078,shadow,0,101,0.0001,1.0000000000000002e-06,29,203,0.6026749781199864,0.34327293932437897,0.5244100052804657,9.528893909706797e-05,0.5244100052804657,29,0,True,False,False
EXP-H078,shadow,0,101,0.0001,1.0000000000000002e-06,30,210,0.7073206986699786,0.3248092209299405,0.5325461971398554,9.495236500015047e-05,0.5244100052804657,29,1,False,False,False
EXP-H078,shadow,0,101,0.0001,1.0000000000000002e-06,31,217,0.40298074590308325,0.32285639519492787,0.5314030306267014,9.460482294732421e-05,0.5244100052804657,29,2,False,False,False
EXP-H078,shadow,0,101,0.0001,1.0000000000000002e-06,32,224,0.3744402002277119,0.3382760485013326,0.5211046567974668,9.424639868939033e-05,0.5211046567974668,32,0,True,False,False
EXP-H078,shadow,0,101,0.0001,1.0000000000000002e-06,33,231,0.4046319169657571,0.33133240540822345,0.5191555487892843,9.387718066217124e-05,0.5191555487892843,33,0,True,False,False
EXP-H078,shadow,0,101,0.0001,1.0000000000000002e-06,34,238,0.44486223799841745,0.3196713216602802,0.5223876005230526,9.349725996469047e-05,0.5191555487892843,33,1,False,False,False
EXP-H078,shadow,0,101,0.0001,1.0000000000000002e-06,35,245,0.38690982652562006,0.3200026750564575,0.5180158129605378,9.310673033669521e-05,0.5180158129605378,35,0,True,False,False
EXP-H078,shadow,0,101,0.0001,1.0000000000000002e-06,36,252,0.409469268151692,0.31453287104765576,0.5185301035100761,9.270568813552756e-05,0.5180158129605378,35,1,False,False,False
EXP-H078,shadow,0,101,0.0001,1.0000000000000002e-06,37,259,0.3845484384468624,0.3142404680450757,0.5123366202152136,9.229423231234974e-05,0.5123366202152136,37,0,True,False,False
EXP-H078,shadow,0,101,0.0001,1.0000000000000002e-06,38,266,0.6026773857218879,0.3181926781932513,0.5106147368459989,9.187246438772939e-05,0.5106147368459989,38,0,True,False,False
EXP-H078,shadow,0,101,0.0001,1.0000000000000002e-06,39,273,0.35587156776871,0.3047237563878298,0.513312376080137,9.14404884265908e-05,0.5106147368459989,38,1,False,False,False
EXP-H078,shadow,0,101,0.0001,1.0000000000000002e-06,40,280,0.3521430731884071,0.3031629988302787,0.5032454792369495,9.099841101253866e-05,0.5032454792369495,40,0,True,False,False
EXP-H078,shadow,0,101,0.0001,1.0000000000000002e-06,41,287,0.35849596347127644,0.29950217561175424,0.5033523894801282,9.05463412215599e-05,0.5032454792369495,40,1,False,False,False
EXP-H078,shadow,0,101,0.0001,1.0000000000000002e-06,42,294,0.4332256444862911,0.29555239124844473,0.5045820802630797,9.0084390595111e-05,0.5032454792369495,40,2,False,False,False
EXP-H078,shadow,0,101,0.0001,1.0000000000000002e-06,43,301,0.34657370511974606,0.3117850354562203,0.530302331635446,8.961267311259666e-05,0.5032454792369495,40,3,False,False,False
EXP-H078,shadow,0,101,0.0001,1.0000000000000002e-06,44,308,0.34903921586062225,0.2959523460206886,0.5076368600093956,8.913130516324733e-05,0.5032454792369495,40,4,False,False,False
EXP-H078,shadow,0,101,0.0001,1.0000000000000002e-06,45,315,0.4543047845363617,0.2974226313332717,0.5085311082782166,8.864040551740158e-05,0.5032454792369495,40,5,False,False,False
EXP-H078,shadow,0,101,0.0001,1.0000000000000002e-06,46,322,0.34992694375770433,0.3220449276268482,0.52646660267223,8.814009529720155e-05,0.5032454792369495,40,6,False,False,False
EXP-H078,shadow,0,101,0.0001,1.0000000000000002e-06,47,329,0.3367498486602147,0.3135845772922039,0.5185306759458599,8.763049794670775e-05,0.5032454792369495,40,7,False,False,False
EXP-H078,shadow,0,101,0.0001,1.0000000000000002e-06,48,336,0.33667913012738737,0.30212803867956,0.5108242557410038,8.711173920144117e-05,0.5032454792369495,40,8,False,False,False
EXP-H078,shadow,0,101,0.0001,1.0000000000000002e-06,49,343,0.6927025743893215,0.29557935148477554,0.5066723103378756,8.658394705735987e-05,0.5032454792369495,40,9,False,False,False
EXP-H078,shadow,0,101,0.0001,1.0000000000000002e-06,50,350,0.31194469006732106,0.3173702123264472,0.5288631020748252,8.604725173927785e-05,0.5032454792369495,40,10,False,False,False
EXP-H078,shadow,0,101,0.0001,1.0000000000000002e-06,51,357,0.37290362800870624,0.30857524399956066,0.5193696210456615,8.55017856687341e-05,0.5032454792369495,40,11,False,False,False
EXP-H078,shadow,0,101,0.0001,1.0000000000000002e-06,52,364,0.3721103199890682,0.2931564375758171,0.5037366638183594,8.494768343131955e-05,0.5032454792369495,40,12,False,False,False
EXP-H078,shadow,0,101,0.0001,1.0000000000000002e-06,53,371,0.3441644459962845,0.3376297528545062,0.5411622716730289,8.438508174347009e-05,0.5032454792369495,40,13,False,False,False
EXP-H078,shadow,0,101,0.0001,1.0000000000000002e-06,54,378,0.3521234467625618,0.3076496471961339,0.5136482906919537,8.381411941873378e-05,0.5032454792369495,40,14,False,False,False
EXP-H078,shadow,0,101,0.0001,1.0000000000000002e-06,55,385,0.32016297057271004,0.3011223201950391,0.5052711928396514,8.323493733352077e-05,0.5032454792369495,40,15,False,False,False
EXP-H078,shadow,0,101,0.0001,1.0000000000000002e-06,56,392,0.5759069749287197,0.31722081700960797,0.5122297145959103,8.26476783923441e-05,0.5032454792369495,40,16,False,False,False
EXP-H078,shadow,0,101,0.0001,1.0000000000000002e-06,57,399,0.3103458479579006,0.4052398105462392,0.5843240421179567,8.205248749256015e-05,0.5032454792369495,40,17,False,False,False
EXP-H078,shadow,0,101,0.0001,1.0000000000000002e-06,58,406,0.3297801379646574,0.35216839611530304,0.5355699280247542,8.144951148861742e-05,0.5032454792369495,40,18,False,False,False
EXP-H078,shadow,0,101,0.0001,1.0000000000000002e-06,59,413,0.35674868311200825,0.3135337357719739,0.503707903544108,8.083889915582235e-05,0.5032454792369495,40,19,False,False,False
EXP-H078,shadow,0,101,0.0001,1.0000000000000002e-06,60,420,0.30712590366601944,0.3258894508083661,0.5111262539950284,8.022080115363127e-05,0.5032454792369495,40,20,False,False,False
EXP-H078,shadow,0,101,0.0001,1.0000000000000002e-06,61,427,0.4033002555370331,0.3245453362663587,0.5085648870757131,7.959536998847744e-05,0.5032454792369495,40,21,False,False,False
EXP-H078,shadow,0,101,0.0001,1.0000000000000002e-06,62,434,0.3909842584814344,0.3645368069410324,0.5348972433841588,7.89627599761423e-05,0.5032454792369495,40,22,False,False,False
EXP-H078,shadow,0,101,0.0001,1.0000000000000002e-06,63,441,0.28678782443915096,0.340927854180336,0.5165613331650242,7.832312720368048e-05,0.5032454792369495,40,23,False,False,False
EXP-H078,shadow,0,101,0.0001,1.0000000000000002e-06,64,448,0.2820894204612289,0.3534182955821355,0.5261614396066374,7.767662949090753e-05,0.5032454792369495,40,24,False,False,False
EXP-H078,shadow,0,101,0.0001,1.0000000000000002e-06,65,455,0.33720430518899647,0.399151807030042,0.5620858020204484,7.702342635146033e-05,0.5032454792369495,40,25,False,False,False
EXP-H078,shadow,0,101,0.0001,1.0000000000000002e-06,66,462,0.35643490297453745,0.3933590402205785,0.5553716721968216,7.636367895343946e-05,0.5032454792369495,40,26,False,False,False
EXP-H078,shadow,0,101,0.0001,1.0000000000000002e-06,67,469,0.3061016287122454,0.33918342490990955,0.5171516575668796,7.569755007964338e-05,0.5032454792369495,40,27,False,False,False
EXP-H078,shadow,0,101,0.0001,1.0000000000000002e-06,68,476,0.26814393286726307,0.3449298143386841,0.520800759748979,7.502520408740418e-05,0.5032454792369495,40,28,False,False,False
EXP-H078,shadow,0,101,0.0001,1.0000000000000002e-06,69,483,0.26486865856817793,0.46306561430295307,0.610010074962269,7.43468068680349e-05,0.5032454792369495,40,29,False,False,False
EXP-H078,shadow,0,101,0.0001,1.0000000000000002e-06,70,490,0.28094844626528875,0.3873910705248515,0.5505437520345051,7.366252580589839e-05,0.5032454792369495,40,30,False,True,False
EXP-H078,shadow,0,101,0.001,1e-05,1,7,0.4652073048055172,0.7023995717366537,0.7808380961562649,0.001,0.7808380961562649,1,0,True,False,False
EXP-H078,shadow,0,101,0.001,1e-05,2,14,0.6348435282707214,0.5371118237574896,0.7886479237874348,0.000999938933078422,0.7808380961562649,1,1,False,False,False
EXP-H078,shadow,0,101,0.001,1e-05,3,21,0.4411590962408809,0.4262472689151764,0.5598407419378106,0.0009997557473810372,0.5598407419378106,3,0,True,False,False
EXP-H078,shadow,0,101,0.001,1e-05,4,28,0.41385834983416964,0.3314946995427211,0.561941096450343,0.0009994504881061753,0.5598407419378106,3,1,False,False,False
EXP-H078,shadow,0,101,0.001,1e-05,5,35,0.39981507882475853,0.42159149050712585,0.5567448642615116,0.0009990232305719944,0.5567448642615116,5,0,True,False,False
EXP-H078,shadow,0,101,0.001,1e-05,6,42,0.43168671718532486,0.33913866446043056,0.5871697064024027,0.0009984740801978985,0.5567448642615116,5,1,False,False,False
EXP-H078,shadow,0,101,0.001,1e-05,7,49,0.40284340026742677,0.5001092751820883,0.6015844819040009,0.0009978031724785245,0.5567448642615116,5,2,False,False,False
EXP-H078,shadow,0,101,0.001,1e-05,8,56,0.456121027469635,0.3381016708444804,0.5832096171523583,0.000997010672950314,0.5567448642615116,5,3,False,False,False
EXP-H078,shadow,0,101,0.001,1e-05,9,63,0.39895973753716263,0.3430766239762306,0.5282523174863872,0.0009960967771506667,0.5282523174863872,9,0,True,False,False
EXP-H078,shadow,0,101,0.001,1e-05,10,70,0.5327038637229374,0.3263019770383835,0.5194665853326969,0.000995061710569696,0.5194665853326969,10,0,True,False,False
EXP-H078,shadow,0,101,0.001,1e-05,11,77,0.6256894809859139,0.34130434691905975,0.5110050522775359,0.0009939057285945933,0.5110050522775359,11,0,True,False,False
EXP-H078,shadow,0,101,0.001,1e-05,12,84,0.38242956942745615,0.3109556548297405,0.49635344279896115,0.000992629116446613,0.49635344279896115,12,0,True,False,False
EXP-H078,shadow,0,101,0.001,1e-05,13,91,0.3481146026668804,0.3079734904070695,0.5125831266460994,0.000991232189110701,0.49635344279896115,12,1,False,False,False
EXP-H078,shadow,0,101,0.001,1e-05,14,98,0.3524448606933999,0.33045729001363117,0.49445964905709916,0.0009897152912577741,0.49445964905709916,14,0,True,False,False
EXP-H078,shadow,0,101,0.001,1e-05,15,105,0.348926824559125,0.29859017084042233,0.4915239949081881,0.00098807879715968,0.4915239949081881,15,0,True,False,False
EXP-H078,shadow,0,101,0.001,1e-05,16,112,0.34970054562602726,0.3734697836140792,0.618668512980143,0.00098632311059685,0.4915239949081881,15,1,False,False,False
EXP-H078,shadow,0,101,0.001,1e-05,17,119,0.3976023942232132,0.41936875383059186,0.5039835410840584,0.0009844486647586723,0.4915239949081881,15,2,False,False,False
EXP-H078,shadow,0,101,0.001,1e-05,18,126,0.306123534483569,0.45756417512893677,0.5221985075979522,0.00098245592213661,0.4915239949081881,15,3,False,False,False
EXP-H078,shadow,0,101,0.001,1e-05,19,133,0.3953721523284912,0.3250614106655121,0.5376743039217861,0.0009803453744100868,0.4915239949081881,15,4,False,False,False
EXP-H078,shadow,0,101,0.001,1e-05,20,140,0.32956787378394176,0.25608406340082485,0.44119859753233,0.0009781175423251734,0.44119859753233,20,0,True,False,False
EXP-H078,shadow,0,101,0.001,1e-05,21,147,0.28741392706121716,0.2892421931028366,0.4367259100711707,0.0009757729755661011,0.4367259100711707,21,0,True,False,False
EXP-H078,shadow,0,101,0.001,1e-05,22,154,0.32818195862429483,0.2594318302969138,0.4642115670406456,0.0009733122526196349,0.4367259100711707,21,1,False,False,False
EXP-H078,shadow,0,101,0.001,1e-05,23,161,0.23935955303854176,0.23150393289203444,0.41049985342314743,0.0009707359806323416,0.41049985342314743,23,0,True,False,False
EXP-H078,shadow,0,101,0.001,1e-05,24,168,0.5298663271324975,0.5462205410003662,0.7118571005156545,0.0009680447952607845,0.41049985342314743,23,1,False,False,False
EXP-H078,shadow,0,101,0.001,1e-05,25,175,0.2667183450290135,0.43938055634498596,0.5172804355043353,0.0009652393605146844,0.41049985342314743,23,2,False,False,False
EXP-H078,shadow,0,101,0.001,1e-05,26,182,0.3394455555161195,0.3509798788776,0.6028629677512427,0.000962320368593087,0.41049985342314743,23,3,False,False,False
EXP-H078,shadow,0,101,0.001,1e-05,27,189,0.4632916067327772,0.2639565219481786,0.45885823498350187,0.0009592885397135706,0.41049985342314743,23,4,False,False,False
EXP-H078,shadow,0,101,0.001,1e-05,28,196,0.2548802058611597,0.3549035220251729,0.6090463615186286,0.0009561446219345453,0.41049985342314743,23,5,False,False,False
EXP-H078,shadow,0,101,0.001,1e-05,29,203,0.37103816654000965,0.3243155926465988,0.46974986267089835,0.0009528893909706797,0.41049985342314743,23,6,False,False,False
EXP-H078,shadow,0,101,0.001,1e-05,30,210,0.2695281037262508,0.33633475999037427,0.4776336487278792,0.0009495236500015047,0.41049985342314743,23,7,False,False,False
EXP-H078,shadow,0,101,0.001,1e-05,31,217,0.20036582595535687,0.3499375879764557,0.41782059478759764,0.0009460482294732421,0.41049985342314743,23,8,False,False,False
EXP-H078,shadow,0,101,0.001,1e-05,32,224,0.18840269318648747,0.3470250219106674,0.40891588893081193,0.0009424639868939033,0.40891588893081193,32,0,True,False,False
EXP-H078,shadow,0,101,0.001,1e-05,33,231,0.21365691934313094,0.24418024718761444,0.4261489227757308,0.0009387718066217125,0.40891588893081193,32,1,False,False,False
EXP-H078,shadow,0,101,0.001,1e-05,34,238,0.17796788045338222,0.24885273166000843,0.46419304888176177,0.0009349725996469047,0.40891588893081193,32,2,False,False,False
EXP-H078,shadow,0,101,0.001,1e-05,35,245,0.17877780539648874,0.24961993843317032,0.4319938652732154,0.0009310673033669522,0.40891588893081193,32,3,False,False,False
EXP-H078,shadow,0,101,0.001,1e-05,36,252,0.16992250404187612,0.23550315822164217,0.41200712654807337,0.0009270568813552756,0.40891588893081193,32,4,False,False,False
EXP-H078,shadow,0,101,0.001,1e-05,37,259,0.17677664650338037,0.23504713426033655,0.41155124063202814,0.0009229423231234975,0.40891588893081193,32,5,False,False,False
EXP-H078,shadow,0,101,0.001,1e-05,38,266,0.2726093998977116,0.3133249779542287,0.46247556836677317,0.0009187246438772938,0.40891588893081193,32,6,False,False,False
EXP-H078,shadow,0,101,0.001,1e-05,39,273,0.1880818618727582,0.3465741177399953,0.478897726579146,0.0009144048842659081,0.40891588893081193,32,7,False,False,False
EXP-H078,shadow,0,101,0.001,1e-05,40,280,0.22011346795729228,0.2642177740732829,0.43307045352820184,0.0009099841101253866,0.40891588893081193,32,8,False,False,False
EXP-H078,shadow,0,101,0.001,1e-05,41,287,0.18730586447886058,0.2782754848400752,0.4080937354347923,0.000905463412215599,0.4080937354347923,41,0,True,False,False
EXP-H078,shadow,0,101,0.001,1e-05,42,294,0.2159829187606062,0.4049391100804011,0.5690002809004348,0.0009008439059511099,0.4080937354347923,41,1,False,False,False
EXP-H078,shadow,0,101,0.001,1e-05,43,301,0.22158940775053843,0.23658965031305948,0.4028980576486299,0.0008961267311259666,0.4028980576486299,43,0,True,False,False
EXP-H078,shadow,0,101,0.001,1e-05,44,308,0.18959844431706838,0.3548889011144638,0.5389006144205727,0.0008913130516324732,0.4028980576486299,43,1,False,False,False
EXP-H078,shadow,0,101,0.001,1e-05,45,315,0.23504219097750528,0.23578251401583353,0.375956928137577,0.0008864040551740157,0.375956928137577,45,0,True,False,False
EXP-H078,shadow,0,101,0.001,1e-05,46,322,0.11977168518517699,0.30850359487036866,0.530316794193152,0.0008814009529720154,0.375956928137577,45,1,False,False,False
EXP-H078,shadow,0,101,0.001,1e-05,47,329,0.1326307166101677,0.2565078188975652,0.38691744162819597,0.0008763049794670775,0.375956928137577,45,2,False,False,False
EXP-H078,shadow,0,101,0.001,1e-05,48,336,0.1529081469135625,0.37739338260143995,0.6274062902277164,0.0008711173920144117,0.375956928137577,45,3,False,False,False
EXP-H078,shadow,0,101,0.001,1e-05,49,343,0.296114875801972,0.34884283939997357,0.42745907754609075,0.0008658394705735987,0.375956928137577,45,4,False,False,False
EXP-H078,shadow,0,101,0.001,1e-05,50,350,0.17173822330577032,0.2934542993704478,0.45954500302401435,0.0008604725173927785,0.375956928137577,45,5,False,False,False
EXP-H078,shadow,0,101,0.001,1e-05,51,357,0.1813230493238994,0.2853987117608388,0.43378135149406655,0.000855017856687341,0.375956928137577,45,6,False,False,False
EXP-H078,shadow,0,101,0.001,1e-05,52,364,0.12128594624144691,0.31987860302130383,0.49617146000717605,0.0008494768343131955,0.375956928137577,45,7,False,False,False
EXP-H078,shadow,0,101,0.001,1e-05,53,371,0.17223284845905645,0.2675398240486781,0.4283376078750146,0.0008438508174347009,0.375956928137577,45,8,False,False,False
EXP-H078,shadow,0,101,0.001,1e-05,54,378,0.14752214734575578,0.3272644846389691,0.5474124485362658,0.0008381411941873378,0.375956928137577,45,9,False,False,False
EXP-H078,shadow,0,101,0.001,1e-05,55,385,0.16432176211050578,0.34127240379651386,0.422709998622085,0.0008323493733352077,0.375956928137577,45,10,False,False,False
EXP-H078,shadow,0,101,0.001,1e-05,56,392,0.1303987785026298,0.3017772336800893,0.47407463143088585,0.000826476783923441,0.375956928137577,45,11,False,False,False
EXP-H078,shadow,0,101,0.001,1e-05,57,399,0.1314660822307425,0.35092367728551227,0.4707597813461765,0.0008205248749256015,0.375956928137577,45,12,False,False,False
EXP-H078,shadow,0,101,0.001,1e-05,58,406,0.10726234316825867,0.32537350555260974,0.4986736968069364,0.0008144951148861742,0.375956928137577,45,13,False,False,False
EXP-H078,shadow,0,101,0.001,1e-05,59,413,0.1342115636382784,0.30109884838263196,0.4920084367231887,0.0008083889915582234,0.375956928137577,45,14,False,False,False
EXP-H078,shadow,0,101,0.001,1e-05,60,420,0.15059410354920796,0.37607234716415405,0.4599086410060073,0.0008022080115363127,0.375956928137577,45,15,False,False,False
EXP-H078,shadow,0,101,0.001,1e-05,61,427,0.11721871048212051,0.3253244236111641,0.5455592896432586,0.0007959536998847743,0.375956928137577,45,16,False,False,False
EXP-H078,shadow,0,101,0.001,1e-05,62,434,0.15701681588377273,0.33420998851458233,0.4240729668357154,0.0007896275997614229,0.375956928137577,45,17,False,False,False
EXP-H078,shadow,0,101,0.001,1e-05,63,441,0.132037595978805,0.4415813982486725,0.5901348980990322,0.0007832312720368048,0.375956928137577,45,18,False,False,False
EXP-H078,shadow,0,101,0.001,1e-05,64,448,0.16925764509609767,0.3349690983692805,0.40400833499792843,0.0007767662949090753,0.375956928137577,45,19,False,False,False
EXP-H078,shadow,0,101,0.001,1e-05,65,455,0.13670774336372102,0.3124500662088394,0.5206112342603275,0.0007702342635146033,0.375956928137577,45,20,False,False,False
EXP-H078,shadow,0,101,0.001,1e-05,66,462,0.16010870678084238,0.3690764208634694,0.45596472653475667,0.0007636367895343947,0.375956928137577,45,21,False,False,False
EXP-H078,shadow,0,101,0.001,1e-05,67,469,0.1891469487122127,0.3745831648508708,0.49307709179502535,0.0007569755007964338,0.375956928137577,45,22,False,False,False
EXP-H078,shadow,0,101,0.001,1e-05,68,476,0.1252367246363844,0.3560514450073242,0.4574156690655331,0.0007502520408740418,0.375956928137577,45,23,False,False,False
EXP-H078,shadow,0,101,0.001,1e-05,69,483,0.09067458748800813,0.38243037462234497,0.5148222887443772,0.000743468068680349,0.375956928137577,45,24,False,False,False
EXP-H078,shadow,0,101,0.001,1e-05,70,490,0.11905337231499809,0.39488232135772705,0.44209771936590014,0.0007366252580589839,0.375956928137577,45,25,False,False,False
EXP-H078,shadow,0,101,0.001,1e-05,71,497,0.16809958083155965,0.35556578636169434,0.487322457515832,0.0007297252973710757,0.375956928137577,45,26,False,False,False
EXP-H078,shadow,0,101,0.001,1e-05,72,504,0.1028771490922996,0.4388969838619232,0.525509200587417,0.0007227698890786779,0.375956928137577,45,27,False,False,False
EXP-H078,shadow,0,101,0.001,1e-05,73,511,0.1326742885368211,0.3968939185142517,0.466100295789314,0.000715760749324711,0.375956928137577,45,28,False,False,False
EXP-H078,shadow,0,101,0.001,1e-05,74,518,0.12175856104918889,0.4036067724227905,0.47740511668812136,0.0007086996075095289,0.375956928137577,45,29,False,False,False
EXP-H078,shadow,0,101,0.001,1e-05,75,525,0.09785069950989314,0.4510388672351837,0.4863666851159298,0.0007015882058642164,0.375956928137577,45,30,False,True,False
EXP-H078,shadow,0,101,0.01,0.0001,1,7,3.377765621457781,3.719343821207682,3.2917414178559268,0.01,3.2917414178559268,1,0,True,False,False
EXP-H078,shadow,0,101,0.01,0.0001,2,14,1.2434574791363306,0.37903256714344025,0.5501058906786369,0.00999938933078422,0.5501058906786369,2,0,True,False,False
EXP-H078,shadow,0,101,0.01,0.0001,3,21,0.43423920550516676,0.32763389172032475,0.5623979293360852,0.009997557473810372,0.5501058906786369,2,1,False,False,False
EXP-H078,shadow,0,101,0.01,0.0001,4,28,0.4296002987040473,0.4236095945040385,0.5612758194894502,0.009994504881061753,0.5501058906786369,2,2,False,False,False
EXP-H078,shadow,0,101,0.01,0.0001,5,35,0.5914065071514675,0.33636332924167317,0.5432171998457473,0.009990232305719944,0.5432171998457473,5,0,True,False,False
EXP-H078,shadow,0,101,0.01,0.0001,6,42,0.45288476248138715,0.341438427567482,0.5366023763020831,0.009984740801978984,0.5366023763020831,6,0,True,False,False
EXP-H078,shadow,0,101,0.01,0.0001,7,49,0.40490842929908205,0.3343322016298771,0.5401117821895713,0.009978031724785246,0.5366023763020831,6,1,False,False,False
EXP-H078,shadow,0,101,0.01,0.0001,8,56,0.4394104949065617,0.3491348549723625,0.5325300695245916,0.00997010672950314,0.5325300695245916,8,0,True,False,False
EXP-H078,shadow,0,101,0.01,0.0001,9,63,0.4338895822209971,0.33226224904259044,0.5561913593176637,0.009960967771506667,0.5325300695245916,8,1,False,False,False
EXP-H078,shadow,0,101,0.01,0.0001,10,70,0.5138874564852033,0.33325067659219104,0.5437304849335639,0.00995061710569696,0.5325300695245916,8,2,False,False,False
EXP-H078,shadow,0,101,0.01,0.0001,11,77,0.606402433344296,0.33410335953036946,0.5422989619861948,0.009939057285945933,0.5325300695245916,8,3,False,False,False
EXP-H078,shadow,0,101,0.01,0.0001,12,84,0.39992774703672956,0.3337852681676547,0.5427973290645713,0.00992629116446613,0.5325300695245916,8,4,False,False,False
EXP-H078,shadow,0,101,0.01,0.0001,13,91,0.3888270008776869,0.3356228520472844,0.540287865147446,0.00991232189110701,0.5325300695245916,8,5,False,False,False
EXP-H078,shadow,0,101,0.01,0.0001,14,98,0.4119363810334887,0.3376002609729767,0.5381984514178649,0.00989715291257774,0.5325300695245916,8,6,False,False,False
EXP-H078,shadow,0,101,0.01,0.0001,15,105,0.3857527918381883,0.34188300867875415,0.5346821386163882,0.0098807879715968,0.5325300695245916,8,7,False,False,False
EXP-H078,shadow,0,101,0.01,0.0001,16,112,0.4015009381941387,0.34472588698069256,0.5329349136352538,0.0098632311059685,0.5325300695245916,8,8,False,False,False
EXP-H078,shadow,0,101,0.01,0.0001,17,119,0.48186524850981577,0.3457954029242198,0.5325380984219638,0.009844486647586723,0.5325300695245916,8,9,False,False,False
EXP-H078,shadow,0,101,0.01,0.0001,18,126,0.3896554240158626,0.34223929047584534,0.5344284034497808,0.0098245592213661,0.5325300695245916,8,10,False,False,False
EXP-H078,shadow,0,101,0.01,0.0001,19,133,0.38761281807507786,0.3395548462867737,0.5364692664868902,0.009803453744100868,0.5325300695245916,8,11,False,False,False
EXP-H078,shadow,0,101,0.01,0.0001,20,140,0.487273422735078,0.33836691578229267,0.5374892645171192,0.009781175423251734,0.5325300695245916,8,12,False,False,False
EXP-H078,shadow,0,101,0.01,0.0001,21,147,0.3882390625242676,0.335693600277106,0.5402049243811403,0.009757729755661011,0.5325300695245916,8,13,False,False,False
EXP-H078,shadow,0,101,0.01,0.0001,22,154,0.4268344534294946,0.3359765261411667,0.5398799526330195,0.009733122526196349,0.5325300695245916,8,14,False,False,False
EXP-H078,shadow,0,101,0.01,0.0001,23,161,0.39529138271297726,0.3392752980192502,0.5367016162294328,0.009707359806323416,0.5325300695245916,8,15,False,False,False
EXP-H078,shadow,0,101,0.01,0.0001,24,168,0.8365781136921474,0.3430367136994998,0.533876283819025,0.009680447952607845,0.5325300695245916,8,16,False,False,False
EXP-H078,shadow,0,101,0.01,0.0001,25,175,0.3988620617559978,0.3408715824286143,0.5354290390014647,0.009652393605146845,0.5325300695245916,8,17,False,False,False
EXP-H078,shadow,0,101,0.01,0.0001,26,182,0.3857013475415962,0.33916497478882474,0.5367945272272281,0.00962320368593087,0.5325300695245916,8,18,False,False,False
EXP-H078,shadow,0,101,0.01,0.0001,27,189,0.7095012366771698,0.3374740357200305,0.5383196836529354,0.009592885397135707,0.5325300695245916,8,19,False,False,False
EXP-H078,shadow,0,101,0.01,0.0001,28,196,0.4044467317206519,0.33604706078767776,0.5398006242694274,0.009561446219345454,0.5325300695245916,8,20,False,False,False
EXP-H078,shadow,0,101,0.01,0.0001,29,203,0.6017468741961888,0.33697056770324707,0.5388177617390948,0.009528893909706798,0.5325300695245916,8,21,False,False,False
EXP-H078,shadow,0,101,0.01,0.0001,30,210,0.7076024562120438,0.3357389345765114,0.5401520388054123,0.009495236500015047,0.5325300695245916,8,22,False,False,False
EXP-H078,shadow,0,101,0.01,0.0001,31,217,0.3921083190611431,0.3344246732691924,0.5418290606412018,0.00946048229473242,0.5325300695245916,8,23,False,False,False
EXP-H078,shadow,0,101,0.01,0.0001,32,224,0.3868887115802084,0.33511215696732205,0.540910932367498,0.009424639868939034,0.5325300695245916,8,24,False,False,False
EXP-H078,shadow,0,101,0.01,0.0001,33,231,0.3887263078774725,0.33626387019952136,0.5395607607292404,0.009387718066217124,0.5325300695245916,8,25,False,False,False
EXP-H078,shadow,0,101,0.01,0.0001,34,238,0.41222914840493885,0.3370883713165919,0.5386989859378697,0.009349725996469048,0.5325300695245916,8,26,False,False,False
EXP-H078,shadow,0,101,0.01,0.0001,35,245,0.39599662380559103,0.33992602676153183,0.5361672696200283,0.00931067303366952,0.5325300695245916,8,27,False,False,False
EXP-H078,shadow,0,101,0.01,0.0001,36,252,0.4264514978442873,0.3408171186844508,0.5354703648885089,0.009270568813552756,0.5325300695245916,8,28,False,False,False
EXP-H078,shadow,0,101,0.01,0.0001,37,259,0.39316885120102335,0.34318386018276215,0.533776581504128,0.009229423231234974,0.5325300695245916,8,29,False,False,False
EXP-H078,shadow,0,101,0.01,0.0001,38,266,0.6447979914290565,0.34494518488645554,0.5328522040627219,0.009187246438772938,0.5325300695245916,8,30,False,True,False
EXP-H078,shadow,1,101,1e-05,1.0000000000000001e-07,1,7,0.44727443371500286,0.457159087061882,0.531643970966339,1e-05,0.531643970966339,1,0,True,False,False
EXP-H078,shadow,1,101,1e-05,1.0000000000000001e-07,2,14,0.41757653121437344,0.4549660384654999,0.5281576318740844,9.99938933078422e-06,0.5281576318740844,2,0,True,False,False
EXP-H078,shadow,1,101,1e-05,1.0000000000000001e-07,3,21,0.4650982064860208,0.45653367042541504,0.5259205281734467,9.997557473810373e-06,0.5259205281734467,3,0,True,False,False
EXP-H078,shadow,1,101,1e-05,1.0000000000000001e-07,4,28,0.41913155040570665,0.46029987931251526,0.5259272933006287,9.994504881061752e-06,0.5259205281734467,3,1,False,False,False
EXP-H078,shadow,1,101,1e-05,1.0000000000000001e-07,5,35,0.4077504255941936,0.4628555178642273,0.5262979805469512,9.990232305719944e-06,0.5259205281734467,3,2,False,False,False
EXP-H078,shadow,1,101,1e-05,1.0000000000000001e-07,6,42,0.47362570677484783,0.4644811600446701,0.5268490850925445,9.984740801978984e-06,0.5259205281734467,3,3,False,False,False
EXP-H078,shadow,1,101,1e-05,1.0000000000000001e-07,7,49,0.4197290316224098,0.4648864269256592,0.526963436603546,9.978031724785247e-06,0.5259205281734467,3,4,False,False,False
EXP-H078,shadow,1,101,1e-05,1.0000000000000001e-07,8,56,0.39416911186916487,0.46463674306869507,0.5268551945686339,9.97010672950314e-06,0.5259205281734467,3,5,False,False,False
EXP-H078,shadow,1,101,1e-05,1.0000000000000001e-07,9,63,0.40134414431772064,0.46314743161201477,0.5263290643692016,9.960967771506666e-06,0.5259205281734467,3,6,False,False,False
EXP-H078,shadow,1,101,1e-05,1.0000000000000001e-07,10,70,0.4025017109566501,0.4623589664697647,0.5260297000408172,9.950617105696961e-06,0.5259205281734467,3,7,False,False,False
EXP-H078,shadow,1,101,1e-05,1.0000000000000001e-07,11,77,0.49461028405598234,0.46332427859306335,0.5263710856437682,9.939057285945933e-06,0.5259205281734467,3,8,False,False,False
EXP-H078,shadow,1,101,1e-05,1.0000000000000001e-07,12,84,0.40441296835030827,0.4640657901763916,0.5266221702098846,9.926291164466131e-06,0.5259205281734467,3,9,False,False,False
EXP-H078,shadow,1,101,1e-05,1.0000000000000001e-07,13,91,0.5117105564900807,0.46532323956489563,0.5271795353889466,9.91232189110701e-06,0.5259205281734467,3,10,False,False,False
EXP-H078,shadow,1,101,1e-05,1.0000000000000001e-07,14,98,0.42497883311339785,0.4640582799911499,0.5266100406646728,9.897152912577742e-06,0.5259205281734467,3,11,False,False,False
EXP-H078,shadow,1,101,1e-05,1.0000000000000001e-07,15,105,0.3967844098806381,0.46259285509586334,0.5260786354541778,9.8807879715968e-06,0.5259205281734467,3,12,False,False,False
EXP-H078,shadow,1,101,1e-05,1.0000000000000001e-07,16,112,0.38475343864411116,0.46172061562538147,0.5257806956768036,9.8632311059685e-06,0.5257806956768036,16,0,True,False,False
EXP-H078,shadow,1,101,1e-05,1.0000000000000001e-07,17,119,0.6198172526700156,0.4601607024669647,0.525754588842392,9.844486647586724e-06,0.525754588842392,17,0,True,False,False
EXP-H078,shadow,1,101,1e-05,1.0000000000000001e-07,18,126,0.9517511342253003,0.4592415690422058,0.5257253825664521,9.824559221366101e-06,0.5257253825664521,18,0,True,False,False
EXP-H078,shadow,1,101,1e-05,1.0000000000000001e-07,19,133,0.4928730641092573,0.4587405174970627,0.5257148921489716,9.803453744100868e-06,0.5257148921489716,19,0,True,False,False
EXP-H078,shadow,1,101,1e-05,1.0000000000000001e-07,20,140,0.7091210399355207,0.45834076404571533,0.5256909608840943,9.781175423251734e-06,0.5256909608840943,20,0,True,False,False
EXP-H078,shadow,1,101,1e-05,1.0000000000000001e-07,21,147,0.3983222141063639,0.45817482471466064,0.5256752252578736,9.757729755661012e-06,0.5256752252578736,21,0,True,False,False
EXP-H078,shadow,1,101,1e-05,1.0000000000000001e-07,22,154,0.43701675108500887,0.4586472064256668,0.5256569266319275,9.73312252619635e-06,0.5256569266319275,22,0,True,False,False
EXP-H078,shadow,1,101,1e-05,1.0000000000000001e-07,23,161,0.3922338932752609,0.45975591242313385,0.5256524562835694,9.707359806323418e-06,0.5256524562835694,23,0,True,False,False
EXP-H078,shadow,1,101,1e-05,1.0000000000000001e-07,24,168,0.44898684109960285,0.4609526991844177,0.5256457507610321,9.680447952607845e-06,0.5256457507610321,24,0,True,False,False
EXP-H078,shadow,1,101,1e-05,1.0000000000000001e-07,25,175,0.4101252832583019,0.4621095061302185,0.525771552324295,9.652393605146845e-06,0.5256457507610321,24,1,False,False,False
EXP-H078,shadow,1,101,1e-05,1.0000000000000001e-07,26,182,0.5435760532106672,0.4638511687517166,0.5263836920261382,9.62320368593087e-06,0.5256457507610321,24,2,False,False,False
EXP-H078,shadow,1,101,1e-05,1.0000000000000001e-07,27,189,0.5341514348983765,0.46491900086402893,0.5268592796325684,9.592885397135707e-06,0.5256457507610321,24,3,False,False,False
EXP-H078,shadow,1,101,1e-05,1.0000000000000001e-07,28,196,0.3939410591764109,0.4648308753967285,0.5267960987091065,9.561446219345455e-06,0.5256457507610321,24,4,False,False,False
EXP-H078,shadow,1,101,1e-05,1.0000000000000001e-07,29,203,0.4365710701261248,0.4650803506374359,0.5269533655643464,9.528893909706798e-06,0.5256457507610321,24,5,False,False,False
EXP-H078,shadow,1,101,1e-05,1.0000000000000001e-07,30,210,0.5014687031507492,0.4649488627910614,0.5268668196201325,9.495236500015048e-06,0.5256457507610321,24,6,False,False,False
EXP-H078,shadow,1,101,1e-05,1.0000000000000001e-07,31,217,0.39863291452638805,0.4627566337585449,0.5259351968765258,9.460482294732422e-06,0.5256457507610321,24,7,False,False,False
EXP-H078,shadow,1,101,1e-05,1.0000000000000001e-07,32,224,0.39916095776217325,0.4603164792060852,0.5255010604858399,9.424639868939035e-06,0.5255010604858399,32,0,True,False,False
EXP-H078,shadow,1,101,1e-05,1.0000000000000001e-07,33,231,0.49480519550187246,0.4586945027112961,0.5254795730113984,9.387718066217125e-06,0.5254795730113984,33,0,True,False,False
EXP-H078,shadow,1,101,1e-05,1.0000000000000001e-07,34,238,0.3983298657195909,0.45775315165519714,0.5254647016525269,9.349725996469047e-06,0.5254647016525269,34,0,True,False,False
EXP-H078,shadow,1,101,1e-05,1.0000000000000001e-07,35,245,0.43578570229666574,0.45783817768096924,0.525461095571518,9.310673033669522e-06,0.525461095571518,35,0,True,False,False
EXP-H078,shadow,1,101,1e-05,1.0000000000000001e-07,36,252,0.4004581315176828,0.45789510011672974,0.5254441678524018,9.270568813552757e-06,0.5254441678524018,36,0,True,False,False
EXP-H078,shadow,1,101,1e-05,1.0000000000000001e-07,37,259,0.39181048423051834,0.4581819474697113,0.5254205346107483,9.229423231234975e-06,0.5254205346107483,37,0,True,False,False
EXP-H078,shadow,1,101,1e-05,1.0000000000000001e-07,38,266,0.8749039684023175,0.4595886915922165,0.5254113852977753,9.18724643877294e-06,0.5254113852977753,38,0,True,False,False
EXP-H078,shadow,1,101,1e-05,1.0000000000000001e-07,39,273,0.41263743170670103,0.4604496657848358,0.525400447845459,9.144048842659081e-06,0.525400447845459,39,0,True,False,False
EXP-H078,shadow,1,101,1e-05,1.0000000000000001e-07,40,280,0.3906762974552943,0.46137386560440063,0.5253803908824921,9.099841101253867e-06,0.5253803908824921,40,0,True,False,False
EXP-H078,shadow,1,101,1e-05,1.0000000000000001e-07,41,287,0.4107885020119803,0.4621814340353012,0.5256126463413238,9.054634122155991e-06,0.5253803908824921,40,1,False,False,False
EXP-H078,shadow,1,101,1e-05,1.0000000000000001e-07,42,294,0.47743330895900726,0.4623042643070221,0.5256485879421233,9.0084390595111e-06,0.5253803908824921,40,2,False,False,False
EXP-H078,shadow,1,101,1e-05,1.0000000000000001e-07,43,301,0.4079637958535126,0.46265609562397003,0.5257620155811309,8.961267311259668e-06,0.5253803908824921,40,3,False,False,False
EXP-H078,shadow,1,101,1e-05,1.0000000000000001e-07,44,308,0.4101306412901197,0.4631218910217285,0.5259121596813201,8.913130516324733e-06,0.5253803908824921,40,4,False,False,False
EXP-H078,shadow,1,101,1e-05,1.0000000000000001e-07,45,315,0.42178008386066984,0.4630088657140732,0.5258648633956908,8.864040551740158e-06,0.5253803908824921,40,5,False,False,False
EXP-H078,shadow,1,101,1e-05,1.0000000000000001e-07,46,322,0.41167713914598736,0.46212658286094666,0.5255374252796172,8.814009529720155e-06,0.5253803908824921,40,6,False,False,False
EXP-H078,shadow,1,101,1e-05,1.0000000000000001e-07,47,329,0.43261117807456423,0.4601191282272339,0.5252826988697052,8.763049794670776e-06,0.5252826988697052,47,0,True,False,False
EXP-H078,shadow,1,101,1e-05,1.0000000000000001e-07,48,336,0.4050821917397635,0.4587721526622772,0.52527214884758,8.711173920144118e-06,0.52527214884758,48,0,True,False,False
EXP-H078,shadow,1,101,1e-05,1.0000000000000001e-07,49,343,0.40706101804971695,0.45792192220687866,0.525258082151413,8.658394705735988e-06,0.525258082151413,49,0,True,False,False
EXP-H078,shadow,1,101,1e-05,1.0000000000000001e-07,50,350,0.42186210623809267,0.4582194983959198,0.5252398133277894,8.604725173927786e-06,0.5252398133277894,50,0,True,False,False
EXP-H078,shadow,1,101,1e-05,1.0000000000000001e-07,51,357,0.38473447265901733,0.4591788649559021,0.5252268493175507,8.550178566873412e-06,0.5252268493175507,51,0,True,False,False
EXP-H078,shadow,1,101,1e-05,1.0000000000000001e-07,52,364,0.40586538133876665,0.4599791467189789,0.5252160012722016,8.494768343131955e-06,0.5252160012722016,52,0,True,False,False
EXP-H078,shadow,1,101,1e-05,1.0000000000000001e-07,53,371,0.476831500019346,0.4608525484800339,0.5252113521099091,8.43850817434701e-06,0.5252113521099091,53,0,True,False,False
EXP-H078,shadow,1,101,1e-05,1.0000000000000001e-07,54,378,0.3921719318189259,0.4608392119407654,0.5252012789249421,8.381411941873379e-06,0.5252012789249421,54,0,True,False,False
EXP-H078,shadow,1,101,1e-05,1.0000000000000001e-07,55,385,0.4210789608103888,0.4607197493314743,0.5251876890659333,8.323493733352078e-06,0.5251876890659333,55,0,True,False,False
EXP-H078,shadow,1,101,1e-05,1.0000000000000001e-07,56,392,0.5401915184089116,0.4609241783618927,0.5251746654510498,8.26476783923441e-06,0.5251746654510498,56,0,True,False,False
EXP-H078,shadow,1,101,1e-05,1.0000000000000001e-07,57,399,0.40753843794975964,0.4607631266117096,0.5251604199409485,8.205248749256014e-06,0.5251604199409485,57,0,True,False,False
EXP-H078,shadow,1,101,1e-05,1.0000000000000001e-07,58,406,0.3856463174867843,0.4608823359012604,0.5251532077789307,8.144951148861743e-06,0.5251532077789307,58,0,True,False,False
EXP-H078,shadow,1,101,1e-05,1.0000000000000001e-07,59,413,0.7167549090726035,0.4607142210006714,0.5251432538032532,8.083889915582235e-06,0.5251432538032532,59,0,True,False,False
EXP-H078,shadow,1,101,1e-05,1.0000000000000001e-07,60,420,0.3814505025677915,0.4598940908908844,0.5251200079917908,8.022080115363127e-06,0.5251200079917908,60,0,True,False,False
EXP-H078,shadow,1,101,1e-05,1.0000000000000001e-07,61,427,0.6183617881366185,0.4599026143550873,0.5250970602035523,7.959536998847744e-06,0.5250970602035523,61,0,True,False,False
EXP-H078,shadow,1,101,1e-05,1.0000000000000001e-07,62,434,0.40665815132004873,0.45972537994384766,0.5250892817974091,7.89627599761423e-06,0.5250892817974091,62,0,True,False,False
EXP-H078,shadow,1,101,1e-05,1.0000000000000001e-07,63,441,0.3809837427522455,0.46023595333099365,0.5250852286815644,7.832312720368048e-06,0.5250852286815644,63,0,True,False,False
EXP-H078,shadow,1,101,1e-05,1.0000000000000001e-07,64,448,0.40528723171779085,0.46040666103363037,0.5250809669494629,7.767662949090754e-06,0.5250809669494629,64,0,True,False,False
EXP-H078,shadow,1,101,1e-05,1.0000000000000001e-07,65,455,0.40579324641398024,0.4603721499443054,0.5250692248344422,7.702342635146033e-06,0.5250692248344422,65,0,True,False,False
EXP-H078,shadow,1,101,1e-05,1.0000000000000001e-07,66,462,0.40067863783666063,0.4606378823518753,0.5250539958477021,7.636367895343947e-06,0.5250539958477021,66,0,True,False,False
EXP-H078,shadow,1,101,1e-05,1.0000000000000001e-07,67,469,0.4634737308536257,0.4614253640174866,0.5250441968441009,7.5697550079643376e-06,0.5250441968441009,67,0,True,False,False
EXP-H078,shadow,1,101,1e-05,1.0000000000000001e-07,68,476,0.39665175335747854,0.4622897356748581,0.5253507435321807,7.502520408740418e-06,0.5250441968441009,67,1,False,False,False
EXP-H078,shadow,1,101,1e-05,1.0000000000000001e-07,69,483,0.3964162246144757,0.46355298161506653,0.5258030853271485,7.43468068680349e-06,0.5250441968441009,67,2,False,False,False
EXP-H078,shadow,1,101,1e-05,1.0000000000000001e-07,70,490,0.45707734142030987,0.4634418785572052,0.5257357895374297,7.366252580589839e-06,0.5250441968441009,67,3,False,False,False
EXP-H078,shadow,1,101,1e-05,1.0000000000000001e-07,71,497,0.4000288929258074,0.46330833435058594,0.5256962418556212,7.297252973710756e-06,0.5250441968441009,67,4,False,False,False
EXP-H078,shadow,1,101,1e-05,1.0000000000000001e-07,72,504,0.4129022295985903,0.46263161301612854,0.525464230775833,7.227698890786779e-06,0.5250441968441009,67,5,False,False,False
EXP-H078,shadow,1,101,1e-05,1.0000000000000001e-07,73,511,0.5561922873769488,0.4627777636051178,0.5255085170269012,7.15760749324711e-06,0.5250441968441009,67,6,False,False,False
EXP-H078,shadow,1,101,1e-05,1.0000000000000001e-07,74,518,0.4243034975869315,0.46344074606895447,0.5257325432300568,7.086996075095289e-06,0.5250441968441009,67,7,False,False,False
EXP-H078,shadow,1,101,1e-05,1.0000000000000001e-07,75,525,0.4280404086623873,0.4630129635334015,0.5255735754966735,7.015882058642164e-06,0.5250441968441009,67,8,False,False,False
EXP-H078,shadow,1,101,1e-05,1.0000000000000001e-07,76,532,0.3841672356772636,0.46343764662742615,0.5257272980213166,6.9442829902071945e-06,0.5250441968441009,67,9,False,False,False
EXP-H078,shadow,1,101,1e-05,1.0000000000000001e-07,77,539,0.42936777642795015,0.4626549780368805,0.5254467368125915,6.8722165357891564e-06,0.5250441968441009,67,10,False,False,False
EXP-H078,shadow,1,101,1e-05,1.0000000000000001e-07,78,546,0.47045228098120007,0.46156589686870575,0.5250497102737426,6.799700476707323e-06,0.5250441968441009,67,11,False,False,False
EXP-H078,shadow,1,101,1e-05,1.0000000000000001e-07,79,553,0.4784042462706566,0.46138904988765717,0.5249772012233733,6.726752705214193e-06,0.5249772012233733,79,0,True,False,False
EXP-H078,shadow,1,101,1e-05,1.0000000000000001e-07,80,560,0.44336163784776417,0.4608197957277298,0.5249602377414704,6.65339122008084e-06,0.5249602377414704,80,0,True,False,False
EXP-H078,shadow,1,101,1e-05,1.0000000000000001e-07,81,567,0.43802917855126516,0.4604025185108185,0.5249576151371003,6.57963412215599e-06,0.5249576151371003,81,0,True,False,False
EXP-H078,shadow,1,101,1e-05,1.0000000000000001e-07,82,574,0.5035606835569654,0.4606692045927048,0.524955290555954,6.505499609899905e-06,0.524955290555954,82,0,True,False,False
EXP-H078,shadow,1,101,1e-05,1.0000000000000001e-07,83,581,0.40455137512513567,0.46072952449321747,0.5249545753002167,6.431005974894185e-06,0.5249545753002167,83,0,True,False,False
EXP-H078,shadow,1,101,1e-05,1.0000000000000001e-07,84,588,0.42631558435303823,0.4613400846719742,0.5249546051025391,6.356171597328595e-06,0.5249545753002167,83,1,False,False,False
EXP-H078,shadow,1,101,1e-05,1.0000000000000001e-07,85,595,0.3997554693903242,0.4618733823299408,0.5251194775104522,6.28101494146603e-06,0.5249545753002167,83,2,False,False,False
EXP-H078,shadow,1,101,1e-05,1.0000000000000001e-07,86,602,0.38361852935382296,0.46283896267414093,0.5254479885101317,6.205554551086732e-06,0.5249545753002167,83,3,False,False,False
EXP-H078,shadow,1,101,1e-05,1.0000000000000001e-07,87,609,0.4870977657181876,0.4636470228433609,0.5258339009284974,6.129809044912887e-06,0.5249545753002167,83,4,False,False,False
EXP-H078,shadow,1,101,1e-05,1.0000000000000001e-07,88,616,0.4210806829588754,0.4632381796836853,0.5255649030208587,6.053797112014738e-06,0.5249545753002167,83,5,False,False,False
EXP-H078,shadow,1,101,1e-05,1.0000000000000001e-07,89,623,0.4029753392429224,0.46239379048347473,0.5252694725990295,5.977537507199338e-06,0.5249545753002167,83,6,False,False,False
EXP-H078,shadow,1,101,1e-05,1.0000000000000001e-07,90,630,0.3827783912420273,0.4618609547615051,0.5250670254230498,5.901049046383077e-06,0.5249545753002167,83,7,False,False,False
EXP-H078,shadow,1,101,1e-05,1.0000000000000001e-07,91,637,0.3966887457562344,0.461431086063385,0.524894618988037,5.824350601949143e-06,0.524894618988037,91,0,True,False,False
EXP-H078,shadow,1,101,1e-05,1.0000000000000001e-07,92,644,0.3999338203242847,0.4614476412534714,0.5248919367790221,5.7474610980910354e-06,0.5248919367790221,92,0,True,False,False
EXP-H078,shadow,1,101,1e-05,1.0000000000000001e-07,93,651,0.39284934209925787,0.461758628487587,0.5250010132789611,5.6703995061433075e-06,0.5248919367790221,92,1,False,False,False
EXP-H078,shadow,1,101,1e-05,1.0000000000000001e-07,94,658,0.6983847277505058,0.4620458632707596,0.5251006722450255,5.5931848399006745e-06,0.5248919367790221,92,2,False,False,False
EXP-H078,shadow,1,101,1e-05,1.0000000000000001e-07,95,665,0.40280206341828617,0.4618586301803589,0.5250282526016234,5.515836150926646e-06,0.5248919367790221,92,3,False,False,False
EXP-H078,shadow,1,101,1e-05,1.0000000000000001e-07,96,672,0.40935157239437103,0.4619450569152832,0.5250502467155456,5.438372523852833e-06,0.5248919367790221,92,4,False,False,False
EXP-H078,shadow,1,101,1e-05,1.0000000000000001e-07,97,679,0.3830482821379389,0.4623454809188843,0.5251821517944335,5.360813071670101e-06,0.5248919367790221,92,5,False,False,False
EXP-H078,shadow,1,101,1e-05,1.0000000000000001e-07,98,686,0.38921096249084386,0.46259477734565735,0.5252609193325042,5.283176931012731e-06,0.5248919367790221,92,6,False,False,False
EXP-H078,shadow,1,101,1e-05,1.0000000000000001e-07,99,693,0.37328654647405657,0.4623986780643463,0.52518972158432,5.205483257436735e-06,0.5248919367790221,92,7,False,False,False
EXP-H078,shadow,1,101,1e-05,1.0000000000000001e-07,100,700,0.3997636171323912,0.4620613753795624,0.5250704526901244,5.127751220693512e-06,0.5248919367790221,92,8,False,False,False
EXP-H078,shadow,1,101,1e-05,1.0000000000000001e-07,101,707,0.40515676639708026,0.46215304732322693,0.5250950694084167,5.05e-06,0.5248919367790221,92,9,False,False,False
EXP-H078,shadow,1,101,1e-05,1.0000000000000001e-07,102,714,0.413019848721368,0.46234939992427826,0.5251571178436278,4.972248779306488e-06,0.5248919367790221,92,10,False,False,False
EXP-H078,shadow,1,101,1e-05,1.0000000000000001e-07,103,721,0.40205749017851694,0.46223184466362,0.5251041591167449,4.8945167425632645e-06,0.5248919367790221,92,11,False,False,False
EXP-H078,shadow,1,101,1e-05,1.0000000000000001e-07,104,728,0.43254293714250835,0.46171730756759644,0.5249069571495055,4.816823068987269e-06,0.5248919367790221,92,12,False,False,False
EXP-H078,shadow,1,101,1e-05,1.0000000000000001e-07,105,735,0.4077922297375543,0.4612131863832474,0.5247148454189301,4.7391869283298985e-06,0.5247148454189301,105,0,True,False,False
EXP-H078,shadow,1,101,1e-05,1.0000000000000001e-07,106,742,0.38537875775779995,0.4608016610145569,0.5246947288513184,4.661627476147168e-06,0.5246947288513184,106,0,True,False,False
EXP-H078,shadow,1,101,1e-05,1.0000000000000001e-07,107,749,0.3983433736222131,0.4600888192653656,0.52467440366745,4.584163849073354e-06,0.52467440366745,107,0,True,False,False
EXP-H078,shadow,1,101,1e-05,1.0000000000000001e-07,108,756,0.6533717640808651,0.4602145552635193,0.5246662080287934,4.506815160099326e-06,0.5246662080287934,108,0,True,False,False
EXP-H078,shadow,1,101,1e-05,1.0000000000000001e-07,109,763,0.4523720570972988,0.4596533179283142,0.5246503829956055,4.429600493856694e-06,0.5246503829956055,109,0,True,False,False
EXP-H078,shadow,1,101,1e-05,1.0000000000000001e-07,110,770,0.40758724829980303,0.4597865045070648,0.5246368229389191,4.352538901908967e-06,0.5246368229389191,110,0,True,False,False
EXP-H078,shadow,1,101,1e-05,1.0000000000000001e-07,111,777,0.3896637409925461,0.4594341218471527,0.5246271371841431,4.275649398050858e-06,0.5246271371841431,111,0,True,False,False
EXP-H078,shadow,1,101,1e-05,1.0000000000000001e-07,112,784,0.401478150593383,0.4592442959547043,0.5246138453483582,4.198950953616922e-06,0.5246138453483582,112,0,True,False,False
EXP-H078,shadow,1,101,1e-05,1.0000000000000001e-07,113,791,0.418274245091847,0.4595698118209839,0.524614828824997,4.122462492800663e-06,0.5246138453483582,112,1,False,False,False
EXP-H078,shadow,1,101,1e-05,1.0000000000000001e-07,114,798,0.951036159481321,0.46001195907592773,0.524612981081009,4.046202887985263e-06,0.524612981081009,114,0,True,False,False
EXP-H078,shadow,1,101,1e-05,1.0000000000000001e-07,115,805,0.39955389712538036,0.46000735461711884,0.5246091663837433,3.970190955087116e-06,0.5246091663837433,115,0,True,False,False
EXP-H078,shadow,1,101,1e-05,1.0000000000000001e-07,116,812,0.5721888329301562,0.46026647090911865,0.5246038615703583,3.894445448913268e-06,0.5246038615703583,116,0,True,False,False
EXP-H078,shadow,1,101,1e-05,1.0000000000000001e-07,117,819,0.3926749421017511,0.4602236896753311,0.5245968282222748,3.818985058533969e-06,0.5245968282222748,117,0,True,False,False
EXP-H078,shadow,1,101,1e-05,1.0000000000000001e-07,118,826,0.41345306592328207,0.4603990316390991,0.5245919704437256,3.7438284026714044e-06,0.5245919704437256,118,0,True,False,False
EXP-H078,shadow,1,101,1e-05,1.0000000000000001e-07,119,833,0.4113689235278538,0.46054792404174805,0.5245850861072541,3.6689940251058153e-06,0.5245850861072541,119,0,True,False,False
EXP-H078,shadow,1,101,1e-05,1.0000000000000001e-07,120,840,0.42761699642453876,0.4607388377189636,0.5245850563049317,3.594500390100096e-06,0.5245850563049317,120,0,True,False,False
EXP-H078,shadow,1,101,1e-05,1.0000000000000001e-07,121,847,0.829502957207816,0.46070238947868347,0.5245948314666748,3.5203658778440116e-06,0.5245850563049317,120,1,False,False,False
EXP-H078,shadow,1,101,1e-05,1.0000000000000001e-07,122,854,0.4073421577257769,0.4605403244495392,0.5245956957340241,3.4466087799191603e-06,0.5245850563049317,120,2,False,False,False
EXP-H078,shadow,1,101,1e-05,1.0000000000000001e-07,123,861,0.3932198206228869,0.4606258273124695,0.5245927453041077,3.3732472947858077e-06,0.5245850563049317,120,3,False,False,False
EXP-H078,shadow,1,101,1e-05,1.0000000000000001e-07,124,868,0.39627463343952385,0.4606277048587799,0.5245881259441376,3.300299523292678e-06,0.5245850563049317,120,4,False,False,False
EXP-H078,shadow,1,101,1e-05,1.0000000000000001e-07,125,875,0.7298025063105992,0.4611573666334152,0.5245883047580719,3.227783464210845e-06,0.5245850563049317,120,5,False,False,False
EXP-H078,shadow,1,101,1e-05,1.0000000000000001e-07,126,882,0.5089346553598132,0.46088874340057373,0.5245845198631287,3.155717009792807e-06,0.5245845198631287,126,0,True,False,False
EXP-H078,shadow,1,101,1e-05,1.0000000000000001e-07,127,889,0.41595437484128134,0.4609394073486328,0.5245789766311646,3.0841179413578354e-06,0.5245789766311646,127,0,True,False,False
EXP-H078,shadow,1,101,1e-05,1.0000000000000001e-07,128,896,0.3860157039016485,0.46095040440559387,0.5245683670043946,3.0130039249047117e-06,0.5245683670043946,128,0,True,False,False
EXP-H078,shadow,1,101,1e-05,1.0000000000000001e-07,129,903,0.46761313932282583,0.4611898362636566,0.5245792806148528,2.9423925067528904e-06,0.5245683670043946,128,1,False,False,False
EXP-H078,shadow,1,101,1e-05,1.0000000000000001e-07,130,910,0.871047841651099,0.46111294627189636,0.5245592176914216,2.87230110921322e-06,0.5245592176914216,130,0,True,False,False
EXP-H078,shadow,1,101,1e-05,1.0000000000000001e-07,131,917,0.40215169319084715,0.46087639033794403,0.5245540320873261,2.8027470262892435e-06,0.5245540320873261,131,0,True,False,False
EXP-H078,shadow,1,101,1e-05,1.0000000000000001e-07,132,924,0.38891962968877386,0.4608834683895111,0.5245513200759888,2.7337474194101625e-06,0.5245513200759888,132,0,True,False,False
EXP-H078,shadow,1,101,1e-05,1.0000000000000001e-07,133,931,0.39518154891473906,0.46084749698638916,0.524550873041153,2.6653193131965085e-06,0.524550873041153,133,0,True,False,False
EXP-H078,shadow,1,101,1e-05,1.0000000000000001e-07,134,938,0.442094019481114,0.4609786868095398,0.524551796913147,2.5974795912595824e-06,0.524550873041153,133,1,False,False,False
EXP-H078,shadow,1,101,1e-05,1.0000000000000001e-07,135,945,0.5505003120218005,0.46062541007995605,0.5245497703552247,2.530244992035662e-06,0.5245497703552247,135,0,True,False,False
EXP-H078,shadow,1,101,1e-05,1.0000000000000001e-07,136,952,0.38284519660685745,0.4604162573814392,0.5245457470417023,2.4636321046560533e-06,0.5245457470417023,136,0,True,False,False
EXP-H078,shadow,1,101,1e-05,1.0000000000000001e-07,137,959,0.39639580215901205,0.4604168236255646,0.5245419919490815,2.3976573648539653e-06,0.5245419919490815,137,0,True,False,False
EXP-H078,shadow,1,101,1e-05,1.0000000000000001e-07,138,966,0.4225324647767203,0.46028508245944977,0.524539190530777,2.332337050909247e-06,0.524539190530777,138,0,True,False,False
EXP-H078,shadow,1,101,1e-05,1.0000000000000001e-07,139,973,0.4153397743191038,0.4602505713701248,0.5245370149612427,2.267687279631953e-06,0.5245370149612427,139,0,True,False,False
EXP-H078,shadow,1,101,1e-05,1.0000000000000001e-07,140,980,0.38994383226547924,0.4602976143360138,0.5245319187641144,2.2037240023857708e-06,0.5245319187641144,140,0,True,False,False
EXP-H078,shadow,1,101,1e-05,1.0000000000000001e-07,141,987,0.3879845416439431,0.46048906445503235,0.5245312929153443,2.1404630011522584e-06,0.5245312929153443,141,0,True,False,False
EXP-H078,shadow,1,101,1e-05,1.0000000000000001e-07,142,994,0.42078003713062834,0.4607250690460205,0.5245282828807831,2.0779198846368745e-06,0.5245282828807831,142,0,True,False,False
EXP-H078,shadow,1,101,1e-05,1.0000000000000001e-07,143,1001,0.4209850345339094,0.4609376788139343,0.5245240807533265,2.0161100844177658e-06,0.5245240807533265,143,0,True,False,False
EXP-H078,shadow,1,101,1e-05,1.0000000000000001e-07,144,1008,0.4005841038056782,0.46108733117580414,0.5245185375213623,1.9550488511382593e-06,0.5245185375213623,144,0,True,False,False
EXP-H078,shadow,1,101,1e-05,1.0000000000000001e-07,145,1015,0.4705774911812374,0.4613918960094452,0.5246107816696166,1.894751250743986e-06,0.5245185375213623,144,1,False,False,False
EXP-H078,shadow,1,101,1e-05,1.0000000000000001e-07,146,1022,0.38969356905935065,0.46120384335517883,0.5245382130146026,1.8352321607655916e-06,0.5245185375213623,144,2,False,False,False
EXP-H078,shadow,1,101,1e-05,1.0000000000000001e-07,147,1029,0.40910175123385023,0.46116308867931366,0.5245212256908416,1.7765062666479242e-06,0.5245185375213623,144,3,False,False,False
EXP-H078,shadow,1,101,1e-05,1.0000000000000001e-07,148,1036,0.3760902805786048,0.4611492305994034,0.524514877796173,1.7185880581266217e-06,0.524514877796173,148,0,True,False,False
EXP-H078,shadow,1,101,1e-05,1.0000000000000001e-07,149,1043,0.3884645441014852,0.4612845480442047,0.5245631873607635,1.6614918256529908e-06,0.524514877796173,148,1,False,False,False
EXP-H078,shadow,1,101,1e-05,1.0000000000000001e-07,150,1050,0.40030576129044804,0.46134161949157715,0.5245818138122558,1.6052316568680442e-06,0.524514877796173,148,2,False,False,False
EXP-H078,shadow,1,101,1e-05,1.0000000000000001e-07,151,1057,0.43262868906770435,0.4612785577774048,0.5245572566986083,1.5498214331265902e-06,0.524514877796173,148,3,False,False,False
EXP-H078,shadow,1,101,1e-05,1.0000000000000001e-07,152,1064,0.3923044457166855,0.4611824154853821,0.524521255493164,1.495274826072216e-06,0.524514877796173,148,4,False,False,False
EXP-H078,shadow,1,101,1e-05,1.0000000000000001e-07,153,1071,0.3802825515823705,0.46103405952453613,0.5244962751865387,1.441605294264014e-06,0.5244962751865387,153,0,True,False,False
EXP-H078,shadow,1,101,1e-05,1.0000000000000001e-07,154,1078,0.3917253166437149,0.46099719405174255,0.524492222070694,1.3888260798558817e-06,0.524492222070694,154,0,True,False,False
EXP-H078,shadow,1,101,1e-05,1.0000000000000001e-07,155,1085,0.5542466044425964,0.46107317507267,0.5244893014431,1.3369502053292252e-06,0.5244893014431,155,0,True,False,False
EXP-H078,shadow,1,101,1e-05,1.0000000000000001e-07,156,1092,0.3846504826630865,0.46108579635620117,0.5244870662689209,1.285990470279847e-06,0.5244870662689209,156,0,True,False,False
EXP-H078,shadow,1,101,1e-05,1.0000000000000001e-07,157,1099,0.6945895722934178,0.4610261023044586,0.5244849503040314,1.2359594482598438e-06,0.5244849503040314,157,0,True,False,False
EXP-H078,shadow,1,101,1e-05,1.0000000000000001e-07,158,1106,0.37993160339205395,0.46087560057640076,0.5244820594787598,1.1868694836752686e-06,0.5244820594787598,158,0,True,False,False
EXP-H078,shadow,1,101,1e-05,1.0000000000000001e-07,159,1113,0.3884497228510944,0.46079637110233307,0.524480152130127,1.1387326887403326e-06,0.524480152130127,159,0,True,False,False
EXP-H078,shadow,1,101,1e-05,1.0000000000000001e-07,160,1120,0.41312319678919657,0.46079039573669434,0.5244787514209748,1.0915609404889017e-06,0.5244787514209748,160,0,True,False,False
EXP-H078,shadow,1,101,1e-05,1.0000000000000001e-07,161,1127,0.7431274609906333,0.4607866555452347,0.5244792878627778,1.0453658778440107e-06,0.5244787514209748,160,1,False,False,False
EXP-H078,shadow,1,101,1e-05,1.0000000000000001e-07,162,1134,0.37837459882056074,0.46062274277210236,0.524479764699936,1.0001588987461348e-06,0.5244787514209748,160,2,False,False,False
EXP-H078,shadow,1,101,1e-05,1.0000000000000001e-07,163,1141,0.4268981771809714,0.46064090728759766,0.5244804501533509,9.559511573409195e-07,0.5244787514209748,160,3,False,False,False
EXP-H078,shadow,1,101,1e-05,1.0000000000000001e-07,164,1148,0.6844448106629508,0.46050526201725006,0.524479228258133,9.127535612270632e-07,0.5244787514209748,160,4,False,False,False
EXP-H078,shadow,1,101,1e-05,1.0000000000000001e-07,165,1155,0.4516125236238752,0.4603688567876816,0.5244782745838166,8.705767687650265e-07,0.5244782745838166,165,0,True,False,False
EXP-H078,shadow,1,101,1e-05,1.0000000000000001e-07,166,1162,0.3962012965764318,0.4603293836116791,0.524476844072342,8.294311864472448e-07,0.524476844072342,166,0,True,False,False
EXP-H078,shadow,1,101,1e-05,1.0000000000000001e-07,167,1169,0.43651530146598816,0.4603603482246399,0.5244756519794465,7.893269663304784e-07,0.5244756519794465,167,0,True,False,False
EXP-H078,shadow,1,101,1e-05,1.0000000000000001e-07,168,1176,0.42340839334896635,0.46040213108062744,0.5244741022586823,7.50274003530953e-07,0.5244741022586823,168,0,True,False,False
EXP-H078,shadow,1,101,1e-05,1.0000000000000001e-07,169,1183,0.4235419290406363,0.4604363888502121,0.524472999572754,7.122819337828752e-07,0.524472999572754,169,0,True,False,False
EXP-H078,shadow,1,101,1e-05,1.0000000000000001e-07,170,1190,0.6616909950971603,0.4604986011981964,0.5244701385498047,6.753601310609673e-07,0.5244701385498047,170,0,True,False,False
EXP-H078,shadow,1,101,1e-05,1.0000000000000001e-07,171,1197,0.37962619076798937,0.4604373425245285,0.5244680523872376,6.395177052675794e-07,0.5244680523872376,171,0,True,False,False
EXP-H078,shadow,1,101,1e-05,1.0000000000000001e-07,172,1204,0.3949107498046942,0.46040113270282745,0.5244665920734406,6.047634999849531e-07,0.5244665920734406,172,0,True,False,False
EXP-H078,shadow,1,101,1e-05,1.0000000000000001e-07,173,1211,0.39527252960085335,0.460422083735466,0.5244668304920197,5.711060902932043e-07,0.5244665920734406,172,1,False,False,False
EXP-H078,shadow,1,101,1e-05,1.0000000000000001e-07,174,1218,0.39644218262817177,0.46045689284801483,0.5244674563407898,5.385537806545469e-07,0.5244665920734406,172,2,False,False,False
EXP-H078,shadow,1,101,1e-05,1.0000000000000001e-07,175,1225,0.41143302832330975,0.4603961408138275,0.5244682312011719,5.071146028642944e-07,0.5244665920734406,172,3,False,False,False
EXP-H078,shadow,1,101,1e-05,1.0000000000000001e-07,176,1232,0.3850309516170195,0.46035781502723694,0.5244693040847779,4.7679631406913176e-07,0.5244665920734406,172,4,False,False,False
EXP-H078,shadow,1,101,1e-05,1.0000000000000001e-07,177,1239,0.40776013902255465,0.4604114592075348,0.5244705259799958,4.4760639485315585e-07,0.5244665920734406,172,5,False,False,False
EXP-H078,shadow,1,101,1e-05,1.0000000000000001e-07,178,1246,0.6771180757454464,0.4603918343782425,0.5244704067707062,4.195520473921565e-07,0.5244665920734406,172,6,False,False,False
EXP-H078,shadow,1,101,1e-05,1.0000000000000001e-07,179,1253,0.37646149208636154,0.4603479951620102,0.5244698107242585,3.92640193676584e-07,0.5244665920734406,172,7,False,False,False
EXP-H078,shadow,1,101,1e-05,1.0000000000000001e-07,180,1260,0.4551071311746325,0.46030350029468536,0.5244691550731659,3.668774738036508e-07,0.5244665920734406,172,8,False,False,False
EXP-H078,shadow,1,101,1e-05,1.0000000000000001e-07,181,1267,0.7383393283401217,0.4602924585342407,0.5244695127010346,3.4227024433899004e-07,0.5244665920734406,172,9,False,False,False
EXP-H078,shadow,1,101,1e-05,1.0000000000000001e-07,182,1274,0.3968319520354271,0.4602561891078949,0.5244694828987122,3.188245767482659e-07,0.5244665920734406,172,10,False,False,False
EXP-H078,shadow,1,101,1e-05,1.0000000000000001e-07,183,1281,0.39305325005469577,0.46025997400283813,0.5244696915149689,2.9654625589913237e-07,0.5244665920734406,172,11,False,False,False
EXP-H078,shadow,1,101,1e-05,1.0000000000000001e-07,184,1288,0.3970330815230097,0.46025702357292175,0.5244699895381928,2.754407786339001e-07,0.5244665920734406,172,12,False,False,False
EXP-H078,shadow,1,101,1e-05,1.0000000000000001e-07,185,1295,0.43418486203466145,0.46026137471199036,0.5244702577590943,2.555133524132767e-07,0.5244665920734406,172,13,False,False,False
EXP-H078,shadow,1,101,1e-05,1.0000000000000001e-07,186,1302,0.40232975674527033,0.46024757623672485,0.5244700193405152,2.3676889403150103e-07,0.5244665920734406,172,14,False,False,False
EXP-H078,shadow,1,101,1e-05,1.0000000000000001e-07,187,1309,0.5469152884823936,0.46023136377334595,0.524469542503357,2.1921202840320077e-07,0.5244665920734406,172,15,False,False,False
EXP-H078,shadow,1,101,1e-05,1.0000000000000001e-07,188,1316,0.40539479974125114,0.46021805703639984,0.5244691252708436,2.0284708742225901e-07,0.5244665920734406,172,16,False,False,False
EXP-H078,shadow,1,101,1e-05,1.0000000000000001e-07,189,1323,0.4608632411275591,0.460231214761734,0.5244687080383301,1.8767810889299085e-07,0.5244665920734406,172,17,False,False,False
EXP-H078,shadow,1,101,1e-05,1.0000000000000001e-07,190,1330,0.4289759929691042,0.4602334499359131,0.5244683206081391,1.7370883553386935e-07,0.5244665920734406,172,18,False,False,False
EXP-H078,shadow,1,101,1e-05,1.0000000000000001e-07,191,1337,0.823822557926178,0.46024832129478455,0.5244682908058167,1.609427140540686e-07,0.5244665920734406,172,19,False,False,False
EXP-H078,shadow,1,101,1e-05,1.0000000000000001e-07,192,1344,0.41471547314098905,0.4602355659008026,0.5244679927825928,1.493828943030402e-07,0.5244665920734406,172,20,False,False,False
EXP-H078,shadow,1,101,1e-05,1.0000000000000001e-07,193,1351,0.412822744676045,0.4602282792329788,0.5244676947593689,1.3903222849333507e-07,0.5244665920734406,172,21,False,False,False
EXP-H078,shadow,1,101,1e-05,1.0000000000000001e-07,194,1358,0.6701589907918658,0.46022696793079376,0.5244676351547242,1.2989327049686101e-07,0.5244665920734406,172,22,False,False,False
EXP-H078,shadow,1,101,1e-05,1.0000000000000001e-07,195,1365,0.38658948242664337,0.46022912859916687,0.5244674861431122,1.2196827521475402e-07,0.5244665920734406,172,23,False,False,False
EXP-H078,shadow,1,101,1e-05,1.0000000000000001e-07,196,1372,0.3863410434153463,0.4602368324995041,0.5244674265384675,1.1525919802101659e-07,0.5244665920734406,172,24,False,False,False
EXP-H078,shadow,1,101,1e-05,1.0000000000000001e-07,197,1379,0.4246902550969805,0.4602416753768921,0.5244668602943421,1.097676942800558e-07,0.5244665920734406,172,25,False,False,False
EXP-H078,shadow,1,101,1e-05,1.0000000000000001e-07,198,1386,0.39698547404259443,0.4602547883987427,0.5244665622711182,1.0549511893824898e-07,0.5244665622711182,198,0,True,False,False
EXP-H078,shadow,1,101,1e-05,1.0000000000000001e-07,199,1393,0.5939089144979205,0.46025505661964417,0.5244661748409272,1.0244252618962859e-07,0.5244661748409272,199,0,True,False,False
EXP-H078,shadow,1,101,1e-05,1.0000000000000001e-07,200,1400,0.4063402701701437,0.4602467268705368,0.5244660258293152,1.006106692157801e-07,0.5244660258293152,200,0,True,False,False
EXP-H078,shadow,1,101,0.0001,1.0000000000000002e-06,1,7,0.41029557266405653,0.508815810084343,0.5598460624217987,0.0001,0.5598460624217987,1,0,True,False,False
EXP-H078,shadow,1,101,0.0001,1.0000000000000002e-06,2,14,0.44059585460594725,0.4808575212955475,0.5381999399662016,9.99938933078422e-05,0.5381999399662016,2,0,True,False,False
EXP-H078,shadow,1,101,0.0001,1.0000000000000002e-06,3,21,0.4417067574603217,0.4548298567533493,0.5256066126823424,9.997557473810373e-05,0.5256066126823424,3,0,True,False,False
EXP-H078,shadow,1,101,0.0001,1.0000000000000002e-06,4,28,0.4177349220429148,0.4631474167108536,0.5258018016815185,9.994504881061753e-05,0.5256066126823424,3,1,False,False,False
EXP-H078,shadow,1,101,0.0001,1.0000000000000002e-06,5,35,0.3991011306643486,0.4671408534049988,0.5278703532218934,9.990232305719945e-05,0.5256066126823424,3,2,False,False,False
EXP-H078,shadow,1,101,0.0001,1.0000000000000002e-06,6,42,0.4798053928783962,0.4616001397371292,0.5250306069850921,9.984740801978984e-05,0.5250306069850921,6,0,True,False,False
EXP-H078,shadow,1,101,0.0001,1.0000000000000002e-06,7,49,0.3964494322052425,0.45894452929496765,0.5247622609138489,9.978031724785247e-05,0.5247622609138489,7,0,True,False,False
EXP-H078,shadow,1,101,0.0001,1.0000000000000002e-06,8,56,0.38194336794341716,0.4602314680814743,0.5247754335403443,9.97010672950314e-05,0.5247622609138489,7,1,False,False,False
EXP-H078,shadow,1,101,0.0001,1.0000000000000002e-06,9,63,0.4108560425894601,0.4576970636844635,0.5246000766754151,9.960967771506667e-05,0.5246000766754151,9,0,True,False,False
EXP-H078,shadow,1,101,0.0001,1.0000000000000002e-06,10,70,0.39224523798163446,0.4549810588359833,0.5244078218936921,9.95061710569696e-05,0.5244078218936921,10,0,True,False,False
EXP-H078,shadow,1,101,0.0001,1.0000000000000002e-06,11,77,0.43139650779111044,0.4691580832004547,0.5291527862548828,9.939057285945933e-05,0.5244078218936921,10,1,False,False,False
EXP-H078,shadow,1,101,0.0001,1.0000000000000002e-06,12,84,0.3870755485924227,0.4732494652271271,0.532136684179306,9.926291164466132e-05,0.5244078218936921,10,2,False,False,False
EXP-H078,shadow,1,101,0.0001,1.0000000000000002e-06,13,91,0.5049113971846444,0.4655192494392395,0.5267830154895783,9.91232189110701e-05,0.5244078218936921,10,3,False,False,False
EXP-H078,shadow,1,101,0.0001,1.0000000000000002e-06,14,98,0.41485388789858135,0.4571433961391449,0.5245945930480957,9.897152912577741e-05,0.5244078218936921,10,4,False,False,False
EXP-H078,shadow,1,101,0.0001,1.0000000000000002e-06,15,105,0.42838467231818605,0.46226614713668823,0.5247028133869172,9.8807879715968e-05,0.5244078218936921,10,5,False,False,False
EXP-H078,shadow,1,101,0.0001,1.0000000000000002e-06,16,112,0.39641815330833197,0.4584033489227295,0.5242932319641114,9.8632311059685e-05,0.5242932319641114,16,0,True,False,False
EXP-H078,shadow,1,101,0.0001,1.0000000000000002e-06,17,119,0.6008290946483612,0.4545632600784302,0.524157601594925,9.844486647586725e-05,0.524157601594925,17,0,True,False,False
EXP-H078,shadow,1,101,0.0001,1.0000000000000002e-06,18,126,0.9217235743999481,0.45474475622177124,0.5239657938480378,9.824559221366101e-05,0.5239657938480378,18,0,True,False,False
EXP-H078,shadow,1,101,0.0001,1.0000000000000002e-06,19,133,0.4616897829941341,0.4539645165205002,0.5238625509738921,9.803453744100869e-05,0.5238625509738921,19,0,True,False,False
EXP-H078,shadow,1,101,0.0001,1.0000000000000002e-06,20,140,0.647779085806438,0.45285631716251373,0.5244612796306609,9.781175423251735e-05,0.5238625509738921,19,1,False,False,False
EXP-H078,shadow,1,101,0.0001,1.0000000000000002e-06,21,147,0.39541268591918716,0.45291298627853394,0.5237083239555358,9.757729755661011e-05,0.5237083239555358,21,0,True,False,False
EXP-H078,shadow,1,101,0.0001,1.0000000000000002e-06,22,154,0.41221397476536886,0.4570045471191406,0.5230494916439057,9.73312252619635e-05,0.5230494916439057,22,0,True,False,False
EXP-H078,shadow,1,101,0.0001,1.0000000000000002e-06,23,161,0.3909390648560865,0.4636346399784088,0.5251964888572693,9.707359806323417e-05,0.5230494916439057,22,1,False,False,False
EXP-H078,shadow,1,101,0.0001,1.0000000000000002e-06,24,168,0.44945879919188364,0.45461705327033997,0.5225512564182282,9.680447952607845e-05,0.5225512564182282,24,0,True,False,False
EXP-H078,shadow,1,101,0.0001,1.0000000000000002e-06,25,175,0.4005762668592589,0.4532315582036972,0.522555547952652,9.652393605146844e-05,0.5225512564182282,24,1,False,False,False
EXP-H078,shadow,1,101,0.0001,1.0000000000000002e-06,26,182,0.5052920771496636,0.4593958556652069,0.5229868493080139,9.623203685930869e-05,0.5225512564182282,24,2,False,False,False
EXP-H078,shadow,1,101,0.0001,1.0000000000000002e-06,27,189,0.5341032189982278,0.45976896584033966,0.5230575761795044,9.592885397135707e-05,0.5225512564182282,24,3,False,False,False
EXP-H078,shadow,1,101,0.0001,1.0000000000000002e-06,28,196,0.3865627824727978,0.4523058831691742,0.5218933923244475,9.561446219345454e-05,0.5218933923244475,28,0,True,False,False
EXP-H078,shadow,1,101,0.0001,1.0000000000000002e-06,29,203,0.45270403368132456,0.4536266475915909,0.521823126077652,9.528893909706797e-05,0.521823126077652,29,0,True,False,False
EXP-H078,shadow,1,101,0.0001,1.0000000000000002e-06,30,210,0.5371849877493722,0.4603812098503113,0.5233937165737153,9.495236500015047e-05,0.521823126077652,29,1,False,False,False
EXP-H078,shadow,1,101,0.0001,1.0000000000000002e-06,31,217,0.38314719325197594,0.4522399753332138,0.5210541367530823,9.460482294732421e-05,0.5210541367530823,31,0,True,False,False
EXP-H078,shadow,1,101,0.0001,1.0000000000000002e-06,32,224,0.38710567887340275,0.4496776759624481,0.5216757757663726,9.424639868939033e-05,0.5210541367530823,31,1,False,False,False
EXP-H078,shadow,1,101,0.0001,1.0000000000000002e-06,33,231,0.4985156868185316,0.44845961034297943,0.522097210407257,9.387718066217124e-05,0.5210541367530823,31,2,False,False,False
EXP-H078,shadow,1,101,0.0001,1.0000000000000002e-06,34,238,0.38970361300744116,0.44878852367401123,0.5212001008987426,9.349725996469047e-05,0.5210541367530823,31,3,False,False,False
EXP-H078,shadow,1,101,0.0001,1.0000000000000002e-06,35,245,0.39536601517881664,0.45290282368659973,0.5204880437850952,9.310673033669521e-05,0.5204880437850952,35,0,True,False,False
EXP-H078,shadow,1,101,0.0001,1.0000000000000002e-06,36,252,0.38508199953607153,0.45300786197185516,0.5208133063316345,9.270568813552756e-05,0.5204880437850952,35,1,False,False,False
EXP-H078,shadow,1,101,0.0001,1.0000000000000002e-06,37,259,0.3764111438816014,0.4506838023662567,0.5208847944736481,9.229423231234974e-05,0.5204880437850952,35,2,False,False,False
EXP-H078,shadow,1,101,0.0001,1.0000000000000002e-06,38,266,0.8507420803819384,0.4536040425300598,0.5213435714244843,9.187246438772939e-05,0.5204880437850952,35,3,False,False,False
EXP-H078,shadow,1,101,0.0001,1.0000000000000002e-06,39,273,0.38831956471715656,0.45030073821544647,0.5217308526039124,9.14404884265908e-05,0.5204880437850952,35,4,False,False,False
EXP-H078,shadow,1,101,0.0001,1.0000000000000002e-06,40,280,0.3785414019865649,0.45034483075141907,0.5220735793113709,9.099841101253866e-05,0.5204880437850952,35,5,False,False,False
EXP-H078,shadow,1,101,0.0001,1.0000000000000002e-06,41,287,0.40978556871414185,0.4488725960254669,0.5267241616249083,9.05463412215599e-05,0.5204880437850952,35,6,False,False,False
EXP-H078,shadow,1,101,0.0001,1.0000000000000002e-06,42,294,0.45965209177562166,0.45249301195144653,0.525144947052002,9.0084390595111e-05,0.5204880437850952,35,7,False,False,False
EXP-H078,shadow,1,101,0.0001,1.0000000000000002e-06,43,301,0.3930058351584843,0.45620082318782806,0.5322021286487579,8.961267311259666e-05,0.5204880437850952,35,8,False,False,False
EXP-H078,shadow,1,101,0.0001,1.0000000000000002e-06,44,308,0.36141819852803436,0.46022702753543854,0.5374086241722107,8.913130516324733e-05,0.5204880437850952,35,9,False,False,False
EXP-H078,shadow,1,101,0.0001,1.0000000000000002e-06,45,315,0.3986264850412096,0.46309253573417664,0.5404624242782592,8.864040551740158e-05,0.5204880437850952,35,10,False,False,False
EXP-H078,shadow,1,101,0.0001,1.0000000000000002e-06,46,322,0.36704539394538316,0.47049660980701447,0.5479079682826995,8.814009529720155e-05,0.5204880437850952,35,11,False,False,False
EXP-H078,shadow,1,101,0.0001,1.0000000000000002e-06,47,329,0.4050163392509733,0.4763823300600052,0.5532091755867004,8.763049794670775e-05,0.5204880437850952,35,12,False,False,False
EXP-H078,shadow,1,101,0.0001,1.0000000000000002e-06,48,336,0.38141662946769167,0.48143358528614044,0.558991809606552,8.711173920144117e-05,0.5204880437850952,35,13,False,False,False
EXP-H078,shadow,1,101,0.0001,1.0000000000000002e-06,49,343,0.385499153818403,0.48687274754047394,0.5653046865463256,8.658394705735987e-05,0.5204880437850952,35,14,False,False,False
EXP-H078,shadow,1,101,0.0001,1.0000000000000002e-06,50,350,0.36286139275346485,0.49397191405296326,0.5711071987152099,8.604725173927785e-05,0.5204880437850952,35,15,False,False,False
EXP-H078,shadow,1,101,0.0001,1.0000000000000002e-06,51,357,0.3522305701460157,0.49873316287994385,0.5724034805297851,8.55017856687341e-05,0.5204880437850952,35,16,False,False,False
EXP-H078,shadow,1,101,0.0001,1.0000000000000002e-06,52,364,0.3490449791508062,0.5100237429141998,0.5858656103610993,8.494768343131955e-05,0.5204880437850952,35,17,False,False,False
EXP-H078,shadow,1,101,0.0001,1.0000000000000002e-06,53,371,0.3515893093842481,0.5090191960334778,0.5848397214412688,8.438508174347009e-05,0.5204880437850952,35,18,False,False,False
EXP-H078,shadow,1,101,0.0001,1.0000000000000002e-06,54,378,0.35265617285455975,0.5186897963285446,0.5938979918956757,8.381411941873378e-05,0.5204880437850952,35,19,False,False,False
EXP-H078,shadow,1,101,0.0001,1.0000000000000002e-06,55,385,0.3769928387233189,0.5189878791570663,0.5949509675502778,8.323493733352077e-05,0.5204880437850952,35,20,False,False,False
EXP-H078,shadow,1,101,0.0001,1.0000000000000002e-06,56,392,0.4373093715735844,0.5012340545654297,0.5737525136470794,8.26476783923441e-05,0.5204880437850952,35,21,False,False,False
EXP-H078,shadow,1,101,0.0001,1.0000000000000002e-06,57,399,0.3459388592413494,0.5003811717033386,0.5773093338012696,8.205248749256015e-05,0.5204880437850952,35,22,False,False,False
EXP-H078,shadow,1,101,0.0001,1.0000000000000002e-06,58,406,0.3071718215942383,0.5002694129943848,0.5760921437740325,8.144951148861742e-05,0.5204880437850952,35,23,False,False,False
EXP-H078,shadow,1,101,0.0001,1.0000000000000002e-06,59,413,0.49440478001322063,0.5038892030715942,0.578796350479126,8.083889915582235e-05,0.5204880437850952,35,24,False,False,False
EXP-H078,shadow,1,101,0.0001,1.0000000000000002e-06,60,420,0.35398416008268085,0.5180469453334808,0.5915427739620209,8.022080115363127e-05,0.5204880437850952,35,25,False,False,False
EXP-H078,shadow,1,101,0.0001,1.0000000000000002e-06,61,427,0.4935001071010317,0.5267061591148376,0.5963804051876067,7.959536998847744e-05,0.5204880437850952,35,26,False,False,False
EXP-H078,shadow,1,101,0.0001,1.0000000000000002e-06,62,434,0.3337401992508343,0.52665676176548,0.5985660798549652,7.89627599761423e-05,0.5204880437850952,35,27,False,False,False
EXP-H078,shadow,1,101,0.0001,1.0000000000000002e-06,63,441,0.33393943309783936,0.5328064858913422,0.6054582829475403,7.832312720368048e-05,0.5204880437850952,35,28,False,False,False
EXP-H078,shadow,1,101,0.0001,1.0000000000000002e-06,64,448,0.3085807535597788,0.5329878926277161,0.6016106567382813,7.767662949090753e-05,0.5204880437850952,35,29,False,False,False
EXP-H078,shadow,1,101,0.0001,1.0000000000000002e-06,65,455,0.30979639663460795,0.5359494537115097,0.6062594003677368,7.702342635146033e-05,0.5204880437850952,35,30,False,True,False
EXP-H078,shadow,1,101,0.001,1e-05,1,7,0.5027934894980197,0.6130067408084869,0.6505160255432128,0.001,0.6505160255432128,1,0,True,False,False
EXP-H078,shadow,1,101,0.001,1e-05,2,14,0.4635607233004911,0.45550891757011414,0.5276100440025329,0.000999938933078422,0.5276100440025329,2,0,True,False,False
EXP-H078,shadow,1,101,0.001,1e-05,3,21,0.44802113090242657,0.45446185767650604,0.5279345614910125,0.0009997557473810372,0.5276100440025329,2,1,False,False,False
EXP-H078,shadow,1,101,0.001,1e-05,4,28,0.42409460477730526,0.48524706065654755,0.5698504128456114,0.0009994504881061753,0.5276100440025329,2,2,False,False,False
EXP-H078,shadow,1,101,0.001,1e-05,5,35,0.4572772679052183,0.5258826017379761,0.5750445721149444,0.0009990232305719944,0.5276100440025329,2,3,False,False,False
EXP-H078,shadow,1,101,0.001,1e-05,6,42,0.4768379522221429,0.4782990515232086,0.5626379528045653,0.0009984740801978985,0.5276100440025329,2,4,False,False,False
EXP-H078,shadow,1,101,0.001,1e-05,7,49,0.40856782654632945,0.4912217706441879,0.5446294035911559,0.0009978031724785245,0.5276100440025329,2,5,False,False,False
EXP-H078,shadow,1,101,0.001,1e-05,8,56,0.3999486251601151,0.4589777737855911,0.5387508330345152,0.000997010672950314,0.5276100440025329,2,6,False,False,False
EXP-H078,shadow,1,101,0.001,1e-05,9,63,0.4258949799197061,0.4492845982313156,0.5206577956676484,0.0009960967771506667,0.5206577956676484,9,0,True,False,False
EXP-H078,shadow,1,101,0.001,1e-05,10,70,0.40712088186826023,0.45588865876197815,0.5169483325481414,0.000995061710569696,0.5169483325481414,10,0,True,False,False
EXP-H078,shadow,1,101,0.001,1e-05,11,77,0.4517371526786259,0.48212601244449615,0.571919979095459,0.0009939057285945933,0.5169483325481414,10,1,False,False,False
EXP-H078,shadow,1,101,0.001,1e-05,12,84,0.3943826811654227,0.4455268979072571,0.5147094628810882,0.000992629116446613,0.5147094628810882,12,0,True,False,False
EXP-H078,shadow,1,101,0.001,1e-05,13,91,0.44339183824402945,0.4054803252220154,0.4936150407791137,0.000991232189110701,0.4936150407791137,13,0,True,False,False
EXP-H078,shadow,1,101,0.001,1e-05,14,98,0.32254229273114887,0.5955757200717926,0.644978551864624,0.0009897152912577741,0.4936150407791137,13,1,False,False,False
EXP-H078,shadow,1,101,0.001,1e-05,15,105,0.35816186614933293,0.4731380492448807,0.5540689661502838,0.00098807879715968,0.4936150407791137,13,2,False,False,False
EXP-H078,shadow,1,101,0.001,1e-05,16,112,0.3806115415479456,0.49568597972393036,0.5457106146812438,0.00098632311059685,0.4936150407791137,13,3,False,False,False
EXP-H078,shadow,1,101,0.001,1e-05,17,119,0.5448103930268969,0.45942817628383636,0.5404330623149871,0.0009844486647586723,0.4936150407791137,13,4,False,False,False
EXP-H078,shadow,1,101,0.001,1e-05,18,126,0.8164289167949131,0.5190187841653824,0.5561059110164641,0.00098245592213661,0.4936150407791137,13,5,False,False,False
EXP-H078,shadow,1,101,0.001,1e-05,19,133,0.3151304657970156,0.4491569399833679,0.5285194909572601,0.0009803453744100868,0.4936150407791137,13,6,False,False,False
EXP-H078,shadow,1,101,0.001,1e-05,20,140,0.4032078470502581,0.42898106575012207,0.5124997649192811,0.0009781175423251734,0.4936150407791137,13,7,False,False,False
EXP-H078,shadow,1,101,0.001,1e-05,21,147,0.321676173380443,0.5400884449481964,0.5770146782398222,0.0009757729755661011,0.4936150407791137,13,8,False,False,False
EXP-H078,shadow,1,101,0.001,1e-05,22,154,0.3118867203593254,0.4486517161130905,0.5255139565467835,0.0009733122526196349,0.4936150407791137,13,9,False,False,False
EXP-H078,shadow,1,101,0.001,1e-05,23,161,0.26214509670223507,0.5092499107122421,0.5589435319900513,0.0009707359806323416,0.4936150407791137,13,10,False,False,False
EXP-H078,shadow,1,101,0.001,1e-05,24,168,0.31646151947123663,0.4175802320241928,0.49626709342002867,0.0009680447952607845,0.4936150407791137,13,11,False,False,False
EXP-H078,shadow,1,101,0.001,1e-05,25,175,0.3389112076589039,0.46643704175949097,0.5213583598136902,0.0009652393605146844,0.4936150407791137,13,12,False,False,False
EXP-H078,shadow,1,101,0.001,1e-05,26,182,0.27390455241714207,0.5408656597137451,0.6260136048793792,0.000962320368593087,0.4936150407791137,13,13,False,False,False
EXP-H078,shadow,1,101,0.001,1e-05,27,189,0.49777049890586306,0.4174744337797165,0.47890180277824396,0.0009592885397135706,0.47890180277824396,27,0,True,False,False
EXP-H078,shadow,1,101,0.001,1e-05,28,196,0.2570164608103888,0.4382157325744629,0.5055742218494415,0.0009561446219345453,0.47890180277824396,27,1,False,False,False
EXP-H078,shadow,1,101,0.001,1e-05,29,203,0.28430780129773275,0.48888562619686127,0.5449222764968873,0.0009528893909706797,0.47890180277824396,27,2,False,False,False
EXP-H078,shadow,1,101,0.001,1e-05,30,210,0.2423444805400712,0.5287965089082718,0.5904417800903321,0.0009495236500015047,0.47890180277824396,27,3,False,False,False
EXP-H078,shadow,1,101,0.001,1e-05,31,217,0.30859667169196264,0.44324610382318497,0.49262678599357596,0.0009460482294732421,0.47890180277824396,27,4,False,False,False
EXP-H078,shadow,1,101,0.001,1e-05,32,224,0.2579009650009019,0.4317007511854172,0.5205192413330078,0.0009424639868939033,0.47890180277824396,27,5,False,False,False
EXP-H078,shadow,1,101,0.001,1e-05,33,231,0.24842520537120955,0.4306749179959297,0.4821640701293945,0.0009387718066217125,0.47890180277824396,27,6,False,False,False
EXP-H078,shadow,1,101,0.001,1e-05,34,238,0.20290679577738047,0.44046956300735474,0.5162890815734864,0.0009349725996469047,0.47890180277824396,27,7,False,False,False
EXP-H078,shadow,1,101,0.001,1e-05,35,245,0.22330126461175887,0.41453367471694946,0.4726661052703857,0.0009310673033669522,0.4726661052703857,35,0,True,False,False
EXP-H078,shadow,1,101,0.001,1e-05,36,252,0.16845446248355853,0.44713500142097473,0.5175368916988372,0.0009270568813552756,0.4726661052703857,35,1,False,False,False
EXP-H078,shadow,1,101,0.001,1e-05,37,259,0.22243107522704772,0.43675580620765686,0.5140158994197845,0.0009229423231234975,0.4726661052703857,35,2,False,False,False
EXP-H078,shadow,1,101,0.001,1e-05,38,266,0.6714767600808825,0.4811764657497406,0.5382053627967833,0.0009187246438772938,0.4726661052703857,35,3,False,False,False
EXP-H078,shadow,1,101,0.001,1e-05,39,273,0.21405708470514842,0.4674735367298126,0.5489574947357179,0.0009144048842659081,0.4726661052703857,35,4,False,False,False
EXP-H078,shadow,1,101,0.001,1e-05,40,280,0.22355099283543364,0.46412087231874466,0.5120808782577513,0.0009099841101253866,0.4726661052703857,35,5,False,False,False
EXP-H078,shadow,1,101,0.001,1e-05,41,287,0.29692092750753674,0.3840074837207794,0.486704607963562,0.000905463412215599,0.4726661052703857,35,6,False,False,False
EXP-H078,shadow,1,101,0.001,1e-05,42,294,0.2328818469665878,0.3865673840045929,0.4495680930614471,0.0009008439059511099,0.4495680930614471,42,0,True,False,False
EXP-H078,shadow,1,101,0.001,1e-05,43,301,0.17676705973488943,0.42914438247680664,0.505335361480713,0.0008961267311259666,0.4495680930614471,42,1,False,False,False
EXP-H078,shadow,1,101,0.001,1e-05,44,308,0.21116977797022887,0.36337628960609436,0.4137823181152344,0.0008913130516324732,0.4137823181152344,44,0,True,False,False
EXP-H078,shadow,1,101,0.001,1e-05,45,315,0.19884869722383364,0.3320939689874649,0.44208135628700257,0.0008864040551740157,0.4137823181152344,44,1,False,False,False
EXP-H078,shadow,1,101,0.001,1e-05,46,322,0.16660563088953495,0.30702821910381317,0.396158783197403,0.0008814009529720154,0.396158783197403,46,0,True,False,False
EXP-H078,shadow,1,101,0.001,1e-05,47,329,0.1849512074674879,0.34687404334545135,0.4111967988014222,0.0008763049794670775,0.396158783197403,46,1,False,False,False
EXP-H078,shadow,1,101,0.001,1e-05,48,336,0.21247091037886484,0.3985757529735565,0.49833446168899537,0.0008711173920144117,0.396158783197403,46,2,False,False,False
EXP-H078,shadow,1,101,0.001,1e-05,49,343,0.26028074962752207,0.37794435024261475,0.4441587138175965,0.0008658394705735987,0.396158783197403,46,3,False,False,False
EXP-H078,shadow,1,101,0.001,1e-05,50,350,0.17670972198746832,0.36539889872074127,0.45391881108284,0.0008604725173927785,0.396158783197403,46,4,False,False,False
EXP-H078,shadow,1,101,0.001,1e-05,51,357,0.1656503477799041,0.4129476994276047,0.47411055111885064,0.000855017856687341,0.396158783197403,46,5,False,False,False
EXP-H078,shadow,1,101,0.001,1e-05,52,364,0.18393180253250258,0.4218267351388931,0.5121640374660492,0.0008494768343131955,0.396158783197403,46,6,False,False,False
EXP-H078,shadow,1,101,0.001,1e-05,53,371,0.18820717079298838,0.40919240564107895,0.4804494297504425,0.0008438508174347009,0.396158783197403,46,7,False,False,False
EXP-H078,shadow,1,101,0.001,1e-05,54,378,0.21217126292841776,0.47408851981163025,0.5374070663452148,0.0008381411941873378,0.396158783197403,46,8,False,False,False
EXP-H078,shadow,1,101,0.001,1e-05,55,385,0.19085776273693358,0.41903743147850037,0.4808152322769165,0.0008323493733352077,0.396158783197403,46,9,False,False,False
EXP-H078,shadow,1,101,0.001,1e-05,56,392,0.2808327302336693,0.3611115366220474,0.4440380878448486,0.000826476783923441,0.396158783197403,46,10,False,False,False
EXP-H078,shadow,1,101,0.001,1e-05,57,399,0.19790858509285109,0.38770459592342377,0.4624680428504944,0.0008205248749256015,0.396158783197403,46,11,False,False,False
EXP-H078,shadow,1,101,0.001,1e-05,58,406,0.15151423854487284,0.42996181547641754,0.4971920738220215,0.0008144951148861742,0.396158783197403,46,12,False,False,False
EXP-H078,shadow,1,101,0.001,1e-05,59,413,0.20042668815170014,0.4494861364364624,0.5304338743686676,0.0008083889915582234,0.396158783197403,46,13,False,False,False
EXP-H078,shadow,1,101,0.001,1e-05,60,420,0.1633825743837016,0.4314521849155426,0.483765107870102,0.0008022080115363127,0.396158783197403,46,14,False,False,False
EXP-H078,shadow,1,101,0.001,1e-05,61,427,0.23605064834867204,0.3712887763977051,0.43951302814483645,0.0007959536998847743,0.396158783197403,46,15,False,False,False
EXP-H078,shadow,1,101,0.001,1e-05,62,434,0.1757462705884661,0.37786754965782166,0.47047198915481564,0.0007896275997614229,0.396158783197403,46,16,False,False,False
EXP-H078,shadow,1,101,0.001,1e-05,63,441,0.161727568932942,0.4038854241371155,0.47536432886123653,0.0007832312720368048,0.396158783197403,46,17,False,False,False
EXP-H078,shadow,1,101,0.001,1e-05,64,448,0.1433832280869995,0.3651806563138962,0.4464119975566864,0.0007767662949090753,0.396158783197403,46,18,False,False,False
EXP-H078,shadow,1,101,0.001,1e-05,65,455,0.14008008688688278,0.36714716255664825,0.45930935049057003,0.0007702342635146033,0.396158783197403,46,19,False,False,False
EXP-H078,shadow,1,101,0.001,1e-05,66,462,0.1486705049340214,0.39339679479599,0.4573671708106995,0.0007636367895343947,0.396158783197403,46,20,False,False,False
EXP-H078,shadow,1,101,0.001,1e-05,67,469,0.13059199494974955,0.36356908082962036,0.4553740177154541,0.0007569755007964338,0.396158783197403,46,21,False,False,False
EXP-H078,shadow,1,101,0.001,1e-05,68,476,0.11213523097236637,0.40137576311826706,0.4629645290374756,0.0007502520408740418,0.396158783197403,46,22,False,False,False
EXP-H078,shadow,1,101,0.001,1e-05,69,483,0.18557208350726537,0.3722441643476486,0.4628356804847717,0.000743468068680349,0.396158783197403,46,23,False,False,False
EXP-H078,shadow,1,101,0.001,1e-05,70,490,0.1154985534293311,0.3996740132570267,0.464089373588562,0.0007366252580589839,0.396158783197403,46,24,False,False,False
EXP-H078,shadow,1,101,0.001,1e-05,71,497,0.14346402244908468,0.36446675658226013,0.44411182355880735,0.0007297252973710757,0.396158783197403,46,25,False,False,False
EXP-H078,shadow,1,101,0.001,1e-05,72,504,0.12667303931500232,0.38841792941093445,0.4551421501636505,0.0007227698890786779,0.396158783197403,46,26,False,False,False
EXP-H078,shadow,1,101,0.001,1e-05,73,511,0.19136828184127808,0.35532131791114807,0.4510348470211029,0.000715760749324711,0.396158783197403,46,27,False,False,False
EXP-H078,shadow,1,101,0.001,1e-05,74,518,0.15949368689741408,0.3709409683942795,0.441901255607605,0.0007086996075095289,0.396158783197403,46,28,False,False,False
EXP-H078,shadow,1,101,0.001,1e-05,75,525,0.15725466928311757,0.35711202025413513,0.43498098945617675,0.0007015882058642164,0.396158783197403,46,29,False,False,False
EXP-H078,shadow,1,101,0.001,1e-05,76,532,0.10558223850759012,0.37834683060646057,0.4551443710327148,0.0006944282990207195,0.396158783197403,46,30,False,True,False
EXP-H078,shadow,1,101,0.01,0.0001,1,7,3.2948415109089444,0.7945859730243683,0.8279720778465272,0.01,0.8279720778465272,1,0,True,False,False
EXP-H078,shadow,1,101,0.01,0.0001,2,14,1.4861594651426588,0.45341312885284424,0.5249746024608613,0.00999938933078422,0.5249746024608613,2,0,True,False,False
EXP-H078,shadow,1,101,0.01,0.0001,3,21,0.6550942095262664,1.6136255860328674,1.500457155227661,0.009997557473810372,0.5249746024608613,2,1,False,False,False
EXP-H078,shadow,1,101,0.01,0.0001,4,28,0.7620032621281487,0.483073353767395,0.5669255533218382,0.009994504881061753,0.5249746024608613,2,2,False,False,False
EXP-H078,shadow,1,101,0.01,0.0001,5,35,0.47234820893832613,0.46542659401893616,0.5263630650043487,0.009990232305719944,0.5249746024608613,2,3,False,False,False
EXP-H078,shadow,1,101,0.01,0.0001,6,42,0.510324307850429,0.8181717991828918,0.8442194411754609,0.009984740801978984,0.5249746024608613,2,4,False,False,False
EXP-H078,shadow,1,101,0.01,0.0001,7,49,0.560037411749363,0.48440873622894287,0.5647456703186033,0.009978031724785246,0.5249746024608613,2,5,False,False,False
EXP-H078,shadow,1,101,0.01,0.0001,8,56,0.41738400889568894,0.45850659906864166,0.5266526741981505,0.00997010672950314,0.5249746024608613,2,6,False,False,False
EXP-H078,shadow,1,101,0.01,0.0001,9,63,0.4272247552871704,0.511164128780365,0.5597991676330565,0.009960967771506667,0.5249746024608613,2,7,False,False,False
EXP-H078,shadow,1,101,0.01,0.0001,10,70,0.45421238456453594,0.46976542472839355,0.5517670569419859,0.00995061710569696,0.5249746024608613,2,8,False,False,False
EXP-H078,shadow,1,101,0.01,0.0001,11,77,0.4851032793521881,0.47422727942466736,0.5565173683166502,0.009939057285945933,0.5249746024608613,2,9,False,False,False
EXP-H078,shadow,1,101,0.01,0.0001,12,84,1.6829180930341994,6.578052520751953,5.497456657409668,0.00992629116446613,0.5249746024608613,2,10,False,False,False
EXP-H078,shadow,1,101,0.01,0.0001,13,91,3.271935990878514,1.71078222990036,1.574169996023178,0.00991232189110701,0.5249746024608613,2,11,False,False,False
EXP-H078,shadow,1,101,0.01,0.0001,14,98,1.6618840524128504,1.1235968470573425,1.099321255683899,0.00989715291257774,0.5249746024608613,2,12,False,False,False
EXP-H078,shadow,1,101,0.01,0.0001,15,105,0.882678432656186,0.6929101347923279,0.745139133453369,0.0098807879715968,0.5249746024608613,2,13,False,False,False
EXP-H078,shadow,1,101,0.01,0.0001,16,112,0.7489491105079651,0.467381089925766,0.5425629076957701,0.0098632311059685,0.5249746024608613,2,14,False,False,False
EXP-H078,shadow,1,101,0.01,0.0001,17,119,0.725588960306985,1.958155870437622,1.7775981154441833,0.009844486647586723,0.5249746024608613,2,15,False,False,False
EXP-H078,shadow,1,101,0.01,0.0001,18,126,1.9131792017391749,2.504326581954956,2.2175855214595797,0.0098245592213661,0.5249746024608613,2,16,False,False,False
EXP-H078,shadow,1,101,0.01,0.0001,19,133,1.788600789649146,0.7239010334014893,0.7704395303726197,0.009803453744100868,0.5249746024608613,2,17,False,False,False
EXP-H078,shadow,1,101,0.01,0.0001,20,140,0.8625592291355133,0.46611496806144714,0.5473448691368101,0.009781175423251734,0.5249746024608613,2,18,False,False,False
EXP-H078,shadow,1,101,0.01,0.0001,21,147,0.4133396680865969,0.46941834688186646,0.55093670463562,0.009757729755661011,0.5249746024608613,2,19,False,False,False
EXP-H078,shadow,1,101,0.01,0.0001,22,154,0.46321665389197214,0.4646305441856384,0.54430509185791,0.009733122526196349,0.5249746024608613,2,20,False,False,False
EXP-H078,shadow,1,101,0.01,0.0001,23,161,0.399081537766116,0.45798809826374054,0.5325590810775755,0.009707359806323416,0.5249746024608613,2,21,False,False,False
EXP-H078,shadow,1,101,0.01,0.0001,24,168,0.43523713094847544,0.45590880513191223,0.5292395157814025,0.009680447952607845,0.5249746024608613,2,22,False,False,False
EXP-H078,shadow,1,101,0.01,0.0001,25,175,0.3860176828290735,0.4570107012987137,0.5267126364707946,0.009652393605146845,0.5249746024608613,2,23,False,False,False
EXP-H078,shadow,1,101,0.01,0.0001,26,182,0.5617889219096729,0.45890043675899506,0.5265625,0.00962320368593087,0.5249746024608613,2,24,False,False,False
EXP-H078,shadow,1,101,0.01,0.0001,27,189,0.5254539804799216,0.4582985043525696,0.5265625,0.009592885397135707,0.5249746024608613,2,25,False,False,False
EXP-H078,shadow,1,101,0.01,0.0001,28,196,0.3853229767243777,0.4569162577390671,0.5268089575767516,0.009561446219345454,0.5249746024608613,2,26,False,False,False
EXP-H078,shadow,1,101,0.01,0.0001,29,203,0.4302040551389967,0.4566812217235565,0.5270712180137633,0.009528893909706798,0.5249746024608613,2,27,False,False,False
EXP-H078,shadow,1,101,0.01,0.0001,30,210,0.5233740018946784,0.45738354325294495,0.5265625,0.009495236500015047,0.5249746024608613,2,28,False,False,False
EXP-H078,shadow,1,101,0.01,0.0001,31,217,0.3913374982242073,0.45688794553279877,0.5268387002944945,0.00946048229473242,0.5249746024608613,2,29,False,False,False
EXP-H078,shadow,1,101,0.01,0.0001,32,224,0.3963123123560633,0.45672427117824554,0.5270203156471251,0.009424639868939034,0.5249746024608613,2,30,False,True,False
EXP-H078,shadow,2,101,1e-05,1.0000000000000001e-07,1,7,0.4785402374608176,0.4672868251800537,0.5489931325912476,1e-05,0.5489931325912476,1,0,True,False,False
EXP-H078,shadow,2,101,1e-05,1.0000000000000001e-07,2,14,0.4292065373488835,0.45938393473625183,0.5377616803646088,9.99938933078422e-06,0.5377616803646088,2,0,True,False,False
EXP-H078,shadow,2,101,1e-05,1.0000000000000001e-07,3,21,0.5029073655605316,0.455763041973114,0.5284711639881134,9.997557473810373e-06,0.5284711639881134,3,0,True,False,False
EXP-H078,shadow,2,101,1e-05,1.0000000000000001e-07,4,28,0.4913714570658548,0.4550245404243469,0.5239147994518281,9.994504881061752e-06,0.5239147994518281,4,0,True,False,False
EXP-H078,shadow,2,101,1e-05,1.0000000000000001e-07,5,35,0.4199799597263336,0.45535409450531006,0.5218042430877687,9.990232305719944e-06,0.5218042430877687,5,0,True,False,False
EXP-H078,shadow,2,101,1e-05,1.0000000000000001e-07,6,42,0.4005816786416939,0.456592321395874,0.5205563304424288,9.984740801978984e-06,0.5205563304424288,6,0,True,False,False
EXP-H078,shadow,2,101,1e-05,1.0000000000000001e-07,7,49,0.39694830775260925,0.45665720105171204,0.5204795894622805,9.978031724785247e-06,0.5204795894622805,7,0,True,False,False
EXP-H078,shadow,2,101,1e-05,1.0000000000000001e-07,8,56,0.5453447699546814,0.4562699496746063,0.5207408664226534,9.97010672950314e-06,0.5204795894622805,7,1,False,False,False
EXP-H078,shadow,2,101,1e-05,1.0000000000000001e-07,9,63,0.5128988155296871,0.45546194911003113,0.5214727518558504,9.960967771506666e-06,0.5204795894622805,7,2,False,False,False
EXP-H078,shadow,2,101,1e-05,1.0000000000000001e-07,10,70,0.4310439314161028,0.45515985786914825,0.5218662617206575,9.950617105696961e-06,0.5204795894622805,7,3,False,False,False
EXP-H078,shadow,2,101,1e-05,1.0000000000000001e-07,11,77,0.41263224503823687,0.45533013343811035,0.5215669867992403,9.939057285945933e-06,0.5204795894622805,7,4,False,False,False
EXP-H078,shadow,2,101,1e-05,1.0000000000000001e-07,12,84,0.4248224065772125,0.45586520433425903,0.5209436414241793,9.926291164466131e-06,0.5204795894622805,7,5,False,False,False
EXP-H078,shadow,2,101,1e-05,1.0000000000000001e-07,13,91,0.39721699910504477,0.45585887134075165,0.520909487962723,9.91232189110701e-06,0.5204795894622805,7,6,False,False,False
EXP-H078,shadow,2,101,1e-05,1.0000000000000001e-07,14,98,0.42859435081481934,0.4555209130048752,0.5211847720146181,9.897152912577742e-06,0.5204795894622805,7,7,False,False,False
EXP-H078,shadow,2,101,1e-05,1.0000000000000001e-07,15,105,0.4043927114523415,0.45584791898727417,0.5208187994956972,9.8807879715968e-06,0.5204795894622805,7,8,False,False,False
EXP-H078,shadow,2,101,1e-05,1.0000000000000001e-07,16,112,0.4611357588853155,0.45600393414497375,0.5206480023860933,9.8632311059685e-06,0.5204795894622805,7,9,False,False,False
EXP-H078,shadow,2,101,1e-05,1.0000000000000001e-07,17,119,0.5525327111993518,0.4555628001689911,0.5210064349174501,9.844486647586724e-06,0.5204795894622805,7,10,False,False,False
EXP-H078,shadow,2,101,1e-05,1.0000000000000001e-07,18,126,0.40709931403398514,0.45579442381858826,0.5207589266300203,9.824559221366101e-06,0.5204795894622805,7,11,False,False,False
EXP-H078,shadow,2,101,1e-05,1.0000000000000001e-07,19,133,0.47510382533073425,0.45615388453006744,0.5204455552101137,9.803453744100868e-06,0.5204455552101137,19,0,True,False,False
EXP-H078,shadow,2,101,1e-05,1.0000000000000001e-07,20,140,0.417832612991333,0.45643138885498047,0.5202278492450716,9.781175423251734e-06,0.5202278492450716,20,0,True,False,False
EXP-H078,shadow,2,101,1e-05,1.0000000000000001e-07,21,147,0.4644392728805542,0.4554133117198944,0.5210478005409243,9.757729755661012e-06,0.5202278492450716,20,1,False,False,False
EXP-H078,shadow,2,101,1e-05,1.0000000000000001e-07,22,154,0.4158502391406468,0.45482711493968964,0.5219849798679352,9.73312252619635e-06,0.5202278492450716,20,2,False,False,False
EXP-H078,shadow,2,101,1e-05,1.0000000000000001e-07,23,161,0.4123539493552276,0.4547436535358429,0.5223509821891785,9.707359806323418e-06,0.5202278492450716,20,3,False,False,False
EXP-H078,shadow,2,101,1e-05,1.0000000000000001e-07,24,168,0.42098067487989155,0.4546595364809036,0.5229231271743775,9.680447952607845e-06,0.5202278492450716,20,4,False,False,False
EXP-H078,shadow,2,101,1e-05,1.0000000000000001e-07,25,175,0.4257283955812454,0.4546326994895935,0.5232373926639557,9.652393605146845e-06,0.5202278492450716,20,5,False,False,False
EXP-H078,shadow,2,101,1e-05,1.0000000000000001e-07,26,182,0.42539497358458384,0.45464397966861725,0.5227198753356934,9.62320368593087e-06,0.5202278492450716,20,6,False,False,False
EXP-H078,shadow,2,101,1e-05,1.0000000000000001e-07,27,189,0.4189935326576233,0.4547858387231827,0.5216819498538972,9.592885397135707e-06,0.5202278492450716,20,7,False,False,False
EXP-H078,shadow,2,101,1e-05,1.0000000000000001e-07,28,196,0.41229255710329327,0.45542773604393005,0.520779192209244,9.561446219345455e-06,0.5202278492450716,20,8,False,False,False
EXP-H078,shadow,2,101,1e-05,1.0000000000000001e-07,29,203,0.5471988533224378,0.45672035217285156,0.5197621879577639,9.528893909706798e-06,0.5197621879577639,29,0,True,False,False
EXP-H078,shadow,2,101,1e-05,1.0000000000000001e-07,30,210,0.45304040397916523,0.4568250775337219,0.5196683702468874,9.495236500015048e-06,0.5196683702468874,30,0,True,False,False
EXP-H078,shadow,2,101,1e-05,1.0000000000000001e-07,31,217,0.41738575217979296,0.4566224217414856,0.5197717247009279,9.460482294732422e-06,0.5196683702468874,30,1,False,False,False
EXP-H078,shadow,2,101,1e-05,1.0000000000000001e-07,32,224,0.4034760014287063,0.45636671781539917,0.5199009177684786,9.424639868939035e-06,0.5196683702468874,30,2,False,False,False
EXP-H078,shadow,2,101,1e-05,1.0000000000000001e-07,33,231,0.3897069139139993,0.45615412294864655,0.5200192031860353,9.387718066217125e-06,0.5196683702468874,30,3,False,False,False
EXP-H078,shadow,2,101,1e-05,1.0000000000000001e-07,34,238,0.5132877720253808,0.4553466886281967,0.5206471083164217,9.349725996469047e-06,0.5196683702468874,30,4,False,False,False
EXP-H078,shadow,2,101,1e-05,1.0000000000000001e-07,35,245,0.41732158618313925,0.45485907793045044,0.5211771426200869,9.310673033669522e-06,0.5196683702468874,30,5,False,False,False
EXP-H078,shadow,2,101,1e-05,1.0000000000000001e-07,36,252,0.6441207379102707,0.4545711874961853,0.5217760357856751,9.270568813552757e-06,0.5196683702468874,30,6,False,False,False
EXP-H078,shadow,2,101,1e-05,1.0000000000000001e-07,37,259,0.43277446712766376,0.45456501841545105,0.521755352973938,9.229423231234975e-06,0.5196683702468874,30,7,False,False,False
EXP-H078,shadow,2,101,1e-05,1.0000000000000001e-07,38,266,0.48243170976638794,0.4545147866010666,0.5219135437011719,9.18724643877294e-06,0.5196683702468874,30,8,False,False,False
EXP-H078,shadow,2,101,1e-05,1.0000000000000001e-07,39,273,0.4182389442409788,0.45446476340293884,0.5220641944408417,9.144048842659081e-06,0.5196683702468874,30,9,False,False,False
EXP-H078,shadow,2,101,1e-05,1.0000000000000001e-07,40,280,0.5736770438296455,0.4545312523841858,0.5216046128273011,9.099841101253867e-06,0.5196683702468874,30,10,False,False,False
EXP-H078,shadow,2,101,1e-05,1.0000000000000001e-07,41,287,0.6582183816603252,0.4545171707868576,0.5215242061614991,9.054634122155991e-06,0.5196683702468874,30,11,False,False,False
EXP-H078,shadow,2,101,1e-05,1.0000000000000001e-07,42,294,0.39318730362824034,0.4547591209411621,0.5210794804096224,9.0084390595111e-06,0.5196683702468874,30,12,False,False,False
EXP-H078,shadow,2,101,1e-05,1.0000000000000001e-07,43,301,0.4878473622458322,0.45475955307483673,0.5210438070297243,8.961267311259668e-06,0.5196683702468874,30,13,False,False,False
EXP-H078,shadow,2,101,1e-05,1.0000000000000001e-07,44,308,0.46811904651778086,0.45489591360092163,0.5208317337036135,8.913130516324733e-06,0.5196683702468874,30,14,False,False,False
EXP-H078,shadow,2,101,1e-05,1.0000000000000001e-07,45,315,0.532984082187925,0.45485731959342957,0.5208235380649568,8.864040551740158e-06,0.5196683702468874,30,15,False,False,False
EXP-H078,shadow,2,101,1e-05,1.0000000000000001e-07,46,322,0.6230713618653161,0.4550437927246094,0.5205848810672762,8.814009529720155e-06,0.5196683702468874,30,16,False,False,False
EXP-H078,shadow,2,101,1e-05,1.0000000000000001e-07,47,329,0.4467184990644455,0.455040842294693,0.5205519495010378,8.763049794670776e-06,0.5196683702468874,30,17,False,False,False
EXP-H078,shadow,2,101,1e-05,1.0000000000000001e-07,48,336,0.422539872782571,0.45513996481895447,0.520430892467499,8.711173920144118e-06,0.5196683702468874,30,18,False,False,False
EXP-H078,shadow,2,101,1e-05,1.0000000000000001e-07,49,343,0.4255385973623821,0.45500949025154114,0.5205356178283693,8.658394705735988e-06,0.5196683702468874,30,19,False,False,False
EXP-H078,shadow,2,101,1e-05,1.0000000000000001e-07,50,350,0.3883791807706335,0.4552452564239502,0.5202898976802828,8.604725173927786e-06,0.5196683702468874,30,20,False,False,False
EXP-H078,shadow,2,101,1e-05,1.0000000000000001e-07,51,357,0.40384591424039434,0.45510542392730713,0.5203794238567354,8.550178566873412e-06,0.5196683702468874,30,21,False,False,False
EXP-H078,shadow,2,101,1e-05,1.0000000000000001e-07,52,364,0.4508023517472403,0.45557236671447754,0.5199612078666689,8.494768343131955e-06,0.5196683702468874,30,22,False,False,False
EXP-H078,shadow,2,101,1e-05,1.0000000000000001e-07,53,371,0.40324737557343077,0.4553130865097046,0.5201373395919802,8.43850817434701e-06,0.5196683702468874,30,23,False,False,False
EXP-H078,shadow,2,101,1e-05,1.0000000000000001e-07,54,378,0.6244461068085262,0.4554419219493866,0.5199884173870088,8.381411941873379e-06,0.5196683702468874,30,24,False,False,False
EXP-H078,shadow,2,101,1e-05,1.0000000000000001e-07,55,385,0.43722803252083914,0.45497511327266693,0.5203530488014223,8.323493733352078e-06,0.5196683702468874,30,25,False,False,False
EXP-H078,shadow,2,101,1e-05,1.0000000000000001e-07,56,392,0.44464156457356047,0.4547659307718277,0.5205395815372469,8.26476783923441e-06,0.5196683702468874,30,26,False,False,False
EXP-H078,shadow,2,101,1e-05,1.0000000000000001e-07,57,399,0.4118843749165535,0.45525069534778595,0.5200644729137422,8.205248749256014e-06,0.5196683702468874,30,27,False,False,False
EXP-H078,shadow,2,101,1e-05,1.0000000000000001e-07,58,406,0.3983547112771443,0.45579978823661804,0.5196424422264101,8.144951148861743e-06,0.5196424422264101,58,0,True,False,False
EXP-H078,shadow,2,101,1e-05,1.0000000000000001e-07,59,413,0.5366794679846082,0.45579633116722107,0.5196273026466371,8.083889915582235e-06,0.5196273026466371,59,0,True,False,False
EXP-H078,shadow,2,101,1e-05,1.0000000000000001e-07,60,420,0.4241040423512459,0.45519959926605225,0.5200434324741365,8.022080115363127e-06,0.5196273026466371,59,1,False,False,False
EXP-H078,shadow,2,101,1e-05,1.0000000000000001e-07,61,427,0.4087042883038521,0.45493392646312714,0.5202479360103609,7.959536998847744e-06,0.5196273026466371,59,2,False,False,False
EXP-H078,shadow,2,101,1e-05,1.0000000000000001e-07,62,434,0.41623108088970184,0.45495736598968506,0.5201873776912691,7.89627599761423e-06,0.5196273026466371,59,3,False,False,False
EXP-H078,shadow,2,101,1e-05,1.0000000000000001e-07,63,441,0.5004976242780685,0.45550645887851715,0.5197085139751436,7.832312720368048e-06,0.5196273026466371,59,4,False,False,False
EXP-H078,shadow,2,101,1e-05,1.0000000000000001e-07,64,448,0.43244097914014545,0.45531487464904785,0.5198239979743959,7.767662949090754e-06,0.5196273026466371,59,5,False,False,False
EXP-H078,shadow,2,101,1e-05,1.0000000000000001e-07,65,455,0.4015375604586942,0.45540851354599,0.519715308904648,7.702342635146033e-06,0.5196273026466371,59,6,False,False,False
EXP-H078,shadow,2,101,1e-05,1.0000000000000001e-07,66,462,0.5439371360199792,0.4550347775220871,0.5199781951904299,7.636367895343947e-06,0.5196273026466371,59,7,False,False,False
EXP-H078,shadow,2,101,1e-05,1.0000000000000001e-07,67,469,0.3908470038856779,0.4548031985759735,0.5201734898090364,7.5697550079643376e-06,0.5196273026466371,59,8,False,False,False
EXP-H078,shadow,2,101,1e-05,1.0000000000000001e-07,68,476,0.5589353271893093,0.45470400154590607,0.5202647147178652,7.502520408740418e-06,0.5196273026466371,59,9,False,False,False
EXP-H078,shadow,2,101,1e-05,1.0000000000000001e-07,69,483,0.47559299213545664,0.4543996602296829,0.5205919144153597,7.43468068680349e-06,0.5196273026466371,59,10,False,False,False
EXP-H078,shadow,2,101,1e-05,1.0000000000000001e-07,70,490,0.4714421331882477,0.4543207436800003,0.5206769404411318,7.366252580589839e-06,0.5196273026466371,59,11,False,False,False
EXP-H078,shadow,2,101,1e-05,1.0000000000000001e-07,71,497,0.44190930894442965,0.45413312315940857,0.5209322569370272,7.297252973710756e-06,0.5196273026466371,59,12,False,False,False
EXP-H078,shadow,2,101,1e-05,1.0000000000000001e-07,72,504,0.5024042640413556,0.4541417360305786,0.5208921132087709,7.227698890786779e-06,0.5196273026466371,59,13,False,False,False
EXP-H078,shadow,2,101,1e-05,1.0000000000000001e-07,73,511,0.6642000483615058,0.45413726568222046,0.5208752152919771,7.15760749324711e-06,0.5196273026466371,59,14,False,False,False
EXP-H078,shadow,2,101,1e-05,1.0000000000000001e-07,74,518,0.6195665001869202,0.4541810154914856,0.520779579639435,7.086996075095289e-06,0.5196273026466371,59,15,False,False,False
EXP-H078,shadow,2,101,1e-05,1.0000000000000001e-07,75,525,0.45229207617895945,0.45418649911880493,0.5207332668304445,7.015882058642164e-06,0.5196273026466371,59,16,False,False,False
EXP-H078,shadow,2,101,1e-05,1.0000000000000001e-07,76,532,0.5343133104698998,0.4541513919830322,0.5207609531879427,6.9442829902071945e-06,0.5196273026466371,59,17,False,False,False
EXP-H078,shadow,2,101,1e-05,1.0000000000000001e-07,77,539,0.45283489355019163,0.45401471853256226,0.5209492144584658,6.8722165357891564e-06,0.5196273026466371,59,18,False,False,False
EXP-H078,shadow,2,101,1e-05,1.0000000000000001e-07,78,546,0.5352420317275184,0.45411762595176697,0.520741909503937,6.799700476707323e-06,0.5196273026466371,59,19,False,False,False
EXP-H078,shadow,2,101,1e-05,1.0000000000000001e-07,79,553,0.39816910387682064,0.45406170189380646,0.5208106932640078,6.726752705214193e-06,0.5196273026466371,59,20,False,False,False
EXP-H078,shadow,2,101,1e-05,1.0000000000000001e-07,80,560,0.5013714688164848,0.4541047364473343,0.5207217333316805,6.65339122008084e-06,0.5196273026466371,59,21,False,False,False
EXP-H078,shadow,2,101,1e-05,1.0000000000000001e-07,81,567,0.4308014065027237,0.45394620299339294,0.5209752318859102,6.57963412215599e-06,0.5196273026466371,59,22,False,False,False
EXP-H078,shadow,2,101,1e-05,1.0000000000000001e-07,82,574,0.44085028980459484,0.453879177570343,0.5211656544208527,6.505499609899905e-06,0.5196273026466371,59,23,False,False,False
EXP-H078,shadow,2,101,1e-05,1.0000000000000001e-07,83,581,0.5500600848879132,0.45388808846473694,0.5210584256649018,6.431005974894185e-06,0.5196273026466371,59,24,False,False,False
EXP-H078,shadow,2,101,1e-05,1.0000000000000001e-07,84,588,0.48649061151913237,0.45392125844955444,0.5209309158325197,6.356171597328595e-06,0.5196273026466371,59,25,False,False,False
EXP-H078,shadow,2,101,1e-05,1.0000000000000001e-07,85,595,0.7013326755591801,0.4540059268474579,0.5207587776184084,6.28101494146603e-06,0.5196273026466371,59,26,False,False,False
EXP-H078,shadow,2,101,1e-05,1.0000000000000001e-07,86,602,0.5005127787590027,0.4539308100938797,0.5208770332336428,6.205554551086732e-06,0.5196273026466371,59,27,False,False,False
EXP-H078,shadow,2,101,1e-05,1.0000000000000001e-07,87,609,0.4033321365714073,0.45397987961769104,0.5207732913494112,6.129809044912887e-06,0.5196273026466371,59,28,False,False,False
EXP-H078,shadow,2,101,1e-05,1.0000000000000001e-07,88,616,0.4215937725135258,0.45413440465927124,0.5205288825035097,6.053797112014738e-06,0.5196273026466371,59,29,False,False,False
EXP-H078,shadow,2,101,1e-05,1.0000000000000001e-07,89,623,0.5009181946516037,0.4542871117591858,0.5203222332000734,5.977537507199338e-06,0.5196273026466371,59,30,False,True,False
EXP-H078,shadow,2,101,0.0001,1.0000000000000002e-06,1,7,0.4208137850676264,0.4634748697280884,0.5214190058708192,0.0001,0.5214190058708192,1,0,True,False,False
EXP-H078,shadow,2,101,0.0001,1.0000000000000002e-06,2,14,0.40459862670728136,0.4547175168991089,0.5232016894817353,9.99938933078422e-05,0.5214190058708192,1,1,False,False,False
EXP-H078,shadow,2,101,0.0001,1.0000000000000002e-06,3,21,0.5033935521330152,0.4546141028404236,0.5223065469264985,9.997557473810373e-05,0.5214190058708192,1,2,False,False,False
EXP-H078,shadow,2,101,0.0001,1.0000000000000002e-06,4,28,0.4705049438135965,0.4569230377674103,0.5194161829948427,9.994504881061753e-05,0.5194161829948427,4,0,True,False,False
EXP-H078,shadow,2,101,0.0001,1.0000000000000002e-06,5,35,0.4287549363715308,0.4550299048423767,0.5278791110515595,9.990232305719945e-05,0.5194161829948427,4,1,False,False,False
EXP-H078,shadow,2,101,0.0001,1.0000000000000002e-06,6,42,0.43671660338129314,0.45497986674308777,0.520606696367264,9.984740801978984e-05,0.5194161829948427,4,2,False,False,False
EXP-H078,shadow,2,101,0.0001,1.0000000000000002e-06,7,49,0.45615520647593905,0.4569128453731537,0.5190741715431215,9.978031724785247e-05,0.5190741715431215,7,0,True,False,False
EXP-H078,shadow,2,101,0.0001,1.0000000000000002e-06,8,56,0.5608347994940621,0.45661695301532745,0.5190680024623873,9.97010672950314e-05,0.5190680024623873,8,0,True,False,False
EXP-H078,shadow,2,101,0.0001,1.0000000000000002e-06,9,63,0.49704758184296743,0.45413070917129517,0.5247499532699587,9.960967771506667e-05,0.5190680024623873,8,1,False,False,False
EXP-H078,shadow,2,101,0.0001,1.0000000000000002e-06,10,70,0.4395215426172529,0.4541468024253845,0.520679801464081,9.95061710569696e-05,0.5190680024623873,8,2,False,False,False
EXP-H078,shadow,2,101,0.0001,1.0000000000000002e-06,11,77,0.4005451330116817,0.45863187313079834,0.5190400056838991,9.939057285945933e-05,0.5190400056838991,11,0,True,False,False
EXP-H078,shadow,2,101,0.0001,1.0000000000000002e-06,12,84,0.4255593152982848,0.4637507200241089,0.5206642322540285,9.926291164466132e-05,0.5190400056838991,11,1,False,False,False
EXP-H078,shadow,2,101,0.0001,1.0000000000000002e-06,13,91,0.42320710101297926,0.45639705657958984,0.5181930658817293,9.91232189110701e-05,0.5181930658817293,13,0,True,False,False
EXP-H078,shadow,2,101,0.0001,1.0000000000000002e-06,14,98,0.4256862870284489,0.45815134048461914,0.5372564713954926,9.897152912577741e-05,0.5181930658817293,13,1,False,False,False
EXP-H078,shadow,2,101,0.0001,1.0000000000000002e-06,15,105,0.4377536667244775,0.45691823959350586,0.5350789051055909,9.8807879715968e-05,0.5181930658817293,13,2,False,False,False
EXP-H078,shadow,2,101,0.0001,1.0000000000000002e-06,16,112,0.46172443883759634,0.45307376980781555,0.5235371477603914,9.8632311059685e-05,0.5181930658817293,13,3,False,False,False
EXP-H078,shadow,2,101,0.0001,1.0000000000000002e-06,17,119,0.5425031355449131,0.45272429287433624,0.520699456691742,9.844486647586725e-05,0.5181930658817293,13,4,False,False,False
EXP-H078,shadow,2,101,0.0001,1.0000000000000002e-06,18,126,0.39922129256384714,0.45257724821567535,0.5199223909378052,9.824559221366101e-05,0.5181930658817293,13,5,False,False,False
EXP-H078,shadow,2,101,0.0001,1.0000000000000002e-06,19,133,0.437380137188094,0.45272836089134216,0.5189682242870333,9.803453744100869e-05,0.5181930658817293,13,6,False,False,False
EXP-H078,shadow,2,101,0.0001,1.0000000000000002e-06,20,140,0.3908268879832966,0.45337435603141785,0.5284623425006867,9.781175423251735e-05,0.5181930658817293,13,7,False,False,False
EXP-H078,shadow,2,101,0.0001,1.0000000000000002e-06,21,147,0.4345217091696603,0.4524714797735214,0.5261314134597779,9.757729755661011e-05,0.5181930658817293,13,8,False,False,False
EXP-H078,shadow,2,101,0.0001,1.0000000000000002e-06,22,154,0.4165211660521371,0.4512069523334503,0.5191608223915101,9.73312252619635e-05,0.5181930658817293,13,9,False,False,False
EXP-H078,shadow,2,101,0.0001,1.0000000000000002e-06,23,161,0.41410438450319426,0.45136038959026337,0.517542868614197,9.707359806323417e-05,0.517542868614197,23,0,True,False,False
EXP-H078,shadow,2,101,0.0001,1.0000000000000002e-06,24,168,0.40107392413275583,0.4504227489233017,0.5203787274360658,9.680447952607845e-05,0.517542868614197,23,1,False,False,False
EXP-H078,shadow,2,101,0.0001,1.0000000000000002e-06,25,175,0.4229279096637453,0.45016801357269287,0.5213783271312715,9.652393605146844e-05,0.517542868614197,23,2,False,False,False
EXP-H078,shadow,2,101,0.0001,1.0000000000000002e-06,26,182,0.4268536865711212,0.45081043243408203,0.515785306453705,9.623203685930869e-05,0.515785306453705,26,0,True,False,False
EXP-H078,shadow,2,101,0.0001,1.0000000000000002e-06,27,189,0.41231238203389303,0.4509984105825424,0.5146590180397035,9.592885397135707e-05,0.5146590180397035,27,0,True,False,False
EXP-H078,shadow,2,101,0.0001,1.0000000000000002e-06,28,196,0.3935070346508707,0.4486278146505356,0.5157975585460663,9.561446219345454e-05,0.5146590180397035,27,1,False,False,False
EXP-H078,shadow,2,101,0.0001,1.0000000000000002e-06,29,203,0.5294473213808877,0.4485089182853699,0.5218470282554628,9.528893909706797e-05,0.5146590180397035,27,2,False,False,False
EXP-H078,shadow,2,101,0.0001,1.0000000000000002e-06,30,210,0.4189399949141911,0.4477687180042267,0.520725656270981,9.495236500015047e-05,0.5146590180397035,27,3,False,False,False
EXP-H078,shadow,2,101,0.0001,1.0000000000000002e-06,31,217,0.3852426138307367,0.4473862051963806,0.513164255142212,9.460482294732421e-05,0.513164255142212,31,0,True,False,False
EXP-H078,shadow,2,101,0.0001,1.0000000000000002e-06,32,224,0.3983358735484736,0.4484720230102539,0.5114706497192385,9.424639868939033e-05,0.5114706497192385,32,0,True,False,False
EXP-H078,shadow,2,101,0.0001,1.0000000000000002e-06,33,231,0.39929512701928616,0.44539740681648254,0.5181020982265474,9.387718066217124e-05,0.5114706497192385,32,1,False,False,False
EXP-H078,shadow,2,101,0.0001,1.0000000000000002e-06,34,238,0.4965675345488957,0.4502243995666504,0.5309217195510865,9.349725996469047e-05,0.5114706497192385,32,2,False,False,False
EXP-H078,shadow,2,101,0.0001,1.0000000000000002e-06,35,245,0.39295624090092524,0.44457998871803284,0.5204524915218354,9.310673033669521e-05,0.5114706497192385,32,3,False,False,False
EXP-H078,shadow,2,101,0.0001,1.0000000000000002e-06,36,252,0.5700788178614208,0.4425412714481354,0.516702640771866,9.270568813552756e-05,0.5114706497192385,32,4,False,False,False
EXP-H078,shadow,2,101,0.0001,1.0000000000000002e-06,37,259,0.4058021157979965,0.44069501757621765,0.512091238975525,9.229423231234974e-05,0.5114706497192385,32,5,False,False,False
EXP-H078,shadow,2,101,0.0001,1.0000000000000002e-06,38,266,0.4332727300269263,0.44377903640270233,0.5226761918067933,9.187246438772939e-05,0.5114706497192385,32,6,False,False,False
EXP-H078,shadow,2,101,0.0001,1.0000000000000002e-06,39,273,0.3782245915915285,0.4398570656776428,0.5160210053920746,9.14404884265908e-05,0.5114706497192385,32,7,False,False,False
EXP-H078,shadow,2,101,0.0001,1.0000000000000002e-06,40,280,0.5024545788764954,0.4356822818517685,0.5055462162494662,9.099841101253866e-05,0.5055462162494662,40,0,True,False,False
EXP-H078,shadow,2,101,0.0001,1.0000000000000002e-06,41,287,0.5505545841796058,0.4418531805276871,0.5192808728218079,9.05463412215599e-05,0.5055462162494662,40,1,False,False,False
EXP-H078,shadow,2,101,0.0001,1.0000000000000002e-06,42,294,0.3797028682061604,0.4306303560733795,0.5022291736602784,9.0084390595111e-05,0.5022291736602784,42,0,True,False,False
EXP-H078,shadow,2,101,0.0001,1.0000000000000002e-06,43,301,0.41660739694322857,0.42713703215122223,0.4961455063819887,8.961267311259666e-05,0.4961455063819887,43,0,True,False,False
EXP-H078,shadow,2,101,0.0001,1.0000000000000002e-06,44,308,0.4251332176583154,0.4252389818429947,0.49103723931312576,8.913130516324733e-05,0.49103723931312576,44,0,True,False,False
EXP-H078,shadow,2,101,0.0001,1.0000000000000002e-06,45,315,0.44836203328200747,0.4250522255897522,0.4891805243492127,8.864040551740158e-05,0.4891805243492127,45,0,True,False,False
EXP-H078,shadow,2,101,0.0001,1.0000000000000002e-06,46,322,0.4953395745583943,0.4288872480392456,0.49114619112014785,8.814009529720155e-05,0.4891805243492127,45,1,False,False,False
EXP-H078,shadow,2,101,0.0001,1.0000000000000002e-06,47,329,0.34825218468904495,0.43723656237125397,0.5110688331127167,8.763049794670775e-05,0.4891805243492127,45,2,False,False,False
EXP-H078,shadow,2,101,0.0001,1.0000000000000002e-06,48,336,0.3503202955637659,0.4357694536447525,0.4999045236110688,8.711173920144117e-05,0.4891805243492127,45,3,False,False,False
EXP-H078,shadow,2,101,0.0001,1.0000000000000002e-06,49,343,0.3512858578136989,0.43859995901584625,0.5034093065261842,8.658394705735987e-05,0.4891805243492127,45,4,False,False,False
EXP-H078,shadow,2,101,0.0001,1.0000000000000002e-06,50,350,0.35199831958327976,0.44147123396396637,0.5022901697158815,8.604725173927785e-05,0.4891805243492127,45,5,False,False,False
EXP-H078,shadow,2,101,0.0001,1.0000000000000002e-06,51,357,0.39324573959623066,0.436208114027977,0.5039001209735872,8.55017856687341e-05,0.4891805243492127,45,6,False,False,False
EXP-H078,shadow,2,101,0.0001,1.0000000000000002e-06,52,364,0.3672777084367616,0.44210284948349,0.501223746776581,8.494768343131955e-05,0.4891805243492127,45,7,False,False,False
EXP-H078,shadow,2,101,0.0001,1.0000000000000002e-06,53,371,0.3316694072314671,0.4347022473812103,0.5101526765823365,8.438508174347009e-05,0.4891805243492127,45,8,False,False,False
EXP-H078,shadow,2,101,0.0001,1.0000000000000002e-06,54,378,0.47412790783814024,0.4358608275651932,0.4975801148414613,8.381411941873378e-05,0.4891805243492127,45,9,False,False,False
EXP-H078,shadow,2,101,0.0001,1.0000000000000002e-06,55,385,0.3025157132319042,0.4283764809370041,0.5000699121952057,8.323493733352077e-05,0.4891805243492127,45,10,False,False,False
EXP-H078,shadow,2,101,0.0001,1.0000000000000002e-06,56,392,0.35755940633160727,0.43480242788791656,0.5151653079986573,8.26476783923441e-05,0.4891805243492127,45,11,False,False,False
EXP-H078,shadow,2,101,0.0001,1.0000000000000002e-06,57,399,0.31777702059064594,0.42562462389469147,0.49840616774559027,8.205248749256015e-05,0.4891805243492127,45,12,False,False,False
EXP-H078,shadow,2,101,0.0001,1.0000000000000002e-06,58,406,0.327494458428451,0.42210325598716736,0.49839993906021124,8.144951148861742e-05,0.4891805243492127,45,13,False,False,False
EXP-H078,shadow,2,101,0.0001,1.0000000000000002e-06,59,413,0.4591476448944637,0.4290534257888794,0.5131978986263275,8.083889915582235e-05,0.4891805243492127,45,14,False,False,False
EXP-H078,shadow,2,101,0.0001,1.0000000000000002e-06,60,420,0.30917071817176683,0.419366717338562,0.49642106485366827,8.022080115363127e-05,0.4891805243492127,45,15,False,False,False
EXP-H078,shadow,2,101,0.0001,1.0000000000000002e-06,61,427,0.3294931490506445,0.42436979711055756,0.4939449841976166,7.959536998847744e-05,0.4891805243492127,45,16,False,False,False
EXP-H078,shadow,2,101,0.0001,1.0000000000000002e-06,62,434,0.3767677332673754,0.42498166859149933,0.5027439255714417,7.89627599761423e-05,0.4891805243492127,45,17,False,False,False
EXP-H078,shadow,2,101,0.0001,1.0000000000000002e-06,63,441,0.3755697267396109,0.4288834035396576,0.503766802072525,7.832312720368048e-05,0.4891805243492127,45,18,False,False,False
EXP-H078,shadow,2,101,0.0001,1.0000000000000002e-06,64,448,0.2851389098380293,0.44336506724357605,0.5220914182662963,7.767662949090753e-05,0.4891805243492127,45,19,False,False,False
EXP-H078,shadow,2,101,0.0001,1.0000000000000002e-06,65,455,0.3292795621923038,0.4404793977737427,0.5153427691459656,7.702342635146033e-05,0.4891805243492127,45,20,False,False,False
EXP-H078,shadow,2,101,0.0001,1.0000000000000002e-06,66,462,0.3201650104352406,0.4558836817741394,0.5230066494941712,7.636367895343946e-05,0.4891805243492127,45,21,False,False,False
EXP-H078,shadow,2,101,0.0001,1.0000000000000002e-06,67,469,0.2700657636991569,0.4581940472126007,0.5317079086303711,7.569755007964338e-05,0.4891805243492127,45,22,False,False,False
EXP-H078,shadow,2,101,0.0001,1.0000000000000002e-06,68,476,0.25845437842820373,0.46001988649368286,0.5304330606460572,7.502520408740418e-05,0.4891805243492127,45,23,False,False,False
EXP-H078,shadow,2,101,0.0001,1.0000000000000002e-06,69,483,0.3020051419734955,0.48351943492889404,0.5492971124649049,7.43468068680349e-05,0.4891805243492127,45,24,False,False,False
EXP-H078,shadow,2,101,0.0001,1.0000000000000002e-06,70,490,0.3461002196584429,0.46844321489334106,0.5363720672130585,7.366252580589839e-05,0.4891805243492127,45,25,False,False,False
EXP-H078,shadow,2,101,0.0001,1.0000000000000002e-06,71,497,0.2694657828126635,0.46220663189888,0.532369827270508,7.297252973710757e-05,0.4891805243492127,45,26,False,False,False
EXP-H078,shadow,2,101,0.0001,1.0000000000000002e-06,72,504,0.2939535507134029,0.4602779746055603,0.533865620136261,7.22769889078678e-05,0.4891805243492127,45,27,False,False,False
EXP-H078,shadow,2,101,0.0001,1.0000000000000002e-06,73,511,0.3479099986808641,0.46508972346782684,0.5374256863594056,7.15760749324711e-05,0.4891805243492127,45,28,False,False,False
EXP-H078,shadow,2,101,0.0001,1.0000000000000002e-06,74,518,0.47584558597632814,0.4720208942890167,0.5423856427669527,7.086996075095289e-05,0.4891805243492127,45,29,False,False,False
EXP-H078,shadow,2,101,0.0001,1.0000000000000002e-06,75,525,0.2817376617874418,0.4782158434391022,0.5466735854148865,7.015882058642164e-05,0.4891805243492127,45,30,False,True,False
EXP-H078,shadow,2,101,0.001,1e-05,1,7,0.6131932139396667,0.45568549633026123,0.5244514498710633,0.001,0.5244514498710633,1,0,True,False,False
EXP-H078,shadow,2,101,0.001,1e-05,2,14,0.43127478446279255,0.46646085381507874,0.5481586377620697,0.000999938933078422,0.5244514498710633,1,1,False,False,False
EXP-H078,shadow,2,101,0.001,1e-05,3,21,0.5288013901029315,0.4696089029312134,0.5227575278282168,0.0009997557473810372,0.5227575278282168,3,0,True,False,False
EXP-H078,shadow,2,101,0.001,1e-05,4,28,0.4764586091041565,0.5015779733657837,0.5763592641353608,0.0009994504881061753,0.5227575278282168,3,1,False,False,False
EXP-H078,shadow,2,101,0.001,1e-05,5,35,0.4367213930402483,0.47612670063972473,0.5264406940937043,0.0009990232305719944,0.5227575278282168,3,2,False,False,False
EXP-H078,shadow,2,101,0.001,1e-05,6,42,0.4465672884668623,0.45662035048007965,0.5358285825252533,0.0009984740801978985,0.5227575278282168,3,3,False,False,False
EXP-H078,shadow,2,101,0.001,1e-05,7,49,0.4311658186571939,0.4637410491704941,0.5179169154167178,0.0009978031724785245,0.5179169154167178,7,0,True,False,False
EXP-H078,shadow,2,101,0.001,1e-05,8,56,0.524689325264522,0.4694342613220215,0.5504757385253907,0.000997010672950314,0.5179169154167178,7,1,False,False,False
EXP-H078,shadow,2,101,0.001,1e-05,9,63,0.4791550465992519,0.45599354803562164,0.5116346023082734,0.0009960967771506667,0.5116346023082734,9,0,True,False,False
EXP-H078,shadow,2,101,0.001,1e-05,10,70,0.4363008269241878,0.43058259785175323,0.49687833642959606,0.000995061710569696,0.49687833642959606,10,0,True,False,False
EXP-H078,shadow,2,101,0.001,1e-05,11,77,0.39415050191538675,0.45130349695682526,0.5106552834510805,0.0009939057285945933,0.49687833642959606,10,1,False,False,False
EXP-H078,shadow,2,101,0.001,1e-05,12,84,0.3907761871814728,0.5158272236585617,0.5940719211101531,0.000992629116446613,0.49687833642959606,10,2,False,False,False
EXP-H078,shadow,2,101,0.001,1e-05,13,91,0.3712301618818726,0.4629018008708954,0.5277213113307953,0.000991232189110701,0.49687833642959606,10,3,False,False,False
EXP-H078,shadow,2,101,0.001,1e-05,14,98,0.37259345395224436,0.45572811365127563,0.5151651091575624,0.0009897152912577741,0.49687833642959606,10,4,False,False,False
EXP-H078,shadow,2,101,0.001,1e-05,15,105,0.38790863858801977,0.4414667785167694,0.5100759010314944,0.00098807879715968,0.49687833642959606,10,5,False,False,False
EXP-H078,shadow,2,101,0.001,1e-05,16,112,0.4022860143865858,0.5253715068101883,0.5839262981414794,0.00098632311059685,0.49687833642959606,10,6,False,False,False
EXP-H078,shadow,2,101,0.001,1e-05,17,119,0.4489038416317531,0.4499892592430115,0.5254346249103548,0.0009844486647586723,0.49687833642959606,10,7,False,False,False
EXP-H078,shadow,2,101,0.001,1e-05,18,126,0.3317309490271977,0.4551636725664139,0.5077839446067811,0.00098245592213661,0.49687833642959606,10,8,False,False,False
EXP-H078,shadow,2,101,0.001,1e-05,19,133,0.30524962661521776,0.4640578627586365,0.5297165446281433,0.0009803453744100868,0.49687833642959606,10,9,False,False,False
EXP-H078,shadow,2,101,0.001,1e-05,20,140,0.3407394694430487,0.431055024266243,0.49273787975311295,0.0009781175423251734,0.49273787975311295,20,0,True,False,False
EXP-H078,shadow,2,101,0.001,1e-05,21,147,0.3228953203984669,0.4512258470058441,0.5314249134063722,0.0009757729755661011,0.49273787975311295,20,1,False,False,False
EXP-H078,shadow,2,101,0.001,1e-05,22,154,0.30307620550904957,0.45443664491176605,0.5053790187835692,0.0009733122526196349,0.49273787975311295,20,2,False,False,False
EXP-H078,shadow,2,101,0.001,1e-05,23,161,0.24344962037035398,0.46341729164123535,0.5214085745811463,0.0009707359806323416,0.49273787975311295,20,3,False,False,False
EXP-H078,shadow,2,101,0.001,1e-05,24,168,0.2524072102137974,0.4520615041255951,0.5167990860939027,0.0009680447952607845,0.49273787975311295,20,4,False,False,False
EXP-H078,shadow,2,101,0.001,1e-05,25,175,0.22833863805447305,0.4441288709640503,0.5041712577342987,0.0009652393605146844,0.49273787975311295,20,5,False,False,False
EXP-H078,shadow,2,101,0.001,1e-05,26,182,0.30366963360990795,0.47787271440029144,0.5290189981460574,0.000962320368593087,0.49273787975311295,20,6,False,False,False
EXP-H078,shadow,2,101,0.001,1e-05,27,189,0.21609466416495188,0.4313800036907196,0.49734529232978836,0.0009592885397135706,0.49273787975311295,20,7,False,False,False
EXP-H078,shadow,2,101,0.001,1e-05,28,196,0.211280029799257,0.4397442489862442,0.4938758845329286,0.0009561446219345453,0.49273787975311295,20,8,False,False,False
EXP-H078,shadow,2,101,0.001,1e-05,29,203,0.3761941237109048,0.4690772294998169,0.5360289750099183,0.0009528893909706797,0.49273787975311295,20,9,False,False,False
EXP-H078,shadow,2,101,0.001,1e-05,30,210,0.21825554647615977,0.5155877023935318,0.5736517214775088,0.0009495236500015047,0.49273787975311295,20,10,False,False,False
EXP-H078,shadow,2,101,0.001,1e-05,31,217,0.17057561288986886,0.5285199582576752,0.5742136471271515,0.0009460482294732421,0.49273787975311295,20,11,False,False,False
EXP-H078,shadow,2,101,0.001,1e-05,32,224,0.2445136627980641,0.44823525846004486,0.5064339516162872,0.0009424639868939033,0.49273787975311295,20,12,False,False,False
EXP-H078,shadow,2,101,0.001,1e-05,33,231,0.20568908005952835,0.45697474479675293,0.5190798842906954,0.0009387718066217125,0.49273787975311295,20,13,False,False,False
EXP-H078,shadow,2,101,0.001,1e-05,34,238,0.1838255226612091,0.5125234872102737,0.5715140893459321,0.0009349725996469047,0.49273787975311295,20,14,False,False,False
EXP-H078,shadow,2,101,0.001,1e-05,35,245,0.18766612027372634,0.48389871418476105,0.5291239891052248,0.0009310673033669522,0.49273787975311295,20,15,False,False,False
EXP-H078,shadow,2,101,0.001,1e-05,36,252,0.31272989937237333,0.559520959854126,0.6181682431697846,0.0009270568813552756,0.49273787975311295,20,16,False,False,False
EXP-H078,shadow,2,101,0.001,1e-05,37,259,0.2683457625763757,0.5100301653146744,0.5560531129837039,0.0009229423231234975,0.49273787975311295,20,17,False,False,False
EXP-H078,shadow,2,101,0.001,1e-05,38,266,0.19699885163988387,0.4865038990974426,0.549838804960251,0.0009187246438772938,0.49273787975311295,20,18,False,False,False
EXP-H078,shadow,2,101,0.001,1e-05,39,273,0.1773359248680728,0.5280480235815048,0.5901540455818177,0.0009144048842659081,0.49273787975311295,20,19,False,False,False
EXP-H078,shadow,2,101,0.001,1e-05,40,280,0.19213632600648062,0.503359004855156,0.5521545577049256,0.0009099841101253866,0.49273787975311295,20,20,False,False,False
EXP-H078,shadow,2,101,0.001,1e-05,41,287,0.1715554424694606,0.5044360458850861,0.568540513753891,0.000905463412215599,0.49273787975311295,20,21,False,False,False
EXP-H078,shadow,2,101,0.001,1e-05,42,294,0.14103131794503757,0.5591659992933273,0.5960197467803956,0.0009008439059511099,0.49273787975311295,20,22,False,False,False
EXP-H078,shadow,2,101,0.001,1e-05,43,301,0.22421425580978394,0.5085582286119461,0.5664666378498078,0.0008961267311259666,0.49273787975311295,20,23,False,False,False
EXP-H078,shadow,2,101,0.001,1e-05,44,308,0.1573465413280896,0.47205905616283417,0.5235791671276093,0.0008913130516324732,0.49273787975311295,20,24,False,False,False
EXP-H078,shadow,2,101,0.001,1e-05,45,315,0.18150422402790614,0.5196722149848938,0.5664136874675751,0.0008864040551740157,0.49273787975311295,20,25,False,False,False
EXP-H078,shadow,2,101,0.001,1e-05,46,322,0.2172145949942725,0.5608758479356766,0.6157454447746278,0.0008814009529720154,0.49273787975311295,20,26,False,False,False
EXP-H078,shadow,2,101,0.001,1e-05,47,329,0.17515123529093607,0.48065851628780365,0.5309298567771912,0.0008763049794670775,0.49273787975311295,20,27,False,False,False
EXP-H078,shadow,2,101,0.001,1e-05,48,336,0.15618525551898138,0.4935057759284973,0.5352721185684206,0.0008711173920144117,0.49273787975311295,20,28,False,False,False
EXP-H078,shadow,2,101,0.001,1e-05,49,343,0.16345385887793132,0.588541567325592,0.6390350444316863,0.0008658394705735987,0.49273787975311295,20,29,False,False,False
EXP-H078,shadow,2,101,0.001,1e-05,50,350,0.13862084863441332,0.5027379989624023,0.5434250040054323,0.0008604725173927785,0.49273787975311295,20,30,False,True,False
EXP-H078,shadow,2,101,0.01,0.0001,1,7,2.860716164112091,0.49249887466430664,0.5371511356830598,0.01,0.5371511356830598,1,0,True,False,False
EXP-H078,shadow,2,101,0.01,0.0001,2,14,1.8707712207521712,0.8099603056907654,0.8489622151851652,0.00999938933078422,0.5371511356830598,1,1,False,False,False
EXP-H078,shadow,2,101,0.01,0.0001,3,21,0.8753985464572906,1.1706095337867737,1.1449781317710874,0.009997557473810372,0.5371511356830598,1,2,False,False,False
EXP-H078,shadow,2,101,0.01,0.0001,4,28,0.8210617985044207,0.454390287399292,0.5216910240650179,0.009994504881061753,0.5216910240650179,4,0,True,False,False
EXP-H078,shadow,2,101,0.01,0.0001,5,35,0.440266241984708,0.5160060673952103,0.5558765227794649,0.009990232305719944,0.5216910240650179,4,1,False,False,False
EXP-H078,shadow,2,101,0.01,0.0001,6,42,0.47723176223891123,0.4615322947502136,0.5431451420783997,0.009984740801978984,0.5216910240650179,4,2,False,False,False
EXP-H078,shadow,2,101,0.01,0.0001,7,49,0.45719702754701885,0.46847204864025116,0.5242368452548982,0.009978031724785246,0.5216910240650179,4,3,False,False,False
EXP-H078,shadow,2,101,0.01,0.0001,8,56,0.5506998300552368,0.4651102125644684,0.522224056005478,0.00997010672950314,0.5216910240650179,4,4,False,False,False
EXP-H078,shadow,2,101,0.01,0.0001,9,63,0.5407456627913884,0.5117306560277939,0.5843088223934174,0.009960967771506667,0.5216910240650179,4,5,False,False,False
EXP-H078,shadow,2,101,0.01,0.0001,10,70,0.4579134040645191,0.4818524569272995,0.5380668499469758,0.00995061710569696,0.5216910240650179,4,6,False,False,False
EXP-H078,shadow,2,101,0.01,0.0001,11,77,0.4917563625744411,0.5550316274166107,0.5864247865676879,0.009939057285945933,0.5216910240650179,4,7,False,False,False
EXP-H078,shadow,2,101,0.01,0.0001,12,84,0.4246607337679182,0.4666813611984253,0.521041172027588,0.00992629116446613,0.521041172027588,12,0,True,False,False
EXP-H078,shadow,2,101,0.01,0.0001,13,91,0.42185571257557186,0.4645542949438095,0.5466336529254914,0.00991232189110701,0.521041172027588,12,1,False,False,False
EXP-H078,shadow,2,101,0.01,0.0001,14,98,0.4330514818429947,0.45747923851013184,0.5308931953907015,0.00989715291257774,0.521041172027588,12,2,False,False,False
EXP-H078,shadow,2,101,0.01,0.0001,15,105,0.69981592467853,0.6474114954471588,0.709069418668747,0.0098807879715968,0.521041172027588,12,3,False,False,False
EXP-H078,shadow,2,101,0.01,0.0001,16,112,0.4652840346097946,0.45786479115486145,0.5356313209533692,0.0098632311059685,0.521041172027588,12,4,False,False,False
EXP-H078,shadow,2,101,0.01,0.0001,17,119,0.5678818098136357,0.6202772557735443,0.6873692352771759,0.009844486647586723,0.521041172027588,12,5,False,False,False
EXP-H078,shadow,2,101,0.01,0.0001,18,126,0.4988670689719064,0.6851131916046143,0.7447880780696867,0.0098245592213661,0.521041172027588,12,6,False,False,False
EXP-H078,shadow,2,101,0.01,0.0001,19,133,0.5326408914157322,0.45564208924770355,0.5299986820220948,0.009803453744100868,0.521041172027588,12,7,False,False,False
EXP-H078,shadow,2,101,0.01,0.0001,20,140,0.39494360610842705,0.456449031829834,0.5323811988830567,0.009781175423251734,0.521041172027588,12,8,False,False,False
EXP-H078,shadow,2,101,0.01,0.0001,21,147,0.4462035426071712,0.4565621614456177,0.5326744537353516,0.009757729755661011,0.521041172027588,12,9,False,False,False
EXP-H078,shadow,2,101,0.01,0.0001,22,154,0.4112258957965033,0.4551693946123123,0.5282160263061524,0.009733122526196349,0.521041172027588,12,10,False,False,False
EXP-H078,shadow,2,101,0.01,0.0001,23,161,0.39519365930131506,0.4544653296470642,0.524488941192627,0.009707359806323416,0.521041172027588,12,11,False,False,False
EXP-H078,shadow,2,101,0.01,0.0001,24,168,0.4122004040649959,0.45447227358818054,0.5245384130477906,0.009680447952607845,0.521041172027588,12,12,False,False,False
EXP-H078,shadow,2,101,0.01,0.0001,25,175,0.4116650266306741,0.45440341532230377,0.5237200412750245,0.009652393605146845,0.521041172027588,12,13,False,False,False
EXP-H078,shadow,2,101,0.01,0.0001,26,182,0.42399372160434723,0.4545378088951111,0.5221994075775147,0.00962320368593087,0.521041172027588,12,14,False,False,False
EXP-H078,shadow,2,101,0.01,0.0001,27,189,0.4113621860742569,0.4549480527639389,0.5213111338615419,0.009592885397135707,0.521041172027588,12,15,False,False,False
EXP-H078,shadow,2,101,0.01,0.0001,28,196,0.39483369872739005,0.4552615135908127,0.5209651288986208,0.009561446219345454,0.5209651288986208,28,0,True,False,False
EXP-H078,shadow,2,101,0.01,0.0001,29,203,0.5270830392837524,0.4546743184328079,0.5217097697257997,0.009528893909706798,0.5209651288986208,28,1,False,False,False
EXP-H078,shadow,2,101,0.01,0.0001,30,210,0.4388607804264341,0.45463691651821136,0.5253485593795777,0.009495236500015047,0.5209651288986208,28,2,False,False,False
EXP-H078,shadow,2,101,0.01,0.0001,31,217,0.39448593663317816,0.4554220736026764,0.5292211990356446,0.00946048229473242,0.5209651288986208,28,3,False,False,False
EXP-H078,shadow,2,101,0.01,0.0001,32,224,0.4012378177472523,0.45582258701324463,0.5305866222381592,0.009424639868939034,0.5209651288986208,28,4,False,False,False
EXP-H078,shadow,2,101,0.01,0.0001,33,231,0.39601388813129496,0.4552724063396454,0.5286432723999024,0.009387718066217124,0.5209651288986208,28,5,False,False,False
EXP-H078,shadow,2,101,0.01,0.0001,34,238,0.4848430092845644,0.4555569291114807,0.5297066192626954,0.009349725996469048,0.5209651288986208,28,6,False,False,False
EXP-H078,shadow,2,101,0.01,0.0001,35,245,0.3940981485481773,0.4562728703022003,0.5319081764221192,0.00931067303366952,0.5209651288986208,28,7,False,False,False
EXP-H078,shadow,2,101,0.01,0.0001,36,252,0.5868504217692784,0.45670896768569946,0.5330437641143799,0.009270568813552756,0.5209651288986208,28,8,False,False,False
EXP-H078,shadow,2,101,0.01,0.0001,37,259,0.4147471232073648,0.4568077325820923,0.5332859973907471,0.009229423231234974,0.5209651288986208,28,9,False,False,False
EXP-H078,shadow,2,101,0.01,0.0001,38,266,0.46800646611622404,0.4577028900384903,0.5352961044311524,0.009187246438772938,0.5209651288986208,28,10,False,False,False
EXP-H078,shadow,2,101,0.01,0.0001,39,273,0.4048743982400213,0.4596693813800812,0.538976095199585,0.009144048842659082,0.5209651288986208,28,11,False,False,False
EXP-H078,shadow,2,101,0.01,0.0001,40,280,0.5232428142002651,0.45863480865955353,0.5371374111175538,0.009099841101253866,0.5209651288986208,28,12,False,False,False
EXP-H078,shadow,2,101,0.01,0.0001,41,287,0.6056156030723027,0.4582131803035736,0.5363296489715577,0.00905463412215599,0.5209651288986208,28,13,False,False,False
EXP-H078,shadow,2,101,0.01,0.0001,42,294,0.41534577310085297,0.4566235989332199,0.532830379486084,0.0090084390595111,0.5209651288986208,28,14,False,False,False
EXP-H078,shadow,2,101,0.01,0.0001,43,301,0.4841302995170866,0.4554129093885422,0.529186866760254,0.008961267311259666,0.5209651288986208,28,15,False,False,False
EXP-H078,shadow,2,101,0.01,0.0001,44,308,0.471259668469429,0.45501047372817993,0.5274969558715821,0.008913130516324731,0.5209651288986208,28,16,False,False,False
EXP-H078,shadow,2,101,0.01,0.0001,45,315,0.547172235591071,0.4560908377170563,0.5313955764770508,0.008864040551740157,0.5209651288986208,28,17,False,False,False
EXP-H078,shadow,2,101,0.01,0.0001,46,322,0.6283461110932487,0.4577591121196747,0.5354134063720704,0.008814009529720154,0.5209651288986208,28,18,False,False,False
EXP-H078,shadow,2,101,0.01,0.0001,47,329,0.4157934146268027,0.4584990441799164,0.5368813495635987,0.008763049794670776,0.5209651288986208,28,19,False,False,False
EXP-H078,shadow,2,101,0.01,0.0001,48,336,0.40378661134413313,0.4579281210899353,0.5357605438232422,0.008711173920144118,0.5209651288986208,28,20,False,False,False
EXP-H078,shadow,2,101,0.01,0.0001,49,343,0.4109670945576259,0.45687974989414215,0.533459566116333,0.008658394705735987,0.5209651288986208,28,21,False,False,False
EXP-H078,shadow,2,101,0.01,0.0001,50,350,0.39386936237237286,0.4552447199821472,0.5285307388305664,0.008604725173927784,0.5209651288986208,28,22,False,False,False
EXP-H078,shadow,2,101,0.01,0.0001,51,357,0.4257869507585253,0.4547225832939148,0.5258978824615479,0.00855017856687341,0.5209651288986208,28,23,False,False,False
EXP-H078,shadow,2,101,0.01,0.0001,52,364,0.43475169369152616,0.45441630482673645,0.5231100473403931,0.008494768343131955,0.5209651288986208,28,24,False,False,False
EXP-H078,shadow,2,101,0.01,0.0001,53,371,0.39942247048020363,0.4544082432985306,0.5232564363479615,0.00843850817434701,0.5209651288986208,28,25,False,False,False
EXP-H078,shadow,2,101,0.01,0.0001,54,378,0.5998287754399436,0.45440202951431274,0.5234749469757081,0.008381411941873378,0.5209651288986208,28,26,False,False,False
EXP-H078,shadow,2,101,0.01,0.0001,55,385,0.43287470085280283,0.4544728696346283,0.5245424661636353,0.008323493733352076,0.5209651288986208,28,27,False,False,False
EXP-H078,shadow,2,101,0.01,0.0001,56,392,0.41833105257579256,0.4549582302570343,0.5272404174804688,0.008264767839234409,0.5209651288986208,28,28,False,False,False
EXP-H078,shadow,2,101,0.01,0.0001,57,399,0.41367036955697195,0.45469263195991516,0.5256957035064698,0.008205248749256015,0.5209651288986208,28,29,False,False,False
EXP-H078,shadow,2,101,0.01,0.0001,58,406,0.40065643031682285,0.4544696509838104,0.5245198163986207,0.008144951148861742,0.5209651288986208,28,30,False,True,False
EXP-H078,shadow,3,101,1e-05,1.0000000000000001e-07,1,7,0.44450905493327547,0.5313735604286194,0.5672537663777668,1e-05,0.5672537663777668,1,0,True,False,False
EXP-H078,shadow,3,101,1e-05,1.0000000000000001e-07,2,14,0.45962985924312044,0.5397748748461405,0.5557816365559897,9.99938933078422e-06,0.5557816365559897,2,0,True,False,False
EXP-H078,shadow,3,101,1e-05,1.0000000000000001e-07,3,21,0.480876767209598,0.5495424866676331,0.54626428268895,9.997557473810373e-06,0.54626428268895,3,0,True,False,False
EXP-H078,shadow,3,101,1e-05,1.0000000000000001e-07,4,28,0.43470354271786554,0.5573729773362478,0.5422894922892253,9.994504881061752e-06,0.5422894922892253,4,0,True,False,False
EXP-H078,shadow,3,101,1e-05,1.0000000000000001e-07,5,35,0.45638234487601687,0.5609135627746582,0.5412901283032967,9.990232305719944e-06,0.5412901283032967,5,0,True,False,False
EXP-H078,shadow,3,101,1e-05,1.0000000000000001e-07,6,42,0.4959693444626672,0.5652774175008138,0.5401176579793294,9.984740801978984e-06,0.5401176579793294,6,0,True,False,False
EXP-H078,shadow,3,101,1e-05,1.0000000000000001e-07,7,49,0.4655213441167559,0.5680593351523081,0.5393804966319691,9.978031724785247e-06,0.5393804966319691,7,0,True,False,False
EXP-H078,shadow,3,101,1e-05,1.0000000000000001e-07,8,56,0.6226321245942797,0.5716764529546102,0.5384638133193508,9.97010672950314e-06,0.5384638133193508,8,0,True,False,False
EXP-H078,shadow,3,101,1e-05,1.0000000000000001e-07,9,63,0.41592990114752737,0.572314461072286,0.5382802743622751,9.960967771506666e-06,0.5382802743622751,9,0,True,False,False
EXP-H078,shadow,3,101,1e-05,1.0000000000000001e-07,10,70,0.47131944979940144,0.5714279810587565,0.5384680904041638,9.950617105696961e-06,0.5382802743622751,9,1,False,False,False
EXP-H078,shadow,3,101,1e-05,1.0000000000000001e-07,11,77,0.6096045587744031,0.5716995199521383,0.5383822019172437,9.939057285945933e-06,0.5382802743622751,9,2,False,False,False
EXP-H078,shadow,3,101,1e-05,1.0000000000000001e-07,12,84,0.43944081850349903,0.5715743899345398,0.5383952354662346,9.926291164466131e-06,0.5382802743622751,9,3,False,False,False
EXP-H078,shadow,3,101,1e-05,1.0000000000000001e-07,13,91,0.5358918820108686,0.573321541150411,0.5381175742871833,9.91232189110701e-06,0.5381175742871833,13,0,True,False,False
EXP-H078,shadow,3,101,1e-05,1.0000000000000001e-07,14,98,0.4720666067940848,0.5714129408200582,0.5384225741299716,9.897152912577742e-06,0.5381175742871833,13,1,False,False,False
EXP-H078,shadow,3,101,1e-05,1.0000000000000001e-07,15,105,0.45229687861033846,0.5706321597099304,0.5385960272586707,9.8807879715968e-06,0.5381175742871833,13,2,False,False,False
EXP-H078,shadow,3,101,1e-05,1.0000000000000001e-07,16,112,0.41922300967520904,0.5697895785172781,0.5387990153919567,9.8632311059685e-06,0.5381175742871833,13,3,False,False,False
EXP-H078,shadow,3,101,1e-05,1.0000000000000001e-07,17,119,0.4798844712121146,0.5691849887371063,0.5389281660137755,9.844486647586724e-06,0.5381175742871833,13,4,False,False,False
EXP-H078,shadow,3,101,1e-05,1.0000000000000001e-07,18,126,0.44923783945185797,0.5695836047331492,0.5388059801043886,9.824559221366101e-06,0.5381175742871833,13,5,False,False,False
EXP-H078,shadow,3,101,1e-05,1.0000000000000001e-07,19,133,0.52927913410323,0.5693861842155457,0.5388340990471118,9.803453744100868e-06,0.5381175742871833,13,6,False,False,False
EXP-H078,shadow,3,101,1e-05,1.0000000000000001e-07,20,140,0.47204823579107014,0.5694974362850189,0.538776618495132,9.781175423251734e-06,0.5381175742871833,13,7,False,False,False
EXP-H078,shadow,3,101,1e-05,1.0000000000000001e-07,21,147,0.4407451291169439,0.5693122148513794,0.5387919061834162,9.757729755661012e-06,0.5381175742871833,13,8,False,False,False
EXP-H078,shadow,3,101,1e-05,1.0000000000000001e-07,22,154,0.45159192596163067,0.5710037549336752,0.5383458466963335,9.73312252619635e-06,0.5381175742871833,13,9,False,False,False
EXP-H078,shadow,3,101,1e-05,1.0000000000000001e-07,23,161,0.4220862633415631,0.5732726653416952,0.5379982494007457,9.707359806323418e-06,0.5379982494007457,23,0,True,False,False
EXP-H078,shadow,3,101,1e-05,1.0000000000000001e-07,24,168,0.49359129795006346,0.575297623872757,0.5378369050459428,9.680447952607845e-06,0.5378369050459428,24,0,True,False,False
EXP-H078,shadow,3,101,1e-05,1.0000000000000001e-07,25,175,0.4895875666822706,0.5749842325846354,0.5378565276174835,9.652393605146845e-06,0.5378369050459428,24,1,False,False,False
EXP-H078,shadow,3,101,1e-05,1.0000000000000001e-07,26,182,0.4838954082557133,0.5781128605206808,0.5376141787442295,9.62320368593087e-06,0.5376141787442295,26,0,True,False,False
EXP-H078,shadow,3,101,1e-05,1.0000000000000001e-07,27,189,0.6046678679330009,0.5813668370246887,0.5373719165686405,9.592885397135707e-06,0.5373719165686405,27,0,True,False,False
EXP-H078,shadow,3,101,1e-05,1.0000000000000001e-07,28,196,0.4510498217173985,0.5824514230092367,0.5372731390288382,9.561446219345455e-06,0.5372731390288382,28,0,True,False,False
EXP-H078,shadow,3,101,1e-05,1.0000000000000001e-07,29,203,0.6768271050282887,0.5841705699761709,0.5371346250591856,9.528893909706798e-06,0.5371346250591856,29,0,True,False,False
EXP-H078,shadow,3,101,1e-05,1.0000000000000001e-07,30,210,0.5729078735624041,0.580315113067627,0.537390556566643,9.495236500015048e-06,0.5371346250591856,29,1,False,False,False
EXP-H078,shadow,3,101,1e-05,1.0000000000000001e-07,31,217,0.41366802688155857,0.5754985411961874,0.53773778071548,9.460482294732422e-06,0.5371346250591856,29,2,False,False,False
EXP-H078,shadow,3,101,1e-05,1.0000000000000001e-07,32,224,0.47379408138138907,0.5715675552686056,0.5380543980453953,9.424639868939035e-06,0.5371346250591856,29,3,False,False,False
EXP-H078,shadow,3,101,1e-05,1.0000000000000001e-07,33,231,0.5358831584453583,0.5701677898565928,0.538382375312574,9.387718066217125e-06,0.5371346250591856,29,4,False,False,False
EXP-H078,shadow,3,101,1e-05,1.0000000000000001e-07,34,238,0.45034997165203094,0.5668953557809194,0.5391591574928978,9.349725996469047e-06,0.5371346250591856,29,5,False,False,False
EXP-H078,shadow,3,101,1e-05,1.0000000000000001e-07,35,245,0.43260283727817644,0.5686788161595663,0.5386902098222213,9.310673033669522e-06,0.5371346250591856,29,6,False,False,False
EXP-H078,shadow,3,101,1e-05,1.0000000000000001e-07,36,252,0.46998655796051025,0.569485068321228,0.5384761821862423,9.270568813552757e-06,0.5371346250591856,29,7,False,False,False
EXP-H078,shadow,3,101,1e-05,1.0000000000000001e-07,37,259,0.454469624374594,0.5718005299568176,0.537941260135535,9.229423231234975e-06,0.5371346250591856,29,8,False,False,False
EXP-H078,shadow,3,101,1e-05,1.0000000000000001e-07,38,266,0.6458017528057098,0.5751696228981018,0.5376729308619643,9.18724643877294e-06,0.5371346250591856,29,9,False,False,False
EXP-H078,shadow,3,101,1e-05,1.0000000000000001e-07,39,273,0.43698639635528835,0.5781498948733012,0.5374522275057706,9.144048842659081e-06,0.5371346250591856,29,10,False,False,False
EXP-H078,shadow,3,101,1e-05,1.0000000000000001e-07,40,280,0.4739981208528791,0.5820142030715942,0.5371839560306434,9.099841101253867e-06,0.5371346250591856,29,11,False,False,False
EXP-H078,shadow,3,101,1e-05,1.0000000000000001e-07,41,287,0.450177931359836,0.5835387508074442,0.5370800633285985,9.054634122155991e-06,0.5370800633285985,41,0,True,False,False
EXP-H078,shadow,3,101,1e-05,1.0000000000000001e-07,42,294,0.4250492211431265,0.5827187498410543,0.5371295965946082,9.0084390595111e-06,0.5370800633285985,41,1,False,False,False
EXP-H078,shadow,3,101,1e-05,1.0000000000000001e-07,43,301,0.533856030021395,0.5822645326455435,0.5371505196311257,8.961267311259668e-06,0.5370800633285985,41,2,False,False,False
EXP-H078,shadow,3,101,1e-05,1.0000000000000001e-07,44,308,0.5032799712249211,0.5800299942493439,0.5373079047925544,8.913130516324733e-06,0.5370800633285985,41,3,False,False,False
EXP-H078,shadow,3,101,1e-05,1.0000000000000001e-07,45,315,0.43083058749990805,0.5784722963968912,0.5374187044085879,8.864040551740158e-06,0.5370800633285985,41,4,False,False,False
EXP-H078,shadow,3,101,1e-05,1.0000000000000001e-07,46,322,0.43539859354496,0.5792460044225057,0.5373553862138228,8.814009529720155e-06,0.5370800633285985,41,5,False,False,False
EXP-H078,shadow,3,101,1e-05,1.0000000000000001e-07,47,329,0.45791710700307575,0.5754028956095377,0.5376372114239317,8.763049794670776e-06,0.5370800633285985,41,6,False,False,False
EXP-H078,shadow,3,101,1e-05,1.0000000000000001e-07,48,336,0.41650519227342947,0.5719175934791565,0.537893749815045,8.711173920144118e-06,0.5370800633285985,41,7,False,False,False
EXP-H078,shadow,3,101,1e-05,1.0000000000000001e-07,49,343,0.5871224084070751,0.5719761649767557,0.5378787800181996,8.658394705735988e-06,0.5370800633285985,41,8,False,False,False
EXP-H078,shadow,3,101,1e-05,1.0000000000000001e-07,50,350,0.45706744279180256,0.5714917182922363,0.5379030264652137,8.604725173927786e-06,0.5370800633285985,41,9,False,False,False
EXP-H078,shadow,3,101,1e-05,1.0000000000000001e-07,51,357,0.4070463552655253,0.5713941951592764,0.5379024195815578,8.550178566873412e-06,0.5370800633285985,41,10,False,False,False
EXP-H078,shadow,3,101,1e-05,1.0000000000000001e-07,52,364,0.5130210944584438,0.5722428063551585,0.5378296224420721,8.494768343131955e-06,0.5370800633285985,41,11,False,False,False
EXP-H078,shadow,3,101,1e-05,1.0000000000000001e-07,53,371,0.5334138103893825,0.5710356036822001,0.5379236001679392,8.43850817434701e-06,0.5370800633285985,41,12,False,False,False
EXP-H078,shadow,3,101,1e-05,1.0000000000000001e-07,54,378,0.41029166363711866,0.5683464407920837,0.5385462050004439,8.381411941873379e-06,0.5370800633285985,41,13,False,False,False
EXP-H078,shadow,3,101,1e-05,1.0000000000000001e-07,55,385,0.5111746340990067,0.5686856011549631,0.5384359255704013,8.323493733352078e-06,0.5370800633285985,41,14,False,False,False
EXP-H078,shadow,3,101,1e-05,1.0000000000000001e-07,56,392,0.6033653169870377,0.5675768256187439,0.5386775230638908,8.26476783923441e-06,0.5370800633285985,41,15,False,False,False
EXP-H078,shadow,3,101,1e-05,1.0000000000000001e-07,57,399,0.4239724970289639,0.5685417354106903,0.5384097428755327,8.205248749256014e-06,0.5370800633285985,41,16,False,False,False
EXP-H078,shadow,3,101,1e-05,1.0000000000000001e-07,58,406,0.4265208527711885,0.5706485112508138,0.5378712058789803,8.144951148861743e-06,0.5370800633285985,41,17,False,False,False
EXP-H078,shadow,3,101,1e-05,1.0000000000000001e-07,59,413,0.5947109886578151,0.5714157323042551,0.5377624606508197,8.083889915582235e-06,0.5370800633285985,41,18,False,False,False
EXP-H078,shadow,3,101,1e-05,1.0000000000000001e-07,60,420,0.4200797128890242,0.5717914998531342,0.5377136209661311,8.022080115363127e-06,0.5370800633285985,41,19,False,False,False
EXP-H078,shadow,3,101,1e-05,1.0000000000000001e-07,61,427,0.4860543268067496,0.5752030710379282,0.5374382113832415,7.959536998847744e-06,0.5370800633285985,41,20,False,False,False
EXP-H078,shadow,3,101,1e-05,1.0000000000000001e-07,62,434,0.4703971104962485,0.573634147644043,0.5375413527055221,7.89627599761423e-06,0.5370800633285985,41,21,False,False,False
EXP-H078,shadow,3,101,1e-05,1.0000000000000001e-07,63,441,0.40896189851420267,0.5751477281252543,0.5374106704249526,7.832312720368048e-06,0.5370800633285985,41,22,False,False,False
EXP-H078,shadow,3,101,1e-05,1.0000000000000001e-07,64,448,0.7129799979073661,0.5722132523854574,0.5376235998905067,7.767662949090754e-06,0.5370800633285985,41,23,False,False,False
EXP-H078,shadow,3,101,1e-05,1.0000000000000001e-07,65,455,0.45651547823633465,0.5691042641798655,0.5380987872499409,7.702342635146033e-06,0.5370800633285985,41,24,False,False,False
EXP-H078,shadow,3,101,1e-05,1.0000000000000001e-07,66,462,0.5045076395784106,0.568661242723465,0.5382016973784476,7.636367895343947e-06,0.5370800633285985,41,25,False,False,False
EXP-H078,shadow,3,101,1e-05,1.0000000000000001e-07,67,469,0.4488813408783504,0.5694315830866495,0.5380068010272402,7.5697550079643376e-06,0.5370800633285985,41,26,False,False,False
EXP-H078,shadow,3,101,1e-05,1.0000000000000001e-07,68,476,0.4550425239971706,0.5716817378997803,0.5376431068651604,7.502520408740418e-06,0.5370800633285985,41,27,False,False,False
EXP-H078,shadow,3,101,1e-05,1.0000000000000001e-07,69,483,0.4751115143299103,0.5746353765328726,0.5374161323778557,7.43468068680349e-06,0.5370800633285985,41,28,False,False,False
EXP-H078,shadow,3,101,1e-05,1.0000000000000001e-07,70,490,0.43343369237014223,0.5754364430904388,0.5373474967262961,7.366252580589839e-06,0.5370800633285985,41,29,False,False,False
EXP-H078,shadow,3,101,1e-05,1.0000000000000001e-07,71,497,0.43892516621521543,0.5758595367272695,0.5373035121108547,7.297252973710756e-06,0.5370800633285985,41,30,False,True,False
EXP-H078,shadow,3,101,0.0001,1.0000000000000002e-06,1,7,0.44760044916932074,0.6311225791772207,0.5485781451138583,0.0001,0.5485781451138583,1,0,True,False,False
EXP-H078,shadow,3,101,0.0001,1.0000000000000002e-06,2,14,0.46087032343660084,0.64970596631368,0.5547974730982924,9.99938933078422e-05,0.5485781451138583,1,1,False,False,False
EXP-H078,shadow,3,101,0.0001,1.0000000000000002e-06,3,21,0.4427639517400946,0.5783354143301646,0.5371648536450935,9.997557473810373e-05,0.5371648536450935,3,0,True,False,False
EXP-H078,shadow,3,101,0.0001,1.0000000000000002e-06,4,28,0.43054437743765966,0.5624201893806458,0.539466703010328,9.994504881061753e-05,0.5371648536450935,3,1,False,False,False
EXP-H078,shadow,3,101,0.0001,1.0000000000000002e-06,5,35,0.4249907944883619,0.5683512091636658,0.537873517816717,9.990232305719945e-05,0.5371648536450935,3,2,False,False,False
EXP-H078,shadow,3,101,0.0001,1.0000000000000002e-06,6,42,0.5549197239535195,0.5840087831020355,0.536635073112719,9.984740801978984e-05,0.536635073112719,6,0,True,False,False
EXP-H078,shadow,3,101,0.0001,1.0000000000000002e-06,7,49,0.4243970050343445,0.5705511371294657,0.537592937816273,9.978031724785247e-05,0.536635073112719,6,1,False,False,False
EXP-H078,shadow,3,101,0.0001,1.0000000000000002e-06,8,56,0.5645792228834969,0.5769779880841573,0.5370588801990855,9.97010672950314e-05,0.536635073112719,6,2,False,False,False
EXP-H078,shadow,3,101,0.0001,1.0000000000000002e-06,9,63,0.42485205296959194,0.5628671248753866,0.538845109650583,9.960967771506667e-05,0.536635073112719,6,3,False,False,False
EXP-H078,shadow,3,101,0.0001,1.0000000000000002e-06,10,70,0.48024956030505045,0.5586468875408173,0.5395814040212921,9.95061710569696e-05,0.536635073112719,6,4,False,False,False
EXP-H078,shadow,3,101,0.0001,1.0000000000000002e-06,11,77,0.6759050701345716,0.5812808871269226,0.5362442978367661,9.939057285945933e-05,0.5362442978367661,11,0,True,False,False
EXP-H078,shadow,3,101,0.0001,1.0000000000000002e-06,12,84,0.43730966108185904,0.5830693940321604,0.5360642556855173,9.926291164466132e-05,0.5360642556855173,12,0,True,False,False
EXP-H078,shadow,3,101,0.0001,1.0000000000000002e-06,13,91,0.5651682700429644,0.5860433677832285,0.5361508548620976,9.91232189110701e-05,0.5360642556855173,12,1,False,False,False
EXP-H078,shadow,3,101,0.0001,1.0000000000000002e-06,14,98,0.41852164587804247,0.5576243698596954,0.5391120806607334,9.897152912577741e-05,0.5360642556855173,12,2,False,False,False
EXP-H078,shadow,3,101,0.0001,1.0000000000000002e-06,15,105,0.4605305663176945,0.5732282300790151,0.5365728530883789,9.8807879715968e-05,0.5360642556855173,12,3,False,False,False
EXP-H078,shadow,3,101,0.0001,1.0000000000000002e-06,16,112,0.43417356801884516,0.5678002238273621,0.5370059079256925,9.8632311059685e-05,0.5360642556855173,12,4,False,False,False
EXP-H078,shadow,3,101,0.0001,1.0000000000000002e-06,17,119,0.500763190644128,0.5731176336606344,0.5366427025072502,9.844486647586725e-05,0.5360642556855173,12,5,False,False,False
EXP-H078,shadow,3,101,0.0001,1.0000000000000002e-06,18,126,0.41449393847558114,0.5779136419296265,0.5363672351259173,9.824559221366101e-05,0.5360642556855173,12,6,False,False,False
EXP-H078,shadow,3,101,0.0001,1.0000000000000002e-06,19,133,0.5240460165909359,0.5612737139066061,0.5381434943459251,9.803453744100869e-05,0.5360642556855173,12,7,False,False,False
EXP-H078,shadow,3,101,0.0001,1.0000000000000002e-06,20,140,0.40811427363327574,0.5595323741436005,0.5387873690056079,9.781175423251735e-05,0.5360642556855173,12,8,False,False,False
EXP-H078,shadow,3,101,0.0001,1.0000000000000002e-06,21,147,0.4251069596835545,0.5534858206907908,0.5403394595059482,9.757729755661011e-05,0.5360642556855173,12,9,False,False,False
EXP-H078,shadow,3,101,0.0001,1.0000000000000002e-06,22,154,0.4435762124402182,0.5765108068784078,0.536738647923325,9.73312252619635e-05,0.5360642556855173,12,10,False,False,False
EXP-H078,shadow,3,101,0.0001,1.0000000000000002e-06,23,161,0.40938583857912036,0.5913118322690328,0.536163137031324,9.707359806323417e-05,0.5360642556855173,12,11,False,False,False
EXP-H078,shadow,3,101,0.0001,1.0000000000000002e-06,24,168,0.4782073880944933,0.5731867551803589,0.5369682233405836,9.680447952607845e-05,0.5360642556855173,12,12,False,False,False
EXP-H078,shadow,3,101,0.0001,1.0000000000000002e-06,25,175,0.47365330372537884,0.5526840686798096,0.5405795542399089,9.652393605146844e-05,0.5360642556855173,12,13,False,False,False
EXP-H078,shadow,3,101,0.0001,1.0000000000000002e-06,26,182,0.48529296687671114,0.5731044312318166,0.5376153925115412,9.623203685930869e-05,0.5360642556855173,12,14,False,False,False
EXP-H078,shadow,3,101,0.0001,1.0000000000000002e-06,27,189,0.6089589659656797,0.5860528747240702,0.5372402806137547,9.592885397135707e-05,0.5360642556855173,12,15,False,False,False
EXP-H078,shadow,3,101,0.0001,1.0000000000000002e-06,28,196,0.42197248126779285,0.5720969637235006,0.5387947986487186,9.561446219345454e-05,0.5360642556855173,12,16,False,False,False
EXP-H078,shadow,3,101,0.0001,1.0000000000000002e-06,29,203,0.6173293462821415,0.5744319955507914,0.5389779619159121,9.528893909706797e-05,0.5360642556855173,12,17,False,False,False
EXP-H078,shadow,3,101,0.0001,1.0000000000000002e-06,30,210,0.5989228146416801,0.5598345796267191,0.5431298238580877,9.495236500015047e-05,0.5360642556855173,12,18,False,False,False
EXP-H078,shadow,3,101,0.0001,1.0000000000000002e-06,31,217,0.41922805711094824,0.5587482452392578,0.5455424400098396,9.460482294732421e-05,0.5360642556855173,12,19,False,False,False
EXP-H078,shadow,3,101,0.0001,1.0000000000000002e-06,32,224,0.39446728357246946,0.5885790685812632,0.5408912059899532,9.424639868939033e-05,0.5360642556855173,12,20,False,False,False
EXP-H078,shadow,3,101,0.0001,1.0000000000000002e-06,33,231,0.5329182999474662,0.6148211558659872,0.5412549893928297,9.387718066217124e-05,0.5360642556855173,12,21,False,False,False
EXP-H078,shadow,3,101,0.0001,1.0000000000000002e-06,34,238,0.4654900963817324,0.5867106517155966,0.5477868113662258,9.349725996469047e-05,0.5360642556855173,12,22,False,False,False
EXP-H078,shadow,3,101,0.0001,1.0000000000000002e-06,35,245,0.39614469050346607,0.6107931534449259,0.5462900718920158,9.310673033669521e-05,0.5360642556855173,12,23,False,False,False
EXP-H078,shadow,3,101,0.0001,1.0000000000000002e-06,36,252,0.3944216604743685,0.6242862939834595,0.548769262602835,9.270568813552756e-05,0.5360642556855173,12,24,False,False,False
EXP-H078,shadow,3,101,0.0001,1.0000000000000002e-06,37,259,0.38249457414661137,0.6471152305603027,0.5555481176665336,9.229423231234974e-05,0.5360642556855173,12,25,False,False,False
EXP-H078,shadow,3,101,0.0001,1.0000000000000002e-06,38,266,0.514900015933173,0.6821897824605306,0.568346812392726,9.187246438772939e-05,0.5360642556855173,12,26,False,False,False
EXP-H078,shadow,3,101,0.0001,1.0000000000000002e-06,39,273,0.3579453370933022,0.7251283923784891,0.5867210242531515,9.14404884265908e-05,0.5360642556855173,12,27,False,False,False
EXP-H078,shadow,3,101,0.0001,1.0000000000000002e-06,40,280,0.44018366081374033,0.7408002018928528,0.6063679009639856,9.099841101253866e-05,0.5360642556855173,12,28,False,False,False
EXP-H078,shadow,3,101,0.0001,1.0000000000000002e-06,41,287,0.46960326177733286,0.7368036508560181,0.6194858067830404,9.05463412215599e-05,0.5360642556855173,12,29,False,False,False
EXP-H078,shadow,3,101,0.0001,1.0000000000000002e-06,42,294,0.3926603559936796,0.7389586865901947,0.6249364022919627,9.0084390595111e-05,0.5360642556855173,12,30,False,True,False
EXP-H078,shadow,3,101,0.001,1e-05,1,7,0.4714242092200688,0.6318173110485077,0.5477971857244318,0.001,0.5477971857244318,1,0,True,False,False
EXP-H078,shadow,3,101,0.001,1e-05,2,14,0.5743555692689759,0.779911200205485,0.6189915410822087,0.000999938933078422,0.5477971857244318,1,1,False,False,False
EXP-H078,shadow,3,101,0.001,1e-05,3,21,0.5429497233458928,0.5238363494475683,0.7165525630604136,0.0009997557473810372,0.5477971857244318,1,2,False,False,False
EXP-H078,shadow,3,101,0.001,1e-05,4,28,0.4706043781978743,0.6434992949167887,0.5523019675052527,0.0009994504881061753,0.5477971857244318,1,3,False,False,False
EXP-H078,shadow,3,101,0.001,1e-05,5,35,0.45651213824748993,0.5510272880395254,0.5429349478519323,0.0009990232305719944,0.5429349478519323,5,0,True,False,False
EXP-H078,shadow,3,101,0.001,1e-05,6,42,0.5048809008938926,0.5506412188212076,0.5438582490863221,0.0009984740801978985,0.5429349478519323,5,1,False,False,False
EXP-H078,shadow,3,101,0.001,1e-05,7,49,0.41942757854537505,0.6751843293507894,0.5573152565233633,0.0009978031724785245,0.5429349478519323,5,2,False,False,False
EXP-H078,shadow,3,101,0.001,1e-05,8,56,0.5495009975773948,0.519023577372233,0.6266054322213838,0.000997010672950314,0.5429349478519323,5,3,False,False,False
EXP-H078,shadow,3,101,0.001,1e-05,9,63,0.44926963267581804,0.6684907575448354,0.5449230101614285,0.0009960967771506667,0.5429349478519323,5,4,False,False,False
EXP-H078,shadow,3,101,0.001,1e-05,10,70,0.5072962769440242,0.5558064579963684,0.5508316044662939,0.000995061710569696,0.5429349478519323,5,5,False,False,False
EXP-H078,shadow,3,101,0.001,1e-05,11,77,0.6273501153503146,0.5858159263928732,0.5553816012758197,0.0009939057285945933,0.5429349478519323,5,6,False,False,False
EXP-H078,shadow,3,101,0.001,1e-05,12,84,0.3867916448507458,0.6967271963755289,0.5916339830340761,0.000992629116446613,0.5429349478519323,5,7,False,False,False
EXP-H078,shadow,3,101,0.001,1e-05,13,91,0.4522365682891437,0.6635434826215109,0.6381500900730942,0.000991232189110701,0.5429349478519323,5,8,False,False,False
EXP-H078,shadow,3,101,0.001,1e-05,14,98,0.4121161313461406,0.6731907725334167,0.5465864200014057,0.0009897152912577741,0.5429349478519323,5,9,False,False,False
EXP-H078,shadow,3,101,0.001,1e-05,15,105,0.4222878409283502,0.5808892846107483,0.5791230625961766,0.00098807879715968,0.5429349478519323,5,10,False,False,False
EXP-H078,shadow,3,101,0.001,1e-05,16,112,0.36831252702644895,0.781707247098287,0.6067699443932736,0.00098632311059685,0.5429349478519323,5,11,False,False,False
EXP-H078,shadow,3,101,0.001,1e-05,17,119,0.3171235738056047,0.7066364487012228,0.6551913759636158,0.0009844486647586723,0.5429349478519323,5,12,False,False,False
EXP-H078,shadow,3,101,0.001,1e-05,18,126,0.3510060432766165,0.6980022390683492,0.6185563939412434,0.00098245592213661,0.5429349478519323,5,13,False,False,False
EXP-H078,shadow,3,101,0.001,1e-05,19,133,0.34050023555755615,0.7209308743476868,0.662122016213157,0.0009803453744100868,0.5429349478519323,5,14,False,False,False
EXP-H078,shadow,3,101,0.001,1e-05,20,140,0.272524091015969,0.7541409035523733,0.5894760522553415,0.0009781175423251734,0.5429349478519323,5,15,False,False,False
EXP-H078,shadow,3,101,0.001,1e-05,21,147,0.28658537061086725,0.6416480640570322,0.6738051177516129,0.0009757729755661011,0.5429349478519323,5,16,False,False,False
EXP-H078,shadow,3,101,0.001,1e-05,22,154,0.2825539819896221,0.7027866741021475,0.557501735340465,0.0009733122526196349,0.5429349478519323,5,17,False,False,False
EXP-H078,shadow,3,101,0.001,1e-05,23,161,0.2531200936396739,0.6641986072063446,0.5732856921571673,0.0009707359806323416,0.5429349478519323,5,18,False,False,False
EXP-H078,shadow,3,101,0.001,1e-05,24,168,0.27092990811382023,0.7707072695096334,0.8414283569798324,0.0009680447952607845,0.5429349478519323,5,19,False,False,False
EXP-H078,shadow,3,101,0.001,1e-05,25,175,0.32517535106412004,0.9061615665753683,0.7044012453483813,0.0009652393605146844,0.5429349478519323,5,20,False,False,False
EXP-H078,shadow,3,101,0.001,1e-05,26,182,0.3603408145053046,0.6781387130419413,0.7440763783310399,0.000962320368593087,0.5429349478519323,5,21,False,False,False
EXP-H078,shadow,3,101,0.001,1e-05,27,189,0.2824474892445973,0.7178721725940704,0.6235514766808713,0.0009592885397135706,0.5429349478519323,5,22,False,False,False
EXP-H078,shadow,3,101,0.001,1e-05,28,196,0.18157366663217545,0.8103128870328268,0.6998526881824839,0.0009561446219345453,0.5429349478519323,5,23,False,False,False
EXP-H078,shadow,3,101,0.001,1e-05,29,203,0.514123158795493,0.769767681757609,0.6063659947713215,0.0009528893909706797,0.5429349478519323,5,24,False,False,False
EXP-H078,shadow,3,101,0.001,1e-05,30,210,0.23801309773365834,0.6444607873757681,0.6243871425281872,0.0009495236500015047,0.5429349478519323,5,25,False,False,False
EXP-H078,shadow,3,101,0.001,1e-05,31,217,0.22113006987742015,0.7038995822270712,0.6286181807084517,0.0009460482294732421,0.5429349478519323,5,26,False,False,False
EXP-H078,shadow,3,101,0.001,1e-05,32,224,0.2194678783416748,0.6831834117571512,0.5854987212672377,0.0009424639868939033,0.5429349478519323,5,27,False,False,False
EXP-H078,shadow,3,101,0.001,1e-05,33,231,0.33275016077927183,0.8263410727183024,0.7933939407811021,0.0009387718066217125,0.5429349478519323,5,28,False,False,False
EXP-H078,shadow,3,101,0.001,1e-05,34,238,0.1811029757373035,0.8359894951184591,0.655381865530303,0.0009349725996469047,0.5429349478519323,5,29,False,False,False
EXP-H078,shadow,3,101,0.001,1e-05,35,245,0.21060180344751903,0.9082105954488119,0.7872658178156071,0.0009310673033669522,0.5429349478519323,5,30,False,True,False
EXP-H078,shadow,3,101,0.01,0.0001,1,7,3.022200201238905,1.2572072347005208,0.9879023217865914,0.01,0.9879023217865914,1,0,True,False,False
EXP-H078,shadow,3,101,0.01,0.0001,2,14,2.5032451919146945,5.8464023272196455,4.728272266272343,0.00999938933078422,0.9879023217865914,1,1,False,False,False
EXP-H078,shadow,3,101,0.01,0.0001,3,21,3.41096944468362,1.0381464560826619,0.8055641615896514,0.009997557473810372,0.8055641615896514,3,0,True,False,False
EXP-H078,shadow,3,101,0.01,0.0001,4,28,1.02215210880552,2.557473580042521,1.79441583182595,0.009994504881061753,0.8055641615896514,3,1,False,False,False
EXP-H078,shadow,3,101,0.01,0.0001,5,35,1.8013956887381417,0.9816083312034607,0.8109742378466057,0.009990232305719944,0.8055641615896514,3,2,False,False,False
EXP-H078,shadow,3,101,0.01,0.0001,6,42,1.1283272573990482,0.7543253973514462,1.016256955695875,0.009984740801978984,0.8055641615896514,3,3,False,False,False
EXP-H078,shadow,3,101,0.01,0.0001,7,49,0.6557878596442086,0.5178988774617513,0.6563689223780775,0.009978031724785246,0.6563689223780775,7,0,True,False,False
EXP-H078,shadow,3,101,0.01,0.0001,8,56,0.6708151144640786,0.5410342446217934,0.7695449792110558,0.00997010672950314,0.6563689223780775,7,1,False,False,False
EXP-H078,shadow,3,101,0.01,0.0001,9,63,0.6210662164459271,0.5267714659372965,0.586992156751228,0.009960967771506667,0.586992156751228,9,0,True,False,False
EXP-H078,shadow,3,101,0.01,0.0001,10,70,0.642019693340574,1.4092247088750203,1.1006786734841085,0.00995061710569696,0.586992156751228,9,1,False,False,False
EXP-H078,shadow,3,101,0.01,0.0001,11,77,1.215942348752703,0.8166729460159937,1.0419291747122101,0.009939057285945933,0.586992156751228,9,2,False,False,False
EXP-H078,shadow,3,101,0.01,0.0001,12,84,0.694716317313058,0.6511200765768687,0.5621759934858842,0.00992629116446613,0.5621759934858842,12,0,True,False,False
EXP-H078,shadow,3,101,0.01,0.0001,13,91,0.5426930998052869,0.5271477699279785,0.562375774267948,0.00991232189110701,0.5621759934858842,12,1,False,False,False
EXP-H078,shadow,3,101,0.01,0.0001,14,98,0.5565486933503833,2.6141923666000366,1.893792223034483,0.00989715291257774,0.5621759934858842,12,2,False,False,False
EXP-H078,shadow,3,101,0.01,0.0001,15,105,1.289943196943828,0.541743795077006,0.5503063033132842,0.0098807879715968,0.5503063033132842,15,0,True,False,False
EXP-H078,shadow,3,101,0.01,0.0001,16,112,0.4191321435251406,0.538791169722875,0.5535665690104167,0.0098632311059685,0.5503063033132842,15,1,False,False,False
EXP-H078,shadow,3,101,0.01,0.0001,17,119,0.4809197059699467,0.5409959355990092,0.5511120714129824,0.009844486647586723,0.5503063033132842,15,2,False,False,False
EXP-H078,shadow,3,101,0.01,0.0001,18,126,0.4230139691914831,0.54091743628184,0.5511973819154682,0.0098245592213661,0.5503063033132842,15,3,False,False,False
EXP-H078,shadow,3,101,0.01,0.0001,19,133,0.5185640369142804,0.5441652536392212,0.5480986693411163,0.009803453744100868,0.5480986693411163,19,0,True,False,False
EXP-H078,shadow,3,101,0.01,0.0001,20,140,0.42649846098252703,0.5434058904647827,0.5487045415242513,0.009781175423251734,0.5480986693411163,19,1,False,False,False
EXP-H078,shadow,3,101,0.01,0.0001,21,147,0.4187591017356941,0.5416207015514374,0.5504379103689483,0.009757729755661011,0.5480986693411163,19,2,False,False,False
EXP-H078,shadow,3,101,0.01,0.0001,22,154,0.4271606260112354,0.5441957215468088,0.5480745962894324,0.009733122526196349,0.5480745962894324,22,0,True,False,False
EXP-H078,shadow,3,101,0.01,0.0001,23,161,0.41916533932089806,0.551121324300766,0.5441083140517725,0.009707359806323416,0.5441083140517725,23,0,True,False,False
EXP-H078,shadow,3,101,0.01,0.0001,24,168,0.4625051532472883,0.5576394200325012,0.5416698062781132,0.009680447952607845,0.5416698062781132,24,0,True,False,False
EXP-H078,shadow,3,101,0.01,0.0001,25,175,0.49061010565076557,0.6689452032248179,0.5553181180087001,0.009652393605146845,0.5416698062781132,24,1,False,False,False
EXP-H078,shadow,3,101,0.01,0.0001,26,182,0.4678084020103727,0.572864830493927,0.537857016361121,0.00962320368593087,0.537857016361121,26,0,True,False,False
EXP-H078,shadow,3,101,0.01,0.0001,27,189,0.639782081757273,0.5792518258094788,0.5373369196111506,0.009592885397135707,0.5373369196111506,27,0,True,False,False
EXP-H078,shadow,3,101,0.01,0.0001,28,196,1.2208532903875624,2.0856568813323975,1.9872007041699957,0.009561446219345454,0.5373369196111506,27,1,False,False,False
EXP-H078,shadow,3,101,0.01,0.0001,29,203,0.8247441649436951,0.5685352981090546,0.5388744134613962,0.009528893909706798,0.5373369196111506,27,2,False,False,False
EXP-H078,shadow,3,101,0.01,0.0001,30,210,0.6986705980130604,0.5580526192982992,0.5378203143495502,0.009495236500015047,0.5373369196111506,27,3,False,False,False
EXP-H078,shadow,3,101,0.01,0.0001,31,217,0.6644338773829597,0.5195498665173849,0.5604740089647696,0.00946048229473242,0.5373369196111506,27,4,False,False,False
EXP-H078,shadow,3,101,0.01,0.0001,32,224,0.5187069177627563,0.5568002065022787,0.541901549137,0.009424639868939034,0.5373369196111506,27,5,False,False,False
EXP-H078,shadow,3,101,0.01,0.0001,33,231,0.5383465971265521,0.5593378047148386,0.5412087480949633,0.009387718066217124,0.5373369196111506,27,6,False,False,False
EXP-H078,shadow,3,101,0.01,0.0001,34,238,0.4606447368860245,0.5552083551883698,0.5423483889030688,0.009349725996469048,0.5373369196111506,27,7,False,False,False
EXP-H078,shadow,3,101,0.01,0.0001,35,245,0.48480347224644255,0.5552833365897337,0.7787755383578214,0.00931067303366952,0.5373369196111506,27,8,False,False,False
EXP-H078,shadow,3,101,0.01,0.0001,36,252,0.5405419745615551,0.5596338709195455,0.5411294197313713,0.009270568813552756,0.5373369196111506,27,9,False,False,False
EXP-H078,shadow,3,101,0.01,0.0001,37,259,0.4161144997924566,0.5621415575345358,0.5404695638020833,0.009229423231234974,0.5373369196111506,27,10,False,False,False
EXP-H078,shadow,3,101,0.01,0.0001,38,266,0.6264418831893376,0.5625841518243154,0.5403552962794449,0.009187246438772938,0.5373369196111506,27,11,False,False,False
EXP-H078,shadow,3,101,0.01,0.0001,39,273,0.4393190784113748,0.5582014918327332,0.5415160913178415,0.009144048842659082,0.5373369196111506,27,12,False,False,False
EXP-H078,shadow,3,101,0.01,0.0001,40,280,0.457763488803591,0.5589738090833029,0.5413067164565578,0.009099841101253866,0.5373369196111506,27,13,False,False,False
EXP-H078,shadow,3,101,0.01,0.0001,41,287,0.44688563687460764,0.5624415675799052,0.5403920560894591,0.00905463412215599,0.5373369196111506,27,14,False,False,False
EXP-H078,shadow,3,101,0.01,0.0001,42,294,0.4281505708183561,0.5653684139251709,0.5396498373782996,0.0090084390595111,0.5373369196111506,27,15,False,False,False
EXP-H078,shadow,3,101,0.01,0.0001,43,301,0.49118368114743916,0.5633275707562765,0.5401646481138287,0.008961267311259666,0.5373369196111506,27,16,False,False,False
EXP-H078,shadow,3,101,0.01,0.0001,44,308,0.4850844953741346,0.5567725598812103,0.5419092652291962,0.008913130516324731,0.5373369196111506,27,17,False,False,False
EXP-H078,shadow,3,101,0.01,0.0001,45,315,0.42300689965486526,0.5504950185616811,0.5444246160333805,0.008864040551740157,0.5373369196111506,27,18,False,False,False
EXP-H078,shadow,3,101,0.01,0.0001,46,322,0.4134208341794355,0.5471829573313395,0.5461504775538588,0.008814009529720154,0.5373369196111506,27,19,False,False,False
EXP-H078,shadow,3,101,0.01,0.0001,47,329,0.41390819534925477,0.5451371272404989,0.5473362211747603,0.008763049794670776,0.5373369196111506,27,20,False,False,False
EXP-H078,shadow,3,101,0.01,0.0001,48,336,0.4140608694870025,0.5446345210075378,0.5477288749001243,0.008711173920144118,0.5373369196111506,27,21,False,False,False
EXP-H078,shadow,3,101,0.01,0.0001,49,343,0.5541475074631828,0.5447468161582947,0.5476406744754676,0.008658394705735987,0.5373369196111506,27,22,False,False,False
EXP-H078,shadow,3,101,0.01,0.0001,50,350,0.44060521040643963,0.5437281330426534,0.548446413675944,0.008604725173927784,0.5373369196111506,27,23,False,False,False
EXP-H078,shadow,3,101,0.01,0.0001,51,357,0.41541206783482004,0.546022633711497,0.5467781686493843,0.00855017856687341,0.5373369196111506,27,24,False,False,False
EXP-H078,shadow,3,101,0.01,0.0001,52,364,0.512683915240424,0.5487444798151652,0.5453252602779504,0.008494768343131955,0.5373369196111506,27,25,False,False,False
EXP-H078,shadow,3,101,0.01,0.0001,53,371,0.4778955238206046,0.5470762451489767,0.5462076980128432,0.00843850817434701,0.5373369196111506,27,26,False,False,False
EXP-H078,shadow,3,101,0.01,0.0001,54,378,0.4209294111600944,0.5446804960568746,0.5476926641753226,0.008381411941873378,0.5373369196111506,27,27,False,False,False
EXP-H078,shadow,3,101,0.01,0.0001,55,385,0.47827282547950745,0.5452767213185629,0.5472277912949071,0.008323493733352076,0.5373369196111506,27,28,False,False,False
EXP-H078,shadow,3,101,0.01,0.0001,56,392,0.5927199167864663,0.54338205854098,0.548723759506688,0.008264767839234409,0.5373369196111506,27,29,False,False,False
EXP-H078,shadow,3,101,0.01,0.0001,57,399,0.4243660643696785,0.5415804187456766,0.5504810858061819,0.008205248749256015,0.5373369196111506,27,30,False,True,False
EXP-H078,shadow,4,101,1e-05,1.0000000000000001e-07,1,7,0.4634991330759866,0.36787624657154083,0.46753519797325127,1e-05,0.46753519797325127,1,0,True,False,False
EXP-H078,shadow,4,101,1e-05,1.0000000000000001e-07,2,14,0.42292425675051554,0.36915481090545654,0.4627148561477661,9.99938933078422e-06,0.4627148561477661,2,0,True,False,False
EXP-H078,shadow,4,101,1e-05,1.0000000000000001e-07,3,21,0.4437159321137837,0.37426304817199707,0.463671380996704,9.997557473810373e-06,0.4627148561477661,2,1,False,False,False
EXP-H078,shadow,4,101,1e-05,1.0000000000000001e-07,4,28,0.40491947365392533,0.37956736981868744,0.46610150647163384,9.994504881061752e-06,0.4627148561477661,2,2,False,False,False
EXP-H078,shadow,4,101,1e-05,1.0000000000000001e-07,5,35,0.44011678865977694,0.3817722499370575,0.4673172326087951,9.990232305719944e-06,0.4627148561477661,2,3,False,False,False
EXP-H078,shadow,4,101,1e-05,1.0000000000000001e-07,6,42,0.40721608330932213,0.3833426684141159,0.46812407088279717,9.984740801978984e-06,0.4627148561477661,2,4,False,False,False
EXP-H078,shadow,4,101,1e-05,1.0000000000000001e-07,7,49,0.4376071308340345,0.3858845978975296,0.4693483502864837,9.978031724785247e-06,0.4627148561477661,2,5,False,False,False
EXP-H078,shadow,4,101,1e-05,1.0000000000000001e-07,8,56,0.4092662366373198,0.3867572396993637,0.4697395355701446,9.97010672950314e-06,0.4627148561477661,2,6,False,False,False
EXP-H078,shadow,4,101,1e-05,1.0000000000000001e-07,9,63,0.4091983206037964,0.3869693726301193,0.46982393574714654,9.960967771506666e-06,0.4627148561477661,2,7,False,False,False
EXP-H078,shadow,4,101,1e-05,1.0000000000000001e-07,10,70,0.5461280941963196,0.38734176754951477,0.46997896742820733,9.950617105696961e-06,0.4627148561477661,2,8,False,False,False
EXP-H078,shadow,4,101,1e-05,1.0000000000000001e-07,11,77,0.4593024381569454,0.3860725909471512,0.46938670587539666,9.939057285945933e-06,0.4627148561477661,2,9,False,False,False
EXP-H078,shadow,4,101,1e-05,1.0000000000000001e-07,12,84,0.41320863579000744,0.3835570365190506,0.4681605489253997,9.926291164466131e-06,0.4627148561477661,2,10,False,False,False
EXP-H078,shadow,4,101,1e-05,1.0000000000000001e-07,13,91,0.430497122662408,0.3829125761985779,0.46782116007804864,9.91232189110701e-06,0.4627148561477661,2,11,False,False,False
EXP-H078,shadow,4,101,1e-05,1.0000000000000001e-07,14,98,0.4531146628516061,0.38086146116256714,0.46672514986991875,9.897152912577742e-06,0.4627148561477661,2,12,False,False,False
EXP-H078,shadow,4,101,1e-05,1.0000000000000001e-07,15,105,0.4089093902813537,0.3823084384202957,0.4674916059970855,9.8807879715968e-06,0.4627148561477661,2,13,False,False,False
EXP-H078,shadow,4,101,1e-05,1.0000000000000001e-07,16,112,0.40008669529509333,0.38451942801475525,0.4685984642505645,9.8632311059685e-06,0.4627148561477661,2,14,False,False,False
EXP-H078,shadow,4,101,1e-05,1.0000000000000001e-07,17,119,0.47132628517491476,0.3857177197933197,0.4691681058406829,9.844486647586724e-06,0.4627148561477661,2,15,False,False,False
EXP-H078,shadow,4,101,1e-05,1.0000000000000001e-07,18,126,0.3989082872867584,0.3859221488237381,0.46926848006248467,9.824559221366101e-06,0.4627148561477661,2,16,False,False,False
EXP-H078,shadow,4,101,1e-05,1.0000000000000001e-07,19,133,0.42648136828626904,0.38281863927841187,0.46775455188751214,9.803453744100868e-06,0.4627148561477661,2,17,False,False,False
EXP-H078,shadow,4,101,1e-05,1.0000000000000001e-07,20,140,0.4503057045595987,0.38064056634902954,0.46658948969840996,9.781175423251734e-06,0.4627148561477661,2,18,False,False,False
EXP-H078,shadow,4,101,1e-05,1.0000000000000001e-07,21,147,0.4094336714063372,0.3793342113494873,0.4658409745693206,9.757729755661012e-06,0.4627148561477661,2,19,False,False,False
EXP-H078,shadow,4,101,1e-05,1.0000000000000001e-07,22,154,0.40236446101750645,0.37937168776988983,0.46585444521903985,9.73312252619635e-06,0.4627148561477661,2,20,False,False,False
EXP-H078,shadow,4,101,1e-05,1.0000000000000001e-07,23,161,0.41424031874963213,0.3794698864221573,0.46590260577201836,9.707359806323418e-06,0.4627148561477661,2,21,False,False,False
EXP-H078,shadow,4,101,1e-05,1.0000000000000001e-07,24,168,0.47045535274914335,0.38183099031448364,0.4671937019824981,9.680447952607845e-06,0.4627148561477661,2,22,False,False,False
EXP-H078,shadow,4,101,1e-05,1.0000000000000001e-07,25,175,0.9056230293852943,0.3835820108652115,0.46807933759689324,9.652393605146845e-06,0.4627148561477661,2,23,False,False,False
EXP-H078,shadow,4,101,1e-05,1.0000000000000001e-07,26,182,0.4263136993561472,0.38478101789951324,0.46865532708168023,9.62320368593087e-06,0.4627148561477661,2,24,False,False,False
EXP-H078,shadow,4,101,1e-05,1.0000000000000001e-07,27,189,0.7284936734608242,0.3863522708415985,0.4693871231079101,9.592885397135707e-06,0.4627148561477661,2,25,False,False,False
EXP-H078,shadow,4,101,1e-05,1.0000000000000001e-07,28,196,0.426863357424736,0.38680146634578705,0.4695893914699554,9.561446219345455e-06,0.4627148561477661,2,26,False,False,False
EXP-H078,shadow,4,101,1e-05,1.0000000000000001e-07,29,203,0.5102314523288182,0.3895856887102127,0.4710939555168151,9.528893909706798e-06,0.4627148561477661,2,27,False,False,False
EXP-H078,shadow,4,101,1e-05,1.0000000000000001e-07,30,210,0.6895035292421069,0.3866729736328125,0.46952087593078606,9.495236500015048e-06,0.4627148561477661,2,28,False,False,False
EXP-H078,shadow,4,101,1e-05,1.0000000000000001e-07,31,217,0.40269883908331394,0.3836028724908829,0.4680564196109771,9.460482294732422e-06,0.4627148561477661,2,29,False,False,False
EXP-H078,shadow,4,101,1e-05,1.0000000000000001e-07,32,224,0.5619600074631828,0.3829052001237869,0.46770195078849786,9.424639868939035e-06,0.4627148561477661,2,30,False,True,False
EXP-H078,shadow,4,101,0.0001,1.0000000000000002e-06,1,7,0.4336940667458943,0.40033772587776184,0.4775348930358886,0.0001,0.4775348930358886,1,0,True,False,False
EXP-H078,shadow,4,101,0.0001,1.0000000000000002e-06,2,14,0.4073721670678684,0.39787058532238007,0.47615611839294425,9.99938933078422e-05,0.47615611839294425,2,0,True,False,False
EXP-H078,shadow,4,101,0.0001,1.0000000000000002e-06,3,21,0.4150130110127585,0.37732692062854767,0.46494942378997794,9.997557473810373e-05,0.46494942378997794,3,0,True,False,False
EXP-H078,shadow,4,101,0.0001,1.0000000000000002e-06,4,28,0.47876377190862385,0.38267408311367035,0.46792522978782647,9.994504881061753e-05,0.46494942378997794,3,1,False,False,False
EXP-H078,shadow,4,101,0.0001,1.0000000000000002e-06,5,35,0.4211034263883318,0.39600859582424164,0.4749781517982482,9.990232305719945e-05,0.46494942378997794,3,2,False,False,False
EXP-H078,shadow,4,101,0.0001,1.0000000000000002e-06,6,42,0.4153323492833546,0.39045844972133636,0.47154042410850516,9.984740801978984e-05,0.46494942378997794,3,3,False,False,False
EXP-H078,shadow,4,101,0.0001,1.0000000000000002e-06,7,49,0.4072468632033893,0.3786503076553345,0.4654374809265136,9.978031724785247e-05,0.46494942378997794,3,4,False,False,False
EXP-H078,shadow,4,101,0.0001,1.0000000000000002e-06,8,56,0.43610311831746784,0.38368546962738037,0.4679352731704711,9.97010672950314e-05,0.46494942378997794,3,5,False,False,False
EXP-H078,shadow,4,101,0.0001,1.0000000000000002e-06,9,63,0.4124262662870543,0.3865438848733902,0.46918548059463494,9.960967771506667e-05,0.46494942378997794,3,6,False,False,False
EXP-H078,shadow,4,101,0.0001,1.0000000000000002e-06,10,70,0.5145528997693744,0.38245290517807007,0.46726725411415093,9.95061710569696e-05,0.46494942378997794,3,7,False,False,False
EXP-H078,shadow,4,101,0.0001,1.0000000000000002e-06,11,77,0.49702656481947216,0.37728461623191833,0.4644981713294982,9.939057285945933e-05,0.4644981713294982,11,0,True,False,False
EXP-H078,shadow,4,101,0.0001,1.0000000000000002e-06,12,84,0.42731826858861105,0.37559136748313904,0.46356817555427543,9.926291164466132e-05,0.46356817555427543,12,0,True,False,False
EXP-H078,shadow,4,101,0.0001,1.0000000000000002e-06,13,91,0.4240855595895222,0.3852287083864212,0.46847386074066155,9.91232189110701e-05,0.46356817555427543,12,1,False,False,False
EXP-H078,shadow,4,101,0.0001,1.0000000000000002e-06,14,98,0.4229393686567034,0.38186223804950714,0.4669355244636535,9.897152912577741e-05,0.46356817555427543,12,2,False,False,False
EXP-H078,shadow,4,101,0.0001,1.0000000000000002e-06,15,105,0.40100024959870745,0.38362203538417816,0.4678182990550994,9.8807879715968e-05,0.46356817555427543,12,3,False,False,False
EXP-H078,shadow,4,101,0.0001,1.0000000000000002e-06,16,112,0.40767202419894083,0.37274257838726044,0.4626611418724059,9.8632311059685e-05,0.4626611418724059,16,0,True,False,False
EXP-H078,shadow,4,101,0.0001,1.0000000000000002e-06,17,119,0.47184974806649344,0.38032521307468414,0.4660390706062316,9.844486647586725e-05,0.4626611418724059,16,1,False,False,False
EXP-H078,shadow,4,101,0.0001,1.0000000000000002e-06,18,126,0.4150919658797128,0.3817238211631775,0.4666712672710418,9.824559221366101e-05,0.4626611418724059,16,2,False,False,False
EXP-H078,shadow,4,101,0.0001,1.0000000000000002e-06,19,133,0.43015693766730173,0.3695988208055496,0.46166256594657895,9.803453744100869e-05,0.46166256594657895,19,0,True,False,False
EXP-H078,shadow,4,101,0.0001,1.0000000000000002e-06,20,140,0.41420054755040575,0.37154093384742737,0.4619730658531188,9.781175423251735e-05,0.46166256594657895,19,1,False,False,False
EXP-H078,shadow,4,101,0.0001,1.0000000000000002e-06,21,147,0.384480048054164,0.3719303756952286,0.46205967140197746,9.757729755661011e-05,0.46166256594657895,19,2,False,False,False
EXP-H078,shadow,4,101,0.0001,1.0000000000000002e-06,22,154,0.39954810376678196,0.37447676062583923,0.4628217763900756,9.73312252619635e-05,0.46166256594657895,19,3,False,False,False
EXP-H078,shadow,4,101,0.0001,1.0000000000000002e-06,23,161,0.39032432269803913,0.37569089233875275,0.46325753045082085,9.707359806323417e-05,0.46166256594657895,19,4,False,False,False
EXP-H078,shadow,4,101,0.0001,1.0000000000000002e-06,24,168,0.4216074986117227,0.3874228447675705,0.4689228861331939,9.680447952607845e-05,0.46166256594657895,19,5,False,False,False
EXP-H078,shadow,4,101,0.0001,1.0000000000000002e-06,25,175,0.9299420948539462,0.38102300465106964,0.46595493865013116,9.652393605146844e-05,0.46166256594657895,19,6,False,False,False
EXP-H078,shadow,4,101,0.0001,1.0000000000000002e-06,26,182,0.38278937146865893,0.36640699207782745,0.46105686354637143,9.623203685930869e-05,0.46105686354637143,26,0,True,False,False
EXP-H078,shadow,4,101,0.0001,1.0000000000000002e-06,27,189,0.7137699872255325,0.36403103172779083,0.4609295778274536,9.592885397135707e-05,0.4609295778274536,27,0,True,False,False
EXP-H078,shadow,4,101,0.0001,1.0000000000000002e-06,28,196,0.404923568878855,0.370599702000618,0.4609473891258239,9.561446219345454e-05,0.4609295778274536,27,1,False,False,False
EXP-H078,shadow,4,101,0.0001,1.0000000000000002e-06,29,203,0.5094216104064669,0.391043558716774,0.4704085617065429,9.528893909706797e-05,0.4609295778274536,27,2,False,False,False
EXP-H078,shadow,4,101,0.0001,1.0000000000000002e-06,30,210,0.6814462329660144,0.3706429898738861,0.4604583926200866,9.495236500015047e-05,0.4604583926200866,30,0,True,False,False
EXP-H078,shadow,4,101,0.0001,1.0000000000000002e-06,31,217,0.3879377849932228,0.3639485090970993,0.4597199313640594,9.460482294732421e-05,0.4597199313640594,31,0,True,False,False
EXP-H078,shadow,4,101,0.0001,1.0000000000000002e-06,32,224,0.5648874981062753,0.37358374893665314,0.461143294095993,9.424639868939033e-05,0.4597199313640594,31,1,False,False,False
EXP-H078,shadow,4,101,0.0001,1.0000000000000002e-06,33,231,0.42605118666376385,0.3795504570007324,0.463978508234024,9.387718066217124e-05,0.4597199313640594,31,2,False,False,False
EXP-H078,shadow,4,101,0.0001,1.0000000000000002e-06,34,238,0.8061397224664688,0.36857885122299194,0.45897960138320915,9.349725996469047e-05,0.45897960138320915,34,0,True,False,False
EXP-H078,shadow,4,101,0.0001,1.0000000000000002e-06,35,245,0.39621340536645483,0.36617574095726013,0.4584420971870422,9.310673033669521e-05,0.4584420971870422,35,0,True,False,False
EXP-H078,shadow,4,101,0.0001,1.0000000000000002e-06,36,252,0.4387345952647073,0.36871178448200226,0.4578035719394683,9.270568813552756e-05,0.4578035719394683,36,0,True,False,False
EXP-H078,shadow,4,101,0.0001,1.0000000000000002e-06,37,259,0.3930826724639961,0.36912278831005096,0.45698064041137687,9.229423231234974e-05,0.45698064041137687,37,0,True,False,False
EXP-H078,shadow,4,101,0.0001,1.0000000000000002e-06,38,266,0.6547297814062664,0.3665483146905899,0.45548886585235593,9.187246438772939e-05,0.45548886585235593,38,0,True,False,False
EXP-H078,shadow,4,101,0.0001,1.0000000000000002e-06,39,273,0.4057065908397947,0.36620110273361206,0.4541911535263061,9.14404884265908e-05,0.4541911535263061,39,0,True,False,False
EXP-H078,shadow,4,101,0.0001,1.0000000000000002e-06,40,280,0.7929257856948035,0.3656652867794037,0.45297915267944333,9.099841101253866e-05,0.45297915267944333,40,0,True,False,False
EXP-H078,shadow,4,101,0.0001,1.0000000000000002e-06,41,287,0.3912721574306488,0.3585062623023987,0.45161235857009885,9.05463412215599e-05,0.45161235857009885,41,0,True,False,False
EXP-H078,shadow,4,101,0.0001,1.0000000000000002e-06,42,294,0.39319513525281635,0.36914820969104767,0.450446815252304,9.0084390595111e-05,0.450446815252304,42,0,True,False,False
EXP-H078,shadow,4,101,0.0001,1.0000000000000002e-06,43,301,0.3653717684958662,0.35862161219120026,0.4454869382381439,8.961267311259666e-05,0.4454869382381439,43,0,True,False,False
EXP-H078,shadow,4,101,0.0001,1.0000000000000002e-06,44,308,0.37911035333360943,0.34903524816036224,0.44548998689651487,8.913130516324733e-05,0.4454869382381439,43,1,False,False,False
EXP-H078,shadow,4,101,0.0001,1.0000000000000002e-06,45,315,0.3736298211983272,0.34477707743644714,0.44487857675552367,8.864040551740158e-05,0.44487857675552367,45,0,True,False,False
EXP-H078,shadow,4,101,0.0001,1.0000000000000002e-06,46,322,0.37339607945510317,0.352302610874176,0.44093587040901183,8.814009529720155e-05,0.44093587040901183,46,0,True,False,False
EXP-H078,shadow,4,101,0.0001,1.0000000000000002e-06,47,329,0.37128825538924765,0.35048529505729675,0.44287845969200135,8.763049794670775e-05,0.44093587040901183,46,1,False,False,False
EXP-H078,shadow,4,101,0.0001,1.0000000000000002e-06,48,336,0.35810629597731997,0.34852367639541626,0.444557820558548,8.711173920144117e-05,0.44093587040901183,46,2,False,False,False
EXP-H078,shadow,4,101,0.0001,1.0000000000000002e-06,49,343,0.46538384152310236,0.35166609287261963,0.44564921140670777,8.658394705735987e-05,0.44093587040901183,46,3,False,False,False
EXP-H078,shadow,4,101,0.0001,1.0000000000000002e-06,50,350,0.3540250227919647,0.3487238585948944,0.4515457561016082,8.604725173927785e-05,0.44093587040901183,46,4,False,False,False
EXP-H078,shadow,4,101,0.0001,1.0000000000000002e-06,51,357,0.3575006473277296,0.35476069152355194,0.4489719166755677,8.55017856687341e-05,0.44093587040901183,46,5,False,False,False
EXP-H078,shadow,4,101,0.0001,1.0000000000000002e-06,52,364,0.46976056907858166,0.3587805777788162,0.4531578614711762,8.494768343131955e-05,0.44093587040901183,46,6,False,False,False
EXP-H078,shadow,4,101,0.0001,1.0000000000000002e-06,53,371,0.34801404584517776,0.3563929349184036,0.4713533616065978,8.438508174347009e-05,0.44093587040901183,46,7,False,False,False
EXP-H078,shadow,4,101,0.0001,1.0000000000000002e-06,54,378,0.3898718186787197,0.35973377525806427,0.45536006927490236,8.381411941873378e-05,0.44093587040901183,46,8,False,False,False
EXP-H078,shadow,4,101,0.0001,1.0000000000000002e-06,55,385,0.37767745341573444,0.359812393784523,0.4550899112224579,8.323493733352077e-05,0.44093587040901183,46,9,False,False,False
EXP-H078,shadow,4,101,0.0001,1.0000000000000002e-06,56,392,0.6036557619060788,0.35818955302238464,0.46700588822364797,8.26476783923441e-05,0.44093587040901183,46,10,False,False,False
EXP-H078,shadow,4,101,0.0001,1.0000000000000002e-06,57,399,0.3876659337963377,0.36025141179561615,0.47203982830047597,8.205248749256015e-05,0.44093587040901183,46,11,False,False,False
EXP-H078,shadow,4,101,0.0001,1.0000000000000002e-06,58,406,0.34096823752458605,0.3713228404521942,0.45917310261726385,8.144951148861742e-05,0.44093587040901183,46,12,False,False,False
EXP-H078,shadow,4,101,0.0001,1.0000000000000002e-06,59,413,0.3443349922475006,0.35908032953739166,0.4702719843387603,8.083889915582235e-05,0.44093587040901183,46,13,False,False,False
EXP-H078,shadow,4,101,0.0001,1.0000000000000002e-06,60,420,0.35534837203366415,0.36096861958503723,0.4578412430286407,8.022080115363127e-05,0.44093587040901183,46,14,False,False,False
EXP-H078,shadow,4,101,0.0001,1.0000000000000002e-06,61,427,0.3342019873006003,0.36589938402175903,0.4572801299095154,7.959536998847744e-05,0.44093587040901183,46,15,False,False,False
EXP-H078,shadow,4,101,0.0001,1.0000000000000002e-06,62,434,0.33081366174987387,0.3630906343460083,0.47106936001777644,7.89627599761423e-05,0.44093587040901183,46,16,False,False,False
EXP-H078,shadow,4,101,0.0001,1.0000000000000002e-06,63,441,0.3406069204211235,0.36552487313747406,0.4667215900421142,7.832312720368048e-05,0.44093587040901183,46,17,False,False,False
EXP-H078,shadow,4,101,0.0001,1.0000000000000002e-06,64,448,0.3930605266775404,0.37142251431941986,0.4639378786087036,7.767662949090753e-05,0.44093587040901183,46,18,False,False,False
EXP-H078,shadow,4,101,0.0001,1.0000000000000002e-06,65,455,0.38466312842709677,0.37262679636478424,0.46685802936553955,7.702342635146033e-05,0.44093587040901183,46,19,False,False,False
EXP-H078,shadow,4,101,0.0001,1.0000000000000002e-06,66,462,0.40419556200504303,0.3661537915468216,0.46423561120033263,7.636367895343946e-05,0.44093587040901183,46,20,False,False,False
EXP-H078,shadow,4,101,0.0001,1.0000000000000002e-06,67,469,0.32007865980267525,0.3648047298192978,0.46218061304092406,7.569755007964338e-05,0.44093587040901183,46,21,False,False,False
EXP-H078,shadow,4,101,0.0001,1.0000000000000002e-06,68,476,0.32385339587926865,0.3733287453651428,0.4656587243080139,7.502520408740418e-05,0.44093587040901183,46,22,False,False,False
EXP-H078,shadow,4,101,0.0001,1.0000000000000002e-06,69,483,0.32674539618061055,0.3883415460586548,0.47408268523216246,7.43468068680349e-05,0.44093587040901183,46,23,False,False,False
EXP-H078,shadow,4,101,0.0001,1.0000000000000002e-06,70,490,0.31407253881049385,0.3786485195159912,0.4688846170902252,7.366252580589839e-05,0.44093587040901183,46,24,False,False,False
EXP-H078,shadow,4,101,0.0001,1.0000000000000002e-06,71,497,0.32495911738702227,0.3898445963859558,0.47543130016326907,7.297252973710757e-05,0.44093587040901183,46,25,False,False,False
EXP-H078,shadow,4,101,0.0001,1.0000000000000002e-06,72,504,0.33685782126017977,0.381476953625679,0.4751686737537384,7.22769889078678e-05,0.44093587040901183,46,26,False,False,False
EXP-H078,shadow,4,101,0.0001,1.0000000000000002e-06,73,511,0.5412266765322004,0.4062170386314392,0.4955042219161988,7.15760749324711e-05,0.44093587040901183,46,27,False,False,False
EXP-H078,shadow,4,101,0.0001,1.0000000000000002e-06,74,518,0.4336670743567603,0.3893834948539734,0.48175841426849364,7.086996075095289e-05,0.44093587040901183,46,28,False,False,False
EXP-H078,shadow,4,101,0.0001,1.0000000000000002e-06,75,525,0.41359720485551016,0.4106266647577286,0.5021463015079498,7.015882058642164e-05,0.44093587040901183,46,29,False,False,False
EXP-H078,shadow,4,101,0.0001,1.0000000000000002e-06,76,532,0.3556675229753767,0.40756283700466156,0.49013605761528023,6.944282990207195e-05,0.44093587040901183,46,30,False,True,False
EXP-H078,shadow,4,101,0.001,1e-05,1,7,0.5576423725911549,0.5381001234054565,0.6036092834472657,0.001,0.6036092834472657,1,0,True,False,False
EXP-H078,shadow,4,101,0.001,1e-05,2,14,0.5901080071926117,0.3712482303380966,0.47685850620269765,0.000999938933078422,0.47685850620269765,2,0,True,False,False
EXP-H078,shadow,4,101,0.001,1e-05,3,21,0.41049790156206917,0.39339064061641693,0.4725336461067199,0.0009997557473810372,0.4725336461067199,3,0,True,False,False
EXP-H078,shadow,4,101,0.001,1e-05,4,28,0.43010624391692026,0.38428984582424164,0.4999502296447753,0.0009994504881061753,0.4725336461067199,3,1,False,False,False
EXP-H078,shadow,4,101,0.001,1e-05,5,35,0.4158105009368488,0.7063362002372742,0.7771790549755097,0.0009990232305719944,0.4725336461067199,3,2,False,False,False
EXP-H078,shadow,4,101,0.001,1e-05,6,42,0.5878799887640136,0.3682170510292053,0.4635860674381256,0.0009984740801978985,0.4635860674381256,6,0,True,False,False
EXP-H078,shadow,4,101,0.001,1e-05,7,49,0.4417093907083784,0.3735005110502243,0.46327018213272086,0.0009978031724785245,0.46327018213272086,7,0,True,False,False
EXP-H078,shadow,4,101,0.001,1e-05,8,56,0.436247855424881,0.3667149990797043,0.462960734128952,0.000997010672950314,0.462960734128952,8,0,True,False,False
EXP-H078,shadow,4,101,0.001,1e-05,9,63,0.3968901171215943,0.3833107650279999,0.4672941954135894,0.0009960967771506667,0.462960734128952,8,1,False,False,False
EXP-H078,shadow,4,101,0.001,1e-05,10,70,0.5069537545953479,0.3696335256099701,0.4753509309291839,0.000995061710569696,0.462960734128952,8,2,False,False,False
EXP-H078,shadow,4,101,0.001,1e-05,11,77,0.52476247719356,0.3940650671720505,0.4724713592529296,0.0009939057285945933,0.462960734128952,8,3,False,False,False
EXP-H078,shadow,4,101,0.001,1e-05,12,84,0.4283368097884314,0.3717470318078995,0.48194454073905935,0.000992629116446613,0.462960734128952,8,4,False,False,False
EXP-H078,shadow,4,101,0.001,1e-05,13,91,0.4108509910958154,0.36658383905887604,0.46496532773971555,0.000991232189110701,0.462960734128952,8,5,False,False,False
EXP-H078,shadow,4,101,0.001,1e-05,14,98,0.4001865067652294,0.47922414541244507,0.5482702534198761,0.0009897152912577741,0.462960734128952,8,6,False,False,False
EXP-H078,shadow,4,101,0.001,1e-05,15,105,0.39738017560115885,0.368110328912735,0.4779225430488586,0.00098807879715968,0.462960734128952,8,7,False,False,False
EXP-H078,shadow,4,101,0.001,1e-05,16,112,0.3565861316663878,0.40999872982501984,0.49130878305435177,0.00098632311059685,0.462960734128952,8,8,False,False,False
EXP-H078,shadow,4,101,0.001,1e-05,17,119,0.3423344524843352,0.43290357291698456,0.5210211021900177,0.0009844486647586723,0.462960734128952,8,9,False,False,False
EXP-H078,shadow,4,101,0.001,1e-05,18,126,0.3931160569190979,0.45078085362911224,0.532095029592514,0.00098245592213661,0.462960734128952,8,10,False,False,False
EXP-H078,shadow,4,101,0.001,1e-05,19,133,0.38098454368965967,0.4093673378229141,0.5039189534187317,0.0009803453744100868,0.462960734128952,8,11,False,False,False
EXP-H078,shadow,4,101,0.001,1e-05,20,140,0.37616048966135296,0.4187577962875366,0.5083666915893554,0.0009781175423251734,0.462960734128952,8,12,False,False,False
EXP-H078,shadow,4,101,0.001,1e-05,21,147,0.4215817025729588,0.5365713238716125,0.6129875528812408,0.0009757729755661011,0.462960734128952,8,13,False,False,False
EXP-H078,shadow,4,101,0.001,1e-05,22,154,0.3302193752356938,0.4799641966819763,0.5590016331672668,0.0009733122526196349,0.462960734128952,8,14,False,False,False
EXP-H078,shadow,4,101,0.001,1e-05,23,161,0.2658052251042266,0.5169767439365387,0.5870064630508423,0.0009707359806323416,0.462960734128952,8,15,False,False,False
EXP-H078,shadow,4,101,0.001,1e-05,24,168,0.28199472384793417,0.9455479681491852,0.9717961857318878,0.0009680447952607845,0.462960734128952,8,16,False,False,False
EXP-H078,shadow,4,101,0.001,1e-05,25,175,0.8479092589446476,0.5183766186237335,0.5904748814105987,0.0009652393605146844,0.462960734128952,8,17,False,False,False
EXP-H078,shadow,4,101,0.001,1e-05,26,182,0.2625448666512966,0.45686621963977814,0.5303076918125154,0.000962320368593087,0.462960734128952,8,18,False,False,False
EXP-H078,shadow,4,101,0.001,1e-05,27,189,0.5167228893509933,0.630896121263504,0.6854984118938446,0.0009592885397135706,0.462960734128952,8,19,False,False,False
EXP-H078,shadow,4,101,0.001,1e-05,28,196,0.31858911897454945,0.4651552140712738,0.5339801332950591,0.0009561446219345453,0.462960734128952,8,20,False,False,False
EXP-H078,shadow,4,101,0.001,1e-05,29,203,0.2576375752687454,0.5167881995439529,0.5750218644142151,0.0009528893909706797,0.462960734128952,8,21,False,False,False
EXP-H078,shadow,4,101,0.001,1e-05,30,210,0.6027446133749825,0.4966139793395996,0.5880791783332825,0.0009495236500015047,0.462960734128952,8,22,False,False,False
EXP-H078,shadow,4,101,0.001,1e-05,31,217,0.2968108421191573,0.44277580082416534,0.5235879449844361,0.0009460482294732421,0.462960734128952,8,23,False,False,False
EXP-H078,shadow,4,101,0.001,1e-05,32,224,0.41645363186086926,0.47048571705818176,0.5537208104133606,0.0009424639868939033,0.462960734128952,8,24,False,False,False
EXP-H078,shadow,4,101,0.001,1e-05,33,231,0.26999579316803385,0.4669228047132492,0.5465368721485138,0.0009387718066217125,0.462960734128952,8,25,False,False,False
EXP-H078,shadow,4,101,0.001,1e-05,34,238,0.5221994944981166,0.4989674687385559,0.5641085124015808,0.0009349725996469047,0.462960734128952,8,26,False,False,False
EXP-H078,shadow,4,101,0.001,1e-05,35,245,0.21755145064422063,0.583879828453064,0.6482523069381714,0.0009310673033669522,0.462960734128952,8,27,False,False,False
EXP-H078,shadow,4,101,0.001,1e-05,36,252,0.1677991739873375,0.6165309250354767,0.6656494536399842,0.0009270568813552756,0.462960734128952,8,28,False,False,False
EXP-H078,shadow,4,101,0.001,1e-05,37,259,0.1737498501315713,0.5204594880342484,0.5957128190994263,0.0009229423231234975,0.462960734128952,8,29,False,False,False
EXP-H078,shadow,4,101,0.001,1e-05,38,266,0.22194384331149714,0.48246362805366516,0.5518691763877869,0.0009187246438772938,0.462960734128952,8,30,False,True,False
EXP-H078,shadow,4,101,0.01,0.0001,1,7,2.899170696735382,0.9690337181091309,1.0082846806049346,0.01,1.0082846806049346,1,0,True,False,False
EXP-H078,shadow,4,101,0.01,0.0001,2,14,2.0152757508414134,0.3625410497188568,0.4740030562877654,0.00999938933078422,0.4740030562877654,2,0,True,False,False
EXP-H078,shadow,4,101,0.01,0.0001,3,21,0.7314983308315277,0.4542783349752426,0.5636773669719696,0.009997557473810372,0.4740030562877654,2,1,False,False,False
EXP-H078,shadow,4,101,0.01,0.0001,4,28,0.5393385631697518,0.3726138770580292,0.47929046511650075,0.009994504881061753,0.4740030562877654,2,2,False,False,False
EXP-H078,shadow,4,101,0.01,0.0001,5,35,0.4672645926475525,0.3737892806529999,0.4812242681980132,0.009990232305719944,0.4740030562877654,2,3,False,False,False
EXP-H078,shadow,4,101,0.01,0.0001,6,42,0.6049548940999168,0.3829028755426407,0.46736268115043633,0.009984740801978984,0.46736268115043633,6,0,True,False,False
EXP-H078,shadow,4,101,0.01,0.0001,7,49,0.5451792521136147,0.3746590167284012,0.4834360873699187,0.009978031724785246,0.46736268115043633,6,1,False,False,False
EXP-H078,shadow,4,101,0.01,0.0001,8,56,0.4503967889717647,0.3688836693763733,0.47139446401596063,0.00997010672950314,0.46736268115043633,6,2,False,False,False
EXP-H078,shadow,4,101,0.01,0.0001,9,63,0.3952120038614209,0.3678167462348938,0.4670637550354003,0.009960967771506667,0.4670637550354003,9,0,True,False,False
EXP-H078,shadow,4,101,0.01,0.0001,10,70,0.5110234980072293,0.36859093606472015,0.46409374999999997,0.00995061710569696,0.46409374999999997,10,0,True,False,False
EXP-H078,shadow,4,101,0.01,0.0001,11,77,0.4863180049828121,0.3688855320215225,0.46409374999999997,0.009939057285945933,0.46409374999999997,10,1,False,False,False
EXP-H078,shadow,4,101,0.01,0.0001,12,84,0.40961496106215883,0.3686748147010803,0.46409374999999997,0.00992629116446613,0.46409374999999997,10,2,False,False,False
EXP-H078,shadow,4,101,0.01,0.0001,13,91,0.4159871084349496,0.3695449233055115,0.46409374999999997,0.00991232189110701,0.46409374999999997,10,3,False,False,False
EXP-H078,shadow,4,101,0.01,0.0001,14,98,0.4213901609182358,0.36970387399196625,0.46409374999999997,0.00989715291257774,0.46409374999999997,10,4,False,False,False
EXP-H078,shadow,4,101,0.01,0.0001,15,105,0.38961386853562935,0.37157827615737915,0.46409374999999997,0.0098807879715968,0.46409374999999997,10,5,False,False,False
EXP-H078,shadow,4,101,0.01,0.0001,16,112,0.3917856908270291,0.37259218096733093,0.46409374999999997,0.0098632311059685,0.46409374999999997,10,6,False,False,False
EXP-H078,shadow,4,101,0.01,0.0001,17,119,0.5536695378167289,0.37343983352184296,0.46409374999999997,0.009844486647586723,0.46409374999999997,10,7,False,False,False
EXP-H078,shadow,4,101,0.01,0.0001,18,126,0.3996037489601544,0.3725374937057495,0.46409374999999997,0.0098245592213661,0.46409374999999997,10,8,False,False,False
EXP-H078,shadow,4,101,0.01,0.0001,19,133,0.41246928913252695,0.37090185284614563,0.46409374999999997,0.009803453744100868,0.46409374999999997,10,9,False,False,False
EXP-H078,shadow,4,101,0.01,0.0001,20,140,0.40122941562107634,0.36982429027557373,0.46409374999999997,0.009781175423251734,0.46409374999999997,10,10,False,False,False
EXP-H078,shadow,4,101,0.01,0.0001,21,147,0.39082497571195873,0.44949938356876373,0.5202404565811157,0.009757729755661011,0.46409374999999997,10,11,False,False,False
EXP-H078,shadow,4,101,0.01,0.0001,22,154,0.8929929988724845,0.6147370040416718,0.6858717741966248,0.009733122526196349,0.46409374999999997,10,12,False,False,False
EXP-H078,shadow,4,101,0.01,0.0001,23,161,0.459703193711383,0.38070207834243774,0.4933505358695983,0.009707359806323416,0.46409374999999997,10,13,False,False,False
EXP-H078,shadow,4,101,0.01,0.0001,24,168,0.45322078466415405,0.3699532449245453,0.46409374999999997,0.009680447952607845,0.46409374999999997,10,14,False,False,False
EXP-H078,shadow,4,101,0.01,0.0001,25,175,0.9377561850207192,0.3719756156206131,0.46409374999999997,0.009652393605146845,0.46409374999999997,10,15,False,False,False
EXP-H078,shadow,4,101,0.01,0.0001,26,182,0.3874872937532408,0.37190572917461395,0.46409374999999997,0.00962320368593087,0.46409374999999997,10,16,False,False,False
EXP-H078,shadow,4,101,0.01,0.0001,27,189,0.7139482157570975,0.3718006759881973,0.46409374999999997,0.009592885397135707,0.46409374999999997,10,17,False,False,False
EXP-H078,shadow,4,101,0.01,0.0001,28,196,0.3988812906401498,0.3710310757160187,0.46409374999999997,0.009561446219345454,0.46409374999999997,10,18,False,False,False
EXP-H078,shadow,4,101,0.01,0.0001,29,203,0.6564824283123016,0.37141600251197815,0.46409374999999997,0.009528893909706798,0.46409374999999997,10,19,False,False,False
EXP-H078,shadow,4,101,0.01,0.0001,30,210,0.7144455143383571,0.37029026448726654,0.46409374999999997,0.009495236500015047,0.46409374999999997,10,20,False,False,False
EXP-H078,shadow,4,101,0.01,0.0001,31,217,0.3944397611277444,0.3692195862531662,0.46409374999999997,0.00946048229473242,0.46409374999999997,10,21,False,False,False
EXP-H078,shadow,4,101,0.01,0.0001,32,224,0.6771043581621987,0.37558500468730927,0.48410133481025686,0.009424639868939034,0.46409374999999997,10,22,False,False,False
EXP-H078,shadow,4,101,0.01,0.0001,33,231,0.4733438002211707,0.36659008264541626,0.4617164485454559,0.009387718066217124,0.4617164485454559,33,0,True,False,False
EXP-H078,shadow,4,101,0.01,0.0001,34,238,0.7926741412707737,0.3689468801021576,0.46409374999999997,0.009349725996469048,0.4617164485454559,33,1,False,False,False
EXP-H078,shadow,4,101,0.01,0.0001,35,245,0.38994393224960994,0.3685075640678406,0.46409374999999997,0.00931067303366952,0.4617164485454559,33,2,False,False,False
EXP-H078,shadow,4,101,0.01,0.0001,36,252,0.43414204886981417,0.3686812222003937,0.46409374999999997,0.009270568813552756,0.4617164485454559,33,3,False,False,False
EXP-H078,shadow,4,101,0.01,0.0001,37,259,0.3945183237748487,0.36982929706573486,0.46409374999999997,0.009229423231234974,0.4617164485454559,33,4,False,False,False
EXP-H078,shadow,4,101,0.01,0.0001,38,266,0.6474616783005851,0.3711128383874893,0.46409374999999997,0.009187246438772938,0.4617164485454559,33,5,False,False,False
EXP-H078,shadow,4,101,0.01,0.0001,39,273,0.39603988719838007,0.3714880794286728,0.46409374999999997,0.009144048842659082,0.4617164485454559,33,6,False,False,False
EXP-H078,shadow,4,101,0.01,0.0001,40,280,0.7983692330973489,0.3722807317972183,0.46409374999999997,0.009099841101253866,0.4617164485454559,33,7,False,False,False
EXP-H078,shadow,4,101,0.01,0.0001,41,287,0.419142838035311,0.37161827087402344,0.46409374999999997,0.00905463412215599,0.4617164485454559,33,8,False,False,False
EXP-H078,shadow,4,101,0.01,0.0001,42,294,0.42664508734430584,0.37260690331459045,0.46409374999999997,0.0090084390595111,0.4617164485454559,33,9,False,False,False
EXP-H078,shadow,4,101,0.01,0.0001,43,301,0.41921290329524447,0.37235940992832184,0.46409374999999997,0.008961267311259666,0.4617164485454559,33,10,False,False,False
EXP-H078,shadow,4,101,0.01,0.0001,44,308,0.45219834787505014,0.3734264671802521,0.46409374999999997,0.008913130516324731,0.4617164485454559,33,11,False,False,False
EXP-H078,shadow,4,101,0.01,0.0001,45,315,0.4265473357268742,0.37245115637779236,0.46409374999999997,0.008864040551740157,0.4617164485454559,33,12,False,False,False
EXP-H078,shadow,4,101,0.01,0.0001,46,322,0.38925087292279514,0.3711203932762146,0.46409374999999997,0.008814009529720154,0.4617164485454559,33,13,False,False,False
EXP-H078,shadow,4,101,0.01,0.0001,47,329,0.38983410304146154,0.3709069788455963,0.46409374999999997,0.008763049794670776,0.4617164485454559,33,14,False,False,False
EXP-H078,shadow,4,101,0.01,0.0001,48,336,0.3888248777283089,0.3711683303117752,0.46409374999999997,0.008711173920144118,0.4617164485454559,33,15,False,False,False
EXP-H078,shadow,4,101,0.01,0.0001,49,343,0.5554605615990502,0.37131480872631073,0.46409374999999997,0.008658394705735987,0.4617164485454559,33,16,False,False,False
EXP-H078,shadow,4,101,0.01,0.0001,50,350,0.4188483016831534,0.37074145674705505,0.46409374999999997,0.008604725173927784,0.4617164485454559,33,17,False,False,False
EXP-H078,shadow,4,101,0.01,0.0001,51,357,0.3923309530530657,0.3716633468866348,0.46409374999999997,0.00855017856687341,0.4617164485454559,33,18,False,False,False
EXP-H078,shadow,4,101,0.01,0.0001,52,364,0.4804078595978873,0.37288062274456024,0.46409374999999997,0.008494768343131955,0.4617164485454559,33,19,False,False,False
EXP-H078,shadow,4,101,0.01,0.0001,53,371,0.38891901089144604,0.3722590059041977,0.46409374999999997,0.00843850817434701,0.4617164485454559,33,20,False,False,False
EXP-H078,shadow,4,101,0.01,0.0001,54,378,0.40801060625485014,0.3719649463891983,0.46409374999999997,0.008381411941873378,0.4617164485454559,33,21,False,False,False
EXP-H078,shadow,4,101,0.01,0.0001,55,385,0.4511588705437524,0.37266652286052704,0.46409374999999997,0.008323493733352076,0.4617164485454559,33,22,False,False,False
EXP-H078,shadow,4,101,0.01,0.0001,56,392,0.7138290809733527,0.3718264549970627,0.46409374999999997,0.008264767839234409,0.4617164485454559,33,23,False,False,False
EXP-H078,shadow,4,101,0.01,0.0001,57,399,0.39605898303645,0.3706878125667572,0.46409374999999997,0.008205248749256015,0.4617164485454559,33,24,False,False,False
EXP-H078,shadow,4,101,0.01,0.0001,58,406,0.4097371016229902,0.3712502419948578,0.46409374999999997,0.008144951148861742,0.4617164485454559,33,25,False,False,False
EXP-H078,shadow,4,101,0.01,0.0001,59,413,0.4223759429795401,0.3725840151309967,0.46409374999999997,0.008083889915582234,0.4617164485454559,33,26,False,False,False
EXP-H078,shadow,4,101,0.01,0.0001,60,420,0.4227151189531599,0.3749054968357086,0.464590365409851,0.008022080115363126,0.4617164485454559,33,27,False,False,False
EXP-H078,shadow,4,101,0.01,0.0001,61,427,0.46011593086378916,0.37754395604133606,0.46551417779922477,0.007959536998847744,0.4617164485454559,33,28,False,False,False
EXP-H078,shadow,4,101,0.01,0.0001,62,434,0.4211871453693935,0.3769569844007492,0.46532076072692863,0.00789627599761423,0.4617164485454559,33,29,False,False,False
EXP-H078,shadow,4,101,0.01,0.0001,63,441,0.38809450013962177,0.37792034447193146,0.46563511562347404,0.007832312720368047,0.4617164485454559,33,30,False,True,False
