id,iface_VH_VL_bsa_proxy,iface_VH_VL_n_res,iface_VH_VL_contact_density,iface_VH_VL_hydrophobic_buried_area,iface_VH_VL_polar_buried_area,iface_VH_VL_hbond,iface_VH_VL_salt_bridge,iface_VH_CH1_bsa_proxy,iface_VH_CH1_n_res,iface_VH_CH1_contact_density,iface_VH_CH1_hydrophobic_buried_area,iface_VH_CH1_polar_buried_area,iface_VH_CH1_hbond,iface_VH_CH1_salt_bridge,iface_VL_CL_bsa_proxy,iface_VL_CL_n_res,iface_VL_CL_contact_density,iface_VL_CL_hydrophobic_buried_area,iface_VL_CL_polar_buried_area,iface_VL_CL_hbond,iface_VL_CL_salt_bridge,iface_CH1_CL_bsa_proxy,iface_CH1_CL_n_res,iface_CH1_CL_contact_density,iface_CH1_CL_hydrophobic_buried_area,iface_CH1_CL_polar_buried_area,iface_CH1_CL_hbond,iface_CH1_CL_salt_bridge,shape_complementarity,elbow_angle_deg
ADI-38501,755.9889291690307,38.0,1.0263157894736843,527.3091012419434,984.6687570961179,1.0,4.0,196.00319073127926,9.0,0.7777777777777778,84.16795863469991,307.8384228278586,3.0,0.0,491.0620335233551,16.0,1.0,13.635098547208369,968.4889684995019,3.0,1.0,498.73337343242537,36.0,1.0833333333333333,197.6486522434745,799.8180946213763,5.0,3.0,,25.97555285486155
ADI-38502,741.3999697883638,38.0,1.0,568.9845269066695,913.8154126700582,1.0,0.0,213.3786171319741,9.0,0.6666666666666666,99.01862315538627,327.73861110856194,2.0,0.0,501.91629897336094,16.0,1.0,17.66052593400809,986.1720720127138,3.0,1.0,543.6257166705989,40.0,1.15,138.85588201454595,948.3955513266518,4.0,4.0,,25.22953847972237
ADI-47173,709.5512574485075,35.0,1.1714285714285715,356.62867620702264,1062.4738386899924,7.0,2.0,155.30640259407292,7.0,0.7142857142857143,89.108238746176,221.50456644196984,2.0,0.0,450.14105086241307,14.0,0.8571428571428571,78.7667231051381,821.515378619688,4.0,1.0,590.21951507403,42.0,1.119047619047619,163.92329906002067,1016.5157310880394,4.0,4.0,,27.079471770403146
ADI-47054,618.3018662292773,37.0,1.0810810810810811,446.4320656316339,790.1716668269207,1.0,1.0,121.23286669682173,5.0,0.8,26.816299787826086,215.64943360581736,3.0,0.0,305.1181072771397,11.0,0.9090909090909091,44.7037743751295,565.53244017915,3.0,2.0,497.64552367229135,32.0,1.03125,95.18326212412873,900.1077852204539,3.0,4.0,,27.779203706171117
ADI-47278,653.9570160040273,38.0,1.0526315789473684,382.4166279995737,925.4974040084809,1.0,0.0,158.70560584525708,7.0,0.7142857142857143,93.2499678930116,224.16124379750255,2.0,0.0,489.5974544441781,15.0,0.9333333333333333,17.66052593400809,961.5343829543481,3.0,1.0,501.3169878148111,35.0,1.0857142857142856,198.4826822611495,804.1512933684727,5.0,4.0,,27.47914605308323
ADI-47055,803.7721240791354,40.0,1.025,421.809896040977,1185.7343521172938,2.0,0.0,211.5956795252578,9.0,0.7777777777777778,98.90797626212682,324.28338278838874,2.0,0.0,480.17008990545725,17.0,1.0588235294117647,13.408149893913043,946.9320299170015,3.0,2.0,482.4699556393707,34.0,1.1176470588235294,198.600387265904,766.3395240128374,5.0,3.0,,26.79017462438332
ADI-47174,694.9593973306238,39.0,1.1025641025641026,549.8177748468734,840.1010198143744,2.0,2.0,156.46594349856187,7.0,0.7142857142857143,95.03573293311615,217.89615406400762,2.0,0.0,528.8163222054052,15.0,0.9333333333333333,63.7628745266627,993.8697698841477,4.0,1.0,508.27280905307526,35.0,1.1142857142857143,188.00209878531268,828.5435193208378,6.0,3.0,,27.18571420492984
ADI-47056,662.6651966805128,36.0,1.0833333333333333,414.48948250328823,910.8409108577374,1.0,0.0,190.22817897976884,9.0,0.6666666666666666,94.04146074615701,286.4148972133807,3.0,0.0,504.4027543669466,15.0,0.8666666666666667,13.862047200503696,994.9434615333895,3.0,2.0,499.81702393037915,36.0,1.1111111111111112,171.4833742292763,828.1506736314819,5.0,3.0,,25.15240907288113
ADI-47279,716.2849890301138,38.0,1.131578947368421,478.23664906668296,954.3333289935447,1.0,0.0,157.0666683738058,7.0,0.8571428571428571,93.81451209286169,220.31882465474993,5.0,0.0,264.8439890155473,10.0,0.9,149.29252508113458,380.39545294996014,2.0,2.0,383.37842659047016,29.0,1.103448275862069,83.78782592361554,682.9690272573248,2.0,4.0,,24.91307955764955
ADI-47057,720.1083596494102,41.0,1.1219512195121952,498.8489107382489,941.3678085605715,1.0,0.0,156.50282579631502,7.0,0.7142857142857143,94.84566657757397,218.1599850150561,2.0,0.0,497.4029194156056,15.0,0.8666666666666667,13.635098547208369,981.1707402840029,3.0,1.0,476.52335009712124,34.0,1.1176470588235294,184.05043599401927,768.9962642002232,5.0,3.0,,25.125254131677494
ADI-47280,764.4013812570583,37.0,1.0,586.7244723029604,942.0782902111563,0.0,0.0,232.09226775531855,10.0,0.8,83.36940767005942,380.81512784057765,2.0,0.0,489.9024926188662,16.0,1.0,19.44629097411262,960.3586942636197,3.0,1.0,508.2636251305513,36.0,1.1388888888888888,195.93665179887626,820.5905984622264,5.0,3.0,,25.78193031033708
ADI-47058,611.5659355328133,35.0,1.0285714285714285,504.51996718885204,718.6119038767747,1.0,0.0,105.94391858503306,5.0,1.0,12.076282160399163,199.81155500966696,5.0,0.0,250.4436927457041,11.0,0.9090909090909091,176.37265582000913,324.5147296713991,2.0,2.0,391.1213843400668,29.0,1.0344827586206897,97.00590946198639,685.2368592181472,2.0,4.0,,26.331650309377885
ADI-47281,728.8187918006308,39.0,1.0512820512820513,518.1406144098539,939.4969691914077,4.0,0.0,216.57361686067492,9.0,0.8888888888888888,69.8888964253587,363.2583372959911,3.0,0.0,209.92063468224129,10.0,0.9,118.14302654621207,301.6982428182705,1.0,2.0,464.3513645525182,31.0,1.0,79.30850123022518,849.3942278748112,3.0,4.0,,26.00755889685968
ADI-47175,766.0808033858389,39.0,1.1282051282051282,571.7689623634482,960.3926444082296,1.0,0.0,153.48375525621523,7.0,0.7142857142857143,89.5252537550135,217.44225675741697,2.0,0.0,496.1625558041153,15.0,0.9333333333333333,17.887474587303416,974.4376370209272,3.0,1.0,544.3618860771146,41.0,1.1219512195121952,154.88382696623856,933.8399451879906,4.0,4.0,,25.95860629262962
ADI-47282,783.4655289007883,42.0,1.2619047619047619,547.0889246361122,1019.8421331654644,0.0,2.0,149.93066632488274,7.0,0.7142857142857143,91.0840701418227,208.77726250794277,2.0,0.0,431.58058429685764,14.0,0.9285714285714286,35.77494917460683,827.3862194191084,3.0,2.0,515.5088394120886,35.0,1.0857142857142856,191.83745981657023,839.1802190076071,5.0,3.0,,26.940036735032212
ADI-47283,641.6402449259958,42.0,1.0,328.03366949058704,955.2468203614045,2.0,0.0,165.1976442320473,8.0,0.75,87.892672772698,242.50261569139658,2.0,0.0,300.36850089578553,11.0,0.8181818181818182,2.0127136933998604,598.7242880981712,3.0,1.0,625.0477243585266,43.0,1.1627906976744187,141.1324266589943,1108.9630220580589,7.0,6.0,,27.730705128330882
ADI-47059,663.8190827182253,37.0,1.0,386.761136480223,940.8770289562276,0.0,0.0,150.84198999381158,7.0,0.7142857142857143,85.95372367480442,215.7302563128187,2.0,0.0,483.5196036328371,15.0,0.9333333333333333,9.836619813703974,957.2025874519703,3.0,2.0,506.1637008250878,36.0,1.0833333333333333,199.28123322578998,813.0461684243855,5.0,3.0,,25.7790707586725
ADI-47060,733.7406517071813,38.0,1.105263157894737,509.2643794703523,958.2169239440103,3.0,1.0,209.8283556340298,9.0,0.7777777777777778,97.38604217307076,322.2706690949889,2.0,0.0,510.3309711201971,16.0,1.0,21.232056014217157,999.429886226177,3.0,1.0,553.880754737859,42.0,1.119047619047619,150.93216417494511,956.8293453007728,4.0,5.0,,26.399568355921264
ADI-47178,740.8432586261968,37.0,1.0,507.04869794757957,974.637819304814,1.0,0.0,202.02289066260226,9.0,0.6666666666666666,87.77637101266211,316.26941031254245,2.0,0.0,477.5595520740303,15.0,0.9333333333333333,21.232056014217154,933.8870481338435,3.0,1.0,557.3168402867963,42.0,1.119047619047619,150.51514916610762,964.1185314074849,5.0,6.0,,25.679134371664183
ADI-47177,687.8540048661222,36.0,1.0277777777777777,551.6759012377655,824.0321084944788,0.0,0.0,165.01110693225266,7.0,0.7142857142857143,96.40448296438316,233.61773090012213,2.0,0.0,513.7415364648117,15.0,0.8666666666666667,21.912901974103136,1005.5701709555203,3.0,1.0,553.6006084489628,39.0,1.1538461538461537,156.74335660184937,950.4578602960763,4.0,4.0,,27.968714910806174
ADI-47284,666.3459704092627,37.0,1.027027027027027,333.5243775789231,999.1675632396023,1.0,0.0,151.37247932929677,7.0,0.7142857142857143,70.91299279857589,231.83196586001762,4.0,0.0,190.47576789679826,9.0,0.8888888888888888,74.01650934920418,306.93502644439235,2.0,2.0,426.3403449188168,30.0,1.0666666666666667,89.18200334168229,763.4986864959513,2.0,4.0,,24.99948860008251
ADI-47179,639.4120912803883,34.0,1.088235294117647,245.0969847926331,1033.7271977681435,0.0,0.0,153.82417823615822,7.0,0.7142857142857143,85.04592906162313,222.60242741069334,2.0,0.0,476.2219561699114,15.0,0.8666666666666667,21.912901974103136,930.5310103657196,3.0,2.0,482.71534544154264,34.0,1.1176470588235294,191.1934961544374,774.2371947286479,5.0,3.0,,26.66572493440231
ADI-47180,662.317087270544,33.0,1.0,435.0068052448627,889.6273692962253,0.0,0.0,148.88742718042965,7.0,0.7142857142857143,74.90153788762247,222.87331647323686,2.0,0.0,443.9078168784256,15.0,0.8,68.14566854978376,819.6699652070673,3.0,2.0,468.28878545711535,36.0,1.1388888888888888,146.64290583709692,789.9346650771338,5.0,6.0,,27.139459970310917
ADI-45439,590.7876092735787,35.0,1.1142857142857143,336.55819266054374,845.0170258866136,1.0,0.0,161.21262819874826,7.0,0.7142857142857143,93.51379884406009,228.91145755343643,2.0,0.0,480.2807367987167,16.0,1.0,17.660525934008092,942.9009476634253,3.0,1.0,511.0557784332823,36.0,1.0833333333333333,183.976671398513,838.1348854680516,4.0,3.0,,26.70376336591146
ADI-45368,659.8397215517027,35.0,1.0285714285714285,437.473227749294,882.2062153541115,0.0,1.0,169.05497546792895,7.0,0.7142857142857143,110.83107436473696,227.27887657112095,2.0,0.0,517.9038325715528,17.0,1.0,93.01596112822122,942.7917040148844,3.0,1.0,565.2939618808159,41.0,1.146341463414634,166.19984370446898,964.3880800571628,5.0,5.0,,26.288733337028187
ADI-47062,856.7182018841742,42.0,1.0714285714285714,586.7288705326754,1126.7075332356728,1.0,0.0,203.1242806870733,9.0,0.7777777777777778,89.56213605276665,316.68642532137994,2.0,0.0,506.3239848822739,17.0,1.0,80.71273031452674,931.9352394500211,3.0,2.0,546.349739300649,41.0,1.1219512195121952,154.7306429084495,937.9688356928485,6.0,4.0,,26.24996325428879
ADI-47182,737.1574059893236,43.0,1.1162790697674418,537.9087929672534,936.4060190113938,1.0,0.0,200.7307326602298,9.0,0.7777777777777778,90.43304836819482,311.02841695226476,3.0,0.0,516.2272169322096,16.0,1.0,1.7857650401045337,1030.6686688243144,4.0,1.0,570.3845672007662,42.0,1.119047619047619,158.07522433536326,982.6939100661693,4.0,6.0,,25.66687744254686
ADI-47063,647.9812250660259,34.0,1.0,462.5690657363082,833.3933843957436,0.0,2.0,218.2784858899495,9.0,0.6666666666666666,104.79293328453737,331.7640384953616,2.0,0.0,476.09004069438714,15.0,0.9333333333333333,15.647812240608229,936.532269148166,3.0,1.0,580.7048770913925,42.0,1.119047619047619,158.5291216419539,1002.880632540831,5.0,5.0,,25.693153728749127
ADI-47183,838.5044624278199,38.0,1.0789473684210527,753.7271185941277,923.2818062615122,1.0,0.0,212.88430847188275,9.0,0.6666666666666666,99.1718072131753,326.5968097305902,2.0,0.0,490.59605155702366,16.0,0.9375,17.887474587303416,963.3046285267438,3.0,1.0,573.1448019221368,42.0,1.119047619047619,158.1858712286227,988.103732615651,5.0,3.0,,26.091855083864292
ADI-47064,702.2272415512425,36.0,1.0833333333333333,497.09862475117893,907.3558583513061,0.0,2.0,161.00059163858197,6.0,0.8333333333333334,109.00842702687927,212.99275625028469,4.0,0.0,248.03876168147906,10.0,0.9,100.18884547489742,395.88867788806067,2.0,2.0,514.4485518915021,32.0,0.96875,99.6625868175191,929.2345169654851,3.0,4.0,,25.25967373471701
ADI-47066,726.4968825582646,41.0,1.0731707317073171,438.72992764258294,1014.2638374739463,2.0,3.0,205.06040235157863,9.0,0.7777777777777778,95.63715943071938,314.4836452724379,3.0,0.0,460.5152914269259,15.0,1.0,48.80296635743551,872.2276164964162,3.0,2.0,512.8372185475004,36.0,1.0833333333333333,176.22652987371515,849.4479072212856,5.0,3.0,,26.777256219030267
ADI-45379,777.5024823569851,36.0,1.0555555555555556,571.6937945232233,983.3111701907467,1.0,0.0,156.19575605837764,7.0,0.7142857142857143,89.56213605276665,222.82937606398866,2.0,0.0,500.89079935542514,15.0,0.9333333333333333,19.67323962740795,982.1083590834423,3.0,2.0,578.0290569646239,42.0,1.119047619047619,164.11336541556284,991.944748513685,5.0,4.0,,27.103906954241
ADI-47067,735.247747006937,38.0,1.1578947368421053,486.9572285621747,983.5382654516992,2.0,1.0,209.51986170742282,8.0,0.875,99.55193992425964,319.48778349058597,5.0,0.0,249.93800104823126,10.0,0.9,141.1679057120288,358.7080963844337,2.0,2.0,451.9971038021539,32.0,1.09375,111.13884572503363,792.8553618792743,1.0,4.0,,24.037620939568296
ADI-47068,696.2395649210351,37.0,1.0,489.30029119507503,903.1788386469951,0.0,0.0,157.0886385784299,7.0,0.7142857142857143,86.44450327914824,227.7327738777116,3.0,0.0,428.59491935864105,13.0,0.9230769230769231,61.032432575623716,796.1574061416584,3.0,2.0,568.9427541963523,41.0,1.1219512195121952,138.85588201454595,999.0296263781586,4.0,4.0,,26.561921806467204
ADI-47069,536.0642487286001,33.0,1.0303030303030303,400.6516046222661,671.4768928349341,0.0,0.0,152.0384131960537,7.0,0.7142857142857143,82.1183626435469,221.9584637485605,2.0,0.0,530.2510037944955,15.0,0.8666666666666667,28.60206482793062,1031.8999427610604,3.0,1.0,502.8992404828161,35.0,1.0857142857142856,179.9881263094664,825.8103546561658,5.0,3.0,,26.519613859591374
ADI-47070,653.9647443219551,40.0,1.025,450.5893142461783,857.3401743977319,2.0,0.0,164.89410354985745,7.0,0.7142857142857143,89.97915106160416,239.80905603811073,3.0,0.0,205.20157505345546,8.0,0.875,67.0705736558233,343.3325764510876,2.0,2.0,686.660974583946,39.0,1.0,189.45167152358107,1183.8702776443108,6.0,4.0,,25.310754180548816
ADI-45442,809.7308247531013,40.0,1.1,542.279062507662,1077.1825869985405,4.0,0.0,199.36268425132207,9.0,0.6666666666666666,91.38478339062434,307.34058511201977,3.0,0.0,476.55179198261175,15.0,0.9333333333333333,21.45900466751248,931.6445792977111,3.0,1.0,547.0071803952658,40.0,1.15,146.67978813485007,947.3345726556814,4.0,4.0,,25.63375089123533
ADI-47184,720.2665493114939,42.0,1.0714285714285714,303.4925111024907,1137.0405875204972,0.0,0.0,152.03841319605368,7.0,0.7142857142857143,85.49982636821377,218.57700002389362,2.0,0.0,487.2046080396939,15.0,0.8666666666666667,17.66052593400809,956.7486901453797,3.0,1.0,486.0131276098934,35.0,1.0857142857142856,177.3314489539337,794.694806265853,5.0,3.0,,26.83110843661802
ADI-47073,652.6037016646649,35.0,1.1142857142857143,481.15009926176907,824.0573040675606,1.0,0.0,234.90007666143995,9.0,0.8888888888888888,86.18067232809976,383.61948099478013,5.0,0.0,193.19482681045574,9.0,1.0,118.37703331100246,268.01262030990904,2.0,2.0,444.96316162657047,31.0,1.032258064516129,85.3835246081779,804.542798644963,2.0,4.0,,25.790471432900578
ADI-46682,650.8069829381749,32.0,1.0,627.2050036738691,674.4089622024806,0.0,0.0,236.36308494429016,10.0,0.8,95.63715943071938,377.0890104578609,2.0,0.0,476.5432363786185,16.0,1.0,15.647812240608229,937.4386605166287,3.0,2.0,540.5932001139417,41.0,1.1219512195121952,158.33905528641174,922.8473449414716,5.0,5.0,,27.22950119932986
ADI-47074,656.2547035670342,41.0,1.2195121951219512,302.97331055660743,1009.5360965774611,1.0,0.0,338.8328314054489,14.0,1.0,149.0232905907219,528.642372220176,3.0,0.0,519.6683290293926,17.0,1.0588235294117647,172.47058830474037,866.8660697540448,3.0,0.0,493.848416767579,37.0,1.1081081081081081,187.6588483719815,800.0379851631766,5.0,3.0,,24.106020983140336
ADI-47186,739.5015262917506,42.0,1.2619047619047619,469.407349521426,1009.5957030620752,2.0,0.0,199.23076877579783,9.0,0.7777777777777778,78.16669985225346,320.29483769934217,3.0,0.0,297.7302856330804,13.0,1.0769230769230769,141.77498707640854,453.68558418975226,6.0,2.0,411.14216789076585,30.0,1.0666666666666667,93.62444573731952,728.6598900442123,0.0,4.0,,24.950036611997387
ADI-45370,760.1527437122211,43.0,1.1162790697674418,542.9159680582999,977.3895193661423,1.0,1.0,183.50283545054754,7.0,0.8571428571428571,108.36446336474643,258.64120753634865,4.0,0.0,255.54138759307605,10.0,0.9,102.6185741771348,408.4642010090173,2.0,2.0,516.051340103486,32.0,1.03125,92.75353342189135,939.3491467850807,3.0,4.0,,25.661847602764407
ADI-47077,701.7137377600377,41.0,1.1951219512195121,476.6070630693639,926.8204124507116,4.0,0.0,203.10583953819673,9.0,0.7777777777777778,85.53670866596693,320.6749704104265,3.0,0.0,179.71714299914325,8.0,0.875,80.28159908269909,279.1526869155874,1.0,2.0,425.61978922778945,30.0,1.0666666666666667,87.3593560038246,763.8802224517543,1.0,4.0,,25.429114169956485
ADI-47079,621.3016997503616,43.0,1.1627906976744187,327.70878692230383,914.8946125784194,5.0,1.0,160.3750691253257,7.0,0.7142857142857143,96.74207851093792,224.00805973971347,2.0,0.0,475.70857804241274,15.0,1.0,68.77691923364507,882.6402368511804,3.0,1.0,471.5043521457217,35.0,1.0857142857142856,185.87308333187696,757.1356209595665,5.0,3.0,,26.810296336574613
ADI-47289,714.8999864928522,38.0,1.131578947368421,499.30280804483954,930.4971649408649,0.0,1.0,200.33215880026884,9.0,0.6666666666666666,89.82596700381512,310.83835059672253,2.0,0.0,498.36963983499277,15.0,0.9333333333333333,15.874760893903556,980.864518776082,3.0,1.0,556.8154420992834,42.0,1.119047619047619,140.41469840135517,973.2161857972114,5.0,4.0,,26.405679257349377
ADI-47191,714.8546218949344,37.0,1.054054054054054,495.31445145135217,934.3947923385167,3.0,0.0,199.43927628021657,9.0,0.6666666666666666,83.94100998140456,314.93754257902856,3.0,0.0,519.990310860459,15.0,0.9333333333333333,63.19267546003615,976.7879462608819,3.0,2.0,531.0545289475042,37.0,1.0810810810810811,199.5081818790853,862.6008760159231,5.0,3.0,,26.038629770483787
ADI-47192,553.7212979667382,37.0,1.027027027027027,349.11819631379166,758.3243996196849,4.0,1.0,157.16523060732442,7.0,0.8571428571428571,88.3834523770418,225.94700883760706,5.0,0.0,214.29284153811975,10.0,0.9,73.78956069590885,354.79612238033064,3.0,1.0,439.181091763565,31.0,1.032258064516129,97.42292447082392,780.939259056306,3.0,4.0,,22.63595560496332
ADI-47290,768.9177034399324,41.0,1.048780487804878,342.8319322458116,1195.0034746340534,1.0,0.0,233.2646682457362,9.0,0.8888888888888888,90.24298201265262,376.2863544788198,5.0,0.0,231.82357780763252,9.0,0.8888888888888888,104.21427286169714,359.43288275356787,2.0,2.0,500.03837007677555,32.0,1.03125,85.3097600126716,914.7669801408795,1.0,4.0,,24.859302922778934
ADI-47195,720.9012557472743,39.0,1.0256410256410255,432.7782641361612,1009.0242473583872,2.0,0.0,203.08739838932016,9.0,0.7777777777777778,93.96769615065074,312.2071006279896,2.0,0.0,338.04058457006664,12.0,1.0,102.07819929676633,574.0029698433669,2.0,2.0,424.67867278852907,30.0,1.0666666666666667,93.81451209286169,755.5428334841964,0.0,4.0,,23.84787491466958
ADI-47196,615.1778769665232,35.0,1.0857142857142856,525.9830349828632,704.3727189501831,0.0,0.0,157.9630799496056,6.0,0.6666666666666666,102.25255768904057,213.67360221017063,4.0,0.0,249.6124901614173,9.0,0.8888888888888888,76.45329616293662,422.771684159898,2.0,2.0,451.25031581246907,31.0,1.064516129032258,95.22014442188187,807.2804872030563,3.0,4.0,,22.707713131342015
ADI-47083,800.5331944131619,48.0,1.2083333333333333,409.478244285743,1191.588144540581,1.0,0.0,162.17504463619997,7.0,0.7142857142857143,85.1920550079171,239.15803426448286,3.0,0.0,235.53910802310662,9.0,0.8888888888888888,116.25367272434316,354.8245433218701,2.0,2.0,550.5269789164457,33.0,0.9696969696969697,170.60540380235307,930.4485540305383,2.0,4.0,,26.70496402513929
ADI-47198,678.0052375608244,36.0,1.0277777777777777,503.384888819159,852.6255863024898,0.0,0.0,201.43354882473986,9.0,0.6666666666666666,91.80179839946183,311.06529925001786,2.0,0.0,490.3329222283345,16.0,1.0,19.67323962740795,960.992604829261,3.0,2.0,501.0070906434855,37.0,1.0810810810810811,190.5424743808095,811.4717069061614,6.0,3.0,,25.964135557531595
ADI-47199,745.5012875816989,37.0,1.027027027027027,404.1862524047221,1086.8163227586756,0.0,0.0,241.2664827580131,10.0,0.9,102.20861727979236,380.32434823623385,3.0,0.0,503.40064914230453,16.0,1.0,15.420863587312901,991.3804346972962,3.0,1.0,490.2619745942409,36.0,1.0833333333333333,189.94104788320627,790.5829013052755,5.0,3.0,,25.933764685131923
ADI-47201,678.6832770312732,41.0,1.048780487804878,498.89444288777497,858.4721111747714,0.0,1.0,120.32154302789289,5.0,1.0,25.030534747721553,215.61255130806424,4.0,0.0,254.5740388551582,10.0,0.9,105.77308924850635,403.37498846181006,2.0,2.0,504.40771808333926,32.0,1.03125,89.40895199497761,919.4064841717009,3.0,4.0,,25.969926131328222
ADI-45447,864.5300233447375,42.0,1.119047619047619,625.5731138419374,1103.4869328475377,2.0,0.0,154.0880091872067,7.0,0.7142857142857143,88.4572169725481,219.7188014018653,2.0,0.0,494.6037394173061,15.0,0.9333333333333333,19.67323962740795,969.5342392072042,3.0,1.0,494.2661333987758,36.0,1.0833333333333333,201.10388056364766,787.428386233904,5.0,3.0,,27.182694789764998
ADI-47293,686.6559270917492,38.0,1.0526315789473684,404.586156205573,968.7256979779254,1.0,0.0,156.82480762738143,7.0,0.7142857142857143,91.31101879511803,222.33859645964486,2.0,0.0,447.2858981550021,13.0,1.0,41.81309025480641,852.7587060551978,3.0,1.0,490.3605368277595,35.0,1.0857142857142856,187.92267932302994,792.7983943324891,5.0,4.0,,27.15385388974952
ADI-45378,707.4901527562668,43.0,1.1162790697674418,449.94801046582546,965.0322950467081,3.0,0.0,156.38582241391984,7.0,0.7142857142857143,87.92955507045116,224.84208975738852,2.0,0.0,518.580426909381,15.0,0.8666666666666667,65.28480861571876,971.8760452030432,3.0,1.0,566.6591514404089,42.0,1.119047619047619,138.78211741903968,994.5361854617781,5.0,6.0,,25.834175705543732
ADI-47204,679.9845980122186,40.0,1.075,487.2593450556949,872.7098509687423,1.0,1.0,162.55587896964366,7.0,0.8571428571428571,95.10949752862243,230.0022604106649,4.0,0.0,250.04158982999562,9.0,0.8888888888888888,187.99504067381764,312.08813898617365,2.0,2.0,415.17265324173786,31.0,1.1290322580645162,115.23803770733964,715.107268776136,2.0,4.0,,24.798363794609383
ADI-47093,781.9761835995255,34.0,1.0,482.0294729334109,1081.92289426564,1.0,2.0,155.9872485539589,7.0,0.7142857142857143,86.44450327914824,225.52999382876953,2.0,0.0,491.61016813757794,15.0,0.8666666666666667,21.912901974103136,961.3074343010528,3.0,1.0,511.1819343222749,38.0,1.131578947368421,148.91945048154525,873.4444181630046,5.0,5.0,,26.55264156153238
ADI-47297,697.0323877150705,40.0,1.1,503.1609351508601,890.903840279281,2.0,0.0,239.61263319343283,10.0,0.8,95.02867482162108,384.19659156524455,2.0,0.0,533.1899532499533,18.0,1.0,98.82715355512548,967.5527529447811,3.0,1.0,562.0259410668701,41.0,1.1219512195121952,152.49098056175433,971.560901571986,7.0,5.0,,26.980674090618592
ADI-45440,618.8415394872865,37.0,1.0810810810810811,571.5774927631874,666.1055862113856,0.0,0.0,250.1975070733933,10.0,0.9,88.19338602149963,412.20162812528696,4.0,0.0,277.10531098324293,12.0,1.0833333333333333,152.02862189895,402.18200006753585,4.0,2.0,415.6328127896847,31.0,1.096774193548387,107.6765592933654,723.589066286004,3.0,4.0,,24.691501710567373
ADI-47209,750.8748247360315,39.0,1.0,509.7803965356799,991.969252936383,0.0,0.0,162.2955770743427,7.0,0.7142857142857143,97.31227757756447,227.27887657112095,2.0,0.0,474.3901249095297,15.0,1.0,52.98157780202427,895.7986720170351,3.0,2.0,577.8460801365034,42.0,1.119047619047619,149.14639913484058,1006.5457611381661,6.0,6.0,,27.186578670064996
ADI-46678,904.0525783958116,42.0,1.0952380952380953,667.3797324158775,1140.7254243757457,0.0,0.0,156.80636647850488,7.0,0.7142857142857143,87.70260641715582,225.9101265398539,2.0,0.0,487.4244985814941,15.0,0.8666666666666667,23.69866701420767,951.1503301487805,3.0,1.0,544.5739226372808,41.0,1.1219512195121952,158.79295259300238,930.3548926815594,5.0,4.0,,27.136496488787405
ADI-47099,866.4946392546109,38.0,1.1578947368421053,602.93276561692,1130.0565128923017,0.0,0.0,395.21912071777666,14.0,0.9285714285714286,104.03126461765004,686.4069768179032,2.0,0.0,509.89974564058986,18.0,1.0,7.596957467008789,1012.2025338141709,3.0,1.0,489.0471102431222,35.0,1.0857142857142856,179.72429535841792,798.3699251278265,5.0,3.0,,25.725639875212615
ADI-47300,762.954039049574,38.0,1.0263157894736843,261.822698416639,1264.085379682509,1.0,0.0,295.0643510511951,12.0,0.9166666666666666,87.16788640356381,502.9608156988264,3.0,0.0,517.3173181670786,17.0,1.0,86.75087139472632,947.883764939431,3.0,2.0,530.0949085275141,40.0,1.1,149.33646549038278,910.8533515646455,4.0,4.0,,25.535985784539985
ADI-47100,570.5156972781272,38.0,1.0263157894736843,341.84172318535104,799.1896713709033,0.0,0.0,154.12771891834808,7.0,0.7142857142857143,91.91810015949773,216.3373376771984,2.0,0.0,551.2476288552526,15.0,1.0,77.0178403627867,1025.4774173477188,4.0,1.0,522.575977750045,36.0,1.0833333333333333,181.39375863848656,863.7581968616036,5.0,3.0,,27.43105045339093
ADI-47215,614.0005022877373,34.0,1.0294117647058822,359.50224911935913,868.4987554561154,0.0,0.0,155.1893992116777,7.0,0.7142857142857143,93.17054843072887,217.20824999262658,2.0,0.0,474.4667169384242,15.0,0.9333333333333333,21.68595332080781,927.2474805560406,3.0,2.0,506.99060989941466,37.0,1.0810810810810811,189.89851071867668,824.0827090801527,6.0,3.0,,26.96928310995511
ADI-47216,707.8902031647749,39.0,1.1282051282051282,479.3117439606434,936.4686623689064,2.0,0.0,292.46229551993287,12.0,0.9166666666666666,88.76358508812618,496.1610059517395,3.0,0.0,475.9510671073678,16.0,1.0,9.836619813703974,942.0655144010317,3.0,2.0,502.72262014383125,35.0,1.0857142857142856,171.71032288257163,833.7349174050909,5.0,3.0,,25.00761476839357
ADI-47217,915.162045889044,43.0,1.0930232558139534,539.3059639400598,1291.0181278380282,1.0,2.0,125.01007684806132,5.0,0.8,29.092844432274415,220.9273092638482,3.0,0.0,267.84461840677056,10.0,0.9,139.41902296967743,396.27021384386364,2.0,2.0,547.318606475016,33.0,1.0,97.0059094619864,997.6313034880458,3.0,4.0,,26.086389264864298
ADI-46710,805.4854021047462,40.0,1.175,872.8174819330542,738.1533222764381,0.0,0.0,165.23805558554798,7.0,0.7142857142857143,99.36187356871747,231.1142376023785,2.0,0.0,485.9968960478499,15.0,0.8666666666666667,21.912901974103136,950.0808901215966,3.0,2.0,534.3210208530252,40.0,1.125,152.6810469172965,915.9609947887539,5.0,4.0,,25.03534255162541
ADI-47301,759.8505853307988,35.0,1.0571428571428572,602.7453591431579,916.9558115184398,1.0,0.0,194.19332967552168,8.0,0.875,85.76365731926225,302.62300203178114,5.0,0.0,209.05537723358955,9.0,0.8888888888888888,129.8093518092688,288.30140265791033,2.0,2.0,450.5807900581115,31.0,1.064516129032258,91.42166568837747,809.7399144278456,2.0,4.0,,24.86453325110697
ADI-47187,663.7056083915777,40.0,1.075,329.7470731799039,997.6641436032514,5.0,0.0,155.78156848292838,7.0,0.7142857142857143,85.65301042600282,225.9101265398539,2.0,0.0,484.82174142787255,16.0,1.0,19.446290974112625,950.1971918816324,3.0,1.0,550.6964783120824,41.0,1.1219512195121952,169.083469713297,932.3094869108678,4.0,5.0,,23.8571352555327
ADI-47105,707.7497111413064,40.0,1.125,390.81198982356574,1024.687432459047,1.0,0.0,205.91640257387775,9.0,0.7777777777777778,89.97915106160416,321.8536540861514,2.0,0.0,515.9755439447305,16.0,1.0,15.647812240608229,1016.3032756488527,3.0,1.0,508.1792419518759,37.0,1.0810810810810811,195.8997695011231,820.4587144026286,5.0,3.0,,26.476456969568602
ADI-47106,687.672284675063,36.0,1.0277777777777777,538.010978504299,837.3335908458271,0.0,0.0,144.24786031775517,6.0,0.8333333333333334,83.06303955448135,205.43268108102902,5.0,0.0,204.06260110887197,8.0,0.875,64.60396265583277,343.52123956191116,2.0,2.0,400.80850623136195,30.0,1.1,114.40260444494602,687.2144080177778,2.0,4.0,,23.565831125890927
ADI-45490,634.861138274496,38.0,1.105263157894737,390.8251635687598,878.8971129802324,1.0,0.0,218.28561730527315,9.0,0.8888888888888888,84.7750399990796,351.7961946114667,4.0,0.0,185.8680567836312,9.0,1.0,86.09279150960334,285.643322057659,2.0,2.0,426.0183630877504,30.0,1.0666666666666667,92.98048207518669,759.0562441003141,0.0,4.0,,25.26252270397856
ADI-47302,867.391731508819,41.0,1.024390243902439,469.6595356357052,1265.1239273819328,3.0,0.0,213.36653247223327,9.0,0.6666666666666666,92.75213017717275,333.98093476729383,2.0,0.0,473.15894522056334,15.0,1.0,24.152564320798326,922.1653261203284,3.0,1.0,561.521715445969,41.0,1.1219512195121952,149.10951683708745,973.9339140548506,7.0,5.0,,25.033170237716973
ADI-47109,673.2798947467313,33.0,0.9696969696969697,500.6149046885869,845.9448848048759,0.0,0.0,216.85441241205277,9.0,0.6666666666666666,103.42418325327034,330.28464157083516,2.0,0.0,474.0000333497334,16.0,1.0,13.635098547208369,934.3649681522585,3.0,1.0,549.7993336979968,40.0,1.15,152.07396555291683,947.5247018430766,5.0,3.0,,27.45445983667301
ADI-47304,692.2254996276658,40.0,1.125,361.35771562847134,1023.0932836268604,1.0,0.0,172.81304284793265,8.0,0.75,97.5392262308598,248.08685946500552,2.0,0.0,425.98077916763793,13.0,0.9230769230769231,78.01211254974582,773.9494457855301,3.0,1.0,590.8776263750796,42.0,1.119047619047619,164.37719636661132,1017.3780563835478,4.0,4.0,,28.692902096007582
ADI-47112,775.6245115724976,41.0,1.0731707317073171,594.7414397638031,956.5075833811921,1.0,0.0,162.8813898564576,6.0,0.8333333333333334,98.6810276088315,227.0817521040837,4.0,0.0,250.34513051218548,9.0,0.8888888888888888,195.5919981408264,305.0982628835445,2.0,2.0,504.207033144628,32.0,0.96875,90.93088608403367,917.4831802052222,1.0,4.0,,25.42882887730713
ADI-47113,617.9500602119527,35.0,1.0571428571428572,524.4752171167972,711.4249033071084,0.0,0.0,151.12708952712484,7.0,0.7142857142857143,87.24870911056517,215.00546994368452,2.0,0.0,514.3145629648265,15.0,1.0,84.00771646541581,944.6214094642372,3.0,1.0,522.2553886917217,41.0,1.1219512195121952,150.93216417494511,893.5786132084983,4.0,3.0,,27.78501472920832
ADI-47224,721.2537110270804,41.0,1.170731707317073,602.4688152138378,840.0386068403229,0.0,0.0,202.2498393158976,9.0,0.6666666666666666,97.38604217307076,307.11363645872444,3.0,0.0,486.22242051247554,15.0,0.9333333333333333,58.82965252668167,913.6151884982694,3.0,2.0,546.323538417918,41.0,1.146341463414634,158.79295259300238,933.8541242428338,5.0,6.0,,26.932130464990614
ADI-47225,717.5198129665583,41.0,1.2195121951219512,424.8481093523127,1010.191516580804,1.0,0.0,170.56985144548995,7.0,0.7142857142857143,89.18060009696369,251.95910279401622,4.0,0.0,270.296317313632,10.0,0.9,133.79789689831534,406.7947377289487,2.0,2.0,447.7035205384193,30.0,1.0333333333333334,91.38478339062434,804.0222576862143,2.0,4.0,,25.7439919330712
ADI-45429,780.5315850496253,41.0,1.0975609756097562,612.7097370581079,948.3534330411427,2.0,2.0,164.49552968989653,7.0,0.7142857142857143,97.23285811528172,231.7582012645113,3.0,0.0,494.0923928530568,15.0,0.8666666666666667,23.471718360912345,964.7130673452012,3.0,2.0,496.94331488236094,34.0,1.1176470588235294,186.94112011434234,806.9455096503796,5.0,3.0,,25.05437581442329
ADI-47119,749.9103767353305,43.0,1.0465116279069768,636.1516312327622,863.6691222378988,1.0,0.0,146.6811180757401,6.0,0.8333333333333334,78.39364850554881,214.9685876459314,5.0,0.0,235.14265997417462,9.0,0.8888888888888888,102.61857417713479,367.66674577121444,2.0,2.0,367.5766972537871,29.0,1.103448275862069,97.87682177741456,637.2765727301595,2.0,4.0,,24.292572112603416
ADI-47308,666.2779025684349,42.0,1.0476190476190477,426.5657018318343,905.9901033050355,1.0,0.0,155.41634786497303,7.0,0.7142857142857143,95.79034348850841,215.04235224143767,2.0,0.0,475.4354898650117,15.0,0.8666666666666667,23.925615667502996,926.9453640625204,3.0,1.0,558.1509017203978,41.0,1.1219512195121952,150.8215172816857,965.4802861591099,4.0,6.0,,25.79797447747695
ADI-47121,690.5786767586541,40.0,1.075,446.5568287478835,934.6005247694247,8.0,0.0,197.32587454226916,8.0,0.875,85.87995907929815,308.7717900052402,4.0,0.0,254.80954311244682,10.0,0.9,175.64786945087494,333.97121677401867,2.0,2.0,509.2416762274424,32.0,1.0625,89.33518739947132,929.1481650554134,3.0,4.0,,25.107417637068774
ADI-47122,620.6044651487994,37.0,0.972972972972973,422.7884602646682,818.4204700329307,1.0,0.0,161.62681577419752,7.0,0.7142857142857143,88.04020196371059,235.2134295846845,2.0,0.0,509.54095481559887,15.0,1.0,66.80108783799837,952.2808217931994,4.0,2.0,493.73847149667887,36.0,1.0833333333333333,162.51766673100047,824.9592762623573,5.0,3.0,,26.720080758671727
ADI-47311,668.9969928980189,37.0,1.135135135135135,414.24682588672493,923.7471599093129,0.0,0.0,153.213567816031,6.0,0.8333333333333334,95.41021077742404,211.01692485463798,5.0,0.0,180.24410327888089,8.0,0.875,75.8022743893087,284.68593216845306,2.0,2.0,449.3800733459095,31.0,1.064516129032258,89.78908470606197,808.971061985757,2.0,4.0,,24.788349080161826
ADI-47123,777.6977218684301,41.0,1.1219512195121952,496.7271418918674,1058.6683018449928,2.0,2.0,169.3585161501188,7.0,0.7142857142857143,98.18318989299263,240.53384240724495,2.0,0.0,493.41084527081154,16.0,1.0,15.647812240608229,971.1738783010148,3.0,1.0,496.49088365234195,36.0,1.0833333333333333,195.44587219453243,797.5358951101515,5.0,3.0,,25.270703263631756
ADI-47231,698.1224365900621,43.0,1.0465116279069768,547.2789909916544,848.9658821884699,4.0,1.0,232.42640754995435,8.0,0.875,93.58756343956637,371.26525166034236,4.0,0.0,256.2343182127029,10.0,0.9,190.7992472203629,321.6693892050428,2.0,2.0,511.3465956652251,32.0,0.96875,91.83868069721498,930.8545106332352,1.0,4.0,,25.7986579425937
ADI-47232,779.8585616554468,44.0,1.2045454545454546,538.4209354016416,1021.296187909252,1.0,0.0,159.88076046523437,7.0,0.7142857142857143,88.00331966595745,231.7582012645113,3.0,0.0,498.0795137534338,15.0,0.9333333333333333,15.874760893903556,980.284266612964,3.0,1.0,580.5616099944133,42.0,1.119047619047619,163.38857904642865,997.7346409423978,4.0,5.0,,22.27491721776407
ADI-47258,708.7100960155087,41.0,1.0731707317073171,407.3052884230591,1010.1149036079585,2.0,0.0,162.44593369874352,7.0,0.7142857142857143,87.51254006161363,237.3793273358734,2.0,0.0,401.2467269906112,13.0,1.0769230769230769,66.16277904264199,736.3306749385804,3.0,1.0,499.06244479091345,39.0,1.1025641025641026,142.6912430458035,855.4336465360234,4.0,6.0,,26.572709897862236
ADI-46677,832.703155545799,38.0,1.0263157894736843,768.2147616117162,897.1915494798817,2.0,0.0,154.0880091872067,7.0,0.7142857142857143,88.00331966595743,220.17269870845595,2.0,0.0,485.5394696855117,15.0,0.9333333333333333,21.68595332080781,949.3929860502155,3.0,1.0,494.45976022599206,36.0,1.0833333333333333,173.75991887372464,815.1596015782595,5.0,3.0,,26.651790927103203
ADI-45491,657.288036222653,38.0,1.0263157894736843,210.25665943246923,1104.3194130128368,2.0,4.0,163.75583122763328,7.0,0.7142857142857143,94.57477751503042,232.93688494023615,2.0,0.0,500.03056845501914,15.0,0.9333333333333333,69.08328734922316,930.9778495608151,3.0,1.0,505.41970885286463,36.0,1.0833333333333333,177.78534626052436,833.054071445205,5.0,3.0,,27.019005982415116
ADI-47313,795.0383708384497,41.0,1.1219512195121952,535.108984650423,1054.9677570264762,0.0,0.0,146.72082780688146,7.0,0.7142857142857143,78.89008297666905,214.55157263709387,2.0,0.0,485.22737339932854,15.0,0.8666666666666667,19.900188280703276,950.5545585179539,3.0,1.0,569.8583713752411,41.0,1.1219512195121952,152.11084785066996,987.6058948998121,5.0,5.0,,27.851641601367273
ADI-45373,678.1150885839448,40.0,1.1,391.09152873788213,965.1386484300076,2.0,0.0,161.81970956312796,7.0,0.7142857142857143,87.92955507045114,235.70986405580476,2.0,0.0,429.561493170371,13.0,0.9230769230769231,25.711380707607532,833.4116056331345,3.0,2.0,508.2451839816747,36.0,1.0833333333333333,183.86036963847707,832.6299983248724,5.0,3.0,,26.31765926225034
ADI-47132,521.1384477836154,31.0,1.064516129032258,156.61134687854553,885.6655486886854,0.0,0.0,165.4430340342192,8.0,0.75,89.5252537550135,241.3608143134249,2.0,0.0,525.8922848430765,15.0,0.9333333333333333,104.36886016420479,947.4157095219482,3.0,1.0,553.8772256821114,41.0,1.1219512195121952,146.33653772151885,961.417913642704,4.0,4.0,,28.90583983967935
ADI-47237,899.15606067,46.0,1.1956521739130435,593.1457410792408,1205.1663802607593,0.0,0.0,205.8582516938598,9.0,0.7777777777777778,92.40887976384153,319.3076236238781,3.0,0.0,266.6091870957464,10.0,1.0,111.95170140822346,421.2666727832693,1.0,2.0,417.6058481678697,31.0,1.1290322580645162,121.01234783649075,714.1993484992486,2.0,4.0,,23.210264302551867
ADI-47238,643.0478564583877,38.0,1.0,546.7553922160561,739.3403207007194,0.0,0.0,201.58390544914067,9.0,0.7777777777777778,87.81325331041526,315.35455758786605,3.0,0.0,525.7681500453576,18.0,1.0555555555555556,47.31791456613259,1004.2183855245827,3.0,2.0,546.6965816015809,41.0,1.1219512195121952,162.70773308654267,930.685430116619,4.0,4.0,,24.154129280920206
ADI-47135,837.9946133560688,41.0,0.975609756097561,669.5692130559192,1006.4200136562184,2.0,0.0,206.28805298479742,8.0,0.875,97.57610852861293,314.99999744098193,5.0,0.0,240.8481378082856,10.0,0.9,62.591248962432914,419.10502665413827,2.0,2.0,377.0551859769573,30.0,1.1333333333333333,117.17698680523321,636.9333851486814,2.0,4.0,,24.564438131258882
ADI-47243,630.534840559262,34.0,0.9705882352941176,411.23152525780944,849.8381558607146,11.0,2.0,153.44334390271456,7.0,0.7142857142857143,86.56080503918412,220.325882766245,2.0,0.0,500.3971923176931,16.0,1.0,19.900188280703276,980.8941963546829,3.0,1.0,575.9291012432338,41.0,1.1219512195121952,167.9856087445735,983.8725937418942,4.0,4.0,,25.72937662130036
ADI-45375,735.3732326894968,41.0,0.926829268292683,672.5820004107119,798.1644649682818,3.0,0.0,144.78187870898788,6.0,0.8333333333333334,87.92955507045114,201.63420234752462,4.0,0.0,270.1090783914781,10.0,0.9,70.41515508273704,469.8030017002191,2.0,2.0,498.50152389459043,32.0,1.03125,90.93088608403367,906.0721617051472,1.0,4.0,,24.1176291059813
ADI-47244,690.0354744448974,40.0,1.1,670.7934288811701,709.2775200086247,0.0,0.0,145.20242277357292,7.0,0.7142857142857143,80.10564895014704,210.29919659699883,2.0,0.0,482.0849429876978,15.0,0.9333333333333333,27.724094401007388,936.4457915743882,3.0,0.0,541.3726083073464,41.0,1.1219512195121952,148.50243547270776,934.2427811419849,4.0,6.0,,25.032586754999482
ADI-47247,735.9213463597687,41.0,1.1219512195121952,589.4337399195141,882.4089528000231,0.0,0.0,301.44644416708525,12.0,0.9166666666666666,88.80046738587932,514.0924209482912,3.0,0.0,503.810606039647,18.0,1.0,15.647812240608229,991.9733998386857,3.0,1.0,557.7154141467572,41.0,1.1219512195121952,168.40262375341104,947.0282045401034,5.0,6.0,,26.349683600206756
ADI-47140,643.2139734059341,39.0,1.0512820512820513,521.3618359652367,765.0661108466314,5.0,0.0,154.7170607562105,7.0,0.7142857142857143,87.92955507045116,221.50456644196984,2.0,0.0,502.93261466877277,15.0,1.0,53.092224695283704,952.7730046422618,4.0,1.0,505.6282163572834,35.0,1.0857142857142856,189.0275984032485,822.2288343113182,5.0,3.0,,25.826584537294877
ADI-47317,795.4807594439527,39.0,1.0512820512820513,699.5597990048834,891.4017198830219,4.0,0.0,156.7666567473635,7.0,0.8571428571428571,80.17941354565332,233.35389994907365,5.0,0.0,195.66143781044627,9.0,0.8888888888888888,115.03245188408873,276.2904237368038,2.0,2.0,411.31099707996975,31.0,1.1290322580645162,117.3670531607754,705.2549409991641,0.0,4.0,,24.065541558429096
ADI-45448,661.5737655047536,36.0,1.0555555555555556,355.93777715064516,967.2097538588622,0.0,0.0,216.34313915163204,8.0,0.875,86.18067232809976,346.50560597516437,4.0,0.0,270.59703056243364,11.0,0.9090909090909091,127.98670447141112,413.2073566534562,2.0,2.0,448.06667817719875,31.0,1.032258064516129,87.81325331041526,808.3201030439823,2.0,4.0,,25.57103490656622
ADI-47143,700.7634583422044,39.0,1.1794871794871795,337.34968551368917,1064.1772311707198,1.0,2.0,296.52813426023323,12.0,0.9166666666666666,88.9905337414215,504.065734779045,3.0,0.0,494.37679076401076,16.0,0.9375,19.67323962740795,969.0803419006136,3.0,1.0,572.1696306185115,41.0,1.1219512195121952,164.303431771105,980.035829465918,4.0,4.0,,23.219441097896876
ADI-45382,675.1321987192389,39.0,0.9743589743589743,311.21423168574904,1039.0501657527288,4.0,0.0,236.57512150445646,10.0,0.7,98.18318989299264,374.9670531159203,3.0,0.0,494.987401184138,16.0,1.0,17.66052593400809,972.3142764342679,3.0,2.0,547.3369847920396,41.0,1.1219512195121952,143.52527306347852,951.1486965206007,4.0,5.0,,24.841687091229712
ADI-47253,773.962106403924,38.0,1.0789473684210527,571.3689119549401,976.555300852908,0.0,0.0,215.49424940070554,9.0,0.6666666666666666,105.48955003954437,325.4989487618667,2.0,0.0,472.35826844489395,15.0,0.8666666666666667,15.874760893903556,928.8417759958844,3.0,2.0,572.8590007664643,41.0,1.1219512195121952,162.2112986154224,983.5067029175061,4.0,4.0,,25.43845038352943
ADI-47256,806.149409128009,42.0,1.0,454.07842987910817,1158.2203883769098,1.0,0.0,222.38128023183162,9.0,0.8888888888888888,103.68801420431882,341.07454625934446,4.0,0.0,260.8575697375297,10.0,0.9,127.75975581811579,393.9553836569436,2.0,2.0,438.9541431102697,31.0,1.064516129032258,83.29704631927174,794.6112399012676,3.0,4.0,,23.521242562321042
ADI-47166,841.849787364995,46.0,1.0434782608695652,478.7531268989331,1204.946447831057,3.0,2.0,245.439512639654,9.0,0.8888888888888888,94.00457844840386,396.8744468309041,5.0,0.0,185.38433529078247,9.0,0.8888888888888888,78.23906120304115,292.5296093785238,2.0,2.0,381.8671425005098,30.0,1.1333333333333333,113.98558943610851,649.748695564911,2.0,4.0,,24.87622920459573
ADI-45428,736.3773694773882,44.0,1.0909090909090908,495.12985146702727,977.6248874877492,5.0,0.0,292.91414031932317,10.0,0.7,139.74091055296424,446.08737008568204,5.0,0.0,294.685715832609,11.0,1.0909090909090908,103.900846634624,485.47058503059395,2.0,2.0,362.91792478802364,29.0,1.103448275862069,93.17054843072887,632.6653011453184,2.0,4.0,,23.365604733219694
ADI-47149,695.5592006720226,38.0,0.9736842105263158,512.0655910319011,879.0528103121442,0.0,0.0,166.6614274410854,7.0,0.7142857142857143,92.37199746608837,240.95085741608247,2.0,0.0,536.6047702166258,15.0,0.9333333333333333,79.03055405618656,994.178986377065,3.0,1.0,506.1189959616272,36.0,1.0833333333333333,187.84891472752366,824.3890771957307,5.0,3.0,,27.17198990040276
ADI-47151,748.1933706864374,36.0,1.1111111111111112,338.1568863301025,1158.2298550427724,0.0,1.0,214.61269755815724,8.0,1.0,84.69562053679684,344.5297745795176,3.0,0.0,255.59953847309401,10.0,0.9,66.38972769593731,444.8093492502507,2.0,0.0,540.1626972006447,32.0,0.9375,96.96902716423325,983.3563672370564,2.0,4.0,,24.878499667511935
ADI-47152,703.3169553230177,38.0,1.131578947368421,679.1129526585046,727.5209579875309,0.0,0.0,191.8238776643312,9.0,0.7777777777777778,92.25569570605248,291.3920596226099,4.0,0.0,316.1298084069924,12.0,1.0833333333333333,78.49583404259455,553.7637827713903,7.0,0.0,439.042819798905,31.0,1.064516129032258,91.80179839946183,786.2838411983481,3.0,4.0,,22.926140433043486
ADI-47259,592.3046110621686,35.0,1.0285714285714285,434.06212833392823,750.547093790409,2.0,0.0,237.94316991336416,10.0,0.8,93.51379884406008,382.3725409826683,2.0,0.0,506.03533534926214,17.0,1.0588235294117647,49.293745961779315,962.776924736745,3.0,2.0,578.9509992167218,42.0,1.1428571428571428,165.48211544682985,992.4198829866139,6.0,6.0,,25.42922678632492
ADI-47260,696.6309340618438,39.0,1.1025641025641026,646.7640359363436,746.4978321873441,1.0,0.0,156.82480762738146,7.0,0.7142857142857143,89.90538646609787,223.74422878866503,2.0,0.0,490.9868447391792,15.0,0.9333333333333333,21.912901974103136,960.0607875042552,3.0,1.0,498.64399512143075,33.0,1.121212121212121,191.6105111632749,805.6774790795866,5.0,3.0,,23.82101706195741
ADI-47261,584.376540201447,31.0,1.032258064516129,365.5022512647442,803.2508291381498,0.0,0.0,154.66173730958076,7.0,0.7142857142857143,81.62758303920309,227.69589157995844,2.0,0.0,509.85015036456514,15.0,0.8666666666666667,25.71138070760753,993.9889200215229,3.0,1.0,574.2001257263307,42.0,1.1428571428571428,154.7306429084495,993.6696085442119,6.0,6.0,,27.58306735842789
ADI-47155,615.6614309077637,35.0,1.0571428571428572,378.7159365734,852.6069252421273,4.0,0.0,172.26411236357092,7.0,0.7142857142857143,92.1819311105462,252.34629361659566,2.0,0.0,474.4908129540772,16.0,1.0,17.66052593400809,931.3210999741464,3.0,1.0,509.33242636722906,36.0,1.0833333333333333,191.64739346102806,827.0174592734301,5.0,3.0,,26.926554673988026
ADI-47153,604.0532565247249,38.0,1.105263157894737,256.35194991362874,951.754563135821,2.0,1.0,158.7424881430102,7.0,0.8571428571428571,88.3834523770418,229.1015239089786,5.0,0.0,340.1845121166314,13.0,1.0769230769230769,113.9644151016233,566.4046091316395,2.0,2.0,406.3969178512246,30.0,1.0666666666666667,102.81710188889066,709.9767338135586,2.0,4.0,,24.116156895531567
ADI-47158,532.2849441822582,32.0,1.0,195.5166418050423,869.053246559474,0.0,2.0,154.7170607562105,7.0,0.7142857142857143,91.50108515066022,217.93303636176077,2.0,0.0,423.613526271305,13.0,0.9230769230769231,35.54800052131151,811.6790520212984,3.0,1.0,575.8915173231214,41.0,1.1219512195121952,153.06117962838087,998.7218550178619,4.0,4.0,,25.573186767461895
ADI-45438,720.7266564995632,40.0,1.15,500.0630734670083,941.3902395321181,3.0,0.0,150.10229153154836,7.0,0.7142857142857143,78.28300161228935,221.92158145080734,2.0,0.0,506.3977494777802,15.0,0.8666666666666667,15.647812240608229,997.1476867149522,3.0,1.0,565.9754780471346,41.0,1.1219512195121952,147.09680314368757,984.8541529505818,4.0,6.0,,26.30868422380924
ADI-47161,669.7954915027818,36.0,1.0277777777777777,617.833025413631,721.7579575919326,1.0,0.0,202.0994826914968,9.0,0.7777777777777778,91.34790109287118,312.8510642901224,2.0,0.0,506.7636717180948,18.0,1.1666666666666667,6.038141080199582,1007.4892023559901,4.0,2.0,489.4066759943011,36.0,1.0833333333333333,181.6207072917819,797.1926446968203,5.0,3.0,,24.95944937493751
ADI-38498,795.7076347934194,40.0,1.15,733.462505565608,857.9527640212308,0.0,0.0,149.7001886158399,6.0,0.6666666666666666,95.7903434885084,203.61003374317136,2.0,0.0,255.3407340702913,10.0,0.9,188.4858202781614,322.19564786242114,2.0,2.0,636.4836347443935,38.0,1.0,206.35193203542045,1066.6153374533665,6.0,4.0,,25.131708403700056
ADI-38500,686.7581231007705,40.0,1.1,510.1990032847953,863.3172429167456,3.0,0.0,202.74697540937714,9.0,0.7777777777777778,91.991864755004,313.5020860637503,3.0,0.0,335.4534411319334,13.0,1.0769230769230769,151.56201161408782,519.344870649779,5.0,0.0,412.64992292497874,30.0,1.0666666666666667,89.78908470606197,735.5107611438955,1.0,4.0,,22.53638013622966
ADI-38499,804.063632461462,41.0,1.048780487804878,573.1010185925213,1035.0262463304027,2.0,0.0,163.98277988092863,8.0,0.75,82.5353776523844,245.43018210947284,4.0,0.0,192.7523125412466,10.0,1.0,149.89254833401918,235.612076748474,2.0,2.0,419.5554158489324,31.0,1.096774193548387,116.8762735564316,722.2345581414332,0.0,4.0,,25.534305056087923
ADI-45397,633.3397487281666,37.0,1.027027027027027,303.4797981242192,963.199699332114,1.0,0.0,154.6000573738153,6.0,0.8333333333333334,94.38471115948825,214.81540358814235,4.0,0.0,241.51837565697795,11.0,0.9090909090909091,71.09600104262302,411.9407502713329,2.0,1.0,447.89578600881896,31.0,1.064516129032258,89.97915106160417,805.8124209560337,2.0,4.0,,26.124151025879232
ADI-45456,782.4038486074586,40.0,1.125,706.4092040279951,858.3984931869222,0.0,0.0,197.5215957645878,9.0,0.6666666666666666,88.42033467479496,306.62285685438064,2.0,0.0,498.93270748629567,16.0,0.9375,8.050854773599442,989.8145601989919,3.0,1.0,560.6486354316098,40.0,1.15,143.03449345913472,978.262777404085,7.0,4.0,,25.553072407225855
ADI-45455,853.3757462682894,42.0,1.119047619047619,526.8241231120332,1179.9273694245455,0.0,0.0,161.55305117869125,7.0,0.7142857142857143,80.33259760344237,242.77350475394013,2.0,0.0,476.892916584914,15.0,0.8666666666666667,21.68595332080781,932.0998798490202,3.0,1.0,570.278915439826,42.0,1.119047619047619,156.59017254406035,983.9676583355919,5.0,5.0,,25.832378561195174
ADI-45450,698.1620834893504,36.0,1.0,464.2270726751667,932.097094303534,0.0,0.0,159.50345518753824,7.0,0.7142857142857143,93.28685019076474,225.72006018431173,2.0,0.0,497.56465907738794,15.0,0.9333333333333333,19.900188280703276,975.2291298740727,3.0,1.0,569.4881556249665,41.0,1.1219512195121952,139.46296337892565,999.5133478710073,4.0,5.0,,27.135337777069754
ADI-45465,646.8748817971377,35.0,1.0857142857142856,490.0236743194906,803.7260892747848,1.0,0.0,224.8208211751237,10.0,0.9,86.97782004802164,362.6638223022258,3.0,0.0,278.1478485053367,11.0,1.0909090909090908,159.85252801925412,396.44316899141927,5.0,2.0,438.06902032407174,32.0,1.09375,87.77637101266212,788.3616696354813,3.0,4.0,,25.644052400023522
ADI-45464,710.826398490673,39.0,1.0769230769230769,525.9900930943583,895.6627038869877,3.0,2.0,240.29700820906632,10.0,0.8,96.8882044572319,383.70581196090075,3.0,0.0,469.38243669168304,16.0,1.0,11.622384853808509,927.1424885295577,3.0,1.0,548.9035923286298,41.0,1.1219512195121952,156.32634159301188,941.4808430642476,5.0,3.0,,26.20780001514707
ADI-46692,588.533904007722,33.0,1.121212121212121,350.86002094464794,826.2077870707959,2.0,0.0,210.75812045183523,9.0,0.6666666666666666,89.78908470606197,331.7271561976085,2.0,0.0,498.0029426684903,16.0,1.0,15.874760893903556,980.1311244430769,3.0,1.0,516.169013692314,35.0,1.1142857142857143,175.92581662491352,856.4122107597145,5.0,3.0,,25.692986275005474
ADI-45390,713.7928787697517,38.0,1.105263157894737,465.67664541343504,961.9091121260683,0.0,0.0,161.3445436742725,7.0,0.8571428571428571,89.18200334168228,233.5070840068627,5.0,0.0,201.663398215252,8.0,0.875,130.49019776915478,272.8365986613492,2.0,2.0,460.8315974472648,31.0,1.064516129032258,93.85139439061484,827.8118005039148,2.0,4.0,,24.72267599066641
ADI-45395,744.5835341198057,37.0,1.054054054054054,475.61685400890343,1013.5502142307079,0.0,0.0,205.6313030405645,9.0,0.6666666666666666,87.01470234577478,324.2479037353542,3.0,0.0,504.42474551552175,16.0,0.9375,9.609671160408649,999.2398198706348,3.0,2.0,494.61790800017377,35.0,1.0571428571428572,204.9392415949052,784.2965744054424,3.0,4.0,,26.429602859488824
ADI-46690,727.4294957534092,32.0,1.03125,591.3599760391362,863.4990154676824,0.0,0.0,194.842948204431,9.0,0.6666666666666666,80.78649491003301,308.899401498829,2.0,0.0,494.41650049515215,16.0,1.0,15.874760893903556,972.9582400964008,3.0,1.0,537.8251742427902,40.0,1.15,139.27289702338348,936.3774514621971,7.0,4.0,,27.915763646978807
ADI-45393,806.7166341535901,41.0,1.0975609756097562,563.0344551405256,1050.3988131666545,1.0,2.0,233.55252190860912,10.0,0.8,99.62570451976595,367.47933929745227,3.0,0.0,513.4535361942816,16.0,1.0,33.308338174616324,993.598734213947,3.0,1.0,568.6172433095384,42.0,1.119047619047619,150.06125185951697,987.1732347595597,5.0,3.0,,26.035584230308668
ADI-46685,690.7325414948514,34.0,1.0,394.6928830043493,986.7721999853535,1.0,0.0,216.34236422544416,9.0,0.6666666666666666,104.56598463124205,328.1187438196463,2.0,0.0,483.692726332001,15.0,1.0,19.67323962740795,947.712213036594,3.0,1.0,521.3313520445213,37.0,1.0810810810810811,193.20620984783727,849.4564942412054,5.0,3.0,,25.23149806004812
ADI-45460,762.5703249228645,44.0,1.2045454545454546,422.7318068771485,1102.4088429685808,5.0,0.0,222.58476118800465,8.0,0.75,106.69500008467779,338.4745222913315,4.0,0.0,256.85058349960656,10.0,0.9,133.3439995917247,380.35716740748836,2.0,2.0,502.29211723053436,32.0,1.03125,99.62570451976595,904.9585299413027,3.0,4.0,,24.921044564750208
ADI-45389,784.4541985808486,35.0,1.0857142857142856,633.6638458982865,935.2445512634107,3.0,0.0,155.05748373615347,7.0,0.8571428571428571,88.00331966595743,222.11164780634954,4.0,0.0,197.98475029753104,8.0,0.875,128.93843949384063,267.03106110122144,2.0,2.0,508.9601371658032,32.0,1.03125,175.39249985604013,842.5277744755663,4.0,4.0,,25.544837091112694
ADI-46689,742.4367791398527,37.0,1.027027027027027,593.8745905748735,890.9989677048317,0.0,0.0,196.76062872005977,9.0,0.6666666666666666,89.78908470606197,303.73217273405754,2.0,0.0,471.31502930044087,15.0,0.8666666666666667,17.66052593400809,924.9695326668736,3.0,1.0,549.7227102531757,39.0,1.1538461538461537,152.11084785066996,947.3345726556814,4.0,4.0,,26.939492529998752
ADI-45459,708.0228202626585,40.0,1.075,488.63781308023704,927.4078274450799,2.0,0.0,201.35130192906888,8.0,0.875,95.07261523086929,307.62998862726846,5.0,0.0,254.30385141497396,10.0,0.9,142.95367075213338,365.6540320778146,2.0,2.0,487.4386566923863,32.0,1.0625,91.42166568837747,883.4556476963951,3.0,4.0,,26.302130821153515
ADI-45463,704.6846162688315,40.0,1.125,540.686170312537,868.683062225126,1.0,0.0,167.41603799647768,7.0,0.8571428571428571,100.80438819549079,234.02768779746458,4.0,0.0,255.74283698599976,10.0,0.9,173.21814074863755,338.26753322336197,2.0,2.0,522.7526190329809,32.0,0.96875,85.3097600126716,960.1954780532901,3.0,4.0,,24.97107791481353
ADI-45470,645.8691532689685,37.0,1.135135135135135,480.5869583066376,811.1513482312995,0.0,0.0,121.36478217234597,5.0,1.0,23.281652005370162,219.44791233932176,5.0,0.0,242.94882656796148,10.0,0.9,127.53280716482045,358.36484597110245,2.0,2.0,413.18108246689667,30.0,1.0333333333333334,91.00465067953996,735.3575142542534,2.0,4.0,,25.720803708526695
ADI-47295,671.1309406519208,40.0,1.1,403.7394132096265,938.5224680942151,2.0,1.0,158.5701613139853,7.0,0.7142857142857143,83.40628996781257,233.73403266015802,4.0,0.0,188.3566379882458,9.0,0.8888888888888888,109.3744435149735,267.3388324615181,2.0,2.0,494.0512589332458,32.0,1.0,93.58756343956637,894.5149544269252,3.0,4.0,,25.56620425403939
ADI-45452,668.5961466193719,36.0,1.1388888888888888,513.0016180910627,824.1906751476811,0.0,0.0,156.50282579631502,7.0,0.7142857142857143,87.92955507045116,225.0760965221789,2.0,0.0,483.60475126572493,16.0,1.0,17.43357728071276,949.775925250737,3.0,1.0,515.6733436754062,36.0,1.0833333333333333,188.075863380819,843.2708239699933,5.0,3.0,,27.90719231719475
ADI-45454,622.2208774009245,35.0,0.9428571428571428,308.93062892980566,935.5111258720432,0.0,1.0,171.96057168138108,7.0,0.7142857142857143,100.99445455103297,242.92668881172918,2.0,0.0,422.40289259829314,13.0,1.0,80.09859083865197,764.7071943579343,3.0,1.0,524.5801986713047,37.0,1.0810810810810811,163.19851269088647,885.9618846517229,5.0,3.0,,26.63924442799295
ADI-45388,642.9082336088867,37.0,0.972972972972973,445.9255780640222,839.8908891537511,2.0,0.0,237.6580703800509,10.0,0.8,93.58756343956637,381.7285773205354,2.0,0.0,538.5025120908798,19.0,1.1578947368421053,47.35479686388574,1029.6502273178737,4.0,2.0,496.6809500078842,36.0,1.0833333333333333,199.47129958133218,793.8906004344361,5.0,3.0,,25.63150672873844
ADI-47205,814.2045364676172,44.0,1.2045454545454546,491.97533639565575,1136.4337365395788,5.0,0.0,236.36661400003769,10.0,0.9,92.59894611938371,380.1342818806917,3.0,0.0,535.1849274168359,17.0,1.0,87.20476870131697,983.1650861323548,3.0,2.0,559.4685903990685,42.0,1.1428571428571428,147.13368544144072,971.8034953566962,6.0,6.0,,25.06370398284789
ADI-46695,672.950079877982,41.0,1.1951219512195121,353.32097707786204,992.579182678102,1.0,0.0,220.58971371729345,9.0,0.7777777777777778,69.58112506506203,371.5983023695249,2.0,0.0,481.9374137966852,16.0,1.0,17.66052593400809,946.2143016593623,3.0,2.0,553.9353765621294,41.0,1.1219512195121952,152.90799557059185,954.9627575536668,5.0,5.0,,25.53024252924053
ADI-46684,815.5291575940768,43.0,1.2093023255813953,575.0000904076653,1056.0582247804882,1.0,0.0,159.06446997407662,7.0,0.7142857142857143,94.19464480394606,223.9342951442072,2.0,0.0,495.3093830152044,15.0,1.0,17.66052593400809,972.9582400964007,3.0,1.0,500.08797582477575,35.0,1.0857142857142856,180.1781926650086,819.9977589845429,5.0,5.0,,24.712408616043096
ADI-47213,683.1547267990785,37.0,1.027027027027027,394.06603055020304,972.243423047954,2.0,2.0,202.05977296035542,9.0,0.8888888888888888,86.97782004802164,317.1417258726892,2.0,0.0,293.48929263036683,11.0,1.0,117.79977613288085,469.17880912785284,2.0,2.0,396.0801684322725,30.0,1.1,91.57484974616652,700.5854871183785,1.0,4.0,,24.70980295015986
ADI-46696,827.0755996814726,43.0,1.0465116279069768,732.0213941835533,922.1298051793918,1.0,0.0,162.04312916067573,7.0,0.7142857142857143,87.16788640356383,236.91837191778768,3.0,0.0,199.47553025943898,8.0,0.875,184.4603928913617,214.4906676275163,2.0,2.0,516.8385708625981,32.0,1.03125,97.00590946198639,936.6712322632097,0.0,4.0,,25.41646127714181
ADI-46697,681.2114527752984,40.0,1.075,361.59578551976034,1000.8271200308366,3.0,1.0,155.90995490270507,8.0,0.75,80.52266395898454,231.29724584642557,2.0,0.0,508.76932729999965,15.0,0.9333333333333333,78.42347269180688,939.1151819081924,3.0,1.0,528.1595513172211,37.0,1.0810810810810811,195.67282084782775,860.6462817866146,5.0,3.0,,28.270296250359767
ADI-47104,782.7711531485409,39.0,1.0512820512820513,467.954593302602,1097.5877129944797,1.0,0.0,161.70340780309206,7.0,0.7142857142857143,96.9321448664801,226.474670739704,2.0,0.0,374.98916992820153,12.0,0.75,51.876658721805725,698.1016811345974,3.0,1.0,564.6946716662171,41.0,1.1219512195121952,148.5393177704609,980.8500255619734,5.0,4.0,,26.747625445283337
ADI-47219,688.8240239577956,35.0,0.9428571428571428,381.5895094857365,996.0585384298547,1.0,2.0,204.31787645592718,9.0,0.7777777777777778,90.62311472373699,318.01263818811736,2.0,0.0,497.764684281642,15.0,1.0,59.056601179977,936.4727673833071,3.0,1.0,519.9548108634734,36.0,1.0833333333333333,205.3562566037427,834.5533651232041,5.0,3.0,,27.682055286287035
ADI-45391,748.3465338002756,38.0,1.105263157894737,576.2227144926384,920.4703531079126,1.0,0.0,161.51334144754986,7.0,0.8571428571428571,99.24557180868158,223.78111108641815,5.0,0.0,300.59907285260795,10.0,0.9,133.19081553393568,468.0073301712803,2.0,2.0,508.12610714812814,32.0,1.03125,175.99958122041983,840.2526330758365,3.0,4.0,,25.837184931283634
ADI-45461,580.7978054020857,34.0,0.9411764705882353,382.68031234296495,778.9152984612064,1.0,1.0,212.54388549193976,9.0,0.7777777777777778,112.61683940484149,312.47093157903805,3.0,0.0,491.5073752259525,15.0,1.0,58.940299419941105,924.0744510319639,3.0,2.0,517.6456460153053,36.0,1.0833333333333333,190.5424743808095,844.7488176498011,5.0,3.0,,25.536603921787755
ADI-47116,652.9186044402852,36.0,1.0277777777777777,496.9722698946515,808.8649389859188,0.0,0.0,159.89920161411095,7.0,0.7142857142857143,97.38604217307076,222.41236105515114,3.0,0.0,425.38147848106365,14.0,0.7857142857142857,78.46600985633647,772.2969471057909,3.0,2.0,583.3721730300944,42.0,1.1428571428571428,152.30091420621216,1014.4434318539764,6.0,6.0,,27.042663088889903
ADI-47309,544.2712930169606,33.0,1.0,333.25049353138314,755.292092502538,0.0,0.0,231.90220139977635,10.0,0.8,91.00324743482136,372.80115536473136,2.0,0.0,529.087933834259,17.0,1.0,96.5874912084303,961.5883764600878,3.0,1.0,554.0708210934012,42.0,1.1428571428571428,144.96778769025184,963.1738544965505,5.0,4.0,,27.585771583702233
ADI-45453,606.8397968485815,30.0,1.0333333333333334,351.8996367855739,861.7799569115891,2.0,2.0,203.10583953819673,9.0,0.6666666666666666,91.50108515066022,314.71059392573324,2.0,0.0,507.4197200399685,16.0,0.9375,37.56071421471137,977.2787258652256,3.0,2.0,489.4520405922189,35.0,1.1142857142857143,183.63342098518174,795.2706601992561,6.0,3.0,,26.543516396358196
ADI-46693,715.0381956256592,39.0,1.0,496.89144718765016,933.1849440636682,1.0,0.0,202.5902622958406,9.0,0.6666666666666666,88.23026831925276,316.9502562724284,3.0,0.0,491.50454779256427,15.0,1.0,17.887474587303416,965.1216209978251,3.0,2.0,560.7564548914811,42.0,1.119047619047619,146.71667043260322,974.796239350359,4.0,4.0,,23.793650141900315
ADI-47233,712.7219412500694,40.0,1.225,436.6009121891472,988.8429703109917,0.0,2.0,297.2089802201192,12.0,0.9166666666666666,90.77629878152604,503.64166165871245,3.0,0.0,489.915907219497,16.0,1.0,9.609671160408649,970.2221432785853,3.0,1.0,518.5902915103133,37.0,1.0810810810810811,174.25069847806844,862.929884542558,5.0,4.0,,23.933991332603988
ADI-47137,656.5823926247547,33.0,1.0909090909090908,417.1064291837285,896.0583560657809,0.0,2.0,237.59991950003294,10.0,0.8,90.39616607044167,384.8036729296242,2.0,0.0,493.9895999414313,16.0,1.0,17.887474587303416,970.0917252955592,3.0,1.0,484.6486710885863,36.0,1.0833333333333333,176.83361123809485,792.4637309390777,5.0,3.0,,26.927088681478683
ADI-45383,698.0004380753477,38.0,0.9736842105263158,381.18820244016695,1014.8126737105284,3.0,0.0,161.28922022764277,7.0,0.7142857142857143,89.90538646609787,232.67305398918768,2.0,0.0,506.39845110013954,15.0,0.9333333333333333,25.484432054312204,987.3124701459668,3.0,1.0,559.900454669182,41.0,1.1219512195121952,160.12482032651624,959.6760890118477,4.0,6.0,,25.97991424859402
ADI-45469,739.7319306969649,44.0,1.1818181818181819,357.3576513663616,1122.106210027568,3.0,2.0,154.50502419604422,6.0,0.8333333333333334,92.37199746608837,216.63805092600003,5.0,0.0,201.11093867514273,9.0,0.8888888888888888,133.87166149382165,268.3502158564638,2.0,2.0,413.6131038166428,30.0,1.1333333333333333,97.87682177741456,729.349385855871,2.0,4.0,,24.198602463752117
ADI-45422,818.1496752181667,40.0,1.05,613.4174122192555,1022.881938217078,0.0,0.0,151.01361520047718,7.0,0.7142857142857143,83.22328172376544,218.8039486771889,2.0,0.0,421.5326295453467,14.0,0.8571428571428571,23.471718360912345,819.593540729781,3.0,1.0,504.6580401859773,36.0,1.0833333333333333,191.45732710548586,817.8587532664687,5.0,3.0,,26.167951589633955
ADI-45485,605.992278926447,31.0,1.096774193548387,386.1583067379011,825.8262511149929,0.0,0.0,166.6181886541965,7.0,0.8571428571428571,97.4229244708239,235.81345283756912,5.0,0.0,263.2702605356091,10.0,0.9,137.36942697852442,389.17109409269375,2.0,2.0,367.3135679250979,30.0,1.1333333333333333,107.3034846937761,627.3236511564197,2.0,4.0,,26.452546290162314
ADI-45495,634.165296445677,38.0,1.0526315789473684,338.54407715268195,929.7865157386719,1.0,0.0,211.5559697941164,9.0,0.8888888888888888,93.05284342597436,330.0590961622584,3.0,0.0,304.9216111286332,12.0,1.0,94.02734452316689,515.8158777340994,1.0,2.0,469.62853858818977,31.0,1.064516129032258,93.85139439061484,845.4056827857647,2.0,4.0,,25.02766671553993
ADI-46691,711.6880535797486,35.0,0.9714285714285714,484.9868635377452,938.3892436217519,0.0,0.0,166.0727872255823,7.0,0.7142857142857143,91.5748497461665,240.5707247049981,2.0,0.0,476.97726834766297,16.0,1.0,13.862047200503696,940.0924894948222,3.0,1.0,523.3688633759335,36.0,1.0833333333333333,203.3066606125897,843.4310661392774,5.0,3.0,,27.66514586194279
ADI-45425,639.2856317041058,43.0,1.1627906976744187,525.2850778149907,753.2861855932208,1.0,0.0,169.37342824324782,7.0,0.8571428571428571,101.147638608822,237.59921787767365,4.0,0.0,263.89508142650607,10.0,0.9,112.26512763529658,415.5250352177155,2.0,2.0,392.6555287525698,30.0,1.1,117.10322220972692,668.2078352954127,2.0,4.0,,23.528351852581803
ADI-45451,814.8042036733344,44.0,1.0909090909090908,327.2548896157132,1302.3535177309557,1.0,3.0,159.371539712014,7.0,0.7142857142857143,96.82149797322067,221.9215814508073,2.0,0.0,511.4245804668627,15.0,0.8666666666666667,76.49017846068976,946.3589824730357,3.0,1.0,600.9214237523122,41.0,1.1219512195121952,150.66833322389664,1051.1745142807279,6.0,6.0,,27.12331456002932
ADI-45499,825.5515397813875,41.0,1.0731707317073171,671.3463282442509,979.7567513185243,0.0,0.0,154.54826298293312,7.0,0.7142857142857143,85.65301042600282,223.4435155398634,2.0,0.0,417.47031986079384,14.0,0.8571428571428571,27.72409440100739,807.2165453205803,3.0,1.0,565.7513568272276,41.0,1.1219512195121952,149.26270089487647,982.2400127595787,4.0,4.0,,23.586615197194938
ADI-45497,726.7471313570741,43.0,1.2093023255813953,427.1883654957758,1026.3058972183724,1.0,0.0,199.25909546955768,8.0,0.75,102.05543322200333,296.462757717112,2.0,0.0,490.00741134152054,16.0,1.0,17.433577280712765,962.5812454023282,3.0,1.0,486.7861793141622,38.0,1.131578947368421,154.6937606106964,818.8785980176281,4.0,5.0,,23.873392544335864
ADI-37123,648.0542880391729,39.0,0.9743589743589743,418.2028869077334,877.9056891706124,0.0,0.0,197.4045923821926,8.0,0.75,93.28685019076474,301.52233457362047,2.0,0.0,502.6524683798766,16.0,1.0,20.127136933998603,985.1777998257546,3.0,0.0,503.11836657040396,36.0,1.0833333333333333,195.02885718569493,811.207875955113,5.0,3.0,,26.520596814845206
ADI-37125,650.6214928359313,34.0,1.0,431.06060882478647,870.1823768470763,1.0,0.0,169.6039059522907,7.0,0.7142857142857143,91.34790109287118,247.8599108117102,2.0,0.0,500.2830163686861,15.0,0.9333333333333333,25.71138070760753,974.8546520297647,3.0,2.0,583.4090553278475,42.0,1.119047619047619,155.03135615725114,1011.7867544984438,4.0,4.0,,26.26141673898163
ADI-38503,641.7190360697479,38.0,1.105263157894737,451.27016020606425,832.1679119334314,0.0,0.0,219.1749707695779,8.0,0.875,96.3974248528881,341.95251668626764,4.0,0.0,258.1065608265852,10.0,0.9,140.523942049896,375.6891796032744,2.0,2.0,545.4130106191282,33.0,0.9696969696969697,95.60027713296623,995.22574410529,4.0,4.0,,25.42276935528972
ADI-47223,720.6913449981369,40.0,1.1,284.4803463452021,1156.9023436510715,2.0,0.0,162.97642303422867,7.0,0.7142857142857143,82.76232630567974,243.19051976277763,2.0,0.0,549.1490659066058,17.0,1.0,15.874760893903556,1082.423370919308,3.0,2.0,485.79962497315546,35.0,1.1142857142857143,183.40647233188642,788.1927776144245,5.0,3.0,,26.20049484905831
ADI-37124,646.7492704508717,39.0,1.0769230769230769,581.5545836564089,711.9439572453344,1.0,0.0,215.16798453165475,8.0,0.875,76.30717021664265,354.02879884666686,5.0,0.0,191.1608445347911,8.0,0.875,168.28491874865654,214.03677032092565,2.0,2.0,398.75878457650276,30.0,1.0666666666666667,81.35809722137817,716.1594719316274,0.0,4.0,,26.527421336311132
ADI-47176,584.0403688435619,33.0,1.121212121212121,261.8269500386969,906.2537876484269,0.0,0.0,206.02987690052544,9.0,0.6666666666666666,95.41021077742406,316.6495430236268,3.0,0.0,510.3792155113807,16.0,1.0,17.66052593400809,1003.0979050887534,3.0,2.0,510.7188530931603,36.0,1.0833333333333333,183.1795236785911,838.2581825077295,5.0,3.0,,26.182863350473745
ADI-47061,594.8294986058833,36.0,1.0,307.77611457356244,881.882882638204,2.0,1.0,154.4624870315146,6.0,1.0,15.874760893903558,293.05021316912564,4.0,0.0,241.1893566583675,9.0,0.8888888888888888,178.61231816670428,303.7663951500307,3.0,2.0,412.6840406211967,30.0,1.1,85.8005396170154,739.567541625378,0.0,4.0,,25.599139419582055
ADI-45402,765.8887054670473,40.0,1.15,428.34587483701546,1103.4315360970793,1.0,0.0,199.70310723126502,9.0,0.6666666666666666,93.62444573731952,305.78176872521055,4.0,0.0,481.56794155667205,15.0,1.0,58.41263751784415,904.7232455955,3.0,2.0,568.3867656004954,42.0,1.1428571428571428,158.79295259300238,977.9805786079886,6.0,6.0,,26.78887514738255
ADI-46701,758.3442649572311,36.0,1.0277777777777777,525.4523780957699,991.2361518186923,1.0,0.0,156.21702464064245,7.0,0.7142857142857143,95.4896302397068,216.9444190415781,2.0,0.0,506.16727176873735,15.0,0.8666666666666667,2.0127136933998604,1010.3218298440748,3.0,1.0,489.6676690399858,34.0,1.1176470588235294,201.44713097697888,777.8882071029927,5.0,3.0,,27.602716906818355
ADI-47286,786.3634177402636,42.0,1.0952380952380953,534.8084598971807,1037.9183755833465,0.0,1.0,144.84002958900584,7.0,0.7142857142857143,74.93842018537562,214.74163899263604,2.0,0.0,533.2488057523306,17.0,1.0,99.0541022084208,967.4435092962403,3.0,0.0,547.934117779683,41.0,1.1219512195121952,148.9563327792984,946.9119027800675,4.0,4.0,,26.61033668208119
ADI-47065,717.5360340566264,38.0,1.0263157894736843,294.49838266267545,1140.5736854505774,1.0,3.0,169.98403866337506,8.0,0.75,88.76358508812616,251.20449223862394,2.0,0.0,527.3184841320021,15.0,0.8,68.62939004263251,986.0075782213718,3.0,1.0,533.7473241465776,37.0,1.0810810810810811,197.42170359017916,870.0729447029762,5.0,4.0,,27.70462606104963
ADI-47287,760.1364388463489,41.0,1.048780487804878,409.57917318572737,1110.6937045069706,2.0,0.0,159.2949476831195,7.0,0.7142857142857143,95.07261523086927,223.5172801353697,2.0,0.0,490.7924534577506,15.0,1.0,17.887474587303416,963.6974323281978,3.0,1.0,554.0935557522376,40.0,1.1,150.7052155216498,957.4818959828254,5.0,4.0,,25.747943971954648
ADI-47071,671.0139582134766,40.0,1.05,397.4460910301513,944.581825396802,0.0,0.0,233.17521663091298,10.0,0.8,84.13107633694676,382.2193569248792,2.0,0.0,508.2913339777559,17.0,1.0,86.97782004802164,929.6048479074902,3.0,1.0,527.790037189306,40.0,1.1,141.2487284190302,914.3313459595818,6.0,6.0,,25.461647968908384
ADI-47072,770.734025704581,39.0,1.1025641025641026,525.9346963439,1015.533355065262,0.0,0.0,168.04508956548148,8.0,0.75,88.23026831925276,247.8599108117102,2.0,0.0,511.1182123512846,15.0,0.8666666666666667,41.13224429492043,981.1041804076489,3.0,1.0,520.9171644690721,37.0,1.1081081081081081,188.91695150998908,852.9173774281551,5.0,3.0,,28.63686374621338
ADI-45472,738.0197836447095,43.0,1.0930232558139534,494.1144049455829,981.925162343836,0.0,0.0,175.2831829036707,7.0,0.7142857142857143,105.66384559996554,244.9025202073759,4.0,0.0,204.1300092152425,8.0,0.875,186.4362242870084,221.82379414347662,2.0,2.0,496.00861776408937,32.0,0.96875,92.75353342189135,899.2637021062874,1.0,4.0,,25.254887846077146
ADI-47075,783.4414119411842,39.0,1.0,491.00083529846313,1075.8819885839055,0.0,0.0,170.17480664127655,7.0,0.7142857142857143,100.76750589773765,239.58210738481543,2.0,0.0,501.24118118408,15.0,0.8666666666666667,65.09474226017657,937.3876201079834,3.0,1.0,565.7670019586425,42.0,1.1428571428571428,158.3759375841649,973.15806633312,6.0,6.0,,26.900209684411433
ADI-47288,654.8300017706068,35.0,1.0,551.4489525844701,758.2110509567434,2.0,2.0,211.78574588079996,9.0,0.6666666666666666,97.31227757756447,326.25921418403544,2.0,0.0,399.0886099172277,14.0,1.0714285714285714,24.152564320798326,774.0246555136571,3.0,1.0,488.70954611249397,34.0,1.1176470588235294,171.71032288257163,805.7087693424163,5.0,3.0,,26.81350876861003
ADI-45404,716.7665323520561,40.0,1.1,497.50998489323996,936.0230798108722,3.0,1.0,172.68112737240844,8.0,0.75,95.26268158641147,250.09957315840538,2.0,0.0,443.99656687088947,13.0,0.8461538461538461,64.48766089579689,823.5054728459821,3.0,1.0,518.4874357668347,36.0,1.0833333333333333,181.58382499402876,855.3910465396407,4.0,3.0,,29.128250072162583
ADI-47076,580.4667338962748,34.0,1.0294117647058822,436.5130313706508,724.420436421899,0.0,0.0,209.03050629174865,9.0,0.6666666666666666,99.58882222201281,318.4721903614845,2.0,0.0,483.7572337011547,16.0,1.0,9.609671160408649,957.9047962419007,3.0,1.0,544.0753204672296,39.0,1.1538461538461537,156.70647430409622,931.444166630363,4.0,4.0,,24.313963030107338
ADI-47189,699.9210193281933,37.0,1.0,377.2167685591069,1022.6252700972797,0.0,0.0,194.2755765711927,9.0,0.6666666666666666,93.32373248851789,295.22742065386745,4.0,0.0,495.7278012687605,15.0,1.0,50.324900446491576,941.1307020910295,3.0,1.0,568.0888797850821,40.0,1.15,151.5392455393248,984.6385140308394,4.0,5.0,,25.48673685426184
ADI-47078,538.8535641259674,30.0,1.0666666666666667,328.19956652664763,749.5075617252871,0.0,0.0,161.57149232756782,7.0,0.7142857142857143,93.58756343956637,229.55542121556928,2.0,0.0,471.06681206488076,15.0,0.9333333333333333,17.887474587303416,924.246149542458,3.0,2.0,599.8284846120794,41.0,1.146341463414634,146.4897217793079,1053.1672474448508,5.0,4.0,,27.434013367196087
ADI-47190,636.176460286701,31.0,0.9354838709677419,410.80870877453833,861.5442117988637,2.0,2.0,200.82293840461264,9.0,0.7777777777777778,120.66063606694587,280.9852407422794,3.0,0.0,533.2679485235664,19.0,1.105263157894737,8.050854773599442,1058.4850422735333,3.0,2.0,451.43749190277,33.0,1.121212121212121,189.37084881657972,713.5041349889602,5.0,3.0,,26.158960569360435
ADI-47081,732.2067376781397,38.0,1.0263157894736843,427.44513833532926,1036.96833702095,3.0,0.0,147.7271846535814,7.0,0.7142857142857143,88.15650372374647,207.2978655834163,2.0,0.0,484.1345389788508,15.0,1.0,19.446290974112625,948.822786983589,3.0,2.0,532.4834928379651,40.0,1.125,152.03708325516368,912.9299024207663,7.0,5.0,,27.945673022432413
ADI-47194,705.3562573622424,37.0,1.027027027027027,541.9215073757815,868.7910073487034,0.0,0.0,242.42319622911384,10.0,0.7,98.22007219074578,386.6263202674819,2.0,0.0,410.05564807152183,14.0,1.0714285714285714,17.887474587303416,802.2238215557402,3.0,1.0,494.8441550311098,35.0,1.1142857142857143,207.33208799938942,782.3562220628302,5.0,4.0,,26.746528461403884
ADI-47193,756.2640698536321,39.0,1.0256410256410255,460.482587447402,1052.0455522598622,0.0,2.0,301.4393860555902,12.0,0.9166666666666666,145.65428851691428,457.2244835942661,2.0,0.0,509.06721311541304,17.0,1.0588235294117647,13.408149893913043,1004.726276336913,3.0,2.0,493.51222446574286,37.0,1.1081081081081081,178.239243567115,808.7852053643708,5.0,3.0,,27.05366945687465
ADI-47291,722.1182144934953,43.0,1.1627906976744187,517.6215395276768,926.6148894593139,0.0,0.0,164.66715489656212,7.0,0.7142857142857143,98.22007219074578,231.11423760237847,2.0,0.0,517.3485455980554,17.0,1.0,94.57477751503043,940.1223136810803,3.0,1.0,553.3644758731435,41.0,1.1219512195121952,148.72938412600308,957.999567620284,5.0,4.0,,25.520443440450794
ADI-47082,723.0834478923597,38.0,1.0526315789473684,582.7147528794286,863.4521429052908,4.0,0.0,167.7046665855385,8.0,0.75,95.7903434885084,239.61898968256855,2.0,0.0,440.6931717236643,13.0,1.0769230769230769,86.02043015881567,795.365913288513,3.0,1.0,519.1576631435515,37.0,1.0810810810810811,190.96654750114206,847.348778785961,5.0,4.0,,28.347276924518752
ADI-47197,644.3685401220548,38.0,1.0263157894736843,312.61986401476923,976.1172162293404,1.0,1.0,167.9500563877104,8.0,0.75,93.55068114181321,242.34943163360757,2.0,0.0,418.47525251882416,13.0,0.6923076923076923,45.194553979473305,791.755951058175,3.0,1.0,521.6568629313352,37.0,1.0810810810810811,193.69698945218104,849.6167364104896,5.0,3.0,,28.89570387688651
ADI-47085,727.3159271789821,35.0,0.9714285714285714,422.2708514590627,1032.3610028989012,1.0,1.0,162.44593369874352,7.0,0.7142857142857143,94.00457844840388,230.88728894908317,2.0,0.0,504.26590659095626,17.0,1.0588235294117647,15.647812240608229,992.8840009413043,3.0,2.0,562.6372531093567,41.0,1.1219512195121952,157.9220402775742,967.3524659411391,5.0,6.0,,26.546585235846802
ADI-47084,641.0001244788758,37.0,1.0810810810810811,274.24648261242726,1007.7537663453245,1.0,0.0,327.9847025330931,13.0,0.9230769230769231,77.17808253207082,578.7913225341155,3.0,0.0,512.7025489424166,18.0,1.0555555555555556,106.8780083287249,918.5270895561081,3.0,2.0,495.68950525431325,35.0,1.0857142857142856,190.73254073635167,800.6464697722748,5.0,3.0,,26.492990076653566
ADI-47087,764.9249800326567,38.0,1.0526315789473684,707.1131511658605,822.7368088994527,5.0,0.0,150.34768133372026,7.0,0.7142857142857143,87.73948871490897,212.95587395253153,2.0,0.0,507.2771964532506,15.0,0.8666666666666667,25.71138070760753,988.8430121988937,3.0,1.0,513.5308089015845,38.0,1.1578947368421053,148.3492514149187,878.7123663882502,5.0,4.0,,27.845857624462507
ADI-47292,819.5078904420687,39.0,1.0512820512820513,653.5398648595082,985.4759160246293,4.0,0.0,209.73332245625875,9.0,0.7777777777777778,97.15909351977544,322.307551392742,2.0,0.0,509.0742712269081,16.0,1.0,17.66052593400809,1000.4880165198081,3.0,1.0,585.9054590981696,42.0,1.119047619047619,163.5431663489363,1008.2677518474027,4.0,4.0,,26.107660875243862
ADI-47200,717.8380981902691,34.0,0.8823529411764706,457.95492483017676,977.7212715503613,8.0,7.0,159.7672861385867,7.0,0.7142857142857143,89.5252537550135,230.00931852215993,2.0,0.0,492.32153990608134,16.0,1.0,21.912901974103136,962.7301778380595,3.0,0.0,537.839321881707,40.0,1.15,141.21184612127703,934.4667976421368,4.0,5.0,,26.340730297218457
ADI-47089,591.0146521746536,34.0,1.0588235294117647,433.4862744005252,748.543029948782,0.0,0.0,230.06188783923,8.0,0.875,111.24808937357446,348.87568630488556,4.0,0.0,249.95008570797208,10.0,0.9,178.385369513409,321.51480190253517,2.0,2.0,372.4482393180026,29.0,1.103448275862069,97.30662271078802,647.5898559252172,2.0,4.0,,24.704047151310444
ADI-47090,613.6233122017718,40.0,1.05,521.5563005504939,705.6903238530497,1.0,0.0,240.95240726845824,8.0,0.75,98.94485855987998,382.9599559770365,3.0,0.0,257.9682888619252,10.0,0.9,104.89511882158313,411.04145890226727,2.0,2.0,523.0597201868447,33.0,1.0606060606060606,105.97161696026221,940.1478234134274,3.0,4.0,,24.974928333088894
ADI-47202,697.5955077262511,39.0,1.1538461538461537,395.3241336882106,999.8668817642914,1.0,0.0,202.4214645225632,9.0,0.7777777777777778,93.81451209286169,311.02841695226476,3.0,0.0,517.3712174250387,18.0,1.0,11.622384853808509,1023.120049996269,4.0,2.0,572.0157868262653,42.0,1.119047619047619,144.6670744414502,999.3644992110803,7.0,5.0,,24.700854672529253
ADI-47203,682.2795628615925,36.0,1.0555555555555556,470.52479308435693,894.0343326388281,3.0,2.0,200.73143428258908,9.0,0.6666666666666666,87.39623830157775,314.06663026360036,2.0,0.0,511.3827449246924,15.0,1.0,61.370028122178475,961.3954617272063,3.0,1.0,492.3803714645075,35.0,1.1142857142857143,178.1654789716087,806.5952639574064,5.0,3.0,,26.74996578526478
ADI-47294,599.3322176925673,32.0,1.03125,352.75643287801194,845.9080025071227,4.0,2.0,192.71676018438347,9.0,0.6666666666666666,87.73948871490896,297.69403165385796,4.0,0.0,511.6344912160001,15.0,1.0,47.281032268379455,975.9879501636207,4.0,1.0,508.01823532837943,38.0,1.105263157894737,164.7942113754488,851.24225928131,4.0,6.0,,27.63070043781727
ADI-47091,654.6058072468711,37.0,1.135135135135135,457.8259100918693,851.3857044018729,1.0,0.0,330.9775512465109,11.0,0.8181818181818182,88.76358508812618,573.1915174048956,3.0,0.0,504.2843477398328,15.0,1.0666666666666667,68.35990422480756,940.208791254858,3.0,2.0,504.21975659487504,36.0,1.0833333333333333,195.02885718569493,813.4106560040551,5.0,3.0,,25.266891973830866
ADI-47296,795.0319201015343,39.0,1.0769230769230769,617.9406773218941,972.1231628811746,2.0,0.0,158.285061780672,7.0,0.7142857142857143,97.5392262308598,219.03089733048424,2.0,0.0,542.6436129191846,17.0,1.0,98.82715355512548,986.4600722832439,3.0,0.0,577.3155908010182,41.0,1.1219512195121952,169.99832243797337,984.6328591640629,5.0,4.0,,27.6798170225633
ADI-47092,803.3025188092769,41.0,1.024390243902439,445.1908852060537,1161.4141524125,2.0,2.0,161.30413232077183,6.0,0.8333333333333334,107.41272834231694,215.19553629922672,4.0,0.0,209.60713515133952,8.0,0.875,109.79851663530607,309.415753667373,2.0,2.0,474.52554849685043,31.0,1.032258064516129,95.4470930751772,853.6040039185236,2.0,4.0,,24.018124493675998
ADI-47206,684.8170796077745,42.0,1.0952380952380953,458.61034483351966,911.0238143820294,0.0,0.0,234.70923537970987,10.0,0.8,97.64987312411924,371.7685976353005,2.0,0.0,497.30012650398015,17.0,1.0588235294117647,11.622384853808509,982.9778681541518,3.0,2.0,577.8432527031151,42.0,1.119047619047619,154.76752520620266,1000.9189802000275,5.0,4.0,,26.49638143163041
ADI-47094,805.8783210979307,38.0,1.0526315789473684,475.764383199916,1135.9922589959453,1.0,0.0,160.3963377075905,7.0,0.7142857142857143,95.71657889300212,225.0760965221789,2.0,0.0,493.02012539248454,15.0,1.0,29.73680809440725,956.3034426905618,5.0,1.0,633.2077704207893,43.0,1.1395348837209303,141.05866206348801,1125.3568787780905,7.0,6.0,,25.621245113672344
ADI-47207,573.5902378725139,32.0,1.0,410.51505363723174,736.665422107796,0.0,0.0,169.6804979811852,7.0,0.7142857142857143,99.39875586647062,239.9622400958998,2.0,0.0,510.2948637486318,15.0,0.8666666666666667,63.2720949223189,957.3176325749447,3.0,2.0,568.7271885804385,42.0,1.1428571428571428,152.37467880171843,985.0796983591586,6.0,6.0,,26.37358153358192
ADI-47208,859.4933382266983,39.0,1.0512820512820513,600.3200286706356,1118.666647782761,0.0,0.0,235.87230533994637,10.0,0.8,90.54935012823071,381.19526055166205,3.0,0.0,496.06682100398496,16.0,1.0,15.647812240608229,976.4858297673617,3.0,2.0,493.6214681142837,35.0,1.0857142857142856,192.25447482540773,794.9884614031596,5.0,3.0,,27.162194526460105
ADI-47095,574.8499118068482,27.0,0.8888888888888888,322.9756843743565,826.7241392393399,0.0,2.0,158.1531463051478,8.0,0.75,85.65301042600282,230.65328218429275,2.0,0.0,443.9235772015711,13.0,1.0,44.7037743751295,843.1433800280126,3.0,0.0,579.8084655155926,41.0,1.1219512195121952,158.60288623746018,1001.0140447937251,4.0,5.0,,29.38103407724915
ADI-47096,651.6519456982843,37.0,1.135135135135135,487.5328940000185,815.7709973965501,3.0,2.0,256.7589118259748,10.0,0.8,73.0788905497648,440.43893310218476,3.0,0.0,506.7161813091481,15.0,1.0666666666666667,51.306459655179175,962.125902963117,4.0,2.0,544.8150503454194,41.0,1.1219512195121952,153.09806192613402,936.5320387647047,4.0,4.0,,25.335624381552524
ADI-47097,596.4916838629711,36.0,0.9166666666666666,406.59321503219644,786.3901526937457,1.0,1.0,150.95546432045924,7.0,0.7142857142857143,83.97789227915771,217.93303636176074,3.0,0.0,520.822215067105,15.0,1.0,90.08273984336853,951.5616902908416,4.0,2.0,524.6497011727776,36.0,1.0833333333333333,194.95509259018863,854.3443097553666,4.0,3.0,,28.00366391654649
ADI-47298,852.9601240321949,44.0,1.1136363636363635,617.8953336679272,1088.0249143964625,1.0,0.0,198.73646011570648,9.0,0.7777777777777778,94.23152710169921,303.24139312971374,2.0,0.0,505.2545239111389,16.0,1.0,13.862047200503696,996.6470006217742,3.0,1.0,527.7686953032126,39.0,1.1538461538461537,141.02177976573486,914.5156108406903,6.0,3.0,,24.942279947126085
ADI-47299,569.7712864268835,28.0,1.0714285714285714,343.072997122097,796.46957573167,0.0,0.0,152.9894465961239,7.0,0.7142857142857143,85.4260617727075,220.55283141954033,2.0,0.0,520.469005805062,15.0,0.8666666666666667,59.774329437616124,981.1636821725078,3.0,1.0,511.26778357752204,36.0,1.0833333333333333,185.83620103412377,836.6993661209203,5.0,3.0,,28.149943230977517
ADI-47098,618.0855256871756,37.0,1.135135135135135,534.0864800174837,702.0845713568675,0.0,0.0,170.47834732346638,7.0,0.8571428571428571,91.99186475500403,248.96482989192876,4.0,0.0,200.4265636595092,8.0,0.875,178.76550222449333,222.0876250945251,2.0,2.0,487.0260294412883,32.0,1.0625,93.888276688368,880.1637821942086,1.0,4.0,,25.06102652005278
ADI-47212,784.2138039109958,38.0,1.131578947368421,599.279009584991,969.1485982370007,1.0,0.0,214.91193425841166,9.0,0.6666666666666666,127.16679067672622,302.6570778400971,2.0,0.0,460.11036107782917,15.0,0.9333333333333333,13.862047200503696,906.3586749551546,3.0,2.0,561.2685030780897,42.0,1.119047619047619,142.84442710359255,979.6925790525868,4.0,3.0,,26.871806542764585
ADI-47214,712.1100008890522,39.0,0.9743589743589743,392.8177920131277,1031.4022097649768,0.0,0.0,232.01920478217156,10.0,0.9,90.58623242598385,373.4521771383593,3.0,0.0,521.3775020406026,17.0,1.0588235294117647,88.9905337414215,953.7644703397837,3.0,1.0,481.9303137972881,35.0,1.1142857142857143,186.2532160429613,777.6074115516149,5.0,3.0,,26.035759013800764
ADI-47102,719.8601424138501,41.0,1.0731707317073171,312.05531981491913,1127.664965012781,3.0,0.0,155.17095806280113,7.0,0.7142857142857143,85.95372367480442,224.38819245079787,2.0,0.0,387.49880337923685,14.0,0.8571428571428571,15.874760893903556,759.1228458645702,3.0,2.0,541.3158187841449,39.0,1.1538461538461537,156.0625106419634,926.5691269263265,4.0,3.0,,26.366338709989154
ADI-47103,771.9395595255185,33.0,1.0,508.2755736546104,1035.6035453964264,1.0,0.0,164.4402062432668,7.0,0.7142857142857143,93.09678383522257,235.78362865131103,2.0,0.0,422.49715084987633,14.0,1.0,75.23207532268216,769.7622263770704,3.0,2.0,545.964642873172,40.0,1.1,144.02311077931736,947.9061749670266,4.0,4.0,,28.490659465668195
ADI-47107,654.3002350014319,32.0,0.9375,464.4370567281327,844.1634132747313,3.0,2.0,197.7151911758775,9.0,0.6666666666666666,93.55068114181321,301.8797012099418,2.0,0.0,467.1399469115997,15.0,1.0666666666666667,41.27977348593301,893.0001203372663,3.0,2.0,540.0868067941095,39.0,1.1538461538461537,149.87118550397477,930.3024280842444,4.0,5.0,,27.262468421522374
ADI-47220,715.0524794002575,39.0,1.0,415.09231224561006,1015.0126465549049,0.0,0.0,164.32673191661914,7.0,0.7142857142857143,95.94352754629745,232.70993628694083,2.0,0.0,479.02899014984484,16.0,1.0,13.862047200503696,944.195933099186,3.0,1.0,491.6201060423388,36.0,1.0833333333333333,183.25894314087384,799.9812689438038,5.0,3.0,,26.61062082570337
ADI-47111,770.9338309973492,39.0,1.0512820512820513,544.6475510971055,997.220110897593,1.0,2.0,159.88076046523437,7.0,0.7142857142857143,87.54942235936679,232.212098571102,2.0,0.0,503.26597953722063,15.0,0.8666666666666667,137.8233242851151,868.7086347893262,3.0,2.0,504.1006169294754,36.0,1.1388888888888888,171.2493674644859,836.9518663944648,6.0,5.0,,26.48502647365804
ADI-47303,630.8058238695852,31.0,0.967741935483871,397.5353750933663,864.076272645804,1.0,0.0,163.92462900091067,7.0,0.7142857142857143,95.41021077742404,232.43904722439729,2.0,0.0,519.9087655871473,15.0,0.8666666666666667,27.724094401007388,1012.0934367732872,3.0,1.0,566.4357318428612,42.0,1.119047619047619,150.51514916610762,982.3563145196147,5.0,3.0,,26.516253004982673
ADI-47221,715.7702076578967,40.0,1.15,454.1749605493775,977.3654547664157,3.0,0.0,229.54553567068598,10.0,0.8,85.95372367480444,373.1373476665675,3.0,0.0,472.7050479139727,16.0,1.0,11.849333507103834,933.5607623208416,3.0,1.0,488.4400288787425,35.0,1.0857142857142856,177.97541261606654,798.9046451414185,5.0,3.0,,20.527785115728136
ADI-47222,745.5331433312062,40.0,0.9,446.9353697186901,1044.1309169437225,0.0,0.0,298.0068295624004,12.0,0.9166666666666666,96.62437350618343,499.38928561861735,3.0,0.0,469.707947578497,17.0,1.0,11.622384853808509,927.7935103031855,3.0,1.0,492.1364163229808,35.0,1.0857142857142856,199.35499782129628,784.9178348246653,5.0,3.0,,25.39761616961598
ADI-47305,726.6109118996144,44.0,1.0909090909090908,445.39791616192525,1007.8239076373036,4.0,1.0,160.33818682757257,7.0,0.7142857142857143,93.32373248851789,227.35264116662722,2.0,0.0,510.0778006402198,16.0,1.0,15.647812240608229,1004.5077890398314,3.0,1.0,485.2670726584944,37.0,1.135135135135135,172.80818385129513,797.7259614656937,4.0,5.0,,24.80971215729354
ADI-47114,642.3267457526582,36.0,1.0,507.1394271434152,777.5140643619012,3.0,0.0,148.35340878919695,7.0,0.7142857142857143,80.29571530568921,216.4111022727047,2.0,0.0,494.4441988703813,15.0,0.8666666666666667,57.46090249541464,931.4274952453479,3.0,2.0,495.4951768047377,36.0,1.0833333333333333,179.4973467051226,811.4930069043528,5.0,3.0,,27.62688600314729
ADI-47226,725.8025486939192,39.0,1.0512820512820513,420.4127250681705,1031.192372319668,3.0,0.0,291.43749752435633,12.0,0.9166666666666666,134.71274962299174,448.162245425721,2.0,0.0,526.1454553230537,18.0,1.0555555555555556,85.1920550079171,967.0988556381905,3.0,1.0,520.0363666087607,36.0,1.0833333333333333,201.78472652353364,838.2880066939875,5.0,3.0,,26.09286931235131
ADI-47227,712.5993563047264,38.0,0.9736842105263158,376.44645004044673,1048.752262569006,0.0,0.0,206.42915238284567,9.0,0.6666666666666666,90.54935012823071,322.3089546374606,2.0,0.0,406.055091626563,13.0,0.8461538461538461,64.64084495358593,747.4693382995401,3.0,1.0,507.49839599198987,36.0,1.0833333333333333,170.37845514905774,844.618336834922,5.0,3.0,,26.40483839678139
ADI-47118,754.1145816880704,40.0,1.125,551.3326508244344,956.8965125517066,2.0,0.0,250.76205127324337,10.0,0.8,83.75094362586239,417.7731589206243,4.0,0.0,421.3667325092861,12.0,0.8333333333333334,8.050854773599442,834.6826102449728,3.0,2.0,542.0981277147663,41.0,1.146341463414634,156.81712119735568,927.379134232177,4.0,4.0,,26.227538778266997
ADI-47306,663.3310362994902,40.0,1.0,341.49847277201985,985.1635998269604,0.0,0.0,200.31371765139227,9.0,0.7777777777777778,89.56213605276665,311.06529925001786,3.0,0.0,403.4593925844365,13.0,0.9230769230769231,37.78766286800669,769.1311223008663,3.0,2.0,529.9715486559832,37.0,1.054054054054054,207.2952057016363,852.6478916103301,4.0,4.0,,25.915032428460048
ADI-47267,654.8463171084544,40.0,1.125,431.9713984229642,877.7212357939446,1.0,0.0,160.3963377075905,7.0,0.7142857142857143,91.50108515066022,229.2915902645208,2.0,0.0,479.9835526056626,16.0,1.0,15.874760893903556,944.0923443174216,3.0,1.0,486.471318426444,36.0,1.0833333333333333,172.42805114021075,800.5145857126772,5.0,3.0,,27.02054262665062
ADI-47307,735.6532637866624,37.0,0.972972972972973,348.89124766049633,1122.4152799128283,1.0,1.0,153.21639524941924,7.0,0.7142857142857143,86.10690773259347,220.325882766245,2.0,0.0,503.3602377888039,15.0,1.0,25.030534747721553,981.6899408298862,3.0,2.0,514.650640074932,40.0,1.125,142.77066250808625,886.5306176417778,6.0,4.0,,26.33408595201556
ADI-47228,643.4415503777601,39.0,0.9487179487179487,324.4081459046383,962.4749548508819,3.0,0.0,181.18940850834608,8.0,0.75,99.74200627980184,262.63681073689025,2.0,0.0,420.66036634507753,12.0,0.75,41.359192948215764,799.9615397419393,3.0,1.0,503.27507968394053,37.0,1.0810810810810811,162.29071807770515,844.2594412901759,5.0,5.0,,27.86080189800811
ADI-47310,585.7751144189721,35.0,1.0285714285714285,308.07682782236407,863.4734010155802,0.0,0.0,315.9007653585947,13.0,0.9230769230769231,127.28474700889302,504.51678370829643,3.0,0.0,501.46735491118744,18.0,1.0,17.206628627417434,985.7280811949574,3.0,1.0,551.9013942864647,41.0,1.1219512195121952,152.56474515726063,951.2380434156688,4.0,5.0,,26.530424988684874
ADI-47229,746.7302681558077,41.0,1.0975609756097562,493.66457076549096,999.7959655461244,0.0,0.0,239.2722102134898,10.0,0.8,92.59894611938371,385.94547430759593,3.0,0.0,535.9160702751059,18.0,1.0,13.635098547208369,1058.1970420030034,3.0,1.0,484.2422746629179,35.0,1.0857142857142856,199.43441728357902,769.0501320422568,5.0,3.0,,25.78446579585366
ADI-47230,778.3267001336053,35.0,0.9714285714285714,579.9631365939044,976.6902636733063,0.0,0.0,205.707895069459,9.0,0.7777777777777778,100.73062359998451,310.6851665389335,2.0,0.0,486.67774200773584,16.0,1.0,13.862047200503694,959.4934368149679,3.0,1.0,593.9839389431695,42.0,1.119047619047619,156.85965836188527,1031.1082195244537,8.0,5.0,,26.456278302829297
ADI-47124,667.6431026000033,41.0,1.0975609756097562,514.9961524349739,820.2900527650329,6.0,0.0,173.19387718137634,7.0,0.7142857142857143,103.42418325327036,242.9635711094823,2.0,0.0,215.64032298712198,9.0,0.8888888888888888,170.14444838426735,261.1361975899766,2.0,2.0,504.4772205848122,32.0,1.0,85.3097600126716,923.6446811569527,1.0,4.0,,25.707737652534057
ADI-47125,722.8536403897496,39.0,1.1025641025641026,446.34965118435474,999.3576295951444,0.0,0.0,400.45032278095067,14.0,0.7857142857142857,143.21909344345966,657.6815521184417,3.0,0.0,488.8088623282495,17.0,1.0,13.635098547208369,963.9826261092907,3.0,1.0,562.2210025547316,41.0,1.1219512195121952,175.80951486487766,948.6324902445855,5.0,6.0,,24.229970656974128
ADI-47127,698.5443420114636,41.0,0.975609756097561,403.81177456041416,993.2769094625132,3.0,1.0,313.8552953257934,13.0,0.9230769230769231,88.53663643483085,539.173954216756,3.0,0.0,514.0159755270538,18.0,1.1666666666666667,115.4565250044213,912.5754260496864,3.0,2.0,510.5174665320897,36.0,1.1111111111111112,188.99071610549535,832.044216958684,5.0,3.0,,24.489259679880767
ADI-47234,755.0315602237757,40.0,1.125,589.1146588256645,920.948461621887,2.0,0.0,205.15543552934972,9.0,0.7777777777777778,93.55068114181321,316.76018991688625,3.0,0.0,520.6378035783393,18.0,1.0,7.823906120304115,1033.4517010363747,3.0,1.0,529.5956361510301,39.0,1.1538461538461537,152.71792921504965,906.4733430870107,4.0,4.0,,25.30778664783672
ADI-47312,725.3040617155987,37.0,1.027027027027027,334.78953882842575,1115.8185846027716,0.0,0.0,302.14573127584777,12.0,0.9166666666666666,93.05284342597436,511.2386191257212,3.0,0.0,489.68119883234726,16.0,1.0,15.647812240608229,963.7145854240863,3.0,1.0,485.1167160340936,35.0,1.0857142857142856,191.83745981657023,778.395972251617,5.0,4.0,,26.852201687010492
ADI-47236,674.5883471430005,38.0,1.0789473684210527,267.28217907399835,1081.8945152120025,2.0,0.0,203.3512293403686,9.0,0.7777777777777778,95.3733284796709,311.32913020106633,2.0,0.0,526.9837160188356,18.0,1.0,91.00324743482136,962.9641846028499,3.0,1.0,574.1582482962584,42.0,1.119047619047619,145.12097174804086,1003.1955248444758,4.0,4.0,,24.842103882249766
ADI-47249,766.2801269677336,43.0,1.1395348837209303,352.3662470704361,1180.1940068650313,0.0,0.0,160.85023501418115,7.0,0.7142857142857143,99.55193992425964,222.14853010410266,2.0,0.0,489.1577676083572,16.0,1.0,19.446290974112625,958.8692442426017,3.0,1.0,483.0004449748559,34.0,1.1176470588235294,202.77899871049277,763.2218912392191,5.0,3.0,,26.029720683109197
ADI-47129,612.2459646786094,39.0,1.0769230769230769,212.35019583287044,1012.1417335243484,2.0,2.0,151.33559703154359,7.0,0.7142857142857143,78.3198839100425,224.3513101530447,2.0,0.0,498.12983159576874,16.0,0.9375,29.73680809440725,966.5228550971302,3.0,1.0,491.0541690697456,36.0,1.0833333333333333,185.45606832303943,796.6522698164518,5.0,4.0,,25.806116974522965
ADI-47131,765.1185544999953,40.0,1.075,571.3052004559253,958.9319085440654,3.0,1.0,324.78977610822085,13.0,0.9230769230769231,92.86277707043217,556.7167751460096,3.0,0.0,488.32020853493464,16.0,1.0,47.28103226837945,929.3593848014898,3.0,2.0,512.2819629899294,36.0,1.0833333333333333,183.59653868742862,840.9673872924302,5.0,3.0,,24.356257849099308
ADI-47246,814.111566269022,41.0,1.0975609756097562,497.3610524575088,1130.8620800805352,2.0,0.0,143.72019841565825,7.0,0.7142857142857143,80.29571530568921,207.14468152562728,2.0,0.0,522.9732007251649,16.0,0.8125,2.0127136933998604,1043.9336877569299,3.0,0.0,508.7026103440129,36.0,1.0833333333333333,189.6346797676282,827.7705409203976,4.0,3.0,,27.079261192338887
ADI-47133,744.467933982129,38.0,1.131578947368421,476.99425389194334,1011.9416140723148,0.0,0.0,152.47386935376775,7.0,0.7142857142857143,86.59768733693727,218.35005137059827,2.0,0.0,506.1934726514683,17.0,1.0,19.44629097411262,992.940654328824,3.0,1.0,552.8666067413782,41.0,1.1219512195121952,152.49098056175433,953.2422329210019,4.0,4.0,,26.700228783821764
ADI-47134,749.8033322016472,40.0,1.1,499.8730071114661,999.7336572918282,1.0,0.0,156.04539943397685,7.0,0.7142857142857143,84.09419403919361,227.99660482876007,2.0,0.0,480.6552146430246,15.0,0.8666666666666667,59.056601179976994,902.2538281060722,3.0,1.0,514.3747663520447,36.0,1.0833333333333333,200.38615230600854,828.363380398081,5.0,3.0,,26.724181223606802
ADI-47316,787.6667702844584,39.0,1.1538461538461537,527.3828658374497,1047.9506747314672,3.0,0.0,166.5848354121909,7.0,0.8571428571428571,103.61424960881253,229.55542121556928,5.0,0.0,338.90656458502866,12.0,0.8333333333333334,142.95367075213335,534.8594584179239,2.0,2.0,559.8174956791762,33.0,0.9696969696969697,166.31614546450487,953.3188458938474,2.0,4.0,,25.28159016006283
ADI-47239,748.1651487124327,39.0,1.0512820512820513,454.6060917812051,1041.7242056436603,1.0,1.0,214.7466655408818,9.0,0.7777777777777778,99.13492491542215,330.35840616634147,3.0,0.0,510.153691046755,18.0,1.0,89.40754875025901,930.8998333432511,3.0,1.0,568.5143875660598,42.0,1.119047619047619,150.7052155216498,986.3235596104698,4.0,5.0,,24.145138034402436
ADI-47240,874.111975185966,44.0,1.1363636363636365,332.5186490507539,1415.705301321178,1.0,0.0,205.72633621833558,9.0,0.7777777777777778,91.80179839946183,319.6508740372093,2.0,0.0,539.0897281177132,18.0,1.0,11.622384853808509,1066.557071381618,3.0,1.0,499.58371878794804,36.0,1.0833333333333333,191.87434211432338,807.2930954615728,5.0,3.0,,22.458077170354183
ADI-47241,707.9880637759343,39.0,1.1282051282051282,441.0973480905241,974.8787794613443,0.0,2.0,162.76791552980993,7.0,0.7142857142857143,89.942268763851,235.59356229576886,2.0,0.0,533.107004731923,17.0,1.0,99.0541022084208,967.1599072554252,3.0,2.0,499.8007085925315,36.0,1.1111111111111112,182.45473730945693,817.1466798756061,5.0,4.0,,24.801142429160763
ADI-47139,709.8985186284597,44.0,1.1363636363636365,507.4471985037119,912.3498387532076,0.0,0.0,212.77083414523509,9.0,0.8888888888888888,87.24165099907012,338.3000172914001,3.0,0.0,235.1100083545283,10.0,1.1,93.99046222541375,376.2295544836429,1.0,2.0,411.4315295181125,31.0,1.1290322580645162,113.72175848506004,709.1413005511649,0.0,4.0,,23.86329638343808
ADI-47181,659.6781075536265,36.0,1.0277777777777777,520.4343330941418,798.9218820131113,1.0,3.0,169.47199047676645,7.0,0.7142857142857143,97.34915987531761,241.5948210782153,2.0,0.0,499.92062318411905,16.0,1.0,15.874760893903556,983.9664854743345,3.0,1.0,554.0913880533067,39.0,1.1538461538461537,162.36448267321146,945.8182934334018,5.0,6.0,,27.893991503238414
ADI-47248,714.2134961381653,39.0,1.1538461538461537,488.74845997349644,939.6785323028342,1.0,0.0,288.3198647507379,11.0,0.8181818181818182,87.73948871490897,488.9002407865669,3.0,0.0,477.17298956998155,16.0,1.0,15.874760893903556,938.4712182460596,3.0,2.0,507.2650908495588,36.0,1.0833333333333333,195.48275449228558,819.047427206832,5.0,4.0,,25.674523526398907
ADI-47141,742.1970965643347,37.0,1.027027027027027,476.5742438981094,1007.8199492305602,2.0,0.0,155.05748373615347,7.0,0.7142857142857143,94.8825488753271,215.23241859697984,2.0,0.0,499.76743912633,15.0,1.0,45.6853335838171,953.8495446688429,3.0,1.0,485.5628221909033,34.0,1.1176470588235294,193.66010715442792,777.4655372273788,5.0,3.0,,26.38008086093356
ADI-47250,788.9235330096005,41.0,1.2439024390243902,382.74289286862444,1195.1041731505766,2.0,0.0,231.19938523526628,10.0,0.9,96.5874912084303,365.8112792621023,2.0,0.0,507.25515294479794,17.0,1.0,17.66052593400809,996.8497799555878,3.0,1.0,514.6123650044358,38.0,1.105263157894737,172.42805114021075,856.7966788686608,5.0,5.0,,25.615386140610795
ADI-47251,683.3737481669112,37.0,1.027027027027027,304.0484054505679,1062.6990908832547,1.0,0.0,157.864517716087,8.0,0.875,92.21881340829934,223.51022202387463,3.0,0.0,227.6932107542274,8.0,1.0,26.165278014198186,429.22114349425664,3.0,1.0,488.36626428323626,36.0,1.0833333333333333,179.60799359838205,797.1245349680904,5.0,4.0,,29.004882034503204
ADI-47252,824.2019115774054,40.0,1.05,696.3611550287045,952.0426681261063,2.0,0.0,207.0000530718315,9.0,0.7777777777777778,89.48837145726036,324.5117346864027,2.0,0.0,514.5478681072576,18.0,1.0,11.849333507103836,1017.2464027074113,3.0,1.0,491.7995223987853,35.0,1.0857142857142856,187.5850837764752,796.0139610210955,5.0,3.0,,27.382918171873875
ADI-47145,734.0547586126628,36.0,1.1111111111111112,320.38271851783855,1147.726798707487,0.0,0.0,160.20274229630078,7.0,0.7142857142857143,94.68542440828985,225.72006018431173,2.0,0.0,503.8467657710898,15.0,0.9333333333333333,66.61667634923265,941.0768551929469,3.0,1.0,512.6727142841829,37.0,1.0810810810810811,196.85150452355262,828.4939240448132,5.0,3.0,,26.70908891708583
ADI-47254,619.7251438370351,35.0,1.1142857142857143,359.5491845136038,879.9011031604665,0.0,0.0,156.82480762738143,7.0,0.7142857142857143,95.4896302397068,218.1599850150561,2.0,0.0,505.25947715555606,15.0,0.8666666666666667,21.685953320807812,988.8330009903043,3.0,1.0,504.1310799062397,35.0,1.0857142857142856,191.23037845219054,817.0317813602887,5.0,3.0,,26.301896990555807
ADI-47146,814.9432715081333,39.0,1.0512820512820513,473.0764784134066,1156.8100646028602,0.0,0.0,230.6135724531514,10.0,0.7,80.90279667006891,380.3243482362339,3.0,0.0,506.7012901599701,16.0,1.0,19.900188280703276,993.5023920392368,3.0,1.0,560.1089621736007,41.0,1.146341463414634,151.15911282824044,969.058811518961,5.0,7.0,,26.48431989819067
ADI-47147,757.2974443971528,40.0,1.175,592.4947193056128,922.1001694886929,3.0,0.0,294.4388285379389,12.0,0.9166666666666666,92.7890124749259,496.08864460095185,3.0,0.0,400.076525615051,14.0,1.0714285714285714,22.139850627398467,778.0132006027036,3.0,1.0,519.3547561946623,41.0,1.146341463414634,150.55203146386074,888.1574809254638,4.0,6.0,,25.010859854577998
ADI-45489,643.2592332840968,36.0,1.1111111111111112,580.3234353833691,706.1950311848244,3.0,0.0,280.1931928744319,10.0,0.8,97.38604217307076,463.00034357579295,4.0,0.0,512.4124961646861,15.0,1.0,64.7883741445985,960.0366181847736,3.0,2.0,580.5984922921664,42.0,1.119047619047619,152.7548115128028,1008.4421730715301,4.0,5.0,,26.06184539037643
ADI-47165,765.7722570993543,38.0,1.0526315789473684,514.8697975784464,1016.6747166202621,0.0,0.0,156.17731490950106,7.0,0.7142857142857143,93.32373248851789,219.03089733048424,2.0,0.0,485.9415726012201,15.0,1.0,21.459004667512485,950.4241405349278,3.0,2.0,563.4748121827793,42.0,1.119047619047619,143.48839076572537,983.4612335998331,4.0,4.0,,28.11597053997661
ADI-47148,622.5592478736671,35.0,1.1428571428571428,322.9089778903452,922.2095178569889,4.0,0.0,315.419232508628,13.0,0.9230769230769231,133.074702269459,497.763762747797,2.0,0.0,534.8473318702811,17.0,1.0,86.71398909697317,982.980674643589,3.0,2.0,563.8635319137834,40.0,1.1,146.83297219263912,980.8940916349277,5.0,4.0,,25.339974308026974
ADI-47159,634.3126999729833,36.0,1.0277777777777777,394.6503458398197,873.975054106147,0.0,0.0,164.45864739214338,7.0,0.7142857142857143,98.03000583520358,230.88728894908317,2.0,0.0,522.5306864559558,18.0,1.0,100.18178736340238,944.8795855485092,3.0,1.0,504.9984631659203,35.0,1.0857142857142856,186.1369142829254,823.8600120489152,5.0,3.0,,25.873007905903215
ADI-47156,640.0112663032564,41.0,1.0731707317073171,347.9211447930188,932.1013878134941,1.0,1.0,251.4768787936657,10.0,0.7,145.32515432657317,357.6286032607582,5.0,0.0,279.59036313211004,12.0,1.0833333333333333,149.78895955225482,409.39176671196526,5.0,1.0,416.1526835420007,31.0,1.1612903225806452,117.63088411182386,714.6744829721775,3.0,4.0,,24.007768541437386
ADI-47154,778.0727547274402,45.0,1.2,681.5362515677776,874.6092578871027,1.0,0.0,292.9161928265235,12.0,0.9166666666666666,90.81318107927918,495.01920457376787,3.0,0.0,492.57541200841786,16.0,1.0,15.647812240608229,969.5030117762276,3.0,1.0,500.0298249447578,35.0,1.0857142857142856,185.2291196697441,814.8305302197715,5.0,3.0,,25.743571337253567
ADI-47263,783.8925970061173,38.0,1.105263157894737,631.0128234095301,936.7723706027044,0.0,0.0,220.04580978117747,9.0,0.7777777777777778,95.94352754629746,344.14809201605743,2.0,0.0,541.3833106663195,16.0,1.0625,27.270197094416737,1055.4964242382223,3.0,1.0,513.9755222856511,36.0,1.0833333333333333,186.71417146104702,841.2368731102551,5.0,3.0,,26.63496857259557
ADI-47160,564.4870333357659,33.0,1.0303030303030303,251.3832488606132,877.5908178109187,0.0,0.0,218.97354232060522,9.0,0.8888888888888888,176.9059725888825,261.0411120523279,5.0,0.0,209.6993408957224,9.0,0.8888888888888888,126.69171903565038,292.70696275579445,2.0,2.0,430.6516048772156,30.0,1.0666666666666667,95.03007806633968,766.2731316880916,2.0,4.0,,23.974417585442872
ADI-47163,656.3050004654182,36.0,1.0277777777777777,389.8036014136165,922.8063995172199,0.0,0.0,202.19451586926786,9.0,0.7777777777777778,89.94226876385102,314.44676297468476,2.0,0.0,503.03965920245605,16.0,1.0,13.862047200503696,992.2172712044085,3.0,1.0,495.3306411254937,36.0,1.1111111111111112,203.76055791918037,786.900724331807,5.0,3.0,,26.47285760866744
ADI-47265,0.0,0.0,0.0,0.0,0.0,0.0,0.0,148.35340878919695,6.0,0.6666666666666666,91.04718784406957,205.65962973432437,2.0,0.0,524.495134814221,16.0,1.0,15.647812240608229,1033.3424573878337,3.0,0.0,0.0,0.0,0.0,0.0,0.0,0.0,0.0,,132.02675058139465
ADI-47126,786.9143797878747,39.0,1.1282051282051282,544.4534216150646,1029.3753379606846,1.0,0.0,161.53461002981467,7.0,0.7142857142857143,93.74074749735541,229.32847256227393,2.0,0.0,480.4091232184934,15.0,1.0,17.887474587303416,942.9307718496833,3.0,1.0,558.8018920780992,41.0,1.1219512195121952,143.07137575688787,974.5324083993105,4.0,4.0,,26.928617190837063
ADI-45411,616.0125353027289,35.0,1.0571428571428572,486.3102699150454,745.7148006904123,1.0,0.0,164.47708854101995,7.0,0.8571428571428571,86.18067232809977,242.77350475394013,4.0,0.0,193.26003580196877,8.0,0.875,77.36109077611792,309.1589808278196,2.0,2.0,421.57877954142793,31.0,1.096774193548387,113.23097888071624,729.9265802021396,0.0,4.0,,26.218913074267665
ADI-45488,733.3107561684641,40.0,1.15,556.8997833900567,909.7217289468715,2.0,0.0,202.11792384037335,9.0,0.6666666666666666,80.17941354565332,324.0564341350934,2.0,0.0,486.9514585036676,15.0,0.9333333333333333,17.66052593400809,956.2423910733271,3.0,1.0,572.5845198163202,42.0,1.119047619047619,147.32375179698292,997.8452878356574,4.0,5.0,,25.489743621601907
ADI-47285,777.9988958841542,39.0,1.1282051282051282,636.2351138215435,919.762677946765,2.0,0.0,229.14978924411326,10.0,0.7,83.59635632335474,374.7032221648718,2.0,0.0,486.0550469278678,16.0,1.0,17.66052593400809,954.4495679217275,3.0,1.0,571.7639358152024,41.0,1.1219512195121952,156.09939293971655,987.4284786906884,5.0,4.0,,25.55515543834032
ADI-46713,815.9710435447553,36.0,1.0555555555555556,699.6095408885653,932.3325462009451,0.0,0.0,201.20660017144453,9.0,0.6666666666666666,95.33644618191775,307.0767541609713,4.0,0.0,508.42607688666845,16.0,1.0,21.912901974103136,994.9392517992337,3.0,1.0,555.7949061977401,41.0,1.1219512195121952,161.75740130883176,949.8324110866486,4.0,3.0,,26.24024889805448
ADI-46708,793.658112106095,40.0,1.125,551.1325313724006,1036.1836928397893,2.0,0.0,208.99079656060727,9.0,0.6666666666666666,101.03133684878611,316.9502562724284,2.0,0.0,496.08243471947327,16.0,1.0,13.862047200503696,978.3028222384428,3.0,2.0,519.5853281514848,37.0,1.1081081081081081,182.38097271395063,856.7896835890189,5.0,3.0,,25.50802017182822
ADI-45406,534.0338478685605,26.0,1.0384615384615385,272.40106919980656,795.6666265373145,0.0,2.0,170.36487299681872,7.0,0.7142857142857143,102.9702859466797,237.75946004695777,2.0,0.0,498.27030267528625,15.0,0.9333333333333333,23.69866701420767,972.8419383363648,3.0,1.0,496.55256358810743,36.0,1.0833333333333333,171.71032288257163,821.3948042936432,5.0,3.0,,25.58393093401467
ADI-46704,755.0605152360663,43.0,1.0465116279069768,553.3453645178341,956.7756659542985,1.0,0.0,157.60421582078604,7.0,0.7142857142857143,95.52651253745994,219.68191910411215,3.0,0.0,499.90005622421353,15.0,0.9333333333333333,17.887474587303416,981.9126378611236,3.0,1.0,507.17218348281665,36.0,1.0833333333333333,190.01481247871254,824.3295544869208,5.0,3.0,,24.251036722808205
ADI-46706,824.4757013771657,38.0,1.105263157894737,418.10635623746407,1230.8450465168673,1.0,0.0,202.80229885600687,9.0,0.6666666666666666,87.73948871490896,317.8651089971048,2.0,0.0,490.19677607470345,17.0,1.0588235294117647,21.459004667512485,958.9345474818944,3.0,2.0,461.02589448091385,34.0,1.1176470588235294,188.26592973636116,733.7858592254665,6.0,3.0,,26.226538494987125
ADI-45430,687.3112004874349,38.0,0.9473684210526315,406.89799140749665,967.7244095673733,0.0,0.0,201.16689044030315,9.0,0.6666666666666666,85.00198865237492,317.3317922282314,2.0,0.0,504.4872003774751,15.0,1.0,64.86779360688125,944.106607148069,3.0,1.0,517.020123502049,36.0,1.0833333333333333,190.0516947764657,843.9885522276323,5.0,4.0,,27.072581663538656
ADI-45409,581.9644986658493,32.0,1.0625,415.90217294380346,748.0268243878952,0.0,0.0,199.08041215139698,9.0,0.7777777777777778,89.75220240830882,308.4086218944852,2.0,0.0,516.7811739648171,17.0,1.0588235294117647,21.45900466751248,1012.1033432621216,3.0,2.0,517.0463139128044,39.0,1.1538461538461537,150.85839957943884,883.2342282461701,4.0,4.0,,25.176741292760493
ADI-45405,723.6345251317014,39.0,1.0,576.5093115184499,870.759738744953,0.0,0.0,169.79397230783286,8.0,0.875,85.95372367480442,253.6342209408613,5.0,0.0,191.92181157931913,9.0,0.8888888888888888,116.81821692419327,267.025406234445,2.0,2.0,468.23848855873143,31.0,1.032258064516129,91.38478339062434,845.0921937268384,2.0,4.0,,25.52957965442154
ADI-47188,538.3217553215677,35.0,1.0285714285714285,293.21910519018263,783.4244054529528,0.0,0.0,173.05843265010455,7.0,0.8571428571428571,97.9562412396973,248.16062406051182,5.0,0.0,258.11291731572095,10.0,0.9,66.38972769593732,449.83610693550463,2.0,2.0,521.3831673793545,32.0,1.03125,190.27864342976102,852.487691328948,2.0,4.0,,25.59958765033766
ADI-45408,777.7315568213093,39.0,1.0256410256410255,698.4109395154168,857.0521741272017,1.0,0.0,164.37852630750132,7.0,0.7142857142857143,93.39749708402418,235.35955553097847,3.0,0.0,502.8397073020306,15.0,0.9333333333333333,61.032432575623716,944.6469820284375,3.0,1.0,507.1870327440926,36.0,1.0833333333333333,194.76502623464646,819.6090392535388,5.0,3.0,,27.114222507309023
ADI-45479,795.2672986951168,38.0,1.0,471.4737216173492,1119.0608757728844,3.0,0.0,206.94120056945428,9.0,0.6666666666666666,93.55068114181321,320.3317199970953,2.0,0.0,493.5548454060766,16.0,1.0,19.900188280703276,967.2095025314499,3.0,1.0,536.4351556292585,39.0,1.1538461538461537,148.50243547270776,924.3678757858091,6.0,4.0,,24.58414483916709
ADI-45407,828.734381546519,50.0,1.22,524.1489313037954,1133.3198317892425,2.0,0.0,153.19512666715443,6.0,0.8333333333333334,93.3974970840242,212.99275625028469,4.0,0.0,194.5117824508406,8.0,0.875,103.98732420840182,285.03624069327935,2.0,2.0,375.9133845989856,30.0,1.1333333333333333,118.04789912066137,633.7788700773099,2.0,4.0,,24.012691964573232
ADI-47218,671.4480320704232,42.0,1.1666666666666667,623.3546258297274,719.5414383111189,0.0,0.0,160.319745678696,7.0,0.7142857142857143,93.32373248851789,227.31575886887407,2.0,0.0,475.64469899178977,15.0,0.8666666666666667,23.698667014207672,927.5907309693719,3.0,1.0,536.412420970422,39.0,1.1538461538461537,148.4655531749546,924.3592887658893,6.0,4.0,,25.848664930318634
ADI-45476,820.1907365492774,45.0,1.1333333333333333,885.6825970648188,754.698876033736,1.0,0.0,157.44750270724947,6.0,0.8333333333333334,99.43563816422376,215.45936725027516,4.0,0.0,234.5320495540474,9.0,0.8888888888888888,106.68088386168768,362.38321524640713,2.0,2.0,438.01372829336856,30.0,1.0,95.18326212412872,780.8441944626085,0.0,4.0,,24.899825776716913
ADI-45480,825.0558069326266,44.0,1.1590909090909092,616.1009187760499,1034.0106950892034,2.0,2.0,213.3048525364678,9.0,0.6666666666666666,97.57610852861295,329.0335965443226,2.0,0.0,489.988970192644,16.0,1.0,17.433577280712765,962.5443631045752,3.0,1.0,510.8869492440784,37.0,1.0810810810810811,195.25580583899026,826.5180926491664,5.0,3.0,,24.827305661770602
ADI-45481,584.7601496084013,37.0,1.054054054054054,540.4648765260181,629.0554226907846,1.0,0.0,117.547862289965,5.0,0.8,25.030534747721553,210.06518983220843,3.0,0.0,247.80192748330046,10.0,0.9,180.43496550456197,315.1688894620389,3.0,2.0,522.0257382687442,34.0,0.9705882352941176,83.56087727032022,960.4905992671684,5.0,4.0,,27.683451148892917
ADI-47117,832.6286893279333,41.0,1.0731707317073171,785.9077716137624,879.3496070421044,4.0,2.0,204.03560435600212,9.0,0.6666666666666666,87.96643736820428,320.1047713438,2.0,0.0,496.4625674305576,16.0,1.0,15.647812240608229,977.277322620507,3.0,1.0,576.8766055875566,42.0,1.119047619047619,154.5036942551542,999.2495169199589,4.0,5.0,,23.271076134087483
ADI-47120,613.1843060443591,37.0,1.027027027027027,428.37710226799214,797.9915098207262,2.0,0.0,259.9518066875977,11.0,0.8181818181818182,148.42161276570639,371.482000609489,3.0,0.0,285.45970643903223,11.0,1.0909090909090908,72.45769296239497,498.4617199156695,4.0,2.0,422.2595940853874,30.0,1.0666666666666667,97.57610852861295,746.9430796421618,3.0,4.0,,23.183341045559043
ADI-46705,727.4520209727356,42.0,1.2380952380952381,589.6804596625761,865.223582282895,3.0,0.0,160.41477885646708,7.0,0.7142857142857143,91.23725419961174,229.59230351332243,2.0,0.0,485.38628562772266,15.0,0.8666666666666667,17.66052593400809,953.1120453214372,3.0,1.0,539.142862921461,39.0,1.1538461538461537,148.4655531749546,929.8201726679673,4.0,4.0,,25.476891508354743
ADI-47235,731.5186136952728,42.0,1.1904761904761905,513.221508632863,949.8157187576826,2.0,0.0,171.4627339655422,7.0,0.7142857142857143,92.59894611938371,250.32652181170073,4.0,0.0,256.31726673073314,9.0,0.8888888888888888,146.52520083234242,366.1093326291238,2.0,2.0,362.4172910547231,29.0,1.103448275862069,99.47252046197691,625.3620616474692,2.0,4.0,,23.335981862419917
ADI-47130,762.1057147853251,38.0,1.105263157894737,704.6673793971387,819.5440501735114,0.0,2.0,200.99809266702576,9.0,0.7777777777777778,91.76491610170868,310.23126923234287,3.0,0.0,219.05796738718269,9.0,1.0,105.23271436813789,332.88322040622745,1.0,2.0,554.6162853538684,35.0,1.0571428571428572,106.84958738718544,1002.3829833205514,6.0,4.0,,23.762968870347162
ADI-47255,710.5264496960838,42.0,1.1904761904761905,619.9622293626261,801.0906700295415,0.0,0.0,155.15251691392456,7.0,0.7142857142857143,91.72803380395554,218.5770000238936,2.0,0.0,516.3826001048561,18.0,1.0,96.81443986172562,935.9507603479866,3.0,0.0,532.1155076184746,36.0,1.0833333333333333,204.36763928356004,859.863375953389,5.0,3.0,,24.230608773623683
ADI-46707,658.5837442247241,38.0,1.0789473684210527,398.4685956630907,918.6988927863574,0.0,0.0,161.3445436742725,7.0,0.7142857142857143,102.97028594667968,219.7188014018653,2.0,0.0,513.9734174185731,15.0,0.8666666666666667,19.900188280703276,1008.0466465564431,3.0,1.0,504.52329727706484,36.0,1.0833333333333333,186.06314968741913,822.9834448667106,5.0,3.0,,24.95731645054065
ADI-47257,709.5114220536599,40.0,1.05,652.1568101096917,766.8660339976282,0.0,0.0,163.94236852742793,7.0,0.7142857142857143,85.41900366121243,242.46573339364346,3.0,0.0,187.2552479637748,8.0,0.875,105.96315560404854,268.54734032350103,2.0,2.0,492.90313248206485,33.0,1.0606060606060606,113.53169212951785,872.2745728346118,2.0,4.0,,26.920382932153416
ADI-45477,640.0458761823235,37.0,1.162162162162162,479.1474386648607,800.9443136997862,4.0,0.0,159.2765065342429,7.0,0.7142857142857143,93.05990153746943,225.4931115310164,2.0,0.0,388.38532941015336,12.0,0.75,74.74129571833836,702.0293631019683,3.0,1.0,586.9912039912257,42.0,1.119047619047619,160.42553357531787,1013.5568744071335,4.0,4.0,,26.78277953112649
ADI-45493,701.1541782205313,41.0,1.024390243902439,279.1639966491403,1123.1443597919224,3.0,5.0,163.77427237650986,7.0,0.7142857142857143,92.82589477267904,234.7226499803407,3.0,0.0,402.06231585940964,13.0,0.9230769230769231,67.29752230911862,736.8271094097007,4.0,2.0,572.9462113785279,42.0,1.1666666666666667,144.8571407969924,1001.0352819600635,5.0,7.0,,26.008468893723002
ADI-47262,628.528567130802,40.0,1.175,435.7910514909538,821.2660827706502,0.0,0.0,158.07655427625326,7.0,0.7142857142857143,92.37199746608837,223.78111108641815,2.0,0.0,499.0071737041613,16.0,1.0,19.67323962740795,978.3411077809146,3.0,1.0,496.3986779079591,36.0,1.0833333333333333,169.5075428336296,823.2898129822886,4.0,3.0,,25.10901245227271
ADI-45410,727.0145856116496,41.0,1.0731707317073171,425.71902166774083,1028.3101495555586,1.0,0.0,152.68590591393405,7.0,0.7142857142857143,95.52651253745994,209.84529929040815,2.0,0.0,495.98667897539184,15.0,0.8666666666666667,23.698667014207672,968.274690936576,3.0,1.0,502.3424874327469,36.0,1.0833333333333333,167.91184414906724,836.7731307164266,5.0,4.0,,25.36827929787476
ADI-47264,777.1422882872754,42.0,1.0476190476190477,585.3486641601983,968.9359124143526,2.0,0.0,223.6677100635991,8.0,0.75,100.61997670672505,346.7154434204731,3.0,0.0,258.135683390484,9.0,0.8888888888888888,148.8386277745439,367.4327390064241,2.0,2.0,606.2255526529516,37.0,1.0,118.28190588545176,1094.1691994204514,6.0,4.0,,24.688141486393256
ADI-47162,914.2449626335836,45.0,1.1333333333333333,661.6092340858127,1166.8806911813545,0.0,0.0,192.64016815548896,9.0,0.7777777777777778,86.02748827031073,299.2528480406672,4.0,0.0,305.35000917485223,12.0,1.0833333333333333,149.81312887173644,460.886889477968,3.0,2.0,368.86106410637865,29.0,1.103448275862069,95.63715943071938,642.0849687820379,2.0,4.0,,22.397462474065065
ADI-45435,628.9433725528065,38.0,1.105263157894737,228.78950092662407,1029.097244178989,0.0,0.0,172.58609419463733,7.0,0.7142857142857143,94.61165981278357,250.5605285764911,3.0,0.0,384.73225405663266,13.0,1.0769230769230769,60.84236622008153,708.6221418931838,4.0,2.0,507.60407916885663,37.0,1.0810810810810811,163.73323270447847,851.4749256332349,5.0,6.0,,25.565780053306657
ADI-45433,599.5739318313346,33.0,1.121212121212121,434.5797371395337,764.5681265231353,4.0,0.0,157.18367175620102,7.0,0.7142857142857143,89.03447415066971,225.33286936173232,2.0,0.0,381.1294965454469,12.0,0.8333333333333334,74.58811166054933,687.6708814303445,3.0,2.0,583.3941432347184,42.0,1.119047619047619,157.19725390844002,1009.5910325609968,4.0,4.0,,28.173770850592724
ADI-45498,796.7033835289258,44.0,1.1363636363636365,698.9400046622322,894.4667623956192,0.0,0.0,170.57338050123747,7.0,0.8571428571428571,101.79160227095485,239.3551587315201,5.0,0.0,203.1264798019308,9.0,0.8888888888888888,123.46343936877254,282.78952023508907,2.0,2.0,381.62172128241133,29.0,1.103448275862069,91.61173204391966,671.6317105209031,2.0,4.0,,24.538765098026943
ADI-45486,607.1403425457748,38.0,0.9736842105263158,419.51764343326073,794.7630416582891,2.0,0.0,239.0232913555704,10.0,0.8,99.58882222201281,378.45776048912796,3.0,0.0,510.89268788665896,16.0,1.0625,51.34334195293231,970.4420338203855,3.0,2.0,524.7610496883964,36.0,1.0833333333333333,187.08864930535492,862.4334500714377,5.0,3.0,,24.81724428893767
