experiment_code,scheme,fold,seed,initial_lr,eta_min,epoch,optimizer_step,train_loss,val_loss,val_mae,learning_rate,best_val_mae_so_far,best_epoch_so_far,epochs_since_improvement,is_best,stopped_early,numerical_failure
EXP-T138,primary,0,101,1e-05,1.0000000000000001e-07,1,7,0.4841865450143814,0.501611570517222,3.3605626424153647,1e-05,3.3605626424153647,1,0,True,False,False
EXP-T138,primary,0,101,1e-05,1.0000000000000001e-07,2,14,0.5828369217259544,0.49798329671223956,3.358804413766572,9.99938933078422e-06,3.358804413766572,2,0,True,False,False
EXP-T138,primary,0,101,1e-05,1.0000000000000001e-07,3,21,0.4956359565258026,0.4962540765603383,3.357871315696023,9.997557473810373e-06,3.357871315696023,3,0,True,False,False
EXP-T138,primary,0,101,1e-05,1.0000000000000001e-07,4,28,0.4981788620352745,0.496937890847524,3.3579318884647256,9.994504881061752e-06,3.357871315696023,3,1,False,False,False
EXP-T138,primary,0,101,1e-05,1.0000000000000001e-07,5,35,0.5224070208413261,0.4954283634821574,3.3569208780924478,9.990232305719944e-06,3.3569208780924478,5,0,True,False,False
EXP-T138,primary,0,101,1e-05,1.0000000000000001e-07,6,42,0.5362231263092586,0.4912845691045125,3.3547525116891572,9.984740801978984e-06,3.3547525116891572,6,0,True,False,False
EXP-T138,primary,0,101,1e-05,1.0000000000000001e-07,7,49,0.5104452871850559,0.4873804251352946,3.3525728167909565,9.978031724785247e-06,3.3525728167909565,7,0,True,False,False
EXP-T138,primary,0,101,1e-05,1.0000000000000001e-07,8,56,0.5090976080724171,0.48405776421229046,3.3507082390062735,9.97010672950314e-06,3.3507082390062735,8,0,True,False,False
EXP-T138,primary,0,101,1e-05,1.0000000000000001e-07,9,63,0.5374985677855355,0.4813690483570099,3.3501746437766333,9.960967771506666e-06,3.3501746437766333,9,0,True,False,False
EXP-T138,primary,0,101,1e-05,1.0000000000000001e-07,10,70,0.48695645427142153,0.48160884777704877,3.349795948375355,9.950617105696961e-06,3.349795948375355,10,0,True,False,False
EXP-T138,primary,0,101,1e-05,1.0000000000000001e-07,11,77,0.5036493837833405,0.48473215103149414,3.350275675455729,9.939057285945933e-06,3.349795948375355,10,1,False,False,False
EXP-T138,primary,0,101,1e-05,1.0000000000000001e-07,12,84,0.5089024816240583,0.48700164755185443,3.351099881258878,9.926291164466131e-06,3.349795948375355,10,2,False,False,False
EXP-T138,primary,0,101,1e-05,1.0000000000000001e-07,13,91,0.5738847213132041,0.48779481649398804,3.3512152469519414,9.91232189110701e-06,3.349795948375355,10,3,False,False,False
EXP-T138,primary,0,101,1e-05,1.0000000000000001e-07,14,98,0.5635273797171456,0.48784490426381427,3.35099746241714,9.897152912577742e-06,3.349795948375355,10,4,False,False,False
EXP-T138,primary,0,101,1e-05,1.0000000000000001e-07,15,105,0.47449797079233186,0.48834775884946185,3.3508957371567236,9.8807879715968e-06,3.349795948375355,10,5,False,False,False
EXP-T138,primary,0,101,1e-05,1.0000000000000001e-07,16,112,0.5169914343527385,0.49124396840731305,3.3519624652284565,9.8632311059685e-06,3.349795948375355,10,6,False,False,False
EXP-T138,primary,0,101,1e-05,1.0000000000000001e-07,17,119,0.7162253090313503,0.48954856395721436,3.350845105720289,9.844486647586724e-06,3.349795948375355,10,7,False,False,False
EXP-T138,primary,0,101,1e-05,1.0000000000000001e-07,18,126,0.4872052414076669,0.4905488093694051,3.351079073819247,9.824559221366101e-06,3.349795948375355,10,8,False,False,False
EXP-T138,primary,0,101,1e-05,1.0000000000000001e-07,19,133,0.49320040531789083,0.4936964015165965,3.352324052290483,9.803453744100868e-06,3.349795948375355,10,9,False,False,False
EXP-T138,primary,0,101,1e-05,1.0000000000000001e-07,20,140,0.4903921830867018,0.49352482954661053,3.352027430678859,9.781175423251734e-06,3.349795948375355,10,10,False,False,False
EXP-T138,primary,0,101,1e-05,1.0000000000000001e-07,21,147,0.5093287016664233,0.49438585837682086,3.35226093639027,9.757729755661012e-06,3.349795948375355,10,11,False,False,False
EXP-T138,primary,0,101,1e-05,1.0000000000000001e-07,22,154,0.5985983950751168,0.49411699175834656,3.3520114783084756,9.73312252619635e-06,3.349795948375355,10,12,False,False,False
EXP-T138,primary,0,101,1e-05,1.0000000000000001e-07,23,161,0.598293138401849,0.49707186222076416,3.353018789580374,9.707359806323418e-06,3.349795948375355,10,13,False,False,False
EXP-T138,primary,0,101,1e-05,1.0000000000000001e-07,24,168,0.4991120320877859,0.4994782904783885,3.353754910555753,9.680447952607845e-06,3.349795948375355,10,14,False,False,False
EXP-T138,primary,0,101,1e-05,1.0000000000000001e-07,25,175,0.4987503471119063,0.501227339108785,3.354242960611979,9.652393605146845e-06,3.349795948375355,10,15,False,False,False
EXP-T138,primary,0,101,1e-05,1.0000000000000001e-07,26,182,0.4944393107933657,0.5020508368810018,3.3544732296105586,9.62320368593087e-06,3.349795948375355,10,16,False,False,False
EXP-T138,primary,0,101,1e-05,1.0000000000000001e-07,27,189,0.5112753127302442,0.5035467147827148,3.354990410082268,9.592885397135707e-06,3.349795948375355,10,17,False,False,False
EXP-T138,primary,0,101,1e-05,1.0000000000000001e-07,28,196,0.472616902419499,0.5031676292419434,3.354617725719105,9.561446219345455e-06,3.349795948375355,10,18,False,False,False
EXP-T138,primary,0,101,1e-05,1.0000000000000001e-07,29,203,0.48284483913864407,0.5002946058909098,3.3531584306196733,9.528893909706798e-06,3.349795948375355,10,19,False,False,False
EXP-T138,primary,0,101,1e-05,1.0000000000000001e-07,30,210,0.5133061110973358,0.49966686964035034,3.3525982481060606,9.495236500015048e-06,3.349795948375355,10,20,False,False,False
EXP-T138,primary,0,101,1e-05,1.0000000000000001e-07,31,217,0.5737316395555224,0.5009062985579172,3.352783203125,9.460482294732422e-06,3.349795948375355,10,21,False,False,False
EXP-T138,primary,0,101,1e-05,1.0000000000000001e-07,32,224,0.5909013620444706,0.5024301409721375,3.3531029441139917,9.424639868939035e-06,3.349795948375355,10,22,False,False,False
EXP-T138,primary,0,101,1e-05,1.0000000000000001e-07,33,231,0.5976313778332302,0.4994460145632426,3.3514998464873345,9.387718066217125e-06,3.349795948375355,10,23,False,False,False
EXP-T138,primary,0,101,1e-05,1.0000000000000001e-07,34,238,0.5343182342393058,0.4996611475944519,3.3512614857066763,9.349725996469047e-06,3.349795948375355,10,24,False,False,False
EXP-T138,primary,0,101,1e-05,1.0000000000000001e-07,35,245,0.5200561029570443,0.5012520949045817,3.351660526160038,9.310673033669522e-06,3.349795948375355,10,25,False,False,False
EXP-T138,primary,0,101,1e-05,1.0000000000000001e-07,36,252,0.49613304655732854,0.4994279940923055,3.350734826290246,9.270568813552757e-06,3.349795948375355,10,26,False,False,False
EXP-T138,primary,0,101,1e-05,1.0000000000000001e-07,37,259,0.6202173701354435,0.5003440876801809,3.3509928385416665,9.229423231234975e-06,3.349795948375355,10,27,False,False,False
EXP-T138,primary,0,101,1e-05,1.0000000000000001e-07,38,266,0.5067157277039119,0.5027900338172913,3.351875998757102,9.18724643877294e-06,3.349795948375355,10,28,False,False,False
EXP-T138,primary,0,101,1e-05,1.0000000000000001e-07,39,273,0.5182488986424038,0.5031493802865347,3.3517925378048057,9.144048842659081e-06,3.349795948375355,10,29,False,False,False
EXP-T138,primary,0,101,1e-05,1.0000000000000001e-07,40,280,0.5398118283067431,0.5053853392601013,3.35250507701527,9.099841101253867e-06,3.349795948375355,10,30,False,True,False
EXP-T138,primary,0,101,0.0001,1.0000000000000002e-06,1,7,0.525461169225829,0.5250446597735087,3.3774312337239585,0.0001,3.3774312337239585,1,0,True,False,False
EXP-T138,primary,0,101,0.0001,1.0000000000000002e-06,2,14,0.5640636725085122,0.4536248942216237,3.3978941946318657,9.99938933078422e-05,3.3774312337239585,1,1,False,False,False
EXP-T138,primary,0,101,0.0001,1.0000000000000002e-06,3,21,0.5289135575294495,0.4771546721458435,3.350998387192235,9.997557473810373e-05,3.350998387192235,3,0,True,False,False
EXP-T138,primary,0,101,0.0001,1.0000000000000002e-06,4,28,0.5064986433301654,0.5311318635940552,3.382579225482363,9.994504881061753e-05,3.350998387192235,3,1,False,False,False
EXP-T138,primary,0,101,0.0001,1.0000000000000002e-06,5,35,0.4859451012951987,0.5166403651237488,3.3649481571081914,9.990232305719945e-05,3.350998387192235,3,2,False,False,False
EXP-T138,primary,0,101,0.0001,1.0000000000000002e-06,6,42,0.5902745638574872,0.4791349569956462,3.3400018865411933,9.984740801978984e-05,3.3400018865411933,6,0,True,False,False
EXP-T138,primary,0,101,0.0001,1.0000000000000002e-06,7,49,0.527567446231842,0.46152488390604657,3.3589657870205967,9.978031724785247e-05,3.3400018865411933,6,1,False,False,False
EXP-T138,primary,0,101,0.0001,1.0000000000000002e-06,8,56,0.47494491721902576,0.4724260965983073,3.3376178163470644,9.97010672950314e-05,3.3376178163470644,8,0,True,False,False
EXP-T138,primary,0,101,0.0001,1.0000000000000002e-06,9,63,0.5224938477788653,0.4861652950445811,3.3294490467418325,9.960967771506667e-05,3.3294490467418325,9,0,True,False,False
EXP-T138,primary,0,101,0.0001,1.0000000000000002e-06,10,70,0.47742474132350515,0.49236122767130536,3.3317043420040244,9.95061710569696e-05,3.3294490467418325,9,1,False,False,False
EXP-T138,primary,0,101,0.0001,1.0000000000000002e-06,11,77,0.4762370400130749,0.5070301493008932,3.350984053178267,9.939057285945933e-05,3.3294490467418325,9,2,False,False,False
EXP-T138,primary,0,101,0.0001,1.0000000000000002e-06,12,84,0.49526770625795635,0.5087882280349731,3.352950818610914,9.926291164466132e-05,3.3294490467418325,9,3,False,False,False
EXP-T138,primary,0,101,0.0001,1.0000000000000002e-06,13,91,0.5808798585619245,0.4879647692044576,3.3251486113577178,9.91232189110701e-05,3.3251486113577178,13,0,True,False,False
EXP-T138,primary,0,101,0.0001,1.0000000000000002e-06,14,98,0.5583312596593585,0.482788622379303,3.3191475145744556,9.897152912577741e-05,3.3191475145744556,14,0,True,False,False
EXP-T138,primary,0,101,0.0001,1.0000000000000002e-06,15,105,0.47683034729977536,0.4782358407974243,3.3165137551047583,9.8807879715968e-05,3.3165137551047583,15,0,True,False,False
EXP-T138,primary,0,101,0.0001,1.0000000000000002e-06,16,112,0.4804622839604105,0.4965850015481313,3.334339719830137,9.8632311059685e-05,3.3165137551047583,15,1,False,False,False
EXP-T138,primary,0,101,0.0001,1.0000000000000002e-06,17,119,0.7322732550757272,0.4794151782989502,3.315162196303859,9.844486647586725e-05,3.315162196303859,17,0,True,False,False
EXP-T138,primary,0,101,0.0001,1.0000000000000002e-06,18,126,0.4691628579249872,0.49933525919914246,3.3358163544625947,9.824559221366101e-05,3.315162196303859,17,1,False,False,False
EXP-T138,primary,0,101,0.0001,1.0000000000000002e-06,19,133,0.481784992984363,0.513107180595398,3.3507040775183476,9.803453744100869e-05,3.315162196303859,17,2,False,False,False
EXP-T138,primary,0,101,0.0001,1.0000000000000002e-06,20,140,0.48891874628939797,0.4840162893136342,3.314771941213897,9.781175423251735e-05,3.314771941213897,20,0,True,False,False
EXP-T138,primary,0,101,0.0001,1.0000000000000002e-06,21,147,0.5048856862953731,0.5058520038922628,3.339628046209162,9.757729755661011e-05,3.314771941213897,20,1,False,False,False
EXP-T138,primary,0,101,0.0001,1.0000000000000002e-06,22,154,0.5676270084721702,0.49080411593119305,3.319967558889678,9.73312252619635e-05,3.314771941213897,20,2,False,False,False
EXP-T138,primary,0,101,0.0001,1.0000000000000002e-06,23,161,0.5659004194395882,0.5072866380214691,3.340860077829072,9.707359806323417e-05,3.314771941213897,20,3,False,False,False
EXP-T138,primary,0,101,0.0001,1.0000000000000002e-06,24,168,0.46716989151069094,0.5238273243109385,3.3588125055486504,9.680447952607845e-05,3.314771941213897,20,4,False,False,False
EXP-T138,primary,0,101,0.0001,1.0000000000000002e-06,25,175,0.5024259260722569,0.520809531211853,3.353643937544389,9.652393605146844e-05,3.314771941213897,20,5,False,False,False
EXP-T138,primary,0,101,0.0001,1.0000000000000002e-06,26,182,0.45587200086031643,0.4910021821657817,3.319971951571378,9.623203685930869e-05,3.314771941213897,20,6,False,False,False
EXP-T138,primary,0,101,0.0001,1.0000000000000002e-06,27,189,0.5372246333530971,0.48153697450955707,3.317247332948627,9.592885397135707e-05,3.314771941213897,20,7,False,False,False
EXP-T138,primary,0,101,0.0001,1.0000000000000002e-06,28,196,0.4342335265661989,0.49808385968208313,3.3270152698863638,9.561446219345454e-05,3.314771941213897,20,8,False,False,False
EXP-T138,primary,0,101,0.0001,1.0000000000000002e-06,29,203,0.4561633552823748,0.5044921338558197,3.3306070963541665,9.528893909706797e-05,3.314771941213897,20,9,False,False,False
EXP-T138,primary,0,101,0.0001,1.0000000000000002e-06,30,210,0.5474920485700879,0.5047683119773865,3.330085523200758,9.495236500015047e-05,3.314771941213897,20,10,False,False,False
EXP-T138,primary,0,101,0.0001,1.0000000000000002e-06,31,217,0.5536812032972064,0.495465616385142,3.325740929805871,9.460482294732421e-05,3.314771941213897,20,11,False,False,False
EXP-T138,primary,0,101,0.0001,1.0000000000000002e-06,32,224,0.5264964401721954,0.5146688222885132,3.3282454519560845,9.424639868939033e-05,3.314771941213897,20,12,False,False,False
EXP-T138,primary,0,101,0.0001,1.0000000000000002e-06,33,231,0.5019632279872894,0.4804653724034627,3.339716824618253,9.387718066217124e-05,3.314771941213897,20,13,False,False,False
EXP-T138,primary,0,101,0.0001,1.0000000000000002e-06,34,238,0.4318233387810843,0.5182926456133524,3.3296890258789062,9.349725996469047e-05,3.314771941213897,20,14,False,False,False
EXP-T138,primary,0,101,0.0001,1.0000000000000002e-06,35,245,0.4554138971226556,0.514691005150477,3.3412653605143228,9.310673033669521e-05,3.314771941213897,20,15,False,False,False
EXP-T138,primary,0,101,0.0001,1.0000000000000002e-06,36,252,0.49998134800365995,0.4837764302889506,3.364140597256747,9.270568813552756e-05,3.314771941213897,20,16,False,False,False
EXP-T138,primary,0,101,0.0001,1.0000000000000002e-06,37,259,0.5710210033825466,0.5322659413019816,3.3420407844312265,9.229423231234974e-05,3.314771941213897,20,17,False,False,False
EXP-T138,primary,0,101,0.0001,1.0000000000000002e-06,38,266,0.44787490155015675,0.5440759261449178,3.335268425218987,9.187246438772939e-05,3.314771941213897,20,18,False,False,False
EXP-T138,primary,0,101,0.0001,1.0000000000000002e-06,39,273,0.490583564553942,0.5250896612803141,3.347783406575521,9.14404884265908e-05,3.314771941213897,20,19,False,False,False
EXP-T138,primary,0,101,0.0001,1.0000000000000002e-06,40,280,0.45048703466142925,0.5272568662961324,3.3486013701467803,9.099841101253866e-05,3.314771941213897,20,20,False,False,False
EXP-T138,primary,0,101,0.0001,1.0000000000000002e-06,41,287,0.42302337892553105,0.5740503668785095,3.326916318951231,9.05463412215599e-05,3.314771941213897,20,21,False,False,False
EXP-T138,primary,0,101,0.0001,1.0000000000000002e-06,42,294,0.416839155501553,0.5740951895713806,3.3268152872721353,9.0084390595111e-05,3.314771941213897,20,22,False,False,False
EXP-T138,primary,0,101,0.0001,1.0000000000000002e-06,43,301,0.4187030185546194,0.5212386349836985,3.3729754361239346,8.961267311259666e-05,3.314771941213897,20,23,False,False,False
EXP-T138,primary,0,101,0.0001,1.0000000000000002e-06,44,308,0.4733926611287253,0.535891999801,3.359586542302912,8.913130516324733e-05,3.314771941213897,20,24,False,False,False
EXP-T138,primary,0,101,0.0001,1.0000000000000002e-06,45,315,0.391641339553254,0.584145744641622,3.3179177948922822,8.864040551740158e-05,3.314771941213897,20,25,False,False,False
EXP-T138,primary,0,101,0.0001,1.0000000000000002e-06,46,322,0.3915490114263126,0.5613223016262054,3.3573696252071494,8.814009529720155e-05,3.314771941213897,20,26,False,False,False
EXP-T138,primary,0,101,0.0001,1.0000000000000002e-06,47,329,0.40123186899083,0.5746821264425913,3.40169941295277,8.763049794670775e-05,3.314771941213897,20,27,False,False,False
EXP-T138,primary,0,101,0.0001,1.0000000000000002e-06,48,336,0.5755269016538348,0.6255272229512533,3.3707129738547583,8.711173920144117e-05,3.314771941213897,20,28,False,False,False
EXP-T138,primary,0,101,0.0001,1.0000000000000002e-06,49,343,0.47678141934531076,0.6522349615891775,3.4001150420217803,8.658394705735987e-05,3.314771941213897,20,29,False,False,False
EXP-T138,primary,0,101,0.0001,1.0000000000000002e-06,50,350,0.37331825494766235,0.6540041665236155,3.4310108531605112,8.604725173927785e-05,3.314771941213897,20,30,False,True,False
EXP-T138,primary,0,101,0.001,1e-05,1,7,0.6229052490421704,0.43061453600724536,3.525767470851089,0.001,3.525767470851089,1,0,True,False,False
EXP-T138,primary,0,101,0.001,1e-05,2,14,0.6183325052261353,0.5294255614280701,3.3777199947472774,0.000999938933078422,3.3777199947472774,2,0,True,False,False
EXP-T138,primary,0,101,0.001,1e-05,3,21,0.5568231684820992,0.5260818401972452,3.3717461788293086,0.0009997557473810372,3.3717461788293086,3,0,True,False,False
EXP-T138,primary,0,101,0.001,1e-05,4,28,0.4716710819463645,0.4528525273005168,3.452161846738873,0.0009994504881061753,3.3717461788293086,3,1,False,False,False
EXP-T138,primary,0,101,0.001,1e-05,5,35,0.49161321776253836,0.5032103955745697,3.344681017326586,0.0009990232305719944,3.344681017326586,5,0,True,False,False
EXP-T138,primary,0,101,0.001,1e-05,6,42,0.516678239618029,0.531652828057607,3.3869148023200757,0.0009984740801978985,3.344681017326586,5,1,False,False,False
EXP-T138,primary,0,101,0.001,1e-05,7,49,0.5249726091112409,0.7232480347156525,3.509276650168679,0.0009978031724785245,3.344681017326586,5,2,False,False,False
EXP-T138,primary,0,101,0.001,1e-05,8,56,0.5045538161482129,0.7217509845892588,3.5868081757516572,0.000997010672950314,3.344681017326586,5,3,False,False,False
EXP-T138,primary,0,101,0.001,1e-05,9,63,0.5092269735676902,0.5330103238423666,3.1517019560842803,0.0009960967771506667,3.1517019560842803,9,0,True,False,False
EXP-T138,primary,0,101,0.001,1e-05,10,70,0.5058444312640599,0.5257392128308614,3.2123038552024146,0.000995061710569696,3.1517019560842803,9,1,False,False,False
EXP-T138,primary,0,101,0.001,1e-05,11,77,0.42322257799761637,0.8457152446111044,3.8165817260742188,0.0009939057285945933,3.1517019560842803,9,2,False,False,False
EXP-T138,primary,0,101,0.001,1e-05,12,84,0.4430556297302246,0.8144839406013489,3.7649730335582388,0.000992629116446613,3.1517019560842803,9,3,False,False,False
EXP-T138,primary,0,101,0.001,1e-05,13,91,0.5732051772730691,0.704053521156311,3.6189776333895596,0.000991232189110701,3.1517019560842803,9,4,False,False,False
EXP-T138,primary,0,101,0.001,1e-05,14,98,0.5066382757255009,0.5635507106781006,3.4326197306315103,0.0009897152912577741,3.1517019560842803,9,5,False,False,False
EXP-T138,primary,0,101,0.001,1e-05,15,105,0.3226500926206687,0.7577257951100668,3.619015086780895,0.00098807879715968,3.1517019560842803,9,6,False,False,False
EXP-T138,primary,0,101,0.001,1e-05,16,112,0.3926368313176291,0.6157981355985006,3.91524921764027,0.00098632311059685,3.1517019560842803,9,7,False,False,False
EXP-T138,primary,0,101,0.001,1e-05,17,119,0.32118668407201767,0.6864034434159597,3.6618989886659565,0.0009844486647586723,3.1517019560842803,9,8,False,False,False
EXP-T138,primary,0,101,0.001,1e-05,18,126,0.39324926478522165,0.3853907436132431,3.3170954386393228,0.00098245592213661,3.1517019560842803,9,9,False,False,False
EXP-T138,primary,0,101,0.001,1e-05,19,133,0.3462807445653847,0.4239667554696401,3.2780366377397017,0.0009803453744100868,3.1517019560842803,9,10,False,False,False
EXP-T138,primary,0,101,0.001,1e-05,20,140,0.35240947135857176,0.996904710928599,4.76397705078125,0.0009781175423251734,3.1517019560842803,9,11,False,False,False
EXP-T138,primary,0,101,0.001,1e-05,21,147,0.429031954745629,0.4648686945438385,3.653232458866004,0.0009757729755661011,3.1517019560842803,9,12,False,False,False
EXP-T138,primary,0,101,0.001,1e-05,22,154,0.4643996719803129,0.6072611510753632,3.4162294792406485,0.0009733122526196349,3.1517019560842803,9,13,False,False,False
EXP-T138,primary,0,101,0.001,1e-05,23,161,0.3649230343954904,0.7085196574529012,3.649198358709162,0.0009707359806323416,3.1517019560842803,9,14,False,False,False
EXP-T138,primary,0,101,0.001,1e-05,24,168,0.33940472240958897,0.49779746929804486,3.0385661269679214,0.0009680447952607845,3.0385661269679214,24,0,True,False,False
EXP-T138,primary,0,101,0.001,1e-05,25,175,0.3177112319639751,0.45696669816970825,2.822748819986979,0.0009652393605146844,2.822748819986979,25,0,True,False,False
EXP-T138,primary,0,101,0.001,1e-05,26,182,0.27768658766789095,0.3741828054189682,3.3817973281397964,0.000962320368593087,2.822748819986979,25,1,False,False,False
EXP-T138,primary,0,101,0.001,1e-05,27,189,0.35970725970608847,0.3894493530193965,3.4286929043856533,0.0009592885397135706,2.822748819986979,25,2,False,False,False
EXP-T138,primary,0,101,0.001,1e-05,28,196,0.3067807044301714,0.44117908862729865,3.9226100806033974,0.0009561446219345453,2.822748819986979,25,3,False,False,False
EXP-T138,primary,0,101,0.001,1e-05,29,203,0.249983656087092,0.43930573264757794,2.973948854388613,0.0009528893909706797,2.822748819986979,25,4,False,False,False
EXP-T138,primary,0,101,0.001,1e-05,30,210,0.28306292848927633,0.49194008111953735,3.198403329560251,0.0009495236500015047,2.822748819986979,25,5,False,False,False
EXP-T138,primary,0,101,0.001,1e-05,31,217,0.39716610525335583,0.5324368638296922,4.479240879868016,0.0009460482294732421,2.822748819986979,25,6,False,False,False
EXP-T138,primary,0,101,0.001,1e-05,32,224,0.3513236237423761,0.4378649592399597,3.164885318640507,0.0009424639868939033,2.822748819986979,25,7,False,False,False
EXP-T138,primary,0,101,0.001,1e-05,33,231,0.2087012096973402,0.5529264609018961,3.7567774454752603,0.0009387718066217125,2.822748819986979,25,8,False,False,False
EXP-T138,primary,0,101,0.001,1e-05,34,238,0.3313043692282268,0.39340750003854436,3.6052583636659565,0.0009349725996469047,2.822748819986979,25,9,False,False,False
EXP-T138,primary,0,101,0.001,1e-05,35,245,0.2014371199267251,0.4672756493091583,3.3048969615589487,0.0009310673033669522,2.822748819986979,25,10,False,False,False
EXP-T138,primary,0,101,0.001,1e-05,36,252,0.20224312410573475,0.47541601459185284,3.420290860262784,0.0009270568813552756,2.822748819986979,25,11,False,False,False
EXP-T138,primary,0,101,0.001,1e-05,37,259,0.26070496972118107,0.33178798854351044,3.0034814314408735,0.0009229423231234975,2.822748819986979,25,12,False,False,False
EXP-T138,primary,0,101,0.001,1e-05,38,266,0.23188776522874832,0.47009531656901044,3.570996139988755,0.0009187246438772938,2.822748819986979,25,13,False,False,False
EXP-T138,primary,0,101,0.001,1e-05,39,273,0.2736989121351923,0.4227198263009389,3.086304866906368,0.0009144048842659081,2.822748819986979,25,14,False,False,False
EXP-T138,primary,0,101,0.001,1e-05,40,280,0.15975264116838975,0.4043315996726354,3.484861894087358,0.0009099841101253866,2.822748819986979,25,15,False,False,False
EXP-T138,primary,0,101,0.001,1e-05,41,287,0.168936197246824,0.3772672265768051,3.24472358010032,0.000905463412215599,2.822748819986979,25,16,False,False,False
EXP-T138,primary,0,101,0.001,1e-05,42,294,0.15620361641049385,0.42103593796491623,3.616433692700935,0.0009008439059511099,2.822748819986979,25,17,False,False,False
EXP-T138,primary,0,101,0.001,1e-05,43,301,0.19788398700101034,0.328762978690141,3.162899942109079,0.0008961267311259666,2.822748819986979,25,18,False,False,False
EXP-T138,primary,0,101,0.001,1e-05,44,308,0.17552232210125243,0.3819018602371216,3.0294316609700522,0.0008913130516324732,2.822748819986979,25,19,False,False,False
EXP-T138,primary,0,101,0.001,1e-05,45,315,0.15701631430004323,0.4061205817852169,3.744204550078421,0.0008864040551740157,2.822748819986979,25,20,False,False,False
EXP-T138,primary,0,101,0.001,1e-05,46,322,0.1999747540269579,0.33474841217199963,2.8832947702118843,0.0008814009529720154,2.822748819986979,25,21,False,False,False
EXP-T138,primary,0,101,0.001,1e-05,47,329,0.14572907537305063,0.42762862145900726,3.795778679125237,0.0008763049794670775,2.822748819986979,25,22,False,False,False
EXP-T138,primary,0,101,0.001,1e-05,48,336,0.2548437586852482,0.41528822978337604,3.6969344399192114,0.0008711173920144117,2.822748819986979,25,23,False,False,False
EXP-T138,primary,0,101,0.001,1e-05,49,343,0.1214294678398541,0.39753952622413635,3.1294791481711646,0.0008658394705735987,2.822748819986979,25,24,False,False,False
EXP-T138,primary,0,101,0.001,1e-05,50,350,0.16530616581439972,0.3271431333074967,3.0824439308860083,0.0008604725173927785,2.822748819986979,25,25,False,False,False
EXP-T138,primary,0,101,0.001,1e-05,51,357,0.13406650562371528,0.4520522554715474,3.4005940755208335,0.000855017856687341,2.822748819986979,25,26,False,False,False
EXP-T138,primary,0,101,0.001,1e-05,52,364,0.13062046242079564,0.3094673479596774,2.741006562204072,0.0008494768343131955,2.741006562204072,52,0,True,False,False
EXP-T138,primary,0,101,0.001,1e-05,53,371,0.16579928249120712,0.31548645347356796,2.9734931714607007,0.0008438508174347009,2.741006562204072,52,1,False,False,False
EXP-T138,primary,0,101,0.001,1e-05,54,378,0.13629694815192903,0.38088375702500343,3.5441336198286577,0.0008381411941873378,2.741006562204072,52,2,False,False,False
EXP-T138,primary,0,101,0.001,1e-05,55,385,0.17844061659915106,0.39722750584284466,3.1046269734700522,0.0008323493733352077,2.741006562204072,52,3,False,False,False
EXP-T138,primary,0,101,0.001,1e-05,56,392,0.09818951679127556,0.336102906614542,3.157850323301373,0.000826476783923441,2.741006562204072,52,4,False,False,False
EXP-T138,primary,0,101,0.001,1e-05,57,399,0.12064206493752343,0.2957713839908441,2.8689413359670928,0.0008205248749256015,2.741006562204072,52,5,False,False,False
EXP-T138,primary,0,101,0.001,1e-05,58,406,0.08912132393535492,0.31873962075527135,3.126603213223544,0.0008144951148861742,2.741006562204072,52,6,False,False,False
EXP-T138,primary,0,101,0.001,1e-05,59,413,0.0884146009172712,0.3865272013814926,3.6000062191125117,0.0008083889915582234,2.741006562204072,52,7,False,False,False
EXP-T138,primary,0,101,0.001,1e-05,60,420,0.0765194593529616,0.3734307090441386,3.3612374970407197,0.0008022080115363127,2.741006562204072,52,8,False,False,False
EXP-T138,primary,0,101,0.001,1e-05,61,427,0.13605414277740888,0.3790126207204594,3.5000984885475854,0.0007959536998847743,2.741006562204072,52,9,False,False,False
EXP-T138,primary,0,101,0.001,1e-05,62,434,0.10588252384747777,0.42734012256066006,3.7800253665808476,0.0007896275997614229,2.741006562204072,52,10,False,False,False
EXP-T138,primary,0,101,0.001,1e-05,63,441,0.09809519806211549,0.3742595886190732,3.3868570038766572,0.0007832312720368048,2.741006562204072,52,11,False,False,False
EXP-T138,primary,0,101,0.001,1e-05,64,448,0.1628997985805784,0.36403002838293713,3.3628549286813447,0.0007767662949090753,2.741006562204072,52,12,False,False,False
EXP-T138,primary,0,101,0.001,1e-05,65,455,0.08653652598150074,0.3986465856432915,3.572049690015388,0.0007702342635146033,2.741006562204072,52,13,False,False,False
EXP-T138,primary,0,101,0.001,1e-05,66,462,0.07423938764259219,0.3815293399384245,3.589875770337654,0.0007636367895343947,2.741006562204072,52,14,False,False,False
EXP-T138,primary,0,101,0.001,1e-05,67,469,0.17009188660553523,0.43967292706171673,3.227979949026397,0.0007569755007964338,2.741006562204072,52,15,False,False,False
EXP-T138,primary,0,101,0.001,1e-05,68,476,0.1360266985637801,0.391013965010643,3.533373399214311,0.0007502520408740418,2.741006562204072,52,16,False,False,False
EXP-T138,primary,0,101,0.001,1e-05,69,483,0.06025026525769915,0.38360379387935,3.3503790190725615,0.000743468068680349,2.741006562204072,52,17,False,False,False
EXP-T138,primary,0,101,0.001,1e-05,70,490,0.0887546536645719,0.3777867498186727,3.48301176591353,0.0007366252580589839,2.741006562204072,52,18,False,False,False
EXP-T138,primary,0,101,0.001,1e-05,71,497,0.08071450516581535,0.35787625797092915,3.3339103929924243,0.0007297252973710757,2.741006562204072,52,19,False,False,False
EXP-T138,primary,0,101,0.001,1e-05,72,504,0.1523930909378188,0.41301686068375904,3.674221154415246,0.0007227698890786779,2.741006562204072,52,20,False,False,False
EXP-T138,primary,0,101,0.001,1e-05,73,511,0.1062867444540773,0.4044513652722041,3.367552554968632,0.000715760749324711,2.741006562204072,52,21,False,False,False
EXP-T138,primary,0,101,0.001,1e-05,74,518,0.09259012873683657,0.3787276324195166,3.5658610950816763,0.0007086996075095289,2.741006562204072,52,22,False,False,False
EXP-T138,primary,0,101,0.001,1e-05,75,525,0.06205459697438138,0.34098393206174177,3.259342078006629,0.0007015882058642164,2.741006562204072,52,23,False,False,False
EXP-T138,primary,0,101,0.001,1e-05,76,532,0.05881171406612599,0.3645039062842746,3.429805871212121,0.0006944282990207195,2.741006562204072,52,24,False,False,False
EXP-T138,primary,0,101,0.001,1e-05,77,539,0.05253732297569513,0.38158118724823,3.0304015188506157,0.0006872216535789157,2.741006562204072,52,25,False,False,False
EXP-T138,primary,0,101,0.001,1e-05,78,546,0.13940337034208433,0.37595111116146046,3.4825066075180517,0.0006799700476707324,2.741006562204072,52,26,False,False,False
EXP-T138,primary,0,101,0.001,1e-05,79,553,0.09550547865884644,0.37976729931930703,3.4240519205729165,0.0006726752705214194,2.741006562204072,52,27,False,False,False
EXP-T138,primary,0,101,0.001,1e-05,80,560,0.06256939523986407,0.3738953371842702,3.304332155169863,0.000665339122008084,2.741006562204072,52,28,False,False,False
EXP-T138,primary,0,101,0.001,1e-05,81,567,0.05864412683461394,0.42299556235472363,3.3682560776219224,0.000657963412215599,2.741006562204072,52,29,False,False,False
EXP-T138,primary,0,101,0.001,1e-05,82,574,0.044189970408167155,0.3546012317140897,3.2719419074781015,0.0006505499609899905,2.741006562204072,52,30,False,True,False
EXP-T138,primary,0,101,0.01,0.0001,1,7,5.670843405382974,5.399871985117595,26.85692769830877,0.01,26.85692769830877,1,0,True,False,False
EXP-T138,primary,0,101,0.01,0.0001,2,14,3.1976840836661204,2.2972777684529624,12.351373961477568,0.00999938933078422,12.351373961477568,2,0,True,False,False
EXP-T138,primary,0,101,0.01,0.0001,3,21,0.9834687704486507,1.929882526397705,11.410809488007516,0.009997557473810372,11.410809488007516,3,0,True,False,False
EXP-T138,primary,0,101,0.01,0.0001,4,28,1.3891690522432327,4.056805451711019,18.849011507901277,0.009994504881061753,11.410809488007516,3,1,False,False,False
EXP-T138,primary,0,101,0.01,0.0001,5,35,2.799533878053938,1.0934672753016155,5.319110523570668,0.009990232305719944,5.319110523570668,5,0,True,False,False
EXP-T138,primary,0,101,0.01,0.0001,6,42,0.7001108016286578,0.5358952879905701,3.389404990456321,0.009984740801978984,3.389404990456321,6,0,True,False,False
EXP-T138,primary,0,101,0.01,0.0001,7,49,0.7095921039581299,0.5234696666399637,3.3753474842418325,0.009978031724785246,3.3753474842418325,7,0,True,False,False
EXP-T138,primary,0,101,0.01,0.0001,8,56,0.5015924913542611,0.5111075043678284,3.362585125547467,0.00997010672950314,3.362585125547467,8,0,True,False,False
EXP-T138,primary,0,101,0.01,0.0001,9,63,0.5297826358250209,0.5002743999163309,3.357961481267756,0.009960967771506667,3.357961481267756,9,0,True,False,False
EXP-T138,primary,0,101,0.01,0.0001,10,70,0.47540042815463884,0.5006418426831564,3.3581233169093276,0.00995061710569696,3.357961481267756,9,1,False,False,False
EXP-T138,primary,0,101,0.01,0.0001,11,77,0.4918150178023747,0.5000490347544352,3.3578620679450757,0.009939057285945933,3.3578620679450757,11,0,True,False,False
EXP-T138,primary,0,101,0.01,0.0001,12,84,0.5203553097588676,0.5030519167582194,3.359175017385772,0.00992629116446613,3.3578620679450757,11,1,False,False,False
EXP-T138,primary,0,101,0.01,0.0001,13,91,0.5590447357722691,0.500521163145701,3.358070142341383,0.00991232189110701,3.3578620679450757,11,2,False,False,False
EXP-T138,primary,0,101,0.01,0.0001,14,98,0.5488574462277549,0.5026654005050659,3.359007401899858,0.00989715291257774,3.3578620679450757,11,3,False,False,False
EXP-T138,primary,0,101,0.01,0.0001,15,105,0.4741729133363281,0.5003585815429688,3.3579987034653174,0.0098807879715968,3.3578620679450757,11,4,False,False,False
EXP-T138,primary,0,101,0.01,0.0001,16,112,0.4922206827572414,0.5009151299794515,3.3582433064778647,0.0098632311059685,3.3578620679450757,11,5,False,False,False
EXP-T138,primary,0,101,0.01,0.0001,17,119,0.7051265580313546,0.4974995752175649,3.356728293678977,0.009844486647586723,3.356728293678977,17,0,True,False,False
EXP-T138,primary,0,101,0.01,0.0001,18,126,0.4740661411945309,0.5016042987505595,3.3585450143525093,0.0098245592213661,3.356728293678977,17,1,False,False,False
EXP-T138,primary,0,101,0.01,0.0001,19,133,0.47585797575967653,0.5045964519182841,3.359841086647727,0.009803453744100868,3.356728293678977,17,2,False,False,False
EXP-T138,primary,0,101,0.01,0.0001,20,140,0.4720483007840812,0.5034284790356954,3.359338008996212,0.009781175423251734,3.356728293678977,17,3,False,False,False
EXP-T138,primary,0,101,0.01,0.0001,21,147,0.5057798624038696,0.5022825996081034,3.3588409423828125,0.009757729755661011,3.356728293678977,17,4,False,False,False
EXP-T138,primary,0,101,0.01,0.0001,22,154,0.589561939239502,0.4973934094111125,3.356680898955374,0.009733122526196349,3.356680898955374,22,0,True,False,False
EXP-T138,primary,0,101,0.01,0.0001,23,161,0.5877471736499241,0.5012094477812449,3.3583723126035747,0.009707359806323416,3.356680898955374,22,1,False,False,False
EXP-T138,primary,0,101,0.01,0.0001,24,168,0.47159791571487275,0.5060880780220032,3.360478719075521,0.009680447952607845,3.356680898955374,22,2,False,False,False
EXP-T138,primary,0,101,0.01,0.0001,25,175,0.4837743267416954,0.5074885090192159,3.3610724246863164,0.009652393605146845,3.356680898955374,22,3,False,False,False
EXP-T138,primary,0,101,0.01,0.0001,26,182,0.4763313744749342,0.5046578645706177,3.3598674427379263,0.00962320368593087,3.356680898955374,22,4,False,False,False
EXP-T138,primary,0,101,0.01,0.0001,27,189,0.5288043575627464,0.5033666292826334,3.359311190518466,0.009592885397135707,3.356680898955374,22,5,False,False,False
EXP-T138,primary,0,101,0.01,0.0001,28,196,0.4710897337229523,0.506390372912089,3.3606072628136836,0.009561446219345454,3.356680898955374,22,6,False,False,False
EXP-T138,primary,0,101,0.01,0.0001,29,203,0.4868065555180822,0.5082912047704061,3.361410429983428,0.009528893909706798,3.356680898955374,22,7,False,False,False
EXP-T138,primary,0,101,0.01,0.0001,30,210,0.5252983229500907,0.5127541323502859,3.3632634480794272,0.009495236500015047,3.356680898955374,22,8,False,False,False
EXP-T138,primary,0,101,0.01,0.0001,31,217,0.5665386617183685,0.5189855297406515,3.3700630881569604,0.00946048229473242,3.356680898955374,22,9,False,False,False
EXP-T138,primary,0,101,0.01,0.0001,32,224,0.5878857842513493,0.5247590243816376,3.3768463134765625,0.009424639868939034,3.356680898955374,22,10,False,False,False
EXP-T138,primary,0,101,0.01,0.0001,33,231,0.5522850837026324,0.5212007264296213,3.3726882934570312,0.009387718066217124,3.356680898955374,22,11,False,False,False
EXP-T138,primary,0,101,0.01,0.0001,34,238,0.5221205055713654,0.5237536430358887,3.3756783225319604,0.009349725996469048,3.356680898955374,22,12,False,False,False
EXP-T138,primary,0,101,0.01,0.0001,35,245,0.502817439181464,0.5270020167032877,3.379431291060014,0.00931067303366952,3.356680898955374,22,13,False,False,False
EXP-T138,primary,0,101,0.01,0.0001,36,252,0.47478710068389773,0.5207271774609884,3.372129266912287,0.009270568813552756,3.356680898955374,22,14,False,False,False
EXP-T138,primary,0,101,0.01,0.0001,37,259,0.5810884577887399,0.5196337799231211,3.3708336570046167,0.009229423231234974,3.356680898955374,22,15,False,False,False
EXP-T138,primary,0,101,0.01,0.0001,38,266,0.5080780259200505,0.5236881474653879,3.375602028586648,0.009187246438772938,3.356680898955374,22,16,False,False,False
EXP-T138,primary,0,101,0.01,0.0001,39,273,0.5212086694581168,0.527239461739858,3.379703174937855,0.009144048842659082,3.356680898955374,22,17,False,False,False
EXP-T138,primary,0,101,0.01,0.0001,40,280,0.5201709015028817,0.5318571329116821,3.3849306973544033,0.009099841101253866,3.356680898955374,22,18,False,False,False
EXP-T138,primary,0,101,0.01,0.0001,41,287,0.47764918953180313,0.5353042880694071,3.388755104758523,0.00905463412215599,3.356680898955374,22,19,False,False,False
EXP-T138,primary,0,101,0.01,0.0001,42,294,0.4847238138318062,0.5343346496423086,3.3876862959428267,0.0090084390595111,3.356680898955374,22,20,False,False,False
EXP-T138,primary,0,101,0.01,0.0001,43,301,0.4744007443743093,0.5277759631474813,3.3803169944069604,0.008961267311259666,3.356680898955374,22,21,False,False,False
EXP-T138,primary,0,101,0.01,0.0001,44,308,0.5081224569252559,0.5237448116143545,3.375667918812145,0.008913130516324731,3.356680898955374,22,22,False,False,False
EXP-T138,primary,0,101,0.01,0.0001,45,315,0.48072054237127304,0.5236823757489523,3.3755950927734375,0.008864040551740157,3.356680898955374,22,23,False,False,False
EXP-T138,primary,0,101,0.01,0.0001,46,322,0.49984554946422577,0.518643339474996,3.369654568758878,0.008814009529720154,3.356680898955374,22,24,False,False,False
EXP-T138,primary,0,101,0.01,0.0001,47,329,0.4966047831944057,0.5122946500778198,3.363074793960109,0.008763049794670776,3.356680898955374,22,25,False,False,False
EXP-T138,primary,0,101,0.01,0.0001,48,336,0.614410766533443,0.5061437884966532,3.3605023008404356,0.008711173920144118,3.356680898955374,22,26,False,False,False
EXP-T138,primary,0,101,0.01,0.0001,49,343,0.4990295044013432,0.5064892470836639,3.3606491088867188,0.008658394705735987,3.356680898955374,22,27,False,False,False
EXP-T138,primary,0,101,0.01,0.0001,50,350,0.5515616834163666,0.5089966058731079,3.361706358013731,0.008604725173927784,3.356680898955374,22,28,False,False,False
EXP-T138,primary,0,101,0.01,0.0001,51,357,0.4939781299659184,0.5060200095176697,3.360449588660038,0.00855017856687341,3.356680898955374,22,29,False,False,False
EXP-T138,primary,0,101,0.01,0.0001,52,364,0.4739111560795988,0.5021772583325704,3.3587949348218515,0.008494768343131955,3.356680898955374,22,30,False,True,False
EXP-T138,primary,1,101,1e-05,1.0000000000000001e-07,1,6,0.5729129314422607,0.4228335116058588,3.6645278930664062,1e-05,3.6645278930664062,1,0,True,False,False
EXP-T138,primary,1,101,1e-05,1.0000000000000001e-07,2,12,0.5724415431420008,0.42281452255944413,3.664610429243608,9.99938933078422e-06,3.6645278930664062,1,1,False,False,False
EXP-T138,primary,1,101,1e-05,1.0000000000000001e-07,3,18,0.5470288544893265,0.4232951045657198,3.670830004142992,9.997557473810373e-06,3.6645278930664062,1,2,False,False,False
EXP-T138,primary,1,101,1e-05,1.0000000000000001e-07,4,24,0.5713713243603706,0.4239591006189585,3.6796204538056343,9.994504881061752e-06,3.6645278930664062,1,3,False,False,False
EXP-T138,primary,1,101,1e-05,1.0000000000000001e-07,5,30,0.5594869901736578,0.42377222639818984,3.6774846857244317,9.990232305719944e-06,3.6645278930664062,1,4,False,False,False
EXP-T138,primary,1,101,1e-05,1.0000000000000001e-07,6,36,0.5595847020546595,0.4235255876556039,3.674455584901752,9.984740801978984e-06,3.6645278930664062,1,5,False,False,False
EXP-T138,primary,1,101,1e-05,1.0000000000000001e-07,7,42,0.5630457897981008,0.4231421435251832,3.669492316968513,9.978031724785247e-06,3.6645278930664062,1,6,False,False,False
EXP-T138,primary,1,101,1e-05,1.0000000000000001e-07,8,48,0.5550694564978281,0.4232569799448053,3.6709345037286933,9.97010672950314e-06,3.6645278930664062,1,7,False,False,False
EXP-T138,primary,1,101,1e-05,1.0000000000000001e-07,9,54,0.5774287581443787,0.42311214314152795,3.6696342699455493,9.960967771506666e-06,3.6645278930664062,1,8,False,False,False
EXP-T138,primary,1,101,1e-05,1.0000000000000001e-07,10,60,0.554582471648852,0.42301762911180657,3.668899304939039,9.950617105696961e-06,3.6645278930664062,1,9,False,False,False
EXP-T138,primary,1,101,1e-05,1.0000000000000001e-07,11,66,0.5558905055125555,0.4228670730565985,3.66749618992661,9.939057285945933e-06,3.6645278930664062,1,10,False,False,False
EXP-T138,primary,1,101,1e-05,1.0000000000000001e-07,12,72,0.5333162148793539,0.42272410976390046,3.665944648511482,9.926291164466131e-06,3.6645278930664062,1,11,False,False,False
EXP-T138,primary,1,101,1e-05,1.0000000000000001e-07,13,78,0.5686097492774328,0.4226417156557242,3.665043917569247,9.91232189110701e-06,3.6645278930664062,1,12,False,False,False
EXP-T138,primary,1,101,1e-05,1.0000000000000001e-07,14,84,0.5625236481428146,0.4229062196488182,3.6684977213541665,9.897152912577742e-06,3.6645278930664062,1,13,False,False,False
EXP-T138,primary,1,101,1e-05,1.0000000000000001e-07,15,90,0.545846884449323,0.422789662455519,3.6674203583688447,9.8807879715968e-06,3.6645278930664062,1,14,False,False,False
EXP-T138,primary,1,101,1e-05,1.0000000000000001e-07,16,96,0.5591123352448145,0.4229079134141405,3.6689628832267993,9.8632311059685e-06,3.6645278930664062,1,15,False,False,False
EXP-T138,primary,1,101,1e-05,1.0000000000000001e-07,17,102,0.5480481584866842,0.42287850969781476,3.668885664506392,9.844486647586724e-06,3.6645278930664062,1,16,False,False,False
EXP-T138,primary,1,101,1e-05,1.0000000000000001e-07,18,108,0.5540199726819992,0.4226866153379281,3.66695820201527,9.824559221366101e-06,3.6645278930664062,1,17,False,False,False
EXP-T138,primary,1,101,1e-05,1.0000000000000001e-07,19,114,0.5655203958352407,0.4224194859464963,3.663488908247514,9.803453744100868e-06,3.663488908247514,19,0,True,False,False
EXP-T138,primary,1,101,1e-05,1.0000000000000001e-07,20,120,0.5699318448702494,0.4222472955783208,3.6604630441376655,9.781175423251734e-06,3.6604630441376655,20,0,True,False,False
EXP-T138,primary,1,101,1e-05,1.0000000000000001e-07,21,126,0.562514508763949,0.42213035374879837,3.656935027151397,9.757729755661012e-06,3.656935027151397,21,0,True,False,False
EXP-T138,primary,1,101,1e-05,1.0000000000000001e-07,22,132,0.5844939897457758,0.42211921450992423,3.6576145056522256,9.73312252619635e-06,3.656935027151397,21,1,False,False,False
EXP-T138,primary,1,101,1e-05,1.0000000000000001e-07,23,138,0.5597698440154394,0.42208292583624524,3.6574087431936553,9.707359806323418e-06,3.656935027151397,21,2,False,False,False
EXP-T138,primary,1,101,1e-05,1.0000000000000001e-07,24,144,0.5676967352628708,0.422024958456556,3.6554183959960938,9.680447952607845e-06,3.6554183959960938,24,0,True,False,False
EXP-T138,primary,1,101,1e-05,1.0000000000000001e-07,25,150,0.5647551218668619,0.4220339246094227,3.6515782674153647,9.652393605146845e-06,3.6515782674153647,25,0,True,False,False
EXP-T138,primary,1,101,1e-05,1.0000000000000001e-07,26,156,0.553042083978653,0.421993978942434,3.652114405776515,9.62320368593087e-06,3.6515782674153647,25,1,False,False,False
EXP-T138,primary,1,101,1e-05,1.0000000000000001e-07,27,162,0.5689253658056259,0.4219758113225301,3.652285489169034,9.592885397135707e-06,3.6515782674153647,25,2,False,False,False
EXP-T138,primary,1,101,1e-05,1.0000000000000001e-07,28,168,0.5680651714404424,0.4219367230931918,3.6556253144235322,9.561446219345455e-06,3.6515782674153647,25,3,False,False,False
EXP-T138,primary,1,101,1e-05,1.0000000000000001e-07,29,174,0.5527687271436056,0.4219235305984815,3.656744523481889,9.528893909706798e-06,3.6515782674153647,25,4,False,False,False
EXP-T138,primary,1,101,1e-05,1.0000000000000001e-07,30,180,0.5692143688599268,0.42188589212795097,3.6553217569986978,9.495236500015048e-06,3.6515782674153647,25,5,False,False,False
EXP-T138,primary,1,101,1e-05,1.0000000000000001e-07,31,186,0.583917905886968,0.4218619515498479,3.6549997040719697,9.460482294732422e-06,3.6515782674153647,25,6,False,False,False
EXP-T138,primary,1,101,1e-05,1.0000000000000001e-07,32,192,0.5646806508302689,0.42185529383520287,3.6570758241595644,9.424639868939035e-06,3.6515782674153647,25,7,False,False,False
EXP-T138,primary,1,101,1e-05,1.0000000000000001e-07,33,198,0.5465157528718313,0.4218197495987018,3.6559637821081914,9.387718066217125e-06,3.6515782674153647,25,8,False,False,False
EXP-T138,primary,1,101,1e-05,1.0000000000000001e-07,34,204,0.5855273107687632,0.42186442638436955,3.6593355121034565,9.349725996469047e-06,3.6515782674153647,25,9,False,False,False
EXP-T138,primary,1,101,1e-05,1.0000000000000001e-07,35,210,0.5500395397345225,0.4218879733234644,3.6607284545898438,9.310673033669522e-06,3.6515782674153647,25,10,False,False,False
EXP-T138,primary,1,101,1e-05,1.0000000000000001e-07,36,216,0.5686045537392298,0.4219314232468605,3.6621782707445547,9.270568813552757e-06,3.6515782674153647,25,11,False,False,False
EXP-T138,primary,1,101,1e-05,1.0000000000000001e-07,37,222,0.5462450683116913,0.4218303592254718,3.6603384306936553,9.229423231234975e-06,3.6515782674153647,25,12,False,False,False
EXP-T138,primary,1,101,1e-05,1.0000000000000001e-07,38,228,0.5511570970217387,0.4218181222677231,3.6605599143288354,9.18724643877294e-06,3.6515782674153647,25,13,False,False,False
EXP-T138,primary,1,101,1e-05,1.0000000000000001e-07,39,234,0.5549532969792684,0.42176982822517556,3.6595653187144888,9.144048842659081e-06,3.6515782674153647,25,14,False,False,False
EXP-T138,primary,1,101,1e-05,1.0000000000000001e-07,40,240,0.5548942039410273,0.42171231657266617,3.657873211484967,9.099841101253867e-06,3.6515782674153647,25,15,False,False,False
EXP-T138,primary,1,101,1e-05,1.0000000000000001e-07,41,246,0.5542687028646469,0.4217026835928361,3.658414667302912,9.054634122155991e-06,3.6515782674153647,25,16,False,False,False
EXP-T138,primary,1,101,1e-05,1.0000000000000001e-07,42,252,0.5613387872775396,0.421699417134126,3.659523935029001,9.0084390595111e-06,3.6515782674153647,25,17,False,False,False
EXP-T138,primary,1,101,1e-05,1.0000000000000001e-07,43,258,0.5571939696868261,0.4216980996231238,3.6602267641009707,8.961267311259668e-06,3.6515782674153647,25,18,False,False,False
EXP-T138,primary,1,101,1e-05,1.0000000000000001e-07,44,264,0.5617920557657877,0.42162985851367313,3.6588016856800425,8.913130516324733e-06,3.6515782674153647,25,19,False,False,False
EXP-T138,primary,1,101,1e-05,1.0000000000000001e-07,45,270,0.5657530725002289,0.4215856498728196,3.6577363447709517,8.864040551740158e-06,3.6515782674153647,25,20,False,False,False
EXP-T138,primary,1,101,1e-05,1.0000000000000001e-07,46,276,0.5339526285727819,0.42154756126304466,3.6562678019205728,8.814009529720155e-06,3.6515782674153647,25,21,False,False,False
EXP-T138,primary,1,101,1e-05,1.0000000000000001e-07,47,282,0.5406093249718348,0.42152245342731476,3.655751083836411,8.763049794670776e-06,3.6515782674153647,25,22,False,False,False
EXP-T138,primary,1,101,1e-05,1.0000000000000001e-07,48,288,0.5741334309180578,0.4215050656348467,3.6546457464044746,8.711173920144118e-06,3.6515782674153647,25,23,False,False,False
EXP-T138,primary,1,101,1e-05,1.0000000000000001e-07,49,294,0.5486548840999603,0.42149048298597336,3.654010194720644,8.658394705735988e-06,3.6515782674153647,25,24,False,False,False
EXP-T138,primary,1,101,1e-05,1.0000000000000001e-07,50,300,0.5622858305772146,0.4214644593497117,3.6560139511570786,8.604725173927786e-06,3.6515782674153647,25,25,False,False,False
EXP-T138,primary,1,101,1e-05,1.0000000000000001e-07,51,306,0.5517635444800059,0.421444334089756,3.6537311438358193,8.550178566873412e-06,3.6515782674153647,25,26,False,False,False
EXP-T138,primary,1,101,1e-05,1.0000000000000001e-07,52,312,0.5522657632827759,0.42143264847497147,3.6531788219105112,8.494768343131955e-06,3.6515782674153647,25,27,False,False,False
EXP-T138,primary,1,101,1e-05,1.0000000000000001e-07,53,318,0.5484327971935272,0.42141207059224445,3.6556292447176846,8.43850817434701e-06,3.6515782674153647,25,28,False,False,False
EXP-T138,primary,1,101,1e-05,1.0000000000000001e-07,54,324,0.5704612930615743,0.4214188742140929,3.6574489709102744,8.381411941873379e-06,3.6515782674153647,25,29,False,False,False
EXP-T138,primary,1,101,1e-05,1.0000000000000001e-07,55,330,0.536687821149826,0.42144339593748253,3.659032185872396,8.323493733352078e-06,3.6515782674153647,25,30,False,True,False
EXP-T138,primary,1,101,0.0001,1.0000000000000002e-06,1,6,0.5804727425177892,0.42389147635549307,3.679850029222893,0.0001,3.679850029222893,1,0,True,False,False
EXP-T138,primary,1,101,0.0001,1.0000000000000002e-06,2,12,0.5535189012686411,0.431825948258241,3.599981828169389,9.99938933078422e-05,3.599981828169389,2,0,True,False,False
EXP-T138,primary,1,101,0.0001,1.0000000000000002e-06,3,18,0.5830853581428528,0.4216829612851143,3.6511505589340674,9.997557473810373e-05,3.599981828169389,2,1,False,False,False
EXP-T138,primary,1,101,0.0001,1.0000000000000002e-06,4,24,0.5663372079531351,0.4308714207824475,3.7232182820638022,9.994504881061753e-05,3.599981828169389,2,2,False,False,False
EXP-T138,primary,1,101,0.0001,1.0000000000000002e-06,5,30,0.5523981402317683,0.4222383005544543,3.6681428389115767,9.990232305719945e-05,3.599981828169389,2,3,False,False,False
EXP-T138,primary,1,101,0.0001,1.0000000000000002e-06,6,36,0.5577555249134699,0.4210390765219927,3.655970255533854,9.984740801978984e-05,3.599981828169389,2,4,False,False,False
EXP-T138,primary,1,101,0.0001,1.0000000000000002e-06,7,42,0.5623793403307596,0.42088263978560764,3.6403505729906485,9.978031724785247e-05,3.599981828169389,2,5,False,False,False
EXP-T138,primary,1,101,0.0001,1.0000000000000002e-06,8,48,0.5707592616478602,0.4204513765871525,3.650091229063092,9.97010672950314e-05,3.599981828169389,2,6,False,False,False
EXP-T138,primary,1,101,0.0001,1.0000000000000002e-06,9,54,0.5461253672838211,0.4205761384218931,3.6385537349816524,9.960967771506667e-05,3.599981828169389,2,7,False,False,False
EXP-T138,primary,1,101,0.0001,1.0000000000000002e-06,10,60,0.5528581142425537,0.42016626087327796,3.640412070534446,9.95061710569696e-05,3.599981828169389,2,8,False,False,False
EXP-T138,primary,1,101,0.0001,1.0000000000000002e-06,11,66,0.5500494043032328,0.4203041239331166,3.6330134073893228,9.939057285945933e-05,3.599981828169389,2,9,False,False,False
EXP-T138,primary,1,101,0.0001,1.0000000000000002e-06,12,72,0.5412179678678513,0.4219116655488809,3.6174173066110322,9.926291164466132e-05,3.599981828169389,2,10,False,False,False
EXP-T138,primary,1,101,0.0001,1.0000000000000002e-06,13,78,0.5572457661231359,0.41912965290248394,3.6506012425278174,9.91232189110701e-05,3.599981828169389,2,11,False,False,False
EXP-T138,primary,1,101,0.0001,1.0000000000000002e-06,14,84,0.5559450363119444,0.4276497089570815,3.693124482125947,9.897152912577741e-05,3.599981828169389,2,12,False,False,False
EXP-T138,primary,1,101,0.0001,1.0000000000000002e-06,15,90,0.5449621876080831,0.4189901997645696,3.6529411547111743,9.8807879715968e-05,3.599981828169389,2,13,False,False,False
EXP-T138,primary,1,101,0.0001,1.0000000000000002e-06,16,96,0.5555337915817896,0.41837793961167336,3.6461650963985557,9.8632311059685e-05,3.599981828169389,2,14,False,False,False
EXP-T138,primary,1,101,0.0001,1.0000000000000002e-06,17,102,0.5505625357230505,0.4181295797849695,3.6419723973129736,9.844486647586725e-05,3.599981828169389,2,15,False,False,False
EXP-T138,primary,1,101,0.0001,1.0000000000000002e-06,18,108,0.559153159459432,0.41856209312876064,3.633785363399621,9.824559221366101e-05,3.599981828169389,2,16,False,False,False
EXP-T138,primary,1,101,0.0001,1.0000000000000002e-06,19,114,0.5454568515221278,0.4204090014100075,3.6335088556463067,9.803453744100869e-05,3.599981828169389,2,17,False,False,False
EXP-T138,primary,1,101,0.0001,1.0000000000000002e-06,20,120,0.5258445143699646,0.4175856119642655,3.64598037257339,9.781175423251735e-05,3.599981828169389,2,18,False,False,False
EXP-T138,primary,1,101,0.0001,1.0000000000000002e-06,21,126,0.5338382373253504,0.417934810432295,3.655656756776752,9.757729755661011e-05,3.599981828169389,2,19,False,False,False
EXP-T138,primary,1,101,0.0001,1.0000000000000002e-06,22,132,0.5508508036533991,0.4203769232844934,3.6720354484789297,9.73312252619635e-05,3.599981828169389,2,20,False,False,False
EXP-T138,primary,1,101,0.0001,1.0000000000000002e-06,23,138,0.5453749199708303,0.4208517149866869,3.6946586840080493,9.707359806323417e-05,3.599981828169389,2,21,False,False,False
EXP-T138,primary,1,101,0.0001,1.0000000000000002e-06,24,144,0.5202480504910151,0.4206639342010021,3.727608420632102,9.680447952607845e-05,3.599981828169389,2,22,False,False,False
EXP-T138,primary,1,101,0.0001,1.0000000000000002e-06,25,150,0.5206001897652944,0.427329462642471,3.760541973691998,9.652393605146844e-05,3.599981828169389,2,23,False,False,False
EXP-T138,primary,1,101,0.0001,1.0000000000000002e-06,26,156,0.49378815790017444,0.42590314083887887,3.7778447469075522,9.623203685930869e-05,3.599981828169389,2,24,False,False,False
EXP-T138,primary,1,101,0.0001,1.0000000000000002e-06,27,162,0.49119917551676434,0.4287911457164834,3.805539217862216,9.592885397135707e-05,3.599981828169389,2,25,False,False,False
EXP-T138,primary,1,101,0.0001,1.0000000000000002e-06,28,168,0.47437042991320294,0.43358896891974535,3.8424587827740293,9.561446219345454e-05,3.599981828169389,2,26,False,False,False
EXP-T138,primary,1,101,0.0001,1.0000000000000002e-06,29,174,0.4987846687436104,0.43884521049828135,3.877988641912287,9.528893909706797e-05,3.599981828169389,2,27,False,False,False
EXP-T138,primary,1,101,0.0001,1.0000000000000002e-06,30,180,0.4853387475013733,0.44315387049573474,3.904836250073982,9.495236500015047e-05,3.599981828169389,2,28,False,False,False
EXP-T138,primary,1,101,0.0001,1.0000000000000002e-06,31,186,0.4684900591770808,0.45303083793260157,3.9688156590317236,9.460482294732421e-05,3.599981828169389,2,29,False,False,False
EXP-T138,primary,1,101,0.0001,1.0000000000000002e-06,32,192,0.4727047383785248,0.4555444181120644,3.9752164898496685,9.424639868939033e-05,3.599981828169389,2,30,False,True,False
EXP-T138,primary,1,101,0.001,1e-05,1,6,0.6033589243888855,0.5464897354443868,3.7707013216885654,0.001,3.7707013216885654,1,0,True,False,False
EXP-T138,primary,1,101,0.001,1e-05,2,12,0.5906476378440857,0.6426374713579813,4.69766582142223,0.000999938933078422,3.7707013216885654,1,1,False,False,False
EXP-T138,primary,1,101,0.001,1e-05,3,18,0.6608244776725769,0.4888027062018712,3.719907587224787,0.0009997557473810372,3.719907587224787,3,0,True,False,False
EXP-T138,primary,1,101,0.001,1e-05,4,24,0.5838180383046468,0.4186137244105339,3.6407780502781724,0.0009994504881061753,3.6407780502781724,4,0,True,False,False
EXP-T138,primary,1,101,0.001,1e-05,5,30,0.5926007777452469,0.41733666385213536,3.6417240952000474,0.0009990232305719944,3.6407780502781724,4,1,False,False,False
EXP-T138,primary,1,101,0.001,1e-05,6,36,0.5531597882509232,0.4487460640569528,3.7744108257871685,0.0009984740801978985,3.6407780502781724,4,2,False,False,False
EXP-T138,primary,1,101,0.001,1e-05,7,42,0.5695787221193314,0.46760080258051556,3.847531867749763,0.0009978031724785245,3.6407780502781724,4,3,False,False,False
EXP-T138,primary,1,101,0.001,1e-05,8,48,0.5209734092156092,0.46108866731325787,3.9008543997099907,0.000997010672950314,3.6407780502781724,4,4,False,False,False
EXP-T138,primary,1,101,0.001,1e-05,9,54,0.4664867619673411,0.45093661608795327,3.8287224047111743,0.0009960967771506667,3.6407780502781724,4,5,False,False,False
EXP-T138,primary,1,101,0.001,1e-05,10,60,0.44017518560091656,0.5134456058343252,4.019733313358191,0.000995061710569696,3.6407780502781724,4,6,False,False,False
EXP-T138,primary,1,101,0.001,1e-05,11,66,0.4161844700574875,0.4534190818667412,3.761439236727628,0.0009939057285945933,3.6407780502781724,4,7,False,False,False
EXP-T138,primary,1,101,0.001,1e-05,12,72,0.4258369952440262,0.4350073520715038,3.7815826878403174,0.000992629116446613,3.6407780502781724,4,8,False,False,False
EXP-T138,primary,1,101,0.001,1e-05,13,78,0.44206734001636505,0.43063622433692217,3.765496687455611,0.000991232189110701,3.6407780502781724,4,9,False,False,False
EXP-T138,primary,1,101,0.001,1e-05,14,84,0.41930123170216876,0.5387226541837057,3.951781648578066,0.0009897152912577741,3.6407780502781724,4,10,False,False,False
EXP-T138,primary,1,101,0.001,1e-05,15,90,0.33262444535891217,0.5542331586281458,4.212154735218395,0.00098807879715968,3.6407780502781724,4,11,False,False,False
EXP-T138,primary,1,101,0.001,1e-05,16,96,0.3097678820292155,0.4858389695485433,4.016494057395241,0.00098632311059685,3.6407780502781724,4,12,False,False,False
EXP-T138,primary,1,101,0.001,1e-05,17,102,0.32485778878132504,0.582698404788971,4.0653383659593985,0.0009844486647586723,3.6407780502781724,4,13,False,False,False
EXP-T138,primary,1,101,0.001,1e-05,18,108,0.315101924041907,0.49277987082799274,3.9740747393983784,0.00098245592213661,3.6407780502781724,4,14,False,False,False
EXP-T138,primary,1,101,0.001,1e-05,19,114,0.2617206970850627,0.4300084346714357,3.759751637776693,0.0009803453744100868,3.6407780502781724,4,15,False,False,False
EXP-T138,primary,1,101,0.001,1e-05,20,120,0.26523419221242267,0.5744974712530772,4.276900551535866,0.0009781175423251734,3.6407780502781724,4,16,False,False,False
EXP-T138,primary,1,101,0.001,1e-05,21,126,0.2887566089630127,0.5291977922121683,4.360792564623283,0.0009757729755661011,3.6407780502781724,4,17,False,False,False
EXP-T138,primary,1,101,0.001,1e-05,22,132,0.2883509074648221,0.5931469798088074,4.453372146144058,0.0009733122526196349,3.6407780502781724,4,18,False,False,False
EXP-T138,primary,1,101,0.001,1e-05,23,138,0.2581432908773422,0.5465323577324549,4.061007644190933,0.0009707359806323416,3.6407780502781724,4,19,False,False,False
EXP-T138,primary,1,101,0.001,1e-05,24,144,0.26150715351104736,0.4735385642610102,4.050265225497159,0.0009680447952607845,3.6407780502781724,4,20,False,False,False
EXP-T138,primary,1,101,0.001,1e-05,25,150,0.22991294662157694,0.44661692157387733,3.8134060483990293,0.0009652393605146844,3.6407780502781724,4,21,False,False,False
EXP-T138,primary,1,101,0.001,1e-05,26,156,0.2386807898680369,0.48913853863875073,3.9556364579634233,0.000962320368593087,3.6407780502781724,4,22,False,False,False
EXP-T138,primary,1,101,0.001,1e-05,27,162,0.21174602707227072,0.5766113797823588,4.107368122447621,0.0009592885397135706,3.6407780502781724,4,23,False,False,False
EXP-T138,primary,1,101,0.001,1e-05,28,168,0.22503287345170975,0.4540050763171166,3.8670404607599433,0.0009561446219345453,3.6407780502781724,4,24,False,False,False
EXP-T138,primary,1,101,0.001,1e-05,29,174,0.2164794554313024,0.49792591234048206,3.9174603548916904,0.0009528893909706797,3.6407780502781724,4,25,False,False,False
EXP-T138,primary,1,101,0.001,1e-05,30,180,0.2412139649192492,0.4522694597641627,3.833433555834221,0.0009495236500015047,3.6407780502781724,4,26,False,False,False
EXP-T138,primary,1,101,0.001,1e-05,31,186,0.20610281825065613,0.46952184413870174,3.955708474823923,0.0009460482294732421,3.6407780502781724,4,27,False,False,False
EXP-T138,primary,1,101,0.001,1e-05,32,192,0.19455498829483986,0.5624673441052437,4.575022610751065,0.0009424639868939033,3.6407780502781724,4,28,False,False,False
EXP-T138,primary,1,101,0.001,1e-05,33,198,0.2079333340128263,0.45937940664589405,3.8753338438091856,0.0009387718066217125,3.6407780502781724,4,29,False,False,False
EXP-T138,primary,1,101,0.001,1e-05,34,204,0.16056168700257936,0.448263222972552,3.801644296357126,0.0009349725996469047,3.6407780502781724,4,30,False,True,False
EXP-T138,primary,1,101,0.01,0.0001,1,6,2.6110584338506064,2.5723934173583984,12.89704686945135,0.01,12.89704686945135,1,0,True,False,False
EXP-T138,primary,1,101,0.01,0.0001,2,12,1.9136296013991039,0.5905235409736633,3.9239603678385415,0.00999938933078422,3.9239603678385415,2,0,True,False,False
EXP-T138,primary,1,101,0.01,0.0001,3,18,0.9343546330928802,0.4234539332489173,3.6265945434570312,0.009997557473810372,3.6265945434570312,3,0,True,False,False
EXP-T138,primary,1,101,0.01,0.0001,4,24,0.5772221783796946,0.423161081969738,3.628136143539891,0.009994504881061753,3.6265945434570312,3,1,False,False,False
EXP-T138,primary,1,101,0.01,0.0001,5,30,0.6888003448645273,0.4277210632960002,3.6767568877249053,0.009990232305719944,3.6265945434570312,3,2,False,False,False
EXP-T138,primary,1,101,0.01,0.0001,6,36,0.6785229245821635,0.42357904588182765,3.6255144061464253,0.009984740801978984,3.6255144061464253,6,0,True,False,False
EXP-T138,primary,1,101,0.01,0.0001,7,42,0.5461933463811874,0.42347829788923264,3.626119209058357,0.009978031724785246,3.6255144061464253,6,1,False,False,False
EXP-T138,primary,1,101,0.01,0.0001,8,48,0.5558102577924728,0.42269865423440933,3.631484754157789,0.00997010672950314,3.6255144061464253,6,2,False,False,False
EXP-T138,primary,1,101,0.01,0.0001,9,54,0.5548934390147527,0.42218459273378056,3.63618515477036,0.009960967771506667,3.6255144061464253,6,3,False,False,False
EXP-T138,primary,1,101,0.01,0.0001,10,60,0.5546829501787821,0.42168922287722427,3.6437139800100615,0.00995061710569696,3.6255144061464253,6,4,False,False,False
EXP-T138,primary,1,101,0.01,0.0001,11,66,0.5542045533657074,0.421598785246412,3.6468905824603457,0.009939057285945933,3.6255144061464253,6,5,False,False,False
EXP-T138,primary,1,101,0.01,0.0001,12,72,0.5541164875030518,0.4215764695157607,3.6494131377249053,0.00992629116446613,3.6255144061464253,6,6,False,False,False
EXP-T138,primary,1,101,0.01,0.0001,13,78,0.5580292294422785,0.4216236975044012,3.6531411373254024,0.00991232189110701,3.6255144061464253,6,7,False,False,False
EXP-T138,primary,1,101,0.01,0.0001,14,84,0.5544809078176817,0.421782153348128,3.6571680704752603,0.00989715291257774,3.6255144061464253,6,8,False,False,False
EXP-T138,primary,1,101,0.01,0.0001,15,90,0.5539730787277222,0.42169903591275215,3.6554056803385415,0.0098807879715968,3.6255144061464253,6,9,False,False,False
EXP-T138,primary,1,101,0.01,0.0001,16,96,0.5545010020335516,0.42178075077633065,3.6571410208037407,0.0098632311059685,3.6255144061464253,6,10,False,False,False
EXP-T138,primary,1,101,0.01,0.0001,17,102,0.553996741771698,0.4217038471251726,3.6555208148378315,0.009844486647586723,3.6255144061464253,6,11,False,False,False
EXP-T138,primary,1,101,0.01,0.0001,18,108,0.5539788206418356,0.42166750381390256,3.6545810121478457,0.0098245592213661,3.6255144061464253,6,12,False,False,False
EXP-T138,primary,1,101,0.01,0.0001,19,114,0.9048443734645844,0.9207661151885986,6.141435796564275,0.009803453744100868,3.6255144061464253,6,13,False,False,False
EXP-T138,primary,1,101,0.01,0.0001,20,120,0.6346982171138128,0.42159367228547734,3.6472026940548057,0.009781175423251734,3.6255144061464253,6,14,False,False,False
EXP-T138,primary,1,101,0.01,0.0001,21,126,0.5544542421897253,0.421633942052722,3.6453522190903174,0.009757729755661011,3.6255144061464253,6,15,False,False,False
EXP-T138,primary,1,101,0.01,0.0001,22,132,0.5541873971621195,0.42158011967937153,3.6484116062973486,0.009733122526196349,3.6255144061464253,6,16,False,False,False
EXP-T138,primary,1,101,0.01,0.0001,23,138,0.5544305443763733,0.4215765241533518,3.649560870546283,0.009707359806323416,3.6255144061464253,6,17,False,False,False
EXP-T138,primary,1,101,0.01,0.0001,24,144,0.5540109177430471,0.42157679609954357,3.649738427364465,0.009680447952607845,3.6255144061464253,6,18,False,False,False
EXP-T138,primary,1,101,0.01,0.0001,25,150,0.5541809697945913,0.4215782079845667,3.6487237178918086,0.009652393605146845,3.6255144061464253,6,19,False,False,False
EXP-T138,primary,1,101,0.01,0.0001,26,156,0.5540006558100382,0.4216006938368082,3.652090361624053,0.00962320368593087,3.6255144061464253,6,20,False,False,False
EXP-T138,primary,1,101,0.01,0.0001,27,162,0.5539403061072031,0.4216223234931628,3.6530877315636836,0.009592885397135707,3.6255144061464253,6,21,False,False,False
EXP-T138,primary,1,101,0.01,0.0001,28,168,0.5541009952624639,0.42170628532767296,3.6555790756687974,0.009561446219345454,3.6255144061464253,6,22,False,False,False
EXP-T138,primary,1,101,0.01,0.0001,29,174,0.5540334582328796,0.42174444409708184,3.656423857717803,0.009528893909706798,3.6255144061464253,6,23,False,False,False
EXP-T138,primary,1,101,0.01,0.0001,30,180,0.5540635387102762,0.42165763179461163,3.654294563062263,0.009495236500015047,3.6255144061464253,6,24,False,False,False
EXP-T138,primary,1,101,0.01,0.0001,31,186,0.5539213021596273,0.42162659391760826,3.653253497499408,0.00946048229473242,3.6255144061464253,6,25,False,False,False
EXP-T138,primary,1,101,0.01,0.0001,32,192,0.55415145556132,0.4216962456703186,3.6553363222064394,0.009424639868939034,3.6255144061464253,6,26,False,False,False
EXP-T138,primary,1,101,0.01,0.0001,33,198,0.5540845642487208,0.42162569674352807,3.653219512014678,0.009387718066217124,3.6255144061464253,6,27,False,False,False
EXP-T138,primary,1,101,0.01,0.0001,34,204,0.5539225389560064,0.4216373631109794,3.653643983783144,0.009349725996469048,3.6255144061464253,6,28,False,False,False
EXP-T138,primary,1,101,0.01,0.0001,35,210,0.5538748552401861,0.4216474847247203,3.653979677142519,0.00931067303366952,3.6255144061464253,6,29,False,False,False
EXP-T138,primary,1,101,0.01,0.0001,36,216,0.554103285074234,0.4217038539548715,3.6555215084191524,0.009270568813552756,3.6255144061464253,6,30,False,True,False
EXP-T138,primary,2,101,1e-05,1.0000000000000001e-07,1,7,0.49817545605557306,0.6350969076156616,3.636749505996704,1e-05,3.636749505996704,1,0,True,False,False
EXP-T138,primary,2,101,1e-05,1.0000000000000001e-07,2,14,0.5407982894352504,0.6348370611667633,3.6350526809692383,9.99938933078422e-06,3.6350526809692383,2,0,True,False,False
EXP-T138,primary,2,101,1e-05,1.0000000000000001e-07,3,21,0.6709414805684771,0.634735643863678,3.6345274448394775,9.997557473810373e-06,3.6345274448394775,3,0,True,False,False
EXP-T138,primary,2,101,1e-05,1.0000000000000001e-07,4,28,0.6915022007056645,0.6343006491661072,3.6305313110351562,9.994504881061752e-06,3.6305313110351562,4,0,True,False,False
EXP-T138,primary,2,101,1e-05,1.0000000000000001e-07,5,35,0.6582708018166679,0.6340520977973938,3.6271843910217285,9.990232305719944e-06,3.6271843910217285,5,0,True,False,False
EXP-T138,primary,2,101,1e-05,1.0000000000000001e-07,6,42,0.5570282552923475,0.6339697241783142,3.6268258094787598,9.984740801978984e-06,3.6268258094787598,6,0,True,False,False
EXP-T138,primary,2,101,1e-05,1.0000000000000001e-07,7,49,0.5540364384651184,0.633857935667038,3.6257994174957275,9.978031724785247e-06,3.6257994174957275,7,0,True,False,False
EXP-T138,primary,2,101,1e-05,1.0000000000000001e-07,8,56,0.516735415108477,0.6337406039237976,3.6235289573669434,9.97010672950314e-06,3.6235289573669434,8,0,True,False,False
EXP-T138,primary,2,101,1e-05,1.0000000000000001e-07,9,63,0.5936935288565499,0.6336888074874878,3.621591091156006,9.960967771506666e-06,3.621591091156006,9,0,True,False,False
EXP-T138,primary,2,101,1e-05,1.0000000000000001e-07,10,70,0.6166445527757917,0.633650928735733,3.6241421699523926,9.950617105696961e-06,3.621591091156006,9,1,False,False,False
EXP-T138,primary,2,101,1e-05,1.0000000000000001e-07,11,77,0.5245171678917748,0.6335995495319366,3.6247682571411133,9.939057285945933e-06,3.621591091156006,9,2,False,False,False
EXP-T138,primary,2,101,1e-05,1.0000000000000001e-07,12,84,0.5509486879621234,0.6336034834384918,3.6260504722595215,9.926291164466131e-06,3.621591091156006,9,3,False,False,False
EXP-T138,primary,2,101,1e-05,1.0000000000000001e-07,13,91,0.6550271340778896,0.6335578262805939,3.626058578491211,9.91232189110701e-06,3.621591091156006,9,4,False,False,False
EXP-T138,primary,2,101,1e-05,1.0000000000000001e-07,14,98,0.5293794912951333,0.6335584819316864,3.626784086227417,9.897152912577742e-06,3.621591091156006,9,5,False,False,False
EXP-T138,primary,2,101,1e-05,1.0000000000000001e-07,15,105,0.5403103062084743,0.6335891783237457,3.6277804374694824,9.8807879715968e-06,3.621591091156006,9,6,False,False,False
EXP-T138,primary,2,101,1e-05,1.0000000000000001e-07,16,112,0.5516309440135956,0.6334551274776459,3.6266016960144043,9.8632311059685e-06,3.621591091156006,9,7,False,False,False
EXP-T138,primary,2,101,1e-05,1.0000000000000001e-07,17,119,0.5164899017129626,0.6333677172660828,3.6261684894561768,9.844486647586724e-06,3.621591091156006,9,8,False,False,False
EXP-T138,primary,2,101,1e-05,1.0000000000000001e-07,18,126,0.5178726390669388,0.6333431601524353,3.6264493465423584,9.824559221366101e-06,3.621591091156006,9,9,False,False,False
EXP-T138,primary,2,101,1e-05,1.0000000000000001e-07,19,133,0.6049069166183472,0.6334710419178009,3.6283137798309326,9.803453744100868e-06,3.621591091156006,9,10,False,False,False
EXP-T138,primary,2,101,1e-05,1.0000000000000001e-07,20,140,0.48448337774191585,0.6337281167507172,3.6307199001312256,9.781175423251734e-06,3.621591091156006,9,11,False,False,False
EXP-T138,primary,2,101,1e-05,1.0000000000000001e-07,21,147,0.5098677671381405,0.6335969865322113,3.629995822906494,9.757729755661012e-06,3.621591091156006,9,12,False,False,False
EXP-T138,primary,2,101,1e-05,1.0000000000000001e-07,22,154,0.5093125919146197,0.6335993111133575,3.6302268505096436,9.73312252619635e-06,3.621591091156006,9,13,False,False,False
EXP-T138,primary,2,101,1e-05,1.0000000000000001e-07,23,161,0.48002158956868307,0.6332115828990936,3.627380609512329,9.707359806323418e-06,3.621591091156006,9,14,False,False,False
EXP-T138,primary,2,101,1e-05,1.0000000000000001e-07,24,168,0.49788699658321484,0.6328553557395935,3.623861789703369,9.680447952607845e-06,3.621591091156006,9,15,False,False,False
EXP-T138,primary,2,101,1e-05,1.0000000000000001e-07,25,175,0.6032637783459255,0.632605642080307,3.6194100379943848,9.652393605146845e-06,3.6194100379943848,25,0,True,False,False
EXP-T138,primary,2,101,1e-05,1.0000000000000001e-07,26,182,0.6470374805586678,0.632538765668869,3.61891770362854,9.62320368593087e-06,3.61891770362854,26,0,True,False,False
EXP-T138,primary,2,101,1e-05,1.0000000000000001e-07,27,189,0.48501857689448763,0.6324644684791565,3.618194341659546,9.592885397135707e-06,3.618194341659546,27,0,True,False,False
EXP-T138,primary,2,101,1e-05,1.0000000000000001e-07,28,196,0.5908039893422808,0.6323988139629364,3.6176869869232178,9.561446219345455e-06,3.6176869869232178,28,0,True,False,False
EXP-T138,primary,2,101,1e-05,1.0000000000000001e-07,29,203,0.5372862986155919,0.6323380172252655,3.6170270442962646,9.528893909706798e-06,3.6170270442962646,29,0,True,False,False
EXP-T138,primary,2,101,1e-05,1.0000000000000001e-07,30,210,0.5509841697556632,0.6322957575321198,3.6170849800109863,9.495236500015048e-06,3.6170270442962646,29,1,False,False,False
EXP-T138,primary,2,101,1e-05,1.0000000000000001e-07,31,217,0.5105534637612956,0.632250964641571,3.6178789138793945,9.460482294732422e-06,3.6170270442962646,29,2,False,False,False
EXP-T138,primary,2,101,1e-05,1.0000000000000001e-07,32,224,0.5960982612201146,0.6322373747825623,3.6186258792877197,9.424639868939035e-06,3.6170270442962646,29,3,False,False,False
EXP-T138,primary,2,101,1e-05,1.0000000000000001e-07,33,231,0.6954429405076163,0.6322144269943237,3.619173288345337,9.387718066217125e-06,3.6170270442962646,29,4,False,False,False
EXP-T138,primary,2,101,1e-05,1.0000000000000001e-07,34,238,0.6839809311287743,0.6322892904281616,3.6211941242218018,9.349725996469047e-06,3.6170270442962646,29,5,False,False,False
EXP-T138,primary,2,101,1e-05,1.0000000000000001e-07,35,245,0.5880496459347861,0.6324911713600159,3.6240108013153076,9.310673033669522e-06,3.6170270442962646,29,6,False,False,False
EXP-T138,primary,2,101,1e-05,1.0000000000000001e-07,36,252,0.6514844042914254,0.6322473883628845,3.6216278076171875,9.270568813552757e-06,3.6170270442962646,29,7,False,False,False
EXP-T138,primary,2,101,1e-05,1.0000000000000001e-07,37,259,0.47848148657275097,0.6320457756519318,3.6193974018096924,9.229423231234975e-06,3.6170270442962646,29,8,False,False,False
EXP-T138,primary,2,101,1e-05,1.0000000000000001e-07,38,266,0.659258599792208,0.6319179832935333,3.617790460586548,9.18724643877294e-06,3.6170270442962646,29,9,False,False,False
EXP-T138,primary,2,101,1e-05,1.0000000000000001e-07,39,273,0.6397526136466435,0.6318444311618805,3.617304801940918,9.144048842659081e-06,3.6170270442962646,29,10,False,False,False
EXP-T138,primary,2,101,1e-05,1.0000000000000001e-07,40,280,0.6601250086511884,0.6317521333694458,3.6164052486419678,9.099841101253867e-06,3.6164052486419678,40,0,True,False,False
EXP-T138,primary,2,101,1e-05,1.0000000000000001e-07,41,287,0.5847342567784446,0.6317939758300781,3.6186749935150146,9.054634122155991e-06,3.6164052486419678,40,1,False,False,False
EXP-T138,primary,2,101,1e-05,1.0000000000000001e-07,42,294,0.5719649791717529,0.6317555606365204,3.6186962127685547,9.0084390595111e-06,3.6164052486419678,40,2,False,False,False
EXP-T138,primary,2,101,1e-05,1.0000000000000001e-07,43,301,0.49513534935457365,0.6315968036651611,3.6164188385009766,8.961267311259668e-06,3.6164052486419678,40,3,False,False,False
EXP-T138,primary,2,101,1e-05,1.0000000000000001e-07,44,308,0.55024596623012,0.631539523601532,3.616344451904297,8.913130516324733e-06,3.616344451904297,44,0,True,False,False
EXP-T138,primary,2,101,1e-05,1.0000000000000001e-07,45,315,0.5065778621605465,0.6315612494945526,3.6177000999450684,8.864040551740158e-06,3.616344451904297,44,1,False,False,False
EXP-T138,primary,2,101,1e-05,1.0000000000000001e-07,46,322,0.5147916089211192,0.6315489411354065,3.6181528568267822,8.814009529720155e-06,3.616344451904297,44,2,False,False,False
EXP-T138,primary,2,101,1e-05,1.0000000000000001e-07,47,329,0.5109079033136368,0.6314782798290253,3.617863893508911,8.763049794670776e-06,3.616344451904297,44,3,False,False,False
EXP-T138,primary,2,101,1e-05,1.0000000000000001e-07,48,336,0.47152678329231484,0.631321132183075,3.616115093231201,8.711173920144118e-06,3.616115093231201,48,0,True,False,False
EXP-T138,primary,2,101,1e-05,1.0000000000000001e-07,49,343,0.689343912260873,0.6312861740589142,3.616396188735962,8.658394705735988e-06,3.616115093231201,48,1,False,False,False
EXP-T138,primary,2,101,1e-05,1.0000000000000001e-07,50,350,0.5966640625681195,0.6311341226100922,3.6145286560058594,8.604725173927786e-06,3.6145286560058594,50,0,True,False,False
EXP-T138,primary,2,101,1e-05,1.0000000000000001e-07,51,357,0.5245096683502197,0.631039023399353,3.613264560699463,8.550178566873412e-06,3.613264560699463,51,0,True,False,False
EXP-T138,primary,2,101,1e-05,1.0000000000000001e-07,52,364,0.5078136218445641,0.6309487521648407,3.612083673477173,8.494768343131955e-06,3.612083673477173,52,0,True,False,False
EXP-T138,primary,2,101,1e-05,1.0000000000000001e-07,53,371,0.5150703915527889,0.6309102177619934,3.6121528148651123,8.43850817434701e-06,3.612083673477173,52,1,False,False,False
EXP-T138,primary,2,101,1e-05,1.0000000000000001e-07,54,378,0.6806458915982928,0.630904495716095,3.6131765842437744,8.381411941873379e-06,3.612083673477173,52,2,False,False,False
EXP-T138,primary,2,101,1e-05,1.0000000000000001e-07,55,385,0.5329791818346296,0.6308268010616302,3.612267255783081,8.323493733352078e-06,3.612083673477173,52,3,False,False,False
EXP-T138,primary,2,101,1e-05,1.0000000000000001e-07,56,392,0.564321049622127,0.6308119595050812,3.6132712364196777,8.26476783923441e-06,3.612083673477173,52,4,False,False,False
EXP-T138,primary,2,101,1e-05,1.0000000000000001e-07,57,399,0.6935902152742658,0.6308341920375824,3.6145784854888916,8.205248749256014e-06,3.612083673477173,52,5,False,False,False
EXP-T138,primary,2,101,1e-05,1.0000000000000001e-07,58,406,0.6492813995906285,0.6308275461196899,3.6151678562164307,8.144951148861743e-06,3.612083673477173,52,6,False,False,False
EXP-T138,primary,2,101,1e-05,1.0000000000000001e-07,59,413,0.5483138688973018,0.6306479573249817,3.6130740642547607,8.083889915582235e-06,3.612083673477173,52,7,False,False,False
EXP-T138,primary,2,101,1e-05,1.0000000000000001e-07,60,420,0.6050449524606977,0.6305643916130066,3.6120572090148926,8.022080115363127e-06,3.6120572090148926,60,0,True,False,False
EXP-T138,primary,2,101,1e-05,1.0000000000000001e-07,61,427,0.5119058830397469,0.630536288022995,3.612539768218994,7.959536998847744e-06,3.6120572090148926,60,1,False,False,False
EXP-T138,primary,2,101,1e-05,1.0000000000000001e-07,62,434,0.5969199453081403,0.6305599808692932,3.6134896278381348,7.89627599761423e-06,3.6120572090148926,60,2,False,False,False
EXP-T138,primary,2,101,1e-05,1.0000000000000001e-07,63,441,0.5764697875295367,0.6304457485675812,3.6124956607818604,7.832312720368048e-06,3.6120572090148926,60,3,False,False,False
EXP-T138,primary,2,101,1e-05,1.0000000000000001e-07,64,448,0.4921815025487116,0.6303292810916901,3.611363410949707,7.767662949090754e-06,3.611363410949707,64,0,True,False,False
EXP-T138,primary,2,101,1e-05,1.0000000000000001e-07,65,455,0.4970406975064959,0.6302078366279602,3.609544038772583,7.702342635146033e-06,3.609544038772583,65,0,True,False,False
EXP-T138,primary,2,101,1e-05,1.0000000000000001e-07,66,462,0.4779690770166261,0.6300931572914124,3.6070098876953125,7.636367895343947e-06,3.6070098876953125,66,0,True,False,False
EXP-T138,primary,2,101,1e-05,1.0000000000000001e-07,67,469,0.5132499390414783,0.6300249099731445,3.6056172847747803,7.5697550079643376e-06,3.6056172847747803,67,0,True,False,False
EXP-T138,primary,2,101,1e-05,1.0000000000000001e-07,68,476,0.562711490052087,0.6299618780612946,3.6042120456695557,7.502520408740418e-06,3.6042120456695557,68,0,True,False,False
EXP-T138,primary,2,101,1e-05,1.0000000000000001e-07,69,483,0.49543674529663156,0.629946768283844,3.602680206298828,7.43468068680349e-06,3.602680206298828,69,0,True,False,False
EXP-T138,primary,2,101,1e-05,1.0000000000000001e-07,70,490,0.5081378519535065,0.6299504935741425,3.603726387023926,7.366252580589839e-06,3.602680206298828,69,1,False,False,False
EXP-T138,primary,2,101,1e-05,1.0000000000000001e-07,71,497,0.619371269430433,0.6299401521682739,3.60440731048584,7.297252973710756e-06,3.602680206298828,69,2,False,False,False
EXP-T138,primary,2,101,1e-05,1.0000000000000001e-07,72,504,0.522750831076077,0.6298892796039581,3.604332208633423,7.227698890786779e-06,3.602680206298828,69,3,False,False,False
EXP-T138,primary,2,101,1e-05,1.0000000000000001e-07,73,511,0.5459638663700649,0.629807323217392,3.6036229133605957,7.15760749324711e-06,3.602680206298828,69,4,False,False,False
EXP-T138,primary,2,101,1e-05,1.0000000000000001e-07,74,518,0.48516057674922713,0.6296361684799194,3.6016671657562256,7.086996075095289e-06,3.6016671657562256,74,0,True,False,False
EXP-T138,primary,2,101,1e-05,1.0000000000000001e-07,75,525,0.4893231788217755,0.6295507848262787,3.603087902069092,7.015882058642164e-06,3.6016671657562256,74,1,False,False,False
EXP-T138,primary,2,101,1e-05,1.0000000000000001e-07,76,532,0.7333130623613086,0.6294941604137421,3.6032557487487793,6.9442829902071945e-06,3.6016671657562256,74,2,False,False,False
EXP-T138,primary,2,101,1e-05,1.0000000000000001e-07,77,539,0.5286003691809518,0.6294518113136292,3.604618787765503,6.8722165357891564e-06,3.6016671657562256,74,3,False,False,False
EXP-T138,primary,2,101,1e-05,1.0000000000000001e-07,78,546,0.573789690222059,0.6294602155685425,3.6063637733459473,6.799700476707323e-06,3.6016671657562256,74,4,False,False,False
EXP-T138,primary,2,101,1e-05,1.0000000000000001e-07,79,553,0.5036172015326363,0.6294271051883698,3.606623411178589,6.726752705214193e-06,3.6016671657562256,74,5,False,False,False
EXP-T138,primary,2,101,1e-05,1.0000000000000001e-07,80,560,0.5444667339324951,0.6293264627456665,3.6051950454711914,6.65339122008084e-06,3.6016671657562256,74,6,False,False,False
EXP-T138,primary,2,101,1e-05,1.0000000000000001e-07,81,567,0.5106655859521457,0.6292397677898407,3.6036458015441895,6.57963412215599e-06,3.6016671657562256,74,7,False,False,False
EXP-T138,primary,2,101,1e-05,1.0000000000000001e-07,82,574,0.5078955207552228,0.6292084455490112,3.6042919158935547,6.505499609899905e-06,3.6016671657562256,74,8,False,False,False
EXP-T138,primary,2,101,1e-05,1.0000000000000001e-07,83,581,0.5951554338846888,0.6291241645812988,3.602684497833252,6.431005974894185e-06,3.6016671657562256,74,9,False,False,False
EXP-T138,primary,2,101,1e-05,1.0000000000000001e-07,84,588,0.49220322178942816,0.6290723979473114,3.6029505729675293,6.356171597328595e-06,3.6016671657562256,74,10,False,False,False
EXP-T138,primary,2,101,1e-05,1.0000000000000001e-07,85,595,0.5317261602197375,0.6290469169616699,3.60351824760437,6.28101494146603e-06,3.6016671657562256,74,11,False,False,False
EXP-T138,primary,2,101,1e-05,1.0000000000000001e-07,86,602,0.48926013708114624,0.628976434469223,3.6021649837493896,6.205554551086732e-06,3.6016671657562256,74,12,False,False,False
EXP-T138,primary,2,101,1e-05,1.0000000000000001e-07,87,609,0.49697347411087583,0.6289088726043701,3.6012942790985107,6.129809044912887e-06,3.6012942790985107,87,0,True,False,False
EXP-T138,primary,2,101,1e-05,1.0000000000000001e-07,88,616,0.7470415191990989,0.6288352012634277,3.601242780685425,6.053797112014738e-06,3.601242780685425,88,0,True,False,False
EXP-T138,primary,2,101,1e-05,1.0000000000000001e-07,89,623,0.5360492765903473,0.6287745833396912,3.6019186973571777,5.977537507199338e-06,3.601242780685425,88,1,False,False,False
EXP-T138,primary,2,101,1e-05,1.0000000000000001e-07,90,630,0.5219851774828774,0.6287185549736023,3.602105140686035,5.901049046383077e-06,3.601242780685425,88,2,False,False,False
EXP-T138,primary,2,101,1e-05,1.0000000000000001e-07,91,637,0.5280124055487769,0.6286912560462952,3.6025447845458984,5.824350601949143e-06,3.601242780685425,88,3,False,False,False
EXP-T138,primary,2,101,1e-05,1.0000000000000001e-07,92,644,0.4994556579206671,0.628688395023346,3.603309392929077,5.7474610980910354e-06,3.601242780685425,88,4,False,False,False
EXP-T138,primary,2,101,1e-05,1.0000000000000001e-07,93,651,0.5992189773491451,0.6286385357379913,3.602851152420044,5.6703995061433075e-06,3.601242780685425,88,5,False,False,False
EXP-T138,primary,2,101,1e-05,1.0000000000000001e-07,94,658,0.5235770429883685,0.6285686492919922,3.60188364982605,5.5931848399006745e-06,3.601242780685425,88,6,False,False,False
EXP-T138,primary,2,101,1e-05,1.0000000000000001e-07,95,665,0.5772465893200466,0.6285017132759094,3.6014163494110107,5.515836150926646e-06,3.601242780685425,88,7,False,False,False
EXP-T138,primary,2,101,1e-05,1.0000000000000001e-07,96,672,0.5395634451082775,0.6284529566764832,3.6015658378601074,5.438372523852833e-06,3.601242780685425,88,8,False,False,False
EXP-T138,primary,2,101,1e-05,1.0000000000000001e-07,97,679,0.584710202046803,0.6284448504447937,3.602524995803833,5.360813071670101e-06,3.601242780685425,88,9,False,False,False
EXP-T138,primary,2,101,1e-05,1.0000000000000001e-07,98,686,0.5009860077074596,0.6284502744674683,3.603337287902832,5.283176931012731e-06,3.601242780685425,88,10,False,False,False
EXP-T138,primary,2,101,1e-05,1.0000000000000001e-07,99,693,0.5770689291613442,0.6283937096595764,3.603140115737915,5.205483257436735e-06,3.601242780685425,88,11,False,False,False
EXP-T138,primary,2,101,1e-05,1.0000000000000001e-07,100,700,0.4889780568025474,0.628375232219696,3.6035315990448,5.127751220693512e-06,3.601242780685425,88,12,False,False,False
EXP-T138,primary,2,101,1e-05,1.0000000000000001e-07,101,707,0.48875192712460247,0.6283572316169739,3.6037657260894775,5.05e-06,3.601242780685425,88,13,False,False,False
EXP-T138,primary,2,101,1e-05,1.0000000000000001e-07,102,714,0.6032437767301287,0.6283209323883057,3.6036667823791504,4.972248779306488e-06,3.601242780685425,88,14,False,False,False
EXP-T138,primary,2,101,1e-05,1.0000000000000001e-07,103,721,0.5188250201089042,0.6282981038093567,3.603818893432617,4.8945167425632645e-06,3.601242780685425,88,15,False,False,False
EXP-T138,primary,2,101,1e-05,1.0000000000000001e-07,104,728,0.5920505949429103,0.6282990574836731,3.6041688919067383,4.816823068987269e-06,3.601242780685425,88,16,False,False,False
EXP-T138,primary,2,101,1e-05,1.0000000000000001e-07,105,735,0.48577365891209673,0.6281747817993164,3.6031136512756348,4.7391869283298985e-06,3.601242780685425,88,17,False,False,False
EXP-T138,primary,2,101,1e-05,1.0000000000000001e-07,106,742,0.5484636979443687,0.6280248165130615,3.601553201675415,4.661627476147168e-06,3.601242780685425,88,18,False,False,False
EXP-T138,primary,2,101,1e-05,1.0000000000000001e-07,107,749,0.8332468697002956,0.6279822289943695,3.6013357639312744,4.584163849073354e-06,3.601242780685425,88,19,False,False,False
EXP-T138,primary,2,101,1e-05,1.0000000000000001e-07,108,756,0.504666560462543,0.6279403865337372,3.6011602878570557,4.506815160099326e-06,3.6011602878570557,108,0,True,False,False
EXP-T138,primary,2,101,1e-05,1.0000000000000001e-07,109,763,0.5720762865883964,0.6278449892997742,3.6001744270324707,4.429600493856694e-06,3.6001744270324707,109,0,True,False,False
EXP-T138,primary,2,101,1e-05,1.0000000000000001e-07,110,770,0.5764857998916081,0.6277872323989868,3.599965810775757,4.352538901908967e-06,3.599965810775757,110,0,True,False,False
EXP-T138,primary,2,101,1e-05,1.0000000000000001e-07,111,777,0.5921753644943237,0.6277797818183899,3.600468635559082,4.275649398050858e-06,3.599965810775757,110,1,False,False,False
EXP-T138,primary,2,101,1e-05,1.0000000000000001e-07,112,784,0.5929854767663139,0.627722978591919,3.6001501083374023,4.198950953616922e-06,3.599965810775757,110,2,False,False,False
EXP-T138,primary,2,101,1e-05,1.0000000000000001e-07,113,791,0.5226814065660749,0.6276064515113831,3.5988502502441406,4.122462492800663e-06,3.5988502502441406,113,0,True,False,False
EXP-T138,primary,2,101,1e-05,1.0000000000000001e-07,114,798,0.491885334053742,0.627562940120697,3.598676919937134,4.046202887985263e-06,3.598676919937134,114,0,True,False,False
EXP-T138,primary,2,101,1e-05,1.0000000000000001e-07,115,805,0.6005001238414219,0.6275335252285004,3.598721504211426,3.970190955087116e-06,3.598676919937134,114,1,False,False,False
EXP-T138,primary,2,101,1e-05,1.0000000000000001e-07,116,812,0.6030343217509133,0.627463161945343,3.598142385482788,3.894445448913268e-06,3.598142385482788,116,0,True,False,False
EXP-T138,primary,2,101,1e-05,1.0000000000000001e-07,117,819,0.5118976277964455,0.6273777186870575,3.5972111225128174,3.818985058533969e-06,3.5972111225128174,117,0,True,False,False
EXP-T138,primary,2,101,1e-05,1.0000000000000001e-07,118,826,0.7049562760761806,0.6273407936096191,3.597106695175171,3.7438284026714044e-06,3.597106695175171,118,0,True,False,False
EXP-T138,primary,2,101,1e-05,1.0000000000000001e-07,119,833,0.7634282750742776,0.6272773742675781,3.59658145904541,3.6689940251058153e-06,3.59658145904541,119,0,True,False,False
EXP-T138,primary,2,101,1e-05,1.0000000000000001e-07,120,840,0.5097969142454011,0.6272275745868683,3.596155881881714,3.594500390100096e-06,3.596155881881714,120,0,True,False,False
EXP-T138,primary,2,101,1e-05,1.0000000000000001e-07,121,847,0.492154489670481,0.6271581053733826,3.595224618911743,3.5203658778440116e-06,3.595224618911743,121,0,True,False,False
EXP-T138,primary,2,101,1e-05,1.0000000000000001e-07,122,854,0.5043029934167862,0.6270998418331146,3.5942795276641846,3.4466087799191603e-06,3.5942795276641846,122,0,True,False,False
EXP-T138,primary,2,101,1e-05,1.0000000000000001e-07,123,861,0.605085585798536,0.627047210931778,3.5934696197509766,3.3732472947858077e-06,3.5934696197509766,123,0,True,False,False
EXP-T138,primary,2,101,1e-05,1.0000000000000001e-07,124,868,0.5067938821656364,0.6270370483398438,3.594167470932007,3.300299523292678e-06,3.5934696197509766,123,1,False,False,False
EXP-T138,primary,2,101,1e-05,1.0000000000000001e-07,125,875,0.5141779077904565,0.6270008385181427,3.5938167572021484,3.227783464210845e-06,3.5934696197509766,123,2,False,False,False
EXP-T138,primary,2,101,1e-05,1.0000000000000001e-07,126,882,0.5234153265399593,0.6269906163215637,3.594095230102539,3.155717009792807e-06,3.5934696197509766,123,3,False,False,False
EXP-T138,primary,2,101,1e-05,1.0000000000000001e-07,127,889,0.5414662190846035,0.6269464492797852,3.5932199954986572,3.0841179413578354e-06,3.5932199954986572,127,0,True,False,False
EXP-T138,primary,2,101,1e-05,1.0000000000000001e-07,128,896,0.48355109084929737,0.6269058883190155,3.592787027359009,3.0130039249047117e-06,3.592787027359009,128,0,True,False,False
EXP-T138,primary,2,101,1e-05,1.0000000000000001e-07,129,903,0.6234783232212067,0.6268731355667114,3.5925302505493164,2.9423925067528904e-06,3.5925302505493164,129,0,True,False,False
EXP-T138,primary,2,101,1e-05,1.0000000000000001e-07,130,910,0.6424544836793628,0.6268298625946045,3.59173846244812,2.87230110921322e-06,3.59173846244812,130,0,True,False,False
EXP-T138,primary,2,101,1e-05,1.0000000000000001e-07,131,917,0.6034185716084072,0.626800537109375,3.5916354656219482,2.8027470262892435e-06,3.5916354656219482,131,0,True,False,False
EXP-T138,primary,2,101,1e-05,1.0000000000000001e-07,132,924,0.5896542625767844,0.6267716586589813,3.5919651985168457,2.7337474194101625e-06,3.5916354656219482,131,1,False,False,False
EXP-T138,primary,2,101,1e-05,1.0000000000000001e-07,133,931,0.7497772574424744,0.6267391741275787,3.5919997692108154,2.6653193131965085e-06,3.5916354656219482,131,2,False,False,False
EXP-T138,primary,2,101,1e-05,1.0000000000000001e-07,134,938,0.5713933621134076,0.6267110705375671,3.5918221473693848,2.5974795912595824e-06,3.5916354656219482,131,3,False,False,False
EXP-T138,primary,2,101,1e-05,1.0000000000000001e-07,135,945,0.6196549449648175,0.6266853511333466,3.591984748840332,2.530244992035662e-06,3.5916354656219482,131,4,False,False,False
EXP-T138,primary,2,101,1e-05,1.0000000000000001e-07,136,952,0.6870563285691398,0.6266516745090485,3.59143328666687,2.4636321046560533e-06,3.59143328666687,136,0,True,False,False
EXP-T138,primary,2,101,1e-05,1.0000000000000001e-07,137,959,0.49684775061905384,0.6266268789768219,3.5916852951049805,2.3976573648539653e-06,3.59143328666687,136,1,False,False,False
EXP-T138,primary,2,101,1e-05,1.0000000000000001e-07,138,966,0.516022047826222,0.626593828201294,3.5913374423980713,2.332337050909247e-06,3.5913374423980713,138,0,True,False,False
EXP-T138,primary,2,101,1e-05,1.0000000000000001e-07,139,973,0.5940309635230473,0.6265783607959747,3.591810703277588,2.267687279631953e-06,3.5913374423980713,138,1,False,False,False
EXP-T138,primary,2,101,1e-05,1.0000000000000001e-07,140,980,0.6396154718739646,0.6265600323677063,3.592067241668701,2.2037240023857708e-06,3.5913374423980713,138,2,False,False,False
EXP-T138,primary,2,101,1e-05,1.0000000000000001e-07,141,987,0.5471678291048322,0.6265459954738617,3.5922505855560303,2.1404630011522584e-06,3.5913374423980713,138,3,False,False,False
EXP-T138,primary,2,101,1e-05,1.0000000000000001e-07,142,994,0.5317794638020652,0.6265394687652588,3.592583417892456,2.0779198846368745e-06,3.5913374423980713,138,4,False,False,False
EXP-T138,primary,2,101,1e-05,1.0000000000000001e-07,143,1001,0.5170131176710129,0.6265460252761841,3.593104600906372,2.0161100844177658e-06,3.5913374423980713,138,5,False,False,False
EXP-T138,primary,2,101,1e-05,1.0000000000000001e-07,144,1008,0.5198880859783718,0.6265142858028412,3.592757225036621,1.9550488511382593e-06,3.5913374423980713,138,6,False,False,False
EXP-T138,primary,2,101,1e-05,1.0000000000000001e-07,145,1015,0.5461450559752328,0.6264787912368774,3.592221260070801,1.894751250743986e-06,3.5913374423980713,138,7,False,False,False
EXP-T138,primary,2,101,1e-05,1.0000000000000001e-07,146,1022,0.6397208443709782,0.6264397501945496,3.591721773147583,1.8352321607655916e-06,3.5913374423980713,138,8,False,False,False
EXP-T138,primary,2,101,1e-05,1.0000000000000001e-07,147,1029,0.48316804075290876,0.626429945230484,3.5920073986053467,1.7765062666479242e-06,3.5913374423980713,138,9,False,False,False
EXP-T138,primary,2,101,1e-05,1.0000000000000001e-07,148,1036,0.5569113620689937,0.6264229118824005,3.5921988487243652,1.7185880581266217e-06,3.5913374423980713,138,10,False,False,False
EXP-T138,primary,2,101,1e-05,1.0000000000000001e-07,149,1043,0.501695215968149,0.626421719789505,3.5923922061920166,1.6614918256529908e-06,3.5913374423980713,138,11,False,False,False
EXP-T138,primary,2,101,1e-05,1.0000000000000001e-07,150,1050,0.46250553752595025,0.6264077425003052,3.5923655033111572,1.6052316568680442e-06,3.5913374423980713,138,12,False,False,False
EXP-T138,primary,2,101,1e-05,1.0000000000000001e-07,151,1057,0.7028082779475621,0.6263912916183472,3.5922868251800537,1.5498214331265902e-06,3.5913374423980713,138,13,False,False,False
EXP-T138,primary,2,101,1e-05,1.0000000000000001e-07,152,1064,0.4928162119218281,0.6263711154460907,3.592127561569214,1.495274826072216e-06,3.5913374423980713,138,14,False,False,False
EXP-T138,primary,2,101,1e-05,1.0000000000000001e-07,153,1071,0.6015804750578744,0.6263680160045624,3.592219114303589,1.441605294264014e-06,3.5913374423980713,138,15,False,False,False
EXP-T138,primary,2,101,1e-05,1.0000000000000001e-07,154,1078,0.5321368617670876,0.6263692378997803,3.5923848152160645,1.3888260798558817e-06,3.5913374423980713,138,16,False,False,False
EXP-T138,primary,2,101,1e-05,1.0000000000000001e-07,155,1085,0.6074562881674085,0.626366376876831,3.5925133228302,1.3369502053292252e-06,3.5913374423980713,138,17,False,False,False
EXP-T138,primary,2,101,1e-05,1.0000000000000001e-07,156,1092,0.5076192659991128,0.6263450384140015,3.592294216156006,1.285990470279847e-06,3.5913374423980713,138,18,False,False,False
EXP-T138,primary,2,101,1e-05,1.0000000000000001e-07,157,1099,0.7869599546704974,0.6263350546360016,3.592298746109009,1.2359594482598438e-06,3.5913374423980713,138,19,False,False,False
EXP-T138,primary,2,101,1e-05,1.0000000000000001e-07,158,1106,0.5716550435338702,0.62633016705513,3.592456340789795,1.1868694836752686e-06,3.5913374423980713,138,20,False,False,False
EXP-T138,primary,2,101,1e-05,1.0000000000000001e-07,159,1113,0.49011938167469843,0.6263017952442169,3.5921430587768555,1.1387326887403326e-06,3.5913374423980713,138,21,False,False,False
EXP-T138,primary,2,101,1e-05,1.0000000000000001e-07,160,1120,0.6175416665417808,0.6262887120246887,3.5920917987823486,1.0915609404889017e-06,3.5913374423980713,138,22,False,False,False
EXP-T138,primary,2,101,1e-05,1.0000000000000001e-07,161,1127,0.7622513387884412,0.626251608133316,3.5915591716766357,1.0453658778440107e-06,3.5913374423980713,138,23,False,False,False
EXP-T138,primary,2,101,1e-05,1.0000000000000001e-07,162,1134,0.4968438781797886,0.6262307465076447,3.5913233757019043,1.0001588987461348e-06,3.5913233757019043,162,0,True,False,False
EXP-T138,primary,2,101,1e-05,1.0000000000000001e-07,163,1141,0.6291938977582114,0.6262268424034119,3.591427803039551,9.559511573409195e-07,3.5913233757019043,162,1,False,False,False
EXP-T138,primary,2,101,1e-05,1.0000000000000001e-07,164,1148,0.5172612454210009,0.6262167096138,3.59139347076416,9.127535612270632e-07,3.5913233757019043,162,2,False,False,False
EXP-T138,primary,2,101,1e-05,1.0000000000000001e-07,165,1155,0.5283286614077431,0.6262035965919495,3.591289520263672,8.705767687650265e-07,3.591289520263672,165,0,True,False,False
EXP-T138,primary,2,101,1e-05,1.0000000000000001e-07,166,1162,0.5603473697389875,0.6261856555938721,3.5910744667053223,8.294311864472448e-07,3.5910744667053223,166,0,True,False,False
EXP-T138,primary,2,101,1e-05,1.0000000000000001e-07,167,1169,0.6758494462285723,0.6261691451072693,3.590838670730591,7.893269663304784e-07,3.590838670730591,167,0,True,False,False
EXP-T138,primary,2,101,1e-05,1.0000000000000001e-07,168,1176,0.6117586621216365,0.6261554062366486,3.590669631958008,7.50274003530953e-07,3.590669631958008,168,0,True,False,False
EXP-T138,primary,2,101,1e-05,1.0000000000000001e-07,169,1183,0.5042905232736042,0.626145213842392,3.590585947036743,7.122819337828752e-07,3.590585947036743,169,0,True,False,False
EXP-T138,primary,2,101,1e-05,1.0000000000000001e-07,170,1190,0.4934555845601218,0.6261362731456757,3.5905089378356934,6.753601310609673e-07,3.5905089378356934,170,0,True,False,False
EXP-T138,primary,2,101,1e-05,1.0000000000000001e-07,171,1197,0.6422431170940399,0.6261303126811981,3.590472459793091,6.395177052675794e-07,3.590472459793091,171,0,True,False,False
EXP-T138,primary,2,101,1e-05,1.0000000000000001e-07,172,1204,0.5191460847854614,0.6261250376701355,3.5904529094696045,6.047634999849531e-07,3.5904529094696045,172,0,True,False,False
EXP-T138,primary,2,101,1e-05,1.0000000000000001e-07,173,1211,0.5000796413847378,0.6261181831359863,3.5904412269592285,5.711060902932043e-07,3.5904412269592285,173,0,True,False,False
EXP-T138,primary,2,101,1e-05,1.0000000000000001e-07,174,1218,0.7151770974908557,0.6261066496372223,3.5902841091156006,5.385537806545469e-07,3.5902841091156006,174,0,True,False,False
EXP-T138,primary,2,101,1e-05,1.0000000000000001e-07,175,1225,0.5142379594700677,0.6260979175567627,3.5901858806610107,5.071146028642944e-07,3.5901858806610107,175,0,True,False,False
EXP-T138,primary,2,101,1e-05,1.0000000000000001e-07,176,1232,0.5277541258505413,0.6260907351970673,3.59013295173645,4.7679631406913176e-07,3.59013295173645,176,0,True,False,False
EXP-T138,primary,2,101,1e-05,1.0000000000000001e-07,177,1239,0.6672809549740383,0.6260852813720703,3.590101957321167,4.4760639485315585e-07,3.590101957321167,177,0,True,False,False
EXP-T138,primary,2,101,1e-05,1.0000000000000001e-07,178,1246,0.7286182641983032,0.6260799467563629,3.5900845527648926,4.195520473921565e-07,3.5900845527648926,178,0,True,False,False
EXP-T138,primary,2,101,1e-05,1.0000000000000001e-07,179,1253,0.574959363256182,0.6260768473148346,3.590101957321167,3.92640193676584e-07,3.5900845527648926,178,1,False,False,False
EXP-T138,primary,2,101,1e-05,1.0000000000000001e-07,180,1260,0.48552238409008297,0.6260736882686615,3.5901196002960205,3.668774738036508e-07,3.5900845527648926,178,2,False,False,False
EXP-T138,primary,2,101,1e-05,1.0000000000000001e-07,181,1267,0.4996905427958284,0.6260726153850555,3.590153932571411,3.4227024433899004e-07,3.5900845527648926,178,3,False,False,False
EXP-T138,primary,2,101,1e-05,1.0000000000000001e-07,182,1274,0.4980382520838508,0.6260702013969421,3.5901575088500977,3.188245767482659e-07,3.5900845527648926,178,4,False,False,False
EXP-T138,primary,2,101,1e-05,1.0000000000000001e-07,183,1281,0.6632724787507739,0.6260656714439392,3.5900955200195312,2.9654625589913237e-07,3.5900845527648926,178,5,False,False,False
EXP-T138,primary,2,101,1e-05,1.0000000000000001e-07,184,1288,0.4908758763756071,0.6260659694671631,3.5901718139648438,2.754407786339001e-07,3.5900845527648926,178,6,False,False,False
EXP-T138,primary,2,101,1e-05,1.0000000000000001e-07,185,1295,0.5818491322653634,0.6260647475719452,3.5901989936828613,2.555133524132767e-07,3.5900845527648926,178,7,False,False,False
EXP-T138,primary,2,101,1e-05,1.0000000000000001e-07,186,1302,0.5904929680483681,0.6260647475719452,3.59024977684021,2.3676889403150103e-07,3.5900845527648926,178,8,False,False,False
EXP-T138,primary,2,101,1e-05,1.0000000000000001e-07,187,1309,0.5349196238177163,0.6260654330253601,3.5903167724609375,2.1921202840320077e-07,3.5900845527648926,178,9,False,False,False
EXP-T138,primary,2,101,1e-05,1.0000000000000001e-07,188,1316,0.5408140335764203,0.6260654330253601,3.5903639793395996,2.0284708742225901e-07,3.5900845527648926,178,10,False,False,False
EXP-T138,primary,2,101,1e-05,1.0000000000000001e-07,189,1323,0.5467798241547176,0.626063346862793,3.5903499126434326,1.8767810889299085e-07,3.5900845527648926,178,11,False,False,False
EXP-T138,primary,2,101,1e-05,1.0000000000000001e-07,190,1330,0.4810383554015841,0.6260617971420288,3.5903472900390625,1.7370883553386935e-07,3.5900845527648926,178,12,False,False,False
EXP-T138,primary,2,101,1e-05,1.0000000000000001e-07,191,1337,0.4971419173691954,0.6260603666305542,3.590332269668579,1.609427140540686e-07,3.5900845527648926,178,13,False,False,False
EXP-T138,primary,2,101,1e-05,1.0000000000000001e-07,192,1344,0.49632522037089594,0.6260582208633423,3.590308904647827,1.493828943030402e-07,3.5900845527648926,178,14,False,False,False
EXP-T138,primary,2,101,1e-05,1.0000000000000001e-07,193,1351,0.6210805688585553,0.6260567009449005,3.5903000831604004,1.3903222849333507e-07,3.5900845527648926,178,15,False,False,False
EXP-T138,primary,2,101,1e-05,1.0000000000000001e-07,194,1358,0.4852515086531639,0.626056581735611,3.5903241634368896,1.2989327049686101e-07,3.5900845527648926,178,16,False,False,False
EXP-T138,primary,2,101,1e-05,1.0000000000000001e-07,195,1365,0.5794960984161922,0.6260552704334259,3.5903148651123047,1.2196827521475402e-07,3.5900845527648926,178,17,False,False,False
EXP-T138,primary,2,101,1e-05,1.0000000000000001e-07,196,1372,0.5910819300583431,0.6260531544685364,3.5902886390686035,1.1525919802101659e-07,3.5900845527648926,178,18,False,False,False
EXP-T138,primary,2,101,1e-05,1.0000000000000001e-07,197,1379,0.5896141231060028,0.6260516941547394,3.5902798175811768,1.097676942800558e-07,3.5900845527648926,178,19,False,False,False
EXP-T138,primary,2,101,1e-05,1.0000000000000001e-07,198,1386,0.6373864710330963,0.6260500848293304,3.5902674198150635,1.0549511893824898e-07,3.5900845527648926,178,20,False,False,False
EXP-T138,primary,2,101,1e-05,1.0000000000000001e-07,199,1393,0.5370625555515289,0.6260480284690857,3.5902504920959473,1.0244252618962859e-07,3.5900845527648926,178,21,False,False,False
EXP-T138,primary,2,101,1e-05,1.0000000000000001e-07,200,1400,0.5054054771150861,0.6260450482368469,3.5902106761932373,1.006106692157801e-07,3.5900845527648926,178,22,False,False,False
EXP-T138,primary,2,101,0.0001,1.0000000000000002e-06,1,7,0.5568251950400216,0.6396035850048065,3.652092218399048,0.0001,3.652092218399048,1,0,True,False,False
EXP-T138,primary,2,101,0.0001,1.0000000000000002e-06,2,14,0.5435116503919873,0.6323073506355286,3.6197245121002197,9.99938933078422e-05,3.6197245121002197,2,0,True,False,False
EXP-T138,primary,2,101,0.0001,1.0000000000000002e-06,3,21,0.6126533704144614,0.6326443254947662,3.6257588863372803,9.997557473810373e-05,3.6197245121002197,2,1,False,False,False
EXP-T138,primary,2,101,0.0001,1.0000000000000002e-06,4,28,0.6855969130992889,0.6307583153247833,3.6053357124328613,9.994504881061753e-05,3.6053357124328613,4,0,True,False,False
EXP-T138,primary,2,101,0.0001,1.0000000000000002e-06,5,35,0.671736363853727,0.6303366124629974,3.604794502258301,9.990232305719945e-05,3.604794502258301,5,0,True,False,False
EXP-T138,primary,2,101,0.0001,1.0000000000000002e-06,6,42,0.6136170072214944,0.6315090656280518,3.6203877925872803,9.984740801978984e-05,3.604794502258301,5,1,False,False,False
EXP-T138,primary,2,101,0.0001,1.0000000000000002e-06,7,49,0.5503565967082977,0.6328949630260468,3.6242682933807373,9.978031724785247e-05,3.604794502258301,5,2,False,False,False
EXP-T138,primary,2,101,0.0001,1.0000000000000002e-06,8,56,0.5053998774715832,0.6292723119258881,3.609384298324585,9.97010672950314e-05,3.604794502258301,5,3,False,False,False
EXP-T138,primary,2,101,0.0001,1.0000000000000002e-06,9,63,0.5836629739829472,0.6301814317703247,3.6132938861846924,9.960967771506667e-05,3.604794502258301,5,4,False,False,False
EXP-T138,primary,2,101,0.0001,1.0000000000000002e-06,10,70,0.5827910048621041,0.6391963958740234,3.6346802711486816,9.95061710569696e-05,3.604794502258301,5,5,False,False,False
EXP-T138,primary,2,101,0.0001,1.0000000000000002e-06,11,77,0.5242834240198135,0.631100594997406,3.6150708198547363,9.939057285945933e-05,3.604794502258301,5,6,False,False,False
EXP-T138,primary,2,101,0.0001,1.0000000000000002e-06,12,84,0.5321130795138223,0.6295447945594788,3.6098339557647705,9.926291164466132e-05,3.604794502258301,5,7,False,False,False
EXP-T138,primary,2,101,0.0001,1.0000000000000002e-06,13,91,0.673015330518995,0.625931590795517,3.5874204635620117,9.91232189110701e-05,3.5874204635620117,13,0,True,False,False
EXP-T138,primary,2,101,0.0001,1.0000000000000002e-06,14,98,0.5401527668748584,0.6252078711986542,3.5853793621063232,9.897152912577741e-05,3.5853793621063232,14,0,True,False,False
EXP-T138,primary,2,101,0.0001,1.0000000000000002e-06,15,105,0.5156520179339817,0.625104546546936,3.5889694690704346,9.8807879715968e-05,3.5853793621063232,14,1,False,False,False
EXP-T138,primary,2,101,0.0001,1.0000000000000002e-06,16,112,0.5576241271836417,0.623323917388916,3.574882984161377,9.8632311059685e-05,3.574882984161377,16,0,True,False,False
EXP-T138,primary,2,101,0.0001,1.0000000000000002e-06,17,119,0.48768785276583265,0.6221649646759033,3.5681204795837402,9.844486647586725e-05,3.5681204795837402,17,0,True,False,False
EXP-T138,primary,2,101,0.0001,1.0000000000000002e-06,18,126,0.47903768269212116,0.6219113171100616,3.5721402168273926,9.824559221366101e-05,3.5681204795837402,17,1,False,False,False
EXP-T138,primary,2,101,0.0001,1.0000000000000002e-06,19,133,0.5562494312013898,0.6212143898010254,3.5683250427246094,9.803453744100869e-05,3.5681204795837402,17,2,False,False,False
EXP-T138,primary,2,101,0.0001,1.0000000000000002e-06,20,140,0.47880545045648304,0.6250040531158447,3.5752475261688232,9.781175423251735e-05,3.5681204795837402,17,3,False,False,False
EXP-T138,primary,2,101,0.0001,1.0000000000000002e-06,21,147,0.4856794146554811,0.6207341551780701,3.557180404663086,9.757729755661011e-05,3.557180404663086,21,0,True,False,False
EXP-T138,primary,2,101,0.0001,1.0000000000000002e-06,22,154,0.5018457578761237,0.6193185448646545,3.546367645263672,9.73312252619635e-05,3.546367645263672,22,0,True,False,False
EXP-T138,primary,2,101,0.0001,1.0000000000000002e-06,23,161,0.4947631039789745,0.6110946834087372,3.5130367279052734,9.707359806323417e-05,3.5130367279052734,23,0,True,False,False
EXP-T138,primary,2,101,0.0001,1.0000000000000002e-06,24,168,0.47996231115290094,0.6097919046878815,3.5189208984375,9.680447952607845e-05,3.5130367279052734,23,1,False,False,False
EXP-T138,primary,2,101,0.0001,1.0000000000000002e-06,25,175,0.540025919675827,0.6067779660224915,3.501112699508667,9.652393605146844e-05,3.501112699508667,25,0,True,False,False
EXP-T138,primary,2,101,0.0001,1.0000000000000002e-06,26,182,0.6128140475068774,0.6070400178432465,3.4936399459838867,9.623203685930869e-05,3.4936399459838867,26,0,True,False,False
EXP-T138,primary,2,101,0.0001,1.0000000000000002e-06,27,189,0.48401711668287006,0.6019008457660675,3.476830244064331,9.592885397135707e-05,3.476830244064331,27,0,True,False,False
EXP-T138,primary,2,101,0.0001,1.0000000000000002e-06,28,196,0.5232715776988438,0.5990611910820007,3.4719479084014893,9.561446219345454e-05,3.4719479084014893,28,0,True,False,False
EXP-T138,primary,2,101,0.0001,1.0000000000000002e-06,29,203,0.5040942345346723,0.5999744832515717,3.466858386993408,9.528893909706797e-05,3.466858386993408,29,0,True,False,False
EXP-T138,primary,2,101,0.0001,1.0000000000000002e-06,30,210,0.4918923335415976,0.594881534576416,3.459721803665161,9.495236500015047e-05,3.459721803665161,30,0,True,False,False
EXP-T138,primary,2,101,0.0001,1.0000000000000002e-06,31,217,0.48281491654259817,0.5926543176174164,3.456838846206665,9.460482294732421e-05,3.456838846206665,31,0,True,False,False
EXP-T138,primary,2,101,0.0001,1.0000000000000002e-06,32,224,0.5453949740954808,0.5926372706890106,3.4429008960723877,9.424639868939033e-05,3.4429008960723877,32,0,True,False,False
EXP-T138,primary,2,101,0.0001,1.0000000000000002e-06,33,231,0.6430049155439649,0.5946636497974396,3.456291675567627,9.387718066217124e-05,3.4429008960723877,32,1,False,False,False
EXP-T138,primary,2,101,0.0001,1.0000000000000002e-06,34,238,0.5635703078338078,0.6000999808311462,3.4828314781188965,9.349725996469047e-05,3.4429008960723877,32,2,False,False,False
EXP-T138,primary,2,101,0.0001,1.0000000000000002e-06,35,245,0.5088868013450077,0.5841293632984161,3.4498720169067383,9.310673033669521e-05,3.4429008960723877,32,3,False,False,False
EXP-T138,primary,2,101,0.0001,1.0000000000000002e-06,36,252,0.46560693212917875,0.620543509721756,3.565953254699707,9.270568813552756e-05,3.4429008960723877,32,4,False,False,False
EXP-T138,primary,2,101,0.0001,1.0000000000000002e-06,37,259,0.4716479022588049,0.5831200778484344,3.462716817855835,9.229423231234974e-05,3.4429008960723877,32,5,False,False,False
EXP-T138,primary,2,101,0.0001,1.0000000000000002e-06,38,266,0.5477558970451355,0.6002720594406128,3.491372585296631,9.187246438772939e-05,3.4429008960723877,32,6,False,False,False
EXP-T138,primary,2,101,0.0001,1.0000000000000002e-06,39,273,0.537127673625946,0.5827308595180511,3.4765543937683105,9.14404884265908e-05,3.4429008960723877,32,7,False,False,False
EXP-T138,primary,2,101,0.0001,1.0000000000000002e-06,40,280,0.49453665954726084,0.611740842461586,3.5637736320495605,9.099841101253866e-05,3.4429008960723877,32,8,False,False,False
EXP-T138,primary,2,101,0.0001,1.0000000000000002e-06,41,287,0.5331066101789474,0.5856083631515503,3.4943149089813232,9.05463412215599e-05,3.4429008960723877,32,9,False,False,False
EXP-T138,primary,2,101,0.0001,1.0000000000000002e-06,42,294,0.44990168298993793,0.5884735137224197,3.504439115524292,9.0084390595111e-05,3.4429008960723877,32,10,False,False,False
EXP-T138,primary,2,101,0.0001,1.0000000000000002e-06,43,301,0.39691304521901266,0.6035561561584473,3.548002243041992,8.961267311259666e-05,3.4429008960723877,32,11,False,False,False
EXP-T138,primary,2,101,0.0001,1.0000000000000002e-06,44,308,0.42770535605294363,0.5939555317163467,3.5149641036987305,8.913130516324733e-05,3.4429008960723877,32,12,False,False,False
EXP-T138,primary,2,101,0.0001,1.0000000000000002e-06,45,315,0.416145526937076,0.5998538583517075,3.5342514514923096,8.864040551740158e-05,3.4429008960723877,32,13,False,False,False
EXP-T138,primary,2,101,0.0001,1.0000000000000002e-06,46,322,0.3588565726365362,0.6355480551719666,3.6986961364746094,8.814009529720155e-05,3.4429008960723877,32,14,False,False,False
EXP-T138,primary,2,101,0.0001,1.0000000000000002e-06,47,329,0.3639282499040876,0.6594482064247131,3.7794748544692993,8.763049794670775e-05,3.4429008960723877,32,15,False,False,False
EXP-T138,primary,2,101,0.0001,1.0000000000000002e-06,48,336,0.3761771725756781,0.5968644469976425,3.5101571083068848,8.711173920144117e-05,3.4429008960723877,32,16,False,False,False
EXP-T138,primary,2,101,0.0001,1.0000000000000002e-06,49,343,0.43875972287995474,0.6223468482494354,3.6398766040802,8.658394705735987e-05,3.4429008960723877,32,17,False,False,False
EXP-T138,primary,2,101,0.0001,1.0000000000000002e-06,50,350,0.3520654354776655,0.6164233386516571,3.6126275062561035,8.604725173927785e-05,3.4429008960723877,32,18,False,False,False
EXP-T138,primary,2,101,0.0001,1.0000000000000002e-06,51,357,0.3862519477094923,0.5959651619195938,3.524876594543457,8.55017856687341e-05,3.4429008960723877,32,19,False,False,False
EXP-T138,primary,2,101,0.0001,1.0000000000000002e-06,52,364,0.3773375643151147,0.61260986328125,3.575463056564331,8.494768343131955e-05,3.4429008960723877,32,20,False,False,False
EXP-T138,primary,2,101,0.0001,1.0000000000000002e-06,53,371,0.30328602184142384,0.5925699323415756,3.4920806884765625,8.438508174347009e-05,3.4429008960723877,32,21,False,False,False
EXP-T138,primary,2,101,0.0001,1.0000000000000002e-06,54,378,0.5831097960472107,0.5690924227237701,3.41021728515625,8.381411941873378e-05,3.41021728515625,54,0,True,False,False
EXP-T138,primary,2,101,0.0001,1.0000000000000002e-06,55,385,0.34424765195165363,0.5784728676080704,3.4318357706069946,8.323493733352077e-05,3.41021728515625,54,1,False,False,False
EXP-T138,primary,2,101,0.0001,1.0000000000000002e-06,56,392,0.3077554247741188,0.5499084293842316,3.336669683456421,8.26476783923441e-05,3.336669683456421,56,0,True,False,False
EXP-T138,primary,2,101,0.0001,1.0000000000000002e-06,57,399,0.30265645682811737,0.5948086082935333,3.464055299758911,8.205248749256015e-05,3.336669683456421,56,1,False,False,False
EXP-T138,primary,2,101,0.0001,1.0000000000000002e-06,58,406,0.43925797939300537,0.5554886013269424,3.352396249771118,8.144951148861742e-05,3.336669683456421,56,2,False,False,False
EXP-T138,primary,2,101,0.0001,1.0000000000000002e-06,59,413,0.3356720560363361,0.5583018064498901,3.354695677757263,8.083889915582235e-05,3.336669683456421,56,3,False,False,False
EXP-T138,primary,2,101,0.0001,1.0000000000000002e-06,60,420,0.30409212057877866,0.529907688498497,3.256556749343872,8.022080115363127e-05,3.256556749343872,60,0,True,False,False
EXP-T138,primary,2,101,0.0001,1.0000000000000002e-06,61,427,0.3689009164060865,0.5480504035949707,3.320013165473938,7.959536998847744e-05,3.256556749343872,60,1,False,False,False
EXP-T138,primary,2,101,0.0001,1.0000000000000002e-06,62,434,0.3185454803918089,0.5671557188034058,3.3673144578933716,7.89627599761423e-05,3.256556749343872,60,2,False,False,False
EXP-T138,primary,2,101,0.0001,1.0000000000000002e-06,63,441,0.3436566186802728,0.5524495542049408,3.3199537992477417,7.832312720368048e-05,3.256556749343872,60,3,False,False,False
EXP-T138,primary,2,101,0.0001,1.0000000000000002e-06,64,448,0.28403499935354504,0.5501141250133514,3.3061248064041138,7.767662949090753e-05,3.256556749343872,60,4,False,False,False
EXP-T138,primary,2,101,0.0001,1.0000000000000002e-06,65,455,0.2800265790096351,0.5317492187023163,3.253387689590454,7.702342635146033e-05,3.253387689590454,65,0,True,False,False
EXP-T138,primary,2,101,0.0001,1.0000000000000002e-06,66,462,0.2854726144245693,0.516319751739502,3.197913885116577,7.636367895343946e-05,3.197913885116577,66,0,True,False,False
EXP-T138,primary,2,101,0.0001,1.0000000000000002e-06,67,469,0.3051280425861478,0.533224880695343,3.2390222549438477,7.569755007964338e-05,3.197913885116577,66,1,False,False,False
EXP-T138,primary,2,101,0.0001,1.0000000000000002e-06,68,476,0.3691103607416153,0.5087729841470718,3.163404703140259,7.502520408740418e-05,3.163404703140259,68,0,True,False,False
EXP-T138,primary,2,101,0.0001,1.0000000000000002e-06,69,483,0.27354224239076885,0.5431492626667023,3.270887017250061,7.43468068680349e-05,3.163404703140259,68,1,False,False,False
EXP-T138,primary,2,101,0.0001,1.0000000000000002e-06,70,490,0.2790411412715912,0.5272094309329987,3.2157663106918335,7.366252580589839e-05,3.163404703140259,68,2,False,False,False
EXP-T138,primary,2,101,0.0001,1.0000000000000002e-06,71,497,0.33767234853335787,0.5006481856107712,3.111126661300659,7.297252973710757e-05,3.111126661300659,71,0,True,False,False
EXP-T138,primary,2,101,0.0001,1.0000000000000002e-06,72,504,0.282360981484609,0.5210379958152771,3.174750566482544,7.22769889078678e-05,3.111126661300659,71,1,False,False,False
EXP-T138,primary,2,101,0.0001,1.0000000000000002e-06,73,511,0.3043662884405681,0.48825910687446594,3.014333963394165,7.15760749324711e-05,3.014333963394165,73,0,True,False,False
EXP-T138,primary,2,101,0.0001,1.0000000000000002e-06,74,518,0.3041591633643423,0.505178228020668,3.1074090003967285,7.086996075095289e-05,3.014333963394165,73,1,False,False,False
EXP-T138,primary,2,101,0.0001,1.0000000000000002e-06,75,525,0.3424899173634393,0.5016316175460815,3.0953980684280396,7.015882058642164e-05,3.014333963394165,73,2,False,False,False
EXP-T138,primary,2,101,0.0001,1.0000000000000002e-06,76,532,0.2570973518304527,0.49650081992149353,3.0722877979278564,6.944282990207195e-05,3.014333963394165,73,3,False,False,False
EXP-T138,primary,2,101,0.0001,1.0000000000000002e-06,77,539,0.2643184097749846,0.49651357531547546,3.070075273513794,6.872216535789157e-05,3.014333963394165,73,4,False,False,False
EXP-T138,primary,2,101,0.0001,1.0000000000000002e-06,78,546,0.34972537415368216,0.5003211200237274,3.081510543823242,6.799700476707323e-05,3.014333963394165,73,5,False,False,False
EXP-T138,primary,2,101,0.0001,1.0000000000000002e-06,79,553,0.2372714009668146,0.5462057292461395,3.2850857973098755,6.726752705214194e-05,3.014333963394165,73,6,False,False,False
EXP-T138,primary,2,101,0.0001,1.0000000000000002e-06,80,560,0.3005340237702642,0.5103924870491028,3.1257638931274414,6.65339122008084e-05,3.014333963394165,73,7,False,False,False
EXP-T138,primary,2,101,0.0001,1.0000000000000002e-06,81,567,0.2753073610365391,0.5195999592542648,3.166054606437683,6.57963412215599e-05,3.014333963394165,73,8,False,False,False
EXP-T138,primary,2,101,0.0001,1.0000000000000002e-06,82,574,0.2673794430281435,0.5010490566492081,3.099055290222168,6.505499609899905e-05,3.014333963394165,73,9,False,False,False
EXP-T138,primary,2,101,0.0001,1.0000000000000002e-06,83,581,0.2955258233206613,0.4958455264568329,3.079556107521057,6.431005974894185e-05,3.014333963394165,73,10,False,False,False
EXP-T138,primary,2,101,0.0001,1.0000000000000002e-06,84,588,0.40445925082479206,0.4945526123046875,3.075079321861267,6.356171597328596e-05,3.014333963394165,73,11,False,False,False
EXP-T138,primary,2,101,0.0001,1.0000000000000002e-06,85,595,0.23722901122112358,0.5372206568717957,3.2376906871795654,6.281014941466031e-05,3.014333963394165,73,12,False,False,False
EXP-T138,primary,2,101,0.0001,1.0000000000000002e-06,86,602,0.3120221814938954,0.5167615115642548,3.1482911109924316,6.205554551086733e-05,3.014333963394165,73,13,False,False,False
EXP-T138,primary,2,101,0.0001,1.0000000000000002e-06,87,609,0.2370311969092914,0.49301551282405853,3.0585848093032837,6.129809044912887e-05,3.014333963394165,73,14,False,False,False
EXP-T138,primary,2,101,0.0001,1.0000000000000002e-06,88,616,0.29733753204345703,0.5184027850627899,3.1451717615127563,6.053797112014738e-05,3.014333963394165,73,15,False,False,False
EXP-T138,primary,2,101,0.0001,1.0000000000000002e-06,89,623,0.29162955922739847,0.5089065730571747,3.122062563896179,5.977537507199338e-05,3.014333963394165,73,16,False,False,False
EXP-T138,primary,2,101,0.0001,1.0000000000000002e-06,90,630,0.23424858333809034,0.5142548382282257,3.1424622535705566,5.901049046383077e-05,3.014333963394165,73,17,False,False,False
EXP-T138,primary,2,101,0.0001,1.0000000000000002e-06,91,637,0.3014824837446213,0.49389955401420593,3.07675302028656,5.8243506019491436e-05,3.014333963394165,73,18,False,False,False
EXP-T138,primary,2,101,0.0001,1.0000000000000002e-06,92,644,0.29927508320127216,0.4905143082141876,3.06463086605072,5.7474610980910354e-05,3.014333963394165,73,19,False,False,False
EXP-T138,primary,2,101,0.0001,1.0000000000000002e-06,93,651,0.31798445326941355,0.5385223627090454,3.243192195892334,5.6703995061433075e-05,3.014333963394165,73,20,False,False,False
EXP-T138,primary,2,101,0.0001,1.0000000000000002e-06,94,658,0.2502166480491204,0.5507217347621918,3.296460270881653,5.5931848399006745e-05,3.014333963394165,73,21,False,False,False
EXP-T138,primary,2,101,0.0001,1.0000000000000002e-06,95,665,0.2521237323858908,0.5184526443481445,3.1500524282455444,5.515836150926646e-05,3.014333963394165,73,22,False,False,False
EXP-T138,primary,2,101,0.0001,1.0000000000000002e-06,96,672,0.26614646187850405,0.49072203040122986,3.060346841812134,5.438372523852833e-05,3.014333963394165,73,23,False,False,False
EXP-T138,primary,2,101,0.0001,1.0000000000000002e-06,97,679,0.2546873390674591,0.4942098557949066,3.0638896226882935,5.360813071670102e-05,3.014333963394165,73,24,False,False,False
EXP-T138,primary,2,101,0.0001,1.0000000000000002e-06,98,686,0.24671370462913597,0.5134152472019196,3.13528835773468,5.283176931012731e-05,3.014333963394165,73,25,False,False,False
EXP-T138,primary,2,101,0.0001,1.0000000000000002e-06,99,693,0.24383176510621393,0.4951583743095398,3.0685667991638184,5.205483257436735e-05,3.014333963394165,73,26,False,False,False
EXP-T138,primary,2,101,0.0001,1.0000000000000002e-06,100,700,0.2705183965819223,0.5067342519760132,3.105824828147888,5.127751220693513e-05,3.014333963394165,73,27,False,False,False
EXP-T138,primary,2,101,0.0001,1.0000000000000002e-06,101,707,0.30988191068172455,0.5364642888307571,3.233315587043762,5.05e-05,3.014333963394165,73,28,False,False,False
EXP-T138,primary,2,101,0.0001,1.0000000000000002e-06,102,714,0.26555536900247845,0.4893505275249481,3.0512207746505737,4.972248779306489e-05,3.014333963394165,73,29,False,False,False
EXP-T138,primary,2,101,0.0001,1.0000000000000002e-06,103,721,0.2310552213873182,0.5001488775014877,3.0924131870269775,4.894516742563265e-05,3.014333963394165,73,30,False,True,False
EXP-T138,primary,2,101,0.001,1e-05,1,7,0.6706399321556091,0.6685064435005188,3.7680792808532715,0.001,3.7680792808532715,1,0,True,False,False
EXP-T138,primary,2,101,0.001,1e-05,2,14,0.5583696216344833,0.6468515992164612,3.6681690216064453,0.000999938933078422,3.6681690216064453,2,0,True,False,False
EXP-T138,primary,2,101,0.001,1e-05,3,21,0.6718084045818874,0.6393643021583557,3.642637014389038,0.0009997557473810372,3.642637014389038,3,0,True,False,False
EXP-T138,primary,2,101,0.001,1e-05,4,28,0.6839313805103302,0.6413615345954895,3.637382745742798,0.0009994504881061753,3.637382745742798,4,0,True,False,False
EXP-T138,primary,2,101,0.001,1e-05,5,35,0.6795044881956918,0.6741411089897156,3.775358200073242,0.0009990232305719944,3.637382745742798,4,1,False,False,False
EXP-T138,primary,2,101,0.001,1e-05,6,42,0.6404845203672137,0.6422448754310608,3.655255079269409,0.0009984740801978985,3.637382745742798,4,2,False,False,False
EXP-T138,primary,2,101,0.001,1e-05,7,49,0.5745046947683606,0.6058176457881927,3.497196674346924,0.0009978031724785245,3.497196674346924,7,0,True,False,False
EXP-T138,primary,2,101,0.001,1e-05,8,56,0.4695447470460619,0.5963611602783203,3.4521539211273193,0.000997010672950314,3.4521539211273193,8,0,True,False,False
EXP-T138,primary,2,101,0.001,1e-05,9,63,0.602390706539154,0.6083017885684967,3.502072334289551,0.0009960967771506667,3.4521539211273193,8,1,False,False,False
EXP-T138,primary,2,101,0.001,1e-05,10,70,0.5562456548213959,0.573496088385582,3.373425006866455,0.000995061710569696,3.373425006866455,10,0,True,False,False
EXP-T138,primary,2,101,0.001,1e-05,11,77,0.4669905347483499,0.761267900466919,4.250505685806274,0.0009939057285945933,3.373425006866455,10,1,False,False,False
EXP-T138,primary,2,101,0.001,1e-05,12,84,0.6452369732516152,0.6936094611883163,3.8341846466064453,0.000992629116446613,3.373425006866455,10,2,False,False,False
EXP-T138,primary,2,101,0.001,1e-05,13,91,0.4165975366319929,0.6485423445701599,3.6849722862243652,0.000991232189110701,3.373425006866455,10,3,False,False,False
EXP-T138,primary,2,101,0.001,1e-05,14,98,0.3808504600765608,0.6033599972724915,3.4808523654937744,0.0009897152912577741,3.373425006866455,10,4,False,False,False
EXP-T138,primary,2,101,0.001,1e-05,15,105,0.3319035028772695,0.5968293249607086,3.4944097995758057,0.00098807879715968,3.373425006866455,10,5,False,False,False
EXP-T138,primary,2,101,0.001,1e-05,16,112,0.3354181090835482,0.5566571354866028,3.360990524291992,0.00098632311059685,3.360990524291992,16,0,True,False,False
EXP-T138,primary,2,101,0.001,1e-05,17,119,0.3333289069788797,0.5684168040752411,3.3203840255737305,0.0009844486647586723,3.3203840255737305,17,0,True,False,False
EXP-T138,primary,2,101,0.001,1e-05,18,126,0.2944061096225466,0.7573976516723633,4.279589414596558,0.00098245592213661,3.3203840255737305,17,1,False,False,False
EXP-T138,primary,2,101,0.001,1e-05,19,133,0.3921759511743273,0.6862512528896332,3.855413556098938,0.0009803453744100868,3.3203840255737305,17,2,False,False,False
EXP-T138,primary,2,101,0.001,1e-05,20,140,0.2733476058846073,0.5509145706892014,3.294693946838379,0.0009781175423251734,3.294693946838379,20,0,True,False,False
EXP-T138,primary,2,101,0.001,1e-05,21,147,0.2462519375341279,0.5519114136695862,3.288020610809326,0.0009757729755661011,3.288020610809326,21,0,True,False,False
EXP-T138,primary,2,101,0.001,1e-05,22,154,0.23909691385259585,0.6221325993537903,3.588681221008301,0.0009733122526196349,3.288020610809326,21,1,False,False,False
EXP-T138,primary,2,101,0.001,1e-05,23,161,0.3211454355290958,0.633704662322998,3.669437885284424,0.0009707359806323416,3.288020610809326,21,2,False,False,False
EXP-T138,primary,2,101,0.001,1e-05,24,168,0.273815657677395,0.5708156526088715,3.3635942935943604,0.0009680447952607845,3.288020610809326,21,3,False,False,False
EXP-T138,primary,2,101,0.001,1e-05,25,175,0.21500513409929617,0.6036163568496704,3.506165862083435,0.0009652393605146844,3.288020610809326,21,4,False,False,False
EXP-T138,primary,2,101,0.001,1e-05,26,182,0.3315634195293699,0.5881032943725586,3.3704416751861572,0.000962320368593087,3.288020610809326,21,5,False,False,False
EXP-T138,primary,2,101,0.001,1e-05,27,189,0.21409257862251252,0.5337859839200974,3.2097055912017822,0.0009592885397135706,3.2097055912017822,27,0,True,False,False
EXP-T138,primary,2,101,0.001,1e-05,28,196,0.21773561196667807,0.5296002328395844,3.2384252548217773,0.0009561446219345453,3.2097055912017822,27,1,False,False,False
EXP-T138,primary,2,101,0.001,1e-05,29,203,0.1782450259135138,0.5534399747848511,3.3365938663482666,0.0009528893909706797,3.2097055912017822,27,2,False,False,False
EXP-T138,primary,2,101,0.001,1e-05,30,210,0.17269649476345098,0.5394886583089828,3.2452261447906494,0.0009495236500015047,3.2097055912017822,27,3,False,False,False
EXP-T138,primary,2,101,0.001,1e-05,31,217,0.2260320450046233,0.5671913325786591,3.36616587638855,0.0009460482294732421,3.2097055912017822,27,4,False,False,False
EXP-T138,primary,2,101,0.001,1e-05,32,224,0.1870200942669596,0.5853373259305954,3.4303274154663086,0.0009424639868939033,3.2097055912017822,27,5,False,False,False
EXP-T138,primary,2,101,0.001,1e-05,33,231,0.23945979348250798,0.6763694286346436,3.8210307359695435,0.0009387718066217125,3.2097055912017822,27,6,False,False,False
EXP-T138,primary,2,101,0.001,1e-05,34,238,0.19154873277459825,0.6178306937217712,3.631919264793396,0.0009349725996469047,3.2097055912017822,27,7,False,False,False
EXP-T138,primary,2,101,0.001,1e-05,35,245,0.14425591379404068,0.6478725075721741,3.7730904817581177,0.0009310673033669522,3.2097055912017822,27,8,False,False,False
EXP-T138,primary,2,101,0.001,1e-05,36,252,0.15466446163398878,0.5845868587493896,3.450682520866394,0.0009270568813552756,3.2097055912017822,27,9,False,False,False
EXP-T138,primary,2,101,0.001,1e-05,37,259,0.13215294400496141,0.6185209155082703,3.6289427280426025,0.0009229423231234975,3.2097055912017822,27,10,False,False,False
EXP-T138,primary,2,101,0.001,1e-05,38,266,0.21286408816065108,0.588905930519104,3.518887758255005,0.0009187246438772938,3.2097055912017822,27,11,False,False,False
EXP-T138,primary,2,101,0.001,1e-05,39,273,0.2196553104690143,0.7293716669082642,4.088636517524719,0.0009144048842659081,3.2097055912017822,27,12,False,False,False
EXP-T138,primary,2,101,0.001,1e-05,40,280,0.1668639477076275,0.6218724846839905,3.550750255584717,0.0009099841101253866,3.2097055912017822,27,13,False,False,False
EXP-T138,primary,2,101,0.001,1e-05,41,287,0.16516835881131037,0.7618987858295441,4.238211154937744,0.000905463412215599,3.2097055912017822,27,14,False,False,False
EXP-T138,primary,2,101,0.001,1e-05,42,294,0.15652378967830113,0.6360380947589874,3.72908091545105,0.0009008439059511099,3.2097055912017822,27,15,False,False,False
EXP-T138,primary,2,101,0.001,1e-05,43,301,0.12071447526769978,0.6114875078201294,3.5287423133850098,0.0008961267311259666,3.2097055912017822,27,16,False,False,False
EXP-T138,primary,2,101,0.001,1e-05,44,308,0.2654529277767454,0.7576945722103119,4.213879823684692,0.0008913130516324732,3.2097055912017822,27,17,False,False,False
EXP-T138,primary,2,101,0.001,1e-05,45,315,0.2818463948954429,0.5742198526859283,3.410337209701538,0.0008864040551740157,3.2097055912017822,27,18,False,False,False
EXP-T138,primary,2,101,0.001,1e-05,46,322,0.2506315218550818,0.5530107170343399,3.315359354019165,0.0008814009529720154,3.2097055912017822,27,19,False,False,False
EXP-T138,primary,2,101,0.001,1e-05,47,329,0.31232525408267975,0.8312722146511078,4.5377479791641235,0.0008763049794670775,3.2097055912017822,27,20,False,False,False
EXP-T138,primary,2,101,0.001,1e-05,48,336,0.1952976475336722,0.5573415160179138,3.3585861921310425,0.0008711173920144117,3.2097055912017822,27,21,False,False,False
EXP-T138,primary,2,101,0.001,1e-05,49,343,0.11722598331315177,0.5664857476949692,3.382794141769409,0.0008658394705735987,3.2097055912017822,27,22,False,False,False
EXP-T138,primary,2,101,0.001,1e-05,50,350,0.07199693930202297,0.6029863655567169,3.5641082525253296,0.0008604725173927785,3.2097055912017822,27,23,False,False,False
EXP-T138,primary,2,101,0.001,1e-05,51,357,0.10784986987709999,0.6753708720207214,3.8874789476394653,0.000855017856687341,3.2097055912017822,27,24,False,False,False
EXP-T138,primary,2,101,0.001,1e-05,52,364,0.11056750041565724,0.5581366568803787,3.3576302528381348,0.0008494768343131955,3.2097055912017822,27,25,False,False,False
EXP-T138,primary,2,101,0.001,1e-05,53,371,0.1195317686402372,0.626579225063324,3.6262327432632446,0.0008438508174347009,3.2097055912017822,27,26,False,False,False
EXP-T138,primary,2,101,0.001,1e-05,54,378,0.13620521553925105,0.5683111250400543,3.348849058151245,0.0008381411941873378,3.2097055912017822,27,27,False,False,False
EXP-T138,primary,2,101,0.001,1e-05,55,385,0.1127463046993528,0.5909616947174072,3.514798641204834,0.0008323493733352077,3.2097055912017822,27,28,False,False,False
EXP-T138,primary,2,101,0.001,1e-05,56,392,0.08101722052586931,0.6302928328514099,3.691397547721863,0.000826476783923441,3.2097055912017822,27,29,False,False,False
EXP-T138,primary,2,101,0.001,1e-05,57,399,0.08354313511933599,0.6746201515197754,3.8914248943328857,0.0008205248749256015,3.2097055912017822,27,30,False,True,False
EXP-T138,primary,2,101,0.01,0.0001,1,7,2.531369379588536,0.6381261646747589,3.6374850273132324,0.01,3.6374850273132324,1,0,True,False,False
EXP-T138,primary,2,101,0.01,0.0001,2,14,1.0753120950290136,1.288554847240448,6.557074546813965,0.00999938933078422,3.6374850273132324,1,1,False,False,False
EXP-T138,primary,2,101,0.01,0.0001,3,21,0.8865690061024257,0.6383717060089111,3.6560938358306885,0.009997557473810372,3.6374850273132324,1,2,False,False,False
EXP-T138,primary,2,101,0.01,0.0001,4,28,0.9967664054461888,0.8023000061511993,4.363910913467407,0.009994504881061753,3.6374850273132324,1,3,False,False,False
EXP-T138,primary,2,101,0.01,0.0001,5,35,0.6448588967323303,1.2324702739715576,6.296406507492065,0.009990232305719944,3.6374850273132324,1,4,False,False,False
EXP-T138,primary,2,101,0.01,0.0001,6,42,2.001686249460493,0.8914578557014465,4.814948558807373,0.009984740801978984,3.6374850273132324,1,5,False,False,False
EXP-T138,primary,2,101,0.01,0.0001,7,49,0.5326363928616047,0.7854013442993164,4.309961557388306,0.009978031724785246,3.6374850273132324,1,6,False,False,False
EXP-T138,primary,2,101,0.01,0.0001,8,56,0.576677728577384,1.0974926948547363,5.665766954421997,0.00997010672950314,3.6374850273132324,1,7,False,False,False
EXP-T138,primary,2,101,0.01,0.0001,9,63,0.7782613801370774,0.9219692349433899,4.977130651473999,0.009960967771506667,3.6374850273132324,1,8,False,False,False
EXP-T138,primary,2,101,0.01,0.0001,10,70,0.660469104935016,0.6410617828369141,3.661254405975342,0.00995061710569696,3.6374850273132324,1,9,False,False,False
EXP-T138,primary,2,101,0.01,0.0001,11,77,0.5271812443222318,0.6378333866596222,3.6510009765625,0.009939057285945933,3.6374850273132324,1,10,False,False,False
EXP-T138,primary,2,101,0.01,0.0001,12,84,1.7923248750822884,0.6363075971603394,3.64471435546875,0.00992629116446613,3.6374850273132324,1,11,False,False,False
EXP-T138,primary,2,101,0.01,0.0001,13,91,0.6521755627223423,0.6357994079589844,3.6410045623779297,0.00991232189110701,3.6374850273132324,1,12,False,False,False
EXP-T138,primary,2,101,0.01,0.0001,14,98,0.5386199142251696,0.636852502822876,3.647768020629883,0.00989715291257774,3.6374850273132324,1,13,False,False,False
EXP-T138,primary,2,101,0.01,0.0001,15,105,0.5180927685328892,0.6381653249263763,3.6533255577087402,0.0098807879715968,3.6374850273132324,1,14,False,False,False
EXP-T138,primary,2,101,0.01,0.0001,16,112,0.5527998294149127,0.637344241142273,3.6500720977783203,0.0098632311059685,3.6374850273132324,1,15,False,False,False
EXP-T138,primary,2,101,0.01,0.0001,17,119,0.5073225838797433,0.6376891434192657,3.6515111923217773,0.009844486647586723,3.6374850273132324,1,16,False,False,False
EXP-T138,primary,2,101,0.01,0.0001,18,126,0.4905008540621826,0.6381780505180359,3.6533713340759277,0.0098245592213661,3.6374850273132324,1,17,False,False,False
EXP-T138,primary,2,101,0.01,0.0001,19,133,0.5833151340484619,0.6380273401737213,3.6528172492980957,0.009803453744100868,3.6374850273132324,1,18,False,False,False
EXP-T138,primary,2,101,0.01,0.0001,20,140,0.4965555625302451,0.6386111378669739,3.65488338470459,0.009781175423251734,3.6374850273132324,1,19,False,False,False
EXP-T138,primary,2,101,0.01,0.0001,21,147,0.4974417830152171,0.6381084322929382,3.6531176567077637,0.009757729755661011,3.6374850273132324,1,20,False,False,False
EXP-T138,primary,2,101,0.01,0.0001,22,154,0.4962595302079405,0.6381178200244904,3.6531519889831543,0.009733122526196349,3.6374850273132324,1,21,False,False,False
EXP-T138,primary,2,101,0.01,0.0001,23,161,0.5031721900616374,0.6369470059871674,3.6482391357421875,0.009707359806323416,3.6374850273132324,1,22,False,False,False
EXP-T138,primary,2,101,0.01,0.0001,24,168,0.48850735562986564,0.6360789239406586,3.6431946754455566,0.009680447952607845,3.6374850273132324,1,23,False,False,False
EXP-T138,primary,2,101,0.01,0.0001,25,175,0.5726675646645683,0.6356622278690338,3.639714241027832,0.009652393605146845,3.6374850273132324,1,24,False,False,False
EXP-T138,primary,2,101,0.01,0.0001,26,182,0.6201695374080113,0.6358434855937958,3.6413826942443848,0.00962320368593087,3.6374850273132324,1,25,False,False,False
EXP-T138,primary,2,101,0.01,0.0001,27,189,0.541822578225817,0.6355476677417755,3.6384501457214355,0.009592885397135707,3.6374850273132324,1,26,False,False,False
EXP-T138,primary,2,101,0.01,0.0001,28,196,0.5400835062776294,0.635596513748169,3.6390156745910645,0.009561446219345454,3.6374850273132324,1,27,False,False,False
EXP-T138,primary,2,101,0.01,0.0001,29,203,0.5086858144828251,0.6353713274002075,3.63580322265625,0.009528893909706798,3.63580322265625,29,0,True,False,False
EXP-T138,primary,2,101,0.01,0.0001,30,210,0.54447255390031,0.6352737247943878,3.632671356201172,0.009495236500015047,3.632671356201172,30,0,True,False,False
EXP-T138,primary,2,101,0.01,0.0001,31,217,0.5013788353119578,0.6353202760219574,3.634620189666748,0.00946048229473242,3.632671356201172,30,1,False,False,False
EXP-T138,primary,2,101,0.01,0.0001,32,224,0.6207729961190905,0.6354862749576569,3.6376633644104004,0.009424639868939034,3.632671356201172,30,2,False,False,False
EXP-T138,primary,2,101,0.01,0.0001,33,231,0.673337208373206,0.6361370980739594,3.6435999870300293,0.009387718066217124,3.632671356201172,30,3,False,False,False
EXP-T138,primary,2,101,0.01,0.0001,34,238,0.6622078589030674,0.637445330619812,3.6505064964294434,0.009349725996469048,3.632671356201172,30,4,False,False,False
EXP-T138,primary,2,101,0.01,0.0001,35,245,0.5656455840383258,0.6388014554977417,3.655514717102051,0.00931067303366952,3.632671356201172,30,5,False,False,False
EXP-T138,primary,2,101,0.01,0.0001,36,252,0.6268648718084607,0.6377083659172058,3.651587963104248,0.009270568813552756,3.632671356201172,30,6,False,False,False
EXP-T138,primary,2,101,0.01,0.0001,37,259,0.5020785704255104,0.636506199836731,3.6459035873413086,0.009229423231234974,3.632671356201172,30,7,False,False,False
EXP-T138,primary,2,101,0.01,0.0001,38,266,0.6498201787471771,0.6359066069126129,3.641900062561035,0.009187246438772938,3.632671356201172,30,8,False,False,False
EXP-T138,primary,2,101,0.01,0.0001,39,273,2.2293568338666643,1.2630052268505096,6.404449939727783,0.009144048842659082,3.632671356201172,30,9,False,False,False
EXP-T138,primary,2,101,0.01,0.0001,40,280,0.9984082622187478,0.6360251903533936,3.6428070068359375,0.009099841101253866,3.632671356201172,30,10,False,False,False
EXP-T138,primary,2,101,0.01,0.0001,41,287,0.6063654848507473,0.6364287734031677,3.6454524993896484,0.00905463412215599,3.632671356201172,30,11,False,False,False
EXP-T138,primary,2,101,0.01,0.0001,42,294,0.5423890352249146,0.6360428035259247,3.642935276031494,0.0090084390595111,3.632671356201172,30,12,False,False,False
EXP-T138,primary,2,101,0.01,0.0001,43,301,0.49278547561594416,0.6354907155036926,3.637723922729492,0.008961267311259666,3.632671356201172,30,13,False,False,False
EXP-T138,primary,2,101,0.01,0.0001,44,308,0.542486846446991,0.6354615986347198,3.6373162269592285,0.008913130516324731,3.632671356201172,30,14,False,False,False
EXP-T138,primary,2,101,0.01,0.0001,45,315,0.5397502481937408,0.6355731785297394,3.6387510299682617,0.008864040551740157,3.632671356201172,30,15,False,False,False
EXP-T138,primary,2,101,0.01,0.0001,46,322,0.49175397945301874,0.6353850364685059,3.6360669136047363,0.008814009529720154,3.632671356201172,30,16,False,False,False
EXP-T138,primary,2,101,0.01,0.0001,47,329,0.49100087077489923,0.6353097856044769,3.634309768676758,0.008763049794670776,3.632671356201172,30,17,False,False,False
EXP-T138,primary,2,101,0.01,0.0001,48,336,0.48804854245723356,0.6352739334106445,3.632693290710449,0.008711173920144118,3.632671356201172,30,18,False,False,False
EXP-T138,primary,2,101,0.01,0.0001,49,343,0.6775195513452802,0.6352683007717133,3.63142728805542,0.008658394705735987,3.63142728805542,49,0,True,False,False
EXP-T138,primary,2,101,0.01,0.0001,50,350,0.546818984406335,0.6353083848953247,3.6291275024414062,0.008604725173927784,3.6291275024414062,50,0,True,False,False
EXP-T138,primary,2,101,0.01,0.0001,51,357,0.561237062726702,0.6352681517601013,3.631917953491211,0.00855017856687341,3.6291275024414062,50,1,False,False,False
EXP-T138,primary,2,101,0.01,0.0001,52,364,0.5122913994959423,0.6353838443756104,3.6360440254211426,0.008494768343131955,3.6291275024414062,50,2,False,False,False
EXP-T138,primary,2,101,0.01,0.0001,53,371,0.5099855086633137,0.635731041431427,3.640385627746582,0.00843850817434701,3.6291275024414062,50,3,False,False,False
EXP-T138,primary,2,101,0.01,0.0001,54,378,0.6816183456352779,0.6358814239501953,3.6416969299316406,0.008381411941873378,3.6291275024414062,50,4,False,False,False
EXP-T138,primary,2,101,0.01,0.0001,55,385,0.5392994752952031,0.6362066864967346,3.64406681060791,0.008323493733352076,3.6291275024414062,50,5,False,False,False
EXP-T138,primary,2,101,0.01,0.0001,56,392,0.5375342071056366,0.6369089484214783,3.6480512619018555,0.008264767839234409,3.6291275024414062,50,6,False,False,False
EXP-T138,primary,2,101,0.01,0.0001,57,399,0.676825829914638,0.6378508508205414,3.6521472930908203,0.008205248749256015,3.6291275024414062,50,7,False,False,False
EXP-T138,primary,2,101,0.01,0.0001,58,406,0.627425491809845,0.6386593580245972,3.655045509338379,0.008144951148861742,3.6291275024414062,50,8,False,False,False
EXP-T138,primary,2,101,0.01,0.0001,59,413,0.5049458422831127,0.6379858255386353,3.6526618003845215,0.008083889915582234,3.6291275024414062,50,9,False,False,False
EXP-T138,primary,2,101,0.01,0.0001,60,420,0.6246314474514553,0.6370499730110168,3.648735523223877,0.008022080115363126,3.6291275024414062,50,10,False,False,False
EXP-T138,primary,2,101,0.01,0.0001,61,427,0.5087424516677856,0.636285126209259,3.644573211669922,0.007959536998847744,3.6291275024414062,50,11,False,False,False
EXP-T138,primary,2,101,0.01,0.0001,62,434,0.6210248512881142,0.6361243724822998,3.64351224899292,0.00789627599761423,3.6291275024414062,50,12,False,False,False
EXP-T138,primary,2,101,0.01,0.0001,63,441,0.5560902016503471,0.6356445252895355,3.6395320892333984,0.007832312720368047,3.6291275024414062,50,13,False,False,False
EXP-T138,primary,2,101,0.01,0.0001,64,448,0.5221032500267029,0.6353393197059631,3.635110378265381,0.007767662949090753,3.6291275024414062,50,14,False,False,False
EXP-T138,primary,2,101,0.01,0.0001,65,455,0.49646236428192686,0.6352861523628235,3.629970073699951,0.007702342635146034,3.6291275024414062,50,15,False,False,False
EXP-T138,primary,2,101,0.01,0.0001,66,462,0.4903900218861444,0.6354569792747498,3.6261444091796875,0.007636367895343947,3.6261444091796875,66,0,True,False,False
EXP-T138,primary,2,101,0.01,0.0001,67,469,0.49021601104842766,0.6355390250682831,3.6250481605529785,0.007569755007964339,3.6250481605529785,67,0,True,False,False
EXP-T138,primary,2,101,0.01,0.0001,68,476,0.5643705470221383,0.6356878578662872,3.626577377319336,0.007502520408740419,3.6250481605529785,67,1,False,False,False
EXP-T138,primary,2,101,0.01,0.0001,69,483,0.49564661192042486,0.6360220313072205,3.6293911933898926,0.007434680686803491,3.6250481605529785,67,2,False,False,False
EXP-T138,primary,2,101,0.01,0.0001,70,490,0.5474112374441964,0.6362236440181732,3.6307854652404785,0.0073662525805898394,3.6250481605529785,67,3,False,False,False
EXP-T138,primary,2,101,0.01,0.0001,71,497,0.6321517058781215,0.6364184617996216,3.6319985389709473,0.007297252973710758,3.6250481605529785,67,4,False,False,False
EXP-T138,primary,2,101,0.01,0.0001,72,504,0.5077417514153889,0.6360211968421936,3.629384994506836,0.00722769889078678,3.6250481605529785,67,5,False,False,False
EXP-T138,primary,2,101,0.01,0.0001,73,511,0.5498303728444236,0.6355428099632263,3.625001907348633,0.0071576074932471105,3.625001907348633,73,0,True,False,False
EXP-T138,primary,2,101,0.01,0.0001,74,518,0.4884146715963392,0.6352852582931519,3.6300125122070312,0.00708699607509529,3.625001907348633,73,1,False,False,False
EXP-T138,primary,2,101,0.01,0.0001,75,525,0.4879055250535852,0.6352691054344177,3.6321468353271484,0.007015882058642164,3.625001907348633,73,2,False,False,False
EXP-T138,primary,2,101,0.01,0.0001,76,532,0.685575817312513,0.6352878212928772,3.6334996223449707,0.006944282990207195,3.625001907348633,73,3,False,False,False
EXP-T138,primary,2,101,0.01,0.0001,77,539,0.5424545109272003,0.6354784369468689,3.6375551223754883,0.006872216535789157,3.625001907348633,73,4,False,False,False
EXP-T138,primary,2,101,0.01,0.0001,78,546,0.6034878832953317,0.635803759098053,3.641042709350586,0.006799700476707324,3.625001907348633,73,5,False,False,False
EXP-T138,primary,2,101,0.01,0.0001,79,553,0.5103767152343478,0.6357090473175049,3.640176773071289,0.006726752705214194,3.625001907348633,73,6,False,False,False
EXP-T138,primary,2,101,0.01,0.0001,80,560,0.5550265269620078,0.63546422123909,3.6373538970947266,0.0066533912200808405,3.625001907348633,73,7,False,False,False
EXP-T138,primary,2,101,0.01,0.0001,81,567,0.4932335764169693,0.6353054344654083,3.634171485900879,0.006579634122155991,3.625001907348633,73,8,False,False,False
EXP-T138,primary,2,101,0.01,0.0001,82,574,0.49745492956468035,0.6352909505367279,3.633636474609375,0.006505499609899906,3.625001907348633,73,9,False,False,False
EXP-T138,primary,2,101,0.01,0.0001,83,581,0.5922856714044299,0.6352699995040894,3.6322884559631348,0.006431005974894186,3.625001907348633,73,10,False,False,False
EXP-T138,primary,2,101,0.01,0.0001,84,588,0.4908306500209229,0.6352961659431458,3.6338448524475098,0.006356171597328596,3.625001907348633,73,11,False,False,False
EXP-T138,primary,2,101,0.01,0.0001,85,595,0.5079939407961709,0.6353062391281128,3.63419771194458,0.0062810149414660316,3.625001907348633,73,12,False,False,False
EXP-T138,primary,2,101,0.01,0.0001,86,602,0.4972728214093617,0.6352719068527222,3.6325125694274902,0.006205554551086733,3.625001907348633,73,13,False,False,False
EXP-T138,primary,2,101,0.01,0.0001,87,609,0.496790879539081,0.6352709829807281,3.630978584289551,0.006129809044912888,3.625001907348633,73,14,False,False,False
EXP-T138,primary,2,101,0.01,0.0001,88,616,0.7500036912305015,0.6352876722812653,3.629899501800537,0.006053797112014738,3.625001907348633,73,15,False,False,False
EXP-T138,primary,2,101,0.01,0.0001,89,623,0.5519041333879743,0.6352691650390625,3.6312294006347656,0.005977537507199339,3.625001907348633,73,16,False,False,False
EXP-T138,primary,2,101,0.01,0.0001,90,630,0.5027024618216923,0.6352768838405609,3.6304845809936523,0.005901049046383077,3.625001907348633,73,17,False,False,False
EXP-T138,primary,2,101,0.01,0.0001,91,637,0.5297123534338815,0.6352679431438446,3.631804943084717,0.005824350601949144,3.625001907348633,73,18,False,False,False
EXP-T138,primary,2,101,0.01,0.0001,92,644,0.4881277796147125,0.6353177726268768,3.6345481872558594,0.005747461098091036,3.625001907348633,73,19,False,False,False
EXP-T138,primary,2,101,0.01,0.0001,93,651,0.6166239721434457,0.6353590786457062,3.635551929473877,0.005670399506143308,3.625001907348633,73,20,False,False,False
EXP-T138,primary,2,101,0.01,0.0001,94,658,0.5440400796277183,0.6353118717670441,3.634376049041748,0.005593184839900675,3.625001907348633,73,21,False,False,False
EXP-T138,primary,2,101,0.01,0.0001,95,665,0.5902112977845329,0.6353732049465179,3.63584041595459,0.005515836150926647,3.625001907348633,73,22,False,False,False
EXP-T138,primary,2,101,0.01,0.0001,96,672,0.5417217697416034,0.6355673670768738,3.638683319091797,0.005438372523852834,3.625001907348633,73,23,False,False,False
EXP-T138,primary,2,101,0.01,0.0001,97,679,0.6032393659864154,0.6359762251377106,3.642441749572754,0.005360813071670102,3.625001907348633,73,24,False,False,False
EXP-T138,primary,2,101,0.01,0.0001,98,686,0.4928273968398571,0.636333554983139,3.644876480102539,0.005283176931012732,3.625001907348633,73,25,False,False,False
EXP-T138,primary,2,101,0.01,0.0001,99,693,0.6013577921049935,0.6364318132400513,3.64547061920166,0.0052054832574367355,3.625001907348633,73,26,False,False,False
EXP-T138,primary,2,101,0.01,0.0001,100,700,0.4885067697780739,0.6367295384407043,3.64713191986084,0.005127751220693514,3.625001907348633,73,27,False,False,False
EXP-T138,primary,2,101,0.01,0.0001,101,707,0.4979393407702446,0.636827677488327,3.647641658782959,0.005050000000000001,3.625001907348633,73,28,False,False,False
EXP-T138,primary,2,101,0.01,0.0001,102,714,0.6232598509107318,0.6368784308433533,3.6478986740112305,0.004972248779306489,3.625001907348633,73,29,False,False,False
EXP-T138,primary,2,101,0.01,0.0001,103,721,0.5085032837731498,0.6366464495658875,3.6466870307922363,0.004894516742563266,3.625001907348633,73,30,False,True,False
EXP-T138,primary,3,101,1e-05,1.0000000000000001e-07,1,7,0.5604937374591827,0.5240292102098465,3.2210869789123535,1e-05,3.2210869789123535,1,0,True,False,False
EXP-T138,primary,3,101,1e-05,1.0000000000000001e-07,2,14,0.6039776163441795,0.5239526331424713,3.2206876277923584,9.99938933078422e-06,3.2206876277923584,2,0,True,False,False
EXP-T138,primary,3,101,1e-05,1.0000000000000001e-07,3,21,0.6265039188521249,0.5245406031608582,3.2233219146728516,9.997557473810373e-06,3.2206876277923584,2,1,False,False,False
EXP-T138,primary,3,101,1e-05,1.0000000000000001e-07,4,28,0.6547778929982867,0.5249250829219818,3.224808692932129,9.994504881061752e-06,3.2206876277923584,2,2,False,False,False
EXP-T138,primary,3,101,1e-05,1.0000000000000001e-07,5,35,0.6323582402297429,0.5258076936006546,3.227907657623291,9.990232305719944e-06,3.2206876277923584,2,3,False,False,False
EXP-T138,primary,3,101,1e-05,1.0000000000000001e-07,6,42,0.5491662153175899,0.5257320702075958,3.2275521755218506,9.984740801978984e-06,3.2206876277923584,2,4,False,False,False
EXP-T138,primary,3,101,1e-05,1.0000000000000001e-07,7,49,0.5776849559375218,0.5261254906654358,3.228754758834839,9.978031724785247e-06,3.2206876277923584,2,5,False,False,False
EXP-T138,primary,3,101,1e-05,1.0000000000000001e-07,8,56,0.6926019404615674,0.5259202569723129,3.227950096130371,9.97010672950314e-06,3.2206876277923584,2,6,False,False,False
EXP-T138,primary,3,101,1e-05,1.0000000000000001e-07,9,63,0.5334763399192265,0.5267733633518219,3.231260299682617,9.960967771506666e-06,3.2206876277923584,2,7,False,False,False
EXP-T138,primary,3,101,1e-05,1.0000000000000001e-07,10,70,0.6289661654404232,0.5274167209863663,3.2350034713745117,9.950617105696961e-06,3.2206876277923584,2,8,False,False,False
EXP-T138,primary,3,101,1e-05,1.0000000000000001e-07,11,77,0.7609895893505642,0.526956707239151,3.232435464859009,9.939057285945933e-06,3.2206876277923584,2,9,False,False,False
EXP-T138,primary,3,101,1e-05,1.0000000000000001e-07,12,84,0.5441040779863086,0.5266885757446289,3.230947971343994,9.926291164466131e-06,3.2206876277923584,2,10,False,False,False
EXP-T138,primary,3,101,1e-05,1.0000000000000001e-07,13,91,0.5769619984286172,0.5266698151826859,3.230926275253296,9.91232189110701e-06,3.2206876277923584,2,11,False,False,False
EXP-T138,primary,3,101,1e-05,1.0000000000000001e-07,14,98,0.6141067913600377,0.5269905924797058,3.2328686714172363,9.897152912577742e-06,3.2206876277923584,2,12,False,False,False
EXP-T138,primary,3,101,1e-05,1.0000000000000001e-07,15,105,0.52345657987254,0.5271967500448227,3.2340950965881348,9.8807879715968e-06,3.2206876277923584,2,13,False,False,False
EXP-T138,primary,3,101,1e-05,1.0000000000000001e-07,16,112,0.7059114405087062,0.5273940861225128,3.2352070808410645,9.8632311059685e-06,3.2206876277923584,2,14,False,False,False
EXP-T138,primary,3,101,1e-05,1.0000000000000001e-07,17,119,0.5757957228592464,0.5268437266349792,3.232241153717041,9.844486647586724e-06,3.2206876277923584,2,15,False,False,False
EXP-T138,primary,3,101,1e-05,1.0000000000000001e-07,18,126,0.5068334668342557,0.5271615087985992,3.2340779304504395,9.824559221366101e-06,3.2206876277923584,2,16,False,False,False
EXP-T138,primary,3,101,1e-05,1.0000000000000001e-07,19,133,0.6814559102058411,0.5266532599925995,3.231356620788574,9.803453744100868e-06,3.2206876277923584,2,17,False,False,False
EXP-T138,primary,3,101,1e-05,1.0000000000000001e-07,20,140,0.605948942048209,0.526298999786377,3.2294294834136963,9.781175423251734e-06,3.2206876277923584,2,18,False,False,False
EXP-T138,primary,3,101,1e-05,1.0000000000000001e-07,21,147,0.537449415240969,0.5266778767108917,3.231684446334839,9.757729755661012e-06,3.2206876277923584,2,19,False,False,False
EXP-T138,primary,3,101,1e-05,1.0000000000000001e-07,22,154,0.5978500161852155,0.5279527455568314,3.238408088684082,9.73312252619635e-06,3.2206876277923584,2,20,False,False,False
EXP-T138,primary,3,101,1e-05,1.0000000000000001e-07,23,161,0.6284389921597072,0.5291957855224609,3.244340658187866,9.707359806323418e-06,3.2206876277923584,2,21,False,False,False
EXP-T138,primary,3,101,1e-05,1.0000000000000001e-07,24,168,0.6309639683791569,0.5288821160793304,3.242886543273926,9.680447952607845e-06,3.2206876277923584,2,22,False,False,False
EXP-T138,primary,3,101,1e-05,1.0000000000000001e-07,25,175,0.6590403403554644,0.5281655192375183,3.239497184753418,9.652393605146845e-06,3.2206876277923584,2,23,False,False,False
EXP-T138,primary,3,101,1e-05,1.0000000000000001e-07,26,182,0.5319857810224805,0.5283076912164688,3.240199327468872,9.62320368593087e-06,3.2206876277923584,2,24,False,False,False
EXP-T138,primary,3,101,1e-05,1.0000000000000001e-07,27,189,0.5032157152891159,0.5271690487861633,3.234596014022827,9.592885397135707e-06,3.2206876277923584,2,25,False,False,False
EXP-T138,primary,3,101,1e-05,1.0000000000000001e-07,28,196,0.5221023724547454,0.5262948125600815,3.2300031185150146,9.561446219345455e-06,3.2206876277923584,2,26,False,False,False
EXP-T138,primary,3,101,1e-05,1.0000000000000001e-07,29,203,0.6026146922792707,0.5266291201114655,3.2318718433380127,9.528893909706798e-06,3.2206876277923584,2,27,False,False,False
EXP-T138,primary,3,101,1e-05,1.0000000000000001e-07,30,210,0.5483778417110443,0.5268866419792175,3.2332890033721924,9.495236500015048e-06,3.2206876277923584,2,28,False,False,False
EXP-T138,primary,3,101,1e-05,1.0000000000000001e-07,31,217,0.6034863761493138,0.5268883109092712,3.2333264350891113,9.460482294732422e-06,3.2206876277923584,2,29,False,False,False
EXP-T138,primary,3,101,1e-05,1.0000000000000001e-07,32,224,0.5116101801395416,0.5271795839071274,3.234867811203003,9.424639868939035e-06,3.2206876277923584,2,30,False,True,False
EXP-T138,primary,3,101,0.0001,1.0000000000000002e-06,1,7,0.5537100987774985,0.5456247627735138,3.3075342178344727,0.0001,3.3075342178344727,1,0,True,False,False
EXP-T138,primary,3,101,0.0001,1.0000000000000002e-06,2,14,0.5790190994739532,0.5279269814491272,3.238182306289673,9.99938933078422e-05,3.238182306289673,2,0,True,False,False
EXP-T138,primary,3,101,0.0001,1.0000000000000002e-06,3,21,0.5889895132609776,0.5332174897193909,3.260505199432373,9.997557473810373e-05,3.238182306289673,2,1,False,False,False
EXP-T138,primary,3,101,0.0001,1.0000000000000002e-06,4,28,0.6775919667312077,0.5245012640953064,3.221052408218384,9.994504881061753e-05,3.221052408218384,4,0,True,False,False
EXP-T138,primary,3,101,0.0001,1.0000000000000002e-06,5,35,0.6168270579406193,0.5247788578271866,3.2233150005340576,9.990232305719945e-05,3.221052408218384,4,1,False,False,False
EXP-T138,primary,3,101,0.0001,1.0000000000000002e-06,6,42,0.5506870193140847,0.5227508544921875,3.212023973464966,9.984740801978984e-05,3.212023973464966,6,0,True,False,False
EXP-T138,primary,3,101,0.0001,1.0000000000000002e-06,7,49,0.5990493042128426,0.5267060995101929,3.232753276824951,9.978031724785247e-05,3.212023973464966,6,1,False,False,False
EXP-T138,primary,3,101,0.0001,1.0000000000000002e-06,8,56,0.6959265385355268,0.5249549746513367,3.224759340286255,9.97010672950314e-05,3.212023973464966,6,2,False,False,False
EXP-T138,primary,3,101,0.0001,1.0000000000000002e-06,9,63,0.5643989145755768,0.5320185720920563,3.251960515975952,9.960967771506667e-05,3.212023973464966,6,3,False,False,False
EXP-T138,primary,3,101,0.0001,1.0000000000000002e-06,10,70,0.5828994384833744,0.527523398399353,3.2348670959472656,9.95061710569696e-05,3.212023973464966,6,4,False,False,False
EXP-T138,primary,3,101,0.0001,1.0000000000000002e-06,11,77,0.7554299746240888,0.5163146257400513,3.179504871368408,9.939057285945933e-05,3.179504871368408,11,0,True,False,False
EXP-T138,primary,3,101,0.0001,1.0000000000000002e-06,12,84,0.5278269307953971,0.5159310102462769,3.177090883255005,9.926291164466132e-05,3.177090883255005,12,0,True,False,False
EXP-T138,primary,3,101,0.0001,1.0000000000000002e-06,13,91,0.5420585700443813,0.522876039147377,3.213931083679199,9.91232189110701e-05,3.177090883255005,12,1,False,False,False
EXP-T138,primary,3,101,0.0001,1.0000000000000002e-06,14,98,0.6437699709619794,0.5319046974182129,3.2458603382110596,9.897152912577741e-05,3.177090883255005,12,2,False,False,False
EXP-T138,primary,3,101,0.0001,1.0000000000000002e-06,15,105,0.5344208521502358,0.5294490605592728,3.2371861934661865,9.8807879715968e-05,3.177090883255005,12,3,False,False,False
EXP-T138,primary,3,101,0.0001,1.0000000000000002e-06,16,112,0.7092463203838894,0.5174274891614914,3.187697410583496,9.8632311059685e-05,3.177090883255005,12,4,False,False,False
EXP-T138,primary,3,101,0.0001,1.0000000000000002e-06,17,119,0.5977788056646075,0.5118643045425415,3.154419183731079,9.844486647586725e-05,3.154419183731079,17,0,True,False,False
EXP-T138,primary,3,101,0.0001,1.0000000000000002e-06,18,126,0.48799105254667147,0.5134439617395401,3.164060115814209,9.824559221366101e-05,3.154419183731079,17,1,False,False,False
EXP-T138,primary,3,101,0.0001,1.0000000000000002e-06,19,133,0.6294723664011274,0.5118701159954071,3.155505657196045,9.803453744100869e-05,3.154419183731079,17,2,False,False,False
EXP-T138,primary,3,101,0.0001,1.0000000000000002e-06,20,140,0.5791483053139278,0.5108746588230133,3.1500182151794434,9.781175423251735e-05,3.1500182151794434,20,0,True,False,False
EXP-T138,primary,3,101,0.0001,1.0000000000000002e-06,21,147,0.5315291668687548,0.5186469256877899,3.1944167613983154,9.757729755661011e-05,3.1500182151794434,20,1,False,False,False
EXP-T138,primary,3,101,0.0001,1.0000000000000002e-06,22,154,0.5567267153944288,0.5448671132326126,3.327537775039673,9.73312252619635e-05,3.1500182151794434,20,2,False,False,False
EXP-T138,primary,3,101,0.0001,1.0000000000000002e-06,23,161,0.5950746876852853,0.5461157858371735,3.334470510482788,9.707359806323417e-05,3.1500182151794434,20,3,False,False,False
EXP-T138,primary,3,101,0.0001,1.0000000000000002e-06,24,168,0.6456330972058433,0.5157438516616821,3.1806774139404297,9.680447952607845e-05,3.1500182151794434,20,4,False,False,False
EXP-T138,primary,3,101,0.0001,1.0000000000000002e-06,25,175,0.5939035160200936,0.5076328366994858,3.130127191543579,9.652393605146844e-05,3.130127191543579,25,0,True,False,False
EXP-T138,primary,3,101,0.0001,1.0000000000000002e-06,26,182,0.5548927869115557,0.5100274085998535,3.150541067123413,9.623203685930869e-05,3.130127191543579,25,1,False,False,False
EXP-T138,primary,3,101,0.0001,1.0000000000000002e-06,27,189,0.48392542877367567,0.5051641762256622,3.1181375980377197,9.592885397135707e-05,3.1181375980377197,27,0,True,False,False
EXP-T138,primary,3,101,0.0001,1.0000000000000002e-06,28,196,0.49977592325636316,0.503947913646698,3.1132683753967285,9.561446219345454e-05,3.1132683753967285,28,0,True,False,False
EXP-T138,primary,3,101,0.0001,1.0000000000000002e-06,29,203,0.5633738338947296,0.5109342634677887,3.157802104949951,9.528893909706797e-05,3.1132683753967285,28,1,False,False,False
EXP-T138,primary,3,101,0.0001,1.0000000000000002e-06,30,210,0.5355158192770821,0.513630673289299,3.167471408843994,9.495236500015047e-05,3.1132683753967285,28,2,False,False,False
EXP-T138,primary,3,101,0.0001,1.0000000000000002e-06,31,217,0.5514922525201525,0.5074729919433594,3.1405351161956787,9.460482294732421e-05,3.1132683753967285,28,3,False,False,False
EXP-T138,primary,3,101,0.0001,1.0000000000000002e-06,32,224,0.4709199070930481,0.4984330087900162,3.0896286964416504,9.424639868939033e-05,3.0896286964416504,32,0,True,False,False
EXP-T138,primary,3,101,0.0001,1.0000000000000002e-06,33,231,0.4841660326346755,0.5045147985219955,3.124547243118286,9.387718066217124e-05,3.0896286964416504,32,1,False,False,False
EXP-T138,primary,3,101,0.0001,1.0000000000000002e-06,34,238,0.5561081681932721,0.5067823231220245,3.1309447288513184,9.349725996469047e-05,3.0896286964416504,32,2,False,False,False
EXP-T138,primary,3,101,0.0001,1.0000000000000002e-06,35,245,0.5652404086930412,0.505413368344307,3.1242527961730957,9.310673033669521e-05,3.0896286964416504,32,3,False,False,False
EXP-T138,primary,3,101,0.0001,1.0000000000000002e-06,36,252,0.6196315969739642,0.49209699034690857,3.062091112136841,9.270568813552756e-05,3.062091112136841,36,0,True,False,False
EXP-T138,primary,3,101,0.0001,1.0000000000000002e-06,37,259,0.5882160408156258,0.490072637796402,3.051891803741455,9.229423231234974e-05,3.051891803741455,37,0,True,False,False
EXP-T138,primary,3,101,0.0001,1.0000000000000002e-06,38,266,0.564152832542147,0.49009470641613007,3.0510408878326416,9.187246438772939e-05,3.0510408878326416,38,0,True,False,False
EXP-T138,primary,3,101,0.0001,1.0000000000000002e-06,39,273,0.49456374985831125,0.49372783303260803,3.0669989585876465,9.14404884265908e-05,3.0510408878326416,38,1,False,False,False
EXP-T138,primary,3,101,0.0001,1.0000000000000002e-06,40,280,0.5205924383231572,0.48764051496982574,3.03745698928833,9.099841101253866e-05,3.03745698928833,40,0,True,False,False
EXP-T138,primary,3,101,0.0001,1.0000000000000002e-06,41,287,0.5757613267217364,0.48429299890995026,3.0221967697143555,9.05463412215599e-05,3.0221967697143555,41,0,True,False,False
EXP-T138,primary,3,101,0.0001,1.0000000000000002e-06,42,294,0.5803208691733224,0.4688386917114258,2.9537291526794434,9.0084390595111e-05,2.9537291526794434,42,0,True,False,False
EXP-T138,primary,3,101,0.0001,1.0000000000000002e-06,43,301,0.4979248344898224,0.46636995673179626,2.9511847496032715,8.961267311259666e-05,2.9511847496032715,43,0,True,False,False
EXP-T138,primary,3,101,0.0001,1.0000000000000002e-06,44,308,0.4843330793082714,0.45871448516845703,2.9087746143341064,8.913130516324733e-05,2.9087746143341064,44,0,True,False,False
EXP-T138,primary,3,101,0.0001,1.0000000000000002e-06,45,315,0.5877041603837695,0.4581250995397568,2.9112331867218018,8.864040551740158e-05,2.9087746143341064,44,1,False,False,False
EXP-T138,primary,3,101,0.0001,1.0000000000000002e-06,46,322,0.48721482285431456,0.449322447180748,2.8732168674468994,8.814009529720155e-05,2.8732168674468994,46,0,True,False,False
EXP-T138,primary,3,101,0.0001,1.0000000000000002e-06,47,329,0.5090095230511257,0.45083875954151154,2.9100558757781982,8.763049794670775e-05,2.8732168674468994,46,1,False,False,False
EXP-T138,primary,3,101,0.0001,1.0000000000000002e-06,48,336,0.511294675724847,0.430343821644783,2.76405668258667,8.711173920144117e-05,2.76405668258667,48,0,True,False,False
EXP-T138,primary,3,101,0.0001,1.0000000000000002e-06,49,343,0.5871852806636265,0.4236387759447098,2.7568905353546143,8.658394705735987e-05,2.7568905353546143,49,0,True,False,False
EXP-T138,primary,3,101,0.0001,1.0000000000000002e-06,50,350,0.5184438441480909,0.41510120034217834,2.7056972980499268,8.604725173927785e-05,2.7056972980499268,50,0,True,False,False
EXP-T138,primary,3,101,0.0001,1.0000000000000002e-06,51,357,0.47902472955839975,0.4094669967889786,2.732295274734497,8.55017856687341e-05,2.7056972980499268,50,1,False,False,False
EXP-T138,primary,3,101,0.0001,1.0000000000000002e-06,52,364,0.5022626689502171,0.3965272754430771,2.6198763847351074,8.494768343131955e-05,2.6198763847351074,52,0,True,False,False
EXP-T138,primary,3,101,0.0001,1.0000000000000002e-06,53,371,0.43669447409255163,0.39028605818748474,2.587181806564331,8.438508174347009e-05,2.587181806564331,53,0,True,False,False
EXP-T138,primary,3,101,0.0001,1.0000000000000002e-06,54,378,0.5407631397247314,0.3838498592376709,2.608560085296631,8.381411941873378e-05,2.587181806564331,53,1,False,False,False
EXP-T138,primary,3,101,0.0001,1.0000000000000002e-06,55,385,0.3764740063675812,0.37163352966308594,2.530787706375122,8.323493733352077e-05,2.530787706375122,55,0,True,False,False
EXP-T138,primary,3,101,0.0001,1.0000000000000002e-06,56,392,0.43179159079279217,0.3624304085969925,2.4851369857788086,8.26476783923441e-05,2.4851369857788086,56,0,True,False,False
EXP-T138,primary,3,101,0.0001,1.0000000000000002e-06,57,399,0.48159575888088774,0.3531273305416107,2.425107479095459,8.205248749256015e-05,2.425107479095459,57,0,True,False,False
EXP-T138,primary,3,101,0.0001,1.0000000000000002e-06,58,406,0.4662790426186153,0.3464844226837158,2.3825511932373047,8.144951148861742e-05,2.3825511932373047,58,0,True,False,False
EXP-T138,primary,3,101,0.0001,1.0000000000000002e-06,59,413,0.4540767925126212,0.3506510853767395,2.4158568382263184,8.083889915582235e-05,2.3825511932373047,58,1,False,False,False
EXP-T138,primary,3,101,0.0001,1.0000000000000002e-06,60,420,0.407891001020159,0.3465547263622284,2.3472518920898438,8.022080115363127e-05,2.3472518920898438,60,0,True,False,False
EXP-T138,primary,3,101,0.0001,1.0000000000000002e-06,61,427,0.4898640045097896,0.33793139457702637,2.3258140087127686,7.959536998847744e-05,2.3258140087127686,61,0,True,False,False
EXP-T138,primary,3,101,0.0001,1.0000000000000002e-06,62,434,0.4713069072791508,0.3553626239299774,2.407925844192505,7.89627599761423e-05,2.3258140087127686,61,1,False,False,False
EXP-T138,primary,3,101,0.0001,1.0000000000000002e-06,63,441,0.4888196417263576,0.34634117782115936,2.3626554012298584,7.832312720368048e-05,2.3258140087127686,61,2,False,False,False
EXP-T138,primary,3,101,0.0001,1.0000000000000002e-06,64,448,0.3868756038802011,0.3556550592184067,2.3843135833740234,7.767662949090753e-05,2.3258140087127686,61,3,False,False,False
EXP-T138,primary,3,101,0.0001,1.0000000000000002e-06,65,455,0.38104357038225445,0.39371877908706665,2.657832622528076,7.702342635146033e-05,2.3258140087127686,61,4,False,False,False
EXP-T138,primary,3,101,0.0001,1.0000000000000002e-06,66,462,0.3637730819838388,0.3698173761367798,2.4661879539489746,7.636367895343946e-05,2.3258140087127686,61,5,False,False,False
EXP-T138,primary,3,101,0.0001,1.0000000000000002e-06,67,469,0.43241498725754873,0.3748771548271179,2.4713737964630127,7.569755007964338e-05,2.3258140087127686,61,6,False,False,False
EXP-T138,primary,3,101,0.0001,1.0000000000000002e-06,68,476,0.3593130537441799,0.41751812398433685,2.7611485719680786,7.502520408740418e-05,2.3258140087127686,61,7,False,False,False
EXP-T138,primary,3,101,0.0001,1.0000000000000002e-06,69,483,0.3579437732696533,0.39489609003067017,2.5833258628845215,7.43468068680349e-05,2.3258140087127686,61,8,False,False,False
EXP-T138,primary,3,101,0.0001,1.0000000000000002e-06,70,490,0.37776308613164084,0.3794669508934021,2.527428984642029,7.366252580589839e-05,2.3258140087127686,61,9,False,False,False
EXP-T138,primary,3,101,0.0001,1.0000000000000002e-06,71,497,0.3431932287556784,0.37813127040863037,2.5497498512268066,7.297252973710757e-05,2.3258140087127686,61,10,False,False,False
EXP-T138,primary,3,101,0.0001,1.0000000000000002e-06,72,504,0.346238055399486,0.3642556369304657,2.447815418243408,7.22769889078678e-05,2.3258140087127686,61,11,False,False,False
EXP-T138,primary,3,101,0.0001,1.0000000000000002e-06,73,511,0.32579273118504454,0.3696170747280121,2.4678064584732056,7.15760749324711e-05,2.3258140087127686,61,12,False,False,False
EXP-T138,primary,3,101,0.0001,1.0000000000000002e-06,74,518,0.3018348173105291,0.3741171211004257,2.494743585586548,7.086996075095289e-05,2.3258140087127686,61,13,False,False,False
EXP-T138,primary,3,101,0.0001,1.0000000000000002e-06,75,525,0.3207257496459143,0.38056159019470215,2.528308153152466,7.015882058642164e-05,2.3258140087127686,61,14,False,False,False
EXP-T138,primary,3,101,0.0001,1.0000000000000002e-06,76,532,0.3529549262353352,0.38789723813533783,2.585911273956299,6.944282990207195e-05,2.3258140087127686,61,15,False,False,False
EXP-T138,primary,3,101,0.0001,1.0000000000000002e-06,77,539,0.3258292483431952,0.39625416696071625,2.6400673389434814,6.872216535789157e-05,2.3258140087127686,61,16,False,False,False
EXP-T138,primary,3,101,0.0001,1.0000000000000002e-06,78,546,0.353218674659729,0.39536863565444946,2.6172585487365723,6.799700476707323e-05,2.3258140087127686,61,17,False,False,False
EXP-T138,primary,3,101,0.0001,1.0000000000000002e-06,79,553,0.35628415431295124,0.4118349254131317,2.723875045776367,6.726752705214194e-05,2.3258140087127686,61,18,False,False,False
EXP-T138,primary,3,101,0.0001,1.0000000000000002e-06,80,560,0.3342758161681039,0.3940058648586273,2.5830087661743164,6.65339122008084e-05,2.3258140087127686,61,19,False,False,False
EXP-T138,primary,3,101,0.0001,1.0000000000000002e-06,81,567,0.3117611514670508,0.3918197900056839,2.579168438911438,6.57963412215599e-05,2.3258140087127686,61,20,False,False,False
EXP-T138,primary,3,101,0.0001,1.0000000000000002e-06,82,574,0.38268145280224936,0.40526972711086273,2.648658037185669,6.505499609899905e-05,2.3258140087127686,61,21,False,False,False
EXP-T138,primary,3,101,0.0001,1.0000000000000002e-06,83,581,0.4300875578607832,0.3998192101716995,2.5883922576904297,6.431005974894185e-05,2.3258140087127686,61,22,False,False,False
EXP-T138,primary,3,101,0.0001,1.0000000000000002e-06,84,588,0.3275584301778248,0.41972874104976654,2.7284657955169678,6.356171597328596e-05,2.3258140087127686,61,23,False,False,False
EXP-T138,primary,3,101,0.0001,1.0000000000000002e-06,85,595,0.2727777659893036,0.4254950135946274,2.7606760263442993,6.281014941466031e-05,2.3258140087127686,61,24,False,False,False
EXP-T138,primary,3,101,0.0001,1.0000000000000002e-06,86,602,0.34100078897816793,0.42681944370269775,2.776376724243164,6.205554551086733e-05,2.3258140087127686,61,25,False,False,False
EXP-T138,primary,3,101,0.0001,1.0000000000000002e-06,87,609,0.26726669498852323,0.43174654245376587,2.8190929889678955,6.129809044912887e-05,2.3258140087127686,61,26,False,False,False
EXP-T138,primary,3,101,0.0001,1.0000000000000002e-06,88,616,0.2928935033934457,0.4307474344968796,2.812932252883911,6.053797112014738e-05,2.3258140087127686,61,27,False,False,False
EXP-T138,primary,3,101,0.0001,1.0000000000000002e-06,89,623,0.2662169017962047,0.4363342821598053,2.8353030681610107,5.977537507199338e-05,2.3258140087127686,61,28,False,False,False
EXP-T138,primary,3,101,0.0001,1.0000000000000002e-06,90,630,0.2872567219393594,0.45123186707496643,2.914259910583496,5.901049046383077e-05,2.3258140087127686,61,29,False,False,False
EXP-T138,primary,3,101,0.0001,1.0000000000000002e-06,91,637,0.2495283590895789,0.4591729938983917,2.955260157585144,5.8243506019491436e-05,2.3258140087127686,61,30,False,True,False
EXP-T138,primary,3,101,0.001,1e-05,1,7,0.5863535787378039,0.5196925401687622,3.197261095046997,0.001,3.197261095046997,1,0,True,False,False
EXP-T138,primary,3,101,0.001,1e-05,2,14,0.5913158186844417,0.9471172392368317,5.183681964874268,0.000999938933078422,3.197261095046997,1,1,False,False,False
EXP-T138,primary,3,101,0.001,1e-05,3,21,0.7782278486660549,0.6779972910881042,3.997363328933716,0.0009997557473810372,3.197261095046997,1,2,False,False,False
EXP-T138,primary,3,101,0.001,1e-05,4,28,0.734618467944009,0.5876634418964386,3.5611989498138428,0.0009994504881061753,3.197261095046997,1,3,False,False,False
EXP-T138,primary,3,101,0.001,1e-05,5,35,0.6283301923956189,0.6243429780006409,3.736060380935669,0.0009990232305719944,3.197261095046997,1,4,False,False,False
EXP-T138,primary,3,101,0.001,1e-05,6,42,0.614596562726157,0.6001047044992447,3.6379294395446777,0.0009984740801978985,3.197261095046997,1,5,False,False,False
EXP-T138,primary,3,101,0.001,1e-05,7,49,0.6393722976957049,0.5586035549640656,3.4188265800476074,0.0009978031724785245,3.197261095046997,1,6,False,False,False
EXP-T138,primary,3,101,0.001,1e-05,8,56,0.6244173135076251,0.7180061936378479,4.166451930999756,0.000997010672950314,3.197261095046997,1,7,False,False,False
EXP-T138,primary,3,101,0.001,1e-05,9,63,0.682165094784328,0.47983962297439575,2.984391450881958,0.0009960967771506667,2.984391450881958,9,0,True,False,False
EXP-T138,primary,3,101,0.001,1e-05,10,70,0.6425612015383584,0.4829358011484146,3.015774726867676,0.000995061710569696,2.984391450881958,9,1,False,False,False
EXP-T138,primary,3,101,0.001,1e-05,11,77,0.7032880101885114,0.43906329572200775,2.8741891384124756,0.0009939057285945933,2.8741891384124756,11,0,True,False,False
EXP-T138,primary,3,101,0.001,1e-05,12,84,0.504142769745418,0.4945644736289978,3.1450250148773193,0.000992629116446613,2.8741891384124756,11,1,False,False,False
EXP-T138,primary,3,101,0.001,1e-05,13,91,0.49820853982652935,0.4655002951622009,3.038792848587036,0.000991232189110701,2.8741891384124756,11,2,False,False,False
EXP-T138,primary,3,101,0.001,1e-05,14,98,0.543657409293311,0.4135318994522095,2.693925142288208,0.0009897152912577741,2.693925142288208,14,0,True,False,False
EXP-T138,primary,3,101,0.001,1e-05,15,105,0.4062746614217758,0.45933881402015686,3.019046664237976,0.00098807879715968,2.693925142288208,14,1,False,False,False
EXP-T138,primary,3,101,0.001,1e-05,16,112,0.642461719257491,0.4953916072845459,3.1271519660949707,0.00098632311059685,2.693925142288208,14,2,False,False,False
EXP-T138,primary,3,101,0.001,1e-05,17,119,0.3860417476722172,0.4861670732498169,3.04484224319458,0.0009844486647586723,2.693925142288208,14,3,False,False,False
EXP-T138,primary,3,101,0.001,1e-05,18,126,0.38637990185192655,0.436386376619339,2.868400812149048,0.00098245592213661,2.693925142288208,14,4,False,False,False
EXP-T138,primary,3,101,0.001,1e-05,19,133,0.43128055334091187,0.37289559841156006,2.570326805114746,0.0009803453744100868,2.570326805114746,19,0,True,False,False
EXP-T138,primary,3,101,0.001,1e-05,20,140,0.3073054365813732,0.5607320368289948,3.4273078441619873,0.0009781175423251734,2.570326805114746,19,1,False,False,False
EXP-T138,primary,3,101,0.001,1e-05,21,147,0.3934687631470816,0.4835592657327652,3.121451497077942,0.0009757729755661011,2.570326805114746,19,2,False,False,False
EXP-T138,primary,3,101,0.001,1e-05,22,154,0.3471480480262211,0.505824089050293,3.165184736251831,0.0009733122526196349,2.570326805114746,19,3,False,False,False
EXP-T138,primary,3,101,0.001,1e-05,23,161,0.2625547541039331,0.5184935033321381,3.158642530441284,0.0009707359806323416,2.570326805114746,19,4,False,False,False
EXP-T138,primary,3,101,0.001,1e-05,24,168,0.26344319007226397,0.5064104497432709,3.1942474842071533,0.0009680447952607845,2.570326805114746,19,5,False,False,False
EXP-T138,primary,3,101,0.001,1e-05,25,175,0.27595790369170053,0.48952773213386536,3.059232234954834,0.0009652393605146844,2.570326805114746,19,6,False,False,False
EXP-T138,primary,3,101,0.001,1e-05,26,182,0.21148798295429774,0.5310935527086258,3.215409755706787,0.000962320368593087,2.570326805114746,19,7,False,False,False
EXP-T138,primary,3,101,0.001,1e-05,27,189,0.19111222454479762,0.6079588532447815,3.60964035987854,0.0009592885397135706,2.570326805114746,19,8,False,False,False
EXP-T138,primary,3,101,0.001,1e-05,28,196,0.27493901763643536,0.6300173997879028,3.7468948364257812,0.0009561446219345453,2.570326805114746,19,9,False,False,False
EXP-T138,primary,3,101,0.001,1e-05,29,203,0.19580987095832825,0.5025896579027176,3.1757354736328125,0.0009528893909706797,2.570326805114746,19,10,False,False,False
EXP-T138,primary,3,101,0.001,1e-05,30,210,0.20498453506401607,0.70130854845047,4.090861558914185,0.0009495236500015047,2.570326805114746,19,11,False,False,False
EXP-T138,primary,3,101,0.001,1e-05,31,217,0.20080271043947764,0.48228269815444946,3.036362648010254,0.0009460482294732421,2.570326805114746,19,12,False,False,False
EXP-T138,primary,3,101,0.001,1e-05,32,224,0.1668377955045019,0.462518572807312,2.924408197402954,0.0009424639868939033,2.570326805114746,19,13,False,False,False
EXP-T138,primary,3,101,0.001,1e-05,33,231,0.16925599426031113,0.5429740846157074,3.3330851793289185,0.0009387718066217125,2.570326805114746,19,14,False,False,False
EXP-T138,primary,3,101,0.001,1e-05,34,238,0.2363079765013286,0.5028329789638519,3.139832854270935,0.0009349725996469047,2.570326805114746,19,15,False,False,False
EXP-T138,primary,3,101,0.001,1e-05,35,245,0.20151811305965697,0.5556683987379074,3.410183906555176,0.0009310673033669522,2.570326805114746,19,16,False,False,False
EXP-T138,primary,3,101,0.001,1e-05,36,252,0.2034229998077665,0.5705609321594238,3.5468069314956665,0.0009270568813552756,2.570326805114746,19,17,False,False,False
EXP-T138,primary,3,101,0.001,1e-05,37,259,0.3357760374035154,0.9555026292800903,5.2400429248809814,0.0009229423231234975,2.570326805114746,19,18,False,False,False
EXP-T138,primary,3,101,0.001,1e-05,38,266,0.33894028940371107,0.4521445780992508,2.9191792011260986,0.0009187246438772938,2.570326805114746,19,19,False,False,False
EXP-T138,primary,3,101,0.001,1e-05,39,273,0.2901942623513086,0.46219173073768616,2.967322587966919,0.0009144048842659081,2.570326805114746,19,20,False,False,False
EXP-T138,primary,3,101,0.001,1e-05,40,280,0.22090812027454376,0.5078757405281067,3.108830690383911,0.0009099841101253866,2.570326805114746,19,21,False,False,False
EXP-T138,primary,3,101,0.001,1e-05,41,287,0.11325984953769616,0.5395683646202087,3.2657148838043213,0.000905463412215599,2.570326805114746,19,22,False,False,False
EXP-T138,primary,3,101,0.001,1e-05,42,294,0.10466458329132625,0.4759073555469513,2.967167854309082,0.0009008439059511099,2.570326805114746,19,23,False,False,False
EXP-T138,primary,3,101,0.001,1e-05,43,301,0.10470310811485563,0.5335315465927124,3.2523831129074097,0.0008961267311259666,2.570326805114746,19,24,False,False,False
EXP-T138,primary,3,101,0.001,1e-05,44,308,0.12565695215016603,0.5617511868476868,3.337947130203247,0.0008913130516324732,2.570326805114746,19,25,False,False,False
EXP-T138,primary,3,101,0.001,1e-05,45,315,0.1555699280330113,0.5282333791255951,3.2745505571365356,0.0008864040551740157,2.570326805114746,19,26,False,False,False
EXP-T138,primary,3,101,0.001,1e-05,46,322,0.09600497356482915,0.4536682814359665,2.8763606548309326,0.0008814009529720154,2.570326805114746,19,27,False,False,False
EXP-T138,primary,3,101,0.001,1e-05,47,329,0.09026096814445086,0.4542481601238251,2.84896981716156,0.0008763049794670775,2.570326805114746,19,28,False,False,False
EXP-T138,primary,3,101,0.001,1e-05,48,336,0.10942692416054862,0.4921126067638397,3.0578304529190063,0.0008711173920144117,2.570326805114746,19,29,False,False,False
EXP-T138,primary,3,101,0.001,1e-05,49,343,0.08287406406764473,0.4917832165956497,3.039224147796631,0.0008658394705735987,2.570326805114746,19,30,False,True,False
EXP-T138,primary,3,101,0.01,0.0001,1,7,3.3874612024852206,0.497559130191803,3.0650875568389893,0.01,3.0650875568389893,1,0,True,False,False
EXP-T138,primary,3,101,0.01,0.0001,2,14,3.8189333166394914,8.076251983642578,36.71313977241516,0.00999938933078422,3.0650875568389893,1,1,False,False,False
EXP-T138,primary,3,101,0.01,0.0001,3,21,2.3737002100263322,0.5677107572555542,3.443901300430298,0.009997557473810372,3.0650875568389893,1,2,False,False,False
EXP-T138,primary,3,101,0.01,0.0001,4,28,1.0572227495057243,0.5208071172237396,3.196842670440674,0.009994504881061753,3.0650875568389893,1,3,False,False,False
EXP-T138,primary,3,101,0.01,0.0001,5,35,0.7795913474900382,0.562897115945816,3.4271442890167236,0.009990232305719944,3.0650875568389893,1,4,False,False,False
EXP-T138,primary,3,101,0.01,0.0001,6,42,0.657537179333823,0.5476556718349457,3.354710102081299,0.009984740801978984,3.0650875568389893,1,5,False,False,False
EXP-T138,primary,3,101,0.01,0.0001,7,49,0.7320177342210498,1.7838644981384277,8.947837948799133,0.009978031724785246,3.0650875568389893,1,6,False,False,False
EXP-T138,primary,3,101,0.01,0.0001,8,56,1.352735996246338,2.7392563819885254,13.160148859024048,0.00997010672950314,3.0650875568389893,1,7,False,False,False
EXP-T138,primary,3,101,0.01,0.0001,9,63,2.6960641699177876,0.568634420633316,3.4558627605438232,0.009960967771506667,3.0650875568389893,1,8,False,False,False
EXP-T138,primary,3,101,0.01,0.0001,10,70,1.1600923878805978,0.7620746195316315,4.38073992729187,0.00995061710569696,3.0650875568389893,1,9,False,False,False
EXP-T138,primary,3,101,0.01,0.0001,11,77,0.9105532935687474,1.046644926071167,5.606308460235596,0.009939057285945933,3.0650875568389893,1,10,False,False,False
EXP-T138,primary,3,101,0.01,0.0001,12,84,0.8675940632820129,0.925093799829483,5.073681354522705,0.00992629116446613,3.0650875568389893,1,11,False,False,False
EXP-T138,primary,3,101,0.01,0.0001,13,91,0.6772328615188599,0.5300391614437103,3.2481892108917236,0.00991232189110701,3.0650875568389893,1,12,False,False,False
EXP-T138,primary,3,101,0.01,0.0001,14,98,0.6155856379440853,0.5295324623584747,3.246248245239258,0.00989715291257774,3.0650875568389893,1,13,False,False,False
EXP-T138,primary,3,101,0.01,0.0001,15,105,0.5064036631956697,0.495914027094841,3.1230967044830322,0.0098807879715968,3.0650875568389893,1,14,False,False,False
EXP-T138,primary,3,101,0.01,0.0001,16,112,0.705507333789553,0.5322312116622925,3.2580394744873047,0.0098632311059685,3.0650875568389893,1,15,False,False,False
EXP-T138,primary,3,101,0.01,0.0001,17,119,0.7017458081245422,0.5497144609689713,3.3341503143310547,0.009844486647586723,3.0650875568389893,1,16,False,False,False
EXP-T138,primary,3,101,0.01,0.0001,18,126,0.5132505654224327,0.5257203131914139,3.2298192977905273,0.0098245592213661,3.0650875568389893,1,17,False,False,False
EXP-T138,primary,3,101,0.01,0.0001,19,133,0.750399261713028,0.5248527824878693,3.2267794609069824,0.009803453744100868,3.0650875568389893,1,18,False,False,False
EXP-T138,primary,3,101,0.01,0.0001,20,140,0.5738355091639927,0.5246884524822235,3.2261576652526855,0.009781175423251734,3.0650875568389893,1,19,False,False,False
EXP-T138,primary,3,101,0.01,0.0001,21,147,0.5463656187057495,0.5257311165332794,3.2298550605773926,0.009757729755661011,3.0650875568389893,1,20,False,False,False
EXP-T138,primary,3,101,0.01,0.0001,22,154,0.5725854252065931,0.529441237449646,3.245816230773926,0.009733122526196349,3.0650875568389893,1,21,False,False,False
EXP-T138,primary,3,101,0.01,0.0001,23,161,0.6156247854232788,0.5325656831264496,3.259389877319336,0.009707359806323416,3.0650875568389893,1,22,False,False,False
EXP-T138,primary,3,101,0.01,0.0001,24,168,0.6270966700145176,0.5317371785640717,3.2560062408447266,0.009680447952607845,3.0650875568389893,1,23,False,False,False
EXP-T138,primary,3,101,0.01,0.0001,25,175,0.6236075290611812,0.5282119512557983,3.239727020263672,0.009652393605146845,3.0650875568389893,1,24,False,False,False
EXP-T138,primary,3,101,0.01,0.0001,26,182,0.5252421647310257,0.526018500328064,3.2307863235473633,0.00962320368593087,3.0650875568389893,1,25,False,False,False
EXP-T138,primary,3,101,0.01,0.0001,27,189,0.5014031933886665,0.5243794769048691,3.2249398231506348,0.009592885397135707,3.0650875568389893,1,26,False,False,False
EXP-T138,primary,3,101,0.01,0.0001,28,196,0.5037987854863916,0.5235660076141357,3.221339225769043,0.009561446219345454,3.0650875568389893,1,27,False,False,False
EXP-T138,primary,3,101,0.01,0.0001,29,203,0.5791997909545898,0.5241255611181259,3.2238845825195312,0.009528893909706798,3.0650875568389893,1,28,False,False,False
EXP-T138,primary,3,101,0.01,0.0001,30,210,0.5386710805552346,0.5247413367033005,3.2263598442077637,0.009495236500015047,3.0650875568389893,1,29,False,False,False
EXP-T138,primary,3,101,0.01,0.0001,31,217,0.5755267356123243,0.5255732089281082,3.2293291091918945,0.00946048229473242,3.0650875568389893,1,30,False,True,False
EXP-T138,primary,4,101,1e-05,1.0000000000000001e-07,1,7,0.5785611484731946,0.5065872371196747,3.349107503890991,1e-05,3.349107503890991,1,0,True,False,False
EXP-T138,primary,4,101,1e-05,1.0000000000000001e-07,2,14,0.5259447353226798,0.5065892040729523,3.34938907623291,9.99938933078422e-06,3.349107503890991,1,1,False,False,False
EXP-T138,primary,4,101,1e-05,1.0000000000000001e-07,3,21,0.587594177041735,0.5068008899688721,3.3479700088500977,9.997557473810373e-06,3.3479700088500977,3,0,True,False,False
EXP-T138,primary,4,101,1e-05,1.0000000000000001e-07,4,28,0.5577322329793658,0.5066103339195251,3.349912643432617,9.994504881061752e-06,3.3479700088500977,3,1,False,False,False
EXP-T138,primary,4,101,1e-05,1.0000000000000001e-07,5,35,0.5285301080771855,0.5062613189220428,3.354099750518799,9.990232305719944e-06,3.3479700088500977,3,2,False,False,False
EXP-T138,primary,4,101,1e-05,1.0000000000000001e-07,6,42,0.49146665206977297,0.5060944855213165,3.357335329055786,9.984740801978984e-06,3.3479700088500977,3,3,False,False,False
EXP-T138,primary,4,101,1e-05,1.0000000000000001e-07,7,49,0.49636097465242657,0.5060032904148102,3.363224506378174,9.978031724785247e-06,3.3479700088500977,3,4,False,False,False
EXP-T138,primary,4,101,1e-05,1.0000000000000001e-07,8,56,0.5415938155991691,0.506129115819931,3.368562936782837,9.97010672950314e-06,3.3479700088500977,3,5,False,False,False
EXP-T138,primary,4,101,1e-05,1.0000000000000001e-07,9,63,0.676663454089846,0.506376326084137,3.3760433197021484,9.960967771506666e-06,3.3479700088500977,3,6,False,False,False
EXP-T138,primary,4,101,1e-05,1.0000000000000001e-07,10,70,0.5086416348681918,0.5062870681285858,3.372854471206665,9.950617105696961e-06,3.3479700088500977,3,7,False,False,False
EXP-T138,primary,4,101,1e-05,1.0000000000000001e-07,11,77,0.504827578152929,0.5062488317489624,3.371649742126465,9.939057285945933e-06,3.3479700088500977,3,8,False,False,False
EXP-T138,primary,4,101,1e-05,1.0000000000000001e-07,12,84,0.6450145670345852,0.5060619413852692,3.367924213409424,9.926291164466131e-06,3.3479700088500977,3,9,False,False,False
EXP-T138,primary,4,101,1e-05,1.0000000000000001e-07,13,91,0.5686854847839901,0.5059995353221893,3.3662283420562744,9.91232189110701e-06,3.3479700088500977,3,10,False,False,False
EXP-T138,primary,4,101,1e-05,1.0000000000000001e-07,14,98,0.49510143271514345,0.5059919953346252,3.365805149078369,9.897152912577742e-06,3.3479700088500977,3,11,False,False,False
EXP-T138,primary,4,101,1e-05,1.0000000000000001e-07,15,105,0.5261282665388924,0.5060295462608337,3.367461919784546,9.8807879715968e-06,3.3479700088500977,3,12,False,False,False
EXP-T138,primary,4,101,1e-05,1.0000000000000001e-07,16,112,0.5187325392450605,0.5059871971607208,3.3663902282714844,9.8632311059685e-06,3.3479700088500977,3,13,False,False,False
EXP-T138,primary,4,101,1e-05,1.0000000000000001e-07,17,119,0.5125835835933685,0.5059632062911987,3.3660383224487305,9.844486647586724e-06,3.3479700088500977,3,14,False,False,False
EXP-T138,primary,4,101,1e-05,1.0000000000000001e-07,18,126,0.5126269374574933,0.5059427618980408,3.3655877113342285,9.824559221366101e-06,3.3479700088500977,3,15,False,False,False
EXP-T138,primary,4,101,1e-05,1.0000000000000001e-07,19,133,0.5360592518533979,0.5060274600982666,3.3690860271453857,9.803453744100868e-06,3.3479700088500977,3,16,False,False,False
EXP-T138,primary,4,101,1e-05,1.0000000000000001e-07,20,140,0.48536580501656446,0.5059861540794373,3.3683104515075684,9.781175423251734e-06,3.3479700088500977,3,17,False,False,False
EXP-T138,primary,4,101,1e-05,1.0000000000000001e-07,21,147,0.6706502607890538,0.5059290528297424,3.366569995880127,9.757729755661012e-06,3.3479700088500977,3,18,False,False,False
EXP-T138,primary,4,101,1e-05,1.0000000000000001e-07,22,154,0.6122211601052966,0.5058861970901489,3.3641855716705322,9.73312252619635e-06,3.3479700088500977,3,19,False,False,False
EXP-T138,primary,4,101,1e-05,1.0000000000000001e-07,23,161,0.554627252476556,0.5059211254119873,3.36724853515625,9.707359806323418e-06,3.3479700088500977,3,20,False,False,False
EXP-T138,primary,4,101,1e-05,1.0000000000000001e-07,24,168,0.5495834861482892,0.505971372127533,3.3690690994262695,9.680447952607845e-06,3.3479700088500977,3,21,False,False,False
EXP-T138,primary,4,101,1e-05,1.0000000000000001e-07,25,175,0.510071873664856,0.5060111284255981,3.370061159133911,9.652393605146845e-06,3.3479700088500977,3,22,False,False,False
EXP-T138,primary,4,101,1e-05,1.0000000000000001e-07,26,182,0.601172400372369,0.5061575472354889,3.372964382171631,9.62320368593087e-06,3.3479700088500977,3,23,False,False,False
EXP-T138,primary,4,101,1e-05,1.0000000000000001e-07,27,189,0.5792750545910427,0.5061942934989929,3.3742494583129883,9.592885397135707e-06,3.3479700088500977,3,24,False,False,False
EXP-T138,primary,4,101,1e-05,1.0000000000000001e-07,28,196,0.5458744998489108,0.5064398348331451,3.3822081089019775,9.561446219345455e-06,3.3479700088500977,3,25,False,False,False
EXP-T138,primary,4,101,1e-05,1.0000000000000001e-07,29,203,0.5478137135505676,0.5065959990024567,3.386873245239258,9.528893909706798e-06,3.3479700088500977,3,26,False,False,False
EXP-T138,primary,4,101,1e-05,1.0000000000000001e-07,30,210,0.5269489714077541,0.5064321756362915,3.3821215629577637,9.495236500015048e-06,3.3479700088500977,3,27,False,False,False
EXP-T138,primary,4,101,1e-05,1.0000000000000001e-07,31,217,0.48666997176146004,0.5062757432460785,3.3772034645080566,9.460482294732422e-06,3.3479700088500977,3,28,False,False,False
EXP-T138,primary,4,101,1e-05,1.0000000000000001e-07,32,224,0.6114880996091026,0.5061466097831726,3.3741912841796875,9.424639868939035e-06,3.3479700088500977,3,29,False,False,False
EXP-T138,primary,4,101,1e-05,1.0000000000000001e-07,33,231,0.4897388517856598,0.5059846639633179,3.371034622192383,9.387718066217125e-06,3.3479700088500977,3,30,False,True,False
EXP-T138,primary,4,101,0.0001,1.0000000000000002e-06,1,7,0.6117898012910571,0.5089392066001892,3.427165985107422,0.0001,3.427165985107422,1,0,True,False,False
EXP-T138,primary,4,101,0.0001,1.0000000000000002e-06,2,14,0.493881744997842,0.5116237103939056,3.3510870933532715,9.99938933078422e-05,3.3510870933532715,2,0,True,False,False
EXP-T138,primary,4,101,0.0001,1.0000000000000002e-06,3,21,0.5813826237406049,0.5148917734622955,3.359043598175049,9.997557473810373e-05,3.3510870933532715,2,1,False,False,False
EXP-T138,primary,4,101,0.0001,1.0000000000000002e-06,4,28,0.5840579909937722,0.5059145092964172,3.368534564971924,9.994504881061753e-05,3.3510870933532715,2,2,False,False,False
EXP-T138,primary,4,101,0.0001,1.0000000000000002e-06,5,35,0.5446753246443612,0.5083121359348297,3.4192404747009277,9.990232305719945e-05,3.3510870933532715,2,3,False,False,False
EXP-T138,primary,4,101,0.0001,1.0000000000000002e-06,6,42,0.502995246223041,0.5066347122192383,3.381690740585327,9.984740801978984e-05,3.3510870933532715,2,4,False,False,False
EXP-T138,primary,4,101,0.0001,1.0000000000000002e-06,7,49,0.4971859114510672,0.5073016285896301,3.3956031799316406,9.978031724785247e-05,3.3510870933532715,2,5,False,False,False
EXP-T138,primary,4,101,0.0001,1.0000000000000002e-06,8,56,0.5840685793331691,0.5073917508125305,3.394860029220581,9.97010672950314e-05,3.3510870933532715,2,6,False,False,False
EXP-T138,primary,4,101,0.0001,1.0000000000000002e-06,9,63,0.6361398484025683,0.5073478817939758,3.3894262313842773,9.960967771506667e-05,3.3510870933532715,2,7,False,False,False
EXP-T138,primary,4,101,0.0001,1.0000000000000002e-06,10,70,0.499872906931809,0.5071516931056976,3.365565299987793,9.95061710569696e-05,3.3510870933532715,2,8,False,False,False
EXP-T138,primary,4,101,0.0001,1.0000000000000002e-06,11,77,0.4994237018483026,0.5077346861362457,3.361313581466675,9.939057285945933e-05,3.3510870933532715,2,9,False,False,False
EXP-T138,primary,4,101,0.0001,1.0000000000000002e-06,12,84,0.6380359487874168,0.5088938772678375,3.354276180267334,9.926291164466132e-05,3.3510870933532715,2,10,False,False,False
EXP-T138,primary,4,101,0.0001,1.0000000000000002e-06,13,91,0.5478355160781315,0.507227748632431,3.3677420616149902,9.91232189110701e-05,3.3510870933532715,2,11,False,False,False
EXP-T138,primary,4,101,0.0001,1.0000000000000002e-06,14,98,0.5039393263203757,0.5068729221820831,3.375791549682617,9.897152912577741e-05,3.3510870933532715,2,12,False,False,False
EXP-T138,primary,4,101,0.0001,1.0000000000000002e-06,15,105,0.48916058029447285,0.5070431530475616,3.3756425380706787,9.8807879715968e-05,3.3510870933532715,2,13,False,False,False
EXP-T138,primary,4,101,0.0001,1.0000000000000002e-06,16,112,0.5243069061211177,0.5081851482391357,3.363306999206543,9.8632311059685e-05,3.3510870933532715,2,14,False,False,False
EXP-T138,primary,4,101,0.0001,1.0000000000000002e-06,17,119,0.5173570939472744,0.5067750215530396,3.3786332607269287,9.844486647586725e-05,3.3510870933532715,2,15,False,False,False
EXP-T138,primary,4,101,0.0001,1.0000000000000002e-06,18,126,0.496107674070767,0.5067049264907837,3.3862524032592773,9.824559221366101e-05,3.3510870933532715,2,16,False,False,False
EXP-T138,primary,4,101,0.0001,1.0000000000000002e-06,19,133,0.5103465020656586,0.5092417448759079,3.4301795959472656,9.803453744100869e-05,3.3510870933532715,2,17,False,False,False
EXP-T138,primary,4,101,0.0001,1.0000000000000002e-06,20,140,0.46618989136602196,0.5064175426959991,3.3826467990875244,9.781175423251735e-05,3.3510870933532715,2,18,False,False,False
EXP-T138,primary,4,101,0.0001,1.0000000000000002e-06,21,147,0.6535860555512565,0.5113491415977478,3.353820323944092,9.757729755661011e-05,3.3510870933532715,2,19,False,False,False
EXP-T138,primary,4,101,0.0001,1.0000000000000002e-06,22,154,0.549701669386455,0.508813202381134,3.357922077178955,9.73312252619635e-05,3.3510870933532715,2,20,False,False,False
EXP-T138,primary,4,101,0.0001,1.0000000000000002e-06,23,161,0.5680515170097351,0.5128689110279083,3.473051071166992,9.707359806323417e-05,3.3510870933532715,2,21,False,False,False
EXP-T138,primary,4,101,0.0001,1.0000000000000002e-06,24,168,0.5506865807941982,0.50863216817379,3.426659107208252,9.680447952607845e-05,3.3510870933532715,2,22,False,False,False
EXP-T138,primary,4,101,0.0001,1.0000000000000002e-06,25,175,0.5362438644681659,0.5056481510400772,3.3850200176239014,9.652393605146844e-05,3.3510870933532715,2,23,False,False,False
EXP-T138,primary,4,101,0.0001,1.0000000000000002e-06,26,182,0.5884100496768951,0.5056331157684326,3.3718953132629395,9.623203685930869e-05,3.3510870933532715,2,24,False,False,False
EXP-T138,primary,4,101,0.0001,1.0000000000000002e-06,27,189,0.5897600395338876,0.5063928961753845,3.3589274883270264,9.592885397135707e-05,3.3510870933532715,2,25,False,False,False
EXP-T138,primary,4,101,0.0001,1.0000000000000002e-06,28,196,0.49885607617241995,0.5052289366722107,3.393284320831299,9.561446219345454e-05,3.3510870933532715,2,26,False,False,False
EXP-T138,primary,4,101,0.0001,1.0000000000000002e-06,29,203,0.5191768450396401,0.5075080990791321,3.4226529598236084,9.528893909706797e-05,3.3510870933532715,2,27,False,False,False
EXP-T138,primary,4,101,0.0001,1.0000000000000002e-06,30,210,0.5391856815133776,0.5047317743301392,3.381427049636841,9.495236500015047e-05,3.3510870933532715,2,28,False,False,False
EXP-T138,primary,4,101,0.0001,1.0000000000000002e-06,31,217,0.4699412594948496,0.5048398673534393,3.371819496154785,9.460482294732421e-05,3.3510870933532715,2,29,False,False,False
EXP-T138,primary,4,101,0.0001,1.0000000000000002e-06,32,224,0.6035175621509552,0.5050431787967682,3.376044273376465,9.424639868939033e-05,3.3510870933532715,2,30,False,True,False
EXP-T138,primary,4,101,0.001,1e-05,1,7,0.6529161972658974,0.5225591361522675,3.3856024742126465,0.001,3.3856024742126465,1,0,True,False,False
EXP-T138,primary,4,101,0.001,1e-05,2,14,0.5413980547870908,0.5074082016944885,3.3423402309417725,0.000999938933078422,3.3423402309417725,2,0,True,False,False
EXP-T138,primary,4,101,0.001,1e-05,3,21,0.5551510793822152,0.5115933418273926,3.46148943901062,0.0009997557473810372,3.3423402309417725,2,1,False,False,False
EXP-T138,primary,4,101,0.001,1e-05,4,28,0.553025654384068,0.5164739191532135,3.3662166595458984,0.0009994504881061753,3.3423402309417725,2,2,False,False,False
EXP-T138,primary,4,101,0.001,1e-05,5,35,0.5338553488254547,0.5259860754013062,3.462063789367676,0.0009990232305719944,3.3423402309417725,2,3,False,False,False
EXP-T138,primary,4,101,0.001,1e-05,6,42,0.5237336584499904,0.5965482890605927,3.7916481494903564,0.0009984740801978985,3.3423402309417725,2,4,False,False,False
EXP-T138,primary,4,101,0.001,1e-05,7,49,0.5340344650404794,0.5520572066307068,3.6186604499816895,0.0009978031724785245,3.3423402309417725,2,5,False,False,False
EXP-T138,primary,4,101,0.001,1e-05,8,56,0.46730099831308636,0.5184681862592697,3.4802086353302,0.000997010672950314,3.3423402309417725,2,6,False,False,False
EXP-T138,primary,4,101,0.001,1e-05,9,63,0.519606202840805,0.5435585826635361,3.6020689010620117,0.0009960967771506667,3.3423402309417725,2,7,False,False,False
EXP-T138,primary,4,101,0.001,1e-05,10,70,0.45839772479874746,0.7222675085067749,4.404823541641235,0.000995061710569696,3.3423402309417725,2,8,False,False,False
EXP-T138,primary,4,101,0.001,1e-05,11,77,0.4818351822240012,0.614840567111969,3.847027063369751,0.0009939057285945933,3.3423402309417725,2,9,False,False,False
EXP-T138,primary,4,101,0.001,1e-05,12,84,0.6507638011659894,0.6051244586706161,3.8199756145477295,0.000992629116446613,3.3423402309417725,2,10,False,False,False
EXP-T138,primary,4,101,0.001,1e-05,13,91,0.5054426491260529,0.48982152342796326,3.3622794151306152,0.000991232189110701,3.3423402309417725,2,11,False,False,False
EXP-T138,primary,4,101,0.001,1e-05,14,98,0.3922531987939562,0.5137184858322144,3.3624582290649414,0.0009897152912577741,3.3423402309417725,2,12,False,False,False
EXP-T138,primary,4,101,0.001,1e-05,15,105,0.3607615509203502,0.5396051704883575,3.46134352684021,0.00098807879715968,3.3423402309417725,2,13,False,False,False
EXP-T138,primary,4,101,0.001,1e-05,16,112,0.43094160301344736,0.42283645272254944,2.946425199508667,0.00098632311059685,2.946425199508667,16,0,True,False,False
EXP-T138,primary,4,101,0.001,1e-05,17,119,0.29782232642173767,0.4741641655564308,3.1721768379211426,0.0009844486647586723,2.946425199508667,16,1,False,False,False
EXP-T138,primary,4,101,0.001,1e-05,18,126,0.27865573757195045,0.41007013618946075,2.9323618412017822,0.00098245592213661,2.9323618412017822,18,0,True,False,False
EXP-T138,primary,4,101,0.001,1e-05,19,133,0.29969826340675354,0.38056935369968414,2.7454997301101685,0.0009803453744100868,2.7454997301101685,19,0,True,False,False
EXP-T138,primary,4,101,0.001,1e-05,20,140,0.26505765105996815,0.400179423391819,2.8748977184295654,0.0009781175423251734,2.7454997301101685,19,1,False,False,False
EXP-T138,primary,4,101,0.001,1e-05,21,147,0.28384990777288166,0.40901945531368256,2.8590484857559204,0.0009757729755661011,2.7454997301101685,19,2,False,False,False
EXP-T138,primary,4,101,0.001,1e-05,22,154,0.22512023789542063,0.3413493111729622,2.517467498779297,0.0009733122526196349,2.517467498779297,22,0,True,False,False
EXP-T138,primary,4,101,0.001,1e-05,23,161,0.25907728501728605,0.3509618788957596,2.5268630981445312,0.0009707359806323416,2.517467498779297,22,1,False,False,False
EXP-T138,primary,4,101,0.001,1e-05,24,168,0.23357358987310103,0.46443362534046173,3.1452547311782837,0.0009680447952607845,2.517467498779297,22,2,False,False,False
EXP-T138,primary,4,101,0.001,1e-05,25,175,0.21245444353137696,0.3613608330488205,2.72708261013031,0.0009652393605146844,2.517467498779297,22,3,False,False,False
EXP-T138,primary,4,101,0.001,1e-05,26,182,0.21029279487473623,0.4197509437799454,2.9497042894363403,0.000962320368593087,2.517467498779297,22,4,False,False,False
EXP-T138,primary,4,101,0.001,1e-05,27,189,0.2437418113861765,0.5335796624422073,3.5771100521087646,0.0009592885397135706,2.517467498779297,22,5,False,False,False
EXP-T138,primary,4,101,0.001,1e-05,28,196,0.28368293015020235,0.4188072830438614,2.88904070854187,0.0009561446219345453,2.517467498779297,22,6,False,False,False
EXP-T138,primary,4,101,0.001,1e-05,29,203,0.21923702467964695,0.4141868054866791,2.9073429107666016,0.0009528893909706797,2.517467498779297,22,7,False,False,False
EXP-T138,primary,4,101,0.001,1e-05,30,210,0.19153706197227752,0.502856582403183,3.337089776992798,0.0009495236500015047,2.517467498779297,22,8,False,False,False
EXP-T138,primary,4,101,0.001,1e-05,31,217,0.23778000686849868,0.41702085733413696,2.980003595352173,0.0009460482294732421,2.517467498779297,22,9,False,False,False
EXP-T138,primary,4,101,0.001,1e-05,32,224,0.3122119924851826,0.4267504811286926,2.929866909980774,0.0009424639868939033,2.517467498779297,22,10,False,False,False
EXP-T138,primary,4,101,0.001,1e-05,33,231,0.16523639219147818,0.40040767192840576,2.8589115142822266,0.0009387718066217125,2.517467498779297,22,11,False,False,False
EXP-T138,primary,4,101,0.001,1e-05,34,238,0.13503758822168624,0.3875498026609421,2.7731549739837646,0.0009349725996469047,2.517467498779297,22,12,False,False,False
EXP-T138,primary,4,101,0.001,1e-05,35,245,0.20036359131336212,0.4229953736066818,3.008044481277466,0.0009310673033669522,2.517467498779297,22,13,False,False,False
EXP-T138,primary,4,101,0.001,1e-05,36,252,0.20509929209947586,0.6164219081401825,3.9195644855499268,0.0009270568813552756,2.517467498779297,22,14,False,False,False
EXP-T138,primary,4,101,0.001,1e-05,37,259,0.24061861314943858,0.4878460764884949,3.34470796585083,0.0009229423231234975,2.517467498779297,22,15,False,False,False
EXP-T138,primary,4,101,0.001,1e-05,38,266,0.19244197543178285,0.40347693860530853,2.9081259965896606,0.0009187246438772938,2.517467498779297,22,16,False,False,False
EXP-T138,primary,4,101,0.001,1e-05,39,273,0.2589326394455774,0.5190529525279999,3.4181418418884277,0.0009144048842659081,2.517467498779297,22,17,False,False,False
EXP-T138,primary,4,101,0.001,1e-05,40,280,0.2527105645941837,0.45801877975463867,3.1502023935317993,0.0009099841101253866,2.517467498779297,22,18,False,False,False
EXP-T138,primary,4,101,0.001,1e-05,41,287,0.18292208441666194,0.48340895771980286,3.209049344062805,0.000905463412215599,2.517467498779297,22,19,False,False,False
EXP-T138,primary,4,101,0.001,1e-05,42,294,0.15490030044955866,0.4141044020652771,2.9656845331192017,0.0009008439059511099,2.517467498779297,22,20,False,False,False
EXP-T138,primary,4,101,0.001,1e-05,43,301,0.20551181052412307,0.3719646781682968,2.6861547231674194,0.0008961267311259666,2.517467498779297,22,21,False,False,False
EXP-T138,primary,4,101,0.001,1e-05,44,308,0.18229472317865916,0.43774086236953735,2.9925707578659058,0.0008913130516324732,2.517467498779297,22,22,False,False,False
EXP-T138,primary,4,101,0.001,1e-05,45,315,0.13808197554733073,0.40025395154953003,2.845385789871216,0.0008864040551740157,2.517467498779297,22,23,False,False,False
EXP-T138,primary,4,101,0.001,1e-05,46,322,0.15154592479978288,0.48806071281433105,3.2225698232650757,0.0008814009529720154,2.517467498779297,22,24,False,False,False
EXP-T138,primary,4,101,0.001,1e-05,47,329,0.15815197569983347,0.35347187519073486,2.5982054471969604,0.0008763049794670775,2.517467498779297,22,25,False,False,False
EXP-T138,primary,4,101,0.001,1e-05,48,336,0.20365477246897562,0.36171717941761017,2.60100519657135,0.0008711173920144117,2.517467498779297,22,26,False,False,False
EXP-T138,primary,4,101,0.001,1e-05,49,343,0.11434415940727506,0.39659997820854187,2.7512807846069336,0.0008658394705735987,2.517467498779297,22,27,False,False,False
EXP-T138,primary,4,101,0.001,1e-05,50,350,0.13437660411000252,0.4187491089105606,2.8867470026016235,0.0008604725173927785,2.517467498779297,22,28,False,False,False
EXP-T138,primary,4,101,0.001,1e-05,51,357,0.1278893883739199,0.41981251537799835,2.967970132827759,0.000855017856687341,2.517467498779297,22,29,False,False,False
EXP-T138,primary,4,101,0.001,1e-05,52,364,0.1109159490359681,0.44061700999736786,3.0274654626846313,0.0008494768343131955,2.517467498779297,22,30,False,True,False
EXP-T138,primary,4,101,0.01,0.0001,1,7,3.9809185436793735,0.8635415136814117,5.070712566375732,0.01,5.070712566375732,1,0,True,False,False
EXP-T138,primary,4,101,0.01,0.0001,2,14,2.2629647254943848,5.056363582611084,24.759445667266846,0.00999938933078422,5.070712566375732,1,1,False,False,False
EXP-T138,primary,4,101,0.01,0.0001,3,21,2.1123450142996654,1.3547521233558655,7.442018032073975,0.009997557473810372,5.070712566375732,1,2,False,False,False
EXP-T138,primary,4,101,0.01,0.0001,4,28,0.9077565329415458,0.5248903334140778,3.449484348297119,0.009994504881061753,3.449484348297119,4,0,True,False,False
EXP-T138,primary,4,101,0.01,0.0001,5,35,0.5727202551705497,0.6731515228748322,4.234217405319214,0.009990232305719944,3.449484348297119,4,1,False,False,False
EXP-T138,primary,4,101,0.01,0.0001,6,42,0.5831337390201432,0.5233688056468964,3.520063638687134,0.009984740801978984,3.449484348297119,4,2,False,False,False
EXP-T138,primary,4,101,0.01,0.0001,7,49,0.5603187403508595,0.5070021450519562,3.375248908996582,0.009978031724785246,3.375248908996582,7,0,True,False,False
EXP-T138,primary,4,101,0.01,0.0001,8,56,0.5466335799012866,0.765330582857132,4.554625034332275,0.00997010672950314,3.375248908996582,7,1,False,False,False
EXP-T138,primary,4,101,0.01,0.0001,9,63,0.890872197491782,1.150086224079132,6.490342140197754,0.009960967771506667,3.375248908996582,7,2,False,False,False
EXP-T138,primary,4,101,0.01,0.0001,10,70,0.7811775899359158,0.508156031370163,3.320725202560425,0.00995061710569696,3.320725202560425,10,0,True,False,False
EXP-T138,primary,4,101,0.01,0.0001,11,77,0.5396018752029964,0.526276558637619,3.4574382305145264,0.009939057285945933,3.320725202560425,10,1,False,False,False
EXP-T138,primary,4,101,0.01,0.0001,12,84,0.848849070923669,0.5067535042762756,3.3700265884399414,0.00992629116446613,3.320725202560425,10,2,False,False,False
EXP-T138,primary,4,101,0.01,0.0001,13,91,0.5810192206076213,0.5067317187786102,3.363797664642334,0.00991232189110701,3.320725202560425,10,3,False,False,False
EXP-T138,primary,4,101,0.01,0.0001,14,98,0.5268702336720058,0.5069604814052582,3.3588600158691406,0.00989715291257774,3.320725202560425,10,4,False,False,False
EXP-T138,primary,4,101,0.01,0.0001,15,105,0.5122449696063995,0.506836861371994,3.360917568206787,0.0098807879715968,3.320725202560425,10,5,False,False,False
EXP-T138,primary,4,101,0.01,0.0001,16,112,0.5282509028911591,0.5068396329879761,3.3608622550964355,0.0098632311059685,3.320725202560425,10,6,False,False,False
EXP-T138,primary,4,101,0.01,0.0001,17,119,0.5029804685286113,0.5067635476589203,3.3626670837402344,0.009844486647586723,3.320725202560425,10,7,False,False,False
EXP-T138,primary,4,101,0.01,0.0001,18,126,0.5047674689974103,0.5068650245666504,3.360383987426758,0.0098245592213661,3.320725202560425,10,8,False,False,False
EXP-T138,primary,4,101,0.01,0.0001,19,133,0.5047348375831332,0.5067025423049927,3.3666467666625977,0.009803453744100868,3.320725202560425,10,9,False,False,False
EXP-T138,primary,4,101,0.01,0.0001,20,140,0.481010485972677,0.5067256689071655,3.3640828132629395,0.009781175423251734,3.320725202560425,10,10,False,False,False
EXP-T138,primary,4,101,0.01,0.0001,21,147,0.6623045418943677,0.5067955255508423,3.3618173599243164,0.009757729755661011,3.320725202560425,10,11,False,False,False
EXP-T138,primary,4,101,0.01,0.0001,22,154,0.5813262292316982,0.5067761838436127,3.3623085021972656,0.009733122526196349,3.320725202560425,10,12,False,False,False
EXP-T138,primary,4,101,0.01,0.0001,23,161,0.5690473871571677,0.5068174600601196,3.371807098388672,0.009707359806323416,3.320725202560425,10,13,False,False,False
EXP-T138,primary,4,101,0.01,0.0001,24,168,0.5261883778231484,0.5070531368255615,3.3773603439331055,0.009680447952607845,3.320725202560425,10,14,False,False,False
EXP-T138,primary,4,101,0.01,0.0001,25,175,0.5247138653482709,0.5074490606784821,3.3901877403259277,0.009652393605146845,3.320725202560425,10,15,False,False,False
EXP-T138,primary,4,101,0.01,0.0001,26,182,0.5968484921114785,0.5082408487796783,3.4079360961914062,0.00962320368593087,3.320725202560425,10,16,False,False,False
EXP-T138,primary,4,101,0.01,0.0001,27,189,0.5860062752451215,0.5083393454551697,3.409759998321533,0.009592885397135707,3.320725202560425,10,17,False,False,False
EXP-T138,primary,4,101,0.01,0.0001,28,196,0.528939677136285,0.5085091292858124,3.4127511978149414,0.009561446219345454,3.320725202560425,10,18,False,False,False
EXP-T138,primary,4,101,0.01,0.0001,29,203,0.5423452854156494,0.5086351335048676,3.414862632751465,0.009528893909706798,3.320725202560425,10,19,False,False,False
EXP-T138,primary,4,101,0.01,0.0001,30,210,0.5300493708678654,0.5080892443656921,3.404984951019287,0.009495236500015047,3.320725202560425,10,20,False,False,False
EXP-T138,primary,4,101,0.01,0.0001,31,217,0.48754963491644177,0.5075758695602417,3.393515110015869,0.00946048229473242,3.320725202560425,10,21,False,False,False
EXP-T138,primary,4,101,0.01,0.0001,32,224,0.6189970459256854,0.5070958733558655,3.3790125846862793,0.009424639868939034,3.320725202560425,10,22,False,False,False
EXP-T138,primary,4,101,0.01,0.0001,33,231,0.5037854462862015,0.506791353225708,3.371161937713623,0.009387718066217124,3.320725202560425,10,23,False,False,False
EXP-T138,primary,4,101,0.01,0.0001,34,238,0.5541728011199406,0.5067119598388672,3.368009090423584,0.009349725996469048,3.320725202560425,10,24,False,False,False
EXP-T138,primary,4,101,0.01,0.0001,35,245,0.5516929881913322,0.5067036151885986,3.3670191764831543,0.00931067303366952,3.320725202560425,10,25,False,False,False
EXP-T138,primary,4,101,0.01,0.0001,36,252,0.6081286328179496,0.5067803859710693,3.370863914489746,0.009270568813552756,3.320725202560425,10,26,False,False,False
EXP-T138,primary,4,101,0.01,0.0001,37,259,0.5543155457292285,0.5068483054637909,3.3724794387817383,0.009229423231234974,3.320725202560425,10,27,False,False,False
EXP-T138,primary,4,101,0.01,0.0001,38,266,0.5150735591139112,0.5070030093193054,3.375286102294922,0.009187246438772938,3.320725202560425,10,28,False,False,False
EXP-T138,primary,4,101,0.01,0.0001,39,273,0.6311481935637338,0.5073569416999817,3.3875913619995117,0.009144048842659082,3.320725202560425,10,29,False,False,False
EXP-T138,primary,4,101,0.01,0.0001,40,280,0.49342498396124157,0.5070493519306183,3.3772072792053223,0.009099841101253866,3.320725202560425,10,30,False,True,False
EXP-T138,shadow,0,101,1e-05,1.0000000000000001e-07,1,7,0.4782755061584924,0.47917066017786664,3.263351671623461,1e-05,3.263351671623461,1,0,True,False,False
EXP-T138,shadow,0,101,1e-05,1.0000000000000001e-07,2,14,0.49232351939593044,0.4796816309293111,3.263018983783144,9.99938933078422e-06,3.263018983783144,2,0,True,False,False
EXP-T138,shadow,0,101,1e-05,1.0000000000000001e-07,3,21,0.6378525836127145,0.4773097634315491,3.2638767126834756,9.997557473810373e-06,3.263018983783144,2,1,False,False,False
EXP-T138,shadow,0,101,1e-05,1.0000000000000001e-07,4,28,0.6094067181859698,0.47346460819244385,3.265390800707268,9.994504881061752e-06,3.263018983783144,2,2,False,False,False
EXP-T138,shadow,0,101,1e-05,1.0000000000000001e-07,5,35,0.6493442143712725,0.47207502524058026,3.2657614043264678,9.990232305719944e-06,3.263018983783144,2,3,False,False,False
EXP-T138,shadow,0,101,1e-05,1.0000000000000001e-07,6,42,0.4876904853569743,0.4723646243413289,3.265228271484375,9.984740801978984e-06,3.263018983783144,2,4,False,False,False
EXP-T138,shadow,0,101,1e-05,1.0000000000000001e-07,7,49,0.5272066763469151,0.47420626878738403,3.263982137044271,9.978031724785247e-06,3.263018983783144,2,5,False,False,False
EXP-T138,shadow,0,101,1e-05,1.0000000000000001e-07,8,56,0.4734127982665086,0.47471168637275696,3.2633757157759233,9.97010672950314e-06,3.263018983783144,2,6,False,False,False
EXP-T138,shadow,0,101,1e-05,1.0000000000000001e-07,9,63,0.5141505428722927,0.474443256855011,3.2630753950639204,9.960967771506666e-06,3.263018983783144,2,7,False,False,False
EXP-T138,shadow,0,101,1e-05,1.0000000000000001e-07,10,70,0.5392354343618665,0.4739694595336914,3.2628987630208335,9.950617105696961e-06,3.2628987630208335,10,0,True,False,False
EXP-T138,shadow,0,101,1e-05,1.0000000000000001e-07,11,77,0.5389778699193682,0.47229398290316266,3.2632656675396543,9.939057285945933e-06,3.2628987630208335,10,1,False,False,False
EXP-T138,shadow,0,101,1e-05,1.0000000000000001e-07,12,84,0.5383747134889875,0.4705782433350881,3.263662627249053,9.926291164466131e-06,3.2628987630208335,10,2,False,False,False
EXP-T138,shadow,0,101,1e-05,1.0000000000000001e-07,13,91,0.5681171076638358,0.4718199372291565,3.2627410888671875,9.91232189110701e-06,3.2627410888671875,13,0,True,False,False
EXP-T138,shadow,0,101,1e-05,1.0000000000000001e-07,14,98,0.4906906387685532,0.4715343117713928,3.2625168309067236,9.897152912577742e-06,3.2625168309067236,14,0,True,False,False
EXP-T138,shadow,0,101,1e-05,1.0000000000000001e-07,15,105,0.5674577270235334,0.4723422924677531,3.261764988754735,9.8807879715968e-06,3.261764988754735,15,0,True,False,False
EXP-T138,shadow,0,101,1e-05,1.0000000000000001e-07,16,112,0.6238271040575845,0.47042139371236164,3.262356844815341,9.8632311059685e-06,3.261764988754735,15,1,False,False,False
EXP-T138,shadow,0,101,1e-05,1.0000000000000001e-07,17,119,0.49747316539287567,0.46945146719614667,3.2624657370827417,9.844486647586724e-06,3.261764988754735,15,2,False,False,False
EXP-T138,shadow,0,101,1e-05,1.0000000000000001e-07,18,126,0.5904427170753479,0.4686880310376485,3.262572086218632,9.824559221366101e-06,3.261764988754735,15,3,False,False,False
EXP-T138,shadow,0,101,1e-05,1.0000000000000001e-07,19,133,0.7372022313731057,0.46767820914586383,3.262794032241359,9.803453744100868e-06,3.261764988754735,15,4,False,False,False
EXP-T138,shadow,0,101,1e-05,1.0000000000000001e-07,20,140,0.48298119966472897,0.4667101899782817,3.2628865097508286,9.781175423251734e-06,3.261764988754735,15,5,False,False,False
EXP-T138,shadow,0,101,1e-05,1.0000000000000001e-07,21,147,0.5096861517855099,0.4639229973157247,3.2638688520951704,9.757729755661012e-06,3.261764988754735,15,6,False,False,False
EXP-T138,shadow,0,101,1e-05,1.0000000000000001e-07,22,154,0.8053651196616036,0.4650300145149231,3.262929511792732,9.73312252619635e-06,3.261764988754735,15,7,False,False,False
EXP-T138,shadow,0,101,1e-05,1.0000000000000001e-07,23,161,0.4902731158903667,0.4673468967278798,3.261550440932765,9.707359806323418e-06,3.261550440932765,23,0,True,False,False
EXP-T138,shadow,0,101,1e-05,1.0000000000000001e-07,24,168,0.697657585144043,0.4674389561017354,3.2612457275390625,9.680447952607845e-06,3.2612457275390625,24,0,True,False,False
EXP-T138,shadow,0,101,1e-05,1.0000000000000001e-07,25,175,0.5959997347423008,0.467265784740448,3.2610108346650093,9.652393605146845e-06,3.2610108346650093,25,0,True,False,False
EXP-T138,shadow,0,101,1e-05,1.0000000000000001e-07,26,182,0.82998155270304,0.46554409464200336,3.261604077888258,9.62320368593087e-06,3.2610108346650093,25,1,False,False,False
EXP-T138,shadow,0,101,1e-05,1.0000000000000001e-07,27,189,0.5210829632622855,0.4640251000722249,3.261981386126894,9.592885397135707e-06,3.2610108346650093,25,2,False,False,False
EXP-T138,shadow,0,101,1e-05,1.0000000000000001e-07,28,196,0.48063276229160173,0.4659442702929179,3.2607172185724433,9.561446219345455e-06,3.2607172185724433,28,0,True,False,False
EXP-T138,shadow,0,101,1e-05,1.0000000000000001e-07,29,203,0.5084145324570792,0.46896978219350177,3.2589446559096826,9.528893909706798e-06,3.2589446559096826,29,0,True,False,False
EXP-T138,shadow,0,101,1e-05,1.0000000000000001e-07,30,210,0.4837833909051759,0.46893730759620667,3.258551164106889,9.495236500015048e-06,3.258551164106889,30,0,True,False,False
EXP-T138,shadow,0,101,1e-05,1.0000000000000001e-07,31,217,0.49997549610478537,0.47137773036956787,3.2569485288677793,9.460482294732422e-06,3.2569485288677793,31,0,True,False,False
EXP-T138,shadow,0,101,1e-05,1.0000000000000001e-07,32,224,0.4926207491329738,0.4690594772497813,3.2576555194276753,9.424639868939035e-06,3.2569485288677793,31,1,False,False,False
EXP-T138,shadow,0,101,1e-05,1.0000000000000001e-07,33,231,0.5238303882735116,0.4678678512573242,3.2578691424745503,9.387718066217125e-06,3.2569485288677793,31,2,False,False,False
EXP-T138,shadow,0,101,1e-05,1.0000000000000001e-07,34,238,0.7476152692522321,0.4686078528563182,3.257205616344105,9.349725996469047e-06,3.2569485288677793,31,3,False,False,False
EXP-T138,shadow,0,101,1e-05,1.0000000000000001e-07,35,245,0.5489334208624703,0.4692850708961487,3.2564798990885415,9.310673033669522e-06,3.2564798990885415,35,0,True,False,False
EXP-T138,shadow,0,101,1e-05,1.0000000000000001e-07,36,252,0.4922782965004444,0.4675174554189046,3.256977890477036,9.270568813552757e-06,3.2564798990885415,35,1,False,False,False
EXP-T138,shadow,0,101,1e-05,1.0000000000000001e-07,37,259,0.5160124663795743,0.46661625305811566,3.2570724487304688,9.229423231234975e-06,3.2564798990885415,35,2,False,False,False
EXP-T138,shadow,0,101,1e-05,1.0000000000000001e-07,38,266,0.5284565176282611,0.46540577212969464,3.2573394775390625,9.18724643877294e-06,3.2564798990885415,35,3,False,False,False
EXP-T138,shadow,0,101,1e-05,1.0000000000000001e-07,39,273,0.6004303310598645,0.46591458717981976,3.256664854107481,9.144048842659081e-06,3.2564798990885415,35,4,False,False,False
EXP-T138,shadow,0,101,1e-05,1.0000000000000001e-07,40,280,0.710972683770316,0.4681017796198527,3.255289482347893,9.099841101253867e-06,3.255289482347893,40,0,True,False,False
EXP-T138,shadow,0,101,1e-05,1.0000000000000001e-07,41,287,0.46572020523516194,0.46632635593414307,3.25576435435902,9.054634122155991e-06,3.255289482347893,40,1,False,False,False
EXP-T138,shadow,0,101,1e-05,1.0000000000000001e-07,42,294,0.482539849621909,0.46566104888916016,3.255711642178622,9.0084390595111e-06,3.255289482347893,40,2,False,False,False
EXP-T138,shadow,0,101,1e-05,1.0000000000000001e-07,43,301,0.5123782924243382,0.4687783718109131,3.2537481134588067,8.961267311259668e-06,3.2537481134588067,43,0,True,False,False
EXP-T138,shadow,0,101,1e-05,1.0000000000000001e-07,44,308,0.4941731723291533,0.4692161977291107,3.2531488591974433,8.913130516324733e-06,3.2531488591974433,44,0,True,False,False
EXP-T138,shadow,0,101,1e-05,1.0000000000000001e-07,45,315,0.4830023052969149,0.4697663187980652,3.2524786284475615,8.864040551740158e-06,3.2524786284475615,45,0,True,False,False
EXP-T138,shadow,0,101,1e-05,1.0000000000000001e-07,46,322,0.7380418862615313,0.4719320336977641,3.251045920632102,8.814009529720155e-06,3.251045920632102,46,0,True,False,False
EXP-T138,shadow,0,101,1e-05,1.0000000000000001e-07,47,329,0.7467628845146724,0.4731975495815277,3.250052712180398,8.763049794670776e-06,3.250052712180398,47,0,True,False,False
EXP-T138,shadow,0,101,1e-05,1.0000000000000001e-07,48,336,0.4737688965563263,0.47380297382672626,3.2494412046490293,8.711173920144118e-06,3.2494412046490293,48,0,True,False,False
EXP-T138,shadow,0,101,1e-05,1.0000000000000001e-07,49,343,0.4847307928970882,0.4715750018755595,3.2501345547762783,8.658394705735988e-06,3.2494412046490293,48,1,False,False,False
EXP-T138,shadow,0,101,1e-05,1.0000000000000001e-07,50,350,0.5224169790744781,0.4701051513353984,3.2505594889322915,8.604725173927786e-06,3.2494412046490293,48,2,False,False,False
EXP-T138,shadow,0,101,1e-05,1.0000000000000001e-07,51,357,0.5879630531583514,0.4684584637482961,3.2511145851828833,8.550178566873412e-06,3.2494412046490293,48,3,False,False,False
EXP-T138,shadow,0,101,1e-05,1.0000000000000001e-07,52,364,0.49370856157370974,0.46568983793258667,3.2522317134972774,8.494768343131955e-06,3.2494412046490293,48,4,False,False,False
EXP-T138,shadow,0,101,1e-05,1.0000000000000001e-07,53,371,0.6120103853089469,0.46479658285776776,3.252294598203717,8.43850817434701e-06,3.2494412046490293,48,5,False,False,False
EXP-T138,shadow,0,101,1e-05,1.0000000000000001e-07,54,378,0.6127671386514392,0.464266965786616,3.2522333318536933,8.381411941873379e-06,3.2494412046490293,48,6,False,False,False
EXP-T138,shadow,0,101,1e-05,1.0000000000000001e-07,55,385,0.5171523009027753,0.46670956412951153,3.250699592359138,8.323493733352078e-06,3.2494412046490293,48,7,False,False,False
EXP-T138,shadow,0,101,1e-05,1.0000000000000001e-07,56,392,0.484110795826252,0.4678263266881307,3.249853654341264,8.26476783923441e-06,3.2494412046490293,48,8,False,False,False
EXP-T138,shadow,0,101,1e-05,1.0000000000000001e-07,57,399,0.4889204786824329,0.4681110481421153,3.2494023640950522,8.205248749256014e-06,3.2494023640950522,57,0,True,False,False
EXP-T138,shadow,0,101,1e-05,1.0000000000000001e-07,58,406,0.8034718717847552,0.4691956837972005,3.248525446111506,8.144951148861743e-06,3.248525446111506,58,0,True,False,False
EXP-T138,shadow,0,101,1e-05,1.0000000000000001e-07,59,413,0.5031573240246091,0.4697272976239522,3.2479294285629736,8.083889915582235e-06,3.2479294285629736,59,0,True,False,False
EXP-T138,shadow,0,101,1e-05,1.0000000000000001e-07,60,420,0.4973047524690628,0.47135547796885174,3.2468781904740767,8.022080115363127e-06,3.2468781904740767,60,0,True,False,False
EXP-T138,shadow,0,101,1e-05,1.0000000000000001e-07,61,427,0.4820642982210432,0.4710338811079661,3.2467612064245976,7.959536998847744e-06,3.2467612064245976,61,0,True,False,False
EXP-T138,shadow,0,101,1e-05,1.0000000000000001e-07,62,434,0.49722030971731457,0.4691740075747172,3.247501257694129,7.89627599761423e-06,3.2467612064245976,61,1,False,False,False
EXP-T138,shadow,0,101,1e-05,1.0000000000000001e-07,63,441,0.7105898857116699,0.4669203956921895,3.2484318126331675,7.832312720368048e-06,3.2467612064245976,61,2,False,False,False
EXP-T138,shadow,0,101,1e-05,1.0000000000000001e-07,64,448,0.6378319178308759,0.46352532505989075,3.2500187266956675,7.767662949090754e-06,3.2467612064245976,61,3,False,False,False
EXP-T138,shadow,0,101,1e-05,1.0000000000000001e-07,65,455,0.6344574732439858,0.4625631372133891,3.2502168597597065,7.702342635146033e-06,3.2467612064245976,61,4,False,False,False
EXP-T138,shadow,0,101,1e-05,1.0000000000000001e-07,66,462,0.48627192886280163,0.4635514517625173,3.2494953039920693,7.636367895343947e-06,3.2467612064245976,61,5,False,False,False
EXP-T138,shadow,0,101,1e-05,1.0000000000000001e-07,67,469,0.8027406164578029,0.46549824873606366,3.2482445456764917,7.5697550079643376e-06,3.2467612064245976,61,6,False,False,False
EXP-T138,shadow,0,101,1e-05,1.0000000000000001e-07,68,476,0.5422512761184147,0.4666951298713684,3.247374332312382,7.502520408740418e-06,3.2467612064245976,61,7,False,False,False
EXP-T138,shadow,0,101,1e-05,1.0000000000000001e-07,69,483,0.4858142220016037,0.46858028570810956,3.246180216471354,7.43468068680349e-06,3.246180216471354,69,0,True,False,False
EXP-T138,shadow,0,101,1e-05,1.0000000000000001e-07,70,490,0.4972891594682421,0.47037381927172345,3.245036963260535,7.366252580589839e-06,3.245036963260535,70,0,True,False,False
EXP-T138,shadow,0,101,1e-05,1.0000000000000001e-07,71,497,0.47747824607150896,0.47181843717892963,3.2440451419714726,7.297252973710756e-06,3.2440451419714726,71,0,True,False,False
EXP-T138,shadow,0,101,1e-05,1.0000000000000001e-07,72,504,0.47823974104332073,0.4734049638112386,3.243026502204664,7.227698890786779e-06,3.243026502204664,72,0,True,False,False
EXP-T138,shadow,0,101,1e-05,1.0000000000000001e-07,73,511,0.48069070865000996,0.4744791587193807,3.242121378580729,7.15760749324711e-06,3.242121378580729,73,0,True,False,False
EXP-T138,shadow,0,101,1e-05,1.0000000000000001e-07,74,518,0.4915135071745941,0.4755694071451823,3.2412504716352983,7.086996075095289e-06,3.2412504716352983,74,0,True,False,False
EXP-T138,shadow,0,101,1e-05,1.0000000000000001e-07,75,525,0.4786259603819677,0.47760748863220215,3.240037860292377,7.015882058642164e-06,3.240037860292377,75,0,True,False,False
EXP-T138,shadow,0,101,1e-05,1.0000000000000001e-07,76,532,0.46950305371345685,0.4782554705937703,3.2395539717240767,6.9442829902071945e-06,3.2395539717240767,76,0,True,False,False
EXP-T138,shadow,0,101,1e-05,1.0000000000000001e-07,77,539,0.5035099685192108,0.4775396982828776,3.2396686438358193,6.8722165357891564e-06,3.2395539717240767,76,1,False,False,False
EXP-T138,shadow,0,101,1e-05,1.0000000000000001e-07,78,546,0.47269471555149983,0.47754915555318195,3.2393854314630683,6.799700476707323e-06,3.2393854314630683,78,0,True,False,False
EXP-T138,shadow,0,101,1e-05,1.0000000000000001e-07,79,553,0.507018404347556,0.47765907645225525,3.239005348899148,6.726752705214193e-06,3.239005348899148,79,0,True,False,False
EXP-T138,shadow,0,101,1e-05,1.0000000000000001e-07,80,560,0.5347470343112946,0.4762943784395854,3.239417567397609,6.65339122008084e-06,3.239005348899148,79,1,False,False,False
EXP-T138,shadow,0,101,1e-05,1.0000000000000001e-07,81,567,0.49448945827316493,0.47334422667821247,3.240593187736742,6.57963412215599e-06,3.239005348899148,79,2,False,False,False
EXP-T138,shadow,0,101,1e-05,1.0000000000000001e-07,82,574,0.4767759580697332,0.4719862639904022,3.2410197402491714,6.505499609899905e-06,3.239005348899148,79,3,False,False,False
EXP-T138,shadow,0,101,1e-05,1.0000000000000001e-07,83,581,0.5143555275031498,0.4711776375770569,3.241181575890743,6.431005974894185e-06,3.239005348899148,79,4,False,False,False
EXP-T138,shadow,0,101,1e-05,1.0000000000000001e-07,84,588,0.68062510234969,0.4694802363713582,3.241727655584162,6.356171597328595e-06,3.239005348899148,79,5,False,False,False
EXP-T138,shadow,0,101,1e-05,1.0000000000000001e-07,85,595,0.5116103887557983,0.46792906522750854,3.242115829930161,6.28101494146603e-06,3.239005348899148,79,6,False,False,False
EXP-T138,shadow,0,101,1e-05,1.0000000000000001e-07,86,602,0.4689864654626165,0.4659685393174489,3.2428031690192944,6.205554551086732e-06,3.239005348899148,79,7,False,False,False
EXP-T138,shadow,0,101,1e-05,1.0000000000000001e-07,87,609,0.5016718027847153,0.46525957187016803,3.2428949529474433,6.129809044912887e-06,3.239005348899148,79,8,False,False,False
EXP-T138,shadow,0,101,1e-05,1.0000000000000001e-07,88,616,0.5161806430135455,0.4650770624478658,3.2427238695549243,6.053797112014738e-06,3.239005348899148,79,9,False,False,False
EXP-T138,shadow,0,101,1e-05,1.0000000000000001e-07,89,623,0.7300623399870736,0.46507008870442706,3.2424697875976562,5.977537507199338e-06,3.239005348899148,79,10,False,False,False
EXP-T138,shadow,0,101,1e-05,1.0000000000000001e-07,90,630,0.4924922542912619,0.4656808574994405,3.2419623172644414,5.901049046383077e-06,3.239005348899148,79,11,False,False,False
EXP-T138,shadow,0,101,1e-05,1.0000000000000001e-07,91,637,0.5518589530672345,0.46703455845514935,3.2409896850585938,5.824350601949143e-06,3.239005348899148,79,12,False,False,False
EXP-T138,shadow,0,101,1e-05,1.0000000000000001e-07,92,644,0.5565786787441799,0.4686227838198344,3.2399324359315815,5.7474610980910354e-06,3.239005348899148,79,13,False,False,False
EXP-T138,shadow,0,101,1e-05,1.0000000000000001e-07,93,651,0.7382898756435939,0.4688908060391744,3.239430051861387,5.6703995061433075e-06,3.239005348899148,79,14,False,False,False
EXP-T138,shadow,0,101,1e-05,1.0000000000000001e-07,94,658,0.5042381414345333,0.47018839915593463,3.2385297833066997,5.5931848399006745e-06,3.2385297833066997,94,0,True,False,False
EXP-T138,shadow,0,101,1e-05,1.0000000000000001e-07,95,665,0.4988843649625778,0.47085456053415936,3.237983241225734,5.515836150926646e-06,3.237983241225734,95,0,True,False,False
EXP-T138,shadow,0,101,1e-05,1.0000000000000001e-07,96,672,0.4654040817071551,0.4711737036705017,3.2375384244051846,5.438372523852833e-06,3.2375384244051846,96,0,True,False,False
EXP-T138,shadow,0,101,1e-05,1.0000000000000001e-07,97,679,0.5698479669434684,0.47035910685857135,3.2376216541637075,5.360813071670101e-06,3.2375384244051846,96,1,False,False,False
EXP-T138,shadow,0,101,1e-05,1.0000000000000001e-07,98,686,0.5023143121174404,0.46896859010060626,3.238007747765743,5.283176931012731e-06,3.2375384244051846,96,2,False,False,False
EXP-T138,shadow,0,101,1e-05,1.0000000000000001e-07,99,693,0.5695801462445941,0.4685220718383789,3.2380167643229165,5.205483257436735e-06,3.2375384244051846,96,3,False,False,False
EXP-T138,shadow,0,101,1e-05,1.0000000000000001e-07,100,700,0.46824583427847494,0.4687467912832896,3.237699335271662,5.127751220693512e-06,3.2375384244051846,96,4,False,False,False
EXP-T138,shadow,0,101,1e-05,1.0000000000000001e-07,101,707,0.498417215687888,0.46743406852086383,3.238135135535038,5.05e-06,3.2375384244051846,96,5,False,False,False
EXP-T138,shadow,0,101,1e-05,1.0000000000000001e-07,102,714,0.5391158035823277,0.46832271416982013,3.237469297466856,4.972248779306488e-06,3.237469297466856,102,0,True,False,False
EXP-T138,shadow,0,101,1e-05,1.0000000000000001e-07,103,721,0.4889857055885451,0.46670324603716534,3.238034335049716,4.8945167425632645e-06,3.237469297466856,102,1,False,False,False
EXP-T138,shadow,0,101,1e-05,1.0000000000000001e-07,104,728,0.47402610230658737,0.46687790751457214,3.237634138627486,4.816823068987269e-06,3.237469297466856,102,2,False,False,False
EXP-T138,shadow,0,101,1e-05,1.0000000000000001e-07,105,735,0.5001901920352664,0.46723391612370807,3.2372420339873345,4.7391869283298985e-06,3.2372420339873345,105,0,True,False,False
EXP-T138,shadow,0,101,1e-05,1.0000000000000001e-07,106,742,0.5227712307657514,0.46592291196187335,3.2376179550633286,4.661627476147168e-06,3.2372420339873345,105,1,False,False,False
EXP-T138,shadow,0,101,1e-05,1.0000000000000001e-07,107,749,0.6057263953345162,0.4654304285844167,3.237611250443892,4.584163849073354e-06,3.2372420339873345,105,2,False,False,False
EXP-T138,shadow,0,101,1e-05,1.0000000000000001e-07,108,756,0.4730191998449819,0.4655691186587016,3.2372646909771543,4.506815160099326e-06,3.2372420339873345,105,3,False,False,False
EXP-T138,shadow,0,101,1e-05,1.0000000000000001e-07,109,763,0.4822631699166128,0.46555999914805096,3.237045056892164,4.429600493856694e-06,3.237045056892164,109,0,True,False,False
EXP-T138,shadow,0,101,1e-05,1.0000000000000001e-07,110,770,0.5070248757089887,0.4651903212070465,3.236988645611387,4.352538901908967e-06,3.236988645611387,110,0,True,False,False
EXP-T138,shadow,0,101,1e-05,1.0000000000000001e-07,111,777,0.5758495160511562,0.46626923481623334,3.236229174064867,4.275649398050858e-06,3.236229174064867,111,0,True,False,False
EXP-T138,shadow,0,101,1e-05,1.0000000000000001e-07,112,784,0.5720477146761758,0.4669239819049835,3.2357450543027935,4.198950953616922e-06,3.2357450543027935,112,0,True,False,False
EXP-T138,shadow,0,101,1e-05,1.0000000000000001e-07,113,791,0.5541690417698452,0.4674560825030009,3.235346707430753,4.122462492800663e-06,3.235346707430753,113,0,True,False,False
EXP-T138,shadow,0,101,1e-05,1.0000000000000001e-07,114,798,0.5780001367841449,0.4684740702311198,3.234701445608428,4.046202887985263e-06,3.234701445608428,114,0,True,False,False
EXP-T138,shadow,0,101,1e-05,1.0000000000000001e-07,115,805,0.5239547448498862,0.46946926911671955,3.2340730609315815,3.970190955087116e-06,3.2340730609315815,115,0,True,False,False
EXP-T138,shadow,0,101,1e-05,1.0000000000000001e-07,116,812,0.854179744209562,0.4696323275566101,3.2338640617601797,3.894445448913268e-06,3.2338640617601797,116,0,True,False,False
EXP-T138,shadow,0,101,1e-05,1.0000000000000001e-07,117,819,0.4660049534535834,0.4695749779542287,3.23375331994259,3.818985058533969e-06,3.23375331994259,117,0,True,False,False
EXP-T138,shadow,0,101,1e-05,1.0000000000000001e-07,118,826,0.6359917649200985,0.4698171019554138,3.233483516808712,3.7438284026714044e-06,3.233483516808712,118,0,True,False,False
EXP-T138,shadow,0,101,1e-05,1.0000000000000001e-07,119,833,0.6732998405184064,0.47018925348917645,3.2331270160097065,3.6689940251058153e-06,3.2331270160097065,119,0,True,False,False
EXP-T138,shadow,0,101,1e-05,1.0000000000000001e-07,120,840,0.6165844116892133,0.47099584341049194,3.2325455636689155,3.594500390100096e-06,3.2325455636689155,120,0,True,False,False
EXP-T138,shadow,0,101,1e-05,1.0000000000000001e-07,121,847,0.6201466534818921,0.47122955322265625,3.2322463989257812,3.5203658778440116e-06,3.2322463989257812,121,0,True,False,False
EXP-T138,shadow,0,101,1e-05,1.0000000000000001e-07,122,854,0.6332863995007106,0.4702886939048767,3.232503717595881,3.4466087799191603e-06,3.2322463989257812,121,1,False,False,False
EXP-T138,shadow,0,101,1e-05,1.0000000000000001e-07,123,861,0.47626286728440653,0.46936750411987305,3.2327811501242896,3.3732472947858077e-06,3.2322463989257812,121,2,False,False,False
EXP-T138,shadow,0,101,1e-05,1.0000000000000001e-07,124,868,0.4759186570133482,0.4676441748936971,3.233493689334754,3.300299523292678e-06,3.2322463989257812,121,3,False,False,False
EXP-T138,shadow,0,101,1e-05,1.0000000000000001e-07,125,875,0.5701602867671421,0.46698494752248126,3.2336904352361504,3.227783464210845e-06,3.2322463989257812,121,4,False,False,False
EXP-T138,shadow,0,101,1e-05,1.0000000000000001e-07,126,882,0.49117141163774897,0.4671617348988851,3.2334259495590674,3.155717009792807e-06,3.2322463989257812,121,5,False,False,False
EXP-T138,shadow,0,101,1e-05,1.0000000000000001e-07,127,889,0.48656987824610304,0.4685872197151184,3.2325527306758994,3.0841179413578354e-06,3.2322463989257812,121,6,False,False,False
EXP-T138,shadow,0,101,1e-05,1.0000000000000001e-07,128,896,0.5312488504818508,0.4696545700232188,3.2319118615352744,3.0130039249047117e-06,3.2319118615352744,128,0,True,False,False
EXP-T138,shadow,0,101,1e-05,1.0000000000000001e-07,129,903,0.46052296459674835,0.4698677659034729,3.2316154711174243,2.9423925067528904e-06,3.2316154711174243,129,0,True,False,False
EXP-T138,shadow,0,101,1e-05,1.0000000000000001e-07,130,910,0.531703667981284,0.4699232081572215,3.231423117897727,2.87230110921322e-06,3.231423117897727,130,0,True,False,False
EXP-T138,shadow,0,101,1e-05,1.0000000000000001e-07,131,917,0.5693071101393018,0.46941320101420086,3.2315412579160747,2.8027470262892435e-06,3.231423117897727,130,1,False,False,False
EXP-T138,shadow,0,101,1e-05,1.0000000000000001e-07,132,924,0.5382737389632634,0.46873412529627484,3.2317417029178506,2.7337474194101625e-06,3.231423117897727,130,2,False,False,False
EXP-T138,shadow,0,101,1e-05,1.0000000000000001e-07,133,931,0.685187714440482,0.46774767835934955,3.232121785481771,2.6653193131965085e-06,3.231423117897727,130,3,False,False,False
EXP-T138,shadow,0,101,1e-05,1.0000000000000001e-07,134,938,0.4925026723316738,0.4677973886330922,3.2319708159475615,2.5974795912595824e-06,3.231423117897727,130,4,False,False,False
EXP-T138,shadow,0,101,1e-05,1.0000000000000001e-07,135,945,0.8207492360046932,0.468140443166097,3.2316550052527226,2.530244992035662e-06,3.231423117897727,130,5,False,False,False
EXP-T138,shadow,0,101,1e-05,1.0000000000000001e-07,136,952,0.4876364693045616,0.46842233339945477,3.2314152573094224,2.4636321046560533e-06,3.2314152573094224,136,0,True,False,False
EXP-T138,shadow,0,101,1e-05,1.0000000000000001e-07,137,959,0.6556134096213749,0.4686344067255656,3.2312143499200996,2.3976573648539653e-06,3.2312143499200996,137,0,True,False,False
EXP-T138,shadow,0,101,1e-05,1.0000000000000001e-07,138,966,0.5031909772327968,0.4685801863670349,3.231164412064986,2.332337050909247e-06,3.231164412064986,138,0,True,False,False
EXP-T138,shadow,0,101,1e-05,1.0000000000000001e-07,139,973,0.46299472730606794,0.4682516058286031,3.2312071829131157,2.267687279631953e-06,3.231164412064986,138,1,False,False,False
EXP-T138,shadow,0,101,1e-05,1.0000000000000001e-07,140,980,0.6248795730727059,0.4684349795182546,3.231019453568892,2.2037240023857708e-06,3.231019453568892,140,0,True,False,False
EXP-T138,shadow,0,101,1e-05,1.0000000000000001e-07,141,987,0.5443045326641628,0.4685126443703969,3.2308765758167612,2.1404630011522584e-06,3.2308765758167612,141,0,True,False,False
EXP-T138,shadow,0,101,1e-05,1.0000000000000001e-07,142,994,0.4737336241773197,0.46910767753918964,3.2304682876124526,2.0779198846368745e-06,3.2304682876124526,142,0,True,False,False
EXP-T138,shadow,0,101,1e-05,1.0000000000000001e-07,143,1001,0.46301918308017775,0.46979467074076336,3.2300539883700283,2.0161100844177658e-06,3.2300539883700283,143,0,True,False,False
EXP-T138,shadow,0,101,1e-05,1.0000000000000001e-07,144,1008,0.5308574097497123,0.46984197696050006,3.229952031915838,1.9550488511382593e-06,3.229952031915838,144,0,True,False,False
EXP-T138,shadow,0,101,1e-05,1.0000000000000001e-07,145,1015,0.4851452024387462,0.4700505534807841,3.2297904274680396,1.894751250743986e-06,3.2297904274680396,145,0,True,False,False
EXP-T138,shadow,0,101,1e-05,1.0000000000000001e-07,146,1022,0.6971602610179356,0.4702565272649129,3.2296258175011836,1.8352321607655916e-06,3.2296258175011836,146,0,True,False,False
EXP-T138,shadow,0,101,1e-05,1.0000000000000001e-07,147,1029,0.5427363855498177,0.4700798491636912,3.2296309037642046,1.7765062666479242e-06,3.2296258175011836,146,1,False,False,False
EXP-T138,shadow,0,101,1e-05,1.0000000000000001e-07,148,1036,0.5202908090182713,0.4697412649790446,3.2297169078480112,1.7185880581266217e-06,3.2296258175011836,146,2,False,False,False
EXP-T138,shadow,0,101,1e-05,1.0000000000000001e-07,149,1043,0.5012853911944798,0.4694272478421529,3.229795976118608,1.6614918256529908e-06,3.2296258175011836,146,3,False,False,False
EXP-T138,shadow,0,101,1e-05,1.0000000000000001e-07,150,1050,0.5197173612458366,0.46955447395642597,3.229661652536103,1.6052316568680442e-06,3.2296258175011836,146,4,False,False,False
EXP-T138,shadow,0,101,1e-05,1.0000000000000001e-07,151,1057,0.6249671024935586,0.4694196283817291,3.229627898245147,1.5498214331265902e-06,3.2296258175011836,146,5,False,False,False
EXP-T138,shadow,0,101,1e-05,1.0000000000000001e-07,152,1064,0.484531079019819,0.4694814483324687,3.2295294096975615,1.495274826072216e-06,3.2295294096975615,152,0,True,False,False
EXP-T138,shadow,0,101,1e-05,1.0000000000000001e-07,153,1071,0.568502779517855,0.4696319103240967,3.229414044004498,1.441605294264014e-06,3.229414044004498,153,0,True,False,False
EXP-T138,shadow,0,101,1e-05,1.0000000000000001e-07,154,1078,0.4909812861255237,0.4698016941547394,3.22928203235973,1.3888260798558817e-06,3.22928203235973,154,0,True,False,False
EXP-T138,shadow,0,101,1e-05,1.0000000000000001e-07,155,1085,0.8209501802921295,0.470214049021403,3.2290029814749053,1.3369502053292252e-06,3.2290029814749053,155,0,True,False,False
EXP-T138,shadow,0,101,1e-05,1.0000000000000001e-07,156,1092,0.474669922692036,0.4703911542892456,3.228854092684659,1.285990470279847e-06,3.228854092684659,156,0,True,False,False
EXP-T138,shadow,0,101,1e-05,1.0000000000000001e-07,157,1099,0.5645936727523804,0.47042447328567505,3.228779648289536,1.2359594482598438e-06,3.228779648289536,157,0,True,False,False
EXP-T138,shadow,0,101,1e-05,1.0000000000000001e-07,158,1106,0.48198067815974355,0.47065062324206036,3.2286212805545693,1.1868694836752686e-06,3.2286212805545693,158,0,True,False,False
EXP-T138,shadow,0,101,1e-05,1.0000000000000001e-07,159,1113,0.48312720975705553,0.4708535174528758,3.2284719293767754,1.1387326887403326e-06,3.2284719293767754,159,0,True,False,False
EXP-T138,shadow,0,101,1e-05,1.0000000000000001e-07,160,1120,0.49391574785113335,0.47111523151397705,3.2282932165897256,1.0915609404889017e-06,3.2282932165897256,160,0,True,False,False
EXP-T138,shadow,0,101,1e-05,1.0000000000000001e-07,161,1127,0.5515727230480739,0.4710126916567485,3.228298302852746,1.0453658778440107e-06,3.2282932165897256,160,1,False,False,False
EXP-T138,shadow,0,101,1e-05,1.0000000000000001e-07,162,1134,0.5801900029182434,0.4708746671676636,3.2283299763997397,1.0001588987461348e-06,3.2282932165897256,160,2,False,False,False
EXP-T138,shadow,0,101,1e-05,1.0000000000000001e-07,163,1141,0.46501916786655784,0.47063366572062176,3.2284074263139204,9.559511573409195e-07,3.2282932165897256,160,3,False,False,False
EXP-T138,shadow,0,101,1e-05,1.0000000000000001e-07,164,1148,0.46700995894415037,0.47076648473739624,3.228293678977273,9.127535612270632e-07,3.2282932165897256,160,4,False,False,False
EXP-T138,shadow,0,101,1e-05,1.0000000000000001e-07,165,1155,0.4965851977467537,0.4710453152656555,3.228124676328717,8.705767687650265e-07,3.228124676328717,165,0,True,False,False
EXP-T138,shadow,0,101,1e-05,1.0000000000000001e-07,166,1162,0.5425808344568525,0.4712805549303691,3.2279829545454546,8.294311864472448e-07,3.2279829545454546,166,0,True,False,False
EXP-T138,shadow,0,101,1e-05,1.0000000000000001e-07,167,1169,0.4848239996603557,0.4714261492093404,3.227880535703717,7.893269663304784e-07,3.227880535703717,167,0,True,False,False
EXP-T138,shadow,0,101,1e-05,1.0000000000000001e-07,168,1176,0.5850629082747868,0.4711816906929016,3.227959835168087,7.50274003530953e-07,3.227880535703717,167,1,False,False,False
EXP-T138,shadow,0,101,1e-05,1.0000000000000001e-07,169,1183,0.7399053531033652,0.47112706303596497,3.227964227849787,7.122819337828752e-07,3.227880535703717,167,2,False,False,False
EXP-T138,shadow,0,101,1e-05,1.0000000000000001e-07,170,1190,0.4851199654596193,0.471162090698878,3.2279216881954307,6.753601310609673e-07,3.227880535703717,167,3,False,False,False
EXP-T138,shadow,0,101,1e-05,1.0000000000000001e-07,171,1197,0.7248541499887194,0.47106679280598956,3.227934403852983,6.395177052675794e-07,3.227880535703717,167,4,False,False,False
EXP-T138,shadow,0,101,1e-05,1.0000000000000001e-07,172,1204,0.7499105760029384,0.47089850902557373,3.227972550825639,6.047634999849531e-07,3.227880535703717,167,5,False,False,False
EXP-T138,shadow,0,101,1e-05,1.0000000000000001e-07,173,1211,0.6666323329721179,0.4707052906354268,3.2280303492690576,5.711060902932043e-07,3.227880535703717,167,6,False,False,False
EXP-T138,shadow,0,101,1e-05,1.0000000000000001e-07,174,1218,0.5100368814808982,0.4704933861891429,3.2281024817264443,5.385537806545469e-07,3.227880535703717,167,7,False,False,False
EXP-T138,shadow,0,101,1e-05,1.0000000000000001e-07,175,1225,0.5268613610948835,0.47046321630477905,3.2280913844253076,5.071146028642944e-07,3.227880535703717,167,8,False,False,False
EXP-T138,shadow,0,101,1e-05,1.0000000000000001e-07,176,1232,0.46830273072035716,0.47053555647532147,3.2280289621064155,4.7679631406913176e-07,3.227880535703717,167,9,False,False,False
EXP-T138,shadow,0,101,1e-05,1.0000000000000001e-07,177,1239,0.49421332350799013,0.47050392627716064,3.228020176743016,4.4760639485315585e-07,3.227880535703717,167,10,False,False,False
EXP-T138,shadow,0,101,1e-05,1.0000000000000001e-07,178,1246,0.5366745207990918,0.47041354576746625,3.2280435273141572,4.195520473921565e-07,3.227880535703717,167,11,False,False,False
EXP-T138,shadow,0,101,1e-05,1.0000000000000001e-07,179,1253,0.5393141380378178,0.47040627400080365,3.2280271125562265,3.92640193676584e-07,3.227880535703717,167,12,False,False,False
EXP-T138,shadow,0,101,1e-05,1.0000000000000001e-07,180,1260,0.5628056143011365,0.47038447856903076,3.2280178648052793,3.668774738036508e-07,3.227880535703717,167,13,False,False,False
EXP-T138,shadow,0,101,1e-05,1.0000000000000001e-07,181,1267,0.5601400222097125,0.47035632530848187,3.22801162257339,3.4227024433899004e-07,3.227880535703717,167,14,False,False,False
EXP-T138,shadow,0,101,1e-05,1.0000000000000001e-07,182,1274,0.5644617804459163,0.4704383114973704,3.2279522057735557,3.188245767482659e-07,3.227880535703717,167,15,False,False,False
EXP-T138,shadow,0,101,1e-05,1.0000000000000001e-07,183,1281,0.5034391134977341,0.4704093436400096,3.2279522057735557,2.9654625589913237e-07,3.227880535703717,167,16,False,False,False
EXP-T138,shadow,0,101,1e-05,1.0000000000000001e-07,184,1288,0.6448539069720677,0.4704863329728444,3.2279036550810845,2.754407786339001e-07,3.227880535703717,167,17,False,False,False
EXP-T138,shadow,0,101,1e-05,1.0000000000000001e-07,185,1295,0.5163650342396328,0.47051486372947693,3.227881922866359,2.555133524132767e-07,3.227880535703717,167,18,False,False,False
EXP-T138,shadow,0,101,1e-05,1.0000000000000001e-07,186,1302,0.49436071515083313,0.47054754694302875,3.227856491551255,2.3676889403150103e-07,3.227856491551255,186,0,True,False,False
EXP-T138,shadow,0,101,1e-05,1.0000000000000001e-07,187,1309,0.48386597872844767,0.47055018941561383,3.2278437758937026,2.1921202840320077e-07,3.2278437758937026,187,0,True,False,False
EXP-T138,shadow,0,101,1e-05,1.0000000000000001e-07,188,1316,0.48989229117121014,0.4705432852109273,3.2278386896306817,2.0284708742225901e-07,3.2278386896306817,188,0,True,False,False
EXP-T138,shadow,0,101,1e-05,1.0000000000000001e-07,189,1323,0.6604805631296975,0.4705592691898346,3.2278204253225615,1.8767810889299085e-07,3.2278204253225615,189,0,True,False,False
EXP-T138,shadow,0,101,1e-05,1.0000000000000001e-07,190,1330,0.5609235337802342,0.4705448051293691,3.227815107865767,1.7370883553386935e-07,3.227815107865767,190,0,True,False,False
EXP-T138,shadow,0,101,1e-05,1.0000000000000001e-07,191,1337,0.6247278579643795,0.4704851508140564,3.2278354529178506,1.609427140540686e-07,3.227815107865767,190,1,False,False,False
EXP-T138,shadow,0,101,1e-05,1.0000000000000001e-07,192,1344,0.529162905045918,0.4704199234644572,3.2278585722952178,1.493828943030402e-07,3.227815107865767,190,2,False,False,False
EXP-T138,shadow,0,101,1e-05,1.0000000000000001e-07,193,1351,0.4702571590564081,0.47037798166275024,3.2278715191465435,1.3903222849333507e-07,3.227815107865767,190,3,False,False,False
EXP-T138,shadow,0,101,1e-05,1.0000000000000001e-07,194,1358,0.49693609667675837,0.47034098704655963,3.227883310029001,1.2989327049686101e-07,3.227815107865767,190,4,False,False,False
EXP-T138,shadow,0,101,1e-05,1.0000000000000001e-07,195,1365,0.5449579613549369,0.47030659516652423,3.227895563299006,1.2196827521475402e-07,3.227815107865767,190,5,False,False,False
EXP-T138,shadow,0,101,1e-05,1.0000000000000001e-07,196,1372,0.573714975799833,0.4703039626280467,3.227893251361269,1.1525919802101659e-07,3.227815107865767,190,6,False,False,False
EXP-T138,shadow,0,101,1e-05,1.0000000000000001e-07,197,1379,0.5588339822632926,0.4702938993771871,3.2278937137488164,1.097676942800558e-07,3.227815107865767,190,7,False,False,False
EXP-T138,shadow,0,101,1e-05,1.0000000000000001e-07,198,1386,0.504456701023238,0.4702938993771871,3.2278890898733428,1.0549511893824898e-07,3.227815107865767,190,8,False,False,False
EXP-T138,shadow,0,101,1e-05,1.0000000000000001e-07,199,1393,0.4892370764698301,0.4703158140182495,3.227874062278054,1.0244252618962859e-07,3.227815107865767,190,9,False,False,False
EXP-T138,shadow,0,101,1e-05,1.0000000000000001e-07,200,1400,0.6856716445514134,0.4703117112318675,3.227871056758996,1.006106692157801e-07,3.227815107865767,190,10,False,False,False
EXP-T138,shadow,0,101,0.0001,1.0000000000000002e-06,1,7,0.5060161777905056,0.4552691578865051,3.2722431529651987,0.0001,3.2722431529651987,1,0,True,False,False
EXP-T138,shadow,0,101,0.0001,1.0000000000000002e-06,2,14,0.4914195051948939,0.4402438799540202,3.276856855912642,9.99938933078422e-05,3.2722431529651987,1,1,False,False,False
EXP-T138,shadow,0,101,0.0001,1.0000000000000002e-06,3,21,0.5646925568580627,0.46385417381922406,3.260988640062737,9.997557473810373e-05,3.260988640062737,3,0,True,False,False
EXP-T138,shadow,0,101,0.0001,1.0000000000000002e-06,4,28,0.6009900186743055,0.4881254235903422,3.2486378062855112,9.994504881061753e-05,3.2486378062855112,4,0,True,False,False
EXP-T138,shadow,0,101,0.0001,1.0000000000000002e-06,5,35,0.6023138080324445,0.4874543249607086,3.2456008448745264,9.990232305719945e-05,3.2456008448745264,5,0,True,False,False
EXP-T138,shadow,0,101,0.0001,1.0000000000000002e-06,6,42,0.48261953245050143,0.4862434168656667,3.2419613924893467,9.984740801978984e-05,3.2419613924893467,6,0,True,False,False
EXP-T138,shadow,0,101,0.0001,1.0000000000000002e-06,7,49,0.5094714973654065,0.4983377357323964,3.259404500325521,9.978031724785247e-05,3.2419613924893467,6,1,False,False,False
EXP-T138,shadow,0,101,0.0001,1.0000000000000002e-06,8,56,0.4702629146299192,0.4850815733273824,3.236782189571496,9.97010672950314e-05,3.236782189571496,8,0,True,False,False
EXP-T138,shadow,0,101,0.0001,1.0000000000000002e-06,9,63,0.5184718072414398,0.4546937346458435,3.2484433723218515,9.960967771506667e-05,3.236782189571496,8,1,False,False,False
EXP-T138,shadow,0,101,0.0001,1.0000000000000002e-06,10,70,0.5111651399305889,0.4586693545182546,3.241968790690104,9.95061710569696e-05,3.236782189571496,8,2,False,False,False
EXP-T138,shadow,0,101,0.0001,1.0000000000000002e-06,11,77,0.510848947933742,0.46590731541315716,3.2336786443536933,9.939057285945933e-05,3.2336786443536933,11,0,True,False,False
EXP-T138,shadow,0,101,0.0001,1.0000000000000002e-06,12,84,0.5543412523610252,0.4724072813987732,3.2253230701793325,9.926291164466132e-05,3.2253230701793325,12,0,True,False,False
EXP-T138,shadow,0,101,0.0001,1.0000000000000002e-06,13,91,0.5590146056243351,0.4863024453322093,3.2178730820164536,9.91232189110701e-05,3.2178730820164536,13,0,True,False,False
EXP-T138,shadow,0,101,0.0001,1.0000000000000002e-06,14,98,0.46740067065028207,0.46298693617184955,3.223786787553267,9.897152912577741e-05,3.2178730820164536,13,1,False,False,False
EXP-T138,shadow,0,101,0.0001,1.0000000000000002e-06,15,105,0.5523116290569305,0.45199010769526166,3.2371347600763496,9.8807879715968e-05,3.2178730820164536,13,2,False,False,False
EXP-T138,shadow,0,101,0.0001,1.0000000000000002e-06,16,112,0.6179803950445992,0.4552450478076935,3.2326898285836885,9.8632311059685e-05,3.2178730820164536,13,3,False,False,False
EXP-T138,shadow,0,101,0.0001,1.0000000000000002e-06,17,119,0.48041577477540287,0.4701293110847473,3.210472569321141,9.844486647586725e-05,3.210472569321141,17,0,True,False,False
EXP-T138,shadow,0,101,0.0001,1.0000000000000002e-06,18,126,0.576176038810185,0.4732709725697835,3.2025754523999765,9.824559221366101e-05,3.2025754523999765,18,0,True,False,False
EXP-T138,shadow,0,101,0.0001,1.0000000000000002e-06,19,133,0.6666187260832105,0.46635013818740845,3.211291457667495,9.803453744100869e-05,3.2025754523999765,18,1,False,False,False
EXP-T138,shadow,0,101,0.0001,1.0000000000000002e-06,20,140,0.47790742559092386,0.4591832756996155,3.220517938787287,9.781175423251735e-05,3.2025754523999765,18,2,False,False,False
EXP-T138,shadow,0,101,0.0001,1.0000000000000002e-06,21,147,0.46042913421323256,0.4396246671676636,3.2546527746951943,9.757729755661011e-05,3.2025754523999765,18,3,False,False,False
EXP-T138,shadow,0,101,0.0001,1.0000000000000002e-06,22,154,0.8314492915357862,0.463136891523997,3.2109712542909565,9.73312252619635e-05,3.2025754523999765,18,4,False,False,False
EXP-T138,shadow,0,101,0.0001,1.0000000000000002e-06,23,161,0.4813351939831461,0.5025322834650675,3.1888351440429688,9.707359806323417e-05,3.1888351440429688,23,0,True,False,False
EXP-T138,shadow,0,101,0.0001,1.0000000000000002e-06,24,168,0.7036235162190029,0.5014688769976298,3.1888700543027935,9.680447952607845e-05,3.1888351440429688,23,1,False,False,False
EXP-T138,shadow,0,101,0.0001,1.0000000000000002e-06,25,175,0.5871153388704572,0.48209837079048157,3.184507196599787,9.652393605146844e-05,3.184507196599787,25,0,True,False,False
EXP-T138,shadow,0,101,0.0001,1.0000000000000002e-06,26,182,0.7487938510520118,0.4454418222109477,3.2476198601000235,9.623203685930869e-05,3.184507196599787,25,1,False,False,False
EXP-T138,shadow,0,101,0.0001,1.0000000000000002e-06,27,189,0.47559541517070364,0.45048414667447406,3.2349199237245503,9.592885397135707e-05,3.184507196599787,25,2,False,False,False
EXP-T138,shadow,0,101,0.0001,1.0000000000000002e-06,28,196,0.45610493634428295,0.5013124843438467,3.183657097093987,9.561446219345454e-05,3.183657097093987,28,0,True,False,False
EXP-T138,shadow,0,101,0.0001,1.0000000000000002e-06,29,203,0.4815825862543924,0.49478230873743695,3.177452549789891,9.528893909706797e-05,3.177452549789891,29,0,True,False,False
EXP-T138,shadow,0,101,0.0001,1.0000000000000002e-06,30,210,0.45887534958975656,0.47746507326761883,3.1879277084812974,9.495236500015047e-05,3.177452549789891,29,1,False,False,False
EXP-T138,shadow,0,101,0.0001,1.0000000000000002e-06,31,217,0.4894669013363974,0.5235941608746847,3.1823894616329307,9.460482294732421e-05,3.177452549789891,29,2,False,False,False
EXP-T138,shadow,0,101,0.0001,1.0000000000000002e-06,32,224,0.47589901302542004,0.5072359442710876,3.173039754231771,9.424639868939033e-05,3.173039754231771,32,0,True,False,False
EXP-T138,shadow,0,101,0.0001,1.0000000000000002e-06,33,231,0.45209903589316774,0.5020362536112467,3.1676825321081914,9.387718066217124e-05,3.1676825321081914,33,0,True,False,False
EXP-T138,shadow,0,101,0.0001,1.0000000000000002e-06,34,238,0.618058157818658,0.5029420455296835,3.163457234700521,9.349725996469047e-05,3.163457234700521,34,0,True,False,False
EXP-T138,shadow,0,101,0.0001,1.0000000000000002e-06,35,245,0.48239017384392874,0.5054927666982015,3.158438017874053,9.310673033669521e-05,3.158438017874053,35,0,True,False,False
EXP-T138,shadow,0,101,0.0001,1.0000000000000002e-06,36,252,0.4535834150654929,0.4947988788286845,3.1698650013316763,9.270568813552756e-05,3.158438017874053,35,1,False,False,False
EXP-T138,shadow,0,101,0.0001,1.0000000000000002e-06,37,259,0.4416958669732724,0.5155546069145203,3.1372451782226562,9.229423231234974e-05,3.1372451782226562,37,0,True,False,False
EXP-T138,shadow,0,101,0.0001,1.0000000000000002e-06,38,266,0.46634744320596966,0.5069020589192709,3.133899110736269,9.187246438772939e-05,3.133899110736269,38,0,True,False,False
EXP-T138,shadow,0,101,0.0001,1.0000000000000002e-06,39,273,0.5183291605540684,0.5199468930562338,3.1103314486416904,9.14404884265908e-05,3.1103314486416904,39,0,True,False,False
EXP-T138,shadow,0,101,0.0001,1.0000000000000002e-06,40,280,0.4933111199310848,0.5678040683269501,3.091500946969697,9.099841101253866e-05,3.091500946969697,40,0,True,False,False
EXP-T138,shadow,0,101,0.0001,1.0000000000000002e-06,41,287,0.43957305593150003,0.5105940302213033,3.1590703328450522,9.05463412215599e-05,3.091500946969697,40,1,False,False,False
EXP-T138,shadow,0,101,0.0001,1.0000000000000002e-06,42,294,0.4124133445522083,0.5452840427557627,3.060068303888494,9.0084390595111e-05,3.060068303888494,42,0,True,False,False
EXP-T138,shadow,0,101,0.0001,1.0000000000000002e-06,43,301,0.5328729706151145,0.5795246660709381,3.0078594323360557,8.961267311259666e-05,3.0078594323360557,43,0,True,False,False
EXP-T138,shadow,0,101,0.0001,1.0000000000000002e-06,44,308,0.41302121537072317,0.5040698250134786,3.0433132287227744,8.913130516324733e-05,3.0078594323360557,43,1,False,False,False
EXP-T138,shadow,0,101,0.0001,1.0000000000000002e-06,45,315,0.393821368260043,0.5115650594234467,3.0114274458451704,8.864040551740158e-05,3.0078594323360557,43,2,False,False,False
EXP-T138,shadow,0,101,0.0001,1.0000000000000002e-06,46,322,0.4453954909529005,0.5761848290761312,2.9649114897756865,8.814009529720155e-05,2.9649114897756865,46,0,True,False,False
EXP-T138,shadow,0,101,0.0001,1.0000000000000002e-06,47,329,0.48036896330969675,0.5396835605303446,2.88862216833866,8.763049794670775e-05,2.88862216833866,47,0,True,False,False
EXP-T138,shadow,0,101,0.0001,1.0000000000000002e-06,48,336,0.39196515934807913,0.48867223660151166,3.0619342688358193,8.711173920144117e-05,2.88862216833866,47,1,False,False,False
EXP-T138,shadow,0,101,0.0001,1.0000000000000002e-06,49,343,0.403485574892589,0.5330362319946289,2.905252630060369,8.658394705735987e-05,2.88862216833866,47,2,False,False,False
EXP-T138,shadow,0,101,0.0001,1.0000000000000002e-06,50,350,0.3539164715579578,0.5630283256371816,2.9047819195371685,8.604725173927785e-05,2.88862216833866,47,3,False,False,False
EXP-T138,shadow,0,101,0.0001,1.0000000000000002e-06,51,357,0.5324748499052865,0.47269610563913983,3.057776942397609,8.55017856687341e-05,2.88862216833866,47,4,False,False,False
EXP-T138,shadow,0,101,0.0001,1.0000000000000002e-06,52,364,0.4741984265191214,0.5252692103385925,2.9202302874940815,8.494768343131955e-05,2.88862216833866,47,5,False,False,False
EXP-T138,shadow,0,101,0.0001,1.0000000000000002e-06,53,371,0.46595454641750883,0.5724925100803375,2.9596247817530776,8.438508174347009e-05,2.88862216833866,47,6,False,False,False
EXP-T138,shadow,0,101,0.0001,1.0000000000000002e-06,54,378,0.4494766082082476,0.44482874870300293,3.1095842303651753,8.381411941873378e-05,2.88862216833866,47,7,False,False,False
EXP-T138,shadow,0,101,0.0001,1.0000000000000002e-06,55,385,0.3643514322383063,0.503163754940033,2.927801190000592,8.323493733352077e-05,2.88862216833866,47,8,False,False,False
EXP-T138,shadow,0,101,0.0001,1.0000000000000002e-06,56,392,0.3483367732592991,0.4726405739784241,2.951257185502486,8.26476783923441e-05,2.88862216833866,47,9,False,False,False
EXP-T138,shadow,0,101,0.0001,1.0000000000000002e-06,57,399,0.3779266114745821,0.4279663066069285,3.0376545299183237,8.205248749256015e-05,2.88862216833866,47,10,False,False,False
EXP-T138,shadow,0,101,0.0001,1.0000000000000002e-06,58,406,0.6572037935256958,0.48751717805862427,2.88663945053563,8.144951148861742e-05,2.88663945053563,58,0,True,False,False
EXP-T138,shadow,0,101,0.0001,1.0000000000000002e-06,59,413,0.39793515844004496,0.4572847584883372,2.8695412838097774,8.083889915582235e-05,2.8695412838097774,59,0,True,False,False
EXP-T138,shadow,0,101,0.0001,1.0000000000000002e-06,60,420,0.31322669690208776,0.39503320058186847,3.0451019749496924,8.022080115363127e-05,2.8695412838097774,59,1,False,False,False
EXP-T138,shadow,0,101,0.0001,1.0000000000000002e-06,61,427,0.33422982479844776,0.43303709228833515,2.847222530480587,7.959536998847744e-05,2.847222530480587,61,0,True,False,False
EXP-T138,shadow,0,101,0.0001,1.0000000000000002e-06,62,434,0.3547825642994472,0.4507383704185486,2.7904034238873106,7.89627599761423e-05,2.7904034238873106,62,0,True,False,False
EXP-T138,shadow,0,101,0.0001,1.0000000000000002e-06,63,441,0.4410743500505175,0.4019516110420227,2.8640347105084043,7.832312720368048e-05,2.7904034238873106,62,1,False,False,False
EXP-T138,shadow,0,101,0.0001,1.0000000000000002e-06,64,448,0.4834194907120296,0.42176899313926697,2.76506435509884,7.767662949090753e-05,2.76506435509884,64,0,True,False,False
EXP-T138,shadow,0,101,0.0001,1.0000000000000002e-06,65,455,0.37725978238242014,0.5188806653022766,2.8766462152654473,7.702342635146033e-05,2.76506435509884,64,1,False,False,False
EXP-T138,shadow,0,101,0.0001,1.0000000000000002e-06,66,462,0.3263215483831508,0.40844492117563885,2.7339972293738164,7.636367895343946e-05,2.7339972293738164,66,0,True,False,False
EXP-T138,shadow,0,101,0.0001,1.0000000000000002e-06,67,469,0.5806468831641334,0.35957402487595874,3.1073381828539297,7.569755007964338e-05,2.7339972293738164,66,1,False,False,False
EXP-T138,shadow,0,101,0.0001,1.0000000000000002e-06,68,476,0.3294622999216829,0.467494934797287,2.742756005489465,7.502520408740418e-05,2.7339972293738164,66,2,False,False,False
EXP-T138,shadow,0,101,0.0001,1.0000000000000002e-06,69,483,0.37863590461867197,0.43089015285174054,2.659752354477391,7.43468068680349e-05,2.659752354477391,69,0,True,False,False
EXP-T138,shadow,0,101,0.0001,1.0000000000000002e-06,70,490,0.36283602884837557,0.37368326385815936,2.6852289835611978,7.366252580589839e-05,2.659752354477391,69,1,False,False,False
EXP-T138,shadow,0,101,0.0001,1.0000000000000002e-06,71,497,0.3310307945523943,0.3974851667881012,2.633001385313092,7.297252973710757e-05,2.633001385313092,71,0,True,False,False
EXP-T138,shadow,0,101,0.0001,1.0000000000000002e-06,72,504,0.3157811846051897,0.4187197983264923,2.6195500691731772,7.22769889078678e-05,2.6195500691731772,72,0,True,False,False
EXP-T138,shadow,0,101,0.0001,1.0000000000000002e-06,73,511,0.3697246866566794,0.393249253431956,2.670931729403409,7.15760749324711e-05,2.6195500691731772,72,1,False,False,False
EXP-T138,shadow,0,101,0.0001,1.0000000000000002e-06,74,518,0.4219822032111032,0.38755175471305847,2.72901962742661,7.086996075095289e-05,2.6195500691731772,72,2,False,False,False
EXP-T138,shadow,0,101,0.0001,1.0000000000000002e-06,75,525,0.3635560997894832,0.4058275322119395,2.665343082312382,7.015882058642164e-05,2.6195500691731772,72,3,False,False,False
EXP-T138,shadow,0,101,0.0001,1.0000000000000002e-06,76,532,0.2991041785904339,0.42872822284698486,2.652032909971295,6.944282990207195e-05,2.6195500691731772,72,4,False,False,False
EXP-T138,shadow,0,101,0.0001,1.0000000000000002e-06,77,539,0.34017828532627653,0.3928305208683014,2.6828756621389678,6.872216535789157e-05,2.6195500691731772,72,5,False,False,False
EXP-T138,shadow,0,101,0.0001,1.0000000000000002e-06,78,546,0.3448965719767979,0.3521226942539215,2.7484553943980825,6.799700476707323e-05,2.6195500691731772,72,6,False,False,False
EXP-T138,shadow,0,101,0.0001,1.0000000000000002e-06,79,553,0.38948217247213635,0.461376428604126,2.687064199736624,6.726752705214194e-05,2.6195500691731772,72,7,False,False,False
EXP-T138,shadow,0,101,0.0001,1.0000000000000002e-06,80,560,0.27663749349968775,0.3419863035281499,2.8468688040068657,6.65339122008084e-05,2.6195500691731772,72,8,False,False,False
EXP-T138,shadow,0,101,0.0001,1.0000000000000002e-06,81,567,0.3702000762735094,0.40068421761194867,2.662603436094342,6.57963412215599e-05,2.6195500691731772,72,9,False,False,False
EXP-T138,shadow,0,101,0.0001,1.0000000000000002e-06,82,574,0.27303481101989746,0.3766035238901774,2.672238321015329,6.505499609899905e-05,2.6195500691731772,72,10,False,False,False
EXP-T138,shadow,0,101,0.0001,1.0000000000000002e-06,83,581,0.27454061513500555,0.3605846365292867,2.7287176883581914,6.431005974894185e-05,2.6195500691731772,72,11,False,False,False
EXP-T138,shadow,0,101,0.0001,1.0000000000000002e-06,84,588,0.3522025282893862,0.3483636677265167,2.8219315499970405,6.356171597328596e-05,2.6195500691731772,72,12,False,False,False
EXP-T138,shadow,0,101,0.0001,1.0000000000000002e-06,85,595,0.3228038549423218,0.4053372343381246,2.6996157097093985,6.281014941466031e-05,2.6195500691731772,72,13,False,False,False
EXP-T138,shadow,0,101,0.0001,1.0000000000000002e-06,86,602,0.24783740352307046,0.40377811590830487,2.723440343683416,6.205554551086733e-05,2.6195500691731772,72,14,False,False,False
EXP-T138,shadow,0,101,0.0001,1.0000000000000002e-06,87,609,0.27625191970063107,0.3673676947752635,2.7724654457785864,6.129809044912887e-05,2.6195500691731772,72,15,False,False,False
EXP-T138,shadow,0,101,0.0001,1.0000000000000002e-06,88,616,0.3598970834697996,0.40135743220647174,2.6672898494836055,6.053797112014738e-05,2.6195500691731772,72,16,False,False,False
EXP-T138,shadow,0,101,0.0001,1.0000000000000002e-06,89,623,0.3363549773182188,0.3846348424752553,2.6693807659727153,5.977537507199338e-05,2.6195500691731772,72,17,False,False,False
EXP-T138,shadow,0,101,0.0001,1.0000000000000002e-06,90,630,0.2918607440910169,0.38800714413324994,2.6757332772919624,5.901049046383077e-05,2.6195500691731772,72,18,False,False,False
EXP-T138,shadow,0,101,0.0001,1.0000000000000002e-06,91,637,0.3000045823199408,0.38170809547106427,2.678500897956617,5.8243506019491436e-05,2.6195500691731772,72,19,False,False,False
EXP-T138,shadow,0,101,0.0001,1.0000000000000002e-06,92,644,0.30564086564949583,0.3904430071512858,2.63248940670129,5.7474610980910354e-05,2.6195500691731772,72,20,False,False,False
EXP-T138,shadow,0,101,0.0001,1.0000000000000002e-06,93,651,0.52603808258261,0.3525135318438212,2.750957373416785,5.6703995061433075e-05,2.6195500691731772,72,21,False,False,False
EXP-T138,shadow,0,101,0.0001,1.0000000000000002e-06,94,658,0.25991622784308027,0.41951102018356323,2.627413778594046,5.5931848399006745e-05,2.6195500691731772,72,22,False,False,False
EXP-T138,shadow,0,101,0.0001,1.0000000000000002e-06,95,665,0.29279241617769003,0.40136908491452533,2.6608072916666665,5.515836150926646e-05,2.6195500691731772,72,23,False,False,False
EXP-T138,shadow,0,101,0.0001,1.0000000000000002e-06,96,672,0.2569383042199271,0.35258962710698444,2.7369925759055396,5.438372523852833e-05,2.6195500691731772,72,24,False,False,False
EXP-T138,shadow,0,101,0.0001,1.0000000000000002e-06,97,679,0.300248173730714,0.3510495920976003,2.7160931211529356,5.360813071670102e-05,2.6195500691731772,72,25,False,False,False
EXP-T138,shadow,0,101,0.0001,1.0000000000000002e-06,98,686,0.28716196545532774,0.3934118350346883,2.6368190880977744,5.283176931012731e-05,2.6195500691731772,72,26,False,False,False
EXP-T138,shadow,0,101,0.0001,1.0000000000000002e-06,99,693,0.24943839918289865,0.39034488797187805,2.6381720340613164,5.205483257436735e-05,2.6195500691731772,72,27,False,False,False
EXP-T138,shadow,0,101,0.0001,1.0000000000000002e-06,100,700,0.25831362911100897,0.3986307978630066,2.6466208949233545,5.127751220693513e-05,2.6195500691731772,72,28,False,False,False
EXP-T138,shadow,0,101,0.0001,1.0000000000000002e-06,101,707,0.27358970578227726,0.3521253267923991,2.7759748516660747,5.05e-05,2.6195500691731772,72,29,False,False,False
EXP-T138,shadow,0,101,0.0001,1.0000000000000002e-06,102,714,0.268841635968004,0.34601400792598724,2.8341704859878076,4.972248779306489e-05,2.6195500691731772,72,30,False,True,False
EXP-T138,shadow,0,101,0.001,1e-05,1,7,0.5295670165547303,0.41575152178605396,3.367717164935488,0.001,3.367717164935488,1,0,True,False,False
EXP-T138,shadow,0,101,0.001,1e-05,2,14,0.5032675393990108,0.596346785624822,3.399774031205611,0.000999938933078422,3.367717164935488,1,1,False,False,False
EXP-T138,shadow,0,101,0.001,1e-05,3,21,0.6234618425369263,0.41823043425877887,3.2998541629675664,0.0009997557473810372,3.2998541629675664,3,0,True,False,False
EXP-T138,shadow,0,101,0.001,1e-05,4,28,0.5904656606061118,0.7436249057451884,3.7218831380208335,0.0009994504881061753,3.2998541629675664,3,1,False,False,False
EXP-T138,shadow,0,101,0.001,1e-05,5,35,0.6432830350739616,0.42460660139719647,3.28926132664536,0.0009990232305719944,3.28926132664536,5,0,True,False,False
EXP-T138,shadow,0,101,0.001,1e-05,6,42,0.4647759079400982,0.5165229837099711,3.127363262754498,0.0009984740801978985,3.127363262754498,6,0,True,False,False
EXP-T138,shadow,0,101,0.001,1e-05,7,49,0.48998300092560904,0.6278143723805746,3.153877027107008,0.0009978031724785245,3.127363262754498,6,1,False,False,False
EXP-T138,shadow,0,101,0.001,1e-05,8,56,0.49466071810041157,0.4401078422864278,3.204687176328717,0.000997010672950314,3.127363262754498,6,2,False,False,False
EXP-T138,shadow,0,101,0.001,1e-05,9,63,0.4019017778337002,0.5996003250281016,3.0487966826467803,0.0009960967771506667,3.0487966826467803,9,0,True,False,False
EXP-T138,shadow,0,101,0.001,1e-05,10,70,0.401915618600989,0.5647133886814117,3.040645714962121,0.000995061710569696,3.040645714962121,10,0,True,False,False
EXP-T138,shadow,0,101,0.001,1e-05,11,77,0.41127336025238037,0.410696342587471,3.2324664953983193,0.0009939057285945933,3.040645714962121,10,1,False,False,False
EXP-T138,shadow,0,101,0.001,1e-05,12,84,0.43009861026491436,0.6806481679280599,3.5472854845451587,0.000992629116446613,3.040645714962121,10,2,False,False,False
EXP-T138,shadow,0,101,0.001,1e-05,13,91,0.5413803671087537,0.40970652338971075,3.687177947073272,0.000991232189110701,3.040645714962121,10,3,False,False,False
EXP-T138,shadow,0,101,0.001,1e-05,14,98,0.3759608268737793,0.48814476529757184,2.8126472704338306,0.0009897152912577741,2.8126472704338306,14,0,True,False,False
EXP-T138,shadow,0,101,0.001,1e-05,15,105,0.41875302152974264,0.4105582535266876,2.6939130840879497,0.00098807879715968,2.6939130840879497,15,0,True,False,False
EXP-T138,shadow,0,101,0.001,1e-05,16,112,0.4284439321075167,0.4066448012987773,2.9733149210611978,0.00098632311059685,2.6939130840879497,15,1,False,False,False
EXP-T138,shadow,0,101,0.001,1e-05,17,119,0.4390761639390673,0.9982438882191976,4.557391195586233,0.0009844486647586723,2.6939130840879497,15,2,False,False,False
EXP-T138,shadow,0,101,0.001,1e-05,18,126,0.5336047964436668,0.4682776729265849,4.137704097863399,0.00098245592213661,2.6939130840879497,15,3,False,False,False
EXP-T138,shadow,0,101,0.001,1e-05,19,133,0.6071020407336098,0.6622704565525055,3.198280103278883,0.0009803453744100868,2.6939130840879497,15,4,False,False,False
EXP-T138,shadow,0,101,0.001,1e-05,20,140,0.35441085257168325,0.5484504103660583,3.3793189308860083,0.0009781175423251734,2.6939130840879497,15,5,False,False,False
EXP-T138,shadow,0,101,0.001,1e-05,21,147,0.2887571346447138,0.39000094930330914,2.8118896484375,0.0009757729755661011,2.6939130840879497,15,6,False,False,False
EXP-T138,shadow,0,101,0.001,1e-05,22,154,0.4115853820528303,0.6820774475733439,3.305578289609967,0.0009733122526196349,2.6939130840879497,15,7,False,False,False
EXP-T138,shadow,0,101,0.001,1e-05,23,161,0.3761622118098395,0.3286847174167633,2.7697261463512075,0.0009707359806323416,2.6939130840879497,15,8,False,False,False
EXP-T138,shadow,0,101,0.001,1e-05,24,168,0.2983781525066921,0.529964824517568,3.170635107791785,0.0009680447952607845,2.6939130840879497,15,9,False,False,False
EXP-T138,shadow,0,101,0.001,1e-05,25,175,0.28554024307855536,0.39908892661333084,3.52497910008286,0.0009652393605146844,2.6939130840879497,15,10,False,False,False
EXP-T138,shadow,0,101,0.001,1e-05,26,182,0.5649451836943626,0.5393595993518829,3.2734952984434185,0.000962320368593087,2.6939130840879497,15,11,False,False,False
EXP-T138,shadow,0,101,0.001,1e-05,27,189,0.26739597360470463,0.39936463534832,3.4678085789535986,0.0009592885397135706,2.6939130840879497,15,12,False,False,False
EXP-T138,shadow,0,101,0.001,1e-05,28,196,0.2761646828481129,0.3776467690865199,3.0731480916341147,0.0009561446219345453,2.6939130840879497,15,13,False,False,False
EXP-T138,shadow,0,101,0.001,1e-05,29,203,0.30347447097301483,0.5220310240983963,2.856970353560014,0.0009528893909706797,2.6939130840879497,15,14,False,False,False
EXP-T138,shadow,0,101,0.001,1e-05,30,210,0.2724152228661946,0.5657055452466011,4.835019660718514,0.0009495236500015047,2.6939130840879497,15,15,False,False,False
EXP-T138,shadow,0,101,0.001,1e-05,31,217,0.3528267028076308,0.4518073499202728,2.936861905184659,0.0009460482294732421,2.6939130840879497,15,16,False,False,False
EXP-T138,shadow,0,101,0.001,1e-05,32,224,0.18640340405233605,0.352422758936882,2.8485394102154356,0.0009424639868939033,2.6939130840879497,15,17,False,False,False
EXP-T138,shadow,0,101,0.001,1e-05,33,231,0.21349441898720606,0.5133728285630544,3.2158301382353813,0.0009387718066217125,2.6939130840879497,15,18,False,False,False
EXP-T138,shadow,0,101,0.001,1e-05,34,238,0.30930866301059723,0.3538987835248311,2.9841398759321733,0.0009349725996469047,2.6939130840879497,15,19,False,False,False
EXP-T138,shadow,0,101,0.001,1e-05,35,245,0.270124865429742,0.5541978478431702,2.9853995352080376,0.0009310673033669522,2.6939130840879497,15,20,False,False,False
EXP-T138,shadow,0,101,0.001,1e-05,36,252,0.20755733496376447,0.4495756725470225,3.370202498002486,0.0009270568813552756,2.6939130840879497,15,21,False,False,False
EXP-T138,shadow,0,101,0.001,1e-05,37,259,0.23622719304902212,0.5700229505697886,2.8491198221842446,0.0009229423231234975,2.6939130840879497,15,22,False,False,False
EXP-T138,shadow,0,101,0.001,1e-05,38,266,0.21041294719491685,0.4513428608576457,2.7774947195342095,0.0009187246438772938,2.6939130840879497,15,23,False,False,False
EXP-T138,shadow,0,101,0.001,1e-05,39,273,0.25274380296468735,0.5151412487030029,2.8420207861698037,0.0009144048842659081,2.6939130840879497,15,24,False,False,False
EXP-T138,shadow,0,101,0.001,1e-05,40,280,0.1402260469538825,0.47220606605211896,3.1099152998490767,0.0009099841101253866,2.6939130840879497,15,25,False,False,False
EXP-T138,shadow,0,101,0.001,1e-05,41,287,0.17536761312346374,0.5270103017489115,3.0988727916370737,0.000905463412215599,2.6939130840879497,15,26,False,False,False
EXP-T138,shadow,0,101,0.001,1e-05,42,294,0.15732569353921072,0.4996737241744995,3.1756948991255327,0.0009008439059511099,2.6939130840879497,15,27,False,False,False
EXP-T138,shadow,0,101,0.001,1e-05,43,301,0.1632926889828273,0.501195470492045,2.9780620228160513,0.0008961267311259666,2.6939130840879497,15,28,False,False,False
EXP-T138,shadow,0,101,0.001,1e-05,44,308,0.11835939916116851,0.42783339818318683,2.774968233975497,0.0008913130516324732,2.6939130840879497,15,29,False,False,False
EXP-T138,shadow,0,101,0.001,1e-05,45,315,0.12010606777455125,0.3942929108937581,2.610069737289891,0.0008864040551740157,2.610069737289891,45,0,True,False,False
EXP-T138,shadow,0,101,0.001,1e-05,46,322,0.128697022529585,0.42373921473821,2.707548083681049,0.0008814009529720154,2.610069737289891,45,1,False,False,False
EXP-T138,shadow,0,101,0.001,1e-05,47,329,0.11938525388749051,0.328741396466891,2.943910772150213,0.0008763049794670775,2.610069737289891,45,2,False,False,False
EXP-T138,shadow,0,101,0.001,1e-05,48,336,0.1340632597649736,0.5020114680131277,2.912537430271958,0.0008711173920144117,2.610069737289891,45,3,False,False,False
EXP-T138,shadow,0,101,0.001,1e-05,49,343,0.16801558807492256,0.3491271237532298,2.7812726569898203,0.0008658394705735987,2.610069737289891,45,4,False,False,False
EXP-T138,shadow,0,101,0.001,1e-05,50,350,0.11687765749437469,0.5609787901242574,3.200411016290838,0.0008604725173927785,2.610069737289891,45,5,False,False,False
EXP-T138,shadow,0,101,0.001,1e-05,51,357,0.133772506245545,0.3997674956917763,3.524846163662997,0.000855017856687341,2.610069737289891,45,6,False,False,False
EXP-T138,shadow,0,101,0.001,1e-05,52,364,0.2505074090191296,0.4880412717660268,3.052540403423887,0.0008494768343131955,2.610069737289891,45,7,False,False,False
EXP-T138,shadow,0,101,0.001,1e-05,53,371,0.26904202678373884,0.4587601621945699,2.8913990367542612,0.0008438508174347009,2.610069737289891,45,8,False,False,False
EXP-T138,shadow,0,101,0.001,1e-05,54,378,0.1730201939660349,0.5262823601563772,2.983390114524148,0.0008381411941873378,2.610069737289891,45,9,False,False,False
EXP-T138,shadow,0,101,0.001,1e-05,55,385,0.0897554624825716,0.417086790005366,3.0249150594075522,0.0008323493733352077,2.610069737289891,45,10,False,False,False
EXP-T138,shadow,0,101,0.001,1e-05,56,392,0.13677872398069926,0.4256366391976674,2.7496484698671284,0.000826476783923441,2.610069737289891,45,11,False,False,False
EXP-T138,shadow,0,101,0.001,1e-05,57,399,0.06874999137861389,0.40377586086591083,2.872646447383996,0.0008205248749256015,2.610069737289891,45,12,False,False,False
EXP-T138,shadow,0,101,0.001,1e-05,58,406,0.2242834839437689,0.3798145155111949,2.769180529045336,0.0008144951148861742,2.610069737289891,45,13,False,False,False
EXP-T138,shadow,0,101,0.001,1e-05,59,413,0.09313906487399695,0.3528399666150411,2.8046884247750947,0.0008083889915582234,2.610069737289891,45,14,False,False,False
EXP-T138,shadow,0,101,0.001,1e-05,60,420,0.10022303302373205,0.3391882876555125,2.702959002870502,0.0008022080115363127,2.610069737289891,45,15,False,False,False
EXP-T138,shadow,0,101,0.001,1e-05,61,427,0.08318360282906465,0.3537050684293111,2.8656096024946733,0.0007959536998847743,2.610069737289891,45,16,False,False,False
EXP-T138,shadow,0,101,0.001,1e-05,62,434,0.09487375084842954,0.49812182784080505,3.145229455196496,0.0007896275997614229,2.610069737289891,45,17,False,False,False
EXP-T138,shadow,0,101,0.001,1e-05,63,441,0.14621404771293914,0.38322856028874713,2.9511369647401753,0.0007832312720368048,2.610069737289891,45,18,False,False,False
EXP-T138,shadow,0,101,0.001,1e-05,64,448,0.09769986357007708,0.5097787380218506,3.162462985876835,0.0007767662949090753,2.610069737289891,45,19,False,False,False
EXP-T138,shadow,0,101,0.001,1e-05,65,455,0.08993964269757271,0.349104772011439,2.722035379120798,0.0007702342635146033,2.610069737289891,45,20,False,False,False
EXP-T138,shadow,0,101,0.001,1e-05,66,462,0.1205447566296373,0.48032471537590027,2.9696172078450522,0.0007636367895343947,2.610069737289891,45,21,False,False,False
EXP-T138,shadow,0,101,0.001,1e-05,67,469,0.09187976111258779,0.3609272837638855,2.664226416385535,0.0007569755007964338,2.610069737289891,45,22,False,False,False
EXP-T138,shadow,0,101,0.001,1e-05,68,476,0.12778440117835999,0.3852384885152181,2.69810439601089,0.0007502520408740418,2.610069737289891,45,23,False,False,False
EXP-T138,shadow,0,101,0.001,1e-05,69,483,0.10563343444040843,0.4592076043287913,2.82554360592004,0.000743468068680349,2.610069737289891,45,24,False,False,False
EXP-T138,shadow,0,101,0.001,1e-05,70,490,0.0950220123465572,0.4114324351151784,2.755688869591915,0.0007366252580589839,2.610069737289891,45,25,False,False,False
EXP-T138,shadow,0,101,0.001,1e-05,71,497,0.08465308004191943,0.4918224513530731,2.7651702418471826,0.0007297252973710757,2.610069737289891,45,26,False,False,False
EXP-T138,shadow,0,101,0.001,1e-05,72,504,0.07989554000752312,0.33426831165949505,2.6689258922230112,0.0007227698890786779,2.610069737289891,45,27,False,False,False
EXP-T138,shadow,0,101,0.001,1e-05,73,511,0.10260010404246193,0.45843488971392315,2.8033303925485322,0.000715760749324711,2.610069737289891,45,28,False,False,False
EXP-T138,shadow,0,101,0.001,1e-05,74,518,0.06074863166681358,0.3745194176832835,2.751757997455019,0.0007086996075095289,2.610069737289891,45,29,False,False,False
EXP-T138,shadow,0,101,0.001,1e-05,75,525,0.10145532286592893,0.39928266406059265,2.6583090117483428,0.0007015882058642164,2.610069737289891,45,30,False,True,False
EXP-T138,shadow,0,101,0.01,0.0001,1,7,2.8826958409377506,0.44245922798048315,3.99980117335464,0.01,3.99980117335464,1,0,True,False,False
EXP-T138,shadow,0,101,0.01,0.0001,2,14,2.645172221320016,0.7026650508244833,5.164151047215317,0.00999938933078422,3.99980117335464,1,1,False,False,False
EXP-T138,shadow,0,101,0.01,0.0001,3,21,1.2299624213150568,4.281025727589925,20.070575482917555,0.009997557473810372,3.99980117335464,1,2,False,False,False
EXP-T138,shadow,0,101,0.01,0.0001,4,28,1.540758069072451,1.2288076082865398,5.809451594497219,0.009994504881061753,3.99980117335464,1,3,False,False,False
EXP-T138,shadow,0,101,0.01,0.0001,5,35,0.8198534165109906,0.46627597014109295,3.2694161155007104,0.009990232305719944,3.2694161155007104,5,0,True,False,False
EXP-T138,shadow,0,101,0.01,0.0001,6,42,1.2686838592801775,0.5003745555877686,3.282199744022254,0.009984740801978984,3.2694161155007104,5,1,False,False,False
EXP-T138,shadow,0,101,0.01,0.0001,7,49,0.7921900153160095,0.46364546815554303,3.294002648555871,0.009978031724785246,3.2694161155007104,5,2,False,False,False
EXP-T138,shadow,0,101,0.01,0.0001,8,56,0.5419379451445171,0.46216310063997906,3.2648680715849907,0.00997010672950314,3.2648680715849907,8,0,True,False,False
EXP-T138,shadow,0,101,0.01,0.0001,9,63,0.718545172895704,0.45457738637924194,3.269567547422467,0.009960967771506667,3.2648680715849907,8,1,False,False,False
EXP-T138,shadow,0,101,0.01,0.0001,10,70,0.8764615825244358,0.4662919243176778,3.267400799375592,0.00995061710569696,3.2648680715849907,8,2,False,False,False
EXP-T138,shadow,0,101,0.01,0.0001,11,77,0.53122107897486,0.4692118763923645,3.2669035015684185,0.009939057285945933,3.2648680715849907,8,3,False,False,False
EXP-T138,shadow,0,101,0.01,0.0001,12,84,0.550976995910917,0.4602834979693095,3.270613005667022,0.00992629116446613,3.2648680715849907,8,4,False,False,False
EXP-T138,shadow,0,101,0.01,0.0001,13,91,0.6085688705955233,0.46607455611228943,3.2684194391424004,0.00991232189110701,3.2648680715849907,8,5,False,False,False
EXP-T138,shadow,0,101,0.01,0.0001,14,98,0.47772694538746563,0.4718975027402242,3.265629855069247,0.00989715291257774,3.2648680715849907,8,6,False,False,False
EXP-T138,shadow,0,101,0.01,0.0001,15,105,0.7341202284608569,0.47372053066889447,3.264777906013258,0.0098807879715968,3.264777906013258,15,0,True,False,False
EXP-T138,shadow,0,101,0.01,0.0001,16,112,0.633409206356321,0.46633878350257874,3.268290664210464,0.0098632311059685,3.264777906013258,15,1,False,False,False
EXP-T138,shadow,0,101,0.01,0.0001,17,119,0.48895042815378736,0.4577919542789459,3.2725527214281485,0.009844486647586723,3.264777906013258,15,2,False,False,False
EXP-T138,shadow,0,101,0.01,0.0001,18,126,0.6019322531563895,0.45285773277282715,3.275113886052912,0.0098245592213661,3.264777906013258,15,3,False,False,False
EXP-T138,shadow,0,101,0.01,0.0001,19,133,0.6993654838630131,0.4543650448322296,3.274323203346946,0.009803453744100868,3.264777906013258,15,4,False,False,False
EXP-T138,shadow,0,101,0.01,0.0001,20,140,0.48756558128765654,0.4517086148262024,3.2757216944839014,0.009781175423251734,3.264777906013258,15,5,False,False,False
EXP-T138,shadow,0,101,0.01,0.0001,21,147,0.4935293623379299,0.448914368947347,3.277219367749763,0.009757729755661011,3.264777906013258,15,6,False,False,False
EXP-T138,shadow,0,101,0.01,0.0001,22,154,0.8042915165424347,0.45350298285484314,3.274774493593158,0.009733122526196349,3.264777906013258,15,7,False,False,False
EXP-T138,shadow,0,101,0.01,0.0001,23,161,0.48172655435545103,0.4607571065425873,3.2710504242868135,0.009707359806323416,3.264777906013258,15,8,False,False,False
EXP-T138,shadow,0,101,0.01,0.0001,24,168,0.6977054689611707,0.46378881732622784,3.2695407289447207,0.009680447952607845,3.264777906013258,15,9,False,False,False
EXP-T138,shadow,0,101,0.01,0.0001,25,175,0.5621114713805062,0.46872679392496747,3.267135851310961,0.009652393605146845,3.264777906013258,15,10,False,False,False
EXP-T138,shadow,0,101,0.01,0.0001,26,182,0.833966327565057,0.4652753571669261,3.268809694232363,0.00962320368593087,3.264777906013258,15,11,False,False,False
EXP-T138,shadow,0,101,0.01,0.0001,27,189,0.48049857148102354,0.4602285424868266,3.271316297126539,0.009592885397135707,3.264777906013258,15,12,False,False,False
EXP-T138,shadow,0,101,0.01,0.0001,28,196,0.4765334774606994,0.4601980845133464,3.2713315559156015,0.009561446219345454,3.264777906013258,15,13,False,False,False
EXP-T138,shadow,0,101,0.01,0.0001,29,203,0.5140417771680015,0.4585096836090088,3.2721867416844224,0.009528893909706798,3.264777906013258,15,14,False,False,False
EXP-T138,shadow,0,101,0.01,0.0001,30,210,0.4815602185470717,0.4550972282886505,3.2739417336203833,0.009495236500015047,3.264777906013258,15,15,False,False,False
EXP-T138,shadow,0,101,0.01,0.0001,31,217,0.49944907426834106,0.4559677044550578,3.2734906745679453,0.00946048229473242,3.264777906013258,15,16,False,False,False
EXP-T138,shadow,0,101,0.01,0.0001,32,224,0.4771821316597717,0.4533558090527852,3.2748517123135654,0.009424639868939034,3.264777906013258,15,17,False,False,False
EXP-T138,shadow,0,101,0.01,0.0001,33,231,0.5585847411836896,0.45476216077804565,3.274116053725734,0.009387718066217124,3.264777906013258,15,18,False,False,False
EXP-T138,shadow,0,101,0.01,0.0001,34,238,0.7302584392683846,0.4593900938828786,3.27173984411991,0.009349725996469048,3.264777906013258,15,19,False,False,False
EXP-T138,shadow,0,101,0.01,0.0001,35,245,0.5410145052841732,0.45998575290044147,3.2714385986328125,0.00931067303366952,3.264777906013258,15,20,False,False,False
EXP-T138,shadow,0,101,0.01,0.0001,36,252,0.4898502060345241,0.4621119300524394,3.270372332948627,0.009270568813552756,3.264777906013258,15,21,False,False,False
EXP-T138,shadow,0,101,0.01,0.0001,37,259,0.48170362625803265,0.46155645449956256,3.270649765477036,0.009229423231234974,3.264777906013258,15,22,False,False,False
EXP-T138,shadow,0,101,0.01,0.0001,38,266,0.5143843974385943,0.45942312479019165,3.2717229669744317,0.009187246438772938,3.264777906013258,15,23,False,False,False
EXP-T138,shadow,0,101,0.01,0.0001,39,273,0.6002067412648883,0.45613864064216614,3.2734023585464014,0.009144048842659082,3.264777906013258,15,24,False,False,False
EXP-T138,shadow,0,101,0.01,0.0001,40,280,0.7299791659627642,0.45814817150433856,3.2723710031220405,0.009099841101253866,3.264777906013258,15,25,False,False,False
EXP-T138,shadow,0,101,0.01,0.0001,41,287,0.4763359689552869,0.4563024441401164,3.273317741625237,0.00905463412215599,3.264777906013258,15,26,False,False,False
EXP-T138,shadow,0,101,0.01,0.0001,42,294,0.48151339164802004,0.4561978379885356,3.273371609774503,0.0090084390595111,3.264777906013258,15,27,False,False,False
EXP-T138,shadow,0,101,0.01,0.0001,43,301,0.501438673053469,0.45943860212961835,3.271715106386127,0.008961267311259666,3.264777906013258,15,28,False,False,False
EXP-T138,shadow,0,101,0.01,0.0001,44,308,0.4991086231810706,0.4583319028218587,3.272277138449929,0.008913130516324731,3.264777906013258,15,29,False,False,False
EXP-T138,shadow,0,101,0.01,0.0001,45,315,0.48032103745000704,0.4603856106599172,3.2712372288559424,0.008864040551740157,3.264777906013258,15,30,False,True,False
EXP-T138,shadow,1,101,1e-05,1.0000000000000001e-07,1,7,0.48633960474814686,0.5454599559307098,3.4867446422576904,1e-05,3.4867446422576904,1,0,True,False,False
EXP-T138,shadow,1,101,1e-05,1.0000000000000001e-07,2,14,0.5748276497636523,0.5453194975852966,3.486715793609619,9.99938933078422e-06,3.486715793609619,2,0,True,False,False
EXP-T138,shadow,1,101,1e-05,1.0000000000000001e-07,3,21,0.5612243669373649,0.5473615229129791,3.4864938259124756,9.997557473810373e-06,3.4864938259124756,3,0,True,False,False
EXP-T138,shadow,1,101,1e-05,1.0000000000000001e-07,4,28,0.723416554076331,0.547954648733139,3.4861838817596436,9.994504881061752e-06,3.4861838817596436,4,0,True,False,False
EXP-T138,shadow,1,101,1e-05,1.0000000000000001e-07,5,35,0.7409273854323796,0.5487354099750519,3.4858272075653076,9.990232305719944e-06,3.4858272075653076,5,0,True,False,False
EXP-T138,shadow,1,101,1e-05,1.0000000000000001e-07,6,42,0.47911220433057417,0.5496973991394043,3.4855732917785645,9.984740801978984e-06,3.4855732917785645,6,0,True,False,False
EXP-T138,shadow,1,101,1e-05,1.0000000000000001e-07,7,49,0.48785145763914833,0.5503020882606506,3.485762119293213,9.978031724785247e-06,3.4855732917785645,6,1,False,False,False
EXP-T138,shadow,1,101,1e-05,1.0000000000000001e-07,8,56,0.4678760426385062,0.5501649379730225,3.485306978225708,9.97010672950314e-06,3.485306978225708,8,0,True,False,False
EXP-T138,shadow,1,101,1e-05,1.0000000000000001e-07,9,63,0.5649515518120357,0.5503457486629486,3.4856925010681152,9.960967771506666e-06,3.485306978225708,8,1,False,False,False
EXP-T138,shadow,1,101,1e-05,1.0000000000000001e-07,10,70,0.5080810593707221,0.5497755706310272,3.484487771987915,9.950617105696961e-06,3.484487771987915,10,0,True,False,False
EXP-T138,shadow,1,101,1e-05,1.0000000000000001e-07,11,77,0.49000350492341177,0.5494013428688049,3.484302282333374,9.939057285945933e-06,3.484302282333374,11,0,True,False,False
EXP-T138,shadow,1,101,1e-05,1.0000000000000001e-07,12,84,0.475990603012698,0.547859251499176,3.484191656112671,9.926291164466131e-06,3.484191656112671,12,0,True,False,False
EXP-T138,shadow,1,101,1e-05,1.0000000000000001e-07,13,91,0.5494608197893415,0.5475670397281647,3.4840054512023926,9.91232189110701e-06,3.4840054512023926,13,0,True,False,False
EXP-T138,shadow,1,101,1e-05,1.0000000000000001e-07,14,98,0.5456708158765521,0.5474118888378143,3.4839322566986084,9.897152912577742e-06,3.4839322566986084,14,0,True,False,False
EXP-T138,shadow,1,101,1e-05,1.0000000000000001e-07,15,105,0.5711380200726646,0.547248125076294,3.4838316440582275,9.8807879715968e-06,3.4838316440582275,15,0,True,False,False
EXP-T138,shadow,1,101,1e-05,1.0000000000000001e-07,16,112,0.5449608138629368,0.5467078685760498,3.4837048053741455,9.8632311059685e-06,3.4837048053741455,16,0,True,False,False
EXP-T138,shadow,1,101,1e-05,1.0000000000000001e-07,17,119,0.7185159921646118,0.5478683412075043,3.483348846435547,9.844486647586724e-06,3.483348846435547,17,0,True,False,False
EXP-T138,shadow,1,101,1e-05,1.0000000000000001e-07,18,126,0.4896412193775177,0.5479412972927094,3.4830522537231445,9.824559221366101e-06,3.4830522537231445,18,0,True,False,False
EXP-T138,shadow,1,101,1e-05,1.0000000000000001e-07,19,133,0.5003150148051125,0.5473619699478149,3.4826889038085938,9.803453744100868e-06,3.4826889038085938,19,0,True,False,False
EXP-T138,shadow,1,101,1e-05,1.0000000000000001e-07,20,140,0.47033210418054033,0.547803521156311,3.4824063777923584,9.781175423251734e-06,3.4824063777923584,20,0,True,False,False
EXP-T138,shadow,1,101,1e-05,1.0000000000000001e-07,21,147,0.5218462092535836,0.5480134189128876,3.4822685718536377,9.757729755661012e-06,3.4822685718536377,21,0,True,False,False
EXP-T138,shadow,1,101,1e-05,1.0000000000000001e-07,22,154,0.5404776675360543,0.5482974946498871,3.4821205139160156,9.73312252619635e-06,3.4821205139160156,22,0,True,False,False
EXP-T138,shadow,1,101,1e-05,1.0000000000000001e-07,23,161,0.5956813437598092,0.5475392639636993,3.481980323791504,9.707359806323418e-06,3.481980323791504,23,0,True,False,False
EXP-T138,shadow,1,101,1e-05,1.0000000000000001e-07,24,168,0.5372870649610247,0.5462926924228668,3.481856346130371,9.680447952607845e-06,3.481856346130371,24,0,True,False,False
EXP-T138,shadow,1,101,1e-05,1.0000000000000001e-07,25,175,0.4948049625594909,0.5449491143226624,3.4817333221435547,9.652393605146845e-06,3.4817333221435547,25,0,True,False,False
EXP-T138,shadow,1,101,1e-05,1.0000000000000001e-07,26,182,0.577461417232241,0.5440787672996521,3.481506109237671,9.62320368593087e-06,3.481506109237671,26,0,True,False,False
EXP-T138,shadow,1,101,1e-05,1.0000000000000001e-07,27,189,0.5859153355870929,0.5437858700752258,3.4813485145568848,9.592885397135707e-06,3.4813485145568848,27,0,True,False,False
EXP-T138,shadow,1,101,1e-05,1.0000000000000001e-07,28,196,0.48021318444183897,0.5437867939472198,3.481199264526367,9.561446219345455e-06,3.481199264526367,28,0,True,False,False
EXP-T138,shadow,1,101,1e-05,1.0000000000000001e-07,29,203,0.4818080833980015,0.5441658794879913,3.480910301208496,9.528893909706798e-06,3.480910301208496,29,0,True,False,False
EXP-T138,shadow,1,101,1e-05,1.0000000000000001e-07,30,210,0.6076511868408748,0.5437707304954529,3.480621576309204,9.495236500015048e-06,3.480621576309204,30,0,True,False,False
EXP-T138,shadow,1,101,1e-05,1.0000000000000001e-07,31,217,0.4860214512529118,0.542961984872818,3.480351686477661,9.460482294732422e-06,3.480351686477661,31,0,True,False,False
EXP-T138,shadow,1,101,1e-05,1.0000000000000001e-07,32,224,0.5200658866337368,0.542317271232605,3.4801790714263916,9.424639868939035e-06,3.4801790714263916,32,0,True,False,False
EXP-T138,shadow,1,101,1e-05,1.0000000000000001e-07,33,231,0.6011453568935394,0.5432110130786896,3.4798595905303955,9.387718066217125e-06,3.4798595905303955,33,0,True,False,False
EXP-T138,shadow,1,101,1e-05,1.0000000000000001e-07,34,238,0.47625463402697016,0.5433029532432556,3.479555130004883,9.349725996469047e-06,3.479555130004883,34,0,True,False,False
EXP-T138,shadow,1,101,1e-05,1.0000000000000001e-07,35,245,0.5163478468145642,0.5442090034484863,3.4792673587799072,9.310673033669522e-06,3.4792673587799072,35,0,True,False,False
EXP-T138,shadow,1,101,1e-05,1.0000000000000001e-07,36,252,0.7069203427859715,0.5445234775543213,3.4791290760040283,9.270568813552757e-06,3.4791290760040283,36,0,True,False,False
EXP-T138,shadow,1,101,1e-05,1.0000000000000001e-07,37,259,0.6292096206120082,0.5438298881053925,3.4791202545166016,9.229423231234975e-06,3.4791202545166016,37,0,True,False,False
EXP-T138,shadow,1,101,1e-05,1.0000000000000001e-07,38,266,0.6653592543942588,0.5430347323417664,3.47904896736145,9.18724643877294e-06,3.47904896736145,38,0,True,False,False
EXP-T138,shadow,1,101,1e-05,1.0000000000000001e-07,39,273,0.5461171610014779,0.5439598560333252,3.478672981262207,9.144048842659081e-06,3.478672981262207,39,0,True,False,False
EXP-T138,shadow,1,101,1e-05,1.0000000000000001e-07,40,280,0.4915999567934445,0.54475536942482,3.4784600734710693,9.099841101253867e-06,3.4784600734710693,40,0,True,False,False
EXP-T138,shadow,1,101,1e-05,1.0000000000000001e-07,41,287,0.7119025034563882,0.5449694097042084,3.478257417678833,9.054634122155991e-06,3.478257417678833,41,0,True,False,False
EXP-T138,shadow,1,101,1e-05,1.0000000000000001e-07,42,294,0.4846272649509566,0.5446385145187378,3.478074789047241,9.0084390595111e-06,3.478074789047241,42,0,True,False,False
EXP-T138,shadow,1,101,1e-05,1.0000000000000001e-07,43,301,0.4891830139926502,0.5453203320503235,3.477735757827759,8.961267311259668e-06,3.477735757827759,43,0,True,False,False
EXP-T138,shadow,1,101,1e-05,1.0000000000000001e-07,44,308,0.4907991077218737,0.5462450683116913,3.477527141571045,8.913130516324733e-06,3.477527141571045,44,0,True,False,False
EXP-T138,shadow,1,101,1e-05,1.0000000000000001e-07,45,315,0.48702866584062576,0.5474673211574554,3.4773058891296387,8.864040551740158e-06,3.4773058891296387,45,0,True,False,False
EXP-T138,shadow,1,101,1e-05,1.0000000000000001e-07,46,322,0.57917292203222,0.548217386007309,3.4775326251983643,8.814009529720155e-06,3.4773058891296387,45,1,False,False,False
EXP-T138,shadow,1,101,1e-05,1.0000000000000001e-07,47,329,0.5629414107118335,0.5485378205776215,3.4781103134155273,8.763049794670776e-06,3.4773058891296387,45,2,False,False,False
EXP-T138,shadow,1,101,1e-05,1.0000000000000001e-07,48,336,0.5279788502625057,0.5479810833930969,3.47688364982605,8.711173920144118e-06,3.47688364982605,48,0,True,False,False
EXP-T138,shadow,1,101,1e-05,1.0000000000000001e-07,49,343,0.5134544542857579,0.5493128001689911,3.479597806930542,8.658394705735988e-06,3.47688364982605,48,1,False,False,False
EXP-T138,shadow,1,101,1e-05,1.0000000000000001e-07,50,350,0.4841521850654057,0.5483070909976959,3.4774746894836426,8.604725173927786e-06,3.47688364982605,48,2,False,False,False
EXP-T138,shadow,1,101,1e-05,1.0000000000000001e-07,51,357,0.554895669221878,0.5483607649803162,3.477471351623535,8.550178566873412e-06,3.47688364982605,48,3,False,False,False
EXP-T138,shadow,1,101,1e-05,1.0000000000000001e-07,52,364,0.4927264414727688,0.5471336841583252,3.4761569499969482,8.494768343131955e-06,3.4761569499969482,52,0,True,False,False
EXP-T138,shadow,1,101,1e-05,1.0000000000000001e-07,53,371,0.5720251968928746,0.5453912019729614,3.476060628890991,8.43850817434701e-06,3.476060628890991,53,0,True,False,False
EXP-T138,shadow,1,101,1e-05,1.0000000000000001e-07,54,378,0.7113542514187949,0.5458300411701202,3.475783109664917,8.381411941873379e-06,3.475783109664917,54,0,True,False,False
EXP-T138,shadow,1,101,1e-05,1.0000000000000001e-07,55,385,0.5000880062580109,0.5457645952701569,3.4754486083984375,8.323493733352078e-06,3.4754486083984375,55,0,True,False,False
EXP-T138,shadow,1,101,1e-05,1.0000000000000001e-07,56,392,0.6284336532865252,0.5453646183013916,3.475215435028076,8.26476783923441e-06,3.475215435028076,56,0,True,False,False
EXP-T138,shadow,1,101,1e-05,1.0000000000000001e-07,57,399,0.49520003529531614,0.5445590019226074,3.4750895500183105,8.205248749256014e-06,3.4750895500183105,57,0,True,False,False
EXP-T138,shadow,1,101,1e-05,1.0000000000000001e-07,58,406,0.47833972940342,0.5433241724967957,3.474915027618408,8.144951148861743e-06,3.474915027618408,58,0,True,False,False
EXP-T138,shadow,1,101,1e-05,1.0000000000000001e-07,59,413,0.5034647967134204,0.543392151594162,3.47467303276062,8.083889915582235e-06,3.47467303276062,59,0,True,False,False
EXP-T138,shadow,1,101,1e-05,1.0000000000000001e-07,60,420,0.7171737721988133,0.5430260896682739,3.4744279384613037,8.022080115363127e-06,3.4744279384613037,60,0,True,False,False
EXP-T138,shadow,1,101,1e-05,1.0000000000000001e-07,61,427,0.7106505164078304,0.5420050621032715,3.474382162094116,7.959536998847744e-06,3.474382162094116,61,0,True,False,False
EXP-T138,shadow,1,101,1e-05,1.0000000000000001e-07,62,434,0.743683180638722,0.5417881608009338,3.4741628170013428,7.89627599761423e-06,3.4741628170013428,62,0,True,False,False
EXP-T138,shadow,1,101,1e-05,1.0000000000000001e-07,63,441,0.5382680552346366,0.5413740277290344,3.4741005897521973,7.832312720368048e-06,3.4741005897521973,63,0,True,False,False
EXP-T138,shadow,1,101,1e-05,1.0000000000000001e-07,64,448,0.6098444759845734,0.5406907796859741,3.4740653038024902,7.767662949090754e-06,3.4740653038024902,64,0,True,False,False
EXP-T138,shadow,1,101,1e-05,1.0000000000000001e-07,65,455,0.4636135899594852,0.540244996547699,3.4740049839019775,7.702342635146033e-06,3.4740049839019775,65,0,True,False,False
EXP-T138,shadow,1,101,1e-05,1.0000000000000001e-07,66,462,0.5702869934695107,0.5403557121753693,3.4738144874572754,7.636367895343947e-06,3.4738144874572754,66,0,True,False,False
EXP-T138,shadow,1,101,1e-05,1.0000000000000001e-07,67,469,0.5459696395056588,0.5412053167819977,3.4736106395721436,7.5697550079643376e-06,3.4736106395721436,67,0,True,False,False
EXP-T138,shadow,1,101,1e-05,1.0000000000000001e-07,68,476,0.5257205026490348,0.5416468679904938,3.4733619689941406,7.502520408740418e-06,3.4733619689941406,68,0,True,False,False
EXP-T138,shadow,1,101,1e-05,1.0000000000000001e-07,69,483,0.8596457285540444,0.5422431826591492,3.473187208175659,7.43468068680349e-06,3.473187208175659,69,0,True,False,False
EXP-T138,shadow,1,101,1e-05,1.0000000000000001e-07,70,490,0.564592067684446,0.5422920882701874,3.472902774810791,7.366252580589839e-06,3.472902774810791,70,0,True,False,False
EXP-T138,shadow,1,101,1e-05,1.0000000000000001e-07,71,497,0.5261298290320805,0.5423958897590637,3.4727373123168945,7.297252973710756e-06,3.4727373123168945,71,0,True,False,False
EXP-T138,shadow,1,101,1e-05,1.0000000000000001e-07,72,504,0.4894996242863791,0.5417821705341339,3.4726998805999756,7.227698890786779e-06,3.4726998805999756,72,0,True,False,False
EXP-T138,shadow,1,101,1e-05,1.0000000000000001e-07,73,511,0.6136875195162637,0.5414888858795166,3.4726057052612305,7.15760749324711e-06,3.4726057052612305,73,0,True,False,False
EXP-T138,shadow,1,101,1e-05,1.0000000000000001e-07,74,518,0.8111092490809304,0.5415134429931641,3.4724600315093994,7.086996075095289e-06,3.4724600315093994,74,0,True,False,False
EXP-T138,shadow,1,101,1e-05,1.0000000000000001e-07,75,525,0.8102365774767739,0.5411297380924225,3.472268581390381,7.015882058642164e-06,3.472268581390381,75,0,True,False,False
EXP-T138,shadow,1,101,1e-05,1.0000000000000001e-07,76,532,0.47784800614629475,0.54075026512146,3.4721086025238037,6.9442829902071945e-06,3.4721086025238037,76,0,True,False,False
EXP-T138,shadow,1,101,1e-05,1.0000000000000001e-07,77,539,0.5113165591444288,0.5404829382896423,3.4720263481140137,6.8722165357891564e-06,3.4720263481140137,77,0,True,False,False
EXP-T138,shadow,1,101,1e-05,1.0000000000000001e-07,78,546,0.46843082384605494,0.5405002236366272,3.4719812870025635,6.799700476707323e-06,3.4719812870025635,78,0,True,False,False
EXP-T138,shadow,1,101,1e-05,1.0000000000000001e-07,79,553,0.4921602393899645,0.540789932012558,3.4718456268310547,6.726752705214193e-06,3.4718456268310547,79,0,True,False,False
EXP-T138,shadow,1,101,1e-05,1.0000000000000001e-07,80,560,0.5235578417778015,0.5408774018287659,3.4717841148376465,6.65339122008084e-06,3.4717841148376465,80,0,True,False,False
EXP-T138,shadow,1,101,1e-05,1.0000000000000001e-07,81,567,0.6634646483830043,0.5403716862201691,3.4716556072235107,6.57963412215599e-06,3.4716556072235107,81,0,True,False,False
EXP-T138,shadow,1,101,1e-05,1.0000000000000001e-07,82,574,0.5020359456539154,0.5400520861148834,3.471564769744873,6.505499609899905e-06,3.471564769744873,82,0,True,False,False
EXP-T138,shadow,1,101,1e-05,1.0000000000000001e-07,83,581,0.4967492265360696,0.539623498916626,3.4714906215667725,6.431005974894185e-06,3.4714906215667725,83,0,True,False,False
EXP-T138,shadow,1,101,1e-05,1.0000000000000001e-07,84,588,0.5974113302571433,0.5395273864269257,3.471355676651001,6.356171597328595e-06,3.471355676651001,84,0,True,False,False
EXP-T138,shadow,1,101,1e-05,1.0000000000000001e-07,85,595,0.4954612675522055,0.5395556390285492,3.471224546432495,6.28101494146603e-06,3.471224546432495,85,0,True,False,False
EXP-T138,shadow,1,101,1e-05,1.0000000000000001e-07,86,602,0.5880677444594247,0.5392857193946838,3.471120595932007,6.205554551086732e-06,3.471120595932007,86,0,True,False,False
EXP-T138,shadow,1,101,1e-05,1.0000000000000001e-07,87,609,0.4947405361703464,0.5391384959220886,3.4710891246795654,6.129809044912887e-06,3.4710891246795654,87,0,True,False,False
EXP-T138,shadow,1,101,1e-05,1.0000000000000001e-07,88,616,0.5155065144811358,0.5389834642410278,3.4709911346435547,6.053797112014738e-06,3.4709911346435547,88,0,True,False,False
EXP-T138,shadow,1,101,1e-05,1.0000000000000001e-07,89,623,0.5287800899573735,0.5387219786643982,3.4709410667419434,5.977537507199338e-06,3.4709410667419434,89,0,True,False,False
EXP-T138,shadow,1,101,1e-05,1.0000000000000001e-07,90,630,0.6187868118286133,0.5387648046016693,3.4708364009857178,5.901049046383077e-06,3.4708364009857178,90,0,True,False,False
EXP-T138,shadow,1,101,1e-05,1.0000000000000001e-07,91,637,0.4943681391222136,0.5391331315040588,3.470602512359619,5.824350601949143e-06,3.470602512359619,91,0,True,False,False
EXP-T138,shadow,1,101,1e-05,1.0000000000000001e-07,92,644,0.5606898537703923,0.5397381782531738,3.470459222793579,5.7474610980910354e-06,3.470459222793579,92,0,True,False,False
EXP-T138,shadow,1,101,1e-05,1.0000000000000001e-07,93,651,0.48572314637047903,0.5401138365268707,3.470344066619873,5.6703995061433075e-06,3.470344066619873,93,0,True,False,False
EXP-T138,shadow,1,101,1e-05,1.0000000000000001e-07,94,658,0.7411331364086696,0.539936363697052,3.470320224761963,5.5931848399006745e-06,3.470320224761963,94,0,True,False,False
EXP-T138,shadow,1,101,1e-05,1.0000000000000001e-07,95,665,0.5347973193441119,0.5404913425445557,3.470194101333618,5.515836150926646e-06,3.470194101333618,95,0,True,False,False
EXP-T138,shadow,1,101,1e-05,1.0000000000000001e-07,96,672,0.5639381536415645,0.540962427854538,3.4700307846069336,5.438372523852833e-06,3.4700307846069336,96,0,True,False,False
EXP-T138,shadow,1,101,1e-05,1.0000000000000001e-07,97,679,0.607788873570306,0.5413151681423187,3.4698288440704346,5.360813071670101e-06,3.4698288440704346,97,0,True,False,False
EXP-T138,shadow,1,101,1e-05,1.0000000000000001e-07,98,686,0.6078889412539346,0.5418134331703186,3.4696459770202637,5.283176931012731e-06,3.4696459770202637,98,0,True,False,False
EXP-T138,shadow,1,101,1e-05,1.0000000000000001e-07,99,693,0.6205871786390033,0.542301207780838,3.4694302082061768,5.205483257436735e-06,3.4694302082061768,99,0,True,False,False
EXP-T138,shadow,1,101,1e-05,1.0000000000000001e-07,100,700,0.45905159121113165,0.5425877571105957,3.469193935394287,5.127751220693512e-06,3.469193935394287,100,0,True,False,False
EXP-T138,shadow,1,101,1e-05,1.0000000000000001e-07,101,707,0.4924602785280773,0.5428756773471832,3.4690842628479004,5.05e-06,3.4690842628479004,101,0,True,False,False
EXP-T138,shadow,1,101,1e-05,1.0000000000000001e-07,102,714,0.6578231070722852,0.5431002974510193,3.4689619541168213,4.972248779306488e-06,3.4689619541168213,102,0,True,False,False
EXP-T138,shadow,1,101,1e-05,1.0000000000000001e-07,103,721,0.48575181354369434,0.5435422360897064,3.468813180923462,4.8945167425632645e-06,3.468813180923462,103,0,True,False,False
EXP-T138,shadow,1,101,1e-05,1.0000000000000001e-07,104,728,0.4833952433296612,0.5434131622314453,3.468623161315918,4.816823068987269e-06,3.468623161315918,104,0,True,False,False
EXP-T138,shadow,1,101,1e-05,1.0000000000000001e-07,105,735,0.47932290259216515,0.5431524515151978,3.4685451984405518,4.7391869283298985e-06,3.4685451984405518,105,0,True,False,False
EXP-T138,shadow,1,101,1e-05,1.0000000000000001e-07,106,742,0.528524820293699,0.5432839393615723,3.468472719192505,4.661627476147168e-06,3.468472719192505,106,0,True,False,False
EXP-T138,shadow,1,101,1e-05,1.0000000000000001e-07,107,749,0.5119701113019671,0.5430732071399689,3.4684245586395264,4.584163849073354e-06,3.4684245586395264,107,0,True,False,False
EXP-T138,shadow,1,101,1e-05,1.0000000000000001e-07,108,756,0.5027653723955154,0.5428131520748138,3.468310594558716,4.506815160099326e-06,3.468310594558716,108,0,True,False,False
EXP-T138,shadow,1,101,1e-05,1.0000000000000001e-07,109,763,0.5365925260952541,0.5432130694389343,3.4681591987609863,4.429600493856694e-06,3.4681591987609863,109,0,True,False,False
EXP-T138,shadow,1,101,1e-05,1.0000000000000001e-07,110,770,0.5411885465894427,0.5435498654842377,3.467975378036499,4.352538901908967e-06,3.467975378036499,110,0,True,False,False
EXP-T138,shadow,1,101,1e-05,1.0000000000000001e-07,111,777,0.5407905961785998,0.5432264506816864,3.4678568840026855,4.275649398050858e-06,3.4678568840026855,111,0,True,False,False
EXP-T138,shadow,1,101,1e-05,1.0000000000000001e-07,112,784,0.5249900945595333,0.5432722568511963,3.4677393436431885,4.198950953616922e-06,3.4677393436431885,112,0,True,False,False
EXP-T138,shadow,1,101,1e-05,1.0000000000000001e-07,113,791,0.48192381645951954,0.5433396399021149,3.467637300491333,4.122462492800663e-06,3.467637300491333,113,0,True,False,False
EXP-T138,shadow,1,101,1e-05,1.0000000000000001e-07,114,798,0.5012069738336972,0.5434000492095947,3.4675066471099854,4.046202887985263e-06,3.4675066471099854,114,0,True,False,False
EXP-T138,shadow,1,101,1e-05,1.0000000000000001e-07,115,805,0.6608795991965702,0.5433518290519714,3.4673409461975098,3.970190955087116e-06,3.4673409461975098,115,0,True,False,False
EXP-T138,shadow,1,101,1e-05,1.0000000000000001e-07,116,812,0.6034183204174042,0.5432110130786896,3.467190980911255,3.894445448913268e-06,3.467190980911255,116,0,True,False,False
EXP-T138,shadow,1,101,1e-05,1.0000000000000001e-07,117,819,0.5698246700423104,0.5428612232208252,3.4671199321746826,3.818985058533969e-06,3.4671199321746826,117,0,True,False,False
EXP-T138,shadow,1,101,1e-05,1.0000000000000001e-07,118,826,0.4864685439637729,0.5427229702472687,3.466980457305908,3.7438284026714044e-06,3.466980457305908,118,0,True,False,False
EXP-T138,shadow,1,101,1e-05,1.0000000000000001e-07,119,833,0.66544851234981,0.542621523141861,3.4669225215911865,3.6689940251058153e-06,3.4669225215911865,119,0,True,False,False
EXP-T138,shadow,1,101,1e-05,1.0000000000000001e-07,120,840,0.5031064706189292,0.5422732830047607,3.4668028354644775,3.594500390100096e-06,3.4668028354644775,120,0,True,False,False
EXP-T138,shadow,1,101,1e-05,1.0000000000000001e-07,121,847,0.48515500341142925,0.542172908782959,3.4667415618896484,3.5203658778440116e-06,3.4667415618896484,121,0,True,False,False
EXP-T138,shadow,1,101,1e-05,1.0000000000000001e-07,122,854,0.46419209614396095,0.5417335033416748,3.4666290283203125,3.4466087799191603e-06,3.4666290283203125,122,0,True,False,False
EXP-T138,shadow,1,101,1e-05,1.0000000000000001e-07,123,861,0.47711565127870664,0.5415277481079102,3.466557025909424,3.3732472947858077e-06,3.466557025909424,123,0,True,False,False
EXP-T138,shadow,1,101,1e-05,1.0000000000000001e-07,124,868,0.5166448269571576,0.541284441947937,3.4665298461914062,3.300299523292678e-06,3.4665298461914062,124,0,True,False,False
EXP-T138,shadow,1,101,1e-05,1.0000000000000001e-07,125,875,0.4712280585247624,0.5412071645259857,3.466520071029663,3.227783464210845e-06,3.466520071029663,125,0,True,False,False
EXP-T138,shadow,1,101,1e-05,1.0000000000000001e-07,126,882,0.504625569496836,0.5412122905254364,3.4664578437805176,3.155717009792807e-06,3.4664578437805176,126,0,True,False,False
EXP-T138,shadow,1,101,1e-05,1.0000000000000001e-07,127,889,0.4753281360028844,0.5412774682044983,3.4663400650024414,3.0841179413578354e-06,3.4663400650024414,127,0,True,False,False
EXP-T138,shadow,1,101,1e-05,1.0000000000000001e-07,128,896,0.482903814209359,0.5413703620433807,3.4662108421325684,3.0130039249047117e-06,3.4662108421325684,128,0,True,False,False
EXP-T138,shadow,1,101,1e-05,1.0000000000000001e-07,129,903,0.4609054502631937,0.5413455367088318,3.4661223888397217,2.9423925067528904e-06,3.4661223888397217,129,0,True,False,False
EXP-T138,shadow,1,101,1e-05,1.0000000000000001e-07,130,910,0.6973139856542859,0.5415706634521484,3.466022253036499,2.87230110921322e-06,3.466022253036499,130,0,True,False,False
EXP-T138,shadow,1,101,1e-05,1.0000000000000001e-07,131,917,0.4644250453649355,0.5415908098220825,3.465923547744751,2.8027470262892435e-06,3.465923547744751,131,0,True,False,False
EXP-T138,shadow,1,101,1e-05,1.0000000000000001e-07,132,924,0.5963159586702075,0.5418676733970642,3.465832233428955,2.7337474194101625e-06,3.465832233428955,132,0,True,False,False
EXP-T138,shadow,1,101,1e-05,1.0000000000000001e-07,133,931,0.49772406050137113,0.54209965467453,3.4657866954803467,2.6653193131965085e-06,3.4657866954803467,133,0,True,False,False
EXP-T138,shadow,1,101,1e-05,1.0000000000000001e-07,134,938,0.5155822166374752,0.5423316955566406,3.4657249450683594,2.5974795912595824e-06,3.4657249450683594,134,0,True,False,False
EXP-T138,shadow,1,101,1e-05,1.0000000000000001e-07,135,945,0.5951929262706211,0.542833685874939,3.465595006942749,2.530244992035662e-06,3.465595006942749,135,0,True,False,False
EXP-T138,shadow,1,101,1e-05,1.0000000000000001e-07,136,952,0.48193118368674603,0.5428576171398163,3.465487241744995,2.4636321046560533e-06,3.465487241744995,136,0,True,False,False
EXP-T138,shadow,1,101,1e-05,1.0000000000000001e-07,137,959,0.49450634845665525,0.5429269671440125,3.4654314517974854,2.3976573648539653e-06,3.4654314517974854,137,0,True,False,False
EXP-T138,shadow,1,101,1e-05,1.0000000000000001e-07,138,966,0.5375455405030932,0.5427956283092499,3.4653890132904053,2.332337050909247e-06,3.4653890132904053,138,0,True,False,False
EXP-T138,shadow,1,101,1e-05,1.0000000000000001e-07,139,973,0.6786418344293322,0.542462170124054,3.4653079509735107,2.267687279631953e-06,3.4653079509735107,139,0,True,False,False
EXP-T138,shadow,1,101,1e-05,1.0000000000000001e-07,140,980,0.735121910061155,0.5422964692115784,3.465231418609619,2.2037240023857708e-06,3.465231418609619,140,0,True,False,False
EXP-T138,shadow,1,101,1e-05,1.0000000000000001e-07,141,987,0.4662422963551113,0.5422757863998413,3.4651310443878174,2.1404630011522584e-06,3.4651310443878174,141,0,True,False,False
EXP-T138,shadow,1,101,1e-05,1.0000000000000001e-07,142,994,0.6400576617036547,0.5423099100589752,3.4650497436523438,2.0779198846368745e-06,3.4650497436523438,142,0,True,False,False
EXP-T138,shadow,1,101,1e-05,1.0000000000000001e-07,143,1001,0.486106383481196,0.5424337089061737,3.4649574756622314,2.0161100844177658e-06,3.4649574756622314,143,0,True,False,False
EXP-T138,shadow,1,101,1e-05,1.0000000000000001e-07,144,1008,0.7503662279673985,0.5425046384334564,3.4649014472961426,1.9550488511382593e-06,3.4649014472961426,144,0,True,False,False
EXP-T138,shadow,1,101,1e-05,1.0000000000000001e-07,145,1015,0.46446697041392326,0.5424451231956482,3.4648334980010986,1.894751250743986e-06,3.4648334980010986,145,0,True,False,False
EXP-T138,shadow,1,101,1e-05,1.0000000000000001e-07,146,1022,0.5093225070408413,0.5423568487167358,3.4647774696350098,1.8352321607655916e-06,3.4647774696350098,146,0,True,False,False
EXP-T138,shadow,1,101,1e-05,1.0000000000000001e-07,147,1029,0.4719235318646367,0.5422917604446411,3.4647324085235596,1.7765062666479242e-06,3.4647324085235596,147,0,True,False,False
EXP-T138,shadow,1,101,1e-05,1.0000000000000001e-07,148,1036,0.4709360265572156,0.5421030521392822,3.4646668434143066,1.7185880581266217e-06,3.4646668434143066,148,0,True,False,False
EXP-T138,shadow,1,101,1e-05,1.0000000000000001e-07,149,1043,0.5236591739313943,0.5421512424945831,3.464608669281006,1.6614918256529908e-06,3.464608669281006,149,0,True,False,False
EXP-T138,shadow,1,101,1e-05,1.0000000000000001e-07,150,1050,0.5472524762153625,0.5423020422458649,3.464538335800171,1.6052316568680442e-06,3.464538335800171,150,0,True,False,False
EXP-T138,shadow,1,101,1e-05,1.0000000000000001e-07,151,1057,0.46064255067280363,0.5425139367580414,3.4644718170166016,1.5498214331265902e-06,3.4644718170166016,151,0,True,False,False
EXP-T138,shadow,1,101,1e-05,1.0000000000000001e-07,152,1064,0.5055144684655326,0.5427049994468689,3.464395046234131,1.495274826072216e-06,3.464395046234131,152,0,True,False,False
EXP-T138,shadow,1,101,1e-05,1.0000000000000001e-07,153,1071,0.4834208126579012,0.5428763329982758,3.464332103729248,1.441605294264014e-06,3.464332103729248,153,0,True,False,False
EXP-T138,shadow,1,101,1e-05,1.0000000000000001e-07,154,1078,0.49330851648535046,0.5428142547607422,3.464280843734741,1.3888260798558817e-06,3.464280843734741,154,0,True,False,False
EXP-T138,shadow,1,101,1e-05,1.0000000000000001e-07,155,1085,0.5898305135113853,0.5429587066173553,3.4642016887664795,1.3369502053292252e-06,3.4642016887664795,155,0,True,False,False
EXP-T138,shadow,1,101,1e-05,1.0000000000000001e-07,156,1092,0.4647403226367065,0.5429196059703827,3.4641451835632324,1.285990470279847e-06,3.4641451835632324,156,0,True,False,False
EXP-T138,shadow,1,101,1e-05,1.0000000000000001e-07,157,1099,0.45910134272915976,0.5428263247013092,3.4640979766845703,1.2359594482598438e-06,3.4640979766845703,157,0,True,False,False
EXP-T138,shadow,1,101,1e-05,1.0000000000000001e-07,158,1106,0.471801742828185,0.542819082736969,3.4640486240386963,1.1868694836752686e-06,3.4640486240386963,158,0,True,False,False
EXP-T138,shadow,1,101,1e-05,1.0000000000000001e-07,159,1113,0.49120726755687166,0.5427729189395905,3.464015245437622,1.1387326887403326e-06,3.464015245437622,159,0,True,False,False
EXP-T138,shadow,1,101,1e-05,1.0000000000000001e-07,160,1120,0.7080610309328351,0.5427338778972626,3.463977813720703,1.0915609404889017e-06,3.463977813720703,160,0,True,False,False
EXP-T138,shadow,1,101,1e-05,1.0000000000000001e-07,161,1127,0.4749998053801911,0.5426270067691803,3.4639503955841064,1.0453658778440107e-06,3.4639503955841064,161,0,True,False,False
EXP-T138,shadow,1,101,1e-05,1.0000000000000001e-07,162,1134,0.5182794417653765,0.5426477193832397,3.4639103412628174,1.0001588987461348e-06,3.4639103412628174,162,0,True,False,False
EXP-T138,shadow,1,101,1e-05,1.0000000000000001e-07,163,1141,0.5137112949575696,0.5426540970802307,3.463883638381958,9.559511573409195e-07,3.463883638381958,163,0,True,False,False
EXP-T138,shadow,1,101,1e-05,1.0000000000000001e-07,164,1148,0.5414200552872249,0.5425938367843628,3.463876724243164,9.127535612270632e-07,3.463876724243164,164,0,True,False,False
EXP-T138,shadow,1,101,1e-05,1.0000000000000001e-07,165,1155,0.48298419852341923,0.5425578653812408,3.4638495445251465,8.705767687650265e-07,3.4638495445251465,165,0,True,False,False
EXP-T138,shadow,1,101,1e-05,1.0000000000000001e-07,166,1162,0.5291494641985212,0.5425277948379517,3.463826894760132,8.294311864472448e-07,3.463826894760132,166,0,True,False,False
EXP-T138,shadow,1,101,1e-05,1.0000000000000001e-07,167,1169,0.5309471275125232,0.5425263345241547,3.4638113975524902,7.893269663304784e-07,3.4638113975524902,167,0,True,False,False
EXP-T138,shadow,1,101,1e-05,1.0000000000000001e-07,168,1176,0.5295336501938956,0.5424754023551941,3.4638004302978516,7.50274003530953e-07,3.4638004302978516,168,0,True,False,False
EXP-T138,shadow,1,101,1e-05,1.0000000000000001e-07,169,1183,0.49797421055180685,0.5424866676330566,3.4637882709503174,7.122819337828752e-07,3.4637882709503174,169,0,True,False,False
EXP-T138,shadow,1,101,1e-05,1.0000000000000001e-07,170,1190,0.48271448271615164,0.5424639880657196,3.4637768268585205,6.753601310609673e-07,3.4637768268585205,170,0,True,False,False
EXP-T138,shadow,1,101,1e-05,1.0000000000000001e-07,171,1197,0.4748782739043236,0.5425140559673309,3.4637527465820312,6.395177052675794e-07,3.4637527465820312,171,0,True,False,False
EXP-T138,shadow,1,101,1e-05,1.0000000000000001e-07,172,1204,0.5688438968999046,0.542510598897934,3.4637293815612793,6.047634999849531e-07,3.4637293815612793,172,0,True,False,False
EXP-T138,shadow,1,101,1e-05,1.0000000000000001e-07,173,1211,0.48162987189633505,0.5424985885620117,3.4637157917022705,5.711060902932043e-07,3.4637157917022705,173,0,True,False,False
EXP-T138,shadow,1,101,1e-05,1.0000000000000001e-07,174,1218,0.5194592646190098,0.5424631237983704,3.463707447052002,5.385537806545469e-07,3.463707447052002,174,0,True,False,False
EXP-T138,shadow,1,101,1e-05,1.0000000000000001e-07,175,1225,0.662100327866418,0.5424098372459412,3.4637088775634766,5.071146028642944e-07,3.463707447052002,174,1,False,False,False
EXP-T138,shadow,1,101,1e-05,1.0000000000000001e-07,176,1232,0.5571435987949371,0.5424199998378754,3.4636998176574707,4.7679631406913176e-07,3.4636998176574707,176,0,True,False,False
EXP-T138,shadow,1,101,1e-05,1.0000000000000001e-07,177,1239,0.4955348585333143,0.5424453020095825,3.463693857192993,4.4760639485315585e-07,3.463693857192993,177,0,True,False,False
EXP-T138,shadow,1,101,1e-05,1.0000000000000001e-07,178,1246,0.5078228690794536,0.5424599051475525,3.4636776447296143,4.195520473921565e-07,3.4636776447296143,178,0,True,False,False
EXP-T138,shadow,1,101,1e-05,1.0000000000000001e-07,179,1253,0.46868547637547764,0.5425103604793549,3.4636669158935547,3.92640193676584e-07,3.4636669158935547,179,0,True,False,False
EXP-T138,shadow,1,101,1e-05,1.0000000000000001e-07,180,1260,0.6962686393942151,0.5425446629524231,3.46366024017334,3.668774738036508e-07,3.46366024017334,180,0,True,False,False
EXP-T138,shadow,1,101,1e-05,1.0000000000000001e-07,181,1267,0.47983174258843064,0.5425468385219574,3.463646411895752,3.4227024433899004e-07,3.463646411895752,181,0,True,False,False
EXP-T138,shadow,1,101,1e-05,1.0000000000000001e-07,182,1274,0.5622779918568475,0.5425562858581543,3.4636318683624268,3.188245767482659e-07,3.4636318683624268,182,0,True,False,False
EXP-T138,shadow,1,101,1e-05,1.0000000000000001e-07,183,1281,0.4729290684419019,0.5425396859645844,3.463625192642212,2.9654625589913237e-07,3.463625192642212,183,0,True,False,False
EXP-T138,shadow,1,101,1e-05,1.0000000000000001e-07,184,1288,0.49933487602642607,0.5425230264663696,3.4636192321777344,2.754407786339001e-07,3.4636192321777344,184,0,True,False,False
EXP-T138,shadow,1,101,1e-05,1.0000000000000001e-07,185,1295,0.508584548320089,0.5425045192241669,3.4636125564575195,2.555133524132767e-07,3.4636125564575195,185,0,True,False,False
EXP-T138,shadow,1,101,1e-05,1.0000000000000001e-07,186,1302,0.5060144598994937,0.5425096154212952,3.4636075496673584,2.3676889403150103e-07,3.4636075496673584,186,0,True,False,False
EXP-T138,shadow,1,101,1e-05,1.0000000000000001e-07,187,1309,0.6083750256470272,0.5425037145614624,3.4636008739471436,2.1921202840320077e-07,3.4636008739471436,187,0,True,False,False
EXP-T138,shadow,1,101,1e-05,1.0000000000000001e-07,188,1316,0.49687405143465313,0.5424860715866089,3.4635963439941406,2.0284708742225901e-07,3.4635963439941406,188,0,True,False,False
EXP-T138,shadow,1,101,1e-05,1.0000000000000001e-07,189,1323,0.5016715271132333,0.5424801707267761,3.4635908603668213,1.8767810889299085e-07,3.4635908603668213,189,0,True,False,False
EXP-T138,shadow,1,101,1e-05,1.0000000000000001e-07,190,1330,0.6865086129733494,0.5424910187721252,3.463578701019287,1.7370883553386935e-07,3.463578701019287,190,0,True,False,False
EXP-T138,shadow,1,101,1e-05,1.0000000000000001e-07,191,1337,0.48542515241674017,0.5424810349941254,3.463571548461914,1.609427140540686e-07,3.463571548461914,191,0,True,False,False
EXP-T138,shadow,1,101,1e-05,1.0000000000000001e-07,192,1344,0.47163605232656536,0.5424714684486389,3.4635658264160156,1.493828943030402e-07,3.4635658264160156,192,0,True,False,False
EXP-T138,shadow,1,101,1e-05,1.0000000000000001e-07,193,1351,0.47603294040475574,0.5424491763114929,3.4635608196258545,1.3903222849333507e-07,3.4635608196258545,193,0,True,False,False
EXP-T138,shadow,1,101,1e-05,1.0000000000000001e-07,194,1358,0.4768473915755749,0.5424366891384125,3.4635558128356934,1.2989327049686101e-07,3.4635558128356934,194,0,True,False,False
EXP-T138,shadow,1,101,1e-05,1.0000000000000001e-07,195,1365,0.5357251167297363,0.5424266457557678,3.4635543823242188,1.2196827521475402e-07,3.4635543823242188,195,0,True,False,False
EXP-T138,shadow,1,101,1e-05,1.0000000000000001e-07,196,1372,0.5914264661925179,0.5424304902553558,3.463550090789795,1.1525919802101659e-07,3.463550090789795,196,0,True,False,False
EXP-T138,shadow,1,101,1e-05,1.0000000000000001e-07,197,1379,0.5451822323458535,0.5424323081970215,3.463548183441162,1.097676942800558e-07,3.463548183441162,197,0,True,False,False
EXP-T138,shadow,1,101,1e-05,1.0000000000000001e-07,198,1386,0.48211796395480633,0.5424481630325317,3.463543176651001,1.0549511893824898e-07,3.463543176651001,198,0,True,False,False
EXP-T138,shadow,1,101,1e-05,1.0000000000000001e-07,199,1393,0.5909647643566132,0.5424606502056122,3.463538646697998,1.0244252618962859e-07,3.463538646697998,199,0,True,False,False
EXP-T138,shadow,1,101,1e-05,1.0000000000000001e-07,200,1400,0.5707321677889142,0.5424595177173615,3.4635369777679443,1.006106692157801e-07,3.4635369777679443,200,0,True,False,False
EXP-T138,shadow,1,101,0.0001,1.0000000000000002e-06,1,7,0.5383670798369816,0.5459745824337006,3.488074541091919,0.0001,3.488074541091919,1,0,True,False,False
EXP-T138,shadow,1,101,0.0001,1.0000000000000002e-06,2,14,0.5645331527505603,0.5431601405143738,3.489076852798462,9.99938933078422e-05,3.488074541091919,1,1,False,False,False
EXP-T138,shadow,1,101,0.0001,1.0000000000000002e-06,3,21,0.5036607895578656,0.5540491044521332,3.501856803894043,9.997557473810373e-05,3.488074541091919,1,2,False,False,False
EXP-T138,shadow,1,101,0.0001,1.0000000000000002e-06,4,28,0.7117125817707607,0.5529879629611969,3.496826648712158,9.994504881061753e-05,3.488074541091919,1,3,False,False,False
EXP-T138,shadow,1,101,0.0001,1.0000000000000002e-06,5,35,0.7140035671847207,0.5587444305419922,3.515934467315674,9.990232305719945e-05,3.488074541091919,1,4,False,False,False
EXP-T138,shadow,1,101,0.0001,1.0000000000000002e-06,6,42,0.48876730276554425,0.5594118237495422,3.516803741455078,9.984740801978984e-05,3.488074541091919,1,5,False,False,False
EXP-T138,shadow,1,101,0.0001,1.0000000000000002e-06,7,49,0.4721808639088912,0.5460570454597473,3.4757659435272217,9.978031724785247e-05,3.4757659435272217,7,0,True,False,False
EXP-T138,shadow,1,101,0.0001,1.0000000000000002e-06,8,56,0.46739728269832476,0.5418916642665863,3.471487045288086,9.97010672950314e-05,3.471487045288086,8,0,True,False,False
EXP-T138,shadow,1,101,0.0001,1.0000000000000002e-06,9,63,0.5690407795565469,0.5446571409702301,3.4695546627044678,9.960967771506667e-05,3.4695546627044678,9,0,True,False,False
EXP-T138,shadow,1,101,0.0001,1.0000000000000002e-06,10,70,0.514040789433888,0.5421526730060577,3.466474771499634,9.95061710569696e-05,3.466474771499634,10,0,True,False,False
EXP-T138,shadow,1,101,0.0001,1.0000000000000002e-06,11,77,0.5289438707487923,0.5488384664058685,3.473118305206299,9.939057285945933e-05,3.466474771499634,10,1,False,False,False
EXP-T138,shadow,1,101,0.0001,1.0000000000000002e-06,12,84,0.5028143157916409,0.5408634841442108,3.4603002071380615,9.926291164466132e-05,3.4603002071380615,12,0,True,False,False
EXP-T138,shadow,1,101,0.0001,1.0000000000000002e-06,13,91,0.5582436493464878,0.5459742844104767,3.4632391929626465,9.91232189110701e-05,3.4603002071380615,12,1,False,False,False
EXP-T138,shadow,1,101,0.0001,1.0000000000000002e-06,14,98,0.5743293421609061,0.5417109429836273,3.4557666778564453,9.897152912577741e-05,3.4557666778564453,14,0,True,False,False
EXP-T138,shadow,1,101,0.0001,1.0000000000000002e-06,15,105,0.5737615440573011,0.5391475856304169,3.4523799419403076,9.8807879715968e-05,3.4523799419403076,15,0,True,False,False
EXP-T138,shadow,1,101,0.0001,1.0000000000000002e-06,16,112,0.5279976683003562,0.5394927859306335,3.450456380844116,9.8632311059685e-05,3.450456380844116,16,0,True,False,False
EXP-T138,shadow,1,101,0.0001,1.0000000000000002e-06,17,119,0.6926772424152919,0.5495143234729767,3.467555522918701,9.844486647586725e-05,3.450456380844116,16,1,False,False,False
EXP-T138,shadow,1,101,0.0001,1.0000000000000002e-06,18,126,0.48249966757638113,0.5368235111236572,3.44380521774292,9.824559221366101e-05,3.44380521774292,18,0,True,False,False
EXP-T138,shadow,1,101,0.0001,1.0000000000000002e-06,19,133,0.4793046712875366,0.5318975150585175,3.4457929134368896,9.803453744100869e-05,3.44380521774292,18,1,False,False,False
EXP-T138,shadow,1,101,0.0001,1.0000000000000002e-06,20,140,0.4738060503399798,0.5361243188381195,3.431180715560913,9.781175423251735e-05,3.431180715560913,20,0,True,False,False
EXP-T138,shadow,1,101,0.0001,1.0000000000000002e-06,21,147,0.47824715822935104,0.5360123813152313,3.4285404682159424,9.757729755661011e-05,3.4285404682159424,21,0,True,False,False
EXP-T138,shadow,1,101,0.0001,1.0000000000000002e-06,22,154,0.532057238476617,0.5438412129878998,3.4434502124786377,9.73312252619635e-05,3.4285404682159424,21,1,False,False,False
EXP-T138,shadow,1,101,0.0001,1.0000000000000002e-06,23,161,0.5593014742646899,0.5339636206626892,3.420544147491455,9.707359806323417e-05,3.420544147491455,23,0,True,False,False
EXP-T138,shadow,1,101,0.0001,1.0000000000000002e-06,24,168,0.5020291379519871,0.5278475880622864,3.416698694229126,9.680447952607845e-05,3.416698694229126,24,0,True,False,False
EXP-T138,shadow,1,101,0.0001,1.0000000000000002e-06,25,175,0.48605911965881077,0.5260341465473175,3.417691469192505,9.652393605146844e-05,3.416698694229126,24,1,False,False,False
EXP-T138,shadow,1,101,0.0001,1.0000000000000002e-06,26,182,0.5637972972222737,0.5301098227500916,3.402033567428589,9.623203685930869e-05,3.402033567428589,26,0,True,False,False
EXP-T138,shadow,1,101,0.0001,1.0000000000000002e-06,27,189,0.6068375493798938,0.5287299752235413,3.394792079925537,9.592885397135707e-05,3.394792079925537,27,0,True,False,False
EXP-T138,shadow,1,101,0.0001,1.0000000000000002e-06,28,196,0.4466655525778021,0.5265403091907501,3.3843867778778076,9.561446219345454e-05,3.3843867778778076,28,0,True,False,False
EXP-T138,shadow,1,101,0.0001,1.0000000000000002e-06,29,203,0.4522079953125545,0.5205199420452118,3.3773043155670166,9.528893909706797e-05,3.3773043155670166,29,0,True,False,False
EXP-T138,shadow,1,101,0.0001,1.0000000000000002e-06,30,210,0.5689781648772103,0.5186697244644165,3.3771233558654785,9.495236500015047e-05,3.3771233558654785,30,0,True,False,False
EXP-T138,shadow,1,101,0.0001,1.0000000000000002e-06,31,217,0.4406401395265545,0.5176869332790375,3.3584609031677246,9.460482294732421e-05,3.3584609031677246,31,0,True,False,False
EXP-T138,shadow,1,101,0.0001,1.0000000000000002e-06,32,224,0.5270874159676688,0.5151114463806152,3.3846054077148438,9.424639868939033e-05,3.3584609031677246,31,1,False,False,False
EXP-T138,shadow,1,101,0.0001,1.0000000000000002e-06,33,231,0.5982663631439209,0.5277183055877686,3.3685333728790283,9.387718066217124e-05,3.3584609031677246,31,2,False,False,False
EXP-T138,shadow,1,101,0.0001,1.0000000000000002e-06,34,238,0.4481020692203726,0.5159055888652802,3.326965093612671,9.349725996469047e-05,3.326965093612671,34,0,True,False,False
EXP-T138,shadow,1,101,0.0001,1.0000000000000002e-06,35,245,0.5095329752990178,0.52443927526474,3.348548650741577,9.310673033669521e-05,3.326965093612671,34,1,False,False,False
EXP-T138,shadow,1,101,0.0001,1.0000000000000002e-06,36,252,0.6544447328363147,0.5053116679191589,3.284085512161255,9.270568813552756e-05,3.284085512161255,36,0,True,False,False
EXP-T138,shadow,1,101,0.0001,1.0000000000000002e-06,37,259,0.4816203841141292,0.49633605778217316,3.2658987045288086,9.229423231234974e-05,3.2658987045288086,37,0,True,False,False
EXP-T138,shadow,1,101,0.0001,1.0000000000000002e-06,38,266,0.6539845934935978,0.5124500095844269,3.293956995010376,9.187246438772939e-05,3.2658987045288086,37,1,False,False,False
EXP-T138,shadow,1,101,0.0001,1.0000000000000002e-06,39,273,0.44822875942502705,0.5379100441932678,3.4227051734924316,9.14404884265908e-05,3.2658987045288086,37,2,False,False,False
EXP-T138,shadow,1,101,0.0001,1.0000000000000002e-06,40,280,0.3965996227094105,0.48466062545776367,3.1848981380462646,9.099841101253866e-05,3.1848981380462646,40,0,True,False,False
EXP-T138,shadow,1,101,0.0001,1.0000000000000002e-06,41,287,0.5935226465974536,0.4822273403406143,3.167712926864624,9.05463412215599e-05,3.167712926864624,41,0,True,False,False
EXP-T138,shadow,1,101,0.0001,1.0000000000000002e-06,42,294,0.42629206911910195,0.4972424805164337,3.2363526821136475,9.0084390595111e-05,3.167712926864624,41,1,False,False,False
EXP-T138,shadow,1,101,0.0001,1.0000000000000002e-06,43,301,0.39989389904907774,0.5023306310176849,3.2626402378082275,8.961267311259666e-05,3.167712926864624,41,2,False,False,False
EXP-T138,shadow,1,101,0.0001,1.0000000000000002e-06,44,308,0.4890750391142709,0.4932371973991394,3.2166967391967773,8.913130516324733e-05,3.167712926864624,41,3,False,False,False
EXP-T138,shadow,1,101,0.0001,1.0000000000000002e-06,45,315,0.42419013753533363,0.4957733452320099,3.2286784648895264,8.864040551740158e-05,3.167712926864624,41,4,False,False,False
EXP-T138,shadow,1,101,0.0001,1.0000000000000002e-06,46,322,0.397782957979611,0.46610143780708313,3.060781955718994,8.814009529720155e-05,3.060781955718994,46,0,True,False,False
EXP-T138,shadow,1,101,0.0001,1.0000000000000002e-06,47,329,0.36854880017095376,0.4979172646999359,3.24470591545105,8.763049794670775e-05,3.060781955718994,46,1,False,False,False
EXP-T138,shadow,1,101,0.0001,1.0000000000000002e-06,48,336,0.4450513848236629,0.4734906852245331,3.101414442062378,8.711173920144117e-05,3.060781955718994,46,2,False,False,False
EXP-T138,shadow,1,101,0.0001,1.0000000000000002e-06,49,343,0.4202948212623596,0.5179265439510345,3.3870842456817627,8.658394705735987e-05,3.060781955718994,46,3,False,False,False
EXP-T138,shadow,1,101,0.0001,1.0000000000000002e-06,50,350,0.4060692254986082,0.4557832181453705,2.9823250770568848,8.604725173927785e-05,2.9823250770568848,50,0,True,False,False
EXP-T138,shadow,1,101,0.0001,1.0000000000000002e-06,51,357,0.4495058613164084,0.5344053208827972,3.49348783493042,8.55017856687341e-05,2.9823250770568848,50,1,False,False,False
EXP-T138,shadow,1,101,0.0001,1.0000000000000002e-06,52,364,0.3926030716725758,0.49399468302726746,3.232975482940674,8.494768343131955e-05,2.9823250770568848,50,2,False,False,False
EXP-T138,shadow,1,101,0.0001,1.0000000000000002e-06,53,371,0.5007678398064205,0.4593581557273865,3.0587661266326904,8.438508174347009e-05,2.9823250770568848,50,3,False,False,False
EXP-T138,shadow,1,101,0.0001,1.0000000000000002e-06,54,378,0.534811088017055,0.4887364059686661,3.213934898376465,8.381411941873378e-05,2.9823250770568848,50,4,False,False,False
EXP-T138,shadow,1,101,0.0001,1.0000000000000002e-06,55,385,0.4274457607950483,0.45374631881713867,3.024393320083618,8.323493733352077e-05,2.9823250770568848,50,5,False,False,False
EXP-T138,shadow,1,101,0.0001,1.0000000000000002e-06,56,392,0.451683304139546,0.49237579107284546,3.251615524291992,8.26476783923441e-05,2.9823250770568848,50,6,False,False,False
EXP-T138,shadow,1,101,0.0001,1.0000000000000002e-06,57,399,0.5019164766584124,0.47526323795318604,3.157027006149292,8.205248749256015e-05,2.9823250770568848,50,7,False,False,False
EXP-T138,shadow,1,101,0.0001,1.0000000000000002e-06,58,406,0.37176666299144145,0.4630098044872284,3.0841732025146484,8.144951148861742e-05,2.9823250770568848,50,8,False,False,False
EXP-T138,shadow,1,101,0.0001,1.0000000000000002e-06,59,413,0.340407628995698,0.4598087966442108,3.065019369125366,8.083889915582235e-05,2.9823250770568848,50,9,False,False,False
EXP-T138,shadow,1,101,0.0001,1.0000000000000002e-06,60,420,0.49521599071366446,0.44993023574352264,3.0134637355804443,8.022080115363127e-05,2.9823250770568848,50,10,False,False,False
EXP-T138,shadow,1,101,0.0001,1.0000000000000002e-06,61,427,0.4716095413480486,0.43982547521591187,2.918987512588501,7.959536998847744e-05,2.918987512588501,61,0,True,False,False
EXP-T138,shadow,1,101,0.0001,1.0000000000000002e-06,62,434,0.47437882849148344,0.4605454206466675,3.0861763954162598,7.89627599761423e-05,2.918987512588501,61,1,False,False,False
EXP-T138,shadow,1,101,0.0001,1.0000000000000002e-06,63,441,0.30478691150035175,0.45009562373161316,2.980006456375122,7.832312720368048e-05,2.918987512588501,61,2,False,False,False
EXP-T138,shadow,1,101,0.0001,1.0000000000000002e-06,64,448,0.3616240237440382,0.4561125338077545,3.00913405418396,7.767662949090753e-05,2.918987512588501,61,3,False,False,False
EXP-T138,shadow,1,101,0.0001,1.0000000000000002e-06,65,455,0.32297910324164797,0.5017881691455841,3.3108245134353638,7.702342635146033e-05,2.918987512588501,61,4,False,False,False
EXP-T138,shadow,1,101,0.0001,1.0000000000000002e-06,66,462,0.41643437317439486,0.4793696701526642,3.191624641418457,7.636367895343946e-05,2.918987512588501,61,5,False,False,False
EXP-T138,shadow,1,101,0.0001,1.0000000000000002e-06,67,469,0.3270263676074267,0.47829367220401764,3.1897706985473633,7.569755007964338e-05,2.918987512588501,61,6,False,False,False
EXP-T138,shadow,1,101,0.0001,1.0000000000000002e-06,68,476,0.3227342157957277,0.43861381709575653,2.9621469974517822,7.502520408740418e-05,2.918987512588501,61,7,False,False,False
EXP-T138,shadow,1,101,0.0001,1.0000000000000002e-06,69,483,0.42631770244666506,0.4654811918735504,3.123562812805176,7.43468068680349e-05,2.918987512588501,61,8,False,False,False
EXP-T138,shadow,1,101,0.0001,1.0000000000000002e-06,70,490,0.36476239562034607,0.4481813609600067,3.023954153060913,7.366252580589839e-05,2.918987512588501,61,9,False,False,False
EXP-T138,shadow,1,101,0.0001,1.0000000000000002e-06,71,497,0.31183537787624765,0.4320582151412964,2.930314064025879,7.297252973710757e-05,2.918987512588501,61,10,False,False,False
EXP-T138,shadow,1,101,0.0001,1.0000000000000002e-06,72,504,0.30978008785418104,0.456491082906723,3.094639539718628,7.22769889078678e-05,2.918987512588501,61,11,False,False,False
EXP-T138,shadow,1,101,0.0001,1.0000000000000002e-06,73,511,0.4397070237568447,0.44742514193058014,3.0379116535186768,7.15760749324711e-05,2.918987512588501,61,12,False,False,False
EXP-T138,shadow,1,101,0.0001,1.0000000000000002e-06,74,518,0.2728398820119245,0.4476282149553299,3.0350499153137207,7.086996075095289e-05,2.918987512588501,61,13,False,False,False
EXP-T138,shadow,1,101,0.0001,1.0000000000000002e-06,75,525,0.2888523137995175,0.4413580298423767,2.9730234146118164,7.015882058642164e-05,2.918987512588501,61,14,False,False,False
EXP-T138,shadow,1,101,0.0001,1.0000000000000002e-06,76,532,0.3815175550324576,0.4939679056406021,3.256803274154663,6.944282990207195e-05,2.918987512588501,61,15,False,False,False
EXP-T138,shadow,1,101,0.0001,1.0000000000000002e-06,77,539,0.35132889662470135,0.44001322984695435,2.9696236848831177,6.872216535789157e-05,2.918987512588501,61,16,False,False,False
EXP-T138,shadow,1,101,0.0001,1.0000000000000002e-06,78,546,0.29693590982684065,0.43203601241111755,2.9315292835235596,6.799700476707323e-05,2.918987512588501,61,17,False,False,False
EXP-T138,shadow,1,101,0.0001,1.0000000000000002e-06,79,553,0.2964236778872354,0.4696187973022461,3.129399538040161,6.726752705214194e-05,2.918987512588501,61,18,False,False,False
EXP-T138,shadow,1,101,0.0001,1.0000000000000002e-06,80,560,0.32127044243471964,0.45115847885608673,3.047709107398987,6.65339122008084e-05,2.918987512588501,61,19,False,False,False
EXP-T138,shadow,1,101,0.0001,1.0000000000000002e-06,81,567,0.46290552616119385,0.42156900465488434,2.8900458812713623,6.57963412215599e-05,2.8900458812713623,81,0,True,False,False
EXP-T138,shadow,1,101,0.0001,1.0000000000000002e-06,82,574,0.2589173380817686,0.46877986192703247,3.137455940246582,6.505499609899905e-05,2.8900458812713623,81,1,False,False,False
EXP-T138,shadow,1,101,0.0001,1.0000000000000002e-06,83,581,0.3250428768140929,0.45083072781562805,3.0516743659973145,6.431005974894185e-05,2.8900458812713623,81,2,False,False,False
EXP-T138,shadow,1,101,0.0001,1.0000000000000002e-06,84,588,0.2528958997489618,0.42994794249534607,2.9314801692962646,6.356171597328596e-05,2.8900458812713623,81,3,False,False,False
EXP-T138,shadow,1,101,0.0001,1.0000000000000002e-06,85,595,0.29651904984244276,0.4246666431427002,2.9006587266921997,6.281014941466031e-05,2.8900458812713623,81,4,False,False,False
EXP-T138,shadow,1,101,0.0001,1.0000000000000002e-06,86,602,0.2895276812570436,0.5199751257896423,3.4172950983047485,6.205554551086733e-05,2.8900458812713623,81,5,False,False,False
EXP-T138,shadow,1,101,0.0001,1.0000000000000002e-06,87,609,0.2912943022591727,0.4245466887950897,2.892257332801819,6.129809044912887e-05,2.8900458812713623,81,6,False,False,False
EXP-T138,shadow,1,101,0.0001,1.0000000000000002e-06,88,616,0.3608620379652296,0.4621555507183075,3.1153968572616577,6.053797112014738e-05,2.8900458812713623,81,7,False,False,False
EXP-T138,shadow,1,101,0.0001,1.0000000000000002e-06,89,623,0.26539945788681507,0.45906803011894226,3.0893086194992065,5.977537507199338e-05,2.8900458812713623,81,8,False,False,False
EXP-T138,shadow,1,101,0.0001,1.0000000000000002e-06,90,630,0.3394239459718977,0.4705517888069153,3.1472222805023193,5.901049046383077e-05,2.8900458812713623,81,9,False,False,False
EXP-T138,shadow,1,101,0.0001,1.0000000000000002e-06,91,637,0.31288386029856546,0.44666025042533875,2.999023914337158,5.8243506019491436e-05,2.8900458812713623,81,10,False,False,False
EXP-T138,shadow,1,101,0.0001,1.0000000000000002e-06,92,644,0.314319725547518,0.4373898208141327,2.927862524986267,5.7474610980910354e-05,2.8900458812713623,81,11,False,False,False
EXP-T138,shadow,1,101,0.0001,1.0000000000000002e-06,93,651,0.2770667863743646,0.4742458313703537,3.151405692100525,5.6703995061433075e-05,2.8900458812713623,81,12,False,False,False
EXP-T138,shadow,1,101,0.0001,1.0000000000000002e-06,94,658,0.4237962450299944,0.4613208472728729,3.0782936811447144,5.5931848399006745e-05,2.8900458812713623,81,13,False,False,False
EXP-T138,shadow,1,101,0.0001,1.0000000000000002e-06,95,665,0.33391243645123075,0.47212380170822144,3.1495819091796875,5.515836150926646e-05,2.8900458812713623,81,14,False,False,False
EXP-T138,shadow,1,101,0.0001,1.0000000000000002e-06,96,672,0.329963139125279,0.45498016476631165,3.041761636734009,5.438372523852833e-05,2.8900458812713623,81,15,False,False,False
EXP-T138,shadow,1,101,0.0001,1.0000000000000002e-06,97,679,0.28450112683432444,0.44528575241565704,2.9966330528259277,5.360813071670102e-05,2.8900458812713623,81,16,False,False,False
EXP-T138,shadow,1,101,0.0001,1.0000000000000002e-06,98,686,0.359005053128515,0.4584307372570038,3.078245997428894,5.283176931012731e-05,2.8900458812713623,81,17,False,False,False
EXP-T138,shadow,1,101,0.0001,1.0000000000000002e-06,99,693,0.24989314457135542,0.4558846652507782,3.0594115257263184,5.205483257436735e-05,2.8900458812713623,81,18,False,False,False
EXP-T138,shadow,1,101,0.0001,1.0000000000000002e-06,100,700,0.2517861319439752,0.5165090560913086,3.40741229057312,5.127751220693513e-05,2.8900458812713623,81,19,False,False,False
EXP-T138,shadow,1,101,0.0001,1.0000000000000002e-06,101,707,0.3009078651666641,0.4453403055667877,3.001922369003296,5.05e-05,2.8900458812713623,81,20,False,False,False
EXP-T138,shadow,1,101,0.0001,1.0000000000000002e-06,102,714,0.34808229548590525,0.41834883391857147,2.8813986778259277,4.972248779306489e-05,2.8813986778259277,102,0,True,False,False
EXP-T138,shadow,1,101,0.0001,1.0000000000000002e-06,103,721,0.27120758486645563,0.5148314982652664,3.3974828720092773,4.894516742563265e-05,2.8813986778259277,102,1,False,False,False
EXP-T138,shadow,1,101,0.0001,1.0000000000000002e-06,104,728,0.25256299044537756,0.46871867775917053,3.12151837348938,4.816823068987269e-05,2.8813986778259277,102,2,False,False,False
EXP-T138,shadow,1,101,0.0001,1.0000000000000002e-06,105,735,0.23373704935823167,0.43952786922454834,2.9740041494369507,4.739186928329899e-05,2.8813986778259277,102,3,False,False,False
EXP-T138,shadow,1,101,0.0001,1.0000000000000002e-06,106,742,0.2938929476908275,0.49568571150302887,3.2988985776901245,4.661627476147168e-05,2.8813986778259277,102,4,False,False,False
EXP-T138,shadow,1,101,0.0001,1.0000000000000002e-06,107,749,0.24375217527683293,0.467026948928833,3.111638903617859,4.584163849073354e-05,2.8813986778259277,102,5,False,False,False
EXP-T138,shadow,1,101,0.0001,1.0000000000000002e-06,108,756,0.25054991032396046,0.461906373500824,3.088106393814087,4.5068151600993264e-05,2.8813986778259277,102,6,False,False,False
EXP-T138,shadow,1,101,0.0001,1.0000000000000002e-06,109,763,0.26122971198388506,0.4902227222919464,3.257367253303528,4.429600493856695e-05,2.8813986778259277,102,7,False,False,False
EXP-T138,shadow,1,101,0.0001,1.0000000000000002e-06,110,770,0.24223191212929254,0.4532744586467743,3.0436906814575195,4.352538901908967e-05,2.8813986778259277,102,8,False,False,False
EXP-T138,shadow,1,101,0.0001,1.0000000000000002e-06,111,777,0.3048260999577386,0.4325096160173416,2.918179750442505,4.275649398050857e-05,2.8813986778259277,102,9,False,False,False
EXP-T138,shadow,1,101,0.0001,1.0000000000000002e-06,112,784,0.24168860699449266,0.4926152229309082,3.2750637531280518,4.198950953616922e-05,2.8813986778259277,102,10,False,False,False
EXP-T138,shadow,1,101,0.0001,1.0000000000000002e-06,113,791,0.23518288973718882,0.5057263970375061,3.3493590354919434,4.122462492800663e-05,2.8813986778259277,102,11,False,False,False
EXP-T138,shadow,1,101,0.0001,1.0000000000000002e-06,114,798,0.22709822441850389,0.468489408493042,3.141256809234619,4.046202887985264e-05,2.8813986778259277,102,12,False,False,False
EXP-T138,shadow,1,101,0.0001,1.0000000000000002e-06,115,805,0.2884167411497661,0.46886757016181946,3.1438047885894775,3.9701909550871155e-05,2.8813986778259277,102,13,False,False,False
EXP-T138,shadow,1,101,0.0001,1.0000000000000002e-06,116,812,0.22704134113155305,0.44509369134902954,2.9999988079071045,3.8944454489132674e-05,2.8813986778259277,102,14,False,False,False
EXP-T138,shadow,1,101,0.0001,1.0000000000000002e-06,117,819,0.23326719924807549,0.44364091753959656,2.9907256364822388,3.818985058533969e-05,2.8813986778259277,102,15,False,False,False
EXP-T138,shadow,1,101,0.0001,1.0000000000000002e-06,118,826,0.2356720194220543,0.45893271267414093,3.087727189064026,3.7438284026714043e-05,2.8813986778259277,102,16,False,False,False
EXP-T138,shadow,1,101,0.0001,1.0000000000000002e-06,119,833,0.3906956506626947,0.4505339562892914,3.0375969409942627,3.668994025105816e-05,2.8813986778259277,102,17,False,False,False
EXP-T138,shadow,1,101,0.0001,1.0000000000000002e-06,120,840,0.23025400062657095,0.45073676109313965,3.036117672920227,3.594500390100096e-05,2.8813986778259277,102,18,False,False,False
EXP-T138,shadow,1,101,0.0001,1.0000000000000002e-06,121,847,0.24948147790772573,0.46099853515625,3.100977063179016,3.520365877844012e-05,2.8813986778259277,102,19,False,False,False
EXP-T138,shadow,1,101,0.0001,1.0000000000000002e-06,122,854,0.23753599343555315,0.49593132734298706,3.2997530698776245,3.44660877991916e-05,2.8813986778259277,102,20,False,False,False
EXP-T138,shadow,1,101,0.0001,1.0000000000000002e-06,123,861,0.23631118770156587,0.5026379823684692,3.3356763124465942,3.373247294785808e-05,2.8813986778259277,102,21,False,False,False
EXP-T138,shadow,1,101,0.0001,1.0000000000000002e-06,124,868,0.23930487143141882,0.45405295491218567,3.0645692348480225,3.300299523292678e-05,2.8813986778259277,102,22,False,False,False
EXP-T138,shadow,1,101,0.0001,1.0000000000000002e-06,125,875,0.2774938632334982,0.4727516919374466,3.165556788444519,3.2277834642108455e-05,2.8813986778259277,102,23,False,False,False
EXP-T138,shadow,1,101,0.0001,1.0000000000000002e-06,126,882,0.28051104503018515,0.44192180037498474,2.998605489730835,3.155717009792807e-05,2.8813986778259277,102,24,False,False,False
EXP-T138,shadow,1,101,0.0001,1.0000000000000002e-06,127,889,0.3144800875868116,0.43405985832214355,2.9521851539611816,3.084117941357835e-05,2.8813986778259277,102,25,False,False,False
EXP-T138,shadow,1,101,0.0001,1.0000000000000002e-06,128,896,0.21992701877440726,0.4822697639465332,3.2123996019363403,3.013003924904712e-05,2.8813986778259277,102,26,False,False,False
EXP-T138,shadow,1,101,0.0001,1.0000000000000002e-06,129,903,0.21917401094521796,0.495747447013855,3.2787933349609375,2.9423925067528905e-05,2.8813986778259277,102,27,False,False,False
EXP-T138,shadow,1,101,0.0001,1.0000000000000002e-06,130,910,0.20912664084296143,0.45918941497802734,3.092379093170166,2.87230110921322e-05,2.8813986778259277,102,28,False,False,False
EXP-T138,shadow,1,101,0.0001,1.0000000000000002e-06,131,917,0.20466664153251,0.4349067807197571,2.9542880058288574,2.8027470262892437e-05,2.8813986778259277,102,29,False,False,False
EXP-T138,shadow,1,101,0.0001,1.0000000000000002e-06,132,924,0.2366579504949706,0.4560611695051193,3.072389841079712,2.7337474194101628e-05,2.8813986778259277,102,30,False,True,False
EXP-T138,shadow,1,101,0.001,1e-05,1,7,0.7609104748283114,0.5554585158824921,3.499911308288574,0.001,3.499911308288574,1,0,True,False,False
EXP-T138,shadow,1,101,0.001,1e-05,2,14,0.6027094892093113,0.6354816854000092,3.9566612243652344,0.000999938933078422,3.499911308288574,1,1,False,False,False
EXP-T138,shadow,1,101,0.001,1e-05,3,21,0.6196524500846863,0.5359943211078644,3.5020439624786377,0.0009997557473810372,3.499911308288574,1,2,False,False,False
EXP-T138,shadow,1,101,0.001,1e-05,4,28,0.7502765740667071,0.5673473477363586,3.539745569229126,0.0009994504881061753,3.499911308288574,1,3,False,False,False
EXP-T138,shadow,1,101,0.001,1e-05,5,35,0.668498980147498,0.5317316055297852,3.4142355918884277,0.0009990232305719944,3.4142355918884277,5,0,True,False,False
EXP-T138,shadow,1,101,0.001,1e-05,6,42,0.5118774537529264,0.5137869119644165,3.365084171295166,0.0009984740801978985,3.365084171295166,6,0,True,False,False
EXP-T138,shadow,1,101,0.001,1e-05,7,49,0.5039093249610492,0.5098141729831696,3.2921853065490723,0.0009978031724785245,3.2921853065490723,7,0,True,False,False
EXP-T138,shadow,1,101,0.001,1e-05,8,56,0.4437886495143175,0.5384133458137512,3.491405963897705,0.000997010672950314,3.2921853065490723,7,1,False,False,False
EXP-T138,shadow,1,101,0.001,1e-05,9,63,0.5807742433888572,0.45677879452705383,3.0049540996551514,0.0009960967771506667,3.0049540996551514,9,0,True,False,False
EXP-T138,shadow,1,101,0.001,1e-05,10,70,0.41791339231921093,0.5153975784778595,3.3791375160217285,0.000995061710569696,3.0049540996551514,9,1,False,False,False
EXP-T138,shadow,1,101,0.001,1e-05,11,77,0.49206223658152987,0.6138305366039276,3.921295404434204,0.0009939057285945933,3.0049540996551514,9,2,False,False,False
EXP-T138,shadow,1,101,0.001,1e-05,12,84,0.4628653696605137,0.5567113161087036,3.635058879852295,0.000992629116446613,3.0049540996551514,9,3,False,False,False
EXP-T138,shadow,1,101,0.001,1e-05,13,91,0.40301097610167097,0.675598531961441,4.2017552852630615,0.000991232189110701,3.0049540996551514,9,4,False,False,False
EXP-T138,shadow,1,101,0.001,1e-05,14,98,0.49459033246551243,0.5922491103410721,3.794296979904175,0.0009897152912577741,3.0049540996551514,9,5,False,False,False
EXP-T138,shadow,1,101,0.001,1e-05,15,105,0.49308592081069946,0.421107679605484,2.8570046424865723,0.00098807879715968,2.8570046424865723,15,0,True,False,False
EXP-T138,shadow,1,101,0.001,1e-05,16,112,0.3704902668084417,0.5441305935382843,3.5314866304397583,0.00098632311059685,2.8570046424865723,15,1,False,False,False
EXP-T138,shadow,1,101,0.001,1e-05,17,119,0.5354723674910409,0.4151429831981659,2.889009118080139,0.0009844486647586723,2.8570046424865723,15,2,False,False,False
EXP-T138,shadow,1,101,0.001,1e-05,18,126,0.4192184592996325,0.4135878086090088,2.8273916244506836,0.00098245592213661,2.8273916244506836,18,0,True,False,False
EXP-T138,shadow,1,101,0.001,1e-05,19,133,0.324288329907826,0.4400959312915802,2.9867581129074097,0.0009803453744100868,2.8273916244506836,18,1,False,False,False
EXP-T138,shadow,1,101,0.001,1e-05,20,140,0.2800487812076296,0.4394098222255707,3.006055474281311,0.0009781175423251734,2.8273916244506836,18,2,False,False,False
EXP-T138,shadow,1,101,0.001,1e-05,21,147,0.2979113310575485,0.5660486221313477,3.650313377380371,0.0009757729755661011,2.8273916244506836,18,3,False,False,False
EXP-T138,shadow,1,101,0.001,1e-05,22,154,0.30193514270441874,0.5108261704444885,3.4061119556427,0.0009733122526196349,2.8273916244506836,18,4,False,False,False
EXP-T138,shadow,1,101,0.001,1e-05,23,161,0.2608482635446957,0.5547930598258972,3.629578471183777,0.0009707359806323416,2.8273916244506836,18,5,False,False,False
EXP-T138,shadow,1,101,0.001,1e-05,24,168,0.1915330437976601,0.572532907128334,3.5811991691589355,0.0009680447952607845,2.8273916244506836,18,6,False,False,False
EXP-T138,shadow,1,101,0.001,1e-05,25,175,0.3859021074271628,0.6148906350135803,3.879010319709778,0.0009652393605146844,2.8273916244506836,18,7,False,False,False
EXP-T138,shadow,1,101,0.001,1e-05,26,182,0.24252549947206198,0.6411300301551819,3.9306163787841797,0.000962320368593087,2.8273916244506836,18,8,False,False,False
EXP-T138,shadow,1,101,0.001,1e-05,27,189,0.5060431105749947,0.7536787390708923,4.573980808258057,0.0009592885397135706,2.8273916244506836,18,9,False,False,False
EXP-T138,shadow,1,101,0.001,1e-05,28,196,0.24043439381888934,0.5083402693271637,3.3573551177978516,0.0009561446219345453,2.8273916244506836,18,10,False,False,False
EXP-T138,shadow,1,101,0.001,1e-05,29,203,0.18692232628485986,0.5370549112558365,3.3830841779708862,0.0009528893909706797,2.8273916244506836,18,11,False,False,False
EXP-T138,shadow,1,101,0.001,1e-05,30,210,0.3466802622590746,0.8129035234451294,4.847989082336426,0.0009495236500015047,2.8273916244506836,18,12,False,False,False
EXP-T138,shadow,1,101,0.001,1e-05,31,217,0.23895991377815204,0.45853446424007416,3.063469171524048,0.0009460482294732421,2.8273916244506836,18,13,False,False,False
EXP-T138,shadow,1,101,0.001,1e-05,32,224,0.18423949429000328,0.7841243743896484,4.71079957485199,0.0009424639868939033,2.8273916244506836,18,14,False,False,False
EXP-T138,shadow,1,101,0.001,1e-05,33,231,0.2546371455703463,0.47225260734558105,3.1750149726867676,0.0009387718066217125,2.8273916244506836,18,15,False,False,False
EXP-T138,shadow,1,101,0.001,1e-05,34,238,0.2616407380306295,0.6481846570968628,4.043219566345215,0.0009349725996469047,2.8273916244506836,18,16,False,False,False
EXP-T138,shadow,1,101,0.001,1e-05,35,245,0.24801032950303384,0.47456443309783936,3.151218295097351,0.0009310673033669522,2.8273916244506836,18,17,False,False,False
EXP-T138,shadow,1,101,0.001,1e-05,36,252,0.25329610598938807,0.7965962588787079,4.72454309463501,0.0009270568813552756,2.8273916244506836,18,18,False,False,False
EXP-T138,shadow,1,101,0.001,1e-05,37,259,0.27995328498738153,0.4592422842979431,3.0735872983932495,0.0009229423231234975,2.8273916244506836,18,19,False,False,False
EXP-T138,shadow,1,101,0.001,1e-05,38,266,0.24750081130436488,0.6539866328239441,4.073637127876282,0.0009187246438772938,2.8273916244506836,18,20,False,False,False
EXP-T138,shadow,1,101,0.001,1e-05,39,273,0.21821566884006774,0.5429195761680603,3.512829303741455,0.0009144048842659081,2.8273916244506836,18,21,False,False,False
EXP-T138,shadow,1,101,0.001,1e-05,40,280,0.20348253846168518,0.6987840831279755,4.308193802833557,0.0009099841101253866,2.8273916244506836,18,22,False,False,False
EXP-T138,shadow,1,101,0.001,1e-05,41,287,0.215634001152856,0.5244863331317902,3.2913146018981934,0.000905463412215599,2.8273916244506836,18,23,False,False,False
EXP-T138,shadow,1,101,0.001,1e-05,42,294,0.17823383744273866,0.5775259733200073,3.7545318603515625,0.0009008439059511099,2.8273916244506836,18,24,False,False,False
EXP-T138,shadow,1,101,0.001,1e-05,43,301,0.23134368232318334,0.4742954969406128,3.1037204265594482,0.0008961267311259666,2.8273916244506836,18,25,False,False,False
EXP-T138,shadow,1,101,0.001,1e-05,44,308,0.14666653577504413,0.666505366563797,4.1761497259140015,0.0008913130516324732,2.8273916244506836,18,26,False,False,False
EXP-T138,shadow,1,101,0.001,1e-05,45,315,0.17773676770074026,0.5247720927000046,3.416640281677246,0.0008864040551740157,2.8273916244506836,18,27,False,False,False
EXP-T138,shadow,1,101,0.001,1e-05,46,322,0.15838736947625875,0.5802039504051208,3.7617311477661133,0.0008814009529720154,2.8273916244506836,18,28,False,False,False
EXP-T138,shadow,1,101,0.001,1e-05,47,329,0.12856754607387952,0.5270181745290756,3.455596685409546,0.0008763049794670775,2.8273916244506836,18,29,False,False,False
EXP-T138,shadow,1,101,0.001,1e-05,48,336,0.14812297280877829,0.5832376480102539,3.767536163330078,0.0008711173920144117,2.8273916244506836,18,30,False,True,False
EXP-T138,shadow,1,101,0.01,0.0001,1,7,2.5788231790065765,5.65252423286438,27.356496214866638,0.01,27.356496214866638,1,0,True,False,False
EXP-T138,shadow,1,101,0.01,0.0001,2,14,3.6017686980111256,0.9844887256622314,5.610997676849365,0.00999938933078422,5.610997676849365,2,0,True,False,False
EXP-T138,shadow,1,101,0.01,0.0001,3,21,0.7978639480258737,0.5934186577796936,3.7429842948913574,0.009997557473810372,3.7429842948913574,3,0,True,False,False
EXP-T138,shadow,1,101,0.01,0.0001,4,28,0.7184534668922424,0.6140665709972382,3.827444076538086,0.009994504881061753,3.7429842948913574,3,1,False,False,False
EXP-T138,shadow,1,101,0.01,0.0001,5,35,0.7544238311903817,1.6488980054855347,8.768694877624512,0.009990232305719944,3.7429842948913574,3,2,False,False,False
EXP-T138,shadow,1,101,0.01,0.0001,6,42,1.6719799212047033,2.209214448928833,11.394949197769165,0.009984740801978984,3.7429842948913574,3,3,False,False,False
EXP-T138,shadow,1,101,0.01,0.0001,7,49,0.9276105208056313,0.5386386215686798,3.4868340492248535,0.009978031724785246,3.4868340492248535,7,0,True,False,False
EXP-T138,shadow,1,101,0.01,0.0001,8,56,0.4909063072076866,0.539801612496376,3.516880750656128,0.00997010672950314,3.4868340492248535,7,1,False,False,False
EXP-T138,shadow,1,101,0.01,0.0001,9,63,0.556546824319022,0.5390406847000122,3.4891629219055176,0.009960967771506667,3.4868340492248535,7,2,False,False,False
EXP-T138,shadow,1,101,0.01,0.0001,10,70,0.5335923092705863,0.5384596586227417,3.4954123497009277,0.00995061710569696,3.4868340492248535,7,3,False,False,False
EXP-T138,shadow,1,101,0.01,0.0001,11,77,0.4980752776776041,0.5390587151050568,3.4890198707580566,0.009939057285945933,3.4868340492248535,7,4,False,False,False
EXP-T138,shadow,1,101,0.01,0.0001,12,84,0.48763737614665714,0.539381742477417,3.4866981506347656,0.00992629116446613,3.4866981506347656,12,0,True,False,False
EXP-T138,shadow,1,101,0.01,0.0001,13,91,0.5564907320908138,0.6048791706562042,3.7975106239318848,0.00991232189110701,3.4866981506347656,12,1,False,False,False
EXP-T138,shadow,1,101,0.01,0.0001,14,98,0.6861166187695095,0.5406939387321472,3.484750270843506,0.00989715291257774,3.484750270843506,14,0,True,False,False
EXP-T138,shadow,1,101,0.01,0.0001,15,105,0.5700449602944511,0.5402427315711975,3.484375,0.0098807879715968,3.484375,15,0,True,False,False
EXP-T138,shadow,1,101,0.01,0.0001,16,112,0.5207931271621159,0.5413633584976196,3.484375,0.0098632311059685,3.484375,15,1,False,False,False
EXP-T138,shadow,1,101,0.01,0.0001,17,119,0.7391556033066341,0.5433445870876312,3.484375,0.009844486647586723,3.484375,15,2,False,False,False
EXP-T138,shadow,1,101,0.01,0.0001,18,126,0.47996997620378223,0.5430244207382202,3.484375,0.0098245592213661,3.484375,15,3,False,False,False
EXP-T138,shadow,1,101,0.01,0.0001,19,133,0.49162447665418896,0.5424008965492249,3.484375,0.009803453744100868,3.484375,15,4,False,False,False
EXP-T138,shadow,1,101,0.01,0.0001,20,140,0.4745854519839798,0.5434205532073975,3.484375,0.009781175423251734,3.484375,15,5,False,False,False
EXP-T138,shadow,1,101,0.01,0.0001,21,147,0.5020830035209656,0.5444981455802917,3.484375,0.009757729755661011,3.484375,15,6,False,False,False
EXP-T138,shadow,1,101,0.01,0.0001,22,154,0.549829785312925,0.5465836524963379,3.484375,0.009733122526196349,3.484375,15,7,False,False,False
EXP-T138,shadow,1,101,0.01,0.0001,23,161,0.5917723732335227,0.545545220375061,3.484375,0.009707359806323416,3.484375,15,8,False,False,False
EXP-T138,shadow,1,101,0.01,0.0001,24,168,0.5307757684162685,0.5434058010578156,3.484375,0.009680447952607845,3.484375,15,9,False,False,False
EXP-T138,shadow,1,101,0.01,0.0001,25,175,0.47486150743705885,0.5415653884410858,3.484375,0.009652393605146845,3.484375,15,10,False,False,False
EXP-T138,shadow,1,101,0.01,0.0001,26,182,0.5852014592715672,0.5410510301589966,3.484375,0.00962320368593087,3.484375,15,11,False,False,False
EXP-T138,shadow,1,101,0.01,0.0001,27,189,0.6122508687632424,0.540107399225235,3.484375,0.009592885397135707,3.484375,15,12,False,False,False
EXP-T138,shadow,1,101,0.01,0.0001,28,196,0.477442702544587,0.5393105745315552,3.4871768951416016,0.009561446219345454,3.484375,15,13,False,False,False
EXP-T138,shadow,1,101,0.01,0.0001,29,203,0.4851214130009924,0.5389380156993866,3.4900102615356445,0.009528893909706798,3.484375,15,14,False,False,False
EXP-T138,shadow,1,101,0.01,0.0001,30,210,0.6095921226910183,0.5387201607227325,3.4920654296875,0.009495236500015047,3.484375,15,15,False,False,False
EXP-T138,shadow,1,101,0.01,0.0001,31,217,0.4760617305125509,0.5385284423828125,3.4943671226501465,0.00946048229473242,3.484375,15,16,False,False,False
EXP-T138,shadow,1,101,0.01,0.0001,32,224,0.5031574198177883,0.5386021435260773,3.493401527404785,0.009424639868939034,3.484375,15,17,False,False,False
EXP-T138,shadow,1,101,0.01,0.0001,33,231,0.554206839629582,0.539370596408844,3.486772060394287,0.009387718066217124,3.484375,15,18,False,False,False
EXP-T138,shadow,1,101,0.01,0.0001,34,238,0.48676203936338425,0.539567232131958,3.4855198860168457,0.009349725996469048,3.484375,15,19,False,False,False
EXP-T138,shadow,1,101,0.01,0.0001,35,245,0.5120474440710885,0.5402982234954834,3.484375,0.00931067303366952,3.484375,15,20,False,False,False
EXP-T138,shadow,1,101,0.01,0.0001,36,252,0.7138272992202214,0.5401459634304047,3.484375,0.009270568813552756,3.484375,15,21,False,False,False
EXP-T138,shadow,1,101,0.01,0.0001,37,259,0.5823627582618168,0.5394569933414459,3.4862093925476074,0.009229423231234974,3.484375,15,22,False,False,False
EXP-T138,shadow,1,101,0.01,0.0001,38,266,0.7028187470776694,0.5389309823513031,3.4900708198547363,0.009187246438772938,3.484375,15,23,False,False,False
EXP-T138,shadow,1,101,0.01,0.0001,39,273,0.5555863167558398,0.5396144390106201,3.485233783721924,0.009144048842659082,3.484375,15,24,False,False,False
EXP-T138,shadow,1,101,0.01,0.0001,40,280,0.48447672703436445,0.5411957800388336,3.484375,0.009099841101253866,3.484375,15,25,False,False,False
EXP-T138,shadow,1,101,0.01,0.0001,41,287,0.6918948377881732,0.542946845293045,3.484375,0.00905463412215599,3.484375,15,26,False,False,False
EXP-T138,shadow,1,101,0.01,0.0001,42,294,0.4731898315783058,0.5448598265647888,3.484375,0.0090084390595111,3.484375,15,27,False,False,False
EXP-T138,shadow,1,101,0.01,0.0001,43,301,0.4753924863679068,0.5464364588260651,3.484375,0.008961267311259666,3.484375,15,28,False,False,False
EXP-T138,shadow,1,101,0.01,0.0001,44,308,0.4874918194753783,0.546826034784317,3.484375,0.008913130516324731,3.484375,15,29,False,False,False
EXP-T138,shadow,1,101,0.01,0.0001,45,315,0.47323014587163925,0.5477585196495056,3.484375,0.008864040551740157,3.484375,15,30,False,True,False
EXP-T138,shadow,2,101,1e-05,1.0000000000000001e-07,1,7,0.541176866207804,0.5895860493183136,3.504976511001587,1e-05,3.504976511001587,1,0,True,False,False
EXP-T138,shadow,2,101,1e-05,1.0000000000000001e-07,2,14,0.494714828474181,0.5893377661705017,3.5088930130004883,9.99938933078422e-06,3.504976511001587,1,1,False,False,False
EXP-T138,shadow,2,101,1e-05,1.0000000000000001e-07,3,21,0.5229354415621076,0.5892987847328186,3.5112874507904053,9.997557473810373e-06,3.504976511001587,1,2,False,False,False
EXP-T138,shadow,2,101,1e-05,1.0000000000000001e-07,4,28,0.6003862917423248,0.5892526507377625,3.5107061862945557,9.994504881061752e-06,3.504976511001587,1,3,False,False,False
EXP-T138,shadow,2,101,1e-05,1.0000000000000001e-07,5,35,0.4905933775007725,0.5892165005207062,3.5113229751586914,9.990232305719944e-06,3.504976511001587,1,4,False,False,False
EXP-T138,shadow,2,101,1e-05,1.0000000000000001e-07,6,42,0.5705693789890834,0.5892061591148376,3.5124752521514893,9.984740801978984e-06,3.504976511001587,1,5,False,False,False
EXP-T138,shadow,2,101,1e-05,1.0000000000000001e-07,7,49,0.5384860209056309,0.589116245508194,3.510592460632324,9.978031724785247e-06,3.504976511001587,1,6,False,False,False
EXP-T138,shadow,2,101,1e-05,1.0000000000000001e-07,8,56,0.501271807721683,0.589073657989502,3.510478973388672,9.97010672950314e-06,3.504976511001587,1,7,False,False,False
EXP-T138,shadow,2,101,1e-05,1.0000000000000001e-07,9,63,0.5329629225390298,0.5890297591686249,3.5070085525512695,9.960967771506666e-06,3.504976511001587,1,8,False,False,False
EXP-T138,shadow,2,101,1e-05,1.0000000000000001e-07,10,70,0.5240772366523743,0.5889622271060944,3.5088322162628174,9.950617105696961e-06,3.504976511001587,1,9,False,False,False
EXP-T138,shadow,2,101,1e-05,1.0000000000000001e-07,11,77,0.5731040856667927,0.5889268517494202,3.5081348419189453,9.939057285945933e-06,3.504976511001587,1,10,False,False,False
EXP-T138,shadow,2,101,1e-05,1.0000000000000001e-07,12,84,0.5462495003427777,0.5889014899730682,3.5067076683044434,9.926291164466131e-06,3.504976511001587,1,11,False,False,False
EXP-T138,shadow,2,101,1e-05,1.0000000000000001e-07,13,91,0.5328865264143262,0.588851660490036,3.5070767402648926,9.91232189110701e-06,3.504976511001587,1,12,False,False,False
EXP-T138,shadow,2,101,1e-05,1.0000000000000001e-07,14,98,0.6127653036798749,0.5888175070285797,3.5089190006256104,9.897152912577742e-06,3.504976511001587,1,13,False,False,False
EXP-T138,shadow,2,101,1e-05,1.0000000000000001e-07,15,105,0.5856176018714905,0.588827520608902,3.510676860809326,9.8807879715968e-06,3.504976511001587,1,14,False,False,False
EXP-T138,shadow,2,101,1e-05,1.0000000000000001e-07,16,112,0.552165802036013,0.5887841582298279,3.5106444358825684,9.8632311059685e-06,3.504976511001587,1,15,False,False,False
EXP-T138,shadow,2,101,1e-05,1.0000000000000001e-07,17,119,0.595560895545142,0.5887404978275299,3.510361671447754,9.844486647586724e-06,3.504976511001587,1,16,False,False,False
EXP-T138,shadow,2,101,1e-05,1.0000000000000001e-07,18,126,0.5878629173551287,0.5886324644088745,3.507504940032959,9.824559221366101e-06,3.504976511001587,1,17,False,False,False
EXP-T138,shadow,2,101,1e-05,1.0000000000000001e-07,19,133,0.5515636375972203,0.5886017084121704,3.5081255435943604,9.803453744100868e-06,3.504976511001587,1,18,False,False,False
EXP-T138,shadow,2,101,1e-05,1.0000000000000001e-07,20,140,0.5146972856351307,0.5885493159294128,3.5078022480010986,9.781175423251734e-06,3.504976511001587,1,19,False,False,False
EXP-T138,shadow,2,101,1e-05,1.0000000000000001e-07,21,147,0.5115760107125554,0.58852618932724,3.5083820819854736,9.757729755661012e-06,3.504976511001587,1,20,False,False,False
EXP-T138,shadow,2,101,1e-05,1.0000000000000001e-07,22,154,0.5268214749438422,0.5885095596313477,3.5087778568267822,9.73312252619635e-06,3.504976511001587,1,21,False,False,False
EXP-T138,shadow,2,101,1e-05,1.0000000000000001e-07,23,161,0.5339220549379077,0.5884271860122681,3.507205009460449,9.707359806323418e-06,3.504976511001587,1,22,False,False,False
EXP-T138,shadow,2,101,1e-05,1.0000000000000001e-07,24,168,0.5447351123605456,0.5884182751178741,3.5080184936523438,9.680447952607845e-06,3.504976511001587,1,23,False,False,False
EXP-T138,shadow,2,101,1e-05,1.0000000000000001e-07,25,175,0.5199740422623498,0.5884866118431091,3.510030746459961,9.652393605146845e-06,3.504976511001587,1,24,False,False,False
EXP-T138,shadow,2,101,1e-05,1.0000000000000001e-07,26,182,0.5540861870561328,0.5884425640106201,3.5098414421081543,9.62320368593087e-06,3.504976511001587,1,25,False,False,False
EXP-T138,shadow,2,101,1e-05,1.0000000000000001e-07,27,189,0.7004327646323613,0.5884882807731628,3.5108017921447754,9.592885397135707e-06,3.504976511001587,1,26,False,False,False
EXP-T138,shadow,2,101,1e-05,1.0000000000000001e-07,28,196,0.5198581346443721,0.5885667502880096,3.5119247436523438,9.561446219345455e-06,3.504976511001587,1,27,False,False,False
EXP-T138,shadow,2,101,1e-05,1.0000000000000001e-07,29,203,0.6371066612856728,0.5884093046188354,3.5103979110717773,9.528893909706798e-06,3.504976511001587,1,28,False,False,False
EXP-T138,shadow,2,101,1e-05,1.0000000000000001e-07,30,210,0.5454245720590863,0.588247537612915,3.5085442066192627,9.495236500015048e-06,3.504976511001587,1,29,False,False,False
EXP-T138,shadow,2,101,1e-05,1.0000000000000001e-07,31,217,0.6658798115594047,0.5880872309207916,3.506009578704834,9.460482294732422e-06,3.504976511001587,1,30,False,True,False
EXP-T138,shadow,2,101,0.0001,1.0000000000000002e-06,1,7,0.5427246221474239,0.596455454826355,3.5653958320617676,0.0001,3.5653958320617676,1,0,True,False,False
EXP-T138,shadow,2,101,0.0001,1.0000000000000002e-06,2,14,0.5069114321044513,0.6140751242637634,3.6485517024993896,9.99938933078422e-05,3.5653958320617676,1,1,False,False,False
EXP-T138,shadow,2,101,0.0001,1.0000000000000002e-06,3,21,0.5050233559949058,0.5884687900543213,3.5087766647338867,9.997557473810373e-05,3.5087766647338867,3,0,True,False,False
EXP-T138,shadow,2,101,0.0001,1.0000000000000002e-06,4,28,0.5832657856600625,0.5919357240200043,3.5069987773895264,9.994504881061753e-05,3.5069987773895264,4,0,True,False,False
EXP-T138,shadow,2,101,0.0001,1.0000000000000002e-06,5,35,0.4989307054451534,0.5876121819019318,3.495485782623291,9.990232305719945e-05,3.495485782623291,5,0,True,False,False
EXP-T138,shadow,2,101,0.0001,1.0000000000000002e-06,6,42,0.5757072567939758,0.5881311893463135,3.5107553005218506,9.984740801978984e-05,3.495485782623291,5,1,False,False,False
EXP-T138,shadow,2,101,0.0001,1.0000000000000002e-06,7,49,0.531399450131825,0.5868894755840302,3.499760150909424,9.978031724785247e-05,3.495485782623291,5,2,False,False,False
EXP-T138,shadow,2,101,0.0001,1.0000000000000002e-06,8,56,0.5121098522629056,0.586544930934906,3.495704412460327,9.97010672950314e-05,3.495485782623291,5,3,False,False,False
EXP-T138,shadow,2,101,0.0001,1.0000000000000002e-06,9,63,0.5519209418978009,0.5868964493274689,3.482914447784424,9.960967771506667e-05,3.482914447784424,9,0,True,False,False
EXP-T138,shadow,2,101,0.0001,1.0000000000000002e-06,10,70,0.5541797961507525,0.5871139466762543,3.5053577423095703,9.95061710569696e-05,3.482914447784424,9,1,False,False,False
EXP-T138,shadow,2,101,0.0001,1.0000000000000002e-06,11,77,0.5360726458685738,0.5852392613887787,3.488950252532959,9.939057285945933e-05,3.482914447784424,9,2,False,False,False
EXP-T138,shadow,2,101,0.0001,1.0000000000000002e-06,12,84,0.5461783196244921,0.5850048661231995,3.4797792434692383,9.926291164466132e-05,3.4797792434692383,12,0,True,False,False
EXP-T138,shadow,2,101,0.0001,1.0000000000000002e-06,13,91,0.5187557722840991,0.5860649645328522,3.5008575916290283,9.91232189110701e-05,3.4797792434692383,12,1,False,False,False
EXP-T138,shadow,2,101,0.0001,1.0000000000000002e-06,14,98,0.5958103580134255,0.5918431282043457,3.5486562252044678,9.897152912577741e-05,3.4797792434692383,12,2,False,False,False
EXP-T138,shadow,2,101,0.0001,1.0000000000000002e-06,15,105,0.5678251768861499,0.5894887447357178,3.5334742069244385,9.8807879715968e-05,3.4797792434692383,12,3,False,False,False
EXP-T138,shadow,2,101,0.0001,1.0000000000000002e-06,16,112,0.5306269313607898,0.5839672386646271,3.488030195236206,9.8632311059685e-05,3.4797792434692383,12,4,False,False,False
EXP-T138,shadow,2,101,0.0001,1.0000000000000002e-06,17,119,0.5914570561477116,0.5825648009777069,3.4709115028381348,9.844486647586725e-05,3.4709115028381348,17,0,True,False,False
EXP-T138,shadow,2,101,0.0001,1.0000000000000002e-06,18,126,0.6038327174527305,0.5863239467144012,3.466519832611084,9.824559221366101e-05,3.466519832611084,18,0,True,False,False
EXP-T138,shadow,2,101,0.0001,1.0000000000000002e-06,19,133,0.5398859892572675,0.5817470252513885,3.473346710205078,9.803453744100869e-05,3.466519832611084,18,1,False,False,False
EXP-T138,shadow,2,101,0.0001,1.0000000000000002e-06,20,140,0.5078557868088994,0.5820459723472595,3.4840104579925537,9.781175423251735e-05,3.466519832611084,18,2,False,False,False
EXP-T138,shadow,2,101,0.0001,1.0000000000000002e-06,21,147,0.5156409942678043,0.5841962695121765,3.503631830215454,9.757729755661011e-05,3.466519832611084,18,3,False,False,False
EXP-T138,shadow,2,101,0.0001,1.0000000000000002e-06,22,154,0.5406453566891807,0.5860429406166077,3.5204379558563232,9.73312252619635e-05,3.466519832611084,18,4,False,False,False
EXP-T138,shadow,2,101,0.0001,1.0000000000000002e-06,23,161,0.5451748541423252,0.5797303915023804,3.460554361343384,9.707359806323417e-05,3.460554361343384,23,0,True,False,False
EXP-T138,shadow,2,101,0.0001,1.0000000000000002e-06,24,168,0.515651890209743,0.5792660117149353,3.4441041946411133,9.680447952607845e-05,3.4441041946411133,24,0,True,False,False
EXP-T138,shadow,2,101,0.0001,1.0000000000000002e-06,25,175,0.5173543563910893,0.5785243213176727,3.458399772644043,9.652393605146844e-05,3.4441041946411133,24,1,False,False,False
EXP-T138,shadow,2,101,0.0001,1.0000000000000002e-06,26,182,0.5167146112237658,0.5786610543727875,3.46952748298645,9.623203685930869e-05,3.4441041946411133,24,2,False,False,False
EXP-T138,shadow,2,101,0.0001,1.0000000000000002e-06,27,189,0.6715434576783862,0.5806410908699036,3.4887466430664062,9.592885397135707e-05,3.4441041946411133,24,3,False,False,False
EXP-T138,shadow,2,101,0.0001,1.0000000000000002e-06,28,196,0.49771153713975635,0.578468382358551,3.4750239849090576,9.561446219345454e-05,3.4441041946411133,24,4,False,False,False
EXP-T138,shadow,2,101,0.0001,1.0000000000000002e-06,29,203,0.6212475214685712,0.5762248635292053,3.406428098678589,9.528893909706797e-05,3.406428098678589,29,0,True,False,False
EXP-T138,shadow,2,101,0.0001,1.0000000000000002e-06,30,210,0.5540488915784019,0.5754907131195068,3.401073694229126,9.495236500015047e-05,3.401073694229126,30,0,True,False,False
EXP-T138,shadow,2,101,0.0001,1.0000000000000002e-06,31,217,0.6159263593809945,0.5731278657913208,3.4235012531280518,9.460482294732421e-05,3.401073694229126,30,1,False,False,False
EXP-T138,shadow,2,101,0.0001,1.0000000000000002e-06,32,224,0.5338125399180821,0.5796552002429962,3.5038349628448486,9.424639868939033e-05,3.401073694229126,30,2,False,False,False
EXP-T138,shadow,2,101,0.0001,1.0000000000000002e-06,33,231,0.4983083350317819,0.5759973227977753,3.4755496978759766,9.387718066217124e-05,3.401073694229126,30,3,False,False,False
EXP-T138,shadow,2,101,0.0001,1.0000000000000002e-06,34,238,0.6500239840575627,0.5719662308692932,3.428007125854492,9.349725996469047e-05,3.401073694229126,30,4,False,False,False
EXP-T138,shadow,2,101,0.0001,1.0000000000000002e-06,35,245,0.537206551858357,0.5746495127677917,3.4730091094970703,9.310673033669521e-05,3.401073694229126,30,5,False,False,False
EXP-T138,shadow,2,101,0.0001,1.0000000000000002e-06,36,252,0.4752902771745409,0.5939270257949829,3.616795539855957,9.270568813552756e-05,3.401073694229126,30,6,False,False,False
EXP-T138,shadow,2,101,0.0001,1.0000000000000002e-06,37,259,0.5124034242970603,0.5758694708347321,3.4939756393432617,9.229423231234974e-05,3.401073694229126,30,7,False,False,False
EXP-T138,shadow,2,101,0.0001,1.0000000000000002e-06,38,266,0.47238244116306305,0.5734958946704865,3.4780631065368652,9.187246438772939e-05,3.401073694229126,30,8,False,False,False
EXP-T138,shadow,2,101,0.0001,1.0000000000000002e-06,39,273,0.508445646081652,0.57138592004776,3.47066330909729,9.14404884265908e-05,3.401073694229126,30,9,False,False,False
EXP-T138,shadow,2,101,0.0001,1.0000000000000002e-06,40,280,0.5184082729475838,0.5683158934116364,3.4590721130371094,9.099841101253866e-05,3.401073694229126,30,10,False,False,False
EXP-T138,shadow,2,101,0.0001,1.0000000000000002e-06,41,287,0.48807550753865925,0.5705101788043976,3.4729766845703125,9.05463412215599e-05,3.401073694229126,30,11,False,False,False
EXP-T138,shadow,2,101,0.0001,1.0000000000000002e-06,42,294,0.6688398378235954,0.5684451758861542,3.464568614959717,9.0084390595111e-05,3.401073694229126,30,12,False,False,False
EXP-T138,shadow,2,101,0.0001,1.0000000000000002e-06,43,301,0.5577991434506008,0.5929050147533417,3.61739182472229,8.961267311259666e-05,3.401073694229126,30,13,False,False,False
EXP-T138,shadow,2,101,0.0001,1.0000000000000002e-06,44,308,0.5520849568503243,0.57233726978302,3.502321481704712,8.913130516324733e-05,3.401073694229126,30,14,False,False,False
EXP-T138,shadow,2,101,0.0001,1.0000000000000002e-06,45,315,0.5155908167362213,0.5718732178211212,3.50624942779541,8.864040551740158e-05,3.401073694229126,30,15,False,False,False
EXP-T138,shadow,2,101,0.0001,1.0000000000000002e-06,46,322,0.48691033465521677,0.5774129331111908,3.537071466445923,8.814009529720155e-05,3.401073694229126,30,16,False,False,False
EXP-T138,shadow,2,101,0.0001,1.0000000000000002e-06,47,329,0.5084147240434375,0.5648948848247528,3.486267566680908,8.763049794670775e-05,3.401073694229126,30,17,False,False,False
EXP-T138,shadow,2,101,0.0001,1.0000000000000002e-06,48,336,0.5697953573295048,0.5616192817687988,3.477412700653076,8.711173920144117e-05,3.401073694229126,30,18,False,False,False
EXP-T138,shadow,2,101,0.0001,1.0000000000000002e-06,49,343,0.47225621342658997,0.5503751039505005,3.4138824939727783,8.658394705735987e-05,3.401073694229126,30,19,False,False,False
EXP-T138,shadow,2,101,0.0001,1.0000000000000002e-06,50,350,0.47373756766319275,0.5506672263145447,3.4372801780700684,8.604725173927785e-05,3.401073694229126,30,20,False,False,False
EXP-T138,shadow,2,101,0.0001,1.0000000000000002e-06,51,357,0.6058183908462524,0.5438612401485443,3.407683849334717,8.55017856687341e-05,3.401073694229126,30,21,False,False,False
EXP-T138,shadow,2,101,0.0001,1.0000000000000002e-06,52,364,0.5583510185991015,0.52484330534935,3.2883360385894775,8.494768343131955e-05,3.2883360385894775,52,0,True,False,False
EXP-T138,shadow,2,101,0.0001,1.0000000000000002e-06,53,371,0.48382990275110516,0.5237750709056854,3.3021421432495117,8.438508174347009e-05,3.2883360385894775,52,1,False,False,False
EXP-T138,shadow,2,101,0.0001,1.0000000000000002e-06,54,378,0.5624110698699951,0.5195961892604828,3.1915290355682373,8.381411941873378e-05,3.1915290355682373,54,0,True,False,False
EXP-T138,shadow,2,101,0.0001,1.0000000000000002e-06,55,385,0.4255924480301993,0.5210506170988083,3.2804794311523438,8.323493733352077e-05,3.1915290355682373,54,1,False,False,False
EXP-T138,shadow,2,101,0.0001,1.0000000000000002e-06,56,392,0.47557608570371357,0.5056835412979126,3.1796271800994873,8.26476783923441e-05,3.1796271800994873,56,0,True,False,False
EXP-T138,shadow,2,101,0.0001,1.0000000000000002e-06,57,399,0.40736548389707294,0.5183630883693695,3.173610210418701,8.205248749256015e-05,3.173610210418701,57,0,True,False,False
EXP-T138,shadow,2,101,0.0001,1.0000000000000002e-06,58,406,0.4227862272943769,0.5112013220787048,3.1651546955108643,8.144951148861742e-05,3.1651546955108643,58,0,True,False,False
EXP-T138,shadow,2,101,0.0001,1.0000000000000002e-06,59,413,0.5162858281816755,0.5068999081850052,3.1347815990448,8.083889915582235e-05,3.1347815990448,59,0,True,False,False
EXP-T138,shadow,2,101,0.0001,1.0000000000000002e-06,60,420,0.4544844371931894,0.5379540622234344,3.3235859870910645,8.022080115363127e-05,3.1347815990448,59,1,False,False,False
EXP-T138,shadow,2,101,0.0001,1.0000000000000002e-06,61,427,0.37286520642893656,0.5071782767772675,3.109703302383423,7.959536998847744e-05,3.109703302383423,61,0,True,False,False
EXP-T138,shadow,2,101,0.0001,1.0000000000000002e-06,62,434,0.41543405183723997,0.512650802731514,3.148012638092041,7.89627599761423e-05,3.109703302383423,61,1,False,False,False
EXP-T138,shadow,2,101,0.0001,1.0000000000000002e-06,63,441,0.3477811557906015,0.5130698680877686,3.162772536277771,7.832312720368048e-05,3.109703302383423,61,2,False,False,False
EXP-T138,shadow,2,101,0.0001,1.0000000000000002e-06,64,448,0.41396219389779226,0.5060406923294067,3.1463394165039062,7.767662949090753e-05,3.109703302383423,61,3,False,False,False
EXP-T138,shadow,2,101,0.0001,1.0000000000000002e-06,65,455,0.3272645803434508,0.504294216632843,3.1117610931396484,7.702342635146033e-05,3.109703302383423,61,4,False,False,False
EXP-T138,shadow,2,101,0.0001,1.0000000000000002e-06,66,462,0.45558076884065357,0.5061355233192444,3.1514732837677,7.636367895343946e-05,3.109703302383423,61,5,False,False,False
EXP-T138,shadow,2,101,0.0001,1.0000000000000002e-06,67,469,0.38519819506577085,0.5244964808225632,3.239484429359436,7.569755007964338e-05,3.109703302383423,61,6,False,False,False
EXP-T138,shadow,2,101,0.0001,1.0000000000000002e-06,68,476,0.4096094625336783,0.5029348880052567,3.138832211494446,7.502520408740418e-05,3.109703302383423,61,7,False,False,False
EXP-T138,shadow,2,101,0.0001,1.0000000000000002e-06,69,483,0.41367461000170025,0.4987295866012573,3.1229496002197266,7.43468068680349e-05,3.109703302383423,61,8,False,False,False
EXP-T138,shadow,2,101,0.0001,1.0000000000000002e-06,70,490,0.3307813746588571,0.5012734234333038,3.1275417804718018,7.366252580589839e-05,3.109703302383423,61,9,False,False,False
EXP-T138,shadow,2,101,0.0001,1.0000000000000002e-06,71,497,0.3744191995688847,0.5000868290662766,3.1260898113250732,7.297252973710757e-05,3.109703302383423,61,10,False,False,False
EXP-T138,shadow,2,101,0.0001,1.0000000000000002e-06,72,504,0.33874435297080446,0.49981243908405304,3.1365355253219604,7.22769889078678e-05,3.109703302383423,61,11,False,False,False
EXP-T138,shadow,2,101,0.0001,1.0000000000000002e-06,73,511,0.28282480952995165,0.5048094093799591,3.171720504760742,7.15760749324711e-05,3.109703302383423,61,12,False,False,False
EXP-T138,shadow,2,101,0.0001,1.0000000000000002e-06,74,518,0.36054484971932005,0.5634782612323761,3.4771370887756348,7.086996075095289e-05,3.109703302383423,61,13,False,False,False
EXP-T138,shadow,2,101,0.0001,1.0000000000000002e-06,75,525,0.3757998304707663,0.5492276847362518,3.3879748582839966,7.015882058642164e-05,3.109703302383423,61,14,False,False,False
EXP-T138,shadow,2,101,0.0001,1.0000000000000002e-06,76,532,0.34032869764736723,0.5275799036026001,3.30891489982605,6.944282990207195e-05,3.109703302383423,61,15,False,False,False
EXP-T138,shadow,2,101,0.0001,1.0000000000000002e-06,77,539,0.33569767645427157,0.5352224409580231,3.3417097330093384,6.872216535789157e-05,3.109703302383423,61,16,False,False,False
EXP-T138,shadow,2,101,0.0001,1.0000000000000002e-06,78,546,0.35936068424156736,0.5208652913570404,3.2679909467697144,6.799700476707323e-05,3.109703302383423,61,17,False,False,False
EXP-T138,shadow,2,101,0.0001,1.0000000000000002e-06,79,553,0.2867095193692616,0.5362090170383453,3.3434290885925293,6.726752705214194e-05,3.109703302383423,61,18,False,False,False
EXP-T138,shadow,2,101,0.0001,1.0000000000000002e-06,80,560,0.2977019740002496,0.540032297372818,3.3663241863250732,6.65339122008084e-05,3.109703302383423,61,19,False,False,False
EXP-T138,shadow,2,101,0.0001,1.0000000000000002e-06,81,567,0.2821829297712871,0.5379517674446106,3.3572622537612915,6.57963412215599e-05,3.109703302383423,61,20,False,False,False
EXP-T138,shadow,2,101,0.0001,1.0000000000000002e-06,82,574,0.4004421681165695,0.5186900794506073,3.252457857131958,6.505499609899905e-05,3.109703302383423,61,21,False,False,False
EXP-T138,shadow,2,101,0.0001,1.0000000000000002e-06,83,581,0.3910965898207256,0.5279572606086731,3.3012362718582153,6.431005974894185e-05,3.109703302383423,61,22,False,False,False
EXP-T138,shadow,2,101,0.0001,1.0000000000000002e-06,84,588,0.25587062697325436,0.5363394320011139,3.333498001098633,6.356171597328596e-05,3.109703302383423,61,23,False,False,False
EXP-T138,shadow,2,101,0.0001,1.0000000000000002e-06,85,595,0.40089651729379383,0.5314668118953705,3.3246426582336426,6.281014941466031e-05,3.109703302383423,61,24,False,False,False
EXP-T138,shadow,2,101,0.0001,1.0000000000000002e-06,86,602,0.31188723870686125,0.5454263687133789,3.3695099353790283,6.205554551086733e-05,3.109703302383423,61,25,False,False,False
EXP-T138,shadow,2,101,0.0001,1.0000000000000002e-06,87,609,0.2908841669559479,0.5338736772537231,3.324034094810486,6.129809044912887e-05,3.109703302383423,61,26,False,False,False
EXP-T138,shadow,2,101,0.0001,1.0000000000000002e-06,88,616,0.23533151830945695,0.5404923558235168,3.372115731239319,6.053797112014738e-05,3.109703302383423,61,27,False,False,False
EXP-T138,shadow,2,101,0.0001,1.0000000000000002e-06,89,623,0.27772446775010656,0.552689403295517,3.402119517326355,5.977537507199338e-05,3.109703302383423,61,28,False,False,False
EXP-T138,shadow,2,101,0.0001,1.0000000000000002e-06,90,630,0.29733557786260334,0.5332508683204651,3.3354581594467163,5.901049046383077e-05,3.109703302383423,61,29,False,False,False
EXP-T138,shadow,2,101,0.0001,1.0000000000000002e-06,91,637,0.34243289061955046,0.5275284349918365,3.31096613407135,5.8243506019491436e-05,3.109703302383423,61,30,False,True,False
EXP-T138,shadow,2,101,0.001,1e-05,1,7,0.7063168883323669,0.6939165592193604,4.010486602783203,0.001,4.010486602783203,1,0,True,False,False
EXP-T138,shadow,2,101,0.001,1e-05,2,14,0.538147335605962,0.5869119167327881,3.4992687702178955,0.000999938933078422,3.4992687702178955,2,0,True,False,False
EXP-T138,shadow,2,101,0.001,1e-05,3,21,0.5273528950554984,0.5913224220275879,3.503349542617798,0.0009997557473810372,3.4992687702178955,2,1,False,False,False
EXP-T138,shadow,2,101,0.001,1e-05,4,28,0.5777855260031564,0.6634372770786285,3.8644986152648926,0.0009994504881061753,3.4992687702178955,2,2,False,False,False
EXP-T138,shadow,2,101,0.001,1e-05,5,35,0.580533219235284,0.5864363312721252,3.4570815563201904,0.0009990232305719944,3.4570815563201904,5,0,True,False,False
EXP-T138,shadow,2,101,0.001,1e-05,6,42,0.6096957879407066,0.5882305204868317,3.541332244873047,0.0009984740801978985,3.4570815563201904,5,1,False,False,False
EXP-T138,shadow,2,101,0.001,1e-05,7,49,0.5590585555349078,0.59138423204422,3.5704262256622314,0.0009978031724785245,3.4570815563201904,5,2,False,False,False
EXP-T138,shadow,2,101,0.001,1e-05,8,56,0.496560628925051,0.5686066150665283,3.463637590408325,0.000997010672950314,3.4570815563201904,5,3,False,False,False
EXP-T138,shadow,2,101,0.001,1e-05,9,63,0.56800377368927,0.5650127828121185,3.4545094966888428,0.0009960967771506667,3.4545094966888428,9,0,True,False,False
EXP-T138,shadow,2,101,0.001,1e-05,10,70,0.6079468727111816,0.5391943156719208,3.3050293922424316,0.000995061710569696,3.3050293922424316,10,0,True,False,False
EXP-T138,shadow,2,101,0.001,1e-05,11,77,0.5535054888044085,0.600280374288559,3.6760094165802,0.0009939057285945933,3.3050293922424316,10,1,False,False,False
EXP-T138,shadow,2,101,0.001,1e-05,12,84,0.44303132806505474,0.5414073318243027,3.3986575603485107,0.000992629116446613,3.3050293922424316,10,2,False,False,False
EXP-T138,shadow,2,101,0.001,1e-05,13,91,0.47775190642901827,0.6525374352931976,3.9010348320007324,0.000991232189110701,3.3050293922424316,10,3,False,False,False
EXP-T138,shadow,2,101,0.001,1e-05,14,98,0.49929011719567434,0.5700323283672333,3.466170072555542,0.0009897152912577741,3.3050293922424316,10,4,False,False,False
EXP-T138,shadow,2,101,0.001,1e-05,15,105,0.4005273367677416,0.6166077256202698,3.636481761932373,0.00098807879715968,3.3050293922424316,10,5,False,False,False
EXP-T138,shadow,2,101,0.001,1e-05,16,112,0.41018565211977276,0.5271425843238831,3.2319529056549072,0.00098632311059685,3.2319529056549072,16,0,True,False,False
EXP-T138,shadow,2,101,0.001,1e-05,17,119,0.32373050919600893,0.5929683148860931,3.6023313999176025,0.0009844486647586723,3.2319529056549072,16,1,False,False,False
EXP-T138,shadow,2,101,0.001,1e-05,18,126,0.4120534935167858,0.5689351111650467,3.396359443664551,0.00098245592213661,3.2319529056549072,16,2,False,False,False
EXP-T138,shadow,2,101,0.001,1e-05,19,133,0.2785384772079332,0.7856428921222687,4.445913553237915,0.0009803453744100868,3.2319529056549072,16,3,False,False,False
EXP-T138,shadow,2,101,0.001,1e-05,20,140,0.43427665744509014,0.5501284450292587,3.3620593547821045,0.0009781175423251734,3.2319529056549072,16,4,False,False,False
EXP-T138,shadow,2,101,0.001,1e-05,21,147,0.2791195839111294,0.5969886183738708,3.6167778968811035,0.0009757729755661011,3.2319529056549072,16,5,False,False,False
EXP-T138,shadow,2,101,0.001,1e-05,22,154,0.26826055214873384,0.6543708443641663,3.828691005706787,0.0009733122526196349,3.2319529056549072,16,6,False,False,False
EXP-T138,shadow,2,101,0.001,1e-05,23,161,0.23748106083699635,0.6994799971580505,4.06593656539917,0.0009707359806323416,3.2319529056549072,16,7,False,False,False
EXP-T138,shadow,2,101,0.001,1e-05,24,168,0.2789221171821867,0.5713071525096893,3.4585258960723877,0.0009680447952607845,3.2319529056549072,16,8,False,False,False
EXP-T138,shadow,2,101,0.001,1e-05,25,175,0.2934236696788243,0.5872327983379364,3.494645118713379,0.0009652393605146844,3.2319529056549072,16,9,False,False,False
EXP-T138,shadow,2,101,0.001,1e-05,26,182,0.26389259099960327,0.5829747021198273,3.417799234390259,0.000962320368593087,3.2319529056549072,16,10,False,False,False
EXP-T138,shadow,2,101,0.001,1e-05,27,189,0.2726469933986664,0.5290393233299255,3.2543158531188965,0.0009592885397135706,3.2319529056549072,16,11,False,False,False
EXP-T138,shadow,2,101,0.001,1e-05,28,196,0.1888729887349265,0.5283831655979156,3.3346627950668335,0.0009561446219345453,3.2319529056549072,16,12,False,False,False
EXP-T138,shadow,2,101,0.001,1e-05,29,203,0.2755381635257176,0.5621859729290009,3.379664897918701,0.0009528893909706797,3.2319529056549072,16,13,False,False,False
EXP-T138,shadow,2,101,0.001,1e-05,30,210,0.2702188811131886,0.7137582898139954,4.1366126537323,0.0009495236500015047,3.2319529056549072,16,14,False,False,False
EXP-T138,shadow,2,101,0.001,1e-05,31,217,0.26714831164905,0.5070353150367737,3.189823865890503,0.0009460482294732421,3.189823865890503,31,0,True,False,False
EXP-T138,shadow,2,101,0.001,1e-05,32,224,0.27742684951850344,0.59820756316185,3.5313971042633057,0.0009424639868939033,3.189823865890503,31,1,False,False,False
EXP-T138,shadow,2,101,0.001,1e-05,33,231,0.17767097055912018,0.5910542905330658,3.544398307800293,0.0009387718066217125,3.189823865890503,31,2,False,False,False
EXP-T138,shadow,2,101,0.001,1e-05,34,238,0.21792434794562204,0.5380014181137085,3.3208166360855103,0.0009349725996469047,3.189823865890503,31,3,False,False,False
EXP-T138,shadow,2,101,0.001,1e-05,35,245,0.1941566445997783,0.54293093085289,3.3039371967315674,0.0009310673033669522,3.189823865890503,31,4,False,False,False
EXP-T138,shadow,2,101,0.001,1e-05,36,252,0.13622883494411195,0.5634819865226746,3.435270309448242,0.0009270568813552756,3.189823865890503,31,5,False,False,False
EXP-T138,shadow,2,101,0.001,1e-05,37,259,0.12006578115480286,0.5619954764842987,3.3814330101013184,0.0009229423231234975,3.189823865890503,31,6,False,False,False
EXP-T138,shadow,2,101,0.001,1e-05,38,266,0.12971887923777103,0.5237695574760437,3.2166309356689453,0.0009187246438772938,3.189823865890503,31,7,False,False,False
EXP-T138,shadow,2,101,0.001,1e-05,39,273,0.19309996494225093,0.5056106150150299,3.1325910091400146,0.0009144048842659081,3.1325910091400146,39,0,True,False,False
EXP-T138,shadow,2,101,0.001,1e-05,40,280,0.17749835550785065,0.5677719712257385,3.4234883785247803,0.0009099841101253866,3.1325910091400146,39,1,False,False,False
EXP-T138,shadow,2,101,0.001,1e-05,41,287,0.1284532036100115,0.5620861053466797,3.455747961997986,0.000905463412215599,3.1325910091400146,39,2,False,False,False
EXP-T138,shadow,2,101,0.001,1e-05,42,294,0.1232053626860891,0.5285442173480988,3.1892330646514893,0.0009008439059511099,3.1325910091400146,39,3,False,False,False
EXP-T138,shadow,2,101,0.001,1e-05,43,301,0.13987484042133605,0.625299334526062,3.663405418395996,0.0008961267311259666,3.1325910091400146,39,4,False,False,False
EXP-T138,shadow,2,101,0.001,1e-05,44,308,0.13201318894113814,0.5330619215965271,3.2781734466552734,0.0008913130516324732,3.1325910091400146,39,5,False,False,False
EXP-T138,shadow,2,101,0.001,1e-05,45,315,0.07865092194905239,0.5492822825908661,3.3561246395111084,0.0008864040551740157,3.1325910091400146,39,6,False,False,False
EXP-T138,shadow,2,101,0.001,1e-05,46,322,0.07681296286838395,0.589285135269165,3.5508008003234863,0.0008814009529720154,3.1325910091400146,39,7,False,False,False
EXP-T138,shadow,2,101,0.001,1e-05,47,329,0.11557032713400466,0.49712227284908295,3.103574514389038,0.0008763049794670775,3.103574514389038,47,0,True,False,False
EXP-T138,shadow,2,101,0.001,1e-05,48,336,0.12625293752976827,0.5979242324829102,3.5976016521453857,0.0008711173920144117,3.103574514389038,47,1,False,False,False
EXP-T138,shadow,2,101,0.001,1e-05,49,343,0.1605596968105861,0.5958833992481232,3.5406131744384766,0.0008658394705735987,3.103574514389038,47,2,False,False,False
EXP-T138,shadow,2,101,0.001,1e-05,50,350,0.13415789497750147,0.5270299911499023,3.2756154537200928,0.0008604725173927785,3.103574514389038,47,3,False,False,False
EXP-T138,shadow,2,101,0.001,1e-05,51,357,0.0997860064463956,0.5501900315284729,3.3240854740142822,0.000855017856687341,3.103574514389038,47,4,False,False,False
EXP-T138,shadow,2,101,0.001,1e-05,52,364,0.1294538602232933,0.6268215775489807,3.618811845779419,0.0008494768343131955,3.103574514389038,47,5,False,False,False
EXP-T138,shadow,2,101,0.001,1e-05,53,371,0.11387805960008077,0.5187781751155853,3.2208495140075684,0.0008438508174347009,3.103574514389038,47,6,False,False,False
EXP-T138,shadow,2,101,0.001,1e-05,54,378,0.1733382466648306,0.6297649145126343,3.6697285175323486,0.0008381411941873378,3.103574514389038,47,7,False,False,False
EXP-T138,shadow,2,101,0.001,1e-05,55,385,0.10421050719118544,0.5857524573802948,3.4898669719696045,0.0008323493733352077,3.103574514389038,47,8,False,False,False
EXP-T138,shadow,2,101,0.001,1e-05,56,392,0.11045876464673451,0.5336224734783173,3.273573875427246,0.000826476783923441,3.103574514389038,47,9,False,False,False
EXP-T138,shadow,2,101,0.001,1e-05,57,399,0.13705257219927652,0.520180732011795,3.226902723312378,0.0008205248749256015,3.103574514389038,47,10,False,False,False
EXP-T138,shadow,2,101,0.001,1e-05,58,406,0.11576921279941287,0.5448013544082642,3.2784204483032227,0.0008144951148861742,3.103574514389038,47,11,False,False,False
EXP-T138,shadow,2,101,0.001,1e-05,59,413,0.07466668954917363,0.5562808513641357,3.367961883544922,0.0008083889915582234,3.103574514389038,47,12,False,False,False
EXP-T138,shadow,2,101,0.001,1e-05,60,420,0.07175959021385227,0.5044196397066116,3.1523211002349854,0.0008022080115363127,3.103574514389038,47,13,False,False,False
EXP-T138,shadow,2,101,0.001,1e-05,61,427,0.11818361175911767,0.6226830184459686,3.68182635307312,0.0007959536998847743,3.103574514389038,47,14,False,False,False
EXP-T138,shadow,2,101,0.001,1e-05,62,434,0.08498419289078031,0.5046465992927551,3.1574394702911377,0.0007896275997614229,3.103574514389038,47,15,False,False,False
EXP-T138,shadow,2,101,0.001,1e-05,63,441,0.10043530325804438,0.5352465510368347,3.2687153816223145,0.0007832312720368048,3.103574514389038,47,16,False,False,False
EXP-T138,shadow,2,101,0.001,1e-05,64,448,0.07374885678291321,0.5346559882164001,3.2379560470581055,0.0007767662949090753,3.103574514389038,47,17,False,False,False
EXP-T138,shadow,2,101,0.001,1e-05,65,455,0.0643969156912395,0.5908495187759399,3.460148811340332,0.0007702342635146033,3.103574514389038,47,18,False,False,False
EXP-T138,shadow,2,101,0.001,1e-05,66,462,0.07621415052562952,0.5328240990638733,3.260638952255249,0.0007636367895343947,3.103574514389038,47,19,False,False,False
EXP-T138,shadow,2,101,0.001,1e-05,67,469,0.064573556716953,0.5429438948631287,3.2829878330230713,0.0007569755007964338,3.103574514389038,47,20,False,False,False
EXP-T138,shadow,2,101,0.001,1e-05,68,476,0.06492668922458376,0.5870977342128754,3.4644651412963867,0.0007502520408740418,3.103574514389038,47,21,False,False,False
EXP-T138,shadow,2,101,0.001,1e-05,69,483,0.04837549531034061,0.5442157685756683,3.314840316772461,0.000743468068680349,3.103574514389038,47,22,False,False,False
EXP-T138,shadow,2,101,0.001,1e-05,70,490,0.0742618716987116,0.5807612836360931,3.456390619277954,0.0007366252580589839,3.103574514389038,47,23,False,False,False
EXP-T138,shadow,2,101,0.001,1e-05,71,497,0.06420758153711047,0.5245285034179688,3.261154890060425,0.0007297252973710757,3.103574514389038,47,24,False,False,False
EXP-T138,shadow,2,101,0.001,1e-05,72,504,0.09229816549590655,0.5606732666492462,3.368112325668335,0.0007227698890786779,3.103574514389038,47,25,False,False,False
EXP-T138,shadow,2,101,0.001,1e-05,73,511,0.07910909982664245,0.5486484169960022,3.319562792778015,0.000715760749324711,3.103574514389038,47,26,False,False,False
EXP-T138,shadow,2,101,0.001,1e-05,74,518,0.10068779651607786,0.5622086822986603,3.358126640319824,0.0007086996075095289,3.103574514389038,47,27,False,False,False
EXP-T138,shadow,2,101,0.001,1e-05,75,525,0.04562799393066338,0.5656515955924988,3.388718843460083,0.0007015882058642164,3.103574514389038,47,28,False,False,False
EXP-T138,shadow,2,101,0.001,1e-05,76,532,0.08176550641655922,0.5696685910224915,3.412469506263733,0.0006944282990207195,3.103574514389038,47,29,False,False,False
EXP-T138,shadow,2,101,0.001,1e-05,77,539,0.059696843049355915,0.5660531520843506,3.4147608280181885,0.0006872216535789157,3.103574514389038,47,30,False,True,False
EXP-T138,shadow,2,101,0.01,0.0001,1,7,3.8776053360530307,4.578503370285034,21.2746924161911,0.01,21.2746924161911,1,0,True,False,False
EXP-T138,shadow,2,101,0.01,0.0001,2,14,2.3744384901864186,1.344919204711914,6.992205619812012,0.00999938933078422,6.992205619812012,2,0,True,False,False
EXP-T138,shadow,2,101,0.01,0.0001,3,21,0.9964122431618827,0.5920093953609467,3.5165460109710693,0.009997557473810372,3.5165460109710693,3,0,True,False,False
EXP-T138,shadow,2,101,0.01,0.0001,4,28,0.6732321211269924,0.5899061262607574,3.520244836807251,0.009994504881061753,3.5165460109710693,3,1,False,False,False
EXP-T138,shadow,2,101,0.01,0.0001,5,35,0.5090014812137399,0.5911060869693756,3.5316901206970215,0.009990232305719944,3.5165460109710693,3,2,False,False,False
EXP-T138,shadow,2,101,0.01,0.0001,6,42,1.1598108155386788,1.067983865737915,5.760441303253174,0.009984740801978984,3.5165460109710693,3,3,False,False,False
EXP-T138,shadow,2,101,0.01,0.0001,7,49,0.6850353351661137,0.622970461845398,3.6713690757751465,0.009978031724785246,3.5165460109710693,3,4,False,False,False
EXP-T138,shadow,2,101,0.01,0.0001,8,56,0.5255348959139415,0.5911509692668915,3.5271096229553223,0.00997010672950314,3.5165460109710693,3,5,False,False,False
EXP-T138,shadow,2,101,0.01,0.0001,9,63,0.5459612309932709,0.5896312296390533,3.5184783935546875,0.009960967771506667,3.5165460109710693,3,6,False,False,False
EXP-T138,shadow,2,101,0.01,0.0001,10,70,0.5492289449487414,0.590190976858139,3.5224103927612305,0.00995061710569696,3.5165460109710693,3,7,False,False,False
EXP-T138,shadow,2,101,0.01,0.0001,11,77,0.5740612191813332,0.5898873209953308,3.5223891735076904,0.009939057285945933,3.5165460109710693,3,8,False,False,False
EXP-T138,shadow,2,101,0.01,0.0001,12,84,1.1453093716076441,0.5953650772571564,3.5657572746276855,0.00992629116446613,3.5165460109710693,3,9,False,False,False
EXP-T138,shadow,2,101,0.01,0.0001,13,91,0.5845941432884761,0.5870799124240875,3.5235836505889893,0.00991232189110701,3.5165460109710693,3,10,False,False,False
EXP-T138,shadow,2,101,0.01,0.0001,14,98,0.5167986995407513,2.604538083076477,12.57727575302124,0.00989715291257774,3.5165460109710693,3,11,False,False,False
EXP-T138,shadow,2,101,0.01,0.0001,15,105,1.4725335666111536,0.6017108261585236,3.5876946449279785,0.0098807879715968,3.5165460109710693,3,12,False,False,False
EXP-T138,shadow,2,101,0.01,0.0001,16,112,0.577830080475126,0.5893601477146149,3.503866195678711,0.0098632311059685,3.503866195678711,16,0,True,False,False
EXP-T138,shadow,2,101,0.01,0.0001,17,119,0.6097790343420846,0.5892757177352905,3.5050759315490723,0.009844486647586723,3.503866195678711,16,1,False,False,False
EXP-T138,shadow,2,101,0.01,0.0001,18,126,0.5999702598367419,0.5895203351974487,3.502078056335449,0.0098245592213661,3.502078056335449,18,0,True,False,False
EXP-T138,shadow,2,101,0.01,0.0001,19,133,0.5250160608972821,0.5893355011940002,3.5041918754577637,0.009803453744100868,3.502078056335449,18,1,False,False,False
EXP-T138,shadow,2,101,0.01,0.0001,20,140,0.5114156092916217,0.5894591808319092,3.502707004547119,0.009781175423251734,3.502078056335449,18,2,False,False,False
EXP-T138,shadow,2,101,0.01,0.0001,21,147,2.129277768943991,0.5893188118934631,3.504424571990967,0.009757729755661011,3.502078056335449,18,3,False,False,False
EXP-T138,shadow,2,101,0.01,0.0001,22,154,0.8795359219823565,0.5892053842544556,3.506399631500244,0.009733122526196349,3.502078056335449,18,4,False,False,False
EXP-T138,shadow,2,101,0.01,0.0001,23,161,0.9788958728313446,0.5895013213157654,3.502267837524414,0.009707359806323416,3.502078056335449,18,5,False,False,False
EXP-T138,shadow,2,101,0.01,0.0001,24,168,0.5183591225317546,0.5893163681030273,3.5044589042663574,0.009680447952607845,3.502078056335449,18,6,False,False,False
EXP-T138,shadow,2,101,0.01,0.0001,25,175,0.5173357214246478,0.5891379117965698,3.5087180137634277,0.009652393605146845,3.502078056335449,18,7,False,False,False
EXP-T138,shadow,2,101,0.01,0.0001,26,182,0.5245822753225055,0.589233785867691,3.5137205123901367,0.00962320368593087,3.502078056335449,18,8,False,False,False
EXP-T138,shadow,2,101,0.01,0.0001,27,189,0.6905253742422376,0.5898725390434265,3.5203633308410645,0.009592885397135707,3.502078056335449,18,9,False,False,False
EXP-T138,shadow,2,101,0.01,0.0001,28,196,0.6225104374544961,0.5903230309486389,3.5231637954711914,0.009561446219345454,3.502078056335449,18,10,False,False,False
EXP-T138,shadow,2,101,0.01,0.0001,29,203,1.35628308568682,0.797599196434021,4.546002626419067,0.009528893909706798,3.502078056335449,18,11,False,False,False
EXP-T138,shadow,2,101,0.01,0.0001,30,210,1.9099778703280859,1.8242161870002747,9.086076498031616,0.009495236500015047,3.502078056335449,18,12,False,False,False
EXP-T138,shadow,2,101,0.01,0.0001,31,217,1.1331478697913033,0.874821126461029,4.9092981815338135,0.00946048229473242,3.502078056335449,18,13,False,False,False
EXP-T138,shadow,2,101,0.01,0.0001,32,224,0.6818375289440155,0.5928411185741425,3.5418968200683594,0.009424639868939034,3.502078056335449,18,14,False,False,False
EXP-T138,shadow,2,101,0.01,0.0001,33,231,0.5455871224403381,0.5898405313491821,3.520005226135254,0.009387718066217124,3.502078056335449,18,15,False,False,False
EXP-T138,shadow,2,101,0.01,0.0001,34,238,0.8266112165791648,0.5895556807518005,3.517794132232666,0.009349725996469048,3.502078056335449,18,16,False,False,False
EXP-T138,shadow,2,101,0.01,0.0001,35,245,0.5473955316202981,0.5894070267677307,3.516239643096924,0.00931067303366952,3.502078056335449,18,17,False,False,False
EXP-T138,shadow,2,101,0.01,0.0001,36,252,0.5161563179322651,0.5892182290554047,3.51340913772583,0.009270568813552756,3.502078056335449,18,18,False,False,False
EXP-T138,shadow,2,101,0.01,0.0001,37,259,0.5247404873371124,0.5891333520412445,3.5091280937194824,0.009229423231234974,3.502078056335449,18,19,False,False,False
EXP-T138,shadow,2,101,0.01,0.0001,38,266,0.4976762501256807,0.5892286896705627,3.5059099197387695,0.009187246438772938,3.502078056335449,18,20,False,False,False
EXP-T138,shadow,2,101,0.01,0.0001,39,273,0.5372521494116101,0.5894115567207336,3.5032386779785156,0.009144048842659082,3.502078056335449,18,21,False,False,False
EXP-T138,shadow,2,101,0.01,0.0001,40,280,0.5377609602042607,0.5901950001716614,3.5029397010803223,0.009099841101253866,3.502078056335449,18,22,False,False,False
EXP-T138,shadow,2,101,0.01,0.0001,41,287,0.5305646232196263,0.5908040106296539,3.506165027618408,0.00905463412215599,3.502078056335449,18,23,False,False,False
EXP-T138,shadow,2,101,0.01,0.0001,42,294,0.703729544367109,0.5907993018627167,3.5061426162719727,0.0090084390595111,3.502078056335449,18,24,False,False,False
EXP-T138,shadow,2,101,0.01,0.0001,43,301,0.6495933404990605,0.5896861851215363,3.50058650970459,0.008961267311259666,3.50058650970459,43,0,True,False,False
EXP-T138,shadow,2,101,0.01,0.0001,44,308,0.5969432166644505,0.5891914665699005,3.5067286491394043,0.008913130516324731,3.50058650970459,43,1,False,False,False
EXP-T138,shadow,2,101,0.01,0.0001,45,315,0.5341847028051104,0.5892563462257385,3.514132022857666,0.008864040551740157,3.50058650970459,43,2,False,False,False
EXP-T138,shadow,2,101,0.01,0.0001,46,322,0.49858354883534567,0.5894216299057007,3.5164084434509277,0.008814009529720154,3.50058650970459,43,3,False,False,False
EXP-T138,shadow,2,101,0.01,0.0001,47,329,0.5273516135556358,0.5893390476703644,3.5153870582580566,0.008763049794670776,3.50058650970459,43,4,False,False,False
EXP-T138,shadow,2,101,0.01,0.0001,48,336,0.6340704900877816,0.5892313122749329,3.513672351837158,0.008711173920144118,3.50058650970459,43,5,False,False,False
EXP-T138,shadow,2,101,0.01,0.0001,49,343,0.5464010792119163,0.5891734659671783,3.5123133659362793,0.008658394705735987,3.50058650970459,43,6,False,False,False
EXP-T138,shadow,2,101,0.01,0.0001,50,350,0.5563366838863918,0.5891306698322296,3.50974178314209,0.008604725173927784,3.50058650970459,43,7,False,False,False
EXP-T138,shadow,2,101,0.01,0.0001,51,357,0.6866323820182255,0.5891332030296326,3.5103859901428223,0.00855017856687341,3.50058650970459,43,8,False,False,False
EXP-T138,shadow,2,101,0.01,0.0001,52,364,0.6345721781253815,0.589341402053833,3.5154190063476562,0.008494768343131955,3.50058650970459,43,9,False,False,False
EXP-T138,shadow,2,101,0.01,0.0001,53,371,0.5379201003483364,0.5900428295135498,3.5215044021606445,0.00843850817434701,3.50058650970459,43,10,False,False,False
EXP-T138,shadow,2,101,0.01,0.0001,54,378,0.7121480022157941,0.5898029208183289,3.519857883453369,0.008381411941873378,3.50058650970459,43,11,False,False,False
EXP-T138,shadow,2,101,0.01,0.0001,55,385,0.500598284815039,0.5896258652210236,3.5184316635131836,0.008323493733352076,3.50058650970459,43,12,False,False,False
EXP-T138,shadow,2,101,0.01,0.0001,56,392,0.6270677319594792,0.5893174409866333,3.5150880813598633,0.008264767839234409,3.50058650970459,43,13,False,False,False
EXP-T138,shadow,2,101,0.01,0.0001,57,399,0.5417749796594892,0.5892371833324432,3.513784408569336,0.008205248749256015,3.50058650970459,43,14,False,False,False
EXP-T138,shadow,2,101,0.01,0.0001,58,406,0.5128178724220821,0.5891894102096558,3.5127506256103516,0.008144951148861742,3.50058650970459,43,15,False,False,False
EXP-T138,shadow,2,101,0.01,0.0001,59,413,0.6624173607145037,0.5891721844673157,3.512274742126465,0.008083889915582234,3.50058650970459,43,16,False,False,False
EXP-T138,shadow,2,101,0.01,0.0001,60,420,0.618199063198907,0.5891430377960205,3.511136054992676,0.008022080115363126,3.50058650970459,43,17,False,False,False
EXP-T138,shadow,2,101,0.01,0.0001,61,427,0.6575333476066589,0.5891507267951965,3.5080208778381348,0.007959536998847744,3.50058650970459,43,18,False,False,False
EXP-T138,shadow,2,101,0.01,0.0001,62,434,0.5015537121466228,0.5891315340995789,3.510124683380127,0.00789627599761423,3.50058650970459,43,19,False,False,False
EXP-T138,shadow,2,101,0.01,0.0001,63,441,0.4988090129835265,0.5891821682453156,3.5125608444213867,0.007832312720368047,3.50058650970459,43,20,False,False,False
EXP-T138,shadow,2,101,0.01,0.0001,64,448,0.5123201417071479,0.5891697108745575,3.5121989250183105,0.007767662949090753,3.50058650970459,43,21,False,False,False
EXP-T138,shadow,2,101,0.01,0.0001,65,455,0.5668599009513855,0.5891308784484863,3.509593963623047,0.007702342635146034,3.50058650970459,43,22,False,False,False
EXP-T138,shadow,2,101,0.01,0.0001,66,462,0.4945259860583714,0.5891960263252258,3.5129141807556152,0.007636367895343947,3.50058650970459,43,23,False,False,False
EXP-T138,shadow,2,101,0.01,0.0001,67,469,0.4952740568135466,0.589244157075882,3.513914108276367,0.007569755007964339,3.50058650970459,43,24,False,False,False
EXP-T138,shadow,2,101,0.01,0.0001,68,476,0.5484063029289246,0.5892943739891052,3.5147480964660645,0.007502520408740419,3.50058650970459,43,25,False,False,False
EXP-T138,shadow,2,101,0.01,0.0001,69,483,0.5565824125494275,0.589208334684372,3.5131969451904297,0.007434680686803491,3.50058650970459,43,26,False,False,False
EXP-T138,shadow,2,101,0.01,0.0001,70,490,0.5426628121307918,0.5892004072666168,3.5130176544189453,0.0073662525805898394,3.50058650970459,43,27,False,False,False
EXP-T138,shadow,2,101,0.01,0.0001,71,497,0.5166988287653241,0.5891932547092438,3.5128464698791504,0.007297252973710758,3.50058650970459,43,28,False,False,False
EXP-T138,shadow,2,101,0.01,0.0001,72,504,0.599827481167657,0.5892387628555298,3.5138144493103027,0.00722769889078678,3.50058650970459,43,29,False,False,False
EXP-T138,shadow,2,101,0.01,0.0001,73,511,0.5035927146673203,0.5896919071674347,3.518990993499756,0.0071576074932471105,3.50058650970459,43,30,False,True,False
EXP-T138,shadow,3,101,1e-05,1.0000000000000001e-07,1,7,0.5897503197193146,0.4300111159682274,3.5514047796075996,1e-05,3.5514047796075996,1,0,True,False,False
EXP-T138,shadow,3,101,1e-05,1.0000000000000001e-07,2,14,0.5470214826720101,0.43011009444793064,3.551574013449929,9.99938933078422e-06,3.5514047796075996,1,1,False,False,False
EXP-T138,shadow,3,101,1e-05,1.0000000000000001e-07,3,21,0.5940666794776917,0.4281999046603839,3.549383221250592,9.997557473810373e-06,3.549383221250592,3,0,True,False,False
EXP-T138,shadow,3,101,1e-05,1.0000000000000001e-07,4,28,0.6183537117072514,0.42734912658731145,3.5482892123135654,9.994504881061752e-06,3.5482892123135654,4,0,True,False,False
EXP-T138,shadow,3,101,1e-05,1.0000000000000001e-07,5,35,0.5721895098686218,0.42774974182248116,3.548847776470762,9.990232305719944e-06,3.5482892123135654,4,1,False,False,False
EXP-T138,shadow,3,101,1e-05,1.0000000000000001e-07,6,42,0.643491404397147,0.4289250634610653,3.5503276478160513,9.984740801978984e-06,3.5482892123135654,4,2,False,False,False
EXP-T138,shadow,3,101,1e-05,1.0000000000000001e-07,7,49,0.510172786457198,0.43052463233470917,3.5521187059807056,9.978031724785247e-06,3.5482892123135654,4,3,False,False,False
EXP-T138,shadow,3,101,1e-05,1.0000000000000001e-07,8,56,0.5520599271569934,0.4313051998615265,3.5529059207800664,9.97010672950314e-06,3.5482892123135654,4,4,False,False,False
EXP-T138,shadow,3,101,1e-05,1.0000000000000001e-07,9,63,0.5720361130578178,0.4314020425081253,3.552976434881037,9.960967771506666e-06,3.5482892123135654,4,5,False,False,False
EXP-T138,shadow,3,101,1e-05,1.0000000000000001e-07,10,70,0.5190172344446182,0.4319467854996522,3.553488760283499,9.950617105696961e-06,3.5482892123135654,4,6,False,False,False
EXP-T138,shadow,3,101,1e-05,1.0000000000000001e-07,11,77,0.5211486262934548,0.43165286878744763,3.5532536362156724,9.939057285945933e-06,3.5482892123135654,4,7,False,False,False
EXP-T138,shadow,3,101,1e-05,1.0000000000000001e-07,12,84,0.4834260993770191,0.43267929678161937,3.5542036114316997,9.926291164466131e-06,3.5482892123135654,4,8,False,False,False
EXP-T138,shadow,3,101,1e-05,1.0000000000000001e-07,13,91,0.6099465361663273,0.43329142530759174,3.554817893288352,9.91232189110701e-06,3.5482892123135654,4,9,False,False,False
EXP-T138,shadow,3,101,1e-05,1.0000000000000001e-07,14,98,0.5523439986365182,0.43358663221200305,3.555131854433002,9.897152912577742e-06,3.5482892123135654,4,10,False,False,False
EXP-T138,shadow,3,101,1e-05,1.0000000000000001e-07,15,105,0.5187908804842404,0.432187307626009,3.553961320356889,9.8807879715968e-06,3.5482892123135654,4,11,False,False,False
EXP-T138,shadow,3,101,1e-05,1.0000000000000001e-07,16,112,0.569751535143171,0.4302121214568615,3.5521193995620264,9.8632311059685e-06,3.5482892123135654,4,12,False,False,False
EXP-T138,shadow,3,101,1e-05,1.0000000000000001e-07,17,119,0.660125093800681,0.4277523799488942,3.5493843772194604,9.844486647586724e-06,3.5482892123135654,4,13,False,False,False
EXP-T138,shadow,3,101,1e-05,1.0000000000000001e-07,18,126,0.48813318980059456,0.4281642573575179,3.549941785407789,9.824559221366101e-06,3.5482892123135654,4,14,False,False,False
EXP-T138,shadow,3,101,1e-05,1.0000000000000001e-07,19,133,0.5067175658685821,0.42826786637306213,3.5500590006510415,9.803453744100868e-06,3.5482892123135654,4,15,False,False,False
EXP-T138,shadow,3,101,1e-05,1.0000000000000001e-07,20,140,0.5415044256619045,0.42823227619131404,3.550026633522727,9.781175423251734e-06,3.5482892123135654,4,16,False,False,False
EXP-T138,shadow,3,101,1e-05,1.0000000000000001e-07,21,147,0.5114873424172401,0.4282025334735711,3.5499348495945786,9.757729755661012e-06,3.5482892123135654,4,17,False,False,False
EXP-T138,shadow,3,101,1e-05,1.0000000000000001e-07,22,154,0.49339819034295423,0.4278542386988799,3.549450729832505,9.73312252619635e-06,3.5482892123135654,4,18,False,False,False
EXP-T138,shadow,3,101,1e-05,1.0000000000000001e-07,23,161,0.6900742522307804,0.42757198214530945,3.549080588600852,9.707359806323418e-06,3.5482892123135654,4,19,False,False,False
EXP-T138,shadow,3,101,1e-05,1.0000000000000001e-07,24,168,0.5520558442388263,0.42797891423106194,3.549589677290483,9.680447952607845e-06,3.5482892123135654,4,20,False,False,False
EXP-T138,shadow,3,101,1e-05,1.0000000000000001e-07,25,175,0.591364324092865,0.428681584695975,3.5504839348070547,9.652393605146845e-06,3.5482892123135654,4,21,False,False,False
EXP-T138,shadow,3,101,1e-05,1.0000000000000001e-07,26,182,0.5096762079712269,0.4294922550519307,3.551416339296283,9.62320368593087e-06,3.5482892123135654,4,22,False,False,False
EXP-T138,shadow,3,101,1e-05,1.0000000000000001e-07,27,189,0.4759289537157331,0.43108877291282016,3.553017356178977,9.592885397135707e-06,3.5482892123135654,4,23,False,False,False
EXP-T138,shadow,3,101,1e-05,1.0000000000000001e-07,28,196,0.5974452836172921,0.43204691136876744,3.5539347330729165,9.561446219345455e-06,3.5482892123135654,4,24,False,False,False
EXP-T138,shadow,3,101,1e-05,1.0000000000000001e-07,29,203,0.5195235162973404,0.4316887507836024,3.5535990397135415,9.528893909706798e-06,3.5482892123135654,4,25,False,False,False
EXP-T138,shadow,3,101,1e-05,1.0000000000000001e-07,30,210,0.5085999068937131,0.43154056121905643,3.553512342048414,9.495236500015048e-06,3.5482892123135654,4,26,False,False,False
EXP-T138,shadow,3,101,1e-05,1.0000000000000001e-07,31,217,0.5267736635037831,0.43243450423081714,3.554323369806463,9.460482294732422e-06,3.5482892123135654,4,27,False,False,False
EXP-T138,shadow,3,101,1e-05,1.0000000000000001e-07,32,224,0.5287218030009951,0.43251966436704,3.554412148215554,9.424639868939035e-06,3.5482892123135654,4,28,False,False,False
EXP-T138,shadow,3,101,1e-05,1.0000000000000001e-07,33,231,0.573813796043396,0.43248144288857776,3.554410529859138,9.387718066217125e-06,3.5482892123135654,4,29,False,False,False
EXP-T138,shadow,3,101,1e-05,1.0000000000000001e-07,34,238,0.511323639058641,0.4318660373489062,3.5539375073982007,9.349725996469047e-06,3.5482892123135654,4,30,False,True,False
EXP-T138,shadow,3,101,0.0001,1.0000000000000002e-06,1,7,0.6161511838436127,0.43718690673510235,3.561041629675663,0.0001,3.561041629675663,1,0,True,False,False
EXP-T138,shadow,3,101,0.0001,1.0000000000000002e-06,2,14,0.5600244445460183,0.4234865854183833,3.5434579560250947,9.99938933078422e-05,3.5434579560250947,2,0,True,False,False
EXP-T138,shadow,3,101,0.0001,1.0000000000000002e-06,3,21,0.5483437819140298,0.4234060383557032,3.561608516808712,9.997557473810373e-05,3.5434579560250947,2,1,False,False,False
EXP-T138,shadow,3,101,0.0001,1.0000000000000002e-06,4,28,0.634653525693076,0.42283804186930257,3.546606584028764,9.994504881061753e-05,3.5434579560250947,2,2,False,False,False
EXP-T138,shadow,3,101,0.0001,1.0000000000000002e-06,5,35,0.6053372834409986,0.43601545443137485,3.563169074781013,9.990232305719945e-05,3.5434579560250947,2,3,False,False,False
EXP-T138,shadow,3,101,0.0001,1.0000000000000002e-06,6,42,0.6073778952871051,0.45586904138326645,3.596298680160985,9.984740801978984e-05,3.5434579560250947,2,4,False,False,False
EXP-T138,shadow,3,101,0.0001,1.0000000000000002e-06,7,49,0.4950740114519639,0.4591950277487437,3.600331161961411,9.978031724785247e-05,3.5434579560250947,2,5,False,False,False
EXP-T138,shadow,3,101,0.0001,1.0000000000000002e-06,8,56,0.5569102764129639,0.436137522260348,3.562999147357363,9.97010672950314e-05,3.5434579560250947,2,6,False,False,False
EXP-T138,shadow,3,101,0.0001,1.0000000000000002e-06,9,63,0.5786174833774567,0.42944372942050296,3.553585399280895,9.960967771506667e-05,3.5434579560250947,2,7,False,False,False
EXP-T138,shadow,3,101,0.0001,1.0000000000000002e-06,10,70,0.5690117308071682,0.4329737573862076,3.5569490374940815,9.95061710569696e-05,3.5434579560250947,2,8,False,False,False
EXP-T138,shadow,3,101,0.0001,1.0000000000000002e-06,11,77,0.5220595513071332,0.4311830687026183,3.5558901700106533,9.939057285945933e-05,3.5434579560250947,2,9,False,False,False
EXP-T138,shadow,3,101,0.0001,1.0000000000000002e-06,12,84,0.4881785865623637,0.4442079911629359,3.577822598544034,9.926291164466132e-05,3.5434579560250947,2,10,False,False,False
EXP-T138,shadow,3,101,0.0001,1.0000000000000002e-06,13,91,0.6167769091469901,0.4432407021522522,3.5763027306758994,9.91232189110701e-05,3.5434579560250947,2,11,False,False,False
EXP-T138,shadow,3,101,0.0001,1.0000000000000002e-06,14,98,0.5145779422351292,0.43712278082966805,3.565663886792732,9.897152912577741e-05,3.5434579560250947,2,12,False,False,False
EXP-T138,shadow,3,101,0.0001,1.0000000000000002e-06,15,105,0.5001147086066859,0.4238304973890384,3.5500009710138496,9.8807879715968e-05,3.5434579560250947,2,13,False,False,False
EXP-T138,shadow,3,101,0.0001,1.0000000000000002e-06,16,112,0.4923119034085955,0.42063083484147984,3.5516849864612925,9.8632311059685e-05,3.5434579560250947,2,14,False,False,False
EXP-T138,shadow,3,101,0.0001,1.0000000000000002e-06,17,119,0.6643257353987012,0.42055564078812796,3.5547441424745503,9.844486647586725e-05,3.5434579560250947,2,15,False,False,False
EXP-T138,shadow,3,101,0.0001,1.0000000000000002e-06,18,126,0.5036766592945371,0.4451747462153435,3.593864672111742,9.824559221366101e-05,3.5434579560250947,2,16,False,False,False
EXP-T138,shadow,3,101,0.0001,1.0000000000000002e-06,19,133,0.49379509474549976,0.45390137284994125,3.6211039225260415,9.803453744100869e-05,3.5434579560250947,2,17,False,False,False
EXP-T138,shadow,3,101,0.0001,1.0000000000000002e-06,20,140,0.48394492055688587,0.4330680159231027,3.573876583214962,9.781175423251735e-05,3.5434579560250947,2,18,False,False,False
EXP-T138,shadow,3,101,0.0001,1.0000000000000002e-06,21,147,0.5203767674309867,0.4286733369032542,3.571336688417377,9.757729755661011e-05,3.5434579560250947,2,19,False,False,False
EXP-T138,shadow,3,101,0.0001,1.0000000000000002e-06,22,154,0.48280875970210346,0.4277901990960042,3.577127167672822,9.73312252619635e-05,3.5434579560250947,2,20,False,False,False
EXP-T138,shadow,3,101,0.0001,1.0000000000000002e-06,23,161,0.6677834817341396,0.43592532227436703,3.6062420931729404,9.707359806323417e-05,3.5434579560250947,2,21,False,False,False
EXP-T138,shadow,3,101,0.0001,1.0000000000000002e-06,24,168,0.46667162754705976,0.45957304040590924,3.6801091974431817,9.680447952607845e-05,3.5434579560250947,2,22,False,False,False
EXP-T138,shadow,3,101,0.0001,1.0000000000000002e-06,25,175,0.48356235878808157,0.46264105041821796,3.702696366743608,9.652393605146844e-05,3.5434579560250947,2,23,False,False,False
EXP-T138,shadow,3,101,0.0001,1.0000000000000002e-06,26,182,0.4619083558874471,0.45134125153223675,3.688955595999053,9.623203685930869e-05,3.5434579560250947,2,24,False,False,False
EXP-T138,shadow,3,101,0.0001,1.0000000000000002e-06,27,189,0.46956182164805277,0.4581537072857221,3.7183081886985083,9.592885397135707e-05,3.5434579560250947,2,25,False,False,False
EXP-T138,shadow,3,101,0.0001,1.0000000000000002e-06,28,196,0.5008335986307689,0.4512199821571509,3.7159816857540244,9.561446219345454e-05,3.5434579560250947,2,26,False,False,False
EXP-T138,shadow,3,101,0.0001,1.0000000000000002e-06,29,203,0.5196956992149353,0.43912495610614616,3.695047551935369,9.528893909706797e-05,3.5434579560250947,2,27,False,False,False
EXP-T138,shadow,3,101,0.0001,1.0000000000000002e-06,30,210,0.5243450701236725,0.4545087330043316,3.7469017722389917,9.495236500015047e-05,3.5434579560250947,2,28,False,False,False
EXP-T138,shadow,3,101,0.0001,1.0000000000000002e-06,31,217,0.4346620025379317,0.5143519540627798,3.8719082456646543,9.460482294732421e-05,3.5434579560250947,2,29,False,False,False
EXP-T138,shadow,3,101,0.0001,1.0000000000000002e-06,32,224,0.44188461060236606,0.4784852092464765,3.8164788448449336,9.424639868939033e-05,3.5434579560250947,2,30,False,True,False
EXP-T138,shadow,3,101,0.001,1e-05,1,7,0.6074855838503156,0.4577006970842679,3.5989618012399385,0.001,3.5989618012399385,1,0,True,False,False
EXP-T138,shadow,3,101,0.001,1e-05,2,14,0.521331296169332,0.7497501770655314,4.800522081779711,0.000999938933078422,3.5989618012399385,1,1,False,False,False
EXP-T138,shadow,3,101,0.001,1e-05,3,21,0.7531231130872454,0.563341498374939,3.900061173872514,0.0009997557473810372,3.5989618012399385,1,2,False,False,False
EXP-T138,shadow,3,101,0.001,1e-05,4,28,0.6038441998617989,0.5011983960866928,3.786466193921638,0.0009994504881061753,3.5989618012399385,1,3,False,False,False
EXP-T138,shadow,3,101,0.001,1e-05,5,35,0.671855057988848,0.43496951181441545,3.6095724394827178,0.0009990232305719944,3.5989618012399385,1,4,False,False,False
EXP-T138,shadow,3,101,0.001,1e-05,6,42,0.5863444805145264,0.4987030476331711,3.8537394205729165,0.0009984740801978985,3.5989618012399385,1,5,False,False,False
EXP-T138,shadow,3,101,0.001,1e-05,7,49,0.43708213002953145,0.5865062673886617,4.111788662997159,0.0009978031724785245,3.5989618012399385,1,6,False,False,False
EXP-T138,shadow,3,101,0.001,1e-05,8,56,0.5434404760599136,0.465537096063296,3.822343537301728,0.000997010672950314,3.5989618012399385,1,7,False,False,False
EXP-T138,shadow,3,101,0.001,1e-05,9,63,0.6505870308194842,0.5410209149122238,4.043334036162405,0.0009960967771506667,3.5989618012399385,1,8,False,False,False
EXP-T138,shadow,3,101,0.001,1e-05,10,70,0.4074024643216814,0.47601010650396347,3.928676720821496,0.000995061710569696,3.5989618012399385,1,9,False,False,False
EXP-T138,shadow,3,101,0.001,1e-05,11,77,0.35260749441970674,0.5442968644201756,4.4011248964251894,0.0009939057285945933,3.5989618012399385,1,10,False,False,False
EXP-T138,shadow,3,101,0.001,1e-05,12,84,0.3127359886254583,0.5937005703647932,4.453133554169626,0.000992629116446613,3.5989618012399385,1,11,False,False,False
EXP-T138,shadow,3,101,0.001,1e-05,13,91,0.47522891419274466,0.666753907998403,4.328145576245857,0.000991232189110701,3.5989618012399385,1,12,False,False,False
EXP-T138,shadow,3,101,0.001,1e-05,14,98,0.4355548066752298,0.4986420397957166,3.9060976433031485,0.0009897152912577741,3.5989618012399385,1,13,False,False,False
EXP-T138,shadow,3,101,0.001,1e-05,15,105,0.3391008142914091,0.4574342076666653,3.8264072302616006,0.00098807879715968,3.5989618012399385,1,14,False,False,False
EXP-T138,shadow,3,101,0.001,1e-05,16,112,0.3299861470503466,0.5783730745315552,4.512713345614347,0.00098632311059685,3.5989618012399385,1,15,False,False,False
EXP-T138,shadow,3,101,0.001,1e-05,17,119,0.2659367574378848,0.5862335290682191,4.59484239058061,0.0009844486647586723,3.5989618012399385,1,16,False,False,False
EXP-T138,shadow,3,101,0.001,1e-05,18,126,0.2699178670133863,0.49791738639275235,3.8920718106356533,0.00098245592213661,3.5989618012399385,1,17,False,False,False
EXP-T138,shadow,3,101,0.001,1e-05,19,133,0.2515492297243327,0.6674193342526754,3.9170060591264204,0.0009803453744100868,3.5989618012399385,1,18,False,False,False
EXP-T138,shadow,3,101,0.001,1e-05,20,140,0.21291569407497132,0.6212541063626608,3.8613960959694604,0.0009781175423251734,3.5989618012399385,1,19,False,False,False
EXP-T138,shadow,3,101,0.001,1e-05,21,147,0.36161448274339947,0.45230920364459354,3.6871675433534565,0.0009757729755661011,3.5989618012399385,1,20,False,False,False
EXP-T138,shadow,3,101,0.001,1e-05,22,154,0.24446860225205974,0.49176765978336334,3.7559113935990767,0.0009733122526196349,3.5989618012399385,1,21,False,False,False
EXP-T138,shadow,3,101,0.001,1e-05,23,161,0.3078053669471826,0.8204865207274755,5.885606245561079,0.0009707359806323416,3.5989618012399385,1,22,False,False,False
EXP-T138,shadow,3,101,0.001,1e-05,24,168,0.4726191759109497,0.44430749242504436,3.5973332722981772,0.0009680447952607845,3.5973332722981772,24,0,True,False,False
EXP-T138,shadow,3,101,0.001,1e-05,25,175,0.2876641686473574,0.6810788493603468,5.208201784076112,0.0009652393605146844,3.5973332722981772,24,1,False,False,False
EXP-T138,shadow,3,101,0.001,1e-05,26,182,0.4171501653535025,1.198513686656952,5.245489178281842,0.000962320368593087,3.5973332722981772,24,2,False,False,False
EXP-T138,shadow,3,101,0.001,1e-05,27,189,0.31128317051168,0.49281131227811176,4.001130306359493,0.0009592885397135706,3.5973332722981772,24,3,False,False,False
EXP-T138,shadow,3,101,0.001,1e-05,28,196,0.26287498059017317,0.6554926236470541,4.082442081335819,0.0009561446219345453,3.5973332722981772,24,4,False,False,False
EXP-T138,shadow,3,101,0.001,1e-05,29,203,0.3475875700158732,0.4756455045038213,3.928190982703007,0.0009528893909706797,3.5973332722981772,24,5,False,False,False
EXP-T138,shadow,3,101,0.001,1e-05,30,210,0.21801480863775527,0.444223714992404,3.6518351236979165,0.0009495236500015047,3.5973332722981772,24,6,False,False,False
EXP-T138,shadow,3,101,0.001,1e-05,31,217,0.21660760577235902,0.45203393263121444,3.7404031464547822,0.0009460482294732421,3.5973332722981772,24,7,False,False,False
EXP-T138,shadow,3,101,0.001,1e-05,32,224,0.349574371107987,0.6910799543062845,3.888240351821437,0.0009424639868939033,3.5973332722981772,24,8,False,False,False
EXP-T138,shadow,3,101,0.001,1e-05,33,231,0.18593126428978785,0.4644220645229022,3.6503712047230112,0.0009387718066217125,3.5973332722981772,24,9,False,False,False
EXP-T138,shadow,3,101,0.001,1e-05,34,238,0.16372138208576612,0.47540992121988285,3.922396110765862,0.0009349725996469047,3.5973332722981772,24,10,False,False,False
EXP-T138,shadow,3,101,0.001,1e-05,35,245,0.1203518986169781,0.46688492099444073,3.736083984375,0.0009310673033669522,3.5973332722981772,24,11,False,False,False
EXP-T138,shadow,3,101,0.001,1e-05,36,252,0.22979351026671274,0.4670946126182874,3.8310741077769888,0.0009270568813552756,3.5973332722981772,24,12,False,False,False
EXP-T138,shadow,3,101,0.001,1e-05,37,259,0.1992936134338379,0.49083705618977547,3.9830669056285513,0.0009229423231234975,3.5973332722981772,24,13,False,False,False
EXP-T138,shadow,3,101,0.001,1e-05,38,266,0.255132505936282,0.5127379074692726,4.093024976325758,0.0009187246438772938,3.5973332722981772,24,14,False,False,False
EXP-T138,shadow,3,101,0.001,1e-05,39,273,0.1558767067534583,0.46149379511674243,3.811290162982363,0.0009144048842659081,3.5973332722981772,24,15,False,False,False
EXP-T138,shadow,3,101,0.001,1e-05,40,280,0.1595807448029518,0.4637148949550465,3.888056668368253,0.0009099841101253866,3.5973332722981772,24,16,False,False,False
EXP-T138,shadow,3,101,0.001,1e-05,41,287,0.11223326038037028,0.4302137648919597,3.6373641274192114,0.000905463412215599,3.5973332722981772,24,17,False,False,False
EXP-T138,shadow,3,101,0.001,1e-05,42,294,0.12980401515960693,0.6440583268801371,4.084563053015507,0.0009008439059511099,3.5973332722981772,24,18,False,False,False
EXP-T138,shadow,3,101,0.001,1e-05,43,301,0.14527282970292227,0.4150612492885557,3.515412764115767,0.0008961267311259666,3.515412764115767,43,0,True,False,False
EXP-T138,shadow,3,101,0.001,1e-05,44,308,0.09212883934378624,0.4518038323149085,3.734334541089607,0.0008913130516324732,3.515412764115767,43,1,False,False,False
EXP-T138,shadow,3,101,0.001,1e-05,45,315,0.12129864203078407,0.4640993997454643,3.8022333780924478,0.0008864040551740157,3.515412764115767,43,2,False,False,False
EXP-T138,shadow,3,101,0.001,1e-05,46,322,0.09661983013419169,0.4708538670092821,3.8378351384943183,0.0008814009529720154,3.515412764115767,43,3,False,False,False
EXP-T138,shadow,3,101,0.001,1e-05,47,329,0.09167854620942048,0.4898779531940818,4.015157988577178,0.0008763049794670775,3.515412764115767,43,4,False,False,False
EXP-T138,shadow,3,101,0.001,1e-05,48,336,0.11011042871645518,0.5378261009852091,4.024636933297822,0.0008711173920144117,3.515412764115767,43,5,False,False,False
EXP-T138,shadow,3,101,0.001,1e-05,49,343,0.1004774384200573,0.49873023107647896,3.9271281849254263,0.0008658394705735987,3.515412764115767,43,6,False,False,False
EXP-T138,shadow,3,101,0.001,1e-05,50,350,0.10615113803318568,0.4565519566337268,3.7022543242483428,0.0008604725173927785,3.515412764115767,43,7,False,False,False
EXP-T138,shadow,3,101,0.001,1e-05,51,357,0.14427534277950013,0.49591998507579166,4.016671614213423,0.000855017856687341,3.515412764115767,43,8,False,False,False
EXP-T138,shadow,3,101,0.001,1e-05,52,364,0.08878404600545764,0.44209970145796734,3.658194570830374,0.0008494768343131955,3.515412764115767,43,9,False,False,False
EXP-T138,shadow,3,101,0.001,1e-05,53,371,0.1182995034115655,0.42978181679306243,3.5817404082327178,0.0008438508174347009,3.515412764115767,43,10,False,False,False
EXP-T138,shadow,3,101,0.001,1e-05,54,378,0.12755523302725383,0.48079163146515685,3.941121881658381,0.0008381411941873378,3.515412764115767,43,11,False,False,False
EXP-T138,shadow,3,101,0.001,1e-05,55,385,0.0854762683489493,0.49391984194517136,3.9575193000562265,0.0008323493733352077,3.515412764115767,43,12,False,False,False
EXP-T138,shadow,3,101,0.001,1e-05,56,392,0.10991597069161278,0.4515033184240262,3.7314053159771543,0.000826476783923441,3.515412764115767,43,13,False,False,False
EXP-T138,shadow,3,101,0.001,1e-05,57,399,0.10740188722099576,0.42308803387762356,3.555372295957623,0.0008205248749256015,3.515412764115767,43,14,False,False,False
EXP-T138,shadow,3,101,0.001,1e-05,58,406,0.10736576946718353,0.444048532905678,3.671547629616477,0.0008144951148861742,3.515412764115767,43,15,False,False,False
EXP-T138,shadow,3,101,0.001,1e-05,59,413,0.07720723362373454,0.43656026634077233,3.625683408794981,0.0008083889915582234,3.515412764115767,43,16,False,False,False
EXP-T138,shadow,3,101,0.001,1e-05,60,420,0.084393923836095,0.4723623072107633,3.9052334409771543,0.0008022080115363127,3.515412764115767,43,17,False,False,False
EXP-T138,shadow,3,101,0.001,1e-05,61,427,0.08061300430979047,0.4599178520341714,3.7051433216441763,0.0007959536998847743,3.515412764115767,43,18,False,False,False
EXP-T138,shadow,3,101,0.001,1e-05,62,434,0.07337436186415809,0.4585948958992958,3.686038624156605,0.0007896275997614229,3.515412764115767,43,19,False,False,False
EXP-T138,shadow,3,101,0.001,1e-05,63,441,0.08427834670458521,0.48312696690360707,3.8863347371419272,0.0007832312720368048,3.515412764115767,43,20,False,False,False
EXP-T138,shadow,3,101,0.001,1e-05,64,448,0.07543945791465896,0.4895779490470886,3.811030069986979,0.0007767662949090753,3.515412764115767,43,21,False,False,False
EXP-T138,shadow,3,101,0.001,1e-05,65,455,0.06373107825805034,0.4615880522178486,3.8119511459812974,0.0007702342635146033,3.515412764115767,43,22,False,False,False
EXP-T138,shadow,3,101,0.001,1e-05,66,462,0.07422929257154465,0.5183350468675295,3.979218916459517,0.0007636367895343947,3.515412764115767,43,23,False,False,False
EXP-T138,shadow,3,101,0.001,1e-05,67,469,0.10362761148384639,0.431718290084973,3.6880220355409565,0.0007569755007964338,3.515412764115767,43,24,False,False,False
EXP-T138,shadow,3,101,0.001,1e-05,68,476,0.10916842892765999,0.56283866862456,4.357579317959872,0.0007502520408740418,3.515412764115767,43,25,False,False,False
EXP-T138,shadow,3,101,0.001,1e-05,69,483,0.08279919707199822,0.5069445135692755,4.098987232555043,0.000743468068680349,3.515412764115767,43,26,False,False,False
EXP-T138,shadow,3,101,0.001,1e-05,70,490,0.08167511224746704,0.48303006403148174,3.9176938606031015,0.0007366252580589839,3.515412764115767,43,27,False,False,False
EXP-T138,shadow,3,101,0.001,1e-05,71,497,0.06861955299973488,0.47639281302690506,3.8682793125961767,0.0007297252973710757,3.515412764115767,43,28,False,False,False
EXP-T138,shadow,3,101,0.001,1e-05,72,504,0.06953058631292411,0.47542303924759227,3.800744490189986,0.0007227698890786779,3.515412764115767,43,29,False,False,False
EXP-T138,shadow,3,101,0.001,1e-05,73,511,0.08151963885341372,0.5062412470579147,4.035015452991832,0.000715760749324711,3.515412764115767,43,30,False,True,False
EXP-T138,shadow,3,101,0.01,0.0001,1,7,3.462589306490762,2.254162311553955,10.944045326926492,0.01,10.944045326926492,1,0,True,False,False
EXP-T138,shadow,3,101,0.01,0.0001,2,14,1.1929307920592171,0.4382716814676921,3.5154911388050425,0.00999938933078422,3.5154911388050425,2,0,True,False,False
EXP-T138,shadow,3,101,0.01,0.0001,3,21,0.6685180068016052,0.6784341335296631,4.44366015809955,0.009997557473810372,3.5154911388050425,2,1,False,False,False
EXP-T138,shadow,3,101,0.01,0.0001,4,28,0.7128274781363351,2.8087497552235923,12.927452780983664,0.009994504881061753,3.5154911388050425,2,2,False,False,False
EXP-T138,shadow,3,101,0.01,0.0001,5,35,1.5782769407544817,0.9648876388867696,5.210712086070668,0.009990232305719944,3.5154911388050425,2,3,False,False,False
EXP-T138,shadow,3,101,0.01,0.0001,6,42,0.837596092905317,0.42679538391530514,3.560689752752131,0.009984740801978984,3.5154911388050425,2,4,False,False,False
EXP-T138,shadow,3,101,0.01,0.0001,7,49,0.5887428011213031,0.4483269626895587,3.680172313343395,0.009978031724785246,3.5154911388050425,2,5,False,False,False
EXP-T138,shadow,3,101,0.01,0.0001,8,56,0.5941684671810695,0.8291579286257426,4.656461311109139,0.00997010672950314,3.5154911388050425,2,6,False,False,False
EXP-T138,shadow,3,101,0.01,0.0001,9,63,1.393222621509007,0.5274288853009542,3.7452096650094697,0.009960967771506667,3.5154911388050425,2,7,False,False,False
EXP-T138,shadow,3,101,0.01,0.0001,10,70,0.5941094969000135,0.44501561174790066,3.617034912109375,0.00995061710569696,3.5154911388050425,2,8,False,False,False
EXP-T138,shadow,3,101,0.01,0.0001,11,77,0.5615860926253455,0.5985747774442037,3.848274924538352,0.009939057285945933,3.5154911388050425,2,9,False,False,False
EXP-T138,shadow,3,101,0.01,0.0001,12,84,0.571066688288868,0.42396196971337,3.523560726281368,0.00992629116446613,3.5154911388050425,2,10,False,False,False
EXP-T138,shadow,3,101,0.01,0.0001,13,91,0.9259570368698665,0.9696261485417684,5.081368879838423,0.00991232189110701,3.5154911388050425,2,11,False,False,False
EXP-T138,shadow,3,101,0.01,0.0001,14,98,1.2035534807613917,0.5990060369173685,3.966407313491359,0.00989715291257774,3.5154911388050425,2,12,False,False,False
EXP-T138,shadow,3,101,0.01,0.0001,15,105,0.6691258783851352,0.5610953172047933,3.8426437377929688,0.0098807879715968,3.5154911388050425,2,13,False,False,False
EXP-T138,shadow,3,101,0.01,0.0001,16,112,0.5833787981952939,0.5308591226736704,4.034989559289181,0.0098632311059685,3.5154911388050425,2,14,False,False,False
EXP-T138,shadow,3,101,0.01,0.0001,17,119,0.6110666947705405,0.8830262621243795,4.844689109108665,0.009844486647586723,3.5154911388050425,2,15,False,False,False
EXP-T138,shadow,3,101,0.01,0.0001,18,126,0.6991586642605918,0.626925508181254,4.304691430294152,0.0098245592213661,3.5154911388050425,2,16,False,False,False
EXP-T138,shadow,3,101,0.01,0.0001,19,133,0.6328100476946149,0.434467410047849,3.557844450979522,0.009803453744100868,3.5154911388050425,2,17,False,False,False
EXP-T138,shadow,3,101,0.01,0.0001,20,140,0.58155586038317,0.4244954055175185,3.5552897597804214,0.009781175423251734,3.5154911388050425,2,18,False,False,False
EXP-T138,shadow,3,101,0.01,0.0001,21,147,0.5749447303158897,0.4636905913551648,3.606419649991122,0.009757729755661011,3.5154911388050425,2,19,False,False,False
EXP-T138,shadow,3,101,0.01,0.0001,22,154,0.5300326985972268,0.43833695476253826,3.5656904740767046,0.009733122526196349,3.5154911388050425,2,20,False,False,False
EXP-T138,shadow,3,101,0.01,0.0001,23,161,0.7045942332063403,0.7336088220278422,4.3824005126953125,0.009707359806323416,3.5154911388050425,2,21,False,False,False
EXP-T138,shadow,3,101,0.01,0.0001,24,168,0.6437262573412487,0.5362525383631388,3.7800554217714253,0.009680447952607845,3.5154911388050425,2,22,False,False,False
EXP-T138,shadow,3,101,0.01,0.0001,25,175,0.5984914600849152,0.4216572617491086,3.522912227746212,0.009652393605146845,3.5154911388050425,2,23,False,False,False
EXP-T138,shadow,3,101,0.01,0.0001,26,182,1.2338820977435847,0.48964326083660126,3.6020810676343515,0.00962320368593087,3.5154911388050425,2,24,False,False,False
EXP-T138,shadow,3,101,0.01,0.0001,27,189,0.5178999342024326,0.43602407599488896,3.56053554650509,0.009592885397135707,3.5154911388050425,2,25,False,False,False
EXP-T138,shadow,3,101,0.01,0.0001,28,196,0.5496782234736851,0.4359610291818778,3.5604874582001655,0.009561446219345454,3.5154911388050425,2,26,False,False,False
EXP-T138,shadow,3,101,0.01,0.0001,29,203,0.5373771701540265,0.4319402848680814,3.5571101795543325,0.009528893909706798,3.5154911388050425,2,27,False,False,False
EXP-T138,shadow,3,101,0.01,0.0001,30,210,0.49898346619946615,0.4324965948859851,3.557622273763021,0.009495236500015047,3.5154911388050425,2,28,False,False,False
EXP-T138,shadow,3,101,0.01,0.0001,31,217,0.49594901342477116,0.43447448189059895,3.559317617705374,0.00946048229473242,3.5154911388050425,2,29,False,False,False
EXP-T138,shadow,3,101,0.01,0.0001,32,224,0.505034941647734,0.43415529156724614,3.5590559063535747,0.009424639868939034,3.5154911388050425,2,30,False,True,False
EXP-T138,shadow,4,101,1e-05,1.0000000000000001e-07,1,7,0.4933011923650546,0.5542434453964233,3.4010396003723145,1e-05,3.4010396003723145,1,0,True,False,False
EXP-T138,shadow,4,101,1e-05,1.0000000000000001e-07,2,14,0.49545975987400326,0.5540189296007156,3.4010050296783447,9.99938933078422e-06,3.4010050296783447,2,0,True,False,False
EXP-T138,shadow,4,101,1e-05,1.0000000000000001e-07,3,21,0.6439001347337451,0.5538468062877655,3.400999069213867,9.997557473810373e-06,3.400999069213867,3,0,True,False,False
EXP-T138,shadow,4,101,1e-05,1.0000000000000001e-07,4,28,0.5279694053211382,0.5540342479944229,3.4009549617767334,9.994504881061752e-06,3.4009549617767334,4,0,True,False,False
EXP-T138,shadow,4,101,1e-05,1.0000000000000001e-07,5,35,0.5237118644373757,0.5542436242103577,3.4009335041046143,9.990232305719944e-06,3.4009335041046143,5,0,True,False,False
EXP-T138,shadow,4,101,1e-05,1.0000000000000001e-07,6,42,0.5036349573305675,0.5544419586658478,3.4009413719177246,9.984740801978984e-06,3.4009335041046143,5,1,False,False,False
EXP-T138,shadow,4,101,1e-05,1.0000000000000001e-07,7,49,0.5058188651289258,0.5547922700643539,3.400951862335205,9.978031724785247e-06,3.4009335041046143,5,2,False,False,False
EXP-T138,shadow,4,101,1e-05,1.0000000000000001e-07,8,56,0.5019043592037633,0.5546865463256836,3.400916576385498,9.97010672950314e-06,3.400916576385498,8,0,True,False,False
EXP-T138,shadow,4,101,1e-05,1.0000000000000001e-07,9,63,0.574915451662881,0.5546647012233734,3.400862693786621,9.960967771506666e-06,3.400862693786621,9,0,True,False,False
EXP-T138,shadow,4,101,1e-05,1.0000000000000001e-07,10,70,0.548665566103799,0.5545324385166168,3.4008774757385254,9.950617105696961e-06,3.400862693786621,9,1,False,False,False
EXP-T138,shadow,4,101,1e-05,1.0000000000000001e-07,11,77,0.5158972846610206,0.5540259629487991,3.400923013687134,9.939057285945933e-06,3.400862693786621,9,2,False,False,False
EXP-T138,shadow,4,101,1e-05,1.0000000000000001e-07,12,84,0.5209506579807827,0.5535413920879364,3.400982618331909,9.926291164466131e-06,3.400862693786621,9,3,False,False,False
EXP-T138,shadow,4,101,1e-05,1.0000000000000001e-07,13,91,0.4939155418957983,0.5533670634031296,3.400969982147217,9.91232189110701e-06,3.400862693786621,9,4,False,False,False
EXP-T138,shadow,4,101,1e-05,1.0000000000000001e-07,14,98,0.4720718352390187,0.553257942199707,3.400953769683838,9.897152912577742e-06,3.400862693786621,9,5,False,False,False
EXP-T138,shadow,4,101,1e-05,1.0000000000000001e-07,15,105,0.712223299912044,0.5532092452049255,3.4009006023406982,9.8807879715968e-06,3.400862693786621,9,6,False,False,False
EXP-T138,shadow,4,101,1e-05,1.0000000000000001e-07,16,112,0.7480922639369965,0.5532074272632599,3.4008753299713135,9.8632311059685e-06,3.400862693786621,9,7,False,False,False
EXP-T138,shadow,4,101,1e-05,1.0000000000000001e-07,17,119,0.6493321401732308,0.5532174855470657,3.4008305072784424,9.844486647586724e-06,3.4008305072784424,17,0,True,False,False
EXP-T138,shadow,4,101,1e-05,1.0000000000000001e-07,18,126,0.6076756588050297,0.5532625019550323,3.400782823562622,9.824559221366101e-06,3.400782823562622,18,0,True,False,False
EXP-T138,shadow,4,101,1e-05,1.0000000000000001e-07,19,133,0.5002875833639077,0.5533266067504883,3.400782585144043,9.803453744100868e-06,3.400782585144043,19,0,True,False,False
EXP-T138,shadow,4,101,1e-05,1.0000000000000001e-07,20,140,0.5204162980828967,0.5531635135412216,3.400733232498169,9.781175423251734e-06,3.400733232498169,20,0,True,False,False
EXP-T138,shadow,4,101,1e-05,1.0000000000000001e-07,21,147,0.6787215386118207,0.5530831515789032,3.4007010459899902,9.757729755661012e-06,3.4007010459899902,21,0,True,False,False
EXP-T138,shadow,4,101,1e-05,1.0000000000000001e-07,22,154,0.716867813042232,0.5530905276536942,3.4006125926971436,9.73312252619635e-06,3.4006125926971436,22,0,True,False,False
EXP-T138,shadow,4,101,1e-05,1.0000000000000001e-07,23,161,0.6105053339685712,0.5530305057764053,3.4005355834960938,9.707359806323418e-06,3.4005355834960938,23,0,True,False,False
EXP-T138,shadow,4,101,1e-05,1.0000000000000001e-07,24,168,0.5227156366620745,0.5530502647161484,3.4004743099212646,9.680447952607845e-06,3.4004743099212646,24,0,True,False,False
EXP-T138,shadow,4,101,1e-05,1.0000000000000001e-07,25,175,0.5120384927306857,0.5530632436275482,3.400421380996704,9.652393605146845e-06,3.400421380996704,25,0,True,False,False
EXP-T138,shadow,4,101,1e-05,1.0000000000000001e-07,26,182,0.5060123138661895,0.5531602650880814,3.4004030227661133,9.62320368593087e-06,3.4004030227661133,26,0,True,False,False
EXP-T138,shadow,4,101,1e-05,1.0000000000000001e-07,27,189,0.5299363136291504,0.552982747554779,3.4003357887268066,9.592885397135707e-06,3.4003357887268066,27,0,True,False,False
EXP-T138,shadow,4,101,1e-05,1.0000000000000001e-07,28,196,0.4951418139306562,0.5528669953346252,3.4002928733825684,9.561446219345455e-06,3.4002928733825684,28,0,True,False,False
EXP-T138,shadow,4,101,1e-05,1.0000000000000001e-07,29,203,0.4887890656079565,0.5528970807790756,3.4003098011016846,9.528893909706798e-06,3.4002928733825684,28,1,False,False,False
EXP-T138,shadow,4,101,1e-05,1.0000000000000001e-07,30,210,0.5089562769447055,0.552900642156601,3.400280475616455,9.495236500015048e-06,3.400280475616455,30,0,True,False,False
EXP-T138,shadow,4,101,1e-05,1.0000000000000001e-07,31,217,0.5264221855572292,0.5529665946960449,3.40023136138916,9.460482294732422e-06,3.40023136138916,31,0,True,False,False
EXP-T138,shadow,4,101,1e-05,1.0000000000000001e-07,32,224,0.5708650180271694,0.5529194474220276,3.400207042694092,9.424639868939035e-06,3.400207042694092,32,0,True,False,False
EXP-T138,shadow,4,101,1e-05,1.0000000000000001e-07,33,231,0.5046991791043963,0.5529009103775024,3.400139093399048,9.387718066217125e-06,3.400139093399048,33,0,True,False,False
EXP-T138,shadow,4,101,1e-05,1.0000000000000001e-07,34,238,0.6596113613673619,0.5528320074081421,3.400084972381592,9.349725996469047e-06,3.400084972381592,34,0,True,False,False
EXP-T138,shadow,4,101,1e-05,1.0000000000000001e-07,35,245,0.5492507985660008,0.5527177453041077,3.4000284671783447,9.310673033669522e-06,3.4000284671783447,35,0,True,False,False
EXP-T138,shadow,4,101,1e-05,1.0000000000000001e-07,36,252,0.637062919991357,0.5526549518108368,3.399930238723755,9.270568813552757e-06,3.399930238723755,36,0,True,False,False
EXP-T138,shadow,4,101,1e-05,1.0000000000000001e-07,37,259,0.6380993000098637,0.5526170134544373,3.3998444080352783,9.229423231234975e-06,3.3998444080352783,37,0,True,False,False
EXP-T138,shadow,4,101,1e-05,1.0000000000000001e-07,38,266,0.734908925635474,0.5526001751422882,3.3998477458953857,9.18724643877294e-06,3.3998444080352783,37,1,False,False,False
EXP-T138,shadow,4,101,1e-05,1.0000000000000001e-07,39,273,0.6090843677520752,0.5525985211133957,3.399857997894287,9.144048842659081e-06,3.3998444080352783,37,2,False,False,False
EXP-T138,shadow,4,101,1e-05,1.0000000000000001e-07,40,280,0.6559276580810547,0.5526145100593567,3.3998806476593018,9.099841101253867e-06,3.3998444080352783,37,3,False,False,False
EXP-T138,shadow,4,101,1e-05,1.0000000000000001e-07,41,287,0.481613960649286,0.5525278598070145,3.3998734951019287,9.054634122155991e-06,3.3998444080352783,37,4,False,False,False
EXP-T138,shadow,4,101,1e-05,1.0000000000000001e-07,42,294,0.5539368859359196,0.5525206029415131,3.3998594284057617,9.0084390595111e-06,3.3998444080352783,37,5,False,False,False
EXP-T138,shadow,4,101,1e-05,1.0000000000000001e-07,43,301,0.4849383768825127,0.5524905622005463,3.3998336791992188,8.961267311259668e-06,3.3998336791992188,43,0,True,False,False
EXP-T138,shadow,4,101,1e-05,1.0000000000000001e-07,44,308,0.54180594427245,0.5524658262729645,3.399818181991577,8.913130516324733e-06,3.399818181991577,44,0,True,False,False
EXP-T138,shadow,4,101,1e-05,1.0000000000000001e-07,45,315,0.5386854325022016,0.5524468719959259,3.399827480316162,8.864040551740158e-06,3.399818181991577,44,1,False,False,False
EXP-T138,shadow,4,101,1e-05,1.0000000000000001e-07,46,322,0.7606614104339054,0.5524271726608276,3.3998327255249023,8.814009529720155e-06,3.399818181991577,44,2,False,False,False
EXP-T138,shadow,4,101,1e-05,1.0000000000000001e-07,47,329,0.7713022828102112,0.552405834197998,3.399812698364258,8.763049794670776e-06,3.399812698364258,47,0,True,False,False
EXP-T138,shadow,4,101,1e-05,1.0000000000000001e-07,48,336,0.608128445489066,0.5523802638053894,3.3997714519500732,8.711173920144118e-06,3.3997714519500732,48,0,True,False,False
EXP-T138,shadow,4,101,1e-05,1.0000000000000001e-07,49,343,0.4948951437004975,0.5523951053619385,3.3997912406921387,8.658394705735988e-06,3.3997714519500732,48,1,False,False,False
EXP-T138,shadow,4,101,1e-05,1.0000000000000001e-07,50,350,0.5514555786337171,0.5524181723594666,3.3997888565063477,8.604725173927786e-06,3.3997714519500732,48,2,False,False,False
EXP-T138,shadow,4,101,1e-05,1.0000000000000001e-07,51,357,0.7161547328744616,0.5524832904338837,3.3997819423675537,8.550178566873412e-06,3.3997714519500732,48,3,False,False,False
EXP-T138,shadow,4,101,1e-05,1.0000000000000001e-07,52,364,0.504237521971975,0.5525413751602173,3.399726390838623,8.494768343131955e-06,3.399726390838623,52,0,True,False,False
EXP-T138,shadow,4,101,1e-05,1.0000000000000001e-07,53,371,0.7607464662619999,0.5527902096509933,3.3996810913085938,8.43850817434701e-06,3.3996810913085938,53,0,True,False,False
EXP-T138,shadow,4,101,1e-05,1.0000000000000001e-07,54,378,0.499152201626982,0.5530041605234146,3.399684429168701,8.381411941873379e-06,3.3996810913085938,53,1,False,False,False
EXP-T138,shadow,4,101,1e-05,1.0000000000000001e-07,55,385,0.502449281513691,0.5528842657804489,3.3996236324310303,8.323493733352078e-06,3.3996236324310303,55,0,True,False,False
EXP-T138,shadow,4,101,1e-05,1.0000000000000001e-07,56,392,0.4929473495909146,0.5528699606657028,3.399547815322876,8.26476783923441e-06,3.399547815322876,56,0,True,False,False
EXP-T138,shadow,4,101,1e-05,1.0000000000000001e-07,57,399,0.5312302495752063,0.5527104437351227,3.3994908332824707,8.205248749256014e-06,3.3994908332824707,57,0,True,False,False
EXP-T138,shadow,4,101,1e-05,1.0000000000000001e-07,58,406,0.5129795074462891,0.5525684654712677,3.399449348449707,8.144951148861743e-06,3.399449348449707,58,0,True,False,False
EXP-T138,shadow,4,101,1e-05,1.0000000000000001e-07,59,413,0.5473085471561977,0.5525418817996979,3.399381399154663,8.083889915582235e-06,3.399381399154663,59,0,True,False,False
EXP-T138,shadow,4,101,1e-05,1.0000000000000001e-07,60,420,0.6136847947325025,0.5523690283298492,3.399282455444336,8.022080115363127e-06,3.399282455444336,60,0,True,False,False
EXP-T138,shadow,4,101,1e-05,1.0000000000000001e-07,61,427,0.6474903055599758,0.5522154867649078,3.399179220199585,7.959536998847744e-06,3.399179220199585,61,0,True,False,False
EXP-T138,shadow,4,101,1e-05,1.0000000000000001e-07,62,434,0.6072619344506945,0.552185907959938,3.3991520404815674,7.89627599761423e-06,3.3991520404815674,62,0,True,False,False
EXP-T138,shadow,4,101,1e-05,1.0000000000000001e-07,63,441,0.5141603286777224,0.5520700961351395,3.3990628719329834,7.832312720368048e-06,3.3990628719329834,63,0,True,False,False
EXP-T138,shadow,4,101,1e-05,1.0000000000000001e-07,64,448,0.4796365140272038,0.5519764125347137,3.3989875316619873,7.767662949090754e-06,3.3989875316619873,64,0,True,False,False
EXP-T138,shadow,4,101,1e-05,1.0000000000000001e-07,65,455,0.5502811585153852,0.5519333481788635,3.3989622592926025,7.702342635146033e-06,3.3989622592926025,65,0,True,False,False
EXP-T138,shadow,4,101,1e-05,1.0000000000000001e-07,66,462,0.49269504472613335,0.5519144833087921,3.3989267349243164,7.636367895343947e-06,3.3989267349243164,66,0,True,False,False
EXP-T138,shadow,4,101,1e-05,1.0000000000000001e-07,67,469,0.6974506080150604,0.551921546459198,3.3989055156707764,7.5697550079643376e-06,3.3989055156707764,67,0,True,False,False
EXP-T138,shadow,4,101,1e-05,1.0000000000000001e-07,68,476,0.5579375326633453,0.5520077049732208,3.39890718460083,7.502520408740418e-06,3.3989055156707764,67,1,False,False,False
EXP-T138,shadow,4,101,1e-05,1.0000000000000001e-07,69,483,0.496283280962546,0.5520468950271606,3.3988592624664307,7.43468068680349e-06,3.3988592624664307,69,0,True,False,False
EXP-T138,shadow,4,101,1e-05,1.0000000000000001e-07,70,490,0.6115567513874599,0.5520289689302444,3.398801565170288,7.366252580589839e-06,3.398801565170288,70,0,True,False,False
EXP-T138,shadow,4,101,1e-05,1.0000000000000001e-07,71,497,0.5026547568184989,0.5519602298736572,3.398743152618408,7.297252973710756e-06,3.398743152618408,71,0,True,False,False
EXP-T138,shadow,4,101,1e-05,1.0000000000000001e-07,72,504,0.4954195270048721,0.5519042313098907,3.3986711502075195,7.227698890786779e-06,3.3986711502075195,72,0,True,False,False
EXP-T138,shadow,4,101,1e-05,1.0000000000000001e-07,73,511,0.5003585448222501,0.551819771528244,3.398643970489502,7.15760749324711e-06,3.398643970489502,73,0,True,False,False
EXP-T138,shadow,4,101,1e-05,1.0000000000000001e-07,74,518,0.7439975312777928,0.5517777502536774,3.398655891418457,7.086996075095289e-06,3.398643970489502,73,1,False,False,False
EXP-T138,shadow,4,101,1e-05,1.0000000000000001e-07,75,525,0.7400321279253278,0.5517396032810211,3.3986098766326904,7.015882058642164e-06,3.3986098766326904,75,0,True,False,False
EXP-T138,shadow,4,101,1e-05,1.0000000000000001e-07,76,532,0.4910408152001245,0.5516986548900604,3.398512840270996,6.9442829902071945e-06,3.398512840270996,76,0,True,False,False
EXP-T138,shadow,4,101,1e-05,1.0000000000000001e-07,77,539,0.4923863261938095,0.5516682863235474,3.398463487625122,6.8722165357891564e-06,3.398463487625122,77,0,True,False,False
EXP-T138,shadow,4,101,1e-05,1.0000000000000001e-07,78,546,0.4816438223102263,0.5516358315944672,3.3984463214874268,6.799700476707323e-06,3.3984463214874268,78,0,True,False,False
EXP-T138,shadow,4,101,1e-05,1.0000000000000001e-07,79,553,0.5017445938927787,0.5516197979450226,3.398442029953003,6.726752705214193e-06,3.398442029953003,79,0,True,False,False
EXP-T138,shadow,4,101,1e-05,1.0000000000000001e-07,80,560,0.5565580725669861,0.551602303981781,3.39841628074646,6.65339122008084e-06,3.39841628074646,80,0,True,False,False
EXP-T138,shadow,4,101,1e-05,1.0000000000000001e-07,81,567,0.4953368671038853,0.5516268312931061,3.3983888626098633,6.57963412215599e-06,3.3983888626098633,81,0,True,False,False
EXP-T138,shadow,4,101,1e-05,1.0000000000000001e-07,82,574,0.48619644796209677,0.5516152530908585,3.398364782333374,6.505499609899905e-06,3.398364782333374,82,0,True,False,False
EXP-T138,shadow,4,101,1e-05,1.0000000000000001e-07,83,581,0.5292440482548305,0.5515741407871246,3.3983116149902344,6.431005974894185e-06,3.3983116149902344,83,0,True,False,False
EXP-T138,shadow,4,101,1e-05,1.0000000000000001e-07,84,588,0.5045586058071682,0.5515561401844025,3.398254632949829,6.356171597328595e-06,3.398254632949829,84,0,True,False,False
EXP-T138,shadow,4,101,1e-05,1.0000000000000001e-07,85,595,0.49432875907846857,0.5515718758106232,3.3982162475585938,6.28101494146603e-06,3.3982162475585938,85,0,True,False,False
EXP-T138,shadow,4,101,1e-05,1.0000000000000001e-07,86,602,0.5880938683237348,0.5516255050897598,3.3981761932373047,6.205554551086732e-06,3.3981761932373047,86,0,True,False,False
EXP-T138,shadow,4,101,1e-05,1.0000000000000001e-07,87,609,0.4836146965888994,0.5516012907028198,3.3981144428253174,6.129809044912887e-06,3.3981144428253174,87,0,True,False,False
EXP-T138,shadow,4,101,1e-05,1.0000000000000001e-07,88,616,0.4928900237594332,0.5515301078557968,3.3980698585510254,6.053797112014738e-06,3.3980698585510254,88,0,True,False,False
EXP-T138,shadow,4,101,1e-05,1.0000000000000001e-07,89,623,0.5106151859675135,0.5514912009239197,3.397998332977295,5.977537507199338e-06,3.397998332977295,89,0,True,False,False
EXP-T138,shadow,4,101,1e-05,1.0000000000000001e-07,90,630,0.5053825059107372,0.551416277885437,3.3979337215423584,5.901049046383077e-06,3.3979337215423584,90,0,True,False,False
EXP-T138,shadow,4,101,1e-05,1.0000000000000001e-07,91,637,0.554213285446167,0.5513497889041901,3.3978567123413086,5.824350601949143e-06,3.3978567123413086,91,0,True,False,False
EXP-T138,shadow,4,101,1e-05,1.0000000000000001e-07,92,644,0.5829302668571472,0.5513325929641724,3.397799491882324,5.7474610980910354e-06,3.397799491882324,92,0,True,False,False
EXP-T138,shadow,4,101,1e-05,1.0000000000000001e-07,93,651,0.5218339051519122,0.551339715719223,3.3977413177490234,5.6703995061433075e-06,3.3977413177490234,93,0,True,False,False
EXP-T138,shadow,4,101,1e-05,1.0000000000000001e-07,94,658,0.629006952047348,0.5513341724872589,3.397705078125,5.5931848399006745e-06,3.397705078125,94,0,True,False,False
EXP-T138,shadow,4,101,1e-05,1.0000000000000001e-07,95,665,0.5154677735907691,0.5513173937797546,3.3976893424987793,5.515836150926646e-06,3.3976893424987793,95,0,True,False,False
EXP-T138,shadow,4,101,1e-05,1.0000000000000001e-07,96,672,0.46427626269204275,0.5512773394584656,3.3976669311523438,5.438372523852833e-06,3.3976669311523438,96,0,True,False,False
EXP-T138,shadow,4,101,1e-05,1.0000000000000001e-07,97,679,0.8536219085965838,0.5512323975563049,3.397627353668213,5.360813071670101e-06,3.397627353668213,97,0,True,False,False
EXP-T138,shadow,4,101,1e-05,1.0000000000000001e-07,98,686,0.5023030851568494,0.551206186413765,3.3975918292999268,5.283176931012731e-06,3.3975918292999268,98,0,True,False,False
EXP-T138,shadow,4,101,1e-05,1.0000000000000001e-07,99,693,0.8612868147236961,0.5512004792690277,3.3975958824157715,5.205483257436735e-06,3.3975918292999268,98,1,False,False,False
EXP-T138,shadow,4,101,1e-05,1.0000000000000001e-07,100,700,0.4679337981007328,0.5511808395385742,3.397573232650757,5.127751220693512e-06,3.397573232650757,100,0,True,False,False
EXP-T138,shadow,4,101,1e-05,1.0000000000000001e-07,101,707,0.6517151764460972,0.5511713474988937,3.397555351257324,5.05e-06,3.397555351257324,101,0,True,False,False
EXP-T138,shadow,4,101,1e-05,1.0000000000000001e-07,102,714,0.5472187527588436,0.5511762350797653,3.3975610733032227,4.972248779306488e-06,3.397555351257324,101,1,False,False,False
EXP-T138,shadow,4,101,1e-05,1.0000000000000001e-07,103,721,0.5152319478137153,0.5511788129806519,3.397545099258423,4.8945167425632645e-06,3.397545099258423,103,0,True,False,False
EXP-T138,shadow,4,101,1e-05,1.0000000000000001e-07,104,728,0.48799328825303484,0.5511971563100815,3.3974876403808594,4.816823068987269e-06,3.3974876403808594,104,0,True,False,False
EXP-T138,shadow,4,101,1e-05,1.0000000000000001e-07,105,735,0.7079537212848663,0.5511338114738464,3.397395133972168,4.7391869283298985e-06,3.397395133972168,105,0,True,False,False
EXP-T138,shadow,4,101,1e-05,1.0000000000000001e-07,106,742,0.5894445180892944,0.5510866343975067,3.3973255157470703,4.661627476147168e-06,3.3973255157470703,106,0,True,False,False
EXP-T138,shadow,4,101,1e-05,1.0000000000000001e-07,107,749,0.538151068346841,0.5510671734809875,3.3972721099853516,4.584163849073354e-06,3.3972721099853516,107,0,True,False,False
EXP-T138,shadow,4,101,1e-05,1.0000000000000001e-07,108,756,0.5415606158120292,0.5510205626487732,3.3971920013427734,4.506815160099326e-06,3.3971920013427734,108,0,True,False,False
EXP-T138,shadow,4,101,1e-05,1.0000000000000001e-07,109,763,0.6004747152328491,0.550985112786293,3.397111654281616,4.429600493856694e-06,3.397111654281616,109,0,True,False,False
EXP-T138,shadow,4,101,1e-05,1.0000000000000001e-07,110,770,0.5581477625029427,0.5509660542011261,3.397073268890381,4.352538901908967e-06,3.397073268890381,110,0,True,False,False
EXP-T138,shadow,4,101,1e-05,1.0000000000000001e-07,111,777,0.5934416311127799,0.5509656965732574,3.3970420360565186,4.275649398050858e-06,3.3970420360565186,111,0,True,False,False
EXP-T138,shadow,4,101,1e-05,1.0000000000000001e-07,112,784,0.5759280834879194,0.5509842038154602,3.397038698196411,4.198950953616922e-06,3.397038698196411,112,0,True,False,False
EXP-T138,shadow,4,101,1e-05,1.0000000000000001e-07,113,791,0.526758998632431,0.551037535071373,3.3970210552215576,4.122462492800663e-06,3.3970210552215576,113,0,True,False,False
EXP-T138,shadow,4,101,1e-05,1.0000000000000001e-07,114,798,0.5915506993021283,0.5510859787464142,3.396986722946167,4.046202887985263e-06,3.396986722946167,114,0,True,False,False
EXP-T138,shadow,4,101,1e-05,1.0000000000000001e-07,115,805,0.5411105794566018,0.551060676574707,3.3969850540161133,3.970190955087116e-06,3.3969850540161133,115,0,True,False,False
EXP-T138,shadow,4,101,1e-05,1.0000000000000001e-07,116,812,0.49521531483956743,0.5510004311800003,3.39699387550354,3.894445448913268e-06,3.3969850540161133,115,1,False,False,False
EXP-T138,shadow,4,101,1e-05,1.0000000000000001e-07,117,819,0.49088862681362244,0.5509315133094788,3.3969907760620117,3.818985058533969e-06,3.3969850540161133,115,2,False,False,False
EXP-T138,shadow,4,101,1e-05,1.0000000000000001e-07,118,826,0.6602542868682316,0.5508783161640167,3.396987199783325,3.7438284026714044e-06,3.3969850540161133,115,3,False,False,False
EXP-T138,shadow,4,101,1e-05,1.0000000000000001e-07,119,833,0.6851961740425655,0.5508629083633423,3.3969719409942627,3.6689940251058153e-06,3.3969719409942627,119,0,True,False,False
EXP-T138,shadow,4,101,1e-05,1.0000000000000001e-07,120,840,0.6323580827031817,0.5508531928062439,3.3969297409057617,3.594500390100096e-06,3.3969297409057617,120,0,True,False,False
EXP-T138,shadow,4,101,1e-05,1.0000000000000001e-07,121,847,0.5278946076120649,0.5508296489715576,3.396902561187744,3.5203658778440116e-06,3.396902561187744,121,0,True,False,False
EXP-T138,shadow,4,101,1e-05,1.0000000000000001e-07,122,854,0.5756885920252118,0.5508065819740295,3.396876335144043,3.4466087799191603e-06,3.396876335144043,122,0,True,False,False
EXP-T138,shadow,4,101,1e-05,1.0000000000000001e-07,123,861,0.49108744439269814,0.5508073568344116,3.396867513656616,3.3732472947858077e-06,3.396867513656616,123,0,True,False,False
EXP-T138,shadow,4,101,1e-05,1.0000000000000001e-07,124,868,0.504382141998836,0.5508240908384323,3.396846055984497,3.300299523292678e-06,3.396846055984497,124,0,True,False,False
EXP-T138,shadow,4,101,1e-05,1.0000000000000001e-07,125,875,0.5153431083474841,0.5508037805557251,3.396806478500366,3.227783464210845e-06,3.396806478500366,125,0,True,False,False
EXP-T138,shadow,4,101,1e-05,1.0000000000000001e-07,126,882,0.4998849834747879,0.5507761985063553,3.3967812061309814,3.155717009792807e-06,3.3967812061309814,126,0,True,False,False
EXP-T138,shadow,4,101,1e-05,1.0000000000000001e-07,127,889,0.4951963941566646,0.5507462322711945,3.3967576026916504,3.0841179413578354e-06,3.3967576026916504,127,0,True,False,False
EXP-T138,shadow,4,101,1e-05,1.0000000000000001e-07,128,896,0.49689689917223795,0.55074143409729,3.396754741668701,3.0130039249047117e-06,3.396754741668701,128,0,True,False,False
EXP-T138,shadow,4,101,1e-05,1.0000000000000001e-07,129,903,0.5092254323618752,0.5507380664348602,3.396740436553955,2.9423925067528904e-06,3.396740436553955,129,0,True,False,False
EXP-T138,shadow,4,101,1e-05,1.0000000000000001e-07,130,910,0.7530082293919155,0.5507432967424393,3.396740436553955,2.87230110921322e-06,3.396740436553955,129,1,False,False,False
EXP-T138,shadow,4,101,1e-05,1.0000000000000001e-07,131,917,0.4893932800207819,0.5507324635982513,3.396721124649048,2.8027470262892435e-06,3.396721124649048,131,0,True,False,False
EXP-T138,shadow,4,101,1e-05,1.0000000000000001e-07,132,924,0.8273394278117588,0.5507147908210754,3.3967080116271973,2.7337474194101625e-06,3.3967080116271973,132,0,True,False,False
EXP-T138,shadow,4,101,1e-05,1.0000000000000001e-07,133,931,0.7134848024163928,0.5506976991891861,3.396670341491699,2.6653193131965085e-06,3.396670341491699,133,0,True,False,False
EXP-T138,shadow,4,101,1e-05,1.0000000000000001e-07,134,938,0.5523744012628283,0.5507015287876129,3.3966403007507324,2.5974795912595824e-06,3.3966403007507324,134,0,True,False,False
EXP-T138,shadow,4,101,1e-05,1.0000000000000001e-07,135,945,0.5054101769679359,0.5506937056779861,3.396620750427246,2.530244992035662e-06,3.396620750427246,135,0,True,False,False
EXP-T138,shadow,4,101,1e-05,1.0000000000000001e-07,136,952,0.5339674013001579,0.550701454281807,3.396583318710327,2.4636321046560533e-06,3.396583318710327,136,0,True,False,False
EXP-T138,shadow,4,101,1e-05,1.0000000000000001e-07,137,959,0.6074156505720956,0.5507124364376068,3.3965566158294678,2.3976573648539653e-06,3.3965566158294678,137,0,True,False,False
EXP-T138,shadow,4,101,1e-05,1.0000000000000001e-07,138,966,0.5079818751130786,0.5507186055183411,3.396528720855713,2.332337050909247e-06,3.396528720855713,138,0,True,False,False
EXP-T138,shadow,4,101,1e-05,1.0000000000000001e-07,139,973,0.4890520838754518,0.550699383020401,3.3964970111846924,2.267687279631953e-06,3.3964970111846924,139,0,True,False,False
EXP-T138,shadow,4,101,1e-05,1.0000000000000001e-07,140,980,0.5132758617401123,0.5506933629512787,3.396470308303833,2.2037240023857708e-06,3.396470308303833,140,0,True,False,False
EXP-T138,shadow,4,101,1e-05,1.0000000000000001e-07,141,987,0.5309586993285588,0.5506849586963654,3.3964426517486572,2.1404630011522584e-06,3.3964426517486572,141,0,True,False,False
EXP-T138,shadow,4,101,1e-05,1.0000000000000001e-07,142,994,0.4780462703534535,0.5506725013256073,3.396425724029541,2.0779198846368745e-06,3.396425724029541,142,0,True,False,False
EXP-T138,shadow,4,101,1e-05,1.0000000000000001e-07,143,1001,0.5185280229364123,0.5506882965564728,3.396404504776001,2.0161100844177658e-06,3.396404504776001,143,0,True,False,False
EXP-T138,shadow,4,101,1e-05,1.0000000000000001e-07,144,1008,0.6950761335236686,0.5506754219532013,3.3963916301727295,1.9550488511382593e-06,3.3963916301727295,144,0,True,False,False
EXP-T138,shadow,4,101,1e-05,1.0000000000000001e-07,145,1015,0.5253839790821075,0.5506541728973389,3.3963544368743896,1.894751250743986e-06,3.3963544368743896,145,0,True,False,False
EXP-T138,shadow,4,101,1e-05,1.0000000000000001e-07,146,1022,0.6138824394771031,0.5506461560726166,3.396320104598999,1.8352321607655916e-06,3.396320104598999,146,0,True,False,False
EXP-T138,shadow,4,101,1e-05,1.0000000000000001e-07,147,1029,0.6817889426435743,0.5506202280521393,3.3962912559509277,1.7765062666479242e-06,3.3962912559509277,147,0,True,False,False
EXP-T138,shadow,4,101,1e-05,1.0000000000000001e-07,148,1036,0.49931669873850687,0.5506114512681961,3.3962666988372803,1.7185880581266217e-06,3.3962666988372803,148,0,True,False,False
EXP-T138,shadow,4,101,1e-05,1.0000000000000001e-07,149,1043,0.64060897060803,0.550594836473465,3.3962488174438477,1.6614918256529908e-06,3.3962488174438477,149,0,True,False,False
EXP-T138,shadow,4,101,1e-05,1.0000000000000001e-07,150,1050,0.6376732162066868,0.5505732446908951,3.396221399307251,1.6052316568680442e-06,3.396221399307251,150,0,True,False,False
EXP-T138,shadow,4,101,1e-05,1.0000000000000001e-07,151,1057,0.6370920624051776,0.5505648255348206,3.3962082862854004,1.5498214331265902e-06,3.3962082862854004,151,0,True,False,False
EXP-T138,shadow,4,101,1e-05,1.0000000000000001e-07,152,1064,0.6661254678453717,0.5505640953779221,3.3961896896362305,1.495274826072216e-06,3.3961896896362305,152,0,True,False,False
EXP-T138,shadow,4,101,1e-05,1.0000000000000001e-07,153,1071,0.5723091449056353,0.5505629181861877,3.3961682319641113,1.441605294264014e-06,3.3961682319641113,153,0,True,False,False
EXP-T138,shadow,4,101,1e-05,1.0000000000000001e-07,154,1078,0.5328448968274253,0.5505566895008087,3.396153450012207,1.3888260798558817e-06,3.396153450012207,154,0,True,False,False
EXP-T138,shadow,4,101,1e-05,1.0000000000000001e-07,155,1085,0.4702910806185433,0.5505572855472565,3.3961381912231445,1.3369502053292252e-06,3.3961381912231445,155,0,True,False,False
EXP-T138,shadow,4,101,1e-05,1.0000000000000001e-07,156,1092,0.4968431323234524,0.5505586862564087,3.3961195945739746,1.285990470279847e-06,3.3961195945739746,156,0,True,False,False
EXP-T138,shadow,4,101,1e-05,1.0000000000000001e-07,157,1099,0.7487055233546666,0.5505613088607788,3.396099090576172,1.2359594482598438e-06,3.396099090576172,157,0,True,False,False
EXP-T138,shadow,4,101,1e-05,1.0000000000000001e-07,158,1106,0.4898065833507904,0.550553485751152,3.3960816860198975,1.1868694836752686e-06,3.3960816860198975,158,0,True,False,False
EXP-T138,shadow,4,101,1e-05,1.0000000000000001e-07,159,1113,0.6613233132021767,0.5505448877811432,3.3960630893707275,1.1387326887403326e-06,3.3960630893707275,159,0,True,False,False
EXP-T138,shadow,4,101,1e-05,1.0000000000000001e-07,160,1120,0.6303568312100002,0.550536647439003,3.396040201187134,1.0915609404889017e-06,3.396040201187134,160,0,True,False,False
EXP-T138,shadow,4,101,1e-05,1.0000000000000001e-07,161,1127,0.7572597903864724,0.550529271364212,3.3960235118865967,1.0453658778440107e-06,3.3960235118865967,161,0,True,False,False
EXP-T138,shadow,4,101,1e-05,1.0000000000000001e-07,162,1134,0.5979241558483669,0.5505152344703674,3.3960094451904297,1.0001588987461348e-06,3.3960094451904297,162,0,True,False,False
EXP-T138,shadow,4,101,1e-05,1.0000000000000001e-07,163,1141,0.49744412090097156,0.5505076050758362,3.3959920406341553,9.559511573409195e-07,3.3959920406341553,163,0,True,False,False
EXP-T138,shadow,4,101,1e-05,1.0000000000000001e-07,164,1148,0.5081894035850253,0.5505128502845764,3.3959789276123047,9.127535612270632e-07,3.3959789276123047,164,0,True,False,False
EXP-T138,shadow,4,101,1e-05,1.0000000000000001e-07,165,1155,0.5407680102757045,0.5505121201276779,3.3959639072418213,8.705767687650265e-07,3.3959639072418213,165,0,True,False,False
EXP-T138,shadow,4,101,1e-05,1.0000000000000001e-07,166,1162,0.5596037421907697,0.5505133867263794,3.3959505558013916,8.294311864472448e-07,3.3959505558013916,166,0,True,False,False
EXP-T138,shadow,4,101,1e-05,1.0000000000000001e-07,167,1169,0.5097297472613198,0.5505127310752869,3.395937204360962,7.893269663304784e-07,3.395937204360962,167,0,True,False,False
EXP-T138,shadow,4,101,1e-05,1.0000000000000001e-07,168,1176,0.6090600490570068,0.5505008399486542,3.3959314823150635,7.50274003530953e-07,3.3959314823150635,168,0,True,False,False
EXP-T138,shadow,4,101,1e-05,1.0000000000000001e-07,169,1183,0.503536024263927,0.5504997223615646,3.3959293365478516,7.122819337828752e-07,3.3959293365478516,169,0,True,False,False
EXP-T138,shadow,4,101,1e-05,1.0000000000000001e-07,170,1190,0.5146727051053729,0.5504934787750244,3.395923376083374,6.753601310609673e-07,3.395923376083374,170,0,True,False,False
EXP-T138,shadow,4,101,1e-05,1.0000000000000001e-07,171,1197,0.6370576449802944,0.5504887104034424,3.395918846130371,6.395177052675794e-07,3.395918846130371,171,0,True,False,False
EXP-T138,shadow,4,101,1e-05,1.0000000000000001e-07,172,1204,0.47954499907791615,0.5504800081253052,3.395916700363159,6.047634999849531e-07,3.395916700363159,172,0,True,False,False
EXP-T138,shadow,4,101,1e-05,1.0000000000000001e-07,173,1211,0.6155965881688255,0.5504758208990097,3.3959102630615234,5.711060902932043e-07,3.3959102630615234,173,0,True,False,False
EXP-T138,shadow,4,101,1e-05,1.0000000000000001e-07,174,1218,0.4994138032197952,0.5504701435565948,3.395904064178467,5.385537806545469e-07,3.395904064178467,174,0,True,False,False
EXP-T138,shadow,4,101,1e-05,1.0000000000000001e-07,175,1225,0.5428906551429203,0.5504636019468307,3.395894765853882,5.071146028642944e-07,3.395894765853882,175,0,True,False,False
EXP-T138,shadow,4,101,1e-05,1.0000000000000001e-07,176,1232,0.483170679637364,0.5504600256681442,3.3958897590637207,4.7679631406913176e-07,3.3958897590637207,176,0,True,False,False
EXP-T138,shadow,4,101,1e-05,1.0000000000000001e-07,177,1239,0.6515502120767321,0.5504556894302368,3.3958852291107178,4.4760639485315585e-07,3.3958852291107178,177,0,True,False,False
EXP-T138,shadow,4,101,1e-05,1.0000000000000001e-07,178,1246,0.7305543039526258,0.5504540205001831,3.395883560180664,4.195520473921565e-07,3.395883560180664,178,0,True,False,False
EXP-T138,shadow,4,101,1e-05,1.0000000000000001e-07,179,1253,0.4793075738208635,0.5504515618085861,3.3958799839019775,3.92640193676584e-07,3.3958799839019775,179,0,True,False,False
EXP-T138,shadow,4,101,1e-05,1.0000000000000001e-07,180,1260,0.5800550026553017,0.5504488050937653,3.3958778381347656,3.668774738036508e-07,3.3958778381347656,180,0,True,False,False
EXP-T138,shadow,4,101,1e-05,1.0000000000000001e-07,181,1267,0.5203606869493212,0.5504434108734131,3.3958725929260254,3.4227024433899004e-07,3.3958725929260254,181,0,True,False,False
EXP-T138,shadow,4,101,1e-05,1.0000000000000001e-07,182,1274,0.5790388413837978,0.5504426807165146,3.3958685398101807,3.188245767482659e-07,3.3958685398101807,182,0,True,False,False
EXP-T138,shadow,4,101,1e-05,1.0000000000000001e-07,183,1281,0.5559214523860386,0.5504397004842758,3.3958661556243896,2.9654625589913237e-07,3.3958661556243896,183,0,True,False,False
EXP-T138,shadow,4,101,1e-05,1.0000000000000001e-07,184,1288,0.6695133447647095,0.5504403412342072,3.3958637714385986,2.754407786339001e-07,3.3958637714385986,184,0,True,False,False
EXP-T138,shadow,4,101,1e-05,1.0000000000000001e-07,185,1295,0.557373217173985,0.5504389405250549,3.3958611488342285,2.555133524132767e-07,3.3958611488342285,185,0,True,False,False
EXP-T138,shadow,4,101,1e-05,1.0000000000000001e-07,186,1302,0.5138264362301145,0.5504368096590042,3.395859479904175,2.3676889403150103e-07,3.395859479904175,186,0,True,False,False
EXP-T138,shadow,4,101,1e-05,1.0000000000000001e-07,187,1309,0.46350802906921934,0.5504350066184998,3.395857334136963,2.1921202840320077e-07,3.395857334136963,187,0,True,False,False
EXP-T138,shadow,4,101,1e-05,1.0000000000000001e-07,188,1316,0.47291983823691097,0.5504346787929535,3.395855665206909,2.0284708742225901e-07,3.395855665206909,188,0,True,False,False
EXP-T138,shadow,4,101,1e-05,1.0000000000000001e-07,189,1323,0.5019139817782811,0.5504331886768341,3.3958535194396973,1.8767810889299085e-07,3.3958535194396973,189,0,True,False,False
EXP-T138,shadow,4,101,1e-05,1.0000000000000001e-07,190,1330,0.5731261542865208,0.5504336506128311,3.395850658416748,1.7370883553386935e-07,3.395850658416748,190,0,True,False,False
EXP-T138,shadow,4,101,1e-05,1.0000000000000001e-07,191,1337,0.5292096946920667,0.5504311621189117,3.395850658416748,1.609427140540686e-07,3.395850658416748,190,1,False,False,False
EXP-T138,shadow,4,101,1e-05,1.0000000000000001e-07,192,1344,0.6605274634701865,0.5504288375377655,3.3958489894866943,1.493828943030402e-07,3.3958489894866943,192,0,True,False,False
EXP-T138,shadow,4,101,1e-05,1.0000000000000001e-07,193,1351,0.48576913082173895,0.5504270642995834,3.395848035812378,1.3903222849333507e-07,3.395848035812378,193,0,True,False,False
EXP-T138,shadow,4,101,1e-05,1.0000000000000001e-07,194,1358,0.5303106478282383,0.5504265129566193,3.3958470821380615,1.2989327049686101e-07,3.3958470821380615,194,0,True,False,False
EXP-T138,shadow,4,101,1e-05,1.0000000000000001e-07,195,1365,0.5499393343925476,0.5504263192415237,3.395845890045166,1.2196827521475402e-07,3.395845890045166,195,0,True,False,False
EXP-T138,shadow,4,101,1e-05,1.0000000000000001e-07,196,1372,0.8170738816261292,0.5504262149333954,3.3958449363708496,1.1525919802101659e-07,3.3958449363708496,196,0,True,False,False
EXP-T138,shadow,4,101,1e-05,1.0000000000000001e-07,197,1379,0.5895055149282727,0.5504263937473297,3.3958427906036377,1.097676942800558e-07,3.3958427906036377,197,0,True,False,False
EXP-T138,shadow,4,101,1e-05,1.0000000000000001e-07,198,1386,0.5617366603442601,0.5504259169101715,3.3958427906036377,1.0549511893824898e-07,3.3958427906036377,197,1,False,False,False
EXP-T138,shadow,4,101,1e-05,1.0000000000000001e-07,199,1393,0.5988655643803733,0.5504262149333954,3.395841121673584,1.0244252618962859e-07,3.395841121673584,199,0,True,False,False
EXP-T138,shadow,4,101,1e-05,1.0000000000000001e-07,200,1400,0.5310450323990413,0.5504259169101715,3.395841360092163,1.006106692157801e-07,3.395841121673584,199,1,False,False,False
EXP-T138,shadow,4,101,0.0001,1.0000000000000002e-06,1,7,0.5348154199974877,0.5539905726909637,3.400690793991089,0.0001,3.400690793991089,1,0,True,False,False
EXP-T138,shadow,4,101,0.0001,1.0000000000000002e-06,2,14,0.4962456073429036,0.561974048614502,3.401674270629883,9.99938933078422e-05,3.400690793991089,1,1,False,False,False
EXP-T138,shadow,4,101,0.0001,1.0000000000000002e-06,3,21,0.6065320670604706,0.5547611117362976,3.4022696018218994,9.997557473810373e-05,3.400690793991089,1,2,False,False,False
EXP-T138,shadow,4,101,0.0001,1.0000000000000002e-06,4,28,0.5121557457106454,0.562219500541687,3.401996374130249,9.994504881061753e-05,3.400690793991089,1,3,False,False,False
EXP-T138,shadow,4,101,0.0001,1.0000000000000002e-06,5,35,0.48899185604282785,0.5684362798929214,3.412550449371338,9.990232305719945e-05,3.400690793991089,1,4,False,False,False
EXP-T138,shadow,4,101,0.0001,1.0000000000000002e-06,6,42,0.5079158741448607,0.556826114654541,3.401672601699829,9.984740801978984e-05,3.400690793991089,1,5,False,False,False
EXP-T138,shadow,4,101,0.0001,1.0000000000000002e-06,7,49,0.515607625246048,0.5524960458278656,3.401750326156616,9.978031724785247e-05,3.400690793991089,1,6,False,False,False
EXP-T138,shadow,4,101,0.0001,1.0000000000000002e-06,8,56,0.47527449178908554,0.5531862676143646,3.4016566276550293,9.97010672950314e-05,3.400690793991089,1,7,False,False,False
EXP-T138,shadow,4,101,0.0001,1.0000000000000002e-06,9,63,0.5737338619572776,0.5520493686199188,3.4009203910827637,9.960967771506667e-05,3.400690793991089,1,8,False,False,False
EXP-T138,shadow,4,101,0.0001,1.0000000000000002e-06,10,70,0.5254639344555991,0.552130714058876,3.4004709720611572,9.95061710569696e-05,3.4004709720611572,10,0,True,False,False
EXP-T138,shadow,4,101,0.0001,1.0000000000000002e-06,11,77,0.504298268684319,0.5517981946468353,3.3997015953063965,9.939057285945933e-05,3.3997015953063965,11,0,True,False,False
EXP-T138,shadow,4,101,0.0001,1.0000000000000002e-06,12,84,0.5481311934334892,0.5517687350511551,3.3986799716949463,9.926291164466132e-05,3.3986799716949463,12,0,True,False,False
EXP-T138,shadow,4,101,0.0001,1.0000000000000002e-06,13,91,0.4927277016852583,0.5508244037628174,3.398322582244873,9.91232189110701e-05,3.398322582244873,13,0,True,False,False
EXP-T138,shadow,4,101,0.0001,1.0000000000000002e-06,14,98,0.49411814021212713,0.5514442622661591,3.398123264312744,9.897152912577741e-05,3.398123264312744,14,0,True,False,False
EXP-T138,shadow,4,101,0.0001,1.0000000000000002e-06,15,105,0.6768535333020347,0.5505554974079132,3.397554874420166,9.8807879715968e-05,3.397554874420166,15,0,True,False,False
EXP-T138,shadow,4,101,0.0001,1.0000000000000002e-06,16,112,0.738624095916748,0.5502180457115173,3.39695405960083,9.8632311059685e-05,3.39695405960083,16,0,True,False,False
EXP-T138,shadow,4,101,0.0001,1.0000000000000002e-06,17,119,0.5932038170950753,0.5489279627799988,3.39456844329834,9.844486647586725e-05,3.39456844329834,17,0,True,False,False
EXP-T138,shadow,4,101,0.0001,1.0000000000000002e-06,18,126,0.586216424192701,0.5488394498825073,3.3921279907226562,9.824559221366101e-05,3.3921279907226562,18,0,True,False,False
EXP-T138,shadow,4,101,0.0001,1.0000000000000002e-06,19,133,0.5106960790497916,0.5478881299495697,3.390080690383911,9.803453744100869e-05,3.390080690383911,19,0,True,False,False
EXP-T138,shadow,4,101,0.0001,1.0000000000000002e-06,20,140,0.49319018849304747,0.549166813492775,3.3864386081695557,9.781175423251735e-05,3.3864386081695557,20,0,True,False,False
EXP-T138,shadow,4,101,0.0001,1.0000000000000002e-06,21,147,0.6803910263947078,0.548872709274292,3.383244752883911,9.757729755661011e-05,3.383244752883911,21,0,True,False,False
EXP-T138,shadow,4,101,0.0001,1.0000000000000002e-06,22,154,0.6892814806529454,0.5450075715780258,3.379343032836914,9.73312252619635e-05,3.379343032836914,22,0,True,False,False
EXP-T138,shadow,4,101,0.0001,1.0000000000000002e-06,23,161,0.5805635792868478,0.5446432381868362,3.3753678798675537,9.707359806323417e-05,3.3753678798675537,23,0,True,False,False
EXP-T138,shadow,4,101,0.0001,1.0000000000000002e-06,24,168,0.4738626480102539,0.5424888432025909,3.3693065643310547,9.680447952607845e-05,3.3693065643310547,24,0,True,False,False
EXP-T138,shadow,4,101,0.0001,1.0000000000000002e-06,25,175,0.45681453020526014,0.5410602986812592,3.361715316772461,9.652393605146844e-05,3.361715316772461,25,0,True,False,False
EXP-T138,shadow,4,101,0.0001,1.0000000000000002e-06,26,182,0.4882237655775888,0.5401274561882019,3.3534278869628906,9.623203685930869e-05,3.3534278869628906,26,0,True,False,False
EXP-T138,shadow,4,101,0.0001,1.0000000000000002e-06,27,189,0.4786870390442865,0.5553237050771713,3.4105982780456543,9.592885397135707e-05,3.3534278869628906,26,1,False,False,False
EXP-T138,shadow,4,101,0.0001,1.0000000000000002e-06,28,196,0.46085116267204285,0.5432731658220291,3.364051342010498,9.561446219345454e-05,3.3534278869628906,26,2,False,False,False
EXP-T138,shadow,4,101,0.0001,1.0000000000000002e-06,29,203,0.4577858494594693,0.5363264679908752,3.3247251510620117,9.528893909706797e-05,3.3247251510620117,29,0,True,False,False
EXP-T138,shadow,4,101,0.0001,1.0000000000000002e-06,30,210,0.4726106801203319,0.5342543423175812,3.317483901977539,9.495236500015047e-05,3.317483901977539,30,0,True,False,False
EXP-T138,shadow,4,101,0.0001,1.0000000000000002e-06,31,217,0.4960527207170214,0.5476201325654984,3.383286952972412,9.460482294732421e-05,3.317483901977539,30,1,False,False,False
EXP-T138,shadow,4,101,0.0001,1.0000000000000002e-06,32,224,0.5137636746679034,0.536140501499176,3.329977035522461,9.424639868939033e-05,3.317483901977539,30,2,False,False,False
EXP-T138,shadow,4,101,0.0001,1.0000000000000002e-06,33,231,0.4560824547495161,0.5292429178953171,3.2855064868927,9.387718066217124e-05,3.2855064868927,33,0,True,False,False
EXP-T138,shadow,4,101,0.0001,1.0000000000000002e-06,34,238,0.5616181450230735,0.526249423623085,3.25831937789917,9.349725996469047e-05,3.25831937789917,34,0,True,False,False
EXP-T138,shadow,4,101,0.0001,1.0000000000000002e-06,35,245,0.47105905413627625,0.5238936096429825,3.2522482872009277,9.310673033669521e-05,3.2522482872009277,35,0,True,False,False
EXP-T138,shadow,4,101,0.0001,1.0000000000000002e-06,36,252,0.47267533200127737,0.5226877927780151,3.253798246383667,9.270568813552756e-05,3.2522482872009277,35,1,False,False,False
EXP-T138,shadow,4,101,0.0001,1.0000000000000002e-06,37,259,0.5072196807180133,0.5252684950828552,3.265104293823242,9.229423231234974e-05,3.2522482872009277,35,2,False,False,False
EXP-T138,shadow,4,101,0.0001,1.0000000000000002e-06,38,266,0.6956261694431305,0.5155902206897736,3.2082483768463135,9.187246438772939e-05,3.2082483768463135,38,0,True,False,False
EXP-T138,shadow,4,101,0.0001,1.0000000000000002e-06,39,273,0.44801151752471924,0.5336257219314575,3.312882661819458,9.14404884265908e-05,3.2082483768463135,38,1,False,False,False
EXP-T138,shadow,4,101,0.0001,1.0000000000000002e-06,40,280,0.4634015155690057,0.5281587839126587,3.2971153259277344,9.099841101253866e-05,3.2082483768463135,38,2,False,False,False
EXP-T138,shadow,4,101,0.0001,1.0000000000000002e-06,41,287,0.39161824541432516,0.5369678735733032,3.300201892852783,9.05463412215599e-05,3.2082483768463135,38,3,False,False,False
EXP-T138,shadow,4,101,0.0001,1.0000000000000002e-06,42,294,0.376841808536223,0.5325585901737213,3.3465139865875244,9.0084390595111e-05,3.2082483768463135,38,4,False,False,False
EXP-T138,shadow,4,101,0.0001,1.0000000000000002e-06,43,301,0.3544613697699138,0.5391510725021362,3.3777925968170166,8.961267311259666e-05,3.2082483768463135,38,5,False,False,False
EXP-T138,shadow,4,101,0.0001,1.0000000000000002e-06,44,308,0.3908016788108008,0.5306412130594254,3.332658052444458,8.913130516324733e-05,3.2082483768463135,38,6,False,False,False
EXP-T138,shadow,4,101,0.0001,1.0000000000000002e-06,45,315,0.3814181387424469,0.5301342606544495,3.3304948806762695,8.864040551740158e-05,3.2082483768463135,38,7,False,False,False
EXP-T138,shadow,4,101,0.0001,1.0000000000000002e-06,46,322,0.40320334264210295,0.5557041168212891,3.4464621543884277,8.814009529720155e-05,3.2082483768463135,38,8,False,False,False
EXP-T138,shadow,4,101,0.0001,1.0000000000000002e-06,47,329,0.46073911019733976,0.5450409352779388,3.4011847972869873,8.763049794670775e-05,3.2082483768463135,38,9,False,False,False
EXP-T138,shadow,4,101,0.0001,1.0000000000000002e-06,48,336,0.3713653641087668,0.5288732051849365,3.3156981468200684,8.711173920144117e-05,3.2082483768463135,38,10,False,False,False
EXP-T138,shadow,4,101,0.0001,1.0000000000000002e-06,49,343,0.33423798211983274,0.5259176790714264,3.31697678565979,8.658394705735987e-05,3.2082483768463135,38,11,False,False,False
EXP-T138,shadow,4,101,0.0001,1.0000000000000002e-06,50,350,0.3081029866422926,0.5167859196662903,3.268744945526123,8.604725173927785e-05,3.2082483768463135,38,12,False,False,False
EXP-T138,shadow,4,101,0.0001,1.0000000000000002e-06,51,357,0.4909909133400236,0.5120401829481125,3.249680519104004,8.55017856687341e-05,3.2082483768463135,38,13,False,False,False
EXP-T138,shadow,4,101,0.0001,1.0000000000000002e-06,52,364,0.38507584163120817,0.502458244562149,3.2340877056121826,8.494768343131955e-05,3.2082483768463135,38,14,False,False,False
EXP-T138,shadow,4,101,0.0001,1.0000000000000002e-06,53,371,0.3516905903816223,0.5071725845336914,3.121846914291382,8.438508174347009e-05,3.121846914291382,53,0,True,False,False
EXP-T138,shadow,4,101,0.0001,1.0000000000000002e-06,54,378,0.3021747086729322,0.4871320426464081,3.113811731338501,8.381411941873378e-05,3.113811731338501,54,0,True,False,False
EXP-T138,shadow,4,101,0.0001,1.0000000000000002e-06,55,385,0.38830169822488514,0.4958546757698059,3.209025740623474,8.323493733352077e-05,3.113811731338501,54,1,False,False,False
EXP-T138,shadow,4,101,0.0001,1.0000000000000002e-06,56,392,0.29296119936874937,0.4928135871887207,3.1195638179779053,8.26476783923441e-05,3.113811731338501,54,2,False,False,False
EXP-T138,shadow,4,101,0.0001,1.0000000000000002e-06,57,399,0.29519858743463245,0.4921751618385315,3.1642026901245117,8.205248749256015e-05,3.113811731338501,54,3,False,False,False
EXP-T138,shadow,4,101,0.0001,1.0000000000000002e-06,58,406,0.27435684077707784,0.4774060845375061,3.097297430038452,8.144951148861742e-05,3.097297430038452,58,0,True,False,False
EXP-T138,shadow,4,101,0.0001,1.0000000000000002e-06,59,413,0.3423669806548527,0.48326681554317474,3.1227338314056396,8.083889915582235e-05,3.097297430038452,58,1,False,False,False
EXP-T138,shadow,4,101,0.0001,1.0000000000000002e-06,60,420,0.3190807359559195,0.499879390001297,3.1572664976119995,8.022080115363127e-05,3.097297430038452,58,2,False,False,False
EXP-T138,shadow,4,101,0.0001,1.0000000000000002e-06,61,427,0.3875219076871872,0.48431941866874695,3.1172523498535156,7.959536998847744e-05,3.097297430038452,58,3,False,False,False
EXP-T138,shadow,4,101,0.0001,1.0000000000000002e-06,62,434,0.2908100943480219,0.4879334270954132,3.1359572410583496,7.89627599761423e-05,3.097297430038452,58,4,False,False,False
EXP-T138,shadow,4,101,0.0001,1.0000000000000002e-06,63,441,0.3188371849911554,0.475247323513031,3.0769007205963135,7.832312720368048e-05,3.0769007205963135,63,0,True,False,False
EXP-T138,shadow,4,101,0.0001,1.0000000000000002e-06,64,448,0.32017997971602846,0.4757618010044098,3.0680091381073,7.767662949090753e-05,3.0680091381073,64,0,True,False,False
EXP-T138,shadow,4,101,0.0001,1.0000000000000002e-06,65,455,0.3487766981124878,0.47785717248916626,3.0854690074920654,7.702342635146033e-05,3.0680091381073,64,1,False,False,False
EXP-T138,shadow,4,101,0.0001,1.0000000000000002e-06,66,462,0.2838916267334883,0.46600441634655,3.0183945894241333,7.636367895343946e-05,3.0183945894241333,66,0,True,False,False
EXP-T138,shadow,4,101,0.0001,1.0000000000000002e-06,67,469,0.375953095299857,0.4675482362508774,3.0220725536346436,7.569755007964338e-05,3.0183945894241333,66,1,False,False,False
EXP-T138,shadow,4,101,0.0001,1.0000000000000002e-06,68,476,0.25242987740784883,0.47029682993888855,3.0722445249557495,7.502520408740418e-05,3.0183945894241333,66,2,False,False,False
EXP-T138,shadow,4,101,0.0001,1.0000000000000002e-06,69,483,0.28253714953150066,0.4989158511161804,3.2184412479400635,7.43468068680349e-05,3.0183945894241333,66,3,False,False,False
EXP-T138,shadow,4,101,0.0001,1.0000000000000002e-06,70,490,0.3001111719225134,0.475023090839386,3.0886049270629883,7.366252580589839e-05,3.0183945894241333,66,4,False,False,False
EXP-T138,shadow,4,101,0.0001,1.0000000000000002e-06,71,497,0.3209771386214665,0.4854586720466614,3.1464213132858276,7.297252973710757e-05,3.0183945894241333,66,5,False,False,False
EXP-T138,shadow,4,101,0.0001,1.0000000000000002e-06,72,504,0.25934678848300663,0.4879784733057022,3.1676976680755615,7.22769889078678e-05,3.0183945894241333,66,6,False,False,False
EXP-T138,shadow,4,101,0.0001,1.0000000000000002e-06,73,511,0.33806030665125164,0.48667410016059875,3.1569411754608154,7.15760749324711e-05,3.0183945894241333,66,7,False,False,False
EXP-T138,shadow,4,101,0.0001,1.0000000000000002e-06,74,518,0.39222406276634764,0.4838983565568924,3.1313133239746094,7.086996075095289e-05,3.0183945894241333,66,8,False,False,False
EXP-T138,shadow,4,101,0.0001,1.0000000000000002e-06,75,525,0.4298891808305468,0.48650312423706055,3.140803813934326,7.015882058642164e-05,3.0183945894241333,66,9,False,False,False
EXP-T138,shadow,4,101,0.0001,1.0000000000000002e-06,76,532,0.22482199561948488,0.48803555965423584,3.12954580783844,6.944282990207195e-05,3.0183945894241333,66,10,False,False,False
EXP-T138,shadow,4,101,0.0001,1.0000000000000002e-06,77,539,0.3046653377158301,0.4923369437456131,3.176603674888611,6.872216535789157e-05,3.0183945894241333,66,11,False,False,False
EXP-T138,shadow,4,101,0.0001,1.0000000000000002e-06,78,546,0.25146535617802457,0.4991712421178818,3.2295901775360107,6.799700476707323e-05,3.0183945894241333,66,12,False,False,False
EXP-T138,shadow,4,101,0.0001,1.0000000000000002e-06,79,553,0.2238584661058017,0.4838184118270874,3.1033873558044434,6.726752705214194e-05,3.0183945894241333,66,13,False,False,False
EXP-T138,shadow,4,101,0.0001,1.0000000000000002e-06,80,560,0.24658705347350665,0.5031658113002777,3.2446253299713135,6.65339122008084e-05,3.0183945894241333,66,14,False,False,False
EXP-T138,shadow,4,101,0.0001,1.0000000000000002e-06,81,567,0.34678126871585846,0.4927402585744858,3.165840744972229,6.57963412215599e-05,3.0183945894241333,66,15,False,False,False
EXP-T138,shadow,4,101,0.0001,1.0000000000000002e-06,82,574,0.22016845841842173,0.48488250374794006,3.120837926864624,6.505499609899905e-05,3.0183945894241333,66,16,False,False,False
EXP-T138,shadow,4,101,0.0001,1.0000000000000002e-06,83,581,0.2371619963752372,0.4904983192682266,3.1675143241882324,6.431005974894185e-05,3.0183945894241333,66,17,False,False,False
EXP-T138,shadow,4,101,0.0001,1.0000000000000002e-06,84,588,0.2337620218417474,0.4928319454193115,3.184066891670227,6.356171597328596e-05,3.0183945894241333,66,18,False,False,False
EXP-T138,shadow,4,101,0.0001,1.0000000000000002e-06,85,595,0.20621085353195667,0.4903287887573242,3.1466445922851562,6.281014941466031e-05,3.0183945894241333,66,19,False,False,False
EXP-T138,shadow,4,101,0.0001,1.0000000000000002e-06,86,602,0.2686025010687964,0.5168673098087311,3.327495574951172,6.205554551086733e-05,3.0183945894241333,66,20,False,False,False
EXP-T138,shadow,4,101,0.0001,1.0000000000000002e-06,87,609,0.2353562584945134,0.49436652660369873,3.156094789505005,6.129809044912887e-05,3.0183945894241333,66,21,False,False,False
EXP-T138,shadow,4,101,0.0001,1.0000000000000002e-06,88,616,0.24118488867368018,0.4970800131559372,3.1449081897735596,6.053797112014738e-05,3.0183945894241333,66,22,False,False,False
EXP-T138,shadow,4,101,0.0001,1.0000000000000002e-06,89,623,0.3033370418207986,0.498327374458313,3.1871886253356934,5.977537507199338e-05,3.0183945894241333,66,23,False,False,False
EXP-T138,shadow,4,101,0.0001,1.0000000000000002e-06,90,630,0.2193443692688431,0.4943406879901886,3.1511398553848267,5.901049046383077e-05,3.0183945894241333,66,24,False,False,False
EXP-T138,shadow,4,101,0.0001,1.0000000000000002e-06,91,637,0.25887827362333027,0.49548667669296265,3.1822197437286377,5.8243506019491436e-05,3.0183945894241333,66,25,False,False,False
EXP-T138,shadow,4,101,0.0001,1.0000000000000002e-06,92,644,0.23137692121339828,0.49477313458919525,3.177169680595398,5.7474610980910354e-05,3.0183945894241333,66,26,False,False,False
EXP-T138,shadow,4,101,0.0001,1.0000000000000002e-06,93,651,0.24561791547707149,0.4942357987165451,3.1674035787582397,5.6703995061433075e-05,3.0183945894241333,66,27,False,False,False
EXP-T138,shadow,4,101,0.0001,1.0000000000000002e-06,94,658,0.289058472429003,0.49902452528476715,3.210709810256958,5.5931848399006745e-05,3.0183945894241333,66,28,False,False,False
EXP-T138,shadow,4,101,0.0001,1.0000000000000002e-06,95,665,0.25028957639421734,0.4938468188047409,3.15749192237854,5.515836150926646e-05,3.0183945894241333,66,29,False,False,False
EXP-T138,shadow,4,101,0.0001,1.0000000000000002e-06,96,672,0.22209664859942027,0.492370069026947,3.138647675514221,5.438372523852833e-05,3.0183945894241333,66,30,False,True,False
EXP-T138,shadow,4,101,0.001,1e-05,1,7,0.5561628767422268,0.5552096664905548,3.396998882293701,0.001,3.396998882293701,1,0,True,False,False
EXP-T138,shadow,4,101,0.001,1e-05,2,14,0.5097845154149192,0.5569197982549667,3.3963258266448975,0.000999938933078422,3.3963258266448975,2,0,True,False,False
EXP-T138,shadow,4,101,0.001,1e-05,3,21,0.6454747234072004,0.5485896468162537,3.384547710418701,0.0009997557473810372,3.384547710418701,3,0,True,False,False
EXP-T138,shadow,4,101,0.001,1e-05,4,28,0.5179301202297211,0.5474163591861725,3.3713626861572266,0.0009994504881061753,3.3713626861572266,4,0,True,False,False
EXP-T138,shadow,4,101,0.001,1e-05,5,35,0.4919735661574772,0.6067696809768677,3.5658936500549316,0.0009990232305719944,3.3713626861572266,4,1,False,False,False
EXP-T138,shadow,4,101,0.001,1e-05,6,42,0.5569362895829337,0.580702394247055,3.5587894916534424,0.0009984740801978985,3.3713626861572266,4,2,False,False,False
EXP-T138,shadow,4,101,0.001,1e-05,7,49,0.5169093481131962,0.5311529338359833,3.3086094856262207,0.0009978031724785245,3.3086094856262207,7,0,True,False,False
EXP-T138,shadow,4,101,0.001,1e-05,8,56,0.5588570066860744,0.647744745016098,3.821163535118103,0.000997010672950314,3.3086094856262207,7,1,False,False,False
EXP-T138,shadow,4,101,0.001,1e-05,9,63,0.6446453886372703,0.6809900850057602,3.965547800064087,0.0009960967771506667,3.3086094856262207,7,2,False,False,False
EXP-T138,shadow,4,101,0.001,1e-05,10,70,0.43906834508691517,0.8061357736587524,4.5908522605896,0.000995061710569696,3.3086094856262207,7,3,False,False,False
EXP-T138,shadow,4,101,0.001,1e-05,11,77,0.4780163530792509,0.5420026928186417,3.3320789337158203,0.0009939057285945933,3.3086094856262207,7,4,False,False,False
EXP-T138,shadow,4,101,0.001,1e-05,12,84,0.38482456467629944,0.5446792244911194,3.3272387981414795,0.000992629116446613,3.3086094856262207,7,5,False,False,False
EXP-T138,shadow,4,101,0.001,1e-05,13,91,0.37413726108414785,0.5242636799812317,3.3065779209136963,0.000991232189110701,3.3065779209136963,13,0,True,False,False
EXP-T138,shadow,4,101,0.001,1e-05,14,98,0.30692388089398037,0.5494042634963989,3.2881659269332886,0.0009897152912577741,3.2881659269332886,14,0,True,False,False
EXP-T138,shadow,4,101,0.001,1e-05,15,105,0.39222344543252674,0.5258132368326187,3.280927896499634,0.00098807879715968,3.280927896499634,15,0,True,False,False
EXP-T138,shadow,4,101,0.001,1e-05,16,112,0.30281936284154654,0.5061920285224915,3.200873851776123,0.00098632311059685,3.200873851776123,16,0,True,False,False
EXP-T138,shadow,4,101,0.001,1e-05,17,119,0.3638466085706438,0.5555033534765244,3.389504909515381,0.0009844486647586723,3.200873851776123,16,1,False,False,False
EXP-T138,shadow,4,101,0.001,1e-05,18,126,0.3741042124373572,0.7361881136894226,4.160085439682007,0.00098245592213661,3.200873851776123,16,2,False,False,False
EXP-T138,shadow,4,101,0.001,1e-05,19,133,0.38374177472932,0.4653691351413727,2.9988014698028564,0.0009803453744100868,2.9988014698028564,19,0,True,False,False
EXP-T138,shadow,4,101,0.001,1e-05,20,140,0.3206915727683476,0.5232125520706177,3.29276180267334,0.0009781175423251734,2.9988014698028564,19,1,False,False,False
EXP-T138,shadow,4,101,0.001,1e-05,21,147,0.2505880870989391,0.5006110072135925,3.1108429431915283,0.0009757729755661011,2.9988014698028564,19,2,False,False,False
EXP-T138,shadow,4,101,0.001,1e-05,22,154,0.2362684369935388,0.478664755821228,3.053252935409546,0.0009733122526196349,2.9988014698028564,19,3,False,False,False
EXP-T138,shadow,4,101,0.001,1e-05,23,161,0.3129258815731321,0.6240723729133606,3.74399733543396,0.0009707359806323416,2.9988014698028564,19,4,False,False,False
EXP-T138,shadow,4,101,0.001,1e-05,24,168,0.3110612439257758,0.5617274940013885,3.4406977891921997,0.0009680447952607845,2.9988014698028564,19,5,False,False,False
EXP-T138,shadow,4,101,0.001,1e-05,25,175,0.25239759044987814,0.5080054402351379,3.1901183128356934,0.0009652393605146844,2.9988014698028564,19,6,False,False,False
EXP-T138,shadow,4,101,0.001,1e-05,26,182,0.29909396171569824,0.5665559470653534,3.4656450748443604,0.000962320368593087,2.9988014698028564,19,7,False,False,False
EXP-T138,shadow,4,101,0.001,1e-05,27,189,0.17308794357813895,0.5238503217697144,3.2860569953918457,0.0009592885397135706,2.9988014698028564,19,8,False,False,False
EXP-T138,shadow,4,101,0.001,1e-05,28,196,0.1685431892318385,0.5774291753768921,3.5411858558654785,0.0009561446219345453,2.9988014698028564,19,9,False,False,False
EXP-T138,shadow,4,101,0.001,1e-05,29,203,0.18486242634909494,0.5639706552028656,3.4229670763015747,0.0009528893909706797,2.9988014698028564,19,10,False,False,False
EXP-T138,shadow,4,101,0.001,1e-05,30,210,0.1914782119648797,0.5607702732086182,3.463427186012268,0.0009495236500015047,2.9988014698028564,19,11,False,False,False
EXP-T138,shadow,4,101,0.001,1e-05,31,217,0.19074749946594238,0.5698515474796295,3.509428381919861,0.0009460482294732421,2.9988014698028564,19,12,False,False,False
EXP-T138,shadow,4,101,0.001,1e-05,32,224,0.17681302981717245,0.5409862101078033,3.384084701538086,0.0009424639868939033,2.9988014698028564,19,13,False,False,False
EXP-T138,shadow,4,101,0.001,1e-05,33,231,0.16188824283225195,0.6356959939002991,3.7651394605636597,0.0009387718066217125,2.9988014698028564,19,14,False,False,False
EXP-T138,shadow,4,101,0.001,1e-05,34,238,0.1705082202596324,0.500487670302391,3.222536087036133,0.0009349725996469047,2.9988014698028564,19,15,False,False,False
EXP-T138,shadow,4,101,0.001,1e-05,35,245,0.14911509908935322,0.5932994037866592,3.5661247968673706,0.0009310673033669522,2.9988014698028564,19,16,False,False,False
EXP-T138,shadow,4,101,0.001,1e-05,36,252,0.22757356294563838,0.5937319099903107,3.5900373458862305,0.0009270568813552756,2.9988014698028564,19,17,False,False,False
EXP-T138,shadow,4,101,0.001,1e-05,37,259,0.1539506342794214,0.57547926902771,3.4942681789398193,0.0009229423231234975,2.9988014698028564,19,18,False,False,False
EXP-T138,shadow,4,101,0.001,1e-05,38,266,0.24212439783981868,0.6264617145061493,3.7353538274765015,0.0009187246438772938,2.9988014698028564,19,19,False,False,False
EXP-T138,shadow,4,101,0.001,1e-05,39,273,0.1097136459180287,0.535079300403595,3.308539628982544,0.0009144048842659081,2.9988014698028564,19,20,False,False,False
EXP-T138,shadow,4,101,0.001,1e-05,40,280,0.2189400973064559,0.5678031742572784,3.4407236576080322,0.0009099841101253866,2.9988014698028564,19,21,False,False,False
EXP-T138,shadow,4,101,0.001,1e-05,41,287,0.17847320756741933,0.5247243046760559,3.3067516088485718,0.000905463412215599,2.9988014698028564,19,22,False,False,False
EXP-T138,shadow,4,101,0.001,1e-05,42,294,0.1478653395814555,0.5403478592634201,3.3363070487976074,0.0009008439059511099,2.9988014698028564,19,23,False,False,False
EXP-T138,shadow,4,101,0.001,1e-05,43,301,0.11004179583064147,0.5815199613571167,3.492185592651367,0.0008961267311259666,2.9988014698028564,19,24,False,False,False
EXP-T138,shadow,4,101,0.001,1e-05,44,308,0.14317054141845023,0.5964335203170776,3.641436457633972,0.0008913130516324732,2.9988014698028564,19,25,False,False,False
EXP-T138,shadow,4,101,0.001,1e-05,45,315,0.13467154492224967,0.4897378534078598,3.091429352760315,0.0008864040551740157,2.9988014698028564,19,26,False,False,False
EXP-T138,shadow,4,101,0.001,1e-05,46,322,0.10292846756055951,0.501706674695015,3.1411954164505005,0.0008814009529720154,2.9988014698028564,19,27,False,False,False
EXP-T138,shadow,4,101,0.001,1e-05,47,329,0.138660090310233,0.482193723320961,3.0886900424957275,0.0008763049794670775,2.9988014698028564,19,28,False,False,False
EXP-T138,shadow,4,101,0.001,1e-05,48,336,0.08590941210942608,0.5775530636310577,3.525663375854492,0.0008711173920144117,2.9988014698028564,19,29,False,False,False
EXP-T138,shadow,4,101,0.001,1e-05,49,343,0.1446684311543192,0.4990670084953308,3.2030205726623535,0.0008658394705735987,2.9988014698028564,19,30,False,True,False
EXP-T138,shadow,4,101,0.01,0.0001,1,7,3.4977426869528636,0.5770448297262192,3.5215330123901367,0.01,3.5215330123901367,1,0,True,False,False
EXP-T138,shadow,4,101,0.01,0.0001,2,14,1.9484771234648568,1.2331019639968872,6.539409637451172,0.00999938933078422,3.5215330123901367,1,1,False,False,False
EXP-T138,shadow,4,101,0.01,0.0001,3,21,1.298897841147014,0.9429051876068115,5.1839635372161865,0.009997557473810372,3.5215330123901367,1,2,False,False,False
EXP-T138,shadow,4,101,0.01,0.0001,4,28,0.6670085617474147,0.5904596745967865,3.5366411209106445,0.009994504881061753,3.5215330123901367,1,3,False,False,False
EXP-T138,shadow,4,101,0.01,0.0001,5,35,0.5725529837821212,0.5697905719280243,3.445000648498535,0.009990232305719944,3.445000648498535,5,0,True,False,False
EXP-T138,shadow,4,101,0.01,0.0001,6,42,0.5578816064766475,0.5823844969272614,3.5432863235473633,0.009984740801978984,3.445000648498535,5,1,False,False,False
EXP-T138,shadow,4,101,0.01,0.0001,7,49,0.6769545759473529,0.5548847019672394,3.4062507152557373,0.009978031724785246,3.4062507152557373,7,0,True,False,False
EXP-T138,shadow,4,101,0.01,0.0001,8,56,0.48854944788451704,0.5550976991653442,3.40625,0.00997010672950314,3.40625,8,0,True,False,False
EXP-T138,shadow,4,101,0.01,0.0001,9,63,0.5522891538483756,0.5551619678735733,3.40625,0.009960967771506667,3.40625,8,1,False,False,False
EXP-T138,shadow,4,101,0.01,0.0001,10,70,0.5278966682297843,0.5554537326097488,3.40625,0.00995061710569696,3.40625,8,2,False,False,False
EXP-T138,shadow,4,101,0.01,0.0001,11,77,0.5110641483749662,0.5549774020910263,3.40625,0.009939057285945933,3.40625,8,3,False,False,False
EXP-T138,shadow,4,101,0.01,0.0001,12,84,0.5390200189181736,0.5548422336578369,3.40625,0.00992629116446613,3.40625,8,4,False,False,False
EXP-T138,shadow,4,101,0.01,0.0001,13,91,0.4913402431245361,0.5548425763845444,3.40625,0.00991232189110701,3.40625,8,5,False,False,False
EXP-T138,shadow,4,101,0.01,0.0001,14,98,0.497195911194597,0.5548595637083054,3.40625,0.00989715291257774,3.40625,8,6,False,False,False
EXP-T138,shadow,4,101,0.01,0.0001,15,105,0.7313105080808912,0.554977297782898,3.40625,0.0098807879715968,3.40625,8,7,False,False,False
EXP-T138,shadow,4,101,0.01,0.0001,16,112,0.743459186383656,0.5555454939603806,3.40625,0.0098632311059685,3.40625,8,8,False,False,False
EXP-T138,shadow,4,101,0.01,0.0001,17,119,0.634480105979102,0.5564880967140198,3.40625,0.009844486647586723,3.40625,8,9,False,False,False
EXP-T138,shadow,4,101,0.01,0.0001,18,126,0.5716672624860492,0.5578857064247131,3.40625,0.0098245592213661,3.40625,8,10,False,False,False
EXP-T138,shadow,4,101,0.01,0.0001,19,133,0.5116817695753915,0.559090331196785,3.40625,0.009803453744100868,3.40625,8,11,False,False,False
EXP-T138,shadow,4,101,0.01,0.0001,20,140,0.5236366731779916,0.5579644590616226,3.40625,0.009781175423251734,3.40625,8,12,False,False,False
EXP-T138,shadow,4,101,0.01,0.0001,21,147,0.6654638946056366,0.5566029399633408,3.40625,0.009757729755661011,3.40625,8,13,False,False,False
EXP-T138,shadow,4,101,0.01,0.0001,22,154,0.7154472555433001,0.5564157962799072,3.40625,0.009733122526196349,3.40625,8,14,False,False,False
EXP-T138,shadow,4,101,0.01,0.0001,23,161,0.6068668152604785,0.5556695759296417,3.40625,0.009707359806323416,3.40625,8,15,False,False,False
EXP-T138,shadow,4,101,0.01,0.0001,24,168,0.5150375493935176,0.5558500438928604,3.40625,0.009680447952607845,3.40625,8,16,False,False,False
EXP-T138,shadow,4,101,0.01,0.0001,25,175,0.4940702015800135,0.5562708377838135,3.40625,0.009652393605146845,3.40625,8,17,False,False,False
EXP-T138,shadow,4,101,0.01,0.0001,26,182,0.4908545610627958,0.5566807389259338,3.40625,0.00962320368593087,3.40625,8,18,False,False,False
EXP-T138,shadow,4,101,0.01,0.0001,27,189,0.4960843766374247,0.5562965869903564,3.40625,0.009592885397135707,3.40625,8,19,False,False,False
EXP-T138,shadow,4,101,0.01,0.0001,28,196,0.4947596112532275,0.5557784140110016,3.40625,0.009561446219345454,3.40625,8,20,False,False,False
EXP-T138,shadow,4,101,0.01,0.0001,29,203,0.5030527295810836,0.5558030307292938,3.40625,0.009528893909706798,3.40625,8,21,False,False,False
EXP-T138,shadow,4,101,0.01,0.0001,30,210,0.49546918060098377,0.5560071468353271,3.40625,0.009495236500015047,3.40625,8,22,False,False,False
EXP-T138,shadow,4,101,0.01,0.0001,31,217,0.5150662916047233,0.5558317750692368,3.40625,0.00946048229473242,3.40625,8,23,False,False,False
EXP-T138,shadow,4,101,0.01,0.0001,32,224,0.5628241385732379,0.5560739487409592,3.40625,0.009424639868939034,3.40625,8,24,False,False,False
EXP-T138,shadow,4,101,0.01,0.0001,33,231,0.489072154276073,0.5564312934875488,3.40625,0.009387718066217124,3.40625,8,25,False,False,False
EXP-T138,shadow,4,101,0.01,0.0001,34,238,0.6498128644057682,0.5566160082817078,3.40625,0.009349725996469048,3.40625,8,26,False,False,False
EXP-T138,shadow,4,101,0.01,0.0001,35,245,0.5418619513511658,0.557409256696701,3.40625,0.00931067303366952,3.40625,8,27,False,False,False
EXP-T138,shadow,4,101,0.01,0.0001,36,252,0.629561185836792,0.5580467581748962,3.40625,0.009270568813552756,3.40625,8,28,False,False,False
EXP-T138,shadow,4,101,0.01,0.0001,37,259,0.6030508705547878,0.5574078410863876,3.40625,0.009229423231234974,3.40625,8,29,False,False,False
EXP-T138,shadow,4,101,0.01,0.0001,38,266,0.7642271135534559,0.5574411451816559,3.40625,0.009187246438772938,3.40625,8,30,False,True,False
