tag,model,y_mode,repeat,fold,spearman,pearson,mae,rmse,n,target,members
SEQ_SIMPLE,Ridge_grid,raw,0,0,0.5549019607843138,0.5058604718842368,0.48622282905279396,0.7001987365598774,35.0,HIC,
SEQ_SIMPLE,ElasticNet,raw,0,0,0.37843137254901965,0.2943928589852317,0.498150726366017,0.7568321736420847,35.0,HIC,
SEQ_SIMPLE,PLS,raw,0,0,0.29299719887955183,0.23795351423925268,0.5772448209405648,0.8274069813875915,35.0,HIC,
SEQ_SIMPLE,Ridge_grid,raw,0,1,0.46882641134185343,0.18938508043410868,0.5378275033858548,0.74655899937633,34.0,HIC,
SEQ_SIMPLE,ElasticNet,raw,0,1,0.39975550588992464,0.23616671273636963,0.49292814519941136,0.8015359668924591,34.0,HIC,
SEQ_SIMPLE,PLS,raw,0,1,0.3196821553217593,0.1630995122206237,0.6232624027099265,0.9492229494768243,34.0,HIC,
SEQ_SIMPLE,Ridge_grid,raw,0,2,0.13233082706766916,0.07991851406509484,0.592361998314219,0.8933944263687182,20.0,HIC,
SEQ_SIMPLE,ElasticNet,raw,0,2,0.306766917293233,0.27569112003730634,0.47571933288080137,0.688129839747942,20.0,HIC,
SEQ_SIMPLE,PLS,raw,0,2,0.12932330827067667,0.04408841378542026,0.6185480190493531,0.891417351691494,20.0,HIC,
SEQ_SIMPLE,Ridge_grid,raw,0,3,0.19466403162055337,0.3750769847400473,0.6654078111894358,0.7845251773199009,23.0,HIC,
SEQ_SIMPLE,ElasticNet,raw,0,3,0.26778656126482214,0.37420822800064124,0.5673930338145748,0.6661109239601821,23.0,HIC,
SEQ_SIMPLE,PLS,raw,0,3,0.19762845849802374,0.3560353643982334,0.6565972058977808,0.7964900132852823,23.0,HIC,
SEQ_SIMPLE,Ridge_grid,raw,0,4,0.2580087459360284,0.4199309240258765,0.627432678306212,0.8871105628539172,50.0,HIC,
SEQ_SIMPLE,ElasticNet,raw,0,4,0.23077662401761287,0.4175732949935774,0.6438340950986786,0.8880596036590407,50.0,HIC,
SEQ_SIMPLE,PLS,raw,0,4,0.1967724929448824,0.4032840244578957,0.6678308638331507,0.9068891319351673,50.0,HIC,
SEQ_SIMPLE,Ridge_grid,raw,1,0,0.457518342750166,0.17944252470650407,0.5385281188282153,0.7467434954424519,34.0,HIC,
SEQ_SIMPLE,ElasticNet,raw,1,0,0.3753056278538436,0.23431757664462036,0.5032953227303336,0.7978583961991779,34.0,HIC,
SEQ_SIMPLE,PLS,raw,1,0,0.3216687079121909,0.15836666657068182,0.6194478865352759,0.9500287012560646,34.0,HIC,
SEQ_SIMPLE,Ridge_grid,raw,1,1,0.10526315789473684,0.08940138887232182,0.5982807736740278,0.8774974325575522,20.0,HIC,
SEQ_SIMPLE,ElasticNet,raw,1,1,0.3669172932330827,0.2943263288352779,0.4682054522713345,0.6817291282607778,20.0,HIC,
SEQ_SIMPLE,PLS,raw,1,1,0.1518796992481203,0.07250200710093119,0.6099806604164271,0.8874823331487959,20.0,HIC,
SEQ_SIMPLE,Ridge_grid,raw,1,2,0.2580087459360284,0.4199309240258765,0.627432678306212,0.8871105628539172,50.0,HIC,
SEQ_SIMPLE,ElasticNet,raw,1,2,0.23077662401761287,0.4175732949935774,0.6438340950986786,0.8880596036590407,50.0,HIC,
SEQ_SIMPLE,PLS,raw,1,2,0.1967724929448824,0.4032840244578957,0.6678308638331507,0.9068891319351673,50.0,HIC,
SEQ_SIMPLE,Ridge_grid,raw,1,3,0.5549019607843138,0.5058604718842368,0.48622282905279396,0.7001987365598774,35.0,HIC,
SEQ_SIMPLE,ElasticNet,raw,1,3,0.37843137254901965,0.2943928589852317,0.498150726366017,0.7568321736420847,35.0,HIC,
SEQ_SIMPLE,PLS,raw,1,3,0.29299719887955183,0.23795351423925268,0.5772448209405648,0.8274069813875915,35.0,HIC,
SEQ_SIMPLE,Ridge_grid,raw,1,4,0.2865612648221344,0.4688136628216814,0.5713567185247687,0.6831664396850048,23.0,HIC,
SEQ_SIMPLE,ElasticNet,raw,1,4,0.2845849802371542,0.4149118914200013,0.5140342414347909,0.6356596543896031,23.0,HIC,
SEQ_SIMPLE,PLS,raw,1,4,0.24802371541501977,0.43594925379306226,0.5815654755256161,0.7198424414584822,23.0,HIC,
SEQ_SIMPLE,Ridge_grid,raw,2,0,0.42391304347826086,0.5421978661418573,0.4945799664417096,0.608745223749287,23.0,HIC,
SEQ_SIMPLE,ElasticNet,raw,2,0,0.3942687747035573,0.48141448926095226,0.47786332542115334,0.5987048998091975,23.0,HIC,
SEQ_SIMPLE,PLS,raw,2,0,0.35177865612648224,0.4720829183240434,0.5191184857137262,0.6678517406647956,23.0,HIC,
SEQ_SIMPLE,Ridge_grid,raw,2,1,0.09774436090225563,0.09270833360186201,0.6542003551646174,0.9221241918375669,20.0,HIC,
SEQ_SIMPLE,ElasticNet,raw,2,1,0.33383458646616543,0.3037421831494416,0.47217695423902645,0.6864229622702489,20.0,HIC,
SEQ_SIMPLE,PLS,raw,2,1,0.12330827067669171,0.09384403029284119,0.6646833403109904,0.9341052464662322,20.0,HIC,
SEQ_SIMPLE,Ridge_grid,raw,2,2,0.3789731095592558,0.135504668811213,0.5402455449133201,0.7479379682581837,34.0,HIC,
SEQ_SIMPLE,ElasticNet,raw,2,2,0.3251833778798775,0.21045153469602754,0.513988978303631,0.8051717468537235,34.0,HIC,
SEQ_SIMPLE,PLS,raw,2,2,0.33633863473383946,0.19359878499145067,0.6292051088272732,0.9447212297029742,34.0,HIC,
SEQ_SIMPLE,Ridge_grid,raw,2,3,0.5549019607843138,0.5058604718842368,0.48622282905279396,0.7001987365598774,35.0,HIC,
SEQ_SIMPLE,ElasticNet,raw,2,3,0.37843137254901965,0.2943928589852317,0.498150726366017,0.7568321736420847,35.0,HIC,
SEQ_SIMPLE,PLS,raw,2,3,0.29299719887955183,0.23795351423925268,0.5772448209405648,0.8274069813875915,35.0,HIC,
SEQ_SIMPLE,Ridge_grid,raw,2,4,0.2425435902786566,0.4085271357729113,0.6368995632933039,0.8915189249979599,50.0,HIC,
SEQ_SIMPLE,ElasticNet,raw,2,4,0.20349647366547882,0.3993143546875444,0.6581630226884795,0.8964059599158829,50.0,HIC,
SEQ_SIMPLE,PLS,raw,2,4,0.20935594257914142,0.38340111800987586,0.704727051924146,0.9297462821996428,50.0,HIC,
SEQ_SIMPLE,Ridge_grid,raw,3,0,0.5549019607843138,0.5058604718842368,0.48622282905279396,0.7001987365598774,35.0,HIC,
SEQ_SIMPLE,ElasticNet,raw,3,0,0.37843137254901965,0.2943928589852317,0.498150726366017,0.7568321736420847,35.0,HIC,
SEQ_SIMPLE,PLS,raw,3,0,0.29299719887955183,0.23795351423925268,0.5772448209405648,0.8274069813875915,35.0,HIC,
SEQ_SIMPLE,Ridge_grid,raw,3,1,0.47631418649040325,0.1843588002723474,0.5383258776274741,0.7466926723553383,34.0,HIC,
SEQ_SIMPLE,ElasticNet,raw,3,1,0.41014670405525905,0.24363999137584608,0.4956261765255738,0.7997509060904776,34.0,HIC,
SEQ_SIMPLE,PLS,raw,3,1,0.3291564830607407,0.17483693735123768,0.6271010343294937,0.9492907250910045,34.0,HIC,
SEQ_SIMPLE,Ridge_grid,raw,3,2,0.25085250931196507,0.40529722848572597,0.6385434580018647,0.89297797566657,50.0,HIC,
SEQ_SIMPLE,ElasticNet,raw,3,2,0.21924979992516186,0.39670201491272716,0.6595441106669213,0.8975214777458702,50.0,HIC,
SEQ_SIMPLE,PLS,raw,3,2,0.19658037921000823,0.37649458970353056,0.7011040043338612,0.9338032773019914,50.0,HIC,
SEQ_SIMPLE,Ridge_grid,raw,3,3,0.09774436090225563,0.09270833360186201,0.6542003551646174,0.9221241918375669,20.0,HIC,
SEQ_SIMPLE,ElasticNet,raw,3,3,0.33383458646616543,0.3037421831494416,0.47217695423902645,0.6864229622702489,20.0,HIC,
SEQ_SIMPLE,PLS,raw,3,3,0.12330827067669171,0.09384403029284119,0.6646833403109904,0.9341052464662322,20.0,HIC,
SEQ_SIMPLE,Ridge_grid,raw,3,4,0.3804347826086957,0.5020906366199682,0.5164299508046076,0.6246427261962868,23.0,HIC,
SEQ_SIMPLE,ElasticNet,raw,3,4,0.29446640316205536,0.4235878751592118,0.5169496636103237,0.6282569834551998,23.0,HIC,
SEQ_SIMPLE,PLS,raw,3,4,0.30830039525691705,0.4441590491157032,0.539897470859403,0.6761211730427388,23.0,HIC,
SEQ_CDR,Ridge_grid,raw,0,0,0.44285714285714284,0.4301142634682755,0.664331752331133,0.8687651068545367,35.0,HIC,
SEQ_CDR,ElasticNet,raw,0,0,0.5014005602240897,0.4624897398596228,0.49983407682643133,0.7140705987134268,35.0,HIC,
SEQ_CDR,PLS,raw,0,0,0.5456582633053222,0.498701092233505,0.5983610825959569,0.7928049899546405,35.0,HIC,
SEQ_CDR,Ridge_grid,raw,0,1,0.37866748608380474,0.28929186305933313,0.7375800538618377,1.0520637843958127,34.0,HIC,
SEQ_CDR,ElasticNet,raw,0,1,0.43963936943628185,0.34625370809404876,0.5208845374806675,0.775113032502405,34.0,HIC,
SEQ_CDR,PLS,raw,0,1,0.4081601514648274,0.3286251265469857,0.6793676442747495,0.9717275957088263,34.0,HIC,
SEQ_CDR,Ridge_grid,raw,0,2,-0.18496240601503755,-0.18277989376676604,1.034590250980569,1.2469369420270935,20.0,HIC,
SEQ_CDR,ElasticNet,raw,0,2,0.3383458646616541,0.30471647413100655,0.5289909910066918,0.6943656350127395,20.0,HIC,
SEQ_CDR,PLS,raw,0,2,-0.03909774436090225,-0.003230066470718329,0.7750622686673099,0.9524448313683622,20.0,HIC,
SEQ_CDR,Ridge_grid,raw,0,3,0.18280632411067196,0.2711408124020667,1.5833686542815515,1.9208110638344609,23.0,HIC,
SEQ_CDR,ElasticNet,raw,0,3,0.5148221343873518,0.4361002757625666,0.5471537578830256,0.7100765775925113,23.0,HIC,
SEQ_CDR,PLS,raw,0,3,0.6343873517786561,0.5019160392455038,0.7382059472853164,0.936591510197401,23.0,HIC,
SEQ_CDR,Ridge_grid,raw,0,4,0.16132750886059555,0.3183739647233544,0.6504093028207236,0.9359180255264496,50.0,HIC,
SEQ_CDR,ElasticNet,raw,0,4,0.27760434689319513,0.49837014583973616,0.6887176755537996,0.8571761614524915,50.0,HIC,
SEQ_CDR,PLS,raw,0,4,0.34325921578644725,0.527334899314603,0.7378705005855459,0.8867627300438768,50.0,HIC,
SEQ_CDR,Ridge_grid,raw,1,0,0.40342298759533674,0.29137145902028033,0.7427211835750827,1.0478391345546592,34.0,HIC,
SEQ_CDR,ElasticNet,raw,1,0,0.4520171201920478,0.3448806704843874,0.526801848117396,0.7763716705436187,34.0,HIC,
SEQ_CDR,PLS,raw,1,0,0.46607580006279437,0.3399092834028564,0.671323318000365,0.9691885224143665,34.0,HIC,
SEQ_CDR,Ridge_grid,raw,1,1,-0.08571428571428572,-0.12963368440813888,1.773530984696339,2.0819436724183924,20.0,HIC,
SEQ_CDR,ElasticNet,raw,1,1,0.40751879699248117,0.3484386505162913,0.5217334173266802,0.6979567930808834,20.0,HIC,
SEQ_CDR,PLS,raw,1,1,0.1789473684210526,0.12904293906371214,0.7728624168330945,0.9682955279847445,20.0,HIC,
SEQ_CDR,Ridge_grid,raw,1,2,0.16132750886059555,0.3183739647233544,0.6504093028207236,0.9359180255264496,50.0,HIC,
SEQ_CDR,ElasticNet,raw,1,2,0.27760434689319513,0.49837014583973616,0.6887176755537996,0.8571761614524915,50.0,HIC,
SEQ_CDR,PLS,raw,1,2,0.34325921578644725,0.527334899314603,0.7378705005855459,0.8867627300438768,50.0,HIC,
SEQ_CDR,Ridge_grid,raw,1,3,0.44285714285714284,0.4301142634682755,0.664331752331133,0.8687651068545367,35.0,HIC,
SEQ_CDR,ElasticNet,raw,1,3,0.5014005602240897,0.4624897398596228,0.49983407682643133,0.7140705987134268,35.0,HIC,
SEQ_CDR,PLS,raw,1,3,0.5456582633053222,0.498701092233505,0.5983610825959569,0.7928049899546405,35.0,HIC,
SEQ_CDR,Ridge_grid,raw,1,4,0.22529644268774704,0.22155530851905375,1.4407810293568826,1.8883708302646758,23.0,HIC,
SEQ_CDR,ElasticNet,raw,1,4,0.42786561264822137,0.26092553961670195,0.7200225718290044,1.051170810921773,23.0,HIC,
SEQ_CDR,PLS,raw,1,4,0.5701581027667983,0.3461856634969356,0.8459697189812071,1.2595675369383714,23.0,HIC,
SEQ_CDR,Ridge_grid,raw,2,0,0.4535573122529644,0.3868666884372688,1.1524814895600686,1.4197801047249778,23.0,HIC,
SEQ_CDR,ElasticNet,raw,2,0,0.5553359683794467,0.4483153696915872,0.5383614777444047,0.6871902121668821,23.0,HIC,
SEQ_CDR,PLS,raw,2,0,0.6116600790513834,0.5120550192822979,0.7485622839184372,0.9404109586408775,23.0,HIC,
SEQ_CDR,Ridge_grid,raw,2,1,-0.045112781954887216,-0.057967108406756535,1.1290592975912765,1.3270360452908283,20.0,HIC,
SEQ_CDR,ElasticNet,raw,2,1,0.431578947368421,0.3601803145636636,0.5437998447786113,0.7140052447848276,20.0,HIC,
SEQ_CDR,PLS,raw,2,1,0.1819548872180451,0.12635415105181788,0.8277760950957912,1.012066291459281,20.0,HIC,
SEQ_CDR,Ridge_grid,raw,2,2,0.2823960913167357,0.19459345914611437,0.743872797698423,1.0897956626262508,34.0,HIC,
SEQ_CDR,ElasticNet,raw,2,2,0.35039731460458606,0.26002615808259133,0.5442634630359195,0.8055868300804125,34.0,HIC,
SEQ_CDR,PLS,raw,2,2,0.32503056614215203,0.2493019032669811,0.6834004075825879,0.9894953329980962,34.0,HIC,
SEQ_CDR,Ridge_grid,raw,2,3,0.44285714285714284,0.4301142634682755,0.664331752331133,0.8687651068545367,35.0,HIC,
SEQ_CDR,ElasticNet,raw,2,3,0.5014005602240897,0.4624897398596228,0.49983407682643133,0.7140705987134268,35.0,HIC,
SEQ_CDR,PLS,raw,2,3,0.5456582633053222,0.498701092233505,0.5983610825959569,0.7928049899546405,35.0,HIC,
SEQ_CDR,Ridge_grid,raw,2,4,0.07117813877088497,0.27035506733571424,0.665714432972255,0.9448402650114666,50.0,HIC,
SEQ_CDR,ElasticNet,raw,2,4,0.1765525223493746,0.4307242040437938,0.7653099119363166,0.9186603598610041,50.0,HIC,
SEQ_CDR,PLS,raw,2,4,0.32616109338264493,0.49065507465994296,0.7968625896375905,0.9319553055693099,50.0,HIC,
SEQ_CDR,Ridge_grid,raw,3,0,0.44285714285714284,0.4301142634682755,0.664331752331133,0.8687651068545367,35.0,HIC,
SEQ_CDR,ElasticNet,raw,3,0,0.5014005602240897,0.4624897398596228,0.49983407682643133,0.7140705987134268,35.0,HIC,
SEQ_CDR,PLS,raw,3,0,0.5456582633053222,0.498701092233505,0.5983610825959569,0.7928049899546405,35.0,HIC,
SEQ_CDR,Ridge_grid,raw,3,1,0.40495110497259185,0.29460011073316184,0.7198631766759687,1.0421397724506463,34.0,HIC,
SEQ_CDR,ElasticNet,raw,3,1,0.4834963381635021,0.3727825038006985,0.5119123018156964,0.7667245776387868,34.0,HIC,
SEQ_CDR,PLS,raw,3,1,0.4376528168458502,0.3294489973305237,0.6545114409748793,0.9586892484768962,34.0,HIC,
SEQ_CDR,Ridge_grid,raw,3,2,0.14298064718011103,0.3029932322903332,0.6574371905246342,0.9390139889217665,50.0,HIC,
SEQ_CDR,ElasticNet,raw,3,2,0.26069833822426697,0.4937320006621227,0.6959684590190139,0.8623156349475536,50.0,HIC,
SEQ_CDR,PLS,raw,3,2,0.3250564394071184,0.520412862245954,0.7514397441700333,0.8931699448401749,50.0,HIC,
SEQ_CDR,Ridge_grid,raw,3,3,-0.045112781954887216,-0.057967108406756535,1.1290592975912765,1.3270360452908283,20.0,HIC,
SEQ_CDR,ElasticNet,raw,3,3,0.431578947368421,0.3601803145636636,0.5437998447786113,0.7140052447848276,20.0,HIC,
SEQ_CDR,PLS,raw,3,3,0.1819548872180451,0.12635415105181788,0.8277760950957912,1.012066291459281,20.0,HIC,
SEQ_CDR,Ridge_grid,raw,3,4,0.3656126482213439,0.3344365229576801,1.2453972766316528,1.532400730536404,23.0,HIC,
SEQ_CDR,ElasticNet,raw,3,4,0.5553359683794467,0.44577149799607463,0.540870002983464,0.68700100266769,23.0,HIC,
SEQ_CDR,PLS,raw,3,4,0.5889328063241107,0.4936134249963014,0.7602100824247999,0.95008288396294,23.0,HIC,
BIO_SHORTCUT,Ridge_grid,raw,0,0,0.3352941176470588,0.4715345005990917,0.5630555386023659,0.7581141232694663,35.0,HIC,
BIO_SHORTCUT,ElasticNet,raw,0,0,0.4087120956867883,0.5116406815702228,0.4403530396466275,0.6680538861901479,35.0,HIC,
BIO_SHORTCUT,PLS,raw,0,0,0.34481792717086834,0.4419990648003079,0.5346553324408666,0.753937590804143,35.0,HIC,
BIO_SHORTCUT,Ridge_grid,raw,0,1,0.10605134598150141,-0.040800826955592895,0.5228485171278789,0.8313570147768726,34.0,HIC,
BIO_SHORTCUT,ElasticNet,raw,0,1,0.22037136153583523,0.06253085578280658,0.47927195721855576,0.7833695996396488,34.0,HIC,
BIO_SHORTCUT,PLS,raw,0,1,0.1728300753675477,0.02948455829506541,0.49965809517843013,0.8061949812905996,34.0,HIC,
BIO_SHORTCUT,Ridge_grid,raw,0,2,0.5789473684210527,0.5687582346637438,0.4455514086359399,0.590430309275306,20.0,HIC,
BIO_SHORTCUT,ElasticNet,raw,0,2,0.5774436090225563,0.6250781697827716,0.3899937367919201,0.5350558376645064,20.0,HIC,
BIO_SHORTCUT,PLS,raw,0,2,0.5218045112781955,0.5995926183784276,0.3987421159550739,0.5527602800660804,20.0,HIC,
BIO_SHORTCUT,Ridge_grid,raw,0,3,0.3883399209486166,0.4687894210570693,0.5305153237623202,0.6500958679644351,23.0,HIC,
BIO_SHORTCUT,ElasticNet,raw,0,3,0.3685770750988142,0.40399757379935924,0.5127880715999124,0.6331435782133503,23.0,HIC,
BIO_SHORTCUT,PLS,raw,0,3,0.4367588932806324,0.4157505838583267,0.5569945328020045,0.6587018975446289,23.0,HIC,
BIO_SHORTCUT,Ridge_grid,raw,0,4,0.19192162113930925,0.2508339663161983,0.6895522306800751,0.9978936143390058,50.0,HIC,
BIO_SHORTCUT,ElasticNet,raw,0,4,0.3713647659397488,0.47078707399529024,0.6413315882095074,0.8662435036704689,50.0,HIC,
BIO_SHORTCUT,PLS,raw,0,4,0.3614139637320576,0.4528420302231232,0.6527188349953229,0.8747151185584723,50.0,HIC,
BIO_SHORTCUT,Ridge_grid,raw,1,0,0.13355745877209255,-0.04818236316864735,0.5704105655202697,0.8388032329910294,34.0,HIC,
BIO_SHORTCUT,ElasticNet,raw,1,0,0.17895621661474556,0.04929577819906264,0.4842039335136254,0.7833826844691394,34.0,HIC,
BIO_SHORTCUT,PLS,raw,1,0,0.17466381622025376,0.0048406116891774875,0.5483752461409325,0.8185724365752444,34.0,HIC,
BIO_SHORTCUT,Ridge_grid,raw,1,1,0.58796992481203,0.5544518193815425,0.45413305748778054,0.5961721409750855,20.0,HIC,
BIO_SHORTCUT,ElasticNet,raw,1,1,0.5654135338345864,0.6246838975222786,0.3901770452830008,0.5336731084311183,20.0,HIC,
BIO_SHORTCUT,PLS,raw,1,1,0.4766917293233082,0.5818638866171358,0.40681639385101054,0.5599464930833352,20.0,HIC,
BIO_SHORTCUT,Ridge_grid,raw,1,2,0.19192162113930925,0.2508339663161983,0.6895522306800751,0.9978936143390058,50.0,HIC,
BIO_SHORTCUT,ElasticNet,raw,1,2,0.3713647659397488,0.47078707399529024,0.6413315882095074,0.8662435036704689,50.0,HIC,
BIO_SHORTCUT,PLS,raw,1,2,0.3614139637320576,0.4528420302231232,0.6527188349953229,0.8747151185584723,50.0,HIC,
BIO_SHORTCUT,Ridge_grid,raw,1,3,0.3352941176470588,0.4715345005990917,0.5630555386023659,0.7581141232694663,35.0,HIC,
BIO_SHORTCUT,ElasticNet,raw,1,3,0.4087120956867883,0.5116406815702228,0.4403530396466275,0.6680538861901479,35.0,HIC,
BIO_SHORTCUT,PLS,raw,1,3,0.34481792717086834,0.4419990648003079,0.5346553324408666,0.753937590804143,35.0,HIC,
BIO_SHORTCUT,Ridge_grid,raw,1,4,0.38932806324110675,0.46498749934195777,0.5309598765385373,0.6537107541530024,23.0,HIC,
BIO_SHORTCUT,ElasticNet,raw,1,4,0.3616600790513834,0.40138223444470167,0.5106910264399601,0.6340398830311907,23.0,HIC,
BIO_SHORTCUT,PLS,raw,1,4,0.4120553359683795,0.4200659475115775,0.5452821601016735,0.6535260743303811,23.0,HIC,
BIO_SHORTCUT,Ridge_grid,raw,2,0,0.3102766798418973,0.4282971869588446,0.5680809964870712,0.6667054523039584,23.0,HIC,
BIO_SHORTCUT,ElasticNet,raw,2,0,0.2727272727272727,0.36075067152423107,0.5415645982349833,0.6481003302205054,23.0,HIC,
BIO_SHORTCUT,PLS,raw,2,0,0.38932806324110675,0.37599212136628496,0.5854922689715497,0.6700233222707679,23.0,HIC,
BIO_SHORTCUT,Ridge_grid,raw,2,1,0.5699248120300752,0.5514418754964954,0.4309899235960931,0.5869445295761022,20.0,HIC,
BIO_SHORTCUT,ElasticNet,raw,2,1,0.6360902255639098,0.6316797517921184,0.37151344017398974,0.5235993018121894,20.0,HIC,
BIO_SHORTCUT,PLS,raw,2,1,0.5293233082706766,0.5925765814328069,0.3797403484375478,0.5458565937715224,20.0,HIC,
BIO_SHORTCUT,Ridge_grid,raw,2,2,0.2550427902638701,0.015213798736802966,0.5140101925968938,0.8196561022633096,34.0,HIC,
BIO_SHORTCUT,ElasticNet,raw,2,2,0.3125238795705847,0.08925427380740084,0.4782035215025299,0.7830010220174737,34.0,HIC,
BIO_SHORTCUT,PLS,raw,2,2,0.384779955592825,0.1169285362021682,0.4788815470428499,0.7881918208825037,34.0,HIC,
BIO_SHORTCUT,Ridge_grid,raw,2,3,0.3352941176470588,0.4715345005990917,0.5630555386023659,0.7581141232694663,35.0,HIC,
BIO_SHORTCUT,ElasticNet,raw,2,3,0.4087120956867883,0.5116406815702228,0.4403530396466275,0.6680538861901479,35.0,HIC,
BIO_SHORTCUT,PLS,raw,2,3,0.34481792717086834,0.4419990648003079,0.5346553324408666,0.753937590804143,35.0,HIC,
BIO_SHORTCUT,Ridge_grid,raw,2,4,0.22035445390068845,0.26919161345769704,0.6812432595414218,0.9735808763862179,50.0,HIC,
BIO_SHORTCUT,ElasticNet,raw,2,4,0.3009366025477394,0.44324251420090016,0.6653213759658169,0.8814379369371032,50.0,HIC,
BIO_SHORTCUT,PLS,raw,2,4,0.26857500135410844,0.40720353100674966,0.6911256069392678,0.9047328495519644,50.0,HIC,
BIO_SHORTCUT,Ridge_grid,raw,3,0,0.3352941176470588,0.4715345005990917,0.5630555386023659,0.7581141232694663,35.0,HIC,
BIO_SHORTCUT,ElasticNet,raw,3,0,0.4087120956867883,0.5116406815702228,0.4403530396466275,0.6680538861901479,35.0,HIC,
BIO_SHORTCUT,PLS,raw,3,0,0.34481792717086834,0.4419990648003079,0.5346553324408666,0.753937590804143,35.0,HIC,
BIO_SHORTCUT,Ridge_grid,raw,3,1,0.15097799687280028,-0.005440954413099788,0.5065867401920191,0.8236787459528748,34.0,HIC,
BIO_SHORTCUT,ElasticNet,raw,3,1,0.22785970877248984,0.06884513887949921,0.47598733386294484,0.7835184285689862,34.0,HIC,
BIO_SHORTCUT,PLS,raw,3,1,0.2153117384552384,0.044241097916177516,0.4918792068386905,0.8048443756608857,34.0,HIC,
BIO_SHORTCUT,Ridge_grid,raw,3,2,0.1739589869285731,0.2357286833160128,0.6971485940403928,1.004430046055009,50.0,HIC,
BIO_SHORTCUT,ElasticNet,raw,3,2,0.3764621113131015,0.46795036862780387,0.6490400277935862,0.8691517691094777,50.0,HIC,
BIO_SHORTCUT,PLS,raw,3,2,0.3589645136124118,0.4496351065996935,0.6599682781496529,0.8767051999098853,50.0,HIC,
BIO_SHORTCUT,Ridge_grid,raw,3,3,0.5699248120300752,0.5514418754964954,0.4309899235960931,0.5869445295761022,20.0,HIC,
BIO_SHORTCUT,ElasticNet,raw,3,3,0.6360902255639098,0.6316797517921184,0.37151344017398974,0.5235993018121894,20.0,HIC,
BIO_SHORTCUT,PLS,raw,3,3,0.5293233082706766,0.5925765814328069,0.3797403484375478,0.5458565937715224,20.0,HIC,
BIO_SHORTCUT,Ridge_grid,raw,3,4,0.3438735177865613,0.4399690680445809,0.5513782639906251,0.6608622003346556,23.0,HIC,
BIO_SHORTCUT,ElasticNet,raw,3,4,0.2865612648221344,0.37148294750097133,0.5306705117618257,0.6435716469778389,23.0,HIC,
BIO_SHORTCUT,PLS,raw,3,4,0.3873517786561265,0.38695920559726743,0.5742839529874287,0.6677280219407755,23.0,HIC,
PLM_ABLANG2,Ridge_grid,raw,0,0,0.4151260504201681,0.3395489943079552,0.7446319884187174,0.9874000649553715,35.0,HIC,
PLM_ABLANG2,ElasticNet,raw,0,0,0.41988795518207284,0.38633954523337516,0.5258428107301641,0.7457197549598363,35.0,HIC,
PLM_ABLANG2,Ridge_grid,raw,0,1,0.43948655769855627,0.5196791682980403,0.5876284081246501,0.743771215407557,34.0,HIC,
PLM_ABLANG2,ElasticNet,raw,0,1,0.49266504242703246,0.5326083714956522,0.4721832974590518,0.6634726636376443,34.0,HIC,
PLM_ABLANG2,Ridge_grid,raw,0,2,0.4526315789473684,0.36886559924930684,0.6031903234058968,0.7378826675247561,20.0,HIC,
PLM_ABLANG2,ElasticNet,raw,0,2,0.4601503759398496,0.28018441640073033,0.49624453313325356,0.6754733031409762,20.0,HIC,
PLM_ABLANG2,Ridge_grid,raw,0,3,0.6166007905138341,0.47860635352328856,0.628675548080611,0.8056595391488617,23.0,HIC,
PLM_ABLANG2,ElasticNet,raw,0,3,0.6146245059288538,0.5516837660525947,0.4151355392110517,0.5549421959803646,23.0,HIC,
PLM_ABLANG2,Ridge_grid,raw,0,4,-0.19043273969403432,-0.31072307662294474,1.537453240421441,2.558454659269135,50.0,HIC,
PLM_ABLANG2,ElasticNet,raw,0,4,-0.14336487464985942,-0.27528877558773773,1.0282005504753853,1.6071208979237994,50.0,HIC,
PLM_ABLANG2,Ridge_grid,raw,1,0,0.4766198099658543,0.5248568222756679,0.6000844128001946,0.7463730082855801,34.0,HIC,
PLM_ABLANG2,ElasticNet,raw,1,0,0.4738691986867952,0.529125242524088,0.460889861731219,0.6598744867100678,34.0,HIC,
PLM_ABLANG2,Ridge_grid,raw,1,1,0.5308270676691729,0.3827869054691688,0.5603095355813323,0.7225084405191687,20.0,HIC,
PLM_ABLANG2,ElasticNet,raw,1,1,0.4601503759398496,0.29517490056352946,0.4982634262281775,0.6794407847834341,20.0,HIC,
PLM_ABLANG2,Ridge_grid,raw,1,2,-0.19043273969403432,-0.31072307662294474,1.537453240421441,2.558454659269135,50.0,HIC,
PLM_ABLANG2,ElasticNet,raw,1,2,-0.14336487464985942,-0.27528877558773773,1.0282005504753853,1.6071208979237994,50.0,HIC,
PLM_ABLANG2,Ridge_grid,raw,1,3,0.4151260504201681,0.3395489943079552,0.7446319884187174,0.9874000649553715,35.0,HIC,
PLM_ABLANG2,ElasticNet,raw,1,3,0.41988795518207284,0.38633954523337516,0.5258428107301641,0.7457197549598363,35.0,HIC,
PLM_ABLANG2,Ridge_grid,raw,1,4,0.44565217391304346,0.4163065596984848,0.6556100393622863,0.8575796231778917,23.0,HIC,
PLM_ABLANG2,ElasticNet,raw,1,4,0.6156126482213439,0.5453265898846864,0.4191928170502277,0.5631336246500955,23.0,HIC,
PLM_ABLANG2,Ridge_grid,raw,2,0,0.5316205533596838,0.4350246183943878,0.6904706262506857,0.877206016480523,23.0,HIC,
PLM_ABLANG2,ElasticNet,raw,2,0,0.6600790513833992,0.56034295952469,0.43062800699079296,0.5694364812421172,23.0,HIC,
PLM_ABLANG2,Ridge_grid,raw,2,1,0.4646616541353384,0.350249862510811,0.6654635833418795,0.831844397409437,20.0,HIC,
PLM_ABLANG2,ElasticNet,raw,2,1,0.40751879699248117,0.26075070518680293,0.5306349666827389,0.7017584642453347,20.0,HIC,
PLM_ABLANG2,Ridge_grid,raw,2,2,0.3996026941521992,0.5186110729471172,0.5761547956471131,0.7435174794990842,34.0,HIC,
PLM_ABLANG2,ElasticNet,raw,2,2,0.5421760454500965,0.5915555146259881,0.4609933589933292,0.6394134610996732,34.0,HIC,
PLM_ABLANG2,Ridge_grid,raw,2,3,0.4151260504201681,0.3395489943079552,0.7446319884187174,0.9874000649553715,35.0,HIC,
PLM_ABLANG2,ElasticNet,raw,2,3,0.41988795518207284,0.38633954523337516,0.5258428107301641,0.7457197549598363,35.0,HIC,
PLM_ABLANG2,Ridge_grid,raw,2,4,-0.11690120767094063,-0.30274924606029774,1.340117367871996,2.2454674991178143,50.0,HIC,
PLM_ABLANG2,ElasticNet,raw,2,4,-0.09797800478583356,-0.25246715580491974,0.9725773988511871,1.54316022941742,50.0,HIC,
PLM_ABLANG2,Ridge_grid,raw,3,0,0.4151260504201681,0.3395489943079552,0.7446319884187174,0.9874000649553715,35.0,HIC,
PLM_ABLANG2,ElasticNet,raw,3,0,0.41988795518207284,0.38633954523337516,0.5258428107301641,0.7457197549598363,35.0,HIC,
PLM_ABLANG2,Ridge_grid,raw,3,1,0.44682152110938056,0.5143475749845148,0.5915807037503155,0.7459195117377733,34.0,HIC,
PLM_ABLANG2,ElasticNet,raw,3,1,0.4295537947463984,0.4996568878632839,0.4854894921112777,0.6748615428608592,34.0,HIC,
PLM_ABLANG2,Ridge_grid,raw,3,2,-0.17136545150777166,-0.30646239537797393,1.3760159278733821,2.301562954235829,50.0,HIC,
PLM_ABLANG2,ElasticNet,raw,3,2,-0.15421930067025078,-0.27576275925449467,1.0206579668720364,1.598499887442984,50.0,HIC,
PLM_ABLANG2,Ridge_grid,raw,3,3,0.4646616541353384,0.350249862510811,0.6654635833418795,0.831844397409437,20.0,HIC,
PLM_ABLANG2,ElasticNet,raw,3,3,0.40751879699248117,0.26075070518680293,0.5306349666827389,0.7017584642453347,20.0,HIC,
PLM_ABLANG2,Ridge_grid,raw,3,4,0.5335968379446641,0.44865408332613177,0.6409477943156969,0.8520615429973153,23.0,HIC,
PLM_ABLANG2,ElasticNet,raw,3,4,0.7559288537549407,0.6053951760418746,0.4042713118930943,0.5338044453678368,23.0,HIC,
PLM_ESM1B,Ridge_grid,raw,0,0,0.6526610644257704,0.6887741880037014,0.5103912987954987,0.6302812986277286,35.0,HIC,
PLM_ESM1B,ElasticNet,raw,0,0,0.6711484593837536,0.6453263574395195,0.40797808489344073,0.585144568683942,35.0,HIC,
PLM_ESM1B,Ridge_grid,raw,0,1,0.2168398558324935,0.340133830900985,0.5689986678944082,0.7869146987568747,34.0,HIC,
PLM_ESM1B,ElasticNet,raw,0,1,0.38966993120004123,0.4683723441267016,0.5359343332720845,0.743933011342628,34.0,HIC,
PLM_ESM1B,Ridge_grid,raw,0,2,0.5593984962406015,0.42432328240202655,0.5900858680455123,0.7363122369745434,20.0,HIC,
PLM_ESM1B,ElasticNet,raw,0,2,0.7203007518796991,0.6506132718963523,0.42010179552857707,0.5324884012016452,20.0,HIC,
PLM_ESM1B,Ridge_grid,raw,0,3,0.07707509881422926,0.07955584434800266,0.8995005804053757,1.0637832354776044,23.0,HIC,
PLM_ESM1B,ElasticNet,raw,0,3,0.3596837944664032,0.34519924814059894,0.6026932257076563,0.7421328408015925,23.0,HIC,
PLM_ESM1B,Ridge_grid,raw,0,4,0.21953797052747315,0.38375980185344494,0.6647528205314402,0.9019571028623677,50.0,HIC,
PLM_ESM1B,ElasticNet,raw,0,4,0.32654532085239335,0.4442699087501693,0.6417872318251969,0.876249476018107,50.0,HIC,
PLM_ESM1B,Ridge_grid,raw,1,0,0.1920843543209615,0.3108936419088941,0.6310877794176055,0.8417349264627795,34.0,HIC,
PLM_ESM1B,ElasticNet,raw,1,0,0.45660147232381293,0.5057929905811851,0.5096601346074081,0.6969607451742396,34.0,HIC,
PLM_ESM1B,Ridge_grid,raw,1,1,0.5533834586466165,0.4145016046786846,0.5941530733162056,0.7433896142500649,20.0,HIC,
PLM_ESM1B,ElasticNet,raw,1,1,0.7338345864661654,0.6498463342044294,0.42245748812570766,0.5337752693508518,20.0,HIC,
PLM_ESM1B,Ridge_grid,raw,1,2,0.21953797052747315,0.38375980185344494,0.6647528205314402,0.9019571028623677,50.0,HIC,
PLM_ESM1B,ElasticNet,raw,1,2,0.32654532085239335,0.4442699087501693,0.6417872318251969,0.876249476018107,50.0,HIC,
PLM_ESM1B,Ridge_grid,raw,1,3,0.6526610644257704,0.6887741880037014,0.5103912987954987,0.6302812986277286,35.0,HIC,
PLM_ESM1B,ElasticNet,raw,1,3,0.6711484593837536,0.6453263574395195,0.40797808489344073,0.585144568683942,35.0,HIC,
PLM_ESM1B,Ridge_grid,raw,1,4,0.07213438735177866,0.08835666453614677,0.8889693337686866,1.0634071011625212,23.0,HIC,
PLM_ESM1B,ElasticNet,raw,1,4,0.408102766798419,0.3908048033069322,0.5676792856549667,0.7032696233437814,23.0,HIC,
PLM_ESM1B,Ridge_grid,raw,2,0,0.17094861660079053,0.16241509203352325,0.7992445976395236,0.9979935345681192,23.0,HIC,
PLM_ESM1B,ElasticNet,raw,2,0,0.4189723320158103,0.4183716175316321,0.5770302619687349,0.7128031210419237,23.0,HIC,
PLM_ESM1B,Ridge_grid,raw,2,1,0.5488721804511278,0.40941828721473617,0.6149543864621319,0.7926197774564487,20.0,HIC,
PLM_ESM1B,ElasticNet,raw,2,1,0.7112781954887217,0.6624856149569307,0.4224216404509053,0.5369354270041388,20.0,HIC,
PLM_ESM1B,Ridge_grid,raw,2,2,0.18597188481194124,0.3275611155848196,0.6375597759697146,0.8452802414308817,34.0,HIC,
PLM_ESM1B,ElasticNet,raw,2,2,0.4164119853020048,0.4508183258779464,0.5493713882137135,0.7537189410646689,34.0,HIC,
PLM_ESM1B,Ridge_grid,raw,2,3,0.6526610644257704,0.6887741880037014,0.5103912987954987,0.6302812986277286,35.0,HIC,
PLM_ESM1B,ElasticNet,raw,2,3,0.6711484593837536,0.6453263574395195,0.40797808489344073,0.585144568683942,35.0,HIC,
PLM_ESM1B,Ridge_grid,raw,2,4,0.07185053684294461,0.1727788088012692,0.6572325403359855,0.9655497469237071,50.0,HIC,
PLM_ESM1B,ElasticNet,raw,2,4,0.4235147285301374,0.4946262768854687,0.6219297443982001,0.8506960654367467,50.0,HIC,
PLM_ESM1B,Ridge_grid,raw,3,0,0.6526610644257704,0.6887741880037014,0.5103912987954987,0.6302812986277286,35.0,HIC,
PLM_ESM1B,ElasticNet,raw,3,0,0.6711484593837536,0.6453263574395195,0.40797808489344073,0.585144568683942,35.0,HIC,
PLM_ESM1B,Ridge_grid,raw,3,1,0.16702322933397845,0.30092545719627056,0.6356912324133525,0.8479716613135829,34.0,HIC,
PLM_ESM1B,ElasticNet,raw,3,1,0.39776895329949297,0.4543933106027733,0.5364567059886576,0.7448422332799425,34.0,HIC,
PLM_ESM1B,Ridge_grid,raw,3,2,0.21848134498566513,0.3843656581954726,0.6647913676236358,0.9017054987416873,50.0,HIC,
PLM_ESM1B,ElasticNet,raw,3,2,0.3266413777198304,0.45009716399092525,0.6332824476624546,0.8739411002662325,50.0,HIC,
PLM_ESM1B,Ridge_grid,raw,3,3,0.5488721804511278,0.40941828721473617,0.6149543864621319,0.7926197774564487,20.0,HIC,
PLM_ESM1B,ElasticNet,raw,3,3,0.7112781954887217,0.6624856149569307,0.4224216404509053,0.5369354270041388,20.0,HIC,
PLM_ESM1B,Ridge_grid,raw,3,4,0.07213438735177866,0.11446906368674735,0.8391351345434167,1.0304046004907828,23.0,HIC,
PLM_ESM1B,ElasticNet,raw,3,4,0.3567193675889328,0.3435338783000158,0.597672806383562,0.7331131589302364,23.0,HIC,
PLM_ESM2,Ridge_grid,raw,0,0,0.6913165266106444,0.7708616040198552,0.40775764658988606,0.5272845091846199,35.0,HIC,
PLM_ESM2,ElasticNet,raw,0,0,0.7784313725490197,0.7853176881087403,0.38355505039650206,0.48754006830221014,35.0,HIC,
PLM_ESM2,Ridge_grid,raw,0,1,0.2849938908580693,0.1658524992782918,0.47994180565653677,0.7899600085545337,34.0,HIC,
PLM_ESM2,ElasticNet,raw,0,1,0.23792787563861337,0.07964087883417312,0.547749133047045,0.88794371303205,34.0,HIC,
PLM_ESM2,Ridge_grid,raw,0,2,0.38947368421052625,0.20273789006791054,0.5375271028762645,0.8274518281080848,20.0,HIC,
PLM_ESM2,ElasticNet,raw,0,2,0.43909774436090226,0.21143551305132008,0.4713284248291104,0.7705042301337571,20.0,HIC,
PLM_ESM2,Ridge_grid,raw,0,3,0.2974308300395257,0.26478630240232437,0.5526326895779078,0.7183915078610722,23.0,HIC,
PLM_ESM2,ElasticNet,raw,0,3,0.2885375494071146,0.1990121625419441,0.6467874833744207,0.8052998582463804,23.0,HIC,
PLM_ESM2,Ridge_grid,raw,0,4,0.47447289670551457,0.46791972017775146,0.6381183170695196,0.8687347113183225,50.0,HIC,
PLM_ESM2,ElasticNet,raw,0,4,0.3037318148360841,0.3728383699577416,0.6752945239325986,0.9228853609115126,50.0,HIC,
PLM_ESM2,Ridge_grid,raw,1,0,0.29538508902340377,0.16868427043400655,0.48347891257176934,0.7827457939606334,34.0,HIC,
PLM_ESM2,ElasticNet,raw,1,0,0.2715464579382248,0.06606334479844747,0.5492994598117036,0.8734784268138923,34.0,HIC,
PLM_ESM2,Ridge_grid,raw,1,1,0.38796992481203,0.15939408422007545,0.6025962459288008,0.9284909284769952,20.0,HIC,
PLM_ESM2,ElasticNet,raw,1,1,0.47218045112781953,0.27725065772985347,0.45262257140404216,0.7588341594847551,20.0,HIC,
PLM_ESM2,Ridge_grid,raw,1,2,0.47447289670551457,0.46791972017775146,0.6381183170695196,0.8687347113183225,50.0,HIC,
PLM_ESM2,ElasticNet,raw,1,2,0.3037318148360841,0.3728383699577416,0.6752945239325986,0.9228853609115126,50.0,HIC,
PLM_ESM2,Ridge_grid,raw,1,3,0.6913165266106444,0.7708616040198552,0.40775764658988606,0.5272845091846199,35.0,HIC,
PLM_ESM2,ElasticNet,raw,1,3,0.7784313725490197,0.7853176881087403,0.38355505039650206,0.48754006830221014,35.0,HIC,
PLM_ESM2,Ridge_grid,raw,1,4,0.2934782608695652,0.29174795467705894,0.5406136322498795,0.7007504024333719,23.0,HIC,
PLM_ESM2,ElasticNet,raw,1,4,0.25691699604743085,0.2420336429370496,0.5949816226338932,0.7519402166739118,23.0,HIC,
PLM_ESM2,Ridge_grid,raw,2,0,0.34189723320158105,0.27294686676061375,0.5434719221257038,0.7086740861815463,23.0,HIC,
PLM_ESM2,ElasticNet,raw,2,0,0.26679841897233203,0.17676581195126662,0.6536311074126002,0.8142152157065254,23.0,HIC,
PLM_ESM2,Ridge_grid,raw,2,1,0.34736842105263155,0.18192767214083988,0.5966897285858178,0.8750504702055664,20.0,HIC,
PLM_ESM2,ElasticNet,raw,2,1,0.4661654135338345,0.2386967329984073,0.4919742303191545,0.8073916335070882,20.0,HIC,
PLM_ESM2,Ridge_grid,raw,2,2,0.25137530855845797,0.16083080797939425,0.48670746029217266,0.7967477175134712,34.0,HIC,
PLM_ESM2,ElasticNet,raw,2,2,0.22768948921100446,0.08867116160913896,0.5371511517687267,0.8788148914999793,34.0,HIC,
PLM_ESM2,Ridge_grid,raw,2,3,0.6913165266106444,0.7708616040198552,0.40775764658988606,0.5272845091846199,35.0,HIC,
PLM_ESM2,ElasticNet,raw,2,3,0.7784313725490197,0.7853176881087403,0.38355505039650206,0.48754006830221014,35.0,HIC,
PLM_ESM2,Ridge_grid,raw,2,4,0.3701071102351144,0.4626180319912791,0.6584196165600207,0.8863961430780012,50.0,HIC,
PLM_ESM2,ElasticNet,raw,2,4,0.2713126220760656,0.3805462006759493,0.6908676640585389,0.9279767854773565,50.0,HIC,
PLM_ESM2,Ridge_grid,raw,3,0,0.6913165266106444,0.7708616040198552,0.40775764658988606,0.5272845091846199,35.0,HIC,
PLM_ESM2,ElasticNet,raw,3,0,0.7784313725490197,0.7853176881087403,0.38355505039650206,0.48754006830221014,35.0,HIC,
PLM_ESM2,Ridge_grid,raw,3,1,0.2976772650892864,0.17070587200734816,0.47667572417128906,0.7887891197264212,34.0,HIC,
PLM_ESM2,ElasticNet,raw,3,1,0.2302872887523381,0.0851201790127652,0.5451798459886606,0.8863615751471676,34.0,HIC,
PLM_ESM2,Ridge_grid,raw,3,2,0.4552615232180962,0.4860695701726705,0.6251557085785087,0.8646878551043554,50.0,HIC,
PLM_ESM2,ElasticNet,raw,3,2,0.34734163265252366,0.4059799889858198,0.6719228381858272,0.9107449526441211,50.0,HIC,
PLM_ESM2,Ridge_grid,raw,3,3,0.34736842105263155,0.18192767214083988,0.5966897285858178,0.8750504702055664,20.0,HIC,
PLM_ESM2,ElasticNet,raw,3,3,0.4661654135338345,0.2386967329984073,0.4919742303191545,0.8073916335070882,20.0,HIC,
PLM_ESM2,Ridge_grid,raw,3,4,0.316205533596838,0.26753163940239527,0.5445460299198742,0.7082546518060273,23.0,HIC,
PLM_ESM2,ElasticNet,raw,3,4,0.2509881422924901,0.1801169473046454,0.6497145198100366,0.8079703736859901,23.0,HIC,
PLM_ESM2_CDR6,Ridge_grid,raw,0,0,0.6526610644257704,0.7465253190290662,0.39137882448208666,0.5196669512218454,35.0,HIC,
PLM_ESM2_CDR6,ElasticNet,raw,0,0,0.6677871148459383,0.6886265943153803,0.42756286304550295,0.562506084017299,35.0,HIC,
PLM_ESM2_CDR6,Ridge_grid,raw,0,1,0.1894865547796279,0.13156458982454033,0.5337740671765971,0.8165962829893733,34.0,HIC,
PLM_ESM2_CDR6,ElasticNet,raw,0,1,-0.1081907103096585,-0.07576057032483106,0.6936168895532212,0.9920673218907875,34.0,HIC,
PLM_ESM2_CDR6,Ridge_grid,raw,0,2,0.5293233082706766,0.35138251458472447,0.6011755922865184,0.8014616483648213,20.0,HIC,
PLM_ESM2_CDR6,ElasticNet,raw,0,2,0.41654135338345866,0.17584736292896924,0.5374783724480247,0.7849291338209317,20.0,HIC,
PLM_ESM2_CDR6,Ridge_grid,raw,0,3,0.25790513833992096,0.04695673935647999,0.7669325563413322,1.070948939466104,23.0,HIC,
PLM_ESM2_CDR6,ElasticNet,raw,0,3,0.2223320158102767,0.13024696314826936,0.7087333462354148,0.8876435350790595,23.0,HIC,
PLM_ESM2_CDR6,Ridge_grid,raw,0,4,0.3747178398720948,0.45243639200764996,0.6319140627880391,0.8727160918402874,50.0,HIC,
PLM_ESM2_CDR6,ElasticNet,raw,0,4,0.26771048954717463,0.3443458669782058,0.6599893984981938,0.9203419347123172,50.0,HIC,
PLM_ESM2_CDR6,Ridge_grid,raw,1,0,0.17695599228613634,0.11733612149636702,0.5385804048690124,0.809145275640607,34.0,HIC,
PLM_ESM2_CDR6,ElasticNet,raw,1,0,-0.1518948672991533,-0.1250808377126218,0.6833094720695819,0.972067512143833,34.0,HIC,
PLM_ESM2_CDR6,Ridge_grid,raw,1,1,0.5218045112781955,0.3415054734517377,0.5918811128147047,0.8002509513240331,20.0,HIC,
PLM_ESM2_CDR6,ElasticNet,raw,1,1,0.40451127819548865,0.18145451027926152,0.5816375752779688,0.809143303076747,20.0,HIC,
PLM_ESM2_CDR6,Ridge_grid,raw,1,2,0.3747178398720948,0.45243639200764996,0.6319140627880391,0.8727160918402874,50.0,HIC,
PLM_ESM2_CDR6,ElasticNet,raw,1,2,0.26771048954717463,0.3443458669782058,0.6599893984981938,0.9203419347123172,50.0,HIC,
PLM_ESM2_CDR6,Ridge_grid,raw,1,3,0.6526610644257704,0.7465253190290662,0.39137882448208666,0.5196669512218454,35.0,HIC,
PLM_ESM2_CDR6,ElasticNet,raw,1,3,0.6677871148459383,0.6886265943153803,0.42756286304550295,0.562506084017299,35.0,HIC,
PLM_ESM2_CDR6,Ridge_grid,raw,1,4,0.3685770750988142,0.15540989567099822,0.5788163713618023,0.8601869022786799,23.0,HIC,
PLM_ESM2_CDR6,ElasticNet,raw,1,4,0.29249011857707513,0.18272873027239162,0.6421868584117043,0.8478696831121123,23.0,HIC,
PLM_ESM2_CDR6,Ridge_grid,raw,2,0,0.383399209486166,0.10857847455463329,0.679707307539562,1.0199080284519113,23.0,HIC,
PLM_ESM2_CDR6,ElasticNet,raw,2,0,0.3735177865612649,0.197112964677714,0.6282993340084978,0.8463472080857173,23.0,HIC,
PLM_ESM2_CDR6,Ridge_grid,raw,2,1,0.5097744360902255,0.34092357676021756,0.6159258696240287,0.8102247616690443,20.0,HIC,
PLM_ESM2_CDR6,ElasticNet,raw,2,1,0.3609022556390977,0.16592156881926734,0.618042231520473,0.8418329897938805,20.0,HIC,
PLM_ESM2_CDR6,Ridge_grid,raw,2,2,0.3632335005735286,0.25796173342982803,0.46567849396517097,0.7389671885798819,34.0,HIC,
PLM_ESM2_CDR6,ElasticNet,raw,2,2,-0.19070904868143193,-0.11960829890225219,0.6768712534601854,0.9711099362200167,34.0,HIC,
PLM_ESM2_CDR6,Ridge_grid,raw,2,3,0.6526610644257704,0.7465253190290662,0.39137882448208666,0.5196669512218454,35.0,HIC,
PLM_ESM2_CDR6,ElasticNet,raw,2,3,0.6677871148459383,0.6886265943153803,0.42756286304550295,0.562506084017299,35.0,HIC,
PLM_ESM2_CDR6,Ridge_grid,raw,2,4,0.3521444760243783,0.4380847943139702,0.6475807089544477,0.8782522933009707,50.0,HIC,
PLM_ESM2_CDR6,ElasticNet,raw,2,4,0.18630229439423937,0.3024391627153961,0.6938128362198313,0.9383764074912653,50.0,HIC,
PLM_ESM2_CDR6,Ridge_grid,raw,3,0,0.6526610644257704,0.7465253190290662,0.39137882448208666,0.5196669512218454,35.0,HIC,
PLM_ESM2_CDR6,ElasticNet,raw,3,0,0.6677871148459383,0.6886265943153803,0.42756286304550295,0.562506084017299,35.0,HIC,
PLM_ESM2_CDR6,Ridge_grid,raw,3,1,0.3632335005735286,0.23129594450292693,0.46869568940823825,0.7435653732412648,34.0,HIC,
PLM_ESM2_CDR6,ElasticNet,raw,3,1,-0.0747249397477726,-0.0539940438217035,0.701673483119627,0.9879970993699838,34.0,HIC,
PLM_ESM2_CDR6,Ridge_grid,raw,3,2,0.40036502347779834,0.5073889843325209,0.6219418687076959,0.8418185465973277,50.0,HIC,
PLM_ESM2_CDR6,ElasticNet,raw,3,2,0.24878728666206756,0.32833467843939884,0.6643497651611696,0.9270340895582605,50.0,HIC,
PLM_ESM2_CDR6,Ridge_grid,raw,3,3,0.5097744360902255,0.34092357676021756,0.6159258696240287,0.8102247616690443,20.0,HIC,
PLM_ESM2_CDR6,ElasticNet,raw,3,3,0.3609022556390977,0.16592156881926734,0.618042231520473,0.8418329897938805,20.0,HIC,
PLM_ESM2_CDR6,Ridge_grid,raw,3,4,0.40019762845849804,0.14746803490379298,0.5696034469369646,0.8457445158393739,23.0,HIC,
PLM_ESM2_CDR6,ElasticNet,raw,3,4,0.3300395256916996,0.17154067618018112,0.6275388555372714,0.8494727355916198,23.0,HIC,
ABB_STRUCTURE,Ridge_grid,raw,0,0,0.3535014005602241,0.23692207676111848,1.579943357102992,2.0231792455404864,35.0,HIC,
ABB_STRUCTURE,ElasticNet,raw,0,0,0.646218487394958,0.6190654835234255,0.4793782956692293,0.6112956847601125,35.0,HIC,
ABB_STRUCTURE,PLS,raw,0,0,0.5633053221288515,0.6156828429038285,0.5242640989199364,0.6341639445835148,35.0,HIC,
ABB_STRUCTURE,kNN,raw,0,0,0.37366946778711485,0.604517871115803,0.44267336653292416,0.6329623582106105,35.0,HIC,
ABB_STRUCTURE,Ridge_grid,raw,0,1,0.31601467361634716,0.11079652046103988,0.4889809891439012,0.775544752357384,34.0,HIC,
ABB_STRUCTURE,ElasticNet,raw,0,1,0.3667481705412153,0.15655729521613768,0.5357607481798592,0.8602785227892042,34.0,HIC,
ABB_STRUCTURE,PLS,raw,0,1,0.2602383893465373,0.15991059172216915,0.6392056352572404,0.9058682442057194,34.0,HIC,
ABB_STRUCTURE,kNN,raw,0,1,0.1688569701866845,0.06849060630848033,0.5468816272793693,0.8095917521687873,34.0,HIC,
ABB_STRUCTURE,Ridge_grid,raw,0,2,0.6270676691729322,0.6012551731397049,0.3818815407252102,0.5420318210330949,20.0,HIC,
ABB_STRUCTURE,ElasticNet,raw,0,2,0.6285714285714286,0.57520305946229,0.389859247985345,0.5508820447630373,20.0,HIC,
ABB_STRUCTURE,PLS,raw,0,2,0.5639097744360902,0.5763532353603252,0.5334070138616491,0.663704516854847,20.0,HIC,
ABB_STRUCTURE,kNN,raw,0,2,0.23157894736842105,0.39977293657223034,0.49232879536214735,0.6152639118722271,20.0,HIC,
ABB_STRUCTURE,Ridge_grid,raw,0,3,0.49011857707509887,0.31384803588475824,0.4826620145547658,0.6349982345542856,23.0,HIC,
ABB_STRUCTURE,ElasticNet,raw,0,3,0.41798418972332013,0.2103165360923018,0.5142315891977387,0.7122225155003236,23.0,HIC,
ABB_STRUCTURE,PLS,raw,0,3,0.25592885375494073,0.09575673397035174,0.8434096818580044,1.1666787138292831,23.0,HIC,
ABB_STRUCTURE,kNN,raw,0,3,-0.13932806324110672,-0.06833954617310485,0.5165524513049748,0.7520953917664914,23.0,HIC,
ABB_STRUCTURE,Ridge_grid,raw,0,4,0.3580039449380409,0.5930527042375391,0.6256391167752446,0.8527066092242205,50.0,HIC,
ABB_STRUCTURE,ElasticNet,raw,0,4,0.38927045528881427,0.5712954594677695,0.6123943872070342,0.8111614469852328,50.0,HIC,
ABB_STRUCTURE,PLS,raw,0,4,0.38811777287956917,0.5281842030590123,0.7476404515286577,0.9453334869371731,50.0,HIC,
ABB_STRUCTURE,kNN,raw,0,4,0.26132270786260803,0.4966576027305176,0.6281179439576132,0.8696347456435224,50.0,HIC,
ABB_STRUCTURE,Ridge_grid,raw,1,0,0.3082212749923463,0.10505808570726749,0.4912657080075159,0.7764016671301972,34.0,HIC,
ABB_STRUCTURE,ElasticNet,raw,1,0,0.4132029388097692,0.16468202227171574,0.5242476051133802,0.8556556242548146,34.0,HIC,
ABB_STRUCTURE,PLS,raw,1,0,0.25611247242794866,0.16068631231114153,0.63195123794713,0.9026973035058338,34.0,HIC,
ABB_STRUCTURE,kNN,raw,1,0,0.17756723923703838,0.07812152938460597,0.5449463626609033,0.8083318951051194,34.0,HIC,
ABB_STRUCTURE,Ridge_grid,raw,1,1,0.6932330827067669,0.6300579895474151,0.3737463835994121,0.5369966129139019,20.0,HIC,
ABB_STRUCTURE,ElasticNet,raw,1,1,0.6541353383458646,0.577108126022545,0.39204099337553744,0.5625692941505058,20.0,HIC,
ABB_STRUCTURE,PLS,raw,1,1,0.6045112781954887,0.5903948729198025,0.5271642649979568,0.6760382019004234,20.0,HIC,
ABB_STRUCTURE,kNN,raw,1,1,0.20751879699248119,0.3717619135194228,0.5028881903787419,0.6215894799930124,20.0,HIC,
ABB_STRUCTURE,Ridge_grid,raw,1,2,0.3580039449380409,0.5930527042375391,0.6256391167752446,0.8527066092242205,50.0,HIC,
ABB_STRUCTURE,ElasticNet,raw,1,2,0.38927045528881427,0.5712954594677695,0.6123943872070342,0.8111614469852328,50.0,HIC,
ABB_STRUCTURE,PLS,raw,1,2,0.38811777287956917,0.5281842030590123,0.7476404515286577,0.9453334869371731,50.0,HIC,
ABB_STRUCTURE,kNN,raw,1,2,0.26132270786260803,0.4966576027305176,0.6281179439576132,0.8696347456435224,50.0,HIC,
ABB_STRUCTURE,Ridge_grid,raw,1,3,0.3535014005602241,0.23692207676111848,1.579943357102992,2.0231792455404864,35.0,HIC,
ABB_STRUCTURE,ElasticNet,raw,1,3,0.646218487394958,0.6190654835234255,0.4793782956692293,0.6112956847601125,35.0,HIC,
ABB_STRUCTURE,PLS,raw,1,3,0.5633053221288515,0.6156828429038285,0.5242640989199364,0.6341639445835148,35.0,HIC,
ABB_STRUCTURE,kNN,raw,1,3,0.37366946778711485,0.604517871115803,0.44267336653292416,0.6329623582106105,35.0,HIC,
ABB_STRUCTURE,Ridge_grid,raw,1,4,0.516798418972332,0.31936715419465334,0.4890612672945923,0.6310738720950967,23.0,HIC,
ABB_STRUCTURE,ElasticNet,raw,1,4,0.4723320158102767,0.23649710549102487,0.48258220996198137,0.6798883518427739,23.0,HIC,
ABB_STRUCTURE,PLS,raw,1,4,0.33695652173913043,0.16468719837888982,0.722975480406475,0.9918343673681067,23.0,HIC,
ABB_STRUCTURE,kNN,raw,1,4,-0.05928853754940712,-0.05958858072492386,0.5186959691834263,0.7458276803504658,23.0,HIC,
ABB_STRUCTURE,Ridge_grid,raw,2,0,0.3596837944664032,0.2329121001766386,0.534565377527647,0.661298275755882,23.0,HIC,
ABB_STRUCTURE,ElasticNet,raw,2,0,0.2865612648221344,0.08370283735575257,0.5734720525342474,0.7589484584518679,23.0,HIC,
ABB_STRUCTURE,PLS,raw,2,0,0.1274703557312253,0.003866470976497157,1.0266406270614852,1.37717172037689,23.0,HIC,
ABB_STRUCTURE,kNN,raw,2,0,-0.05731225296442688,-0.04599411057841519,0.533540930204423,0.7405691335517761,23.0,HIC,
ABB_STRUCTURE,Ridge_grid,raw,2,1,0.669172932330827,0.6405038984023125,0.3811176642555085,0.537250773390381,20.0,HIC,
ABB_STRUCTURE,ElasticNet,raw,2,1,0.6721804511278194,0.5929525766036753,0.38646676394079593,0.5553811480080485,20.0,HIC,
ABB_STRUCTURE,PLS,raw,2,1,0.5473684210526315,0.6010329460200128,0.5474193259843176,0.6886663165588106,20.0,HIC,
ABB_STRUCTURE,kNN,raw,2,1,0.20751879699248119,0.3715679311396074,0.5028546840388007,0.6216268499449923,20.0,HIC,
ABB_STRUCTURE,Ridge_grid,raw,2,2,0.39868582372584604,0.13688976530582583,0.4840648527228459,0.7676145281557557,34.0,HIC,
ABB_STRUCTURE,ElasticNet,raw,2,2,0.41213325664569067,0.1931824187223688,0.5050015039968533,0.8334227154656968,34.0,HIC,
ABB_STRUCTURE,PLS,raw,2,2,0.26298900062559644,0.16679665544715494,0.6361662346510093,0.9088171022272263,34.0,HIC,
ABB_STRUCTURE,kNN,raw,2,2,0.07671149233820419,0.03583747094332815,0.5537572695776057,0.8118782284555889,34.0,HIC,
ABB_STRUCTURE,Ridge_grid,raw,2,3,0.3535014005602241,0.23692207676111848,1.579943357102992,2.0231792455404864,35.0,HIC,
ABB_STRUCTURE,ElasticNet,raw,2,3,0.646218487394958,0.6190654835234255,0.4793782956692293,0.6112956847601125,35.0,HIC,
ABB_STRUCTURE,PLS,raw,2,3,0.5633053221288515,0.6156828429038285,0.5242640989199364,0.6341639445835148,35.0,HIC,
ABB_STRUCTURE,kNN,raw,2,3,0.37366946778711485,0.604517871115803,0.44267336653292416,0.6329623582106105,35.0,HIC,
ABB_STRUCTURE,Ridge_grid,raw,2,4,0.3661207502364751,0.5702557979699063,0.6332171165826117,0.821054476688134,50.0,HIC,
ABB_STRUCTURE,ElasticNet,raw,2,4,0.3485423434954873,0.5415728878733063,0.6614638670660046,0.8410305745970098,50.0,HIC,
ABB_STRUCTURE,PLS,raw,2,4,0.3329811309706785,0.48665599152028205,0.7968478796621484,0.9801421719384972,50.0,HIC,
ABB_STRUCTURE,kNN,raw,2,4,0.19000048379056741,0.46958469820759025,0.6370910891433543,0.8787774680953726,50.0,HIC,
ABB_STRUCTURE,Ridge_grid,raw,3,0,0.3535014005602241,0.23692207676111848,1.579943357102992,2.0231792455404864,35.0,HIC,
ABB_STRUCTURE,ElasticNet,raw,3,0,0.646218487394958,0.6190654835234255,0.4793782956692293,0.6112956847601125,35.0,HIC,
ABB_STRUCTURE,PLS,raw,3,0,0.5633053221288515,0.6156828429038285,0.5242640989199364,0.6341639445835148,35.0,HIC,
ABB_STRUCTURE,kNN,raw,3,0,0.37366946778711485,0.604517871115803,0.44267336653292416,0.6329623582106105,35.0,HIC,
ABB_STRUCTURE,Ridge_grid,raw,3,1,0.2987469472533649,0.10749151283348016,0.49034641238015864,0.7751476858017139,34.0,HIC,
ABB_STRUCTURE,ElasticNet,raw,3,1,0.3557457254249788,0.1614691006590384,0.5371843219933794,0.8634407646259988,34.0,HIC,
ABB_STRUCTURE,PLS,raw,3,1,0.25595966069022313,0.16727621438893597,0.6617064908637436,0.9246355905689214,34.0,HIC,
ABB_STRUCTURE,kNN,raw,3,1,0.1752750631711558,0.06300160591765787,0.5495427185601477,0.8107558141662281,34.0,HIC,
ABB_STRUCTURE,Ridge_grid,raw,3,2,0.3977234596232783,0.5827240633933686,0.6148939604538735,0.8082002862409394,50.0,HIC,
ABB_STRUCTURE,ElasticNet,raw,3,2,0.35065559457910334,0.5532531989307087,0.6477356797099205,0.8301609465679488,50.0,HIC,
ABB_STRUCTURE,PLS,raw,3,2,0.3673214610794387,0.5092835447337131,0.7688546529950847,0.9655006850111486,50.0,HIC,
ABB_STRUCTURE,kNN,raw,3,2,0.23327410257097725,0.4770103097663463,0.6356827208405196,0.8756824111262446,50.0,HIC,
ABB_STRUCTURE,Ridge_grid,raw,3,3,0.669172932330827,0.6405038984023125,0.3811176642555085,0.537250773390381,20.0,HIC,
ABB_STRUCTURE,ElasticNet,raw,3,3,0.6721804511278194,0.5929525766036753,0.38646676394079593,0.5553811480080485,20.0,HIC,
ABB_STRUCTURE,PLS,raw,3,3,0.5473684210526315,0.6010329460200128,0.5474193259843176,0.6886663165588106,20.0,HIC,
ABB_STRUCTURE,kNN,raw,3,3,0.20751879699248119,0.3715679311396074,0.5028546840388007,0.6216268499449923,20.0,HIC,
ABB_STRUCTURE,Ridge_grid,raw,3,4,0.3804347826086957,0.25209591340664667,0.5216646235606098,0.6516548844821064,23.0,HIC,
ABB_STRUCTURE,ElasticNet,raw,3,4,0.2964426877470355,0.1521651429689457,0.5484805840605731,0.720627849355656,23.0,HIC,
ABB_STRUCTURE,PLS,raw,3,4,0.13932806324110672,0.04204251421196207,0.9046530376677702,1.2118292745768668,23.0,HIC,
ABB_STRUCTURE,kNN,raw,3,4,-0.11857707509881424,-0.07236296129869278,0.5193668757547045,0.7514999551164059,23.0,HIC,
ESMFN_STRUCTURE,Ridge_grid,raw,0,0,0.8252100840336134,0.7631496749743993,0.41202796584659873,0.605354081327073,35.0,HIC,
ESMFN_STRUCTURE,ElasticNet,raw,0,0,0.807843137254902,0.8093893916738427,0.3552538438078472,0.458031633006889,35.0,HIC,
ESMFN_STRUCTURE,PLS,raw,0,0,0.7364145658263307,0.7588383593253802,0.47934648972971455,0.6013559067964942,35.0,HIC,
ESMFN_STRUCTURE,kNN,raw,0,0,0.5759103641456582,0.7123130072077688,0.4417560275821143,0.6266043009341304,35.0,HIC,
ESMFN_STRUCTURE,Ridge_grid,raw,0,1,0.458129589701068,0.1875715070480954,0.456541961821863,0.7506090350099734,34.0,HIC,
ESMFN_STRUCTURE,ElasticNet,raw,0,1,0.5099327687900147,0.27857109021994053,0.45335538780340445,0.7738344065901098,34.0,HIC,
ESMFN_STRUCTURE,PLS,raw,0,1,0.4601161422914996,0.29645065117217984,0.532444197296331,0.8121662228667959,34.0,HIC,
ESMFN_STRUCTURE,kNN,raw,0,1,0.12117970801632655,0.13519445948056902,0.49027730787783513,0.7717851782305873,34.0,HIC,
ESMFN_STRUCTURE,Ridge_grid,raw,0,2,0.6210526315789473,0.6043017021083842,0.43387528660865654,0.5332816618773627,20.0,HIC,
ESMFN_STRUCTURE,ElasticNet,raw,0,2,0.5954887218045113,0.5781275764160105,0.4398580680821779,0.5519132478856001,20.0,HIC,
ESMFN_STRUCTURE,PLS,raw,0,2,0.5323308270676691,0.5192448828506668,0.5601292727930305,0.6816444276024044,20.0,HIC,
ESMFN_STRUCTURE,kNN,raw,0,2,0.28421052631578947,0.16381466033814232,0.5143011317189277,0.6777708242754922,20.0,HIC,
ESMFN_STRUCTURE,Ridge_grid,raw,0,3,0.4189723320158103,0.3896617783409724,0.5119565658900336,0.6518130342798731,23.0,HIC,
ESMFN_STRUCTURE,ElasticNet,raw,0,3,0.4031620553359684,0.3858109530213424,0.5212736124787204,0.6615525338549114,23.0,HIC,
ESMFN_STRUCTURE,PLS,raw,0,3,0.4337944664031621,0.3921387169833263,0.5782550860077239,0.7205882141499514,23.0,HIC,
ESMFN_STRUCTURE,kNN,raw,0,3,0.19762845849802374,0.3239633249017637,0.4926997968722796,0.6653881322900976,23.0,HIC,
ESMFN_STRUCTURE,Ridge_grid,raw,0,4,0.3667931483085347,0.3682688930058693,0.9329214965522759,1.214920288324554,50.0,HIC,
ESMFN_STRUCTURE,ElasticNet,raw,0,4,0.5921425593159519,0.6199614747776118,0.5799678499063622,0.7757549195379907,50.0,HIC,
ESMFN_STRUCTURE,PLS,raw,0,4,0.5468037178856446,0.5084778331777985,0.6204343663614993,0.8680229756939258,50.0,HIC,
ESMFN_STRUCTURE,kNN,raw,0,4,0.2082993170373334,0.44168160563866166,0.6300637756169403,0.8875636042671079,50.0,HIC,
ESMFN_STRUCTURE,Ridge_grid,raw,1,0,0.37668093349337317,0.14288876674689766,0.4696771156243056,0.7572406569985761,34.0,HIC,
ESMFN_STRUCTURE,ElasticNet,raw,1,0,0.3780562391329027,0.1878116565777125,0.4896448148331031,0.808534634808556,34.0,HIC,
ESMFN_STRUCTURE,PLS,raw,1,0,0.3511613732932136,0.22844533452785248,0.5717540130908657,0.8457082967325077,34.0,HIC,
ESMFN_STRUCTURE,kNN,raw,1,0,0.0527200495152997,0.11097343796219153,0.5032542773226105,0.7752668586735152,34.0,HIC,
ESMFN_STRUCTURE,Ridge_grid,raw,1,1,0.6586466165413534,0.6218594054602118,0.4140029919550991,0.5234304678535874,20.0,HIC,
ESMFN_STRUCTURE,ElasticNet,raw,1,1,0.631578947368421,0.6060275390631729,0.4249432103073757,0.5422335198548256,20.0,HIC,
ESMFN_STRUCTURE,PLS,raw,1,1,0.5699248120300752,0.547937168921804,0.525625087835597,0.6648532614088786,20.0,HIC,
ESMFN_STRUCTURE,kNN,raw,1,1,0.33233082706766914,0.21134489860687108,0.49784220209722063,0.6645253466400648,20.0,HIC,
ESMFN_STRUCTURE,Ridge_grid,raw,1,2,0.3667931483085347,0.3682688930058693,0.9329214965522759,1.214920288324554,50.0,HIC,
ESMFN_STRUCTURE,ElasticNet,raw,1,2,0.5921425593159519,0.6199614747776118,0.5799678499063622,0.7757549195379907,50.0,HIC,
ESMFN_STRUCTURE,PLS,raw,1,2,0.5468037178856446,0.5084778331777985,0.6204343663614993,0.8680229756939258,50.0,HIC,
ESMFN_STRUCTURE,kNN,raw,1,2,0.2082993170373334,0.44168160563866166,0.6300637756169403,0.8875636042671079,50.0,HIC,
ESMFN_STRUCTURE,Ridge_grid,raw,1,3,0.8252100840336134,0.7631496749743993,0.41202796584659873,0.605354081327073,35.0,HIC,
ESMFN_STRUCTURE,ElasticNet,raw,1,3,0.807843137254902,0.8093893916738427,0.3552538438078472,0.458031633006889,35.0,HIC,
ESMFN_STRUCTURE,PLS,raw,1,3,0.7364145658263307,0.7588383593253802,0.47934648972971455,0.6013559067964942,35.0,HIC,
ESMFN_STRUCTURE,kNN,raw,1,3,0.5759103641456582,0.7123130072077688,0.4417560275821143,0.6266043009341304,35.0,HIC,
ESMFN_STRUCTURE,Ridge_grid,raw,1,4,0.42885375494071143,0.4229949028079782,0.48426760343113473,0.6311214365975918,23.0,HIC,
ESMFN_STRUCTURE,ElasticNet,raw,1,4,0.42786561264822137,0.4193742622076413,0.5127402363426726,0.6544948573496545,23.0,HIC,
ESMFN_STRUCTURE,PLS,raw,1,4,0.48023715415019763,0.4305970163911338,0.5441959856079105,0.685470844154403,23.0,HIC,
ESMFN_STRUCTURE,kNN,raw,1,4,0.22529644268774704,0.3393041615694846,0.47613312299519567,0.6608884316583973,23.0,HIC,
ESMFN_STRUCTURE,Ridge_grid,raw,2,0,0.46047430830039526,0.40877222916998135,0.5003544107905806,0.6384549742838839,23.0,HIC,
ESMFN_STRUCTURE,ElasticNet,raw,2,0,0.37549407114624506,0.3882636478712061,0.5275047976976449,0.653332686561516,23.0,HIC,
ESMFN_STRUCTURE,PLS,raw,2,0,0.42786561264822137,0.4090880017492934,0.577422496825429,0.7007910040173725,23.0,HIC,
ESMFN_STRUCTURE,kNN,raw,2,0,0.20553359683794467,0.22852563274794863,0.4931937032982861,0.6975505317365616,23.0,HIC,
ESMFN_STRUCTURE,Ridge_grid,raw,2,1,0.669172932330827,0.6060498348344109,0.42322826625415316,0.5329515194282722,20.0,HIC,
ESMFN_STRUCTURE,ElasticNet,raw,2,1,0.5969924812030075,0.5764104487418382,0.44441539435301475,0.5654495537971929,20.0,HIC,
ESMFN_STRUCTURE,PLS,raw,2,1,0.5203007518796992,0.5222848431427537,0.5506337776679254,0.683652704781738,20.0,HIC,
ESMFN_STRUCTURE,kNN,raw,2,1,0.30225563909774433,0.2213775502048496,0.5097450748741967,0.6571012369279672,20.0,HIC,
ESMFN_STRUCTURE,Ridge_grid,raw,2,2,0.4552261666842835,0.1928762631145927,0.4550409880660783,0.7499378041977292,34.0,HIC,
ESMFN_STRUCTURE,ElasticNet,raw,2,2,0.6118581978529274,0.32167128447722004,0.4170290983968767,0.7657690696204138,34.0,HIC,
ESMFN_STRUCTURE,PLS,raw,2,2,0.567084358699354,0.3858836023554782,0.4740532060593544,0.7692572118227401,34.0,HIC,
ESMFN_STRUCTURE,kNN,raw,2,2,0.15999388939860515,0.18606876307175121,0.4803023415567119,0.7598924425106511,34.0,HIC,
ESMFN_STRUCTURE,Ridge_grid,raw,2,3,0.8252100840336134,0.7631496749743993,0.41202796584659873,0.605354081327073,35.0,HIC,
ESMFN_STRUCTURE,ElasticNet,raw,2,3,0.807843137254902,0.8093893916738427,0.3552538438078472,0.458031633006889,35.0,HIC,
ESMFN_STRUCTURE,PLS,raw,2,3,0.7364145658263307,0.7588383593253802,0.47934648972971455,0.6013559067964942,35.0,HIC,
ESMFN_STRUCTURE,kNN,raw,2,3,0.5759103641456582,0.7123130072077688,0.4417560275821143,0.6266043009341304,35.0,HIC,
ESMFN_STRUCTURE,Ridge_grid,raw,2,4,0.2729936172562147,0.33542959353951757,1.067410786024178,1.338511533014093,50.0,HIC,
ESMFN_STRUCTURE,ElasticNet,raw,2,4,0.5495413386076017,0.6559166331116175,0.5749119784561119,0.7671400418094872,50.0,HIC,
ESMFN_STRUCTURE,PLS,raw,2,4,0.5721627308890369,0.53703703388638,0.5936762609767966,0.8428127104965559,50.0,HIC,
ESMFN_STRUCTURE,kNN,raw,2,4,0.1526823907912573,0.3919943461137228,0.6366714177068472,0.903836814343354,50.0,HIC,
ESMFN_STRUCTURE,Ridge_grid,raw,3,0,0.8252100840336134,0.7631496749743993,0.41202796584659873,0.605354081327073,35.0,HIC,
ESMFN_STRUCTURE,ElasticNet,raw,3,0,0.807843137254902,0.8093893916738427,0.3552538438078472,0.458031633006889,35.0,HIC,
ESMFN_STRUCTURE,PLS,raw,3,0,0.7364145658263307,0.7588383593253802,0.47934648972971455,0.6013559067964942,35.0,HIC,
ESMFN_STRUCTURE,kNN,raw,3,0,0.5759103641456582,0.7123130072077688,0.4417560275821143,0.6266043009341304,35.0,HIC,
ESMFN_STRUCTURE,Ridge_grid,raw,3,1,0.39731051808631657,0.13796562109797264,0.5199204163114938,0.7468631449478317,34.0,HIC,
ESMFN_STRUCTURE,ElasticNet,raw,3,1,0.4963325241324446,0.27938269489350587,0.45155074154145414,0.77215491679789,34.0,HIC,
ESMFN_STRUCTURE,PLS,raw,3,1,0.46118582445557815,0.2922086052151084,0.5311730957407573,0.813982891761766,34.0,HIC,
ESMFN_STRUCTURE,kNN,raw,3,1,0.1969743299281777,0.18480029854234287,0.4727268741266582,0.764195275960479,34.0,HIC,
ESMFN_STRUCTURE,Ridge_grid,raw,3,2,0.5595312528210592,0.6139873611462219,0.5872880188299663,0.788248867345375,50.0,HIC,
ESMFN_STRUCTURE,ElasticNet,raw,3,2,0.5836895549814878,0.623570587103505,0.5775145575057661,0.7729662498812763,50.0,HIC,
ESMFN_STRUCTURE,PLS,raw,3,2,0.5670236884811525,0.5325442187641014,0.6027174101066364,0.8498244528862942,50.0,HIC,
ESMFN_STRUCTURE,kNN,raw,3,2,0.22237164811686733,0.4415963999185699,0.625593112312655,0.8873129359468974,50.0,HIC,
ESMFN_STRUCTURE,Ridge_grid,raw,3,3,0.669172932330827,0.6060498348344109,0.42322826625415316,0.5329515194282722,20.0,HIC,
ESMFN_STRUCTURE,ElasticNet,raw,3,3,0.5969924812030075,0.5764104487418382,0.44441539435301475,0.5654495537971929,20.0,HIC,
ESMFN_STRUCTURE,PLS,raw,3,3,0.5203007518796992,0.5222848431427537,0.5506337776679254,0.683652704781738,20.0,HIC,
ESMFN_STRUCTURE,kNN,raw,3,3,0.30225563909774433,0.2213775502048496,0.5097450748741967,0.6571012369279672,20.0,HIC,
ESMFN_STRUCTURE,Ridge_grid,raw,3,4,0.4130434782608696,0.3977599469337603,0.5092970109662179,0.6456630295391623,23.0,HIC,
ESMFN_STRUCTURE,ElasticNet,raw,3,4,0.4189723320158103,0.39413190905478374,0.5212780386097244,0.6535238572015131,23.0,HIC,
ESMFN_STRUCTURE,PLS,raw,3,4,0.391304347826087,0.3984778454349027,0.577086471665343,0.708849933962739,23.0,HIC,
ESMFN_STRUCTURE,kNN,raw,3,4,0.26877470355731226,0.3443887932200313,0.47260516679689996,0.6592732506255757,23.0,HIC,
IMGT_POS_HL,Ridge_grid,raw,0,0,0.5994397759103641,0.6225310414770036,0.5056174290316693,0.7071526952576,35.0,HIC,
IMGT_POS_HL,ElasticNet,raw,0,0,0.6075630252100841,0.5735350957205911,0.5732382574014817,0.9015191708801722,35.0,HIC,
IMGT_POS_HL,Ridge_grid,raw,0,1,0.19009780173052987,0.11010304947189992,0.5230773551413309,0.7602031489081523,34.0,HIC,
IMGT_POS_HL,ElasticNet,raw,0,1,0.24663814468896728,0.10272276878188653,0.83125568674784,1.1017659802977071,34.0,HIC,
IMGT_POS_HL,Ridge_grid,raw,0,2,0.4481203007518797,0.46278597896317725,0.5171097033522557,0.6348066592580669,20.0,HIC,
IMGT_POS_HL,ElasticNet,raw,0,2,0.5157894736842105,0.6878316141378763,0.3797312603698802,0.4965395281953691,20.0,HIC,
IMGT_POS_HL,Ridge_grid,raw,0,3,0.2934782608695652,0.2763733815167018,0.49093954598074974,0.6324663053403131,23.0,HIC,
IMGT_POS_HL,ElasticNet,raw,0,3,0.3596837944664032,0.21567682614120845,0.5409958401342396,0.6939091884306916,23.0,HIC,
IMGT_POS_HL,Ridge_grid,raw,0,4,0.3102156533880877,0.4281584111801487,0.6205494333061046,0.886888019560905,50.0,HIC,
IMGT_POS_HL,ElasticNet,raw,0,4,0.4344171829842473,0.5238098025501593,0.5850973438957189,0.8466488756421351,50.0,HIC,
IMGT_POS_HL,Ridge_grid,raw,1,0,0.21577017366841494,0.09780915734676712,0.5323786120091735,0.7602139396623318,34.0,HIC,
IMGT_POS_HL,ElasticNet,raw,1,0,0.2500000029189284,0.1018322162792246,0.8285885114940345,1.0941037424934177,34.0,HIC,
IMGT_POS_HL,Ridge_grid,raw,1,1,0.37293233082706767,0.4572997725276772,0.5190579844933026,0.6356681401334696,20.0,HIC,
IMGT_POS_HL,ElasticNet,raw,1,1,0.45112781954887216,0.6886083618453562,0.38336740896827887,0.49478920777506313,20.0,HIC,
IMGT_POS_HL,Ridge_grid,raw,1,2,0.3102156533880877,0.4281584111801487,0.6205494333061046,0.886888019560905,50.0,HIC,
IMGT_POS_HL,ElasticNet,raw,1,2,0.4344171829842473,0.5238098025501593,0.5850973438957189,0.8466488756421351,50.0,HIC,
IMGT_POS_HL,Ridge_grid,raw,1,3,0.5994397759103641,0.6225310414770036,0.5056174290316693,0.7071526952576,35.0,HIC,
IMGT_POS_HL,ElasticNet,raw,1,3,0.6075630252100841,0.5735350957205911,0.5732382574014817,0.9015191708801722,35.0,HIC,
IMGT_POS_HL,Ridge_grid,raw,1,4,0.32411067193675897,0.2970438607336304,0.48820161682791335,0.627759934311092,23.0,HIC,
IMGT_POS_HL,ElasticNet,raw,1,4,0.408102766798419,0.30607481634593514,0.49416145820443214,0.6582626616214768,23.0,HIC,
IMGT_POS_HL,Ridge_grid,raw,2,0,0.2391304347826087,0.25009079368202475,0.49571805709422906,0.6391762047548022,23.0,HIC,
IMGT_POS_HL,ElasticNet,raw,2,0,0.4061264822134388,0.2899587398104761,0.46911821180010976,0.6363789648041474,23.0,HIC,
IMGT_POS_HL,Ridge_grid,raw,2,1,0.44360902255639095,0.46461321745143314,0.5160607429940771,0.6356453117570089,20.0,HIC,
IMGT_POS_HL,ElasticNet,raw,2,1,0.4526315789473684,0.6846259151151122,0.38566631853707306,0.4975394937800329,20.0,HIC,
IMGT_POS_HL,Ridge_grid,raw,2,2,0.36781785270529377,0.25769465206753944,0.5284539375076717,0.73859866554245,34.0,HIC,
IMGT_POS_HL,ElasticNet,raw,2,2,0.4066320340875724,0.16238610481826013,0.8022555719607593,1.1391144071384705,34.0,HIC,
IMGT_POS_HL,Ridge_grid,raw,2,3,0.5994397759103641,0.6225310414770036,0.5056174290316693,0.7071526952576,35.0,HIC,
IMGT_POS_HL,ElasticNet,raw,2,3,0.6075630252100841,0.5735350957205911,0.5732382574014817,0.9015191708801722,35.0,HIC,
IMGT_POS_HL,Ridge_grid,raw,2,4,0.27121656520862847,0.4129559081286341,0.6367168758456705,0.891066984938602,50.0,HIC,
IMGT_POS_HL,ElasticNet,raw,2,4,0.41136353479934534,0.5042365539182312,0.5968513341657075,0.8545423650521647,50.0,HIC,
IMGT_POS_HL,Ridge_grid,raw,3,0,0.5994397759103641,0.6225310414770036,0.5056174290316693,0.7071526952576,35.0,HIC,
IMGT_POS_HL,ElasticNet,raw,3,0,0.6075630252100841,0.5735350957205911,0.5732382574014817,0.9015191708801722,35.0,HIC,
IMGT_POS_HL,Ridge_grid,raw,3,1,0.12713936578762128,0.06933985073018578,0.5414020165031973,0.7504619710359635,34.0,HIC,
IMGT_POS_HL,ElasticNet,raw,3,1,0.2807151622017552,0.14633582842454046,0.8577290816574693,1.1927113181180495,34.0,HIC,
IMGT_POS_HL,Ridge_grid,raw,3,2,0.3009941941141269,0.4272297319039663,0.6304810381064202,0.8864523839842496,50.0,HIC,
IMGT_POS_HL,ElasticNet,raw,3,2,0.4190000557605941,0.4852320385497042,0.6041604411905969,0.8596688503694099,50.0,HIC,
IMGT_POS_HL,Ridge_grid,raw,3,3,0.44360902255639095,0.46461321745143314,0.5160607429940771,0.6356453117570089,20.0,HIC,
IMGT_POS_HL,ElasticNet,raw,3,3,0.4526315789473684,0.6846259151151122,0.38566631853707306,0.4975394937800329,20.0,HIC,
IMGT_POS_HL,Ridge_grid,raw,3,4,0.37549407114624506,0.31773827913167296,0.5044586143684989,0.6731153971249721,23.0,HIC,
IMGT_POS_HL,ElasticNet,raw,3,4,0.47134387351778656,0.3409326884067265,0.46360858306150393,0.6204826457814998,23.0,HIC,
IMGT_POS_H,Ridge_grid,raw,0,0,0.6000000000000001,0.6789660749109308,0.46634410873835036,0.5863918373009578,35.0,HIC,
IMGT_POS_H,ElasticNet,raw,0,0,0.480952380952381,0.585604162124379,0.564386058382818,0.8101321972796515,35.0,HIC,
IMGT_POS_H,Ridge_grid,raw,0,1,0.29034230167846203,0.12380075469385901,0.5691715462036906,0.8265762977382032,34.0,HIC,
IMGT_POS_H,ElasticNet,raw,0,1,0.39486553028270843,0.1943221124790413,0.6437570573244993,1.0086793003859724,34.0,HIC,
IMGT_POS_H,Ridge_grid,raw,0,2,0.5308270676691729,0.5869989597474476,0.43160877250176,0.5437778141987919,20.0,HIC,
IMGT_POS_H,ElasticNet,raw,0,2,0.5834586466165413,0.755297188574567,0.33890270076469486,0.43977946742683827,20.0,HIC,
IMGT_POS_H,Ridge_grid,raw,0,3,0.22628458498023715,0.1359546806981362,0.5473531070754676,0.7063520431493812,23.0,HIC,
IMGT_POS_H,ElasticNet,raw,0,3,0.17292490118577078,0.09704254722558703,0.6255002323909507,0.79665232210629,23.0,HIC,
IMGT_POS_H,Ridge_grid,raw,0,4,0.1947552987287035,0.29946041977207105,0.6374476310180373,0.9347818790094208,50.0,HIC,
IMGT_POS_H,ElasticNet,raw,0,4,0.42808770807307045,0.43290160714341835,0.5930355859518233,0.8824326331604985,50.0,HIC,
IMGT_POS_H,Ridge_grid,raw,1,0,0.2784229861358725,0.12333605448704454,0.569196632595849,0.8254824835849621,34.0,HIC,
IMGT_POS_H,ElasticNet,raw,1,0,0.4067848458252979,0.2022107703622119,0.6407149743293664,1.0001877655241769,34.0,HIC,
IMGT_POS_H,Ridge_grid,raw,1,1,0.5759398496240601,0.6389515823421318,0.41186800953784913,0.5251682824808911,20.0,HIC,
IMGT_POS_H,ElasticNet,raw,1,1,0.5037593984962406,0.8047254355554458,0.30938775908524485,0.39819595846783123,20.0,HIC,
IMGT_POS_H,Ridge_grid,raw,1,2,0.1947552987287035,0.29946041977207105,0.6374476310180373,0.9347818790094208,50.0,HIC,
IMGT_POS_H,ElasticNet,raw,1,2,0.42808770807307045,0.43290160714341835,0.5930355859518233,0.8824326331604985,50.0,HIC,
IMGT_POS_H,Ridge_grid,raw,1,3,0.6000000000000001,0.6789660749109308,0.46634410873835036,0.5863918373009578,35.0,HIC,
IMGT_POS_H,ElasticNet,raw,1,3,0.480952380952381,0.585604162124379,0.564386058382818,0.8101321972796515,35.0,HIC,
IMGT_POS_H,Ridge_grid,raw,1,4,0.23616600790513834,0.1349476338959085,0.564140956310726,0.7068668347440097,23.0,HIC,
IMGT_POS_H,ElasticNet,raw,1,4,0.24604743083003952,0.14062651080196104,0.6103774269194562,0.7838120721185111,23.0,HIC,
IMGT_POS_H,Ridge_grid,raw,2,0,0.18972332015810275,0.14102623792750174,0.4811163484782561,0.6546241146651789,23.0,HIC,
IMGT_POS_H,ElasticNet,raw,2,0,0.3695652173913044,0.31344029088160996,0.4877623487163763,0.6441998126880425,23.0,HIC,
IMGT_POS_H,Ridge_grid,raw,2,1,0.6225563909774435,0.6586512182048759,0.42402236420869494,0.5144094668763886,20.0,HIC,
IMGT_POS_H,ElasticNet,raw,2,1,0.5969924812030075,0.8324244091165234,0.2842790438388586,0.3692171086003535,20.0,HIC,
IMGT_POS_H,Ridge_grid,raw,2,2,0.49067848983660095,0.2909342242965089,0.4679487676757127,0.7284136705577914,34.0,HIC,
IMGT_POS_H,ElasticNet,raw,2,2,0.47413463881063034,0.21312976696151303,0.6148704811435897,0.9794663103988618,34.0,HIC,
IMGT_POS_H,Ridge_grid,raw,2,3,0.6000000000000001,0.6789660749109308,0.46634410873835036,0.5863918373009578,35.0,HIC,
IMGT_POS_H,ElasticNet,raw,2,3,0.480952380952381,0.585604162124379,0.564386058382818,0.8101321972796515,35.0,HIC,
IMGT_POS_H,Ridge_grid,raw,2,4,0.22280390402033423,0.31373173916171676,0.6300542463914084,0.9308573636804359,50.0,HIC,
IMGT_POS_H,ElasticNet,raw,2,4,0.39129704450480257,0.3875080455669047,0.6160947739538952,0.9078199543302198,50.0,HIC,
IMGT_POS_H,Ridge_grid,raw,3,0,0.6000000000000001,0.6789660749109308,0.46634410873835036,0.5863918373009578,35.0,HIC,
IMGT_POS_H,ElasticNet,raw,3,0,0.480952380952381,0.585604162124379,0.564386058382818,0.8101321972796515,35.0,HIC,
IMGT_POS_H,Ridge_grid,raw,3,1,0.288202937350305,0.11549611481975343,0.596430134433638,0.8776763847523982,34.0,HIC,
IMGT_POS_H,ElasticNet,raw,3,1,0.4020019878779575,0.19143547467466177,0.6435876536872207,1.0096294941258643,34.0,HIC,
IMGT_POS_H,Ridge_grid,raw,3,2,0.17765717632490113,0.2926556925422529,0.639240899330867,0.9360895111145388,50.0,HIC,
IMGT_POS_H,ElasticNet,raw,3,2,0.35484258804486085,0.3722782270742615,0.6359155197177698,0.9152536632432833,50.0,HIC,
IMGT_POS_H,Ridge_grid,raw,3,3,0.6225563909774435,0.6586512182048759,0.42402236420869494,0.5144094668763886,20.0,HIC,
IMGT_POS_H,ElasticNet,raw,3,3,0.5969924812030075,0.8324244091165234,0.2842790438388586,0.3692171086003535,20.0,HIC,
IMGT_POS_H,Ridge_grid,raw,3,4,0.2124505928853755,0.172866110517771,0.5149228878319146,0.6747269472208385,23.0,HIC,
IMGT_POS_H,ElasticNet,raw,3,4,0.26383399209486164,0.20002640405414862,0.5329899021816086,0.7138455552203968,23.0,HIC,
IMGT_POS_L,Ridge_grid,raw,0,0,0.09243697478991597,0.09142988274784959,0.5169829292197403,0.7831052197487339,35.0,HIC,
IMGT_POS_L,ElasticNet,raw,0,0,0.24793278687599535,0.31953425406942426,0.5232678326388526,0.7966055214816607,35.0,HIC,
IMGT_POS_L,Ridge_grid,raw,0,1,-0.2580990250183802,-0.12097474016951854,0.5651140618201553,0.7615546304661,34.0,HIC,
IMGT_POS_L,ElasticNet,raw,0,1,-0.03362115085844921,-0.10136508928965796,0.9993110085177728,1.2523677804286033,34.0,HIC,
IMGT_POS_L,Ridge_grid,raw,0,2,-0.12180451127819547,-0.2021636716526111,0.5575393437331506,0.6795692957278269,20.0,HIC,
IMGT_POS_L,ElasticNet,raw,0,2,-0.3398496240601503,-0.3727002581230089,0.7126691896405882,0.953068948101795,20.0,HIC,
IMGT_POS_L,Ridge_grid,raw,0,3,0.1492094861660079,0.18260473929580096,0.4995143631534545,0.6444337865015615,23.0,HIC,
IMGT_POS_L,ElasticNet,raw,0,3,0.10968379446640317,-0.03676587231318632,0.6626037697066023,0.888820856408805,23.0,HIC,
IMGT_POS_L,Ridge_grid,raw,0,4,0.2585370587069324,0.24065535179724207,0.6337976614928025,0.9561652736422842,50.0,HIC,
IMGT_POS_L,ElasticNet,raw,0,4,-0.007396911602597276,0.1526530140616908,0.6661141189474933,1.0035383440568848,50.0,HIC,
IMGT_POS_L,Ridge_grid,raw,1,0,-0.23319071176912268,-0.1251450313154521,0.5667584512633556,0.7609348314310788,34.0,HIC,
IMGT_POS_L,ElasticNet,raw,1,0,-0.042637732225033316,-0.09970832073701072,1.0115862527325363,1.267903197993239,34.0,HIC,
IMGT_POS_L,Ridge_grid,raw,1,1,-0.10375939849624059,-0.22097375051975324,0.558681206522587,0.6806788596352799,20.0,HIC,
IMGT_POS_L,ElasticNet,raw,1,1,-0.4360902255639097,-0.42623654606295996,0.7388188059378302,0.9610205536482818,20.0,HIC,
IMGT_POS_L,Ridge_grid,raw,1,2,0.2585370587069324,0.24065535179724207,0.6337976614928025,0.9561652736422842,50.0,HIC,
IMGT_POS_L,ElasticNet,raw,1,2,-0.007396911602597276,0.1526530140616908,0.6661141189474933,1.0035383440568848,50.0,HIC,
IMGT_POS_L,Ridge_grid,raw,1,3,0.09243697478991597,0.09142988274784959,0.5169829292197403,0.7831052197487339,35.0,HIC,
IMGT_POS_L,ElasticNet,raw,1,3,0.24793278687599535,0.31953425406942426,0.5232678326388526,0.7966055214816607,35.0,HIC,
IMGT_POS_L,Ridge_grid,raw,1,4,0.19071146245059292,0.19388783373684995,0.4993505424670136,0.6440832392757085,23.0,HIC,
IMGT_POS_L,ElasticNet,raw,1,4,0.05533596837944664,-0.053174934832423894,0.6791211565464127,0.9033990860934121,23.0,HIC,
IMGT_POS_L,Ridge_grid,raw,2,0,0.24505928853754944,0.20910127600396577,0.49823106069409584,0.6434416608498168,23.0,HIC,
IMGT_POS_L,ElasticNet,raw,2,0,-0.11020509355464615,-0.1423805062388773,0.6913235232130247,0.9311172736988408,23.0,HIC,
IMGT_POS_L,Ridge_grid,raw,2,1,-0.051127819548872175,-0.21666790797434388,0.5594220848892166,0.6807088549906155,20.0,HIC,
IMGT_POS_L,ElasticNet,raw,2,1,-0.33233082706766914,-0.3159280122304897,0.7676414623403051,0.9785336436045687,20.0,HIC,
IMGT_POS_L,Ridge_grid,raw,2,2,-0.17878973313884242,-0.028123653376649238,0.5577002139543717,0.7539881879917938,34.0,HIC,
IMGT_POS_L,ElasticNet,raw,2,2,0.1418201272574585,0.012844083270078618,0.9423029597378393,1.2415414841530552,34.0,HIC,
IMGT_POS_L,Ridge_grid,raw,2,3,0.09243697478991597,0.09142988274784959,0.5169829292197403,0.7831052197487339,35.0,HIC,
IMGT_POS_L,ElasticNet,raw,2,3,0.24793278687599535,0.31953425406942426,0.5232678326388526,0.7966055214816607,35.0,HIC,
IMGT_POS_L,Ridge_grid,raw,2,4,0.13001297007610363,0.1441280583702122,0.6476184361434716,0.9667914443973696,50.0,HIC,
IMGT_POS_L,ElasticNet,raw,2,4,-0.020509618534474264,0.13125235881375033,0.6702288516373376,1.0167863673926627,50.0,HIC,
IMGT_POS_L,Ridge_grid,raw,3,0,0.09243697478991597,0.09142988274784959,0.5169829292197403,0.7831052197487339,35.0,HIC,
IMGT_POS_L,ElasticNet,raw,3,0,0.24793278687599535,0.31953425406942426,0.5232678326388526,0.7966055214816607,35.0,HIC,
IMGT_POS_L,Ridge_grid,raw,3,1,-0.2784229861358725,-0.12218433814069557,0.5650008415575581,0.7616312370746658,34.0,HIC,
IMGT_POS_L,ElasticNet,raw,3,1,-0.015740811538273947,-0.048097349809666685,0.9692930169348225,1.231571196286271,34.0,HIC,
IMGT_POS_L,Ridge_grid,raw,3,2,0.23812497437655036,0.2505402432710452,0.6366036846476905,0.9547127653325289,50.0,HIC,
IMGT_POS_L,ElasticNet,raw,3,2,0.0022575532070163947,0.17457407908423916,0.6529189010964312,0.9962809967180978,50.0,HIC,
IMGT_POS_L,Ridge_grid,raw,3,3,-0.051127819548872175,-0.21666790797434388,0.5594220848892166,0.6807088549906155,20.0,HIC,
IMGT_POS_L,ElasticNet,raw,3,3,-0.33233082706766914,-0.3159280122304897,0.7676414623403051,0.9785336436045687,20.0,HIC,
IMGT_POS_L,Ridge_grid,raw,3,4,0.208498023715415,0.20335941885613606,0.4985976774095836,0.6434360030588754,23.0,HIC,
IMGT_POS_L,ElasticNet,raw,3,4,-0.01482213438735178,-0.10199762942724173,0.6646873139193081,0.9128638182549099,23.0,HIC,
GERMLINE_REL,Ridge_grid,raw,0,0,0.3016806722689076,0.31414431135854637,0.6545490644892992,0.8395374966756175,35.0,HIC,
GERMLINE_REL,ElasticNet,raw,0,0,0.41904761904761906,0.44851927234065647,0.4994240403876956,0.7079889576531194,35.0,HIC,
GERMLINE_REL,PLS,raw,0,0,0.24537815126050422,0.28398784623926904,0.666599581129811,0.8881799005142637,35.0,HIC,
GERMLINE_REL,Ridge_grid,raw,0,1,0.3635391240489796,0.15403208029792045,0.6213305702721589,0.8857574068062253,34.0,HIC,
GERMLINE_REL,ElasticNet,raw,0,1,0.45003056760161625,0.2779326419747275,0.4952426211258508,0.7359141439040017,34.0,HIC,
GERMLINE_REL,PLS,raw,0,1,0.42099633743377,0.20865117056945712,0.5730796265930911,0.8177607847806679,34.0,HIC,
GERMLINE_REL,Ridge_grid,raw,0,2,0.431578947368421,0.5479035766468107,0.5442698044989267,0.6271113526524741,20.0,HIC,
GERMLINE_REL,ElasticNet,raw,0,2,0.40751879699248117,0.4640621062585007,0.5094756535135628,0.617219284325188,20.0,HIC,
GERMLINE_REL,PLS,raw,0,2,0.37744360902255636,0.44893502974381194,0.5600214857274539,0.6688389809951252,20.0,HIC,
GERMLINE_REL,Ridge_grid,raw,0,3,0.14525691699604742,0.16142675070534435,0.8791986014879625,1.0747153930929374,23.0,HIC,
GERMLINE_REL,ElasticNet,raw,0,3,0.3053359683794466,0.4086346999777043,0.5261318159542353,0.6353184899586836,23.0,HIC,
GERMLINE_REL,PLS,raw,0,3,0.1660079051383399,0.25612887655850014,0.7105569246327937,0.8187019720928476,23.0,HIC,
GERMLINE_REL,Ridge_grid,raw,0,4,0.3839392991460556,0.3466584677054997,0.8122279285404485,0.9727340569694801,50.0,HIC,
GERMLINE_REL,ElasticNet,raw,0,4,0.41592623600260714,0.42597773222259305,0.6660547394276777,0.8873143058507503,50.0,HIC,
GERMLINE_REL,PLS,raw,0,4,0.38177801962872104,0.3533265661280979,0.7450501354303206,0.9436883163235046,50.0,HIC,
GERMLINE_REL,Ridge_grid,raw,1,0,0.2671149175441851,0.1099817410307321,0.6606530792071,0.9056044431662247,34.0,HIC,
GERMLINE_REL,ElasticNet,raw,1,0,0.4208435256960445,0.25230650258258464,0.5054000669598828,0.7417257940600585,34.0,HIC,
GERMLINE_REL,PLS,raw,1,0,0.3277811774212111,0.1726566875885445,0.6039415800872918,0.8347615673720761,34.0,HIC,
GERMLINE_REL,Ridge_grid,raw,1,1,0.38345864661654133,0.5023964577227156,0.5722822637224476,0.6569756521836702,20.0,HIC,
GERMLINE_REL,ElasticNet,raw,1,1,0.4195488721804511,0.4782189144047602,0.49824118861772143,0.6061452944602086,20.0,HIC,
GERMLINE_REL,PLS,raw,1,1,0.33684210526315783,0.43000700273681025,0.5662697605851783,0.6751389287977447,20.0,HIC,
GERMLINE_REL,Ridge_grid,raw,1,2,0.3839392991460556,0.3466584677054997,0.8122279285404485,0.9727340569694801,50.0,HIC,
GERMLINE_REL,ElasticNet,raw,1,2,0.41592623600260714,0.42597773222259305,0.6660547394276777,0.8873143058507503,50.0,HIC,
GERMLINE_REL,PLS,raw,1,2,0.38177801962872104,0.3533265661280979,0.7450501354303206,0.9436883163235046,50.0,HIC,
GERMLINE_REL,Ridge_grid,raw,1,3,0.3016806722689076,0.31414431135854637,0.6545490644892992,0.8395374966756175,35.0,HIC,
GERMLINE_REL,ElasticNet,raw,1,3,0.41904761904761906,0.44851927234065647,0.4994240403876956,0.7079889576531194,35.0,HIC,
GERMLINE_REL,PLS,raw,1,3,0.24537815126050422,0.28398784623926904,0.666599581129811,0.8881799005142637,35.0,HIC,
GERMLINE_REL,Ridge_grid,raw,1,4,0.34782608695652173,0.29528123394860206,0.6869140767662437,0.875109032178509,23.0,HIC,
GERMLINE_REL,ElasticNet,raw,1,4,0.35474308300395263,0.44542610944479455,0.49231015470662204,0.6134585916835095,23.0,HIC,
GERMLINE_REL,PLS,raw,1,4,0.27865612648221344,0.3449736992732143,0.6169327457928854,0.7452088284609776,23.0,HIC,
GERMLINE_REL,Ridge_grid,raw,2,0,0.24011857707509882,0.2115878170526049,0.7428148360793394,0.9280520139123045,23.0,HIC,
GERMLINE_REL,ElasticNet,raw,2,0,0.25790513833992096,0.38042492649503656,0.5344699200177623,0.6518689655421086,23.0,HIC,
GERMLINE_REL,PLS,raw,2,0,0.24308300395256918,0.28531247137797183,0.6556102704389488,0.7760964819252558,23.0,HIC,
GERMLINE_REL,Ridge_grid,raw,2,1,0.38195488721804516,0.5095797252699162,0.58689509923006,0.6594667952331114,20.0,HIC,
GERMLINE_REL,ElasticNet,raw,2,1,0.4120300751879699,0.48638355228717484,0.48947190037804955,0.6009253354712877,20.0,HIC,
GERMLINE_REL,PLS,raw,2,1,0.33383458646616543,0.43485720636640446,0.5782044392608486,0.6777580800297633,20.0,HIC,
GERMLINE_REL,Ridge_grid,raw,2,2,0.25871027196928226,0.08929040745698949,0.6809385959258671,0.9382597091764825,34.0,HIC,
GERMLINE_REL,ElasticNet,raw,2,2,0.5238386369230358,0.2756550077803258,0.4967172193181652,0.7394314742052063,34.0,HIC,
GERMLINE_REL,PLS,raw,2,2,0.3754584395915691,0.16455796915415455,0.6183071241576125,0.850343160220727,34.0,HIC,
GERMLINE_REL,Ridge_grid,raw,2,3,0.3016806722689076,0.31414431135854637,0.6545490644892992,0.8395374966756175,35.0,HIC,
GERMLINE_REL,ElasticNet,raw,2,3,0.41904761904761906,0.44851927234065647,0.4994240403876956,0.7079889576531194,35.0,HIC,
GERMLINE_REL,PLS,raw,2,3,0.24537815126050422,0.28398784623926904,0.666599581129811,0.8881799005142637,35.0,HIC,
GERMLINE_REL,Ridge_grid,raw,2,4,0.35579463698698777,0.33940445606928454,0.8118854537761987,0.9667115337613827,50.0,HIC,
GERMLINE_REL,ElasticNet,raw,2,4,0.37510206734184326,0.40085349612643256,0.6860988891032314,0.8993535985096387,50.0,HIC,
GERMLINE_REL,PLS,raw,2,4,0.35608280758929906,0.33599242974622695,0.7649755421497862,0.9521825646403769,50.0,HIC,
GERMLINE_REL,Ridge_grid,raw,3,0,0.3016806722689076,0.31414431135854637,0.6545490644892992,0.8395374966756175,35.0,HIC,
GERMLINE_REL,ElasticNet,raw,3,0,0.41904761904761906,0.44851927234065647,0.4994240403876956,0.7079889576531194,35.0,HIC,
GERMLINE_REL,PLS,raw,3,0,0.24537815126050422,0.28398784623926904,0.666599581129811,0.8881799005142637,35.0,HIC,
GERMLINE_REL,Ridge_grid,raw,3,1,0.3366442582092905,0.1389072225563291,0.6243263623067771,0.900430583319326,34.0,HIC,
GERMLINE_REL,ElasticNet,raw,3,1,0.45094743802796927,0.26980864443572317,0.49633112947776764,0.7374884201307563,34.0,HIC,
GERMLINE_REL,PLS,raw,3,1,0.39364303638090437,0.19628931088505783,0.5822664538026776,0.8258148147495472,34.0,HIC,
GERMLINE_REL,Ridge_grid,raw,3,2,0.395322037937351,0.3485792748057175,0.824354335871742,0.9777740777278493,50.0,HIC,
GERMLINE_REL,ElasticNet,raw,3,2,0.4196724538326538,0.42681833126667124,0.6678413675487488,0.8869025773077984,50.0,HIC,
GERMLINE_REL,PLS,raw,3,2,0.39709908998493715,0.3537114616274486,0.7520894224072586,0.9463292495605259,50.0,HIC,
GERMLINE_REL,Ridge_grid,raw,3,3,0.38195488721804516,0.5095797252699162,0.58689509923006,0.6594667952331114,20.0,HIC,
GERMLINE_REL,ElasticNet,raw,3,3,0.4120300751879699,0.48638355228717484,0.48947190037804955,0.6009253354712877,20.0,HIC,
GERMLINE_REL,PLS,raw,3,3,0.33383458646616543,0.43485720636640446,0.5782044392608486,0.6777580800297633,20.0,HIC,
GERMLINE_REL,Ridge_grid,raw,3,4,0.3142292490118577,0.2547497213323604,0.705944871832096,0.898958905518714,23.0,HIC,
GERMLINE_REL,ElasticNet,raw,3,4,0.3448616600790514,0.42640154706164957,0.5107223764389447,0.624918210202608,23.0,HIC,
GERMLINE_REL,PLS,raw,3,4,0.2875494071146245,0.32051504503531447,0.6372186062875899,0.7567185911761832,23.0,HIC,
NGRAM_HL_2,Ridge_grid,raw,0,0,0.5408963585434174,0.493428870123714,0.5376914989572925,0.7389642996087606,35.0,HIC,
NGRAM_HL_2,ElasticNet,raw,0,0,0.3369747899159664,0.28954459069222915,0.5409450399198353,0.7826329193081856,35.0,HIC,
NGRAM_HL_2,Ridge_grid,raw,0,1,0.2933985364329722,0.3524175167012069,0.5416848947916371,0.739196459554494,34.0,HIC,
NGRAM_HL_2,ElasticNet,raw,0,1,0.11904034368816943,0.09379215247600173,0.6699671880526628,0.9139808517760369,34.0,HIC,
NGRAM_HL_2,Ridge_grid,raw,0,2,-0.037593984962406006,0.05999644669389318,0.5525865410448688,0.68025953427696,20.0,HIC,
NGRAM_HL_2,ElasticNet,raw,0,2,-0.11278195488721804,0.029130725283761115,0.642269319551589,0.804440940066377,20.0,HIC,
NGRAM_HL_2,Ridge_grid,raw,0,3,0.12055335968379448,0.006881308693041276,0.5109597939173058,0.6757932580836811,23.0,HIC,
NGRAM_HL_2,ElasticNet,raw,0,3,-0.10671936758893281,-0.18467011043011872,0.7232548029311462,0.9585915174473645,23.0,HIC,
NGRAM_HL_2,Ridge_grid,raw,0,4,0.15508381247718458,0.18594834515806397,0.6472489896150548,0.97167980112818,50.0,HIC,
NGRAM_HL_2,ElasticNet,raw,0,4,0.23173719269198378,0.3177117275973635,0.7819825204982503,0.975452739089096,50.0,HIC,
NGRAM_HL_2,Ridge_grid,raw,1,0,0.3176956027313277,0.3643704251303646,0.5415531998699828,0.7385140580885217,34.0,HIC,
NGRAM_HL_2,ElasticNet,raw,1,0,0.23212102960504416,0.23151265761301856,0.617488418488872,0.8249784173038918,34.0,HIC,
NGRAM_HL_2,Ridge_grid,raw,1,1,-0.021052631578947364,0.08911901936758981,0.5486374468750792,0.6748218841370985,20.0,HIC,
NGRAM_HL_2,ElasticNet,raw,1,1,-0.02857142857142857,0.05577073475907045,0.6179840226381147,0.8030927097883358,20.0,HIC,
NGRAM_HL_2,Ridge_grid,raw,1,2,0.15508381247718458,0.18594834515806397,0.6472489896150548,0.97167980112818,50.0,HIC,
NGRAM_HL_2,ElasticNet,raw,1,2,0.23173719269198378,0.3177117275973635,0.7819825204982503,0.975452739089096,50.0,HIC,
NGRAM_HL_2,Ridge_grid,raw,1,3,0.5408963585434174,0.493428870123714,0.5376914989572925,0.7389642996087606,35.0,HIC,
NGRAM_HL_2,ElasticNet,raw,1,3,0.3369747899159664,0.28954459069222915,0.5409450399198353,0.7826329193081856,35.0,HIC,
NGRAM_HL_2,Ridge_grid,raw,1,4,0.12944664031620554,-0.0036028723424099754,0.5133523542240104,0.6775657102314575,23.0,HIC,
NGRAM_HL_2,ElasticNet,raw,1,4,-0.1057312252964427,-0.21778999018502673,0.7986250816019762,0.9931878488491452,23.0,HIC,
NGRAM_HL_2,Ridge_grid,raw,2,0,0.07114624505928854,-0.04167676672268664,0.5161590016370818,0.6830502895453652,23.0,HIC,
NGRAM_HL_2,ElasticNet,raw,2,0,-0.11758893280632411,-0.2678692725702093,0.7605273537676104,0.994370596492589,23.0,HIC,
NGRAM_HL_2,Ridge_grid,raw,2,1,-0.03909774436090225,0.08138651274697535,0.5472269535091214,0.6759018896797312,20.0,HIC,
NGRAM_HL_2,ElasticNet,raw,2,1,-0.04661654135338346,0.07198808158818172,0.6269215914169812,0.8020888441166547,20.0,HIC,
NGRAM_HL_2,Ridge_grid,raw,2,2,0.4133557505474946,0.4545181090937296,0.5380852425730946,0.73644868751771,34.0,HIC,
NGRAM_HL_2,ElasticNet,raw,2,2,0.14990831470872173,0.14017224005443207,0.7166835991918654,0.929954242371266,34.0,HIC,
NGRAM_HL_2,Ridge_grid,raw,2,3,0.5408963585434174,0.493428870123714,0.5376914989572925,0.7389642996087606,35.0,HIC,
NGRAM_HL_2,ElasticNet,raw,2,3,0.3369747899159664,0.28954459069222915,0.5409450399198353,0.7826329193081856,35.0,HIC,
NGRAM_HL_2,Ridge_grid,raw,2,4,0.059555257810996874,0.14051769419171406,0.6505776311002333,0.9734409822223243,50.0,HIC,
NGRAM_HL_2,ElasticNet,raw,2,4,0.21891360088913203,0.28402464679773315,0.7903164139595334,0.9998338991720985,50.0,HIC,
NGRAM_HL_2,Ridge_grid,raw,3,0,0.5408963585434174,0.493428870123714,0.5376914989572925,0.7389642996087606,35.0,HIC,
NGRAM_HL_2,ElasticNet,raw,3,0,0.3369747899159664,0.28954459069222915,0.5409450399198353,0.7826329193081856,35.0,HIC,
NGRAM_HL_2,Ridge_grid,raw,3,1,0.3044009815492087,0.3651447818588429,0.5406267879954431,0.7387325484554111,34.0,HIC,
NGRAM_HL_2,ElasticNet,raw,3,1,0.11063569811326661,0.10036009368666698,0.6780520983561557,0.9137748610663343,34.0,HIC,
NGRAM_HL_2,Ridge_grid,raw,3,2,0.13299073296665348,0.1648155190453561,0.6495217233844209,0.9723678447550921,50.0,HIC,
NGRAM_HL_2,ElasticNet,raw,3,2,0.23044042498158304,0.3177960918907592,0.7780961043835943,0.979879131854785,50.0,HIC,
NGRAM_HL_2,Ridge_grid,raw,3,3,-0.03909774436090225,0.08138651274697535,0.5472269535091214,0.6759018896797312,20.0,HIC,
NGRAM_HL_2,ElasticNet,raw,3,3,-0.04661654135338346,0.07198808158818172,0.6269215914169812,0.8020888441166547,20.0,HIC,
NGRAM_HL_2,Ridge_grid,raw,3,4,0.21936758893280633,0.03985267968734991,0.5025586323765431,0.6504661889731244,23.0,HIC,
NGRAM_HL_2,ElasticNet,raw,3,4,-0.08498023715415019,-0.20358477082920723,0.7571990544726972,0.9838346985898269,23.0,HIC,
NGRAM_HL_3,Ridge_grid,raw,0,0,0.5955182072829133,0.6086883585600128,0.4680770185563215,0.6325782923997612,35.0,HIC,
NGRAM_HL_3,ElasticNet,raw,0,0,0.6243697478991598,0.5609861899865807,0.503820552321259,0.7852891362197308,35.0,HIC,
NGRAM_HL_3,Ridge_grid,raw,0,1,0.2631418123633219,0.34919496864053956,0.5186412146038695,0.7287378096971939,34.0,HIC,
NGRAM_HL_3,ElasticNet,raw,0,1,0.21760391452112107,0.1366084255900331,0.5466439191489953,0.8041037838437589,34.0,HIC,
NGRAM_HL_3,Ridge_grid,raw,0,2,0.31879699248120297,0.38121347465781136,0.4993380887244821,0.6140928935691711,20.0,HIC,
NGRAM_HL_3,ElasticNet,raw,0,2,0.10225563909774435,-0.06092648585295126,0.6084587093194036,0.7962178867627441,20.0,HIC,
NGRAM_HL_3,Ridge_grid,raw,0,3,0.25395256916996045,0.20855599383117018,0.48480742325505444,0.6369625708398372,23.0,HIC,
NGRAM_HL_3,ElasticNet,raw,0,3,0.25889328063241107,0.25467321872237153,0.5789328418615455,0.8921365557144411,23.0,HIC,
NGRAM_HL_3,Ridge_grid,raw,0,4,0.15306661826100565,0.31868824689662056,0.6373501670519427,0.948807215594967,50.0,HIC,
NGRAM_HL_3,ElasticNet,raw,0,4,0.24801883172257086,0.3011509974819141,0.6277006441615092,0.9353905171830031,50.0,HIC,
NGRAM_HL_3,Ridge_grid,raw,1,0,0.25947433065790976,0.3467666248792191,0.5257981826443218,0.7291845308320963,34.0,HIC,
NGRAM_HL_3,ElasticNet,raw,1,0,0.25382029636206604,0.11396437244617584,0.5508557401234808,0.8159779938566202,34.0,HIC,
NGRAM_HL_3,Ridge_grid,raw,1,1,0.3654135338345864,0.42555417100977094,0.4836676043547573,0.6024333279054519,20.0,HIC,
NGRAM_HL_3,ElasticNet,raw,1,1,0.018045112781954885,-0.18191995187095156,0.6539166390386183,0.8492768634561583,20.0,HIC,
NGRAM_HL_3,Ridge_grid,raw,1,2,0.15306661826100565,0.31868824689662056,0.6373501670519427,0.948807215594967,50.0,HIC,
NGRAM_HL_3,ElasticNet,raw,1,2,0.24801883172257086,0.3011509974819141,0.6277006441615092,0.9353905171830031,50.0,HIC,
NGRAM_HL_3,Ridge_grid,raw,1,3,0.5955182072829133,0.6086883585600128,0.4680770185563215,0.6325782923997612,35.0,HIC,
NGRAM_HL_3,ElasticNet,raw,1,3,0.6243697478991598,0.5609861899865807,0.503820552321259,0.7852891362197308,35.0,HIC,
NGRAM_HL_3,Ridge_grid,raw,1,4,0.325098814229249,0.23855165028404762,0.4793871653725423,0.6328777860146512,23.0,HIC,
NGRAM_HL_3,ElasticNet,raw,1,4,0.13043478260869565,0.19385542772413072,0.6333333034454608,0.9669501242229079,23.0,HIC,
NGRAM_HL_3,Ridge_grid,raw,2,0,0.22430830039525693,0.16694113882967257,0.4882840174145258,0.6432001407550423,23.0,HIC,
NGRAM_HL_3,ElasticNet,raw,2,0,0.10968379446640317,0.19723860090303297,0.6246968947255263,0.9530058582102536,23.0,HIC,
NGRAM_HL_3,Ridge_grid,raw,2,1,0.35187969924812035,0.41258056984783864,0.48724493260461843,0.6056308219480655,20.0,HIC,
NGRAM_HL_3,ElasticNet,raw,2,1,0.05714285714285714,-0.1878404623599163,0.6486450339731912,0.8598037558152809,20.0,HIC,
NGRAM_HL_3,Ridge_grid,raw,2,2,0.4118276331702397,0.4866334073604087,0.5089163175083364,0.7213371504779792,34.0,HIC,
NGRAM_HL_3,ElasticNet,raw,2,2,0.28575794954669687,0.13433293876390207,0.5619481244748545,0.8239148448064718,34.0,HIC,
NGRAM_HL_3,Ridge_grid,raw,2,3,0.5955182072829133,0.6086883585600128,0.4680770185563215,0.6325782923997612,35.0,HIC,
NGRAM_HL_3,ElasticNet,raw,2,3,0.6243697478991598,0.5609861899865807,0.503820552321259,0.7852891362197308,35.0,HIC,
NGRAM_HL_3,Ridge_grid,raw,2,4,0.20445704233984976,0.3911756116201408,0.6313757259860399,0.9058287742271481,50.0,HIC,
NGRAM_HL_3,ElasticNet,raw,2,4,0.09615292430452882,0.23909390968427996,0.6509490581502064,0.956078745254322,50.0,HIC,
NGRAM_HL_3,Ridge_grid,raw,3,0,0.5955182072829133,0.6086883585600128,0.4680770185563215,0.6325782923997612,35.0,HIC,
NGRAM_HL_3,ElasticNet,raw,3,0,0.6243697478991598,0.5609861899865807,0.503820552321259,0.7852891362197308,35.0,HIC,
NGRAM_HL_3,Ridge_grid,raw,3,1,0.2671149175441851,0.35984838908087935,0.5165880356169443,0.7281752506495048,34.0,HIC,
NGRAM_HL_3,ElasticNet,raw,3,1,0.14639364474103508,0.14017731913388248,0.5501570135124743,0.8076539932114483,34.0,HIC,
NGRAM_HL_3,Ridge_grid,raw,3,2,0.13808174694081934,0.3025404792088637,0.6414187418201509,0.9501473158872467,50.0,HIC,
NGRAM_HL_3,ElasticNet,raw,3,2,0.1703088259659636,0.22388759447397588,0.6482838796068745,0.9628343004558461,50.0,HIC,
NGRAM_HL_3,Ridge_grid,raw,3,3,0.35187969924812035,0.41258056984783864,0.48724493260461843,0.6056308219480655,20.0,HIC,
NGRAM_HL_3,ElasticNet,raw,3,3,0.05714285714285714,-0.1878404623599163,0.6486450339731912,0.8598037558152809,20.0,HIC,
NGRAM_HL_3,Ridge_grid,raw,3,4,0.30138339920948615,0.21409737368241083,0.4827041221839847,0.6372098141071726,23.0,HIC,
NGRAM_HL_3,ElasticNet,raw,3,4,0.24011857707509882,0.20741008232162841,0.614916289670635,0.945394016908905,23.0,HIC,
PLM_ESM2_rank,Ridge_grid,rank,0,0,0.7215686274509805,0.6898898320345861,8.986456117062188,9.008030462712371,35.0,HIC,
PLM_ESM2_rank,Ridge_grid,rank,0,1,0.3685819113939213,0.28659869144126165,8.956803592211122,8.98596426519241,34.0,HIC,
PLM_ESM2_rank,Ridge_grid,rank,0,2,0.3488721804511278,0.33169882364270686,8.878987995906655,8.901047242676636,20.0,HIC,
PLM_ESM2_rank,Ridge_grid,rank,0,3,0.3003952569169961,0.2260657713906324,8.80081639192264,8.82368518392232,23.0,HIC,
PLM_ESM2_rank,Ridge_grid,rank,0,4,0.4846549246538463,0.49958361516196664,8.920766349915674,8.96541486272082,50.0,HIC,
PLM_ESM2_rank,Ridge_grid,rank,1,0,0.3743887574274906,0.2972737030135152,8.943404105353874,8.972536581814325,34.0,HIC,
PLM_ESM2_rank,Ridge_grid,rank,1,1,0.33383458646616543,0.31590116384742617,8.870656667376274,8.892993411270481,20.0,HIC,
PLM_ESM2_rank,Ridge_grid,rank,1,2,0.4846549246538463,0.49958361516196664,8.920766349915674,8.96541486272082,50.0,HIC,
PLM_ESM2_rank,Ridge_grid,rank,1,3,0.7215686274509805,0.6898898320345861,8.986456117062188,9.008030462712371,35.0,HIC,
PLM_ESM2_rank,Ridge_grid,rank,1,4,0.5128458498023715,0.365754270796943,8.84669873704424,8.866996617272717,23.0,HIC,
PLM_ESM2_rank,Ridge_grid,rank,2,0,0.4298418972332016,0.29685819630271326,8.767500602589756,8.7891201632298,23.0,HIC,
PLM_ESM2_rank,Ridge_grid,rank,2,1,0.3533834586466165,0.28254510468553257,8.879331904149153,8.902260125779563,20.0,HIC,
PLM_ESM2_rank,Ridge_grid,rank,2,2,0.5134474387577014,0.3555829768781891,8.971374158909963,8.999705311475523,34.0,HIC,
PLM_ESM2_rank,Ridge_grid,rank,2,3,0.7215686274509805,0.6898898320345861,8.986456117062188,9.008030462712371,35.0,HIC,
PLM_ESM2_rank,Ridge_grid,rank,2,4,0.47015033767084546,0.498739738757067,8.922913108404437,8.966630848065387,50.0,HIC,
PLM_ESM2_rank,Ridge_grid,rank,3,0,0.7215686274509805,0.6898898320345861,8.986456117062188,9.008030462712371,35.0,HIC,
PLM_ESM2_rank,Ridge_grid,rank,3,1,0.41366137402294567,0.3146896362648308,8.962621085914483,8.991459565858227,34.0,HIC,
PLM_ESM2_rank,Ridge_grid,rank,3,2,0.4867201473037438,0.5112059848421718,8.923049505162897,8.96738333012924,50.0,HIC,
PLM_ESM2_rank,Ridge_grid,rank,3,3,0.3533834586466165,0.28254510468553257,8.879331904149153,8.902260125779563,20.0,HIC,
PLM_ESM2_rank,Ridge_grid,rank,3,4,0.34782608695652173,0.2310992317878043,8.799244225812302,8.821536029134375,23.0,HIC,
PLM_ESM2_gauss,Ridge_grid,gauss,0,0,0.7296918767507002,0.7455286769752634,9.696350652019682,9.711044292291959,35.0,HIC,
PLM_ESM2_gauss,Ridge_grid,gauss,0,1,0.3401589281769771,0.2547812356511538,9.589071317792873,9.619780489319172,34.0,HIC,
PLM_ESM2_gauss,Ridge_grid,gauss,0,2,0.3383458646616541,0.23902789508741681,9.560600692379383,9.609333460288285,20.0,HIC,
PLM_ESM2_gauss,Ridge_grid,gauss,0,3,0.2845849802371542,0.21750623020148502,9.242781101427358,9.2884489471904,23.0,HIC,
PLM_ESM2_gauss,Ridge_grid,gauss,0,4,0.4710148494777793,0.4749568078834826,9.48401096454942,9.526048062024694,50.0,HIC,
PLM_ESM2_gauss,Ridge_grid,gauss,1,0,0.31861247315768076,0.2508723590369433,9.559776774439298,9.590439399030144,34.0,HIC,
PLM_ESM2_gauss,Ridge_grid,gauss,1,1,0.26616541353383455,0.20511313854215324,9.514901829164922,9.562146066440716,20.0,HIC,
PLM_ESM2_gauss,Ridge_grid,gauss,1,2,0.4710148494777793,0.4749568078834826,9.48401096454942,9.526048062024694,50.0,HIC,
PLM_ESM2_gauss,Ridge_grid,gauss,1,3,0.7296918767507002,0.7455286769752634,9.696350652019682,9.711044292291959,35.0,HIC,
PLM_ESM2_gauss,Ridge_grid,gauss,1,4,0.41699604743083,0.2944724238113003,9.336053096610678,9.375989487751863,23.0,HIC,
PLM_ESM2_gauss,Ridge_grid,gauss,2,0,0.48320158102766797,0.26583813708850146,9.156203067962018,9.198660714169193,23.0,HIC,
PLM_ESM2_gauss,Ridge_grid,gauss,2,1,0.28421052631578947,0.1818968341015596,9.543953119813455,9.595901660608918,20.0,HIC,
PLM_ESM2_gauss,Ridge_grid,gauss,2,2,0.3560513489004298,0.2416413146056802,9.599854912447896,9.639019074256357,34.0,HIC,
PLM_ESM2_gauss,Ridge_grid,gauss,2,3,0.7296918767507002,0.7455286769752634,9.696350652019682,9.711044292291959,35.0,HIC,
PLM_ESM2_gauss,Ridge_grid,gauss,2,4,0.423034444192952,0.4763434799947437,9.426166898910786,9.471226507230275,50.0,HIC,
PLM_ESM2_gauss,Ridge_grid,gauss,3,0,0.7296918767507002,0.7455286769752634,9.696350652019682,9.711044292291959,35.0,HIC,
PLM_ESM2_gauss,Ridge_grid,gauss,3,1,0.3915036720527473,0.27546430702240343,9.603759457546401,9.633656069500596,34.0,HIC,
PLM_ESM2_gauss,Ridge_grid,gauss,3,2,0.48700831790605503,0.49326436383534006,9.504825353507737,9.546213357700225,50.0,HIC,
PLM_ESM2_gauss,Ridge_grid,gauss,3,3,0.28421052631578947,0.1818968341015596,9.543953119813455,9.595901660608918,20.0,HIC,
PLM_ESM2_gauss,Ridge_grid,gauss,3,4,0.43873517786561267,0.25318523131868376,9.18108241595098,9.222469665996432,23.0,HIC,
SEQ_CDR_rank,Ridge_grid,rank,0,0,0.35798319327731093,0.254060512212867,8.881351319870507,8.91177846133908,35.0,HIC,
SEQ_CDR_rank,Ridge_grid,rank,0,1,0.3707212757220784,0.21640121528410344,8.8932305652208,8.932970504880162,34.0,HIC,
SEQ_CDR_rank,Ridge_grid,rank,0,2,-0.06616541353383458,-0.10573154758500519,8.899597953924221,8.931830909166717,20.0,HIC,
SEQ_CDR_rank,Ridge_grid,rank,0,3,0.5019762845849802,0.4146977841815527,8.81583724817685,8.835959928332237,23.0,HIC,
SEQ_CDR_rank,Ridge_grid,rank,0,4,0.21084482402441634,0.34483564593252597,8.919086940027713,8.969944117780555,50.0,HIC,
SEQ_CDR_rank,Ridge_grid,rank,1,0,0.4238997604505546,0.374403259061721,8.9509302794132,8.978253556066596,34.0,HIC,
SEQ_CDR_rank,Ridge_grid,rank,1,1,0.09774436090225563,-0.025124881327095623,8.91937866763438,8.950490065160928,20.0,HIC,
SEQ_CDR_rank,Ridge_grid,rank,1,2,0.21084482402441634,0.34483564593252597,8.919086940027713,8.969944117780555,50.0,HIC,
SEQ_CDR_rank,Ridge_grid,rank,1,3,0.35798319327731093,0.254060512212867,8.881351319870507,8.91177846133908,35.0,HIC,
SEQ_CDR_rank,Ridge_grid,rank,1,4,0.4397233201581028,0.3078198806864354,8.798101474637576,8.823161535475272,23.0,HIC,
SEQ_CDR_rank,Ridge_grid,rank,2,0,0.5395256916996047,0.39904371133753364,8.878163380474923,8.904002534014273,23.0,HIC,
SEQ_CDR_rank,Ridge_grid,rank,2,1,0.1413533834586466,0.044260445954085105,8.931346076753787,8.96080916153772,20.0,HIC,
SEQ_CDR_rank,Ridge_grid,rank,2,2,0.5111552626918188,0.36090256966148904,8.900473803116475,8.928111336967367,34.0,HIC,
SEQ_CDR_rank,Ridge_grid,rank,2,3,0.35798319327731093,0.254060512212867,8.881351319870507,8.91177846133908,35.0,HIC,
SEQ_CDR_rank,Ridge_grid,rank,2,4,0.4104029661249744,0.49647712652412085,8.84048407030265,8.883303411955735,50.0,HIC,
SEQ_CDR_rank,Ridge_grid,rank,3,0,0.35798319327731093,0.254060512212867,8.881351319870507,8.91177846133908,35.0,HIC,
SEQ_CDR_rank,Ridge_grid,rank,3,1,0.40724328103847446,0.3697386955507265,8.942819623562817,8.970189098853897,34.0,HIC,
SEQ_CDR_rank,Ridge_grid,rank,3,2,0.17242207704957965,0.3256453611082284,8.914771469253889,8.965848027946413,50.0,HIC,
SEQ_CDR_rank,Ridge_grid,rank,3,3,0.1413533834586466,0.044260445954085105,8.931346076753787,8.96080916153772,20.0,HIC,
SEQ_CDR_rank,Ridge_grid,rank,3,4,0.5345849802371541,0.3999218573970053,8.807770723152132,8.840395646136821,23.0,HIC,
SEQ_CDR_gauss,Ridge_grid,gauss,0,0,0.3159663865546219,0.2591768682167498,9.329462046529155,9.386123529188776,35.0,HIC,
SEQ_CDR_gauss,Ridge_grid,gauss,0,1,0.35177262024411565,0.17296743171226167,9.457393939188377,9.676321279071223,34.0,HIC,
SEQ_CDR_gauss,Ridge_grid,gauss,0,2,-0.29774436090225564,-0.31183662111621724,9.412689929982548,9.63116023550081,20.0,HIC,
SEQ_CDR_gauss,Ridge_grid,gauss,0,3,0.33992094861660077,0.3571271786121116,9.300106870431483,9.501738744374812,23.0,HIC,
SEQ_CDR_gauss,Ridge_grid,gauss,0,4,0.19682052137860098,0.3390317591672646,9.383449380602242,9.428814208772499,50.0,HIC,
SEQ_CDR_gauss,Ridge_grid,gauss,1,0,0.36690098227894075,0.22393736706026338,9.42748643558632,9.588545216184293,34.0,HIC,
SEQ_CDR_gauss,Ridge_grid,gauss,1,1,-0.1819548872180451,-0.24549728936030996,9.482542719561419,9.73142156828352,20.0,HIC,
SEQ_CDR_gauss,Ridge_grid,gauss,1,2,0.19682052137860098,0.3390317591672646,9.383449380602242,9.428814208772499,50.0,HIC,
SEQ_CDR_gauss,Ridge_grid,gauss,1,3,0.3159663865546219,0.2591768682167498,9.329462046529155,9.386123529188776,35.0,HIC,
SEQ_CDR_gauss,Ridge_grid,gauss,1,4,0.13043478260869565,0.12165544451430463,9.773274017457226,10.200653440449505,23.0,HIC,
SEQ_CDR_gauss,Ridge_grid,gauss,2,0,0.5849802371541503,0.4088665678645866,9.798364376324159,10.05253764531923,23.0,HIC,
SEQ_CDR_gauss,Ridge_grid,gauss,2,1,-0.14586466165413534,-0.22373009897350948,9.518560792449252,9.747850523503386,20.0,HIC,
SEQ_CDR_gauss,Ridge_grid,gauss,2,2,0.45660147232381293,0.32423282090734495,9.382897789699596,9.452740420799767,34.0,HIC,
SEQ_CDR_gauss,Ridge_grid,gauss,2,3,0.3159663865546219,0.2591768682167498,9.329462046529155,9.386123529188776,35.0,HIC,
SEQ_CDR_gauss,Ridge_grid,gauss,2,4,0.38201816179731374,0.45969290531304957,9.086633880281187,9.140835216843241,50.0,HIC,
SEQ_CDR_gauss,Ridge_grid,gauss,3,0,0.3159663865546219,0.2591768682167498,9.329462046529155,9.386123529188776,35.0,HIC,
SEQ_CDR_gauss,Ridge_grid,gauss,3,1,0.40571516366121935,0.3585619126857526,9.540919661818592,9.610396873472578,34.0,HIC,
SEQ_CDR_gauss,Ridge_grid,gauss,3,2,0.17203784957983126,0.32374369399065883,9.371145215502068,9.416992619736163,50.0,HIC,
SEQ_CDR_gauss,Ridge_grid,gauss,3,3,-0.14586466165413534,-0.22373009897350948,9.518560792449252,9.747850523503386,20.0,HIC,
SEQ_CDR_gauss,Ridge_grid,gauss,3,4,0.40909090909090917,0.3964097712943564,9.397743858767667,9.56840950978561,23.0,HIC,
PLM_ESM2_PCA8,Ridge,raw,0,0,0.38599439775910366,0.5123795641924301,0.46089163937985983,0.6934752587740022,35.0,HIC,
PLM_ESM2_PCA8,SVR_RBF,raw,0,0,0.46022408963585437,0.47249692558552303,0.48569696118555183,0.6954385098087628,35.0,HIC,
PLM_ESM2_PCA8,KRR,raw,0,0,-0.25014005602240896,-0.051905274860320684,9.383656413603347,9.414035703170555,35.0,HIC,
PLM_ESM2_PCA16,Ridge,raw,0,0,0.5882352941176472,0.562141545754422,0.45101011027836546,0.6472148396393125,35.0,HIC,
PLM_ESM2_PCA16,SVR_RBF,raw,0,0,0.584593837535014,0.6514676629910192,0.40694810621819655,0.5781056451874224,35.0,HIC,
PLM_ESM2_PCA16,KRR,raw,0,0,-0.269467787114846,0.02984283813938277,9.383657099906964,9.414036373611571,35.0,HIC,
PLM_ESM2_PCA32,Ridge,raw,0,0,0.7635854341736695,0.6969829083341891,0.36685571383790805,0.5424121279177211,35.0,HIC,
PLM_ESM2_PCA32,SVR_RBF,raw,0,0,0.7050420168067227,0.7858117174894796,0.35709954432446533,0.4841252940758601,35.0,HIC,
PLM_ESM2_PCA32,KRR,raw,0,0,-0.2490196078431373,-0.1278727504537,9.383657137403205,9.414036411605812,35.0,HIC,
PLM_ESM2_PCA64,Ridge,raw,0,0,0.7644257703081233,0.747176372504089,0.381717622060384,0.5108692349954104,35.0,HIC,
PLM_ESM2_PCA64,SVR_RBF,raw,0,0,0.7210084033613445,0.8295798034764734,0.3316225405036133,0.4531395306250274,35.0,HIC,
PLM_ESM2_PCA64,KRR,raw,0,0,-0.11792717086834735,-0.0919310194737493,9.383656374789371,9.414035681793912,35.0,HIC,
PLM_ESM2_PLS2,PLS,raw,0,0,0.7862745098039217,0.7271125878111953,0.364240680301002,0.545137265147339,35.0,HIC,
PLM_ESM2_PLS4,PLS,raw,0,0,0.788515406162465,0.779358539682854,0.37095387664323926,0.47737138388336725,35.0,HIC,
PLM_ESM2_PLS8,PLS,raw,0,0,0.689075630252101,0.771493347041127,0.36184425619314015,0.5019085712361878,35.0,HIC,
PLM_ESM2_PLS16,PLS,raw,0,0,0.6084033613445379,0.7156662906556048,0.5102934812240127,0.6301809355433036,35.0,HIC,
PLM_ESM2_PCA8,Ridge,raw,0,1,0.029492665381022725,-0.07098852509123009,0.5505580533832668,0.8363853397549461,34.0,HIC,
PLM_ESM2_PCA8,SVR_RBF,raw,0,1,0.05592909600753533,-0.09545217546866677,0.6806591916313797,0.9925530095757185,34.0,HIC,
PLM_ESM2_PCA8,KRR,raw,0,1,0.029492665381022725,-0.008765289370878483,9.417451488265955,9.447282316790604,34.0,HIC,
PLM_ESM2_PCA16,Ridge,raw,0,1,0.28316015000536326,0.09777524652953562,0.4974243175633668,0.7865463141218114,34.0,HIC,
PLM_ESM2_PCA16,SVR_RBF,raw,0,1,0.252292178984811,0.1501088782417671,0.5228918594485643,0.7974510873373981,34.0,HIC,
PLM_ESM2_PCA16,KRR,raw,0,1,0.017726161576158736,-0.08157647638756708,9.417470585705134,9.447301280431093,34.0,HIC,
PLM_ESM2_PCA32,Ridge,raw,0,1,0.3013447467946985,0.26593859913212625,0.4986644175716422,0.7537954296055828,34.0,HIC,
PLM_ESM2_PCA32,SVR_RBF,raw,0,1,0.2628361888878709,0.21641289092948363,0.4770866794399184,0.753079825357299,34.0,HIC,
PLM_ESM2_PCA32,KRR,raw,0,1,-0.0018337408527060763,0.34216527446495565,9.417470588095483,9.447301282716566,34.0,HIC,
PLM_ESM2_PCA64,Ridge,raw,0,1,0.3176956027313277,0.2748185326071639,0.5118662471096144,0.7898698110715547,34.0,HIC,
PLM_ESM2_PCA64,SVR_RBF,raw,0,1,0.289119807776658,0.22147889662492415,0.4514585766735909,0.7486009792361883,34.0,HIC,
PLM_ESM2_PCA64,KRR,raw,0,1,0.06402811810698716,0.34871907085677095,9.41747056389524,9.447301255625707,34.0,HIC,
PLM_ESM2_PLS2,PLS,raw,0,1,0.2762836218077155,0.14314054313079105,0.4818137564468112,0.7984404641081307,34.0,HIC,
PLM_ESM2_PLS4,PLS,raw,0,1,0.32854523610983866,0.255470667005572,0.49876766806671297,0.7851285971240934,34.0,HIC,
PLM_ESM2_PLS8,PLS,raw,0,1,0.24067848691767246,0.18594784076003434,0.5728091681985894,0.8887779561647503,34.0,HIC,
PLM_ESM2_PLS16,PLS,raw,0,1,0.1390586813302108,0.003907572558221606,0.6664291339636556,1.0272091892589308,34.0,HIC,
PLM_ESM2_PCA8,Ridge,raw,0,2,0.16541353383458643,0.10202499851916089,0.514971933284974,0.6820598026011209,20.0,HIC,
PLM_ESM2_PCA8,SVR_RBF,raw,0,2,0.49323308270676686,0.40689983548798125,0.4187441910146129,0.6068791472997861,20.0,HIC,
PLM_ESM2_PCA8,KRR,raw,0,2,0.15789473684210525,0.1666420558491427,9.33676176343943,9.360131943296436,20.0,HIC,
PLM_ESM2_PCA16,Ridge,raw,0,2,0.3954887218045112,0.432347210966023,0.466068106981451,0.6120647825538725,20.0,HIC,
PLM_ESM2_PCA16,SVR_RBF,raw,0,2,0.669172932330827,0.5179292378356272,0.45953142459108454,0.6235357085909392,20.0,HIC,
PLM_ESM2_PCA16,KRR,raw,0,2,-0.16992481203007515,0.2522398680620186,9.341242184719544,9.364799841181094,20.0,HIC,
PLM_ESM2_PCA32,Ridge,raw,0,2,0.5834586466165413,0.4894196139538498,0.46200357949894055,0.5953823040610771,20.0,HIC,
PLM_ESM2_PCA32,SVR_RBF,raw,0,2,0.7187969924812029,0.5776471162534427,0.43958985604959705,0.5630275009947122,20.0,HIC,
PLM_ESM2_PCA32,KRR,raw,0,2,-0.2992481203007519,-0.05697511355641845,9.341249999151177,9.364808195277467,20.0,HIC,
PLM_ESM2_PCA64,Ridge,raw,0,2,0.4616541353383458,0.2919891983722408,0.487807000430716,0.6949937587819024,20.0,HIC,
PLM_ESM2_PCA64,SVR_RBF,raw,0,2,0.6947368421052631,0.5156792631264164,0.44339936623295423,0.5825315109413018,20.0,HIC,
PLM_ESM2_PCA64,KRR,raw,0,2,-0.26315789473684204,-0.08076023996653464,9.341249925123824,9.364808122456953,20.0,HIC,
PLM_ESM2_PLS2,PLS,raw,0,2,0.675187969924812,0.5573683797830628,0.40413494871113115,0.5576564194183702,20.0,HIC,
PLM_ESM2_PLS4,PLS,raw,0,2,0.631578947368421,0.46768739143682153,0.4701113715988446,0.6120661384790593,20.0,HIC,
PLM_ESM2_PLS8,PLS,raw,0,2,0.41052631578947363,0.22154419286844138,0.5393169961619724,0.8039469303292043,20.0,HIC,
PLM_ESM2_PLS16,PLS,raw,0,2,0.31879699248120297,0.1738754321790998,0.6070810334179104,0.9206542771334182,20.0,HIC,
PLM_ESM2_PCA8,Ridge,raw,0,3,-0.018774703557312256,0.051726494474254855,0.5474280577484396,0.6772154434265688,23.0,HIC,
PLM_ESM2_PCA8,SVR_RBF,raw,0,3,0.2885375494071146,0.2746341544131096,0.5594295041062802,0.750337067468558,23.0,HIC,
PLM_ESM2_PCA8,KRR,raw,0,3,-0.1274703557312253,-0.16575567192654486,9.31753279887277,9.339769081038908,23.0,HIC,
PLM_ESM2_PCA16,Ridge,raw,0,3,0.043478260869565216,0.12785168771087077,0.5507092042021877,0.7070358057340508,23.0,HIC,
PLM_ESM2_PCA16,SVR_RBF,raw,0,3,0.25889328063241107,0.22035195068907293,0.696279034991299,0.8851149463875496,23.0,HIC,
PLM_ESM2_PCA16,KRR,raw,0,3,-0.32411067193675897,0.16821049428366203,9.31756519812633,9.339799768364687,23.0,HIC,
PLM_ESM2_PCA32,Ridge,raw,0,3,0.09683794466403163,0.033057300939272165,0.5805928766365006,0.7631347417335685,23.0,HIC,
PLM_ESM2_PCA32,SVR_RBF,raw,0,3,0.20256916996047433,0.13398922918262207,0.6623294906751062,0.854378490837187,23.0,HIC,
PLM_ESM2_PCA32,KRR,raw,0,3,-0.37549407114624506,-0.0929919386373143,9.31756521691455,9.339799787909488,23.0,HIC,
PLM_ESM2_PCA64,Ridge,raw,0,3,0.42391304347826086,0.3420872900288911,0.6456542398633905,0.775779170421861,23.0,HIC,
PLM_ESM2_PCA64,SVR_RBF,raw,0,3,0.22529644268774704,0.2035959206839145,0.6049509502573656,0.7812717530018592,23.0,HIC,
PLM_ESM2_PCA64,KRR,raw,0,3,-0.3379446640316206,-0.15288395332163,9.317564722173392,9.339799313843248,23.0,HIC,
PLM_ESM2_PLS2,PLS,raw,0,3,0.24505928853754944,0.21919273888228638,0.5843981797082874,0.7389619040534391,23.0,HIC,
PLM_ESM2_PLS4,PLS,raw,0,3,0.3567193675889328,0.2119854993266902,0.5738827430864435,0.792234872478578,23.0,HIC,
PLM_ESM2_PLS8,PLS,raw,0,3,0.45849802371541504,0.39665433255452226,0.6286877634891744,0.7932113226043278,23.0,HIC,
PLM_ESM2_PLS16,PLS,raw,0,3,0.2598814229249012,0.19929425927314837,0.7497110675643499,0.9493327631093297,23.0,HIC,
PLM_ESM2_PCA8,Ridge,raw,0,4,-0.08203256479127634,-0.0972641247470308,0.7169802705842795,1.0641085512569477,50.0,HIC,
PLM_ESM2_PCA8,SVR_RBF,raw,0,4,-0.054896499740297915,0.0664981804087208,0.7241092170538009,1.05928814740262,50.0,HIC,
PLM_ESM2_PCA8,KRR,raw,0,4,0.3186206292888332,0.1383198602738544,9.443223849380695,9.49359762791927,50.0,HIC,
PLM_ESM2_PCA16,Ridge,raw,0,4,0.0851544129829818,0.25004225126756463,0.6951421189857453,0.9608316492844264,50.0,HIC,
PLM_ESM2_PCA16,SVR_RBF,raw,0,4,0.01474472915159358,0.2528728149498522,0.6869272998580479,0.9647365308937519,50.0,HIC,
PLM_ESM2_PCA16,KRR,raw,0,4,0.1378896332059452,0.06836133672701263,9.443235400922426,9.493609844640813,50.0,HIC,
PLM_ESM2_PCA32,Ridge,raw,0,4,0.17232602018214255,0.34685106115291653,0.6640138822161629,0.9240891191835715,50.0,HIC,
PLM_ESM2_PCA32,SVR_RBF,raw,0,4,0.1383218891094121,0.38918561908700167,0.6329487460742282,0.9016864150035295,50.0,HIC,
PLM_ESM2_PCA32,KRR,raw,0,4,0.039287258781770515,-0.10830262888508066,9.443239998921118,9.493614638298997,50.0,HIC,
PLM_ESM2_PCA64,Ridge,raw,0,4,0.34753374638739787,0.43445878011179484,0.6788557329643723,0.8933374804698387,50.0,HIC,
PLM_ESM2_PCA64,SVR_RBF,raw,0,4,0.2098362269163269,0.4496854119958337,0.6175085103975566,0.8799799941044392,50.0,HIC,
PLM_ESM2_PCA64,KRR,raw,0,4,0.1323663633283124,-0.09881984605273117,9.443239795205908,9.493614445175309,50.0,HIC,
PLM_ESM2_PLS2,PLS,raw,0,4,0.09999519900201248,0.24624053679793217,0.7202557890971351,0.9977639882004069,50.0,HIC,
PLM_ESM2_PLS4,PLS,raw,0,4,0.40689689046352057,0.48707436736737036,0.6681494421682982,0.862251242387664,50.0,HIC,
PLM_ESM2_PLS8,PLS,raw,0,4,0.4175111743153192,0.46302602339367205,0.6476219475672295,0.8692889329415223,50.0,HIC,
PLM_ESM2_PLS16,PLS,raw,0,4,0.46453101092577564,0.48026984664049827,0.6287017350775262,0.8595626773452266,50.0,HIC,
PLM_ESM2_PCA8,Ridge,raw,1,0,0.10987163942463907,0.015562695363391083,0.5096458144317588,0.8172469277590144,34.0,HIC,
PLM_ESM2_PCA8,SVR_RBF,raw,1,0,0.11323349765460022,-0.07737193063907462,0.6797762457539309,0.993908039780071,34.0,HIC,
PLM_ESM2_PCA8,KRR,raw,1,0,0.06051344813930051,-0.07160631489515551,9.417449379325065,9.447280616627763,34.0,HIC,
PLM_ESM2_PCA16,Ridge,raw,1,0,0.2988997589910904,0.10787351633813133,0.49615708344974363,0.785382412386511,34.0,HIC,
PLM_ESM2_PCA16,SVR_RBF,raw,1,0,0.27796455092269606,0.21546995864979368,0.5168188703923434,0.7780517736564205,34.0,HIC,
PLM_ESM2_PCA16,KRR,raw,1,0,0.04064792223498469,0.01226954017412167,9.417470587343692,9.447301281982645,34.0,HIC,
PLM_ESM2_PCA32,Ridge,raw,1,0,0.26039120108426284,0.2358270533924629,0.5057293364124087,0.7535286229220288,34.0,HIC,
PLM_ESM2_PCA32,SVR_RBF,raw,1,0,0.24281785124582958,0.21549578165856564,0.49138358715900027,0.7503007056528694,34.0,HIC,
PLM_ESM2_PCA32,KRR,raw,1,0,0.1303484122798569,0.35440983960133376,9.417470588125521,9.447301282748866,34.0,HIC,
PLM_ESM2_PCA64,Ridge,raw,1,0,0.28086797393948065,0.27250022432921955,0.5088250517882387,0.7818555370157179,34.0,HIC,
PLM_ESM2_PCA64,SVR_RBF,raw,1,0,0.2859107612844224,0.22583707397606156,0.4518435356110324,0.7465121281915101,34.0,HIC,
PLM_ESM2_PCA64,KRR,raw,1,0,0.1923899777964125,0.3568356138716097,9.41747056889263,9.4473012610768,34.0,HIC,
PLM_ESM2_PLS2,PLS,raw,1,0,0.2849938908580693,0.14669911153595538,0.49031074153025217,0.7956227457772411,34.0,HIC,
PLM_ESM2_PLS4,PLS,raw,1,0,0.2724633283645778,0.22933570879948723,0.5223504013593856,0.7838064104152163,34.0,HIC,
PLM_ESM2_PLS8,PLS,raw,1,0,0.25611247242794866,0.1954911016040559,0.5660434011911685,0.8772167421317076,34.0,HIC,
PLM_ESM2_PLS16,PLS,raw,1,0,0.1881112491400983,0.026446903012589423,0.6689660056555822,1.0165904524631524,34.0,HIC,
PLM_ESM2_PCA8,Ridge,raw,1,1,0.11127819548872178,0.08314732328823904,0.5231118965847179,0.6862070113560432,20.0,HIC,
PLM_ESM2_PCA8,SVR_RBF,raw,1,1,0.24962406015037594,0.15386960633544702,0.48845617113879625,0.7022743173524312,20.0,HIC,
PLM_ESM2_PCA8,KRR,raw,1,1,0.14586466165413534,0.1707574966102797,9.3382641331947,9.361691778532393,20.0,HIC,
PLM_ESM2_PCA16,Ridge,raw,1,1,0.4631578947368421,0.4722875591924091,0.45505802228099074,0.5933039204217604,20.0,HIC,
PLM_ESM2_PCA16,SVR_RBF,raw,1,1,0.5699248120300752,0.49793653214148903,0.4876574185464322,0.6377721646871587,20.0,HIC,
PLM_ESM2_PCA16,KRR,raw,1,1,-0.13383458646616542,0.2622015085553393,9.34124302886487,9.364800754738376,20.0,HIC,
PLM_ESM2_PCA32,Ridge,raw,1,1,0.5684210526315789,0.4690924765731713,0.4612460078656869,0.6100091507711907,20.0,HIC,
PLM_ESM2_PCA32,SVR_RBF,raw,1,1,0.706766917293233,0.554505042783513,0.4599921512804002,0.5798967479989502,20.0,HIC,
PLM_ESM2_PCA32,KRR,raw,1,1,-0.23308270676691725,0.21692722624263552,9.341249999821134,9.364808195925002,20.0,HIC,
PLM_ESM2_PCA64,Ridge,raw,1,1,0.5263157894736841,0.31979819689687655,0.5115888198015941,0.737300814875442,20.0,HIC,
PLM_ESM2_PCA64,SVR_RBF,raw,1,1,0.6646616541353383,0.49988276745574883,0.44968508043293537,0.5903666540592934,20.0,HIC,
PLM_ESM2_PCA64,KRR,raw,1,1,-0.21654135338345865,-0.035799381439175625,9.34124993249823,9.364808129175369,20.0,HIC,
PLM_ESM2_PLS2,PLS,raw,1,1,0.669172932330827,0.5708306180058176,0.3970963780945545,0.5513308128215199,20.0,HIC,
PLM_ESM2_PLS4,PLS,raw,1,1,0.6932330827067669,0.5050767980244788,0.44006717793584366,0.6008931207291894,20.0,HIC,
PLM_ESM2_PLS8,PLS,raw,1,1,0.4541353383458646,0.2658658297329672,0.5274578599511004,0.801029906425036,20.0,HIC,
PLM_ESM2_PLS16,PLS,raw,1,1,0.30225563909774433,0.1589995469641015,0.61704612400093,0.9184374419869008,20.0,HIC,
PLM_ESM2_PCA8,Ridge,raw,1,2,-0.08203256479127634,-0.0972641247470308,0.7169802705842795,1.0641085512569477,50.0,HIC,
PLM_ESM2_PCA8,SVR_RBF,raw,1,2,-0.054896499740297915,0.0664981804087208,0.7241092170538009,1.05928814740262,50.0,HIC,
PLM_ESM2_PCA8,KRR,raw,1,2,0.3186206292888332,0.1383198602738544,9.443223849380695,9.49359762791927,50.0,HIC,
PLM_ESM2_PCA16,Ridge,raw,1,2,0.0851544129829818,0.25004225126756463,0.6951421189857453,0.9608316492844264,50.0,HIC,
PLM_ESM2_PCA16,SVR_RBF,raw,1,2,0.01474472915159358,0.2528728149498522,0.6869272998580479,0.9647365308937519,50.0,HIC,
PLM_ESM2_PCA16,KRR,raw,1,2,0.1378896332059452,0.06836133672701263,9.443235400922426,9.493609844640813,50.0,HIC,
PLM_ESM2_PCA32,Ridge,raw,1,2,0.17232602018214255,0.34685106115291653,0.6640138822161629,0.9240891191835715,50.0,HIC,
PLM_ESM2_PCA32,SVR_RBF,raw,1,2,0.1383218891094121,0.38918561908700167,0.6329487460742282,0.9016864150035295,50.0,HIC,
PLM_ESM2_PCA32,KRR,raw,1,2,0.039287258781770515,-0.10830262888508066,9.443239998921118,9.493614638298997,50.0,HIC,
PLM_ESM2_PCA64,Ridge,raw,1,2,0.34753374638739787,0.43445878011179484,0.6788557329643723,0.8933374804698387,50.0,HIC,
PLM_ESM2_PCA64,SVR_RBF,raw,1,2,0.2098362269163269,0.4496854119958337,0.6175085103975566,0.8799799941044392,50.0,HIC,
PLM_ESM2_PCA64,KRR,raw,1,2,0.1323663633283124,-0.09881984605273117,9.443239795205908,9.493614445175309,50.0,HIC,
PLM_ESM2_PLS2,PLS,raw,1,2,0.09999519900201248,0.24624053679793217,0.7202557890971351,0.9977639882004069,50.0,HIC,
PLM_ESM2_PLS4,PLS,raw,1,2,0.40689689046352057,0.48707436736737036,0.6681494421682982,0.862251242387664,50.0,HIC,
PLM_ESM2_PLS8,PLS,raw,1,2,0.4175111743153192,0.46302602339367205,0.6476219475672295,0.8692889329415223,50.0,HIC,
PLM_ESM2_PLS16,PLS,raw,1,2,0.46453101092577564,0.48026984664049827,0.6287017350775262,0.8595626773452266,50.0,HIC,
PLM_ESM2_PCA8,Ridge,raw,1,3,0.38599439775910366,0.5123795641924301,0.46089163937985983,0.6934752587740022,35.0,HIC,
PLM_ESM2_PCA8,SVR_RBF,raw,1,3,0.46022408963585437,0.47249692558552303,0.48569696118555183,0.6954385098087628,35.0,HIC,
PLM_ESM2_PCA8,KRR,raw,1,3,-0.25014005602240896,-0.051905274860320684,9.383656413603347,9.414035703170555,35.0,HIC,
PLM_ESM2_PCA16,Ridge,raw,1,3,0.5882352941176472,0.562141545754422,0.45101011027836546,0.6472148396393125,35.0,HIC,
PLM_ESM2_PCA16,SVR_RBF,raw,1,3,0.584593837535014,0.6514676629910192,0.40694810621819655,0.5781056451874224,35.0,HIC,
PLM_ESM2_PCA16,KRR,raw,1,3,-0.269467787114846,0.02984283813938277,9.383657099906964,9.414036373611571,35.0,HIC,
PLM_ESM2_PCA32,Ridge,raw,1,3,0.7635854341736695,0.6969829083341891,0.36685571383790805,0.5424121279177211,35.0,HIC,
PLM_ESM2_PCA32,SVR_RBF,raw,1,3,0.7050420168067227,0.7858117174894796,0.35709954432446533,0.4841252940758601,35.0,HIC,
PLM_ESM2_PCA32,KRR,raw,1,3,-0.2490196078431373,-0.1278727504537,9.383657137403205,9.414036411605812,35.0,HIC,
PLM_ESM2_PCA64,Ridge,raw,1,3,0.7644257703081233,0.747176372504089,0.381717622060384,0.5108692349954104,35.0,HIC,
PLM_ESM2_PCA64,SVR_RBF,raw,1,3,0.7210084033613445,0.8295798034764734,0.3316225405036133,0.4531395306250274,35.0,HIC,
PLM_ESM2_PCA64,KRR,raw,1,3,-0.11792717086834735,-0.0919310194737493,9.383656374789371,9.414035681793912,35.0,HIC,
PLM_ESM2_PLS2,PLS,raw,1,3,0.7862745098039217,0.7271125878111953,0.364240680301002,0.545137265147339,35.0,HIC,
PLM_ESM2_PLS4,PLS,raw,1,3,0.788515406162465,0.779358539682854,0.37095387664323926,0.47737138388336725,35.0,HIC,
PLM_ESM2_PLS8,PLS,raw,1,3,0.689075630252101,0.771493347041127,0.36184425619314015,0.5019085712361878,35.0,HIC,
PLM_ESM2_PLS16,PLS,raw,1,3,0.6084033613445379,0.7156662906556048,0.5102934812240127,0.6301809355433036,35.0,HIC,
PLM_ESM2_PCA8,Ridge,raw,1,4,0.0029644268774703555,0.044113991525212455,0.55218740062813,0.6819252572815215,23.0,HIC,
PLM_ESM2_PCA8,SVR_RBF,raw,1,4,0.4634387351778656,0.3841803403819333,0.5182453369963276,0.7003863614182896,23.0,HIC,
PLM_ESM2_PCA8,KRR,raw,1,4,-0.20553359683794467,-0.18108207091127881,9.317314919071853,9.339562116764741,23.0,HIC,
PLM_ESM2_PCA16,Ridge,raw,1,4,0.017786561264822136,0.10515396471613175,0.548241775499171,0.706956184320335,23.0,HIC,
PLM_ESM2_PCA16,SVR_RBF,raw,1,4,0.3438735177865613,0.24781194284364177,0.664304740048627,0.8696969847254109,23.0,HIC,
PLM_ESM2_PCA16,KRR,raw,1,4,-0.44169960474308306,-0.011926104925598128,9.317565191824261,9.339799762937888,23.0,HIC,
PLM_ESM2_PCA32,Ridge,raw,1,4,0.05731225296442688,0.05382109793472874,0.5743523599311656,0.7722103326906442,23.0,HIC,
PLM_ESM2_PCA32,SVR_RBF,raw,1,4,0.2707509881422925,0.16822368092892948,0.643914402342762,0.8506627208950077,23.0,HIC,
PLM_ESM2_PCA32,KRR,raw,1,4,-0.40909090909090917,-0.05964733828486132,9.317565216486832,9.339799787482217,23.0,HIC,
PLM_ESM2_PCA64,Ridge,raw,1,4,0.2974308300395257,0.3483222403136058,0.6039057907883809,0.7584874836428378,23.0,HIC,
PLM_ESM2_PCA64,SVR_RBF,raw,1,4,0.2984189723320158,0.23293948972162137,0.5697349431053518,0.7656391736416651,23.0,HIC,
PLM_ESM2_PCA64,KRR,raw,1,4,-0.3626482213438736,-0.14441899428046404,9.317564626295907,9.339799218936722,23.0,HIC,
PLM_ESM2_PLS2,PLS,raw,1,4,0.24505928853754944,0.2483895181349619,0.5563322047581037,0.7174677698236565,23.0,HIC,
PLM_ESM2_PLS4,PLS,raw,1,4,0.3784584980237154,0.24196210025683212,0.5570498949357809,0.771614282741882,23.0,HIC,
PLM_ESM2_PLS8,PLS,raw,1,4,0.44565217391304346,0.4014494501332303,0.6211642703859598,0.7871933565297292,23.0,HIC,
PLM_ESM2_PLS16,PLS,raw,1,4,0.2984189723320158,0.23345236964260624,0.7171480711405206,0.9230194416248716,23.0,HIC,
PLM_ESM2_PCA8,Ridge,raw,2,0,0.06324110671936758,0.0816424935272431,0.537332442993117,0.6747341480104989,23.0,HIC,
PLM_ESM2_PCA8,SVR_RBF,raw,2,0,0.25395256916996045,0.16831582805882928,0.6123162892489113,0.8387054807116043,23.0,HIC,
PLM_ESM2_PCA8,KRR,raw,2,0,-0.11857707509881424,-0.15770796189438002,9.317534388623363,9.339770593694904,23.0,HIC,
PLM_ESM2_PCA16,Ridge,raw,2,0,0.03162055335968379,0.1321526032325204,0.5531534114334463,0.7007024912196151,23.0,HIC,
PLM_ESM2_PCA16,SVR_RBF,raw,2,0,0.17786561264822134,0.12857509925888735,0.7282287686754572,0.9270287370888118,23.0,HIC,
PLM_ESM2_PCA16,KRR,raw,2,0,-0.3003952569169961,-0.009943662842118875,9.317565209019342,9.339799780042897,23.0,HIC,
PLM_ESM2_PCA32,Ridge,raw,2,0,0.11561264822134389,0.0954757382216424,0.5584010956868519,0.7456955257505009,23.0,HIC,
PLM_ESM2_PCA32,SVR_RBF,raw,2,0,0.24505928853754944,0.11229335752730304,0.6549963094944911,0.8566425438972142,23.0,HIC,
PLM_ESM2_PCA32,KRR,raw,2,0,-0.2717391304347826,-0.057857398163516725,9.317565217099771,9.339799788089195,23.0,HIC,
PLM_ESM2_PCA64,Ridge,raw,2,0,0.36462450592885376,0.2899004165574569,0.6087486988382548,0.7738534652562747,23.0,HIC,
PLM_ESM2_PCA64,SVR_RBF,raw,2,0,0.28952569169960474,0.1834123055200808,0.5942675110646698,0.7798427660565087,23.0,HIC,
PLM_ESM2_PCA64,KRR,raw,2,0,-0.20256916996047433,0.20525064484837544,9.317565088454682,9.339799653701542,23.0,HIC,
PLM_ESM2_PLS2,PLS,raw,2,0,0.23320158102766803,0.226141926709621,0.5723214712625545,0.7192346387650607,23.0,HIC,
PLM_ESM2_PLS4,PLS,raw,2,0,0.3784584980237154,0.19144281354055168,0.5686489899909816,0.787836014126578,23.0,HIC,
PLM_ESM2_PLS8,PLS,raw,2,0,0.5316205533596838,0.4016050328642403,0.6100141069890328,0.7886204588893058,23.0,HIC,
PLM_ESM2_PLS16,PLS,raw,2,0,0.4298418972332016,0.2645290901976733,0.6736909324935594,0.9101750755927113,23.0,HIC,
PLM_ESM2_PCA8,Ridge,raw,2,1,0.12030075187969923,0.06635069956219888,0.52325492446741,0.690637866637527,20.0,HIC,
PLM_ESM2_PCA8,SVR_RBF,raw,2,1,0.21052631578947367,0.1070078202031524,0.4886518044772322,0.7098831882502572,20.0,HIC,
PLM_ESM2_PCA8,KRR,raw,2,1,0.06616541353383458,0.1733458522670327,9.338135470241893,9.36155684975426,20.0,HIC,
PLM_ESM2_PCA16,Ridge,raw,2,1,0.47067669172932325,0.48125224651559834,0.44507818099906665,0.588500088698173,20.0,HIC,
PLM_ESM2_PCA16,SVR_RBF,raw,2,1,0.5473684210526315,0.5022799918893128,0.48478553278269293,0.6305236459932825,20.0,HIC,
PLM_ESM2_PCA16,KRR,raw,2,1,-0.19097744360902258,0.24532327558661984,9.341237370014298,9.364794680025106,20.0,HIC,
PLM_ESM2_PCA32,Ridge,raw,2,1,0.6300751879699248,0.6036800577159684,0.39229652361085093,0.5341497690531019,20.0,HIC,
PLM_ESM2_PCA32,SVR_RBF,raw,2,1,0.6706766917293233,0.5617861222381801,0.44796453123930374,0.5649313327497364,20.0,HIC,
PLM_ESM2_PCA32,KRR,raw,2,1,-0.2781954887218045,0.1612064736476252,9.341249999733407,9.364808195838155,20.0,HIC,
PLM_ESM2_PCA64,Ridge,raw,2,1,0.5203007518796992,0.3236317524978338,0.5451990317531585,0.7450006564366622,20.0,HIC,
PLM_ESM2_PCA64,SVR_RBF,raw,2,1,0.5924812030075187,0.4777417257325318,0.4737248019021264,0.5990836727127965,20.0,HIC,
PLM_ESM2_PCA64,KRR,raw,2,1,-0.21353383458646616,-0.00817597303992814,9.34124993781321,9.364808134164102,20.0,HIC,
PLM_ESM2_PLS2,PLS,raw,2,1,0.6571428571428571,0.5525236855515411,0.4034333872949798,0.5629461073413198,20.0,HIC,
PLM_ESM2_PLS4,PLS,raw,2,1,0.6616541353383457,0.487279341712754,0.46353086857441755,0.6200895023907202,20.0,HIC,
PLM_ESM2_PLS8,PLS,raw,2,1,0.42556390977443603,0.2446799115484086,0.5717874435643897,0.8428249955402478,20.0,HIC,
PLM_ESM2_PLS16,PLS,raw,2,1,0.26165413533834586,0.13428533766857426,0.6918205270283891,0.9691463374091778,20.0,HIC,
PLM_ESM2_PCA8,Ridge,raw,2,2,0.09000611352032323,0.00556915466560802,0.5224603120188488,0.8235100774193757,34.0,HIC,
PLM_ESM2_PCA8,SVR_RBF,raw,2,2,0.09428484217663742,-0.05589596762475836,0.6307919636735043,0.9500472679866382,34.0,HIC,
PLM_ESM2_PCA8,KRR,raw,2,2,-0.005806846033569242,-0.008203038579166395,9.41746486879391,9.447295602314789,34.0,HIC,
PLM_ESM2_PCA16,Ridge,raw,2,2,0.2697127170855187,0.12847361987930878,0.5039591926285835,0.7895105519799934,34.0,HIC,
PLM_ESM2_PCA16,SVR_RBF,raw,2,2,0.17298288710527318,0.03943712323505264,0.5652911560470574,0.8662415674734255,34.0,HIC,
PLM_ESM2_PCA16,KRR,raw,2,2,-0.10926039247373706,0.353682954935574,9.417470587865873,9.44730128244843,34.0,HIC,
PLM_ESM2_PCA32,Ridge,raw,2,2,0.31922372010858274,0.3194331660539643,0.500610091183238,0.7629994787778626,34.0,HIC,
PLM_ESM2_PCA32,SVR_RBF,raw,2,2,0.3398533047015261,0.21128322666780033,0.4669636180770822,0.7617917201387812,34.0,HIC,
PLM_ESM2_PCA32,KRR,raw,2,2,-0.016503667674354686,-0.09965566500996056,9.41747058312318,9.447301277994391,34.0,HIC,
PLM_ESM2_PCA64,Ridge,raw,2,2,0.32564181309305407,0.27637562929606874,0.516478727121208,0.8001330302809854,34.0,HIC,
PLM_ESM2_PCA64,SVR_RBF,raw,2,2,0.38233496778921694,0.25741072055371383,0.43390499238418134,0.7477332898209283,34.0,HIC,
PLM_ESM2_PCA64,KRR,raw,2,2,0.02001833764204133,-0.13460209704491483,9.417470301858302,9.44730101048047,34.0,HIC,
PLM_ESM2_PLS2,PLS,raw,2,2,0.3235024487648969,0.1812439161941451,0.4943558305599187,0.8082726068377398,34.0,HIC,
PLM_ESM2_PLS4,PLS,raw,2,2,0.34535452725964433,0.23715825244467761,0.5261132101578234,0.8058065581818953,34.0,HIC,
PLM_ESM2_PLS8,PLS,raw,2,2,0.11216381549052166,0.1134423565403852,0.6132287610983738,0.9144512797703057,34.0,HIC,
PLM_ESM2_PLS16,PLS,raw,2,2,0.06601467069741875,-0.0600446625761519,0.6957537458490894,1.0403363872717728,34.0,HIC,
PLM_ESM2_PCA8,Ridge,raw,2,3,0.38599439775910366,0.5123795641924301,0.46089163937985983,0.6934752587740022,35.0,HIC,
PLM_ESM2_PCA8,SVR_RBF,raw,2,3,0.46022408963585437,0.47249692558552303,0.48569696118555183,0.6954385098087628,35.0,HIC,
PLM_ESM2_PCA8,KRR,raw,2,3,-0.25014005602240896,-0.051905274860320684,9.383656413603347,9.414035703170555,35.0,HIC,
PLM_ESM2_PCA16,Ridge,raw,2,3,0.5882352941176472,0.562141545754422,0.45101011027836546,0.6472148396393125,35.0,HIC,
PLM_ESM2_PCA16,SVR_RBF,raw,2,3,0.584593837535014,0.6514676629910192,0.40694810621819655,0.5781056451874224,35.0,HIC,
PLM_ESM2_PCA16,KRR,raw,2,3,-0.269467787114846,0.02984283813938277,9.383657099906964,9.414036373611571,35.0,HIC,
PLM_ESM2_PCA32,Ridge,raw,2,3,0.7635854341736695,0.6969829083341891,0.36685571383790805,0.5424121279177211,35.0,HIC,
PLM_ESM2_PCA32,SVR_RBF,raw,2,3,0.7050420168067227,0.7858117174894796,0.35709954432446533,0.4841252940758601,35.0,HIC,
PLM_ESM2_PCA32,KRR,raw,2,3,-0.2490196078431373,-0.1278727504537,9.383657137403205,9.414036411605812,35.0,HIC,
PLM_ESM2_PCA64,Ridge,raw,2,3,0.7644257703081233,0.747176372504089,0.381717622060384,0.5108692349954104,35.0,HIC,
PLM_ESM2_PCA64,SVR_RBF,raw,2,3,0.7210084033613445,0.8295798034764734,0.3316225405036133,0.4531395306250274,35.0,HIC,
PLM_ESM2_PCA64,KRR,raw,2,3,-0.11792717086834735,-0.0919310194737493,9.383656374789371,9.414035681793912,35.0,HIC,
PLM_ESM2_PLS2,PLS,raw,2,3,0.7862745098039217,0.7271125878111953,0.364240680301002,0.545137265147339,35.0,HIC,
PLM_ESM2_PLS4,PLS,raw,2,3,0.788515406162465,0.779358539682854,0.37095387664323926,0.47737138388336725,35.0,HIC,
PLM_ESM2_PLS8,PLS,raw,2,3,0.689075630252101,0.771493347041127,0.36184425619314015,0.5019085712361878,35.0,HIC,
PLM_ESM2_PLS16,PLS,raw,2,3,0.6084033613445379,0.7156662906556048,0.5102934812240127,0.6301809355433036,35.0,HIC,
PLM_ESM2_PCA8,Ridge,raw,2,4,-0.11329907514204969,-0.11183554323950239,0.7214983096060996,1.0550889189512598,50.0,HIC,
PLM_ESM2_PCA8,SVR_RBF,raw,2,4,-0.08256087756218033,-0.0020599225690473774,0.7459467211242415,1.0895299690445146,50.0,HIC,
PLM_ESM2_PCA8,KRR,raw,2,4,0.30939917001487244,0.16752726368912774,9.443214181550234,9.49358672336992,50.0,HIC,
PLM_ESM2_PCA16,Ridge,raw,2,4,0.12583449634259017,0.21984782455322424,0.6829719707383225,0.9657424314270616,50.0,HIC,
PLM_ESM2_PCA16,SVR_RBF,raw,2,4,0.054752414439142284,0.24135106149193614,0.6817355587601392,0.9652366670629262,50.0,HIC,
PLM_ESM2_PCA16,KRR,raw,2,4,0.22655012185038084,0.07110649122197885,9.443227701753125,9.49360177754672,50.0,HIC,
PLM_ESM2_PCA32,Ridge,raw,2,4,0.18865568764644813,0.3785923231516138,0.6559903331480457,0.910657315245239,50.0,HIC,
PLM_ESM2_PCA32,SVR_RBF,raw,2,4,0.15556409681437003,0.39373934753952644,0.6328611973996086,0.9005191355342503,50.0,HIC,
PLM_ESM2_PCA32,KRR,raw,2,4,0.10710340719235728,-0.09644997688969373,9.443239995430748,9.493614635074284,50.0,HIC,
PLM_ESM2_PCA64,Ridge,raw,2,4,0.3060371796545742,0.4253235398851954,0.6851532089544818,0.9072224001269406,50.0,HIC,
PLM_ESM2_PCA64,SVR_RBF,raw,2,4,0.1972527772820679,0.4543624976048222,0.6240376231896172,0.8787652041193108,50.0,HIC,
PLM_ESM2_PCA64,KRR,raw,2,4,0.17895394403530188,-0.09826990334247511,9.443239811112006,9.49361446143062,50.0,HIC,
PLM_ESM2_PLS2,PLS,raw,2,4,0.13491187031539534,0.25496822453638057,0.7170011542108523,0.9929355569646557,50.0,HIC,
PLM_ESM2_PLS4,PLS,raw,2,4,0.35209644759065967,0.45961771254864486,0.6904588552599594,0.8890516114375882,50.0,HIC,
PLM_ESM2_PLS8,PLS,raw,2,4,0.3521444760243783,0.4380284912754339,0.6546703988553025,0.8938967392963587,50.0,HIC,
PLM_ESM2_PLS16,PLS,raw,2,4,0.3922001897456455,0.4665673141736757,0.6491411534525373,0.8776911470438461,50.0,HIC,
PLM_ESM2_PCA8,Ridge,raw,3,0,0.38599439775910366,0.5123795641924301,0.46089163937985983,0.6934752587740022,35.0,HIC,
PLM_ESM2_PCA8,SVR_RBF,raw,3,0,0.46022408963585437,0.47249692558552303,0.48569696118555183,0.6954385098087628,35.0,HIC,
PLM_ESM2_PCA8,KRR,raw,3,0,-0.25014005602240896,-0.051905274860320684,9.383656413603347,9.414035703170555,35.0,HIC,
PLM_ESM2_PCA16,Ridge,raw,3,0,0.5882352941176472,0.562141545754422,0.45101011027836546,0.6472148396393125,35.0,HIC,
PLM_ESM2_PCA16,SVR_RBF,raw,3,0,0.584593837535014,0.6514676629910192,0.40694810621819655,0.5781056451874224,35.0,HIC,
PLM_ESM2_PCA16,KRR,raw,3,0,-0.269467787114846,0.02984283813938277,9.383657099906964,9.414036373611571,35.0,HIC,
PLM_ESM2_PCA32,Ridge,raw,3,0,0.7635854341736695,0.6969829083341891,0.36685571383790805,0.5424121279177211,35.0,HIC,
PLM_ESM2_PCA32,SVR_RBF,raw,3,0,0.7050420168067227,0.7858117174894796,0.35709954432446533,0.4841252940758601,35.0,HIC,
PLM_ESM2_PCA32,KRR,raw,3,0,-0.2490196078431373,-0.1278727504537,9.383657137403205,9.414036411605812,35.0,HIC,
PLM_ESM2_PCA64,Ridge,raw,3,0,0.7644257703081233,0.747176372504089,0.381717622060384,0.5108692349954104,35.0,HIC,
PLM_ESM2_PCA64,SVR_RBF,raw,3,0,0.7210084033613445,0.8295798034764734,0.3316225405036133,0.4531395306250274,35.0,HIC,
PLM_ESM2_PCA64,KRR,raw,3,0,-0.11792717086834735,-0.0919310194737493,9.383656374789371,9.414035681793912,35.0,HIC,
PLM_ESM2_PLS2,PLS,raw,3,0,0.7862745098039217,0.7271125878111953,0.364240680301002,0.545137265147339,35.0,HIC,
PLM_ESM2_PLS4,PLS,raw,3,0,0.788515406162465,0.779358539682854,0.37095387664323926,0.47737138388336725,35.0,HIC,
PLM_ESM2_PLS8,PLS,raw,3,0,0.689075630252101,0.771493347041127,0.36184425619314015,0.5019085712361878,35.0,HIC,
PLM_ESM2_PLS16,PLS,raw,3,0,0.6084033613445379,0.7156662906556048,0.5102934812240127,0.6301809355433036,35.0,HIC,
PLM_ESM2_PCA8,Ridge,raw,3,1,0.009474327738981395,-0.0459856964630246,0.5342633846451619,0.8291103893382172,34.0,HIC,
PLM_ESM2_PCA8,SVR_RBF,raw,3,1,0.09428484217663742,-0.08549985225464743,0.6568417787649297,0.981746381049769,34.0,HIC,
PLM_ESM2_PCA8,KRR,raw,3,1,0.005959657771294748,-0.006241237961955156,9.417456991612696,9.447287764176435,34.0,HIC,
PLM_ESM2_PCA16,Ridge,raw,3,1,0.28270171479218675,0.09113285834768958,0.4976159591349499,0.7889606997717993,34.0,HIC,
PLM_ESM2_PCA16,SVR_RBF,raw,3,1,0.24220660429492755,0.11148424159707365,0.5296651612139691,0.8076578444675341,34.0,HIC,
PLM_ESM2_PCA16,KRR,raw,3,1,-0.0021393643281570887,-0.1160114257951046,9.417470584816154,9.447301279627162,34.0,HIC,
PLM_ESM2_PCA32,Ridge,raw,3,1,0.28193765610355925,0.27518457244566774,0.5006314372146806,0.7530967746595217,34.0,HIC,
PLM_ESM2_PCA32,SVR_RBF,raw,3,1,0.27307457531547985,0.18673168851077346,0.48196096388354887,0.7621198200236821,34.0,HIC,
PLM_ESM2_PCA32,KRR,raw,3,1,-0.026283618888787094,-0.08093255630916156,9.417470585461013,9.447301280207375,34.0,HIC,
PLM_ESM2_PCA64,Ridge,raw,3,1,0.3560513489004298,0.31618331153033985,0.5109245902197261,0.7814007631018344,34.0,HIC,
PLM_ESM2_PCA64,SVR_RBF,raw,3,1,0.30241442895877707,0.23715361146152636,0.4494643368830178,0.7482788592189488,34.0,HIC,
PLM_ESM2_PCA64,KRR,raw,3,1,0.03820293443137659,0.1214429282135584,9.417470523903702,9.447301216501048,34.0,HIC,
PLM_ESM2_PLS2,PLS,raw,3,1,0.3057762871887382,0.16487601930898485,0.4862629697845931,0.795207736270367,34.0,HIC,
PLM_ESM2_PLS4,PLS,raw,3,1,0.3474938915878014,0.2678916963816176,0.5064557325595411,0.7821137842288349,34.0,HIC,
PLM_ESM2_PLS8,PLS,raw,3,1,0.2454156507871632,0.18462257307961485,0.574038227476763,0.8866497052567566,34.0,HIC,
PLM_ESM2_PLS16,PLS,raw,3,1,0.13187652965711197,-0.0023803170773253057,0.6573585588556012,1.0228791757688016,34.0,HIC,
PLM_ESM2_PCA8,Ridge,raw,3,2,-0.11603669586400679,-0.12669791176609632,0.7256198303445319,1.0577153285620615,50.0,HIC,
PLM_ESM2_PCA8,SVR_RBF,raw,3,2,-0.028624946496253332,0.047355472366579346,0.7455478302652659,1.0881161843190534,50.0,HIC,
PLM_ESM2_PCA8,KRR,raw,3,2,0.2950386683330272,-0.03445603553437973,9.443230177736593,9.493605039473417,50.0,HIC,
PLM_ESM2_PCA16,Ridge,raw,3,2,0.08938091515021385,0.24223975510087062,0.693151075187897,0.962037835843434,50.0,HIC,
PLM_ESM2_PCA16,SVR_RBF,raw,3,2,0.01335190457375575,0.24456677802092755,0.682036589671303,0.968913969735332,50.0,HIC,
PLM_ESM2_PCA16,KRR,raw,3,2,0.13683300766413717,0.06546601149203818,9.44323724916794,9.493611780403878,50.0,HIC,
PLM_ESM2_PCA32,Ridge,raw,3,2,0.1850535551175572,0.3484096080752423,0.6701643437069705,0.9240388967962616,50.0,HIC,
PLM_ESM2_PCA32,SVR_RBF,raw,3,2,0.12074348236842429,0.3755438305236767,0.6385618674855522,0.9068959589273798,50.0,HIC,
PLM_ESM2_PCA32,KRR,raw,3,2,0.043849959985032376,-0.0556574039893047,9.443239999296184,9.493614638642441,50.0,HIC,
PLM_ESM2_PCA64,Ridge,raw,3,2,0.3291388562731947,0.42667539107397895,0.6571112257507855,0.894793156766182,50.0,HIC,
PLM_ESM2_PCA64,SVR_RBF,raw,3,2,0.18807934644182558,0.4360809854888465,0.6268141384632618,0.8847695288349706,50.0,HIC,
PLM_ESM2_PCA64,KRR,raw,3,2,0.11589261056285116,-0.1009884945101327,9.443239799470735,9.493614451020369,50.0,HIC,
PLM_ESM2_PLS2,PLS,raw,3,2,0.10186830791703579,0.24026759538805476,0.7255706189667583,1.0021282568568641,50.0,HIC,
PLM_ESM2_PLS4,PLS,raw,3,2,0.4067528051623649,0.48544383281173276,0.6643648525798724,0.8625144873098641,50.0,HIC,
PLM_ESM2_PLS8,PLS,raw,3,2,0.4185677998571272,0.4800359997788235,0.6309205021553312,0.8598468144270305,50.0,HIC,
PLM_ESM2_PLS16,PLS,raw,3,2,0.46462706779321267,0.4953534729408575,0.6137411082238864,0.8553768689654049,50.0,HIC,
PLM_ESM2_PCA8,Ridge,raw,3,3,0.12030075187969923,0.06635069956219888,0.52325492446741,0.690637866637527,20.0,HIC,
PLM_ESM2_PCA8,SVR_RBF,raw,3,3,0.21052631578947367,0.1070078202031524,0.4886518044772322,0.7098831882502572,20.0,HIC,
PLM_ESM2_PCA8,KRR,raw,3,3,0.06616541353383458,0.1733458522670327,9.338135470241893,9.36155684975426,20.0,HIC,
PLM_ESM2_PCA16,Ridge,raw,3,3,0.47067669172932325,0.48125224651559834,0.44507818099906665,0.588500088698173,20.0,HIC,
PLM_ESM2_PCA16,SVR_RBF,raw,3,3,0.5473684210526315,0.5022799918893128,0.48478553278269293,0.6305236459932825,20.0,HIC,
PLM_ESM2_PCA16,KRR,raw,3,3,-0.19097744360902258,0.24532327558661984,9.341237370014298,9.364794680025106,20.0,HIC,
PLM_ESM2_PCA32,Ridge,raw,3,3,0.6300751879699248,0.6036800577159684,0.39229652361085093,0.5341497690531019,20.0,HIC,
PLM_ESM2_PCA32,SVR_RBF,raw,3,3,0.6706766917293233,0.5617861222381801,0.44796453123930374,0.5649313327497364,20.0,HIC,
PLM_ESM2_PCA32,KRR,raw,3,3,-0.2781954887218045,0.1612064736476252,9.341249999733407,9.364808195838155,20.0,HIC,
PLM_ESM2_PCA64,Ridge,raw,3,3,0.5203007518796992,0.3236317524978338,0.5451990317531585,0.7450006564366622,20.0,HIC,
PLM_ESM2_PCA64,SVR_RBF,raw,3,3,0.5924812030075187,0.4777417257325318,0.4737248019021264,0.5990836727127965,20.0,HIC,
PLM_ESM2_PCA64,KRR,raw,3,3,-0.21353383458646616,-0.00817597303992814,9.34124993781321,9.364808134164102,20.0,HIC,
PLM_ESM2_PLS2,PLS,raw,3,3,0.6571428571428571,0.5525236855515411,0.4034333872949798,0.5629461073413198,20.0,HIC,
PLM_ESM2_PLS4,PLS,raw,3,3,0.6616541353383457,0.487279341712754,0.46353086857441755,0.6200895023907202,20.0,HIC,
PLM_ESM2_PLS8,PLS,raw,3,3,0.42556390977443603,0.2446799115484086,0.5717874435643897,0.8428249955402478,20.0,HIC,
PLM_ESM2_PLS16,PLS,raw,3,3,0.26165413533834586,0.13428533766857426,0.6918205270283891,0.9691463374091778,20.0,HIC,
PLM_ESM2_PCA8,Ridge,raw,3,4,0.025691699604743084,0.06570132092642382,0.5399861067696464,0.6748114619829705,23.0,HIC,
PLM_ESM2_PCA8,SVR_RBF,raw,3,4,0.4762845849802372,0.34933249059868365,0.49641099314232406,0.6995010325953633,23.0,HIC,
PLM_ESM2_PCA8,KRR,raw,3,4,-0.1808300395256917,-0.1586519484714471,9.317543857202002,9.339779558037124,23.0,HIC,
PLM_ESM2_PCA16,Ridge,raw,3,4,-0.001976284584980237,0.12511339950341557,0.5540485152098027,0.7026497815761092,23.0,HIC,
PLM_ESM2_PCA16,SVR_RBF,raw,3,4,0.34683794466403167,0.24820265217014087,0.666169953344889,0.8707620903769036,23.0,HIC,
PLM_ESM2_PCA16,KRR,raw,3,4,-0.42687747035573126,0.012168049584685613,9.317565206385863,9.339799777367668,23.0,HIC,
PLM_ESM2_PCA32,Ridge,raw,3,4,0.07312252964426878,-0.005055252544883523,0.575639785346499,0.773816818135757,23.0,HIC,
PLM_ESM2_PCA32,SVR_RBF,raw,3,4,0.33102766798418976,0.1642351758315484,0.6332176608036348,0.8396408520464611,23.0,HIC,
PLM_ESM2_PCA32,KRR,raw,3,4,-0.42094861660079047,-0.13184100924591263,9.317565216860494,9.339799787857574,23.0,HIC,
PLM_ESM2_PCA64,Ridge,raw,3,4,0.43577075098814233,0.3657327133767766,0.5776132440412761,0.7351413885419421,23.0,HIC,
PLM_ESM2_PCA64,SVR_RBF,raw,3,4,0.35079051383399207,0.23104091628899306,0.5653873902179319,0.759456527043391,23.0,HIC,
PLM_ESM2_PCA64,KRR,raw,3,4,-0.3300395256916996,-0.152992221389808,9.317564644647096,9.339799239239955,23.0,HIC,
PLM_ESM2_PLS2,PLS,raw,3,4,0.23122529644268777,0.2273290960217432,0.5653891718011603,0.7203816603863034,23.0,HIC,
PLM_ESM2_PLS4,PLS,raw,3,4,0.36462450592885376,0.20224532841040874,0.5692525458890237,0.782133909811284,23.0,HIC,
PLM_ESM2_PLS8,PLS,raw,3,4,0.5,0.3930118842370742,0.6230833569822413,0.786510981685261,23.0,HIC,
PLM_ESM2_PLS16,PLS,raw,3,4,0.358695652173913,0.2408082657508449,0.6951986721137288,0.9096329695433452,23.0,HIC,
PLM_ABLANG2_PCA8,Ridge,raw,0,0,0.15910364145658265,0.36138618461685323,0.5310361323599413,0.7186204200136499,35.0,HIC,
PLM_ABLANG2_PCA8,SVR_RBF,raw,0,0,0.15994397759103643,0.1557615700314128,0.518363124229807,0.7868425617586632,35.0,HIC,
PLM_ABLANG2_PCA8,KRR,raw,0,0,-0.16134453781512606,-0.23668490253457009,9.154834956778405,9.199790252480428,35.0,HIC,
PLM_ABLANG2_PCA16,Ridge,raw,0,0,0.039495798319327736,0.14561582991355645,0.5352979937796878,0.7550790881756824,35.0,HIC,
PLM_ABLANG2_PCA16,SVR_RBF,raw,0,0,0.21372549019607845,0.19168547167400224,0.5288362544651256,0.7860412796740373,35.0,HIC,
PLM_ABLANG2_PCA16,KRR,raw,0,0,-0.07226890756302522,-0.15775837739725307,9.149717387490403,9.190790919831167,35.0,HIC,
PLM_ABLANG2_PCA32,Ridge,raw,0,0,0.4184873949579832,0.26371623331655575,0.4710446066326043,0.7660187397185889,35.0,HIC,
PLM_ABLANG2_PCA32,SVR_RBF,raw,0,0,0.4030812324929972,0.33038801526680683,0.5165775961425668,0.7875411364085679,35.0,HIC,
PLM_ABLANG2_PCA32,KRR,raw,0,0,-0.07058823529411766,-0.16571180022378584,8.687741342771746,8.75898714712614,35.0,HIC,
PLM_ABLANG2_PCA64,Ridge,raw,0,0,0.3666666666666667,0.30389266359477946,0.5964107865844464,0.8207748835838807,35.0,HIC,
PLM_ABLANG2_PCA64,SVR_RBF,raw,0,0,0.34761904761904766,0.25077457995647007,0.5069945502314879,0.7923716646096175,35.0,HIC,
PLM_ABLANG2_PCA64,KRR,raw,0,0,-0.03165266106442577,-0.20160520521995218,6.377726836954181,6.8076719145296165,35.0,HIC,
PLM_ABLANG2_PLS2,PLS,raw,0,0,0.12745098039215688,0.09790096022597695,0.5379887114001087,0.7721014983886199,35.0,HIC,
PLM_ABLANG2_PLS4,PLS,raw,0,0,0.4383753501400561,0.45069845606604914,0.5064240839456683,0.6883496008849732,35.0,HIC,
PLM_ABLANG2_PLS8,PLS,raw,0,0,0.4652661064425771,0.3091720471788496,0.6409445493156358,0.88225793166395,35.0,HIC,
PLM_ABLANG2_PLS16,PLS,raw,0,0,0.43277310924369744,0.33047125719985215,0.754395766480682,1.0039536873517636,35.0,HIC,
PLM_ABLANG2_PCA8,Ridge,raw,0,1,0.14578239779013308,0.07385421262747038,0.48780395180365543,0.7876947936224323,34.0,HIC,
PLM_ABLANG2_PCA8,SVR_RBF,raw,0,1,-0.023227384134276968,0.08455813451653031,0.5556998784139014,0.8239379417490676,34.0,HIC,
PLM_ABLANG2_PCA8,KRR,raw,0,1,0.2863691964975989,0.19940509987203325,9.264948764496703,9.294203225145077,34.0,HIC,
PLM_ABLANG2_PCA16,Ridge,raw,0,1,0.3901283664132177,0.3059539967669675,0.47082199969513294,0.7458743434847201,34.0,HIC,
PLM_ABLANG2_PCA16,SVR_RBF,raw,0,1,0.4066320340875724,0.35669983311291314,0.49341605119451204,0.7603986864597483,34.0,HIC,
PLM_ABLANG2_PCA16,KRR,raw,0,1,0.20079462337131534,0.038034113900786835,9.24747477013448,9.279606314983047,34.0,HIC,
PLM_ABLANG2_PCA32,Ridge,raw,0,1,0.47111858740773604,0.4232426552102901,0.4747231025294272,0.7104404184420936,34.0,HIC,
PLM_ABLANG2_PCA32,SVR_RBF,raw,0,1,0.612316633066104,0.522544232599687,0.4621270147773844,0.7022111318616748,34.0,HIC,
PLM_ABLANG2_PCA32,KRR,raw,0,1,0.09290953653710787,-0.0868953025991866,8.938846212882723,8.98498817327171,34.0,HIC,
PLM_ABLANG2_PCA64,Ridge,raw,0,1,0.45629584884836194,0.43114795999987204,0.463644568964535,0.6854742729650863,34.0,HIC,
PLM_ABLANG2_PCA64,SVR_RBF,raw,0,1,0.5560819135831176,0.4326045280895848,0.4580682325866366,0.7119538674696685,34.0,HIC,
PLM_ABLANG2_PCA64,KRR,raw,0,1,0.14318459824879945,-0.0038214013859902904,6.947511972365415,7.159841116196924,34.0,HIC,
PLM_ABLANG2_PLS2,PLS,raw,0,1,0.241136922130849,0.19373944863205464,0.5053172453051799,0.7795299985709399,34.0,HIC,
PLM_ABLANG2_PLS4,PLS,raw,0,1,0.4951100302306406,0.4016692190254187,0.4630103441608962,0.7290216359243137,34.0,HIC,
PLM_ABLANG2_PLS8,PLS,raw,0,1,0.5977995179821808,0.5624382582489885,0.45437230168356174,0.6306280628631513,34.0,HIC,
PLM_ABLANG2_PLS16,PLS,raw,0,1,0.45186430845432224,0.5236613037679001,0.5877192712507939,0.7434403636956473,34.0,HIC,
PLM_ABLANG2_PCA8,Ridge,raw,0,2,0.21353383458646616,0.1847486447707899,0.481994875547065,0.6607046337693656,20.0,HIC,
PLM_ABLANG2_PCA8,SVR_RBF,raw,0,2,0.5082706766917292,0.45164149332108705,0.4874669147723857,0.6347354850294842,20.0,HIC,
PLM_ABLANG2_PCA8,KRR,raw,0,2,0.2541353383458646,0.23876112467498367,8.996305334653334,9.031479879644348,20.0,HIC,
PLM_ABLANG2_PCA16,Ridge,raw,0,2,0.47518796992481205,0.3266837122681469,0.453396579804744,0.6446848770057894,20.0,HIC,
PLM_ABLANG2_PCA16,SVR_RBF,raw,0,2,0.5593984962406015,0.5283697106934484,0.45631520390381325,0.6151030544352559,20.0,HIC,
PLM_ABLANG2_PCA16,KRR,raw,0,2,0.27368421052631575,0.19326775523060502,9.164566653101899,9.187906722517019,20.0,HIC,
PLM_ABLANG2_PCA32,Ridge,raw,0,2,0.060150375939849614,0.06007153140570591,0.5884610430827151,0.7516888822260501,20.0,HIC,
PLM_ABLANG2_PCA32,SVR_RBF,raw,0,2,0.05413533834586466,0.14795545585486097,0.5825976522639583,0.7196722290375946,20.0,HIC,
PLM_ABLANG2_PCA32,KRR,raw,0,2,0.41353383458646614,0.2946685056687319,8.776858733136383,8.803352304863115,20.0,HIC,
PLM_ABLANG2_PCA64,Ridge,raw,0,2,0.4781954887218045,0.28002591706136476,0.550279783117173,0.7446179947829245,20.0,HIC,
PLM_ABLANG2_PCA64,SVR_RBF,raw,0,2,0.08721804511278194,0.11632124101279384,0.5525675437202263,0.7131463851336836,20.0,HIC,
PLM_ABLANG2_PCA64,KRR,raw,0,2,0.2796992481203007,0.24940598537415665,6.709448018774159,6.885673163119124,20.0,HIC,
PLM_ABLANG2_PLS2,PLS,raw,0,2,0.3278195488721804,0.24105235578404755,0.4968959022936679,0.6644522631929692,20.0,HIC,
PLM_ABLANG2_PLS4,PLS,raw,0,2,0.35639097744360904,0.31965373261211877,0.5551504531715911,0.7254876650148928,20.0,HIC,
PLM_ABLANG2_PLS8,PLS,raw,0,2,0.35037593984962395,0.24511389604799363,0.5903221426789188,0.7816057657965788,20.0,HIC,
PLM_ABLANG2_PLS16,PLS,raw,0,2,0.41804511278195483,0.3896648951648876,0.6081069936137488,0.7428606148167306,20.0,HIC,
PLM_ABLANG2_PCA8,Ridge,raw,0,3,0.3883399209486166,0.22767381500259554,0.5037832994574852,0.6471298503233465,23.0,HIC,
PLM_ABLANG2_PCA8,SVR_RBF,raw,0,3,-0.08893280632411067,-0.05279424593746397,0.6103544723356393,0.7907367803578649,23.0,HIC,
PLM_ABLANG2_PCA8,KRR,raw,0,3,-0.05237154150197629,0.009595734560665464,8.929978833323952,8.97238727452804,23.0,HIC,
PLM_ABLANG2_PCA16,Ridge,raw,0,3,0.2885375494071146,0.20978076426664594,0.5663409330801724,0.6854085753644302,23.0,HIC,
PLM_ABLANG2_PCA16,SVR_RBF,raw,0,3,0.06620553359683795,0.18517008530897378,0.5600137270055875,0.6948865281973943,23.0,HIC,
PLM_ABLANG2_PCA16,KRR,raw,0,3,-0.023715415019762844,0.09716761932659032,9.025968537499006,9.05370008014588,23.0,HIC,
PLM_ABLANG2_PCA32,Ridge,raw,0,3,0.5454545454545454,0.4306800383546868,0.5798106866237187,0.6914516379948482,23.0,HIC,
PLM_ABLANG2_PCA32,SVR_RBF,raw,0,3,0.3181818181818182,0.3676113128457918,0.6260646396264802,0.7306023984029247,23.0,HIC,
PLM_ABLANG2_PCA32,KRR,raw,0,3,-0.05731225296442688,0.013447470737550704,8.527545938580742,8.580215375409317,23.0,HIC,
PLM_ABLANG2_PCA64,Ridge,raw,0,3,0.6768774703557312,0.4680957948953182,0.5065077011401298,0.656425029329092,23.0,HIC,
PLM_ABLANG2_PCA64,SVR_RBF,raw,0,3,0.45849802371541504,0.421047975269213,0.6264647173764317,0.7170297659895324,23.0,HIC,
PLM_ABLANG2_PCA64,KRR,raw,0,3,-0.019762845849802375,0.06096588385039064,6.1069564443285875,6.5131127746752835,23.0,HIC,
PLM_ABLANG2_PLS2,PLS,raw,0,3,0.5177865612648221,0.4059671447512788,0.541754690797725,0.6608786381158459,23.0,HIC,
PLM_ABLANG2_PLS4,PLS,raw,0,3,0.6462450592885376,0.5021710021206734,0.5760626498691609,0.6732516569133203,23.0,HIC,
PLM_ABLANG2_PLS8,PLS,raw,0,3,0.6264822134387352,0.47544891227310754,0.4765205110245229,0.7074948327727674,23.0,HIC,
PLM_ABLANG2_PLS16,PLS,raw,0,3,0.5879446640316206,0.4735132108188986,0.5680139963739252,0.7715875249679679,23.0,HIC,
PLM_ABLANG2_PCA8,Ridge,raw,0,4,0.2737140437619929,0.2958318357403902,0.6686363244479041,0.9347698716602713,50.0,HIC,
PLM_ABLANG2_PCA8,SVR_RBF,raw,0,4,-0.16185582163149956,-0.16290407176469876,0.9109804690707136,1.1699551728064363,50.0,HIC,
PLM_ABLANG2_PCA8,KRR,raw,0,4,-0.18769511897207725,0.2676220211323752,9.434255411904381,9.48384763349689,50.0,HIC,
PLM_ABLANG2_PCA16,Ridge,raw,0,4,0.19355458788573981,0.12317654628978883,0.6801525554836972,0.9884459180895737,50.0,HIC,
PLM_ABLANG2_PCA16,SVR_RBF,raw,0,4,-0.1441813580230747,-0.17453629640703475,0.847946597221918,1.1528570113815702,50.0,HIC,
PLM_ABLANG2_PCA16,KRR,raw,0,4,-0.20738677679668102,0.008406911182263749,9.430303860121741,9.480781450184612,50.0,HIC,
PLM_ABLANG2_PCA32,Ridge,raw,0,4,-0.17189376427867561,-0.3154541023865443,1.1622499258402805,1.9801911811308763,50.0,HIC,
PLM_ABLANG2_PCA32,SVR_RBF,raw,0,4,-0.07021757009651404,-0.09798841404884266,0.7459009863633164,1.0552933217773264,50.0,HIC,
PLM_ABLANG2_PCA32,KRR,raw,0,4,-0.23538735365459326,-0.08853339717562844,9.400997264276803,9.452601876705701,50.0,HIC,
PLM_ABLANG2_PCA64,Ridge,raw,0,4,-0.11036934068521838,-0.3055798446131136,1.099735653252607,1.767217387493501,50.0,HIC,
PLM_ABLANG2_PCA64,SVR_RBF,raw,0,4,-0.0035060756614538483,-0.08922995132219415,0.7167665686332368,1.035935745004493,50.0,HIC,
PLM_ABLANG2_PCA64,KRR,raw,0,4,-0.17391095849485458,-0.07433854856324246,9.100769618678822,9.170075722127674,50.0,HIC,
PLM_ABLANG2_PLS2,PLS,raw,0,4,0.16051102548738028,0.1054853171674641,0.7029549960859,1.0584903856763754,50.0,HIC,
PLM_ABLANG2_PLS4,PLS,raw,0,4,-0.18846357391157398,-0.3180130281746528,1.1312472399725158,1.85492102579149,50.0,HIC,
PLM_ABLANG2_PLS8,PLS,raw,0,4,-0.149224343563522,-0.3146859751866159,1.3789607411919675,2.333756762263432,50.0,HIC,
PLM_ABLANG2_PLS16,PLS,raw,0,4,-0.19499544089729617,-0.30233833457823606,1.4712097783012734,2.4216009659132594,50.0,HIC,
PLM_ABLANG2_PCA8,Ridge,raw,1,0,0.10696821640785444,0.057363317021476595,0.49255771837560614,0.7889492678161902,34.0,HIC,
PLM_ABLANG2_PCA8,SVR_RBF,raw,1,0,-0.023533007609727978,0.08633448048529417,0.5594920129847123,0.8260043336857336,34.0,HIC,
PLM_ABLANG2_PCA8,KRR,raw,1,0,0.24022005170449598,0.14593242795277106,9.255593696327677,9.285890161879093,34.0,HIC,
PLM_ABLANG2_PCA16,Ridge,raw,1,0,0.3448960920464678,0.27239903431675694,0.4758726767437706,0.7546218901600914,34.0,HIC,
PLM_ABLANG2_PCA16,SVR_RBF,raw,1,0,0.41534230313792625,0.35070697950068047,0.4927266342566932,0.7571380206851666,34.0,HIC,
PLM_ABLANG2_PCA16,KRR,raw,1,0,0.1294315418535039,-0.010227630833499153,9.23076967005046,9.264351082041053,34.0,HIC,
PLM_ABLANG2_PCA32,Ridge,raw,1,0,0.4063264106121214,0.4090853050274609,0.4731144726011538,0.7093000753472912,34.0,HIC,
PLM_ABLANG2_PCA32,SVR_RBF,raw,1,0,0.5649449943711969,0.47801968856245425,0.4861394586420827,0.7250385022820678,34.0,HIC,
PLM_ABLANG2_PCA32,KRR,raw,1,0,0.05440097863028027,-0.1188737849474195,8.881138415879914,8.93341828699171,34.0,HIC,
PLM_ABLANG2_PCA64,Ridge,raw,1,0,0.45476773147110694,0.43850016168845707,0.4606809323458981,0.6815564828015458,34.0,HIC,
PLM_ABLANG2_PCA64,SVR_RBF,raw,1,0,0.5186430378403686,0.4102469825772667,0.45867726718506985,0.7199003602157759,34.0,HIC,
PLM_ABLANG2_PCA64,KRR,raw,1,0,0.06998777587828191,-0.04508359141875082,6.832944749256627,7.0769540825069,34.0,HIC,
PLM_ABLANG2_PLS2,PLS,raw,1,0,0.19132029563233394,0.1750958062559631,0.5108452341283464,0.7808630021952632,34.0,HIC,
PLM_ABLANG2_PLS4,PLS,raw,1,0,0.4990831354115038,0.3973703300964686,0.46241501436678983,0.7266109672822704,34.0,HIC,
PLM_ABLANG2_PLS8,PLS,raw,1,0,0.6068154105079857,0.5641732515053198,0.44588515859912653,0.6265803079823711,34.0,HIC,
PLM_ABLANG2_PLS16,PLS,raw,1,0,0.46592298832506884,0.5272928373816084,0.6034544756221198,0.7515176071302718,34.0,HIC,
PLM_ABLANG2_PCA8,Ridge,raw,1,1,0.13984962406015036,0.17066338021442193,0.4849522147582719,0.6651627442181309,20.0,HIC,
PLM_ABLANG2_PCA8,SVR_RBF,raw,1,1,0.3218045112781954,0.344168279414084,0.5389155994376785,0.6763543435180103,20.0,HIC,
PLM_ABLANG2_PCA8,KRR,raw,1,1,0.28120300751879695,0.2642860862254907,8.994052348515973,9.02980535811,20.0,HIC,
PLM_ABLANG2_PCA16,Ridge,raw,1,1,0.42556390977443603,0.36419003151279994,0.45146376790205,0.6295946421058738,20.0,HIC,
PLM_ABLANG2_PCA16,SVR_RBF,raw,1,1,0.5353383458646617,0.5109888445041814,0.4597519528971077,0.6150061162507852,20.0,HIC,
PLM_ABLANG2_PCA16,KRR,raw,1,1,0.37293233082706767,0.2860528324260863,9.174244460544733,9.196274137725121,20.0,HIC,
PLM_ABLANG2_PCA32,Ridge,raw,1,1,0.31127819548872177,0.19418535216543578,0.5478995920144583,0.7252017322127899,20.0,HIC,
PLM_ABLANG2_PCA32,SVR_RBF,raw,1,1,0.23458646616541348,0.2697453347486057,0.5384474986784776,0.6784101708236672,20.0,HIC,
PLM_ABLANG2_PCA32,KRR,raw,1,1,0.4872180451127819,0.38535711976819986,8.805434578396994,8.829370246050285,20.0,HIC,
PLM_ABLANG2_PCA64,Ridge,raw,1,1,0.5187969924812029,0.3210588695143106,0.5253746481630912,0.7366039443130492,20.0,HIC,
PLM_ABLANG2_PCA64,SVR_RBF,raw,1,1,0.30977443609022554,0.21351296669093045,0.5291424358996778,0.680579204861727,20.0,HIC,
PLM_ABLANG2_PCA64,KRR,raw,1,1,0.47218045112781953,0.3465311580242327,6.869150568968122,7.030115031256445,20.0,HIC,
PLM_ABLANG2_PLS2,PLS,raw,1,1,0.3804511278195489,0.2741566630847553,0.4915425617150996,0.6551757626323734,20.0,HIC,
PLM_ABLANG2_PLS4,PLS,raw,1,1,0.38947368421052625,0.35438286855362366,0.5493421367919911,0.7121038329733308,20.0,HIC,
PLM_ABLANG2_PLS8,PLS,raw,1,1,0.4195488721804511,0.2875408706126702,0.5880514699499413,0.793600362651106,20.0,HIC,
PLM_ABLANG2_PLS16,PLS,raw,1,1,0.47218045112781953,0.3930069235626417,0.629157182010693,0.7707423760719538,20.0,HIC,
PLM_ABLANG2_PCA8,Ridge,raw,1,2,0.2737140437619929,0.2958318357403902,0.6686363244479041,0.9347698716602713,50.0,HIC,
PLM_ABLANG2_PCA8,SVR_RBF,raw,1,2,-0.16185582163149956,-0.16290407176469876,0.9109804690707136,1.1699551728064363,50.0,HIC,
PLM_ABLANG2_PCA8,KRR,raw,1,2,-0.18769511897207725,0.2676220211323752,9.434255411904381,9.48384763349689,50.0,HIC,
PLM_ABLANG2_PCA16,Ridge,raw,1,2,0.19355458788573981,0.12317654628978883,0.6801525554836972,0.9884459180895737,50.0,HIC,
PLM_ABLANG2_PCA16,SVR_RBF,raw,1,2,-0.1441813580230747,-0.17453629640703475,0.847946597221918,1.1528570113815702,50.0,HIC,
PLM_ABLANG2_PCA16,KRR,raw,1,2,-0.20738677679668102,0.008406911182263749,9.430303860121741,9.480781450184612,50.0,HIC,
PLM_ABLANG2_PCA32,Ridge,raw,1,2,-0.17189376427867561,-0.3154541023865443,1.1622499258402805,1.9801911811308763,50.0,HIC,
PLM_ABLANG2_PCA32,SVR_RBF,raw,1,2,-0.07021757009651404,-0.09798841404884266,0.7459009863633164,1.0552933217773264,50.0,HIC,
PLM_ABLANG2_PCA32,KRR,raw,1,2,-0.23538735365459326,-0.08853339717562844,9.400997264276803,9.452601876705701,50.0,HIC,
PLM_ABLANG2_PCA64,Ridge,raw,1,2,-0.11036934068521838,-0.3055798446131136,1.099735653252607,1.767217387493501,50.0,HIC,
PLM_ABLANG2_PCA64,SVR_RBF,raw,1,2,-0.0035060756614538483,-0.08922995132219415,0.7167665686332368,1.035935745004493,50.0,HIC,
PLM_ABLANG2_PCA64,KRR,raw,1,2,-0.17391095849485458,-0.07433854856324246,9.100769618678822,9.170075722127674,50.0,HIC,
PLM_ABLANG2_PLS2,PLS,raw,1,2,0.16051102548738028,0.1054853171674641,0.7029549960859,1.0584903856763754,50.0,HIC,
PLM_ABLANG2_PLS4,PLS,raw,1,2,-0.18846357391157398,-0.3180130281746528,1.1312472399725158,1.85492102579149,50.0,HIC,
PLM_ABLANG2_PLS8,PLS,raw,1,2,-0.149224343563522,-0.3146859751866159,1.3789607411919675,2.333756762263432,50.0,HIC,
PLM_ABLANG2_PLS16,PLS,raw,1,2,-0.19499544089729617,-0.30233833457823606,1.4712097783012734,2.4216009659132594,50.0,HIC,
PLM_ABLANG2_PCA8,Ridge,raw,1,3,0.15910364145658265,0.36138618461685323,0.5310361323599413,0.7186204200136499,35.0,HIC,
PLM_ABLANG2_PCA8,SVR_RBF,raw,1,3,0.15994397759103643,0.1557615700314128,0.518363124229807,0.7868425617586632,35.0,HIC,
PLM_ABLANG2_PCA8,KRR,raw,1,3,-0.16134453781512606,-0.23668490253457009,9.154834956778405,9.199790252480428,35.0,HIC,
PLM_ABLANG2_PCA16,Ridge,raw,1,3,0.039495798319327736,0.14561582991355645,0.5352979937796878,0.7550790881756824,35.0,HIC,
PLM_ABLANG2_PCA16,SVR_RBF,raw,1,3,0.21372549019607845,0.19168547167400224,0.5288362544651256,0.7860412796740373,35.0,HIC,
PLM_ABLANG2_PCA16,KRR,raw,1,3,-0.07226890756302522,-0.15775837739725307,9.149717387490403,9.190790919831167,35.0,HIC,
PLM_ABLANG2_PCA32,Ridge,raw,1,3,0.4184873949579832,0.26371623331655575,0.4710446066326043,0.7660187397185889,35.0,HIC,
PLM_ABLANG2_PCA32,SVR_RBF,raw,1,3,0.4030812324929972,0.33038801526680683,0.5165775961425668,0.7875411364085679,35.0,HIC,
PLM_ABLANG2_PCA32,KRR,raw,1,3,-0.07058823529411766,-0.16571180022378584,8.687741342771746,8.75898714712614,35.0,HIC,
PLM_ABLANG2_PCA64,Ridge,raw,1,3,0.3666666666666667,0.30389266359477946,0.5964107865844464,0.8207748835838807,35.0,HIC,
PLM_ABLANG2_PCA64,SVR_RBF,raw,1,3,0.34761904761904766,0.25077457995647007,0.5069945502314879,0.7923716646096175,35.0,HIC,
PLM_ABLANG2_PCA64,KRR,raw,1,3,-0.03165266106442577,-0.20160520521995218,6.377726836954181,6.8076719145296165,35.0,HIC,
PLM_ABLANG2_PLS2,PLS,raw,1,3,0.12745098039215688,0.09790096022597695,0.5379887114001087,0.7721014983886199,35.0,HIC,
PLM_ABLANG2_PLS4,PLS,raw,1,3,0.4383753501400561,0.45069845606604914,0.5064240839456683,0.6883496008849732,35.0,HIC,
PLM_ABLANG2_PLS8,PLS,raw,1,3,0.4652661064425771,0.3091720471788496,0.6409445493156358,0.88225793166395,35.0,HIC,
PLM_ABLANG2_PLS16,PLS,raw,1,3,0.43277310924369744,0.33047125719985215,0.754395766480682,1.0039536873517636,35.0,HIC,
PLM_ABLANG2_PCA8,Ridge,raw,1,4,0.4318181818181818,0.25749214557958067,0.48752042877124163,0.636863986433423,23.0,HIC,
PLM_ABLANG2_PCA8,SVR_RBF,raw,1,4,-0.06324110671936758,-0.05544525832026461,0.6102677047358648,0.794293836788231,23.0,HIC,
PLM_ABLANG2_PCA8,KRR,raw,1,4,-0.05632411067193676,-0.03545628659144048,8.968670980474794,9.008833587123407,23.0,HIC,
PLM_ABLANG2_PCA16,Ridge,raw,1,4,0.29446640316205536,0.23890316900832026,0.5570216521619831,0.6757034151403117,23.0,HIC,
PLM_ABLANG2_PCA16,SVR_RBF,raw,1,4,0.10177865612648221,0.21060790150334419,0.5311329054929154,0.6805062541491406,23.0,HIC,
PLM_ABLANG2_PCA16,KRR,raw,1,4,-0.06521739130434782,0.05305186285467759,9.03343989189358,9.062007092042101,23.0,HIC,
PLM_ABLANG2_PCA32,Ridge,raw,1,4,0.541501976284585,0.43980168944296466,0.5587942350302154,0.6800455179744798,23.0,HIC,
PLM_ABLANG2_PCA32,SVR_RBF,raw,1,4,0.4011857707509882,0.4426380068721803,0.5844276434110284,0.6904144487074169,23.0,HIC,
PLM_ABLANG2_PCA32,KRR,raw,1,4,-0.05138339920948617,-0.002539260657095097,8.544340473550049,8.593780930061424,23.0,HIC,
PLM_ABLANG2_PCA64,Ridge,raw,1,4,0.6867588932806324,0.48570785901517655,0.49814211723196794,0.6437955817232911,23.0,HIC,
PLM_ABLANG2_PCA64,SVR_RBF,raw,1,4,0.5553359683794467,0.4735391185851969,0.5912353305649249,0.683070574160858,23.0,HIC,
PLM_ABLANG2_PCA64,KRR,raw,1,4,-0.05138339920948617,0.03660905230938503,6.051845505216508,6.450597924950396,23.0,HIC,
PLM_ABLANG2_PLS2,PLS,raw,1,4,0.5237154150197628,0.40443896195646334,0.5348087788082535,0.6615455429670959,23.0,HIC,
PLM_ABLANG2_PLS4,PLS,raw,1,4,0.6521739130434783,0.5319565341903425,0.5490387873315574,0.6560323384441937,23.0,HIC,
PLM_ABLANG2_PLS8,PLS,raw,1,4,0.58399209486166,0.4647211185797934,0.5125085634964782,0.730765266299379,23.0,HIC,
PLM_ABLANG2_PLS16,PLS,raw,1,4,0.4644268774703557,0.405469951181603,0.6125883680513028,0.8338441523698824,23.0,HIC,
PLM_ABLANG2_PCA8,Ridge,raw,2,0,0.31225296442687744,0.2020944244208714,0.5066573259459456,0.6557237105715521,23.0,HIC,
PLM_ABLANG2_PCA8,SVR_RBF,raw,2,0,-0.20948616600790515,-0.13545535202484432,0.6190888150770315,0.8177008276104978,23.0,HIC,
PLM_ABLANG2_PCA8,KRR,raw,2,0,0.09288537549407114,0.20926800799660833,9.041234134202032,9.066117215949962,23.0,HIC,
PLM_ABLANG2_PCA16,Ridge,raw,2,0,0.29249011857707513,0.24049423286048502,0.5651294082863001,0.6796279921870645,23.0,HIC,
PLM_ABLANG2_PCA16,SVR_RBF,raw,2,0,0.15217391304347824,0.221406865281026,0.5209113143991925,0.6675549209186418,23.0,HIC,
PLM_ABLANG2_PCA16,KRR,raw,2,0,0.06126482213438736,0.26624075167780725,9.073212221643915,9.095014724066695,23.0,HIC,
PLM_ABLANG2_PCA32,Ridge,raw,2,0,0.5711462450592886,0.4583545610826314,0.5761645171295758,0.690916667640706,23.0,HIC,
PLM_ABLANG2_PCA32,SVR_RBF,raw,2,0,0.4505928853754941,0.4376665765672293,0.5737673245042029,0.6897273024680461,23.0,HIC,
PLM_ABLANG2_PCA32,KRR,raw,2,0,0.08794466403162056,0.1694368878693152,8.633303897957175,8.668099017329842,23.0,HIC,
PLM_ABLANG2_PCA64,Ridge,raw,2,0,0.6778656126482214,0.5483823113737016,0.4879768098566735,0.600255094047822,23.0,HIC,
PLM_ABLANG2_PCA64,SVR_RBF,raw,2,0,0.5889328063241107,0.4629064594209879,0.602257900352974,0.7012696445875057,23.0,HIC,
PLM_ABLANG2_PCA64,KRR,raw,2,0,0.06818181818181818,0.16669564769205897,6.307573111187761,6.60661751903604,23.0,HIC,
PLM_ABLANG2_PLS2,PLS,raw,2,0,0.4525691699604743,0.3755746654196969,0.5714572765535344,0.6864363808242289,23.0,HIC,
PLM_ABLANG2_PLS4,PLS,raw,2,0,0.7351778656126482,0.515654242547933,0.5420373058677882,0.672775447171346,23.0,HIC,
PLM_ABLANG2_PLS8,PLS,raw,2,0,0.6067193675889329,0.4820630043986346,0.5209159567498609,0.7043346299298658,23.0,HIC,
PLM_ABLANG2_PLS16,PLS,raw,2,0,0.5523715415019763,0.43573487029236535,0.6232041435267323,0.8428146117341376,23.0,HIC,
PLM_ABLANG2_PCA8,Ridge,raw,2,1,0.15789473684210525,0.1742172425403249,0.48341212139981965,0.6644664840407584,20.0,HIC,
PLM_ABLANG2_PCA8,SVR_RBF,raw,2,1,0.33684210526315783,0.3295001446098021,0.5361862151067665,0.6742240232111749,20.0,HIC,
PLM_ABLANG2_PCA8,KRR,raw,2,1,0.30977443609022554,0.2724437451073957,8.972391580914048,9.006867909123939,20.0,HIC,
PLM_ABLANG2_PCA16,Ridge,raw,2,1,0.4300751879699248,0.34319694613456253,0.4575904110624534,0.6371407570767236,20.0,HIC,
PLM_ABLANG2_PCA16,SVR_RBF,raw,2,1,0.5654135338345864,0.49090940232858565,0.4538798306407921,0.6198980582364024,20.0,HIC,
PLM_ABLANG2_PCA16,KRR,raw,2,1,0.3669172932330827,0.2650154322853919,9.135170514636911,9.158052537899364,20.0,HIC,
PLM_ABLANG2_PCA32,Ridge,raw,2,1,0.31879699248120297,0.20615480162913108,0.5509463130479936,0.7229003748661011,20.0,HIC,
PLM_ABLANG2_PCA32,SVR_RBF,raw,2,1,0.19548872180451127,0.29694123956790464,0.5376031734406863,0.6727610942038879,20.0,HIC,
PLM_ABLANG2_PCA32,KRR,raw,2,1,0.49022556390977434,0.3154859509296781,8.745350060890726,8.776266107130901,20.0,HIC,
PLM_ABLANG2_PCA64,Ridge,raw,2,1,0.3669172932330827,0.2342318968994382,0.5557946373066627,0.7925469248533579,20.0,HIC,
PLM_ABLANG2_PCA64,SVR_RBF,raw,2,1,0.2045112781954887,0.17698466545096125,0.5660783571239351,0.7047494271222255,20.0,HIC,
PLM_ABLANG2_PCA64,KRR,raw,2,1,0.47368421052631576,0.32257989332033227,6.786227905327863,6.97752440386788,20.0,HIC,
PLM_ABLANG2_PLS2,PLS,raw,2,1,0.38195488721804516,0.2739745864731134,0.48995420735396145,0.6554207203057443,20.0,HIC,
PLM_ABLANG2_PLS4,PLS,raw,2,1,0.3157894736842105,0.34349200853568784,0.5730884459217768,0.7262531925623005,20.0,HIC,
PLM_ABLANG2_PLS8,PLS,raw,2,1,0.3533834586466165,0.2536075496518201,0.6339744997354065,0.8456234289897432,20.0,HIC,
PLM_ABLANG2_PLS16,PLS,raw,2,1,0.41052631578947363,0.377082891919982,0.6652385595599513,0.8131071218198618,20.0,HIC,
PLM_ABLANG2_PCA8,Ridge,raw,2,2,0.23364914698229922,0.13356010457098144,0.47838117634572214,0.776810383138937,34.0,HIC,
PLM_ABLANG2_PCA8,SVR_RBF,raw,2,2,0.11598410893365933,0.13398985681061004,0.5355819808149005,0.8024549033853092,34.0,HIC,
PLM_ABLANG2_PCA8,KRR,raw,2,2,0.20492054028990403,-0.051375160432596156,9.21177157455958,9.25271692922935,34.0,HIC,
PLM_ABLANG2_PCA16,Ridge,raw,2,2,0.2912591721048151,0.2648366392187295,0.46695290793666144,0.745546726515159,34.0,HIC,
PLM_ABLANG2_PCA16,SVR_RBF,raw,2,2,0.3762224982801966,0.34378258490087554,0.47456850252587324,0.7380801651047351,34.0,HIC,
PLM_ABLANG2_PCA16,KRR,raw,2,2,0.06479217679561469,-0.06301591153295859,9.217446056284174,9.25386089433943,34.0,HIC,
PLM_ABLANG2_PCA32,Ridge,raw,2,2,0.4232885134996525,0.4049557823886804,0.48814503684928523,0.7155119665459024,34.0,HIC,
PLM_ABLANG2_PCA32,SVR_RBF,raw,2,2,0.3878361903473351,0.4210621588972677,0.46635918425154044,0.7045936202420968,34.0,HIC,
PLM_ABLANG2_PCA32,KRR,raw,2,2,-0.05302567299075071,-0.18841913889555864,8.875471741377416,8.931229814965223,34.0,HIC,
PLM_ABLANG2_PCA64,Ridge,raw,2,2,0.5464547741064106,0.5151955164534223,0.4295704760968203,0.6534371567895514,34.0,HIC,
PLM_ABLANG2_PCA64,SVR_RBF,raw,2,2,0.35406479630999826,0.32900862563826205,0.4979140488333242,0.729999149350308,34.0,HIC,
PLM_ABLANG2_PCA64,KRR,raw,2,2,0.012377750755766014,-0.09622081541754134,6.729738655947578,7.009432900831254,34.0,HIC,
PLM_ABLANG2_PLS2,PLS,raw,2,2,0.27750611570951955,0.25543349668860854,0.49175211257382445,0.7670353191254623,34.0,HIC,
PLM_ABLANG2_PLS4,PLS,raw,2,2,0.4284841125823198,0.37698975756207354,0.46549810075339537,0.7280624133514336,34.0,HIC,
PLM_ABLANG2_PLS8,PLS,raw,2,2,0.6170537969355946,0.5848835385343394,0.4408541711240125,0.6180558227417972,34.0,HIC,
PLM_ABLANG2_PLS16,PLS,raw,2,2,0.4046454814971408,0.5239785204928825,0.5799174055140047,0.7400046578602137,34.0,HIC,
PLM_ABLANG2_PCA8,Ridge,raw,2,3,0.15910364145658265,0.36138618461685323,0.5310361323599413,0.7186204200136499,35.0,HIC,
PLM_ABLANG2_PCA8,SVR_RBF,raw,2,3,0.15994397759103643,0.1557615700314128,0.518363124229807,0.7868425617586632,35.0,HIC,
PLM_ABLANG2_PCA8,KRR,raw,2,3,-0.16134453781512606,-0.23668490253457009,9.154834956778405,9.199790252480428,35.0,HIC,
PLM_ABLANG2_PCA16,Ridge,raw,2,3,0.039495798319327736,0.14561582991355645,0.5352979937796878,0.7550790881756824,35.0,HIC,
PLM_ABLANG2_PCA16,SVR_RBF,raw,2,3,0.21372549019607845,0.19168547167400224,0.5288362544651256,0.7860412796740373,35.0,HIC,
PLM_ABLANG2_PCA16,KRR,raw,2,3,-0.07226890756302522,-0.15775837739725307,9.149717387490403,9.190790919831167,35.0,HIC,
PLM_ABLANG2_PCA32,Ridge,raw,2,3,0.4184873949579832,0.26371623331655575,0.4710446066326043,0.7660187397185889,35.0,HIC,
PLM_ABLANG2_PCA32,SVR_RBF,raw,2,3,0.4030812324929972,0.33038801526680683,0.5165775961425668,0.7875411364085679,35.0,HIC,
PLM_ABLANG2_PCA32,KRR,raw,2,3,-0.07058823529411766,-0.16571180022378584,8.687741342771746,8.75898714712614,35.0,HIC,
PLM_ABLANG2_PCA64,Ridge,raw,2,3,0.3666666666666667,0.30389266359477946,0.5964107865844464,0.8207748835838807,35.0,HIC,
PLM_ABLANG2_PCA64,SVR_RBF,raw,2,3,0.34761904761904766,0.25077457995647007,0.5069945502314879,0.7923716646096175,35.0,HIC,
PLM_ABLANG2_PCA64,KRR,raw,2,3,-0.03165266106442577,-0.20160520521995218,6.377726836954181,6.8076719145296165,35.0,HIC,
PLM_ABLANG2_PLS2,PLS,raw,2,3,0.12745098039215688,0.09790096022597695,0.5379887114001087,0.7721014983886199,35.0,HIC,
PLM_ABLANG2_PLS4,PLS,raw,2,3,0.4383753501400561,0.45069845606604914,0.5064240839456683,0.6883496008849732,35.0,HIC,
PLM_ABLANG2_PLS8,PLS,raw,2,3,0.4652661064425771,0.3091720471788496,0.6409445493156358,0.88225793166395,35.0,HIC,
PLM_ABLANG2_PLS16,PLS,raw,2,3,0.43277310924369744,0.33047125719985215,0.754395766480682,1.0039536873517636,35.0,HIC,
PLM_ABLANG2_PCA8,Ridge,raw,2,4,0.25762451846628004,0.2911287083562216,0.6599520238922093,0.9365418876178859,50.0,HIC,
PLM_ABLANG2_PCA8,SVR_RBF,raw,2,4,-0.12285673345204032,-0.11743125050421457,0.8779402864434974,1.1445781874488004,50.0,HIC,
PLM_ABLANG2_PCA8,KRR,raw,2,4,-0.20143125101558135,0.26544307723703336,9.435014855145774,9.484675470167447,50.0,HIC,
PLM_ABLANG2_PCA16,Ridge,raw,2,4,0.0812641098517796,0.04959353774577104,0.6525722071345659,1.0388402481296226,50.0,HIC,
PLM_ABLANG2_PCA16,SVR_RBF,raw,2,4,-0.07689352238339192,-0.10361773721943693,0.7530702767288837,1.0811034049706862,50.0,HIC,
PLM_ABLANG2_PCA16,KRR,raw,2,4,-0.2041208433038199,0.00930756868486387,9.431652786749508,9.482112677212282,50.0,HIC,
PLM_ABLANG2_PCA32,Ridge,raw,2,4,-0.09749772044864809,-0.2910777526198017,1.1005460528629698,1.8651807903630726,50.0,HIC,
PLM_ABLANG2_PCA32,SVR_RBF,raw,2,4,-0.04370587468387673,-0.04172234782324926,0.7103399632776177,1.037474540072179,50.0,HIC,
PLM_ABLANG2_PCA32,KRR,raw,2,4,-0.22813506016309285,-0.06389613612670253,9.403050094072615,9.454398749176915,50.0,HIC,
PLM_ABLANG2_PCA64,Ridge,raw,2,4,-0.07228279274641151,-0.28379135317989146,1.0366437764271688,1.6882213078541033,50.0,HIC,
PLM_ABLANG2_PCA64,SVR_RBF,raw,2,4,0.051294367211406976,-0.0212392996303121,0.6861007052479419,1.0196374760534967,50.0,HIC,
PLM_ABLANG2_PCA64,KRR,raw,2,4,-0.1872628630686103,-0.07179540604324741,9.11301910550668,9.181126214657258,50.0,HIC,
PLM_ABLANG2_PLS2,PLS,raw,2,4,0.19634023704141548,0.1435023926823898,0.7105277474639522,1.062664811672073,50.0,HIC,
PLM_ABLANG2_PLS4,PLS,raw,2,4,-0.11863023128480828,-0.29734676160813134,1.094643826803367,1.8181403077764438,50.0,HIC,
PLM_ABLANG2_PLS8,PLS,raw,2,4,-0.08645118069338256,-0.3037502959792285,1.2950191986275885,2.2063873301484294,50.0,HIC,
PLM_ABLANG2_PLS16,PLS,raw,2,4,-0.1323663633283124,-0.30101724301210575,1.4342994910828835,2.3941467578896867,50.0,HIC,
PLM_ABLANG2_PCA8,Ridge,raw,3,0,0.15910364145658265,0.36138618461685323,0.5310361323599413,0.7186204200136499,35.0,HIC,
PLM_ABLANG2_PCA8,SVR_RBF,raw,3,0,0.15994397759103643,0.1557615700314128,0.518363124229807,0.7868425617586632,35.0,HIC,
PLM_ABLANG2_PCA8,KRR,raw,3,0,-0.16134453781512606,-0.23668490253457009,9.154834956778405,9.199790252480428,35.0,HIC,
PLM_ABLANG2_PCA16,Ridge,raw,3,0,0.039495798319327736,0.14561582991355645,0.5352979937796878,0.7550790881756824,35.0,HIC,
PLM_ABLANG2_PCA16,SVR_RBF,raw,3,0,0.21372549019607845,0.19168547167400224,0.5288362544651256,0.7860412796740373,35.0,HIC,
PLM_ABLANG2_PCA16,KRR,raw,3,0,-0.07226890756302522,-0.15775837739725307,9.149717387490403,9.190790919831167,35.0,HIC,
PLM_ABLANG2_PCA32,Ridge,raw,3,0,0.4184873949579832,0.26371623331655575,0.4710446066326043,0.7660187397185889,35.0,HIC,
PLM_ABLANG2_PCA32,SVR_RBF,raw,3,0,0.4030812324929972,0.33038801526680683,0.5165775961425668,0.7875411364085679,35.0,HIC,
PLM_ABLANG2_PCA32,KRR,raw,3,0,-0.07058823529411766,-0.16571180022378584,8.687741342771746,8.75898714712614,35.0,HIC,
PLM_ABLANG2_PCA64,Ridge,raw,3,0,0.3666666666666667,0.30389266359477946,0.5964107865844464,0.8207748835838807,35.0,HIC,
PLM_ABLANG2_PCA64,SVR_RBF,raw,3,0,0.34761904761904766,0.25077457995647007,0.5069945502314879,0.7923716646096175,35.0,HIC,
PLM_ABLANG2_PCA64,KRR,raw,3,0,-0.03165266106442577,-0.20160520521995218,6.377726836954181,6.8076719145296165,35.0,HIC,
PLM_ABLANG2_PLS2,PLS,raw,3,0,0.12745098039215688,0.09790096022597695,0.5379887114001087,0.7721014983886199,35.0,HIC,
PLM_ABLANG2_PLS4,PLS,raw,3,0,0.4383753501400561,0.45069845606604914,0.5064240839456683,0.6883496008849732,35.0,HIC,
PLM_ABLANG2_PLS8,PLS,raw,3,0,0.4652661064425771,0.3091720471788496,0.6409445493156358,0.88225793166395,35.0,HIC,
PLM_ABLANG2_PLS16,PLS,raw,3,0,0.43277310924369744,0.33047125719985215,0.754395766480682,1.0039536873517636,35.0,HIC,
PLM_ABLANG2_PCA8,Ridge,raw,3,1,0.13340464703436705,0.08004860513257264,0.4903980086253571,0.785892640152181,34.0,HIC,
PLM_ABLANG2_PCA8,SVR_RBF,raw,3,1,-0.015586797248001646,0.08413695577762166,0.5555022787858599,0.8224043139123813,34.0,HIC,
PLM_ABLANG2_PCA8,KRR,raw,3,1,0.28270171479218675,0.20114645184182528,9.265453297693504,9.294653937950876,34.0,HIC,
PLM_ABLANG2_PCA16,Ridge,raw,3,1,0.37393032221431405,0.2968256133270599,0.4820453720317868,0.7502204273570816,34.0,HIC,
PLM_ABLANG2_PCA16,SVR_RBF,raw,3,1,0.3539119845722727,0.30488656247137474,0.5094838001430645,0.7713001845795324,34.0,HIC,
PLM_ABLANG2_PCA16,KRR,raw,3,1,0.15113080861052577,0.039499756478686116,9.241343513814623,9.273596009445061,34.0,HIC,
PLM_ABLANG2_PCA32,Ridge,raw,3,1,0.45400367278247933,0.43873764209836125,0.4735004908530365,0.7017888228293616,34.0,HIC,
PLM_ABLANG2_PCA32,SVR_RBF,raw,3,1,0.577933992077865,0.5055907444219266,0.4811684880855977,0.7032098491761789,34.0,HIC,
PLM_ABLANG2_PCA32,KRR,raw,3,1,0.09474327738981395,-0.08875823008095517,8.920771460401147,8.96777224850881,34.0,HIC,
PLM_ABLANG2_PCA64,Ridge,raw,3,1,0.4749388808508737,0.43527063981475284,0.45057034759400666,0.6825469604829135,34.0,HIC,
PLM_ABLANG2_PCA64,SVR_RBF,raw,3,1,0.530867976858409,0.4237979690186865,0.46602559339653277,0.7115110322803907,34.0,HIC,
PLM_ABLANG2_PCA64,KRR,raw,3,1,0.13539119962479862,-0.0060806156117662186,6.910573499136214,7.12513453015937,34.0,HIC,
PLM_ABLANG2_PLS2,PLS,raw,3,1,0.2602383893465373,0.20821757753285203,0.5063781554437452,0.7769071260505718,34.0,HIC,
PLM_ABLANG2_PLS4,PLS,raw,3,1,0.4812041620976195,0.39153246866489044,0.4599775913261582,0.7254643633793816,34.0,HIC,
PLM_ABLANG2_PLS8,PLS,raw,3,1,0.5970354592935533,0.5586201304003677,0.44681745755397473,0.6306879931219662,34.0,HIC,
PLM_ABLANG2_PLS16,PLS,raw,3,1,0.45339242583157735,0.5236524837184807,0.5827646978733034,0.7389608627337172,34.0,HIC,
PLM_ABLANG2_PCA8,Ridge,raw,3,2,0.2659334374995884,0.29771999665733095,0.6608174286473479,0.9345163746641069,50.0,HIC,
PLM_ABLANG2_PCA8,SVR_RBF,raw,3,2,-0.13073339658188185,-0.11996558599203888,0.8773319015027411,1.143931407856554,50.0,HIC,
PLM_ABLANG2_PCA8,KRR,raw,3,2,-0.18351664523856373,0.271435367469737,9.434928968034438,9.484554904881042,50.0,HIC,
PLM_ABLANG2_PCA16,Ridge,raw,3,2,0.23778877534052056,0.19194440313120206,0.6661271852626305,0.9692402150129218,50.0,HIC,
PLM_ABLANG2_PCA16,SVR_RBF,raw,3,2,-0.12847606019711016,-0.10457733177225574,0.7849522756463361,1.0901221802550414,50.0,HIC,
PLM_ABLANG2_PCA16,KRR,raw,3,2,-0.19408290065664383,-0.009359016885106276,9.431101815131933,9.481632006558335,50.0,HIC,
PLM_ABLANG2_PCA32,Ridge,raw,3,2,-0.15892608717466827,-0.3066617790263603,1.1015647687488161,1.8522020021512462,50.0,HIC,
PLM_ABLANG2_PCA32,SVR_RBF,raw,3,2,-0.06277316287013945,-0.045725972056051875,0.7189916210239438,1.0320201047958535,50.0,HIC,
PLM_ABLANG2_PCA32,KRR,raw,3,2,-0.22765477582590737,-0.08541351565866603,9.403091380494637,9.454595139467724,50.0,HIC,
PLM_ABLANG2_PCA64,Ridge,raw,3,2,-0.11920657248943083,-0.30241395717616426,1.0707458267824916,1.7301709192055974,50.0,HIC,
PLM_ABLANG2_PCA64,SVR_RBF,raw,3,2,0.021660823607064183,-0.03974549642812992,0.6930013881903673,1.0181156241756266,50.0,HIC,
PLM_ABLANG2_PCA64,KRR,raw,3,2,-0.1781374606620866,-0.07099848515677903,9.123391459370863,9.190709894932509,50.0,HIC,
PLM_ABLANG2_PLS2,PLS,raw,3,2,0.2193938852263175,0.19298315660227994,0.7008197146465082,1.0268945509843663,50.0,HIC,
PLM_ABLANG2_PLS4,PLS,raw,3,2,-0.1624321628361221,-0.3102659380255946,1.111325634126719,1.8380776139681114,50.0,HIC,
PLM_ABLANG2_PLS8,PLS,raw,3,2,-0.15119350934598239,-0.31099898496128114,1.353001400963243,2.2977299223258556,50.0,HIC,
PLM_ABLANG2_PLS16,PLS,raw,3,2,-0.1915373936695609,-0.3031853133708257,1.4680618539726675,2.4514978737845077,50.0,HIC,
PLM_ABLANG2_PCA8,Ridge,raw,3,3,0.15789473684210525,0.1742172425403249,0.48341212139981965,0.6644664840407584,20.0,HIC,
PLM_ABLANG2_PCA8,SVR_RBF,raw,3,3,0.33684210526315783,0.3295001446098021,0.5361862151067665,0.6742240232111749,20.0,HIC,
PLM_ABLANG2_PCA8,KRR,raw,3,3,0.30977443609022554,0.2724437451073957,8.972391580914048,9.006867909123939,20.0,HIC,
PLM_ABLANG2_PCA16,Ridge,raw,3,3,0.4300751879699248,0.34319694613456253,0.4575904110624534,0.6371407570767236,20.0,HIC,
PLM_ABLANG2_PCA16,SVR_RBF,raw,3,3,0.5654135338345864,0.49090940232858565,0.4538798306407921,0.6198980582364024,20.0,HIC,
PLM_ABLANG2_PCA16,KRR,raw,3,3,0.3669172932330827,0.2650154322853919,9.135170514636911,9.158052537899364,20.0,HIC,
PLM_ABLANG2_PCA32,Ridge,raw,3,3,0.31879699248120297,0.20615480162913108,0.5509463130479936,0.7229003748661011,20.0,HIC,
PLM_ABLANG2_PCA32,SVR_RBF,raw,3,3,0.19548872180451127,0.29694123956790464,0.5376031734406863,0.6727610942038879,20.0,HIC,
PLM_ABLANG2_PCA32,KRR,raw,3,3,0.49022556390977434,0.3154859509296781,8.745350060890726,8.776266107130901,20.0,HIC,
PLM_ABLANG2_PCA64,Ridge,raw,3,3,0.3669172932330827,0.2342318968994382,0.5557946373066627,0.7925469248533579,20.0,HIC,
PLM_ABLANG2_PCA64,SVR_RBF,raw,3,3,0.2045112781954887,0.17698466545096125,0.5660783571239351,0.7047494271222255,20.0,HIC,
PLM_ABLANG2_PCA64,KRR,raw,3,3,0.47368421052631576,0.32257989332033227,6.786227905327863,6.97752440386788,20.0,HIC,
PLM_ABLANG2_PLS2,PLS,raw,3,3,0.38195488721804516,0.2739745864731134,0.48995420735396145,0.6554207203057443,20.0,HIC,
PLM_ABLANG2_PLS4,PLS,raw,3,3,0.3157894736842105,0.34349200853568784,0.5730884459217768,0.7262531925623005,20.0,HIC,
PLM_ABLANG2_PLS8,PLS,raw,3,3,0.3533834586466165,0.2536075496518201,0.6339744997354065,0.8456234289897432,20.0,HIC,
PLM_ABLANG2_PLS16,PLS,raw,3,3,0.41052631578947363,0.377082891919982,0.6652385595599513,0.8131071218198618,20.0,HIC,
PLM_ABLANG2_PCA8,Ridge,raw,3,4,0.4011857707509882,0.24474965239285865,0.4940137570194566,0.6390844670256144,23.0,HIC,
PLM_ABLANG2_PCA8,SVR_RBF,raw,3,4,-0.20256916996047433,-0.13026461586624705,0.6299272690003904,0.8146975585946473,23.0,HIC,
PLM_ABLANG2_PCA8,KRR,raw,3,4,-0.04545454545454545,-0.013512111125822507,8.94077851354257,8.980369333068888,23.0,HIC,
PLM_ABLANG2_PCA16,Ridge,raw,3,4,0.4041501976284585,0.28113442195840277,0.5634928626107915,0.6681754850636131,23.0,HIC,
PLM_ABLANG2_PCA16,SVR_RBF,raw,3,4,0.07509881422924902,0.21685276732883946,0.5397295050284737,0.6652171144082776,23.0,HIC,
PLM_ABLANG2_PCA16,KRR,raw,3,4,-0.12055335968379448,0.03462170888436754,9.014121823398138,9.0430848214416,23.0,HIC,
PLM_ABLANG2_PCA32,Ridge,raw,3,4,0.6511857707509883,0.4686404084819941,0.5644863683009864,0.6839499123145082,23.0,HIC,
PLM_ABLANG2_PCA32,SVR_RBF,raw,3,4,0.3784584980237154,0.4278582879432323,0.5848421221053032,0.6933662313513628,23.0,HIC,
PLM_ABLANG2_PCA32,KRR,raw,3,4,-0.09683794466403163,-0.012910159323196977,8.519659638217208,8.569487249162357,23.0,HIC,
PLM_ABLANG2_PCA64,Ridge,raw,3,4,0.7895256916996048,0.5838095350882241,0.47422269950213175,0.5816074407297022,23.0,HIC,
PLM_ABLANG2_PCA64,SVR_RBF,raw,3,4,0.5770750988142292,0.489445285061252,0.5956246081248208,0.6936712109232908,23.0,HIC,
PLM_ABLANG2_PCA64,KRR,raw,3,4,-0.1057312252964427,0.008056304970471988,5.966401468510542,6.384581132461413,23.0,HIC,
PLM_ABLANG2_PLS2,PLS,raw,3,4,0.5691699604743083,0.4176146734508915,0.5438739542920914,0.6573610709888252,23.0,HIC,
PLM_ABLANG2_PLS4,PLS,raw,3,4,0.766798418972332,0.5487694575768638,0.5428912598079382,0.6554380182943067,23.0,HIC,
PLM_ABLANG2_PLS8,PLS,raw,3,4,0.6600790513833992,0.5109718732058184,0.4791272213930724,0.6724955673813658,23.0,HIC,
PLM_ABLANG2_PLS16,PLS,raw,3,4,0.5365612648221344,0.4414290759075779,0.5902155331479002,0.8196278121213445,23.0,HIC,
PLM_ESM1B_PCA8,Ridge,raw,0,0,0.3638655462184874,0.3750601484495523,0.47362217205503776,0.7166792599340762,35.0,HIC,
PLM_ESM1B_PCA8,SVR_RBF,raw,0,0,0.1739495798319328,0.40366681107387525,0.5224041080686069,0.723436059878019,35.0,HIC,
PLM_ESM1B_PCA8,KRR,raw,0,0,0.015126050420168069,0.22727463873239379,9.38363031581414,9.414007040179575,35.0,HIC,
PLM_ESM1B_PCA16,Ridge,raw,0,0,0.3568627450980392,0.3951430104031671,0.49251167816298796,0.6971256962030065,35.0,HIC,
PLM_ESM1B_PCA16,SVR_RBF,raw,0,0,0.357703081232493,0.4650213706090466,0.5159092565256942,0.672647083805614,35.0,HIC,
PLM_ESM1B_PCA16,KRR,raw,0,0,-0.04257703081232493,-0.0837606514913276,9.383657137920693,9.41403641204569,35.0,HIC,
PLM_ESM1B_PCA32,Ridge,raw,0,0,0.41372549019607846,0.3545731578522575,0.5126134515265468,0.7449819798321449,35.0,HIC,
PLM_ESM1B_PCA32,SVR_RBF,raw,0,0,0.5100840336134455,0.45854780809594764,0.462334540798965,0.6722668059504312,35.0,HIC,
PLM_ESM1B_PCA32,KRR,raw,0,0,-0.19187675070028015,-0.14343654128848954,9.383657139619203,9.414036413714593,35.0,HIC,
PLM_ESM1B_PCA64,Ridge,raw,0,0,0.7218487394957984,0.61412580567333,0.4080612371280096,0.601661617989015,35.0,HIC,
PLM_ESM1B_PCA64,SVR_RBF,raw,0,0,0.6266106442577032,0.6014402216775794,0.40298249851352624,0.6143974214943368,35.0,HIC,
PLM_ESM1B_PCA64,KRR,raw,0,0,-0.24005602240896362,-0.13228248888285324,9.383656658688349,9.414035951917716,35.0,HIC,
PLM_ESM1B_PLS2,PLS,raw,0,0,0.45798319327731096,0.5137406458603639,0.45332567522774697,0.6885769997612771,35.0,HIC,
PLM_ESM1B_PLS4,PLS,raw,0,0,0.6529411764705884,0.5155300262777524,0.45873254664251645,0.6555939569949105,35.0,HIC,
PLM_ESM1B_PLS8,PLS,raw,0,0,0.735014005602241,0.6892169966644933,0.4356670102613332,0.5552182104815249,35.0,HIC,
PLM_ESM1B_PLS16,PLS,raw,0,0,0.6434173669467788,0.6607166285243611,0.5349480995826296,0.6407185586825128,35.0,HIC,
PLM_ESM1B_PCA8,Ridge,raw,0,1,0.015281173772550635,-0.1429275634720288,0.5451576741790494,0.8202336451698329,34.0,HIC,
PLM_ESM1B_PCA8,SVR_RBF,raw,0,1,0.006418092984471266,-0.10242807098976878,0.5904426628005408,0.9137326855844841,34.0,HIC,
PLM_ESM1B_PCA8,KRR,raw,0,1,-0.11155256853961962,-0.00939438640145721,9.417321947060717,9.447153786594628,34.0,HIC,
PLM_ESM1B_PCA16,Ridge,raw,0,1,0.24220660429492755,0.114148412059207,0.4766076159799289,0.7729110244351867,34.0,HIC,
PLM_ESM1B_PCA16,SVR_RBF,raw,0,1,0.10268948775154026,-0.06349199709614586,0.541518656962058,0.8861917343175016,34.0,HIC,
PLM_ESM1B_PCA16,KRR,raw,0,1,0.24419315688535911,-0.03707526657477861,9.41747058823259,9.447301282872356,34.0,HIC,
PLM_ESM1B_PCA32,Ridge,raw,0,1,0.4015892467426307,0.31396775778671954,0.5267813791779554,0.7396850821631987,34.0,HIC,
PLM_ESM1B_PCA32,SVR_RBF,raw,0,1,0.27872860961132356,0.20950616753237722,0.5099888109252757,0.7698780604022627,34.0,HIC,
PLM_ESM1B_PCA32,KRR,raw,0,1,0.24984719118120288,0.2221196695665642,9.417470588217542,9.447301282856172,34.0,HIC,
PLM_ESM1B_PCA64,Ridge,raw,0,1,0.4915953602629539,0.4106197340953815,0.4983895220358827,0.7311691683433442,34.0,HIC,
PLM_ESM1B_PCA64,SVR_RBF,raw,0,1,0.3667481705412153,0.2908404219939694,0.45519698690671156,0.7298846838650255,34.0,HIC,
PLM_ESM1B_PCA64,KRR,raw,0,1,0.23380195872002474,0.34416937649600987,9.417470564547774,9.4473012572657,34.0,HIC,
PLM_ESM1B_PLS2,PLS,raw,0,1,0.1610635715626837,0.0950100832334038,0.5050469028926705,0.8132530465242046,34.0,HIC,
PLM_ESM1B_PLS4,PLS,raw,0,1,0.4966381476078956,0.44055422375453623,0.4587194795876664,0.7116470371429052,34.0,HIC,
PLM_ESM1B_PLS8,PLS,raw,0,1,0.2541259198375171,0.35960331169350557,0.5739445144333692,0.8094448641626492,34.0,HIC,
PLM_ESM1B_PLS16,PLS,raw,0,1,0.14822738559374116,0.27966796834528385,0.6591570799743964,0.8629463048877247,34.0,HIC,
PLM_ESM1B_PCA8,Ridge,raw,0,2,0.3142857142857143,0.3792551147261423,0.4610193861908337,0.6172889408205101,20.0,HIC,
PLM_ESM1B_PCA8,SVR_RBF,raw,0,2,0.41804511278195483,0.5769103890146665,0.47082785624665763,0.5743757616259564,20.0,HIC,
PLM_ESM1B_PCA8,KRR,raw,0,2,-0.2541353383458646,-0.1837221246364342,9.341246570716624,9.364804952092403,20.0,HIC,
PLM_ESM1B_PCA16,Ridge,raw,0,2,0.4601503759398496,0.5836147238839101,0.4467713703436644,0.5424046812566576,20.0,HIC,
PLM_ESM1B_PCA16,SVR_RBF,raw,0,2,0.6571428571428571,0.5908251364594053,0.3791986092398002,0.5536121065934687,20.0,HIC,
PLM_ESM1B_PCA16,KRR,raw,0,2,-0.29774436090225564,0.20490384171441733,9.341249999665875,9.364808195762649,20.0,HIC,
PLM_ESM1B_PCA32,Ridge,raw,0,2,0.40451127819548865,0.38648878794752045,0.4607446509003098,0.6294098176295567,20.0,HIC,
PLM_ESM1B_PCA32,SVR_RBF,raw,0,2,0.5142857142857143,0.4607651597404026,0.46627499657307087,0.5987641871126476,20.0,HIC,
PLM_ESM1B_PCA32,KRR,raw,0,2,-0.5037593984962406,-0.27499348930034867,9.341249990759072,9.364808187439067,20.0,HIC,
PLM_ESM1B_PCA64,Ridge,raw,0,2,0.7503759398496239,0.6205963637457771,0.3833985196689695,0.5210319784941074,20.0,HIC,
PLM_ESM1B_PCA64,SVR_RBF,raw,0,2,0.5774436090225563,0.4990350311450508,0.4491815308968648,0.5766508016559939,20.0,HIC,
PLM_ESM1B_PCA64,KRR,raw,0,2,-0.41503759398496237,-0.20680040675757871,9.341249380899697,9.36480760976607,20.0,HIC,
PLM_ESM1B_PLS2,PLS,raw,0,2,0.5774436090225563,0.5137872415914038,0.4158835199339004,0.569909087535031,20.0,HIC,
PLM_ESM1B_PLS4,PLS,raw,0,2,0.524812030075188,0.5313554478874031,0.45969950181823477,0.5978726178211495,20.0,HIC,
PLM_ESM1B_PLS8,PLS,raw,0,2,0.5789473684210527,0.40526852059978496,0.5638386636897978,0.7252423037123533,20.0,HIC,
PLM_ESM1B_PLS16,PLS,raw,0,2,0.5097744360902255,0.376441850643538,0.6137238980536888,0.7636222462742723,20.0,HIC,
PLM_ESM1B_PCA8,Ridge,raw,0,3,0.11363636363636365,0.03973169821124217,0.5267213808490459,0.6799561239146553,23.0,HIC,
PLM_ESM1B_PCA8,SVR_RBF,raw,0,3,0.21442687747035571,0.2878135103074644,0.6624548103930549,0.8366942821992802,23.0,HIC,
PLM_ESM1B_PCA8,KRR,raw,0,3,-0.003952569169960474,-0.15484051651793412,9.317347087846922,9.339593105969616,23.0,HIC,
PLM_ESM1B_PCA16,Ridge,raw,0,3,0.2934782608695652,0.29660598995060206,0.5268185181226199,0.646326432913652,23.0,HIC,
PLM_ESM1B_PCA16,SVR_RBF,raw,0,3,0.391304347826087,0.4086806150002863,0.5304641708807286,0.7100093731883613,23.0,HIC,
PLM_ESM1B_PCA16,KRR,raw,0,3,-0.1956521739130435,-0.10503594178871827,9.317565214502403,9.339799785580624,23.0,HIC,
PLM_ESM1B_PCA32,Ridge,raw,0,3,0.4150197628458498,0.372804695344918,0.512976554031731,0.6425451399088126,23.0,HIC,
PLM_ESM1B_PCA32,SVR_RBF,raw,0,3,0.4061264822134388,0.36200359155163114,0.5522889312019246,0.6989829554004092,23.0,HIC,
PLM_ESM1B_PCA32,KRR,raw,0,3,-0.3675889328063241,-0.20966930452232266,9.317565215205576,9.339799786323953,23.0,HIC,
PLM_ESM1B_PCA64,Ridge,raw,0,3,0.26383399209486164,0.17693284879554172,0.6378639266363703,0.7821391580774716,23.0,HIC,
PLM_ESM1B_PCA64,SVR_RBF,raw,0,3,0.3379446640316206,0.2728011348156012,0.5817735855503556,0.7204234550354203,23.0,HIC,
PLM_ESM1B_PCA64,KRR,raw,0,3,-0.3142292490118577,-0.21358623531403406,9.317564927238427,9.339799515145247,23.0,HIC,
PLM_ESM1B_PLS2,PLS,raw,0,3,0.058300395256917006,0.0786561798180765,0.6248325796848568,0.7768791432973684,23.0,HIC,
PLM_ESM1B_PLS4,PLS,raw,0,3,0.3557312252964427,0.2936798743839303,0.5779515902251016,0.7308017121674019,23.0,HIC,
PLM_ESM1B_PLS8,PLS,raw,0,3,0.05237154150197629,0.07812757485379243,0.7236148456658337,0.8801558504744077,23.0,HIC,
PLM_ESM1B_PLS16,PLS,raw,0,3,0.03754940711462451,0.08109416552814826,0.8617677943950216,1.0093985850645697,23.0,HIC,
PLM_ESM1B_PCA8,Ridge,raw,0,4,-0.04293741974438,0.028237971244594456,0.714025446462226,1.0643418274854202,50.0,HIC,
PLM_ESM1B_PCA8,SVR_RBF,raw,0,4,-0.018394890114203068,0.1314797045553638,0.6593587489240272,1.0792714679341837,50.0,HIC,
PLM_ESM1B_PCA8,KRR,raw,0,4,0.21843331655194662,0.22111657170196558,9.443239971440153,9.4936146065844,50.0,HIC,
PLM_ESM1B_PCA16,Ridge,raw,0,4,-0.05984342841330815,0.037422742840093594,0.7267801906517736,1.0420019982244044,50.0,HIC,
PLM_ESM1B_PCA16,SVR_RBF,raw,0,4,0.0880841474398131,0.2475955073715524,0.690415931447827,0.9624340050169609,50.0,HIC,
PLM_ESM1B_PCA16,KRR,raw,0,4,0.0997070283997012,-0.061940237253958384,9.443239999995692,9.493614639320526,50.0,HIC,
PLM_ESM1B_PCA32,Ridge,raw,0,4,0.08308919033308433,0.27182774758061806,0.7263378758032143,0.9619668949901117,50.0,HIC,
PLM_ESM1B_PCA32,SVR_RBF,raw,0,4,0.0980260332195521,0.24847886512127504,0.6862135038724878,0.9547675530610711,50.0,HIC,
PLM_ESM1B_PCA32,KRR,raw,0,4,0.01359204674234848,-0.07796785571699105,9.443239999841234,9.493614639173755,50.0,HIC,
PLM_ESM1B_PCA64,Ridge,raw,0,4,0.31914894205973726,0.447550507948504,0.6722127421789044,0.8747097241188667,50.0,HIC,
PLM_ESM1B_PCA64,SVR_RBF,raw,0,4,0.16843571705094035,0.33067792225960196,0.6720509564094459,0.921952328439145,50.0,HIC,
PLM_ESM1B_PCA64,KRR,raw,0,4,0.031938908422833,-0.057786852291364724,9.443239863511566,9.49361450751354,50.0,HIC,
PLM_ESM1B_PLS2,PLS,raw,0,4,0.032563278061174095,0.19399110074705309,0.7367101382510327,1.0115456426169542,50.0,HIC,
PLM_ESM1B_PLS4,PLS,raw,0,4,0.21747274787757567,0.3818536317425443,0.6996149437592658,0.9086185989300265,50.0,HIC,
PLM_ESM1B_PLS8,PLS,raw,0,4,0.3085346582079386,0.4748322720249981,0.6727447061389555,0.8624137454679726,50.0,HIC,
PLM_ESM1B_PLS16,PLS,raw,0,4,0.3148744114587867,0.44440770152354436,0.6978580078029837,0.8835652136889368,50.0,HIC,
PLM_ESM1B_PCA8,Ridge,raw,1,0,0.055317849056633304,-0.1283064384772439,0.5433791235751142,0.8194947039891486,34.0,HIC,
PLM_ESM1B_PCA8,SVR_RBF,raw,1,0,-0.0745721280100471,-0.11445079540748013,0.5900679136568744,0.902140606391398,34.0,HIC,
PLM_ESM1B_PCA8,KRR,raw,1,0,-0.05409535515482925,-0.009392649576475343,9.417282269277843,9.44711442734778,34.0,HIC,
PLM_ESM1B_PCA16,Ridge,raw,1,0,0.2188264084229251,0.11679980724401873,0.48030178374600707,0.7715819227002373,34.0,HIC,
PLM_ESM1B_PCA16,SVR_RBF,raw,1,0,0.07319682237051754,-0.09641076378547711,0.5539120817654477,0.883763400495659,34.0,HIC,
PLM_ESM1B_PCA16,KRR,raw,1,0,0.3653728649016857,-0.03746344475345055,9.417470588232462,9.447301282872232,34.0,HIC,
PLM_ESM1B_PCA32,Ridge,raw,1,0,0.40602078713667034,0.3082340041864311,0.5306591844297663,0.7334761812294577,34.0,HIC,
PLM_ESM1B_PCA32,SVR_RBF,raw,1,0,0.27444988095500944,0.20302060168899436,0.5179884512047338,0.7710560552551438,34.0,HIC,
PLM_ESM1B_PCA32,KRR,raw,1,0,0.2732273870532053,0.08295392209981514,9.417470588225918,9.447301282865437,34.0,HIC,
PLM_ESM1B_PCA64,Ridge,raw,1,0,0.40540954018576836,0.35859378039016443,0.5605392023240903,0.7443574644880879,34.0,HIC,
PLM_ESM1B_PCA64,SVR_RBF,raw,1,0,0.35513447847407675,0.2857356068325789,0.46731168176794263,0.7282433915247942,34.0,HIC,
PLM_ESM1B_PCA64,KRR,raw,1,0,0.26054401282198836,0.37060872339973383,9.417470567566202,9.447301260012022,34.0,HIC,
PLM_ESM1B_PLS2,PLS,raw,1,0,0.13416870572299458,0.09386870586774732,0.5037372444506881,0.8089662131747802,34.0,HIC,
PLM_ESM1B_PLS4,PLS,raw,1,0,0.43230440602545744,0.40178967147871486,0.48021613971680754,0.7131600763288665,34.0,HIC,
PLM_ESM1B_PLS8,PLS,raw,1,0,0.26803178797053817,0.342682012487528,0.5752738833886613,0.7792028870354553,34.0,HIC,
PLM_ESM1B_PLS16,PLS,raw,1,0,0.1737469457939007,0.28123106748217885,0.6306904230024605,0.8435531989264545,34.0,HIC,
PLM_ESM1B_PCA8,Ridge,raw,1,1,0.23909774436090225,0.35173287232771755,0.47086573753610833,0.6232777368214361,20.0,HIC,
PLM_ESM1B_PCA8,SVR_RBF,raw,1,1,0.25112781954887214,0.47343688934741623,0.52831581253874,0.6439955465027768,20.0,HIC,
PLM_ESM1B_PCA8,KRR,raw,1,1,-0.2541353383458646,-0.197901432846609,9.341247362780823,9.364805704108987,20.0,HIC,
PLM_ESM1B_PCA16,Ridge,raw,1,1,0.3203007518796992,0.5453612495486443,0.4502938655109987,0.5585522921376496,20.0,HIC,
PLM_ESM1B_PCA16,SVR_RBF,raw,1,1,0.44060150375939844,0.47020501399997117,0.483133460732433,0.6162700766783262,20.0,HIC,
PLM_ESM1B_PCA16,KRR,raw,1,1,-0.47368421052631576,-0.2188366229103727,9.341249999529557,9.364808195672243,20.0,HIC,
PLM_ESM1B_PCA32,Ridge,raw,1,1,0.3699248120300751,0.3414402231498071,0.4782866343105878,0.6510820338197176,20.0,HIC,
PLM_ESM1B_PCA32,SVR_RBF,raw,1,1,0.4360902255639097,0.38291933557703756,0.5008506607699713,0.6355414315426491,20.0,HIC,
PLM_ESM1B_PCA32,KRR,raw,1,1,-0.40751879699248117,-0.24398428503891945,9.34124998253015,9.364808179671599,20.0,HIC,
PLM_ESM1B_PCA64,Ridge,raw,1,1,0.793984962406015,0.6916701194981527,0.3706012710527987,0.47944017393524013,20.0,HIC,
PLM_ESM1B_PCA64,SVR_RBF,raw,1,1,0.5052631578947367,0.4413159833095858,0.48481240409606974,0.6010767135634543,20.0,HIC,
PLM_ESM1B_PCA64,KRR,raw,1,1,-0.431578947368421,-0.20830195661447307,9.34124951324856,9.364807735251276,20.0,HIC,
PLM_ESM1B_PLS2,PLS,raw,1,1,0.613533834586466,0.535202276116076,0.41392430874991054,0.561097182237398,20.0,HIC,
PLM_ESM1B_PLS4,PLS,raw,1,1,0.5263157894736841,0.5423423442749283,0.46162139204502084,0.5945413710831996,20.0,HIC,
PLM_ESM1B_PLS8,PLS,raw,1,1,0.5593984962406015,0.4241305534701851,0.5527436012726525,0.7103563702720992,20.0,HIC,
PLM_ESM1B_PLS16,PLS,raw,1,1,0.524812030075188,0.36454229728084075,0.6286825748842747,0.7752437862412456,20.0,HIC,
PLM_ESM1B_PCA8,Ridge,raw,1,2,-0.04293741974438,0.028237971244594456,0.714025446462226,1.0643418274854202,50.0,HIC,
PLM_ESM1B_PCA8,SVR_RBF,raw,1,2,-0.018394890114203068,0.1314797045553638,0.6593587489240272,1.0792714679341837,50.0,HIC,
PLM_ESM1B_PCA8,KRR,raw,1,2,0.21843331655194662,0.22111657170196558,9.443239971440153,9.4936146065844,50.0,HIC,
PLM_ESM1B_PCA16,Ridge,raw,1,2,-0.05984342841330815,0.037422742840093594,0.7267801906517736,1.0420019982244044,50.0,HIC,
PLM_ESM1B_PCA16,SVR_RBF,raw,1,2,0.0880841474398131,0.2475955073715524,0.690415931447827,0.9624340050169609,50.0,HIC,
PLM_ESM1B_PCA16,KRR,raw,1,2,0.0997070283997012,-0.061940237253958384,9.443239999995692,9.493614639320526,50.0,HIC,
PLM_ESM1B_PCA32,Ridge,raw,1,2,0.08308919033308433,0.27182774758061806,0.7263378758032143,0.9619668949901117,50.0,HIC,
PLM_ESM1B_PCA32,SVR_RBF,raw,1,2,0.0980260332195521,0.24847886512127504,0.6862135038724878,0.9547675530610711,50.0,HIC,
PLM_ESM1B_PCA32,KRR,raw,1,2,0.01359204674234848,-0.07796785571699105,9.443239999841234,9.493614639173755,50.0,HIC,
PLM_ESM1B_PCA64,Ridge,raw,1,2,0.31914894205973726,0.447550507948504,0.6722127421789044,0.8747097241188667,50.0,HIC,
PLM_ESM1B_PCA64,SVR_RBF,raw,1,2,0.16843571705094035,0.33067792225960196,0.6720509564094459,0.921952328439145,50.0,HIC,
PLM_ESM1B_PCA64,KRR,raw,1,2,0.031938908422833,-0.057786852291364724,9.443239863511566,9.49361450751354,50.0,HIC,
PLM_ESM1B_PLS2,PLS,raw,1,2,0.032563278061174095,0.19399110074705309,0.7367101382510327,1.0115456426169542,50.0,HIC,
PLM_ESM1B_PLS4,PLS,raw,1,2,0.21747274787757567,0.3818536317425443,0.6996149437592658,0.9086185989300265,50.0,HIC,
PLM_ESM1B_PLS8,PLS,raw,1,2,0.3085346582079386,0.4748322720249981,0.6727447061389555,0.8624137454679726,50.0,HIC,
PLM_ESM1B_PLS16,PLS,raw,1,2,0.3148744114587867,0.44440770152354436,0.6978580078029837,0.8835652136889368,50.0,HIC,
PLM_ESM1B_PCA8,Ridge,raw,1,3,0.3638655462184874,0.3750601484495523,0.47362217205503776,0.7166792599340762,35.0,HIC,
PLM_ESM1B_PCA8,SVR_RBF,raw,1,3,0.1739495798319328,0.40366681107387525,0.5224041080686069,0.723436059878019,35.0,HIC,
PLM_ESM1B_PCA8,KRR,raw,1,3,0.015126050420168069,0.22727463873239379,9.38363031581414,9.414007040179575,35.0,HIC,
PLM_ESM1B_PCA16,Ridge,raw,1,3,0.3568627450980392,0.3951430104031671,0.49251167816298796,0.6971256962030065,35.0,HIC,
PLM_ESM1B_PCA16,SVR_RBF,raw,1,3,0.357703081232493,0.4650213706090466,0.5159092565256942,0.672647083805614,35.0,HIC,
PLM_ESM1B_PCA16,KRR,raw,1,3,-0.04257703081232493,-0.0837606514913276,9.383657137920693,9.41403641204569,35.0,HIC,
PLM_ESM1B_PCA32,Ridge,raw,1,3,0.41372549019607846,0.3545731578522575,0.5126134515265468,0.7449819798321449,35.0,HIC,
PLM_ESM1B_PCA32,SVR_RBF,raw,1,3,0.5100840336134455,0.45854780809594764,0.462334540798965,0.6722668059504312,35.0,HIC,
PLM_ESM1B_PCA32,KRR,raw,1,3,-0.19187675070028015,-0.14343654128848954,9.383657139619203,9.414036413714593,35.0,HIC,
PLM_ESM1B_PCA64,Ridge,raw,1,3,0.7218487394957984,0.61412580567333,0.4080612371280096,0.601661617989015,35.0,HIC,
PLM_ESM1B_PCA64,SVR_RBF,raw,1,3,0.6266106442577032,0.6014402216775794,0.40298249851352624,0.6143974214943368,35.0,HIC,
PLM_ESM1B_PCA64,KRR,raw,1,3,-0.24005602240896362,-0.13228248888285324,9.383656658688349,9.414035951917716,35.0,HIC,
PLM_ESM1B_PLS2,PLS,raw,1,3,0.45798319327731096,0.5137406458603639,0.45332567522774697,0.6885769997612771,35.0,HIC,
PLM_ESM1B_PLS4,PLS,raw,1,3,0.6529411764705884,0.5155300262777524,0.45873254664251645,0.6555939569949105,35.0,HIC,
PLM_ESM1B_PLS8,PLS,raw,1,3,0.735014005602241,0.6892169966644933,0.4356670102613332,0.5552182104815249,35.0,HIC,
PLM_ESM1B_PLS16,PLS,raw,1,3,0.6434173669467788,0.6607166285243611,0.5349480995826296,0.6407185586825128,35.0,HIC,
PLM_ESM1B_PCA8,Ridge,raw,1,4,0.08201581027667984,0.04877231600077288,0.5226332255131892,0.6799550877186076,23.0,HIC,
PLM_ESM1B_PCA8,SVR_RBF,raw,1,4,0.2816205533596838,0.32673929930401946,0.6400306568396981,0.8117630547310709,23.0,HIC,
PLM_ESM1B_PCA8,KRR,raw,1,4,0.001976284584980237,-0.15561318152342254,9.317395076156538,9.339638618653407,23.0,HIC,
PLM_ESM1B_PCA16,Ridge,raw,1,4,0.2974308300395257,0.30031112232876067,0.5139311094661688,0.6413491903115773,23.0,HIC,
PLM_ESM1B_PCA16,SVR_RBF,raw,1,4,0.4881422924901186,0.42835334545039044,0.5020538422583438,0.6940184468999654,23.0,HIC,
PLM_ESM1B_PCA16,KRR,raw,1,4,-0.2124505928853755,-0.09323294594370089,9.31756521168023,9.33979978284151,23.0,HIC,
PLM_ESM1B_PCA32,Ridge,raw,1,4,0.4950592885375494,0.4765962120538916,0.44178760427590114,0.5812317605786917,23.0,HIC,
PLM_ESM1B_PCA32,SVR_RBF,raw,1,4,0.5247035573122529,0.4091365292411665,0.5149458083994817,0.668837052036309,23.0,HIC,
PLM_ESM1B_PCA32,KRR,raw,1,4,-0.25296442687747034,-0.21851268754625472,9.317565214557215,9.33979978571286,23.0,HIC,
PLM_ESM1B_PCA64,Ridge,raw,1,4,0.3379446640316206,0.23379667744705374,0.5901982897389346,0.7638128094512683,23.0,HIC,
PLM_ESM1B_PCA64,SVR_RBF,raw,1,4,0.4189723320158103,0.3365150858188728,0.5394502662920565,0.6884446149096902,23.0,HIC,
PLM_ESM1B_PCA64,KRR,raw,1,4,-0.3181818181818182,-0.20322128690874697,9.317564705555137,9.339799308071225,23.0,HIC,
PLM_ESM1B_PLS2,PLS,raw,1,4,0.14525691699604742,0.09692498134182098,0.6034383574870539,0.771364521505722,23.0,HIC,
PLM_ESM1B_PLS4,PLS,raw,1,4,0.4426877470355731,0.350919390754987,0.5346521860597527,0.6981674096438347,23.0,HIC,
PLM_ESM1B_PLS8,PLS,raw,1,4,0.13339920948616601,0.11423097750514304,0.6973295869966774,0.8688852197143389,23.0,HIC,
PLM_ESM1B_PLS16,PLS,raw,1,4,0.09486166007905138,0.10682676678648281,0.8330240577279919,0.9944570855799786,23.0,HIC,
PLM_ESM1B_PCA8,Ridge,raw,2,0,0.03458498023715415,0.048342437443170544,0.5228994643544745,0.6811379235434735,23.0,HIC,
PLM_ESM1B_PCA8,SVR_RBF,raw,2,0,0.33992094861660077,0.3621716373629018,0.617647723672804,0.7955883151075483,23.0,HIC,
PLM_ESM1B_PCA8,KRR,raw,2,0,0.11660079051383401,-0.15539367978488255,9.317371956133009,9.33961670826833,23.0,HIC,
PLM_ESM1B_PCA16,Ridge,raw,2,0,0.29446640316205536,0.26600112786591573,0.5335965780429427,0.6577124252873036,23.0,HIC,
PLM_ESM1B_PCA16,SVR_RBF,raw,2,0,0.4130434782608696,0.41260013851664623,0.5256550786691374,0.7138921876407351,23.0,HIC,
PLM_ESM1B_PCA16,KRR,raw,2,0,-0.07114624505928854,-0.08855252591753754,9.317565217041574,9.339799788034604,23.0,HIC,
PLM_ESM1B_PCA32,Ridge,raw,2,0,0.4762845849802372,0.4329715045548377,0.4773170240043212,0.6084105834653257,23.0,HIC,
PLM_ESM1B_PCA32,SVR_RBF,raw,2,0,0.4337944664031621,0.37072155013068814,0.5615633272091767,0.6881596670364641,23.0,HIC,
PLM_ESM1B_PCA32,KRR,raw,2,0,-0.2391304347826087,-0.12902296843243233,9.317565217346388,9.339799788333071,23.0,HIC,
PLM_ESM1B_PCA64,Ridge,raw,2,0,0.3596837944664032,0.18837795122943804,0.6088704275149984,0.7725132097722304,23.0,HIC,
PLM_ESM1B_PCA64,SVR_RBF,raw,2,0,0.40513833992094866,0.28760754499826835,0.5706299810246829,0.7136863664302837,23.0,HIC,
PLM_ESM1B_PCA64,KRR,raw,2,0,-0.3053359683794466,-0.13612122012472014,9.317565170670914,9.339799743262859,23.0,HIC,
PLM_ESM1B_PLS2,PLS,raw,2,0,0.13043478260869565,0.08059083099543016,0.6033444639902348,0.7680506566277397,23.0,HIC,
PLM_ESM1B_PLS4,PLS,raw,2,0,0.3972332015810277,0.32572201764474445,0.5484928242554062,0.7095418874039664,23.0,HIC,
PLM_ESM1B_PLS8,PLS,raw,2,0,0.24011857707509882,0.15323407295719516,0.6499459567252429,0.8329638575185802,23.0,HIC,
PLM_ESM1B_PLS16,PLS,raw,2,0,0.23715415019762848,0.17651135140744395,0.7597384936588204,0.9406796495415819,23.0,HIC,
PLM_ESM1B_PCA8,Ridge,raw,2,1,0.20150375939849624,0.32844903406326,0.4766089041229412,0.6274240119293818,20.0,HIC,
PLM_ESM1B_PCA8,SVR_RBF,raw,2,1,0.2150375939849624,0.45486283476624995,0.5223265464534628,0.6486291637169831,20.0,HIC,
PLM_ESM1B_PCA8,KRR,raw,2,1,-0.22255639097744356,-0.26195788772113726,9.341249032100787,9.364807284078001,20.0,HIC,
PLM_ESM1B_PCA16,Ridge,raw,2,1,0.34285714285714286,0.5831840873240683,0.44574689654867894,0.5470573718979101,20.0,HIC,
PLM_ESM1B_PCA16,SVR_RBF,raw,2,1,0.5624060150375939,0.5477257939772125,0.4406663399060745,0.5782526653352325,20.0,HIC,
PLM_ESM1B_PCA16,KRR,raw,2,1,-0.393984962406015,0.19388767387215897,9.341249998892701,9.36480819495543,20.0,HIC,
PLM_ESM1B_PCA32,Ridge,raw,2,1,0.30977443609022554,0.33983393280186525,0.4851593251481252,0.651106236638621,20.0,HIC,
PLM_ESM1B_PCA32,SVR_RBF,raw,2,1,0.44360902255639095,0.3973150621165118,0.4897265469973739,0.6272835627320285,20.0,HIC,
PLM_ESM1B_PCA32,KRR,raw,2,1,-0.34285714285714286,-0.22071460979949684,9.341249980163143,9.364808177411982,20.0,HIC,
PLM_ESM1B_PCA64,Ridge,raw,2,1,0.7714285714285714,0.6121855215577238,0.41197923810955056,0.532791958821493,20.0,HIC,
PLM_ESM1B_PCA64,SVR_RBF,raw,2,1,0.49022556390977434,0.43370840074621225,0.49387876122860563,0.6030605184037151,20.0,HIC,
PLM_ESM1B_PCA64,KRR,raw,2,1,-0.4496240601503759,-0.2131880223522217,9.341249429552894,9.364807655936312,20.0,HIC,
PLM_ESM1B_PLS2,PLS,raw,2,1,0.5593984962406015,0.5092573408854056,0.4280234665606435,0.5728900114352015,20.0,HIC,
PLM_ESM1B_PLS4,PLS,raw,2,1,0.512781954887218,0.5426783325917927,0.45580174661093886,0.5942100198005232,20.0,HIC,
PLM_ESM1B_PLS8,PLS,raw,2,1,0.5593984962406015,0.3898023454366561,0.59106726330504,0.769074834938336,20.0,HIC,
PLM_ESM1B_PLS16,PLS,raw,2,1,0.5293233082706766,0.3690257876303682,0.642366819582042,0.82625756510221,20.0,HIC,
PLM_ESM1B_PCA8,Ridge,raw,2,2,0.2091992689462182,-0.01622466606770155,0.5168449015468625,0.7803502702325846,34.0,HIC,
PLM_ESM1B_PCA8,SVR_RBF,raw,2,2,-0.08847799614306817,-0.17937969040556168,0.616426577287518,0.9330525486460632,34.0,HIC,
PLM_ESM1B_PCA8,KRR,raw,2,2,-0.22264670186606275,-0.009461312931978135,9.417308865304925,9.44714081380755,34.0,HIC,
PLM_ESM1B_PCA16,Ridge,raw,2,2,0.19498777733774608,0.10841700445169598,0.4910476513136023,0.7729452833847531,34.0,HIC,
PLM_ESM1B_PCA16,SVR_RBF,raw,2,2,0.0336185822996114,-0.061524865751348676,0.556415387148301,0.8580583016513392,34.0,HIC,
PLM_ESM1B_PCA16,KRR,raw,2,2,0.05134474387577013,-0.15910645029977824,9.417470588109897,9.447301282758913,34.0,HIC,
PLM_ESM1B_PCA32,Ridge,raw,2,2,0.2622249419369689,0.2434415511475441,0.5371075439394835,0.7711956279135799,34.0,HIC,
PLM_ESM1B_PCA32,SVR_RBF,raw,2,2,0.24434596862308466,0.18415259762295838,0.49742137421880367,0.7743136996525216,34.0,HIC,
PLM_ESM1B_PCA32,KRR,raw,2,2,0.11628973240911035,-0.16212717804713886,9.417470586166608,9.447301280923325,34.0,HIC,
PLM_ESM1B_PCA64,Ridge,raw,2,2,0.46118582445557815,0.400584971379078,0.5125526705468753,0.7532516152748081,34.0,HIC,
PLM_ESM1B_PCA64,SVR_RBF,raw,2,2,0.35406479630999826,0.28043688923161997,0.4477916528906614,0.7335910271672821,34.0,HIC,
PLM_ESM1B_PCA64,KRR,raw,2,2,0.0890892430939702,-0.15643125137994945,9.41747020685419,9.447300924344079,34.0,HIC,
PLM_ESM1B_PLS2,PLS,raw,2,2,0.22264670186606275,0.1714597497329462,0.4809237733964878,0.7909983709173393,34.0,HIC,
PLM_ESM1B_PLS4,PLS,raw,2,2,0.39303178943000233,0.35583243301476863,0.500037263970137,0.7484158608199688,34.0,HIC,
PLM_ESM1B_PLS8,PLS,raw,2,2,0.31066626279595444,0.3822173244430507,0.5755559766003495,0.8081140625796345,34.0,HIC,
PLM_ESM1B_PLS16,PLS,raw,2,2,0.20644865766715906,0.30705369428697404,0.6550765068874587,0.8479046303191096,34.0,HIC,
PLM_ESM1B_PCA8,Ridge,raw,2,3,0.3638655462184874,0.3750601484495523,0.47362217205503776,0.7166792599340762,35.0,HIC,
PLM_ESM1B_PCA8,SVR_RBF,raw,2,3,0.1739495798319328,0.40366681107387525,0.5224041080686069,0.723436059878019,35.0,HIC,
PLM_ESM1B_PCA8,KRR,raw,2,3,0.015126050420168069,0.22727463873239379,9.38363031581414,9.414007040179575,35.0,HIC,
PLM_ESM1B_PCA16,Ridge,raw,2,3,0.3568627450980392,0.3951430104031671,0.49251167816298796,0.6971256962030065,35.0,HIC,
PLM_ESM1B_PCA16,SVR_RBF,raw,2,3,0.357703081232493,0.4650213706090466,0.5159092565256942,0.672647083805614,35.0,HIC,
PLM_ESM1B_PCA16,KRR,raw,2,3,-0.04257703081232493,-0.0837606514913276,9.383657137920693,9.41403641204569,35.0,HIC,
PLM_ESM1B_PCA32,Ridge,raw,2,3,0.41372549019607846,0.3545731578522575,0.5126134515265468,0.7449819798321449,35.0,HIC,
PLM_ESM1B_PCA32,SVR_RBF,raw,2,3,0.5100840336134455,0.45854780809594764,0.462334540798965,0.6722668059504312,35.0,HIC,
PLM_ESM1B_PCA32,KRR,raw,2,3,-0.19187675070028015,-0.14343654128848954,9.383657139619203,9.414036413714593,35.0,HIC,
PLM_ESM1B_PCA64,Ridge,raw,2,3,0.7218487394957984,0.61412580567333,0.4080612371280096,0.601661617989015,35.0,HIC,
PLM_ESM1B_PCA64,SVR_RBF,raw,2,3,0.6266106442577032,0.6014402216775794,0.40298249851352624,0.6143974214943368,35.0,HIC,
PLM_ESM1B_PCA64,KRR,raw,2,3,-0.24005602240896362,-0.13228248888285324,9.383656658688349,9.414035951917716,35.0,HIC,
PLM_ESM1B_PLS2,PLS,raw,2,3,0.45798319327731096,0.5137406458603639,0.45332567522774697,0.6885769997612771,35.0,HIC,
PLM_ESM1B_PLS4,PLS,raw,2,3,0.6529411764705884,0.5155300262777524,0.45873254664251645,0.6555939569949105,35.0,HIC,
PLM_ESM1B_PLS8,PLS,raw,2,3,0.735014005602241,0.6892169966644933,0.4356670102613332,0.5552182104815249,35.0,HIC,
PLM_ESM1B_PLS16,PLS,raw,2,3,0.6434173669467788,0.6607166285243611,0.5349480995826296,0.6407185586825128,35.0,HIC,
PLM_ESM1B_PCA8,Ridge,raw,2,4,0.04000768528754871,0.05017158623285989,0.701951772171253,1.0557990440511231,50.0,HIC,
PLM_ESM1B_PCA8,SVR_RBF,raw,2,4,0.06344556094219908,0.11145912543724235,0.6980288109155756,1.076000699272375,50.0,HIC,
PLM_ESM1B_PCA8,KRR,raw,2,4,0.2610825656940153,0.2116868673627004,9.443239991880388,9.493614630172566,50.0,HIC,
PLM_ESM1B_PCA16,Ridge,raw,2,4,-0.03491667131338284,0.026536762376715588,0.7191306321485232,1.0445538601328188,50.0,HIC,
PLM_ESM1B_PCA16,SVR_RBF,raw,2,4,0.11392344478039079,0.2361760915525492,0.6830258559567262,0.9665219313981109,50.0,HIC,
PLM_ESM1B_PCA16,KRR,raw,2,4,0.15513184091090312,-0.08501100496753122,9.443239999995363,9.493614639320285,50.0,HIC,
PLM_ESM1B_PCA32,Ridge,raw,2,4,0.14840786019030672,0.3004084355785536,0.7118472121314096,0.9468949178850625,50.0,HIC,
PLM_ESM1B_PCA32,SVR_RBF,raw,2,4,0.13284664766549786,0.2606973200854288,0.6758841140640243,0.9498185808392897,50.0,HIC,
PLM_ESM1B_PCA32,KRR,raw,2,4,0.08404975900745526,-0.037846073584138155,9.443239999984657,9.493614639309705,50.0,HIC,
PLM_ESM1B_PCA64,Ridge,raw,2,4,0.28279141773479805,0.4382001888984669,0.6596179967513608,0.87836611692925,50.0,HIC,
PLM_ESM1B_PCA64,SVR_RBF,raw,2,4,0.1917295074044351,0.32962479621311236,0.6690409688059401,0.9224061490638683,50.0,HIC,
PLM_ESM1B_PCA64,KRR,raw,2,4,0.06834446118149076,-0.04574622784870837,9.44323991851779,9.493614560431654,50.0,HIC,
PLM_ESM1B_PLS2,PLS,raw,2,4,0.056193267450698664,0.21298384755249386,0.7237486339352064,0.9998087867703254,50.0,HIC,
PLM_ESM1B_PLS4,PLS,raw,2,4,0.2426396471460937,0.39450098839902537,0.6846959976123665,0.9007663593188122,50.0,HIC,
PLM_ESM1B_PLS8,PLS,raw,2,4,0.3578118312031667,0.5056896736225976,0.6565512341073763,0.8437310801174719,50.0,HIC,
PLM_ESM1B_PLS16,PLS,raw,2,4,0.3582440871066336,0.4822006137846055,0.6811763809318572,0.8594446609355488,50.0,HIC,
PLM_ESM1B_PCA8,Ridge,raw,3,0,0.3638655462184874,0.3750601484495523,0.47362217205503776,0.7166792599340762,35.0,HIC,
PLM_ESM1B_PCA8,SVR_RBF,raw,3,0,0.1739495798319328,0.40366681107387525,0.5224041080686069,0.723436059878019,35.0,HIC,
PLM_ESM1B_PCA8,KRR,raw,3,0,0.015126050420168069,0.22727463873239379,9.38363031581414,9.414007040179575,35.0,HIC,
PLM_ESM1B_PCA16,Ridge,raw,3,0,0.3568627450980392,0.3951430104031671,0.49251167816298796,0.6971256962030065,35.0,HIC,
PLM_ESM1B_PCA16,SVR_RBF,raw,3,0,0.357703081232493,0.4650213706090466,0.5159092565256942,0.672647083805614,35.0,HIC,
PLM_ESM1B_PCA16,KRR,raw,3,0,-0.04257703081232493,-0.0837606514913276,9.383657137920693,9.41403641204569,35.0,HIC,
PLM_ESM1B_PCA32,Ridge,raw,3,0,0.41372549019607846,0.3545731578522575,0.5126134515265468,0.7449819798321449,35.0,HIC,
PLM_ESM1B_PCA32,SVR_RBF,raw,3,0,0.5100840336134455,0.45854780809594764,0.462334540798965,0.6722668059504312,35.0,HIC,
PLM_ESM1B_PCA32,KRR,raw,3,0,-0.19187675070028015,-0.14343654128848954,9.383657139619203,9.414036413714593,35.0,HIC,
PLM_ESM1B_PCA64,Ridge,raw,3,0,0.7218487394957984,0.61412580567333,0.4080612371280096,0.601661617989015,35.0,HIC,
PLM_ESM1B_PCA64,SVR_RBF,raw,3,0,0.6266106442577032,0.6014402216775794,0.40298249851352624,0.6143974214943368,35.0,HIC,
PLM_ESM1B_PCA64,KRR,raw,3,0,-0.24005602240896362,-0.13228248888285324,9.383656658688349,9.414035951917716,35.0,HIC,
PLM_ESM1B_PLS2,PLS,raw,3,0,0.45798319327731096,0.5137406458603639,0.45332567522774697,0.6885769997612771,35.0,HIC,
PLM_ESM1B_PLS4,PLS,raw,3,0,0.6529411764705884,0.5155300262777524,0.45873254664251645,0.6555939569949105,35.0,HIC,
PLM_ESM1B_PLS8,PLS,raw,3,0,0.735014005602241,0.6892169966644933,0.4356670102613332,0.5552182104815249,35.0,HIC,
PLM_ESM1B_PLS16,PLS,raw,3,0,0.6434173669467788,0.6607166285243611,0.5349480995826296,0.6407185586825128,35.0,HIC,
PLM_ESM1B_PCA8,Ridge,raw,3,1,0.03636919357867051,-0.1401124144199255,0.5401750503079022,0.8169694508276422,34.0,HIC,
PLM_ESM1B_PCA8,SVR_RBF,raw,3,1,0.005501222558118228,-0.10068925375681957,0.5909278355020253,0.9115783394831123,34.0,HIC,
PLM_ESM1B_PCA8,KRR,raw,3,1,-0.06708435286149729,-0.009438727330248094,9.41734131744905,9.447173005729447,34.0,HIC,
PLM_ESM1B_PCA16,Ridge,raw,3,1,0.24190098081947656,0.11747105107613964,0.4792328887534478,0.7700792195776743,34.0,HIC,
PLM_ESM1B_PCA16,SVR_RBF,raw,3,1,0.09092298394667628,-0.09046444045000968,0.539443340230149,0.8851896745533802,34.0,HIC,
PLM_ESM1B_PCA16,KRR,raw,3,1,0.21806234973429756,-0.04848845920719331,9.417470588233286,9.447301282873044,34.0,HIC,
PLM_ESM1B_PCA32,Ridge,raw,3,1,0.3305317887002702,0.29905906155628487,0.5262285071158833,0.7442701746715129,34.0,HIC,
PLM_ESM1B_PCA32,SVR_RBF,raw,3,1,0.251680932033909,0.17171815918413608,0.5152633455294254,0.7780155974117582,34.0,HIC,
PLM_ESM1B_PCA32,KRR,raw,3,1,0.2217298314397097,-0.09471518300863263,9.417470587212573,9.447301281899184,34.0,HIC,
PLM_ESM1B_PCA64,Ridge,raw,3,1,0.46149144793102914,0.4162747177792396,0.5172642799794512,0.7470919275473398,34.0,HIC,
PLM_ESM1B_PCA64,SVR_RBF,raw,3,1,0.337713940373369,0.2776548070673293,0.4555759398996057,0.734066960604705,34.0,HIC,
PLM_ESM1B_PCA64,KRR,raw,3,1,0.18902811956645135,0.017332000423485622,9.417470524721237,9.447301219240686,34.0,HIC,
PLM_ESM1B_PLS2,PLS,raw,3,1,0.144254280412878,0.09383893308061605,0.5035475722429337,0.8103743517861385,34.0,HIC,
PLM_ESM1B_PLS4,PLS,raw,3,1,0.503361864067818,0.44113307341216074,0.46914593896086815,0.716104233187578,34.0,HIC,
PLM_ESM1B_PLS8,PLS,raw,3,1,0.2409841103931235,0.35995952728498826,0.5793121852617683,0.8113513138230486,34.0,HIC,
PLM_ESM1B_PLS16,PLS,raw,3,1,0.1543398551027614,0.2716415826747509,0.6451885838655789,0.8539690923968422,34.0,HIC,
PLM_ESM1B_PCA8,Ridge,raw,3,2,-0.04822054745342005,0.022072790785812244,0.7152639137685106,1.062758898890495,50.0,HIC,
PLM_ESM1B_PCA8,SVR_RBF,raw,3,2,0.08275299129705452,0.1073685311087768,0.7095845027206498,1.0705443237645975,50.0,HIC,
PLM_ESM1B_PCA8,KRR,raw,3,2,0.184861441382683,0.2232896586546722,9.443239955639799,9.493614588223851,50.0,HIC,
PLM_ESM1B_PCA16,Ridge,raw,3,2,-0.07819029009379266,0.024084858596720347,0.7274894469507703,1.043150406380951,50.0,HIC,
PLM_ESM1B_PCA16,SVR_RBF,raw,3,2,0.08438595804348509,0.23219947401985094,0.6939833997362642,0.971852381869821,50.0,HIC,
PLM_ESM1B_PCA16,KRR,raw,3,2,0.08645118069338256,-0.051247738347171334,9.443239999994155,9.493614639319016,50.0,HIC,
PLM_ESM1B_PCA32,Ridge,raw,3,2,0.08717160719916074,0.27025125184799587,0.7294212384047934,0.9620812811954155,50.0,HIC,
PLM_ESM1B_PCA32,SVR_RBF,raw,3,2,0.09476009972669099,0.2547700196011154,0.6829428954282443,0.9531232992748917,50.0,HIC,
PLM_ESM1B_PCA32,KRR,raw,3,2,0.026127467942888952,-0.07220857393634171,9.443239999986549,9.493614639311694,50.0,HIC,
PLM_ESM1B_PCA64,Ridge,raw,3,2,0.29062005243092104,0.4272285368259062,0.6662494995280293,0.8843309225706301,50.0,HIC,
PLM_ESM1B_PCA64,SVR_RBF,raw,3,2,0.16843571705094035,0.3205383233479923,0.6715945287206461,0.9257535696814742,50.0,HIC,
PLM_ESM1B_PCA64,KRR,raw,3,2,0.03419624480760465,-0.06903479446268702,9.443239941791877,9.493614583374319,50.0,HIC,
PLM_ESM1B_PLS2,PLS,raw,3,2,0.021228567703597268,0.19542887117600324,0.7353085228640617,1.0073559737625288,50.0,HIC,
PLM_ESM1B_PLS4,PLS,raw,3,2,0.21896162932285057,0.3787054366937309,0.7011002283357854,0.9098927322037749,50.0,HIC,
PLM_ESM1B_PLS8,PLS,raw,3,2,0.3104077671229619,0.47717114248986187,0.670254142772206,0.8614227946273707,50.0,HIC,
PLM_ESM1B_PLS16,PLS,raw,3,2,0.31247298977285937,0.4489804049303143,0.697159374844534,0.8817251784255417,50.0,HIC,
PLM_ESM1B_PCA8,Ridge,raw,3,3,0.20150375939849624,0.32844903406326,0.4766089041229412,0.6274240119293818,20.0,HIC,
PLM_ESM1B_PCA8,SVR_RBF,raw,3,3,0.2150375939849624,0.45486283476624995,0.5223265464534628,0.6486291637169831,20.0,HIC,
PLM_ESM1B_PCA8,KRR,raw,3,3,-0.22255639097744356,-0.26195788772113726,9.341249032100787,9.364807284078001,20.0,HIC,
PLM_ESM1B_PCA16,Ridge,raw,3,3,0.34285714285714286,0.5831840873240683,0.44574689654867894,0.5470573718979101,20.0,HIC,
PLM_ESM1B_PCA16,SVR_RBF,raw,3,3,0.5624060150375939,0.5477257939772125,0.4406663399060745,0.5782526653352325,20.0,HIC,
PLM_ESM1B_PCA16,KRR,raw,3,3,-0.393984962406015,0.19388767387215897,9.341249998892701,9.36480819495543,20.0,HIC,
PLM_ESM1B_PCA32,Ridge,raw,3,3,0.30977443609022554,0.33983393280186525,0.4851593251481252,0.651106236638621,20.0,HIC,
PLM_ESM1B_PCA32,SVR_RBF,raw,3,3,0.44360902255639095,0.3973150621165118,0.4897265469973739,0.6272835627320285,20.0,HIC,
PLM_ESM1B_PCA32,KRR,raw,3,3,-0.34285714285714286,-0.22071460979949684,9.341249980163143,9.364808177411982,20.0,HIC,
PLM_ESM1B_PCA64,Ridge,raw,3,3,0.7714285714285714,0.6121855215577238,0.41197923810955056,0.532791958821493,20.0,HIC,
PLM_ESM1B_PCA64,SVR_RBF,raw,3,3,0.49022556390977434,0.43370840074621225,0.49387876122860563,0.6030605184037151,20.0,HIC,
PLM_ESM1B_PCA64,KRR,raw,3,3,-0.4496240601503759,-0.2131880223522217,9.341249429552894,9.364807655936312,20.0,HIC,
PLM_ESM1B_PLS2,PLS,raw,3,3,0.5593984962406015,0.5092573408854056,0.4280234665606435,0.5728900114352015,20.0,HIC,
PLM_ESM1B_PLS4,PLS,raw,3,3,0.512781954887218,0.5426783325917927,0.45580174661093886,0.5942100198005232,20.0,HIC,
PLM_ESM1B_PLS8,PLS,raw,3,3,0.5593984962406015,0.3898023454366561,0.59106726330504,0.769074834938336,20.0,HIC,
PLM_ESM1B_PLS16,PLS,raw,3,3,0.5293233082706766,0.3690257876303682,0.642366819582042,0.82625756510221,20.0,HIC,
PLM_ESM1B_PCA8,Ridge,raw,3,4,0.1650197628458498,0.07152438381520872,0.511381063028123,0.6713816356621611,23.0,HIC,
PLM_ESM1B_PCA8,SVR_RBF,raw,3,4,0.35474308300395263,0.3589899480964738,0.5984529864245218,0.7917581941756969,23.0,HIC,
PLM_ESM1B_PCA8,KRR,raw,3,4,-0.05731225296442688,-0.15553344676799902,9.31734947421252,9.339595426379647,23.0,HIC,
PLM_ESM1B_PCA16,Ridge,raw,3,4,0.25691699604743085,0.26269301192979844,0.5389447268044215,0.6553756788141153,23.0,HIC,
PLM_ESM1B_PCA16,SVR_RBF,raw,3,4,0.4100790513833992,0.41002015670900843,0.5252317904328035,0.712026653971548,23.0,HIC,
PLM_ESM1B_PCA16,KRR,raw,3,4,-0.25,-0.14766432994021259,9.317565216738087,9.339799787746795,23.0,HIC,
PLM_ESM1B_PCA32,Ridge,raw,3,4,0.48517786561264825,0.4337750882956378,0.47891962950579,0.6097343663304174,23.0,HIC,
PLM_ESM1B_PCA32,SVR_RBF,raw,3,4,0.4940711462450593,0.4101320156815595,0.5383770910593573,0.6762415681759187,23.0,HIC,
PLM_ESM1B_PCA32,KRR,raw,3,4,-0.316205533596838,-0.20305170983625934,9.31756521572103,9.339799786809897,23.0,HIC,
PLM_ESM1B_PCA64,Ridge,raw,3,4,0.3745059288537549,0.1832680166346073,0.6121999642004651,0.7713108660688932,23.0,HIC,
PLM_ESM1B_PCA64,SVR_RBF,raw,3,4,0.39328063241106714,0.30024955447846413,0.5664204339822456,0.7079119731038714,23.0,HIC,
PLM_ESM1B_PCA64,KRR,raw,3,4,-0.34584980237154156,-0.2048006145917294,9.317564751014439,9.339799350492383,23.0,HIC,
PLM_ESM1B_PLS2,PLS,raw,3,4,0.10276679841897234,0.08671150461786264,0.6021289700160953,0.7675385096736966,23.0,HIC,
PLM_ESM1B_PLS4,PLS,raw,3,4,0.40217391304347827,0.32338487944367295,0.5578279963228491,0.704184536242744,23.0,HIC,
PLM_ESM1B_PLS8,PLS,raw,3,4,0.12944664031620554,0.10619868462202123,0.6722307300834284,0.8469023887481544,23.0,HIC,
PLM_ESM1B_PLS16,PLS,raw,3,4,0.10968379446640317,0.12096314744147352,0.7939423581574138,0.968459360504989,23.0,HIC,
FUSION_ESM2_BIO,Ridge_grid,raw,0,0,0.6893557422969188,0.7690424446955728,0.409474276315452,0.5307123627052217,35.0,HIC,
FUSION_ESM2_BIO,ElasticNet,raw,0,0,0.7635854341736695,0.778631116360907,0.3932324407543341,0.4949623372598383,35.0,HIC,
FUSION_ESM2_BIO,Ridge_grid,raw,0,1,0.29523227728567825,0.16577833223151656,0.48128698804036446,0.790182108288671,34.0,HIC,
FUSION_ESM2_BIO,ElasticNet,raw,0,1,0.22539731314512185,0.07592462989662963,0.5402912782353132,0.8834500250834445,34.0,HIC,
FUSION_ESM2_BIO,Ridge_grid,raw,0,2,0.4090225563909774,0.17705403950546994,0.6088456456195261,0.943476978681007,20.0,HIC,
FUSION_ESM2_BIO,ElasticNet,raw,0,2,0.4451127819548871,0.21586318847910194,0.4666094919788475,0.7688210077512421,20.0,HIC,
FUSION_ESM2_BIO,Ridge_grid,raw,0,3,0.3112648221343874,0.27177013699756875,0.5494441685884,0.7159514879398168,23.0,HIC,
FUSION_ESM2_BIO,ElasticNet,raw,0,3,0.2934782608695652,0.21024265975648893,0.6305853388119353,0.796234974640956,23.0,HIC,
FUSION_ESM2_BIO,Ridge_grid,raw,0,4,0.47384852706717345,0.474789245532123,0.636158844336783,0.8647512998763145,50.0,HIC,
FUSION_ESM2_BIO,ElasticNet,raw,0,4,0.3037318148360841,0.3728382897096876,0.6752946502564798,0.9228854154657921,50.0,HIC,
FUSION_ESM2_BIO,Ridge_grid,raw,1,0,0.28927261951438354,0.16847422606908694,0.4853227239374308,0.7825909002309893,34.0,HIC,
FUSION_ESM2_BIO,ElasticNet,raw,1,0,0.2509168733452814,0.06310041817711728,0.5437271541416129,0.8715846431008926,34.0,HIC,
FUSION_ESM2_BIO,Ridge_grid,raw,1,1,0.3954887218045112,0.1666554122850728,0.6129738133224613,0.9425696871928125,20.0,HIC,
FUSION_ESM2_BIO,ElasticNet,raw,1,1,0.4796992481203006,0.2943501944630491,0.4520527178100776,0.7574684138781226,20.0,HIC,
FUSION_ESM2_BIO,Ridge_grid,raw,1,2,0.47384852706717345,0.474789245532123,0.636158844336783,0.8647512998763145,50.0,HIC,
FUSION_ESM2_BIO,ElasticNet,raw,1,2,0.3037318148360841,0.3728382897096876,0.6752946502564798,0.9228854154657921,50.0,HIC,
FUSION_ESM2_BIO,Ridge_grid,raw,1,3,0.6893557422969188,0.7690424446955728,0.409474276315452,0.5307123627052217,35.0,HIC,
FUSION_ESM2_BIO,ElasticNet,raw,1,3,0.7635854341736695,0.778631116360907,0.3932324407543341,0.4949623372598383,35.0,HIC,
FUSION_ESM2_BIO,Ridge_grid,raw,1,4,0.291501976284585,0.298129589704927,0.5379492294217318,0.6984255805474646,23.0,HIC,
FUSION_ESM2_BIO,ElasticNet,raw,1,4,0.3023715415019763,0.2779645680053751,0.5733481901239055,0.7308797521646403,23.0,HIC,
FUSION_ESM2_BIO,Ridge_grid,raw,2,0,0.3290513833992095,0.2795719428748802,0.5412727322031745,0.7067220528939178,23.0,HIC,
FUSION_ESM2_BIO,ElasticNet,raw,2,0,0.283596837944664,0.17665819140078354,0.6324135615497956,0.8036090678828824,23.0,HIC,
FUSION_ESM2_BIO,Ridge_grid,raw,2,1,0.3609022556390977,0.18823230850024508,0.5958925302146124,0.8732496077386402,20.0,HIC,
FUSION_ESM2_BIO,ElasticNet,raw,2,1,0.44360902255639095,0.23033686235570544,0.49349811560995044,0.8107391284498386,20.0,HIC,
FUSION_ESM2_BIO,Ridge_grid,raw,2,2,0.26650367059328306,0.1603491750292138,0.48809380305882116,0.7970674392871138,34.0,HIC,
FUSION_ESM2_BIO,ElasticNet,raw,2,2,0.2301344770146126,0.09524561167474413,0.5311308143742802,0.8739168720661381,34.0,HIC,
FUSION_ESM2_BIO,Ridge_grid,raw,2,3,0.6893557422969188,0.7690424446955728,0.409474276315452,0.5307123627052217,35.0,HIC,
FUSION_ESM2_BIO,ElasticNet,raw,2,3,0.7635854341736695,0.778631116360907,0.3932324407543341,0.4949623372598383,35.0,HIC,
FUSION_ESM2_BIO,Ridge_grid,raw,2,4,0.37807983023239305,0.4671833541309457,0.6587672631703129,0.8840576332391299,50.0,HIC,
FUSION_ESM2_BIO,ElasticNet,raw,2,4,0.2713126220760656,0.38054619815099266,0.6908676533171345,0.9279767801869435,50.0,HIC,
FUSION_ESM2_BIO,Ridge_grid,raw,3,0,0.6893557422969188,0.7690424446955728,0.409474276315452,0.5307123627052217,35.0,HIC,
FUSION_ESM2_BIO,ElasticNet,raw,3,0,0.7635854341736695,0.778631116360907,0.3932324407543341,0.4949623372598383,35.0,HIC,
FUSION_ESM2_BIO,Ridge_grid,raw,3,1,0.3059290989264637,0.17110617676916395,0.4776307821288839,0.7889691166552981,34.0,HIC,
FUSION_ESM2_BIO,ElasticNet,raw,3,1,0.22493887793194536,0.07678314776886219,0.5409426472935512,0.8828768568485066,34.0,HIC,
FUSION_ESM2_BIO,Ridge_grid,raw,3,2,0.4577590017714606,0.49204232897990685,0.624194103660062,0.8610938370316991,50.0,HIC,
FUSION_ESM2_BIO,ElasticNet,raw,3,2,0.34734163265252366,0.40597998898581944,0.6719228381858275,0.9107449526441215,50.0,HIC,
FUSION_ESM2_BIO,Ridge_grid,raw,3,3,0.3609022556390977,0.18823230850024508,0.5958925302146124,0.8732496077386402,20.0,HIC,
FUSION_ESM2_BIO,ElasticNet,raw,3,3,0.44360902255639095,0.23033686235570544,0.49349811560995044,0.8107391284498386,20.0,HIC,
FUSION_ESM2_BIO,Ridge_grid,raw,3,4,0.316205533596838,0.27464235687457694,0.5422221055844766,0.706165073426325,23.0,HIC,
FUSION_ESM2_BIO,ElasticNet,raw,3,4,0.3092885375494071,0.17258763130645527,0.6335423152830363,0.8015433075487107,23.0,HIC,
FUSION_ESM2_SEQ,Ridge_grid,raw,0,0,0.7708683473389356,0.7858588187700903,0.33933134217798305,0.5035041531494576,35.0,HIC,
FUSION_ESM2_SEQ,ElasticNet,raw,0,0,0.7498599439775911,0.7795883371058618,0.357115883517243,0.4803831261441489,35.0,HIC,
FUSION_ESM2_SEQ,Ridge_grid,raw,0,1,0.30058068810607097,0.17594885735630836,0.47185275436946084,0.7911499224316934,34.0,HIC,
FUSION_ESM2_SEQ,ElasticNet,raw,0,1,0.2334963352445737,0.10270416305809651,0.5334116885507658,0.8889440722002813,34.0,HIC,
FUSION_ESM2_SEQ,Ridge_grid,raw,0,2,0.312781954887218,0.14065507566383983,0.6515193711172065,0.9567318016062818,20.0,HIC,
FUSION_ESM2_SEQ,ElasticNet,raw,0,2,0.4781954887218045,0.28443725575686923,0.49347345372283274,0.7211127952016464,20.0,HIC,
FUSION_ESM2_SEQ,Ridge_grid,raw,0,3,0.424901185770751,0.2898297599106838,0.5389928268062599,0.7219654338046413,23.0,HIC,
FUSION_ESM2_SEQ,ElasticNet,raw,0,3,0.2608695652173913,0.12997775171718529,0.6915463908859837,0.9315987033423627,23.0,HIC,
FUSION_ESM2_SEQ,Ridge_grid,raw,0,4,0.4270208041915913,0.48456131290974697,0.628111399113938,0.8593277881081569,50.0,HIC,
FUSION_ESM2_SEQ,ElasticNet,raw,0,4,0.2734739015934002,0.37302803330638323,0.6642968814756617,0.9199629293004149,50.0,HIC,
FUSION_ESM2_SEQ,Ridge_grid,raw,1,0,0.30272005243422806,0.178315917805181,0.4764484487347586,0.7849037293807345,34.0,HIC,
FUSION_ESM2_SEQ,ElasticNet,raw,1,0,0.2432762864590061,0.08987508536687458,0.5336197045948715,0.8833524738553387,34.0,HIC,
FUSION_ESM2_SEQ,Ridge_grid,raw,1,1,0.33233082706766914,0.1419207325933582,0.656766977139418,0.9590510800745866,20.0,HIC,
FUSION_ESM2_SEQ,ElasticNet,raw,1,1,0.5383458646616541,0.36367494582944704,0.5091157120250582,0.7276834135308302,20.0,HIC,
FUSION_ESM2_SEQ,Ridge_grid,raw,1,2,0.4270208041915913,0.48456131290974697,0.628111399113938,0.8593277881081569,50.0,HIC,
FUSION_ESM2_SEQ,ElasticNet,raw,1,2,0.2734739015934002,0.37302803330638323,0.6642968814756617,0.9199629293004149,50.0,HIC,
FUSION_ESM2_SEQ,Ridge_grid,raw,1,3,0.7708683473389356,0.7858588187700903,0.33933134217798305,0.5035041531494576,35.0,HIC,
FUSION_ESM2_SEQ,ElasticNet,raw,1,3,0.7498599439775911,0.7795883371058618,0.357115883517243,0.4803831261441489,35.0,HIC,
FUSION_ESM2_SEQ,Ridge_grid,raw,1,4,0.4258893280632411,0.2959626441916,0.5446607511941849,0.7266564651405051,23.0,HIC,
FUSION_ESM2_SEQ,ElasticNet,raw,1,4,0.1600790513833992,0.11499471376860787,0.8058762903053583,1.2078527250049234,23.0,HIC,
FUSION_ESM2_SEQ,Ridge_grid,raw,2,0,0.46245059288537554,0.29640565040504235,0.5311239436707387,0.7110869516327247,23.0,HIC,
FUSION_ESM2_SEQ,ElasticNet,raw,2,0,0.18280632411067196,0.09201642956184466,0.6863254806763456,0.9405746875516378,23.0,HIC,
FUSION_ESM2_SEQ,Ridge_grid,raw,2,1,0.27518796992481204,0.11624387023768408,0.6937687782565086,0.987569033233694,20.0,HIC,
FUSION_ESM2_SEQ,ElasticNet,raw,2,1,0.5037593984962406,0.34269707176095454,0.5274728593970777,0.7584781374155891,20.0,HIC,
FUSION_ESM2_SEQ,Ridge_grid,raw,2,2,0.2836185852185398,0.17333030782805614,0.47892489727424037,0.7983232362372025,34.0,HIC,
FUSION_ESM2_SEQ,ElasticNet,raw,2,2,0.2434290981967316,0.13924126154577796,0.5104833030539855,0.875014413875689,34.0,HIC,
FUSION_ESM2_SEQ,Ridge_grid,raw,2,3,0.7708683473389356,0.7858588187700903,0.33933134217798305,0.5035041531494576,35.0,HIC,
FUSION_ESM2_SEQ,ElasticNet,raw,2,3,0.7498599439775911,0.7795883371058618,0.357115883517243,0.4803831261441489,35.0,HIC,
FUSION_ESM2_SEQ,Ridge_grid,raw,2,4,0.37418952710119086,0.47686405593523534,0.6438310612194964,0.8752095885835187,50.0,HIC,
FUSION_ESM2_SEQ,ElasticNet,raw,2,4,0.24614572280754754,0.38356606171838914,0.6558804975515582,0.9152204849533463,50.0,HIC,
FUSION_ESM2_SEQ,Ridge_grid,raw,3,0,0.7708683473389356,0.7858588187700903,0.33933134217798305,0.5035041531494576,35.0,HIC,
FUSION_ESM2_SEQ,ElasticNet,raw,3,0,0.7498599439775911,0.7795883371058618,0.357115883517243,0.4803831261441489,35.0,HIC,
FUSION_ESM2_SEQ,Ridge_grid,raw,3,1,0.3076100280414443,0.18306301275999243,0.46694557102192347,0.789738685660467,34.0,HIC,
FUSION_ESM2_SEQ,ElasticNet,raw,3,1,0.2385391225895154,0.11552565600250675,0.5361151284962772,0.8881091752290283,34.0,HIC,
FUSION_ESM2_SEQ,Ridge_grid,raw,3,2,0.41890399889315705,0.49797969437850054,0.612235012948745,0.8494878904408417,50.0,HIC,
FUSION_ESM2_SEQ,ElasticNet,raw,3,2,0.2999375685723189,0.39824378300518626,0.669712067686591,0.9132765340647613,50.0,HIC,
FUSION_ESM2_SEQ,Ridge_grid,raw,3,3,0.27518796992481204,0.11624387023768408,0.6937687782565086,0.987569033233694,20.0,HIC,
FUSION_ESM2_SEQ,ElasticNet,raw,3,3,0.5037593984962406,0.34269707176095454,0.5274728593970777,0.7584781374155891,20.0,HIC,
FUSION_ESM2_SEQ,Ridge_grid,raw,3,4,0.46047430830039526,0.2958381609002082,0.5299132220170442,0.7093504236265112,23.0,HIC,
FUSION_ESM2_SEQ,ElasticNet,raw,3,4,0.1808300395256917,0.08311739942938312,0.703172087185834,0.9499840719402406,23.0,HIC,
FUSION_ESM2_ESMFN,Ridge_grid,raw,0,0,0.8151260504201682,0.8210382162744525,0.3175654970770502,0.4617071535154942,35.0,HIC,
FUSION_ESM2_ESMFN,ElasticNet,raw,0,0,0.7829131652661065,0.7980241174845657,0.35493792141486863,0.4579882867947343,35.0,HIC,
FUSION_ESM2_ESMFN,Ridge_grid,raw,0,1,0.28346577348081425,0.17590988849664602,0.47400199686458394,0.7875129563386998,34.0,HIC,
FUSION_ESM2_ESMFN,ElasticNet,raw,0,1,0.3352689525697609,0.13715421288139412,0.48044008887184864,0.8610852758535946,34.0,HIC,
FUSION_ESM2_ESMFN,Ridge_grid,raw,0,2,0.29774436090225564,0.11579266813608977,0.5577560565780809,0.8289558919661424,20.0,HIC,
FUSION_ESM2_ESMFN,ElasticNet,raw,0,2,0.4631578947368421,0.2508711170659236,0.4831702451368435,0.7331788603029027,20.0,HIC,
FUSION_ESM2_ESMFN,Ridge_grid,raw,0,3,0.39624505928853754,0.33350663338311903,0.5440592783284973,0.6890670218062221,23.0,HIC,
FUSION_ESM2_ESMFN,ElasticNet,raw,0,3,0.38142292490118584,0.23997397737175524,0.6304530967231139,0.8124444996181949,23.0,HIC,
FUSION_ESM2_ESMFN,Ridge_grid,raw,0,4,0.509005340549149,0.5305593773464458,0.6058451684768206,0.8279354033321907,50.0,HIC,
FUSION_ESM2_ESMFN,ElasticNet,raw,0,4,0.4903222798326347,0.4682240966356517,0.6561043005005065,0.8679720044229432,50.0,HIC,
FUSION_ESM2_ESMFN,Ridge_grid,raw,1,0,0.2672677292819106,0.17638387948689635,0.47955578463436455,0.7806372282554697,34.0,HIC,
FUSION_ESM2_ESMFN,ElasticNet,raw,1,0,0.32854523610983866,0.11025759666241147,0.5010805262643224,0.8505786603258467,34.0,HIC,
FUSION_ESM2_ESMFN,Ridge_grid,raw,1,1,0.5744360902255639,0.37863082680026333,0.4177920232931986,0.6409253692727129,20.0,HIC,
FUSION_ESM2_ESMFN,ElasticNet,raw,1,1,0.5022556390977443,0.3073542696581432,0.5042346561484603,0.7368590337824543,20.0,HIC,
FUSION_ESM2_ESMFN,Ridge_grid,raw,1,2,0.509005340549149,0.5305593773464458,0.6058451684768206,0.8279354033321907,50.0,HIC,
FUSION_ESM2_ESMFN,ElasticNet,raw,1,2,0.4903222798326347,0.4682240966356517,0.6561043005005065,0.8679720044229432,50.0,HIC,
FUSION_ESM2_ESMFN,Ridge_grid,raw,1,3,0.8151260504201682,0.8210382162744525,0.3175654970770502,0.4617071535154942,35.0,HIC,
FUSION_ESM2_ESMFN,ElasticNet,raw,1,3,0.7829131652661065,0.7980241174845657,0.35493792141486863,0.4579882867947343,35.0,HIC,
FUSION_ESM2_ESMFN,Ridge_grid,raw,1,4,0.366600790513834,0.36258605664391363,0.5295356827446266,0.6690407842262089,23.0,HIC,
FUSION_ESM2_ESMFN,ElasticNet,raw,1,4,0.47332015810276684,0.33609473324673617,0.561709315310095,0.7382183582352401,23.0,HIC,
FUSION_ESM2_ESMFN,Ridge_grid,raw,2,0,0.4407114624505929,0.3597137685862855,0.5247277740891625,0.671687423435713,23.0,HIC,
FUSION_ESM2_ESMFN,ElasticNet,raw,2,0,0.43280632411067194,0.2516903365084786,0.6206240063029818,0.8002531408035425,23.0,HIC,
FUSION_ESM2_ESMFN,Ridge_grid,raw,2,1,0.24812030075187969,0.0729646004176868,0.6787180039974056,0.9862394856617873,20.0,HIC,
FUSION_ESM2_ESMFN,ElasticNet,raw,2,1,0.47067669172932325,0.2844922130421346,0.5403449172739576,0.7703734487945569,20.0,HIC,
FUSION_ESM2_ESMFN,Ridge_grid,raw,2,2,0.27490831616818595,0.17549544622263566,0.4813112469367597,0.7907458464061953,34.0,HIC,
FUSION_ESM2_ESMFN,ElasticNet,raw,2,2,0.27613081006998996,0.0541496239582705,0.5015088525968342,0.8925222563514585,34.0,HIC,
FUSION_ESM2_ESMFN,Ridge_grid,raw,2,3,0.8151260504201682,0.8210382162744525,0.3175654970770502,0.4617071535154942,35.0,HIC,
FUSION_ESM2_ESMFN,ElasticNet,raw,2,3,0.7829131652661065,0.7980241174845657,0.35493792141486863,0.4579882867947343,35.0,HIC,
FUSION_ESM2_ESMFN,Ridge_grid,raw,2,4,0.4129484731120573,0.5076122811010774,0.6230831271303567,0.8458320189754854,50.0,HIC,
FUSION_ESM2_ESMFN,ElasticNet,raw,2,4,0.3839392991460556,0.43475356453814695,0.6969307723337347,0.8982077731472964,50.0,HIC,
FUSION_ESM2_ESMFN,Ridge_grid,raw,3,0,0.8151260504201682,0.8210382162744525,0.3175654970770502,0.4617071535154942,35.0,HIC,
FUSION_ESM2_ESMFN,ElasticNet,raw,3,0,0.7829131652661065,0.7980241174845657,0.35493792141486863,0.4579882867947343,35.0,HIC,
FUSION_ESM2_ESMFN,Ridge_grid,raw,3,1,0.28316015000536326,0.18057728542015836,0.47316370599186586,0.7873144493380303,34.0,HIC,
FUSION_ESM2_ESMFN,ElasticNet,raw,3,1,0.33557457604521196,0.14193902163324312,0.48511280979915544,0.8585526779216804,34.0,HIC,
FUSION_ESM2_ESMFN,Ridge_grid,raw,3,2,0.5094856248863345,0.5451680466798073,0.5923175294939452,0.8222076135230247,50.0,HIC,
FUSION_ESM2_ESMFN,ElasticNet,raw,3,2,0.4811008205586739,0.476122186554005,0.653599119920288,0.8649114647386624,50.0,HIC,
FUSION_ESM2_ESMFN,Ridge_grid,raw,3,3,0.24812030075187969,0.0729646004176868,0.6787180039974056,0.9862394856617873,20.0,HIC,
FUSION_ESM2_ESMFN,ElasticNet,raw,3,3,0.47067669172932325,0.2844922130421346,0.5403449172739576,0.7703734487945569,20.0,HIC,
FUSION_ESM2_ESMFN,Ridge_grid,raw,3,4,0.3636363636363636,0.3493811152884065,0.5342580214987414,0.6740071702321321,23.0,HIC,
FUSION_ESM2_ESMFN,ElasticNet,raw,3,4,0.4446640316205534,0.2720915654423821,0.614301212843788,0.791225579478167,23.0,HIC,
FUSION_ESM2_BIO_ESMFN,Ridge_grid,raw,0,0,0.8095238095238096,0.8199779172095294,0.3173937489984408,0.4620114783378958,35.0,HIC,
FUSION_ESM2_BIO_ESMFN,ElasticNet,raw,0,0,0.7907563025210085,0.7982177121081314,0.3569866230926997,0.45781284069761186,35.0,HIC,
FUSION_ESM2_BIO_ESMFN,Ridge_grid,raw,0,1,0.2810207856772062,0.17630039177071258,0.47541545863556545,0.7873294367622319,34.0,HIC,
FUSION_ESM2_BIO_ESMFN,ElasticNet,raw,0,1,0.3082212749923463,0.11187451702263101,0.48342781083811853,0.8716926514088199,34.0,HIC,
FUSION_ESM2_BIO_ESMFN,Ridge_grid,raw,0,2,0.4827067669172932,0.3525460018927466,0.43694788807527346,0.6436089779024488,20.0,HIC,
FUSION_ESM2_BIO_ESMFN,ElasticNet,raw,0,2,0.4812030075187969,0.2803268316413329,0.4772451178375331,0.7207291939908584,20.0,HIC,
FUSION_ESM2_BIO_ESMFN,Ridge_grid,raw,0,3,0.39624505928853754,0.3397978989981733,0.541652132432051,0.6866512099486658,23.0,HIC,
FUSION_ESM2_BIO_ESMFN,ElasticNet,raw,0,3,0.38142292490118584,0.24014441587489815,0.6280617184335288,0.8101923754768422,23.0,HIC,
FUSION_ESM2_BIO_ESMFN,Ridge_grid,raw,0,4,0.5101580229583942,0.5345240886235382,0.6042358668839061,0.8254969120251578,50.0,HIC,
FUSION_ESM2_BIO_ESMFN,ElasticNet,raw,0,4,0.4903222798326347,0.4687579505992497,0.6556427374110467,0.8676029065722033,50.0,HIC,
FUSION_ESM2_BIO_ESMFN,Ridge_grid,raw,1,0,0.2671149175441851,0.17656278559261007,0.48116731327970136,0.7801449721391004,34.0,HIC,
FUSION_ESM2_BIO_ESMFN,ElasticNet,raw,1,0,0.3082212749923463,0.10035347176228349,0.5017125612625826,0.853576694449861,34.0,HIC,
FUSION_ESM2_BIO_ESMFN,Ridge_grid,raw,1,1,0.33082706766917286,0.15267363571952922,0.5601854184187425,0.8313599254287918,20.0,HIC,
FUSION_ESM2_BIO_ESMFN,ElasticNet,raw,1,1,0.5097744360902255,0.33324025918391387,0.49822364409406567,0.7255335427692627,20.0,HIC,
FUSION_ESM2_BIO_ESMFN,Ridge_grid,raw,1,2,0.5101580229583942,0.5345240886235382,0.6042358668839061,0.8254969120251578,50.0,HIC,
FUSION_ESM2_BIO_ESMFN,ElasticNet,raw,1,2,0.4903222798326347,0.4687579505992497,0.6556427374110467,0.8676029065722033,50.0,HIC,
FUSION_ESM2_BIO_ESMFN,Ridge_grid,raw,1,3,0.8095238095238096,0.8199779172095294,0.3173937489984408,0.4620114783378958,35.0,HIC,
FUSION_ESM2_BIO_ESMFN,ElasticNet,raw,1,3,0.7907563025210085,0.7982177121081314,0.3569866230926997,0.45781284069761186,35.0,HIC,
FUSION_ESM2_BIO_ESMFN,Ridge_grid,raw,1,4,0.3675889328063241,0.3683398043824153,0.5274691614843391,0.6667267359699334,23.0,HIC,
FUSION_ESM2_BIO_ESMFN,ElasticNet,raw,1,4,0.48517786561264825,0.33727453821790165,0.5570254671790493,0.7347714808352774,23.0,HIC,
FUSION_ESM2_BIO_ESMFN,Ridge_grid,raw,2,0,0.44960474308300397,0.36509234326797463,0.523433504769776,0.6699741178865116,23.0,HIC,
FUSION_ESM2_BIO_ESMFN,ElasticNet,raw,2,0,0.4407114624505929,0.2545252892416923,0.6093996289948287,0.7927072097609009,23.0,HIC,
FUSION_ESM2_BIO_ESMFN,Ridge_grid,raw,2,1,0.2300751879699248,0.08128581349302703,0.672067571127303,0.9759534272784837,20.0,HIC,
FUSION_ESM2_BIO_ESMFN,ElasticNet,raw,2,1,0.47067669172932325,0.2883705690216486,0.5387737636690185,0.7685725545328832,20.0,HIC,
FUSION_ESM2_BIO_ESMFN,Ridge_grid,raw,2,2,0.2750611279059114,0.17580553742461025,0.48263411412916013,0.7907051661446405,34.0,HIC,
FUSION_ESM2_BIO_ESMFN,ElasticNet,raw,2,2,0.26803178797053817,0.060745276567654716,0.5046962225245607,0.8935767505541223,34.0,HIC,
FUSION_ESM2_BIO_ESMFN,Ridge_grid,raw,2,3,0.8095238095238096,0.8199779172095294,0.3173937489984408,0.4620114783378958,35.0,HIC,
FUSION_ESM2_BIO_ESMFN,ElasticNet,raw,2,3,0.7907563025210085,0.7982177121081314,0.3569866230926997,0.45781284069761186,35.0,HIC,
FUSION_ESM2_BIO_ESMFN,Ridge_grid,raw,2,4,0.41491763889451766,0.5095305229544489,0.6241413829215379,0.8450285001304292,50.0,HIC,
FUSION_ESM2_BIO_ESMFN,ElasticNet,raw,2,4,0.38475578251927084,0.4333800039934885,0.6958631468019195,0.8988437209407514,50.0,HIC,
FUSION_ESM2_BIO_ESMFN,Ridge_grid,raw,3,0,0.8095238095238096,0.8199779172095294,0.3173937489984408,0.4620114783378958,35.0,HIC,
FUSION_ESM2_BIO_ESMFN,ElasticNet,raw,3,0,0.7907563025210085,0.7982177121081314,0.3569866230926997,0.45781284069761186,35.0,HIC,
FUSION_ESM2_BIO_ESMFN,Ridge_grid,raw,3,1,0.27521393964363694,0.18130595653811887,0.4746584522133438,0.7871246589649519,34.0,HIC,
FUSION_ESM2_BIO_ESMFN,ElasticNet,raw,3,1,0.32579462483077953,0.1135036834018423,0.48949660290304875,0.8701165542390681,34.0,HIC,
FUSION_ESM2_BIO_ESMFN,Ridge_grid,raw,3,2,0.520964420545067,0.5488930662735324,0.590864993276154,0.8198079431085257,50.0,HIC,
FUSION_ESM2_BIO_ESMFN,ElasticNet,raw,3,2,0.48311801477485283,0.4769330543410757,0.6528180396626035,0.8644037504396747,50.0,HIC,
FUSION_ESM2_BIO_ESMFN,Ridge_grid,raw,3,3,0.2300751879699248,0.08128581349302703,0.672067571127303,0.9759534272784837,20.0,HIC,
FUSION_ESM2_BIO_ESMFN,ElasticNet,raw,3,3,0.47067669172932325,0.2883705690216486,0.5387737636690185,0.7685725545328832,20.0,HIC,
FUSION_ESM2_BIO_ESMFN,Ridge_grid,raw,3,4,0.37549407114624506,0.35560717659948843,0.5325202928158503,0.6720094894706143,23.0,HIC,
FUSION_ESM2_BIO_ESMFN,ElasticNet,raw,3,4,0.4466403162055336,0.2730597026875862,0.6006813061015311,0.7824003633705554,23.0,HIC,
FUSION_ESM2_IMGT,Ridge_grid,raw,0,0,0.7829131652661065,0.8195367553825395,0.36081364910274,0.44594219057690915,35.0,HIC,
FUSION_ESM2_IMGT,ElasticNet,raw,0,0,0.7456582633053221,0.6902265741368273,0.47047483914766763,0.7666491914698382,35.0,HIC,
FUSION_ESM2_IMGT,Ridge_grid,raw,0,1,0.3060819106641892,0.1430055849375129,0.478952677240756,0.7804822710505287,34.0,HIC,
FUSION_ESM2_IMGT,ElasticNet,raw,0,1,0.21974327884927813,0.06283660951305997,0.7844312687779358,1.0671458505581541,34.0,HIC,
FUSION_ESM2_IMGT,Ridge_grid,raw,0,2,0.5533834586466165,0.40473793046528667,0.4902080789920021,0.6381643066383794,20.0,HIC,
FUSION_ESM2_IMGT,ElasticNet,raw,0,2,0.7082706766917292,0.6434054922773433,0.36550818657946255,0.5168236109350006,20.0,HIC,
FUSION_ESM2_IMGT,Ridge_grid,raw,0,3,0.3567193675889328,0.22244011088587404,0.6050562543922533,0.8147105164674272,23.0,HIC,
FUSION_ESM2_IMGT,ElasticNet,raw,0,3,0.35079051383399207,0.2712798858757002,0.5205426193345188,0.6604476049343436,23.0,HIC,
FUSION_ESM2_IMGT,Ridge_grid,raw,0,4,0.42317852949410756,0.5182998100831557,0.5998922527997126,0.8386425060610564,50.0,HIC,
FUSION_ESM2_IMGT,ElasticNet,raw,0,4,0.4472888032208176,0.5458479543317226,0.6010230803064434,0.8271210581825112,50.0,HIC,
FUSION_ESM2_IMGT,Ridge_grid,raw,1,0,0.311735944960033,0.12411934189781976,0.4956632366032836,0.7793967669910837,34.0,HIC,
FUSION_ESM2_IMGT,ElasticNet,raw,1,0,0.19621027123955018,0.049889375840635936,0.7957563740680745,1.072402403789415,34.0,HIC,
FUSION_ESM2_IMGT,Ridge_grid,raw,1,1,0.5744360902255639,0.4431533973408855,0.4632555030151638,0.6250089949397624,20.0,HIC,
FUSION_ESM2_IMGT,ElasticNet,raw,1,1,0.7834586466165413,0.6891858378283449,0.33116671782952256,0.49663404131638916,20.0,HIC,
FUSION_ESM2_IMGT,Ridge_grid,raw,1,2,0.42317852949410756,0.5182998100831557,0.5998922527997126,0.8386425060610564,50.0,HIC,
FUSION_ESM2_IMGT,ElasticNet,raw,1,2,0.4472888032208176,0.5458479543317226,0.6010230803064434,0.8271210581825112,50.0,HIC,
FUSION_ESM2_IMGT,Ridge_grid,raw,1,3,0.7829131652661065,0.8195367553825395,0.36081364910274,0.44594219057690915,35.0,HIC,
FUSION_ESM2_IMGT,ElasticNet,raw,1,3,0.7456582633053221,0.6902265741368273,0.47047483914766763,0.7666491914698382,35.0,HIC,
FUSION_ESM2_IMGT,Ridge_grid,raw,1,4,0.3488142292490119,0.26155810509208854,0.5401641100274212,0.7053346215831107,23.0,HIC,
FUSION_ESM2_IMGT,ElasticNet,raw,1,4,0.3843873517786562,0.3453053433088923,0.5121648925539494,0.6418821051514066,23.0,HIC,
FUSION_ESM2_IMGT,Ridge_grid,raw,2,0,0.4466403162055336,0.22910361711106184,0.5877125046497691,0.8080012098629448,23.0,HIC,
FUSION_ESM2_IMGT,ElasticNet,raw,2,0,0.4436758893280633,0.3346122018781066,0.5127876141017728,0.6365842234619425,23.0,HIC,
FUSION_ESM2_IMGT,Ridge_grid,raw,2,1,0.5533834586466165,0.42243622646139983,0.4865140055309155,0.6427670805369502,20.0,HIC,
FUSION_ESM2_IMGT,ElasticNet,raw,2,1,0.7774436090225564,0.6704397474999763,0.3386416672322726,0.5112204680900729,20.0,HIC,
FUSION_ESM2_IMGT,Ridge_grid,raw,2,2,0.3397004929638006,0.1888243284309537,0.4671428440475111,0.7737410066618128,34.0,HIC,
FUSION_ESM2_IMGT,ElasticNet,raw,2,2,0.348257950276429,0.14856177698324485,0.7841296608340537,1.1086182222897178,34.0,HIC,
FUSION_ESM2_IMGT,Ridge_grid,raw,2,3,0.7829131652661065,0.8195367553825395,0.36081364910274,0.44594219057690915,35.0,HIC,
FUSION_ESM2_IMGT,ElasticNet,raw,2,3,0.7456582633053221,0.6902265741368273,0.47047483914766763,0.7666491914698382,35.0,HIC,
FUSION_ESM2_IMGT,Ridge_grid,raw,2,4,0.3844676119169596,0.5079719090284543,0.6093767176164865,0.8416522461346518,50.0,HIC,
FUSION_ESM2_IMGT,ElasticNet,raw,2,4,0.3621824186715544,0.5243275194163319,0.6108632177190653,0.8356215957501381,50.0,HIC,
FUSION_ESM2_IMGT,Ridge_grid,raw,3,0,0.7829131652661065,0.8195367553825395,0.36081364910274,0.44594219057690915,35.0,HIC,
FUSION_ESM2_IMGT,ElasticNet,raw,3,0,0.7456582633053221,0.6902265741368273,0.47047483914766763,0.7666491914698382,35.0,HIC,
FUSION_ESM2_IMGT,Ridge_grid,raw,3,1,0.3346577056188589,0.15893842246725007,0.46983483988576263,0.7775214866724323,34.0,HIC,
FUSION_ESM2_IMGT,ElasticNet,raw,3,1,0.24358190993445714,0.1043845026289715,0.8199628836688518,1.1360515073380861,34.0,HIC,
FUSION_ESM2_IMGT,Ridge_grid,raw,3,2,0.4097785964866333,0.5251233866389132,0.5946482132838177,0.8332630655813199,50.0,HIC,
FUSION_ESM2_IMGT,ElasticNet,raw,3,2,0.43792325864570114,0.5408090074812238,0.6026925792018291,0.828530144847895,50.0,HIC,
FUSION_ESM2_IMGT,Ridge_grid,raw,3,3,0.5533834586466165,0.42243622646139983,0.4865140055309155,0.6427670805369502,20.0,HIC,
FUSION_ESM2_IMGT,ElasticNet,raw,3,3,0.7774436090225564,0.6704397474999763,0.3386416672322726,0.5112204680900729,20.0,HIC,
FUSION_ESM2_IMGT,Ridge_grid,raw,3,4,0.408102766798419,0.22345856891231436,0.5943256909873008,0.8073897242681767,23.0,HIC,
FUSION_ESM2_IMGT,ElasticNet,raw,3,4,0.4130434782608696,0.3348858838524652,0.52022900998205,0.6360074402822904,23.0,HIC,
RESID_BIO_SHORTCUT__PLM_ESM2,Ridge_stack,raw,-1,-1,0.36007514796732587,,,,20.0,HIC,
RESID_SEQ_SIMPLE__ESMFN_STRUCTURE,Ridge_stack,raw,-1,-1,0.3762480137332634,,,,20.0,HIC,
RESID_PLM_ESM2__ESMFN_STRUCTURE,Ridge_stack,raw,-1,-1,0.45045267009922646,,,,20.0,HIC,
ENSEMBLE_RANKMEAN,rank_mean,raw,-1,-1,0.5503644847297267,,,,162.0,HIC,"SEQ_SIMPLE,SEQ_CDR,BIO_SHORTCUT,PLM_ABLANG2,PLM_ESM1B,PLM_ESM2,PLM_ESM2_CDR6,ABB_STRUCTURE,ESMFN_STRUCTURE,IMGT_POS_HL,IMGT_POS_H,IMGT_POS_L,GERMLINE_REL,NGRAM_HL_2,NGRAM_HL_3,FUSION_ESM2_BIO,FUSION_ESM2_SEQ,FUSION_ESM2_ESMFN,FUSION_ESM2_BIO_ESMFN,FUSION_ESM2_IMGT"
ENSEMBLE_NNLS,nonneg_ridge,raw,-1,-1,0.5709781899146693,,,,20.0,HIC,"SEQ_SIMPLE,SEQ_CDR,BIO_SHORTCUT,PLM_ABLANG2,PLM_ESM1B,PLM_ESM2,PLM_ESM2_CDR6,ABB_STRUCTURE,ESMFN_STRUCTURE,IMGT_POS_HL,IMGT_POS_H,IMGT_POS_L,GERMLINE_REL,NGRAM_HL_2,NGRAM_HL_3,FUSION_ESM2_BIO,FUSION_ESM2_SEQ,FUSION_ESM2_ESMFN,FUSION_ESM2_BIO_ESMFN,FUSION_ESM2_IMGT"
MULTITASK_EN_ESM2,MultiTaskEN,raw,-1,-1,0.35441307827646235,,,,,HIC,
MULTITASK_EN_ESM2,MultiTaskEN,raw,-1,-1,0.25403668913962313,,,,,TmApp,
SEQ_SIMPLE,Ridge_grid,raw,0,0,0.43739207939059205,0.47601946055847855,2.9245344225704075,3.642948633908297,35.0,TmApp,
SEQ_SIMPLE,ElasticNet,raw,0,0,0.39398997517360645,0.45060714380033745,3.207251061694374,4.042904404979599,35.0,TmApp,
SEQ_SIMPLE,PLS,raw,0,0,0.3747469710385676,0.4327365801833875,3.3645710220627216,4.318702353956246,35.0,TmApp,
SEQ_SIMPLE,Ridge_grid,raw,0,1,0.2527561649933,0.31014469759485275,3.548565775353207,4.387653484062926,34.0,TmApp,
SEQ_SIMPLE,ElasticNet,raw,0,1,0.3391004878619984,0.36051012768154517,4.004012536892403,4.876061337259195,34.0,TmApp,
SEQ_SIMPLE,PLS,raw,0,1,0.32731234449162655,0.35651491267677415,4.149231501095322,5.005889518167235,34.0,TmApp,
SEQ_SIMPLE,Ridge_grid,raw,0,2,0.02712893142219101,0.11314432498713944,3.9426947748980212,4.755804704466696,20.0,TmApp,
SEQ_SIMPLE,ElasticNet,raw,0,2,0.18312028709978928,0.2079743742161649,3.5915779969522097,4.408616708022484,20.0,TmApp,
SEQ_SIMPLE,PLS,raw,0,2,0.18236670567139512,0.18952895572251235,3.770375365643626,4.578243821094898,20.0,TmApp,
SEQ_SIMPLE,Ridge_grid,raw,0,3,0.258647959827671,0.3873168329438498,2.6939508859946164,3.3371579822457305,23.0,TmApp,
SEQ_SIMPLE,ElasticNet,raw,0,3,0.19796516925271743,0.3283883457440337,3.079973327410757,3.955967921530469,23.0,TmApp,
SEQ_SIMPLE,PLS,raw,0,3,0.19149897025702567,0.2930987707642063,3.2006542552796144,4.213808224727156,23.0,TmApp,
SEQ_SIMPLE,Ridge_grid,raw,0,4,0.33973435705306504,0.4414027455066959,3.840900126201542,4.9666167564523365,50.0,TmApp,
SEQ_SIMPLE,ElasticNet,raw,0,4,0.4049606618805988,0.4625461128759225,3.844931088869151,4.75751503606985,50.0,TmApp,
SEQ_SIMPLE,PLS,raw,0,4,0.3672764887156861,0.4293388877008225,3.9688567998573716,4.8918112905548305,50.0,TmApp,
SEQ_SIMPLE,Ridge_grid,raw,1,0,0.2339257541549136,0.2996555342808318,3.571349213176989,4.384953043576022,34.0,TmApp,
SEQ_SIMPLE,ElasticNet,raw,1,0,0.3141463661818604,0.3492498168069049,3.9527295660619046,4.796604424386063,34.0,TmApp,
SEQ_SIMPLE,PLS,raw,1,0,0.2992963673906126,0.3451080056067347,4.078577776351747,4.930391892568443,34.0,TmApp,
SEQ_SIMPLE,Ridge_grid,raw,1,1,0.26073917422439136,0.27733034431804565,3.68189016428387,4.473961255229083,20.0,TmApp,
SEQ_SIMPLE,ElasticNet,raw,1,1,0.27204289565030426,0.2859213086484776,3.638536436662539,4.444396127060768,20.0,TmApp,
SEQ_SIMPLE,PLS,raw,1,1,0.24868187137008424,0.2557916352768854,3.8398935634404348,4.627194240357142,20.0,TmApp,
SEQ_SIMPLE,Ridge_grid,raw,1,2,0.33973435705306504,0.4414027455066959,3.840900126201542,4.9666167564523365,50.0,TmApp,
SEQ_SIMPLE,ElasticNet,raw,1,2,0.4049606618805988,0.4625461128759225,3.844931088869151,4.75751503606985,50.0,TmApp,
SEQ_SIMPLE,PLS,raw,1,2,0.3672764887156861,0.4293388877008225,3.9688567998573716,4.8918112905548305,50.0,TmApp,
SEQ_SIMPLE,Ridge_grid,raw,1,3,0.43739207939059205,0.47601946055847855,2.9245344225704075,3.642948633908297,35.0,TmApp,
SEQ_SIMPLE,ElasticNet,raw,1,3,0.39398997517360645,0.45060714380033745,3.207251061694374,4.042904404979599,35.0,TmApp,
SEQ_SIMPLE,PLS,raw,1,3,0.3747469710385676,0.4327365801833875,3.3645710220627216,4.318702353956246,35.0,TmApp,
SEQ_SIMPLE,Ridge_grid,raw,1,4,0.27356995751003665,0.22452086095749738,3.3304222052117924,4.245669394209762,23.0,TmApp,
SEQ_SIMPLE,ElasticNet,raw,1,4,0.28003615650572844,0.2468618617587858,2.9822472414026997,3.8254179934360764,23.0,TmApp,
SEQ_SIMPLE,PLS,raw,1,4,0.30391135279751347,0.22393889576000464,3.0454522022299826,4.027736278892957,23.0,TmApp,
SEQ_SIMPLE,Ridge_grid,raw,2,0,0.24746017924441993,0.24085688968637933,3.132046740628397,4.060153015298034,23.0,TmApp,
SEQ_SIMPLE,ElasticNet,raw,2,0,0.21522588735887424,0.24175062578862486,3.0842140651112766,4.003689609234841,23.0,TmApp,
SEQ_SIMPLE,PLS,raw,2,0,0.1859670685704559,0.2024002702550073,3.250534938102367,4.342468749965932,23.0,TmApp,
SEQ_SIMPLE,Ridge_grid,raw,2,1,0.26073917422439136,0.27767031182943364,3.670905491490801,4.4526008554804495,20.0,TmApp,
SEQ_SIMPLE,ElasticNet,raw,2,1,0.2818394542194288,0.2854409548330281,3.6417534722552025,4.424724131062209,20.0,TmApp,
SEQ_SIMPLE,PLS,raw,2,1,0.2637534999379681,0.2529854270586527,3.8421230462325644,4.594508658057114,20.0,TmApp,
SEQ_SIMPLE,Ridge_grid,raw,2,2,0.17555206585856506,0.19148688524127755,3.7890405837576644,4.870076386147987,34.0,TmApp,
SEQ_SIMPLE,ElasticNet,raw,2,2,0.2022065680046299,0.20720421407922301,4.077439058306987,5.13800533543146,34.0,TmApp,
SEQ_SIMPLE,PLS,raw,2,2,0.1780030545616515,0.19438850426476978,4.2325759774188825,5.361001811285611,34.0,TmApp,
SEQ_SIMPLE,Ridge_grid,raw,2,3,0.43739207939059205,0.47601946055847855,2.9245344225704075,3.642948633908297,35.0,TmApp,
SEQ_SIMPLE,ElasticNet,raw,2,3,0.39398997517360645,0.45060714380033745,3.207251061694374,4.042904404979599,35.0,TmApp,
SEQ_SIMPLE,PLS,raw,2,3,0.3747469710385676,0.4327365801833875,3.3645710220627216,4.318702353956246,35.0,TmApp,
SEQ_SIMPLE,Ridge_grid,raw,2,4,0.3748920144348818,0.46939951375142136,4.060168237955266,5.39880505345656,50.0,TmApp,
SEQ_SIMPLE,ElasticNet,raw,2,4,0.3979142291674854,0.4657490973034941,4.039149459867876,4.919569814643586,50.0,TmApp,
SEQ_SIMPLE,PLS,raw,2,4,0.37210435586600704,0.4370756160982842,4.143605853527927,5.084417519730634,50.0,TmApp,
SEQ_SIMPLE,Ridge_grid,raw,3,0,0.43739207939059205,0.47601946055847855,2.9245344225704075,3.642948633908297,35.0,TmApp,
SEQ_SIMPLE,ElasticNet,raw,3,0,0.39398997517360645,0.45060714380033745,3.207251061694374,4.042904404979599,35.0,TmApp,
SEQ_SIMPLE,PLS,raw,3,0,0.3747469710385676,0.4327365801833875,3.3645710220627216,4.318702353956246,35.0,TmApp,
SEQ_SIMPLE,Ridge_grid,raw,3,1,0.29656344446828875,0.30173884255462935,3.562960678667566,4.534554165424386,34.0,TmApp,
SEQ_SIMPLE,ElasticNet,raw,3,1,0.3127925229988198,0.31938451968709136,3.834738696029105,4.755965156650872,34.0,TmApp,
SEQ_SIMPLE,PLS,raw,3,1,0.29916622121375125,0.31499998948048946,3.9792067908069177,4.910778995476627,34.0,TmApp,
SEQ_SIMPLE,Ridge_grid,raw,3,2,0.2893125488260326,0.414775900293476,4.0184978799692574,5.369505475061277,50.0,TmApp,
SEQ_SIMPLE,ElasticNet,raw,3,2,0.3970296815589016,0.4775852656472985,3.9228709546520797,4.823050838298694,50.0,TmApp,
SEQ_SIMPLE,PLS,raw,3,2,0.3710737459606199,0.4523730863100688,4.004941093768673,4.952181133110179,50.0,TmApp,
SEQ_SIMPLE,Ridge_grid,raw,3,3,0.26073917422439136,0.27767031182943364,3.670905491490801,4.4526008554804495,20.0,TmApp,
SEQ_SIMPLE,ElasticNet,raw,3,3,0.2818394542194288,0.2854409548330281,3.6417534722552025,4.424724131062209,20.0,TmApp,
SEQ_SIMPLE,PLS,raw,3,3,0.2637534999379681,0.2529854270586527,3.8421230462325644,4.594508658057114,20.0,TmApp,
SEQ_SIMPLE,Ridge_grid,raw,3,4,0.22878640122048963,0.28865345988803737,2.5970189695673946,3.327529113657615,23.0,TmApp,
SEQ_SIMPLE,ElasticNet,raw,3,4,0.1662547601059957,0.20760004984111782,3.0945472919854318,3.962413579993499,23.0,TmApp,
SEQ_SIMPLE,PLS,raw,3,4,0.14739601119844992,0.15925545338863312,3.2021062171175827,4.234811437730934,23.0,TmApp,
SEQ_CDR,Ridge_grid,raw,0,0,0.48683395862806417,0.5275059485258751,2.8069001918607634,3.505753588795485,35.0,TmApp,
SEQ_CDR,ElasticNet,raw,0,0,0.32179359469616126,0.33648161351617767,4.149360953598609,5.277434388417592,35.0,TmApp,
SEQ_CDR,PLS,raw,0,0,0.41857045490814515,0.4688602262610142,3.4838177600026543,4.567778614008022,35.0,TmApp,
SEQ_CDR,Ridge_grid,raw,0,1,0.3853345047172236,0.4168770142590038,3.7447604755605113,4.439351263286879,34.0,TmApp,
SEQ_CDR,ElasticNet,raw,0,1,0.22994534210777504,0.19083826167317863,5.79467025381292,6.7004551143663855,34.0,TmApp,
SEQ_CDR,PLS,raw,0,1,0.3176674999158676,0.3073576655781469,4.44352097995732,5.529753085692786,34.0,TmApp,
SEQ_CDR,Ridge_grid,raw,0,2,0.31424345564037914,0.4493349022427478,3.020841768291981,3.959791804930364,20.0,TmApp,
SEQ_CDR,ElasticNet,raw,0,2,0.14167330853810858,0.24179039093635754,4.7379491212963165,5.507382915349558,20.0,TmApp,
SEQ_CDR,PLS,raw,0,2,0.0278825128505852,0.17588062535140078,4.723836323851665,5.4496685864363545,20.0,TmApp,
SEQ_CDR,Ridge_grid,raw,0,3,0.4546235293894064,0.5483046635948469,2.3472218629838926,3.268581003172026,23.0,TmApp,
SEQ_CDR,ElasticNet,raw,0,3,0.25118696098648824,0.39053280288537046,4.54693992625656,5.579227075067299,23.0,TmApp,
SEQ_CDR,PLS,raw,0,3,0.21985076585352037,0.3836188745512894,4.250387044298501,5.453914229466016,23.0,TmApp,
SEQ_CDR,Ridge_grid,raw,0,4,0.40049047297200585,0.43116261598684374,3.734224264802598,4.900919043088296,50.0,TmApp,
SEQ_CDR,ElasticNet,raw,0,4,0.31920994131146074,0.29419999529909585,4.225112650274859,5.418455233214916,50.0,TmApp,
SEQ_CDR,PLS,raw,0,4,0.36934335025406784,0.2971229852751997,4.095269575861552,5.373660876231342,50.0,TmApp,
SEQ_CDR,Ridge_grid,raw,1,0,0.3193515203973493,0.41411859557135194,3.747368942461818,4.439477008001234,34.0,TmApp,
SEQ_CDR,ElasticNet,raw,1,0,0.19687730356231603,0.1751222608832289,5.732218459677286,6.6498410807591934,34.0,TmApp,
SEQ_CDR,PLS,raw,1,0,0.2700556481212484,0.25994749258845645,4.44416314775179,5.600440328572501,34.0,TmApp,
SEQ_CDR,Ridge_grid,raw,1,1,0.28862168707497654,0.4289050699346945,3.3691123081491616,4.314193536079523,20.0,TmApp,
SEQ_CDR,ElasticNet,raw,1,1,0.17784521710102993,0.26897715951970125,4.808518476570563,5.549802861339819,20.0,TmApp,
SEQ_CDR,PLS,raw,1,1,0.1288624242554073,0.24673744978145287,4.710784950495793,5.378923652494049,20.0,TmApp,
SEQ_CDR,Ridge_grid,raw,1,2,0.40049047297200585,0.43116261598684374,3.734224264802598,4.900919043088296,50.0,TmApp,
SEQ_CDR,ElasticNet,raw,1,2,0.31920994131146074,0.29419999529909585,4.225112650274859,5.418455233214916,50.0,TmApp,
SEQ_CDR,PLS,raw,1,2,0.36934335025406784,0.2971229852751997,4.095269575861552,5.373660876231342,50.0,TmApp,
SEQ_CDR,Ridge_grid,raw,1,3,0.48683395862806417,0.5275059485258751,2.8069001918607634,3.505753588795485,35.0,TmApp,
SEQ_CDR,ElasticNet,raw,1,3,0.32179359469616126,0.33648161351617767,4.149360953598609,5.277434388417592,35.0,TmApp,
SEQ_CDR,PLS,raw,1,3,0.41857045490814515,0.4688602262610142,3.4838177600026543,4.567778614008022,35.0,TmApp,
SEQ_CDR,Ridge_grid,raw,1,4,0.46904812714902655,0.5565980249886512,2.048523171377441,2.881395300780523,23.0,TmApp,
SEQ_CDR,ElasticNet,raw,1,4,0.2482025614500151,0.28347207477642605,3.5889718029160886,4.5677462499908135,23.0,TmApp,
SEQ_CDR,PLS,raw,1,4,0.32032555024811565,0.2555138919099512,3.7573847505201297,4.817855384381556,23.0,TmApp,
SEQ_CDR,Ridge_grid,raw,2,0,0.5410401914943129,0.5947490993032322,2.0799374417368357,2.9066704630017517,23.0,TmApp,
SEQ_CDR,ElasticNet,raw,2,0,0.2742394371185656,0.3115527482145305,3.8415740881590956,4.8959448077766945,23.0,TmApp,
SEQ_CDR,PLS,raw,2,0,0.22762369193023796,0.22183697280905104,4.030851036751596,4.9109389314174425,23.0,TmApp,
SEQ_CDR,Ridge_grid,raw,2,1,0.29465033850213007,0.4275134730621509,3.3505156819498856,4.3054206033588285,20.0,TmApp,
SEQ_CDR,ElasticNet,raw,2,1,0.2388853128009597,0.30118886743429363,4.391774578188871,5.303609124442923,20.0,TmApp,
SEQ_CDR,PLS,raw,2,1,0.1695558213886938,0.2508210224505344,4.48726082210957,5.2964580154397085,20.0,TmApp,
SEQ_CDR,Ridge_grid,raw,2,2,0.24877535336327197,0.24043031554938948,3.4991305452225547,4.325242043382481,34.0,TmApp,
SEQ_CDR,ElasticNet,raw,2,2,0.19638546983479968,0.0857504478216903,5.594439086771697,6.607135065018278,34.0,TmApp,
SEQ_CDR,PLS,raw,2,2,0.2594984289392751,0.18161937940088105,4.612877422177137,5.787942886231279,34.0,TmApp,
SEQ_CDR,Ridge_grid,raw,2,3,0.48683395862806417,0.5275059485258751,2.8069001918607634,3.505753588795485,35.0,TmApp,
SEQ_CDR,ElasticNet,raw,2,3,0.32179359469616126,0.33648161351617767,4.149360953598609,5.277434388417592,35.0,TmApp,
SEQ_CDR,PLS,raw,2,3,0.41857045490814515,0.4688602262610142,3.4838177600026543,4.567778614008022,35.0,TmApp,
SEQ_CDR,Ridge_grid,raw,2,4,0.4213209485302787,0.44332453769940783,4.0323319536776765,5.358238660797256,50.0,TmApp,
SEQ_CDR,ElasticNet,raw,2,4,0.2323369227920793,0.24025526328231717,4.527686493546185,5.727030551484954,50.0,TmApp,
SEQ_CDR,PLS,raw,2,4,0.3326926312715707,0.28558460250887724,4.429505431251213,5.613626752964251,50.0,TmApp,
SEQ_CDR,Ridge_grid,raw,3,0,0.48683395862806417,0.5275059485258751,2.8069001918607634,3.505753588795485,35.0,TmApp,
SEQ_CDR,ElasticNet,raw,3,0,0.32179359469616126,0.33648161351617767,4.149360953598609,5.277434388417592,35.0,TmApp,
SEQ_CDR,PLS,raw,3,0,0.41857045490814515,0.4688602262610142,3.4838177600026543,4.567778614008022,35.0,TmApp,
SEQ_CDR,Ridge_grid,raw,3,1,0.34157617171334653,0.3643217706770736,3.3726362989652277,4.185489420633355,34.0,TmApp,
SEQ_CDR,ElasticNet,raw,3,1,0.14407134808707267,0.11801056649157406,5.74703188832144,6.7146826380007365,34.0,TmApp,
SEQ_CDR,PLS,raw,3,1,0.2947261902950211,0.23967992570486468,4.390681222053009,5.463826535264395,34.0,TmApp,
SEQ_CDR,Ridge_grid,raw,3,2,0.4028938003422171,0.4483143699275144,3.820525869315213,4.994845026238986,50.0,TmApp,
SEQ_CDR,ElasticNet,raw,3,2,0.28940868192084096,0.27349470476838017,4.385352456056718,5.5860045203968784,50.0,TmApp,
SEQ_CDR,PLS,raw,3,2,0.32819838567605086,0.2749463184151226,4.35092367486606,5.6293832280301555,50.0,TmApp,
SEQ_CDR,Ridge_grid,raw,3,3,0.29465033850213007,0.4275134730621509,3.3505156819498856,4.3054206033588285,20.0,TmApp,
SEQ_CDR,ElasticNet,raw,3,3,0.2388853128009597,0.30118886743429363,4.391774578188871,5.303609124442923,20.0,TmApp,
SEQ_CDR,PLS,raw,3,3,0.1695558213886938,0.2508210224505344,4.48726082210957,5.2964580154397085,20.0,TmApp,
SEQ_CDR,Ridge_grid,raw,3,4,0.486853491534274,0.5470082009551775,2.069531331498008,2.8989223676407607,23.0,TmApp,
SEQ_CDR,ElasticNet,raw,3,4,0.25260797878791585,0.3127593328054572,3.5553046060168403,4.553267822714106,23.0,TmApp,
SEQ_CDR,PLS,raw,3,4,0.13598150528072483,0.22418918613745026,3.7384782473164777,4.614566843537164,23.0,TmApp,
BIO_SHORTCUT,Ridge_grid,raw,0,0,0.7364311728467803,0.7435686431704897,2.41009605248964,3.048207701108831,35.0,TmApp,
BIO_SHORTCUT,ElasticNet,raw,0,0,0.7346051943522145,0.7119395852045288,2.4026317785074363,2.95142239614797,35.0,TmApp,
BIO_SHORTCUT,PLS,raw,0,0,0.7355884135415961,0.7362127252023437,2.2822325842292783,2.788338933478085,35.0,TmApp,
BIO_SHORTCUT,Ridge_grid,raw,0,1,0.2959283264276492,0.2507860129527353,3.791906970125519,4.583257707437366,34.0,TmApp,
BIO_SHORTCUT,ElasticNet,raw,0,1,0.3853345047172236,0.27624239830565067,3.8846786838483403,4.684342854153722,34.0,TmApp,
BIO_SHORTCUT,PLS,raw,0,1,0.3880901745960118,0.3127783018612497,3.8644846386347997,4.650213574334839,34.0,TmApp,
BIO_SHORTCUT,Ridge_grid,raw,0,2,0.2358709870873829,0.39075317728243025,2.7679959225141864,3.7471482055816865,20.0,TmApp,
BIO_SHORTCUT,ElasticNet,raw,0,2,0.17633805424424157,0.32060611462794253,3.2163128336143054,4.233198636406987,20.0,TmApp,
BIO_SHORTCUT,PLS,raw,0,2,0.2449139642281133,0.3734762829986433,3.09500037089573,3.9412743014612035,20.0,TmApp,
BIO_SHORTCUT,Ridge_grid,raw,0,3,0.34171374692617307,0.4544388221383447,2.6963718836869557,3.334949276549518,23.0,TmApp,
BIO_SHORTCUT,ElasticNet,raw,0,3,0.3894641395097431,0.4635679233470515,2.4531657728985117,3.155120873811461,23.0,TmApp,
BIO_SHORTCUT,PLS,raw,0,3,0.35713314453128425,0.4339539233828888,2.525597119876592,3.285734734224344,23.0,TmApp,
BIO_SHORTCUT,Ridge_grid,raw,0,4,0.44062604005453404,0.4774507982885995,3.6843198297275204,4.809895650997319,50.0,TmApp,
BIO_SHORTCUT,ElasticNet,raw,0,4,0.3964528829900509,0.4370642596686642,3.7801296278719763,4.889716939121751,50.0,TmApp,
BIO_SHORTCUT,PLS,raw,0,4,0.43658845007257907,0.4569945553341309,3.7297590273960406,4.841129186552313,50.0,TmApp,
BIO_SHORTCUT,Ridge_grid,raw,1,0,0.2342319396970012,0.20764461414364987,3.7734550256410224,4.478151803142545,34.0,TmApp,
BIO_SHORTCUT,ElasticNet,raw,1,0,0.25918606137713923,0.27414037108383243,3.7466978030157376,4.535202390782513,34.0,TmApp,
BIO_SHORTCUT,PLS,raw,1,0,0.27786337944448175,0.3024792451249734,3.772383768387978,4.536124305316835,34.0,TmApp,
BIO_SHORTCUT,Ridge_grid,raw,1,1,0.1838738685281835,0.35811910887790915,3.106599848787687,4.115992137101813,20.0,TmApp,
BIO_SHORTCUT,ElasticNet,raw,1,1,0.1695558213886938,0.28779924289760983,3.574836328084534,4.579839174746595,20.0,TmApp,
BIO_SHORTCUT,PLS,raw,1,1,0.16804865853190543,0.334929652140211,3.435684723051401,4.273295952885947,20.0,TmApp,
BIO_SHORTCUT,Ridge_grid,raw,1,2,0.44062604005453404,0.4774507982885995,3.6843198297275204,4.809895650997319,50.0,TmApp,
BIO_SHORTCUT,ElasticNet,raw,1,2,0.3964528829900509,0.4370642596686642,3.7801296278719763,4.889716939121751,50.0,TmApp,
BIO_SHORTCUT,PLS,raw,1,2,0.43658845007257907,0.4569945553341309,3.7297590273960406,4.841129186552313,50.0,TmApp,
BIO_SHORTCUT,Ridge_grid,raw,1,3,0.7364311728467803,0.7435686431704897,2.41009605248964,3.048207701108831,35.0,TmApp,
BIO_SHORTCUT,ElasticNet,raw,1,3,0.7346051943522145,0.7119395852045288,2.4026317785074363,2.95142239614797,35.0,TmApp,
BIO_SHORTCUT,PLS,raw,1,3,0.7355884135415961,0.7362127252023437,2.2822325842292783,2.788338933478085,35.0,TmApp,
BIO_SHORTCUT,Ridge_grid,raw,1,4,0.5625593126251845,0.6006767768829933,2.148342196981166,2.7743992254547027,23.0,TmApp,
BIO_SHORTCUT,ElasticNet,raw,1,4,0.5575853133977293,0.5970583735440749,1.9303271650566276,2.614009895550859,23.0,TmApp,
BIO_SHORTCUT,PLS,raw,1,4,0.5590775131659659,0.5531124700031651,2.043889553287327,2.7881583906253824,23.0,TmApp,
BIO_SHORTCUT,Ridge_grid,raw,2,0,0.40962346303785746,0.5329706466939667,2.433598749949553,3.0317325758991407,23.0,TmApp,
BIO_SHORTCUT,ElasticNet,raw,2,0,0.4170621457806757,0.5365598336827898,2.190851204911486,2.838937549953814,23.0,TmApp,
BIO_SHORTCUT,PLS,raw,2,0,0.4160703214149666,0.5003420400129194,2.2814488947397233,2.9847249682008465,23.0,TmApp,
BIO_SHORTCUT,Ridge_grid,raw,2,1,0.197438334239279,0.3591218093990079,3.062459525659036,4.097324771987672,20.0,TmApp,
BIO_SHORTCUT,ElasticNet,raw,2,1,0.1710629842454822,0.28622418234374875,3.5771650560946022,4.579288651813731,20.0,TmApp,
BIO_SHORTCUT,PLS,raw,2,1,0.16804865853190543,0.33531870015271575,3.4386068523412687,4.2734533345551595,20.0,TmApp,
BIO_SHORTCUT,Ridge_grid,raw,2,2,0.3379300674380406,0.3110483347565027,3.7685090968735873,4.471390536801029,34.0,TmApp,
BIO_SHORTCUT,ElasticNet,raw,2,2,0.33578545232283996,0.2925999577203748,3.8036653914375136,4.517609025251664,34.0,TmApp,
BIO_SHORTCUT,PLS,raw,2,2,0.35187006568684465,0.3380749095162847,3.7539650459368024,4.442714376636543,34.0,TmApp,
BIO_SHORTCUT,Ridge_grid,raw,2,3,0.7364311728467803,0.7435686431704897,2.41009605248964,3.048207701108831,35.0,TmApp,
BIO_SHORTCUT,ElasticNet,raw,2,3,0.7346051943522145,0.7119395852045288,2.4026317785074363,2.95142239614797,35.0,TmApp,
BIO_SHORTCUT,PLS,raw,2,3,0.7355884135415961,0.7362127252023437,2.2822325842292783,2.788338933478085,35.0,TmApp,
BIO_SHORTCUT,Ridge_grid,raw,2,4,0.48851313265591517,0.49815666171416223,3.8255499150752597,4.8904163530691465,50.0,TmApp,
BIO_SHORTCUT,ElasticNet,raw,2,4,0.48788831263185706,0.49684439215185233,3.8245128615576958,4.892999365220876,50.0,TmApp,
BIO_SHORTCUT,PLS,raw,2,4,0.4949535852115914,0.4918290639862638,3.8358939499064126,4.9107128609185695,50.0,TmApp,
BIO_SHORTCUT,Ridge_grid,raw,3,0,0.7364311728467803,0.7435686431704897,2.41009605248964,3.048207701108831,35.0,TmApp,
BIO_SHORTCUT,ElasticNet,raw,3,0,0.7346051943522145,0.7119395852045288,2.4026317785074363,2.95142239614797,35.0,TmApp,
BIO_SHORTCUT,PLS,raw,3,0,0.7355884135415961,0.7362127252023437,2.2822325842292783,2.788338933478085,35.0,TmApp,
BIO_SHORTCUT,Ridge_grid,raw,3,1,0.344944471031004,0.277551454434079,3.730382505099544,4.4365126110837245,34.0,TmApp,
BIO_SHORTCUT,ElasticNet,raw,3,1,0.3676039391679718,0.3083109118494039,3.6938594495136563,4.388778302979901,34.0,TmApp,
BIO_SHORTCUT,PLS,raw,3,1,0.3585707728160724,0.34305046561274233,3.67362821314352,4.349786996955247,34.0,TmApp,
BIO_SHORTCUT,Ridge_grid,raw,3,2,0.40818112055668193,0.4579988396023532,3.834098204549051,4.920476130155188,50.0,TmApp,
BIO_SHORTCUT,ElasticNet,raw,3,2,0.41106511340093543,0.4592917731917325,3.8271211910691942,4.917137902816406,50.0,TmApp,
BIO_SHORTCUT,PLS,raw,3,2,0.4332718583016875,0.4640321820178041,3.815823104425915,4.9103008549031415,50.0,TmApp,
BIO_SHORTCUT,Ridge_grid,raw,3,3,0.197438334239279,0.3591218093990079,3.062459525659036,4.097324771987672,20.0,TmApp,
BIO_SHORTCUT,ElasticNet,raw,3,3,0.1710629842454822,0.28622418234374875,3.5771650560946022,4.579288651813731,20.0,TmApp,
BIO_SHORTCUT,PLS,raw,3,3,0.16804865853190543,0.33531870015271575,3.4386068523412687,4.2734533345551595,20.0,TmApp,
BIO_SHORTCUT,Ridge_grid,raw,3,4,0.40794451584217456,0.5385647355786134,2.3653351315419298,2.9793743067486185,23.0,TmApp,
BIO_SHORTCUT,ElasticNet,raw,3,4,0.42581069901774415,0.5370566295826664,2.180182182578534,2.8402943603172854,23.0,TmApp,
BIO_SHORTCUT,PLS,raw,3,4,0.412907344502055,0.4989454881582535,2.269261202791288,2.988465475741139,23.0,TmApp,
PLM_ABLANG2,Ridge_grid,raw,0,0,0.6058034805432315,0.5973181675216372,2.9942739993246663,3.544077860988374,35.0,TmApp,
PLM_ABLANG2,ElasticNet,raw,0,0,0.624063265488889,0.612323840143112,2.849634595797479,3.395809824064465,35.0,TmApp,
PLM_ABLANG2,Ridge_grid,raw,0,1,0.3983473902559458,0.3760134432951989,3.65946492691195,4.359061832439192,34.0,TmApp,
PLM_ABLANG2,ElasticNet,raw,0,1,0.4447344998822147,0.4528559408459401,3.488772290072906,4.498637041909376,34.0,TmApp,
PLM_ABLANG2,Ridge_grid,raw,0,2,0.5222319298771769,0.5965605342071778,2.8565773293368037,3.546525283622172,20.0,TmApp,
PLM_ABLANG2,ElasticNet,raw,0,2,0.31348987421198493,0.373764055168138,3.5125687778187062,4.456101012883603,20.0,TmApp,
PLM_ABLANG2,Ridge_grid,raw,0,3,0.2810309563512195,0.34044192502645654,2.5067364642053547,3.257182177778427,23.0,TmApp,
PLM_ABLANG2,ElasticNet,raw,0,3,0.3427085467716641,0.32436026459544526,2.667934227523564,3.5041143859028696,23.0,TmApp,
PLM_ABLANG2,Ridge_grid,raw,0,4,0.5399795935390679,0.5717129466607076,3.4258353452092454,4.40905506525342,50.0,TmApp,
PLM_ABLANG2,ElasticNet,raw,0,4,0.49402797422062844,0.5087413637020796,3.8722896517397327,4.855906655133457,50.0,TmApp,
PLM_ABLANG2,Ridge_grid,raw,1,0,0.4340180059091492,0.3982006113380286,3.6221275613617996,4.337003735169394,34.0,TmApp,
PLM_ABLANG2,ElasticNet,raw,1,0,0.47152573481487825,0.5012767598974978,3.3643739949977043,4.418635162124604,34.0,TmApp,
PLM_ABLANG2,Ridge_grid,raw,1,1,0.38960159847979864,0.4316333799423381,3.3717555759638893,4.196168877429505,20.0,TmApp,
PLM_ABLANG2,ElasticNet,raw,1,1,0.3270543399230805,0.3579848978337315,3.990651351027136,4.932576048285553,20.0,TmApp,
PLM_ABLANG2,Ridge_grid,raw,1,2,0.5399795935390679,0.5717129466607076,3.4258353452092454,4.40905506525342,50.0,TmApp,
PLM_ABLANG2,ElasticNet,raw,1,2,0.49402797422062844,0.5087413637020796,3.8722896517397327,4.855906655133457,50.0,TmApp,
PLM_ABLANG2,Ridge_grid,raw,1,3,0.6058034805432315,0.5973181675216372,2.9942739993246663,3.544077860988374,35.0,TmApp,
PLM_ABLANG2,ElasticNet,raw,1,3,0.624063265488889,0.612323840143112,2.849634595797479,3.395809824064465,35.0,TmApp,
PLM_ABLANG2,Ridge_grid,raw,1,4,0.38399274035954245,0.43706936578291045,2.1877655998418466,2.7164380172596023,23.0,TmApp,
PLM_ABLANG2,ElasticNet,raw,1,4,0.4153289354925102,0.41371879534834693,2.381191502917452,3.1246294667331185,23.0,TmApp,
PLM_ABLANG2,Ridge_grid,raw,2,0,0.4988876559516763,0.5116639448017071,1.9712598671620234,2.6021874250278425,23.0,TmApp,
PLM_ABLANG2,ElasticNet,raw,2,0,0.3992093071979119,0.40684838294171216,2.5343776528651887,3.2003789147527937,23.0,TmApp,
PLM_ABLANG2,Ridge_grid,raw,2,1,0.4001517384773174,0.45028665769247234,3.4055075151921863,4.204038037504683,20.0,TmApp,
PLM_ABLANG2,ElasticNet,raw,2,1,0.3391116427773876,0.3654171417015336,3.9044244238926105,4.949660661160674,20.0,TmApp,
PLM_ABLANG2,Ridge_grid,raw,2,2,0.4546584044225315,0.4216170119599761,3.533338575736309,4.216513749612944,34.0,TmApp,
PLM_ABLANG2,ElasticNet,raw,2,2,0.47058983099259327,0.4765768929378162,3.3390723597625045,4.138663602307631,34.0,TmApp,
PLM_ABLANG2,Ridge_grid,raw,2,3,0.6058034805432315,0.5973181675216372,2.9942739993246663,3.544077860988374,35.0,TmApp,
PLM_ABLANG2,ElasticNet,raw,2,3,0.624063265488889,0.612323840143112,2.849634595797479,3.395809824064465,35.0,TmApp,
PLM_ABLANG2,Ridge_grid,raw,2,4,0.45996366386433574,0.4321030444764884,4.001162949832965,5.541455823735206,50.0,TmApp,
PLM_ABLANG2,ElasticNet,raw,2,4,0.6036242063189334,0.6238864354189224,3.466007574392948,4.399627799663289,50.0,TmApp,
PLM_ABLANG2,Ridge_grid,raw,3,0,0.6058034805432315,0.5973181675216372,2.9942739993246663,3.544077860988374,35.0,TmApp,
PLM_ABLANG2,ElasticNet,raw,3,0,0.624063265488889,0.612323840143112,2.849634595797479,3.395809824064465,35.0,TmApp,
PLM_ABLANG2,Ridge_grid,raw,3,1,0.41307597995634654,0.3803601548791376,3.5095686955390897,4.1247904813959195,34.0,TmApp,
PLM_ABLANG2,ElasticNet,raw,3,1,0.5369375321374749,0.53375555527382,3.2710197979901956,4.034897824550104,34.0,TmApp,
PLM_ABLANG2,Ridge_grid,raw,3,2,0.4173618311108889,0.36972208750776026,4.455310468006388,6.065563875092499,50.0,TmApp,
PLM_ABLANG2,ElasticNet,raw,3,2,0.5759333709974286,0.590665194593904,3.7384921003178277,4.592147782850785,50.0,TmApp,
PLM_ABLANG2,Ridge_grid,raw,3,3,0.4001517384773174,0.45028665769247234,3.4055075151921863,4.204038037504683,20.0,TmApp,
PLM_ABLANG2,ElasticNet,raw,3,3,0.3391116427773876,0.3654171417015336,3.9044244238926105,4.949660661160674,20.0,TmApp,
PLM_ABLANG2,Ridge_grid,raw,3,4,0.518615594957509,0.5289839071021227,1.9030667116956925,2.5486299174456906,23.0,TmApp,
PLM_ABLANG2,ElasticNet,raw,3,4,0.4640244796988238,0.4196755220878947,2.5073403227568236,3.1954102780750957,23.0,TmApp,
PLM_ESM1B,Ridge_grid,raw,0,0,0.7508985409191087,0.7443531293974838,2.028285161466361,2.676413608030962,35.0,TmApp,
PLM_ESM1B,ElasticNet,raw,0,0,0.6517338626757697,0.6411236499358952,2.4567901766312654,3.242492571063767,35.0,TmApp,
PLM_ESM1B,Ridge_grid,raw,0,1,0.29791853245121847,0.4120558675352036,3.5685677244871075,4.412103995588091,34.0,TmApp,
PLM_ESM1B,ElasticNet,raw,0,1,0.2051443131986808,0.2775893705683801,4.031933755190039,5.294804859336588,34.0,TmApp,
PLM_ESM1B,Ridge_grid,raw,0,2,0.3579511784872425,0.45169406272486684,2.680087753254366,3.4492720661959773,20.0,TmApp,
PLM_ESM1B,ElasticNet,raw,0,2,0.2509426156552669,0.405685367860661,3.4715624823996634,4.27907873714842,20.0,TmApp,
PLM_ESM1B,Ridge_grid,raw,0,3,0.503866121741213,0.40833241734756115,2.3733862130019374,3.0992799434547234,23.0,TmApp,
PLM_ESM1B,ElasticNet,raw,0,3,0.6073253056722814,0.5370179702519763,2.7019945683167674,3.2719416195625772,23.0,TmApp,
PLM_ESM1B,Ridge_grid,raw,0,4,0.4650919126832847,0.502160148255103,3.6329816614225297,4.749810739326022,50.0,TmApp,
PLM_ESM1B,ElasticNet,raw,0,4,0.5126297280660637,0.5273429439861581,4.048997170694347,4.838581043464872,50.0,TmApp,
PLM_ESM1B,Ridge_grid,raw,1,0,0.2731175035421243,0.4018291578587637,3.5280117787777083,4.343882307628828,34.0,TmApp,
PLM_ESM1B,ElasticNet,raw,1,0,0.20560359151181215,0.295580232718007,3.7522395575301335,5.075347340115897,34.0,TmApp,
PLM_ESM1B,Ridge_grid,raw,1,1,0.30972196707001404,0.46162918969136646,3.138426939505166,3.6727800725459616,20.0,TmApp,
PLM_ESM1B,ElasticNet,raw,1,1,0.33685089849220495,0.45309906218814494,3.433894214389427,4.282806644798206,20.0,TmApp,
PLM_ESM1B,Ridge_grid,raw,1,2,0.4650919126832847,0.502160148255103,3.6329816614225297,4.749810739326022,50.0,TmApp,
PLM_ESM1B,ElasticNet,raw,1,2,0.5126297280660637,0.5273429439861581,4.048997170694347,4.838581043464872,50.0,TmApp,
PLM_ESM1B,Ridge_grid,raw,1,3,0.7508985409191087,0.7443531293974838,2.028285161466361,2.676413608030962,35.0,TmApp,
PLM_ESM1B,ElasticNet,raw,1,3,0.6517338626757697,0.6411236499358952,2.4567901766312654,3.242492571063767,35.0,TmApp,
PLM_ESM1B,Ridge_grid,raw,1,4,0.5526113141702741,0.4247404543107039,2.2202979683201782,2.884181464387439,23.0,TmApp,
PLM_ESM1B,ElasticNet,raw,1,4,0.5774813103075501,0.5084839559112381,2.745621604203729,3.357776784923358,23.0,TmApp,
PLM_ESM1B,Ridge_grid,raw,2,0,0.4934326219402762,0.3429550667565468,2.8957947897052123,3.5323476566501184,23.0,TmApp,
PLM_ESM1B,ElasticNet,raw,2,0,0.5117813727058945,0.5071087480648314,2.7851879209272594,3.337828444125795,23.0,TmApp,
PLM_ESM1B,Ridge_grid,raw,2,1,0.33006866563665727,0.4175867158554103,2.978285833669246,3.7516507099934935,20.0,TmApp,
PLM_ESM1B,ElasticNet,raw,2,1,0.3496617827749063,0.45681850789120404,3.471676038456283,4.28322159338511,20.0,TmApp,
PLM_ESM1B,Ridge_grid,raw,2,2,0.28155732726705285,0.33088872119048374,3.4591612803957106,4.411916589394067,34.0,TmApp,
PLM_ESM1B,ElasticNet,raw,2,2,0.2002151396833722,0.2491786907127782,4.180204497543765,5.484838275097329,34.0,TmApp,
PLM_ESM1B,Ridge_grid,raw,2,3,0.7508985409191087,0.7443531293974838,2.028285161466361,2.676413608030962,35.0,TmApp,
PLM_ESM1B,ElasticNet,raw,2,3,0.6517338626757697,0.6411236499358952,2.4567901766312654,3.242492571063767,35.0,TmApp,
PLM_ESM1B,Ridge_grid,raw,2,4,0.5326831020489481,0.557692524760622,3.7105663589503206,4.838851343065917,50.0,TmApp,
PLM_ESM1B,ElasticNet,raw,2,4,0.4699127211704922,0.48864198207214193,4.112372804706253,5.048395579837933,50.0,TmApp,
PLM_ESM1B,Ridge_grid,raw,3,0,0.7508985409191087,0.7443531293974838,2.028285161466361,2.676413608030962,35.0,TmApp,
PLM_ESM1B,ElasticNet,raw,3,0,0.6517338626757697,0.6411236499358952,2.4567901766312654,3.242492571063767,35.0,TmApp,
PLM_ESM1B,Ridge_grid,raw,3,1,0.28814269617414534,0.3609418955842612,3.410558704769059,4.280404695041231,34.0,TmApp,
PLM_ESM1B,ElasticNet,raw,3,1,0.14345893002931678,0.18340671742173803,3.950456143256099,5.268549414641311,34.0,TmApp,
PLM_ESM1B,Ridge_grid,raw,3,2,0.47778148119800024,0.5146171706679078,3.706254986200804,4.850358126934349,50.0,TmApp,
PLM_ESM1B,ElasticNet,raw,3,2,0.5291646203731172,0.5161995971738168,3.8552773985286173,4.750086235529786,50.0,TmApp,
PLM_ESM1B,Ridge_grid,raw,3,3,0.33006866563665727,0.4175867158554103,2.978285833669246,3.7516507099934935,20.0,TmApp,
PLM_ESM1B,ElasticNet,raw,3,3,0.3496617827749063,0.45681850789120404,3.471676038456283,4.28322159338511,20.0,TmApp,
PLM_ESM1B,Ridge_grid,raw,3,4,0.4709724398226565,0.3290184410635282,3.0229453676814493,3.6003129404579086,23.0,TmApp,
PLM_ESM1B,ElasticNet,raw,3,4,0.518615594957509,0.4936873108427846,2.8929908959361086,3.3908750262238985,23.0,TmApp,
PLM_ESM2,Ridge_grid,raw,0,0,0.62027084861556,0.6958012335769153,2.6044588930201478,3.319572503541073,35.0,TmApp,
PLM_ESM2,ElasticNet,raw,0,0,0.41182838046667175,0.4091230383084549,3.4082105668233567,4.1749698390716565,35.0,TmApp,
PLM_ESM2,Ridge_grid,raw,0,1,0.18049637706063032,0.31409604377625233,3.63784770799277,4.404892449067956,34.0,TmApp,
PLM_ESM2,ElasticNet,raw,0,1,-0.022657730114481165,0.0741878820968101,4.686385864573764,6.049337199195794,34.0,TmApp,
PLM_ESM2,Ridge_grid,raw,0,2,0.22456726566147003,0.3902719744930978,2.958641089932062,3.6139287763463503,20.0,TmApp,
PLM_ESM2,ElasticNet,raw,0,2,0.3903551799081928,0.38712339305033266,3.614668046318845,4.854600107408988,20.0,TmApp,
PLM_ESM2,Ridge_grid,raw,0,3,0.32629434932106194,0.28252008673705803,2.768924316056368,3.4722439545407973,23.0,TmApp,
PLM_ESM2,ElasticNet,raw,0,3,0.10594618354479601,0.04497103285850729,4.290302466134017,4.97892103002108,23.0,TmApp,
PLM_ESM2,Ridge_grid,raw,0,4,0.40255733451038755,0.432296722064183,3.7577385817836184,4.858470244491019,50.0,TmApp,
PLM_ESM2,ElasticNet,raw,0,4,0.33877302610498045,0.3939028533690157,4.208719239060701,5.423329180245996,50.0,TmApp,
PLM_ESM2,Ridge_grid,raw,1,0,0.1677896770639956,0.31419562439581944,3.643739889119988,4.383041103098655,34.0,TmApp,
PLM_ESM2,ElasticNet,raw,1,0,-0.030618554208758326,0.10167409666098973,4.337021196185738,5.727936601835598,34.0,TmApp,
PLM_ESM2,Ridge_grid,raw,1,1,0.18688819424176029,0.3656185692460002,3.2601337544696243,3.910592964845935,20.0,TmApp,
PLM_ESM2,ElasticNet,raw,1,1,0.2991718270724953,0.3249781924179079,3.9827808179202444,5.3495430914616975,20.0,TmApp,
PLM_ESM2,Ridge_grid,raw,1,2,0.40255733451038755,0.432296722064183,3.7577385817836184,4.858470244491019,50.0,TmApp,
PLM_ESM2,ElasticNet,raw,1,2,0.33877302610498045,0.3939028533690157,4.208719239060701,5.423329180245996,50.0,TmApp,
PLM_ESM2,Ridge_grid,raw,1,3,0.62027084861556,0.6958012335769153,2.6044588930201478,3.319572503541073,35.0,TmApp,
PLM_ESM2,ElasticNet,raw,1,3,0.41182838046667175,0.4091230383084549,3.4082105668233567,4.1749698390716565,35.0,TmApp,
PLM_ESM2,Ridge_grid,raw,1,4,0.3357449478532268,0.2798042289549608,2.4218774243621097,3.241060326589332,23.0,TmApp,
PLM_ESM2,ElasticNet,raw,1,4,0.1079357832357781,-0.035504853601679584,4.297277646065799,5.15322078210002,23.0,TmApp,
PLM_ESM2,Ridge_grid,raw,2,0,0.2871331538727839,0.2616902521270343,2.560505495423884,3.327123259264407,23.0,TmApp,
PLM_ESM2,ElasticNet,raw,2,0,0.09967834875376434,-0.05867780843328907,4.141030357226445,4.95652037652711,23.0,TmApp,
PLM_ESM2,Ridge_grid,raw,2,1,0.17784521710102993,0.36527138975156914,3.246034712925403,3.905867889098935,20.0,TmApp,
PLM_ESM2,ElasticNet,raw,2,1,0.2908824313601591,0.31914899095819765,4.0970853979746895,5.410024210444028,20.0,TmApp,
PLM_ESM2,Ridge_grid,raw,2,2,0.1058520746145449,0.20280755315190954,3.5568667890076817,4.587100753634299,34.0,TmApp,
PLM_ESM2,ElasticNet,raw,2,2,-0.06081515719533188,-0.029748187994581583,4.625884597005424,5.99234107144139,34.0,TmApp,
PLM_ESM2,Ridge_grid,raw,2,3,0.62027084861556,0.6958012335769153,2.6044588930201478,3.319572503541073,35.0,TmApp,
PLM_ESM2,ElasticNet,raw,2,3,0.41182838046667175,0.4091230383084549,3.4082105668233567,4.1749698390716565,35.0,TmApp,
PLM_ESM2,Ridge_grid,raw,2,4,0.48120754468231236,0.49273423424913637,3.766664476581874,4.859192917436857,50.0,TmApp,
PLM_ESM2,ElasticNet,raw,2,4,0.3613382262206976,0.40598876064108286,4.406628132260787,5.546040142309595,50.0,TmApp,
PLM_ESM2,Ridge_grid,raw,3,0,0.62027084861556,0.6958012335769153,2.6044588930201478,3.319572503541073,35.0,TmApp,
PLM_ESM2,ElasticNet,raw,3,0,0.41182838046667175,0.4091230383084549,3.4082105668233567,4.1749698390716565,35.0,TmApp,
PLM_ESM2,Ridge_grid,raw,3,1,0.16183147176199342,0.22836556289831544,3.5388755927217055,4.294651472409951,34.0,TmApp,
PLM_ESM2,ElasticNet,raw,3,1,-0.05726108840017553,-0.06794199939375156,4.64504618356544,5.952972134057979,34.0,TmApp,
PLM_ESM2,Ridge_grid,raw,3,2,0.3238243298622664,0.38193221360917423,4.275371255114268,5.349171851894641,50.0,TmApp,
PLM_ESM2,ElasticNet,raw,3,2,0.3609317044583284,0.4021605856332595,4.234406971364831,5.390821700243033,50.0,TmApp,
PLM_ESM2,Ridge_grid,raw,3,3,0.17784521710102993,0.36527138975156914,3.246034712925403,3.905867889098935,20.0,TmApp,
PLM_ESM2,ElasticNet,raw,3,3,0.2908824313601591,0.31914899095819765,4.0970853979746895,5.410024210444028,20.0,TmApp,
PLM_ESM2,Ridge_grid,raw,3,4,0.2630299189736648,0.25234001183220867,2.563985658905159,3.3271093464131507,23.0,TmApp,
PLM_ESM2,ElasticNet,raw,3,4,0.08784206727988428,-0.04933494701907321,4.332882947218603,5.055820630160993,23.0,TmApp,
PLM_ESM2_CDR6,Ridge_grid,raw,0,0,0.6131073945214944,0.6477550961820959,2.466098817200353,3.0073331386293676,35.0,TmApp,
PLM_ESM2_CDR6,ElasticNet,raw,0,0,0.516049614541116,0.5338229644924812,3.1654987291660928,3.6884499156343638,35.0,TmApp,
PLM_ESM2_CDR6,Ridge_grid,raw,0,1,0.28368090474414587,0.44604845966569395,3.5494024070127956,4.2697213233542435,34.0,TmApp,
PLM_ESM2_CDR6,ElasticNet,raw,0,1,0.31919842762630557,0.4307452938768363,3.458233453333263,4.334141671554232,34.0,TmApp,
PLM_ESM2_CDR6,Ridge_grid,raw,0,2,0.2418996385145365,0.3929105525105274,2.929900519696608,3.6676873001639785,20.0,TmApp,
PLM_ESM2_CDR6,ElasticNet,raw,0,2,0.15674493710599247,0.3517080546911356,3.9363159196400113,4.838216871550705,20.0,TmApp,
PLM_ESM2_CDR6,Ridge_grid,raw,0,3,0.4367171321705677,0.48768768056215517,2.350729921301411,2.8952827321344303,23.0,TmApp,
PLM_ESM2_CDR6,ElasticNet,raw,0,3,0.2646167589006173,0.2952347644591218,3.1209697953974223,4.002098527809657,23.0,TmApp,
PLM_ESM2_CDR6,Ridge_grid,raw,0,4,0.45557473629724815,0.46156230416098687,3.5743470361753715,4.758575623832846,50.0,TmApp,
PLM_ESM2_CDR6,ElasticNet,raw,0,4,0.3178640779841424,0.35924571057363536,4.028241197663817,5.254237296275464,50.0,TmApp,
PLM_ESM2_CDR6,Ridge_grid,raw,1,0,0.2695963698081171,0.4478474994122992,3.549877207836456,4.253156397413665,34.0,TmApp,
PLM_ESM2_CDR6,ElasticNet,raw,1,0,0.2919479143805106,0.4167278090858611,3.4468310476231387,4.295868075272828,34.0,TmApp,
PLM_ESM2_CDR6,Ridge_grid,raw,1,1,0.17407730995905896,0.3784647509327433,3.2454592876539543,3.940770376994152,20.0,TmApp,
PLM_ESM2_CDR6,ElasticNet,raw,1,1,0.2584784299392087,0.4219533618010763,3.8523968689681185,4.799912203485956,20.0,TmApp,
PLM_ESM2_CDR6,Ridge_grid,raw,1,2,0.45557473629724815,0.46156230416098687,3.5743470361753715,4.758575623832846,50.0,TmApp,
PLM_ESM2_CDR6,ElasticNet,raw,1,2,0.3178640779841424,0.35924571057363536,4.028241197663817,5.254237296275464,50.0,TmApp,
PLM_ESM2_CDR6,Ridge_grid,raw,1,3,0.6131073945214944,0.6477550961820959,2.466098817200353,3.0073331386293676,35.0,TmApp,
PLM_ESM2_CDR6,ElasticNet,raw,1,3,0.516049614541116,0.5338229644924812,3.1654987291660928,3.6884499156343638,35.0,TmApp,
PLM_ESM2_CDR6,Ridge_grid,raw,1,4,0.41682113526074677,0.384487298035962,2.87083895709176,3.391284728701869,23.0,TmApp,
PLM_ESM2_CDR6,ElasticNet,raw,1,4,0.27058555797356354,0.16318793409614743,3.1908892695947237,3.9375383370550945,23.0,TmApp,
PLM_ESM2_CDR6,Ridge_grid,raw,2,0,0.471612485894676,0.41451583419621657,2.35994405438377,2.995687280680274,23.0,TmApp,
PLM_ESM2_CDR6,ElasticNet,raw,2,0,0.39325836100365735,0.23429335674893395,2.71784144458849,3.526165398281947,23.0,TmApp,
PLM_ESM2_CDR6,Ridge_grid,raw,2,1,0.17407730995905896,0.3783263483158062,3.2588995526985953,3.943531144444896,20.0,TmApp,
PLM_ESM2_CDR6,ElasticNet,raw,2,1,0.22833517280344096,0.42922382944015813,3.7911793690329745,4.774794774411474,20.0,TmApp,
PLM_ESM2_CDR6,Ridge_grid,raw,2,2,0.23697997022966857,0.31606896800424095,3.496125089373001,4.250484914353639,34.0,TmApp,
PLM_ESM2_CDR6,ElasticNet,raw,2,2,0.41988500219749286,0.4355176430784763,3.404807721489048,4.302444393741708,34.0,TmApp,
PLM_ESM2_CDR6,Ridge_grid,raw,2,3,0.6131073945214944,0.6477550961820959,2.466098817200353,3.0073331386293676,35.0,TmApp,
PLM_ESM2_CDR6,ElasticNet,raw,2,3,0.516049614541116,0.5338229644924812,3.1654987291660928,3.6884499156343638,35.0,TmApp,
PLM_ESM2_CDR6,Ridge_grid,raw,2,4,0.44751532646194675,0.4767632660364489,3.6983693209913806,4.838767721042822,50.0,TmApp,
PLM_ESM2_CDR6,ElasticNet,raw,2,4,0.27693945989407553,0.3446768992718483,4.228675665102353,5.4414185003159865,50.0,TmApp,
PLM_ESM2_CDR6,Ridge_grid,raw,3,0,0.6131073945214944,0.6477550961820959,2.466098817200353,3.0073331386293676,35.0,TmApp,
PLM_ESM2_CDR6,ElasticNet,raw,3,0,0.516049614541116,0.5338229644924812,3.1654987291660928,3.6884499156343638,35.0,TmApp,
PLM_ESM2_CDR6,Ridge_grid,raw,3,1,0.2391492515536743,0.36493447165575543,3.4387943449655864,4.155866103728049,34.0,TmApp,
PLM_ESM2_CDR6,ElasticNet,raw,3,1,0.22598226331192267,0.3002540907599983,3.5521576408282662,4.463072825814079,34.0,TmApp,
PLM_ESM2_CDR6,Ridge_grid,raw,3,2,0.3492034668916974,0.39155495084759967,3.8874503550812745,5.08855299720757,50.0,TmApp,
PLM_ESM2_CDR6,ElasticNet,raw,3,2,0.29152361000662697,0.3485000897037588,4.054694701698306,5.2988985909687365,50.0,TmApp,
PLM_ESM2_CDR6,Ridge_grid,raw,3,3,0.17407730995905896,0.3783263483158062,3.2588995526985953,3.943531144444896,20.0,TmApp,
PLM_ESM2_CDR6,ElasticNet,raw,3,3,0.22833517280344096,0.42922382944015813,3.7911793690329745,4.774794774411474,20.0,TmApp,
PLM_ESM2_CDR6,Ridge_grid,raw,3,4,0.359805077841334,0.36437143995197435,2.8465561031714044,3.4756551107821503,23.0,TmApp,
PLM_ESM2_CDR6,ElasticNet,raw,3,4,0.2779184049533063,0.2114605751664838,2.841116880621264,3.6154185132603285,23.0,TmApp,
ABB_STRUCTURE,Ridge_grid,raw,0,0,0.5968140479546004,0.5023395935727312,2.858688222577588,3.5885393367976794,35.0,TmApp,
ABB_STRUCTURE,ElasticNet,raw,0,0,0.48851947723843253,0.45684896868575015,3.6698303917003656,4.724492315912968,35.0,TmApp,
ABB_STRUCTURE,PLS,raw,0,0,0.46618635565105165,0.4731507830999318,3.7443806760269256,4.8083831726284005,35.0,TmApp,
ABB_STRUCTURE,kNN,raw,0,0,0.29721311496162256,0.25776672260489636,3.0711169388916493,3.9206555732642223,35.0,TmApp,
ABB_STRUCTURE,Ridge_grid,raw,0,1,-0.02694432770370733,-0.06169135758498227,11.455932245921296,13.772104729894249,34.0,TmApp,
ABB_STRUCTURE,ElasticNet,raw,0,1,-0.01974896746464912,-0.005739438363224575,6.124679749918833,7.563844785680893,34.0,TmApp,
ABB_STRUCTURE,PLS,raw,0,1,0.07394380841415135,0.10148484756062605,5.66565609888469,6.82555454170748,34.0,TmApp,
ABB_STRUCTURE,kNN,raw,0,1,0.06338040721212973,0.09166937776701305,3.921041799912184,4.8442949845574725,34.0,TmApp,
ABB_STRUCTURE,Ridge_grid,raw,0,2,0.2961575013589185,0.42456817414445425,2.615674266273097,3.453336752147656,20.0,TmApp,
ABB_STRUCTURE,ElasticNet,raw,0,2,0.02712893142219101,-0.0038463886706104743,4.399005984370101,5.465793234763838,20.0,TmApp,
ABB_STRUCTURE,PLS,raw,0,2,-0.05953293284314138,-0.04640438376456209,4.424236044271304,5.326630694197534,20.0,TmApp,
ABB_STRUCTURE,kNN,raw,0,2,0.5124353713080524,0.6527481128419208,2.672608343553013,3.1072532670450004,20.0,TmApp,
ABB_STRUCTURE,Ridge_grid,raw,0,3,0.31336195132967837,0.3131307733235881,2.3450554939240815,3.200677785229726,23.0,TmApp,
ABB_STRUCTURE,ElasticNet,raw,0,3,0.3471851460763738,0.008177222525556607,5.532920936699223,12.20500745748643,23.0,TmApp,
ABB_STRUCTURE,PLS,raw,0,3,0.2651141588233628,0.04313662252589066,3.8832999679874614,6.851418356321153,23.0,TmApp,
ABB_STRUCTURE,kNN,raw,0,3,0.15867057535582127,0.17222762414526632,2.8913850685395506,3.8522781169673572,23.0,TmApp,
ABB_STRUCTURE,Ridge_grid,raw,0,4,0.2995987899705368,0.37808478857010874,3.915307361090359,5.21376277619117,50.0,TmApp,
ABB_STRUCTURE,ElasticNet,raw,0,4,0.24845598353244097,0.20033635331535785,4.9982020290348546,6.454930144335202,50.0,TmApp,
ABB_STRUCTURE,PLS,raw,0,4,0.2630201473959213,0.25552925216957917,4.934382691433752,6.169188406684582,50.0,TmApp,
ABB_STRUCTURE,kNN,raw,0,4,0.2950805345145396,0.3425412754254623,3.9841969639013244,5.025872861817315,50.0,TmApp,
ABB_STRUCTURE,Ridge_grid,raw,1,0,-0.02648504939057595,-0.07178850486016279,10.930775963619578,13.340354887361507,34.0,TmApp,
ABB_STRUCTURE,ElasticNet,raw,1,0,-0.07271906624580102,-0.03812684869932631,6.105008943773139,7.60151329341327,34.0,TmApp,
ABB_STRUCTURE,PLS,raw,1,0,0.039957213242429616,0.06254145222334538,5.665862626187824,6.785362835629756,34.0,TmApp,
ABB_STRUCTURE,kNN,raw,1,0,0.0076546385521895815,0.057836669968945,3.9916250227733316,4.901872921093135,34.0,TmApp,
ABB_STRUCTURE,Ridge_grid,raw,1,1,0.14996270425044475,0.3328739910741576,3.0001241108880814,3.877115518467872,20.0,TmApp,
ABB_STRUCTURE,ElasticNet,raw,1,1,-0.07385097998263107,-0.06916318072579128,4.956394697352199,5.883908646239793,20.0,TmApp,
ABB_STRUCTURE,PLS,raw,1,1,-0.16202000710475187,-0.0920303074917134,4.8782976935424625,5.674703442024953,20.0,TmApp,
ABB_STRUCTURE,kNN,raw,1,1,0.39336950562176964,0.5515860000631174,3.0316025865327534,3.6711134063818993,20.0,TmApp,
ABB_STRUCTURE,Ridge_grid,raw,1,2,0.2995987899705368,0.37808478857010874,3.915307361090359,5.21376277619117,50.0,TmApp,
ABB_STRUCTURE,ElasticNet,raw,1,2,0.24845598353244097,0.20033635331535785,4.9982020290348546,6.454930144335202,50.0,TmApp,
ABB_STRUCTURE,PLS,raw,1,2,0.2630201473959213,0.25552925216957917,4.934382691433752,6.169188406684582,50.0,TmApp,
ABB_STRUCTURE,kNN,raw,1,2,0.2950805345145396,0.3425412754254623,3.9841969639013244,5.025872861817315,50.0,TmApp,
ABB_STRUCTURE,Ridge_grid,raw,1,3,0.5968140479546004,0.5023395935727312,2.858688222577588,3.5885393367976794,35.0,TmApp,
ABB_STRUCTURE,ElasticNet,raw,1,3,0.48851947723843253,0.45684896868575015,3.6698303917003656,4.724492315912968,35.0,TmApp,
ABB_STRUCTURE,PLS,raw,1,3,0.46618635565105165,0.4731507830999318,3.7443806760269256,4.8083831726284005,35.0,TmApp,
ABB_STRUCTURE,kNN,raw,1,3,0.29721311496162256,0.25776672260489636,3.0711169388916493,3.9206555732642223,35.0,TmApp,
ABB_STRUCTURE,Ridge_grid,raw,1,4,0.34867734584461035,0.2964033251020208,2.082894479559526,2.921553856999689,23.0,TmApp,
ABB_STRUCTURE,ElasticNet,raw,1,4,0.33276054831675367,-0.012297970680697832,5.626989385306539,12.787923627702666,23.0,TmApp,
ABB_STRUCTURE,PLS,raw,1,4,0.14872257690091084,0.009018402757437961,4.138208145376015,7.112906492364908,23.0,TmApp,
ABB_STRUCTURE,kNN,raw,1,4,0.25168436090923374,0.2645772782528106,2.461660395073114,3.255251477659175,23.0,TmApp,
ABB_STRUCTURE,Ridge_grid,raw,2,0,0.36548727876380255,0.3187535542265308,2.0276326945644443,2.8882584813033265,23.0,TmApp,
ABB_STRUCTURE,ElasticNet,raw,2,0,0.31887153357547493,-0.010268857230569757,5.908893712227757,13.305942854224186,23.0,TmApp,
ABB_STRUCTURE,PLS,raw,2,0,0.19737304877611048,0.002389514853935836,4.155609026732067,7.351034104910627,23.0,TmApp,
ABB_STRUCTURE,kNN,raw,2,0,0.2459724426958563,0.30749462552918466,2.3787679820909395,3.112241485192417,23.0,TmApp,
ABB_STRUCTURE,Ridge_grid,raw,2,1,0.13639823853934924,0.3361858660780695,3.030527086257326,3.8845801410083447,20.0,TmApp,
ABB_STRUCTURE,ElasticNet,raw,2,1,-0.08063321283817883,-0.06849945480932826,5.004255432308485,5.899316781773752,20.0,TmApp,
ABB_STRUCTURE,PLS,raw,2,1,-0.1281088428270131,-0.07257667054508017,4.807307028222896,5.605559409168793,20.0,TmApp,
ABB_STRUCTURE,kNN,raw,2,1,0.4016589013341057,0.5457544391576294,2.9799856091036823,3.662055869344273,20.0,TmApp,
ABB_STRUCTURE,Ridge_grid,raw,2,2,-0.06387889307418991,-0.1401239152003233,9.74048014790806,12.494629493886825,34.0,TmApp,
ABB_STRUCTURE,ElasticNet,raw,2,2,-0.12821734653020853,-0.16877451207138017,7.2190485000729625,9.571574796686575,34.0,TmApp,
ABB_STRUCTURE,PLS,raw,2,2,-0.006127471757716058,-0.12969218077730493,7.19049194786038,10.530406218625656,34.0,TmApp,
ABB_STRUCTURE,kNN,raw,2,2,0.037990324897839566,0.05779020622774303,3.818173503167212,4.6181235376285485,34.0,TmApp,
ABB_STRUCTURE,Ridge_grid,raw,2,3,0.5968140479546004,0.5023395935727312,2.858688222577588,3.5885393367976794,35.0,TmApp,
ABB_STRUCTURE,ElasticNet,raw,2,3,0.48851947723843253,0.45684896868575015,3.6698303917003656,4.724492315912968,35.0,TmApp,
ABB_STRUCTURE,PLS,raw,2,3,0.46618635565105165,0.4731507830999318,3.7443806760269256,4.8083831726284005,35.0,TmApp,
ABB_STRUCTURE,kNN,raw,2,3,0.29721311496162256,0.25776672260489636,3.0711169388916493,3.9206555732642223,35.0,TmApp,
ABB_STRUCTURE,Ridge_grid,raw,2,4,0.29419410517383476,0.3626555970288077,4.080477694814724,5.181833365734986,50.0,TmApp,
ABB_STRUCTURE,ElasticNet,raw,2,4,0.22685773181187718,0.19976541562491093,5.011078396002265,6.457112329658661,50.0,TmApp,
ABB_STRUCTURE,PLS,raw,2,4,0.2156109713788307,0.22083655198736557,4.886403273607329,6.219870450769863,50.0,TmApp,
ABB_STRUCTURE,kNN,raw,2,4,0.2714122058350997,0.32139356494746313,4.109168927052481,5.216824491137645,50.0,TmApp,
ABB_STRUCTURE,Ridge_grid,raw,3,0,0.5968140479546004,0.5023395935727312,2.858688222577588,3.5885393367976794,35.0,TmApp,
ABB_STRUCTURE,ElasticNet,raw,3,0,0.48851947723843253,0.45684896868575015,3.6698303917003656,4.724492315912968,35.0,TmApp,
ABB_STRUCTURE,PLS,raw,3,0,0.46618635565105165,0.4731507830999318,3.7443806760269256,4.8083831726284005,35.0,TmApp,
ABB_STRUCTURE,kNN,raw,3,0,0.29721311496162256,0.25776672260489636,3.0711169388916493,3.9206555732642223,35.0,TmApp,
ABB_STRUCTURE,Ridge_grid,raw,3,1,-0.02265946813696786,-0.06328870979182494,11.545146846063052,13.792383022926202,34.0,TmApp,
ABB_STRUCTURE,ElasticNet,raw,3,1,-0.07456189853177937,-0.059923045083002585,6.141961999600959,7.652797934305298,34.0,TmApp,
ABB_STRUCTURE,PLS,raw,3,1,0.06476320960768515,0.054114391203894156,5.732101203920584,6.927282620735657,34.0,TmApp,
ABB_STRUCTURE,kNN,raw,3,1,0.06552873217988002,0.0852898013493188,3.7999893718271665,4.679191971356886,34.0,TmApp,
ABB_STRUCTURE,Ridge_grid,raw,3,2,0.20375409444651138,0.2959617693196692,4.016630712492181,5.3565504423654335,50.0,TmApp,
ABB_STRUCTURE,ElasticNet,raw,3,2,0.26710580392528044,0.24236813720342462,4.763583233899246,6.217329922033693,50.0,TmApp,
ABB_STRUCTURE,PLS,raw,3,2,0.26239528227966635,0.26161422330151596,4.718267859921634,6.010520068215649,50.0,TmApp,
ABB_STRUCTURE,kNN,raw,3,2,0.2324017566994297,0.28966109641607857,4.1545823684945455,5.234440288854128,50.0,TmApp,
ABB_STRUCTURE,Ridge_grid,raw,3,3,0.13639823853934924,0.3361858660780695,3.030527086257326,3.8845801410083447,20.0,TmApp,
ABB_STRUCTURE,ElasticNet,raw,3,3,-0.08063321283817883,-0.06849945480932826,5.004255432308485,5.899316781773752,20.0,TmApp,
ABB_STRUCTURE,PLS,raw,3,3,-0.1281088428270131,-0.07257667054508017,4.807307028222896,5.605559409168793,20.0,TmApp,
ABB_STRUCTURE,kNN,raw,3,3,0.4016589013341057,0.5457544391576294,2.9799856091036823,3.662055869344273,20.0,TmApp,
ABB_STRUCTURE,Ridge_grid,raw,3,4,0.33399836880995554,0.3052403902109755,2.068847964794575,2.904558274651325,23.0,TmApp,
ABB_STRUCTURE,ElasticNet,raw,3,4,0.3369760660058838,-0.02269648220682734,5.535439863626292,12.361954121192644,23.0,TmApp,
ABB_STRUCTURE,PLS,raw,3,4,0.15930679998216304,-0.005747581503964221,3.970995569886254,6.951183955059406,23.0,TmApp,
ABB_STRUCTURE,kNN,raw,3,4,0.19553544919929047,0.2540590504663382,2.5769061634415036,3.3229939769404586,23.0,TmApp,
ESMFN_STRUCTURE,Ridge_grid,raw,0,0,0.28738092306780705,0.3538268400787447,2.9952109968523595,3.7765986030872254,35.0,TmApp,
ESMFN_STRUCTURE,ElasticNet,raw,0,0,0.3170179586334509,0.2809471001148713,3.7956093361092056,4.6933731260876606,35.0,TmApp,
ESMFN_STRUCTURE,PLS,raw,0,0,0.3555039669035287,0.3547612379036803,3.9278803157063975,4.9624244424295405,35.0,TmApp,
ESMFN_STRUCTURE,kNN,raw,0,0,-0.12037412075714109,-0.07238623589625379,3.7646754135358296,4.4588728600162275,35.0,TmApp,
ESMFN_STRUCTURE,Ridge_grid,raw,0,1,0.3439994565353998,0.3960925146702032,3.4819733086875972,4.314751169111708,34.0,TmApp,
ESMFN_STRUCTURE,ElasticNet,raw,0,1,0.4012561529057779,0.4116733179188936,3.6318636367970876,4.876915073476895,34.0,TmApp,
ESMFN_STRUCTURE,PLS,raw,0,1,0.4918870733637024,0.46395802485226495,3.622774749626828,4.790330003815893,34.0,TmApp,
ESMFN_STRUCTURE,kNN,raw,0,1,0.04118195541077995,0.0772243137292682,3.91168758817311,4.85924446926933,34.0,TmApp,
ESMFN_STRUCTURE,Ridge_grid,raw,0,2,0.5486072798709737,0.5335799092754969,2.448337999035972,3.378042257705393,20.0,TmApp,
ESMFN_STRUCTURE,ElasticNet,raw,0,2,0.18010596138621252,0.07965435002000375,3.650111583494269,5.228792728959554,20.0,TmApp,
ESMFN_STRUCTURE,PLS,raw,0,2,0.14167330853810858,0.1286793729498009,4.192168536525419,5.512115995750492,20.0,TmApp,
ESMFN_STRUCTURE,kNN,raw,0,2,0.3481546199181179,0.2229712688393693,3.138084655870582,4.110105875922063,20.0,TmApp,
ESMFN_STRUCTURE,Ridge_grid,raw,0,3,0.24869996137276063,0.29863664675723967,2.6933699952339594,3.5360685978986655,23.0,TmApp,
ESMFN_STRUCTURE,ElasticNet,raw,0,3,0.1780691723428966,0.2956905186383904,3.6078722851592344,4.259391426558184,23.0,TmApp,
ESMFN_STRUCTURE,PLS,raw,0,3,0.140266778214237,0.08961173811168459,3.845254137506992,4.631112561887266,23.0,TmApp,
ESMFN_STRUCTURE,kNN,raw,0,3,0.5580827133204749,0.5220122829511149,2.0221681081963836,2.941370442709783,23.0,TmApp,
ESMFN_STRUCTURE,Ridge_grid,raw,0,4,0.3697278826333016,0.4678655900473491,4.338891680532839,5.236938988833468,50.0,TmApp,
ESMFN_STRUCTURE,ElasticNet,raw,0,4,0.3853975770870791,0.4766358567129145,4.294536483893706,5.188905669161435,50.0,TmApp,
ESMFN_STRUCTURE,PLS,raw,0,4,0.3922710933658833,0.4774662295661649,4.273582359799274,5.26200878766245,50.0,TmApp,
ESMFN_STRUCTURE,kNN,raw,0,4,0.05993898461306904,0.09328418382386303,4.119250244919701,5.374452054917913,50.0,TmApp,
ESMFN_STRUCTURE,Ridge_grid,raw,1,0,0.37630203122563977,0.4149725174035881,3.4535319311232047,4.302148032747766,34.0,TmApp,
ESMFN_STRUCTURE,ElasticNet,raw,1,0,0.4144221312155439,0.4087930770771866,3.704269296515827,4.936502944014595,34.0,TmApp,
ESMFN_STRUCTURE,PLS,raw,1,0,0.4924994444478777,0.4674937354402124,3.664332272525483,4.811499330665768,34.0,TmApp,
ESMFN_STRUCTURE,kNN,raw,1,0,0.042865975892261654,0.06329719766280163,3.969104056280929,4.859422911258381,34.0,TmApp,
ESMFN_STRUCTURE,Ridge_grid,raw,1,1,0.5169568598784174,0.4989649302302221,2.7595358271519315,3.716442299776447,20.0,TmApp,
ESMFN_STRUCTURE,ElasticNet,raw,1,1,0.13639823853934924,0.0997436699259248,3.739854751265637,4.978873983064819,20.0,TmApp,
ESMFN_STRUCTURE,PLS,raw,1,1,0.0859082828369382,0.0901670766152991,4.289444224283063,5.383314374452265,20.0,TmApp,
ESMFN_STRUCTURE,kNN,raw,1,1,0.24566754565650742,0.1713505638434076,3.4912164773604237,4.521681184721896,20.0,TmApp,
ESMFN_STRUCTURE,Ridge_grid,raw,1,2,0.3697278826333016,0.4678655900473491,4.338891680532839,5.236938988833468,50.0,TmApp,
ESMFN_STRUCTURE,ElasticNet,raw,1,2,0.3853975770870791,0.4766358567129145,4.294536483893706,5.188905669161435,50.0,TmApp,
ESMFN_STRUCTURE,PLS,raw,1,2,0.3922710933658833,0.4774662295661649,4.273582359799274,5.26200878766245,50.0,TmApp,
ESMFN_STRUCTURE,kNN,raw,1,2,0.05993898461306904,0.09328418382386303,4.119250244919701,5.374452054917913,50.0,TmApp,
ESMFN_STRUCTURE,Ridge_grid,raw,1,3,0.28738092306780705,0.3538268400787447,2.9952109968523595,3.7765986030872254,35.0,TmApp,
ESMFN_STRUCTURE,ElasticNet,raw,1,3,0.3170179586334509,0.2809471001148713,3.7956093361092056,4.6933731260876606,35.0,TmApp,
ESMFN_STRUCTURE,PLS,raw,1,3,0.3555039669035287,0.3547612379036803,3.9278803157063975,4.9624244424295405,35.0,TmApp,
ESMFN_STRUCTURE,kNN,raw,1,3,-0.12037412075714109,-0.07238623589625379,3.7646754135358296,4.4588728600162275,35.0,TmApp,
ESMFN_STRUCTURE,Ridge_grid,raw,1,4,0.3461903462308828,0.2849311230334795,2.275903109990657,3.2622359947567783,23.0,TmApp,
ESMFN_STRUCTURE,ElasticNet,raw,1,4,0.11639158192245197,0.27794931904659087,3.3077931271357492,3.9316168647486514,23.0,TmApp,
ESMFN_STRUCTURE,PLS,raw,1,4,0.14175897798247356,0.07784672030129167,3.448652870069875,4.367813901772882,23.0,TmApp,
ESMFN_STRUCTURE,kNN,raw,1,4,0.5919059080671702,0.5478865259504057,1.7690982080637976,2.5288834013506656,23.0,TmApp,
ESMFN_STRUCTURE,Ridge_grid,raw,2,0,0.3307734259639842,0.29803261668424547,2.3656394416239324,3.2703366663496523,23.0,TmApp,
ESMFN_STRUCTURE,ElasticNet,raw,2,0,0.10215790966803708,0.24850184932255379,3.5233956609141144,4.0916239184590575,23.0,TmApp,
ESMFN_STRUCTURE,PLS,raw,2,0,0.12844125535932818,0.06418186551476501,3.6927170868820682,4.506272512856963,23.0,TmApp,
ESMFN_STRUCTURE,kNN,raw,2,0,0.5569093813456585,0.522075679777384,1.815464632072576,2.569055875539106,23.0,TmApp,
ESMFN_STRUCTURE,Ridge_grid,raw,2,1,0.5169568598784174,0.49850146162803793,2.734877167678331,3.708184219917034,20.0,TmApp,
ESMFN_STRUCTURE,ElasticNet,raw,2,1,0.12132660997146534,0.11049302820726531,3.6742836337716107,4.944839926169424,20.0,TmApp,
ESMFN_STRUCTURE,PLS,raw,2,1,0.07761888712460205,0.08275803880300724,4.226467630122173,5.406600100978734,20.0,TmApp,
ESMFN_STRUCTURE,kNN,raw,2,1,0.2351174056589887,0.1717311183020789,3.4021336452162965,4.496765896227725,20.0,TmApp,
ESMFN_STRUCTURE,Ridge_grid,raw,2,2,0.2510731552724155,0.31761656816580147,3.378885994161458,4.199529565581442,34.0,TmApp,
ESMFN_STRUCTURE,ElasticNet,raw,2,2,0.26286853840601887,0.35167024419791293,3.7242474142441853,4.94083659441908,34.0,TmApp,
ESMFN_STRUCTURE,PLS,raw,2,2,0.3524828128626163,0.3741201537898454,3.911813260119078,5.04207750515061,34.0,TmApp,
ESMFN_STRUCTURE,kNN,raw,2,2,0.01455274542457564,0.10977695949352811,3.694672546691463,4.551848091860493,34.0,TmApp,
ESMFN_STRUCTURE,Ridge_grid,raw,2,3,0.28738092306780705,0.3538268400787447,2.9952109968523595,3.7765986030872254,35.0,TmApp,
ESMFN_STRUCTURE,ElasticNet,raw,2,3,0.3170179586334509,0.2809471001148713,3.7956093361092056,4.6933731260876606,35.0,TmApp,
ESMFN_STRUCTURE,PLS,raw,2,3,0.3555039669035287,0.3547612379036803,3.9278803157063975,4.9624244424295405,35.0,TmApp,
ESMFN_STRUCTURE,kNN,raw,2,3,-0.12037412075714109,-0.07238623589625379,3.7646754135358296,4.4588728600162275,35.0,TmApp,
ESMFN_STRUCTURE,Ridge_grid,raw,2,4,0.3809479623603684,0.435361712516991,4.648761867195547,5.443965443298756,50.0,TmApp,
ESMFN_STRUCTURE,ElasticNet,raw,2,4,0.39099314582407224,0.4501427999204315,4.566190254110044,5.330190281674132,50.0,TmApp,
ESMFN_STRUCTURE,PLS,raw,2,4,0.3911373350603933,0.4466419108468553,4.517516927964001,5.4818561526608205,50.0,TmApp,
ESMFN_STRUCTURE,kNN,raw,2,4,0.03321158743262863,0.08862051104358,4.23549662024134,5.551329586507121,50.0,TmApp,
ESMFN_STRUCTURE,Ridge_grid,raw,3,0,0.28738092306780705,0.3538268400787447,2.9952109968523595,3.7765986030872254,35.0,TmApp,
ESMFN_STRUCTURE,ElasticNet,raw,3,0,0.3170179586334509,0.2809471001148713,3.7956093361092056,4.6933731260876606,35.0,TmApp,
ESMFN_STRUCTURE,PLS,raw,3,0,0.3555039669035287,0.3547612379036803,3.9278803157063975,4.9624244424295405,35.0,TmApp,
ESMFN_STRUCTURE,kNN,raw,3,0,-0.12037412075714109,-0.07238623589625379,3.7646754135358296,4.4588728600162275,35.0,TmApp,
ESMFN_STRUCTURE,Ridge_grid,raw,3,1,0.2717605131291753,0.3323693606782144,3.375530328210203,4.164912641040434,34.0,TmApp,
ESMFN_STRUCTURE,ElasticNet,raw,3,1,0.3189167035763787,0.38674189443259405,3.487925228060339,4.614198010063737,34.0,TmApp,
ESMFN_STRUCTURE,PLS,raw,3,1,0.43343888037672984,0.41694924303452624,3.5407430306140966,4.575226333694158,34.0,TmApp,
ESMFN_STRUCTURE,kNN,raw,3,1,0.16872117491174718,0.1869613635030002,3.6053051318493865,4.442885293797236,34.0,TmApp,
ESMFN_STRUCTURE,Ridge_grid,raw,3,2,0.30584744113308604,0.42972164710183175,4.066288801131797,5.023082779628665,50.0,TmApp,
ESMFN_STRUCTURE,ElasticNet,raw,3,2,0.37847599426087064,0.44655167535212636,4.383951451218309,5.200643795472462,50.0,TmApp,
ESMFN_STRUCTURE,PLS,raw,3,2,0.36905495096964247,0.4400464856300571,4.305473386858276,5.284556906266801,50.0,TmApp,
ESMFN_STRUCTURE,kNN,raw,3,2,-0.01331443363097043,0.04458842118394431,4.253902179453455,5.538854635616609,50.0,TmApp,
ESMFN_STRUCTURE,Ridge_grid,raw,3,3,0.5169568598784174,0.49850146162803793,2.734877167678331,3.708184219917034,20.0,TmApp,
ESMFN_STRUCTURE,ElasticNet,raw,3,3,0.12132660997146534,0.11049302820726531,3.6742836337716107,4.944839926169424,20.0,TmApp,
ESMFN_STRUCTURE,PLS,raw,3,3,0.07761888712460205,0.08275803880300724,4.226467630122173,5.406600100978734,20.0,TmApp,
ESMFN_STRUCTURE,kNN,raw,3,3,0.2351174056589887,0.1717311183020789,3.4021336452162965,4.496765896227725,20.0,TmApp,
ESMFN_STRUCTURE,Ridge_grid,raw,3,4,0.3052139625826489,0.28842765806442194,2.429108638669978,3.2990508590143732,23.0,TmApp,
ESMFN_STRUCTURE,ElasticNet,raw,3,4,0.10024913892958545,0.25194974560434935,3.5741369443940836,4.129307299918926,23.0,TmApp,
ESMFN_STRUCTURE,PLS,raw,3,4,0.06501305544443414,0.05971825936012776,3.7241056182756505,4.5102314007464965,23.0,TmApp,
ESMFN_STRUCTURE,kNN,raw,3,4,0.572710427350206,0.5542618182058423,1.840180003920249,2.505287256109942,23.0,TmApp,
IMGT_POS_HL,Ridge_grid,raw,0,0,0.6209731480365469,0.6210827037977935,2.5427507209096323,3.117369765678303,35.0,TmApp,
IMGT_POS_HL,ElasticNet,raw,0,0,0.4149184979190137,0.3430103165052078,3.4796955300528447,4.146405725242679,35.0,TmApp,
IMGT_POS_HL,Ridge_grid,raw,0,1,0.5136262468519209,0.40291442094403673,3.655941643589262,4.374171650476059,34.0,TmApp,
IMGT_POS_HL,ElasticNet,raw,0,1,0.24280513487545355,0.2840418267693878,4.035406400022113,4.976429039930263,34.0,TmApp,
IMGT_POS_HL,Ridge_grid,raw,0,2,0.2622463370811797,0.3221600081046541,3.175484761261063,3.7492907408711162,20.0,TmApp,
IMGT_POS_HL,ElasticNet,raw,0,2,0.11906586568628276,0.1515781257598289,3.8635500045882756,4.5148888078668,20.0,TmApp,
IMGT_POS_HL,Ridge_grid,raw,0,3,0.4362197322478221,0.4525386674277962,2.146262829256252,2.9248413503907926,23.0,TmApp,
IMGT_POS_HL,ElasticNet,raw,0,3,0.27008815805081804,0.13528160372924058,3.141749186882194,4.348147268081023,23.0,TmApp,
IMGT_POS_HL,Ridge_grid,raw,0,4,0.4703792328977495,0.42616864881918864,3.7895133133615797,4.8118328999446796,50.0,TmApp,
IMGT_POS_HL,ElasticNet,raw,0,4,0.37660139891210587,0.40251387678670814,3.833079659036879,4.888105838369334,50.0,TmApp,
IMGT_POS_HL,Ridge_grid,raw,1,0,0.5026035673367679,0.4161478616839683,3.6433279793903073,4.3558920384300714,34.0,TmApp,
IMGT_POS_HL,ElasticNet,raw,1,0,0.2781695649865694,0.29887105876250963,4.0721417579117745,4.952613187989668,34.0,TmApp,
IMGT_POS_HL,Ridge_grid,raw,1,1,0.22984233566022935,0.27857975410947866,3.4956557429684,4.074109016894185,20.0,TmApp,
IMGT_POS_HL,ElasticNet,raw,1,1,0.22155293994789324,0.2098924238036952,3.9744624653709666,4.657526116097246,20.0,TmApp,
IMGT_POS_HL,Ridge_grid,raw,1,2,0.4703792328977495,0.42616864881918864,3.7895133133615797,4.8118328999446796,50.0,TmApp,
IMGT_POS_HL,ElasticNet,raw,1,2,0.37660139891210587,0.40251387678670814,3.833079659036879,4.888105838369334,50.0,TmApp,
IMGT_POS_HL,Ridge_grid,raw,1,3,0.6209731480365469,0.6210827037977935,2.5427507209096323,3.117369765678303,35.0,TmApp,
IMGT_POS_HL,ElasticNet,raw,1,3,0.4149184979190137,0.3430103165052078,3.4796955300528447,4.146405725242679,35.0,TmApp,
IMGT_POS_HL,Ridge_grid,raw,1,4,0.5491295147110554,0.4989081021402158,1.8274103290625212,2.562170276331816,23.0,TmApp,
IMGT_POS_HL,ElasticNet,raw,1,4,0.23029616423117633,0.07748161876017577,3.2209518769613354,4.414988417127729,23.0,TmApp,
IMGT_POS_HL,Ridge_grid,raw,2,0,0.5608766788084949,0.5281583239069085,1.8449759892599977,2.504070349250423,23.0,TmApp,
IMGT_POS_HL,ElasticNet,raw,2,0,0.1934057513132741,-0.006184263305626665,3.2243572017387816,4.3687363404456345,23.0,TmApp,
IMGT_POS_HL,Ridge_grid,raw,2,1,0.2147707070923455,0.26941113377907366,3.5920072764669073,4.176731769536942,20.0,TmApp,
IMGT_POS_HL,ElasticNet,raw,2,1,0.22230652137628742,0.16572887844373727,4.4151412930763225,5.20680310122934,20.0,TmApp,
IMGT_POS_HL,Ridge_grid,raw,2,2,0.3363981994986116,0.3203985494133362,3.445011247351809,4.233436500792497,34.0,TmApp,
IMGT_POS_HL,ElasticNet,raw,2,2,0.24463930992681365,0.26071612204138284,3.8694319737259595,4.946833418441017,34.0,TmApp,
IMGT_POS_HL,Ridge_grid,raw,2,3,0.6209731480365469,0.6210827037977935,2.5427507209096323,3.117369765678303,35.0,TmApp,
IMGT_POS_HL,ElasticNet,raw,2,3,0.4149184979190137,0.3430103165052078,3.4796955300528447,4.146405725242679,35.0,TmApp,
IMGT_POS_HL,Ridge_grid,raw,2,4,0.4751515967568258,0.45287083491684,3.8226890956198374,4.894508107538034,50.0,TmApp,
IMGT_POS_HL,ElasticNet,raw,2,4,0.4157456313925292,0.41748150952772545,3.921497146615916,4.98828887257131,50.0,TmApp,
IMGT_POS_HL,Ridge_grid,raw,3,0,0.6209731480365469,0.6210827037977935,2.5427507209096323,3.117369765678303,35.0,TmApp,
IMGT_POS_HL,ElasticNet,raw,3,0,0.4149184979190137,0.3430103165052078,3.4796955300528447,4.146405725242679,35.0,TmApp,
IMGT_POS_HL,Ridge_grid,raw,3,1,0.3982248420557662,0.322774217097428,3.5268116776109943,4.1859305250180805,34.0,TmApp,
IMGT_POS_HL,ElasticNet,raw,3,1,0.22368569559533813,0.24962725304804337,3.94202182918292,4.934264132508186,34.0,TmApp,
IMGT_POS_HL,Ridge_grid,raw,3,2,0.46884110338081436,0.43808265501697863,3.8261344934367894,4.899515243794799,50.0,TmApp,
IMGT_POS_HL,ElasticNet,raw,3,2,0.39765454667515654,0.40478889399874607,3.9091894009813974,4.9837601691092415,50.0,TmApp,
IMGT_POS_HL,Ridge_grid,raw,3,3,0.2147707070923455,0.26941113377907366,3.5920072764669073,4.176731769536942,20.0,TmApp,
IMGT_POS_HL,ElasticNet,raw,3,3,0.22230652137628742,0.16572887844373727,4.4151412930763225,5.20680310122934,20.0,TmApp,
IMGT_POS_HL,Ridge_grid,raw,3,4,0.5310226666072102,0.5185949344682045,1.8340886593511712,2.508355163904916,23.0,TmApp,
IMGT_POS_HL,ElasticNet,raw,3,4,0.12059673643509539,-0.03591279981218058,3.29676003180436,4.434602476108348,23.0,TmApp,
IMGT_POS_H,Ridge_grid,raw,0,0,0.2886450620255833,0.2642990377076778,3.2895074149333103,4.198259806052814,35.0,TmApp,
IMGT_POS_H,ElasticNet,raw,0,0,0.0709322415196689,0.07841741545070083,4.222719588941871,5.131669185672636,35.0,TmApp,
IMGT_POS_H,Ridge_grid,raw,0,1,0.34415254930644357,0.2524434055637146,3.5995524215682657,4.403980932580095,34.0,TmApp,
IMGT_POS_H,ElasticNet,raw,0,1,0.3671164649630123,0.36260800099895085,3.9965790573898565,4.857341416108356,34.0,TmApp,
IMGT_POS_H,Ridge_grid,raw,0,2,-0.07309739855423689,0.10827296129462709,4.195570930727698,4.956205257376672,20.0,TmApp,
IMGT_POS_H,ElasticNet,raw,0,2,-0.19367042709730803,0.02461484650136082,4.438043508887924,5.121640477159757,20.0,TmApp,
IMGT_POS_H,Ridge_grid,raw,0,3,0.363599343526976,0.3929812042716917,2.385590394453774,3.297595592749392,23.0,TmApp,
IMGT_POS_H,ElasticNet,raw,0,3,-0.050734792120043164,-0.23287548698818802,4.335552049383061,5.771861841952682,23.0,TmApp,
IMGT_POS_H,Ridge_grid,raw,0,4,0.4358193853141115,0.37602737483936255,3.815820639526868,4.933596593714639,50.0,TmApp,
IMGT_POS_H,ElasticNet,raw,0,4,0.3131054897911241,0.33891761713279694,4.017876057399167,5.025344850665588,50.0,TmApp,
IMGT_POS_H,Ridge_grid,raw,1,0,0.35762471315829725,0.2620608639248587,3.5657894054416857,4.396512368507896,34.0,TmApp,
IMGT_POS_H,ElasticNet,raw,1,0,0.3896211023064497,0.38990464040248884,3.9513909236734235,4.7887125652521805,34.0,TmApp,
IMGT_POS_H,Ridge_grid,raw,1,1,-0.06254725855671815,0.17876720300877919,4.247684267611233,4.977614512825325,20.0,TmApp,
IMGT_POS_H,ElasticNet,raw,1,1,-0.18312028709978928,0.059557648999456564,4.440218484585309,5.269507840608611,20.0,TmApp,
IMGT_POS_H,Ridge_grid,raw,1,2,0.4358193853141115,0.37602737483936255,3.815820639526868,4.933596593714639,50.0,TmApp,
IMGT_POS_H,ElasticNet,raw,1,2,0.3131054897911241,0.33891761713279694,4.017876057399167,5.025344850665588,50.0,TmApp,
IMGT_POS_H,Ridge_grid,raw,1,3,0.2886450620255833,0.2642990377076778,3.2895074149333103,4.198259806052814,35.0,TmApp,
IMGT_POS_H,ElasticNet,raw,1,3,0.0709322415196689,0.07841741545070083,4.222719588941871,5.131669185672636,35.0,TmApp,
IMGT_POS_H,Ridge_grid,raw,1,4,0.24521816191354198,0.29887678608939905,2.137670930292008,2.9816093966155566,23.0,TmApp,
IMGT_POS_H,ElasticNet,raw,1,4,-0.17607957265191448,-0.31434788438521133,4.481220867627975,5.845375338380442,23.0,TmApp,
IMGT_POS_H,Ridge_grid,raw,2,0,0.2752312614842746,0.3230042048491855,2.171384312377193,2.9967177161231153,23.0,TmApp,
IMGT_POS_H,ElasticNet,raw,2,0,-0.10017426093661888,-0.3310924208818192,4.402880557059194,5.949842259850895,23.0,TmApp,
IMGT_POS_H,Ridge_grid,raw,2,1,-0.044461304275257484,0.17732069167245815,4.5590034115258415,5.302052575357196,20.0,TmApp,
IMGT_POS_H,ElasticNet,raw,2,1,-0.18312028709978928,0.02279092141827214,4.904253908828638,5.702717708956426,20.0,TmApp,
IMGT_POS_H,Ridge_grid,raw,2,2,0.11979207286334895,0.085498882380356,3.518037664578646,4.212444640830793,34.0,TmApp,
IMGT_POS_H,ElasticNet,raw,2,2,0.17432657150702185,0.20318800762256456,3.796051475522421,4.745525137040981,34.0,TmApp,
IMGT_POS_H,Ridge_grid,raw,2,3,0.2886450620255833,0.2642990377076778,3.2895074149333103,4.198259806052814,35.0,TmApp,
IMGT_POS_H,ElasticNet,raw,2,3,0.0709322415196689,0.07841741545070083,4.222719588941871,5.131669185672636,35.0,TmApp,
IMGT_POS_H,Ridge_grid,raw,2,4,0.4431415862935397,0.3857483306065628,3.8900439980322337,5.061957498801212,50.0,TmApp,
IMGT_POS_H,ElasticNet,raw,2,4,0.41228508972082256,0.39779262806764043,4.097954177158157,5.055879774931134,50.0,TmApp,
IMGT_POS_H,Ridge_grid,raw,3,0,0.2886450620255833,0.2642990377076778,3.2895074149333103,4.198259806052814,35.0,TmApp,
IMGT_POS_H,ElasticNet,raw,3,0,0.0709322415196689,0.07841741545070083,4.222719588941871,5.131669185672636,35.0,TmApp,
IMGT_POS_H,Ridge_grid,raw,3,1,0.16810875685399126,0.12442831754364435,3.584943464791794,4.251002072017858,34.0,TmApp,
IMGT_POS_H,ElasticNet,raw,3,1,0.24144581927025885,0.2888984858749938,3.8961497527632143,4.788457273109376,34.0,TmApp,
IMGT_POS_H,Ridge_grid,raw,3,2,0.43947244291683263,0.3793557924081948,3.86717090822244,5.035658443531326,50.0,TmApp,
IMGT_POS_H,ElasticNet,raw,3,2,0.36703615597866496,0.36629677038405684,4.029829692299618,5.074730170217607,50.0,TmApp,
IMGT_POS_H,Ridge_grid,raw,3,3,-0.044461304275257484,0.17732069167245815,4.5590034115258415,5.302052575357196,20.0,TmApp,
IMGT_POS_H,ElasticNet,raw,3,3,-0.18312028709978928,0.02279092141827214,4.904253908828638,5.702717708956426,20.0,TmApp,
IMGT_POS_H,Ridge_grid,raw,3,4,0.2595559389117485,0.3087526166690203,2.1341785697488054,2.9767741078516243,23.0,TmApp,
IMGT_POS_H,ElasticNet,raw,3,4,-0.06302792398048195,-0.3308990204261869,4.506821796996171,6.00123206070253,23.0,TmApp,
IMGT_POS_L,Ridge_grid,raw,0,0,0.33317084531614777,0.3761420279488733,3.0523534827156187,3.6571018304144713,35.0,TmApp,
IMGT_POS_L,ElasticNet,raw,0,0,0.30620254755025383,0.28169680785591356,3.75609927311369,4.610900599855093,35.0,TmApp,
IMGT_POS_L,Ridge_grid,raw,0,1,0.32761853003371405,0.2439525529908445,3.7816098072575595,4.502092321184167,34.0,TmApp,
IMGT_POS_L,ElasticNet,raw,0,1,0.12844483490574118,0.11807309260979867,6.013779689650244,7.740216924032513,34.0,TmApp,
IMGT_POS_L,Ridge_grid,raw,0,2,0.4197448556155664,0.3423094477256317,2.9218187700855927,3.915600820512701,20.0,TmApp,
IMGT_POS_L,ElasticNet,raw,0,2,0.07083665426905429,0.043556580616906905,3.9142605460505413,4.736416551832141,20.0,TmApp,
IMGT_POS_L,Ridge_grid,raw,0,3,0.28003615650572844,0.30911425979918106,2.303301464060119,3.273328741509761,23.0,TmApp,
IMGT_POS_L,ElasticNet,raw,0,3,-0.08455798686673861,0.17455025999314255,4.561091654174271,5.673940257946844,23.0,TmApp,
IMGT_POS_L,Ridge_grid,raw,0,4,0.16381079355360006,0.12597757701335766,3.971922384617421,5.280141865879222,50.0,TmApp,
IMGT_POS_L,ElasticNet,raw,0,4,0.203879155931553,0.19467277443122274,4.081395480000254,5.478602841103131,50.0,TmApp,
IMGT_POS_L,Ridge_grid,raw,1,0,0.3250159529259696,0.24754839794169356,3.7725517108332154,4.486230139277791,34.0,TmApp,
IMGT_POS_L,ElasticNet,raw,1,0,0.1152788565959751,0.11666060436443382,7.073405229811658,8.634918919532135,34.0,TmApp,
IMGT_POS_L,Ridge_grid,raw,1,1,0.2622463370811797,0.22339189662203154,3.3152264944708127,4.321074353371935,20.0,TmApp,
IMGT_POS_L,ElasticNet,raw,1,1,-0.05124353713080523,0.035743017282707824,4.0419183567753185,4.8994860213436064,20.0,TmApp,
IMGT_POS_L,Ridge_grid,raw,1,2,0.16381079355360006,0.12597757701335766,3.971922384617421,5.280141865879222,50.0,TmApp,
IMGT_POS_L,ElasticNet,raw,1,2,0.203879155931553,0.19467277443122274,4.081395480000254,5.478602841103131,50.0,TmApp,
IMGT_POS_L,Ridge_grid,raw,1,3,0.33317084531614777,0.3761420279488733,3.0523534827156187,3.6571018304144713,35.0,TmApp,
IMGT_POS_L,ElasticNet,raw,1,3,0.30620254755025383,0.28169680785591356,3.75609927311369,4.610900599855093,35.0,TmApp,
IMGT_POS_L,Ridge_grid,raw,1,4,0.5481347148655644,0.5785976179770609,1.9335492734286193,2.766910025249197,23.0,TmApp,
IMGT_POS_L,ElasticNet,raw,1,4,-0.030341395287476796,0.24713435599559708,4.194366516660211,5.3501877057334575,23.0,TmApp,
IMGT_POS_L,Ridge_grid,raw,2,0,0.43541089654629406,0.5465259870660737,2.001505798806662,2.832360066747004,23.0,TmApp,
IMGT_POS_L,ElasticNet,raw,2,0,0.08480098326812788,0.3437325637687522,3.8479263913060557,4.618709998513448,23.0,TmApp,
IMGT_POS_L,Ridge_grid,raw,2,1,0.2569712670824204,0.2308537660152033,3.293941047178703,4.3085805409271485,20.0,TmApp,
IMGT_POS_L,ElasticNet,raw,2,1,-0.044461304275257484,0.09817888134977044,4.188222524408427,5.057791696902596,20.0,TmApp,
IMGT_POS_L,Ridge_grid,raw,2,2,0.2925867764309418,0.28523075228017136,3.775266705911787,4.531822736761046,34.0,TmApp,
IMGT_POS_L,ElasticNet,raw,2,2,0.2408096400782411,0.2566209218808936,5.42053712739866,6.736737677209414,34.0,TmApp,
IMGT_POS_L,Ridge_grid,raw,2,3,0.33317084531614777,0.3761420279488733,3.0523534827156187,3.6571018304144713,35.0,TmApp,
IMGT_POS_L,ElasticNet,raw,2,3,0.30620254755025383,0.28169680785591356,3.75609927311369,4.610900599855093,35.0,TmApp,
IMGT_POS_L,Ridge_grid,raw,2,4,0.19191587354339523,0.15999361225306616,4.091901849831014,5.425317707256792,50.0,TmApp,
IMGT_POS_L,ElasticNet,raw,2,4,0.21443857459590862,0.20234162313277826,4.14170735374534,5.549716416202847,50.0,TmApp,
IMGT_POS_L,Ridge_grid,raw,3,0,0.33317084531614777,0.3761420279488733,3.0523534827156187,3.6571018304144713,35.0,TmApp,
IMGT_POS_L,ElasticNet,raw,3,0,0.30620254755025383,0.28169680785591356,3.75609927311369,4.610900599855093,35.0,TmApp,
IMGT_POS_L,Ridge_grid,raw,3,1,0.19061512047652016,0.22601753376218875,3.8119144523620085,4.546099978686927,34.0,TmApp,
IMGT_POS_L,ElasticNet,raw,3,1,0.2216953369076315,0.2347941032932549,5.217227124333787,6.5468721099533,34.0,TmApp,
IMGT_POS_L,Ridge_grid,raw,3,2,0.15539914775786062,0.12577572016798472,4.060788504908046,5.404968224543543,50.0,TmApp,
IMGT_POS_L,ElasticNet,raw,3,2,0.20945500930608094,0.1913865922021323,4.137417054254248,5.561393054925285,50.0,TmApp,
IMGT_POS_L,Ridge_grid,raw,3,3,0.2569712670824204,0.2308537660152033,3.293941047178703,4.3085805409271485,20.0,TmApp,
IMGT_POS_L,ElasticNet,raw,3,3,-0.044461304275257484,0.09817888134977044,4.188222524408427,5.057791696902596,20.0,TmApp,
IMGT_POS_L,Ridge_grid,raw,3,4,0.43325494200756487,0.529508055436704,1.9747303472484063,2.8097568940742588,23.0,TmApp,
IMGT_POS_L,ElasticNet,raw,3,4,0.0233252947014382,0.34358784885530347,3.8462587330678604,4.6103401731917355,23.0,TmApp,
GERMLINE_REL,Ridge_grid,raw,0,0,0.6531384615177432,0.6981038902100507,2.9233363699234527,3.6585920424372147,35.0,TmApp,
GERMLINE_REL,ElasticNet,raw,0,0,0.5845940380294297,0.5942490089885404,2.706236651823543,3.2737242880825557,35.0,TmApp,
GERMLINE_REL,PLS,raw,0,0,0.601730143901508,0.5702092247489464,2.8311298039039423,3.484262859277352,35.0,TmApp,
GERMLINE_REL,Ridge_grid,raw,0,1,0.047152573481487825,0.0684426468704808,3.8124613999268,4.568129831287866,34.0,TmApp,
GERMLINE_REL,ElasticNet,raw,0,1,0.40416491555560985,0.4893941257364902,3.106021257561948,4.013157873402988,34.0,TmApp,
GERMLINE_REL,PLS,raw,0,1,0.38089481435695355,0.42957815213099243,3.121176347314056,4.2349709146757215,34.0,TmApp,
GERMLINE_REL,Ridge_grid,raw,0,2,0.2102492185219803,0.18725503393238188,3.0630175241772752,3.983168330974207,20.0,TmApp,
GERMLINE_REL,ElasticNet,raw,0,2,0.15146986710723312,0.12461644349201462,3.6929870046844484,4.595426158896162,20.0,TmApp,
GERMLINE_REL,PLS,raw,0,2,0.143180471394897,0.1440720820023965,3.8762232267931322,4.781893586442975,20.0,TmApp,
GERMLINE_REL,Ridge_grid,raw,0,3,0.5789735100757868,0.5393945435304144,2.167710383860154,2.8300310625166194,23.0,TmApp,
GERMLINE_REL,ElasticNet,raw,0,3,0.5197829192690696,0.4846343892278268,2.741299770587647,3.359521710511718,23.0,TmApp,
GERMLINE_REL,PLS,raw,0,3,0.5680307117753852,0.5605994739779765,2.5491338073926455,3.1548768152510864,23.0,TmApp,
GERMLINE_REL,Ridge_grid,raw,0,4,0.45067194846201714,0.5337233023305622,3.8220559323493655,4.6108072131692515,50.0,TmApp,
GERMLINE_REL,ElasticNet,raw,0,4,0.4494222182295073,0.552647003482503,3.740346090028211,4.52225215002664,50.0,TmApp,
GERMLINE_REL,PLS,raw,0,4,0.41260324291787065,0.5189802417417815,3.8984712135216375,4.687243438856536,50.0,TmApp,
GERMLINE_REL,Ridge_grid,raw,1,0,0.07164741684849447,0.07939115269732147,3.8013294126889057,4.562581314281022,34.0,TmApp,
GERMLINE_REL,ElasticNet,raw,1,0,0.3714030625522385,0.4564615981355053,3.2150193506192597,4.072402776638327,34.0,TmApp,
GERMLINE_REL,PLS,raw,1,0,0.3698721348418006,0.41829026784101153,3.1932541790279214,4.226771074014159,34.0,TmApp,
GERMLINE_REL,Ridge_grid,raw,1,1,0.0859082828369382,0.14498572553826342,3.492857381393192,4.538986804791606,20.0,TmApp,
GERMLINE_REL,ElasticNet,raw,1,1,0.17030940281708798,0.13870006623381653,3.773086178356538,4.714596869431487,20.0,TmApp,
GERMLINE_REL,PLS,raw,1,1,0.1552377742492041,0.17838452969604282,3.9149511302363207,4.803481665682326,20.0,TmApp,
GERMLINE_REL,Ridge_grid,raw,1,2,0.45067194846201714,0.5337233023305622,3.8220559323493655,4.6108072131692515,50.0,TmApp,
GERMLINE_REL,ElasticNet,raw,1,2,0.4494222182295073,0.552647003482503,3.740346090028211,4.52225215002664,50.0,TmApp,
GERMLINE_REL,PLS,raw,1,2,0.41260324291787065,0.5189802417417815,3.8984712135216375,4.687243438856536,50.0,TmApp,
GERMLINE_REL,Ridge_grid,raw,1,3,0.6531384615177432,0.6981038902100507,2.9233363699234527,3.6585920424372147,35.0,TmApp,
GERMLINE_REL,ElasticNet,raw,1,3,0.5845940380294297,0.5942490089885404,2.706236651823543,3.2737242880825557,35.0,TmApp,
GERMLINE_REL,PLS,raw,1,3,0.601730143901508,0.5702092247489464,2.8311298039039423,3.484262859277352,35.0,TmApp,
GERMLINE_REL,Ridge_grid,raw,1,4,0.5426633157153636,0.5277571070024459,2.0346759004278208,2.6258954235744154,23.0,TmApp,
GERMLINE_REL,ElasticNet,raw,1,4,0.5386841163333994,0.4951149304981883,2.5893422491745053,3.1955880266697028,23.0,TmApp,
GERMLINE_REL,PLS,raw,1,4,0.492425923518066,0.5055054327299174,2.5016757943429035,3.1696745384430005,23.0,TmApp,
GERMLINE_REL,Ridge_grid,raw,2,0,0.567323537185604,0.5430256864395708,1.975398700647461,2.595436072324034,23.0,TmApp,
GERMLINE_REL,ElasticNet,raw,2,0,0.5192200554487127,0.4991874832637053,2.5979885358658796,3.198767647180947,23.0,TmApp,
GERMLINE_REL,PLS,raw,2,0,0.5053345143287854,0.515285139459821,2.544477437676992,3.201101816440171,23.0,TmApp,
GERMLINE_REL,Ridge_grid,raw,2,1,0.09193693426409175,0.1471492220295827,3.513761828776288,4.541698282971538,20.0,TmApp,
GERMLINE_REL,ElasticNet,raw,2,1,0.17030940281708798,0.13314082877027072,3.8069524466754068,4.724448273345284,20.0,TmApp,
GERMLINE_REL,PLS,raw,2,1,0.1507162856788389,0.1845520119659222,3.865223913139836,4.779311737430293,20.0,TmApp,
GERMLINE_REL,Ridge_grid,raw,2,2,0.09681405377191372,0.15295213273293737,3.5422479992238145,4.228488856471597,34.0,TmApp,
GERMLINE_REL,ElasticNet,raw,2,2,0.3281261126256949,0.4147370209455217,3.103367725137083,3.9952887879452046,34.0,TmApp,
GERMLINE_REL,PLS,raw,2,2,0.28860391978842637,0.3653040003703114,3.18747804895344,4.225954593573627,34.0,TmApp,
GERMLINE_REL,Ridge_grid,raw,2,3,0.6531384615177432,0.6981038902100507,2.9233363699234527,3.6585920424372147,35.0,TmApp,
GERMLINE_REL,ElasticNet,raw,2,3,0.5845940380294297,0.5942490089885404,2.706236651823543,3.2737242880825557,35.0,TmApp,
GERMLINE_REL,PLS,raw,2,3,0.601730143901508,0.5702092247489464,2.8311298039039423,3.484262859277352,35.0,TmApp,
GERMLINE_REL,Ridge_grid,raw,2,4,0.4472269479893045,0.5156917343030899,3.9168225126989467,4.792773090246555,50.0,TmApp,
GERMLINE_REL,ElasticNet,raw,2,4,0.4316545104666248,0.5097186435592823,3.9194188201332465,4.800627158120612,50.0,TmApp,
GERMLINE_REL,PLS,raw,2,4,0.422714777814716,0.48633544683036656,4.072883349166721,4.936927777253102,50.0,TmApp,
GERMLINE_REL,Ridge_grid,raw,3,0,0.6531384615177432,0.6981038902100507,2.9233363699234527,3.6585920424372147,35.0,TmApp,
GERMLINE_REL,ElasticNet,raw,3,0,0.5845940380294297,0.5942490089885404,2.706236651823543,3.2737242880825557,35.0,TmApp,
GERMLINE_REL,PLS,raw,3,0,0.601730143901508,0.5702092247489464,2.8311298039039423,3.484262859277352,35.0,TmApp,
GERMLINE_REL,Ridge_grid,raw,3,1,0.12646432892659087,0.1989211756256054,3.589778851054845,4.236167022246218,34.0,TmApp,
GERMLINE_REL,ElasticNet,raw,3,1,0.43144852168902303,0.5034583058179789,2.9908502634358327,3.782127715137199,34.0,TmApp,
GERMLINE_REL,PLS,raw,3,1,0.4190470560194664,0.48874274532195755,2.914568105453506,3.885150546112919,34.0,TmApp,
GERMLINE_REL,Ridge_grid,raw,3,2,0.3758323341536382,0.4691725148205283,4.1070502806128175,4.940572264226863,50.0,TmApp,
GERMLINE_REL,ElasticNet,raw,3,2,0.3852533774448664,0.4761095316937686,4.040372573843528,4.886112371032992,50.0,TmApp,
GERMLINE_REL,PLS,raw,3,2,0.37049694739176925,0.45644840141388776,4.1619817049614305,5.006433000720391,50.0,TmApp,
GERMLINE_REL,Ridge_grid,raw,3,3,0.09193693426409175,0.1471492220295827,3.513761828776288,4.541698282971538,20.0,TmApp,
GERMLINE_REL,ElasticNet,raw,3,3,0.17030940281708798,0.13314082877027072,3.8069524466754068,4.724448273345284,20.0,TmApp,
GERMLINE_REL,PLS,raw,3,3,0.1507162856788389,0.1845520119659222,3.865223913139836,4.779311737430293,20.0,TmApp,
GERMLINE_REL,Ridge_grid,raw,3,4,0.5389631924630189,0.5365404648654507,1.9848298083649545,2.5992902047806035,23.0,TmApp,
GERMLINE_REL,ElasticNet,raw,3,4,0.5240747064833775,0.4872915362012232,2.62403387390858,3.2153217981567996,23.0,TmApp,
GERMLINE_REL,PLS,raw,3,4,0.5022382603799034,0.5140661683954003,2.455443222894364,3.154790669154804,23.0,TmApp,
NGRAM_HL_2,Ridge_grid,raw,0,0,0.4126711397718558,0.3828260206121223,3.1848161211058668,3.776739187958815,35.0,TmApp,
NGRAM_HL_2,ElasticNet,raw,0,0,0.17964819188842876,0.2007167127624045,3.8580187304054463,4.571489891493644,35.0,TmApp,
NGRAM_HL_2,Ridge_grid,raw,0,1,0.05465411926263361,0.04510936752804419,4.6146350004524015,5.774329499316372,34.0,TmApp,
NGRAM_HL_2,ElasticNet,raw,0,1,0.07608710720876444,0.05987708928697262,5.121451617712859,6.583521067208738,34.0,TmApp,
NGRAM_HL_2,Ridge_grid,raw,0,2,0.28560736136139975,0.38244152899146494,3.1099501732355583,4.0059225699723635,20.0,TmApp,
NGRAM_HL_2,ElasticNet,raw,0,2,0.20723489280840354,0.2876067164389056,4.252890473070474,5.11104030288727,20.0,TmApp,
NGRAM_HL_2,Ridge_grid,raw,0,3,0.28898935511514784,0.36010485703613004,2.7802154509334973,3.4217558921741724,23.0,TmApp,
NGRAM_HL_2,ElasticNet,raw,0,3,0.23527016345863153,0.3123590176981488,3.4928164713117082,4.37309631621624,23.0,TmApp,
NGRAM_HL_2,Ridge_grid,raw,0,4,0.42476407941113964,0.48390876275013006,3.699270715850758,4.805487669346873,50.0,TmApp,
NGRAM_HL_2,ElasticNet,raw,0,4,0.41524690302510303,0.4700498505899992,3.8920015059939623,4.816468553026951,50.0,TmApp,
NGRAM_HL_2,Ridge_grid,raw,1,0,0.11987163972728884,0.09971538361278467,4.477239862491312,5.706443746375281,34.0,TmApp,
NGRAM_HL_2,ElasticNet,raw,1,0,0.12553607225590913,0.07080023234769205,5.037635911116763,6.6568513922684485,34.0,TmApp,
NGRAM_HL_2,Ridge_grid,raw,1,1,0.27204289565030426,0.40357496598861603,3.4494489543455793,4.343626212815521,20.0,TmApp,
NGRAM_HL_2,ElasticNet,raw,1,1,0.2388853128009597,0.2371838594487876,4.6814700438002195,5.4631001949407505,20.0,TmApp,
NGRAM_HL_2,Ridge_grid,raw,1,2,0.42476407941113964,0.48390876275013006,3.699270715850758,4.805487669346873,50.0,TmApp,
NGRAM_HL_2,ElasticNet,raw,1,2,0.41524690302510303,0.4700498505899992,3.8920015059939623,4.816468553026951,50.0,TmApp,
NGRAM_HL_2,Ridge_grid,raw,1,3,0.4126711397718558,0.3828260206121223,3.1848161211058668,3.776739187958815,35.0,TmApp,
NGRAM_HL_2,ElasticNet,raw,1,3,0.17964819188842876,0.2007167127624045,3.8580187304054463,4.571489891493644,35.0,TmApp,
NGRAM_HL_2,Ridge_grid,raw,1,4,0.23079356415392185,0.3242478822254567,3.576386726924983,4.350222721154943,23.0,TmApp,
NGRAM_HL_2,ElasticNet,raw,1,4,0.22880396446293977,0.303551942780332,3.5143888598161825,4.323384975415283,23.0,TmApp,
NGRAM_HL_2,Ridge_grid,raw,2,0,0.2722557883871474,0.3302866538338329,2.720497451937771,3.4529800687937966,23.0,TmApp,
NGRAM_HL_2,ElasticNet,raw,2,0,0.29010862696991113,0.3451344528029888,3.391327682219631,4.396625131601763,23.0,TmApp,
NGRAM_HL_2,Ridge_grid,raw,2,1,0.28862168707497654,0.4178695827769292,3.4038238074996103,4.320016951090266,20.0,TmApp,
NGRAM_HL_2,ElasticNet,raw,2,1,0.21853861423431642,0.21636069948253975,4.511939594325489,5.4481647384809175,20.0,TmApp,
NGRAM_HL_2,Ridge_grid,raw,2,2,0.12270262194826406,0.1359495041910607,3.733471461648988,4.635894664269206,34.0,TmApp,
NGRAM_HL_2,ElasticNet,raw,2,2,0.07843163849876554,0.04614164895791438,4.94363617043366,6.455858397672897,34.0,TmApp,
NGRAM_HL_2,Ridge_grid,raw,2,3,0.4126711397718558,0.3828260206121223,3.1848161211058668,3.776739187958815,35.0,TmApp,
NGRAM_HL_2,ElasticNet,raw,2,3,0.17964819188842876,0.2007167127624045,3.8580187304054463,4.571489891493644,35.0,TmApp,
NGRAM_HL_2,Ridge_grid,raw,2,4,0.34778443800651343,0.4350620929003718,4.084900498612322,5.027126538219929,50.0,TmApp,
NGRAM_HL_2,ElasticNet,raw,2,4,0.32903983728476927,0.36343325050016206,4.2937565759753875,5.3142753681981505,50.0,TmApp,
NGRAM_HL_2,Ridge_grid,raw,3,0,0.4126711397718558,0.3828260206121223,3.1848161211058668,3.776739187958815,35.0,TmApp,
NGRAM_HL_2,ElasticNet,raw,3,0,0.17964819188842876,0.2007167127624045,3.8580187304054463,4.571489891493644,35.0,TmApp,
NGRAM_HL_2,Ridge_grid,raw,3,1,0.08175781071041106,0.12834928622925834,3.736308153831853,4.617210049826802,34.0,TmApp,
NGRAM_HL_2,ElasticNet,raw,3,1,0.04608445884613058,-0.0070279241244713825,5.023165325242127,6.6377674742703245,34.0,TmApp,
NGRAM_HL_2,Ridge_grid,raw,3,2,0.39400148907243543,0.4547263752024767,3.9702883600516325,4.951883831294823,50.0,TmApp,
NGRAM_HL_2,ElasticNet,raw,3,2,0.3413205531174044,0.3714530758259662,4.252693214848389,5.334530857921443,50.0,TmApp,
NGRAM_HL_2,Ridge_grid,raw,3,3,0.28862168707497654,0.4178695827769292,3.4038238074996103,4.320016951090266,20.0,TmApp,
NGRAM_HL_2,ElasticNet,raw,3,3,0.21853861423431642,0.21636069948253975,4.511939594325489,5.4481647384809175,20.0,TmApp,
NGRAM_HL_2,Ridge_grid,raw,3,4,0.24963028159198758,0.3280971190361086,2.7107389835276883,3.4461881828252494,23.0,TmApp,
NGRAM_HL_2,ElasticNet,raw,3,4,0.286355213675103,0.34049645873654977,3.3870128429725987,4.389310006974168,23.0,TmApp,
NGRAM_HL_3,Ridge_grid,raw,0,0,0.6372664946034412,0.7006226880518576,2.4606933791267975,2.944963441179295,35.0,TmApp,
NGRAM_HL_3,ElasticNet,raw,0,0,0.5817848403454824,0.5936949530166368,2.8272842532615963,3.4424991068393,35.0,TmApp,
NGRAM_HL_3,Ridge_grid,raw,0,1,0.18769173729968855,0.23287987485466957,3.774770294733016,4.54582532232366,34.0,TmApp,
NGRAM_HL_3,ElasticNet,raw,0,1,-0.09185566262627498,-0.03356151141630696,4.387617800725953,5.423779681517994,34.0,TmApp,
NGRAM_HL_3,Ridge_grid,raw,0,2,0.22758159137504677,0.34161045490211484,3.1334395098698757,3.8990888993374875,20.0,TmApp,
NGRAM_HL_3,ElasticNet,raw,0,2,0.2765643842206694,0.3336638114430199,3.5856724199126595,4.445091824239987,20.0,TmApp,
NGRAM_HL_3,Ridge_grid,raw,0,3,0.29147635472887545,0.3412833507496305,2.3364775530216604,3.112293176121715,23.0,TmApp,
NGRAM_HL_3,ElasticNet,raw,0,3,0.28003615650572844,0.2954835662329536,2.7413556735965963,3.5022710193878637,23.0,TmApp,
NGRAM_HL_3,Ridge_grid,raw,0,4,0.43360832413351713,0.46969310460154945,3.747486500163049,5.00212318815943,50.0,TmApp,
NGRAM_HL_3,ElasticNet,raw,0,4,0.3277177202020086,0.39375428918895905,3.933717484861512,4.899407147702514,50.0,TmApp,
NGRAM_HL_3,Ridge_grid,raw,1,0,0.21264585897982655,0.2491122358961407,3.7644293066825307,4.518591770894322,34.0,TmApp,
NGRAM_HL_3,ElasticNet,raw,1,0,0.04960205781818849,0.048165045343742954,4.332306066213128,5.351359182181864,34.0,TmApp,
NGRAM_HL_3,Ridge_grid,raw,1,1,0.20195982280964417,0.32340330844624704,3.4729167799465466,4.256366586302718,20.0,TmApp,
NGRAM_HL_3,ElasticNet,raw,1,1,0.36247266705760767,0.3782651659675529,3.6667622343952195,4.602178568022813,20.0,TmApp,
NGRAM_HL_3,Ridge_grid,raw,1,2,0.43360832413351713,0.46969310460154945,3.747486500163049,5.00212318815943,50.0,TmApp,
NGRAM_HL_3,ElasticNet,raw,1,2,0.3277177202020086,0.39375428918895905,3.933717484861512,4.899407147702514,50.0,TmApp,
NGRAM_HL_3,Ridge_grid,raw,1,3,0.6372664946034412,0.7006226880518576,2.4606933791267975,2.944963441179295,35.0,TmApp,
NGRAM_HL_3,ElasticNet,raw,1,3,0.5817848403454824,0.5936949530166368,2.8272842532615963,3.4424991068393,35.0,TmApp,
NGRAM_HL_3,Ridge_grid,raw,1,4,0.42676913371565717,0.41016499797504846,2.033422078188288,2.738903098039793,23.0,TmApp,
NGRAM_HL_3,ElasticNet,raw,1,4,0.246212961759033,0.29519698305292247,2.6354648631184876,3.3069078116041366,23.0,TmApp,
NGRAM_HL_3,Ridge_grid,raw,2,0,0.2856454173242202,0.31886274599201164,2.170144552501987,2.9196574825039545,23.0,TmApp,
NGRAM_HL_3,ElasticNet,raw,2,0,0.2697762274728746,0.3139191459155537,2.64184634284799,3.3689664738569776,23.0,TmApp,
NGRAM_HL_3,Ridge_grid,raw,2,1,0.1959311713824906,0.35145176190048283,3.3947796218602413,4.212065587340664,20.0,TmApp,
NGRAM_HL_3,ElasticNet,raw,2,1,0.4144697856168071,0.38011440438832694,3.3284410286170734,4.307625133009331,20.0,TmApp,
NGRAM_HL_3,Ridge_grid,raw,2,2,0.13970635607592613,0.17351813228893212,3.734764204438237,4.5688014779521255,34.0,TmApp,
NGRAM_HL_3,ElasticNet,raw,2,2,-0.07827845170482264,-0.04664262753941515,4.202954933662018,5.183976456381451,34.0,TmApp,
NGRAM_HL_3,Ridge_grid,raw,2,3,0.6372664946034412,0.7006226880518576,2.4606933791267975,2.944963441179295,35.0,TmApp,
NGRAM_HL_3,ElasticNet,raw,2,3,0.5817848403454824,0.5936949530166368,2.8272842532615963,3.4424991068393,35.0,TmApp,
NGRAM_HL_3,Ridge_grid,raw,2,4,0.5093244457649285,0.5195202672982515,3.6270042241526856,4.823368653775077,50.0,TmApp,
NGRAM_HL_3,ElasticNet,raw,2,4,0.35941570306974946,0.4093913432289929,4.003217780834226,5.005816368103845,50.0,TmApp,
NGRAM_HL_3,Ridge_grid,raw,3,0,0.6372664946034412,0.7006226880518576,2.4606933791267975,2.944963441179295,35.0,TmApp,
NGRAM_HL_3,ElasticNet,raw,3,0,0.5817848403454824,0.5936949530166368,2.8272842532615963,3.4424991068393,35.0,TmApp,
NGRAM_HL_3,Ridge_grid,raw,3,1,0.11528769937254593,0.17585853377964736,3.741438865978336,4.537884544410133,34.0,TmApp,
NGRAM_HL_3,ElasticNet,raw,3,1,-0.16183147176199342,-0.123586111893604,4.338237852736324,5.358043925860934,34.0,TmApp,
NGRAM_HL_3,Ridge_grid,raw,3,2,0.4876831899632707,0.49583431181966386,3.6512259439232198,4.834036640110669,50.0,TmApp,
NGRAM_HL_3,ElasticNet,raw,3,2,0.37645719926989313,0.42628138973353996,3.9350358243559413,4.924578824110428,50.0,TmApp,
NGRAM_HL_3,Ridge_grid,raw,3,3,0.1959311713824906,0.35145176190048283,3.3947796218602413,4.212065587340664,20.0,TmApp,
NGRAM_HL_3,ElasticNet,raw,3,3,0.4144697856168071,0.38011440438832694,3.3284410286170734,4.307625133009331,20.0,TmApp,
NGRAM_HL_3,Ridge_grid,raw,3,4,0.2972734367268401,0.3161878357511112,2.115233865551185,2.9024867042884495,23.0,TmApp,
NGRAM_HL_3,ElasticNet,raw,3,4,0.16476591150803158,0.29724711664322656,2.7229060989294696,3.4442289262902905,23.0,TmApp,
PLM_ESM2_rank,Ridge_grid,rank,0,0,0.6683081290110586,0.6890136816918725,70.58696480919356,70.6850756522545,35.0,TmApp,
PLM_ESM2_rank,Ridge_grid,rank,0,1,0.20024534452527948,0.32543406882364434,69.97360660241901,70.11387779262499,34.0,TmApp,
PLM_ESM2_rank,Ridge_grid,rank,0,2,0.2645070813663623,0.38907404071073304,67.80706982897803,67.906905254416,20.0,TmApp,
PLM_ESM2_rank,Ridge_grid,rank,0,3,0.3188333504798791,0.290118973026379,68.14673543944255,68.21734468683101,23.0,TmApp,
PLM_ESM2_rank,Ridge_grid,rank,0,4,0.3515587277145044,0.37716278160910116,69.3529238755027,69.55172330535923,50.0,TmApp,
PLM_ESM2_rank,Ridge_grid,rank,1,0,0.13441545297644905,0.29097929657639265,69.95367448062171,70.09300278169933,34.0,TmApp,
PLM_ESM2_rank,Ridge_grid,rank,1,1,0.20798847423679773,0.3757282325794191,67.3913436161792,67.50011703117849,20.0,TmApp,
PLM_ESM2_rank,Ridge_grid,rank,1,2,0.3515587277145044,0.37716278160910116,69.3529238755027,69.55172330535923,50.0,TmApp,
PLM_ESM2_rank,Ridge_grid,rank,1,3,0.6683081290110586,0.6890136816918725,70.58696480919356,70.6850756522545,35.0,TmApp,
PLM_ESM2_rank,Ridge_grid,rank,1,4,0.408365336574073,0.31811369127819433,68.52401296722667,68.58333991562249,23.0,TmApp,
PLM_ESM2_rank,Ridge_grid,rank,2,0,0.2985391340784385,0.2804389809224091,68.43950332314495,68.49986628686666,23.0,TmApp,
PLM_ESM2_rank,Ridge_grid,rank,2,1,0.18764177567015447,0.3743919252874732,67.41647097910646,67.52536409364427,20.0,TmApp,
PLM_ESM2_rank,Ridge_grid,rank,2,2,0.13082152202723785,0.19748173147798634,70.1201873772631,70.24087071173304,34.0,TmApp,
PLM_ESM2_rank,Ridge_grid,rank,2,3,0.6683081290110586,0.6890136816918725,70.58696480919356,70.6850756522545,35.0,TmApp,
PLM_ESM2_rank,Ridge_grid,rank,2,4,0.42867459958265525,0.45118486520053425,69.2630672581381,69.47347247363696,50.0,TmApp,
PLM_ESM2_rank,Ridge_grid,rank,3,0,0.6683081290110586,0.6890136816918725,70.58696480919356,70.6850756522545,35.0,TmApp,
PLM_ESM2_rank,Ridge_grid,rank,3,1,0.10824489170835322,0.18841057453515192,69.86172319662562,69.9894781434239,34.0,TmApp,
PLM_ESM2_rank,Ridge_grid,rank,3,2,0.28123736886212264,0.3191828866927675,69.40331937735223,69.61072371476988,50.0,TmApp,
PLM_ESM2_rank,Ridge_grid,rank,3,3,0.18764177567015447,0.3743919252874732,67.41647097910646,67.52536409364427,20.0,TmApp,
PLM_ESM2_rank,Ridge_grid,rank,3,4,0.27245929342743774,0.27503090482107695,68.47980105366314,68.53961037465781,23.0,TmApp,
PLM_ESM2_gauss,Ridge_grid,gauss,0,0,0.624063265488889,0.6980240081057703,71.06840326569936,71.16106066178985,35.0,TmApp,
PLM_ESM2_gauss,Ridge_grid,gauss,0,1,0.18922266501012644,0.3207233692943422,70.55646064025471,70.69195329238772,34.0,TmApp,
PLM_ESM2_gauss,Ridge_grid,gauss,0,2,0.22833517280344096,0.3986278200947504,68.41549452587421,68.50991482865692,20.0,TmApp,
PLM_ESM2_gauss,Ridge_grid,gauss,0,3,0.3034139528747679,0.27980751059423525,68.75880388009888,68.82594393235452,23.0,TmApp,
PLM_ESM2_gauss,Ridge_grid,gauss,0,4,0.3919346275340537,0.41829501585430134,69.72892654066054,69.91356805685403,50.0,TmApp,
PLM_ESM2_gauss,Ridge_grid,gauss,1,0,0.1883041083838637,0.32090304578811035,70.53177191684445,70.66734168597208,34.0,TmApp,
PLM_ESM2_gauss,Ridge_grid,gauss,1,1,0.22230652137628742,0.37548527776174184,68.0170859732082,68.1205384415515,20.0,TmApp,
PLM_ESM2_gauss,Ridge_grid,gauss,1,2,0.3919346275340537,0.41829501585430134,69.72892654066054,69.91356805685403,50.0,TmApp,
PLM_ESM2_gauss,Ridge_grid,gauss,1,3,0.624063265488889,0.6980240081057703,71.06840326569936,71.16106066178985,35.0,TmApp,
PLM_ESM2_gauss,Ridge_grid,gauss,1,4,0.3894641395097431,0.2880518866678518,69.16077629045537,69.21709374024975,23.0,TmApp,
PLM_ESM2_gauss,Ridge_grid,gauss,2,0,0.2742394371185656,0.263221939684577,69.04496037487459,69.10263213650623,23.0,TmApp,
PLM_ESM2_gauss,Ridge_grid,gauss,2,1,0.2125099628071629,0.3747366209540342,68.04030561384761,68.1438944936219,20.0,TmApp,
PLM_ESM2_gauss,Ridge_grid,gauss,2,2,0.1260727314150079,0.1993595909612223,70.70393082814441,70.82175466883295,34.0,TmApp,
PLM_ESM2_gauss,Ridge_grid,gauss,2,3,0.624063265488889,0.6980240081057703,71.06840326569936,71.16106066178985,35.0,TmApp,
PLM_ESM2_gauss,Ridge_grid,gauss,2,4,0.4707297935096451,0.4856095764448112,69.62137138982047,69.81549862046496,50.0,TmApp,
PLM_ESM2_gauss,Ridge_grid,gauss,3,0,0.624063265488889,0.6980240081057703,71.06840326569936,71.16106066178985,35.0,TmApp,
PLM_ESM2_gauss,Ridge_grid,gauss,3,1,0.1782136548069634,0.23500401951090755,70.43424117528207,70.55892880913653,34.0,TmApp,
PLM_ESM2_gauss,Ridge_grid,gauss,3,2,0.40895018531514954,0.4302728919487779,69.81856136362175,70.01186113758298,50.0,TmApp,
PLM_ESM2_gauss,Ridge_grid,gauss,3,3,0.2125099628071629,0.3747366209540342,68.04030561384761,68.1438944936219,20.0,TmApp,
PLM_ESM2_gauss,Ridge_grid,gauss,3,4,0.2699778790974975,0.25488325258979583,69.07914131395803,69.13644033535618,23.0,TmApp,
SEQ_CDR_rank,Ridge_grid,rank,0,0,0.47882774522881444,0.5183510479762286,70.61450594244222,70.71598359914938,35.0,TmApp,
SEQ_CDR_rank,Ridge_grid,rank,0,1,0.37201543363641365,0.4245412712233696,69.9531701512483,70.09465255625038,34.0,TmApp,
SEQ_CDR_rank,Ridge_grid,rank,0,2,0.35569043420205987,0.45834389606895454,67.7815557037523,67.88283474501272,20.0,TmApp,
SEQ_CDR_rank,Ridge_grid,rank,0,3,0.408365336574073,0.5201691435256789,68.0966844495462,68.16873795013471,23.0,TmApp,
SEQ_CDR_rank,Ridge_grid,rank,0,4,0.3566057151919481,0.40156437835352904,69.37458903173747,69.57538278794563,50.0,TmApp,
SEQ_CDR_rank,Ridge_grid,rank,1,0,0.3348138902727723,0.41960976186389004,69.95234320116687,70.0938372862818,34.0,TmApp,
SEQ_CDR_rank,Ridge_grid,rank,1,1,0.2841001985046114,0.4346855493680213,67.35778270843706,67.46796723366812,20.0,TmApp,
SEQ_CDR_rank,Ridge_grid,rank,1,2,0.3566057151919481,0.40156437835352904,69.37458903173747,69.57538278794563,50.0,TmApp,
SEQ_CDR_rank,Ridge_grid,rank,1,3,0.47882774522881444,0.5183510479762286,70.61450594244222,70.71598359914938,35.0,TmApp,
SEQ_CDR_rank,Ridge_grid,rank,1,4,0.3427085467716641,0.3650870831600969,68.5345719655223,68.59330635106356,23.0,TmApp,
SEQ_CDR_rank,Ridge_grid,rank,2,0,0.4850021148317489,0.4672785065873151,68.43754135122467,68.4979648190275,23.0,TmApp,
SEQ_CDR_rank,Ridge_grid,rank,2,1,0.28711452421818817,0.432000641521204,67.3824915667776,67.49278012032163,20.0,TmApp,
SEQ_CDR_rank,Ridge_grid,rank,2,2,0.2590388685574464,0.24023151547738741,70.09984475707375,70.2212058880528,34.0,TmApp,
SEQ_CDR_rank,Ridge_grid,rank,2,3,0.47882774522881444,0.5183510479762286,70.61450594244222,70.71598359914938,35.0,TmApp,
SEQ_CDR_rank,Ridge_grid,rank,2,4,0.4213209485302787,0.4444578044323577,69.29667116795487,69.50952884729631,50.0,TmApp,
SEQ_CDR_rank,Ridge_grid,rank,3,0,0.47882774522881444,0.5183510479762286,70.61450594244222,70.71598359914938,35.0,TmApp,
SEQ_CDR_rank,Ridge_grid,rank,3,1,0.3475472477764665,0.3488442332188796,69.8558278790613,69.98350184905088,34.0,TmApp,
SEQ_CDR_rank,Ridge_grid,rank,3,2,0.395395418947158,0.4231061347250853,69.46228621339546,69.6720363654578,50.0,TmApp,
SEQ_CDR_rank,Ridge_grid,rank,3,3,0.28711452421818817,0.432000641521204,67.3824915667776,67.49278012032163,20.0,TmApp,
SEQ_CDR_rank,Ridge_grid,rank,3,4,0.49380145165810657,0.5272861807389894,68.44307466031752,68.50410920636162,23.0,TmApp,
SEQ_CDR_gauss,Ridge_grid,gauss,0,0,0.4748948684712882,0.5225694723771409,71.03648505355179,71.13197708189317,35.0,TmApp,
SEQ_CDR_gauss,Ridge_grid,gauss,0,1,0.34583656978792526,0.42033755695641195,70.60495792750808,70.73931161169074,34.0,TmApp,
SEQ_CDR_gauss,Ridge_grid,gauss,0,2,0.3338365727786282,0.4525952523554692,68.30304312292296,68.40220308791434,20.0,TmApp,
SEQ_CDR_gauss,Ridge_grid,gauss,0,3,0.455120929312152,0.540242200561415,68.62098692634576,68.69123136868345,23.0,TmApp,
SEQ_CDR_gauss,Ridge_grid,gauss,0,4,0.3673726218104945,0.4207195533066985,69.81202296648861,70.00438558387876,50.0,TmApp,
SEQ_CDR_gauss,Ridge_grid,gauss,1,0,0.29791853245121847,0.4205268605665001,70.59422860891655,70.72868191830132,34.0,TmApp,
SEQ_CDR_gauss,Ridge_grid,gauss,1,1,0.3195185256391385,0.43098824031379757,67.88215634100628,67.99012888529275,20.0,TmApp,
SEQ_CDR_gauss,Ridge_grid,gauss,1,2,0.3673726218104945,0.4207195533066985,69.81202296648861,70.00438558387876,50.0,TmApp,
SEQ_CDR_gauss,Ridge_grid,gauss,1,3,0.4748948684712882,0.5225694723771409,71.03648505355179,71.13197708189317,35.0,TmApp,
SEQ_CDR_gauss,Ridge_grid,gauss,1,4,0.4784987256811914,0.5554332656421019,68.98675414233794,69.04589399738607,23.0,TmApp,
SEQ_CDR_gauss,Ridge_grid,gauss,2,0,0.5385606305800402,0.5927283766267106,68.92913886000056,68.98908257661496,23.0,TmApp,
SEQ_CDR_gauss,Ridge_grid,gauss,2,1,0.2637534999379681,0.4294506454221438,67.90581992979268,68.01389743312667,20.0,TmApp,
SEQ_CDR_gauss,Ridge_grid,gauss,2,2,0.2110914020533182,0.2274772982408798,70.74319828172898,70.86066320483273,34.0,TmApp,
SEQ_CDR_gauss,Ridge_grid,gauss,2,3,0.4748948684712882,0.5225694723771409,71.03648505355179,71.13197708189317,35.0,TmApp,
SEQ_CDR_gauss,Ridge_grid,gauss,2,4,0.41137189122412215,0.4335087838999349,69.80466652671717,70.01674037627627,50.0,TmApp,
SEQ_CDR_gauss,Ridge_grid,gauss,3,0,0.4748948684712882,0.5225694723771409,71.03648505355179,71.13197708189317,35.0,TmApp,
SEQ_CDR_gauss,Ridge_grid,gauss,3,1,0.3401982310833958,0.3479260959197521,70.47567099105338,70.59891741218915,34.0,TmApp,
SEQ_CDR_gauss,Ridge_grid,gauss,3,2,0.3673245552630903,0.40025811540472506,69.97200029018504,70.18096587898079,50.0,TmApp,
SEQ_CDR_gauss,Ridge_grid,gauss,3,3,0.2637534999379681,0.4294506454221438,67.90581992979268,68.01389743312667,20.0,TmApp,
SEQ_CDR_gauss,Ridge_grid,gauss,3,4,0.486853491534274,0.5431557422308082,68.96458220414756,69.0240025716729,23.0,TmApp,
PLM_ESM2_PCA8,Ridge,raw,0,0,0.6937313680507815,0.6943173150574631,2.577482478062902,3.2577443968898403,35.0,TmApp,
PLM_ESM2_PCA8,SVR_RBF,raw,0,0,0.5875436955975742,0.5408050430346987,3.013618785182231,3.611245435785528,35.0,TmApp,
PLM_ESM2_PCA8,KRR,raw,0,0,-0.2157463821271513,-0.09550247250233651,71.14285148952177,71.24584649207404,35.0,TmApp,
PLM_ESM2_PCA16,Ridge,raw,0,0,0.6375474143718359,0.7132668107990093,2.1778525763920373,2.8669887690172446,35.0,TmApp,
PLM_ESM2_PCA16,SVR_RBF,raw,0,0,0.6506101836021907,0.6670090839498776,2.6791447987676738,3.1397291007237196,35.0,TmApp,
PLM_ESM2_PCA16,KRR,raw,0,0,-0.18006957154102082,-0.031599064651745994,71.14285679525563,71.24585166473092,35.0,TmApp,
PLM_ESM2_PCA32,Ridge,raw,0,0,0.5876841554817716,0.6205746355800642,2.674252701432204,3.3612642870707408,35.0,TmApp,
PLM_ESM2_PCA32,SVR_RBF,raw,0,0,0.6395138527505989,0.6364892110651229,2.575890899162404,3.086522467545418,35.0,TmApp,
PLM_ESM2_PCA32,KRR,raw,0,0,-0.18653072621409958,-0.08897016076884641,71.14285709862156,71.24585196626418,35.0,TmApp,
PLM_ESM2_PCA64,Ridge,raw,0,0,0.5844535781452322,0.578759980594311,2.6775217554994595,3.508446167602326,35.0,TmApp,
PLM_ESM2_PCA64,SVR_RBF,raw,0,0,0.6396543126347963,0.5939803918514959,2.683941560044279,3.2476471329472263,35.0,TmApp,
PLM_ESM2_PCA64,KRR,raw,0,0,-0.038907387922669866,-0.03777849441703716,71.14285104041872,71.24584598267114,35.0,TmApp,
PLM_ESM2_PLS2,PLS,raw,0,0,0.6966810256189262,0.7226745956288505,2.272858826153681,2.851819488424693,35.0,TmApp,
PLM_ESM2_PLS4,PLS,raw,0,0,0.6042584218170606,0.611608786367923,2.872171691549509,3.527108716791339,35.0,TmApp,
PLM_ESM2_PLS8,PLS,raw,0,0,0.5930216310812715,0.557908156931659,2.6059437870240294,3.450474617979884,35.0,TmApp,
PLM_ESM2_PLS16,PLS,raw,0,0,0.511835818015195,0.5366636479708441,2.869321646448297,3.5998304979529023,35.0,TmApp,
PLM_ESM2_PCA8,Ridge,raw,0,1,0.2576551336667013,0.25429430696556604,3.630684665747532,4.691794928317538,34.0,TmApp,
PLM_ESM2_PCA8,SVR_RBF,raw,0,1,0.24295822764649733,0.31577346122624284,3.7200837588294986,4.519072025980158,34.0,TmApp,
PLM_ESM2_PCA8,KRR,raw,0,1,-0.11298246503031821,-0.16037262081788192,70.44103135152864,70.58200147992697,34.0,TmApp,
PLM_ESM2_PCA16,Ridge,raw,0,1,0.26913709149498566,0.33734483968188733,3.651370582570777,4.522004703207802,34.0,TmApp,
PLM_ESM2_PCA16,SVR_RBF,raw,0,1,0.1408453493602883,0.1026729643191572,3.82974449736863,4.784434349021408,34.0,TmApp,
PLM_ESM2_PCA16,KRR,raw,0,1,-0.00045927831313137486,-0.21341271946919896,70.4411764499064,70.58213819778791,34.0,TmApp,
PLM_ESM2_PCA32,Ridge,raw,0,1,0.2342319396970012,0.34577338698089444,3.706301535048567,4.442846679236979,34.0,TmApp,
PLM_ESM2_PCA32,SVR_RBF,raw,0,1,0.18723245898655716,0.15904030984123013,3.649368638405542,4.6926990411302505,34.0,TmApp,
PLM_ESM2_PCA32,KRR,raw,0,1,0.039651027700342026,0.05422893895287642,70.44117646951214,70.58213821598143,34.0,TmApp,
PLM_ESM2_PCA64,Ridge,raw,0,1,0.16334998670372566,0.3052481754257401,3.7172482718825797,4.625724021837474,34.0,TmApp,
PLM_ESM2_PCA64,SVR_RBF,raw,0,1,0.1899881288653454,0.22780470008711784,3.547933256568271,4.6371970240998985,34.0,TmApp,
PLM_ESM2_PCA64,KRR,raw,0,1,0.05388865540741466,0.04606805351821329,70.44117628442355,70.58213802886668,34.0,TmApp,
PLM_ESM2_PLS2,PLS,raw,0,1,0.13441545297644905,0.2329254632888274,3.7386265689422937,4.839873403923588,34.0,TmApp,
PLM_ESM2_PLS4,PLS,raw,0,1,0.13242524695287977,0.2865351133881399,3.8224639183508837,4.790467206206814,34.0,TmApp,
PLM_ESM2_PLS8,PLS,raw,0,1,0.19090668549160816,0.30332433633756367,3.6265991575163197,4.841747022739544,34.0,TmApp,
PLM_ESM2_PLS16,PLS,raw,0,1,0.05557267588889636,0.1399014329051836,4.494026441326817,5.839869918953779,34.0,TmApp,
PLM_ESM2_PCA8,Ridge,raw,0,2,0.17935237995781833,0.2646852957871559,3.0536438762505016,3.933247619245861,20.0,TmApp,
PLM_ESM2_PCA8,SVR_RBF,raw,0,2,0.3308222470650515,0.4069111878714273,2.747674859628403,3.5803275567892476,20.0,TmApp,
PLM_ESM2_PCA8,KRR,raw,0,2,0.18462744995657768,0.4649131434394322,68.24268256047057,68.3405843353157,20.0,TmApp,
PLM_ESM2_PCA16,Ridge,raw,0,2,0.23813173137256552,0.34721981452165307,3.0903265428753075,3.6646719805298638,20.0,TmApp,
PLM_ESM2_PCA16,SVR_RBF,raw,0,2,0.581011281291924,0.5528451326395635,2.5568134741821895,3.1278942713272544,20.0,TmApp,
PLM_ESM2_PCA16,KRR,raw,0,2,0.07761888712460205,-0.16034755354034003,68.27494372607657,68.3760198045909,20.0,TmApp,
PLM_ESM2_PCA32,Ridge,raw,0,2,0.3564440156304541,0.38048041518846976,3.0731213174317205,3.740968764507571,20.0,TmApp,
PLM_ESM2_PCA32,SVR_RBF,raw,0,2,0.4770170441735252,0.530846927528544,2.6161165726070683,3.268071286598287,20.0,TmApp,
PLM_ESM2_PCA32,KRR,raw,0,2,-0.05048995570241104,0.04822535487526154,68.27499999344946,68.37607402519045,20.0,TmApp,
PLM_ESM2_PCA64,Ridge,raw,0,2,0.36247266705760767,0.4807226330513794,3.011366131544721,3.8162215117067064,20.0,TmApp,
PLM_ESM2_PCA64,SVR_RBF,raw,0,2,0.452902438464911,0.5035305402116727,2.6816697420307527,3.4263445833088775,20.0,TmApp,
PLM_ESM2_PCA64,KRR,raw,0,2,-0.1424268899665028,-0.4837745588675603,68.27499944661652,68.37607351502407,20.0,TmApp,
PLM_ESM2_PLS2,PLS,raw,0,2,0.2449139642281133,0.4033470558725056,3.0781151736986714,3.634757526803153,20.0,TmApp,
PLM_ESM2_PLS4,PLS,raw,0,2,0.3775442956254915,0.43124827052355597,2.926636816621367,3.8686510320698084,20.0,TmApp,
PLM_ESM2_PLS8,PLS,raw,0,2,0.4461202056093632,0.5332842144700803,2.8618306747009292,3.882825869424886,20.0,TmApp,
PLM_ESM2_PLS16,PLS,raw,0,2,0.4129626227600187,0.4433983673539838,3.203029084627643,4.649618711995975,20.0,TmApp,
PLM_ESM2_PCA8,Ridge,raw,0,3,0.41184713603329165,0.5279469178249343,2.3222825647915135,2.8101910014761473,23.0,TmApp,
PLM_ESM2_PCA8,SVR_RBF,raw,0,3,0.3367397476987179,0.33515933709382295,2.4044951972712343,3.279701623199544,23.0,TmApp,
PLM_ESM2_PCA8,KRR,raw,0,3,0.07759438794830131,-0.012460276219766057,68.5867279544443,68.65874360686007,23.0,TmApp,
PLM_ESM2_PCA16,Ridge,raw,0,3,0.33077094862577155,0.3775615837574356,2.4631765654871414,3.1159499731039886,23.0,TmApp,
PLM_ESM2_PCA16,SVR_RBF,raw,0,3,0.24969476121825165,0.2782014449277624,3.0012713807903473,3.561985459035164,23.0,TmApp,
PLM_ESM2_PCA16,KRR,raw,0,3,0.24322856222255987,0.4444484453193754,68.58695639080031,68.65897121709015,23.0,TmApp,
PLM_ESM2_PCA32,Ridge,raw,0,3,0.32679174924380744,0.2692962059743263,2.7249027707368514,3.4759055335012783,23.0,TmApp,
PLM_ESM2_PCA32,SVR_RBF,raw,0,3,0.26312455913238075,0.3101146794614382,2.4227489799021154,3.262465114370678,23.0,TmApp,
PLM_ESM2_PCA32,KRR,raw,0,3,0.2596427596731621,0.13437383119192245,68.58695651828037,68.65897135366455,23.0,TmApp,
PLM_ESM2_PCA64,Ridge,raw,0,3,0.22084556569901143,0.1813794143265305,3.16125712470114,3.815299434066003,23.0,TmApp,
PLM_ESM2_PCA64,SVR_RBF,raw,0,3,0.24671036168177854,0.33826162681324434,2.4960930357784137,3.2091887925258105,23.0,TmApp,
PLM_ESM2_PCA64,KRR,raw,0,3,0.16215237481503994,0.05454804977418591,68.58695276062643,68.65896756404567,23.0,TmApp,
PLM_ESM2_PLS2,PLS,raw,0,3,0.3332579482394992,0.4345589575941339,2.521572025042384,3.0894821654682505,23.0,TmApp,
PLM_ESM2_PLS4,PLS,raw,0,3,0.17757177242015104,0.1578358151167117,2.964811929822561,3.7665005242804668,23.0,TmApp,
PLM_ESM2_PLS8,PLS,raw,0,3,0.2591453597504166,0.210123953556416,3.592573924142155,4.371125251103571,23.0,TmApp,
PLM_ESM2_PLS16,PLS,raw,0,3,0.08256838717575653,0.06584438903499917,4.53090210764946,5.442745640235142,23.0,TmApp,
PLM_ESM2_PCA8,Ridge,raw,0,4,0.39342469050358475,0.36202195571182255,3.7092269537336735,4.9737909541209415,50.0,TmApp,
PLM_ESM2_PCA8,SVR_RBF,raw,0,4,0.2952247341567523,0.2906039261561241,3.8945752347455027,5.148840399876791,50.0,TmApp,
PLM_ESM2_PCA8,KRR,raw,0,4,0.13593219605914936,0.2123215371235436,69.89987860177271,70.10193924442643,50.0,TmApp,
PLM_ESM2_PCA16,Ridge,raw,0,4,0.4304839985522425,0.4302018378482825,3.8100025545846825,4.875731134522728,50.0,TmApp,
PLM_ESM2_PCA16,SVR_RBF,raw,0,4,0.30940436564099877,0.33140054963906596,4.052127979927307,5.115875065292566,50.0,TmApp,
PLM_ESM2_PCA16,KRR,raw,0,4,0.003556924507912678,0.04260605314013941,69.89997002908622,70.10203790344713,50.0,TmApp,
PLM_ESM2_PCA32,Ridge,raw,0,4,0.4368768493570044,0.43992652595460097,3.8244660717438093,4.8660071744778515,50.0,TmApp,
PLM_ESM2_PCA32,SVR_RBF,raw,0,4,0.328006119486434,0.342295747802466,3.89221465397682,5.042282397814447,50.0,TmApp,
PLM_ESM2_PCA32,KRR,raw,0,4,0.11925310410988316,0.05186103950975202,69.89999999199038,70.10206843497726,50.0,TmApp,
PLM_ESM2_PCA64,Ridge,raw,0,4,0.3503570640293988,0.37756136771005383,4.118262424173921,5.179368579604626,50.0,TmApp,
PLM_ESM2_PCA64,SVR_RBF,raw,0,4,0.32805418603383824,0.3502591106923028,3.8679070812295593,5.035056893293222,50.0,TmApp,
PLM_ESM2_PCA64,KRR,raw,0,4,0.18140314990354658,0.006873396368856496,69.89999848491897,70.10206692861006,50.0,TmApp,
PLM_ESM2_PLS2,PLS,raw,0,4,0.42601380964364954,0.42961324038672777,3.7213486930626787,4.863730739515107,50.0,TmApp,
PLM_ESM2_PLS4,PLS,raw,0,4,0.3890506346898002,0.44231056983465156,4.008560640946673,5.0044433209245165,50.0,TmApp,
PLM_ESM2_PLS8,PLS,raw,0,4,0.3103176300416791,0.3444342169602238,4.336793464513025,5.438514759511922,50.0,TmApp,
PLM_ESM2_PLS16,PLS,raw,0,4,0.306904905175979,0.3740471894409433,4.425894231684606,5.587724660817373,50.0,TmApp,
PLM_ESM2_PCA8,Ridge,raw,1,0,0.2651566794478471,0.26161882299764155,3.621993923764542,4.643701712317362,34.0,TmApp,
PLM_ESM2_PCA8,SVR_RBF,raw,1,0,0.2656159577609785,0.32274214559072767,3.686407462285487,4.575400860081669,34.0,TmApp,
PLM_ESM2_PCA8,KRR,raw,1,0,-0.08113916865320957,0.03089825019245927,70.44101606486922,70.58197689639128,34.0,TmApp,
PLM_ESM2_PCA16,Ridge,raw,1,0,0.27893502884178834,0.3423624909321472,3.63814453728115,4.539047917470429,34.0,TmApp,
PLM_ESM2_PCA16,SVR_RBF,raw,1,0,0.17605668670036037,0.12479651732980775,3.7303127088988974,4.751004156109305,34.0,TmApp,
PLM_ESM2_PCA16,KRR,raw,1,0,0.04255979035017407,-0.18594189618702198,70.44117646344978,70.58213821030174,34.0,TmApp,
PLM_ESM2_PCA32,Ridge,raw,1,0,0.2431113204175411,0.3304775309329162,3.7539644497248177,4.502789645303515,34.0,TmApp,
PLM_ESM2_PCA32,SVR_RBF,raw,1,0,0.1263015361111281,0.1495852420251526,3.705696811311943,4.714656541800523,34.0,TmApp,
PLM_ESM2_PCA32,KRR,raw,1,0,0.19014122163638922,0.07238126314384005,70.44117646974694,70.58213821621342,34.0,TmApp,
PLM_ESM2_PCA64,Ridge,raw,1,0,0.17391338790574726,0.29280691667367065,3.8611292974019977,4.645607811339787,34.0,TmApp,
PLM_ESM2_PCA64,SVR_RBF,raw,1,0,0.16135978068015638,0.2226317042216137,3.5573922181144986,4.59365894718275,34.0,TmApp,
PLM_ESM2_PCA64,KRR,raw,1,0,0.14130462767341967,0.050675833384383015,70.44117632220117,70.58213806679555,34.0,TmApp,
PLM_ESM2_PLS2,PLS,raw,1,0,0.1275262782794784,0.22463575541270775,3.769831096752561,4.804322988984035,34.0,TmApp,
PLM_ESM2_PLS4,PLS,raw,1,0,0.11589122768015025,0.28657142036560196,3.8552445925029595,4.693168172151656,34.0,TmApp,
PLM_ESM2_PLS8,PLS,raw,1,0,0.21448297223235205,0.2999626136334841,3.618589150037732,4.649286952006346,34.0,TmApp,
PLM_ESM2_PLS16,PLS,raw,1,0,0.004439690360269957,0.1220756795857278,4.365784999353393,5.651566999046558,34.0,TmApp,
PLM_ESM2_PCA8,Ridge,raw,1,1,0.2260744285182584,0.25745784827929613,3.3313060576095843,4.139690459446368,20.0,TmApp,
PLM_ESM2_PCA8,SVR_RBF,raw,1,1,0.3813122027674625,0.43768711118639264,2.9342976854748324,3.7012630147639776,20.0,TmApp,
PLM_ESM2_PCA8,KRR,raw,1,1,0.22833517280344096,0.4709365452078207,67.8285002669798,67.93618281010713,20.0,TmApp,
PLM_ESM2_PCA16,Ridge,raw,1,1,0.16051284424796344,0.3149186962237991,3.3500180988515593,3.9284528072564915,20.0,TmApp,
PLM_ESM2_PCA16,SVR_RBF,raw,1,1,0.6179367712832396,0.5415759080176271,2.6984480734617193,3.3662336894199534,20.0,TmApp,
PLM_ESM2_PCA16,KRR,raw,1,1,0.0067822328555477525,-0.08989431433773237,67.84994980436467,67.9598655072322,20.0,TmApp,
PLM_ESM2_PCA32,Ridge,raw,1,1,0.2117563813787687,0.3149077508492405,3.3869952250805015,4.055336823752007,20.0,TmApp,
PLM_ESM2_PCA32,SVR_RBF,raw,1,1,0.4694812298895833,0.5161019110575515,2.905300135255471,3.548804461798419,20.0,TmApp,
PLM_ESM2_PCA32,KRR,raw,1,1,-0.20798847423679773,-0.21318427131193454,67.84999999870087,67.95991465438809,20.0,TmApp,
PLM_ESM2_PCA64,Ridge,raw,1,1,0.3217792699243211,0.44636375291140923,3.134905147671981,3.885622723543193,20.0,TmApp,
PLM_ESM2_PCA64,SVR_RBF,raw,1,1,0.46797406703279487,0.5090909904818234,2.891439320651215,3.614655627366133,20.0,TmApp,
PLM_ESM2_PCA64,KRR,raw,1,1,-0.06556158427029493,-0.4203572722745817,67.84999950628507,67.9599141902672,20.0,TmApp,
PLM_ESM2_PLS2,PLS,raw,1,1,0.20648131138000936,0.3673086669752302,3.360991821194122,3.8834801232549427,20.0,TmApp,
PLM_ESM2_PLS4,PLS,raw,1,1,0.3210256884959269,0.39018684513360086,3.193112511571913,4.137160305985285,20.0,TmApp,
PLM_ESM2_PLS8,PLS,raw,1,1,0.3760371327687031,0.4957833248847559,3.157807524980382,4.194151958723429,20.0,TmApp,
PLM_ESM2_PLS16,PLS,raw,1,1,0.33232940992183985,0.37192847106517407,3.7514642899098503,5.057212019784156,20.0,TmApp,
PLM_ESM2_PCA8,Ridge,raw,1,2,0.39342469050358475,0.36202195571182255,3.7092269537336735,4.9737909541209415,50.0,TmApp,
PLM_ESM2_PCA8,SVR_RBF,raw,1,2,0.2952247341567523,0.2906039261561241,3.8945752347455027,5.148840399876791,50.0,TmApp,
PLM_ESM2_PCA8,KRR,raw,1,2,0.13593219605914936,0.2123215371235436,69.89987860177271,70.10193924442643,50.0,TmApp,
PLM_ESM2_PCA16,Ridge,raw,1,2,0.4304839985522425,0.4302018378482825,3.8100025545846825,4.875731134522728,50.0,TmApp,
PLM_ESM2_PCA16,SVR_RBF,raw,1,2,0.30940436564099877,0.33140054963906596,4.052127979927307,5.115875065292566,50.0,TmApp,
PLM_ESM2_PCA16,KRR,raw,1,2,0.003556924507912678,0.04260605314013941,69.89997002908622,70.10203790344713,50.0,TmApp,
PLM_ESM2_PCA32,Ridge,raw,1,2,0.4368768493570044,0.43992652595460097,3.8244660717438093,4.8660071744778515,50.0,TmApp,
PLM_ESM2_PCA32,SVR_RBF,raw,1,2,0.328006119486434,0.342295747802466,3.89221465397682,5.042282397814447,50.0,TmApp,
PLM_ESM2_PCA32,KRR,raw,1,2,0.11925310410988316,0.05186103950975202,69.89999999199038,70.10206843497726,50.0,TmApp,
PLM_ESM2_PCA64,Ridge,raw,1,2,0.3503570640293988,0.37756136771005383,4.118262424173921,5.179368579604626,50.0,TmApp,
PLM_ESM2_PCA64,SVR_RBF,raw,1,2,0.32805418603383824,0.3502591106923028,3.8679070812295593,5.035056893293222,50.0,TmApp,
PLM_ESM2_PCA64,KRR,raw,1,2,0.18140314990354658,0.006873396368856496,69.89999848491897,70.10206692861006,50.0,TmApp,
PLM_ESM2_PLS2,PLS,raw,1,2,0.42601380964364954,0.42961324038672777,3.7213486930626787,4.863730739515107,50.0,TmApp,
PLM_ESM2_PLS4,PLS,raw,1,2,0.3890506346898002,0.44231056983465156,4.008560640946673,5.0044433209245165,50.0,TmApp,
PLM_ESM2_PLS8,PLS,raw,1,2,0.3103176300416791,0.3444342169602238,4.336793464513025,5.438514759511922,50.0,TmApp,
PLM_ESM2_PLS16,PLS,raw,1,2,0.306904905175979,0.3740471894409433,4.425894231684606,5.587724660817373,50.0,TmApp,
PLM_ESM2_PCA8,Ridge,raw,1,3,0.6937313680507815,0.6943173150574631,2.577482478062902,3.2577443968898403,35.0,TmApp,
PLM_ESM2_PCA8,SVR_RBF,raw,1,3,0.5875436955975742,0.5408050430346987,3.013618785182231,3.611245435785528,35.0,TmApp,
PLM_ESM2_PCA8,KRR,raw,1,3,-0.2157463821271513,-0.09550247250233651,71.14285148952177,71.24584649207404,35.0,TmApp,
PLM_ESM2_PCA16,Ridge,raw,1,3,0.6375474143718359,0.7132668107990093,2.1778525763920373,2.8669887690172446,35.0,TmApp,
PLM_ESM2_PCA16,SVR_RBF,raw,1,3,0.6506101836021907,0.6670090839498776,2.6791447987676738,3.1397291007237196,35.0,TmApp,
PLM_ESM2_PCA16,KRR,raw,1,3,-0.18006957154102082,-0.031599064651745994,71.14285679525563,71.24585166473092,35.0,TmApp,
PLM_ESM2_PCA32,Ridge,raw,1,3,0.5876841554817716,0.6205746355800642,2.674252701432204,3.3612642870707408,35.0,TmApp,
PLM_ESM2_PCA32,SVR_RBF,raw,1,3,0.6395138527505989,0.6364892110651229,2.575890899162404,3.086522467545418,35.0,TmApp,
PLM_ESM2_PCA32,KRR,raw,1,3,-0.18653072621409958,-0.08897016076884641,71.14285709862156,71.24585196626418,35.0,TmApp,
PLM_ESM2_PCA64,Ridge,raw,1,3,0.5844535781452322,0.578759980594311,2.6775217554994595,3.508446167602326,35.0,TmApp,
PLM_ESM2_PCA64,SVR_RBF,raw,1,3,0.6396543126347963,0.5939803918514959,2.683941560044279,3.2476471329472263,35.0,TmApp,
PLM_ESM2_PCA64,KRR,raw,1,3,-0.038907387922669866,-0.03777849441703716,71.14285104041872,71.24584598267114,35.0,TmApp,
PLM_ESM2_PLS2,PLS,raw,1,3,0.6966810256189262,0.7226745956288505,2.272858826153681,2.851819488424693,35.0,TmApp,
PLM_ESM2_PLS4,PLS,raw,1,3,0.6042584218170606,0.611608786367923,2.872171691549509,3.527108716791339,35.0,TmApp,
PLM_ESM2_PLS8,PLS,raw,1,3,0.5930216310812715,0.557908156931659,2.6059437870240294,3.450474617979884,35.0,TmApp,
PLM_ESM2_PLS16,PLS,raw,1,3,0.511835818015195,0.5366636479708441,2.869321646448297,3.5998304979529023,35.0,TmApp,
PLM_ESM2_PCA8,Ridge,raw,1,4,0.48645712444511974,0.5949014290158542,1.9739196747649357,2.411189818433854,23.0,TmApp,
PLM_ESM2_PCA8,SVR_RBF,raw,1,4,0.3929459389689618,0.3134636472631909,2.1092532676360207,2.995535205956538,23.0,TmApp,
PLM_ESM2_PCA8,KRR,raw,1,4,0.050237392197297635,-0.14911612266533125,68.95445826062416,69.01531589401178,23.0,TmApp,
PLM_ESM2_PCA16,Ridge,raw,1,4,0.4247795340246751,0.4283841913480402,2.1858226831421455,2.8037088450393735,23.0,TmApp,
PLM_ESM2_PCA16,SVR_RBF,raw,1,4,0.26063755951865314,0.27740951000045494,2.7269326789206896,3.322790394721344,23.0,TmApp,
PLM_ESM2_PCA16,KRR,raw,1,4,0.29993215341554935,0.43743501792399125,68.95652156091332,69.01732592841869,23.0,TmApp,
PLM_ESM2_PCA32,Ridge,raw,1,4,0.33176574847126267,0.23128239990983207,2.4840713700214074,3.286272977254868,23.0,TmApp,
PLM_ESM2_PCA32,SVR_RBF,raw,1,4,0.31087495171595075,0.30433038375868493,2.169443361595697,3.0327763995459653,23.0,TmApp,
PLM_ESM2_PCA32,KRR,raw,1,4,0.3163463508661515,0.3086014658192789,68.95652173249046,69.01732611023334,23.0,TmApp,
PLM_ESM2_PCA64,Ridge,raw,1,4,0.3208229501708612,0.2554509953645641,2.73018276627042,3.376721611420734,23.0,TmApp,
PLM_ESM2_PCA64,SVR_RBF,raw,1,4,0.38250054059130584,0.3915518670263557,2.071939861805188,2.8197125570543067,23.0,TmApp,
PLM_ESM2_PCA64,KRR,raw,1,4,0.18204837172486077,0.04280672934137079,68.95651728335748,69.01732163685692,23.0,TmApp,
PLM_ESM2_PLS2,PLS,raw,1,4,0.4173185351834923,0.50693154104585,2.171365972736844,2.7677505325232015,23.0,TmApp,
PLM_ESM2_PLS4,PLS,raw,1,4,0.1571783755875847,0.09678660861310898,2.7868462604771684,3.6874084375598364,23.0,TmApp,
PLM_ESM2_PLS8,PLS,raw,1,4,0.27058555797356354,0.17676136203350248,3.6989658625196635,4.342862132417707,23.0,TmApp,
PLM_ESM2_PLS16,PLS,raw,1,4,0.13678497875501833,0.023373602350234154,4.3580452356430905,5.403265475888162,23.0,TmApp,
PLM_ESM2_PCA8,Ridge,raw,2,0,0.43590680872914855,0.5652813511061198,2.0964708929278344,2.509575031197353,23.0,TmApp,
PLM_ESM2_PCA8,SVR_RBF,raw,2,0,0.33176525032969323,0.2651305916652372,2.1709492132018635,3.210534819489388,23.0,TmApp,
PLM_ESM2_PCA8,KRR,raw,2,0,0.12695351881076453,-0.028599724482681232,68.89108870800699,68.95274705478818,23.0,TmApp,
PLM_ESM2_PCA16,Ridge,raw,2,0,0.47905116863749436,0.44848640125054207,2.1561436178277487,2.7955907127186714,23.0,TmApp,
PLM_ESM2_PCA16,SVR_RBF,raw,2,0,0.34664261581532974,0.338412119967517,2.8335207040484223,3.3558980164036227,23.0,TmApp,
PLM_ESM2_PCA16,KRR,raw,2,0,0.4116071117692756,0.4426288589327023,68.8913042895368,68.95296122028641,23.0,TmApp,
PLM_ESM2_PCA32,Ridge,raw,2,0,0.38086055643229355,0.34169595940648734,2.382328636896755,3.1000625473171493,23.0,TmApp,
PLM_ESM2_PCA32,SVR_RBF,raw,2,0,0.34713852799818434,0.3503663570273261,2.193166840350481,3.014919078736819,23.0,TmApp,
PLM_ESM2_PCA32,KRR,raw,2,0,0.3729259615066208,0.17964939618872444,68.89130434572121,68.95296127990753,23.0,TmApp,
PLM_ESM2_PCA64,Ridge,raw,2,0,0.303498255906984,0.23502458803934217,2.7960963278103854,3.497082200138146,23.0,TmApp,
PLM_ESM2_PCA64,SVR_RBF,raw,2,0,0.2896127147870566,0.36208101916329727,2.142741788106357,2.9441778047964506,23.0,TmApp,
PLM_ESM2_PCA64,KRR,raw,2,0,0.2866372416899293,0.37563978317265595,68.89130347128757,68.95296036087821,23.0,TmApp,
PLM_ESM2_PLS2,PLS,raw,2,0,0.37838099551802085,0.48883251174865694,2.2700945065590696,2.8278326143833112,23.0,TmApp,
PLM_ESM2_PLS4,PLS,raw,2,0,0.19935669750752869,0.1260487635188227,2.757104869224766,3.6634063877667726,23.0,TmApp,
PLM_ESM2_PLS8,PLS,raw,2,0,0.17604882491336488,0.12816808348733477,3.4555406596629608,4.3597556137676685,23.0,TmApp,
PLM_ESM2_PLS16,PLS,raw,2,0,0.04016888681121847,-0.03228591625778059,4.370816632527737,5.4292032313716385,23.0,TmApp,
PLM_ESM2_PCA8,Ridge,raw,2,1,0.18085954281460673,0.25245562885015116,3.261889503240872,4.117147619820404,20.0,TmApp,
PLM_ESM2_PCA8,SVR_RBF,raw,2,1,0.37000848134154957,0.4284936277306398,2.9783574585073884,3.719304657788964,20.0,TmApp,
PLM_ESM2_PCA8,KRR,raw,2,1,0.2147707070923455,0.4670492931749025,67.85257405882739,67.96030615074515,20.0,TmApp,
PLM_ESM2_PCA16,Ridge,raw,2,1,0.17784521710102993,0.31860007490287484,3.351720414712583,3.9183836862609485,20.0,TmApp,
PLM_ESM2_PCA16,SVR_RBF,raw,2,1,0.6247190041387873,0.61667414457498,2.544996341868876,3.2905999118442915,20.0,TmApp,
PLM_ESM2_PCA16,KRR,raw,2,1,0.034664745706132954,-0.15082225116364795,67.8749090587538,67.98492919875082,20.0,TmApp,
PLM_ESM2_PCA32,Ridge,raw,2,1,0.2878681056465824,0.30858925810386517,3.3317965675973182,4.039556366401356,20.0,TmApp,
PLM_ESM2_PCA32,SVR_RBF,raw,2,1,0.48003136988710204,0.5170502391665431,2.8767746849557234,3.5455628417626466,20.0,TmApp,
PLM_ESM2_PCA32,KRR,raw,2,1,-0.1981919156676732,-0.3026962017653927,67.8749999980411,67.98501672978053,20.0,TmApp,
PLM_ESM2_PCA64,Ridge,raw,2,1,0.3571975970588483,0.4499130363688397,3.0647858228683864,3.8428594279288832,20.0,TmApp,
PLM_ESM2_PCA64,SVR_RBF,raw,2,1,0.44159871703899806,0.5184743650987873,2.9134711804481968,3.607413032156416,20.0,TmApp,
PLM_ESM2_PCA64,KRR,raw,2,1,-0.06104009569992977,-0.4117235749608995,67.87499954544396,67.9850163019722,20.0,TmApp,
PLM_ESM2_PLS2,PLS,raw,2,1,0.17332372853066474,0.36723736606024227,3.306016909389394,3.865111608068514,20.0,TmApp,
PLM_ESM2_PLS4,PLS,raw,2,1,0.35493685277366566,0.3925581524954066,3.1953356682184935,4.137964695739646,20.0,TmApp,
PLM_ESM2_PLS8,PLS,raw,2,1,0.3534296899168773,0.48565911319456934,3.171913742181032,4.257909426645951,20.0,TmApp,
PLM_ESM2_PLS16,PLS,raw,2,1,0.32027210706753273,0.37533618715025746,3.7584047209561033,5.0340006259073835,20.0,TmApp,
PLM_ESM2_PCA8,Ridge,raw,2,2,0.15134855241558665,0.17516365481612922,3.576238852901237,4.5785876133150785,34.0,TmApp,
PLM_ESM2_PCA8,SVR_RBF,raw,2,2,0.28538699711562543,0.3043461805199482,3.4736863577876957,4.260716395662125,34.0,TmApp,
PLM_ESM2_PCA8,KRR,raw,2,2,-0.05897691566801707,-0.17675768891068383,70.58819178564102,70.7089733910423,34.0,TmApp,
PLM_ESM2_PCA16,Ridge,raw,2,2,0.18688788861033978,0.1863037203774286,3.595479081555312,4.517443963843497,34.0,TmApp,
PLM_ESM2_PCA16,SVR_RBF,raw,2,2,0.18520283387696787,0.13933664923512157,3.575103230859893,4.418696778278243,34.0,TmApp,
PLM_ESM2_PCA16,KRR,raw,2,2,0.16253118837341848,0.08100905600120442,70.58823529140146,70.70901431563505,34.0,TmApp,
PLM_ESM2_PCA32,Ridge,raw,2,2,0.2659322742848769,0.29284374435037563,3.5018912287729997,4.278277697340608,34.0,TmApp,
PLM_ESM2_PCA32,SVR_RBF,raw,2,2,0.2521454628300158,0.2555914870869121,3.3888278600059687,4.342940491436157,34.0,TmApp,
PLM_ESM2_PCA32,KRR,raw,2,2,0.11335822751774707,0.18126685857326535,70.58823525477973,70.70901427693197,34.0,TmApp,
PLM_ESM2_PCA64,Ridge,raw,2,2,0.26118348367264704,0.3248279790306152,3.3756857663673534,4.439817522320712,34.0,TmApp,
PLM_ESM2_PCA64,SVR_RBF,raw,2,2,0.2737448007759649,0.2945663598034882,3.2872228434304978,4.294195111627727,34.0,TmApp,
PLM_ESM2_PCA64,KRR,raw,2,2,0.10493295385088751,-0.04235189851703512,70.58823306853252,70.70901212025812,34.0,TmApp,
PLM_ESM2_PLS2,PLS,raw,2,2,0.1155028426329477,0.16327280842375114,3.6433211550375786,4.805136568771002,34.0,TmApp,
PLM_ESM2_PLS4,PLS,raw,2,2,0.1597738260824462,0.2140966815888075,3.773702267311207,4.811666571576573,34.0,TmApp,
PLM_ESM2_PLS8,PLS,raw,2,2,0.03722439092812505,0.1652649637260181,3.8071614215923244,5.179898335615304,34.0,TmApp,
PLM_ESM2_PLS16,PLS,raw,2,2,0.055147245819444524,0.029841591076199228,4.679627081584383,5.988642508980387,34.0,TmApp,
PLM_ESM2_PCA8,Ridge,raw,2,3,0.6937313680507815,0.6943173150574631,2.577482478062902,3.2577443968898403,35.0,TmApp,
PLM_ESM2_PCA8,SVR_RBF,raw,2,3,0.5875436955975742,0.5408050430346987,3.013618785182231,3.611245435785528,35.0,TmApp,
PLM_ESM2_PCA8,KRR,raw,2,3,-0.2157463821271513,-0.09550247250233651,71.14285148952177,71.24584649207404,35.0,TmApp,
PLM_ESM2_PCA16,Ridge,raw,2,3,0.6375474143718359,0.7132668107990093,2.1778525763920373,2.8669887690172446,35.0,TmApp,
PLM_ESM2_PCA16,SVR_RBF,raw,2,3,0.6506101836021907,0.6670090839498776,2.6791447987676738,3.1397291007237196,35.0,TmApp,
PLM_ESM2_PCA16,KRR,raw,2,3,-0.18006957154102082,-0.031599064651745994,71.14285679525563,71.24585166473092,35.0,TmApp,
PLM_ESM2_PCA32,Ridge,raw,2,3,0.5876841554817716,0.6205746355800642,2.674252701432204,3.3612642870707408,35.0,TmApp,
PLM_ESM2_PCA32,SVR_RBF,raw,2,3,0.6395138527505989,0.6364892110651229,2.575890899162404,3.086522467545418,35.0,TmApp,
PLM_ESM2_PCA32,KRR,raw,2,3,-0.18653072621409958,-0.08897016076884641,71.14285709862156,71.24585196626418,35.0,TmApp,
PLM_ESM2_PCA64,Ridge,raw,2,3,0.5844535781452322,0.578759980594311,2.6775217554994595,3.508446167602326,35.0,TmApp,
PLM_ESM2_PCA64,SVR_RBF,raw,2,3,0.6396543126347963,0.5939803918514959,2.683941560044279,3.2476471329472263,35.0,TmApp,
PLM_ESM2_PCA64,KRR,raw,2,3,-0.038907387922669866,-0.03777849441703716,71.14285104041872,71.24584598267114,35.0,TmApp,
PLM_ESM2_PLS2,PLS,raw,2,3,0.6966810256189262,0.7226745956288505,2.272858826153681,2.851819488424693,35.0,TmApp,
PLM_ESM2_PLS4,PLS,raw,2,3,0.6042584218170606,0.611608786367923,2.872171691549509,3.527108716791339,35.0,TmApp,
PLM_ESM2_PLS8,PLS,raw,2,3,0.5930216310812715,0.557908156931659,2.6059437870240294,3.450474617979884,35.0,TmApp,
PLM_ESM2_PLS16,PLS,raw,2,3,0.511835818015195,0.5366636479708441,2.869321646448297,3.5998304979529023,35.0,TmApp,
PLM_ESM2_PCA8,Ridge,raw,2,4,0.45424415749026503,0.41084954963851034,3.7213821976526935,5.044471804816162,50.0,TmApp,
PLM_ESM2_PCA8,SVR_RBF,raw,2,4,0.2754495044520907,0.2979488497748206,3.9687325510146088,5.253575870336391,50.0,TmApp,
PLM_ESM2_PCA8,KRR,raw,2,4,0.05719506374070632,0.2345290055171726,69.81980160467954,70.03427523572705,50.0,TmApp,
PLM_ESM2_PCA16,Ridge,raw,2,4,0.49014727733422103,0.49235172728889537,3.769755231484907,4.8531473707192285,50.0,TmApp,
PLM_ESM2_PCA16,SVR_RBF,raw,2,4,0.3638855693957039,0.3577656203665881,4.042318288554133,5.170397054284813,50.0,TmApp,
PLM_ESM2_PCA16,KRR,raw,2,4,-0.03720082297084596,0.0438112236139108,69.8199203012475,70.03441014064732,50.0,TmApp,
PLM_ESM2_PCA32,Ridge,raw,2,4,0.48981083578280515,0.49154815907905114,3.8776812079513525,4.924412520603936,50.0,TmApp,
PLM_ESM2_PCA32,SVR_RBF,raw,2,4,0.38681165797076006,0.4023721698912378,3.912463472634175,5.052135845277785,50.0,TmApp,
PLM_ESM2_PCA32,KRR,raw,2,4,0.1341921159361782,-0.00629162425718803,69.819999964684,70.03449146730827,50.0,TmApp,
PLM_ESM2_PCA64,Ridge,raw,2,4,0.3669616064372208,0.39762212667101265,4.078142224972438,5.166555757965697,50.0,TmApp,
PLM_ESM2_PCA64,SVR_RBF,raw,2,4,0.4044027448019353,0.41580776564920857,3.8938138409085825,5.034947536464323,50.0,TmApp,
PLM_ESM2_PCA64,KRR,raw,2,4,0.13491306211778373,-0.0027223722334531776,69.81999858590552,70.03449009427081,50.0,TmApp,
PLM_ESM2_PLS2,PLS,raw,2,4,0.48961858346771037,0.4676629969784949,3.8951076471347914,4.960649796225593,50.0,TmApp,
PLM_ESM2_PLS4,PLS,raw,2,4,0.4601559161794306,0.4888672806231801,4.02438818544719,5.03772886403486,50.0,TmApp,
PLM_ESM2_PLS8,PLS,raw,2,4,0.3559551613980429,0.4030442122100093,4.324189896350706,5.356162000894308,50.0,TmApp,
PLM_ESM2_PLS16,PLS,raw,2,4,0.35763736915512245,0.4179304037547173,4.49353634192214,5.552885958643284,50.0,TmApp,
PLM_ESM2_PCA8,Ridge,raw,3,0,0.6937313680507815,0.6943173150574631,2.577482478062902,3.2577443968898403,35.0,TmApp,
PLM_ESM2_PCA8,SVR_RBF,raw,3,0,0.5875436955975742,0.5408050430346987,3.013618785182231,3.611245435785528,35.0,TmApp,
PLM_ESM2_PCA8,KRR,raw,3,0,-0.2157463821271513,-0.09550247250233651,71.14285148952177,71.24584649207404,35.0,TmApp,
PLM_ESM2_PCA16,Ridge,raw,3,0,0.6375474143718359,0.7132668107990093,2.1778525763920373,2.8669887690172446,35.0,TmApp,
PLM_ESM2_PCA16,SVR_RBF,raw,3,0,0.6506101836021907,0.6670090839498776,2.6791447987676738,3.1397291007237196,35.0,TmApp,
PLM_ESM2_PCA16,KRR,raw,3,0,-0.18006957154102082,-0.031599064651745994,71.14285679525563,71.24585166473092,35.0,TmApp,
PLM_ESM2_PCA32,Ridge,raw,3,0,0.5876841554817716,0.6205746355800642,2.674252701432204,3.3612642870707408,35.0,TmApp,
PLM_ESM2_PCA32,SVR_RBF,raw,3,0,0.6395138527505989,0.6364892110651229,2.575890899162404,3.086522467545418,35.0,TmApp,
PLM_ESM2_PCA32,KRR,raw,3,0,-0.18653072621409958,-0.08897016076884641,71.14285709862156,71.24585196626418,35.0,TmApp,
PLM_ESM2_PCA64,Ridge,raw,3,0,0.5844535781452322,0.578759980594311,2.6775217554994595,3.508446167602326,35.0,TmApp,
PLM_ESM2_PCA64,SVR_RBF,raw,3,0,0.6396543126347963,0.5939803918514959,2.683941560044279,3.2476471329472263,35.0,TmApp,
PLM_ESM2_PCA64,KRR,raw,3,0,-0.038907387922669866,-0.03777849441703716,71.14285104041872,71.24584598267114,35.0,TmApp,
PLM_ESM2_PLS2,PLS,raw,3,0,0.6966810256189262,0.7226745956288505,2.272858826153681,2.851819488424693,35.0,TmApp,
PLM_ESM2_PLS4,PLS,raw,3,0,0.6042584218170606,0.611608786367923,2.872171691549509,3.527108716791339,35.0,TmApp,
PLM_ESM2_PLS8,PLS,raw,3,0,0.5930216310812715,0.557908156931659,2.6059437870240294,3.450474617979884,35.0,TmApp,
PLM_ESM2_PLS16,PLS,raw,3,0,0.511835818015195,0.5366636479708441,2.869321646448297,3.5998304979529023,35.0,TmApp,
PLM_ESM2_PCA8,Ridge,raw,3,1,0.20592557192041733,0.21580172830642033,3.5131020548938348,4.512630373868501,34.0,TmApp,
PLM_ESM2_PCA8,SVR_RBF,raw,3,1,0.25660316619971707,0.2616556374832675,3.6377680362488336,4.404416141503032,34.0,TmApp,
PLM_ESM2_PCA8,KRR,raw,3,1,-0.1295264192153703,-0.1717913035008552,70.30872040621523,70.4370355994517,34.0,TmApp,
PLM_ESM2_PCA16,Ridge,raw,3,1,0.24726379081893976,0.2646493255803061,3.581660817813179,4.440663624061874,34.0,TmApp,
PLM_ESM2_PCA16,SVR_RBF,raw,3,1,0.1466741248325352,0.09863608184903187,3.7076960611027845,4.563677739450693,34.0,TmApp,
PLM_ESM2_PCA16,KRR,raw,3,1,0.018066332703798697,-0.22709458543538277,70.30882350124027,70.43713297829161,34.0,TmApp,
PLM_ESM2_PCA32,Ridge,raw,3,1,0.2073035125503681,0.2729530692740522,3.642254065111103,4.3675377139302896,34.0,TmApp,
PLM_ESM2_PCA32,SVR_RBF,raw,3,1,0.20041380940061435,0.16421854194634172,3.5255039782556907,4.489071658552909,34.0,TmApp,
PLM_ESM2_PCA32,KRR,raw,3,1,0.0678252998964646,0.19511008351652798,70.30882350808173,70.4371329817502,34.0,TmApp,
PLM_ESM2_PCA64,Ridge,raw,3,1,0.1503486331790705,0.2506354315599553,3.4882572214045267,4.537344533558072,34.0,TmApp,
PLM_ESM2_PCA64,SVR_RBF,raw,3,1,0.20378210871827174,0.2321690149528961,3.380449132240013,4.392103894152635,34.0,TmApp,
PLM_ESM2_PCA64,KRR,raw,3,1,0.054964520683590944,0.1928053251248511,70.30882303618104,70.43713249125545,34.0,TmApp,
PLM_ESM2_PLS2,PLS,raw,3,1,0.09431238089440676,0.1838816904142217,3.6031576439837103,4.737153284496721,34.0,TmApp,
PLM_ESM2_PLS4,PLS,raw,3,1,0.12814847858541958,0.18390177912586755,3.800792245450874,4.796776792769773,34.0,TmApp,
PLM_ESM2_PLS8,PLS,raw,3,1,0.16336251690638312,0.19759637847494696,3.598397295982328,4.882724145590416,34.0,TmApp,
PLM_ESM2_PLS16,PLS,raw,3,1,0.030314693858916456,-0.007933141222679614,4.482474215276973,5.7486453570823635,34.0,TmApp,
PLM_ESM2_PCA8,Ridge,raw,3,2,0.37568813451142563,0.354019950905594,3.804342448178363,5.127577238591779,50.0,TmApp,
PLM_ESM2_PCA8,SVR_RBF,raw,3,2,0.2640776114388142,0.2724088233899669,3.985450723600682,5.286324464251051,50.0,TmApp,
PLM_ESM2_PCA8,KRR,raw,3,2,0.12430009158732681,0.04856739732240905,69.98992523599077,70.20109926411818,50.0,TmApp,
PLM_ESM2_PCA16,Ridge,raw,3,2,0.4290900686775199,0.439692316357177,3.8410197034637052,4.923639533400301,50.0,TmApp,
PLM_ESM2_PCA16,SVR_RBF,raw,3,2,0.302002117340748,0.3026180094690235,4.111278923724089,5.251911023385323,50.0,TmApp,
PLM_ESM2_PCA16,KRR,raw,3,2,0.0070657824684211305,0.038715058632565025,69.98998197596006,70.20115687973218,50.0,TmApp,
PLM_ESM2_PCA32,Ridge,raw,3,2,0.43298345901726215,0.45570242809627476,3.8530963661859112,4.919468688935142,50.0,TmApp,
PLM_ESM2_PCA32,SVR_RBF,raw,3,2,0.32718898818056213,0.3411392261611398,3.970679384606857,5.133732844268497,50.0,TmApp,
PLM_ESM2_PCA32,KRR,raw,3,2,0.12026250160537189,0.007180030125843266,69.9899999949252,70.20117519876587,50.0,TmApp,
PLM_ESM2_PCA64,Ridge,raw,3,2,0.33872495955757626,0.3777314222980021,4.041754757556339,5.15708120181074,50.0,TmApp,
PLM_ESM2_PCA64,SVR_RBF,raw,3,2,0.32858291805528467,0.3501935291778259,3.934084822519718,5.112634393286185,50.0,TmApp,
PLM_ESM2_PCA64,KRR,raw,3,2,0.13713385974425502,-0.009090551169067793,69.98999849306624,70.20117370731691,50.0,TmApp,
PLM_ESM2_PLS2,PLS,raw,3,2,0.42096682216620585,0.41889809612915063,3.9014216695507895,4.998544957754134,50.0,TmApp,
PLM_ESM2_PLS4,PLS,raw,3,2,0.41981322502850443,0.45137014996769953,4.058285679870149,5.059560766589604,50.0,TmApp,
PLM_ESM2_PLS8,PLS,raw,3,2,0.3132496894333368,0.3426789903418705,4.394813358765906,5.457771883739714,50.0,TmApp,
PLM_ESM2_PLS16,PLS,raw,3,2,0.293686604639817,0.3666011098115707,4.480707485969514,5.579311805006636,50.0,TmApp,
PLM_ESM2_PCA8,Ridge,raw,3,3,0.18085954281460673,0.25245562885015116,3.261889503240872,4.117147619820404,20.0,TmApp,
PLM_ESM2_PCA8,SVR_RBF,raw,3,3,0.37000848134154957,0.4284936277306398,2.9783574585073884,3.719304657788964,20.0,TmApp,
PLM_ESM2_PCA8,KRR,raw,3,3,0.2147707070923455,0.4670492931749025,67.85257405882739,67.96030615074515,20.0,TmApp,
PLM_ESM2_PCA16,Ridge,raw,3,3,0.17784521710102993,0.31860007490287484,3.351720414712583,3.9183836862609485,20.0,TmApp,
PLM_ESM2_PCA16,SVR_RBF,raw,3,3,0.6247190041387873,0.61667414457498,2.544996341868876,3.2905999118442915,20.0,TmApp,
PLM_ESM2_PCA16,KRR,raw,3,3,0.034664745706132954,-0.15082225116364795,67.8749090587538,67.98492919875082,20.0,TmApp,
PLM_ESM2_PCA32,Ridge,raw,3,3,0.2878681056465824,0.30858925810386517,3.3317965675973182,4.039556366401356,20.0,TmApp,
PLM_ESM2_PCA32,SVR_RBF,raw,3,3,0.48003136988710204,0.5170502391665431,2.8767746849557234,3.5455628417626466,20.0,TmApp,
PLM_ESM2_PCA32,KRR,raw,3,3,-0.1981919156676732,-0.3026962017653927,67.8749999980411,67.98501672978053,20.0,TmApp,
PLM_ESM2_PCA64,Ridge,raw,3,3,0.3571975970588483,0.4499130363688397,3.0647858228683864,3.8428594279288832,20.0,TmApp,
PLM_ESM2_PCA64,SVR_RBF,raw,3,3,0.44159871703899806,0.5184743650987873,2.9134711804481968,3.607413032156416,20.0,TmApp,
PLM_ESM2_PCA64,KRR,raw,3,3,-0.06104009569992977,-0.4117235749608995,67.87499954544396,67.9850163019722,20.0,TmApp,
PLM_ESM2_PLS2,PLS,raw,3,3,0.17332372853066474,0.36723736606024227,3.306016909389394,3.865111608068514,20.0,TmApp,
PLM_ESM2_PLS4,PLS,raw,3,3,0.35493685277366566,0.3925581524954066,3.1953356682184935,4.137964695739646,20.0,TmApp,
PLM_ESM2_PLS8,PLS,raw,3,3,0.3534296899168773,0.48565911319456934,3.171913742181032,4.257909426645951,20.0,TmApp,
PLM_ESM2_PLS16,PLS,raw,3,3,0.32027210706753273,0.37533618715025746,3.7584047209561033,5.0340006259073835,20.0,TmApp,
PLM_ESM2_PCA8,Ridge,raw,3,4,0.4347437906055291,0.5309509085312946,2.1945019790726628,2.627474355008224,23.0,TmApp,
PLM_ESM2_PCA8,SVR_RBF,raw,3,4,0.3250652772221707,0.2576428769631185,2.2350186441790814,3.1923870842345723,23.0,TmApp,
PLM_ESM2_PCA8,KRR,raw,3,4,0.035732366351139376,-0.03282074620700355,68.93463306071867,68.99567686965207,23.0,TmApp,
PLM_ESM2_PCA16,Ridge,raw,3,4,0.40050027285235384,0.4269271420503628,2.238376135801712,2.8355872797200474,23.0,TmApp,
PLM_ESM2_PCA16,SVR_RBF,raw,3,4,0.3330058030779795,0.3171849414200164,2.858993982385887,3.373268965777838,23.0,TmApp,
PLM_ESM2_PCA16,KRR,raw,3,4,0.37618241241893946,0.44941776708500264,68.93478253225695,68.99582524954523,23.0,TmApp,
PLM_ESM2_PCA32,Ridge,raw,3,4,0.3354872174079197,0.2810647151220883,2.493239140418998,3.205316915666979,23.0,TmApp,
PLM_ESM2_PCA32,SVR_RBF,raw,3,4,0.3265541258201349,0.3153137279490199,2.265707606893663,3.085613351744467,23.0,TmApp,
PLM_ESM2_PCA32,KRR,raw,3,4,0.31265820557246954,0.21353588109602123,68.93478260476638,68.99582532654354,23.0,TmApp,
PLM_ESM2_PCA64,Ridge,raw,3,4,0.19106890340539806,0.17529092622714323,2.997167029413151,3.6977864945323473,23.0,TmApp,
PLM_ESM2_PCA64,SVR_RBF,raw,3,4,0.30422139685067273,0.36315558217952176,2.1724070353430314,2.939444983993524,23.0,TmApp,
PLM_ESM2_PCA64,KRR,raw,3,4,0.22332728969462112,0.030096329048303266,68.93477826222217,68.99582096715619,23.0,TmApp,
PLM_ESM2_PLS2,PLS,raw,3,4,0.35236083485151326,0.4738106123770605,2.355909190040038,2.8739751596945493,23.0,TmApp,
PLM_ESM2_PLS4,PLS,raw,3,4,0.14094433394060532,0.11075843377512509,2.7442958134313264,3.647013271349654,23.0,TmApp,
PLM_ESM2_PLS8,PLS,raw,3,4,0.1791581146216849,0.12162999223962259,3.574609211317709,4.417811280159112,23.0,TmApp,
PLM_ESM2_PLS16,PLS,raw,3,4,0.017369900309581642,-0.0312738953036769,4.497086960584796,5.472981565794045,23.0,TmApp,
PLM_ABLANG2_PCA8,Ridge,raw,0,0,0.44202725556910505,0.39995238792788296,3.507048563858023,4.07294233692488,35.0,TmApp,
PLM_ABLANG2_PCA8,SVR_RBF,raw,0,0,0.08048351364508965,0.11426109269180382,3.9197021721511387,4.608771844026407,35.0,TmApp,
PLM_ABLANG2_PCA8,KRR,raw,0,0,-0.2144822431693751,-0.39472190923653133,69.52556740685355,69.7287400929179,35.0,TmApp,
PLM_ABLANG2_PCA16,Ridge,raw,0,0,0.35283522910377874,0.37687729237666945,3.4479241930054316,3.9268210228220712,35.0,TmApp,
PLM_ABLANG2_PCA16,SVR_RBF,raw,0,0,0.20675694953852006,0.23500625158403396,3.803015855412655,4.354725312679533,35.0,TmApp,
PLM_ABLANG2_PCA16,KRR,raw,0,0,-0.47124291148215675,-0.3528241266583814,69.46132798951692,69.64769361230277,35.0,TmApp,
PLM_ABLANG2_PCA32,Ridge,raw,0,0,0.3834554838588042,0.42936659577438885,3.3304489938536954,3.8990174630931476,35.0,TmApp,
PLM_ABLANG2_PCA32,SVR_RBF,raw,0,0,0.4529831265364994,0.3825670430577033,3.4646516452733924,4.07996501882561,35.0,TmApp,
PLM_ABLANG2_PCA32,KRR,raw,0,0,-0.4194132142133294,-0.26741433942207443,66.07312854127737,66.46142945297721,35.0,TmApp,
PLM_ABLANG2_PCA64,Ridge,raw,0,0,0.5024250057739716,0.49302709280811047,3.14856660821408,3.8727580167733384,35.0,TmApp,
PLM_ABLANG2_PCA64,SVR_RBF,raw,0,0,0.4577587625992098,0.40086855712791025,3.4446112015187405,4.000050003622724,35.0,TmApp,
PLM_ABLANG2_PCA64,KRR,raw,0,0,-0.4380943788115788,-0.32855277384677906,49.14845882486824,52.02973847183761,35.0,TmApp,
PLM_ABLANG2_PLS2,PLS,raw,0,0,0.45635416375723614,0.4751889265620507,3.436048065408934,3.9280728585496036,35.0,TmApp,
PLM_ABLANG2_PLS4,PLS,raw,0,0,0.38879295945830394,0.36864966621401485,3.6504548196925644,4.1602462802094555,35.0,TmApp,
PLM_ABLANG2_PLS8,PLS,raw,0,0,0.5812230008086928,0.5574985694349677,3.1012121852911485,3.7085030548646403,35.0,TmApp,
PLM_ABLANG2_PLS16,PLS,raw,0,0,0.6316480992355465,0.597028718486963,3.142497766156774,3.755191318891735,35.0,TmApp,
PLM_ABLANG2_PCA8,Ridge,raw,0,1,0.2957752336566054,0.2369636863758688,4.090872486981455,4.697900571800087,34.0,TmApp,
PLM_ABLANG2_PCA8,SVR_RBF,raw,0,1,0.18539534573403166,0.1616000299219764,4.257485369359997,4.833660969192884,34.0,TmApp,
PLM_ABLANG2_PCA8,KRR,raw,0,1,-0.182945861397331,-0.015403930137734338,69.30525162770142,69.46608541998691,34.0,TmApp,
PLM_ABLANG2_PCA16,Ridge,raw,0,1,0.3377226529226043,0.3515556152574749,3.869132690031018,4.487794648216489,34.0,TmApp,
PLM_ABLANG2_PCA16,SVR_RBF,raw,0,1,0.22963915656568742,0.2333612458597995,4.079351506519686,4.633262994908687,34.0,TmApp,
PLM_ABLANG2_PCA16,KRR,raw,0,1,-0.16151287345120016,-0.11485661567984537,69.18044169228399,69.35220559907496,34.0,TmApp,
PLM_ABLANG2_PCA32,Ridge,raw,0,1,0.5289355239563001,0.5161880677190173,3.5749292668670396,4.213983560268938,34.0,TmApp,
PLM_ABLANG2_PCA32,SVR_RBF,raw,0,1,0.443050479400733,0.4234721070871373,3.5586833046497364,4.175504182470158,34.0,TmApp,
PLM_ABLANG2_PCA32,KRR,raw,0,1,-0.09889793009428939,-0.04578759346804656,66.88636480707284,67.1268030557424,34.0,TmApp,
PLM_ABLANG2_PCA64,Ridge,raw,0,1,0.33236440593607164,0.32524993601919316,4.15362842780476,5.048089079390627,34.0,TmApp,
PLM_ABLANG2_PCA64,SVR_RBF,raw,0,1,0.4136566673603249,0.3574885710752804,3.746799458071865,4.405359328909119,34.0,TmApp,
PLM_ABLANG2_PCA64,KRR,raw,0,1,-0.07761803491920234,-0.04150407133465183,52.13175057391676,53.59046706115968,34.0,TmApp,
PLM_ABLANG2_PLS2,PLS,raw,0,1,0.3612989396633482,0.3169872327770189,3.6581466842662995,4.4418712122601915,34.0,TmApp,
PLM_ABLANG2_PLS4,PLS,raw,0,1,0.4353958408485434,0.39801227064848677,4.043050269652002,4.5849182243849596,34.0,TmApp,
PLM_ABLANG2_PLS8,PLS,raw,0,1,0.4736690336094913,0.4306731012713966,4.0112847202014414,4.862072566573028,34.0,TmApp,
PLM_ABLANG2_PLS16,PLS,raw,0,1,0.40630821435022296,0.3999539237302887,3.7135511953301017,4.830459234516152,34.0,TmApp,
PLM_ABLANG2_PCA8,Ridge,raw,0,2,0.41597694847359545,0.44236064727552776,2.9564022393742455,3.7809508242335155,20.0,TmApp,
PLM_ABLANG2_PCA8,SVR_RBF,raw,0,2,0.3971374127637406,0.36854059844772313,2.8122732636757135,3.673697214265702,20.0,TmApp,
PLM_ABLANG2_PCA8,KRR,raw,0,2,-0.3006789899292837,-0.006146162924844569,65.67824347632099,65.95433129684777,20.0,TmApp,
PLM_ABLANG2_PCA16,Ridge,raw,0,2,0.568953978437617,0.6024776203634006,2.6333654480783197,3.20788738281999,20.0,TmApp,
PLM_ABLANG2_PCA16,SVR_RBF,raw,0,2,0.755088591250983,0.7737397515633148,2.2888495194840894,2.718189387568746,20.0,TmApp,
PLM_ABLANG2_PCA16,KRR,raw,0,2,-0.21929219566271063,-0.14072466621546817,66.94615039567107,67.07621485843492,20.0,TmApp,
PLM_ABLANG2_PCA32,Ridge,raw,0,2,0.5214783484487827,0.5901538098810493,2.889602873800617,3.434762201988038,20.0,TmApp,
PLM_ABLANG2_PCA32,SVR_RBF,raw,0,2,0.7061057984053604,0.7181300759501492,2.5744429007545593,3.0550556305981402,20.0,TmApp,
PLM_ABLANG2_PCA32,KRR,raw,0,2,-0.21929219566271063,-0.10698656127785579,64.02640882753307,64.24270812664929,20.0,TmApp,
PLM_ABLANG2_PCA64,Ridge,raw,0,2,0.3805586213390683,0.44597872774324854,3.1608079402627594,3.8347687596072695,20.0,TmApp,
PLM_ABLANG2_PCA64,SVR_RBF,raw,0,2,0.6631516569868913,0.6903711141792019,2.603257267206197,3.167307823581095,20.0,TmApp,
PLM_ABLANG2_PCA64,KRR,raw,0,2,-0.14619479710847377,-0.06694818959442905,48.593845938533924,50.162085575971886,20.0,TmApp,
PLM_ABLANG2_PLS2,PLS,raw,0,2,0.3466474570613295,0.4199185297881272,3.210639436230303,3.859267837287069,20.0,TmApp,
PLM_ABLANG2_PLS4,PLS,raw,0,2,0.5772433741499531,0.5844170424316482,2.674534884419849,3.418326727689023,20.0,TmApp,
PLM_ABLANG2_PLS8,PLS,raw,0,2,0.3767907141970973,0.46473474950382904,3.048391533054082,4.0201690129092675,20.0,TmApp,
PLM_ABLANG2_PLS16,PLS,raw,0,2,0.3669941556279728,0.4118223946396517,3.3999739942451166,4.43415676813083,20.0,TmApp,
PLM_ABLANG2_PCA8,Ridge,raw,0,3,0.2412389625315778,0.24205837641137334,2.804709927347879,3.7435466310725234,23.0,TmApp,
PLM_ABLANG2_PCA8,SVR_RBF,raw,0,3,0.022382996523548457,0.08124632120429849,2.752678766465526,3.7683370170916555,23.0,TmApp,
PLM_ABLANG2_PCA8,KRR,raw,0,3,-0.010445398377655945,0.0445727040950037,65.73983168957739,65.94709725022858,23.0,TmApp,
PLM_ABLANG2_PCA16,Ridge,raw,0,3,0.32629434932106194,0.28398693359492344,2.8081995646991764,3.714667331933895,23.0,TmApp,
PLM_ABLANG2_PCA16,SVR_RBF,raw,0,3,0.3098801518704597,0.25262189486945963,2.8665292030597773,3.590144982540774,23.0,TmApp,
PLM_ABLANG2_PCA16,KRR,raw,0,3,0.006963598918437296,0.03207814369328336,66.46107287242486,66.58578851682256,23.0,TmApp,
PLM_ABLANG2_PCA32,Ridge,raw,0,3,0.3163463508661515,0.327291031182843,2.5149753594813964,3.2946003589026405,23.0,TmApp,
PLM_ABLANG2_PCA32,SVR_RBF,raw,0,3,0.4431833311662594,0.3399816666939657,2.6137712152610875,3.3947116723120563,23.0,TmApp,
PLM_ABLANG2_PCA32,KRR,raw,0,3,0.07659958810281027,0.10612707343468632,62.82103135407674,63.08765242289208,23.0,TmApp,
PLM_ABLANG2_PCA64,Ridge,raw,0,3,0.3536513450720656,0.41150674339640286,2.382426328710442,3.207900465324025,23.0,TmApp,
PLM_ABLANG2_PCA64,SVR_RBF,raw,0,3,0.4277639335611483,0.3426998325209831,2.501029362627149,3.367674717238623,23.0,TmApp,
PLM_ABLANG2_PCA64,KRR,raw,0,3,0.11639158192245197,0.13762152396617852,45.09757934987992,47.88782774503574,23.0,TmApp,
PLM_ABLANG2_PLS2,PLS,raw,0,3,0.2869997554241657,0.3158454493071419,3.0068145645695776,3.7477658035044277,23.0,TmApp,
PLM_ABLANG2_PLS4,PLS,raw,0,3,0.34022154715793657,0.3113868242454031,2.795336494713196,3.7619894166695733,23.0,TmApp,
PLM_ABLANG2_PLS8,PLS,raw,0,3,0.30838795210222314,0.36134100109227907,2.212878732015281,3.1732327190573217,23.0,TmApp,
PLM_ABLANG2_PLS16,PLS,raw,0,3,0.18105357187936974,0.2909142037560068,2.8625648110434794,3.7268083834290486,23.0,TmApp,
PLM_ABLANG2_PCA8,Ridge,raw,0,4,0.5104186668854693,0.5423467435053587,3.9223155857849012,4.738911193119508,50.0,TmApp,
PLM_ABLANG2_PCA8,SVR_RBF,raw,0,4,0.3169027470360579,0.34001763844346206,3.85153856421494,5.014010843893841,50.0,TmApp,
PLM_ABLANG2_PCA8,KRR,raw,0,4,-0.45216201143154816,-0.1195417240672555,69.83175394306485,70.03669104641851,50.0,TmApp,
PLM_ABLANG2_PCA16,Ridge,raw,0,4,0.5268574260977144,0.46492458267657233,4.204654203489395,5.316356633428173,50.0,TmApp,
PLM_ABLANG2_PCA16,SVR_RBF,raw,0,4,0.3886180357631622,0.4905846676513767,3.6137792178660733,4.694494085899989,50.0,TmApp,
PLM_ABLANG2_PCA16,KRR,raw,0,4,-0.4724460944361312,-0.2576344556218512,69.80541350649477,70.013263300111,50.0,TmApp,
PLM_ABLANG2_PCA32,Ridge,raw,0,4,0.5443536493528525,0.585992688314147,3.59716343646207,4.501628701619341,50.0,TmApp,
PLM_ABLANG2_PCA32,SVR_RBF,raw,0,4,0.4234182160838214,0.5421193923531952,3.5299110287606568,4.621292265958229,50.0,TmApp,
PLM_ABLANG2_PCA32,KRR,raw,0,4,-0.47047536599255796,-0.31773137484464803,69.58701058325488,69.80631982140723,50.0,TmApp,
PLM_ABLANG2_PCA64,Ridge,raw,0,4,0.5049390804813876,0.5720941336334001,3.462754529200073,4.464760792518009,50.0,TmApp,
PLM_ABLANG2_PCA64,SVR_RBF,raw,0,4,0.48907711983799323,0.6298267688461052,3.416829563569152,4.479509260151619,50.0,TmApp,
PLM_ABLANG2_PCA64,KRR,raw,0,4,-0.4427890346877242,-0.3894462210718807,67.34395887225175,67.76869155608253,50.0,TmApp,
PLM_ABLANG2_PLS2,PLS,raw,0,4,0.49422024041024537,0.5034988180563766,4.1336540427188835,4.940461608269912,50.0,TmApp,
PLM_ABLANG2_PLS4,PLS,raw,0,4,0.5508426332524228,0.5715622445221952,3.689779998962922,4.671732225675487,50.0,TmApp,
PLM_ABLANG2_PLS8,PLS,raw,0,4,0.4340889896075594,0.44364171519019296,3.914067950984671,5.202655496938491,50.0,TmApp,
PLM_ABLANG2_PLS16,PLS,raw,0,4,0.33853269336795927,0.27364168019103524,5.119570720102866,6.9833198025197705,50.0,TmApp,
PLM_ABLANG2_PCA8,Ridge,raw,1,0,0.31521801557916695,0.27588477593161825,3.941434384004815,4.597979834411367,34.0,TmApp,
PLM_ABLANG2_PCA8,SVR_RBF,raw,1,0,0.20300101440406768,0.19336701901256262,4.140304296968293,4.716215174067534,34.0,TmApp,
PLM_ABLANG2_PCA8,KRR,raw,1,0,-0.20437884934346182,-0.043003803895874396,69.24501504078114,69.41091262431102,34.0,TmApp,
PLM_ABLANG2_PCA16,Ridge,raw,1,0,0.3628298673737862,0.376923987011088,3.7763474182110848,4.4316617518367005,34.0,TmApp,
PLM_ABLANG2_PCA16,SVR_RBF,raw,1,0,0.22030049753201617,0.24035785998589249,4.040209005273266,4.614290763255133,34.0,TmApp,
PLM_ABLANG2_PCA16,KRR,raw,1,0,-0.20943091078790693,-0.14860949887890848,69.06314713871161,69.24398491243514,34.0,TmApp,
PLM_ABLANG2_PCA32,Ridge,raw,1,0,0.5368963480505773,0.5240482050883458,3.5728253409301804,4.206536516825458,34.0,TmApp,
PLM_ABLANG2_PCA32,SVR_RBF,raw,1,0,0.43570202639063094,0.4309400235309937,3.5266777375730407,4.155127418600712,34.0,TmApp,
PLM_ABLANG2_PCA32,KRR,raw,1,0,-0.1151257638249313,-0.09863556874106283,66.46830929532152,66.75351244017979,34.0,TmApp,
PLM_ABLANG2_PCA64,Ridge,raw,1,0,0.3978881119428145,0.35111954859041766,4.096537150439937,4.99846954121506,34.0,TmApp,
PLM_ABLANG2_PCA64,SVR_RBF,raw,1,0,0.4210051203704269,0.36980388775827666,3.72881237823271,4.368723149004961,34.0,TmApp,
PLM_ABLANG2_PCA64,KRR,raw,1,0,-0.11956545418520127,-0.08191652577486638,51.30328215024845,52.9816386008529,34.0,TmApp,
PLM_ABLANG2_PLS2,PLS,raw,1,0,0.3646669806263117,0.3312626275236844,3.630910506585328,4.421999135196322,34.0,TmApp,
PLM_ABLANG2_PLS4,PLS,raw,1,0,0.4386107890404631,0.42541584045976705,3.955339956744957,4.519398090839408,34.0,TmApp,
PLM_ABLANG2_PLS8,PLS,raw,1,0,0.5041344950472059,0.45341061105526204,3.9459506303985505,4.805836590694934,34.0,TmApp,
PLM_ABLANG2_PLS16,PLS,raw,1,0,0.43753913964315644,0.4389355563932691,3.57779081309545,4.765329971062157,34.0,TmApp,
PLM_ABLANG2_PCA8,Ridge,raw,1,1,0.32630075849468626,0.2561529069201002,3.5289983660361415,4.521970572048145,20.0,TmApp,
PLM_ABLANG2_PCA8,SVR_RBF,raw,1,1,0.30369331564286045,0.26799418406265785,3.1885426903947973,4.247285576227774,20.0,TmApp,
PLM_ABLANG2_PCA8,KRR,raw,1,1,-0.36624057419957856,0.026414170293503274,65.21935172119711,65.51550145539758,20.0,TmApp,
PLM_ABLANG2_PCA16,Ridge,raw,1,1,0.45440960132169944,0.4389116785141258,3.1604457384062727,4.0831164071596175,20.0,TmApp,
PLM_ABLANG2_PCA16,SVR_RBF,raw,1,1,0.615676026998057,0.6355683251844954,2.7635555924614827,3.444319208990993,20.0,TmApp,
PLM_ABLANG2_PCA16,KRR,raw,1,1,-0.24943545279847842,-0.10394327734541747,66.58233881409686,66.72048327845883,20.0,TmApp,
PLM_ABLANG2_PCA32,Ridge,raw,1,1,0.4250199256143258,0.48236479989394787,3.4166054693624908,4.091526245138492,20.0,TmApp,
PLM_ABLANG2_PCA32,SVR_RBF,raw,1,1,0.6586301684165262,0.6389942829548519,2.920670528762644,3.525843978827014,20.0,TmApp,
PLM_ABLANG2_PCA32,KRR,raw,1,1,-0.06405442141350655,-0.05641648665171189,63.793314683389156,64.0215617203869,20.0,TmApp,
PLM_ABLANG2_PCA64,Ridge,raw,1,1,0.1981919156676732,0.26950403194720485,4.050659073990868,4.925591930665594,20.0,TmApp,
PLM_ABLANG2_PCA64,SVR_RBF,raw,1,1,0.6149224455696628,0.5782880683940703,3.0359669079518192,3.76954272898692,20.0,TmApp,
PLM_ABLANG2_PCA64,KRR,raw,1,1,-0.09042977140730336,-0.03854215066932827,49.30781733648051,50.88516609583465,20.0,TmApp,
PLM_ABLANG2_PLS2,PLS,raw,1,1,0.2765643842206694,0.27201596737358547,3.783611168413853,4.571576738766458,20.0,TmApp,
PLM_ABLANG2_PLS4,PLS,raw,1,1,0.394876668478558,0.37178197562874127,3.373967050722895,4.523296943497663,20.0,TmApp,
PLM_ABLANG2_PLS8,PLS,raw,1,1,0.3225328513527153,0.37764446278804814,3.632908239498435,4.750640013326601,20.0,TmApp,
PLM_ABLANG2_PLS16,PLS,raw,1,1,0.28711452421818817,0.38281157837289376,4.0287666369869655,5.037666731713312,20.0,TmApp,
PLM_ABLANG2_PCA8,Ridge,raw,1,2,0.5104186668854693,0.5423467435053587,3.9223155857849012,4.738911193119508,50.0,TmApp,
PLM_ABLANG2_PCA8,SVR_RBF,raw,1,2,0.3169027470360579,0.34001763844346206,3.85153856421494,5.014010843893841,50.0,TmApp,
PLM_ABLANG2_PCA8,KRR,raw,1,2,-0.45216201143154816,-0.1195417240672555,69.83175394306485,70.03669104641851,50.0,TmApp,
PLM_ABLANG2_PCA16,Ridge,raw,1,2,0.5268574260977144,0.46492458267657233,4.204654203489395,5.316356633428173,50.0,TmApp,
PLM_ABLANG2_PCA16,SVR_RBF,raw,1,2,0.3886180357631622,0.4905846676513767,3.6137792178660733,4.694494085899989,50.0,TmApp,
PLM_ABLANG2_PCA16,KRR,raw,1,2,-0.4724460944361312,-0.2576344556218512,69.80541350649477,70.013263300111,50.0,TmApp,
PLM_ABLANG2_PCA32,Ridge,raw,1,2,0.5443536493528525,0.585992688314147,3.59716343646207,4.501628701619341,50.0,TmApp,
PLM_ABLANG2_PCA32,SVR_RBF,raw,1,2,0.4234182160838214,0.5421193923531952,3.5299110287606568,4.621292265958229,50.0,TmApp,
PLM_ABLANG2_PCA32,KRR,raw,1,2,-0.47047536599255796,-0.31773137484464803,69.58701058325488,69.80631982140723,50.0,TmApp,
PLM_ABLANG2_PCA64,Ridge,raw,1,2,0.5049390804813876,0.5720941336334001,3.462754529200073,4.464760792518009,50.0,TmApp,
PLM_ABLANG2_PCA64,SVR_RBF,raw,1,2,0.48907711983799323,0.6298267688461052,3.416829563569152,4.479509260151619,50.0,TmApp,
PLM_ABLANG2_PCA64,KRR,raw,1,2,-0.4427890346877242,-0.3894462210718807,67.34395887225175,67.76869155608253,50.0,TmApp,
PLM_ABLANG2_PLS2,PLS,raw,1,2,0.49422024041024537,0.5034988180563766,4.1336540427188835,4.940461608269912,50.0,TmApp,
PLM_ABLANG2_PLS4,PLS,raw,1,2,0.5508426332524228,0.5715622445221952,3.689779998962922,4.671732225675487,50.0,TmApp,
PLM_ABLANG2_PLS8,PLS,raw,1,2,0.4340889896075594,0.44364171519019296,3.914067950984671,5.202655496938491,50.0,TmApp,
PLM_ABLANG2_PLS16,PLS,raw,1,2,0.33853269336795927,0.27364168019103524,5.119570720102866,6.9833198025197705,50.0,TmApp,
PLM_ABLANG2_PCA8,Ridge,raw,1,3,0.44202725556910505,0.39995238792788296,3.507048563858023,4.07294233692488,35.0,TmApp,
PLM_ABLANG2_PCA8,SVR_RBF,raw,1,3,0.08048351364508965,0.11426109269180382,3.9197021721511387,4.608771844026407,35.0,TmApp,
PLM_ABLANG2_PCA8,KRR,raw,1,3,-0.2144822431693751,-0.39472190923653133,69.52556740685355,69.7287400929179,35.0,TmApp,
PLM_ABLANG2_PCA16,Ridge,raw,1,3,0.35283522910377874,0.37687729237666945,3.4479241930054316,3.9268210228220712,35.0,TmApp,
PLM_ABLANG2_PCA16,SVR_RBF,raw,1,3,0.20675694953852006,0.23500625158403396,3.803015855412655,4.354725312679533,35.0,TmApp,
PLM_ABLANG2_PCA16,KRR,raw,1,3,-0.47124291148215675,-0.3528241266583814,69.46132798951692,69.64769361230277,35.0,TmApp,
PLM_ABLANG2_PCA32,Ridge,raw,1,3,0.3834554838588042,0.42936659577438885,3.3304489938536954,3.8990174630931476,35.0,TmApp,
PLM_ABLANG2_PCA32,SVR_RBF,raw,1,3,0.4529831265364994,0.3825670430577033,3.4646516452733924,4.07996501882561,35.0,TmApp,
PLM_ABLANG2_PCA32,KRR,raw,1,3,-0.4194132142133294,-0.26741433942207443,66.07312854127737,66.46142945297721,35.0,TmApp,
PLM_ABLANG2_PCA64,Ridge,raw,1,3,0.5024250057739716,0.49302709280811047,3.14856660821408,3.8727580167733384,35.0,TmApp,
PLM_ABLANG2_PCA64,SVR_RBF,raw,1,3,0.4577587625992098,0.40086855712791025,3.4446112015187405,4.000050003622724,35.0,TmApp,
PLM_ABLANG2_PCA64,KRR,raw,1,3,-0.4380943788115788,-0.32855277384677906,49.14845882486824,52.02973847183761,35.0,TmApp,
PLM_ABLANG2_PLS2,PLS,raw,1,3,0.45635416375723614,0.4751889265620507,3.436048065408934,3.9280728585496036,35.0,TmApp,
PLM_ABLANG2_PLS4,PLS,raw,1,3,0.38879295945830394,0.36864966621401485,3.6504548196925644,4.1602462802094555,35.0,TmApp,
PLM_ABLANG2_PLS8,PLS,raw,1,3,0.5812230008086928,0.5574985694349677,3.1012121852911485,3.7085030548646403,35.0,TmApp,
PLM_ABLANG2_PLS16,PLS,raw,1,3,0.6316480992355465,0.597028718486963,3.142497766156774,3.755191318891735,35.0,TmApp,
PLM_ABLANG2_PCA8,Ridge,raw,1,4,0.2596427596731621,0.26940597828019386,2.570249946081732,3.2757149040487277,23.0,TmApp,
PLM_ABLANG2_PCA8,SVR_RBF,raw,1,4,-0.06864118933888193,0.03508460666517424,2.6207591102233416,3.5480641267600306,23.0,TmApp,
PLM_ABLANG2_PCA8,KRR,raw,1,4,0.09301378555341247,0.04749195877923441,66.40294736686948,66.56764755887353,23.0,TmApp,
PLM_ABLANG2_PCA16,Ridge,raw,1,4,0.34569294630813724,0.43168805854068143,2.4040786324392642,2.987716238196535,23.0,TmApp,
PLM_ABLANG2_PCA16,SVR_RBF,raw,1,4,0.28799455526965684,0.20096918261227256,2.5906990342524194,3.387316191313237,23.0,TmApp,
PLM_ABLANG2_PCA16,KRR,raw,1,4,0.06466198995691776,0.011402567199268663,66.87634975219291,66.9891338605255,23.0,TmApp,
PLM_ABLANG2_PCA32,Ridge,raw,1,4,0.361609743835994,0.38263812657788654,2.206697539696445,2.8796463094976112,23.0,TmApp,
PLM_ABLANG2_PCA32,SVR_RBF,raw,1,4,0.45014693008469675,0.29512413781731156,2.377638639897695,3.199360684912317,23.0,TmApp,
PLM_ABLANG2_PCA32,KRR,raw,1,4,0.1293239799138355,0.0953602695550861,63.30984863376017,63.5381451252169,23.0,TmApp,
PLM_ABLANG2_PCA64,Ridge,raw,1,4,0.5521139142475285,0.5544127578372923,1.9319333542292731,2.5614328381428635,23.0,TmApp,
PLM_ABLANG2_PCA64,SVR_RBF,raw,1,4,0.48944152398159285,0.3647985381583105,2.1845964326657104,3.0498799822277642,23.0,TmApp,
PLM_ABLANG2_PCA64,KRR,raw,1,4,0.16165497489229438,0.1293510182468158,45.04620553890514,47.71813678435148,23.0,TmApp,
PLM_ABLANG2_PLS2,PLS,raw,1,4,0.32679174924380744,0.4042064893625391,2.6588166086124247,3.179023257539354,23.0,TmApp,
PLM_ABLANG2_PLS4,PLS,raw,1,4,0.44765993047096914,0.4601822698513314,2.2015956487715256,2.9235064826253345,23.0,TmApp,
PLM_ABLANG2_PLS8,PLS,raw,1,4,0.4113497361105461,0.44357586461610504,1.9522133411868197,2.803551122404579,23.0,TmApp,
PLM_ABLANG2_PLS16,PLS,raw,1,4,0.26660635859159937,0.38200964244107466,2.490320832705732,3.3410008873795483,23.0,TmApp,
PLM_ABLANG2_PCA8,Ridge,raw,2,0,0.3273020406840023,0.3154653757748219,2.442454383483573,3.1742967170203276,23.0,TmApp,
PLM_ABLANG2_PCA8,SVR_RBF,raw,2,0,0.0679399690510732,0.041500763738764476,2.648754015510725,3.6039866821641686,23.0,TmApp,
PLM_ABLANG2_PCA8,KRR,raw,2,0,0.08777645636525515,0.0671810299768754,66.84050937452488,66.95252219570644,23.0,TmApp,
PLM_ABLANG2_PCA16,Ridge,raw,2,0,0.3590404203866934,0.4353101941769729,2.4327915695781877,2.955165447692498,23.0,TmApp,
PLM_ABLANG2_PCA16,SVR_RBF,raw,2,0,0.2896127147870566,0.23983213357701016,2.575307193660692,3.3107087647359665,23.0,TmApp,
PLM_ABLANG2_PCA16,KRR,raw,2,0,-0.008430507108527331,-0.09161126446438782,67.11280983712464,67.21465721793012,23.0,TmApp,
PLM_ABLANG2_PCA32,Ridge,raw,2,0,0.39573792191793006,0.4243119355330061,2.1305136932382625,2.795693993786586,23.0,TmApp,
PLM_ABLANG2_PCA32,SVR_RBF,raw,2,0,0.44929643766622135,0.3288133240321426,2.376319403053753,3.1659248775327193,23.0,TmApp,
PLM_ABLANG2_PCA32,KRR,raw,2,0,0.10463747058230984,0.06907208138285953,63.910996160522856,64.09213200410078,23.0,TmApp,
PLM_ABLANG2_PCA64,Ridge,raw,2,0,0.45128008639763956,0.4954211183223416,2.1041691994027802,2.7780124639246555,23.0,TmApp,
PLM_ABLANG2_PCA64,SVR_RBF,raw,2,0,0.4537596473119124,0.3670821271290465,2.1858127482548673,3.067178440986077,23.0,TmApp,
PLM_ABLANG2_PCA64,KRR,raw,2,0,0.1730733518162376,0.14422345854251947,46.91916945905263,49.01390218525698,23.0,TmApp,
PLM_ABLANG2_PLS2,PLS,raw,2,0,0.35606494728956617,0.4181845030773823,2.618064533177364,3.16072979950863,23.0,TmApp,
PLM_ABLANG2_PLS4,PLS,raw,2,0,0.46417380315185786,0.45987846184615283,2.2550557748482505,2.942717742875356,23.0,TmApp,
PLM_ABLANG2_PLS8,PLS,raw,2,0,0.466157451883276,0.4370610062424191,2.010546812557993,2.862315730825385,23.0,TmApp,
PLM_ABLANG2_PLS16,PLS,raw,2,0,0.2643211934614746,0.3616939206660744,2.719598686684597,3.496039790798786,23.0,TmApp,
PLM_ABLANG2_PCA8,Ridge,raw,2,1,0.37905145848227995,0.2711770061825643,3.5824538685559917,4.536330656938763,20.0,TmApp,
PLM_ABLANG2_PCA8,SVR_RBF,raw,2,1,0.33157582849344563,0.3028205020166513,3.232295755979441,4.251300348163208,20.0,TmApp,
PLM_ABLANG2_PCA8,KRR,raw,2,1,-0.3255471770662921,0.030361925025189564,65.10316888306603,65.38822731132059,20.0,TmApp,
PLM_ABLANG2_PCA16,Ridge,raw,2,1,0.45440960132169944,0.4438491134210858,3.1620758325882976,4.073121218214676,20.0,TmApp,
PLM_ABLANG2_PCA16,SVR_RBF,raw,2,1,0.6315012369943351,0.6243753842934728,2.6470138311045233,3.4210382664087264,20.0,TmApp,
PLM_ABLANG2_PCA16,KRR,raw,2,1,-0.21552428852073968,-0.03351282287276312,66.33101492202671,66.47748864196457,20.0,TmApp,
PLM_ABLANG2_PCA32,Ridge,raw,2,1,0.44838094989454585,0.49695422667740413,3.45183775586052,4.0606511115888955,20.0,TmApp,
PLM_ABLANG2_PCA32,SVR_RBF,raw,2,1,0.6526015169893725,0.6397432133938088,2.9091036190646817,3.516437797092933,20.0,TmApp,
PLM_ABLANG2_PCA32,KRR,raw,2,1,-0.09645842283445691,-0.02284145828380153,63.39128417256188,63.665691400825146,20.0,TmApp,
PLM_ABLANG2_PCA64,Ridge,raw,2,1,0.16578791424672282,0.29255899868366464,4.085735714426372,4.915271652332606,20.0,TmApp,
PLM_ABLANG2_PCA64,SVR_RBF,raw,2,1,0.6488336098474016,0.5936557803883181,3.051022339950549,3.7691845808810585,20.0,TmApp,
PLM_ABLANG2_PCA64,KRR,raw,2,1,-0.08515470140854399,-0.0085169444931549,48.74537005689744,50.51630303811978,20.0,TmApp,
PLM_ABLANG2_PLS2,PLS,raw,2,1,0.2697821513651217,0.27545974675254553,3.7963598751835406,4.575418439946656,20.0,TmApp,
PLM_ABLANG2_PLS4,PLS,raw,2,1,0.3956302499069522,0.3915454167947613,3.4495031252410064,4.567749444390214,20.0,TmApp,
PLM_ABLANG2_PLS8,PLS,raw,2,1,0.2999254085008895,0.40183154164003526,3.5904560600445636,4.718204535486449,20.0,TmApp,
PLM_ABLANG2_PLS16,PLS,raw,2,1,0.27731796564906364,0.3945625690439325,3.8944981088521273,4.981145432547219,20.0,TmApp,
PLM_ABLANG2_PCA8,Ridge,raw,2,2,0.27665534986088003,0.2524000553595298,3.8465217545243497,4.468722800139676,34.0,TmApp,
PLM_ABLANG2_PCA8,SVR_RBF,raw,2,2,0.18535602067091075,0.18827316577556938,3.8454198432371594,4.4736870370077515,34.0,TmApp,
PLM_ABLANG2_PCA8,KRR,raw,2,2,-0.22579733427183674,-0.11229721262321496,69.10368684435718,69.301961304456,34.0,TmApp,
PLM_ABLANG2_PCA16,Ridge,raw,2,2,0.34804039583827207,0.3610352480325049,3.6236671249731836,4.259852656357443,34.0,TmApp,
PLM_ABLANG2_PCA16,SVR_RBF,raw,2,2,0.21354239075640463,0.24489252342395704,3.762192852310118,4.35286162090312,34.0,TmApp,
PLM_ABLANG2_PCA16,KRR,raw,2,2,-0.14215734477901254,-0.14627861678089485,69.12114601146332,69.29330383584276,34.0,TmApp,
PLM_ABLANG2_PCA32,Ridge,raw,2,2,0.5453449864367291,0.5241525801151916,3.3459377374501886,3.949553269846788,34.0,TmApp,
PLM_ABLANG2_PCA32,SVR_RBF,raw,2,2,0.43780785708881237,0.4189308403476734,3.3484981784097347,3.9372551416171797,34.0,TmApp,
PLM_ABLANG2_PCA32,KRR,raw,2,2,-0.11489009545717609,-0.0853069484668007,66.57908371709357,66.84101050688501,34.0,TmApp,
PLM_ABLANG2_PCA64,Ridge,raw,2,2,0.24341381557527042,0.2323110608595048,4.226448337901915,5.038872431233818,34.0,TmApp,
PLM_ABLANG2_PCA64,SVR_RBF,raw,2,2,0.38128193012388173,0.3529539945621909,3.5181951519696204,4.145623567409145,34.0,TmApp,
PLM_ABLANG2_PCA64,KRR,raw,2,2,-0.08655053857773932,-0.04623572485297753,50.73597856570896,52.520936859356446,34.0,TmApp,
PLM_ABLANG2_PLS2,PLS,raw,2,2,0.36795467905084933,0.3212521347986975,3.457734764609858,4.187833942462664,34.0,TmApp,
PLM_ABLANG2_PLS4,PLS,raw,2,2,0.401043026542516,0.39288378564974835,3.8424483430102936,4.415081931899349,34.0,TmApp,
PLM_ABLANG2_PLS8,PLS,raw,2,2,0.39077951134834166,0.3901184195602402,3.903241771931198,4.634289779785768,34.0,TmApp,
PLM_ABLANG2_PLS16,PLS,raw,2,2,0.4620113705317908,0.4483016328744647,3.6297339920858556,4.443021096646233,34.0,TmApp,
PLM_ABLANG2_PCA8,Ridge,raw,2,3,0.44202725556910505,0.39995238792788296,3.507048563858023,4.07294233692488,35.0,TmApp,
PLM_ABLANG2_PCA8,SVR_RBF,raw,2,3,0.08048351364508965,0.11426109269180382,3.9197021721511387,4.608771844026407,35.0,TmApp,
PLM_ABLANG2_PCA8,KRR,raw,2,3,-0.2144822431693751,-0.39472190923653133,69.52556740685355,69.7287400929179,35.0,TmApp,
PLM_ABLANG2_PCA16,Ridge,raw,2,3,0.35283522910377874,0.37687729237666945,3.4479241930054316,3.9268210228220712,35.0,TmApp,
PLM_ABLANG2_PCA16,SVR_RBF,raw,2,3,0.20675694953852006,0.23500625158403396,3.803015855412655,4.354725312679533,35.0,TmApp,
PLM_ABLANG2_PCA16,KRR,raw,2,3,-0.47124291148215675,-0.3528241266583814,69.46132798951692,69.64769361230277,35.0,TmApp,
PLM_ABLANG2_PCA32,Ridge,raw,2,3,0.3834554838588042,0.42936659577438885,3.3304489938536954,3.8990174630931476,35.0,TmApp,
PLM_ABLANG2_PCA32,SVR_RBF,raw,2,3,0.4529831265364994,0.3825670430577033,3.4646516452733924,4.07996501882561,35.0,TmApp,
PLM_ABLANG2_PCA32,KRR,raw,2,3,-0.4194132142133294,-0.26741433942207443,66.07312854127737,66.46142945297721,35.0,TmApp,
PLM_ABLANG2_PCA64,Ridge,raw,2,3,0.5024250057739716,0.49302709280811047,3.14856660821408,3.8727580167733384,35.0,TmApp,
PLM_ABLANG2_PCA64,SVR_RBF,raw,2,3,0.4577587625992098,0.40086855712791025,3.4446112015187405,4.000050003622724,35.0,TmApp,
PLM_ABLANG2_PCA64,KRR,raw,2,3,-0.4380943788115788,-0.32855277384677906,49.14845882486824,52.02973847183761,35.0,TmApp,
PLM_ABLANG2_PLS2,PLS,raw,2,3,0.45635416375723614,0.4751889265620507,3.436048065408934,3.9280728585496036,35.0,TmApp,
PLM_ABLANG2_PLS4,PLS,raw,2,3,0.38879295945830394,0.36864966621401485,3.6504548196925644,4.1602462802094555,35.0,TmApp,
PLM_ABLANG2_PLS8,PLS,raw,2,3,0.5812230008086928,0.5574985694349677,3.1012121852911485,3.7085030548646403,35.0,TmApp,
PLM_ABLANG2_PLS16,PLS,raw,2,3,0.6316480992355465,0.597028718486963,3.142497766156774,3.755191318891735,35.0,TmApp,
PLM_ABLANG2_PCA8,Ridge,raw,2,4,0.52946287577111,0.5256858021287574,4.059196808538846,4.902177805271463,50.0,TmApp,
PLM_ABLANG2_PCA8,SVR_RBF,raw,2,4,0.21479389903967777,0.26234316374205113,4.159806780308497,5.337248322961724,50.0,TmApp,
PLM_ABLANG2_PCA8,KRR,raw,2,4,-0.4749112813629573,-0.10934147278048163,69.75745574288617,69.97444288332302,50.0,TmApp,
PLM_ABLANG2_PCA16,Ridge,raw,2,4,0.5472942779961536,0.502301993998911,4.020208496303685,4.935314154396083,50.0,TmApp,
PLM_ABLANG2_PCA16,SVR_RBF,raw,2,4,0.2344516982581222,0.3334091721157334,4.053962029579322,5.165743634265761,50.0,TmApp,
PLM_ABLANG2_PCA16,KRR,raw,2,4,-0.5194657553861798,-0.24259078705143752,69.73445966914247,69.9541031284852,50.0,TmApp,
PLM_ABLANG2_PCA32,Ridge,raw,2,4,0.6066521802816766,0.6227424149872526,3.5513976799710054,4.473887875124306,50.0,TmApp,
PLM_ABLANG2_PCA32,SVR_RBF,raw,2,4,0.3355283529192192,0.4341160659710065,3.7813265428627427,4.950390299209707,50.0,TmApp,
PLM_ABLANG2_PCA32,KRR,raw,2,4,-0.5167742229748524,-0.33237212188763826,69.52251481482284,69.75440641073793,50.0,TmApp,
PLM_ABLANG2_PCA64,Ridge,raw,2,4,0.5158610244781521,0.5479413064160511,3.531511865172572,4.679952074692956,50.0,TmApp,
PLM_ABLANG2_PCA64,SVR_RBF,raw,2,4,0.39666458911936914,0.5135372640788904,3.6450542735649893,4.795569848147323,50.0,TmApp,
PLM_ABLANG2_PCA64,KRR,raw,2,4,-0.5040855701785949,-0.40333492000054977,67.35469894847164,67.78922384404582,50.0,TmApp,
PLM_ABLANG2_PLS2,PLS,raw,2,4,0.47942921076768535,0.44987939704150376,4.344269696277945,5.265734706987564,50.0,TmApp,
PLM_ABLANG2_PLS4,PLS,raw,2,4,0.6214556085439771,0.6111855987054893,3.583209148259706,4.6010200778103165,50.0,TmApp,
PLM_ABLANG2_PLS8,PLS,raw,2,4,0.4688553334374707,0.46858924461996504,3.7739801003050126,5.199277632028452,50.0,TmApp,
PLM_ABLANG2_PLS16,PLS,raw,2,4,0.44126712622136527,0.38831980702718316,4.353565651828119,6.074881868663868,50.0,TmApp,
PLM_ABLANG2_PCA8,Ridge,raw,3,0,0.44202725556910505,0.39995238792788296,3.507048563858023,4.07294233692488,35.0,TmApp,
PLM_ABLANG2_PCA8,SVR_RBF,raw,3,0,0.08048351364508965,0.11426109269180382,3.9197021721511387,4.608771844026407,35.0,TmApp,
PLM_ABLANG2_PCA8,KRR,raw,3,0,-0.2144822431693751,-0.39472190923653133,69.52556740685355,69.7287400929179,35.0,TmApp,
PLM_ABLANG2_PCA16,Ridge,raw,3,0,0.35283522910377874,0.37687729237666945,3.4479241930054316,3.9268210228220712,35.0,TmApp,
PLM_ABLANG2_PCA16,SVR_RBF,raw,3,0,0.20675694953852006,0.23500625158403396,3.803015855412655,4.354725312679533,35.0,TmApp,
PLM_ABLANG2_PCA16,KRR,raw,3,0,-0.47124291148215675,-0.3528241266583814,69.46132798951692,69.64769361230277,35.0,TmApp,
PLM_ABLANG2_PCA32,Ridge,raw,3,0,0.3834554838588042,0.42936659577438885,3.3304489938536954,3.8990174630931476,35.0,TmApp,
PLM_ABLANG2_PCA32,SVR_RBF,raw,3,0,0.4529831265364994,0.3825670430577033,3.4646516452733924,4.07996501882561,35.0,TmApp,
PLM_ABLANG2_PCA32,KRR,raw,3,0,-0.4194132142133294,-0.26741433942207443,66.07312854127737,66.46142945297721,35.0,TmApp,
PLM_ABLANG2_PCA64,Ridge,raw,3,0,0.5024250057739716,0.49302709280811047,3.14856660821408,3.8727580167733384,35.0,TmApp,
PLM_ABLANG2_PCA64,SVR_RBF,raw,3,0,0.4577587625992098,0.40086855712791025,3.4446112015187405,4.000050003622724,35.0,TmApp,
PLM_ABLANG2_PCA64,KRR,raw,3,0,-0.4380943788115788,-0.32855277384677906,49.14845882486824,52.02973847183761,35.0,TmApp,
PLM_ABLANG2_PLS2,PLS,raw,3,0,0.45635416375723614,0.4751889265620507,3.436048065408934,3.9280728585496036,35.0,TmApp,
PLM_ABLANG2_PLS4,PLS,raw,3,0,0.38879295945830394,0.36864966621401485,3.6504548196925644,4.1602462802094555,35.0,TmApp,
PLM_ABLANG2_PLS8,PLS,raw,3,0,0.5812230008086928,0.5574985694349677,3.1012121852911485,3.7085030548646403,35.0,TmApp,
PLM_ABLANG2_PLS16,PLS,raw,3,0,0.6316480992355465,0.597028718486963,3.142497766156774,3.755191318891735,35.0,TmApp,
PLM_ABLANG2_PCA8,Ridge,raw,3,1,0.2648708099794216,0.22568271615667085,4.0000436417303735,4.5581854519636735,34.0,TmApp,
PLM_ABLANG2_PCA8,SVR_RBF,raw,3,1,0.18571577601447306,0.16008953147510852,4.0345766799501845,4.601895955299198,34.0,TmApp,
PLM_ABLANG2_PCA8,KRR,raw,3,1,-0.15494176861223968,0.006419236235548752,69.17611239844614,69.32138959259696,34.0,TmApp,
PLM_ABLANG2_PCA16,Ridge,raw,3,1,0.34662862068983263,0.3585668391296666,3.726378145489671,4.300496705287565,34.0,TmApp,
PLM_ABLANG2_PCA16,SVR_RBF,raw,3,1,0.21557115633007262,0.23637257728177746,3.8809322983864347,4.443209365959287,34.0,TmApp,
PLM_ABLANG2_PCA16,KRR,raw,3,1,-0.1443775571159506,-0.10696369712671397,69.00518353236559,69.16404580976172,34.0,TmApp,
PLM_ABLANG2_PCA32,Ridge,raw,3,1,0.5121346007983614,0.5003907874826444,3.4558665322545385,4.05439660947231,34.0,TmApp,
PLM_ABLANG2_PCA32,SVR_RBF,raw,3,1,0.4426251512430681,0.42985806569216534,3.407029782547421,3.9834767753069347,34.0,TmApp,
PLM_ABLANG2_PCA32,KRR,raw,3,1,-0.07180601727187787,-0.014043664620034813,66.6168192855896,66.84215221976415,34.0,TmApp,
PLM_ABLANG2_PCA64,Ridge,raw,3,1,0.3567335186428048,0.3144996928221947,4.0526046163757545,4.905583755979906,34.0,TmApp,
PLM_ABLANG2_PCA64,SVR_RBF,raw,3,1,0.4069517993787876,0.3702332691244068,3.5457430651400554,4.177707240320548,34.0,TmApp,
PLM_ABLANG2_PCA64,KRR,raw,3,1,-0.04179753244183936,0.004713229118998349,51.73375133263758,53.145822582960655,34.0,TmApp,
PLM_ABLANG2_PLS2,PLS,raw,3,1,0.404655231662203,0.3531838379882338,3.454656561304911,4.162745116036287,34.0,TmApp,
PLM_ABLANG2_PLS4,PLS,raw,3,1,0.4123104573841516,0.36696793207320966,3.978668452996514,4.5024952957662805,34.0,TmApp,
PLM_ABLANG2_PLS8,PLS,raw,3,1,0.46742808258218155,0.43939027516778745,3.8818439470736723,4.665452593607358,34.0,TmApp,
PLM_ABLANG2_PLS16,PLS,raw,3,1,0.5283636793288924,0.47769679821680455,3.593919481644792,4.393150340508296,34.0,TmApp,
PLM_ABLANG2_PCA8,Ridge,raw,3,2,0.4729748264575777,0.4975229397623881,4.066940789840252,4.902139592298769,50.0,TmApp,
PLM_ABLANG2_PCA8,SVR_RBF,raw,3,2,0.17654842861571982,0.23855827782023162,4.146570804991778,5.36716911019303,50.0,TmApp,
PLM_ABLANG2_PCA8,KRR,raw,3,2,-0.4575454647408214,-0.11603698431384178,69.9268693018829,70.14069115387566,50.0,TmApp,
PLM_ABLANG2_PCA16,Ridge,raw,3,2,0.5104667334328735,0.44494006060390184,4.325795678255361,5.390809600267302,50.0,TmApp,
PLM_ABLANG2_PCA16,SVR_RBF,raw,3,2,0.2599919549094551,0.3599458497796238,3.9162489020919082,5.080983480200389,50.0,TmApp,
PLM_ABLANG2_PCA16,KRR,raw,3,2,-0.485616328424889,-0.26771716243775423,69.90102565176488,70.11800532319177,50.0,TmApp,
PLM_ABLANG2_PCA32,Ridge,raw,3,2,0.5673294590120721,0.6089652993391509,3.568856541460682,4.464139601071448,50.0,TmApp,
PLM_ABLANG2_PCA32,SVR_RBF,raw,3,2,0.32545859247401004,0.4217972353236214,3.7635398767864525,4.948717829146484,50.0,TmApp,
PLM_ABLANG2_PCA32,KRR,raw,3,2,-0.46754330660090027,-0.32590063456092205,69.69340720897853,69.92141620978896,50.0,TmApp,
PLM_ABLANG2_PCA64,Ridge,raw,3,2,0.4899903842386735,0.5640842855827113,3.4828244384543057,4.551830799355519,50.0,TmApp,
PLM_ABLANG2_PCA64,SVR_RBF,raw,3,2,0.3851091778026538,0.4978182307900913,3.6733969916992777,4.806161771254374,50.0,TmApp,
PLM_ABLANG2_PCA64,KRR,raw,3,2,-0.4530752758322284,-0.38841828292010394,67.60365744003737,68.02126327983478,50.0,TmApp,
PLM_ABLANG2_PLS2,PLS,raw,3,2,0.4373094482836425,0.42085004243889895,4.397392361439069,5.3001346181419065,50.0,TmApp,
PLM_ABLANG2_PLS4,PLS,raw,3,2,0.5812687577592974,0.5857669743167436,3.6648234166357487,4.650728610987233,50.0,TmApp,
PLM_ABLANG2_PLS8,PLS,raw,3,2,0.4478360221651679,0.4737619572772733,3.7296719136381347,5.036144868931213,50.0,TmApp,
PLM_ABLANG2_PLS16,PLS,raw,3,2,0.4217839534720777,0.3753096019693803,4.365694749401817,5.944891984010795,50.0,TmApp,
PLM_ABLANG2_PCA8,Ridge,raw,3,3,0.37905145848227995,0.2711770061825643,3.5824538685559917,4.536330656938763,20.0,TmApp,
PLM_ABLANG2_PCA8,SVR_RBF,raw,3,3,0.33157582849344563,0.3028205020166513,3.232295755979441,4.251300348163208,20.0,TmApp,
PLM_ABLANG2_PCA8,KRR,raw,3,3,-0.3255471770662921,0.030361925025189564,65.10316888306603,65.38822731132059,20.0,TmApp,
PLM_ABLANG2_PCA16,Ridge,raw,3,3,0.45440960132169944,0.4438491134210858,3.1620758325882976,4.073121218214676,20.0,TmApp,
PLM_ABLANG2_PCA16,SVR_RBF,raw,3,3,0.6315012369943351,0.6243753842934728,2.6470138311045233,3.4210382664087264,20.0,TmApp,
PLM_ABLANG2_PCA16,KRR,raw,3,3,-0.21552428852073968,-0.03351282287276312,66.33101492202671,66.47748864196457,20.0,TmApp,
PLM_ABLANG2_PCA32,Ridge,raw,3,3,0.44838094989454585,0.49695422667740413,3.45183775586052,4.0606511115888955,20.0,TmApp,
PLM_ABLANG2_PCA32,SVR_RBF,raw,3,3,0.6526015169893725,0.6397432133938088,2.9091036190646817,3.516437797092933,20.0,TmApp,
PLM_ABLANG2_PCA32,KRR,raw,3,3,-0.09645842283445691,-0.02284145828380153,63.39128417256188,63.665691400825146,20.0,TmApp,
PLM_ABLANG2_PCA64,Ridge,raw,3,3,0.16578791424672282,0.29255899868366464,4.085735714426372,4.915271652332606,20.0,TmApp,
PLM_ABLANG2_PCA64,SVR_RBF,raw,3,3,0.6488336098474016,0.5936557803883181,3.051022339950549,3.7691845808810585,20.0,TmApp,
PLM_ABLANG2_PCA64,KRR,raw,3,3,-0.08515470140854399,-0.0085169444931549,48.74537005689744,50.51630303811978,20.0,TmApp,
PLM_ABLANG2_PLS2,PLS,raw,3,3,0.2697821513651217,0.27545974675254553,3.7963598751835406,4.575418439946656,20.0,TmApp,
PLM_ABLANG2_PLS4,PLS,raw,3,3,0.3956302499069522,0.3915454167947613,3.4495031252410064,4.567749444390214,20.0,TmApp,
PLM_ABLANG2_PLS8,PLS,raw,3,3,0.2999254085008895,0.40183154164003526,3.5904560600445636,4.718204535486449,20.0,TmApp,
PLM_ABLANG2_PLS16,PLS,raw,3,3,0.27731796564906364,0.3945625690439325,3.8944981088521273,4.981145432547219,20.0,TmApp,
PLM_ABLANG2_PCA8,Ridge,raw,3,4,0.3508719862535492,0.3209819656114288,2.402692917026348,3.136907095131473,23.0,TmApp,
PLM_ABLANG2_PCA8,SVR_RBF,raw,3,4,-0.021340163237486016,0.023602032048508192,2.703598290860404,3.6167768808311385,23.0,TmApp,
PLM_ABLANG2_PCA8,KRR,raw,3,4,-0.02828812336131867,0.012107548861060871,66.181786716405,66.35433652054627,23.0,TmApp,
PLM_ABLANG2_PCA16,Ridge,raw,3,4,0.40447053578025816,0.45615135267230156,2.3264950640566093,2.919304392318295,23.0,TmApp,
PLM_ABLANG2_PCA16,SVR_RBF,raw,3,4,0.3047176797166608,0.24227071469763065,2.5478099722092464,3.270738485308486,23.0,TmApp,
PLM_ABLANG2_PCA16,KRR,raw,3,4,-0.11811532210515514,-0.10582163196076382,66.72543270238816,66.8505656953115,23.0,TmApp,
PLM_ABLANG2_PCA32,Ridge,raw,3,4,0.37370099808899926,0.4209702759114643,2.1117421851278264,2.7942274597159797,23.0,TmApp,
PLM_ABLANG2_PCA32,SVR_RBF,raw,3,4,0.4456620136572661,0.3103619912444154,2.420507972684089,3.186016125056159,23.0,TmApp,
PLM_ABLANG2_PCA32,KRR,raw,3,4,-0.002481414329940235,0.024982817974936258,63.107280630760116,63.35093138657981,23.0,TmApp,
PLM_ABLANG2_PCA64,Ridge,raw,3,4,0.4794092485444533,0.5302976827290442,2.051112908402692,2.6476347000895384,23.0,TmApp,
PLM_ABLANG2_PCA64,SVR_RBF,raw,3,4,0.43970661926540955,0.36654150945666425,2.173389827359443,3.0481040395824754,23.0,TmApp,
PLM_ABLANG2_PCA64,KRR,raw,3,4,0.1121599277132986,0.09321130977028234,44.420628519582515,47.21837824589505,23.0,TmApp,
PLM_ABLANG2_PLS2,PLS,raw,3,4,0.35285711771750133,0.4139209242689183,2.6440238808920076,3.161475856273653,23.0,TmApp,
PLM_ABLANG2_PLS4,PLS,raw,3,4,0.4883423401322381,0.47499472634529905,2.1574717564376384,2.873088908856026,23.0,TmApp,
PLM_ABLANG2_PLS8,PLS,raw,3,4,0.4630319139668478,0.4447897046581273,1.9866029453925966,2.8391188544652013,23.0,TmApp,
PLM_ABLANG2_PLS16,PLS,raw,3,4,0.32853925728408706,0.4155178060336161,2.607312894836346,3.3860417043049247,23.0,TmApp,
PLM_ESM1B_PCA8,Ridge,raw,0,0,0.5591707989897068,0.5987685962154378,2.716504743707707,3.4048804709695646,35.0,TmApp,
PLM_ESM1B_PCA8,SVR_RBF,raw,0,0,0.4682932539140121,0.4969822452034683,3.1171177581386194,3.681253183263058,35.0,TmApp,
PLM_ESM1B_PCA8,KRR,raw,0,0,-0.42208195201307924,-0.031097388386349886,71.14269213489077,71.24568871025801,35.0,TmApp,
PLM_ESM1B_PCA16,Ridge,raw,0,0,0.5874032357133769,0.6669072508029862,2.4559395877080235,3.130210395948116,35.0,TmApp,
PLM_ESM1B_PCA16,SVR_RBF,raw,0,0,0.6799662993994399,0.6365186781728783,2.464688019225738,3.1253333793964253,35.0,TmApp,
PLM_ESM1B_PCA16,KRR,raw,0,0,-0.3552230471351339,-0.2706617272784498,71.14285710772401,71.24585197677659,35.0,TmApp,
PLM_ESM1B_PCA32,Ridge,raw,0,0,0.6676058295900718,0.680232965207499,2.417277232965283,3.084802034638972,35.0,TmApp,
PLM_ESM1B_PCA32,SVR_RBF,raw,0,0,0.6838991761569662,0.6567118559243226,2.3941110687192824,3.016048653214767,35.0,TmApp,
PLM_ESM1B_PCA32,KRR,raw,0,0,-0.3199676162015956,-0.20901352482278532,71.14285711826972,71.24585198594386,35.0,TmApp,
PLM_ESM1B_PCA64,Ridge,raw,0,0,0.7659277485282268,0.7233217863824803,2.1368974297274526,2.759626142708334,35.0,TmApp,
PLM_ESM1B_PCA64,SVR_RBF,raw,0,0,0.7190141472063072,0.6884845757250684,2.2839805509620756,2.942227466878331,35.0,TmApp,
PLM_ESM1B_PCA64,KRR,raw,0,0,-0.279655629436952,-0.09029943481765096,71.14285322049696,71.24584815998074,35.0,TmApp,
PLM_ESM1B_PLS2,PLS,raw,0,0,0.5896505938605348,0.6399698490137493,2.314499504652392,3.054887264663932,35.0,TmApp,
PLM_ESM1B_PLS4,PLS,raw,0,0,0.7129743721858204,0.7009791918914539,2.2928758640724594,2.9256103203646964,35.0,TmApp,
PLM_ESM1B_PLS8,PLS,raw,0,0,0.7409258891410959,0.7118309810057402,2.0789456374493067,2.8120631149051496,35.0,TmApp,
PLM_ESM1B_PLS16,PLS,raw,0,0,0.6362832754140595,0.645253777145107,2.4821978852881443,3.15598700587565,35.0,TmApp,
PLM_ESM1B_PCA8,Ridge,raw,0,1,0.3488984252088011,0.3923580787737304,3.339618880451125,4.266543981080802,34.0,TmApp,
PLM_ESM1B_PCA8,SVR_RBF,raw,0,1,0.029546904811451783,0.15384758865188503,3.905773451274745,4.609412783647244,34.0,TmApp,
PLM_ESM1B_PCA8,KRR,raw,0,1,0.10532782647812863,-0.15387051843490007,70.44002506103602,70.58105370600259,34.0,TmApp,
PLM_ESM1B_PCA16,Ridge,raw,0,1,0.2948566770303427,0.3719179998368962,3.4071657443720813,4.419272319298819,34.0,TmApp,
PLM_ESM1B_PCA16,SVR_RBF,raw,0,1,0.11436029996971234,0.2319760552504163,3.861654131689487,4.430208673785937,34.0,TmApp,
PLM_ESM1B_PCA16,KRR,raw,0,1,0.1713108107980028,0.004895663972354384,70.4411764705734,70.58213821705901,34.0,TmApp,
PLM_ESM1B_PCA32,Ridge,raw,0,1,0.1402329782761131,0.19803768103425434,4.01529292630813,4.937668824785027,34.0,TmApp,
PLM_ESM1B_PCA32,SVR_RBF,raw,0,1,0.1533989565858792,0.18789724113632877,3.8402530236770427,4.618429107905491,34.0,TmApp,
PLM_ESM1B_PCA32,KRR,raw,0,1,0.05220463492593295,0.0591093396616021,70.44117647046873,70.58213821695294,34.0,TmApp,
PLM_ESM1B_PCA64,Ridge,raw,0,1,0.23606905294952668,0.308392657663962,3.63527058794483,4.57975145068716,34.0,TmApp,
PLM_ESM1B_PCA64,SVR_RBF,raw,0,1,0.18983503609430163,0.24704049233957387,3.752682220945667,4.558285924347893,34.0,TmApp,
PLM_ESM1B_PCA64,KRR,raw,0,1,-0.08940617828957431,0.033489075438983565,70.44117629154071,70.58213803720109,34.0,TmApp,
PLM_ESM1B_PLS2,PLS,raw,0,1,0.36757574327614373,0.42961930008406435,3.4378946791022993,4.330877764063232,34.0,TmApp,
PLM_ESM1B_PLS4,PLS,raw,0,1,0.244642248127979,0.29464007420929406,3.931759995089686,4.847126907265435,34.0,TmApp,
PLM_ESM1B_PLS8,PLS,raw,0,1,0.2656159577609785,0.3774497480859209,3.783435862394336,4.705301415457786,34.0,TmApp,
PLM_ESM1B_PLS16,PLS,raw,0,1,0.27832265775761317,0.453034684382982,3.649290240283987,4.764597089342704,34.0,TmApp,
PLM_ESM1B_PCA8,Ridge,raw,0,2,0.29465033850213007,0.36607538445050647,2.9333424112081614,3.6602975752946953,20.0,TmApp,
PLM_ESM1B_PCA8,SVR_RBF,raw,0,2,0.1130372142591292,0.21322881888324088,3.0356016388628015,3.8482817669465437,20.0,TmApp,
PLM_ESM1B_PCA8,KRR,raw,0,2,0.1537306113924157,-0.36936478515685967,68.27497528141487,68.37605131002272,20.0,TmApp,
PLM_ESM1B_PCA16,Ridge,raw,0,2,0.3918623427649812,0.4392257631288036,2.800772348848927,3.48062242027562,20.0,TmApp,
PLM_ESM1B_PCA16,SVR_RBF,raw,0,2,0.17407730995905896,0.2382481459714106,2.8773820691322465,3.823409019803432,20.0,TmApp,
PLM_ESM1B_PCA16,KRR,raw,0,2,-0.05727218855795879,-0.2300279995004719,68.27499999737778,68.37607402928779,20.0,TmApp,
PLM_ESM1B_PCA32,Ridge,raw,0,2,0.4182376927587781,0.4629792379387257,2.7923905239120854,3.514391992669971,20.0,TmApp,
PLM_ESM1B_PCA32,SVR_RBF,raw,0,2,0.46571332274761235,0.4103890506830305,2.5645740734072673,3.4714819666782244,20.0,TmApp,
PLM_ESM1B_PCA32,KRR,raw,0,2,0.043707722846863285,-0.1866078573440985,68.27499993087943,68.3760739648659,20.0,TmApp,
PLM_ESM1B_PCA64,Ridge,raw,0,2,0.2577248485108146,0.3994109282372017,3.173498659449307,3.7541698812829645,20.0,TmApp,
PLM_ESM1B_PCA64,SVR_RBF,raw,0,2,0.5184640227352059,0.4427583438573708,2.666678149845945,3.4096551359830105,20.0,TmApp,
PLM_ESM1B_PCA64,KRR,raw,0,2,0.03240400142095037,-0.3559811526595473,68.27499552695569,68.37606986195372,20.0,TmApp,
PLM_ESM1B_PLS2,PLS,raw,0,2,0.4604382527488529,0.5275013295403057,2.5983701918629625,3.239646761650352,20.0,TmApp,
PLM_ESM1B_PLS4,PLS,raw,0,2,0.2584784299392087,0.41256088996008905,3.151909039423656,3.7570250229584743,20.0,TmApp,
PLM_ESM1B_PLS8,PLS,raw,0,2,0.251696197083661,0.359728739464858,3.3399017146185286,4.011382106869012,20.0,TmApp,
PLM_ESM1B_PLS16,PLS,raw,0,2,0.37452996991191473,0.4311377668598976,3.498481640091824,4.382675381838075,20.0,TmApp,
PLM_ESM1B_PCA8,Ridge,raw,0,3,0.3113723516386963,0.4448121258672778,2.395594302652425,2.9863189717887555,23.0,TmApp,
PLM_ESM1B_PCA8,SVR_RBF,raw,0,3,0.29893735357005824,0.3186080331131704,2.688772405964657,3.3377787801368015,23.0,TmApp,
PLM_ESM1B_PCA8,KRR,raw,0,3,-0.22880396446293977,-0.005813210809052215,68.58540969999963,68.65742845970992,23.0,TmApp,
PLM_ESM1B_PCA16,Ridge,raw,0,3,0.26113495944139864,0.31676996728329115,2.803921133155457,3.374069829146113,23.0,TmApp,
PLM_ESM1B_PCA16,SVR_RBF,raw,0,3,0.13230837945030866,0.249534289626923,2.9013120623848105,3.653837631769411,23.0,TmApp,
PLM_ESM1B_PCA16,KRR,raw,0,3,-0.012932397991383552,-0.5459786288767654,68.58695650016557,68.6589713378275,23.0,TmApp,
PLM_ESM1B_PCA32,Ridge,raw,0,3,0.36708114298619465,0.24033303251285687,2.802504335961781,3.570087362643173,23.0,TmApp,
PLM_ESM1B_PCA32,SVR_RBF,raw,0,3,0.1218629810726527,0.1615774583628575,2.9863766055113685,3.7938207536894337,23.0,TmApp,
PLM_ESM1B_PCA32,KRR,raw,0,3,0.16613157419700408,0.015636154852558218,68.58695650422948,68.6589713396367,23.0,TmApp,
PLM_ESM1B_PCA64,Ridge,raw,0,3,0.44567033077998697,0.31488094782272236,2.6258379576512323,3.4591222828031603,23.0,TmApp,
PLM_ESM1B_PCA64,SVR_RBF,raw,0,3,0.2417363624543233,0.20185237278063262,2.8384774903482763,3.674165499842251,23.0,TmApp,
PLM_ESM1B_PCA64,KRR,raw,0,3,0.09301378555341247,0.004570478175943336,68.58695421085598,68.65896904683157,23.0,TmApp,
PLM_ESM1B_PLS2,PLS,raw,0,3,0.3934433388917073,0.43220063737474373,2.404028496167099,3.068438269740826,23.0,TmApp,
PLM_ESM1B_PLS4,PLS,raw,0,3,0.44069633155253185,0.33446823717304847,2.8473580306601813,3.5910329926614244,23.0,TmApp,
PLM_ESM1B_PLS8,PLS,raw,0,3,0.537191916565163,0.3735313871627119,2.668034783998718,3.507612266828621,23.0,TmApp,
PLM_ESM1B_PLS16,PLS,raw,0,3,0.480985725294919,0.40372533437162755,3.1713246200186425,3.7735412910346695,23.0,TmApp,
PLM_ESM1B_PCA8,Ridge,raw,0,4,0.40222086867855794,0.42801236513523844,3.772551395307379,4.883144999030673,50.0,TmApp,
PLM_ESM1B_PCA8,SVR_RBF,raw,0,4,0.40154793701489877,0.3571468673262879,3.5815893319542424,4.971942943077017,50.0,TmApp,
PLM_ESM1B_PCA8,KRR,raw,0,4,-0.31839281000558894,-0.27029705868868736,69.89999978984453,70.10206826216422,50.0,TmApp,
PLM_ESM1B_PCA16,Ridge,raw,0,4,0.3965970826322636,0.4143378409512992,3.9576949231601963,4.965916683992832,50.0,TmApp,
PLM_ESM1B_PCA16,SVR_RBF,raw,0,4,0.26042455383609314,0.30527131826522824,3.7516457940768806,5.07063289179922,50.0,TmApp,
PLM_ESM1B_PCA16,KRR,raw,0,4,-0.27830530947046495,-0.1199131329265493,69.89999999996724,70.10206844306101,50.0,TmApp,
PLM_ESM1B_PCA32,Ridge,raw,0,4,0.47114829765621713,0.5279890561562304,4.066626711896399,4.9267469518388785,50.0,TmApp,
PLM_ESM1B_PCA32,SVR_RBF,raw,0,4,0.40491259533319457,0.4054907881401968,3.724058800313585,4.883693040463491,50.0,TmApp,
PLM_ESM1B_PCA32,KRR,raw,0,4,-0.24422612736086918,0.0966409690957729,69.89999999877713,70.1020684418238,50.0,TmApp,
PLM_ESM1B_PCA64,Ridge,raw,0,4,0.4963351684960312,0.5278346584539948,3.7770371090151933,4.639007953777535,50.0,TmApp,
PLM_ESM1B_PCA64,SVR_RBF,raw,0,4,0.3965490160848594,0.409917115364243,3.713019894734249,4.877502196402329,50.0,TmApp,
PLM_ESM1B_PCA64,KRR,raw,0,4,-0.19971650446455644,-0.10914216803812246,69.8999989474781,70.10206743690173,50.0,TmApp,
PLM_ESM1B_PLS2,PLS,raw,0,4,0.48321300105467774,0.5145367151975102,3.939194841096042,4.8510394850924055,50.0,TmApp,
PLM_ESM1B_PLS4,PLS,raw,0,4,0.4636018497137538,0.5111783151971553,4.029078817496929,4.905739844069264,50.0,TmApp,
PLM_ESM1B_PLS8,PLS,raw,0,4,0.5140236579407862,0.5592138812645252,3.9764156686510153,4.730315882673597,50.0,TmApp,
PLM_ESM1B_PLS16,PLS,raw,0,4,0.5298856185841805,0.5617527433355912,4.113501180139489,4.944495644533925,50.0,TmApp,
PLM_ESM1B_PCA8,Ridge,raw,1,0,0.29899018184852505,0.35656334847640236,3.3965236479301177,4.294998374709333,34.0,TmApp,
PLM_ESM1B_PCA8,SVR_RBF,raw,1,0,0.24372369150171624,0.31000935086259285,3.652934324643735,4.278759982349047,34.0,TmApp,
PLM_ESM1B_PCA8,KRR,raw,1,0,0.026791234932663534,-0.153871803244424,70.43971770681631,70.58076431663868,34.0,TmApp,
PLM_ESM1B_PCA16,Ridge,raw,1,0,0.2870489457071093,0.3441874761673309,3.423633965053113,4.39033391051072,34.0,TmApp,
PLM_ESM1B_PCA16,SVR_RBF,raw,1,0,0.30251131558253225,0.35387339262271794,3.6986062202989514,4.199906828173604,34.0,TmApp,
PLM_ESM1B_PCA16,KRR,raw,1,0,0.005358246986532707,0.007102636589074815,70.4411764705727,70.5821382170583,34.0,TmApp,
PLM_ESM1B_PCA32,Ridge,raw,1,0,0.1429886481549014,0.19317132188979055,4.016702029512419,4.8814301754944776,34.0,TmApp,
PLM_ESM1B_PCA32,SVR_RBF,raw,1,0,0.18401751079463752,0.23803722090701246,3.734820769179241,4.47223688332191,34.0,TmApp,
PLM_ESM1B_PCA32,KRR,raw,1,0,-0.0026025771077444575,-0.004899620154990028,70.44117647052842,70.58213821701423,34.0,TmApp,
PLM_ESM1B_PCA64,Ridge,raw,1,0,0.24647936138050452,0.3342192869080581,3.6072155991799515,4.423102943656682,34.0,TmApp,
PLM_ESM1B_PCA64,SVR_RBF,raw,1,0,0.22749585777107434,0.26858850420490665,3.7016450026535628,4.440640145350435,34.0,TmApp,
PLM_ESM1B_PCA64,KRR,raw,1,0,-0.11757524816163197,0.07323266317032617,70.4411763152859,70.58213805936983,34.0,TmApp,
PLM_ESM1B_PLS2,PLS,raw,1,0,0.2954690481145178,0.39934661934347243,3.4599388335961585,4.319131564993235,34.0,TmApp,
PLM_ESM1B_PLS4,PLS,raw,1,0,0.23637523849161426,0.30403700213254786,3.8521185630657357,4.729886724573912,34.0,TmApp,
PLM_ESM1B_PLS8,PLS,raw,1,0,0.21341132283504552,0.37703750757955606,3.6669109760047993,4.576633023258036,34.0,TmApp,
PLM_ESM1B_PLS16,PLS,raw,1,0,0.29102935775424793,0.45894810027343425,3.4384421050528737,4.601626198863901,34.0,TmApp,
PLM_ESM1B_PCA8,Ridge,raw,1,1,0.27204289565030426,0.31753960952364,3.2206535049117755,3.9352404753193992,20.0,TmApp,
PLM_ESM1B_PCA8,SVR_RBF,raw,1,1,0.16051284424796344,0.2547613133342778,3.2226448814690003,3.9519350784839515,20.0,TmApp,
PLM_ESM1B_PCA8,KRR,raw,1,1,0.13413749425416666,-0.3110334468255708,67.84998099218252,67.95989693628437,20.0,TmApp,
PLM_ESM1B_PCA16,Ridge,raw,1,1,0.32780792135147463,0.39963972789115515,3.0296739173285525,3.7103996275957383,20.0,TmApp,
PLM_ESM1B_PCA16,SVR_RBF,raw,1,1,0.21627786994913387,0.20947330057739358,3.111785168908335,4.03396861149597,20.0,TmApp,
PLM_ESM1B_PCA16,KRR,raw,1,1,-0.1281088428270131,0.1861639238498895,67.8499999963092,67.95991465179237,20.0,TmApp,
PLM_ESM1B_PCA32,Ridge,raw,1,1,0.32404001420950374,0.3783967150422417,3.240358805730003,3.933863015565068,20.0,TmApp,
PLM_ESM1B_PCA32,SVR_RBF,raw,1,1,0.48907434702783237,0.38445490946073707,2.824722321582196,3.7225987375155882,20.0,TmApp,
PLM_ESM1B_PCA32,KRR,raw,1,1,0.021853861423431643,-0.23593255199411073,67.84999987090407,67.95991453230101,20.0,TmApp,
PLM_ESM1B_PCA64,Ridge,raw,1,1,0.3006789899292837,0.41562994284836946,3.3141768755103795,3.962647822466192,20.0,TmApp,
PLM_ESM1B_PCA64,SVR_RBF,raw,1,1,0.49887090559695685,0.4116292697078742,2.9270694463177405,3.670866298565132,20.0,TmApp,
PLM_ESM1B_PCA64,KRR,raw,1,1,-0.014318047139489698,-0.3106605951261186,67.84999648231901,67.95991135616913,20.0,TmApp,
PLM_ESM1B_PLS2,PLS,raw,1,1,0.3760371327687031,0.46372045387592187,2.914614998432422,3.570918292589336,20.0,TmApp,
PLM_ESM1B_PLS4,PLS,raw,1,1,0.29012884993176496,0.4030712193572941,3.351626478715211,3.954403383722387,20.0,TmApp,
PLM_ESM1B_PLS8,PLS,raw,1,1,0.2908824313601591,0.408226717488623,3.3715536597538383,4.062487251274306,20.0,TmApp,
PLM_ESM1B_PLS16,PLS,raw,1,1,0.38432652848103926,0.46051387583464365,3.5832506286516357,4.384699596355738,20.0,TmApp,
PLM_ESM1B_PCA8,Ridge,raw,1,2,0.40222086867855794,0.42801236513523844,3.772551395307379,4.883144999030673,50.0,TmApp,
PLM_ESM1B_PCA8,SVR_RBF,raw,1,2,0.40154793701489877,0.3571468673262879,3.5815893319542424,4.971942943077017,50.0,TmApp,
PLM_ESM1B_PCA8,KRR,raw,1,2,-0.31839281000558894,-0.27029705868868736,69.89999978984453,70.10206826216422,50.0,TmApp,
PLM_ESM1B_PCA16,Ridge,raw,1,2,0.3965970826322636,0.4143378409512992,3.9576949231601963,4.965916683992832,50.0,TmApp,
PLM_ESM1B_PCA16,SVR_RBF,raw,1,2,0.26042455383609314,0.30527131826522824,3.7516457940768806,5.07063289179922,50.0,TmApp,
PLM_ESM1B_PCA16,KRR,raw,1,2,-0.27830530947046495,-0.1199131329265493,69.89999999996724,70.10206844306101,50.0,TmApp,
PLM_ESM1B_PCA32,Ridge,raw,1,2,0.47114829765621713,0.5279890561562304,4.066626711896399,4.9267469518388785,50.0,TmApp,
PLM_ESM1B_PCA32,SVR_RBF,raw,1,2,0.40491259533319457,0.4054907881401968,3.724058800313585,4.883693040463491,50.0,TmApp,
PLM_ESM1B_PCA32,KRR,raw,1,2,-0.24422612736086918,0.0966409690957729,69.89999999877713,70.1020684418238,50.0,TmApp,
PLM_ESM1B_PCA64,Ridge,raw,1,2,0.4963351684960312,0.5278346584539948,3.7770371090151933,4.639007953777535,50.0,TmApp,
PLM_ESM1B_PCA64,SVR_RBF,raw,1,2,0.3965490160848594,0.409917115364243,3.713019894734249,4.877502196402329,50.0,TmApp,
PLM_ESM1B_PCA64,KRR,raw,1,2,-0.19971650446455644,-0.10914216803812246,69.8999989474781,70.10206743690173,50.0,TmApp,
PLM_ESM1B_PLS2,PLS,raw,1,2,0.48321300105467774,0.5145367151975102,3.939194841096042,4.8510394850924055,50.0,TmApp,
PLM_ESM1B_PLS4,PLS,raw,1,2,0.4636018497137538,0.5111783151971553,4.029078817496929,4.905739844069264,50.0,TmApp,
PLM_ESM1B_PLS8,PLS,raw,1,2,0.5140236579407862,0.5592138812645252,3.9764156686510153,4.730315882673597,50.0,TmApp,
PLM_ESM1B_PLS16,PLS,raw,1,2,0.5298856185841805,0.5617527433355912,4.113501180139489,4.944495644533925,50.0,TmApp,
PLM_ESM1B_PCA8,Ridge,raw,1,3,0.5591707989897068,0.5987685962154378,2.716504743707707,3.4048804709695646,35.0,TmApp,
PLM_ESM1B_PCA8,SVR_RBF,raw,1,3,0.4682932539140121,0.4969822452034683,3.1171177581386194,3.681253183263058,35.0,TmApp,
PLM_ESM1B_PCA8,KRR,raw,1,3,-0.42208195201307924,-0.031097388386349886,71.14269213489077,71.24568871025801,35.0,TmApp,
PLM_ESM1B_PCA16,Ridge,raw,1,3,0.5874032357133769,0.6669072508029862,2.4559395877080235,3.130210395948116,35.0,TmApp,
PLM_ESM1B_PCA16,SVR_RBF,raw,1,3,0.6799662993994399,0.6365186781728783,2.464688019225738,3.1253333793964253,35.0,TmApp,
PLM_ESM1B_PCA16,KRR,raw,1,3,-0.3552230471351339,-0.2706617272784498,71.14285710772401,71.24585197677659,35.0,TmApp,
PLM_ESM1B_PCA32,Ridge,raw,1,3,0.6676058295900718,0.680232965207499,2.417277232965283,3.084802034638972,35.0,TmApp,
PLM_ESM1B_PCA32,SVR_RBF,raw,1,3,0.6838991761569662,0.6567118559243226,2.3941110687192824,3.016048653214767,35.0,TmApp,
PLM_ESM1B_PCA32,KRR,raw,1,3,-0.3199676162015956,-0.20901352482278532,71.14285711826972,71.24585198594386,35.0,TmApp,
PLM_ESM1B_PCA64,Ridge,raw,1,3,0.7659277485282268,0.7233217863824803,2.1368974297274526,2.759626142708334,35.0,TmApp,
PLM_ESM1B_PCA64,SVR_RBF,raw,1,3,0.7190141472063072,0.6884845757250684,2.2839805509620756,2.942227466878331,35.0,TmApp,
PLM_ESM1B_PCA64,KRR,raw,1,3,-0.279655629436952,-0.09029943481765096,71.14285322049696,71.24584815998074,35.0,TmApp,
PLM_ESM1B_PLS2,PLS,raw,1,3,0.5896505938605348,0.6399698490137493,2.314499504652392,3.054887264663932,35.0,TmApp,
PLM_ESM1B_PLS4,PLS,raw,1,3,0.7129743721858204,0.7009791918914539,2.2928758640724594,2.9256103203646964,35.0,TmApp,
PLM_ESM1B_PLS8,PLS,raw,1,3,0.7409258891410959,0.7118309810057402,2.0789456374493067,2.8120631149051496,35.0,TmApp,
PLM_ESM1B_PLS16,PLS,raw,1,3,0.6362832754140595,0.645253777145107,2.4821978852881443,3.15598700587565,35.0,TmApp,
PLM_ESM1B_PCA8,Ridge,raw,1,4,0.4461677307027325,0.5575838462286771,2.01744680783684,2.4923396871900705,23.0,TmApp,
PLM_ESM1B_PCA8,SVR_RBF,raw,1,4,0.4367171321705677,0.41492152232175505,2.1695158189095216,2.7803196024512533,23.0,TmApp,
PLM_ESM1B_PCA8,KRR,raw,1,4,-0.1357901789095273,-0.03364546744265741,68.95531518895262,69.0161288223006,23.0,TmApp,
PLM_ESM1B_PCA16,Ridge,raw,1,4,0.33524754793048134,0.3509212983064782,2.5656899293608872,3.159202264094399,23.0,TmApp,
PLM_ESM1B_PCA16,SVR_RBF,raw,1,4,0.2740673574327822,0.3193927453201105,2.4465922227405805,3.237953129530117,23.0,TmApp,
PLM_ESM1B_PCA16,KRR,raw,1,4,0.07858918779379236,-0.6233350571149793,68.95652169680783,69.01732607965185,23.0,TmApp,
PLM_ESM1B_PCA32,Ridge,raw,1,4,0.3954329385826894,0.2907475364156667,2.551836661378005,3.301117552801137,23.0,TmApp,
PLM_ESM1B_PCA32,SVR_RBF,raw,1,4,0.33276054831675367,0.2730431617991349,2.3964733836112693,3.254088905187684,23.0,TmApp,
PLM_ESM1B_PCA32,KRR,raw,1,4,0.22830656454019424,-0.004626150246946865,68.956521716709,69.01732609466991,23.0,TmApp,
PLM_ESM1B_PCA64,Ridge,raw,1,4,0.5665385120071487,0.3994039941293362,2.5167040409917396,3.1844849013154253,23.0,TmApp,
PLM_ESM1B_PCA64,SVR_RBF,raw,1,4,0.4655663276898079,0.350716781742874,2.2868887613394717,3.0589232633006325,23.0,TmApp,
PLM_ESM1B_PCA64,KRR,raw,1,4,0.20741576778488238,-0.030230115888219444,68.95651758948718,69.01732199367002,23.0,TmApp,
PLM_ESM1B_PLS2,PLS,raw,1,4,0.525751718342016,0.5581168159304585,2.042669957290245,2.609941442114636,23.0,TmApp,
PLM_ESM1B_PLS4,PLS,raw,1,4,0.42975353325213034,0.3000757132849468,2.7392618830498505,3.5417044838798253,23.0,TmApp,
PLM_ESM1B_PLS8,PLS,raw,1,4,0.48645712444511974,0.34948156905020267,2.755545183695819,3.586523007929864,23.0,TmApp,
PLM_ESM1B_PLS16,PLS,raw,1,4,0.4133393358015281,0.32699879159418704,3.3007821474390937,3.961728463929271,23.0,TmApp,
PLM_ESM1B_PCA8,Ridge,raw,2,0,0.3754055224208935,0.5014758435697743,2.1854221569632166,2.676730366519211,23.0,TmApp,
PLM_ESM1B_PCA8,SVR_RBF,raw,2,0,0.2856454173242202,0.29324033235762104,2.465897448751794,3.2029317572632894,23.0,TmApp,
PLM_ESM1B_PCA8,KRR,raw,2,0,-0.15274095231920107,-0.028636418561948786,68.88993399824207,68.95160020944195,23.0,TmApp,
PLM_ESM1B_PCA16,Ridge,raw,2,0,0.34664261581532974,0.3681443703520696,2.487769468440321,3.1447668249802483,23.0,TmApp,
PLM_ESM1B_PCA16,SVR_RBF,raw,2,0,0.13191264063931005,0.22947302968590072,2.6496888485129504,3.4964162665441316,23.0,TmApp,
PLM_ESM1B_PCA16,KRR,raw,2,0,0.18100794674191034,-0.5891810335176436,68.89130434523598,68.95296127968513,23.0,TmApp,
PLM_ESM1B_PCA32,Ridge,raw,2,0,0.41755805796353024,0.3002974572531108,2.504905884789938,3.283985446398764,23.0,TmApp,
PLM_ESM1B_PCA32,SVR_RBF,raw,2,0,0.19092619039900136,0.17119776649813295,2.7976123897133602,3.6245197750941216,23.0,TmApp,
PLM_ESM1B_PCA32,KRR,raw,2,0,0.3798687320665845,0.20263000886675953,68.89130434752752,68.95296128175234,23.0,TmApp,
PLM_ESM1B_PCA64,Ridge,raw,2,0,0.42499674070634846,0.3474686726932867,2.538560789354304,3.3299206751654733,23.0,TmApp,
PLM_ESM1B_PCA64,SVR_RBF,raw,2,0,0.2588661594500746,0.23441090204492424,2.553831363528881,3.409755228686974,23.0,TmApp,
PLM_ESM1B_PCA64,KRR,raw,2,0,0.20183625842180145,0.043978859458624286,68.89130402358441,68.95296095604425,23.0,TmApp,
PLM_ESM1B_PLS2,PLS,raw,2,0,0.5207077919972765,0.5253035278141306,2.1026814558598437,2.710538631723661,23.0,TmApp,
PLM_ESM1B_PLS4,PLS,raw,2,0,0.4478087011176577,0.3311474847450112,2.6661824478196836,3.469303326718462,23.0,TmApp,
PLM_ESM1B_PLS8,PLS,raw,2,0,0.41210302395213017,0.2984516439915565,2.8375471767678153,3.710122235266722,23.0,TmApp,
PLM_ESM1B_PLS16,PLS,raw,2,0,0.43243542344916674,0.3213672492890423,3.200421102672048,3.8818466692924427,23.0,TmApp,
PLM_ESM1B_PCA8,Ridge,raw,2,1,0.3082148042132256,0.31570891144265106,3.169863815557356,3.924493990038677,20.0,TmApp,
PLM_ESM1B_PCA8,SVR_RBF,raw,2,1,0.17859879852942415,0.25225932461170253,3.18917875471118,3.9646874347632575,20.0,TmApp,
PLM_ESM1B_PCA8,KRR,raw,2,1,0.1258480985418305,-0.1804784308015189,67.87499300618089,67.98500996228147,20.0,TmApp,
PLM_ESM1B_PCA16,Ridge,raw,2,1,0.3685013184847612,0.4045072230687816,3.096875295594927,3.7497877084326587,20.0,TmApp,
PLM_ESM1B_PCA16,SVR_RBF,raw,2,1,0.2094956370935861,0.21485547105067013,3.173971242126138,4.073310628837743,20.0,TmApp,
PLM_ESM1B_PCA16,KRR,raw,2,1,-0.20874205566519194,-0.18866171886277913,67.87499999129098,67.9850167232689,20.0,TmApp,
PLM_ESM1B_PCA32,Ridge,raw,2,1,0.2961575013589185,0.3668134517577227,3.222834771831881,3.9742360760974247,20.0,TmApp,
PLM_ESM1B_PCA32,SVR_RBF,raw,2,1,0.4747562998883426,0.3723165552628708,2.864949052742771,3.7536531034995675,20.0,TmApp,
PLM_ESM1B_PCA32,KRR,raw,2,1,0.07761888712460205,-0.2788928012893732,67.874999854378,67.98501659420657,20.0,TmApp,
PLM_ESM1B_PCA64,Ridge,raw,2,1,0.3534296899168773,0.42583740656948926,3.3828666490866164,3.976395972199542,20.0,TmApp,
PLM_ESM1B_PCA64,SVR_RBF,raw,2,1,0.4672204856044006,0.42651598739802304,2.9544860136467626,3.669584835786602,20.0,TmApp,
PLM_ESM1B_PCA64,KRR,raw,2,1,-0.018839535709854863,-0.3058613110511159,67.8749958724167,67.98501284990661,20.0,TmApp,
PLM_ESM1B_PLS2,PLS,raw,2,1,0.3850801099094334,0.4666094014498995,2.9411735483646324,3.57516143355811,20.0,TmApp,
PLM_ESM1B_PLS4,PLS,raw,2,1,0.30444689707125466,0.41001923443815713,3.457228131439191,3.9873152921527266,20.0,TmApp,
PLM_ESM1B_PLS8,PLS,raw,2,1,0.32630075849468626,0.4055420682810926,3.4738267215677743,4.089432056699355,20.0,TmApp,
PLM_ESM1B_PLS16,PLS,raw,2,1,0.4046732270476825,0.459729191502297,3.6926732544089993,4.4316530786486705,20.0,TmApp,
PLM_ESM1B_PCA8,Ridge,raw,2,2,0.2097127209078321,0.25161246486351513,3.3585747114582105,4.277646049824477,34.0,TmApp,
PLM_ESM1B_PCA8,SVR_RBF,raw,2,2,0.07873801208665135,0.14248966822794962,3.7291732029157356,4.416873252115072,34.0,TmApp,
PLM_ESM1B_PCA8,KRR,raw,2,2,-0.009650768018402792,-0.1722498468770086,70.58698254459699,70.70783645571463,34.0,TmApp,
PLM_ESM1B_PCA16,Ridge,raw,2,2,0.2120105228169756,0.3310714466715093,3.336107170447792,4.264927576723735,34.0,TmApp,
PLM_ESM1B_PCA16,SVR_RBF,raw,2,2,0.11351141431169,0.20045994802076772,3.6522285649656983,4.27353235477989,34.0,TmApp,
PLM_ESM1B_PCA16,KRR,raw,2,2,0.11213273316620388,-0.08769286365996959,70.58823529308924,70.70901431742193,34.0,TmApp,
PLM_ESM1B_PCA32,Ridge,raw,2,2,0.1645226166946762,0.1974481584233198,3.823750344217162,4.736192678180304,34.0,TmApp,
PLM_ESM1B_PCA32,SVR_RBF,raw,2,2,0.1256131710331792,0.17684226675483772,3.6903613352003037,4.4543903011361365,34.0,TmApp,
PLM_ESM1B_PCA32,KRR,raw,2,2,-0.021905711533834905,0.11491049635727929,70.588235277797,70.70901430167518,34.0,TmApp,
PLM_ESM1B_PCA64,Ridge,raw,2,2,0.1344980050818675,0.23771098232413612,3.7204578281948355,4.740931806273077,34.0,TmApp,
PLM_ESM1B_PCA64,SVR_RBF,raw,2,2,0.18290503196782434,0.23942564773980302,3.5893134078609688,4.344755077720135,34.0,TmApp,
PLM_ESM1B_PCA64,KRR,raw,2,2,-0.11213273316620388,-0.055772272144367835,70.58823220041835,70.70901127668103,34.0,TmApp,
PLM_ESM1B_PLS2,PLS,raw,2,2,0.2279419493870374,0.3018079772701312,3.492694243329014,4.4105515588233235,34.0,TmApp,
PLM_ESM1B_PLS4,PLS,raw,2,2,0.18995162448919783,0.2671425596057837,3.7430446507976165,4.761334771786537,34.0,TmApp,
PLM_ESM1B_PLS8,PLS,raw,2,2,0.1965386566287426,0.2862352110016908,3.767748411528778,4.830623939373215,34.0,TmApp,
PLM_ESM1B_PLS16,PLS,raw,2,2,0.2797190857397381,0.41062912870742496,3.667324063574235,4.771144257492756,34.0,TmApp,
PLM_ESM1B_PCA8,Ridge,raw,2,3,0.5591707989897068,0.5987685962154378,2.716504743707707,3.4048804709695646,35.0,TmApp,
PLM_ESM1B_PCA8,SVR_RBF,raw,2,3,0.4682932539140121,0.4969822452034683,3.1171177581386194,3.681253183263058,35.0,TmApp,
PLM_ESM1B_PCA8,KRR,raw,2,3,-0.42208195201307924,-0.031097388386349886,71.14269213489077,71.24568871025801,35.0,TmApp,
PLM_ESM1B_PCA16,Ridge,raw,2,3,0.5874032357133769,0.6669072508029862,2.4559395877080235,3.130210395948116,35.0,TmApp,
PLM_ESM1B_PCA16,SVR_RBF,raw,2,3,0.6799662993994399,0.6365186781728783,2.464688019225738,3.1253333793964253,35.0,TmApp,
PLM_ESM1B_PCA16,KRR,raw,2,3,-0.3552230471351339,-0.2706617272784498,71.14285710772401,71.24585197677659,35.0,TmApp,
PLM_ESM1B_PCA32,Ridge,raw,2,3,0.6676058295900718,0.680232965207499,2.417277232965283,3.084802034638972,35.0,TmApp,
PLM_ESM1B_PCA32,SVR_RBF,raw,2,3,0.6838991761569662,0.6567118559243226,2.3941110687192824,3.016048653214767,35.0,TmApp,
PLM_ESM1B_PCA32,KRR,raw,2,3,-0.3199676162015956,-0.20901352482278532,71.14285711826972,71.24585198594386,35.0,TmApp,
PLM_ESM1B_PCA64,Ridge,raw,2,3,0.7659277485282268,0.7233217863824803,2.1368974297274526,2.759626142708334,35.0,TmApp,
PLM_ESM1B_PCA64,SVR_RBF,raw,2,3,0.7190141472063072,0.6884845757250684,2.2839805509620756,2.942227466878331,35.0,TmApp,
PLM_ESM1B_PCA64,KRR,raw,2,3,-0.279655629436952,-0.09029943481765096,71.14285322049696,71.24584815998074,35.0,TmApp,
PLM_ESM1B_PLS2,PLS,raw,2,3,0.5896505938605348,0.6399698490137493,2.314499504652392,3.054887264663932,35.0,TmApp,
PLM_ESM1B_PLS4,PLS,raw,2,3,0.7129743721858204,0.7009791918914539,2.2928758640724594,2.9256103203646964,35.0,TmApp,
PLM_ESM1B_PLS8,PLS,raw,2,3,0.7409258891410959,0.7118309810057402,2.0789456374493067,2.8120631149051496,35.0,TmApp,
PLM_ESM1B_PLS16,PLS,raw,2,3,0.6362832754140595,0.645253777145107,2.4821978852881443,3.15598700587565,35.0,TmApp,
PLM_ESM1B_PCA8,Ridge,raw,2,4,0.5012498485309465,0.48994344154277314,3.633867707354631,4.85491174355347,50.0,TmApp,
PLM_ESM1B_PCA8,SVR_RBF,raw,2,4,0.24348755706757838,0.23265342340969883,3.824554773916569,5.329737202080716,50.0,TmApp,
PLM_ESM1B_PCA8,KRR,raw,2,4,-0.4643854671115164,-0.2750325318293777,69.81999994012013,70.03449145049538,50.0,TmApp,
PLM_ESM1B_PCA16,Ridge,raw,2,4,0.4742864613388992,0.4913011492996547,3.833438019009435,4.866809825784692,50.0,TmApp,
PLM_ESM1B_PCA16,SVR_RBF,raw,2,4,0.2688167995813197,0.26314927204298816,3.944866127416627,5.288453986335056,50.0,TmApp,
PLM_ESM1B_PCA16,KRR,raw,2,4,-0.3573489906824802,-0.11709608067426554,69.81999999996678,70.03449150237027,50.0,TmApp,
PLM_ESM1B_PCA32,Ridge,raw,2,4,0.5038933178635001,0.5498848646071647,4.136308939236316,5.018844341310294,50.0,TmApp,
PLM_ESM1B_PCA32,SVR_RBF,raw,2,4,0.4394887923067383,0.38817017213477084,3.8678177695693443,5.077052647082961,50.0,TmApp,
PLM_ESM1B_PCA32,KRR,raw,2,4,-0.2666058979577294,-0.19467832310455366,69.819999999881,70.03449150229184,50.0,TmApp,
PLM_ESM1B_PCA64,Ridge,raw,2,4,0.5190331876772164,0.5344117131095373,4.049096169810897,4.833687731290615,50.0,TmApp,
PLM_ESM1B_PCA64,SVR_RBF,raw,2,4,0.43987329693692795,0.43179838474468085,3.8257141168609157,4.992438462780532,50.0,TmApp,
PLM_ESM1B_PCA64,KRR,raw,2,4,-0.246131026400132,-0.13909017103769963,69.81999937375194,70.03449091723532,50.0,TmApp,
PLM_ESM1B_PLS2,PLS,raw,2,4,0.542872474748973,0.5599732185528179,4.000858464682135,4.897169222798018,50.0,TmApp,
PLM_ESM1B_PLS4,PLS,raw,2,4,0.48346650938467645,0.5350856408284299,4.0858554819929465,4.933937442400139,50.0,TmApp,
PLM_ESM1B_PLS8,PLS,raw,2,4,0.5230704862942075,0.5402883916564231,4.22319201760415,4.980561037831024,50.0,TmApp,
PLM_ESM1B_PLS16,PLS,raw,2,4,0.5135539966970143,0.529534837955014,4.314496215890846,5.117003748985867,50.0,TmApp,
PLM_ESM1B_PCA8,Ridge,raw,3,0,0.5591707989897068,0.5987685962154378,2.716504743707707,3.4048804709695646,35.0,TmApp,
PLM_ESM1B_PCA8,SVR_RBF,raw,3,0,0.4682932539140121,0.4969822452034683,3.1171177581386194,3.681253183263058,35.0,TmApp,
PLM_ESM1B_PCA8,KRR,raw,3,0,-0.42208195201307924,-0.031097388386349886,71.14269213489077,71.24568871025801,35.0,TmApp,
PLM_ESM1B_PCA16,Ridge,raw,3,0,0.5874032357133769,0.6669072508029862,2.4559395877080235,3.130210395948116,35.0,TmApp,
PLM_ESM1B_PCA16,SVR_RBF,raw,3,0,0.6799662993994399,0.6365186781728783,2.464688019225738,3.1253333793964253,35.0,TmApp,
PLM_ESM1B_PCA16,KRR,raw,3,0,-0.3552230471351339,-0.2706617272784498,71.14285710772401,71.24585197677659,35.0,TmApp,
PLM_ESM1B_PCA32,Ridge,raw,3,0,0.6676058295900718,0.680232965207499,2.417277232965283,3.084802034638972,35.0,TmApp,
PLM_ESM1B_PCA32,SVR_RBF,raw,3,0,0.6838991761569662,0.6567118559243226,2.3941110687192824,3.016048653214767,35.0,TmApp,
PLM_ESM1B_PCA32,KRR,raw,3,0,-0.3199676162015956,-0.20901352482278532,71.14285711826972,71.24585198594386,35.0,TmApp,
PLM_ESM1B_PCA64,Ridge,raw,3,0,0.7659277485282268,0.7233217863824803,2.1368974297274526,2.759626142708334,35.0,TmApp,
PLM_ESM1B_PCA64,SVR_RBF,raw,3,0,0.7190141472063072,0.6884845757250684,2.2839805509620756,2.942227466878331,35.0,TmApp,
PLM_ESM1B_PCA64,KRR,raw,3,0,-0.279655629436952,-0.09029943481765096,71.14285322049696,71.24584815998074,35.0,TmApp,
PLM_ESM1B_PLS2,PLS,raw,3,0,0.5896505938605348,0.6399698490137493,2.314499504652392,3.054887264663932,35.0,TmApp,
PLM_ESM1B_PLS4,PLS,raw,3,0,0.7129743721858204,0.7009791918914539,2.2928758640724594,2.9256103203646964,35.0,TmApp,
PLM_ESM1B_PLS8,PLS,raw,3,0,0.7409258891410959,0.7118309810057402,2.0789456374493067,2.8120631149051496,35.0,TmApp,
PLM_ESM1B_PLS16,PLS,raw,3,0,0.6362832754140595,0.645253777145107,2.4821978852881443,3.15598700587565,35.0,TmApp,
PLM_ESM1B_PCA8,Ridge,raw,3,1,0.3199884351774515,0.3504747134385533,3.2404353095847314,4.128061793362996,34.0,TmApp,
PLM_ESM1B_PCA8,SVR_RBF,raw,3,1,-0.027711917113453936,0.04204551013244543,3.856742486143048,4.58175406977785,34.0,TmApp,
PLM_ESM1B_PCA8,KRR,raw,3,1,0.07793019784943675,-0.15593355982540105,70.30782218431229,70.43618780819496,34.0,TmApp,
PLM_ESM1B_PCA16,Ridge,raw,3,1,0.2977882805838005,0.404648790571538,3.234359767631849,4.111143881090365,34.0,TmApp,
PLM_ESM1B_PCA16,SVR_RBF,raw,3,1,0.06721288183870872,0.1527143231674729,3.7468611547037245,4.3209340785752675,34.0,TmApp,
PLM_ESM1B_PCA16,KRR,raw,3,1,0.18158195412462078,0.04409395231480953,70.30882352940024,70.43713300440835,34.0,TmApp,
PLM_ESM1B_PCA32,Ridge,raw,3,1,0.1650466665652118,0.20217245475481432,3.847639353860068,4.732259029600282,34.0,TmApp,
PLM_ESM1B_PCA32,SVR_RBF,raw,3,1,0.10870420525167014,0.16832030702425793,3.6835582228587374,4.4404697697532765,34.0,TmApp,
PLM_ESM1B_PCA32,KRR,raw,3,1,0.06705977732426975,0.19241493431486692,70.30882352156844,70.43713299607266,34.0,TmApp,
PLM_ESM1B_PCA64,Ridge,raw,3,1,0.20102622745837026,0.2901183866048927,3.4595544248982217,4.388025810044883,34.0,TmApp,
PLM_ESM1B_PCA64,SVR_RBF,raw,3,1,0.1800509089802311,0.25066471868474405,3.54373050955195,4.304294103441022,34.0,TmApp,
PLM_ESM1B_PCA64,KRR,raw,3,1,-0.04179753244183936,0.1971139780601848,70.3088230431885,70.4371324977623,34.0,TmApp,
PLM_ESM1B_PLS2,PLS,raw,3,1,0.2951855038383381,0.38028137749275537,3.3299245141460054,4.226295635432689,34.0,TmApp,
PLM_ESM1B_PLS4,PLS,raw,3,1,0.18694061212998483,0.2511469376990875,3.8262153909150167,4.736082814653987,34.0,TmApp,
PLM_ESM1B_PLS8,PLS,raw,3,1,0.20577246740597838,0.29132629269100785,3.7218872625121384,4.68875484535955,34.0,TmApp,
PLM_ESM1B_PLS16,PLS,raw,3,1,0.2621149287195201,0.3919757199070578,3.5667718892430242,4.6399197333569004,34.0,TmApp,
PLM_ESM1B_PCA8,Ridge,raw,3,2,0.4363000507881537,0.45195349462609113,3.7387096484117786,4.892319098502276,50.0,TmApp,
PLM_ESM1B_PCA8,SVR_RBF,raw,3,2,0.2920042754806692,0.25562864047779915,3.8106937812441366,5.265880946277053,50.0,TmApp,
PLM_ESM1B_PCA8,KRR,raw,3,2,-0.44009730803308755,-0.26442725044276544,69.9899996743786,70.20117492480874,50.0,TmApp,
PLM_ESM1B_PCA16,Ridge,raw,3,2,0.42418728084228896,0.4358155500958246,3.935859764303698,4.955796057346411,50.0,TmApp,
PLM_ESM1B_PCA16,SVR_RBF,raw,3,2,0.254656568147586,0.2524380008014485,3.9124871831593135,5.274011229911469,50.0,TmApp,
PLM_ESM1B_PCA16,KRR,raw,3,2,-0.33016911411962413,-0.1255133014230873,69.98999999995543,70.2011752037959,50.0,TmApp,
PLM_ESM1B_PCA32,Ridge,raw,3,2,0.4762433516810651,0.5308540507161987,4.1024289652373485,4.955041388861138,50.0,TmApp,
PLM_ESM1B_PCA32,SVR_RBF,raw,3,2,0.40765238853523544,0.3672620116812325,3.8617323806818593,5.073064146451472,50.0,TmApp,
PLM_ESM1B_PCA32,KRR,raw,3,2,-0.2594632228880086,-0.23864256235172449,69.98999999989661,70.20117520374274,50.0,TmApp,
PLM_ESM1B_PCA64,Ridge,raw,3,2,0.49455670624207493,0.5161204075424007,3.9028828260915804,4.775561443493567,50.0,TmApp,
PLM_ESM1B_PCA64,SVR_RBF,raw,3,2,0.41505463683548616,0.40922375031037195,3.803076805700945,4.991208431353356,50.0,TmApp,
PLM_ESM1B_PCA64,KRR,raw,3,2,-0.24446646009789025,-0.14238762345080014,69.98999956328863,70.20117479183962,50.0,TmApp,
PLM_ESM1B_PLS2,PLS,raw,3,2,0.47917541107272277,0.5216999505851159,3.9636213371179387,4.868366980658664,50.0,TmApp,
PLM_ESM1B_PLS4,PLS,raw,3,2,0.4837417330761243,0.5272731747034783,4.093136923217818,4.906284723535368,50.0,TmApp,
PLM_ESM1B_PLS8,PLS,raw,3,2,0.5102744672432566,0.5325048837459356,4.112475316487697,4.88641404354476,50.0,TmApp,
PLM_ESM1B_PLS16,PLS,raw,3,2,0.526569026813289,0.5262399464988311,4.196464574932686,5.005936336201043,50.0,TmApp,
PLM_ESM1B_PCA8,Ridge,raw,3,3,0.3082148042132256,0.31570891144265106,3.169863815557356,3.924493990038677,20.0,TmApp,
PLM_ESM1B_PCA8,SVR_RBF,raw,3,3,0.17859879852942415,0.25225932461170253,3.18917875471118,3.9646874347632575,20.0,TmApp,
PLM_ESM1B_PCA8,KRR,raw,3,3,0.1258480985418305,-0.1804784308015189,67.87499300618089,67.98500996228147,20.0,TmApp,
PLM_ESM1B_PCA16,Ridge,raw,3,3,0.3685013184847612,0.4045072230687816,3.096875295594927,3.7497877084326587,20.0,TmApp,
PLM_ESM1B_PCA16,SVR_RBF,raw,3,3,0.2094956370935861,0.21485547105067013,3.173971242126138,4.073310628837743,20.0,TmApp,
PLM_ESM1B_PCA16,KRR,raw,3,3,-0.20874205566519194,-0.18866171886277913,67.87499999129098,67.9850167232689,20.0,TmApp,
PLM_ESM1B_PCA32,Ridge,raw,3,3,0.2961575013589185,0.3668134517577227,3.222834771831881,3.9742360760974247,20.0,TmApp,
PLM_ESM1B_PCA32,SVR_RBF,raw,3,3,0.4747562998883426,0.3723165552628708,2.864949052742771,3.7536531034995675,20.0,TmApp,
PLM_ESM1B_PCA32,KRR,raw,3,3,0.07761888712460205,-0.2788928012893732,67.874999854378,67.98501659420657,20.0,TmApp,
PLM_ESM1B_PCA64,Ridge,raw,3,3,0.3534296899168773,0.42583740656948926,3.3828666490866164,3.976395972199542,20.0,TmApp,
PLM_ESM1B_PCA64,SVR_RBF,raw,3,3,0.4672204856044006,0.42651598739802304,2.9544860136467626,3.669584835786602,20.0,TmApp,
PLM_ESM1B_PCA64,KRR,raw,3,3,-0.018839535709854863,-0.3058613110511159,67.8749958724167,67.98501284990661,20.0,TmApp,
PLM_ESM1B_PLS2,PLS,raw,3,3,0.3850801099094334,0.4666094014498995,2.9411735483646324,3.57516143355811,20.0,TmApp,
PLM_ESM1B_PLS4,PLS,raw,3,3,0.30444689707125466,0.41001923443815713,3.457228131439191,3.9873152921527266,20.0,TmApp,
PLM_ESM1B_PLS8,PLS,raw,3,3,0.32630075849468626,0.4055420682810926,3.4738267215677743,4.089432056699355,20.0,TmApp,
PLM_ESM1B_PLS16,PLS,raw,3,3,0.4046732270476825,0.459729191502297,3.6926732544089993,4.4316530786486705,20.0,TmApp,
PLM_ESM1B_PCA8,Ridge,raw,3,4,0.3409463289337882,0.47666698633036203,2.290124541042055,2.7609602738825973,23.0,TmApp,
PLM_ESM1B_PCA8,SVR_RBF,raw,3,4,0.21687561243677647,0.26787781807534544,2.5565505417796146,3.2614672300797736,23.0,TmApp,
PLM_ESM1B_PCA8,KRR,raw,3,4,-0.23474179561234615,-0.03198220075988456,68.93325275242826,68.99430681479829,23.0,TmApp,
PLM_ESM1B_PCA16,Ridge,raw,3,4,0.30025113392276837,0.3566507084228593,2.544062776093406,3.154488310034041,23.0,TmApp,
PLM_ESM1B_PCA16,SVR_RBF,raw,3,4,0.1384629196106651,0.22044150445932956,2.631693531638254,3.5158318024620234,23.0,TmApp,
PLM_ESM1B_PCA16,KRR,raw,3,4,0.10570825045545397,-0.5974684973840485,68.93478260373833,68.99582532599952,23.0,TmApp,
PLM_ESM1B_PCA32,Ridge,raw,3,4,0.3875969183366646,0.2887858478710574,2.54282082395252,3.296379320436808,23.0,TmApp,
PLM_ESM1B_PCA32,SVR_RBF,raw,3,4,0.18263209468360123,0.16060164298523372,2.809700086048777,3.631648259391087,23.0,TmApp,
PLM_ESM1B_PCA32,KRR,raw,3,4,0.3315169544800153,-0.019544860044368607,68.93478259517092,68.99582531708346,23.0,TmApp,
PLM_ESM1B_PCA64,Ridge,raw,3,4,0.46352819683283575,0.3570094820245093,2.5521068605483883,3.313871006937702,23.0,TmApp,
PLM_ESM1B_PCA64,SVR_RBF,raw,3,4,0.2580670903137844,0.22349261993337322,2.6150667808464565,3.4355833390196744,23.0,TmApp,
PLM_ESM1B_PCA64,KRR,raw,3,4,0.17518785169378057,-0.028500343063422553,68.93477883440279,68.99582157873678,23.0,TmApp,
PLM_ESM1B_PLS2,PLS,raw,3,4,0.49181632019415444,0.5078054877928841,2.1849490200161843,2.7638425377760516,23.0,TmApp,
PLM_ESM1B_PLS4,PLS,raw,3,4,0.4431805993273259,0.32341794083588526,2.640863502827073,3.4600534490904313,23.0,TmApp,
PLM_ESM1B_PLS8,PLS,raw,3,4,0.4114184959040908,0.2981592548078408,2.8932146618347288,3.7169269239130434,23.0,TmApp,
PLM_ESM1B_PLS16,PLS,raw,3,4,0.412907344502055,0.30572934684296904,3.3867046505832294,4.004443176921946,23.0,TmApp,
FUSION_ESM2_BIO,Ridge_grid,raw,0,0,0.6174616509316128,0.6992928198627272,2.5946418882092988,3.3086169460096504,35.0,TmApp,
FUSION_ESM2_BIO,ElasticNet,raw,0,0,0.4762994673132619,0.4474726542598779,3.2849463267406307,4.019839123205605,35.0,TmApp,
FUSION_ESM2_BIO,Ridge_grid,raw,0,1,0.1759035939293166,0.3147150245603434,3.638619906626932,4.405336306310746,34.0,TmApp,
FUSION_ESM2_BIO,ElasticNet,raw,0,1,-0.03276185300337141,0.06926130679185859,4.701599549642342,6.026197325490964,34.0,TmApp,
FUSION_ESM2_BIO,Ridge_grid,raw,0,2,0.2336102428022003,0.3928055602374225,2.9519434925702788,3.6098007443058537,20.0,TmApp,
FUSION_ESM2_BIO,ElasticNet,raw,0,2,0.3775442956254915,0.40933804115315703,3.588852804847319,4.758196716858556,20.0,TmApp,
FUSION_ESM2_BIO,Ridge_grid,raw,0,3,0.3302735487030261,0.2854809589816911,2.7618211151470335,3.460605022223655,23.0,TmApp,
FUSION_ESM2_BIO,ElasticNet,raw,0,3,0.16762377396524067,0.0917933414348101,4.186532187937322,4.826795588379246,23.0,TmApp,
FUSION_ESM2_BIO,Ridge_grid,raw,0,4,0.40106727154085653,0.4346979651218737,3.758899480272818,4.857279035717955,50.0,TmApp,
FUSION_ESM2_BIO,ElasticNet,raw,0,4,0.35684604792896923,0.4048487580127118,4.183300069919905,5.385206603956021,50.0,TmApp,
FUSION_ESM2_BIO,Ridge_grid,raw,1,0,0.16564637826938253,0.3161296472850603,3.6419699095776217,4.379774289253126,34.0,TmApp,
FUSION_ESM2_BIO,ElasticNet,raw,1,0,-0.060624737333341484,0.09702434786600336,4.307519275127106,5.6601992188385655,34.0,TmApp,
FUSION_ESM2_BIO,Ridge_grid,raw,1,1,0.18462744995657768,0.3683003647534458,3.253424898218694,3.9069923832567213,20.0,TmApp,
FUSION_ESM2_BIO,ElasticNet,raw,1,1,0.30444689707125466,0.3579040954864184,3.9039866513990837,5.170219057628753,20.0,TmApp,
FUSION_ESM2_BIO,Ridge_grid,raw,1,2,0.40106727154085653,0.4346979651218737,3.758899480272818,4.857279035717955,50.0,TmApp,
FUSION_ESM2_BIO,ElasticNet,raw,1,2,0.35684604792896923,0.4048487580127118,4.183300069919905,5.385206603956021,50.0,TmApp,
FUSION_ESM2_BIO,Ridge_grid,raw,1,3,0.6174616509316128,0.6992928198627272,2.5946418882092988,3.3086169460096504,35.0,TmApp,
FUSION_ESM2_BIO,ElasticNet,raw,1,3,0.4762994673132619,0.4474726542598779,3.2849463267406307,4.019839123205605,35.0,TmApp,
FUSION_ESM2_BIO,Ridge_grid,raw,1,4,0.363599343526976,0.2817332823404669,2.4066681269821024,3.231705296354372,23.0,TmApp,
FUSION_ESM2_BIO,ElasticNet,raw,1,4,0.17956137211113316,0.032066988617760236,4.0529408672469796,4.9455506347363345,23.0,TmApp,
FUSION_ESM2_BIO,Ridge_grid,raw,2,0,0.3139124117469295,0.26353639562923054,2.550946424240275,3.3171664450743403,23.0,TmApp,
FUSION_ESM2_BIO,ElasticNet,raw,2,0,0.10414155839945527,0.002130859048529504,3.8847238023326613,4.7123926037688335,23.0,TmApp,
FUSION_ESM2_BIO,Ridge_grid,raw,2,1,0.21401712566395129,0.36796840549449344,3.2389424734664645,3.9020837050110306,20.0,TmApp,
FUSION_ESM2_BIO,ElasticNet,raw,2,1,0.3104755484984082,0.354862714725331,3.971281824743668,5.195972168946927,20.0,TmApp,
FUSION_ESM2_BIO,Ridge_grid,raw,2,2,0.1439955863063274,0.20118561789367495,3.5356336347528337,4.319320779176967,34.0,TmApp,
FUSION_ESM2_BIO,ElasticNet,raw,2,2,-0.07567427620779332,-0.03862252743183921,4.833212608953563,6.141588429365651,34.0,TmApp,
FUSION_ESM2_BIO,Ridge_grid,raw,2,3,0.6174616509316128,0.6992928198627272,2.5946418882092988,3.3086169460096504,35.0,TmApp,
FUSION_ESM2_BIO,ElasticNet,raw,2,3,0.4762994673132619,0.4474726542598779,3.2849463267406307,4.019839123205605,35.0,TmApp,
FUSION_ESM2_BIO,Ridge_grid,raw,2,4,0.4768338045139054,0.4942806358830817,3.771212165582585,4.859744259494503,50.0,TmApp,
FUSION_ESM2_BIO,ElasticNet,raw,2,4,0.362876244741456,0.42034034933968933,4.419525352504153,5.494749464985589,50.0,TmApp,
FUSION_ESM2_BIO,Ridge_grid,raw,3,0,0.6174616509316128,0.6992928198627272,2.5946418882092988,3.3086169460096504,35.0,TmApp,
FUSION_ESM2_BIO,ElasticNet,raw,3,0,0.4762994673132619,0.4474726542598779,3.2849463267406307,4.019839123205605,35.0,TmApp,
FUSION_ESM2_BIO,Ridge_grid,raw,3,1,0.16183147176199342,0.23069825841657016,3.537253504331156,4.2920283033435975,34.0,TmApp,
FUSION_ESM2_BIO,ElasticNet,raw,3,1,-0.056189356799102724,-0.05487327528017055,4.645602058784856,5.95523831926585,34.0,TmApp,
FUSION_ESM2_BIO,Ridge_grid,raw,3,2,0.3231513981986072,0.3860738615926844,4.2752794362880255,5.347306729809461,50.0,TmApp,
FUSION_ESM2_BIO,ElasticNet,raw,3,2,0.370448880844365,0.4149081756455844,4.251362966088163,5.35246246021238,50.0,TmApp,
FUSION_ESM2_BIO,Ridge_grid,raw,3,3,0.21401712566395129,0.36796840549449344,3.2389424734664645,3.9020837050110306,20.0,TmApp,
FUSION_ESM2_BIO,ElasticNet,raw,3,3,0.3104755484984082,0.354862714725331,3.971281824743668,5.195972168946927,20.0,TmApp,
FUSION_ESM2_BIO,Ridge_grid,raw,3,4,0.29131804233498354,0.2543138238202638,2.5621971117040676,3.3180269267910045,23.0,TmApp,
FUSION_ESM2_BIO,ElasticNet,raw,3,4,0.13945548534264116,0.010408064733596237,4.163286034409191,4.8703759584453,23.0,TmApp,
FUSION_ESM2_SEQ,Ridge_grid,raw,0,0,0.6072080793852053,0.6915572491066396,2.575521145146833,3.3005477361084865,35.0,TmApp,
FUSION_ESM2_SEQ,ElasticNet,raw,0,0,0.5364162977497338,0.5067672940684331,2.985434483631023,3.7095116149772824,35.0,TmApp,
FUSION_ESM2_SEQ,Ridge_grid,raw,0,1,0.20682833368016246,0.33095217948276634,3.612444225439746,4.392687705057091,34.0,TmApp,
FUSION_ESM2_SEQ,ElasticNet,raw,0,1,0.024035565053875284,0.12414176383643993,4.67573016181077,5.894964545816723,34.0,TmApp,
FUSION_ESM2_SEQ,Ridge_grid,raw,0,2,0.24642112708490163,0.39750996091241914,2.954771758813485,3.601351517298381,20.0,TmApp,
FUSION_ESM2_SEQ,ElasticNet,raw,0,2,0.27581080279227527,0.38019420839707496,3.6287834164039183,4.54267433024713,20.0,TmApp,
FUSION_ESM2_SEQ,Ridge_grid,raw,0,3,0.33723714762146345,0.3289256562702123,2.7202806988375854,3.3742579415097995,23.0,TmApp,
FUSION_ESM2_SEQ,ElasticNet,raw,0,3,0.18453537133858838,0.1727702705410962,3.9676901826994726,5.064832374025442,23.0,TmApp,
FUSION_ESM2_SEQ,Ridge_grid,raw,0,4,0.4227933509675665,0.4418635175239733,3.7614087837131094,4.84362832756093,50.0,TmApp,
FUSION_ESM2_SEQ,ElasticNet,raw,0,4,0.372371542740534,0.4310987476141377,4.074261825138584,5.155799328096326,50.0,TmApp,
FUSION_ESM2_SEQ,Ridge_grid,raw,1,0,0.21065565295625727,0.33080320414479875,3.6191473438373643,4.370548763673854,34.0,TmApp,
FUSION_ESM2_SEQ,ElasticNet,raw,1,0,0.06414587106734869,0.14495064668032312,4.568896946720506,5.729672128006452,34.0,TmApp,
FUSION_ESM2_SEQ,Ridge_grid,raw,1,1,0.19367042709730803,0.37810929635153845,3.249328472846139,3.8881516981911495,20.0,TmApp,
FUSION_ESM2_SEQ,ElasticNet,raw,1,1,0.19367042709730803,0.31322880381580753,4.109770539237497,5.015753391120606,20.0,TmApp,
FUSION_ESM2_SEQ,Ridge_grid,raw,1,2,0.4227933509675665,0.4418635175239733,3.7614087837131094,4.84362832756093,50.0,TmApp,
FUSION_ESM2_SEQ,ElasticNet,raw,1,2,0.372371542740534,0.4310987476141377,4.074261825138584,5.155799328096326,50.0,TmApp,
FUSION_ESM2_SEQ,Ridge_grid,raw,1,3,0.6072080793852053,0.6915572491066396,2.575521145146833,3.3005477361084865,35.0,TmApp,
FUSION_ESM2_SEQ,ElasticNet,raw,1,3,0.5364162977497338,0.5067672940684331,2.985434483631023,3.7095116149772824,35.0,TmApp,
FUSION_ESM2_SEQ,Ridge_grid,raw,1,4,0.32629434932106194,0.2884019699250864,2.492434210845363,3.244387179636421,23.0,TmApp,
FUSION_ESM2_SEQ,ElasticNet,raw,1,4,0.14275377782796458,0.05352145417430344,4.37477754878337,5.295428714362369,23.0,TmApp,
FUSION_ESM2_SEQ,Ridge_grid,raw,2,0,0.303498255906984,0.2761538473993674,2.6513125402047675,3.3108036039094673,23.0,TmApp,
FUSION_ESM2_SEQ,ElasticNet,raw,2,0,0.18150385892476492,0.04401198156930645,4.13544473314441,5.080880167095289,23.0,TmApp,
FUSION_ESM2_SEQ,Ridge_grid,raw,2,1,0.1695558213886938,0.3773958623168973,3.2348769565768487,3.8835668236400496,20.0,TmApp,
FUSION_ESM2_SEQ,ElasticNet,raw,2,1,0.22456726566147003,0.31763794248403626,3.9976559063793182,4.997344652574586,20.0,TmApp,
FUSION_ESM2_SEQ,Ridge_grid,raw,2,2,0.16957778089479192,0.2104213089236475,3.5220890818985073,4.31922228082341,34.0,TmApp,
FUSION_ESM2_SEQ,ElasticNet,raw,2,2,0.049172960855671376,0.06286816072085631,4.773024305532616,5.937353302197098,34.0,TmApp,
FUSION_ESM2_SEQ,Ridge_grid,raw,2,3,0.6072080793852053,0.6915572491066396,2.575521145146833,3.3005477361084865,35.0,TmApp,
FUSION_ESM2_SEQ,ElasticNet,raw,2,3,0.5364162977497338,0.5067672940684331,2.985434483631023,3.7095116149772824,35.0,TmApp,
FUSION_ESM2_SEQ,Ridge_grid,raw,2,4,0.492742683588001,0.4966281866586153,3.798601191795043,4.860881668195037,50.0,TmApp,
FUSION_ESM2_SEQ,ElasticNet,raw,2,4,0.43713370144682684,0.4770798398402699,4.209378278975712,5.17454110887327,50.0,TmApp,
FUSION_ESM2_SEQ,Ridge_grid,raw,3,0,0.6072080793852053,0.6915572491066396,2.575521145146833,3.3005477361084865,35.0,TmApp,
FUSION_ESM2_SEQ,ElasticNet,raw,3,0,0.5364162977497338,0.5067672940684331,2.985434483631023,3.7095116149772824,35.0,TmApp,
FUSION_ESM2_SEQ,Ridge_grid,raw,3,1,0.19015580693320325,0.24644220102197298,3.510238206680644,4.282706997821704,34.0,TmApp,
FUSION_ESM2_SEQ,ElasticNet,raw,3,1,0.012707674698434675,0.03179971574025528,4.609042709870436,5.848135102070425,34.0,TmApp,
FUSION_ESM2_SEQ,Ridge_grid,raw,3,2,0.4282248708242439,0.4469996047098353,3.8088947182319237,4.9098650622550695,50.0,TmApp,
FUSION_ESM2_SEQ,ElasticNet,raw,3,2,0.3414647527596171,0.40127834618735503,4.181120842338649,5.256918365805498,50.0,TmApp,
FUSION_ESM2_SEQ,Ridge_grid,raw,3,3,0.1695558213886938,0.3773958623168973,3.2348769565768487,3.8835668236400496,20.0,TmApp,
FUSION_ESM2_SEQ,ElasticNet,raw,3,3,0.22456726566147003,0.31763794248403626,3.9976559063793182,4.997344652574586,20.0,TmApp,
FUSION_ESM2_SEQ,Ridge_grid,raw,3,4,0.2655113333036051,0.2625899564039077,2.6158399397121657,3.3076425574807553,23.0,TmApp,
FUSION_ESM2_SEQ,ElasticNet,raw,3,4,0.16327706291006744,0.028683835503361753,4.05675148432691,5.083149946884904,23.0,TmApp,
FUSION_ESM2_ESMFN,Ridge_grid,raw,0,0,0.62027084861556,0.6842204512522317,2.5961947134520402,3.3143991241341966,35.0,TmApp,
FUSION_ESM2_ESMFN,ElasticNet,raw,0,0,0.44834795035798636,0.42419104409983255,3.2106408101935378,4.042020142490433,35.0,TmApp,
FUSION_ESM2_ESMFN,Ridge_grid,raw,0,1,0.1921314276599585,0.32319545911764536,3.61035814166207,4.396535392692018,34.0,TmApp,
FUSION_ESM2_ESMFN,ElasticNet,raw,0,1,0.0750154578114579,0.1917179537893984,4.068945928658546,5.480220093124756,34.0,TmApp,
FUSION_ESM2_ESMFN,Ridge_grid,raw,0,2,0.24943545279847842,0.40145037875616285,2.9142927067842295,3.5772636304409624,20.0,TmApp,
FUSION_ESM2_ESMFN,ElasticNet,raw,0,2,0.3436331313477528,0.32876322941238006,3.786166633380545,4.932603576097554,20.0,TmApp,
FUSION_ESM2_ESMFN,Ridge_grid,raw,0,3,0.3367397476987179,0.26829217735252686,2.677057018237362,3.4553141027005303,23.0,TmApp,
FUSION_ESM2_ESMFN,ElasticNet,raw,0,3,-0.051232192042788685,-0.21683191497662432,4.210518465433311,5.460458811385775,23.0,TmApp,
FUSION_ESM2_ESMFN,Ridge_grid,raw,0,4,0.32728512127537057,0.4044369231384408,4.069511067856203,5.280585523288415,50.0,TmApp,
FUSION_ESM2_ESMFN,ElasticNet,raw,0,4,0.35987424041543536,0.42906090760704124,4.003932481883616,5.274212800533223,50.0,TmApp,
FUSION_ESM2_ESMFN,Ridge_grid,raw,1,0,0.18539534573403166,0.32537505086755647,3.6121316625745794,4.373751899418083,34.0,TmApp,
FUSION_ESM2_ESMFN,ElasticNet,raw,1,0,0.10150050720203384,0.21118992871734577,3.988640781148022,5.338743031033967,34.0,TmApp,
FUSION_ESM2_ESMFN,Ridge_grid,raw,1,1,0.1507162856788389,0.3770786713043324,3.2108283827150617,3.8706228051473928,20.0,TmApp,
FUSION_ESM2_ESMFN,ElasticNet,raw,1,1,0.24039247565774807,0.24071503786778667,4.254506693106505,5.501009211963766,20.0,TmApp,
FUSION_ESM2_ESMFN,Ridge_grid,raw,1,2,0.32728512127537057,0.4044369231384408,4.069511067856203,5.280585523288415,50.0,TmApp,
FUSION_ESM2_ESMFN,ElasticNet,raw,1,2,0.35987424041543536,0.42906090760704124,4.003932481883616,5.274212800533223,50.0,TmApp,
FUSION_ESM2_ESMFN,Ridge_grid,raw,1,3,0.62027084861556,0.6842204512522317,2.5961947134520402,3.3143991241341966,35.0,TmApp,
FUSION_ESM2_ESMFN,ElasticNet,raw,1,3,0.44834795035798636,0.42419104409983255,3.2106408101935378,4.042020142490433,35.0,TmApp,
FUSION_ESM2_ESMFN,Ridge_grid,raw,1,4,0.37006554252266777,0.2558543237259064,2.3364653428474553,3.2288625720129764,23.0,TmApp,
FUSION_ESM2_ESMFN,ElasticNet,raw,1,4,0.0014921997682365636,-0.17917209054972288,3.9561666765209087,5.24107207391354,23.0,TmApp,
FUSION_ESM2_ESMFN,Ridge_grid,raw,2,0,0.3039941680898385,0.24399346007810047,2.4783283437261816,3.3099708861331387,23.0,TmApp,
FUSION_ESM2_ESMFN,ElasticNet,raw,2,0,-0.0004959121828545489,-0.21656319117247771,3.956743481441857,5.296344138315532,23.0,TmApp,
FUSION_ESM2_ESMFN,Ridge_grid,raw,2,1,0.17030940281708798,0.3766282557734414,3.196424401398783,3.8660614419473873,20.0,TmApp,
FUSION_ESM2_ESMFN,ElasticNet,raw,2,1,0.22758159137504677,0.24159533231613198,4.371835976421497,5.5774266380674336,20.0,TmApp,
FUSION_ESM2_ESMFN,Ridge_grid,raw,2,2,0.1364894334031252,0.21307525758194423,3.5147318465073947,4.315567862700094,34.0,TmApp,
FUSION_ESM2_ESMFN,ElasticNet,raw,2,2,-0.03860307207361117,0.11552050302636055,4.285274493150922,5.637785435594912,34.0,TmApp,
FUSION_ESM2_ESMFN,Ridge_grid,raw,2,3,0.62027084861556,0.6842204512522317,2.5961947134520402,3.3143991241341966,35.0,TmApp,
FUSION_ESM2_ESMFN,ElasticNet,raw,2,3,0.44834795035798636,0.42419104409983255,3.2106408101935378,4.042020142490433,35.0,TmApp,
FUSION_ESM2_ESMFN,Ridge_grid,raw,2,4,0.470585604273324,0.4919179348666097,3.823702792266009,4.899984291883383,50.0,TmApp,
FUSION_ESM2_ESMFN,ElasticNet,raw,2,4,0.38532170252877523,0.4628790175949173,4.164126000942475,5.3106690459722445,50.0,TmApp,
FUSION_ESM2_ESMFN,Ridge_grid,raw,3,0,0.62027084861556,0.6842204512522317,2.5961947134520402,3.3143991241341966,35.0,TmApp,
FUSION_ESM2_ESMFN,ElasticNet,raw,3,0,0.44834795035798636,0.42419104409983255,3.2106408101935378,4.042020142490433,35.0,TmApp,
FUSION_ESM2_ESMFN,Ridge_grid,raw,3,1,0.1688742794261861,0.2411764760490678,3.5103668968302957,4.28509845782891,34.0,TmApp,
FUSION_ESM2_ESMFN,ElasticNet,raw,3,1,0.02082221396370019,0.08461534369168308,4.126464781650625,5.480381768153071,34.0,TmApp,
FUSION_ESM2_ESMFN,Ridge_grid,raw,3,2,0.40462419604876926,0.4370385310832349,3.8133012692139605,4.950576193695105,50.0,TmApp,
FUSION_ESM2_ESMFN,ElasticNet,raw,3,2,0.3476172708273579,0.42199213428737253,4.135051946027732,5.293908246975568,50.0,TmApp,
FUSION_ESM2_ESMFN,Ridge_grid,raw,3,3,0.17030940281708798,0.3766282557734414,3.196424401398783,3.8660614419473873,20.0,TmApp,
FUSION_ESM2_ESMFN,ElasticNet,raw,3,3,0.22758159137504677,0.24159533231613198,4.371835976421497,5.5774266380674336,20.0,TmApp,
FUSION_ESM2_ESMFN,Ridge_grid,raw,3,4,0.29082175946899547,0.23034620922240026,2.4727914109110034,3.3123759829073545,23.0,TmApp,
FUSION_ESM2_ESMFN,ElasticNet,raw,3,4,0.0,-0.2323687735881973,4.006466052578041,5.322186940735904,23.0,TmApp,
FUSION_ESM2_BIO_ESMFN,Ridge_grid,raw,0,0,0.6354405161088754,0.6876813883171767,2.5858534558632655,3.303866660540989,35.0,TmApp,
FUSION_ESM2_BIO_ESMFN,ElasticNet,raw,0,0,0.4736307295135119,0.4512466059892367,3.1997359712405213,3.953093280054732,35.0,TmApp,
FUSION_ESM2_BIO_ESMFN,Ridge_grid,raw,0,1,0.19090668549160816,0.32363509952936687,3.6113049355231728,4.397044293132375,34.0,TmApp,
FUSION_ESM2_BIO_ESMFN,ElasticNet,raw,0,1,0.06567679877778661,0.17439597357280112,4.095292805133279,5.4830159231238085,34.0,TmApp,
FUSION_ESM2_BIO_ESMFN,Ridge_grid,raw,0,2,0.2562176856540262,0.4034274647148074,2.9081195093806604,3.5739968476751987,20.0,TmApp,
FUSION_ESM2_BIO_ESMFN,ElasticNet,raw,0,2,0.31198271135519656,0.34456815486969655,3.7475071530888386,4.841347555975692,20.0,TmApp,
FUSION_ESM2_BIO_ESMFN,Ridge_grid,raw,0,3,0.3367397476987179,0.2711975728674628,2.6700869432347707,3.4461968739964903,23.0,TmApp,
FUSION_ESM2_BIO_ESMFN,ElasticNet,raw,0,3,-0.0009947998454910424,-0.18023562263129034,4.134530504163298,5.35825503413297,23.0,TmApp,
FUSION_ESM2_BIO_ESMFN,Ridge_grid,raw,0,4,0.34266641644472273,0.3929692165043266,4.233683276075197,5.562262948636236,50.0,TmApp,
FUSION_ESM2_BIO_ESMFN,ElasticNet,raw,0,4,0.3713621452450453,0.4320831672228464,4.012705216741642,5.273205044785712,50.0,TmApp,
FUSION_ESM2_BIO_ESMFN,Ridge_grid,raw,1,0,0.18539534573403166,0.32704300605262404,3.6105966167644343,4.37056456157865,34.0,TmApp,
FUSION_ESM2_BIO_ESMFN,ElasticNet,raw,1,0,0.07333143732997618,0.1946303948487804,3.9893635359635238,5.340368192204198,34.0,TmApp,
FUSION_ESM2_BIO_ESMFN,Ridge_grid,raw,1,1,0.15975926281956926,0.37923418868480235,3.2046301859990693,3.867770764329881,20.0,TmApp,
FUSION_ESM2_BIO_ESMFN,ElasticNet,raw,1,1,0.23059591708862356,0.2537161850360998,4.060783778639275,5.340100318298714,20.0,TmApp,
FUSION_ESM2_BIO_ESMFN,Ridge_grid,raw,1,2,0.34266641644472273,0.3929692165043266,4.233683276075197,5.562262948636236,50.0,TmApp,
FUSION_ESM2_BIO_ESMFN,ElasticNet,raw,1,2,0.3713621452450453,0.4320831672228464,4.012705216741642,5.273205044785712,50.0,TmApp,
FUSION_ESM2_BIO_ESMFN,Ridge_grid,raw,1,3,0.6354405161088754,0.6876813883171767,2.5858534558632655,3.303866660540989,35.0,TmApp,
FUSION_ESM2_BIO_ESMFN,ElasticNet,raw,1,3,0.4736307295135119,0.4512466059892367,3.1997359712405213,3.953093280054732,35.0,TmApp,
FUSION_ESM2_BIO_ESMFN,Ridge_grid,raw,1,4,0.3621071437587395,0.25788282937437407,2.329649988489274,3.221231728851461,23.0,TmApp,
FUSION_ESM2_BIO_ESMFN,ElasticNet,raw,1,4,0.10047478439459527,-0.13653606476411606,3.868040276012274,5.139548419005865,23.0,TmApp,
FUSION_ESM2_BIO_ESMFN,Ridge_grid,raw,2,0,0.3039941680898385,0.24587815661880574,2.467075697948059,3.3022690016876113,23.0,TmApp,
FUSION_ESM2_BIO_ESMFN,ElasticNet,raw,2,0,0.0728990908796187,-0.1810592418473389,3.8918909344628325,5.156691885340533,23.0,TmApp,
FUSION_ESM2_BIO_ESMFN,Ridge_grid,raw,2,1,0.17709163567263575,0.3787951039171785,3.1898147468747085,3.8630222502518317,20.0,TmApp,
FUSION_ESM2_BIO_ESMFN,ElasticNet,raw,2,1,0.22230652137628742,0.25575671621800583,4.166158103652881,5.3916576221741215,20.0,TmApp,
FUSION_ESM2_BIO_ESMFN,Ridge_grid,raw,2,2,0.13832767493044001,0.21486775135024871,3.51316176246023,4.3138845155492245,34.0,TmApp,
FUSION_ESM2_BIO_ESMFN,ElasticNet,raw,2,2,-0.04947933444355718,0.09026150755811166,4.48037323068241,5.817531330816978,34.0,TmApp,
FUSION_ESM2_BIO_ESMFN,Ridge_grid,raw,2,3,0.6354405161088754,0.6876813883171767,2.5858534558632655,3.303866660540989,35.0,TmApp,
FUSION_ESM2_BIO_ESMFN,ElasticNet,raw,2,3,0.4736307295135119,0.4512466059892367,3.1997359712405213,3.953093280054732,35.0,TmApp,
FUSION_ESM2_BIO_ESMFN,Ridge_grid,raw,2,4,0.47707411990777393,0.4932226824926372,3.826981111590843,4.901159631851123,50.0,TmApp,
FUSION_ESM2_BIO_ESMFN,ElasticNet,raw,2,4,0.37767967300375654,0.45038336641620547,4.214017561199808,5.344922488444464,50.0,TmApp,
FUSION_ESM2_BIO_ESMFN,Ridge_grid,raw,3,0,0.6354405161088754,0.6876813883171767,2.5858534558632655,3.303866660540989,35.0,TmApp,
FUSION_ESM2_BIO_ESMFN,ElasticNet,raw,3,0,0.4736307295135119,0.4512466059892367,3.1997359712405213,3.953093280054732,35.0,TmApp,
FUSION_ESM2_BIO_ESMFN,Ridge_grid,raw,3,1,0.16749633879623538,0.24327854540701738,3.5089754962550916,4.282567440822499,34.0,TmApp,
FUSION_ESM2_BIO_ESMFN,ElasticNet,raw,3,1,-0.0078083302363875715,0.06417718660635005,4.1729048712828956,5.492261224174799,34.0,TmApp,
FUSION_ESM2_BIO_ESMFN,Ridge_grid,raw,3,2,0.3157972164457607,0.37614427038752896,4.302842568995824,5.538211415141885,50.0,TmApp,
FUSION_ESM2_BIO_ESMFN,ElasticNet,raw,3,2,0.3368503642088114,0.4170270675229781,4.159788165904939,5.313897440694891,50.0,TmApp,
FUSION_ESM2_BIO_ESMFN,Ridge_grid,raw,3,3,0.17709163567263575,0.3787951039171785,3.1898147468747085,3.8630222502518317,20.0,TmApp,
FUSION_ESM2_BIO_ESMFN,ElasticNet,raw,3,3,0.22230652137628742,0.25575671621800583,4.166158103652881,5.3916576221741215,20.0,TmApp,
FUSION_ESM2_BIO_ESMFN,Ridge_grid,raw,3,4,0.286355213675103,0.23241286054320132,2.4705079946270634,3.3051655110116873,23.0,TmApp,
FUSION_ESM2_BIO_ESMFN,ElasticNet,raw,3,4,0.04268032647497203,-0.19809643251606113,3.9579726046384787,5.209086667034364,23.0,TmApp,
FUSION_ESM2_IMGT,Ridge_grid,raw,0,0,0.707355976817926,0.6931245193074355,2.2603710885532307,2.875136646280019,35.0,TmApp,
FUSION_ESM2_IMGT,ElasticNet,raw,0,0,0.5364162977497338,0.5077039673753703,2.836213599538943,3.5485816909827963,35.0,TmApp,
FUSION_ESM2_IMGT,Ridge_grid,raw,0,1,0.21065565295625727,0.3600758250527565,3.5896737856481025,4.378370271793924,34.0,TmApp,
FUSION_ESM2_IMGT,ElasticNet,raw,0,1,0.2578082264377451,0.33833557889503074,3.5798032888796674,4.581120093035513,34.0,TmApp,
FUSION_ESM2_IMGT,Ridge_grid,raw,0,2,0.255464104225632,0.3978030148187048,2.932775181092263,3.5790405201791984,20.0,TmApp,
FUSION_ESM2_IMGT,ElasticNet,raw,0,2,0.15146986710723312,0.19968578240701892,3.76854281198172,4.428205133941635,20.0,TmApp,
FUSION_ESM2_IMGT,Ridge_grid,raw,0,3,0.2422337623770688,0.19314442267466198,3.2369538190472897,3.8924148513553427,23.0,TmApp,
FUSION_ESM2_IMGT,ElasticNet,raw,0,3,0.12783178014559896,0.05903532606239765,3.5626028233253497,4.393142315253975,23.0,TmApp,
FUSION_ESM2_IMGT,Ridge_grid,raw,0,4,0.40515292807021575,0.43815475827904693,3.825206060817595,4.925768938209327,50.0,TmApp,
FUSION_ESM2_IMGT,ElasticNet,raw,0,4,0.3910694296807777,0.4267160380555693,3.803504387912783,4.864436267180743,50.0,TmApp,
FUSION_ESM2_IMGT,Ridge_grid,raw,1,0,0.21249276620878277,0.3655607590344303,3.5853800085588112,4.338883768039959,34.0,TmApp,
FUSION_ESM2_IMGT,ElasticNet,raw,1,0,0.26592214330306607,0.3320897382051817,3.514597475517353,4.524566365254727,34.0,TmApp,
FUSION_ESM2_IMGT,Ridge_grid,raw,1,1,0.16880223996029958,0.3686956862110905,3.236924030481796,3.879235883189586,20.0,TmApp,
FUSION_ESM2_IMGT,ElasticNet,raw,1,1,0.2094956370935861,0.24922096871451044,3.8762553343778805,4.47661984532289,20.0,TmApp,
FUSION_ESM2_IMGT,Ridge_grid,raw,1,2,0.40515292807021575,0.43815475827904693,3.825206060817595,4.925768938209327,50.0,TmApp,
FUSION_ESM2_IMGT,ElasticNet,raw,1,2,0.3910694296807777,0.4267160380555693,3.803504387912783,4.864436267180743,50.0,TmApp,
FUSION_ESM2_IMGT,Ridge_grid,raw,1,3,0.707355976817926,0.6931245193074355,2.2603710885532307,2.875136646280019,35.0,TmApp,
FUSION_ESM2_IMGT,ElasticNet,raw,1,3,0.5364162977497338,0.5077039673753703,2.836213599538943,3.5485816909827963,35.0,TmApp,
FUSION_ESM2_IMGT,Ridge_grid,raw,1,4,0.22333256531273904,0.13356112763803824,3.0742219902816617,3.821953624401399,23.0,TmApp,
FUSION_ESM2_IMGT,ElasticNet,raw,1,4,0.19348856994800778,0.037116021561339786,3.43779799362093,4.3206688891326674,23.0,TmApp,
FUSION_ESM2_IMGT,Ridge_grid,raw,2,0,0.35209764982672975,0.2942248573415841,2.397307186915218,3.0757863605822395,23.0,TmApp,
FUSION_ESM2_IMGT,ElasticNet,raw,2,0,0.18795071730187404,0.018907977334831075,3.1854305894686403,4.26993127670076,23.0,TmApp,
FUSION_ESM2_IMGT,Ridge_grid,raw,2,1,0.18764177567015447,0.36981566692892553,3.251366870115627,3.8844401885153457,20.0,TmApp,
FUSION_ESM2_IMGT,ElasticNet,raw,2,1,0.1718165656738764,0.21104990213291452,4.2008617540785025,4.751777134603027,20.0,TmApp,
FUSION_ESM2_IMGT,Ridge_grid,raw,2,2,0.1816795376162811,0.25215040964153373,3.4803173685355064,4.273992020814772,34.0,TmApp,
FUSION_ESM2_IMGT,ElasticNet,raw,2,2,0.36856742622662086,0.37316636505440676,3.454760458089828,4.416607439976658,34.0,TmApp,
FUSION_ESM2_IMGT,Ridge_grid,raw,2,3,0.707355976817926,0.6931245193074355,2.2603710885532307,2.875136646280019,35.0,TmApp,
FUSION_ESM2_IMGT,ElasticNet,raw,2,3,0.5364162977497338,0.5077039673753703,2.836213599538943,3.5485816909827963,35.0,TmApp,
FUSION_ESM2_IMGT,Ridge_grid,raw,2,4,0.4547247882780021,0.503511955870777,3.827204550797491,4.855878488860807,50.0,TmApp,
FUSION_ESM2_IMGT,ElasticNet,raw,2,4,0.464769971741706,0.5072679547741389,3.8584774581674988,4.8357791389740505,50.0,TmApp,
FUSION_ESM2_IMGT,Ridge_grid,raw,3,0,0.707355976817926,0.6931245193074355,2.2603710885532307,2.875136646280019,35.0,TmApp,
FUSION_ESM2_IMGT,ElasticNet,raw,3,0,0.5364162977497338,0.5077039673753703,2.836213599538943,3.5485816909827963,35.0,TmApp,
FUSION_ESM2_IMGT,Ridge_grid,raw,3,1,0.1690273839406251,0.2739032076561342,3.483076902100025,4.2559761515409935,34.0,TmApp,
FUSION_ESM2_IMGT,ElasticNet,raw,3,1,0.24680447727562288,0.2700136337922165,3.553288701399172,4.489095023391903,34.0,TmApp,
FUSION_ESM2_IMGT,Ridge_grid,raw,3,2,0.41789056313233547,0.4527845417814815,3.8501008096690494,4.935207996381411,50.0,TmApp,
FUSION_ESM2_IMGT,ElasticNet,raw,3,2,0.37688979819653123,0.4348946344959708,3.8317947745070695,4.937846729384222,50.0,TmApp,
FUSION_ESM2_IMGT,Ridge_grid,raw,3,3,0.18764177567015447,0.36981566692892553,3.251366870115627,3.8844401885153457,20.0,TmApp,
FUSION_ESM2_IMGT,ElasticNet,raw,3,3,0.1718165656738764,0.21104990213291452,4.2008617540785025,4.751777134603027,20.0,TmApp,
FUSION_ESM2_IMGT,Ridge_grid,raw,3,4,0.3354872174079197,0.28275367864982803,2.426530788357641,3.085521379255853,23.0,TmApp,
FUSION_ESM2_IMGT,ElasticNet,raw,3,4,0.1602993657141391,0.011791745961449367,3.2588982594364153,4.301989005576221,23.0,TmApp,
RESID_BIO_SHORTCUT__PLM_ESM2,Ridge_stack,raw,-1,-1,0.39072080779674406,,,,20.0,TmApp,
RESID_SEQ_SIMPLE__ESMFN_STRUCTURE,Ridge_stack,raw,-1,-1,0.2768003711751107,,,,20.0,TmApp,
RESID_PLM_ESM2__ESMFN_STRUCTURE,Ridge_stack,raw,-1,-1,0.2408862524843495,,,,20.0,TmApp,
ENSEMBLE_RANKMEAN,rank_mean,raw,-1,-1,0.44407836988585114,,,,162.0,TmApp,"SEQ_SIMPLE,SEQ_CDR,BIO_SHORTCUT,PLM_ABLANG2,PLM_ESM1B,PLM_ESM2,PLM_ESM2_CDR6,ABB_STRUCTURE,ESMFN_STRUCTURE,IMGT_POS_HL,IMGT_POS_H,IMGT_POS_L,GERMLINE_REL,NGRAM_HL_2,NGRAM_HL_3,FUSION_ESM2_BIO,FUSION_ESM2_SEQ,FUSION_ESM2_ESMFN,FUSION_ESM2_BIO_ESMFN,FUSION_ESM2_IMGT"
ENSEMBLE_NNLS,nonneg_ridge,raw,-1,-1,0.4461473104446746,,,,20.0,TmApp,"SEQ_SIMPLE,SEQ_CDR,BIO_SHORTCUT,PLM_ABLANG2,PLM_ESM1B,PLM_ESM2,PLM_ESM2_CDR6,ABB_STRUCTURE,ESMFN_STRUCTURE,IMGT_POS_HL,IMGT_POS_H,IMGT_POS_L,GERMLINE_REL,NGRAM_HL_2,NGRAM_HL_3,FUSION_ESM2_BIO,FUSION_ESM2_SEQ,FUSION_ESM2_ESMFN,FUSION_ESM2_BIO_ESMFN,FUSION_ESM2_IMGT"
