OK (exists): ablingua600m/heavy_embeddings.npy
OK (exists): ablingua600m/light_embeddings.npy
OK (exists): esm2/heavy_embeddings.npy
OK (exists): esm2/light_embeddings.npy
OK (exists): ablang2/heavy_embeddings.npy
OK (exists): ablang2/light_embeddings.npy
OK (exists): ablang1/heavy_embeddings.npy
OK (exists): ablang1/light_embeddings.npy
OK (exists): esm1b/heavy_embeddings.npy
OK (exists): esm1b/light_embeddings.npy
OK (exists): esmc600m/heavy_embeddings.npy
OK (exists): esmc600m/light_embeddings.npy
OK (exists): currab/heavy_embeddings.npy
OK (exists): currab/light_embeddings.npy
OK (exists): ablang2_unpaired/heavy_embeddings.npy
OK (exists): ablang2_unpaired/light_embeddings.npy
OK (exists): currab_unpaired/heavy_embeddings.npy
OK (exists): currab_unpaired/light_embeddings.npy
Done. Residue embeddings are ready under residue_level/.
==== TRAIN EXP-T161 scratch/D/FULL ====
/workspace_developability_acquisition/developability_drilldown/models/antibody_transformer/model.py:347: UserWarning: enable_nested_tensor is True, but self.use_nested_tensor is False because encoder_layer.norm_first was True
  self.encoder = nn.TransformerEncoder(_make_encoder_layer(), num_layers=n_layers)
=== EXP-T161 primary fold=0 lr0=1e-05 ===
=== EXP-T161 primary fold=0 lr0=1e-04 ===
/workspace_developability_acquisition/developability_drilldown/models/antibody_transformer/model.py:347: UserWarning: enable_nested_tensor is True, but self.use_nested_tensor is False because encoder_layer.norm_first was True
  self.encoder = nn.TransformerEncoder(_make_encoder_layer(), num_layers=n_layers)
=== EXP-T161 primary fold=0 lr0=1e-03 ===
=== EXP-T161 primary fold=0 lr0=1e-02 ===
/workspace_developability_acquisition/developability_drilldown/models/antibody_transformer/model.py:347: UserWarning: enable_nested_tensor is True, but self.use_nested_tensor is False because encoder_layer.norm_first was True
  self.encoder = nn.TransformerEncoder(_make_encoder_layer(), num_layers=n_layers)
=== EXP-T161 primary fold=1 lr0=1e-05 ===
=== EXP-T161 primary fold=1 lr0=1e-04 ===
=== EXP-T161 primary fold=1 lr0=1e-03 ===
=== EXP-T161 primary fold=1 lr0=1e-02 ===
/workspace_developability_acquisition/developability_drilldown/models/antibody_transformer/model.py:347: UserWarning: enable_nested_tensor is True, but self.use_nested_tensor is False because encoder_layer.norm_first was True
  self.encoder = nn.TransformerEncoder(_make_encoder_layer(), num_layers=n_layers)
=== EXP-T161 primary fold=2 lr0=1e-05 ===
=== EXP-T161 primary fold=2 lr0=1e-04 ===
=== EXP-T161 primary fold=2 lr0=1e-03 ===
=== EXP-T161 primary fold=2 lr0=1e-02 ===
/workspace_developability_acquisition/developability_drilldown/models/antibody_transformer/model.py:347: UserWarning: enable_nested_tensor is True, but self.use_nested_tensor is False because encoder_layer.norm_first was True
  self.encoder = nn.TransformerEncoder(_make_encoder_layer(), num_layers=n_layers)
=== EXP-T161 primary fold=3 lr0=1e-05 ===
=== EXP-T161 primary fold=3 lr0=1e-04 ===
=== EXP-T161 primary fold=3 lr0=1e-03 ===
=== EXP-T161 primary fold=3 lr0=1e-02 ===
/workspace_developability_acquisition/developability_drilldown/models/antibody_transformer/model.py:347: UserWarning: enable_nested_tensor is True, but self.use_nested_tensor is False because encoder_layer.norm_first was True
  self.encoder = nn.TransformerEncoder(_make_encoder_layer(), num_layers=n_layers)
=== EXP-T161 primary fold=4 lr0=1e-05 ===
=== EXP-T161 primary fold=4 lr0=1e-04 ===
=== EXP-T161 primary fold=4 lr0=1e-03 ===
=== EXP-T161 primary fold=4 lr0=1e-02 ===
/workspace_developability_acquisition/developability_drilldown/models/antibody_transformer/model.py:347: UserWarning: enable_nested_tensor is True, but self.use_nested_tensor is False because encoder_layer.norm_first was True
  self.encoder = nn.TransformerEncoder(_make_encoder_layer(), num_layers=n_layers)
=== EXP-T161 shadow fold=0 lr0=1e-05 ===
=== EXP-T161 shadow fold=0 lr0=1e-04 ===
=== EXP-T161 shadow fold=0 lr0=1e-03 ===
=== EXP-T161 shadow fold=0 lr0=1e-02 ===
/workspace_developability_acquisition/developability_drilldown/models/antibody_transformer/model.py:347: UserWarning: enable_nested_tensor is True, but self.use_nested_tensor is False because encoder_layer.norm_first was True
  self.encoder = nn.TransformerEncoder(_make_encoder_layer(), num_layers=n_layers)
=== EXP-T161 shadow fold=1 lr0=1e-05 ===
=== EXP-T161 shadow fold=1 lr0=1e-04 ===
=== EXP-T161 shadow fold=1 lr0=1e-03 ===
=== EXP-T161 shadow fold=1 lr0=1e-02 ===
/workspace_developability_acquisition/developability_drilldown/models/antibody_transformer/model.py:347: UserWarning: enable_nested_tensor is True, but self.use_nested_tensor is False because encoder_layer.norm_first was True
  self.encoder = nn.TransformerEncoder(_make_encoder_layer(), num_layers=n_layers)
=== EXP-T161 shadow fold=2 lr0=1e-05 ===
=== EXP-T161 shadow fold=2 lr0=1e-04 ===
=== EXP-T161 shadow fold=2 lr0=1e-03 ===
=== EXP-T161 shadow fold=2 lr0=1e-02 ===
/workspace_developability_acquisition/developability_drilldown/models/antibody_transformer/model.py:347: UserWarning: enable_nested_tensor is True, but self.use_nested_tensor is False because encoder_layer.norm_first was True
  self.encoder = nn.TransformerEncoder(_make_encoder_layer(), num_layers=n_layers)
=== EXP-T161 shadow fold=3 lr0=1e-05 ===
=== EXP-T161 shadow fold=3 lr0=1e-04 ===
=== EXP-T161 shadow fold=3 lr0=1e-03 ===
=== EXP-T161 shadow fold=3 lr0=1e-02 ===
/workspace_developability_acquisition/developability_drilldown/models/antibody_transformer/model.py:347: UserWarning: enable_nested_tensor is True, but self.use_nested_tensor is False because encoder_layer.norm_first was True
  self.encoder = nn.TransformerEncoder(_make_encoder_layer(), num_layers=n_layers)
=== EXP-T161 shadow fold=4 lr0=1e-05 ===
=== EXP-T161 shadow fold=4 lr0=1e-04 ===
=== EXP-T161 shadow fold=4 lr0=1e-03 ===
=== EXP-T161 shadow fold=4 lr0=1e-02 ===
/workspace_developability_acquisition/developability_drilldown/models/antibody_transformer/model.py:347: UserWarning: enable_nested_tensor is True, but self.use_nested_tensor is False because encoder_layer.norm_first was True
  self.encoder = nn.TransformerEncoder(_make_encoder_layer(), num_layers=n_layers)
DONE EXP-T161 mean=3.439951
==== TRAIN EXP-T162 scratch/A/BASE ====
/workspace_developability_acquisition/developability_drilldown/models/antibody_transformer/model.py:347: UserWarning: enable_nested_tensor is True, but self.use_nested_tensor is False because encoder_layer.norm_first was True
  self.encoder = nn.TransformerEncoder(_make_encoder_layer(), num_layers=n_layers)
=== EXP-T162 primary fold=0 lr0=1e-05 ===
=== EXP-T162 primary fold=0 lr0=1e-04 ===
=== EXP-T162 primary fold=0 lr0=1e-03 ===
=== EXP-T162 primary fold=0 lr0=1e-02 ===
/workspace_developability_acquisition/developability_drilldown/models/antibody_transformer/model.py:347: UserWarning: enable_nested_tensor is True, but self.use_nested_tensor is False because encoder_layer.norm_first was True
  self.encoder = nn.TransformerEncoder(_make_encoder_layer(), num_layers=n_layers)
=== EXP-T162 primary fold=1 lr0=1e-05 ===
=== EXP-T162 primary fold=1 lr0=1e-04 ===
=== EXP-T162 primary fold=1 lr0=1e-03 ===
=== EXP-T162 primary fold=1 lr0=1e-02 ===
/workspace_developability_acquisition/developability_drilldown/models/antibody_transformer/model.py:347: UserWarning: enable_nested_tensor is True, but self.use_nested_tensor is False because encoder_layer.norm_first was True
  self.encoder = nn.TransformerEncoder(_make_encoder_layer(), num_layers=n_layers)
=== EXP-T162 primary fold=2 lr0=1e-05 ===
=== EXP-T162 primary fold=2 lr0=1e-04 ===
=== EXP-T162 primary fold=2 lr0=1e-03 ===
=== EXP-T162 primary fold=2 lr0=1e-02 ===
/workspace_developability_acquisition/developability_drilldown/models/antibody_transformer/model.py:347: UserWarning: enable_nested_tensor is True, but self.use_nested_tensor is False because encoder_layer.norm_first was True
  self.encoder = nn.TransformerEncoder(_make_encoder_layer(), num_layers=n_layers)
=== EXP-T162 primary fold=3 lr0=1e-05 ===
=== EXP-T162 primary fold=3 lr0=1e-04 ===
=== EXP-T162 primary fold=3 lr0=1e-03 ===
=== EXP-T162 primary fold=3 lr0=1e-02 ===
/workspace_developability_acquisition/developability_drilldown/models/antibody_transformer/model.py:347: UserWarning: enable_nested_tensor is True, but self.use_nested_tensor is False because encoder_layer.norm_first was True
  self.encoder = nn.TransformerEncoder(_make_encoder_layer(), num_layers=n_layers)
=== EXP-T162 primary fold=4 lr0=1e-05 ===
=== EXP-T162 primary fold=4 lr0=1e-04 ===
=== EXP-T162 primary fold=4 lr0=1e-03 ===
=== EXP-T162 primary fold=4 lr0=1e-02 ===
/workspace_developability_acquisition/developability_drilldown/models/antibody_transformer/model.py:347: UserWarning: enable_nested_tensor is True, but self.use_nested_tensor is False because encoder_layer.norm_first was True
  self.encoder = nn.TransformerEncoder(_make_encoder_layer(), num_layers=n_layers)
=== EXP-T162 shadow fold=0 lr0=1e-05 ===
=== EXP-T162 shadow fold=0 lr0=1e-04 ===
=== EXP-T162 shadow fold=0 lr0=1e-03 ===
=== EXP-T162 shadow fold=0 lr0=1e-02 ===
/workspace_developability_acquisition/developability_drilldown/models/antibody_transformer/model.py:347: UserWarning: enable_nested_tensor is True, but self.use_nested_tensor is False because encoder_layer.norm_first was True
  self.encoder = nn.TransformerEncoder(_make_encoder_layer(), num_layers=n_layers)
=== EXP-T162 shadow fold=1 lr0=1e-05 ===
=== EXP-T162 shadow fold=1 lr0=1e-04 ===
=== EXP-T162 shadow fold=1 lr0=1e-03 ===
=== EXP-T162 shadow fold=1 lr0=1e-02 ===
/workspace_developability_acquisition/developability_drilldown/models/antibody_transformer/model.py:347: UserWarning: enable_nested_tensor is True, but self.use_nested_tensor is False because encoder_layer.norm_first was True
  self.encoder = nn.TransformerEncoder(_make_encoder_layer(), num_layers=n_layers)
=== EXP-T162 shadow fold=2 lr0=1e-05 ===
=== EXP-T162 shadow fold=2 lr0=1e-04 ===
=== EXP-T162 shadow fold=2 lr0=1e-03 ===
=== EXP-T162 shadow fold=2 lr0=1e-02 ===
/workspace_developability_acquisition/developability_drilldown/models/antibody_transformer/model.py:347: UserWarning: enable_nested_tensor is True, but self.use_nested_tensor is False because encoder_layer.norm_first was True
  self.encoder = nn.TransformerEncoder(_make_encoder_layer(), num_layers=n_layers)
=== EXP-T162 shadow fold=3 lr0=1e-05 ===
=== EXP-T162 shadow fold=3 lr0=1e-04 ===
=== EXP-T162 shadow fold=3 lr0=1e-03 ===
=== EXP-T162 shadow fold=3 lr0=1e-02 ===
/workspace_developability_acquisition/developability_drilldown/models/antibody_transformer/model.py:347: UserWarning: enable_nested_tensor is True, but self.use_nested_tensor is False because encoder_layer.norm_first was True
  self.encoder = nn.TransformerEncoder(_make_encoder_layer(), num_layers=n_layers)
=== EXP-T162 shadow fold=4 lr0=1e-05 ===
=== EXP-T162 shadow fold=4 lr0=1e-04 ===
=== EXP-T162 shadow fold=4 lr0=1e-03 ===
=== EXP-T162 shadow fold=4 lr0=1e-02 ===
/workspace_developability_acquisition/developability_drilldown/models/antibody_transformer/model.py:347: UserWarning: enable_nested_tensor is True, but self.use_nested_tensor is False because encoder_layer.norm_first was True
  self.encoder = nn.TransformerEncoder(_make_encoder_layer(), num_layers=n_layers)
DONE EXP-T162 mean=3.395632
==== TRAIN EXP-T163 scratch/B1/BASE ====
/workspace_developability_acquisition/developability_drilldown/models/antibody_transformer/model.py:347: UserWarning: enable_nested_tensor is True, but self.use_nested_tensor is False because encoder_layer.norm_first was True
  self.encoder = nn.TransformerEncoder(_make_encoder_layer(), num_layers=n_layers)
=== EXP-T163 primary fold=0 lr0=1e-05 ===
=== EXP-T163 primary fold=0 lr0=1e-04 ===
=== EXP-T163 primary fold=0 lr0=1e-03 ===
=== EXP-T163 primary fold=0 lr0=1e-02 ===
/workspace_developability_acquisition/developability_drilldown/models/antibody_transformer/model.py:347: UserWarning: enable_nested_tensor is True, but self.use_nested_tensor is False because encoder_layer.norm_first was True
  self.encoder = nn.TransformerEncoder(_make_encoder_layer(), num_layers=n_layers)
=== EXP-T163 primary fold=1 lr0=1e-05 ===
=== EXP-T163 primary fold=1 lr0=1e-04 ===
=== EXP-T163 primary fold=1 lr0=1e-03 ===
=== EXP-T163 primary fold=1 lr0=1e-02 ===
/workspace_developability_acquisition/developability_drilldown/models/antibody_transformer/model.py:347: UserWarning: enable_nested_tensor is True, but self.use_nested_tensor is False because encoder_layer.norm_first was True
  self.encoder = nn.TransformerEncoder(_make_encoder_layer(), num_layers=n_layers)
=== EXP-T163 primary fold=2 lr0=1e-05 ===
=== EXP-T163 primary fold=2 lr0=1e-04 ===
=== EXP-T163 primary fold=2 lr0=1e-03 ===
=== EXP-T163 primary fold=2 lr0=1e-02 ===
/workspace_developability_acquisition/developability_drilldown/models/antibody_transformer/model.py:347: UserWarning: enable_nested_tensor is True, but self.use_nested_tensor is False because encoder_layer.norm_first was True
  self.encoder = nn.TransformerEncoder(_make_encoder_layer(), num_layers=n_layers)
=== EXP-T163 primary fold=3 lr0=1e-05 ===
=== EXP-T163 primary fold=3 lr0=1e-04 ===
=== EXP-T163 primary fold=3 lr0=1e-03 ===
=== EXP-T163 primary fold=3 lr0=1e-02 ===
/workspace_developability_acquisition/developability_drilldown/models/antibody_transformer/model.py:347: UserWarning: enable_nested_tensor is True, but self.use_nested_tensor is False because encoder_layer.norm_first was True
  self.encoder = nn.TransformerEncoder(_make_encoder_layer(), num_layers=n_layers)
=== EXP-T163 primary fold=4 lr0=1e-05 ===
=== EXP-T163 primary fold=4 lr0=1e-04 ===
=== EXP-T163 primary fold=4 lr0=1e-03 ===
=== EXP-T163 primary fold=4 lr0=1e-02 ===
/workspace_developability_acquisition/developability_drilldown/models/antibody_transformer/model.py:347: UserWarning: enable_nested_tensor is True, but self.use_nested_tensor is False because encoder_layer.norm_first was True
  self.encoder = nn.TransformerEncoder(_make_encoder_layer(), num_layers=n_layers)
=== EXP-T163 shadow fold=0 lr0=1e-05 ===
=== EXP-T163 shadow fold=0 lr0=1e-04 ===
=== EXP-T163 shadow fold=0 lr0=1e-03 ===
=== EXP-T163 shadow fold=0 lr0=1e-02 ===
/workspace_developability_acquisition/developability_drilldown/models/antibody_transformer/model.py:347: UserWarning: enable_nested_tensor is True, but self.use_nested_tensor is False because encoder_layer.norm_first was True
  self.encoder = nn.TransformerEncoder(_make_encoder_layer(), num_layers=n_layers)
=== EXP-T163 shadow fold=1 lr0=1e-05 ===
=== EXP-T163 shadow fold=1 lr0=1e-04 ===
=== EXP-T163 shadow fold=1 lr0=1e-03 ===
=== EXP-T163 shadow fold=1 lr0=1e-02 ===
/workspace_developability_acquisition/developability_drilldown/models/antibody_transformer/model.py:347: UserWarning: enable_nested_tensor is True, but self.use_nested_tensor is False because encoder_layer.norm_first was True
  self.encoder = nn.TransformerEncoder(_make_encoder_layer(), num_layers=n_layers)
=== EXP-T163 shadow fold=2 lr0=1e-05 ===
=== EXP-T163 shadow fold=2 lr0=1e-04 ===
=== EXP-T163 shadow fold=2 lr0=1e-03 ===
=== EXP-T163 shadow fold=2 lr0=1e-02 ===
/workspace_developability_acquisition/developability_drilldown/models/antibody_transformer/model.py:347: UserWarning: enable_nested_tensor is True, but self.use_nested_tensor is False because encoder_layer.norm_first was True
  self.encoder = nn.TransformerEncoder(_make_encoder_layer(), num_layers=n_layers)
=== EXP-T163 shadow fold=3 lr0=1e-05 ===
=== EXP-T163 shadow fold=3 lr0=1e-04 ===
=== EXP-T163 shadow fold=3 lr0=1e-03 ===
=== EXP-T163 shadow fold=3 lr0=1e-02 ===
/workspace_developability_acquisition/developability_drilldown/models/antibody_transformer/model.py:347: UserWarning: enable_nested_tensor is True, but self.use_nested_tensor is False because encoder_layer.norm_first was True
  self.encoder = nn.TransformerEncoder(_make_encoder_layer(), num_layers=n_layers)
=== EXP-T163 shadow fold=4 lr0=1e-05 ===
=== EXP-T163 shadow fold=4 lr0=1e-04 ===
=== EXP-T163 shadow fold=4 lr0=1e-03 ===
=== EXP-T163 shadow fold=4 lr0=1e-02 ===
/workspace_developability_acquisition/developability_drilldown/models/antibody_transformer/model.py:347: UserWarning: enable_nested_tensor is True, but self.use_nested_tensor is False because encoder_layer.norm_first was True
  self.encoder = nn.TransformerEncoder(_make_encoder_layer(), num_layers=n_layers)
DONE EXP-T163 mean=3.368600
==== TRAIN EXP-T164 scratch/B2/BASE ====
/workspace_developability_acquisition/developability_drilldown/models/antibody_transformer/model.py:347: UserWarning: enable_nested_tensor is True, but self.use_nested_tensor is False because encoder_layer.norm_first was True
  self.encoder = nn.TransformerEncoder(_make_encoder_layer(), num_layers=n_layers)
=== EXP-T164 primary fold=0 lr0=1e-05 ===
=== EXP-T164 primary fold=0 lr0=1e-04 ===
=== EXP-T164 primary fold=0 lr0=1e-03 ===
=== EXP-T164 primary fold=0 lr0=1e-02 ===
/workspace_developability_acquisition/developability_drilldown/models/antibody_transformer/model.py:347: UserWarning: enable_nested_tensor is True, but self.use_nested_tensor is False because encoder_layer.norm_first was True
  self.encoder = nn.TransformerEncoder(_make_encoder_layer(), num_layers=n_layers)
=== EXP-T164 primary fold=1 lr0=1e-05 ===
=== EXP-T164 primary fold=1 lr0=1e-04 ===
=== EXP-T164 primary fold=1 lr0=1e-03 ===
=== EXP-T164 primary fold=1 lr0=1e-02 ===
/workspace_developability_acquisition/developability_drilldown/models/antibody_transformer/model.py:347: UserWarning: enable_nested_tensor is True, but self.use_nested_tensor is False because encoder_layer.norm_first was True
  self.encoder = nn.TransformerEncoder(_make_encoder_layer(), num_layers=n_layers)
=== EXP-T164 primary fold=2 lr0=1e-05 ===
=== EXP-T164 primary fold=2 lr0=1e-04 ===
=== EXP-T164 primary fold=2 lr0=1e-03 ===
=== EXP-T164 primary fold=2 lr0=1e-02 ===
/workspace_developability_acquisition/developability_drilldown/models/antibody_transformer/model.py:347: UserWarning: enable_nested_tensor is True, but self.use_nested_tensor is False because encoder_layer.norm_first was True
  self.encoder = nn.TransformerEncoder(_make_encoder_layer(), num_layers=n_layers)
=== EXP-T164 primary fold=3 lr0=1e-05 ===
=== EXP-T164 primary fold=3 lr0=1e-04 ===
=== EXP-T164 primary fold=3 lr0=1e-03 ===
=== EXP-T164 primary fold=3 lr0=1e-02 ===
/workspace_developability_acquisition/developability_drilldown/models/antibody_transformer/model.py:347: UserWarning: enable_nested_tensor is True, but self.use_nested_tensor is False because encoder_layer.norm_first was True
  self.encoder = nn.TransformerEncoder(_make_encoder_layer(), num_layers=n_layers)
=== EXP-T164 primary fold=4 lr0=1e-05 ===
=== EXP-T164 primary fold=4 lr0=1e-04 ===
=== EXP-T164 primary fold=4 lr0=1e-03 ===
=== EXP-T164 primary fold=4 lr0=1e-02 ===
/workspace_developability_acquisition/developability_drilldown/models/antibody_transformer/model.py:347: UserWarning: enable_nested_tensor is True, but self.use_nested_tensor is False because encoder_layer.norm_first was True
  self.encoder = nn.TransformerEncoder(_make_encoder_layer(), num_layers=n_layers)
=== EXP-T164 shadow fold=0 lr0=1e-05 ===
=== EXP-T164 shadow fold=0 lr0=1e-04 ===
=== EXP-T164 shadow fold=0 lr0=1e-03 ===
=== EXP-T164 shadow fold=0 lr0=1e-02 ===
/workspace_developability_acquisition/developability_drilldown/models/antibody_transformer/model.py:347: UserWarning: enable_nested_tensor is True, but self.use_nested_tensor is False because encoder_layer.norm_first was True
  self.encoder = nn.TransformerEncoder(_make_encoder_layer(), num_layers=n_layers)
=== EXP-T164 shadow fold=1 lr0=1e-05 ===
=== EXP-T164 shadow fold=1 lr0=1e-04 ===
=== EXP-T164 shadow fold=1 lr0=1e-03 ===
=== EXP-T164 shadow fold=1 lr0=1e-02 ===
/workspace_developability_acquisition/developability_drilldown/models/antibody_transformer/model.py:347: UserWarning: enable_nested_tensor is True, but self.use_nested_tensor is False because encoder_layer.norm_first was True
  self.encoder = nn.TransformerEncoder(_make_encoder_layer(), num_layers=n_layers)
=== EXP-T164 shadow fold=2 lr0=1e-05 ===
=== EXP-T164 shadow fold=2 lr0=1e-04 ===
=== EXP-T164 shadow fold=2 lr0=1e-03 ===
=== EXP-T164 shadow fold=2 lr0=1e-02 ===
/workspace_developability_acquisition/developability_drilldown/models/antibody_transformer/model.py:347: UserWarning: enable_nested_tensor is True, but self.use_nested_tensor is False because encoder_layer.norm_first was True
  self.encoder = nn.TransformerEncoder(_make_encoder_layer(), num_layers=n_layers)
=== EXP-T164 shadow fold=3 lr0=1e-05 ===
=== EXP-T164 shadow fold=3 lr0=1e-04 ===
=== EXP-T164 shadow fold=3 lr0=1e-03 ===
=== EXP-T164 shadow fold=3 lr0=1e-02 ===
/workspace_developability_acquisition/developability_drilldown/models/antibody_transformer/model.py:347: UserWarning: enable_nested_tensor is True, but self.use_nested_tensor is False because encoder_layer.norm_first was True
  self.encoder = nn.TransformerEncoder(_make_encoder_layer(), num_layers=n_layers)
=== EXP-T164 shadow fold=4 lr0=1e-05 ===
=== EXP-T164 shadow fold=4 lr0=1e-04 ===
=== EXP-T164 shadow fold=4 lr0=1e-03 ===
=== EXP-T164 shadow fold=4 lr0=1e-02 ===
/workspace_developability_acquisition/developability_drilldown/models/antibody_transformer/model.py:347: UserWarning: enable_nested_tensor is True, but self.use_nested_tensor is False because encoder_layer.norm_first was True
  self.encoder = nn.TransformerEncoder(_make_encoder_layer(), num_layers=n_layers)
DONE EXP-T164 mean=3.392948
==== TRAIN EXP-T165 scratch/C/BASE ====
/workspace_developability_acquisition/developability_drilldown/models/antibody_transformer/model.py:347: UserWarning: enable_nested_tensor is True, but self.use_nested_tensor is False because encoder_layer.norm_first was True
  self.encoder = nn.TransformerEncoder(_make_encoder_layer(), num_layers=n_layers)
=== EXP-T165 primary fold=0 lr0=1e-05 ===
=== EXP-T165 primary fold=0 lr0=1e-04 ===
=== EXP-T165 primary fold=0 lr0=1e-03 ===
=== EXP-T165 primary fold=0 lr0=1e-02 ===
/workspace_developability_acquisition/developability_drilldown/models/antibody_transformer/model.py:347: UserWarning: enable_nested_tensor is True, but self.use_nested_tensor is False because encoder_layer.norm_first was True
  self.encoder = nn.TransformerEncoder(_make_encoder_layer(), num_layers=n_layers)
=== EXP-T165 primary fold=1 lr0=1e-05 ===
=== EXP-T165 primary fold=1 lr0=1e-04 ===
=== EXP-T165 primary fold=1 lr0=1e-03 ===
=== EXP-T165 primary fold=1 lr0=1e-02 ===
/workspace_developability_acquisition/developability_drilldown/models/antibody_transformer/model.py:347: UserWarning: enable_nested_tensor is True, but self.use_nested_tensor is False because encoder_layer.norm_first was True
  self.encoder = nn.TransformerEncoder(_make_encoder_layer(), num_layers=n_layers)
=== EXP-T165 primary fold=2 lr0=1e-05 ===
=== EXP-T165 primary fold=2 lr0=1e-04 ===
=== EXP-T165 primary fold=2 lr0=1e-03 ===
=== EXP-T165 primary fold=2 lr0=1e-02 ===
/workspace_developability_acquisition/developability_drilldown/models/antibody_transformer/model.py:347: UserWarning: enable_nested_tensor is True, but self.use_nested_tensor is False because encoder_layer.norm_first was True
  self.encoder = nn.TransformerEncoder(_make_encoder_layer(), num_layers=n_layers)
=== EXP-T165 primary fold=3 lr0=1e-05 ===
=== EXP-T165 primary fold=3 lr0=1e-04 ===
=== EXP-T165 primary fold=3 lr0=1e-03 ===
=== EXP-T165 primary fold=3 lr0=1e-02 ===
/workspace_developability_acquisition/developability_drilldown/models/antibody_transformer/model.py:347: UserWarning: enable_nested_tensor is True, but self.use_nested_tensor is False because encoder_layer.norm_first was True
  self.encoder = nn.TransformerEncoder(_make_encoder_layer(), num_layers=n_layers)
=== EXP-T165 primary fold=4 lr0=1e-05 ===
=== EXP-T165 primary fold=4 lr0=1e-04 ===
=== EXP-T165 primary fold=4 lr0=1e-03 ===
=== EXP-T165 primary fold=4 lr0=1e-02 ===
/workspace_developability_acquisition/developability_drilldown/models/antibody_transformer/model.py:347: UserWarning: enable_nested_tensor is True, but self.use_nested_tensor is False because encoder_layer.norm_first was True
  self.encoder = nn.TransformerEncoder(_make_encoder_layer(), num_layers=n_layers)
=== EXP-T165 shadow fold=0 lr0=1e-05 ===
=== EXP-T165 shadow fold=0 lr0=1e-04 ===
=== EXP-T165 shadow fold=0 lr0=1e-03 ===
=== EXP-T165 shadow fold=0 lr0=1e-02 ===
/workspace_developability_acquisition/developability_drilldown/models/antibody_transformer/model.py:347: UserWarning: enable_nested_tensor is True, but self.use_nested_tensor is False because encoder_layer.norm_first was True
  self.encoder = nn.TransformerEncoder(_make_encoder_layer(), num_layers=n_layers)
=== EXP-T165 shadow fold=1 lr0=1e-05 ===
=== EXP-T165 shadow fold=1 lr0=1e-04 ===
=== EXP-T165 shadow fold=1 lr0=1e-03 ===
=== EXP-T165 shadow fold=1 lr0=1e-02 ===
/workspace_developability_acquisition/developability_drilldown/models/antibody_transformer/model.py:347: UserWarning: enable_nested_tensor is True, but self.use_nested_tensor is False because encoder_layer.norm_first was True
  self.encoder = nn.TransformerEncoder(_make_encoder_layer(), num_layers=n_layers)
=== EXP-T165 shadow fold=2 lr0=1e-05 ===
=== EXP-T165 shadow fold=2 lr0=1e-04 ===
=== EXP-T165 shadow fold=2 lr0=1e-03 ===
=== EXP-T165 shadow fold=2 lr0=1e-02 ===
/workspace_developability_acquisition/developability_drilldown/models/antibody_transformer/model.py:347: UserWarning: enable_nested_tensor is True, but self.use_nested_tensor is False because encoder_layer.norm_first was True
  self.encoder = nn.TransformerEncoder(_make_encoder_layer(), num_layers=n_layers)
=== EXP-T165 shadow fold=3 lr0=1e-05 ===
=== EXP-T165 shadow fold=3 lr0=1e-04 ===
=== EXP-T165 shadow fold=3 lr0=1e-03 ===
=== EXP-T165 shadow fold=3 lr0=1e-02 ===
/workspace_developability_acquisition/developability_drilldown/models/antibody_transformer/model.py:347: UserWarning: enable_nested_tensor is True, but self.use_nested_tensor is False because encoder_layer.norm_first was True
  self.encoder = nn.TransformerEncoder(_make_encoder_layer(), num_layers=n_layers)
=== EXP-T165 shadow fold=4 lr0=1e-05 ===
=== EXP-T165 shadow fold=4 lr0=1e-04 ===
=== EXP-T165 shadow fold=4 lr0=1e-03 ===
=== EXP-T165 shadow fold=4 lr0=1e-02 ===
/workspace_developability_acquisition/developability_drilldown/models/antibody_transformer/model.py:347: UserWarning: enable_nested_tensor is True, but self.use_nested_tensor is False because encoder_layer.norm_first was True
  self.encoder = nn.TransformerEncoder(_make_encoder_layer(), num_layers=n_layers)
DONE EXP-T165 mean=3.302530
==== TRAIN EXP-T166 scratch/D/BASE ====
/workspace_developability_acquisition/developability_drilldown/models/antibody_transformer/model.py:347: UserWarning: enable_nested_tensor is True, but self.use_nested_tensor is False because encoder_layer.norm_first was True
  self.encoder = nn.TransformerEncoder(_make_encoder_layer(), num_layers=n_layers)
=== EXP-T166 primary fold=0 lr0=1e-05 ===
=== EXP-T166 primary fold=0 lr0=1e-04 ===
=== EXP-T166 primary fold=0 lr0=1e-03 ===
=== EXP-T166 primary fold=0 lr0=1e-02 ===
/workspace_developability_acquisition/developability_drilldown/models/antibody_transformer/model.py:347: UserWarning: enable_nested_tensor is True, but self.use_nested_tensor is False because encoder_layer.norm_first was True
  self.encoder = nn.TransformerEncoder(_make_encoder_layer(), num_layers=n_layers)
=== EXP-T166 primary fold=1 lr0=1e-05 ===
=== EXP-T166 primary fold=1 lr0=1e-04 ===
=== EXP-T166 primary fold=1 lr0=1e-03 ===
=== EXP-T166 primary fold=1 lr0=1e-02 ===
/workspace_developability_acquisition/developability_drilldown/models/antibody_transformer/model.py:347: UserWarning: enable_nested_tensor is True, but self.use_nested_tensor is False because encoder_layer.norm_first was True
  self.encoder = nn.TransformerEncoder(_make_encoder_layer(), num_layers=n_layers)
=== EXP-T166 primary fold=2 lr0=1e-05 ===
=== EXP-T166 primary fold=2 lr0=1e-04 ===
=== EXP-T166 primary fold=2 lr0=1e-03 ===
=== EXP-T166 primary fold=2 lr0=1e-02 ===
/workspace_developability_acquisition/developability_drilldown/models/antibody_transformer/model.py:347: UserWarning: enable_nested_tensor is True, but self.use_nested_tensor is False because encoder_layer.norm_first was True
  self.encoder = nn.TransformerEncoder(_make_encoder_layer(), num_layers=n_layers)
=== EXP-T166 primary fold=3 lr0=1e-05 ===
=== EXP-T166 primary fold=3 lr0=1e-04 ===
=== EXP-T166 primary fold=3 lr0=1e-03 ===
=== EXP-T166 primary fold=3 lr0=1e-02 ===
/workspace_developability_acquisition/developability_drilldown/models/antibody_transformer/model.py:347: UserWarning: enable_nested_tensor is True, but self.use_nested_tensor is False because encoder_layer.norm_first was True
  self.encoder = nn.TransformerEncoder(_make_encoder_layer(), num_layers=n_layers)
=== EXP-T166 primary fold=4 lr0=1e-05 ===
=== EXP-T166 primary fold=4 lr0=1e-04 ===
=== EXP-T166 primary fold=4 lr0=1e-03 ===
=== EXP-T166 primary fold=4 lr0=1e-02 ===
/workspace_developability_acquisition/developability_drilldown/models/antibody_transformer/model.py:347: UserWarning: enable_nested_tensor is True, but self.use_nested_tensor is False because encoder_layer.norm_first was True
  self.encoder = nn.TransformerEncoder(_make_encoder_layer(), num_layers=n_layers)
=== EXP-T166 shadow fold=0 lr0=1e-05 ===
=== EXP-T166 shadow fold=0 lr0=1e-04 ===
=== EXP-T166 shadow fold=0 lr0=1e-03 ===
=== EXP-T166 shadow fold=0 lr0=1e-02 ===
/workspace_developability_acquisition/developability_drilldown/models/antibody_transformer/model.py:347: UserWarning: enable_nested_tensor is True, but self.use_nested_tensor is False because encoder_layer.norm_first was True
  self.encoder = nn.TransformerEncoder(_make_encoder_layer(), num_layers=n_layers)
=== EXP-T166 shadow fold=1 lr0=1e-05 ===
=== EXP-T166 shadow fold=1 lr0=1e-04 ===
=== EXP-T166 shadow fold=1 lr0=1e-03 ===
=== EXP-T166 shadow fold=1 lr0=1e-02 ===
/workspace_developability_acquisition/developability_drilldown/models/antibody_transformer/model.py:347: UserWarning: enable_nested_tensor is True, but self.use_nested_tensor is False because encoder_layer.norm_first was True
  self.encoder = nn.TransformerEncoder(_make_encoder_layer(), num_layers=n_layers)
=== EXP-T166 shadow fold=2 lr0=1e-05 ===
=== EXP-T166 shadow fold=2 lr0=1e-04 ===
=== EXP-T166 shadow fold=2 lr0=1e-03 ===
=== EXP-T166 shadow fold=2 lr0=1e-02 ===
/workspace_developability_acquisition/developability_drilldown/models/antibody_transformer/model.py:347: UserWarning: enable_nested_tensor is True, but self.use_nested_tensor is False because encoder_layer.norm_first was True
  self.encoder = nn.TransformerEncoder(_make_encoder_layer(), num_layers=n_layers)
=== EXP-T166 shadow fold=3 lr0=1e-05 ===
=== EXP-T166 shadow fold=3 lr0=1e-04 ===
=== EXP-T166 shadow fold=3 lr0=1e-03 ===
=== EXP-T166 shadow fold=3 lr0=1e-02 ===
/workspace_developability_acquisition/developability_drilldown/models/antibody_transformer/model.py:347: UserWarning: enable_nested_tensor is True, but self.use_nested_tensor is False because encoder_layer.norm_first was True
  self.encoder = nn.TransformerEncoder(_make_encoder_layer(), num_layers=n_layers)
=== EXP-T166 shadow fold=4 lr0=1e-05 ===
=== EXP-T166 shadow fold=4 lr0=1e-04 ===
=== EXP-T166 shadow fold=4 lr0=1e-03 ===
=== EXP-T166 shadow fold=4 lr0=1e-02 ===
/workspace_developability_acquisition/developability_drilldown/models/antibody_transformer/model.py:347: UserWarning: enable_nested_tensor is True, but self.use_nested_tensor is False because encoder_layer.norm_first was True
  self.encoder = nn.TransformerEncoder(_make_encoder_layer(), num_layers=n_layers)
DONE EXP-T166 mean=3.352733
==== TRAIN EXP-T167 scratch/A/IMGT ====
/workspace_developability_acquisition/developability_drilldown/models/antibody_transformer/model.py:347: UserWarning: enable_nested_tensor is True, but self.use_nested_tensor is False because encoder_layer.norm_first was True
  self.encoder = nn.TransformerEncoder(_make_encoder_layer(), num_layers=n_layers)
=== EXP-T167 primary fold=0 lr0=1e-05 ===
=== EXP-T167 primary fold=0 lr0=1e-04 ===
=== EXP-T167 primary fold=0 lr0=1e-03 ===
=== EXP-T167 primary fold=0 lr0=1e-02 ===
/workspace_developability_acquisition/developability_drilldown/models/antibody_transformer/model.py:347: UserWarning: enable_nested_tensor is True, but self.use_nested_tensor is False because encoder_layer.norm_first was True
  self.encoder = nn.TransformerEncoder(_make_encoder_layer(), num_layers=n_layers)
=== EXP-T167 primary fold=1 lr0=1e-05 ===
=== EXP-T167 primary fold=1 lr0=1e-04 ===
=== EXP-T167 primary fold=1 lr0=1e-03 ===
=== EXP-T167 primary fold=1 lr0=1e-02 ===
/workspace_developability_acquisition/developability_drilldown/models/antibody_transformer/model.py:347: UserWarning: enable_nested_tensor is True, but self.use_nested_tensor is False because encoder_layer.norm_first was True
  self.encoder = nn.TransformerEncoder(_make_encoder_layer(), num_layers=n_layers)
=== EXP-T167 primary fold=2 lr0=1e-05 ===
=== EXP-T167 primary fold=2 lr0=1e-04 ===
=== EXP-T167 primary fold=2 lr0=1e-03 ===
=== EXP-T167 primary fold=2 lr0=1e-02 ===
/workspace_developability_acquisition/developability_drilldown/models/antibody_transformer/model.py:347: UserWarning: enable_nested_tensor is True, but self.use_nested_tensor is False because encoder_layer.norm_first was True
  self.encoder = nn.TransformerEncoder(_make_encoder_layer(), num_layers=n_layers)
=== EXP-T167 primary fold=3 lr0=1e-05 ===
=== EXP-T167 primary fold=3 lr0=1e-04 ===
=== EXP-T167 primary fold=3 lr0=1e-03 ===
=== EXP-T167 primary fold=3 lr0=1e-02 ===
/workspace_developability_acquisition/developability_drilldown/models/antibody_transformer/model.py:347: UserWarning: enable_nested_tensor is True, but self.use_nested_tensor is False because encoder_layer.norm_first was True
  self.encoder = nn.TransformerEncoder(_make_encoder_layer(), num_layers=n_layers)
=== EXP-T167 primary fold=4 lr0=1e-05 ===
=== EXP-T167 primary fold=4 lr0=1e-04 ===
=== EXP-T167 primary fold=4 lr0=1e-03 ===
=== EXP-T167 primary fold=4 lr0=1e-02 ===
/workspace_developability_acquisition/developability_drilldown/models/antibody_transformer/model.py:347: UserWarning: enable_nested_tensor is True, but self.use_nested_tensor is False because encoder_layer.norm_first was True
  self.encoder = nn.TransformerEncoder(_make_encoder_layer(), num_layers=n_layers)
=== EXP-T167 shadow fold=0 lr0=1e-05 ===
=== EXP-T167 shadow fold=0 lr0=1e-04 ===
=== EXP-T167 shadow fold=0 lr0=1e-03 ===
=== EXP-T167 shadow fold=0 lr0=1e-02 ===
/workspace_developability_acquisition/developability_drilldown/models/antibody_transformer/model.py:347: UserWarning: enable_nested_tensor is True, but self.use_nested_tensor is False because encoder_layer.norm_first was True
  self.encoder = nn.TransformerEncoder(_make_encoder_layer(), num_layers=n_layers)
=== EXP-T167 shadow fold=1 lr0=1e-05 ===
=== EXP-T167 shadow fold=1 lr0=1e-04 ===
=== EXP-T167 shadow fold=1 lr0=1e-03 ===
=== EXP-T167 shadow fold=1 lr0=1e-02 ===
/workspace_developability_acquisition/developability_drilldown/models/antibody_transformer/model.py:347: UserWarning: enable_nested_tensor is True, but self.use_nested_tensor is False because encoder_layer.norm_first was True
  self.encoder = nn.TransformerEncoder(_make_encoder_layer(), num_layers=n_layers)
=== EXP-T167 shadow fold=2 lr0=1e-05 ===
=== EXP-T167 shadow fold=2 lr0=1e-04 ===
=== EXP-T167 shadow fold=2 lr0=1e-03 ===
=== EXP-T167 shadow fold=2 lr0=1e-02 ===
/workspace_developability_acquisition/developability_drilldown/models/antibody_transformer/model.py:347: UserWarning: enable_nested_tensor is True, but self.use_nested_tensor is False because encoder_layer.norm_first was True
  self.encoder = nn.TransformerEncoder(_make_encoder_layer(), num_layers=n_layers)
=== EXP-T167 shadow fold=3 lr0=1e-05 ===
=== EXP-T167 shadow fold=3 lr0=1e-04 ===
=== EXP-T167 shadow fold=3 lr0=1e-03 ===
=== EXP-T167 shadow fold=3 lr0=1e-02 ===
/workspace_developability_acquisition/developability_drilldown/models/antibody_transformer/model.py:347: UserWarning: enable_nested_tensor is True, but self.use_nested_tensor is False because encoder_layer.norm_first was True
  self.encoder = nn.TransformerEncoder(_make_encoder_layer(), num_layers=n_layers)
=== EXP-T167 shadow fold=4 lr0=1e-05 ===
=== EXP-T167 shadow fold=4 lr0=1e-04 ===
=== EXP-T167 shadow fold=4 lr0=1e-03 ===
=== EXP-T167 shadow fold=4 lr0=1e-02 ===
/workspace_developability_acquisition/developability_drilldown/models/antibody_transformer/model.py:347: UserWarning: enable_nested_tensor is True, but self.use_nested_tensor is False because encoder_layer.norm_first was True
  self.encoder = nn.TransformerEncoder(_make_encoder_layer(), num_layers=n_layers)
DONE EXP-T167 mean=3.287777
==== TRAIN EXP-T168 scratch/B1/IMGT ====
/workspace_developability_acquisition/developability_drilldown/models/antibody_transformer/model.py:347: UserWarning: enable_nested_tensor is True, but self.use_nested_tensor is False because encoder_layer.norm_first was True
  self.encoder = nn.TransformerEncoder(_make_encoder_layer(), num_layers=n_layers)
=== EXP-T168 primary fold=0 lr0=1e-05 ===
=== EXP-T168 primary fold=0 lr0=1e-04 ===
=== EXP-T168 primary fold=0 lr0=1e-03 ===
=== EXP-T168 primary fold=0 lr0=1e-02 ===
/workspace_developability_acquisition/developability_drilldown/models/antibody_transformer/model.py:347: UserWarning: enable_nested_tensor is True, but self.use_nested_tensor is False because encoder_layer.norm_first was True
  self.encoder = nn.TransformerEncoder(_make_encoder_layer(), num_layers=n_layers)
=== EXP-T168 primary fold=1 lr0=1e-05 ===
=== EXP-T168 primary fold=1 lr0=1e-04 ===
=== EXP-T168 primary fold=1 lr0=1e-03 ===
=== EXP-T168 primary fold=1 lr0=1e-02 ===
/workspace_developability_acquisition/developability_drilldown/models/antibody_transformer/model.py:347: UserWarning: enable_nested_tensor is True, but self.use_nested_tensor is False because encoder_layer.norm_first was True
  self.encoder = nn.TransformerEncoder(_make_encoder_layer(), num_layers=n_layers)
=== EXP-T168 primary fold=2 lr0=1e-05 ===
=== EXP-T168 primary fold=2 lr0=1e-04 ===
=== EXP-T168 primary fold=2 lr0=1e-03 ===
=== EXP-T168 primary fold=2 lr0=1e-02 ===
/workspace_developability_acquisition/developability_drilldown/models/antibody_transformer/model.py:347: UserWarning: enable_nested_tensor is True, but self.use_nested_tensor is False because encoder_layer.norm_first was True
  self.encoder = nn.TransformerEncoder(_make_encoder_layer(), num_layers=n_layers)
=== EXP-T168 primary fold=3 lr0=1e-05 ===
=== EXP-T168 primary fold=3 lr0=1e-04 ===
=== EXP-T168 primary fold=3 lr0=1e-03 ===
=== EXP-T168 primary fold=3 lr0=1e-02 ===
/workspace_developability_acquisition/developability_drilldown/models/antibody_transformer/model.py:347: UserWarning: enable_nested_tensor is True, but self.use_nested_tensor is False because encoder_layer.norm_first was True
  self.encoder = nn.TransformerEncoder(_make_encoder_layer(), num_layers=n_layers)
=== EXP-T168 primary fold=4 lr0=1e-05 ===
=== EXP-T168 primary fold=4 lr0=1e-04 ===
=== EXP-T168 primary fold=4 lr0=1e-03 ===
=== EXP-T168 primary fold=4 lr0=1e-02 ===
/workspace_developability_acquisition/developability_drilldown/models/antibody_transformer/model.py:347: UserWarning: enable_nested_tensor is True, but self.use_nested_tensor is False because encoder_layer.norm_first was True
  self.encoder = nn.TransformerEncoder(_make_encoder_layer(), num_layers=n_layers)
=== EXP-T168 shadow fold=0 lr0=1e-05 ===
=== EXP-T168 shadow fold=0 lr0=1e-04 ===
=== EXP-T168 shadow fold=0 lr0=1e-03 ===
=== EXP-T168 shadow fold=0 lr0=1e-02 ===
/workspace_developability_acquisition/developability_drilldown/models/antibody_transformer/model.py:347: UserWarning: enable_nested_tensor is True, but self.use_nested_tensor is False because encoder_layer.norm_first was True
  self.encoder = nn.TransformerEncoder(_make_encoder_layer(), num_layers=n_layers)
=== EXP-T168 shadow fold=1 lr0=1e-05 ===
=== EXP-T168 shadow fold=1 lr0=1e-04 ===
=== EXP-T168 shadow fold=1 lr0=1e-03 ===
=== EXP-T168 shadow fold=1 lr0=1e-02 ===
/workspace_developability_acquisition/developability_drilldown/models/antibody_transformer/model.py:347: UserWarning: enable_nested_tensor is True, but self.use_nested_tensor is False because encoder_layer.norm_first was True
  self.encoder = nn.TransformerEncoder(_make_encoder_layer(), num_layers=n_layers)
=== EXP-T168 shadow fold=2 lr0=1e-05 ===
=== EXP-T168 shadow fold=2 lr0=1e-04 ===
=== EXP-T168 shadow fold=2 lr0=1e-03 ===
=== EXP-T168 shadow fold=2 lr0=1e-02 ===
/workspace_developability_acquisition/developability_drilldown/models/antibody_transformer/model.py:347: UserWarning: enable_nested_tensor is True, but self.use_nested_tensor is False because encoder_layer.norm_first was True
  self.encoder = nn.TransformerEncoder(_make_encoder_layer(), num_layers=n_layers)
=== EXP-T168 shadow fold=3 lr0=1e-05 ===
=== EXP-T168 shadow fold=3 lr0=1e-04 ===
=== EXP-T168 shadow fold=3 lr0=1e-03 ===
=== EXP-T168 shadow fold=3 lr0=1e-02 ===
/workspace_developability_acquisition/developability_drilldown/models/antibody_transformer/model.py:347: UserWarning: enable_nested_tensor is True, but self.use_nested_tensor is False because encoder_layer.norm_first was True
  self.encoder = nn.TransformerEncoder(_make_encoder_layer(), num_layers=n_layers)
=== EXP-T168 shadow fold=4 lr0=1e-05 ===
=== EXP-T168 shadow fold=4 lr0=1e-04 ===
=== EXP-T168 shadow fold=4 lr0=1e-03 ===
=== EXP-T168 shadow fold=4 lr0=1e-02 ===
/workspace_developability_acquisition/developability_drilldown/models/antibody_transformer/model.py:347: UserWarning: enable_nested_tensor is True, but self.use_nested_tensor is False because encoder_layer.norm_first was True
  self.encoder = nn.TransformerEncoder(_make_encoder_layer(), num_layers=n_layers)
DONE EXP-T168 mean=3.526378
==== TRAIN EXP-T169 scratch/B2/IMGT ====
/workspace_developability_acquisition/developability_drilldown/models/antibody_transformer/model.py:347: UserWarning: enable_nested_tensor is True, but self.use_nested_tensor is False because encoder_layer.norm_first was True
  self.encoder = nn.TransformerEncoder(_make_encoder_layer(), num_layers=n_layers)
=== EXP-T169 primary fold=0 lr0=1e-05 ===
=== EXP-T169 primary fold=0 lr0=1e-04 ===
=== EXP-T169 primary fold=0 lr0=1e-03 ===
=== EXP-T169 primary fold=0 lr0=1e-02 ===
/workspace_developability_acquisition/developability_drilldown/models/antibody_transformer/model.py:347: UserWarning: enable_nested_tensor is True, but self.use_nested_tensor is False because encoder_layer.norm_first was True
  self.encoder = nn.TransformerEncoder(_make_encoder_layer(), num_layers=n_layers)
=== EXP-T169 primary fold=1 lr0=1e-05 ===
=== EXP-T169 primary fold=1 lr0=1e-04 ===
=== EXP-T169 primary fold=1 lr0=1e-03 ===
=== EXP-T169 primary fold=1 lr0=1e-02 ===
/workspace_developability_acquisition/developability_drilldown/models/antibody_transformer/model.py:347: UserWarning: enable_nested_tensor is True, but self.use_nested_tensor is False because encoder_layer.norm_first was True
  self.encoder = nn.TransformerEncoder(_make_encoder_layer(), num_layers=n_layers)
=== EXP-T169 primary fold=2 lr0=1e-05 ===
=== EXP-T169 primary fold=2 lr0=1e-04 ===
=== EXP-T169 primary fold=2 lr0=1e-03 ===
=== EXP-T169 primary fold=2 lr0=1e-02 ===
/workspace_developability_acquisition/developability_drilldown/models/antibody_transformer/model.py:347: UserWarning: enable_nested_tensor is True, but self.use_nested_tensor is False because encoder_layer.norm_first was True
  self.encoder = nn.TransformerEncoder(_make_encoder_layer(), num_layers=n_layers)
=== EXP-T169 primary fold=3 lr0=1e-05 ===
=== EXP-T169 primary fold=3 lr0=1e-04 ===
=== EXP-T169 primary fold=3 lr0=1e-03 ===
=== EXP-T169 primary fold=3 lr0=1e-02 ===
/workspace_developability_acquisition/developability_drilldown/models/antibody_transformer/model.py:347: UserWarning: enable_nested_tensor is True, but self.use_nested_tensor is False because encoder_layer.norm_first was True
  self.encoder = nn.TransformerEncoder(_make_encoder_layer(), num_layers=n_layers)
=== EXP-T169 primary fold=4 lr0=1e-05 ===
=== EXP-T169 primary fold=4 lr0=1e-04 ===
=== EXP-T169 primary fold=4 lr0=1e-03 ===
=== EXP-T169 primary fold=4 lr0=1e-02 ===
/workspace_developability_acquisition/developability_drilldown/models/antibody_transformer/model.py:347: UserWarning: enable_nested_tensor is True, but self.use_nested_tensor is False because encoder_layer.norm_first was True
  self.encoder = nn.TransformerEncoder(_make_encoder_layer(), num_layers=n_layers)
=== EXP-T169 shadow fold=0 lr0=1e-05 ===
=== EXP-T169 shadow fold=0 lr0=1e-04 ===
=== EXP-T169 shadow fold=0 lr0=1e-03 ===
=== EXP-T169 shadow fold=0 lr0=1e-02 ===
/workspace_developability_acquisition/developability_drilldown/models/antibody_transformer/model.py:347: UserWarning: enable_nested_tensor is True, but self.use_nested_tensor is False because encoder_layer.norm_first was True
  self.encoder = nn.TransformerEncoder(_make_encoder_layer(), num_layers=n_layers)
=== EXP-T169 shadow fold=1 lr0=1e-05 ===
=== EXP-T169 shadow fold=1 lr0=1e-04 ===
=== EXP-T169 shadow fold=1 lr0=1e-03 ===
=== EXP-T169 shadow fold=1 lr0=1e-02 ===
/workspace_developability_acquisition/developability_drilldown/models/antibody_transformer/model.py:347: UserWarning: enable_nested_tensor is True, but self.use_nested_tensor is False because encoder_layer.norm_first was True
  self.encoder = nn.TransformerEncoder(_make_encoder_layer(), num_layers=n_layers)
=== EXP-T169 shadow fold=2 lr0=1e-05 ===
=== EXP-T169 shadow fold=2 lr0=1e-04 ===
=== EXP-T169 shadow fold=2 lr0=1e-03 ===
=== EXP-T169 shadow fold=2 lr0=1e-02 ===
/workspace_developability_acquisition/developability_drilldown/models/antibody_transformer/model.py:347: UserWarning: enable_nested_tensor is True, but self.use_nested_tensor is False because encoder_layer.norm_first was True
  self.encoder = nn.TransformerEncoder(_make_encoder_layer(), num_layers=n_layers)
=== EXP-T169 shadow fold=3 lr0=1e-05 ===
=== EXP-T169 shadow fold=3 lr0=1e-04 ===
=== EXP-T169 shadow fold=3 lr0=1e-03 ===
=== EXP-T169 shadow fold=3 lr0=1e-02 ===
/workspace_developability_acquisition/developability_drilldown/models/antibody_transformer/model.py:347: UserWarning: enable_nested_tensor is True, but self.use_nested_tensor is False because encoder_layer.norm_first was True
  self.encoder = nn.TransformerEncoder(_make_encoder_layer(), num_layers=n_layers)
=== EXP-T169 shadow fold=4 lr0=1e-05 ===
=== EXP-T169 shadow fold=4 lr0=1e-04 ===
=== EXP-T169 shadow fold=4 lr0=1e-03 ===
=== EXP-T169 shadow fold=4 lr0=1e-02 ===
/workspace_developability_acquisition/developability_drilldown/models/antibody_transformer/model.py:347: UserWarning: enable_nested_tensor is True, but self.use_nested_tensor is False because encoder_layer.norm_first was True
  self.encoder = nn.TransformerEncoder(_make_encoder_layer(), num_layers=n_layers)
DONE EXP-T169 mean=3.353812
==== TRAIN EXP-T170 scratch/C/IMGT ====
/workspace_developability_acquisition/developability_drilldown/models/antibody_transformer/model.py:347: UserWarning: enable_nested_tensor is True, but self.use_nested_tensor is False because encoder_layer.norm_first was True
  self.encoder = nn.TransformerEncoder(_make_encoder_layer(), num_layers=n_layers)
=== EXP-T170 primary fold=0 lr0=1e-05 ===
=== EXP-T170 primary fold=0 lr0=1e-04 ===
=== EXP-T170 primary fold=0 lr0=1e-03 ===
=== EXP-T170 primary fold=0 lr0=1e-02 ===
/workspace_developability_acquisition/developability_drilldown/models/antibody_transformer/model.py:347: UserWarning: enable_nested_tensor is True, but self.use_nested_tensor is False because encoder_layer.norm_first was True
  self.encoder = nn.TransformerEncoder(_make_encoder_layer(), num_layers=n_layers)
=== EXP-T170 primary fold=1 lr0=1e-05 ===
=== EXP-T170 primary fold=1 lr0=1e-04 ===
=== EXP-T170 primary fold=1 lr0=1e-03 ===
=== EXP-T170 primary fold=1 lr0=1e-02 ===
/workspace_developability_acquisition/developability_drilldown/models/antibody_transformer/model.py:347: UserWarning: enable_nested_tensor is True, but self.use_nested_tensor is False because encoder_layer.norm_first was True
  self.encoder = nn.TransformerEncoder(_make_encoder_layer(), num_layers=n_layers)
=== EXP-T170 primary fold=2 lr0=1e-05 ===
=== EXP-T170 primary fold=2 lr0=1e-04 ===
=== EXP-T170 primary fold=2 lr0=1e-03 ===
=== EXP-T170 primary fold=2 lr0=1e-02 ===
/workspace_developability_acquisition/developability_drilldown/models/antibody_transformer/model.py:347: UserWarning: enable_nested_tensor is True, but self.use_nested_tensor is False because encoder_layer.norm_first was True
  self.encoder = nn.TransformerEncoder(_make_encoder_layer(), num_layers=n_layers)
=== EXP-T170 primary fold=3 lr0=1e-05 ===
=== EXP-T170 primary fold=3 lr0=1e-04 ===
=== EXP-T170 primary fold=3 lr0=1e-03 ===
=== EXP-T170 primary fold=3 lr0=1e-02 ===
/workspace_developability_acquisition/developability_drilldown/models/antibody_transformer/model.py:347: UserWarning: enable_nested_tensor is True, but self.use_nested_tensor is False because encoder_layer.norm_first was True
  self.encoder = nn.TransformerEncoder(_make_encoder_layer(), num_layers=n_layers)
=== EXP-T170 primary fold=4 lr0=1e-05 ===
=== EXP-T170 primary fold=4 lr0=1e-04 ===
=== EXP-T170 primary fold=4 lr0=1e-03 ===
=== EXP-T170 primary fold=4 lr0=1e-02 ===
/workspace_developability_acquisition/developability_drilldown/models/antibody_transformer/model.py:347: UserWarning: enable_nested_tensor is True, but self.use_nested_tensor is False because encoder_layer.norm_first was True
  self.encoder = nn.TransformerEncoder(_make_encoder_layer(), num_layers=n_layers)
=== EXP-T170 shadow fold=0 lr0=1e-05 ===
=== EXP-T170 shadow fold=0 lr0=1e-04 ===
=== EXP-T170 shadow fold=0 lr0=1e-03 ===
=== EXP-T170 shadow fold=0 lr0=1e-02 ===
/workspace_developability_acquisition/developability_drilldown/models/antibody_transformer/model.py:347: UserWarning: enable_nested_tensor is True, but self.use_nested_tensor is False because encoder_layer.norm_first was True
  self.encoder = nn.TransformerEncoder(_make_encoder_layer(), num_layers=n_layers)
=== EXP-T170 shadow fold=1 lr0=1e-05 ===
=== EXP-T170 shadow fold=1 lr0=1e-04 ===
=== EXP-T170 shadow fold=1 lr0=1e-03 ===
=== EXP-T170 shadow fold=1 lr0=1e-02 ===
/workspace_developability_acquisition/developability_drilldown/models/antibody_transformer/model.py:347: UserWarning: enable_nested_tensor is True, but self.use_nested_tensor is False because encoder_layer.norm_first was True
  self.encoder = nn.TransformerEncoder(_make_encoder_layer(), num_layers=n_layers)
=== EXP-T170 shadow fold=2 lr0=1e-05 ===
=== EXP-T170 shadow fold=2 lr0=1e-04 ===
=== EXP-T170 shadow fold=2 lr0=1e-03 ===
=== EXP-T170 shadow fold=2 lr0=1e-02 ===
/workspace_developability_acquisition/developability_drilldown/models/antibody_transformer/model.py:347: UserWarning: enable_nested_tensor is True, but self.use_nested_tensor is False because encoder_layer.norm_first was True
  self.encoder = nn.TransformerEncoder(_make_encoder_layer(), num_layers=n_layers)
=== EXP-T170 shadow fold=3 lr0=1e-05 ===
=== EXP-T170 shadow fold=3 lr0=1e-04 ===
=== EXP-T170 shadow fold=3 lr0=1e-03 ===
=== EXP-T170 shadow fold=3 lr0=1e-02 ===
/workspace_developability_acquisition/developability_drilldown/models/antibody_transformer/model.py:347: UserWarning: enable_nested_tensor is True, but self.use_nested_tensor is False because encoder_layer.norm_first was True
  self.encoder = nn.TransformerEncoder(_make_encoder_layer(), num_layers=n_layers)
=== EXP-T170 shadow fold=4 lr0=1e-05 ===
=== EXP-T170 shadow fold=4 lr0=1e-04 ===
=== EXP-T170 shadow fold=4 lr0=1e-03 ===
=== EXP-T170 shadow fold=4 lr0=1e-02 ===
/workspace_developability_acquisition/developability_drilldown/models/antibody_transformer/model.py:347: UserWarning: enable_nested_tensor is True, but self.use_nested_tensor is False because encoder_layer.norm_first was True
  self.encoder = nn.TransformerEncoder(_make_encoder_layer(), num_layers=n_layers)
DONE EXP-T170 mean=3.448847
==== TRAIN EXP-T171 scratch/D/IMGT ====
/workspace_developability_acquisition/developability_drilldown/models/antibody_transformer/model.py:347: UserWarning: enable_nested_tensor is True, but self.use_nested_tensor is False because encoder_layer.norm_first was True
  self.encoder = nn.TransformerEncoder(_make_encoder_layer(), num_layers=n_layers)
=== EXP-T171 primary fold=0 lr0=1e-05 ===
=== EXP-T171 primary fold=0 lr0=1e-04 ===
=== EXP-T171 primary fold=0 lr0=1e-03 ===
=== EXP-T171 primary fold=0 lr0=1e-02 ===
/workspace_developability_acquisition/developability_drilldown/models/antibody_transformer/model.py:347: UserWarning: enable_nested_tensor is True, but self.use_nested_tensor is False because encoder_layer.norm_first was True
  self.encoder = nn.TransformerEncoder(_make_encoder_layer(), num_layers=n_layers)
=== EXP-T171 primary fold=1 lr0=1e-05 ===
=== EXP-T171 primary fold=1 lr0=1e-04 ===
=== EXP-T171 primary fold=1 lr0=1e-03 ===
=== EXP-T171 primary fold=1 lr0=1e-02 ===
/workspace_developability_acquisition/developability_drilldown/models/antibody_transformer/model.py:347: UserWarning: enable_nested_tensor is True, but self.use_nested_tensor is False because encoder_layer.norm_first was True
  self.encoder = nn.TransformerEncoder(_make_encoder_layer(), num_layers=n_layers)
=== EXP-T171 primary fold=2 lr0=1e-05 ===
=== EXP-T171 primary fold=2 lr0=1e-04 ===
=== EXP-T171 primary fold=2 lr0=1e-03 ===
=== EXP-T171 primary fold=2 lr0=1e-02 ===
/workspace_developability_acquisition/developability_drilldown/models/antibody_transformer/model.py:347: UserWarning: enable_nested_tensor is True, but self.use_nested_tensor is False because encoder_layer.norm_first was True
  self.encoder = nn.TransformerEncoder(_make_encoder_layer(), num_layers=n_layers)
=== EXP-T171 primary fold=3 lr0=1e-05 ===
=== EXP-T171 primary fold=3 lr0=1e-04 ===
=== EXP-T171 primary fold=3 lr0=1e-03 ===
=== EXP-T171 primary fold=3 lr0=1e-02 ===
/workspace_developability_acquisition/developability_drilldown/models/antibody_transformer/model.py:347: UserWarning: enable_nested_tensor is True, but self.use_nested_tensor is False because encoder_layer.norm_first was True
  self.encoder = nn.TransformerEncoder(_make_encoder_layer(), num_layers=n_layers)
=== EXP-T171 primary fold=4 lr0=1e-05 ===
=== EXP-T171 primary fold=4 lr0=1e-04 ===
=== EXP-T171 primary fold=4 lr0=1e-03 ===
=== EXP-T171 primary fold=4 lr0=1e-02 ===
/workspace_developability_acquisition/developability_drilldown/models/antibody_transformer/model.py:347: UserWarning: enable_nested_tensor is True, but self.use_nested_tensor is False because encoder_layer.norm_first was True
  self.encoder = nn.TransformerEncoder(_make_encoder_layer(), num_layers=n_layers)
=== EXP-T171 shadow fold=0 lr0=1e-05 ===
=== EXP-T171 shadow fold=0 lr0=1e-04 ===
=== EXP-T171 shadow fold=0 lr0=1e-03 ===
=== EXP-T171 shadow fold=0 lr0=1e-02 ===
/workspace_developability_acquisition/developability_drilldown/models/antibody_transformer/model.py:347: UserWarning: enable_nested_tensor is True, but self.use_nested_tensor is False because encoder_layer.norm_first was True
  self.encoder = nn.TransformerEncoder(_make_encoder_layer(), num_layers=n_layers)
=== EXP-T171 shadow fold=1 lr0=1e-05 ===
=== EXP-T171 shadow fold=1 lr0=1e-04 ===
=== EXP-T171 shadow fold=1 lr0=1e-03 ===
=== EXP-T171 shadow fold=1 lr0=1e-02 ===
/workspace_developability_acquisition/developability_drilldown/models/antibody_transformer/model.py:347: UserWarning: enable_nested_tensor is True, but self.use_nested_tensor is False because encoder_layer.norm_first was True
  self.encoder = nn.TransformerEncoder(_make_encoder_layer(), num_layers=n_layers)
=== EXP-T171 shadow fold=2 lr0=1e-05 ===
=== EXP-T171 shadow fold=2 lr0=1e-04 ===
=== EXP-T171 shadow fold=2 lr0=1e-03 ===
=== EXP-T171 shadow fold=2 lr0=1e-02 ===
/workspace_developability_acquisition/developability_drilldown/models/antibody_transformer/model.py:347: UserWarning: enable_nested_tensor is True, but self.use_nested_tensor is False because encoder_layer.norm_first was True
  self.encoder = nn.TransformerEncoder(_make_encoder_layer(), num_layers=n_layers)
=== EXP-T171 shadow fold=3 lr0=1e-05 ===
=== EXP-T171 shadow fold=3 lr0=1e-04 ===
=== EXP-T171 shadow fold=3 lr0=1e-03 ===
=== EXP-T171 shadow fold=3 lr0=1e-02 ===
/workspace_developability_acquisition/developability_drilldown/models/antibody_transformer/model.py:347: UserWarning: enable_nested_tensor is True, but self.use_nested_tensor is False because encoder_layer.norm_first was True
  self.encoder = nn.TransformerEncoder(_make_encoder_layer(), num_layers=n_layers)
=== EXP-T171 shadow fold=4 lr0=1e-05 ===
=== EXP-T171 shadow fold=4 lr0=1e-04 ===
=== EXP-T171 shadow fold=4 lr0=1e-03 ===
=== EXP-T171 shadow fold=4 lr0=1e-02 ===
/workspace_developability_acquisition/developability_drilldown/models/antibody_transformer/model.py:347: UserWarning: enable_nested_tensor is True, but self.use_nested_tensor is False because encoder_layer.norm_first was True
  self.encoder = nn.TransformerEncoder(_make_encoder_layer(), num_layers=n_layers)
DONE EXP-T171 mean=3.508458
==== TRAIN EXP-T172 scratch/A/REGION ====
/workspace_developability_acquisition/developability_drilldown/models/antibody_transformer/model.py:347: UserWarning: enable_nested_tensor is True, but self.use_nested_tensor is False because encoder_layer.norm_first was True
  self.encoder = nn.TransformerEncoder(_make_encoder_layer(), num_layers=n_layers)
=== EXP-T172 primary fold=0 lr0=1e-05 ===
=== EXP-T172 primary fold=0 lr0=1e-04 ===
=== EXP-T172 primary fold=0 lr0=1e-03 ===
=== EXP-T172 primary fold=0 lr0=1e-02 ===
/workspace_developability_acquisition/developability_drilldown/models/antibody_transformer/model.py:347: UserWarning: enable_nested_tensor is True, but self.use_nested_tensor is False because encoder_layer.norm_first was True
  self.encoder = nn.TransformerEncoder(_make_encoder_layer(), num_layers=n_layers)
=== EXP-T172 primary fold=1 lr0=1e-05 ===
=== EXP-T172 primary fold=1 lr0=1e-04 ===
=== EXP-T172 primary fold=1 lr0=1e-03 ===
=== EXP-T172 primary fold=1 lr0=1e-02 ===
/workspace_developability_acquisition/developability_drilldown/models/antibody_transformer/model.py:347: UserWarning: enable_nested_tensor is True, but self.use_nested_tensor is False because encoder_layer.norm_first was True
  self.encoder = nn.TransformerEncoder(_make_encoder_layer(), num_layers=n_layers)
=== EXP-T172 primary fold=2 lr0=1e-05 ===
=== EXP-T172 primary fold=2 lr0=1e-04 ===
=== EXP-T172 primary fold=2 lr0=1e-03 ===
=== EXP-T172 primary fold=2 lr0=1e-02 ===
/workspace_developability_acquisition/developability_drilldown/models/antibody_transformer/model.py:347: UserWarning: enable_nested_tensor is True, but self.use_nested_tensor is False because encoder_layer.norm_first was True
  self.encoder = nn.TransformerEncoder(_make_encoder_layer(), num_layers=n_layers)
=== EXP-T172 primary fold=3 lr0=1e-05 ===
=== EXP-T172 primary fold=3 lr0=1e-04 ===
=== EXP-T172 primary fold=3 lr0=1e-03 ===
=== EXP-T172 primary fold=3 lr0=1e-02 ===
/workspace_developability_acquisition/developability_drilldown/models/antibody_transformer/model.py:347: UserWarning: enable_nested_tensor is True, but self.use_nested_tensor is False because encoder_layer.norm_first was True
  self.encoder = nn.TransformerEncoder(_make_encoder_layer(), num_layers=n_layers)
=== EXP-T172 primary fold=4 lr0=1e-05 ===
=== EXP-T172 primary fold=4 lr0=1e-04 ===
=== EXP-T172 primary fold=4 lr0=1e-03 ===
=== EXP-T172 primary fold=4 lr0=1e-02 ===
/workspace_developability_acquisition/developability_drilldown/models/antibody_transformer/model.py:347: UserWarning: enable_nested_tensor is True, but self.use_nested_tensor is False because encoder_layer.norm_first was True
  self.encoder = nn.TransformerEncoder(_make_encoder_layer(), num_layers=n_layers)
=== EXP-T172 shadow fold=0 lr0=1e-05 ===
=== EXP-T172 shadow fold=0 lr0=1e-04 ===
=== EXP-T172 shadow fold=0 lr0=1e-03 ===
=== EXP-T172 shadow fold=0 lr0=1e-02 ===
/workspace_developability_acquisition/developability_drilldown/models/antibody_transformer/model.py:347: UserWarning: enable_nested_tensor is True, but self.use_nested_tensor is False because encoder_layer.norm_first was True
  self.encoder = nn.TransformerEncoder(_make_encoder_layer(), num_layers=n_layers)
=== EXP-T172 shadow fold=1 lr0=1e-05 ===
=== EXP-T172 shadow fold=1 lr0=1e-04 ===
=== EXP-T172 shadow fold=1 lr0=1e-03 ===
=== EXP-T172 shadow fold=1 lr0=1e-02 ===
/workspace_developability_acquisition/developability_drilldown/models/antibody_transformer/model.py:347: UserWarning: enable_nested_tensor is True, but self.use_nested_tensor is False because encoder_layer.norm_first was True
  self.encoder = nn.TransformerEncoder(_make_encoder_layer(), num_layers=n_layers)
=== EXP-T172 shadow fold=2 lr0=1e-05 ===
=== EXP-T172 shadow fold=2 lr0=1e-04 ===
=== EXP-T172 shadow fold=2 lr0=1e-03 ===
=== EXP-T172 shadow fold=2 lr0=1e-02 ===
/workspace_developability_acquisition/developability_drilldown/models/antibody_transformer/model.py:347: UserWarning: enable_nested_tensor is True, but self.use_nested_tensor is False because encoder_layer.norm_first was True
  self.encoder = nn.TransformerEncoder(_make_encoder_layer(), num_layers=n_layers)
=== EXP-T172 shadow fold=3 lr0=1e-05 ===
=== EXP-T172 shadow fold=3 lr0=1e-04 ===
=== EXP-T172 shadow fold=3 lr0=1e-03 ===
=== EXP-T172 shadow fold=3 lr0=1e-02 ===
/workspace_developability_acquisition/developability_drilldown/models/antibody_transformer/model.py:347: UserWarning: enable_nested_tensor is True, but self.use_nested_tensor is False because encoder_layer.norm_first was True
  self.encoder = nn.TransformerEncoder(_make_encoder_layer(), num_layers=n_layers)
=== EXP-T172 shadow fold=4 lr0=1e-05 ===
=== EXP-T172 shadow fold=4 lr0=1e-04 ===
=== EXP-T172 shadow fold=4 lr0=1e-03 ===
=== EXP-T172 shadow fold=4 lr0=1e-02 ===
/workspace_developability_acquisition/developability_drilldown/models/antibody_transformer/model.py:347: UserWarning: enable_nested_tensor is True, but self.use_nested_tensor is False because encoder_layer.norm_first was True
  self.encoder = nn.TransformerEncoder(_make_encoder_layer(), num_layers=n_layers)
DONE EXP-T172 mean=3.332034
==== TRAIN EXP-T173 scratch/B1/REGION ====
/workspace_developability_acquisition/developability_drilldown/models/antibody_transformer/model.py:347: UserWarning: enable_nested_tensor is True, but self.use_nested_tensor is False because encoder_layer.norm_first was True
  self.encoder = nn.TransformerEncoder(_make_encoder_layer(), num_layers=n_layers)
=== EXP-T173 primary fold=0 lr0=1e-05 ===
=== EXP-T173 primary fold=0 lr0=1e-04 ===
=== EXP-T173 primary fold=0 lr0=1e-03 ===
=== EXP-T173 primary fold=0 lr0=1e-02 ===
/workspace_developability_acquisition/developability_drilldown/models/antibody_transformer/model.py:347: UserWarning: enable_nested_tensor is True, but self.use_nested_tensor is False because encoder_layer.norm_first was True
  self.encoder = nn.TransformerEncoder(_make_encoder_layer(), num_layers=n_layers)
=== EXP-T173 primary fold=1 lr0=1e-05 ===
=== EXP-T173 primary fold=1 lr0=1e-04 ===
=== EXP-T173 primary fold=1 lr0=1e-03 ===
=== EXP-T173 primary fold=1 lr0=1e-02 ===
/workspace_developability_acquisition/developability_drilldown/models/antibody_transformer/model.py:347: UserWarning: enable_nested_tensor is True, but self.use_nested_tensor is False because encoder_layer.norm_first was True
  self.encoder = nn.TransformerEncoder(_make_encoder_layer(), num_layers=n_layers)
=== EXP-T173 primary fold=2 lr0=1e-05 ===
=== EXP-T173 primary fold=2 lr0=1e-04 ===
=== EXP-T173 primary fold=2 lr0=1e-03 ===
=== EXP-T173 primary fold=2 lr0=1e-02 ===
/workspace_developability_acquisition/developability_drilldown/models/antibody_transformer/model.py:347: UserWarning: enable_nested_tensor is True, but self.use_nested_tensor is False because encoder_layer.norm_first was True
  self.encoder = nn.TransformerEncoder(_make_encoder_layer(), num_layers=n_layers)
=== EXP-T173 primary fold=3 lr0=1e-05 ===
=== EXP-T173 primary fold=3 lr0=1e-04 ===
=== EXP-T173 primary fold=3 lr0=1e-03 ===
=== EXP-T173 primary fold=3 lr0=1e-02 ===
/workspace_developability_acquisition/developability_drilldown/models/antibody_transformer/model.py:347: UserWarning: enable_nested_tensor is True, but self.use_nested_tensor is False because encoder_layer.norm_first was True
  self.encoder = nn.TransformerEncoder(_make_encoder_layer(), num_layers=n_layers)
=== EXP-T173 primary fold=4 lr0=1e-05 ===
=== EXP-T173 primary fold=4 lr0=1e-04 ===
=== EXP-T173 primary fold=4 lr0=1e-03 ===
=== EXP-T173 primary fold=4 lr0=1e-02 ===
/workspace_developability_acquisition/developability_drilldown/models/antibody_transformer/model.py:347: UserWarning: enable_nested_tensor is True, but self.use_nested_tensor is False because encoder_layer.norm_first was True
  self.encoder = nn.TransformerEncoder(_make_encoder_layer(), num_layers=n_layers)
=== EXP-T173 shadow fold=0 lr0=1e-05 ===
=== EXP-T173 shadow fold=0 lr0=1e-04 ===
=== EXP-T173 shadow fold=0 lr0=1e-03 ===
=== EXP-T173 shadow fold=0 lr0=1e-02 ===
/workspace_developability_acquisition/developability_drilldown/models/antibody_transformer/model.py:347: UserWarning: enable_nested_tensor is True, but self.use_nested_tensor is False because encoder_layer.norm_first was True
  self.encoder = nn.TransformerEncoder(_make_encoder_layer(), num_layers=n_layers)
=== EXP-T173 shadow fold=1 lr0=1e-05 ===
=== EXP-T173 shadow fold=1 lr0=1e-04 ===
=== EXP-T173 shadow fold=1 lr0=1e-03 ===
=== EXP-T173 shadow fold=1 lr0=1e-02 ===
/workspace_developability_acquisition/developability_drilldown/models/antibody_transformer/model.py:347: UserWarning: enable_nested_tensor is True, but self.use_nested_tensor is False because encoder_layer.norm_first was True
  self.encoder = nn.TransformerEncoder(_make_encoder_layer(), num_layers=n_layers)
=== EXP-T173 shadow fold=2 lr0=1e-05 ===
=== EXP-T173 shadow fold=2 lr0=1e-04 ===
=== EXP-T173 shadow fold=2 lr0=1e-03 ===
=== EXP-T173 shadow fold=2 lr0=1e-02 ===
/workspace_developability_acquisition/developability_drilldown/models/antibody_transformer/model.py:347: UserWarning: enable_nested_tensor is True, but self.use_nested_tensor is False because encoder_layer.norm_first was True
  self.encoder = nn.TransformerEncoder(_make_encoder_layer(), num_layers=n_layers)
=== EXP-T173 shadow fold=3 lr0=1e-05 ===
=== EXP-T173 shadow fold=3 lr0=1e-04 ===
=== EXP-T173 shadow fold=3 lr0=1e-03 ===
=== EXP-T173 shadow fold=3 lr0=1e-02 ===
/workspace_developability_acquisition/developability_drilldown/models/antibody_transformer/model.py:347: UserWarning: enable_nested_tensor is True, but self.use_nested_tensor is False because encoder_layer.norm_first was True
  self.encoder = nn.TransformerEncoder(_make_encoder_layer(), num_layers=n_layers)
=== EXP-T173 shadow fold=4 lr0=1e-05 ===
=== EXP-T173 shadow fold=4 lr0=1e-04 ===
=== EXP-T173 shadow fold=4 lr0=1e-03 ===
=== EXP-T173 shadow fold=4 lr0=1e-02 ===
/workspace_developability_acquisition/developability_drilldown/models/antibody_transformer/model.py:347: UserWarning: enable_nested_tensor is True, but self.use_nested_tensor is False because encoder_layer.norm_first was True
  self.encoder = nn.TransformerEncoder(_make_encoder_layer(), num_layers=n_layers)
DONE EXP-T173 mean=3.475820
==== TRAIN EXP-T174 scratch/B2/REGION ====
/workspace_developability_acquisition/developability_drilldown/models/antibody_transformer/model.py:347: UserWarning: enable_nested_tensor is True, but self.use_nested_tensor is False because encoder_layer.norm_first was True
  self.encoder = nn.TransformerEncoder(_make_encoder_layer(), num_layers=n_layers)
=== EXP-T174 primary fold=0 lr0=1e-05 ===
=== EXP-T174 primary fold=0 lr0=1e-04 ===
=== EXP-T174 primary fold=0 lr0=1e-03 ===
=== EXP-T174 primary fold=0 lr0=1e-02 ===
/workspace_developability_acquisition/developability_drilldown/models/antibody_transformer/model.py:347: UserWarning: enable_nested_tensor is True, but self.use_nested_tensor is False because encoder_layer.norm_first was True
  self.encoder = nn.TransformerEncoder(_make_encoder_layer(), num_layers=n_layers)
=== EXP-T174 primary fold=1 lr0=1e-05 ===
=== EXP-T174 primary fold=1 lr0=1e-04 ===
=== EXP-T174 primary fold=1 lr0=1e-03 ===
=== EXP-T174 primary fold=1 lr0=1e-02 ===
/workspace_developability_acquisition/developability_drilldown/models/antibody_transformer/model.py:347: UserWarning: enable_nested_tensor is True, but self.use_nested_tensor is False because encoder_layer.norm_first was True
  self.encoder = nn.TransformerEncoder(_make_encoder_layer(), num_layers=n_layers)
=== EXP-T174 primary fold=2 lr0=1e-05 ===
=== EXP-T174 primary fold=2 lr0=1e-04 ===
=== EXP-T174 primary fold=2 lr0=1e-03 ===
=== EXP-T174 primary fold=2 lr0=1e-02 ===
/workspace_developability_acquisition/developability_drilldown/models/antibody_transformer/model.py:347: UserWarning: enable_nested_tensor is True, but self.use_nested_tensor is False because encoder_layer.norm_first was True
  self.encoder = nn.TransformerEncoder(_make_encoder_layer(), num_layers=n_layers)
=== EXP-T174 primary fold=3 lr0=1e-05 ===
=== EXP-T174 primary fold=3 lr0=1e-04 ===
=== EXP-T174 primary fold=3 lr0=1e-03 ===
=== EXP-T174 primary fold=3 lr0=1e-02 ===
/workspace_developability_acquisition/developability_drilldown/models/antibody_transformer/model.py:347: UserWarning: enable_nested_tensor is True, but self.use_nested_tensor is False because encoder_layer.norm_first was True
  self.encoder = nn.TransformerEncoder(_make_encoder_layer(), num_layers=n_layers)
=== EXP-T174 primary fold=4 lr0=1e-05 ===
=== EXP-T174 primary fold=4 lr0=1e-04 ===
=== EXP-T174 primary fold=4 lr0=1e-03 ===
=== EXP-T174 primary fold=4 lr0=1e-02 ===
/workspace_developability_acquisition/developability_drilldown/models/antibody_transformer/model.py:347: UserWarning: enable_nested_tensor is True, but self.use_nested_tensor is False because encoder_layer.norm_first was True
  self.encoder = nn.TransformerEncoder(_make_encoder_layer(), num_layers=n_layers)
=== EXP-T174 shadow fold=0 lr0=1e-05 ===
=== EXP-T174 shadow fold=0 lr0=1e-04 ===
=== EXP-T174 shadow fold=0 lr0=1e-03 ===
=== EXP-T174 shadow fold=0 lr0=1e-02 ===
/workspace_developability_acquisition/developability_drilldown/models/antibody_transformer/model.py:347: UserWarning: enable_nested_tensor is True, but self.use_nested_tensor is False because encoder_layer.norm_first was True
  self.encoder = nn.TransformerEncoder(_make_encoder_layer(), num_layers=n_layers)
=== EXP-T174 shadow fold=1 lr0=1e-05 ===
=== EXP-T174 shadow fold=1 lr0=1e-04 ===
=== EXP-T174 shadow fold=1 lr0=1e-03 ===
=== EXP-T174 shadow fold=1 lr0=1e-02 ===
/workspace_developability_acquisition/developability_drilldown/models/antibody_transformer/model.py:347: UserWarning: enable_nested_tensor is True, but self.use_nested_tensor is False because encoder_layer.norm_first was True
  self.encoder = nn.TransformerEncoder(_make_encoder_layer(), num_layers=n_layers)
=== EXP-T174 shadow fold=2 lr0=1e-05 ===
=== EXP-T174 shadow fold=2 lr0=1e-04 ===
=== EXP-T174 shadow fold=2 lr0=1e-03 ===
=== EXP-T174 shadow fold=2 lr0=1e-02 ===
/workspace_developability_acquisition/developability_drilldown/models/antibody_transformer/model.py:347: UserWarning: enable_nested_tensor is True, but self.use_nested_tensor is False because encoder_layer.norm_first was True
  self.encoder = nn.TransformerEncoder(_make_encoder_layer(), num_layers=n_layers)
=== EXP-T174 shadow fold=3 lr0=1e-05 ===
=== EXP-T174 shadow fold=3 lr0=1e-04 ===
=== EXP-T174 shadow fold=3 lr0=1e-03 ===
=== EXP-T174 shadow fold=3 lr0=1e-02 ===
/workspace_developability_acquisition/developability_drilldown/models/antibody_transformer/model.py:347: UserWarning: enable_nested_tensor is True, but self.use_nested_tensor is False because encoder_layer.norm_first was True
  self.encoder = nn.TransformerEncoder(_make_encoder_layer(), num_layers=n_layers)
=== EXP-T174 shadow fold=4 lr0=1e-05 ===
=== EXP-T174 shadow fold=4 lr0=1e-04 ===
=== EXP-T174 shadow fold=4 lr0=1e-03 ===
=== EXP-T174 shadow fold=4 lr0=1e-02 ===
/workspace_developability_acquisition/developability_drilldown/models/antibody_transformer/model.py:347: UserWarning: enable_nested_tensor is True, but self.use_nested_tensor is False because encoder_layer.norm_first was True
  self.encoder = nn.TransformerEncoder(_make_encoder_layer(), num_layers=n_layers)
DONE EXP-T174 mean=3.294374
==== TRAIN EXP-T175 scratch/C/REGION ====
/workspace_developability_acquisition/developability_drilldown/models/antibody_transformer/model.py:347: UserWarning: enable_nested_tensor is True, but self.use_nested_tensor is False because encoder_layer.norm_first was True
  self.encoder = nn.TransformerEncoder(_make_encoder_layer(), num_layers=n_layers)
=== EXP-T175 primary fold=0 lr0=1e-05 ===
=== EXP-T175 primary fold=0 lr0=1e-04 ===
=== EXP-T175 primary fold=0 lr0=1e-03 ===
=== EXP-T175 primary fold=0 lr0=1e-02 ===
/workspace_developability_acquisition/developability_drilldown/models/antibody_transformer/model.py:347: UserWarning: enable_nested_tensor is True, but self.use_nested_tensor is False because encoder_layer.norm_first was True
  self.encoder = nn.TransformerEncoder(_make_encoder_layer(), num_layers=n_layers)
=== EXP-T175 primary fold=1 lr0=1e-05 ===
=== EXP-T175 primary fold=1 lr0=1e-04 ===
=== EXP-T175 primary fold=1 lr0=1e-03 ===
=== EXP-T175 primary fold=1 lr0=1e-02 ===
/workspace_developability_acquisition/developability_drilldown/models/antibody_transformer/model.py:347: UserWarning: enable_nested_tensor is True, but self.use_nested_tensor is False because encoder_layer.norm_first was True
  self.encoder = nn.TransformerEncoder(_make_encoder_layer(), num_layers=n_layers)
=== EXP-T175 primary fold=2 lr0=1e-05 ===
=== EXP-T175 primary fold=2 lr0=1e-04 ===
=== EXP-T175 primary fold=2 lr0=1e-03 ===
=== EXP-T175 primary fold=2 lr0=1e-02 ===
/workspace_developability_acquisition/developability_drilldown/models/antibody_transformer/model.py:347: UserWarning: enable_nested_tensor is True, but self.use_nested_tensor is False because encoder_layer.norm_first was True
  self.encoder = nn.TransformerEncoder(_make_encoder_layer(), num_layers=n_layers)
=== EXP-T175 primary fold=3 lr0=1e-05 ===
=== EXP-T175 primary fold=3 lr0=1e-04 ===
=== EXP-T175 primary fold=3 lr0=1e-03 ===
=== EXP-T175 primary fold=3 lr0=1e-02 ===
/workspace_developability_acquisition/developability_drilldown/models/antibody_transformer/model.py:347: UserWarning: enable_nested_tensor is True, but self.use_nested_tensor is False because encoder_layer.norm_first was True
  self.encoder = nn.TransformerEncoder(_make_encoder_layer(), num_layers=n_layers)
=== EXP-T175 primary fold=4 lr0=1e-05 ===
=== EXP-T175 primary fold=4 lr0=1e-04 ===
=== EXP-T175 primary fold=4 lr0=1e-03 ===
=== EXP-T175 primary fold=4 lr0=1e-02 ===
/workspace_developability_acquisition/developability_drilldown/models/antibody_transformer/model.py:347: UserWarning: enable_nested_tensor is True, but self.use_nested_tensor is False because encoder_layer.norm_first was True
  self.encoder = nn.TransformerEncoder(_make_encoder_layer(), num_layers=n_layers)
=== EXP-T175 shadow fold=0 lr0=1e-05 ===
=== EXP-T175 shadow fold=0 lr0=1e-04 ===
=== EXP-T175 shadow fold=0 lr0=1e-03 ===
=== EXP-T175 shadow fold=0 lr0=1e-02 ===
/workspace_developability_acquisition/developability_drilldown/models/antibody_transformer/model.py:347: UserWarning: enable_nested_tensor is True, but self.use_nested_tensor is False because encoder_layer.norm_first was True
  self.encoder = nn.TransformerEncoder(_make_encoder_layer(), num_layers=n_layers)
=== EXP-T175 shadow fold=1 lr0=1e-05 ===
=== EXP-T175 shadow fold=1 lr0=1e-04 ===
=== EXP-T175 shadow fold=1 lr0=1e-03 ===
=== EXP-T175 shadow fold=1 lr0=1e-02 ===
/workspace_developability_acquisition/developability_drilldown/models/antibody_transformer/model.py:347: UserWarning: enable_nested_tensor is True, but self.use_nested_tensor is False because encoder_layer.norm_first was True
  self.encoder = nn.TransformerEncoder(_make_encoder_layer(), num_layers=n_layers)
=== EXP-T175 shadow fold=2 lr0=1e-05 ===
=== EXP-T175 shadow fold=2 lr0=1e-04 ===
=== EXP-T175 shadow fold=2 lr0=1e-03 ===
=== EXP-T175 shadow fold=2 lr0=1e-02 ===
/workspace_developability_acquisition/developability_drilldown/models/antibody_transformer/model.py:347: UserWarning: enable_nested_tensor is True, but self.use_nested_tensor is False because encoder_layer.norm_first was True
  self.encoder = nn.TransformerEncoder(_make_encoder_layer(), num_layers=n_layers)
=== EXP-T175 shadow fold=3 lr0=1e-05 ===
=== EXP-T175 shadow fold=3 lr0=1e-04 ===
=== EXP-T175 shadow fold=3 lr0=1e-03 ===
=== EXP-T175 shadow fold=3 lr0=1e-02 ===
/workspace_developability_acquisition/developability_drilldown/models/antibody_transformer/model.py:347: UserWarning: enable_nested_tensor is True, but self.use_nested_tensor is False because encoder_layer.norm_first was True
  self.encoder = nn.TransformerEncoder(_make_encoder_layer(), num_layers=n_layers)
=== EXP-T175 shadow fold=4 lr0=1e-05 ===
=== EXP-T175 shadow fold=4 lr0=1e-04 ===
=== EXP-T175 shadow fold=4 lr0=1e-03 ===
=== EXP-T175 shadow fold=4 lr0=1e-02 ===
/workspace_developability_acquisition/developability_drilldown/models/antibody_transformer/model.py:347: UserWarning: enable_nested_tensor is True, but self.use_nested_tensor is False because encoder_layer.norm_first was True
  self.encoder = nn.TransformerEncoder(_make_encoder_layer(), num_layers=n_layers)
DONE EXP-T175 mean=3.417052
==== TRAIN EXP-T176 scratch/D/REGION ====
/workspace_developability_acquisition/developability_drilldown/models/antibody_transformer/model.py:347: UserWarning: enable_nested_tensor is True, but self.use_nested_tensor is False because encoder_layer.norm_first was True
  self.encoder = nn.TransformerEncoder(_make_encoder_layer(), num_layers=n_layers)
=== EXP-T176 primary fold=0 lr0=1e-05 ===
=== EXP-T176 primary fold=0 lr0=1e-04 ===
=== EXP-T176 primary fold=0 lr0=1e-03 ===
=== EXP-T176 primary fold=0 lr0=1e-02 ===
/workspace_developability_acquisition/developability_drilldown/models/antibody_transformer/model.py:347: UserWarning: enable_nested_tensor is True, but self.use_nested_tensor is False because encoder_layer.norm_first was True
  self.encoder = nn.TransformerEncoder(_make_encoder_layer(), num_layers=n_layers)
=== EXP-T176 primary fold=1 lr0=1e-05 ===
=== EXP-T176 primary fold=1 lr0=1e-04 ===
=== EXP-T176 primary fold=1 lr0=1e-03 ===
=== EXP-T176 primary fold=1 lr0=1e-02 ===
/workspace_developability_acquisition/developability_drilldown/models/antibody_transformer/model.py:347: UserWarning: enable_nested_tensor is True, but self.use_nested_tensor is False because encoder_layer.norm_first was True
  self.encoder = nn.TransformerEncoder(_make_encoder_layer(), num_layers=n_layers)
=== EXP-T176 primary fold=2 lr0=1e-05 ===
=== EXP-T176 primary fold=2 lr0=1e-04 ===
=== EXP-T176 primary fold=2 lr0=1e-03 ===
=== EXP-T176 primary fold=2 lr0=1e-02 ===
/workspace_developability_acquisition/developability_drilldown/models/antibody_transformer/model.py:347: UserWarning: enable_nested_tensor is True, but self.use_nested_tensor is False because encoder_layer.norm_first was True
  self.encoder = nn.TransformerEncoder(_make_encoder_layer(), num_layers=n_layers)
=== EXP-T176 primary fold=3 lr0=1e-05 ===
=== EXP-T176 primary fold=3 lr0=1e-04 ===
=== EXP-T176 primary fold=3 lr0=1e-03 ===
=== EXP-T176 primary fold=3 lr0=1e-02 ===
/workspace_developability_acquisition/developability_drilldown/models/antibody_transformer/model.py:347: UserWarning: enable_nested_tensor is True, but self.use_nested_tensor is False because encoder_layer.norm_first was True
  self.encoder = nn.TransformerEncoder(_make_encoder_layer(), num_layers=n_layers)
=== EXP-T176 primary fold=4 lr0=1e-05 ===
=== EXP-T176 primary fold=4 lr0=1e-04 ===
=== EXP-T176 primary fold=4 lr0=1e-03 ===
=== EXP-T176 primary fold=4 lr0=1e-02 ===
/workspace_developability_acquisition/developability_drilldown/models/antibody_transformer/model.py:347: UserWarning: enable_nested_tensor is True, but self.use_nested_tensor is False because encoder_layer.norm_first was True
  self.encoder = nn.TransformerEncoder(_make_encoder_layer(), num_layers=n_layers)
=== EXP-T176 shadow fold=0 lr0=1e-05 ===
=== EXP-T176 shadow fold=0 lr0=1e-04 ===
=== EXP-T176 shadow fold=0 lr0=1e-03 ===
=== EXP-T176 shadow fold=0 lr0=1e-02 ===
/workspace_developability_acquisition/developability_drilldown/models/antibody_transformer/model.py:347: UserWarning: enable_nested_tensor is True, but self.use_nested_tensor is False because encoder_layer.norm_first was True
  self.encoder = nn.TransformerEncoder(_make_encoder_layer(), num_layers=n_layers)
=== EXP-T176 shadow fold=1 lr0=1e-05 ===
=== EXP-T176 shadow fold=1 lr0=1e-04 ===
=== EXP-T176 shadow fold=1 lr0=1e-03 ===
=== EXP-T176 shadow fold=1 lr0=1e-02 ===
/workspace_developability_acquisition/developability_drilldown/models/antibody_transformer/model.py:347: UserWarning: enable_nested_tensor is True, but self.use_nested_tensor is False because encoder_layer.norm_first was True
  self.encoder = nn.TransformerEncoder(_make_encoder_layer(), num_layers=n_layers)
=== EXP-T176 shadow fold=2 lr0=1e-05 ===
=== EXP-T176 shadow fold=2 lr0=1e-04 ===
=== EXP-T176 shadow fold=2 lr0=1e-03 ===
=== EXP-T176 shadow fold=2 lr0=1e-02 ===
/workspace_developability_acquisition/developability_drilldown/models/antibody_transformer/model.py:347: UserWarning: enable_nested_tensor is True, but self.use_nested_tensor is False because encoder_layer.norm_first was True
  self.encoder = nn.TransformerEncoder(_make_encoder_layer(), num_layers=n_layers)
=== EXP-T176 shadow fold=3 lr0=1e-05 ===
=== EXP-T176 shadow fold=3 lr0=1e-04 ===
=== EXP-T176 shadow fold=3 lr0=1e-03 ===
=== EXP-T176 shadow fold=3 lr0=1e-02 ===
/workspace_developability_acquisition/developability_drilldown/models/antibody_transformer/model.py:347: UserWarning: enable_nested_tensor is True, but self.use_nested_tensor is False because encoder_layer.norm_first was True
  self.encoder = nn.TransformerEncoder(_make_encoder_layer(), num_layers=n_layers)
=== EXP-T176 shadow fold=4 lr0=1e-05 ===
=== EXP-T176 shadow fold=4 lr0=1e-04 ===
=== EXP-T176 shadow fold=4 lr0=1e-03 ===
=== EXP-T176 shadow fold=4 lr0=1e-02 ===
/workspace_developability_acquisition/developability_drilldown/models/antibody_transformer/model.py:347: UserWarning: enable_nested_tensor is True, but self.use_nested_tensor is False because encoder_layer.norm_first was True
  self.encoder = nn.TransformerEncoder(_make_encoder_layer(), num_layers=n_layers)
DONE EXP-T176 mean=3.304565
==== TRAIN EXP-T177 ablingua/A/BASE ====
/workspace_developability_acquisition/developability_drilldown/models/antibody_transformer/model.py:347: UserWarning: enable_nested_tensor is True, but self.use_nested_tensor is False because encoder_layer.norm_first was True
  self.encoder = nn.TransformerEncoder(_make_encoder_layer(), num_layers=n_layers)
=== EXP-T177 primary fold=0 lr0=1e-05 ===
=== EXP-T177 primary fold=0 lr0=1e-04 ===
=== EXP-T177 primary fold=0 lr0=1e-03 ===
=== EXP-T177 primary fold=0 lr0=1e-02 ===
/workspace_developability_acquisition/developability_drilldown/models/antibody_transformer/model.py:347: UserWarning: enable_nested_tensor is True, but self.use_nested_tensor is False because encoder_layer.norm_first was True
  self.encoder = nn.TransformerEncoder(_make_encoder_layer(), num_layers=n_layers)
=== EXP-T177 primary fold=1 lr0=1e-05 ===
=== EXP-T177 primary fold=1 lr0=1e-04 ===
=== EXP-T177 primary fold=1 lr0=1e-03 ===
=== EXP-T177 primary fold=1 lr0=1e-02 ===
/workspace_developability_acquisition/developability_drilldown/models/antibody_transformer/model.py:347: UserWarning: enable_nested_tensor is True, but self.use_nested_tensor is False because encoder_layer.norm_first was True
  self.encoder = nn.TransformerEncoder(_make_encoder_layer(), num_layers=n_layers)
=== EXP-T177 primary fold=2 lr0=1e-05 ===
=== EXP-T177 primary fold=2 lr0=1e-04 ===
=== EXP-T177 primary fold=2 lr0=1e-03 ===
=== EXP-T177 primary fold=2 lr0=1e-02 ===
/workspace_developability_acquisition/developability_drilldown/models/antibody_transformer/model.py:347: UserWarning: enable_nested_tensor is True, but self.use_nested_tensor is False because encoder_layer.norm_first was True
  self.encoder = nn.TransformerEncoder(_make_encoder_layer(), num_layers=n_layers)
=== EXP-T177 primary fold=3 lr0=1e-05 ===
=== EXP-T177 primary fold=3 lr0=1e-04 ===
=== EXP-T177 primary fold=3 lr0=1e-03 ===
=== EXP-T177 primary fold=3 lr0=1e-02 ===
/workspace_developability_acquisition/developability_drilldown/models/antibody_transformer/model.py:347: UserWarning: enable_nested_tensor is True, but self.use_nested_tensor is False because encoder_layer.norm_first was True
  self.encoder = nn.TransformerEncoder(_make_encoder_layer(), num_layers=n_layers)
=== EXP-T177 primary fold=4 lr0=1e-05 ===
=== EXP-T177 primary fold=4 lr0=1e-04 ===
=== EXP-T177 primary fold=4 lr0=1e-03 ===
=== EXP-T177 primary fold=4 lr0=1e-02 ===
/workspace_developability_acquisition/developability_drilldown/models/antibody_transformer/model.py:347: UserWarning: enable_nested_tensor is True, but self.use_nested_tensor is False because encoder_layer.norm_first was True
  self.encoder = nn.TransformerEncoder(_make_encoder_layer(), num_layers=n_layers)
=== EXP-T177 shadow fold=0 lr0=1e-05 ===
=== EXP-T177 shadow fold=0 lr0=1e-04 ===
=== EXP-T177 shadow fold=0 lr0=1e-03 ===
=== EXP-T177 shadow fold=0 lr0=1e-02 ===
/workspace_developability_acquisition/developability_drilldown/models/antibody_transformer/model.py:347: UserWarning: enable_nested_tensor is True, but self.use_nested_tensor is False because encoder_layer.norm_first was True
  self.encoder = nn.TransformerEncoder(_make_encoder_layer(), num_layers=n_layers)
=== EXP-T177 shadow fold=1 lr0=1e-05 ===
=== EXP-T177 shadow fold=1 lr0=1e-04 ===
=== EXP-T177 shadow fold=1 lr0=1e-03 ===
=== EXP-T177 shadow fold=1 lr0=1e-02 ===
/workspace_developability_acquisition/developability_drilldown/models/antibody_transformer/model.py:347: UserWarning: enable_nested_tensor is True, but self.use_nested_tensor is False because encoder_layer.norm_first was True
  self.encoder = nn.TransformerEncoder(_make_encoder_layer(), num_layers=n_layers)
=== EXP-T177 shadow fold=2 lr0=1e-05 ===
=== EXP-T177 shadow fold=2 lr0=1e-04 ===
=== EXP-T177 shadow fold=2 lr0=1e-03 ===
=== EXP-T177 shadow fold=2 lr0=1e-02 ===
/workspace_developability_acquisition/developability_drilldown/models/antibody_transformer/model.py:347: UserWarning: enable_nested_tensor is True, but self.use_nested_tensor is False because encoder_layer.norm_first was True
  self.encoder = nn.TransformerEncoder(_make_encoder_layer(), num_layers=n_layers)
=== EXP-T177 shadow fold=3 lr0=1e-05 ===
=== EXP-T177 shadow fold=3 lr0=1e-04 ===
=== EXP-T177 shadow fold=3 lr0=1e-03 ===
=== EXP-T177 shadow fold=3 lr0=1e-02 ===
/workspace_developability_acquisition/developability_drilldown/models/antibody_transformer/model.py:347: UserWarning: enable_nested_tensor is True, but self.use_nested_tensor is False because encoder_layer.norm_first was True
  self.encoder = nn.TransformerEncoder(_make_encoder_layer(), num_layers=n_layers)
=== EXP-T177 shadow fold=4 lr0=1e-05 ===
=== EXP-T177 shadow fold=4 lr0=1e-04 ===
=== EXP-T177 shadow fold=4 lr0=1e-03 ===
=== EXP-T177 shadow fold=4 lr0=1e-02 ===
/workspace_developability_acquisition/developability_drilldown/models/antibody_transformer/model.py:347: UserWarning: enable_nested_tensor is True, but self.use_nested_tensor is False because encoder_layer.norm_first was True
  self.encoder = nn.TransformerEncoder(_make_encoder_layer(), num_layers=n_layers)
DONE EXP-T177 mean=3.285603
==== TRAIN EXP-T178 ablingua/B1/BASE ====
/workspace_developability_acquisition/developability_drilldown/models/antibody_transformer/model.py:347: UserWarning: enable_nested_tensor is True, but self.use_nested_tensor is False because encoder_layer.norm_first was True
  self.encoder = nn.TransformerEncoder(_make_encoder_layer(), num_layers=n_layers)
=== EXP-T178 primary fold=0 lr0=1e-05 ===
=== EXP-T178 primary fold=0 lr0=1e-04 ===
=== EXP-T178 primary fold=0 lr0=1e-03 ===
=== EXP-T178 primary fold=0 lr0=1e-02 ===
/workspace_developability_acquisition/developability_drilldown/models/antibody_transformer/model.py:347: UserWarning: enable_nested_tensor is True, but self.use_nested_tensor is False because encoder_layer.norm_first was True
  self.encoder = nn.TransformerEncoder(_make_encoder_layer(), num_layers=n_layers)
=== EXP-T178 primary fold=1 lr0=1e-05 ===
=== EXP-T178 primary fold=1 lr0=1e-04 ===
=== EXP-T178 primary fold=1 lr0=1e-03 ===
=== EXP-T178 primary fold=1 lr0=1e-02 ===
/workspace_developability_acquisition/developability_drilldown/models/antibody_transformer/model.py:347: UserWarning: enable_nested_tensor is True, but self.use_nested_tensor is False because encoder_layer.norm_first was True
  self.encoder = nn.TransformerEncoder(_make_encoder_layer(), num_layers=n_layers)
=== EXP-T178 primary fold=2 lr0=1e-05 ===
=== EXP-T178 primary fold=2 lr0=1e-04 ===
=== EXP-T178 primary fold=2 lr0=1e-03 ===
=== EXP-T178 primary fold=2 lr0=1e-02 ===
/workspace_developability_acquisition/developability_drilldown/models/antibody_transformer/model.py:347: UserWarning: enable_nested_tensor is True, but self.use_nested_tensor is False because encoder_layer.norm_first was True
  self.encoder = nn.TransformerEncoder(_make_encoder_layer(), num_layers=n_layers)
=== EXP-T178 primary fold=3 lr0=1e-05 ===
=== EXP-T178 primary fold=3 lr0=1e-04 ===
=== EXP-T178 primary fold=3 lr0=1e-03 ===
=== EXP-T178 primary fold=3 lr0=1e-02 ===
/workspace_developability_acquisition/developability_drilldown/models/antibody_transformer/model.py:347: UserWarning: enable_nested_tensor is True, but self.use_nested_tensor is False because encoder_layer.norm_first was True
  self.encoder = nn.TransformerEncoder(_make_encoder_layer(), num_layers=n_layers)
=== EXP-T178 primary fold=4 lr0=1e-05 ===
=== EXP-T178 primary fold=4 lr0=1e-04 ===
=== EXP-T178 primary fold=4 lr0=1e-03 ===
=== EXP-T178 primary fold=4 lr0=1e-02 ===
/workspace_developability_acquisition/developability_drilldown/models/antibody_transformer/model.py:347: UserWarning: enable_nested_tensor is True, but self.use_nested_tensor is False because encoder_layer.norm_first was True
  self.encoder = nn.TransformerEncoder(_make_encoder_layer(), num_layers=n_layers)
=== EXP-T178 shadow fold=0 lr0=1e-05 ===
=== EXP-T178 shadow fold=0 lr0=1e-04 ===
=== EXP-T178 shadow fold=0 lr0=1e-03 ===
=== EXP-T178 shadow fold=0 lr0=1e-02 ===
/workspace_developability_acquisition/developability_drilldown/models/antibody_transformer/model.py:347: UserWarning: enable_nested_tensor is True, but self.use_nested_tensor is False because encoder_layer.norm_first was True
  self.encoder = nn.TransformerEncoder(_make_encoder_layer(), num_layers=n_layers)
=== EXP-T178 shadow fold=1 lr0=1e-05 ===
=== EXP-T178 shadow fold=1 lr0=1e-04 ===
=== EXP-T178 shadow fold=1 lr0=1e-03 ===
=== EXP-T178 shadow fold=1 lr0=1e-02 ===
/workspace_developability_acquisition/developability_drilldown/models/antibody_transformer/model.py:347: UserWarning: enable_nested_tensor is True, but self.use_nested_tensor is False because encoder_layer.norm_first was True
  self.encoder = nn.TransformerEncoder(_make_encoder_layer(), num_layers=n_layers)
=== EXP-T178 shadow fold=2 lr0=1e-05 ===
=== EXP-T178 shadow fold=2 lr0=1e-04 ===
=== EXP-T178 shadow fold=2 lr0=1e-03 ===
=== EXP-T178 shadow fold=2 lr0=1e-02 ===
/workspace_developability_acquisition/developability_drilldown/models/antibody_transformer/model.py:347: UserWarning: enable_nested_tensor is True, but self.use_nested_tensor is False because encoder_layer.norm_first was True
  self.encoder = nn.TransformerEncoder(_make_encoder_layer(), num_layers=n_layers)
=== EXP-T178 shadow fold=3 lr0=1e-05 ===
=== EXP-T178 shadow fold=3 lr0=1e-04 ===
=== EXP-T178 shadow fold=3 lr0=1e-03 ===
=== EXP-T178 shadow fold=3 lr0=1e-02 ===
/workspace_developability_acquisition/developability_drilldown/models/antibody_transformer/model.py:347: UserWarning: enable_nested_tensor is True, but self.use_nested_tensor is False because encoder_layer.norm_first was True
  self.encoder = nn.TransformerEncoder(_make_encoder_layer(), num_layers=n_layers)
=== EXP-T178 shadow fold=4 lr0=1e-05 ===
=== EXP-T178 shadow fold=4 lr0=1e-04 ===
=== EXP-T178 shadow fold=4 lr0=1e-03 ===
=== EXP-T178 shadow fold=4 lr0=1e-02 ===
/workspace_developability_acquisition/developability_drilldown/models/antibody_transformer/model.py:347: UserWarning: enable_nested_tensor is True, but self.use_nested_tensor is False because encoder_layer.norm_first was True
  self.encoder = nn.TransformerEncoder(_make_encoder_layer(), num_layers=n_layers)
DONE EXP-T178 mean=3.305932
==== TRAIN EXP-T179 ablingua/B2/BASE ====
/workspace_developability_acquisition/developability_drilldown/models/antibody_transformer/model.py:347: UserWarning: enable_nested_tensor is True, but self.use_nested_tensor is False because encoder_layer.norm_first was True
  self.encoder = nn.TransformerEncoder(_make_encoder_layer(), num_layers=n_layers)
=== EXP-T179 primary fold=0 lr0=1e-05 ===
=== EXP-T179 primary fold=0 lr0=1e-04 ===
=== EXP-T179 primary fold=0 lr0=1e-03 ===
=== EXP-T179 primary fold=0 lr0=1e-02 ===
/workspace_developability_acquisition/developability_drilldown/models/antibody_transformer/model.py:347: UserWarning: enable_nested_tensor is True, but self.use_nested_tensor is False because encoder_layer.norm_first was True
  self.encoder = nn.TransformerEncoder(_make_encoder_layer(), num_layers=n_layers)
=== EXP-T179 primary fold=1 lr0=1e-05 ===
=== EXP-T179 primary fold=1 lr0=1e-04 ===
=== EXP-T179 primary fold=1 lr0=1e-03 ===
=== EXP-T179 primary fold=1 lr0=1e-02 ===
/workspace_developability_acquisition/developability_drilldown/models/antibody_transformer/model.py:347: UserWarning: enable_nested_tensor is True, but self.use_nested_tensor is False because encoder_layer.norm_first was True
  self.encoder = nn.TransformerEncoder(_make_encoder_layer(), num_layers=n_layers)
=== EXP-T179 primary fold=2 lr0=1e-05 ===
=== EXP-T179 primary fold=2 lr0=1e-04 ===
=== EXP-T179 primary fold=2 lr0=1e-03 ===
=== EXP-T179 primary fold=2 lr0=1e-02 ===
/workspace_developability_acquisition/developability_drilldown/models/antibody_transformer/model.py:347: UserWarning: enable_nested_tensor is True, but self.use_nested_tensor is False because encoder_layer.norm_first was True
  self.encoder = nn.TransformerEncoder(_make_encoder_layer(), num_layers=n_layers)
=== EXP-T179 primary fold=3 lr0=1e-05 ===
=== EXP-T179 primary fold=3 lr0=1e-04 ===
=== EXP-T179 primary fold=3 lr0=1e-03 ===
=== EXP-T179 primary fold=3 lr0=1e-02 ===
/workspace_developability_acquisition/developability_drilldown/models/antibody_transformer/model.py:347: UserWarning: enable_nested_tensor is True, but self.use_nested_tensor is False because encoder_layer.norm_first was True
  self.encoder = nn.TransformerEncoder(_make_encoder_layer(), num_layers=n_layers)
=== EXP-T179 primary fold=4 lr0=1e-05 ===
=== EXP-T179 primary fold=4 lr0=1e-04 ===
=== EXP-T179 primary fold=4 lr0=1e-03 ===
=== EXP-T179 primary fold=4 lr0=1e-02 ===
/workspace_developability_acquisition/developability_drilldown/models/antibody_transformer/model.py:347: UserWarning: enable_nested_tensor is True, but self.use_nested_tensor is False because encoder_layer.norm_first was True
  self.encoder = nn.TransformerEncoder(_make_encoder_layer(), num_layers=n_layers)
=== EXP-T179 shadow fold=0 lr0=1e-05 ===
=== EXP-T179 shadow fold=0 lr0=1e-04 ===
=== EXP-T179 shadow fold=0 lr0=1e-03 ===
=== EXP-T179 shadow fold=0 lr0=1e-02 ===
/workspace_developability_acquisition/developability_drilldown/models/antibody_transformer/model.py:347: UserWarning: enable_nested_tensor is True, but self.use_nested_tensor is False because encoder_layer.norm_first was True
  self.encoder = nn.TransformerEncoder(_make_encoder_layer(), num_layers=n_layers)
=== EXP-T179 shadow fold=1 lr0=1e-05 ===
=== EXP-T179 shadow fold=1 lr0=1e-04 ===
=== EXP-T179 shadow fold=1 lr0=1e-03 ===
=== EXP-T179 shadow fold=1 lr0=1e-02 ===
/workspace_developability_acquisition/developability_drilldown/models/antibody_transformer/model.py:347: UserWarning: enable_nested_tensor is True, but self.use_nested_tensor is False because encoder_layer.norm_first was True
  self.encoder = nn.TransformerEncoder(_make_encoder_layer(), num_layers=n_layers)
=== EXP-T179 shadow fold=2 lr0=1e-05 ===
=== EXP-T179 shadow fold=2 lr0=1e-04 ===
=== EXP-T179 shadow fold=2 lr0=1e-03 ===
=== EXP-T179 shadow fold=2 lr0=1e-02 ===
/workspace_developability_acquisition/developability_drilldown/models/antibody_transformer/model.py:347: UserWarning: enable_nested_tensor is True, but self.use_nested_tensor is False because encoder_layer.norm_first was True
  self.encoder = nn.TransformerEncoder(_make_encoder_layer(), num_layers=n_layers)
=== EXP-T179 shadow fold=3 lr0=1e-05 ===
=== EXP-T179 shadow fold=3 lr0=1e-04 ===
=== EXP-T179 shadow fold=3 lr0=1e-03 ===
=== EXP-T179 shadow fold=3 lr0=1e-02 ===
/workspace_developability_acquisition/developability_drilldown/models/antibody_transformer/model.py:347: UserWarning: enable_nested_tensor is True, but self.use_nested_tensor is False because encoder_layer.norm_first was True
  self.encoder = nn.TransformerEncoder(_make_encoder_layer(), num_layers=n_layers)
=== EXP-T179 shadow fold=4 lr0=1e-05 ===
=== EXP-T179 shadow fold=4 lr0=1e-04 ===
=== EXP-T179 shadow fold=4 lr0=1e-03 ===
=== EXP-T179 shadow fold=4 lr0=1e-02 ===
/workspace_developability_acquisition/developability_drilldown/models/antibody_transformer/model.py:347: UserWarning: enable_nested_tensor is True, but self.use_nested_tensor is False because encoder_layer.norm_first was True
  self.encoder = nn.TransformerEncoder(_make_encoder_layer(), num_layers=n_layers)
DONE EXP-T179 mean=3.347741
==== TRAIN EXP-T180 ablingua/C/BASE ====
/workspace_developability_acquisition/developability_drilldown/models/antibody_transformer/model.py:347: UserWarning: enable_nested_tensor is True, but self.use_nested_tensor is False because encoder_layer.norm_first was True
  self.encoder = nn.TransformerEncoder(_make_encoder_layer(), num_layers=n_layers)
=== EXP-T180 primary fold=0 lr0=1e-05 ===
=== EXP-T180 primary fold=0 lr0=1e-04 ===
=== EXP-T180 primary fold=0 lr0=1e-03 ===
=== EXP-T180 primary fold=0 lr0=1e-02 ===
/workspace_developability_acquisition/developability_drilldown/models/antibody_transformer/model.py:347: UserWarning: enable_nested_tensor is True, but self.use_nested_tensor is False because encoder_layer.norm_first was True
  self.encoder = nn.TransformerEncoder(_make_encoder_layer(), num_layers=n_layers)
=== EXP-T180 primary fold=1 lr0=1e-05 ===
=== EXP-T180 primary fold=1 lr0=1e-04 ===
=== EXP-T180 primary fold=1 lr0=1e-03 ===
=== EXP-T180 primary fold=1 lr0=1e-02 ===
/workspace_developability_acquisition/developability_drilldown/models/antibody_transformer/model.py:347: UserWarning: enable_nested_tensor is True, but self.use_nested_tensor is False because encoder_layer.norm_first was True
  self.encoder = nn.TransformerEncoder(_make_encoder_layer(), num_layers=n_layers)
=== EXP-T180 primary fold=2 lr0=1e-05 ===
=== EXP-T180 primary fold=2 lr0=1e-04 ===
=== EXP-T180 primary fold=2 lr0=1e-03 ===
=== EXP-T180 primary fold=2 lr0=1e-02 ===
/workspace_developability_acquisition/developability_drilldown/models/antibody_transformer/model.py:347: UserWarning: enable_nested_tensor is True, but self.use_nested_tensor is False because encoder_layer.norm_first was True
  self.encoder = nn.TransformerEncoder(_make_encoder_layer(), num_layers=n_layers)
=== EXP-T180 primary fold=3 lr0=1e-05 ===
=== EXP-T180 primary fold=3 lr0=1e-04 ===
=== EXP-T180 primary fold=3 lr0=1e-03 ===
=== EXP-T180 primary fold=3 lr0=1e-02 ===
/workspace_developability_acquisition/developability_drilldown/models/antibody_transformer/model.py:347: UserWarning: enable_nested_tensor is True, but self.use_nested_tensor is False because encoder_layer.norm_first was True
  self.encoder = nn.TransformerEncoder(_make_encoder_layer(), num_layers=n_layers)
=== EXP-T180 primary fold=4 lr0=1e-05 ===
=== EXP-T180 primary fold=4 lr0=1e-04 ===
=== EXP-T180 primary fold=4 lr0=1e-03 ===
=== EXP-T180 primary fold=4 lr0=1e-02 ===
/workspace_developability_acquisition/developability_drilldown/models/antibody_transformer/model.py:347: UserWarning: enable_nested_tensor is True, but self.use_nested_tensor is False because encoder_layer.norm_first was True
  self.encoder = nn.TransformerEncoder(_make_encoder_layer(), num_layers=n_layers)
=== EXP-T180 shadow fold=0 lr0=1e-05 ===
=== EXP-T180 shadow fold=0 lr0=1e-04 ===
=== EXP-T180 shadow fold=0 lr0=1e-03 ===
=== EXP-T180 shadow fold=0 lr0=1e-02 ===
/workspace_developability_acquisition/developability_drilldown/models/antibody_transformer/model.py:347: UserWarning: enable_nested_tensor is True, but self.use_nested_tensor is False because encoder_layer.norm_first was True
  self.encoder = nn.TransformerEncoder(_make_encoder_layer(), num_layers=n_layers)
=== EXP-T180 shadow fold=1 lr0=1e-05 ===
=== EXP-T180 shadow fold=1 lr0=1e-04 ===
=== EXP-T180 shadow fold=1 lr0=1e-03 ===
=== EXP-T180 shadow fold=1 lr0=1e-02 ===
/workspace_developability_acquisition/developability_drilldown/models/antibody_transformer/model.py:347: UserWarning: enable_nested_tensor is True, but self.use_nested_tensor is False because encoder_layer.norm_first was True
  self.encoder = nn.TransformerEncoder(_make_encoder_layer(), num_layers=n_layers)
=== EXP-T180 shadow fold=2 lr0=1e-05 ===
=== EXP-T180 shadow fold=2 lr0=1e-04 ===
=== EXP-T180 shadow fold=2 lr0=1e-03 ===
=== EXP-T180 shadow fold=2 lr0=1e-02 ===
/workspace_developability_acquisition/developability_drilldown/models/antibody_transformer/model.py:347: UserWarning: enable_nested_tensor is True, but self.use_nested_tensor is False because encoder_layer.norm_first was True
  self.encoder = nn.TransformerEncoder(_make_encoder_layer(), num_layers=n_layers)
=== EXP-T180 shadow fold=3 lr0=1e-05 ===
=== EXP-T180 shadow fold=3 lr0=1e-04 ===
=== EXP-T180 shadow fold=3 lr0=1e-03 ===
=== EXP-T180 shadow fold=3 lr0=1e-02 ===
/workspace_developability_acquisition/developability_drilldown/models/antibody_transformer/model.py:347: UserWarning: enable_nested_tensor is True, but self.use_nested_tensor is False because encoder_layer.norm_first was True
  self.encoder = nn.TransformerEncoder(_make_encoder_layer(), num_layers=n_layers)
=== EXP-T180 shadow fold=4 lr0=1e-05 ===
=== EXP-T180 shadow fold=4 lr0=1e-04 ===
=== EXP-T180 shadow fold=4 lr0=1e-03 ===
=== EXP-T180 shadow fold=4 lr0=1e-02 ===
/workspace_developability_acquisition/developability_drilldown/models/antibody_transformer/model.py:347: UserWarning: enable_nested_tensor is True, but self.use_nested_tensor is False because encoder_layer.norm_first was True
  self.encoder = nn.TransformerEncoder(_make_encoder_layer(), num_layers=n_layers)
DONE EXP-T180 mean=3.305325
==== TRAIN EXP-T181 ablingua/D/BASE ====
/workspace_developability_acquisition/developability_drilldown/models/antibody_transformer/model.py:347: UserWarning: enable_nested_tensor is True, but self.use_nested_tensor is False because encoder_layer.norm_first was True
  self.encoder = nn.TransformerEncoder(_make_encoder_layer(), num_layers=n_layers)
=== EXP-T181 primary fold=0 lr0=1e-05 ===
=== EXP-T181 primary fold=0 lr0=1e-04 ===
=== EXP-T181 primary fold=0 lr0=1e-03 ===
=== EXP-T181 primary fold=0 lr0=1e-02 ===
/workspace_developability_acquisition/developability_drilldown/models/antibody_transformer/model.py:347: UserWarning: enable_nested_tensor is True, but self.use_nested_tensor is False because encoder_layer.norm_first was True
  self.encoder = nn.TransformerEncoder(_make_encoder_layer(), num_layers=n_layers)
=== EXP-T181 primary fold=1 lr0=1e-05 ===
=== EXP-T181 primary fold=1 lr0=1e-04 ===
=== EXP-T181 primary fold=1 lr0=1e-03 ===
=== EXP-T181 primary fold=1 lr0=1e-02 ===
/workspace_developability_acquisition/developability_drilldown/models/antibody_transformer/model.py:347: UserWarning: enable_nested_tensor is True, but self.use_nested_tensor is False because encoder_layer.norm_first was True
  self.encoder = nn.TransformerEncoder(_make_encoder_layer(), num_layers=n_layers)
=== EXP-T181 primary fold=2 lr0=1e-05 ===
=== EXP-T181 primary fold=2 lr0=1e-04 ===
=== EXP-T181 primary fold=2 lr0=1e-03 ===
=== EXP-T181 primary fold=2 lr0=1e-02 ===
/workspace_developability_acquisition/developability_drilldown/models/antibody_transformer/model.py:347: UserWarning: enable_nested_tensor is True, but self.use_nested_tensor is False because encoder_layer.norm_first was True
  self.encoder = nn.TransformerEncoder(_make_encoder_layer(), num_layers=n_layers)
=== EXP-T181 primary fold=3 lr0=1e-05 ===
=== EXP-T181 primary fold=3 lr0=1e-04 ===
=== EXP-T181 primary fold=3 lr0=1e-03 ===
=== EXP-T181 primary fold=3 lr0=1e-02 ===
/workspace_developability_acquisition/developability_drilldown/models/antibody_transformer/model.py:347: UserWarning: enable_nested_tensor is True, but self.use_nested_tensor is False because encoder_layer.norm_first was True
  self.encoder = nn.TransformerEncoder(_make_encoder_layer(), num_layers=n_layers)
=== EXP-T181 primary fold=4 lr0=1e-05 ===
=== EXP-T181 primary fold=4 lr0=1e-04 ===
=== EXP-T181 primary fold=4 lr0=1e-03 ===
=== EXP-T181 primary fold=4 lr0=1e-02 ===
/workspace_developability_acquisition/developability_drilldown/models/antibody_transformer/model.py:347: UserWarning: enable_nested_tensor is True, but self.use_nested_tensor is False because encoder_layer.norm_first was True
  self.encoder = nn.TransformerEncoder(_make_encoder_layer(), num_layers=n_layers)
=== EXP-T181 shadow fold=0 lr0=1e-05 ===
=== EXP-T181 shadow fold=0 lr0=1e-04 ===
=== EXP-T181 shadow fold=0 lr0=1e-03 ===
=== EXP-T181 shadow fold=0 lr0=1e-02 ===
/workspace_developability_acquisition/developability_drilldown/models/antibody_transformer/model.py:347: UserWarning: enable_nested_tensor is True, but self.use_nested_tensor is False because encoder_layer.norm_first was True
  self.encoder = nn.TransformerEncoder(_make_encoder_layer(), num_layers=n_layers)
=== EXP-T181 shadow fold=1 lr0=1e-05 ===
=== EXP-T181 shadow fold=1 lr0=1e-04 ===
=== EXP-T181 shadow fold=1 lr0=1e-03 ===
=== EXP-T181 shadow fold=1 lr0=1e-02 ===
/workspace_developability_acquisition/developability_drilldown/models/antibody_transformer/model.py:347: UserWarning: enable_nested_tensor is True, but self.use_nested_tensor is False because encoder_layer.norm_first was True
  self.encoder = nn.TransformerEncoder(_make_encoder_layer(), num_layers=n_layers)
=== EXP-T181 shadow fold=2 lr0=1e-05 ===
=== EXP-T181 shadow fold=2 lr0=1e-04 ===
=== EXP-T181 shadow fold=2 lr0=1e-03 ===
=== EXP-T181 shadow fold=2 lr0=1e-02 ===
/workspace_developability_acquisition/developability_drilldown/models/antibody_transformer/model.py:347: UserWarning: enable_nested_tensor is True, but self.use_nested_tensor is False because encoder_layer.norm_first was True
  self.encoder = nn.TransformerEncoder(_make_encoder_layer(), num_layers=n_layers)
=== EXP-T181 shadow fold=3 lr0=1e-05 ===
=== EXP-T181 shadow fold=3 lr0=1e-04 ===
=== EXP-T181 shadow fold=3 lr0=1e-03 ===
=== EXP-T181 shadow fold=3 lr0=1e-02 ===
/workspace_developability_acquisition/developability_drilldown/models/antibody_transformer/model.py:347: UserWarning: enable_nested_tensor is True, but self.use_nested_tensor is False because encoder_layer.norm_first was True
  self.encoder = nn.TransformerEncoder(_make_encoder_layer(), num_layers=n_layers)
=== EXP-T181 shadow fold=4 lr0=1e-05 ===
=== EXP-T181 shadow fold=4 lr0=1e-04 ===
=== EXP-T181 shadow fold=4 lr0=1e-03 ===
=== EXP-T181 shadow fold=4 lr0=1e-02 ===
/workspace_developability_acquisition/developability_drilldown/models/antibody_transformer/model.py:347: UserWarning: enable_nested_tensor is True, but self.use_nested_tensor is False because encoder_layer.norm_first was True
  self.encoder = nn.TransformerEncoder(_make_encoder_layer(), num_layers=n_layers)
DONE EXP-T181 mean=3.351580
==== TRAIN EXP-T182 ablingua/A/IMGT ====
/workspace_developability_acquisition/developability_drilldown/models/antibody_transformer/model.py:347: UserWarning: enable_nested_tensor is True, but self.use_nested_tensor is False because encoder_layer.norm_first was True
  self.encoder = nn.TransformerEncoder(_make_encoder_layer(), num_layers=n_layers)
=== EXP-T182 primary fold=0 lr0=1e-05 ===
=== EXP-T182 primary fold=0 lr0=1e-04 ===
=== EXP-T182 primary fold=0 lr0=1e-03 ===
=== EXP-T182 primary fold=0 lr0=1e-02 ===
/workspace_developability_acquisition/developability_drilldown/models/antibody_transformer/model.py:347: UserWarning: enable_nested_tensor is True, but self.use_nested_tensor is False because encoder_layer.norm_first was True
  self.encoder = nn.TransformerEncoder(_make_encoder_layer(), num_layers=n_layers)
=== EXP-T182 primary fold=1 lr0=1e-05 ===
=== EXP-T182 primary fold=1 lr0=1e-04 ===
=== EXP-T182 primary fold=1 lr0=1e-03 ===
=== EXP-T182 primary fold=1 lr0=1e-02 ===
/workspace_developability_acquisition/developability_drilldown/models/antibody_transformer/model.py:347: UserWarning: enable_nested_tensor is True, but self.use_nested_tensor is False because encoder_layer.norm_first was True
  self.encoder = nn.TransformerEncoder(_make_encoder_layer(), num_layers=n_layers)
=== EXP-T182 primary fold=2 lr0=1e-05 ===
=== EXP-T182 primary fold=2 lr0=1e-04 ===
=== EXP-T182 primary fold=2 lr0=1e-03 ===
=== EXP-T182 primary fold=2 lr0=1e-02 ===
/workspace_developability_acquisition/developability_drilldown/models/antibody_transformer/model.py:347: UserWarning: enable_nested_tensor is True, but self.use_nested_tensor is False because encoder_layer.norm_first was True
  self.encoder = nn.TransformerEncoder(_make_encoder_layer(), num_layers=n_layers)
=== EXP-T182 primary fold=3 lr0=1e-05 ===
=== EXP-T182 primary fold=3 lr0=1e-04 ===
=== EXP-T182 primary fold=3 lr0=1e-03 ===
=== EXP-T182 primary fold=3 lr0=1e-02 ===
/workspace_developability_acquisition/developability_drilldown/models/antibody_transformer/model.py:347: UserWarning: enable_nested_tensor is True, but self.use_nested_tensor is False because encoder_layer.norm_first was True
  self.encoder = nn.TransformerEncoder(_make_encoder_layer(), num_layers=n_layers)
=== EXP-T182 primary fold=4 lr0=1e-05 ===
=== EXP-T182 primary fold=4 lr0=1e-04 ===
=== EXP-T182 primary fold=4 lr0=1e-03 ===
=== EXP-T182 primary fold=4 lr0=1e-02 ===
/workspace_developability_acquisition/developability_drilldown/models/antibody_transformer/model.py:347: UserWarning: enable_nested_tensor is True, but self.use_nested_tensor is False because encoder_layer.norm_first was True
  self.encoder = nn.TransformerEncoder(_make_encoder_layer(), num_layers=n_layers)
=== EXP-T182 shadow fold=0 lr0=1e-05 ===
=== EXP-T182 shadow fold=0 lr0=1e-04 ===
=== EXP-T182 shadow fold=0 lr0=1e-03 ===
=== EXP-T182 shadow fold=0 lr0=1e-02 ===
/workspace_developability_acquisition/developability_drilldown/models/antibody_transformer/model.py:347: UserWarning: enable_nested_tensor is True, but self.use_nested_tensor is False because encoder_layer.norm_first was True
  self.encoder = nn.TransformerEncoder(_make_encoder_layer(), num_layers=n_layers)
=== EXP-T182 shadow fold=1 lr0=1e-05 ===
=== EXP-T182 shadow fold=1 lr0=1e-04 ===
=== EXP-T182 shadow fold=1 lr0=1e-03 ===
=== EXP-T182 shadow fold=1 lr0=1e-02 ===
/workspace_developability_acquisition/developability_drilldown/models/antibody_transformer/model.py:347: UserWarning: enable_nested_tensor is True, but self.use_nested_tensor is False because encoder_layer.norm_first was True
  self.encoder = nn.TransformerEncoder(_make_encoder_layer(), num_layers=n_layers)
=== EXP-T182 shadow fold=2 lr0=1e-05 ===
=== EXP-T182 shadow fold=2 lr0=1e-04 ===
=== EXP-T182 shadow fold=2 lr0=1e-03 ===
=== EXP-T182 shadow fold=2 lr0=1e-02 ===
/workspace_developability_acquisition/developability_drilldown/models/antibody_transformer/model.py:347: UserWarning: enable_nested_tensor is True, but self.use_nested_tensor is False because encoder_layer.norm_first was True
  self.encoder = nn.TransformerEncoder(_make_encoder_layer(), num_layers=n_layers)
=== EXP-T182 shadow fold=3 lr0=1e-05 ===
=== EXP-T182 shadow fold=3 lr0=1e-04 ===
=== EXP-T182 shadow fold=3 lr0=1e-03 ===
=== EXP-T182 shadow fold=3 lr0=1e-02 ===
/workspace_developability_acquisition/developability_drilldown/models/antibody_transformer/model.py:347: UserWarning: enable_nested_tensor is True, but self.use_nested_tensor is False because encoder_layer.norm_first was True
  self.encoder = nn.TransformerEncoder(_make_encoder_layer(), num_layers=n_layers)
=== EXP-T182 shadow fold=4 lr0=1e-05 ===
=== EXP-T182 shadow fold=4 lr0=1e-04 ===
=== EXP-T182 shadow fold=4 lr0=1e-03 ===
=== EXP-T182 shadow fold=4 lr0=1e-02 ===
/workspace_developability_acquisition/developability_drilldown/models/antibody_transformer/model.py:347: UserWarning: enable_nested_tensor is True, but self.use_nested_tensor is False because encoder_layer.norm_first was True
  self.encoder = nn.TransformerEncoder(_make_encoder_layer(), num_layers=n_layers)
DONE EXP-T182 mean=3.360809
==== TRAIN EXP-T183 ablingua/B1/IMGT ====
/workspace_developability_acquisition/developability_drilldown/models/antibody_transformer/model.py:347: UserWarning: enable_nested_tensor is True, but self.use_nested_tensor is False because encoder_layer.norm_first was True
  self.encoder = nn.TransformerEncoder(_make_encoder_layer(), num_layers=n_layers)
=== EXP-T183 primary fold=0 lr0=1e-05 ===
=== EXP-T183 primary fold=0 lr0=1e-04 ===
=== EXP-T183 primary fold=0 lr0=1e-03 ===
=== EXP-T183 primary fold=0 lr0=1e-02 ===
/workspace_developability_acquisition/developability_drilldown/models/antibody_transformer/model.py:347: UserWarning: enable_nested_tensor is True, but self.use_nested_tensor is False because encoder_layer.norm_first was True
  self.encoder = nn.TransformerEncoder(_make_encoder_layer(), num_layers=n_layers)
=== EXP-T183 primary fold=1 lr0=1e-05 ===
=== EXP-T183 primary fold=1 lr0=1e-04 ===
=== EXP-T183 primary fold=1 lr0=1e-03 ===
=== EXP-T183 primary fold=1 lr0=1e-02 ===
/workspace_developability_acquisition/developability_drilldown/models/antibody_transformer/model.py:347: UserWarning: enable_nested_tensor is True, but self.use_nested_tensor is False because encoder_layer.norm_first was True
  self.encoder = nn.TransformerEncoder(_make_encoder_layer(), num_layers=n_layers)
=== EXP-T183 primary fold=2 lr0=1e-05 ===
=== EXP-T183 primary fold=2 lr0=1e-04 ===
=== EXP-T183 primary fold=2 lr0=1e-03 ===
=== EXP-T183 primary fold=2 lr0=1e-02 ===
/workspace_developability_acquisition/developability_drilldown/models/antibody_transformer/model.py:347: UserWarning: enable_nested_tensor is True, but self.use_nested_tensor is False because encoder_layer.norm_first was True
  self.encoder = nn.TransformerEncoder(_make_encoder_layer(), num_layers=n_layers)
=== EXP-T183 primary fold=3 lr0=1e-05 ===
=== EXP-T183 primary fold=3 lr0=1e-04 ===
=== EXP-T183 primary fold=3 lr0=1e-03 ===
=== EXP-T183 primary fold=3 lr0=1e-02 ===
/workspace_developability_acquisition/developability_drilldown/models/antibody_transformer/model.py:347: UserWarning: enable_nested_tensor is True, but self.use_nested_tensor is False because encoder_layer.norm_first was True
  self.encoder = nn.TransformerEncoder(_make_encoder_layer(), num_layers=n_layers)
=== EXP-T183 primary fold=4 lr0=1e-05 ===
=== EXP-T183 primary fold=4 lr0=1e-04 ===
=== EXP-T183 primary fold=4 lr0=1e-03 ===
=== EXP-T183 primary fold=4 lr0=1e-02 ===
/workspace_developability_acquisition/developability_drilldown/models/antibody_transformer/model.py:347: UserWarning: enable_nested_tensor is True, but self.use_nested_tensor is False because encoder_layer.norm_first was True
  self.encoder = nn.TransformerEncoder(_make_encoder_layer(), num_layers=n_layers)
=== EXP-T183 shadow fold=0 lr0=1e-05 ===
=== EXP-T183 shadow fold=0 lr0=1e-04 ===
=== EXP-T183 shadow fold=0 lr0=1e-03 ===
=== EXP-T183 shadow fold=0 lr0=1e-02 ===
/workspace_developability_acquisition/developability_drilldown/models/antibody_transformer/model.py:347: UserWarning: enable_nested_tensor is True, but self.use_nested_tensor is False because encoder_layer.norm_first was True
  self.encoder = nn.TransformerEncoder(_make_encoder_layer(), num_layers=n_layers)
=== EXP-T183 shadow fold=1 lr0=1e-05 ===
=== EXP-T183 shadow fold=1 lr0=1e-04 ===
=== EXP-T183 shadow fold=1 lr0=1e-03 ===
=== EXP-T183 shadow fold=1 lr0=1e-02 ===
/workspace_developability_acquisition/developability_drilldown/models/antibody_transformer/model.py:347: UserWarning: enable_nested_tensor is True, but self.use_nested_tensor is False because encoder_layer.norm_first was True
  self.encoder = nn.TransformerEncoder(_make_encoder_layer(), num_layers=n_layers)
=== EXP-T183 shadow fold=2 lr0=1e-05 ===
=== EXP-T183 shadow fold=2 lr0=1e-04 ===
=== EXP-T183 shadow fold=2 lr0=1e-03 ===
=== EXP-T183 shadow fold=2 lr0=1e-02 ===
/workspace_developability_acquisition/developability_drilldown/models/antibody_transformer/model.py:347: UserWarning: enable_nested_tensor is True, but self.use_nested_tensor is False because encoder_layer.norm_first was True
  self.encoder = nn.TransformerEncoder(_make_encoder_layer(), num_layers=n_layers)
=== EXP-T183 shadow fold=3 lr0=1e-05 ===
=== EXP-T183 shadow fold=3 lr0=1e-04 ===
=== EXP-T183 shadow fold=3 lr0=1e-03 ===
=== EXP-T183 shadow fold=3 lr0=1e-02 ===
/workspace_developability_acquisition/developability_drilldown/models/antibody_transformer/model.py:347: UserWarning: enable_nested_tensor is True, but self.use_nested_tensor is False because encoder_layer.norm_first was True
  self.encoder = nn.TransformerEncoder(_make_encoder_layer(), num_layers=n_layers)
=== EXP-T183 shadow fold=4 lr0=1e-05 ===
=== EXP-T183 shadow fold=4 lr0=1e-04 ===
=== EXP-T183 shadow fold=4 lr0=1e-03 ===
=== EXP-T183 shadow fold=4 lr0=1e-02 ===
/workspace_developability_acquisition/developability_drilldown/models/antibody_transformer/model.py:347: UserWarning: enable_nested_tensor is True, but self.use_nested_tensor is False because encoder_layer.norm_first was True
  self.encoder = nn.TransformerEncoder(_make_encoder_layer(), num_layers=n_layers)
DONE EXP-T183 mean=3.378060
==== TRAIN EXP-T184 ablingua/B2/IMGT ====
/workspace_developability_acquisition/developability_drilldown/models/antibody_transformer/model.py:347: UserWarning: enable_nested_tensor is True, but self.use_nested_tensor is False because encoder_layer.norm_first was True
  self.encoder = nn.TransformerEncoder(_make_encoder_layer(), num_layers=n_layers)
=== EXP-T184 primary fold=0 lr0=1e-05 ===
=== EXP-T184 primary fold=0 lr0=1e-04 ===
=== EXP-T184 primary fold=0 lr0=1e-03 ===
=== EXP-T184 primary fold=0 lr0=1e-02 ===
/workspace_developability_acquisition/developability_drilldown/models/antibody_transformer/model.py:347: UserWarning: enable_nested_tensor is True, but self.use_nested_tensor is False because encoder_layer.norm_first was True
  self.encoder = nn.TransformerEncoder(_make_encoder_layer(), num_layers=n_layers)
=== EXP-T184 primary fold=1 lr0=1e-05 ===
=== EXP-T184 primary fold=1 lr0=1e-04 ===
=== EXP-T184 primary fold=1 lr0=1e-03 ===
=== EXP-T184 primary fold=1 lr0=1e-02 ===
/workspace_developability_acquisition/developability_drilldown/models/antibody_transformer/model.py:347: UserWarning: enable_nested_tensor is True, but self.use_nested_tensor is False because encoder_layer.norm_first was True
  self.encoder = nn.TransformerEncoder(_make_encoder_layer(), num_layers=n_layers)
=== EXP-T184 primary fold=2 lr0=1e-05 ===
=== EXP-T184 primary fold=2 lr0=1e-04 ===
=== EXP-T184 primary fold=2 lr0=1e-03 ===
=== EXP-T184 primary fold=2 lr0=1e-02 ===
/workspace_developability_acquisition/developability_drilldown/models/antibody_transformer/model.py:347: UserWarning: enable_nested_tensor is True, but self.use_nested_tensor is False because encoder_layer.norm_first was True
  self.encoder = nn.TransformerEncoder(_make_encoder_layer(), num_layers=n_layers)
=== EXP-T184 primary fold=3 lr0=1e-05 ===
=== EXP-T184 primary fold=3 lr0=1e-04 ===
=== EXP-T184 primary fold=3 lr0=1e-03 ===
=== EXP-T184 primary fold=3 lr0=1e-02 ===
/workspace_developability_acquisition/developability_drilldown/models/antibody_transformer/model.py:347: UserWarning: enable_nested_tensor is True, but self.use_nested_tensor is False because encoder_layer.norm_first was True
  self.encoder = nn.TransformerEncoder(_make_encoder_layer(), num_layers=n_layers)
=== EXP-T184 primary fold=4 lr0=1e-05 ===
=== EXP-T184 primary fold=4 lr0=1e-04 ===
=== EXP-T184 primary fold=4 lr0=1e-03 ===
=== EXP-T184 primary fold=4 lr0=1e-02 ===
/workspace_developability_acquisition/developability_drilldown/models/antibody_transformer/model.py:347: UserWarning: enable_nested_tensor is True, but self.use_nested_tensor is False because encoder_layer.norm_first was True
  self.encoder = nn.TransformerEncoder(_make_encoder_layer(), num_layers=n_layers)
=== EXP-T184 shadow fold=0 lr0=1e-05 ===
=== EXP-T184 shadow fold=0 lr0=1e-04 ===
=== EXP-T184 shadow fold=0 lr0=1e-03 ===
=== EXP-T184 shadow fold=0 lr0=1e-02 ===
/workspace_developability_acquisition/developability_drilldown/models/antibody_transformer/model.py:347: UserWarning: enable_nested_tensor is True, but self.use_nested_tensor is False because encoder_layer.norm_first was True
  self.encoder = nn.TransformerEncoder(_make_encoder_layer(), num_layers=n_layers)
=== EXP-T184 shadow fold=1 lr0=1e-05 ===
=== EXP-T184 shadow fold=1 lr0=1e-04 ===
=== EXP-T184 shadow fold=1 lr0=1e-03 ===
=== EXP-T184 shadow fold=1 lr0=1e-02 ===
/workspace_developability_acquisition/developability_drilldown/models/antibody_transformer/model.py:347: UserWarning: enable_nested_tensor is True, but self.use_nested_tensor is False because encoder_layer.norm_first was True
  self.encoder = nn.TransformerEncoder(_make_encoder_layer(), num_layers=n_layers)
=== EXP-T184 shadow fold=2 lr0=1e-05 ===
=== EXP-T184 shadow fold=2 lr0=1e-04 ===
=== EXP-T184 shadow fold=2 lr0=1e-03 ===
=== EXP-T184 shadow fold=2 lr0=1e-02 ===
/workspace_developability_acquisition/developability_drilldown/models/antibody_transformer/model.py:347: UserWarning: enable_nested_tensor is True, but self.use_nested_tensor is False because encoder_layer.norm_first was True
  self.encoder = nn.TransformerEncoder(_make_encoder_layer(), num_layers=n_layers)
=== EXP-T184 shadow fold=3 lr0=1e-05 ===
=== EXP-T184 shadow fold=3 lr0=1e-04 ===
=== EXP-T184 shadow fold=3 lr0=1e-03 ===
=== EXP-T184 shadow fold=3 lr0=1e-02 ===
/workspace_developability_acquisition/developability_drilldown/models/antibody_transformer/model.py:347: UserWarning: enable_nested_tensor is True, but self.use_nested_tensor is False because encoder_layer.norm_first was True
  self.encoder = nn.TransformerEncoder(_make_encoder_layer(), num_layers=n_layers)
=== EXP-T184 shadow fold=4 lr0=1e-05 ===
=== EXP-T184 shadow fold=4 lr0=1e-04 ===
=== EXP-T184 shadow fold=4 lr0=1e-03 ===
=== EXP-T184 shadow fold=4 lr0=1e-02 ===
/workspace_developability_acquisition/developability_drilldown/models/antibody_transformer/model.py:347: UserWarning: enable_nested_tensor is True, but self.use_nested_tensor is False because encoder_layer.norm_first was True
  self.encoder = nn.TransformerEncoder(_make_encoder_layer(), num_layers=n_layers)
DONE EXP-T184 mean=3.388979
==== TRAIN EXP-T185 ablingua/C/IMGT ====
/workspace_developability_acquisition/developability_drilldown/models/antibody_transformer/model.py:347: UserWarning: enable_nested_tensor is True, but self.use_nested_tensor is False because encoder_layer.norm_first was True
  self.encoder = nn.TransformerEncoder(_make_encoder_layer(), num_layers=n_layers)
=== EXP-T185 primary fold=0 lr0=1e-05 ===
=== EXP-T185 primary fold=0 lr0=1e-04 ===
=== EXP-T185 primary fold=0 lr0=1e-03 ===
=== EXP-T185 primary fold=0 lr0=1e-02 ===
/workspace_developability_acquisition/developability_drilldown/models/antibody_transformer/model.py:347: UserWarning: enable_nested_tensor is True, but self.use_nested_tensor is False because encoder_layer.norm_first was True
  self.encoder = nn.TransformerEncoder(_make_encoder_layer(), num_layers=n_layers)
=== EXP-T185 primary fold=1 lr0=1e-05 ===
=== EXP-T185 primary fold=1 lr0=1e-04 ===
=== EXP-T185 primary fold=1 lr0=1e-03 ===
=== EXP-T185 primary fold=1 lr0=1e-02 ===
/workspace_developability_acquisition/developability_drilldown/models/antibody_transformer/model.py:347: UserWarning: enable_nested_tensor is True, but self.use_nested_tensor is False because encoder_layer.norm_first was True
  self.encoder = nn.TransformerEncoder(_make_encoder_layer(), num_layers=n_layers)
=== EXP-T185 primary fold=2 lr0=1e-05 ===
=== EXP-T185 primary fold=2 lr0=1e-04 ===
=== EXP-T185 primary fold=2 lr0=1e-03 ===
=== EXP-T185 primary fold=2 lr0=1e-02 ===
/workspace_developability_acquisition/developability_drilldown/models/antibody_transformer/model.py:347: UserWarning: enable_nested_tensor is True, but self.use_nested_tensor is False because encoder_layer.norm_first was True
  self.encoder = nn.TransformerEncoder(_make_encoder_layer(), num_layers=n_layers)
=== EXP-T185 primary fold=3 lr0=1e-05 ===
=== EXP-T185 primary fold=3 lr0=1e-04 ===
=== EXP-T185 primary fold=3 lr0=1e-03 ===
=== EXP-T185 primary fold=3 lr0=1e-02 ===
/workspace_developability_acquisition/developability_drilldown/models/antibody_transformer/model.py:347: UserWarning: enable_nested_tensor is True, but self.use_nested_tensor is False because encoder_layer.norm_first was True
  self.encoder = nn.TransformerEncoder(_make_encoder_layer(), num_layers=n_layers)
=== EXP-T185 primary fold=4 lr0=1e-05 ===
=== EXP-T185 primary fold=4 lr0=1e-04 ===
=== EXP-T185 primary fold=4 lr0=1e-03 ===
=== EXP-T185 primary fold=4 lr0=1e-02 ===
/workspace_developability_acquisition/developability_drilldown/models/antibody_transformer/model.py:347: UserWarning: enable_nested_tensor is True, but self.use_nested_tensor is False because encoder_layer.norm_first was True
  self.encoder = nn.TransformerEncoder(_make_encoder_layer(), num_layers=n_layers)
=== EXP-T185 shadow fold=0 lr0=1e-05 ===
=== EXP-T185 shadow fold=0 lr0=1e-04 ===
=== EXP-T185 shadow fold=0 lr0=1e-03 ===
=== EXP-T185 shadow fold=0 lr0=1e-02 ===
/workspace_developability_acquisition/developability_drilldown/models/antibody_transformer/model.py:347: UserWarning: enable_nested_tensor is True, but self.use_nested_tensor is False because encoder_layer.norm_first was True
  self.encoder = nn.TransformerEncoder(_make_encoder_layer(), num_layers=n_layers)
=== EXP-T185 shadow fold=1 lr0=1e-05 ===
=== EXP-T185 shadow fold=1 lr0=1e-04 ===
=== EXP-T185 shadow fold=1 lr0=1e-03 ===
=== EXP-T185 shadow fold=1 lr0=1e-02 ===
/workspace_developability_acquisition/developability_drilldown/models/antibody_transformer/model.py:347: UserWarning: enable_nested_tensor is True, but self.use_nested_tensor is False because encoder_layer.norm_first was True
  self.encoder = nn.TransformerEncoder(_make_encoder_layer(), num_layers=n_layers)
=== EXP-T185 shadow fold=2 lr0=1e-05 ===
=== EXP-T185 shadow fold=2 lr0=1e-04 ===
=== EXP-T185 shadow fold=2 lr0=1e-03 ===
=== EXP-T185 shadow fold=2 lr0=1e-02 ===
/workspace_developability_acquisition/developability_drilldown/models/antibody_transformer/model.py:347: UserWarning: enable_nested_tensor is True, but self.use_nested_tensor is False because encoder_layer.norm_first was True
  self.encoder = nn.TransformerEncoder(_make_encoder_layer(), num_layers=n_layers)
=== EXP-T185 shadow fold=3 lr0=1e-05 ===
=== EXP-T185 shadow fold=3 lr0=1e-04 ===
=== EXP-T185 shadow fold=3 lr0=1e-03 ===
=== EXP-T185 shadow fold=3 lr0=1e-02 ===
/workspace_developability_acquisition/developability_drilldown/models/antibody_transformer/model.py:347: UserWarning: enable_nested_tensor is True, but self.use_nested_tensor is False because encoder_layer.norm_first was True
  self.encoder = nn.TransformerEncoder(_make_encoder_layer(), num_layers=n_layers)
=== EXP-T185 shadow fold=4 lr0=1e-05 ===
=== EXP-T185 shadow fold=4 lr0=1e-04 ===
=== EXP-T185 shadow fold=4 lr0=1e-03 ===
=== EXP-T185 shadow fold=4 lr0=1e-02 ===
/workspace_developability_acquisition/developability_drilldown/models/antibody_transformer/model.py:347: UserWarning: enable_nested_tensor is True, but self.use_nested_tensor is False because encoder_layer.norm_first was True
  self.encoder = nn.TransformerEncoder(_make_encoder_layer(), num_layers=n_layers)
DONE EXP-T185 mean=3.368557
==== TRAIN EXP-T186 ablingua/D/IMGT ====
/workspace_developability_acquisition/developability_drilldown/models/antibody_transformer/model.py:347: UserWarning: enable_nested_tensor is True, but self.use_nested_tensor is False because encoder_layer.norm_first was True
  self.encoder = nn.TransformerEncoder(_make_encoder_layer(), num_layers=n_layers)
=== EXP-T186 primary fold=0 lr0=1e-05 ===
=== EXP-T186 primary fold=0 lr0=1e-04 ===
=== EXP-T186 primary fold=0 lr0=1e-03 ===
=== EXP-T186 primary fold=0 lr0=1e-02 ===
/workspace_developability_acquisition/developability_drilldown/models/antibody_transformer/model.py:347: UserWarning: enable_nested_tensor is True, but self.use_nested_tensor is False because encoder_layer.norm_first was True
  self.encoder = nn.TransformerEncoder(_make_encoder_layer(), num_layers=n_layers)
=== EXP-T186 primary fold=1 lr0=1e-05 ===
=== EXP-T186 primary fold=1 lr0=1e-04 ===
=== EXP-T186 primary fold=1 lr0=1e-03 ===
=== EXP-T186 primary fold=1 lr0=1e-02 ===
/workspace_developability_acquisition/developability_drilldown/models/antibody_transformer/model.py:347: UserWarning: enable_nested_tensor is True, but self.use_nested_tensor is False because encoder_layer.norm_first was True
  self.encoder = nn.TransformerEncoder(_make_encoder_layer(), num_layers=n_layers)
=== EXP-T186 primary fold=2 lr0=1e-05 ===
=== EXP-T186 primary fold=2 lr0=1e-04 ===
=== EXP-T186 primary fold=2 lr0=1e-03 ===
=== EXP-T186 primary fold=2 lr0=1e-02 ===
/workspace_developability_acquisition/developability_drilldown/models/antibody_transformer/model.py:347: UserWarning: enable_nested_tensor is True, but self.use_nested_tensor is False because encoder_layer.norm_first was True
  self.encoder = nn.TransformerEncoder(_make_encoder_layer(), num_layers=n_layers)
=== EXP-T186 primary fold=3 lr0=1e-05 ===
=== EXP-T186 primary fold=3 lr0=1e-04 ===
=== EXP-T186 primary fold=3 lr0=1e-03 ===
=== EXP-T186 primary fold=3 lr0=1e-02 ===
/workspace_developability_acquisition/developability_drilldown/models/antibody_transformer/model.py:347: UserWarning: enable_nested_tensor is True, but self.use_nested_tensor is False because encoder_layer.norm_first was True
  self.encoder = nn.TransformerEncoder(_make_encoder_layer(), num_layers=n_layers)
=== EXP-T186 primary fold=4 lr0=1e-05 ===
=== EXP-T186 primary fold=4 lr0=1e-04 ===
=== EXP-T186 primary fold=4 lr0=1e-03 ===
=== EXP-T186 primary fold=4 lr0=1e-02 ===
/workspace_developability_acquisition/developability_drilldown/models/antibody_transformer/model.py:347: UserWarning: enable_nested_tensor is True, but self.use_nested_tensor is False because encoder_layer.norm_first was True
  self.encoder = nn.TransformerEncoder(_make_encoder_layer(), num_layers=n_layers)
=== EXP-T186 shadow fold=0 lr0=1e-05 ===
=== EXP-T186 shadow fold=0 lr0=1e-04 ===
=== EXP-T186 shadow fold=0 lr0=1e-03 ===
=== EXP-T186 shadow fold=0 lr0=1e-02 ===
/workspace_developability_acquisition/developability_drilldown/models/antibody_transformer/model.py:347: UserWarning: enable_nested_tensor is True, but self.use_nested_tensor is False because encoder_layer.norm_first was True
  self.encoder = nn.TransformerEncoder(_make_encoder_layer(), num_layers=n_layers)
=== EXP-T186 shadow fold=1 lr0=1e-05 ===
=== EXP-T186 shadow fold=1 lr0=1e-04 ===
=== EXP-T186 shadow fold=1 lr0=1e-03 ===
=== EXP-T186 shadow fold=1 lr0=1e-02 ===
/workspace_developability_acquisition/developability_drilldown/models/antibody_transformer/model.py:347: UserWarning: enable_nested_tensor is True, but self.use_nested_tensor is False because encoder_layer.norm_first was True
  self.encoder = nn.TransformerEncoder(_make_encoder_layer(), num_layers=n_layers)
=== EXP-T186 shadow fold=2 lr0=1e-05 ===
=== EXP-T186 shadow fold=2 lr0=1e-04 ===
=== EXP-T186 shadow fold=2 lr0=1e-03 ===
=== EXP-T186 shadow fold=2 lr0=1e-02 ===
/workspace_developability_acquisition/developability_drilldown/models/antibody_transformer/model.py:347: UserWarning: enable_nested_tensor is True, but self.use_nested_tensor is False because encoder_layer.norm_first was True
  self.encoder = nn.TransformerEncoder(_make_encoder_layer(), num_layers=n_layers)
=== EXP-T186 shadow fold=3 lr0=1e-05 ===
=== EXP-T186 shadow fold=3 lr0=1e-04 ===
=== EXP-T186 shadow fold=3 lr0=1e-03 ===
=== EXP-T186 shadow fold=3 lr0=1e-02 ===
/workspace_developability_acquisition/developability_drilldown/models/antibody_transformer/model.py:347: UserWarning: enable_nested_tensor is True, but self.use_nested_tensor is False because encoder_layer.norm_first was True
  self.encoder = nn.TransformerEncoder(_make_encoder_layer(), num_layers=n_layers)
=== EXP-T186 shadow fold=4 lr0=1e-05 ===
=== EXP-T186 shadow fold=4 lr0=1e-04 ===
=== EXP-T186 shadow fold=4 lr0=1e-03 ===
=== EXP-T186 shadow fold=4 lr0=1e-02 ===
/workspace_developability_acquisition/developability_drilldown/models/antibody_transformer/model.py:347: UserWarning: enable_nested_tensor is True, but self.use_nested_tensor is False because encoder_layer.norm_first was True
  self.encoder = nn.TransformerEncoder(_make_encoder_layer(), num_layers=n_layers)
DONE EXP-T186 mean=3.245243
==== TRAIN EXP-T187 ablingua/A/REGION ====
/workspace_developability_acquisition/developability_drilldown/models/antibody_transformer/model.py:347: UserWarning: enable_nested_tensor is True, but self.use_nested_tensor is False because encoder_layer.norm_first was True
  self.encoder = nn.TransformerEncoder(_make_encoder_layer(), num_layers=n_layers)
=== EXP-T187 primary fold=0 lr0=1e-05 ===
=== EXP-T187 primary fold=0 lr0=1e-04 ===
=== EXP-T187 primary fold=0 lr0=1e-03 ===
=== EXP-T187 primary fold=0 lr0=1e-02 ===
/workspace_developability_acquisition/developability_drilldown/models/antibody_transformer/model.py:347: UserWarning: enable_nested_tensor is True, but self.use_nested_tensor is False because encoder_layer.norm_first was True
  self.encoder = nn.TransformerEncoder(_make_encoder_layer(), num_layers=n_layers)
=== EXP-T187 primary fold=1 lr0=1e-05 ===
=== EXP-T187 primary fold=1 lr0=1e-04 ===
=== EXP-T187 primary fold=1 lr0=1e-03 ===
=== EXP-T187 primary fold=1 lr0=1e-02 ===
/workspace_developability_acquisition/developability_drilldown/models/antibody_transformer/model.py:347: UserWarning: enable_nested_tensor is True, but self.use_nested_tensor is False because encoder_layer.norm_first was True
  self.encoder = nn.TransformerEncoder(_make_encoder_layer(), num_layers=n_layers)
=== EXP-T187 primary fold=2 lr0=1e-05 ===
=== EXP-T187 primary fold=2 lr0=1e-04 ===
=== EXP-T187 primary fold=2 lr0=1e-03 ===
=== EXP-T187 primary fold=2 lr0=1e-02 ===
/workspace_developability_acquisition/developability_drilldown/models/antibody_transformer/model.py:347: UserWarning: enable_nested_tensor is True, but self.use_nested_tensor is False because encoder_layer.norm_first was True
  self.encoder = nn.TransformerEncoder(_make_encoder_layer(), num_layers=n_layers)
=== EXP-T187 primary fold=3 lr0=1e-05 ===
=== EXP-T187 primary fold=3 lr0=1e-04 ===
=== EXP-T187 primary fold=3 lr0=1e-03 ===
=== EXP-T187 primary fold=3 lr0=1e-02 ===
/workspace_developability_acquisition/developability_drilldown/models/antibody_transformer/model.py:347: UserWarning: enable_nested_tensor is True, but self.use_nested_tensor is False because encoder_layer.norm_first was True
  self.encoder = nn.TransformerEncoder(_make_encoder_layer(), num_layers=n_layers)
=== EXP-T187 primary fold=4 lr0=1e-05 ===
=== EXP-T187 primary fold=4 lr0=1e-04 ===
=== EXP-T187 primary fold=4 lr0=1e-03 ===
=== EXP-T187 primary fold=4 lr0=1e-02 ===
/workspace_developability_acquisition/developability_drilldown/models/antibody_transformer/model.py:347: UserWarning: enable_nested_tensor is True, but self.use_nested_tensor is False because encoder_layer.norm_first was True
  self.encoder = nn.TransformerEncoder(_make_encoder_layer(), num_layers=n_layers)
=== EXP-T187 shadow fold=0 lr0=1e-05 ===
=== EXP-T187 shadow fold=0 lr0=1e-04 ===
=== EXP-T187 shadow fold=0 lr0=1e-03 ===
=== EXP-T187 shadow fold=0 lr0=1e-02 ===
/workspace_developability_acquisition/developability_drilldown/models/antibody_transformer/model.py:347: UserWarning: enable_nested_tensor is True, but self.use_nested_tensor is False because encoder_layer.norm_first was True
  self.encoder = nn.TransformerEncoder(_make_encoder_layer(), num_layers=n_layers)
=== EXP-T187 shadow fold=1 lr0=1e-05 ===
=== EXP-T187 shadow fold=1 lr0=1e-04 ===
=== EXP-T187 shadow fold=1 lr0=1e-03 ===
=== EXP-T187 shadow fold=1 lr0=1e-02 ===
/workspace_developability_acquisition/developability_drilldown/models/antibody_transformer/model.py:347: UserWarning: enable_nested_tensor is True, but self.use_nested_tensor is False because encoder_layer.norm_first was True
  self.encoder = nn.TransformerEncoder(_make_encoder_layer(), num_layers=n_layers)
=== EXP-T187 shadow fold=2 lr0=1e-05 ===
=== EXP-T187 shadow fold=2 lr0=1e-04 ===
=== EXP-T187 shadow fold=2 lr0=1e-03 ===
=== EXP-T187 shadow fold=2 lr0=1e-02 ===
/workspace_developability_acquisition/developability_drilldown/models/antibody_transformer/model.py:347: UserWarning: enable_nested_tensor is True, but self.use_nested_tensor is False because encoder_layer.norm_first was True
  self.encoder = nn.TransformerEncoder(_make_encoder_layer(), num_layers=n_layers)
=== EXP-T187 shadow fold=3 lr0=1e-05 ===
=== EXP-T187 shadow fold=3 lr0=1e-04 ===
=== EXP-T187 shadow fold=3 lr0=1e-03 ===
=== EXP-T187 shadow fold=3 lr0=1e-02 ===
/workspace_developability_acquisition/developability_drilldown/models/antibody_transformer/model.py:347: UserWarning: enable_nested_tensor is True, but self.use_nested_tensor is False because encoder_layer.norm_first was True
  self.encoder = nn.TransformerEncoder(_make_encoder_layer(), num_layers=n_layers)
=== EXP-T187 shadow fold=4 lr0=1e-05 ===
=== EXP-T187 shadow fold=4 lr0=1e-04 ===
=== EXP-T187 shadow fold=4 lr0=1e-03 ===
=== EXP-T187 shadow fold=4 lr0=1e-02 ===
/workspace_developability_acquisition/developability_drilldown/models/antibody_transformer/model.py:347: UserWarning: enable_nested_tensor is True, but self.use_nested_tensor is False because encoder_layer.norm_first was True
  self.encoder = nn.TransformerEncoder(_make_encoder_layer(), num_layers=n_layers)
DONE EXP-T187 mean=3.334609
==== TRAIN EXP-T188 ablingua/B1/REGION ====
/workspace_developability_acquisition/developability_drilldown/models/antibody_transformer/model.py:347: UserWarning: enable_nested_tensor is True, but self.use_nested_tensor is False because encoder_layer.norm_first was True
  self.encoder = nn.TransformerEncoder(_make_encoder_layer(), num_layers=n_layers)
=== EXP-T188 primary fold=0 lr0=1e-05 ===
=== EXP-T188 primary fold=0 lr0=1e-04 ===
=== EXP-T188 primary fold=0 lr0=1e-03 ===
=== EXP-T188 primary fold=0 lr0=1e-02 ===
/workspace_developability_acquisition/developability_drilldown/models/antibody_transformer/model.py:347: UserWarning: enable_nested_tensor is True, but self.use_nested_tensor is False because encoder_layer.norm_first was True
  self.encoder = nn.TransformerEncoder(_make_encoder_layer(), num_layers=n_layers)
=== EXP-T188 primary fold=1 lr0=1e-05 ===
=== EXP-T188 primary fold=1 lr0=1e-04 ===
=== EXP-T188 primary fold=1 lr0=1e-03 ===
=== EXP-T188 primary fold=1 lr0=1e-02 ===
/workspace_developability_acquisition/developability_drilldown/models/antibody_transformer/model.py:347: UserWarning: enable_nested_tensor is True, but self.use_nested_tensor is False because encoder_layer.norm_first was True
  self.encoder = nn.TransformerEncoder(_make_encoder_layer(), num_layers=n_layers)
=== EXP-T188 primary fold=2 lr0=1e-05 ===
=== EXP-T188 primary fold=2 lr0=1e-04 ===
=== EXP-T188 primary fold=2 lr0=1e-03 ===
=== EXP-T188 primary fold=2 lr0=1e-02 ===
/workspace_developability_acquisition/developability_drilldown/models/antibody_transformer/model.py:347: UserWarning: enable_nested_tensor is True, but self.use_nested_tensor is False because encoder_layer.norm_first was True
  self.encoder = nn.TransformerEncoder(_make_encoder_layer(), num_layers=n_layers)
=== EXP-T188 primary fold=3 lr0=1e-05 ===
=== EXP-T188 primary fold=3 lr0=1e-04 ===
=== EXP-T188 primary fold=3 lr0=1e-03 ===
=== EXP-T188 primary fold=3 lr0=1e-02 ===
/workspace_developability_acquisition/developability_drilldown/models/antibody_transformer/model.py:347: UserWarning: enable_nested_tensor is True, but self.use_nested_tensor is False because encoder_layer.norm_first was True
  self.encoder = nn.TransformerEncoder(_make_encoder_layer(), num_layers=n_layers)
=== EXP-T188 primary fold=4 lr0=1e-05 ===
=== EXP-T188 primary fold=4 lr0=1e-04 ===
=== EXP-T188 primary fold=4 lr0=1e-03 ===
=== EXP-T188 primary fold=4 lr0=1e-02 ===
/workspace_developability_acquisition/developability_drilldown/models/antibody_transformer/model.py:347: UserWarning: enable_nested_tensor is True, but self.use_nested_tensor is False because encoder_layer.norm_first was True
  self.encoder = nn.TransformerEncoder(_make_encoder_layer(), num_layers=n_layers)
=== EXP-T188 shadow fold=0 lr0=1e-05 ===
=== EXP-T188 shadow fold=0 lr0=1e-04 ===
=== EXP-T188 shadow fold=0 lr0=1e-03 ===
=== EXP-T188 shadow fold=0 lr0=1e-02 ===
/workspace_developability_acquisition/developability_drilldown/models/antibody_transformer/model.py:347: UserWarning: enable_nested_tensor is True, but self.use_nested_tensor is False because encoder_layer.norm_first was True
  self.encoder = nn.TransformerEncoder(_make_encoder_layer(), num_layers=n_layers)
=== EXP-T188 shadow fold=1 lr0=1e-05 ===
=== EXP-T188 shadow fold=1 lr0=1e-04 ===
=== EXP-T188 shadow fold=1 lr0=1e-03 ===
=== EXP-T188 shadow fold=1 lr0=1e-02 ===
/workspace_developability_acquisition/developability_drilldown/models/antibody_transformer/model.py:347: UserWarning: enable_nested_tensor is True, but self.use_nested_tensor is False because encoder_layer.norm_first was True
  self.encoder = nn.TransformerEncoder(_make_encoder_layer(), num_layers=n_layers)
=== EXP-T188 shadow fold=2 lr0=1e-05 ===
=== EXP-T188 shadow fold=2 lr0=1e-04 ===
=== EXP-T188 shadow fold=2 lr0=1e-03 ===
=== EXP-T188 shadow fold=2 lr0=1e-02 ===
/workspace_developability_acquisition/developability_drilldown/models/antibody_transformer/model.py:347: UserWarning: enable_nested_tensor is True, but self.use_nested_tensor is False because encoder_layer.norm_first was True
  self.encoder = nn.TransformerEncoder(_make_encoder_layer(), num_layers=n_layers)
=== EXP-T188 shadow fold=3 lr0=1e-05 ===
=== EXP-T188 shadow fold=3 lr0=1e-04 ===
=== EXP-T188 shadow fold=3 lr0=1e-03 ===
=== EXP-T188 shadow fold=3 lr0=1e-02 ===
/workspace_developability_acquisition/developability_drilldown/models/antibody_transformer/model.py:347: UserWarning: enable_nested_tensor is True, but self.use_nested_tensor is False because encoder_layer.norm_first was True
  self.encoder = nn.TransformerEncoder(_make_encoder_layer(), num_layers=n_layers)
=== EXP-T188 shadow fold=4 lr0=1e-05 ===
=== EXP-T188 shadow fold=4 lr0=1e-04 ===
=== EXP-T188 shadow fold=4 lr0=1e-03 ===
=== EXP-T188 shadow fold=4 lr0=1e-02 ===
/workspace_developability_acquisition/developability_drilldown/models/antibody_transformer/model.py:347: UserWarning: enable_nested_tensor is True, but self.use_nested_tensor is False because encoder_layer.norm_first was True
  self.encoder = nn.TransformerEncoder(_make_encoder_layer(), num_layers=n_layers)
DONE EXP-T188 mean=3.336964
==== TRAIN EXP-T189 ablingua/B2/REGION ====
/workspace_developability_acquisition/developability_drilldown/models/antibody_transformer/model.py:347: UserWarning: enable_nested_tensor is True, but self.use_nested_tensor is False because encoder_layer.norm_first was True
  self.encoder = nn.TransformerEncoder(_make_encoder_layer(), num_layers=n_layers)
=== EXP-T189 primary fold=0 lr0=1e-05 ===
=== EXP-T189 primary fold=0 lr0=1e-04 ===
=== EXP-T189 primary fold=0 lr0=1e-03 ===
=== EXP-T189 primary fold=0 lr0=1e-02 ===
/workspace_developability_acquisition/developability_drilldown/models/antibody_transformer/model.py:347: UserWarning: enable_nested_tensor is True, but self.use_nested_tensor is False because encoder_layer.norm_first was True
  self.encoder = nn.TransformerEncoder(_make_encoder_layer(), num_layers=n_layers)
=== EXP-T189 primary fold=1 lr0=1e-05 ===
=== EXP-T189 primary fold=1 lr0=1e-04 ===
=== EXP-T189 primary fold=1 lr0=1e-03 ===
=== EXP-T189 primary fold=1 lr0=1e-02 ===
/workspace_developability_acquisition/developability_drilldown/models/antibody_transformer/model.py:347: UserWarning: enable_nested_tensor is True, but self.use_nested_tensor is False because encoder_layer.norm_first was True
  self.encoder = nn.TransformerEncoder(_make_encoder_layer(), num_layers=n_layers)
=== EXP-T189 primary fold=2 lr0=1e-05 ===
=== EXP-T189 primary fold=2 lr0=1e-04 ===
=== EXP-T189 primary fold=2 lr0=1e-03 ===
=== EXP-T189 primary fold=2 lr0=1e-02 ===
/workspace_developability_acquisition/developability_drilldown/models/antibody_transformer/model.py:347: UserWarning: enable_nested_tensor is True, but self.use_nested_tensor is False because encoder_layer.norm_first was True
  self.encoder = nn.TransformerEncoder(_make_encoder_layer(), num_layers=n_layers)
=== EXP-T189 primary fold=3 lr0=1e-05 ===
=== EXP-T189 primary fold=3 lr0=1e-04 ===
=== EXP-T189 primary fold=3 lr0=1e-03 ===
=== EXP-T189 primary fold=3 lr0=1e-02 ===
/workspace_developability_acquisition/developability_drilldown/models/antibody_transformer/model.py:347: UserWarning: enable_nested_tensor is True, but self.use_nested_tensor is False because encoder_layer.norm_first was True
  self.encoder = nn.TransformerEncoder(_make_encoder_layer(), num_layers=n_layers)
=== EXP-T189 primary fold=4 lr0=1e-05 ===
=== EXP-T189 primary fold=4 lr0=1e-04 ===
=== EXP-T189 primary fold=4 lr0=1e-03 ===
=== EXP-T189 primary fold=4 lr0=1e-02 ===
/workspace_developability_acquisition/developability_drilldown/models/antibody_transformer/model.py:347: UserWarning: enable_nested_tensor is True, but self.use_nested_tensor is False because encoder_layer.norm_first was True
  self.encoder = nn.TransformerEncoder(_make_encoder_layer(), num_layers=n_layers)
=== EXP-T189 shadow fold=0 lr0=1e-05 ===
=== EXP-T189 shadow fold=0 lr0=1e-04 ===
=== EXP-T189 shadow fold=0 lr0=1e-03 ===
=== EXP-T189 shadow fold=0 lr0=1e-02 ===
/workspace_developability_acquisition/developability_drilldown/models/antibody_transformer/model.py:347: UserWarning: enable_nested_tensor is True, but self.use_nested_tensor is False because encoder_layer.norm_first was True
  self.encoder = nn.TransformerEncoder(_make_encoder_layer(), num_layers=n_layers)
=== EXP-T189 shadow fold=1 lr0=1e-05 ===
=== EXP-T189 shadow fold=1 lr0=1e-04 ===
=== EXP-T189 shadow fold=1 lr0=1e-03 ===
=== EXP-T189 shadow fold=1 lr0=1e-02 ===
/workspace_developability_acquisition/developability_drilldown/models/antibody_transformer/model.py:347: UserWarning: enable_nested_tensor is True, but self.use_nested_tensor is False because encoder_layer.norm_first was True
  self.encoder = nn.TransformerEncoder(_make_encoder_layer(), num_layers=n_layers)
=== EXP-T189 shadow fold=2 lr0=1e-05 ===
=== EXP-T189 shadow fold=2 lr0=1e-04 ===
=== EXP-T189 shadow fold=2 lr0=1e-03 ===
=== EXP-T189 shadow fold=2 lr0=1e-02 ===
/workspace_developability_acquisition/developability_drilldown/models/antibody_transformer/model.py:347: UserWarning: enable_nested_tensor is True, but self.use_nested_tensor is False because encoder_layer.norm_first was True
  self.encoder = nn.TransformerEncoder(_make_encoder_layer(), num_layers=n_layers)
=== EXP-T189 shadow fold=3 lr0=1e-05 ===
=== EXP-T189 shadow fold=3 lr0=1e-04 ===
=== EXP-T189 shadow fold=3 lr0=1e-03 ===
=== EXP-T189 shadow fold=3 lr0=1e-02 ===
/workspace_developability_acquisition/developability_drilldown/models/antibody_transformer/model.py:347: UserWarning: enable_nested_tensor is True, but self.use_nested_tensor is False because encoder_layer.norm_first was True
  self.encoder = nn.TransformerEncoder(_make_encoder_layer(), num_layers=n_layers)
=== EXP-T189 shadow fold=4 lr0=1e-05 ===
=== EXP-T189 shadow fold=4 lr0=1e-04 ===
=== EXP-T189 shadow fold=4 lr0=1e-03 ===
=== EXP-T189 shadow fold=4 lr0=1e-02 ===
/workspace_developability_acquisition/developability_drilldown/models/antibody_transformer/model.py:347: UserWarning: enable_nested_tensor is True, but self.use_nested_tensor is False because encoder_layer.norm_first was True
  self.encoder = nn.TransformerEncoder(_make_encoder_layer(), num_layers=n_layers)
DONE EXP-T189 mean=3.352570
==== TRAIN EXP-T190 ablingua/C/REGION ====
/workspace_developability_acquisition/developability_drilldown/models/antibody_transformer/model.py:347: UserWarning: enable_nested_tensor is True, but self.use_nested_tensor is False because encoder_layer.norm_first was True
  self.encoder = nn.TransformerEncoder(_make_encoder_layer(), num_layers=n_layers)
=== EXP-T190 primary fold=0 lr0=1e-05 ===
=== EXP-T190 primary fold=0 lr0=1e-04 ===
=== EXP-T190 primary fold=0 lr0=1e-03 ===
=== EXP-T190 primary fold=0 lr0=1e-02 ===
/workspace_developability_acquisition/developability_drilldown/models/antibody_transformer/model.py:347: UserWarning: enable_nested_tensor is True, but self.use_nested_tensor is False because encoder_layer.norm_first was True
  self.encoder = nn.TransformerEncoder(_make_encoder_layer(), num_layers=n_layers)
=== EXP-T190 primary fold=1 lr0=1e-05 ===
=== EXP-T190 primary fold=1 lr0=1e-04 ===
=== EXP-T190 primary fold=1 lr0=1e-03 ===
=== EXP-T190 primary fold=1 lr0=1e-02 ===
/workspace_developability_acquisition/developability_drilldown/models/antibody_transformer/model.py:347: UserWarning: enable_nested_tensor is True, but self.use_nested_tensor is False because encoder_layer.norm_first was True
  self.encoder = nn.TransformerEncoder(_make_encoder_layer(), num_layers=n_layers)
=== EXP-T190 primary fold=2 lr0=1e-05 ===
=== EXP-T190 primary fold=2 lr0=1e-04 ===
=== EXP-T190 primary fold=2 lr0=1e-03 ===
=== EXP-T190 primary fold=2 lr0=1e-02 ===
/workspace_developability_acquisition/developability_drilldown/models/antibody_transformer/model.py:347: UserWarning: enable_nested_tensor is True, but self.use_nested_tensor is False because encoder_layer.norm_first was True
  self.encoder = nn.TransformerEncoder(_make_encoder_layer(), num_layers=n_layers)
=== EXP-T190 primary fold=3 lr0=1e-05 ===
=== EXP-T190 primary fold=3 lr0=1e-04 ===
=== EXP-T190 primary fold=3 lr0=1e-03 ===
=== EXP-T190 primary fold=3 lr0=1e-02 ===
/workspace_developability_acquisition/developability_drilldown/models/antibody_transformer/model.py:347: UserWarning: enable_nested_tensor is True, but self.use_nested_tensor is False because encoder_layer.norm_first was True
  self.encoder = nn.TransformerEncoder(_make_encoder_layer(), num_layers=n_layers)
=== EXP-T190 primary fold=4 lr0=1e-05 ===
=== EXP-T190 primary fold=4 lr0=1e-04 ===
=== EXP-T190 primary fold=4 lr0=1e-03 ===
=== EXP-T190 primary fold=4 lr0=1e-02 ===
/workspace_developability_acquisition/developability_drilldown/models/antibody_transformer/model.py:347: UserWarning: enable_nested_tensor is True, but self.use_nested_tensor is False because encoder_layer.norm_first was True
  self.encoder = nn.TransformerEncoder(_make_encoder_layer(), num_layers=n_layers)
=== EXP-T190 shadow fold=0 lr0=1e-05 ===
=== EXP-T190 shadow fold=0 lr0=1e-04 ===
=== EXP-T190 shadow fold=0 lr0=1e-03 ===
=== EXP-T190 shadow fold=0 lr0=1e-02 ===
/workspace_developability_acquisition/developability_drilldown/models/antibody_transformer/model.py:347: UserWarning: enable_nested_tensor is True, but self.use_nested_tensor is False because encoder_layer.norm_first was True
  self.encoder = nn.TransformerEncoder(_make_encoder_layer(), num_layers=n_layers)
=== EXP-T190 shadow fold=1 lr0=1e-05 ===
=== EXP-T190 shadow fold=1 lr0=1e-04 ===
=== EXP-T190 shadow fold=1 lr0=1e-03 ===
=== EXP-T190 shadow fold=1 lr0=1e-02 ===
/workspace_developability_acquisition/developability_drilldown/models/antibody_transformer/model.py:347: UserWarning: enable_nested_tensor is True, but self.use_nested_tensor is False because encoder_layer.norm_first was True
  self.encoder = nn.TransformerEncoder(_make_encoder_layer(), num_layers=n_layers)
=== EXP-T190 shadow fold=2 lr0=1e-05 ===
=== EXP-T190 shadow fold=2 lr0=1e-04 ===
=== EXP-T190 shadow fold=2 lr0=1e-03 ===
=== EXP-T190 shadow fold=2 lr0=1e-02 ===
/workspace_developability_acquisition/developability_drilldown/models/antibody_transformer/model.py:347: UserWarning: enable_nested_tensor is True, but self.use_nested_tensor is False because encoder_layer.norm_first was True
  self.encoder = nn.TransformerEncoder(_make_encoder_layer(), num_layers=n_layers)
=== EXP-T190 shadow fold=3 lr0=1e-05 ===
=== EXP-T190 shadow fold=3 lr0=1e-04 ===
=== EXP-T190 shadow fold=3 lr0=1e-03 ===
=== EXP-T190 shadow fold=3 lr0=1e-02 ===
/workspace_developability_acquisition/developability_drilldown/models/antibody_transformer/model.py:347: UserWarning: enable_nested_tensor is True, but self.use_nested_tensor is False because encoder_layer.norm_first was True
  self.encoder = nn.TransformerEncoder(_make_encoder_layer(), num_layers=n_layers)
=== EXP-T190 shadow fold=4 lr0=1e-05 ===
=== EXP-T190 shadow fold=4 lr0=1e-04 ===
=== EXP-T190 shadow fold=4 lr0=1e-03 ===
=== EXP-T190 shadow fold=4 lr0=1e-02 ===
/workspace_developability_acquisition/developability_drilldown/models/antibody_transformer/model.py:347: UserWarning: enable_nested_tensor is True, but self.use_nested_tensor is False because encoder_layer.norm_first was True
  self.encoder = nn.TransformerEncoder(_make_encoder_layer(), num_layers=n_layers)
DONE EXP-T190 mean=3.362981
==== TRAIN EXP-T191 ablingua/D/REGION ====
/workspace_developability_acquisition/developability_drilldown/models/antibody_transformer/model.py:347: UserWarning: enable_nested_tensor is True, but self.use_nested_tensor is False because encoder_layer.norm_first was True
  self.encoder = nn.TransformerEncoder(_make_encoder_layer(), num_layers=n_layers)
=== EXP-T191 primary fold=0 lr0=1e-05 ===
=== EXP-T191 primary fold=0 lr0=1e-04 ===
=== EXP-T191 primary fold=0 lr0=1e-03 ===
=== EXP-T191 primary fold=0 lr0=1e-02 ===
/workspace_developability_acquisition/developability_drilldown/models/antibody_transformer/model.py:347: UserWarning: enable_nested_tensor is True, but self.use_nested_tensor is False because encoder_layer.norm_first was True
  self.encoder = nn.TransformerEncoder(_make_encoder_layer(), num_layers=n_layers)
=== EXP-T191 primary fold=1 lr0=1e-05 ===
=== EXP-T191 primary fold=1 lr0=1e-04 ===
=== EXP-T191 primary fold=1 lr0=1e-03 ===
=== EXP-T191 primary fold=1 lr0=1e-02 ===
/workspace_developability_acquisition/developability_drilldown/models/antibody_transformer/model.py:347: UserWarning: enable_nested_tensor is True, but self.use_nested_tensor is False because encoder_layer.norm_first was True
  self.encoder = nn.TransformerEncoder(_make_encoder_layer(), num_layers=n_layers)
=== EXP-T191 primary fold=2 lr0=1e-05 ===
=== EXP-T191 primary fold=2 lr0=1e-04 ===
=== EXP-T191 primary fold=2 lr0=1e-03 ===
=== EXP-T191 primary fold=2 lr0=1e-02 ===
/workspace_developability_acquisition/developability_drilldown/models/antibody_transformer/model.py:347: UserWarning: enable_nested_tensor is True, but self.use_nested_tensor is False because encoder_layer.norm_first was True
  self.encoder = nn.TransformerEncoder(_make_encoder_layer(), num_layers=n_layers)
=== EXP-T191 primary fold=3 lr0=1e-05 ===
=== EXP-T191 primary fold=3 lr0=1e-04 ===
=== EXP-T191 primary fold=3 lr0=1e-03 ===
=== EXP-T191 primary fold=3 lr0=1e-02 ===
/workspace_developability_acquisition/developability_drilldown/models/antibody_transformer/model.py:347: UserWarning: enable_nested_tensor is True, but self.use_nested_tensor is False because encoder_layer.norm_first was True
  self.encoder = nn.TransformerEncoder(_make_encoder_layer(), num_layers=n_layers)
=== EXP-T191 primary fold=4 lr0=1e-05 ===
=== EXP-T191 primary fold=4 lr0=1e-04 ===
=== EXP-T191 primary fold=4 lr0=1e-03 ===
=== EXP-T191 primary fold=4 lr0=1e-02 ===
/workspace_developability_acquisition/developability_drilldown/models/antibody_transformer/model.py:347: UserWarning: enable_nested_tensor is True, but self.use_nested_tensor is False because encoder_layer.norm_first was True
  self.encoder = nn.TransformerEncoder(_make_encoder_layer(), num_layers=n_layers)
=== EXP-T191 shadow fold=0 lr0=1e-05 ===
=== EXP-T191 shadow fold=0 lr0=1e-04 ===
=== EXP-T191 shadow fold=0 lr0=1e-03 ===
=== EXP-T191 shadow fold=0 lr0=1e-02 ===
/workspace_developability_acquisition/developability_drilldown/models/antibody_transformer/model.py:347: UserWarning: enable_nested_tensor is True, but self.use_nested_tensor is False because encoder_layer.norm_first was True
  self.encoder = nn.TransformerEncoder(_make_encoder_layer(), num_layers=n_layers)
=== EXP-T191 shadow fold=1 lr0=1e-05 ===
=== EXP-T191 shadow fold=1 lr0=1e-04 ===
=== EXP-T191 shadow fold=1 lr0=1e-03 ===
=== EXP-T191 shadow fold=1 lr0=1e-02 ===
/workspace_developability_acquisition/developability_drilldown/models/antibody_transformer/model.py:347: UserWarning: enable_nested_tensor is True, but self.use_nested_tensor is False because encoder_layer.norm_first was True
  self.encoder = nn.TransformerEncoder(_make_encoder_layer(), num_layers=n_layers)
=== EXP-T191 shadow fold=2 lr0=1e-05 ===
=== EXP-T191 shadow fold=2 lr0=1e-04 ===
=== EXP-T191 shadow fold=2 lr0=1e-03 ===
=== EXP-T191 shadow fold=2 lr0=1e-02 ===
/workspace_developability_acquisition/developability_drilldown/models/antibody_transformer/model.py:347: UserWarning: enable_nested_tensor is True, but self.use_nested_tensor is False because encoder_layer.norm_first was True
  self.encoder = nn.TransformerEncoder(_make_encoder_layer(), num_layers=n_layers)
=== EXP-T191 shadow fold=3 lr0=1e-05 ===
=== EXP-T191 shadow fold=3 lr0=1e-04 ===
=== EXP-T191 shadow fold=3 lr0=1e-03 ===
=== EXP-T191 shadow fold=3 lr0=1e-02 ===
/workspace_developability_acquisition/developability_drilldown/models/antibody_transformer/model.py:347: UserWarning: enable_nested_tensor is True, but self.use_nested_tensor is False because encoder_layer.norm_first was True
  self.encoder = nn.TransformerEncoder(_make_encoder_layer(), num_layers=n_layers)
=== EXP-T191 shadow fold=4 lr0=1e-05 ===
=== EXP-T191 shadow fold=4 lr0=1e-04 ===
=== EXP-T191 shadow fold=4 lr0=1e-03 ===
=== EXP-T191 shadow fold=4 lr0=1e-02 ===
/workspace_developability_acquisition/developability_drilldown/models/antibody_transformer/model.py:347: UserWarning: enable_nested_tensor is True, but self.use_nested_tensor is False because encoder_layer.norm_first was True
  self.encoder = nn.TransformerEncoder(_make_encoder_layer(), num_layers=n_layers)
DONE EXP-T191 mean=3.371674
==== TRAIN EXP-T192 ablang2_paired/A/BASE ====
/workspace_developability_acquisition/developability_drilldown/models/antibody_transformer/model.py:347: UserWarning: enable_nested_tensor is True, but self.use_nested_tensor is False because encoder_layer.norm_first was True
  self.encoder = nn.TransformerEncoder(_make_encoder_layer(), num_layers=n_layers)
=== EXP-T192 primary fold=0 lr0=1e-05 ===
=== EXP-T192 primary fold=0 lr0=1e-04 ===
=== EXP-T192 primary fold=0 lr0=1e-03 ===
=== EXP-T192 primary fold=0 lr0=1e-02 ===
/workspace_developability_acquisition/developability_drilldown/models/antibody_transformer/model.py:347: UserWarning: enable_nested_tensor is True, but self.use_nested_tensor is False because encoder_layer.norm_first was True
  self.encoder = nn.TransformerEncoder(_make_encoder_layer(), num_layers=n_layers)
=== EXP-T192 primary fold=1 lr0=1e-05 ===
=== EXP-T192 primary fold=1 lr0=1e-04 ===
=== EXP-T192 primary fold=1 lr0=1e-03 ===
=== EXP-T192 primary fold=1 lr0=1e-02 ===
/workspace_developability_acquisition/developability_drilldown/models/antibody_transformer/model.py:347: UserWarning: enable_nested_tensor is True, but self.use_nested_tensor is False because encoder_layer.norm_first was True
  self.encoder = nn.TransformerEncoder(_make_encoder_layer(), num_layers=n_layers)
=== EXP-T192 primary fold=2 lr0=1e-05 ===
=== EXP-T192 primary fold=2 lr0=1e-04 ===
=== EXP-T192 primary fold=2 lr0=1e-03 ===
=== EXP-T192 primary fold=2 lr0=1e-02 ===
/workspace_developability_acquisition/developability_drilldown/models/antibody_transformer/model.py:347: UserWarning: enable_nested_tensor is True, but self.use_nested_tensor is False because encoder_layer.norm_first was True
  self.encoder = nn.TransformerEncoder(_make_encoder_layer(), num_layers=n_layers)
=== EXP-T192 primary fold=3 lr0=1e-05 ===
=== EXP-T192 primary fold=3 lr0=1e-04 ===
=== EXP-T192 primary fold=3 lr0=1e-03 ===
=== EXP-T192 primary fold=3 lr0=1e-02 ===
/workspace_developability_acquisition/developability_drilldown/models/antibody_transformer/model.py:347: UserWarning: enable_nested_tensor is True, but self.use_nested_tensor is False because encoder_layer.norm_first was True
  self.encoder = nn.TransformerEncoder(_make_encoder_layer(), num_layers=n_layers)
=== EXP-T192 primary fold=4 lr0=1e-05 ===
=== EXP-T192 primary fold=4 lr0=1e-04 ===
=== EXP-T192 primary fold=4 lr0=1e-03 ===
=== EXP-T192 primary fold=4 lr0=1e-02 ===
/workspace_developability_acquisition/developability_drilldown/models/antibody_transformer/model.py:347: UserWarning: enable_nested_tensor is True, but self.use_nested_tensor is False because encoder_layer.norm_first was True
  self.encoder = nn.TransformerEncoder(_make_encoder_layer(), num_layers=n_layers)
=== EXP-T192 shadow fold=0 lr0=1e-05 ===
=== EXP-T192 shadow fold=0 lr0=1e-04 ===
=== EXP-T192 shadow fold=0 lr0=1e-03 ===
=== EXP-T192 shadow fold=0 lr0=1e-02 ===
/workspace_developability_acquisition/developability_drilldown/models/antibody_transformer/model.py:347: UserWarning: enable_nested_tensor is True, but self.use_nested_tensor is False because encoder_layer.norm_first was True
  self.encoder = nn.TransformerEncoder(_make_encoder_layer(), num_layers=n_layers)
=== EXP-T192 shadow fold=1 lr0=1e-05 ===
=== EXP-T192 shadow fold=1 lr0=1e-04 ===
=== EXP-T192 shadow fold=1 lr0=1e-03 ===
=== EXP-T192 shadow fold=1 lr0=1e-02 ===
/workspace_developability_acquisition/developability_drilldown/models/antibody_transformer/model.py:347: UserWarning: enable_nested_tensor is True, but self.use_nested_tensor is False because encoder_layer.norm_first was True
  self.encoder = nn.TransformerEncoder(_make_encoder_layer(), num_layers=n_layers)
=== EXP-T192 shadow fold=2 lr0=1e-05 ===
=== EXP-T192 shadow fold=2 lr0=1e-04 ===
=== EXP-T192 shadow fold=2 lr0=1e-03 ===
=== EXP-T192 shadow fold=2 lr0=1e-02 ===
/workspace_developability_acquisition/developability_drilldown/models/antibody_transformer/model.py:347: UserWarning: enable_nested_tensor is True, but self.use_nested_tensor is False because encoder_layer.norm_first was True
  self.encoder = nn.TransformerEncoder(_make_encoder_layer(), num_layers=n_layers)
=== EXP-T192 shadow fold=3 lr0=1e-05 ===
=== EXP-T192 shadow fold=3 lr0=1e-04 ===
=== EXP-T192 shadow fold=3 lr0=1e-03 ===
=== EXP-T192 shadow fold=3 lr0=1e-02 ===
/workspace_developability_acquisition/developability_drilldown/models/antibody_transformer/model.py:347: UserWarning: enable_nested_tensor is True, but self.use_nested_tensor is False because encoder_layer.norm_first was True
  self.encoder = nn.TransformerEncoder(_make_encoder_layer(), num_layers=n_layers)
=== EXP-T192 shadow fold=4 lr0=1e-05 ===
=== EXP-T192 shadow fold=4 lr0=1e-04 ===
=== EXP-T192 shadow fold=4 lr0=1e-03 ===
=== EXP-T192 shadow fold=4 lr0=1e-02 ===
/workspace_developability_acquisition/developability_drilldown/models/antibody_transformer/model.py:347: UserWarning: enable_nested_tensor is True, but self.use_nested_tensor is False because encoder_layer.norm_first was True
  self.encoder = nn.TransformerEncoder(_make_encoder_layer(), num_layers=n_layers)
DONE EXP-T192 mean=3.215427
==== TRAIN EXP-T193 ablang2_paired/B1/BASE ====
/workspace_developability_acquisition/developability_drilldown/models/antibody_transformer/model.py:347: UserWarning: enable_nested_tensor is True, but self.use_nested_tensor is False because encoder_layer.norm_first was True
  self.encoder = nn.TransformerEncoder(_make_encoder_layer(), num_layers=n_layers)
=== EXP-T193 primary fold=0 lr0=1e-05 ===
=== EXP-T193 primary fold=0 lr0=1e-04 ===
=== EXP-T193 primary fold=0 lr0=1e-03 ===
=== EXP-T193 primary fold=0 lr0=1e-02 ===
/workspace_developability_acquisition/developability_drilldown/models/antibody_transformer/model.py:347: UserWarning: enable_nested_tensor is True, but self.use_nested_tensor is False because encoder_layer.norm_first was True
  self.encoder = nn.TransformerEncoder(_make_encoder_layer(), num_layers=n_layers)
=== EXP-T193 primary fold=1 lr0=1e-05 ===
=== EXP-T193 primary fold=1 lr0=1e-04 ===
=== EXP-T193 primary fold=1 lr0=1e-03 ===
=== EXP-T193 primary fold=1 lr0=1e-02 ===
/workspace_developability_acquisition/developability_drilldown/models/antibody_transformer/model.py:347: UserWarning: enable_nested_tensor is True, but self.use_nested_tensor is False because encoder_layer.norm_first was True
  self.encoder = nn.TransformerEncoder(_make_encoder_layer(), num_layers=n_layers)
=== EXP-T193 primary fold=2 lr0=1e-05 ===
=== EXP-T193 primary fold=2 lr0=1e-04 ===
=== EXP-T193 primary fold=2 lr0=1e-03 ===
=== EXP-T193 primary fold=2 lr0=1e-02 ===
/workspace_developability_acquisition/developability_drilldown/models/antibody_transformer/model.py:347: UserWarning: enable_nested_tensor is True, but self.use_nested_tensor is False because encoder_layer.norm_first was True
  self.encoder = nn.TransformerEncoder(_make_encoder_layer(), num_layers=n_layers)
=== EXP-T193 primary fold=3 lr0=1e-05 ===
=== EXP-T193 primary fold=3 lr0=1e-04 ===
=== EXP-T193 primary fold=3 lr0=1e-03 ===
=== EXP-T193 primary fold=3 lr0=1e-02 ===
/workspace_developability_acquisition/developability_drilldown/models/antibody_transformer/model.py:347: UserWarning: enable_nested_tensor is True, but self.use_nested_tensor is False because encoder_layer.norm_first was True
  self.encoder = nn.TransformerEncoder(_make_encoder_layer(), num_layers=n_layers)
=== EXP-T193 primary fold=4 lr0=1e-05 ===
=== EXP-T193 primary fold=4 lr0=1e-04 ===
=== EXP-T193 primary fold=4 lr0=1e-03 ===
=== EXP-T193 primary fold=4 lr0=1e-02 ===
/workspace_developability_acquisition/developability_drilldown/models/antibody_transformer/model.py:347: UserWarning: enable_nested_tensor is True, but self.use_nested_tensor is False because encoder_layer.norm_first was True
  self.encoder = nn.TransformerEncoder(_make_encoder_layer(), num_layers=n_layers)
=== EXP-T193 shadow fold=0 lr0=1e-05 ===
=== EXP-T193 shadow fold=0 lr0=1e-04 ===
=== EXP-T193 shadow fold=0 lr0=1e-03 ===
=== EXP-T193 shadow fold=0 lr0=1e-02 ===
/workspace_developability_acquisition/developability_drilldown/models/antibody_transformer/model.py:347: UserWarning: enable_nested_tensor is True, but self.use_nested_tensor is False because encoder_layer.norm_first was True
  self.encoder = nn.TransformerEncoder(_make_encoder_layer(), num_layers=n_layers)
=== EXP-T193 shadow fold=1 lr0=1e-05 ===
=== EXP-T193 shadow fold=1 lr0=1e-04 ===
=== EXP-T193 shadow fold=1 lr0=1e-03 ===
=== EXP-T193 shadow fold=1 lr0=1e-02 ===
/workspace_developability_acquisition/developability_drilldown/models/antibody_transformer/model.py:347: UserWarning: enable_nested_tensor is True, but self.use_nested_tensor is False because encoder_layer.norm_first was True
  self.encoder = nn.TransformerEncoder(_make_encoder_layer(), num_layers=n_layers)
=== EXP-T193 shadow fold=2 lr0=1e-05 ===
=== EXP-T193 shadow fold=2 lr0=1e-04 ===
=== EXP-T193 shadow fold=2 lr0=1e-03 ===
=== EXP-T193 shadow fold=2 lr0=1e-02 ===
/workspace_developability_acquisition/developability_drilldown/models/antibody_transformer/model.py:347: UserWarning: enable_nested_tensor is True, but self.use_nested_tensor is False because encoder_layer.norm_first was True
  self.encoder = nn.TransformerEncoder(_make_encoder_layer(), num_layers=n_layers)
=== EXP-T193 shadow fold=3 lr0=1e-05 ===
=== EXP-T193 shadow fold=3 lr0=1e-04 ===
=== EXP-T193 shadow fold=3 lr0=1e-03 ===
=== EXP-T193 shadow fold=3 lr0=1e-02 ===
/workspace_developability_acquisition/developability_drilldown/models/antibody_transformer/model.py:347: UserWarning: enable_nested_tensor is True, but self.use_nested_tensor is False because encoder_layer.norm_first was True
  self.encoder = nn.TransformerEncoder(_make_encoder_layer(), num_layers=n_layers)
=== EXP-T193 shadow fold=4 lr0=1e-05 ===
=== EXP-T193 shadow fold=4 lr0=1e-04 ===
=== EXP-T193 shadow fold=4 lr0=1e-03 ===
=== EXP-T193 shadow fold=4 lr0=1e-02 ===
/workspace_developability_acquisition/developability_drilldown/models/antibody_transformer/model.py:347: UserWarning: enable_nested_tensor is True, but self.use_nested_tensor is False because encoder_layer.norm_first was True
  self.encoder = nn.TransformerEncoder(_make_encoder_layer(), num_layers=n_layers)
DONE EXP-T193 mean=3.258662
==== TRAIN EXP-T194 ablang2_paired/B2/BASE ====
/workspace_developability_acquisition/developability_drilldown/models/antibody_transformer/model.py:347: UserWarning: enable_nested_tensor is True, but self.use_nested_tensor is False because encoder_layer.norm_first was True
  self.encoder = nn.TransformerEncoder(_make_encoder_layer(), num_layers=n_layers)
=== EXP-T194 primary fold=0 lr0=1e-05 ===
=== EXP-T194 primary fold=0 lr0=1e-04 ===
=== EXP-T194 primary fold=0 lr0=1e-03 ===
=== EXP-T194 primary fold=0 lr0=1e-02 ===
/workspace_developability_acquisition/developability_drilldown/models/antibody_transformer/model.py:347: UserWarning: enable_nested_tensor is True, but self.use_nested_tensor is False because encoder_layer.norm_first was True
  self.encoder = nn.TransformerEncoder(_make_encoder_layer(), num_layers=n_layers)
=== EXP-T194 primary fold=1 lr0=1e-05 ===
=== EXP-T194 primary fold=1 lr0=1e-04 ===
=== EXP-T194 primary fold=1 lr0=1e-03 ===
=== EXP-T194 primary fold=1 lr0=1e-02 ===
/workspace_developability_acquisition/developability_drilldown/models/antibody_transformer/model.py:347: UserWarning: enable_nested_tensor is True, but self.use_nested_tensor is False because encoder_layer.norm_first was True
  self.encoder = nn.TransformerEncoder(_make_encoder_layer(), num_layers=n_layers)
=== EXP-T194 primary fold=2 lr0=1e-05 ===
=== EXP-T194 primary fold=2 lr0=1e-04 ===
=== EXP-T194 primary fold=2 lr0=1e-03 ===
=== EXP-T194 primary fold=2 lr0=1e-02 ===
/workspace_developability_acquisition/developability_drilldown/models/antibody_transformer/model.py:347: UserWarning: enable_nested_tensor is True, but self.use_nested_tensor is False because encoder_layer.norm_first was True
  self.encoder = nn.TransformerEncoder(_make_encoder_layer(), num_layers=n_layers)
=== EXP-T194 primary fold=3 lr0=1e-05 ===
=== EXP-T194 primary fold=3 lr0=1e-04 ===
=== EXP-T194 primary fold=3 lr0=1e-03 ===
=== EXP-T194 primary fold=3 lr0=1e-02 ===
/workspace_developability_acquisition/developability_drilldown/models/antibody_transformer/model.py:347: UserWarning: enable_nested_tensor is True, but self.use_nested_tensor is False because encoder_layer.norm_first was True
  self.encoder = nn.TransformerEncoder(_make_encoder_layer(), num_layers=n_layers)
=== EXP-T194 primary fold=4 lr0=1e-05 ===
=== EXP-T194 primary fold=4 lr0=1e-04 ===
=== EXP-T194 primary fold=4 lr0=1e-03 ===
=== EXP-T194 primary fold=4 lr0=1e-02 ===
/workspace_developability_acquisition/developability_drilldown/models/antibody_transformer/model.py:347: UserWarning: enable_nested_tensor is True, but self.use_nested_tensor is False because encoder_layer.norm_first was True
  self.encoder = nn.TransformerEncoder(_make_encoder_layer(), num_layers=n_layers)
=== EXP-T194 shadow fold=0 lr0=1e-05 ===
=== EXP-T194 shadow fold=0 lr0=1e-04 ===
=== EXP-T194 shadow fold=0 lr0=1e-03 ===
=== EXP-T194 shadow fold=0 lr0=1e-02 ===
/workspace_developability_acquisition/developability_drilldown/models/antibody_transformer/model.py:347: UserWarning: enable_nested_tensor is True, but self.use_nested_tensor is False because encoder_layer.norm_first was True
  self.encoder = nn.TransformerEncoder(_make_encoder_layer(), num_layers=n_layers)
=== EXP-T194 shadow fold=1 lr0=1e-05 ===
=== EXP-T194 shadow fold=1 lr0=1e-04 ===
=== EXP-T194 shadow fold=1 lr0=1e-03 ===
=== EXP-T194 shadow fold=1 lr0=1e-02 ===
/workspace_developability_acquisition/developability_drilldown/models/antibody_transformer/model.py:347: UserWarning: enable_nested_tensor is True, but self.use_nested_tensor is False because encoder_layer.norm_first was True
  self.encoder = nn.TransformerEncoder(_make_encoder_layer(), num_layers=n_layers)
=== EXP-T194 shadow fold=2 lr0=1e-05 ===
=== EXP-T194 shadow fold=2 lr0=1e-04 ===
=== EXP-T194 shadow fold=2 lr0=1e-03 ===
=== EXP-T194 shadow fold=2 lr0=1e-02 ===
/workspace_developability_acquisition/developability_drilldown/models/antibody_transformer/model.py:347: UserWarning: enable_nested_tensor is True, but self.use_nested_tensor is False because encoder_layer.norm_first was True
  self.encoder = nn.TransformerEncoder(_make_encoder_layer(), num_layers=n_layers)
=== EXP-T194 shadow fold=3 lr0=1e-05 ===
=== EXP-T194 shadow fold=3 lr0=1e-04 ===
=== EXP-T194 shadow fold=3 lr0=1e-03 ===
=== EXP-T194 shadow fold=3 lr0=1e-02 ===
/workspace_developability_acquisition/developability_drilldown/models/antibody_transformer/model.py:347: UserWarning: enable_nested_tensor is True, but self.use_nested_tensor is False because encoder_layer.norm_first was True
  self.encoder = nn.TransformerEncoder(_make_encoder_layer(), num_layers=n_layers)
=== EXP-T194 shadow fold=4 lr0=1e-05 ===
=== EXP-T194 shadow fold=4 lr0=1e-04 ===
=== EXP-T194 shadow fold=4 lr0=1e-03 ===
=== EXP-T194 shadow fold=4 lr0=1e-02 ===
/workspace_developability_acquisition/developability_drilldown/models/antibody_transformer/model.py:347: UserWarning: enable_nested_tensor is True, but self.use_nested_tensor is False because encoder_layer.norm_first was True
  self.encoder = nn.TransformerEncoder(_make_encoder_layer(), num_layers=n_layers)
DONE EXP-T194 mean=3.294126
==== TRAIN EXP-T195 ablang2_paired/C/BASE ====
/workspace_developability_acquisition/developability_drilldown/models/antibody_transformer/model.py:347: UserWarning: enable_nested_tensor is True, but self.use_nested_tensor is False because encoder_layer.norm_first was True
  self.encoder = nn.TransformerEncoder(_make_encoder_layer(), num_layers=n_layers)
=== EXP-T195 primary fold=0 lr0=1e-05 ===
=== EXP-T195 primary fold=0 lr0=1e-04 ===
=== EXP-T195 primary fold=0 lr0=1e-03 ===
=== EXP-T195 primary fold=0 lr0=1e-02 ===
/workspace_developability_acquisition/developability_drilldown/models/antibody_transformer/model.py:347: UserWarning: enable_nested_tensor is True, but self.use_nested_tensor is False because encoder_layer.norm_first was True
  self.encoder = nn.TransformerEncoder(_make_encoder_layer(), num_layers=n_layers)
=== EXP-T195 primary fold=1 lr0=1e-05 ===
=== EXP-T195 primary fold=1 lr0=1e-04 ===
=== EXP-T195 primary fold=1 lr0=1e-03 ===
=== EXP-T195 primary fold=1 lr0=1e-02 ===
/workspace_developability_acquisition/developability_drilldown/models/antibody_transformer/model.py:347: UserWarning: enable_nested_tensor is True, but self.use_nested_tensor is False because encoder_layer.norm_first was True
  self.encoder = nn.TransformerEncoder(_make_encoder_layer(), num_layers=n_layers)
=== EXP-T195 primary fold=2 lr0=1e-05 ===
=== EXP-T195 primary fold=2 lr0=1e-04 ===
=== EXP-T195 primary fold=2 lr0=1e-03 ===
=== EXP-T195 primary fold=2 lr0=1e-02 ===
/workspace_developability_acquisition/developability_drilldown/models/antibody_transformer/model.py:347: UserWarning: enable_nested_tensor is True, but self.use_nested_tensor is False because encoder_layer.norm_first was True
  self.encoder = nn.TransformerEncoder(_make_encoder_layer(), num_layers=n_layers)
=== EXP-T195 primary fold=3 lr0=1e-05 ===
=== EXP-T195 primary fold=3 lr0=1e-04 ===
=== EXP-T195 primary fold=3 lr0=1e-03 ===
=== EXP-T195 primary fold=3 lr0=1e-02 ===
/workspace_developability_acquisition/developability_drilldown/models/antibody_transformer/model.py:347: UserWarning: enable_nested_tensor is True, but self.use_nested_tensor is False because encoder_layer.norm_first was True
  self.encoder = nn.TransformerEncoder(_make_encoder_layer(), num_layers=n_layers)
=== EXP-T195 primary fold=4 lr0=1e-05 ===
=== EXP-T195 primary fold=4 lr0=1e-04 ===
=== EXP-T195 primary fold=4 lr0=1e-03 ===
=== EXP-T195 primary fold=4 lr0=1e-02 ===
/workspace_developability_acquisition/developability_drilldown/models/antibody_transformer/model.py:347: UserWarning: enable_nested_tensor is True, but self.use_nested_tensor is False because encoder_layer.norm_first was True
  self.encoder = nn.TransformerEncoder(_make_encoder_layer(), num_layers=n_layers)
=== EXP-T195 shadow fold=0 lr0=1e-05 ===
=== EXP-T195 shadow fold=0 lr0=1e-04 ===
=== EXP-T195 shadow fold=0 lr0=1e-03 ===
=== EXP-T195 shadow fold=0 lr0=1e-02 ===
/workspace_developability_acquisition/developability_drilldown/models/antibody_transformer/model.py:347: UserWarning: enable_nested_tensor is True, but self.use_nested_tensor is False because encoder_layer.norm_first was True
  self.encoder = nn.TransformerEncoder(_make_encoder_layer(), num_layers=n_layers)
=== EXP-T195 shadow fold=1 lr0=1e-05 ===
=== EXP-T195 shadow fold=1 lr0=1e-04 ===
=== EXP-T195 shadow fold=1 lr0=1e-03 ===
=== EXP-T195 shadow fold=1 lr0=1e-02 ===
/workspace_developability_acquisition/developability_drilldown/models/antibody_transformer/model.py:347: UserWarning: enable_nested_tensor is True, but self.use_nested_tensor is False because encoder_layer.norm_first was True
  self.encoder = nn.TransformerEncoder(_make_encoder_layer(), num_layers=n_layers)
=== EXP-T195 shadow fold=2 lr0=1e-05 ===
=== EXP-T195 shadow fold=2 lr0=1e-04 ===
=== EXP-T195 shadow fold=2 lr0=1e-03 ===
=== EXP-T195 shadow fold=2 lr0=1e-02 ===
/workspace_developability_acquisition/developability_drilldown/models/antibody_transformer/model.py:347: UserWarning: enable_nested_tensor is True, but self.use_nested_tensor is False because encoder_layer.norm_first was True
  self.encoder = nn.TransformerEncoder(_make_encoder_layer(), num_layers=n_layers)
=== EXP-T195 shadow fold=3 lr0=1e-05 ===
=== EXP-T195 shadow fold=3 lr0=1e-04 ===
=== EXP-T195 shadow fold=3 lr0=1e-03 ===
=== EXP-T195 shadow fold=3 lr0=1e-02 ===
/workspace_developability_acquisition/developability_drilldown/models/antibody_transformer/model.py:347: UserWarning: enable_nested_tensor is True, but self.use_nested_tensor is False because encoder_layer.norm_first was True
  self.encoder = nn.TransformerEncoder(_make_encoder_layer(), num_layers=n_layers)
=== EXP-T195 shadow fold=4 lr0=1e-05 ===
=== EXP-T195 shadow fold=4 lr0=1e-04 ===
=== EXP-T195 shadow fold=4 lr0=1e-03 ===
=== EXP-T195 shadow fold=4 lr0=1e-02 ===
/workspace_developability_acquisition/developability_drilldown/models/antibody_transformer/model.py:347: UserWarning: enable_nested_tensor is True, but self.use_nested_tensor is False because encoder_layer.norm_first was True
  self.encoder = nn.TransformerEncoder(_make_encoder_layer(), num_layers=n_layers)
DONE EXP-T195 mean=3.140193
==== TRAIN EXP-T196 ablang2_paired/D/BASE ====
/workspace_developability_acquisition/developability_drilldown/models/antibody_transformer/model.py:347: UserWarning: enable_nested_tensor is True, but self.use_nested_tensor is False because encoder_layer.norm_first was True
  self.encoder = nn.TransformerEncoder(_make_encoder_layer(), num_layers=n_layers)
=== EXP-T196 primary fold=0 lr0=1e-05 ===
=== EXP-T196 primary fold=0 lr0=1e-04 ===
=== EXP-T196 primary fold=0 lr0=1e-03 ===
=== EXP-T196 primary fold=0 lr0=1e-02 ===
/workspace_developability_acquisition/developability_drilldown/models/antibody_transformer/model.py:347: UserWarning: enable_nested_tensor is True, but self.use_nested_tensor is False because encoder_layer.norm_first was True
  self.encoder = nn.TransformerEncoder(_make_encoder_layer(), num_layers=n_layers)
=== EXP-T196 primary fold=1 lr0=1e-05 ===
=== EXP-T196 primary fold=1 lr0=1e-04 ===
=== EXP-T196 primary fold=1 lr0=1e-03 ===
=== EXP-T196 primary fold=1 lr0=1e-02 ===
/workspace_developability_acquisition/developability_drilldown/models/antibody_transformer/model.py:347: UserWarning: enable_nested_tensor is True, but self.use_nested_tensor is False because encoder_layer.norm_first was True
  self.encoder = nn.TransformerEncoder(_make_encoder_layer(), num_layers=n_layers)
=== EXP-T196 primary fold=2 lr0=1e-05 ===
=== EXP-T196 primary fold=2 lr0=1e-04 ===
=== EXP-T196 primary fold=2 lr0=1e-03 ===
=== EXP-T196 primary fold=2 lr0=1e-02 ===
/workspace_developability_acquisition/developability_drilldown/models/antibody_transformer/model.py:347: UserWarning: enable_nested_tensor is True, but self.use_nested_tensor is False because encoder_layer.norm_first was True
  self.encoder = nn.TransformerEncoder(_make_encoder_layer(), num_layers=n_layers)
=== EXP-T196 primary fold=3 lr0=1e-05 ===
=== EXP-T196 primary fold=3 lr0=1e-04 ===
=== EXP-T196 primary fold=3 lr0=1e-03 ===
=== EXP-T196 primary fold=3 lr0=1e-02 ===
/workspace_developability_acquisition/developability_drilldown/models/antibody_transformer/model.py:347: UserWarning: enable_nested_tensor is True, but self.use_nested_tensor is False because encoder_layer.norm_first was True
  self.encoder = nn.TransformerEncoder(_make_encoder_layer(), num_layers=n_layers)
=== EXP-T196 primary fold=4 lr0=1e-05 ===
=== EXP-T196 primary fold=4 lr0=1e-04 ===
=== EXP-T196 primary fold=4 lr0=1e-03 ===
=== EXP-T196 primary fold=4 lr0=1e-02 ===
/workspace_developability_acquisition/developability_drilldown/models/antibody_transformer/model.py:347: UserWarning: enable_nested_tensor is True, but self.use_nested_tensor is False because encoder_layer.norm_first was True
  self.encoder = nn.TransformerEncoder(_make_encoder_layer(), num_layers=n_layers)
=== EXP-T196 shadow fold=0 lr0=1e-05 ===
=== EXP-T196 shadow fold=0 lr0=1e-04 ===
=== EXP-T196 shadow fold=0 lr0=1e-03 ===
=== EXP-T196 shadow fold=0 lr0=1e-02 ===
/workspace_developability_acquisition/developability_drilldown/models/antibody_transformer/model.py:347: UserWarning: enable_nested_tensor is True, but self.use_nested_tensor is False because encoder_layer.norm_first was True
  self.encoder = nn.TransformerEncoder(_make_encoder_layer(), num_layers=n_layers)
=== EXP-T196 shadow fold=1 lr0=1e-05 ===
=== EXP-T196 shadow fold=1 lr0=1e-04 ===
=== EXP-T196 shadow fold=1 lr0=1e-03 ===
=== EXP-T196 shadow fold=1 lr0=1e-02 ===
/workspace_developability_acquisition/developability_drilldown/models/antibody_transformer/model.py:347: UserWarning: enable_nested_tensor is True, but self.use_nested_tensor is False because encoder_layer.norm_first was True
  self.encoder = nn.TransformerEncoder(_make_encoder_layer(), num_layers=n_layers)
=== EXP-T196 shadow fold=2 lr0=1e-05 ===
=== EXP-T196 shadow fold=2 lr0=1e-04 ===
=== EXP-T196 shadow fold=2 lr0=1e-03 ===
=== EXP-T196 shadow fold=2 lr0=1e-02 ===
/workspace_developability_acquisition/developability_drilldown/models/antibody_transformer/model.py:347: UserWarning: enable_nested_tensor is True, but self.use_nested_tensor is False because encoder_layer.norm_first was True
  self.encoder = nn.TransformerEncoder(_make_encoder_layer(), num_layers=n_layers)
=== EXP-T196 shadow fold=3 lr0=1e-05 ===
=== EXP-T196 shadow fold=3 lr0=1e-04 ===
=== EXP-T196 shadow fold=3 lr0=1e-03 ===
=== EXP-T196 shadow fold=3 lr0=1e-02 ===
/workspace_developability_acquisition/developability_drilldown/models/antibody_transformer/model.py:347: UserWarning: enable_nested_tensor is True, but self.use_nested_tensor is False because encoder_layer.norm_first was True
  self.encoder = nn.TransformerEncoder(_make_encoder_layer(), num_layers=n_layers)
=== EXP-T196 shadow fold=4 lr0=1e-05 ===
=== EXP-T196 shadow fold=4 lr0=1e-04 ===
=== EXP-T196 shadow fold=4 lr0=1e-03 ===
=== EXP-T196 shadow fold=4 lr0=1e-02 ===
/workspace_developability_acquisition/developability_drilldown/models/antibody_transformer/model.py:347: UserWarning: enable_nested_tensor is True, but self.use_nested_tensor is False because encoder_layer.norm_first was True
  self.encoder = nn.TransformerEncoder(_make_encoder_layer(), num_layers=n_layers)
DONE EXP-T196 mean=3.026136
==== TRAIN EXP-T197 ablang2_paired/A/IMGT ====
/workspace_developability_acquisition/developability_drilldown/models/antibody_transformer/model.py:347: UserWarning: enable_nested_tensor is True, but self.use_nested_tensor is False because encoder_layer.norm_first was True
  self.encoder = nn.TransformerEncoder(_make_encoder_layer(), num_layers=n_layers)
=== EXP-T197 primary fold=0 lr0=1e-05 ===
=== EXP-T197 primary fold=0 lr0=1e-04 ===
=== EXP-T197 primary fold=0 lr0=1e-03 ===
=== EXP-T197 primary fold=0 lr0=1e-02 ===
/workspace_developability_acquisition/developability_drilldown/models/antibody_transformer/model.py:347: UserWarning: enable_nested_tensor is True, but self.use_nested_tensor is False because encoder_layer.norm_first was True
  self.encoder = nn.TransformerEncoder(_make_encoder_layer(), num_layers=n_layers)
=== EXP-T197 primary fold=1 lr0=1e-05 ===
=== EXP-T197 primary fold=1 lr0=1e-04 ===
=== EXP-T197 primary fold=1 lr0=1e-03 ===
=== EXP-T197 primary fold=1 lr0=1e-02 ===
/workspace_developability_acquisition/developability_drilldown/models/antibody_transformer/model.py:347: UserWarning: enable_nested_tensor is True, but self.use_nested_tensor is False because encoder_layer.norm_first was True
  self.encoder = nn.TransformerEncoder(_make_encoder_layer(), num_layers=n_layers)
=== EXP-T197 primary fold=2 lr0=1e-05 ===
=== EXP-T197 primary fold=2 lr0=1e-04 ===
=== EXP-T197 primary fold=2 lr0=1e-03 ===
=== EXP-T197 primary fold=2 lr0=1e-02 ===
/workspace_developability_acquisition/developability_drilldown/models/antibody_transformer/model.py:347: UserWarning: enable_nested_tensor is True, but self.use_nested_tensor is False because encoder_layer.norm_first was True
  self.encoder = nn.TransformerEncoder(_make_encoder_layer(), num_layers=n_layers)
=== EXP-T197 primary fold=3 lr0=1e-05 ===
=== EXP-T197 primary fold=3 lr0=1e-04 ===
=== EXP-T197 primary fold=3 lr0=1e-03 ===
=== EXP-T197 primary fold=3 lr0=1e-02 ===
/workspace_developability_acquisition/developability_drilldown/models/antibody_transformer/model.py:347: UserWarning: enable_nested_tensor is True, but self.use_nested_tensor is False because encoder_layer.norm_first was True
  self.encoder = nn.TransformerEncoder(_make_encoder_layer(), num_layers=n_layers)
=== EXP-T197 primary fold=4 lr0=1e-05 ===
=== EXP-T197 primary fold=4 lr0=1e-04 ===
=== EXP-T197 primary fold=4 lr0=1e-03 ===
=== EXP-T197 primary fold=4 lr0=1e-02 ===
/workspace_developability_acquisition/developability_drilldown/models/antibody_transformer/model.py:347: UserWarning: enable_nested_tensor is True, but self.use_nested_tensor is False because encoder_layer.norm_first was True
  self.encoder = nn.TransformerEncoder(_make_encoder_layer(), num_layers=n_layers)
=== EXP-T197 shadow fold=0 lr0=1e-05 ===
=== EXP-T197 shadow fold=0 lr0=1e-04 ===
=== EXP-T197 shadow fold=0 lr0=1e-03 ===
=== EXP-T197 shadow fold=0 lr0=1e-02 ===
/workspace_developability_acquisition/developability_drilldown/models/antibody_transformer/model.py:347: UserWarning: enable_nested_tensor is True, but self.use_nested_tensor is False because encoder_layer.norm_first was True
  self.encoder = nn.TransformerEncoder(_make_encoder_layer(), num_layers=n_layers)
=== EXP-T197 shadow fold=1 lr0=1e-05 ===
=== EXP-T197 shadow fold=1 lr0=1e-04 ===
=== EXP-T197 shadow fold=1 lr0=1e-03 ===
=== EXP-T197 shadow fold=1 lr0=1e-02 ===
/workspace_developability_acquisition/developability_drilldown/models/antibody_transformer/model.py:347: UserWarning: enable_nested_tensor is True, but self.use_nested_tensor is False because encoder_layer.norm_first was True
  self.encoder = nn.TransformerEncoder(_make_encoder_layer(), num_layers=n_layers)
=== EXP-T197 shadow fold=2 lr0=1e-05 ===
=== EXP-T197 shadow fold=2 lr0=1e-04 ===
=== EXP-T197 shadow fold=2 lr0=1e-03 ===
=== EXP-T197 shadow fold=2 lr0=1e-02 ===
/workspace_developability_acquisition/developability_drilldown/models/antibody_transformer/model.py:347: UserWarning: enable_nested_tensor is True, but self.use_nested_tensor is False because encoder_layer.norm_first was True
  self.encoder = nn.TransformerEncoder(_make_encoder_layer(), num_layers=n_layers)
=== EXP-T197 shadow fold=3 lr0=1e-05 ===
=== EXP-T197 shadow fold=3 lr0=1e-04 ===
=== EXP-T197 shadow fold=3 lr0=1e-03 ===
=== EXP-T197 shadow fold=3 lr0=1e-02 ===
/workspace_developability_acquisition/developability_drilldown/models/antibody_transformer/model.py:347: UserWarning: enable_nested_tensor is True, but self.use_nested_tensor is False because encoder_layer.norm_first was True
  self.encoder = nn.TransformerEncoder(_make_encoder_layer(), num_layers=n_layers)
=== EXP-T197 shadow fold=4 lr0=1e-05 ===
=== EXP-T197 shadow fold=4 lr0=1e-04 ===
=== EXP-T197 shadow fold=4 lr0=1e-03 ===
=== EXP-T197 shadow fold=4 lr0=1e-02 ===
/workspace_developability_acquisition/developability_drilldown/models/antibody_transformer/model.py:347: UserWarning: enable_nested_tensor is True, but self.use_nested_tensor is False because encoder_layer.norm_first was True
  self.encoder = nn.TransformerEncoder(_make_encoder_layer(), num_layers=n_layers)
DONE EXP-T197 mean=3.236901
==== TRAIN EXP-T198 ablang2_paired/B1/IMGT ====
/workspace_developability_acquisition/developability_drilldown/models/antibody_transformer/model.py:347: UserWarning: enable_nested_tensor is True, but self.use_nested_tensor is False because encoder_layer.norm_first was True
  self.encoder = nn.TransformerEncoder(_make_encoder_layer(), num_layers=n_layers)
=== EXP-T198 primary fold=0 lr0=1e-05 ===
=== EXP-T198 primary fold=0 lr0=1e-04 ===
=== EXP-T198 primary fold=0 lr0=1e-03 ===
=== EXP-T198 primary fold=0 lr0=1e-02 ===
/workspace_developability_acquisition/developability_drilldown/models/antibody_transformer/model.py:347: UserWarning: enable_nested_tensor is True, but self.use_nested_tensor is False because encoder_layer.norm_first was True
  self.encoder = nn.TransformerEncoder(_make_encoder_layer(), num_layers=n_layers)
=== EXP-T198 primary fold=1 lr0=1e-05 ===
=== EXP-T198 primary fold=1 lr0=1e-04 ===
=== EXP-T198 primary fold=1 lr0=1e-03 ===
=== EXP-T198 primary fold=1 lr0=1e-02 ===
/workspace_developability_acquisition/developability_drilldown/models/antibody_transformer/model.py:347: UserWarning: enable_nested_tensor is True, but self.use_nested_tensor is False because encoder_layer.norm_first was True
  self.encoder = nn.TransformerEncoder(_make_encoder_layer(), num_layers=n_layers)
=== EXP-T198 primary fold=2 lr0=1e-05 ===
=== EXP-T198 primary fold=2 lr0=1e-04 ===
=== EXP-T198 primary fold=2 lr0=1e-03 ===
=== EXP-T198 primary fold=2 lr0=1e-02 ===
/workspace_developability_acquisition/developability_drilldown/models/antibody_transformer/model.py:347: UserWarning: enable_nested_tensor is True, but self.use_nested_tensor is False because encoder_layer.norm_first was True
  self.encoder = nn.TransformerEncoder(_make_encoder_layer(), num_layers=n_layers)
=== EXP-T198 primary fold=3 lr0=1e-05 ===
=== EXP-T198 primary fold=3 lr0=1e-04 ===
=== EXP-T198 primary fold=3 lr0=1e-03 ===
=== EXP-T198 primary fold=3 lr0=1e-02 ===
/workspace_developability_acquisition/developability_drilldown/models/antibody_transformer/model.py:347: UserWarning: enable_nested_tensor is True, but self.use_nested_tensor is False because encoder_layer.norm_first was True
  self.encoder = nn.TransformerEncoder(_make_encoder_layer(), num_layers=n_layers)
=== EXP-T198 primary fold=4 lr0=1e-05 ===
=== EXP-T198 primary fold=4 lr0=1e-04 ===
=== EXP-T198 primary fold=4 lr0=1e-03 ===
=== EXP-T198 primary fold=4 lr0=1e-02 ===
/workspace_developability_acquisition/developability_drilldown/models/antibody_transformer/model.py:347: UserWarning: enable_nested_tensor is True, but self.use_nested_tensor is False because encoder_layer.norm_first was True
  self.encoder = nn.TransformerEncoder(_make_encoder_layer(), num_layers=n_layers)
=== EXP-T198 shadow fold=0 lr0=1e-05 ===
=== EXP-T198 shadow fold=0 lr0=1e-04 ===
=== EXP-T198 shadow fold=0 lr0=1e-03 ===
=== EXP-T198 shadow fold=0 lr0=1e-02 ===
/workspace_developability_acquisition/developability_drilldown/models/antibody_transformer/model.py:347: UserWarning: enable_nested_tensor is True, but self.use_nested_tensor is False because encoder_layer.norm_first was True
  self.encoder = nn.TransformerEncoder(_make_encoder_layer(), num_layers=n_layers)
=== EXP-T198 shadow fold=1 lr0=1e-05 ===
=== EXP-T198 shadow fold=1 lr0=1e-04 ===
=== EXP-T198 shadow fold=1 lr0=1e-03 ===
=== EXP-T198 shadow fold=1 lr0=1e-02 ===
/workspace_developability_acquisition/developability_drilldown/models/antibody_transformer/model.py:347: UserWarning: enable_nested_tensor is True, but self.use_nested_tensor is False because encoder_layer.norm_first was True
  self.encoder = nn.TransformerEncoder(_make_encoder_layer(), num_layers=n_layers)
=== EXP-T198 shadow fold=2 lr0=1e-05 ===
=== EXP-T198 shadow fold=2 lr0=1e-04 ===
=== EXP-T198 shadow fold=2 lr0=1e-03 ===
=== EXP-T198 shadow fold=2 lr0=1e-02 ===
/workspace_developability_acquisition/developability_drilldown/models/antibody_transformer/model.py:347: UserWarning: enable_nested_tensor is True, but self.use_nested_tensor is False because encoder_layer.norm_first was True
  self.encoder = nn.TransformerEncoder(_make_encoder_layer(), num_layers=n_layers)
=== EXP-T198 shadow fold=3 lr0=1e-05 ===
=== EXP-T198 shadow fold=3 lr0=1e-04 ===
=== EXP-T198 shadow fold=3 lr0=1e-03 ===
=== EXP-T198 shadow fold=3 lr0=1e-02 ===
/workspace_developability_acquisition/developability_drilldown/models/antibody_transformer/model.py:347: UserWarning: enable_nested_tensor is True, but self.use_nested_tensor is False because encoder_layer.norm_first was True
  self.encoder = nn.TransformerEncoder(_make_encoder_layer(), num_layers=n_layers)
=== EXP-T198 shadow fold=4 lr0=1e-05 ===
=== EXP-T198 shadow fold=4 lr0=1e-04 ===
=== EXP-T198 shadow fold=4 lr0=1e-03 ===
=== EXP-T198 shadow fold=4 lr0=1e-02 ===
/workspace_developability_acquisition/developability_drilldown/models/antibody_transformer/model.py:347: UserWarning: enable_nested_tensor is True, but self.use_nested_tensor is False because encoder_layer.norm_first was True
  self.encoder = nn.TransformerEncoder(_make_encoder_layer(), num_layers=n_layers)
DONE EXP-T198 mean=3.248494
==== TRAIN EXP-T199 ablang2_paired/B2/IMGT ====
/workspace_developability_acquisition/developability_drilldown/models/antibody_transformer/model.py:347: UserWarning: enable_nested_tensor is True, but self.use_nested_tensor is False because encoder_layer.norm_first was True
  self.encoder = nn.TransformerEncoder(_make_encoder_layer(), num_layers=n_layers)
=== EXP-T199 primary fold=0 lr0=1e-05 ===
=== EXP-T199 primary fold=0 lr0=1e-04 ===
=== EXP-T199 primary fold=0 lr0=1e-03 ===
=== EXP-T199 primary fold=0 lr0=1e-02 ===
/workspace_developability_acquisition/developability_drilldown/models/antibody_transformer/model.py:347: UserWarning: enable_nested_tensor is True, but self.use_nested_tensor is False because encoder_layer.norm_first was True
  self.encoder = nn.TransformerEncoder(_make_encoder_layer(), num_layers=n_layers)
=== EXP-T199 primary fold=1 lr0=1e-05 ===
=== EXP-T199 primary fold=1 lr0=1e-04 ===
=== EXP-T199 primary fold=1 lr0=1e-03 ===
=== EXP-T199 primary fold=1 lr0=1e-02 ===
/workspace_developability_acquisition/developability_drilldown/models/antibody_transformer/model.py:347: UserWarning: enable_nested_tensor is True, but self.use_nested_tensor is False because encoder_layer.norm_first was True
  self.encoder = nn.TransformerEncoder(_make_encoder_layer(), num_layers=n_layers)
=== EXP-T199 primary fold=2 lr0=1e-05 ===
=== EXP-T199 primary fold=2 lr0=1e-04 ===
=== EXP-T199 primary fold=2 lr0=1e-03 ===
=== EXP-T199 primary fold=2 lr0=1e-02 ===
/workspace_developability_acquisition/developability_drilldown/models/antibody_transformer/model.py:347: UserWarning: enable_nested_tensor is True, but self.use_nested_tensor is False because encoder_layer.norm_first was True
  self.encoder = nn.TransformerEncoder(_make_encoder_layer(), num_layers=n_layers)
=== EXP-T199 primary fold=3 lr0=1e-05 ===
=== EXP-T199 primary fold=3 lr0=1e-04 ===
=== EXP-T199 primary fold=3 lr0=1e-03 ===
=== EXP-T199 primary fold=3 lr0=1e-02 ===
/workspace_developability_acquisition/developability_drilldown/models/antibody_transformer/model.py:347: UserWarning: enable_nested_tensor is True, but self.use_nested_tensor is False because encoder_layer.norm_first was True
  self.encoder = nn.TransformerEncoder(_make_encoder_layer(), num_layers=n_layers)
=== EXP-T199 primary fold=4 lr0=1e-05 ===
=== EXP-T199 primary fold=4 lr0=1e-04 ===
=== EXP-T199 primary fold=4 lr0=1e-03 ===
=== EXP-T199 primary fold=4 lr0=1e-02 ===
/workspace_developability_acquisition/developability_drilldown/models/antibody_transformer/model.py:347: UserWarning: enable_nested_tensor is True, but self.use_nested_tensor is False because encoder_layer.norm_first was True
  self.encoder = nn.TransformerEncoder(_make_encoder_layer(), num_layers=n_layers)
=== EXP-T199 shadow fold=0 lr0=1e-05 ===
=== EXP-T199 shadow fold=0 lr0=1e-04 ===
=== EXP-T199 shadow fold=0 lr0=1e-03 ===
=== EXP-T199 shadow fold=0 lr0=1e-02 ===
/workspace_developability_acquisition/developability_drilldown/models/antibody_transformer/model.py:347: UserWarning: enable_nested_tensor is True, but self.use_nested_tensor is False because encoder_layer.norm_first was True
  self.encoder = nn.TransformerEncoder(_make_encoder_layer(), num_layers=n_layers)
=== EXP-T199 shadow fold=1 lr0=1e-05 ===
=== EXP-T199 shadow fold=1 lr0=1e-04 ===
=== EXP-T199 shadow fold=1 lr0=1e-03 ===
=== EXP-T199 shadow fold=1 lr0=1e-02 ===
/workspace_developability_acquisition/developability_drilldown/models/antibody_transformer/model.py:347: UserWarning: enable_nested_tensor is True, but self.use_nested_tensor is False because encoder_layer.norm_first was True
  self.encoder = nn.TransformerEncoder(_make_encoder_layer(), num_layers=n_layers)
=== EXP-T199 shadow fold=2 lr0=1e-05 ===
=== EXP-T199 shadow fold=2 lr0=1e-04 ===
=== EXP-T199 shadow fold=2 lr0=1e-03 ===
=== EXP-T199 shadow fold=2 lr0=1e-02 ===
/workspace_developability_acquisition/developability_drilldown/models/antibody_transformer/model.py:347: UserWarning: enable_nested_tensor is True, but self.use_nested_tensor is False because encoder_layer.norm_first was True
  self.encoder = nn.TransformerEncoder(_make_encoder_layer(), num_layers=n_layers)
=== EXP-T199 shadow fold=3 lr0=1e-05 ===
=== EXP-T199 shadow fold=3 lr0=1e-04 ===
=== EXP-T199 shadow fold=3 lr0=1e-03 ===
=== EXP-T199 shadow fold=3 lr0=1e-02 ===
/workspace_developability_acquisition/developability_drilldown/models/antibody_transformer/model.py:347: UserWarning: enable_nested_tensor is True, but self.use_nested_tensor is False because encoder_layer.norm_first was True
  self.encoder = nn.TransformerEncoder(_make_encoder_layer(), num_layers=n_layers)
=== EXP-T199 shadow fold=4 lr0=1e-05 ===
=== EXP-T199 shadow fold=4 lr0=1e-04 ===
=== EXP-T199 shadow fold=4 lr0=1e-03 ===
=== EXP-T199 shadow fold=4 lr0=1e-02 ===
/workspace_developability_acquisition/developability_drilldown/models/antibody_transformer/model.py:347: UserWarning: enable_nested_tensor is True, but self.use_nested_tensor is False because encoder_layer.norm_first was True
  self.encoder = nn.TransformerEncoder(_make_encoder_layer(), num_layers=n_layers)
DONE EXP-T199 mean=3.239788
==== TRAIN EXP-T200 ablang2_paired/C/IMGT ====
/workspace_developability_acquisition/developability_drilldown/models/antibody_transformer/model.py:347: UserWarning: enable_nested_tensor is True, but self.use_nested_tensor is False because encoder_layer.norm_first was True
  self.encoder = nn.TransformerEncoder(_make_encoder_layer(), num_layers=n_layers)
=== EXP-T200 primary fold=0 lr0=1e-05 ===
=== EXP-T200 primary fold=0 lr0=1e-04 ===
=== EXP-T200 primary fold=0 lr0=1e-03 ===
=== EXP-T200 primary fold=0 lr0=1e-02 ===
/workspace_developability_acquisition/developability_drilldown/models/antibody_transformer/model.py:347: UserWarning: enable_nested_tensor is True, but self.use_nested_tensor is False because encoder_layer.norm_first was True
  self.encoder = nn.TransformerEncoder(_make_encoder_layer(), num_layers=n_layers)
=== EXP-T200 primary fold=1 lr0=1e-05 ===
=== EXP-T200 primary fold=1 lr0=1e-04 ===
=== EXP-T200 primary fold=1 lr0=1e-03 ===
=== EXP-T200 primary fold=1 lr0=1e-02 ===
/workspace_developability_acquisition/developability_drilldown/models/antibody_transformer/model.py:347: UserWarning: enable_nested_tensor is True, but self.use_nested_tensor is False because encoder_layer.norm_first was True
  self.encoder = nn.TransformerEncoder(_make_encoder_layer(), num_layers=n_layers)
=== EXP-T200 primary fold=2 lr0=1e-05 ===
=== EXP-T200 primary fold=2 lr0=1e-04 ===
=== EXP-T200 primary fold=2 lr0=1e-03 ===
=== EXP-T200 primary fold=2 lr0=1e-02 ===
/workspace_developability_acquisition/developability_drilldown/models/antibody_transformer/model.py:347: UserWarning: enable_nested_tensor is True, but self.use_nested_tensor is False because encoder_layer.norm_first was True
  self.encoder = nn.TransformerEncoder(_make_encoder_layer(), num_layers=n_layers)
=== EXP-T200 primary fold=3 lr0=1e-05 ===
=== EXP-T200 primary fold=3 lr0=1e-04 ===
=== EXP-T200 primary fold=3 lr0=1e-03 ===
=== EXP-T200 primary fold=3 lr0=1e-02 ===
/workspace_developability_acquisition/developability_drilldown/models/antibody_transformer/model.py:347: UserWarning: enable_nested_tensor is True, but self.use_nested_tensor is False because encoder_layer.norm_first was True
  self.encoder = nn.TransformerEncoder(_make_encoder_layer(), num_layers=n_layers)
=== EXP-T200 primary fold=4 lr0=1e-05 ===
=== EXP-T200 primary fold=4 lr0=1e-04 ===
=== EXP-T200 primary fold=4 lr0=1e-03 ===
=== EXP-T200 primary fold=4 lr0=1e-02 ===
/workspace_developability_acquisition/developability_drilldown/models/antibody_transformer/model.py:347: UserWarning: enable_nested_tensor is True, but self.use_nested_tensor is False because encoder_layer.norm_first was True
  self.encoder = nn.TransformerEncoder(_make_encoder_layer(), num_layers=n_layers)
=== EXP-T200 shadow fold=0 lr0=1e-05 ===
=== EXP-T200 shadow fold=0 lr0=1e-04 ===
=== EXP-T200 shadow fold=0 lr0=1e-03 ===
=== EXP-T200 shadow fold=0 lr0=1e-02 ===
/workspace_developability_acquisition/developability_drilldown/models/antibody_transformer/model.py:347: UserWarning: enable_nested_tensor is True, but self.use_nested_tensor is False because encoder_layer.norm_first was True
  self.encoder = nn.TransformerEncoder(_make_encoder_layer(), num_layers=n_layers)
=== EXP-T200 shadow fold=1 lr0=1e-05 ===
=== EXP-T200 shadow fold=1 lr0=1e-04 ===
=== EXP-T200 shadow fold=1 lr0=1e-03 ===
=== EXP-T200 shadow fold=1 lr0=1e-02 ===
/workspace_developability_acquisition/developability_drilldown/models/antibody_transformer/model.py:347: UserWarning: enable_nested_tensor is True, but self.use_nested_tensor is False because encoder_layer.norm_first was True
  self.encoder = nn.TransformerEncoder(_make_encoder_layer(), num_layers=n_layers)
=== EXP-T200 shadow fold=2 lr0=1e-05 ===
=== EXP-T200 shadow fold=2 lr0=1e-04 ===
=== EXP-T200 shadow fold=2 lr0=1e-03 ===
=== EXP-T200 shadow fold=2 lr0=1e-02 ===
/workspace_developability_acquisition/developability_drilldown/models/antibody_transformer/model.py:347: UserWarning: enable_nested_tensor is True, but self.use_nested_tensor is False because encoder_layer.norm_first was True
  self.encoder = nn.TransformerEncoder(_make_encoder_layer(), num_layers=n_layers)
=== EXP-T200 shadow fold=3 lr0=1e-05 ===
=== EXP-T200 shadow fold=3 lr0=1e-04 ===
=== EXP-T200 shadow fold=3 lr0=1e-03 ===
=== EXP-T200 shadow fold=3 lr0=1e-02 ===
/workspace_developability_acquisition/developability_drilldown/models/antibody_transformer/model.py:347: UserWarning: enable_nested_tensor is True, but self.use_nested_tensor is False because encoder_layer.norm_first was True
  self.encoder = nn.TransformerEncoder(_make_encoder_layer(), num_layers=n_layers)
=== EXP-T200 shadow fold=4 lr0=1e-05 ===
=== EXP-T200 shadow fold=4 lr0=1e-04 ===
=== EXP-T200 shadow fold=4 lr0=1e-03 ===
=== EXP-T200 shadow fold=4 lr0=1e-02 ===
/workspace_developability_acquisition/developability_drilldown/models/antibody_transformer/model.py:347: UserWarning: enable_nested_tensor is True, but self.use_nested_tensor is False because encoder_layer.norm_first was True
  self.encoder = nn.TransformerEncoder(_make_encoder_layer(), num_layers=n_layers)
DONE EXP-T200 mean=3.327237
==== TRAIN EXP-T201 ablang2_paired/D/IMGT ====
/workspace_developability_acquisition/developability_drilldown/models/antibody_transformer/model.py:347: UserWarning: enable_nested_tensor is True, but self.use_nested_tensor is False because encoder_layer.norm_first was True
  self.encoder = nn.TransformerEncoder(_make_encoder_layer(), num_layers=n_layers)
=== EXP-T201 primary fold=0 lr0=1e-05 ===
=== EXP-T201 primary fold=0 lr0=1e-04 ===
=== EXP-T201 primary fold=0 lr0=1e-03 ===
=== EXP-T201 primary fold=0 lr0=1e-02 ===
/workspace_developability_acquisition/developability_drilldown/models/antibody_transformer/model.py:347: UserWarning: enable_nested_tensor is True, but self.use_nested_tensor is False because encoder_layer.norm_first was True
  self.encoder = nn.TransformerEncoder(_make_encoder_layer(), num_layers=n_layers)
=== EXP-T201 primary fold=1 lr0=1e-05 ===
=== EXP-T201 primary fold=1 lr0=1e-04 ===
=== EXP-T201 primary fold=1 lr0=1e-03 ===
=== EXP-T201 primary fold=1 lr0=1e-02 ===
/workspace_developability_acquisition/developability_drilldown/models/antibody_transformer/model.py:347: UserWarning: enable_nested_tensor is True, but self.use_nested_tensor is False because encoder_layer.norm_first was True
  self.encoder = nn.TransformerEncoder(_make_encoder_layer(), num_layers=n_layers)
=== EXP-T201 primary fold=2 lr0=1e-05 ===
=== EXP-T201 primary fold=2 lr0=1e-04 ===
=== EXP-T201 primary fold=2 lr0=1e-03 ===
=== EXP-T201 primary fold=2 lr0=1e-02 ===
/workspace_developability_acquisition/developability_drilldown/models/antibody_transformer/model.py:347: UserWarning: enable_nested_tensor is True, but self.use_nested_tensor is False because encoder_layer.norm_first was True
  self.encoder = nn.TransformerEncoder(_make_encoder_layer(), num_layers=n_layers)
=== EXP-T201 primary fold=3 lr0=1e-05 ===
=== EXP-T201 primary fold=3 lr0=1e-04 ===
=== EXP-T201 primary fold=3 lr0=1e-03 ===
=== EXP-T201 primary fold=3 lr0=1e-02 ===
/workspace_developability_acquisition/developability_drilldown/models/antibody_transformer/model.py:347: UserWarning: enable_nested_tensor is True, but self.use_nested_tensor is False because encoder_layer.norm_first was True
  self.encoder = nn.TransformerEncoder(_make_encoder_layer(), num_layers=n_layers)
=== EXP-T201 primary fold=4 lr0=1e-05 ===
=== EXP-T201 primary fold=4 lr0=1e-04 ===
=== EXP-T201 primary fold=4 lr0=1e-03 ===
=== EXP-T201 primary fold=4 lr0=1e-02 ===
/workspace_developability_acquisition/developability_drilldown/models/antibody_transformer/model.py:347: UserWarning: enable_nested_tensor is True, but self.use_nested_tensor is False because encoder_layer.norm_first was True
  self.encoder = nn.TransformerEncoder(_make_encoder_layer(), num_layers=n_layers)
=== EXP-T201 shadow fold=0 lr0=1e-05 ===
=== EXP-T201 shadow fold=0 lr0=1e-04 ===
=== EXP-T201 shadow fold=0 lr0=1e-03 ===
=== EXP-T201 shadow fold=0 lr0=1e-02 ===
/workspace_developability_acquisition/developability_drilldown/models/antibody_transformer/model.py:347: UserWarning: enable_nested_tensor is True, but self.use_nested_tensor is False because encoder_layer.norm_first was True
  self.encoder = nn.TransformerEncoder(_make_encoder_layer(), num_layers=n_layers)
=== EXP-T201 shadow fold=1 lr0=1e-05 ===
=== EXP-T201 shadow fold=1 lr0=1e-04 ===
=== EXP-T201 shadow fold=1 lr0=1e-03 ===
=== EXP-T201 shadow fold=1 lr0=1e-02 ===
/workspace_developability_acquisition/developability_drilldown/models/antibody_transformer/model.py:347: UserWarning: enable_nested_tensor is True, but self.use_nested_tensor is False because encoder_layer.norm_first was True
  self.encoder = nn.TransformerEncoder(_make_encoder_layer(), num_layers=n_layers)
=== EXP-T201 shadow fold=2 lr0=1e-05 ===
=== EXP-T201 shadow fold=2 lr0=1e-04 ===
=== EXP-T201 shadow fold=2 lr0=1e-03 ===
=== EXP-T201 shadow fold=2 lr0=1e-02 ===
/workspace_developability_acquisition/developability_drilldown/models/antibody_transformer/model.py:347: UserWarning: enable_nested_tensor is True, but self.use_nested_tensor is False because encoder_layer.norm_first was True
  self.encoder = nn.TransformerEncoder(_make_encoder_layer(), num_layers=n_layers)
=== EXP-T201 shadow fold=3 lr0=1e-05 ===
=== EXP-T201 shadow fold=3 lr0=1e-04 ===
=== EXP-T201 shadow fold=3 lr0=1e-03 ===
=== EXP-T201 shadow fold=3 lr0=1e-02 ===
/workspace_developability_acquisition/developability_drilldown/models/antibody_transformer/model.py:347: UserWarning: enable_nested_tensor is True, but self.use_nested_tensor is False because encoder_layer.norm_first was True
  self.encoder = nn.TransformerEncoder(_make_encoder_layer(), num_layers=n_layers)
=== EXP-T201 shadow fold=4 lr0=1e-05 ===
=== EXP-T201 shadow fold=4 lr0=1e-04 ===
=== EXP-T201 shadow fold=4 lr0=1e-03 ===
=== EXP-T201 shadow fold=4 lr0=1e-02 ===
/workspace_developability_acquisition/developability_drilldown/models/antibody_transformer/model.py:347: UserWarning: enable_nested_tensor is True, but self.use_nested_tensor is False because encoder_layer.norm_first was True
  self.encoder = nn.TransformerEncoder(_make_encoder_layer(), num_layers=n_layers)
DONE EXP-T201 mean=3.285159
==== TRAIN EXP-T202 ablang2_paired/A/REGION ====
/workspace_developability_acquisition/developability_drilldown/models/antibody_transformer/model.py:347: UserWarning: enable_nested_tensor is True, but self.use_nested_tensor is False because encoder_layer.norm_first was True
  self.encoder = nn.TransformerEncoder(_make_encoder_layer(), num_layers=n_layers)
=== EXP-T202 primary fold=0 lr0=1e-05 ===
=== EXP-T202 primary fold=0 lr0=1e-04 ===
=== EXP-T202 primary fold=0 lr0=1e-03 ===
=== EXP-T202 primary fold=0 lr0=1e-02 ===
/workspace_developability_acquisition/developability_drilldown/models/antibody_transformer/model.py:347: UserWarning: enable_nested_tensor is True, but self.use_nested_tensor is False because encoder_layer.norm_first was True
  self.encoder = nn.TransformerEncoder(_make_encoder_layer(), num_layers=n_layers)
=== EXP-T202 primary fold=1 lr0=1e-05 ===
=== EXP-T202 primary fold=1 lr0=1e-04 ===
=== EXP-T202 primary fold=1 lr0=1e-03 ===
=== EXP-T202 primary fold=1 lr0=1e-02 ===
/workspace_developability_acquisition/developability_drilldown/models/antibody_transformer/model.py:347: UserWarning: enable_nested_tensor is True, but self.use_nested_tensor is False because encoder_layer.norm_first was True
  self.encoder = nn.TransformerEncoder(_make_encoder_layer(), num_layers=n_layers)
=== EXP-T202 primary fold=2 lr0=1e-05 ===
=== EXP-T202 primary fold=2 lr0=1e-04 ===
=== EXP-T202 primary fold=2 lr0=1e-03 ===
=== EXP-T202 primary fold=2 lr0=1e-02 ===
/workspace_developability_acquisition/developability_drilldown/models/antibody_transformer/model.py:347: UserWarning: enable_nested_tensor is True, but self.use_nested_tensor is False because encoder_layer.norm_first was True
  self.encoder = nn.TransformerEncoder(_make_encoder_layer(), num_layers=n_layers)
=== EXP-T202 primary fold=3 lr0=1e-05 ===
=== EXP-T202 primary fold=3 lr0=1e-04 ===
=== EXP-T202 primary fold=3 lr0=1e-03 ===
=== EXP-T202 primary fold=3 lr0=1e-02 ===
/workspace_developability_acquisition/developability_drilldown/models/antibody_transformer/model.py:347: UserWarning: enable_nested_tensor is True, but self.use_nested_tensor is False because encoder_layer.norm_first was True
  self.encoder = nn.TransformerEncoder(_make_encoder_layer(), num_layers=n_layers)
=== EXP-T202 primary fold=4 lr0=1e-05 ===
=== EXP-T202 primary fold=4 lr0=1e-04 ===
=== EXP-T202 primary fold=4 lr0=1e-03 ===
=== EXP-T202 primary fold=4 lr0=1e-02 ===
/workspace_developability_acquisition/developability_drilldown/models/antibody_transformer/model.py:347: UserWarning: enable_nested_tensor is True, but self.use_nested_tensor is False because encoder_layer.norm_first was True
  self.encoder = nn.TransformerEncoder(_make_encoder_layer(), num_layers=n_layers)
=== EXP-T202 shadow fold=0 lr0=1e-05 ===
=== EXP-T202 shadow fold=0 lr0=1e-04 ===
=== EXP-T202 shadow fold=0 lr0=1e-03 ===
=== EXP-T202 shadow fold=0 lr0=1e-02 ===
/workspace_developability_acquisition/developability_drilldown/models/antibody_transformer/model.py:347: UserWarning: enable_nested_tensor is True, but self.use_nested_tensor is False because encoder_layer.norm_first was True
  self.encoder = nn.TransformerEncoder(_make_encoder_layer(), num_layers=n_layers)
=== EXP-T202 shadow fold=1 lr0=1e-05 ===
=== EXP-T202 shadow fold=1 lr0=1e-04 ===
=== EXP-T202 shadow fold=1 lr0=1e-03 ===
=== EXP-T202 shadow fold=1 lr0=1e-02 ===
/workspace_developability_acquisition/developability_drilldown/models/antibody_transformer/model.py:347: UserWarning: enable_nested_tensor is True, but self.use_nested_tensor is False because encoder_layer.norm_first was True
  self.encoder = nn.TransformerEncoder(_make_encoder_layer(), num_layers=n_layers)
=== EXP-T202 shadow fold=2 lr0=1e-05 ===
=== EXP-T202 shadow fold=2 lr0=1e-04 ===
=== EXP-T202 shadow fold=2 lr0=1e-03 ===
=== EXP-T202 shadow fold=2 lr0=1e-02 ===
/workspace_developability_acquisition/developability_drilldown/models/antibody_transformer/model.py:347: UserWarning: enable_nested_tensor is True, but self.use_nested_tensor is False because encoder_layer.norm_first was True
  self.encoder = nn.TransformerEncoder(_make_encoder_layer(), num_layers=n_layers)
=== EXP-T202 shadow fold=3 lr0=1e-05 ===
=== EXP-T202 shadow fold=3 lr0=1e-04 ===
=== EXP-T202 shadow fold=3 lr0=1e-03 ===
=== EXP-T202 shadow fold=3 lr0=1e-02 ===
/workspace_developability_acquisition/developability_drilldown/models/antibody_transformer/model.py:347: UserWarning: enable_nested_tensor is True, but self.use_nested_tensor is False because encoder_layer.norm_first was True
  self.encoder = nn.TransformerEncoder(_make_encoder_layer(), num_layers=n_layers)
=== EXP-T202 shadow fold=4 lr0=1e-05 ===
=== EXP-T202 shadow fold=4 lr0=1e-04 ===
=== EXP-T202 shadow fold=4 lr0=1e-03 ===
=== EXP-T202 shadow fold=4 lr0=1e-02 ===
/workspace_developability_acquisition/developability_drilldown/models/antibody_transformer/model.py:347: UserWarning: enable_nested_tensor is True, but self.use_nested_tensor is False because encoder_layer.norm_first was True
  self.encoder = nn.TransformerEncoder(_make_encoder_layer(), num_layers=n_layers)
DONE EXP-T202 mean=3.133351
==== TRAIN EXP-T203 ablang2_paired/B1/REGION ====
/workspace_developability_acquisition/developability_drilldown/models/antibody_transformer/model.py:347: UserWarning: enable_nested_tensor is True, but self.use_nested_tensor is False because encoder_layer.norm_first was True
  self.encoder = nn.TransformerEncoder(_make_encoder_layer(), num_layers=n_layers)
=== EXP-T203 primary fold=0 lr0=1e-05 ===
=== EXP-T203 primary fold=0 lr0=1e-04 ===
=== EXP-T203 primary fold=0 lr0=1e-03 ===
=== EXP-T203 primary fold=0 lr0=1e-02 ===
/workspace_developability_acquisition/developability_drilldown/models/antibody_transformer/model.py:347: UserWarning: enable_nested_tensor is True, but self.use_nested_tensor is False because encoder_layer.norm_first was True
  self.encoder = nn.TransformerEncoder(_make_encoder_layer(), num_layers=n_layers)
=== EXP-T203 primary fold=1 lr0=1e-05 ===
=== EXP-T203 primary fold=1 lr0=1e-04 ===
=== EXP-T203 primary fold=1 lr0=1e-03 ===
=== EXP-T203 primary fold=1 lr0=1e-02 ===
/workspace_developability_acquisition/developability_drilldown/models/antibody_transformer/model.py:347: UserWarning: enable_nested_tensor is True, but self.use_nested_tensor is False because encoder_layer.norm_first was True
  self.encoder = nn.TransformerEncoder(_make_encoder_layer(), num_layers=n_layers)
=== EXP-T203 primary fold=2 lr0=1e-05 ===
=== EXP-T203 primary fold=2 lr0=1e-04 ===
=== EXP-T203 primary fold=2 lr0=1e-03 ===
=== EXP-T203 primary fold=2 lr0=1e-02 ===
/workspace_developability_acquisition/developability_drilldown/models/antibody_transformer/model.py:347: UserWarning: enable_nested_tensor is True, but self.use_nested_tensor is False because encoder_layer.norm_first was True
  self.encoder = nn.TransformerEncoder(_make_encoder_layer(), num_layers=n_layers)
=== EXP-T203 primary fold=3 lr0=1e-05 ===
=== EXP-T203 primary fold=3 lr0=1e-04 ===
=== EXP-T203 primary fold=3 lr0=1e-03 ===
=== EXP-T203 primary fold=3 lr0=1e-02 ===
/workspace_developability_acquisition/developability_drilldown/models/antibody_transformer/model.py:347: UserWarning: enable_nested_tensor is True, but self.use_nested_tensor is False because encoder_layer.norm_first was True
  self.encoder = nn.TransformerEncoder(_make_encoder_layer(), num_layers=n_layers)
=== EXP-T203 primary fold=4 lr0=1e-05 ===
=== EXP-T203 primary fold=4 lr0=1e-04 ===
=== EXP-T203 primary fold=4 lr0=1e-03 ===
=== EXP-T203 primary fold=4 lr0=1e-02 ===
/workspace_developability_acquisition/developability_drilldown/models/antibody_transformer/model.py:347: UserWarning: enable_nested_tensor is True, but self.use_nested_tensor is False because encoder_layer.norm_first was True
  self.encoder = nn.TransformerEncoder(_make_encoder_layer(), num_layers=n_layers)
=== EXP-T203 shadow fold=0 lr0=1e-05 ===
=== EXP-T203 shadow fold=0 lr0=1e-04 ===
=== EXP-T203 shadow fold=0 lr0=1e-03 ===
=== EXP-T203 shadow fold=0 lr0=1e-02 ===
/workspace_developability_acquisition/developability_drilldown/models/antibody_transformer/model.py:347: UserWarning: enable_nested_tensor is True, but self.use_nested_tensor is False because encoder_layer.norm_first was True
  self.encoder = nn.TransformerEncoder(_make_encoder_layer(), num_layers=n_layers)
=== EXP-T203 shadow fold=1 lr0=1e-05 ===
=== EXP-T203 shadow fold=1 lr0=1e-04 ===
=== EXP-T203 shadow fold=1 lr0=1e-03 ===
=== EXP-T203 shadow fold=1 lr0=1e-02 ===
/workspace_developability_acquisition/developability_drilldown/models/antibody_transformer/model.py:347: UserWarning: enable_nested_tensor is True, but self.use_nested_tensor is False because encoder_layer.norm_first was True
  self.encoder = nn.TransformerEncoder(_make_encoder_layer(), num_layers=n_layers)
=== EXP-T203 shadow fold=2 lr0=1e-05 ===
=== EXP-T203 shadow fold=2 lr0=1e-04 ===
=== EXP-T203 shadow fold=2 lr0=1e-03 ===
=== EXP-T203 shadow fold=2 lr0=1e-02 ===
/workspace_developability_acquisition/developability_drilldown/models/antibody_transformer/model.py:347: UserWarning: enable_nested_tensor is True, but self.use_nested_tensor is False because encoder_layer.norm_first was True
  self.encoder = nn.TransformerEncoder(_make_encoder_layer(), num_layers=n_layers)
=== EXP-T203 shadow fold=3 lr0=1e-05 ===
=== EXP-T203 shadow fold=3 lr0=1e-04 ===
=== EXP-T203 shadow fold=3 lr0=1e-03 ===
=== EXP-T203 shadow fold=3 lr0=1e-02 ===
/workspace_developability_acquisition/developability_drilldown/models/antibody_transformer/model.py:347: UserWarning: enable_nested_tensor is True, but self.use_nested_tensor is False because encoder_layer.norm_first was True
  self.encoder = nn.TransformerEncoder(_make_encoder_layer(), num_layers=n_layers)
=== EXP-T203 shadow fold=4 lr0=1e-05 ===
=== EXP-T203 shadow fold=4 lr0=1e-04 ===
=== EXP-T203 shadow fold=4 lr0=1e-03 ===
=== EXP-T203 shadow fold=4 lr0=1e-02 ===
/workspace_developability_acquisition/developability_drilldown/models/antibody_transformer/model.py:347: UserWarning: enable_nested_tensor is True, but self.use_nested_tensor is False because encoder_layer.norm_first was True
  self.encoder = nn.TransformerEncoder(_make_encoder_layer(), num_layers=n_layers)
DONE EXP-T203 mean=3.202460
==== TRAIN EXP-T204 ablang2_paired/B2/REGION ====
/workspace_developability_acquisition/developability_drilldown/models/antibody_transformer/model.py:347: UserWarning: enable_nested_tensor is True, but self.use_nested_tensor is False because encoder_layer.norm_first was True
  self.encoder = nn.TransformerEncoder(_make_encoder_layer(), num_layers=n_layers)
=== EXP-T204 primary fold=0 lr0=1e-05 ===
=== EXP-T204 primary fold=0 lr0=1e-04 ===
=== EXP-T204 primary fold=0 lr0=1e-03 ===
=== EXP-T204 primary fold=0 lr0=1e-02 ===
/workspace_developability_acquisition/developability_drilldown/models/antibody_transformer/model.py:347: UserWarning: enable_nested_tensor is True, but self.use_nested_tensor is False because encoder_layer.norm_first was True
  self.encoder = nn.TransformerEncoder(_make_encoder_layer(), num_layers=n_layers)
=== EXP-T204 primary fold=1 lr0=1e-05 ===
=== EXP-T204 primary fold=1 lr0=1e-04 ===
=== EXP-T204 primary fold=1 lr0=1e-03 ===
=== EXP-T204 primary fold=1 lr0=1e-02 ===
/workspace_developability_acquisition/developability_drilldown/models/antibody_transformer/model.py:347: UserWarning: enable_nested_tensor is True, but self.use_nested_tensor is False because encoder_layer.norm_first was True
  self.encoder = nn.TransformerEncoder(_make_encoder_layer(), num_layers=n_layers)
=== EXP-T204 primary fold=2 lr0=1e-05 ===
=== EXP-T204 primary fold=2 lr0=1e-04 ===
=== EXP-T204 primary fold=2 lr0=1e-03 ===
=== EXP-T204 primary fold=2 lr0=1e-02 ===
/workspace_developability_acquisition/developability_drilldown/models/antibody_transformer/model.py:347: UserWarning: enable_nested_tensor is True, but self.use_nested_tensor is False because encoder_layer.norm_first was True
  self.encoder = nn.TransformerEncoder(_make_encoder_layer(), num_layers=n_layers)
=== EXP-T204 primary fold=3 lr0=1e-05 ===
=== EXP-T204 primary fold=3 lr0=1e-04 ===
=== EXP-T204 primary fold=3 lr0=1e-03 ===
=== EXP-T204 primary fold=3 lr0=1e-02 ===
/workspace_developability_acquisition/developability_drilldown/models/antibody_transformer/model.py:347: UserWarning: enable_nested_tensor is True, but self.use_nested_tensor is False because encoder_layer.norm_first was True
  self.encoder = nn.TransformerEncoder(_make_encoder_layer(), num_layers=n_layers)
=== EXP-T204 primary fold=4 lr0=1e-05 ===
=== EXP-T204 primary fold=4 lr0=1e-04 ===
=== EXP-T204 primary fold=4 lr0=1e-03 ===
=== EXP-T204 primary fold=4 lr0=1e-02 ===
/workspace_developability_acquisition/developability_drilldown/models/antibody_transformer/model.py:347: UserWarning: enable_nested_tensor is True, but self.use_nested_tensor is False because encoder_layer.norm_first was True
  self.encoder = nn.TransformerEncoder(_make_encoder_layer(), num_layers=n_layers)
=== EXP-T204 shadow fold=0 lr0=1e-05 ===
=== EXP-T204 shadow fold=0 lr0=1e-04 ===
=== EXP-T204 shadow fold=0 lr0=1e-03 ===
=== EXP-T204 shadow fold=0 lr0=1e-02 ===
/workspace_developability_acquisition/developability_drilldown/models/antibody_transformer/model.py:347: UserWarning: enable_nested_tensor is True, but self.use_nested_tensor is False because encoder_layer.norm_first was True
  self.encoder = nn.TransformerEncoder(_make_encoder_layer(), num_layers=n_layers)
=== EXP-T204 shadow fold=1 lr0=1e-05 ===
=== EXP-T204 shadow fold=1 lr0=1e-04 ===
=== EXP-T204 shadow fold=1 lr0=1e-03 ===
=== EXP-T204 shadow fold=1 lr0=1e-02 ===
/workspace_developability_acquisition/developability_drilldown/models/antibody_transformer/model.py:347: UserWarning: enable_nested_tensor is True, but self.use_nested_tensor is False because encoder_layer.norm_first was True
  self.encoder = nn.TransformerEncoder(_make_encoder_layer(), num_layers=n_layers)
=== EXP-T204 shadow fold=2 lr0=1e-05 ===
=== EXP-T204 shadow fold=2 lr0=1e-04 ===
=== EXP-T204 shadow fold=2 lr0=1e-03 ===
=== EXP-T204 shadow fold=2 lr0=1e-02 ===
/workspace_developability_acquisition/developability_drilldown/models/antibody_transformer/model.py:347: UserWarning: enable_nested_tensor is True, but self.use_nested_tensor is False because encoder_layer.norm_first was True
  self.encoder = nn.TransformerEncoder(_make_encoder_layer(), num_layers=n_layers)
=== EXP-T204 shadow fold=3 lr0=1e-05 ===
=== EXP-T204 shadow fold=3 lr0=1e-04 ===
=== EXP-T204 shadow fold=3 lr0=1e-03 ===
=== EXP-T204 shadow fold=3 lr0=1e-02 ===
/workspace_developability_acquisition/developability_drilldown/models/antibody_transformer/model.py:347: UserWarning: enable_nested_tensor is True, but self.use_nested_tensor is False because encoder_layer.norm_first was True
  self.encoder = nn.TransformerEncoder(_make_encoder_layer(), num_layers=n_layers)
=== EXP-T204 shadow fold=4 lr0=1e-05 ===
=== EXP-T204 shadow fold=4 lr0=1e-04 ===
=== EXP-T204 shadow fold=4 lr0=1e-03 ===
=== EXP-T204 shadow fold=4 lr0=1e-02 ===
/workspace_developability_acquisition/developability_drilldown/models/antibody_transformer/model.py:347: UserWarning: enable_nested_tensor is True, but self.use_nested_tensor is False because encoder_layer.norm_first was True
  self.encoder = nn.TransformerEncoder(_make_encoder_layer(), num_layers=n_layers)
DONE EXP-T204 mean=3.143899
==== TRAIN EXP-T205 ablang2_paired/C/REGION ====
/workspace_developability_acquisition/developability_drilldown/models/antibody_transformer/model.py:347: UserWarning: enable_nested_tensor is True, but self.use_nested_tensor is False because encoder_layer.norm_first was True
  self.encoder = nn.TransformerEncoder(_make_encoder_layer(), num_layers=n_layers)
=== EXP-T205 primary fold=0 lr0=1e-05 ===
=== EXP-T205 primary fold=0 lr0=1e-04 ===
=== EXP-T205 primary fold=0 lr0=1e-03 ===
=== EXP-T205 primary fold=0 lr0=1e-02 ===
/workspace_developability_acquisition/developability_drilldown/models/antibody_transformer/model.py:347: UserWarning: enable_nested_tensor is True, but self.use_nested_tensor is False because encoder_layer.norm_first was True
  self.encoder = nn.TransformerEncoder(_make_encoder_layer(), num_layers=n_layers)
=== EXP-T205 primary fold=1 lr0=1e-05 ===
=== EXP-T205 primary fold=1 lr0=1e-04 ===
=== EXP-T205 primary fold=1 lr0=1e-03 ===
=== EXP-T205 primary fold=1 lr0=1e-02 ===
/workspace_developability_acquisition/developability_drilldown/models/antibody_transformer/model.py:347: UserWarning: enable_nested_tensor is True, but self.use_nested_tensor is False because encoder_layer.norm_first was True
  self.encoder = nn.TransformerEncoder(_make_encoder_layer(), num_layers=n_layers)
=== EXP-T205 primary fold=2 lr0=1e-05 ===
=== EXP-T205 primary fold=2 lr0=1e-04 ===
=== EXP-T205 primary fold=2 lr0=1e-03 ===
=== EXP-T205 primary fold=2 lr0=1e-02 ===
/workspace_developability_acquisition/developability_drilldown/models/antibody_transformer/model.py:347: UserWarning: enable_nested_tensor is True, but self.use_nested_tensor is False because encoder_layer.norm_first was True
  self.encoder = nn.TransformerEncoder(_make_encoder_layer(), num_layers=n_layers)
=== EXP-T205 primary fold=3 lr0=1e-05 ===
=== EXP-T205 primary fold=3 lr0=1e-04 ===
=== EXP-T205 primary fold=3 lr0=1e-03 ===
=== EXP-T205 primary fold=3 lr0=1e-02 ===
/workspace_developability_acquisition/developability_drilldown/models/antibody_transformer/model.py:347: UserWarning: enable_nested_tensor is True, but self.use_nested_tensor is False because encoder_layer.norm_first was True
  self.encoder = nn.TransformerEncoder(_make_encoder_layer(), num_layers=n_layers)
=== EXP-T205 primary fold=4 lr0=1e-05 ===
=== EXP-T205 primary fold=4 lr0=1e-04 ===
=== EXP-T205 primary fold=4 lr0=1e-03 ===
=== EXP-T205 primary fold=4 lr0=1e-02 ===
/workspace_developability_acquisition/developability_drilldown/models/antibody_transformer/model.py:347: UserWarning: enable_nested_tensor is True, but self.use_nested_tensor is False because encoder_layer.norm_first was True
  self.encoder = nn.TransformerEncoder(_make_encoder_layer(), num_layers=n_layers)
=== EXP-T205 shadow fold=0 lr0=1e-05 ===
=== EXP-T205 shadow fold=0 lr0=1e-04 ===
=== EXP-T205 shadow fold=0 lr0=1e-03 ===
=== EXP-T205 shadow fold=0 lr0=1e-02 ===
/workspace_developability_acquisition/developability_drilldown/models/antibody_transformer/model.py:347: UserWarning: enable_nested_tensor is True, but self.use_nested_tensor is False because encoder_layer.norm_first was True
  self.encoder = nn.TransformerEncoder(_make_encoder_layer(), num_layers=n_layers)
=== EXP-T205 shadow fold=1 lr0=1e-05 ===
=== EXP-T205 shadow fold=1 lr0=1e-04 ===
=== EXP-T205 shadow fold=1 lr0=1e-03 ===
=== EXP-T205 shadow fold=1 lr0=1e-02 ===
/workspace_developability_acquisition/developability_drilldown/models/antibody_transformer/model.py:347: UserWarning: enable_nested_tensor is True, but self.use_nested_tensor is False because encoder_layer.norm_first was True
  self.encoder = nn.TransformerEncoder(_make_encoder_layer(), num_layers=n_layers)
=== EXP-T205 shadow fold=2 lr0=1e-05 ===
=== EXP-T205 shadow fold=2 lr0=1e-04 ===
=== EXP-T205 shadow fold=2 lr0=1e-03 ===
=== EXP-T205 shadow fold=2 lr0=1e-02 ===
/workspace_developability_acquisition/developability_drilldown/models/antibody_transformer/model.py:347: UserWarning: enable_nested_tensor is True, but self.use_nested_tensor is False because encoder_layer.norm_first was True
  self.encoder = nn.TransformerEncoder(_make_encoder_layer(), num_layers=n_layers)
=== EXP-T205 shadow fold=3 lr0=1e-05 ===
=== EXP-T205 shadow fold=3 lr0=1e-04 ===
=== EXP-T205 shadow fold=3 lr0=1e-03 ===
=== EXP-T205 shadow fold=3 lr0=1e-02 ===
/workspace_developability_acquisition/developability_drilldown/models/antibody_transformer/model.py:347: UserWarning: enable_nested_tensor is True, but self.use_nested_tensor is False because encoder_layer.norm_first was True
  self.encoder = nn.TransformerEncoder(_make_encoder_layer(), num_layers=n_layers)
=== EXP-T205 shadow fold=4 lr0=1e-05 ===
=== EXP-T205 shadow fold=4 lr0=1e-04 ===
=== EXP-T205 shadow fold=4 lr0=1e-03 ===
=== EXP-T205 shadow fold=4 lr0=1e-02 ===
/workspace_developability_acquisition/developability_drilldown/models/antibody_transformer/model.py:347: UserWarning: enable_nested_tensor is True, but self.use_nested_tensor is False because encoder_layer.norm_first was True
  self.encoder = nn.TransformerEncoder(_make_encoder_layer(), num_layers=n_layers)
DONE EXP-T205 mean=2.994409
==== TRAIN EXP-T206 ablang2_paired/D/REGION ====
/workspace_developability_acquisition/developability_drilldown/models/antibody_transformer/model.py:347: UserWarning: enable_nested_tensor is True, but self.use_nested_tensor is False because encoder_layer.norm_first was True
  self.encoder = nn.TransformerEncoder(_make_encoder_layer(), num_layers=n_layers)
=== EXP-T206 primary fold=0 lr0=1e-05 ===
=== EXP-T206 primary fold=0 lr0=1e-04 ===
=== EXP-T206 primary fold=0 lr0=1e-03 ===
=== EXP-T206 primary fold=0 lr0=1e-02 ===
/workspace_developability_acquisition/developability_drilldown/models/antibody_transformer/model.py:347: UserWarning: enable_nested_tensor is True, but self.use_nested_tensor is False because encoder_layer.norm_first was True
  self.encoder = nn.TransformerEncoder(_make_encoder_layer(), num_layers=n_layers)
=== EXP-T206 primary fold=1 lr0=1e-05 ===
=== EXP-T206 primary fold=1 lr0=1e-04 ===
=== EXP-T206 primary fold=1 lr0=1e-03 ===
=== EXP-T206 primary fold=1 lr0=1e-02 ===
/workspace_developability_acquisition/developability_drilldown/models/antibody_transformer/model.py:347: UserWarning: enable_nested_tensor is True, but self.use_nested_tensor is False because encoder_layer.norm_first was True
  self.encoder = nn.TransformerEncoder(_make_encoder_layer(), num_layers=n_layers)
=== EXP-T206 primary fold=2 lr0=1e-05 ===
=== EXP-T206 primary fold=2 lr0=1e-04 ===
=== EXP-T206 primary fold=2 lr0=1e-03 ===
=== EXP-T206 primary fold=2 lr0=1e-02 ===
/workspace_developability_acquisition/developability_drilldown/models/antibody_transformer/model.py:347: UserWarning: enable_nested_tensor is True, but self.use_nested_tensor is False because encoder_layer.norm_first was True
  self.encoder = nn.TransformerEncoder(_make_encoder_layer(), num_layers=n_layers)
=== EXP-T206 primary fold=3 lr0=1e-05 ===
=== EXP-T206 primary fold=3 lr0=1e-04 ===
=== EXP-T206 primary fold=3 lr0=1e-03 ===
=== EXP-T206 primary fold=3 lr0=1e-02 ===
/workspace_developability_acquisition/developability_drilldown/models/antibody_transformer/model.py:347: UserWarning: enable_nested_tensor is True, but self.use_nested_tensor is False because encoder_layer.norm_first was True
  self.encoder = nn.TransformerEncoder(_make_encoder_layer(), num_layers=n_layers)
=== EXP-T206 primary fold=4 lr0=1e-05 ===
=== EXP-T206 primary fold=4 lr0=1e-04 ===
=== EXP-T206 primary fold=4 lr0=1e-03 ===
=== EXP-T206 primary fold=4 lr0=1e-02 ===
/workspace_developability_acquisition/developability_drilldown/models/antibody_transformer/model.py:347: UserWarning: enable_nested_tensor is True, but self.use_nested_tensor is False because encoder_layer.norm_first was True
  self.encoder = nn.TransformerEncoder(_make_encoder_layer(), num_layers=n_layers)
=== EXP-T206 shadow fold=0 lr0=1e-05 ===
=== EXP-T206 shadow fold=0 lr0=1e-04 ===
=== EXP-T206 shadow fold=0 lr0=1e-03 ===
=== EXP-T206 shadow fold=0 lr0=1e-02 ===
/workspace_developability_acquisition/developability_drilldown/models/antibody_transformer/model.py:347: UserWarning: enable_nested_tensor is True, but self.use_nested_tensor is False because encoder_layer.norm_first was True
  self.encoder = nn.TransformerEncoder(_make_encoder_layer(), num_layers=n_layers)
=== EXP-T206 shadow fold=1 lr0=1e-05 ===
=== EXP-T206 shadow fold=1 lr0=1e-04 ===
=== EXP-T206 shadow fold=1 lr0=1e-03 ===
=== EXP-T206 shadow fold=1 lr0=1e-02 ===
/workspace_developability_acquisition/developability_drilldown/models/antibody_transformer/model.py:347: UserWarning: enable_nested_tensor is True, but self.use_nested_tensor is False because encoder_layer.norm_first was True
  self.encoder = nn.TransformerEncoder(_make_encoder_layer(), num_layers=n_layers)
=== EXP-T206 shadow fold=2 lr0=1e-05 ===
=== EXP-T206 shadow fold=2 lr0=1e-04 ===
=== EXP-T206 shadow fold=2 lr0=1e-03 ===
=== EXP-T206 shadow fold=2 lr0=1e-02 ===
/workspace_developability_acquisition/developability_drilldown/models/antibody_transformer/model.py:347: UserWarning: enable_nested_tensor is True, but self.use_nested_tensor is False because encoder_layer.norm_first was True
  self.encoder = nn.TransformerEncoder(_make_encoder_layer(), num_layers=n_layers)
=== EXP-T206 shadow fold=3 lr0=1e-05 ===
=== EXP-T206 shadow fold=3 lr0=1e-04 ===
=== EXP-T206 shadow fold=3 lr0=1e-03 ===
=== EXP-T206 shadow fold=3 lr0=1e-02 ===
/workspace_developability_acquisition/developability_drilldown/models/antibody_transformer/model.py:347: UserWarning: enable_nested_tensor is True, but self.use_nested_tensor is False because encoder_layer.norm_first was True
  self.encoder = nn.TransformerEncoder(_make_encoder_layer(), num_layers=n_layers)
=== EXP-T206 shadow fold=4 lr0=1e-05 ===
=== EXP-T206 shadow fold=4 lr0=1e-04 ===
=== EXP-T206 shadow fold=4 lr0=1e-03 ===
=== EXP-T206 shadow fold=4 lr0=1e-02 ===
/workspace_developability_acquisition/developability_drilldown/models/antibody_transformer/model.py:347: UserWarning: enable_nested_tensor is True, but self.use_nested_tensor is False because encoder_layer.norm_first was True
  self.encoder = nn.TransformerEncoder(_make_encoder_layer(), num_layers=n_layers)
DONE EXP-T206 mean=3.103221
==== TRAIN EXP-T207 ablang2_unpaired/A/FULL ====
/workspace_developability_acquisition/developability_drilldown/models/antibody_transformer/model.py:347: UserWarning: enable_nested_tensor is True, but self.use_nested_tensor is False because encoder_layer.norm_first was True
  self.encoder = nn.TransformerEncoder(_make_encoder_layer(), num_layers=n_layers)
=== EXP-T207 primary fold=0 lr0=1e-05 ===
=== EXP-T207 primary fold=0 lr0=1e-04 ===
=== EXP-T207 primary fold=0 lr0=1e-03 ===
=== EXP-T207 primary fold=0 lr0=1e-02 ===
/workspace_developability_acquisition/developability_drilldown/models/antibody_transformer/model.py:347: UserWarning: enable_nested_tensor is True, but self.use_nested_tensor is False because encoder_layer.norm_first was True
  self.encoder = nn.TransformerEncoder(_make_encoder_layer(), num_layers=n_layers)
=== EXP-T207 primary fold=1 lr0=1e-05 ===
=== EXP-T207 primary fold=1 lr0=1e-04 ===
=== EXP-T207 primary fold=1 lr0=1e-03 ===
=== EXP-T207 primary fold=1 lr0=1e-02 ===
/workspace_developability_acquisition/developability_drilldown/models/antibody_transformer/model.py:347: UserWarning: enable_nested_tensor is True, but self.use_nested_tensor is False because encoder_layer.norm_first was True
  self.encoder = nn.TransformerEncoder(_make_encoder_layer(), num_layers=n_layers)
=== EXP-T207 primary fold=2 lr0=1e-05 ===
=== EXP-T207 primary fold=2 lr0=1e-04 ===
=== EXP-T207 primary fold=2 lr0=1e-03 ===
=== EXP-T207 primary fold=2 lr0=1e-02 ===
/workspace_developability_acquisition/developability_drilldown/models/antibody_transformer/model.py:347: UserWarning: enable_nested_tensor is True, but self.use_nested_tensor is False because encoder_layer.norm_first was True
  self.encoder = nn.TransformerEncoder(_make_encoder_layer(), num_layers=n_layers)
=== EXP-T207 primary fold=3 lr0=1e-05 ===
=== EXP-T207 primary fold=3 lr0=1e-04 ===
=== EXP-T207 primary fold=3 lr0=1e-03 ===
=== EXP-T207 primary fold=3 lr0=1e-02 ===
/workspace_developability_acquisition/developability_drilldown/models/antibody_transformer/model.py:347: UserWarning: enable_nested_tensor is True, but self.use_nested_tensor is False because encoder_layer.norm_first was True
  self.encoder = nn.TransformerEncoder(_make_encoder_layer(), num_layers=n_layers)
=== EXP-T207 primary fold=4 lr0=1e-05 ===
=== EXP-T207 primary fold=4 lr0=1e-04 ===
=== EXP-T207 primary fold=4 lr0=1e-03 ===
=== EXP-T207 primary fold=4 lr0=1e-02 ===
/workspace_developability_acquisition/developability_drilldown/models/antibody_transformer/model.py:347: UserWarning: enable_nested_tensor is True, but self.use_nested_tensor is False because encoder_layer.norm_first was True
  self.encoder = nn.TransformerEncoder(_make_encoder_layer(), num_layers=n_layers)
=== EXP-T207 shadow fold=0 lr0=1e-05 ===
=== EXP-T207 shadow fold=0 lr0=1e-04 ===
=== EXP-T207 shadow fold=0 lr0=1e-03 ===
=== EXP-T207 shadow fold=0 lr0=1e-02 ===
/workspace_developability_acquisition/developability_drilldown/models/antibody_transformer/model.py:347: UserWarning: enable_nested_tensor is True, but self.use_nested_tensor is False because encoder_layer.norm_first was True
  self.encoder = nn.TransformerEncoder(_make_encoder_layer(), num_layers=n_layers)
=== EXP-T207 shadow fold=1 lr0=1e-05 ===
=== EXP-T207 shadow fold=1 lr0=1e-04 ===
=== EXP-T207 shadow fold=1 lr0=1e-03 ===
=== EXP-T207 shadow fold=1 lr0=1e-02 ===
/workspace_developability_acquisition/developability_drilldown/models/antibody_transformer/model.py:347: UserWarning: enable_nested_tensor is True, but self.use_nested_tensor is False because encoder_layer.norm_first was True
  self.encoder = nn.TransformerEncoder(_make_encoder_layer(), num_layers=n_layers)
=== EXP-T207 shadow fold=2 lr0=1e-05 ===
=== EXP-T207 shadow fold=2 lr0=1e-04 ===
=== EXP-T207 shadow fold=2 lr0=1e-03 ===
=== EXP-T207 shadow fold=2 lr0=1e-02 ===
/workspace_developability_acquisition/developability_drilldown/models/antibody_transformer/model.py:347: UserWarning: enable_nested_tensor is True, but self.use_nested_tensor is False because encoder_layer.norm_first was True
  self.encoder = nn.TransformerEncoder(_make_encoder_layer(), num_layers=n_layers)
=== EXP-T207 shadow fold=3 lr0=1e-05 ===
=== EXP-T207 shadow fold=3 lr0=1e-04 ===
=== EXP-T207 shadow fold=3 lr0=1e-03 ===
=== EXP-T207 shadow fold=3 lr0=1e-02 ===
/workspace_developability_acquisition/developability_drilldown/models/antibody_transformer/model.py:347: UserWarning: enable_nested_tensor is True, but self.use_nested_tensor is False because encoder_layer.norm_first was True
  self.encoder = nn.TransformerEncoder(_make_encoder_layer(), num_layers=n_layers)
=== EXP-T207 shadow fold=4 lr0=1e-05 ===
=== EXP-T207 shadow fold=4 lr0=1e-04 ===
=== EXP-T207 shadow fold=4 lr0=1e-03 ===
=== EXP-T207 shadow fold=4 lr0=1e-02 ===
/workspace_developability_acquisition/developability_drilldown/models/antibody_transformer/model.py:347: UserWarning: enable_nested_tensor is True, but self.use_nested_tensor is False because encoder_layer.norm_first was True
  self.encoder = nn.TransformerEncoder(_make_encoder_layer(), num_layers=n_layers)
DONE EXP-T207 mean=3.273776
==== TRAIN EXP-T208 ablang2_unpaired/B1/FULL ====
/workspace_developability_acquisition/developability_drilldown/models/antibody_transformer/model.py:347: UserWarning: enable_nested_tensor is True, but self.use_nested_tensor is False because encoder_layer.norm_first was True
  self.encoder = nn.TransformerEncoder(_make_encoder_layer(), num_layers=n_layers)
=== EXP-T208 primary fold=0 lr0=1e-05 ===
=== EXP-T208 primary fold=0 lr0=1e-04 ===
=== EXP-T208 primary fold=0 lr0=1e-03 ===
=== EXP-T208 primary fold=0 lr0=1e-02 ===
/workspace_developability_acquisition/developability_drilldown/models/antibody_transformer/model.py:347: UserWarning: enable_nested_tensor is True, but self.use_nested_tensor is False because encoder_layer.norm_first was True
  self.encoder = nn.TransformerEncoder(_make_encoder_layer(), num_layers=n_layers)
=== EXP-T208 primary fold=1 lr0=1e-05 ===
=== EXP-T208 primary fold=1 lr0=1e-04 ===
=== EXP-T208 primary fold=1 lr0=1e-03 ===
=== EXP-T208 primary fold=1 lr0=1e-02 ===
/workspace_developability_acquisition/developability_drilldown/models/antibody_transformer/model.py:347: UserWarning: enable_nested_tensor is True, but self.use_nested_tensor is False because encoder_layer.norm_first was True
  self.encoder = nn.TransformerEncoder(_make_encoder_layer(), num_layers=n_layers)
=== EXP-T208 primary fold=2 lr0=1e-05 ===
=== EXP-T208 primary fold=2 lr0=1e-04 ===
=== EXP-T208 primary fold=2 lr0=1e-03 ===
=== EXP-T208 primary fold=2 lr0=1e-02 ===
/workspace_developability_acquisition/developability_drilldown/models/antibody_transformer/model.py:347: UserWarning: enable_nested_tensor is True, but self.use_nested_tensor is False because encoder_layer.norm_first was True
  self.encoder = nn.TransformerEncoder(_make_encoder_layer(), num_layers=n_layers)
=== EXP-T208 primary fold=3 lr0=1e-05 ===
=== EXP-T208 primary fold=3 lr0=1e-04 ===
=== EXP-T208 primary fold=3 lr0=1e-03 ===
=== EXP-T208 primary fold=3 lr0=1e-02 ===
/workspace_developability_acquisition/developability_drilldown/models/antibody_transformer/model.py:347: UserWarning: enable_nested_tensor is True, but self.use_nested_tensor is False because encoder_layer.norm_first was True
  self.encoder = nn.TransformerEncoder(_make_encoder_layer(), num_layers=n_layers)
=== EXP-T208 primary fold=4 lr0=1e-05 ===
=== EXP-T208 primary fold=4 lr0=1e-04 ===
=== EXP-T208 primary fold=4 lr0=1e-03 ===
=== EXP-T208 primary fold=4 lr0=1e-02 ===
/workspace_developability_acquisition/developability_drilldown/models/antibody_transformer/model.py:347: UserWarning: enable_nested_tensor is True, but self.use_nested_tensor is False because encoder_layer.norm_first was True
  self.encoder = nn.TransformerEncoder(_make_encoder_layer(), num_layers=n_layers)
=== EXP-T208 shadow fold=0 lr0=1e-05 ===
=== EXP-T208 shadow fold=0 lr0=1e-04 ===
=== EXP-T208 shadow fold=0 lr0=1e-03 ===
=== EXP-T208 shadow fold=0 lr0=1e-02 ===
/workspace_developability_acquisition/developability_drilldown/models/antibody_transformer/model.py:347: UserWarning: enable_nested_tensor is True, but self.use_nested_tensor is False because encoder_layer.norm_first was True
  self.encoder = nn.TransformerEncoder(_make_encoder_layer(), num_layers=n_layers)
=== EXP-T208 shadow fold=1 lr0=1e-05 ===
=== EXP-T208 shadow fold=1 lr0=1e-04 ===
=== EXP-T208 shadow fold=1 lr0=1e-03 ===
=== EXP-T208 shadow fold=1 lr0=1e-02 ===
/workspace_developability_acquisition/developability_drilldown/models/antibody_transformer/model.py:347: UserWarning: enable_nested_tensor is True, but self.use_nested_tensor is False because encoder_layer.norm_first was True
  self.encoder = nn.TransformerEncoder(_make_encoder_layer(), num_layers=n_layers)
=== EXP-T208 shadow fold=2 lr0=1e-05 ===
=== EXP-T208 shadow fold=2 lr0=1e-04 ===
=== EXP-T208 shadow fold=2 lr0=1e-03 ===
=== EXP-T208 shadow fold=2 lr0=1e-02 ===
/workspace_developability_acquisition/developability_drilldown/models/antibody_transformer/model.py:347: UserWarning: enable_nested_tensor is True, but self.use_nested_tensor is False because encoder_layer.norm_first was True
  self.encoder = nn.TransformerEncoder(_make_encoder_layer(), num_layers=n_layers)
=== EXP-T208 shadow fold=3 lr0=1e-05 ===
=== EXP-T208 shadow fold=3 lr0=1e-04 ===
=== EXP-T208 shadow fold=3 lr0=1e-03 ===
=== EXP-T208 shadow fold=3 lr0=1e-02 ===
/workspace_developability_acquisition/developability_drilldown/models/antibody_transformer/model.py:347: UserWarning: enable_nested_tensor is True, but self.use_nested_tensor is False because encoder_layer.norm_first was True
  self.encoder = nn.TransformerEncoder(_make_encoder_layer(), num_layers=n_layers)
=== EXP-T208 shadow fold=4 lr0=1e-05 ===
=== EXP-T208 shadow fold=4 lr0=1e-04 ===
=== EXP-T208 shadow fold=4 lr0=1e-03 ===
=== EXP-T208 shadow fold=4 lr0=1e-02 ===
/workspace_developability_acquisition/developability_drilldown/models/antibody_transformer/model.py:347: UserWarning: enable_nested_tensor is True, but self.use_nested_tensor is False because encoder_layer.norm_first was True
  self.encoder = nn.TransformerEncoder(_make_encoder_layer(), num_layers=n_layers)
DONE EXP-T208 mean=3.260437
==== TRAIN EXP-T209 ablang2_unpaired/B2/FULL ====
/workspace_developability_acquisition/developability_drilldown/models/antibody_transformer/model.py:347: UserWarning: enable_nested_tensor is True, but self.use_nested_tensor is False because encoder_layer.norm_first was True
  self.encoder = nn.TransformerEncoder(_make_encoder_layer(), num_layers=n_layers)
=== EXP-T209 primary fold=0 lr0=1e-05 ===
=== EXP-T209 primary fold=0 lr0=1e-04 ===
=== EXP-T209 primary fold=0 lr0=1e-03 ===
=== EXP-T209 primary fold=0 lr0=1e-02 ===
/workspace_developability_acquisition/developability_drilldown/models/antibody_transformer/model.py:347: UserWarning: enable_nested_tensor is True, but self.use_nested_tensor is False because encoder_layer.norm_first was True
  self.encoder = nn.TransformerEncoder(_make_encoder_layer(), num_layers=n_layers)
=== EXP-T209 primary fold=1 lr0=1e-05 ===
=== EXP-T209 primary fold=1 lr0=1e-04 ===
=== EXP-T209 primary fold=1 lr0=1e-03 ===
=== EXP-T209 primary fold=1 lr0=1e-02 ===
/workspace_developability_acquisition/developability_drilldown/models/antibody_transformer/model.py:347: UserWarning: enable_nested_tensor is True, but self.use_nested_tensor is False because encoder_layer.norm_first was True
  self.encoder = nn.TransformerEncoder(_make_encoder_layer(), num_layers=n_layers)
=== EXP-T209 primary fold=2 lr0=1e-05 ===
=== EXP-T209 primary fold=2 lr0=1e-04 ===
=== EXP-T209 primary fold=2 lr0=1e-03 ===
=== EXP-T209 primary fold=2 lr0=1e-02 ===
/workspace_developability_acquisition/developability_drilldown/models/antibody_transformer/model.py:347: UserWarning: enable_nested_tensor is True, but self.use_nested_tensor is False because encoder_layer.norm_first was True
  self.encoder = nn.TransformerEncoder(_make_encoder_layer(), num_layers=n_layers)
=== EXP-T209 primary fold=3 lr0=1e-05 ===
=== EXP-T209 primary fold=3 lr0=1e-04 ===
=== EXP-T209 primary fold=3 lr0=1e-03 ===
=== EXP-T209 primary fold=3 lr0=1e-02 ===
/workspace_developability_acquisition/developability_drilldown/models/antibody_transformer/model.py:347: UserWarning: enable_nested_tensor is True, but self.use_nested_tensor is False because encoder_layer.norm_first was True
  self.encoder = nn.TransformerEncoder(_make_encoder_layer(), num_layers=n_layers)
=== EXP-T209 primary fold=4 lr0=1e-05 ===
=== EXP-T209 primary fold=4 lr0=1e-04 ===
=== EXP-T209 primary fold=4 lr0=1e-03 ===
=== EXP-T209 primary fold=4 lr0=1e-02 ===
/workspace_developability_acquisition/developability_drilldown/models/antibody_transformer/model.py:347: UserWarning: enable_nested_tensor is True, but self.use_nested_tensor is False because encoder_layer.norm_first was True
  self.encoder = nn.TransformerEncoder(_make_encoder_layer(), num_layers=n_layers)
=== EXP-T209 shadow fold=0 lr0=1e-05 ===
=== EXP-T209 shadow fold=0 lr0=1e-04 ===
=== EXP-T209 shadow fold=0 lr0=1e-03 ===
=== EXP-T209 shadow fold=0 lr0=1e-02 ===
/workspace_developability_acquisition/developability_drilldown/models/antibody_transformer/model.py:347: UserWarning: enable_nested_tensor is True, but self.use_nested_tensor is False because encoder_layer.norm_first was True
  self.encoder = nn.TransformerEncoder(_make_encoder_layer(), num_layers=n_layers)
=== EXP-T209 shadow fold=1 lr0=1e-05 ===
=== EXP-T209 shadow fold=1 lr0=1e-04 ===
=== EXP-T209 shadow fold=1 lr0=1e-03 ===
=== EXP-T209 shadow fold=1 lr0=1e-02 ===
/workspace_developability_acquisition/developability_drilldown/models/antibody_transformer/model.py:347: UserWarning: enable_nested_tensor is True, but self.use_nested_tensor is False because encoder_layer.norm_first was True
  self.encoder = nn.TransformerEncoder(_make_encoder_layer(), num_layers=n_layers)
=== EXP-T209 shadow fold=2 lr0=1e-05 ===
=== EXP-T209 shadow fold=2 lr0=1e-04 ===
=== EXP-T209 shadow fold=2 lr0=1e-03 ===
=== EXP-T209 shadow fold=2 lr0=1e-02 ===
/workspace_developability_acquisition/developability_drilldown/models/antibody_transformer/model.py:347: UserWarning: enable_nested_tensor is True, but self.use_nested_tensor is False because encoder_layer.norm_first was True
  self.encoder = nn.TransformerEncoder(_make_encoder_layer(), num_layers=n_layers)
=== EXP-T209 shadow fold=3 lr0=1e-05 ===
=== EXP-T209 shadow fold=3 lr0=1e-04 ===
=== EXP-T209 shadow fold=3 lr0=1e-03 ===
=== EXP-T209 shadow fold=3 lr0=1e-02 ===
/workspace_developability_acquisition/developability_drilldown/models/antibody_transformer/model.py:347: UserWarning: enable_nested_tensor is True, but self.use_nested_tensor is False because encoder_layer.norm_first was True
  self.encoder = nn.TransformerEncoder(_make_encoder_layer(), num_layers=n_layers)
=== EXP-T209 shadow fold=4 lr0=1e-05 ===
=== EXP-T209 shadow fold=4 lr0=1e-04 ===
=== EXP-T209 shadow fold=4 lr0=1e-03 ===
=== EXP-T209 shadow fold=4 lr0=1e-02 ===
/workspace_developability_acquisition/developability_drilldown/models/antibody_transformer/model.py:347: UserWarning: enable_nested_tensor is True, but self.use_nested_tensor is False because encoder_layer.norm_first was True
  self.encoder = nn.TransformerEncoder(_make_encoder_layer(), num_layers=n_layers)
DONE EXP-T209 mean=3.182478
==== TRAIN EXP-T211 ablang2_unpaired/D/FULL ====
/workspace_developability_acquisition/developability_drilldown/models/antibody_transformer/model.py:347: UserWarning: enable_nested_tensor is True, but self.use_nested_tensor is False because encoder_layer.norm_first was True
  self.encoder = nn.TransformerEncoder(_make_encoder_layer(), num_layers=n_layers)
=== EXP-T211 primary fold=0 lr0=1e-05 ===
=== EXP-T211 primary fold=0 lr0=1e-04 ===
=== EXP-T211 primary fold=0 lr0=1e-03 ===
=== EXP-T211 primary fold=0 lr0=1e-02 ===
/workspace_developability_acquisition/developability_drilldown/models/antibody_transformer/model.py:347: UserWarning: enable_nested_tensor is True, but self.use_nested_tensor is False because encoder_layer.norm_first was True
  self.encoder = nn.TransformerEncoder(_make_encoder_layer(), num_layers=n_layers)
=== EXP-T211 primary fold=1 lr0=1e-05 ===
=== EXP-T211 primary fold=1 lr0=1e-04 ===
=== EXP-T211 primary fold=1 lr0=1e-03 ===
=== EXP-T211 primary fold=1 lr0=1e-02 ===
/workspace_developability_acquisition/developability_drilldown/models/antibody_transformer/model.py:347: UserWarning: enable_nested_tensor is True, but self.use_nested_tensor is False because encoder_layer.norm_first was True
  self.encoder = nn.TransformerEncoder(_make_encoder_layer(), num_layers=n_layers)
=== EXP-T211 primary fold=2 lr0=1e-05 ===
=== EXP-T211 primary fold=2 lr0=1e-04 ===
=== EXP-T211 primary fold=2 lr0=1e-03 ===
=== EXP-T211 primary fold=2 lr0=1e-02 ===
/workspace_developability_acquisition/developability_drilldown/models/antibody_transformer/model.py:347: UserWarning: enable_nested_tensor is True, but self.use_nested_tensor is False because encoder_layer.norm_first was True
  self.encoder = nn.TransformerEncoder(_make_encoder_layer(), num_layers=n_layers)
=== EXP-T211 primary fold=3 lr0=1e-05 ===
=== EXP-T211 primary fold=3 lr0=1e-04 ===
=== EXP-T211 primary fold=3 lr0=1e-03 ===
=== EXP-T211 primary fold=3 lr0=1e-02 ===
/workspace_developability_acquisition/developability_drilldown/models/antibody_transformer/model.py:347: UserWarning: enable_nested_tensor is True, but self.use_nested_tensor is False because encoder_layer.norm_first was True
  self.encoder = nn.TransformerEncoder(_make_encoder_layer(), num_layers=n_layers)
=== EXP-T211 primary fold=4 lr0=1e-05 ===
=== EXP-T211 primary fold=4 lr0=1e-04 ===
=== EXP-T211 primary fold=4 lr0=1e-03 ===
=== EXP-T211 primary fold=4 lr0=1e-02 ===
/workspace_developability_acquisition/developability_drilldown/models/antibody_transformer/model.py:347: UserWarning: enable_nested_tensor is True, but self.use_nested_tensor is False because encoder_layer.norm_first was True
  self.encoder = nn.TransformerEncoder(_make_encoder_layer(), num_layers=n_layers)
=== EXP-T211 shadow fold=0 lr0=1e-05 ===
=== EXP-T211 shadow fold=0 lr0=1e-04 ===
=== EXP-T211 shadow fold=0 lr0=1e-03 ===
=== EXP-T211 shadow fold=0 lr0=1e-02 ===
/workspace_developability_acquisition/developability_drilldown/models/antibody_transformer/model.py:347: UserWarning: enable_nested_tensor is True, but self.use_nested_tensor is False because encoder_layer.norm_first was True
  self.encoder = nn.TransformerEncoder(_make_encoder_layer(), num_layers=n_layers)
=== EXP-T211 shadow fold=1 lr0=1e-05 ===
=== EXP-T211 shadow fold=1 lr0=1e-04 ===
=== EXP-T211 shadow fold=1 lr0=1e-03 ===
=== EXP-T211 shadow fold=1 lr0=1e-02 ===
/workspace_developability_acquisition/developability_drilldown/models/antibody_transformer/model.py:347: UserWarning: enable_nested_tensor is True, but self.use_nested_tensor is False because encoder_layer.norm_first was True
  self.encoder = nn.TransformerEncoder(_make_encoder_layer(), num_layers=n_layers)
=== EXP-T211 shadow fold=2 lr0=1e-05 ===
=== EXP-T211 shadow fold=2 lr0=1e-04 ===
=== EXP-T211 shadow fold=2 lr0=1e-03 ===
=== EXP-T211 shadow fold=2 lr0=1e-02 ===
/workspace_developability_acquisition/developability_drilldown/models/antibody_transformer/model.py:347: UserWarning: enable_nested_tensor is True, but self.use_nested_tensor is False because encoder_layer.norm_first was True
  self.encoder = nn.TransformerEncoder(_make_encoder_layer(), num_layers=n_layers)
=== EXP-T211 shadow fold=3 lr0=1e-05 ===
=== EXP-T211 shadow fold=3 lr0=1e-04 ===
=== EXP-T211 shadow fold=3 lr0=1e-03 ===
=== EXP-T211 shadow fold=3 lr0=1e-02 ===
/workspace_developability_acquisition/developability_drilldown/models/antibody_transformer/model.py:347: UserWarning: enable_nested_tensor is True, but self.use_nested_tensor is False because encoder_layer.norm_first was True
  self.encoder = nn.TransformerEncoder(_make_encoder_layer(), num_layers=n_layers)
=== EXP-T211 shadow fold=4 lr0=1e-05 ===
=== EXP-T211 shadow fold=4 lr0=1e-04 ===
=== EXP-T211 shadow fold=4 lr0=1e-03 ===
=== EXP-T211 shadow fold=4 lr0=1e-02 ===
/workspace_developability_acquisition/developability_drilldown/models/antibody_transformer/model.py:347: UserWarning: enable_nested_tensor is True, but self.use_nested_tensor is False because encoder_layer.norm_first was True
  self.encoder = nn.TransformerEncoder(_make_encoder_layer(), num_layers=n_layers)
DONE EXP-T211 mean=3.343157
==== TRAIN EXP-T212 ablang2_unpaired/A/BASE ====
/workspace_developability_acquisition/developability_drilldown/models/antibody_transformer/model.py:347: UserWarning: enable_nested_tensor is True, but self.use_nested_tensor is False because encoder_layer.norm_first was True
  self.encoder = nn.TransformerEncoder(_make_encoder_layer(), num_layers=n_layers)
=== EXP-T212 primary fold=0 lr0=1e-05 ===
=== EXP-T212 primary fold=0 lr0=1e-04 ===
=== EXP-T212 primary fold=0 lr0=1e-03 ===
=== EXP-T212 primary fold=0 lr0=1e-02 ===
/workspace_developability_acquisition/developability_drilldown/models/antibody_transformer/model.py:347: UserWarning: enable_nested_tensor is True, but self.use_nested_tensor is False because encoder_layer.norm_first was True
  self.encoder = nn.TransformerEncoder(_make_encoder_layer(), num_layers=n_layers)
=== EXP-T212 primary fold=1 lr0=1e-05 ===
=== EXP-T212 primary fold=1 lr0=1e-04 ===
=== EXP-T212 primary fold=1 lr0=1e-03 ===
=== EXP-T212 primary fold=1 lr0=1e-02 ===
/workspace_developability_acquisition/developability_drilldown/models/antibody_transformer/model.py:347: UserWarning: enable_nested_tensor is True, but self.use_nested_tensor is False because encoder_layer.norm_first was True
  self.encoder = nn.TransformerEncoder(_make_encoder_layer(), num_layers=n_layers)
=== EXP-T212 primary fold=2 lr0=1e-05 ===
=== EXP-T212 primary fold=2 lr0=1e-04 ===
=== EXP-T212 primary fold=2 lr0=1e-03 ===
=== EXP-T212 primary fold=2 lr0=1e-02 ===
/workspace_developability_acquisition/developability_drilldown/models/antibody_transformer/model.py:347: UserWarning: enable_nested_tensor is True, but self.use_nested_tensor is False because encoder_layer.norm_first was True
  self.encoder = nn.TransformerEncoder(_make_encoder_layer(), num_layers=n_layers)
=== EXP-T212 primary fold=3 lr0=1e-05 ===
=== EXP-T212 primary fold=3 lr0=1e-04 ===
=== EXP-T212 primary fold=3 lr0=1e-03 ===
=== EXP-T212 primary fold=3 lr0=1e-02 ===
/workspace_developability_acquisition/developability_drilldown/models/antibody_transformer/model.py:347: UserWarning: enable_nested_tensor is True, but self.use_nested_tensor is False because encoder_layer.norm_first was True
  self.encoder = nn.TransformerEncoder(_make_encoder_layer(), num_layers=n_layers)
=== EXP-T212 primary fold=4 lr0=1e-05 ===
=== EXP-T212 primary fold=4 lr0=1e-04 ===
=== EXP-T212 primary fold=4 lr0=1e-03 ===
=== EXP-T212 primary fold=4 lr0=1e-02 ===
/workspace_developability_acquisition/developability_drilldown/models/antibody_transformer/model.py:347: UserWarning: enable_nested_tensor is True, but self.use_nested_tensor is False because encoder_layer.norm_first was True
  self.encoder = nn.TransformerEncoder(_make_encoder_layer(), num_layers=n_layers)
=== EXP-T212 shadow fold=0 lr0=1e-05 ===
=== EXP-T212 shadow fold=0 lr0=1e-04 ===
=== EXP-T212 shadow fold=0 lr0=1e-03 ===
=== EXP-T212 shadow fold=0 lr0=1e-02 ===
/workspace_developability_acquisition/developability_drilldown/models/antibody_transformer/model.py:347: UserWarning: enable_nested_tensor is True, but self.use_nested_tensor is False because encoder_layer.norm_first was True
  self.encoder = nn.TransformerEncoder(_make_encoder_layer(), num_layers=n_layers)
=== EXP-T212 shadow fold=1 lr0=1e-05 ===
=== EXP-T212 shadow fold=1 lr0=1e-04 ===
=== EXP-T212 shadow fold=1 lr0=1e-03 ===
=== EXP-T212 shadow fold=1 lr0=1e-02 ===
/workspace_developability_acquisition/developability_drilldown/models/antibody_transformer/model.py:347: UserWarning: enable_nested_tensor is True, but self.use_nested_tensor is False because encoder_layer.norm_first was True
  self.encoder = nn.TransformerEncoder(_make_encoder_layer(), num_layers=n_layers)
=== EXP-T212 shadow fold=2 lr0=1e-05 ===
=== EXP-T212 shadow fold=2 lr0=1e-04 ===
=== EXP-T212 shadow fold=2 lr0=1e-03 ===
=== EXP-T212 shadow fold=2 lr0=1e-02 ===
/workspace_developability_acquisition/developability_drilldown/models/antibody_transformer/model.py:347: UserWarning: enable_nested_tensor is True, but self.use_nested_tensor is False because encoder_layer.norm_first was True
  self.encoder = nn.TransformerEncoder(_make_encoder_layer(), num_layers=n_layers)
=== EXP-T212 shadow fold=3 lr0=1e-05 ===
=== EXP-T212 shadow fold=3 lr0=1e-04 ===
=== EXP-T212 shadow fold=3 lr0=1e-03 ===
=== EXP-T212 shadow fold=3 lr0=1e-02 ===
/workspace_developability_acquisition/developability_drilldown/models/antibody_transformer/model.py:347: UserWarning: enable_nested_tensor is True, but self.use_nested_tensor is False because encoder_layer.norm_first was True
  self.encoder = nn.TransformerEncoder(_make_encoder_layer(), num_layers=n_layers)
=== EXP-T212 shadow fold=4 lr0=1e-05 ===
=== EXP-T212 shadow fold=4 lr0=1e-04 ===
=== EXP-T212 shadow fold=4 lr0=1e-03 ===
=== EXP-T212 shadow fold=4 lr0=1e-02 ===
/workspace_developability_acquisition/developability_drilldown/models/antibody_transformer/model.py:347: UserWarning: enable_nested_tensor is True, but self.use_nested_tensor is False because encoder_layer.norm_first was True
  self.encoder = nn.TransformerEncoder(_make_encoder_layer(), num_layers=n_layers)
DONE EXP-T212 mean=3.153198
==== TRAIN EXP-T213 ablang2_unpaired/B1/BASE ====
/workspace_developability_acquisition/developability_drilldown/models/antibody_transformer/model.py:347: UserWarning: enable_nested_tensor is True, but self.use_nested_tensor is False because encoder_layer.norm_first was True
  self.encoder = nn.TransformerEncoder(_make_encoder_layer(), num_layers=n_layers)
=== EXP-T213 primary fold=0 lr0=1e-05 ===
=== EXP-T213 primary fold=0 lr0=1e-04 ===
=== EXP-T213 primary fold=0 lr0=1e-03 ===
=== EXP-T213 primary fold=0 lr0=1e-02 ===
/workspace_developability_acquisition/developability_drilldown/models/antibody_transformer/model.py:347: UserWarning: enable_nested_tensor is True, but self.use_nested_tensor is False because encoder_layer.norm_first was True
  self.encoder = nn.TransformerEncoder(_make_encoder_layer(), num_layers=n_layers)
=== EXP-T213 primary fold=1 lr0=1e-05 ===
=== EXP-T213 primary fold=1 lr0=1e-04 ===
=== EXP-T213 primary fold=1 lr0=1e-03 ===
=== EXP-T213 primary fold=1 lr0=1e-02 ===
/workspace_developability_acquisition/developability_drilldown/models/antibody_transformer/model.py:347: UserWarning: enable_nested_tensor is True, but self.use_nested_tensor is False because encoder_layer.norm_first was True
  self.encoder = nn.TransformerEncoder(_make_encoder_layer(), num_layers=n_layers)
=== EXP-T213 primary fold=2 lr0=1e-05 ===
=== EXP-T213 primary fold=2 lr0=1e-04 ===
=== EXP-T213 primary fold=2 lr0=1e-03 ===
=== EXP-T213 primary fold=2 lr0=1e-02 ===
/workspace_developability_acquisition/developability_drilldown/models/antibody_transformer/model.py:347: UserWarning: enable_nested_tensor is True, but self.use_nested_tensor is False because encoder_layer.norm_first was True
  self.encoder = nn.TransformerEncoder(_make_encoder_layer(), num_layers=n_layers)
=== EXP-T213 primary fold=3 lr0=1e-05 ===
=== EXP-T213 primary fold=3 lr0=1e-04 ===
=== EXP-T213 primary fold=3 lr0=1e-03 ===
=== EXP-T213 primary fold=3 lr0=1e-02 ===
/workspace_developability_acquisition/developability_drilldown/models/antibody_transformer/model.py:347: UserWarning: enable_nested_tensor is True, but self.use_nested_tensor is False because encoder_layer.norm_first was True
  self.encoder = nn.TransformerEncoder(_make_encoder_layer(), num_layers=n_layers)
=== EXP-T213 primary fold=4 lr0=1e-05 ===
=== EXP-T213 primary fold=4 lr0=1e-04 ===
=== EXP-T213 primary fold=4 lr0=1e-03 ===
=== EXP-T213 primary fold=4 lr0=1e-02 ===
/workspace_developability_acquisition/developability_drilldown/models/antibody_transformer/model.py:347: UserWarning: enable_nested_tensor is True, but self.use_nested_tensor is False because encoder_layer.norm_first was True
  self.encoder = nn.TransformerEncoder(_make_encoder_layer(), num_layers=n_layers)
=== EXP-T213 shadow fold=0 lr0=1e-05 ===
=== EXP-T213 shadow fold=0 lr0=1e-04 ===
=== EXP-T213 shadow fold=0 lr0=1e-03 ===
=== EXP-T213 shadow fold=0 lr0=1e-02 ===
/workspace_developability_acquisition/developability_drilldown/models/antibody_transformer/model.py:347: UserWarning: enable_nested_tensor is True, but self.use_nested_tensor is False because encoder_layer.norm_first was True
  self.encoder = nn.TransformerEncoder(_make_encoder_layer(), num_layers=n_layers)
=== EXP-T213 shadow fold=1 lr0=1e-05 ===
=== EXP-T213 shadow fold=1 lr0=1e-04 ===
=== EXP-T213 shadow fold=1 lr0=1e-03 ===
=== EXP-T213 shadow fold=1 lr0=1e-02 ===
/workspace_developability_acquisition/developability_drilldown/models/antibody_transformer/model.py:347: UserWarning: enable_nested_tensor is True, but self.use_nested_tensor is False because encoder_layer.norm_first was True
  self.encoder = nn.TransformerEncoder(_make_encoder_layer(), num_layers=n_layers)
=== EXP-T213 shadow fold=2 lr0=1e-05 ===
=== EXP-T213 shadow fold=2 lr0=1e-04 ===
=== EXP-T213 shadow fold=2 lr0=1e-03 ===
=== EXP-T213 shadow fold=2 lr0=1e-02 ===
/workspace_developability_acquisition/developability_drilldown/models/antibody_transformer/model.py:347: UserWarning: enable_nested_tensor is True, but self.use_nested_tensor is False because encoder_layer.norm_first was True
  self.encoder = nn.TransformerEncoder(_make_encoder_layer(), num_layers=n_layers)
=== EXP-T213 shadow fold=3 lr0=1e-05 ===
=== EXP-T213 shadow fold=3 lr0=1e-04 ===
=== EXP-T213 shadow fold=3 lr0=1e-03 ===
=== EXP-T213 shadow fold=3 lr0=1e-02 ===
/workspace_developability_acquisition/developability_drilldown/models/antibody_transformer/model.py:347: UserWarning: enable_nested_tensor is True, but self.use_nested_tensor is False because encoder_layer.norm_first was True
  self.encoder = nn.TransformerEncoder(_make_encoder_layer(), num_layers=n_layers)
=== EXP-T213 shadow fold=4 lr0=1e-05 ===
=== EXP-T213 shadow fold=4 lr0=1e-04 ===
=== EXP-T213 shadow fold=4 lr0=1e-03 ===
=== EXP-T213 shadow fold=4 lr0=1e-02 ===
/workspace_developability_acquisition/developability_drilldown/models/antibody_transformer/model.py:347: UserWarning: enable_nested_tensor is True, but self.use_nested_tensor is False because encoder_layer.norm_first was True
  self.encoder = nn.TransformerEncoder(_make_encoder_layer(), num_layers=n_layers)
DONE EXP-T213 mean=3.285341
==== TRAIN EXP-T214 ablang2_unpaired/B2/BASE ====
/workspace_developability_acquisition/developability_drilldown/models/antibody_transformer/model.py:347: UserWarning: enable_nested_tensor is True, but self.use_nested_tensor is False because encoder_layer.norm_first was True
  self.encoder = nn.TransformerEncoder(_make_encoder_layer(), num_layers=n_layers)
=== EXP-T214 primary fold=0 lr0=1e-05 ===
=== EXP-T214 primary fold=0 lr0=1e-04 ===
=== EXP-T214 primary fold=0 lr0=1e-03 ===
=== EXP-T214 primary fold=0 lr0=1e-02 ===
/workspace_developability_acquisition/developability_drilldown/models/antibody_transformer/model.py:347: UserWarning: enable_nested_tensor is True, but self.use_nested_tensor is False because encoder_layer.norm_first was True
  self.encoder = nn.TransformerEncoder(_make_encoder_layer(), num_layers=n_layers)
=== EXP-T214 primary fold=1 lr0=1e-05 ===
=== EXP-T214 primary fold=1 lr0=1e-04 ===
=== EXP-T214 primary fold=1 lr0=1e-03 ===
=== EXP-T214 primary fold=1 lr0=1e-02 ===
/workspace_developability_acquisition/developability_drilldown/models/antibody_transformer/model.py:347: UserWarning: enable_nested_tensor is True, but self.use_nested_tensor is False because encoder_layer.norm_first was True
  self.encoder = nn.TransformerEncoder(_make_encoder_layer(), num_layers=n_layers)
=== EXP-T214 primary fold=2 lr0=1e-05 ===
=== EXP-T214 primary fold=2 lr0=1e-04 ===
=== EXP-T214 primary fold=2 lr0=1e-03 ===
=== EXP-T214 primary fold=2 lr0=1e-02 ===
/workspace_developability_acquisition/developability_drilldown/models/antibody_transformer/model.py:347: UserWarning: enable_nested_tensor is True, but self.use_nested_tensor is False because encoder_layer.norm_first was True
  self.encoder = nn.TransformerEncoder(_make_encoder_layer(), num_layers=n_layers)
=== EXP-T214 primary fold=3 lr0=1e-05 ===
=== EXP-T214 primary fold=3 lr0=1e-04 ===
=== EXP-T214 primary fold=3 lr0=1e-03 ===
=== EXP-T214 primary fold=3 lr0=1e-02 ===
/workspace_developability_acquisition/developability_drilldown/models/antibody_transformer/model.py:347: UserWarning: enable_nested_tensor is True, but self.use_nested_tensor is False because encoder_layer.norm_first was True
  self.encoder = nn.TransformerEncoder(_make_encoder_layer(), num_layers=n_layers)
=== EXP-T214 primary fold=4 lr0=1e-05 ===
=== EXP-T214 primary fold=4 lr0=1e-04 ===
=== EXP-T214 primary fold=4 lr0=1e-03 ===
=== EXP-T214 primary fold=4 lr0=1e-02 ===
/workspace_developability_acquisition/developability_drilldown/models/antibody_transformer/model.py:347: UserWarning: enable_nested_tensor is True, but self.use_nested_tensor is False because encoder_layer.norm_first was True
  self.encoder = nn.TransformerEncoder(_make_encoder_layer(), num_layers=n_layers)
=== EXP-T214 shadow fold=0 lr0=1e-05 ===
=== EXP-T214 shadow fold=0 lr0=1e-04 ===
=== EXP-T214 shadow fold=0 lr0=1e-03 ===
=== EXP-T214 shadow fold=0 lr0=1e-02 ===
/workspace_developability_acquisition/developability_drilldown/models/antibody_transformer/model.py:347: UserWarning: enable_nested_tensor is True, but self.use_nested_tensor is False because encoder_layer.norm_first was True
  self.encoder = nn.TransformerEncoder(_make_encoder_layer(), num_layers=n_layers)
=== EXP-T214 shadow fold=1 lr0=1e-05 ===
=== EXP-T214 shadow fold=1 lr0=1e-04 ===
=== EXP-T214 shadow fold=1 lr0=1e-03 ===
=== EXP-T214 shadow fold=1 lr0=1e-02 ===
/workspace_developability_acquisition/developability_drilldown/models/antibody_transformer/model.py:347: UserWarning: enable_nested_tensor is True, but self.use_nested_tensor is False because encoder_layer.norm_first was True
  self.encoder = nn.TransformerEncoder(_make_encoder_layer(), num_layers=n_layers)
=== EXP-T214 shadow fold=2 lr0=1e-05 ===
=== EXP-T214 shadow fold=2 lr0=1e-04 ===
=== EXP-T214 shadow fold=2 lr0=1e-03 ===
=== EXP-T214 shadow fold=2 lr0=1e-02 ===
/workspace_developability_acquisition/developability_drilldown/models/antibody_transformer/model.py:347: UserWarning: enable_nested_tensor is True, but self.use_nested_tensor is False because encoder_layer.norm_first was True
  self.encoder = nn.TransformerEncoder(_make_encoder_layer(), num_layers=n_layers)
=== EXP-T214 shadow fold=3 lr0=1e-05 ===
=== EXP-T214 shadow fold=3 lr0=1e-04 ===
=== EXP-T214 shadow fold=3 lr0=1e-03 ===
=== EXP-T214 shadow fold=3 lr0=1e-02 ===
/workspace_developability_acquisition/developability_drilldown/models/antibody_transformer/model.py:347: UserWarning: enable_nested_tensor is True, but self.use_nested_tensor is False because encoder_layer.norm_first was True
  self.encoder = nn.TransformerEncoder(_make_encoder_layer(), num_layers=n_layers)
=== EXP-T214 shadow fold=4 lr0=1e-05 ===
=== EXP-T214 shadow fold=4 lr0=1e-04 ===
=== EXP-T214 shadow fold=4 lr0=1e-03 ===
=== EXP-T214 shadow fold=4 lr0=1e-02 ===
/workspace_developability_acquisition/developability_drilldown/models/antibody_transformer/model.py:347: UserWarning: enable_nested_tensor is True, but self.use_nested_tensor is False because encoder_layer.norm_first was True
  self.encoder = nn.TransformerEncoder(_make_encoder_layer(), num_layers=n_layers)
DONE EXP-T214 mean=3.237228
==== TRAIN EXP-T215 ablang2_unpaired/C/BASE ====
/workspace_developability_acquisition/developability_drilldown/models/antibody_transformer/model.py:347: UserWarning: enable_nested_tensor is True, but self.use_nested_tensor is False because encoder_layer.norm_first was True
  self.encoder = nn.TransformerEncoder(_make_encoder_layer(), num_layers=n_layers)
=== EXP-T215 primary fold=0 lr0=1e-05 ===
=== EXP-T215 primary fold=0 lr0=1e-04 ===
=== EXP-T215 primary fold=0 lr0=1e-03 ===
=== EXP-T215 primary fold=0 lr0=1e-02 ===
/workspace_developability_acquisition/developability_drilldown/models/antibody_transformer/model.py:347: UserWarning: enable_nested_tensor is True, but self.use_nested_tensor is False because encoder_layer.norm_first was True
  self.encoder = nn.TransformerEncoder(_make_encoder_layer(), num_layers=n_layers)
=== EXP-T215 primary fold=1 lr0=1e-05 ===
=== EXP-T215 primary fold=1 lr0=1e-04 ===
=== EXP-T215 primary fold=1 lr0=1e-03 ===
=== EXP-T215 primary fold=1 lr0=1e-02 ===
/workspace_developability_acquisition/developability_drilldown/models/antibody_transformer/model.py:347: UserWarning: enable_nested_tensor is True, but self.use_nested_tensor is False because encoder_layer.norm_first was True
  self.encoder = nn.TransformerEncoder(_make_encoder_layer(), num_layers=n_layers)
=== EXP-T215 primary fold=2 lr0=1e-05 ===
=== EXP-T215 primary fold=2 lr0=1e-04 ===
=== EXP-T215 primary fold=2 lr0=1e-03 ===
=== EXP-T215 primary fold=2 lr0=1e-02 ===
/workspace_developability_acquisition/developability_drilldown/models/antibody_transformer/model.py:347: UserWarning: enable_nested_tensor is True, but self.use_nested_tensor is False because encoder_layer.norm_first was True
  self.encoder = nn.TransformerEncoder(_make_encoder_layer(), num_layers=n_layers)
=== EXP-T215 primary fold=3 lr0=1e-05 ===
=== EXP-T215 primary fold=3 lr0=1e-04 ===
=== EXP-T215 primary fold=3 lr0=1e-03 ===
=== EXP-T215 primary fold=3 lr0=1e-02 ===
/workspace_developability_acquisition/developability_drilldown/models/antibody_transformer/model.py:347: UserWarning: enable_nested_tensor is True, but self.use_nested_tensor is False because encoder_layer.norm_first was True
  self.encoder = nn.TransformerEncoder(_make_encoder_layer(), num_layers=n_layers)
=== EXP-T215 primary fold=4 lr0=1e-05 ===
=== EXP-T215 primary fold=4 lr0=1e-04 ===
=== EXP-T215 primary fold=4 lr0=1e-03 ===
=== EXP-T215 primary fold=4 lr0=1e-02 ===
/workspace_developability_acquisition/developability_drilldown/models/antibody_transformer/model.py:347: UserWarning: enable_nested_tensor is True, but self.use_nested_tensor is False because encoder_layer.norm_first was True
  self.encoder = nn.TransformerEncoder(_make_encoder_layer(), num_layers=n_layers)
=== EXP-T215 shadow fold=0 lr0=1e-05 ===
=== EXP-T215 shadow fold=0 lr0=1e-04 ===
=== EXP-T215 shadow fold=0 lr0=1e-03 ===
=== EXP-T215 shadow fold=0 lr0=1e-02 ===
/workspace_developability_acquisition/developability_drilldown/models/antibody_transformer/model.py:347: UserWarning: enable_nested_tensor is True, but self.use_nested_tensor is False because encoder_layer.norm_first was True
  self.encoder = nn.TransformerEncoder(_make_encoder_layer(), num_layers=n_layers)
=== EXP-T215 shadow fold=1 lr0=1e-05 ===
=== EXP-T215 shadow fold=1 lr0=1e-04 ===
=== EXP-T215 shadow fold=1 lr0=1e-03 ===
=== EXP-T215 shadow fold=1 lr0=1e-02 ===
/workspace_developability_acquisition/developability_drilldown/models/antibody_transformer/model.py:347: UserWarning: enable_nested_tensor is True, but self.use_nested_tensor is False because encoder_layer.norm_first was True
  self.encoder = nn.TransformerEncoder(_make_encoder_layer(), num_layers=n_layers)
=== EXP-T215 shadow fold=2 lr0=1e-05 ===
=== EXP-T215 shadow fold=2 lr0=1e-04 ===
=== EXP-T215 shadow fold=2 lr0=1e-03 ===
=== EXP-T215 shadow fold=2 lr0=1e-02 ===
/workspace_developability_acquisition/developability_drilldown/models/antibody_transformer/model.py:347: UserWarning: enable_nested_tensor is True, but self.use_nested_tensor is False because encoder_layer.norm_first was True
  self.encoder = nn.TransformerEncoder(_make_encoder_layer(), num_layers=n_layers)
=== EXP-T215 shadow fold=3 lr0=1e-05 ===
=== EXP-T215 shadow fold=3 lr0=1e-04 ===
=== EXP-T215 shadow fold=3 lr0=1e-03 ===
=== EXP-T215 shadow fold=3 lr0=1e-02 ===
/workspace_developability_acquisition/developability_drilldown/models/antibody_transformer/model.py:347: UserWarning: enable_nested_tensor is True, but self.use_nested_tensor is False because encoder_layer.norm_first was True
  self.encoder = nn.TransformerEncoder(_make_encoder_layer(), num_layers=n_layers)
=== EXP-T215 shadow fold=4 lr0=1e-05 ===
=== EXP-T215 shadow fold=4 lr0=1e-04 ===
=== EXP-T215 shadow fold=4 lr0=1e-03 ===
=== EXP-T215 shadow fold=4 lr0=1e-02 ===
/workspace_developability_acquisition/developability_drilldown/models/antibody_transformer/model.py:347: UserWarning: enable_nested_tensor is True, but self.use_nested_tensor is False because encoder_layer.norm_first was True
  self.encoder = nn.TransformerEncoder(_make_encoder_layer(), num_layers=n_layers)
DONE EXP-T215 mean=3.317968
==== TRAIN EXP-T216 ablang2_unpaired/D/BASE ====
/workspace_developability_acquisition/developability_drilldown/models/antibody_transformer/model.py:347: UserWarning: enable_nested_tensor is True, but self.use_nested_tensor is False because encoder_layer.norm_first was True
  self.encoder = nn.TransformerEncoder(_make_encoder_layer(), num_layers=n_layers)
=== EXP-T216 primary fold=0 lr0=1e-05 ===
=== EXP-T216 primary fold=0 lr0=1e-04 ===
=== EXP-T216 primary fold=0 lr0=1e-03 ===
=== EXP-T216 primary fold=0 lr0=1e-02 ===
/workspace_developability_acquisition/developability_drilldown/models/antibody_transformer/model.py:347: UserWarning: enable_nested_tensor is True, but self.use_nested_tensor is False because encoder_layer.norm_first was True
  self.encoder = nn.TransformerEncoder(_make_encoder_layer(), num_layers=n_layers)
=== EXP-T216 primary fold=1 lr0=1e-05 ===
=== EXP-T216 primary fold=1 lr0=1e-04 ===
=== EXP-T216 primary fold=1 lr0=1e-03 ===
=== EXP-T216 primary fold=1 lr0=1e-02 ===
/workspace_developability_acquisition/developability_drilldown/models/antibody_transformer/model.py:347: UserWarning: enable_nested_tensor is True, but self.use_nested_tensor is False because encoder_layer.norm_first was True
  self.encoder = nn.TransformerEncoder(_make_encoder_layer(), num_layers=n_layers)
=== EXP-T216 primary fold=2 lr0=1e-05 ===
=== EXP-T216 primary fold=2 lr0=1e-04 ===
=== EXP-T216 primary fold=2 lr0=1e-03 ===
=== EXP-T216 primary fold=2 lr0=1e-02 ===
/workspace_developability_acquisition/developability_drilldown/models/antibody_transformer/model.py:347: UserWarning: enable_nested_tensor is True, but self.use_nested_tensor is False because encoder_layer.norm_first was True
  self.encoder = nn.TransformerEncoder(_make_encoder_layer(), num_layers=n_layers)
=== EXP-T216 primary fold=3 lr0=1e-05 ===
=== EXP-T216 primary fold=3 lr0=1e-04 ===
=== EXP-T216 primary fold=3 lr0=1e-03 ===
=== EXP-T216 primary fold=3 lr0=1e-02 ===
/workspace_developability_acquisition/developability_drilldown/models/antibody_transformer/model.py:347: UserWarning: enable_nested_tensor is True, but self.use_nested_tensor is False because encoder_layer.norm_first was True
  self.encoder = nn.TransformerEncoder(_make_encoder_layer(), num_layers=n_layers)
=== EXP-T216 primary fold=4 lr0=1e-05 ===
=== EXP-T216 primary fold=4 lr0=1e-04 ===
=== EXP-T216 primary fold=4 lr0=1e-03 ===
=== EXP-T216 primary fold=4 lr0=1e-02 ===
/workspace_developability_acquisition/developability_drilldown/models/antibody_transformer/model.py:347: UserWarning: enable_nested_tensor is True, but self.use_nested_tensor is False because encoder_layer.norm_first was True
  self.encoder = nn.TransformerEncoder(_make_encoder_layer(), num_layers=n_layers)
=== EXP-T216 shadow fold=0 lr0=1e-05 ===
=== EXP-T216 shadow fold=0 lr0=1e-04 ===
=== EXP-T216 shadow fold=0 lr0=1e-03 ===
=== EXP-T216 shadow fold=0 lr0=1e-02 ===
/workspace_developability_acquisition/developability_drilldown/models/antibody_transformer/model.py:347: UserWarning: enable_nested_tensor is True, but self.use_nested_tensor is False because encoder_layer.norm_first was True
  self.encoder = nn.TransformerEncoder(_make_encoder_layer(), num_layers=n_layers)
=== EXP-T216 shadow fold=1 lr0=1e-05 ===
=== EXP-T216 shadow fold=1 lr0=1e-04 ===
=== EXP-T216 shadow fold=1 lr0=1e-03 ===
=== EXP-T216 shadow fold=1 lr0=1e-02 ===
/workspace_developability_acquisition/developability_drilldown/models/antibody_transformer/model.py:347: UserWarning: enable_nested_tensor is True, but self.use_nested_tensor is False because encoder_layer.norm_first was True
  self.encoder = nn.TransformerEncoder(_make_encoder_layer(), num_layers=n_layers)
=== EXP-T216 shadow fold=2 lr0=1e-05 ===
=== EXP-T216 shadow fold=2 lr0=1e-04 ===
=== EXP-T216 shadow fold=2 lr0=1e-03 ===
=== EXP-T216 shadow fold=2 lr0=1e-02 ===
/workspace_developability_acquisition/developability_drilldown/models/antibody_transformer/model.py:347: UserWarning: enable_nested_tensor is True, but self.use_nested_tensor is False because encoder_layer.norm_first was True
  self.encoder = nn.TransformerEncoder(_make_encoder_layer(), num_layers=n_layers)
=== EXP-T216 shadow fold=3 lr0=1e-05 ===
=== EXP-T216 shadow fold=3 lr0=1e-04 ===
=== EXP-T216 shadow fold=3 lr0=1e-03 ===
=== EXP-T216 shadow fold=3 lr0=1e-02 ===
/workspace_developability_acquisition/developability_drilldown/models/antibody_transformer/model.py:347: UserWarning: enable_nested_tensor is True, but self.use_nested_tensor is False because encoder_layer.norm_first was True
  self.encoder = nn.TransformerEncoder(_make_encoder_layer(), num_layers=n_layers)
=== EXP-T216 shadow fold=4 lr0=1e-05 ===
=== EXP-T216 shadow fold=4 lr0=1e-04 ===
=== EXP-T216 shadow fold=4 lr0=1e-03 ===
=== EXP-T216 shadow fold=4 lr0=1e-02 ===
/workspace_developability_acquisition/developability_drilldown/models/antibody_transformer/model.py:347: UserWarning: enable_nested_tensor is True, but self.use_nested_tensor is False because encoder_layer.norm_first was True
  self.encoder = nn.TransformerEncoder(_make_encoder_layer(), num_layers=n_layers)
DONE EXP-T216 mean=3.326832
==== TRAIN EXP-T217 ablang2_unpaired/A/IMGT ====
/workspace_developability_acquisition/developability_drilldown/models/antibody_transformer/model.py:347: UserWarning: enable_nested_tensor is True, but self.use_nested_tensor is False because encoder_layer.norm_first was True
  self.encoder = nn.TransformerEncoder(_make_encoder_layer(), num_layers=n_layers)
=== EXP-T217 primary fold=0 lr0=1e-05 ===
=== EXP-T217 primary fold=0 lr0=1e-04 ===
=== EXP-T217 primary fold=0 lr0=1e-03 ===
=== EXP-T217 primary fold=0 lr0=1e-02 ===
/workspace_developability_acquisition/developability_drilldown/models/antibody_transformer/model.py:347: UserWarning: enable_nested_tensor is True, but self.use_nested_tensor is False because encoder_layer.norm_first was True
  self.encoder = nn.TransformerEncoder(_make_encoder_layer(), num_layers=n_layers)
=== EXP-T217 primary fold=1 lr0=1e-05 ===
=== EXP-T217 primary fold=1 lr0=1e-04 ===
=== EXP-T217 primary fold=1 lr0=1e-03 ===
=== EXP-T217 primary fold=1 lr0=1e-02 ===
/workspace_developability_acquisition/developability_drilldown/models/antibody_transformer/model.py:347: UserWarning: enable_nested_tensor is True, but self.use_nested_tensor is False because encoder_layer.norm_first was True
  self.encoder = nn.TransformerEncoder(_make_encoder_layer(), num_layers=n_layers)
=== EXP-T217 primary fold=2 lr0=1e-05 ===
=== EXP-T217 primary fold=2 lr0=1e-04 ===
=== EXP-T217 primary fold=2 lr0=1e-03 ===
=== EXP-T217 primary fold=2 lr0=1e-02 ===
/workspace_developability_acquisition/developability_drilldown/models/antibody_transformer/model.py:347: UserWarning: enable_nested_tensor is True, but self.use_nested_tensor is False because encoder_layer.norm_first was True
  self.encoder = nn.TransformerEncoder(_make_encoder_layer(), num_layers=n_layers)
=== EXP-T217 primary fold=3 lr0=1e-05 ===
=== EXP-T217 primary fold=3 lr0=1e-04 ===
=== EXP-T217 primary fold=3 lr0=1e-03 ===
=== EXP-T217 primary fold=3 lr0=1e-02 ===
/workspace_developability_acquisition/developability_drilldown/models/antibody_transformer/model.py:347: UserWarning: enable_nested_tensor is True, but self.use_nested_tensor is False because encoder_layer.norm_first was True
  self.encoder = nn.TransformerEncoder(_make_encoder_layer(), num_layers=n_layers)
=== EXP-T217 primary fold=4 lr0=1e-05 ===
=== EXP-T217 primary fold=4 lr0=1e-04 ===
=== EXP-T217 primary fold=4 lr0=1e-03 ===
=== EXP-T217 primary fold=4 lr0=1e-02 ===
/workspace_developability_acquisition/developability_drilldown/models/antibody_transformer/model.py:347: UserWarning: enable_nested_tensor is True, but self.use_nested_tensor is False because encoder_layer.norm_first was True
  self.encoder = nn.TransformerEncoder(_make_encoder_layer(), num_layers=n_layers)
=== EXP-T217 shadow fold=0 lr0=1e-05 ===
=== EXP-T217 shadow fold=0 lr0=1e-04 ===
=== EXP-T217 shadow fold=0 lr0=1e-03 ===
=== EXP-T217 shadow fold=0 lr0=1e-02 ===
/workspace_developability_acquisition/developability_drilldown/models/antibody_transformer/model.py:347: UserWarning: enable_nested_tensor is True, but self.use_nested_tensor is False because encoder_layer.norm_first was True
  self.encoder = nn.TransformerEncoder(_make_encoder_layer(), num_layers=n_layers)
=== EXP-T217 shadow fold=1 lr0=1e-05 ===
=== EXP-T217 shadow fold=1 lr0=1e-04 ===
=== EXP-T217 shadow fold=1 lr0=1e-03 ===
=== EXP-T217 shadow fold=1 lr0=1e-02 ===
/workspace_developability_acquisition/developability_drilldown/models/antibody_transformer/model.py:347: UserWarning: enable_nested_tensor is True, but self.use_nested_tensor is False because encoder_layer.norm_first was True
  self.encoder = nn.TransformerEncoder(_make_encoder_layer(), num_layers=n_layers)
=== EXP-T217 shadow fold=2 lr0=1e-05 ===
=== EXP-T217 shadow fold=2 lr0=1e-04 ===
=== EXP-T217 shadow fold=2 lr0=1e-03 ===
=== EXP-T217 shadow fold=2 lr0=1e-02 ===
/workspace_developability_acquisition/developability_drilldown/models/antibody_transformer/model.py:347: UserWarning: enable_nested_tensor is True, but self.use_nested_tensor is False because encoder_layer.norm_first was True
  self.encoder = nn.TransformerEncoder(_make_encoder_layer(), num_layers=n_layers)
=== EXP-T217 shadow fold=3 lr0=1e-05 ===
=== EXP-T217 shadow fold=3 lr0=1e-04 ===
=== EXP-T217 shadow fold=3 lr0=1e-03 ===
=== EXP-T217 shadow fold=3 lr0=1e-02 ===
/workspace_developability_acquisition/developability_drilldown/models/antibody_transformer/model.py:347: UserWarning: enable_nested_tensor is True, but self.use_nested_tensor is False because encoder_layer.norm_first was True
  self.encoder = nn.TransformerEncoder(_make_encoder_layer(), num_layers=n_layers)
=== EXP-T217 shadow fold=4 lr0=1e-05 ===
=== EXP-T217 shadow fold=4 lr0=1e-04 ===
=== EXP-T217 shadow fold=4 lr0=1e-03 ===
=== EXP-T217 shadow fold=4 lr0=1e-02 ===
/workspace_developability_acquisition/developability_drilldown/models/antibody_transformer/model.py:347: UserWarning: enable_nested_tensor is True, but self.use_nested_tensor is False because encoder_layer.norm_first was True
  self.encoder = nn.TransformerEncoder(_make_encoder_layer(), num_layers=n_layers)
DONE EXP-T217 mean=3.154851
==== TRAIN EXP-T218 ablang2_unpaired/B1/IMGT ====
/workspace_developability_acquisition/developability_drilldown/models/antibody_transformer/model.py:347: UserWarning: enable_nested_tensor is True, but self.use_nested_tensor is False because encoder_layer.norm_first was True
  self.encoder = nn.TransformerEncoder(_make_encoder_layer(), num_layers=n_layers)
=== EXP-T218 primary fold=0 lr0=1e-05 ===
=== EXP-T218 primary fold=0 lr0=1e-04 ===
=== EXP-T218 primary fold=0 lr0=1e-03 ===
=== EXP-T218 primary fold=0 lr0=1e-02 ===
/workspace_developability_acquisition/developability_drilldown/models/antibody_transformer/model.py:347: UserWarning: enable_nested_tensor is True, but self.use_nested_tensor is False because encoder_layer.norm_first was True
  self.encoder = nn.TransformerEncoder(_make_encoder_layer(), num_layers=n_layers)
=== EXP-T218 primary fold=1 lr0=1e-05 ===
=== EXP-T218 primary fold=1 lr0=1e-04 ===
=== EXP-T218 primary fold=1 lr0=1e-03 ===
=== EXP-T218 primary fold=1 lr0=1e-02 ===
/workspace_developability_acquisition/developability_drilldown/models/antibody_transformer/model.py:347: UserWarning: enable_nested_tensor is True, but self.use_nested_tensor is False because encoder_layer.norm_first was True
  self.encoder = nn.TransformerEncoder(_make_encoder_layer(), num_layers=n_layers)
=== EXP-T218 primary fold=2 lr0=1e-05 ===
=== EXP-T218 primary fold=2 lr0=1e-04 ===
=== EXP-T218 primary fold=2 lr0=1e-03 ===
=== EXP-T218 primary fold=2 lr0=1e-02 ===
/workspace_developability_acquisition/developability_drilldown/models/antibody_transformer/model.py:347: UserWarning: enable_nested_tensor is True, but self.use_nested_tensor is False because encoder_layer.norm_first was True
  self.encoder = nn.TransformerEncoder(_make_encoder_layer(), num_layers=n_layers)
=== EXP-T218 primary fold=3 lr0=1e-05 ===
=== EXP-T218 primary fold=3 lr0=1e-04 ===
=== EXP-T218 primary fold=3 lr0=1e-03 ===
=== EXP-T218 primary fold=3 lr0=1e-02 ===
/workspace_developability_acquisition/developability_drilldown/models/antibody_transformer/model.py:347: UserWarning: enable_nested_tensor is True, but self.use_nested_tensor is False because encoder_layer.norm_first was True
  self.encoder = nn.TransformerEncoder(_make_encoder_layer(), num_layers=n_layers)
=== EXP-T218 primary fold=4 lr0=1e-05 ===
=== EXP-T218 primary fold=4 lr0=1e-04 ===
=== EXP-T218 primary fold=4 lr0=1e-03 ===
=== EXP-T218 primary fold=4 lr0=1e-02 ===
/workspace_developability_acquisition/developability_drilldown/models/antibody_transformer/model.py:347: UserWarning: enable_nested_tensor is True, but self.use_nested_tensor is False because encoder_layer.norm_first was True
  self.encoder = nn.TransformerEncoder(_make_encoder_layer(), num_layers=n_layers)
=== EXP-T218 shadow fold=0 lr0=1e-05 ===
=== EXP-T218 shadow fold=0 lr0=1e-04 ===
=== EXP-T218 shadow fold=0 lr0=1e-03 ===
=== EXP-T218 shadow fold=0 lr0=1e-02 ===
/workspace_developability_acquisition/developability_drilldown/models/antibody_transformer/model.py:347: UserWarning: enable_nested_tensor is True, but self.use_nested_tensor is False because encoder_layer.norm_first was True
  self.encoder = nn.TransformerEncoder(_make_encoder_layer(), num_layers=n_layers)
=== EXP-T218 shadow fold=1 lr0=1e-05 ===
=== EXP-T218 shadow fold=1 lr0=1e-04 ===
=== EXP-T218 shadow fold=1 lr0=1e-03 ===
=== EXP-T218 shadow fold=1 lr0=1e-02 ===
/workspace_developability_acquisition/developability_drilldown/models/antibody_transformer/model.py:347: UserWarning: enable_nested_tensor is True, but self.use_nested_tensor is False because encoder_layer.norm_first was True
  self.encoder = nn.TransformerEncoder(_make_encoder_layer(), num_layers=n_layers)
=== EXP-T218 shadow fold=2 lr0=1e-05 ===
=== EXP-T218 shadow fold=2 lr0=1e-04 ===
=== EXP-T218 shadow fold=2 lr0=1e-03 ===
=== EXP-T218 shadow fold=2 lr0=1e-02 ===
/workspace_developability_acquisition/developability_drilldown/models/antibody_transformer/model.py:347: UserWarning: enable_nested_tensor is True, but self.use_nested_tensor is False because encoder_layer.norm_first was True
  self.encoder = nn.TransformerEncoder(_make_encoder_layer(), num_layers=n_layers)
=== EXP-T218 shadow fold=3 lr0=1e-05 ===
=== EXP-T218 shadow fold=3 lr0=1e-04 ===
=== EXP-T218 shadow fold=3 lr0=1e-03 ===
=== EXP-T218 shadow fold=3 lr0=1e-02 ===
/workspace_developability_acquisition/developability_drilldown/models/antibody_transformer/model.py:347: UserWarning: enable_nested_tensor is True, but self.use_nested_tensor is False because encoder_layer.norm_first was True
  self.encoder = nn.TransformerEncoder(_make_encoder_layer(), num_layers=n_layers)
=== EXP-T218 shadow fold=4 lr0=1e-05 ===
=== EXP-T218 shadow fold=4 lr0=1e-04 ===
=== EXP-T218 shadow fold=4 lr0=1e-03 ===
=== EXP-T218 shadow fold=4 lr0=1e-02 ===
/workspace_developability_acquisition/developability_drilldown/models/antibody_transformer/model.py:347: UserWarning: enable_nested_tensor is True, but self.use_nested_tensor is False because encoder_layer.norm_first was True
  self.encoder = nn.TransformerEncoder(_make_encoder_layer(), num_layers=n_layers)
DONE EXP-T218 mean=3.292204
==== TRAIN EXP-T219 ablang2_unpaired/B2/IMGT ====
/workspace_developability_acquisition/developability_drilldown/models/antibody_transformer/model.py:347: UserWarning: enable_nested_tensor is True, but self.use_nested_tensor is False because encoder_layer.norm_first was True
  self.encoder = nn.TransformerEncoder(_make_encoder_layer(), num_layers=n_layers)
=== EXP-T219 primary fold=0 lr0=1e-05 ===
=== EXP-T219 primary fold=0 lr0=1e-04 ===
=== EXP-T219 primary fold=0 lr0=1e-03 ===
=== EXP-T219 primary fold=0 lr0=1e-02 ===
/workspace_developability_acquisition/developability_drilldown/models/antibody_transformer/model.py:347: UserWarning: enable_nested_tensor is True, but self.use_nested_tensor is False because encoder_layer.norm_first was True
  self.encoder = nn.TransformerEncoder(_make_encoder_layer(), num_layers=n_layers)
=== EXP-T219 primary fold=1 lr0=1e-05 ===
=== EXP-T219 primary fold=1 lr0=1e-04 ===
=== EXP-T219 primary fold=1 lr0=1e-03 ===
=== EXP-T219 primary fold=1 lr0=1e-02 ===
/workspace_developability_acquisition/developability_drilldown/models/antibody_transformer/model.py:347: UserWarning: enable_nested_tensor is True, but self.use_nested_tensor is False because encoder_layer.norm_first was True
  self.encoder = nn.TransformerEncoder(_make_encoder_layer(), num_layers=n_layers)
=== EXP-T219 primary fold=2 lr0=1e-05 ===
=== EXP-T219 primary fold=2 lr0=1e-04 ===
=== EXP-T219 primary fold=2 lr0=1e-03 ===
=== EXP-T219 primary fold=2 lr0=1e-02 ===
/workspace_developability_acquisition/developability_drilldown/models/antibody_transformer/model.py:347: UserWarning: enable_nested_tensor is True, but self.use_nested_tensor is False because encoder_layer.norm_first was True
  self.encoder = nn.TransformerEncoder(_make_encoder_layer(), num_layers=n_layers)
=== EXP-T219 primary fold=3 lr0=1e-05 ===
=== EXP-T219 primary fold=3 lr0=1e-04 ===
=== EXP-T219 primary fold=3 lr0=1e-03 ===
=== EXP-T219 primary fold=3 lr0=1e-02 ===
/workspace_developability_acquisition/developability_drilldown/models/antibody_transformer/model.py:347: UserWarning: enable_nested_tensor is True, but self.use_nested_tensor is False because encoder_layer.norm_first was True
  self.encoder = nn.TransformerEncoder(_make_encoder_layer(), num_layers=n_layers)
=== EXP-T219 primary fold=4 lr0=1e-05 ===
=== EXP-T219 primary fold=4 lr0=1e-04 ===
=== EXP-T219 primary fold=4 lr0=1e-03 ===
=== EXP-T219 primary fold=4 lr0=1e-02 ===
/workspace_developability_acquisition/developability_drilldown/models/antibody_transformer/model.py:347: UserWarning: enable_nested_tensor is True, but self.use_nested_tensor is False because encoder_layer.norm_first was True
  self.encoder = nn.TransformerEncoder(_make_encoder_layer(), num_layers=n_layers)
=== EXP-T219 shadow fold=0 lr0=1e-05 ===
=== EXP-T219 shadow fold=0 lr0=1e-04 ===
=== EXP-T219 shadow fold=0 lr0=1e-03 ===
=== EXP-T219 shadow fold=0 lr0=1e-02 ===
/workspace_developability_acquisition/developability_drilldown/models/antibody_transformer/model.py:347: UserWarning: enable_nested_tensor is True, but self.use_nested_tensor is False because encoder_layer.norm_first was True
  self.encoder = nn.TransformerEncoder(_make_encoder_layer(), num_layers=n_layers)
=== EXP-T219 shadow fold=1 lr0=1e-05 ===
=== EXP-T219 shadow fold=1 lr0=1e-04 ===
=== EXP-T219 shadow fold=1 lr0=1e-03 ===
=== EXP-T219 shadow fold=1 lr0=1e-02 ===
/workspace_developability_acquisition/developability_drilldown/models/antibody_transformer/model.py:347: UserWarning: enable_nested_tensor is True, but self.use_nested_tensor is False because encoder_layer.norm_first was True
  self.encoder = nn.TransformerEncoder(_make_encoder_layer(), num_layers=n_layers)
=== EXP-T219 shadow fold=2 lr0=1e-05 ===
=== EXP-T219 shadow fold=2 lr0=1e-04 ===
=== EXP-T219 shadow fold=2 lr0=1e-03 ===
=== EXP-T219 shadow fold=2 lr0=1e-02 ===
/workspace_developability_acquisition/developability_drilldown/models/antibody_transformer/model.py:347: UserWarning: enable_nested_tensor is True, but self.use_nested_tensor is False because encoder_layer.norm_first was True
  self.encoder = nn.TransformerEncoder(_make_encoder_layer(), num_layers=n_layers)
=== EXP-T219 shadow fold=3 lr0=1e-05 ===
=== EXP-T219 shadow fold=3 lr0=1e-04 ===
=== EXP-T219 shadow fold=3 lr0=1e-03 ===
=== EXP-T219 shadow fold=3 lr0=1e-02 ===
/workspace_developability_acquisition/developability_drilldown/models/antibody_transformer/model.py:347: UserWarning: enable_nested_tensor is True, but self.use_nested_tensor is False because encoder_layer.norm_first was True
  self.encoder = nn.TransformerEncoder(_make_encoder_layer(), num_layers=n_layers)
=== EXP-T219 shadow fold=4 lr0=1e-05 ===
=== EXP-T219 shadow fold=4 lr0=1e-04 ===
=== EXP-T219 shadow fold=4 lr0=1e-03 ===
=== EXP-T219 shadow fold=4 lr0=1e-02 ===
/workspace_developability_acquisition/developability_drilldown/models/antibody_transformer/model.py:347: UserWarning: enable_nested_tensor is True, but self.use_nested_tensor is False because encoder_layer.norm_first was True
  self.encoder = nn.TransformerEncoder(_make_encoder_layer(), num_layers=n_layers)
DONE EXP-T219 mean=3.282775
==== TRAIN EXP-T220 ablang2_unpaired/C/IMGT ====
/workspace_developability_acquisition/developability_drilldown/models/antibody_transformer/model.py:347: UserWarning: enable_nested_tensor is True, but self.use_nested_tensor is False because encoder_layer.norm_first was True
  self.encoder = nn.TransformerEncoder(_make_encoder_layer(), num_layers=n_layers)
=== EXP-T220 primary fold=0 lr0=1e-05 ===
=== EXP-T220 primary fold=0 lr0=1e-04 ===
=== EXP-T220 primary fold=0 lr0=1e-03 ===
=== EXP-T220 primary fold=0 lr0=1e-02 ===
/workspace_developability_acquisition/developability_drilldown/models/antibody_transformer/model.py:347: UserWarning: enable_nested_tensor is True, but self.use_nested_tensor is False because encoder_layer.norm_first was True
  self.encoder = nn.TransformerEncoder(_make_encoder_layer(), num_layers=n_layers)
=== EXP-T220 primary fold=1 lr0=1e-05 ===
=== EXP-T220 primary fold=1 lr0=1e-04 ===
=== EXP-T220 primary fold=1 lr0=1e-03 ===
=== EXP-T220 primary fold=1 lr0=1e-02 ===
/workspace_developability_acquisition/developability_drilldown/models/antibody_transformer/model.py:347: UserWarning: enable_nested_tensor is True, but self.use_nested_tensor is False because encoder_layer.norm_first was True
  self.encoder = nn.TransformerEncoder(_make_encoder_layer(), num_layers=n_layers)
=== EXP-T220 primary fold=2 lr0=1e-05 ===
=== EXP-T220 primary fold=2 lr0=1e-04 ===
=== EXP-T220 primary fold=2 lr0=1e-03 ===
=== EXP-T220 primary fold=2 lr0=1e-02 ===
/workspace_developability_acquisition/developability_drilldown/models/antibody_transformer/model.py:347: UserWarning: enable_nested_tensor is True, but self.use_nested_tensor is False because encoder_layer.norm_first was True
  self.encoder = nn.TransformerEncoder(_make_encoder_layer(), num_layers=n_layers)
=== EXP-T220 primary fold=3 lr0=1e-05 ===
=== EXP-T220 primary fold=3 lr0=1e-04 ===
=== EXP-T220 primary fold=3 lr0=1e-03 ===
=== EXP-T220 primary fold=3 lr0=1e-02 ===
/workspace_developability_acquisition/developability_drilldown/models/antibody_transformer/model.py:347: UserWarning: enable_nested_tensor is True, but self.use_nested_tensor is False because encoder_layer.norm_first was True
  self.encoder = nn.TransformerEncoder(_make_encoder_layer(), num_layers=n_layers)
=== EXP-T220 primary fold=4 lr0=1e-05 ===
=== EXP-T220 primary fold=4 lr0=1e-04 ===
=== EXP-T220 primary fold=4 lr0=1e-03 ===
=== EXP-T220 primary fold=4 lr0=1e-02 ===
/workspace_developability_acquisition/developability_drilldown/models/antibody_transformer/model.py:347: UserWarning: enable_nested_tensor is True, but self.use_nested_tensor is False because encoder_layer.norm_first was True
  self.encoder = nn.TransformerEncoder(_make_encoder_layer(), num_layers=n_layers)
=== EXP-T220 shadow fold=0 lr0=1e-05 ===
=== EXP-T220 shadow fold=0 lr0=1e-04 ===
=== EXP-T220 shadow fold=0 lr0=1e-03 ===
=== EXP-T220 shadow fold=0 lr0=1e-02 ===
/workspace_developability_acquisition/developability_drilldown/models/antibody_transformer/model.py:347: UserWarning: enable_nested_tensor is True, but self.use_nested_tensor is False because encoder_layer.norm_first was True
  self.encoder = nn.TransformerEncoder(_make_encoder_layer(), num_layers=n_layers)
=== EXP-T220 shadow fold=1 lr0=1e-05 ===
=== EXP-T220 shadow fold=1 lr0=1e-04 ===
=== EXP-T220 shadow fold=1 lr0=1e-03 ===
=== EXP-T220 shadow fold=1 lr0=1e-02 ===
/workspace_developability_acquisition/developability_drilldown/models/antibody_transformer/model.py:347: UserWarning: enable_nested_tensor is True, but self.use_nested_tensor is False because encoder_layer.norm_first was True
  self.encoder = nn.TransformerEncoder(_make_encoder_layer(), num_layers=n_layers)
=== EXP-T220 shadow fold=2 lr0=1e-05 ===
=== EXP-T220 shadow fold=2 lr0=1e-04 ===
=== EXP-T220 shadow fold=2 lr0=1e-03 ===
=== EXP-T220 shadow fold=2 lr0=1e-02 ===
/workspace_developability_acquisition/developability_drilldown/models/antibody_transformer/model.py:347: UserWarning: enable_nested_tensor is True, but self.use_nested_tensor is False because encoder_layer.norm_first was True
  self.encoder = nn.TransformerEncoder(_make_encoder_layer(), num_layers=n_layers)
=== EXP-T220 shadow fold=3 lr0=1e-05 ===
=== EXP-T220 shadow fold=3 lr0=1e-04 ===
=== EXP-T220 shadow fold=3 lr0=1e-03 ===
=== EXP-T220 shadow fold=3 lr0=1e-02 ===
/workspace_developability_acquisition/developability_drilldown/models/antibody_transformer/model.py:347: UserWarning: enable_nested_tensor is True, but self.use_nested_tensor is False because encoder_layer.norm_first was True
  self.encoder = nn.TransformerEncoder(_make_encoder_layer(), num_layers=n_layers)
=== EXP-T220 shadow fold=4 lr0=1e-05 ===
=== EXP-T220 shadow fold=4 lr0=1e-04 ===
=== EXP-T220 shadow fold=4 lr0=1e-03 ===
=== EXP-T220 shadow fold=4 lr0=1e-02 ===
/workspace_developability_acquisition/developability_drilldown/models/antibody_transformer/model.py:347: UserWarning: enable_nested_tensor is True, but self.use_nested_tensor is False because encoder_layer.norm_first was True
  self.encoder = nn.TransformerEncoder(_make_encoder_layer(), num_layers=n_layers)
DONE EXP-T220 mean=3.124321
==== TRAIN EXP-T221 ablang2_unpaired/D/IMGT ====
/workspace_developability_acquisition/developability_drilldown/models/antibody_transformer/model.py:347: UserWarning: enable_nested_tensor is True, but self.use_nested_tensor is False because encoder_layer.norm_first was True
  self.encoder = nn.TransformerEncoder(_make_encoder_layer(), num_layers=n_layers)
=== EXP-T221 primary fold=0 lr0=1e-05 ===
=== EXP-T221 primary fold=0 lr0=1e-04 ===
=== EXP-T221 primary fold=0 lr0=1e-03 ===
=== EXP-T221 primary fold=0 lr0=1e-02 ===
/workspace_developability_acquisition/developability_drilldown/models/antibody_transformer/model.py:347: UserWarning: enable_nested_tensor is True, but self.use_nested_tensor is False because encoder_layer.norm_first was True
  self.encoder = nn.TransformerEncoder(_make_encoder_layer(), num_layers=n_layers)
=== EXP-T221 primary fold=1 lr0=1e-05 ===
=== EXP-T221 primary fold=1 lr0=1e-04 ===
=== EXP-T221 primary fold=1 lr0=1e-03 ===
=== EXP-T221 primary fold=1 lr0=1e-02 ===
/workspace_developability_acquisition/developability_drilldown/models/antibody_transformer/model.py:347: UserWarning: enable_nested_tensor is True, but self.use_nested_tensor is False because encoder_layer.norm_first was True
  self.encoder = nn.TransformerEncoder(_make_encoder_layer(), num_layers=n_layers)
=== EXP-T221 primary fold=2 lr0=1e-05 ===
=== EXP-T221 primary fold=2 lr0=1e-04 ===
=== EXP-T221 primary fold=2 lr0=1e-03 ===
=== EXP-T221 primary fold=2 lr0=1e-02 ===
/workspace_developability_acquisition/developability_drilldown/models/antibody_transformer/model.py:347: UserWarning: enable_nested_tensor is True, but self.use_nested_tensor is False because encoder_layer.norm_first was True
  self.encoder = nn.TransformerEncoder(_make_encoder_layer(), num_layers=n_layers)
=== EXP-T221 primary fold=3 lr0=1e-05 ===
=== EXP-T221 primary fold=3 lr0=1e-04 ===
=== EXP-T221 primary fold=3 lr0=1e-03 ===
=== EXP-T221 primary fold=3 lr0=1e-02 ===
/workspace_developability_acquisition/developability_drilldown/models/antibody_transformer/model.py:347: UserWarning: enable_nested_tensor is True, but self.use_nested_tensor is False because encoder_layer.norm_first was True
  self.encoder = nn.TransformerEncoder(_make_encoder_layer(), num_layers=n_layers)
=== EXP-T221 primary fold=4 lr0=1e-05 ===
=== EXP-T221 primary fold=4 lr0=1e-04 ===
=== EXP-T221 primary fold=4 lr0=1e-03 ===
=== EXP-T221 primary fold=4 lr0=1e-02 ===
/workspace_developability_acquisition/developability_drilldown/models/antibody_transformer/model.py:347: UserWarning: enable_nested_tensor is True, but self.use_nested_tensor is False because encoder_layer.norm_first was True
  self.encoder = nn.TransformerEncoder(_make_encoder_layer(), num_layers=n_layers)
=== EXP-T221 shadow fold=0 lr0=1e-05 ===
=== EXP-T221 shadow fold=0 lr0=1e-04 ===
=== EXP-T221 shadow fold=0 lr0=1e-03 ===
=== EXP-T221 shadow fold=0 lr0=1e-02 ===
/workspace_developability_acquisition/developability_drilldown/models/antibody_transformer/model.py:347: UserWarning: enable_nested_tensor is True, but self.use_nested_tensor is False because encoder_layer.norm_first was True
  self.encoder = nn.TransformerEncoder(_make_encoder_layer(), num_layers=n_layers)
=== EXP-T221 shadow fold=1 lr0=1e-05 ===
=== EXP-T221 shadow fold=1 lr0=1e-04 ===
=== EXP-T221 shadow fold=1 lr0=1e-03 ===
=== EXP-T221 shadow fold=1 lr0=1e-02 ===
/workspace_developability_acquisition/developability_drilldown/models/antibody_transformer/model.py:347: UserWarning: enable_nested_tensor is True, but self.use_nested_tensor is False because encoder_layer.norm_first was True
  self.encoder = nn.TransformerEncoder(_make_encoder_layer(), num_layers=n_layers)
=== EXP-T221 shadow fold=2 lr0=1e-05 ===
=== EXP-T221 shadow fold=2 lr0=1e-04 ===
=== EXP-T221 shadow fold=2 lr0=1e-03 ===
=== EXP-T221 shadow fold=2 lr0=1e-02 ===
/workspace_developability_acquisition/developability_drilldown/models/antibody_transformer/model.py:347: UserWarning: enable_nested_tensor is True, but self.use_nested_tensor is False because encoder_layer.norm_first was True
  self.encoder = nn.TransformerEncoder(_make_encoder_layer(), num_layers=n_layers)
=== EXP-T221 shadow fold=3 lr0=1e-05 ===
=== EXP-T221 shadow fold=3 lr0=1e-04 ===
=== EXP-T221 shadow fold=3 lr0=1e-03 ===
=== EXP-T221 shadow fold=3 lr0=1e-02 ===
/workspace_developability_acquisition/developability_drilldown/models/antibody_transformer/model.py:347: UserWarning: enable_nested_tensor is True, but self.use_nested_tensor is False because encoder_layer.norm_first was True
  self.encoder = nn.TransformerEncoder(_make_encoder_layer(), num_layers=n_layers)
=== EXP-T221 shadow fold=4 lr0=1e-05 ===
=== EXP-T221 shadow fold=4 lr0=1e-04 ===
=== EXP-T221 shadow fold=4 lr0=1e-03 ===
=== EXP-T221 shadow fold=4 lr0=1e-02 ===
/workspace_developability_acquisition/developability_drilldown/models/antibody_transformer/model.py:347: UserWarning: enable_nested_tensor is True, but self.use_nested_tensor is False because encoder_layer.norm_first was True
  self.encoder = nn.TransformerEncoder(_make_encoder_layer(), num_layers=n_layers)
DONE EXP-T221 mean=3.272590
==== TRAIN EXP-T222 ablang2_unpaired/A/REGION ====
/workspace_developability_acquisition/developability_drilldown/models/antibody_transformer/model.py:347: UserWarning: enable_nested_tensor is True, but self.use_nested_tensor is False because encoder_layer.norm_first was True
  self.encoder = nn.TransformerEncoder(_make_encoder_layer(), num_layers=n_layers)
=== EXP-T222 primary fold=0 lr0=1e-05 ===
=== EXP-T222 primary fold=0 lr0=1e-04 ===
=== EXP-T222 primary fold=0 lr0=1e-03 ===
=== EXP-T222 primary fold=0 lr0=1e-02 ===
/workspace_developability_acquisition/developability_drilldown/models/antibody_transformer/model.py:347: UserWarning: enable_nested_tensor is True, but self.use_nested_tensor is False because encoder_layer.norm_first was True
  self.encoder = nn.TransformerEncoder(_make_encoder_layer(), num_layers=n_layers)
=== EXP-T222 primary fold=1 lr0=1e-05 ===
=== EXP-T222 primary fold=1 lr0=1e-04 ===
=== EXP-T222 primary fold=1 lr0=1e-03 ===
=== EXP-T222 primary fold=1 lr0=1e-02 ===
/workspace_developability_acquisition/developability_drilldown/models/antibody_transformer/model.py:347: UserWarning: enable_nested_tensor is True, but self.use_nested_tensor is False because encoder_layer.norm_first was True
  self.encoder = nn.TransformerEncoder(_make_encoder_layer(), num_layers=n_layers)
=== EXP-T222 primary fold=2 lr0=1e-05 ===
=== EXP-T222 primary fold=2 lr0=1e-04 ===
=== EXP-T222 primary fold=2 lr0=1e-03 ===
=== EXP-T222 primary fold=2 lr0=1e-02 ===
/workspace_developability_acquisition/developability_drilldown/models/antibody_transformer/model.py:347: UserWarning: enable_nested_tensor is True, but self.use_nested_tensor is False because encoder_layer.norm_first was True
  self.encoder = nn.TransformerEncoder(_make_encoder_layer(), num_layers=n_layers)
=== EXP-T222 primary fold=3 lr0=1e-05 ===
=== EXP-T222 primary fold=3 lr0=1e-04 ===
=== EXP-T222 primary fold=3 lr0=1e-03 ===
=== EXP-T222 primary fold=3 lr0=1e-02 ===
/workspace_developability_acquisition/developability_drilldown/models/antibody_transformer/model.py:347: UserWarning: enable_nested_tensor is True, but self.use_nested_tensor is False because encoder_layer.norm_first was True
  self.encoder = nn.TransformerEncoder(_make_encoder_layer(), num_layers=n_layers)
=== EXP-T222 primary fold=4 lr0=1e-05 ===
=== EXP-T222 primary fold=4 lr0=1e-04 ===
=== EXP-T222 primary fold=4 lr0=1e-03 ===
=== EXP-T222 primary fold=4 lr0=1e-02 ===
/workspace_developability_acquisition/developability_drilldown/models/antibody_transformer/model.py:347: UserWarning: enable_nested_tensor is True, but self.use_nested_tensor is False because encoder_layer.norm_first was True
  self.encoder = nn.TransformerEncoder(_make_encoder_layer(), num_layers=n_layers)
=== EXP-T222 shadow fold=0 lr0=1e-05 ===
=== EXP-T222 shadow fold=0 lr0=1e-04 ===
=== EXP-T222 shadow fold=0 lr0=1e-03 ===
=== EXP-T222 shadow fold=0 lr0=1e-02 ===
/workspace_developability_acquisition/developability_drilldown/models/antibody_transformer/model.py:347: UserWarning: enable_nested_tensor is True, but self.use_nested_tensor is False because encoder_layer.norm_first was True
  self.encoder = nn.TransformerEncoder(_make_encoder_layer(), num_layers=n_layers)
=== EXP-T222 shadow fold=1 lr0=1e-05 ===
=== EXP-T222 shadow fold=1 lr0=1e-04 ===
=== EXP-T222 shadow fold=1 lr0=1e-03 ===
=== EXP-T222 shadow fold=1 lr0=1e-02 ===
/workspace_developability_acquisition/developability_drilldown/models/antibody_transformer/model.py:347: UserWarning: enable_nested_tensor is True, but self.use_nested_tensor is False because encoder_layer.norm_first was True
  self.encoder = nn.TransformerEncoder(_make_encoder_layer(), num_layers=n_layers)
=== EXP-T222 shadow fold=2 lr0=1e-05 ===
=== EXP-T222 shadow fold=2 lr0=1e-04 ===
=== EXP-T222 shadow fold=2 lr0=1e-03 ===
=== EXP-T222 shadow fold=2 lr0=1e-02 ===
/workspace_developability_acquisition/developability_drilldown/models/antibody_transformer/model.py:347: UserWarning: enable_nested_tensor is True, but self.use_nested_tensor is False because encoder_layer.norm_first was True
  self.encoder = nn.TransformerEncoder(_make_encoder_layer(), num_layers=n_layers)
=== EXP-T222 shadow fold=3 lr0=1e-05 ===
=== EXP-T222 shadow fold=3 lr0=1e-04 ===
=== EXP-T222 shadow fold=3 lr0=1e-03 ===
=== EXP-T222 shadow fold=3 lr0=1e-02 ===
/workspace_developability_acquisition/developability_drilldown/models/antibody_transformer/model.py:347: UserWarning: enable_nested_tensor is True, but self.use_nested_tensor is False because encoder_layer.norm_first was True
  self.encoder = nn.TransformerEncoder(_make_encoder_layer(), num_layers=n_layers)
=== EXP-T222 shadow fold=4 lr0=1e-05 ===
=== EXP-T222 shadow fold=4 lr0=1e-04 ===
=== EXP-T222 shadow fold=4 lr0=1e-03 ===
=== EXP-T222 shadow fold=4 lr0=1e-02 ===
/workspace_developability_acquisition/developability_drilldown/models/antibody_transformer/model.py:347: UserWarning: enable_nested_tensor is True, but self.use_nested_tensor is False because encoder_layer.norm_first was True
  self.encoder = nn.TransformerEncoder(_make_encoder_layer(), num_layers=n_layers)
DONE EXP-T222 mean=3.235982
==== TRAIN EXP-T223 ablang2_unpaired/B1/REGION ====
/workspace_developability_acquisition/developability_drilldown/models/antibody_transformer/model.py:347: UserWarning: enable_nested_tensor is True, but self.use_nested_tensor is False because encoder_layer.norm_first was True
  self.encoder = nn.TransformerEncoder(_make_encoder_layer(), num_layers=n_layers)
=== EXP-T223 primary fold=0 lr0=1e-05 ===
=== EXP-T223 primary fold=0 lr0=1e-04 ===
=== EXP-T223 primary fold=0 lr0=1e-03 ===
=== EXP-T223 primary fold=0 lr0=1e-02 ===
/workspace_developability_acquisition/developability_drilldown/models/antibody_transformer/model.py:347: UserWarning: enable_nested_tensor is True, but self.use_nested_tensor is False because encoder_layer.norm_first was True
  self.encoder = nn.TransformerEncoder(_make_encoder_layer(), num_layers=n_layers)
=== EXP-T223 primary fold=1 lr0=1e-05 ===
=== EXP-T223 primary fold=1 lr0=1e-04 ===
=== EXP-T223 primary fold=1 lr0=1e-03 ===
=== EXP-T223 primary fold=1 lr0=1e-02 ===
/workspace_developability_acquisition/developability_drilldown/models/antibody_transformer/model.py:347: UserWarning: enable_nested_tensor is True, but self.use_nested_tensor is False because encoder_layer.norm_first was True
  self.encoder = nn.TransformerEncoder(_make_encoder_layer(), num_layers=n_layers)
=== EXP-T223 primary fold=2 lr0=1e-05 ===
=== EXP-T223 primary fold=2 lr0=1e-04 ===
=== EXP-T223 primary fold=2 lr0=1e-03 ===
=== EXP-T223 primary fold=2 lr0=1e-02 ===
/workspace_developability_acquisition/developability_drilldown/models/antibody_transformer/model.py:347: UserWarning: enable_nested_tensor is True, but self.use_nested_tensor is False because encoder_layer.norm_first was True
  self.encoder = nn.TransformerEncoder(_make_encoder_layer(), num_layers=n_layers)
=== EXP-T223 primary fold=3 lr0=1e-05 ===
=== EXP-T223 primary fold=3 lr0=1e-04 ===
=== EXP-T223 primary fold=3 lr0=1e-03 ===
=== EXP-T223 primary fold=3 lr0=1e-02 ===
/workspace_developability_acquisition/developability_drilldown/models/antibody_transformer/model.py:347: UserWarning: enable_nested_tensor is True, but self.use_nested_tensor is False because encoder_layer.norm_first was True
  self.encoder = nn.TransformerEncoder(_make_encoder_layer(), num_layers=n_layers)
=== EXP-T223 primary fold=4 lr0=1e-05 ===
=== EXP-T223 primary fold=4 lr0=1e-04 ===
=== EXP-T223 primary fold=4 lr0=1e-03 ===
=== EXP-T223 primary fold=4 lr0=1e-02 ===
/workspace_developability_acquisition/developability_drilldown/models/antibody_transformer/model.py:347: UserWarning: enable_nested_tensor is True, but self.use_nested_tensor is False because encoder_layer.norm_first was True
  self.encoder = nn.TransformerEncoder(_make_encoder_layer(), num_layers=n_layers)
=== EXP-T223 shadow fold=0 lr0=1e-05 ===
=== EXP-T223 shadow fold=0 lr0=1e-04 ===
=== EXP-T223 shadow fold=0 lr0=1e-03 ===
=== EXP-T223 shadow fold=0 lr0=1e-02 ===
/workspace_developability_acquisition/developability_drilldown/models/antibody_transformer/model.py:347: UserWarning: enable_nested_tensor is True, but self.use_nested_tensor is False because encoder_layer.norm_first was True
  self.encoder = nn.TransformerEncoder(_make_encoder_layer(), num_layers=n_layers)
=== EXP-T223 shadow fold=1 lr0=1e-05 ===
=== EXP-T223 shadow fold=1 lr0=1e-04 ===
=== EXP-T223 shadow fold=1 lr0=1e-03 ===
=== EXP-T223 shadow fold=1 lr0=1e-02 ===
/workspace_developability_acquisition/developability_drilldown/models/antibody_transformer/model.py:347: UserWarning: enable_nested_tensor is True, but self.use_nested_tensor is False because encoder_layer.norm_first was True
  self.encoder = nn.TransformerEncoder(_make_encoder_layer(), num_layers=n_layers)
=== EXP-T223 shadow fold=2 lr0=1e-05 ===
=== EXP-T223 shadow fold=2 lr0=1e-04 ===
=== EXP-T223 shadow fold=2 lr0=1e-03 ===
=== EXP-T223 shadow fold=2 lr0=1e-02 ===
/workspace_developability_acquisition/developability_drilldown/models/antibody_transformer/model.py:347: UserWarning: enable_nested_tensor is True, but self.use_nested_tensor is False because encoder_layer.norm_first was True
  self.encoder = nn.TransformerEncoder(_make_encoder_layer(), num_layers=n_layers)
=== EXP-T223 shadow fold=3 lr0=1e-05 ===
=== EXP-T223 shadow fold=3 lr0=1e-04 ===
=== EXP-T223 shadow fold=3 lr0=1e-03 ===
=== EXP-T223 shadow fold=3 lr0=1e-02 ===
/workspace_developability_acquisition/developability_drilldown/models/antibody_transformer/model.py:347: UserWarning: enable_nested_tensor is True, but self.use_nested_tensor is False because encoder_layer.norm_first was True
  self.encoder = nn.TransformerEncoder(_make_encoder_layer(), num_layers=n_layers)
=== EXP-T223 shadow fold=4 lr0=1e-05 ===
=== EXP-T223 shadow fold=4 lr0=1e-04 ===
=== EXP-T223 shadow fold=4 lr0=1e-03 ===
=== EXP-T223 shadow fold=4 lr0=1e-02 ===
/workspace_developability_acquisition/developability_drilldown/models/antibody_transformer/model.py:347: UserWarning: enable_nested_tensor is True, but self.use_nested_tensor is False because encoder_layer.norm_first was True
  self.encoder = nn.TransformerEncoder(_make_encoder_layer(), num_layers=n_layers)
DONE EXP-T223 mean=3.275173
==== TRAIN EXP-T224 ablang2_unpaired/B2/REGION ====
/workspace_developability_acquisition/developability_drilldown/models/antibody_transformer/model.py:347: UserWarning: enable_nested_tensor is True, but self.use_nested_tensor is False because encoder_layer.norm_first was True
  self.encoder = nn.TransformerEncoder(_make_encoder_layer(), num_layers=n_layers)
=== EXP-T224 primary fold=0 lr0=1e-05 ===
=== EXP-T224 primary fold=0 lr0=1e-04 ===
=== EXP-T224 primary fold=0 lr0=1e-03 ===
=== EXP-T224 primary fold=0 lr0=1e-02 ===
/workspace_developability_acquisition/developability_drilldown/models/antibody_transformer/model.py:347: UserWarning: enable_nested_tensor is True, but self.use_nested_tensor is False because encoder_layer.norm_first was True
  self.encoder = nn.TransformerEncoder(_make_encoder_layer(), num_layers=n_layers)
=== EXP-T224 primary fold=1 lr0=1e-05 ===
=== EXP-T224 primary fold=1 lr0=1e-04 ===
=== EXP-T224 primary fold=1 lr0=1e-03 ===
=== EXP-T224 primary fold=1 lr0=1e-02 ===
/workspace_developability_acquisition/developability_drilldown/models/antibody_transformer/model.py:347: UserWarning: enable_nested_tensor is True, but self.use_nested_tensor is False because encoder_layer.norm_first was True
  self.encoder = nn.TransformerEncoder(_make_encoder_layer(), num_layers=n_layers)
=== EXP-T224 primary fold=2 lr0=1e-05 ===
=== EXP-T224 primary fold=2 lr0=1e-04 ===
=== EXP-T224 primary fold=2 lr0=1e-03 ===
=== EXP-T224 primary fold=2 lr0=1e-02 ===
/workspace_developability_acquisition/developability_drilldown/models/antibody_transformer/model.py:347: UserWarning: enable_nested_tensor is True, but self.use_nested_tensor is False because encoder_layer.norm_first was True
  self.encoder = nn.TransformerEncoder(_make_encoder_layer(), num_layers=n_layers)
=== EXP-T224 primary fold=3 lr0=1e-05 ===
=== EXP-T224 primary fold=3 lr0=1e-04 ===
=== EXP-T224 primary fold=3 lr0=1e-03 ===
=== EXP-T224 primary fold=3 lr0=1e-02 ===
/workspace_developability_acquisition/developability_drilldown/models/antibody_transformer/model.py:347: UserWarning: enable_nested_tensor is True, but self.use_nested_tensor is False because encoder_layer.norm_first was True
  self.encoder = nn.TransformerEncoder(_make_encoder_layer(), num_layers=n_layers)
=== EXP-T224 primary fold=4 lr0=1e-05 ===
=== EXP-T224 primary fold=4 lr0=1e-04 ===
=== EXP-T224 primary fold=4 lr0=1e-03 ===
=== EXP-T224 primary fold=4 lr0=1e-02 ===
/workspace_developability_acquisition/developability_drilldown/models/antibody_transformer/model.py:347: UserWarning: enable_nested_tensor is True, but self.use_nested_tensor is False because encoder_layer.norm_first was True
  self.encoder = nn.TransformerEncoder(_make_encoder_layer(), num_layers=n_layers)
=== EXP-T224 shadow fold=0 lr0=1e-05 ===
=== EXP-T224 shadow fold=0 lr0=1e-04 ===
=== EXP-T224 shadow fold=0 lr0=1e-03 ===
=== EXP-T224 shadow fold=0 lr0=1e-02 ===
/workspace_developability_acquisition/developability_drilldown/models/antibody_transformer/model.py:347: UserWarning: enable_nested_tensor is True, but self.use_nested_tensor is False because encoder_layer.norm_first was True
  self.encoder = nn.TransformerEncoder(_make_encoder_layer(), num_layers=n_layers)
=== EXP-T224 shadow fold=1 lr0=1e-05 ===
=== EXP-T224 shadow fold=1 lr0=1e-04 ===
=== EXP-T224 shadow fold=1 lr0=1e-03 ===
=== EXP-T224 shadow fold=1 lr0=1e-02 ===
/workspace_developability_acquisition/developability_drilldown/models/antibody_transformer/model.py:347: UserWarning: enable_nested_tensor is True, but self.use_nested_tensor is False because encoder_layer.norm_first was True
  self.encoder = nn.TransformerEncoder(_make_encoder_layer(), num_layers=n_layers)
=== EXP-T224 shadow fold=2 lr0=1e-05 ===
=== EXP-T224 shadow fold=2 lr0=1e-04 ===
=== EXP-T224 shadow fold=2 lr0=1e-03 ===
=== EXP-T224 shadow fold=2 lr0=1e-02 ===
/workspace_developability_acquisition/developability_drilldown/models/antibody_transformer/model.py:347: UserWarning: enable_nested_tensor is True, but self.use_nested_tensor is False because encoder_layer.norm_first was True
  self.encoder = nn.TransformerEncoder(_make_encoder_layer(), num_layers=n_layers)
=== EXP-T224 shadow fold=3 lr0=1e-05 ===
=== EXP-T224 shadow fold=3 lr0=1e-04 ===
=== EXP-T224 shadow fold=3 lr0=1e-03 ===
=== EXP-T224 shadow fold=3 lr0=1e-02 ===
/workspace_developability_acquisition/developability_drilldown/models/antibody_transformer/model.py:347: UserWarning: enable_nested_tensor is True, but self.use_nested_tensor is False because encoder_layer.norm_first was True
  self.encoder = nn.TransformerEncoder(_make_encoder_layer(), num_layers=n_layers)
=== EXP-T224 shadow fold=4 lr0=1e-05 ===
=== EXP-T224 shadow fold=4 lr0=1e-04 ===
=== EXP-T224 shadow fold=4 lr0=1e-03 ===
=== EXP-T224 shadow fold=4 lr0=1e-02 ===
/workspace_developability_acquisition/developability_drilldown/models/antibody_transformer/model.py:347: UserWarning: enable_nested_tensor is True, but self.use_nested_tensor is False because encoder_layer.norm_first was True
  self.encoder = nn.TransformerEncoder(_make_encoder_layer(), num_layers=n_layers)
DONE EXP-T224 mean=3.269499
==== TRAIN EXP-T225 ablang2_unpaired/C/REGION ====
/workspace_developability_acquisition/developability_drilldown/models/antibody_transformer/model.py:347: UserWarning: enable_nested_tensor is True, but self.use_nested_tensor is False because encoder_layer.norm_first was True
  self.encoder = nn.TransformerEncoder(_make_encoder_layer(), num_layers=n_layers)
=== EXP-T225 primary fold=0 lr0=1e-05 ===
=== EXP-T225 primary fold=0 lr0=1e-04 ===
=== EXP-T225 primary fold=0 lr0=1e-03 ===
=== EXP-T225 primary fold=0 lr0=1e-02 ===
/workspace_developability_acquisition/developability_drilldown/models/antibody_transformer/model.py:347: UserWarning: enable_nested_tensor is True, but self.use_nested_tensor is False because encoder_layer.norm_first was True
  self.encoder = nn.TransformerEncoder(_make_encoder_layer(), num_layers=n_layers)
=== EXP-T225 primary fold=1 lr0=1e-05 ===
=== EXP-T225 primary fold=1 lr0=1e-04 ===
=== EXP-T225 primary fold=1 lr0=1e-03 ===
=== EXP-T225 primary fold=1 lr0=1e-02 ===
/workspace_developability_acquisition/developability_drilldown/models/antibody_transformer/model.py:347: UserWarning: enable_nested_tensor is True, but self.use_nested_tensor is False because encoder_layer.norm_first was True
  self.encoder = nn.TransformerEncoder(_make_encoder_layer(), num_layers=n_layers)
=== EXP-T225 primary fold=2 lr0=1e-05 ===
=== EXP-T225 primary fold=2 lr0=1e-04 ===
=== EXP-T225 primary fold=2 lr0=1e-03 ===
=== EXP-T225 primary fold=2 lr0=1e-02 ===
/workspace_developability_acquisition/developability_drilldown/models/antibody_transformer/model.py:347: UserWarning: enable_nested_tensor is True, but self.use_nested_tensor is False because encoder_layer.norm_first was True
  self.encoder = nn.TransformerEncoder(_make_encoder_layer(), num_layers=n_layers)
=== EXP-T225 primary fold=3 lr0=1e-05 ===
=== EXP-T225 primary fold=3 lr0=1e-04 ===
=== EXP-T225 primary fold=3 lr0=1e-03 ===
=== EXP-T225 primary fold=3 lr0=1e-02 ===
/workspace_developability_acquisition/developability_drilldown/models/antibody_transformer/model.py:347: UserWarning: enable_nested_tensor is True, but self.use_nested_tensor is False because encoder_layer.norm_first was True
  self.encoder = nn.TransformerEncoder(_make_encoder_layer(), num_layers=n_layers)
=== EXP-T225 primary fold=4 lr0=1e-05 ===
=== EXP-T225 primary fold=4 lr0=1e-04 ===
=== EXP-T225 primary fold=4 lr0=1e-03 ===
=== EXP-T225 primary fold=4 lr0=1e-02 ===
/workspace_developability_acquisition/developability_drilldown/models/antibody_transformer/model.py:347: UserWarning: enable_nested_tensor is True, but self.use_nested_tensor is False because encoder_layer.norm_first was True
  self.encoder = nn.TransformerEncoder(_make_encoder_layer(), num_layers=n_layers)
=== EXP-T225 shadow fold=0 lr0=1e-05 ===
=== EXP-T225 shadow fold=0 lr0=1e-04 ===
=== EXP-T225 shadow fold=0 lr0=1e-03 ===
=== EXP-T225 shadow fold=0 lr0=1e-02 ===
/workspace_developability_acquisition/developability_drilldown/models/antibody_transformer/model.py:347: UserWarning: enable_nested_tensor is True, but self.use_nested_tensor is False because encoder_layer.norm_first was True
  self.encoder = nn.TransformerEncoder(_make_encoder_layer(), num_layers=n_layers)
=== EXP-T225 shadow fold=1 lr0=1e-05 ===
=== EXP-T225 shadow fold=1 lr0=1e-04 ===
=== EXP-T225 shadow fold=1 lr0=1e-03 ===
=== EXP-T225 shadow fold=1 lr0=1e-02 ===
/workspace_developability_acquisition/developability_drilldown/models/antibody_transformer/model.py:347: UserWarning: enable_nested_tensor is True, but self.use_nested_tensor is False because encoder_layer.norm_first was True
  self.encoder = nn.TransformerEncoder(_make_encoder_layer(), num_layers=n_layers)
=== EXP-T225 shadow fold=2 lr0=1e-05 ===
=== EXP-T225 shadow fold=2 lr0=1e-04 ===
=== EXP-T225 shadow fold=2 lr0=1e-03 ===
=== EXP-T225 shadow fold=2 lr0=1e-02 ===
/workspace_developability_acquisition/developability_drilldown/models/antibody_transformer/model.py:347: UserWarning: enable_nested_tensor is True, but self.use_nested_tensor is False because encoder_layer.norm_first was True
  self.encoder = nn.TransformerEncoder(_make_encoder_layer(), num_layers=n_layers)
=== EXP-T225 shadow fold=3 lr0=1e-05 ===
=== EXP-T225 shadow fold=3 lr0=1e-04 ===
=== EXP-T225 shadow fold=3 lr0=1e-03 ===
=== EXP-T225 shadow fold=3 lr0=1e-02 ===
/workspace_developability_acquisition/developability_drilldown/models/antibody_transformer/model.py:347: UserWarning: enable_nested_tensor is True, but self.use_nested_tensor is False because encoder_layer.norm_first was True
  self.encoder = nn.TransformerEncoder(_make_encoder_layer(), num_layers=n_layers)
=== EXP-T225 shadow fold=4 lr0=1e-05 ===
=== EXP-T225 shadow fold=4 lr0=1e-04 ===
=== EXP-T225 shadow fold=4 lr0=1e-03 ===
=== EXP-T225 shadow fold=4 lr0=1e-02 ===
/workspace_developability_acquisition/developability_drilldown/models/antibody_transformer/model.py:347: UserWarning: enable_nested_tensor is True, but self.use_nested_tensor is False because encoder_layer.norm_first was True
  self.encoder = nn.TransformerEncoder(_make_encoder_layer(), num_layers=n_layers)
DONE EXP-T225 mean=3.001760
==== TRAIN EXP-T226 ablang2_unpaired/D/REGION ====
/workspace_developability_acquisition/developability_drilldown/models/antibody_transformer/model.py:347: UserWarning: enable_nested_tensor is True, but self.use_nested_tensor is False because encoder_layer.norm_first was True
  self.encoder = nn.TransformerEncoder(_make_encoder_layer(), num_layers=n_layers)
=== EXP-T226 primary fold=0 lr0=1e-05 ===
=== EXP-T226 primary fold=0 lr0=1e-04 ===
=== EXP-T226 primary fold=0 lr0=1e-03 ===
=== EXP-T226 primary fold=0 lr0=1e-02 ===
/workspace_developability_acquisition/developability_drilldown/models/antibody_transformer/model.py:347: UserWarning: enable_nested_tensor is True, but self.use_nested_tensor is False because encoder_layer.norm_first was True
  self.encoder = nn.TransformerEncoder(_make_encoder_layer(), num_layers=n_layers)
=== EXP-T226 primary fold=1 lr0=1e-05 ===
=== EXP-T226 primary fold=1 lr0=1e-04 ===
=== EXP-T226 primary fold=1 lr0=1e-03 ===
=== EXP-T226 primary fold=1 lr0=1e-02 ===
/workspace_developability_acquisition/developability_drilldown/models/antibody_transformer/model.py:347: UserWarning: enable_nested_tensor is True, but self.use_nested_tensor is False because encoder_layer.norm_first was True
  self.encoder = nn.TransformerEncoder(_make_encoder_layer(), num_layers=n_layers)
=== EXP-T226 primary fold=2 lr0=1e-05 ===
=== EXP-T226 primary fold=2 lr0=1e-04 ===
=== EXP-T226 primary fold=2 lr0=1e-03 ===
=== EXP-T226 primary fold=2 lr0=1e-02 ===
/workspace_developability_acquisition/developability_drilldown/models/antibody_transformer/model.py:347: UserWarning: enable_nested_tensor is True, but self.use_nested_tensor is False because encoder_layer.norm_first was True
  self.encoder = nn.TransformerEncoder(_make_encoder_layer(), num_layers=n_layers)
=== EXP-T226 primary fold=3 lr0=1e-05 ===
=== EXP-T226 primary fold=3 lr0=1e-04 ===
=== EXP-T226 primary fold=3 lr0=1e-03 ===
=== EXP-T226 primary fold=3 lr0=1e-02 ===
/workspace_developability_acquisition/developability_drilldown/models/antibody_transformer/model.py:347: UserWarning: enable_nested_tensor is True, but self.use_nested_tensor is False because encoder_layer.norm_first was True
  self.encoder = nn.TransformerEncoder(_make_encoder_layer(), num_layers=n_layers)
=== EXP-T226 primary fold=4 lr0=1e-05 ===
=== EXP-T226 primary fold=4 lr0=1e-04 ===
=== EXP-T226 primary fold=4 lr0=1e-03 ===
=== EXP-T226 primary fold=4 lr0=1e-02 ===
/workspace_developability_acquisition/developability_drilldown/models/antibody_transformer/model.py:347: UserWarning: enable_nested_tensor is True, but self.use_nested_tensor is False because encoder_layer.norm_first was True
  self.encoder = nn.TransformerEncoder(_make_encoder_layer(), num_layers=n_layers)
=== EXP-T226 shadow fold=0 lr0=1e-05 ===
=== EXP-T226 shadow fold=0 lr0=1e-04 ===
=== EXP-T226 shadow fold=0 lr0=1e-03 ===
=== EXP-T226 shadow fold=0 lr0=1e-02 ===
/workspace_developability_acquisition/developability_drilldown/models/antibody_transformer/model.py:347: UserWarning: enable_nested_tensor is True, but self.use_nested_tensor is False because encoder_layer.norm_first was True
  self.encoder = nn.TransformerEncoder(_make_encoder_layer(), num_layers=n_layers)
=== EXP-T226 shadow fold=1 lr0=1e-05 ===
=== EXP-T226 shadow fold=1 lr0=1e-04 ===
=== EXP-T226 shadow fold=1 lr0=1e-03 ===
=== EXP-T226 shadow fold=1 lr0=1e-02 ===
/workspace_developability_acquisition/developability_drilldown/models/antibody_transformer/model.py:347: UserWarning: enable_nested_tensor is True, but self.use_nested_tensor is False because encoder_layer.norm_first was True
  self.encoder = nn.TransformerEncoder(_make_encoder_layer(), num_layers=n_layers)
=== EXP-T226 shadow fold=2 lr0=1e-05 ===
=== EXP-T226 shadow fold=2 lr0=1e-04 ===
=== EXP-T226 shadow fold=2 lr0=1e-03 ===
=== EXP-T226 shadow fold=2 lr0=1e-02 ===
/workspace_developability_acquisition/developability_drilldown/models/antibody_transformer/model.py:347: UserWarning: enable_nested_tensor is True, but self.use_nested_tensor is False because encoder_layer.norm_first was True
  self.encoder = nn.TransformerEncoder(_make_encoder_layer(), num_layers=n_layers)
=== EXP-T226 shadow fold=3 lr0=1e-05 ===
=== EXP-T226 shadow fold=3 lr0=1e-04 ===
=== EXP-T226 shadow fold=3 lr0=1e-03 ===
=== EXP-T226 shadow fold=3 lr0=1e-02 ===
/workspace_developability_acquisition/developability_drilldown/models/antibody_transformer/model.py:347: UserWarning: enable_nested_tensor is True, but self.use_nested_tensor is False because encoder_layer.norm_first was True
  self.encoder = nn.TransformerEncoder(_make_encoder_layer(), num_layers=n_layers)
=== EXP-T226 shadow fold=4 lr0=1e-05 ===
=== EXP-T226 shadow fold=4 lr0=1e-04 ===
=== EXP-T226 shadow fold=4 lr0=1e-03 ===
=== EXP-T226 shadow fold=4 lr0=1e-02 ===
/workspace_developability_acquisition/developability_drilldown/models/antibody_transformer/model.py:347: UserWarning: enable_nested_tensor is True, but self.use_nested_tensor is False because encoder_layer.norm_first was True
  self.encoder = nn.TransformerEncoder(_make_encoder_layer(), num_layers=n_layers)
DONE EXP-T226 mean=3.247949
==== TRAIN EXP-T227 ablang1/A/FULL ====
/workspace_developability_acquisition/developability_drilldown/models/antibody_transformer/model.py:347: UserWarning: enable_nested_tensor is True, but self.use_nested_tensor is False because encoder_layer.norm_first was True
  self.encoder = nn.TransformerEncoder(_make_encoder_layer(), num_layers=n_layers)
=== EXP-T227 primary fold=0 lr0=1e-05 ===
=== EXP-T227 primary fold=0 lr0=1e-04 ===
=== EXP-T227 primary fold=0 lr0=1e-03 ===
=== EXP-T227 primary fold=0 lr0=1e-02 ===
/workspace_developability_acquisition/developability_drilldown/models/antibody_transformer/model.py:347: UserWarning: enable_nested_tensor is True, but self.use_nested_tensor is False because encoder_layer.norm_first was True
  self.encoder = nn.TransformerEncoder(_make_encoder_layer(), num_layers=n_layers)
=== EXP-T227 primary fold=1 lr0=1e-05 ===
=== EXP-T227 primary fold=1 lr0=1e-04 ===
=== EXP-T227 primary fold=1 lr0=1e-03 ===
=== EXP-T227 primary fold=1 lr0=1e-02 ===
/workspace_developability_acquisition/developability_drilldown/models/antibody_transformer/model.py:347: UserWarning: enable_nested_tensor is True, but self.use_nested_tensor is False because encoder_layer.norm_first was True
  self.encoder = nn.TransformerEncoder(_make_encoder_layer(), num_layers=n_layers)
=== EXP-T227 primary fold=2 lr0=1e-05 ===
=== EXP-T227 primary fold=2 lr0=1e-04 ===
=== EXP-T227 primary fold=2 lr0=1e-03 ===
=== EXP-T227 primary fold=2 lr0=1e-02 ===
/workspace_developability_acquisition/developability_drilldown/models/antibody_transformer/model.py:347: UserWarning: enable_nested_tensor is True, but self.use_nested_tensor is False because encoder_layer.norm_first was True
  self.encoder = nn.TransformerEncoder(_make_encoder_layer(), num_layers=n_layers)
=== EXP-T227 primary fold=3 lr0=1e-05 ===
=== EXP-T227 primary fold=3 lr0=1e-04 ===
=== EXP-T227 primary fold=3 lr0=1e-03 ===
=== EXP-T227 primary fold=3 lr0=1e-02 ===
/workspace_developability_acquisition/developability_drilldown/models/antibody_transformer/model.py:347: UserWarning: enable_nested_tensor is True, but self.use_nested_tensor is False because encoder_layer.norm_first was True
  self.encoder = nn.TransformerEncoder(_make_encoder_layer(), num_layers=n_layers)
=== EXP-T227 primary fold=4 lr0=1e-05 ===
=== EXP-T227 primary fold=4 lr0=1e-04 ===
=== EXP-T227 primary fold=4 lr0=1e-03 ===
=== EXP-T227 primary fold=4 lr0=1e-02 ===
/workspace_developability_acquisition/developability_drilldown/models/antibody_transformer/model.py:347: UserWarning: enable_nested_tensor is True, but self.use_nested_tensor is False because encoder_layer.norm_first was True
  self.encoder = nn.TransformerEncoder(_make_encoder_layer(), num_layers=n_layers)
=== EXP-T227 shadow fold=0 lr0=1e-05 ===
=== EXP-T227 shadow fold=0 lr0=1e-04 ===
=== EXP-T227 shadow fold=0 lr0=1e-03 ===
=== EXP-T227 shadow fold=0 lr0=1e-02 ===
/workspace_developability_acquisition/developability_drilldown/models/antibody_transformer/model.py:347: UserWarning: enable_nested_tensor is True, but self.use_nested_tensor is False because encoder_layer.norm_first was True
  self.encoder = nn.TransformerEncoder(_make_encoder_layer(), num_layers=n_layers)
=== EXP-T227 shadow fold=1 lr0=1e-05 ===
=== EXP-T227 shadow fold=1 lr0=1e-04 ===
=== EXP-T227 shadow fold=1 lr0=1e-03 ===
=== EXP-T227 shadow fold=1 lr0=1e-02 ===
/workspace_developability_acquisition/developability_drilldown/models/antibody_transformer/model.py:347: UserWarning: enable_nested_tensor is True, but self.use_nested_tensor is False because encoder_layer.norm_first was True
  self.encoder = nn.TransformerEncoder(_make_encoder_layer(), num_layers=n_layers)
=== EXP-T227 shadow fold=2 lr0=1e-05 ===
=== EXP-T227 shadow fold=2 lr0=1e-04 ===
=== EXP-T227 shadow fold=2 lr0=1e-03 ===
=== EXP-T227 shadow fold=2 lr0=1e-02 ===
/workspace_developability_acquisition/developability_drilldown/models/antibody_transformer/model.py:347: UserWarning: enable_nested_tensor is True, but self.use_nested_tensor is False because encoder_layer.norm_first was True
  self.encoder = nn.TransformerEncoder(_make_encoder_layer(), num_layers=n_layers)
=== EXP-T227 shadow fold=3 lr0=1e-05 ===
=== EXP-T227 shadow fold=3 lr0=1e-04 ===
=== EXP-T227 shadow fold=3 lr0=1e-03 ===
=== EXP-T227 shadow fold=3 lr0=1e-02 ===
/workspace_developability_acquisition/developability_drilldown/models/antibody_transformer/model.py:347: UserWarning: enable_nested_tensor is True, but self.use_nested_tensor is False because encoder_layer.norm_first was True
  self.encoder = nn.TransformerEncoder(_make_encoder_layer(), num_layers=n_layers)
=== EXP-T227 shadow fold=4 lr0=1e-05 ===
=== EXP-T227 shadow fold=4 lr0=1e-04 ===
=== EXP-T227 shadow fold=4 lr0=1e-03 ===
=== EXP-T227 shadow fold=4 lr0=1e-02 ===
/workspace_developability_acquisition/developability_drilldown/models/antibody_transformer/model.py:347: UserWarning: enable_nested_tensor is True, but self.use_nested_tensor is False because encoder_layer.norm_first was True
  self.encoder = nn.TransformerEncoder(_make_encoder_layer(), num_layers=n_layers)
DONE EXP-T227 mean=3.375639
==== TRAIN EXP-T228 ablang1/B1/FULL ====
/workspace_developability_acquisition/developability_drilldown/models/antibody_transformer/model.py:347: UserWarning: enable_nested_tensor is True, but self.use_nested_tensor is False because encoder_layer.norm_first was True
  self.encoder = nn.TransformerEncoder(_make_encoder_layer(), num_layers=n_layers)
=== EXP-T228 primary fold=0 lr0=1e-05 ===
=== EXP-T228 primary fold=0 lr0=1e-04 ===
=== EXP-T228 primary fold=0 lr0=1e-03 ===
=== EXP-T228 primary fold=0 lr0=1e-02 ===
/workspace_developability_acquisition/developability_drilldown/models/antibody_transformer/model.py:347: UserWarning: enable_nested_tensor is True, but self.use_nested_tensor is False because encoder_layer.norm_first was True
  self.encoder = nn.TransformerEncoder(_make_encoder_layer(), num_layers=n_layers)
=== EXP-T228 primary fold=1 lr0=1e-05 ===
=== EXP-T228 primary fold=1 lr0=1e-04 ===
=== EXP-T228 primary fold=1 lr0=1e-03 ===
=== EXP-T228 primary fold=1 lr0=1e-02 ===
/workspace_developability_acquisition/developability_drilldown/models/antibody_transformer/model.py:347: UserWarning: enable_nested_tensor is True, but self.use_nested_tensor is False because encoder_layer.norm_first was True
  self.encoder = nn.TransformerEncoder(_make_encoder_layer(), num_layers=n_layers)
=== EXP-T228 primary fold=2 lr0=1e-05 ===
=== EXP-T228 primary fold=2 lr0=1e-04 ===
=== EXP-T228 primary fold=2 lr0=1e-03 ===
=== EXP-T228 primary fold=2 lr0=1e-02 ===
/workspace_developability_acquisition/developability_drilldown/models/antibody_transformer/model.py:347: UserWarning: enable_nested_tensor is True, but self.use_nested_tensor is False because encoder_layer.norm_first was True
  self.encoder = nn.TransformerEncoder(_make_encoder_layer(), num_layers=n_layers)
=== EXP-T228 primary fold=3 lr0=1e-05 ===
=== EXP-T228 primary fold=3 lr0=1e-04 ===
=== EXP-T228 primary fold=3 lr0=1e-03 ===
=== EXP-T228 primary fold=3 lr0=1e-02 ===
/workspace_developability_acquisition/developability_drilldown/models/antibody_transformer/model.py:347: UserWarning: enable_nested_tensor is True, but self.use_nested_tensor is False because encoder_layer.norm_first was True
  self.encoder = nn.TransformerEncoder(_make_encoder_layer(), num_layers=n_layers)
=== EXP-T228 primary fold=4 lr0=1e-05 ===
=== EXP-T228 primary fold=4 lr0=1e-04 ===
=== EXP-T228 primary fold=4 lr0=1e-03 ===
=== EXP-T228 primary fold=4 lr0=1e-02 ===
/workspace_developability_acquisition/developability_drilldown/models/antibody_transformer/model.py:347: UserWarning: enable_nested_tensor is True, but self.use_nested_tensor is False because encoder_layer.norm_first was True
  self.encoder = nn.TransformerEncoder(_make_encoder_layer(), num_layers=n_layers)
=== EXP-T228 shadow fold=0 lr0=1e-05 ===
=== EXP-T228 shadow fold=0 lr0=1e-04 ===
=== EXP-T228 shadow fold=0 lr0=1e-03 ===
=== EXP-T228 shadow fold=0 lr0=1e-02 ===
/workspace_developability_acquisition/developability_drilldown/models/antibody_transformer/model.py:347: UserWarning: enable_nested_tensor is True, but self.use_nested_tensor is False because encoder_layer.norm_first was True
  self.encoder = nn.TransformerEncoder(_make_encoder_layer(), num_layers=n_layers)
=== EXP-T228 shadow fold=1 lr0=1e-05 ===
=== EXP-T228 shadow fold=1 lr0=1e-04 ===
=== EXP-T228 shadow fold=1 lr0=1e-03 ===
=== EXP-T228 shadow fold=1 lr0=1e-02 ===
/workspace_developability_acquisition/developability_drilldown/models/antibody_transformer/model.py:347: UserWarning: enable_nested_tensor is True, but self.use_nested_tensor is False because encoder_layer.norm_first was True
  self.encoder = nn.TransformerEncoder(_make_encoder_layer(), num_layers=n_layers)
=== EXP-T228 shadow fold=2 lr0=1e-05 ===
=== EXP-T228 shadow fold=2 lr0=1e-04 ===
=== EXP-T228 shadow fold=2 lr0=1e-03 ===
=== EXP-T228 shadow fold=2 lr0=1e-02 ===
/workspace_developability_acquisition/developability_drilldown/models/antibody_transformer/model.py:347: UserWarning: enable_nested_tensor is True, but self.use_nested_tensor is False because encoder_layer.norm_first was True
  self.encoder = nn.TransformerEncoder(_make_encoder_layer(), num_layers=n_layers)
=== EXP-T228 shadow fold=3 lr0=1e-05 ===
=== EXP-T228 shadow fold=3 lr0=1e-04 ===
=== EXP-T228 shadow fold=3 lr0=1e-03 ===
=== EXP-T228 shadow fold=3 lr0=1e-02 ===
/workspace_developability_acquisition/developability_drilldown/models/antibody_transformer/model.py:347: UserWarning: enable_nested_tensor is True, but self.use_nested_tensor is False because encoder_layer.norm_first was True
  self.encoder = nn.TransformerEncoder(_make_encoder_layer(), num_layers=n_layers)
=== EXP-T228 shadow fold=4 lr0=1e-05 ===
=== EXP-T228 shadow fold=4 lr0=1e-04 ===
=== EXP-T228 shadow fold=4 lr0=1e-03 ===
=== EXP-T228 shadow fold=4 lr0=1e-02 ===
/workspace_developability_acquisition/developability_drilldown/models/antibody_transformer/model.py:347: UserWarning: enable_nested_tensor is True, but self.use_nested_tensor is False because encoder_layer.norm_first was True
  self.encoder = nn.TransformerEncoder(_make_encoder_layer(), num_layers=n_layers)
DONE EXP-T228 mean=3.380539
==== TRAIN EXP-T229 ablang1/B2/FULL ====
/workspace_developability_acquisition/developability_drilldown/models/antibody_transformer/model.py:347: UserWarning: enable_nested_tensor is True, but self.use_nested_tensor is False because encoder_layer.norm_first was True
  self.encoder = nn.TransformerEncoder(_make_encoder_layer(), num_layers=n_layers)
=== EXP-T229 primary fold=0 lr0=1e-05 ===
=== EXP-T229 primary fold=0 lr0=1e-04 ===
=== EXP-T229 primary fold=0 lr0=1e-03 ===
=== EXP-T229 primary fold=0 lr0=1e-02 ===
/workspace_developability_acquisition/developability_drilldown/models/antibody_transformer/model.py:347: UserWarning: enable_nested_tensor is True, but self.use_nested_tensor is False because encoder_layer.norm_first was True
  self.encoder = nn.TransformerEncoder(_make_encoder_layer(), num_layers=n_layers)
=== EXP-T229 primary fold=1 lr0=1e-05 ===
=== EXP-T229 primary fold=1 lr0=1e-04 ===
=== EXP-T229 primary fold=1 lr0=1e-03 ===
=== EXP-T229 primary fold=1 lr0=1e-02 ===
/workspace_developability_acquisition/developability_drilldown/models/antibody_transformer/model.py:347: UserWarning: enable_nested_tensor is True, but self.use_nested_tensor is False because encoder_layer.norm_first was True
  self.encoder = nn.TransformerEncoder(_make_encoder_layer(), num_layers=n_layers)
=== EXP-T229 primary fold=2 lr0=1e-05 ===
=== EXP-T229 primary fold=2 lr0=1e-04 ===
=== EXP-T229 primary fold=2 lr0=1e-03 ===
=== EXP-T229 primary fold=2 lr0=1e-02 ===
/workspace_developability_acquisition/developability_drilldown/models/antibody_transformer/model.py:347: UserWarning: enable_nested_tensor is True, but self.use_nested_tensor is False because encoder_layer.norm_first was True
  self.encoder = nn.TransformerEncoder(_make_encoder_layer(), num_layers=n_layers)
=== EXP-T229 primary fold=3 lr0=1e-05 ===
=== EXP-T229 primary fold=3 lr0=1e-04 ===
=== EXP-T229 primary fold=3 lr0=1e-03 ===
=== EXP-T229 primary fold=3 lr0=1e-02 ===
/workspace_developability_acquisition/developability_drilldown/models/antibody_transformer/model.py:347: UserWarning: enable_nested_tensor is True, but self.use_nested_tensor is False because encoder_layer.norm_first was True
  self.encoder = nn.TransformerEncoder(_make_encoder_layer(), num_layers=n_layers)
=== EXP-T229 primary fold=4 lr0=1e-05 ===
=== EXP-T229 primary fold=4 lr0=1e-04 ===
=== EXP-T229 primary fold=4 lr0=1e-03 ===
=== EXP-T229 primary fold=4 lr0=1e-02 ===
/workspace_developability_acquisition/developability_drilldown/models/antibody_transformer/model.py:347: UserWarning: enable_nested_tensor is True, but self.use_nested_tensor is False because encoder_layer.norm_first was True
  self.encoder = nn.TransformerEncoder(_make_encoder_layer(), num_layers=n_layers)
=== EXP-T229 shadow fold=0 lr0=1e-05 ===
=== EXP-T229 shadow fold=0 lr0=1e-04 ===
=== EXP-T229 shadow fold=0 lr0=1e-03 ===
=== EXP-T229 shadow fold=0 lr0=1e-02 ===
/workspace_developability_acquisition/developability_drilldown/models/antibody_transformer/model.py:347: UserWarning: enable_nested_tensor is True, but self.use_nested_tensor is False because encoder_layer.norm_first was True
  self.encoder = nn.TransformerEncoder(_make_encoder_layer(), num_layers=n_layers)
=== EXP-T229 shadow fold=1 lr0=1e-05 ===
=== EXP-T229 shadow fold=1 lr0=1e-04 ===
=== EXP-T229 shadow fold=1 lr0=1e-03 ===
=== EXP-T229 shadow fold=1 lr0=1e-02 ===
/workspace_developability_acquisition/developability_drilldown/models/antibody_transformer/model.py:347: UserWarning: enable_nested_tensor is True, but self.use_nested_tensor is False because encoder_layer.norm_first was True
  self.encoder = nn.TransformerEncoder(_make_encoder_layer(), num_layers=n_layers)
=== EXP-T229 shadow fold=2 lr0=1e-05 ===
=== EXP-T229 shadow fold=2 lr0=1e-04 ===
=== EXP-T229 shadow fold=2 lr0=1e-03 ===
=== EXP-T229 shadow fold=2 lr0=1e-02 ===
/workspace_developability_acquisition/developability_drilldown/models/antibody_transformer/model.py:347: UserWarning: enable_nested_tensor is True, but self.use_nested_tensor is False because encoder_layer.norm_first was True
  self.encoder = nn.TransformerEncoder(_make_encoder_layer(), num_layers=n_layers)
=== EXP-T229 shadow fold=3 lr0=1e-05 ===
=== EXP-T229 shadow fold=3 lr0=1e-04 ===
=== EXP-T229 shadow fold=3 lr0=1e-03 ===
=== EXP-T229 shadow fold=3 lr0=1e-02 ===
/workspace_developability_acquisition/developability_drilldown/models/antibody_transformer/model.py:347: UserWarning: enable_nested_tensor is True, but self.use_nested_tensor is False because encoder_layer.norm_first was True
  self.encoder = nn.TransformerEncoder(_make_encoder_layer(), num_layers=n_layers)
=== EXP-T229 shadow fold=4 lr0=1e-05 ===
=== EXP-T229 shadow fold=4 lr0=1e-04 ===
=== EXP-T229 shadow fold=4 lr0=1e-03 ===
=== EXP-T229 shadow fold=4 lr0=1e-02 ===
/workspace_developability_acquisition/developability_drilldown/models/antibody_transformer/model.py:347: UserWarning: enable_nested_tensor is True, but self.use_nested_tensor is False because encoder_layer.norm_first was True
  self.encoder = nn.TransformerEncoder(_make_encoder_layer(), num_layers=n_layers)
DONE EXP-T229 mean=3.427532
==== TRAIN EXP-T230 ablang1/D/FULL ====
/workspace_developability_acquisition/developability_drilldown/models/antibody_transformer/model.py:347: UserWarning: enable_nested_tensor is True, but self.use_nested_tensor is False because encoder_layer.norm_first was True
  self.encoder = nn.TransformerEncoder(_make_encoder_layer(), num_layers=n_layers)
=== EXP-T230 primary fold=0 lr0=1e-05 ===
=== EXP-T230 primary fold=0 lr0=1e-04 ===
=== EXP-T230 primary fold=0 lr0=1e-03 ===
=== EXP-T230 primary fold=0 lr0=1e-02 ===
/workspace_developability_acquisition/developability_drilldown/models/antibody_transformer/model.py:347: UserWarning: enable_nested_tensor is True, but self.use_nested_tensor is False because encoder_layer.norm_first was True
  self.encoder = nn.TransformerEncoder(_make_encoder_layer(), num_layers=n_layers)
=== EXP-T230 primary fold=1 lr0=1e-05 ===
=== EXP-T230 primary fold=1 lr0=1e-04 ===
=== EXP-T230 primary fold=1 lr0=1e-03 ===
=== EXP-T230 primary fold=1 lr0=1e-02 ===
/workspace_developability_acquisition/developability_drilldown/models/antibody_transformer/model.py:347: UserWarning: enable_nested_tensor is True, but self.use_nested_tensor is False because encoder_layer.norm_first was True
  self.encoder = nn.TransformerEncoder(_make_encoder_layer(), num_layers=n_layers)
=== EXP-T230 primary fold=2 lr0=1e-05 ===
=== EXP-T230 primary fold=2 lr0=1e-04 ===
=== EXP-T230 primary fold=2 lr0=1e-03 ===
=== EXP-T230 primary fold=2 lr0=1e-02 ===
/workspace_developability_acquisition/developability_drilldown/models/antibody_transformer/model.py:347: UserWarning: enable_nested_tensor is True, but self.use_nested_tensor is False because encoder_layer.norm_first was True
  self.encoder = nn.TransformerEncoder(_make_encoder_layer(), num_layers=n_layers)
=== EXP-T230 primary fold=3 lr0=1e-05 ===
=== EXP-T230 primary fold=3 lr0=1e-04 ===
=== EXP-T230 primary fold=3 lr0=1e-03 ===
=== EXP-T230 primary fold=3 lr0=1e-02 ===
/workspace_developability_acquisition/developability_drilldown/models/antibody_transformer/model.py:347: UserWarning: enable_nested_tensor is True, but self.use_nested_tensor is False because encoder_layer.norm_first was True
  self.encoder = nn.TransformerEncoder(_make_encoder_layer(), num_layers=n_layers)
=== EXP-T230 primary fold=4 lr0=1e-05 ===
=== EXP-T230 primary fold=4 lr0=1e-04 ===
=== EXP-T230 primary fold=4 lr0=1e-03 ===
=== EXP-T230 primary fold=4 lr0=1e-02 ===
/workspace_developability_acquisition/developability_drilldown/models/antibody_transformer/model.py:347: UserWarning: enable_nested_tensor is True, but self.use_nested_tensor is False because encoder_layer.norm_first was True
  self.encoder = nn.TransformerEncoder(_make_encoder_layer(), num_layers=n_layers)
=== EXP-T230 shadow fold=0 lr0=1e-05 ===
=== EXP-T230 shadow fold=0 lr0=1e-04 ===
=== EXP-T230 shadow fold=0 lr0=1e-03 ===
=== EXP-T230 shadow fold=0 lr0=1e-02 ===
/workspace_developability_acquisition/developability_drilldown/models/antibody_transformer/model.py:347: UserWarning: enable_nested_tensor is True, but self.use_nested_tensor is False because encoder_layer.norm_first was True
  self.encoder = nn.TransformerEncoder(_make_encoder_layer(), num_layers=n_layers)
=== EXP-T230 shadow fold=1 lr0=1e-05 ===
=== EXP-T230 shadow fold=1 lr0=1e-04 ===
=== EXP-T230 shadow fold=1 lr0=1e-03 ===
=== EXP-T230 shadow fold=1 lr0=1e-02 ===
/workspace_developability_acquisition/developability_drilldown/models/antibody_transformer/model.py:347: UserWarning: enable_nested_tensor is True, but self.use_nested_tensor is False because encoder_layer.norm_first was True
  self.encoder = nn.TransformerEncoder(_make_encoder_layer(), num_layers=n_layers)
=== EXP-T230 shadow fold=2 lr0=1e-05 ===
=== EXP-T230 shadow fold=2 lr0=1e-04 ===
=== EXP-T230 shadow fold=2 lr0=1e-03 ===
=== EXP-T230 shadow fold=2 lr0=1e-02 ===
/workspace_developability_acquisition/developability_drilldown/models/antibody_transformer/model.py:347: UserWarning: enable_nested_tensor is True, but self.use_nested_tensor is False because encoder_layer.norm_first was True
  self.encoder = nn.TransformerEncoder(_make_encoder_layer(), num_layers=n_layers)
=== EXP-T230 shadow fold=3 lr0=1e-05 ===
=== EXP-T230 shadow fold=3 lr0=1e-04 ===
=== EXP-T230 shadow fold=3 lr0=1e-03 ===
=== EXP-T230 shadow fold=3 lr0=1e-02 ===
/workspace_developability_acquisition/developability_drilldown/models/antibody_transformer/model.py:347: UserWarning: enable_nested_tensor is True, but self.use_nested_tensor is False because encoder_layer.norm_first was True
  self.encoder = nn.TransformerEncoder(_make_encoder_layer(), num_layers=n_layers)
=== EXP-T230 shadow fold=4 lr0=1e-05 ===
=== EXP-T230 shadow fold=4 lr0=1e-04 ===
=== EXP-T230 shadow fold=4 lr0=1e-03 ===
=== EXP-T230 shadow fold=4 lr0=1e-02 ===
/workspace_developability_acquisition/developability_drilldown/models/antibody_transformer/model.py:347: UserWarning: enable_nested_tensor is True, but self.use_nested_tensor is False because encoder_layer.norm_first was True
  self.encoder = nn.TransformerEncoder(_make_encoder_layer(), num_layers=n_layers)
DONE EXP-T230 mean=3.547020
==== TRAIN EXP-T231 ablang1/A/BASE ====
/workspace_developability_acquisition/developability_drilldown/models/antibody_transformer/model.py:347: UserWarning: enable_nested_tensor is True, but self.use_nested_tensor is False because encoder_layer.norm_first was True
  self.encoder = nn.TransformerEncoder(_make_encoder_layer(), num_layers=n_layers)
=== EXP-T231 primary fold=0 lr0=1e-05 ===
=== EXP-T231 primary fold=0 lr0=1e-04 ===
=== EXP-T231 primary fold=0 lr0=1e-03 ===
=== EXP-T231 primary fold=0 lr0=1e-02 ===
/workspace_developability_acquisition/developability_drilldown/models/antibody_transformer/model.py:347: UserWarning: enable_nested_tensor is True, but self.use_nested_tensor is False because encoder_layer.norm_first was True
  self.encoder = nn.TransformerEncoder(_make_encoder_layer(), num_layers=n_layers)
=== EXP-T231 primary fold=1 lr0=1e-05 ===
=== EXP-T231 primary fold=1 lr0=1e-04 ===
=== EXP-T231 primary fold=1 lr0=1e-03 ===
=== EXP-T231 primary fold=1 lr0=1e-02 ===
/workspace_developability_acquisition/developability_drilldown/models/antibody_transformer/model.py:347: UserWarning: enable_nested_tensor is True, but self.use_nested_tensor is False because encoder_layer.norm_first was True
  self.encoder = nn.TransformerEncoder(_make_encoder_layer(), num_layers=n_layers)
=== EXP-T231 primary fold=2 lr0=1e-05 ===
=== EXP-T231 primary fold=2 lr0=1e-04 ===
=== EXP-T231 primary fold=2 lr0=1e-03 ===
=== EXP-T231 primary fold=2 lr0=1e-02 ===
/workspace_developability_acquisition/developability_drilldown/models/antibody_transformer/model.py:347: UserWarning: enable_nested_tensor is True, but self.use_nested_tensor is False because encoder_layer.norm_first was True
  self.encoder = nn.TransformerEncoder(_make_encoder_layer(), num_layers=n_layers)
=== EXP-T231 primary fold=3 lr0=1e-05 ===
=== EXP-T231 primary fold=3 lr0=1e-04 ===
=== EXP-T231 primary fold=3 lr0=1e-03 ===
=== EXP-T231 primary fold=3 lr0=1e-02 ===
/workspace_developability_acquisition/developability_drilldown/models/antibody_transformer/model.py:347: UserWarning: enable_nested_tensor is True, but self.use_nested_tensor is False because encoder_layer.norm_first was True
  self.encoder = nn.TransformerEncoder(_make_encoder_layer(), num_layers=n_layers)
=== EXP-T231 primary fold=4 lr0=1e-05 ===
=== EXP-T231 primary fold=4 lr0=1e-04 ===
=== EXP-T231 primary fold=4 lr0=1e-03 ===
=== EXP-T231 primary fold=4 lr0=1e-02 ===
/workspace_developability_acquisition/developability_drilldown/models/antibody_transformer/model.py:347: UserWarning: enable_nested_tensor is True, but self.use_nested_tensor is False because encoder_layer.norm_first was True
  self.encoder = nn.TransformerEncoder(_make_encoder_layer(), num_layers=n_layers)
=== EXP-T231 shadow fold=0 lr0=1e-05 ===
=== EXP-T231 shadow fold=0 lr0=1e-04 ===
=== EXP-T231 shadow fold=0 lr0=1e-03 ===
=== EXP-T231 shadow fold=0 lr0=1e-02 ===
/workspace_developability_acquisition/developability_drilldown/models/antibody_transformer/model.py:347: UserWarning: enable_nested_tensor is True, but self.use_nested_tensor is False because encoder_layer.norm_first was True
  self.encoder = nn.TransformerEncoder(_make_encoder_layer(), num_layers=n_layers)
=== EXP-T231 shadow fold=1 lr0=1e-05 ===
=== EXP-T231 shadow fold=1 lr0=1e-04 ===
=== EXP-T231 shadow fold=1 lr0=1e-03 ===
=== EXP-T231 shadow fold=1 lr0=1e-02 ===
/workspace_developability_acquisition/developability_drilldown/models/antibody_transformer/model.py:347: UserWarning: enable_nested_tensor is True, but self.use_nested_tensor is False because encoder_layer.norm_first was True
  self.encoder = nn.TransformerEncoder(_make_encoder_layer(), num_layers=n_layers)
=== EXP-T231 shadow fold=2 lr0=1e-05 ===
=== EXP-T231 shadow fold=2 lr0=1e-04 ===
=== EXP-T231 shadow fold=2 lr0=1e-03 ===
=== EXP-T231 shadow fold=2 lr0=1e-02 ===
/workspace_developability_acquisition/developability_drilldown/models/antibody_transformer/model.py:347: UserWarning: enable_nested_tensor is True, but self.use_nested_tensor is False because encoder_layer.norm_first was True
  self.encoder = nn.TransformerEncoder(_make_encoder_layer(), num_layers=n_layers)
=== EXP-T231 shadow fold=3 lr0=1e-05 ===
=== EXP-T231 shadow fold=3 lr0=1e-04 ===
=== EXP-T231 shadow fold=3 lr0=1e-03 ===
=== EXP-T231 shadow fold=3 lr0=1e-02 ===
/workspace_developability_acquisition/developability_drilldown/models/antibody_transformer/model.py:347: UserWarning: enable_nested_tensor is True, but self.use_nested_tensor is False because encoder_layer.norm_first was True
  self.encoder = nn.TransformerEncoder(_make_encoder_layer(), num_layers=n_layers)
=== EXP-T231 shadow fold=4 lr0=1e-05 ===
=== EXP-T231 shadow fold=4 lr0=1e-04 ===
=== EXP-T231 shadow fold=4 lr0=1e-03 ===
=== EXP-T231 shadow fold=4 lr0=1e-02 ===
/workspace_developability_acquisition/developability_drilldown/models/antibody_transformer/model.py:347: UserWarning: enable_nested_tensor is True, but self.use_nested_tensor is False because encoder_layer.norm_first was True
  self.encoder = nn.TransformerEncoder(_make_encoder_layer(), num_layers=n_layers)
DONE EXP-T231 mean=3.395056
==== TRAIN EXP-T232 ablang1/B1/BASE ====
/workspace_developability_acquisition/developability_drilldown/models/antibody_transformer/model.py:347: UserWarning: enable_nested_tensor is True, but self.use_nested_tensor is False because encoder_layer.norm_first was True
  self.encoder = nn.TransformerEncoder(_make_encoder_layer(), num_layers=n_layers)
=== EXP-T232 primary fold=0 lr0=1e-05 ===
=== EXP-T232 primary fold=0 lr0=1e-04 ===
=== EXP-T232 primary fold=0 lr0=1e-03 ===
=== EXP-T232 primary fold=0 lr0=1e-02 ===
/workspace_developability_acquisition/developability_drilldown/models/antibody_transformer/model.py:347: UserWarning: enable_nested_tensor is True, but self.use_nested_tensor is False because encoder_layer.norm_first was True
  self.encoder = nn.TransformerEncoder(_make_encoder_layer(), num_layers=n_layers)
=== EXP-T232 primary fold=1 lr0=1e-05 ===
=== EXP-T232 primary fold=1 lr0=1e-04 ===
=== EXP-T232 primary fold=1 lr0=1e-03 ===
=== EXP-T232 primary fold=1 lr0=1e-02 ===
/workspace_developability_acquisition/developability_drilldown/models/antibody_transformer/model.py:347: UserWarning: enable_nested_tensor is True, but self.use_nested_tensor is False because encoder_layer.norm_first was True
  self.encoder = nn.TransformerEncoder(_make_encoder_layer(), num_layers=n_layers)
=== EXP-T232 primary fold=2 lr0=1e-05 ===
=== EXP-T232 primary fold=2 lr0=1e-04 ===
=== EXP-T232 primary fold=2 lr0=1e-03 ===
=== EXP-T232 primary fold=2 lr0=1e-02 ===
/workspace_developability_acquisition/developability_drilldown/models/antibody_transformer/model.py:347: UserWarning: enable_nested_tensor is True, but self.use_nested_tensor is False because encoder_layer.norm_first was True
  self.encoder = nn.TransformerEncoder(_make_encoder_layer(), num_layers=n_layers)
=== EXP-T232 primary fold=3 lr0=1e-05 ===
=== EXP-T232 primary fold=3 lr0=1e-04 ===
=== EXP-T232 primary fold=3 lr0=1e-03 ===
=== EXP-T232 primary fold=3 lr0=1e-02 ===
/workspace_developability_acquisition/developability_drilldown/models/antibody_transformer/model.py:347: UserWarning: enable_nested_tensor is True, but self.use_nested_tensor is False because encoder_layer.norm_first was True
  self.encoder = nn.TransformerEncoder(_make_encoder_layer(), num_layers=n_layers)
=== EXP-T232 primary fold=4 lr0=1e-05 ===
=== EXP-T232 primary fold=4 lr0=1e-04 ===
=== EXP-T232 primary fold=4 lr0=1e-03 ===
=== EXP-T232 primary fold=4 lr0=1e-02 ===
/workspace_developability_acquisition/developability_drilldown/models/antibody_transformer/model.py:347: UserWarning: enable_nested_tensor is True, but self.use_nested_tensor is False because encoder_layer.norm_first was True
  self.encoder = nn.TransformerEncoder(_make_encoder_layer(), num_layers=n_layers)
=== EXP-T232 shadow fold=0 lr0=1e-05 ===
=== EXP-T232 shadow fold=0 lr0=1e-04 ===
=== EXP-T232 shadow fold=0 lr0=1e-03 ===
=== EXP-T232 shadow fold=0 lr0=1e-02 ===
/workspace_developability_acquisition/developability_drilldown/models/antibody_transformer/model.py:347: UserWarning: enable_nested_tensor is True, but self.use_nested_tensor is False because encoder_layer.norm_first was True
  self.encoder = nn.TransformerEncoder(_make_encoder_layer(), num_layers=n_layers)
=== EXP-T232 shadow fold=1 lr0=1e-05 ===
=== EXP-T232 shadow fold=1 lr0=1e-04 ===
=== EXP-T232 shadow fold=1 lr0=1e-03 ===
=== EXP-T232 shadow fold=1 lr0=1e-02 ===
/workspace_developability_acquisition/developability_drilldown/models/antibody_transformer/model.py:347: UserWarning: enable_nested_tensor is True, but self.use_nested_tensor is False because encoder_layer.norm_first was True
  self.encoder = nn.TransformerEncoder(_make_encoder_layer(), num_layers=n_layers)
=== EXP-T232 shadow fold=2 lr0=1e-05 ===
=== EXP-T232 shadow fold=2 lr0=1e-04 ===
=== EXP-T232 shadow fold=2 lr0=1e-03 ===
=== EXP-T232 shadow fold=2 lr0=1e-02 ===
/workspace_developability_acquisition/developability_drilldown/models/antibody_transformer/model.py:347: UserWarning: enable_nested_tensor is True, but self.use_nested_tensor is False because encoder_layer.norm_first was True
  self.encoder = nn.TransformerEncoder(_make_encoder_layer(), num_layers=n_layers)
=== EXP-T232 shadow fold=3 lr0=1e-05 ===
=== EXP-T232 shadow fold=3 lr0=1e-04 ===
=== EXP-T232 shadow fold=3 lr0=1e-03 ===
=== EXP-T232 shadow fold=3 lr0=1e-02 ===
/workspace_developability_acquisition/developability_drilldown/models/antibody_transformer/model.py:347: UserWarning: enable_nested_tensor is True, but self.use_nested_tensor is False because encoder_layer.norm_first was True
  self.encoder = nn.TransformerEncoder(_make_encoder_layer(), num_layers=n_layers)
=== EXP-T232 shadow fold=4 lr0=1e-05 ===
=== EXP-T232 shadow fold=4 lr0=1e-04 ===
=== EXP-T232 shadow fold=4 lr0=1e-03 ===
=== EXP-T232 shadow fold=4 lr0=1e-02 ===
/workspace_developability_acquisition/developability_drilldown/models/antibody_transformer/model.py:347: UserWarning: enable_nested_tensor is True, but self.use_nested_tensor is False because encoder_layer.norm_first was True
  self.encoder = nn.TransformerEncoder(_make_encoder_layer(), num_layers=n_layers)
DONE EXP-T232 mean=3.297723
==== TRAIN EXP-T233 ablang1/B2/BASE ====
/workspace_developability_acquisition/developability_drilldown/models/antibody_transformer/model.py:347: UserWarning: enable_nested_tensor is True, but self.use_nested_tensor is False because encoder_layer.norm_first was True
  self.encoder = nn.TransformerEncoder(_make_encoder_layer(), num_layers=n_layers)
=== EXP-T233 primary fold=0 lr0=1e-05 ===
=== EXP-T233 primary fold=0 lr0=1e-04 ===
=== EXP-T233 primary fold=0 lr0=1e-03 ===
=== EXP-T233 primary fold=0 lr0=1e-02 ===
/workspace_developability_acquisition/developability_drilldown/models/antibody_transformer/model.py:347: UserWarning: enable_nested_tensor is True, but self.use_nested_tensor is False because encoder_layer.norm_first was True
  self.encoder = nn.TransformerEncoder(_make_encoder_layer(), num_layers=n_layers)
=== EXP-T233 primary fold=1 lr0=1e-05 ===
=== EXP-T233 primary fold=1 lr0=1e-04 ===
=== EXP-T233 primary fold=1 lr0=1e-03 ===
=== EXP-T233 primary fold=1 lr0=1e-02 ===
/workspace_developability_acquisition/developability_drilldown/models/antibody_transformer/model.py:347: UserWarning: enable_nested_tensor is True, but self.use_nested_tensor is False because encoder_layer.norm_first was True
  self.encoder = nn.TransformerEncoder(_make_encoder_layer(), num_layers=n_layers)
=== EXP-T233 primary fold=2 lr0=1e-05 ===
=== EXP-T233 primary fold=2 lr0=1e-04 ===
=== EXP-T233 primary fold=2 lr0=1e-03 ===
=== EXP-T233 primary fold=2 lr0=1e-02 ===
/workspace_developability_acquisition/developability_drilldown/models/antibody_transformer/model.py:347: UserWarning: enable_nested_tensor is True, but self.use_nested_tensor is False because encoder_layer.norm_first was True
  self.encoder = nn.TransformerEncoder(_make_encoder_layer(), num_layers=n_layers)
=== EXP-T233 primary fold=3 lr0=1e-05 ===
=== EXP-T233 primary fold=3 lr0=1e-04 ===
=== EXP-T233 primary fold=3 lr0=1e-03 ===
=== EXP-T233 primary fold=3 lr0=1e-02 ===
/workspace_developability_acquisition/developability_drilldown/models/antibody_transformer/model.py:347: UserWarning: enable_nested_tensor is True, but self.use_nested_tensor is False because encoder_layer.norm_first was True
  self.encoder = nn.TransformerEncoder(_make_encoder_layer(), num_layers=n_layers)
=== EXP-T233 primary fold=4 lr0=1e-05 ===
=== EXP-T233 primary fold=4 lr0=1e-04 ===
=== EXP-T233 primary fold=4 lr0=1e-03 ===
=== EXP-T233 primary fold=4 lr0=1e-02 ===
/workspace_developability_acquisition/developability_drilldown/models/antibody_transformer/model.py:347: UserWarning: enable_nested_tensor is True, but self.use_nested_tensor is False because encoder_layer.norm_first was True
  self.encoder = nn.TransformerEncoder(_make_encoder_layer(), num_layers=n_layers)
=== EXP-T233 shadow fold=0 lr0=1e-05 ===
=== EXP-T233 shadow fold=0 lr0=1e-04 ===
=== EXP-T233 shadow fold=0 lr0=1e-03 ===
=== EXP-T233 shadow fold=0 lr0=1e-02 ===
/workspace_developability_acquisition/developability_drilldown/models/antibody_transformer/model.py:347: UserWarning: enable_nested_tensor is True, but self.use_nested_tensor is False because encoder_layer.norm_first was True
  self.encoder = nn.TransformerEncoder(_make_encoder_layer(), num_layers=n_layers)
=== EXP-T233 shadow fold=1 lr0=1e-05 ===
=== EXP-T233 shadow fold=1 lr0=1e-04 ===
=== EXP-T233 shadow fold=1 lr0=1e-03 ===
=== EXP-T233 shadow fold=1 lr0=1e-02 ===
/workspace_developability_acquisition/developability_drilldown/models/antibody_transformer/model.py:347: UserWarning: enable_nested_tensor is True, but self.use_nested_tensor is False because encoder_layer.norm_first was True
  self.encoder = nn.TransformerEncoder(_make_encoder_layer(), num_layers=n_layers)
=== EXP-T233 shadow fold=2 lr0=1e-05 ===
=== EXP-T233 shadow fold=2 lr0=1e-04 ===
=== EXP-T233 shadow fold=2 lr0=1e-03 ===
=== EXP-T233 shadow fold=2 lr0=1e-02 ===
/workspace_developability_acquisition/developability_drilldown/models/antibody_transformer/model.py:347: UserWarning: enable_nested_tensor is True, but self.use_nested_tensor is False because encoder_layer.norm_first was True
  self.encoder = nn.TransformerEncoder(_make_encoder_layer(), num_layers=n_layers)
=== EXP-T233 shadow fold=3 lr0=1e-05 ===
=== EXP-T233 shadow fold=3 lr0=1e-04 ===
=== EXP-T233 shadow fold=3 lr0=1e-03 ===
=== EXP-T233 shadow fold=3 lr0=1e-02 ===
/workspace_developability_acquisition/developability_drilldown/models/antibody_transformer/model.py:347: UserWarning: enable_nested_tensor is True, but self.use_nested_tensor is False because encoder_layer.norm_first was True
  self.encoder = nn.TransformerEncoder(_make_encoder_layer(), num_layers=n_layers)
=== EXP-T233 shadow fold=4 lr0=1e-05 ===
=== EXP-T233 shadow fold=4 lr0=1e-04 ===
=== EXP-T233 shadow fold=4 lr0=1e-03 ===
=== EXP-T233 shadow fold=4 lr0=1e-02 ===
/workspace_developability_acquisition/developability_drilldown/models/antibody_transformer/model.py:347: UserWarning: enable_nested_tensor is True, but self.use_nested_tensor is False because encoder_layer.norm_first was True
  self.encoder = nn.TransformerEncoder(_make_encoder_layer(), num_layers=n_layers)
DONE EXP-T233 mean=3.448244
==== TRAIN EXP-T234 ablang1/C/BASE ====
/workspace_developability_acquisition/developability_drilldown/models/antibody_transformer/model.py:347: UserWarning: enable_nested_tensor is True, but self.use_nested_tensor is False because encoder_layer.norm_first was True
  self.encoder = nn.TransformerEncoder(_make_encoder_layer(), num_layers=n_layers)
=== EXP-T234 primary fold=0 lr0=1e-05 ===
=== EXP-T234 primary fold=0 lr0=1e-04 ===
=== EXP-T234 primary fold=0 lr0=1e-03 ===
=== EXP-T234 primary fold=0 lr0=1e-02 ===
/workspace_developability_acquisition/developability_drilldown/models/antibody_transformer/model.py:347: UserWarning: enable_nested_tensor is True, but self.use_nested_tensor is False because encoder_layer.norm_first was True
  self.encoder = nn.TransformerEncoder(_make_encoder_layer(), num_layers=n_layers)
=== EXP-T234 primary fold=1 lr0=1e-05 ===
=== EXP-T234 primary fold=1 lr0=1e-04 ===
=== EXP-T234 primary fold=1 lr0=1e-03 ===
=== EXP-T234 primary fold=1 lr0=1e-02 ===
/workspace_developability_acquisition/developability_drilldown/models/antibody_transformer/model.py:347: UserWarning: enable_nested_tensor is True, but self.use_nested_tensor is False because encoder_layer.norm_first was True
  self.encoder = nn.TransformerEncoder(_make_encoder_layer(), num_layers=n_layers)
=== EXP-T234 primary fold=2 lr0=1e-05 ===
=== EXP-T234 primary fold=2 lr0=1e-04 ===
=== EXP-T234 primary fold=2 lr0=1e-03 ===
=== EXP-T234 primary fold=2 lr0=1e-02 ===
/workspace_developability_acquisition/developability_drilldown/models/antibody_transformer/model.py:347: UserWarning: enable_nested_tensor is True, but self.use_nested_tensor is False because encoder_layer.norm_first was True
  self.encoder = nn.TransformerEncoder(_make_encoder_layer(), num_layers=n_layers)
=== EXP-T234 primary fold=3 lr0=1e-05 ===
=== EXP-T234 primary fold=3 lr0=1e-04 ===
=== EXP-T234 primary fold=3 lr0=1e-03 ===
=== EXP-T234 primary fold=3 lr0=1e-02 ===
/workspace_developability_acquisition/developability_drilldown/models/antibody_transformer/model.py:347: UserWarning: enable_nested_tensor is True, but self.use_nested_tensor is False because encoder_layer.norm_first was True
  self.encoder = nn.TransformerEncoder(_make_encoder_layer(), num_layers=n_layers)
=== EXP-T234 primary fold=4 lr0=1e-05 ===
=== EXP-T234 primary fold=4 lr0=1e-04 ===
=== EXP-T234 primary fold=4 lr0=1e-03 ===
=== EXP-T234 primary fold=4 lr0=1e-02 ===
/workspace_developability_acquisition/developability_drilldown/models/antibody_transformer/model.py:347: UserWarning: enable_nested_tensor is True, but self.use_nested_tensor is False because encoder_layer.norm_first was True
  self.encoder = nn.TransformerEncoder(_make_encoder_layer(), num_layers=n_layers)
=== EXP-T234 shadow fold=0 lr0=1e-05 ===
=== EXP-T234 shadow fold=0 lr0=1e-04 ===
=== EXP-T234 shadow fold=0 lr0=1e-03 ===
=== EXP-T234 shadow fold=0 lr0=1e-02 ===
/workspace_developability_acquisition/developability_drilldown/models/antibody_transformer/model.py:347: UserWarning: enable_nested_tensor is True, but self.use_nested_tensor is False because encoder_layer.norm_first was True
  self.encoder = nn.TransformerEncoder(_make_encoder_layer(), num_layers=n_layers)
=== EXP-T234 shadow fold=1 lr0=1e-05 ===
=== EXP-T234 shadow fold=1 lr0=1e-04 ===
=== EXP-T234 shadow fold=1 lr0=1e-03 ===
=== EXP-T234 shadow fold=1 lr0=1e-02 ===
/workspace_developability_acquisition/developability_drilldown/models/antibody_transformer/model.py:347: UserWarning: enable_nested_tensor is True, but self.use_nested_tensor is False because encoder_layer.norm_first was True
  self.encoder = nn.TransformerEncoder(_make_encoder_layer(), num_layers=n_layers)
=== EXP-T234 shadow fold=2 lr0=1e-05 ===
=== EXP-T234 shadow fold=2 lr0=1e-04 ===
=== EXP-T234 shadow fold=2 lr0=1e-03 ===
=== EXP-T234 shadow fold=2 lr0=1e-02 ===
/workspace_developability_acquisition/developability_drilldown/models/antibody_transformer/model.py:347: UserWarning: enable_nested_tensor is True, but self.use_nested_tensor is False because encoder_layer.norm_first was True
  self.encoder = nn.TransformerEncoder(_make_encoder_layer(), num_layers=n_layers)
=== EXP-T234 shadow fold=3 lr0=1e-05 ===
=== EXP-T234 shadow fold=3 lr0=1e-04 ===
=== EXP-T234 shadow fold=3 lr0=1e-03 ===
=== EXP-T234 shadow fold=3 lr0=1e-02 ===
/workspace_developability_acquisition/developability_drilldown/models/antibody_transformer/model.py:347: UserWarning: enable_nested_tensor is True, but self.use_nested_tensor is False because encoder_layer.norm_first was True
  self.encoder = nn.TransformerEncoder(_make_encoder_layer(), num_layers=n_layers)
=== EXP-T234 shadow fold=4 lr0=1e-05 ===
=== EXP-T234 shadow fold=4 lr0=1e-04 ===
=== EXP-T234 shadow fold=4 lr0=1e-03 ===
=== EXP-T234 shadow fold=4 lr0=1e-02 ===
/workspace_developability_acquisition/developability_drilldown/models/antibody_transformer/model.py:347: UserWarning: enable_nested_tensor is True, but self.use_nested_tensor is False because encoder_layer.norm_first was True
  self.encoder = nn.TransformerEncoder(_make_encoder_layer(), num_layers=n_layers)
DONE EXP-T234 mean=3.501377
==== TRAIN EXP-T235 ablang1/D/BASE ====
/workspace_developability_acquisition/developability_drilldown/models/antibody_transformer/model.py:347: UserWarning: enable_nested_tensor is True, but self.use_nested_tensor is False because encoder_layer.norm_first was True
  self.encoder = nn.TransformerEncoder(_make_encoder_layer(), num_layers=n_layers)
=== EXP-T235 primary fold=0 lr0=1e-05 ===
=== EXP-T235 primary fold=0 lr0=1e-04 ===
=== EXP-T235 primary fold=0 lr0=1e-03 ===
=== EXP-T235 primary fold=0 lr0=1e-02 ===
/workspace_developability_acquisition/developability_drilldown/models/antibody_transformer/model.py:347: UserWarning: enable_nested_tensor is True, but self.use_nested_tensor is False because encoder_layer.norm_first was True
  self.encoder = nn.TransformerEncoder(_make_encoder_layer(), num_layers=n_layers)
=== EXP-T235 primary fold=1 lr0=1e-05 ===
=== EXP-T235 primary fold=1 lr0=1e-04 ===
=== EXP-T235 primary fold=1 lr0=1e-03 ===
=== EXP-T235 primary fold=1 lr0=1e-02 ===
/workspace_developability_acquisition/developability_drilldown/models/antibody_transformer/model.py:347: UserWarning: enable_nested_tensor is True, but self.use_nested_tensor is False because encoder_layer.norm_first was True
  self.encoder = nn.TransformerEncoder(_make_encoder_layer(), num_layers=n_layers)
=== EXP-T235 primary fold=2 lr0=1e-05 ===
=== EXP-T235 primary fold=2 lr0=1e-04 ===
=== EXP-T235 primary fold=2 lr0=1e-03 ===
=== EXP-T235 primary fold=2 lr0=1e-02 ===
/workspace_developability_acquisition/developability_drilldown/models/antibody_transformer/model.py:347: UserWarning: enable_nested_tensor is True, but self.use_nested_tensor is False because encoder_layer.norm_first was True
  self.encoder = nn.TransformerEncoder(_make_encoder_layer(), num_layers=n_layers)
=== EXP-T235 primary fold=3 lr0=1e-05 ===
=== EXP-T235 primary fold=3 lr0=1e-04 ===
=== EXP-T235 primary fold=3 lr0=1e-03 ===
=== EXP-T235 primary fold=3 lr0=1e-02 ===
/workspace_developability_acquisition/developability_drilldown/models/antibody_transformer/model.py:347: UserWarning: enable_nested_tensor is True, but self.use_nested_tensor is False because encoder_layer.norm_first was True
  self.encoder = nn.TransformerEncoder(_make_encoder_layer(), num_layers=n_layers)
=== EXP-T235 primary fold=4 lr0=1e-05 ===
=== EXP-T235 primary fold=4 lr0=1e-04 ===
=== EXP-T235 primary fold=4 lr0=1e-03 ===
=== EXP-T235 primary fold=4 lr0=1e-02 ===
/workspace_developability_acquisition/developability_drilldown/models/antibody_transformer/model.py:347: UserWarning: enable_nested_tensor is True, but self.use_nested_tensor is False because encoder_layer.norm_first was True
  self.encoder = nn.TransformerEncoder(_make_encoder_layer(), num_layers=n_layers)
=== EXP-T235 shadow fold=0 lr0=1e-05 ===
=== EXP-T235 shadow fold=0 lr0=1e-04 ===
=== EXP-T235 shadow fold=0 lr0=1e-03 ===
=== EXP-T235 shadow fold=0 lr0=1e-02 ===
/workspace_developability_acquisition/developability_drilldown/models/antibody_transformer/model.py:347: UserWarning: enable_nested_tensor is True, but self.use_nested_tensor is False because encoder_layer.norm_first was True
  self.encoder = nn.TransformerEncoder(_make_encoder_layer(), num_layers=n_layers)
=== EXP-T235 shadow fold=1 lr0=1e-05 ===
=== EXP-T235 shadow fold=1 lr0=1e-04 ===
=== EXP-T235 shadow fold=1 lr0=1e-03 ===
=== EXP-T235 shadow fold=1 lr0=1e-02 ===
/workspace_developability_acquisition/developability_drilldown/models/antibody_transformer/model.py:347: UserWarning: enable_nested_tensor is True, but self.use_nested_tensor is False because encoder_layer.norm_first was True
  self.encoder = nn.TransformerEncoder(_make_encoder_layer(), num_layers=n_layers)
=== EXP-T235 shadow fold=2 lr0=1e-05 ===
=== EXP-T235 shadow fold=2 lr0=1e-04 ===
=== EXP-T235 shadow fold=2 lr0=1e-03 ===
=== EXP-T235 shadow fold=2 lr0=1e-02 ===
/workspace_developability_acquisition/developability_drilldown/models/antibody_transformer/model.py:347: UserWarning: enable_nested_tensor is True, but self.use_nested_tensor is False because encoder_layer.norm_first was True
  self.encoder = nn.TransformerEncoder(_make_encoder_layer(), num_layers=n_layers)
=== EXP-T235 shadow fold=3 lr0=1e-05 ===
=== EXP-T235 shadow fold=3 lr0=1e-04 ===
=== EXP-T235 shadow fold=3 lr0=1e-03 ===
=== EXP-T235 shadow fold=3 lr0=1e-02 ===
/workspace_developability_acquisition/developability_drilldown/models/antibody_transformer/model.py:347: UserWarning: enable_nested_tensor is True, but self.use_nested_tensor is False because encoder_layer.norm_first was True
  self.encoder = nn.TransformerEncoder(_make_encoder_layer(), num_layers=n_layers)
=== EXP-T235 shadow fold=4 lr0=1e-05 ===
=== EXP-T235 shadow fold=4 lr0=1e-04 ===
=== EXP-T235 shadow fold=4 lr0=1e-03 ===
=== EXP-T235 shadow fold=4 lr0=1e-02 ===
/workspace_developability_acquisition/developability_drilldown/models/antibody_transformer/model.py:347: UserWarning: enable_nested_tensor is True, but self.use_nested_tensor is False because encoder_layer.norm_first was True
  self.encoder = nn.TransformerEncoder(_make_encoder_layer(), num_layers=n_layers)
DONE EXP-T235 mean=3.509424
==== TRAIN EXP-T236 ablang1/A/IMGT ====
/workspace_developability_acquisition/developability_drilldown/models/antibody_transformer/model.py:347: UserWarning: enable_nested_tensor is True, but self.use_nested_tensor is False because encoder_layer.norm_first was True
  self.encoder = nn.TransformerEncoder(_make_encoder_layer(), num_layers=n_layers)
=== EXP-T236 primary fold=0 lr0=1e-05 ===
=== EXP-T236 primary fold=0 lr0=1e-04 ===
=== EXP-T236 primary fold=0 lr0=1e-03 ===
=== EXP-T236 primary fold=0 lr0=1e-02 ===
/workspace_developability_acquisition/developability_drilldown/models/antibody_transformer/model.py:347: UserWarning: enable_nested_tensor is True, but self.use_nested_tensor is False because encoder_layer.norm_first was True
  self.encoder = nn.TransformerEncoder(_make_encoder_layer(), num_layers=n_layers)
=== EXP-T236 primary fold=1 lr0=1e-05 ===
=== EXP-T236 primary fold=1 lr0=1e-04 ===
=== EXP-T236 primary fold=1 lr0=1e-03 ===
=== EXP-T236 primary fold=1 lr0=1e-02 ===
/workspace_developability_acquisition/developability_drilldown/models/antibody_transformer/model.py:347: UserWarning: enable_nested_tensor is True, but self.use_nested_tensor is False because encoder_layer.norm_first was True
  self.encoder = nn.TransformerEncoder(_make_encoder_layer(), num_layers=n_layers)
=== EXP-T236 primary fold=2 lr0=1e-05 ===
=== EXP-T236 primary fold=2 lr0=1e-04 ===
=== EXP-T236 primary fold=2 lr0=1e-03 ===
=== EXP-T236 primary fold=2 lr0=1e-02 ===
/workspace_developability_acquisition/developability_drilldown/models/antibody_transformer/model.py:347: UserWarning: enable_nested_tensor is True, but self.use_nested_tensor is False because encoder_layer.norm_first was True
  self.encoder = nn.TransformerEncoder(_make_encoder_layer(), num_layers=n_layers)
=== EXP-T236 primary fold=3 lr0=1e-05 ===
=== EXP-T236 primary fold=3 lr0=1e-04 ===
=== EXP-T236 primary fold=3 lr0=1e-03 ===
=== EXP-T236 primary fold=3 lr0=1e-02 ===
/workspace_developability_acquisition/developability_drilldown/models/antibody_transformer/model.py:347: UserWarning: enable_nested_tensor is True, but self.use_nested_tensor is False because encoder_layer.norm_first was True
  self.encoder = nn.TransformerEncoder(_make_encoder_layer(), num_layers=n_layers)
=== EXP-T236 primary fold=4 lr0=1e-05 ===
=== EXP-T236 primary fold=4 lr0=1e-04 ===
=== EXP-T236 primary fold=4 lr0=1e-03 ===
=== EXP-T236 primary fold=4 lr0=1e-02 ===
/workspace_developability_acquisition/developability_drilldown/models/antibody_transformer/model.py:347: UserWarning: enable_nested_tensor is True, but self.use_nested_tensor is False because encoder_layer.norm_first was True
  self.encoder = nn.TransformerEncoder(_make_encoder_layer(), num_layers=n_layers)
=== EXP-T236 shadow fold=0 lr0=1e-05 ===
=== EXP-T236 shadow fold=0 lr0=1e-04 ===
=== EXP-T236 shadow fold=0 lr0=1e-03 ===
=== EXP-T236 shadow fold=0 lr0=1e-02 ===
/workspace_developability_acquisition/developability_drilldown/models/antibody_transformer/model.py:347: UserWarning: enable_nested_tensor is True, but self.use_nested_tensor is False because encoder_layer.norm_first was True
  self.encoder = nn.TransformerEncoder(_make_encoder_layer(), num_layers=n_layers)
=== EXP-T236 shadow fold=1 lr0=1e-05 ===
=== EXP-T236 shadow fold=1 lr0=1e-04 ===
=== EXP-T236 shadow fold=1 lr0=1e-03 ===
=== EXP-T236 shadow fold=1 lr0=1e-02 ===
/workspace_developability_acquisition/developability_drilldown/models/antibody_transformer/model.py:347: UserWarning: enable_nested_tensor is True, but self.use_nested_tensor is False because encoder_layer.norm_first was True
  self.encoder = nn.TransformerEncoder(_make_encoder_layer(), num_layers=n_layers)
=== EXP-T236 shadow fold=2 lr0=1e-05 ===
=== EXP-T236 shadow fold=2 lr0=1e-04 ===
=== EXP-T236 shadow fold=2 lr0=1e-03 ===
=== EXP-T236 shadow fold=2 lr0=1e-02 ===
/workspace_developability_acquisition/developability_drilldown/models/antibody_transformer/model.py:347: UserWarning: enable_nested_tensor is True, but self.use_nested_tensor is False because encoder_layer.norm_first was True
  self.encoder = nn.TransformerEncoder(_make_encoder_layer(), num_layers=n_layers)
=== EXP-T236 shadow fold=3 lr0=1e-05 ===
=== EXP-T236 shadow fold=3 lr0=1e-04 ===
=== EXP-T236 shadow fold=3 lr0=1e-03 ===
=== EXP-T236 shadow fold=3 lr0=1e-02 ===
/workspace_developability_acquisition/developability_drilldown/models/antibody_transformer/model.py:347: UserWarning: enable_nested_tensor is True, but self.use_nested_tensor is False because encoder_layer.norm_first was True
  self.encoder = nn.TransformerEncoder(_make_encoder_layer(), num_layers=n_layers)
=== EXP-T236 shadow fold=4 lr0=1e-05 ===
=== EXP-T236 shadow fold=4 lr0=1e-04 ===
=== EXP-T236 shadow fold=4 lr0=1e-03 ===
=== EXP-T236 shadow fold=4 lr0=1e-02 ===
/workspace_developability_acquisition/developability_drilldown/models/antibody_transformer/model.py:347: UserWarning: enable_nested_tensor is True, but self.use_nested_tensor is False because encoder_layer.norm_first was True
  self.encoder = nn.TransformerEncoder(_make_encoder_layer(), num_layers=n_layers)
DONE EXP-T236 mean=3.381798
==== TRAIN EXP-T237 ablang1/B1/IMGT ====
/workspace_developability_acquisition/developability_drilldown/models/antibody_transformer/model.py:347: UserWarning: enable_nested_tensor is True, but self.use_nested_tensor is False because encoder_layer.norm_first was True
  self.encoder = nn.TransformerEncoder(_make_encoder_layer(), num_layers=n_layers)
=== EXP-T237 primary fold=0 lr0=1e-05 ===
=== EXP-T237 primary fold=0 lr0=1e-04 ===
=== EXP-T237 primary fold=0 lr0=1e-03 ===
=== EXP-T237 primary fold=0 lr0=1e-02 ===
/workspace_developability_acquisition/developability_drilldown/models/antibody_transformer/model.py:347: UserWarning: enable_nested_tensor is True, but self.use_nested_tensor is False because encoder_layer.norm_first was True
  self.encoder = nn.TransformerEncoder(_make_encoder_layer(), num_layers=n_layers)
=== EXP-T237 primary fold=1 lr0=1e-05 ===
=== EXP-T237 primary fold=1 lr0=1e-04 ===
=== EXP-T237 primary fold=1 lr0=1e-03 ===
=== EXP-T237 primary fold=1 lr0=1e-02 ===
/workspace_developability_acquisition/developability_drilldown/models/antibody_transformer/model.py:347: UserWarning: enable_nested_tensor is True, but self.use_nested_tensor is False because encoder_layer.norm_first was True
  self.encoder = nn.TransformerEncoder(_make_encoder_layer(), num_layers=n_layers)
=== EXP-T237 primary fold=2 lr0=1e-05 ===
=== EXP-T237 primary fold=2 lr0=1e-04 ===
=== EXP-T237 primary fold=2 lr0=1e-03 ===
=== EXP-T237 primary fold=2 lr0=1e-02 ===
/workspace_developability_acquisition/developability_drilldown/models/antibody_transformer/model.py:347: UserWarning: enable_nested_tensor is True, but self.use_nested_tensor is False because encoder_layer.norm_first was True
  self.encoder = nn.TransformerEncoder(_make_encoder_layer(), num_layers=n_layers)
=== EXP-T237 primary fold=3 lr0=1e-05 ===
=== EXP-T237 primary fold=3 lr0=1e-04 ===
=== EXP-T237 primary fold=3 lr0=1e-03 ===
=== EXP-T237 primary fold=3 lr0=1e-02 ===
/workspace_developability_acquisition/developability_drilldown/models/antibody_transformer/model.py:347: UserWarning: enable_nested_tensor is True, but self.use_nested_tensor is False because encoder_layer.norm_first was True
  self.encoder = nn.TransformerEncoder(_make_encoder_layer(), num_layers=n_layers)
=== EXP-T237 primary fold=4 lr0=1e-05 ===
=== EXP-T237 primary fold=4 lr0=1e-04 ===
=== EXP-T237 primary fold=4 lr0=1e-03 ===
=== EXP-T237 primary fold=4 lr0=1e-02 ===
/workspace_developability_acquisition/developability_drilldown/models/antibody_transformer/model.py:347: UserWarning: enable_nested_tensor is True, but self.use_nested_tensor is False because encoder_layer.norm_first was True
  self.encoder = nn.TransformerEncoder(_make_encoder_layer(), num_layers=n_layers)
=== EXP-T237 shadow fold=0 lr0=1e-05 ===
=== EXP-T237 shadow fold=0 lr0=1e-04 ===
=== EXP-T237 shadow fold=0 lr0=1e-03 ===
=== EXP-T237 shadow fold=0 lr0=1e-02 ===
/workspace_developability_acquisition/developability_drilldown/models/antibody_transformer/model.py:347: UserWarning: enable_nested_tensor is True, but self.use_nested_tensor is False because encoder_layer.norm_first was True
  self.encoder = nn.TransformerEncoder(_make_encoder_layer(), num_layers=n_layers)
=== EXP-T237 shadow fold=1 lr0=1e-05 ===
=== EXP-T237 shadow fold=1 lr0=1e-04 ===
=== EXP-T237 shadow fold=1 lr0=1e-03 ===
=== EXP-T237 shadow fold=1 lr0=1e-02 ===
/workspace_developability_acquisition/developability_drilldown/models/antibody_transformer/model.py:347: UserWarning: enable_nested_tensor is True, but self.use_nested_tensor is False because encoder_layer.norm_first was True
  self.encoder = nn.TransformerEncoder(_make_encoder_layer(), num_layers=n_layers)
=== EXP-T237 shadow fold=2 lr0=1e-05 ===
=== EXP-T237 shadow fold=2 lr0=1e-04 ===
=== EXP-T237 shadow fold=2 lr0=1e-03 ===
=== EXP-T237 shadow fold=2 lr0=1e-02 ===
/workspace_developability_acquisition/developability_drilldown/models/antibody_transformer/model.py:347: UserWarning: enable_nested_tensor is True, but self.use_nested_tensor is False because encoder_layer.norm_first was True
  self.encoder = nn.TransformerEncoder(_make_encoder_layer(), num_layers=n_layers)
=== EXP-T237 shadow fold=3 lr0=1e-05 ===
=== EXP-T237 shadow fold=3 lr0=1e-04 ===
=== EXP-T237 shadow fold=3 lr0=1e-03 ===
=== EXP-T237 shadow fold=3 lr0=1e-02 ===
/workspace_developability_acquisition/developability_drilldown/models/antibody_transformer/model.py:347: UserWarning: enable_nested_tensor is True, but self.use_nested_tensor is False because encoder_layer.norm_first was True
  self.encoder = nn.TransformerEncoder(_make_encoder_layer(), num_layers=n_layers)
=== EXP-T237 shadow fold=4 lr0=1e-05 ===
=== EXP-T237 shadow fold=4 lr0=1e-04 ===
=== EXP-T237 shadow fold=4 lr0=1e-03 ===
=== EXP-T237 shadow fold=4 lr0=1e-02 ===
/workspace_developability_acquisition/developability_drilldown/models/antibody_transformer/model.py:347: UserWarning: enable_nested_tensor is True, but self.use_nested_tensor is False because encoder_layer.norm_first was True
  self.encoder = nn.TransformerEncoder(_make_encoder_layer(), num_layers=n_layers)
DONE EXP-T237 mean=3.406659
==== TRAIN EXP-T238 ablang1/B2/IMGT ====
/workspace_developability_acquisition/developability_drilldown/models/antibody_transformer/model.py:347: UserWarning: enable_nested_tensor is True, but self.use_nested_tensor is False because encoder_layer.norm_first was True
  self.encoder = nn.TransformerEncoder(_make_encoder_layer(), num_layers=n_layers)
=== EXP-T238 primary fold=0 lr0=1e-05 ===
=== EXP-T238 primary fold=0 lr0=1e-04 ===
=== EXP-T238 primary fold=0 lr0=1e-03 ===
=== EXP-T238 primary fold=0 lr0=1e-02 ===
/workspace_developability_acquisition/developability_drilldown/models/antibody_transformer/model.py:347: UserWarning: enable_nested_tensor is True, but self.use_nested_tensor is False because encoder_layer.norm_first was True
  self.encoder = nn.TransformerEncoder(_make_encoder_layer(), num_layers=n_layers)
=== EXP-T238 primary fold=1 lr0=1e-05 ===
=== EXP-T238 primary fold=1 lr0=1e-04 ===
=== EXP-T238 primary fold=1 lr0=1e-03 ===
=== EXP-T238 primary fold=1 lr0=1e-02 ===
/workspace_developability_acquisition/developability_drilldown/models/antibody_transformer/model.py:347: UserWarning: enable_nested_tensor is True, but self.use_nested_tensor is False because encoder_layer.norm_first was True
  self.encoder = nn.TransformerEncoder(_make_encoder_layer(), num_layers=n_layers)
=== EXP-T238 primary fold=2 lr0=1e-05 ===
=== EXP-T238 primary fold=2 lr0=1e-04 ===
=== EXP-T238 primary fold=2 lr0=1e-03 ===
=== EXP-T238 primary fold=2 lr0=1e-02 ===
/workspace_developability_acquisition/developability_drilldown/models/antibody_transformer/model.py:347: UserWarning: enable_nested_tensor is True, but self.use_nested_tensor is False because encoder_layer.norm_first was True
  self.encoder = nn.TransformerEncoder(_make_encoder_layer(), num_layers=n_layers)
=== EXP-T238 primary fold=3 lr0=1e-05 ===
=== EXP-T238 primary fold=3 lr0=1e-04 ===
=== EXP-T238 primary fold=3 lr0=1e-03 ===
=== EXP-T238 primary fold=3 lr0=1e-02 ===
/workspace_developability_acquisition/developability_drilldown/models/antibody_transformer/model.py:347: UserWarning: enable_nested_tensor is True, but self.use_nested_tensor is False because encoder_layer.norm_first was True
  self.encoder = nn.TransformerEncoder(_make_encoder_layer(), num_layers=n_layers)
=== EXP-T238 primary fold=4 lr0=1e-05 ===
=== EXP-T238 primary fold=4 lr0=1e-04 ===
=== EXP-T238 primary fold=4 lr0=1e-03 ===
=== EXP-T238 primary fold=4 lr0=1e-02 ===
/workspace_developability_acquisition/developability_drilldown/models/antibody_transformer/model.py:347: UserWarning: enable_nested_tensor is True, but self.use_nested_tensor is False because encoder_layer.norm_first was True
  self.encoder = nn.TransformerEncoder(_make_encoder_layer(), num_layers=n_layers)
=== EXP-T238 shadow fold=0 lr0=1e-05 ===
=== EXP-T238 shadow fold=0 lr0=1e-04 ===
=== EXP-T238 shadow fold=0 lr0=1e-03 ===
=== EXP-T238 shadow fold=0 lr0=1e-02 ===
/workspace_developability_acquisition/developability_drilldown/models/antibody_transformer/model.py:347: UserWarning: enable_nested_tensor is True, but self.use_nested_tensor is False because encoder_layer.norm_first was True
  self.encoder = nn.TransformerEncoder(_make_encoder_layer(), num_layers=n_layers)
=== EXP-T238 shadow fold=1 lr0=1e-05 ===
=== EXP-T238 shadow fold=1 lr0=1e-04 ===
=== EXP-T238 shadow fold=1 lr0=1e-03 ===
=== EXP-T238 shadow fold=1 lr0=1e-02 ===
/workspace_developability_acquisition/developability_drilldown/models/antibody_transformer/model.py:347: UserWarning: enable_nested_tensor is True, but self.use_nested_tensor is False because encoder_layer.norm_first was True
  self.encoder = nn.TransformerEncoder(_make_encoder_layer(), num_layers=n_layers)
=== EXP-T238 shadow fold=2 lr0=1e-05 ===
=== EXP-T238 shadow fold=2 lr0=1e-04 ===
=== EXP-T238 shadow fold=2 lr0=1e-03 ===
=== EXP-T238 shadow fold=2 lr0=1e-02 ===
/workspace_developability_acquisition/developability_drilldown/models/antibody_transformer/model.py:347: UserWarning: enable_nested_tensor is True, but self.use_nested_tensor is False because encoder_layer.norm_first was True
  self.encoder = nn.TransformerEncoder(_make_encoder_layer(), num_layers=n_layers)
=== EXP-T238 shadow fold=3 lr0=1e-05 ===
=== EXP-T238 shadow fold=3 lr0=1e-04 ===
=== EXP-T238 shadow fold=3 lr0=1e-03 ===
=== EXP-T238 shadow fold=3 lr0=1e-02 ===
/workspace_developability_acquisition/developability_drilldown/models/antibody_transformer/model.py:347: UserWarning: enable_nested_tensor is True, but self.use_nested_tensor is False because encoder_layer.norm_first was True
  self.encoder = nn.TransformerEncoder(_make_encoder_layer(), num_layers=n_layers)
=== EXP-T238 shadow fold=4 lr0=1e-05 ===
=== EXP-T238 shadow fold=4 lr0=1e-04 ===
=== EXP-T238 shadow fold=4 lr0=1e-03 ===
=== EXP-T238 shadow fold=4 lr0=1e-02 ===
/workspace_developability_acquisition/developability_drilldown/models/antibody_transformer/model.py:347: UserWarning: enable_nested_tensor is True, but self.use_nested_tensor is False because encoder_layer.norm_first was True
  self.encoder = nn.TransformerEncoder(_make_encoder_layer(), num_layers=n_layers)
DONE EXP-T238 mean=3.353869
==== TRAIN EXP-T239 ablang1/C/IMGT ====
/workspace_developability_acquisition/developability_drilldown/models/antibody_transformer/model.py:347: UserWarning: enable_nested_tensor is True, but self.use_nested_tensor is False because encoder_layer.norm_first was True
  self.encoder = nn.TransformerEncoder(_make_encoder_layer(), num_layers=n_layers)
=== EXP-T239 primary fold=0 lr0=1e-05 ===
=== EXP-T239 primary fold=0 lr0=1e-04 ===
=== EXP-T239 primary fold=0 lr0=1e-03 ===
=== EXP-T239 primary fold=0 lr0=1e-02 ===
/workspace_developability_acquisition/developability_drilldown/models/antibody_transformer/model.py:347: UserWarning: enable_nested_tensor is True, but self.use_nested_tensor is False because encoder_layer.norm_first was True
  self.encoder = nn.TransformerEncoder(_make_encoder_layer(), num_layers=n_layers)
=== EXP-T239 primary fold=1 lr0=1e-05 ===
=== EXP-T239 primary fold=1 lr0=1e-04 ===
=== EXP-T239 primary fold=1 lr0=1e-03 ===
=== EXP-T239 primary fold=1 lr0=1e-02 ===
/workspace_developability_acquisition/developability_drilldown/models/antibody_transformer/model.py:347: UserWarning: enable_nested_tensor is True, but self.use_nested_tensor is False because encoder_layer.norm_first was True
  self.encoder = nn.TransformerEncoder(_make_encoder_layer(), num_layers=n_layers)
=== EXP-T239 primary fold=2 lr0=1e-05 ===
=== EXP-T239 primary fold=2 lr0=1e-04 ===
=== EXP-T239 primary fold=2 lr0=1e-03 ===
=== EXP-T239 primary fold=2 lr0=1e-02 ===
/workspace_developability_acquisition/developability_drilldown/models/antibody_transformer/model.py:347: UserWarning: enable_nested_tensor is True, but self.use_nested_tensor is False because encoder_layer.norm_first was True
  self.encoder = nn.TransformerEncoder(_make_encoder_layer(), num_layers=n_layers)
=== EXP-T239 primary fold=3 lr0=1e-05 ===
=== EXP-T239 primary fold=3 lr0=1e-04 ===
=== EXP-T239 primary fold=3 lr0=1e-03 ===
=== EXP-T239 primary fold=3 lr0=1e-02 ===
/workspace_developability_acquisition/developability_drilldown/models/antibody_transformer/model.py:347: UserWarning: enable_nested_tensor is True, but self.use_nested_tensor is False because encoder_layer.norm_first was True
  self.encoder = nn.TransformerEncoder(_make_encoder_layer(), num_layers=n_layers)
=== EXP-T239 primary fold=4 lr0=1e-05 ===
=== EXP-T239 primary fold=4 lr0=1e-04 ===
=== EXP-T239 primary fold=4 lr0=1e-03 ===
=== EXP-T239 primary fold=4 lr0=1e-02 ===
/workspace_developability_acquisition/developability_drilldown/models/antibody_transformer/model.py:347: UserWarning: enable_nested_tensor is True, but self.use_nested_tensor is False because encoder_layer.norm_first was True
  self.encoder = nn.TransformerEncoder(_make_encoder_layer(), num_layers=n_layers)
=== EXP-T239 shadow fold=0 lr0=1e-05 ===
=== EXP-T239 shadow fold=0 lr0=1e-04 ===
=== EXP-T239 shadow fold=0 lr0=1e-03 ===
=== EXP-T239 shadow fold=0 lr0=1e-02 ===
/workspace_developability_acquisition/developability_drilldown/models/antibody_transformer/model.py:347: UserWarning: enable_nested_tensor is True, but self.use_nested_tensor is False because encoder_layer.norm_first was True
  self.encoder = nn.TransformerEncoder(_make_encoder_layer(), num_layers=n_layers)
=== EXP-T239 shadow fold=1 lr0=1e-05 ===
=== EXP-T239 shadow fold=1 lr0=1e-04 ===
=== EXP-T239 shadow fold=1 lr0=1e-03 ===
=== EXP-T239 shadow fold=1 lr0=1e-02 ===
/workspace_developability_acquisition/developability_drilldown/models/antibody_transformer/model.py:347: UserWarning: enable_nested_tensor is True, but self.use_nested_tensor is False because encoder_layer.norm_first was True
  self.encoder = nn.TransformerEncoder(_make_encoder_layer(), num_layers=n_layers)
=== EXP-T239 shadow fold=2 lr0=1e-05 ===
=== EXP-T239 shadow fold=2 lr0=1e-04 ===
=== EXP-T239 shadow fold=2 lr0=1e-03 ===
=== EXP-T239 shadow fold=2 lr0=1e-02 ===
/workspace_developability_acquisition/developability_drilldown/models/antibody_transformer/model.py:347: UserWarning: enable_nested_tensor is True, but self.use_nested_tensor is False because encoder_layer.norm_first was True
  self.encoder = nn.TransformerEncoder(_make_encoder_layer(), num_layers=n_layers)
=== EXP-T239 shadow fold=3 lr0=1e-05 ===
=== EXP-T239 shadow fold=3 lr0=1e-04 ===
=== EXP-T239 shadow fold=3 lr0=1e-03 ===
=== EXP-T239 shadow fold=3 lr0=1e-02 ===
/workspace_developability_acquisition/developability_drilldown/models/antibody_transformer/model.py:347: UserWarning: enable_nested_tensor is True, but self.use_nested_tensor is False because encoder_layer.norm_first was True
  self.encoder = nn.TransformerEncoder(_make_encoder_layer(), num_layers=n_layers)
=== EXP-T239 shadow fold=4 lr0=1e-05 ===
=== EXP-T239 shadow fold=4 lr0=1e-04 ===
=== EXP-T239 shadow fold=4 lr0=1e-03 ===
=== EXP-T239 shadow fold=4 lr0=1e-02 ===
/workspace_developability_acquisition/developability_drilldown/models/antibody_transformer/model.py:347: UserWarning: enable_nested_tensor is True, but self.use_nested_tensor is False because encoder_layer.norm_first was True
  self.encoder = nn.TransformerEncoder(_make_encoder_layer(), num_layers=n_layers)
DONE EXP-T239 mean=3.500050
==== TRAIN EXP-T240 ablang1/D/IMGT ====
/workspace_developability_acquisition/developability_drilldown/models/antibody_transformer/model.py:347: UserWarning: enable_nested_tensor is True, but self.use_nested_tensor is False because encoder_layer.norm_first was True
  self.encoder = nn.TransformerEncoder(_make_encoder_layer(), num_layers=n_layers)
=== EXP-T240 primary fold=0 lr0=1e-05 ===
=== EXP-T240 primary fold=0 lr0=1e-04 ===
=== EXP-T240 primary fold=0 lr0=1e-03 ===
=== EXP-T240 primary fold=0 lr0=1e-02 ===
/workspace_developability_acquisition/developability_drilldown/models/antibody_transformer/model.py:347: UserWarning: enable_nested_tensor is True, but self.use_nested_tensor is False because encoder_layer.norm_first was True
  self.encoder = nn.TransformerEncoder(_make_encoder_layer(), num_layers=n_layers)
=== EXP-T240 primary fold=1 lr0=1e-05 ===
=== EXP-T240 primary fold=1 lr0=1e-04 ===
=== EXP-T240 primary fold=1 lr0=1e-03 ===
=== EXP-T240 primary fold=1 lr0=1e-02 ===
/workspace_developability_acquisition/developability_drilldown/models/antibody_transformer/model.py:347: UserWarning: enable_nested_tensor is True, but self.use_nested_tensor is False because encoder_layer.norm_first was True
  self.encoder = nn.TransformerEncoder(_make_encoder_layer(), num_layers=n_layers)
=== EXP-T240 primary fold=2 lr0=1e-05 ===
=== EXP-T240 primary fold=2 lr0=1e-04 ===
=== EXP-T240 primary fold=2 lr0=1e-03 ===
=== EXP-T240 primary fold=2 lr0=1e-02 ===
/workspace_developability_acquisition/developability_drilldown/models/antibody_transformer/model.py:347: UserWarning: enable_nested_tensor is True, but self.use_nested_tensor is False because encoder_layer.norm_first was True
  self.encoder = nn.TransformerEncoder(_make_encoder_layer(), num_layers=n_layers)
=== EXP-T240 primary fold=3 lr0=1e-05 ===
=== EXP-T240 primary fold=3 lr0=1e-04 ===
=== EXP-T240 primary fold=3 lr0=1e-03 ===
=== EXP-T240 primary fold=3 lr0=1e-02 ===
/workspace_developability_acquisition/developability_drilldown/models/antibody_transformer/model.py:347: UserWarning: enable_nested_tensor is True, but self.use_nested_tensor is False because encoder_layer.norm_first was True
  self.encoder = nn.TransformerEncoder(_make_encoder_layer(), num_layers=n_layers)
=== EXP-T240 primary fold=4 lr0=1e-05 ===
=== EXP-T240 primary fold=4 lr0=1e-04 ===
=== EXP-T240 primary fold=4 lr0=1e-03 ===
=== EXP-T240 primary fold=4 lr0=1e-02 ===
/workspace_developability_acquisition/developability_drilldown/models/antibody_transformer/model.py:347: UserWarning: enable_nested_tensor is True, but self.use_nested_tensor is False because encoder_layer.norm_first was True
  self.encoder = nn.TransformerEncoder(_make_encoder_layer(), num_layers=n_layers)
=== EXP-T240 shadow fold=0 lr0=1e-05 ===
=== EXP-T240 shadow fold=0 lr0=1e-04 ===
=== EXP-T240 shadow fold=0 lr0=1e-03 ===
=== EXP-T240 shadow fold=0 lr0=1e-02 ===
/workspace_developability_acquisition/developability_drilldown/models/antibody_transformer/model.py:347: UserWarning: enable_nested_tensor is True, but self.use_nested_tensor is False because encoder_layer.norm_first was True
  self.encoder = nn.TransformerEncoder(_make_encoder_layer(), num_layers=n_layers)
=== EXP-T240 shadow fold=1 lr0=1e-05 ===
=== EXP-T240 shadow fold=1 lr0=1e-04 ===
=== EXP-T240 shadow fold=1 lr0=1e-03 ===
=== EXP-T240 shadow fold=1 lr0=1e-02 ===
/workspace_developability_acquisition/developability_drilldown/models/antibody_transformer/model.py:347: UserWarning: enable_nested_tensor is True, but self.use_nested_tensor is False because encoder_layer.norm_first was True
  self.encoder = nn.TransformerEncoder(_make_encoder_layer(), num_layers=n_layers)
=== EXP-T240 shadow fold=2 lr0=1e-05 ===
=== EXP-T240 shadow fold=2 lr0=1e-04 ===
=== EXP-T240 shadow fold=2 lr0=1e-03 ===
=== EXP-T240 shadow fold=2 lr0=1e-02 ===
/workspace_developability_acquisition/developability_drilldown/models/antibody_transformer/model.py:347: UserWarning: enable_nested_tensor is True, but self.use_nested_tensor is False because encoder_layer.norm_first was True
  self.encoder = nn.TransformerEncoder(_make_encoder_layer(), num_layers=n_layers)
=== EXP-T240 shadow fold=3 lr0=1e-05 ===
=== EXP-T240 shadow fold=3 lr0=1e-04 ===
=== EXP-T240 shadow fold=3 lr0=1e-03 ===
=== EXP-T240 shadow fold=3 lr0=1e-02 ===
/workspace_developability_acquisition/developability_drilldown/models/antibody_transformer/model.py:347: UserWarning: enable_nested_tensor is True, but self.use_nested_tensor is False because encoder_layer.norm_first was True
  self.encoder = nn.TransformerEncoder(_make_encoder_layer(), num_layers=n_layers)
=== EXP-T240 shadow fold=4 lr0=1e-05 ===
=== EXP-T240 shadow fold=4 lr0=1e-04 ===
=== EXP-T240 shadow fold=4 lr0=1e-03 ===
=== EXP-T240 shadow fold=4 lr0=1e-02 ===
/workspace_developability_acquisition/developability_drilldown/models/antibody_transformer/model.py:347: UserWarning: enable_nested_tensor is True, but self.use_nested_tensor is False because encoder_layer.norm_first was True
  self.encoder = nn.TransformerEncoder(_make_encoder_layer(), num_layers=n_layers)
DONE EXP-T240 mean=3.420363
==== TRAIN EXP-T241 ablang1/A/REGION ====
/workspace_developability_acquisition/developability_drilldown/models/antibody_transformer/model.py:347: UserWarning: enable_nested_tensor is True, but self.use_nested_tensor is False because encoder_layer.norm_first was True
  self.encoder = nn.TransformerEncoder(_make_encoder_layer(), num_layers=n_layers)
=== EXP-T241 primary fold=0 lr0=1e-05 ===
=== EXP-T241 primary fold=0 lr0=1e-04 ===
=== EXP-T241 primary fold=0 lr0=1e-03 ===
=== EXP-T241 primary fold=0 lr0=1e-02 ===
/workspace_developability_acquisition/developability_drilldown/models/antibody_transformer/model.py:347: UserWarning: enable_nested_tensor is True, but self.use_nested_tensor is False because encoder_layer.norm_first was True
  self.encoder = nn.TransformerEncoder(_make_encoder_layer(), num_layers=n_layers)
=== EXP-T241 primary fold=1 lr0=1e-05 ===
=== EXP-T241 primary fold=1 lr0=1e-04 ===
=== EXP-T241 primary fold=1 lr0=1e-03 ===
=== EXP-T241 primary fold=1 lr0=1e-02 ===
/workspace_developability_acquisition/developability_drilldown/models/antibody_transformer/model.py:347: UserWarning: enable_nested_tensor is True, but self.use_nested_tensor is False because encoder_layer.norm_first was True
  self.encoder = nn.TransformerEncoder(_make_encoder_layer(), num_layers=n_layers)
=== EXP-T241 primary fold=2 lr0=1e-05 ===
=== EXP-T241 primary fold=2 lr0=1e-04 ===
=== EXP-T241 primary fold=2 lr0=1e-03 ===
=== EXP-T241 primary fold=2 lr0=1e-02 ===
/workspace_developability_acquisition/developability_drilldown/models/antibody_transformer/model.py:347: UserWarning: enable_nested_tensor is True, but self.use_nested_tensor is False because encoder_layer.norm_first was True
  self.encoder = nn.TransformerEncoder(_make_encoder_layer(), num_layers=n_layers)
=== EXP-T241 primary fold=3 lr0=1e-05 ===
=== EXP-T241 primary fold=3 lr0=1e-04 ===
=== EXP-T241 primary fold=3 lr0=1e-03 ===
=== EXP-T241 primary fold=3 lr0=1e-02 ===
/workspace_developability_acquisition/developability_drilldown/models/antibody_transformer/model.py:347: UserWarning: enable_nested_tensor is True, but self.use_nested_tensor is False because encoder_layer.norm_first was True
  self.encoder = nn.TransformerEncoder(_make_encoder_layer(), num_layers=n_layers)
=== EXP-T241 primary fold=4 lr0=1e-05 ===
=== EXP-T241 primary fold=4 lr0=1e-04 ===
=== EXP-T241 primary fold=4 lr0=1e-03 ===
=== EXP-T241 primary fold=4 lr0=1e-02 ===
/workspace_developability_acquisition/developability_drilldown/models/antibody_transformer/model.py:347: UserWarning: enable_nested_tensor is True, but self.use_nested_tensor is False because encoder_layer.norm_first was True
  self.encoder = nn.TransformerEncoder(_make_encoder_layer(), num_layers=n_layers)
=== EXP-T241 shadow fold=0 lr0=1e-05 ===
=== EXP-T241 shadow fold=0 lr0=1e-04 ===
=== EXP-T241 shadow fold=0 lr0=1e-03 ===
=== EXP-T241 shadow fold=0 lr0=1e-02 ===
/workspace_developability_acquisition/developability_drilldown/models/antibody_transformer/model.py:347: UserWarning: enable_nested_tensor is True, but self.use_nested_tensor is False because encoder_layer.norm_first was True
  self.encoder = nn.TransformerEncoder(_make_encoder_layer(), num_layers=n_layers)
=== EXP-T241 shadow fold=1 lr0=1e-05 ===
=== EXP-T241 shadow fold=1 lr0=1e-04 ===
=== EXP-T241 shadow fold=1 lr0=1e-03 ===
=== EXP-T241 shadow fold=1 lr0=1e-02 ===
/workspace_developability_acquisition/developability_drilldown/models/antibody_transformer/model.py:347: UserWarning: enable_nested_tensor is True, but self.use_nested_tensor is False because encoder_layer.norm_first was True
  self.encoder = nn.TransformerEncoder(_make_encoder_layer(), num_layers=n_layers)
=== EXP-T241 shadow fold=2 lr0=1e-05 ===
=== EXP-T241 shadow fold=2 lr0=1e-04 ===
=== EXP-T241 shadow fold=2 lr0=1e-03 ===
=== EXP-T241 shadow fold=2 lr0=1e-02 ===
/workspace_developability_acquisition/developability_drilldown/models/antibody_transformer/model.py:347: UserWarning: enable_nested_tensor is True, but self.use_nested_tensor is False because encoder_layer.norm_first was True
  self.encoder = nn.TransformerEncoder(_make_encoder_layer(), num_layers=n_layers)
=== EXP-T241 shadow fold=3 lr0=1e-05 ===
=== EXP-T241 shadow fold=3 lr0=1e-04 ===
=== EXP-T241 shadow fold=3 lr0=1e-03 ===
=== EXP-T241 shadow fold=3 lr0=1e-02 ===
/workspace_developability_acquisition/developability_drilldown/models/antibody_transformer/model.py:347: UserWarning: enable_nested_tensor is True, but self.use_nested_tensor is False because encoder_layer.norm_first was True
  self.encoder = nn.TransformerEncoder(_make_encoder_layer(), num_layers=n_layers)
=== EXP-T241 shadow fold=4 lr0=1e-05 ===
=== EXP-T241 shadow fold=4 lr0=1e-04 ===
=== EXP-T241 shadow fold=4 lr0=1e-03 ===
=== EXP-T241 shadow fold=4 lr0=1e-02 ===
/workspace_developability_acquisition/developability_drilldown/models/antibody_transformer/model.py:347: UserWarning: enable_nested_tensor is True, but self.use_nested_tensor is False because encoder_layer.norm_first was True
  self.encoder = nn.TransformerEncoder(_make_encoder_layer(), num_layers=n_layers)
DONE EXP-T241 mean=3.430781
==== TRAIN EXP-T242 ablang1/B1/REGION ====
/workspace_developability_acquisition/developability_drilldown/models/antibody_transformer/model.py:347: UserWarning: enable_nested_tensor is True, but self.use_nested_tensor is False because encoder_layer.norm_first was True
  self.encoder = nn.TransformerEncoder(_make_encoder_layer(), num_layers=n_layers)
=== EXP-T242 primary fold=0 lr0=1e-05 ===
=== EXP-T242 primary fold=0 lr0=1e-04 ===
=== EXP-T242 primary fold=0 lr0=1e-03 ===
=== EXP-T242 primary fold=0 lr0=1e-02 ===
/workspace_developability_acquisition/developability_drilldown/models/antibody_transformer/model.py:347: UserWarning: enable_nested_tensor is True, but self.use_nested_tensor is False because encoder_layer.norm_first was True
  self.encoder = nn.TransformerEncoder(_make_encoder_layer(), num_layers=n_layers)
=== EXP-T242 primary fold=1 lr0=1e-05 ===
=== EXP-T242 primary fold=1 lr0=1e-04 ===
=== EXP-T242 primary fold=1 lr0=1e-03 ===
=== EXP-T242 primary fold=1 lr0=1e-02 ===
/workspace_developability_acquisition/developability_drilldown/models/antibody_transformer/model.py:347: UserWarning: enable_nested_tensor is True, but self.use_nested_tensor is False because encoder_layer.norm_first was True
  self.encoder = nn.TransformerEncoder(_make_encoder_layer(), num_layers=n_layers)
=== EXP-T242 primary fold=2 lr0=1e-05 ===
=== EXP-T242 primary fold=2 lr0=1e-04 ===
=== EXP-T242 primary fold=2 lr0=1e-03 ===
=== EXP-T242 primary fold=2 lr0=1e-02 ===
/workspace_developability_acquisition/developability_drilldown/models/antibody_transformer/model.py:347: UserWarning: enable_nested_tensor is True, but self.use_nested_tensor is False because encoder_layer.norm_first was True
  self.encoder = nn.TransformerEncoder(_make_encoder_layer(), num_layers=n_layers)
=== EXP-T242 primary fold=3 lr0=1e-05 ===
=== EXP-T242 primary fold=3 lr0=1e-04 ===
=== EXP-T242 primary fold=3 lr0=1e-03 ===
=== EXP-T242 primary fold=3 lr0=1e-02 ===
/workspace_developability_acquisition/developability_drilldown/models/antibody_transformer/model.py:347: UserWarning: enable_nested_tensor is True, but self.use_nested_tensor is False because encoder_layer.norm_first was True
  self.encoder = nn.TransformerEncoder(_make_encoder_layer(), num_layers=n_layers)
=== EXP-T242 primary fold=4 lr0=1e-05 ===
=== EXP-T242 primary fold=4 lr0=1e-04 ===
=== EXP-T242 primary fold=4 lr0=1e-03 ===
=== EXP-T242 primary fold=4 lr0=1e-02 ===
/workspace_developability_acquisition/developability_drilldown/models/antibody_transformer/model.py:347: UserWarning: enable_nested_tensor is True, but self.use_nested_tensor is False because encoder_layer.norm_first was True
  self.encoder = nn.TransformerEncoder(_make_encoder_layer(), num_layers=n_layers)
=== EXP-T242 shadow fold=0 lr0=1e-05 ===
=== EXP-T242 shadow fold=0 lr0=1e-04 ===
=== EXP-T242 shadow fold=0 lr0=1e-03 ===
=== EXP-T242 shadow fold=0 lr0=1e-02 ===
/workspace_developability_acquisition/developability_drilldown/models/antibody_transformer/model.py:347: UserWarning: enable_nested_tensor is True, but self.use_nested_tensor is False because encoder_layer.norm_first was True
  self.encoder = nn.TransformerEncoder(_make_encoder_layer(), num_layers=n_layers)
=== EXP-T242 shadow fold=1 lr0=1e-05 ===
=== EXP-T242 shadow fold=1 lr0=1e-04 ===
=== EXP-T242 shadow fold=1 lr0=1e-03 ===
=== EXP-T242 shadow fold=1 lr0=1e-02 ===
/workspace_developability_acquisition/developability_drilldown/models/antibody_transformer/model.py:347: UserWarning: enable_nested_tensor is True, but self.use_nested_tensor is False because encoder_layer.norm_first was True
  self.encoder = nn.TransformerEncoder(_make_encoder_layer(), num_layers=n_layers)
=== EXP-T242 shadow fold=2 lr0=1e-05 ===
=== EXP-T242 shadow fold=2 lr0=1e-04 ===
=== EXP-T242 shadow fold=2 lr0=1e-03 ===
=== EXP-T242 shadow fold=2 lr0=1e-02 ===
/workspace_developability_acquisition/developability_drilldown/models/antibody_transformer/model.py:347: UserWarning: enable_nested_tensor is True, but self.use_nested_tensor is False because encoder_layer.norm_first was True
  self.encoder = nn.TransformerEncoder(_make_encoder_layer(), num_layers=n_layers)
=== EXP-T242 shadow fold=3 lr0=1e-05 ===
=== EXP-T242 shadow fold=3 lr0=1e-04 ===
=== EXP-T242 shadow fold=3 lr0=1e-03 ===
=== EXP-T242 shadow fold=3 lr0=1e-02 ===
/workspace_developability_acquisition/developability_drilldown/models/antibody_transformer/model.py:347: UserWarning: enable_nested_tensor is True, but self.use_nested_tensor is False because encoder_layer.norm_first was True
  self.encoder = nn.TransformerEncoder(_make_encoder_layer(), num_layers=n_layers)
=== EXP-T242 shadow fold=4 lr0=1e-05 ===
=== EXP-T242 shadow fold=4 lr0=1e-04 ===
=== EXP-T242 shadow fold=4 lr0=1e-03 ===
=== EXP-T242 shadow fold=4 lr0=1e-02 ===
/workspace_developability_acquisition/developability_drilldown/models/antibody_transformer/model.py:347: UserWarning: enable_nested_tensor is True, but self.use_nested_tensor is False because encoder_layer.norm_first was True
  self.encoder = nn.TransformerEncoder(_make_encoder_layer(), num_layers=n_layers)
DONE EXP-T242 mean=3.565872
==== TRAIN EXP-T243 ablang1/B2/REGION ====
/workspace_developability_acquisition/developability_drilldown/models/antibody_transformer/model.py:347: UserWarning: enable_nested_tensor is True, but self.use_nested_tensor is False because encoder_layer.norm_first was True
  self.encoder = nn.TransformerEncoder(_make_encoder_layer(), num_layers=n_layers)
=== EXP-T243 primary fold=0 lr0=1e-05 ===
=== EXP-T243 primary fold=0 lr0=1e-04 ===
=== EXP-T243 primary fold=0 lr0=1e-03 ===
=== EXP-T243 primary fold=0 lr0=1e-02 ===
/workspace_developability_acquisition/developability_drilldown/models/antibody_transformer/model.py:347: UserWarning: enable_nested_tensor is True, but self.use_nested_tensor is False because encoder_layer.norm_first was True
  self.encoder = nn.TransformerEncoder(_make_encoder_layer(), num_layers=n_layers)
=== EXP-T243 primary fold=1 lr0=1e-05 ===
=== EXP-T243 primary fold=1 lr0=1e-04 ===
=== EXP-T243 primary fold=1 lr0=1e-03 ===
=== EXP-T243 primary fold=1 lr0=1e-02 ===
/workspace_developability_acquisition/developability_drilldown/models/antibody_transformer/model.py:347: UserWarning: enable_nested_tensor is True, but self.use_nested_tensor is False because encoder_layer.norm_first was True
  self.encoder = nn.TransformerEncoder(_make_encoder_layer(), num_layers=n_layers)
=== EXP-T243 primary fold=2 lr0=1e-05 ===
=== EXP-T243 primary fold=2 lr0=1e-04 ===
=== EXP-T243 primary fold=2 lr0=1e-03 ===
=== EXP-T243 primary fold=2 lr0=1e-02 ===
/workspace_developability_acquisition/developability_drilldown/models/antibody_transformer/model.py:347: UserWarning: enable_nested_tensor is True, but self.use_nested_tensor is False because encoder_layer.norm_first was True
  self.encoder = nn.TransformerEncoder(_make_encoder_layer(), num_layers=n_layers)
=== EXP-T243 primary fold=3 lr0=1e-05 ===
=== EXP-T243 primary fold=3 lr0=1e-04 ===
=== EXP-T243 primary fold=3 lr0=1e-03 ===
=== EXP-T243 primary fold=3 lr0=1e-02 ===
/workspace_developability_acquisition/developability_drilldown/models/antibody_transformer/model.py:347: UserWarning: enable_nested_tensor is True, but self.use_nested_tensor is False because encoder_layer.norm_first was True
  self.encoder = nn.TransformerEncoder(_make_encoder_layer(), num_layers=n_layers)
=== EXP-T243 primary fold=4 lr0=1e-05 ===
=== EXP-T243 primary fold=4 lr0=1e-04 ===
=== EXP-T243 primary fold=4 lr0=1e-03 ===
=== EXP-T243 primary fold=4 lr0=1e-02 ===
/workspace_developability_acquisition/developability_drilldown/models/antibody_transformer/model.py:347: UserWarning: enable_nested_tensor is True, but self.use_nested_tensor is False because encoder_layer.norm_first was True
  self.encoder = nn.TransformerEncoder(_make_encoder_layer(), num_layers=n_layers)
=== EXP-T243 shadow fold=0 lr0=1e-05 ===
=== EXP-T243 shadow fold=0 lr0=1e-04 ===
=== EXP-T243 shadow fold=0 lr0=1e-03 ===
=== EXP-T243 shadow fold=0 lr0=1e-02 ===
/workspace_developability_acquisition/developability_drilldown/models/antibody_transformer/model.py:347: UserWarning: enable_nested_tensor is True, but self.use_nested_tensor is False because encoder_layer.norm_first was True
  self.encoder = nn.TransformerEncoder(_make_encoder_layer(), num_layers=n_layers)
=== EXP-T243 shadow fold=1 lr0=1e-05 ===
=== EXP-T243 shadow fold=1 lr0=1e-04 ===
=== EXP-T243 shadow fold=1 lr0=1e-03 ===
=== EXP-T243 shadow fold=1 lr0=1e-02 ===
/workspace_developability_acquisition/developability_drilldown/models/antibody_transformer/model.py:347: UserWarning: enable_nested_tensor is True, but self.use_nested_tensor is False because encoder_layer.norm_first was True
  self.encoder = nn.TransformerEncoder(_make_encoder_layer(), num_layers=n_layers)
=== EXP-T243 shadow fold=2 lr0=1e-05 ===
=== EXP-T243 shadow fold=2 lr0=1e-04 ===
=== EXP-T243 shadow fold=2 lr0=1e-03 ===
=== EXP-T243 shadow fold=2 lr0=1e-02 ===
/workspace_developability_acquisition/developability_drilldown/models/antibody_transformer/model.py:347: UserWarning: enable_nested_tensor is True, but self.use_nested_tensor is False because encoder_layer.norm_first was True
  self.encoder = nn.TransformerEncoder(_make_encoder_layer(), num_layers=n_layers)
=== EXP-T243 shadow fold=3 lr0=1e-05 ===
=== EXP-T243 shadow fold=3 lr0=1e-04 ===
=== EXP-T243 shadow fold=3 lr0=1e-03 ===
=== EXP-T243 shadow fold=3 lr0=1e-02 ===
/workspace_developability_acquisition/developability_drilldown/models/antibody_transformer/model.py:347: UserWarning: enable_nested_tensor is True, but self.use_nested_tensor is False because encoder_layer.norm_first was True
  self.encoder = nn.TransformerEncoder(_make_encoder_layer(), num_layers=n_layers)
=== EXP-T243 shadow fold=4 lr0=1e-05 ===
=== EXP-T243 shadow fold=4 lr0=1e-04 ===
=== EXP-T243 shadow fold=4 lr0=1e-03 ===
=== EXP-T243 shadow fold=4 lr0=1e-02 ===
/workspace_developability_acquisition/developability_drilldown/models/antibody_transformer/model.py:347: UserWarning: enable_nested_tensor is True, but self.use_nested_tensor is False because encoder_layer.norm_first was True
  self.encoder = nn.TransformerEncoder(_make_encoder_layer(), num_layers=n_layers)
DONE EXP-T243 mean=3.422321
==== TRAIN EXP-T244 ablang1/C/REGION ====
/workspace_developability_acquisition/developability_drilldown/models/antibody_transformer/model.py:347: UserWarning: enable_nested_tensor is True, but self.use_nested_tensor is False because encoder_layer.norm_first was True
  self.encoder = nn.TransformerEncoder(_make_encoder_layer(), num_layers=n_layers)
=== EXP-T244 primary fold=0 lr0=1e-05 ===
=== EXP-T244 primary fold=0 lr0=1e-04 ===
=== EXP-T244 primary fold=0 lr0=1e-03 ===
=== EXP-T244 primary fold=0 lr0=1e-02 ===
/workspace_developability_acquisition/developability_drilldown/models/antibody_transformer/model.py:347: UserWarning: enable_nested_tensor is True, but self.use_nested_tensor is False because encoder_layer.norm_first was True
  self.encoder = nn.TransformerEncoder(_make_encoder_layer(), num_layers=n_layers)
=== EXP-T244 primary fold=1 lr0=1e-05 ===
=== EXP-T244 primary fold=1 lr0=1e-04 ===
=== EXP-T244 primary fold=1 lr0=1e-03 ===
=== EXP-T244 primary fold=1 lr0=1e-02 ===
/workspace_developability_acquisition/developability_drilldown/models/antibody_transformer/model.py:347: UserWarning: enable_nested_tensor is True, but self.use_nested_tensor is False because encoder_layer.norm_first was True
  self.encoder = nn.TransformerEncoder(_make_encoder_layer(), num_layers=n_layers)
=== EXP-T244 primary fold=2 lr0=1e-05 ===
=== EXP-T244 primary fold=2 lr0=1e-04 ===
=== EXP-T244 primary fold=2 lr0=1e-03 ===
=== EXP-T244 primary fold=2 lr0=1e-02 ===
/workspace_developability_acquisition/developability_drilldown/models/antibody_transformer/model.py:347: UserWarning: enable_nested_tensor is True, but self.use_nested_tensor is False because encoder_layer.norm_first was True
  self.encoder = nn.TransformerEncoder(_make_encoder_layer(), num_layers=n_layers)
=== EXP-T244 primary fold=3 lr0=1e-05 ===
=== EXP-T244 primary fold=3 lr0=1e-04 ===
=== EXP-T244 primary fold=3 lr0=1e-03 ===
=== EXP-T244 primary fold=3 lr0=1e-02 ===
/workspace_developability_acquisition/developability_drilldown/models/antibody_transformer/model.py:347: UserWarning: enable_nested_tensor is True, but self.use_nested_tensor is False because encoder_layer.norm_first was True
  self.encoder = nn.TransformerEncoder(_make_encoder_layer(), num_layers=n_layers)
=== EXP-T244 primary fold=4 lr0=1e-05 ===
=== EXP-T244 primary fold=4 lr0=1e-04 ===
=== EXP-T244 primary fold=4 lr0=1e-03 ===
=== EXP-T244 primary fold=4 lr0=1e-02 ===
/workspace_developability_acquisition/developability_drilldown/models/antibody_transformer/model.py:347: UserWarning: enable_nested_tensor is True, but self.use_nested_tensor is False because encoder_layer.norm_first was True
  self.encoder = nn.TransformerEncoder(_make_encoder_layer(), num_layers=n_layers)
=== EXP-T244 shadow fold=0 lr0=1e-05 ===
=== EXP-T244 shadow fold=0 lr0=1e-04 ===
=== EXP-T244 shadow fold=0 lr0=1e-03 ===
=== EXP-T244 shadow fold=0 lr0=1e-02 ===
/workspace_developability_acquisition/developability_drilldown/models/antibody_transformer/model.py:347: UserWarning: enable_nested_tensor is True, but self.use_nested_tensor is False because encoder_layer.norm_first was True
  self.encoder = nn.TransformerEncoder(_make_encoder_layer(), num_layers=n_layers)
=== EXP-T244 shadow fold=1 lr0=1e-05 ===
=== EXP-T244 shadow fold=1 lr0=1e-04 ===
=== EXP-T244 shadow fold=1 lr0=1e-03 ===
=== EXP-T244 shadow fold=1 lr0=1e-02 ===
/workspace_developability_acquisition/developability_drilldown/models/antibody_transformer/model.py:347: UserWarning: enable_nested_tensor is True, but self.use_nested_tensor is False because encoder_layer.norm_first was True
  self.encoder = nn.TransformerEncoder(_make_encoder_layer(), num_layers=n_layers)
=== EXP-T244 shadow fold=2 lr0=1e-05 ===
=== EXP-T244 shadow fold=2 lr0=1e-04 ===
=== EXP-T244 shadow fold=2 lr0=1e-03 ===
=== EXP-T244 shadow fold=2 lr0=1e-02 ===
/workspace_developability_acquisition/developability_drilldown/models/antibody_transformer/model.py:347: UserWarning: enable_nested_tensor is True, but self.use_nested_tensor is False because encoder_layer.norm_first was True
  self.encoder = nn.TransformerEncoder(_make_encoder_layer(), num_layers=n_layers)
=== EXP-T244 shadow fold=3 lr0=1e-05 ===
=== EXP-T244 shadow fold=3 lr0=1e-04 ===
=== EXP-T244 shadow fold=3 lr0=1e-03 ===
=== EXP-T244 shadow fold=3 lr0=1e-02 ===
/workspace_developability_acquisition/developability_drilldown/models/antibody_transformer/model.py:347: UserWarning: enable_nested_tensor is True, but self.use_nested_tensor is False because encoder_layer.norm_first was True
  self.encoder = nn.TransformerEncoder(_make_encoder_layer(), num_layers=n_layers)
=== EXP-T244 shadow fold=4 lr0=1e-05 ===
=== EXP-T244 shadow fold=4 lr0=1e-04 ===
=== EXP-T244 shadow fold=4 lr0=1e-03 ===
=== EXP-T244 shadow fold=4 lr0=1e-02 ===
/workspace_developability_acquisition/developability_drilldown/models/antibody_transformer/model.py:347: UserWarning: enable_nested_tensor is True, but self.use_nested_tensor is False because encoder_layer.norm_first was True
  self.encoder = nn.TransformerEncoder(_make_encoder_layer(), num_layers=n_layers)
DONE EXP-T244 mean=3.395660
==== TRAIN EXP-T245 ablang1/D/REGION ====
/workspace_developability_acquisition/developability_drilldown/models/antibody_transformer/model.py:347: UserWarning: enable_nested_tensor is True, but self.use_nested_tensor is False because encoder_layer.norm_first was True
  self.encoder = nn.TransformerEncoder(_make_encoder_layer(), num_layers=n_layers)
=== EXP-T245 primary fold=0 lr0=1e-05 ===
=== EXP-T245 primary fold=0 lr0=1e-04 ===
=== EXP-T245 primary fold=0 lr0=1e-03 ===
=== EXP-T245 primary fold=0 lr0=1e-02 ===
/workspace_developability_acquisition/developability_drilldown/models/antibody_transformer/model.py:347: UserWarning: enable_nested_tensor is True, but self.use_nested_tensor is False because encoder_layer.norm_first was True
  self.encoder = nn.TransformerEncoder(_make_encoder_layer(), num_layers=n_layers)
=== EXP-T245 primary fold=1 lr0=1e-05 ===
=== EXP-T245 primary fold=1 lr0=1e-04 ===
=== EXP-T245 primary fold=1 lr0=1e-03 ===
=== EXP-T245 primary fold=1 lr0=1e-02 ===
/workspace_developability_acquisition/developability_drilldown/models/antibody_transformer/model.py:347: UserWarning: enable_nested_tensor is True, but self.use_nested_tensor is False because encoder_layer.norm_first was True
  self.encoder = nn.TransformerEncoder(_make_encoder_layer(), num_layers=n_layers)
=== EXP-T245 primary fold=2 lr0=1e-05 ===
=== EXP-T245 primary fold=2 lr0=1e-04 ===
=== EXP-T245 primary fold=2 lr0=1e-03 ===
=== EXP-T245 primary fold=2 lr0=1e-02 ===
/workspace_developability_acquisition/developability_drilldown/models/antibody_transformer/model.py:347: UserWarning: enable_nested_tensor is True, but self.use_nested_tensor is False because encoder_layer.norm_first was True
  self.encoder = nn.TransformerEncoder(_make_encoder_layer(), num_layers=n_layers)
=== EXP-T245 primary fold=3 lr0=1e-05 ===
=== EXP-T245 primary fold=3 lr0=1e-04 ===
=== EXP-T245 primary fold=3 lr0=1e-03 ===
=== EXP-T245 primary fold=3 lr0=1e-02 ===
/workspace_developability_acquisition/developability_drilldown/models/antibody_transformer/model.py:347: UserWarning: enable_nested_tensor is True, but self.use_nested_tensor is False because encoder_layer.norm_first was True
  self.encoder = nn.TransformerEncoder(_make_encoder_layer(), num_layers=n_layers)
=== EXP-T245 primary fold=4 lr0=1e-05 ===
=== EXP-T245 primary fold=4 lr0=1e-04 ===
=== EXP-T245 primary fold=4 lr0=1e-03 ===
=== EXP-T245 primary fold=4 lr0=1e-02 ===
/workspace_developability_acquisition/developability_drilldown/models/antibody_transformer/model.py:347: UserWarning: enable_nested_tensor is True, but self.use_nested_tensor is False because encoder_layer.norm_first was True
  self.encoder = nn.TransformerEncoder(_make_encoder_layer(), num_layers=n_layers)
=== EXP-T245 shadow fold=0 lr0=1e-05 ===
=== EXP-T245 shadow fold=0 lr0=1e-04 ===
=== EXP-T245 shadow fold=0 lr0=1e-03 ===
=== EXP-T245 shadow fold=0 lr0=1e-02 ===
/workspace_developability_acquisition/developability_drilldown/models/antibody_transformer/model.py:347: UserWarning: enable_nested_tensor is True, but self.use_nested_tensor is False because encoder_layer.norm_first was True
  self.encoder = nn.TransformerEncoder(_make_encoder_layer(), num_layers=n_layers)
=== EXP-T245 shadow fold=1 lr0=1e-05 ===
=== EXP-T245 shadow fold=1 lr0=1e-04 ===
=== EXP-T245 shadow fold=1 lr0=1e-03 ===
=== EXP-T245 shadow fold=1 lr0=1e-02 ===
/workspace_developability_acquisition/developability_drilldown/models/antibody_transformer/model.py:347: UserWarning: enable_nested_tensor is True, but self.use_nested_tensor is False because encoder_layer.norm_first was True
  self.encoder = nn.TransformerEncoder(_make_encoder_layer(), num_layers=n_layers)
=== EXP-T245 shadow fold=2 lr0=1e-05 ===
=== EXP-T245 shadow fold=2 lr0=1e-04 ===
=== EXP-T245 shadow fold=2 lr0=1e-03 ===
=== EXP-T245 shadow fold=2 lr0=1e-02 ===
/workspace_developability_acquisition/developability_drilldown/models/antibody_transformer/model.py:347: UserWarning: enable_nested_tensor is True, but self.use_nested_tensor is False because encoder_layer.norm_first was True
  self.encoder = nn.TransformerEncoder(_make_encoder_layer(), num_layers=n_layers)
=== EXP-T245 shadow fold=3 lr0=1e-05 ===
=== EXP-T245 shadow fold=3 lr0=1e-04 ===
=== EXP-T245 shadow fold=3 lr0=1e-03 ===
=== EXP-T245 shadow fold=3 lr0=1e-02 ===
/workspace_developability_acquisition/developability_drilldown/models/antibody_transformer/model.py:347: UserWarning: enable_nested_tensor is True, but self.use_nested_tensor is False because encoder_layer.norm_first was True
  self.encoder = nn.TransformerEncoder(_make_encoder_layer(), num_layers=n_layers)
=== EXP-T245 shadow fold=4 lr0=1e-05 ===
=== EXP-T245 shadow fold=4 lr0=1e-04 ===
=== EXP-T245 shadow fold=4 lr0=1e-03 ===
=== EXP-T245 shadow fold=4 lr0=1e-02 ===
/workspace_developability_acquisition/developability_drilldown/models/antibody_transformer/model.py:347: UserWarning: enable_nested_tensor is True, but self.use_nested_tensor is False because encoder_layer.norm_first was True
  self.encoder = nn.TransformerEncoder(_make_encoder_layer(), num_layers=n_layers)
DONE EXP-T245 mean=3.466829
==== TRAIN EXP-T246 esm1b/A/FULL ====
/workspace_developability_acquisition/developability_drilldown/models/antibody_transformer/model.py:347: UserWarning: enable_nested_tensor is True, but self.use_nested_tensor is False because encoder_layer.norm_first was True
  self.encoder = nn.TransformerEncoder(_make_encoder_layer(), num_layers=n_layers)
=== EXP-T246 primary fold=0 lr0=1e-05 ===
=== EXP-T246 primary fold=0 lr0=1e-04 ===
=== EXP-T246 primary fold=0 lr0=1e-03 ===
=== EXP-T246 primary fold=0 lr0=1e-02 ===
/workspace_developability_acquisition/developability_drilldown/models/antibody_transformer/model.py:347: UserWarning: enable_nested_tensor is True, but self.use_nested_tensor is False because encoder_layer.norm_first was True
  self.encoder = nn.TransformerEncoder(_make_encoder_layer(), num_layers=n_layers)
=== EXP-T246 primary fold=1 lr0=1e-05 ===
=== EXP-T246 primary fold=1 lr0=1e-04 ===
=== EXP-T246 primary fold=1 lr0=1e-03 ===
=== EXP-T246 primary fold=1 lr0=1e-02 ===
/workspace_developability_acquisition/developability_drilldown/models/antibody_transformer/model.py:347: UserWarning: enable_nested_tensor is True, but self.use_nested_tensor is False because encoder_layer.norm_first was True
  self.encoder = nn.TransformerEncoder(_make_encoder_layer(), num_layers=n_layers)
=== EXP-T246 primary fold=2 lr0=1e-05 ===
=== EXP-T246 primary fold=2 lr0=1e-04 ===
=== EXP-T246 primary fold=2 lr0=1e-03 ===
=== EXP-T246 primary fold=2 lr0=1e-02 ===
/workspace_developability_acquisition/developability_drilldown/models/antibody_transformer/model.py:347: UserWarning: enable_nested_tensor is True, but self.use_nested_tensor is False because encoder_layer.norm_first was True
  self.encoder = nn.TransformerEncoder(_make_encoder_layer(), num_layers=n_layers)
=== EXP-T246 primary fold=3 lr0=1e-05 ===
=== EXP-T246 primary fold=3 lr0=1e-04 ===
=== EXP-T246 primary fold=3 lr0=1e-03 ===
=== EXP-T246 primary fold=3 lr0=1e-02 ===
/workspace_developability_acquisition/developability_drilldown/models/antibody_transformer/model.py:347: UserWarning: enable_nested_tensor is True, but self.use_nested_tensor is False because encoder_layer.norm_first was True
  self.encoder = nn.TransformerEncoder(_make_encoder_layer(), num_layers=n_layers)
=== EXP-T246 primary fold=4 lr0=1e-05 ===
=== EXP-T246 primary fold=4 lr0=1e-04 ===
=== EXP-T246 primary fold=4 lr0=1e-03 ===
=== EXP-T246 primary fold=4 lr0=1e-02 ===
/workspace_developability_acquisition/developability_drilldown/models/antibody_transformer/model.py:347: UserWarning: enable_nested_tensor is True, but self.use_nested_tensor is False because encoder_layer.norm_first was True
  self.encoder = nn.TransformerEncoder(_make_encoder_layer(), num_layers=n_layers)
=== EXP-T246 shadow fold=0 lr0=1e-05 ===
=== EXP-T246 shadow fold=0 lr0=1e-04 ===
=== EXP-T246 shadow fold=0 lr0=1e-03 ===
=== EXP-T246 shadow fold=0 lr0=1e-02 ===
/workspace_developability_acquisition/developability_drilldown/models/antibody_transformer/model.py:347: UserWarning: enable_nested_tensor is True, but self.use_nested_tensor is False because encoder_layer.norm_first was True
  self.encoder = nn.TransformerEncoder(_make_encoder_layer(), num_layers=n_layers)
=== EXP-T246 shadow fold=1 lr0=1e-05 ===
=== EXP-T246 shadow fold=1 lr0=1e-04 ===
=== EXP-T246 shadow fold=1 lr0=1e-03 ===
=== EXP-T246 shadow fold=1 lr0=1e-02 ===
/workspace_developability_acquisition/developability_drilldown/models/antibody_transformer/model.py:347: UserWarning: enable_nested_tensor is True, but self.use_nested_tensor is False because encoder_layer.norm_first was True
  self.encoder = nn.TransformerEncoder(_make_encoder_layer(), num_layers=n_layers)
=== EXP-T246 shadow fold=2 lr0=1e-05 ===
=== EXP-T246 shadow fold=2 lr0=1e-04 ===
=== EXP-T246 shadow fold=2 lr0=1e-03 ===
=== EXP-T246 shadow fold=2 lr0=1e-02 ===
/workspace_developability_acquisition/developability_drilldown/models/antibody_transformer/model.py:347: UserWarning: enable_nested_tensor is True, but self.use_nested_tensor is False because encoder_layer.norm_first was True
  self.encoder = nn.TransformerEncoder(_make_encoder_layer(), num_layers=n_layers)
=== EXP-T246 shadow fold=3 lr0=1e-05 ===
=== EXP-T246 shadow fold=3 lr0=1e-04 ===
=== EXP-T246 shadow fold=3 lr0=1e-03 ===
=== EXP-T246 shadow fold=3 lr0=1e-02 ===
/workspace_developability_acquisition/developability_drilldown/models/antibody_transformer/model.py:347: UserWarning: enable_nested_tensor is True, but self.use_nested_tensor is False because encoder_layer.norm_first was True
  self.encoder = nn.TransformerEncoder(_make_encoder_layer(), num_layers=n_layers)
=== EXP-T246 shadow fold=4 lr0=1e-05 ===
=== EXP-T246 shadow fold=4 lr0=1e-04 ===
=== EXP-T246 shadow fold=4 lr0=1e-03 ===
=== EXP-T246 shadow fold=4 lr0=1e-02 ===
/workspace_developability_acquisition/developability_drilldown/models/antibody_transformer/model.py:347: UserWarning: enable_nested_tensor is True, but self.use_nested_tensor is False because encoder_layer.norm_first was True
  self.encoder = nn.TransformerEncoder(_make_encoder_layer(), num_layers=n_layers)
DONE EXP-T246 mean=3.383125
==== TRAIN EXP-T247 esm1b/B1/FULL ====
/workspace_developability_acquisition/developability_drilldown/models/antibody_transformer/model.py:347: UserWarning: enable_nested_tensor is True, but self.use_nested_tensor is False because encoder_layer.norm_first was True
  self.encoder = nn.TransformerEncoder(_make_encoder_layer(), num_layers=n_layers)
=== EXP-T247 primary fold=0 lr0=1e-05 ===
=== EXP-T247 primary fold=0 lr0=1e-04 ===
=== EXP-T247 primary fold=0 lr0=1e-03 ===
=== EXP-T247 primary fold=0 lr0=1e-02 ===
/workspace_developability_acquisition/developability_drilldown/models/antibody_transformer/model.py:347: UserWarning: enable_nested_tensor is True, but self.use_nested_tensor is False because encoder_layer.norm_first was True
  self.encoder = nn.TransformerEncoder(_make_encoder_layer(), num_layers=n_layers)
=== EXP-T247 primary fold=1 lr0=1e-05 ===
=== EXP-T247 primary fold=1 lr0=1e-04 ===
=== EXP-T247 primary fold=1 lr0=1e-03 ===
=== EXP-T247 primary fold=1 lr0=1e-02 ===
/workspace_developability_acquisition/developability_drilldown/models/antibody_transformer/model.py:347: UserWarning: enable_nested_tensor is True, but self.use_nested_tensor is False because encoder_layer.norm_first was True
  self.encoder = nn.TransformerEncoder(_make_encoder_layer(), num_layers=n_layers)
=== EXP-T247 primary fold=2 lr0=1e-05 ===
=== EXP-T247 primary fold=2 lr0=1e-04 ===
=== EXP-T247 primary fold=2 lr0=1e-03 ===
=== EXP-T247 primary fold=2 lr0=1e-02 ===
/workspace_developability_acquisition/developability_drilldown/models/antibody_transformer/model.py:347: UserWarning: enable_nested_tensor is True, but self.use_nested_tensor is False because encoder_layer.norm_first was True
  self.encoder = nn.TransformerEncoder(_make_encoder_layer(), num_layers=n_layers)
=== EXP-T247 primary fold=3 lr0=1e-05 ===
=== EXP-T247 primary fold=3 lr0=1e-04 ===
=== EXP-T247 primary fold=3 lr0=1e-03 ===
=== EXP-T247 primary fold=3 lr0=1e-02 ===
/workspace_developability_acquisition/developability_drilldown/models/antibody_transformer/model.py:347: UserWarning: enable_nested_tensor is True, but self.use_nested_tensor is False because encoder_layer.norm_first was True
  self.encoder = nn.TransformerEncoder(_make_encoder_layer(), num_layers=n_layers)
=== EXP-T247 primary fold=4 lr0=1e-05 ===
=== EXP-T247 primary fold=4 lr0=1e-04 ===
=== EXP-T247 primary fold=4 lr0=1e-03 ===
=== EXP-T247 primary fold=4 lr0=1e-02 ===
/workspace_developability_acquisition/developability_drilldown/models/antibody_transformer/model.py:347: UserWarning: enable_nested_tensor is True, but self.use_nested_tensor is False because encoder_layer.norm_first was True
  self.encoder = nn.TransformerEncoder(_make_encoder_layer(), num_layers=n_layers)
=== EXP-T247 shadow fold=0 lr0=1e-05 ===
=== EXP-T247 shadow fold=0 lr0=1e-04 ===
=== EXP-T247 shadow fold=0 lr0=1e-03 ===
=== EXP-T247 shadow fold=0 lr0=1e-02 ===
/workspace_developability_acquisition/developability_drilldown/models/antibody_transformer/model.py:347: UserWarning: enable_nested_tensor is True, but self.use_nested_tensor is False because encoder_layer.norm_first was True
  self.encoder = nn.TransformerEncoder(_make_encoder_layer(), num_layers=n_layers)
=== EXP-T247 shadow fold=1 lr0=1e-05 ===
=== EXP-T247 shadow fold=1 lr0=1e-04 ===
=== EXP-T247 shadow fold=1 lr0=1e-03 ===
=== EXP-T247 shadow fold=1 lr0=1e-02 ===
/workspace_developability_acquisition/developability_drilldown/models/antibody_transformer/model.py:347: UserWarning: enable_nested_tensor is True, but self.use_nested_tensor is False because encoder_layer.norm_first was True
  self.encoder = nn.TransformerEncoder(_make_encoder_layer(), num_layers=n_layers)
=== EXP-T247 shadow fold=2 lr0=1e-05 ===
=== EXP-T247 shadow fold=2 lr0=1e-04 ===
=== EXP-T247 shadow fold=2 lr0=1e-03 ===
=== EXP-T247 shadow fold=2 lr0=1e-02 ===
/workspace_developability_acquisition/developability_drilldown/models/antibody_transformer/model.py:347: UserWarning: enable_nested_tensor is True, but self.use_nested_tensor is False because encoder_layer.norm_first was True
  self.encoder = nn.TransformerEncoder(_make_encoder_layer(), num_layers=n_layers)
=== EXP-T247 shadow fold=3 lr0=1e-05 ===
=== EXP-T247 shadow fold=3 lr0=1e-04 ===
=== EXP-T247 shadow fold=3 lr0=1e-03 ===
=== EXP-T247 shadow fold=3 lr0=1e-02 ===
/workspace_developability_acquisition/developability_drilldown/models/antibody_transformer/model.py:347: UserWarning: enable_nested_tensor is True, but self.use_nested_tensor is False because encoder_layer.norm_first was True
  self.encoder = nn.TransformerEncoder(_make_encoder_layer(), num_layers=n_layers)
=== EXP-T247 shadow fold=4 lr0=1e-05 ===
=== EXP-T247 shadow fold=4 lr0=1e-04 ===
=== EXP-T247 shadow fold=4 lr0=1e-03 ===
=== EXP-T247 shadow fold=4 lr0=1e-02 ===
/workspace_developability_acquisition/developability_drilldown/models/antibody_transformer/model.py:347: UserWarning: enable_nested_tensor is True, but self.use_nested_tensor is False because encoder_layer.norm_first was True
  self.encoder = nn.TransformerEncoder(_make_encoder_layer(), num_layers=n_layers)
DONE EXP-T247 mean=3.321735
==== TRAIN EXP-T248 esm1b/B2/FULL ====
/workspace_developability_acquisition/developability_drilldown/models/antibody_transformer/model.py:347: UserWarning: enable_nested_tensor is True, but self.use_nested_tensor is False because encoder_layer.norm_first was True
  self.encoder = nn.TransformerEncoder(_make_encoder_layer(), num_layers=n_layers)
=== EXP-T248 primary fold=0 lr0=1e-05 ===
=== EXP-T248 primary fold=0 lr0=1e-04 ===
=== EXP-T248 primary fold=0 lr0=1e-03 ===
=== EXP-T248 primary fold=0 lr0=1e-02 ===
/workspace_developability_acquisition/developability_drilldown/models/antibody_transformer/model.py:347: UserWarning: enable_nested_tensor is True, but self.use_nested_tensor is False because encoder_layer.norm_first was True
  self.encoder = nn.TransformerEncoder(_make_encoder_layer(), num_layers=n_layers)
=== EXP-T248 primary fold=1 lr0=1e-05 ===
=== EXP-T248 primary fold=1 lr0=1e-04 ===
=== EXP-T248 primary fold=1 lr0=1e-03 ===
=== EXP-T248 primary fold=1 lr0=1e-02 ===
/workspace_developability_acquisition/developability_drilldown/models/antibody_transformer/model.py:347: UserWarning: enable_nested_tensor is True, but self.use_nested_tensor is False because encoder_layer.norm_first was True
  self.encoder = nn.TransformerEncoder(_make_encoder_layer(), num_layers=n_layers)
=== EXP-T248 primary fold=2 lr0=1e-05 ===
=== EXP-T248 primary fold=2 lr0=1e-04 ===
=== EXP-T248 primary fold=2 lr0=1e-03 ===
=== EXP-T248 primary fold=2 lr0=1e-02 ===
/workspace_developability_acquisition/developability_drilldown/models/antibody_transformer/model.py:347: UserWarning: enable_nested_tensor is True, but self.use_nested_tensor is False because encoder_layer.norm_first was True
  self.encoder = nn.TransformerEncoder(_make_encoder_layer(), num_layers=n_layers)
=== EXP-T248 primary fold=3 lr0=1e-05 ===
=== EXP-T248 primary fold=3 lr0=1e-04 ===
=== EXP-T248 primary fold=3 lr0=1e-03 ===
=== EXP-T248 primary fold=3 lr0=1e-02 ===
/workspace_developability_acquisition/developability_drilldown/models/antibody_transformer/model.py:347: UserWarning: enable_nested_tensor is True, but self.use_nested_tensor is False because encoder_layer.norm_first was True
  self.encoder = nn.TransformerEncoder(_make_encoder_layer(), num_layers=n_layers)
=== EXP-T248 primary fold=4 lr0=1e-05 ===
=== EXP-T248 primary fold=4 lr0=1e-04 ===
=== EXP-T248 primary fold=4 lr0=1e-03 ===
=== EXP-T248 primary fold=4 lr0=1e-02 ===
/workspace_developability_acquisition/developability_drilldown/models/antibody_transformer/model.py:347: UserWarning: enable_nested_tensor is True, but self.use_nested_tensor is False because encoder_layer.norm_first was True
  self.encoder = nn.TransformerEncoder(_make_encoder_layer(), num_layers=n_layers)
=== EXP-T248 shadow fold=0 lr0=1e-05 ===
=== EXP-T248 shadow fold=0 lr0=1e-04 ===
=== EXP-T248 shadow fold=0 lr0=1e-03 ===
=== EXP-T248 shadow fold=0 lr0=1e-02 ===
/workspace_developability_acquisition/developability_drilldown/models/antibody_transformer/model.py:347: UserWarning: enable_nested_tensor is True, but self.use_nested_tensor is False because encoder_layer.norm_first was True
  self.encoder = nn.TransformerEncoder(_make_encoder_layer(), num_layers=n_layers)
=== EXP-T248 shadow fold=1 lr0=1e-05 ===
=== EXP-T248 shadow fold=1 lr0=1e-04 ===
=== EXP-T248 shadow fold=1 lr0=1e-03 ===
=== EXP-T248 shadow fold=1 lr0=1e-02 ===
/workspace_developability_acquisition/developability_drilldown/models/antibody_transformer/model.py:347: UserWarning: enable_nested_tensor is True, but self.use_nested_tensor is False because encoder_layer.norm_first was True
  self.encoder = nn.TransformerEncoder(_make_encoder_layer(), num_layers=n_layers)
=== EXP-T248 shadow fold=2 lr0=1e-05 ===
=== EXP-T248 shadow fold=2 lr0=1e-04 ===
=== EXP-T248 shadow fold=2 lr0=1e-03 ===
=== EXP-T248 shadow fold=2 lr0=1e-02 ===
/workspace_developability_acquisition/developability_drilldown/models/antibody_transformer/model.py:347: UserWarning: enable_nested_tensor is True, but self.use_nested_tensor is False because encoder_layer.norm_first was True
  self.encoder = nn.TransformerEncoder(_make_encoder_layer(), num_layers=n_layers)
=== EXP-T248 shadow fold=3 lr0=1e-05 ===
=== EXP-T248 shadow fold=3 lr0=1e-04 ===
=== EXP-T248 shadow fold=3 lr0=1e-03 ===
=== EXP-T248 shadow fold=3 lr0=1e-02 ===
/workspace_developability_acquisition/developability_drilldown/models/antibody_transformer/model.py:347: UserWarning: enable_nested_tensor is True, but self.use_nested_tensor is False because encoder_layer.norm_first was True
  self.encoder = nn.TransformerEncoder(_make_encoder_layer(), num_layers=n_layers)
=== EXP-T248 shadow fold=4 lr0=1e-05 ===
=== EXP-T248 shadow fold=4 lr0=1e-04 ===
=== EXP-T248 shadow fold=4 lr0=1e-03 ===
=== EXP-T248 shadow fold=4 lr0=1e-02 ===
/workspace_developability_acquisition/developability_drilldown/models/antibody_transformer/model.py:347: UserWarning: enable_nested_tensor is True, but self.use_nested_tensor is False because encoder_layer.norm_first was True
  self.encoder = nn.TransformerEncoder(_make_encoder_layer(), num_layers=n_layers)
DONE EXP-T248 mean=3.347655
==== TRAIN EXP-T249 esm1b/D/FULL ====
/workspace_developability_acquisition/developability_drilldown/models/antibody_transformer/model.py:347: UserWarning: enable_nested_tensor is True, but self.use_nested_tensor is False because encoder_layer.norm_first was True
  self.encoder = nn.TransformerEncoder(_make_encoder_layer(), num_layers=n_layers)
=== EXP-T249 primary fold=0 lr0=1e-05 ===
=== EXP-T249 primary fold=0 lr0=1e-04 ===
=== EXP-T249 primary fold=0 lr0=1e-03 ===
=== EXP-T249 primary fold=0 lr0=1e-02 ===
/workspace_developability_acquisition/developability_drilldown/models/antibody_transformer/model.py:347: UserWarning: enable_nested_tensor is True, but self.use_nested_tensor is False because encoder_layer.norm_first was True
  self.encoder = nn.TransformerEncoder(_make_encoder_layer(), num_layers=n_layers)
=== EXP-T249 primary fold=1 lr0=1e-05 ===
=== EXP-T249 primary fold=1 lr0=1e-04 ===
=== EXP-T249 primary fold=1 lr0=1e-03 ===
=== EXP-T249 primary fold=1 lr0=1e-02 ===
/workspace_developability_acquisition/developability_drilldown/models/antibody_transformer/model.py:347: UserWarning: enable_nested_tensor is True, but self.use_nested_tensor is False because encoder_layer.norm_first was True
  self.encoder = nn.TransformerEncoder(_make_encoder_layer(), num_layers=n_layers)
=== EXP-T249 primary fold=2 lr0=1e-05 ===
=== EXP-T249 primary fold=2 lr0=1e-04 ===
=== EXP-T249 primary fold=2 lr0=1e-03 ===
=== EXP-T249 primary fold=2 lr0=1e-02 ===
/workspace_developability_acquisition/developability_drilldown/models/antibody_transformer/model.py:347: UserWarning: enable_nested_tensor is True, but self.use_nested_tensor is False because encoder_layer.norm_first was True
  self.encoder = nn.TransformerEncoder(_make_encoder_layer(), num_layers=n_layers)
=== EXP-T249 primary fold=3 lr0=1e-05 ===
=== EXP-T249 primary fold=3 lr0=1e-04 ===
=== EXP-T249 primary fold=3 lr0=1e-03 ===
=== EXP-T249 primary fold=3 lr0=1e-02 ===
/workspace_developability_acquisition/developability_drilldown/models/antibody_transformer/model.py:347: UserWarning: enable_nested_tensor is True, but self.use_nested_tensor is False because encoder_layer.norm_first was True
  self.encoder = nn.TransformerEncoder(_make_encoder_layer(), num_layers=n_layers)
=== EXP-T249 primary fold=4 lr0=1e-05 ===
=== EXP-T249 primary fold=4 lr0=1e-04 ===
=== EXP-T249 primary fold=4 lr0=1e-03 ===
=== EXP-T249 primary fold=4 lr0=1e-02 ===
/workspace_developability_acquisition/developability_drilldown/models/antibody_transformer/model.py:347: UserWarning: enable_nested_tensor is True, but self.use_nested_tensor is False because encoder_layer.norm_first was True
  self.encoder = nn.TransformerEncoder(_make_encoder_layer(), num_layers=n_layers)
=== EXP-T249 shadow fold=0 lr0=1e-05 ===
=== EXP-T249 shadow fold=0 lr0=1e-04 ===
=== EXP-T249 shadow fold=0 lr0=1e-03 ===
=== EXP-T249 shadow fold=0 lr0=1e-02 ===
/workspace_developability_acquisition/developability_drilldown/models/antibody_transformer/model.py:347: UserWarning: enable_nested_tensor is True, but self.use_nested_tensor is False because encoder_layer.norm_first was True
  self.encoder = nn.TransformerEncoder(_make_encoder_layer(), num_layers=n_layers)
=== EXP-T249 shadow fold=1 lr0=1e-05 ===
=== EXP-T249 shadow fold=1 lr0=1e-04 ===
=== EXP-T249 shadow fold=1 lr0=1e-03 ===
=== EXP-T249 shadow fold=1 lr0=1e-02 ===
/workspace_developability_acquisition/developability_drilldown/models/antibody_transformer/model.py:347: UserWarning: enable_nested_tensor is True, but self.use_nested_tensor is False because encoder_layer.norm_first was True
  self.encoder = nn.TransformerEncoder(_make_encoder_layer(), num_layers=n_layers)
=== EXP-T249 shadow fold=2 lr0=1e-05 ===
=== EXP-T249 shadow fold=2 lr0=1e-04 ===
=== EXP-T249 shadow fold=2 lr0=1e-03 ===
=== EXP-T249 shadow fold=2 lr0=1e-02 ===
/workspace_developability_acquisition/developability_drilldown/models/antibody_transformer/model.py:347: UserWarning: enable_nested_tensor is True, but self.use_nested_tensor is False because encoder_layer.norm_first was True
  self.encoder = nn.TransformerEncoder(_make_encoder_layer(), num_layers=n_layers)
=== EXP-T249 shadow fold=3 lr0=1e-05 ===
=== EXP-T249 shadow fold=3 lr0=1e-04 ===
=== EXP-T249 shadow fold=3 lr0=1e-03 ===
=== EXP-T249 shadow fold=3 lr0=1e-02 ===
/workspace_developability_acquisition/developability_drilldown/models/antibody_transformer/model.py:347: UserWarning: enable_nested_tensor is True, but self.use_nested_tensor is False because encoder_layer.norm_first was True
  self.encoder = nn.TransformerEncoder(_make_encoder_layer(), num_layers=n_layers)
=== EXP-T249 shadow fold=4 lr0=1e-05 ===
=== EXP-T249 shadow fold=4 lr0=1e-04 ===
=== EXP-T249 shadow fold=4 lr0=1e-03 ===
=== EXP-T249 shadow fold=4 lr0=1e-02 ===
/workspace_developability_acquisition/developability_drilldown/models/antibody_transformer/model.py:347: UserWarning: enable_nested_tensor is True, but self.use_nested_tensor is False because encoder_layer.norm_first was True
  self.encoder = nn.TransformerEncoder(_make_encoder_layer(), num_layers=n_layers)
DONE EXP-T249 mean=3.418718
==== TRAIN EXP-T250 esm1b/A/BASE ====
/workspace_developability_acquisition/developability_drilldown/models/antibody_transformer/model.py:347: UserWarning: enable_nested_tensor is True, but self.use_nested_tensor is False because encoder_layer.norm_first was True
  self.encoder = nn.TransformerEncoder(_make_encoder_layer(), num_layers=n_layers)
=== EXP-T250 primary fold=0 lr0=1e-05 ===
=== EXP-T250 primary fold=0 lr0=1e-04 ===
=== EXP-T250 primary fold=0 lr0=1e-03 ===
=== EXP-T250 primary fold=0 lr0=1e-02 ===
/workspace_developability_acquisition/developability_drilldown/models/antibody_transformer/model.py:347: UserWarning: enable_nested_tensor is True, but self.use_nested_tensor is False because encoder_layer.norm_first was True
  self.encoder = nn.TransformerEncoder(_make_encoder_layer(), num_layers=n_layers)
=== EXP-T250 primary fold=1 lr0=1e-05 ===
=== EXP-T250 primary fold=1 lr0=1e-04 ===
=== EXP-T250 primary fold=1 lr0=1e-03 ===
=== EXP-T250 primary fold=1 lr0=1e-02 ===
/workspace_developability_acquisition/developability_drilldown/models/antibody_transformer/model.py:347: UserWarning: enable_nested_tensor is True, but self.use_nested_tensor is False because encoder_layer.norm_first was True
  self.encoder = nn.TransformerEncoder(_make_encoder_layer(), num_layers=n_layers)
=== EXP-T250 primary fold=2 lr0=1e-05 ===
=== EXP-T250 primary fold=2 lr0=1e-04 ===
=== EXP-T250 primary fold=2 lr0=1e-03 ===
=== EXP-T250 primary fold=2 lr0=1e-02 ===
/workspace_developability_acquisition/developability_drilldown/models/antibody_transformer/model.py:347: UserWarning: enable_nested_tensor is True, but self.use_nested_tensor is False because encoder_layer.norm_first was True
  self.encoder = nn.TransformerEncoder(_make_encoder_layer(), num_layers=n_layers)
=== EXP-T250 primary fold=3 lr0=1e-05 ===
=== EXP-T250 primary fold=3 lr0=1e-04 ===
=== EXP-T250 primary fold=3 lr0=1e-03 ===
=== EXP-T250 primary fold=3 lr0=1e-02 ===
/workspace_developability_acquisition/developability_drilldown/models/antibody_transformer/model.py:347: UserWarning: enable_nested_tensor is True, but self.use_nested_tensor is False because encoder_layer.norm_first was True
  self.encoder = nn.TransformerEncoder(_make_encoder_layer(), num_layers=n_layers)
=== EXP-T250 primary fold=4 lr0=1e-05 ===
=== EXP-T250 primary fold=4 lr0=1e-04 ===
=== EXP-T250 primary fold=4 lr0=1e-03 ===
=== EXP-T250 primary fold=4 lr0=1e-02 ===
/workspace_developability_acquisition/developability_drilldown/models/antibody_transformer/model.py:347: UserWarning: enable_nested_tensor is True, but self.use_nested_tensor is False because encoder_layer.norm_first was True
  self.encoder = nn.TransformerEncoder(_make_encoder_layer(), num_layers=n_layers)
=== EXP-T250 shadow fold=0 lr0=1e-05 ===
=== EXP-T250 shadow fold=0 lr0=1e-04 ===
=== EXP-T250 shadow fold=0 lr0=1e-03 ===
=== EXP-T250 shadow fold=0 lr0=1e-02 ===
/workspace_developability_acquisition/developability_drilldown/models/antibody_transformer/model.py:347: UserWarning: enable_nested_tensor is True, but self.use_nested_tensor is False because encoder_layer.norm_first was True
  self.encoder = nn.TransformerEncoder(_make_encoder_layer(), num_layers=n_layers)
=== EXP-T250 shadow fold=1 lr0=1e-05 ===
=== EXP-T250 shadow fold=1 lr0=1e-04 ===
=== EXP-T250 shadow fold=1 lr0=1e-03 ===
=== EXP-T250 shadow fold=1 lr0=1e-02 ===
/workspace_developability_acquisition/developability_drilldown/models/antibody_transformer/model.py:347: UserWarning: enable_nested_tensor is True, but self.use_nested_tensor is False because encoder_layer.norm_first was True
  self.encoder = nn.TransformerEncoder(_make_encoder_layer(), num_layers=n_layers)
=== EXP-T250 shadow fold=2 lr0=1e-05 ===
=== EXP-T250 shadow fold=2 lr0=1e-04 ===
=== EXP-T250 shadow fold=2 lr0=1e-03 ===
=== EXP-T250 shadow fold=2 lr0=1e-02 ===
/workspace_developability_acquisition/developability_drilldown/models/antibody_transformer/model.py:347: UserWarning: enable_nested_tensor is True, but self.use_nested_tensor is False because encoder_layer.norm_first was True
  self.encoder = nn.TransformerEncoder(_make_encoder_layer(), num_layers=n_layers)
=== EXP-T250 shadow fold=3 lr0=1e-05 ===
=== EXP-T250 shadow fold=3 lr0=1e-04 ===
=== EXP-T250 shadow fold=3 lr0=1e-03 ===
=== EXP-T250 shadow fold=3 lr0=1e-02 ===
/workspace_developability_acquisition/developability_drilldown/models/antibody_transformer/model.py:347: UserWarning: enable_nested_tensor is True, but self.use_nested_tensor is False because encoder_layer.norm_first was True
  self.encoder = nn.TransformerEncoder(_make_encoder_layer(), num_layers=n_layers)
=== EXP-T250 shadow fold=4 lr0=1e-05 ===
=== EXP-T250 shadow fold=4 lr0=1e-04 ===
=== EXP-T250 shadow fold=4 lr0=1e-03 ===
=== EXP-T250 shadow fold=4 lr0=1e-02 ===
/workspace_developability_acquisition/developability_drilldown/models/antibody_transformer/model.py:347: UserWarning: enable_nested_tensor is True, but self.use_nested_tensor is False because encoder_layer.norm_first was True
  self.encoder = nn.TransformerEncoder(_make_encoder_layer(), num_layers=n_layers)
DONE EXP-T250 mean=3.444439
==== TRAIN EXP-T251 esm1b/B1/BASE ====
/workspace_developability_acquisition/developability_drilldown/models/antibody_transformer/model.py:347: UserWarning: enable_nested_tensor is True, but self.use_nested_tensor is False because encoder_layer.norm_first was True
  self.encoder = nn.TransformerEncoder(_make_encoder_layer(), num_layers=n_layers)
=== EXP-T251 primary fold=0 lr0=1e-05 ===
=== EXP-T251 primary fold=0 lr0=1e-04 ===
=== EXP-T251 primary fold=0 lr0=1e-03 ===
=== EXP-T251 primary fold=0 lr0=1e-02 ===
/workspace_developability_acquisition/developability_drilldown/models/antibody_transformer/model.py:347: UserWarning: enable_nested_tensor is True, but self.use_nested_tensor is False because encoder_layer.norm_first was True
  self.encoder = nn.TransformerEncoder(_make_encoder_layer(), num_layers=n_layers)
=== EXP-T251 primary fold=1 lr0=1e-05 ===
=== EXP-T251 primary fold=1 lr0=1e-04 ===
=== EXP-T251 primary fold=1 lr0=1e-03 ===
=== EXP-T251 primary fold=1 lr0=1e-02 ===
/workspace_developability_acquisition/developability_drilldown/models/antibody_transformer/model.py:347: UserWarning: enable_nested_tensor is True, but self.use_nested_tensor is False because encoder_layer.norm_first was True
  self.encoder = nn.TransformerEncoder(_make_encoder_layer(), num_layers=n_layers)
=== EXP-T251 primary fold=2 lr0=1e-05 ===
=== EXP-T251 primary fold=2 lr0=1e-04 ===
=== EXP-T251 primary fold=2 lr0=1e-03 ===
=== EXP-T251 primary fold=2 lr0=1e-02 ===
/workspace_developability_acquisition/developability_drilldown/models/antibody_transformer/model.py:347: UserWarning: enable_nested_tensor is True, but self.use_nested_tensor is False because encoder_layer.norm_first was True
  self.encoder = nn.TransformerEncoder(_make_encoder_layer(), num_layers=n_layers)
=== EXP-T251 primary fold=3 lr0=1e-05 ===
=== EXP-T251 primary fold=3 lr0=1e-04 ===
=== EXP-T251 primary fold=3 lr0=1e-03 ===
=== EXP-T251 primary fold=3 lr0=1e-02 ===
/workspace_developability_acquisition/developability_drilldown/models/antibody_transformer/model.py:347: UserWarning: enable_nested_tensor is True, but self.use_nested_tensor is False because encoder_layer.norm_first was True
  self.encoder = nn.TransformerEncoder(_make_encoder_layer(), num_layers=n_layers)
=== EXP-T251 primary fold=4 lr0=1e-05 ===
=== EXP-T251 primary fold=4 lr0=1e-04 ===
=== EXP-T251 primary fold=4 lr0=1e-03 ===
=== EXP-T251 primary fold=4 lr0=1e-02 ===
/workspace_developability_acquisition/developability_drilldown/models/antibody_transformer/model.py:347: UserWarning: enable_nested_tensor is True, but self.use_nested_tensor is False because encoder_layer.norm_first was True
  self.encoder = nn.TransformerEncoder(_make_encoder_layer(), num_layers=n_layers)
=== EXP-T251 shadow fold=0 lr0=1e-05 ===
=== EXP-T251 shadow fold=0 lr0=1e-04 ===
=== EXP-T251 shadow fold=0 lr0=1e-03 ===
=== EXP-T251 shadow fold=0 lr0=1e-02 ===
/workspace_developability_acquisition/developability_drilldown/models/antibody_transformer/model.py:347: UserWarning: enable_nested_tensor is True, but self.use_nested_tensor is False because encoder_layer.norm_first was True
  self.encoder = nn.TransformerEncoder(_make_encoder_layer(), num_layers=n_layers)
=== EXP-T251 shadow fold=1 lr0=1e-05 ===
=== EXP-T251 shadow fold=1 lr0=1e-04 ===
=== EXP-T251 shadow fold=1 lr0=1e-03 ===
=== EXP-T251 shadow fold=1 lr0=1e-02 ===
/workspace_developability_acquisition/developability_drilldown/models/antibody_transformer/model.py:347: UserWarning: enable_nested_tensor is True, but self.use_nested_tensor is False because encoder_layer.norm_first was True
  self.encoder = nn.TransformerEncoder(_make_encoder_layer(), num_layers=n_layers)
=== EXP-T251 shadow fold=2 lr0=1e-05 ===
=== EXP-T251 shadow fold=2 lr0=1e-04 ===
=== EXP-T251 shadow fold=2 lr0=1e-03 ===
=== EXP-T251 shadow fold=2 lr0=1e-02 ===
/workspace_developability_acquisition/developability_drilldown/models/antibody_transformer/model.py:347: UserWarning: enable_nested_tensor is True, but self.use_nested_tensor is False because encoder_layer.norm_first was True
  self.encoder = nn.TransformerEncoder(_make_encoder_layer(), num_layers=n_layers)
=== EXP-T251 shadow fold=3 lr0=1e-05 ===
=== EXP-T251 shadow fold=3 lr0=1e-04 ===
=== EXP-T251 shadow fold=3 lr0=1e-03 ===
=== EXP-T251 shadow fold=3 lr0=1e-02 ===
/workspace_developability_acquisition/developability_drilldown/models/antibody_transformer/model.py:347: UserWarning: enable_nested_tensor is True, but self.use_nested_tensor is False because encoder_layer.norm_first was True
  self.encoder = nn.TransformerEncoder(_make_encoder_layer(), num_layers=n_layers)
=== EXP-T251 shadow fold=4 lr0=1e-05 ===
=== EXP-T251 shadow fold=4 lr0=1e-04 ===
=== EXP-T251 shadow fold=4 lr0=1e-03 ===
=== EXP-T251 shadow fold=4 lr0=1e-02 ===
/workspace_developability_acquisition/developability_drilldown/models/antibody_transformer/model.py:347: UserWarning: enable_nested_tensor is True, but self.use_nested_tensor is False because encoder_layer.norm_first was True
  self.encoder = nn.TransformerEncoder(_make_encoder_layer(), num_layers=n_layers)
DONE EXP-T251 mean=3.268205
==== TRAIN EXP-T252 esm1b/B2/BASE ====
/workspace_developability_acquisition/developability_drilldown/models/antibody_transformer/model.py:347: UserWarning: enable_nested_tensor is True, but self.use_nested_tensor is False because encoder_layer.norm_first was True
  self.encoder = nn.TransformerEncoder(_make_encoder_layer(), num_layers=n_layers)
=== EXP-T252 primary fold=0 lr0=1e-05 ===
=== EXP-T252 primary fold=0 lr0=1e-04 ===
=== EXP-T252 primary fold=0 lr0=1e-03 ===
=== EXP-T252 primary fold=0 lr0=1e-02 ===
/workspace_developability_acquisition/developability_drilldown/models/antibody_transformer/model.py:347: UserWarning: enable_nested_tensor is True, but self.use_nested_tensor is False because encoder_layer.norm_first was True
  self.encoder = nn.TransformerEncoder(_make_encoder_layer(), num_layers=n_layers)
=== EXP-T252 primary fold=1 lr0=1e-05 ===
=== EXP-T252 primary fold=1 lr0=1e-04 ===
=== EXP-T252 primary fold=1 lr0=1e-03 ===
=== EXP-T252 primary fold=1 lr0=1e-02 ===
/workspace_developability_acquisition/developability_drilldown/models/antibody_transformer/model.py:347: UserWarning: enable_nested_tensor is True, but self.use_nested_tensor is False because encoder_layer.norm_first was True
  self.encoder = nn.TransformerEncoder(_make_encoder_layer(), num_layers=n_layers)
=== EXP-T252 primary fold=2 lr0=1e-05 ===
=== EXP-T252 primary fold=2 lr0=1e-04 ===
=== EXP-T252 primary fold=2 lr0=1e-03 ===
=== EXP-T252 primary fold=2 lr0=1e-02 ===
/workspace_developability_acquisition/developability_drilldown/models/antibody_transformer/model.py:347: UserWarning: enable_nested_tensor is True, but self.use_nested_tensor is False because encoder_layer.norm_first was True
  self.encoder = nn.TransformerEncoder(_make_encoder_layer(), num_layers=n_layers)
=== EXP-T252 primary fold=3 lr0=1e-05 ===
=== EXP-T252 primary fold=3 lr0=1e-04 ===
=== EXP-T252 primary fold=3 lr0=1e-03 ===
=== EXP-T252 primary fold=3 lr0=1e-02 ===
/workspace_developability_acquisition/developability_drilldown/models/antibody_transformer/model.py:347: UserWarning: enable_nested_tensor is True, but self.use_nested_tensor is False because encoder_layer.norm_first was True
  self.encoder = nn.TransformerEncoder(_make_encoder_layer(), num_layers=n_layers)
=== EXP-T252 primary fold=4 lr0=1e-05 ===
=== EXP-T252 primary fold=4 lr0=1e-04 ===
=== EXP-T252 primary fold=4 lr0=1e-03 ===
=== EXP-T252 primary fold=4 lr0=1e-02 ===
/workspace_developability_acquisition/developability_drilldown/models/antibody_transformer/model.py:347: UserWarning: enable_nested_tensor is True, but self.use_nested_tensor is False because encoder_layer.norm_first was True
  self.encoder = nn.TransformerEncoder(_make_encoder_layer(), num_layers=n_layers)
=== EXP-T252 shadow fold=0 lr0=1e-05 ===
=== EXP-T252 shadow fold=0 lr0=1e-04 ===
=== EXP-T252 shadow fold=0 lr0=1e-03 ===
=== EXP-T252 shadow fold=0 lr0=1e-02 ===
/workspace_developability_acquisition/developability_drilldown/models/antibody_transformer/model.py:347: UserWarning: enable_nested_tensor is True, but self.use_nested_tensor is False because encoder_layer.norm_first was True
  self.encoder = nn.TransformerEncoder(_make_encoder_layer(), num_layers=n_layers)
=== EXP-T252 shadow fold=1 lr0=1e-05 ===
=== EXP-T252 shadow fold=1 lr0=1e-04 ===
=== EXP-T252 shadow fold=1 lr0=1e-03 ===
=== EXP-T252 shadow fold=1 lr0=1e-02 ===
/workspace_developability_acquisition/developability_drilldown/models/antibody_transformer/model.py:347: UserWarning: enable_nested_tensor is True, but self.use_nested_tensor is False because encoder_layer.norm_first was True
  self.encoder = nn.TransformerEncoder(_make_encoder_layer(), num_layers=n_layers)
=== EXP-T252 shadow fold=2 lr0=1e-05 ===
=== EXP-T252 shadow fold=2 lr0=1e-04 ===
=== EXP-T252 shadow fold=2 lr0=1e-03 ===
=== EXP-T252 shadow fold=2 lr0=1e-02 ===
/workspace_developability_acquisition/developability_drilldown/models/antibody_transformer/model.py:347: UserWarning: enable_nested_tensor is True, but self.use_nested_tensor is False because encoder_layer.norm_first was True
  self.encoder = nn.TransformerEncoder(_make_encoder_layer(), num_layers=n_layers)
=== EXP-T252 shadow fold=3 lr0=1e-05 ===
=== EXP-T252 shadow fold=3 lr0=1e-04 ===
=== EXP-T252 shadow fold=3 lr0=1e-03 ===
=== EXP-T252 shadow fold=3 lr0=1e-02 ===
/workspace_developability_acquisition/developability_drilldown/models/antibody_transformer/model.py:347: UserWarning: enable_nested_tensor is True, but self.use_nested_tensor is False because encoder_layer.norm_first was True
  self.encoder = nn.TransformerEncoder(_make_encoder_layer(), num_layers=n_layers)
=== EXP-T252 shadow fold=4 lr0=1e-05 ===
=== EXP-T252 shadow fold=4 lr0=1e-04 ===
=== EXP-T252 shadow fold=4 lr0=1e-03 ===
=== EXP-T252 shadow fold=4 lr0=1e-02 ===
/workspace_developability_acquisition/developability_drilldown/models/antibody_transformer/model.py:347: UserWarning: enable_nested_tensor is True, but self.use_nested_tensor is False because encoder_layer.norm_first was True
  self.encoder = nn.TransformerEncoder(_make_encoder_layer(), num_layers=n_layers)
DONE EXP-T252 mean=3.435432
==== TRAIN EXP-T253 esm1b/C/BASE ====
/workspace_developability_acquisition/developability_drilldown/models/antibody_transformer/model.py:347: UserWarning: enable_nested_tensor is True, but self.use_nested_tensor is False because encoder_layer.norm_first was True
  self.encoder = nn.TransformerEncoder(_make_encoder_layer(), num_layers=n_layers)
=== EXP-T253 primary fold=0 lr0=1e-05 ===
=== EXP-T253 primary fold=0 lr0=1e-04 ===
=== EXP-T253 primary fold=0 lr0=1e-03 ===
=== EXP-T253 primary fold=0 lr0=1e-02 ===
/workspace_developability_acquisition/developability_drilldown/models/antibody_transformer/model.py:347: UserWarning: enable_nested_tensor is True, but self.use_nested_tensor is False because encoder_layer.norm_first was True
  self.encoder = nn.TransformerEncoder(_make_encoder_layer(), num_layers=n_layers)
=== EXP-T253 primary fold=1 lr0=1e-05 ===
=== EXP-T253 primary fold=1 lr0=1e-04 ===
=== EXP-T253 primary fold=1 lr0=1e-03 ===
=== EXP-T253 primary fold=1 lr0=1e-02 ===
/workspace_developability_acquisition/developability_drilldown/models/antibody_transformer/model.py:347: UserWarning: enable_nested_tensor is True, but self.use_nested_tensor is False because encoder_layer.norm_first was True
  self.encoder = nn.TransformerEncoder(_make_encoder_layer(), num_layers=n_layers)
=== EXP-T253 primary fold=2 lr0=1e-05 ===
=== EXP-T253 primary fold=2 lr0=1e-04 ===
=== EXP-T253 primary fold=2 lr0=1e-03 ===
=== EXP-T253 primary fold=2 lr0=1e-02 ===
/workspace_developability_acquisition/developability_drilldown/models/antibody_transformer/model.py:347: UserWarning: enable_nested_tensor is True, but self.use_nested_tensor is False because encoder_layer.norm_first was True
  self.encoder = nn.TransformerEncoder(_make_encoder_layer(), num_layers=n_layers)
=== EXP-T253 primary fold=3 lr0=1e-05 ===
=== EXP-T253 primary fold=3 lr0=1e-04 ===
=== EXP-T253 primary fold=3 lr0=1e-03 ===
=== EXP-T253 primary fold=3 lr0=1e-02 ===
/workspace_developability_acquisition/developability_drilldown/models/antibody_transformer/model.py:347: UserWarning: enable_nested_tensor is True, but self.use_nested_tensor is False because encoder_layer.norm_first was True
  self.encoder = nn.TransformerEncoder(_make_encoder_layer(), num_layers=n_layers)
=== EXP-T253 primary fold=4 lr0=1e-05 ===
=== EXP-T253 primary fold=4 lr0=1e-04 ===
=== EXP-T253 primary fold=4 lr0=1e-03 ===
=== EXP-T253 primary fold=4 lr0=1e-02 ===
/workspace_developability_acquisition/developability_drilldown/models/antibody_transformer/model.py:347: UserWarning: enable_nested_tensor is True, but self.use_nested_tensor is False because encoder_layer.norm_first was True
  self.encoder = nn.TransformerEncoder(_make_encoder_layer(), num_layers=n_layers)
=== EXP-T253 shadow fold=0 lr0=1e-05 ===
=== EXP-T253 shadow fold=0 lr0=1e-04 ===
=== EXP-T253 shadow fold=0 lr0=1e-03 ===
=== EXP-T253 shadow fold=0 lr0=1e-02 ===
/workspace_developability_acquisition/developability_drilldown/models/antibody_transformer/model.py:347: UserWarning: enable_nested_tensor is True, but self.use_nested_tensor is False because encoder_layer.norm_first was True
  self.encoder = nn.TransformerEncoder(_make_encoder_layer(), num_layers=n_layers)
=== EXP-T253 shadow fold=1 lr0=1e-05 ===
=== EXP-T253 shadow fold=1 lr0=1e-04 ===
=== EXP-T253 shadow fold=1 lr0=1e-03 ===
=== EXP-T253 shadow fold=1 lr0=1e-02 ===
/workspace_developability_acquisition/developability_drilldown/models/antibody_transformer/model.py:347: UserWarning: enable_nested_tensor is True, but self.use_nested_tensor is False because encoder_layer.norm_first was True
  self.encoder = nn.TransformerEncoder(_make_encoder_layer(), num_layers=n_layers)
=== EXP-T253 shadow fold=2 lr0=1e-05 ===
=== EXP-T253 shadow fold=2 lr0=1e-04 ===
=== EXP-T253 shadow fold=2 lr0=1e-03 ===
=== EXP-T253 shadow fold=2 lr0=1e-02 ===
/workspace_developability_acquisition/developability_drilldown/models/antibody_transformer/model.py:347: UserWarning: enable_nested_tensor is True, but self.use_nested_tensor is False because encoder_layer.norm_first was True
  self.encoder = nn.TransformerEncoder(_make_encoder_layer(), num_layers=n_layers)
=== EXP-T253 shadow fold=3 lr0=1e-05 ===
=== EXP-T253 shadow fold=3 lr0=1e-04 ===
=== EXP-T253 shadow fold=3 lr0=1e-03 ===
=== EXP-T253 shadow fold=3 lr0=1e-02 ===
/workspace_developability_acquisition/developability_drilldown/models/antibody_transformer/model.py:347: UserWarning: enable_nested_tensor is True, but self.use_nested_tensor is False because encoder_layer.norm_first was True
  self.encoder = nn.TransformerEncoder(_make_encoder_layer(), num_layers=n_layers)
=== EXP-T253 shadow fold=4 lr0=1e-05 ===
=== EXP-T253 shadow fold=4 lr0=1e-04 ===
=== EXP-T253 shadow fold=4 lr0=1e-03 ===
=== EXP-T253 shadow fold=4 lr0=1e-02 ===
/workspace_developability_acquisition/developability_drilldown/models/antibody_transformer/model.py:347: UserWarning: enable_nested_tensor is True, but self.use_nested_tensor is False because encoder_layer.norm_first was True
  self.encoder = nn.TransformerEncoder(_make_encoder_layer(), num_layers=n_layers)
DONE EXP-T253 mean=3.208200
==== TRAIN EXP-T254 esm1b/D/BASE ====
/workspace_developability_acquisition/developability_drilldown/models/antibody_transformer/model.py:347: UserWarning: enable_nested_tensor is True, but self.use_nested_tensor is False because encoder_layer.norm_first was True
  self.encoder = nn.TransformerEncoder(_make_encoder_layer(), num_layers=n_layers)
=== EXP-T254 primary fold=0 lr0=1e-05 ===
=== EXP-T254 primary fold=0 lr0=1e-04 ===
=== EXP-T254 primary fold=0 lr0=1e-03 ===
=== EXP-T254 primary fold=0 lr0=1e-02 ===
/workspace_developability_acquisition/developability_drilldown/models/antibody_transformer/model.py:347: UserWarning: enable_nested_tensor is True, but self.use_nested_tensor is False because encoder_layer.norm_first was True
  self.encoder = nn.TransformerEncoder(_make_encoder_layer(), num_layers=n_layers)
=== EXP-T254 primary fold=1 lr0=1e-05 ===
=== EXP-T254 primary fold=1 lr0=1e-04 ===
=== EXP-T254 primary fold=1 lr0=1e-03 ===
=== EXP-T254 primary fold=1 lr0=1e-02 ===
/workspace_developability_acquisition/developability_drilldown/models/antibody_transformer/model.py:347: UserWarning: enable_nested_tensor is True, but self.use_nested_tensor is False because encoder_layer.norm_first was True
  self.encoder = nn.TransformerEncoder(_make_encoder_layer(), num_layers=n_layers)
=== EXP-T254 primary fold=2 lr0=1e-05 ===
=== EXP-T254 primary fold=2 lr0=1e-04 ===
=== EXP-T254 primary fold=2 lr0=1e-03 ===
=== EXP-T254 primary fold=2 lr0=1e-02 ===
/workspace_developability_acquisition/developability_drilldown/models/antibody_transformer/model.py:347: UserWarning: enable_nested_tensor is True, but self.use_nested_tensor is False because encoder_layer.norm_first was True
  self.encoder = nn.TransformerEncoder(_make_encoder_layer(), num_layers=n_layers)
=== EXP-T254 primary fold=3 lr0=1e-05 ===
=== EXP-T254 primary fold=3 lr0=1e-04 ===
=== EXP-T254 primary fold=3 lr0=1e-03 ===
=== EXP-T254 primary fold=3 lr0=1e-02 ===
/workspace_developability_acquisition/developability_drilldown/models/antibody_transformer/model.py:347: UserWarning: enable_nested_tensor is True, but self.use_nested_tensor is False because encoder_layer.norm_first was True
  self.encoder = nn.TransformerEncoder(_make_encoder_layer(), num_layers=n_layers)
=== EXP-T254 primary fold=4 lr0=1e-05 ===
=== EXP-T254 primary fold=4 lr0=1e-04 ===
=== EXP-T254 primary fold=4 lr0=1e-03 ===
=== EXP-T254 primary fold=4 lr0=1e-02 ===
/workspace_developability_acquisition/developability_drilldown/models/antibody_transformer/model.py:347: UserWarning: enable_nested_tensor is True, but self.use_nested_tensor is False because encoder_layer.norm_first was True
  self.encoder = nn.TransformerEncoder(_make_encoder_layer(), num_layers=n_layers)
=== EXP-T254 shadow fold=0 lr0=1e-05 ===
=== EXP-T254 shadow fold=0 lr0=1e-04 ===
=== EXP-T254 shadow fold=0 lr0=1e-03 ===
=== EXP-T254 shadow fold=0 lr0=1e-02 ===
/workspace_developability_acquisition/developability_drilldown/models/antibody_transformer/model.py:347: UserWarning: enable_nested_tensor is True, but self.use_nested_tensor is False because encoder_layer.norm_first was True
  self.encoder = nn.TransformerEncoder(_make_encoder_layer(), num_layers=n_layers)
=== EXP-T254 shadow fold=1 lr0=1e-05 ===
=== EXP-T254 shadow fold=1 lr0=1e-04 ===
=== EXP-T254 shadow fold=1 lr0=1e-03 ===
=== EXP-T254 shadow fold=1 lr0=1e-02 ===
/workspace_developability_acquisition/developability_drilldown/models/antibody_transformer/model.py:347: UserWarning: enable_nested_tensor is True, but self.use_nested_tensor is False because encoder_layer.norm_first was True
  self.encoder = nn.TransformerEncoder(_make_encoder_layer(), num_layers=n_layers)
=== EXP-T254 shadow fold=2 lr0=1e-05 ===
=== EXP-T254 shadow fold=2 lr0=1e-04 ===
=== EXP-T254 shadow fold=2 lr0=1e-03 ===
=== EXP-T254 shadow fold=2 lr0=1e-02 ===
/workspace_developability_acquisition/developability_drilldown/models/antibody_transformer/model.py:347: UserWarning: enable_nested_tensor is True, but self.use_nested_tensor is False because encoder_layer.norm_first was True
  self.encoder = nn.TransformerEncoder(_make_encoder_layer(), num_layers=n_layers)
=== EXP-T254 shadow fold=3 lr0=1e-05 ===
=== EXP-T254 shadow fold=3 lr0=1e-04 ===
=== EXP-T254 shadow fold=3 lr0=1e-03 ===
=== EXP-T254 shadow fold=3 lr0=1e-02 ===
/workspace_developability_acquisition/developability_drilldown/models/antibody_transformer/model.py:347: UserWarning: enable_nested_tensor is True, but self.use_nested_tensor is False because encoder_layer.norm_first was True
  self.encoder = nn.TransformerEncoder(_make_encoder_layer(), num_layers=n_layers)
=== EXP-T254 shadow fold=4 lr0=1e-05 ===
=== EXP-T254 shadow fold=4 lr0=1e-04 ===
=== EXP-T254 shadow fold=4 lr0=1e-03 ===
=== EXP-T254 shadow fold=4 lr0=1e-02 ===
/workspace_developability_acquisition/developability_drilldown/models/antibody_transformer/model.py:347: UserWarning: enable_nested_tensor is True, but self.use_nested_tensor is False because encoder_layer.norm_first was True
  self.encoder = nn.TransformerEncoder(_make_encoder_layer(), num_layers=n_layers)
DONE EXP-T254 mean=3.370986
==== TRAIN EXP-T255 esm1b/A/IMGT ====
/workspace_developability_acquisition/developability_drilldown/models/antibody_transformer/model.py:347: UserWarning: enable_nested_tensor is True, but self.use_nested_tensor is False because encoder_layer.norm_first was True
  self.encoder = nn.TransformerEncoder(_make_encoder_layer(), num_layers=n_layers)
=== EXP-T255 primary fold=0 lr0=1e-05 ===
=== EXP-T255 primary fold=0 lr0=1e-04 ===
=== EXP-T255 primary fold=0 lr0=1e-03 ===
=== EXP-T255 primary fold=0 lr0=1e-02 ===
/workspace_developability_acquisition/developability_drilldown/models/antibody_transformer/model.py:347: UserWarning: enable_nested_tensor is True, but self.use_nested_tensor is False because encoder_layer.norm_first was True
  self.encoder = nn.TransformerEncoder(_make_encoder_layer(), num_layers=n_layers)
=== EXP-T255 primary fold=1 lr0=1e-05 ===
=== EXP-T255 primary fold=1 lr0=1e-04 ===
=== EXP-T255 primary fold=1 lr0=1e-03 ===
=== EXP-T255 primary fold=1 lr0=1e-02 ===
/workspace_developability_acquisition/developability_drilldown/models/antibody_transformer/model.py:347: UserWarning: enable_nested_tensor is True, but self.use_nested_tensor is False because encoder_layer.norm_first was True
  self.encoder = nn.TransformerEncoder(_make_encoder_layer(), num_layers=n_layers)
=== EXP-T255 primary fold=2 lr0=1e-05 ===
=== EXP-T255 primary fold=2 lr0=1e-04 ===
=== EXP-T255 primary fold=2 lr0=1e-03 ===
=== EXP-T255 primary fold=2 lr0=1e-02 ===
/workspace_developability_acquisition/developability_drilldown/models/antibody_transformer/model.py:347: UserWarning: enable_nested_tensor is True, but self.use_nested_tensor is False because encoder_layer.norm_first was True
  self.encoder = nn.TransformerEncoder(_make_encoder_layer(), num_layers=n_layers)
=== EXP-T255 primary fold=3 lr0=1e-05 ===
=== EXP-T255 primary fold=3 lr0=1e-04 ===
=== EXP-T255 primary fold=3 lr0=1e-03 ===
=== EXP-T255 primary fold=3 lr0=1e-02 ===
/workspace_developability_acquisition/developability_drilldown/models/antibody_transformer/model.py:347: UserWarning: enable_nested_tensor is True, but self.use_nested_tensor is False because encoder_layer.norm_first was True
  self.encoder = nn.TransformerEncoder(_make_encoder_layer(), num_layers=n_layers)
=== EXP-T255 primary fold=4 lr0=1e-05 ===
=== EXP-T255 primary fold=4 lr0=1e-04 ===
=== EXP-T255 primary fold=4 lr0=1e-03 ===
=== EXP-T255 primary fold=4 lr0=1e-02 ===
/workspace_developability_acquisition/developability_drilldown/models/antibody_transformer/model.py:347: UserWarning: enable_nested_tensor is True, but self.use_nested_tensor is False because encoder_layer.norm_first was True
  self.encoder = nn.TransformerEncoder(_make_encoder_layer(), num_layers=n_layers)
=== EXP-T255 shadow fold=0 lr0=1e-05 ===
=== EXP-T255 shadow fold=0 lr0=1e-04 ===
=== EXP-T255 shadow fold=0 lr0=1e-03 ===
=== EXP-T255 shadow fold=0 lr0=1e-02 ===
/workspace_developability_acquisition/developability_drilldown/models/antibody_transformer/model.py:347: UserWarning: enable_nested_tensor is True, but self.use_nested_tensor is False because encoder_layer.norm_first was True
  self.encoder = nn.TransformerEncoder(_make_encoder_layer(), num_layers=n_layers)
=== EXP-T255 shadow fold=1 lr0=1e-05 ===
=== EXP-T255 shadow fold=1 lr0=1e-04 ===
=== EXP-T255 shadow fold=1 lr0=1e-03 ===
=== EXP-T255 shadow fold=1 lr0=1e-02 ===
/workspace_developability_acquisition/developability_drilldown/models/antibody_transformer/model.py:347: UserWarning: enable_nested_tensor is True, but self.use_nested_tensor is False because encoder_layer.norm_first was True
  self.encoder = nn.TransformerEncoder(_make_encoder_layer(), num_layers=n_layers)
=== EXP-T255 shadow fold=2 lr0=1e-05 ===
=== EXP-T255 shadow fold=2 lr0=1e-04 ===
=== EXP-T255 shadow fold=2 lr0=1e-03 ===
=== EXP-T255 shadow fold=2 lr0=1e-02 ===
/workspace_developability_acquisition/developability_drilldown/models/antibody_transformer/model.py:347: UserWarning: enable_nested_tensor is True, but self.use_nested_tensor is False because encoder_layer.norm_first was True
  self.encoder = nn.TransformerEncoder(_make_encoder_layer(), num_layers=n_layers)
=== EXP-T255 shadow fold=3 lr0=1e-05 ===
=== EXP-T255 shadow fold=3 lr0=1e-04 ===
=== EXP-T255 shadow fold=3 lr0=1e-03 ===
=== EXP-T255 shadow fold=3 lr0=1e-02 ===
/workspace_developability_acquisition/developability_drilldown/models/antibody_transformer/model.py:347: UserWarning: enable_nested_tensor is True, but self.use_nested_tensor is False because encoder_layer.norm_first was True
  self.encoder = nn.TransformerEncoder(_make_encoder_layer(), num_layers=n_layers)
=== EXP-T255 shadow fold=4 lr0=1e-05 ===
=== EXP-T255 shadow fold=4 lr0=1e-04 ===
=== EXP-T255 shadow fold=4 lr0=1e-03 ===
=== EXP-T255 shadow fold=4 lr0=1e-02 ===
/workspace_developability_acquisition/developability_drilldown/models/antibody_transformer/model.py:347: UserWarning: enable_nested_tensor is True, but self.use_nested_tensor is False because encoder_layer.norm_first was True
  self.encoder = nn.TransformerEncoder(_make_encoder_layer(), num_layers=n_layers)
DONE EXP-T255 mean=3.446550
==== TRAIN EXP-T256 esm1b/B1/IMGT ====
/workspace_developability_acquisition/developability_drilldown/models/antibody_transformer/model.py:347: UserWarning: enable_nested_tensor is True, but self.use_nested_tensor is False because encoder_layer.norm_first was True
  self.encoder = nn.TransformerEncoder(_make_encoder_layer(), num_layers=n_layers)
=== EXP-T256 primary fold=0 lr0=1e-05 ===
=== EXP-T256 primary fold=0 lr0=1e-04 ===
=== EXP-T256 primary fold=0 lr0=1e-03 ===
=== EXP-T256 primary fold=0 lr0=1e-02 ===
/workspace_developability_acquisition/developability_drilldown/models/antibody_transformer/model.py:347: UserWarning: enable_nested_tensor is True, but self.use_nested_tensor is False because encoder_layer.norm_first was True
  self.encoder = nn.TransformerEncoder(_make_encoder_layer(), num_layers=n_layers)
=== EXP-T256 primary fold=1 lr0=1e-05 ===
=== EXP-T256 primary fold=1 lr0=1e-04 ===
=== EXP-T256 primary fold=1 lr0=1e-03 ===
=== EXP-T256 primary fold=1 lr0=1e-02 ===
/workspace_developability_acquisition/developability_drilldown/models/antibody_transformer/model.py:347: UserWarning: enable_nested_tensor is True, but self.use_nested_tensor is False because encoder_layer.norm_first was True
  self.encoder = nn.TransformerEncoder(_make_encoder_layer(), num_layers=n_layers)
=== EXP-T256 primary fold=2 lr0=1e-05 ===
=== EXP-T256 primary fold=2 lr0=1e-04 ===
=== EXP-T256 primary fold=2 lr0=1e-03 ===
=== EXP-T256 primary fold=2 lr0=1e-02 ===
/workspace_developability_acquisition/developability_drilldown/models/antibody_transformer/model.py:347: UserWarning: enable_nested_tensor is True, but self.use_nested_tensor is False because encoder_layer.norm_first was True
  self.encoder = nn.TransformerEncoder(_make_encoder_layer(), num_layers=n_layers)
=== EXP-T256 primary fold=3 lr0=1e-05 ===
=== EXP-T256 primary fold=3 lr0=1e-04 ===
=== EXP-T256 primary fold=3 lr0=1e-03 ===
=== EXP-T256 primary fold=3 lr0=1e-02 ===
/workspace_developability_acquisition/developability_drilldown/models/antibody_transformer/model.py:347: UserWarning: enable_nested_tensor is True, but self.use_nested_tensor is False because encoder_layer.norm_first was True
  self.encoder = nn.TransformerEncoder(_make_encoder_layer(), num_layers=n_layers)
=== EXP-T256 primary fold=4 lr0=1e-05 ===
=== EXP-T256 primary fold=4 lr0=1e-04 ===
=== EXP-T256 primary fold=4 lr0=1e-03 ===
=== EXP-T256 primary fold=4 lr0=1e-02 ===
/workspace_developability_acquisition/developability_drilldown/models/antibody_transformer/model.py:347: UserWarning: enable_nested_tensor is True, but self.use_nested_tensor is False because encoder_layer.norm_first was True
  self.encoder = nn.TransformerEncoder(_make_encoder_layer(), num_layers=n_layers)
=== EXP-T256 shadow fold=0 lr0=1e-05 ===
=== EXP-T256 shadow fold=0 lr0=1e-04 ===
=== EXP-T256 shadow fold=0 lr0=1e-03 ===
=== EXP-T256 shadow fold=0 lr0=1e-02 ===
/workspace_developability_acquisition/developability_drilldown/models/antibody_transformer/model.py:347: UserWarning: enable_nested_tensor is True, but self.use_nested_tensor is False because encoder_layer.norm_first was True
  self.encoder = nn.TransformerEncoder(_make_encoder_layer(), num_layers=n_layers)
=== EXP-T256 shadow fold=1 lr0=1e-05 ===
=== EXP-T256 shadow fold=1 lr0=1e-04 ===
=== EXP-T256 shadow fold=1 lr0=1e-03 ===
=== EXP-T256 shadow fold=1 lr0=1e-02 ===
/workspace_developability_acquisition/developability_drilldown/models/antibody_transformer/model.py:347: UserWarning: enable_nested_tensor is True, but self.use_nested_tensor is False because encoder_layer.norm_first was True
  self.encoder = nn.TransformerEncoder(_make_encoder_layer(), num_layers=n_layers)
=== EXP-T256 shadow fold=2 lr0=1e-05 ===
=== EXP-T256 shadow fold=2 lr0=1e-04 ===
=== EXP-T256 shadow fold=2 lr0=1e-03 ===
=== EXP-T256 shadow fold=2 lr0=1e-02 ===
/workspace_developability_acquisition/developability_drilldown/models/antibody_transformer/model.py:347: UserWarning: enable_nested_tensor is True, but self.use_nested_tensor is False because encoder_layer.norm_first was True
  self.encoder = nn.TransformerEncoder(_make_encoder_layer(), num_layers=n_layers)
=== EXP-T256 shadow fold=3 lr0=1e-05 ===
=== EXP-T256 shadow fold=3 lr0=1e-04 ===
=== EXP-T256 shadow fold=3 lr0=1e-03 ===
=== EXP-T256 shadow fold=3 lr0=1e-02 ===
/workspace_developability_acquisition/developability_drilldown/models/antibody_transformer/model.py:347: UserWarning: enable_nested_tensor is True, but self.use_nested_tensor is False because encoder_layer.norm_first was True
  self.encoder = nn.TransformerEncoder(_make_encoder_layer(), num_layers=n_layers)
=== EXP-T256 shadow fold=4 lr0=1e-05 ===
=== EXP-T256 shadow fold=4 lr0=1e-04 ===
=== EXP-T256 shadow fold=4 lr0=1e-03 ===
=== EXP-T256 shadow fold=4 lr0=1e-02 ===
/workspace_developability_acquisition/developability_drilldown/models/antibody_transformer/model.py:347: UserWarning: enable_nested_tensor is True, but self.use_nested_tensor is False because encoder_layer.norm_first was True
  self.encoder = nn.TransformerEncoder(_make_encoder_layer(), num_layers=n_layers)
DONE EXP-T256 mean=3.367055
==== TRAIN EXP-T257 esm1b/B2/IMGT ====
/workspace_developability_acquisition/developability_drilldown/models/antibody_transformer/model.py:347: UserWarning: enable_nested_tensor is True, but self.use_nested_tensor is False because encoder_layer.norm_first was True
  self.encoder = nn.TransformerEncoder(_make_encoder_layer(), num_layers=n_layers)
=== EXP-T257 primary fold=0 lr0=1e-05 ===
=== EXP-T257 primary fold=0 lr0=1e-04 ===
=== EXP-T257 primary fold=0 lr0=1e-03 ===
=== EXP-T257 primary fold=0 lr0=1e-02 ===
/workspace_developability_acquisition/developability_drilldown/models/antibody_transformer/model.py:347: UserWarning: enable_nested_tensor is True, but self.use_nested_tensor is False because encoder_layer.norm_first was True
  self.encoder = nn.TransformerEncoder(_make_encoder_layer(), num_layers=n_layers)
=== EXP-T257 primary fold=1 lr0=1e-05 ===
=== EXP-T257 primary fold=1 lr0=1e-04 ===
=== EXP-T257 primary fold=1 lr0=1e-03 ===
=== EXP-T257 primary fold=1 lr0=1e-02 ===
/workspace_developability_acquisition/developability_drilldown/models/antibody_transformer/model.py:347: UserWarning: enable_nested_tensor is True, but self.use_nested_tensor is False because encoder_layer.norm_first was True
  self.encoder = nn.TransformerEncoder(_make_encoder_layer(), num_layers=n_layers)
=== EXP-T257 primary fold=2 lr0=1e-05 ===
=== EXP-T257 primary fold=2 lr0=1e-04 ===
=== EXP-T257 primary fold=2 lr0=1e-03 ===
=== EXP-T257 primary fold=2 lr0=1e-02 ===
/workspace_developability_acquisition/developability_drilldown/models/antibody_transformer/model.py:347: UserWarning: enable_nested_tensor is True, but self.use_nested_tensor is False because encoder_layer.norm_first was True
  self.encoder = nn.TransformerEncoder(_make_encoder_layer(), num_layers=n_layers)
=== EXP-T257 primary fold=3 lr0=1e-05 ===
=== EXP-T257 primary fold=3 lr0=1e-04 ===
=== EXP-T257 primary fold=3 lr0=1e-03 ===
=== EXP-T257 primary fold=3 lr0=1e-02 ===
/workspace_developability_acquisition/developability_drilldown/models/antibody_transformer/model.py:347: UserWarning: enable_nested_tensor is True, but self.use_nested_tensor is False because encoder_layer.norm_first was True
  self.encoder = nn.TransformerEncoder(_make_encoder_layer(), num_layers=n_layers)
=== EXP-T257 primary fold=4 lr0=1e-05 ===
=== EXP-T257 primary fold=4 lr0=1e-04 ===
=== EXP-T257 primary fold=4 lr0=1e-03 ===
=== EXP-T257 primary fold=4 lr0=1e-02 ===
/workspace_developability_acquisition/developability_drilldown/models/antibody_transformer/model.py:347: UserWarning: enable_nested_tensor is True, but self.use_nested_tensor is False because encoder_layer.norm_first was True
  self.encoder = nn.TransformerEncoder(_make_encoder_layer(), num_layers=n_layers)
=== EXP-T257 shadow fold=0 lr0=1e-05 ===
=== EXP-T257 shadow fold=0 lr0=1e-04 ===
=== EXP-T257 shadow fold=0 lr0=1e-03 ===
=== EXP-T257 shadow fold=0 lr0=1e-02 ===
/workspace_developability_acquisition/developability_drilldown/models/antibody_transformer/model.py:347: UserWarning: enable_nested_tensor is True, but self.use_nested_tensor is False because encoder_layer.norm_first was True
  self.encoder = nn.TransformerEncoder(_make_encoder_layer(), num_layers=n_layers)
=== EXP-T257 shadow fold=1 lr0=1e-05 ===
=== EXP-T257 shadow fold=1 lr0=1e-04 ===
=== EXP-T257 shadow fold=1 lr0=1e-03 ===
=== EXP-T257 shadow fold=1 lr0=1e-02 ===
/workspace_developability_acquisition/developability_drilldown/models/antibody_transformer/model.py:347: UserWarning: enable_nested_tensor is True, but self.use_nested_tensor is False because encoder_layer.norm_first was True
  self.encoder = nn.TransformerEncoder(_make_encoder_layer(), num_layers=n_layers)
=== EXP-T257 shadow fold=2 lr0=1e-05 ===
=== EXP-T257 shadow fold=2 lr0=1e-04 ===
=== EXP-T257 shadow fold=2 lr0=1e-03 ===
=== EXP-T257 shadow fold=2 lr0=1e-02 ===
/workspace_developability_acquisition/developability_drilldown/models/antibody_transformer/model.py:347: UserWarning: enable_nested_tensor is True, but self.use_nested_tensor is False because encoder_layer.norm_first was True
  self.encoder = nn.TransformerEncoder(_make_encoder_layer(), num_layers=n_layers)
=== EXP-T257 shadow fold=3 lr0=1e-05 ===
=== EXP-T257 shadow fold=3 lr0=1e-04 ===
=== EXP-T257 shadow fold=3 lr0=1e-03 ===
=== EXP-T257 shadow fold=3 lr0=1e-02 ===
/workspace_developability_acquisition/developability_drilldown/models/antibody_transformer/model.py:347: UserWarning: enable_nested_tensor is True, but self.use_nested_tensor is False because encoder_layer.norm_first was True
  self.encoder = nn.TransformerEncoder(_make_encoder_layer(), num_layers=n_layers)
=== EXP-T257 shadow fold=4 lr0=1e-05 ===
=== EXP-T257 shadow fold=4 lr0=1e-04 ===
=== EXP-T257 shadow fold=4 lr0=1e-03 ===
=== EXP-T257 shadow fold=4 lr0=1e-02 ===
/workspace_developability_acquisition/developability_drilldown/models/antibody_transformer/model.py:347: UserWarning: enable_nested_tensor is True, but self.use_nested_tensor is False because encoder_layer.norm_first was True
  self.encoder = nn.TransformerEncoder(_make_encoder_layer(), num_layers=n_layers)
DONE EXP-T257 mean=3.395471
==== TRAIN EXP-T258 esm1b/C/IMGT ====
/workspace_developability_acquisition/developability_drilldown/models/antibody_transformer/model.py:347: UserWarning: enable_nested_tensor is True, but self.use_nested_tensor is False because encoder_layer.norm_first was True
  self.encoder = nn.TransformerEncoder(_make_encoder_layer(), num_layers=n_layers)
=== EXP-T258 primary fold=0 lr0=1e-05 ===
=== EXP-T258 primary fold=0 lr0=1e-04 ===
=== EXP-T258 primary fold=0 lr0=1e-03 ===
=== EXP-T258 primary fold=0 lr0=1e-02 ===
/workspace_developability_acquisition/developability_drilldown/models/antibody_transformer/model.py:347: UserWarning: enable_nested_tensor is True, but self.use_nested_tensor is False because encoder_layer.norm_first was True
  self.encoder = nn.TransformerEncoder(_make_encoder_layer(), num_layers=n_layers)
=== EXP-T258 primary fold=1 lr0=1e-05 ===
=== EXP-T258 primary fold=1 lr0=1e-04 ===
=== EXP-T258 primary fold=1 lr0=1e-03 ===
=== EXP-T258 primary fold=1 lr0=1e-02 ===
/workspace_developability_acquisition/developability_drilldown/models/antibody_transformer/model.py:347: UserWarning: enable_nested_tensor is True, but self.use_nested_tensor is False because encoder_layer.norm_first was True
  self.encoder = nn.TransformerEncoder(_make_encoder_layer(), num_layers=n_layers)
=== EXP-T258 primary fold=2 lr0=1e-05 ===
=== EXP-T258 primary fold=2 lr0=1e-04 ===
=== EXP-T258 primary fold=2 lr0=1e-03 ===
=== EXP-T258 primary fold=2 lr0=1e-02 ===
/workspace_developability_acquisition/developability_drilldown/models/antibody_transformer/model.py:347: UserWarning: enable_nested_tensor is True, but self.use_nested_tensor is False because encoder_layer.norm_first was True
  self.encoder = nn.TransformerEncoder(_make_encoder_layer(), num_layers=n_layers)
=== EXP-T258 primary fold=3 lr0=1e-05 ===
=== EXP-T258 primary fold=3 lr0=1e-04 ===
=== EXP-T258 primary fold=3 lr0=1e-03 ===
=== EXP-T258 primary fold=3 lr0=1e-02 ===
/workspace_developability_acquisition/developability_drilldown/models/antibody_transformer/model.py:347: UserWarning: enable_nested_tensor is True, but self.use_nested_tensor is False because encoder_layer.norm_first was True
  self.encoder = nn.TransformerEncoder(_make_encoder_layer(), num_layers=n_layers)
=== EXP-T258 primary fold=4 lr0=1e-05 ===
=== EXP-T258 primary fold=4 lr0=1e-04 ===
=== EXP-T258 primary fold=4 lr0=1e-03 ===
=== EXP-T258 primary fold=4 lr0=1e-02 ===
/workspace_developability_acquisition/developability_drilldown/models/antibody_transformer/model.py:347: UserWarning: enable_nested_tensor is True, but self.use_nested_tensor is False because encoder_layer.norm_first was True
  self.encoder = nn.TransformerEncoder(_make_encoder_layer(), num_layers=n_layers)
=== EXP-T258 shadow fold=0 lr0=1e-05 ===
=== EXP-T258 shadow fold=0 lr0=1e-04 ===
=== EXP-T258 shadow fold=0 lr0=1e-03 ===
=== EXP-T258 shadow fold=0 lr0=1e-02 ===
/workspace_developability_acquisition/developability_drilldown/models/antibody_transformer/model.py:347: UserWarning: enable_nested_tensor is True, but self.use_nested_tensor is False because encoder_layer.norm_first was True
  self.encoder = nn.TransformerEncoder(_make_encoder_layer(), num_layers=n_layers)
=== EXP-T258 shadow fold=1 lr0=1e-05 ===
=== EXP-T258 shadow fold=1 lr0=1e-04 ===
=== EXP-T258 shadow fold=1 lr0=1e-03 ===
=== EXP-T258 shadow fold=1 lr0=1e-02 ===
/workspace_developability_acquisition/developability_drilldown/models/antibody_transformer/model.py:347: UserWarning: enable_nested_tensor is True, but self.use_nested_tensor is False because encoder_layer.norm_first was True
  self.encoder = nn.TransformerEncoder(_make_encoder_layer(), num_layers=n_layers)
=== EXP-T258 shadow fold=2 lr0=1e-05 ===
=== EXP-T258 shadow fold=2 lr0=1e-04 ===
=== EXP-T258 shadow fold=2 lr0=1e-03 ===
=== EXP-T258 shadow fold=2 lr0=1e-02 ===
/workspace_developability_acquisition/developability_drilldown/models/antibody_transformer/model.py:347: UserWarning: enable_nested_tensor is True, but self.use_nested_tensor is False because encoder_layer.norm_first was True
  self.encoder = nn.TransformerEncoder(_make_encoder_layer(), num_layers=n_layers)
=== EXP-T258 shadow fold=3 lr0=1e-05 ===
=== EXP-T258 shadow fold=3 lr0=1e-04 ===
=== EXP-T258 shadow fold=3 lr0=1e-03 ===
=== EXP-T258 shadow fold=3 lr0=1e-02 ===
/workspace_developability_acquisition/developability_drilldown/models/antibody_transformer/model.py:347: UserWarning: enable_nested_tensor is True, but self.use_nested_tensor is False because encoder_layer.norm_first was True
  self.encoder = nn.TransformerEncoder(_make_encoder_layer(), num_layers=n_layers)
=== EXP-T258 shadow fold=4 lr0=1e-05 ===
=== EXP-T258 shadow fold=4 lr0=1e-04 ===
=== EXP-T258 shadow fold=4 lr0=1e-03 ===
=== EXP-T258 shadow fold=4 lr0=1e-02 ===
/workspace_developability_acquisition/developability_drilldown/models/antibody_transformer/model.py:347: UserWarning: enable_nested_tensor is True, but self.use_nested_tensor is False because encoder_layer.norm_first was True
  self.encoder = nn.TransformerEncoder(_make_encoder_layer(), num_layers=n_layers)
DONE EXP-T258 mean=3.410249
==== TRAIN EXP-T259 esm1b/D/IMGT ====
/workspace_developability_acquisition/developability_drilldown/models/antibody_transformer/model.py:347: UserWarning: enable_nested_tensor is True, but self.use_nested_tensor is False because encoder_layer.norm_first was True
  self.encoder = nn.TransformerEncoder(_make_encoder_layer(), num_layers=n_layers)
=== EXP-T259 primary fold=0 lr0=1e-05 ===
=== EXP-T259 primary fold=0 lr0=1e-04 ===
=== EXP-T259 primary fold=0 lr0=1e-03 ===
=== EXP-T259 primary fold=0 lr0=1e-02 ===
/workspace_developability_acquisition/developability_drilldown/models/antibody_transformer/model.py:347: UserWarning: enable_nested_tensor is True, but self.use_nested_tensor is False because encoder_layer.norm_first was True
  self.encoder = nn.TransformerEncoder(_make_encoder_layer(), num_layers=n_layers)
=== EXP-T259 primary fold=1 lr0=1e-05 ===
=== EXP-T259 primary fold=1 lr0=1e-04 ===
=== EXP-T259 primary fold=1 lr0=1e-03 ===
=== EXP-T259 primary fold=1 lr0=1e-02 ===
/workspace_developability_acquisition/developability_drilldown/models/antibody_transformer/model.py:347: UserWarning: enable_nested_tensor is True, but self.use_nested_tensor is False because encoder_layer.norm_first was True
  self.encoder = nn.TransformerEncoder(_make_encoder_layer(), num_layers=n_layers)
=== EXP-T259 primary fold=2 lr0=1e-05 ===
=== EXP-T259 primary fold=2 lr0=1e-04 ===
=== EXP-T259 primary fold=2 lr0=1e-03 ===
=== EXP-T259 primary fold=2 lr0=1e-02 ===
/workspace_developability_acquisition/developability_drilldown/models/antibody_transformer/model.py:347: UserWarning: enable_nested_tensor is True, but self.use_nested_tensor is False because encoder_layer.norm_first was True
  self.encoder = nn.TransformerEncoder(_make_encoder_layer(), num_layers=n_layers)
=== EXP-T259 primary fold=3 lr0=1e-05 ===
=== EXP-T259 primary fold=3 lr0=1e-04 ===
=== EXP-T259 primary fold=3 lr0=1e-03 ===
=== EXP-T259 primary fold=3 lr0=1e-02 ===
/workspace_developability_acquisition/developability_drilldown/models/antibody_transformer/model.py:347: UserWarning: enable_nested_tensor is True, but self.use_nested_tensor is False because encoder_layer.norm_first was True
  self.encoder = nn.TransformerEncoder(_make_encoder_layer(), num_layers=n_layers)
=== EXP-T259 primary fold=4 lr0=1e-05 ===
=== EXP-T259 primary fold=4 lr0=1e-04 ===
=== EXP-T259 primary fold=4 lr0=1e-03 ===
=== EXP-T259 primary fold=4 lr0=1e-02 ===
/workspace_developability_acquisition/developability_drilldown/models/antibody_transformer/model.py:347: UserWarning: enable_nested_tensor is True, but self.use_nested_tensor is False because encoder_layer.norm_first was True
  self.encoder = nn.TransformerEncoder(_make_encoder_layer(), num_layers=n_layers)
=== EXP-T259 shadow fold=0 lr0=1e-05 ===
=== EXP-T259 shadow fold=0 lr0=1e-04 ===
=== EXP-T259 shadow fold=0 lr0=1e-03 ===
=== EXP-T259 shadow fold=0 lr0=1e-02 ===
/workspace_developability_acquisition/developability_drilldown/models/antibody_transformer/model.py:347: UserWarning: enable_nested_tensor is True, but self.use_nested_tensor is False because encoder_layer.norm_first was True
  self.encoder = nn.TransformerEncoder(_make_encoder_layer(), num_layers=n_layers)
=== EXP-T259 shadow fold=1 lr0=1e-05 ===
=== EXP-T259 shadow fold=1 lr0=1e-04 ===
=== EXP-T259 shadow fold=1 lr0=1e-03 ===
=== EXP-T259 shadow fold=1 lr0=1e-02 ===
/workspace_developability_acquisition/developability_drilldown/models/antibody_transformer/model.py:347: UserWarning: enable_nested_tensor is True, but self.use_nested_tensor is False because encoder_layer.norm_first was True
  self.encoder = nn.TransformerEncoder(_make_encoder_layer(), num_layers=n_layers)
=== EXP-T259 shadow fold=2 lr0=1e-05 ===
=== EXP-T259 shadow fold=2 lr0=1e-04 ===
=== EXP-T259 shadow fold=2 lr0=1e-03 ===
=== EXP-T259 shadow fold=2 lr0=1e-02 ===
/workspace_developability_acquisition/developability_drilldown/models/antibody_transformer/model.py:347: UserWarning: enable_nested_tensor is True, but self.use_nested_tensor is False because encoder_layer.norm_first was True
  self.encoder = nn.TransformerEncoder(_make_encoder_layer(), num_layers=n_layers)
=== EXP-T259 shadow fold=3 lr0=1e-05 ===
=== EXP-T259 shadow fold=3 lr0=1e-04 ===
=== EXP-T259 shadow fold=3 lr0=1e-03 ===
=== EXP-T259 shadow fold=3 lr0=1e-02 ===
/workspace_developability_acquisition/developability_drilldown/models/antibody_transformer/model.py:347: UserWarning: enable_nested_tensor is True, but self.use_nested_tensor is False because encoder_layer.norm_first was True
  self.encoder = nn.TransformerEncoder(_make_encoder_layer(), num_layers=n_layers)
=== EXP-T259 shadow fold=4 lr0=1e-05 ===
=== EXP-T259 shadow fold=4 lr0=1e-04 ===
=== EXP-T259 shadow fold=4 lr0=1e-03 ===
=== EXP-T259 shadow fold=4 lr0=1e-02 ===
/workspace_developability_acquisition/developability_drilldown/models/antibody_transformer/model.py:347: UserWarning: enable_nested_tensor is True, but self.use_nested_tensor is False because encoder_layer.norm_first was True
  self.encoder = nn.TransformerEncoder(_make_encoder_layer(), num_layers=n_layers)
DONE EXP-T259 mean=3.373369
==== TRAIN EXP-T260 esm1b/A/REGION ====
/workspace_developability_acquisition/developability_drilldown/models/antibody_transformer/model.py:347: UserWarning: enable_nested_tensor is True, but self.use_nested_tensor is False because encoder_layer.norm_first was True
  self.encoder = nn.TransformerEncoder(_make_encoder_layer(), num_layers=n_layers)
=== EXP-T260 primary fold=0 lr0=1e-05 ===
=== EXP-T260 primary fold=0 lr0=1e-04 ===
=== EXP-T260 primary fold=0 lr0=1e-03 ===
=== EXP-T260 primary fold=0 lr0=1e-02 ===
/workspace_developability_acquisition/developability_drilldown/models/antibody_transformer/model.py:347: UserWarning: enable_nested_tensor is True, but self.use_nested_tensor is False because encoder_layer.norm_first was True
  self.encoder = nn.TransformerEncoder(_make_encoder_layer(), num_layers=n_layers)
=== EXP-T260 primary fold=1 lr0=1e-05 ===
=== EXP-T260 primary fold=1 lr0=1e-04 ===
=== EXP-T260 primary fold=1 lr0=1e-03 ===
=== EXP-T260 primary fold=1 lr0=1e-02 ===
/workspace_developability_acquisition/developability_drilldown/models/antibody_transformer/model.py:347: UserWarning: enable_nested_tensor is True, but self.use_nested_tensor is False because encoder_layer.norm_first was True
  self.encoder = nn.TransformerEncoder(_make_encoder_layer(), num_layers=n_layers)
=== EXP-T260 primary fold=2 lr0=1e-05 ===
=== EXP-T260 primary fold=2 lr0=1e-04 ===
=== EXP-T260 primary fold=2 lr0=1e-03 ===
=== EXP-T260 primary fold=2 lr0=1e-02 ===
/workspace_developability_acquisition/developability_drilldown/models/antibody_transformer/model.py:347: UserWarning: enable_nested_tensor is True, but self.use_nested_tensor is False because encoder_layer.norm_first was True
  self.encoder = nn.TransformerEncoder(_make_encoder_layer(), num_layers=n_layers)
=== EXP-T260 primary fold=3 lr0=1e-05 ===
=== EXP-T260 primary fold=3 lr0=1e-04 ===
=== EXP-T260 primary fold=3 lr0=1e-03 ===
=== EXP-T260 primary fold=3 lr0=1e-02 ===
/workspace_developability_acquisition/developability_drilldown/models/antibody_transformer/model.py:347: UserWarning: enable_nested_tensor is True, but self.use_nested_tensor is False because encoder_layer.norm_first was True
  self.encoder = nn.TransformerEncoder(_make_encoder_layer(), num_layers=n_layers)
=== EXP-T260 primary fold=4 lr0=1e-05 ===
=== EXP-T260 primary fold=4 lr0=1e-04 ===
=== EXP-T260 primary fold=4 lr0=1e-03 ===
=== EXP-T260 primary fold=4 lr0=1e-02 ===
/workspace_developability_acquisition/developability_drilldown/models/antibody_transformer/model.py:347: UserWarning: enable_nested_tensor is True, but self.use_nested_tensor is False because encoder_layer.norm_first was True
  self.encoder = nn.TransformerEncoder(_make_encoder_layer(), num_layers=n_layers)
=== EXP-T260 shadow fold=0 lr0=1e-05 ===
=== EXP-T260 shadow fold=0 lr0=1e-04 ===
=== EXP-T260 shadow fold=0 lr0=1e-03 ===
=== EXP-T260 shadow fold=0 lr0=1e-02 ===
/workspace_developability_acquisition/developability_drilldown/models/antibody_transformer/model.py:347: UserWarning: enable_nested_tensor is True, but self.use_nested_tensor is False because encoder_layer.norm_first was True
  self.encoder = nn.TransformerEncoder(_make_encoder_layer(), num_layers=n_layers)
=== EXP-T260 shadow fold=1 lr0=1e-05 ===
=== EXP-T260 shadow fold=1 lr0=1e-04 ===
=== EXP-T260 shadow fold=1 lr0=1e-03 ===
=== EXP-T260 shadow fold=1 lr0=1e-02 ===
/workspace_developability_acquisition/developability_drilldown/models/antibody_transformer/model.py:347: UserWarning: enable_nested_tensor is True, but self.use_nested_tensor is False because encoder_layer.norm_first was True
  self.encoder = nn.TransformerEncoder(_make_encoder_layer(), num_layers=n_layers)
=== EXP-T260 shadow fold=2 lr0=1e-05 ===
=== EXP-T260 shadow fold=2 lr0=1e-04 ===
=== EXP-T260 shadow fold=2 lr0=1e-03 ===
=== EXP-T260 shadow fold=2 lr0=1e-02 ===
/workspace_developability_acquisition/developability_drilldown/models/antibody_transformer/model.py:347: UserWarning: enable_nested_tensor is True, but self.use_nested_tensor is False because encoder_layer.norm_first was True
  self.encoder = nn.TransformerEncoder(_make_encoder_layer(), num_layers=n_layers)
=== EXP-T260 shadow fold=3 lr0=1e-05 ===
=== EXP-T260 shadow fold=3 lr0=1e-04 ===
=== EXP-T260 shadow fold=3 lr0=1e-03 ===
=== EXP-T260 shadow fold=3 lr0=1e-02 ===
/workspace_developability_acquisition/developability_drilldown/models/antibody_transformer/model.py:347: UserWarning: enable_nested_tensor is True, but self.use_nested_tensor is False because encoder_layer.norm_first was True
  self.encoder = nn.TransformerEncoder(_make_encoder_layer(), num_layers=n_layers)
=== EXP-T260 shadow fold=4 lr0=1e-05 ===
=== EXP-T260 shadow fold=4 lr0=1e-04 ===
=== EXP-T260 shadow fold=4 lr0=1e-03 ===
=== EXP-T260 shadow fold=4 lr0=1e-02 ===
/workspace_developability_acquisition/developability_drilldown/models/antibody_transformer/model.py:347: UserWarning: enable_nested_tensor is True, but self.use_nested_tensor is False because encoder_layer.norm_first was True
  self.encoder = nn.TransformerEncoder(_make_encoder_layer(), num_layers=n_layers)
DONE EXP-T260 mean=3.370107
==== TRAIN EXP-T261 esm1b/B1/REGION ====
/workspace_developability_acquisition/developability_drilldown/models/antibody_transformer/model.py:347: UserWarning: enable_nested_tensor is True, but self.use_nested_tensor is False because encoder_layer.norm_first was True
  self.encoder = nn.TransformerEncoder(_make_encoder_layer(), num_layers=n_layers)
=== EXP-T261 primary fold=0 lr0=1e-05 ===
=== EXP-T261 primary fold=0 lr0=1e-04 ===
=== EXP-T261 primary fold=0 lr0=1e-03 ===
=== EXP-T261 primary fold=0 lr0=1e-02 ===
/workspace_developability_acquisition/developability_drilldown/models/antibody_transformer/model.py:347: UserWarning: enable_nested_tensor is True, but self.use_nested_tensor is False because encoder_layer.norm_first was True
  self.encoder = nn.TransformerEncoder(_make_encoder_layer(), num_layers=n_layers)
=== EXP-T261 primary fold=1 lr0=1e-05 ===
=== EXP-T261 primary fold=1 lr0=1e-04 ===
=== EXP-T261 primary fold=1 lr0=1e-03 ===
=== EXP-T261 primary fold=1 lr0=1e-02 ===
/workspace_developability_acquisition/developability_drilldown/models/antibody_transformer/model.py:347: UserWarning: enable_nested_tensor is True, but self.use_nested_tensor is False because encoder_layer.norm_first was True
  self.encoder = nn.TransformerEncoder(_make_encoder_layer(), num_layers=n_layers)
=== EXP-T261 primary fold=2 lr0=1e-05 ===
=== EXP-T261 primary fold=2 lr0=1e-04 ===
=== EXP-T261 primary fold=2 lr0=1e-03 ===
=== EXP-T261 primary fold=2 lr0=1e-02 ===
/workspace_developability_acquisition/developability_drilldown/models/antibody_transformer/model.py:347: UserWarning: enable_nested_tensor is True, but self.use_nested_tensor is False because encoder_layer.norm_first was True
  self.encoder = nn.TransformerEncoder(_make_encoder_layer(), num_layers=n_layers)
=== EXP-T261 primary fold=3 lr0=1e-05 ===
=== EXP-T261 primary fold=3 lr0=1e-04 ===
=== EXP-T261 primary fold=3 lr0=1e-03 ===
=== EXP-T261 primary fold=3 lr0=1e-02 ===
/workspace_developability_acquisition/developability_drilldown/models/antibody_transformer/model.py:347: UserWarning: enable_nested_tensor is True, but self.use_nested_tensor is False because encoder_layer.norm_first was True
  self.encoder = nn.TransformerEncoder(_make_encoder_layer(), num_layers=n_layers)
=== EXP-T261 primary fold=4 lr0=1e-05 ===
=== EXP-T261 primary fold=4 lr0=1e-04 ===
=== EXP-T261 primary fold=4 lr0=1e-03 ===
=== EXP-T261 primary fold=4 lr0=1e-02 ===
/workspace_developability_acquisition/developability_drilldown/models/antibody_transformer/model.py:347: UserWarning: enable_nested_tensor is True, but self.use_nested_tensor is False because encoder_layer.norm_first was True
  self.encoder = nn.TransformerEncoder(_make_encoder_layer(), num_layers=n_layers)
=== EXP-T261 shadow fold=0 lr0=1e-05 ===
=== EXP-T261 shadow fold=0 lr0=1e-04 ===
=== EXP-T261 shadow fold=0 lr0=1e-03 ===
=== EXP-T261 shadow fold=0 lr0=1e-02 ===
/workspace_developability_acquisition/developability_drilldown/models/antibody_transformer/model.py:347: UserWarning: enable_nested_tensor is True, but self.use_nested_tensor is False because encoder_layer.norm_first was True
  self.encoder = nn.TransformerEncoder(_make_encoder_layer(), num_layers=n_layers)
=== EXP-T261 shadow fold=1 lr0=1e-05 ===
=== EXP-T261 shadow fold=1 lr0=1e-04 ===
=== EXP-T261 shadow fold=1 lr0=1e-03 ===
=== EXP-T261 shadow fold=1 lr0=1e-02 ===
/workspace_developability_acquisition/developability_drilldown/models/antibody_transformer/model.py:347: UserWarning: enable_nested_tensor is True, but self.use_nested_tensor is False because encoder_layer.norm_first was True
  self.encoder = nn.TransformerEncoder(_make_encoder_layer(), num_layers=n_layers)
=== EXP-T261 shadow fold=2 lr0=1e-05 ===
=== EXP-T261 shadow fold=2 lr0=1e-04 ===
=== EXP-T261 shadow fold=2 lr0=1e-03 ===
=== EXP-T261 shadow fold=2 lr0=1e-02 ===
/workspace_developability_acquisition/developability_drilldown/models/antibody_transformer/model.py:347: UserWarning: enable_nested_tensor is True, but self.use_nested_tensor is False because encoder_layer.norm_first was True
  self.encoder = nn.TransformerEncoder(_make_encoder_layer(), num_layers=n_layers)
=== EXP-T261 shadow fold=3 lr0=1e-05 ===
=== EXP-T261 shadow fold=3 lr0=1e-04 ===
=== EXP-T261 shadow fold=3 lr0=1e-03 ===
=== EXP-T261 shadow fold=3 lr0=1e-02 ===
/workspace_developability_acquisition/developability_drilldown/models/antibody_transformer/model.py:347: UserWarning: enable_nested_tensor is True, but self.use_nested_tensor is False because encoder_layer.norm_first was True
  self.encoder = nn.TransformerEncoder(_make_encoder_layer(), num_layers=n_layers)
=== EXP-T261 shadow fold=4 lr0=1e-05 ===
=== EXP-T261 shadow fold=4 lr0=1e-04 ===
=== EXP-T261 shadow fold=4 lr0=1e-03 ===
=== EXP-T261 shadow fold=4 lr0=1e-02 ===
/workspace_developability_acquisition/developability_drilldown/models/antibody_transformer/model.py:347: UserWarning: enable_nested_tensor is True, but self.use_nested_tensor is False because encoder_layer.norm_first was True
  self.encoder = nn.TransformerEncoder(_make_encoder_layer(), num_layers=n_layers)
DONE EXP-T261 mean=3.377960
==== TRAIN EXP-T262 esm1b/B2/REGION ====
/workspace_developability_acquisition/developability_drilldown/models/antibody_transformer/model.py:347: UserWarning: enable_nested_tensor is True, but self.use_nested_tensor is False because encoder_layer.norm_first was True
  self.encoder = nn.TransformerEncoder(_make_encoder_layer(), num_layers=n_layers)
=== EXP-T262 primary fold=0 lr0=1e-05 ===
=== EXP-T262 primary fold=0 lr0=1e-04 ===
=== EXP-T262 primary fold=0 lr0=1e-03 ===
=== EXP-T262 primary fold=0 lr0=1e-02 ===
/workspace_developability_acquisition/developability_drilldown/models/antibody_transformer/model.py:347: UserWarning: enable_nested_tensor is True, but self.use_nested_tensor is False because encoder_layer.norm_first was True
  self.encoder = nn.TransformerEncoder(_make_encoder_layer(), num_layers=n_layers)
=== EXP-T262 primary fold=1 lr0=1e-05 ===
=== EXP-T262 primary fold=1 lr0=1e-04 ===
=== EXP-T262 primary fold=1 lr0=1e-03 ===
=== EXP-T262 primary fold=1 lr0=1e-02 ===
/workspace_developability_acquisition/developability_drilldown/models/antibody_transformer/model.py:347: UserWarning: enable_nested_tensor is True, but self.use_nested_tensor is False because encoder_layer.norm_first was True
  self.encoder = nn.TransformerEncoder(_make_encoder_layer(), num_layers=n_layers)
=== EXP-T262 primary fold=2 lr0=1e-05 ===
=== EXP-T262 primary fold=2 lr0=1e-04 ===
=== EXP-T262 primary fold=2 lr0=1e-03 ===
=== EXP-T262 primary fold=2 lr0=1e-02 ===
/workspace_developability_acquisition/developability_drilldown/models/antibody_transformer/model.py:347: UserWarning: enable_nested_tensor is True, but self.use_nested_tensor is False because encoder_layer.norm_first was True
  self.encoder = nn.TransformerEncoder(_make_encoder_layer(), num_layers=n_layers)
=== EXP-T262 primary fold=3 lr0=1e-05 ===
=== EXP-T262 primary fold=3 lr0=1e-04 ===
=== EXP-T262 primary fold=3 lr0=1e-03 ===
=== EXP-T262 primary fold=3 lr0=1e-02 ===
/workspace_developability_acquisition/developability_drilldown/models/antibody_transformer/model.py:347: UserWarning: enable_nested_tensor is True, but self.use_nested_tensor is False because encoder_layer.norm_first was True
  self.encoder = nn.TransformerEncoder(_make_encoder_layer(), num_layers=n_layers)
=== EXP-T262 primary fold=4 lr0=1e-05 ===
=== EXP-T262 primary fold=4 lr0=1e-04 ===
=== EXP-T262 primary fold=4 lr0=1e-03 ===
=== EXP-T262 primary fold=4 lr0=1e-02 ===
/workspace_developability_acquisition/developability_drilldown/models/antibody_transformer/model.py:347: UserWarning: enable_nested_tensor is True, but self.use_nested_tensor is False because encoder_layer.norm_first was True
  self.encoder = nn.TransformerEncoder(_make_encoder_layer(), num_layers=n_layers)
=== EXP-T262 shadow fold=0 lr0=1e-05 ===
=== EXP-T262 shadow fold=0 lr0=1e-04 ===
=== EXP-T262 shadow fold=0 lr0=1e-03 ===
=== EXP-T262 shadow fold=0 lr0=1e-02 ===
/workspace_developability_acquisition/developability_drilldown/models/antibody_transformer/model.py:347: UserWarning: enable_nested_tensor is True, but self.use_nested_tensor is False because encoder_layer.norm_first was True
  self.encoder = nn.TransformerEncoder(_make_encoder_layer(), num_layers=n_layers)
=== EXP-T262 shadow fold=1 lr0=1e-05 ===
=== EXP-T262 shadow fold=1 lr0=1e-04 ===
=== EXP-T262 shadow fold=1 lr0=1e-03 ===
=== EXP-T262 shadow fold=1 lr0=1e-02 ===
/workspace_developability_acquisition/developability_drilldown/models/antibody_transformer/model.py:347: UserWarning: enable_nested_tensor is True, but self.use_nested_tensor is False because encoder_layer.norm_first was True
  self.encoder = nn.TransformerEncoder(_make_encoder_layer(), num_layers=n_layers)
=== EXP-T262 shadow fold=2 lr0=1e-05 ===
=== EXP-T262 shadow fold=2 lr0=1e-04 ===
=== EXP-T262 shadow fold=2 lr0=1e-03 ===
=== EXP-T262 shadow fold=2 lr0=1e-02 ===
/workspace_developability_acquisition/developability_drilldown/models/antibody_transformer/model.py:347: UserWarning: enable_nested_tensor is True, but self.use_nested_tensor is False because encoder_layer.norm_first was True
  self.encoder = nn.TransformerEncoder(_make_encoder_layer(), num_layers=n_layers)
=== EXP-T262 shadow fold=3 lr0=1e-05 ===
=== EXP-T262 shadow fold=3 lr0=1e-04 ===
=== EXP-T262 shadow fold=3 lr0=1e-03 ===
=== EXP-T262 shadow fold=3 lr0=1e-02 ===
/workspace_developability_acquisition/developability_drilldown/models/antibody_transformer/model.py:347: UserWarning: enable_nested_tensor is True, but self.use_nested_tensor is False because encoder_layer.norm_first was True
  self.encoder = nn.TransformerEncoder(_make_encoder_layer(), num_layers=n_layers)
=== EXP-T262 shadow fold=4 lr0=1e-05 ===
=== EXP-T262 shadow fold=4 lr0=1e-04 ===
=== EXP-T262 shadow fold=4 lr0=1e-03 ===
=== EXP-T262 shadow fold=4 lr0=1e-02 ===
/workspace_developability_acquisition/developability_drilldown/models/antibody_transformer/model.py:347: UserWarning: enable_nested_tensor is True, but self.use_nested_tensor is False because encoder_layer.norm_first was True
  self.encoder = nn.TransformerEncoder(_make_encoder_layer(), num_layers=n_layers)
DONE EXP-T262 mean=3.303353
==== TRAIN EXP-T263 esm1b/C/REGION ====
/workspace_developability_acquisition/developability_drilldown/models/antibody_transformer/model.py:347: UserWarning: enable_nested_tensor is True, but self.use_nested_tensor is False because encoder_layer.norm_first was True
  self.encoder = nn.TransformerEncoder(_make_encoder_layer(), num_layers=n_layers)
=== EXP-T263 primary fold=0 lr0=1e-05 ===
=== EXP-T263 primary fold=0 lr0=1e-04 ===
=== EXP-T263 primary fold=0 lr0=1e-03 ===
=== EXP-T263 primary fold=0 lr0=1e-02 ===
/workspace_developability_acquisition/developability_drilldown/models/antibody_transformer/model.py:347: UserWarning: enable_nested_tensor is True, but self.use_nested_tensor is False because encoder_layer.norm_first was True
  self.encoder = nn.TransformerEncoder(_make_encoder_layer(), num_layers=n_layers)
=== EXP-T263 primary fold=1 lr0=1e-05 ===
=== EXP-T263 primary fold=1 lr0=1e-04 ===
=== EXP-T263 primary fold=1 lr0=1e-03 ===
=== EXP-T263 primary fold=1 lr0=1e-02 ===
/workspace_developability_acquisition/developability_drilldown/models/antibody_transformer/model.py:347: UserWarning: enable_nested_tensor is True, but self.use_nested_tensor is False because encoder_layer.norm_first was True
  self.encoder = nn.TransformerEncoder(_make_encoder_layer(), num_layers=n_layers)
=== EXP-T263 primary fold=2 lr0=1e-05 ===
=== EXP-T263 primary fold=2 lr0=1e-04 ===
=== EXP-T263 primary fold=2 lr0=1e-03 ===
=== EXP-T263 primary fold=2 lr0=1e-02 ===
/workspace_developability_acquisition/developability_drilldown/models/antibody_transformer/model.py:347: UserWarning: enable_nested_tensor is True, but self.use_nested_tensor is False because encoder_layer.norm_first was True
  self.encoder = nn.TransformerEncoder(_make_encoder_layer(), num_layers=n_layers)
=== EXP-T263 primary fold=3 lr0=1e-05 ===
=== EXP-T263 primary fold=3 lr0=1e-04 ===
=== EXP-T263 primary fold=3 lr0=1e-03 ===
=== EXP-T263 primary fold=3 lr0=1e-02 ===
/workspace_developability_acquisition/developability_drilldown/models/antibody_transformer/model.py:347: UserWarning: enable_nested_tensor is True, but self.use_nested_tensor is False because encoder_layer.norm_first was True
  self.encoder = nn.TransformerEncoder(_make_encoder_layer(), num_layers=n_layers)
=== EXP-T263 primary fold=4 lr0=1e-05 ===
=== EXP-T263 primary fold=4 lr0=1e-04 ===
=== EXP-T263 primary fold=4 lr0=1e-03 ===
=== EXP-T263 primary fold=4 lr0=1e-02 ===
/workspace_developability_acquisition/developability_drilldown/models/antibody_transformer/model.py:347: UserWarning: enable_nested_tensor is True, but self.use_nested_tensor is False because encoder_layer.norm_first was True
  self.encoder = nn.TransformerEncoder(_make_encoder_layer(), num_layers=n_layers)
=== EXP-T263 shadow fold=0 lr0=1e-05 ===
=== EXP-T263 shadow fold=0 lr0=1e-04 ===
=== EXP-T263 shadow fold=0 lr0=1e-03 ===
=== EXP-T263 shadow fold=0 lr0=1e-02 ===
/workspace_developability_acquisition/developability_drilldown/models/antibody_transformer/model.py:347: UserWarning: enable_nested_tensor is True, but self.use_nested_tensor is False because encoder_layer.norm_first was True
  self.encoder = nn.TransformerEncoder(_make_encoder_layer(), num_layers=n_layers)
=== EXP-T263 shadow fold=1 lr0=1e-05 ===
=== EXP-T263 shadow fold=1 lr0=1e-04 ===
=== EXP-T263 shadow fold=1 lr0=1e-03 ===
=== EXP-T263 shadow fold=1 lr0=1e-02 ===
/workspace_developability_acquisition/developability_drilldown/models/antibody_transformer/model.py:347: UserWarning: enable_nested_tensor is True, but self.use_nested_tensor is False because encoder_layer.norm_first was True
  self.encoder = nn.TransformerEncoder(_make_encoder_layer(), num_layers=n_layers)
=== EXP-T263 shadow fold=2 lr0=1e-05 ===
=== EXP-T263 shadow fold=2 lr0=1e-04 ===
=== EXP-T263 shadow fold=2 lr0=1e-03 ===
=== EXP-T263 shadow fold=2 lr0=1e-02 ===
/workspace_developability_acquisition/developability_drilldown/models/antibody_transformer/model.py:347: UserWarning: enable_nested_tensor is True, but self.use_nested_tensor is False because encoder_layer.norm_first was True
  self.encoder = nn.TransformerEncoder(_make_encoder_layer(), num_layers=n_layers)
=== EXP-T263 shadow fold=3 lr0=1e-05 ===
=== EXP-T263 shadow fold=3 lr0=1e-04 ===
=== EXP-T263 shadow fold=3 lr0=1e-03 ===
=== EXP-T263 shadow fold=3 lr0=1e-02 ===
/workspace_developability_acquisition/developability_drilldown/models/antibody_transformer/model.py:347: UserWarning: enable_nested_tensor is True, but self.use_nested_tensor is False because encoder_layer.norm_first was True
  self.encoder = nn.TransformerEncoder(_make_encoder_layer(), num_layers=n_layers)
=== EXP-T263 shadow fold=4 lr0=1e-05 ===
=== EXP-T263 shadow fold=4 lr0=1e-04 ===
=== EXP-T263 shadow fold=4 lr0=1e-03 ===
=== EXP-T263 shadow fold=4 lr0=1e-02 ===
/workspace_developability_acquisition/developability_drilldown/models/antibody_transformer/model.py:347: UserWarning: enable_nested_tensor is True, but self.use_nested_tensor is False because encoder_layer.norm_first was True
  self.encoder = nn.TransformerEncoder(_make_encoder_layer(), num_layers=n_layers)
DONE EXP-T263 mean=3.375565
==== TRAIN EXP-T264 esm1b/D/REGION ====
/workspace_developability_acquisition/developability_drilldown/models/antibody_transformer/model.py:347: UserWarning: enable_nested_tensor is True, but self.use_nested_tensor is False because encoder_layer.norm_first was True
  self.encoder = nn.TransformerEncoder(_make_encoder_layer(), num_layers=n_layers)
=== EXP-T264 primary fold=0 lr0=1e-05 ===
=== EXP-T264 primary fold=0 lr0=1e-04 ===
=== EXP-T264 primary fold=0 lr0=1e-03 ===
=== EXP-T264 primary fold=0 lr0=1e-02 ===
/workspace_developability_acquisition/developability_drilldown/models/antibody_transformer/model.py:347: UserWarning: enable_nested_tensor is True, but self.use_nested_tensor is False because encoder_layer.norm_first was True
  self.encoder = nn.TransformerEncoder(_make_encoder_layer(), num_layers=n_layers)
=== EXP-T264 primary fold=1 lr0=1e-05 ===
=== EXP-T264 primary fold=1 lr0=1e-04 ===
=== EXP-T264 primary fold=1 lr0=1e-03 ===
=== EXP-T264 primary fold=1 lr0=1e-02 ===
/workspace_developability_acquisition/developability_drilldown/models/antibody_transformer/model.py:347: UserWarning: enable_nested_tensor is True, but self.use_nested_tensor is False because encoder_layer.norm_first was True
  self.encoder = nn.TransformerEncoder(_make_encoder_layer(), num_layers=n_layers)
=== EXP-T264 primary fold=2 lr0=1e-05 ===
=== EXP-T264 primary fold=2 lr0=1e-04 ===
=== EXP-T264 primary fold=2 lr0=1e-03 ===
=== EXP-T264 primary fold=2 lr0=1e-02 ===
/workspace_developability_acquisition/developability_drilldown/models/antibody_transformer/model.py:347: UserWarning: enable_nested_tensor is True, but self.use_nested_tensor is False because encoder_layer.norm_first was True
  self.encoder = nn.TransformerEncoder(_make_encoder_layer(), num_layers=n_layers)
=== EXP-T264 primary fold=3 lr0=1e-05 ===
=== EXP-T264 primary fold=3 lr0=1e-04 ===
=== EXP-T264 primary fold=3 lr0=1e-03 ===
=== EXP-T264 primary fold=3 lr0=1e-02 ===
/workspace_developability_acquisition/developability_drilldown/models/antibody_transformer/model.py:347: UserWarning: enable_nested_tensor is True, but self.use_nested_tensor is False because encoder_layer.norm_first was True
  self.encoder = nn.TransformerEncoder(_make_encoder_layer(), num_layers=n_layers)
=== EXP-T264 primary fold=4 lr0=1e-05 ===
=== EXP-T264 primary fold=4 lr0=1e-04 ===
=== EXP-T264 primary fold=4 lr0=1e-03 ===
=== EXP-T264 primary fold=4 lr0=1e-02 ===
/workspace_developability_acquisition/developability_drilldown/models/antibody_transformer/model.py:347: UserWarning: enable_nested_tensor is True, but self.use_nested_tensor is False because encoder_layer.norm_first was True
  self.encoder = nn.TransformerEncoder(_make_encoder_layer(), num_layers=n_layers)
=== EXP-T264 shadow fold=0 lr0=1e-05 ===
=== EXP-T264 shadow fold=0 lr0=1e-04 ===
=== EXP-T264 shadow fold=0 lr0=1e-03 ===
=== EXP-T264 shadow fold=0 lr0=1e-02 ===
/workspace_developability_acquisition/developability_drilldown/models/antibody_transformer/model.py:347: UserWarning: enable_nested_tensor is True, but self.use_nested_tensor is False because encoder_layer.norm_first was True
  self.encoder = nn.TransformerEncoder(_make_encoder_layer(), num_layers=n_layers)
=== EXP-T264 shadow fold=1 lr0=1e-05 ===
=== EXP-T264 shadow fold=1 lr0=1e-04 ===
=== EXP-T264 shadow fold=1 lr0=1e-03 ===
=== EXP-T264 shadow fold=1 lr0=1e-02 ===
/workspace_developability_acquisition/developability_drilldown/models/antibody_transformer/model.py:347: UserWarning: enable_nested_tensor is True, but self.use_nested_tensor is False because encoder_layer.norm_first was True
  self.encoder = nn.TransformerEncoder(_make_encoder_layer(), num_layers=n_layers)
=== EXP-T264 shadow fold=2 lr0=1e-05 ===
=== EXP-T264 shadow fold=2 lr0=1e-04 ===
=== EXP-T264 shadow fold=2 lr0=1e-03 ===
=== EXP-T264 shadow fold=2 lr0=1e-02 ===
/workspace_developability_acquisition/developability_drilldown/models/antibody_transformer/model.py:347: UserWarning: enable_nested_tensor is True, but self.use_nested_tensor is False because encoder_layer.norm_first was True
  self.encoder = nn.TransformerEncoder(_make_encoder_layer(), num_layers=n_layers)
=== EXP-T264 shadow fold=3 lr0=1e-05 ===
=== EXP-T264 shadow fold=3 lr0=1e-04 ===
=== EXP-T264 shadow fold=3 lr0=1e-03 ===
=== EXP-T264 shadow fold=3 lr0=1e-02 ===
/workspace_developability_acquisition/developability_drilldown/models/antibody_transformer/model.py:347: UserWarning: enable_nested_tensor is True, but self.use_nested_tensor is False because encoder_layer.norm_first was True
  self.encoder = nn.TransformerEncoder(_make_encoder_layer(), num_layers=n_layers)
=== EXP-T264 shadow fold=4 lr0=1e-05 ===
=== EXP-T264 shadow fold=4 lr0=1e-04 ===
=== EXP-T264 shadow fold=4 lr0=1e-03 ===
=== EXP-T264 shadow fold=4 lr0=1e-02 ===
/workspace_developability_acquisition/developability_drilldown/models/antibody_transformer/model.py:347: UserWarning: enable_nested_tensor is True, but self.use_nested_tensor is False because encoder_layer.norm_first was True
  self.encoder = nn.TransformerEncoder(_make_encoder_layer(), num_layers=n_layers)
DONE EXP-T264 mean=3.367785
==== TRAIN EXP-T265 esm2/A/BASE ====
/workspace_developability_acquisition/developability_drilldown/models/antibody_transformer/model.py:347: UserWarning: enable_nested_tensor is True, but self.use_nested_tensor is False because encoder_layer.norm_first was True
  self.encoder = nn.TransformerEncoder(_make_encoder_layer(), num_layers=n_layers)
=== EXP-T265 primary fold=0 lr0=1e-05 ===
=== EXP-T265 primary fold=0 lr0=1e-04 ===
=== EXP-T265 primary fold=0 lr0=1e-03 ===
=== EXP-T265 primary fold=0 lr0=1e-02 ===
/workspace_developability_acquisition/developability_drilldown/models/antibody_transformer/model.py:347: UserWarning: enable_nested_tensor is True, but self.use_nested_tensor is False because encoder_layer.norm_first was True
  self.encoder = nn.TransformerEncoder(_make_encoder_layer(), num_layers=n_layers)
=== EXP-T265 primary fold=1 lr0=1e-05 ===
=== EXP-T265 primary fold=1 lr0=1e-04 ===
=== EXP-T265 primary fold=1 lr0=1e-03 ===
=== EXP-T265 primary fold=1 lr0=1e-02 ===
/workspace_developability_acquisition/developability_drilldown/models/antibody_transformer/model.py:347: UserWarning: enable_nested_tensor is True, but self.use_nested_tensor is False because encoder_layer.norm_first was True
  self.encoder = nn.TransformerEncoder(_make_encoder_layer(), num_layers=n_layers)
=== EXP-T265 primary fold=2 lr0=1e-05 ===
=== EXP-T265 primary fold=2 lr0=1e-04 ===
=== EXP-T265 primary fold=2 lr0=1e-03 ===
=== EXP-T265 primary fold=2 lr0=1e-02 ===
/workspace_developability_acquisition/developability_drilldown/models/antibody_transformer/model.py:347: UserWarning: enable_nested_tensor is True, but self.use_nested_tensor is False because encoder_layer.norm_first was True
  self.encoder = nn.TransformerEncoder(_make_encoder_layer(), num_layers=n_layers)
=== EXP-T265 primary fold=3 lr0=1e-05 ===
=== EXP-T265 primary fold=3 lr0=1e-04 ===
=== EXP-T265 primary fold=3 lr0=1e-03 ===
=== EXP-T265 primary fold=3 lr0=1e-02 ===
/workspace_developability_acquisition/developability_drilldown/models/antibody_transformer/model.py:347: UserWarning: enable_nested_tensor is True, but self.use_nested_tensor is False because encoder_layer.norm_first was True
  self.encoder = nn.TransformerEncoder(_make_encoder_layer(), num_layers=n_layers)
=== EXP-T265 primary fold=4 lr0=1e-05 ===
=== EXP-T265 primary fold=4 lr0=1e-04 ===
=== EXP-T265 primary fold=4 lr0=1e-03 ===
=== EXP-T265 primary fold=4 lr0=1e-02 ===
/workspace_developability_acquisition/developability_drilldown/models/antibody_transformer/model.py:347: UserWarning: enable_nested_tensor is True, but self.use_nested_tensor is False because encoder_layer.norm_first was True
  self.encoder = nn.TransformerEncoder(_make_encoder_layer(), num_layers=n_layers)
=== EXP-T265 shadow fold=0 lr0=1e-05 ===
=== EXP-T265 shadow fold=0 lr0=1e-04 ===
=== EXP-T265 shadow fold=0 lr0=1e-03 ===
=== EXP-T265 shadow fold=0 lr0=1e-02 ===
/workspace_developability_acquisition/developability_drilldown/models/antibody_transformer/model.py:347: UserWarning: enable_nested_tensor is True, but self.use_nested_tensor is False because encoder_layer.norm_first was True
  self.encoder = nn.TransformerEncoder(_make_encoder_layer(), num_layers=n_layers)
=== EXP-T265 shadow fold=1 lr0=1e-05 ===
=== EXP-T265 shadow fold=1 lr0=1e-04 ===
=== EXP-T265 shadow fold=1 lr0=1e-03 ===
=== EXP-T265 shadow fold=1 lr0=1e-02 ===
/workspace_developability_acquisition/developability_drilldown/models/antibody_transformer/model.py:347: UserWarning: enable_nested_tensor is True, but self.use_nested_tensor is False because encoder_layer.norm_first was True
  self.encoder = nn.TransformerEncoder(_make_encoder_layer(), num_layers=n_layers)
=== EXP-T265 shadow fold=2 lr0=1e-05 ===
=== EXP-T265 shadow fold=2 lr0=1e-04 ===
=== EXP-T265 shadow fold=2 lr0=1e-03 ===
=== EXP-T265 shadow fold=2 lr0=1e-02 ===
/workspace_developability_acquisition/developability_drilldown/models/antibody_transformer/model.py:347: UserWarning: enable_nested_tensor is True, but self.use_nested_tensor is False because encoder_layer.norm_first was True
  self.encoder = nn.TransformerEncoder(_make_encoder_layer(), num_layers=n_layers)
=== EXP-T265 shadow fold=3 lr0=1e-05 ===
=== EXP-T265 shadow fold=3 lr0=1e-04 ===
=== EXP-T265 shadow fold=3 lr0=1e-03 ===
=== EXP-T265 shadow fold=3 lr0=1e-02 ===
/workspace_developability_acquisition/developability_drilldown/models/antibody_transformer/model.py:347: UserWarning: enable_nested_tensor is True, but self.use_nested_tensor is False because encoder_layer.norm_first was True
  self.encoder = nn.TransformerEncoder(_make_encoder_layer(), num_layers=n_layers)
=== EXP-T265 shadow fold=4 lr0=1e-05 ===
=== EXP-T265 shadow fold=4 lr0=1e-04 ===
=== EXP-T265 shadow fold=4 lr0=1e-03 ===
=== EXP-T265 shadow fold=4 lr0=1e-02 ===
/workspace_developability_acquisition/developability_drilldown/models/antibody_transformer/model.py:347: UserWarning: enable_nested_tensor is True, but self.use_nested_tensor is False because encoder_layer.norm_first was True
  self.encoder = nn.TransformerEncoder(_make_encoder_layer(), num_layers=n_layers)
DONE EXP-T265 mean=3.412758
==== TRAIN EXP-T266 esm2/B1/BASE ====
/workspace_developability_acquisition/developability_drilldown/models/antibody_transformer/model.py:347: UserWarning: enable_nested_tensor is True, but self.use_nested_tensor is False because encoder_layer.norm_first was True
  self.encoder = nn.TransformerEncoder(_make_encoder_layer(), num_layers=n_layers)
=== EXP-T266 primary fold=0 lr0=1e-05 ===
=== EXP-T266 primary fold=0 lr0=1e-04 ===
=== EXP-T266 primary fold=0 lr0=1e-03 ===
=== EXP-T266 primary fold=0 lr0=1e-02 ===
/workspace_developability_acquisition/developability_drilldown/models/antibody_transformer/model.py:347: UserWarning: enable_nested_tensor is True, but self.use_nested_tensor is False because encoder_layer.norm_first was True
  self.encoder = nn.TransformerEncoder(_make_encoder_layer(), num_layers=n_layers)
=== EXP-T266 primary fold=1 lr0=1e-05 ===
=== EXP-T266 primary fold=1 lr0=1e-04 ===
=== EXP-T266 primary fold=1 lr0=1e-03 ===
=== EXP-T266 primary fold=1 lr0=1e-02 ===
/workspace_developability_acquisition/developability_drilldown/models/antibody_transformer/model.py:347: UserWarning: enable_nested_tensor is True, but self.use_nested_tensor is False because encoder_layer.norm_first was True
  self.encoder = nn.TransformerEncoder(_make_encoder_layer(), num_layers=n_layers)
=== EXP-T266 primary fold=2 lr0=1e-05 ===
=== EXP-T266 primary fold=2 lr0=1e-04 ===
=== EXP-T266 primary fold=2 lr0=1e-03 ===
=== EXP-T266 primary fold=2 lr0=1e-02 ===
/workspace_developability_acquisition/developability_drilldown/models/antibody_transformer/model.py:347: UserWarning: enable_nested_tensor is True, but self.use_nested_tensor is False because encoder_layer.norm_first was True
  self.encoder = nn.TransformerEncoder(_make_encoder_layer(), num_layers=n_layers)
=== EXP-T266 primary fold=3 lr0=1e-05 ===
=== EXP-T266 primary fold=3 lr0=1e-04 ===
=== EXP-T266 primary fold=3 lr0=1e-03 ===
=== EXP-T266 primary fold=3 lr0=1e-02 ===
/workspace_developability_acquisition/developability_drilldown/models/antibody_transformer/model.py:347: UserWarning: enable_nested_tensor is True, but self.use_nested_tensor is False because encoder_layer.norm_first was True
  self.encoder = nn.TransformerEncoder(_make_encoder_layer(), num_layers=n_layers)
=== EXP-T266 primary fold=4 lr0=1e-05 ===
=== EXP-T266 primary fold=4 lr0=1e-04 ===
=== EXP-T266 primary fold=4 lr0=1e-03 ===
=== EXP-T266 primary fold=4 lr0=1e-02 ===
/workspace_developability_acquisition/developability_drilldown/models/antibody_transformer/model.py:347: UserWarning: enable_nested_tensor is True, but self.use_nested_tensor is False because encoder_layer.norm_first was True
  self.encoder = nn.TransformerEncoder(_make_encoder_layer(), num_layers=n_layers)
=== EXP-T266 shadow fold=0 lr0=1e-05 ===
=== EXP-T266 shadow fold=0 lr0=1e-04 ===
=== EXP-T266 shadow fold=0 lr0=1e-03 ===
=== EXP-T266 shadow fold=0 lr0=1e-02 ===
/workspace_developability_acquisition/developability_drilldown/models/antibody_transformer/model.py:347: UserWarning: enable_nested_tensor is True, but self.use_nested_tensor is False because encoder_layer.norm_first was True
  self.encoder = nn.TransformerEncoder(_make_encoder_layer(), num_layers=n_layers)
=== EXP-T266 shadow fold=1 lr0=1e-05 ===
=== EXP-T266 shadow fold=1 lr0=1e-04 ===
=== EXP-T266 shadow fold=1 lr0=1e-03 ===
=== EXP-T266 shadow fold=1 lr0=1e-02 ===
/workspace_developability_acquisition/developability_drilldown/models/antibody_transformer/model.py:347: UserWarning: enable_nested_tensor is True, but self.use_nested_tensor is False because encoder_layer.norm_first was True
  self.encoder = nn.TransformerEncoder(_make_encoder_layer(), num_layers=n_layers)
=== EXP-T266 shadow fold=2 lr0=1e-05 ===
=== EXP-T266 shadow fold=2 lr0=1e-04 ===
=== EXP-T266 shadow fold=2 lr0=1e-03 ===
=== EXP-T266 shadow fold=2 lr0=1e-02 ===
/workspace_developability_acquisition/developability_drilldown/models/antibody_transformer/model.py:347: UserWarning: enable_nested_tensor is True, but self.use_nested_tensor is False because encoder_layer.norm_first was True
  self.encoder = nn.TransformerEncoder(_make_encoder_layer(), num_layers=n_layers)
=== EXP-T266 shadow fold=3 lr0=1e-05 ===
=== EXP-T266 shadow fold=3 lr0=1e-04 ===
=== EXP-T266 shadow fold=3 lr0=1e-03 ===
=== EXP-T266 shadow fold=3 lr0=1e-02 ===
/workspace_developability_acquisition/developability_drilldown/models/antibody_transformer/model.py:347: UserWarning: enable_nested_tensor is True, but self.use_nested_tensor is False because encoder_layer.norm_first was True
  self.encoder = nn.TransformerEncoder(_make_encoder_layer(), num_layers=n_layers)
=== EXP-T266 shadow fold=4 lr0=1e-05 ===
=== EXP-T266 shadow fold=4 lr0=1e-04 ===
=== EXP-T266 shadow fold=4 lr0=1e-03 ===
=== EXP-T266 shadow fold=4 lr0=1e-02 ===
/workspace_developability_acquisition/developability_drilldown/models/antibody_transformer/model.py:347: UserWarning: enable_nested_tensor is True, but self.use_nested_tensor is False because encoder_layer.norm_first was True
  self.encoder = nn.TransformerEncoder(_make_encoder_layer(), num_layers=n_layers)
DONE EXP-T266 mean=3.404969
==== TRAIN EXP-T267 esm2/B2/BASE ====
/workspace_developability_acquisition/developability_drilldown/models/antibody_transformer/model.py:347: UserWarning: enable_nested_tensor is True, but self.use_nested_tensor is False because encoder_layer.norm_first was True
  self.encoder = nn.TransformerEncoder(_make_encoder_layer(), num_layers=n_layers)
=== EXP-T267 primary fold=0 lr0=1e-05 ===
=== EXP-T267 primary fold=0 lr0=1e-04 ===
=== EXP-T267 primary fold=0 lr0=1e-03 ===
=== EXP-T267 primary fold=0 lr0=1e-02 ===
/workspace_developability_acquisition/developability_drilldown/models/antibody_transformer/model.py:347: UserWarning: enable_nested_tensor is True, but self.use_nested_tensor is False because encoder_layer.norm_first was True
  self.encoder = nn.TransformerEncoder(_make_encoder_layer(), num_layers=n_layers)
=== EXP-T267 primary fold=1 lr0=1e-05 ===
=== EXP-T267 primary fold=1 lr0=1e-04 ===
=== EXP-T267 primary fold=1 lr0=1e-03 ===
=== EXP-T267 primary fold=1 lr0=1e-02 ===
/workspace_developability_acquisition/developability_drilldown/models/antibody_transformer/model.py:347: UserWarning: enable_nested_tensor is True, but self.use_nested_tensor is False because encoder_layer.norm_first was True
  self.encoder = nn.TransformerEncoder(_make_encoder_layer(), num_layers=n_layers)
=== EXP-T267 primary fold=2 lr0=1e-05 ===
=== EXP-T267 primary fold=2 lr0=1e-04 ===
=== EXP-T267 primary fold=2 lr0=1e-03 ===
=== EXP-T267 primary fold=2 lr0=1e-02 ===
/workspace_developability_acquisition/developability_drilldown/models/antibody_transformer/model.py:347: UserWarning: enable_nested_tensor is True, but self.use_nested_tensor is False because encoder_layer.norm_first was True
  self.encoder = nn.TransformerEncoder(_make_encoder_layer(), num_layers=n_layers)
=== EXP-T267 primary fold=3 lr0=1e-05 ===
=== EXP-T267 primary fold=3 lr0=1e-04 ===
=== EXP-T267 primary fold=3 lr0=1e-03 ===
=== EXP-T267 primary fold=3 lr0=1e-02 ===
/workspace_developability_acquisition/developability_drilldown/models/antibody_transformer/model.py:347: UserWarning: enable_nested_tensor is True, but self.use_nested_tensor is False because encoder_layer.norm_first was True
  self.encoder = nn.TransformerEncoder(_make_encoder_layer(), num_layers=n_layers)
=== EXP-T267 primary fold=4 lr0=1e-05 ===
=== EXP-T267 primary fold=4 lr0=1e-04 ===
=== EXP-T267 primary fold=4 lr0=1e-03 ===
=== EXP-T267 primary fold=4 lr0=1e-02 ===
/workspace_developability_acquisition/developability_drilldown/models/antibody_transformer/model.py:347: UserWarning: enable_nested_tensor is True, but self.use_nested_tensor is False because encoder_layer.norm_first was True
  self.encoder = nn.TransformerEncoder(_make_encoder_layer(), num_layers=n_layers)
=== EXP-T267 shadow fold=0 lr0=1e-05 ===
=== EXP-T267 shadow fold=0 lr0=1e-04 ===
=== EXP-T267 shadow fold=0 lr0=1e-03 ===
=== EXP-T267 shadow fold=0 lr0=1e-02 ===
/workspace_developability_acquisition/developability_drilldown/models/antibody_transformer/model.py:347: UserWarning: enable_nested_tensor is True, but self.use_nested_tensor is False because encoder_layer.norm_first was True
  self.encoder = nn.TransformerEncoder(_make_encoder_layer(), num_layers=n_layers)
=== EXP-T267 shadow fold=1 lr0=1e-05 ===
=== EXP-T267 shadow fold=1 lr0=1e-04 ===
=== EXP-T267 shadow fold=1 lr0=1e-03 ===
=== EXP-T267 shadow fold=1 lr0=1e-02 ===
/workspace_developability_acquisition/developability_drilldown/models/antibody_transformer/model.py:347: UserWarning: enable_nested_tensor is True, but self.use_nested_tensor is False because encoder_layer.norm_first was True
  self.encoder = nn.TransformerEncoder(_make_encoder_layer(), num_layers=n_layers)
=== EXP-T267 shadow fold=2 lr0=1e-05 ===
=== EXP-T267 shadow fold=2 lr0=1e-04 ===
=== EXP-T267 shadow fold=2 lr0=1e-03 ===
=== EXP-T267 shadow fold=2 lr0=1e-02 ===
/workspace_developability_acquisition/developability_drilldown/models/antibody_transformer/model.py:347: UserWarning: enable_nested_tensor is True, but self.use_nested_tensor is False because encoder_layer.norm_first was True
  self.encoder = nn.TransformerEncoder(_make_encoder_layer(), num_layers=n_layers)
=== EXP-T267 shadow fold=3 lr0=1e-05 ===
=== EXP-T267 shadow fold=3 lr0=1e-04 ===
=== EXP-T267 shadow fold=3 lr0=1e-03 ===
=== EXP-T267 shadow fold=3 lr0=1e-02 ===
/workspace_developability_acquisition/developability_drilldown/models/antibody_transformer/model.py:347: UserWarning: enable_nested_tensor is True, but self.use_nested_tensor is False because encoder_layer.norm_first was True
  self.encoder = nn.TransformerEncoder(_make_encoder_layer(), num_layers=n_layers)
=== EXP-T267 shadow fold=4 lr0=1e-05 ===
=== EXP-T267 shadow fold=4 lr0=1e-04 ===
=== EXP-T267 shadow fold=4 lr0=1e-03 ===
=== EXP-T267 shadow fold=4 lr0=1e-02 ===
/workspace_developability_acquisition/developability_drilldown/models/antibody_transformer/model.py:347: UserWarning: enable_nested_tensor is True, but self.use_nested_tensor is False because encoder_layer.norm_first was True
  self.encoder = nn.TransformerEncoder(_make_encoder_layer(), num_layers=n_layers)
DONE EXP-T267 mean=3.392018
==== TRAIN EXP-T268 esm2/C/BASE ====
/workspace_developability_acquisition/developability_drilldown/models/antibody_transformer/model.py:347: UserWarning: enable_nested_tensor is True, but self.use_nested_tensor is False because encoder_layer.norm_first was True
  self.encoder = nn.TransformerEncoder(_make_encoder_layer(), num_layers=n_layers)
=== EXP-T268 primary fold=0 lr0=1e-05 ===
=== EXP-T268 primary fold=0 lr0=1e-04 ===
=== EXP-T268 primary fold=0 lr0=1e-03 ===
=== EXP-T268 primary fold=0 lr0=1e-02 ===
/workspace_developability_acquisition/developability_drilldown/models/antibody_transformer/model.py:347: UserWarning: enable_nested_tensor is True, but self.use_nested_tensor is False because encoder_layer.norm_first was True
  self.encoder = nn.TransformerEncoder(_make_encoder_layer(), num_layers=n_layers)
=== EXP-T268 primary fold=1 lr0=1e-05 ===
=== EXP-T268 primary fold=1 lr0=1e-04 ===
=== EXP-T268 primary fold=1 lr0=1e-03 ===
=== EXP-T268 primary fold=1 lr0=1e-02 ===
/workspace_developability_acquisition/developability_drilldown/models/antibody_transformer/model.py:347: UserWarning: enable_nested_tensor is True, but self.use_nested_tensor is False because encoder_layer.norm_first was True
  self.encoder = nn.TransformerEncoder(_make_encoder_layer(), num_layers=n_layers)
=== EXP-T268 primary fold=2 lr0=1e-05 ===
=== EXP-T268 primary fold=2 lr0=1e-04 ===
=== EXP-T268 primary fold=2 lr0=1e-03 ===
=== EXP-T268 primary fold=2 lr0=1e-02 ===
/workspace_developability_acquisition/developability_drilldown/models/antibody_transformer/model.py:347: UserWarning: enable_nested_tensor is True, but self.use_nested_tensor is False because encoder_layer.norm_first was True
  self.encoder = nn.TransformerEncoder(_make_encoder_layer(), num_layers=n_layers)
=== EXP-T268 primary fold=3 lr0=1e-05 ===
=== EXP-T268 primary fold=3 lr0=1e-04 ===
=== EXP-T268 primary fold=3 lr0=1e-03 ===
=== EXP-T268 primary fold=3 lr0=1e-02 ===
/workspace_developability_acquisition/developability_drilldown/models/antibody_transformer/model.py:347: UserWarning: enable_nested_tensor is True, but self.use_nested_tensor is False because encoder_layer.norm_first was True
  self.encoder = nn.TransformerEncoder(_make_encoder_layer(), num_layers=n_layers)
=== EXP-T268 primary fold=4 lr0=1e-05 ===
=== EXP-T268 primary fold=4 lr0=1e-04 ===
=== EXP-T268 primary fold=4 lr0=1e-03 ===
=== EXP-T268 primary fold=4 lr0=1e-02 ===
/workspace_developability_acquisition/developability_drilldown/models/antibody_transformer/model.py:347: UserWarning: enable_nested_tensor is True, but self.use_nested_tensor is False because encoder_layer.norm_first was True
  self.encoder = nn.TransformerEncoder(_make_encoder_layer(), num_layers=n_layers)
=== EXP-T268 shadow fold=0 lr0=1e-05 ===
=== EXP-T268 shadow fold=0 lr0=1e-04 ===
=== EXP-T268 shadow fold=0 lr0=1e-03 ===
=== EXP-T268 shadow fold=0 lr0=1e-02 ===
/workspace_developability_acquisition/developability_drilldown/models/antibody_transformer/model.py:347: UserWarning: enable_nested_tensor is True, but self.use_nested_tensor is False because encoder_layer.norm_first was True
  self.encoder = nn.TransformerEncoder(_make_encoder_layer(), num_layers=n_layers)
=== EXP-T268 shadow fold=1 lr0=1e-05 ===
=== EXP-T268 shadow fold=1 lr0=1e-04 ===
=== EXP-T268 shadow fold=1 lr0=1e-03 ===
=== EXP-T268 shadow fold=1 lr0=1e-02 ===
/workspace_developability_acquisition/developability_drilldown/models/antibody_transformer/model.py:347: UserWarning: enable_nested_tensor is True, but self.use_nested_tensor is False because encoder_layer.norm_first was True
  self.encoder = nn.TransformerEncoder(_make_encoder_layer(), num_layers=n_layers)
=== EXP-T268 shadow fold=2 lr0=1e-05 ===
=== EXP-T268 shadow fold=2 lr0=1e-04 ===
=== EXP-T268 shadow fold=2 lr0=1e-03 ===
=== EXP-T268 shadow fold=2 lr0=1e-02 ===
/workspace_developability_acquisition/developability_drilldown/models/antibody_transformer/model.py:347: UserWarning: enable_nested_tensor is True, but self.use_nested_tensor is False because encoder_layer.norm_first was True
  self.encoder = nn.TransformerEncoder(_make_encoder_layer(), num_layers=n_layers)
=== EXP-T268 shadow fold=3 lr0=1e-05 ===
=== EXP-T268 shadow fold=3 lr0=1e-04 ===
=== EXP-T268 shadow fold=3 lr0=1e-03 ===
=== EXP-T268 shadow fold=3 lr0=1e-02 ===
/workspace_developability_acquisition/developability_drilldown/models/antibody_transformer/model.py:347: UserWarning: enable_nested_tensor is True, but self.use_nested_tensor is False because encoder_layer.norm_first was True
  self.encoder = nn.TransformerEncoder(_make_encoder_layer(), num_layers=n_layers)
=== EXP-T268 shadow fold=4 lr0=1e-05 ===
=== EXP-T268 shadow fold=4 lr0=1e-04 ===
=== EXP-T268 shadow fold=4 lr0=1e-03 ===
=== EXP-T268 shadow fold=4 lr0=1e-02 ===
/workspace_developability_acquisition/developability_drilldown/models/antibody_transformer/model.py:347: UserWarning: enable_nested_tensor is True, but self.use_nested_tensor is False because encoder_layer.norm_first was True
  self.encoder = nn.TransformerEncoder(_make_encoder_layer(), num_layers=n_layers)
DONE EXP-T268 mean=3.407197
==== TRAIN EXP-T269 esm2/D/BASE ====
/workspace_developability_acquisition/developability_drilldown/models/antibody_transformer/model.py:347: UserWarning: enable_nested_tensor is True, but self.use_nested_tensor is False because encoder_layer.norm_first was True
  self.encoder = nn.TransformerEncoder(_make_encoder_layer(), num_layers=n_layers)
=== EXP-T269 primary fold=0 lr0=1e-05 ===
=== EXP-T269 primary fold=0 lr0=1e-04 ===
=== EXP-T269 primary fold=0 lr0=1e-03 ===
=== EXP-T269 primary fold=0 lr0=1e-02 ===
/workspace_developability_acquisition/developability_drilldown/models/antibody_transformer/model.py:347: UserWarning: enable_nested_tensor is True, but self.use_nested_tensor is False because encoder_layer.norm_first was True
  self.encoder = nn.TransformerEncoder(_make_encoder_layer(), num_layers=n_layers)
=== EXP-T269 primary fold=1 lr0=1e-05 ===
=== EXP-T269 primary fold=1 lr0=1e-04 ===
=== EXP-T269 primary fold=1 lr0=1e-03 ===
=== EXP-T269 primary fold=1 lr0=1e-02 ===
/workspace_developability_acquisition/developability_drilldown/models/antibody_transformer/model.py:347: UserWarning: enable_nested_tensor is True, but self.use_nested_tensor is False because encoder_layer.norm_first was True
  self.encoder = nn.TransformerEncoder(_make_encoder_layer(), num_layers=n_layers)
=== EXP-T269 primary fold=2 lr0=1e-05 ===
=== EXP-T269 primary fold=2 lr0=1e-04 ===
=== EXP-T269 primary fold=2 lr0=1e-03 ===
=== EXP-T269 primary fold=2 lr0=1e-02 ===
/workspace_developability_acquisition/developability_drilldown/models/antibody_transformer/model.py:347: UserWarning: enable_nested_tensor is True, but self.use_nested_tensor is False because encoder_layer.norm_first was True
  self.encoder = nn.TransformerEncoder(_make_encoder_layer(), num_layers=n_layers)
=== EXP-T269 primary fold=3 lr0=1e-05 ===
=== EXP-T269 primary fold=3 lr0=1e-04 ===
=== EXP-T269 primary fold=3 lr0=1e-03 ===
=== EXP-T269 primary fold=3 lr0=1e-02 ===
/workspace_developability_acquisition/developability_drilldown/models/antibody_transformer/model.py:347: UserWarning: enable_nested_tensor is True, but self.use_nested_tensor is False because encoder_layer.norm_first was True
  self.encoder = nn.TransformerEncoder(_make_encoder_layer(), num_layers=n_layers)
=== EXP-T269 primary fold=4 lr0=1e-05 ===
=== EXP-T269 primary fold=4 lr0=1e-04 ===
=== EXP-T269 primary fold=4 lr0=1e-03 ===
=== EXP-T269 primary fold=4 lr0=1e-02 ===
/workspace_developability_acquisition/developability_drilldown/models/antibody_transformer/model.py:347: UserWarning: enable_nested_tensor is True, but self.use_nested_tensor is False because encoder_layer.norm_first was True
  self.encoder = nn.TransformerEncoder(_make_encoder_layer(), num_layers=n_layers)
=== EXP-T269 shadow fold=0 lr0=1e-05 ===
=== EXP-T269 shadow fold=0 lr0=1e-04 ===
=== EXP-T269 shadow fold=0 lr0=1e-03 ===
=== EXP-T269 shadow fold=0 lr0=1e-02 ===
/workspace_developability_acquisition/developability_drilldown/models/antibody_transformer/model.py:347: UserWarning: enable_nested_tensor is True, but self.use_nested_tensor is False because encoder_layer.norm_first was True
  self.encoder = nn.TransformerEncoder(_make_encoder_layer(), num_layers=n_layers)
=== EXP-T269 shadow fold=1 lr0=1e-05 ===
=== EXP-T269 shadow fold=1 lr0=1e-04 ===
=== EXP-T269 shadow fold=1 lr0=1e-03 ===
=== EXP-T269 shadow fold=1 lr0=1e-02 ===
/workspace_developability_acquisition/developability_drilldown/models/antibody_transformer/model.py:347: UserWarning: enable_nested_tensor is True, but self.use_nested_tensor is False because encoder_layer.norm_first was True
  self.encoder = nn.TransformerEncoder(_make_encoder_layer(), num_layers=n_layers)
=== EXP-T269 shadow fold=2 lr0=1e-05 ===
=== EXP-T269 shadow fold=2 lr0=1e-04 ===
=== EXP-T269 shadow fold=2 lr0=1e-03 ===
=== EXP-T269 shadow fold=2 lr0=1e-02 ===
/workspace_developability_acquisition/developability_drilldown/models/antibody_transformer/model.py:347: UserWarning: enable_nested_tensor is True, but self.use_nested_tensor is False because encoder_layer.norm_first was True
  self.encoder = nn.TransformerEncoder(_make_encoder_layer(), num_layers=n_layers)
=== EXP-T269 shadow fold=3 lr0=1e-05 ===
=== EXP-T269 shadow fold=3 lr0=1e-04 ===
=== EXP-T269 shadow fold=3 lr0=1e-03 ===
=== EXP-T269 shadow fold=3 lr0=1e-02 ===
/workspace_developability_acquisition/developability_drilldown/models/antibody_transformer/model.py:347: UserWarning: enable_nested_tensor is True, but self.use_nested_tensor is False because encoder_layer.norm_first was True
  self.encoder = nn.TransformerEncoder(_make_encoder_layer(), num_layers=n_layers)
=== EXP-T269 shadow fold=4 lr0=1e-05 ===
=== EXP-T269 shadow fold=4 lr0=1e-04 ===
=== EXP-T269 shadow fold=4 lr0=1e-03 ===
=== EXP-T269 shadow fold=4 lr0=1e-02 ===
/workspace_developability_acquisition/developability_drilldown/models/antibody_transformer/model.py:347: UserWarning: enable_nested_tensor is True, but self.use_nested_tensor is False because encoder_layer.norm_first was True
  self.encoder = nn.TransformerEncoder(_make_encoder_layer(), num_layers=n_layers)
DONE EXP-T269 mean=3.530361
==== TRAIN EXP-T270 esm2/A/IMGT ====
/workspace_developability_acquisition/developability_drilldown/models/antibody_transformer/model.py:347: UserWarning: enable_nested_tensor is True, but self.use_nested_tensor is False because encoder_layer.norm_first was True
  self.encoder = nn.TransformerEncoder(_make_encoder_layer(), num_layers=n_layers)
=== EXP-T270 primary fold=0 lr0=1e-05 ===
=== EXP-T270 primary fold=0 lr0=1e-04 ===
=== EXP-T270 primary fold=0 lr0=1e-03 ===
=== EXP-T270 primary fold=0 lr0=1e-02 ===
/workspace_developability_acquisition/developability_drilldown/models/antibody_transformer/model.py:347: UserWarning: enable_nested_tensor is True, but self.use_nested_tensor is False because encoder_layer.norm_first was True
  self.encoder = nn.TransformerEncoder(_make_encoder_layer(), num_layers=n_layers)
=== EXP-T270 primary fold=1 lr0=1e-05 ===
=== EXP-T270 primary fold=1 lr0=1e-04 ===
=== EXP-T270 primary fold=1 lr0=1e-03 ===
=== EXP-T270 primary fold=1 lr0=1e-02 ===
/workspace_developability_acquisition/developability_drilldown/models/antibody_transformer/model.py:347: UserWarning: enable_nested_tensor is True, but self.use_nested_tensor is False because encoder_layer.norm_first was True
  self.encoder = nn.TransformerEncoder(_make_encoder_layer(), num_layers=n_layers)
=== EXP-T270 primary fold=2 lr0=1e-05 ===
=== EXP-T270 primary fold=2 lr0=1e-04 ===
=== EXP-T270 primary fold=2 lr0=1e-03 ===
=== EXP-T270 primary fold=2 lr0=1e-02 ===
/workspace_developability_acquisition/developability_drilldown/models/antibody_transformer/model.py:347: UserWarning: enable_nested_tensor is True, but self.use_nested_tensor is False because encoder_layer.norm_first was True
  self.encoder = nn.TransformerEncoder(_make_encoder_layer(), num_layers=n_layers)
=== EXP-T270 primary fold=3 lr0=1e-05 ===
=== EXP-T270 primary fold=3 lr0=1e-04 ===
=== EXP-T270 primary fold=3 lr0=1e-03 ===
=== EXP-T270 primary fold=3 lr0=1e-02 ===
/workspace_developability_acquisition/developability_drilldown/models/antibody_transformer/model.py:347: UserWarning: enable_nested_tensor is True, but self.use_nested_tensor is False because encoder_layer.norm_first was True
  self.encoder = nn.TransformerEncoder(_make_encoder_layer(), num_layers=n_layers)
=== EXP-T270 primary fold=4 lr0=1e-05 ===
=== EXP-T270 primary fold=4 lr0=1e-04 ===
=== EXP-T270 primary fold=4 lr0=1e-03 ===
=== EXP-T270 primary fold=4 lr0=1e-02 ===
/workspace_developability_acquisition/developability_drilldown/models/antibody_transformer/model.py:347: UserWarning: enable_nested_tensor is True, but self.use_nested_tensor is False because encoder_layer.norm_first was True
  self.encoder = nn.TransformerEncoder(_make_encoder_layer(), num_layers=n_layers)
=== EXP-T270 shadow fold=0 lr0=1e-05 ===
=== EXP-T270 shadow fold=0 lr0=1e-04 ===
=== EXP-T270 shadow fold=0 lr0=1e-03 ===
=== EXP-T270 shadow fold=0 lr0=1e-02 ===
/workspace_developability_acquisition/developability_drilldown/models/antibody_transformer/model.py:347: UserWarning: enable_nested_tensor is True, but self.use_nested_tensor is False because encoder_layer.norm_first was True
  self.encoder = nn.TransformerEncoder(_make_encoder_layer(), num_layers=n_layers)
=== EXP-T270 shadow fold=1 lr0=1e-05 ===
=== EXP-T270 shadow fold=1 lr0=1e-04 ===
=== EXP-T270 shadow fold=1 lr0=1e-03 ===
=== EXP-T270 shadow fold=1 lr0=1e-02 ===
/workspace_developability_acquisition/developability_drilldown/models/antibody_transformer/model.py:347: UserWarning: enable_nested_tensor is True, but self.use_nested_tensor is False because encoder_layer.norm_first was True
  self.encoder = nn.TransformerEncoder(_make_encoder_layer(), num_layers=n_layers)
=== EXP-T270 shadow fold=2 lr0=1e-05 ===
=== EXP-T270 shadow fold=2 lr0=1e-04 ===
=== EXP-T270 shadow fold=2 lr0=1e-03 ===
=== EXP-T270 shadow fold=2 lr0=1e-02 ===
/workspace_developability_acquisition/developability_drilldown/models/antibody_transformer/model.py:347: UserWarning: enable_nested_tensor is True, but self.use_nested_tensor is False because encoder_layer.norm_first was True
  self.encoder = nn.TransformerEncoder(_make_encoder_layer(), num_layers=n_layers)
=== EXP-T270 shadow fold=3 lr0=1e-05 ===
=== EXP-T270 shadow fold=3 lr0=1e-04 ===
=== EXP-T270 shadow fold=3 lr0=1e-03 ===
=== EXP-T270 shadow fold=3 lr0=1e-02 ===
/workspace_developability_acquisition/developability_drilldown/models/antibody_transformer/model.py:347: UserWarning: enable_nested_tensor is True, but self.use_nested_tensor is False because encoder_layer.norm_first was True
  self.encoder = nn.TransformerEncoder(_make_encoder_layer(), num_layers=n_layers)
=== EXP-T270 shadow fold=4 lr0=1e-05 ===
=== EXP-T270 shadow fold=4 lr0=1e-04 ===
=== EXP-T270 shadow fold=4 lr0=1e-03 ===
=== EXP-T270 shadow fold=4 lr0=1e-02 ===
/workspace_developability_acquisition/developability_drilldown/models/antibody_transformer/model.py:347: UserWarning: enable_nested_tensor is True, but self.use_nested_tensor is False because encoder_layer.norm_first was True
  self.encoder = nn.TransformerEncoder(_make_encoder_layer(), num_layers=n_layers)
DONE EXP-T270 mean=3.522131
==== TRAIN EXP-T271 esm2/B1/IMGT ====
/workspace_developability_acquisition/developability_drilldown/models/antibody_transformer/model.py:347: UserWarning: enable_nested_tensor is True, but self.use_nested_tensor is False because encoder_layer.norm_first was True
  self.encoder = nn.TransformerEncoder(_make_encoder_layer(), num_layers=n_layers)
=== EXP-T271 primary fold=0 lr0=1e-05 ===
=== EXP-T271 primary fold=0 lr0=1e-04 ===
=== EXP-T271 primary fold=0 lr0=1e-03 ===
=== EXP-T271 primary fold=0 lr0=1e-02 ===
/workspace_developability_acquisition/developability_drilldown/models/antibody_transformer/model.py:347: UserWarning: enable_nested_tensor is True, but self.use_nested_tensor is False because encoder_layer.norm_first was True
  self.encoder = nn.TransformerEncoder(_make_encoder_layer(), num_layers=n_layers)
=== EXP-T271 primary fold=1 lr0=1e-05 ===
=== EXP-T271 primary fold=1 lr0=1e-04 ===
=== EXP-T271 primary fold=1 lr0=1e-03 ===
=== EXP-T271 primary fold=1 lr0=1e-02 ===
/workspace_developability_acquisition/developability_drilldown/models/antibody_transformer/model.py:347: UserWarning: enable_nested_tensor is True, but self.use_nested_tensor is False because encoder_layer.norm_first was True
  self.encoder = nn.TransformerEncoder(_make_encoder_layer(), num_layers=n_layers)
=== EXP-T271 primary fold=2 lr0=1e-05 ===
=== EXP-T271 primary fold=2 lr0=1e-04 ===
=== EXP-T271 primary fold=2 lr0=1e-03 ===
=== EXP-T271 primary fold=2 lr0=1e-02 ===
/workspace_developability_acquisition/developability_drilldown/models/antibody_transformer/model.py:347: UserWarning: enable_nested_tensor is True, but self.use_nested_tensor is False because encoder_layer.norm_first was True
  self.encoder = nn.TransformerEncoder(_make_encoder_layer(), num_layers=n_layers)
=== EXP-T271 primary fold=3 lr0=1e-05 ===
=== EXP-T271 primary fold=3 lr0=1e-04 ===
=== EXP-T271 primary fold=3 lr0=1e-03 ===
=== EXP-T271 primary fold=3 lr0=1e-02 ===
/workspace_developability_acquisition/developability_drilldown/models/antibody_transformer/model.py:347: UserWarning: enable_nested_tensor is True, but self.use_nested_tensor is False because encoder_layer.norm_first was True
  self.encoder = nn.TransformerEncoder(_make_encoder_layer(), num_layers=n_layers)
=== EXP-T271 primary fold=4 lr0=1e-05 ===
=== EXP-T271 primary fold=4 lr0=1e-04 ===
=== EXP-T271 primary fold=4 lr0=1e-03 ===
=== EXP-T271 primary fold=4 lr0=1e-02 ===
/workspace_developability_acquisition/developability_drilldown/models/antibody_transformer/model.py:347: UserWarning: enable_nested_tensor is True, but self.use_nested_tensor is False because encoder_layer.norm_first was True
  self.encoder = nn.TransformerEncoder(_make_encoder_layer(), num_layers=n_layers)
=== EXP-T271 shadow fold=0 lr0=1e-05 ===
=== EXP-T271 shadow fold=0 lr0=1e-04 ===
=== EXP-T271 shadow fold=0 lr0=1e-03 ===
=== EXP-T271 shadow fold=0 lr0=1e-02 ===
/workspace_developability_acquisition/developability_drilldown/models/antibody_transformer/model.py:347: UserWarning: enable_nested_tensor is True, but self.use_nested_tensor is False because encoder_layer.norm_first was True
  self.encoder = nn.TransformerEncoder(_make_encoder_layer(), num_layers=n_layers)
=== EXP-T271 shadow fold=1 lr0=1e-05 ===
=== EXP-T271 shadow fold=1 lr0=1e-04 ===
=== EXP-T271 shadow fold=1 lr0=1e-03 ===
=== EXP-T271 shadow fold=1 lr0=1e-02 ===
/workspace_developability_acquisition/developability_drilldown/models/antibody_transformer/model.py:347: UserWarning: enable_nested_tensor is True, but self.use_nested_tensor is False because encoder_layer.norm_first was True
  self.encoder = nn.TransformerEncoder(_make_encoder_layer(), num_layers=n_layers)
=== EXP-T271 shadow fold=2 lr0=1e-05 ===
=== EXP-T271 shadow fold=2 lr0=1e-04 ===
=== EXP-T271 shadow fold=2 lr0=1e-03 ===
=== EXP-T271 shadow fold=2 lr0=1e-02 ===
/workspace_developability_acquisition/developability_drilldown/models/antibody_transformer/model.py:347: UserWarning: enable_nested_tensor is True, but self.use_nested_tensor is False because encoder_layer.norm_first was True
  self.encoder = nn.TransformerEncoder(_make_encoder_layer(), num_layers=n_layers)
=== EXP-T271 shadow fold=3 lr0=1e-05 ===
=== EXP-T271 shadow fold=3 lr0=1e-04 ===
=== EXP-T271 shadow fold=3 lr0=1e-03 ===
=== EXP-T271 shadow fold=3 lr0=1e-02 ===
/workspace_developability_acquisition/developability_drilldown/models/antibody_transformer/model.py:347: UserWarning: enable_nested_tensor is True, but self.use_nested_tensor is False because encoder_layer.norm_first was True
  self.encoder = nn.TransformerEncoder(_make_encoder_layer(), num_layers=n_layers)
=== EXP-T271 shadow fold=4 lr0=1e-05 ===
=== EXP-T271 shadow fold=4 lr0=1e-04 ===
=== EXP-T271 shadow fold=4 lr0=1e-03 ===
=== EXP-T271 shadow fold=4 lr0=1e-02 ===
/workspace_developability_acquisition/developability_drilldown/models/antibody_transformer/model.py:347: UserWarning: enable_nested_tensor is True, but self.use_nested_tensor is False because encoder_layer.norm_first was True
  self.encoder = nn.TransformerEncoder(_make_encoder_layer(), num_layers=n_layers)
DONE EXP-T271 mean=3.470943
==== TRAIN EXP-T272 esm2/B2/IMGT ====
/workspace_developability_acquisition/developability_drilldown/models/antibody_transformer/model.py:347: UserWarning: enable_nested_tensor is True, but self.use_nested_tensor is False because encoder_layer.norm_first was True
  self.encoder = nn.TransformerEncoder(_make_encoder_layer(), num_layers=n_layers)
=== EXP-T272 primary fold=0 lr0=1e-05 ===
=== EXP-T272 primary fold=0 lr0=1e-04 ===
=== EXP-T272 primary fold=0 lr0=1e-03 ===
=== EXP-T272 primary fold=0 lr0=1e-02 ===
/workspace_developability_acquisition/developability_drilldown/models/antibody_transformer/model.py:347: UserWarning: enable_nested_tensor is True, but self.use_nested_tensor is False because encoder_layer.norm_first was True
  self.encoder = nn.TransformerEncoder(_make_encoder_layer(), num_layers=n_layers)
=== EXP-T272 primary fold=1 lr0=1e-05 ===
=== EXP-T272 primary fold=1 lr0=1e-04 ===
=== EXP-T272 primary fold=1 lr0=1e-03 ===
=== EXP-T272 primary fold=1 lr0=1e-02 ===
/workspace_developability_acquisition/developability_drilldown/models/antibody_transformer/model.py:347: UserWarning: enable_nested_tensor is True, but self.use_nested_tensor is False because encoder_layer.norm_first was True
  self.encoder = nn.TransformerEncoder(_make_encoder_layer(), num_layers=n_layers)
=== EXP-T272 primary fold=2 lr0=1e-05 ===
=== EXP-T272 primary fold=2 lr0=1e-04 ===
=== EXP-T272 primary fold=2 lr0=1e-03 ===
=== EXP-T272 primary fold=2 lr0=1e-02 ===
/workspace_developability_acquisition/developability_drilldown/models/antibody_transformer/model.py:347: UserWarning: enable_nested_tensor is True, but self.use_nested_tensor is False because encoder_layer.norm_first was True
  self.encoder = nn.TransformerEncoder(_make_encoder_layer(), num_layers=n_layers)
=== EXP-T272 primary fold=3 lr0=1e-05 ===
=== EXP-T272 primary fold=3 lr0=1e-04 ===
=== EXP-T272 primary fold=3 lr0=1e-03 ===
=== EXP-T272 primary fold=3 lr0=1e-02 ===
/workspace_developability_acquisition/developability_drilldown/models/antibody_transformer/model.py:347: UserWarning: enable_nested_tensor is True, but self.use_nested_tensor is False because encoder_layer.norm_first was True
  self.encoder = nn.TransformerEncoder(_make_encoder_layer(), num_layers=n_layers)
=== EXP-T272 primary fold=4 lr0=1e-05 ===
=== EXP-T272 primary fold=4 lr0=1e-04 ===
=== EXP-T272 primary fold=4 lr0=1e-03 ===
=== EXP-T272 primary fold=4 lr0=1e-02 ===
/workspace_developability_acquisition/developability_drilldown/models/antibody_transformer/model.py:347: UserWarning: enable_nested_tensor is True, but self.use_nested_tensor is False because encoder_layer.norm_first was True
  self.encoder = nn.TransformerEncoder(_make_encoder_layer(), num_layers=n_layers)
=== EXP-T272 shadow fold=0 lr0=1e-05 ===
=== EXP-T272 shadow fold=0 lr0=1e-04 ===
=== EXP-T272 shadow fold=0 lr0=1e-03 ===
=== EXP-T272 shadow fold=0 lr0=1e-02 ===
/workspace_developability_acquisition/developability_drilldown/models/antibody_transformer/model.py:347: UserWarning: enable_nested_tensor is True, but self.use_nested_tensor is False because encoder_layer.norm_first was True
  self.encoder = nn.TransformerEncoder(_make_encoder_layer(), num_layers=n_layers)
=== EXP-T272 shadow fold=1 lr0=1e-05 ===
=== EXP-T272 shadow fold=1 lr0=1e-04 ===
=== EXP-T272 shadow fold=1 lr0=1e-03 ===
=== EXP-T272 shadow fold=1 lr0=1e-02 ===
/workspace_developability_acquisition/developability_drilldown/models/antibody_transformer/model.py:347: UserWarning: enable_nested_tensor is True, but self.use_nested_tensor is False because encoder_layer.norm_first was True
  self.encoder = nn.TransformerEncoder(_make_encoder_layer(), num_layers=n_layers)
=== EXP-T272 shadow fold=2 lr0=1e-05 ===
=== EXP-T272 shadow fold=2 lr0=1e-04 ===
=== EXP-T272 shadow fold=2 lr0=1e-03 ===
=== EXP-T272 shadow fold=2 lr0=1e-02 ===
/workspace_developability_acquisition/developability_drilldown/models/antibody_transformer/model.py:347: UserWarning: enable_nested_tensor is True, but self.use_nested_tensor is False because encoder_layer.norm_first was True
  self.encoder = nn.TransformerEncoder(_make_encoder_layer(), num_layers=n_layers)
=== EXP-T272 shadow fold=3 lr0=1e-05 ===
=== EXP-T272 shadow fold=3 lr0=1e-04 ===
=== EXP-T272 shadow fold=3 lr0=1e-03 ===
=== EXP-T272 shadow fold=3 lr0=1e-02 ===
/workspace_developability_acquisition/developability_drilldown/models/antibody_transformer/model.py:347: UserWarning: enable_nested_tensor is True, but self.use_nested_tensor is False because encoder_layer.norm_first was True
  self.encoder = nn.TransformerEncoder(_make_encoder_layer(), num_layers=n_layers)
=== EXP-T272 shadow fold=4 lr0=1e-05 ===
=== EXP-T272 shadow fold=4 lr0=1e-04 ===
=== EXP-T272 shadow fold=4 lr0=1e-03 ===
=== EXP-T272 shadow fold=4 lr0=1e-02 ===
/workspace_developability_acquisition/developability_drilldown/models/antibody_transformer/model.py:347: UserWarning: enable_nested_tensor is True, but self.use_nested_tensor is False because encoder_layer.norm_first was True
  self.encoder = nn.TransformerEncoder(_make_encoder_layer(), num_layers=n_layers)
DONE EXP-T272 mean=3.531326
==== TRAIN EXP-T273 esm2/C/IMGT ====
/workspace_developability_acquisition/developability_drilldown/models/antibody_transformer/model.py:347: UserWarning: enable_nested_tensor is True, but self.use_nested_tensor is False because encoder_layer.norm_first was True
  self.encoder = nn.TransformerEncoder(_make_encoder_layer(), num_layers=n_layers)
=== EXP-T273 primary fold=0 lr0=1e-05 ===
=== EXP-T273 primary fold=0 lr0=1e-04 ===
=== EXP-T273 primary fold=0 lr0=1e-03 ===
=== EXP-T273 primary fold=0 lr0=1e-02 ===
/workspace_developability_acquisition/developability_drilldown/models/antibody_transformer/model.py:347: UserWarning: enable_nested_tensor is True, but self.use_nested_tensor is False because encoder_layer.norm_first was True
  self.encoder = nn.TransformerEncoder(_make_encoder_layer(), num_layers=n_layers)
=== EXP-T273 primary fold=1 lr0=1e-05 ===
=== EXP-T273 primary fold=1 lr0=1e-04 ===
=== EXP-T273 primary fold=1 lr0=1e-03 ===
=== EXP-T273 primary fold=1 lr0=1e-02 ===
/workspace_developability_acquisition/developability_drilldown/models/antibody_transformer/model.py:347: UserWarning: enable_nested_tensor is True, but self.use_nested_tensor is False because encoder_layer.norm_first was True
  self.encoder = nn.TransformerEncoder(_make_encoder_layer(), num_layers=n_layers)
=== EXP-T273 primary fold=2 lr0=1e-05 ===
=== EXP-T273 primary fold=2 lr0=1e-04 ===
=== EXP-T273 primary fold=2 lr0=1e-03 ===
=== EXP-T273 primary fold=2 lr0=1e-02 ===
/workspace_developability_acquisition/developability_drilldown/models/antibody_transformer/model.py:347: UserWarning: enable_nested_tensor is True, but self.use_nested_tensor is False because encoder_layer.norm_first was True
  self.encoder = nn.TransformerEncoder(_make_encoder_layer(), num_layers=n_layers)
=== EXP-T273 primary fold=3 lr0=1e-05 ===
=== EXP-T273 primary fold=3 lr0=1e-04 ===
=== EXP-T273 primary fold=3 lr0=1e-03 ===
=== EXP-T273 primary fold=3 lr0=1e-02 ===
/workspace_developability_acquisition/developability_drilldown/models/antibody_transformer/model.py:347: UserWarning: enable_nested_tensor is True, but self.use_nested_tensor is False because encoder_layer.norm_first was True
  self.encoder = nn.TransformerEncoder(_make_encoder_layer(), num_layers=n_layers)
=== EXP-T273 primary fold=4 lr0=1e-05 ===
=== EXP-T273 primary fold=4 lr0=1e-04 ===
=== EXP-T273 primary fold=4 lr0=1e-03 ===
=== EXP-T273 primary fold=4 lr0=1e-02 ===
/workspace_developability_acquisition/developability_drilldown/models/antibody_transformer/model.py:347: UserWarning: enable_nested_tensor is True, but self.use_nested_tensor is False because encoder_layer.norm_first was True
  self.encoder = nn.TransformerEncoder(_make_encoder_layer(), num_layers=n_layers)
=== EXP-T273 shadow fold=0 lr0=1e-05 ===
=== EXP-T273 shadow fold=0 lr0=1e-04 ===
=== EXP-T273 shadow fold=0 lr0=1e-03 ===
=== EXP-T273 shadow fold=0 lr0=1e-02 ===
/workspace_developability_acquisition/developability_drilldown/models/antibody_transformer/model.py:347: UserWarning: enable_nested_tensor is True, but self.use_nested_tensor is False because encoder_layer.norm_first was True
  self.encoder = nn.TransformerEncoder(_make_encoder_layer(), num_layers=n_layers)
=== EXP-T273 shadow fold=1 lr0=1e-05 ===
=== EXP-T273 shadow fold=1 lr0=1e-04 ===
=== EXP-T273 shadow fold=1 lr0=1e-03 ===
=== EXP-T273 shadow fold=1 lr0=1e-02 ===
/workspace_developability_acquisition/developability_drilldown/models/antibody_transformer/model.py:347: UserWarning: enable_nested_tensor is True, but self.use_nested_tensor is False because encoder_layer.norm_first was True
  self.encoder = nn.TransformerEncoder(_make_encoder_layer(), num_layers=n_layers)
=== EXP-T273 shadow fold=2 lr0=1e-05 ===
=== EXP-T273 shadow fold=2 lr0=1e-04 ===
=== EXP-T273 shadow fold=2 lr0=1e-03 ===
=== EXP-T273 shadow fold=2 lr0=1e-02 ===
/workspace_developability_acquisition/developability_drilldown/models/antibody_transformer/model.py:347: UserWarning: enable_nested_tensor is True, but self.use_nested_tensor is False because encoder_layer.norm_first was True
  self.encoder = nn.TransformerEncoder(_make_encoder_layer(), num_layers=n_layers)
=== EXP-T273 shadow fold=3 lr0=1e-05 ===
=== EXP-T273 shadow fold=3 lr0=1e-04 ===
=== EXP-T273 shadow fold=3 lr0=1e-03 ===
=== EXP-T273 shadow fold=3 lr0=1e-02 ===
/workspace_developability_acquisition/developability_drilldown/models/antibody_transformer/model.py:347: UserWarning: enable_nested_tensor is True, but self.use_nested_tensor is False because encoder_layer.norm_first was True
  self.encoder = nn.TransformerEncoder(_make_encoder_layer(), num_layers=n_layers)
=== EXP-T273 shadow fold=4 lr0=1e-05 ===
=== EXP-T273 shadow fold=4 lr0=1e-04 ===
=== EXP-T273 shadow fold=4 lr0=1e-03 ===
=== EXP-T273 shadow fold=4 lr0=1e-02 ===
/workspace_developability_acquisition/developability_drilldown/models/antibody_transformer/model.py:347: UserWarning: enable_nested_tensor is True, but self.use_nested_tensor is False because encoder_layer.norm_first was True
  self.encoder = nn.TransformerEncoder(_make_encoder_layer(), num_layers=n_layers)
DONE EXP-T273 mean=3.414996
==== TRAIN EXP-T274 esm2/D/IMGT ====
/workspace_developability_acquisition/developability_drilldown/models/antibody_transformer/model.py:347: UserWarning: enable_nested_tensor is True, but self.use_nested_tensor is False because encoder_layer.norm_first was True
  self.encoder = nn.TransformerEncoder(_make_encoder_layer(), num_layers=n_layers)
=== EXP-T274 primary fold=0 lr0=1e-05 ===
=== EXP-T274 primary fold=0 lr0=1e-04 ===
=== EXP-T274 primary fold=0 lr0=1e-03 ===
=== EXP-T274 primary fold=0 lr0=1e-02 ===
/workspace_developability_acquisition/developability_drilldown/models/antibody_transformer/model.py:347: UserWarning: enable_nested_tensor is True, but self.use_nested_tensor is False because encoder_layer.norm_first was True
  self.encoder = nn.TransformerEncoder(_make_encoder_layer(), num_layers=n_layers)
=== EXP-T274 primary fold=1 lr0=1e-05 ===
=== EXP-T274 primary fold=1 lr0=1e-04 ===
=== EXP-T274 primary fold=1 lr0=1e-03 ===
=== EXP-T274 primary fold=1 lr0=1e-02 ===
/workspace_developability_acquisition/developability_drilldown/models/antibody_transformer/model.py:347: UserWarning: enable_nested_tensor is True, but self.use_nested_tensor is False because encoder_layer.norm_first was True
  self.encoder = nn.TransformerEncoder(_make_encoder_layer(), num_layers=n_layers)
=== EXP-T274 primary fold=2 lr0=1e-05 ===
=== EXP-T274 primary fold=2 lr0=1e-04 ===
=== EXP-T274 primary fold=2 lr0=1e-03 ===
=== EXP-T274 primary fold=2 lr0=1e-02 ===
/workspace_developability_acquisition/developability_drilldown/models/antibody_transformer/model.py:347: UserWarning: enable_nested_tensor is True, but self.use_nested_tensor is False because encoder_layer.norm_first was True
  self.encoder = nn.TransformerEncoder(_make_encoder_layer(), num_layers=n_layers)
=== EXP-T274 primary fold=3 lr0=1e-05 ===
=== EXP-T274 primary fold=3 lr0=1e-04 ===
=== EXP-T274 primary fold=3 lr0=1e-03 ===
=== EXP-T274 primary fold=3 lr0=1e-02 ===
/workspace_developability_acquisition/developability_drilldown/models/antibody_transformer/model.py:347: UserWarning: enable_nested_tensor is True, but self.use_nested_tensor is False because encoder_layer.norm_first was True
  self.encoder = nn.TransformerEncoder(_make_encoder_layer(), num_layers=n_layers)
=== EXP-T274 primary fold=4 lr0=1e-05 ===
=== EXP-T274 primary fold=4 lr0=1e-04 ===
=== EXP-T274 primary fold=4 lr0=1e-03 ===
=== EXP-T274 primary fold=4 lr0=1e-02 ===
/workspace_developability_acquisition/developability_drilldown/models/antibody_transformer/model.py:347: UserWarning: enable_nested_tensor is True, but self.use_nested_tensor is False because encoder_layer.norm_first was True
  self.encoder = nn.TransformerEncoder(_make_encoder_layer(), num_layers=n_layers)
=== EXP-T274 shadow fold=0 lr0=1e-05 ===
=== EXP-T274 shadow fold=0 lr0=1e-04 ===
=== EXP-T274 shadow fold=0 lr0=1e-03 ===
=== EXP-T274 shadow fold=0 lr0=1e-02 ===
/workspace_developability_acquisition/developability_drilldown/models/antibody_transformer/model.py:347: UserWarning: enable_nested_tensor is True, but self.use_nested_tensor is False because encoder_layer.norm_first was True
  self.encoder = nn.TransformerEncoder(_make_encoder_layer(), num_layers=n_layers)
=== EXP-T274 shadow fold=1 lr0=1e-05 ===
=== EXP-T274 shadow fold=1 lr0=1e-04 ===
=== EXP-T274 shadow fold=1 lr0=1e-03 ===
=== EXP-T274 shadow fold=1 lr0=1e-02 ===
/workspace_developability_acquisition/developability_drilldown/models/antibody_transformer/model.py:347: UserWarning: enable_nested_tensor is True, but self.use_nested_tensor is False because encoder_layer.norm_first was True
  self.encoder = nn.TransformerEncoder(_make_encoder_layer(), num_layers=n_layers)
=== EXP-T274 shadow fold=2 lr0=1e-05 ===
=== EXP-T274 shadow fold=2 lr0=1e-04 ===
=== EXP-T274 shadow fold=2 lr0=1e-03 ===
=== EXP-T274 shadow fold=2 lr0=1e-02 ===
/workspace_developability_acquisition/developability_drilldown/models/antibody_transformer/model.py:347: UserWarning: enable_nested_tensor is True, but self.use_nested_tensor is False because encoder_layer.norm_first was True
  self.encoder = nn.TransformerEncoder(_make_encoder_layer(), num_layers=n_layers)
=== EXP-T274 shadow fold=3 lr0=1e-05 ===
=== EXP-T274 shadow fold=3 lr0=1e-04 ===
=== EXP-T274 shadow fold=3 lr0=1e-03 ===
=== EXP-T274 shadow fold=3 lr0=1e-02 ===
/workspace_developability_acquisition/developability_drilldown/models/antibody_transformer/model.py:347: UserWarning: enable_nested_tensor is True, but self.use_nested_tensor is False because encoder_layer.norm_first was True
  self.encoder = nn.TransformerEncoder(_make_encoder_layer(), num_layers=n_layers)
=== EXP-T274 shadow fold=4 lr0=1e-05 ===
=== EXP-T274 shadow fold=4 lr0=1e-04 ===
=== EXP-T274 shadow fold=4 lr0=1e-03 ===
=== EXP-T274 shadow fold=4 lr0=1e-02 ===
/workspace_developability_acquisition/developability_drilldown/models/antibody_transformer/model.py:347: UserWarning: enable_nested_tensor is True, but self.use_nested_tensor is False because encoder_layer.norm_first was True
  self.encoder = nn.TransformerEncoder(_make_encoder_layer(), num_layers=n_layers)
DONE EXP-T274 mean=3.446694
==== TRAIN EXP-T275 esm2/A/REGION ====
/workspace_developability_acquisition/developability_drilldown/models/antibody_transformer/model.py:347: UserWarning: enable_nested_tensor is True, but self.use_nested_tensor is False because encoder_layer.norm_first was True
  self.encoder = nn.TransformerEncoder(_make_encoder_layer(), num_layers=n_layers)
=== EXP-T275 primary fold=0 lr0=1e-05 ===
=== EXP-T275 primary fold=0 lr0=1e-04 ===
=== EXP-T275 primary fold=0 lr0=1e-03 ===
=== EXP-T275 primary fold=0 lr0=1e-02 ===
/workspace_developability_acquisition/developability_drilldown/models/antibody_transformer/model.py:347: UserWarning: enable_nested_tensor is True, but self.use_nested_tensor is False because encoder_layer.norm_first was True
  self.encoder = nn.TransformerEncoder(_make_encoder_layer(), num_layers=n_layers)
=== EXP-T275 primary fold=1 lr0=1e-05 ===
=== EXP-T275 primary fold=1 lr0=1e-04 ===
=== EXP-T275 primary fold=1 lr0=1e-03 ===
=== EXP-T275 primary fold=1 lr0=1e-02 ===
/workspace_developability_acquisition/developability_drilldown/models/antibody_transformer/model.py:347: UserWarning: enable_nested_tensor is True, but self.use_nested_tensor is False because encoder_layer.norm_first was True
  self.encoder = nn.TransformerEncoder(_make_encoder_layer(), num_layers=n_layers)
=== EXP-T275 primary fold=2 lr0=1e-05 ===
=== EXP-T275 primary fold=2 lr0=1e-04 ===
=== EXP-T275 primary fold=2 lr0=1e-03 ===
=== EXP-T275 primary fold=2 lr0=1e-02 ===
/workspace_developability_acquisition/developability_drilldown/models/antibody_transformer/model.py:347: UserWarning: enable_nested_tensor is True, but self.use_nested_tensor is False because encoder_layer.norm_first was True
  self.encoder = nn.TransformerEncoder(_make_encoder_layer(), num_layers=n_layers)
=== EXP-T275 primary fold=3 lr0=1e-05 ===
=== EXP-T275 primary fold=3 lr0=1e-04 ===
=== EXP-T275 primary fold=3 lr0=1e-03 ===
=== EXP-T275 primary fold=3 lr0=1e-02 ===
/workspace_developability_acquisition/developability_drilldown/models/antibody_transformer/model.py:347: UserWarning: enable_nested_tensor is True, but self.use_nested_tensor is False because encoder_layer.norm_first was True
  self.encoder = nn.TransformerEncoder(_make_encoder_layer(), num_layers=n_layers)
=== EXP-T275 primary fold=4 lr0=1e-05 ===
=== EXP-T275 primary fold=4 lr0=1e-04 ===
=== EXP-T275 primary fold=4 lr0=1e-03 ===
=== EXP-T275 primary fold=4 lr0=1e-02 ===
/workspace_developability_acquisition/developability_drilldown/models/antibody_transformer/model.py:347: UserWarning: enable_nested_tensor is True, but self.use_nested_tensor is False because encoder_layer.norm_first was True
  self.encoder = nn.TransformerEncoder(_make_encoder_layer(), num_layers=n_layers)
=== EXP-T275 shadow fold=0 lr0=1e-05 ===
=== EXP-T275 shadow fold=0 lr0=1e-04 ===
=== EXP-T275 shadow fold=0 lr0=1e-03 ===
=== EXP-T275 shadow fold=0 lr0=1e-02 ===
/workspace_developability_acquisition/developability_drilldown/models/antibody_transformer/model.py:347: UserWarning: enable_nested_tensor is True, but self.use_nested_tensor is False because encoder_layer.norm_first was True
  self.encoder = nn.TransformerEncoder(_make_encoder_layer(), num_layers=n_layers)
=== EXP-T275 shadow fold=1 lr0=1e-05 ===
=== EXP-T275 shadow fold=1 lr0=1e-04 ===
=== EXP-T275 shadow fold=1 lr0=1e-03 ===
=== EXP-T275 shadow fold=1 lr0=1e-02 ===
/workspace_developability_acquisition/developability_drilldown/models/antibody_transformer/model.py:347: UserWarning: enable_nested_tensor is True, but self.use_nested_tensor is False because encoder_layer.norm_first was True
  self.encoder = nn.TransformerEncoder(_make_encoder_layer(), num_layers=n_layers)
=== EXP-T275 shadow fold=2 lr0=1e-05 ===
=== EXP-T275 shadow fold=2 lr0=1e-04 ===
=== EXP-T275 shadow fold=2 lr0=1e-03 ===
=== EXP-T275 shadow fold=2 lr0=1e-02 ===
/workspace_developability_acquisition/developability_drilldown/models/antibody_transformer/model.py:347: UserWarning: enable_nested_tensor is True, but self.use_nested_tensor is False because encoder_layer.norm_first was True
  self.encoder = nn.TransformerEncoder(_make_encoder_layer(), num_layers=n_layers)
=== EXP-T275 shadow fold=3 lr0=1e-05 ===
=== EXP-T275 shadow fold=3 lr0=1e-04 ===
=== EXP-T275 shadow fold=3 lr0=1e-03 ===
=== EXP-T275 shadow fold=3 lr0=1e-02 ===
/workspace_developability_acquisition/developability_drilldown/models/antibody_transformer/model.py:347: UserWarning: enable_nested_tensor is True, but self.use_nested_tensor is False because encoder_layer.norm_first was True
  self.encoder = nn.TransformerEncoder(_make_encoder_layer(), num_layers=n_layers)
=== EXP-T275 shadow fold=4 lr0=1e-05 ===
=== EXP-T275 shadow fold=4 lr0=1e-04 ===
=== EXP-T275 shadow fold=4 lr0=1e-03 ===
=== EXP-T275 shadow fold=4 lr0=1e-02 ===
/workspace_developability_acquisition/developability_drilldown/models/antibody_transformer/model.py:347: UserWarning: enable_nested_tensor is True, but self.use_nested_tensor is False because encoder_layer.norm_first was True
  self.encoder = nn.TransformerEncoder(_make_encoder_layer(), num_layers=n_layers)
DONE EXP-T275 mean=3.565401
==== TRAIN EXP-T276 esm2/B1/REGION ====
/workspace_developability_acquisition/developability_drilldown/models/antibody_transformer/model.py:347: UserWarning: enable_nested_tensor is True, but self.use_nested_tensor is False because encoder_layer.norm_first was True
  self.encoder = nn.TransformerEncoder(_make_encoder_layer(), num_layers=n_layers)
=== EXP-T276 primary fold=0 lr0=1e-05 ===
=== EXP-T276 primary fold=0 lr0=1e-04 ===
=== EXP-T276 primary fold=0 lr0=1e-03 ===
=== EXP-T276 primary fold=0 lr0=1e-02 ===
/workspace_developability_acquisition/developability_drilldown/models/antibody_transformer/model.py:347: UserWarning: enable_nested_tensor is True, but self.use_nested_tensor is False because encoder_layer.norm_first was True
  self.encoder = nn.TransformerEncoder(_make_encoder_layer(), num_layers=n_layers)
=== EXP-T276 primary fold=1 lr0=1e-05 ===
=== EXP-T276 primary fold=1 lr0=1e-04 ===
=== EXP-T276 primary fold=1 lr0=1e-03 ===
=== EXP-T276 primary fold=1 lr0=1e-02 ===
/workspace_developability_acquisition/developability_drilldown/models/antibody_transformer/model.py:347: UserWarning: enable_nested_tensor is True, but self.use_nested_tensor is False because encoder_layer.norm_first was True
  self.encoder = nn.TransformerEncoder(_make_encoder_layer(), num_layers=n_layers)
=== EXP-T276 primary fold=2 lr0=1e-05 ===
=== EXP-T276 primary fold=2 lr0=1e-04 ===
=== EXP-T276 primary fold=2 lr0=1e-03 ===
=== EXP-T276 primary fold=2 lr0=1e-02 ===
/workspace_developability_acquisition/developability_drilldown/models/antibody_transformer/model.py:347: UserWarning: enable_nested_tensor is True, but self.use_nested_tensor is False because encoder_layer.norm_first was True
  self.encoder = nn.TransformerEncoder(_make_encoder_layer(), num_layers=n_layers)
=== EXP-T276 primary fold=3 lr0=1e-05 ===
=== EXP-T276 primary fold=3 lr0=1e-04 ===
=== EXP-T276 primary fold=3 lr0=1e-03 ===
=== EXP-T276 primary fold=3 lr0=1e-02 ===
/workspace_developability_acquisition/developability_drilldown/models/antibody_transformer/model.py:347: UserWarning: enable_nested_tensor is True, but self.use_nested_tensor is False because encoder_layer.norm_first was True
  self.encoder = nn.TransformerEncoder(_make_encoder_layer(), num_layers=n_layers)
=== EXP-T276 primary fold=4 lr0=1e-05 ===
=== EXP-T276 primary fold=4 lr0=1e-04 ===
=== EXP-T276 primary fold=4 lr0=1e-03 ===
=== EXP-T276 primary fold=4 lr0=1e-02 ===
/workspace_developability_acquisition/developability_drilldown/models/antibody_transformer/model.py:347: UserWarning: enable_nested_tensor is True, but self.use_nested_tensor is False because encoder_layer.norm_first was True
  self.encoder = nn.TransformerEncoder(_make_encoder_layer(), num_layers=n_layers)
=== EXP-T276 shadow fold=0 lr0=1e-05 ===
=== EXP-T276 shadow fold=0 lr0=1e-04 ===
=== EXP-T276 shadow fold=0 lr0=1e-03 ===
=== EXP-T276 shadow fold=0 lr0=1e-02 ===
/workspace_developability_acquisition/developability_drilldown/models/antibody_transformer/model.py:347: UserWarning: enable_nested_tensor is True, but self.use_nested_tensor is False because encoder_layer.norm_first was True
  self.encoder = nn.TransformerEncoder(_make_encoder_layer(), num_layers=n_layers)
=== EXP-T276 shadow fold=1 lr0=1e-05 ===
=== EXP-T276 shadow fold=1 lr0=1e-04 ===
=== EXP-T276 shadow fold=1 lr0=1e-03 ===
=== EXP-T276 shadow fold=1 lr0=1e-02 ===
/workspace_developability_acquisition/developability_drilldown/models/antibody_transformer/model.py:347: UserWarning: enable_nested_tensor is True, but self.use_nested_tensor is False because encoder_layer.norm_first was True
  self.encoder = nn.TransformerEncoder(_make_encoder_layer(), num_layers=n_layers)
=== EXP-T276 shadow fold=2 lr0=1e-05 ===
=== EXP-T276 shadow fold=2 lr0=1e-04 ===
=== EXP-T276 shadow fold=2 lr0=1e-03 ===
=== EXP-T276 shadow fold=2 lr0=1e-02 ===
/workspace_developability_acquisition/developability_drilldown/models/antibody_transformer/model.py:347: UserWarning: enable_nested_tensor is True, but self.use_nested_tensor is False because encoder_layer.norm_first was True
  self.encoder = nn.TransformerEncoder(_make_encoder_layer(), num_layers=n_layers)
=== EXP-T276 shadow fold=3 lr0=1e-05 ===
=== EXP-T276 shadow fold=3 lr0=1e-04 ===
=== EXP-T276 shadow fold=3 lr0=1e-03 ===
=== EXP-T276 shadow fold=3 lr0=1e-02 ===
/workspace_developability_acquisition/developability_drilldown/models/antibody_transformer/model.py:347: UserWarning: enable_nested_tensor is True, but self.use_nested_tensor is False because encoder_layer.norm_first was True
  self.encoder = nn.TransformerEncoder(_make_encoder_layer(), num_layers=n_layers)
=== EXP-T276 shadow fold=4 lr0=1e-05 ===
=== EXP-T276 shadow fold=4 lr0=1e-04 ===
=== EXP-T276 shadow fold=4 lr0=1e-03 ===
=== EXP-T276 shadow fold=4 lr0=1e-02 ===
/workspace_developability_acquisition/developability_drilldown/models/antibody_transformer/model.py:347: UserWarning: enable_nested_tensor is True, but self.use_nested_tensor is False because encoder_layer.norm_first was True
  self.encoder = nn.TransformerEncoder(_make_encoder_layer(), num_layers=n_layers)
DONE EXP-T276 mean=3.520302
==== TRAIN EXP-T277 esm2/B2/REGION ====
/workspace_developability_acquisition/developability_drilldown/models/antibody_transformer/model.py:347: UserWarning: enable_nested_tensor is True, but self.use_nested_tensor is False because encoder_layer.norm_first was True
  self.encoder = nn.TransformerEncoder(_make_encoder_layer(), num_layers=n_layers)
=== EXP-T277 primary fold=0 lr0=1e-05 ===
=== EXP-T277 primary fold=0 lr0=1e-04 ===
=== EXP-T277 primary fold=0 lr0=1e-03 ===
=== EXP-T277 primary fold=0 lr0=1e-02 ===
/workspace_developability_acquisition/developability_drilldown/models/antibody_transformer/model.py:347: UserWarning: enable_nested_tensor is True, but self.use_nested_tensor is False because encoder_layer.norm_first was True
  self.encoder = nn.TransformerEncoder(_make_encoder_layer(), num_layers=n_layers)
=== EXP-T277 primary fold=1 lr0=1e-05 ===
=== EXP-T277 primary fold=1 lr0=1e-04 ===
=== EXP-T277 primary fold=1 lr0=1e-03 ===
=== EXP-T277 primary fold=1 lr0=1e-02 ===
/workspace_developability_acquisition/developability_drilldown/models/antibody_transformer/model.py:347: UserWarning: enable_nested_tensor is True, but self.use_nested_tensor is False because encoder_layer.norm_first was True
  self.encoder = nn.TransformerEncoder(_make_encoder_layer(), num_layers=n_layers)
=== EXP-T277 primary fold=2 lr0=1e-05 ===
=== EXP-T277 primary fold=2 lr0=1e-04 ===
=== EXP-T277 primary fold=2 lr0=1e-03 ===
=== EXP-T277 primary fold=2 lr0=1e-02 ===
/workspace_developability_acquisition/developability_drilldown/models/antibody_transformer/model.py:347: UserWarning: enable_nested_tensor is True, but self.use_nested_tensor is False because encoder_layer.norm_first was True
  self.encoder = nn.TransformerEncoder(_make_encoder_layer(), num_layers=n_layers)
=== EXP-T277 primary fold=3 lr0=1e-05 ===
=== EXP-T277 primary fold=3 lr0=1e-04 ===
=== EXP-T277 primary fold=3 lr0=1e-03 ===
=== EXP-T277 primary fold=3 lr0=1e-02 ===
/workspace_developability_acquisition/developability_drilldown/models/antibody_transformer/model.py:347: UserWarning: enable_nested_tensor is True, but self.use_nested_tensor is False because encoder_layer.norm_first was True
  self.encoder = nn.TransformerEncoder(_make_encoder_layer(), num_layers=n_layers)
=== EXP-T277 primary fold=4 lr0=1e-05 ===
=== EXP-T277 primary fold=4 lr0=1e-04 ===
=== EXP-T277 primary fold=4 lr0=1e-03 ===
=== EXP-T277 primary fold=4 lr0=1e-02 ===
/workspace_developability_acquisition/developability_drilldown/models/antibody_transformer/model.py:347: UserWarning: enable_nested_tensor is True, but self.use_nested_tensor is False because encoder_layer.norm_first was True
  self.encoder = nn.TransformerEncoder(_make_encoder_layer(), num_layers=n_layers)
=== EXP-T277 shadow fold=0 lr0=1e-05 ===
=== EXP-T277 shadow fold=0 lr0=1e-04 ===
=== EXP-T277 shadow fold=0 lr0=1e-03 ===
=== EXP-T277 shadow fold=0 lr0=1e-02 ===
/workspace_developability_acquisition/developability_drilldown/models/antibody_transformer/model.py:347: UserWarning: enable_nested_tensor is True, but self.use_nested_tensor is False because encoder_layer.norm_first was True
  self.encoder = nn.TransformerEncoder(_make_encoder_layer(), num_layers=n_layers)
=== EXP-T277 shadow fold=1 lr0=1e-05 ===
=== EXP-T277 shadow fold=1 lr0=1e-04 ===
=== EXP-T277 shadow fold=1 lr0=1e-03 ===
=== EXP-T277 shadow fold=1 lr0=1e-02 ===
/workspace_developability_acquisition/developability_drilldown/models/antibody_transformer/model.py:347: UserWarning: enable_nested_tensor is True, but self.use_nested_tensor is False because encoder_layer.norm_first was True
  self.encoder = nn.TransformerEncoder(_make_encoder_layer(), num_layers=n_layers)
=== EXP-T277 shadow fold=2 lr0=1e-05 ===
=== EXP-T277 shadow fold=2 lr0=1e-04 ===
=== EXP-T277 shadow fold=2 lr0=1e-03 ===
=== EXP-T277 shadow fold=2 lr0=1e-02 ===
/workspace_developability_acquisition/developability_drilldown/models/antibody_transformer/model.py:347: UserWarning: enable_nested_tensor is True, but self.use_nested_tensor is False because encoder_layer.norm_first was True
  self.encoder = nn.TransformerEncoder(_make_encoder_layer(), num_layers=n_layers)
=== EXP-T277 shadow fold=3 lr0=1e-05 ===
=== EXP-T277 shadow fold=3 lr0=1e-04 ===
=== EXP-T277 shadow fold=3 lr0=1e-03 ===
=== EXP-T277 shadow fold=3 lr0=1e-02 ===
/workspace_developability_acquisition/developability_drilldown/models/antibody_transformer/model.py:347: UserWarning: enable_nested_tensor is True, but self.use_nested_tensor is False because encoder_layer.norm_first was True
  self.encoder = nn.TransformerEncoder(_make_encoder_layer(), num_layers=n_layers)
=== EXP-T277 shadow fold=4 lr0=1e-05 ===
=== EXP-T277 shadow fold=4 lr0=1e-04 ===
=== EXP-T277 shadow fold=4 lr0=1e-03 ===
=== EXP-T277 shadow fold=4 lr0=1e-02 ===
/workspace_developability_acquisition/developability_drilldown/models/antibody_transformer/model.py:347: UserWarning: enable_nested_tensor is True, but self.use_nested_tensor is False because encoder_layer.norm_first was True
  self.encoder = nn.TransformerEncoder(_make_encoder_layer(), num_layers=n_layers)
DONE EXP-T277 mean=3.469801
==== TRAIN EXP-T278 esm2/C/REGION ====
/workspace_developability_acquisition/developability_drilldown/models/antibody_transformer/model.py:347: UserWarning: enable_nested_tensor is True, but self.use_nested_tensor is False because encoder_layer.norm_first was True
  self.encoder = nn.TransformerEncoder(_make_encoder_layer(), num_layers=n_layers)
=== EXP-T278 primary fold=0 lr0=1e-05 ===
=== EXP-T278 primary fold=0 lr0=1e-04 ===
=== EXP-T278 primary fold=0 lr0=1e-03 ===
=== EXP-T278 primary fold=0 lr0=1e-02 ===
/workspace_developability_acquisition/developability_drilldown/models/antibody_transformer/model.py:347: UserWarning: enable_nested_tensor is True, but self.use_nested_tensor is False because encoder_layer.norm_first was True
  self.encoder = nn.TransformerEncoder(_make_encoder_layer(), num_layers=n_layers)
=== EXP-T278 primary fold=1 lr0=1e-05 ===
=== EXP-T278 primary fold=1 lr0=1e-04 ===
=== EXP-T278 primary fold=1 lr0=1e-03 ===
=== EXP-T278 primary fold=1 lr0=1e-02 ===
/workspace_developability_acquisition/developability_drilldown/models/antibody_transformer/model.py:347: UserWarning: enable_nested_tensor is True, but self.use_nested_tensor is False because encoder_layer.norm_first was True
  self.encoder = nn.TransformerEncoder(_make_encoder_layer(), num_layers=n_layers)
=== EXP-T278 primary fold=2 lr0=1e-05 ===
=== EXP-T278 primary fold=2 lr0=1e-04 ===
=== EXP-T278 primary fold=2 lr0=1e-03 ===
=== EXP-T278 primary fold=2 lr0=1e-02 ===
/workspace_developability_acquisition/developability_drilldown/models/antibody_transformer/model.py:347: UserWarning: enable_nested_tensor is True, but self.use_nested_tensor is False because encoder_layer.norm_first was True
  self.encoder = nn.TransformerEncoder(_make_encoder_layer(), num_layers=n_layers)
=== EXP-T278 primary fold=3 lr0=1e-05 ===
=== EXP-T278 primary fold=3 lr0=1e-04 ===
=== EXP-T278 primary fold=3 lr0=1e-03 ===
=== EXP-T278 primary fold=3 lr0=1e-02 ===
/workspace_developability_acquisition/developability_drilldown/models/antibody_transformer/model.py:347: UserWarning: enable_nested_tensor is True, but self.use_nested_tensor is False because encoder_layer.norm_first was True
  self.encoder = nn.TransformerEncoder(_make_encoder_layer(), num_layers=n_layers)
=== EXP-T278 primary fold=4 lr0=1e-05 ===
=== EXP-T278 primary fold=4 lr0=1e-04 ===
=== EXP-T278 primary fold=4 lr0=1e-03 ===
=== EXP-T278 primary fold=4 lr0=1e-02 ===
/workspace_developability_acquisition/developability_drilldown/models/antibody_transformer/model.py:347: UserWarning: enable_nested_tensor is True, but self.use_nested_tensor is False because encoder_layer.norm_first was True
  self.encoder = nn.TransformerEncoder(_make_encoder_layer(), num_layers=n_layers)
=== EXP-T278 shadow fold=0 lr0=1e-05 ===
=== EXP-T278 shadow fold=0 lr0=1e-04 ===
=== EXP-T278 shadow fold=0 lr0=1e-03 ===
=== EXP-T278 shadow fold=0 lr0=1e-02 ===
/workspace_developability_acquisition/developability_drilldown/models/antibody_transformer/model.py:347: UserWarning: enable_nested_tensor is True, but self.use_nested_tensor is False because encoder_layer.norm_first was True
  self.encoder = nn.TransformerEncoder(_make_encoder_layer(), num_layers=n_layers)
=== EXP-T278 shadow fold=1 lr0=1e-05 ===
=== EXP-T278 shadow fold=1 lr0=1e-04 ===
=== EXP-T278 shadow fold=1 lr0=1e-03 ===
=== EXP-T278 shadow fold=1 lr0=1e-02 ===
/workspace_developability_acquisition/developability_drilldown/models/antibody_transformer/model.py:347: UserWarning: enable_nested_tensor is True, but self.use_nested_tensor is False because encoder_layer.norm_first was True
  self.encoder = nn.TransformerEncoder(_make_encoder_layer(), num_layers=n_layers)
=== EXP-T278 shadow fold=2 lr0=1e-05 ===
=== EXP-T278 shadow fold=2 lr0=1e-04 ===
=== EXP-T278 shadow fold=2 lr0=1e-03 ===
=== EXP-T278 shadow fold=2 lr0=1e-02 ===
/workspace_developability_acquisition/developability_drilldown/models/antibody_transformer/model.py:347: UserWarning: enable_nested_tensor is True, but self.use_nested_tensor is False because encoder_layer.norm_first was True
  self.encoder = nn.TransformerEncoder(_make_encoder_layer(), num_layers=n_layers)
=== EXP-T278 shadow fold=3 lr0=1e-05 ===
=== EXP-T278 shadow fold=3 lr0=1e-04 ===
=== EXP-T278 shadow fold=3 lr0=1e-03 ===
=== EXP-T278 shadow fold=3 lr0=1e-02 ===
/workspace_developability_acquisition/developability_drilldown/models/antibody_transformer/model.py:347: UserWarning: enable_nested_tensor is True, but self.use_nested_tensor is False because encoder_layer.norm_first was True
  self.encoder = nn.TransformerEncoder(_make_encoder_layer(), num_layers=n_layers)
=== EXP-T278 shadow fold=4 lr0=1e-05 ===
=== EXP-T278 shadow fold=4 lr0=1e-04 ===
=== EXP-T278 shadow fold=4 lr0=1e-03 ===
=== EXP-T278 shadow fold=4 lr0=1e-02 ===
/workspace_developability_acquisition/developability_drilldown/models/antibody_transformer/model.py:347: UserWarning: enable_nested_tensor is True, but self.use_nested_tensor is False because encoder_layer.norm_first was True
  self.encoder = nn.TransformerEncoder(_make_encoder_layer(), num_layers=n_layers)
DONE EXP-T278 mean=3.352154
==== TRAIN EXP-T279 esm2/D/REGION ====
/workspace_developability_acquisition/developability_drilldown/models/antibody_transformer/model.py:347: UserWarning: enable_nested_tensor is True, but self.use_nested_tensor is False because encoder_layer.norm_first was True
  self.encoder = nn.TransformerEncoder(_make_encoder_layer(), num_layers=n_layers)
=== EXP-T279 primary fold=0 lr0=1e-05 ===
=== EXP-T279 primary fold=0 lr0=1e-04 ===
=== EXP-T279 primary fold=0 lr0=1e-03 ===
=== EXP-T279 primary fold=0 lr0=1e-02 ===
/workspace_developability_acquisition/developability_drilldown/models/antibody_transformer/model.py:347: UserWarning: enable_nested_tensor is True, but self.use_nested_tensor is False because encoder_layer.norm_first was True
  self.encoder = nn.TransformerEncoder(_make_encoder_layer(), num_layers=n_layers)
=== EXP-T279 primary fold=1 lr0=1e-05 ===
=== EXP-T279 primary fold=1 lr0=1e-04 ===
=== EXP-T279 primary fold=1 lr0=1e-03 ===
=== EXP-T279 primary fold=1 lr0=1e-02 ===
/workspace_developability_acquisition/developability_drilldown/models/antibody_transformer/model.py:347: UserWarning: enable_nested_tensor is True, but self.use_nested_tensor is False because encoder_layer.norm_first was True
  self.encoder = nn.TransformerEncoder(_make_encoder_layer(), num_layers=n_layers)
=== EXP-T279 primary fold=2 lr0=1e-05 ===
=== EXP-T279 primary fold=2 lr0=1e-04 ===
=== EXP-T279 primary fold=2 lr0=1e-03 ===
=== EXP-T279 primary fold=2 lr0=1e-02 ===
/workspace_developability_acquisition/developability_drilldown/models/antibody_transformer/model.py:347: UserWarning: enable_nested_tensor is True, but self.use_nested_tensor is False because encoder_layer.norm_first was True
  self.encoder = nn.TransformerEncoder(_make_encoder_layer(), num_layers=n_layers)
=== EXP-T279 primary fold=3 lr0=1e-05 ===
=== EXP-T279 primary fold=3 lr0=1e-04 ===
=== EXP-T279 primary fold=3 lr0=1e-03 ===
=== EXP-T279 primary fold=3 lr0=1e-02 ===
/workspace_developability_acquisition/developability_drilldown/models/antibody_transformer/model.py:347: UserWarning: enable_nested_tensor is True, but self.use_nested_tensor is False because encoder_layer.norm_first was True
  self.encoder = nn.TransformerEncoder(_make_encoder_layer(), num_layers=n_layers)
=== EXP-T279 primary fold=4 lr0=1e-05 ===
=== EXP-T279 primary fold=4 lr0=1e-04 ===
=== EXP-T279 primary fold=4 lr0=1e-03 ===
=== EXP-T279 primary fold=4 lr0=1e-02 ===
/workspace_developability_acquisition/developability_drilldown/models/antibody_transformer/model.py:347: UserWarning: enable_nested_tensor is True, but self.use_nested_tensor is False because encoder_layer.norm_first was True
  self.encoder = nn.TransformerEncoder(_make_encoder_layer(), num_layers=n_layers)
=== EXP-T279 shadow fold=0 lr0=1e-05 ===
=== EXP-T279 shadow fold=0 lr0=1e-04 ===
=== EXP-T279 shadow fold=0 lr0=1e-03 ===
=== EXP-T279 shadow fold=0 lr0=1e-02 ===
/workspace_developability_acquisition/developability_drilldown/models/antibody_transformer/model.py:347: UserWarning: enable_nested_tensor is True, but self.use_nested_tensor is False because encoder_layer.norm_first was True
  self.encoder = nn.TransformerEncoder(_make_encoder_layer(), num_layers=n_layers)
=== EXP-T279 shadow fold=1 lr0=1e-05 ===
=== EXP-T279 shadow fold=1 lr0=1e-04 ===
=== EXP-T279 shadow fold=1 lr0=1e-03 ===
=== EXP-T279 shadow fold=1 lr0=1e-02 ===
/workspace_developability_acquisition/developability_drilldown/models/antibody_transformer/model.py:347: UserWarning: enable_nested_tensor is True, but self.use_nested_tensor is False because encoder_layer.norm_first was True
  self.encoder = nn.TransformerEncoder(_make_encoder_layer(), num_layers=n_layers)
=== EXP-T279 shadow fold=2 lr0=1e-05 ===
=== EXP-T279 shadow fold=2 lr0=1e-04 ===
=== EXP-T279 shadow fold=2 lr0=1e-03 ===
=== EXP-T279 shadow fold=2 lr0=1e-02 ===
/workspace_developability_acquisition/developability_drilldown/models/antibody_transformer/model.py:347: UserWarning: enable_nested_tensor is True, but self.use_nested_tensor is False because encoder_layer.norm_first was True
  self.encoder = nn.TransformerEncoder(_make_encoder_layer(), num_layers=n_layers)
=== EXP-T279 shadow fold=3 lr0=1e-05 ===
=== EXP-T279 shadow fold=3 lr0=1e-04 ===
=== EXP-T279 shadow fold=3 lr0=1e-03 ===
=== EXP-T279 shadow fold=3 lr0=1e-02 ===
/workspace_developability_acquisition/developability_drilldown/models/antibody_transformer/model.py:347: UserWarning: enable_nested_tensor is True, but self.use_nested_tensor is False because encoder_layer.norm_first was True
  self.encoder = nn.TransformerEncoder(_make_encoder_layer(), num_layers=n_layers)
=== EXP-T279 shadow fold=4 lr0=1e-05 ===
=== EXP-T279 shadow fold=4 lr0=1e-04 ===
=== EXP-T279 shadow fold=4 lr0=1e-03 ===
=== EXP-T279 shadow fold=4 lr0=1e-02 ===
/workspace_developability_acquisition/developability_drilldown/models/antibody_transformer/model.py:347: UserWarning: enable_nested_tensor is True, but self.use_nested_tensor is False because encoder_layer.norm_first was True
  self.encoder = nn.TransformerEncoder(_make_encoder_layer(), num_layers=n_layers)
DONE EXP-T279 mean=3.427521
==== TRAIN EXP-T280 esmc600m/A/FULL ====
/workspace_developability_acquisition/developability_drilldown/models/antibody_transformer/model.py:347: UserWarning: enable_nested_tensor is True, but self.use_nested_tensor is False because encoder_layer.norm_first was True
  self.encoder = nn.TransformerEncoder(_make_encoder_layer(), num_layers=n_layers)
=== EXP-T280 primary fold=0 lr0=1e-05 ===
=== EXP-T280 primary fold=0 lr0=1e-04 ===
=== EXP-T280 primary fold=0 lr0=1e-03 ===
=== EXP-T280 primary fold=0 lr0=1e-02 ===
/workspace_developability_acquisition/developability_drilldown/models/antibody_transformer/model.py:347: UserWarning: enable_nested_tensor is True, but self.use_nested_tensor is False because encoder_layer.norm_first was True
  self.encoder = nn.TransformerEncoder(_make_encoder_layer(), num_layers=n_layers)
=== EXP-T280 primary fold=1 lr0=1e-05 ===
=== EXP-T280 primary fold=1 lr0=1e-04 ===
=== EXP-T280 primary fold=1 lr0=1e-03 ===
=== EXP-T280 primary fold=1 lr0=1e-02 ===
/workspace_developability_acquisition/developability_drilldown/models/antibody_transformer/model.py:347: UserWarning: enable_nested_tensor is True, but self.use_nested_tensor is False because encoder_layer.norm_first was True
  self.encoder = nn.TransformerEncoder(_make_encoder_layer(), num_layers=n_layers)
=== EXP-T280 primary fold=2 lr0=1e-05 ===
=== EXP-T280 primary fold=2 lr0=1e-04 ===
=== EXP-T280 primary fold=2 lr0=1e-03 ===
=== EXP-T280 primary fold=2 lr0=1e-02 ===
/workspace_developability_acquisition/developability_drilldown/models/antibody_transformer/model.py:347: UserWarning: enable_nested_tensor is True, but self.use_nested_tensor is False because encoder_layer.norm_first was True
  self.encoder = nn.TransformerEncoder(_make_encoder_layer(), num_layers=n_layers)
=== EXP-T280 primary fold=3 lr0=1e-05 ===
=== EXP-T280 primary fold=3 lr0=1e-04 ===
=== EXP-T280 primary fold=3 lr0=1e-03 ===
=== EXP-T280 primary fold=3 lr0=1e-02 ===
/workspace_developability_acquisition/developability_drilldown/models/antibody_transformer/model.py:347: UserWarning: enable_nested_tensor is True, but self.use_nested_tensor is False because encoder_layer.norm_first was True
  self.encoder = nn.TransformerEncoder(_make_encoder_layer(), num_layers=n_layers)
=== EXP-T280 primary fold=4 lr0=1e-05 ===
=== EXP-T280 primary fold=4 lr0=1e-04 ===
=== EXP-T280 primary fold=4 lr0=1e-03 ===
=== EXP-T280 primary fold=4 lr0=1e-02 ===
/workspace_developability_acquisition/developability_drilldown/models/antibody_transformer/model.py:347: UserWarning: enable_nested_tensor is True, but self.use_nested_tensor is False because encoder_layer.norm_first was True
  self.encoder = nn.TransformerEncoder(_make_encoder_layer(), num_layers=n_layers)
=== EXP-T280 shadow fold=0 lr0=1e-05 ===
=== EXP-T280 shadow fold=0 lr0=1e-04 ===
=== EXP-T280 shadow fold=0 lr0=1e-03 ===
=== EXP-T280 shadow fold=0 lr0=1e-02 ===
/workspace_developability_acquisition/developability_drilldown/models/antibody_transformer/model.py:347: UserWarning: enable_nested_tensor is True, but self.use_nested_tensor is False because encoder_layer.norm_first was True
  self.encoder = nn.TransformerEncoder(_make_encoder_layer(), num_layers=n_layers)
=== EXP-T280 shadow fold=1 lr0=1e-05 ===
=== EXP-T280 shadow fold=1 lr0=1e-04 ===
=== EXP-T280 shadow fold=1 lr0=1e-03 ===
=== EXP-T280 shadow fold=1 lr0=1e-02 ===
/workspace_developability_acquisition/developability_drilldown/models/antibody_transformer/model.py:347: UserWarning: enable_nested_tensor is True, but self.use_nested_tensor is False because encoder_layer.norm_first was True
  self.encoder = nn.TransformerEncoder(_make_encoder_layer(), num_layers=n_layers)
=== EXP-T280 shadow fold=2 lr0=1e-05 ===
=== EXP-T280 shadow fold=2 lr0=1e-04 ===
=== EXP-T280 shadow fold=2 lr0=1e-03 ===
=== EXP-T280 shadow fold=2 lr0=1e-02 ===
/workspace_developability_acquisition/developability_drilldown/models/antibody_transformer/model.py:347: UserWarning: enable_nested_tensor is True, but self.use_nested_tensor is False because encoder_layer.norm_first was True
  self.encoder = nn.TransformerEncoder(_make_encoder_layer(), num_layers=n_layers)
=== EXP-T280 shadow fold=3 lr0=1e-05 ===
=== EXP-T280 shadow fold=3 lr0=1e-04 ===
=== EXP-T280 shadow fold=3 lr0=1e-03 ===
=== EXP-T280 shadow fold=3 lr0=1e-02 ===
/workspace_developability_acquisition/developability_drilldown/models/antibody_transformer/model.py:347: UserWarning: enable_nested_tensor is True, but self.use_nested_tensor is False because encoder_layer.norm_first was True
  self.encoder = nn.TransformerEncoder(_make_encoder_layer(), num_layers=n_layers)
=== EXP-T280 shadow fold=4 lr0=1e-05 ===
=== EXP-T280 shadow fold=4 lr0=1e-04 ===
=== EXP-T280 shadow fold=4 lr0=1e-03 ===
=== EXP-T280 shadow fold=4 lr0=1e-02 ===
/workspace_developability_acquisition/developability_drilldown/models/antibody_transformer/model.py:347: UserWarning: enable_nested_tensor is True, but self.use_nested_tensor is False because encoder_layer.norm_first was True
  self.encoder = nn.TransformerEncoder(_make_encoder_layer(), num_layers=n_layers)
DONE EXP-T280 mean=3.271527
==== TRAIN EXP-T281 esmc600m/B1/FULL ====
/workspace_developability_acquisition/developability_drilldown/models/antibody_transformer/model.py:347: UserWarning: enable_nested_tensor is True, but self.use_nested_tensor is False because encoder_layer.norm_first was True
  self.encoder = nn.TransformerEncoder(_make_encoder_layer(), num_layers=n_layers)
=== EXP-T281 primary fold=0 lr0=1e-05 ===
=== EXP-T281 primary fold=0 lr0=1e-04 ===
=== EXP-T281 primary fold=0 lr0=1e-03 ===
=== EXP-T281 primary fold=0 lr0=1e-02 ===
/workspace_developability_acquisition/developability_drilldown/models/antibody_transformer/model.py:347: UserWarning: enable_nested_tensor is True, but self.use_nested_tensor is False because encoder_layer.norm_first was True
  self.encoder = nn.TransformerEncoder(_make_encoder_layer(), num_layers=n_layers)
=== EXP-T281 primary fold=1 lr0=1e-05 ===
=== EXP-T281 primary fold=1 lr0=1e-04 ===
=== EXP-T281 primary fold=1 lr0=1e-03 ===
=== EXP-T281 primary fold=1 lr0=1e-02 ===
/workspace_developability_acquisition/developability_drilldown/models/antibody_transformer/model.py:347: UserWarning: enable_nested_tensor is True, but self.use_nested_tensor is False because encoder_layer.norm_first was True
  self.encoder = nn.TransformerEncoder(_make_encoder_layer(), num_layers=n_layers)
=== EXP-T281 primary fold=2 lr0=1e-05 ===
=== EXP-T281 primary fold=2 lr0=1e-04 ===
=== EXP-T281 primary fold=2 lr0=1e-03 ===
=== EXP-T281 primary fold=2 lr0=1e-02 ===
/workspace_developability_acquisition/developability_drilldown/models/antibody_transformer/model.py:347: UserWarning: enable_nested_tensor is True, but self.use_nested_tensor is False because encoder_layer.norm_first was True
  self.encoder = nn.TransformerEncoder(_make_encoder_layer(), num_layers=n_layers)
=== EXP-T281 primary fold=3 lr0=1e-05 ===
=== EXP-T281 primary fold=3 lr0=1e-04 ===
=== EXP-T281 primary fold=3 lr0=1e-03 ===
=== EXP-T281 primary fold=3 lr0=1e-02 ===
/workspace_developability_acquisition/developability_drilldown/models/antibody_transformer/model.py:347: UserWarning: enable_nested_tensor is True, but self.use_nested_tensor is False because encoder_layer.norm_first was True
  self.encoder = nn.TransformerEncoder(_make_encoder_layer(), num_layers=n_layers)
=== EXP-T281 primary fold=4 lr0=1e-05 ===
=== EXP-T281 primary fold=4 lr0=1e-04 ===
=== EXP-T281 primary fold=4 lr0=1e-03 ===
=== EXP-T281 primary fold=4 lr0=1e-02 ===
/workspace_developability_acquisition/developability_drilldown/models/antibody_transformer/model.py:347: UserWarning: enable_nested_tensor is True, but self.use_nested_tensor is False because encoder_layer.norm_first was True
  self.encoder = nn.TransformerEncoder(_make_encoder_layer(), num_layers=n_layers)
=== EXP-T281 shadow fold=0 lr0=1e-05 ===
=== EXP-T281 shadow fold=0 lr0=1e-04 ===
=== EXP-T281 shadow fold=0 lr0=1e-03 ===
=== EXP-T281 shadow fold=0 lr0=1e-02 ===
/workspace_developability_acquisition/developability_drilldown/models/antibody_transformer/model.py:347: UserWarning: enable_nested_tensor is True, but self.use_nested_tensor is False because encoder_layer.norm_first was True
  self.encoder = nn.TransformerEncoder(_make_encoder_layer(), num_layers=n_layers)
=== EXP-T281 shadow fold=1 lr0=1e-05 ===
=== EXP-T281 shadow fold=1 lr0=1e-04 ===
=== EXP-T281 shadow fold=1 lr0=1e-03 ===
=== EXP-T281 shadow fold=1 lr0=1e-02 ===
/workspace_developability_acquisition/developability_drilldown/models/antibody_transformer/model.py:347: UserWarning: enable_nested_tensor is True, but self.use_nested_tensor is False because encoder_layer.norm_first was True
  self.encoder = nn.TransformerEncoder(_make_encoder_layer(), num_layers=n_layers)
=== EXP-T281 shadow fold=2 lr0=1e-05 ===
=== EXP-T281 shadow fold=2 lr0=1e-04 ===
=== EXP-T281 shadow fold=2 lr0=1e-03 ===
=== EXP-T281 shadow fold=2 lr0=1e-02 ===
/workspace_developability_acquisition/developability_drilldown/models/antibody_transformer/model.py:347: UserWarning: enable_nested_tensor is True, but self.use_nested_tensor is False because encoder_layer.norm_first was True
  self.encoder = nn.TransformerEncoder(_make_encoder_layer(), num_layers=n_layers)
=== EXP-T281 shadow fold=3 lr0=1e-05 ===
=== EXP-T281 shadow fold=3 lr0=1e-04 ===
=== EXP-T281 shadow fold=3 lr0=1e-03 ===
=== EXP-T281 shadow fold=3 lr0=1e-02 ===
/workspace_developability_acquisition/developability_drilldown/models/antibody_transformer/model.py:347: UserWarning: enable_nested_tensor is True, but self.use_nested_tensor is False because encoder_layer.norm_first was True
  self.encoder = nn.TransformerEncoder(_make_encoder_layer(), num_layers=n_layers)
=== EXP-T281 shadow fold=4 lr0=1e-05 ===
=== EXP-T281 shadow fold=4 lr0=1e-04 ===
=== EXP-T281 shadow fold=4 lr0=1e-03 ===
=== EXP-T281 shadow fold=4 lr0=1e-02 ===
/workspace_developability_acquisition/developability_drilldown/models/antibody_transformer/model.py:347: UserWarning: enable_nested_tensor is True, but self.use_nested_tensor is False because encoder_layer.norm_first was True
  self.encoder = nn.TransformerEncoder(_make_encoder_layer(), num_layers=n_layers)
DONE EXP-T281 mean=3.474153
==== TRAIN EXP-T282 esmc600m/B2/FULL ====
/workspace_developability_acquisition/developability_drilldown/models/antibody_transformer/model.py:347: UserWarning: enable_nested_tensor is True, but self.use_nested_tensor is False because encoder_layer.norm_first was True
  self.encoder = nn.TransformerEncoder(_make_encoder_layer(), num_layers=n_layers)
=== EXP-T282 primary fold=0 lr0=1e-05 ===
=== EXP-T282 primary fold=0 lr0=1e-04 ===
=== EXP-T282 primary fold=0 lr0=1e-03 ===
=== EXP-T282 primary fold=0 lr0=1e-02 ===
/workspace_developability_acquisition/developability_drilldown/models/antibody_transformer/model.py:347: UserWarning: enable_nested_tensor is True, but self.use_nested_tensor is False because encoder_layer.norm_first was True
  self.encoder = nn.TransformerEncoder(_make_encoder_layer(), num_layers=n_layers)
=== EXP-T282 primary fold=1 lr0=1e-05 ===
=== EXP-T282 primary fold=1 lr0=1e-04 ===
=== EXP-T282 primary fold=1 lr0=1e-03 ===
=== EXP-T282 primary fold=1 lr0=1e-02 ===
/workspace_developability_acquisition/developability_drilldown/models/antibody_transformer/model.py:347: UserWarning: enable_nested_tensor is True, but self.use_nested_tensor is False because encoder_layer.norm_first was True
  self.encoder = nn.TransformerEncoder(_make_encoder_layer(), num_layers=n_layers)
=== EXP-T282 primary fold=2 lr0=1e-05 ===
=== EXP-T282 primary fold=2 lr0=1e-04 ===
=== EXP-T282 primary fold=2 lr0=1e-03 ===
=== EXP-T282 primary fold=2 lr0=1e-02 ===
/workspace_developability_acquisition/developability_drilldown/models/antibody_transformer/model.py:347: UserWarning: enable_nested_tensor is True, but self.use_nested_tensor is False because encoder_layer.norm_first was True
  self.encoder = nn.TransformerEncoder(_make_encoder_layer(), num_layers=n_layers)
=== EXP-T282 primary fold=3 lr0=1e-05 ===
=== EXP-T282 primary fold=3 lr0=1e-04 ===
=== EXP-T282 primary fold=3 lr0=1e-03 ===
=== EXP-T282 primary fold=3 lr0=1e-02 ===
/workspace_developability_acquisition/developability_drilldown/models/antibody_transformer/model.py:347: UserWarning: enable_nested_tensor is True, but self.use_nested_tensor is False because encoder_layer.norm_first was True
  self.encoder = nn.TransformerEncoder(_make_encoder_layer(), num_layers=n_layers)
=== EXP-T282 primary fold=4 lr0=1e-05 ===
=== EXP-T282 primary fold=4 lr0=1e-04 ===
=== EXP-T282 primary fold=4 lr0=1e-03 ===
=== EXP-T282 primary fold=4 lr0=1e-02 ===
/workspace_developability_acquisition/developability_drilldown/models/antibody_transformer/model.py:347: UserWarning: enable_nested_tensor is True, but self.use_nested_tensor is False because encoder_layer.norm_first was True
  self.encoder = nn.TransformerEncoder(_make_encoder_layer(), num_layers=n_layers)
=== EXP-T282 shadow fold=0 lr0=1e-05 ===
=== EXP-T282 shadow fold=0 lr0=1e-04 ===
=== EXP-T282 shadow fold=0 lr0=1e-03 ===
=== EXP-T282 shadow fold=0 lr0=1e-02 ===
/workspace_developability_acquisition/developability_drilldown/models/antibody_transformer/model.py:347: UserWarning: enable_nested_tensor is True, but self.use_nested_tensor is False because encoder_layer.norm_first was True
  self.encoder = nn.TransformerEncoder(_make_encoder_layer(), num_layers=n_layers)
=== EXP-T282 shadow fold=1 lr0=1e-05 ===
=== EXP-T282 shadow fold=1 lr0=1e-04 ===
=== EXP-T282 shadow fold=1 lr0=1e-03 ===
=== EXP-T282 shadow fold=1 lr0=1e-02 ===
/workspace_developability_acquisition/developability_drilldown/models/antibody_transformer/model.py:347: UserWarning: enable_nested_tensor is True, but self.use_nested_tensor is False because encoder_layer.norm_first was True
  self.encoder = nn.TransformerEncoder(_make_encoder_layer(), num_layers=n_layers)
=== EXP-T282 shadow fold=2 lr0=1e-05 ===
=== EXP-T282 shadow fold=2 lr0=1e-04 ===
=== EXP-T282 shadow fold=2 lr0=1e-03 ===
=== EXP-T282 shadow fold=2 lr0=1e-02 ===
/workspace_developability_acquisition/developability_drilldown/models/antibody_transformer/model.py:347: UserWarning: enable_nested_tensor is True, but self.use_nested_tensor is False because encoder_layer.norm_first was True
  self.encoder = nn.TransformerEncoder(_make_encoder_layer(), num_layers=n_layers)
=== EXP-T282 shadow fold=3 lr0=1e-05 ===
=== EXP-T282 shadow fold=3 lr0=1e-04 ===
=== EXP-T282 shadow fold=3 lr0=1e-03 ===
=== EXP-T282 shadow fold=3 lr0=1e-02 ===
/workspace_developability_acquisition/developability_drilldown/models/antibody_transformer/model.py:347: UserWarning: enable_nested_tensor is True, but self.use_nested_tensor is False because encoder_layer.norm_first was True
  self.encoder = nn.TransformerEncoder(_make_encoder_layer(), num_layers=n_layers)
=== EXP-T282 shadow fold=4 lr0=1e-05 ===
=== EXP-T282 shadow fold=4 lr0=1e-04 ===
=== EXP-T282 shadow fold=4 lr0=1e-03 ===
=== EXP-T282 shadow fold=4 lr0=1e-02 ===
/workspace_developability_acquisition/developability_drilldown/models/antibody_transformer/model.py:347: UserWarning: enable_nested_tensor is True, but self.use_nested_tensor is False because encoder_layer.norm_first was True
  self.encoder = nn.TransformerEncoder(_make_encoder_layer(), num_layers=n_layers)
DONE EXP-T282 mean=3.343023
==== TRAIN EXP-T283 esmc600m/D/FULL ====
/workspace_developability_acquisition/developability_drilldown/models/antibody_transformer/model.py:347: UserWarning: enable_nested_tensor is True, but self.use_nested_tensor is False because encoder_layer.norm_first was True
  self.encoder = nn.TransformerEncoder(_make_encoder_layer(), num_layers=n_layers)
=== EXP-T283 primary fold=0 lr0=1e-05 ===
=== EXP-T283 primary fold=0 lr0=1e-04 ===
=== EXP-T283 primary fold=0 lr0=1e-03 ===
=== EXP-T283 primary fold=0 lr0=1e-02 ===
/workspace_developability_acquisition/developability_drilldown/models/antibody_transformer/model.py:347: UserWarning: enable_nested_tensor is True, but self.use_nested_tensor is False because encoder_layer.norm_first was True
  self.encoder = nn.TransformerEncoder(_make_encoder_layer(), num_layers=n_layers)
=== EXP-T283 primary fold=1 lr0=1e-05 ===
=== EXP-T283 primary fold=1 lr0=1e-04 ===
=== EXP-T283 primary fold=1 lr0=1e-03 ===
=== EXP-T283 primary fold=1 lr0=1e-02 ===
/workspace_developability_acquisition/developability_drilldown/models/antibody_transformer/model.py:347: UserWarning: enable_nested_tensor is True, but self.use_nested_tensor is False because encoder_layer.norm_first was True
  self.encoder = nn.TransformerEncoder(_make_encoder_layer(), num_layers=n_layers)
=== EXP-T283 primary fold=2 lr0=1e-05 ===
=== EXP-T283 primary fold=2 lr0=1e-04 ===
=== EXP-T283 primary fold=2 lr0=1e-03 ===
=== EXP-T283 primary fold=2 lr0=1e-02 ===
/workspace_developability_acquisition/developability_drilldown/models/antibody_transformer/model.py:347: UserWarning: enable_nested_tensor is True, but self.use_nested_tensor is False because encoder_layer.norm_first was True
  self.encoder = nn.TransformerEncoder(_make_encoder_layer(), num_layers=n_layers)
=== EXP-T283 primary fold=3 lr0=1e-05 ===
=== EXP-T283 primary fold=3 lr0=1e-04 ===
=== EXP-T283 primary fold=3 lr0=1e-03 ===
=== EXP-T283 primary fold=3 lr0=1e-02 ===
/workspace_developability_acquisition/developability_drilldown/models/antibody_transformer/model.py:347: UserWarning: enable_nested_tensor is True, but self.use_nested_tensor is False because encoder_layer.norm_first was True
  self.encoder = nn.TransformerEncoder(_make_encoder_layer(), num_layers=n_layers)
=== EXP-T283 primary fold=4 lr0=1e-05 ===
=== EXP-T283 primary fold=4 lr0=1e-04 ===
=== EXP-T283 primary fold=4 lr0=1e-03 ===
=== EXP-T283 primary fold=4 lr0=1e-02 ===
/workspace_developability_acquisition/developability_drilldown/models/antibody_transformer/model.py:347: UserWarning: enable_nested_tensor is True, but self.use_nested_tensor is False because encoder_layer.norm_first was True
  self.encoder = nn.TransformerEncoder(_make_encoder_layer(), num_layers=n_layers)
=== EXP-T283 shadow fold=0 lr0=1e-05 ===
=== EXP-T283 shadow fold=0 lr0=1e-04 ===
=== EXP-T283 shadow fold=0 lr0=1e-03 ===
=== EXP-T283 shadow fold=0 lr0=1e-02 ===
/workspace_developability_acquisition/developability_drilldown/models/antibody_transformer/model.py:347: UserWarning: enable_nested_tensor is True, but self.use_nested_tensor is False because encoder_layer.norm_first was True
  self.encoder = nn.TransformerEncoder(_make_encoder_layer(), num_layers=n_layers)
=== EXP-T283 shadow fold=1 lr0=1e-05 ===
=== EXP-T283 shadow fold=1 lr0=1e-04 ===
=== EXP-T283 shadow fold=1 lr0=1e-03 ===
=== EXP-T283 shadow fold=1 lr0=1e-02 ===
/workspace_developability_acquisition/developability_drilldown/models/antibody_transformer/model.py:347: UserWarning: enable_nested_tensor is True, but self.use_nested_tensor is False because encoder_layer.norm_first was True
  self.encoder = nn.TransformerEncoder(_make_encoder_layer(), num_layers=n_layers)
=== EXP-T283 shadow fold=2 lr0=1e-05 ===
=== EXP-T283 shadow fold=2 lr0=1e-04 ===
=== EXP-T283 shadow fold=2 lr0=1e-03 ===
=== EXP-T283 shadow fold=2 lr0=1e-02 ===
/workspace_developability_acquisition/developability_drilldown/models/antibody_transformer/model.py:347: UserWarning: enable_nested_tensor is True, but self.use_nested_tensor is False because encoder_layer.norm_first was True
  self.encoder = nn.TransformerEncoder(_make_encoder_layer(), num_layers=n_layers)
=== EXP-T283 shadow fold=3 lr0=1e-05 ===
=== EXP-T283 shadow fold=3 lr0=1e-04 ===
=== EXP-T283 shadow fold=3 lr0=1e-03 ===
=== EXP-T283 shadow fold=3 lr0=1e-02 ===
/workspace_developability_acquisition/developability_drilldown/models/antibody_transformer/model.py:347: UserWarning: enable_nested_tensor is True, but self.use_nested_tensor is False because encoder_layer.norm_first was True
  self.encoder = nn.TransformerEncoder(_make_encoder_layer(), num_layers=n_layers)
=== EXP-T283 shadow fold=4 lr0=1e-05 ===
=== EXP-T283 shadow fold=4 lr0=1e-04 ===
=== EXP-T283 shadow fold=4 lr0=1e-03 ===
=== EXP-T283 shadow fold=4 lr0=1e-02 ===
/workspace_developability_acquisition/developability_drilldown/models/antibody_transformer/model.py:347: UserWarning: enable_nested_tensor is True, but self.use_nested_tensor is False because encoder_layer.norm_first was True
  self.encoder = nn.TransformerEncoder(_make_encoder_layer(), num_layers=n_layers)
DONE EXP-T283 mean=3.446777
==== TRAIN EXP-T284 esmc600m/A/BASE ====
/workspace_developability_acquisition/developability_drilldown/models/antibody_transformer/model.py:347: UserWarning: enable_nested_tensor is True, but self.use_nested_tensor is False because encoder_layer.norm_first was True
  self.encoder = nn.TransformerEncoder(_make_encoder_layer(), num_layers=n_layers)
=== EXP-T284 primary fold=0 lr0=1e-05 ===
=== EXP-T284 primary fold=0 lr0=1e-04 ===
=== EXP-T284 primary fold=0 lr0=1e-03 ===
=== EXP-T284 primary fold=0 lr0=1e-02 ===
/workspace_developability_acquisition/developability_drilldown/models/antibody_transformer/model.py:347: UserWarning: enable_nested_tensor is True, but self.use_nested_tensor is False because encoder_layer.norm_first was True
  self.encoder = nn.TransformerEncoder(_make_encoder_layer(), num_layers=n_layers)
=== EXP-T284 primary fold=1 lr0=1e-05 ===
=== EXP-T284 primary fold=1 lr0=1e-04 ===
=== EXP-T284 primary fold=1 lr0=1e-03 ===
=== EXP-T284 primary fold=1 lr0=1e-02 ===
/workspace_developability_acquisition/developability_drilldown/models/antibody_transformer/model.py:347: UserWarning: enable_nested_tensor is True, but self.use_nested_tensor is False because encoder_layer.norm_first was True
  self.encoder = nn.TransformerEncoder(_make_encoder_layer(), num_layers=n_layers)
=== EXP-T284 primary fold=2 lr0=1e-05 ===
=== EXP-T284 primary fold=2 lr0=1e-04 ===
=== EXP-T284 primary fold=2 lr0=1e-03 ===
=== EXP-T284 primary fold=2 lr0=1e-02 ===
/workspace_developability_acquisition/developability_drilldown/models/antibody_transformer/model.py:347: UserWarning: enable_nested_tensor is True, but self.use_nested_tensor is False because encoder_layer.norm_first was True
  self.encoder = nn.TransformerEncoder(_make_encoder_layer(), num_layers=n_layers)
=== EXP-T284 primary fold=3 lr0=1e-05 ===
=== EXP-T284 primary fold=3 lr0=1e-04 ===
=== EXP-T284 primary fold=3 lr0=1e-03 ===
=== EXP-T284 primary fold=3 lr0=1e-02 ===
/workspace_developability_acquisition/developability_drilldown/models/antibody_transformer/model.py:347: UserWarning: enable_nested_tensor is True, but self.use_nested_tensor is False because encoder_layer.norm_first was True
  self.encoder = nn.TransformerEncoder(_make_encoder_layer(), num_layers=n_layers)
=== EXP-T284 primary fold=4 lr0=1e-05 ===
=== EXP-T284 primary fold=4 lr0=1e-04 ===
=== EXP-T284 primary fold=4 lr0=1e-03 ===
=== EXP-T284 primary fold=4 lr0=1e-02 ===
/workspace_developability_acquisition/developability_drilldown/models/antibody_transformer/model.py:347: UserWarning: enable_nested_tensor is True, but self.use_nested_tensor is False because encoder_layer.norm_first was True
  self.encoder = nn.TransformerEncoder(_make_encoder_layer(), num_layers=n_layers)
=== EXP-T284 shadow fold=0 lr0=1e-05 ===
=== EXP-T284 shadow fold=0 lr0=1e-04 ===
=== EXP-T284 shadow fold=0 lr0=1e-03 ===
=== EXP-T284 shadow fold=0 lr0=1e-02 ===
/workspace_developability_acquisition/developability_drilldown/models/antibody_transformer/model.py:347: UserWarning: enable_nested_tensor is True, but self.use_nested_tensor is False because encoder_layer.norm_first was True
  self.encoder = nn.TransformerEncoder(_make_encoder_layer(), num_layers=n_layers)
=== EXP-T284 shadow fold=1 lr0=1e-05 ===
=== EXP-T284 shadow fold=1 lr0=1e-04 ===
=== EXP-T284 shadow fold=1 lr0=1e-03 ===
=== EXP-T284 shadow fold=1 lr0=1e-02 ===
/workspace_developability_acquisition/developability_drilldown/models/antibody_transformer/model.py:347: UserWarning: enable_nested_tensor is True, but self.use_nested_tensor is False because encoder_layer.norm_first was True
  self.encoder = nn.TransformerEncoder(_make_encoder_layer(), num_layers=n_layers)
=== EXP-T284 shadow fold=2 lr0=1e-05 ===
=== EXP-T284 shadow fold=2 lr0=1e-04 ===
=== EXP-T284 shadow fold=2 lr0=1e-03 ===
=== EXP-T284 shadow fold=2 lr0=1e-02 ===
/workspace_developability_acquisition/developability_drilldown/models/antibody_transformer/model.py:347: UserWarning: enable_nested_tensor is True, but self.use_nested_tensor is False because encoder_layer.norm_first was True
  self.encoder = nn.TransformerEncoder(_make_encoder_layer(), num_layers=n_layers)
=== EXP-T284 shadow fold=3 lr0=1e-05 ===
=== EXP-T284 shadow fold=3 lr0=1e-04 ===
=== EXP-T284 shadow fold=3 lr0=1e-03 ===
=== EXP-T284 shadow fold=3 lr0=1e-02 ===
/workspace_developability_acquisition/developability_drilldown/models/antibody_transformer/model.py:347: UserWarning: enable_nested_tensor is True, but self.use_nested_tensor is False because encoder_layer.norm_first was True
  self.encoder = nn.TransformerEncoder(_make_encoder_layer(), num_layers=n_layers)
=== EXP-T284 shadow fold=4 lr0=1e-05 ===
=== EXP-T284 shadow fold=4 lr0=1e-04 ===
=== EXP-T284 shadow fold=4 lr0=1e-03 ===
=== EXP-T284 shadow fold=4 lr0=1e-02 ===
/workspace_developability_acquisition/developability_drilldown/models/antibody_transformer/model.py:347: UserWarning: enable_nested_tensor is True, but self.use_nested_tensor is False because encoder_layer.norm_first was True
  self.encoder = nn.TransformerEncoder(_make_encoder_layer(), num_layers=n_layers)
DONE EXP-T284 mean=3.245169
==== TRAIN EXP-T285 esmc600m/B1/BASE ====
/workspace_developability_acquisition/developability_drilldown/models/antibody_transformer/model.py:347: UserWarning: enable_nested_tensor is True, but self.use_nested_tensor is False because encoder_layer.norm_first was True
  self.encoder = nn.TransformerEncoder(_make_encoder_layer(), num_layers=n_layers)
=== EXP-T285 primary fold=0 lr0=1e-05 ===
=== EXP-T285 primary fold=0 lr0=1e-04 ===
=== EXP-T285 primary fold=0 lr0=1e-03 ===
=== EXP-T285 primary fold=0 lr0=1e-02 ===
/workspace_developability_acquisition/developability_drilldown/models/antibody_transformer/model.py:347: UserWarning: enable_nested_tensor is True, but self.use_nested_tensor is False because encoder_layer.norm_first was True
  self.encoder = nn.TransformerEncoder(_make_encoder_layer(), num_layers=n_layers)
=== EXP-T285 primary fold=1 lr0=1e-05 ===
=== EXP-T285 primary fold=1 lr0=1e-04 ===
=== EXP-T285 primary fold=1 lr0=1e-03 ===
=== EXP-T285 primary fold=1 lr0=1e-02 ===
/workspace_developability_acquisition/developability_drilldown/models/antibody_transformer/model.py:347: UserWarning: enable_nested_tensor is True, but self.use_nested_tensor is False because encoder_layer.norm_first was True
  self.encoder = nn.TransformerEncoder(_make_encoder_layer(), num_layers=n_layers)
=== EXP-T285 primary fold=2 lr0=1e-05 ===
=== EXP-T285 primary fold=2 lr0=1e-04 ===
=== EXP-T285 primary fold=2 lr0=1e-03 ===
=== EXP-T285 primary fold=2 lr0=1e-02 ===
/workspace_developability_acquisition/developability_drilldown/models/antibody_transformer/model.py:347: UserWarning: enable_nested_tensor is True, but self.use_nested_tensor is False because encoder_layer.norm_first was True
  self.encoder = nn.TransformerEncoder(_make_encoder_layer(), num_layers=n_layers)
=== EXP-T285 primary fold=3 lr0=1e-05 ===
=== EXP-T285 primary fold=3 lr0=1e-04 ===
=== EXP-T285 primary fold=3 lr0=1e-03 ===
=== EXP-T285 primary fold=3 lr0=1e-02 ===
/workspace_developability_acquisition/developability_drilldown/models/antibody_transformer/model.py:347: UserWarning: enable_nested_tensor is True, but self.use_nested_tensor is False because encoder_layer.norm_first was True
  self.encoder = nn.TransformerEncoder(_make_encoder_layer(), num_layers=n_layers)
=== EXP-T285 primary fold=4 lr0=1e-05 ===
=== EXP-T285 primary fold=4 lr0=1e-04 ===
=== EXP-T285 primary fold=4 lr0=1e-03 ===
=== EXP-T285 primary fold=4 lr0=1e-02 ===
/workspace_developability_acquisition/developability_drilldown/models/antibody_transformer/model.py:347: UserWarning: enable_nested_tensor is True, but self.use_nested_tensor is False because encoder_layer.norm_first was True
  self.encoder = nn.TransformerEncoder(_make_encoder_layer(), num_layers=n_layers)
=== EXP-T285 shadow fold=0 lr0=1e-05 ===
=== EXP-T285 shadow fold=0 lr0=1e-04 ===
=== EXP-T285 shadow fold=0 lr0=1e-03 ===
=== EXP-T285 shadow fold=0 lr0=1e-02 ===
/workspace_developability_acquisition/developability_drilldown/models/antibody_transformer/model.py:347: UserWarning: enable_nested_tensor is True, but self.use_nested_tensor is False because encoder_layer.norm_first was True
  self.encoder = nn.TransformerEncoder(_make_encoder_layer(), num_layers=n_layers)
=== EXP-T285 shadow fold=1 lr0=1e-05 ===
=== EXP-T285 shadow fold=1 lr0=1e-04 ===
=== EXP-T285 shadow fold=1 lr0=1e-03 ===
=== EXP-T285 shadow fold=1 lr0=1e-02 ===
/workspace_developability_acquisition/developability_drilldown/models/antibody_transformer/model.py:347: UserWarning: enable_nested_tensor is True, but self.use_nested_tensor is False because encoder_layer.norm_first was True
  self.encoder = nn.TransformerEncoder(_make_encoder_layer(), num_layers=n_layers)
=== EXP-T285 shadow fold=2 lr0=1e-05 ===
=== EXP-T285 shadow fold=2 lr0=1e-04 ===
=== EXP-T285 shadow fold=2 lr0=1e-03 ===
=== EXP-T285 shadow fold=2 lr0=1e-02 ===
/workspace_developability_acquisition/developability_drilldown/models/antibody_transformer/model.py:347: UserWarning: enable_nested_tensor is True, but self.use_nested_tensor is False because encoder_layer.norm_first was True
  self.encoder = nn.TransformerEncoder(_make_encoder_layer(), num_layers=n_layers)
=== EXP-T285 shadow fold=3 lr0=1e-05 ===
=== EXP-T285 shadow fold=3 lr0=1e-04 ===
=== EXP-T285 shadow fold=3 lr0=1e-03 ===
=== EXP-T285 shadow fold=3 lr0=1e-02 ===
/workspace_developability_acquisition/developability_drilldown/models/antibody_transformer/model.py:347: UserWarning: enable_nested_tensor is True, but self.use_nested_tensor is False because encoder_layer.norm_first was True
  self.encoder = nn.TransformerEncoder(_make_encoder_layer(), num_layers=n_layers)
=== EXP-T285 shadow fold=4 lr0=1e-05 ===
=== EXP-T285 shadow fold=4 lr0=1e-04 ===
=== EXP-T285 shadow fold=4 lr0=1e-03 ===
=== EXP-T285 shadow fold=4 lr0=1e-02 ===
/workspace_developability_acquisition/developability_drilldown/models/antibody_transformer/model.py:347: UserWarning: enable_nested_tensor is True, but self.use_nested_tensor is False because encoder_layer.norm_first was True
  self.encoder = nn.TransformerEncoder(_make_encoder_layer(), num_layers=n_layers)
DONE EXP-T285 mean=3.123026
==== TRAIN EXP-T286 esmc600m/B2/BASE ====
/workspace_developability_acquisition/developability_drilldown/models/antibody_transformer/model.py:347: UserWarning: enable_nested_tensor is True, but self.use_nested_tensor is False because encoder_layer.norm_first was True
  self.encoder = nn.TransformerEncoder(_make_encoder_layer(), num_layers=n_layers)
=== EXP-T286 primary fold=0 lr0=1e-05 ===
=== EXP-T286 primary fold=0 lr0=1e-04 ===
=== EXP-T286 primary fold=0 lr0=1e-03 ===
=== EXP-T286 primary fold=0 lr0=1e-02 ===
/workspace_developability_acquisition/developability_drilldown/models/antibody_transformer/model.py:347: UserWarning: enable_nested_tensor is True, but self.use_nested_tensor is False because encoder_layer.norm_first was True
  self.encoder = nn.TransformerEncoder(_make_encoder_layer(), num_layers=n_layers)
=== EXP-T286 primary fold=1 lr0=1e-05 ===
=== EXP-T286 primary fold=1 lr0=1e-04 ===
=== EXP-T286 primary fold=1 lr0=1e-03 ===
=== EXP-T286 primary fold=1 lr0=1e-02 ===
/workspace_developability_acquisition/developability_drilldown/models/antibody_transformer/model.py:347: UserWarning: enable_nested_tensor is True, but self.use_nested_tensor is False because encoder_layer.norm_first was True
  self.encoder = nn.TransformerEncoder(_make_encoder_layer(), num_layers=n_layers)
=== EXP-T286 primary fold=2 lr0=1e-05 ===
=== EXP-T286 primary fold=2 lr0=1e-04 ===
=== EXP-T286 primary fold=2 lr0=1e-03 ===
=== EXP-T286 primary fold=2 lr0=1e-02 ===
/workspace_developability_acquisition/developability_drilldown/models/antibody_transformer/model.py:347: UserWarning: enable_nested_tensor is True, but self.use_nested_tensor is False because encoder_layer.norm_first was True
  self.encoder = nn.TransformerEncoder(_make_encoder_layer(), num_layers=n_layers)
=== EXP-T286 primary fold=3 lr0=1e-05 ===
=== EXP-T286 primary fold=3 lr0=1e-04 ===
=== EXP-T286 primary fold=3 lr0=1e-03 ===
=== EXP-T286 primary fold=3 lr0=1e-02 ===
/workspace_developability_acquisition/developability_drilldown/models/antibody_transformer/model.py:347: UserWarning: enable_nested_tensor is True, but self.use_nested_tensor is False because encoder_layer.norm_first was True
  self.encoder = nn.TransformerEncoder(_make_encoder_layer(), num_layers=n_layers)
=== EXP-T286 primary fold=4 lr0=1e-05 ===
=== EXP-T286 primary fold=4 lr0=1e-04 ===
=== EXP-T286 primary fold=4 lr0=1e-03 ===
=== EXP-T286 primary fold=4 lr0=1e-02 ===
/workspace_developability_acquisition/developability_drilldown/models/antibody_transformer/model.py:347: UserWarning: enable_nested_tensor is True, but self.use_nested_tensor is False because encoder_layer.norm_first was True
  self.encoder = nn.TransformerEncoder(_make_encoder_layer(), num_layers=n_layers)
=== EXP-T286 shadow fold=0 lr0=1e-05 ===
=== EXP-T286 shadow fold=0 lr0=1e-04 ===
=== EXP-T286 shadow fold=0 lr0=1e-03 ===
=== EXP-T286 shadow fold=0 lr0=1e-02 ===
/workspace_developability_acquisition/developability_drilldown/models/antibody_transformer/model.py:347: UserWarning: enable_nested_tensor is True, but self.use_nested_tensor is False because encoder_layer.norm_first was True
  self.encoder = nn.TransformerEncoder(_make_encoder_layer(), num_layers=n_layers)
=== EXP-T286 shadow fold=1 lr0=1e-05 ===
=== EXP-T286 shadow fold=1 lr0=1e-04 ===
=== EXP-T286 shadow fold=1 lr0=1e-03 ===
=== EXP-T286 shadow fold=1 lr0=1e-02 ===
/workspace_developability_acquisition/developability_drilldown/models/antibody_transformer/model.py:347: UserWarning: enable_nested_tensor is True, but self.use_nested_tensor is False because encoder_layer.norm_first was True
  self.encoder = nn.TransformerEncoder(_make_encoder_layer(), num_layers=n_layers)
=== EXP-T286 shadow fold=2 lr0=1e-05 ===
=== EXP-T286 shadow fold=2 lr0=1e-04 ===
=== EXP-T286 shadow fold=2 lr0=1e-03 ===
=== EXP-T286 shadow fold=2 lr0=1e-02 ===
/workspace_developability_acquisition/developability_drilldown/models/antibody_transformer/model.py:347: UserWarning: enable_nested_tensor is True, but self.use_nested_tensor is False because encoder_layer.norm_first was True
  self.encoder = nn.TransformerEncoder(_make_encoder_layer(), num_layers=n_layers)
=== EXP-T286 shadow fold=3 lr0=1e-05 ===
=== EXP-T286 shadow fold=3 lr0=1e-04 ===
=== EXP-T286 shadow fold=3 lr0=1e-03 ===
=== EXP-T286 shadow fold=3 lr0=1e-02 ===
/workspace_developability_acquisition/developability_drilldown/models/antibody_transformer/model.py:347: UserWarning: enable_nested_tensor is True, but self.use_nested_tensor is False because encoder_layer.norm_first was True
  self.encoder = nn.TransformerEncoder(_make_encoder_layer(), num_layers=n_layers)
=== EXP-T286 shadow fold=4 lr0=1e-05 ===
=== EXP-T286 shadow fold=4 lr0=1e-04 ===
=== EXP-T286 shadow fold=4 lr0=1e-03 ===
=== EXP-T286 shadow fold=4 lr0=1e-02 ===
/workspace_developability_acquisition/developability_drilldown/models/antibody_transformer/model.py:347: UserWarning: enable_nested_tensor is True, but self.use_nested_tensor is False because encoder_layer.norm_first was True
  self.encoder = nn.TransformerEncoder(_make_encoder_layer(), num_layers=n_layers)
DONE EXP-T286 mean=3.297177
==== TRAIN EXP-T287 esmc600m/C/BASE ====
/workspace_developability_acquisition/developability_drilldown/models/antibody_transformer/model.py:347: UserWarning: enable_nested_tensor is True, but self.use_nested_tensor is False because encoder_layer.norm_first was True
  self.encoder = nn.TransformerEncoder(_make_encoder_layer(), num_layers=n_layers)
=== EXP-T287 primary fold=0 lr0=1e-05 ===
=== EXP-T287 primary fold=0 lr0=1e-04 ===
=== EXP-T287 primary fold=0 lr0=1e-03 ===
=== EXP-T287 primary fold=0 lr0=1e-02 ===
/workspace_developability_acquisition/developability_drilldown/models/antibody_transformer/model.py:347: UserWarning: enable_nested_tensor is True, but self.use_nested_tensor is False because encoder_layer.norm_first was True
  self.encoder = nn.TransformerEncoder(_make_encoder_layer(), num_layers=n_layers)
=== EXP-T287 primary fold=1 lr0=1e-05 ===
=== EXP-T287 primary fold=1 lr0=1e-04 ===
=== EXP-T287 primary fold=1 lr0=1e-03 ===
=== EXP-T287 primary fold=1 lr0=1e-02 ===
/workspace_developability_acquisition/developability_drilldown/models/antibody_transformer/model.py:347: UserWarning: enable_nested_tensor is True, but self.use_nested_tensor is False because encoder_layer.norm_first was True
  self.encoder = nn.TransformerEncoder(_make_encoder_layer(), num_layers=n_layers)
=== EXP-T287 primary fold=2 lr0=1e-05 ===
=== EXP-T287 primary fold=2 lr0=1e-04 ===
=== EXP-T287 primary fold=2 lr0=1e-03 ===
=== EXP-T287 primary fold=2 lr0=1e-02 ===
/workspace_developability_acquisition/developability_drilldown/models/antibody_transformer/model.py:347: UserWarning: enable_nested_tensor is True, but self.use_nested_tensor is False because encoder_layer.norm_first was True
  self.encoder = nn.TransformerEncoder(_make_encoder_layer(), num_layers=n_layers)
=== EXP-T287 primary fold=3 lr0=1e-05 ===
=== EXP-T287 primary fold=3 lr0=1e-04 ===
=== EXP-T287 primary fold=3 lr0=1e-03 ===
=== EXP-T287 primary fold=3 lr0=1e-02 ===
/workspace_developability_acquisition/developability_drilldown/models/antibody_transformer/model.py:347: UserWarning: enable_nested_tensor is True, but self.use_nested_tensor is False because encoder_layer.norm_first was True
  self.encoder = nn.TransformerEncoder(_make_encoder_layer(), num_layers=n_layers)
=== EXP-T287 primary fold=4 lr0=1e-05 ===
=== EXP-T287 primary fold=4 lr0=1e-04 ===
=== EXP-T287 primary fold=4 lr0=1e-03 ===
=== EXP-T287 primary fold=4 lr0=1e-02 ===
/workspace_developability_acquisition/developability_drilldown/models/antibody_transformer/model.py:347: UserWarning: enable_nested_tensor is True, but self.use_nested_tensor is False because encoder_layer.norm_first was True
  self.encoder = nn.TransformerEncoder(_make_encoder_layer(), num_layers=n_layers)
=== EXP-T287 shadow fold=0 lr0=1e-05 ===
=== EXP-T287 shadow fold=0 lr0=1e-04 ===
=== EXP-T287 shadow fold=0 lr0=1e-03 ===
=== EXP-T287 shadow fold=0 lr0=1e-02 ===
/workspace_developability_acquisition/developability_drilldown/models/antibody_transformer/model.py:347: UserWarning: enable_nested_tensor is True, but self.use_nested_tensor is False because encoder_layer.norm_first was True
  self.encoder = nn.TransformerEncoder(_make_encoder_layer(), num_layers=n_layers)
=== EXP-T287 shadow fold=1 lr0=1e-05 ===
=== EXP-T287 shadow fold=1 lr0=1e-04 ===
=== EXP-T287 shadow fold=1 lr0=1e-03 ===
=== EXP-T287 shadow fold=1 lr0=1e-02 ===
/workspace_developability_acquisition/developability_drilldown/models/antibody_transformer/model.py:347: UserWarning: enable_nested_tensor is True, but self.use_nested_tensor is False because encoder_layer.norm_first was True
  self.encoder = nn.TransformerEncoder(_make_encoder_layer(), num_layers=n_layers)
=== EXP-T287 shadow fold=2 lr0=1e-05 ===
=== EXP-T287 shadow fold=2 lr0=1e-04 ===
=== EXP-T287 shadow fold=2 lr0=1e-03 ===
=== EXP-T287 shadow fold=2 lr0=1e-02 ===
/workspace_developability_acquisition/developability_drilldown/models/antibody_transformer/model.py:347: UserWarning: enable_nested_tensor is True, but self.use_nested_tensor is False because encoder_layer.norm_first was True
  self.encoder = nn.TransformerEncoder(_make_encoder_layer(), num_layers=n_layers)
=== EXP-T287 shadow fold=3 lr0=1e-05 ===
=== EXP-T287 shadow fold=3 lr0=1e-04 ===
=== EXP-T287 shadow fold=3 lr0=1e-03 ===
=== EXP-T287 shadow fold=3 lr0=1e-02 ===
/workspace_developability_acquisition/developability_drilldown/models/antibody_transformer/model.py:347: UserWarning: enable_nested_tensor is True, but self.use_nested_tensor is False because encoder_layer.norm_first was True
  self.encoder = nn.TransformerEncoder(_make_encoder_layer(), num_layers=n_layers)
=== EXP-T287 shadow fold=4 lr0=1e-05 ===
=== EXP-T287 shadow fold=4 lr0=1e-04 ===
=== EXP-T287 shadow fold=4 lr0=1e-03 ===
=== EXP-T287 shadow fold=4 lr0=1e-02 ===
/workspace_developability_acquisition/developability_drilldown/models/antibody_transformer/model.py:347: UserWarning: enable_nested_tensor is True, but self.use_nested_tensor is False because encoder_layer.norm_first was True
  self.encoder = nn.TransformerEncoder(_make_encoder_layer(), num_layers=n_layers)
DONE EXP-T287 mean=3.184733
==== TRAIN EXP-T288 esmc600m/D/BASE ====
/workspace_developability_acquisition/developability_drilldown/models/antibody_transformer/model.py:347: UserWarning: enable_nested_tensor is True, but self.use_nested_tensor is False because encoder_layer.norm_first was True
  self.encoder = nn.TransformerEncoder(_make_encoder_layer(), num_layers=n_layers)
=== EXP-T288 primary fold=0 lr0=1e-05 ===
=== EXP-T288 primary fold=0 lr0=1e-04 ===
=== EXP-T288 primary fold=0 lr0=1e-03 ===
=== EXP-T288 primary fold=0 lr0=1e-02 ===
/workspace_developability_acquisition/developability_drilldown/models/antibody_transformer/model.py:347: UserWarning: enable_nested_tensor is True, but self.use_nested_tensor is False because encoder_layer.norm_first was True
  self.encoder = nn.TransformerEncoder(_make_encoder_layer(), num_layers=n_layers)
=== EXP-T288 primary fold=1 lr0=1e-05 ===
=== EXP-T288 primary fold=1 lr0=1e-04 ===
=== EXP-T288 primary fold=1 lr0=1e-03 ===
=== EXP-T288 primary fold=1 lr0=1e-02 ===
/workspace_developability_acquisition/developability_drilldown/models/antibody_transformer/model.py:347: UserWarning: enable_nested_tensor is True, but self.use_nested_tensor is False because encoder_layer.norm_first was True
  self.encoder = nn.TransformerEncoder(_make_encoder_layer(), num_layers=n_layers)
=== EXP-T288 primary fold=2 lr0=1e-05 ===
=== EXP-T288 primary fold=2 lr0=1e-04 ===
=== EXP-T288 primary fold=2 lr0=1e-03 ===
=== EXP-T288 primary fold=2 lr0=1e-02 ===
/workspace_developability_acquisition/developability_drilldown/models/antibody_transformer/model.py:347: UserWarning: enable_nested_tensor is True, but self.use_nested_tensor is False because encoder_layer.norm_first was True
  self.encoder = nn.TransformerEncoder(_make_encoder_layer(), num_layers=n_layers)
=== EXP-T288 primary fold=3 lr0=1e-05 ===
=== EXP-T288 primary fold=3 lr0=1e-04 ===
=== EXP-T288 primary fold=3 lr0=1e-03 ===
=== EXP-T288 primary fold=3 lr0=1e-02 ===
/workspace_developability_acquisition/developability_drilldown/models/antibody_transformer/model.py:347: UserWarning: enable_nested_tensor is True, but self.use_nested_tensor is False because encoder_layer.norm_first was True
  self.encoder = nn.TransformerEncoder(_make_encoder_layer(), num_layers=n_layers)
=== EXP-T288 primary fold=4 lr0=1e-05 ===
=== EXP-T288 primary fold=4 lr0=1e-04 ===
=== EXP-T288 primary fold=4 lr0=1e-03 ===
=== EXP-T288 primary fold=4 lr0=1e-02 ===
/workspace_developability_acquisition/developability_drilldown/models/antibody_transformer/model.py:347: UserWarning: enable_nested_tensor is True, but self.use_nested_tensor is False because encoder_layer.norm_first was True
  self.encoder = nn.TransformerEncoder(_make_encoder_layer(), num_layers=n_layers)
=== EXP-T288 shadow fold=0 lr0=1e-05 ===
=== EXP-T288 shadow fold=0 lr0=1e-04 ===
=== EXP-T288 shadow fold=0 lr0=1e-03 ===
=== EXP-T288 shadow fold=0 lr0=1e-02 ===
/workspace_developability_acquisition/developability_drilldown/models/antibody_transformer/model.py:347: UserWarning: enable_nested_tensor is True, but self.use_nested_tensor is False because encoder_layer.norm_first was True
  self.encoder = nn.TransformerEncoder(_make_encoder_layer(), num_layers=n_layers)
=== EXP-T288 shadow fold=1 lr0=1e-05 ===
=== EXP-T288 shadow fold=1 lr0=1e-04 ===
=== EXP-T288 shadow fold=1 lr0=1e-03 ===
=== EXP-T288 shadow fold=1 lr0=1e-02 ===
/workspace_developability_acquisition/developability_drilldown/models/antibody_transformer/model.py:347: UserWarning: enable_nested_tensor is True, but self.use_nested_tensor is False because encoder_layer.norm_first was True
  self.encoder = nn.TransformerEncoder(_make_encoder_layer(), num_layers=n_layers)
=== EXP-T288 shadow fold=2 lr0=1e-05 ===
=== EXP-T288 shadow fold=2 lr0=1e-04 ===
=== EXP-T288 shadow fold=2 lr0=1e-03 ===
=== EXP-T288 shadow fold=2 lr0=1e-02 ===
/workspace_developability_acquisition/developability_drilldown/models/antibody_transformer/model.py:347: UserWarning: enable_nested_tensor is True, but self.use_nested_tensor is False because encoder_layer.norm_first was True
  self.encoder = nn.TransformerEncoder(_make_encoder_layer(), num_layers=n_layers)
=== EXP-T288 shadow fold=3 lr0=1e-05 ===
=== EXP-T288 shadow fold=3 lr0=1e-04 ===
=== EXP-T288 shadow fold=3 lr0=1e-03 ===
=== EXP-T288 shadow fold=3 lr0=1e-02 ===
/workspace_developability_acquisition/developability_drilldown/models/antibody_transformer/model.py:347: UserWarning: enable_nested_tensor is True, but self.use_nested_tensor is False because encoder_layer.norm_first was True
  self.encoder = nn.TransformerEncoder(_make_encoder_layer(), num_layers=n_layers)
=== EXP-T288 shadow fold=4 lr0=1e-05 ===
=== EXP-T288 shadow fold=4 lr0=1e-04 ===
=== EXP-T288 shadow fold=4 lr0=1e-03 ===
=== EXP-T288 shadow fold=4 lr0=1e-02 ===
/workspace_developability_acquisition/developability_drilldown/models/antibody_transformer/model.py:347: UserWarning: enable_nested_tensor is True, but self.use_nested_tensor is False because encoder_layer.norm_first was True
  self.encoder = nn.TransformerEncoder(_make_encoder_layer(), num_layers=n_layers)
DONE EXP-T288 mean=3.336373
==== TRAIN EXP-T289 esmc600m/A/IMGT ====
/workspace_developability_acquisition/developability_drilldown/models/antibody_transformer/model.py:347: UserWarning: enable_nested_tensor is True, but self.use_nested_tensor is False because encoder_layer.norm_first was True
  self.encoder = nn.TransformerEncoder(_make_encoder_layer(), num_layers=n_layers)
=== EXP-T289 primary fold=0 lr0=1e-05 ===
=== EXP-T289 primary fold=0 lr0=1e-04 ===
=== EXP-T289 primary fold=0 lr0=1e-03 ===
=== EXP-T289 primary fold=0 lr0=1e-02 ===
/workspace_developability_acquisition/developability_drilldown/models/antibody_transformer/model.py:347: UserWarning: enable_nested_tensor is True, but self.use_nested_tensor is False because encoder_layer.norm_first was True
  self.encoder = nn.TransformerEncoder(_make_encoder_layer(), num_layers=n_layers)
=== EXP-T289 primary fold=1 lr0=1e-05 ===
=== EXP-T289 primary fold=1 lr0=1e-04 ===
=== EXP-T289 primary fold=1 lr0=1e-03 ===
=== EXP-T289 primary fold=1 lr0=1e-02 ===
/workspace_developability_acquisition/developability_drilldown/models/antibody_transformer/model.py:347: UserWarning: enable_nested_tensor is True, but self.use_nested_tensor is False because encoder_layer.norm_first was True
  self.encoder = nn.TransformerEncoder(_make_encoder_layer(), num_layers=n_layers)
=== EXP-T289 primary fold=2 lr0=1e-05 ===
=== EXP-T289 primary fold=2 lr0=1e-04 ===
=== EXP-T289 primary fold=2 lr0=1e-03 ===
=== EXP-T289 primary fold=2 lr0=1e-02 ===
/workspace_developability_acquisition/developability_drilldown/models/antibody_transformer/model.py:347: UserWarning: enable_nested_tensor is True, but self.use_nested_tensor is False because encoder_layer.norm_first was True
  self.encoder = nn.TransformerEncoder(_make_encoder_layer(), num_layers=n_layers)
=== EXP-T289 primary fold=3 lr0=1e-05 ===
=== EXP-T289 primary fold=3 lr0=1e-04 ===
=== EXP-T289 primary fold=3 lr0=1e-03 ===
=== EXP-T289 primary fold=3 lr0=1e-02 ===
/workspace_developability_acquisition/developability_drilldown/models/antibody_transformer/model.py:347: UserWarning: enable_nested_tensor is True, but self.use_nested_tensor is False because encoder_layer.norm_first was True
  self.encoder = nn.TransformerEncoder(_make_encoder_layer(), num_layers=n_layers)
=== EXP-T289 primary fold=4 lr0=1e-05 ===
=== EXP-T289 primary fold=4 lr0=1e-04 ===
=== EXP-T289 primary fold=4 lr0=1e-03 ===
=== EXP-T289 primary fold=4 lr0=1e-02 ===
/workspace_developability_acquisition/developability_drilldown/models/antibody_transformer/model.py:347: UserWarning: enable_nested_tensor is True, but self.use_nested_tensor is False because encoder_layer.norm_first was True
  self.encoder = nn.TransformerEncoder(_make_encoder_layer(), num_layers=n_layers)
=== EXP-T289 shadow fold=0 lr0=1e-05 ===
=== EXP-T289 shadow fold=0 lr0=1e-04 ===
=== EXP-T289 shadow fold=0 lr0=1e-03 ===
=== EXP-T289 shadow fold=0 lr0=1e-02 ===
/workspace_developability_acquisition/developability_drilldown/models/antibody_transformer/model.py:347: UserWarning: enable_nested_tensor is True, but self.use_nested_tensor is False because encoder_layer.norm_first was True
  self.encoder = nn.TransformerEncoder(_make_encoder_layer(), num_layers=n_layers)
=== EXP-T289 shadow fold=1 lr0=1e-05 ===
=== EXP-T289 shadow fold=1 lr0=1e-04 ===
=== EXP-T289 shadow fold=1 lr0=1e-03 ===
=== EXP-T289 shadow fold=1 lr0=1e-02 ===
/workspace_developability_acquisition/developability_drilldown/models/antibody_transformer/model.py:347: UserWarning: enable_nested_tensor is True, but self.use_nested_tensor is False because encoder_layer.norm_first was True
  self.encoder = nn.TransformerEncoder(_make_encoder_layer(), num_layers=n_layers)
=== EXP-T289 shadow fold=2 lr0=1e-05 ===
=== EXP-T289 shadow fold=2 lr0=1e-04 ===
=== EXP-T289 shadow fold=2 lr0=1e-03 ===
=== EXP-T289 shadow fold=2 lr0=1e-02 ===
/workspace_developability_acquisition/developability_drilldown/models/antibody_transformer/model.py:347: UserWarning: enable_nested_tensor is True, but self.use_nested_tensor is False because encoder_layer.norm_first was True
  self.encoder = nn.TransformerEncoder(_make_encoder_layer(), num_layers=n_layers)
=== EXP-T289 shadow fold=3 lr0=1e-05 ===
=== EXP-T289 shadow fold=3 lr0=1e-04 ===
=== EXP-T289 shadow fold=3 lr0=1e-03 ===
=== EXP-T289 shadow fold=3 lr0=1e-02 ===
/workspace_developability_acquisition/developability_drilldown/models/antibody_transformer/model.py:347: UserWarning: enable_nested_tensor is True, but self.use_nested_tensor is False because encoder_layer.norm_first was True
  self.encoder = nn.TransformerEncoder(_make_encoder_layer(), num_layers=n_layers)
=== EXP-T289 shadow fold=4 lr0=1e-05 ===
=== EXP-T289 shadow fold=4 lr0=1e-04 ===
=== EXP-T289 shadow fold=4 lr0=1e-03 ===
=== EXP-T289 shadow fold=4 lr0=1e-02 ===
/workspace_developability_acquisition/developability_drilldown/models/antibody_transformer/model.py:347: UserWarning: enable_nested_tensor is True, but self.use_nested_tensor is False because encoder_layer.norm_first was True
  self.encoder = nn.TransformerEncoder(_make_encoder_layer(), num_layers=n_layers)
DONE EXP-T289 mean=3.321652
==== TRAIN EXP-T290 esmc600m/B1/IMGT ====
/workspace_developability_acquisition/developability_drilldown/models/antibody_transformer/model.py:347: UserWarning: enable_nested_tensor is True, but self.use_nested_tensor is False because encoder_layer.norm_first was True
  self.encoder = nn.TransformerEncoder(_make_encoder_layer(), num_layers=n_layers)
=== EXP-T290 primary fold=0 lr0=1e-05 ===
=== EXP-T290 primary fold=0 lr0=1e-04 ===
=== EXP-T290 primary fold=0 lr0=1e-03 ===
=== EXP-T290 primary fold=0 lr0=1e-02 ===
/workspace_developability_acquisition/developability_drilldown/models/antibody_transformer/model.py:347: UserWarning: enable_nested_tensor is True, but self.use_nested_tensor is False because encoder_layer.norm_first was True
  self.encoder = nn.TransformerEncoder(_make_encoder_layer(), num_layers=n_layers)
=== EXP-T290 primary fold=1 lr0=1e-05 ===
=== EXP-T290 primary fold=1 lr0=1e-04 ===
=== EXP-T290 primary fold=1 lr0=1e-03 ===
=== EXP-T290 primary fold=1 lr0=1e-02 ===
/workspace_developability_acquisition/developability_drilldown/models/antibody_transformer/model.py:347: UserWarning: enable_nested_tensor is True, but self.use_nested_tensor is False because encoder_layer.norm_first was True
  self.encoder = nn.TransformerEncoder(_make_encoder_layer(), num_layers=n_layers)
=== EXP-T290 primary fold=2 lr0=1e-05 ===
=== EXP-T290 primary fold=2 lr0=1e-04 ===
=== EXP-T290 primary fold=2 lr0=1e-03 ===
=== EXP-T290 primary fold=2 lr0=1e-02 ===
/workspace_developability_acquisition/developability_drilldown/models/antibody_transformer/model.py:347: UserWarning: enable_nested_tensor is True, but self.use_nested_tensor is False because encoder_layer.norm_first was True
  self.encoder = nn.TransformerEncoder(_make_encoder_layer(), num_layers=n_layers)
=== EXP-T290 primary fold=3 lr0=1e-05 ===
=== EXP-T290 primary fold=3 lr0=1e-04 ===
=== EXP-T290 primary fold=3 lr0=1e-03 ===
=== EXP-T290 primary fold=3 lr0=1e-02 ===
/workspace_developability_acquisition/developability_drilldown/models/antibody_transformer/model.py:347: UserWarning: enable_nested_tensor is True, but self.use_nested_tensor is False because encoder_layer.norm_first was True
  self.encoder = nn.TransformerEncoder(_make_encoder_layer(), num_layers=n_layers)
=== EXP-T290 primary fold=4 lr0=1e-05 ===
=== EXP-T290 primary fold=4 lr0=1e-04 ===
=== EXP-T290 primary fold=4 lr0=1e-03 ===
=== EXP-T290 primary fold=4 lr0=1e-02 ===
/workspace_developability_acquisition/developability_drilldown/models/antibody_transformer/model.py:347: UserWarning: enable_nested_tensor is True, but self.use_nested_tensor is False because encoder_layer.norm_first was True
  self.encoder = nn.TransformerEncoder(_make_encoder_layer(), num_layers=n_layers)
=== EXP-T290 shadow fold=0 lr0=1e-05 ===
=== EXP-T290 shadow fold=0 lr0=1e-04 ===
=== EXP-T290 shadow fold=0 lr0=1e-03 ===
=== EXP-T290 shadow fold=0 lr0=1e-02 ===
/workspace_developability_acquisition/developability_drilldown/models/antibody_transformer/model.py:347: UserWarning: enable_nested_tensor is True, but self.use_nested_tensor is False because encoder_layer.norm_first was True
  self.encoder = nn.TransformerEncoder(_make_encoder_layer(), num_layers=n_layers)
=== EXP-T290 shadow fold=1 lr0=1e-05 ===
=== EXP-T290 shadow fold=1 lr0=1e-04 ===
=== EXP-T290 shadow fold=1 lr0=1e-03 ===
=== EXP-T290 shadow fold=1 lr0=1e-02 ===
/workspace_developability_acquisition/developability_drilldown/models/antibody_transformer/model.py:347: UserWarning: enable_nested_tensor is True, but self.use_nested_tensor is False because encoder_layer.norm_first was True
  self.encoder = nn.TransformerEncoder(_make_encoder_layer(), num_layers=n_layers)
=== EXP-T290 shadow fold=2 lr0=1e-05 ===
=== EXP-T290 shadow fold=2 lr0=1e-04 ===
=== EXP-T290 shadow fold=2 lr0=1e-03 ===
=== EXP-T290 shadow fold=2 lr0=1e-02 ===
/workspace_developability_acquisition/developability_drilldown/models/antibody_transformer/model.py:347: UserWarning: enable_nested_tensor is True, but self.use_nested_tensor is False because encoder_layer.norm_first was True
  self.encoder = nn.TransformerEncoder(_make_encoder_layer(), num_layers=n_layers)
=== EXP-T290 shadow fold=3 lr0=1e-05 ===
=== EXP-T290 shadow fold=3 lr0=1e-04 ===
=== EXP-T290 shadow fold=3 lr0=1e-03 ===
=== EXP-T290 shadow fold=3 lr0=1e-02 ===
/workspace_developability_acquisition/developability_drilldown/models/antibody_transformer/model.py:347: UserWarning: enable_nested_tensor is True, but self.use_nested_tensor is False because encoder_layer.norm_first was True
  self.encoder = nn.TransformerEncoder(_make_encoder_layer(), num_layers=n_layers)
=== EXP-T290 shadow fold=4 lr0=1e-05 ===
=== EXP-T290 shadow fold=4 lr0=1e-04 ===
=== EXP-T290 shadow fold=4 lr0=1e-03 ===
=== EXP-T290 shadow fold=4 lr0=1e-02 ===
/workspace_developability_acquisition/developability_drilldown/models/antibody_transformer/model.py:347: UserWarning: enable_nested_tensor is True, but self.use_nested_tensor is False because encoder_layer.norm_first was True
  self.encoder = nn.TransformerEncoder(_make_encoder_layer(), num_layers=n_layers)
DONE EXP-T290 mean=3.366917
==== TRAIN EXP-T291 esmc600m/B2/IMGT ====
/workspace_developability_acquisition/developability_drilldown/models/antibody_transformer/model.py:347: UserWarning: enable_nested_tensor is True, but self.use_nested_tensor is False because encoder_layer.norm_first was True
  self.encoder = nn.TransformerEncoder(_make_encoder_layer(), num_layers=n_layers)
=== EXP-T291 primary fold=0 lr0=1e-05 ===
=== EXP-T291 primary fold=0 lr0=1e-04 ===
=== EXP-T291 primary fold=0 lr0=1e-03 ===
=== EXP-T291 primary fold=0 lr0=1e-02 ===
/workspace_developability_acquisition/developability_drilldown/models/antibody_transformer/model.py:347: UserWarning: enable_nested_tensor is True, but self.use_nested_tensor is False because encoder_layer.norm_first was True
  self.encoder = nn.TransformerEncoder(_make_encoder_layer(), num_layers=n_layers)
=== EXP-T291 primary fold=1 lr0=1e-05 ===
=== EXP-T291 primary fold=1 lr0=1e-04 ===
=== EXP-T291 primary fold=1 lr0=1e-03 ===
=== EXP-T291 primary fold=1 lr0=1e-02 ===
/workspace_developability_acquisition/developability_drilldown/models/antibody_transformer/model.py:347: UserWarning: enable_nested_tensor is True, but self.use_nested_tensor is False because encoder_layer.norm_first was True
  self.encoder = nn.TransformerEncoder(_make_encoder_layer(), num_layers=n_layers)
=== EXP-T291 primary fold=2 lr0=1e-05 ===
=== EXP-T291 primary fold=2 lr0=1e-04 ===
=== EXP-T291 primary fold=2 lr0=1e-03 ===
=== EXP-T291 primary fold=2 lr0=1e-02 ===
/workspace_developability_acquisition/developability_drilldown/models/antibody_transformer/model.py:347: UserWarning: enable_nested_tensor is True, but self.use_nested_tensor is False because encoder_layer.norm_first was True
  self.encoder = nn.TransformerEncoder(_make_encoder_layer(), num_layers=n_layers)
=== EXP-T291 primary fold=3 lr0=1e-05 ===
=== EXP-T291 primary fold=3 lr0=1e-04 ===
=== EXP-T291 primary fold=3 lr0=1e-03 ===
=== EXP-T291 primary fold=3 lr0=1e-02 ===
/workspace_developability_acquisition/developability_drilldown/models/antibody_transformer/model.py:347: UserWarning: enable_nested_tensor is True, but self.use_nested_tensor is False because encoder_layer.norm_first was True
  self.encoder = nn.TransformerEncoder(_make_encoder_layer(), num_layers=n_layers)
=== EXP-T291 primary fold=4 lr0=1e-05 ===
=== EXP-T291 primary fold=4 lr0=1e-04 ===
=== EXP-T291 primary fold=4 lr0=1e-03 ===
=== EXP-T291 primary fold=4 lr0=1e-02 ===
/workspace_developability_acquisition/developability_drilldown/models/antibody_transformer/model.py:347: UserWarning: enable_nested_tensor is True, but self.use_nested_tensor is False because encoder_layer.norm_first was True
  self.encoder = nn.TransformerEncoder(_make_encoder_layer(), num_layers=n_layers)
=== EXP-T291 shadow fold=0 lr0=1e-05 ===
=== EXP-T291 shadow fold=0 lr0=1e-04 ===
=== EXP-T291 shadow fold=0 lr0=1e-03 ===
=== EXP-T291 shadow fold=0 lr0=1e-02 ===
/workspace_developability_acquisition/developability_drilldown/models/antibody_transformer/model.py:347: UserWarning: enable_nested_tensor is True, but self.use_nested_tensor is False because encoder_layer.norm_first was True
  self.encoder = nn.TransformerEncoder(_make_encoder_layer(), num_layers=n_layers)
=== EXP-T291 shadow fold=1 lr0=1e-05 ===
=== EXP-T291 shadow fold=1 lr0=1e-04 ===
=== EXP-T291 shadow fold=1 lr0=1e-03 ===
=== EXP-T291 shadow fold=1 lr0=1e-02 ===
/workspace_developability_acquisition/developability_drilldown/models/antibody_transformer/model.py:347: UserWarning: enable_nested_tensor is True, but self.use_nested_tensor is False because encoder_layer.norm_first was True
  self.encoder = nn.TransformerEncoder(_make_encoder_layer(), num_layers=n_layers)
=== EXP-T291 shadow fold=2 lr0=1e-05 ===
=== EXP-T291 shadow fold=2 lr0=1e-04 ===
=== EXP-T291 shadow fold=2 lr0=1e-03 ===
=== EXP-T291 shadow fold=2 lr0=1e-02 ===
/workspace_developability_acquisition/developability_drilldown/models/antibody_transformer/model.py:347: UserWarning: enable_nested_tensor is True, but self.use_nested_tensor is False because encoder_layer.norm_first was True
  self.encoder = nn.TransformerEncoder(_make_encoder_layer(), num_layers=n_layers)
=== EXP-T291 shadow fold=3 lr0=1e-05 ===
=== EXP-T291 shadow fold=3 lr0=1e-04 ===
=== EXP-T291 shadow fold=3 lr0=1e-03 ===
=== EXP-T291 shadow fold=3 lr0=1e-02 ===
/workspace_developability_acquisition/developability_drilldown/models/antibody_transformer/model.py:347: UserWarning: enable_nested_tensor is True, but self.use_nested_tensor is False because encoder_layer.norm_first was True
  self.encoder = nn.TransformerEncoder(_make_encoder_layer(), num_layers=n_layers)
=== EXP-T291 shadow fold=4 lr0=1e-05 ===
=== EXP-T291 shadow fold=4 lr0=1e-04 ===
=== EXP-T291 shadow fold=4 lr0=1e-03 ===
=== EXP-T291 shadow fold=4 lr0=1e-02 ===
/workspace_developability_acquisition/developability_drilldown/models/antibody_transformer/model.py:347: UserWarning: enable_nested_tensor is True, but self.use_nested_tensor is False because encoder_layer.norm_first was True
  self.encoder = nn.TransformerEncoder(_make_encoder_layer(), num_layers=n_layers)
DONE EXP-T291 mean=3.382978
==== TRAIN EXP-T292 esmc600m/C/IMGT ====
/workspace_developability_acquisition/developability_drilldown/models/antibody_transformer/model.py:347: UserWarning: enable_nested_tensor is True, but self.use_nested_tensor is False because encoder_layer.norm_first was True
  self.encoder = nn.TransformerEncoder(_make_encoder_layer(), num_layers=n_layers)
=== EXP-T292 primary fold=0 lr0=1e-05 ===
=== EXP-T292 primary fold=0 lr0=1e-04 ===
=== EXP-T292 primary fold=0 lr0=1e-03 ===
=== EXP-T292 primary fold=0 lr0=1e-02 ===
/workspace_developability_acquisition/developability_drilldown/models/antibody_transformer/model.py:347: UserWarning: enable_nested_tensor is True, but self.use_nested_tensor is False because encoder_layer.norm_first was True
  self.encoder = nn.TransformerEncoder(_make_encoder_layer(), num_layers=n_layers)
=== EXP-T292 primary fold=1 lr0=1e-05 ===
=== EXP-T292 primary fold=1 lr0=1e-04 ===
=== EXP-T292 primary fold=1 lr0=1e-03 ===
=== EXP-T292 primary fold=1 lr0=1e-02 ===
/workspace_developability_acquisition/developability_drilldown/models/antibody_transformer/model.py:347: UserWarning: enable_nested_tensor is True, but self.use_nested_tensor is False because encoder_layer.norm_first was True
  self.encoder = nn.TransformerEncoder(_make_encoder_layer(), num_layers=n_layers)
=== EXP-T292 primary fold=2 lr0=1e-05 ===
=== EXP-T292 primary fold=2 lr0=1e-04 ===
=== EXP-T292 primary fold=2 lr0=1e-03 ===
=== EXP-T292 primary fold=2 lr0=1e-02 ===
/workspace_developability_acquisition/developability_drilldown/models/antibody_transformer/model.py:347: UserWarning: enable_nested_tensor is True, but self.use_nested_tensor is False because encoder_layer.norm_first was True
  self.encoder = nn.TransformerEncoder(_make_encoder_layer(), num_layers=n_layers)
=== EXP-T292 primary fold=3 lr0=1e-05 ===
=== EXP-T292 primary fold=3 lr0=1e-04 ===
=== EXP-T292 primary fold=3 lr0=1e-03 ===
=== EXP-T292 primary fold=3 lr0=1e-02 ===
/workspace_developability_acquisition/developability_drilldown/models/antibody_transformer/model.py:347: UserWarning: enable_nested_tensor is True, but self.use_nested_tensor is False because encoder_layer.norm_first was True
  self.encoder = nn.TransformerEncoder(_make_encoder_layer(), num_layers=n_layers)
=== EXP-T292 primary fold=4 lr0=1e-05 ===
=== EXP-T292 primary fold=4 lr0=1e-04 ===
=== EXP-T292 primary fold=4 lr0=1e-03 ===
=== EXP-T292 primary fold=4 lr0=1e-02 ===
/workspace_developability_acquisition/developability_drilldown/models/antibody_transformer/model.py:347: UserWarning: enable_nested_tensor is True, but self.use_nested_tensor is False because encoder_layer.norm_first was True
  self.encoder = nn.TransformerEncoder(_make_encoder_layer(), num_layers=n_layers)
=== EXP-T292 shadow fold=0 lr0=1e-05 ===
=== EXP-T292 shadow fold=0 lr0=1e-04 ===
=== EXP-T292 shadow fold=0 lr0=1e-03 ===
=== EXP-T292 shadow fold=0 lr0=1e-02 ===
/workspace_developability_acquisition/developability_drilldown/models/antibody_transformer/model.py:347: UserWarning: enable_nested_tensor is True, but self.use_nested_tensor is False because encoder_layer.norm_first was True
  self.encoder = nn.TransformerEncoder(_make_encoder_layer(), num_layers=n_layers)
=== EXP-T292 shadow fold=1 lr0=1e-05 ===
=== EXP-T292 shadow fold=1 lr0=1e-04 ===
=== EXP-T292 shadow fold=1 lr0=1e-03 ===
=== EXP-T292 shadow fold=1 lr0=1e-02 ===
/workspace_developability_acquisition/developability_drilldown/models/antibody_transformer/model.py:347: UserWarning: enable_nested_tensor is True, but self.use_nested_tensor is False because encoder_layer.norm_first was True
  self.encoder = nn.TransformerEncoder(_make_encoder_layer(), num_layers=n_layers)
=== EXP-T292 shadow fold=2 lr0=1e-05 ===
=== EXP-T292 shadow fold=2 lr0=1e-04 ===
=== EXP-T292 shadow fold=2 lr0=1e-03 ===
=== EXP-T292 shadow fold=2 lr0=1e-02 ===
/workspace_developability_acquisition/developability_drilldown/models/antibody_transformer/model.py:347: UserWarning: enable_nested_tensor is True, but self.use_nested_tensor is False because encoder_layer.norm_first was True
  self.encoder = nn.TransformerEncoder(_make_encoder_layer(), num_layers=n_layers)
=== EXP-T292 shadow fold=3 lr0=1e-05 ===
=== EXP-T292 shadow fold=3 lr0=1e-04 ===
=== EXP-T292 shadow fold=3 lr0=1e-03 ===
=== EXP-T292 shadow fold=3 lr0=1e-02 ===
/workspace_developability_acquisition/developability_drilldown/models/antibody_transformer/model.py:347: UserWarning: enable_nested_tensor is True, but self.use_nested_tensor is False because encoder_layer.norm_first was True
  self.encoder = nn.TransformerEncoder(_make_encoder_layer(), num_layers=n_layers)
=== EXP-T292 shadow fold=4 lr0=1e-05 ===
=== EXP-T292 shadow fold=4 lr0=1e-04 ===
=== EXP-T292 shadow fold=4 lr0=1e-03 ===
=== EXP-T292 shadow fold=4 lr0=1e-02 ===
/workspace_developability_acquisition/developability_drilldown/models/antibody_transformer/model.py:347: UserWarning: enable_nested_tensor is True, but self.use_nested_tensor is False because encoder_layer.norm_first was True
  self.encoder = nn.TransformerEncoder(_make_encoder_layer(), num_layers=n_layers)
DONE EXP-T292 mean=3.361176
==== TRAIN EXP-T293 esmc600m/D/IMGT ====
/workspace_developability_acquisition/developability_drilldown/models/antibody_transformer/model.py:347: UserWarning: enable_nested_tensor is True, but self.use_nested_tensor is False because encoder_layer.norm_first was True
  self.encoder = nn.TransformerEncoder(_make_encoder_layer(), num_layers=n_layers)
=== EXP-T293 primary fold=0 lr0=1e-05 ===
=== EXP-T293 primary fold=0 lr0=1e-04 ===
=== EXP-T293 primary fold=0 lr0=1e-03 ===
=== EXP-T293 primary fold=0 lr0=1e-02 ===
/workspace_developability_acquisition/developability_drilldown/models/antibody_transformer/model.py:347: UserWarning: enable_nested_tensor is True, but self.use_nested_tensor is False because encoder_layer.norm_first was True
  self.encoder = nn.TransformerEncoder(_make_encoder_layer(), num_layers=n_layers)
=== EXP-T293 primary fold=1 lr0=1e-05 ===
=== EXP-T293 primary fold=1 lr0=1e-04 ===
=== EXP-T293 primary fold=1 lr0=1e-03 ===
=== EXP-T293 primary fold=1 lr0=1e-02 ===
/workspace_developability_acquisition/developability_drilldown/models/antibody_transformer/model.py:347: UserWarning: enable_nested_tensor is True, but self.use_nested_tensor is False because encoder_layer.norm_first was True
  self.encoder = nn.TransformerEncoder(_make_encoder_layer(), num_layers=n_layers)
=== EXP-T293 primary fold=2 lr0=1e-05 ===
=== EXP-T293 primary fold=2 lr0=1e-04 ===
=== EXP-T293 primary fold=2 lr0=1e-03 ===
=== EXP-T293 primary fold=2 lr0=1e-02 ===
/workspace_developability_acquisition/developability_drilldown/models/antibody_transformer/model.py:347: UserWarning: enable_nested_tensor is True, but self.use_nested_tensor is False because encoder_layer.norm_first was True
  self.encoder = nn.TransformerEncoder(_make_encoder_layer(), num_layers=n_layers)
=== EXP-T293 primary fold=3 lr0=1e-05 ===
=== EXP-T293 primary fold=3 lr0=1e-04 ===
=== EXP-T293 primary fold=3 lr0=1e-03 ===
=== EXP-T293 primary fold=3 lr0=1e-02 ===
/workspace_developability_acquisition/developability_drilldown/models/antibody_transformer/model.py:347: UserWarning: enable_nested_tensor is True, but self.use_nested_tensor is False because encoder_layer.norm_first was True
  self.encoder = nn.TransformerEncoder(_make_encoder_layer(), num_layers=n_layers)
=== EXP-T293 primary fold=4 lr0=1e-05 ===
=== EXP-T293 primary fold=4 lr0=1e-04 ===
=== EXP-T293 primary fold=4 lr0=1e-03 ===
=== EXP-T293 primary fold=4 lr0=1e-02 ===
/workspace_developability_acquisition/developability_drilldown/models/antibody_transformer/model.py:347: UserWarning: enable_nested_tensor is True, but self.use_nested_tensor is False because encoder_layer.norm_first was True
  self.encoder = nn.TransformerEncoder(_make_encoder_layer(), num_layers=n_layers)
=== EXP-T293 shadow fold=0 lr0=1e-05 ===
=== EXP-T293 shadow fold=0 lr0=1e-04 ===
=== EXP-T293 shadow fold=0 lr0=1e-03 ===
=== EXP-T293 shadow fold=0 lr0=1e-02 ===
/workspace_developability_acquisition/developability_drilldown/models/antibody_transformer/model.py:347: UserWarning: enable_nested_tensor is True, but self.use_nested_tensor is False because encoder_layer.norm_first was True
  self.encoder = nn.TransformerEncoder(_make_encoder_layer(), num_layers=n_layers)
=== EXP-T293 shadow fold=1 lr0=1e-05 ===
=== EXP-T293 shadow fold=1 lr0=1e-04 ===
=== EXP-T293 shadow fold=1 lr0=1e-03 ===
=== EXP-T293 shadow fold=1 lr0=1e-02 ===
/workspace_developability_acquisition/developability_drilldown/models/antibody_transformer/model.py:347: UserWarning: enable_nested_tensor is True, but self.use_nested_tensor is False because encoder_layer.norm_first was True
  self.encoder = nn.TransformerEncoder(_make_encoder_layer(), num_layers=n_layers)
=== EXP-T293 shadow fold=2 lr0=1e-05 ===
=== EXP-T293 shadow fold=2 lr0=1e-04 ===
=== EXP-T293 shadow fold=2 lr0=1e-03 ===
=== EXP-T293 shadow fold=2 lr0=1e-02 ===
/workspace_developability_acquisition/developability_drilldown/models/antibody_transformer/model.py:347: UserWarning: enable_nested_tensor is True, but self.use_nested_tensor is False because encoder_layer.norm_first was True
  self.encoder = nn.TransformerEncoder(_make_encoder_layer(), num_layers=n_layers)
=== EXP-T293 shadow fold=3 lr0=1e-05 ===
=== EXP-T293 shadow fold=3 lr0=1e-04 ===
=== EXP-T293 shadow fold=3 lr0=1e-03 ===
=== EXP-T293 shadow fold=3 lr0=1e-02 ===
/workspace_developability_acquisition/developability_drilldown/models/antibody_transformer/model.py:347: UserWarning: enable_nested_tensor is True, but self.use_nested_tensor is False because encoder_layer.norm_first was True
  self.encoder = nn.TransformerEncoder(_make_encoder_layer(), num_layers=n_layers)
=== EXP-T293 shadow fold=4 lr0=1e-05 ===
=== EXP-T293 shadow fold=4 lr0=1e-04 ===
=== EXP-T293 shadow fold=4 lr0=1e-03 ===
=== EXP-T293 shadow fold=4 lr0=1e-02 ===
/workspace_developability_acquisition/developability_drilldown/models/antibody_transformer/model.py:347: UserWarning: enable_nested_tensor is True, but self.use_nested_tensor is False because encoder_layer.norm_first was True
  self.encoder = nn.TransformerEncoder(_make_encoder_layer(), num_layers=n_layers)
DONE EXP-T293 mean=3.370287
==== TRAIN EXP-T294 esmc600m/A/REGION ====
/workspace_developability_acquisition/developability_drilldown/models/antibody_transformer/model.py:347: UserWarning: enable_nested_tensor is True, but self.use_nested_tensor is False because encoder_layer.norm_first was True
  self.encoder = nn.TransformerEncoder(_make_encoder_layer(), num_layers=n_layers)
=== EXP-T294 primary fold=0 lr0=1e-05 ===
=== EXP-T294 primary fold=0 lr0=1e-04 ===
=== EXP-T294 primary fold=0 lr0=1e-03 ===
=== EXP-T294 primary fold=0 lr0=1e-02 ===
/workspace_developability_acquisition/developability_drilldown/models/antibody_transformer/model.py:347: UserWarning: enable_nested_tensor is True, but self.use_nested_tensor is False because encoder_layer.norm_first was True
  self.encoder = nn.TransformerEncoder(_make_encoder_layer(), num_layers=n_layers)
=== EXP-T294 primary fold=1 lr0=1e-05 ===
=== EXP-T294 primary fold=1 lr0=1e-04 ===
=== EXP-T294 primary fold=1 lr0=1e-03 ===
=== EXP-T294 primary fold=1 lr0=1e-02 ===
/workspace_developability_acquisition/developability_drilldown/models/antibody_transformer/model.py:347: UserWarning: enable_nested_tensor is True, but self.use_nested_tensor is False because encoder_layer.norm_first was True
  self.encoder = nn.TransformerEncoder(_make_encoder_layer(), num_layers=n_layers)
=== EXP-T294 primary fold=2 lr0=1e-05 ===
=== EXP-T294 primary fold=2 lr0=1e-04 ===
=== EXP-T294 primary fold=2 lr0=1e-03 ===
=== EXP-T294 primary fold=2 lr0=1e-02 ===
/workspace_developability_acquisition/developability_drilldown/models/antibody_transformer/model.py:347: UserWarning: enable_nested_tensor is True, but self.use_nested_tensor is False because encoder_layer.norm_first was True
  self.encoder = nn.TransformerEncoder(_make_encoder_layer(), num_layers=n_layers)
=== EXP-T294 primary fold=3 lr0=1e-05 ===
=== EXP-T294 primary fold=3 lr0=1e-04 ===
=== EXP-T294 primary fold=3 lr0=1e-03 ===
=== EXP-T294 primary fold=3 lr0=1e-02 ===
/workspace_developability_acquisition/developability_drilldown/models/antibody_transformer/model.py:347: UserWarning: enable_nested_tensor is True, but self.use_nested_tensor is False because encoder_layer.norm_first was True
  self.encoder = nn.TransformerEncoder(_make_encoder_layer(), num_layers=n_layers)
=== EXP-T294 primary fold=4 lr0=1e-05 ===
=== EXP-T294 primary fold=4 lr0=1e-04 ===
=== EXP-T294 primary fold=4 lr0=1e-03 ===
=== EXP-T294 primary fold=4 lr0=1e-02 ===
/workspace_developability_acquisition/developability_drilldown/models/antibody_transformer/model.py:347: UserWarning: enable_nested_tensor is True, but self.use_nested_tensor is False because encoder_layer.norm_first was True
  self.encoder = nn.TransformerEncoder(_make_encoder_layer(), num_layers=n_layers)
=== EXP-T294 shadow fold=0 lr0=1e-05 ===
=== EXP-T294 shadow fold=0 lr0=1e-04 ===
=== EXP-T294 shadow fold=0 lr0=1e-03 ===
=== EXP-T294 shadow fold=0 lr0=1e-02 ===
/workspace_developability_acquisition/developability_drilldown/models/antibody_transformer/model.py:347: UserWarning: enable_nested_tensor is True, but self.use_nested_tensor is False because encoder_layer.norm_first was True
  self.encoder = nn.TransformerEncoder(_make_encoder_layer(), num_layers=n_layers)
=== EXP-T294 shadow fold=1 lr0=1e-05 ===
=== EXP-T294 shadow fold=1 lr0=1e-04 ===
=== EXP-T294 shadow fold=1 lr0=1e-03 ===
=== EXP-T294 shadow fold=1 lr0=1e-02 ===
/workspace_developability_acquisition/developability_drilldown/models/antibody_transformer/model.py:347: UserWarning: enable_nested_tensor is True, but self.use_nested_tensor is False because encoder_layer.norm_first was True
  self.encoder = nn.TransformerEncoder(_make_encoder_layer(), num_layers=n_layers)
=== EXP-T294 shadow fold=2 lr0=1e-05 ===
=== EXP-T294 shadow fold=2 lr0=1e-04 ===
=== EXP-T294 shadow fold=2 lr0=1e-03 ===
=== EXP-T294 shadow fold=2 lr0=1e-02 ===
/workspace_developability_acquisition/developability_drilldown/models/antibody_transformer/model.py:347: UserWarning: enable_nested_tensor is True, but self.use_nested_tensor is False because encoder_layer.norm_first was True
  self.encoder = nn.TransformerEncoder(_make_encoder_layer(), num_layers=n_layers)
=== EXP-T294 shadow fold=3 lr0=1e-05 ===
=== EXP-T294 shadow fold=3 lr0=1e-04 ===
=== EXP-T294 shadow fold=3 lr0=1e-03 ===
=== EXP-T294 shadow fold=3 lr0=1e-02 ===
/workspace_developability_acquisition/developability_drilldown/models/antibody_transformer/model.py:347: UserWarning: enable_nested_tensor is True, but self.use_nested_tensor is False because encoder_layer.norm_first was True
  self.encoder = nn.TransformerEncoder(_make_encoder_layer(), num_layers=n_layers)
=== EXP-T294 shadow fold=4 lr0=1e-05 ===
=== EXP-T294 shadow fold=4 lr0=1e-04 ===
=== EXP-T294 shadow fold=4 lr0=1e-03 ===
=== EXP-T294 shadow fold=4 lr0=1e-02 ===
/workspace_developability_acquisition/developability_drilldown/models/antibody_transformer/model.py:347: UserWarning: enable_nested_tensor is True, but self.use_nested_tensor is False because encoder_layer.norm_first was True
  self.encoder = nn.TransformerEncoder(_make_encoder_layer(), num_layers=n_layers)
DONE EXP-T294 mean=3.322431
==== TRAIN EXP-T295 esmc600m/B1/REGION ====
/workspace_developability_acquisition/developability_drilldown/models/antibody_transformer/model.py:347: UserWarning: enable_nested_tensor is True, but self.use_nested_tensor is False because encoder_layer.norm_first was True
  self.encoder = nn.TransformerEncoder(_make_encoder_layer(), num_layers=n_layers)
=== EXP-T295 primary fold=0 lr0=1e-05 ===
=== EXP-T295 primary fold=0 lr0=1e-04 ===
=== EXP-T295 primary fold=0 lr0=1e-03 ===
=== EXP-T295 primary fold=0 lr0=1e-02 ===
/workspace_developability_acquisition/developability_drilldown/models/antibody_transformer/model.py:347: UserWarning: enable_nested_tensor is True, but self.use_nested_tensor is False because encoder_layer.norm_first was True
  self.encoder = nn.TransformerEncoder(_make_encoder_layer(), num_layers=n_layers)
=== EXP-T295 primary fold=1 lr0=1e-05 ===
=== EXP-T295 primary fold=1 lr0=1e-04 ===
=== EXP-T295 primary fold=1 lr0=1e-03 ===
=== EXP-T295 primary fold=1 lr0=1e-02 ===
/workspace_developability_acquisition/developability_drilldown/models/antibody_transformer/model.py:347: UserWarning: enable_nested_tensor is True, but self.use_nested_tensor is False because encoder_layer.norm_first was True
  self.encoder = nn.TransformerEncoder(_make_encoder_layer(), num_layers=n_layers)
=== EXP-T295 primary fold=2 lr0=1e-05 ===
=== EXP-T295 primary fold=2 lr0=1e-04 ===
=== EXP-T295 primary fold=2 lr0=1e-03 ===
=== EXP-T295 primary fold=2 lr0=1e-02 ===
/workspace_developability_acquisition/developability_drilldown/models/antibody_transformer/model.py:347: UserWarning: enable_nested_tensor is True, but self.use_nested_tensor is False because encoder_layer.norm_first was True
  self.encoder = nn.TransformerEncoder(_make_encoder_layer(), num_layers=n_layers)
=== EXP-T295 primary fold=3 lr0=1e-05 ===
=== EXP-T295 primary fold=3 lr0=1e-04 ===
=== EXP-T295 primary fold=3 lr0=1e-03 ===
=== EXP-T295 primary fold=3 lr0=1e-02 ===
/workspace_developability_acquisition/developability_drilldown/models/antibody_transformer/model.py:347: UserWarning: enable_nested_tensor is True, but self.use_nested_tensor is False because encoder_layer.norm_first was True
  self.encoder = nn.TransformerEncoder(_make_encoder_layer(), num_layers=n_layers)
=== EXP-T295 primary fold=4 lr0=1e-05 ===
=== EXP-T295 primary fold=4 lr0=1e-04 ===
=== EXP-T295 primary fold=4 lr0=1e-03 ===
=== EXP-T295 primary fold=4 lr0=1e-02 ===
/workspace_developability_acquisition/developability_drilldown/models/antibody_transformer/model.py:347: UserWarning: enable_nested_tensor is True, but self.use_nested_tensor is False because encoder_layer.norm_first was True
  self.encoder = nn.TransformerEncoder(_make_encoder_layer(), num_layers=n_layers)
=== EXP-T295 shadow fold=0 lr0=1e-05 ===
=== EXP-T295 shadow fold=0 lr0=1e-04 ===
=== EXP-T295 shadow fold=0 lr0=1e-03 ===
=== EXP-T295 shadow fold=0 lr0=1e-02 ===
/workspace_developability_acquisition/developability_drilldown/models/antibody_transformer/model.py:347: UserWarning: enable_nested_tensor is True, but self.use_nested_tensor is False because encoder_layer.norm_first was True
  self.encoder = nn.TransformerEncoder(_make_encoder_layer(), num_layers=n_layers)
=== EXP-T295 shadow fold=1 lr0=1e-05 ===
=== EXP-T295 shadow fold=1 lr0=1e-04 ===
=== EXP-T295 shadow fold=1 lr0=1e-03 ===
=== EXP-T295 shadow fold=1 lr0=1e-02 ===
/workspace_developability_acquisition/developability_drilldown/models/antibody_transformer/model.py:347: UserWarning: enable_nested_tensor is True, but self.use_nested_tensor is False because encoder_layer.norm_first was True
  self.encoder = nn.TransformerEncoder(_make_encoder_layer(), num_layers=n_layers)
=== EXP-T295 shadow fold=2 lr0=1e-05 ===
=== EXP-T295 shadow fold=2 lr0=1e-04 ===
=== EXP-T295 shadow fold=2 lr0=1e-03 ===
=== EXP-T295 shadow fold=2 lr0=1e-02 ===
/workspace_developability_acquisition/developability_drilldown/models/antibody_transformer/model.py:347: UserWarning: enable_nested_tensor is True, but self.use_nested_tensor is False because encoder_layer.norm_first was True
  self.encoder = nn.TransformerEncoder(_make_encoder_layer(), num_layers=n_layers)
=== EXP-T295 shadow fold=3 lr0=1e-05 ===
=== EXP-T295 shadow fold=3 lr0=1e-04 ===
=== EXP-T295 shadow fold=3 lr0=1e-03 ===
=== EXP-T295 shadow fold=3 lr0=1e-02 ===
/workspace_developability_acquisition/developability_drilldown/models/antibody_transformer/model.py:347: UserWarning: enable_nested_tensor is True, but self.use_nested_tensor is False because encoder_layer.norm_first was True
  self.encoder = nn.TransformerEncoder(_make_encoder_layer(), num_layers=n_layers)
=== EXP-T295 shadow fold=4 lr0=1e-05 ===
=== EXP-T295 shadow fold=4 lr0=1e-04 ===
=== EXP-T295 shadow fold=4 lr0=1e-03 ===
=== EXP-T295 shadow fold=4 lr0=1e-02 ===
/workspace_developability_acquisition/developability_drilldown/models/antibody_transformer/model.py:347: UserWarning: enable_nested_tensor is True, but self.use_nested_tensor is False because encoder_layer.norm_first was True
  self.encoder = nn.TransformerEncoder(_make_encoder_layer(), num_layers=n_layers)
DONE EXP-T295 mean=3.286633
==== TRAIN EXP-T296 esmc600m/B2/REGION ====
/workspace_developability_acquisition/developability_drilldown/models/antibody_transformer/model.py:347: UserWarning: enable_nested_tensor is True, but self.use_nested_tensor is False because encoder_layer.norm_first was True
  self.encoder = nn.TransformerEncoder(_make_encoder_layer(), num_layers=n_layers)
=== EXP-T296 primary fold=0 lr0=1e-05 ===
=== EXP-T296 primary fold=0 lr0=1e-04 ===
=== EXP-T296 primary fold=0 lr0=1e-03 ===
=== EXP-T296 primary fold=0 lr0=1e-02 ===
/workspace_developability_acquisition/developability_drilldown/models/antibody_transformer/model.py:347: UserWarning: enable_nested_tensor is True, but self.use_nested_tensor is False because encoder_layer.norm_first was True
  self.encoder = nn.TransformerEncoder(_make_encoder_layer(), num_layers=n_layers)
=== EXP-T296 primary fold=1 lr0=1e-05 ===
=== EXP-T296 primary fold=1 lr0=1e-04 ===
=== EXP-T296 primary fold=1 lr0=1e-03 ===
=== EXP-T296 primary fold=1 lr0=1e-02 ===
/workspace_developability_acquisition/developability_drilldown/models/antibody_transformer/model.py:347: UserWarning: enable_nested_tensor is True, but self.use_nested_tensor is False because encoder_layer.norm_first was True
  self.encoder = nn.TransformerEncoder(_make_encoder_layer(), num_layers=n_layers)
=== EXP-T296 primary fold=2 lr0=1e-05 ===
=== EXP-T296 primary fold=2 lr0=1e-04 ===
=== EXP-T296 primary fold=2 lr0=1e-03 ===
=== EXP-T296 primary fold=2 lr0=1e-02 ===
/workspace_developability_acquisition/developability_drilldown/models/antibody_transformer/model.py:347: UserWarning: enable_nested_tensor is True, but self.use_nested_tensor is False because encoder_layer.norm_first was True
  self.encoder = nn.TransformerEncoder(_make_encoder_layer(), num_layers=n_layers)
=== EXP-T296 primary fold=3 lr0=1e-05 ===
=== EXP-T296 primary fold=3 lr0=1e-04 ===
=== EXP-T296 primary fold=3 lr0=1e-03 ===
=== EXP-T296 primary fold=3 lr0=1e-02 ===
/workspace_developability_acquisition/developability_drilldown/models/antibody_transformer/model.py:347: UserWarning: enable_nested_tensor is True, but self.use_nested_tensor is False because encoder_layer.norm_first was True
  self.encoder = nn.TransformerEncoder(_make_encoder_layer(), num_layers=n_layers)
=== EXP-T296 primary fold=4 lr0=1e-05 ===
=== EXP-T296 primary fold=4 lr0=1e-04 ===
=== EXP-T296 primary fold=4 lr0=1e-03 ===
=== EXP-T296 primary fold=4 lr0=1e-02 ===
/workspace_developability_acquisition/developability_drilldown/models/antibody_transformer/model.py:347: UserWarning: enable_nested_tensor is True, but self.use_nested_tensor is False because encoder_layer.norm_first was True
  self.encoder = nn.TransformerEncoder(_make_encoder_layer(), num_layers=n_layers)
=== EXP-T296 shadow fold=0 lr0=1e-05 ===
=== EXP-T296 shadow fold=0 lr0=1e-04 ===
=== EXP-T296 shadow fold=0 lr0=1e-03 ===
=== EXP-T296 shadow fold=0 lr0=1e-02 ===
/workspace_developability_acquisition/developability_drilldown/models/antibody_transformer/model.py:347: UserWarning: enable_nested_tensor is True, but self.use_nested_tensor is False because encoder_layer.norm_first was True
  self.encoder = nn.TransformerEncoder(_make_encoder_layer(), num_layers=n_layers)
=== EXP-T296 shadow fold=1 lr0=1e-05 ===
=== EXP-T296 shadow fold=1 lr0=1e-04 ===
=== EXP-T296 shadow fold=1 lr0=1e-03 ===
=== EXP-T296 shadow fold=1 lr0=1e-02 ===
/workspace_developability_acquisition/developability_drilldown/models/antibody_transformer/model.py:347: UserWarning: enable_nested_tensor is True, but self.use_nested_tensor is False because encoder_layer.norm_first was True
  self.encoder = nn.TransformerEncoder(_make_encoder_layer(), num_layers=n_layers)
=== EXP-T296 shadow fold=2 lr0=1e-05 ===
=== EXP-T296 shadow fold=2 lr0=1e-04 ===
=== EXP-T296 shadow fold=2 lr0=1e-03 ===
=== EXP-T296 shadow fold=2 lr0=1e-02 ===
/workspace_developability_acquisition/developability_drilldown/models/antibody_transformer/model.py:347: UserWarning: enable_nested_tensor is True, but self.use_nested_tensor is False because encoder_layer.norm_first was True
  self.encoder = nn.TransformerEncoder(_make_encoder_layer(), num_layers=n_layers)
=== EXP-T296 shadow fold=3 lr0=1e-05 ===
=== EXP-T296 shadow fold=3 lr0=1e-04 ===
=== EXP-T296 shadow fold=3 lr0=1e-03 ===
=== EXP-T296 shadow fold=3 lr0=1e-02 ===
/workspace_developability_acquisition/developability_drilldown/models/antibody_transformer/model.py:347: UserWarning: enable_nested_tensor is True, but self.use_nested_tensor is False because encoder_layer.norm_first was True
  self.encoder = nn.TransformerEncoder(_make_encoder_layer(), num_layers=n_layers)
=== EXP-T296 shadow fold=4 lr0=1e-05 ===
=== EXP-T296 shadow fold=4 lr0=1e-04 ===
=== EXP-T296 shadow fold=4 lr0=1e-03 ===
=== EXP-T296 shadow fold=4 lr0=1e-02 ===
/workspace_developability_acquisition/developability_drilldown/models/antibody_transformer/model.py:347: UserWarning: enable_nested_tensor is True, but self.use_nested_tensor is False because encoder_layer.norm_first was True
  self.encoder = nn.TransformerEncoder(_make_encoder_layer(), num_layers=n_layers)
DONE EXP-T296 mean=3.301160
==== TRAIN EXP-T297 esmc600m/C/REGION ====
/workspace_developability_acquisition/developability_drilldown/models/antibody_transformer/model.py:347: UserWarning: enable_nested_tensor is True, but self.use_nested_tensor is False because encoder_layer.norm_first was True
  self.encoder = nn.TransformerEncoder(_make_encoder_layer(), num_layers=n_layers)
=== EXP-T297 primary fold=0 lr0=1e-05 ===
=== EXP-T297 primary fold=0 lr0=1e-04 ===
=== EXP-T297 primary fold=0 lr0=1e-03 ===
=== EXP-T297 primary fold=0 lr0=1e-02 ===
/workspace_developability_acquisition/developability_drilldown/models/antibody_transformer/model.py:347: UserWarning: enable_nested_tensor is True, but self.use_nested_tensor is False because encoder_layer.norm_first was True
  self.encoder = nn.TransformerEncoder(_make_encoder_layer(), num_layers=n_layers)
=== EXP-T297 primary fold=1 lr0=1e-05 ===
=== EXP-T297 primary fold=1 lr0=1e-04 ===
=== EXP-T297 primary fold=1 lr0=1e-03 ===
=== EXP-T297 primary fold=1 lr0=1e-02 ===
/workspace_developability_acquisition/developability_drilldown/models/antibody_transformer/model.py:347: UserWarning: enable_nested_tensor is True, but self.use_nested_tensor is False because encoder_layer.norm_first was True
  self.encoder = nn.TransformerEncoder(_make_encoder_layer(), num_layers=n_layers)
=== EXP-T297 primary fold=2 lr0=1e-05 ===
=== EXP-T297 primary fold=2 lr0=1e-04 ===
=== EXP-T297 primary fold=2 lr0=1e-03 ===
=== EXP-T297 primary fold=2 lr0=1e-02 ===
/workspace_developability_acquisition/developability_drilldown/models/antibody_transformer/model.py:347: UserWarning: enable_nested_tensor is True, but self.use_nested_tensor is False because encoder_layer.norm_first was True
  self.encoder = nn.TransformerEncoder(_make_encoder_layer(), num_layers=n_layers)
=== EXP-T297 primary fold=3 lr0=1e-05 ===
=== EXP-T297 primary fold=3 lr0=1e-04 ===
=== EXP-T297 primary fold=3 lr0=1e-03 ===
=== EXP-T297 primary fold=3 lr0=1e-02 ===
/workspace_developability_acquisition/developability_drilldown/models/antibody_transformer/model.py:347: UserWarning: enable_nested_tensor is True, but self.use_nested_tensor is False because encoder_layer.norm_first was True
  self.encoder = nn.TransformerEncoder(_make_encoder_layer(), num_layers=n_layers)
=== EXP-T297 primary fold=4 lr0=1e-05 ===
=== EXP-T297 primary fold=4 lr0=1e-04 ===
=== EXP-T297 primary fold=4 lr0=1e-03 ===
=== EXP-T297 primary fold=4 lr0=1e-02 ===
/workspace_developability_acquisition/developability_drilldown/models/antibody_transformer/model.py:347: UserWarning: enable_nested_tensor is True, but self.use_nested_tensor is False because encoder_layer.norm_first was True
  self.encoder = nn.TransformerEncoder(_make_encoder_layer(), num_layers=n_layers)
=== EXP-T297 shadow fold=0 lr0=1e-05 ===
=== EXP-T297 shadow fold=0 lr0=1e-04 ===
=== EXP-T297 shadow fold=0 lr0=1e-03 ===
=== EXP-T297 shadow fold=0 lr0=1e-02 ===
/workspace_developability_acquisition/developability_drilldown/models/antibody_transformer/model.py:347: UserWarning: enable_nested_tensor is True, but self.use_nested_tensor is False because encoder_layer.norm_first was True
  self.encoder = nn.TransformerEncoder(_make_encoder_layer(), num_layers=n_layers)
=== EXP-T297 shadow fold=1 lr0=1e-05 ===
=== EXP-T297 shadow fold=1 lr0=1e-04 ===
=== EXP-T297 shadow fold=1 lr0=1e-03 ===
=== EXP-T297 shadow fold=1 lr0=1e-02 ===
/workspace_developability_acquisition/developability_drilldown/models/antibody_transformer/model.py:347: UserWarning: enable_nested_tensor is True, but self.use_nested_tensor is False because encoder_layer.norm_first was True
  self.encoder = nn.TransformerEncoder(_make_encoder_layer(), num_layers=n_layers)
=== EXP-T297 shadow fold=2 lr0=1e-05 ===
=== EXP-T297 shadow fold=2 lr0=1e-04 ===
=== EXP-T297 shadow fold=2 lr0=1e-03 ===
=== EXP-T297 shadow fold=2 lr0=1e-02 ===
/workspace_developability_acquisition/developability_drilldown/models/antibody_transformer/model.py:347: UserWarning: enable_nested_tensor is True, but self.use_nested_tensor is False because encoder_layer.norm_first was True
  self.encoder = nn.TransformerEncoder(_make_encoder_layer(), num_layers=n_layers)
=== EXP-T297 shadow fold=3 lr0=1e-05 ===
=== EXP-T297 shadow fold=3 lr0=1e-04 ===
=== EXP-T297 shadow fold=3 lr0=1e-03 ===
=== EXP-T297 shadow fold=3 lr0=1e-02 ===
/workspace_developability_acquisition/developability_drilldown/models/antibody_transformer/model.py:347: UserWarning: enable_nested_tensor is True, but self.use_nested_tensor is False because encoder_layer.norm_first was True
  self.encoder = nn.TransformerEncoder(_make_encoder_layer(), num_layers=n_layers)
=== EXP-T297 shadow fold=4 lr0=1e-05 ===
=== EXP-T297 shadow fold=4 lr0=1e-04 ===
=== EXP-T297 shadow fold=4 lr0=1e-03 ===
=== EXP-T297 shadow fold=4 lr0=1e-02 ===
/workspace_developability_acquisition/developability_drilldown/models/antibody_transformer/model.py:347: UserWarning: enable_nested_tensor is True, but self.use_nested_tensor is False because encoder_layer.norm_first was True
  self.encoder = nn.TransformerEncoder(_make_encoder_layer(), num_layers=n_layers)
DONE EXP-T297 mean=3.343410
==== TRAIN EXP-T298 esmc600m/D/REGION ====
/workspace_developability_acquisition/developability_drilldown/models/antibody_transformer/model.py:347: UserWarning: enable_nested_tensor is True, but self.use_nested_tensor is False because encoder_layer.norm_first was True
  self.encoder = nn.TransformerEncoder(_make_encoder_layer(), num_layers=n_layers)
=== EXP-T298 primary fold=0 lr0=1e-05 ===
=== EXP-T298 primary fold=0 lr0=1e-04 ===
=== EXP-T298 primary fold=0 lr0=1e-03 ===
=== EXP-T298 primary fold=0 lr0=1e-02 ===
/workspace_developability_acquisition/developability_drilldown/models/antibody_transformer/model.py:347: UserWarning: enable_nested_tensor is True, but self.use_nested_tensor is False because encoder_layer.norm_first was True
  self.encoder = nn.TransformerEncoder(_make_encoder_layer(), num_layers=n_layers)
=== EXP-T298 primary fold=1 lr0=1e-05 ===
=== EXP-T298 primary fold=1 lr0=1e-04 ===
=== EXP-T298 primary fold=1 lr0=1e-03 ===
=== EXP-T298 primary fold=1 lr0=1e-02 ===
/workspace_developability_acquisition/developability_drilldown/models/antibody_transformer/model.py:347: UserWarning: enable_nested_tensor is True, but self.use_nested_tensor is False because encoder_layer.norm_first was True
  self.encoder = nn.TransformerEncoder(_make_encoder_layer(), num_layers=n_layers)
=== EXP-T298 primary fold=2 lr0=1e-05 ===
=== EXP-T298 primary fold=2 lr0=1e-04 ===
=== EXP-T298 primary fold=2 lr0=1e-03 ===
=== EXP-T298 primary fold=2 lr0=1e-02 ===
/workspace_developability_acquisition/developability_drilldown/models/antibody_transformer/model.py:347: UserWarning: enable_nested_tensor is True, but self.use_nested_tensor is False because encoder_layer.norm_first was True
  self.encoder = nn.TransformerEncoder(_make_encoder_layer(), num_layers=n_layers)
=== EXP-T298 primary fold=3 lr0=1e-05 ===
=== EXP-T298 primary fold=3 lr0=1e-04 ===
=== EXP-T298 primary fold=3 lr0=1e-03 ===
=== EXP-T298 primary fold=3 lr0=1e-02 ===
/workspace_developability_acquisition/developability_drilldown/models/antibody_transformer/model.py:347: UserWarning: enable_nested_tensor is True, but self.use_nested_tensor is False because encoder_layer.norm_first was True
  self.encoder = nn.TransformerEncoder(_make_encoder_layer(), num_layers=n_layers)
=== EXP-T298 primary fold=4 lr0=1e-05 ===
=== EXP-T298 primary fold=4 lr0=1e-04 ===
=== EXP-T298 primary fold=4 lr0=1e-03 ===
=== EXP-T298 primary fold=4 lr0=1e-02 ===
/workspace_developability_acquisition/developability_drilldown/models/antibody_transformer/model.py:347: UserWarning: enable_nested_tensor is True, but self.use_nested_tensor is False because encoder_layer.norm_first was True
  self.encoder = nn.TransformerEncoder(_make_encoder_layer(), num_layers=n_layers)
=== EXP-T298 shadow fold=0 lr0=1e-05 ===
=== EXP-T298 shadow fold=0 lr0=1e-04 ===
=== EXP-T298 shadow fold=0 lr0=1e-03 ===
=== EXP-T298 shadow fold=0 lr0=1e-02 ===
/workspace_developability_acquisition/developability_drilldown/models/antibody_transformer/model.py:347: UserWarning: enable_nested_tensor is True, but self.use_nested_tensor is False because encoder_layer.norm_first was True
  self.encoder = nn.TransformerEncoder(_make_encoder_layer(), num_layers=n_layers)
=== EXP-T298 shadow fold=1 lr0=1e-05 ===
=== EXP-T298 shadow fold=1 lr0=1e-04 ===
=== EXP-T298 shadow fold=1 lr0=1e-03 ===
=== EXP-T298 shadow fold=1 lr0=1e-02 ===
/workspace_developability_acquisition/developability_drilldown/models/antibody_transformer/model.py:347: UserWarning: enable_nested_tensor is True, but self.use_nested_tensor is False because encoder_layer.norm_first was True
  self.encoder = nn.TransformerEncoder(_make_encoder_layer(), num_layers=n_layers)
=== EXP-T298 shadow fold=2 lr0=1e-05 ===
=== EXP-T298 shadow fold=2 lr0=1e-04 ===
=== EXP-T298 shadow fold=2 lr0=1e-03 ===
=== EXP-T298 shadow fold=2 lr0=1e-02 ===
/workspace_developability_acquisition/developability_drilldown/models/antibody_transformer/model.py:347: UserWarning: enable_nested_tensor is True, but self.use_nested_tensor is False because encoder_layer.norm_first was True
  self.encoder = nn.TransformerEncoder(_make_encoder_layer(), num_layers=n_layers)
=== EXP-T298 shadow fold=3 lr0=1e-05 ===
=== EXP-T298 shadow fold=3 lr0=1e-04 ===
=== EXP-T298 shadow fold=3 lr0=1e-03 ===
=== EXP-T298 shadow fold=3 lr0=1e-02 ===
/workspace_developability_acquisition/developability_drilldown/models/antibody_transformer/model.py:347: UserWarning: enable_nested_tensor is True, but self.use_nested_tensor is False because encoder_layer.norm_first was True
  self.encoder = nn.TransformerEncoder(_make_encoder_layer(), num_layers=n_layers)
=== EXP-T298 shadow fold=4 lr0=1e-05 ===
=== EXP-T298 shadow fold=4 lr0=1e-04 ===
=== EXP-T298 shadow fold=4 lr0=1e-03 ===
=== EXP-T298 shadow fold=4 lr0=1e-02 ===
/workspace_developability_acquisition/developability_drilldown/models/antibody_transformer/model.py:347: UserWarning: enable_nested_tensor is True, but self.use_nested_tensor is False because encoder_layer.norm_first was True
  self.encoder = nn.TransformerEncoder(_make_encoder_layer(), num_layers=n_layers)
DONE EXP-T298 mean=3.221259
==== TRAIN EXP-T299 currab_paired/A/FULL ====
/workspace_developability_acquisition/developability_drilldown/models/antibody_transformer/model.py:347: UserWarning: enable_nested_tensor is True, but self.use_nested_tensor is False because encoder_layer.norm_first was True
  self.encoder = nn.TransformerEncoder(_make_encoder_layer(), num_layers=n_layers)
=== EXP-T299 primary fold=0 lr0=1e-05 ===
=== EXP-T299 primary fold=0 lr0=1e-04 ===
=== EXP-T299 primary fold=0 lr0=1e-03 ===
=== EXP-T299 primary fold=0 lr0=1e-02 ===
/workspace_developability_acquisition/developability_drilldown/models/antibody_transformer/model.py:347: UserWarning: enable_nested_tensor is True, but self.use_nested_tensor is False because encoder_layer.norm_first was True
  self.encoder = nn.TransformerEncoder(_make_encoder_layer(), num_layers=n_layers)
=== EXP-T299 primary fold=1 lr0=1e-05 ===
=== EXP-T299 primary fold=1 lr0=1e-04 ===
=== EXP-T299 primary fold=1 lr0=1e-03 ===
=== EXP-T299 primary fold=1 lr0=1e-02 ===
/workspace_developability_acquisition/developability_drilldown/models/antibody_transformer/model.py:347: UserWarning: enable_nested_tensor is True, but self.use_nested_tensor is False because encoder_layer.norm_first was True
  self.encoder = nn.TransformerEncoder(_make_encoder_layer(), num_layers=n_layers)
=== EXP-T299 primary fold=2 lr0=1e-05 ===
=== EXP-T299 primary fold=2 lr0=1e-04 ===
=== EXP-T299 primary fold=2 lr0=1e-03 ===
=== EXP-T299 primary fold=2 lr0=1e-02 ===
/workspace_developability_acquisition/developability_drilldown/models/antibody_transformer/model.py:347: UserWarning: enable_nested_tensor is True, but self.use_nested_tensor is False because encoder_layer.norm_first was True
  self.encoder = nn.TransformerEncoder(_make_encoder_layer(), num_layers=n_layers)
=== EXP-T299 primary fold=3 lr0=1e-05 ===
=== EXP-T299 primary fold=3 lr0=1e-04 ===
=== EXP-T299 primary fold=3 lr0=1e-03 ===
=== EXP-T299 primary fold=3 lr0=1e-02 ===
/workspace_developability_acquisition/developability_drilldown/models/antibody_transformer/model.py:347: UserWarning: enable_nested_tensor is True, but self.use_nested_tensor is False because encoder_layer.norm_first was True
  self.encoder = nn.TransformerEncoder(_make_encoder_layer(), num_layers=n_layers)
=== EXP-T299 primary fold=4 lr0=1e-05 ===
=== EXP-T299 primary fold=4 lr0=1e-04 ===
=== EXP-T299 primary fold=4 lr0=1e-03 ===
=== EXP-T299 primary fold=4 lr0=1e-02 ===
/workspace_developability_acquisition/developability_drilldown/models/antibody_transformer/model.py:347: UserWarning: enable_nested_tensor is True, but self.use_nested_tensor is False because encoder_layer.norm_first was True
  self.encoder = nn.TransformerEncoder(_make_encoder_layer(), num_layers=n_layers)
=== EXP-T299 shadow fold=0 lr0=1e-05 ===
=== EXP-T299 shadow fold=0 lr0=1e-04 ===
=== EXP-T299 shadow fold=0 lr0=1e-03 ===
=== EXP-T299 shadow fold=0 lr0=1e-02 ===
/workspace_developability_acquisition/developability_drilldown/models/antibody_transformer/model.py:347: UserWarning: enable_nested_tensor is True, but self.use_nested_tensor is False because encoder_layer.norm_first was True
  self.encoder = nn.TransformerEncoder(_make_encoder_layer(), num_layers=n_layers)
=== EXP-T299 shadow fold=1 lr0=1e-05 ===
=== EXP-T299 shadow fold=1 lr0=1e-04 ===
=== EXP-T299 shadow fold=1 lr0=1e-03 ===
=== EXP-T299 shadow fold=1 lr0=1e-02 ===
/workspace_developability_acquisition/developability_drilldown/models/antibody_transformer/model.py:347: UserWarning: enable_nested_tensor is True, but self.use_nested_tensor is False because encoder_layer.norm_first was True
  self.encoder = nn.TransformerEncoder(_make_encoder_layer(), num_layers=n_layers)
=== EXP-T299 shadow fold=2 lr0=1e-05 ===
=== EXP-T299 shadow fold=2 lr0=1e-04 ===
=== EXP-T299 shadow fold=2 lr0=1e-03 ===
=== EXP-T299 shadow fold=2 lr0=1e-02 ===
/workspace_developability_acquisition/developability_drilldown/models/antibody_transformer/model.py:347: UserWarning: enable_nested_tensor is True, but self.use_nested_tensor is False because encoder_layer.norm_first was True
  self.encoder = nn.TransformerEncoder(_make_encoder_layer(), num_layers=n_layers)
=== EXP-T299 shadow fold=3 lr0=1e-05 ===
=== EXP-T299 shadow fold=3 lr0=1e-04 ===
=== EXP-T299 shadow fold=3 lr0=1e-03 ===
=== EXP-T299 shadow fold=3 lr0=1e-02 ===
/workspace_developability_acquisition/developability_drilldown/models/antibody_transformer/model.py:347: UserWarning: enable_nested_tensor is True, but self.use_nested_tensor is False because encoder_layer.norm_first was True
  self.encoder = nn.TransformerEncoder(_make_encoder_layer(), num_layers=n_layers)
=== EXP-T299 shadow fold=4 lr0=1e-05 ===
=== EXP-T299 shadow fold=4 lr0=1e-04 ===
=== EXP-T299 shadow fold=4 lr0=1e-03 ===
=== EXP-T299 shadow fold=4 lr0=1e-02 ===
/workspace_developability_acquisition/developability_drilldown/models/antibody_transformer/model.py:347: UserWarning: enable_nested_tensor is True, but self.use_nested_tensor is False because encoder_layer.norm_first was True
  self.encoder = nn.TransformerEncoder(_make_encoder_layer(), num_layers=n_layers)
DONE EXP-T299 mean=3.302781
==== TRAIN EXP-T300 currab_paired/B1/FULL ====
/workspace_developability_acquisition/developability_drilldown/models/antibody_transformer/model.py:347: UserWarning: enable_nested_tensor is True, but self.use_nested_tensor is False because encoder_layer.norm_first was True
  self.encoder = nn.TransformerEncoder(_make_encoder_layer(), num_layers=n_layers)
=== EXP-T300 primary fold=0 lr0=1e-05 ===
=== EXP-T300 primary fold=0 lr0=1e-04 ===
=== EXP-T300 primary fold=0 lr0=1e-03 ===
=== EXP-T300 primary fold=0 lr0=1e-02 ===
/workspace_developability_acquisition/developability_drilldown/models/antibody_transformer/model.py:347: UserWarning: enable_nested_tensor is True, but self.use_nested_tensor is False because encoder_layer.norm_first was True
  self.encoder = nn.TransformerEncoder(_make_encoder_layer(), num_layers=n_layers)
=== EXP-T300 primary fold=1 lr0=1e-05 ===
=== EXP-T300 primary fold=1 lr0=1e-04 ===
=== EXP-T300 primary fold=1 lr0=1e-03 ===
=== EXP-T300 primary fold=1 lr0=1e-02 ===
/workspace_developability_acquisition/developability_drilldown/models/antibody_transformer/model.py:347: UserWarning: enable_nested_tensor is True, but self.use_nested_tensor is False because encoder_layer.norm_first was True
  self.encoder = nn.TransformerEncoder(_make_encoder_layer(), num_layers=n_layers)
=== EXP-T300 primary fold=2 lr0=1e-05 ===
=== EXP-T300 primary fold=2 lr0=1e-04 ===
=== EXP-T300 primary fold=2 lr0=1e-03 ===
=== EXP-T300 primary fold=2 lr0=1e-02 ===
/workspace_developability_acquisition/developability_drilldown/models/antibody_transformer/model.py:347: UserWarning: enable_nested_tensor is True, but self.use_nested_tensor is False because encoder_layer.norm_first was True
  self.encoder = nn.TransformerEncoder(_make_encoder_layer(), num_layers=n_layers)
=== EXP-T300 primary fold=3 lr0=1e-05 ===
=== EXP-T300 primary fold=3 lr0=1e-04 ===
=== EXP-T300 primary fold=3 lr0=1e-03 ===
=== EXP-T300 primary fold=3 lr0=1e-02 ===
/workspace_developability_acquisition/developability_drilldown/models/antibody_transformer/model.py:347: UserWarning: enable_nested_tensor is True, but self.use_nested_tensor is False because encoder_layer.norm_first was True
  self.encoder = nn.TransformerEncoder(_make_encoder_layer(), num_layers=n_layers)
=== EXP-T300 primary fold=4 lr0=1e-05 ===
=== EXP-T300 primary fold=4 lr0=1e-04 ===
=== EXP-T300 primary fold=4 lr0=1e-03 ===
=== EXP-T300 primary fold=4 lr0=1e-02 ===
/workspace_developability_acquisition/developability_drilldown/models/antibody_transformer/model.py:347: UserWarning: enable_nested_tensor is True, but self.use_nested_tensor is False because encoder_layer.norm_first was True
  self.encoder = nn.TransformerEncoder(_make_encoder_layer(), num_layers=n_layers)
=== EXP-T300 shadow fold=0 lr0=1e-05 ===
=== EXP-T300 shadow fold=0 lr0=1e-04 ===
=== EXP-T300 shadow fold=0 lr0=1e-03 ===
=== EXP-T300 shadow fold=0 lr0=1e-02 ===
/workspace_developability_acquisition/developability_drilldown/models/antibody_transformer/model.py:347: UserWarning: enable_nested_tensor is True, but self.use_nested_tensor is False because encoder_layer.norm_first was True
  self.encoder = nn.TransformerEncoder(_make_encoder_layer(), num_layers=n_layers)
=== EXP-T300 shadow fold=1 lr0=1e-05 ===
=== EXP-T300 shadow fold=1 lr0=1e-04 ===
=== EXP-T300 shadow fold=1 lr0=1e-03 ===
=== EXP-T300 shadow fold=1 lr0=1e-02 ===
/workspace_developability_acquisition/developability_drilldown/models/antibody_transformer/model.py:347: UserWarning: enable_nested_tensor is True, but self.use_nested_tensor is False because encoder_layer.norm_first was True
  self.encoder = nn.TransformerEncoder(_make_encoder_layer(), num_layers=n_layers)
=== EXP-T300 shadow fold=2 lr0=1e-05 ===
=== EXP-T300 shadow fold=2 lr0=1e-04 ===
=== EXP-T300 shadow fold=2 lr0=1e-03 ===
=== EXP-T300 shadow fold=2 lr0=1e-02 ===
/workspace_developability_acquisition/developability_drilldown/models/antibody_transformer/model.py:347: UserWarning: enable_nested_tensor is True, but self.use_nested_tensor is False because encoder_layer.norm_first was True
  self.encoder = nn.TransformerEncoder(_make_encoder_layer(), num_layers=n_layers)
=== EXP-T300 shadow fold=3 lr0=1e-05 ===
=== EXP-T300 shadow fold=3 lr0=1e-04 ===
=== EXP-T300 shadow fold=3 lr0=1e-03 ===
=== EXP-T300 shadow fold=3 lr0=1e-02 ===
/workspace_developability_acquisition/developability_drilldown/models/antibody_transformer/model.py:347: UserWarning: enable_nested_tensor is True, but self.use_nested_tensor is False because encoder_layer.norm_first was True
  self.encoder = nn.TransformerEncoder(_make_encoder_layer(), num_layers=n_layers)
=== EXP-T300 shadow fold=4 lr0=1e-05 ===
=== EXP-T300 shadow fold=4 lr0=1e-04 ===
=== EXP-T300 shadow fold=4 lr0=1e-03 ===
=== EXP-T300 shadow fold=4 lr0=1e-02 ===
/workspace_developability_acquisition/developability_drilldown/models/antibody_transformer/model.py:347: UserWarning: enable_nested_tensor is True, but self.use_nested_tensor is False because encoder_layer.norm_first was True
  self.encoder = nn.TransformerEncoder(_make_encoder_layer(), num_layers=n_layers)
DONE EXP-T300 mean=3.318741
==== TRAIN EXP-T301 currab_paired/B2/FULL ====
/workspace_developability_acquisition/developability_drilldown/models/antibody_transformer/model.py:347: UserWarning: enable_nested_tensor is True, but self.use_nested_tensor is False because encoder_layer.norm_first was True
  self.encoder = nn.TransformerEncoder(_make_encoder_layer(), num_layers=n_layers)
=== EXP-T301 primary fold=0 lr0=1e-05 ===
=== EXP-T301 primary fold=0 lr0=1e-04 ===
=== EXP-T301 primary fold=0 lr0=1e-03 ===
=== EXP-T301 primary fold=0 lr0=1e-02 ===
/workspace_developability_acquisition/developability_drilldown/models/antibody_transformer/model.py:347: UserWarning: enable_nested_tensor is True, but self.use_nested_tensor is False because encoder_layer.norm_first was True
  self.encoder = nn.TransformerEncoder(_make_encoder_layer(), num_layers=n_layers)
=== EXP-T301 primary fold=1 lr0=1e-05 ===
=== EXP-T301 primary fold=1 lr0=1e-04 ===
=== EXP-T301 primary fold=1 lr0=1e-03 ===
=== EXP-T301 primary fold=1 lr0=1e-02 ===
/workspace_developability_acquisition/developability_drilldown/models/antibody_transformer/model.py:347: UserWarning: enable_nested_tensor is True, but self.use_nested_tensor is False because encoder_layer.norm_first was True
  self.encoder = nn.TransformerEncoder(_make_encoder_layer(), num_layers=n_layers)
=== EXP-T301 primary fold=2 lr0=1e-05 ===
=== EXP-T301 primary fold=2 lr0=1e-04 ===
=== EXP-T301 primary fold=2 lr0=1e-03 ===
=== EXP-T301 primary fold=2 lr0=1e-02 ===
/workspace_developability_acquisition/developability_drilldown/models/antibody_transformer/model.py:347: UserWarning: enable_nested_tensor is True, but self.use_nested_tensor is False because encoder_layer.norm_first was True
  self.encoder = nn.TransformerEncoder(_make_encoder_layer(), num_layers=n_layers)
=== EXP-T301 primary fold=3 lr0=1e-05 ===
=== EXP-T301 primary fold=3 lr0=1e-04 ===
=== EXP-T301 primary fold=3 lr0=1e-03 ===
=== EXP-T301 primary fold=3 lr0=1e-02 ===
/workspace_developability_acquisition/developability_drilldown/models/antibody_transformer/model.py:347: UserWarning: enable_nested_tensor is True, but self.use_nested_tensor is False because encoder_layer.norm_first was True
  self.encoder = nn.TransformerEncoder(_make_encoder_layer(), num_layers=n_layers)
=== EXP-T301 primary fold=4 lr0=1e-05 ===
=== EXP-T301 primary fold=4 lr0=1e-04 ===
=== EXP-T301 primary fold=4 lr0=1e-03 ===
=== EXP-T301 primary fold=4 lr0=1e-02 ===
/workspace_developability_acquisition/developability_drilldown/models/antibody_transformer/model.py:347: UserWarning: enable_nested_tensor is True, but self.use_nested_tensor is False because encoder_layer.norm_first was True
  self.encoder = nn.TransformerEncoder(_make_encoder_layer(), num_layers=n_layers)
=== EXP-T301 shadow fold=0 lr0=1e-05 ===
=== EXP-T301 shadow fold=0 lr0=1e-04 ===
=== EXP-T301 shadow fold=0 lr0=1e-03 ===
=== EXP-T301 shadow fold=0 lr0=1e-02 ===
/workspace_developability_acquisition/developability_drilldown/models/antibody_transformer/model.py:347: UserWarning: enable_nested_tensor is True, but self.use_nested_tensor is False because encoder_layer.norm_first was True
  self.encoder = nn.TransformerEncoder(_make_encoder_layer(), num_layers=n_layers)
=== EXP-T301 shadow fold=1 lr0=1e-05 ===
=== EXP-T301 shadow fold=1 lr0=1e-04 ===
=== EXP-T301 shadow fold=1 lr0=1e-03 ===
=== EXP-T301 shadow fold=1 lr0=1e-02 ===
/workspace_developability_acquisition/developability_drilldown/models/antibody_transformer/model.py:347: UserWarning: enable_nested_tensor is True, but self.use_nested_tensor is False because encoder_layer.norm_first was True
  self.encoder = nn.TransformerEncoder(_make_encoder_layer(), num_layers=n_layers)
=== EXP-T301 shadow fold=2 lr0=1e-05 ===
=== EXP-T301 shadow fold=2 lr0=1e-04 ===
=== EXP-T301 shadow fold=2 lr0=1e-03 ===
=== EXP-T301 shadow fold=2 lr0=1e-02 ===
/workspace_developability_acquisition/developability_drilldown/models/antibody_transformer/model.py:347: UserWarning: enable_nested_tensor is True, but self.use_nested_tensor is False because encoder_layer.norm_first was True
  self.encoder = nn.TransformerEncoder(_make_encoder_layer(), num_layers=n_layers)
=== EXP-T301 shadow fold=3 lr0=1e-05 ===
=== EXP-T301 shadow fold=3 lr0=1e-04 ===
=== EXP-T301 shadow fold=3 lr0=1e-03 ===
=== EXP-T301 shadow fold=3 lr0=1e-02 ===
/workspace_developability_acquisition/developability_drilldown/models/antibody_transformer/model.py:347: UserWarning: enable_nested_tensor is True, but self.use_nested_tensor is False because encoder_layer.norm_first was True
  self.encoder = nn.TransformerEncoder(_make_encoder_layer(), num_layers=n_layers)
=== EXP-T301 shadow fold=4 lr0=1e-05 ===
=== EXP-T301 shadow fold=4 lr0=1e-04 ===
=== EXP-T301 shadow fold=4 lr0=1e-03 ===
=== EXP-T301 shadow fold=4 lr0=1e-02 ===
/workspace_developability_acquisition/developability_drilldown/models/antibody_transformer/model.py:347: UserWarning: enable_nested_tensor is True, but self.use_nested_tensor is False because encoder_layer.norm_first was True
  self.encoder = nn.TransformerEncoder(_make_encoder_layer(), num_layers=n_layers)
DONE EXP-T301 mean=3.399854
==== TRAIN EXP-T302 currab_paired/D/FULL ====
/workspace_developability_acquisition/developability_drilldown/models/antibody_transformer/model.py:347: UserWarning: enable_nested_tensor is True, but self.use_nested_tensor is False because encoder_layer.norm_first was True
  self.encoder = nn.TransformerEncoder(_make_encoder_layer(), num_layers=n_layers)
=== EXP-T302 primary fold=0 lr0=1e-05 ===
=== EXP-T302 primary fold=0 lr0=1e-04 ===
=== EXP-T302 primary fold=0 lr0=1e-03 ===
=== EXP-T302 primary fold=0 lr0=1e-02 ===
/workspace_developability_acquisition/developability_drilldown/models/antibody_transformer/model.py:347: UserWarning: enable_nested_tensor is True, but self.use_nested_tensor is False because encoder_layer.norm_first was True
  self.encoder = nn.TransformerEncoder(_make_encoder_layer(), num_layers=n_layers)
=== EXP-T302 primary fold=1 lr0=1e-05 ===
=== EXP-T302 primary fold=1 lr0=1e-04 ===
=== EXP-T302 primary fold=1 lr0=1e-03 ===
=== EXP-T302 primary fold=1 lr0=1e-02 ===
/workspace_developability_acquisition/developability_drilldown/models/antibody_transformer/model.py:347: UserWarning: enable_nested_tensor is True, but self.use_nested_tensor is False because encoder_layer.norm_first was True
  self.encoder = nn.TransformerEncoder(_make_encoder_layer(), num_layers=n_layers)
=== EXP-T302 primary fold=2 lr0=1e-05 ===
=== EXP-T302 primary fold=2 lr0=1e-04 ===
=== EXP-T302 primary fold=2 lr0=1e-03 ===
=== EXP-T302 primary fold=2 lr0=1e-02 ===
/workspace_developability_acquisition/developability_drilldown/models/antibody_transformer/model.py:347: UserWarning: enable_nested_tensor is True, but self.use_nested_tensor is False because encoder_layer.norm_first was True
  self.encoder = nn.TransformerEncoder(_make_encoder_layer(), num_layers=n_layers)
=== EXP-T302 primary fold=3 lr0=1e-05 ===
=== EXP-T302 primary fold=3 lr0=1e-04 ===
=== EXP-T302 primary fold=3 lr0=1e-03 ===
=== EXP-T302 primary fold=3 lr0=1e-02 ===
/workspace_developability_acquisition/developability_drilldown/models/antibody_transformer/model.py:347: UserWarning: enable_nested_tensor is True, but self.use_nested_tensor is False because encoder_layer.norm_first was True
  self.encoder = nn.TransformerEncoder(_make_encoder_layer(), num_layers=n_layers)
=== EXP-T302 primary fold=4 lr0=1e-05 ===
=== EXP-T302 primary fold=4 lr0=1e-04 ===
=== EXP-T302 primary fold=4 lr0=1e-03 ===
=== EXP-T302 primary fold=4 lr0=1e-02 ===
/workspace_developability_acquisition/developability_drilldown/models/antibody_transformer/model.py:347: UserWarning: enable_nested_tensor is True, but self.use_nested_tensor is False because encoder_layer.norm_first was True
  self.encoder = nn.TransformerEncoder(_make_encoder_layer(), num_layers=n_layers)
=== EXP-T302 shadow fold=0 lr0=1e-05 ===
=== EXP-T302 shadow fold=0 lr0=1e-04 ===
=== EXP-T302 shadow fold=0 lr0=1e-03 ===
=== EXP-T302 shadow fold=0 lr0=1e-02 ===
/workspace_developability_acquisition/developability_drilldown/models/antibody_transformer/model.py:347: UserWarning: enable_nested_tensor is True, but self.use_nested_tensor is False because encoder_layer.norm_first was True
  self.encoder = nn.TransformerEncoder(_make_encoder_layer(), num_layers=n_layers)
=== EXP-T302 shadow fold=1 lr0=1e-05 ===
=== EXP-T302 shadow fold=1 lr0=1e-04 ===
=== EXP-T302 shadow fold=1 lr0=1e-03 ===
=== EXP-T302 shadow fold=1 lr0=1e-02 ===
/workspace_developability_acquisition/developability_drilldown/models/antibody_transformer/model.py:347: UserWarning: enable_nested_tensor is True, but self.use_nested_tensor is False because encoder_layer.norm_first was True
  self.encoder = nn.TransformerEncoder(_make_encoder_layer(), num_layers=n_layers)
=== EXP-T302 shadow fold=2 lr0=1e-05 ===
=== EXP-T302 shadow fold=2 lr0=1e-04 ===
=== EXP-T302 shadow fold=2 lr0=1e-03 ===
=== EXP-T302 shadow fold=2 lr0=1e-02 ===
/workspace_developability_acquisition/developability_drilldown/models/antibody_transformer/model.py:347: UserWarning: enable_nested_tensor is True, but self.use_nested_tensor is False because encoder_layer.norm_first was True
  self.encoder = nn.TransformerEncoder(_make_encoder_layer(), num_layers=n_layers)
=== EXP-T302 shadow fold=3 lr0=1e-05 ===
=== EXP-T302 shadow fold=3 lr0=1e-04 ===
=== EXP-T302 shadow fold=3 lr0=1e-03 ===
=== EXP-T302 shadow fold=3 lr0=1e-02 ===
/workspace_developability_acquisition/developability_drilldown/models/antibody_transformer/model.py:347: UserWarning: enable_nested_tensor is True, but self.use_nested_tensor is False because encoder_layer.norm_first was True
  self.encoder = nn.TransformerEncoder(_make_encoder_layer(), num_layers=n_layers)
=== EXP-T302 shadow fold=4 lr0=1e-05 ===
=== EXP-T302 shadow fold=4 lr0=1e-04 ===
=== EXP-T302 shadow fold=4 lr0=1e-03 ===
=== EXP-T302 shadow fold=4 lr0=1e-02 ===
/workspace_developability_acquisition/developability_drilldown/models/antibody_transformer/model.py:347: UserWarning: enable_nested_tensor is True, but self.use_nested_tensor is False because encoder_layer.norm_first was True
  self.encoder = nn.TransformerEncoder(_make_encoder_layer(), num_layers=n_layers)
DONE EXP-T302 mean=3.337809
==== TRAIN EXP-T303 currab_paired/A/BASE ====
/workspace_developability_acquisition/developability_drilldown/models/antibody_transformer/model.py:347: UserWarning: enable_nested_tensor is True, but self.use_nested_tensor is False because encoder_layer.norm_first was True
  self.encoder = nn.TransformerEncoder(_make_encoder_layer(), num_layers=n_layers)
=== EXP-T303 primary fold=0 lr0=1e-05 ===
=== EXP-T303 primary fold=0 lr0=1e-04 ===
=== EXP-T303 primary fold=0 lr0=1e-03 ===
=== EXP-T303 primary fold=0 lr0=1e-02 ===
/workspace_developability_acquisition/developability_drilldown/models/antibody_transformer/model.py:347: UserWarning: enable_nested_tensor is True, but self.use_nested_tensor is False because encoder_layer.norm_first was True
  self.encoder = nn.TransformerEncoder(_make_encoder_layer(), num_layers=n_layers)
=== EXP-T303 primary fold=1 lr0=1e-05 ===
=== EXP-T303 primary fold=1 lr0=1e-04 ===
=== EXP-T303 primary fold=1 lr0=1e-03 ===
=== EXP-T303 primary fold=1 lr0=1e-02 ===
/workspace_developability_acquisition/developability_drilldown/models/antibody_transformer/model.py:347: UserWarning: enable_nested_tensor is True, but self.use_nested_tensor is False because encoder_layer.norm_first was True
  self.encoder = nn.TransformerEncoder(_make_encoder_layer(), num_layers=n_layers)
=== EXP-T303 primary fold=2 lr0=1e-05 ===
=== EXP-T303 primary fold=2 lr0=1e-04 ===
=== EXP-T303 primary fold=2 lr0=1e-03 ===
=== EXP-T303 primary fold=2 lr0=1e-02 ===
/workspace_developability_acquisition/developability_drilldown/models/antibody_transformer/model.py:347: UserWarning: enable_nested_tensor is True, but self.use_nested_tensor is False because encoder_layer.norm_first was True
  self.encoder = nn.TransformerEncoder(_make_encoder_layer(), num_layers=n_layers)
=== EXP-T303 primary fold=3 lr0=1e-05 ===
=== EXP-T303 primary fold=3 lr0=1e-04 ===
=== EXP-T303 primary fold=3 lr0=1e-03 ===
=== EXP-T303 primary fold=3 lr0=1e-02 ===
/workspace_developability_acquisition/developability_drilldown/models/antibody_transformer/model.py:347: UserWarning: enable_nested_tensor is True, but self.use_nested_tensor is False because encoder_layer.norm_first was True
  self.encoder = nn.TransformerEncoder(_make_encoder_layer(), num_layers=n_layers)
=== EXP-T303 primary fold=4 lr0=1e-05 ===
=== EXP-T303 primary fold=4 lr0=1e-04 ===
=== EXP-T303 primary fold=4 lr0=1e-03 ===
=== EXP-T303 primary fold=4 lr0=1e-02 ===
/workspace_developability_acquisition/developability_drilldown/models/antibody_transformer/model.py:347: UserWarning: enable_nested_tensor is True, but self.use_nested_tensor is False because encoder_layer.norm_first was True
  self.encoder = nn.TransformerEncoder(_make_encoder_layer(), num_layers=n_layers)
=== EXP-T303 shadow fold=0 lr0=1e-05 ===
=== EXP-T303 shadow fold=0 lr0=1e-04 ===
=== EXP-T303 shadow fold=0 lr0=1e-03 ===
=== EXP-T303 shadow fold=0 lr0=1e-02 ===
/workspace_developability_acquisition/developability_drilldown/models/antibody_transformer/model.py:347: UserWarning: enable_nested_tensor is True, but self.use_nested_tensor is False because encoder_layer.norm_first was True
  self.encoder = nn.TransformerEncoder(_make_encoder_layer(), num_layers=n_layers)
=== EXP-T303 shadow fold=1 lr0=1e-05 ===
=== EXP-T303 shadow fold=1 lr0=1e-04 ===
=== EXP-T303 shadow fold=1 lr0=1e-03 ===
=== EXP-T303 shadow fold=1 lr0=1e-02 ===
/workspace_developability_acquisition/developability_drilldown/models/antibody_transformer/model.py:347: UserWarning: enable_nested_tensor is True, but self.use_nested_tensor is False because encoder_layer.norm_first was True
  self.encoder = nn.TransformerEncoder(_make_encoder_layer(), num_layers=n_layers)
=== EXP-T303 shadow fold=2 lr0=1e-05 ===
=== EXP-T303 shadow fold=2 lr0=1e-04 ===
=== EXP-T303 shadow fold=2 lr0=1e-03 ===
=== EXP-T303 shadow fold=2 lr0=1e-02 ===
/workspace_developability_acquisition/developability_drilldown/models/antibody_transformer/model.py:347: UserWarning: enable_nested_tensor is True, but self.use_nested_tensor is False because encoder_layer.norm_first was True
  self.encoder = nn.TransformerEncoder(_make_encoder_layer(), num_layers=n_layers)
=== EXP-T303 shadow fold=3 lr0=1e-05 ===
=== EXP-T303 shadow fold=3 lr0=1e-04 ===
=== EXP-T303 shadow fold=3 lr0=1e-03 ===
=== EXP-T303 shadow fold=3 lr0=1e-02 ===
/workspace_developability_acquisition/developability_drilldown/models/antibody_transformer/model.py:347: UserWarning: enable_nested_tensor is True, but self.use_nested_tensor is False because encoder_layer.norm_first was True
  self.encoder = nn.TransformerEncoder(_make_encoder_layer(), num_layers=n_layers)
=== EXP-T303 shadow fold=4 lr0=1e-05 ===
=== EXP-T303 shadow fold=4 lr0=1e-04 ===
=== EXP-T303 shadow fold=4 lr0=1e-03 ===
=== EXP-T303 shadow fold=4 lr0=1e-02 ===
/workspace_developability_acquisition/developability_drilldown/models/antibody_transformer/model.py:347: UserWarning: enable_nested_tensor is True, but self.use_nested_tensor is False because encoder_layer.norm_first was True
  self.encoder = nn.TransformerEncoder(_make_encoder_layer(), num_layers=n_layers)
DONE EXP-T303 mean=3.300798
==== TRAIN EXP-T304 currab_paired/B1/BASE ====
/workspace_developability_acquisition/developability_drilldown/models/antibody_transformer/model.py:347: UserWarning: enable_nested_tensor is True, but self.use_nested_tensor is False because encoder_layer.norm_first was True
  self.encoder = nn.TransformerEncoder(_make_encoder_layer(), num_layers=n_layers)
=== EXP-T304 primary fold=0 lr0=1e-05 ===
=== EXP-T304 primary fold=0 lr0=1e-04 ===
=== EXP-T304 primary fold=0 lr0=1e-03 ===
=== EXP-T304 primary fold=0 lr0=1e-02 ===
/workspace_developability_acquisition/developability_drilldown/models/antibody_transformer/model.py:347: UserWarning: enable_nested_tensor is True, but self.use_nested_tensor is False because encoder_layer.norm_first was True
  self.encoder = nn.TransformerEncoder(_make_encoder_layer(), num_layers=n_layers)
=== EXP-T304 primary fold=1 lr0=1e-05 ===
=== EXP-T304 primary fold=1 lr0=1e-04 ===
=== EXP-T304 primary fold=1 lr0=1e-03 ===
=== EXP-T304 primary fold=1 lr0=1e-02 ===
/workspace_developability_acquisition/developability_drilldown/models/antibody_transformer/model.py:347: UserWarning: enable_nested_tensor is True, but self.use_nested_tensor is False because encoder_layer.norm_first was True
  self.encoder = nn.TransformerEncoder(_make_encoder_layer(), num_layers=n_layers)
=== EXP-T304 primary fold=2 lr0=1e-05 ===
=== EXP-T304 primary fold=2 lr0=1e-04 ===
=== EXP-T304 primary fold=2 lr0=1e-03 ===
=== EXP-T304 primary fold=2 lr0=1e-02 ===
/workspace_developability_acquisition/developability_drilldown/models/antibody_transformer/model.py:347: UserWarning: enable_nested_tensor is True, but self.use_nested_tensor is False because encoder_layer.norm_first was True
  self.encoder = nn.TransformerEncoder(_make_encoder_layer(), num_layers=n_layers)
=== EXP-T304 primary fold=3 lr0=1e-05 ===
=== EXP-T304 primary fold=3 lr0=1e-04 ===
=== EXP-T304 primary fold=3 lr0=1e-03 ===
=== EXP-T304 primary fold=3 lr0=1e-02 ===
/workspace_developability_acquisition/developability_drilldown/models/antibody_transformer/model.py:347: UserWarning: enable_nested_tensor is True, but self.use_nested_tensor is False because encoder_layer.norm_first was True
  self.encoder = nn.TransformerEncoder(_make_encoder_layer(), num_layers=n_layers)
=== EXP-T304 primary fold=4 lr0=1e-05 ===
=== EXP-T304 primary fold=4 lr0=1e-04 ===
=== EXP-T304 primary fold=4 lr0=1e-03 ===
=== EXP-T304 primary fold=4 lr0=1e-02 ===
/workspace_developability_acquisition/developability_drilldown/models/antibody_transformer/model.py:347: UserWarning: enable_nested_tensor is True, but self.use_nested_tensor is False because encoder_layer.norm_first was True
  self.encoder = nn.TransformerEncoder(_make_encoder_layer(), num_layers=n_layers)
=== EXP-T304 shadow fold=0 lr0=1e-05 ===
=== EXP-T304 shadow fold=0 lr0=1e-04 ===
=== EXP-T304 shadow fold=0 lr0=1e-03 ===
=== EXP-T304 shadow fold=0 lr0=1e-02 ===
/workspace_developability_acquisition/developability_drilldown/models/antibody_transformer/model.py:347: UserWarning: enable_nested_tensor is True, but self.use_nested_tensor is False because encoder_layer.norm_first was True
  self.encoder = nn.TransformerEncoder(_make_encoder_layer(), num_layers=n_layers)
=== EXP-T304 shadow fold=1 lr0=1e-05 ===
=== EXP-T304 shadow fold=1 lr0=1e-04 ===
=== EXP-T304 shadow fold=1 lr0=1e-03 ===
=== EXP-T304 shadow fold=1 lr0=1e-02 ===
/workspace_developability_acquisition/developability_drilldown/models/antibody_transformer/model.py:347: UserWarning: enable_nested_tensor is True, but self.use_nested_tensor is False because encoder_layer.norm_first was True
  self.encoder = nn.TransformerEncoder(_make_encoder_layer(), num_layers=n_layers)
=== EXP-T304 shadow fold=2 lr0=1e-05 ===
=== EXP-T304 shadow fold=2 lr0=1e-04 ===
=== EXP-T304 shadow fold=2 lr0=1e-03 ===
=== EXP-T304 shadow fold=2 lr0=1e-02 ===
/workspace_developability_acquisition/developability_drilldown/models/antibody_transformer/model.py:347: UserWarning: enable_nested_tensor is True, but self.use_nested_tensor is False because encoder_layer.norm_first was True
  self.encoder = nn.TransformerEncoder(_make_encoder_layer(), num_layers=n_layers)
=== EXP-T304 shadow fold=3 lr0=1e-05 ===
=== EXP-T304 shadow fold=3 lr0=1e-04 ===
=== EXP-T304 shadow fold=3 lr0=1e-03 ===
=== EXP-T304 shadow fold=3 lr0=1e-02 ===
/workspace_developability_acquisition/developability_drilldown/models/antibody_transformer/model.py:347: UserWarning: enable_nested_tensor is True, but self.use_nested_tensor is False because encoder_layer.norm_first was True
  self.encoder = nn.TransformerEncoder(_make_encoder_layer(), num_layers=n_layers)
=== EXP-T304 shadow fold=4 lr0=1e-05 ===
=== EXP-T304 shadow fold=4 lr0=1e-04 ===
=== EXP-T304 shadow fold=4 lr0=1e-03 ===
=== EXP-T304 shadow fold=4 lr0=1e-02 ===
/workspace_developability_acquisition/developability_drilldown/models/antibody_transformer/model.py:347: UserWarning: enable_nested_tensor is True, but self.use_nested_tensor is False because encoder_layer.norm_first was True
  self.encoder = nn.TransformerEncoder(_make_encoder_layer(), num_layers=n_layers)
DONE EXP-T304 mean=3.550810
==== TRAIN EXP-T305 currab_paired/B2/BASE ====
/workspace_developability_acquisition/developability_drilldown/models/antibody_transformer/model.py:347: UserWarning: enable_nested_tensor is True, but self.use_nested_tensor is False because encoder_layer.norm_first was True
  self.encoder = nn.TransformerEncoder(_make_encoder_layer(), num_layers=n_layers)
=== EXP-T305 primary fold=0 lr0=1e-05 ===
=== EXP-T305 primary fold=0 lr0=1e-04 ===
=== EXP-T305 primary fold=0 lr0=1e-03 ===
=== EXP-T305 primary fold=0 lr0=1e-02 ===
/workspace_developability_acquisition/developability_drilldown/models/antibody_transformer/model.py:347: UserWarning: enable_nested_tensor is True, but self.use_nested_tensor is False because encoder_layer.norm_first was True
  self.encoder = nn.TransformerEncoder(_make_encoder_layer(), num_layers=n_layers)
=== EXP-T305 primary fold=1 lr0=1e-05 ===
=== EXP-T305 primary fold=1 lr0=1e-04 ===
=== EXP-T305 primary fold=1 lr0=1e-03 ===
=== EXP-T305 primary fold=1 lr0=1e-02 ===
/workspace_developability_acquisition/developability_drilldown/models/antibody_transformer/model.py:347: UserWarning: enable_nested_tensor is True, but self.use_nested_tensor is False because encoder_layer.norm_first was True
  self.encoder = nn.TransformerEncoder(_make_encoder_layer(), num_layers=n_layers)
=== EXP-T305 primary fold=2 lr0=1e-05 ===
=== EXP-T305 primary fold=2 lr0=1e-04 ===
=== EXP-T305 primary fold=2 lr0=1e-03 ===
=== EXP-T305 primary fold=2 lr0=1e-02 ===
/workspace_developability_acquisition/developability_drilldown/models/antibody_transformer/model.py:347: UserWarning: enable_nested_tensor is True, but self.use_nested_tensor is False because encoder_layer.norm_first was True
  self.encoder = nn.TransformerEncoder(_make_encoder_layer(), num_layers=n_layers)
=== EXP-T305 primary fold=3 lr0=1e-05 ===
=== EXP-T305 primary fold=3 lr0=1e-04 ===
=== EXP-T305 primary fold=3 lr0=1e-03 ===
=== EXP-T305 primary fold=3 lr0=1e-02 ===
/workspace_developability_acquisition/developability_drilldown/models/antibody_transformer/model.py:347: UserWarning: enable_nested_tensor is True, but self.use_nested_tensor is False because encoder_layer.norm_first was True
  self.encoder = nn.TransformerEncoder(_make_encoder_layer(), num_layers=n_layers)
=== EXP-T305 primary fold=4 lr0=1e-05 ===
=== EXP-T305 primary fold=4 lr0=1e-04 ===
=== EXP-T305 primary fold=4 lr0=1e-03 ===
=== EXP-T305 primary fold=4 lr0=1e-02 ===
/workspace_developability_acquisition/developability_drilldown/models/antibody_transformer/model.py:347: UserWarning: enable_nested_tensor is True, but self.use_nested_tensor is False because encoder_layer.norm_first was True
  self.encoder = nn.TransformerEncoder(_make_encoder_layer(), num_layers=n_layers)
=== EXP-T305 shadow fold=0 lr0=1e-05 ===
=== EXP-T305 shadow fold=0 lr0=1e-04 ===
=== EXP-T305 shadow fold=0 lr0=1e-03 ===
=== EXP-T305 shadow fold=0 lr0=1e-02 ===
/workspace_developability_acquisition/developability_drilldown/models/antibody_transformer/model.py:347: UserWarning: enable_nested_tensor is True, but self.use_nested_tensor is False because encoder_layer.norm_first was True
  self.encoder = nn.TransformerEncoder(_make_encoder_layer(), num_layers=n_layers)
=== EXP-T305 shadow fold=1 lr0=1e-05 ===
=== EXP-T305 shadow fold=1 lr0=1e-04 ===
=== EXP-T305 shadow fold=1 lr0=1e-03 ===
=== EXP-T305 shadow fold=1 lr0=1e-02 ===
/workspace_developability_acquisition/developability_drilldown/models/antibody_transformer/model.py:347: UserWarning: enable_nested_tensor is True, but self.use_nested_tensor is False because encoder_layer.norm_first was True
  self.encoder = nn.TransformerEncoder(_make_encoder_layer(), num_layers=n_layers)
=== EXP-T305 shadow fold=2 lr0=1e-05 ===
=== EXP-T305 shadow fold=2 lr0=1e-04 ===
=== EXP-T305 shadow fold=2 lr0=1e-03 ===
=== EXP-T305 shadow fold=2 lr0=1e-02 ===
/workspace_developability_acquisition/developability_drilldown/models/antibody_transformer/model.py:347: UserWarning: enable_nested_tensor is True, but self.use_nested_tensor is False because encoder_layer.norm_first was True
  self.encoder = nn.TransformerEncoder(_make_encoder_layer(), num_layers=n_layers)
=== EXP-T305 shadow fold=3 lr0=1e-05 ===
=== EXP-T305 shadow fold=3 lr0=1e-04 ===
=== EXP-T305 shadow fold=3 lr0=1e-03 ===
=== EXP-T305 shadow fold=3 lr0=1e-02 ===
/workspace_developability_acquisition/developability_drilldown/models/antibody_transformer/model.py:347: UserWarning: enable_nested_tensor is True, but self.use_nested_tensor is False because encoder_layer.norm_first was True
  self.encoder = nn.TransformerEncoder(_make_encoder_layer(), num_layers=n_layers)
=== EXP-T305 shadow fold=4 lr0=1e-05 ===
=== EXP-T305 shadow fold=4 lr0=1e-04 ===
=== EXP-T305 shadow fold=4 lr0=1e-03 ===
=== EXP-T305 shadow fold=4 lr0=1e-02 ===
/workspace_developability_acquisition/developability_drilldown/models/antibody_transformer/model.py:347: UserWarning: enable_nested_tensor is True, but self.use_nested_tensor is False because encoder_layer.norm_first was True
  self.encoder = nn.TransformerEncoder(_make_encoder_layer(), num_layers=n_layers)
DONE EXP-T305 mean=3.309592
==== TRAIN EXP-T306 currab_paired/C/BASE ====
/workspace_developability_acquisition/developability_drilldown/models/antibody_transformer/model.py:347: UserWarning: enable_nested_tensor is True, but self.use_nested_tensor is False because encoder_layer.norm_first was True
  self.encoder = nn.TransformerEncoder(_make_encoder_layer(), num_layers=n_layers)
=== EXP-T306 primary fold=0 lr0=1e-05 ===
=== EXP-T306 primary fold=0 lr0=1e-04 ===
=== EXP-T306 primary fold=0 lr0=1e-03 ===
=== EXP-T306 primary fold=0 lr0=1e-02 ===
/workspace_developability_acquisition/developability_drilldown/models/antibody_transformer/model.py:347: UserWarning: enable_nested_tensor is True, but self.use_nested_tensor is False because encoder_layer.norm_first was True
  self.encoder = nn.TransformerEncoder(_make_encoder_layer(), num_layers=n_layers)
=== EXP-T306 primary fold=1 lr0=1e-05 ===
=== EXP-T306 primary fold=1 lr0=1e-04 ===
=== EXP-T306 primary fold=1 lr0=1e-03 ===
=== EXP-T306 primary fold=1 lr0=1e-02 ===
/workspace_developability_acquisition/developability_drilldown/models/antibody_transformer/model.py:347: UserWarning: enable_nested_tensor is True, but self.use_nested_tensor is False because encoder_layer.norm_first was True
  self.encoder = nn.TransformerEncoder(_make_encoder_layer(), num_layers=n_layers)
=== EXP-T306 primary fold=2 lr0=1e-05 ===
=== EXP-T306 primary fold=2 lr0=1e-04 ===
=== EXP-T306 primary fold=2 lr0=1e-03 ===
=== EXP-T306 primary fold=2 lr0=1e-02 ===
/workspace_developability_acquisition/developability_drilldown/models/antibody_transformer/model.py:347: UserWarning: enable_nested_tensor is True, but self.use_nested_tensor is False because encoder_layer.norm_first was True
  self.encoder = nn.TransformerEncoder(_make_encoder_layer(), num_layers=n_layers)
=== EXP-T306 primary fold=3 lr0=1e-05 ===
=== EXP-T306 primary fold=3 lr0=1e-04 ===
=== EXP-T306 primary fold=3 lr0=1e-03 ===
=== EXP-T306 primary fold=3 lr0=1e-02 ===
/workspace_developability_acquisition/developability_drilldown/models/antibody_transformer/model.py:347: UserWarning: enable_nested_tensor is True, but self.use_nested_tensor is False because encoder_layer.norm_first was True
  self.encoder = nn.TransformerEncoder(_make_encoder_layer(), num_layers=n_layers)
=== EXP-T306 primary fold=4 lr0=1e-05 ===
=== EXP-T306 primary fold=4 lr0=1e-04 ===
=== EXP-T306 primary fold=4 lr0=1e-03 ===
=== EXP-T306 primary fold=4 lr0=1e-02 ===
/workspace_developability_acquisition/developability_drilldown/models/antibody_transformer/model.py:347: UserWarning: enable_nested_tensor is True, but self.use_nested_tensor is False because encoder_layer.norm_first was True
  self.encoder = nn.TransformerEncoder(_make_encoder_layer(), num_layers=n_layers)
=== EXP-T306 shadow fold=0 lr0=1e-05 ===
=== EXP-T306 shadow fold=0 lr0=1e-04 ===
=== EXP-T306 shadow fold=0 lr0=1e-03 ===
=== EXP-T306 shadow fold=0 lr0=1e-02 ===
/workspace_developability_acquisition/developability_drilldown/models/antibody_transformer/model.py:347: UserWarning: enable_nested_tensor is True, but self.use_nested_tensor is False because encoder_layer.norm_first was True
  self.encoder = nn.TransformerEncoder(_make_encoder_layer(), num_layers=n_layers)
=== EXP-T306 shadow fold=1 lr0=1e-05 ===
=== EXP-T306 shadow fold=1 lr0=1e-04 ===
=== EXP-T306 shadow fold=1 lr0=1e-03 ===
=== EXP-T306 shadow fold=1 lr0=1e-02 ===
/workspace_developability_acquisition/developability_drilldown/models/antibody_transformer/model.py:347: UserWarning: enable_nested_tensor is True, but self.use_nested_tensor is False because encoder_layer.norm_first was True
  self.encoder = nn.TransformerEncoder(_make_encoder_layer(), num_layers=n_layers)
=== EXP-T306 shadow fold=2 lr0=1e-05 ===
=== EXP-T306 shadow fold=2 lr0=1e-04 ===
=== EXP-T306 shadow fold=2 lr0=1e-03 ===
=== EXP-T306 shadow fold=2 lr0=1e-02 ===
/workspace_developability_acquisition/developability_drilldown/models/antibody_transformer/model.py:347: UserWarning: enable_nested_tensor is True, but self.use_nested_tensor is False because encoder_layer.norm_first was True
  self.encoder = nn.TransformerEncoder(_make_encoder_layer(), num_layers=n_layers)
=== EXP-T306 shadow fold=3 lr0=1e-05 ===
=== EXP-T306 shadow fold=3 lr0=1e-04 ===
=== EXP-T306 shadow fold=3 lr0=1e-03 ===
=== EXP-T306 shadow fold=3 lr0=1e-02 ===
/workspace_developability_acquisition/developability_drilldown/models/antibody_transformer/model.py:347: UserWarning: enable_nested_tensor is True, but self.use_nested_tensor is False because encoder_layer.norm_first was True
  self.encoder = nn.TransformerEncoder(_make_encoder_layer(), num_layers=n_layers)
=== EXP-T306 shadow fold=4 lr0=1e-05 ===
=== EXP-T306 shadow fold=4 lr0=1e-04 ===
=== EXP-T306 shadow fold=4 lr0=1e-03 ===
=== EXP-T306 shadow fold=4 lr0=1e-02 ===
/workspace_developability_acquisition/developability_drilldown/models/antibody_transformer/model.py:347: UserWarning: enable_nested_tensor is True, but self.use_nested_tensor is False because encoder_layer.norm_first was True
  self.encoder = nn.TransformerEncoder(_make_encoder_layer(), num_layers=n_layers)
DONE EXP-T306 mean=3.376508
==== TRAIN EXP-T307 currab_paired/D/BASE ====
/workspace_developability_acquisition/developability_drilldown/models/antibody_transformer/model.py:347: UserWarning: enable_nested_tensor is True, but self.use_nested_tensor is False because encoder_layer.norm_first was True
  self.encoder = nn.TransformerEncoder(_make_encoder_layer(), num_layers=n_layers)
=== EXP-T307 primary fold=0 lr0=1e-05 ===
=== EXP-T307 primary fold=0 lr0=1e-04 ===
=== EXP-T307 primary fold=0 lr0=1e-03 ===
=== EXP-T307 primary fold=0 lr0=1e-02 ===
/workspace_developability_acquisition/developability_drilldown/models/antibody_transformer/model.py:347: UserWarning: enable_nested_tensor is True, but self.use_nested_tensor is False because encoder_layer.norm_first was True
  self.encoder = nn.TransformerEncoder(_make_encoder_layer(), num_layers=n_layers)
=== EXP-T307 primary fold=1 lr0=1e-05 ===
=== EXP-T307 primary fold=1 lr0=1e-04 ===
=== EXP-T307 primary fold=1 lr0=1e-03 ===
=== EXP-T307 primary fold=1 lr0=1e-02 ===
/workspace_developability_acquisition/developability_drilldown/models/antibody_transformer/model.py:347: UserWarning: enable_nested_tensor is True, but self.use_nested_tensor is False because encoder_layer.norm_first was True
  self.encoder = nn.TransformerEncoder(_make_encoder_layer(), num_layers=n_layers)
=== EXP-T307 primary fold=2 lr0=1e-05 ===
=== EXP-T307 primary fold=2 lr0=1e-04 ===
=== EXP-T307 primary fold=2 lr0=1e-03 ===
=== EXP-T307 primary fold=2 lr0=1e-02 ===
/workspace_developability_acquisition/developability_drilldown/models/antibody_transformer/model.py:347: UserWarning: enable_nested_tensor is True, but self.use_nested_tensor is False because encoder_layer.norm_first was True
  self.encoder = nn.TransformerEncoder(_make_encoder_layer(), num_layers=n_layers)
=== EXP-T307 primary fold=3 lr0=1e-05 ===
=== EXP-T307 primary fold=3 lr0=1e-04 ===
=== EXP-T307 primary fold=3 lr0=1e-03 ===
=== EXP-T307 primary fold=3 lr0=1e-02 ===
/workspace_developability_acquisition/developability_drilldown/models/antibody_transformer/model.py:347: UserWarning: enable_nested_tensor is True, but self.use_nested_tensor is False because encoder_layer.norm_first was True
  self.encoder = nn.TransformerEncoder(_make_encoder_layer(), num_layers=n_layers)
=== EXP-T307 primary fold=4 lr0=1e-05 ===
=== EXP-T307 primary fold=4 lr0=1e-04 ===
=== EXP-T307 primary fold=4 lr0=1e-03 ===
=== EXP-T307 primary fold=4 lr0=1e-02 ===
/workspace_developability_acquisition/developability_drilldown/models/antibody_transformer/model.py:347: UserWarning: enable_nested_tensor is True, but self.use_nested_tensor is False because encoder_layer.norm_first was True
  self.encoder = nn.TransformerEncoder(_make_encoder_layer(), num_layers=n_layers)
=== EXP-T307 shadow fold=0 lr0=1e-05 ===
=== EXP-T307 shadow fold=0 lr0=1e-04 ===
=== EXP-T307 shadow fold=0 lr0=1e-03 ===
=== EXP-T307 shadow fold=0 lr0=1e-02 ===
/workspace_developability_acquisition/developability_drilldown/models/antibody_transformer/model.py:347: UserWarning: enable_nested_tensor is True, but self.use_nested_tensor is False because encoder_layer.norm_first was True
  self.encoder = nn.TransformerEncoder(_make_encoder_layer(), num_layers=n_layers)
=== EXP-T307 shadow fold=1 lr0=1e-05 ===
=== EXP-T307 shadow fold=1 lr0=1e-04 ===
=== EXP-T307 shadow fold=1 lr0=1e-03 ===
=== EXP-T307 shadow fold=1 lr0=1e-02 ===
/workspace_developability_acquisition/developability_drilldown/models/antibody_transformer/model.py:347: UserWarning: enable_nested_tensor is True, but self.use_nested_tensor is False because encoder_layer.norm_first was True
  self.encoder = nn.TransformerEncoder(_make_encoder_layer(), num_layers=n_layers)
=== EXP-T307 shadow fold=2 lr0=1e-05 ===
=== EXP-T307 shadow fold=2 lr0=1e-04 ===
=== EXP-T307 shadow fold=2 lr0=1e-03 ===
=== EXP-T307 shadow fold=2 lr0=1e-02 ===
/workspace_developability_acquisition/developability_drilldown/models/antibody_transformer/model.py:347: UserWarning: enable_nested_tensor is True, but self.use_nested_tensor is False because encoder_layer.norm_first was True
  self.encoder = nn.TransformerEncoder(_make_encoder_layer(), num_layers=n_layers)
=== EXP-T307 shadow fold=3 lr0=1e-05 ===
=== EXP-T307 shadow fold=3 lr0=1e-04 ===
=== EXP-T307 shadow fold=3 lr0=1e-03 ===
=== EXP-T307 shadow fold=3 lr0=1e-02 ===
/workspace_developability_acquisition/developability_drilldown/models/antibody_transformer/model.py:347: UserWarning: enable_nested_tensor is True, but self.use_nested_tensor is False because encoder_layer.norm_first was True
  self.encoder = nn.TransformerEncoder(_make_encoder_layer(), num_layers=n_layers)
=== EXP-T307 shadow fold=4 lr0=1e-05 ===
=== EXP-T307 shadow fold=4 lr0=1e-04 ===
=== EXP-T307 shadow fold=4 lr0=1e-03 ===
=== EXP-T307 shadow fold=4 lr0=1e-02 ===
/workspace_developability_acquisition/developability_drilldown/models/antibody_transformer/model.py:347: UserWarning: enable_nested_tensor is True, but self.use_nested_tensor is False because encoder_layer.norm_first was True
  self.encoder = nn.TransformerEncoder(_make_encoder_layer(), num_layers=n_layers)
DONE EXP-T307 mean=3.320593
==== TRAIN EXP-T308 currab_paired/A/IMGT ====
/workspace_developability_acquisition/developability_drilldown/models/antibody_transformer/model.py:347: UserWarning: enable_nested_tensor is True, but self.use_nested_tensor is False because encoder_layer.norm_first was True
  self.encoder = nn.TransformerEncoder(_make_encoder_layer(), num_layers=n_layers)
=== EXP-T308 primary fold=0 lr0=1e-05 ===
=== EXP-T308 primary fold=0 lr0=1e-04 ===
=== EXP-T308 primary fold=0 lr0=1e-03 ===
=== EXP-T308 primary fold=0 lr0=1e-02 ===
/workspace_developability_acquisition/developability_drilldown/models/antibody_transformer/model.py:347: UserWarning: enable_nested_tensor is True, but self.use_nested_tensor is False because encoder_layer.norm_first was True
  self.encoder = nn.TransformerEncoder(_make_encoder_layer(), num_layers=n_layers)
=== EXP-T308 primary fold=1 lr0=1e-05 ===
=== EXP-T308 primary fold=1 lr0=1e-04 ===
=== EXP-T308 primary fold=1 lr0=1e-03 ===
=== EXP-T308 primary fold=1 lr0=1e-02 ===
/workspace_developability_acquisition/developability_drilldown/models/antibody_transformer/model.py:347: UserWarning: enable_nested_tensor is True, but self.use_nested_tensor is False because encoder_layer.norm_first was True
  self.encoder = nn.TransformerEncoder(_make_encoder_layer(), num_layers=n_layers)
=== EXP-T308 primary fold=2 lr0=1e-05 ===
=== EXP-T308 primary fold=2 lr0=1e-04 ===
=== EXP-T308 primary fold=2 lr0=1e-03 ===
=== EXP-T308 primary fold=2 lr0=1e-02 ===
/workspace_developability_acquisition/developability_drilldown/models/antibody_transformer/model.py:347: UserWarning: enable_nested_tensor is True, but self.use_nested_tensor is False because encoder_layer.norm_first was True
  self.encoder = nn.TransformerEncoder(_make_encoder_layer(), num_layers=n_layers)
=== EXP-T308 primary fold=3 lr0=1e-05 ===
=== EXP-T308 primary fold=3 lr0=1e-04 ===
=== EXP-T308 primary fold=3 lr0=1e-03 ===
=== EXP-T308 primary fold=3 lr0=1e-02 ===
/workspace_developability_acquisition/developability_drilldown/models/antibody_transformer/model.py:347: UserWarning: enable_nested_tensor is True, but self.use_nested_tensor is False because encoder_layer.norm_first was True
  self.encoder = nn.TransformerEncoder(_make_encoder_layer(), num_layers=n_layers)
=== EXP-T308 primary fold=4 lr0=1e-05 ===
=== EXP-T308 primary fold=4 lr0=1e-04 ===
=== EXP-T308 primary fold=4 lr0=1e-03 ===
=== EXP-T308 primary fold=4 lr0=1e-02 ===
/workspace_developability_acquisition/developability_drilldown/models/antibody_transformer/model.py:347: UserWarning: enable_nested_tensor is True, but self.use_nested_tensor is False because encoder_layer.norm_first was True
  self.encoder = nn.TransformerEncoder(_make_encoder_layer(), num_layers=n_layers)
=== EXP-T308 shadow fold=0 lr0=1e-05 ===
=== EXP-T308 shadow fold=0 lr0=1e-04 ===
=== EXP-T308 shadow fold=0 lr0=1e-03 ===
=== EXP-T308 shadow fold=0 lr0=1e-02 ===
/workspace_developability_acquisition/developability_drilldown/models/antibody_transformer/model.py:347: UserWarning: enable_nested_tensor is True, but self.use_nested_tensor is False because encoder_layer.norm_first was True
  self.encoder = nn.TransformerEncoder(_make_encoder_layer(), num_layers=n_layers)
=== EXP-T308 shadow fold=1 lr0=1e-05 ===
=== EXP-T308 shadow fold=1 lr0=1e-04 ===
=== EXP-T308 shadow fold=1 lr0=1e-03 ===
=== EXP-T308 shadow fold=1 lr0=1e-02 ===
/workspace_developability_acquisition/developability_drilldown/models/antibody_transformer/model.py:347: UserWarning: enable_nested_tensor is True, but self.use_nested_tensor is False because encoder_layer.norm_first was True
  self.encoder = nn.TransformerEncoder(_make_encoder_layer(), num_layers=n_layers)
=== EXP-T308 shadow fold=2 lr0=1e-05 ===
=== EXP-T308 shadow fold=2 lr0=1e-04 ===
=== EXP-T308 shadow fold=2 lr0=1e-03 ===
=== EXP-T308 shadow fold=2 lr0=1e-02 ===
/workspace_developability_acquisition/developability_drilldown/models/antibody_transformer/model.py:347: UserWarning: enable_nested_tensor is True, but self.use_nested_tensor is False because encoder_layer.norm_first was True
  self.encoder = nn.TransformerEncoder(_make_encoder_layer(), num_layers=n_layers)
=== EXP-T308 shadow fold=3 lr0=1e-05 ===
=== EXP-T308 shadow fold=3 lr0=1e-04 ===
=== EXP-T308 shadow fold=3 lr0=1e-03 ===
=== EXP-T308 shadow fold=3 lr0=1e-02 ===
/workspace_developability_acquisition/developability_drilldown/models/antibody_transformer/model.py:347: UserWarning: enable_nested_tensor is True, but self.use_nested_tensor is False because encoder_layer.norm_first was True
  self.encoder = nn.TransformerEncoder(_make_encoder_layer(), num_layers=n_layers)
=== EXP-T308 shadow fold=4 lr0=1e-05 ===
=== EXP-T308 shadow fold=4 lr0=1e-04 ===
=== EXP-T308 shadow fold=4 lr0=1e-03 ===
=== EXP-T308 shadow fold=4 lr0=1e-02 ===
/workspace_developability_acquisition/developability_drilldown/models/antibody_transformer/model.py:347: UserWarning: enable_nested_tensor is True, but self.use_nested_tensor is False because encoder_layer.norm_first was True
  self.encoder = nn.TransformerEncoder(_make_encoder_layer(), num_layers=n_layers)
DONE EXP-T308 mean=3.387400
==== TRAIN EXP-T309 currab_paired/B1/IMGT ====
/workspace_developability_acquisition/developability_drilldown/models/antibody_transformer/model.py:347: UserWarning: enable_nested_tensor is True, but self.use_nested_tensor is False because encoder_layer.norm_first was True
  self.encoder = nn.TransformerEncoder(_make_encoder_layer(), num_layers=n_layers)
=== EXP-T309 primary fold=0 lr0=1e-05 ===
=== EXP-T309 primary fold=0 lr0=1e-04 ===
=== EXP-T309 primary fold=0 lr0=1e-03 ===
=== EXP-T309 primary fold=0 lr0=1e-02 ===
/workspace_developability_acquisition/developability_drilldown/models/antibody_transformer/model.py:347: UserWarning: enable_nested_tensor is True, but self.use_nested_tensor is False because encoder_layer.norm_first was True
  self.encoder = nn.TransformerEncoder(_make_encoder_layer(), num_layers=n_layers)
=== EXP-T309 primary fold=1 lr0=1e-05 ===
=== EXP-T309 primary fold=1 lr0=1e-04 ===
=== EXP-T309 primary fold=1 lr0=1e-03 ===
=== EXP-T309 primary fold=1 lr0=1e-02 ===
/workspace_developability_acquisition/developability_drilldown/models/antibody_transformer/model.py:347: UserWarning: enable_nested_tensor is True, but self.use_nested_tensor is False because encoder_layer.norm_first was True
  self.encoder = nn.TransformerEncoder(_make_encoder_layer(), num_layers=n_layers)
=== EXP-T309 primary fold=2 lr0=1e-05 ===
=== EXP-T309 primary fold=2 lr0=1e-04 ===
=== EXP-T309 primary fold=2 lr0=1e-03 ===
=== EXP-T309 primary fold=2 lr0=1e-02 ===
/workspace_developability_acquisition/developability_drilldown/models/antibody_transformer/model.py:347: UserWarning: enable_nested_tensor is True, but self.use_nested_tensor is False because encoder_layer.norm_first was True
  self.encoder = nn.TransformerEncoder(_make_encoder_layer(), num_layers=n_layers)
=== EXP-T309 primary fold=3 lr0=1e-05 ===
=== EXP-T309 primary fold=3 lr0=1e-04 ===
=== EXP-T309 primary fold=3 lr0=1e-03 ===
=== EXP-T309 primary fold=3 lr0=1e-02 ===
/workspace_developability_acquisition/developability_drilldown/models/antibody_transformer/model.py:347: UserWarning: enable_nested_tensor is True, but self.use_nested_tensor is False because encoder_layer.norm_first was True
  self.encoder = nn.TransformerEncoder(_make_encoder_layer(), num_layers=n_layers)
=== EXP-T309 primary fold=4 lr0=1e-05 ===
=== EXP-T309 primary fold=4 lr0=1e-04 ===
=== EXP-T309 primary fold=4 lr0=1e-03 ===
=== EXP-T309 primary fold=4 lr0=1e-02 ===
/workspace_developability_acquisition/developability_drilldown/models/antibody_transformer/model.py:347: UserWarning: enable_nested_tensor is True, but self.use_nested_tensor is False because encoder_layer.norm_first was True
  self.encoder = nn.TransformerEncoder(_make_encoder_layer(), num_layers=n_layers)
=== EXP-T309 shadow fold=0 lr0=1e-05 ===
=== EXP-T309 shadow fold=0 lr0=1e-04 ===
=== EXP-T309 shadow fold=0 lr0=1e-03 ===
=== EXP-T309 shadow fold=0 lr0=1e-02 ===
/workspace_developability_acquisition/developability_drilldown/models/antibody_transformer/model.py:347: UserWarning: enable_nested_tensor is True, but self.use_nested_tensor is False because encoder_layer.norm_first was True
  self.encoder = nn.TransformerEncoder(_make_encoder_layer(), num_layers=n_layers)
=== EXP-T309 shadow fold=1 lr0=1e-05 ===
=== EXP-T309 shadow fold=1 lr0=1e-04 ===
=== EXP-T309 shadow fold=1 lr0=1e-03 ===
=== EXP-T309 shadow fold=1 lr0=1e-02 ===
/workspace_developability_acquisition/developability_drilldown/models/antibody_transformer/model.py:347: UserWarning: enable_nested_tensor is True, but self.use_nested_tensor is False because encoder_layer.norm_first was True
  self.encoder = nn.TransformerEncoder(_make_encoder_layer(), num_layers=n_layers)
=== EXP-T309 shadow fold=2 lr0=1e-05 ===
=== EXP-T309 shadow fold=2 lr0=1e-04 ===
=== EXP-T309 shadow fold=2 lr0=1e-03 ===
=== EXP-T309 shadow fold=2 lr0=1e-02 ===
/workspace_developability_acquisition/developability_drilldown/models/antibody_transformer/model.py:347: UserWarning: enable_nested_tensor is True, but self.use_nested_tensor is False because encoder_layer.norm_first was True
  self.encoder = nn.TransformerEncoder(_make_encoder_layer(), num_layers=n_layers)
=== EXP-T309 shadow fold=3 lr0=1e-05 ===
=== EXP-T309 shadow fold=3 lr0=1e-04 ===
=== EXP-T309 shadow fold=3 lr0=1e-03 ===
=== EXP-T309 shadow fold=3 lr0=1e-02 ===
/workspace_developability_acquisition/developability_drilldown/models/antibody_transformer/model.py:347: UserWarning: enable_nested_tensor is True, but self.use_nested_tensor is False because encoder_layer.norm_first was True
  self.encoder = nn.TransformerEncoder(_make_encoder_layer(), num_layers=n_layers)
=== EXP-T309 shadow fold=4 lr0=1e-05 ===
=== EXP-T309 shadow fold=4 lr0=1e-04 ===
=== EXP-T309 shadow fold=4 lr0=1e-03 ===
=== EXP-T309 shadow fold=4 lr0=1e-02 ===
/workspace_developability_acquisition/developability_drilldown/models/antibody_transformer/model.py:347: UserWarning: enable_nested_tensor is True, but self.use_nested_tensor is False because encoder_layer.norm_first was True
  self.encoder = nn.TransformerEncoder(_make_encoder_layer(), num_layers=n_layers)
DONE EXP-T309 mean=3.368886
==== TRAIN EXP-T310 currab_paired/B2/IMGT ====
/workspace_developability_acquisition/developability_drilldown/models/antibody_transformer/model.py:347: UserWarning: enable_nested_tensor is True, but self.use_nested_tensor is False because encoder_layer.norm_first was True
  self.encoder = nn.TransformerEncoder(_make_encoder_layer(), num_layers=n_layers)
=== EXP-T310 primary fold=0 lr0=1e-05 ===
=== EXP-T310 primary fold=0 lr0=1e-04 ===
=== EXP-T310 primary fold=0 lr0=1e-03 ===
=== EXP-T310 primary fold=0 lr0=1e-02 ===
/workspace_developability_acquisition/developability_drilldown/models/antibody_transformer/model.py:347: UserWarning: enable_nested_tensor is True, but self.use_nested_tensor is False because encoder_layer.norm_first was True
  self.encoder = nn.TransformerEncoder(_make_encoder_layer(), num_layers=n_layers)
=== EXP-T310 primary fold=1 lr0=1e-05 ===
=== EXP-T310 primary fold=1 lr0=1e-04 ===
=== EXP-T310 primary fold=1 lr0=1e-03 ===
=== EXP-T310 primary fold=1 lr0=1e-02 ===
/workspace_developability_acquisition/developability_drilldown/models/antibody_transformer/model.py:347: UserWarning: enable_nested_tensor is True, but self.use_nested_tensor is False because encoder_layer.norm_first was True
  self.encoder = nn.TransformerEncoder(_make_encoder_layer(), num_layers=n_layers)
=== EXP-T310 primary fold=2 lr0=1e-05 ===
=== EXP-T310 primary fold=2 lr0=1e-04 ===
=== EXP-T310 primary fold=2 lr0=1e-03 ===
=== EXP-T310 primary fold=2 lr0=1e-02 ===
/workspace_developability_acquisition/developability_drilldown/models/antibody_transformer/model.py:347: UserWarning: enable_nested_tensor is True, but self.use_nested_tensor is False because encoder_layer.norm_first was True
  self.encoder = nn.TransformerEncoder(_make_encoder_layer(), num_layers=n_layers)
=== EXP-T310 primary fold=3 lr0=1e-05 ===
=== EXP-T310 primary fold=3 lr0=1e-04 ===
=== EXP-T310 primary fold=3 lr0=1e-03 ===
=== EXP-T310 primary fold=3 lr0=1e-02 ===
/workspace_developability_acquisition/developability_drilldown/models/antibody_transformer/model.py:347: UserWarning: enable_nested_tensor is True, but self.use_nested_tensor is False because encoder_layer.norm_first was True
  self.encoder = nn.TransformerEncoder(_make_encoder_layer(), num_layers=n_layers)
=== EXP-T310 primary fold=4 lr0=1e-05 ===
=== EXP-T310 primary fold=4 lr0=1e-04 ===
=== EXP-T310 primary fold=4 lr0=1e-03 ===
=== EXP-T310 primary fold=4 lr0=1e-02 ===
/workspace_developability_acquisition/developability_drilldown/models/antibody_transformer/model.py:347: UserWarning: enable_nested_tensor is True, but self.use_nested_tensor is False because encoder_layer.norm_first was True
  self.encoder = nn.TransformerEncoder(_make_encoder_layer(), num_layers=n_layers)
=== EXP-T310 shadow fold=0 lr0=1e-05 ===
=== EXP-T310 shadow fold=0 lr0=1e-04 ===
=== EXP-T310 shadow fold=0 lr0=1e-03 ===
=== EXP-T310 shadow fold=0 lr0=1e-02 ===
/workspace_developability_acquisition/developability_drilldown/models/antibody_transformer/model.py:347: UserWarning: enable_nested_tensor is True, but self.use_nested_tensor is False because encoder_layer.norm_first was True
  self.encoder = nn.TransformerEncoder(_make_encoder_layer(), num_layers=n_layers)
=== EXP-T310 shadow fold=1 lr0=1e-05 ===
=== EXP-T310 shadow fold=1 lr0=1e-04 ===
=== EXP-T310 shadow fold=1 lr0=1e-03 ===
=== EXP-T310 shadow fold=1 lr0=1e-02 ===
/workspace_developability_acquisition/developability_drilldown/models/antibody_transformer/model.py:347: UserWarning: enable_nested_tensor is True, but self.use_nested_tensor is False because encoder_layer.norm_first was True
  self.encoder = nn.TransformerEncoder(_make_encoder_layer(), num_layers=n_layers)
=== EXP-T310 shadow fold=2 lr0=1e-05 ===
=== EXP-T310 shadow fold=2 lr0=1e-04 ===
=== EXP-T310 shadow fold=2 lr0=1e-03 ===
=== EXP-T310 shadow fold=2 lr0=1e-02 ===
/workspace_developability_acquisition/developability_drilldown/models/antibody_transformer/model.py:347: UserWarning: enable_nested_tensor is True, but self.use_nested_tensor is False because encoder_layer.norm_first was True
  self.encoder = nn.TransformerEncoder(_make_encoder_layer(), num_layers=n_layers)
=== EXP-T310 shadow fold=3 lr0=1e-05 ===
=== EXP-T310 shadow fold=3 lr0=1e-04 ===
=== EXP-T310 shadow fold=3 lr0=1e-03 ===
=== EXP-T310 shadow fold=3 lr0=1e-02 ===
/workspace_developability_acquisition/developability_drilldown/models/antibody_transformer/model.py:347: UserWarning: enable_nested_tensor is True, but self.use_nested_tensor is False because encoder_layer.norm_first was True
  self.encoder = nn.TransformerEncoder(_make_encoder_layer(), num_layers=n_layers)
=== EXP-T310 shadow fold=4 lr0=1e-05 ===
=== EXP-T310 shadow fold=4 lr0=1e-04 ===
=== EXP-T310 shadow fold=4 lr0=1e-03 ===
=== EXP-T310 shadow fold=4 lr0=1e-02 ===
/workspace_developability_acquisition/developability_drilldown/models/antibody_transformer/model.py:347: UserWarning: enable_nested_tensor is True, but self.use_nested_tensor is False because encoder_layer.norm_first was True
  self.encoder = nn.TransformerEncoder(_make_encoder_layer(), num_layers=n_layers)
DONE EXP-T310 mean=3.389052
==== TRAIN EXP-T311 currab_paired/C/IMGT ====
/workspace_developability_acquisition/developability_drilldown/models/antibody_transformer/model.py:347: UserWarning: enable_nested_tensor is True, but self.use_nested_tensor is False because encoder_layer.norm_first was True
  self.encoder = nn.TransformerEncoder(_make_encoder_layer(), num_layers=n_layers)
=== EXP-T311 primary fold=0 lr0=1e-05 ===
=== EXP-T311 primary fold=0 lr0=1e-04 ===
=== EXP-T311 primary fold=0 lr0=1e-03 ===
=== EXP-T311 primary fold=0 lr0=1e-02 ===
/workspace_developability_acquisition/developability_drilldown/models/antibody_transformer/model.py:347: UserWarning: enable_nested_tensor is True, but self.use_nested_tensor is False because encoder_layer.norm_first was True
  self.encoder = nn.TransformerEncoder(_make_encoder_layer(), num_layers=n_layers)
=== EXP-T311 primary fold=1 lr0=1e-05 ===
=== EXP-T311 primary fold=1 lr0=1e-04 ===
=== EXP-T311 primary fold=1 lr0=1e-03 ===
=== EXP-T311 primary fold=1 lr0=1e-02 ===
/workspace_developability_acquisition/developability_drilldown/models/antibody_transformer/model.py:347: UserWarning: enable_nested_tensor is True, but self.use_nested_tensor is False because encoder_layer.norm_first was True
  self.encoder = nn.TransformerEncoder(_make_encoder_layer(), num_layers=n_layers)
=== EXP-T311 primary fold=2 lr0=1e-05 ===
=== EXP-T311 primary fold=2 lr0=1e-04 ===
=== EXP-T311 primary fold=2 lr0=1e-03 ===
=== EXP-T311 primary fold=2 lr0=1e-02 ===
/workspace_developability_acquisition/developability_drilldown/models/antibody_transformer/model.py:347: UserWarning: enable_nested_tensor is True, but self.use_nested_tensor is False because encoder_layer.norm_first was True
  self.encoder = nn.TransformerEncoder(_make_encoder_layer(), num_layers=n_layers)
=== EXP-T311 primary fold=3 lr0=1e-05 ===
=== EXP-T311 primary fold=3 lr0=1e-04 ===
=== EXP-T311 primary fold=3 lr0=1e-03 ===
=== EXP-T311 primary fold=3 lr0=1e-02 ===
/workspace_developability_acquisition/developability_drilldown/models/antibody_transformer/model.py:347: UserWarning: enable_nested_tensor is True, but self.use_nested_tensor is False because encoder_layer.norm_first was True
  self.encoder = nn.TransformerEncoder(_make_encoder_layer(), num_layers=n_layers)
=== EXP-T311 primary fold=4 lr0=1e-05 ===
=== EXP-T311 primary fold=4 lr0=1e-04 ===
=== EXP-T311 primary fold=4 lr0=1e-03 ===
=== EXP-T311 primary fold=4 lr0=1e-02 ===
/workspace_developability_acquisition/developability_drilldown/models/antibody_transformer/model.py:347: UserWarning: enable_nested_tensor is True, but self.use_nested_tensor is False because encoder_layer.norm_first was True
  self.encoder = nn.TransformerEncoder(_make_encoder_layer(), num_layers=n_layers)
=== EXP-T311 shadow fold=0 lr0=1e-05 ===
=== EXP-T311 shadow fold=0 lr0=1e-04 ===
=== EXP-T311 shadow fold=0 lr0=1e-03 ===
=== EXP-T311 shadow fold=0 lr0=1e-02 ===
/workspace_developability_acquisition/developability_drilldown/models/antibody_transformer/model.py:347: UserWarning: enable_nested_tensor is True, but self.use_nested_tensor is False because encoder_layer.norm_first was True
  self.encoder = nn.TransformerEncoder(_make_encoder_layer(), num_layers=n_layers)
=== EXP-T311 shadow fold=1 lr0=1e-05 ===
=== EXP-T311 shadow fold=1 lr0=1e-04 ===
=== EXP-T311 shadow fold=1 lr0=1e-03 ===
=== EXP-T311 shadow fold=1 lr0=1e-02 ===
/workspace_developability_acquisition/developability_drilldown/models/antibody_transformer/model.py:347: UserWarning: enable_nested_tensor is True, but self.use_nested_tensor is False because encoder_layer.norm_first was True
  self.encoder = nn.TransformerEncoder(_make_encoder_layer(), num_layers=n_layers)
=== EXP-T311 shadow fold=2 lr0=1e-05 ===
=== EXP-T311 shadow fold=2 lr0=1e-04 ===
=== EXP-T311 shadow fold=2 lr0=1e-03 ===
=== EXP-T311 shadow fold=2 lr0=1e-02 ===
/workspace_developability_acquisition/developability_drilldown/models/antibody_transformer/model.py:347: UserWarning: enable_nested_tensor is True, but self.use_nested_tensor is False because encoder_layer.norm_first was True
  self.encoder = nn.TransformerEncoder(_make_encoder_layer(), num_layers=n_layers)
=== EXP-T311 shadow fold=3 lr0=1e-05 ===
=== EXP-T311 shadow fold=3 lr0=1e-04 ===
=== EXP-T311 shadow fold=3 lr0=1e-03 ===
=== EXP-T311 shadow fold=3 lr0=1e-02 ===
/workspace_developability_acquisition/developability_drilldown/models/antibody_transformer/model.py:347: UserWarning: enable_nested_tensor is True, but self.use_nested_tensor is False because encoder_layer.norm_first was True
  self.encoder = nn.TransformerEncoder(_make_encoder_layer(), num_layers=n_layers)
=== EXP-T311 shadow fold=4 lr0=1e-05 ===
=== EXP-T311 shadow fold=4 lr0=1e-04 ===
=== EXP-T311 shadow fold=4 lr0=1e-03 ===
=== EXP-T311 shadow fold=4 lr0=1e-02 ===
/workspace_developability_acquisition/developability_drilldown/models/antibody_transformer/model.py:347: UserWarning: enable_nested_tensor is True, but self.use_nested_tensor is False because encoder_layer.norm_first was True
  self.encoder = nn.TransformerEncoder(_make_encoder_layer(), num_layers=n_layers)
DONE EXP-T311 mean=3.302004
==== TRAIN EXP-T312 currab_paired/D/IMGT ====
/workspace_developability_acquisition/developability_drilldown/models/antibody_transformer/model.py:347: UserWarning: enable_nested_tensor is True, but self.use_nested_tensor is False because encoder_layer.norm_first was True
  self.encoder = nn.TransformerEncoder(_make_encoder_layer(), num_layers=n_layers)
=== EXP-T312 primary fold=0 lr0=1e-05 ===
=== EXP-T312 primary fold=0 lr0=1e-04 ===
=== EXP-T312 primary fold=0 lr0=1e-03 ===
=== EXP-T312 primary fold=0 lr0=1e-02 ===
/workspace_developability_acquisition/developability_drilldown/models/antibody_transformer/model.py:347: UserWarning: enable_nested_tensor is True, but self.use_nested_tensor is False because encoder_layer.norm_first was True
  self.encoder = nn.TransformerEncoder(_make_encoder_layer(), num_layers=n_layers)
=== EXP-T312 primary fold=1 lr0=1e-05 ===
=== EXP-T312 primary fold=1 lr0=1e-04 ===
=== EXP-T312 primary fold=1 lr0=1e-03 ===
=== EXP-T312 primary fold=1 lr0=1e-02 ===
/workspace_developability_acquisition/developability_drilldown/models/antibody_transformer/model.py:347: UserWarning: enable_nested_tensor is True, but self.use_nested_tensor is False because encoder_layer.norm_first was True
  self.encoder = nn.TransformerEncoder(_make_encoder_layer(), num_layers=n_layers)
=== EXP-T312 primary fold=2 lr0=1e-05 ===
=== EXP-T312 primary fold=2 lr0=1e-04 ===
=== EXP-T312 primary fold=2 lr0=1e-03 ===
=== EXP-T312 primary fold=2 lr0=1e-02 ===
/workspace_developability_acquisition/developability_drilldown/models/antibody_transformer/model.py:347: UserWarning: enable_nested_tensor is True, but self.use_nested_tensor is False because encoder_layer.norm_first was True
  self.encoder = nn.TransformerEncoder(_make_encoder_layer(), num_layers=n_layers)
=== EXP-T312 primary fold=3 lr0=1e-05 ===
=== EXP-T312 primary fold=3 lr0=1e-04 ===
=== EXP-T312 primary fold=3 lr0=1e-03 ===
=== EXP-T312 primary fold=3 lr0=1e-02 ===
/workspace_developability_acquisition/developability_drilldown/models/antibody_transformer/model.py:347: UserWarning: enable_nested_tensor is True, but self.use_nested_tensor is False because encoder_layer.norm_first was True
  self.encoder = nn.TransformerEncoder(_make_encoder_layer(), num_layers=n_layers)
=== EXP-T312 primary fold=4 lr0=1e-05 ===
=== EXP-T312 primary fold=4 lr0=1e-04 ===
=== EXP-T312 primary fold=4 lr0=1e-03 ===
=== EXP-T312 primary fold=4 lr0=1e-02 ===
/workspace_developability_acquisition/developability_drilldown/models/antibody_transformer/model.py:347: UserWarning: enable_nested_tensor is True, but self.use_nested_tensor is False because encoder_layer.norm_first was True
  self.encoder = nn.TransformerEncoder(_make_encoder_layer(), num_layers=n_layers)
=== EXP-T312 shadow fold=0 lr0=1e-05 ===
=== EXP-T312 shadow fold=0 lr0=1e-04 ===
=== EXP-T312 shadow fold=0 lr0=1e-03 ===
=== EXP-T312 shadow fold=0 lr0=1e-02 ===
/workspace_developability_acquisition/developability_drilldown/models/antibody_transformer/model.py:347: UserWarning: enable_nested_tensor is True, but self.use_nested_tensor is False because encoder_layer.norm_first was True
  self.encoder = nn.TransformerEncoder(_make_encoder_layer(), num_layers=n_layers)
=== EXP-T312 shadow fold=1 lr0=1e-05 ===
=== EXP-T312 shadow fold=1 lr0=1e-04 ===
=== EXP-T312 shadow fold=1 lr0=1e-03 ===
=== EXP-T312 shadow fold=1 lr0=1e-02 ===
/workspace_developability_acquisition/developability_drilldown/models/antibody_transformer/model.py:347: UserWarning: enable_nested_tensor is True, but self.use_nested_tensor is False because encoder_layer.norm_first was True
  self.encoder = nn.TransformerEncoder(_make_encoder_layer(), num_layers=n_layers)
=== EXP-T312 shadow fold=2 lr0=1e-05 ===
=== EXP-T312 shadow fold=2 lr0=1e-04 ===
=== EXP-T312 shadow fold=2 lr0=1e-03 ===
=== EXP-T312 shadow fold=2 lr0=1e-02 ===
/workspace_developability_acquisition/developability_drilldown/models/antibody_transformer/model.py:347: UserWarning: enable_nested_tensor is True, but self.use_nested_tensor is False because encoder_layer.norm_first was True
  self.encoder = nn.TransformerEncoder(_make_encoder_layer(), num_layers=n_layers)
=== EXP-T312 shadow fold=3 lr0=1e-05 ===
=== EXP-T312 shadow fold=3 lr0=1e-04 ===
=== EXP-T312 shadow fold=3 lr0=1e-03 ===
=== EXP-T312 shadow fold=3 lr0=1e-02 ===
/workspace_developability_acquisition/developability_drilldown/models/antibody_transformer/model.py:347: UserWarning: enable_nested_tensor is True, but self.use_nested_tensor is False because encoder_layer.norm_first was True
  self.encoder = nn.TransformerEncoder(_make_encoder_layer(), num_layers=n_layers)
=== EXP-T312 shadow fold=4 lr0=1e-05 ===
=== EXP-T312 shadow fold=4 lr0=1e-04 ===
=== EXP-T312 shadow fold=4 lr0=1e-03 ===
=== EXP-T312 shadow fold=4 lr0=1e-02 ===
/workspace_developability_acquisition/developability_drilldown/models/antibody_transformer/model.py:347: UserWarning: enable_nested_tensor is True, but self.use_nested_tensor is False because encoder_layer.norm_first was True
  self.encoder = nn.TransformerEncoder(_make_encoder_layer(), num_layers=n_layers)
DONE EXP-T312 mean=3.269059
==== TRAIN EXP-T313 currab_paired/A/REGION ====
/workspace_developability_acquisition/developability_drilldown/models/antibody_transformer/model.py:347: UserWarning: enable_nested_tensor is True, but self.use_nested_tensor is False because encoder_layer.norm_first was True
  self.encoder = nn.TransformerEncoder(_make_encoder_layer(), num_layers=n_layers)
=== EXP-T313 primary fold=0 lr0=1e-05 ===
=== EXP-T313 primary fold=0 lr0=1e-04 ===
=== EXP-T313 primary fold=0 lr0=1e-03 ===
=== EXP-T313 primary fold=0 lr0=1e-02 ===
/workspace_developability_acquisition/developability_drilldown/models/antibody_transformer/model.py:347: UserWarning: enable_nested_tensor is True, but self.use_nested_tensor is False because encoder_layer.norm_first was True
  self.encoder = nn.TransformerEncoder(_make_encoder_layer(), num_layers=n_layers)
=== EXP-T313 primary fold=1 lr0=1e-05 ===
=== EXP-T313 primary fold=1 lr0=1e-04 ===
=== EXP-T313 primary fold=1 lr0=1e-03 ===
=== EXP-T313 primary fold=1 lr0=1e-02 ===
/workspace_developability_acquisition/developability_drilldown/models/antibody_transformer/model.py:347: UserWarning: enable_nested_tensor is True, but self.use_nested_tensor is False because encoder_layer.norm_first was True
  self.encoder = nn.TransformerEncoder(_make_encoder_layer(), num_layers=n_layers)
=== EXP-T313 primary fold=2 lr0=1e-05 ===
=== EXP-T313 primary fold=2 lr0=1e-04 ===
=== EXP-T313 primary fold=2 lr0=1e-03 ===
=== EXP-T313 primary fold=2 lr0=1e-02 ===
/workspace_developability_acquisition/developability_drilldown/models/antibody_transformer/model.py:347: UserWarning: enable_nested_tensor is True, but self.use_nested_tensor is False because encoder_layer.norm_first was True
  self.encoder = nn.TransformerEncoder(_make_encoder_layer(), num_layers=n_layers)
=== EXP-T313 primary fold=3 lr0=1e-05 ===
=== EXP-T313 primary fold=3 lr0=1e-04 ===
=== EXP-T313 primary fold=3 lr0=1e-03 ===
=== EXP-T313 primary fold=3 lr0=1e-02 ===
/workspace_developability_acquisition/developability_drilldown/models/antibody_transformer/model.py:347: UserWarning: enable_nested_tensor is True, but self.use_nested_tensor is False because encoder_layer.norm_first was True
  self.encoder = nn.TransformerEncoder(_make_encoder_layer(), num_layers=n_layers)
=== EXP-T313 primary fold=4 lr0=1e-05 ===
=== EXP-T313 primary fold=4 lr0=1e-04 ===
=== EXP-T313 primary fold=4 lr0=1e-03 ===
=== EXP-T313 primary fold=4 lr0=1e-02 ===
/workspace_developability_acquisition/developability_drilldown/models/antibody_transformer/model.py:347: UserWarning: enable_nested_tensor is True, but self.use_nested_tensor is False because encoder_layer.norm_first was True
  self.encoder = nn.TransformerEncoder(_make_encoder_layer(), num_layers=n_layers)
=== EXP-T313 shadow fold=0 lr0=1e-05 ===
=== EXP-T313 shadow fold=0 lr0=1e-04 ===
=== EXP-T313 shadow fold=0 lr0=1e-03 ===
=== EXP-T313 shadow fold=0 lr0=1e-02 ===
/workspace_developability_acquisition/developability_drilldown/models/antibody_transformer/model.py:347: UserWarning: enable_nested_tensor is True, but self.use_nested_tensor is False because encoder_layer.norm_first was True
  self.encoder = nn.TransformerEncoder(_make_encoder_layer(), num_layers=n_layers)
=== EXP-T313 shadow fold=1 lr0=1e-05 ===
=== EXP-T313 shadow fold=1 lr0=1e-04 ===
=== EXP-T313 shadow fold=1 lr0=1e-03 ===
=== EXP-T313 shadow fold=1 lr0=1e-02 ===
/workspace_developability_acquisition/developability_drilldown/models/antibody_transformer/model.py:347: UserWarning: enable_nested_tensor is True, but self.use_nested_tensor is False because encoder_layer.norm_first was True
  self.encoder = nn.TransformerEncoder(_make_encoder_layer(), num_layers=n_layers)
=== EXP-T313 shadow fold=2 lr0=1e-05 ===
=== EXP-T313 shadow fold=2 lr0=1e-04 ===
=== EXP-T313 shadow fold=2 lr0=1e-03 ===
=== EXP-T313 shadow fold=2 lr0=1e-02 ===
/workspace_developability_acquisition/developability_drilldown/models/antibody_transformer/model.py:347: UserWarning: enable_nested_tensor is True, but self.use_nested_tensor is False because encoder_layer.norm_first was True
  self.encoder = nn.TransformerEncoder(_make_encoder_layer(), num_layers=n_layers)
=== EXP-T313 shadow fold=3 lr0=1e-05 ===
=== EXP-T313 shadow fold=3 lr0=1e-04 ===
=== EXP-T313 shadow fold=3 lr0=1e-03 ===
=== EXP-T313 shadow fold=3 lr0=1e-02 ===
/workspace_developability_acquisition/developability_drilldown/models/antibody_transformer/model.py:347: UserWarning: enable_nested_tensor is True, but self.use_nested_tensor is False because encoder_layer.norm_first was True
  self.encoder = nn.TransformerEncoder(_make_encoder_layer(), num_layers=n_layers)
=== EXP-T313 shadow fold=4 lr0=1e-05 ===
=== EXP-T313 shadow fold=4 lr0=1e-04 ===
=== EXP-T313 shadow fold=4 lr0=1e-03 ===
=== EXP-T313 shadow fold=4 lr0=1e-02 ===
/workspace_developability_acquisition/developability_drilldown/models/antibody_transformer/model.py:347: UserWarning: enable_nested_tensor is True, but self.use_nested_tensor is False because encoder_layer.norm_first was True
  self.encoder = nn.TransformerEncoder(_make_encoder_layer(), num_layers=n_layers)
DONE EXP-T313 mean=3.379427
==== TRAIN EXP-T314 currab_paired/B1/REGION ====
/workspace_developability_acquisition/developability_drilldown/models/antibody_transformer/model.py:347: UserWarning: enable_nested_tensor is True, but self.use_nested_tensor is False because encoder_layer.norm_first was True
  self.encoder = nn.TransformerEncoder(_make_encoder_layer(), num_layers=n_layers)
=== EXP-T314 primary fold=0 lr0=1e-05 ===
=== EXP-T314 primary fold=0 lr0=1e-04 ===
=== EXP-T314 primary fold=0 lr0=1e-03 ===
=== EXP-T314 primary fold=0 lr0=1e-02 ===
/workspace_developability_acquisition/developability_drilldown/models/antibody_transformer/model.py:347: UserWarning: enable_nested_tensor is True, but self.use_nested_tensor is False because encoder_layer.norm_first was True
  self.encoder = nn.TransformerEncoder(_make_encoder_layer(), num_layers=n_layers)
=== EXP-T314 primary fold=1 lr0=1e-05 ===
=== EXP-T314 primary fold=1 lr0=1e-04 ===
=== EXP-T314 primary fold=1 lr0=1e-03 ===
=== EXP-T314 primary fold=1 lr0=1e-02 ===
/workspace_developability_acquisition/developability_drilldown/models/antibody_transformer/model.py:347: UserWarning: enable_nested_tensor is True, but self.use_nested_tensor is False because encoder_layer.norm_first was True
  self.encoder = nn.TransformerEncoder(_make_encoder_layer(), num_layers=n_layers)
=== EXP-T314 primary fold=2 lr0=1e-05 ===
=== EXP-T314 primary fold=2 lr0=1e-04 ===
=== EXP-T314 primary fold=2 lr0=1e-03 ===
=== EXP-T314 primary fold=2 lr0=1e-02 ===
/workspace_developability_acquisition/developability_drilldown/models/antibody_transformer/model.py:347: UserWarning: enable_nested_tensor is True, but self.use_nested_tensor is False because encoder_layer.norm_first was True
  self.encoder = nn.TransformerEncoder(_make_encoder_layer(), num_layers=n_layers)
=== EXP-T314 primary fold=3 lr0=1e-05 ===
=== EXP-T314 primary fold=3 lr0=1e-04 ===
=== EXP-T314 primary fold=3 lr0=1e-03 ===
=== EXP-T314 primary fold=3 lr0=1e-02 ===
/workspace_developability_acquisition/developability_drilldown/models/antibody_transformer/model.py:347: UserWarning: enable_nested_tensor is True, but self.use_nested_tensor is False because encoder_layer.norm_first was True
  self.encoder = nn.TransformerEncoder(_make_encoder_layer(), num_layers=n_layers)
=== EXP-T314 primary fold=4 lr0=1e-05 ===
=== EXP-T314 primary fold=4 lr0=1e-04 ===
=== EXP-T314 primary fold=4 lr0=1e-03 ===
=== EXP-T314 primary fold=4 lr0=1e-02 ===
/workspace_developability_acquisition/developability_drilldown/models/antibody_transformer/model.py:347: UserWarning: enable_nested_tensor is True, but self.use_nested_tensor is False because encoder_layer.norm_first was True
  self.encoder = nn.TransformerEncoder(_make_encoder_layer(), num_layers=n_layers)
=== EXP-T314 shadow fold=0 lr0=1e-05 ===
=== EXP-T314 shadow fold=0 lr0=1e-04 ===
=== EXP-T314 shadow fold=0 lr0=1e-03 ===
=== EXP-T314 shadow fold=0 lr0=1e-02 ===
/workspace_developability_acquisition/developability_drilldown/models/antibody_transformer/model.py:347: UserWarning: enable_nested_tensor is True, but self.use_nested_tensor is False because encoder_layer.norm_first was True
  self.encoder = nn.TransformerEncoder(_make_encoder_layer(), num_layers=n_layers)
=== EXP-T314 shadow fold=1 lr0=1e-05 ===
=== EXP-T314 shadow fold=1 lr0=1e-04 ===
=== EXP-T314 shadow fold=1 lr0=1e-03 ===
=== EXP-T314 shadow fold=1 lr0=1e-02 ===
/workspace_developability_acquisition/developability_drilldown/models/antibody_transformer/model.py:347: UserWarning: enable_nested_tensor is True, but self.use_nested_tensor is False because encoder_layer.norm_first was True
  self.encoder = nn.TransformerEncoder(_make_encoder_layer(), num_layers=n_layers)
=== EXP-T314 shadow fold=2 lr0=1e-05 ===
=== EXP-T314 shadow fold=2 lr0=1e-04 ===
=== EXP-T314 shadow fold=2 lr0=1e-03 ===
=== EXP-T314 shadow fold=2 lr0=1e-02 ===
/workspace_developability_acquisition/developability_drilldown/models/antibody_transformer/model.py:347: UserWarning: enable_nested_tensor is True, but self.use_nested_tensor is False because encoder_layer.norm_first was True
  self.encoder = nn.TransformerEncoder(_make_encoder_layer(), num_layers=n_layers)
=== EXP-T314 shadow fold=3 lr0=1e-05 ===
=== EXP-T314 shadow fold=3 lr0=1e-04 ===
=== EXP-T314 shadow fold=3 lr0=1e-03 ===
=== EXP-T314 shadow fold=3 lr0=1e-02 ===
/workspace_developability_acquisition/developability_drilldown/models/antibody_transformer/model.py:347: UserWarning: enable_nested_tensor is True, but self.use_nested_tensor is False because encoder_layer.norm_first was True
  self.encoder = nn.TransformerEncoder(_make_encoder_layer(), num_layers=n_layers)
=== EXP-T314 shadow fold=4 lr0=1e-05 ===
=== EXP-T314 shadow fold=4 lr0=1e-04 ===
=== EXP-T314 shadow fold=4 lr0=1e-03 ===
=== EXP-T314 shadow fold=4 lr0=1e-02 ===
/workspace_developability_acquisition/developability_drilldown/models/antibody_transformer/model.py:347: UserWarning: enable_nested_tensor is True, but self.use_nested_tensor is False because encoder_layer.norm_first was True
  self.encoder = nn.TransformerEncoder(_make_encoder_layer(), num_layers=n_layers)
DONE EXP-T314 mean=3.341405
==== TRAIN EXP-T315 currab_paired/B2/REGION ====
/workspace_developability_acquisition/developability_drilldown/models/antibody_transformer/model.py:347: UserWarning: enable_nested_tensor is True, but self.use_nested_tensor is False because encoder_layer.norm_first was True
  self.encoder = nn.TransformerEncoder(_make_encoder_layer(), num_layers=n_layers)
=== EXP-T315 primary fold=0 lr0=1e-05 ===
=== EXP-T315 primary fold=0 lr0=1e-04 ===
=== EXP-T315 primary fold=0 lr0=1e-03 ===
=== EXP-T315 primary fold=0 lr0=1e-02 ===
/workspace_developability_acquisition/developability_drilldown/models/antibody_transformer/model.py:347: UserWarning: enable_nested_tensor is True, but self.use_nested_tensor is False because encoder_layer.norm_first was True
  self.encoder = nn.TransformerEncoder(_make_encoder_layer(), num_layers=n_layers)
=== EXP-T315 primary fold=1 lr0=1e-05 ===
=== EXP-T315 primary fold=1 lr0=1e-04 ===
=== EXP-T315 primary fold=1 lr0=1e-03 ===
=== EXP-T315 primary fold=1 lr0=1e-02 ===
/workspace_developability_acquisition/developability_drilldown/models/antibody_transformer/model.py:347: UserWarning: enable_nested_tensor is True, but self.use_nested_tensor is False because encoder_layer.norm_first was True
  self.encoder = nn.TransformerEncoder(_make_encoder_layer(), num_layers=n_layers)
=== EXP-T315 primary fold=2 lr0=1e-05 ===
=== EXP-T315 primary fold=2 lr0=1e-04 ===
=== EXP-T315 primary fold=2 lr0=1e-03 ===
=== EXP-T315 primary fold=2 lr0=1e-02 ===
/workspace_developability_acquisition/developability_drilldown/models/antibody_transformer/model.py:347: UserWarning: enable_nested_tensor is True, but self.use_nested_tensor is False because encoder_layer.norm_first was True
  self.encoder = nn.TransformerEncoder(_make_encoder_layer(), num_layers=n_layers)
=== EXP-T315 primary fold=3 lr0=1e-05 ===
=== EXP-T315 primary fold=3 lr0=1e-04 ===
=== EXP-T315 primary fold=3 lr0=1e-03 ===
=== EXP-T315 primary fold=3 lr0=1e-02 ===
/workspace_developability_acquisition/developability_drilldown/models/antibody_transformer/model.py:347: UserWarning: enable_nested_tensor is True, but self.use_nested_tensor is False because encoder_layer.norm_first was True
  self.encoder = nn.TransformerEncoder(_make_encoder_layer(), num_layers=n_layers)
=== EXP-T315 primary fold=4 lr0=1e-05 ===
=== EXP-T315 primary fold=4 lr0=1e-04 ===
=== EXP-T315 primary fold=4 lr0=1e-03 ===
=== EXP-T315 primary fold=4 lr0=1e-02 ===
/workspace_developability_acquisition/developability_drilldown/models/antibody_transformer/model.py:347: UserWarning: enable_nested_tensor is True, but self.use_nested_tensor is False because encoder_layer.norm_first was True
  self.encoder = nn.TransformerEncoder(_make_encoder_layer(), num_layers=n_layers)
=== EXP-T315 shadow fold=0 lr0=1e-05 ===
=== EXP-T315 shadow fold=0 lr0=1e-04 ===
=== EXP-T315 shadow fold=0 lr0=1e-03 ===
=== EXP-T315 shadow fold=0 lr0=1e-02 ===
/workspace_developability_acquisition/developability_drilldown/models/antibody_transformer/model.py:347: UserWarning: enable_nested_tensor is True, but self.use_nested_tensor is False because encoder_layer.norm_first was True
  self.encoder = nn.TransformerEncoder(_make_encoder_layer(), num_layers=n_layers)
=== EXP-T315 shadow fold=1 lr0=1e-05 ===
=== EXP-T315 shadow fold=1 lr0=1e-04 ===
=== EXP-T315 shadow fold=1 lr0=1e-03 ===
=== EXP-T315 shadow fold=1 lr0=1e-02 ===
/workspace_developability_acquisition/developability_drilldown/models/antibody_transformer/model.py:347: UserWarning: enable_nested_tensor is True, but self.use_nested_tensor is False because encoder_layer.norm_first was True
  self.encoder = nn.TransformerEncoder(_make_encoder_layer(), num_layers=n_layers)
=== EXP-T315 shadow fold=2 lr0=1e-05 ===
=== EXP-T315 shadow fold=2 lr0=1e-04 ===
=== EXP-T315 shadow fold=2 lr0=1e-03 ===
=== EXP-T315 shadow fold=2 lr0=1e-02 ===
/workspace_developability_acquisition/developability_drilldown/models/antibody_transformer/model.py:347: UserWarning: enable_nested_tensor is True, but self.use_nested_tensor is False because encoder_layer.norm_first was True
  self.encoder = nn.TransformerEncoder(_make_encoder_layer(), num_layers=n_layers)
=== EXP-T315 shadow fold=3 lr0=1e-05 ===
=== EXP-T315 shadow fold=3 lr0=1e-04 ===
=== EXP-T315 shadow fold=3 lr0=1e-03 ===
=== EXP-T315 shadow fold=3 lr0=1e-02 ===
/workspace_developability_acquisition/developability_drilldown/models/antibody_transformer/model.py:347: UserWarning: enable_nested_tensor is True, but self.use_nested_tensor is False because encoder_layer.norm_first was True
  self.encoder = nn.TransformerEncoder(_make_encoder_layer(), num_layers=n_layers)
=== EXP-T315 shadow fold=4 lr0=1e-05 ===
=== EXP-T315 shadow fold=4 lr0=1e-04 ===
=== EXP-T315 shadow fold=4 lr0=1e-03 ===
=== EXP-T315 shadow fold=4 lr0=1e-02 ===
/workspace_developability_acquisition/developability_drilldown/models/antibody_transformer/model.py:347: UserWarning: enable_nested_tensor is True, but self.use_nested_tensor is False because encoder_layer.norm_first was True
  self.encoder = nn.TransformerEncoder(_make_encoder_layer(), num_layers=n_layers)
DONE EXP-T315 mean=3.342482
==== TRAIN EXP-T316 currab_paired/C/REGION ====
/workspace_developability_acquisition/developability_drilldown/models/antibody_transformer/model.py:347: UserWarning: enable_nested_tensor is True, but self.use_nested_tensor is False because encoder_layer.norm_first was True
  self.encoder = nn.TransformerEncoder(_make_encoder_layer(), num_layers=n_layers)
=== EXP-T316 primary fold=0 lr0=1e-05 ===
=== EXP-T316 primary fold=0 lr0=1e-04 ===
=== EXP-T316 primary fold=0 lr0=1e-03 ===
=== EXP-T316 primary fold=0 lr0=1e-02 ===
/workspace_developability_acquisition/developability_drilldown/models/antibody_transformer/model.py:347: UserWarning: enable_nested_tensor is True, but self.use_nested_tensor is False because encoder_layer.norm_first was True
  self.encoder = nn.TransformerEncoder(_make_encoder_layer(), num_layers=n_layers)
=== EXP-T316 primary fold=1 lr0=1e-05 ===
=== EXP-T316 primary fold=1 lr0=1e-04 ===
=== EXP-T316 primary fold=1 lr0=1e-03 ===
=== EXP-T316 primary fold=1 lr0=1e-02 ===
/workspace_developability_acquisition/developability_drilldown/models/antibody_transformer/model.py:347: UserWarning: enable_nested_tensor is True, but self.use_nested_tensor is False because encoder_layer.norm_first was True
  self.encoder = nn.TransformerEncoder(_make_encoder_layer(), num_layers=n_layers)
=== EXP-T316 primary fold=2 lr0=1e-05 ===
=== EXP-T316 primary fold=2 lr0=1e-04 ===
=== EXP-T316 primary fold=2 lr0=1e-03 ===
=== EXP-T316 primary fold=2 lr0=1e-02 ===
/workspace_developability_acquisition/developability_drilldown/models/antibody_transformer/model.py:347: UserWarning: enable_nested_tensor is True, but self.use_nested_tensor is False because encoder_layer.norm_first was True
  self.encoder = nn.TransformerEncoder(_make_encoder_layer(), num_layers=n_layers)
=== EXP-T316 primary fold=3 lr0=1e-05 ===
=== EXP-T316 primary fold=3 lr0=1e-04 ===
=== EXP-T316 primary fold=3 lr0=1e-03 ===
=== EXP-T316 primary fold=3 lr0=1e-02 ===
/workspace_developability_acquisition/developability_drilldown/models/antibody_transformer/model.py:347: UserWarning: enable_nested_tensor is True, but self.use_nested_tensor is False because encoder_layer.norm_first was True
  self.encoder = nn.TransformerEncoder(_make_encoder_layer(), num_layers=n_layers)
=== EXP-T316 primary fold=4 lr0=1e-05 ===
=== EXP-T316 primary fold=4 lr0=1e-04 ===
=== EXP-T316 primary fold=4 lr0=1e-03 ===
=== EXP-T316 primary fold=4 lr0=1e-02 ===
/workspace_developability_acquisition/developability_drilldown/models/antibody_transformer/model.py:347: UserWarning: enable_nested_tensor is True, but self.use_nested_tensor is False because encoder_layer.norm_first was True
  self.encoder = nn.TransformerEncoder(_make_encoder_layer(), num_layers=n_layers)
=== EXP-T316 shadow fold=0 lr0=1e-05 ===
=== EXP-T316 shadow fold=0 lr0=1e-04 ===
=== EXP-T316 shadow fold=0 lr0=1e-03 ===
=== EXP-T316 shadow fold=0 lr0=1e-02 ===
/workspace_developability_acquisition/developability_drilldown/models/antibody_transformer/model.py:347: UserWarning: enable_nested_tensor is True, but self.use_nested_tensor is False because encoder_layer.norm_first was True
  self.encoder = nn.TransformerEncoder(_make_encoder_layer(), num_layers=n_layers)
=== EXP-T316 shadow fold=1 lr0=1e-05 ===
=== EXP-T316 shadow fold=1 lr0=1e-04 ===
=== EXP-T316 shadow fold=1 lr0=1e-03 ===
=== EXP-T316 shadow fold=1 lr0=1e-02 ===
/workspace_developability_acquisition/developability_drilldown/models/antibody_transformer/model.py:347: UserWarning: enable_nested_tensor is True, but self.use_nested_tensor is False because encoder_layer.norm_first was True
  self.encoder = nn.TransformerEncoder(_make_encoder_layer(), num_layers=n_layers)
=== EXP-T316 shadow fold=2 lr0=1e-05 ===
=== EXP-T316 shadow fold=2 lr0=1e-04 ===
=== EXP-T316 shadow fold=2 lr0=1e-03 ===
=== EXP-T316 shadow fold=2 lr0=1e-02 ===
/workspace_developability_acquisition/developability_drilldown/models/antibody_transformer/model.py:347: UserWarning: enable_nested_tensor is True, but self.use_nested_tensor is False because encoder_layer.norm_first was True
  self.encoder = nn.TransformerEncoder(_make_encoder_layer(), num_layers=n_layers)
=== EXP-T316 shadow fold=3 lr0=1e-05 ===
=== EXP-T316 shadow fold=3 lr0=1e-04 ===
=== EXP-T316 shadow fold=3 lr0=1e-03 ===
=== EXP-T316 shadow fold=3 lr0=1e-02 ===
/workspace_developability_acquisition/developability_drilldown/models/antibody_transformer/model.py:347: UserWarning: enable_nested_tensor is True, but self.use_nested_tensor is False because encoder_layer.norm_first was True
  self.encoder = nn.TransformerEncoder(_make_encoder_layer(), num_layers=n_layers)
=== EXP-T316 shadow fold=4 lr0=1e-05 ===
=== EXP-T316 shadow fold=4 lr0=1e-04 ===
=== EXP-T316 shadow fold=4 lr0=1e-03 ===
=== EXP-T316 shadow fold=4 lr0=1e-02 ===
/workspace_developability_acquisition/developability_drilldown/models/antibody_transformer/model.py:347: UserWarning: enable_nested_tensor is True, but self.use_nested_tensor is False because encoder_layer.norm_first was True
  self.encoder = nn.TransformerEncoder(_make_encoder_layer(), num_layers=n_layers)
DONE EXP-T316 mean=3.380033
==== TRAIN EXP-T317 currab_paired/D/REGION ====
/workspace_developability_acquisition/developability_drilldown/models/antibody_transformer/model.py:347: UserWarning: enable_nested_tensor is True, but self.use_nested_tensor is False because encoder_layer.norm_first was True
  self.encoder = nn.TransformerEncoder(_make_encoder_layer(), num_layers=n_layers)
=== EXP-T317 primary fold=0 lr0=1e-05 ===
=== EXP-T317 primary fold=0 lr0=1e-04 ===
=== EXP-T317 primary fold=0 lr0=1e-03 ===
=== EXP-T317 primary fold=0 lr0=1e-02 ===
/workspace_developability_acquisition/developability_drilldown/models/antibody_transformer/model.py:347: UserWarning: enable_nested_tensor is True, but self.use_nested_tensor is False because encoder_layer.norm_first was True
  self.encoder = nn.TransformerEncoder(_make_encoder_layer(), num_layers=n_layers)
=== EXP-T317 primary fold=1 lr0=1e-05 ===
=== EXP-T317 primary fold=1 lr0=1e-04 ===
=== EXP-T317 primary fold=1 lr0=1e-03 ===
=== EXP-T317 primary fold=1 lr0=1e-02 ===
/workspace_developability_acquisition/developability_drilldown/models/antibody_transformer/model.py:347: UserWarning: enable_nested_tensor is True, but self.use_nested_tensor is False because encoder_layer.norm_first was True
  self.encoder = nn.TransformerEncoder(_make_encoder_layer(), num_layers=n_layers)
=== EXP-T317 primary fold=2 lr0=1e-05 ===
=== EXP-T317 primary fold=2 lr0=1e-04 ===
=== EXP-T317 primary fold=2 lr0=1e-03 ===
=== EXP-T317 primary fold=2 lr0=1e-02 ===
/workspace_developability_acquisition/developability_drilldown/models/antibody_transformer/model.py:347: UserWarning: enable_nested_tensor is True, but self.use_nested_tensor is False because encoder_layer.norm_first was True
  self.encoder = nn.TransformerEncoder(_make_encoder_layer(), num_layers=n_layers)
=== EXP-T317 primary fold=3 lr0=1e-05 ===
=== EXP-T317 primary fold=3 lr0=1e-04 ===
=== EXP-T317 primary fold=3 lr0=1e-03 ===
=== EXP-T317 primary fold=3 lr0=1e-02 ===
/workspace_developability_acquisition/developability_drilldown/models/antibody_transformer/model.py:347: UserWarning: enable_nested_tensor is True, but self.use_nested_tensor is False because encoder_layer.norm_first was True
  self.encoder = nn.TransformerEncoder(_make_encoder_layer(), num_layers=n_layers)
=== EXP-T317 primary fold=4 lr0=1e-05 ===
=== EXP-T317 primary fold=4 lr0=1e-04 ===
=== EXP-T317 primary fold=4 lr0=1e-03 ===
=== EXP-T317 primary fold=4 lr0=1e-02 ===
/workspace_developability_acquisition/developability_drilldown/models/antibody_transformer/model.py:347: UserWarning: enable_nested_tensor is True, but self.use_nested_tensor is False because encoder_layer.norm_first was True
  self.encoder = nn.TransformerEncoder(_make_encoder_layer(), num_layers=n_layers)
=== EXP-T317 shadow fold=0 lr0=1e-05 ===
=== EXP-T317 shadow fold=0 lr0=1e-04 ===
=== EXP-T317 shadow fold=0 lr0=1e-03 ===
=== EXP-T317 shadow fold=0 lr0=1e-02 ===
/workspace_developability_acquisition/developability_drilldown/models/antibody_transformer/model.py:347: UserWarning: enable_nested_tensor is True, but self.use_nested_tensor is False because encoder_layer.norm_first was True
  self.encoder = nn.TransformerEncoder(_make_encoder_layer(), num_layers=n_layers)
=== EXP-T317 shadow fold=1 lr0=1e-05 ===
=== EXP-T317 shadow fold=1 lr0=1e-04 ===
=== EXP-T317 shadow fold=1 lr0=1e-03 ===
=== EXP-T317 shadow fold=1 lr0=1e-02 ===
/workspace_developability_acquisition/developability_drilldown/models/antibody_transformer/model.py:347: UserWarning: enable_nested_tensor is True, but self.use_nested_tensor is False because encoder_layer.norm_first was True
  self.encoder = nn.TransformerEncoder(_make_encoder_layer(), num_layers=n_layers)
=== EXP-T317 shadow fold=2 lr0=1e-05 ===
=== EXP-T317 shadow fold=2 lr0=1e-04 ===
=== EXP-T317 shadow fold=2 lr0=1e-03 ===
=== EXP-T317 shadow fold=2 lr0=1e-02 ===
/workspace_developability_acquisition/developability_drilldown/models/antibody_transformer/model.py:347: UserWarning: enable_nested_tensor is True, but self.use_nested_tensor is False because encoder_layer.norm_first was True
  self.encoder = nn.TransformerEncoder(_make_encoder_layer(), num_layers=n_layers)
=== EXP-T317 shadow fold=3 lr0=1e-05 ===
=== EXP-T317 shadow fold=3 lr0=1e-04 ===
=== EXP-T317 shadow fold=3 lr0=1e-03 ===
=== EXP-T317 shadow fold=3 lr0=1e-02 ===
/workspace_developability_acquisition/developability_drilldown/models/antibody_transformer/model.py:347: UserWarning: enable_nested_tensor is True, but self.use_nested_tensor is False because encoder_layer.norm_first was True
  self.encoder = nn.TransformerEncoder(_make_encoder_layer(), num_layers=n_layers)
=== EXP-T317 shadow fold=4 lr0=1e-05 ===
=== EXP-T317 shadow fold=4 lr0=1e-04 ===
=== EXP-T317 shadow fold=4 lr0=1e-03 ===
=== EXP-T317 shadow fold=4 lr0=1e-02 ===
/workspace_developability_acquisition/developability_drilldown/models/antibody_transformer/model.py:347: UserWarning: enable_nested_tensor is True, but self.use_nested_tensor is False because encoder_layer.norm_first was True
  self.encoder = nn.TransformerEncoder(_make_encoder_layer(), num_layers=n_layers)
DONE EXP-T317 mean=3.321807
==== TRAIN EXP-T318 currab_unpaired/A/FULL ====
/workspace_developability_acquisition/developability_drilldown/models/antibody_transformer/model.py:347: UserWarning: enable_nested_tensor is True, but self.use_nested_tensor is False because encoder_layer.norm_first was True
  self.encoder = nn.TransformerEncoder(_make_encoder_layer(), num_layers=n_layers)
=== EXP-T318 primary fold=0 lr0=1e-05 ===
=== EXP-T318 primary fold=0 lr0=1e-04 ===
=== EXP-T318 primary fold=0 lr0=1e-03 ===
=== EXP-T318 primary fold=0 lr0=1e-02 ===
/workspace_developability_acquisition/developability_drilldown/models/antibody_transformer/model.py:347: UserWarning: enable_nested_tensor is True, but self.use_nested_tensor is False because encoder_layer.norm_first was True
  self.encoder = nn.TransformerEncoder(_make_encoder_layer(), num_layers=n_layers)
=== EXP-T318 primary fold=1 lr0=1e-05 ===
=== EXP-T318 primary fold=1 lr0=1e-04 ===
=== EXP-T318 primary fold=1 lr0=1e-03 ===
=== EXP-T318 primary fold=1 lr0=1e-02 ===
/workspace_developability_acquisition/developability_drilldown/models/antibody_transformer/model.py:347: UserWarning: enable_nested_tensor is True, but self.use_nested_tensor is False because encoder_layer.norm_first was True
  self.encoder = nn.TransformerEncoder(_make_encoder_layer(), num_layers=n_layers)
=== EXP-T318 primary fold=2 lr0=1e-05 ===
=== EXP-T318 primary fold=2 lr0=1e-04 ===
=== EXP-T318 primary fold=2 lr0=1e-03 ===
=== EXP-T318 primary fold=2 lr0=1e-02 ===
/workspace_developability_acquisition/developability_drilldown/models/antibody_transformer/model.py:347: UserWarning: enable_nested_tensor is True, but self.use_nested_tensor is False because encoder_layer.norm_first was True
  self.encoder = nn.TransformerEncoder(_make_encoder_layer(), num_layers=n_layers)
=== EXP-T318 primary fold=3 lr0=1e-05 ===
=== EXP-T318 primary fold=3 lr0=1e-04 ===
=== EXP-T318 primary fold=3 lr0=1e-03 ===
=== EXP-T318 primary fold=3 lr0=1e-02 ===
/workspace_developability_acquisition/developability_drilldown/models/antibody_transformer/model.py:347: UserWarning: enable_nested_tensor is True, but self.use_nested_tensor is False because encoder_layer.norm_first was True
  self.encoder = nn.TransformerEncoder(_make_encoder_layer(), num_layers=n_layers)
=== EXP-T318 primary fold=4 lr0=1e-05 ===
=== EXP-T318 primary fold=4 lr0=1e-04 ===
=== EXP-T318 primary fold=4 lr0=1e-03 ===
=== EXP-T318 primary fold=4 lr0=1e-02 ===
/workspace_developability_acquisition/developability_drilldown/models/antibody_transformer/model.py:347: UserWarning: enable_nested_tensor is True, but self.use_nested_tensor is False because encoder_layer.norm_first was True
  self.encoder = nn.TransformerEncoder(_make_encoder_layer(), num_layers=n_layers)
=== EXP-T318 shadow fold=0 lr0=1e-05 ===
=== EXP-T318 shadow fold=0 lr0=1e-04 ===
=== EXP-T318 shadow fold=0 lr0=1e-03 ===
=== EXP-T318 shadow fold=0 lr0=1e-02 ===
/workspace_developability_acquisition/developability_drilldown/models/antibody_transformer/model.py:347: UserWarning: enable_nested_tensor is True, but self.use_nested_tensor is False because encoder_layer.norm_first was True
  self.encoder = nn.TransformerEncoder(_make_encoder_layer(), num_layers=n_layers)
=== EXP-T318 shadow fold=1 lr0=1e-05 ===
=== EXP-T318 shadow fold=1 lr0=1e-04 ===
=== EXP-T318 shadow fold=1 lr0=1e-03 ===
=== EXP-T318 shadow fold=1 lr0=1e-02 ===
/workspace_developability_acquisition/developability_drilldown/models/antibody_transformer/model.py:347: UserWarning: enable_nested_tensor is True, but self.use_nested_tensor is False because encoder_layer.norm_first was True
  self.encoder = nn.TransformerEncoder(_make_encoder_layer(), num_layers=n_layers)
=== EXP-T318 shadow fold=2 lr0=1e-05 ===
=== EXP-T318 shadow fold=2 lr0=1e-04 ===
=== EXP-T318 shadow fold=2 lr0=1e-03 ===
=== EXP-T318 shadow fold=2 lr0=1e-02 ===
/workspace_developability_acquisition/developability_drilldown/models/antibody_transformer/model.py:347: UserWarning: enable_nested_tensor is True, but self.use_nested_tensor is False because encoder_layer.norm_first was True
  self.encoder = nn.TransformerEncoder(_make_encoder_layer(), num_layers=n_layers)
=== EXP-T318 shadow fold=3 lr0=1e-05 ===
=== EXP-T318 shadow fold=3 lr0=1e-04 ===
=== EXP-T318 shadow fold=3 lr0=1e-03 ===
=== EXP-T318 shadow fold=3 lr0=1e-02 ===
/workspace_developability_acquisition/developability_drilldown/models/antibody_transformer/model.py:347: UserWarning: enable_nested_tensor is True, but self.use_nested_tensor is False because encoder_layer.norm_first was True
  self.encoder = nn.TransformerEncoder(_make_encoder_layer(), num_layers=n_layers)
=== EXP-T318 shadow fold=4 lr0=1e-05 ===
=== EXP-T318 shadow fold=4 lr0=1e-04 ===
=== EXP-T318 shadow fold=4 lr0=1e-03 ===
=== EXP-T318 shadow fold=4 lr0=1e-02 ===
/workspace_developability_acquisition/developability_drilldown/models/antibody_transformer/model.py:347: UserWarning: enable_nested_tensor is True, but self.use_nested_tensor is False because encoder_layer.norm_first was True
  self.encoder = nn.TransformerEncoder(_make_encoder_layer(), num_layers=n_layers)
DONE EXP-T318 mean=3.393259
==== TRAIN EXP-T319 currab_unpaired/B1/FULL ====
/workspace_developability_acquisition/developability_drilldown/models/antibody_transformer/model.py:347: UserWarning: enable_nested_tensor is True, but self.use_nested_tensor is False because encoder_layer.norm_first was True
  self.encoder = nn.TransformerEncoder(_make_encoder_layer(), num_layers=n_layers)
=== EXP-T319 primary fold=0 lr0=1e-05 ===
=== EXP-T319 primary fold=0 lr0=1e-04 ===
=== EXP-T319 primary fold=0 lr0=1e-03 ===
=== EXP-T319 primary fold=0 lr0=1e-02 ===
/workspace_developability_acquisition/developability_drilldown/models/antibody_transformer/model.py:347: UserWarning: enable_nested_tensor is True, but self.use_nested_tensor is False because encoder_layer.norm_first was True
  self.encoder = nn.TransformerEncoder(_make_encoder_layer(), num_layers=n_layers)
=== EXP-T319 primary fold=1 lr0=1e-05 ===
=== EXP-T319 primary fold=1 lr0=1e-04 ===
=== EXP-T319 primary fold=1 lr0=1e-03 ===
=== EXP-T319 primary fold=1 lr0=1e-02 ===
/workspace_developability_acquisition/developability_drilldown/models/antibody_transformer/model.py:347: UserWarning: enable_nested_tensor is True, but self.use_nested_tensor is False because encoder_layer.norm_first was True
  self.encoder = nn.TransformerEncoder(_make_encoder_layer(), num_layers=n_layers)
=== EXP-T319 primary fold=2 lr0=1e-05 ===
=== EXP-T319 primary fold=2 lr0=1e-04 ===
=== EXP-T319 primary fold=2 lr0=1e-03 ===
=== EXP-T319 primary fold=2 lr0=1e-02 ===
/workspace_developability_acquisition/developability_drilldown/models/antibody_transformer/model.py:347: UserWarning: enable_nested_tensor is True, but self.use_nested_tensor is False because encoder_layer.norm_first was True
  self.encoder = nn.TransformerEncoder(_make_encoder_layer(), num_layers=n_layers)
=== EXP-T319 primary fold=3 lr0=1e-05 ===
=== EXP-T319 primary fold=3 lr0=1e-04 ===
=== EXP-T319 primary fold=3 lr0=1e-03 ===
=== EXP-T319 primary fold=3 lr0=1e-02 ===
/workspace_developability_acquisition/developability_drilldown/models/antibody_transformer/model.py:347: UserWarning: enable_nested_tensor is True, but self.use_nested_tensor is False because encoder_layer.norm_first was True
  self.encoder = nn.TransformerEncoder(_make_encoder_layer(), num_layers=n_layers)
=== EXP-T319 primary fold=4 lr0=1e-05 ===
=== EXP-T319 primary fold=4 lr0=1e-04 ===
=== EXP-T319 primary fold=4 lr0=1e-03 ===
=== EXP-T319 primary fold=4 lr0=1e-02 ===
/workspace_developability_acquisition/developability_drilldown/models/antibody_transformer/model.py:347: UserWarning: enable_nested_tensor is True, but self.use_nested_tensor is False because encoder_layer.norm_first was True
  self.encoder = nn.TransformerEncoder(_make_encoder_layer(), num_layers=n_layers)
=== EXP-T319 shadow fold=0 lr0=1e-05 ===
=== EXP-T319 shadow fold=0 lr0=1e-04 ===
=== EXP-T319 shadow fold=0 lr0=1e-03 ===
=== EXP-T319 shadow fold=0 lr0=1e-02 ===
/workspace_developability_acquisition/developability_drilldown/models/antibody_transformer/model.py:347: UserWarning: enable_nested_tensor is True, but self.use_nested_tensor is False because encoder_layer.norm_first was True
  self.encoder = nn.TransformerEncoder(_make_encoder_layer(), num_layers=n_layers)
=== EXP-T319 shadow fold=1 lr0=1e-05 ===
=== EXP-T319 shadow fold=1 lr0=1e-04 ===
=== EXP-T319 shadow fold=1 lr0=1e-03 ===
=== EXP-T319 shadow fold=1 lr0=1e-02 ===
/workspace_developability_acquisition/developability_drilldown/models/antibody_transformer/model.py:347: UserWarning: enable_nested_tensor is True, but self.use_nested_tensor is False because encoder_layer.norm_first was True
  self.encoder = nn.TransformerEncoder(_make_encoder_layer(), num_layers=n_layers)
=== EXP-T319 shadow fold=2 lr0=1e-05 ===
=== EXP-T319 shadow fold=2 lr0=1e-04 ===
=== EXP-T319 shadow fold=2 lr0=1e-03 ===
=== EXP-T319 shadow fold=2 lr0=1e-02 ===
/workspace_developability_acquisition/developability_drilldown/models/antibody_transformer/model.py:347: UserWarning: enable_nested_tensor is True, but self.use_nested_tensor is False because encoder_layer.norm_first was True
  self.encoder = nn.TransformerEncoder(_make_encoder_layer(), num_layers=n_layers)
=== EXP-T319 shadow fold=3 lr0=1e-05 ===
=== EXP-T319 shadow fold=3 lr0=1e-04 ===
=== EXP-T319 shadow fold=3 lr0=1e-03 ===
=== EXP-T319 shadow fold=3 lr0=1e-02 ===
/workspace_developability_acquisition/developability_drilldown/models/antibody_transformer/model.py:347: UserWarning: enable_nested_tensor is True, but self.use_nested_tensor is False because encoder_layer.norm_first was True
  self.encoder = nn.TransformerEncoder(_make_encoder_layer(), num_layers=n_layers)
=== EXP-T319 shadow fold=4 lr0=1e-05 ===
=== EXP-T319 shadow fold=4 lr0=1e-04 ===
=== EXP-T319 shadow fold=4 lr0=1e-03 ===
=== EXP-T319 shadow fold=4 lr0=1e-02 ===
/workspace_developability_acquisition/developability_drilldown/models/antibody_transformer/model.py:347: UserWarning: enable_nested_tensor is True, but self.use_nested_tensor is False because encoder_layer.norm_first was True
  self.encoder = nn.TransformerEncoder(_make_encoder_layer(), num_layers=n_layers)
DONE EXP-T319 mean=3.448013
==== TRAIN EXP-T320 currab_unpaired/B2/FULL ====
/workspace_developability_acquisition/developability_drilldown/models/antibody_transformer/model.py:347: UserWarning: enable_nested_tensor is True, but self.use_nested_tensor is False because encoder_layer.norm_first was True
  self.encoder = nn.TransformerEncoder(_make_encoder_layer(), num_layers=n_layers)
=== EXP-T320 primary fold=0 lr0=1e-05 ===
=== EXP-T320 primary fold=0 lr0=1e-04 ===
=== EXP-T320 primary fold=0 lr0=1e-03 ===
=== EXP-T320 primary fold=0 lr0=1e-02 ===
/workspace_developability_acquisition/developability_drilldown/models/antibody_transformer/model.py:347: UserWarning: enable_nested_tensor is True, but self.use_nested_tensor is False because encoder_layer.norm_first was True
  self.encoder = nn.TransformerEncoder(_make_encoder_layer(), num_layers=n_layers)
=== EXP-T320 primary fold=1 lr0=1e-05 ===
=== EXP-T320 primary fold=1 lr0=1e-04 ===
=== EXP-T320 primary fold=1 lr0=1e-03 ===
=== EXP-T320 primary fold=1 lr0=1e-02 ===
/workspace_developability_acquisition/developability_drilldown/models/antibody_transformer/model.py:347: UserWarning: enable_nested_tensor is True, but self.use_nested_tensor is False because encoder_layer.norm_first was True
  self.encoder = nn.TransformerEncoder(_make_encoder_layer(), num_layers=n_layers)
=== EXP-T320 primary fold=2 lr0=1e-05 ===
=== EXP-T320 primary fold=2 lr0=1e-04 ===
=== EXP-T320 primary fold=2 lr0=1e-03 ===
=== EXP-T320 primary fold=2 lr0=1e-02 ===
/workspace_developability_acquisition/developability_drilldown/models/antibody_transformer/model.py:347: UserWarning: enable_nested_tensor is True, but self.use_nested_tensor is False because encoder_layer.norm_first was True
  self.encoder = nn.TransformerEncoder(_make_encoder_layer(), num_layers=n_layers)
=== EXP-T320 primary fold=3 lr0=1e-05 ===
=== EXP-T320 primary fold=3 lr0=1e-04 ===
=== EXP-T320 primary fold=3 lr0=1e-03 ===
=== EXP-T320 primary fold=3 lr0=1e-02 ===
/workspace_developability_acquisition/developability_drilldown/models/antibody_transformer/model.py:347: UserWarning: enable_nested_tensor is True, but self.use_nested_tensor is False because encoder_layer.norm_first was True
  self.encoder = nn.TransformerEncoder(_make_encoder_layer(), num_layers=n_layers)
=== EXP-T320 primary fold=4 lr0=1e-05 ===
=== EXP-T320 primary fold=4 lr0=1e-04 ===
=== EXP-T320 primary fold=4 lr0=1e-03 ===
=== EXP-T320 primary fold=4 lr0=1e-02 ===
/workspace_developability_acquisition/developability_drilldown/models/antibody_transformer/model.py:347: UserWarning: enable_nested_tensor is True, but self.use_nested_tensor is False because encoder_layer.norm_first was True
  self.encoder = nn.TransformerEncoder(_make_encoder_layer(), num_layers=n_layers)
=== EXP-T320 shadow fold=0 lr0=1e-05 ===
=== EXP-T320 shadow fold=0 lr0=1e-04 ===
=== EXP-T320 shadow fold=0 lr0=1e-03 ===
=== EXP-T320 shadow fold=0 lr0=1e-02 ===
/workspace_developability_acquisition/developability_drilldown/models/antibody_transformer/model.py:347: UserWarning: enable_nested_tensor is True, but self.use_nested_tensor is False because encoder_layer.norm_first was True
  self.encoder = nn.TransformerEncoder(_make_encoder_layer(), num_layers=n_layers)
=== EXP-T320 shadow fold=1 lr0=1e-05 ===
=== EXP-T320 shadow fold=1 lr0=1e-04 ===
=== EXP-T320 shadow fold=1 lr0=1e-03 ===
=== EXP-T320 shadow fold=1 lr0=1e-02 ===
/workspace_developability_acquisition/developability_drilldown/models/antibody_transformer/model.py:347: UserWarning: enable_nested_tensor is True, but self.use_nested_tensor is False because encoder_layer.norm_first was True
  self.encoder = nn.TransformerEncoder(_make_encoder_layer(), num_layers=n_layers)
=== EXP-T320 shadow fold=2 lr0=1e-05 ===
=== EXP-T320 shadow fold=2 lr0=1e-04 ===
=== EXP-T320 shadow fold=2 lr0=1e-03 ===
=== EXP-T320 shadow fold=2 lr0=1e-02 ===
/workspace_developability_acquisition/developability_drilldown/models/antibody_transformer/model.py:347: UserWarning: enable_nested_tensor is True, but self.use_nested_tensor is False because encoder_layer.norm_first was True
  self.encoder = nn.TransformerEncoder(_make_encoder_layer(), num_layers=n_layers)
=== EXP-T320 shadow fold=3 lr0=1e-05 ===
=== EXP-T320 shadow fold=3 lr0=1e-04 ===
=== EXP-T320 shadow fold=3 lr0=1e-03 ===
=== EXP-T320 shadow fold=3 lr0=1e-02 ===
/workspace_developability_acquisition/developability_drilldown/models/antibody_transformer/model.py:347: UserWarning: enable_nested_tensor is True, but self.use_nested_tensor is False because encoder_layer.norm_first was True
  self.encoder = nn.TransformerEncoder(_make_encoder_layer(), num_layers=n_layers)
=== EXP-T320 shadow fold=4 lr0=1e-05 ===
=== EXP-T320 shadow fold=4 lr0=1e-04 ===
=== EXP-T320 shadow fold=4 lr0=1e-03 ===
=== EXP-T320 shadow fold=4 lr0=1e-02 ===
/workspace_developability_acquisition/developability_drilldown/models/antibody_transformer/model.py:347: UserWarning: enable_nested_tensor is True, but self.use_nested_tensor is False because encoder_layer.norm_first was True
  self.encoder = nn.TransformerEncoder(_make_encoder_layer(), num_layers=n_layers)
DONE EXP-T320 mean=3.376261
==== TRAIN EXP-T322 currab_unpaired/D/FULL ====
/workspace_developability_acquisition/developability_drilldown/models/antibody_transformer/model.py:347: UserWarning: enable_nested_tensor is True, but self.use_nested_tensor is False because encoder_layer.norm_first was True
  self.encoder = nn.TransformerEncoder(_make_encoder_layer(), num_layers=n_layers)
=== EXP-T322 primary fold=0 lr0=1e-05 ===
=== EXP-T322 primary fold=0 lr0=1e-04 ===
=== EXP-T322 primary fold=0 lr0=1e-03 ===
=== EXP-T322 primary fold=0 lr0=1e-02 ===
/workspace_developability_acquisition/developability_drilldown/models/antibody_transformer/model.py:347: UserWarning: enable_nested_tensor is True, but self.use_nested_tensor is False because encoder_layer.norm_first was True
  self.encoder = nn.TransformerEncoder(_make_encoder_layer(), num_layers=n_layers)
=== EXP-T322 primary fold=1 lr0=1e-05 ===
=== EXP-T322 primary fold=1 lr0=1e-04 ===
=== EXP-T322 primary fold=1 lr0=1e-03 ===
=== EXP-T322 primary fold=1 lr0=1e-02 ===
/workspace_developability_acquisition/developability_drilldown/models/antibody_transformer/model.py:347: UserWarning: enable_nested_tensor is True, but self.use_nested_tensor is False because encoder_layer.norm_first was True
  self.encoder = nn.TransformerEncoder(_make_encoder_layer(), num_layers=n_layers)
=== EXP-T322 primary fold=2 lr0=1e-05 ===
=== EXP-T322 primary fold=2 lr0=1e-04 ===
=== EXP-T322 primary fold=2 lr0=1e-03 ===
=== EXP-T322 primary fold=2 lr0=1e-02 ===
/workspace_developability_acquisition/developability_drilldown/models/antibody_transformer/model.py:347: UserWarning: enable_nested_tensor is True, but self.use_nested_tensor is False because encoder_layer.norm_first was True
  self.encoder = nn.TransformerEncoder(_make_encoder_layer(), num_layers=n_layers)
=== EXP-T322 primary fold=3 lr0=1e-05 ===
=== EXP-T322 primary fold=3 lr0=1e-04 ===
=== EXP-T322 primary fold=3 lr0=1e-03 ===
=== EXP-T322 primary fold=3 lr0=1e-02 ===
/workspace_developability_acquisition/developability_drilldown/models/antibody_transformer/model.py:347: UserWarning: enable_nested_tensor is True, but self.use_nested_tensor is False because encoder_layer.norm_first was True
  self.encoder = nn.TransformerEncoder(_make_encoder_layer(), num_layers=n_layers)
=== EXP-T322 primary fold=4 lr0=1e-05 ===
=== EXP-T322 primary fold=4 lr0=1e-04 ===
=== EXP-T322 primary fold=4 lr0=1e-03 ===
=== EXP-T322 primary fold=4 lr0=1e-02 ===
/workspace_developability_acquisition/developability_drilldown/models/antibody_transformer/model.py:347: UserWarning: enable_nested_tensor is True, but self.use_nested_tensor is False because encoder_layer.norm_first was True
  self.encoder = nn.TransformerEncoder(_make_encoder_layer(), num_layers=n_layers)
=== EXP-T322 shadow fold=0 lr0=1e-05 ===
=== EXP-T322 shadow fold=0 lr0=1e-04 ===
=== EXP-T322 shadow fold=0 lr0=1e-03 ===
=== EXP-T322 shadow fold=0 lr0=1e-02 ===
/workspace_developability_acquisition/developability_drilldown/models/antibody_transformer/model.py:347: UserWarning: enable_nested_tensor is True, but self.use_nested_tensor is False because encoder_layer.norm_first was True
  self.encoder = nn.TransformerEncoder(_make_encoder_layer(), num_layers=n_layers)
=== EXP-T322 shadow fold=1 lr0=1e-05 ===
=== EXP-T322 shadow fold=1 lr0=1e-04 ===
=== EXP-T322 shadow fold=1 lr0=1e-03 ===
=== EXP-T322 shadow fold=1 lr0=1e-02 ===
/workspace_developability_acquisition/developability_drilldown/models/antibody_transformer/model.py:347: UserWarning: enable_nested_tensor is True, but self.use_nested_tensor is False because encoder_layer.norm_first was True
  self.encoder = nn.TransformerEncoder(_make_encoder_layer(), num_layers=n_layers)
=== EXP-T322 shadow fold=2 lr0=1e-05 ===
=== EXP-T322 shadow fold=2 lr0=1e-04 ===
=== EXP-T322 shadow fold=2 lr0=1e-03 ===
=== EXP-T322 shadow fold=2 lr0=1e-02 ===
/workspace_developability_acquisition/developability_drilldown/models/antibody_transformer/model.py:347: UserWarning: enable_nested_tensor is True, but self.use_nested_tensor is False because encoder_layer.norm_first was True
  self.encoder = nn.TransformerEncoder(_make_encoder_layer(), num_layers=n_layers)
=== EXP-T322 shadow fold=3 lr0=1e-05 ===
=== EXP-T322 shadow fold=3 lr0=1e-04 ===
=== EXP-T322 shadow fold=3 lr0=1e-03 ===
=== EXP-T322 shadow fold=3 lr0=1e-02 ===
/workspace_developability_acquisition/developability_drilldown/models/antibody_transformer/model.py:347: UserWarning: enable_nested_tensor is True, but self.use_nested_tensor is False because encoder_layer.norm_first was True
  self.encoder = nn.TransformerEncoder(_make_encoder_layer(), num_layers=n_layers)
=== EXP-T322 shadow fold=4 lr0=1e-05 ===
=== EXP-T322 shadow fold=4 lr0=1e-04 ===
=== EXP-T322 shadow fold=4 lr0=1e-03 ===
=== EXP-T322 shadow fold=4 lr0=1e-02 ===
/workspace_developability_acquisition/developability_drilldown/models/antibody_transformer/model.py:347: UserWarning: enable_nested_tensor is True, but self.use_nested_tensor is False because encoder_layer.norm_first was True
  self.encoder = nn.TransformerEncoder(_make_encoder_layer(), num_layers=n_layers)
DONE EXP-T322 mean=3.395229
==== TRAIN EXP-T323 currab_unpaired/A/BASE ====
/workspace_developability_acquisition/developability_drilldown/models/antibody_transformer/model.py:347: UserWarning: enable_nested_tensor is True, but self.use_nested_tensor is False because encoder_layer.norm_first was True
  self.encoder = nn.TransformerEncoder(_make_encoder_layer(), num_layers=n_layers)
=== EXP-T323 primary fold=0 lr0=1e-05 ===
=== EXP-T323 primary fold=0 lr0=1e-04 ===
=== EXP-T323 primary fold=0 lr0=1e-03 ===
=== EXP-T323 primary fold=0 lr0=1e-02 ===
/workspace_developability_acquisition/developability_drilldown/models/antibody_transformer/model.py:347: UserWarning: enable_nested_tensor is True, but self.use_nested_tensor is False because encoder_layer.norm_first was True
  self.encoder = nn.TransformerEncoder(_make_encoder_layer(), num_layers=n_layers)
=== EXP-T323 primary fold=1 lr0=1e-05 ===
=== EXP-T323 primary fold=1 lr0=1e-04 ===
=== EXP-T323 primary fold=1 lr0=1e-03 ===
=== EXP-T323 primary fold=1 lr0=1e-02 ===
/workspace_developability_acquisition/developability_drilldown/models/antibody_transformer/model.py:347: UserWarning: enable_nested_tensor is True, but self.use_nested_tensor is False because encoder_layer.norm_first was True
  self.encoder = nn.TransformerEncoder(_make_encoder_layer(), num_layers=n_layers)
=== EXP-T323 primary fold=2 lr0=1e-05 ===
=== EXP-T323 primary fold=2 lr0=1e-04 ===
=== EXP-T323 primary fold=2 lr0=1e-03 ===
=== EXP-T323 primary fold=2 lr0=1e-02 ===
/workspace_developability_acquisition/developability_drilldown/models/antibody_transformer/model.py:347: UserWarning: enable_nested_tensor is True, but self.use_nested_tensor is False because encoder_layer.norm_first was True
  self.encoder = nn.TransformerEncoder(_make_encoder_layer(), num_layers=n_layers)
=== EXP-T323 primary fold=3 lr0=1e-05 ===
=== EXP-T323 primary fold=3 lr0=1e-04 ===
=== EXP-T323 primary fold=3 lr0=1e-03 ===
=== EXP-T323 primary fold=3 lr0=1e-02 ===
/workspace_developability_acquisition/developability_drilldown/models/antibody_transformer/model.py:347: UserWarning: enable_nested_tensor is True, but self.use_nested_tensor is False because encoder_layer.norm_first was True
  self.encoder = nn.TransformerEncoder(_make_encoder_layer(), num_layers=n_layers)
=== EXP-T323 primary fold=4 lr0=1e-05 ===
=== EXP-T323 primary fold=4 lr0=1e-04 ===
=== EXP-T323 primary fold=4 lr0=1e-03 ===
=== EXP-T323 primary fold=4 lr0=1e-02 ===
/workspace_developability_acquisition/developability_drilldown/models/antibody_transformer/model.py:347: UserWarning: enable_nested_tensor is True, but self.use_nested_tensor is False because encoder_layer.norm_first was True
  self.encoder = nn.TransformerEncoder(_make_encoder_layer(), num_layers=n_layers)
=== EXP-T323 shadow fold=0 lr0=1e-05 ===
=== EXP-T323 shadow fold=0 lr0=1e-04 ===
=== EXP-T323 shadow fold=0 lr0=1e-03 ===
=== EXP-T323 shadow fold=0 lr0=1e-02 ===
/workspace_developability_acquisition/developability_drilldown/models/antibody_transformer/model.py:347: UserWarning: enable_nested_tensor is True, but self.use_nested_tensor is False because encoder_layer.norm_first was True
  self.encoder = nn.TransformerEncoder(_make_encoder_layer(), num_layers=n_layers)
=== EXP-T323 shadow fold=1 lr0=1e-05 ===
=== EXP-T323 shadow fold=1 lr0=1e-04 ===
=== EXP-T323 shadow fold=1 lr0=1e-03 ===
=== EXP-T323 shadow fold=1 lr0=1e-02 ===
/workspace_developability_acquisition/developability_drilldown/models/antibody_transformer/model.py:347: UserWarning: enable_nested_tensor is True, but self.use_nested_tensor is False because encoder_layer.norm_first was True
  self.encoder = nn.TransformerEncoder(_make_encoder_layer(), num_layers=n_layers)
=== EXP-T323 shadow fold=2 lr0=1e-05 ===
=== EXP-T323 shadow fold=2 lr0=1e-04 ===
=== EXP-T323 shadow fold=2 lr0=1e-03 ===
=== EXP-T323 shadow fold=2 lr0=1e-02 ===
/workspace_developability_acquisition/developability_drilldown/models/antibody_transformer/model.py:347: UserWarning: enable_nested_tensor is True, but self.use_nested_tensor is False because encoder_layer.norm_first was True
  self.encoder = nn.TransformerEncoder(_make_encoder_layer(), num_layers=n_layers)
=== EXP-T323 shadow fold=3 lr0=1e-05 ===
=== EXP-T323 shadow fold=3 lr0=1e-04 ===
=== EXP-T323 shadow fold=3 lr0=1e-03 ===
=== EXP-T323 shadow fold=3 lr0=1e-02 ===
/workspace_developability_acquisition/developability_drilldown/models/antibody_transformer/model.py:347: UserWarning: enable_nested_tensor is True, but self.use_nested_tensor is False because encoder_layer.norm_first was True
  self.encoder = nn.TransformerEncoder(_make_encoder_layer(), num_layers=n_layers)
=== EXP-T323 shadow fold=4 lr0=1e-05 ===
=== EXP-T323 shadow fold=4 lr0=1e-04 ===
=== EXP-T323 shadow fold=4 lr0=1e-03 ===
=== EXP-T323 shadow fold=4 lr0=1e-02 ===
/workspace_developability_acquisition/developability_drilldown/models/antibody_transformer/model.py:347: UserWarning: enable_nested_tensor is True, but self.use_nested_tensor is False because encoder_layer.norm_first was True
  self.encoder = nn.TransformerEncoder(_make_encoder_layer(), num_layers=n_layers)
DONE EXP-T323 mean=3.473573
==== TRAIN EXP-T324 currab_unpaired/B1/BASE ====
/workspace_developability_acquisition/developability_drilldown/models/antibody_transformer/model.py:347: UserWarning: enable_nested_tensor is True, but self.use_nested_tensor is False because encoder_layer.norm_first was True
  self.encoder = nn.TransformerEncoder(_make_encoder_layer(), num_layers=n_layers)
=== EXP-T324 primary fold=0 lr0=1e-05 ===
=== EXP-T324 primary fold=0 lr0=1e-04 ===
=== EXP-T324 primary fold=0 lr0=1e-03 ===
=== EXP-T324 primary fold=0 lr0=1e-02 ===
/workspace_developability_acquisition/developability_drilldown/models/antibody_transformer/model.py:347: UserWarning: enable_nested_tensor is True, but self.use_nested_tensor is False because encoder_layer.norm_first was True
  self.encoder = nn.TransformerEncoder(_make_encoder_layer(), num_layers=n_layers)
=== EXP-T324 primary fold=1 lr0=1e-05 ===
=== EXP-T324 primary fold=1 lr0=1e-04 ===
=== EXP-T324 primary fold=1 lr0=1e-03 ===
=== EXP-T324 primary fold=1 lr0=1e-02 ===
/workspace_developability_acquisition/developability_drilldown/models/antibody_transformer/model.py:347: UserWarning: enable_nested_tensor is True, but self.use_nested_tensor is False because encoder_layer.norm_first was True
  self.encoder = nn.TransformerEncoder(_make_encoder_layer(), num_layers=n_layers)
=== EXP-T324 primary fold=2 lr0=1e-05 ===
=== EXP-T324 primary fold=2 lr0=1e-04 ===
=== EXP-T324 primary fold=2 lr0=1e-03 ===
=== EXP-T324 primary fold=2 lr0=1e-02 ===
/workspace_developability_acquisition/developability_drilldown/models/antibody_transformer/model.py:347: UserWarning: enable_nested_tensor is True, but self.use_nested_tensor is False because encoder_layer.norm_first was True
  self.encoder = nn.TransformerEncoder(_make_encoder_layer(), num_layers=n_layers)
=== EXP-T324 primary fold=3 lr0=1e-05 ===
=== EXP-T324 primary fold=3 lr0=1e-04 ===
=== EXP-T324 primary fold=3 lr0=1e-03 ===
=== EXP-T324 primary fold=3 lr0=1e-02 ===
/workspace_developability_acquisition/developability_drilldown/models/antibody_transformer/model.py:347: UserWarning: enable_nested_tensor is True, but self.use_nested_tensor is False because encoder_layer.norm_first was True
  self.encoder = nn.TransformerEncoder(_make_encoder_layer(), num_layers=n_layers)
=== EXP-T324 primary fold=4 lr0=1e-05 ===
=== EXP-T324 primary fold=4 lr0=1e-04 ===
=== EXP-T324 primary fold=4 lr0=1e-03 ===
=== EXP-T324 primary fold=4 lr0=1e-02 ===
/workspace_developability_acquisition/developability_drilldown/models/antibody_transformer/model.py:347: UserWarning: enable_nested_tensor is True, but self.use_nested_tensor is False because encoder_layer.norm_first was True
  self.encoder = nn.TransformerEncoder(_make_encoder_layer(), num_layers=n_layers)
=== EXP-T324 shadow fold=0 lr0=1e-05 ===
=== EXP-T324 shadow fold=0 lr0=1e-04 ===
=== EXP-T324 shadow fold=0 lr0=1e-03 ===
=== EXP-T324 shadow fold=0 lr0=1e-02 ===
/workspace_developability_acquisition/developability_drilldown/models/antibody_transformer/model.py:347: UserWarning: enable_nested_tensor is True, but self.use_nested_tensor is False because encoder_layer.norm_first was True
  self.encoder = nn.TransformerEncoder(_make_encoder_layer(), num_layers=n_layers)
=== EXP-T324 shadow fold=1 lr0=1e-05 ===
=== EXP-T324 shadow fold=1 lr0=1e-04 ===
=== EXP-T324 shadow fold=1 lr0=1e-03 ===
=== EXP-T324 shadow fold=1 lr0=1e-02 ===
/workspace_developability_acquisition/developability_drilldown/models/antibody_transformer/model.py:347: UserWarning: enable_nested_tensor is True, but self.use_nested_tensor is False because encoder_layer.norm_first was True
  self.encoder = nn.TransformerEncoder(_make_encoder_layer(), num_layers=n_layers)
=== EXP-T324 shadow fold=2 lr0=1e-05 ===
=== EXP-T324 shadow fold=2 lr0=1e-04 ===
=== EXP-T324 shadow fold=2 lr0=1e-03 ===
=== EXP-T324 shadow fold=2 lr0=1e-02 ===
/workspace_developability_acquisition/developability_drilldown/models/antibody_transformer/model.py:347: UserWarning: enable_nested_tensor is True, but self.use_nested_tensor is False because encoder_layer.norm_first was True
  self.encoder = nn.TransformerEncoder(_make_encoder_layer(), num_layers=n_layers)
=== EXP-T324 shadow fold=3 lr0=1e-05 ===
=== EXP-T324 shadow fold=3 lr0=1e-04 ===
=== EXP-T324 shadow fold=3 lr0=1e-03 ===
=== EXP-T324 shadow fold=3 lr0=1e-02 ===
/workspace_developability_acquisition/developability_drilldown/models/antibody_transformer/model.py:347: UserWarning: enable_nested_tensor is True, but self.use_nested_tensor is False because encoder_layer.norm_first was True
  self.encoder = nn.TransformerEncoder(_make_encoder_layer(), num_layers=n_layers)
=== EXP-T324 shadow fold=4 lr0=1e-05 ===
=== EXP-T324 shadow fold=4 lr0=1e-04 ===
=== EXP-T324 shadow fold=4 lr0=1e-03 ===
=== EXP-T324 shadow fold=4 lr0=1e-02 ===
/workspace_developability_acquisition/developability_drilldown/models/antibody_transformer/model.py:347: UserWarning: enable_nested_tensor is True, but self.use_nested_tensor is False because encoder_layer.norm_first was True
  self.encoder = nn.TransformerEncoder(_make_encoder_layer(), num_layers=n_layers)
DONE EXP-T324 mean=3.431371
==== TRAIN EXP-T325 currab_unpaired/B2/BASE ====
/workspace_developability_acquisition/developability_drilldown/models/antibody_transformer/model.py:347: UserWarning: enable_nested_tensor is True, but self.use_nested_tensor is False because encoder_layer.norm_first was True
  self.encoder = nn.TransformerEncoder(_make_encoder_layer(), num_layers=n_layers)
=== EXP-T325 primary fold=0 lr0=1e-05 ===
=== EXP-T325 primary fold=0 lr0=1e-04 ===
=== EXP-T325 primary fold=0 lr0=1e-03 ===
=== EXP-T325 primary fold=0 lr0=1e-02 ===
/workspace_developability_acquisition/developability_drilldown/models/antibody_transformer/model.py:347: UserWarning: enable_nested_tensor is True, but self.use_nested_tensor is False because encoder_layer.norm_first was True
  self.encoder = nn.TransformerEncoder(_make_encoder_layer(), num_layers=n_layers)
=== EXP-T325 primary fold=1 lr0=1e-05 ===
=== EXP-T325 primary fold=1 lr0=1e-04 ===
=== EXP-T325 primary fold=1 lr0=1e-03 ===
=== EXP-T325 primary fold=1 lr0=1e-02 ===
/workspace_developability_acquisition/developability_drilldown/models/antibody_transformer/model.py:347: UserWarning: enable_nested_tensor is True, but self.use_nested_tensor is False because encoder_layer.norm_first was True
  self.encoder = nn.TransformerEncoder(_make_encoder_layer(), num_layers=n_layers)
=== EXP-T325 primary fold=2 lr0=1e-05 ===
=== EXP-T325 primary fold=2 lr0=1e-04 ===
=== EXP-T325 primary fold=2 lr0=1e-03 ===
=== EXP-T325 primary fold=2 lr0=1e-02 ===
/workspace_developability_acquisition/developability_drilldown/models/antibody_transformer/model.py:347: UserWarning: enable_nested_tensor is True, but self.use_nested_tensor is False because encoder_layer.norm_first was True
  self.encoder = nn.TransformerEncoder(_make_encoder_layer(), num_layers=n_layers)
=== EXP-T325 primary fold=3 lr0=1e-05 ===
=== EXP-T325 primary fold=3 lr0=1e-04 ===
=== EXP-T325 primary fold=3 lr0=1e-03 ===
=== EXP-T325 primary fold=3 lr0=1e-02 ===
/workspace_developability_acquisition/developability_drilldown/models/antibody_transformer/model.py:347: UserWarning: enable_nested_tensor is True, but self.use_nested_tensor is False because encoder_layer.norm_first was True
  self.encoder = nn.TransformerEncoder(_make_encoder_layer(), num_layers=n_layers)
=== EXP-T325 primary fold=4 lr0=1e-05 ===
=== EXP-T325 primary fold=4 lr0=1e-04 ===
=== EXP-T325 primary fold=4 lr0=1e-03 ===
=== EXP-T325 primary fold=4 lr0=1e-02 ===
/workspace_developability_acquisition/developability_drilldown/models/antibody_transformer/model.py:347: UserWarning: enable_nested_tensor is True, but self.use_nested_tensor is False because encoder_layer.norm_first was True
  self.encoder = nn.TransformerEncoder(_make_encoder_layer(), num_layers=n_layers)
=== EXP-T325 shadow fold=0 lr0=1e-05 ===
=== EXP-T325 shadow fold=0 lr0=1e-04 ===
=== EXP-T325 shadow fold=0 lr0=1e-03 ===
=== EXP-T325 shadow fold=0 lr0=1e-02 ===
/workspace_developability_acquisition/developability_drilldown/models/antibody_transformer/model.py:347: UserWarning: enable_nested_tensor is True, but self.use_nested_tensor is False because encoder_layer.norm_first was True
  self.encoder = nn.TransformerEncoder(_make_encoder_layer(), num_layers=n_layers)
=== EXP-T325 shadow fold=1 lr0=1e-05 ===
=== EXP-T325 shadow fold=1 lr0=1e-04 ===
=== EXP-T325 shadow fold=1 lr0=1e-03 ===
=== EXP-T325 shadow fold=1 lr0=1e-02 ===
/workspace_developability_acquisition/developability_drilldown/models/antibody_transformer/model.py:347: UserWarning: enable_nested_tensor is True, but self.use_nested_tensor is False because encoder_layer.norm_first was True
  self.encoder = nn.TransformerEncoder(_make_encoder_layer(), num_layers=n_layers)
=== EXP-T325 shadow fold=2 lr0=1e-05 ===
=== EXP-T325 shadow fold=2 lr0=1e-04 ===
=== EXP-T325 shadow fold=2 lr0=1e-03 ===
=== EXP-T325 shadow fold=2 lr0=1e-02 ===
/workspace_developability_acquisition/developability_drilldown/models/antibody_transformer/model.py:347: UserWarning: enable_nested_tensor is True, but self.use_nested_tensor is False because encoder_layer.norm_first was True
  self.encoder = nn.TransformerEncoder(_make_encoder_layer(), num_layers=n_layers)
=== EXP-T325 shadow fold=3 lr0=1e-05 ===
=== EXP-T325 shadow fold=3 lr0=1e-04 ===
=== EXP-T325 shadow fold=3 lr0=1e-03 ===
=== EXP-T325 shadow fold=3 lr0=1e-02 ===
/workspace_developability_acquisition/developability_drilldown/models/antibody_transformer/model.py:347: UserWarning: enable_nested_tensor is True, but self.use_nested_tensor is False because encoder_layer.norm_first was True
  self.encoder = nn.TransformerEncoder(_make_encoder_layer(), num_layers=n_layers)
=== EXP-T325 shadow fold=4 lr0=1e-05 ===
=== EXP-T325 shadow fold=4 lr0=1e-04 ===
=== EXP-T325 shadow fold=4 lr0=1e-03 ===
=== EXP-T325 shadow fold=4 lr0=1e-02 ===
/workspace_developability_acquisition/developability_drilldown/models/antibody_transformer/model.py:347: UserWarning: enable_nested_tensor is True, but self.use_nested_tensor is False because encoder_layer.norm_first was True
  self.encoder = nn.TransformerEncoder(_make_encoder_layer(), num_layers=n_layers)
DONE EXP-T325 mean=3.453355
==== TRAIN EXP-T326 currab_unpaired/C/BASE ====
/workspace_developability_acquisition/developability_drilldown/models/antibody_transformer/model.py:347: UserWarning: enable_nested_tensor is True, but self.use_nested_tensor is False because encoder_layer.norm_first was True
  self.encoder = nn.TransformerEncoder(_make_encoder_layer(), num_layers=n_layers)
=== EXP-T326 primary fold=0 lr0=1e-05 ===
=== EXP-T326 primary fold=0 lr0=1e-04 ===
=== EXP-T326 primary fold=0 lr0=1e-03 ===
=== EXP-T326 primary fold=0 lr0=1e-02 ===
/workspace_developability_acquisition/developability_drilldown/models/antibody_transformer/model.py:347: UserWarning: enable_nested_tensor is True, but self.use_nested_tensor is False because encoder_layer.norm_first was True
  self.encoder = nn.TransformerEncoder(_make_encoder_layer(), num_layers=n_layers)
=== EXP-T326 primary fold=1 lr0=1e-05 ===
=== EXP-T326 primary fold=1 lr0=1e-04 ===
=== EXP-T326 primary fold=1 lr0=1e-03 ===
=== EXP-T326 primary fold=1 lr0=1e-02 ===
/workspace_developability_acquisition/developability_drilldown/models/antibody_transformer/model.py:347: UserWarning: enable_nested_tensor is True, but self.use_nested_tensor is False because encoder_layer.norm_first was True
  self.encoder = nn.TransformerEncoder(_make_encoder_layer(), num_layers=n_layers)
=== EXP-T326 primary fold=2 lr0=1e-05 ===
=== EXP-T326 primary fold=2 lr0=1e-04 ===
=== EXP-T326 primary fold=2 lr0=1e-03 ===
=== EXP-T326 primary fold=2 lr0=1e-02 ===
/workspace_developability_acquisition/developability_drilldown/models/antibody_transformer/model.py:347: UserWarning: enable_nested_tensor is True, but self.use_nested_tensor is False because encoder_layer.norm_first was True
  self.encoder = nn.TransformerEncoder(_make_encoder_layer(), num_layers=n_layers)
=== EXP-T326 primary fold=3 lr0=1e-05 ===
=== EXP-T326 primary fold=3 lr0=1e-04 ===
=== EXP-T326 primary fold=3 lr0=1e-03 ===
=== EXP-T326 primary fold=3 lr0=1e-02 ===
/workspace_developability_acquisition/developability_drilldown/models/antibody_transformer/model.py:347: UserWarning: enable_nested_tensor is True, but self.use_nested_tensor is False because encoder_layer.norm_first was True
  self.encoder = nn.TransformerEncoder(_make_encoder_layer(), num_layers=n_layers)
=== EXP-T326 primary fold=4 lr0=1e-05 ===
=== EXP-T326 primary fold=4 lr0=1e-04 ===
=== EXP-T326 primary fold=4 lr0=1e-03 ===
=== EXP-T326 primary fold=4 lr0=1e-02 ===
/workspace_developability_acquisition/developability_drilldown/models/antibody_transformer/model.py:347: UserWarning: enable_nested_tensor is True, but self.use_nested_tensor is False because encoder_layer.norm_first was True
  self.encoder = nn.TransformerEncoder(_make_encoder_layer(), num_layers=n_layers)
=== EXP-T326 shadow fold=0 lr0=1e-05 ===
=== EXP-T326 shadow fold=0 lr0=1e-04 ===
=== EXP-T326 shadow fold=0 lr0=1e-03 ===
=== EXP-T326 shadow fold=0 lr0=1e-02 ===
/workspace_developability_acquisition/developability_drilldown/models/antibody_transformer/model.py:347: UserWarning: enable_nested_tensor is True, but self.use_nested_tensor is False because encoder_layer.norm_first was True
  self.encoder = nn.TransformerEncoder(_make_encoder_layer(), num_layers=n_layers)
=== EXP-T326 shadow fold=1 lr0=1e-05 ===
=== EXP-T326 shadow fold=1 lr0=1e-04 ===
=== EXP-T326 shadow fold=1 lr0=1e-03 ===
=== EXP-T326 shadow fold=1 lr0=1e-02 ===
/workspace_developability_acquisition/developability_drilldown/models/antibody_transformer/model.py:347: UserWarning: enable_nested_tensor is True, but self.use_nested_tensor is False because encoder_layer.norm_first was True
  self.encoder = nn.TransformerEncoder(_make_encoder_layer(), num_layers=n_layers)
=== EXP-T326 shadow fold=2 lr0=1e-05 ===
=== EXP-T326 shadow fold=2 lr0=1e-04 ===
=== EXP-T326 shadow fold=2 lr0=1e-03 ===
=== EXP-T326 shadow fold=2 lr0=1e-02 ===
/workspace_developability_acquisition/developability_drilldown/models/antibody_transformer/model.py:347: UserWarning: enable_nested_tensor is True, but self.use_nested_tensor is False because encoder_layer.norm_first was True
  self.encoder = nn.TransformerEncoder(_make_encoder_layer(), num_layers=n_layers)
=== EXP-T326 shadow fold=3 lr0=1e-05 ===
=== EXP-T326 shadow fold=3 lr0=1e-04 ===
=== EXP-T326 shadow fold=3 lr0=1e-03 ===
=== EXP-T326 shadow fold=3 lr0=1e-02 ===
/workspace_developability_acquisition/developability_drilldown/models/antibody_transformer/model.py:347: UserWarning: enable_nested_tensor is True, but self.use_nested_tensor is False because encoder_layer.norm_first was True
  self.encoder = nn.TransformerEncoder(_make_encoder_layer(), num_layers=n_layers)
=== EXP-T326 shadow fold=4 lr0=1e-05 ===
=== EXP-T326 shadow fold=4 lr0=1e-04 ===
=== EXP-T326 shadow fold=4 lr0=1e-03 ===
=== EXP-T326 shadow fold=4 lr0=1e-02 ===
/workspace_developability_acquisition/developability_drilldown/models/antibody_transformer/model.py:347: UserWarning: enable_nested_tensor is True, but self.use_nested_tensor is False because encoder_layer.norm_first was True
  self.encoder = nn.TransformerEncoder(_make_encoder_layer(), num_layers=n_layers)
DONE EXP-T326 mean=3.387768
==== TRAIN EXP-T327 currab_unpaired/D/BASE ====
/workspace_developability_acquisition/developability_drilldown/models/antibody_transformer/model.py:347: UserWarning: enable_nested_tensor is True, but self.use_nested_tensor is False because encoder_layer.norm_first was True
  self.encoder = nn.TransformerEncoder(_make_encoder_layer(), num_layers=n_layers)
=== EXP-T327 primary fold=0 lr0=1e-05 ===
=== EXP-T327 primary fold=0 lr0=1e-04 ===
=== EXP-T327 primary fold=0 lr0=1e-03 ===
=== EXP-T327 primary fold=0 lr0=1e-02 ===
/workspace_developability_acquisition/developability_drilldown/models/antibody_transformer/model.py:347: UserWarning: enable_nested_tensor is True, but self.use_nested_tensor is False because encoder_layer.norm_first was True
  self.encoder = nn.TransformerEncoder(_make_encoder_layer(), num_layers=n_layers)
=== EXP-T327 primary fold=1 lr0=1e-05 ===
=== EXP-T327 primary fold=1 lr0=1e-04 ===
=== EXP-T327 primary fold=1 lr0=1e-03 ===
=== EXP-T327 primary fold=1 lr0=1e-02 ===
/workspace_developability_acquisition/developability_drilldown/models/antibody_transformer/model.py:347: UserWarning: enable_nested_tensor is True, but self.use_nested_tensor is False because encoder_layer.norm_first was True
  self.encoder = nn.TransformerEncoder(_make_encoder_layer(), num_layers=n_layers)
=== EXP-T327 primary fold=2 lr0=1e-05 ===
=== EXP-T327 primary fold=2 lr0=1e-04 ===
=== EXP-T327 primary fold=2 lr0=1e-03 ===
=== EXP-T327 primary fold=2 lr0=1e-02 ===
/workspace_developability_acquisition/developability_drilldown/models/antibody_transformer/model.py:347: UserWarning: enable_nested_tensor is True, but self.use_nested_tensor is False because encoder_layer.norm_first was True
  self.encoder = nn.TransformerEncoder(_make_encoder_layer(), num_layers=n_layers)
=== EXP-T327 primary fold=3 lr0=1e-05 ===
=== EXP-T327 primary fold=3 lr0=1e-04 ===
=== EXP-T327 primary fold=3 lr0=1e-03 ===
=== EXP-T327 primary fold=3 lr0=1e-02 ===
/workspace_developability_acquisition/developability_drilldown/models/antibody_transformer/model.py:347: UserWarning: enable_nested_tensor is True, but self.use_nested_tensor is False because encoder_layer.norm_first was True
  self.encoder = nn.TransformerEncoder(_make_encoder_layer(), num_layers=n_layers)
=== EXP-T327 primary fold=4 lr0=1e-05 ===
=== EXP-T327 primary fold=4 lr0=1e-04 ===
=== EXP-T327 primary fold=4 lr0=1e-03 ===
=== EXP-T327 primary fold=4 lr0=1e-02 ===
/workspace_developability_acquisition/developability_drilldown/models/antibody_transformer/model.py:347: UserWarning: enable_nested_tensor is True, but self.use_nested_tensor is False because encoder_layer.norm_first was True
  self.encoder = nn.TransformerEncoder(_make_encoder_layer(), num_layers=n_layers)
=== EXP-T327 shadow fold=0 lr0=1e-05 ===
=== EXP-T327 shadow fold=0 lr0=1e-04 ===
=== EXP-T327 shadow fold=0 lr0=1e-03 ===
=== EXP-T327 shadow fold=0 lr0=1e-02 ===
/workspace_developability_acquisition/developability_drilldown/models/antibody_transformer/model.py:347: UserWarning: enable_nested_tensor is True, but self.use_nested_tensor is False because encoder_layer.norm_first was True
  self.encoder = nn.TransformerEncoder(_make_encoder_layer(), num_layers=n_layers)
=== EXP-T327 shadow fold=1 lr0=1e-05 ===
=== EXP-T327 shadow fold=1 lr0=1e-04 ===
=== EXP-T327 shadow fold=1 lr0=1e-03 ===
=== EXP-T327 shadow fold=1 lr0=1e-02 ===
/workspace_developability_acquisition/developability_drilldown/models/antibody_transformer/model.py:347: UserWarning: enable_nested_tensor is True, but self.use_nested_tensor is False because encoder_layer.norm_first was True
  self.encoder = nn.TransformerEncoder(_make_encoder_layer(), num_layers=n_layers)
=== EXP-T327 shadow fold=2 lr0=1e-05 ===
=== EXP-T327 shadow fold=2 lr0=1e-04 ===
=== EXP-T327 shadow fold=2 lr0=1e-03 ===
=== EXP-T327 shadow fold=2 lr0=1e-02 ===
/workspace_developability_acquisition/developability_drilldown/models/antibody_transformer/model.py:347: UserWarning: enable_nested_tensor is True, but self.use_nested_tensor is False because encoder_layer.norm_first was True
  self.encoder = nn.TransformerEncoder(_make_encoder_layer(), num_layers=n_layers)
=== EXP-T327 shadow fold=3 lr0=1e-05 ===
=== EXP-T327 shadow fold=3 lr0=1e-04 ===
=== EXP-T327 shadow fold=3 lr0=1e-03 ===
=== EXP-T327 shadow fold=3 lr0=1e-02 ===
/workspace_developability_acquisition/developability_drilldown/models/antibody_transformer/model.py:347: UserWarning: enable_nested_tensor is True, but self.use_nested_tensor is False because encoder_layer.norm_first was True
  self.encoder = nn.TransformerEncoder(_make_encoder_layer(), num_layers=n_layers)
=== EXP-T327 shadow fold=4 lr0=1e-05 ===
=== EXP-T327 shadow fold=4 lr0=1e-04 ===
=== EXP-T327 shadow fold=4 lr0=1e-03 ===
=== EXP-T327 shadow fold=4 lr0=1e-02 ===
/workspace_developability_acquisition/developability_drilldown/models/antibody_transformer/model.py:347: UserWarning: enable_nested_tensor is True, but self.use_nested_tensor is False because encoder_layer.norm_first was True
  self.encoder = nn.TransformerEncoder(_make_encoder_layer(), num_layers=n_layers)
DONE EXP-T327 mean=3.511033
==== TRAIN EXP-T328 currab_unpaired/A/IMGT ====
/workspace_developability_acquisition/developability_drilldown/models/antibody_transformer/model.py:347: UserWarning: enable_nested_tensor is True, but self.use_nested_tensor is False because encoder_layer.norm_first was True
  self.encoder = nn.TransformerEncoder(_make_encoder_layer(), num_layers=n_layers)
=== EXP-T328 primary fold=0 lr0=1e-05 ===
=== EXP-T328 primary fold=0 lr0=1e-04 ===
=== EXP-T328 primary fold=0 lr0=1e-03 ===
=== EXP-T328 primary fold=0 lr0=1e-02 ===
/workspace_developability_acquisition/developability_drilldown/models/antibody_transformer/model.py:347: UserWarning: enable_nested_tensor is True, but self.use_nested_tensor is False because encoder_layer.norm_first was True
  self.encoder = nn.TransformerEncoder(_make_encoder_layer(), num_layers=n_layers)
=== EXP-T328 primary fold=1 lr0=1e-05 ===
=== EXP-T328 primary fold=1 lr0=1e-04 ===
=== EXP-T328 primary fold=1 lr0=1e-03 ===
=== EXP-T328 primary fold=1 lr0=1e-02 ===
/workspace_developability_acquisition/developability_drilldown/models/antibody_transformer/model.py:347: UserWarning: enable_nested_tensor is True, but self.use_nested_tensor is False because encoder_layer.norm_first was True
  self.encoder = nn.TransformerEncoder(_make_encoder_layer(), num_layers=n_layers)
=== EXP-T328 primary fold=2 lr0=1e-05 ===
=== EXP-T328 primary fold=2 lr0=1e-04 ===
=== EXP-T328 primary fold=2 lr0=1e-03 ===
=== EXP-T328 primary fold=2 lr0=1e-02 ===
/workspace_developability_acquisition/developability_drilldown/models/antibody_transformer/model.py:347: UserWarning: enable_nested_tensor is True, but self.use_nested_tensor is False because encoder_layer.norm_first was True
  self.encoder = nn.TransformerEncoder(_make_encoder_layer(), num_layers=n_layers)
=== EXP-T328 primary fold=3 lr0=1e-05 ===
=== EXP-T328 primary fold=3 lr0=1e-04 ===
=== EXP-T328 primary fold=3 lr0=1e-03 ===
=== EXP-T328 primary fold=3 lr0=1e-02 ===
/workspace_developability_acquisition/developability_drilldown/models/antibody_transformer/model.py:347: UserWarning: enable_nested_tensor is True, but self.use_nested_tensor is False because encoder_layer.norm_first was True
  self.encoder = nn.TransformerEncoder(_make_encoder_layer(), num_layers=n_layers)
=== EXP-T328 primary fold=4 lr0=1e-05 ===
=== EXP-T328 primary fold=4 lr0=1e-04 ===
=== EXP-T328 primary fold=4 lr0=1e-03 ===
=== EXP-T328 primary fold=4 lr0=1e-02 ===
/workspace_developability_acquisition/developability_drilldown/models/antibody_transformer/model.py:347: UserWarning: enable_nested_tensor is True, but self.use_nested_tensor is False because encoder_layer.norm_first was True
  self.encoder = nn.TransformerEncoder(_make_encoder_layer(), num_layers=n_layers)
=== EXP-T328 shadow fold=0 lr0=1e-05 ===
=== EXP-T328 shadow fold=0 lr0=1e-04 ===
=== EXP-T328 shadow fold=0 lr0=1e-03 ===
=== EXP-T328 shadow fold=0 lr0=1e-02 ===
/workspace_developability_acquisition/developability_drilldown/models/antibody_transformer/model.py:347: UserWarning: enable_nested_tensor is True, but self.use_nested_tensor is False because encoder_layer.norm_first was True
  self.encoder = nn.TransformerEncoder(_make_encoder_layer(), num_layers=n_layers)
=== EXP-T328 shadow fold=1 lr0=1e-05 ===
=== EXP-T328 shadow fold=1 lr0=1e-04 ===
=== EXP-T328 shadow fold=1 lr0=1e-03 ===
=== EXP-T328 shadow fold=1 lr0=1e-02 ===
/workspace_developability_acquisition/developability_drilldown/models/antibody_transformer/model.py:347: UserWarning: enable_nested_tensor is True, but self.use_nested_tensor is False because encoder_layer.norm_first was True
  self.encoder = nn.TransformerEncoder(_make_encoder_layer(), num_layers=n_layers)
=== EXP-T328 shadow fold=2 lr0=1e-05 ===
=== EXP-T328 shadow fold=2 lr0=1e-04 ===
=== EXP-T328 shadow fold=2 lr0=1e-03 ===
=== EXP-T328 shadow fold=2 lr0=1e-02 ===
/workspace_developability_acquisition/developability_drilldown/models/antibody_transformer/model.py:347: UserWarning: enable_nested_tensor is True, but self.use_nested_tensor is False because encoder_layer.norm_first was True
  self.encoder = nn.TransformerEncoder(_make_encoder_layer(), num_layers=n_layers)
=== EXP-T328 shadow fold=3 lr0=1e-05 ===
=== EXP-T328 shadow fold=3 lr0=1e-04 ===
=== EXP-T328 shadow fold=3 lr0=1e-03 ===
=== EXP-T328 shadow fold=3 lr0=1e-02 ===
/workspace_developability_acquisition/developability_drilldown/models/antibody_transformer/model.py:347: UserWarning: enable_nested_tensor is True, but self.use_nested_tensor is False because encoder_layer.norm_first was True
  self.encoder = nn.TransformerEncoder(_make_encoder_layer(), num_layers=n_layers)
=== EXP-T328 shadow fold=4 lr0=1e-05 ===
=== EXP-T328 shadow fold=4 lr0=1e-04 ===
=== EXP-T328 shadow fold=4 lr0=1e-03 ===
=== EXP-T328 shadow fold=4 lr0=1e-02 ===
/workspace_developability_acquisition/developability_drilldown/models/antibody_transformer/model.py:347: UserWarning: enable_nested_tensor is True, but self.use_nested_tensor is False because encoder_layer.norm_first was True
  self.encoder = nn.TransformerEncoder(_make_encoder_layer(), num_layers=n_layers)
DONE EXP-T328 mean=3.418827
==== TRAIN EXP-T329 currab_unpaired/B1/IMGT ====
/workspace_developability_acquisition/developability_drilldown/models/antibody_transformer/model.py:347: UserWarning: enable_nested_tensor is True, but self.use_nested_tensor is False because encoder_layer.norm_first was True
  self.encoder = nn.TransformerEncoder(_make_encoder_layer(), num_layers=n_layers)
=== EXP-T329 primary fold=0 lr0=1e-05 ===
=== EXP-T329 primary fold=0 lr0=1e-04 ===
=== EXP-T329 primary fold=0 lr0=1e-03 ===
=== EXP-T329 primary fold=0 lr0=1e-02 ===
/workspace_developability_acquisition/developability_drilldown/models/antibody_transformer/model.py:347: UserWarning: enable_nested_tensor is True, but self.use_nested_tensor is False because encoder_layer.norm_first was True
  self.encoder = nn.TransformerEncoder(_make_encoder_layer(), num_layers=n_layers)
=== EXP-T329 primary fold=1 lr0=1e-05 ===
=== EXP-T329 primary fold=1 lr0=1e-04 ===
=== EXP-T329 primary fold=1 lr0=1e-03 ===
=== EXP-T329 primary fold=1 lr0=1e-02 ===
/workspace_developability_acquisition/developability_drilldown/models/antibody_transformer/model.py:347: UserWarning: enable_nested_tensor is True, but self.use_nested_tensor is False because encoder_layer.norm_first was True
  self.encoder = nn.TransformerEncoder(_make_encoder_layer(), num_layers=n_layers)
=== EXP-T329 primary fold=2 lr0=1e-05 ===
=== EXP-T329 primary fold=2 lr0=1e-04 ===
=== EXP-T329 primary fold=2 lr0=1e-03 ===
=== EXP-T329 primary fold=2 lr0=1e-02 ===
/workspace_developability_acquisition/developability_drilldown/models/antibody_transformer/model.py:347: UserWarning: enable_nested_tensor is True, but self.use_nested_tensor is False because encoder_layer.norm_first was True
  self.encoder = nn.TransformerEncoder(_make_encoder_layer(), num_layers=n_layers)
=== EXP-T329 primary fold=3 lr0=1e-05 ===
=== EXP-T329 primary fold=3 lr0=1e-04 ===
=== EXP-T329 primary fold=3 lr0=1e-03 ===
=== EXP-T329 primary fold=3 lr0=1e-02 ===
/workspace_developability_acquisition/developability_drilldown/models/antibody_transformer/model.py:347: UserWarning: enable_nested_tensor is True, but self.use_nested_tensor is False because encoder_layer.norm_first was True
  self.encoder = nn.TransformerEncoder(_make_encoder_layer(), num_layers=n_layers)
=== EXP-T329 primary fold=4 lr0=1e-05 ===
=== EXP-T329 primary fold=4 lr0=1e-04 ===
=== EXP-T329 primary fold=4 lr0=1e-03 ===
=== EXP-T329 primary fold=4 lr0=1e-02 ===
/workspace_developability_acquisition/developability_drilldown/models/antibody_transformer/model.py:347: UserWarning: enable_nested_tensor is True, but self.use_nested_tensor is False because encoder_layer.norm_first was True
  self.encoder = nn.TransformerEncoder(_make_encoder_layer(), num_layers=n_layers)
=== EXP-T329 shadow fold=0 lr0=1e-05 ===
=== EXP-T329 shadow fold=0 lr0=1e-04 ===
=== EXP-T329 shadow fold=0 lr0=1e-03 ===
=== EXP-T329 shadow fold=0 lr0=1e-02 ===
/workspace_developability_acquisition/developability_drilldown/models/antibody_transformer/model.py:347: UserWarning: enable_nested_tensor is True, but self.use_nested_tensor is False because encoder_layer.norm_first was True
  self.encoder = nn.TransformerEncoder(_make_encoder_layer(), num_layers=n_layers)
=== EXP-T329 shadow fold=1 lr0=1e-05 ===
=== EXP-T329 shadow fold=1 lr0=1e-04 ===
=== EXP-T329 shadow fold=1 lr0=1e-03 ===
=== EXP-T329 shadow fold=1 lr0=1e-02 ===
/workspace_developability_acquisition/developability_drilldown/models/antibody_transformer/model.py:347: UserWarning: enable_nested_tensor is True, but self.use_nested_tensor is False because encoder_layer.norm_first was True
  self.encoder = nn.TransformerEncoder(_make_encoder_layer(), num_layers=n_layers)
=== EXP-T329 shadow fold=2 lr0=1e-05 ===
=== EXP-T329 shadow fold=2 lr0=1e-04 ===
=== EXP-T329 shadow fold=2 lr0=1e-03 ===
=== EXP-T329 shadow fold=2 lr0=1e-02 ===
/workspace_developability_acquisition/developability_drilldown/models/antibody_transformer/model.py:347: UserWarning: enable_nested_tensor is True, but self.use_nested_tensor is False because encoder_layer.norm_first was True
  self.encoder = nn.TransformerEncoder(_make_encoder_layer(), num_layers=n_layers)
=== EXP-T329 shadow fold=3 lr0=1e-05 ===
=== EXP-T329 shadow fold=3 lr0=1e-04 ===
=== EXP-T329 shadow fold=3 lr0=1e-03 ===
=== EXP-T329 shadow fold=3 lr0=1e-02 ===
/workspace_developability_acquisition/developability_drilldown/models/antibody_transformer/model.py:347: UserWarning: enable_nested_tensor is True, but self.use_nested_tensor is False because encoder_layer.norm_first was True
  self.encoder = nn.TransformerEncoder(_make_encoder_layer(), num_layers=n_layers)
=== EXP-T329 shadow fold=4 lr0=1e-05 ===
=== EXP-T329 shadow fold=4 lr0=1e-04 ===
=== EXP-T329 shadow fold=4 lr0=1e-03 ===
=== EXP-T329 shadow fold=4 lr0=1e-02 ===
/workspace_developability_acquisition/developability_drilldown/models/antibody_transformer/model.py:347: UserWarning: enable_nested_tensor is True, but self.use_nested_tensor is False because encoder_layer.norm_first was True
  self.encoder = nn.TransformerEncoder(_make_encoder_layer(), num_layers=n_layers)
DONE EXP-T329 mean=3.451888
==== TRAIN EXP-T330 currab_unpaired/B2/IMGT ====
/workspace_developability_acquisition/developability_drilldown/models/antibody_transformer/model.py:347: UserWarning: enable_nested_tensor is True, but self.use_nested_tensor is False because encoder_layer.norm_first was True
  self.encoder = nn.TransformerEncoder(_make_encoder_layer(), num_layers=n_layers)
=== EXP-T330 primary fold=0 lr0=1e-05 ===
=== EXP-T330 primary fold=0 lr0=1e-04 ===
=== EXP-T330 primary fold=0 lr0=1e-03 ===
=== EXP-T330 primary fold=0 lr0=1e-02 ===
/workspace_developability_acquisition/developability_drilldown/models/antibody_transformer/model.py:347: UserWarning: enable_nested_tensor is True, but self.use_nested_tensor is False because encoder_layer.norm_first was True
  self.encoder = nn.TransformerEncoder(_make_encoder_layer(), num_layers=n_layers)
=== EXP-T330 primary fold=1 lr0=1e-05 ===
=== EXP-T330 primary fold=1 lr0=1e-04 ===
=== EXP-T330 primary fold=1 lr0=1e-03 ===
=== EXP-T330 primary fold=1 lr0=1e-02 ===
/workspace_developability_acquisition/developability_drilldown/models/antibody_transformer/model.py:347: UserWarning: enable_nested_tensor is True, but self.use_nested_tensor is False because encoder_layer.norm_first was True
  self.encoder = nn.TransformerEncoder(_make_encoder_layer(), num_layers=n_layers)
=== EXP-T330 primary fold=2 lr0=1e-05 ===
=== EXP-T330 primary fold=2 lr0=1e-04 ===
=== EXP-T330 primary fold=2 lr0=1e-03 ===
=== EXP-T330 primary fold=2 lr0=1e-02 ===
/workspace_developability_acquisition/developability_drilldown/models/antibody_transformer/model.py:347: UserWarning: enable_nested_tensor is True, but self.use_nested_tensor is False because encoder_layer.norm_first was True
  self.encoder = nn.TransformerEncoder(_make_encoder_layer(), num_layers=n_layers)
=== EXP-T330 primary fold=3 lr0=1e-05 ===
=== EXP-T330 primary fold=3 lr0=1e-04 ===
=== EXP-T330 primary fold=3 lr0=1e-03 ===
=== EXP-T330 primary fold=3 lr0=1e-02 ===
/workspace_developability_acquisition/developability_drilldown/models/antibody_transformer/model.py:347: UserWarning: enable_nested_tensor is True, but self.use_nested_tensor is False because encoder_layer.norm_first was True
  self.encoder = nn.TransformerEncoder(_make_encoder_layer(), num_layers=n_layers)
=== EXP-T330 primary fold=4 lr0=1e-05 ===
=== EXP-T330 primary fold=4 lr0=1e-04 ===
=== EXP-T330 primary fold=4 lr0=1e-03 ===
=== EXP-T330 primary fold=4 lr0=1e-02 ===
/workspace_developability_acquisition/developability_drilldown/models/antibody_transformer/model.py:347: UserWarning: enable_nested_tensor is True, but self.use_nested_tensor is False because encoder_layer.norm_first was True
  self.encoder = nn.TransformerEncoder(_make_encoder_layer(), num_layers=n_layers)
=== EXP-T330 shadow fold=0 lr0=1e-05 ===
=== EXP-T330 shadow fold=0 lr0=1e-04 ===
=== EXP-T330 shadow fold=0 lr0=1e-03 ===
=== EXP-T330 shadow fold=0 lr0=1e-02 ===
/workspace_developability_acquisition/developability_drilldown/models/antibody_transformer/model.py:347: UserWarning: enable_nested_tensor is True, but self.use_nested_tensor is False because encoder_layer.norm_first was True
  self.encoder = nn.TransformerEncoder(_make_encoder_layer(), num_layers=n_layers)
=== EXP-T330 shadow fold=1 lr0=1e-05 ===
=== EXP-T330 shadow fold=1 lr0=1e-04 ===
=== EXP-T330 shadow fold=1 lr0=1e-03 ===
=== EXP-T330 shadow fold=1 lr0=1e-02 ===
/workspace_developability_acquisition/developability_drilldown/models/antibody_transformer/model.py:347: UserWarning: enable_nested_tensor is True, but self.use_nested_tensor is False because encoder_layer.norm_first was True
  self.encoder = nn.TransformerEncoder(_make_encoder_layer(), num_layers=n_layers)
=== EXP-T330 shadow fold=2 lr0=1e-05 ===
=== EXP-T330 shadow fold=2 lr0=1e-04 ===
=== EXP-T330 shadow fold=2 lr0=1e-03 ===
=== EXP-T330 shadow fold=2 lr0=1e-02 ===
/workspace_developability_acquisition/developability_drilldown/models/antibody_transformer/model.py:347: UserWarning: enable_nested_tensor is True, but self.use_nested_tensor is False because encoder_layer.norm_first was True
  self.encoder = nn.TransformerEncoder(_make_encoder_layer(), num_layers=n_layers)
=== EXP-T330 shadow fold=3 lr0=1e-05 ===
=== EXP-T330 shadow fold=3 lr0=1e-04 ===
=== EXP-T330 shadow fold=3 lr0=1e-03 ===
=== EXP-T330 shadow fold=3 lr0=1e-02 ===
/workspace_developability_acquisition/developability_drilldown/models/antibody_transformer/model.py:347: UserWarning: enable_nested_tensor is True, but self.use_nested_tensor is False because encoder_layer.norm_first was True
  self.encoder = nn.TransformerEncoder(_make_encoder_layer(), num_layers=n_layers)
=== EXP-T330 shadow fold=4 lr0=1e-05 ===
=== EXP-T330 shadow fold=4 lr0=1e-04 ===
=== EXP-T330 shadow fold=4 lr0=1e-03 ===
=== EXP-T330 shadow fold=4 lr0=1e-02 ===
/workspace_developability_acquisition/developability_drilldown/models/antibody_transformer/model.py:347: UserWarning: enable_nested_tensor is True, but self.use_nested_tensor is False because encoder_layer.norm_first was True
  self.encoder = nn.TransformerEncoder(_make_encoder_layer(), num_layers=n_layers)
DONE EXP-T330 mean=3.487576
==== TRAIN EXP-T331 currab_unpaired/C/IMGT ====
/workspace_developability_acquisition/developability_drilldown/models/antibody_transformer/model.py:347: UserWarning: enable_nested_tensor is True, but self.use_nested_tensor is False because encoder_layer.norm_first was True
  self.encoder = nn.TransformerEncoder(_make_encoder_layer(), num_layers=n_layers)
=== EXP-T331 primary fold=0 lr0=1e-05 ===
=== EXP-T331 primary fold=0 lr0=1e-04 ===
=== EXP-T331 primary fold=0 lr0=1e-03 ===
=== EXP-T331 primary fold=0 lr0=1e-02 ===
/workspace_developability_acquisition/developability_drilldown/models/antibody_transformer/model.py:347: UserWarning: enable_nested_tensor is True, but self.use_nested_tensor is False because encoder_layer.norm_first was True
  self.encoder = nn.TransformerEncoder(_make_encoder_layer(), num_layers=n_layers)
=== EXP-T331 primary fold=1 lr0=1e-05 ===
=== EXP-T331 primary fold=1 lr0=1e-04 ===
=== EXP-T331 primary fold=1 lr0=1e-03 ===
=== EXP-T331 primary fold=1 lr0=1e-02 ===
/workspace_developability_acquisition/developability_drilldown/models/antibody_transformer/model.py:347: UserWarning: enable_nested_tensor is True, but self.use_nested_tensor is False because encoder_layer.norm_first was True
  self.encoder = nn.TransformerEncoder(_make_encoder_layer(), num_layers=n_layers)
=== EXP-T331 primary fold=2 lr0=1e-05 ===
=== EXP-T331 primary fold=2 lr0=1e-04 ===
=== EXP-T331 primary fold=2 lr0=1e-03 ===
=== EXP-T331 primary fold=2 lr0=1e-02 ===
/workspace_developability_acquisition/developability_drilldown/models/antibody_transformer/model.py:347: UserWarning: enable_nested_tensor is True, but self.use_nested_tensor is False because encoder_layer.norm_first was True
  self.encoder = nn.TransformerEncoder(_make_encoder_layer(), num_layers=n_layers)
=== EXP-T331 primary fold=3 lr0=1e-05 ===
=== EXP-T331 primary fold=3 lr0=1e-04 ===
=== EXP-T331 primary fold=3 lr0=1e-03 ===
=== EXP-T331 primary fold=3 lr0=1e-02 ===
/workspace_developability_acquisition/developability_drilldown/models/antibody_transformer/model.py:347: UserWarning: enable_nested_tensor is True, but self.use_nested_tensor is False because encoder_layer.norm_first was True
  self.encoder = nn.TransformerEncoder(_make_encoder_layer(), num_layers=n_layers)
=== EXP-T331 primary fold=4 lr0=1e-05 ===
=== EXP-T331 primary fold=4 lr0=1e-04 ===
=== EXP-T331 primary fold=4 lr0=1e-03 ===
=== EXP-T331 primary fold=4 lr0=1e-02 ===
/workspace_developability_acquisition/developability_drilldown/models/antibody_transformer/model.py:347: UserWarning: enable_nested_tensor is True, but self.use_nested_tensor is False because encoder_layer.norm_first was True
  self.encoder = nn.TransformerEncoder(_make_encoder_layer(), num_layers=n_layers)
=== EXP-T331 shadow fold=0 lr0=1e-05 ===
=== EXP-T331 shadow fold=0 lr0=1e-04 ===
=== EXP-T331 shadow fold=0 lr0=1e-03 ===
=== EXP-T331 shadow fold=0 lr0=1e-02 ===
/workspace_developability_acquisition/developability_drilldown/models/antibody_transformer/model.py:347: UserWarning: enable_nested_tensor is True, but self.use_nested_tensor is False because encoder_layer.norm_first was True
  self.encoder = nn.TransformerEncoder(_make_encoder_layer(), num_layers=n_layers)
=== EXP-T331 shadow fold=1 lr0=1e-05 ===
=== EXP-T331 shadow fold=1 lr0=1e-04 ===
=== EXP-T331 shadow fold=1 lr0=1e-03 ===
=== EXP-T331 shadow fold=1 lr0=1e-02 ===
/workspace_developability_acquisition/developability_drilldown/models/antibody_transformer/model.py:347: UserWarning: enable_nested_tensor is True, but self.use_nested_tensor is False because encoder_layer.norm_first was True
  self.encoder = nn.TransformerEncoder(_make_encoder_layer(), num_layers=n_layers)
=== EXP-T331 shadow fold=2 lr0=1e-05 ===
=== EXP-T331 shadow fold=2 lr0=1e-04 ===
=== EXP-T331 shadow fold=2 lr0=1e-03 ===
=== EXP-T331 shadow fold=2 lr0=1e-02 ===
/workspace_developability_acquisition/developability_drilldown/models/antibody_transformer/model.py:347: UserWarning: enable_nested_tensor is True, but self.use_nested_tensor is False because encoder_layer.norm_first was True
  self.encoder = nn.TransformerEncoder(_make_encoder_layer(), num_layers=n_layers)
=== EXP-T331 shadow fold=3 lr0=1e-05 ===
=== EXP-T331 shadow fold=3 lr0=1e-04 ===
=== EXP-T331 shadow fold=3 lr0=1e-03 ===
=== EXP-T331 shadow fold=3 lr0=1e-02 ===
/workspace_developability_acquisition/developability_drilldown/models/antibody_transformer/model.py:347: UserWarning: enable_nested_tensor is True, but self.use_nested_tensor is False because encoder_layer.norm_first was True
  self.encoder = nn.TransformerEncoder(_make_encoder_layer(), num_layers=n_layers)
=== EXP-T331 shadow fold=4 lr0=1e-05 ===
=== EXP-T331 shadow fold=4 lr0=1e-04 ===
=== EXP-T331 shadow fold=4 lr0=1e-03 ===
=== EXP-T331 shadow fold=4 lr0=1e-02 ===
/workspace_developability_acquisition/developability_drilldown/models/antibody_transformer/model.py:347: UserWarning: enable_nested_tensor is True, but self.use_nested_tensor is False because encoder_layer.norm_first was True
  self.encoder = nn.TransformerEncoder(_make_encoder_layer(), num_layers=n_layers)
DONE EXP-T331 mean=3.377559
==== TRAIN EXP-T332 currab_unpaired/D/IMGT ====
/workspace_developability_acquisition/developability_drilldown/models/antibody_transformer/model.py:347: UserWarning: enable_nested_tensor is True, but self.use_nested_tensor is False because encoder_layer.norm_first was True
  self.encoder = nn.TransformerEncoder(_make_encoder_layer(), num_layers=n_layers)
=== EXP-T332 primary fold=0 lr0=1e-05 ===
=== EXP-T332 primary fold=0 lr0=1e-04 ===
=== EXP-T332 primary fold=0 lr0=1e-03 ===
=== EXP-T332 primary fold=0 lr0=1e-02 ===
/workspace_developability_acquisition/developability_drilldown/models/antibody_transformer/model.py:347: UserWarning: enable_nested_tensor is True, but self.use_nested_tensor is False because encoder_layer.norm_first was True
  self.encoder = nn.TransformerEncoder(_make_encoder_layer(), num_layers=n_layers)
=== EXP-T332 primary fold=1 lr0=1e-05 ===
=== EXP-T332 primary fold=1 lr0=1e-04 ===
=== EXP-T332 primary fold=1 lr0=1e-03 ===
=== EXP-T332 primary fold=1 lr0=1e-02 ===
/workspace_developability_acquisition/developability_drilldown/models/antibody_transformer/model.py:347: UserWarning: enable_nested_tensor is True, but self.use_nested_tensor is False because encoder_layer.norm_first was True
  self.encoder = nn.TransformerEncoder(_make_encoder_layer(), num_layers=n_layers)
=== EXP-T332 primary fold=2 lr0=1e-05 ===
=== EXP-T332 primary fold=2 lr0=1e-04 ===
=== EXP-T332 primary fold=2 lr0=1e-03 ===
=== EXP-T332 primary fold=2 lr0=1e-02 ===
/workspace_developability_acquisition/developability_drilldown/models/antibody_transformer/model.py:347: UserWarning: enable_nested_tensor is True, but self.use_nested_tensor is False because encoder_layer.norm_first was True
  self.encoder = nn.TransformerEncoder(_make_encoder_layer(), num_layers=n_layers)
=== EXP-T332 primary fold=3 lr0=1e-05 ===
=== EXP-T332 primary fold=3 lr0=1e-04 ===
=== EXP-T332 primary fold=3 lr0=1e-03 ===
=== EXP-T332 primary fold=3 lr0=1e-02 ===
/workspace_developability_acquisition/developability_drilldown/models/antibody_transformer/model.py:347: UserWarning: enable_nested_tensor is True, but self.use_nested_tensor is False because encoder_layer.norm_first was True
  self.encoder = nn.TransformerEncoder(_make_encoder_layer(), num_layers=n_layers)
=== EXP-T332 primary fold=4 lr0=1e-05 ===
=== EXP-T332 primary fold=4 lr0=1e-04 ===
=== EXP-T332 primary fold=4 lr0=1e-03 ===
=== EXP-T332 primary fold=4 lr0=1e-02 ===
/workspace_developability_acquisition/developability_drilldown/models/antibody_transformer/model.py:347: UserWarning: enable_nested_tensor is True, but self.use_nested_tensor is False because encoder_layer.norm_first was True
  self.encoder = nn.TransformerEncoder(_make_encoder_layer(), num_layers=n_layers)
=== EXP-T332 shadow fold=0 lr0=1e-05 ===
=== EXP-T332 shadow fold=0 lr0=1e-04 ===
=== EXP-T332 shadow fold=0 lr0=1e-03 ===
=== EXP-T332 shadow fold=0 lr0=1e-02 ===
/workspace_developability_acquisition/developability_drilldown/models/antibody_transformer/model.py:347: UserWarning: enable_nested_tensor is True, but self.use_nested_tensor is False because encoder_layer.norm_first was True
  self.encoder = nn.TransformerEncoder(_make_encoder_layer(), num_layers=n_layers)
=== EXP-T332 shadow fold=1 lr0=1e-05 ===
=== EXP-T332 shadow fold=1 lr0=1e-04 ===
=== EXP-T332 shadow fold=1 lr0=1e-03 ===
=== EXP-T332 shadow fold=1 lr0=1e-02 ===
/workspace_developability_acquisition/developability_drilldown/models/antibody_transformer/model.py:347: UserWarning: enable_nested_tensor is True, but self.use_nested_tensor is False because encoder_layer.norm_first was True
  self.encoder = nn.TransformerEncoder(_make_encoder_layer(), num_layers=n_layers)
=== EXP-T332 shadow fold=2 lr0=1e-05 ===
=== EXP-T332 shadow fold=2 lr0=1e-04 ===
=== EXP-T332 shadow fold=2 lr0=1e-03 ===
=== EXP-T332 shadow fold=2 lr0=1e-02 ===
/workspace_developability_acquisition/developability_drilldown/models/antibody_transformer/model.py:347: UserWarning: enable_nested_tensor is True, but self.use_nested_tensor is False because encoder_layer.norm_first was True
  self.encoder = nn.TransformerEncoder(_make_encoder_layer(), num_layers=n_layers)
=== EXP-T332 shadow fold=3 lr0=1e-05 ===
=== EXP-T332 shadow fold=3 lr0=1e-04 ===
=== EXP-T332 shadow fold=3 lr0=1e-03 ===
=== EXP-T332 shadow fold=3 lr0=1e-02 ===
/workspace_developability_acquisition/developability_drilldown/models/antibody_transformer/model.py:347: UserWarning: enable_nested_tensor is True, but self.use_nested_tensor is False because encoder_layer.norm_first was True
  self.encoder = nn.TransformerEncoder(_make_encoder_layer(), num_layers=n_layers)
=== EXP-T332 shadow fold=4 lr0=1e-05 ===
=== EXP-T332 shadow fold=4 lr0=1e-04 ===
=== EXP-T332 shadow fold=4 lr0=1e-03 ===
=== EXP-T332 shadow fold=4 lr0=1e-02 ===
/workspace_developability_acquisition/developability_drilldown/models/antibody_transformer/model.py:347: UserWarning: enable_nested_tensor is True, but self.use_nested_tensor is False because encoder_layer.norm_first was True
  self.encoder = nn.TransformerEncoder(_make_encoder_layer(), num_layers=n_layers)
DONE EXP-T332 mean=3.443169
==== TRAIN EXP-T333 currab_unpaired/A/REGION ====
/workspace_developability_acquisition/developability_drilldown/models/antibody_transformer/model.py:347: UserWarning: enable_nested_tensor is True, but self.use_nested_tensor is False because encoder_layer.norm_first was True
  self.encoder = nn.TransformerEncoder(_make_encoder_layer(), num_layers=n_layers)
=== EXP-T333 primary fold=0 lr0=1e-05 ===
=== EXP-T333 primary fold=0 lr0=1e-04 ===
=== EXP-T333 primary fold=0 lr0=1e-03 ===
=== EXP-T333 primary fold=0 lr0=1e-02 ===
/workspace_developability_acquisition/developability_drilldown/models/antibody_transformer/model.py:347: UserWarning: enable_nested_tensor is True, but self.use_nested_tensor is False because encoder_layer.norm_first was True
  self.encoder = nn.TransformerEncoder(_make_encoder_layer(), num_layers=n_layers)
=== EXP-T333 primary fold=1 lr0=1e-05 ===
=== EXP-T333 primary fold=1 lr0=1e-04 ===
=== EXP-T333 primary fold=1 lr0=1e-03 ===
=== EXP-T333 primary fold=1 lr0=1e-02 ===
/workspace_developability_acquisition/developability_drilldown/models/antibody_transformer/model.py:347: UserWarning: enable_nested_tensor is True, but self.use_nested_tensor is False because encoder_layer.norm_first was True
  self.encoder = nn.TransformerEncoder(_make_encoder_layer(), num_layers=n_layers)
=== EXP-T333 primary fold=2 lr0=1e-05 ===
=== EXP-T333 primary fold=2 lr0=1e-04 ===
=== EXP-T333 primary fold=2 lr0=1e-03 ===
=== EXP-T333 primary fold=2 lr0=1e-02 ===
/workspace_developability_acquisition/developability_drilldown/models/antibody_transformer/model.py:347: UserWarning: enable_nested_tensor is True, but self.use_nested_tensor is False because encoder_layer.norm_first was True
  self.encoder = nn.TransformerEncoder(_make_encoder_layer(), num_layers=n_layers)
=== EXP-T333 primary fold=3 lr0=1e-05 ===
=== EXP-T333 primary fold=3 lr0=1e-04 ===
=== EXP-T333 primary fold=3 lr0=1e-03 ===
=== EXP-T333 primary fold=3 lr0=1e-02 ===
/workspace_developability_acquisition/developability_drilldown/models/antibody_transformer/model.py:347: UserWarning: enable_nested_tensor is True, but self.use_nested_tensor is False because encoder_layer.norm_first was True
  self.encoder = nn.TransformerEncoder(_make_encoder_layer(), num_layers=n_layers)
=== EXP-T333 primary fold=4 lr0=1e-05 ===
=== EXP-T333 primary fold=4 lr0=1e-04 ===
=== EXP-T333 primary fold=4 lr0=1e-03 ===
=== EXP-T333 primary fold=4 lr0=1e-02 ===
/workspace_developability_acquisition/developability_drilldown/models/antibody_transformer/model.py:347: UserWarning: enable_nested_tensor is True, but self.use_nested_tensor is False because encoder_layer.norm_first was True
  self.encoder = nn.TransformerEncoder(_make_encoder_layer(), num_layers=n_layers)
=== EXP-T333 shadow fold=0 lr0=1e-05 ===
=== EXP-T333 shadow fold=0 lr0=1e-04 ===
=== EXP-T333 shadow fold=0 lr0=1e-03 ===
=== EXP-T333 shadow fold=0 lr0=1e-02 ===
/workspace_developability_acquisition/developability_drilldown/models/antibody_transformer/model.py:347: UserWarning: enable_nested_tensor is True, but self.use_nested_tensor is False because encoder_layer.norm_first was True
  self.encoder = nn.TransformerEncoder(_make_encoder_layer(), num_layers=n_layers)
=== EXP-T333 shadow fold=1 lr0=1e-05 ===
=== EXP-T333 shadow fold=1 lr0=1e-04 ===
=== EXP-T333 shadow fold=1 lr0=1e-03 ===
=== EXP-T333 shadow fold=1 lr0=1e-02 ===
/workspace_developability_acquisition/developability_drilldown/models/antibody_transformer/model.py:347: UserWarning: enable_nested_tensor is True, but self.use_nested_tensor is False because encoder_layer.norm_first was True
  self.encoder = nn.TransformerEncoder(_make_encoder_layer(), num_layers=n_layers)
=== EXP-T333 shadow fold=2 lr0=1e-05 ===
=== EXP-T333 shadow fold=2 lr0=1e-04 ===
=== EXP-T333 shadow fold=2 lr0=1e-03 ===
=== EXP-T333 shadow fold=2 lr0=1e-02 ===
/workspace_developability_acquisition/developability_drilldown/models/antibody_transformer/model.py:347: UserWarning: enable_nested_tensor is True, but self.use_nested_tensor is False because encoder_layer.norm_first was True
  self.encoder = nn.TransformerEncoder(_make_encoder_layer(), num_layers=n_layers)
=== EXP-T333 shadow fold=3 lr0=1e-05 ===
=== EXP-T333 shadow fold=3 lr0=1e-04 ===
=== EXP-T333 shadow fold=3 lr0=1e-03 ===
=== EXP-T333 shadow fold=3 lr0=1e-02 ===
/workspace_developability_acquisition/developability_drilldown/models/antibody_transformer/model.py:347: UserWarning: enable_nested_tensor is True, but self.use_nested_tensor is False because encoder_layer.norm_first was True
  self.encoder = nn.TransformerEncoder(_make_encoder_layer(), num_layers=n_layers)
=== EXP-T333 shadow fold=4 lr0=1e-05 ===
=== EXP-T333 shadow fold=4 lr0=1e-04 ===
=== EXP-T333 shadow fold=4 lr0=1e-03 ===
=== EXP-T333 shadow fold=4 lr0=1e-02 ===
/workspace_developability_acquisition/developability_drilldown/models/antibody_transformer/model.py:347: UserWarning: enable_nested_tensor is True, but self.use_nested_tensor is False because encoder_layer.norm_first was True
  self.encoder = nn.TransformerEncoder(_make_encoder_layer(), num_layers=n_layers)
DONE EXP-T333 mean=3.378837
==== TRAIN EXP-T334 currab_unpaired/B1/REGION ====
/workspace_developability_acquisition/developability_drilldown/models/antibody_transformer/model.py:347: UserWarning: enable_nested_tensor is True, but self.use_nested_tensor is False because encoder_layer.norm_first was True
  self.encoder = nn.TransformerEncoder(_make_encoder_layer(), num_layers=n_layers)
=== EXP-T334 primary fold=0 lr0=1e-05 ===
=== EXP-T334 primary fold=0 lr0=1e-04 ===
=== EXP-T334 primary fold=0 lr0=1e-03 ===
=== EXP-T334 primary fold=0 lr0=1e-02 ===
/workspace_developability_acquisition/developability_drilldown/models/antibody_transformer/model.py:347: UserWarning: enable_nested_tensor is True, but self.use_nested_tensor is False because encoder_layer.norm_first was True
  self.encoder = nn.TransformerEncoder(_make_encoder_layer(), num_layers=n_layers)
=== EXP-T334 primary fold=1 lr0=1e-05 ===
=== EXP-T334 primary fold=1 lr0=1e-04 ===
=== EXP-T334 primary fold=1 lr0=1e-03 ===
=== EXP-T334 primary fold=1 lr0=1e-02 ===
/workspace_developability_acquisition/developability_drilldown/models/antibody_transformer/model.py:347: UserWarning: enable_nested_tensor is True, but self.use_nested_tensor is False because encoder_layer.norm_first was True
  self.encoder = nn.TransformerEncoder(_make_encoder_layer(), num_layers=n_layers)
=== EXP-T334 primary fold=2 lr0=1e-05 ===
=== EXP-T334 primary fold=2 lr0=1e-04 ===
=== EXP-T334 primary fold=2 lr0=1e-03 ===
=== EXP-T334 primary fold=2 lr0=1e-02 ===
/workspace_developability_acquisition/developability_drilldown/models/antibody_transformer/model.py:347: UserWarning: enable_nested_tensor is True, but self.use_nested_tensor is False because encoder_layer.norm_first was True
  self.encoder = nn.TransformerEncoder(_make_encoder_layer(), num_layers=n_layers)
=== EXP-T334 primary fold=3 lr0=1e-05 ===
=== EXP-T334 primary fold=3 lr0=1e-04 ===
=== EXP-T334 primary fold=3 lr0=1e-03 ===
=== EXP-T334 primary fold=3 lr0=1e-02 ===
/workspace_developability_acquisition/developability_drilldown/models/antibody_transformer/model.py:347: UserWarning: enable_nested_tensor is True, but self.use_nested_tensor is False because encoder_layer.norm_first was True
  self.encoder = nn.TransformerEncoder(_make_encoder_layer(), num_layers=n_layers)
=== EXP-T334 primary fold=4 lr0=1e-05 ===
=== EXP-T334 primary fold=4 lr0=1e-04 ===
=== EXP-T334 primary fold=4 lr0=1e-03 ===
=== EXP-T334 primary fold=4 lr0=1e-02 ===
/workspace_developability_acquisition/developability_drilldown/models/antibody_transformer/model.py:347: UserWarning: enable_nested_tensor is True, but self.use_nested_tensor is False because encoder_layer.norm_first was True
  self.encoder = nn.TransformerEncoder(_make_encoder_layer(), num_layers=n_layers)
=== EXP-T334 shadow fold=0 lr0=1e-05 ===
=== EXP-T334 shadow fold=0 lr0=1e-04 ===
=== EXP-T334 shadow fold=0 lr0=1e-03 ===
=== EXP-T334 shadow fold=0 lr0=1e-02 ===
/workspace_developability_acquisition/developability_drilldown/models/antibody_transformer/model.py:347: UserWarning: enable_nested_tensor is True, but self.use_nested_tensor is False because encoder_layer.norm_first was True
  self.encoder = nn.TransformerEncoder(_make_encoder_layer(), num_layers=n_layers)
=== EXP-T334 shadow fold=1 lr0=1e-05 ===
=== EXP-T334 shadow fold=1 lr0=1e-04 ===
=== EXP-T334 shadow fold=1 lr0=1e-03 ===
=== EXP-T334 shadow fold=1 lr0=1e-02 ===
/workspace_developability_acquisition/developability_drilldown/models/antibody_transformer/model.py:347: UserWarning: enable_nested_tensor is True, but self.use_nested_tensor is False because encoder_layer.norm_first was True
  self.encoder = nn.TransformerEncoder(_make_encoder_layer(), num_layers=n_layers)
=== EXP-T334 shadow fold=2 lr0=1e-05 ===
=== EXP-T334 shadow fold=2 lr0=1e-04 ===
=== EXP-T334 shadow fold=2 lr0=1e-03 ===
=== EXP-T334 shadow fold=2 lr0=1e-02 ===
/workspace_developability_acquisition/developability_drilldown/models/antibody_transformer/model.py:347: UserWarning: enable_nested_tensor is True, but self.use_nested_tensor is False because encoder_layer.norm_first was True
  self.encoder = nn.TransformerEncoder(_make_encoder_layer(), num_layers=n_layers)
=== EXP-T334 shadow fold=3 lr0=1e-05 ===
=== EXP-T334 shadow fold=3 lr0=1e-04 ===
=== EXP-T334 shadow fold=3 lr0=1e-03 ===
=== EXP-T334 shadow fold=3 lr0=1e-02 ===
/workspace_developability_acquisition/developability_drilldown/models/antibody_transformer/model.py:347: UserWarning: enable_nested_tensor is True, but self.use_nested_tensor is False because encoder_layer.norm_first was True
  self.encoder = nn.TransformerEncoder(_make_encoder_layer(), num_layers=n_layers)
=== EXP-T334 shadow fold=4 lr0=1e-05 ===
=== EXP-T334 shadow fold=4 lr0=1e-04 ===
=== EXP-T334 shadow fold=4 lr0=1e-03 ===
=== EXP-T334 shadow fold=4 lr0=1e-02 ===
/workspace_developability_acquisition/developability_drilldown/models/antibody_transformer/model.py:347: UserWarning: enable_nested_tensor is True, but self.use_nested_tensor is False because encoder_layer.norm_first was True
  self.encoder = nn.TransformerEncoder(_make_encoder_layer(), num_layers=n_layers)
DONE EXP-T334 mean=3.469227
==== TRAIN EXP-T335 currab_unpaired/B2/REGION ====
/workspace_developability_acquisition/developability_drilldown/models/antibody_transformer/model.py:347: UserWarning: enable_nested_tensor is True, but self.use_nested_tensor is False because encoder_layer.norm_first was True
  self.encoder = nn.TransformerEncoder(_make_encoder_layer(), num_layers=n_layers)
=== EXP-T335 primary fold=0 lr0=1e-05 ===
=== EXP-T335 primary fold=0 lr0=1e-04 ===
=== EXP-T335 primary fold=0 lr0=1e-03 ===
=== EXP-T335 primary fold=0 lr0=1e-02 ===
/workspace_developability_acquisition/developability_drilldown/models/antibody_transformer/model.py:347: UserWarning: enable_nested_tensor is True, but self.use_nested_tensor is False because encoder_layer.norm_first was True
  self.encoder = nn.TransformerEncoder(_make_encoder_layer(), num_layers=n_layers)
=== EXP-T335 primary fold=1 lr0=1e-05 ===
=== EXP-T335 primary fold=1 lr0=1e-04 ===
=== EXP-T335 primary fold=1 lr0=1e-03 ===
=== EXP-T335 primary fold=1 lr0=1e-02 ===
/workspace_developability_acquisition/developability_drilldown/models/antibody_transformer/model.py:347: UserWarning: enable_nested_tensor is True, but self.use_nested_tensor is False because encoder_layer.norm_first was True
  self.encoder = nn.TransformerEncoder(_make_encoder_layer(), num_layers=n_layers)
=== EXP-T335 primary fold=2 lr0=1e-05 ===
=== EXP-T335 primary fold=2 lr0=1e-04 ===
=== EXP-T335 primary fold=2 lr0=1e-03 ===
=== EXP-T335 primary fold=2 lr0=1e-02 ===
/workspace_developability_acquisition/developability_drilldown/models/antibody_transformer/model.py:347: UserWarning: enable_nested_tensor is True, but self.use_nested_tensor is False because encoder_layer.norm_first was True
  self.encoder = nn.TransformerEncoder(_make_encoder_layer(), num_layers=n_layers)
=== EXP-T335 primary fold=3 lr0=1e-05 ===
=== EXP-T335 primary fold=3 lr0=1e-04 ===
=== EXP-T335 primary fold=3 lr0=1e-03 ===
=== EXP-T335 primary fold=3 lr0=1e-02 ===
/workspace_developability_acquisition/developability_drilldown/models/antibody_transformer/model.py:347: UserWarning: enable_nested_tensor is True, but self.use_nested_tensor is False because encoder_layer.norm_first was True
  self.encoder = nn.TransformerEncoder(_make_encoder_layer(), num_layers=n_layers)
=== EXP-T335 primary fold=4 lr0=1e-05 ===
=== EXP-T335 primary fold=4 lr0=1e-04 ===
=== EXP-T335 primary fold=4 lr0=1e-03 ===
=== EXP-T335 primary fold=4 lr0=1e-02 ===
/workspace_developability_acquisition/developability_drilldown/models/antibody_transformer/model.py:347: UserWarning: enable_nested_tensor is True, but self.use_nested_tensor is False because encoder_layer.norm_first was True
  self.encoder = nn.TransformerEncoder(_make_encoder_layer(), num_layers=n_layers)
=== EXP-T335 shadow fold=0 lr0=1e-05 ===
=== EXP-T335 shadow fold=0 lr0=1e-04 ===
=== EXP-T335 shadow fold=0 lr0=1e-03 ===
=== EXP-T335 shadow fold=0 lr0=1e-02 ===
/workspace_developability_acquisition/developability_drilldown/models/antibody_transformer/model.py:347: UserWarning: enable_nested_tensor is True, but self.use_nested_tensor is False because encoder_layer.norm_first was True
  self.encoder = nn.TransformerEncoder(_make_encoder_layer(), num_layers=n_layers)
=== EXP-T335 shadow fold=1 lr0=1e-05 ===
=== EXP-T335 shadow fold=1 lr0=1e-04 ===
=== EXP-T335 shadow fold=1 lr0=1e-03 ===
=== EXP-T335 shadow fold=1 lr0=1e-02 ===
/workspace_developability_acquisition/developability_drilldown/models/antibody_transformer/model.py:347: UserWarning: enable_nested_tensor is True, but self.use_nested_tensor is False because encoder_layer.norm_first was True
  self.encoder = nn.TransformerEncoder(_make_encoder_layer(), num_layers=n_layers)
=== EXP-T335 shadow fold=2 lr0=1e-05 ===
=== EXP-T335 shadow fold=2 lr0=1e-04 ===
=== EXP-T335 shadow fold=2 lr0=1e-03 ===
=== EXP-T335 shadow fold=2 lr0=1e-02 ===
/workspace_developability_acquisition/developability_drilldown/models/antibody_transformer/model.py:347: UserWarning: enable_nested_tensor is True, but self.use_nested_tensor is False because encoder_layer.norm_first was True
  self.encoder = nn.TransformerEncoder(_make_encoder_layer(), num_layers=n_layers)
=== EXP-T335 shadow fold=3 lr0=1e-05 ===
=== EXP-T335 shadow fold=3 lr0=1e-04 ===
=== EXP-T335 shadow fold=3 lr0=1e-03 ===
=== EXP-T335 shadow fold=3 lr0=1e-02 ===
/workspace_developability_acquisition/developability_drilldown/models/antibody_transformer/model.py:347: UserWarning: enable_nested_tensor is True, but self.use_nested_tensor is False because encoder_layer.norm_first was True
  self.encoder = nn.TransformerEncoder(_make_encoder_layer(), num_layers=n_layers)
=== EXP-T335 shadow fold=4 lr0=1e-05 ===
=== EXP-T335 shadow fold=4 lr0=1e-04 ===
=== EXP-T335 shadow fold=4 lr0=1e-03 ===
=== EXP-T335 shadow fold=4 lr0=1e-02 ===
/workspace_developability_acquisition/developability_drilldown/models/antibody_transformer/model.py:347: UserWarning: enable_nested_tensor is True, but self.use_nested_tensor is False because encoder_layer.norm_first was True
  self.encoder = nn.TransformerEncoder(_make_encoder_layer(), num_layers=n_layers)
DONE EXP-T335 mean=3.470944
==== TRAIN EXP-T336 currab_unpaired/C/REGION ====
/workspace_developability_acquisition/developability_drilldown/models/antibody_transformer/model.py:347: UserWarning: enable_nested_tensor is True, but self.use_nested_tensor is False because encoder_layer.norm_first was True
  self.encoder = nn.TransformerEncoder(_make_encoder_layer(), num_layers=n_layers)
=== EXP-T336 primary fold=0 lr0=1e-05 ===
=== EXP-T336 primary fold=0 lr0=1e-04 ===
=== EXP-T336 primary fold=0 lr0=1e-03 ===
=== EXP-T336 primary fold=0 lr0=1e-02 ===
/workspace_developability_acquisition/developability_drilldown/models/antibody_transformer/model.py:347: UserWarning: enable_nested_tensor is True, but self.use_nested_tensor is False because encoder_layer.norm_first was True
  self.encoder = nn.TransformerEncoder(_make_encoder_layer(), num_layers=n_layers)
=== EXP-T336 primary fold=1 lr0=1e-05 ===
=== EXP-T336 primary fold=1 lr0=1e-04 ===
=== EXP-T336 primary fold=1 lr0=1e-03 ===
=== EXP-T336 primary fold=1 lr0=1e-02 ===
/workspace_developability_acquisition/developability_drilldown/models/antibody_transformer/model.py:347: UserWarning: enable_nested_tensor is True, but self.use_nested_tensor is False because encoder_layer.norm_first was True
  self.encoder = nn.TransformerEncoder(_make_encoder_layer(), num_layers=n_layers)
=== EXP-T336 primary fold=2 lr0=1e-05 ===
=== EXP-T336 primary fold=2 lr0=1e-04 ===
=== EXP-T336 primary fold=2 lr0=1e-03 ===
=== EXP-T336 primary fold=2 lr0=1e-02 ===
/workspace_developability_acquisition/developability_drilldown/models/antibody_transformer/model.py:347: UserWarning: enable_nested_tensor is True, but self.use_nested_tensor is False because encoder_layer.norm_first was True
  self.encoder = nn.TransformerEncoder(_make_encoder_layer(), num_layers=n_layers)
=== EXP-T336 primary fold=3 lr0=1e-05 ===
=== EXP-T336 primary fold=3 lr0=1e-04 ===
=== EXP-T336 primary fold=3 lr0=1e-03 ===
=== EXP-T336 primary fold=3 lr0=1e-02 ===
/workspace_developability_acquisition/developability_drilldown/models/antibody_transformer/model.py:347: UserWarning: enable_nested_tensor is True, but self.use_nested_tensor is False because encoder_layer.norm_first was True
  self.encoder = nn.TransformerEncoder(_make_encoder_layer(), num_layers=n_layers)
=== EXP-T336 primary fold=4 lr0=1e-05 ===
=== EXP-T336 primary fold=4 lr0=1e-04 ===
=== EXP-T336 primary fold=4 lr0=1e-03 ===
=== EXP-T336 primary fold=4 lr0=1e-02 ===
/workspace_developability_acquisition/developability_drilldown/models/antibody_transformer/model.py:347: UserWarning: enable_nested_tensor is True, but self.use_nested_tensor is False because encoder_layer.norm_first was True
  self.encoder = nn.TransformerEncoder(_make_encoder_layer(), num_layers=n_layers)
=== EXP-T336 shadow fold=0 lr0=1e-05 ===
=== EXP-T336 shadow fold=0 lr0=1e-04 ===
=== EXP-T336 shadow fold=0 lr0=1e-03 ===
=== EXP-T336 shadow fold=0 lr0=1e-02 ===
/workspace_developability_acquisition/developability_drilldown/models/antibody_transformer/model.py:347: UserWarning: enable_nested_tensor is True, but self.use_nested_tensor is False because encoder_layer.norm_first was True
  self.encoder = nn.TransformerEncoder(_make_encoder_layer(), num_layers=n_layers)
=== EXP-T336 shadow fold=1 lr0=1e-05 ===
=== EXP-T336 shadow fold=1 lr0=1e-04 ===
=== EXP-T336 shadow fold=1 lr0=1e-03 ===
=== EXP-T336 shadow fold=1 lr0=1e-02 ===
/workspace_developability_acquisition/developability_drilldown/models/antibody_transformer/model.py:347: UserWarning: enable_nested_tensor is True, but self.use_nested_tensor is False because encoder_layer.norm_first was True
  self.encoder = nn.TransformerEncoder(_make_encoder_layer(), num_layers=n_layers)
=== EXP-T336 shadow fold=2 lr0=1e-05 ===
=== EXP-T336 shadow fold=2 lr0=1e-04 ===
=== EXP-T336 shadow fold=2 lr0=1e-03 ===
=== EXP-T336 shadow fold=2 lr0=1e-02 ===
/workspace_developability_acquisition/developability_drilldown/models/antibody_transformer/model.py:347: UserWarning: enable_nested_tensor is True, but self.use_nested_tensor is False because encoder_layer.norm_first was True
  self.encoder = nn.TransformerEncoder(_make_encoder_layer(), num_layers=n_layers)
=== EXP-T336 shadow fold=3 lr0=1e-05 ===
=== EXP-T336 shadow fold=3 lr0=1e-04 ===
=== EXP-T336 shadow fold=3 lr0=1e-03 ===
=== EXP-T336 shadow fold=3 lr0=1e-02 ===
/workspace_developability_acquisition/developability_drilldown/models/antibody_transformer/model.py:347: UserWarning: enable_nested_tensor is True, but self.use_nested_tensor is False because encoder_layer.norm_first was True
  self.encoder = nn.TransformerEncoder(_make_encoder_layer(), num_layers=n_layers)
=== EXP-T336 shadow fold=4 lr0=1e-05 ===
=== EXP-T336 shadow fold=4 lr0=1e-04 ===
=== EXP-T336 shadow fold=4 lr0=1e-03 ===
=== EXP-T336 shadow fold=4 lr0=1e-02 ===
/workspace_developability_acquisition/developability_drilldown/models/antibody_transformer/model.py:347: UserWarning: enable_nested_tensor is True, but self.use_nested_tensor is False because encoder_layer.norm_first was True
  self.encoder = nn.TransformerEncoder(_make_encoder_layer(), num_layers=n_layers)
DONE EXP-T336 mean=3.248334
==== TRAIN EXP-T337 currab_unpaired/D/REGION ====
/workspace_developability_acquisition/developability_drilldown/models/antibody_transformer/model.py:347: UserWarning: enable_nested_tensor is True, but self.use_nested_tensor is False because encoder_layer.norm_first was True
  self.encoder = nn.TransformerEncoder(_make_encoder_layer(), num_layers=n_layers)
=== EXP-T337 primary fold=0 lr0=1e-05 ===
=== EXP-T337 primary fold=0 lr0=1e-04 ===
=== EXP-T337 primary fold=0 lr0=1e-03 ===
=== EXP-T337 primary fold=0 lr0=1e-02 ===
/workspace_developability_acquisition/developability_drilldown/models/antibody_transformer/model.py:347: UserWarning: enable_nested_tensor is True, but self.use_nested_tensor is False because encoder_layer.norm_first was True
  self.encoder = nn.TransformerEncoder(_make_encoder_layer(), num_layers=n_layers)
=== EXP-T337 primary fold=1 lr0=1e-05 ===
=== EXP-T337 primary fold=1 lr0=1e-04 ===
=== EXP-T337 primary fold=1 lr0=1e-03 ===
=== EXP-T337 primary fold=1 lr0=1e-02 ===
/workspace_developability_acquisition/developability_drilldown/models/antibody_transformer/model.py:347: UserWarning: enable_nested_tensor is True, but self.use_nested_tensor is False because encoder_layer.norm_first was True
  self.encoder = nn.TransformerEncoder(_make_encoder_layer(), num_layers=n_layers)
=== EXP-T337 primary fold=2 lr0=1e-05 ===
=== EXP-T337 primary fold=2 lr0=1e-04 ===
=== EXP-T337 primary fold=2 lr0=1e-03 ===
=== EXP-T337 primary fold=2 lr0=1e-02 ===
/workspace_developability_acquisition/developability_drilldown/models/antibody_transformer/model.py:347: UserWarning: enable_nested_tensor is True, but self.use_nested_tensor is False because encoder_layer.norm_first was True
  self.encoder = nn.TransformerEncoder(_make_encoder_layer(), num_layers=n_layers)
=== EXP-T337 primary fold=3 lr0=1e-05 ===
=== EXP-T337 primary fold=3 lr0=1e-04 ===
=== EXP-T337 primary fold=3 lr0=1e-03 ===
=== EXP-T337 primary fold=3 lr0=1e-02 ===
/workspace_developability_acquisition/developability_drilldown/models/antibody_transformer/model.py:347: UserWarning: enable_nested_tensor is True, but self.use_nested_tensor is False because encoder_layer.norm_first was True
  self.encoder = nn.TransformerEncoder(_make_encoder_layer(), num_layers=n_layers)
=== EXP-T337 primary fold=4 lr0=1e-05 ===
=== EXP-T337 primary fold=4 lr0=1e-04 ===
=== EXP-T337 primary fold=4 lr0=1e-03 ===
=== EXP-T337 primary fold=4 lr0=1e-02 ===
/workspace_developability_acquisition/developability_drilldown/models/antibody_transformer/model.py:347: UserWarning: enable_nested_tensor is True, but self.use_nested_tensor is False because encoder_layer.norm_first was True
  self.encoder = nn.TransformerEncoder(_make_encoder_layer(), num_layers=n_layers)
=== EXP-T337 shadow fold=0 lr0=1e-05 ===
=== EXP-T337 shadow fold=0 lr0=1e-04 ===
=== EXP-T337 shadow fold=0 lr0=1e-03 ===
=== EXP-T337 shadow fold=0 lr0=1e-02 ===
/workspace_developability_acquisition/developability_drilldown/models/antibody_transformer/model.py:347: UserWarning: enable_nested_tensor is True, but self.use_nested_tensor is False because encoder_layer.norm_first was True
  self.encoder = nn.TransformerEncoder(_make_encoder_layer(), num_layers=n_layers)
=== EXP-T337 shadow fold=1 lr0=1e-05 ===
=== EXP-T337 shadow fold=1 lr0=1e-04 ===
=== EXP-T337 shadow fold=1 lr0=1e-03 ===
=== EXP-T337 shadow fold=1 lr0=1e-02 ===
/workspace_developability_acquisition/developability_drilldown/models/antibody_transformer/model.py:347: UserWarning: enable_nested_tensor is True, but self.use_nested_tensor is False because encoder_layer.norm_first was True
  self.encoder = nn.TransformerEncoder(_make_encoder_layer(), num_layers=n_layers)
=== EXP-T337 shadow fold=2 lr0=1e-05 ===
=== EXP-T337 shadow fold=2 lr0=1e-04 ===
=== EXP-T337 shadow fold=2 lr0=1e-03 ===
=== EXP-T337 shadow fold=2 lr0=1e-02 ===
/workspace_developability_acquisition/developability_drilldown/models/antibody_transformer/model.py:347: UserWarning: enable_nested_tensor is True, but self.use_nested_tensor is False because encoder_layer.norm_first was True
  self.encoder = nn.TransformerEncoder(_make_encoder_layer(), num_layers=n_layers)
=== EXP-T337 shadow fold=3 lr0=1e-05 ===
=== EXP-T337 shadow fold=3 lr0=1e-04 ===
=== EXP-T337 shadow fold=3 lr0=1e-03 ===
=== EXP-T337 shadow fold=3 lr0=1e-02 ===
/workspace_developability_acquisition/developability_drilldown/models/antibody_transformer/model.py:347: UserWarning: enable_nested_tensor is True, but self.use_nested_tensor is False because encoder_layer.norm_first was True
  self.encoder = nn.TransformerEncoder(_make_encoder_layer(), num_layers=n_layers)
=== EXP-T337 shadow fold=4 lr0=1e-05 ===
=== EXP-T337 shadow fold=4 lr0=1e-04 ===
=== EXP-T337 shadow fold=4 lr0=1e-03 ===
=== EXP-T337 shadow fold=4 lr0=1e-02 ===
/workspace_developability_acquisition/developability_drilldown/models/antibody_transformer/model.py:347: UserWarning: enable_nested_tensor is True, but self.use_nested_tensor is False because encoder_layer.norm_first was True
  self.encoder = nn.TransformerEncoder(_make_encoder_layer(), num_layers=n_layers)
DONE EXP-T337 mean=3.404276
train phase done
