RUN canonical PSR FUSION_esm2_ABB_SURFACE Ridge
RUN canonical PSR FUSION_esm2_ABB_SURFACE ElasticNet
/workspace_developability_acquisition/gate_b1/scripts/10_train_plm_structure.py:106: ConstantInputWarning: An input array is constant; the correlation coefficient is not defined.
  sc = spearmanr(y[tr][iva], pred).correlation
/workspace_developability_acquisition/gate_b1/scripts/10_train_plm_structure.py:106: ConstantInputWarning: An input array is constant; the correlation coefficient is not defined.
  sc = spearmanr(y[tr][iva], pred).correlation
/workspace_developability_acquisition/gate_b1/scripts/10_train_plm_structure.py:106: ConstantInputWarning: An input array is constant; the correlation coefficient is not defined.
  sc = spearmanr(y[tr][iva], pred).correlation
/workspace_developability_acquisition/gate_b1/scripts/10_train_plm_structure.py:106: ConstantInputWarning: An input array is constant; the correlation coefficient is not defined.
  sc = spearmanr(y[tr][iva], pred).correlation
/workspace_developability_acquisition/gate_b1/scripts/10_train_plm_structure.py:106: ConstantInputWarning: An input array is constant; the correlation coefficient is not defined.
  sc = spearmanr(y[tr][iva], pred).correlation
/workspace_developability_acquisition/gate_b1/scripts/10_train_plm_structure.py:106: ConstantInputWarning: An input array is constant; the correlation coefficient is not defined.
  sc = spearmanr(y[tr][iva], pred).correlation
/workspace_developability_acquisition/gate_b1/scripts/10_train_plm_structure.py:106: ConstantInputWarning: An input array is constant; the correlation coefficient is not defined.
  sc = spearmanr(y[tr][iva], pred).correlation
/workspace_developability_acquisition/gate_b1/scripts/10_train_plm_structure.py:106: ConstantInputWarning: An input array is constant; the correlation coefficient is not defined.
  sc = spearmanr(y[tr][iva], pred).correlation
/workspace_developability_acquisition/gate_b1/scripts/10_train_plm_structure.py:106: ConstantInputWarning: An input array is constant; the correlation coefficient is not defined.
  sc = spearmanr(y[tr][iva], pred).correlation
/workspace_developability_acquisition/gate_b1/scripts/10_train_plm_structure.py:106: ConstantInputWarning: An input array is constant; the correlation coefficient is not defined.
  sc = spearmanr(y[tr][iva], pred).correlation
/workspace_developability_acquisition/gate_b1/scripts/10_train_plm_structure.py:106: ConstantInputWarning: An input array is constant; the correlation coefficient is not defined.
  sc = spearmanr(y[tr][iva], pred).correlation
/workspace_developability_acquisition/gate_b1/scripts/10_train_plm_structure.py:106: ConstantInputWarning: An input array is constant; the correlation coefficient is not defined.
  sc = spearmanr(y[tr][iva], pred).correlation
/workspace_developability_acquisition/gate_b1/scripts/10_train_plm_structure.py:106: ConstantInputWarning: An input array is constant; the correlation coefficient is not defined.
  sc = spearmanr(y[tr][iva], pred).correlation
/workspace_developability_acquisition/gate_b1/scripts/10_train_plm_structure.py:106: ConstantInputWarning: An input array is constant; the correlation coefficient is not defined.
  sc = spearmanr(y[tr][iva], pred).correlation
/workspace_developability_acquisition/gate_b1/scripts/10_train_plm_structure.py:106: ConstantInputWarning: An input array is constant; the correlation coefficient is not defined.
  sc = spearmanr(y[tr][iva], pred).correlation
/workspace_developability_acquisition/gate_b1/scripts/10_train_plm_structure.py:106: ConstantInputWarning: An input array is constant; the correlation coefficient is not defined.
  sc = spearmanr(y[tr][iva], pred).correlation
/workspace_developability_acquisition/gate_b1/scripts/10_train_plm_structure.py:106: ConstantInputWarning: An input array is constant; the correlation coefficient is not defined.
  sc = spearmanr(y[tr][iva], pred).correlation
/workspace_developability_acquisition/gate_b1/scripts/10_train_plm_structure.py:106: ConstantInputWarning: An input array is constant; the correlation coefficient is not defined.
  sc = spearmanr(y[tr][iva], pred).correlation
/workspace_developability_acquisition/gate_b1/scripts/10_train_plm_structure.py:106: ConstantInputWarning: An input array is constant; the correlation coefficient is not defined.
  sc = spearmanr(y[tr][iva], pred).correlation
/workspace_developability_acquisition/gate_b1/scripts/10_train_plm_structure.py:106: ConstantInputWarning: An input array is constant; the correlation coefficient is not defined.
  sc = spearmanr(y[tr][iva], pred).correlation
/workspace_developability_acquisition/gate_b1/scripts/10_train_plm_structure.py:106: ConstantInputWarning: An input array is constant; the correlation coefficient is not defined.
  sc = spearmanr(y[tr][iva], pred).correlation
/workspace_developability_acquisition/gate_b1/scripts/10_train_plm_structure.py:106: ConstantInputWarning: An input array is constant; the correlation coefficient is not defined.
  sc = spearmanr(y[tr][iva], pred).correlation
/workspace_developability_acquisition/gate_b1/scripts/10_train_plm_structure.py:106: ConstantInputWarning: An input array is constant; the correlation coefficient is not defined.
  sc = spearmanr(y[tr][iva], pred).correlation
/workspace_developability_acquisition/gate_b1/scripts/10_train_plm_structure.py:106: ConstantInputWarning: An input array is constant; the correlation coefficient is not defined.
  sc = spearmanr(y[tr][iva], pred).correlation
/workspace_developability_acquisition/gate_b1/scripts/10_train_plm_structure.py:106: ConstantInputWarning: An input array is constant; the correlation coefficient is not defined.
  sc = spearmanr(y[tr][iva], pred).correlation
/workspace_developability_acquisition/gate_b1/scripts/10_train_plm_structure.py:106: ConstantInputWarning: An input array is constant; the correlation coefficient is not defined.
  sc = spearmanr(y[tr][iva], pred).correlation
/workspace_developability_acquisition/gate_b1/scripts/10_train_plm_structure.py:106: ConstantInputWarning: An input array is constant; the correlation coefficient is not defined.
  sc = spearmanr(y[tr][iva], pred).correlation
/workspace_developability_acquisition/gate_b1/scripts/10_train_plm_structure.py:106: ConstantInputWarning: An input array is constant; the correlation coefficient is not defined.
  sc = spearmanr(y[tr][iva], pred).correlation
/workspace_developability_acquisition/gate_b1/scripts/10_train_plm_structure.py:106: ConstantInputWarning: An input array is constant; the correlation coefficient is not defined.
  sc = spearmanr(y[tr][iva], pred).correlation
/workspace_developability_acquisition/gate_b1/scripts/10_train_plm_structure.py:106: ConstantInputWarning: An input array is constant; the correlation coefficient is not defined.
  sc = spearmanr(y[tr][iva], pred).correlation
/workspace_developability_acquisition/gate_b1/scripts/10_train_plm_structure.py:106: ConstantInputWarning: An input array is constant; the correlation coefficient is not defined.
  sc = spearmanr(y[tr][iva], pred).correlation
/workspace_developability_acquisition/gate_b1/scripts/10_train_plm_structure.py:106: ConstantInputWarning: An input array is constant; the correlation coefficient is not defined.
  sc = spearmanr(y[tr][iva], pred).correlation
/workspace_developability_acquisition/gate_b1/scripts/10_train_plm_structure.py:106: ConstantInputWarning: An input array is constant; the correlation coefficient is not defined.
  sc = spearmanr(y[tr][iva], pred).correlation
/workspace_developability_acquisition/gate_b1/scripts/10_train_plm_structure.py:106: ConstantInputWarning: An input array is constant; the correlation coefficient is not defined.
  sc = spearmanr(y[tr][iva], pred).correlation
/workspace_developability_acquisition/gate_b1/scripts/10_train_plm_structure.py:106: ConstantInputWarning: An input array is constant; the correlation coefficient is not defined.
  sc = spearmanr(y[tr][iva], pred).correlation
/workspace_developability_acquisition/gate_b1/scripts/10_train_plm_structure.py:106: ConstantInputWarning: An input array is constant; the correlation coefficient is not defined.
  sc = spearmanr(y[tr][iva], pred).correlation
/workspace_developability_acquisition/gate_b1/scripts/10_train_plm_structure.py:106: ConstantInputWarning: An input array is constant; the correlation coefficient is not defined.
  sc = spearmanr(y[tr][iva], pred).correlation
/workspace_developability_acquisition/gate_b1/scripts/10_train_plm_structure.py:106: ConstantInputWarning: An input array is constant; the correlation coefficient is not defined.
  sc = spearmanr(y[tr][iva], pred).correlation
/workspace_developability_acquisition/gate_b1/scripts/10_train_plm_structure.py:106: ConstantInputWarning: An input array is constant; the correlation coefficient is not defined.
  sc = spearmanr(y[tr][iva], pred).correlation
/workspace_developability_acquisition/gate_b1/scripts/10_train_plm_structure.py:106: ConstantInputWarning: An input array is constant; the correlation coefficient is not defined.
  sc = spearmanr(y[tr][iva], pred).correlation
/workspace_developability_acquisition/gate_b1/scripts/10_train_plm_structure.py:106: ConstantInputWarning: An input array is constant; the correlation coefficient is not defined.
  sc = spearmanr(y[tr][iva], pred).correlation
/workspace_developability_acquisition/gate_b1/scripts/10_train_plm_structure.py:106: ConstantInputWarning: An input array is constant; the correlation coefficient is not defined.
  sc = spearmanr(y[tr][iva], pred).correlation
/workspace_developability_acquisition/gate_b1/scripts/10_train_plm_structure.py:106: ConstantInputWarning: An input array is constant; the correlation coefficient is not defined.
  sc = spearmanr(y[tr][iva], pred).correlation
/workspace_developability_acquisition/gate_b1/scripts/10_train_plm_structure.py:106: ConstantInputWarning: An input array is constant; the correlation coefficient is not defined.
  sc = spearmanr(y[tr][iva], pred).correlation
/workspace_developability_acquisition/gate_b1/scripts/10_train_plm_structure.py:106: ConstantInputWarning: An input array is constant; the correlation coefficient is not defined.
  sc = spearmanr(y[tr][iva], pred).correlation
/workspace_developability_acquisition/gate_b1/scripts/10_train_plm_structure.py:106: ConstantInputWarning: An input array is constant; the correlation coefficient is not defined.
  sc = spearmanr(y[tr][iva], pred).correlation
/workspace_developability_acquisition/gate_b1/scripts/10_train_plm_structure.py:106: ConstantInputWarning: An input array is constant; the correlation coefficient is not defined.
  sc = spearmanr(y[tr][iva], pred).correlation
/workspace_developability_acquisition/gate_b1/scripts/10_train_plm_structure.py:106: ConstantInputWarning: An input array is constant; the correlation coefficient is not defined.
  sc = spearmanr(y[tr][iva], pred).correlation
/workspace_developability_acquisition/gate_b1/scripts/10_train_plm_structure.py:106: ConstantInputWarning: An input array is constant; the correlation coefficient is not defined.
  sc = spearmanr(y[tr][iva], pred).correlation
/workspace_developability_acquisition/gate_b1/scripts/10_train_plm_structure.py:106: ConstantInputWarning: An input array is constant; the correlation coefficient is not defined.
  sc = spearmanr(y[tr][iva], pred).correlation
/workspace_developability_acquisition/gate_b1/scripts/10_train_plm_structure.py:106: ConstantInputWarning: An input array is constant; the correlation coefficient is not defined.
  sc = spearmanr(y[tr][iva], pred).correlation
/workspace_developability_acquisition/gate_b1/scripts/10_train_plm_structure.py:106: ConstantInputWarning: An input array is constant; the correlation coefficient is not defined.
  sc = spearmanr(y[tr][iva], pred).correlation
/workspace_developability_acquisition/gate_b1/scripts/10_train_plm_structure.py:106: ConstantInputWarning: An input array is constant; the correlation coefficient is not defined.
  sc = spearmanr(y[tr][iva], pred).correlation
/workspace_developability_acquisition/gate_b1/scripts/10_train_plm_structure.py:106: ConstantInputWarning: An input array is constant; the correlation coefficient is not defined.
  sc = spearmanr(y[tr][iva], pred).correlation
/workspace_developability_acquisition/gate_b1/scripts/10_train_plm_structure.py:106: ConstantInputWarning: An input array is constant; the correlation coefficient is not defined.
  sc = spearmanr(y[tr][iva], pred).correlation
/workspace_developability_acquisition/gate_b1/scripts/10_train_plm_structure.py:106: ConstantInputWarning: An input array is constant; the correlation coefficient is not defined.
  sc = spearmanr(y[tr][iva], pred).correlation
/workspace_developability_acquisition/gate_b1/scripts/10_train_plm_structure.py:106: ConstantInputWarning: An input array is constant; the correlation coefficient is not defined.
  sc = spearmanr(y[tr][iva], pred).correlation
/workspace_developability_acquisition/gate_b1/scripts/10_train_plm_structure.py:106: ConstantInputWarning: An input array is constant; the correlation coefficient is not defined.
  sc = spearmanr(y[tr][iva], pred).correlation
/workspace_developability_acquisition/gate_b1/scripts/10_train_plm_structure.py:106: ConstantInputWarning: An input array is constant; the correlation coefficient is not defined.
  sc = spearmanr(y[tr][iva], pred).correlation
/workspace_developability_acquisition/gate_b1/scripts/10_train_plm_structure.py:106: ConstantInputWarning: An input array is constant; the correlation coefficient is not defined.
  sc = spearmanr(y[tr][iva], pred).correlation
/workspace_developability_acquisition/gate_b1/scripts/10_train_plm_structure.py:106: ConstantInputWarning: An input array is constant; the correlation coefficient is not defined.
  sc = spearmanr(y[tr][iva], pred).correlation
/workspace_developability_acquisition/gate_b1/scripts/10_train_plm_structure.py:106: ConstantInputWarning: An input array is constant; the correlation coefficient is not defined.
  sc = spearmanr(y[tr][iva], pred).correlation
/workspace_developability_acquisition/gate_b1/scripts/10_train_plm_structure.py:106: ConstantInputWarning: An input array is constant; the correlation coefficient is not defined.
  sc = spearmanr(y[tr][iva], pred).correlation
/workspace_developability_acquisition/gate_b1/scripts/10_train_plm_structure.py:106: ConstantInputWarning: An input array is constant; the correlation coefficient is not defined.
  sc = spearmanr(y[tr][iva], pred).correlation
/workspace_developability_acquisition/gate_b1/scripts/10_train_plm_structure.py:106: ConstantInputWarning: An input array is constant; the correlation coefficient is not defined.
  sc = spearmanr(y[tr][iva], pred).correlation
/workspace_developability_acquisition/gate_b1/scripts/10_train_plm_structure.py:106: ConstantInputWarning: An input array is constant; the correlation coefficient is not defined.
  sc = spearmanr(y[tr][iva], pred).correlation
/workspace_developability_acquisition/gate_b1/scripts/10_train_plm_structure.py:106: ConstantInputWarning: An input array is constant; the correlation coefficient is not defined.
  sc = spearmanr(y[tr][iva], pred).correlation
/workspace_developability_acquisition/gate_b1/scripts/10_train_plm_structure.py:106: ConstantInputWarning: An input array is constant; the correlation coefficient is not defined.
  sc = spearmanr(y[tr][iva], pred).correlation
/workspace_developability_acquisition/gate_b1/scripts/10_train_plm_structure.py:106: ConstantInputWarning: An input array is constant; the correlation coefficient is not defined.
  sc = spearmanr(y[tr][iva], pred).correlation
/workspace_developability_acquisition/gate_b1/scripts/10_train_plm_structure.py:106: ConstantInputWarning: An input array is constant; the correlation coefficient is not defined.
  sc = spearmanr(y[tr][iva], pred).correlation
/workspace_developability_acquisition/gate_b1/scripts/10_train_plm_structure.py:106: ConstantInputWarning: An input array is constant; the correlation coefficient is not defined.
  sc = spearmanr(y[tr][iva], pred).correlation
/workspace_developability_acquisition/gate_b1/scripts/10_train_plm_structure.py:106: ConstantInputWarning: An input array is constant; the correlation coefficient is not defined.
  sc = spearmanr(y[tr][iva], pred).correlation
/workspace_developability_acquisition/gate_b1/scripts/10_train_plm_structure.py:106: ConstantInputWarning: An input array is constant; the correlation coefficient is not defined.
  sc = spearmanr(y[tr][iva], pred).correlation
/workspace_developability_acquisition/gate_b1/scripts/10_train_plm_structure.py:106: ConstantInputWarning: An input array is constant; the correlation coefficient is not defined.
  sc = spearmanr(y[tr][iva], pred).correlation
/workspace_developability_acquisition/gate_b1/scripts/10_train_plm_structure.py:106: ConstantInputWarning: An input array is constant; the correlation coefficient is not defined.
  sc = spearmanr(y[tr][iva], pred).correlation
/workspace_developability_acquisition/gate_b1/scripts/10_train_plm_structure.py:106: ConstantInputWarning: An input array is constant; the correlation coefficient is not defined.
  sc = spearmanr(y[tr][iva], pred).correlation
/workspace_developability_acquisition/gate_b1/scripts/10_train_plm_structure.py:106: ConstantInputWarning: An input array is constant; the correlation coefficient is not defined.
  sc = spearmanr(y[tr][iva], pred).correlation
/workspace_developability_acquisition/gate_b1/scripts/10_train_plm_structure.py:106: ConstantInputWarning: An input array is constant; the correlation coefficient is not defined.
  sc = spearmanr(y[tr][iva], pred).correlation
/workspace_developability_acquisition/gate_b1/scripts/10_train_plm_structure.py:106: ConstantInputWarning: An input array is constant; the correlation coefficient is not defined.
  sc = spearmanr(y[tr][iva], pred).correlation
RUN canonical PSR FUSION_A2_ABB_SURFACE Ridge
RUN canonical PSR FUSION_A2_ABB_SURFACE ElasticNet
/workspace_developability_acquisition/gate_b1/scripts/10_train_plm_structure.py:106: ConstantInputWarning: An input array is constant; the correlation coefficient is not defined.
  sc = spearmanr(y[tr][iva], pred).correlation
/workspace_developability_acquisition/gate_b1/scripts/10_train_plm_structure.py:106: ConstantInputWarning: An input array is constant; the correlation coefficient is not defined.
  sc = spearmanr(y[tr][iva], pred).correlation
/workspace_developability_acquisition/gate_b1/scripts/10_train_plm_structure.py:106: ConstantInputWarning: An input array is constant; the correlation coefficient is not defined.
  sc = spearmanr(y[tr][iva], pred).correlation
/workspace_developability_acquisition/gate_b1/scripts/10_train_plm_structure.py:106: ConstantInputWarning: An input array is constant; the correlation coefficient is not defined.
  sc = spearmanr(y[tr][iva], pred).correlation
/workspace_developability_acquisition/gate_b1/scripts/10_train_plm_structure.py:106: ConstantInputWarning: An input array is constant; the correlation coefficient is not defined.
  sc = spearmanr(y[tr][iva], pred).correlation
/workspace_developability_acquisition/gate_b1/scripts/10_train_plm_structure.py:106: ConstantInputWarning: An input array is constant; the correlation coefficient is not defined.
  sc = spearmanr(y[tr][iva], pred).correlation
/workspace_developability_acquisition/gate_b1/scripts/10_train_plm_structure.py:106: ConstantInputWarning: An input array is constant; the correlation coefficient is not defined.
  sc = spearmanr(y[tr][iva], pred).correlation
/workspace_developability_acquisition/gate_b1/scripts/10_train_plm_structure.py:106: ConstantInputWarning: An input array is constant; the correlation coefficient is not defined.
  sc = spearmanr(y[tr][iva], pred).correlation
/workspace_developability_acquisition/gate_b1/scripts/10_train_plm_structure.py:106: ConstantInputWarning: An input array is constant; the correlation coefficient is not defined.
  sc = spearmanr(y[tr][iva], pred).correlation
/workspace_developability_acquisition/gate_b1/scripts/10_train_plm_structure.py:106: ConstantInputWarning: An input array is constant; the correlation coefficient is not defined.
  sc = spearmanr(y[tr][iva], pred).correlation
/workspace_developability_acquisition/gate_b1/scripts/10_train_plm_structure.py:106: ConstantInputWarning: An input array is constant; the correlation coefficient is not defined.
  sc = spearmanr(y[tr][iva], pred).correlation
/workspace_developability_acquisition/gate_b1/scripts/10_train_plm_structure.py:106: ConstantInputWarning: An input array is constant; the correlation coefficient is not defined.
  sc = spearmanr(y[tr][iva], pred).correlation
/workspace_developability_acquisition/gate_b1/scripts/10_train_plm_structure.py:106: ConstantInputWarning: An input array is constant; the correlation coefficient is not defined.
  sc = spearmanr(y[tr][iva], pred).correlation
/workspace_developability_acquisition/gate_b1/scripts/10_train_plm_structure.py:106: ConstantInputWarning: An input array is constant; the correlation coefficient is not defined.
  sc = spearmanr(y[tr][iva], pred).correlation
/workspace_developability_acquisition/gate_b1/scripts/10_train_plm_structure.py:106: ConstantInputWarning: An input array is constant; the correlation coefficient is not defined.
  sc = spearmanr(y[tr][iva], pred).correlation
/workspace_developability_acquisition/gate_b1/scripts/10_train_plm_structure.py:106: ConstantInputWarning: An input array is constant; the correlation coefficient is not defined.
  sc = spearmanr(y[tr][iva], pred).correlation
/workspace_developability_acquisition/gate_b1/scripts/10_train_plm_structure.py:106: ConstantInputWarning: An input array is constant; the correlation coefficient is not defined.
  sc = spearmanr(y[tr][iva], pred).correlation
/workspace_developability_acquisition/gate_b1/scripts/10_train_plm_structure.py:106: ConstantInputWarning: An input array is constant; the correlation coefficient is not defined.
  sc = spearmanr(y[tr][iva], pred).correlation
/workspace_developability_acquisition/gate_b1/scripts/10_train_plm_structure.py:106: ConstantInputWarning: An input array is constant; the correlation coefficient is not defined.
  sc = spearmanr(y[tr][iva], pred).correlation
/workspace_developability_acquisition/gate_b1/scripts/10_train_plm_structure.py:106: ConstantInputWarning: An input array is constant; the correlation coefficient is not defined.
  sc = spearmanr(y[tr][iva], pred).correlation
/workspace_developability_acquisition/gate_b1/scripts/10_train_plm_structure.py:106: ConstantInputWarning: An input array is constant; the correlation coefficient is not defined.
  sc = spearmanr(y[tr][iva], pred).correlation
/workspace_developability_acquisition/gate_b1/scripts/10_train_plm_structure.py:106: ConstantInputWarning: An input array is constant; the correlation coefficient is not defined.
  sc = spearmanr(y[tr][iva], pred).correlation
/workspace_developability_acquisition/gate_b1/scripts/10_train_plm_structure.py:106: ConstantInputWarning: An input array is constant; the correlation coefficient is not defined.
  sc = spearmanr(y[tr][iva], pred).correlation
/workspace_developability_acquisition/gate_b1/scripts/10_train_plm_structure.py:106: ConstantInputWarning: An input array is constant; the correlation coefficient is not defined.
  sc = spearmanr(y[tr][iva], pred).correlation
/workspace_developability_acquisition/gate_b1/scripts/10_train_plm_structure.py:106: ConstantInputWarning: An input array is constant; the correlation coefficient is not defined.
  sc = spearmanr(y[tr][iva], pred).correlation
/workspace_developability_acquisition/gate_b1/scripts/10_train_plm_structure.py:106: ConstantInputWarning: An input array is constant; the correlation coefficient is not defined.
  sc = spearmanr(y[tr][iva], pred).correlation
/workspace_developability_acquisition/gate_b1/scripts/10_train_plm_structure.py:106: ConstantInputWarning: An input array is constant; the correlation coefficient is not defined.
  sc = spearmanr(y[tr][iva], pred).correlation
/workspace_developability_acquisition/gate_b1/scripts/10_train_plm_structure.py:106: ConstantInputWarning: An input array is constant; the correlation coefficient is not defined.
  sc = spearmanr(y[tr][iva], pred).correlation
/workspace_developability_acquisition/gate_b1/scripts/10_train_plm_structure.py:106: ConstantInputWarning: An input array is constant; the correlation coefficient is not defined.
  sc = spearmanr(y[tr][iva], pred).correlation
/workspace_developability_acquisition/gate_b1/scripts/10_train_plm_structure.py:106: ConstantInputWarning: An input array is constant; the correlation coefficient is not defined.
  sc = spearmanr(y[tr][iva], pred).correlation
/workspace_developability_acquisition/gate_b1/scripts/10_train_plm_structure.py:106: ConstantInputWarning: An input array is constant; the correlation coefficient is not defined.
  sc = spearmanr(y[tr][iva], pred).correlation
/workspace_developability_acquisition/gate_b1/scripts/10_train_plm_structure.py:106: ConstantInputWarning: An input array is constant; the correlation coefficient is not defined.
  sc = spearmanr(y[tr][iva], pred).correlation
/workspace_developability_acquisition/gate_b1/scripts/10_train_plm_structure.py:106: ConstantInputWarning: An input array is constant; the correlation coefficient is not defined.
  sc = spearmanr(y[tr][iva], pred).correlation
/workspace_developability_acquisition/gate_b1/scripts/10_train_plm_structure.py:106: ConstantInputWarning: An input array is constant; the correlation coefficient is not defined.
  sc = spearmanr(y[tr][iva], pred).correlation
/workspace_developability_acquisition/gate_b1/scripts/10_train_plm_structure.py:106: ConstantInputWarning: An input array is constant; the correlation coefficient is not defined.
  sc = spearmanr(y[tr][iva], pred).correlation
/workspace_developability_acquisition/gate_b1/scripts/10_train_plm_structure.py:106: ConstantInputWarning: An input array is constant; the correlation coefficient is not defined.
  sc = spearmanr(y[tr][iva], pred).correlation
/workspace_developability_acquisition/gate_b1/scripts/10_train_plm_structure.py:106: ConstantInputWarning: An input array is constant; the correlation coefficient is not defined.
  sc = spearmanr(y[tr][iva], pred).correlation
/workspace_developability_acquisition/gate_b1/scripts/10_train_plm_structure.py:106: ConstantInputWarning: An input array is constant; the correlation coefficient is not defined.
  sc = spearmanr(y[tr][iva], pred).correlation
/workspace_developability_acquisition/gate_b1/scripts/10_train_plm_structure.py:106: ConstantInputWarning: An input array is constant; the correlation coefficient is not defined.
  sc = spearmanr(y[tr][iva], pred).correlation
/workspace_developability_acquisition/gate_b1/scripts/10_train_plm_structure.py:106: ConstantInputWarning: An input array is constant; the correlation coefficient is not defined.
  sc = spearmanr(y[tr][iva], pred).correlation
/workspace_developability_acquisition/gate_b1/scripts/10_train_plm_structure.py:106: ConstantInputWarning: An input array is constant; the correlation coefficient is not defined.
  sc = spearmanr(y[tr][iva], pred).correlation
/workspace_developability_acquisition/gate_b1/scripts/10_train_plm_structure.py:106: ConstantInputWarning: An input array is constant; the correlation coefficient is not defined.
  sc = spearmanr(y[tr][iva], pred).correlation
/workspace_developability_acquisition/gate_b1/scripts/10_train_plm_structure.py:106: ConstantInputWarning: An input array is constant; the correlation coefficient is not defined.
  sc = spearmanr(y[tr][iva], pred).correlation
/workspace_developability_acquisition/gate_b1/scripts/10_train_plm_structure.py:106: ConstantInputWarning: An input array is constant; the correlation coefficient is not defined.
  sc = spearmanr(y[tr][iva], pred).correlation
/workspace_developability_acquisition/gate_b1/scripts/10_train_plm_structure.py:106: ConstantInputWarning: An input array is constant; the correlation coefficient is not defined.
  sc = spearmanr(y[tr][iva], pred).correlation
/workspace_developability_acquisition/gate_b1/scripts/10_train_plm_structure.py:106: ConstantInputWarning: An input array is constant; the correlation coefficient is not defined.
  sc = spearmanr(y[tr][iva], pred).correlation
/workspace_developability_acquisition/gate_b1/scripts/10_train_plm_structure.py:106: ConstantInputWarning: An input array is constant; the correlation coefficient is not defined.
  sc = spearmanr(y[tr][iva], pred).correlation
/workspace_developability_acquisition/gate_b1/scripts/10_train_plm_structure.py:106: ConstantInputWarning: An input array is constant; the correlation coefficient is not defined.
  sc = spearmanr(y[tr][iva], pred).correlation
/workspace_developability_acquisition/gate_b1/scripts/10_train_plm_structure.py:106: ConstantInputWarning: An input array is constant; the correlation coefficient is not defined.
  sc = spearmanr(y[tr][iva], pred).correlation
/workspace_developability_acquisition/gate_b1/scripts/10_train_plm_structure.py:106: ConstantInputWarning: An input array is constant; the correlation coefficient is not defined.
  sc = spearmanr(y[tr][iva], pred).correlation
/workspace_developability_acquisition/gate_b1/scripts/10_train_plm_structure.py:106: ConstantInputWarning: An input array is constant; the correlation coefficient is not defined.
  sc = spearmanr(y[tr][iva], pred).correlation
/workspace_developability_acquisition/gate_b1/scripts/10_train_plm_structure.py:106: ConstantInputWarning: An input array is constant; the correlation coefficient is not defined.
  sc = spearmanr(y[tr][iva], pred).correlation
/workspace_developability_acquisition/gate_b1/scripts/10_train_plm_structure.py:106: ConstantInputWarning: An input array is constant; the correlation coefficient is not defined.
  sc = spearmanr(y[tr][iva], pred).correlation
/workspace_developability_acquisition/gate_b1/scripts/10_train_plm_structure.py:106: ConstantInputWarning: An input array is constant; the correlation coefficient is not defined.
  sc = spearmanr(y[tr][iva], pred).correlation
/workspace_developability_acquisition/gate_b1/scripts/10_train_plm_structure.py:106: ConstantInputWarning: An input array is constant; the correlation coefficient is not defined.
  sc = spearmanr(y[tr][iva], pred).correlation
/workspace_developability_acquisition/gate_b1/scripts/10_train_plm_structure.py:106: ConstantInputWarning: An input array is constant; the correlation coefficient is not defined.
  sc = spearmanr(y[tr][iva], pred).correlation
/workspace_developability_acquisition/gate_b1/scripts/10_train_plm_structure.py:106: ConstantInputWarning: An input array is constant; the correlation coefficient is not defined.
  sc = spearmanr(y[tr][iva], pred).correlation
/workspace_developability_acquisition/gate_b1/scripts/10_train_plm_structure.py:106: ConstantInputWarning: An input array is constant; the correlation coefficient is not defined.
  sc = spearmanr(y[tr][iva], pred).correlation
/workspace_developability_acquisition/gate_b1/scripts/10_train_plm_structure.py:106: ConstantInputWarning: An input array is constant; the correlation coefficient is not defined.
  sc = spearmanr(y[tr][iva], pred).correlation
/workspace_developability_acquisition/gate_b1/scripts/10_train_plm_structure.py:106: ConstantInputWarning: An input array is constant; the correlation coefficient is not defined.
  sc = spearmanr(y[tr][iva], pred).correlation
/workspace_developability_acquisition/gate_b1/scripts/10_train_plm_structure.py:106: ConstantInputWarning: An input array is constant; the correlation coefficient is not defined.
  sc = spearmanr(y[tr][iva], pred).correlation
/workspace_developability_acquisition/gate_b1/scripts/10_train_plm_structure.py:106: ConstantInputWarning: An input array is constant; the correlation coefficient is not defined.
  sc = spearmanr(y[tr][iva], pred).correlation
/workspace_developability_acquisition/gate_b1/scripts/10_train_plm_structure.py:106: ConstantInputWarning: An input array is constant; the correlation coefficient is not defined.
  sc = spearmanr(y[tr][iva], pred).correlation
/workspace_developability_acquisition/gate_b1/scripts/10_train_plm_structure.py:106: ConstantInputWarning: An input array is constant; the correlation coefficient is not defined.
  sc = spearmanr(y[tr][iva], pred).correlation
/workspace_developability_acquisition/gate_b1/scripts/10_train_plm_structure.py:106: ConstantInputWarning: An input array is constant; the correlation coefficient is not defined.
  sc = spearmanr(y[tr][iva], pred).correlation
/workspace_developability_acquisition/gate_b1/scripts/10_train_plm_structure.py:106: ConstantInputWarning: An input array is constant; the correlation coefficient is not defined.
  sc = spearmanr(y[tr][iva], pred).correlation
/workspace_developability_acquisition/gate_b1/scripts/10_train_plm_structure.py:106: ConstantInputWarning: An input array is constant; the correlation coefficient is not defined.
  sc = spearmanr(y[tr][iva], pred).correlation
/workspace_developability_acquisition/gate_b1/scripts/10_train_plm_structure.py:106: ConstantInputWarning: An input array is constant; the correlation coefficient is not defined.
  sc = spearmanr(y[tr][iva], pred).correlation
/workspace_developability_acquisition/gate_b1/scripts/10_train_plm_structure.py:106: ConstantInputWarning: An input array is constant; the correlation coefficient is not defined.
  sc = spearmanr(y[tr][iva], pred).correlation
/workspace_developability_acquisition/gate_b1/scripts/10_train_plm_structure.py:106: ConstantInputWarning: An input array is constant; the correlation coefficient is not defined.
  sc = spearmanr(y[tr][iva], pred).correlation
/workspace_developability_acquisition/gate_b1/scripts/10_train_plm_structure.py:106: ConstantInputWarning: An input array is constant; the correlation coefficient is not defined.
  sc = spearmanr(y[tr][iva], pred).correlation
/workspace_developability_acquisition/gate_b1/scripts/10_train_plm_structure.py:106: ConstantInputWarning: An input array is constant; the correlation coefficient is not defined.
  sc = spearmanr(y[tr][iva], pred).correlation
/workspace_developability_acquisition/gate_b1/scripts/10_train_plm_structure.py:106: ConstantInputWarning: An input array is constant; the correlation coefficient is not defined.
  sc = spearmanr(y[tr][iva], pred).correlation
/workspace_developability_acquisition/gate_b1/scripts/10_train_plm_structure.py:106: ConstantInputWarning: An input array is constant; the correlation coefficient is not defined.
  sc = spearmanr(y[tr][iva], pred).correlation
/workspace_developability_acquisition/gate_b1/scripts/10_train_plm_structure.py:106: ConstantInputWarning: An input array is constant; the correlation coefficient is not defined.
  sc = spearmanr(y[tr][iva], pred).correlation
/workspace_developability_acquisition/gate_b1/scripts/10_train_plm_structure.py:106: ConstantInputWarning: An input array is constant; the correlation coefficient is not defined.
  sc = spearmanr(y[tr][iva], pred).correlation
/workspace_developability_acquisition/gate_b1/scripts/10_train_plm_structure.py:106: ConstantInputWarning: An input array is constant; the correlation coefficient is not defined.
  sc = spearmanr(y[tr][iva], pred).correlation
/workspace_developability_acquisition/gate_b1/scripts/10_train_plm_structure.py:106: ConstantInputWarning: An input array is constant; the correlation coefficient is not defined.
  sc = spearmanr(y[tr][iva], pred).correlation
/workspace_developability_acquisition/gate_b1/scripts/10_train_plm_structure.py:106: ConstantInputWarning: An input array is constant; the correlation coefficient is not defined.
  sc = spearmanr(y[tr][iva], pred).correlation
/workspace_developability_acquisition/gate_b1/scripts/10_train_plm_structure.py:106: ConstantInputWarning: An input array is constant; the correlation coefficient is not defined.
  sc = spearmanr(y[tr][iva], pred).correlation
/workspace_developability_acquisition/gate_b1/scripts/10_train_plm_structure.py:106: ConstantInputWarning: An input array is constant; the correlation coefficient is not defined.
  sc = spearmanr(y[tr][iva], pred).correlation
XGB PSR FUSION_esm2_ABB_SURFACE
XGB PSR PLM_esm2_t33_650M_UR50D
XGB PSR STR_ABB_SASA_RASA
RUN canonical HIC FUSION_esm2_ABB_SURFACE Ridge
RUN canonical HIC FUSION_esm2_ABB_SURFACE ElasticNet
/workspace_developability_acquisition/gate_b1/scripts/10_train_plm_structure.py:106: ConstantInputWarning: An input array is constant; the correlation coefficient is not defined.
  sc = spearmanr(y[tr][iva], pred).correlation
/workspace_developability_acquisition/gate_b1/scripts/10_train_plm_structure.py:106: ConstantInputWarning: An input array is constant; the correlation coefficient is not defined.
  sc = spearmanr(y[tr][iva], pred).correlation
/workspace_developability_acquisition/gate_b1/scripts/10_train_plm_structure.py:106: ConstantInputWarning: An input array is constant; the correlation coefficient is not defined.
  sc = spearmanr(y[tr][iva], pred).correlation
/workspace_developability_acquisition/gate_b1/scripts/10_train_plm_structure.py:106: ConstantInputWarning: An input array is constant; the correlation coefficient is not defined.
  sc = spearmanr(y[tr][iva], pred).correlation
/workspace_developability_acquisition/gate_b1/scripts/10_train_plm_structure.py:106: ConstantInputWarning: An input array is constant; the correlation coefficient is not defined.
  sc = spearmanr(y[tr][iva], pred).correlation
/workspace_developability_acquisition/gate_b1/scripts/10_train_plm_structure.py:106: ConstantInputWarning: An input array is constant; the correlation coefficient is not defined.
  sc = spearmanr(y[tr][iva], pred).correlation
/workspace_developability_acquisition/gate_b1/scripts/10_train_plm_structure.py:106: ConstantInputWarning: An input array is constant; the correlation coefficient is not defined.
  sc = spearmanr(y[tr][iva], pred).correlation
/workspace_developability_acquisition/gate_b1/scripts/10_train_plm_structure.py:106: ConstantInputWarning: An input array is constant; the correlation coefficient is not defined.
  sc = spearmanr(y[tr][iva], pred).correlation
/workspace_developability_acquisition/gate_b1/scripts/10_train_plm_structure.py:106: ConstantInputWarning: An input array is constant; the correlation coefficient is not defined.
  sc = spearmanr(y[tr][iva], pred).correlation
/workspace_developability_acquisition/gate_b1/scripts/10_train_plm_structure.py:106: ConstantInputWarning: An input array is constant; the correlation coefficient is not defined.
  sc = spearmanr(y[tr][iva], pred).correlation
/workspace_developability_acquisition/gate_b1/scripts/10_train_plm_structure.py:106: ConstantInputWarning: An input array is constant; the correlation coefficient is not defined.
  sc = spearmanr(y[tr][iva], pred).correlation
/workspace_developability_acquisition/gate_b1/scripts/10_train_plm_structure.py:106: ConstantInputWarning: An input array is constant; the correlation coefficient is not defined.
  sc = spearmanr(y[tr][iva], pred).correlation
/workspace_developability_acquisition/gate_b1/scripts/10_train_plm_structure.py:106: ConstantInputWarning: An input array is constant; the correlation coefficient is not defined.
  sc = spearmanr(y[tr][iva], pred).correlation
/workspace_developability_acquisition/gate_b1/scripts/10_train_plm_structure.py:106: ConstantInputWarning: An input array is constant; the correlation coefficient is not defined.
  sc = spearmanr(y[tr][iva], pred).correlation
/workspace_developability_acquisition/gate_b1/scripts/10_train_plm_structure.py:106: ConstantInputWarning: An input array is constant; the correlation coefficient is not defined.
  sc = spearmanr(y[tr][iva], pred).correlation
/workspace_developability_acquisition/gate_b1/scripts/10_train_plm_structure.py:106: ConstantInputWarning: An input array is constant; the correlation coefficient is not defined.
  sc = spearmanr(y[tr][iva], pred).correlation
/workspace_developability_acquisition/gate_b1/scripts/10_train_plm_structure.py:106: ConstantInputWarning: An input array is constant; the correlation coefficient is not defined.
  sc = spearmanr(y[tr][iva], pred).correlation
/workspace_developability_acquisition/gate_b1/scripts/10_train_plm_structure.py:106: ConstantInputWarning: An input array is constant; the correlation coefficient is not defined.
  sc = spearmanr(y[tr][iva], pred).correlation
/workspace_developability_acquisition/gate_b1/scripts/10_train_plm_structure.py:106: ConstantInputWarning: An input array is constant; the correlation coefficient is not defined.
  sc = spearmanr(y[tr][iva], pred).correlation
/workspace_developability_acquisition/gate_b1/scripts/10_train_plm_structure.py:106: ConstantInputWarning: An input array is constant; the correlation coefficient is not defined.
  sc = spearmanr(y[tr][iva], pred).correlation
/workspace_developability_acquisition/gate_b1/scripts/10_train_plm_structure.py:106: ConstantInputWarning: An input array is constant; the correlation coefficient is not defined.
  sc = spearmanr(y[tr][iva], pred).correlation
/workspace_developability_acquisition/gate_b1/scripts/10_train_plm_structure.py:106: ConstantInputWarning: An input array is constant; the correlation coefficient is not defined.
  sc = spearmanr(y[tr][iva], pred).correlation
/workspace_developability_acquisition/gate_b1/scripts/10_train_plm_structure.py:106: ConstantInputWarning: An input array is constant; the correlation coefficient is not defined.
  sc = spearmanr(y[tr][iva], pred).correlation
/workspace_developability_acquisition/gate_b1/scripts/10_train_plm_structure.py:106: ConstantInputWarning: An input array is constant; the correlation coefficient is not defined.
  sc = spearmanr(y[tr][iva], pred).correlation
/workspace_developability_acquisition/gate_b1/scripts/10_train_plm_structure.py:106: ConstantInputWarning: An input array is constant; the correlation coefficient is not defined.
  sc = spearmanr(y[tr][iva], pred).correlation
/workspace_developability_acquisition/gate_b1/scripts/10_train_plm_structure.py:106: ConstantInputWarning: An input array is constant; the correlation coefficient is not defined.
  sc = spearmanr(y[tr][iva], pred).correlation
/workspace_developability_acquisition/gate_b1/scripts/10_train_plm_structure.py:106: ConstantInputWarning: An input array is constant; the correlation coefficient is not defined.
  sc = spearmanr(y[tr][iva], pred).correlation
/workspace_developability_acquisition/gate_b1/scripts/10_train_plm_structure.py:106: ConstantInputWarning: An input array is constant; the correlation coefficient is not defined.
  sc = spearmanr(y[tr][iva], pred).correlation
/workspace_developability_acquisition/gate_b1/scripts/10_train_plm_structure.py:106: ConstantInputWarning: An input array is constant; the correlation coefficient is not defined.
  sc = spearmanr(y[tr][iva], pred).correlation
/workspace_developability_acquisition/gate_b1/scripts/10_train_plm_structure.py:106: ConstantInputWarning: An input array is constant; the correlation coefficient is not defined.
  sc = spearmanr(y[tr][iva], pred).correlation
RUN canonical HIC FUSION_A2_ABB_SURFACE Ridge
RUN canonical HIC FUSION_A2_ABB_SURFACE ElasticNet
/workspace_developability_acquisition/gate_b1/scripts/10_train_plm_structure.py:106: ConstantInputWarning: An input array is constant; the correlation coefficient is not defined.
  sc = spearmanr(y[tr][iva], pred).correlation
/workspace_developability_acquisition/gate_b1/scripts/10_train_plm_structure.py:106: ConstantInputWarning: An input array is constant; the correlation coefficient is not defined.
  sc = spearmanr(y[tr][iva], pred).correlation
/workspace_developability_acquisition/gate_b1/scripts/10_train_plm_structure.py:106: ConstantInputWarning: An input array is constant; the correlation coefficient is not defined.
  sc = spearmanr(y[tr][iva], pred).correlation
/workspace_developability_acquisition/gate_b1/scripts/10_train_plm_structure.py:106: ConstantInputWarning: An input array is constant; the correlation coefficient is not defined.
  sc = spearmanr(y[tr][iva], pred).correlation
/workspace_developability_acquisition/gate_b1/scripts/10_train_plm_structure.py:106: ConstantInputWarning: An input array is constant; the correlation coefficient is not defined.
  sc = spearmanr(y[tr][iva], pred).correlation
/workspace_developability_acquisition/gate_b1/scripts/10_train_plm_structure.py:106: ConstantInputWarning: An input array is constant; the correlation coefficient is not defined.
  sc = spearmanr(y[tr][iva], pred).correlation
/workspace_developability_acquisition/gate_b1/scripts/10_train_plm_structure.py:106: ConstantInputWarning: An input array is constant; the correlation coefficient is not defined.
  sc = spearmanr(y[tr][iva], pred).correlation
/workspace_developability_acquisition/gate_b1/scripts/10_train_plm_structure.py:106: ConstantInputWarning: An input array is constant; the correlation coefficient is not defined.
  sc = spearmanr(y[tr][iva], pred).correlation
/workspace_developability_acquisition/gate_b1/scripts/10_train_plm_structure.py:106: ConstantInputWarning: An input array is constant; the correlation coefficient is not defined.
  sc = spearmanr(y[tr][iva], pred).correlation
/workspace_developability_acquisition/gate_b1/scripts/10_train_plm_structure.py:106: ConstantInputWarning: An input array is constant; the correlation coefficient is not defined.
  sc = spearmanr(y[tr][iva], pred).correlation
/workspace_developability_acquisition/gate_b1/scripts/10_train_plm_structure.py:106: ConstantInputWarning: An input array is constant; the correlation coefficient is not defined.
  sc = spearmanr(y[tr][iva], pred).correlation
/workspace_developability_acquisition/gate_b1/scripts/10_train_plm_structure.py:106: ConstantInputWarning: An input array is constant; the correlation coefficient is not defined.
  sc = spearmanr(y[tr][iva], pred).correlation
/workspace_developability_acquisition/gate_b1/scripts/10_train_plm_structure.py:106: ConstantInputWarning: An input array is constant; the correlation coefficient is not defined.
  sc = spearmanr(y[tr][iva], pred).correlation
/workspace_developability_acquisition/gate_b1/scripts/10_train_plm_structure.py:106: ConstantInputWarning: An input array is constant; the correlation coefficient is not defined.
  sc = spearmanr(y[tr][iva], pred).correlation
/workspace_developability_acquisition/gate_b1/scripts/10_train_plm_structure.py:106: ConstantInputWarning: An input array is constant; the correlation coefficient is not defined.
  sc = spearmanr(y[tr][iva], pred).correlation
/workspace_developability_acquisition/gate_b1/scripts/10_train_plm_structure.py:106: ConstantInputWarning: An input array is constant; the correlation coefficient is not defined.
  sc = spearmanr(y[tr][iva], pred).correlation
/workspace_developability_acquisition/gate_b1/scripts/10_train_plm_structure.py:106: ConstantInputWarning: An input array is constant; the correlation coefficient is not defined.
  sc = spearmanr(y[tr][iva], pred).correlation
/workspace_developability_acquisition/gate_b1/scripts/10_train_plm_structure.py:106: ConstantInputWarning: An input array is constant; the correlation coefficient is not defined.
  sc = spearmanr(y[tr][iva], pred).correlation
/workspace_developability_acquisition/gate_b1/scripts/10_train_plm_structure.py:106: ConstantInputWarning: An input array is constant; the correlation coefficient is not defined.
  sc = spearmanr(y[tr][iva], pred).correlation
/workspace_developability_acquisition/gate_b1/scripts/10_train_plm_structure.py:106: ConstantInputWarning: An input array is constant; the correlation coefficient is not defined.
  sc = spearmanr(y[tr][iva], pred).correlation
/workspace_developability_acquisition/gate_b1/scripts/10_train_plm_structure.py:106: ConstantInputWarning: An input array is constant; the correlation coefficient is not defined.
  sc = spearmanr(y[tr][iva], pred).correlation
/workspace_developability_acquisition/gate_b1/scripts/10_train_plm_structure.py:106: ConstantInputWarning: An input array is constant; the correlation coefficient is not defined.
  sc = spearmanr(y[tr][iva], pred).correlation
/workspace_developability_acquisition/gate_b1/scripts/10_train_plm_structure.py:106: ConstantInputWarning: An input array is constant; the correlation coefficient is not defined.
  sc = spearmanr(y[tr][iva], pred).correlation
/workspace_developability_acquisition/gate_b1/scripts/10_train_plm_structure.py:106: ConstantInputWarning: An input array is constant; the correlation coefficient is not defined.
  sc = spearmanr(y[tr][iva], pred).correlation
/workspace_developability_acquisition/gate_b1/scripts/10_train_plm_structure.py:106: ConstantInputWarning: An input array is constant; the correlation coefficient is not defined.
  sc = spearmanr(y[tr][iva], pred).correlation
/workspace_developability_acquisition/gate_b1/scripts/10_train_plm_structure.py:106: ConstantInputWarning: An input array is constant; the correlation coefficient is not defined.
  sc = spearmanr(y[tr][iva], pred).correlation
/workspace_developability_acquisition/gate_b1/scripts/10_train_plm_structure.py:106: ConstantInputWarning: An input array is constant; the correlation coefficient is not defined.
  sc = spearmanr(y[tr][iva], pred).correlation
/workspace_developability_acquisition/gate_b1/scripts/10_train_plm_structure.py:106: ConstantInputWarning: An input array is constant; the correlation coefficient is not defined.
  sc = spearmanr(y[tr][iva], pred).correlation
/workspace_developability_acquisition/gate_b1/scripts/10_train_plm_structure.py:106: ConstantInputWarning: An input array is constant; the correlation coefficient is not defined.
  sc = spearmanr(y[tr][iva], pred).correlation
/workspace_developability_acquisition/gate_b1/scripts/10_train_plm_structure.py:106: ConstantInputWarning: An input array is constant; the correlation coefficient is not defined.
  sc = spearmanr(y[tr][iva], pred).correlation
XGB HIC FUSION_esm2_ABB_SURFACE
XGB HIC PLM_esm2_t33_650M_UR50D
XGB HIC STR_ABB_SASA_RASA
RUN canonical TmApp FUSION_esm2_ABB_SURFACE Ridge
RUN canonical TmApp FUSION_esm2_ABB_SURFACE ElasticNet
RUN canonical TmApp FUSION_A2_ABB_SURFACE Ridge
RUN canonical TmApp FUSION_A2_ABB_SURFACE ElasticNet
XGB TmApp FUSION_esm2_ABB_SURFACE
XGB TmApp PLM_esm2_t33_650M_UR50D
XGB TmApp STR_ABB_SASA_RASA
RUN shadow_1 PSR FUSION_esm2_ABB_SURFACE Ridge
RUN shadow_1 PSR FUSION_esm2_ABB_SURFACE ElasticNet
/workspace_developability_acquisition/gate_b1/scripts/10_train_plm_structure.py:106: ConstantInputWarning: An input array is constant; the correlation coefficient is not defined.
  sc = spearmanr(y[tr][iva], pred).correlation
/workspace_developability_acquisition/gate_b1/scripts/10_train_plm_structure.py:106: ConstantInputWarning: An input array is constant; the correlation coefficient is not defined.
  sc = spearmanr(y[tr][iva], pred).correlation
/workspace_developability_acquisition/gate_b1/scripts/10_train_plm_structure.py:106: ConstantInputWarning: An input array is constant; the correlation coefficient is not defined.
  sc = spearmanr(y[tr][iva], pred).correlation
/workspace_developability_acquisition/gate_b1/scripts/10_train_plm_structure.py:106: ConstantInputWarning: An input array is constant; the correlation coefficient is not defined.
  sc = spearmanr(y[tr][iva], pred).correlation
/workspace_developability_acquisition/gate_b1/scripts/10_train_plm_structure.py:106: ConstantInputWarning: An input array is constant; the correlation coefficient is not defined.
  sc = spearmanr(y[tr][iva], pred).correlation
/workspace_developability_acquisition/gate_b1/scripts/10_train_plm_structure.py:106: ConstantInputWarning: An input array is constant; the correlation coefficient is not defined.
  sc = spearmanr(y[tr][iva], pred).correlation
/workspace_developability_acquisition/gate_b1/scripts/10_train_plm_structure.py:106: ConstantInputWarning: An input array is constant; the correlation coefficient is not defined.
  sc = spearmanr(y[tr][iva], pred).correlation
/workspace_developability_acquisition/gate_b1/scripts/10_train_plm_structure.py:106: ConstantInputWarning: An input array is constant; the correlation coefficient is not defined.
  sc = spearmanr(y[tr][iva], pred).correlation
/workspace_developability_acquisition/gate_b1/scripts/10_train_plm_structure.py:106: ConstantInputWarning: An input array is constant; the correlation coefficient is not defined.
  sc = spearmanr(y[tr][iva], pred).correlation
/workspace_developability_acquisition/gate_b1/scripts/10_train_plm_structure.py:106: ConstantInputWarning: An input array is constant; the correlation coefficient is not defined.
  sc = spearmanr(y[tr][iva], pred).correlation
/workspace_developability_acquisition/gate_b1/scripts/10_train_plm_structure.py:106: ConstantInputWarning: An input array is constant; the correlation coefficient is not defined.
  sc = spearmanr(y[tr][iva], pred).correlation
/workspace_developability_acquisition/gate_b1/scripts/10_train_plm_structure.py:106: ConstantInputWarning: An input array is constant; the correlation coefficient is not defined.
  sc = spearmanr(y[tr][iva], pred).correlation
/workspace_developability_acquisition/gate_b1/scripts/10_train_plm_structure.py:106: ConstantInputWarning: An input array is constant; the correlation coefficient is not defined.
  sc = spearmanr(y[tr][iva], pred).correlation
/workspace_developability_acquisition/gate_b1/scripts/10_train_plm_structure.py:106: ConstantInputWarning: An input array is constant; the correlation coefficient is not defined.
  sc = spearmanr(y[tr][iva], pred).correlation
/workspace_developability_acquisition/gate_b1/scripts/10_train_plm_structure.py:106: ConstantInputWarning: An input array is constant; the correlation coefficient is not defined.
  sc = spearmanr(y[tr][iva], pred).correlation
/workspace_developability_acquisition/gate_b1/scripts/10_train_plm_structure.py:106: ConstantInputWarning: An input array is constant; the correlation coefficient is not defined.
  sc = spearmanr(y[tr][iva], pred).correlation
/workspace_developability_acquisition/gate_b1/scripts/10_train_plm_structure.py:106: ConstantInputWarning: An input array is constant; the correlation coefficient is not defined.
  sc = spearmanr(y[tr][iva], pred).correlation
/workspace_developability_acquisition/gate_b1/scripts/10_train_plm_structure.py:106: ConstantInputWarning: An input array is constant; the correlation coefficient is not defined.
  sc = spearmanr(y[tr][iva], pred).correlation
/workspace_developability_acquisition/gate_b1/scripts/10_train_plm_structure.py:106: ConstantInputWarning: An input array is constant; the correlation coefficient is not defined.
  sc = spearmanr(y[tr][iva], pred).correlation
/workspace_developability_acquisition/gate_b1/scripts/10_train_plm_structure.py:106: ConstantInputWarning: An input array is constant; the correlation coefficient is not defined.
  sc = spearmanr(y[tr][iva], pred).correlation
/workspace_developability_acquisition/gate_b1/scripts/10_train_plm_structure.py:106: ConstantInputWarning: An input array is constant; the correlation coefficient is not defined.
  sc = spearmanr(y[tr][iva], pred).correlation
/workspace_developability_acquisition/gate_b1/scripts/10_train_plm_structure.py:106: ConstantInputWarning: An input array is constant; the correlation coefficient is not defined.
  sc = spearmanr(y[tr][iva], pred).correlation
/workspace_developability_acquisition/gate_b1/scripts/10_train_plm_structure.py:106: ConstantInputWarning: An input array is constant; the correlation coefficient is not defined.
  sc = spearmanr(y[tr][iva], pred).correlation
/workspace_developability_acquisition/gate_b1/scripts/10_train_plm_structure.py:106: ConstantInputWarning: An input array is constant; the correlation coefficient is not defined.
  sc = spearmanr(y[tr][iva], pred).correlation
/workspace_developability_acquisition/gate_b1/scripts/10_train_plm_structure.py:106: ConstantInputWarning: An input array is constant; the correlation coefficient is not defined.
  sc = spearmanr(y[tr][iva], pred).correlation
/workspace_developability_acquisition/gate_b1/scripts/10_train_plm_structure.py:106: ConstantInputWarning: An input array is constant; the correlation coefficient is not defined.
  sc = spearmanr(y[tr][iva], pred).correlation
/workspace_developability_acquisition/gate_b1/scripts/10_train_plm_structure.py:106: ConstantInputWarning: An input array is constant; the correlation coefficient is not defined.
  sc = spearmanr(y[tr][iva], pred).correlation
/workspace_developability_acquisition/gate_b1/scripts/10_train_plm_structure.py:106: ConstantInputWarning: An input array is constant; the correlation coefficient is not defined.
  sc = spearmanr(y[tr][iva], pred).correlation
/workspace_developability_acquisition/gate_b1/scripts/10_train_plm_structure.py:106: ConstantInputWarning: An input array is constant; the correlation coefficient is not defined.
  sc = spearmanr(y[tr][iva], pred).correlation
/workspace_developability_acquisition/gate_b1/scripts/10_train_plm_structure.py:106: ConstantInputWarning: An input array is constant; the correlation coefficient is not defined.
  sc = spearmanr(y[tr][iva], pred).correlation
/workspace_developability_acquisition/gate_b1/scripts/10_train_plm_structure.py:106: ConstantInputWarning: An input array is constant; the correlation coefficient is not defined.
  sc = spearmanr(y[tr][iva], pred).correlation
/workspace_developability_acquisition/gate_b1/scripts/10_train_plm_structure.py:106: ConstantInputWarning: An input array is constant; the correlation coefficient is not defined.
  sc = spearmanr(y[tr][iva], pred).correlation
/workspace_developability_acquisition/gate_b1/scripts/10_train_plm_structure.py:106: ConstantInputWarning: An input array is constant; the correlation coefficient is not defined.
  sc = spearmanr(y[tr][iva], pred).correlation
/workspace_developability_acquisition/gate_b1/scripts/10_train_plm_structure.py:106: ConstantInputWarning: An input array is constant; the correlation coefficient is not defined.
  sc = spearmanr(y[tr][iva], pred).correlation
/workspace_developability_acquisition/gate_b1/scripts/10_train_plm_structure.py:106: ConstantInputWarning: An input array is constant; the correlation coefficient is not defined.
  sc = spearmanr(y[tr][iva], pred).correlation
/workspace_developability_acquisition/gate_b1/scripts/10_train_plm_structure.py:106: ConstantInputWarning: An input array is constant; the correlation coefficient is not defined.
  sc = spearmanr(y[tr][iva], pred).correlation
/workspace_developability_acquisition/gate_b1/scripts/10_train_plm_structure.py:106: ConstantInputWarning: An input array is constant; the correlation coefficient is not defined.
  sc = spearmanr(y[tr][iva], pred).correlation
/workspace_developability_acquisition/gate_b1/scripts/10_train_plm_structure.py:106: ConstantInputWarning: An input array is constant; the correlation coefficient is not defined.
  sc = spearmanr(y[tr][iva], pred).correlation
/workspace_developability_acquisition/gate_b1/scripts/10_train_plm_structure.py:106: ConstantInputWarning: An input array is constant; the correlation coefficient is not defined.
  sc = spearmanr(y[tr][iva], pred).correlation
/workspace_developability_acquisition/gate_b1/scripts/10_train_plm_structure.py:106: ConstantInputWarning: An input array is constant; the correlation coefficient is not defined.
  sc = spearmanr(y[tr][iva], pred).correlation
/workspace_developability_acquisition/gate_b1/scripts/10_train_plm_structure.py:106: ConstantInputWarning: An input array is constant; the correlation coefficient is not defined.
  sc = spearmanr(y[tr][iva], pred).correlation
/workspace_developability_acquisition/gate_b1/scripts/10_train_plm_structure.py:106: ConstantInputWarning: An input array is constant; the correlation coefficient is not defined.
  sc = spearmanr(y[tr][iva], pred).correlation
/workspace_developability_acquisition/gate_b1/scripts/10_train_plm_structure.py:106: ConstantInputWarning: An input array is constant; the correlation coefficient is not defined.
  sc = spearmanr(y[tr][iva], pred).correlation
/workspace_developability_acquisition/gate_b1/scripts/10_train_plm_structure.py:106: ConstantInputWarning: An input array is constant; the correlation coefficient is not defined.
  sc = spearmanr(y[tr][iva], pred).correlation
/workspace_developability_acquisition/gate_b1/scripts/10_train_plm_structure.py:106: ConstantInputWarning: An input array is constant; the correlation coefficient is not defined.
  sc = spearmanr(y[tr][iva], pred).correlation
/workspace_developability_acquisition/gate_b1/scripts/10_train_plm_structure.py:106: ConstantInputWarning: An input array is constant; the correlation coefficient is not defined.
  sc = spearmanr(y[tr][iva], pred).correlation
/workspace_developability_acquisition/gate_b1/scripts/10_train_plm_structure.py:106: ConstantInputWarning: An input array is constant; the correlation coefficient is not defined.
  sc = spearmanr(y[tr][iva], pred).correlation
/workspace_developability_acquisition/gate_b1/scripts/10_train_plm_structure.py:106: ConstantInputWarning: An input array is constant; the correlation coefficient is not defined.
  sc = spearmanr(y[tr][iva], pred).correlation
/workspace_developability_acquisition/gate_b1/scripts/10_train_plm_structure.py:106: ConstantInputWarning: An input array is constant; the correlation coefficient is not defined.
  sc = spearmanr(y[tr][iva], pred).correlation
/workspace_developability_acquisition/gate_b1/scripts/10_train_plm_structure.py:106: ConstantInputWarning: An input array is constant; the correlation coefficient is not defined.
  sc = spearmanr(y[tr][iva], pred).correlation
/workspace_developability_acquisition/gate_b1/scripts/10_train_plm_structure.py:106: ConstantInputWarning: An input array is constant; the correlation coefficient is not defined.
  sc = spearmanr(y[tr][iva], pred).correlation
/workspace_developability_acquisition/gate_b1/scripts/10_train_plm_structure.py:106: ConstantInputWarning: An input array is constant; the correlation coefficient is not defined.
  sc = spearmanr(y[tr][iva], pred).correlation
/workspace_developability_acquisition/gate_b1/scripts/10_train_plm_structure.py:106: ConstantInputWarning: An input array is constant; the correlation coefficient is not defined.
  sc = spearmanr(y[tr][iva], pred).correlation
/workspace_developability_acquisition/gate_b1/scripts/10_train_plm_structure.py:106: ConstantInputWarning: An input array is constant; the correlation coefficient is not defined.
  sc = spearmanr(y[tr][iva], pred).correlation
/workspace_developability_acquisition/gate_b1/scripts/10_train_plm_structure.py:106: ConstantInputWarning: An input array is constant; the correlation coefficient is not defined.
  sc = spearmanr(y[tr][iva], pred).correlation
/workspace_developability_acquisition/gate_b1/scripts/10_train_plm_structure.py:106: ConstantInputWarning: An input array is constant; the correlation coefficient is not defined.
  sc = spearmanr(y[tr][iva], pred).correlation
/workspace_developability_acquisition/gate_b1/scripts/10_train_plm_structure.py:106: ConstantInputWarning: An input array is constant; the correlation coefficient is not defined.
  sc = spearmanr(y[tr][iva], pred).correlation
/workspace_developability_acquisition/gate_b1/scripts/10_train_plm_structure.py:106: ConstantInputWarning: An input array is constant; the correlation coefficient is not defined.
  sc = spearmanr(y[tr][iva], pred).correlation
/workspace_developability_acquisition/gate_b1/scripts/10_train_plm_structure.py:106: ConstantInputWarning: An input array is constant; the correlation coefficient is not defined.
  sc = spearmanr(y[tr][iva], pred).correlation
/workspace_developability_acquisition/gate_b1/scripts/10_train_plm_structure.py:106: ConstantInputWarning: An input array is constant; the correlation coefficient is not defined.
  sc = spearmanr(y[tr][iva], pred).correlation
/workspace_developability_acquisition/gate_b1/scripts/10_train_plm_structure.py:106: ConstantInputWarning: An input array is constant; the correlation coefficient is not defined.
  sc = spearmanr(y[tr][iva], pred).correlation
/workspace_developability_acquisition/gate_b1/scripts/10_train_plm_structure.py:106: ConstantInputWarning: An input array is constant; the correlation coefficient is not defined.
  sc = spearmanr(y[tr][iva], pred).correlation
/workspace_developability_acquisition/gate_b1/scripts/10_train_plm_structure.py:106: ConstantInputWarning: An input array is constant; the correlation coefficient is not defined.
  sc = spearmanr(y[tr][iva], pred).correlation
/workspace_developability_acquisition/gate_b1/scripts/10_train_plm_structure.py:106: ConstantInputWarning: An input array is constant; the correlation coefficient is not defined.
  sc = spearmanr(y[tr][iva], pred).correlation
/workspace_developability_acquisition/gate_b1/scripts/10_train_plm_structure.py:106: ConstantInputWarning: An input array is constant; the correlation coefficient is not defined.
  sc = spearmanr(y[tr][iva], pred).correlation
/workspace_developability_acquisition/gate_b1/scripts/10_train_plm_structure.py:106: ConstantInputWarning: An input array is constant; the correlation coefficient is not defined.
  sc = spearmanr(y[tr][iva], pred).correlation
/workspace_developability_acquisition/gate_b1/scripts/10_train_plm_structure.py:106: ConstantInputWarning: An input array is constant; the correlation coefficient is not defined.
  sc = spearmanr(y[tr][iva], pred).correlation
/workspace_developability_acquisition/gate_b1/scripts/10_train_plm_structure.py:106: ConstantInputWarning: An input array is constant; the correlation coefficient is not defined.
  sc = spearmanr(y[tr][iva], pred).correlation
/workspace_developability_acquisition/gate_b1/scripts/10_train_plm_structure.py:106: ConstantInputWarning: An input array is constant; the correlation coefficient is not defined.
  sc = spearmanr(y[tr][iva], pred).correlation
/workspace_developability_acquisition/gate_b1/scripts/10_train_plm_structure.py:106: ConstantInputWarning: An input array is constant; the correlation coefficient is not defined.
  sc = spearmanr(y[tr][iva], pred).correlation
/workspace_developability_acquisition/gate_b1/scripts/10_train_plm_structure.py:106: ConstantInputWarning: An input array is constant; the correlation coefficient is not defined.
  sc = spearmanr(y[tr][iva], pred).correlation
/workspace_developability_acquisition/gate_b1/scripts/10_train_plm_structure.py:106: ConstantInputWarning: An input array is constant; the correlation coefficient is not defined.
  sc = spearmanr(y[tr][iva], pred).correlation
/workspace_developability_acquisition/gate_b1/scripts/10_train_plm_structure.py:106: ConstantInputWarning: An input array is constant; the correlation coefficient is not defined.
  sc = spearmanr(y[tr][iva], pred).correlation
/workspace_developability_acquisition/gate_b1/scripts/10_train_plm_structure.py:106: ConstantInputWarning: An input array is constant; the correlation coefficient is not defined.
  sc = spearmanr(y[tr][iva], pred).correlation
/workspace_developability_acquisition/gate_b1/scripts/10_train_plm_structure.py:106: ConstantInputWarning: An input array is constant; the correlation coefficient is not defined.
  sc = spearmanr(y[tr][iva], pred).correlation
RUN shadow_1 PSR FUSION_A2_ABB_SURFACE Ridge
RUN shadow_1 PSR FUSION_A2_ABB_SURFACE ElasticNet
/workspace_developability_acquisition/gate_b1/scripts/10_train_plm_structure.py:106: ConstantInputWarning: An input array is constant; the correlation coefficient is not defined.
  sc = spearmanr(y[tr][iva], pred).correlation
/workspace_developability_acquisition/gate_b1/scripts/10_train_plm_structure.py:106: ConstantInputWarning: An input array is constant; the correlation coefficient is not defined.
  sc = spearmanr(y[tr][iva], pred).correlation
/workspace_developability_acquisition/gate_b1/scripts/10_train_plm_structure.py:106: ConstantInputWarning: An input array is constant; the correlation coefficient is not defined.
  sc = spearmanr(y[tr][iva], pred).correlation
/workspace_developability_acquisition/gate_b1/scripts/10_train_plm_structure.py:106: ConstantInputWarning: An input array is constant; the correlation coefficient is not defined.
  sc = spearmanr(y[tr][iva], pred).correlation
/workspace_developability_acquisition/gate_b1/scripts/10_train_plm_structure.py:106: ConstantInputWarning: An input array is constant; the correlation coefficient is not defined.
  sc = spearmanr(y[tr][iva], pred).correlation
/workspace_developability_acquisition/gate_b1/scripts/10_train_plm_structure.py:106: ConstantInputWarning: An input array is constant; the correlation coefficient is not defined.
  sc = spearmanr(y[tr][iva], pred).correlation
/workspace_developability_acquisition/gate_b1/scripts/10_train_plm_structure.py:106: ConstantInputWarning: An input array is constant; the correlation coefficient is not defined.
  sc = spearmanr(y[tr][iva], pred).correlation
/workspace_developability_acquisition/gate_b1/scripts/10_train_plm_structure.py:106: ConstantInputWarning: An input array is constant; the correlation coefficient is not defined.
  sc = spearmanr(y[tr][iva], pred).correlation
/workspace_developability_acquisition/gate_b1/scripts/10_train_plm_structure.py:106: ConstantInputWarning: An input array is constant; the correlation coefficient is not defined.
  sc = spearmanr(y[tr][iva], pred).correlation
/workspace_developability_acquisition/gate_b1/scripts/10_train_plm_structure.py:106: ConstantInputWarning: An input array is constant; the correlation coefficient is not defined.
  sc = spearmanr(y[tr][iva], pred).correlation
/workspace_developability_acquisition/gate_b1/scripts/10_train_plm_structure.py:106: ConstantInputWarning: An input array is constant; the correlation coefficient is not defined.
  sc = spearmanr(y[tr][iva], pred).correlation
/workspace_developability_acquisition/gate_b1/scripts/10_train_plm_structure.py:106: ConstantInputWarning: An input array is constant; the correlation coefficient is not defined.
  sc = spearmanr(y[tr][iva], pred).correlation
/workspace_developability_acquisition/gate_b1/scripts/10_train_plm_structure.py:106: ConstantInputWarning: An input array is constant; the correlation coefficient is not defined.
  sc = spearmanr(y[tr][iva], pred).correlation
/workspace_developability_acquisition/gate_b1/scripts/10_train_plm_structure.py:106: ConstantInputWarning: An input array is constant; the correlation coefficient is not defined.
  sc = spearmanr(y[tr][iva], pred).correlation
/workspace_developability_acquisition/gate_b1/scripts/10_train_plm_structure.py:106: ConstantInputWarning: An input array is constant; the correlation coefficient is not defined.
  sc = spearmanr(y[tr][iva], pred).correlation
/workspace_developability_acquisition/gate_b1/scripts/10_train_plm_structure.py:106: ConstantInputWarning: An input array is constant; the correlation coefficient is not defined.
  sc = spearmanr(y[tr][iva], pred).correlation
/workspace_developability_acquisition/gate_b1/scripts/10_train_plm_structure.py:106: ConstantInputWarning: An input array is constant; the correlation coefficient is not defined.
  sc = spearmanr(y[tr][iva], pred).correlation
/workspace_developability_acquisition/gate_b1/scripts/10_train_plm_structure.py:106: ConstantInputWarning: An input array is constant; the correlation coefficient is not defined.
  sc = spearmanr(y[tr][iva], pred).correlation
/workspace_developability_acquisition/gate_b1/scripts/10_train_plm_structure.py:106: ConstantInputWarning: An input array is constant; the correlation coefficient is not defined.
  sc = spearmanr(y[tr][iva], pred).correlation
/workspace_developability_acquisition/gate_b1/scripts/10_train_plm_structure.py:106: ConstantInputWarning: An input array is constant; the correlation coefficient is not defined.
  sc = spearmanr(y[tr][iva], pred).correlation
/workspace_developability_acquisition/gate_b1/scripts/10_train_plm_structure.py:106: ConstantInputWarning: An input array is constant; the correlation coefficient is not defined.
  sc = spearmanr(y[tr][iva], pred).correlation
/workspace_developability_acquisition/gate_b1/scripts/10_train_plm_structure.py:106: ConstantInputWarning: An input array is constant; the correlation coefficient is not defined.
  sc = spearmanr(y[tr][iva], pred).correlation
/workspace_developability_acquisition/gate_b1/scripts/10_train_plm_structure.py:106: ConstantInputWarning: An input array is constant; the correlation coefficient is not defined.
  sc = spearmanr(y[tr][iva], pred).correlation
/workspace_developability_acquisition/gate_b1/scripts/10_train_plm_structure.py:106: ConstantInputWarning: An input array is constant; the correlation coefficient is not defined.
  sc = spearmanr(y[tr][iva], pred).correlation
/workspace_developability_acquisition/gate_b1/scripts/10_train_plm_structure.py:106: ConstantInputWarning: An input array is constant; the correlation coefficient is not defined.
  sc = spearmanr(y[tr][iva], pred).correlation
/workspace_developability_acquisition/gate_b1/scripts/10_train_plm_structure.py:106: ConstantInputWarning: An input array is constant; the correlation coefficient is not defined.
  sc = spearmanr(y[tr][iva], pred).correlation
/workspace_developability_acquisition/gate_b1/scripts/10_train_plm_structure.py:106: ConstantInputWarning: An input array is constant; the correlation coefficient is not defined.
  sc = spearmanr(y[tr][iva], pred).correlation
/workspace_developability_acquisition/gate_b1/scripts/10_train_plm_structure.py:106: ConstantInputWarning: An input array is constant; the correlation coefficient is not defined.
  sc = spearmanr(y[tr][iva], pred).correlation
/workspace_developability_acquisition/gate_b1/scripts/10_train_plm_structure.py:106: ConstantInputWarning: An input array is constant; the correlation coefficient is not defined.
  sc = spearmanr(y[tr][iva], pred).correlation
/workspace_developability_acquisition/gate_b1/scripts/10_train_plm_structure.py:106: ConstantInputWarning: An input array is constant; the correlation coefficient is not defined.
  sc = spearmanr(y[tr][iva], pred).correlation
/workspace_developability_acquisition/gate_b1/scripts/10_train_plm_structure.py:106: ConstantInputWarning: An input array is constant; the correlation coefficient is not defined.
  sc = spearmanr(y[tr][iva], pred).correlation
/workspace_developability_acquisition/gate_b1/scripts/10_train_plm_structure.py:106: ConstantInputWarning: An input array is constant; the correlation coefficient is not defined.
  sc = spearmanr(y[tr][iva], pred).correlation
/workspace_developability_acquisition/gate_b1/scripts/10_train_plm_structure.py:106: ConstantInputWarning: An input array is constant; the correlation coefficient is not defined.
  sc = spearmanr(y[tr][iva], pred).correlation
/workspace_developability_acquisition/gate_b1/scripts/10_train_plm_structure.py:106: ConstantInputWarning: An input array is constant; the correlation coefficient is not defined.
  sc = spearmanr(y[tr][iva], pred).correlation
/workspace_developability_acquisition/gate_b1/scripts/10_train_plm_structure.py:106: ConstantInputWarning: An input array is constant; the correlation coefficient is not defined.
  sc = spearmanr(y[tr][iva], pred).correlation
/workspace_developability_acquisition/gate_b1/scripts/10_train_plm_structure.py:106: ConstantInputWarning: An input array is constant; the correlation coefficient is not defined.
  sc = spearmanr(y[tr][iva], pred).correlation
/workspace_developability_acquisition/gate_b1/scripts/10_train_plm_structure.py:106: ConstantInputWarning: An input array is constant; the correlation coefficient is not defined.
  sc = spearmanr(y[tr][iva], pred).correlation
/workspace_developability_acquisition/gate_b1/scripts/10_train_plm_structure.py:106: ConstantInputWarning: An input array is constant; the correlation coefficient is not defined.
  sc = spearmanr(y[tr][iva], pred).correlation
/workspace_developability_acquisition/gate_b1/scripts/10_train_plm_structure.py:106: ConstantInputWarning: An input array is constant; the correlation coefficient is not defined.
  sc = spearmanr(y[tr][iva], pred).correlation
/workspace_developability_acquisition/gate_b1/scripts/10_train_plm_structure.py:106: ConstantInputWarning: An input array is constant; the correlation coefficient is not defined.
  sc = spearmanr(y[tr][iva], pred).correlation
/workspace_developability_acquisition/gate_b1/scripts/10_train_plm_structure.py:106: ConstantInputWarning: An input array is constant; the correlation coefficient is not defined.
  sc = spearmanr(y[tr][iva], pred).correlation
/workspace_developability_acquisition/gate_b1/scripts/10_train_plm_structure.py:106: ConstantInputWarning: An input array is constant; the correlation coefficient is not defined.
  sc = spearmanr(y[tr][iva], pred).correlation
/workspace_developability_acquisition/gate_b1/scripts/10_train_plm_structure.py:106: ConstantInputWarning: An input array is constant; the correlation coefficient is not defined.
  sc = spearmanr(y[tr][iva], pred).correlation
/workspace_developability_acquisition/gate_b1/scripts/10_train_plm_structure.py:106: ConstantInputWarning: An input array is constant; the correlation coefficient is not defined.
  sc = spearmanr(y[tr][iva], pred).correlation
/workspace_developability_acquisition/gate_b1/scripts/10_train_plm_structure.py:106: ConstantInputWarning: An input array is constant; the correlation coefficient is not defined.
  sc = spearmanr(y[tr][iva], pred).correlation
/workspace_developability_acquisition/gate_b1/scripts/10_train_plm_structure.py:106: ConstantInputWarning: An input array is constant; the correlation coefficient is not defined.
  sc = spearmanr(y[tr][iva], pred).correlation
/workspace_developability_acquisition/gate_b1/scripts/10_train_plm_structure.py:106: ConstantInputWarning: An input array is constant; the correlation coefficient is not defined.
  sc = spearmanr(y[tr][iva], pred).correlation
/workspace_developability_acquisition/gate_b1/scripts/10_train_plm_structure.py:106: ConstantInputWarning: An input array is constant; the correlation coefficient is not defined.
  sc = spearmanr(y[tr][iva], pred).correlation
/workspace_developability_acquisition/gate_b1/scripts/10_train_plm_structure.py:106: ConstantInputWarning: An input array is constant; the correlation coefficient is not defined.
  sc = spearmanr(y[tr][iva], pred).correlation
/workspace_developability_acquisition/gate_b1/scripts/10_train_plm_structure.py:106: ConstantInputWarning: An input array is constant; the correlation coefficient is not defined.
  sc = spearmanr(y[tr][iva], pred).correlation
/workspace_developability_acquisition/gate_b1/scripts/10_train_plm_structure.py:106: ConstantInputWarning: An input array is constant; the correlation coefficient is not defined.
  sc = spearmanr(y[tr][iva], pred).correlation
/workspace_developability_acquisition/gate_b1/scripts/10_train_plm_structure.py:106: ConstantInputWarning: An input array is constant; the correlation coefficient is not defined.
  sc = spearmanr(y[tr][iva], pred).correlation
/workspace_developability_acquisition/gate_b1/scripts/10_train_plm_structure.py:106: ConstantInputWarning: An input array is constant; the correlation coefficient is not defined.
  sc = spearmanr(y[tr][iva], pred).correlation
/workspace_developability_acquisition/gate_b1/scripts/10_train_plm_structure.py:106: ConstantInputWarning: An input array is constant; the correlation coefficient is not defined.
  sc = spearmanr(y[tr][iva], pred).correlation
/workspace_developability_acquisition/gate_b1/scripts/10_train_plm_structure.py:106: ConstantInputWarning: An input array is constant; the correlation coefficient is not defined.
  sc = spearmanr(y[tr][iva], pred).correlation
/workspace_developability_acquisition/gate_b1/scripts/10_train_plm_structure.py:106: ConstantInputWarning: An input array is constant; the correlation coefficient is not defined.
  sc = spearmanr(y[tr][iva], pred).correlation
/workspace_developability_acquisition/gate_b1/scripts/10_train_plm_structure.py:106: ConstantInputWarning: An input array is constant; the correlation coefficient is not defined.
  sc = spearmanr(y[tr][iva], pred).correlation
/workspace_developability_acquisition/gate_b1/scripts/10_train_plm_structure.py:106: ConstantInputWarning: An input array is constant; the correlation coefficient is not defined.
  sc = spearmanr(y[tr][iva], pred).correlation
/workspace_developability_acquisition/gate_b1/scripts/10_train_plm_structure.py:106: ConstantInputWarning: An input array is constant; the correlation coefficient is not defined.
  sc = spearmanr(y[tr][iva], pred).correlation
/workspace_developability_acquisition/gate_b1/scripts/10_train_plm_structure.py:106: ConstantInputWarning: An input array is constant; the correlation coefficient is not defined.
  sc = spearmanr(y[tr][iva], pred).correlation
/workspace_developability_acquisition/gate_b1/scripts/10_train_plm_structure.py:106: ConstantInputWarning: An input array is constant; the correlation coefficient is not defined.
  sc = spearmanr(y[tr][iva], pred).correlation
/workspace_developability_acquisition/gate_b1/scripts/10_train_plm_structure.py:106: ConstantInputWarning: An input array is constant; the correlation coefficient is not defined.
  sc = spearmanr(y[tr][iva], pred).correlation
/workspace_developability_acquisition/gate_b1/scripts/10_train_plm_structure.py:106: ConstantInputWarning: An input array is constant; the correlation coefficient is not defined.
  sc = spearmanr(y[tr][iva], pred).correlation
/workspace_developability_acquisition/gate_b1/scripts/10_train_plm_structure.py:106: ConstantInputWarning: An input array is constant; the correlation coefficient is not defined.
  sc = spearmanr(y[tr][iva], pred).correlation
/workspace_developability_acquisition/gate_b1/scripts/10_train_plm_structure.py:106: ConstantInputWarning: An input array is constant; the correlation coefficient is not defined.
  sc = spearmanr(y[tr][iva], pred).correlation
/workspace_developability_acquisition/gate_b1/scripts/10_train_plm_structure.py:106: ConstantInputWarning: An input array is constant; the correlation coefficient is not defined.
  sc = spearmanr(y[tr][iva], pred).correlation
/workspace_developability_acquisition/gate_b1/scripts/10_train_plm_structure.py:106: ConstantInputWarning: An input array is constant; the correlation coefficient is not defined.
  sc = spearmanr(y[tr][iva], pred).correlation
/workspace_developability_acquisition/gate_b1/scripts/10_train_plm_structure.py:106: ConstantInputWarning: An input array is constant; the correlation coefficient is not defined.
  sc = spearmanr(y[tr][iva], pred).correlation
/workspace_developability_acquisition/gate_b1/scripts/10_train_plm_structure.py:106: ConstantInputWarning: An input array is constant; the correlation coefficient is not defined.
  sc = spearmanr(y[tr][iva], pred).correlation
/workspace_developability_acquisition/gate_b1/scripts/10_train_plm_structure.py:106: ConstantInputWarning: An input array is constant; the correlation coefficient is not defined.
  sc = spearmanr(y[tr][iva], pred).correlation
/workspace_developability_acquisition/gate_b1/scripts/10_train_plm_structure.py:106: ConstantInputWarning: An input array is constant; the correlation coefficient is not defined.
  sc = spearmanr(y[tr][iva], pred).correlation
/workspace_developability_acquisition/gate_b1/scripts/10_train_plm_structure.py:106: ConstantInputWarning: An input array is constant; the correlation coefficient is not defined.
  sc = spearmanr(y[tr][iva], pred).correlation
/workspace_developability_acquisition/gate_b1/scripts/10_train_plm_structure.py:106: ConstantInputWarning: An input array is constant; the correlation coefficient is not defined.
  sc = spearmanr(y[tr][iva], pred).correlation
/workspace_developability_acquisition/gate_b1/scripts/10_train_plm_structure.py:106: ConstantInputWarning: An input array is constant; the correlation coefficient is not defined.
  sc = spearmanr(y[tr][iva], pred).correlation
/workspace_developability_acquisition/gate_b1/scripts/10_train_plm_structure.py:106: ConstantInputWarning: An input array is constant; the correlation coefficient is not defined.
  sc = spearmanr(y[tr][iva], pred).correlation
RUN shadow_1 HIC FUSION_esm2_ABB_SURFACE Ridge
RUN shadow_1 HIC FUSION_esm2_ABB_SURFACE ElasticNet
/workspace_developability_acquisition/gate_b1/scripts/10_train_plm_structure.py:106: ConstantInputWarning: An input array is constant; the correlation coefficient is not defined.
  sc = spearmanr(y[tr][iva], pred).correlation
/workspace_developability_acquisition/gate_b1/scripts/10_train_plm_structure.py:106: ConstantInputWarning: An input array is constant; the correlation coefficient is not defined.
  sc = spearmanr(y[tr][iva], pred).correlation
/workspace_developability_acquisition/gate_b1/scripts/10_train_plm_structure.py:106: ConstantInputWarning: An input array is constant; the correlation coefficient is not defined.
  sc = spearmanr(y[tr][iva], pred).correlation
/workspace_developability_acquisition/gate_b1/scripts/10_train_plm_structure.py:106: ConstantInputWarning: An input array is constant; the correlation coefficient is not defined.
  sc = spearmanr(y[tr][iva], pred).correlation
/workspace_developability_acquisition/gate_b1/scripts/10_train_plm_structure.py:106: ConstantInputWarning: An input array is constant; the correlation coefficient is not defined.
  sc = spearmanr(y[tr][iva], pred).correlation
/workspace_developability_acquisition/gate_b1/scripts/10_train_plm_structure.py:106: ConstantInputWarning: An input array is constant; the correlation coefficient is not defined.
  sc = spearmanr(y[tr][iva], pred).correlation
/workspace_developability_acquisition/gate_b1/scripts/10_train_plm_structure.py:106: ConstantInputWarning: An input array is constant; the correlation coefficient is not defined.
  sc = spearmanr(y[tr][iva], pred).correlation
/workspace_developability_acquisition/gate_b1/scripts/10_train_plm_structure.py:106: ConstantInputWarning: An input array is constant; the correlation coefficient is not defined.
  sc = spearmanr(y[tr][iva], pred).correlation
/workspace_developability_acquisition/gate_b1/scripts/10_train_plm_structure.py:106: ConstantInputWarning: An input array is constant; the correlation coefficient is not defined.
  sc = spearmanr(y[tr][iva], pred).correlation
/workspace_developability_acquisition/gate_b1/scripts/10_train_plm_structure.py:106: ConstantInputWarning: An input array is constant; the correlation coefficient is not defined.
  sc = spearmanr(y[tr][iva], pred).correlation
/workspace_developability_acquisition/gate_b1/scripts/10_train_plm_structure.py:106: ConstantInputWarning: An input array is constant; the correlation coefficient is not defined.
  sc = spearmanr(y[tr][iva], pred).correlation
/workspace_developability_acquisition/gate_b1/scripts/10_train_plm_structure.py:106: ConstantInputWarning: An input array is constant; the correlation coefficient is not defined.
  sc = spearmanr(y[tr][iva], pred).correlation
/workspace_developability_acquisition/gate_b1/scripts/10_train_plm_structure.py:106: ConstantInputWarning: An input array is constant; the correlation coefficient is not defined.
  sc = spearmanr(y[tr][iva], pred).correlation
/workspace_developability_acquisition/gate_b1/scripts/10_train_plm_structure.py:106: ConstantInputWarning: An input array is constant; the correlation coefficient is not defined.
  sc = spearmanr(y[tr][iva], pred).correlation
/workspace_developability_acquisition/gate_b1/scripts/10_train_plm_structure.py:106: ConstantInputWarning: An input array is constant; the correlation coefficient is not defined.
  sc = spearmanr(y[tr][iva], pred).correlation
/workspace_developability_acquisition/gate_b1/scripts/10_train_plm_structure.py:106: ConstantInputWarning: An input array is constant; the correlation coefficient is not defined.
  sc = spearmanr(y[tr][iva], pred).correlation
/workspace_developability_acquisition/gate_b1/scripts/10_train_plm_structure.py:106: ConstantInputWarning: An input array is constant; the correlation coefficient is not defined.
  sc = spearmanr(y[tr][iva], pred).correlation
/workspace_developability_acquisition/gate_b1/scripts/10_train_plm_structure.py:106: ConstantInputWarning: An input array is constant; the correlation coefficient is not defined.
  sc = spearmanr(y[tr][iva], pred).correlation
/workspace_developability_acquisition/gate_b1/scripts/10_train_plm_structure.py:106: ConstantInputWarning: An input array is constant; the correlation coefficient is not defined.
  sc = spearmanr(y[tr][iva], pred).correlation
/workspace_developability_acquisition/gate_b1/scripts/10_train_plm_structure.py:106: ConstantInputWarning: An input array is constant; the correlation coefficient is not defined.
  sc = spearmanr(y[tr][iva], pred).correlation
/workspace_developability_acquisition/gate_b1/scripts/10_train_plm_structure.py:106: ConstantInputWarning: An input array is constant; the correlation coefficient is not defined.
  sc = spearmanr(y[tr][iva], pred).correlation
/workspace_developability_acquisition/gate_b1/scripts/10_train_plm_structure.py:106: ConstantInputWarning: An input array is constant; the correlation coefficient is not defined.
  sc = spearmanr(y[tr][iva], pred).correlation
/workspace_developability_acquisition/gate_b1/scripts/10_train_plm_structure.py:106: ConstantInputWarning: An input array is constant; the correlation coefficient is not defined.
  sc = spearmanr(y[tr][iva], pred).correlation
/workspace_developability_acquisition/gate_b1/scripts/10_train_plm_structure.py:106: ConstantInputWarning: An input array is constant; the correlation coefficient is not defined.
  sc = spearmanr(y[tr][iva], pred).correlation
/workspace_developability_acquisition/gate_b1/scripts/10_train_plm_structure.py:106: ConstantInputWarning: An input array is constant; the correlation coefficient is not defined.
  sc = spearmanr(y[tr][iva], pred).correlation
/workspace_developability_acquisition/gate_b1/scripts/10_train_plm_structure.py:106: ConstantInputWarning: An input array is constant; the correlation coefficient is not defined.
  sc = spearmanr(y[tr][iva], pred).correlation
/workspace_developability_acquisition/gate_b1/scripts/10_train_plm_structure.py:106: ConstantInputWarning: An input array is constant; the correlation coefficient is not defined.
  sc = spearmanr(y[tr][iva], pred).correlation
/workspace_developability_acquisition/gate_b1/scripts/10_train_plm_structure.py:106: ConstantInputWarning: An input array is constant; the correlation coefficient is not defined.
  sc = spearmanr(y[tr][iva], pred).correlation
/workspace_developability_acquisition/gate_b1/scripts/10_train_plm_structure.py:106: ConstantInputWarning: An input array is constant; the correlation coefficient is not defined.
  sc = spearmanr(y[tr][iva], pred).correlation
/workspace_developability_acquisition/gate_b1/scripts/10_train_plm_structure.py:106: ConstantInputWarning: An input array is constant; the correlation coefficient is not defined.
  sc = spearmanr(y[tr][iva], pred).correlation
RUN shadow_1 HIC FUSION_A2_ABB_SURFACE Ridge
RUN shadow_1 HIC FUSION_A2_ABB_SURFACE ElasticNet
/workspace_developability_acquisition/gate_b1/scripts/10_train_plm_structure.py:106: ConstantInputWarning: An input array is constant; the correlation coefficient is not defined.
  sc = spearmanr(y[tr][iva], pred).correlation
/workspace_developability_acquisition/gate_b1/scripts/10_train_plm_structure.py:106: ConstantInputWarning: An input array is constant; the correlation coefficient is not defined.
  sc = spearmanr(y[tr][iva], pred).correlation
/workspace_developability_acquisition/gate_b1/scripts/10_train_plm_structure.py:106: ConstantInputWarning: An input array is constant; the correlation coefficient is not defined.
  sc = spearmanr(y[tr][iva], pred).correlation
/workspace_developability_acquisition/gate_b1/scripts/10_train_plm_structure.py:106: ConstantInputWarning: An input array is constant; the correlation coefficient is not defined.
  sc = spearmanr(y[tr][iva], pred).correlation
/workspace_developability_acquisition/gate_b1/scripts/10_train_plm_structure.py:106: ConstantInputWarning: An input array is constant; the correlation coefficient is not defined.
  sc = spearmanr(y[tr][iva], pred).correlation
/workspace_developability_acquisition/gate_b1/scripts/10_train_plm_structure.py:106: ConstantInputWarning: An input array is constant; the correlation coefficient is not defined.
  sc = spearmanr(y[tr][iva], pred).correlation
/workspace_developability_acquisition/gate_b1/scripts/10_train_plm_structure.py:106: ConstantInputWarning: An input array is constant; the correlation coefficient is not defined.
  sc = spearmanr(y[tr][iva], pred).correlation
/workspace_developability_acquisition/gate_b1/scripts/10_train_plm_structure.py:106: ConstantInputWarning: An input array is constant; the correlation coefficient is not defined.
  sc = spearmanr(y[tr][iva], pred).correlation
/workspace_developability_acquisition/gate_b1/scripts/10_train_plm_structure.py:106: ConstantInputWarning: An input array is constant; the correlation coefficient is not defined.
  sc = spearmanr(y[tr][iva], pred).correlation
/workspace_developability_acquisition/gate_b1/scripts/10_train_plm_structure.py:106: ConstantInputWarning: An input array is constant; the correlation coefficient is not defined.
  sc = spearmanr(y[tr][iva], pred).correlation
/workspace_developability_acquisition/gate_b1/scripts/10_train_plm_structure.py:106: ConstantInputWarning: An input array is constant; the correlation coefficient is not defined.
  sc = spearmanr(y[tr][iva], pred).correlation
/workspace_developability_acquisition/gate_b1/scripts/10_train_plm_structure.py:106: ConstantInputWarning: An input array is constant; the correlation coefficient is not defined.
  sc = spearmanr(y[tr][iva], pred).correlation
/workspace_developability_acquisition/gate_b1/scripts/10_train_plm_structure.py:106: ConstantInputWarning: An input array is constant; the correlation coefficient is not defined.
  sc = spearmanr(y[tr][iva], pred).correlation
/workspace_developability_acquisition/gate_b1/scripts/10_train_plm_structure.py:106: ConstantInputWarning: An input array is constant; the correlation coefficient is not defined.
  sc = spearmanr(y[tr][iva], pred).correlation
/workspace_developability_acquisition/gate_b1/scripts/10_train_plm_structure.py:106: ConstantInputWarning: An input array is constant; the correlation coefficient is not defined.
  sc = spearmanr(y[tr][iva], pred).correlation
/workspace_developability_acquisition/gate_b1/scripts/10_train_plm_structure.py:106: ConstantInputWarning: An input array is constant; the correlation coefficient is not defined.
  sc = spearmanr(y[tr][iva], pred).correlation
/workspace_developability_acquisition/gate_b1/scripts/10_train_plm_structure.py:106: ConstantInputWarning: An input array is constant; the correlation coefficient is not defined.
  sc = spearmanr(y[tr][iva], pred).correlation
/workspace_developability_acquisition/gate_b1/scripts/10_train_plm_structure.py:106: ConstantInputWarning: An input array is constant; the correlation coefficient is not defined.
  sc = spearmanr(y[tr][iva], pred).correlation
/workspace_developability_acquisition/gate_b1/scripts/10_train_plm_structure.py:106: ConstantInputWarning: An input array is constant; the correlation coefficient is not defined.
  sc = spearmanr(y[tr][iva], pred).correlation
/workspace_developability_acquisition/gate_b1/scripts/10_train_plm_structure.py:106: ConstantInputWarning: An input array is constant; the correlation coefficient is not defined.
  sc = spearmanr(y[tr][iva], pred).correlation
/workspace_developability_acquisition/gate_b1/scripts/10_train_plm_structure.py:106: ConstantInputWarning: An input array is constant; the correlation coefficient is not defined.
  sc = spearmanr(y[tr][iva], pred).correlation
/workspace_developability_acquisition/gate_b1/scripts/10_train_plm_structure.py:106: ConstantInputWarning: An input array is constant; the correlation coefficient is not defined.
  sc = spearmanr(y[tr][iva], pred).correlation
/workspace_developability_acquisition/gate_b1/scripts/10_train_plm_structure.py:106: ConstantInputWarning: An input array is constant; the correlation coefficient is not defined.
  sc = spearmanr(y[tr][iva], pred).correlation
/workspace_developability_acquisition/gate_b1/scripts/10_train_plm_structure.py:106: ConstantInputWarning: An input array is constant; the correlation coefficient is not defined.
  sc = spearmanr(y[tr][iva], pred).correlation
/workspace_developability_acquisition/gate_b1/scripts/10_train_plm_structure.py:106: ConstantInputWarning: An input array is constant; the correlation coefficient is not defined.
  sc = spearmanr(y[tr][iva], pred).correlation
/workspace_developability_acquisition/gate_b1/scripts/10_train_plm_structure.py:106: ConstantInputWarning: An input array is constant; the correlation coefficient is not defined.
  sc = spearmanr(y[tr][iva], pred).correlation
/workspace_developability_acquisition/gate_b1/scripts/10_train_plm_structure.py:106: ConstantInputWarning: An input array is constant; the correlation coefficient is not defined.
  sc = spearmanr(y[tr][iva], pred).correlation
/workspace_developability_acquisition/gate_b1/scripts/10_train_plm_structure.py:106: ConstantInputWarning: An input array is constant; the correlation coefficient is not defined.
  sc = spearmanr(y[tr][iva], pred).correlation
/workspace_developability_acquisition/gate_b1/scripts/10_train_plm_structure.py:106: ConstantInputWarning: An input array is constant; the correlation coefficient is not defined.
  sc = spearmanr(y[tr][iva], pred).correlation
/workspace_developability_acquisition/gate_b1/scripts/10_train_plm_structure.py:106: ConstantInputWarning: An input array is constant; the correlation coefficient is not defined.
  sc = spearmanr(y[tr][iva], pred).correlation
RUN shadow_1 TmApp FUSION_esm2_ABB_SURFACE Ridge
RUN shadow_1 TmApp FUSION_esm2_ABB_SURFACE ElasticNet
RUN shadow_1 TmApp FUSION_A2_ABB_SURFACE Ridge
RUN shadow_1 TmApp FUSION_A2_ABB_SURFACE ElasticNet
RUN shadow_2 PSR FUSION_esm2_ABB_SURFACE Ridge
RUN shadow_2 PSR FUSION_esm2_ABB_SURFACE ElasticNet
/workspace_developability_acquisition/gate_b1/scripts/10_train_plm_structure.py:106: ConstantInputWarning: An input array is constant; the correlation coefficient is not defined.
  sc = spearmanr(y[tr][iva], pred).correlation
/workspace_developability_acquisition/gate_b1/scripts/10_train_plm_structure.py:106: ConstantInputWarning: An input array is constant; the correlation coefficient is not defined.
  sc = spearmanr(y[tr][iva], pred).correlation
/workspace_developability_acquisition/gate_b1/scripts/10_train_plm_structure.py:106: ConstantInputWarning: An input array is constant; the correlation coefficient is not defined.
  sc = spearmanr(y[tr][iva], pred).correlation
/workspace_developability_acquisition/gate_b1/scripts/10_train_plm_structure.py:106: ConstantInputWarning: An input array is constant; the correlation coefficient is not defined.
  sc = spearmanr(y[tr][iva], pred).correlation
/workspace_developability_acquisition/gate_b1/scripts/10_train_plm_structure.py:106: ConstantInputWarning: An input array is constant; the correlation coefficient is not defined.
  sc = spearmanr(y[tr][iva], pred).correlation
/workspace_developability_acquisition/gate_b1/scripts/10_train_plm_structure.py:106: ConstantInputWarning: An input array is constant; the correlation coefficient is not defined.
  sc = spearmanr(y[tr][iva], pred).correlation
/workspace_developability_acquisition/gate_b1/scripts/10_train_plm_structure.py:106: ConstantInputWarning: An input array is constant; the correlation coefficient is not defined.
  sc = spearmanr(y[tr][iva], pred).correlation
/workspace_developability_acquisition/gate_b1/scripts/10_train_plm_structure.py:106: ConstantInputWarning: An input array is constant; the correlation coefficient is not defined.
  sc = spearmanr(y[tr][iva], pred).correlation
/workspace_developability_acquisition/gate_b1/scripts/10_train_plm_structure.py:106: ConstantInputWarning: An input array is constant; the correlation coefficient is not defined.
  sc = spearmanr(y[tr][iva], pred).correlation
/workspace_developability_acquisition/gate_b1/scripts/10_train_plm_structure.py:106: ConstantInputWarning: An input array is constant; the correlation coefficient is not defined.
  sc = spearmanr(y[tr][iva], pred).correlation
/workspace_developability_acquisition/gate_b1/scripts/10_train_plm_structure.py:106: ConstantInputWarning: An input array is constant; the correlation coefficient is not defined.
  sc = spearmanr(y[tr][iva], pred).correlation
/workspace_developability_acquisition/gate_b1/scripts/10_train_plm_structure.py:106: ConstantInputWarning: An input array is constant; the correlation coefficient is not defined.
  sc = spearmanr(y[tr][iva], pred).correlation
/workspace_developability_acquisition/gate_b1/scripts/10_train_plm_structure.py:106: ConstantInputWarning: An input array is constant; the correlation coefficient is not defined.
  sc = spearmanr(y[tr][iva], pred).correlation
/workspace_developability_acquisition/gate_b1/scripts/10_train_plm_structure.py:106: ConstantInputWarning: An input array is constant; the correlation coefficient is not defined.
  sc = spearmanr(y[tr][iva], pred).correlation
/workspace_developability_acquisition/gate_b1/scripts/10_train_plm_structure.py:106: ConstantInputWarning: An input array is constant; the correlation coefficient is not defined.
  sc = spearmanr(y[tr][iva], pred).correlation
/workspace_developability_acquisition/gate_b1/scripts/10_train_plm_structure.py:106: ConstantInputWarning: An input array is constant; the correlation coefficient is not defined.
  sc = spearmanr(y[tr][iva], pred).correlation
/workspace_developability_acquisition/gate_b1/scripts/10_train_plm_structure.py:106: ConstantInputWarning: An input array is constant; the correlation coefficient is not defined.
  sc = spearmanr(y[tr][iva], pred).correlation
/workspace_developability_acquisition/gate_b1/scripts/10_train_plm_structure.py:106: ConstantInputWarning: An input array is constant; the correlation coefficient is not defined.
  sc = spearmanr(y[tr][iva], pred).correlation
/workspace_developability_acquisition/gate_b1/scripts/10_train_plm_structure.py:106: ConstantInputWarning: An input array is constant; the correlation coefficient is not defined.
  sc = spearmanr(y[tr][iva], pred).correlation
/workspace_developability_acquisition/gate_b1/scripts/10_train_plm_structure.py:106: ConstantInputWarning: An input array is constant; the correlation coefficient is not defined.
  sc = spearmanr(y[tr][iva], pred).correlation
/workspace_developability_acquisition/gate_b1/scripts/10_train_plm_structure.py:106: ConstantInputWarning: An input array is constant; the correlation coefficient is not defined.
  sc = spearmanr(y[tr][iva], pred).correlation
/workspace_developability_acquisition/gate_b1/scripts/10_train_plm_structure.py:106: ConstantInputWarning: An input array is constant; the correlation coefficient is not defined.
  sc = spearmanr(y[tr][iva], pred).correlation
/workspace_developability_acquisition/gate_b1/scripts/10_train_plm_structure.py:106: ConstantInputWarning: An input array is constant; the correlation coefficient is not defined.
  sc = spearmanr(y[tr][iva], pred).correlation
/workspace_developability_acquisition/gate_b1/scripts/10_train_plm_structure.py:106: ConstantInputWarning: An input array is constant; the correlation coefficient is not defined.
  sc = spearmanr(y[tr][iva], pred).correlation
/workspace_developability_acquisition/gate_b1/scripts/10_train_plm_structure.py:106: ConstantInputWarning: An input array is constant; the correlation coefficient is not defined.
  sc = spearmanr(y[tr][iva], pred).correlation
/workspace_developability_acquisition/gate_b1/scripts/10_train_plm_structure.py:106: ConstantInputWarning: An input array is constant; the correlation coefficient is not defined.
  sc = spearmanr(y[tr][iva], pred).correlation
/workspace_developability_acquisition/gate_b1/scripts/10_train_plm_structure.py:106: ConstantInputWarning: An input array is constant; the correlation coefficient is not defined.
  sc = spearmanr(y[tr][iva], pred).correlation
/workspace_developability_acquisition/gate_b1/scripts/10_train_plm_structure.py:106: ConstantInputWarning: An input array is constant; the correlation coefficient is not defined.
  sc = spearmanr(y[tr][iva], pred).correlation
/workspace_developability_acquisition/gate_b1/scripts/10_train_plm_structure.py:106: ConstantInputWarning: An input array is constant; the correlation coefficient is not defined.
  sc = spearmanr(y[tr][iva], pred).correlation
/workspace_developability_acquisition/gate_b1/scripts/10_train_plm_structure.py:106: ConstantInputWarning: An input array is constant; the correlation coefficient is not defined.
  sc = spearmanr(y[tr][iva], pred).correlation
/workspace_developability_acquisition/gate_b1/scripts/10_train_plm_structure.py:106: ConstantInputWarning: An input array is constant; the correlation coefficient is not defined.
  sc = spearmanr(y[tr][iva], pred).correlation
/workspace_developability_acquisition/gate_b1/scripts/10_train_plm_structure.py:106: ConstantInputWarning: An input array is constant; the correlation coefficient is not defined.
  sc = spearmanr(y[tr][iva], pred).correlation
/workspace_developability_acquisition/gate_b1/scripts/10_train_plm_structure.py:106: ConstantInputWarning: An input array is constant; the correlation coefficient is not defined.
  sc = spearmanr(y[tr][iva], pred).correlation
/workspace_developability_acquisition/gate_b1/scripts/10_train_plm_structure.py:106: ConstantInputWarning: An input array is constant; the correlation coefficient is not defined.
  sc = spearmanr(y[tr][iva], pred).correlation
/workspace_developability_acquisition/gate_b1/scripts/10_train_plm_structure.py:106: ConstantInputWarning: An input array is constant; the correlation coefficient is not defined.
  sc = spearmanr(y[tr][iva], pred).correlation
/workspace_developability_acquisition/gate_b1/scripts/10_train_plm_structure.py:106: ConstantInputWarning: An input array is constant; the correlation coefficient is not defined.
  sc = spearmanr(y[tr][iva], pred).correlation
/workspace_developability_acquisition/gate_b1/scripts/10_train_plm_structure.py:106: ConstantInputWarning: An input array is constant; the correlation coefficient is not defined.
  sc = spearmanr(y[tr][iva], pred).correlation
/workspace_developability_acquisition/gate_b1/scripts/10_train_plm_structure.py:106: ConstantInputWarning: An input array is constant; the correlation coefficient is not defined.
  sc = spearmanr(y[tr][iva], pred).correlation
/workspace_developability_acquisition/gate_b1/scripts/10_train_plm_structure.py:106: ConstantInputWarning: An input array is constant; the correlation coefficient is not defined.
  sc = spearmanr(y[tr][iva], pred).correlation
/workspace_developability_acquisition/gate_b1/scripts/10_train_plm_structure.py:106: ConstantInputWarning: An input array is constant; the correlation coefficient is not defined.
  sc = spearmanr(y[tr][iva], pred).correlation
/workspace_developability_acquisition/gate_b1/scripts/10_train_plm_structure.py:106: ConstantInputWarning: An input array is constant; the correlation coefficient is not defined.
  sc = spearmanr(y[tr][iva], pred).correlation
/workspace_developability_acquisition/gate_b1/scripts/10_train_plm_structure.py:106: ConstantInputWarning: An input array is constant; the correlation coefficient is not defined.
  sc = spearmanr(y[tr][iva], pred).correlation
/workspace_developability_acquisition/gate_b1/scripts/10_train_plm_structure.py:106: ConstantInputWarning: An input array is constant; the correlation coefficient is not defined.
  sc = spearmanr(y[tr][iva], pred).correlation
/workspace_developability_acquisition/gate_b1/scripts/10_train_plm_structure.py:106: ConstantInputWarning: An input array is constant; the correlation coefficient is not defined.
  sc = spearmanr(y[tr][iva], pred).correlation
/workspace_developability_acquisition/gate_b1/scripts/10_train_plm_structure.py:106: ConstantInputWarning: An input array is constant; the correlation coefficient is not defined.
  sc = spearmanr(y[tr][iva], pred).correlation
/workspace_developability_acquisition/gate_b1/scripts/10_train_plm_structure.py:106: ConstantInputWarning: An input array is constant; the correlation coefficient is not defined.
  sc = spearmanr(y[tr][iva], pred).correlation
/workspace_developability_acquisition/gate_b1/scripts/10_train_plm_structure.py:106: ConstantInputWarning: An input array is constant; the correlation coefficient is not defined.
  sc = spearmanr(y[tr][iva], pred).correlation
/workspace_developability_acquisition/gate_b1/scripts/10_train_plm_structure.py:106: ConstantInputWarning: An input array is constant; the correlation coefficient is not defined.
  sc = spearmanr(y[tr][iva], pred).correlation
/workspace_developability_acquisition/gate_b1/scripts/10_train_plm_structure.py:106: ConstantInputWarning: An input array is constant; the correlation coefficient is not defined.
  sc = spearmanr(y[tr][iva], pred).correlation
/workspace_developability_acquisition/gate_b1/scripts/10_train_plm_structure.py:106: ConstantInputWarning: An input array is constant; the correlation coefficient is not defined.
  sc = spearmanr(y[tr][iva], pred).correlation
/workspace_developability_acquisition/gate_b1/scripts/10_train_plm_structure.py:106: ConstantInputWarning: An input array is constant; the correlation coefficient is not defined.
  sc = spearmanr(y[tr][iva], pred).correlation
/workspace_developability_acquisition/gate_b1/scripts/10_train_plm_structure.py:106: ConstantInputWarning: An input array is constant; the correlation coefficient is not defined.
  sc = spearmanr(y[tr][iva], pred).correlation
/workspace_developability_acquisition/gate_b1/scripts/10_train_plm_structure.py:106: ConstantInputWarning: An input array is constant; the correlation coefficient is not defined.
  sc = spearmanr(y[tr][iva], pred).correlation
/workspace_developability_acquisition/gate_b1/scripts/10_train_plm_structure.py:106: ConstantInputWarning: An input array is constant; the correlation coefficient is not defined.
  sc = spearmanr(y[tr][iva], pred).correlation
/workspace_developability_acquisition/gate_b1/scripts/10_train_plm_structure.py:106: ConstantInputWarning: An input array is constant; the correlation coefficient is not defined.
  sc = spearmanr(y[tr][iva], pred).correlation
/workspace_developability_acquisition/gate_b1/scripts/10_train_plm_structure.py:106: ConstantInputWarning: An input array is constant; the correlation coefficient is not defined.
  sc = spearmanr(y[tr][iva], pred).correlation
/workspace_developability_acquisition/gate_b1/scripts/10_train_plm_structure.py:106: ConstantInputWarning: An input array is constant; the correlation coefficient is not defined.
  sc = spearmanr(y[tr][iva], pred).correlation
/workspace_developability_acquisition/gate_b1/scripts/10_train_plm_structure.py:106: ConstantInputWarning: An input array is constant; the correlation coefficient is not defined.
  sc = spearmanr(y[tr][iva], pred).correlation
/workspace_developability_acquisition/gate_b1/scripts/10_train_plm_structure.py:106: ConstantInputWarning: An input array is constant; the correlation coefficient is not defined.
  sc = spearmanr(y[tr][iva], pred).correlation
/workspace_developability_acquisition/gate_b1/scripts/10_train_plm_structure.py:106: ConstantInputWarning: An input array is constant; the correlation coefficient is not defined.
  sc = spearmanr(y[tr][iva], pred).correlation
/workspace_developability_acquisition/gate_b1/scripts/10_train_plm_structure.py:106: ConstantInputWarning: An input array is constant; the correlation coefficient is not defined.
  sc = spearmanr(y[tr][iva], pred).correlation
/workspace_developability_acquisition/gate_b1/scripts/10_train_plm_structure.py:106: ConstantInputWarning: An input array is constant; the correlation coefficient is not defined.
  sc = spearmanr(y[tr][iva], pred).correlation
/workspace_developability_acquisition/gate_b1/scripts/10_train_plm_structure.py:106: ConstantInputWarning: An input array is constant; the correlation coefficient is not defined.
  sc = spearmanr(y[tr][iva], pred).correlation
/workspace_developability_acquisition/gate_b1/scripts/10_train_plm_structure.py:106: ConstantInputWarning: An input array is constant; the correlation coefficient is not defined.
  sc = spearmanr(y[tr][iva], pred).correlation
/workspace_developability_acquisition/gate_b1/scripts/10_train_plm_structure.py:106: ConstantInputWarning: An input array is constant; the correlation coefficient is not defined.
  sc = spearmanr(y[tr][iva], pred).correlation
/workspace_developability_acquisition/gate_b1/scripts/10_train_plm_structure.py:106: ConstantInputWarning: An input array is constant; the correlation coefficient is not defined.
  sc = spearmanr(y[tr][iva], pred).correlation
/workspace_developability_acquisition/gate_b1/scripts/10_train_plm_structure.py:106: ConstantInputWarning: An input array is constant; the correlation coefficient is not defined.
  sc = spearmanr(y[tr][iva], pred).correlation
/workspace_developability_acquisition/gate_b1/scripts/10_train_plm_structure.py:106: ConstantInputWarning: An input array is constant; the correlation coefficient is not defined.
  sc = spearmanr(y[tr][iva], pred).correlation
/workspace_developability_acquisition/gate_b1/scripts/10_train_plm_structure.py:106: ConstantInputWarning: An input array is constant; the correlation coefficient is not defined.
  sc = spearmanr(y[tr][iva], pred).correlation
/workspace_developability_acquisition/gate_b1/scripts/10_train_plm_structure.py:106: ConstantInputWarning: An input array is constant; the correlation coefficient is not defined.
  sc = spearmanr(y[tr][iva], pred).correlation
/workspace_developability_acquisition/gate_b1/scripts/10_train_plm_structure.py:106: ConstantInputWarning: An input array is constant; the correlation coefficient is not defined.
  sc = spearmanr(y[tr][iva], pred).correlation
/workspace_developability_acquisition/gate_b1/scripts/10_train_plm_structure.py:106: ConstantInputWarning: An input array is constant; the correlation coefficient is not defined.
  sc = spearmanr(y[tr][iva], pred).correlation
/workspace_developability_acquisition/gate_b1/scripts/10_train_plm_structure.py:106: ConstantInputWarning: An input array is constant; the correlation coefficient is not defined.
  sc = spearmanr(y[tr][iva], pred).correlation
/workspace_developability_acquisition/gate_b1/scripts/10_train_plm_structure.py:106: ConstantInputWarning: An input array is constant; the correlation coefficient is not defined.
  sc = spearmanr(y[tr][iva], pred).correlation
/workspace_developability_acquisition/gate_b1/scripts/10_train_plm_structure.py:106: ConstantInputWarning: An input array is constant; the correlation coefficient is not defined.
  sc = spearmanr(y[tr][iva], pred).correlation
RUN shadow_2 PSR FUSION_A2_ABB_SURFACE Ridge
RUN shadow_2 PSR FUSION_A2_ABB_SURFACE ElasticNet
/workspace_developability_acquisition/gate_b1/scripts/10_train_plm_structure.py:106: ConstantInputWarning: An input array is constant; the correlation coefficient is not defined.
  sc = spearmanr(y[tr][iva], pred).correlation
/workspace_developability_acquisition/gate_b1/scripts/10_train_plm_structure.py:106: ConstantInputWarning: An input array is constant; the correlation coefficient is not defined.
  sc = spearmanr(y[tr][iva], pred).correlation
/workspace_developability_acquisition/gate_b1/scripts/10_train_plm_structure.py:106: ConstantInputWarning: An input array is constant; the correlation coefficient is not defined.
  sc = spearmanr(y[tr][iva], pred).correlation
/workspace_developability_acquisition/gate_b1/scripts/10_train_plm_structure.py:106: ConstantInputWarning: An input array is constant; the correlation coefficient is not defined.
  sc = spearmanr(y[tr][iva], pred).correlation
/workspace_developability_acquisition/gate_b1/scripts/10_train_plm_structure.py:106: ConstantInputWarning: An input array is constant; the correlation coefficient is not defined.
  sc = spearmanr(y[tr][iva], pred).correlation
/workspace_developability_acquisition/gate_b1/scripts/10_train_plm_structure.py:106: ConstantInputWarning: An input array is constant; the correlation coefficient is not defined.
  sc = spearmanr(y[tr][iva], pred).correlation
/workspace_developability_acquisition/gate_b1/scripts/10_train_plm_structure.py:106: ConstantInputWarning: An input array is constant; the correlation coefficient is not defined.
  sc = spearmanr(y[tr][iva], pred).correlation
/workspace_developability_acquisition/gate_b1/scripts/10_train_plm_structure.py:106: ConstantInputWarning: An input array is constant; the correlation coefficient is not defined.
  sc = spearmanr(y[tr][iva], pred).correlation
/workspace_developability_acquisition/gate_b1/scripts/10_train_plm_structure.py:106: ConstantInputWarning: An input array is constant; the correlation coefficient is not defined.
  sc = spearmanr(y[tr][iva], pred).correlation
/workspace_developability_acquisition/gate_b1/scripts/10_train_plm_structure.py:106: ConstantInputWarning: An input array is constant; the correlation coefficient is not defined.
  sc = spearmanr(y[tr][iva], pred).correlation
/workspace_developability_acquisition/gate_b1/scripts/10_train_plm_structure.py:106: ConstantInputWarning: An input array is constant; the correlation coefficient is not defined.
  sc = spearmanr(y[tr][iva], pred).correlation
/workspace_developability_acquisition/gate_b1/scripts/10_train_plm_structure.py:106: ConstantInputWarning: An input array is constant; the correlation coefficient is not defined.
  sc = spearmanr(y[tr][iva], pred).correlation
/workspace_developability_acquisition/gate_b1/scripts/10_train_plm_structure.py:106: ConstantInputWarning: An input array is constant; the correlation coefficient is not defined.
  sc = spearmanr(y[tr][iva], pred).correlation
/workspace_developability_acquisition/gate_b1/scripts/10_train_plm_structure.py:106: ConstantInputWarning: An input array is constant; the correlation coefficient is not defined.
  sc = spearmanr(y[tr][iva], pred).correlation
/workspace_developability_acquisition/gate_b1/scripts/10_train_plm_structure.py:106: ConstantInputWarning: An input array is constant; the correlation coefficient is not defined.
  sc = spearmanr(y[tr][iva], pred).correlation
/workspace_developability_acquisition/gate_b1/scripts/10_train_plm_structure.py:106: ConstantInputWarning: An input array is constant; the correlation coefficient is not defined.
  sc = spearmanr(y[tr][iva], pred).correlation
/workspace_developability_acquisition/gate_b1/scripts/10_train_plm_structure.py:106: ConstantInputWarning: An input array is constant; the correlation coefficient is not defined.
  sc = spearmanr(y[tr][iva], pred).correlation
/workspace_developability_acquisition/gate_b1/scripts/10_train_plm_structure.py:106: ConstantInputWarning: An input array is constant; the correlation coefficient is not defined.
  sc = spearmanr(y[tr][iva], pred).correlation
/workspace_developability_acquisition/gate_b1/scripts/10_train_plm_structure.py:106: ConstantInputWarning: An input array is constant; the correlation coefficient is not defined.
  sc = spearmanr(y[tr][iva], pred).correlation
/workspace_developability_acquisition/gate_b1/scripts/10_train_plm_structure.py:106: ConstantInputWarning: An input array is constant; the correlation coefficient is not defined.
  sc = spearmanr(y[tr][iva], pred).correlation
/workspace_developability_acquisition/gate_b1/scripts/10_train_plm_structure.py:106: ConstantInputWarning: An input array is constant; the correlation coefficient is not defined.
  sc = spearmanr(y[tr][iva], pred).correlation
/workspace_developability_acquisition/gate_b1/scripts/10_train_plm_structure.py:106: ConstantInputWarning: An input array is constant; the correlation coefficient is not defined.
  sc = spearmanr(y[tr][iva], pred).correlation
/workspace_developability_acquisition/gate_b1/scripts/10_train_plm_structure.py:106: ConstantInputWarning: An input array is constant; the correlation coefficient is not defined.
  sc = spearmanr(y[tr][iva], pred).correlation
/workspace_developability_acquisition/gate_b1/scripts/10_train_plm_structure.py:106: ConstantInputWarning: An input array is constant; the correlation coefficient is not defined.
  sc = spearmanr(y[tr][iva], pred).correlation
/workspace_developability_acquisition/gate_b1/scripts/10_train_plm_structure.py:106: ConstantInputWarning: An input array is constant; the correlation coefficient is not defined.
  sc = spearmanr(y[tr][iva], pred).correlation
/workspace_developability_acquisition/gate_b1/scripts/10_train_plm_structure.py:106: ConstantInputWarning: An input array is constant; the correlation coefficient is not defined.
  sc = spearmanr(y[tr][iva], pred).correlation
/workspace_developability_acquisition/gate_b1/scripts/10_train_plm_structure.py:106: ConstantInputWarning: An input array is constant; the correlation coefficient is not defined.
  sc = spearmanr(y[tr][iva], pred).correlation
/workspace_developability_acquisition/gate_b1/scripts/10_train_plm_structure.py:106: ConstantInputWarning: An input array is constant; the correlation coefficient is not defined.
  sc = spearmanr(y[tr][iva], pred).correlation
/workspace_developability_acquisition/gate_b1/scripts/10_train_plm_structure.py:106: ConstantInputWarning: An input array is constant; the correlation coefficient is not defined.
  sc = spearmanr(y[tr][iva], pred).correlation
/workspace_developability_acquisition/gate_b1/scripts/10_train_plm_structure.py:106: ConstantInputWarning: An input array is constant; the correlation coefficient is not defined.
  sc = spearmanr(y[tr][iva], pred).correlation
/workspace_developability_acquisition/gate_b1/scripts/10_train_plm_structure.py:106: ConstantInputWarning: An input array is constant; the correlation coefficient is not defined.
  sc = spearmanr(y[tr][iva], pred).correlation
/workspace_developability_acquisition/gate_b1/scripts/10_train_plm_structure.py:106: ConstantInputWarning: An input array is constant; the correlation coefficient is not defined.
  sc = spearmanr(y[tr][iva], pred).correlation
/workspace_developability_acquisition/gate_b1/scripts/10_train_plm_structure.py:106: ConstantInputWarning: An input array is constant; the correlation coefficient is not defined.
  sc = spearmanr(y[tr][iva], pred).correlation
/workspace_developability_acquisition/gate_b1/scripts/10_train_plm_structure.py:106: ConstantInputWarning: An input array is constant; the correlation coefficient is not defined.
  sc = spearmanr(y[tr][iva], pred).correlation
/workspace_developability_acquisition/gate_b1/scripts/10_train_plm_structure.py:106: ConstantInputWarning: An input array is constant; the correlation coefficient is not defined.
  sc = spearmanr(y[tr][iva], pred).correlation
/workspace_developability_acquisition/gate_b1/scripts/10_train_plm_structure.py:106: ConstantInputWarning: An input array is constant; the correlation coefficient is not defined.
  sc = spearmanr(y[tr][iva], pred).correlation
/workspace_developability_acquisition/gate_b1/scripts/10_train_plm_structure.py:106: ConstantInputWarning: An input array is constant; the correlation coefficient is not defined.
  sc = spearmanr(y[tr][iva], pred).correlation
/workspace_developability_acquisition/gate_b1/scripts/10_train_plm_structure.py:106: ConstantInputWarning: An input array is constant; the correlation coefficient is not defined.
  sc = spearmanr(y[tr][iva], pred).correlation
/workspace_developability_acquisition/gate_b1/scripts/10_train_plm_structure.py:106: ConstantInputWarning: An input array is constant; the correlation coefficient is not defined.
  sc = spearmanr(y[tr][iva], pred).correlation
/workspace_developability_acquisition/gate_b1/scripts/10_train_plm_structure.py:106: ConstantInputWarning: An input array is constant; the correlation coefficient is not defined.
  sc = spearmanr(y[tr][iva], pred).correlation
/workspace_developability_acquisition/gate_b1/scripts/10_train_plm_structure.py:106: ConstantInputWarning: An input array is constant; the correlation coefficient is not defined.
  sc = spearmanr(y[tr][iva], pred).correlation
/workspace_developability_acquisition/gate_b1/scripts/10_train_plm_structure.py:106: ConstantInputWarning: An input array is constant; the correlation coefficient is not defined.
  sc = spearmanr(y[tr][iva], pred).correlation
/workspace_developability_acquisition/gate_b1/scripts/10_train_plm_structure.py:106: ConstantInputWarning: An input array is constant; the correlation coefficient is not defined.
  sc = spearmanr(y[tr][iva], pred).correlation
/workspace_developability_acquisition/gate_b1/scripts/10_train_plm_structure.py:106: ConstantInputWarning: An input array is constant; the correlation coefficient is not defined.
  sc = spearmanr(y[tr][iva], pred).correlation
/workspace_developability_acquisition/gate_b1/scripts/10_train_plm_structure.py:106: ConstantInputWarning: An input array is constant; the correlation coefficient is not defined.
  sc = spearmanr(y[tr][iva], pred).correlation
/workspace_developability_acquisition/gate_b1/scripts/10_train_plm_structure.py:106: ConstantInputWarning: An input array is constant; the correlation coefficient is not defined.
  sc = spearmanr(y[tr][iva], pred).correlation
/workspace_developability_acquisition/gate_b1/scripts/10_train_plm_structure.py:106: ConstantInputWarning: An input array is constant; the correlation coefficient is not defined.
  sc = spearmanr(y[tr][iva], pred).correlation
/workspace_developability_acquisition/gate_b1/scripts/10_train_plm_structure.py:106: ConstantInputWarning: An input array is constant; the correlation coefficient is not defined.
  sc = spearmanr(y[tr][iva], pred).correlation
/workspace_developability_acquisition/gate_b1/scripts/10_train_plm_structure.py:106: ConstantInputWarning: An input array is constant; the correlation coefficient is not defined.
  sc = spearmanr(y[tr][iva], pred).correlation
/workspace_developability_acquisition/gate_b1/scripts/10_train_plm_structure.py:106: ConstantInputWarning: An input array is constant; the correlation coefficient is not defined.
  sc = spearmanr(y[tr][iva], pred).correlation
/workspace_developability_acquisition/gate_b1/scripts/10_train_plm_structure.py:106: ConstantInputWarning: An input array is constant; the correlation coefficient is not defined.
  sc = spearmanr(y[tr][iva], pred).correlation
/workspace_developability_acquisition/gate_b1/scripts/10_train_plm_structure.py:106: ConstantInputWarning: An input array is constant; the correlation coefficient is not defined.
  sc = spearmanr(y[tr][iva], pred).correlation
/workspace_developability_acquisition/gate_b1/scripts/10_train_plm_structure.py:106: ConstantInputWarning: An input array is constant; the correlation coefficient is not defined.
  sc = spearmanr(y[tr][iva], pred).correlation
/workspace_developability_acquisition/gate_b1/scripts/10_train_plm_structure.py:106: ConstantInputWarning: An input array is constant; the correlation coefficient is not defined.
  sc = spearmanr(y[tr][iva], pred).correlation
/workspace_developability_acquisition/gate_b1/scripts/10_train_plm_structure.py:106: ConstantInputWarning: An input array is constant; the correlation coefficient is not defined.
  sc = spearmanr(y[tr][iva], pred).correlation
/workspace_developability_acquisition/gate_b1/scripts/10_train_plm_structure.py:106: ConstantInputWarning: An input array is constant; the correlation coefficient is not defined.
  sc = spearmanr(y[tr][iva], pred).correlation
/workspace_developability_acquisition/gate_b1/scripts/10_train_plm_structure.py:106: ConstantInputWarning: An input array is constant; the correlation coefficient is not defined.
  sc = spearmanr(y[tr][iva], pred).correlation
/workspace_developability_acquisition/gate_b1/scripts/10_train_plm_structure.py:106: ConstantInputWarning: An input array is constant; the correlation coefficient is not defined.
  sc = spearmanr(y[tr][iva], pred).correlation
/workspace_developability_acquisition/gate_b1/scripts/10_train_plm_structure.py:106: ConstantInputWarning: An input array is constant; the correlation coefficient is not defined.
  sc = spearmanr(y[tr][iva], pred).correlation
/workspace_developability_acquisition/gate_b1/scripts/10_train_plm_structure.py:106: ConstantInputWarning: An input array is constant; the correlation coefficient is not defined.
  sc = spearmanr(y[tr][iva], pred).correlation
/workspace_developability_acquisition/gate_b1/scripts/10_train_plm_structure.py:106: ConstantInputWarning: An input array is constant; the correlation coefficient is not defined.
  sc = spearmanr(y[tr][iva], pred).correlation
/workspace_developability_acquisition/gate_b1/scripts/10_train_plm_structure.py:106: ConstantInputWarning: An input array is constant; the correlation coefficient is not defined.
  sc = spearmanr(y[tr][iva], pred).correlation
/workspace_developability_acquisition/gate_b1/scripts/10_train_plm_structure.py:106: ConstantInputWarning: An input array is constant; the correlation coefficient is not defined.
  sc = spearmanr(y[tr][iva], pred).correlation
/workspace_developability_acquisition/gate_b1/scripts/10_train_plm_structure.py:106: ConstantInputWarning: An input array is constant; the correlation coefficient is not defined.
  sc = spearmanr(y[tr][iva], pred).correlation
/workspace_developability_acquisition/gate_b1/scripts/10_train_plm_structure.py:106: ConstantInputWarning: An input array is constant; the correlation coefficient is not defined.
  sc = spearmanr(y[tr][iva], pred).correlation
/workspace_developability_acquisition/gate_b1/scripts/10_train_plm_structure.py:106: ConstantInputWarning: An input array is constant; the correlation coefficient is not defined.
  sc = spearmanr(y[tr][iva], pred).correlation
/workspace_developability_acquisition/gate_b1/scripts/10_train_plm_structure.py:106: ConstantInputWarning: An input array is constant; the correlation coefficient is not defined.
  sc = spearmanr(y[tr][iva], pred).correlation
/workspace_developability_acquisition/gate_b1/scripts/10_train_plm_structure.py:106: ConstantInputWarning: An input array is constant; the correlation coefficient is not defined.
  sc = spearmanr(y[tr][iva], pred).correlation
/workspace_developability_acquisition/gate_b1/scripts/10_train_plm_structure.py:106: ConstantInputWarning: An input array is constant; the correlation coefficient is not defined.
  sc = spearmanr(y[tr][iva], pred).correlation
/workspace_developability_acquisition/gate_b1/scripts/10_train_plm_structure.py:106: ConstantInputWarning: An input array is constant; the correlation coefficient is not defined.
  sc = spearmanr(y[tr][iva], pred).correlation
/workspace_developability_acquisition/gate_b1/scripts/10_train_plm_structure.py:106: ConstantInputWarning: An input array is constant; the correlation coefficient is not defined.
  sc = spearmanr(y[tr][iva], pred).correlation
/workspace_developability_acquisition/gate_b1/scripts/10_train_plm_structure.py:106: ConstantInputWarning: An input array is constant; the correlation coefficient is not defined.
  sc = spearmanr(y[tr][iva], pred).correlation
/workspace_developability_acquisition/gate_b1/scripts/10_train_plm_structure.py:106: ConstantInputWarning: An input array is constant; the correlation coefficient is not defined.
  sc = spearmanr(y[tr][iva], pred).correlation
/workspace_developability_acquisition/gate_b1/scripts/10_train_plm_structure.py:106: ConstantInputWarning: An input array is constant; the correlation coefficient is not defined.
  sc = spearmanr(y[tr][iva], pred).correlation
/workspace_developability_acquisition/gate_b1/scripts/10_train_plm_structure.py:106: ConstantInputWarning: An input array is constant; the correlation coefficient is not defined.
  sc = spearmanr(y[tr][iva], pred).correlation
/workspace_developability_acquisition/gate_b1/scripts/10_train_plm_structure.py:106: ConstantInputWarning: An input array is constant; the correlation coefficient is not defined.
  sc = spearmanr(y[tr][iva], pred).correlation
/workspace_developability_acquisition/gate_b1/scripts/10_train_plm_structure.py:106: ConstantInputWarning: An input array is constant; the correlation coefficient is not defined.
  sc = spearmanr(y[tr][iva], pred).correlation
RUN shadow_2 HIC FUSION_esm2_ABB_SURFACE Ridge
RUN shadow_2 HIC FUSION_esm2_ABB_SURFACE ElasticNet
/workspace_developability_acquisition/gate_b1/scripts/10_train_plm_structure.py:106: ConstantInputWarning: An input array is constant; the correlation coefficient is not defined.
  sc = spearmanr(y[tr][iva], pred).correlation
/workspace_developability_acquisition/gate_b1/scripts/10_train_plm_structure.py:106: ConstantInputWarning: An input array is constant; the correlation coefficient is not defined.
  sc = spearmanr(y[tr][iva], pred).correlation
/workspace_developability_acquisition/gate_b1/scripts/10_train_plm_structure.py:106: ConstantInputWarning: An input array is constant; the correlation coefficient is not defined.
  sc = spearmanr(y[tr][iva], pred).correlation
/workspace_developability_acquisition/gate_b1/scripts/10_train_plm_structure.py:106: ConstantInputWarning: An input array is constant; the correlation coefficient is not defined.
  sc = spearmanr(y[tr][iva], pred).correlation
/workspace_developability_acquisition/gate_b1/scripts/10_train_plm_structure.py:106: ConstantInputWarning: An input array is constant; the correlation coefficient is not defined.
  sc = spearmanr(y[tr][iva], pred).correlation
/workspace_developability_acquisition/gate_b1/scripts/10_train_plm_structure.py:106: ConstantInputWarning: An input array is constant; the correlation coefficient is not defined.
  sc = spearmanr(y[tr][iva], pred).correlation
/workspace_developability_acquisition/gate_b1/scripts/10_train_plm_structure.py:106: ConstantInputWarning: An input array is constant; the correlation coefficient is not defined.
  sc = spearmanr(y[tr][iva], pred).correlation
/workspace_developability_acquisition/gate_b1/scripts/10_train_plm_structure.py:106: ConstantInputWarning: An input array is constant; the correlation coefficient is not defined.
  sc = spearmanr(y[tr][iva], pred).correlation
/workspace_developability_acquisition/gate_b1/scripts/10_train_plm_structure.py:106: ConstantInputWarning: An input array is constant; the correlation coefficient is not defined.
  sc = spearmanr(y[tr][iva], pred).correlation
/workspace_developability_acquisition/gate_b1/scripts/10_train_plm_structure.py:106: ConstantInputWarning: An input array is constant; the correlation coefficient is not defined.
  sc = spearmanr(y[tr][iva], pred).correlation
/workspace_developability_acquisition/gate_b1/scripts/10_train_plm_structure.py:106: ConstantInputWarning: An input array is constant; the correlation coefficient is not defined.
  sc = spearmanr(y[tr][iva], pred).correlation
/workspace_developability_acquisition/gate_b1/scripts/10_train_plm_structure.py:106: ConstantInputWarning: An input array is constant; the correlation coefficient is not defined.
  sc = spearmanr(y[tr][iva], pred).correlation
/workspace_developability_acquisition/gate_b1/scripts/10_train_plm_structure.py:106: ConstantInputWarning: An input array is constant; the correlation coefficient is not defined.
  sc = spearmanr(y[tr][iva], pred).correlation
/workspace_developability_acquisition/gate_b1/scripts/10_train_plm_structure.py:106: ConstantInputWarning: An input array is constant; the correlation coefficient is not defined.
  sc = spearmanr(y[tr][iva], pred).correlation
/workspace_developability_acquisition/gate_b1/scripts/10_train_plm_structure.py:106: ConstantInputWarning: An input array is constant; the correlation coefficient is not defined.
  sc = spearmanr(y[tr][iva], pred).correlation
/workspace_developability_acquisition/gate_b1/scripts/10_train_plm_structure.py:106: ConstantInputWarning: An input array is constant; the correlation coefficient is not defined.
  sc = spearmanr(y[tr][iva], pred).correlation
/workspace_developability_acquisition/gate_b1/scripts/10_train_plm_structure.py:106: ConstantInputWarning: An input array is constant; the correlation coefficient is not defined.
  sc = spearmanr(y[tr][iva], pred).correlation
/workspace_developability_acquisition/gate_b1/scripts/10_train_plm_structure.py:106: ConstantInputWarning: An input array is constant; the correlation coefficient is not defined.
  sc = spearmanr(y[tr][iva], pred).correlation
/workspace_developability_acquisition/gate_b1/scripts/10_train_plm_structure.py:106: ConstantInputWarning: An input array is constant; the correlation coefficient is not defined.
  sc = spearmanr(y[tr][iva], pred).correlation
/workspace_developability_acquisition/gate_b1/scripts/10_train_plm_structure.py:106: ConstantInputWarning: An input array is constant; the correlation coefficient is not defined.
  sc = spearmanr(y[tr][iva], pred).correlation
/workspace_developability_acquisition/gate_b1/scripts/10_train_plm_structure.py:106: ConstantInputWarning: An input array is constant; the correlation coefficient is not defined.
  sc = spearmanr(y[tr][iva], pred).correlation
/workspace_developability_acquisition/gate_b1/scripts/10_train_plm_structure.py:106: ConstantInputWarning: An input array is constant; the correlation coefficient is not defined.
  sc = spearmanr(y[tr][iva], pred).correlation
/workspace_developability_acquisition/gate_b1/scripts/10_train_plm_structure.py:106: ConstantInputWarning: An input array is constant; the correlation coefficient is not defined.
  sc = spearmanr(y[tr][iva], pred).correlation
/workspace_developability_acquisition/gate_b1/scripts/10_train_plm_structure.py:106: ConstantInputWarning: An input array is constant; the correlation coefficient is not defined.
  sc = spearmanr(y[tr][iva], pred).correlation
/workspace_developability_acquisition/gate_b1/scripts/10_train_plm_structure.py:106: ConstantInputWarning: An input array is constant; the correlation coefficient is not defined.
  sc = spearmanr(y[tr][iva], pred).correlation
/workspace_developability_acquisition/gate_b1/scripts/10_train_plm_structure.py:106: ConstantInputWarning: An input array is constant; the correlation coefficient is not defined.
  sc = spearmanr(y[tr][iva], pred).correlation
/workspace_developability_acquisition/gate_b1/scripts/10_train_plm_structure.py:106: ConstantInputWarning: An input array is constant; the correlation coefficient is not defined.
  sc = spearmanr(y[tr][iva], pred).correlation
/workspace_developability_acquisition/gate_b1/scripts/10_train_plm_structure.py:106: ConstantInputWarning: An input array is constant; the correlation coefficient is not defined.
  sc = spearmanr(y[tr][iva], pred).correlation
/workspace_developability_acquisition/gate_b1/scripts/10_train_plm_structure.py:106: ConstantInputWarning: An input array is constant; the correlation coefficient is not defined.
  sc = spearmanr(y[tr][iva], pred).correlation
/workspace_developability_acquisition/gate_b1/scripts/10_train_plm_structure.py:106: ConstantInputWarning: An input array is constant; the correlation coefficient is not defined.
  sc = spearmanr(y[tr][iva], pred).correlation
RUN shadow_2 HIC FUSION_A2_ABB_SURFACE Ridge
RUN shadow_2 HIC FUSION_A2_ABB_SURFACE ElasticNet
/workspace_developability_acquisition/gate_b1/scripts/10_train_plm_structure.py:106: ConstantInputWarning: An input array is constant; the correlation coefficient is not defined.
  sc = spearmanr(y[tr][iva], pred).correlation
/workspace_developability_acquisition/gate_b1/scripts/10_train_plm_structure.py:106: ConstantInputWarning: An input array is constant; the correlation coefficient is not defined.
  sc = spearmanr(y[tr][iva], pred).correlation
/workspace_developability_acquisition/gate_b1/scripts/10_train_plm_structure.py:106: ConstantInputWarning: An input array is constant; the correlation coefficient is not defined.
  sc = spearmanr(y[tr][iva], pred).correlation
/workspace_developability_acquisition/gate_b1/scripts/10_train_plm_structure.py:106: ConstantInputWarning: An input array is constant; the correlation coefficient is not defined.
  sc = spearmanr(y[tr][iva], pred).correlation
/workspace_developability_acquisition/gate_b1/scripts/10_train_plm_structure.py:106: ConstantInputWarning: An input array is constant; the correlation coefficient is not defined.
  sc = spearmanr(y[tr][iva], pred).correlation
/workspace_developability_acquisition/gate_b1/scripts/10_train_plm_structure.py:106: ConstantInputWarning: An input array is constant; the correlation coefficient is not defined.
  sc = spearmanr(y[tr][iva], pred).correlation
/workspace_developability_acquisition/gate_b1/scripts/10_train_plm_structure.py:106: ConstantInputWarning: An input array is constant; the correlation coefficient is not defined.
  sc = spearmanr(y[tr][iva], pred).correlation
/workspace_developability_acquisition/gate_b1/scripts/10_train_plm_structure.py:106: ConstantInputWarning: An input array is constant; the correlation coefficient is not defined.
  sc = spearmanr(y[tr][iva], pred).correlation
/workspace_developability_acquisition/gate_b1/scripts/10_train_plm_structure.py:106: ConstantInputWarning: An input array is constant; the correlation coefficient is not defined.
  sc = spearmanr(y[tr][iva], pred).correlation
/workspace_developability_acquisition/gate_b1/scripts/10_train_plm_structure.py:106: ConstantInputWarning: An input array is constant; the correlation coefficient is not defined.
  sc = spearmanr(y[tr][iva], pred).correlation
/workspace_developability_acquisition/gate_b1/scripts/10_train_plm_structure.py:106: ConstantInputWarning: An input array is constant; the correlation coefficient is not defined.
  sc = spearmanr(y[tr][iva], pred).correlation
/workspace_developability_acquisition/gate_b1/scripts/10_train_plm_structure.py:106: ConstantInputWarning: An input array is constant; the correlation coefficient is not defined.
  sc = spearmanr(y[tr][iva], pred).correlation
/workspace_developability_acquisition/gate_b1/scripts/10_train_plm_structure.py:106: ConstantInputWarning: An input array is constant; the correlation coefficient is not defined.
  sc = spearmanr(y[tr][iva], pred).correlation
/workspace_developability_acquisition/gate_b1/scripts/10_train_plm_structure.py:106: ConstantInputWarning: An input array is constant; the correlation coefficient is not defined.
  sc = spearmanr(y[tr][iva], pred).correlation
/workspace_developability_acquisition/gate_b1/scripts/10_train_plm_structure.py:106: ConstantInputWarning: An input array is constant; the correlation coefficient is not defined.
  sc = spearmanr(y[tr][iva], pred).correlation
/workspace_developability_acquisition/gate_b1/scripts/10_train_plm_structure.py:106: ConstantInputWarning: An input array is constant; the correlation coefficient is not defined.
  sc = spearmanr(y[tr][iva], pred).correlation
/workspace_developability_acquisition/gate_b1/scripts/10_train_plm_structure.py:106: ConstantInputWarning: An input array is constant; the correlation coefficient is not defined.
  sc = spearmanr(y[tr][iva], pred).correlation
/workspace_developability_acquisition/gate_b1/scripts/10_train_plm_structure.py:106: ConstantInputWarning: An input array is constant; the correlation coefficient is not defined.
  sc = spearmanr(y[tr][iva], pred).correlation
/workspace_developability_acquisition/gate_b1/scripts/10_train_plm_structure.py:106: ConstantInputWarning: An input array is constant; the correlation coefficient is not defined.
  sc = spearmanr(y[tr][iva], pred).correlation
/workspace_developability_acquisition/gate_b1/scripts/10_train_plm_structure.py:106: ConstantInputWarning: An input array is constant; the correlation coefficient is not defined.
  sc = spearmanr(y[tr][iva], pred).correlation
/workspace_developability_acquisition/gate_b1/scripts/10_train_plm_structure.py:106: ConstantInputWarning: An input array is constant; the correlation coefficient is not defined.
  sc = spearmanr(y[tr][iva], pred).correlation
/workspace_developability_acquisition/gate_b1/scripts/10_train_plm_structure.py:106: ConstantInputWarning: An input array is constant; the correlation coefficient is not defined.
  sc = spearmanr(y[tr][iva], pred).correlation
/workspace_developability_acquisition/gate_b1/scripts/10_train_plm_structure.py:106: ConstantInputWarning: An input array is constant; the correlation coefficient is not defined.
  sc = spearmanr(y[tr][iva], pred).correlation
/workspace_developability_acquisition/gate_b1/scripts/10_train_plm_structure.py:106: ConstantInputWarning: An input array is constant; the correlation coefficient is not defined.
  sc = spearmanr(y[tr][iva], pred).correlation
/workspace_developability_acquisition/gate_b1/scripts/10_train_plm_structure.py:106: ConstantInputWarning: An input array is constant; the correlation coefficient is not defined.
  sc = spearmanr(y[tr][iva], pred).correlation
/workspace_developability_acquisition/gate_b1/scripts/10_train_plm_structure.py:106: ConstantInputWarning: An input array is constant; the correlation coefficient is not defined.
  sc = spearmanr(y[tr][iva], pred).correlation
/workspace_developability_acquisition/gate_b1/scripts/10_train_plm_structure.py:106: ConstantInputWarning: An input array is constant; the correlation coefficient is not defined.
  sc = spearmanr(y[tr][iva], pred).correlation
/workspace_developability_acquisition/gate_b1/scripts/10_train_plm_structure.py:106: ConstantInputWarning: An input array is constant; the correlation coefficient is not defined.
  sc = spearmanr(y[tr][iva], pred).correlation
/workspace_developability_acquisition/gate_b1/scripts/10_train_plm_structure.py:106: ConstantInputWarning: An input array is constant; the correlation coefficient is not defined.
  sc = spearmanr(y[tr][iva], pred).correlation
/workspace_developability_acquisition/gate_b1/scripts/10_train_plm_structure.py:106: ConstantInputWarning: An input array is constant; the correlation coefficient is not defined.
  sc = spearmanr(y[tr][iva], pred).correlation
RUN shadow_2 TmApp FUSION_esm2_ABB_SURFACE Ridge
RUN shadow_2 TmApp FUSION_esm2_ABB_SURFACE ElasticNet
RUN shadow_2 TmApp FUSION_A2_ABB_SURFACE Ridge
RUN shadow_2 TmApp FUSION_A2_ABB_SURFACE ElasticNet
RUN shadow_3 PSR FUSION_esm2_ABB_SURFACE Ridge
RUN shadow_3 PSR FUSION_esm2_ABB_SURFACE ElasticNet
/workspace_developability_acquisition/gate_b1/scripts/10_train_plm_structure.py:106: ConstantInputWarning: An input array is constant; the correlation coefficient is not defined.
  sc = spearmanr(y[tr][iva], pred).correlation
/workspace_developability_acquisition/gate_b1/scripts/10_train_plm_structure.py:106: ConstantInputWarning: An input array is constant; the correlation coefficient is not defined.
  sc = spearmanr(y[tr][iva], pred).correlation
/workspace_developability_acquisition/gate_b1/scripts/10_train_plm_structure.py:106: ConstantInputWarning: An input array is constant; the correlation coefficient is not defined.
  sc = spearmanr(y[tr][iva], pred).correlation
/workspace_developability_acquisition/gate_b1/scripts/10_train_plm_structure.py:106: ConstantInputWarning: An input array is constant; the correlation coefficient is not defined.
  sc = spearmanr(y[tr][iva], pred).correlation
/workspace_developability_acquisition/gate_b1/scripts/10_train_plm_structure.py:106: ConstantInputWarning: An input array is constant; the correlation coefficient is not defined.
  sc = spearmanr(y[tr][iva], pred).correlation
/workspace_developability_acquisition/gate_b1/scripts/10_train_plm_structure.py:106: ConstantInputWarning: An input array is constant; the correlation coefficient is not defined.
  sc = spearmanr(y[tr][iva], pred).correlation
/workspace_developability_acquisition/gate_b1/scripts/10_train_plm_structure.py:106: ConstantInputWarning: An input array is constant; the correlation coefficient is not defined.
  sc = spearmanr(y[tr][iva], pred).correlation
/workspace_developability_acquisition/gate_b1/scripts/10_train_plm_structure.py:106: ConstantInputWarning: An input array is constant; the correlation coefficient is not defined.
  sc = spearmanr(y[tr][iva], pred).correlation
/workspace_developability_acquisition/gate_b1/scripts/10_train_plm_structure.py:106: ConstantInputWarning: An input array is constant; the correlation coefficient is not defined.
  sc = spearmanr(y[tr][iva], pred).correlation
/workspace_developability_acquisition/gate_b1/scripts/10_train_plm_structure.py:106: ConstantInputWarning: An input array is constant; the correlation coefficient is not defined.
  sc = spearmanr(y[tr][iva], pred).correlation
/workspace_developability_acquisition/gate_b1/scripts/10_train_plm_structure.py:106: ConstantInputWarning: An input array is constant; the correlation coefficient is not defined.
  sc = spearmanr(y[tr][iva], pred).correlation
/workspace_developability_acquisition/gate_b1/scripts/10_train_plm_structure.py:106: ConstantInputWarning: An input array is constant; the correlation coefficient is not defined.
  sc = spearmanr(y[tr][iva], pred).correlation
/workspace_developability_acquisition/gate_b1/scripts/10_train_plm_structure.py:106: ConstantInputWarning: An input array is constant; the correlation coefficient is not defined.
  sc = spearmanr(y[tr][iva], pred).correlation
/workspace_developability_acquisition/gate_b1/scripts/10_train_plm_structure.py:106: ConstantInputWarning: An input array is constant; the correlation coefficient is not defined.
  sc = spearmanr(y[tr][iva], pred).correlation
/workspace_developability_acquisition/gate_b1/scripts/10_train_plm_structure.py:106: ConstantInputWarning: An input array is constant; the correlation coefficient is not defined.
  sc = spearmanr(y[tr][iva], pred).correlation
/workspace_developability_acquisition/gate_b1/scripts/10_train_plm_structure.py:106: ConstantInputWarning: An input array is constant; the correlation coefficient is not defined.
  sc = spearmanr(y[tr][iva], pred).correlation
/workspace_developability_acquisition/gate_b1/scripts/10_train_plm_structure.py:106: ConstantInputWarning: An input array is constant; the correlation coefficient is not defined.
  sc = spearmanr(y[tr][iva], pred).correlation
/workspace_developability_acquisition/gate_b1/scripts/10_train_plm_structure.py:106: ConstantInputWarning: An input array is constant; the correlation coefficient is not defined.
  sc = spearmanr(y[tr][iva], pred).correlation
/workspace_developability_acquisition/gate_b1/scripts/10_train_plm_structure.py:106: ConstantInputWarning: An input array is constant; the correlation coefficient is not defined.
  sc = spearmanr(y[tr][iva], pred).correlation
/workspace_developability_acquisition/gate_b1/scripts/10_train_plm_structure.py:106: ConstantInputWarning: An input array is constant; the correlation coefficient is not defined.
  sc = spearmanr(y[tr][iva], pred).correlation
/workspace_developability_acquisition/gate_b1/scripts/10_train_plm_structure.py:106: ConstantInputWarning: An input array is constant; the correlation coefficient is not defined.
  sc = spearmanr(y[tr][iva], pred).correlation
/workspace_developability_acquisition/gate_b1/scripts/10_train_plm_structure.py:106: ConstantInputWarning: An input array is constant; the correlation coefficient is not defined.
  sc = spearmanr(y[tr][iva], pred).correlation
/workspace_developability_acquisition/gate_b1/scripts/10_train_plm_structure.py:106: ConstantInputWarning: An input array is constant; the correlation coefficient is not defined.
  sc = spearmanr(y[tr][iva], pred).correlation
/workspace_developability_acquisition/gate_b1/scripts/10_train_plm_structure.py:106: ConstantInputWarning: An input array is constant; the correlation coefficient is not defined.
  sc = spearmanr(y[tr][iva], pred).correlation
/workspace_developability_acquisition/gate_b1/scripts/10_train_plm_structure.py:106: ConstantInputWarning: An input array is constant; the correlation coefficient is not defined.
  sc = spearmanr(y[tr][iva], pred).correlation
/workspace_developability_acquisition/gate_b1/scripts/10_train_plm_structure.py:106: ConstantInputWarning: An input array is constant; the correlation coefficient is not defined.
  sc = spearmanr(y[tr][iva], pred).correlation
/workspace_developability_acquisition/gate_b1/scripts/10_train_plm_structure.py:106: ConstantInputWarning: An input array is constant; the correlation coefficient is not defined.
  sc = spearmanr(y[tr][iva], pred).correlation
/workspace_developability_acquisition/gate_b1/scripts/10_train_plm_structure.py:106: ConstantInputWarning: An input array is constant; the correlation coefficient is not defined.
  sc = spearmanr(y[tr][iva], pred).correlation
/workspace_developability_acquisition/gate_b1/scripts/10_train_plm_structure.py:106: ConstantInputWarning: An input array is constant; the correlation coefficient is not defined.
  sc = spearmanr(y[tr][iva], pred).correlation
/workspace_developability_acquisition/gate_b1/scripts/10_train_plm_structure.py:106: ConstantInputWarning: An input array is constant; the correlation coefficient is not defined.
  sc = spearmanr(y[tr][iva], pred).correlation
/workspace_developability_acquisition/gate_b1/scripts/10_train_plm_structure.py:106: ConstantInputWarning: An input array is constant; the correlation coefficient is not defined.
  sc = spearmanr(y[tr][iva], pred).correlation
/workspace_developability_acquisition/gate_b1/scripts/10_train_plm_structure.py:106: ConstantInputWarning: An input array is constant; the correlation coefficient is not defined.
  sc = spearmanr(y[tr][iva], pred).correlation
/workspace_developability_acquisition/gate_b1/scripts/10_train_plm_structure.py:106: ConstantInputWarning: An input array is constant; the correlation coefficient is not defined.
  sc = spearmanr(y[tr][iva], pred).correlation
/workspace_developability_acquisition/gate_b1/scripts/10_train_plm_structure.py:106: ConstantInputWarning: An input array is constant; the correlation coefficient is not defined.
  sc = spearmanr(y[tr][iva], pred).correlation
/workspace_developability_acquisition/gate_b1/scripts/10_train_plm_structure.py:106: ConstantInputWarning: An input array is constant; the correlation coefficient is not defined.
  sc = spearmanr(y[tr][iva], pred).correlation
/workspace_developability_acquisition/gate_b1/scripts/10_train_plm_structure.py:106: ConstantInputWarning: An input array is constant; the correlation coefficient is not defined.
  sc = spearmanr(y[tr][iva], pred).correlation
/workspace_developability_acquisition/gate_b1/scripts/10_train_plm_structure.py:106: ConstantInputWarning: An input array is constant; the correlation coefficient is not defined.
  sc = spearmanr(y[tr][iva], pred).correlation
/workspace_developability_acquisition/gate_b1/scripts/10_train_plm_structure.py:106: ConstantInputWarning: An input array is constant; the correlation coefficient is not defined.
  sc = spearmanr(y[tr][iva], pred).correlation
/workspace_developability_acquisition/gate_b1/scripts/10_train_plm_structure.py:106: ConstantInputWarning: An input array is constant; the correlation coefficient is not defined.
  sc = spearmanr(y[tr][iva], pred).correlation
/workspace_developability_acquisition/gate_b1/scripts/10_train_plm_structure.py:106: ConstantInputWarning: An input array is constant; the correlation coefficient is not defined.
  sc = spearmanr(y[tr][iva], pred).correlation
/workspace_developability_acquisition/gate_b1/scripts/10_train_plm_structure.py:106: ConstantInputWarning: An input array is constant; the correlation coefficient is not defined.
  sc = spearmanr(y[tr][iva], pred).correlation
/workspace_developability_acquisition/gate_b1/scripts/10_train_plm_structure.py:106: ConstantInputWarning: An input array is constant; the correlation coefficient is not defined.
  sc = spearmanr(y[tr][iva], pred).correlation
/workspace_developability_acquisition/gate_b1/scripts/10_train_plm_structure.py:106: ConstantInputWarning: An input array is constant; the correlation coefficient is not defined.
  sc = spearmanr(y[tr][iva], pred).correlation
/workspace_developability_acquisition/gate_b1/scripts/10_train_plm_structure.py:106: ConstantInputWarning: An input array is constant; the correlation coefficient is not defined.
  sc = spearmanr(y[tr][iva], pred).correlation
/workspace_developability_acquisition/gate_b1/scripts/10_train_plm_structure.py:106: ConstantInputWarning: An input array is constant; the correlation coefficient is not defined.
  sc = spearmanr(y[tr][iva], pred).correlation
/workspace_developability_acquisition/gate_b1/scripts/10_train_plm_structure.py:106: ConstantInputWarning: An input array is constant; the correlation coefficient is not defined.
  sc = spearmanr(y[tr][iva], pred).correlation
/workspace_developability_acquisition/gate_b1/scripts/10_train_plm_structure.py:106: ConstantInputWarning: An input array is constant; the correlation coefficient is not defined.
  sc = spearmanr(y[tr][iva], pred).correlation
/workspace_developability_acquisition/gate_b1/scripts/10_train_plm_structure.py:106: ConstantInputWarning: An input array is constant; the correlation coefficient is not defined.
  sc = spearmanr(y[tr][iva], pred).correlation
/workspace_developability_acquisition/gate_b1/scripts/10_train_plm_structure.py:106: ConstantInputWarning: An input array is constant; the correlation coefficient is not defined.
  sc = spearmanr(y[tr][iva], pred).correlation
/workspace_developability_acquisition/gate_b1/scripts/10_train_plm_structure.py:106: ConstantInputWarning: An input array is constant; the correlation coefficient is not defined.
  sc = spearmanr(y[tr][iva], pred).correlation
/workspace_developability_acquisition/gate_b1/scripts/10_train_plm_structure.py:106: ConstantInputWarning: An input array is constant; the correlation coefficient is not defined.
  sc = spearmanr(y[tr][iva], pred).correlation
/workspace_developability_acquisition/gate_b1/scripts/10_train_plm_structure.py:106: ConstantInputWarning: An input array is constant; the correlation coefficient is not defined.
  sc = spearmanr(y[tr][iva], pred).correlation
/workspace_developability_acquisition/gate_b1/scripts/10_train_plm_structure.py:106: ConstantInputWarning: An input array is constant; the correlation coefficient is not defined.
  sc = spearmanr(y[tr][iva], pred).correlation
/workspace_developability_acquisition/gate_b1/scripts/10_train_plm_structure.py:106: ConstantInputWarning: An input array is constant; the correlation coefficient is not defined.
  sc = spearmanr(y[tr][iva], pred).correlation
/workspace_developability_acquisition/gate_b1/scripts/10_train_plm_structure.py:106: ConstantInputWarning: An input array is constant; the correlation coefficient is not defined.
  sc = spearmanr(y[tr][iva], pred).correlation
/workspace_developability_acquisition/gate_b1/scripts/10_train_plm_structure.py:106: ConstantInputWarning: An input array is constant; the correlation coefficient is not defined.
  sc = spearmanr(y[tr][iva], pred).correlation
/workspace_developability_acquisition/gate_b1/scripts/10_train_plm_structure.py:106: ConstantInputWarning: An input array is constant; the correlation coefficient is not defined.
  sc = spearmanr(y[tr][iva], pred).correlation
/workspace_developability_acquisition/gate_b1/scripts/10_train_plm_structure.py:106: ConstantInputWarning: An input array is constant; the correlation coefficient is not defined.
  sc = spearmanr(y[tr][iva], pred).correlation
/workspace_developability_acquisition/gate_b1/scripts/10_train_plm_structure.py:106: ConstantInputWarning: An input array is constant; the correlation coefficient is not defined.
  sc = spearmanr(y[tr][iva], pred).correlation
/workspace_developability_acquisition/gate_b1/scripts/10_train_plm_structure.py:106: ConstantInputWarning: An input array is constant; the correlation coefficient is not defined.
  sc = spearmanr(y[tr][iva], pred).correlation
/workspace_developability_acquisition/gate_b1/scripts/10_train_plm_structure.py:106: ConstantInputWarning: An input array is constant; the correlation coefficient is not defined.
  sc = spearmanr(y[tr][iva], pred).correlation
/workspace_developability_acquisition/gate_b1/scripts/10_train_plm_structure.py:106: ConstantInputWarning: An input array is constant; the correlation coefficient is not defined.
  sc = spearmanr(y[tr][iva], pred).correlation
/workspace_developability_acquisition/gate_b1/scripts/10_train_plm_structure.py:106: ConstantInputWarning: An input array is constant; the correlation coefficient is not defined.
  sc = spearmanr(y[tr][iva], pred).correlation
/workspace_developability_acquisition/gate_b1/scripts/10_train_plm_structure.py:106: ConstantInputWarning: An input array is constant; the correlation coefficient is not defined.
  sc = spearmanr(y[tr][iva], pred).correlation
/workspace_developability_acquisition/gate_b1/scripts/10_train_plm_structure.py:106: ConstantInputWarning: An input array is constant; the correlation coefficient is not defined.
  sc = spearmanr(y[tr][iva], pred).correlation
/workspace_developability_acquisition/gate_b1/scripts/10_train_plm_structure.py:106: ConstantInputWarning: An input array is constant; the correlation coefficient is not defined.
  sc = spearmanr(y[tr][iva], pred).correlation
/workspace_developability_acquisition/gate_b1/scripts/10_train_plm_structure.py:106: ConstantInputWarning: An input array is constant; the correlation coefficient is not defined.
  sc = spearmanr(y[tr][iva], pred).correlation
/workspace_developability_acquisition/gate_b1/scripts/10_train_plm_structure.py:106: ConstantInputWarning: An input array is constant; the correlation coefficient is not defined.
  sc = spearmanr(y[tr][iva], pred).correlation
/workspace_developability_acquisition/gate_b1/scripts/10_train_plm_structure.py:106: ConstantInputWarning: An input array is constant; the correlation coefficient is not defined.
  sc = spearmanr(y[tr][iva], pred).correlation
/workspace_developability_acquisition/gate_b1/scripts/10_train_plm_structure.py:106: ConstantInputWarning: An input array is constant; the correlation coefficient is not defined.
  sc = spearmanr(y[tr][iva], pred).correlation
/workspace_developability_acquisition/gate_b1/scripts/10_train_plm_structure.py:106: ConstantInputWarning: An input array is constant; the correlation coefficient is not defined.
  sc = spearmanr(y[tr][iva], pred).correlation
/workspace_developability_acquisition/gate_b1/scripts/10_train_plm_structure.py:106: ConstantInputWarning: An input array is constant; the correlation coefficient is not defined.
  sc = spearmanr(y[tr][iva], pred).correlation
/workspace_developability_acquisition/gate_b1/scripts/10_train_plm_structure.py:106: ConstantInputWarning: An input array is constant; the correlation coefficient is not defined.
  sc = spearmanr(y[tr][iva], pred).correlation
/workspace_developability_acquisition/gate_b1/scripts/10_train_plm_structure.py:106: ConstantInputWarning: An input array is constant; the correlation coefficient is not defined.
  sc = spearmanr(y[tr][iva], pred).correlation
/workspace_developability_acquisition/gate_b1/scripts/10_train_plm_structure.py:106: ConstantInputWarning: An input array is constant; the correlation coefficient is not defined.
  sc = spearmanr(y[tr][iva], pred).correlation
/workspace_developability_acquisition/gate_b1/scripts/10_train_plm_structure.py:106: ConstantInputWarning: An input array is constant; the correlation coefficient is not defined.
  sc = spearmanr(y[tr][iva], pred).correlation
/workspace_developability_acquisition/gate_b1/scripts/10_train_plm_structure.py:106: ConstantInputWarning: An input array is constant; the correlation coefficient is not defined.
  sc = spearmanr(y[tr][iva], pred).correlation
/workspace_developability_acquisition/gate_b1/scripts/10_train_plm_structure.py:106: ConstantInputWarning: An input array is constant; the correlation coefficient is not defined.
  sc = spearmanr(y[tr][iva], pred).correlation
/workspace_developability_acquisition/gate_b1/scripts/10_train_plm_structure.py:106: ConstantInputWarning: An input array is constant; the correlation coefficient is not defined.
  sc = spearmanr(y[tr][iva], pred).correlation
/workspace_developability_acquisition/gate_b1/scripts/10_train_plm_structure.py:106: ConstantInputWarning: An input array is constant; the correlation coefficient is not defined.
  sc = spearmanr(y[tr][iva], pred).correlation
RUN shadow_3 PSR FUSION_A2_ABB_SURFACE Ridge
RUN shadow_3 PSR FUSION_A2_ABB_SURFACE ElasticNet
/workspace_developability_acquisition/gate_b1/scripts/10_train_plm_structure.py:106: ConstantInputWarning: An input array is constant; the correlation coefficient is not defined.
  sc = spearmanr(y[tr][iva], pred).correlation
/workspace_developability_acquisition/gate_b1/scripts/10_train_plm_structure.py:106: ConstantInputWarning: An input array is constant; the correlation coefficient is not defined.
  sc = spearmanr(y[tr][iva], pred).correlation
/workspace_developability_acquisition/gate_b1/scripts/10_train_plm_structure.py:106: ConstantInputWarning: An input array is constant; the correlation coefficient is not defined.
  sc = spearmanr(y[tr][iva], pred).correlation
/workspace_developability_acquisition/gate_b1/scripts/10_train_plm_structure.py:106: ConstantInputWarning: An input array is constant; the correlation coefficient is not defined.
  sc = spearmanr(y[tr][iva], pred).correlation
/workspace_developability_acquisition/gate_b1/scripts/10_train_plm_structure.py:106: ConstantInputWarning: An input array is constant; the correlation coefficient is not defined.
  sc = spearmanr(y[tr][iva], pred).correlation
/workspace_developability_acquisition/gate_b1/scripts/10_train_plm_structure.py:106: ConstantInputWarning: An input array is constant; the correlation coefficient is not defined.
  sc = spearmanr(y[tr][iva], pred).correlation
/workspace_developability_acquisition/gate_b1/scripts/10_train_plm_structure.py:106: ConstantInputWarning: An input array is constant; the correlation coefficient is not defined.
  sc = spearmanr(y[tr][iva], pred).correlation
/workspace_developability_acquisition/gate_b1/scripts/10_train_plm_structure.py:106: ConstantInputWarning: An input array is constant; the correlation coefficient is not defined.
  sc = spearmanr(y[tr][iva], pred).correlation
/workspace_developability_acquisition/gate_b1/scripts/10_train_plm_structure.py:106: ConstantInputWarning: An input array is constant; the correlation coefficient is not defined.
  sc = spearmanr(y[tr][iva], pred).correlation
/workspace_developability_acquisition/gate_b1/scripts/10_train_plm_structure.py:106: ConstantInputWarning: An input array is constant; the correlation coefficient is not defined.
  sc = spearmanr(y[tr][iva], pred).correlation
/workspace_developability_acquisition/gate_b1/scripts/10_train_plm_structure.py:106: ConstantInputWarning: An input array is constant; the correlation coefficient is not defined.
  sc = spearmanr(y[tr][iva], pred).correlation
/workspace_developability_acquisition/gate_b1/scripts/10_train_plm_structure.py:106: ConstantInputWarning: An input array is constant; the correlation coefficient is not defined.
  sc = spearmanr(y[tr][iva], pred).correlation
/workspace_developability_acquisition/gate_b1/scripts/10_train_plm_structure.py:106: ConstantInputWarning: An input array is constant; the correlation coefficient is not defined.
  sc = spearmanr(y[tr][iva], pred).correlation
/workspace_developability_acquisition/gate_b1/scripts/10_train_plm_structure.py:106: ConstantInputWarning: An input array is constant; the correlation coefficient is not defined.
  sc = spearmanr(y[tr][iva], pred).correlation
/workspace_developability_acquisition/gate_b1/scripts/10_train_plm_structure.py:106: ConstantInputWarning: An input array is constant; the correlation coefficient is not defined.
  sc = spearmanr(y[tr][iva], pred).correlation
/workspace_developability_acquisition/gate_b1/scripts/10_train_plm_structure.py:106: ConstantInputWarning: An input array is constant; the correlation coefficient is not defined.
  sc = spearmanr(y[tr][iva], pred).correlation
/workspace_developability_acquisition/gate_b1/scripts/10_train_plm_structure.py:106: ConstantInputWarning: An input array is constant; the correlation coefficient is not defined.
  sc = spearmanr(y[tr][iva], pred).correlation
/workspace_developability_acquisition/gate_b1/scripts/10_train_plm_structure.py:106: ConstantInputWarning: An input array is constant; the correlation coefficient is not defined.
  sc = spearmanr(y[tr][iva], pred).correlation
/workspace_developability_acquisition/gate_b1/scripts/10_train_plm_structure.py:106: ConstantInputWarning: An input array is constant; the correlation coefficient is not defined.
  sc = spearmanr(y[tr][iva], pred).correlation
/workspace_developability_acquisition/gate_b1/scripts/10_train_plm_structure.py:106: ConstantInputWarning: An input array is constant; the correlation coefficient is not defined.
  sc = spearmanr(y[tr][iva], pred).correlation
/workspace_developability_acquisition/gate_b1/scripts/10_train_plm_structure.py:106: ConstantInputWarning: An input array is constant; the correlation coefficient is not defined.
  sc = spearmanr(y[tr][iva], pred).correlation
/workspace_developability_acquisition/gate_b1/scripts/10_train_plm_structure.py:106: ConstantInputWarning: An input array is constant; the correlation coefficient is not defined.
  sc = spearmanr(y[tr][iva], pred).correlation
/workspace_developability_acquisition/gate_b1/scripts/10_train_plm_structure.py:106: ConstantInputWarning: An input array is constant; the correlation coefficient is not defined.
  sc = spearmanr(y[tr][iva], pred).correlation
/workspace_developability_acquisition/gate_b1/scripts/10_train_plm_structure.py:106: ConstantInputWarning: An input array is constant; the correlation coefficient is not defined.
  sc = spearmanr(y[tr][iva], pred).correlation
/workspace_developability_acquisition/gate_b1/scripts/10_train_plm_structure.py:106: ConstantInputWarning: An input array is constant; the correlation coefficient is not defined.
  sc = spearmanr(y[tr][iva], pred).correlation
/workspace_developability_acquisition/gate_b1/scripts/10_train_plm_structure.py:106: ConstantInputWarning: An input array is constant; the correlation coefficient is not defined.
  sc = spearmanr(y[tr][iva], pred).correlation
/workspace_developability_acquisition/gate_b1/scripts/10_train_plm_structure.py:106: ConstantInputWarning: An input array is constant; the correlation coefficient is not defined.
  sc = spearmanr(y[tr][iva], pred).correlation
/workspace_developability_acquisition/gate_b1/scripts/10_train_plm_structure.py:106: ConstantInputWarning: An input array is constant; the correlation coefficient is not defined.
  sc = spearmanr(y[tr][iva], pred).correlation
/workspace_developability_acquisition/gate_b1/scripts/10_train_plm_structure.py:106: ConstantInputWarning: An input array is constant; the correlation coefficient is not defined.
  sc = spearmanr(y[tr][iva], pred).correlation
/workspace_developability_acquisition/gate_b1/scripts/10_train_plm_structure.py:106: ConstantInputWarning: An input array is constant; the correlation coefficient is not defined.
  sc = spearmanr(y[tr][iva], pred).correlation
/workspace_developability_acquisition/gate_b1/scripts/10_train_plm_structure.py:106: ConstantInputWarning: An input array is constant; the correlation coefficient is not defined.
  sc = spearmanr(y[tr][iva], pred).correlation
/workspace_developability_acquisition/gate_b1/scripts/10_train_plm_structure.py:106: ConstantInputWarning: An input array is constant; the correlation coefficient is not defined.
  sc = spearmanr(y[tr][iva], pred).correlation
/workspace_developability_acquisition/gate_b1/scripts/10_train_plm_structure.py:106: ConstantInputWarning: An input array is constant; the correlation coefficient is not defined.
  sc = spearmanr(y[tr][iva], pred).correlation
/workspace_developability_acquisition/gate_b1/scripts/10_train_plm_structure.py:106: ConstantInputWarning: An input array is constant; the correlation coefficient is not defined.
  sc = spearmanr(y[tr][iva], pred).correlation
/workspace_developability_acquisition/gate_b1/scripts/10_train_plm_structure.py:106: ConstantInputWarning: An input array is constant; the correlation coefficient is not defined.
  sc = spearmanr(y[tr][iva], pred).correlation
/workspace_developability_acquisition/gate_b1/scripts/10_train_plm_structure.py:106: ConstantInputWarning: An input array is constant; the correlation coefficient is not defined.
  sc = spearmanr(y[tr][iva], pred).correlation
/workspace_developability_acquisition/gate_b1/scripts/10_train_plm_structure.py:106: ConstantInputWarning: An input array is constant; the correlation coefficient is not defined.
  sc = spearmanr(y[tr][iva], pred).correlation
/workspace_developability_acquisition/gate_b1/scripts/10_train_plm_structure.py:106: ConstantInputWarning: An input array is constant; the correlation coefficient is not defined.
  sc = spearmanr(y[tr][iva], pred).correlation
/workspace_developability_acquisition/gate_b1/scripts/10_train_plm_structure.py:106: ConstantInputWarning: An input array is constant; the correlation coefficient is not defined.
  sc = spearmanr(y[tr][iva], pred).correlation
/workspace_developability_acquisition/gate_b1/scripts/10_train_plm_structure.py:106: ConstantInputWarning: An input array is constant; the correlation coefficient is not defined.
  sc = spearmanr(y[tr][iva], pred).correlation
/workspace_developability_acquisition/gate_b1/scripts/10_train_plm_structure.py:106: ConstantInputWarning: An input array is constant; the correlation coefficient is not defined.
  sc = spearmanr(y[tr][iva], pred).correlation
/workspace_developability_acquisition/gate_b1/scripts/10_train_plm_structure.py:106: ConstantInputWarning: An input array is constant; the correlation coefficient is not defined.
  sc = spearmanr(y[tr][iva], pred).correlation
/workspace_developability_acquisition/gate_b1/scripts/10_train_plm_structure.py:106: ConstantInputWarning: An input array is constant; the correlation coefficient is not defined.
  sc = spearmanr(y[tr][iva], pred).correlation
/workspace_developability_acquisition/gate_b1/scripts/10_train_plm_structure.py:106: ConstantInputWarning: An input array is constant; the correlation coefficient is not defined.
  sc = spearmanr(y[tr][iva], pred).correlation
/workspace_developability_acquisition/gate_b1/scripts/10_train_plm_structure.py:106: ConstantInputWarning: An input array is constant; the correlation coefficient is not defined.
  sc = spearmanr(y[tr][iva], pred).correlation
/workspace_developability_acquisition/gate_b1/scripts/10_train_plm_structure.py:106: ConstantInputWarning: An input array is constant; the correlation coefficient is not defined.
  sc = spearmanr(y[tr][iva], pred).correlation
/workspace_developability_acquisition/gate_b1/scripts/10_train_plm_structure.py:106: ConstantInputWarning: An input array is constant; the correlation coefficient is not defined.
  sc = spearmanr(y[tr][iva], pred).correlation
/workspace_developability_acquisition/gate_b1/scripts/10_train_plm_structure.py:106: ConstantInputWarning: An input array is constant; the correlation coefficient is not defined.
  sc = spearmanr(y[tr][iva], pred).correlation
/workspace_developability_acquisition/gate_b1/scripts/10_train_plm_structure.py:106: ConstantInputWarning: An input array is constant; the correlation coefficient is not defined.
  sc = spearmanr(y[tr][iva], pred).correlation
/workspace_developability_acquisition/gate_b1/scripts/10_train_plm_structure.py:106: ConstantInputWarning: An input array is constant; the correlation coefficient is not defined.
  sc = spearmanr(y[tr][iva], pred).correlation
/workspace_developability_acquisition/gate_b1/scripts/10_train_plm_structure.py:106: ConstantInputWarning: An input array is constant; the correlation coefficient is not defined.
  sc = spearmanr(y[tr][iva], pred).correlation
/workspace_developability_acquisition/gate_b1/scripts/10_train_plm_structure.py:106: ConstantInputWarning: An input array is constant; the correlation coefficient is not defined.
  sc = spearmanr(y[tr][iva], pred).correlation
/workspace_developability_acquisition/gate_b1/scripts/10_train_plm_structure.py:106: ConstantInputWarning: An input array is constant; the correlation coefficient is not defined.
  sc = spearmanr(y[tr][iva], pred).correlation
/workspace_developability_acquisition/gate_b1/scripts/10_train_plm_structure.py:106: ConstantInputWarning: An input array is constant; the correlation coefficient is not defined.
  sc = spearmanr(y[tr][iva], pred).correlation
/workspace_developability_acquisition/gate_b1/scripts/10_train_plm_structure.py:106: ConstantInputWarning: An input array is constant; the correlation coefficient is not defined.
  sc = spearmanr(y[tr][iva], pred).correlation
/workspace_developability_acquisition/gate_b1/scripts/10_train_plm_structure.py:106: ConstantInputWarning: An input array is constant; the correlation coefficient is not defined.
  sc = spearmanr(y[tr][iva], pred).correlation
/workspace_developability_acquisition/gate_b1/scripts/10_train_plm_structure.py:106: ConstantInputWarning: An input array is constant; the correlation coefficient is not defined.
  sc = spearmanr(y[tr][iva], pred).correlation
/workspace_developability_acquisition/gate_b1/scripts/10_train_plm_structure.py:106: ConstantInputWarning: An input array is constant; the correlation coefficient is not defined.
  sc = spearmanr(y[tr][iva], pred).correlation
/workspace_developability_acquisition/gate_b1/scripts/10_train_plm_structure.py:106: ConstantInputWarning: An input array is constant; the correlation coefficient is not defined.
  sc = spearmanr(y[tr][iva], pred).correlation
/workspace_developability_acquisition/gate_b1/scripts/10_train_plm_structure.py:106: ConstantInputWarning: An input array is constant; the correlation coefficient is not defined.
  sc = spearmanr(y[tr][iva], pred).correlation
/workspace_developability_acquisition/gate_b1/scripts/10_train_plm_structure.py:106: ConstantInputWarning: An input array is constant; the correlation coefficient is not defined.
  sc = spearmanr(y[tr][iva], pred).correlation
/workspace_developability_acquisition/gate_b1/scripts/10_train_plm_structure.py:106: ConstantInputWarning: An input array is constant; the correlation coefficient is not defined.
  sc = spearmanr(y[tr][iva], pred).correlation
/workspace_developability_acquisition/gate_b1/scripts/10_train_plm_structure.py:106: ConstantInputWarning: An input array is constant; the correlation coefficient is not defined.
  sc = spearmanr(y[tr][iva], pred).correlation
/workspace_developability_acquisition/gate_b1/scripts/10_train_plm_structure.py:106: ConstantInputWarning: An input array is constant; the correlation coefficient is not defined.
  sc = spearmanr(y[tr][iva], pred).correlation
/workspace_developability_acquisition/gate_b1/scripts/10_train_plm_structure.py:106: ConstantInputWarning: An input array is constant; the correlation coefficient is not defined.
  sc = spearmanr(y[tr][iva], pred).correlation
/workspace_developability_acquisition/gate_b1/scripts/10_train_plm_structure.py:106: ConstantInputWarning: An input array is constant; the correlation coefficient is not defined.
  sc = spearmanr(y[tr][iva], pred).correlation
/workspace_developability_acquisition/gate_b1/scripts/10_train_plm_structure.py:106: ConstantInputWarning: An input array is constant; the correlation coefficient is not defined.
  sc = spearmanr(y[tr][iva], pred).correlation
/workspace_developability_acquisition/gate_b1/scripts/10_train_plm_structure.py:106: ConstantInputWarning: An input array is constant; the correlation coefficient is not defined.
  sc = spearmanr(y[tr][iva], pred).correlation
/workspace_developability_acquisition/gate_b1/scripts/10_train_plm_structure.py:106: ConstantInputWarning: An input array is constant; the correlation coefficient is not defined.
  sc = spearmanr(y[tr][iva], pred).correlation
/workspace_developability_acquisition/gate_b1/scripts/10_train_plm_structure.py:106: ConstantInputWarning: An input array is constant; the correlation coefficient is not defined.
  sc = spearmanr(y[tr][iva], pred).correlation
/workspace_developability_acquisition/gate_b1/scripts/10_train_plm_structure.py:106: ConstantInputWarning: An input array is constant; the correlation coefficient is not defined.
  sc = spearmanr(y[tr][iva], pred).correlation
/workspace_developability_acquisition/gate_b1/scripts/10_train_plm_structure.py:106: ConstantInputWarning: An input array is constant; the correlation coefficient is not defined.
  sc = spearmanr(y[tr][iva], pred).correlation
/workspace_developability_acquisition/gate_b1/scripts/10_train_plm_structure.py:106: ConstantInputWarning: An input array is constant; the correlation coefficient is not defined.
  sc = spearmanr(y[tr][iva], pred).correlation
/workspace_developability_acquisition/gate_b1/scripts/10_train_plm_structure.py:106: ConstantInputWarning: An input array is constant; the correlation coefficient is not defined.
  sc = spearmanr(y[tr][iva], pred).correlation
/workspace_developability_acquisition/gate_b1/scripts/10_train_plm_structure.py:106: ConstantInputWarning: An input array is constant; the correlation coefficient is not defined.
  sc = spearmanr(y[tr][iva], pred).correlation
/workspace_developability_acquisition/gate_b1/scripts/10_train_plm_structure.py:106: ConstantInputWarning: An input array is constant; the correlation coefficient is not defined.
  sc = spearmanr(y[tr][iva], pred).correlation
/workspace_developability_acquisition/gate_b1/scripts/10_train_plm_structure.py:106: ConstantInputWarning: An input array is constant; the correlation coefficient is not defined.
  sc = spearmanr(y[tr][iva], pred).correlation
/workspace_developability_acquisition/gate_b1/scripts/10_train_plm_structure.py:106: ConstantInputWarning: An input array is constant; the correlation coefficient is not defined.
  sc = spearmanr(y[tr][iva], pred).correlation
/workspace_developability_acquisition/gate_b1/scripts/10_train_plm_structure.py:106: ConstantInputWarning: An input array is constant; the correlation coefficient is not defined.
  sc = spearmanr(y[tr][iva], pred).correlation
/workspace_developability_acquisition/gate_b1/scripts/10_train_plm_structure.py:106: ConstantInputWarning: An input array is constant; the correlation coefficient is not defined.
  sc = spearmanr(y[tr][iva], pred).correlation
/workspace_developability_acquisition/gate_b1/scripts/10_train_plm_structure.py:106: ConstantInputWarning: An input array is constant; the correlation coefficient is not defined.
  sc = spearmanr(y[tr][iva], pred).correlation
/workspace_developability_acquisition/gate_b1/scripts/10_train_plm_structure.py:106: ConstantInputWarning: An input array is constant; the correlation coefficient is not defined.
  sc = spearmanr(y[tr][iva], pred).correlation
/workspace_developability_acquisition/gate_b1/scripts/10_train_plm_structure.py:106: ConstantInputWarning: An input array is constant; the correlation coefficient is not defined.
  sc = spearmanr(y[tr][iva], pred).correlation
/workspace_developability_acquisition/gate_b1/scripts/10_train_plm_structure.py:106: ConstantInputWarning: An input array is constant; the correlation coefficient is not defined.
  sc = spearmanr(y[tr][iva], pred).correlation
/workspace_developability_acquisition/gate_b1/scripts/10_train_plm_structure.py:106: ConstantInputWarning: An input array is constant; the correlation coefficient is not defined.
  sc = spearmanr(y[tr][iva], pred).correlation
/workspace_developability_acquisition/gate_b1/scripts/10_train_plm_structure.py:106: ConstantInputWarning: An input array is constant; the correlation coefficient is not defined.
  sc = spearmanr(y[tr][iva], pred).correlation
RUN shadow_3 HIC FUSION_esm2_ABB_SURFACE Ridge
RUN shadow_3 HIC FUSION_esm2_ABB_SURFACE ElasticNet
/workspace_developability_acquisition/gate_b1/scripts/10_train_plm_structure.py:106: ConstantInputWarning: An input array is constant; the correlation coefficient is not defined.
  sc = spearmanr(y[tr][iva], pred).correlation
/workspace_developability_acquisition/gate_b1/scripts/10_train_plm_structure.py:106: ConstantInputWarning: An input array is constant; the correlation coefficient is not defined.
  sc = spearmanr(y[tr][iva], pred).correlation
/workspace_developability_acquisition/gate_b1/scripts/10_train_plm_structure.py:106: ConstantInputWarning: An input array is constant; the correlation coefficient is not defined.
  sc = spearmanr(y[tr][iva], pred).correlation
/workspace_developability_acquisition/gate_b1/scripts/10_train_plm_structure.py:106: ConstantInputWarning: An input array is constant; the correlation coefficient is not defined.
  sc = spearmanr(y[tr][iva], pred).correlation
/workspace_developability_acquisition/gate_b1/scripts/10_train_plm_structure.py:106: ConstantInputWarning: An input array is constant; the correlation coefficient is not defined.
  sc = spearmanr(y[tr][iva], pred).correlation
/workspace_developability_acquisition/gate_b1/scripts/10_train_plm_structure.py:106: ConstantInputWarning: An input array is constant; the correlation coefficient is not defined.
  sc = spearmanr(y[tr][iva], pred).correlation
/workspace_developability_acquisition/gate_b1/scripts/10_train_plm_structure.py:106: ConstantInputWarning: An input array is constant; the correlation coefficient is not defined.
  sc = spearmanr(y[tr][iva], pred).correlation
/workspace_developability_acquisition/gate_b1/scripts/10_train_plm_structure.py:106: ConstantInputWarning: An input array is constant; the correlation coefficient is not defined.
  sc = spearmanr(y[tr][iva], pred).correlation
/workspace_developability_acquisition/gate_b1/scripts/10_train_plm_structure.py:106: ConstantInputWarning: An input array is constant; the correlation coefficient is not defined.
  sc = spearmanr(y[tr][iva], pred).correlation
/workspace_developability_acquisition/gate_b1/scripts/10_train_plm_structure.py:106: ConstantInputWarning: An input array is constant; the correlation coefficient is not defined.
  sc = spearmanr(y[tr][iva], pred).correlation
/workspace_developability_acquisition/gate_b1/scripts/10_train_plm_structure.py:106: ConstantInputWarning: An input array is constant; the correlation coefficient is not defined.
  sc = spearmanr(y[tr][iva], pred).correlation
/workspace_developability_acquisition/gate_b1/scripts/10_train_plm_structure.py:106: ConstantInputWarning: An input array is constant; the correlation coefficient is not defined.
  sc = spearmanr(y[tr][iva], pred).correlation
/workspace_developability_acquisition/gate_b1/scripts/10_train_plm_structure.py:106: ConstantInputWarning: An input array is constant; the correlation coefficient is not defined.
  sc = spearmanr(y[tr][iva], pred).correlation
/workspace_developability_acquisition/gate_b1/scripts/10_train_plm_structure.py:106: ConstantInputWarning: An input array is constant; the correlation coefficient is not defined.
  sc = spearmanr(y[tr][iva], pred).correlation
/workspace_developability_acquisition/gate_b1/scripts/10_train_plm_structure.py:106: ConstantInputWarning: An input array is constant; the correlation coefficient is not defined.
  sc = spearmanr(y[tr][iva], pred).correlation
/workspace_developability_acquisition/gate_b1/scripts/10_train_plm_structure.py:106: ConstantInputWarning: An input array is constant; the correlation coefficient is not defined.
  sc = spearmanr(y[tr][iva], pred).correlation
/workspace_developability_acquisition/gate_b1/scripts/10_train_plm_structure.py:106: ConstantInputWarning: An input array is constant; the correlation coefficient is not defined.
  sc = spearmanr(y[tr][iva], pred).correlation
/workspace_developability_acquisition/gate_b1/scripts/10_train_plm_structure.py:106: ConstantInputWarning: An input array is constant; the correlation coefficient is not defined.
  sc = spearmanr(y[tr][iva], pred).correlation
/workspace_developability_acquisition/gate_b1/scripts/10_train_plm_structure.py:106: ConstantInputWarning: An input array is constant; the correlation coefficient is not defined.
  sc = spearmanr(y[tr][iva], pred).correlation
/workspace_developability_acquisition/gate_b1/scripts/10_train_plm_structure.py:106: ConstantInputWarning: An input array is constant; the correlation coefficient is not defined.
  sc = spearmanr(y[tr][iva], pred).correlation
/workspace_developability_acquisition/gate_b1/scripts/10_train_plm_structure.py:106: ConstantInputWarning: An input array is constant; the correlation coefficient is not defined.
  sc = spearmanr(y[tr][iva], pred).correlation
/workspace_developability_acquisition/gate_b1/scripts/10_train_plm_structure.py:106: ConstantInputWarning: An input array is constant; the correlation coefficient is not defined.
  sc = spearmanr(y[tr][iva], pred).correlation
/workspace_developability_acquisition/gate_b1/scripts/10_train_plm_structure.py:106: ConstantInputWarning: An input array is constant; the correlation coefficient is not defined.
  sc = spearmanr(y[tr][iva], pred).correlation
/workspace_developability_acquisition/gate_b1/scripts/10_train_plm_structure.py:106: ConstantInputWarning: An input array is constant; the correlation coefficient is not defined.
  sc = spearmanr(y[tr][iva], pred).correlation
/workspace_developability_acquisition/gate_b1/scripts/10_train_plm_structure.py:106: ConstantInputWarning: An input array is constant; the correlation coefficient is not defined.
  sc = spearmanr(y[tr][iva], pred).correlation
/workspace_developability_acquisition/gate_b1/scripts/10_train_plm_structure.py:106: ConstantInputWarning: An input array is constant; the correlation coefficient is not defined.
  sc = spearmanr(y[tr][iva], pred).correlation
/workspace_developability_acquisition/gate_b1/scripts/10_train_plm_structure.py:106: ConstantInputWarning: An input array is constant; the correlation coefficient is not defined.
  sc = spearmanr(y[tr][iva], pred).correlation
/workspace_developability_acquisition/gate_b1/scripts/10_train_plm_structure.py:106: ConstantInputWarning: An input array is constant; the correlation coefficient is not defined.
  sc = spearmanr(y[tr][iva], pred).correlation
/workspace_developability_acquisition/gate_b1/scripts/10_train_plm_structure.py:106: ConstantInputWarning: An input array is constant; the correlation coefficient is not defined.
  sc = spearmanr(y[tr][iva], pred).correlation
/workspace_developability_acquisition/gate_b1/scripts/10_train_plm_structure.py:106: ConstantInputWarning: An input array is constant; the correlation coefficient is not defined.
  sc = spearmanr(y[tr][iva], pred).correlation
RUN shadow_3 HIC FUSION_A2_ABB_SURFACE Ridge
RUN shadow_3 HIC FUSION_A2_ABB_SURFACE ElasticNet
/workspace_developability_acquisition/gate_b1/scripts/10_train_plm_structure.py:106: ConstantInputWarning: An input array is constant; the correlation coefficient is not defined.
  sc = spearmanr(y[tr][iva], pred).correlation
/workspace_developability_acquisition/gate_b1/scripts/10_train_plm_structure.py:106: ConstantInputWarning: An input array is constant; the correlation coefficient is not defined.
  sc = spearmanr(y[tr][iva], pred).correlation
/workspace_developability_acquisition/gate_b1/scripts/10_train_plm_structure.py:106: ConstantInputWarning: An input array is constant; the correlation coefficient is not defined.
  sc = spearmanr(y[tr][iva], pred).correlation
/workspace_developability_acquisition/gate_b1/scripts/10_train_plm_structure.py:106: ConstantInputWarning: An input array is constant; the correlation coefficient is not defined.
  sc = spearmanr(y[tr][iva], pred).correlation
/workspace_developability_acquisition/gate_b1/scripts/10_train_plm_structure.py:106: ConstantInputWarning: An input array is constant; the correlation coefficient is not defined.
  sc = spearmanr(y[tr][iva], pred).correlation
/workspace_developability_acquisition/gate_b1/scripts/10_train_plm_structure.py:106: ConstantInputWarning: An input array is constant; the correlation coefficient is not defined.
  sc = spearmanr(y[tr][iva], pred).correlation
/workspace_developability_acquisition/gate_b1/scripts/10_train_plm_structure.py:106: ConstantInputWarning: An input array is constant; the correlation coefficient is not defined.
  sc = spearmanr(y[tr][iva], pred).correlation
/workspace_developability_acquisition/gate_b1/scripts/10_train_plm_structure.py:106: ConstantInputWarning: An input array is constant; the correlation coefficient is not defined.
  sc = spearmanr(y[tr][iva], pred).correlation
/workspace_developability_acquisition/gate_b1/scripts/10_train_plm_structure.py:106: ConstantInputWarning: An input array is constant; the correlation coefficient is not defined.
  sc = spearmanr(y[tr][iva], pred).correlation
/workspace_developability_acquisition/gate_b1/scripts/10_train_plm_structure.py:106: ConstantInputWarning: An input array is constant; the correlation coefficient is not defined.
  sc = spearmanr(y[tr][iva], pred).correlation
/workspace_developability_acquisition/gate_b1/scripts/10_train_plm_structure.py:106: ConstantInputWarning: An input array is constant; the correlation coefficient is not defined.
  sc = spearmanr(y[tr][iva], pred).correlation
/workspace_developability_acquisition/gate_b1/scripts/10_train_plm_structure.py:106: ConstantInputWarning: An input array is constant; the correlation coefficient is not defined.
  sc = spearmanr(y[tr][iva], pred).correlation
/workspace_developability_acquisition/gate_b1/scripts/10_train_plm_structure.py:106: ConstantInputWarning: An input array is constant; the correlation coefficient is not defined.
  sc = spearmanr(y[tr][iva], pred).correlation
/workspace_developability_acquisition/gate_b1/scripts/10_train_plm_structure.py:106: ConstantInputWarning: An input array is constant; the correlation coefficient is not defined.
  sc = spearmanr(y[tr][iva], pred).correlation
/workspace_developability_acquisition/gate_b1/scripts/10_train_plm_structure.py:106: ConstantInputWarning: An input array is constant; the correlation coefficient is not defined.
  sc = spearmanr(y[tr][iva], pred).correlation
/workspace_developability_acquisition/gate_b1/scripts/10_train_plm_structure.py:106: ConstantInputWarning: An input array is constant; the correlation coefficient is not defined.
  sc = spearmanr(y[tr][iva], pred).correlation
/workspace_developability_acquisition/gate_b1/scripts/10_train_plm_structure.py:106: ConstantInputWarning: An input array is constant; the correlation coefficient is not defined.
  sc = spearmanr(y[tr][iva], pred).correlation
/workspace_developability_acquisition/gate_b1/scripts/10_train_plm_structure.py:106: ConstantInputWarning: An input array is constant; the correlation coefficient is not defined.
  sc = spearmanr(y[tr][iva], pred).correlation
/workspace_developability_acquisition/gate_b1/scripts/10_train_plm_structure.py:106: ConstantInputWarning: An input array is constant; the correlation coefficient is not defined.
  sc = spearmanr(y[tr][iva], pred).correlation
/workspace_developability_acquisition/gate_b1/scripts/10_train_plm_structure.py:106: ConstantInputWarning: An input array is constant; the correlation coefficient is not defined.
  sc = spearmanr(y[tr][iva], pred).correlation
/workspace_developability_acquisition/gate_b1/scripts/10_train_plm_structure.py:106: ConstantInputWarning: An input array is constant; the correlation coefficient is not defined.
  sc = spearmanr(y[tr][iva], pred).correlation
/workspace_developability_acquisition/gate_b1/scripts/10_train_plm_structure.py:106: ConstantInputWarning: An input array is constant; the correlation coefficient is not defined.
  sc = spearmanr(y[tr][iva], pred).correlation
/workspace_developability_acquisition/gate_b1/scripts/10_train_plm_structure.py:106: ConstantInputWarning: An input array is constant; the correlation coefficient is not defined.
  sc = spearmanr(y[tr][iva], pred).correlation
/workspace_developability_acquisition/gate_b1/scripts/10_train_plm_structure.py:106: ConstantInputWarning: An input array is constant; the correlation coefficient is not defined.
  sc = spearmanr(y[tr][iva], pred).correlation
/workspace_developability_acquisition/gate_b1/scripts/10_train_plm_structure.py:106: ConstantInputWarning: An input array is constant; the correlation coefficient is not defined.
  sc = spearmanr(y[tr][iva], pred).correlation
/workspace_developability_acquisition/gate_b1/scripts/10_train_plm_structure.py:106: ConstantInputWarning: An input array is constant; the correlation coefficient is not defined.
  sc = spearmanr(y[tr][iva], pred).correlation
/workspace_developability_acquisition/gate_b1/scripts/10_train_plm_structure.py:106: ConstantInputWarning: An input array is constant; the correlation coefficient is not defined.
  sc = spearmanr(y[tr][iva], pred).correlation
/workspace_developability_acquisition/gate_b1/scripts/10_train_plm_structure.py:106: ConstantInputWarning: An input array is constant; the correlation coefficient is not defined.
  sc = spearmanr(y[tr][iva], pred).correlation
/workspace_developability_acquisition/gate_b1/scripts/10_train_plm_structure.py:106: ConstantInputWarning: An input array is constant; the correlation coefficient is not defined.
  sc = spearmanr(y[tr][iva], pred).correlation
/workspace_developability_acquisition/gate_b1/scripts/10_train_plm_structure.py:106: ConstantInputWarning: An input array is constant; the correlation coefficient is not defined.
  sc = spearmanr(y[tr][iva], pred).correlation
RUN shadow_3 TmApp FUSION_esm2_ABB_SURFACE Ridge
RUN shadow_3 TmApp FUSION_esm2_ABB_SURFACE ElasticNet
RUN shadow_3 TmApp FUSION_A2_ABB_SURFACE Ridge
RUN shadow_3 TmApp FUSION_A2_ABB_SURFACE ElasticNet
FUSION_OK 57
FULL PSR A2_physchem
/workspace_developability_acquisition/gate_b1/scripts/05_train_ABC.py:181: ConstantInputWarning: An input array is constant; the correlation coefficient is not defined.
  sc = spearmanr(ytr[iva], pred).correlation
/workspace_developability_acquisition/gate_b1/scripts/05_train_ABC.py:181: ConstantInputWarning: An input array is constant; the correlation coefficient is not defined.
  sc = spearmanr(ytr[iva], pred).correlation
/workspace_developability_acquisition/gate_b1/scripts/05_train_ABC.py:181: ConstantInputWarning: An input array is constant; the correlation coefficient is not defined.
  sc = spearmanr(ytr[iva], pred).correlation
/workspace_developability_acquisition/gate_b1/scripts/05_train_ABC.py:181: ConstantInputWarning: An input array is constant; the correlation coefficient is not defined.
  sc = spearmanr(ytr[iva], pred).correlation
/workspace_developability_acquisition/gate_b1/scripts/05_train_ABC.py:181: ConstantInputWarning: An input array is constant; the correlation coefficient is not defined.
  sc = spearmanr(ytr[iva], pred).correlation
/workspace_developability_acquisition/gate_b1/scripts/05_train_ABC.py:181: ConstantInputWarning: An input array is constant; the correlation coefficient is not defined.
  sc = spearmanr(ytr[iva], pred).correlation
/workspace_developability_acquisition/gate_b1/scripts/05_train_ABC.py:181: ConstantInputWarning: An input array is constant; the correlation coefficient is not defined.
  sc = spearmanr(ytr[iva], pred).correlation
/workspace_developability_acquisition/gate_b1/scripts/05_train_ABC.py:181: ConstantInputWarning: An input array is constant; the correlation coefficient is not defined.
  sc = spearmanr(ytr[iva], pred).correlation
/workspace_developability_acquisition/gate_b1/scripts/05_train_ABC.py:181: ConstantInputWarning: An input array is constant; the correlation coefficient is not defined.
  sc = spearmanr(ytr[iva], pred).correlation
/workspace_developability_acquisition/gate_b1/scripts/05_train_ABC.py:181: ConstantInputWarning: An input array is constant; the correlation coefficient is not defined.
  sc = spearmanr(ytr[iva], pred).correlation
/workspace_developability_acquisition/gate_b1/scripts/05_train_ABC.py:181: ConstantInputWarning: An input array is constant; the correlation coefficient is not defined.
  sc = spearmanr(ytr[iva], pred).correlation
/workspace_developability_acquisition/gate_b1/scripts/05_train_ABC.py:181: ConstantInputWarning: An input array is constant; the correlation coefficient is not defined.
  sc = spearmanr(ytr[iva], pred).correlation
/workspace_developability_acquisition/gate_b1/scripts/05_train_ABC.py:181: ConstantInputWarning: An input array is constant; the correlation coefficient is not defined.
  sc = spearmanr(ytr[iva], pred).correlation
/workspace_developability_acquisition/gate_b1/scripts/05_train_ABC.py:181: ConstantInputWarning: An input array is constant; the correlation coefficient is not defined.
  sc = spearmanr(ytr[iva], pred).correlation
/workspace_developability_acquisition/gate_b1/scripts/05_train_ABC.py:181: ConstantInputWarning: An input array is constant; the correlation coefficient is not defined.
  sc = spearmanr(ytr[iva], pred).correlation
/workspace_developability_acquisition/gate_b1/scripts/05_train_ABC.py:181: ConstantInputWarning: An input array is constant; the correlation coefficient is not defined.
  sc = spearmanr(ytr[iva], pred).correlation
/workspace_developability_acquisition/gate_b1/scripts/05_train_ABC.py:181: ConstantInputWarning: An input array is constant; the correlation coefficient is not defined.
  sc = spearmanr(ytr[iva], pred).correlation
/workspace_developability_acquisition/gate_b1/scripts/05_train_ABC.py:181: ConstantInputWarning: An input array is constant; the correlation coefficient is not defined.
  sc = spearmanr(ytr[iva], pred).correlation
/workspace_developability_acquisition/gate_b1/scripts/05_train_ABC.py:181: ConstantInputWarning: An input array is constant; the correlation coefficient is not defined.
  sc = spearmanr(ytr[iva], pred).correlation
/workspace_developability_acquisition/gate_b1/scripts/05_train_ABC.py:181: ConstantInputWarning: An input array is constant; the correlation coefficient is not defined.
  sc = spearmanr(ytr[iva], pred).correlation
/workspace_developability_acquisition/gate_b1/scripts/05_train_ABC.py:181: ConstantInputWarning: An input array is constant; the correlation coefficient is not defined.
  sc = spearmanr(ytr[iva], pred).correlation
/workspace_developability_acquisition/gate_b1/scripts/05_train_ABC.py:181: ConstantInputWarning: An input array is constant; the correlation coefficient is not defined.
  sc = spearmanr(ytr[iva], pred).correlation
/workspace_developability_acquisition/gate_b1/scripts/05_train_ABC.py:181: ConstantInputWarning: An input array is constant; the correlation coefficient is not defined.
  sc = spearmanr(ytr[iva], pred).correlation
/workspace_developability_acquisition/gate_b1/scripts/05_train_ABC.py:181: ConstantInputWarning: An input array is constant; the correlation coefficient is not defined.
  sc = spearmanr(ytr[iva], pred).correlation
/workspace_developability_acquisition/gate_b1/scripts/05_train_ABC.py:181: ConstantInputWarning: An input array is constant; the correlation coefficient is not defined.
  sc = spearmanr(ytr[iva], pred).correlation
/workspace_developability_acquisition/gate_b1/scripts/05_train_ABC.py:181: ConstantInputWarning: An input array is constant; the correlation coefficient is not defined.
  sc = spearmanr(ytr[iva], pred).correlation
/workspace_developability_acquisition/gate_b1/scripts/05_train_ABC.py:181: ConstantInputWarning: An input array is constant; the correlation coefficient is not defined.
  sc = spearmanr(ytr[iva], pred).correlation
/workspace_developability_acquisition/gate_b1/scripts/05_train_ABC.py:181: ConstantInputWarning: An input array is constant; the correlation coefficient is not defined.
  sc = spearmanr(ytr[iva], pred).correlation
/workspace_developability_acquisition/gate_b1/scripts/05_train_ABC.py:181: ConstantInputWarning: An input array is constant; the correlation coefficient is not defined.
  sc = spearmanr(ytr[iva], pred).correlation
/workspace_developability_acquisition/gate_b1/scripts/05_train_ABC.py:181: ConstantInputWarning: An input array is constant; the correlation coefficient is not defined.
  sc = spearmanr(ytr[iva], pred).correlation
/workspace_developability_acquisition/gate_b1/scripts/05_train_ABC.py:181: ConstantInputWarning: An input array is constant; the correlation coefficient is not defined.
  sc = spearmanr(ytr[iva], pred).correlation
/workspace_developability_acquisition/gate_b1/scripts/05_train_ABC.py:181: ConstantInputWarning: An input array is constant; the correlation coefficient is not defined.
  sc = spearmanr(ytr[iva], pred).correlation
/workspace_developability_acquisition/gate_b1/scripts/05_train_ABC.py:181: ConstantInputWarning: An input array is constant; the correlation coefficient is not defined.
  sc = spearmanr(ytr[iva], pred).correlation
/workspace_developability_acquisition/gate_b1/scripts/05_train_ABC.py:181: ConstantInputWarning: An input array is constant; the correlation coefficient is not defined.
  sc = spearmanr(ytr[iva], pred).correlation
/workspace_developability_acquisition/gate_b1/scripts/05_train_ABC.py:181: ConstantInputWarning: An input array is constant; the correlation coefficient is not defined.
  sc = spearmanr(ytr[iva], pred).correlation
/workspace_developability_acquisition/gate_b1/scripts/05_train_ABC.py:181: ConstantInputWarning: An input array is constant; the correlation coefficient is not defined.
  sc = spearmanr(ytr[iva], pred).correlation
/workspace_developability_acquisition/gate_b1/scripts/05_train_ABC.py:181: ConstantInputWarning: An input array is constant; the correlation coefficient is not defined.
  sc = spearmanr(ytr[iva], pred).correlation
/workspace_developability_acquisition/gate_b1/scripts/05_train_ABC.py:181: ConstantInputWarning: An input array is constant; the correlation coefficient is not defined.
  sc = spearmanr(ytr[iva], pred).correlation
/workspace_developability_acquisition/gate_b1/scripts/05_train_ABC.py:181: ConstantInputWarning: An input array is constant; the correlation coefficient is not defined.
  sc = spearmanr(ytr[iva], pred).correlation
/workspace_developability_acquisition/gate_b1/scripts/05_train_ABC.py:181: ConstantInputWarning: An input array is constant; the correlation coefficient is not defined.
  sc = spearmanr(ytr[iva], pred).correlation
/workspace_developability_acquisition/gate_b1/scripts/05_train_ABC.py:181: ConstantInputWarning: An input array is constant; the correlation coefficient is not defined.
  sc = spearmanr(ytr[iva], pred).correlation
/workspace_developability_acquisition/gate_b1/scripts/05_train_ABC.py:181: ConstantInputWarning: An input array is constant; the correlation coefficient is not defined.
  sc = spearmanr(ytr[iva], pred).correlation
/workspace_developability_acquisition/gate_b1/scripts/05_train_ABC.py:181: ConstantInputWarning: An input array is constant; the correlation coefficient is not defined.
  sc = spearmanr(ytr[iva], pred).correlation
/workspace_developability_acquisition/gate_b1/scripts/05_train_ABC.py:181: ConstantInputWarning: An input array is constant; the correlation coefficient is not defined.
  sc = spearmanr(ytr[iva], pred).correlation
/workspace_developability_acquisition/gate_b1/scripts/05_train_ABC.py:181: ConstantInputWarning: An input array is constant; the correlation coefficient is not defined.
  sc = spearmanr(ytr[iva], pred).correlation
/workspace_developability_acquisition/gate_b1/scripts/05_train_ABC.py:181: ConstantInputWarning: An input array is constant; the correlation coefficient is not defined.
  sc = spearmanr(ytr[iva], pred).correlation
/workspace_developability_acquisition/gate_b1/scripts/05_train_ABC.py:181: ConstantInputWarning: An input array is constant; the correlation coefficient is not defined.
  sc = spearmanr(ytr[iva], pred).correlation
/workspace_developability_acquisition/gate_b1/scripts/05_train_ABC.py:181: ConstantInputWarning: An input array is constant; the correlation coefficient is not defined.
  sc = spearmanr(ytr[iva], pred).correlation
/workspace_developability_acquisition/gate_b1/scripts/05_train_ABC.py:181: ConstantInputWarning: An input array is constant; the correlation coefficient is not defined.
  sc = spearmanr(ytr[iva], pred).correlation
/workspace_developability_acquisition/gate_b1/scripts/05_train_ABC.py:181: ConstantInputWarning: An input array is constant; the correlation coefficient is not defined.
  sc = spearmanr(ytr[iva], pred).correlation
/workspace_developability_acquisition/gate_b1/scripts/05_train_ABC.py:181: ConstantInputWarning: An input array is constant; the correlation coefficient is not defined.
  sc = spearmanr(ytr[iva], pred).correlation
/workspace_developability_acquisition/gate_b1/scripts/05_train_ABC.py:181: ConstantInputWarning: An input array is constant; the correlation coefficient is not defined.
  sc = spearmanr(ytr[iva], pred).correlation
/workspace_developability_acquisition/gate_b1/scripts/05_train_ABC.py:181: ConstantInputWarning: An input array is constant; the correlation coefficient is not defined.
  sc = spearmanr(ytr[iva], pred).correlation
/workspace_developability_acquisition/gate_b1/scripts/05_train_ABC.py:181: ConstantInputWarning: An input array is constant; the correlation coefficient is not defined.
  sc = spearmanr(ytr[iva], pred).correlation
/workspace_developability_acquisition/gate_b1/scripts/05_train_ABC.py:181: ConstantInputWarning: An input array is constant; the correlation coefficient is not defined.
  sc = spearmanr(ytr[iva], pred).correlation
/workspace_developability_acquisition/gate_b1/scripts/05_train_ABC.py:181: ConstantInputWarning: An input array is constant; the correlation coefficient is not defined.
  sc = spearmanr(ytr[iva], pred).correlation
/workspace_developability_acquisition/gate_b1/scripts/05_train_ABC.py:181: ConstantInputWarning: An input array is constant; the correlation coefficient is not defined.
  sc = spearmanr(ytr[iva], pred).correlation
/workspace_developability_acquisition/gate_b1/scripts/05_train_ABC.py:181: ConstantInputWarning: An input array is constant; the correlation coefficient is not defined.
  sc = spearmanr(ytr[iva], pred).correlation
/workspace_developability_acquisition/gate_b1/scripts/05_train_ABC.py:181: ConstantInputWarning: An input array is constant; the correlation coefficient is not defined.
  sc = spearmanr(ytr[iva], pred).correlation
/workspace_developability_acquisition/gate_b1/scripts/05_train_ABC.py:181: ConstantInputWarning: An input array is constant; the correlation coefficient is not defined.
  sc = spearmanr(ytr[iva], pred).correlation
/workspace_developability_acquisition/gate_b1/scripts/05_train_ABC.py:181: ConstantInputWarning: An input array is constant; the correlation coefficient is not defined.
  sc = spearmanr(ytr[iva], pred).correlation
/workspace_developability_acquisition/gate_b1/scripts/05_train_ABC.py:181: ConstantInputWarning: An input array is constant; the correlation coefficient is not defined.
  sc = spearmanr(ytr[iva], pred).correlation
/workspace_developability_acquisition/gate_b1/scripts/05_train_ABC.py:181: ConstantInputWarning: An input array is constant; the correlation coefficient is not defined.
  sc = spearmanr(ytr[iva], pred).correlation
/workspace_developability_acquisition/gate_b1/scripts/05_train_ABC.py:181: ConstantInputWarning: An input array is constant; the correlation coefficient is not defined.
  sc = spearmanr(ytr[iva], pred).correlation
/workspace_developability_acquisition/gate_b1/scripts/05_train_ABC.py:181: ConstantInputWarning: An input array is constant; the correlation coefficient is not defined.
  sc = spearmanr(ytr[iva], pred).correlation
/workspace_developability_acquisition/gate_b1/scripts/05_train_ABC.py:181: ConstantInputWarning: An input array is constant; the correlation coefficient is not defined.
  sc = spearmanr(ytr[iva], pred).correlation
/workspace_developability_acquisition/gate_b1/scripts/05_train_ABC.py:181: ConstantInputWarning: An input array is constant; the correlation coefficient is not defined.
  sc = spearmanr(ytr[iva], pred).correlation
/workspace_developability_acquisition/gate_b1/scripts/05_train_ABC.py:181: ConstantInputWarning: An input array is constant; the correlation coefficient is not defined.
  sc = spearmanr(ytr[iva], pred).correlation
/workspace_developability_acquisition/gate_b1/scripts/05_train_ABC.py:181: ConstantInputWarning: An input array is constant; the correlation coefficient is not defined.
  sc = spearmanr(ytr[iva], pred).correlation
/workspace_developability_acquisition/gate_b1/scripts/05_train_ABC.py:181: ConstantInputWarning: An input array is constant; the correlation coefficient is not defined.
  sc = spearmanr(ytr[iva], pred).correlation
/workspace_developability_acquisition/gate_b1/scripts/05_train_ABC.py:181: ConstantInputWarning: An input array is constant; the correlation coefficient is not defined.
  sc = spearmanr(ytr[iva], pred).correlation
/workspace_developability_acquisition/gate_b1/scripts/05_train_ABC.py:181: ConstantInputWarning: An input array is constant; the correlation coefficient is not defined.
  sc = spearmanr(ytr[iva], pred).correlation
/workspace_developability_acquisition/gate_b1/scripts/05_train_ABC.py:181: ConstantInputWarning: An input array is constant; the correlation coefficient is not defined.
  sc = spearmanr(ytr[iva], pred).correlation
/workspace_developability_acquisition/gate_b1/scripts/05_train_ABC.py:181: ConstantInputWarning: An input array is constant; the correlation coefficient is not defined.
  sc = spearmanr(ytr[iva], pred).correlation
/workspace_developability_acquisition/gate_b1/scripts/05_train_ABC.py:181: ConstantInputWarning: An input array is constant; the correlation coefficient is not defined.
  sc = spearmanr(ytr[iva], pred).correlation
/workspace_developability_acquisition/gate_b1/scripts/05_train_ABC.py:181: ConstantInputWarning: An input array is constant; the correlation coefficient is not defined.
  sc = spearmanr(ytr[iva], pred).correlation
/workspace_developability_acquisition/gate_b1/scripts/05_train_ABC.py:181: ConstantInputWarning: An input array is constant; the correlation coefficient is not defined.
  sc = spearmanr(ytr[iva], pred).correlation
/workspace_developability_acquisition/gate_b1/scripts/05_train_ABC.py:181: ConstantInputWarning: An input array is constant; the correlation coefficient is not defined.
  sc = spearmanr(ytr[iva], pred).correlation
/workspace_developability_acquisition/gate_b1/scripts/05_train_ABC.py:181: ConstantInputWarning: An input array is constant; the correlation coefficient is not defined.
  sc = spearmanr(ytr[iva], pred).correlation
/workspace_developability_acquisition/gate_b1/scripts/05_train_ABC.py:181: ConstantInputWarning: An input array is constant; the correlation coefficient is not defined.
  sc = spearmanr(ytr[iva], pred).correlation
/workspace_developability_acquisition/gate_b1/scripts/05_train_ABC.py:181: ConstantInputWarning: An input array is constant; the correlation coefficient is not defined.
  sc = spearmanr(ytr[iva], pred).correlation
/workspace_developability_acquisition/gate_b1/scripts/05_train_ABC.py:181: ConstantInputWarning: An input array is constant; the correlation coefficient is not defined.
  sc = spearmanr(ytr[iva], pred).correlation
/workspace_developability_acquisition/gate_b1/scripts/05_train_ABC.py:181: ConstantInputWarning: An input array is constant; the correlation coefficient is not defined.
  sc = spearmanr(ytr[iva], pred).correlation
/workspace_developability_acquisition/gate_b1/scripts/05_train_ABC.py:181: ConstantInputWarning: An input array is constant; the correlation coefficient is not defined.
  sc = spearmanr(ytr[iva], pred).correlation
/workspace_developability_acquisition/gate_b1/scripts/05_train_ABC.py:181: ConstantInputWarning: An input array is constant; the correlation coefficient is not defined.
  sc = spearmanr(ytr[iva], pred).correlation
/workspace_developability_acquisition/gate_b1/scripts/05_train_ABC.py:181: ConstantInputWarning: An input array is constant; the correlation coefficient is not defined.
  sc = spearmanr(ytr[iva], pred).correlation
/workspace_developability_acquisition/gate_b1/scripts/05_train_ABC.py:181: ConstantInputWarning: An input array is constant; the correlation coefficient is not defined.
  sc = spearmanr(ytr[iva], pred).correlation
/workspace_developability_acquisition/gate_b1/scripts/05_train_ABC.py:181: ConstantInputWarning: An input array is constant; the correlation coefficient is not defined.
  sc = spearmanr(ytr[iva], pred).correlation
/workspace_developability_acquisition/gate_b1/scripts/05_train_ABC.py:181: ConstantInputWarning: An input array is constant; the correlation coefficient is not defined.
  sc = spearmanr(ytr[iva], pred).correlation
/workspace_developability_acquisition/gate_b1/scripts/05_train_ABC.py:181: ConstantInputWarning: An input array is constant; the correlation coefficient is not defined.
  sc = spearmanr(ytr[iva], pred).correlation
/workspace_developability_acquisition/gate_b1/scripts/05_train_ABC.py:181: ConstantInputWarning: An input array is constant; the correlation coefficient is not defined.
  sc = spearmanr(ytr[iva], pred).correlation
/workspace_developability_acquisition/gate_b1/scripts/05_train_ABC.py:181: ConstantInputWarning: An input array is constant; the correlation coefficient is not defined.
  sc = spearmanr(ytr[iva], pred).correlation
/workspace_developability_acquisition/gate_b1/scripts/05_train_ABC.py:181: ConstantInputWarning: An input array is constant; the correlation coefficient is not defined.
  sc = spearmanr(ytr[iva], pred).correlation
/workspace_developability_acquisition/gate_b1/scripts/05_train_ABC.py:181: ConstantInputWarning: An input array is constant; the correlation coefficient is not defined.
  sc = spearmanr(ytr[iva], pred).correlation
/workspace_developability_acquisition/gate_b1/scripts/05_train_ABC.py:181: ConstantInputWarning: An input array is constant; the correlation coefficient is not defined.
  sc = spearmanr(ytr[iva], pred).correlation
/workspace_developability_acquisition/gate_b1/scripts/05_train_ABC.py:181: ConstantInputWarning: An input array is constant; the correlation coefficient is not defined.
  sc = spearmanr(ytr[iva], pred).correlation
/workspace_developability_acquisition/gate_b1/scripts/05_train_ABC.py:181: ConstantInputWarning: An input array is constant; the correlation coefficient is not defined.
  sc = spearmanr(ytr[iva], pred).correlation
/workspace_developability_acquisition/gate_b1/scripts/05_train_ABC.py:181: ConstantInputWarning: An input array is constant; the correlation coefficient is not defined.
  sc = spearmanr(ytr[iva], pred).correlation
/workspace_developability_acquisition/gate_b1/scripts/05_train_ABC.py:181: ConstantInputWarning: An input array is constant; the correlation coefficient is not defined.
  sc = spearmanr(ytr[iva], pred).correlation
/workspace_developability_acquisition/gate_b1/scripts/05_train_ABC.py:181: ConstantInputWarning: An input array is constant; the correlation coefficient is not defined.
  sc = spearmanr(ytr[iva], pred).correlation
/workspace_developability_acquisition/gate_b1/scripts/05_train_ABC.py:181: ConstantInputWarning: An input array is constant; the correlation coefficient is not defined.
  sc = spearmanr(ytr[iva], pred).correlation
/workspace_developability_acquisition/gate_b1/scripts/05_train_ABC.py:181: ConstantInputWarning: An input array is constant; the correlation coefficient is not defined.
  sc = spearmanr(ytr[iva], pred).correlation
/workspace_developability_acquisition/gate_b1/scripts/05_train_ABC.py:181: ConstantInputWarning: An input array is constant; the correlation coefficient is not defined.
  sc = spearmanr(ytr[iva], pred).correlation
/workspace_developability_acquisition/gate_b1/scripts/05_train_ABC.py:181: ConstantInputWarning: An input array is constant; the correlation coefficient is not defined.
  sc = spearmanr(ytr[iva], pred).correlation
/workspace_developability_acquisition/gate_b1/scripts/05_train_ABC.py:181: ConstantInputWarning: An input array is constant; the correlation coefficient is not defined.
  sc = spearmanr(ytr[iva], pred).correlation
/workspace_developability_acquisition/gate_b1/scripts/05_train_ABC.py:181: ConstantInputWarning: An input array is constant; the correlation coefficient is not defined.
  sc = spearmanr(ytr[iva], pred).correlation
FULL PSR B_cdr_descriptors
/workspace_developability_acquisition/gate_b1/scripts/05_train_ABC.py:181: ConstantInputWarning: An input array is constant; the correlation coefficient is not defined.
  sc = spearmanr(ytr[iva], pred).correlation
/workspace_developability_acquisition/gate_b1/scripts/05_train_ABC.py:181: ConstantInputWarning: An input array is constant; the correlation coefficient is not defined.
  sc = spearmanr(ytr[iva], pred).correlation
/workspace_developability_acquisition/gate_b1/scripts/05_train_ABC.py:181: ConstantInputWarning: An input array is constant; the correlation coefficient is not defined.
  sc = spearmanr(ytr[iva], pred).correlation
/workspace_developability_acquisition/gate_b1/scripts/05_train_ABC.py:181: ConstantInputWarning: An input array is constant; the correlation coefficient is not defined.
  sc = spearmanr(ytr[iva], pred).correlation
/workspace_developability_acquisition/gate_b1/scripts/05_train_ABC.py:181: ConstantInputWarning: An input array is constant; the correlation coefficient is not defined.
  sc = spearmanr(ytr[iva], pred).correlation
/workspace_developability_acquisition/gate_b1/scripts/05_train_ABC.py:181: ConstantInputWarning: An input array is constant; the correlation coefficient is not defined.
  sc = spearmanr(ytr[iva], pred).correlation
/workspace_developability_acquisition/gate_b1/scripts/05_train_ABC.py:181: ConstantInputWarning: An input array is constant; the correlation coefficient is not defined.
  sc = spearmanr(ytr[iva], pred).correlation
/workspace_developability_acquisition/gate_b1/scripts/05_train_ABC.py:181: ConstantInputWarning: An input array is constant; the correlation coefficient is not defined.
  sc = spearmanr(ytr[iva], pred).correlation
/workspace_developability_acquisition/gate_b1/scripts/05_train_ABC.py:181: ConstantInputWarning: An input array is constant; the correlation coefficient is not defined.
  sc = spearmanr(ytr[iva], pred).correlation
/workspace_developability_acquisition/gate_b1/scripts/05_train_ABC.py:181: ConstantInputWarning: An input array is constant; the correlation coefficient is not defined.
  sc = spearmanr(ytr[iva], pred).correlation
/workspace_developability_acquisition/gate_b1/scripts/05_train_ABC.py:181: ConstantInputWarning: An input array is constant; the correlation coefficient is not defined.
  sc = spearmanr(ytr[iva], pred).correlation
/workspace_developability_acquisition/gate_b1/scripts/05_train_ABC.py:181: ConstantInputWarning: An input array is constant; the correlation coefficient is not defined.
  sc = spearmanr(ytr[iva], pred).correlation
/workspace_developability_acquisition/gate_b1/scripts/05_train_ABC.py:181: ConstantInputWarning: An input array is constant; the correlation coefficient is not defined.
  sc = spearmanr(ytr[iva], pred).correlation
/workspace_developability_acquisition/gate_b1/scripts/05_train_ABC.py:181: ConstantInputWarning: An input array is constant; the correlation coefficient is not defined.
  sc = spearmanr(ytr[iva], pred).correlation
/workspace_developability_acquisition/gate_b1/scripts/05_train_ABC.py:181: ConstantInputWarning: An input array is constant; the correlation coefficient is not defined.
  sc = spearmanr(ytr[iva], pred).correlation
/workspace_developability_acquisition/gate_b1/scripts/05_train_ABC.py:181: ConstantInputWarning: An input array is constant; the correlation coefficient is not defined.
  sc = spearmanr(ytr[iva], pred).correlation
/workspace_developability_acquisition/gate_b1/scripts/05_train_ABC.py:181: ConstantInputWarning: An input array is constant; the correlation coefficient is not defined.
  sc = spearmanr(ytr[iva], pred).correlation
/workspace_developability_acquisition/gate_b1/scripts/05_train_ABC.py:181: ConstantInputWarning: An input array is constant; the correlation coefficient is not defined.
  sc = spearmanr(ytr[iva], pred).correlation
/workspace_developability_acquisition/gate_b1/scripts/05_train_ABC.py:181: ConstantInputWarning: An input array is constant; the correlation coefficient is not defined.
  sc = spearmanr(ytr[iva], pred).correlation
/workspace_developability_acquisition/gate_b1/scripts/05_train_ABC.py:181: ConstantInputWarning: An input array is constant; the correlation coefficient is not defined.
  sc = spearmanr(ytr[iva], pred).correlation
/workspace_developability_acquisition/gate_b1/scripts/05_train_ABC.py:181: ConstantInputWarning: An input array is constant; the correlation coefficient is not defined.
  sc = spearmanr(ytr[iva], pred).correlation
/workspace_developability_acquisition/gate_b1/scripts/05_train_ABC.py:181: ConstantInputWarning: An input array is constant; the correlation coefficient is not defined.
  sc = spearmanr(ytr[iva], pred).correlation
/workspace_developability_acquisition/gate_b1/scripts/05_train_ABC.py:181: ConstantInputWarning: An input array is constant; the correlation coefficient is not defined.
  sc = spearmanr(ytr[iva], pred).correlation
/workspace_developability_acquisition/gate_b1/scripts/05_train_ABC.py:181: ConstantInputWarning: An input array is constant; the correlation coefficient is not defined.
  sc = spearmanr(ytr[iva], pred).correlation
/workspace_developability_acquisition/gate_b1/scripts/05_train_ABC.py:181: ConstantInputWarning: An input array is constant; the correlation coefficient is not defined.
  sc = spearmanr(ytr[iva], pred).correlation
/workspace_developability_acquisition/gate_b1/scripts/05_train_ABC.py:181: ConstantInputWarning: An input array is constant; the correlation coefficient is not defined.
  sc = spearmanr(ytr[iva], pred).correlation
/workspace_developability_acquisition/gate_b1/scripts/05_train_ABC.py:181: ConstantInputWarning: An input array is constant; the correlation coefficient is not defined.
  sc = spearmanr(ytr[iva], pred).correlation
/workspace_developability_acquisition/gate_b1/scripts/05_train_ABC.py:181: ConstantInputWarning: An input array is constant; the correlation coefficient is not defined.
  sc = spearmanr(ytr[iva], pred).correlation
/workspace_developability_acquisition/gate_b1/scripts/05_train_ABC.py:181: ConstantInputWarning: An input array is constant; the correlation coefficient is not defined.
  sc = spearmanr(ytr[iva], pred).correlation
/workspace_developability_acquisition/gate_b1/scripts/05_train_ABC.py:181: ConstantInputWarning: An input array is constant; the correlation coefficient is not defined.
  sc = spearmanr(ytr[iva], pred).correlation
/workspace_developability_acquisition/gate_b1/scripts/05_train_ABC.py:181: ConstantInputWarning: An input array is constant; the correlation coefficient is not defined.
  sc = spearmanr(ytr[iva], pred).correlation
/workspace_developability_acquisition/gate_b1/scripts/05_train_ABC.py:181: ConstantInputWarning: An input array is constant; the correlation coefficient is not defined.
  sc = spearmanr(ytr[iva], pred).correlation
/workspace_developability_acquisition/gate_b1/scripts/05_train_ABC.py:181: ConstantInputWarning: An input array is constant; the correlation coefficient is not defined.
  sc = spearmanr(ytr[iva], pred).correlation
/workspace_developability_acquisition/gate_b1/scripts/05_train_ABC.py:181: ConstantInputWarning: An input array is constant; the correlation coefficient is not defined.
  sc = spearmanr(ytr[iva], pred).correlation
/workspace_developability_acquisition/gate_b1/scripts/05_train_ABC.py:181: ConstantInputWarning: An input array is constant; the correlation coefficient is not defined.
  sc = spearmanr(ytr[iva], pred).correlation
/workspace_developability_acquisition/gate_b1/scripts/05_train_ABC.py:181: ConstantInputWarning: An input array is constant; the correlation coefficient is not defined.
  sc = spearmanr(ytr[iva], pred).correlation
/workspace_developability_acquisition/gate_b1/scripts/05_train_ABC.py:181: ConstantInputWarning: An input array is constant; the correlation coefficient is not defined.
  sc = spearmanr(ytr[iva], pred).correlation
/workspace_developability_acquisition/gate_b1/scripts/05_train_ABC.py:181: ConstantInputWarning: An input array is constant; the correlation coefficient is not defined.
  sc = spearmanr(ytr[iva], pred).correlation
/workspace_developability_acquisition/gate_b1/scripts/05_train_ABC.py:181: ConstantInputWarning: An input array is constant; the correlation coefficient is not defined.
  sc = spearmanr(ytr[iva], pred).correlation
/workspace_developability_acquisition/gate_b1/scripts/05_train_ABC.py:181: ConstantInputWarning: An input array is constant; the correlation coefficient is not defined.
  sc = spearmanr(ytr[iva], pred).correlation
/workspace_developability_acquisition/gate_b1/scripts/05_train_ABC.py:181: ConstantInputWarning: An input array is constant; the correlation coefficient is not defined.
  sc = spearmanr(ytr[iva], pred).correlation
/workspace_developability_acquisition/gate_b1/scripts/05_train_ABC.py:181: ConstantInputWarning: An input array is constant; the correlation coefficient is not defined.
  sc = spearmanr(ytr[iva], pred).correlation
/workspace_developability_acquisition/gate_b1/scripts/05_train_ABC.py:181: ConstantInputWarning: An input array is constant; the correlation coefficient is not defined.
  sc = spearmanr(ytr[iva], pred).correlation
/workspace_developability_acquisition/gate_b1/scripts/05_train_ABC.py:181: ConstantInputWarning: An input array is constant; the correlation coefficient is not defined.
  sc = spearmanr(ytr[iva], pred).correlation
/workspace_developability_acquisition/gate_b1/scripts/05_train_ABC.py:181: ConstantInputWarning: An input array is constant; the correlation coefficient is not defined.
  sc = spearmanr(ytr[iva], pred).correlation
/workspace_developability_acquisition/gate_b1/scripts/05_train_ABC.py:181: ConstantInputWarning: An input array is constant; the correlation coefficient is not defined.
  sc = spearmanr(ytr[iva], pred).correlation
/workspace_developability_acquisition/gate_b1/scripts/05_train_ABC.py:181: ConstantInputWarning: An input array is constant; the correlation coefficient is not defined.
  sc = spearmanr(ytr[iva], pred).correlation
/workspace_developability_acquisition/gate_b1/scripts/05_train_ABC.py:181: ConstantInputWarning: An input array is constant; the correlation coefficient is not defined.
  sc = spearmanr(ytr[iva], pred).correlation
/workspace_developability_acquisition/gate_b1/scripts/05_train_ABC.py:181: ConstantInputWarning: An input array is constant; the correlation coefficient is not defined.
  sc = spearmanr(ytr[iva], pred).correlation
/workspace_developability_acquisition/gate_b1/scripts/05_train_ABC.py:181: ConstantInputWarning: An input array is constant; the correlation coefficient is not defined.
  sc = spearmanr(ytr[iva], pred).correlation
/workspace_developability_acquisition/gate_b1/scripts/05_train_ABC.py:181: ConstantInputWarning: An input array is constant; the correlation coefficient is not defined.
  sc = spearmanr(ytr[iva], pred).correlation
/workspace_developability_acquisition/gate_b1/scripts/05_train_ABC.py:181: ConstantInputWarning: An input array is constant; the correlation coefficient is not defined.
  sc = spearmanr(ytr[iva], pred).correlation
/workspace_developability_acquisition/gate_b1/scripts/05_train_ABC.py:181: ConstantInputWarning: An input array is constant; the correlation coefficient is not defined.
  sc = spearmanr(ytr[iva], pred).correlation
/workspace_developability_acquisition/gate_b1/scripts/05_train_ABC.py:181: ConstantInputWarning: An input array is constant; the correlation coefficient is not defined.
  sc = spearmanr(ytr[iva], pred).correlation
/workspace_developability_acquisition/gate_b1/scripts/05_train_ABC.py:181: ConstantInputWarning: An input array is constant; the correlation coefficient is not defined.
  sc = spearmanr(ytr[iva], pred).correlation
/workspace_developability_acquisition/gate_b1/scripts/05_train_ABC.py:181: ConstantInputWarning: An input array is constant; the correlation coefficient is not defined.
  sc = spearmanr(ytr[iva], pred).correlation
/workspace_developability_acquisition/gate_b1/scripts/05_train_ABC.py:181: ConstantInputWarning: An input array is constant; the correlation coefficient is not defined.
  sc = spearmanr(ytr[iva], pred).correlation
/workspace_developability_acquisition/gate_b1/scripts/05_train_ABC.py:181: ConstantInputWarning: An input array is constant; the correlation coefficient is not defined.
  sc = spearmanr(ytr[iva], pred).correlation
/workspace_developability_acquisition/gate_b1/scripts/05_train_ABC.py:181: ConstantInputWarning: An input array is constant; the correlation coefficient is not defined.
  sc = spearmanr(ytr[iva], pred).correlation
/workspace_developability_acquisition/gate_b1/scripts/05_train_ABC.py:181: ConstantInputWarning: An input array is constant; the correlation coefficient is not defined.
  sc = spearmanr(ytr[iva], pred).correlation
/workspace_developability_acquisition/gate_b1/scripts/05_train_ABC.py:181: ConstantInputWarning: An input array is constant; the correlation coefficient is not defined.
  sc = spearmanr(ytr[iva], pred).correlation
/workspace_developability_acquisition/gate_b1/scripts/05_train_ABC.py:181: ConstantInputWarning: An input array is constant; the correlation coefficient is not defined.
  sc = spearmanr(ytr[iva], pred).correlation
/workspace_developability_acquisition/gate_b1/scripts/05_train_ABC.py:181: ConstantInputWarning: An input array is constant; the correlation coefficient is not defined.
  sc = spearmanr(ytr[iva], pred).correlation
/workspace_developability_acquisition/gate_b1/scripts/05_train_ABC.py:181: ConstantInputWarning: An input array is constant; the correlation coefficient is not defined.
  sc = spearmanr(ytr[iva], pred).correlation
/workspace_developability_acquisition/gate_b1/scripts/05_train_ABC.py:181: ConstantInputWarning: An input array is constant; the correlation coefficient is not defined.
  sc = spearmanr(ytr[iva], pred).correlation
/workspace_developability_acquisition/gate_b1/scripts/05_train_ABC.py:181: ConstantInputWarning: An input array is constant; the correlation coefficient is not defined.
  sc = spearmanr(ytr[iva], pred).correlation
/workspace_developability_acquisition/gate_b1/scripts/05_train_ABC.py:181: ConstantInputWarning: An input array is constant; the correlation coefficient is not defined.
  sc = spearmanr(ytr[iva], pred).correlation
/workspace_developability_acquisition/gate_b1/scripts/05_train_ABC.py:181: ConstantInputWarning: An input array is constant; the correlation coefficient is not defined.
  sc = spearmanr(ytr[iva], pred).correlation
/workspace_developability_acquisition/gate_b1/scripts/05_train_ABC.py:181: ConstantInputWarning: An input array is constant; the correlation coefficient is not defined.
  sc = spearmanr(ytr[iva], pred).correlation
/workspace_developability_acquisition/gate_b1/scripts/05_train_ABC.py:181: ConstantInputWarning: An input array is constant; the correlation coefficient is not defined.
  sc = spearmanr(ytr[iva], pred).correlation
/workspace_developability_acquisition/gate_b1/scripts/05_train_ABC.py:181: ConstantInputWarning: An input array is constant; the correlation coefficient is not defined.
  sc = spearmanr(ytr[iva], pred).correlation
/workspace_developability_acquisition/gate_b1/scripts/05_train_ABC.py:181: ConstantInputWarning: An input array is constant; the correlation coefficient is not defined.
  sc = spearmanr(ytr[iva], pred).correlation
/workspace_developability_acquisition/gate_b1/scripts/05_train_ABC.py:181: ConstantInputWarning: An input array is constant; the correlation coefficient is not defined.
  sc = spearmanr(ytr[iva], pred).correlation
/workspace_developability_acquisition/gate_b1/scripts/05_train_ABC.py:181: ConstantInputWarning: An input array is constant; the correlation coefficient is not defined.
  sc = spearmanr(ytr[iva], pred).correlation
/workspace_developability_acquisition/gate_b1/scripts/05_train_ABC.py:181: ConstantInputWarning: An input array is constant; the correlation coefficient is not defined.
  sc = spearmanr(ytr[iva], pred).correlation
/workspace_developability_acquisition/gate_b1/scripts/05_train_ABC.py:181: ConstantInputWarning: An input array is constant; the correlation coefficient is not defined.
  sc = spearmanr(ytr[iva], pred).correlation
/workspace_developability_acquisition/gate_b1/scripts/05_train_ABC.py:181: ConstantInputWarning: An input array is constant; the correlation coefficient is not defined.
  sc = spearmanr(ytr[iva], pred).correlation
/workspace_developability_acquisition/gate_b1/scripts/05_train_ABC.py:181: ConstantInputWarning: An input array is constant; the correlation coefficient is not defined.
  sc = spearmanr(ytr[iva], pred).correlation
/workspace_developability_acquisition/gate_b1/scripts/05_train_ABC.py:181: ConstantInputWarning: An input array is constant; the correlation coefficient is not defined.
  sc = spearmanr(ytr[iva], pred).correlation
/workspace_developability_acquisition/gate_b1/scripts/05_train_ABC.py:181: ConstantInputWarning: An input array is constant; the correlation coefficient is not defined.
  sc = spearmanr(ytr[iva], pred).correlation
/workspace_developability_acquisition/gate_b1/scripts/05_train_ABC.py:181: ConstantInputWarning: An input array is constant; the correlation coefficient is not defined.
  sc = spearmanr(ytr[iva], pred).correlation
/workspace_developability_acquisition/gate_b1/scripts/05_train_ABC.py:181: ConstantInputWarning: An input array is constant; the correlation coefficient is not defined.
  sc = spearmanr(ytr[iva], pred).correlation
/workspace_developability_acquisition/gate_b1/scripts/05_train_ABC.py:181: ConstantInputWarning: An input array is constant; the correlation coefficient is not defined.
  sc = spearmanr(ytr[iva], pred).correlation
/workspace_developability_acquisition/gate_b1/scripts/05_train_ABC.py:181: ConstantInputWarning: An input array is constant; the correlation coefficient is not defined.
  sc = spearmanr(ytr[iva], pred).correlation
/workspace_developability_acquisition/gate_b1/scripts/05_train_ABC.py:181: ConstantInputWarning: An input array is constant; the correlation coefficient is not defined.
  sc = spearmanr(ytr[iva], pred).correlation
/workspace_developability_acquisition/gate_b1/scripts/05_train_ABC.py:181: ConstantInputWarning: An input array is constant; the correlation coefficient is not defined.
  sc = spearmanr(ytr[iva], pred).correlation
/workspace_developability_acquisition/gate_b1/scripts/05_train_ABC.py:181: ConstantInputWarning: An input array is constant; the correlation coefficient is not defined.
  sc = spearmanr(ytr[iva], pred).correlation
/workspace_developability_acquisition/gate_b1/scripts/05_train_ABC.py:181: ConstantInputWarning: An input array is constant; the correlation coefficient is not defined.
  sc = spearmanr(ytr[iva], pred).correlation
/workspace_developability_acquisition/gate_b1/scripts/05_train_ABC.py:181: ConstantInputWarning: An input array is constant; the correlation coefficient is not defined.
  sc = spearmanr(ytr[iva], pred).correlation
/workspace_developability_acquisition/gate_b1/scripts/05_train_ABC.py:181: ConstantInputWarning: An input array is constant; the correlation coefficient is not defined.
  sc = spearmanr(ytr[iva], pred).correlation
/workspace_developability_acquisition/gate_b1/scripts/05_train_ABC.py:181: ConstantInputWarning: An input array is constant; the correlation coefficient is not defined.
  sc = spearmanr(ytr[iva], pred).correlation
/workspace_developability_acquisition/gate_b1/scripts/05_train_ABC.py:181: ConstantInputWarning: An input array is constant; the correlation coefficient is not defined.
  sc = spearmanr(ytr[iva], pred).correlation
/workspace_developability_acquisition/gate_b1/scripts/05_train_ABC.py:181: ConstantInputWarning: An input array is constant; the correlation coefficient is not defined.
  sc = spearmanr(ytr[iva], pred).correlation
/workspace_developability_acquisition/gate_b1/scripts/05_train_ABC.py:181: ConstantInputWarning: An input array is constant; the correlation coefficient is not defined.
  sc = spearmanr(ytr[iva], pred).correlation
/workspace_developability_acquisition/gate_b1/scripts/05_train_ABC.py:181: ConstantInputWarning: An input array is constant; the correlation coefficient is not defined.
  sc = spearmanr(ytr[iva], pred).correlation
/workspace_developability_acquisition/gate_b1/scripts/05_train_ABC.py:181: ConstantInputWarning: An input array is constant; the correlation coefficient is not defined.
  sc = spearmanr(ytr[iva], pred).correlation
/workspace_developability_acquisition/gate_b1/scripts/05_train_ABC.py:181: ConstantInputWarning: An input array is constant; the correlation coefficient is not defined.
  sc = spearmanr(ytr[iva], pred).correlation
/workspace_developability_acquisition/gate_b1/scripts/05_train_ABC.py:181: ConstantInputWarning: An input array is constant; the correlation coefficient is not defined.
  sc = spearmanr(ytr[iva], pred).correlation
/workspace_developability_acquisition/gate_b1/scripts/05_train_ABC.py:181: ConstantInputWarning: An input array is constant; the correlation coefficient is not defined.
  sc = spearmanr(ytr[iva], pred).correlation
/workspace_developability_acquisition/gate_b1/scripts/05_train_ABC.py:181: ConstantInputWarning: An input array is constant; the correlation coefficient is not defined.
  sc = spearmanr(ytr[iva], pred).correlation
/workspace_developability_acquisition/gate_b1/scripts/05_train_ABC.py:181: ConstantInputWarning: An input array is constant; the correlation coefficient is not defined.
  sc = spearmanr(ytr[iva], pred).correlation
/workspace_developability_acquisition/gate_b1/scripts/05_train_ABC.py:181: ConstantInputWarning: An input array is constant; the correlation coefficient is not defined.
  sc = spearmanr(ytr[iva], pred).correlation
/workspace_developability_acquisition/gate_b1/scripts/05_train_ABC.py:181: ConstantInputWarning: An input array is constant; the correlation coefficient is not defined.
  sc = spearmanr(ytr[iva], pred).correlation
/workspace_developability_acquisition/gate_b1/scripts/05_train_ABC.py:181: ConstantInputWarning: An input array is constant; the correlation coefficient is not defined.
  sc = spearmanr(ytr[iva], pred).correlation
/workspace_developability_acquisition/gate_b1/scripts/05_train_ABC.py:181: ConstantInputWarning: An input array is constant; the correlation coefficient is not defined.
  sc = spearmanr(ytr[iva], pred).correlation
/workspace_developability_acquisition/gate_b1/scripts/05_train_ABC.py:181: ConstantInputWarning: An input array is constant; the correlation coefficient is not defined.
  sc = spearmanr(ytr[iva], pred).correlation
/workspace_developability_acquisition/gate_b1/scripts/05_train_ABC.py:181: ConstantInputWarning: An input array is constant; the correlation coefficient is not defined.
  sc = spearmanr(ytr[iva], pred).correlation
FULL PSR C_BIO_SHORTCUT
/workspace_developability_acquisition/gate_b1/scripts/05_train_ABC.py:181: ConstantInputWarning: An input array is constant; the correlation coefficient is not defined.
  sc = spearmanr(ytr[iva], pred).correlation
/workspace_developability_acquisition/gate_b1/scripts/05_train_ABC.py:181: ConstantInputWarning: An input array is constant; the correlation coefficient is not defined.
  sc = spearmanr(ytr[iva], pred).correlation
/workspace_developability_acquisition/gate_b1/scripts/05_train_ABC.py:181: ConstantInputWarning: An input array is constant; the correlation coefficient is not defined.
  sc = spearmanr(ytr[iva], pred).correlation
/workspace_developability_acquisition/gate_b1/scripts/05_train_ABC.py:181: ConstantInputWarning: An input array is constant; the correlation coefficient is not defined.
  sc = spearmanr(ytr[iva], pred).correlation
/workspace_developability_acquisition/gate_b1/scripts/05_train_ABC.py:181: ConstantInputWarning: An input array is constant; the correlation coefficient is not defined.
  sc = spearmanr(ytr[iva], pred).correlation
/workspace_developability_acquisition/gate_b1/scripts/05_train_ABC.py:181: ConstantInputWarning: An input array is constant; the correlation coefficient is not defined.
  sc = spearmanr(ytr[iva], pred).correlation
/workspace_developability_acquisition/gate_b1/scripts/05_train_ABC.py:181: ConstantInputWarning: An input array is constant; the correlation coefficient is not defined.
  sc = spearmanr(ytr[iva], pred).correlation
/workspace_developability_acquisition/gate_b1/scripts/05_train_ABC.py:181: ConstantInputWarning: An input array is constant; the correlation coefficient is not defined.
  sc = spearmanr(ytr[iva], pred).correlation
/workspace_developability_acquisition/gate_b1/scripts/05_train_ABC.py:181: ConstantInputWarning: An input array is constant; the correlation coefficient is not defined.
  sc = spearmanr(ytr[iva], pred).correlation
/workspace_developability_acquisition/gate_b1/scripts/05_train_ABC.py:181: ConstantInputWarning: An input array is constant; the correlation coefficient is not defined.
  sc = spearmanr(ytr[iva], pred).correlation
/workspace_developability_acquisition/gate_b1/scripts/05_train_ABC.py:181: ConstantInputWarning: An input array is constant; the correlation coefficient is not defined.
  sc = spearmanr(ytr[iva], pred).correlation
/workspace_developability_acquisition/gate_b1/scripts/05_train_ABC.py:181: ConstantInputWarning: An input array is constant; the correlation coefficient is not defined.
  sc = spearmanr(ytr[iva], pred).correlation
/workspace_developability_acquisition/gate_b1/scripts/05_train_ABC.py:181: ConstantInputWarning: An input array is constant; the correlation coefficient is not defined.
  sc = spearmanr(ytr[iva], pred).correlation
/workspace_developability_acquisition/gate_b1/scripts/05_train_ABC.py:181: ConstantInputWarning: An input array is constant; the correlation coefficient is not defined.
  sc = spearmanr(ytr[iva], pred).correlation
/workspace_developability_acquisition/gate_b1/scripts/05_train_ABC.py:181: ConstantInputWarning: An input array is constant; the correlation coefficient is not defined.
  sc = spearmanr(ytr[iva], pred).correlation
/workspace_developability_acquisition/gate_b1/scripts/05_train_ABC.py:181: ConstantInputWarning: An input array is constant; the correlation coefficient is not defined.
  sc = spearmanr(ytr[iva], pred).correlation
/workspace_developability_acquisition/gate_b1/scripts/05_train_ABC.py:181: ConstantInputWarning: An input array is constant; the correlation coefficient is not defined.
  sc = spearmanr(ytr[iva], pred).correlation
/workspace_developability_acquisition/gate_b1/scripts/05_train_ABC.py:181: ConstantInputWarning: An input array is constant; the correlation coefficient is not defined.
  sc = spearmanr(ytr[iva], pred).correlation
/workspace_developability_acquisition/gate_b1/scripts/05_train_ABC.py:181: ConstantInputWarning: An input array is constant; the correlation coefficient is not defined.
  sc = spearmanr(ytr[iva], pred).correlation
/workspace_developability_acquisition/gate_b1/scripts/05_train_ABC.py:181: ConstantInputWarning: An input array is constant; the correlation coefficient is not defined.
  sc = spearmanr(ytr[iva], pred).correlation
/workspace_developability_acquisition/gate_b1/scripts/05_train_ABC.py:181: ConstantInputWarning: An input array is constant; the correlation coefficient is not defined.
  sc = spearmanr(ytr[iva], pred).correlation
/workspace_developability_acquisition/gate_b1/scripts/05_train_ABC.py:181: ConstantInputWarning: An input array is constant; the correlation coefficient is not defined.
  sc = spearmanr(ytr[iva], pred).correlation
/workspace_developability_acquisition/gate_b1/scripts/05_train_ABC.py:181: ConstantInputWarning: An input array is constant; the correlation coefficient is not defined.
  sc = spearmanr(ytr[iva], pred).correlation
/workspace_developability_acquisition/gate_b1/scripts/05_train_ABC.py:181: ConstantInputWarning: An input array is constant; the correlation coefficient is not defined.
  sc = spearmanr(ytr[iva], pred).correlation
/workspace_developability_acquisition/gate_b1/scripts/05_train_ABC.py:181: ConstantInputWarning: An input array is constant; the correlation coefficient is not defined.
  sc = spearmanr(ytr[iva], pred).correlation
/workspace_developability_acquisition/gate_b1/scripts/05_train_ABC.py:181: ConstantInputWarning: An input array is constant; the correlation coefficient is not defined.
  sc = spearmanr(ytr[iva], pred).correlation
/workspace_developability_acquisition/gate_b1/scripts/05_train_ABC.py:181: ConstantInputWarning: An input array is constant; the correlation coefficient is not defined.
  sc = spearmanr(ytr[iva], pred).correlation
/workspace_developability_acquisition/gate_b1/scripts/05_train_ABC.py:181: ConstantInputWarning: An input array is constant; the correlation coefficient is not defined.
  sc = spearmanr(ytr[iva], pred).correlation
/workspace_developability_acquisition/gate_b1/scripts/05_train_ABC.py:181: ConstantInputWarning: An input array is constant; the correlation coefficient is not defined.
  sc = spearmanr(ytr[iva], pred).correlation
/workspace_developability_acquisition/gate_b1/scripts/05_train_ABC.py:181: ConstantInputWarning: An input array is constant; the correlation coefficient is not defined.
  sc = spearmanr(ytr[iva], pred).correlation
/workspace_developability_acquisition/gate_b1/scripts/05_train_ABC.py:181: ConstantInputWarning: An input array is constant; the correlation coefficient is not defined.
  sc = spearmanr(ytr[iva], pred).correlation
/workspace_developability_acquisition/gate_b1/scripts/05_train_ABC.py:181: ConstantInputWarning: An input array is constant; the correlation coefficient is not defined.
  sc = spearmanr(ytr[iva], pred).correlation
/workspace_developability_acquisition/gate_b1/scripts/05_train_ABC.py:181: ConstantInputWarning: An input array is constant; the correlation coefficient is not defined.
  sc = spearmanr(ytr[iva], pred).correlation
/workspace_developability_acquisition/gate_b1/scripts/05_train_ABC.py:181: ConstantInputWarning: An input array is constant; the correlation coefficient is not defined.
  sc = spearmanr(ytr[iva], pred).correlation
/workspace_developability_acquisition/gate_b1/scripts/05_train_ABC.py:181: ConstantInputWarning: An input array is constant; the correlation coefficient is not defined.
  sc = spearmanr(ytr[iva], pred).correlation
/workspace_developability_acquisition/gate_b1/scripts/05_train_ABC.py:181: ConstantInputWarning: An input array is constant; the correlation coefficient is not defined.
  sc = spearmanr(ytr[iva], pred).correlation
/workspace_developability_acquisition/gate_b1/scripts/05_train_ABC.py:181: ConstantInputWarning: An input array is constant; the correlation coefficient is not defined.
  sc = spearmanr(ytr[iva], pred).correlation
/workspace_developability_acquisition/gate_b1/scripts/05_train_ABC.py:181: ConstantInputWarning: An input array is constant; the correlation coefficient is not defined.
  sc = spearmanr(ytr[iva], pred).correlation
/workspace_developability_acquisition/gate_b1/scripts/05_train_ABC.py:181: ConstantInputWarning: An input array is constant; the correlation coefficient is not defined.
  sc = spearmanr(ytr[iva], pred).correlation
/workspace_developability_acquisition/gate_b1/scripts/05_train_ABC.py:181: ConstantInputWarning: An input array is constant; the correlation coefficient is not defined.
  sc = spearmanr(ytr[iva], pred).correlation
/workspace_developability_acquisition/gate_b1/scripts/05_train_ABC.py:181: ConstantInputWarning: An input array is constant; the correlation coefficient is not defined.
  sc = spearmanr(ytr[iva], pred).correlation
/workspace_developability_acquisition/gate_b1/scripts/05_train_ABC.py:181: ConstantInputWarning: An input array is constant; the correlation coefficient is not defined.
  sc = spearmanr(ytr[iva], pred).correlation
/workspace_developability_acquisition/gate_b1/scripts/05_train_ABC.py:181: ConstantInputWarning: An input array is constant; the correlation coefficient is not defined.
  sc = spearmanr(ytr[iva], pred).correlation
/workspace_developability_acquisition/gate_b1/scripts/05_train_ABC.py:181: ConstantInputWarning: An input array is constant; the correlation coefficient is not defined.
  sc = spearmanr(ytr[iva], pred).correlation
/workspace_developability_acquisition/gate_b1/scripts/05_train_ABC.py:181: ConstantInputWarning: An input array is constant; the correlation coefficient is not defined.
  sc = spearmanr(ytr[iva], pred).correlation
/workspace_developability_acquisition/gate_b1/scripts/05_train_ABC.py:181: ConstantInputWarning: An input array is constant; the correlation coefficient is not defined.
  sc = spearmanr(ytr[iva], pred).correlation
/workspace_developability_acquisition/gate_b1/scripts/05_train_ABC.py:181: ConstantInputWarning: An input array is constant; the correlation coefficient is not defined.
  sc = spearmanr(ytr[iva], pred).correlation
/workspace_developability_acquisition/gate_b1/scripts/05_train_ABC.py:181: ConstantInputWarning: An input array is constant; the correlation coefficient is not defined.
  sc = spearmanr(ytr[iva], pred).correlation
/workspace_developability_acquisition/gate_b1/scripts/05_train_ABC.py:181: ConstantInputWarning: An input array is constant; the correlation coefficient is not defined.
  sc = spearmanr(ytr[iva], pred).correlation
/workspace_developability_acquisition/gate_b1/scripts/05_train_ABC.py:181: ConstantInputWarning: An input array is constant; the correlation coefficient is not defined.
  sc = spearmanr(ytr[iva], pred).correlation
/workspace_developability_acquisition/gate_b1/scripts/05_train_ABC.py:181: ConstantInputWarning: An input array is constant; the correlation coefficient is not defined.
  sc = spearmanr(ytr[iva], pred).correlation
/workspace_developability_acquisition/gate_b1/scripts/05_train_ABC.py:181: ConstantInputWarning: An input array is constant; the correlation coefficient is not defined.
  sc = spearmanr(ytr[iva], pred).correlation
/workspace_developability_acquisition/gate_b1/scripts/05_train_ABC.py:181: ConstantInputWarning: An input array is constant; the correlation coefficient is not defined.
  sc = spearmanr(ytr[iva], pred).correlation
/workspace_developability_acquisition/gate_b1/scripts/05_train_ABC.py:181: ConstantInputWarning: An input array is constant; the correlation coefficient is not defined.
  sc = spearmanr(ytr[iva], pred).correlation
/workspace_developability_acquisition/gate_b1/scripts/05_train_ABC.py:181: ConstantInputWarning: An input array is constant; the correlation coefficient is not defined.
  sc = spearmanr(ytr[iva], pred).correlation
/workspace_developability_acquisition/gate_b1/scripts/05_train_ABC.py:181: ConstantInputWarning: An input array is constant; the correlation coefficient is not defined.
  sc = spearmanr(ytr[iva], pred).correlation
/workspace_developability_acquisition/gate_b1/scripts/05_train_ABC.py:181: ConstantInputWarning: An input array is constant; the correlation coefficient is not defined.
  sc = spearmanr(ytr[iva], pred).correlation
/workspace_developability_acquisition/gate_b1/scripts/05_train_ABC.py:181: ConstantInputWarning: An input array is constant; the correlation coefficient is not defined.
  sc = spearmanr(ytr[iva], pred).correlation
/workspace_developability_acquisition/gate_b1/scripts/05_train_ABC.py:181: ConstantInputWarning: An input array is constant; the correlation coefficient is not defined.
  sc = spearmanr(ytr[iva], pred).correlation
/workspace_developability_acquisition/gate_b1/scripts/05_train_ABC.py:181: ConstantInputWarning: An input array is constant; the correlation coefficient is not defined.
  sc = spearmanr(ytr[iva], pred).correlation
/workspace_developability_acquisition/gate_b1/scripts/05_train_ABC.py:181: ConstantInputWarning: An input array is constant; the correlation coefficient is not defined.
  sc = spearmanr(ytr[iva], pred).correlation
/workspace_developability_acquisition/gate_b1/scripts/05_train_ABC.py:181: ConstantInputWarning: An input array is constant; the correlation coefficient is not defined.
  sc = spearmanr(ytr[iva], pred).correlation
/workspace_developability_acquisition/gate_b1/scripts/05_train_ABC.py:181: ConstantInputWarning: An input array is constant; the correlation coefficient is not defined.
  sc = spearmanr(ytr[iva], pred).correlation
/workspace_developability_acquisition/gate_b1/scripts/05_train_ABC.py:181: ConstantInputWarning: An input array is constant; the correlation coefficient is not defined.
  sc = spearmanr(ytr[iva], pred).correlation
/workspace_developability_acquisition/gate_b1/scripts/05_train_ABC.py:181: ConstantInputWarning: An input array is constant; the correlation coefficient is not defined.
  sc = spearmanr(ytr[iva], pred).correlation
/workspace_developability_acquisition/gate_b1/scripts/05_train_ABC.py:181: ConstantInputWarning: An input array is constant; the correlation coefficient is not defined.
  sc = spearmanr(ytr[iva], pred).correlation
/workspace_developability_acquisition/gate_b1/scripts/05_train_ABC.py:181: ConstantInputWarning: An input array is constant; the correlation coefficient is not defined.
  sc = spearmanr(ytr[iva], pred).correlation
/workspace_developability_acquisition/gate_b1/scripts/05_train_ABC.py:181: ConstantInputWarning: An input array is constant; the correlation coefficient is not defined.
  sc = spearmanr(ytr[iva], pred).correlation
/workspace_developability_acquisition/gate_b1/scripts/05_train_ABC.py:181: ConstantInputWarning: An input array is constant; the correlation coefficient is not defined.
  sc = spearmanr(ytr[iva], pred).correlation
/workspace_developability_acquisition/gate_b1/scripts/05_train_ABC.py:181: ConstantInputWarning: An input array is constant; the correlation coefficient is not defined.
  sc = spearmanr(ytr[iva], pred).correlation
/workspace_developability_acquisition/gate_b1/scripts/05_train_ABC.py:181: ConstantInputWarning: An input array is constant; the correlation coefficient is not defined.
  sc = spearmanr(ytr[iva], pred).correlation
/workspace_developability_acquisition/gate_b1/scripts/05_train_ABC.py:181: ConstantInputWarning: An input array is constant; the correlation coefficient is not defined.
  sc = spearmanr(ytr[iva], pred).correlation
/workspace_developability_acquisition/gate_b1/scripts/05_train_ABC.py:181: ConstantInputWarning: An input array is constant; the correlation coefficient is not defined.
  sc = spearmanr(ytr[iva], pred).correlation
/workspace_developability_acquisition/gate_b1/scripts/05_train_ABC.py:181: ConstantInputWarning: An input array is constant; the correlation coefficient is not defined.
  sc = spearmanr(ytr[iva], pred).correlation
/workspace_developability_acquisition/gate_b1/scripts/05_train_ABC.py:181: ConstantInputWarning: An input array is constant; the correlation coefficient is not defined.
  sc = spearmanr(ytr[iva], pred).correlation
/workspace_developability_acquisition/gate_b1/scripts/05_train_ABC.py:181: ConstantInputWarning: An input array is constant; the correlation coefficient is not defined.
  sc = spearmanr(ytr[iva], pred).correlation
/workspace_developability_acquisition/gate_b1/scripts/05_train_ABC.py:181: ConstantInputWarning: An input array is constant; the correlation coefficient is not defined.
  sc = spearmanr(ytr[iva], pred).correlation
/workspace_developability_acquisition/gate_b1/scripts/05_train_ABC.py:181: ConstantInputWarning: An input array is constant; the correlation coefficient is not defined.
  sc = spearmanr(ytr[iva], pred).correlation
/workspace_developability_acquisition/gate_b1/scripts/05_train_ABC.py:181: ConstantInputWarning: An input array is constant; the correlation coefficient is not defined.
  sc = spearmanr(ytr[iva], pred).correlation
/workspace_developability_acquisition/gate_b1/scripts/05_train_ABC.py:181: ConstantInputWarning: An input array is constant; the correlation coefficient is not defined.
  sc = spearmanr(ytr[iva], pred).correlation
/workspace_developability_acquisition/gate_b1/scripts/05_train_ABC.py:181: ConstantInputWarning: An input array is constant; the correlation coefficient is not defined.
  sc = spearmanr(ytr[iva], pred).correlation
/workspace_developability_acquisition/gate_b1/scripts/05_train_ABC.py:181: ConstantInputWarning: An input array is constant; the correlation coefficient is not defined.
  sc = spearmanr(ytr[iva], pred).correlation
/workspace_developability_acquisition/gate_b1/scripts/05_train_ABC.py:181: ConstantInputWarning: An input array is constant; the correlation coefficient is not defined.
  sc = spearmanr(ytr[iva], pred).correlation
/workspace_developability_acquisition/gate_b1/scripts/05_train_ABC.py:181: ConstantInputWarning: An input array is constant; the correlation coefficient is not defined.
  sc = spearmanr(ytr[iva], pred).correlation
/workspace_developability_acquisition/gate_b1/scripts/05_train_ABC.py:181: ConstantInputWarning: An input array is constant; the correlation coefficient is not defined.
  sc = spearmanr(ytr[iva], pred).correlation
/workspace_developability_acquisition/gate_b1/scripts/05_train_ABC.py:181: ConstantInputWarning: An input array is constant; the correlation coefficient is not defined.
  sc = spearmanr(ytr[iva], pred).correlation
/workspace_developability_acquisition/gate_b1/scripts/05_train_ABC.py:181: ConstantInputWarning: An input array is constant; the correlation coefficient is not defined.
  sc = spearmanr(ytr[iva], pred).correlation
/workspace_developability_acquisition/gate_b1/scripts/05_train_ABC.py:181: ConstantInputWarning: An input array is constant; the correlation coefficient is not defined.
  sc = spearmanr(ytr[iva], pred).correlation
/workspace_developability_acquisition/gate_b1/scripts/05_train_ABC.py:181: ConstantInputWarning: An input array is constant; the correlation coefficient is not defined.
  sc = spearmanr(ytr[iva], pred).correlation
/workspace_developability_acquisition/gate_b1/scripts/05_train_ABC.py:181: ConstantInputWarning: An input array is constant; the correlation coefficient is not defined.
  sc = spearmanr(ytr[iva], pred).correlation
/workspace_developability_acquisition/gate_b1/scripts/05_train_ABC.py:181: ConstantInputWarning: An input array is constant; the correlation coefficient is not defined.
  sc = spearmanr(ytr[iva], pred).correlation
/workspace_developability_acquisition/gate_b1/scripts/05_train_ABC.py:181: ConstantInputWarning: An input array is constant; the correlation coefficient is not defined.
  sc = spearmanr(ytr[iva], pred).correlation
/workspace_developability_acquisition/gate_b1/scripts/05_train_ABC.py:181: ConstantInputWarning: An input array is constant; the correlation coefficient is not defined.
  sc = spearmanr(ytr[iva], pred).correlation
/workspace_developability_acquisition/gate_b1/scripts/05_train_ABC.py:181: ConstantInputWarning: An input array is constant; the correlation coefficient is not defined.
  sc = spearmanr(ytr[iva], pred).correlation
/workspace_developability_acquisition/gate_b1/scripts/05_train_ABC.py:181: ConstantInputWarning: An input array is constant; the correlation coefficient is not defined.
  sc = spearmanr(ytr[iva], pred).correlation
/workspace_developability_acquisition/gate_b1/scripts/05_train_ABC.py:181: ConstantInputWarning: An input array is constant; the correlation coefficient is not defined.
  sc = spearmanr(ytr[iva], pred).correlation
/workspace_developability_acquisition/gate_b1/scripts/05_train_ABC.py:181: ConstantInputWarning: An input array is constant; the correlation coefficient is not defined.
  sc = spearmanr(ytr[iva], pred).correlation
/workspace_developability_acquisition/gate_b1/scripts/05_train_ABC.py:181: ConstantInputWarning: An input array is constant; the correlation coefficient is not defined.
  sc = spearmanr(ytr[iva], pred).correlation
/workspace_developability_acquisition/gate_b1/scripts/05_train_ABC.py:181: ConstantInputWarning: An input array is constant; the correlation coefficient is not defined.
  sc = spearmanr(ytr[iva], pred).correlation
/workspace_developability_acquisition/gate_b1/scripts/05_train_ABC.py:181: ConstantInputWarning: An input array is constant; the correlation coefficient is not defined.
  sc = spearmanr(ytr[iva], pred).correlation
/workspace_developability_acquisition/gate_b1/scripts/05_train_ABC.py:181: ConstantInputWarning: An input array is constant; the correlation coefficient is not defined.
  sc = spearmanr(ytr[iva], pred).correlation
/workspace_developability_acquisition/gate_b1/scripts/05_train_ABC.py:181: ConstantInputWarning: An input array is constant; the correlation coefficient is not defined.
  sc = spearmanr(ytr[iva], pred).correlation
/workspace_developability_acquisition/gate_b1/scripts/05_train_ABC.py:181: ConstantInputWarning: An input array is constant; the correlation coefficient is not defined.
  sc = spearmanr(ytr[iva], pred).correlation
/workspace_developability_acquisition/gate_b1/scripts/05_train_ABC.py:181: ConstantInputWarning: An input array is constant; the correlation coefficient is not defined.
  sc = spearmanr(ytr[iva], pred).correlation
/workspace_developability_acquisition/gate_b1/scripts/05_train_ABC.py:181: ConstantInputWarning: An input array is constant; the correlation coefficient is not defined.
  sc = spearmanr(ytr[iva], pred).correlation
/workspace_developability_acquisition/gate_b1/scripts/05_train_ABC.py:181: ConstantInputWarning: An input array is constant; the correlation coefficient is not defined.
  sc = spearmanr(ytr[iva], pred).correlation
/workspace_developability_acquisition/gate_b1/scripts/05_train_ABC.py:181: ConstantInputWarning: An input array is constant; the correlation coefficient is not defined.
  sc = spearmanr(ytr[iva], pred).correlation
/workspace_developability_acquisition/gate_b1/scripts/05_train_ABC.py:181: ConstantInputWarning: An input array is constant; the correlation coefficient is not defined.
  sc = spearmanr(ytr[iva], pred).correlation
/workspace_developability_acquisition/gate_b1/scripts/05_train_ABC.py:181: ConstantInputWarning: An input array is constant; the correlation coefficient is not defined.
  sc = spearmanr(ytr[iva], pred).correlation
/workspace_developability_acquisition/gate_b1/scripts/05_train_ABC.py:181: ConstantInputWarning: An input array is constant; the correlation coefficient is not defined.
  sc = spearmanr(ytr[iva], pred).correlation
/workspace_developability_acquisition/gate_b1/scripts/05_train_ABC.py:181: ConstantInputWarning: An input array is constant; the correlation coefficient is not defined.
  sc = spearmanr(ytr[iva], pred).correlation
/workspace_developability_acquisition/gate_b1/scripts/05_train_ABC.py:181: ConstantInputWarning: An input array is constant; the correlation coefficient is not defined.
  sc = spearmanr(ytr[iva], pred).correlation
/workspace_developability_acquisition/gate_b1/scripts/05_train_ABC.py:181: ConstantInputWarning: An input array is constant; the correlation coefficient is not defined.
  sc = spearmanr(ytr[iva], pred).correlation
/workspace_developability_acquisition/gate_b1/scripts/05_train_ABC.py:181: ConstantInputWarning: An input array is constant; the correlation coefficient is not defined.
  sc = spearmanr(ytr[iva], pred).correlation
/workspace_developability_acquisition/gate_b1/scripts/05_train_ABC.py:181: ConstantInputWarning: An input array is constant; the correlation coefficient is not defined.
  sc = spearmanr(ytr[iva], pred).correlation
/workspace_developability_acquisition/gate_b1/scripts/05_train_ABC.py:181: ConstantInputWarning: An input array is constant; the correlation coefficient is not defined.
  sc = spearmanr(ytr[iva], pred).correlation
/workspace_developability_acquisition/gate_b1/scripts/05_train_ABC.py:181: ConstantInputWarning: An input array is constant; the correlation coefficient is not defined.
  sc = spearmanr(ytr[iva], pred).correlation
/workspace_developability_acquisition/gate_b1/scripts/05_train_ABC.py:181: ConstantInputWarning: An input array is constant; the correlation coefficient is not defined.
  sc = spearmanr(ytr[iva], pred).correlation
/workspace_developability_acquisition/gate_b1/scripts/05_train_ABC.py:181: ConstantInputWarning: An input array is constant; the correlation coefficient is not defined.
  sc = spearmanr(ytr[iva], pred).correlation
/workspace_developability_acquisition/gate_b1/scripts/05_train_ABC.py:181: ConstantInputWarning: An input array is constant; the correlation coefficient is not defined.
  sc = spearmanr(ytr[iva], pred).correlation
/workspace_developability_acquisition/gate_b1/scripts/05_train_ABC.py:181: ConstantInputWarning: An input array is constant; the correlation coefficient is not defined.
  sc = spearmanr(ytr[iva], pred).correlation
/workspace_developability_acquisition/gate_b1/scripts/05_train_ABC.py:181: ConstantInputWarning: An input array is constant; the correlation coefficient is not defined.
  sc = spearmanr(ytr[iva], pred).correlation
/workspace_developability_acquisition/gate_b1/scripts/10_train_plm_structure.py:106: ConstantInputWarning: An input array is constant; the correlation coefficient is not defined.
  sc = spearmanr(y[tr][iva], pred).correlation
/workspace_developability_acquisition/gate_b1/scripts/10_train_plm_structure.py:106: ConstantInputWarning: An input array is constant; the correlation coefficient is not defined.
  sc = spearmanr(y[tr][iva], pred).correlation
/workspace_developability_acquisition/gate_b1/scripts/10_train_plm_structure.py:106: ConstantInputWarning: An input array is constant; the correlation coefficient is not defined.
  sc = spearmanr(y[tr][iva], pred).correlation
/workspace_developability_acquisition/gate_b1/scripts/10_train_plm_structure.py:106: ConstantInputWarning: An input array is constant; the correlation coefficient is not defined.
  sc = spearmanr(y[tr][iva], pred).correlation
/workspace_developability_acquisition/gate_b1/scripts/10_train_plm_structure.py:106: ConstantInputWarning: An input array is constant; the correlation coefficient is not defined.
  sc = spearmanr(y[tr][iva], pred).correlation
/workspace_developability_acquisition/gate_b1/scripts/10_train_plm_structure.py:106: ConstantInputWarning: An input array is constant; the correlation coefficient is not defined.
  sc = spearmanr(y[tr][iva], pred).correlation
/workspace_developability_acquisition/gate_b1/scripts/10_train_plm_structure.py:106: ConstantInputWarning: An input array is constant; the correlation coefficient is not defined.
  sc = spearmanr(y[tr][iva], pred).correlation
/workspace_developability_acquisition/gate_b1/scripts/10_train_plm_structure.py:106: ConstantInputWarning: An input array is constant; the correlation coefficient is not defined.
  sc = spearmanr(y[tr][iva], pred).correlation
/workspace_developability_acquisition/gate_b1/scripts/10_train_plm_structure.py:106: ConstantInputWarning: An input array is constant; the correlation coefficient is not defined.
  sc = spearmanr(y[tr][iva], pred).correlation
/workspace_developability_acquisition/gate_b1/scripts/10_train_plm_structure.py:106: ConstantInputWarning: An input array is constant; the correlation coefficient is not defined.
  sc = spearmanr(y[tr][iva], pred).correlation
/workspace_developability_acquisition/gate_b1/scripts/10_train_plm_structure.py:106: ConstantInputWarning: An input array is constant; the correlation coefficient is not defined.
  sc = spearmanr(y[tr][iva], pred).correlation
/workspace_developability_acquisition/gate_b1/scripts/10_train_plm_structure.py:106: ConstantInputWarning: An input array is constant; the correlation coefficient is not defined.
  sc = spearmanr(y[tr][iva], pred).correlation
/workspace_developability_acquisition/gate_b1/scripts/10_train_plm_structure.py:106: ConstantInputWarning: An input array is constant; the correlation coefficient is not defined.
  sc = spearmanr(y[tr][iva], pred).correlation
/workspace_developability_acquisition/gate_b1/scripts/10_train_plm_structure.py:106: ConstantInputWarning: An input array is constant; the correlation coefficient is not defined.
  sc = spearmanr(y[tr][iva], pred).correlation
/workspace_developability_acquisition/gate_b1/scripts/10_train_plm_structure.py:106: ConstantInputWarning: An input array is constant; the correlation coefficient is not defined.
  sc = spearmanr(y[tr][iva], pred).correlation
/workspace_developability_acquisition/gate_b1/scripts/10_train_plm_structure.py:106: ConstantInputWarning: An input array is constant; the correlation coefficient is not defined.
  sc = spearmanr(y[tr][iva], pred).correlation
/workspace_developability_acquisition/gate_b1/scripts/10_train_plm_structure.py:106: ConstantInputWarning: An input array is constant; the correlation coefficient is not defined.
  sc = spearmanr(y[tr][iva], pred).correlation
/workspace_developability_acquisition/gate_b1/scripts/10_train_plm_structure.py:106: ConstantInputWarning: An input array is constant; the correlation coefficient is not defined.
  sc = spearmanr(y[tr][iva], pred).correlation
/workspace_developability_acquisition/gate_b1/scripts/10_train_plm_structure.py:106: ConstantInputWarning: An input array is constant; the correlation coefficient is not defined.
  sc = spearmanr(y[tr][iva], pred).correlation
/workspace_developability_acquisition/gate_b1/scripts/10_train_plm_structure.py:106: ConstantInputWarning: An input array is constant; the correlation coefficient is not defined.
  sc = spearmanr(y[tr][iva], pred).correlation
/workspace_developability_acquisition/gate_b1/scripts/10_train_plm_structure.py:106: ConstantInputWarning: An input array is constant; the correlation coefficient is not defined.
  sc = spearmanr(y[tr][iva], pred).correlation
/workspace_developability_acquisition/gate_b1/scripts/10_train_plm_structure.py:106: ConstantInputWarning: An input array is constant; the correlation coefficient is not defined.
  sc = spearmanr(y[tr][iva], pred).correlation
/workspace_developability_acquisition/gate_b1/scripts/10_train_plm_structure.py:106: ConstantInputWarning: An input array is constant; the correlation coefficient is not defined.
  sc = spearmanr(y[tr][iva], pred).correlation
/workspace_developability_acquisition/gate_b1/scripts/10_train_plm_structure.py:106: ConstantInputWarning: An input array is constant; the correlation coefficient is not defined.
  sc = spearmanr(y[tr][iva], pred).correlation
/workspace_developability_acquisition/gate_b1/scripts/10_train_plm_structure.py:106: ConstantInputWarning: An input array is constant; the correlation coefficient is not defined.
  sc = spearmanr(y[tr][iva], pred).correlation
/workspace_developability_acquisition/gate_b1/scripts/10_train_plm_structure.py:106: ConstantInputWarning: An input array is constant; the correlation coefficient is not defined.
  sc = spearmanr(y[tr][iva], pred).correlation
/workspace_developability_acquisition/gate_b1/scripts/10_train_plm_structure.py:106: ConstantInputWarning: An input array is constant; the correlation coefficient is not defined.
  sc = spearmanr(y[tr][iva], pred).correlation
/workspace_developability_acquisition/gate_b1/scripts/10_train_plm_structure.py:106: ConstantInputWarning: An input array is constant; the correlation coefficient is not defined.
  sc = spearmanr(y[tr][iva], pred).correlation
/workspace_developability_acquisition/gate_b1/scripts/10_train_plm_structure.py:106: ConstantInputWarning: An input array is constant; the correlation coefficient is not defined.
  sc = spearmanr(y[tr][iva], pred).correlation
/workspace_developability_acquisition/gate_b1/scripts/10_train_plm_structure.py:106: ConstantInputWarning: An input array is constant; the correlation coefficient is not defined.
  sc = spearmanr(y[tr][iva], pred).correlation
FULL HIC A2_physchem
/workspace_developability_acquisition/gate_b1/scripts/05_train_ABC.py:181: ConstantInputWarning: An input array is constant; the correlation coefficient is not defined.
  sc = spearmanr(ytr[iva], pred).correlation
/workspace_developability_acquisition/gate_b1/scripts/05_train_ABC.py:181: ConstantInputWarning: An input array is constant; the correlation coefficient is not defined.
  sc = spearmanr(ytr[iva], pred).correlation
/workspace_developability_acquisition/gate_b1/scripts/05_train_ABC.py:181: ConstantInputWarning: An input array is constant; the correlation coefficient is not defined.
  sc = spearmanr(ytr[iva], pred).correlation
/workspace_developability_acquisition/gate_b1/scripts/05_train_ABC.py:181: ConstantInputWarning: An input array is constant; the correlation coefficient is not defined.
  sc = spearmanr(ytr[iva], pred).correlation
/workspace_developability_acquisition/gate_b1/scripts/05_train_ABC.py:181: ConstantInputWarning: An input array is constant; the correlation coefficient is not defined.
  sc = spearmanr(ytr[iva], pred).correlation
/workspace_developability_acquisition/gate_b1/scripts/05_train_ABC.py:181: ConstantInputWarning: An input array is constant; the correlation coefficient is not defined.
  sc = spearmanr(ytr[iva], pred).correlation
/workspace_developability_acquisition/gate_b1/scripts/05_train_ABC.py:181: ConstantInputWarning: An input array is constant; the correlation coefficient is not defined.
  sc = spearmanr(ytr[iva], pred).correlation
/workspace_developability_acquisition/gate_b1/scripts/05_train_ABC.py:181: ConstantInputWarning: An input array is constant; the correlation coefficient is not defined.
  sc = spearmanr(ytr[iva], pred).correlation
/workspace_developability_acquisition/gate_b1/scripts/05_train_ABC.py:181: ConstantInputWarning: An input array is constant; the correlation coefficient is not defined.
  sc = spearmanr(ytr[iva], pred).correlation
/workspace_developability_acquisition/gate_b1/scripts/05_train_ABC.py:181: ConstantInputWarning: An input array is constant; the correlation coefficient is not defined.
  sc = spearmanr(ytr[iva], pred).correlation
/workspace_developability_acquisition/gate_b1/scripts/05_train_ABC.py:181: ConstantInputWarning: An input array is constant; the correlation coefficient is not defined.
  sc = spearmanr(ytr[iva], pred).correlation
/workspace_developability_acquisition/gate_b1/scripts/05_train_ABC.py:181: ConstantInputWarning: An input array is constant; the correlation coefficient is not defined.
  sc = spearmanr(ytr[iva], pred).correlation
/workspace_developability_acquisition/gate_b1/scripts/05_train_ABC.py:181: ConstantInputWarning: An input array is constant; the correlation coefficient is not defined.
  sc = spearmanr(ytr[iva], pred).correlation
/workspace_developability_acquisition/gate_b1/scripts/05_train_ABC.py:181: ConstantInputWarning: An input array is constant; the correlation coefficient is not defined.
  sc = spearmanr(ytr[iva], pred).correlation
/workspace_developability_acquisition/gate_b1/scripts/05_train_ABC.py:181: ConstantInputWarning: An input array is constant; the correlation coefficient is not defined.
  sc = spearmanr(ytr[iva], pred).correlation
/workspace_developability_acquisition/gate_b1/scripts/05_train_ABC.py:181: ConstantInputWarning: An input array is constant; the correlation coefficient is not defined.
  sc = spearmanr(ytr[iva], pred).correlation
/workspace_developability_acquisition/gate_b1/scripts/05_train_ABC.py:181: ConstantInputWarning: An input array is constant; the correlation coefficient is not defined.
  sc = spearmanr(ytr[iva], pred).correlation
/workspace_developability_acquisition/gate_b1/scripts/05_train_ABC.py:181: ConstantInputWarning: An input array is constant; the correlation coefficient is not defined.
  sc = spearmanr(ytr[iva], pred).correlation
/workspace_developability_acquisition/gate_b1/scripts/05_train_ABC.py:181: ConstantInputWarning: An input array is constant; the correlation coefficient is not defined.
  sc = spearmanr(ytr[iva], pred).correlation
/workspace_developability_acquisition/gate_b1/scripts/05_train_ABC.py:181: ConstantInputWarning: An input array is constant; the correlation coefficient is not defined.
  sc = spearmanr(ytr[iva], pred).correlation
/workspace_developability_acquisition/gate_b1/scripts/05_train_ABC.py:181: ConstantInputWarning: An input array is constant; the correlation coefficient is not defined.
  sc = spearmanr(ytr[iva], pred).correlation
/workspace_developability_acquisition/gate_b1/scripts/05_train_ABC.py:181: ConstantInputWarning: An input array is constant; the correlation coefficient is not defined.
  sc = spearmanr(ytr[iva], pred).correlation
/workspace_developability_acquisition/gate_b1/scripts/05_train_ABC.py:181: ConstantInputWarning: An input array is constant; the correlation coefficient is not defined.
  sc = spearmanr(ytr[iva], pred).correlation
/workspace_developability_acquisition/gate_b1/scripts/05_train_ABC.py:181: ConstantInputWarning: An input array is constant; the correlation coefficient is not defined.
  sc = spearmanr(ytr[iva], pred).correlation
/workspace_developability_acquisition/gate_b1/scripts/05_train_ABC.py:181: ConstantInputWarning: An input array is constant; the correlation coefficient is not defined.
  sc = spearmanr(ytr[iva], pred).correlation
/workspace_developability_acquisition/gate_b1/scripts/05_train_ABC.py:181: ConstantInputWarning: An input array is constant; the correlation coefficient is not defined.
  sc = spearmanr(ytr[iva], pred).correlation
/workspace_developability_acquisition/gate_b1/scripts/05_train_ABC.py:181: ConstantInputWarning: An input array is constant; the correlation coefficient is not defined.
  sc = spearmanr(ytr[iva], pred).correlation
/workspace_developability_acquisition/gate_b1/scripts/05_train_ABC.py:181: ConstantInputWarning: An input array is constant; the correlation coefficient is not defined.
  sc = spearmanr(ytr[iva], pred).correlation
/workspace_developability_acquisition/gate_b1/scripts/05_train_ABC.py:181: ConstantInputWarning: An input array is constant; the correlation coefficient is not defined.
  sc = spearmanr(ytr[iva], pred).correlation
/workspace_developability_acquisition/gate_b1/scripts/05_train_ABC.py:181: ConstantInputWarning: An input array is constant; the correlation coefficient is not defined.
  sc = spearmanr(ytr[iva], pred).correlation
/workspace_developability_acquisition/gate_b1/scripts/05_train_ABC.py:181: ConstantInputWarning: An input array is constant; the correlation coefficient is not defined.
  sc = spearmanr(ytr[iva], pred).correlation
/workspace_developability_acquisition/gate_b1/scripts/05_train_ABC.py:181: ConstantInputWarning: An input array is constant; the correlation coefficient is not defined.
  sc = spearmanr(ytr[iva], pred).correlation
/workspace_developability_acquisition/gate_b1/scripts/05_train_ABC.py:181: ConstantInputWarning: An input array is constant; the correlation coefficient is not defined.
  sc = spearmanr(ytr[iva], pred).correlation
/workspace_developability_acquisition/gate_b1/scripts/05_train_ABC.py:181: ConstantInputWarning: An input array is constant; the correlation coefficient is not defined.
  sc = spearmanr(ytr[iva], pred).correlation
/workspace_developability_acquisition/gate_b1/scripts/05_train_ABC.py:181: ConstantInputWarning: An input array is constant; the correlation coefficient is not defined.
  sc = spearmanr(ytr[iva], pred).correlation
/workspace_developability_acquisition/gate_b1/scripts/05_train_ABC.py:181: ConstantInputWarning: An input array is constant; the correlation coefficient is not defined.
  sc = spearmanr(ytr[iva], pred).correlation
/workspace_developability_acquisition/gate_b1/scripts/05_train_ABC.py:181: ConstantInputWarning: An input array is constant; the correlation coefficient is not defined.
  sc = spearmanr(ytr[iva], pred).correlation
/workspace_developability_acquisition/gate_b1/scripts/05_train_ABC.py:181: ConstantInputWarning: An input array is constant; the correlation coefficient is not defined.
  sc = spearmanr(ytr[iva], pred).correlation
/workspace_developability_acquisition/gate_b1/scripts/05_train_ABC.py:181: ConstantInputWarning: An input array is constant; the correlation coefficient is not defined.
  sc = spearmanr(ytr[iva], pred).correlation
/workspace_developability_acquisition/gate_b1/scripts/05_train_ABC.py:181: ConstantInputWarning: An input array is constant; the correlation coefficient is not defined.
  sc = spearmanr(ytr[iva], pred).correlation
/workspace_developability_acquisition/gate_b1/scripts/05_train_ABC.py:181: ConstantInputWarning: An input array is constant; the correlation coefficient is not defined.
  sc = spearmanr(ytr[iva], pred).correlation
/workspace_developability_acquisition/gate_b1/scripts/05_train_ABC.py:181: ConstantInputWarning: An input array is constant; the correlation coefficient is not defined.
  sc = spearmanr(ytr[iva], pred).correlation
/workspace_developability_acquisition/gate_b1/scripts/05_train_ABC.py:181: ConstantInputWarning: An input array is constant; the correlation coefficient is not defined.
  sc = spearmanr(ytr[iva], pred).correlation
/workspace_developability_acquisition/gate_b1/scripts/05_train_ABC.py:181: ConstantInputWarning: An input array is constant; the correlation coefficient is not defined.
  sc = spearmanr(ytr[iva], pred).correlation
/workspace_developability_acquisition/gate_b1/scripts/05_train_ABC.py:181: ConstantInputWarning: An input array is constant; the correlation coefficient is not defined.
  sc = spearmanr(ytr[iva], pred).correlation
FULL HIC B_cdr_descriptors
/workspace_developability_acquisition/gate_b1/scripts/05_train_ABC.py:181: ConstantInputWarning: An input array is constant; the correlation coefficient is not defined.
  sc = spearmanr(ytr[iva], pred).correlation
/workspace_developability_acquisition/gate_b1/scripts/05_train_ABC.py:181: ConstantInputWarning: An input array is constant; the correlation coefficient is not defined.
  sc = spearmanr(ytr[iva], pred).correlation
/workspace_developability_acquisition/gate_b1/scripts/05_train_ABC.py:181: ConstantInputWarning: An input array is constant; the correlation coefficient is not defined.
  sc = spearmanr(ytr[iva], pred).correlation
/workspace_developability_acquisition/gate_b1/scripts/05_train_ABC.py:181: ConstantInputWarning: An input array is constant; the correlation coefficient is not defined.
  sc = spearmanr(ytr[iva], pred).correlation
/workspace_developability_acquisition/gate_b1/scripts/05_train_ABC.py:181: ConstantInputWarning: An input array is constant; the correlation coefficient is not defined.
  sc = spearmanr(ytr[iva], pred).correlation
/workspace_developability_acquisition/gate_b1/scripts/05_train_ABC.py:181: ConstantInputWarning: An input array is constant; the correlation coefficient is not defined.
  sc = spearmanr(ytr[iva], pred).correlation
/workspace_developability_acquisition/gate_b1/scripts/05_train_ABC.py:181: ConstantInputWarning: An input array is constant; the correlation coefficient is not defined.
  sc = spearmanr(ytr[iva], pred).correlation
/workspace_developability_acquisition/gate_b1/scripts/05_train_ABC.py:181: ConstantInputWarning: An input array is constant; the correlation coefficient is not defined.
  sc = spearmanr(ytr[iva], pred).correlation
/workspace_developability_acquisition/gate_b1/scripts/05_train_ABC.py:181: ConstantInputWarning: An input array is constant; the correlation coefficient is not defined.
  sc = spearmanr(ytr[iva], pred).correlation
/workspace_developability_acquisition/gate_b1/scripts/05_train_ABC.py:181: ConstantInputWarning: An input array is constant; the correlation coefficient is not defined.
  sc = spearmanr(ytr[iva], pred).correlation
/workspace_developability_acquisition/gate_b1/scripts/05_train_ABC.py:181: ConstantInputWarning: An input array is constant; the correlation coefficient is not defined.
  sc = spearmanr(ytr[iva], pred).correlation
/workspace_developability_acquisition/gate_b1/scripts/05_train_ABC.py:181: ConstantInputWarning: An input array is constant; the correlation coefficient is not defined.
  sc = spearmanr(ytr[iva], pred).correlation
/workspace_developability_acquisition/gate_b1/scripts/05_train_ABC.py:181: ConstantInputWarning: An input array is constant; the correlation coefficient is not defined.
  sc = spearmanr(ytr[iva], pred).correlation
/workspace_developability_acquisition/gate_b1/scripts/05_train_ABC.py:181: ConstantInputWarning: An input array is constant; the correlation coefficient is not defined.
  sc = spearmanr(ytr[iva], pred).correlation
/workspace_developability_acquisition/gate_b1/scripts/05_train_ABC.py:181: ConstantInputWarning: An input array is constant; the correlation coefficient is not defined.
  sc = spearmanr(ytr[iva], pred).correlation
/workspace_developability_acquisition/gate_b1/scripts/05_train_ABC.py:181: ConstantInputWarning: An input array is constant; the correlation coefficient is not defined.
  sc = spearmanr(ytr[iva], pred).correlation
/workspace_developability_acquisition/gate_b1/scripts/05_train_ABC.py:181: ConstantInputWarning: An input array is constant; the correlation coefficient is not defined.
  sc = spearmanr(ytr[iva], pred).correlation
/workspace_developability_acquisition/gate_b1/scripts/05_train_ABC.py:181: ConstantInputWarning: An input array is constant; the correlation coefficient is not defined.
  sc = spearmanr(ytr[iva], pred).correlation
/workspace_developability_acquisition/gate_b1/scripts/05_train_ABC.py:181: ConstantInputWarning: An input array is constant; the correlation coefficient is not defined.
  sc = spearmanr(ytr[iva], pred).correlation
/workspace_developability_acquisition/gate_b1/scripts/05_train_ABC.py:181: ConstantInputWarning: An input array is constant; the correlation coefficient is not defined.
  sc = spearmanr(ytr[iva], pred).correlation
/workspace_developability_acquisition/gate_b1/scripts/05_train_ABC.py:181: ConstantInputWarning: An input array is constant; the correlation coefficient is not defined.
  sc = spearmanr(ytr[iva], pred).correlation
/workspace_developability_acquisition/gate_b1/scripts/05_train_ABC.py:181: ConstantInputWarning: An input array is constant; the correlation coefficient is not defined.
  sc = spearmanr(ytr[iva], pred).correlation
/workspace_developability_acquisition/gate_b1/scripts/05_train_ABC.py:181: ConstantInputWarning: An input array is constant; the correlation coefficient is not defined.
  sc = spearmanr(ytr[iva], pred).correlation
/workspace_developability_acquisition/gate_b1/scripts/05_train_ABC.py:181: ConstantInputWarning: An input array is constant; the correlation coefficient is not defined.
  sc = spearmanr(ytr[iva], pred).correlation
/workspace_developability_acquisition/gate_b1/scripts/05_train_ABC.py:181: ConstantInputWarning: An input array is constant; the correlation coefficient is not defined.
  sc = spearmanr(ytr[iva], pred).correlation
/workspace_developability_acquisition/gate_b1/scripts/05_train_ABC.py:181: ConstantInputWarning: An input array is constant; the correlation coefficient is not defined.
  sc = spearmanr(ytr[iva], pred).correlation
/workspace_developability_acquisition/gate_b1/scripts/05_train_ABC.py:181: ConstantInputWarning: An input array is constant; the correlation coefficient is not defined.
  sc = spearmanr(ytr[iva], pred).correlation
/workspace_developability_acquisition/gate_b1/scripts/05_train_ABC.py:181: ConstantInputWarning: An input array is constant; the correlation coefficient is not defined.
  sc = spearmanr(ytr[iva], pred).correlation
/workspace_developability_acquisition/gate_b1/scripts/05_train_ABC.py:181: ConstantInputWarning: An input array is constant; the correlation coefficient is not defined.
  sc = spearmanr(ytr[iva], pred).correlation
/workspace_developability_acquisition/gate_b1/scripts/05_train_ABC.py:181: ConstantInputWarning: An input array is constant; the correlation coefficient is not defined.
  sc = spearmanr(ytr[iva], pred).correlation
/workspace_developability_acquisition/gate_b1/scripts/05_train_ABC.py:181: ConstantInputWarning: An input array is constant; the correlation coefficient is not defined.
  sc = spearmanr(ytr[iva], pred).correlation
/workspace_developability_acquisition/gate_b1/scripts/05_train_ABC.py:181: ConstantInputWarning: An input array is constant; the correlation coefficient is not defined.
  sc = spearmanr(ytr[iva], pred).correlation
/workspace_developability_acquisition/gate_b1/scripts/05_train_ABC.py:181: ConstantInputWarning: An input array is constant; the correlation coefficient is not defined.
  sc = spearmanr(ytr[iva], pred).correlation
/workspace_developability_acquisition/gate_b1/scripts/05_train_ABC.py:181: ConstantInputWarning: An input array is constant; the correlation coefficient is not defined.
  sc = spearmanr(ytr[iva], pred).correlation
/workspace_developability_acquisition/gate_b1/scripts/05_train_ABC.py:181: ConstantInputWarning: An input array is constant; the correlation coefficient is not defined.
  sc = spearmanr(ytr[iva], pred).correlation
/workspace_developability_acquisition/gate_b1/scripts/05_train_ABC.py:181: ConstantInputWarning: An input array is constant; the correlation coefficient is not defined.
  sc = spearmanr(ytr[iva], pred).correlation
/workspace_developability_acquisition/gate_b1/scripts/05_train_ABC.py:181: ConstantInputWarning: An input array is constant; the correlation coefficient is not defined.
  sc = spearmanr(ytr[iva], pred).correlation
/workspace_developability_acquisition/gate_b1/scripts/05_train_ABC.py:181: ConstantInputWarning: An input array is constant; the correlation coefficient is not defined.
  sc = spearmanr(ytr[iva], pred).correlation
/workspace_developability_acquisition/gate_b1/scripts/05_train_ABC.py:181: ConstantInputWarning: An input array is constant; the correlation coefficient is not defined.
  sc = spearmanr(ytr[iva], pred).correlation
/workspace_developability_acquisition/gate_b1/scripts/05_train_ABC.py:181: ConstantInputWarning: An input array is constant; the correlation coefficient is not defined.
  sc = spearmanr(ytr[iva], pred).correlation
/workspace_developability_acquisition/gate_b1/scripts/05_train_ABC.py:181: ConstantInputWarning: An input array is constant; the correlation coefficient is not defined.
  sc = spearmanr(ytr[iva], pred).correlation
/workspace_developability_acquisition/gate_b1/scripts/05_train_ABC.py:181: ConstantInputWarning: An input array is constant; the correlation coefficient is not defined.
  sc = spearmanr(ytr[iva], pred).correlation
/workspace_developability_acquisition/gate_b1/scripts/05_train_ABC.py:181: ConstantInputWarning: An input array is constant; the correlation coefficient is not defined.
  sc = spearmanr(ytr[iva], pred).correlation
/workspace_developability_acquisition/gate_b1/scripts/05_train_ABC.py:181: ConstantInputWarning: An input array is constant; the correlation coefficient is not defined.
  sc = spearmanr(ytr[iva], pred).correlation
/workspace_developability_acquisition/gate_b1/scripts/05_train_ABC.py:181: ConstantInputWarning: An input array is constant; the correlation coefficient is not defined.
  sc = spearmanr(ytr[iva], pred).correlation
FULL HIC C_BIO_SHORTCUT
/workspace_developability_acquisition/gate_b1/scripts/05_train_ABC.py:181: ConstantInputWarning: An input array is constant; the correlation coefficient is not defined.
  sc = spearmanr(ytr[iva], pred).correlation
/workspace_developability_acquisition/gate_b1/scripts/05_train_ABC.py:181: ConstantInputWarning: An input array is constant; the correlation coefficient is not defined.
  sc = spearmanr(ytr[iva], pred).correlation
/workspace_developability_acquisition/gate_b1/scripts/05_train_ABC.py:181: ConstantInputWarning: An input array is constant; the correlation coefficient is not defined.
  sc = spearmanr(ytr[iva], pred).correlation
/workspace_developability_acquisition/gate_b1/scripts/05_train_ABC.py:181: ConstantInputWarning: An input array is constant; the correlation coefficient is not defined.
  sc = spearmanr(ytr[iva], pred).correlation
/workspace_developability_acquisition/gate_b1/scripts/05_train_ABC.py:181: ConstantInputWarning: An input array is constant; the correlation coefficient is not defined.
  sc = spearmanr(ytr[iva], pred).correlation
/workspace_developability_acquisition/gate_b1/scripts/05_train_ABC.py:181: ConstantInputWarning: An input array is constant; the correlation coefficient is not defined.
  sc = spearmanr(ytr[iva], pred).correlation
/workspace_developability_acquisition/gate_b1/scripts/05_train_ABC.py:181: ConstantInputWarning: An input array is constant; the correlation coefficient is not defined.
  sc = spearmanr(ytr[iva], pred).correlation
/workspace_developability_acquisition/gate_b1/scripts/05_train_ABC.py:181: ConstantInputWarning: An input array is constant; the correlation coefficient is not defined.
  sc = spearmanr(ytr[iva], pred).correlation
/workspace_developability_acquisition/gate_b1/scripts/05_train_ABC.py:181: ConstantInputWarning: An input array is constant; the correlation coefficient is not defined.
  sc = spearmanr(ytr[iva], pred).correlation
/workspace_developability_acquisition/gate_b1/scripts/05_train_ABC.py:181: ConstantInputWarning: An input array is constant; the correlation coefficient is not defined.
  sc = spearmanr(ytr[iva], pred).correlation
/workspace_developability_acquisition/gate_b1/scripts/05_train_ABC.py:181: ConstantInputWarning: An input array is constant; the correlation coefficient is not defined.
  sc = spearmanr(ytr[iva], pred).correlation
/workspace_developability_acquisition/gate_b1/scripts/05_train_ABC.py:181: ConstantInputWarning: An input array is constant; the correlation coefficient is not defined.
  sc = spearmanr(ytr[iva], pred).correlation
/workspace_developability_acquisition/gate_b1/scripts/05_train_ABC.py:181: ConstantInputWarning: An input array is constant; the correlation coefficient is not defined.
  sc = spearmanr(ytr[iva], pred).correlation
/workspace_developability_acquisition/gate_b1/scripts/05_train_ABC.py:181: ConstantInputWarning: An input array is constant; the correlation coefficient is not defined.
  sc = spearmanr(ytr[iva], pred).correlation
/workspace_developability_acquisition/gate_b1/scripts/05_train_ABC.py:181: ConstantInputWarning: An input array is constant; the correlation coefficient is not defined.
  sc = spearmanr(ytr[iva], pred).correlation
/workspace_developability_acquisition/gate_b1/scripts/05_train_ABC.py:181: ConstantInputWarning: An input array is constant; the correlation coefficient is not defined.
  sc = spearmanr(ytr[iva], pred).correlation
/workspace_developability_acquisition/gate_b1/scripts/05_train_ABC.py:181: ConstantInputWarning: An input array is constant; the correlation coefficient is not defined.
  sc = spearmanr(ytr[iva], pred).correlation
/workspace_developability_acquisition/gate_b1/scripts/05_train_ABC.py:181: ConstantInputWarning: An input array is constant; the correlation coefficient is not defined.
  sc = spearmanr(ytr[iva], pred).correlation
/workspace_developability_acquisition/gate_b1/scripts/05_train_ABC.py:181: ConstantInputWarning: An input array is constant; the correlation coefficient is not defined.
  sc = spearmanr(ytr[iva], pred).correlation
/workspace_developability_acquisition/gate_b1/scripts/05_train_ABC.py:181: ConstantInputWarning: An input array is constant; the correlation coefficient is not defined.
  sc = spearmanr(ytr[iva], pred).correlation
/workspace_developability_acquisition/gate_b1/scripts/05_train_ABC.py:181: ConstantInputWarning: An input array is constant; the correlation coefficient is not defined.
  sc = spearmanr(ytr[iva], pred).correlation
/workspace_developability_acquisition/gate_b1/scripts/05_train_ABC.py:181: ConstantInputWarning: An input array is constant; the correlation coefficient is not defined.
  sc = spearmanr(ytr[iva], pred).correlation
/workspace_developability_acquisition/gate_b1/scripts/05_train_ABC.py:181: ConstantInputWarning: An input array is constant; the correlation coefficient is not defined.
  sc = spearmanr(ytr[iva], pred).correlation
/workspace_developability_acquisition/gate_b1/scripts/05_train_ABC.py:181: ConstantInputWarning: An input array is constant; the correlation coefficient is not defined.
  sc = spearmanr(ytr[iva], pred).correlation
/workspace_developability_acquisition/gate_b1/scripts/05_train_ABC.py:181: ConstantInputWarning: An input array is constant; the correlation coefficient is not defined.
  sc = spearmanr(ytr[iva], pred).correlation
/workspace_developability_acquisition/gate_b1/scripts/05_train_ABC.py:181: ConstantInputWarning: An input array is constant; the correlation coefficient is not defined.
  sc = spearmanr(ytr[iva], pred).correlation
/workspace_developability_acquisition/gate_b1/scripts/05_train_ABC.py:181: ConstantInputWarning: An input array is constant; the correlation coefficient is not defined.
  sc = spearmanr(ytr[iva], pred).correlation
/workspace_developability_acquisition/gate_b1/scripts/05_train_ABC.py:181: ConstantInputWarning: An input array is constant; the correlation coefficient is not defined.
  sc = spearmanr(ytr[iva], pred).correlation
/workspace_developability_acquisition/gate_b1/scripts/05_train_ABC.py:181: ConstantInputWarning: An input array is constant; the correlation coefficient is not defined.
  sc = spearmanr(ytr[iva], pred).correlation
/workspace_developability_acquisition/gate_b1/scripts/05_train_ABC.py:181: ConstantInputWarning: An input array is constant; the correlation coefficient is not defined.
  sc = spearmanr(ytr[iva], pred).correlation
/workspace_developability_acquisition/gate_b1/scripts/05_train_ABC.py:181: ConstantInputWarning: An input array is constant; the correlation coefficient is not defined.
  sc = spearmanr(ytr[iva], pred).correlation
/workspace_developability_acquisition/gate_b1/scripts/05_train_ABC.py:181: ConstantInputWarning: An input array is constant; the correlation coefficient is not defined.
  sc = spearmanr(ytr[iva], pred).correlation
/workspace_developability_acquisition/gate_b1/scripts/05_train_ABC.py:181: ConstantInputWarning: An input array is constant; the correlation coefficient is not defined.
  sc = spearmanr(ytr[iva], pred).correlation
/workspace_developability_acquisition/gate_b1/scripts/05_train_ABC.py:181: ConstantInputWarning: An input array is constant; the correlation coefficient is not defined.
  sc = spearmanr(ytr[iva], pred).correlation
/workspace_developability_acquisition/gate_b1/scripts/05_train_ABC.py:181: ConstantInputWarning: An input array is constant; the correlation coefficient is not defined.
  sc = spearmanr(ytr[iva], pred).correlation
/workspace_developability_acquisition/gate_b1/scripts/05_train_ABC.py:181: ConstantInputWarning: An input array is constant; the correlation coefficient is not defined.
  sc = spearmanr(ytr[iva], pred).correlation
/workspace_developability_acquisition/gate_b1/scripts/05_train_ABC.py:181: ConstantInputWarning: An input array is constant; the correlation coefficient is not defined.
  sc = spearmanr(ytr[iva], pred).correlation
/workspace_developability_acquisition/gate_b1/scripts/05_train_ABC.py:181: ConstantInputWarning: An input array is constant; the correlation coefficient is not defined.
  sc = spearmanr(ytr[iva], pred).correlation
/workspace_developability_acquisition/gate_b1/scripts/05_train_ABC.py:181: ConstantInputWarning: An input array is constant; the correlation coefficient is not defined.
  sc = spearmanr(ytr[iva], pred).correlation
/workspace_developability_acquisition/gate_b1/scripts/05_train_ABC.py:181: ConstantInputWarning: An input array is constant; the correlation coefficient is not defined.
  sc = spearmanr(ytr[iva], pred).correlation
/workspace_developability_acquisition/gate_b1/scripts/05_train_ABC.py:181: ConstantInputWarning: An input array is constant; the correlation coefficient is not defined.
  sc = spearmanr(ytr[iva], pred).correlation
/workspace_developability_acquisition/gate_b1/scripts/05_train_ABC.py:181: ConstantInputWarning: An input array is constant; the correlation coefficient is not defined.
  sc = spearmanr(ytr[iva], pred).correlation
/workspace_developability_acquisition/gate_b1/scripts/05_train_ABC.py:181: ConstantInputWarning: An input array is constant; the correlation coefficient is not defined.
  sc = spearmanr(ytr[iva], pred).correlation
/workspace_developability_acquisition/gate_b1/scripts/05_train_ABC.py:181: ConstantInputWarning: An input array is constant; the correlation coefficient is not defined.
  sc = spearmanr(ytr[iva], pred).correlation
/workspace_developability_acquisition/gate_b1/scripts/05_train_ABC.py:181: ConstantInputWarning: An input array is constant; the correlation coefficient is not defined.
  sc = spearmanr(ytr[iva], pred).correlation
/workspace_developability_acquisition/gate_b1/scripts/05_train_ABC.py:181: ConstantInputWarning: An input array is constant; the correlation coefficient is not defined.
  sc = spearmanr(ytr[iva], pred).correlation
/workspace_developability_acquisition/gate_b1/scripts/05_train_ABC.py:181: ConstantInputWarning: An input array is constant; the correlation coefficient is not defined.
  sc = spearmanr(ytr[iva], pred).correlation
/workspace_developability_acquisition/gate_b1/scripts/05_train_ABC.py:181: ConstantInputWarning: An input array is constant; the correlation coefficient is not defined.
  sc = spearmanr(ytr[iva], pred).correlation
/workspace_developability_acquisition/gate_b1/scripts/05_train_ABC.py:181: ConstantInputWarning: An input array is constant; the correlation coefficient is not defined.
  sc = spearmanr(ytr[iva], pred).correlation
/workspace_developability_acquisition/gate_b1/scripts/05_train_ABC.py:181: ConstantInputWarning: An input array is constant; the correlation coefficient is not defined.
  sc = spearmanr(ytr[iva], pred).correlation
/workspace_developability_acquisition/gate_b1/scripts/10_train_plm_structure.py:106: ConstantInputWarning: An input array is constant; the correlation coefficient is not defined.
  sc = spearmanr(y[tr][iva], pred).correlation
/workspace_developability_acquisition/gate_b1/scripts/10_train_plm_structure.py:106: ConstantInputWarning: An input array is constant; the correlation coefficient is not defined.
  sc = spearmanr(y[tr][iva], pred).correlation
/workspace_developability_acquisition/gate_b1/scripts/10_train_plm_structure.py:106: ConstantInputWarning: An input array is constant; the correlation coefficient is not defined.
  sc = spearmanr(y[tr][iva], pred).correlation
/workspace_developability_acquisition/gate_b1/scripts/10_train_plm_structure.py:106: ConstantInputWarning: An input array is constant; the correlation coefficient is not defined.
  sc = spearmanr(y[tr][iva], pred).correlation
/workspace_developability_acquisition/gate_b1/scripts/10_train_plm_structure.py:106: ConstantInputWarning: An input array is constant; the correlation coefficient is not defined.
  sc = spearmanr(y[tr][iva], pred).correlation
/workspace_developability_acquisition/gate_b1/scripts/10_train_plm_structure.py:106: ConstantInputWarning: An input array is constant; the correlation coefficient is not defined.
  sc = spearmanr(y[tr][iva], pred).correlation
/workspace_developability_acquisition/gate_b1/scripts/10_train_plm_structure.py:106: ConstantInputWarning: An input array is constant; the correlation coefficient is not defined.
  sc = spearmanr(y[tr][iva], pred).correlation
/workspace_developability_acquisition/gate_b1/scripts/10_train_plm_structure.py:106: ConstantInputWarning: An input array is constant; the correlation coefficient is not defined.
  sc = spearmanr(y[tr][iva], pred).correlation
/workspace_developability_acquisition/gate_b1/scripts/10_train_plm_structure.py:106: ConstantInputWarning: An input array is constant; the correlation coefficient is not defined.
  sc = spearmanr(y[tr][iva], pred).correlation
/workspace_developability_acquisition/gate_b1/scripts/10_train_plm_structure.py:106: ConstantInputWarning: An input array is constant; the correlation coefficient is not defined.
  sc = spearmanr(y[tr][iva], pred).correlation
/workspace_developability_acquisition/gate_b1/scripts/10_train_plm_structure.py:106: ConstantInputWarning: An input array is constant; the correlation coefficient is not defined.
  sc = spearmanr(y[tr][iva], pred).correlation
/workspace_developability_acquisition/gate_b1/scripts/10_train_plm_structure.py:106: ConstantInputWarning: An input array is constant; the correlation coefficient is not defined.
  sc = spearmanr(y[tr][iva], pred).correlation
/workspace_developability_acquisition/gate_b1/scripts/10_train_plm_structure.py:106: ConstantInputWarning: An input array is constant; the correlation coefficient is not defined.
  sc = spearmanr(y[tr][iva], pred).correlation
/workspace_developability_acquisition/gate_b1/scripts/10_train_plm_structure.py:106: ConstantInputWarning: An input array is constant; the correlation coefficient is not defined.
  sc = spearmanr(y[tr][iva], pred).correlation
/workspace_developability_acquisition/gate_b1/scripts/10_train_plm_structure.py:106: ConstantInputWarning: An input array is constant; the correlation coefficient is not defined.
  sc = spearmanr(y[tr][iva], pred).correlation
FULL TmApp A2_physchem
FULL TmApp B_cdr_descriptors
FULL TmApp C_BIO_SHORTCUT
/workspace_developability_acquisition/gate_b1/scripts/10_train_plm_structure.py:106: ConstantInputWarning: An input array is constant; the correlation coefficient is not defined.
  sc = spearmanr(y[tr][iva], pred).correlation
FULL_OK 33
