load ABB_STRUCTURE
  shape (162, 249)
load BIO
  shape (162, 31)
load ESMFN_STRUCTURE
  shape (162, 192)
load FUSION_ABLANG2_BIO
  shape (162, 511)
load FUSION_ABLANG2_IMGT
  shape (162, 6090)
load FUSION_BIO_IMGT
  shape (162, 5641)
load FUSION_ESM2_ESMFN
  shape (162, 2752)
load FUSION_ESM2_SEQCDR_ESMFN
  shape (162, 3012)
load GERMLINE_REL
  shape (162, 59)
load IMGT_POS_HL
  shape (162, 5610)
load PLM_ABLANG2
  shape (162, 480)
load PLM_ESM1B
  shape (162, 2560)
load PLM_ESM2
  shape (162, 2560)
load PLM_ESM2_CDR6
  shape (162, 7680)
load SEQ_CDR
  shape (162, 260)
load SEQ_SIMPLE
  shape (162, 99)

===== TARGET HIC =====
/workspace_developability_acquisition/gate_b4_absolute/scripts/b4_common.py:169: ConstantInputWarning: An input array is constant; the correlation coefficient is not defined.
  pr = pearsonr(y, p)[0]
/workspace_developability_acquisition/gate_b4_absolute/scripts/b4_common.py:170: ConstantInputWarning: An input array is constant; the correlation coefficient is not defined.
  sp = spearmanr(y, p).correlation
Optuna screen_HIC_SEQ_SIMPLE_ElasticNet
Optuna screen_HIC_BIO_ElasticNet
Optuna screen_HIC_PLM_ESM2_ElasticNet
Optuna screen_HIC_PLM_ESM1B_ElasticNet
Optuna screen_HIC_PLM_ABLANG2_ElasticNet
Optuna screen_HIC_ESMFN_STRUCTURE_ElasticNet
Optuna screen_HIC_ABB_STRUCTURE_ElasticNet
Optuna screen_HIC_FUSION_ESM2_ESMFN_ElasticNet
Optuna screen_HIC_PLM_ESM2_PCA16_SVR
Optuna screen_HIC_PLM_ESM2_PCA32_SVR
Optuna screen_HIC_PLM_ESM2_PCA64_SVR
Optuna screen_HIC_PLM_ESM1B_PCA16_SVR
Optuna screen_HIC_PLM_ESM1B_PCA32_SVR
Optuna screen_HIC_PLM_ESM1B_PCA64_SVR
Optuna GBDT screen_HIC_ESMFN_STRUCTURE_XGB_L1
Optuna GBDT screen_HIC_ESMFN_STRUCTURE_XGB_L2
Optuna GBDT screen_HIC_ESMFN_STRUCTURE_LGB_L1
/workspace_developability_acquisition/.venv_b1/lib/python3.12/site-packages/lightgbm/sklearn.py:1106: LGBMDeprecationWarning: The argument 'eval_set' is deprecated, use 'eval_X' and 'eval_y' instead.
  eval_set = _validate_eval_set_Xy(eval_set=eval_set, eval_X=eval_X, eval_y=eval_y)
/workspace_developability_acquisition/.venv_b1/lib/python3.12/site-packages/lightgbm/sklearn.py:1106: LGBMDeprecationWarning: The argument 'eval_set' is deprecated, use 'eval_X' and 'eval_y' instead.
  eval_set = _validate_eval_set_Xy(eval_set=eval_set, eval_X=eval_X, eval_y=eval_y)
/workspace_developability_acquisition/.venv_b1/lib/python3.12/site-packages/lightgbm/sklearn.py:1106: LGBMDeprecationWarning: The argument 'eval_set' is deprecated, use 'eval_X' and 'eval_y' instead.
  eval_set = _validate_eval_set_Xy(eval_set=eval_set, eval_X=eval_X, eval_y=eval_y)
/workspace_developability_acquisition/.venv_b1/lib/python3.12/site-packages/lightgbm/sklearn.py:1106: LGBMDeprecationWarning: The argument 'eval_set' is deprecated, use 'eval_X' and 'eval_y' instead.
  eval_set = _validate_eval_set_Xy(eval_set=eval_set, eval_X=eval_X, eval_y=eval_y)
/workspace_developability_acquisition/.venv_b1/lib/python3.12/site-packages/lightgbm/sklearn.py:1106: LGBMDeprecationWarning: The argument 'eval_set' is deprecated, use 'eval_X' and 'eval_y' instead.
  eval_set = _validate_eval_set_Xy(eval_set=eval_set, eval_X=eval_X, eval_y=eval_y)
/workspace_developability_acquisition/.venv_b1/lib/python3.12/site-packages/lightgbm/sklearn.py:1106: LGBMDeprecationWarning: The argument 'eval_set' is deprecated, use 'eval_X' and 'eval_y' instead.
  eval_set = _validate_eval_set_Xy(eval_set=eval_set, eval_X=eval_X, eval_y=eval_y)
/workspace_developability_acquisition/.venv_b1/lib/python3.12/site-packages/lightgbm/sklearn.py:1106: LGBMDeprecationWarning: The argument 'eval_set' is deprecated, use 'eval_X' and 'eval_y' instead.
  eval_set = _validate_eval_set_Xy(eval_set=eval_set, eval_X=eval_X, eval_y=eval_y)
/workspace_developability_acquisition/.venv_b1/lib/python3.12/site-packages/lightgbm/sklearn.py:1106: LGBMDeprecationWarning: The argument 'eval_set' is deprecated, use 'eval_X' and 'eval_y' instead.
  eval_set = _validate_eval_set_Xy(eval_set=eval_set, eval_X=eval_X, eval_y=eval_y)
/workspace_developability_acquisition/.venv_b1/lib/python3.12/site-packages/lightgbm/sklearn.py:1106: LGBMDeprecationWarning: The argument 'eval_set' is deprecated, use 'eval_X' and 'eval_y' instead.
  eval_set = _validate_eval_set_Xy(eval_set=eval_set, eval_X=eval_X, eval_y=eval_y)
/workspace_developability_acquisition/.venv_b1/lib/python3.12/site-packages/lightgbm/sklearn.py:1106: LGBMDeprecationWarning: The argument 'eval_set' is deprecated, use 'eval_X' and 'eval_y' instead.
  eval_set = _validate_eval_set_Xy(eval_set=eval_set, eval_X=eval_X, eval_y=eval_y)
/workspace_developability_acquisition/.venv_b1/lib/python3.12/site-packages/lightgbm/sklearn.py:1106: LGBMDeprecationWarning: The argument 'eval_set' is deprecated, use 'eval_X' and 'eval_y' instead.
  eval_set = _validate_eval_set_Xy(eval_set=eval_set, eval_X=eval_X, eval_y=eval_y)
/workspace_developability_acquisition/.venv_b1/lib/python3.12/site-packages/lightgbm/sklearn.py:1106: LGBMDeprecationWarning: The argument 'eval_set' is deprecated, use 'eval_X' and 'eval_y' instead.
  eval_set = _validate_eval_set_Xy(eval_set=eval_set, eval_X=eval_X, eval_y=eval_y)
/workspace_developability_acquisition/.venv_b1/lib/python3.12/site-packages/lightgbm/sklearn.py:1106: LGBMDeprecationWarning: The argument 'eval_set' is deprecated, use 'eval_X' and 'eval_y' instead.
  eval_set = _validate_eval_set_Xy(eval_set=eval_set, eval_X=eval_X, eval_y=eval_y)
/workspace_developability_acquisition/.venv_b1/lib/python3.12/site-packages/lightgbm/sklearn.py:1106: LGBMDeprecationWarning: The argument 'eval_set' is deprecated, use 'eval_X' and 'eval_y' instead.
  eval_set = _validate_eval_set_Xy(eval_set=eval_set, eval_X=eval_X, eval_y=eval_y)
/workspace_developability_acquisition/.venv_b1/lib/python3.12/site-packages/lightgbm/sklearn.py:1106: LGBMDeprecationWarning: The argument 'eval_set' is deprecated, use 'eval_X' and 'eval_y' instead.
  eval_set = _validate_eval_set_Xy(eval_set=eval_set, eval_X=eval_X, eval_y=eval_y)
/workspace_developability_acquisition/.venv_b1/lib/python3.12/site-packages/lightgbm/sklearn.py:1106: LGBMDeprecationWarning: The argument 'eval_set' is deprecated, use 'eval_X' and 'eval_y' instead.
  eval_set = _validate_eval_set_Xy(eval_set=eval_set, eval_X=eval_X, eval_y=eval_y)
/workspace_developability_acquisition/.venv_b1/lib/python3.12/site-packages/lightgbm/sklearn.py:1106: LGBMDeprecationWarning: The argument 'eval_set' is deprecated, use 'eval_X' and 'eval_y' instead.
  eval_set = _validate_eval_set_Xy(eval_set=eval_set, eval_X=eval_X, eval_y=eval_y)
/workspace_developability_acquisition/.venv_b1/lib/python3.12/site-packages/lightgbm/sklearn.py:1106: LGBMDeprecationWarning: The argument 'eval_set' is deprecated, use 'eval_X' and 'eval_y' instead.
  eval_set = _validate_eval_set_Xy(eval_set=eval_set, eval_X=eval_X, eval_y=eval_y)
/workspace_developability_acquisition/.venv_b1/lib/python3.12/site-packages/lightgbm/sklearn.py:1106: LGBMDeprecationWarning: The argument 'eval_set' is deprecated, use 'eval_X' and 'eval_y' instead.
  eval_set = _validate_eval_set_Xy(eval_set=eval_set, eval_X=eval_X, eval_y=eval_y)
/workspace_developability_acquisition/.venv_b1/lib/python3.12/site-packages/lightgbm/sklearn.py:1106: LGBMDeprecationWarning: The argument 'eval_set' is deprecated, use 'eval_X' and 'eval_y' instead.
  eval_set = _validate_eval_set_Xy(eval_set=eval_set, eval_X=eval_X, eval_y=eval_y)
/workspace_developability_acquisition/.venv_b1/lib/python3.12/site-packages/lightgbm/sklearn.py:1106: LGBMDeprecationWarning: The argument 'eval_set' is deprecated, use 'eval_X' and 'eval_y' instead.
  eval_set = _validate_eval_set_Xy(eval_set=eval_set, eval_X=eval_X, eval_y=eval_y)
/workspace_developability_acquisition/.venv_b1/lib/python3.12/site-packages/lightgbm/sklearn.py:1106: LGBMDeprecationWarning: The argument 'eval_set' is deprecated, use 'eval_X' and 'eval_y' instead.
  eval_set = _validate_eval_set_Xy(eval_set=eval_set, eval_X=eval_X, eval_y=eval_y)
/workspace_developability_acquisition/.venv_b1/lib/python3.12/site-packages/lightgbm/sklearn.py:1106: LGBMDeprecationWarning: The argument 'eval_set' is deprecated, use 'eval_X' and 'eval_y' instead.
  eval_set = _validate_eval_set_Xy(eval_set=eval_set, eval_X=eval_X, eval_y=eval_y)
/workspace_developability_acquisition/.venv_b1/lib/python3.12/site-packages/lightgbm/sklearn.py:1106: LGBMDeprecationWarning: The argument 'eval_set' is deprecated, use 'eval_X' and 'eval_y' instead.
  eval_set = _validate_eval_set_Xy(eval_set=eval_set, eval_X=eval_X, eval_y=eval_y)
/workspace_developability_acquisition/.venv_b1/lib/python3.12/site-packages/lightgbm/sklearn.py:1106: LGBMDeprecationWarning: The argument 'eval_set' is deprecated, use 'eval_X' and 'eval_y' instead.
  eval_set = _validate_eval_set_Xy(eval_set=eval_set, eval_X=eval_X, eval_y=eval_y)
/workspace_developability_acquisition/.venv_b1/lib/python3.12/site-packages/lightgbm/sklearn.py:1106: LGBMDeprecationWarning: The argument 'eval_set' is deprecated, use 'eval_X' and 'eval_y' instead.
  eval_set = _validate_eval_set_Xy(eval_set=eval_set, eval_X=eval_X, eval_y=eval_y)
/workspace_developability_acquisition/.venv_b1/lib/python3.12/site-packages/lightgbm/sklearn.py:1106: LGBMDeprecationWarning: The argument 'eval_set' is deprecated, use 'eval_X' and 'eval_y' instead.
  eval_set = _validate_eval_set_Xy(eval_set=eval_set, eval_X=eval_X, eval_y=eval_y)
/workspace_developability_acquisition/.venv_b1/lib/python3.12/site-packages/lightgbm/sklearn.py:1106: LGBMDeprecationWarning: The argument 'eval_set' is deprecated, use 'eval_X' and 'eval_y' instead.
  eval_set = _validate_eval_set_Xy(eval_set=eval_set, eval_X=eval_X, eval_y=eval_y)
/workspace_developability_acquisition/.venv_b1/lib/python3.12/site-packages/lightgbm/sklearn.py:1106: LGBMDeprecationWarning: The argument 'eval_set' is deprecated, use 'eval_X' and 'eval_y' instead.
  eval_set = _validate_eval_set_Xy(eval_set=eval_set, eval_X=eval_X, eval_y=eval_y)
/workspace_developability_acquisition/.venv_b1/lib/python3.12/site-packages/lightgbm/sklearn.py:1106: LGBMDeprecationWarning: The argument 'eval_set' is deprecated, use 'eval_X' and 'eval_y' instead.
  eval_set = _validate_eval_set_Xy(eval_set=eval_set, eval_X=eval_X, eval_y=eval_y)
/workspace_developability_acquisition/.venv_b1/lib/python3.12/site-packages/lightgbm/sklearn.py:1106: LGBMDeprecationWarning: The argument 'eval_set' is deprecated, use 'eval_X' and 'eval_y' instead.
  eval_set = _validate_eval_set_Xy(eval_set=eval_set, eval_X=eval_X, eval_y=eval_y)
/workspace_developability_acquisition/.venv_b1/lib/python3.12/site-packages/lightgbm/sklearn.py:1106: LGBMDeprecationWarning: The argument 'eval_set' is deprecated, use 'eval_X' and 'eval_y' instead.
  eval_set = _validate_eval_set_Xy(eval_set=eval_set, eval_X=eval_X, eval_y=eval_y)
/workspace_developability_acquisition/.venv_b1/lib/python3.12/site-packages/lightgbm/sklearn.py:1106: LGBMDeprecationWarning: The argument 'eval_set' is deprecated, use 'eval_X' and 'eval_y' instead.
  eval_set = _validate_eval_set_Xy(eval_set=eval_set, eval_X=eval_X, eval_y=eval_y)
/workspace_developability_acquisition/.venv_b1/lib/python3.12/site-packages/lightgbm/sklearn.py:1106: LGBMDeprecationWarning: The argument 'eval_set' is deprecated, use 'eval_X' and 'eval_y' instead.
  eval_set = _validate_eval_set_Xy(eval_set=eval_set, eval_X=eval_X, eval_y=eval_y)
/workspace_developability_acquisition/.venv_b1/lib/python3.12/site-packages/lightgbm/sklearn.py:1106: LGBMDeprecationWarning: The argument 'eval_set' is deprecated, use 'eval_X' and 'eval_y' instead.
  eval_set = _validate_eval_set_Xy(eval_set=eval_set, eval_X=eval_X, eval_y=eval_y)
/workspace_developability_acquisition/.venv_b1/lib/python3.12/site-packages/lightgbm/sklearn.py:1106: LGBMDeprecationWarning: The argument 'eval_set' is deprecated, use 'eval_X' and 'eval_y' instead.
  eval_set = _validate_eval_set_Xy(eval_set=eval_set, eval_X=eval_X, eval_y=eval_y)
/workspace_developability_acquisition/.venv_b1/lib/python3.12/site-packages/lightgbm/sklearn.py:1106: LGBMDeprecationWarning: The argument 'eval_set' is deprecated, use 'eval_X' and 'eval_y' instead.
  eval_set = _validate_eval_set_Xy(eval_set=eval_set, eval_X=eval_X, eval_y=eval_y)
/workspace_developability_acquisition/.venv_b1/lib/python3.12/site-packages/lightgbm/sklearn.py:1106: LGBMDeprecationWarning: The argument 'eval_set' is deprecated, use 'eval_X' and 'eval_y' instead.
  eval_set = _validate_eval_set_Xy(eval_set=eval_set, eval_X=eval_X, eval_y=eval_y)
/workspace_developability_acquisition/.venv_b1/lib/python3.12/site-packages/lightgbm/sklearn.py:1106: LGBMDeprecationWarning: The argument 'eval_set' is deprecated, use 'eval_X' and 'eval_y' instead.
  eval_set = _validate_eval_set_Xy(eval_set=eval_set, eval_X=eval_X, eval_y=eval_y)
/workspace_developability_acquisition/.venv_b1/lib/python3.12/site-packages/lightgbm/sklearn.py:1106: LGBMDeprecationWarning: The argument 'eval_set' is deprecated, use 'eval_X' and 'eval_y' instead.
  eval_set = _validate_eval_set_Xy(eval_set=eval_set, eval_X=eval_X, eval_y=eval_y)
/workspace_developability_acquisition/.venv_b1/lib/python3.12/site-packages/lightgbm/sklearn.py:1106: LGBMDeprecationWarning: The argument 'eval_set' is deprecated, use 'eval_X' and 'eval_y' instead.
  eval_set = _validate_eval_set_Xy(eval_set=eval_set, eval_X=eval_X, eval_y=eval_y)
/workspace_developability_acquisition/.venv_b1/lib/python3.12/site-packages/lightgbm/sklearn.py:1106: LGBMDeprecationWarning: The argument 'eval_set' is deprecated, use 'eval_X' and 'eval_y' instead.
  eval_set = _validate_eval_set_Xy(eval_set=eval_set, eval_X=eval_X, eval_y=eval_y)
/workspace_developability_acquisition/.venv_b1/lib/python3.12/site-packages/lightgbm/sklearn.py:1106: LGBMDeprecationWarning: The argument 'eval_set' is deprecated, use 'eval_X' and 'eval_y' instead.
  eval_set = _validate_eval_set_Xy(eval_set=eval_set, eval_X=eval_X, eval_y=eval_y)
/workspace_developability_acquisition/.venv_b1/lib/python3.12/site-packages/lightgbm/sklearn.py:1106: LGBMDeprecationWarning: The argument 'eval_set' is deprecated, use 'eval_X' and 'eval_y' instead.
  eval_set = _validate_eval_set_Xy(eval_set=eval_set, eval_X=eval_X, eval_y=eval_y)
/workspace_developability_acquisition/.venv_b1/lib/python3.12/site-packages/lightgbm/sklearn.py:1106: LGBMDeprecationWarning: The argument 'eval_set' is deprecated, use 'eval_X' and 'eval_y' instead.
  eval_set = _validate_eval_set_Xy(eval_set=eval_set, eval_X=eval_X, eval_y=eval_y)
/workspace_developability_acquisition/.venv_b1/lib/python3.12/site-packages/lightgbm/sklearn.py:1106: LGBMDeprecationWarning: The argument 'eval_set' is deprecated, use 'eval_X' and 'eval_y' instead.
  eval_set = _validate_eval_set_Xy(eval_set=eval_set, eval_X=eval_X, eval_y=eval_y)
/workspace_developability_acquisition/.venv_b1/lib/python3.12/site-packages/lightgbm/sklearn.py:1106: LGBMDeprecationWarning: The argument 'eval_set' is deprecated, use 'eval_X' and 'eval_y' instead.
  eval_set = _validate_eval_set_Xy(eval_set=eval_set, eval_X=eval_X, eval_y=eval_y)
/workspace_developability_acquisition/.venv_b1/lib/python3.12/site-packages/lightgbm/sklearn.py:1106: LGBMDeprecationWarning: The argument 'eval_set' is deprecated, use 'eval_X' and 'eval_y' instead.
  eval_set = _validate_eval_set_Xy(eval_set=eval_set, eval_X=eval_X, eval_y=eval_y)
/workspace_developability_acquisition/.venv_b1/lib/python3.12/site-packages/lightgbm/sklearn.py:1106: LGBMDeprecationWarning: The argument 'eval_set' is deprecated, use 'eval_X' and 'eval_y' instead.
  eval_set = _validate_eval_set_Xy(eval_set=eval_set, eval_X=eval_X, eval_y=eval_y)
/workspace_developability_acquisition/.venv_b1/lib/python3.12/site-packages/lightgbm/sklearn.py:1106: LGBMDeprecationWarning: The argument 'eval_set' is deprecated, use 'eval_X' and 'eval_y' instead.
  eval_set = _validate_eval_set_Xy(eval_set=eval_set, eval_X=eval_X, eval_y=eval_y)
/workspace_developability_acquisition/.venv_b1/lib/python3.12/site-packages/lightgbm/sklearn.py:1106: LGBMDeprecationWarning: The argument 'eval_set' is deprecated, use 'eval_X' and 'eval_y' instead.
  eval_set = _validate_eval_set_Xy(eval_set=eval_set, eval_X=eval_X, eval_y=eval_y)
/workspace_developability_acquisition/.venv_b1/lib/python3.12/site-packages/lightgbm/sklearn.py:1106: LGBMDeprecationWarning: The argument 'eval_set' is deprecated, use 'eval_X' and 'eval_y' instead.
  eval_set = _validate_eval_set_Xy(eval_set=eval_set, eval_X=eval_X, eval_y=eval_y)
/workspace_developability_acquisition/.venv_b1/lib/python3.12/site-packages/lightgbm/sklearn.py:1106: LGBMDeprecationWarning: The argument 'eval_set' is deprecated, use 'eval_X' and 'eval_y' instead.
  eval_set = _validate_eval_set_Xy(eval_set=eval_set, eval_X=eval_X, eval_y=eval_y)
/workspace_developability_acquisition/.venv_b1/lib/python3.12/site-packages/lightgbm/sklearn.py:1106: LGBMDeprecationWarning: The argument 'eval_set' is deprecated, use 'eval_X' and 'eval_y' instead.
  eval_set = _validate_eval_set_Xy(eval_set=eval_set, eval_X=eval_X, eval_y=eval_y)
/workspace_developability_acquisition/.venv_b1/lib/python3.12/site-packages/lightgbm/sklearn.py:1106: LGBMDeprecationWarning: The argument 'eval_set' is deprecated, use 'eval_X' and 'eval_y' instead.
  eval_set = _validate_eval_set_Xy(eval_set=eval_set, eval_X=eval_X, eval_y=eval_y)
/workspace_developability_acquisition/.venv_b1/lib/python3.12/site-packages/lightgbm/sklearn.py:1106: LGBMDeprecationWarning: The argument 'eval_set' is deprecated, use 'eval_X' and 'eval_y' instead.
  eval_set = _validate_eval_set_Xy(eval_set=eval_set, eval_X=eval_X, eval_y=eval_y)
/workspace_developability_acquisition/.venv_b1/lib/python3.12/site-packages/lightgbm/sklearn.py:1106: LGBMDeprecationWarning: The argument 'eval_set' is deprecated, use 'eval_X' and 'eval_y' instead.
  eval_set = _validate_eval_set_Xy(eval_set=eval_set, eval_X=eval_X, eval_y=eval_y)
/workspace_developability_acquisition/.venv_b1/lib/python3.12/site-packages/lightgbm/sklearn.py:1106: LGBMDeprecationWarning: The argument 'eval_set' is deprecated, use 'eval_X' and 'eval_y' instead.
  eval_set = _validate_eval_set_Xy(eval_set=eval_set, eval_X=eval_X, eval_y=eval_y)
/workspace_developability_acquisition/.venv_b1/lib/python3.12/site-packages/lightgbm/sklearn.py:1106: LGBMDeprecationWarning: The argument 'eval_set' is deprecated, use 'eval_X' and 'eval_y' instead.
  eval_set = _validate_eval_set_Xy(eval_set=eval_set, eval_X=eval_X, eval_y=eval_y)
/workspace_developability_acquisition/.venv_b1/lib/python3.12/site-packages/lightgbm/sklearn.py:1106: LGBMDeprecationWarning: The argument 'eval_set' is deprecated, use 'eval_X' and 'eval_y' instead.
  eval_set = _validate_eval_set_Xy(eval_set=eval_set, eval_X=eval_X, eval_y=eval_y)
/workspace_developability_acquisition/.venv_b1/lib/python3.12/site-packages/lightgbm/sklearn.py:1106: LGBMDeprecationWarning: The argument 'eval_set' is deprecated, use 'eval_X' and 'eval_y' instead.
  eval_set = _validate_eval_set_Xy(eval_set=eval_set, eval_X=eval_X, eval_y=eval_y)
/workspace_developability_acquisition/.venv_b1/lib/python3.12/site-packages/lightgbm/sklearn.py:1106: LGBMDeprecationWarning: The argument 'eval_set' is deprecated, use 'eval_X' and 'eval_y' instead.
  eval_set = _validate_eval_set_Xy(eval_set=eval_set, eval_X=eval_X, eval_y=eval_y)
/workspace_developability_acquisition/.venv_b1/lib/python3.12/site-packages/lightgbm/sklearn.py:1106: LGBMDeprecationWarning: The argument 'eval_set' is deprecated, use 'eval_X' and 'eval_y' instead.
  eval_set = _validate_eval_set_Xy(eval_set=eval_set, eval_X=eval_X, eval_y=eval_y)
/workspace_developability_acquisition/.venv_b1/lib/python3.12/site-packages/lightgbm/sklearn.py:1106: LGBMDeprecationWarning: The argument 'eval_set' is deprecated, use 'eval_X' and 'eval_y' instead.
  eval_set = _validate_eval_set_Xy(eval_set=eval_set, eval_X=eval_X, eval_y=eval_y)
/workspace_developability_acquisition/.venv_b1/lib/python3.12/site-packages/lightgbm/sklearn.py:1106: LGBMDeprecationWarning: The argument 'eval_set' is deprecated, use 'eval_X' and 'eval_y' instead.
  eval_set = _validate_eval_set_Xy(eval_set=eval_set, eval_X=eval_X, eval_y=eval_y)
/workspace_developability_acquisition/.venv_b1/lib/python3.12/site-packages/lightgbm/sklearn.py:1106: LGBMDeprecationWarning: The argument 'eval_set' is deprecated, use 'eval_X' and 'eval_y' instead.
  eval_set = _validate_eval_set_Xy(eval_set=eval_set, eval_X=eval_X, eval_y=eval_y)
/workspace_developability_acquisition/.venv_b1/lib/python3.12/site-packages/lightgbm/sklearn.py:1106: LGBMDeprecationWarning: The argument 'eval_set' is deprecated, use 'eval_X' and 'eval_y' instead.
  eval_set = _validate_eval_set_Xy(eval_set=eval_set, eval_X=eval_X, eval_y=eval_y)
/workspace_developability_acquisition/.venv_b1/lib/python3.12/site-packages/lightgbm/sklearn.py:1106: LGBMDeprecationWarning: The argument 'eval_set' is deprecated, use 'eval_X' and 'eval_y' instead.
  eval_set = _validate_eval_set_Xy(eval_set=eval_set, eval_X=eval_X, eval_y=eval_y)
/workspace_developability_acquisition/.venv_b1/lib/python3.12/site-packages/lightgbm/sklearn.py:1106: LGBMDeprecationWarning: The argument 'eval_set' is deprecated, use 'eval_X' and 'eval_y' instead.
  eval_set = _validate_eval_set_Xy(eval_set=eval_set, eval_X=eval_X, eval_y=eval_y)
/workspace_developability_acquisition/.venv_b1/lib/python3.12/site-packages/lightgbm/sklearn.py:1106: LGBMDeprecationWarning: The argument 'eval_set' is deprecated, use 'eval_X' and 'eval_y' instead.
  eval_set = _validate_eval_set_Xy(eval_set=eval_set, eval_X=eval_X, eval_y=eval_y)
/workspace_developability_acquisition/.venv_b1/lib/python3.12/site-packages/lightgbm/sklearn.py:1106: LGBMDeprecationWarning: The argument 'eval_set' is deprecated, use 'eval_X' and 'eval_y' instead.
  eval_set = _validate_eval_set_Xy(eval_set=eval_set, eval_X=eval_X, eval_y=eval_y)
/workspace_developability_acquisition/.venv_b1/lib/python3.12/site-packages/lightgbm/sklearn.py:1106: LGBMDeprecationWarning: The argument 'eval_set' is deprecated, use 'eval_X' and 'eval_y' instead.
  eval_set = _validate_eval_set_Xy(eval_set=eval_set, eval_X=eval_X, eval_y=eval_y)
/workspace_developability_acquisition/.venv_b1/lib/python3.12/site-packages/lightgbm/sklearn.py:1106: LGBMDeprecationWarning: The argument 'eval_set' is deprecated, use 'eval_X' and 'eval_y' instead.
  eval_set = _validate_eval_set_Xy(eval_set=eval_set, eval_X=eval_X, eval_y=eval_y)
/workspace_developability_acquisition/.venv_b1/lib/python3.12/site-packages/lightgbm/sklearn.py:1106: LGBMDeprecationWarning: The argument 'eval_set' is deprecated, use 'eval_X' and 'eval_y' instead.
  eval_set = _validate_eval_set_Xy(eval_set=eval_set, eval_X=eval_X, eval_y=eval_y)
/workspace_developability_acquisition/.venv_b1/lib/python3.12/site-packages/lightgbm/sklearn.py:1106: LGBMDeprecationWarning: The argument 'eval_set' is deprecated, use 'eval_X' and 'eval_y' instead.
  eval_set = _validate_eval_set_Xy(eval_set=eval_set, eval_X=eval_X, eval_y=eval_y)
/workspace_developability_acquisition/.venv_b1/lib/python3.12/site-packages/lightgbm/sklearn.py:1106: LGBMDeprecationWarning: The argument 'eval_set' is deprecated, use 'eval_X' and 'eval_y' instead.
  eval_set = _validate_eval_set_Xy(eval_set=eval_set, eval_X=eval_X, eval_y=eval_y)
/workspace_developability_acquisition/.venv_b1/lib/python3.12/site-packages/lightgbm/sklearn.py:1106: LGBMDeprecationWarning: The argument 'eval_set' is deprecated, use 'eval_X' and 'eval_y' instead.
  eval_set = _validate_eval_set_Xy(eval_set=eval_set, eval_X=eval_X, eval_y=eval_y)
/workspace_developability_acquisition/.venv_b1/lib/python3.12/site-packages/lightgbm/sklearn.py:1106: LGBMDeprecationWarning: The argument 'eval_set' is deprecated, use 'eval_X' and 'eval_y' instead.
  eval_set = _validate_eval_set_Xy(eval_set=eval_set, eval_X=eval_X, eval_y=eval_y)
/workspace_developability_acquisition/.venv_b1/lib/python3.12/site-packages/lightgbm/sklearn.py:1106: LGBMDeprecationWarning: The argument 'eval_set' is deprecated, use 'eval_X' and 'eval_y' instead.
  eval_set = _validate_eval_set_Xy(eval_set=eval_set, eval_X=eval_X, eval_y=eval_y)
/workspace_developability_acquisition/.venv_b1/lib/python3.12/site-packages/lightgbm/sklearn.py:1106: LGBMDeprecationWarning: The argument 'eval_set' is deprecated, use 'eval_X' and 'eval_y' instead.
  eval_set = _validate_eval_set_Xy(eval_set=eval_set, eval_X=eval_X, eval_y=eval_y)
/workspace_developability_acquisition/.venv_b1/lib/python3.12/site-packages/lightgbm/sklearn.py:1106: LGBMDeprecationWarning: The argument 'eval_set' is deprecated, use 'eval_X' and 'eval_y' instead.
  eval_set = _validate_eval_set_Xy(eval_set=eval_set, eval_X=eval_X, eval_y=eval_y)
/workspace_developability_acquisition/.venv_b1/lib/python3.12/site-packages/lightgbm/sklearn.py:1106: LGBMDeprecationWarning: The argument 'eval_set' is deprecated, use 'eval_X' and 'eval_y' instead.
  eval_set = _validate_eval_set_Xy(eval_set=eval_set, eval_X=eval_X, eval_y=eval_y)
/workspace_developability_acquisition/.venv_b1/lib/python3.12/site-packages/lightgbm/sklearn.py:1106: LGBMDeprecationWarning: The argument 'eval_set' is deprecated, use 'eval_X' and 'eval_y' instead.
  eval_set = _validate_eval_set_Xy(eval_set=eval_set, eval_X=eval_X, eval_y=eval_y)
/workspace_developability_acquisition/.venv_b1/lib/python3.12/site-packages/lightgbm/sklearn.py:1106: LGBMDeprecationWarning: The argument 'eval_set' is deprecated, use 'eval_X' and 'eval_y' instead.
  eval_set = _validate_eval_set_Xy(eval_set=eval_set, eval_X=eval_X, eval_y=eval_y)
/workspace_developability_acquisition/.venv_b1/lib/python3.12/site-packages/lightgbm/sklearn.py:1106: LGBMDeprecationWarning: The argument 'eval_set' is deprecated, use 'eval_X' and 'eval_y' instead.
  eval_set = _validate_eval_set_Xy(eval_set=eval_set, eval_X=eval_X, eval_y=eval_y)
/workspace_developability_acquisition/.venv_b1/lib/python3.12/site-packages/lightgbm/sklearn.py:1106: LGBMDeprecationWarning: The argument 'eval_set' is deprecated, use 'eval_X' and 'eval_y' instead.
  eval_set = _validate_eval_set_Xy(eval_set=eval_set, eval_X=eval_X, eval_y=eval_y)
/workspace_developability_acquisition/.venv_b1/lib/python3.12/site-packages/lightgbm/sklearn.py:1106: LGBMDeprecationWarning: The argument 'eval_set' is deprecated, use 'eval_X' and 'eval_y' instead.
  eval_set = _validate_eval_set_Xy(eval_set=eval_set, eval_X=eval_X, eval_y=eval_y)
/workspace_developability_acquisition/.venv_b1/lib/python3.12/site-packages/lightgbm/sklearn.py:1106: LGBMDeprecationWarning: The argument 'eval_set' is deprecated, use 'eval_X' and 'eval_y' instead.
  eval_set = _validate_eval_set_Xy(eval_set=eval_set, eval_X=eval_X, eval_y=eval_y)
/workspace_developability_acquisition/.venv_b1/lib/python3.12/site-packages/lightgbm/sklearn.py:1106: LGBMDeprecationWarning: The argument 'eval_set' is deprecated, use 'eval_X' and 'eval_y' instead.
  eval_set = _validate_eval_set_Xy(eval_set=eval_set, eval_X=eval_X, eval_y=eval_y)
/workspace_developability_acquisition/.venv_b1/lib/python3.12/site-packages/lightgbm/sklearn.py:1106: LGBMDeprecationWarning: The argument 'eval_set' is deprecated, use 'eval_X' and 'eval_y' instead.
  eval_set = _validate_eval_set_Xy(eval_set=eval_set, eval_X=eval_X, eval_y=eval_y)
/workspace_developability_acquisition/.venv_b1/lib/python3.12/site-packages/lightgbm/sklearn.py:1106: LGBMDeprecationWarning: The argument 'eval_set' is deprecated, use 'eval_X' and 'eval_y' instead.
  eval_set = _validate_eval_set_Xy(eval_set=eval_set, eval_X=eval_X, eval_y=eval_y)
/workspace_developability_acquisition/.venv_b1/lib/python3.12/site-packages/lightgbm/sklearn.py:1106: LGBMDeprecationWarning: The argument 'eval_set' is deprecated, use 'eval_X' and 'eval_y' instead.
  eval_set = _validate_eval_set_Xy(eval_set=eval_set, eval_X=eval_X, eval_y=eval_y)
/workspace_developability_acquisition/.venv_b1/lib/python3.12/site-packages/lightgbm/sklearn.py:1106: LGBMDeprecationWarning: The argument 'eval_set' is deprecated, use 'eval_X' and 'eval_y' instead.
  eval_set = _validate_eval_set_Xy(eval_set=eval_set, eval_X=eval_X, eval_y=eval_y)
/workspace_developability_acquisition/.venv_b1/lib/python3.12/site-packages/lightgbm/sklearn.py:1106: LGBMDeprecationWarning: The argument 'eval_set' is deprecated, use 'eval_X' and 'eval_y' instead.
  eval_set = _validate_eval_set_Xy(eval_set=eval_set, eval_X=eval_X, eval_y=eval_y)
/workspace_developability_acquisition/.venv_b1/lib/python3.12/site-packages/lightgbm/sklearn.py:1106: LGBMDeprecationWarning: The argument 'eval_set' is deprecated, use 'eval_X' and 'eval_y' instead.
  eval_set = _validate_eval_set_Xy(eval_set=eval_set, eval_X=eval_X, eval_y=eval_y)
/workspace_developability_acquisition/.venv_b1/lib/python3.12/site-packages/lightgbm/sklearn.py:1106: LGBMDeprecationWarning: The argument 'eval_set' is deprecated, use 'eval_X' and 'eval_y' instead.
  eval_set = _validate_eval_set_Xy(eval_set=eval_set, eval_X=eval_X, eval_y=eval_y)
/workspace_developability_acquisition/.venv_b1/lib/python3.12/site-packages/lightgbm/sklearn.py:1106: LGBMDeprecationWarning: The argument 'eval_set' is deprecated, use 'eval_X' and 'eval_y' instead.
  eval_set = _validate_eval_set_Xy(eval_set=eval_set, eval_X=eval_X, eval_y=eval_y)
/workspace_developability_acquisition/.venv_b1/lib/python3.12/site-packages/lightgbm/sklearn.py:1106: LGBMDeprecationWarning: The argument 'eval_set' is deprecated, use 'eval_X' and 'eval_y' instead.
  eval_set = _validate_eval_set_Xy(eval_set=eval_set, eval_X=eval_X, eval_y=eval_y)
/workspace_developability_acquisition/.venv_b1/lib/python3.12/site-packages/lightgbm/sklearn.py:1106: LGBMDeprecationWarning: The argument 'eval_set' is deprecated, use 'eval_X' and 'eval_y' instead.
  eval_set = _validate_eval_set_Xy(eval_set=eval_set, eval_X=eval_X, eval_y=eval_y)
/workspace_developability_acquisition/.venv_b1/lib/python3.12/site-packages/lightgbm/sklearn.py:1106: LGBMDeprecationWarning: The argument 'eval_set' is deprecated, use 'eval_X' and 'eval_y' instead.
  eval_set = _validate_eval_set_Xy(eval_set=eval_set, eval_X=eval_X, eval_y=eval_y)
/workspace_developability_acquisition/.venv_b1/lib/python3.12/site-packages/lightgbm/sklearn.py:1106: LGBMDeprecationWarning: The argument 'eval_set' is deprecated, use 'eval_X' and 'eval_y' instead.
  eval_set = _validate_eval_set_Xy(eval_set=eval_set, eval_X=eval_X, eval_y=eval_y)
/workspace_developability_acquisition/.venv_b1/lib/python3.12/site-packages/lightgbm/sklearn.py:1106: LGBMDeprecationWarning: The argument 'eval_set' is deprecated, use 'eval_X' and 'eval_y' instead.
  eval_set = _validate_eval_set_Xy(eval_set=eval_set, eval_X=eval_X, eval_y=eval_y)
/workspace_developability_acquisition/.venv_b1/lib/python3.12/site-packages/lightgbm/sklearn.py:1106: LGBMDeprecationWarning: The argument 'eval_set' is deprecated, use 'eval_X' and 'eval_y' instead.
  eval_set = _validate_eval_set_Xy(eval_set=eval_set, eval_X=eval_X, eval_y=eval_y)
/workspace_developability_acquisition/.venv_b1/lib/python3.12/site-packages/lightgbm/sklearn.py:1106: LGBMDeprecationWarning: The argument 'eval_set' is deprecated, use 'eval_X' and 'eval_y' instead.
  eval_set = _validate_eval_set_Xy(eval_set=eval_set, eval_X=eval_X, eval_y=eval_y)
/workspace_developability_acquisition/.venv_b1/lib/python3.12/site-packages/lightgbm/sklearn.py:1106: LGBMDeprecationWarning: The argument 'eval_set' is deprecated, use 'eval_X' and 'eval_y' instead.
  eval_set = _validate_eval_set_Xy(eval_set=eval_set, eval_X=eval_X, eval_y=eval_y)
/workspace_developability_acquisition/.venv_b1/lib/python3.12/site-packages/lightgbm/sklearn.py:1106: LGBMDeprecationWarning: The argument 'eval_set' is deprecated, use 'eval_X' and 'eval_y' instead.
  eval_set = _validate_eval_set_Xy(eval_set=eval_set, eval_X=eval_X, eval_y=eval_y)
/workspace_developability_acquisition/.venv_b1/lib/python3.12/site-packages/lightgbm/sklearn.py:1106: LGBMDeprecationWarning: The argument 'eval_set' is deprecated, use 'eval_X' and 'eval_y' instead.
  eval_set = _validate_eval_set_Xy(eval_set=eval_set, eval_X=eval_X, eval_y=eval_y)
/workspace_developability_acquisition/.venv_b1/lib/python3.12/site-packages/lightgbm/sklearn.py:1106: LGBMDeprecationWarning: The argument 'eval_set' is deprecated, use 'eval_X' and 'eval_y' instead.
  eval_set = _validate_eval_set_Xy(eval_set=eval_set, eval_X=eval_X, eval_y=eval_y)
/workspace_developability_acquisition/.venv_b1/lib/python3.12/site-packages/lightgbm/sklearn.py:1106: LGBMDeprecationWarning: The argument 'eval_set' is deprecated, use 'eval_X' and 'eval_y' instead.
  eval_set = _validate_eval_set_Xy(eval_set=eval_set, eval_X=eval_X, eval_y=eval_y)
/workspace_developability_acquisition/.venv_b1/lib/python3.12/site-packages/lightgbm/sklearn.py:1106: LGBMDeprecationWarning: The argument 'eval_set' is deprecated, use 'eval_X' and 'eval_y' instead.
  eval_set = _validate_eval_set_Xy(eval_set=eval_set, eval_X=eval_X, eval_y=eval_y)
/workspace_developability_acquisition/.venv_b1/lib/python3.12/site-packages/lightgbm/sklearn.py:1106: LGBMDeprecationWarning: The argument 'eval_set' is deprecated, use 'eval_X' and 'eval_y' instead.
  eval_set = _validate_eval_set_Xy(eval_set=eval_set, eval_X=eval_X, eval_y=eval_y)
/workspace_developability_acquisition/.venv_b1/lib/python3.12/site-packages/lightgbm/sklearn.py:1106: LGBMDeprecationWarning: The argument 'eval_set' is deprecated, use 'eval_X' and 'eval_y' instead.
  eval_set = _validate_eval_set_Xy(eval_set=eval_set, eval_X=eval_X, eval_y=eval_y)
/workspace_developability_acquisition/.venv_b1/lib/python3.12/site-packages/lightgbm/sklearn.py:1106: LGBMDeprecationWarning: The argument 'eval_set' is deprecated, use 'eval_X' and 'eval_y' instead.
  eval_set = _validate_eval_set_Xy(eval_set=eval_set, eval_X=eval_X, eval_y=eval_y)
/workspace_developability_acquisition/.venv_b1/lib/python3.12/site-packages/lightgbm/sklearn.py:1106: LGBMDeprecationWarning: The argument 'eval_set' is deprecated, use 'eval_X' and 'eval_y' instead.
  eval_set = _validate_eval_set_Xy(eval_set=eval_set, eval_X=eval_X, eval_y=eval_y)
/workspace_developability_acquisition/.venv_b1/lib/python3.12/site-packages/lightgbm/sklearn.py:1106: LGBMDeprecationWarning: The argument 'eval_set' is deprecated, use 'eval_X' and 'eval_y' instead.
  eval_set = _validate_eval_set_Xy(eval_set=eval_set, eval_X=eval_X, eval_y=eval_y)
/workspace_developability_acquisition/.venv_b1/lib/python3.12/site-packages/lightgbm/sklearn.py:1106: LGBMDeprecationWarning: The argument 'eval_set' is deprecated, use 'eval_X' and 'eval_y' instead.
  eval_set = _validate_eval_set_Xy(eval_set=eval_set, eval_X=eval_X, eval_y=eval_y)
/workspace_developability_acquisition/.venv_b1/lib/python3.12/site-packages/lightgbm/sklearn.py:1106: LGBMDeprecationWarning: The argument 'eval_set' is deprecated, use 'eval_X' and 'eval_y' instead.
  eval_set = _validate_eval_set_Xy(eval_set=eval_set, eval_X=eval_X, eval_y=eval_y)
/workspace_developability_acquisition/.venv_b1/lib/python3.12/site-packages/lightgbm/sklearn.py:1106: LGBMDeprecationWarning: The argument 'eval_set' is deprecated, use 'eval_X' and 'eval_y' instead.
  eval_set = _validate_eval_set_Xy(eval_set=eval_set, eval_X=eval_X, eval_y=eval_y)
/workspace_developability_acquisition/.venv_b1/lib/python3.12/site-packages/lightgbm/sklearn.py:1106: LGBMDeprecationWarning: The argument 'eval_set' is deprecated, use 'eval_X' and 'eval_y' instead.
  eval_set = _validate_eval_set_Xy(eval_set=eval_set, eval_X=eval_X, eval_y=eval_y)
/workspace_developability_acquisition/.venv_b1/lib/python3.12/site-packages/lightgbm/sklearn.py:1106: LGBMDeprecationWarning: The argument 'eval_set' is deprecated, use 'eval_X' and 'eval_y' instead.
  eval_set = _validate_eval_set_Xy(eval_set=eval_set, eval_X=eval_X, eval_y=eval_y)
/workspace_developability_acquisition/.venv_b1/lib/python3.12/site-packages/lightgbm/sklearn.py:1106: LGBMDeprecationWarning: The argument 'eval_set' is deprecated, use 'eval_X' and 'eval_y' instead.
  eval_set = _validate_eval_set_Xy(eval_set=eval_set, eval_X=eval_X, eval_y=eval_y)
/workspace_developability_acquisition/.venv_b1/lib/python3.12/site-packages/lightgbm/sklearn.py:1106: LGBMDeprecationWarning: The argument 'eval_set' is deprecated, use 'eval_X' and 'eval_y' instead.
  eval_set = _validate_eval_set_Xy(eval_set=eval_set, eval_X=eval_X, eval_y=eval_y)
/workspace_developability_acquisition/.venv_b1/lib/python3.12/site-packages/lightgbm/sklearn.py:1106: LGBMDeprecationWarning: The argument 'eval_set' is deprecated, use 'eval_X' and 'eval_y' instead.
  eval_set = _validate_eval_set_Xy(eval_set=eval_set, eval_X=eval_X, eval_y=eval_y)
/workspace_developability_acquisition/.venv_b1/lib/python3.12/site-packages/lightgbm/sklearn.py:1106: LGBMDeprecationWarning: The argument 'eval_set' is deprecated, use 'eval_X' and 'eval_y' instead.
  eval_set = _validate_eval_set_Xy(eval_set=eval_set, eval_X=eval_X, eval_y=eval_y)
/workspace_developability_acquisition/.venv_b1/lib/python3.12/site-packages/lightgbm/sklearn.py:1106: LGBMDeprecationWarning: The argument 'eval_set' is deprecated, use 'eval_X' and 'eval_y' instead.
  eval_set = _validate_eval_set_Xy(eval_set=eval_set, eval_X=eval_X, eval_y=eval_y)
/workspace_developability_acquisition/.venv_b1/lib/python3.12/site-packages/lightgbm/sklearn.py:1106: LGBMDeprecationWarning: The argument 'eval_set' is deprecated, use 'eval_X' and 'eval_y' instead.
  eval_set = _validate_eval_set_Xy(eval_set=eval_set, eval_X=eval_X, eval_y=eval_y)
/workspace_developability_acquisition/.venv_b1/lib/python3.12/site-packages/lightgbm/sklearn.py:1106: LGBMDeprecationWarning: The argument 'eval_set' is deprecated, use 'eval_X' and 'eval_y' instead.
  eval_set = _validate_eval_set_Xy(eval_set=eval_set, eval_X=eval_X, eval_y=eval_y)
/workspace_developability_acquisition/.venv_b1/lib/python3.12/site-packages/lightgbm/sklearn.py:1106: LGBMDeprecationWarning: The argument 'eval_set' is deprecated, use 'eval_X' and 'eval_y' instead.
  eval_set = _validate_eval_set_Xy(eval_set=eval_set, eval_X=eval_X, eval_y=eval_y)
/workspace_developability_acquisition/.venv_b1/lib/python3.12/site-packages/lightgbm/sklearn.py:1106: LGBMDeprecationWarning: The argument 'eval_set' is deprecated, use 'eval_X' and 'eval_y' instead.
  eval_set = _validate_eval_set_Xy(eval_set=eval_set, eval_X=eval_X, eval_y=eval_y)
/workspace_developability_acquisition/.venv_b1/lib/python3.12/site-packages/lightgbm/sklearn.py:1106: LGBMDeprecationWarning: The argument 'eval_set' is deprecated, use 'eval_X' and 'eval_y' instead.
  eval_set = _validate_eval_set_Xy(eval_set=eval_set, eval_X=eval_X, eval_y=eval_y)
/workspace_developability_acquisition/.venv_b1/lib/python3.12/site-packages/lightgbm/sklearn.py:1106: LGBMDeprecationWarning: The argument 'eval_set' is deprecated, use 'eval_X' and 'eval_y' instead.
  eval_set = _validate_eval_set_Xy(eval_set=eval_set, eval_X=eval_X, eval_y=eval_y)
/workspace_developability_acquisition/.venv_b1/lib/python3.12/site-packages/lightgbm/sklearn.py:1106: LGBMDeprecationWarning: The argument 'eval_set' is deprecated, use 'eval_X' and 'eval_y' instead.
  eval_set = _validate_eval_set_Xy(eval_set=eval_set, eval_X=eval_X, eval_y=eval_y)
/workspace_developability_acquisition/.venv_b1/lib/python3.12/site-packages/lightgbm/sklearn.py:1106: LGBMDeprecationWarning: The argument 'eval_set' is deprecated, use 'eval_X' and 'eval_y' instead.
  eval_set = _validate_eval_set_Xy(eval_set=eval_set, eval_X=eval_X, eval_y=eval_y)
/workspace_developability_acquisition/.venv_b1/lib/python3.12/site-packages/lightgbm/sklearn.py:1106: LGBMDeprecationWarning: The argument 'eval_set' is deprecated, use 'eval_X' and 'eval_y' instead.
  eval_set = _validate_eval_set_Xy(eval_set=eval_set, eval_X=eval_X, eval_y=eval_y)
/workspace_developability_acquisition/.venv_b1/lib/python3.12/site-packages/lightgbm/sklearn.py:1106: LGBMDeprecationWarning: The argument 'eval_set' is deprecated, use 'eval_X' and 'eval_y' instead.
  eval_set = _validate_eval_set_Xy(eval_set=eval_set, eval_X=eval_X, eval_y=eval_y)
Optuna GBDT screen_HIC_ESMFN_STRUCTURE_CAT_MAE
Optuna GBDT screen_HIC_PLM_ESM2_XGB_L1
Optuna GBDT screen_HIC_PLM_ESM2_XGB_L2
Optuna GBDT screen_HIC_PLM_ESM2_LGB_L1
/workspace_developability_acquisition/.venv_b1/lib/python3.12/site-packages/lightgbm/sklearn.py:1106: LGBMDeprecationWarning: The argument 'eval_set' is deprecated, use 'eval_X' and 'eval_y' instead.
  eval_set = _validate_eval_set_Xy(eval_set=eval_set, eval_X=eval_X, eval_y=eval_y)
/workspace_developability_acquisition/.venv_b1/lib/python3.12/site-packages/lightgbm/sklearn.py:1106: LGBMDeprecationWarning: The argument 'eval_set' is deprecated, use 'eval_X' and 'eval_y' instead.
  eval_set = _validate_eval_set_Xy(eval_set=eval_set, eval_X=eval_X, eval_y=eval_y)
/workspace_developability_acquisition/.venv_b1/lib/python3.12/site-packages/lightgbm/sklearn.py:1106: LGBMDeprecationWarning: The argument 'eval_set' is deprecated, use 'eval_X' and 'eval_y' instead.
  eval_set = _validate_eval_set_Xy(eval_set=eval_set, eval_X=eval_X, eval_y=eval_y)
/workspace_developability_acquisition/.venv_b1/lib/python3.12/site-packages/lightgbm/sklearn.py:1106: LGBMDeprecationWarning: The argument 'eval_set' is deprecated, use 'eval_X' and 'eval_y' instead.
  eval_set = _validate_eval_set_Xy(eval_set=eval_set, eval_X=eval_X, eval_y=eval_y)
/workspace_developability_acquisition/.venv_b1/lib/python3.12/site-packages/lightgbm/sklearn.py:1106: LGBMDeprecationWarning: The argument 'eval_set' is deprecated, use 'eval_X' and 'eval_y' instead.
  eval_set = _validate_eval_set_Xy(eval_set=eval_set, eval_X=eval_X, eval_y=eval_y)
/workspace_developability_acquisition/.venv_b1/lib/python3.12/site-packages/lightgbm/sklearn.py:1106: LGBMDeprecationWarning: The argument 'eval_set' is deprecated, use 'eval_X' and 'eval_y' instead.
  eval_set = _validate_eval_set_Xy(eval_set=eval_set, eval_X=eval_X, eval_y=eval_y)
/workspace_developability_acquisition/.venv_b1/lib/python3.12/site-packages/lightgbm/sklearn.py:1106: LGBMDeprecationWarning: The argument 'eval_set' is deprecated, use 'eval_X' and 'eval_y' instead.
  eval_set = _validate_eval_set_Xy(eval_set=eval_set, eval_X=eval_X, eval_y=eval_y)
/workspace_developability_acquisition/.venv_b1/lib/python3.12/site-packages/lightgbm/sklearn.py:1106: LGBMDeprecationWarning: The argument 'eval_set' is deprecated, use 'eval_X' and 'eval_y' instead.
  eval_set = _validate_eval_set_Xy(eval_set=eval_set, eval_X=eval_X, eval_y=eval_y)
/workspace_developability_acquisition/.venv_b1/lib/python3.12/site-packages/lightgbm/sklearn.py:1106: LGBMDeprecationWarning: The argument 'eval_set' is deprecated, use 'eval_X' and 'eval_y' instead.
  eval_set = _validate_eval_set_Xy(eval_set=eval_set, eval_X=eval_X, eval_y=eval_y)
/workspace_developability_acquisition/.venv_b1/lib/python3.12/site-packages/lightgbm/sklearn.py:1106: LGBMDeprecationWarning: The argument 'eval_set' is deprecated, use 'eval_X' and 'eval_y' instead.
  eval_set = _validate_eval_set_Xy(eval_set=eval_set, eval_X=eval_X, eval_y=eval_y)
/workspace_developability_acquisition/.venv_b1/lib/python3.12/site-packages/lightgbm/sklearn.py:1106: LGBMDeprecationWarning: The argument 'eval_set' is deprecated, use 'eval_X' and 'eval_y' instead.
  eval_set = _validate_eval_set_Xy(eval_set=eval_set, eval_X=eval_X, eval_y=eval_y)
/workspace_developability_acquisition/.venv_b1/lib/python3.12/site-packages/lightgbm/sklearn.py:1106: LGBMDeprecationWarning: The argument 'eval_set' is deprecated, use 'eval_X' and 'eval_y' instead.
  eval_set = _validate_eval_set_Xy(eval_set=eval_set, eval_X=eval_X, eval_y=eval_y)
/workspace_developability_acquisition/.venv_b1/lib/python3.12/site-packages/lightgbm/sklearn.py:1106: LGBMDeprecationWarning: The argument 'eval_set' is deprecated, use 'eval_X' and 'eval_y' instead.
  eval_set = _validate_eval_set_Xy(eval_set=eval_set, eval_X=eval_X, eval_y=eval_y)
/workspace_developability_acquisition/.venv_b1/lib/python3.12/site-packages/lightgbm/sklearn.py:1106: LGBMDeprecationWarning: The argument 'eval_set' is deprecated, use 'eval_X' and 'eval_y' instead.
  eval_set = _validate_eval_set_Xy(eval_set=eval_set, eval_X=eval_X, eval_y=eval_y)
/workspace_developability_acquisition/.venv_b1/lib/python3.12/site-packages/lightgbm/sklearn.py:1106: LGBMDeprecationWarning: The argument 'eval_set' is deprecated, use 'eval_X' and 'eval_y' instead.
  eval_set = _validate_eval_set_Xy(eval_set=eval_set, eval_X=eval_X, eval_y=eval_y)
/workspace_developability_acquisition/.venv_b1/lib/python3.12/site-packages/lightgbm/sklearn.py:1106: LGBMDeprecationWarning: The argument 'eval_set' is deprecated, use 'eval_X' and 'eval_y' instead.
  eval_set = _validate_eval_set_Xy(eval_set=eval_set, eval_X=eval_X, eval_y=eval_y)
/workspace_developability_acquisition/.venv_b1/lib/python3.12/site-packages/lightgbm/sklearn.py:1106: LGBMDeprecationWarning: The argument 'eval_set' is deprecated, use 'eval_X' and 'eval_y' instead.
  eval_set = _validate_eval_set_Xy(eval_set=eval_set, eval_X=eval_X, eval_y=eval_y)
/workspace_developability_acquisition/.venv_b1/lib/python3.12/site-packages/lightgbm/sklearn.py:1106: LGBMDeprecationWarning: The argument 'eval_set' is deprecated, use 'eval_X' and 'eval_y' instead.
  eval_set = _validate_eval_set_Xy(eval_set=eval_set, eval_X=eval_X, eval_y=eval_y)
/workspace_developability_acquisition/.venv_b1/lib/python3.12/site-packages/lightgbm/sklearn.py:1106: LGBMDeprecationWarning: The argument 'eval_set' is deprecated, use 'eval_X' and 'eval_y' instead.
  eval_set = _validate_eval_set_Xy(eval_set=eval_set, eval_X=eval_X, eval_y=eval_y)
/workspace_developability_acquisition/.venv_b1/lib/python3.12/site-packages/lightgbm/sklearn.py:1106: LGBMDeprecationWarning: The argument 'eval_set' is deprecated, use 'eval_X' and 'eval_y' instead.
  eval_set = _validate_eval_set_Xy(eval_set=eval_set, eval_X=eval_X, eval_y=eval_y)
/workspace_developability_acquisition/.venv_b1/lib/python3.12/site-packages/lightgbm/sklearn.py:1106: LGBMDeprecationWarning: The argument 'eval_set' is deprecated, use 'eval_X' and 'eval_y' instead.
  eval_set = _validate_eval_set_Xy(eval_set=eval_set, eval_X=eval_X, eval_y=eval_y)
/workspace_developability_acquisition/.venv_b1/lib/python3.12/site-packages/lightgbm/sklearn.py:1106: LGBMDeprecationWarning: The argument 'eval_set' is deprecated, use 'eval_X' and 'eval_y' instead.
  eval_set = _validate_eval_set_Xy(eval_set=eval_set, eval_X=eval_X, eval_y=eval_y)
/workspace_developability_acquisition/.venv_b1/lib/python3.12/site-packages/lightgbm/sklearn.py:1106: LGBMDeprecationWarning: The argument 'eval_set' is deprecated, use 'eval_X' and 'eval_y' instead.
  eval_set = _validate_eval_set_Xy(eval_set=eval_set, eval_X=eval_X, eval_y=eval_y)
/workspace_developability_acquisition/.venv_b1/lib/python3.12/site-packages/lightgbm/sklearn.py:1106: LGBMDeprecationWarning: The argument 'eval_set' is deprecated, use 'eval_X' and 'eval_y' instead.
  eval_set = _validate_eval_set_Xy(eval_set=eval_set, eval_X=eval_X, eval_y=eval_y)
/workspace_developability_acquisition/.venv_b1/lib/python3.12/site-packages/lightgbm/sklearn.py:1106: LGBMDeprecationWarning: The argument 'eval_set' is deprecated, use 'eval_X' and 'eval_y' instead.
  eval_set = _validate_eval_set_Xy(eval_set=eval_set, eval_X=eval_X, eval_y=eval_y)
/workspace_developability_acquisition/.venv_b1/lib/python3.12/site-packages/lightgbm/sklearn.py:1106: LGBMDeprecationWarning: The argument 'eval_set' is deprecated, use 'eval_X' and 'eval_y' instead.
  eval_set = _validate_eval_set_Xy(eval_set=eval_set, eval_X=eval_X, eval_y=eval_y)
/workspace_developability_acquisition/.venv_b1/lib/python3.12/site-packages/lightgbm/sklearn.py:1106: LGBMDeprecationWarning: The argument 'eval_set' is deprecated, use 'eval_X' and 'eval_y' instead.
  eval_set = _validate_eval_set_Xy(eval_set=eval_set, eval_X=eval_X, eval_y=eval_y)
/workspace_developability_acquisition/.venv_b1/lib/python3.12/site-packages/lightgbm/sklearn.py:1106: LGBMDeprecationWarning: The argument 'eval_set' is deprecated, use 'eval_X' and 'eval_y' instead.
  eval_set = _validate_eval_set_Xy(eval_set=eval_set, eval_X=eval_X, eval_y=eval_y)
/workspace_developability_acquisition/.venv_b1/lib/python3.12/site-packages/lightgbm/sklearn.py:1106: LGBMDeprecationWarning: The argument 'eval_set' is deprecated, use 'eval_X' and 'eval_y' instead.
  eval_set = _validate_eval_set_Xy(eval_set=eval_set, eval_X=eval_X, eval_y=eval_y)
/workspace_developability_acquisition/.venv_b1/lib/python3.12/site-packages/lightgbm/sklearn.py:1106: LGBMDeprecationWarning: The argument 'eval_set' is deprecated, use 'eval_X' and 'eval_y' instead.
  eval_set = _validate_eval_set_Xy(eval_set=eval_set, eval_X=eval_X, eval_y=eval_y)
/workspace_developability_acquisition/.venv_b1/lib/python3.12/site-packages/lightgbm/sklearn.py:1106: LGBMDeprecationWarning: The argument 'eval_set' is deprecated, use 'eval_X' and 'eval_y' instead.
  eval_set = _validate_eval_set_Xy(eval_set=eval_set, eval_X=eval_X, eval_y=eval_y)
/workspace_developability_acquisition/.venv_b1/lib/python3.12/site-packages/lightgbm/sklearn.py:1106: LGBMDeprecationWarning: The argument 'eval_set' is deprecated, use 'eval_X' and 'eval_y' instead.
  eval_set = _validate_eval_set_Xy(eval_set=eval_set, eval_X=eval_X, eval_y=eval_y)
/workspace_developability_acquisition/.venv_b1/lib/python3.12/site-packages/lightgbm/sklearn.py:1106: LGBMDeprecationWarning: The argument 'eval_set' is deprecated, use 'eval_X' and 'eval_y' instead.
  eval_set = _validate_eval_set_Xy(eval_set=eval_set, eval_X=eval_X, eval_y=eval_y)
/workspace_developability_acquisition/.venv_b1/lib/python3.12/site-packages/lightgbm/sklearn.py:1106: LGBMDeprecationWarning: The argument 'eval_set' is deprecated, use 'eval_X' and 'eval_y' instead.
  eval_set = _validate_eval_set_Xy(eval_set=eval_set, eval_X=eval_X, eval_y=eval_y)
/workspace_developability_acquisition/.venv_b1/lib/python3.12/site-packages/lightgbm/sklearn.py:1106: LGBMDeprecationWarning: The argument 'eval_set' is deprecated, use 'eval_X' and 'eval_y' instead.
  eval_set = _validate_eval_set_Xy(eval_set=eval_set, eval_X=eval_X, eval_y=eval_y)
/workspace_developability_acquisition/.venv_b1/lib/python3.12/site-packages/lightgbm/sklearn.py:1106: LGBMDeprecationWarning: The argument 'eval_set' is deprecated, use 'eval_X' and 'eval_y' instead.
  eval_set = _validate_eval_set_Xy(eval_set=eval_set, eval_X=eval_X, eval_y=eval_y)
/workspace_developability_acquisition/.venv_b1/lib/python3.12/site-packages/lightgbm/sklearn.py:1106: LGBMDeprecationWarning: The argument 'eval_set' is deprecated, use 'eval_X' and 'eval_y' instead.
  eval_set = _validate_eval_set_Xy(eval_set=eval_set, eval_X=eval_X, eval_y=eval_y)
/workspace_developability_acquisition/.venv_b1/lib/python3.12/site-packages/lightgbm/sklearn.py:1106: LGBMDeprecationWarning: The argument 'eval_set' is deprecated, use 'eval_X' and 'eval_y' instead.
  eval_set = _validate_eval_set_Xy(eval_set=eval_set, eval_X=eval_X, eval_y=eval_y)
/workspace_developability_acquisition/.venv_b1/lib/python3.12/site-packages/lightgbm/sklearn.py:1106: LGBMDeprecationWarning: The argument 'eval_set' is deprecated, use 'eval_X' and 'eval_y' instead.
  eval_set = _validate_eval_set_Xy(eval_set=eval_set, eval_X=eval_X, eval_y=eval_y)
/workspace_developability_acquisition/.venv_b1/lib/python3.12/site-packages/lightgbm/sklearn.py:1106: LGBMDeprecationWarning: The argument 'eval_set' is deprecated, use 'eval_X' and 'eval_y' instead.
  eval_set = _validate_eval_set_Xy(eval_set=eval_set, eval_X=eval_X, eval_y=eval_y)
/workspace_developability_acquisition/.venv_b1/lib/python3.12/site-packages/lightgbm/sklearn.py:1106: LGBMDeprecationWarning: The argument 'eval_set' is deprecated, use 'eval_X' and 'eval_y' instead.
  eval_set = _validate_eval_set_Xy(eval_set=eval_set, eval_X=eval_X, eval_y=eval_y)
/workspace_developability_acquisition/.venv_b1/lib/python3.12/site-packages/lightgbm/sklearn.py:1106: LGBMDeprecationWarning: The argument 'eval_set' is deprecated, use 'eval_X' and 'eval_y' instead.
  eval_set = _validate_eval_set_Xy(eval_set=eval_set, eval_X=eval_X, eval_y=eval_y)
/workspace_developability_acquisition/.venv_b1/lib/python3.12/site-packages/lightgbm/sklearn.py:1106: LGBMDeprecationWarning: The argument 'eval_set' is deprecated, use 'eval_X' and 'eval_y' instead.
  eval_set = _validate_eval_set_Xy(eval_set=eval_set, eval_X=eval_X, eval_y=eval_y)
/workspace_developability_acquisition/.venv_b1/lib/python3.12/site-packages/lightgbm/sklearn.py:1106: LGBMDeprecationWarning: The argument 'eval_set' is deprecated, use 'eval_X' and 'eval_y' instead.
  eval_set = _validate_eval_set_Xy(eval_set=eval_set, eval_X=eval_X, eval_y=eval_y)
/workspace_developability_acquisition/.venv_b1/lib/python3.12/site-packages/lightgbm/sklearn.py:1106: LGBMDeprecationWarning: The argument 'eval_set' is deprecated, use 'eval_X' and 'eval_y' instead.
  eval_set = _validate_eval_set_Xy(eval_set=eval_set, eval_X=eval_X, eval_y=eval_y)
/workspace_developability_acquisition/.venv_b1/lib/python3.12/site-packages/lightgbm/sklearn.py:1106: LGBMDeprecationWarning: The argument 'eval_set' is deprecated, use 'eval_X' and 'eval_y' instead.
  eval_set = _validate_eval_set_Xy(eval_set=eval_set, eval_X=eval_X, eval_y=eval_y)
/workspace_developability_acquisition/.venv_b1/lib/python3.12/site-packages/lightgbm/sklearn.py:1106: LGBMDeprecationWarning: The argument 'eval_set' is deprecated, use 'eval_X' and 'eval_y' instead.
  eval_set = _validate_eval_set_Xy(eval_set=eval_set, eval_X=eval_X, eval_y=eval_y)
/workspace_developability_acquisition/.venv_b1/lib/python3.12/site-packages/lightgbm/sklearn.py:1106: LGBMDeprecationWarning: The argument 'eval_set' is deprecated, use 'eval_X' and 'eval_y' instead.
  eval_set = _validate_eval_set_Xy(eval_set=eval_set, eval_X=eval_X, eval_y=eval_y)
/workspace_developability_acquisition/.venv_b1/lib/python3.12/site-packages/lightgbm/sklearn.py:1106: LGBMDeprecationWarning: The argument 'eval_set' is deprecated, use 'eval_X' and 'eval_y' instead.
  eval_set = _validate_eval_set_Xy(eval_set=eval_set, eval_X=eval_X, eval_y=eval_y)
/workspace_developability_acquisition/.venv_b1/lib/python3.12/site-packages/lightgbm/sklearn.py:1106: LGBMDeprecationWarning: The argument 'eval_set' is deprecated, use 'eval_X' and 'eval_y' instead.
  eval_set = _validate_eval_set_Xy(eval_set=eval_set, eval_X=eval_X, eval_y=eval_y)
/workspace_developability_acquisition/.venv_b1/lib/python3.12/site-packages/lightgbm/sklearn.py:1106: LGBMDeprecationWarning: The argument 'eval_set' is deprecated, use 'eval_X' and 'eval_y' instead.
  eval_set = _validate_eval_set_Xy(eval_set=eval_set, eval_X=eval_X, eval_y=eval_y)
/workspace_developability_acquisition/.venv_b1/lib/python3.12/site-packages/lightgbm/sklearn.py:1106: LGBMDeprecationWarning: The argument 'eval_set' is deprecated, use 'eval_X' and 'eval_y' instead.
  eval_set = _validate_eval_set_Xy(eval_set=eval_set, eval_X=eval_X, eval_y=eval_y)
/workspace_developability_acquisition/.venv_b1/lib/python3.12/site-packages/lightgbm/sklearn.py:1106: LGBMDeprecationWarning: The argument 'eval_set' is deprecated, use 'eval_X' and 'eval_y' instead.
  eval_set = _validate_eval_set_Xy(eval_set=eval_set, eval_X=eval_X, eval_y=eval_y)
/workspace_developability_acquisition/.venv_b1/lib/python3.12/site-packages/lightgbm/sklearn.py:1106: LGBMDeprecationWarning: The argument 'eval_set' is deprecated, use 'eval_X' and 'eval_y' instead.
  eval_set = _validate_eval_set_Xy(eval_set=eval_set, eval_X=eval_X, eval_y=eval_y)
/workspace_developability_acquisition/.venv_b1/lib/python3.12/site-packages/lightgbm/sklearn.py:1106: LGBMDeprecationWarning: The argument 'eval_set' is deprecated, use 'eval_X' and 'eval_y' instead.
  eval_set = _validate_eval_set_Xy(eval_set=eval_set, eval_X=eval_X, eval_y=eval_y)
/workspace_developability_acquisition/.venv_b1/lib/python3.12/site-packages/lightgbm/sklearn.py:1106: LGBMDeprecationWarning: The argument 'eval_set' is deprecated, use 'eval_X' and 'eval_y' instead.
  eval_set = _validate_eval_set_Xy(eval_set=eval_set, eval_X=eval_X, eval_y=eval_y)
/workspace_developability_acquisition/.venv_b1/lib/python3.12/site-packages/lightgbm/sklearn.py:1106: LGBMDeprecationWarning: The argument 'eval_set' is deprecated, use 'eval_X' and 'eval_y' instead.
  eval_set = _validate_eval_set_Xy(eval_set=eval_set, eval_X=eval_X, eval_y=eval_y)
/workspace_developability_acquisition/.venv_b1/lib/python3.12/site-packages/lightgbm/sklearn.py:1106: LGBMDeprecationWarning: The argument 'eval_set' is deprecated, use 'eval_X' and 'eval_y' instead.
  eval_set = _validate_eval_set_Xy(eval_set=eval_set, eval_X=eval_X, eval_y=eval_y)
/workspace_developability_acquisition/.venv_b1/lib/python3.12/site-packages/lightgbm/sklearn.py:1106: LGBMDeprecationWarning: The argument 'eval_set' is deprecated, use 'eval_X' and 'eval_y' instead.
  eval_set = _validate_eval_set_Xy(eval_set=eval_set, eval_X=eval_X, eval_y=eval_y)
/workspace_developability_acquisition/.venv_b1/lib/python3.12/site-packages/lightgbm/sklearn.py:1106: LGBMDeprecationWarning: The argument 'eval_set' is deprecated, use 'eval_X' and 'eval_y' instead.
  eval_set = _validate_eval_set_Xy(eval_set=eval_set, eval_X=eval_X, eval_y=eval_y)
/workspace_developability_acquisition/.venv_b1/lib/python3.12/site-packages/lightgbm/sklearn.py:1106: LGBMDeprecationWarning: The argument 'eval_set' is deprecated, use 'eval_X' and 'eval_y' instead.
  eval_set = _validate_eval_set_Xy(eval_set=eval_set, eval_X=eval_X, eval_y=eval_y)
/workspace_developability_acquisition/.venv_b1/lib/python3.12/site-packages/lightgbm/sklearn.py:1106: LGBMDeprecationWarning: The argument 'eval_set' is deprecated, use 'eval_X' and 'eval_y' instead.
  eval_set = _validate_eval_set_Xy(eval_set=eval_set, eval_X=eval_X, eval_y=eval_y)
/workspace_developability_acquisition/.venv_b1/lib/python3.12/site-packages/lightgbm/sklearn.py:1106: LGBMDeprecationWarning: The argument 'eval_set' is deprecated, use 'eval_X' and 'eval_y' instead.
  eval_set = _validate_eval_set_Xy(eval_set=eval_set, eval_X=eval_X, eval_y=eval_y)
/workspace_developability_acquisition/.venv_b1/lib/python3.12/site-packages/lightgbm/sklearn.py:1106: LGBMDeprecationWarning: The argument 'eval_set' is deprecated, use 'eval_X' and 'eval_y' instead.
  eval_set = _validate_eval_set_Xy(eval_set=eval_set, eval_X=eval_X, eval_y=eval_y)
/workspace_developability_acquisition/.venv_b1/lib/python3.12/site-packages/lightgbm/sklearn.py:1106: LGBMDeprecationWarning: The argument 'eval_set' is deprecated, use 'eval_X' and 'eval_y' instead.
  eval_set = _validate_eval_set_Xy(eval_set=eval_set, eval_X=eval_X, eval_y=eval_y)
/workspace_developability_acquisition/.venv_b1/lib/python3.12/site-packages/lightgbm/sklearn.py:1106: LGBMDeprecationWarning: The argument 'eval_set' is deprecated, use 'eval_X' and 'eval_y' instead.
  eval_set = _validate_eval_set_Xy(eval_set=eval_set, eval_X=eval_X, eval_y=eval_y)
/workspace_developability_acquisition/.venv_b1/lib/python3.12/site-packages/lightgbm/sklearn.py:1106: LGBMDeprecationWarning: The argument 'eval_set' is deprecated, use 'eval_X' and 'eval_y' instead.
  eval_set = _validate_eval_set_Xy(eval_set=eval_set, eval_X=eval_X, eval_y=eval_y)
/workspace_developability_acquisition/.venv_b1/lib/python3.12/site-packages/lightgbm/sklearn.py:1106: LGBMDeprecationWarning: The argument 'eval_set' is deprecated, use 'eval_X' and 'eval_y' instead.
  eval_set = _validate_eval_set_Xy(eval_set=eval_set, eval_X=eval_X, eval_y=eval_y)
/workspace_developability_acquisition/.venv_b1/lib/python3.12/site-packages/lightgbm/sklearn.py:1106: LGBMDeprecationWarning: The argument 'eval_set' is deprecated, use 'eval_X' and 'eval_y' instead.
  eval_set = _validate_eval_set_Xy(eval_set=eval_set, eval_X=eval_X, eval_y=eval_y)
/workspace_developability_acquisition/.venv_b1/lib/python3.12/site-packages/lightgbm/sklearn.py:1106: LGBMDeprecationWarning: The argument 'eval_set' is deprecated, use 'eval_X' and 'eval_y' instead.
  eval_set = _validate_eval_set_Xy(eval_set=eval_set, eval_X=eval_X, eval_y=eval_y)
/workspace_developability_acquisition/.venv_b1/lib/python3.12/site-packages/lightgbm/sklearn.py:1106: LGBMDeprecationWarning: The argument 'eval_set' is deprecated, use 'eval_X' and 'eval_y' instead.
  eval_set = _validate_eval_set_Xy(eval_set=eval_set, eval_X=eval_X, eval_y=eval_y)
/workspace_developability_acquisition/.venv_b1/lib/python3.12/site-packages/lightgbm/sklearn.py:1106: LGBMDeprecationWarning: The argument 'eval_set' is deprecated, use 'eval_X' and 'eval_y' instead.
  eval_set = _validate_eval_set_Xy(eval_set=eval_set, eval_X=eval_X, eval_y=eval_y)
/workspace_developability_acquisition/.venv_b1/lib/python3.12/site-packages/lightgbm/sklearn.py:1106: LGBMDeprecationWarning: The argument 'eval_set' is deprecated, use 'eval_X' and 'eval_y' instead.
  eval_set = _validate_eval_set_Xy(eval_set=eval_set, eval_X=eval_X, eval_y=eval_y)
/workspace_developability_acquisition/.venv_b1/lib/python3.12/site-packages/lightgbm/sklearn.py:1106: LGBMDeprecationWarning: The argument 'eval_set' is deprecated, use 'eval_X' and 'eval_y' instead.
  eval_set = _validate_eval_set_Xy(eval_set=eval_set, eval_X=eval_X, eval_y=eval_y)
/workspace_developability_acquisition/.venv_b1/lib/python3.12/site-packages/lightgbm/sklearn.py:1106: LGBMDeprecationWarning: The argument 'eval_set' is deprecated, use 'eval_X' and 'eval_y' instead.
  eval_set = _validate_eval_set_Xy(eval_set=eval_set, eval_X=eval_X, eval_y=eval_y)
/workspace_developability_acquisition/.venv_b1/lib/python3.12/site-packages/lightgbm/sklearn.py:1106: LGBMDeprecationWarning: The argument 'eval_set' is deprecated, use 'eval_X' and 'eval_y' instead.
  eval_set = _validate_eval_set_Xy(eval_set=eval_set, eval_X=eval_X, eval_y=eval_y)
/workspace_developability_acquisition/.venv_b1/lib/python3.12/site-packages/lightgbm/sklearn.py:1106: LGBMDeprecationWarning: The argument 'eval_set' is deprecated, use 'eval_X' and 'eval_y' instead.
  eval_set = _validate_eval_set_Xy(eval_set=eval_set, eval_X=eval_X, eval_y=eval_y)
/workspace_developability_acquisition/.venv_b1/lib/python3.12/site-packages/lightgbm/sklearn.py:1106: LGBMDeprecationWarning: The argument 'eval_set' is deprecated, use 'eval_X' and 'eval_y' instead.
  eval_set = _validate_eval_set_Xy(eval_set=eval_set, eval_X=eval_X, eval_y=eval_y)
/workspace_developability_acquisition/.venv_b1/lib/python3.12/site-packages/lightgbm/sklearn.py:1106: LGBMDeprecationWarning: The argument 'eval_set' is deprecated, use 'eval_X' and 'eval_y' instead.
  eval_set = _validate_eval_set_Xy(eval_set=eval_set, eval_X=eval_X, eval_y=eval_y)
/workspace_developability_acquisition/.venv_b1/lib/python3.12/site-packages/lightgbm/sklearn.py:1106: LGBMDeprecationWarning: The argument 'eval_set' is deprecated, use 'eval_X' and 'eval_y' instead.
  eval_set = _validate_eval_set_Xy(eval_set=eval_set, eval_X=eval_X, eval_y=eval_y)
/workspace_developability_acquisition/.venv_b1/lib/python3.12/site-packages/lightgbm/sklearn.py:1106: LGBMDeprecationWarning: The argument 'eval_set' is deprecated, use 'eval_X' and 'eval_y' instead.
  eval_set = _validate_eval_set_Xy(eval_set=eval_set, eval_X=eval_X, eval_y=eval_y)
/workspace_developability_acquisition/.venv_b1/lib/python3.12/site-packages/lightgbm/sklearn.py:1106: LGBMDeprecationWarning: The argument 'eval_set' is deprecated, use 'eval_X' and 'eval_y' instead.
  eval_set = _validate_eval_set_Xy(eval_set=eval_set, eval_X=eval_X, eval_y=eval_y)
/workspace_developability_acquisition/.venv_b1/lib/python3.12/site-packages/lightgbm/sklearn.py:1106: LGBMDeprecationWarning: The argument 'eval_set' is deprecated, use 'eval_X' and 'eval_y' instead.
  eval_set = _validate_eval_set_Xy(eval_set=eval_set, eval_X=eval_X, eval_y=eval_y)
/workspace_developability_acquisition/.venv_b1/lib/python3.12/site-packages/lightgbm/sklearn.py:1106: LGBMDeprecationWarning: The argument 'eval_set' is deprecated, use 'eval_X' and 'eval_y' instead.
  eval_set = _validate_eval_set_Xy(eval_set=eval_set, eval_X=eval_X, eval_y=eval_y)
/workspace_developability_acquisition/.venv_b1/lib/python3.12/site-packages/lightgbm/sklearn.py:1106: LGBMDeprecationWarning: The argument 'eval_set' is deprecated, use 'eval_X' and 'eval_y' instead.
  eval_set = _validate_eval_set_Xy(eval_set=eval_set, eval_X=eval_X, eval_y=eval_y)
/workspace_developability_acquisition/.venv_b1/lib/python3.12/site-packages/lightgbm/sklearn.py:1106: LGBMDeprecationWarning: The argument 'eval_set' is deprecated, use 'eval_X' and 'eval_y' instead.
  eval_set = _validate_eval_set_Xy(eval_set=eval_set, eval_X=eval_X, eval_y=eval_y)
/workspace_developability_acquisition/.venv_b1/lib/python3.12/site-packages/lightgbm/sklearn.py:1106: LGBMDeprecationWarning: The argument 'eval_set' is deprecated, use 'eval_X' and 'eval_y' instead.
  eval_set = _validate_eval_set_Xy(eval_set=eval_set, eval_X=eval_X, eval_y=eval_y)
/workspace_developability_acquisition/.venv_b1/lib/python3.12/site-packages/lightgbm/sklearn.py:1106: LGBMDeprecationWarning: The argument 'eval_set' is deprecated, use 'eval_X' and 'eval_y' instead.
  eval_set = _validate_eval_set_Xy(eval_set=eval_set, eval_X=eval_X, eval_y=eval_y)
/workspace_developability_acquisition/.venv_b1/lib/python3.12/site-packages/lightgbm/sklearn.py:1106: LGBMDeprecationWarning: The argument 'eval_set' is deprecated, use 'eval_X' and 'eval_y' instead.
  eval_set = _validate_eval_set_Xy(eval_set=eval_set, eval_X=eval_X, eval_y=eval_y)
/workspace_developability_acquisition/.venv_b1/lib/python3.12/site-packages/lightgbm/sklearn.py:1106: LGBMDeprecationWarning: The argument 'eval_set' is deprecated, use 'eval_X' and 'eval_y' instead.
  eval_set = _validate_eval_set_Xy(eval_set=eval_set, eval_X=eval_X, eval_y=eval_y)
/workspace_developability_acquisition/.venv_b1/lib/python3.12/site-packages/lightgbm/sklearn.py:1106: LGBMDeprecationWarning: The argument 'eval_set' is deprecated, use 'eval_X' and 'eval_y' instead.
  eval_set = _validate_eval_set_Xy(eval_set=eval_set, eval_X=eval_X, eval_y=eval_y)
/workspace_developability_acquisition/.venv_b1/lib/python3.12/site-packages/lightgbm/sklearn.py:1106: LGBMDeprecationWarning: The argument 'eval_set' is deprecated, use 'eval_X' and 'eval_y' instead.
  eval_set = _validate_eval_set_Xy(eval_set=eval_set, eval_X=eval_X, eval_y=eval_y)
/workspace_developability_acquisition/.venv_b1/lib/python3.12/site-packages/lightgbm/sklearn.py:1106: LGBMDeprecationWarning: The argument 'eval_set' is deprecated, use 'eval_X' and 'eval_y' instead.
  eval_set = _validate_eval_set_Xy(eval_set=eval_set, eval_X=eval_X, eval_y=eval_y)
/workspace_developability_acquisition/.venv_b1/lib/python3.12/site-packages/lightgbm/sklearn.py:1106: LGBMDeprecationWarning: The argument 'eval_set' is deprecated, use 'eval_X' and 'eval_y' instead.
  eval_set = _validate_eval_set_Xy(eval_set=eval_set, eval_X=eval_X, eval_y=eval_y)
/workspace_developability_acquisition/.venv_b1/lib/python3.12/site-packages/lightgbm/sklearn.py:1106: LGBMDeprecationWarning: The argument 'eval_set' is deprecated, use 'eval_X' and 'eval_y' instead.
  eval_set = _validate_eval_set_Xy(eval_set=eval_set, eval_X=eval_X, eval_y=eval_y)
/workspace_developability_acquisition/.venv_b1/lib/python3.12/site-packages/lightgbm/sklearn.py:1106: LGBMDeprecationWarning: The argument 'eval_set' is deprecated, use 'eval_X' and 'eval_y' instead.
  eval_set = _validate_eval_set_Xy(eval_set=eval_set, eval_X=eval_X, eval_y=eval_y)
/workspace_developability_acquisition/.venv_b1/lib/python3.12/site-packages/lightgbm/sklearn.py:1106: LGBMDeprecationWarning: The argument 'eval_set' is deprecated, use 'eval_X' and 'eval_y' instead.
  eval_set = _validate_eval_set_Xy(eval_set=eval_set, eval_X=eval_X, eval_y=eval_y)
/workspace_developability_acquisition/.venv_b1/lib/python3.12/site-packages/lightgbm/sklearn.py:1106: LGBMDeprecationWarning: The argument 'eval_set' is deprecated, use 'eval_X' and 'eval_y' instead.
  eval_set = _validate_eval_set_Xy(eval_set=eval_set, eval_X=eval_X, eval_y=eval_y)
/workspace_developability_acquisition/.venv_b1/lib/python3.12/site-packages/lightgbm/sklearn.py:1106: LGBMDeprecationWarning: The argument 'eval_set' is deprecated, use 'eval_X' and 'eval_y' instead.
  eval_set = _validate_eval_set_Xy(eval_set=eval_set, eval_X=eval_X, eval_y=eval_y)
/workspace_developability_acquisition/.venv_b1/lib/python3.12/site-packages/lightgbm/sklearn.py:1106: LGBMDeprecationWarning: The argument 'eval_set' is deprecated, use 'eval_X' and 'eval_y' instead.
  eval_set = _validate_eval_set_Xy(eval_set=eval_set, eval_X=eval_X, eval_y=eval_y)
/workspace_developability_acquisition/.venv_b1/lib/python3.12/site-packages/lightgbm/sklearn.py:1106: LGBMDeprecationWarning: The argument 'eval_set' is deprecated, use 'eval_X' and 'eval_y' instead.
  eval_set = _validate_eval_set_Xy(eval_set=eval_set, eval_X=eval_X, eval_y=eval_y)
/workspace_developability_acquisition/.venv_b1/lib/python3.12/site-packages/lightgbm/sklearn.py:1106: LGBMDeprecationWarning: The argument 'eval_set' is deprecated, use 'eval_X' and 'eval_y' instead.
  eval_set = _validate_eval_set_Xy(eval_set=eval_set, eval_X=eval_X, eval_y=eval_y)
/workspace_developability_acquisition/.venv_b1/lib/python3.12/site-packages/lightgbm/sklearn.py:1106: LGBMDeprecationWarning: The argument 'eval_set' is deprecated, use 'eval_X' and 'eval_y' instead.
  eval_set = _validate_eval_set_Xy(eval_set=eval_set, eval_X=eval_X, eval_y=eval_y)
/workspace_developability_acquisition/.venv_b1/lib/python3.12/site-packages/lightgbm/sklearn.py:1106: LGBMDeprecationWarning: The argument 'eval_set' is deprecated, use 'eval_X' and 'eval_y' instead.
  eval_set = _validate_eval_set_Xy(eval_set=eval_set, eval_X=eval_X, eval_y=eval_y)
/workspace_developability_acquisition/.venv_b1/lib/python3.12/site-packages/lightgbm/sklearn.py:1106: LGBMDeprecationWarning: The argument 'eval_set' is deprecated, use 'eval_X' and 'eval_y' instead.
  eval_set = _validate_eval_set_Xy(eval_set=eval_set, eval_X=eval_X, eval_y=eval_y)
/workspace_developability_acquisition/.venv_b1/lib/python3.12/site-packages/lightgbm/sklearn.py:1106: LGBMDeprecationWarning: The argument 'eval_set' is deprecated, use 'eval_X' and 'eval_y' instead.
  eval_set = _validate_eval_set_Xy(eval_set=eval_set, eval_X=eval_X, eval_y=eval_y)
/workspace_developability_acquisition/.venv_b1/lib/python3.12/site-packages/lightgbm/sklearn.py:1106: LGBMDeprecationWarning: The argument 'eval_set' is deprecated, use 'eval_X' and 'eval_y' instead.
  eval_set = _validate_eval_set_Xy(eval_set=eval_set, eval_X=eval_X, eval_y=eval_y)
/workspace_developability_acquisition/.venv_b1/lib/python3.12/site-packages/lightgbm/sklearn.py:1106: LGBMDeprecationWarning: The argument 'eval_set' is deprecated, use 'eval_X' and 'eval_y' instead.
  eval_set = _validate_eval_set_Xy(eval_set=eval_set, eval_X=eval_X, eval_y=eval_y)
/workspace_developability_acquisition/.venv_b1/lib/python3.12/site-packages/lightgbm/sklearn.py:1106: LGBMDeprecationWarning: The argument 'eval_set' is deprecated, use 'eval_X' and 'eval_y' instead.
  eval_set = _validate_eval_set_Xy(eval_set=eval_set, eval_X=eval_X, eval_y=eval_y)
/workspace_developability_acquisition/.venv_b1/lib/python3.12/site-packages/lightgbm/sklearn.py:1106: LGBMDeprecationWarning: The argument 'eval_set' is deprecated, use 'eval_X' and 'eval_y' instead.
  eval_set = _validate_eval_set_Xy(eval_set=eval_set, eval_X=eval_X, eval_y=eval_y)
/workspace_developability_acquisition/.venv_b1/lib/python3.12/site-packages/lightgbm/sklearn.py:1106: LGBMDeprecationWarning: The argument 'eval_set' is deprecated, use 'eval_X' and 'eval_y' instead.
  eval_set = _validate_eval_set_Xy(eval_set=eval_set, eval_X=eval_X, eval_y=eval_y)
/workspace_developability_acquisition/.venv_b1/lib/python3.12/site-packages/lightgbm/sklearn.py:1106: LGBMDeprecationWarning: The argument 'eval_set' is deprecated, use 'eval_X' and 'eval_y' instead.
  eval_set = _validate_eval_set_Xy(eval_set=eval_set, eval_X=eval_X, eval_y=eval_y)
/workspace_developability_acquisition/.venv_b1/lib/python3.12/site-packages/lightgbm/sklearn.py:1106: LGBMDeprecationWarning: The argument 'eval_set' is deprecated, use 'eval_X' and 'eval_y' instead.
  eval_set = _validate_eval_set_Xy(eval_set=eval_set, eval_X=eval_X, eval_y=eval_y)
/workspace_developability_acquisition/.venv_b1/lib/python3.12/site-packages/lightgbm/sklearn.py:1106: LGBMDeprecationWarning: The argument 'eval_set' is deprecated, use 'eval_X' and 'eval_y' instead.
  eval_set = _validate_eval_set_Xy(eval_set=eval_set, eval_X=eval_X, eval_y=eval_y)
/workspace_developability_acquisition/.venv_b1/lib/python3.12/site-packages/lightgbm/sklearn.py:1106: LGBMDeprecationWarning: The argument 'eval_set' is deprecated, use 'eval_X' and 'eval_y' instead.
  eval_set = _validate_eval_set_Xy(eval_set=eval_set, eval_X=eval_X, eval_y=eval_y)
/workspace_developability_acquisition/.venv_b1/lib/python3.12/site-packages/lightgbm/sklearn.py:1106: LGBMDeprecationWarning: The argument 'eval_set' is deprecated, use 'eval_X' and 'eval_y' instead.
  eval_set = _validate_eval_set_Xy(eval_set=eval_set, eval_X=eval_X, eval_y=eval_y)
/workspace_developability_acquisition/.venv_b1/lib/python3.12/site-packages/lightgbm/sklearn.py:1106: LGBMDeprecationWarning: The argument 'eval_set' is deprecated, use 'eval_X' and 'eval_y' instead.
  eval_set = _validate_eval_set_Xy(eval_set=eval_set, eval_X=eval_X, eval_y=eval_y)
/workspace_developability_acquisition/.venv_b1/lib/python3.12/site-packages/lightgbm/sklearn.py:1106: LGBMDeprecationWarning: The argument 'eval_set' is deprecated, use 'eval_X' and 'eval_y' instead.
  eval_set = _validate_eval_set_Xy(eval_set=eval_set, eval_X=eval_X, eval_y=eval_y)
/workspace_developability_acquisition/.venv_b1/lib/python3.12/site-packages/lightgbm/sklearn.py:1106: LGBMDeprecationWarning: The argument 'eval_set' is deprecated, use 'eval_X' and 'eval_y' instead.
  eval_set = _validate_eval_set_Xy(eval_set=eval_set, eval_X=eval_X, eval_y=eval_y)
/workspace_developability_acquisition/.venv_b1/lib/python3.12/site-packages/lightgbm/sklearn.py:1106: LGBMDeprecationWarning: The argument 'eval_set' is deprecated, use 'eval_X' and 'eval_y' instead.
  eval_set = _validate_eval_set_Xy(eval_set=eval_set, eval_X=eval_X, eval_y=eval_y)
/workspace_developability_acquisition/.venv_b1/lib/python3.12/site-packages/lightgbm/sklearn.py:1106: LGBMDeprecationWarning: The argument 'eval_set' is deprecated, use 'eval_X' and 'eval_y' instead.
  eval_set = _validate_eval_set_Xy(eval_set=eval_set, eval_X=eval_X, eval_y=eval_y)
/workspace_developability_acquisition/.venv_b1/lib/python3.12/site-packages/lightgbm/sklearn.py:1106: LGBMDeprecationWarning: The argument 'eval_set' is deprecated, use 'eval_X' and 'eval_y' instead.
  eval_set = _validate_eval_set_Xy(eval_set=eval_set, eval_X=eval_X, eval_y=eval_y)
/workspace_developability_acquisition/.venv_b1/lib/python3.12/site-packages/lightgbm/sklearn.py:1106: LGBMDeprecationWarning: The argument 'eval_set' is deprecated, use 'eval_X' and 'eval_y' instead.
  eval_set = _validate_eval_set_Xy(eval_set=eval_set, eval_X=eval_X, eval_y=eval_y)
/workspace_developability_acquisition/.venv_b1/lib/python3.12/site-packages/lightgbm/sklearn.py:1106: LGBMDeprecationWarning: The argument 'eval_set' is deprecated, use 'eval_X' and 'eval_y' instead.
  eval_set = _validate_eval_set_Xy(eval_set=eval_set, eval_X=eval_X, eval_y=eval_y)
/workspace_developability_acquisition/.venv_b1/lib/python3.12/site-packages/lightgbm/sklearn.py:1106: LGBMDeprecationWarning: The argument 'eval_set' is deprecated, use 'eval_X' and 'eval_y' instead.
  eval_set = _validate_eval_set_Xy(eval_set=eval_set, eval_X=eval_X, eval_y=eval_y)
/workspace_developability_acquisition/.venv_b1/lib/python3.12/site-packages/lightgbm/sklearn.py:1106: LGBMDeprecationWarning: The argument 'eval_set' is deprecated, use 'eval_X' and 'eval_y' instead.
  eval_set = _validate_eval_set_Xy(eval_set=eval_set, eval_X=eval_X, eval_y=eval_y)
/workspace_developability_acquisition/.venv_b1/lib/python3.12/site-packages/lightgbm/sklearn.py:1106: LGBMDeprecationWarning: The argument 'eval_set' is deprecated, use 'eval_X' and 'eval_y' instead.
  eval_set = _validate_eval_set_Xy(eval_set=eval_set, eval_X=eval_X, eval_y=eval_y)
/workspace_developability_acquisition/.venv_b1/lib/python3.12/site-packages/lightgbm/sklearn.py:1106: LGBMDeprecationWarning: The argument 'eval_set' is deprecated, use 'eval_X' and 'eval_y' instead.
  eval_set = _validate_eval_set_Xy(eval_set=eval_set, eval_X=eval_X, eval_y=eval_y)
/workspace_developability_acquisition/.venv_b1/lib/python3.12/site-packages/lightgbm/sklearn.py:1106: LGBMDeprecationWarning: The argument 'eval_set' is deprecated, use 'eval_X' and 'eval_y' instead.
  eval_set = _validate_eval_set_Xy(eval_set=eval_set, eval_X=eval_X, eval_y=eval_y)
/workspace_developability_acquisition/.venv_b1/lib/python3.12/site-packages/lightgbm/sklearn.py:1106: LGBMDeprecationWarning: The argument 'eval_set' is deprecated, use 'eval_X' and 'eval_y' instead.
  eval_set = _validate_eval_set_Xy(eval_set=eval_set, eval_X=eval_X, eval_y=eval_y)
/workspace_developability_acquisition/.venv_b1/lib/python3.12/site-packages/lightgbm/sklearn.py:1106: LGBMDeprecationWarning: The argument 'eval_set' is deprecated, use 'eval_X' and 'eval_y' instead.
  eval_set = _validate_eval_set_Xy(eval_set=eval_set, eval_X=eval_X, eval_y=eval_y)
/workspace_developability_acquisition/.venv_b1/lib/python3.12/site-packages/lightgbm/sklearn.py:1106: LGBMDeprecationWarning: The argument 'eval_set' is deprecated, use 'eval_X' and 'eval_y' instead.
  eval_set = _validate_eval_set_Xy(eval_set=eval_set, eval_X=eval_X, eval_y=eval_y)
/workspace_developability_acquisition/.venv_b1/lib/python3.12/site-packages/lightgbm/sklearn.py:1106: LGBMDeprecationWarning: The argument 'eval_set' is deprecated, use 'eval_X' and 'eval_y' instead.
  eval_set = _validate_eval_set_Xy(eval_set=eval_set, eval_X=eval_X, eval_y=eval_y)
/workspace_developability_acquisition/.venv_b1/lib/python3.12/site-packages/lightgbm/sklearn.py:1106: LGBMDeprecationWarning: The argument 'eval_set' is deprecated, use 'eval_X' and 'eval_y' instead.
  eval_set = _validate_eval_set_Xy(eval_set=eval_set, eval_X=eval_X, eval_y=eval_y)
/workspace_developability_acquisition/.venv_b1/lib/python3.12/site-packages/lightgbm/sklearn.py:1106: LGBMDeprecationWarning: The argument 'eval_set' is deprecated, use 'eval_X' and 'eval_y' instead.
  eval_set = _validate_eval_set_Xy(eval_set=eval_set, eval_X=eval_X, eval_y=eval_y)
Optuna GBDT screen_HIC_PLM_ESM2_CAT_MAE
Optuna GBDT screen_HIC_FUSION_ESM2_ESMFN_XGB_L1
Optuna GBDT screen_HIC_FUSION_ESM2_ESMFN_XGB_L2
Optuna GBDT screen_HIC_FUSION_ESM2_ESMFN_LGB_L1
/workspace_developability_acquisition/.venv_b1/lib/python3.12/site-packages/lightgbm/sklearn.py:1106: LGBMDeprecationWarning: The argument 'eval_set' is deprecated, use 'eval_X' and 'eval_y' instead.
  eval_set = _validate_eval_set_Xy(eval_set=eval_set, eval_X=eval_X, eval_y=eval_y)
/workspace_developability_acquisition/.venv_b1/lib/python3.12/site-packages/lightgbm/sklearn.py:1106: LGBMDeprecationWarning: The argument 'eval_set' is deprecated, use 'eval_X' and 'eval_y' instead.
  eval_set = _validate_eval_set_Xy(eval_set=eval_set, eval_X=eval_X, eval_y=eval_y)
/workspace_developability_acquisition/.venv_b1/lib/python3.12/site-packages/lightgbm/sklearn.py:1106: LGBMDeprecationWarning: The argument 'eval_set' is deprecated, use 'eval_X' and 'eval_y' instead.
  eval_set = _validate_eval_set_Xy(eval_set=eval_set, eval_X=eval_X, eval_y=eval_y)
/workspace_developability_acquisition/.venv_b1/lib/python3.12/site-packages/lightgbm/sklearn.py:1106: LGBMDeprecationWarning: The argument 'eval_set' is deprecated, use 'eval_X' and 'eval_y' instead.
  eval_set = _validate_eval_set_Xy(eval_set=eval_set, eval_X=eval_X, eval_y=eval_y)
/workspace_developability_acquisition/.venv_b1/lib/python3.12/site-packages/lightgbm/sklearn.py:1106: LGBMDeprecationWarning: The argument 'eval_set' is deprecated, use 'eval_X' and 'eval_y' instead.
  eval_set = _validate_eval_set_Xy(eval_set=eval_set, eval_X=eval_X, eval_y=eval_y)
/workspace_developability_acquisition/.venv_b1/lib/python3.12/site-packages/lightgbm/sklearn.py:1106: LGBMDeprecationWarning: The argument 'eval_set' is deprecated, use 'eval_X' and 'eval_y' instead.
  eval_set = _validate_eval_set_Xy(eval_set=eval_set, eval_X=eval_X, eval_y=eval_y)
/workspace_developability_acquisition/.venv_b1/lib/python3.12/site-packages/lightgbm/sklearn.py:1106: LGBMDeprecationWarning: The argument 'eval_set' is deprecated, use 'eval_X' and 'eval_y' instead.
  eval_set = _validate_eval_set_Xy(eval_set=eval_set, eval_X=eval_X, eval_y=eval_y)
/workspace_developability_acquisition/.venv_b1/lib/python3.12/site-packages/lightgbm/sklearn.py:1106: LGBMDeprecationWarning: The argument 'eval_set' is deprecated, use 'eval_X' and 'eval_y' instead.
  eval_set = _validate_eval_set_Xy(eval_set=eval_set, eval_X=eval_X, eval_y=eval_y)
/workspace_developability_acquisition/.venv_b1/lib/python3.12/site-packages/lightgbm/sklearn.py:1106: LGBMDeprecationWarning: The argument 'eval_set' is deprecated, use 'eval_X' and 'eval_y' instead.
  eval_set = _validate_eval_set_Xy(eval_set=eval_set, eval_X=eval_X, eval_y=eval_y)
/workspace_developability_acquisition/.venv_b1/lib/python3.12/site-packages/lightgbm/sklearn.py:1106: LGBMDeprecationWarning: The argument 'eval_set' is deprecated, use 'eval_X' and 'eval_y' instead.
  eval_set = _validate_eval_set_Xy(eval_set=eval_set, eval_X=eval_X, eval_y=eval_y)
/workspace_developability_acquisition/.venv_b1/lib/python3.12/site-packages/lightgbm/sklearn.py:1106: LGBMDeprecationWarning: The argument 'eval_set' is deprecated, use 'eval_X' and 'eval_y' instead.
  eval_set = _validate_eval_set_Xy(eval_set=eval_set, eval_X=eval_X, eval_y=eval_y)
/workspace_developability_acquisition/.venv_b1/lib/python3.12/site-packages/lightgbm/sklearn.py:1106: LGBMDeprecationWarning: The argument 'eval_set' is deprecated, use 'eval_X' and 'eval_y' instead.
  eval_set = _validate_eval_set_Xy(eval_set=eval_set, eval_X=eval_X, eval_y=eval_y)
/workspace_developability_acquisition/.venv_b1/lib/python3.12/site-packages/lightgbm/sklearn.py:1106: LGBMDeprecationWarning: The argument 'eval_set' is deprecated, use 'eval_X' and 'eval_y' instead.
  eval_set = _validate_eval_set_Xy(eval_set=eval_set, eval_X=eval_X, eval_y=eval_y)
/workspace_developability_acquisition/.venv_b1/lib/python3.12/site-packages/lightgbm/sklearn.py:1106: LGBMDeprecationWarning: The argument 'eval_set' is deprecated, use 'eval_X' and 'eval_y' instead.
  eval_set = _validate_eval_set_Xy(eval_set=eval_set, eval_X=eval_X, eval_y=eval_y)
/workspace_developability_acquisition/.venv_b1/lib/python3.12/site-packages/lightgbm/sklearn.py:1106: LGBMDeprecationWarning: The argument 'eval_set' is deprecated, use 'eval_X' and 'eval_y' instead.
  eval_set = _validate_eval_set_Xy(eval_set=eval_set, eval_X=eval_X, eval_y=eval_y)
/workspace_developability_acquisition/.venv_b1/lib/python3.12/site-packages/lightgbm/sklearn.py:1106: LGBMDeprecationWarning: The argument 'eval_set' is deprecated, use 'eval_X' and 'eval_y' instead.
  eval_set = _validate_eval_set_Xy(eval_set=eval_set, eval_X=eval_X, eval_y=eval_y)
/workspace_developability_acquisition/.venv_b1/lib/python3.12/site-packages/lightgbm/sklearn.py:1106: LGBMDeprecationWarning: The argument 'eval_set' is deprecated, use 'eval_X' and 'eval_y' instead.
  eval_set = _validate_eval_set_Xy(eval_set=eval_set, eval_X=eval_X, eval_y=eval_y)
/workspace_developability_acquisition/.venv_b1/lib/python3.12/site-packages/lightgbm/sklearn.py:1106: LGBMDeprecationWarning: The argument 'eval_set' is deprecated, use 'eval_X' and 'eval_y' instead.
  eval_set = _validate_eval_set_Xy(eval_set=eval_set, eval_X=eval_X, eval_y=eval_y)
/workspace_developability_acquisition/.venv_b1/lib/python3.12/site-packages/lightgbm/sklearn.py:1106: LGBMDeprecationWarning: The argument 'eval_set' is deprecated, use 'eval_X' and 'eval_y' instead.
  eval_set = _validate_eval_set_Xy(eval_set=eval_set, eval_X=eval_X, eval_y=eval_y)
/workspace_developability_acquisition/.venv_b1/lib/python3.12/site-packages/lightgbm/sklearn.py:1106: LGBMDeprecationWarning: The argument 'eval_set' is deprecated, use 'eval_X' and 'eval_y' instead.
  eval_set = _validate_eval_set_Xy(eval_set=eval_set, eval_X=eval_X, eval_y=eval_y)
/workspace_developability_acquisition/.venv_b1/lib/python3.12/site-packages/lightgbm/sklearn.py:1106: LGBMDeprecationWarning: The argument 'eval_set' is deprecated, use 'eval_X' and 'eval_y' instead.
  eval_set = _validate_eval_set_Xy(eval_set=eval_set, eval_X=eval_X, eval_y=eval_y)
/workspace_developability_acquisition/.venv_b1/lib/python3.12/site-packages/lightgbm/sklearn.py:1106: LGBMDeprecationWarning: The argument 'eval_set' is deprecated, use 'eval_X' and 'eval_y' instead.
  eval_set = _validate_eval_set_Xy(eval_set=eval_set, eval_X=eval_X, eval_y=eval_y)
/workspace_developability_acquisition/.venv_b1/lib/python3.12/site-packages/lightgbm/sklearn.py:1106: LGBMDeprecationWarning: The argument 'eval_set' is deprecated, use 'eval_X' and 'eval_y' instead.
  eval_set = _validate_eval_set_Xy(eval_set=eval_set, eval_X=eval_X, eval_y=eval_y)
/workspace_developability_acquisition/.venv_b1/lib/python3.12/site-packages/lightgbm/sklearn.py:1106: LGBMDeprecationWarning: The argument 'eval_set' is deprecated, use 'eval_X' and 'eval_y' instead.
  eval_set = _validate_eval_set_Xy(eval_set=eval_set, eval_X=eval_X, eval_y=eval_y)
/workspace_developability_acquisition/.venv_b1/lib/python3.12/site-packages/lightgbm/sklearn.py:1106: LGBMDeprecationWarning: The argument 'eval_set' is deprecated, use 'eval_X' and 'eval_y' instead.
  eval_set = _validate_eval_set_Xy(eval_set=eval_set, eval_X=eval_X, eval_y=eval_y)
/workspace_developability_acquisition/.venv_b1/lib/python3.12/site-packages/lightgbm/sklearn.py:1106: LGBMDeprecationWarning: The argument 'eval_set' is deprecated, use 'eval_X' and 'eval_y' instead.
  eval_set = _validate_eval_set_Xy(eval_set=eval_set, eval_X=eval_X, eval_y=eval_y)
/workspace_developability_acquisition/.venv_b1/lib/python3.12/site-packages/lightgbm/sklearn.py:1106: LGBMDeprecationWarning: The argument 'eval_set' is deprecated, use 'eval_X' and 'eval_y' instead.
  eval_set = _validate_eval_set_Xy(eval_set=eval_set, eval_X=eval_X, eval_y=eval_y)
/workspace_developability_acquisition/.venv_b1/lib/python3.12/site-packages/lightgbm/sklearn.py:1106: LGBMDeprecationWarning: The argument 'eval_set' is deprecated, use 'eval_X' and 'eval_y' instead.
  eval_set = _validate_eval_set_Xy(eval_set=eval_set, eval_X=eval_X, eval_y=eval_y)
/workspace_developability_acquisition/.venv_b1/lib/python3.12/site-packages/lightgbm/sklearn.py:1106: LGBMDeprecationWarning: The argument 'eval_set' is deprecated, use 'eval_X' and 'eval_y' instead.
  eval_set = _validate_eval_set_Xy(eval_set=eval_set, eval_X=eval_X, eval_y=eval_y)
/workspace_developability_acquisition/.venv_b1/lib/python3.12/site-packages/lightgbm/sklearn.py:1106: LGBMDeprecationWarning: The argument 'eval_set' is deprecated, use 'eval_X' and 'eval_y' instead.
  eval_set = _validate_eval_set_Xy(eval_set=eval_set, eval_X=eval_X, eval_y=eval_y)
/workspace_developability_acquisition/.venv_b1/lib/python3.12/site-packages/lightgbm/sklearn.py:1106: LGBMDeprecationWarning: The argument 'eval_set' is deprecated, use 'eval_X' and 'eval_y' instead.
  eval_set = _validate_eval_set_Xy(eval_set=eval_set, eval_X=eval_X, eval_y=eval_y)
/workspace_developability_acquisition/.venv_b1/lib/python3.12/site-packages/lightgbm/sklearn.py:1106: LGBMDeprecationWarning: The argument 'eval_set' is deprecated, use 'eval_X' and 'eval_y' instead.
  eval_set = _validate_eval_set_Xy(eval_set=eval_set, eval_X=eval_X, eval_y=eval_y)
/workspace_developability_acquisition/.venv_b1/lib/python3.12/site-packages/lightgbm/sklearn.py:1106: LGBMDeprecationWarning: The argument 'eval_set' is deprecated, use 'eval_X' and 'eval_y' instead.
  eval_set = _validate_eval_set_Xy(eval_set=eval_set, eval_X=eval_X, eval_y=eval_y)
/workspace_developability_acquisition/.venv_b1/lib/python3.12/site-packages/lightgbm/sklearn.py:1106: LGBMDeprecationWarning: The argument 'eval_set' is deprecated, use 'eval_X' and 'eval_y' instead.
  eval_set = _validate_eval_set_Xy(eval_set=eval_set, eval_X=eval_X, eval_y=eval_y)
/workspace_developability_acquisition/.venv_b1/lib/python3.12/site-packages/lightgbm/sklearn.py:1106: LGBMDeprecationWarning: The argument 'eval_set' is deprecated, use 'eval_X' and 'eval_y' instead.
  eval_set = _validate_eval_set_Xy(eval_set=eval_set, eval_X=eval_X, eval_y=eval_y)
/workspace_developability_acquisition/.venv_b1/lib/python3.12/site-packages/lightgbm/sklearn.py:1106: LGBMDeprecationWarning: The argument 'eval_set' is deprecated, use 'eval_X' and 'eval_y' instead.
  eval_set = _validate_eval_set_Xy(eval_set=eval_set, eval_X=eval_X, eval_y=eval_y)
/workspace_developability_acquisition/.venv_b1/lib/python3.12/site-packages/lightgbm/sklearn.py:1106: LGBMDeprecationWarning: The argument 'eval_set' is deprecated, use 'eval_X' and 'eval_y' instead.
  eval_set = _validate_eval_set_Xy(eval_set=eval_set, eval_X=eval_X, eval_y=eval_y)
/workspace_developability_acquisition/.venv_b1/lib/python3.12/site-packages/lightgbm/sklearn.py:1106: LGBMDeprecationWarning: The argument 'eval_set' is deprecated, use 'eval_X' and 'eval_y' instead.
  eval_set = _validate_eval_set_Xy(eval_set=eval_set, eval_X=eval_X, eval_y=eval_y)
/workspace_developability_acquisition/.venv_b1/lib/python3.12/site-packages/lightgbm/sklearn.py:1106: LGBMDeprecationWarning: The argument 'eval_set' is deprecated, use 'eval_X' and 'eval_y' instead.
  eval_set = _validate_eval_set_Xy(eval_set=eval_set, eval_X=eval_X, eval_y=eval_y)
/workspace_developability_acquisition/.venv_b1/lib/python3.12/site-packages/lightgbm/sklearn.py:1106: LGBMDeprecationWarning: The argument 'eval_set' is deprecated, use 'eval_X' and 'eval_y' instead.
  eval_set = _validate_eval_set_Xy(eval_set=eval_set, eval_X=eval_X, eval_y=eval_y)
/workspace_developability_acquisition/.venv_b1/lib/python3.12/site-packages/lightgbm/sklearn.py:1106: LGBMDeprecationWarning: The argument 'eval_set' is deprecated, use 'eval_X' and 'eval_y' instead.
  eval_set = _validate_eval_set_Xy(eval_set=eval_set, eval_X=eval_X, eval_y=eval_y)
/workspace_developability_acquisition/.venv_b1/lib/python3.12/site-packages/lightgbm/sklearn.py:1106: LGBMDeprecationWarning: The argument 'eval_set' is deprecated, use 'eval_X' and 'eval_y' instead.
  eval_set = _validate_eval_set_Xy(eval_set=eval_set, eval_X=eval_X, eval_y=eval_y)
/workspace_developability_acquisition/.venv_b1/lib/python3.12/site-packages/lightgbm/sklearn.py:1106: LGBMDeprecationWarning: The argument 'eval_set' is deprecated, use 'eval_X' and 'eval_y' instead.
  eval_set = _validate_eval_set_Xy(eval_set=eval_set, eval_X=eval_X, eval_y=eval_y)
/workspace_developability_acquisition/.venv_b1/lib/python3.12/site-packages/lightgbm/sklearn.py:1106: LGBMDeprecationWarning: The argument 'eval_set' is deprecated, use 'eval_X' and 'eval_y' instead.
  eval_set = _validate_eval_set_Xy(eval_set=eval_set, eval_X=eval_X, eval_y=eval_y)
/workspace_developability_acquisition/.venv_b1/lib/python3.12/site-packages/lightgbm/sklearn.py:1106: LGBMDeprecationWarning: The argument 'eval_set' is deprecated, use 'eval_X' and 'eval_y' instead.
  eval_set = _validate_eval_set_Xy(eval_set=eval_set, eval_X=eval_X, eval_y=eval_y)
/workspace_developability_acquisition/.venv_b1/lib/python3.12/site-packages/lightgbm/sklearn.py:1106: LGBMDeprecationWarning: The argument 'eval_set' is deprecated, use 'eval_X' and 'eval_y' instead.
  eval_set = _validate_eval_set_Xy(eval_set=eval_set, eval_X=eval_X, eval_y=eval_y)
/workspace_developability_acquisition/.venv_b1/lib/python3.12/site-packages/lightgbm/sklearn.py:1106: LGBMDeprecationWarning: The argument 'eval_set' is deprecated, use 'eval_X' and 'eval_y' instead.
  eval_set = _validate_eval_set_Xy(eval_set=eval_set, eval_X=eval_X, eval_y=eval_y)
/workspace_developability_acquisition/.venv_b1/lib/python3.12/site-packages/lightgbm/sklearn.py:1106: LGBMDeprecationWarning: The argument 'eval_set' is deprecated, use 'eval_X' and 'eval_y' instead.
  eval_set = _validate_eval_set_Xy(eval_set=eval_set, eval_X=eval_X, eval_y=eval_y)
/workspace_developability_acquisition/.venv_b1/lib/python3.12/site-packages/lightgbm/sklearn.py:1106: LGBMDeprecationWarning: The argument 'eval_set' is deprecated, use 'eval_X' and 'eval_y' instead.
  eval_set = _validate_eval_set_Xy(eval_set=eval_set, eval_X=eval_X, eval_y=eval_y)
/workspace_developability_acquisition/.venv_b1/lib/python3.12/site-packages/lightgbm/sklearn.py:1106: LGBMDeprecationWarning: The argument 'eval_set' is deprecated, use 'eval_X' and 'eval_y' instead.
  eval_set = _validate_eval_set_Xy(eval_set=eval_set, eval_X=eval_X, eval_y=eval_y)
/workspace_developability_acquisition/.venv_b1/lib/python3.12/site-packages/lightgbm/sklearn.py:1106: LGBMDeprecationWarning: The argument 'eval_set' is deprecated, use 'eval_X' and 'eval_y' instead.
  eval_set = _validate_eval_set_Xy(eval_set=eval_set, eval_X=eval_X, eval_y=eval_y)
/workspace_developability_acquisition/.venv_b1/lib/python3.12/site-packages/lightgbm/sklearn.py:1106: LGBMDeprecationWarning: The argument 'eval_set' is deprecated, use 'eval_X' and 'eval_y' instead.
  eval_set = _validate_eval_set_Xy(eval_set=eval_set, eval_X=eval_X, eval_y=eval_y)
/workspace_developability_acquisition/.venv_b1/lib/python3.12/site-packages/lightgbm/sklearn.py:1106: LGBMDeprecationWarning: The argument 'eval_set' is deprecated, use 'eval_X' and 'eval_y' instead.
  eval_set = _validate_eval_set_Xy(eval_set=eval_set, eval_X=eval_X, eval_y=eval_y)
/workspace_developability_acquisition/.venv_b1/lib/python3.12/site-packages/lightgbm/sklearn.py:1106: LGBMDeprecationWarning: The argument 'eval_set' is deprecated, use 'eval_X' and 'eval_y' instead.
  eval_set = _validate_eval_set_Xy(eval_set=eval_set, eval_X=eval_X, eval_y=eval_y)
/workspace_developability_acquisition/.venv_b1/lib/python3.12/site-packages/lightgbm/sklearn.py:1106: LGBMDeprecationWarning: The argument 'eval_set' is deprecated, use 'eval_X' and 'eval_y' instead.
  eval_set = _validate_eval_set_Xy(eval_set=eval_set, eval_X=eval_X, eval_y=eval_y)
/workspace_developability_acquisition/.venv_b1/lib/python3.12/site-packages/lightgbm/sklearn.py:1106: LGBMDeprecationWarning: The argument 'eval_set' is deprecated, use 'eval_X' and 'eval_y' instead.
  eval_set = _validate_eval_set_Xy(eval_set=eval_set, eval_X=eval_X, eval_y=eval_y)
/workspace_developability_acquisition/.venv_b1/lib/python3.12/site-packages/lightgbm/sklearn.py:1106: LGBMDeprecationWarning: The argument 'eval_set' is deprecated, use 'eval_X' and 'eval_y' instead.
  eval_set = _validate_eval_set_Xy(eval_set=eval_set, eval_X=eval_X, eval_y=eval_y)
/workspace_developability_acquisition/.venv_b1/lib/python3.12/site-packages/lightgbm/sklearn.py:1106: LGBMDeprecationWarning: The argument 'eval_set' is deprecated, use 'eval_X' and 'eval_y' instead.
  eval_set = _validate_eval_set_Xy(eval_set=eval_set, eval_X=eval_X, eval_y=eval_y)
/workspace_developability_acquisition/.venv_b1/lib/python3.12/site-packages/lightgbm/sklearn.py:1106: LGBMDeprecationWarning: The argument 'eval_set' is deprecated, use 'eval_X' and 'eval_y' instead.
  eval_set = _validate_eval_set_Xy(eval_set=eval_set, eval_X=eval_X, eval_y=eval_y)
/workspace_developability_acquisition/.venv_b1/lib/python3.12/site-packages/lightgbm/sklearn.py:1106: LGBMDeprecationWarning: The argument 'eval_set' is deprecated, use 'eval_X' and 'eval_y' instead.
  eval_set = _validate_eval_set_Xy(eval_set=eval_set, eval_X=eval_X, eval_y=eval_y)
/workspace_developability_acquisition/.venv_b1/lib/python3.12/site-packages/lightgbm/sklearn.py:1106: LGBMDeprecationWarning: The argument 'eval_set' is deprecated, use 'eval_X' and 'eval_y' instead.
  eval_set = _validate_eval_set_Xy(eval_set=eval_set, eval_X=eval_X, eval_y=eval_y)
/workspace_developability_acquisition/.venv_b1/lib/python3.12/site-packages/lightgbm/sklearn.py:1106: LGBMDeprecationWarning: The argument 'eval_set' is deprecated, use 'eval_X' and 'eval_y' instead.
  eval_set = _validate_eval_set_Xy(eval_set=eval_set, eval_X=eval_X, eval_y=eval_y)
/workspace_developability_acquisition/.venv_b1/lib/python3.12/site-packages/lightgbm/sklearn.py:1106: LGBMDeprecationWarning: The argument 'eval_set' is deprecated, use 'eval_X' and 'eval_y' instead.
  eval_set = _validate_eval_set_Xy(eval_set=eval_set, eval_X=eval_X, eval_y=eval_y)
/workspace_developability_acquisition/.venv_b1/lib/python3.12/site-packages/lightgbm/sklearn.py:1106: LGBMDeprecationWarning: The argument 'eval_set' is deprecated, use 'eval_X' and 'eval_y' instead.
  eval_set = _validate_eval_set_Xy(eval_set=eval_set, eval_X=eval_X, eval_y=eval_y)
/workspace_developability_acquisition/.venv_b1/lib/python3.12/site-packages/lightgbm/sklearn.py:1106: LGBMDeprecationWarning: The argument 'eval_set' is deprecated, use 'eval_X' and 'eval_y' instead.
  eval_set = _validate_eval_set_Xy(eval_set=eval_set, eval_X=eval_X, eval_y=eval_y)
/workspace_developability_acquisition/.venv_b1/lib/python3.12/site-packages/lightgbm/sklearn.py:1106: LGBMDeprecationWarning: The argument 'eval_set' is deprecated, use 'eval_X' and 'eval_y' instead.
  eval_set = _validate_eval_set_Xy(eval_set=eval_set, eval_X=eval_X, eval_y=eval_y)
/workspace_developability_acquisition/.venv_b1/lib/python3.12/site-packages/lightgbm/sklearn.py:1106: LGBMDeprecationWarning: The argument 'eval_set' is deprecated, use 'eval_X' and 'eval_y' instead.
  eval_set = _validate_eval_set_Xy(eval_set=eval_set, eval_X=eval_X, eval_y=eval_y)
/workspace_developability_acquisition/.venv_b1/lib/python3.12/site-packages/lightgbm/sklearn.py:1106: LGBMDeprecationWarning: The argument 'eval_set' is deprecated, use 'eval_X' and 'eval_y' instead.
  eval_set = _validate_eval_set_Xy(eval_set=eval_set, eval_X=eval_X, eval_y=eval_y)
/workspace_developability_acquisition/.venv_b1/lib/python3.12/site-packages/lightgbm/sklearn.py:1106: LGBMDeprecationWarning: The argument 'eval_set' is deprecated, use 'eval_X' and 'eval_y' instead.
  eval_set = _validate_eval_set_Xy(eval_set=eval_set, eval_X=eval_X, eval_y=eval_y)
/workspace_developability_acquisition/.venv_b1/lib/python3.12/site-packages/lightgbm/sklearn.py:1106: LGBMDeprecationWarning: The argument 'eval_set' is deprecated, use 'eval_X' and 'eval_y' instead.
  eval_set = _validate_eval_set_Xy(eval_set=eval_set, eval_X=eval_X, eval_y=eval_y)
/workspace_developability_acquisition/.venv_b1/lib/python3.12/site-packages/lightgbm/sklearn.py:1106: LGBMDeprecationWarning: The argument 'eval_set' is deprecated, use 'eval_X' and 'eval_y' instead.
  eval_set = _validate_eval_set_Xy(eval_set=eval_set, eval_X=eval_X, eval_y=eval_y)
/workspace_developability_acquisition/.venv_b1/lib/python3.12/site-packages/lightgbm/sklearn.py:1106: LGBMDeprecationWarning: The argument 'eval_set' is deprecated, use 'eval_X' and 'eval_y' instead.
  eval_set = _validate_eval_set_Xy(eval_set=eval_set, eval_X=eval_X, eval_y=eval_y)
/workspace_developability_acquisition/.venv_b1/lib/python3.12/site-packages/lightgbm/sklearn.py:1106: LGBMDeprecationWarning: The argument 'eval_set' is deprecated, use 'eval_X' and 'eval_y' instead.
  eval_set = _validate_eval_set_Xy(eval_set=eval_set, eval_X=eval_X, eval_y=eval_y)
/workspace_developability_acquisition/.venv_b1/lib/python3.12/site-packages/lightgbm/sklearn.py:1106: LGBMDeprecationWarning: The argument 'eval_set' is deprecated, use 'eval_X' and 'eval_y' instead.
  eval_set = _validate_eval_set_Xy(eval_set=eval_set, eval_X=eval_X, eval_y=eval_y)
/workspace_developability_acquisition/.venv_b1/lib/python3.12/site-packages/lightgbm/sklearn.py:1106: LGBMDeprecationWarning: The argument 'eval_set' is deprecated, use 'eval_X' and 'eval_y' instead.
  eval_set = _validate_eval_set_Xy(eval_set=eval_set, eval_X=eval_X, eval_y=eval_y)
/workspace_developability_acquisition/.venv_b1/lib/python3.12/site-packages/lightgbm/sklearn.py:1106: LGBMDeprecationWarning: The argument 'eval_set' is deprecated, use 'eval_X' and 'eval_y' instead.
  eval_set = _validate_eval_set_Xy(eval_set=eval_set, eval_X=eval_X, eval_y=eval_y)
/workspace_developability_acquisition/.venv_b1/lib/python3.12/site-packages/lightgbm/sklearn.py:1106: LGBMDeprecationWarning: The argument 'eval_set' is deprecated, use 'eval_X' and 'eval_y' instead.
  eval_set = _validate_eval_set_Xy(eval_set=eval_set, eval_X=eval_X, eval_y=eval_y)
/workspace_developability_acquisition/.venv_b1/lib/python3.12/site-packages/lightgbm/sklearn.py:1106: LGBMDeprecationWarning: The argument 'eval_set' is deprecated, use 'eval_X' and 'eval_y' instead.
  eval_set = _validate_eval_set_Xy(eval_set=eval_set, eval_X=eval_X, eval_y=eval_y)
/workspace_developability_acquisition/.venv_b1/lib/python3.12/site-packages/lightgbm/sklearn.py:1106: LGBMDeprecationWarning: The argument 'eval_set' is deprecated, use 'eval_X' and 'eval_y' instead.
  eval_set = _validate_eval_set_Xy(eval_set=eval_set, eval_X=eval_X, eval_y=eval_y)
/workspace_developability_acquisition/.venv_b1/lib/python3.12/site-packages/lightgbm/sklearn.py:1106: LGBMDeprecationWarning: The argument 'eval_set' is deprecated, use 'eval_X' and 'eval_y' instead.
  eval_set = _validate_eval_set_Xy(eval_set=eval_set, eval_X=eval_X, eval_y=eval_y)
/workspace_developability_acquisition/.venv_b1/lib/python3.12/site-packages/lightgbm/sklearn.py:1106: LGBMDeprecationWarning: The argument 'eval_set' is deprecated, use 'eval_X' and 'eval_y' instead.
  eval_set = _validate_eval_set_Xy(eval_set=eval_set, eval_X=eval_X, eval_y=eval_y)
/workspace_developability_acquisition/.venv_b1/lib/python3.12/site-packages/lightgbm/sklearn.py:1106: LGBMDeprecationWarning: The argument 'eval_set' is deprecated, use 'eval_X' and 'eval_y' instead.
  eval_set = _validate_eval_set_Xy(eval_set=eval_set, eval_X=eval_X, eval_y=eval_y)
/workspace_developability_acquisition/.venv_b1/lib/python3.12/site-packages/lightgbm/sklearn.py:1106: LGBMDeprecationWarning: The argument 'eval_set' is deprecated, use 'eval_X' and 'eval_y' instead.
  eval_set = _validate_eval_set_Xy(eval_set=eval_set, eval_X=eval_X, eval_y=eval_y)
/workspace_developability_acquisition/.venv_b1/lib/python3.12/site-packages/lightgbm/sklearn.py:1106: LGBMDeprecationWarning: The argument 'eval_set' is deprecated, use 'eval_X' and 'eval_y' instead.
  eval_set = _validate_eval_set_Xy(eval_set=eval_set, eval_X=eval_X, eval_y=eval_y)
/workspace_developability_acquisition/.venv_b1/lib/python3.12/site-packages/lightgbm/sklearn.py:1106: LGBMDeprecationWarning: The argument 'eval_set' is deprecated, use 'eval_X' and 'eval_y' instead.
  eval_set = _validate_eval_set_Xy(eval_set=eval_set, eval_X=eval_X, eval_y=eval_y)
/workspace_developability_acquisition/.venv_b1/lib/python3.12/site-packages/lightgbm/sklearn.py:1106: LGBMDeprecationWarning: The argument 'eval_set' is deprecated, use 'eval_X' and 'eval_y' instead.
  eval_set = _validate_eval_set_Xy(eval_set=eval_set, eval_X=eval_X, eval_y=eval_y)
/workspace_developability_acquisition/.venv_b1/lib/python3.12/site-packages/lightgbm/sklearn.py:1106: LGBMDeprecationWarning: The argument 'eval_set' is deprecated, use 'eval_X' and 'eval_y' instead.
  eval_set = _validate_eval_set_Xy(eval_set=eval_set, eval_X=eval_X, eval_y=eval_y)
/workspace_developability_acquisition/.venv_b1/lib/python3.12/site-packages/lightgbm/sklearn.py:1106: LGBMDeprecationWarning: The argument 'eval_set' is deprecated, use 'eval_X' and 'eval_y' instead.
  eval_set = _validate_eval_set_Xy(eval_set=eval_set, eval_X=eval_X, eval_y=eval_y)
/workspace_developability_acquisition/.venv_b1/lib/python3.12/site-packages/lightgbm/sklearn.py:1106: LGBMDeprecationWarning: The argument 'eval_set' is deprecated, use 'eval_X' and 'eval_y' instead.
  eval_set = _validate_eval_set_Xy(eval_set=eval_set, eval_X=eval_X, eval_y=eval_y)
/workspace_developability_acquisition/.venv_b1/lib/python3.12/site-packages/lightgbm/sklearn.py:1106: LGBMDeprecationWarning: The argument 'eval_set' is deprecated, use 'eval_X' and 'eval_y' instead.
  eval_set = _validate_eval_set_Xy(eval_set=eval_set, eval_X=eval_X, eval_y=eval_y)
/workspace_developability_acquisition/.venv_b1/lib/python3.12/site-packages/lightgbm/sklearn.py:1106: LGBMDeprecationWarning: The argument 'eval_set' is deprecated, use 'eval_X' and 'eval_y' instead.
  eval_set = _validate_eval_set_Xy(eval_set=eval_set, eval_X=eval_X, eval_y=eval_y)
/workspace_developability_acquisition/.venv_b1/lib/python3.12/site-packages/lightgbm/sklearn.py:1106: LGBMDeprecationWarning: The argument 'eval_set' is deprecated, use 'eval_X' and 'eval_y' instead.
  eval_set = _validate_eval_set_Xy(eval_set=eval_set, eval_X=eval_X, eval_y=eval_y)
/workspace_developability_acquisition/.venv_b1/lib/python3.12/site-packages/lightgbm/sklearn.py:1106: LGBMDeprecationWarning: The argument 'eval_set' is deprecated, use 'eval_X' and 'eval_y' instead.
  eval_set = _validate_eval_set_Xy(eval_set=eval_set, eval_X=eval_X, eval_y=eval_y)
/workspace_developability_acquisition/.venv_b1/lib/python3.12/site-packages/lightgbm/sklearn.py:1106: LGBMDeprecationWarning: The argument 'eval_set' is deprecated, use 'eval_X' and 'eval_y' instead.
  eval_set = _validate_eval_set_Xy(eval_set=eval_set, eval_X=eval_X, eval_y=eval_y)
/workspace_developability_acquisition/.venv_b1/lib/python3.12/site-packages/lightgbm/sklearn.py:1106: LGBMDeprecationWarning: The argument 'eval_set' is deprecated, use 'eval_X' and 'eval_y' instead.
  eval_set = _validate_eval_set_Xy(eval_set=eval_set, eval_X=eval_X, eval_y=eval_y)
/workspace_developability_acquisition/.venv_b1/lib/python3.12/site-packages/lightgbm/sklearn.py:1106: LGBMDeprecationWarning: The argument 'eval_set' is deprecated, use 'eval_X' and 'eval_y' instead.
  eval_set = _validate_eval_set_Xy(eval_set=eval_set, eval_X=eval_X, eval_y=eval_y)
/workspace_developability_acquisition/.venv_b1/lib/python3.12/site-packages/lightgbm/sklearn.py:1106: LGBMDeprecationWarning: The argument 'eval_set' is deprecated, use 'eval_X' and 'eval_y' instead.
  eval_set = _validate_eval_set_Xy(eval_set=eval_set, eval_X=eval_X, eval_y=eval_y)
/workspace_developability_acquisition/.venv_b1/lib/python3.12/site-packages/lightgbm/sklearn.py:1106: LGBMDeprecationWarning: The argument 'eval_set' is deprecated, use 'eval_X' and 'eval_y' instead.
  eval_set = _validate_eval_set_Xy(eval_set=eval_set, eval_X=eval_X, eval_y=eval_y)
/workspace_developability_acquisition/.venv_b1/lib/python3.12/site-packages/lightgbm/sklearn.py:1106: LGBMDeprecationWarning: The argument 'eval_set' is deprecated, use 'eval_X' and 'eval_y' instead.
  eval_set = _validate_eval_set_Xy(eval_set=eval_set, eval_X=eval_X, eval_y=eval_y)
/workspace_developability_acquisition/.venv_b1/lib/python3.12/site-packages/lightgbm/sklearn.py:1106: LGBMDeprecationWarning: The argument 'eval_set' is deprecated, use 'eval_X' and 'eval_y' instead.
  eval_set = _validate_eval_set_Xy(eval_set=eval_set, eval_X=eval_X, eval_y=eval_y)
/workspace_developability_acquisition/.venv_b1/lib/python3.12/site-packages/lightgbm/sklearn.py:1106: LGBMDeprecationWarning: The argument 'eval_set' is deprecated, use 'eval_X' and 'eval_y' instead.
  eval_set = _validate_eval_set_Xy(eval_set=eval_set, eval_X=eval_X, eval_y=eval_y)
/workspace_developability_acquisition/.venv_b1/lib/python3.12/site-packages/lightgbm/sklearn.py:1106: LGBMDeprecationWarning: The argument 'eval_set' is deprecated, use 'eval_X' and 'eval_y' instead.
  eval_set = _validate_eval_set_Xy(eval_set=eval_set, eval_X=eval_X, eval_y=eval_y)
/workspace_developability_acquisition/.venv_b1/lib/python3.12/site-packages/lightgbm/sklearn.py:1106: LGBMDeprecationWarning: The argument 'eval_set' is deprecated, use 'eval_X' and 'eval_y' instead.
  eval_set = _validate_eval_set_Xy(eval_set=eval_set, eval_X=eval_X, eval_y=eval_y)
/workspace_developability_acquisition/.venv_b1/lib/python3.12/site-packages/lightgbm/sklearn.py:1106: LGBMDeprecationWarning: The argument 'eval_set' is deprecated, use 'eval_X' and 'eval_y' instead.
  eval_set = _validate_eval_set_Xy(eval_set=eval_set, eval_X=eval_X, eval_y=eval_y)
/workspace_developability_acquisition/.venv_b1/lib/python3.12/site-packages/lightgbm/sklearn.py:1106: LGBMDeprecationWarning: The argument 'eval_set' is deprecated, use 'eval_X' and 'eval_y' instead.
  eval_set = _validate_eval_set_Xy(eval_set=eval_set, eval_X=eval_X, eval_y=eval_y)
/workspace_developability_acquisition/.venv_b1/lib/python3.12/site-packages/lightgbm/sklearn.py:1106: LGBMDeprecationWarning: The argument 'eval_set' is deprecated, use 'eval_X' and 'eval_y' instead.
  eval_set = _validate_eval_set_Xy(eval_set=eval_set, eval_X=eval_X, eval_y=eval_y)
/workspace_developability_acquisition/.venv_b1/lib/python3.12/site-packages/lightgbm/sklearn.py:1106: LGBMDeprecationWarning: The argument 'eval_set' is deprecated, use 'eval_X' and 'eval_y' instead.
  eval_set = _validate_eval_set_Xy(eval_set=eval_set, eval_X=eval_X, eval_y=eval_y)
/workspace_developability_acquisition/.venv_b1/lib/python3.12/site-packages/lightgbm/sklearn.py:1106: LGBMDeprecationWarning: The argument 'eval_set' is deprecated, use 'eval_X' and 'eval_y' instead.
  eval_set = _validate_eval_set_Xy(eval_set=eval_set, eval_X=eval_X, eval_y=eval_y)
/workspace_developability_acquisition/.venv_b1/lib/python3.12/site-packages/lightgbm/sklearn.py:1106: LGBMDeprecationWarning: The argument 'eval_set' is deprecated, use 'eval_X' and 'eval_y' instead.
  eval_set = _validate_eval_set_Xy(eval_set=eval_set, eval_X=eval_X, eval_y=eval_y)
/workspace_developability_acquisition/.venv_b1/lib/python3.12/site-packages/lightgbm/sklearn.py:1106: LGBMDeprecationWarning: The argument 'eval_set' is deprecated, use 'eval_X' and 'eval_y' instead.
  eval_set = _validate_eval_set_Xy(eval_set=eval_set, eval_X=eval_X, eval_y=eval_y)
/workspace_developability_acquisition/.venv_b1/lib/python3.12/site-packages/lightgbm/sklearn.py:1106: LGBMDeprecationWarning: The argument 'eval_set' is deprecated, use 'eval_X' and 'eval_y' instead.
  eval_set = _validate_eval_set_Xy(eval_set=eval_set, eval_X=eval_X, eval_y=eval_y)
/workspace_developability_acquisition/.venv_b1/lib/python3.12/site-packages/lightgbm/sklearn.py:1106: LGBMDeprecationWarning: The argument 'eval_set' is deprecated, use 'eval_X' and 'eval_y' instead.
  eval_set = _validate_eval_set_Xy(eval_set=eval_set, eval_X=eval_X, eval_y=eval_y)
/workspace_developability_acquisition/.venv_b1/lib/python3.12/site-packages/lightgbm/sklearn.py:1106: LGBMDeprecationWarning: The argument 'eval_set' is deprecated, use 'eval_X' and 'eval_y' instead.
  eval_set = _validate_eval_set_Xy(eval_set=eval_set, eval_X=eval_X, eval_y=eval_y)
/workspace_developability_acquisition/.venv_b1/lib/python3.12/site-packages/lightgbm/sklearn.py:1106: LGBMDeprecationWarning: The argument 'eval_set' is deprecated, use 'eval_X' and 'eval_y' instead.
  eval_set = _validate_eval_set_Xy(eval_set=eval_set, eval_X=eval_X, eval_y=eval_y)
/workspace_developability_acquisition/.venv_b1/lib/python3.12/site-packages/lightgbm/sklearn.py:1106: LGBMDeprecationWarning: The argument 'eval_set' is deprecated, use 'eval_X' and 'eval_y' instead.
  eval_set = _validate_eval_set_Xy(eval_set=eval_set, eval_X=eval_X, eval_y=eval_y)
/workspace_developability_acquisition/.venv_b1/lib/python3.12/site-packages/lightgbm/sklearn.py:1106: LGBMDeprecationWarning: The argument 'eval_set' is deprecated, use 'eval_X' and 'eval_y' instead.
  eval_set = _validate_eval_set_Xy(eval_set=eval_set, eval_X=eval_X, eval_y=eval_y)
/workspace_developability_acquisition/.venv_b1/lib/python3.12/site-packages/lightgbm/sklearn.py:1106: LGBMDeprecationWarning: The argument 'eval_set' is deprecated, use 'eval_X' and 'eval_y' instead.
  eval_set = _validate_eval_set_Xy(eval_set=eval_set, eval_X=eval_X, eval_y=eval_y)
/workspace_developability_acquisition/.venv_b1/lib/python3.12/site-packages/lightgbm/sklearn.py:1106: LGBMDeprecationWarning: The argument 'eval_set' is deprecated, use 'eval_X' and 'eval_y' instead.
  eval_set = _validate_eval_set_Xy(eval_set=eval_set, eval_X=eval_X, eval_y=eval_y)
/workspace_developability_acquisition/.venv_b1/lib/python3.12/site-packages/lightgbm/sklearn.py:1106: LGBMDeprecationWarning: The argument 'eval_set' is deprecated, use 'eval_X' and 'eval_y' instead.
  eval_set = _validate_eval_set_Xy(eval_set=eval_set, eval_X=eval_X, eval_y=eval_y)
/workspace_developability_acquisition/.venv_b1/lib/python3.12/site-packages/lightgbm/sklearn.py:1106: LGBMDeprecationWarning: The argument 'eval_set' is deprecated, use 'eval_X' and 'eval_y' instead.
  eval_set = _validate_eval_set_Xy(eval_set=eval_set, eval_X=eval_X, eval_y=eval_y)
/workspace_developability_acquisition/.venv_b1/lib/python3.12/site-packages/lightgbm/sklearn.py:1106: LGBMDeprecationWarning: The argument 'eval_set' is deprecated, use 'eval_X' and 'eval_y' instead.
  eval_set = _validate_eval_set_Xy(eval_set=eval_set, eval_X=eval_X, eval_y=eval_y)
/workspace_developability_acquisition/.venv_b1/lib/python3.12/site-packages/lightgbm/sklearn.py:1106: LGBMDeprecationWarning: The argument 'eval_set' is deprecated, use 'eval_X' and 'eval_y' instead.
  eval_set = _validate_eval_set_Xy(eval_set=eval_set, eval_X=eval_X, eval_y=eval_y)
/workspace_developability_acquisition/.venv_b1/lib/python3.12/site-packages/lightgbm/sklearn.py:1106: LGBMDeprecationWarning: The argument 'eval_set' is deprecated, use 'eval_X' and 'eval_y' instead.
  eval_set = _validate_eval_set_Xy(eval_set=eval_set, eval_X=eval_X, eval_y=eval_y)
/workspace_developability_acquisition/.venv_b1/lib/python3.12/site-packages/lightgbm/sklearn.py:1106: LGBMDeprecationWarning: The argument 'eval_set' is deprecated, use 'eval_X' and 'eval_y' instead.
  eval_set = _validate_eval_set_Xy(eval_set=eval_set, eval_X=eval_X, eval_y=eval_y)
/workspace_developability_acquisition/.venv_b1/lib/python3.12/site-packages/lightgbm/sklearn.py:1106: LGBMDeprecationWarning: The argument 'eval_set' is deprecated, use 'eval_X' and 'eval_y' instead.
  eval_set = _validate_eval_set_Xy(eval_set=eval_set, eval_X=eval_X, eval_y=eval_y)
/workspace_developability_acquisition/.venv_b1/lib/python3.12/site-packages/lightgbm/sklearn.py:1106: LGBMDeprecationWarning: The argument 'eval_set' is deprecated, use 'eval_X' and 'eval_y' instead.
  eval_set = _validate_eval_set_Xy(eval_set=eval_set, eval_X=eval_X, eval_y=eval_y)
/workspace_developability_acquisition/.venv_b1/lib/python3.12/site-packages/lightgbm/sklearn.py:1106: LGBMDeprecationWarning: The argument 'eval_set' is deprecated, use 'eval_X' and 'eval_y' instead.
  eval_set = _validate_eval_set_Xy(eval_set=eval_set, eval_X=eval_X, eval_y=eval_y)
/workspace_developability_acquisition/.venv_b1/lib/python3.12/site-packages/lightgbm/sklearn.py:1106: LGBMDeprecationWarning: The argument 'eval_set' is deprecated, use 'eval_X' and 'eval_y' instead.
  eval_set = _validate_eval_set_Xy(eval_set=eval_set, eval_X=eval_X, eval_y=eval_y)
/workspace_developability_acquisition/.venv_b1/lib/python3.12/site-packages/lightgbm/sklearn.py:1106: LGBMDeprecationWarning: The argument 'eval_set' is deprecated, use 'eval_X' and 'eval_y' instead.
  eval_set = _validate_eval_set_Xy(eval_set=eval_set, eval_X=eval_X, eval_y=eval_y)
/workspace_developability_acquisition/.venv_b1/lib/python3.12/site-packages/lightgbm/sklearn.py:1106: LGBMDeprecationWarning: The argument 'eval_set' is deprecated, use 'eval_X' and 'eval_y' instead.
  eval_set = _validate_eval_set_Xy(eval_set=eval_set, eval_X=eval_X, eval_y=eval_y)
/workspace_developability_acquisition/.venv_b1/lib/python3.12/site-packages/lightgbm/sklearn.py:1106: LGBMDeprecationWarning: The argument 'eval_set' is deprecated, use 'eval_X' and 'eval_y' instead.
  eval_set = _validate_eval_set_Xy(eval_set=eval_set, eval_X=eval_X, eval_y=eval_y)
/workspace_developability_acquisition/.venv_b1/lib/python3.12/site-packages/lightgbm/sklearn.py:1106: LGBMDeprecationWarning: The argument 'eval_set' is deprecated, use 'eval_X' and 'eval_y' instead.
  eval_set = _validate_eval_set_Xy(eval_set=eval_set, eval_X=eval_X, eval_y=eval_y)
/workspace_developability_acquisition/.venv_b1/lib/python3.12/site-packages/lightgbm/sklearn.py:1106: LGBMDeprecationWarning: The argument 'eval_set' is deprecated, use 'eval_X' and 'eval_y' instead.
  eval_set = _validate_eval_set_Xy(eval_set=eval_set, eval_X=eval_X, eval_y=eval_y)
/workspace_developability_acquisition/.venv_b1/lib/python3.12/site-packages/lightgbm/sklearn.py:1106: LGBMDeprecationWarning: The argument 'eval_set' is deprecated, use 'eval_X' and 'eval_y' instead.
  eval_set = _validate_eval_set_Xy(eval_set=eval_set, eval_X=eval_X, eval_y=eval_y)
/workspace_developability_acquisition/.venv_b1/lib/python3.12/site-packages/lightgbm/sklearn.py:1106: LGBMDeprecationWarning: The argument 'eval_set' is deprecated, use 'eval_X' and 'eval_y' instead.
  eval_set = _validate_eval_set_Xy(eval_set=eval_set, eval_X=eval_X, eval_y=eval_y)
Optuna GBDT screen_HIC_FUSION_ESM2_ESMFN_CAT_MAE

===== TARGET TmApp =====
/workspace_developability_acquisition/gate_b4_absolute/scripts/b4_common.py:169: ConstantInputWarning: An input array is constant; the correlation coefficient is not defined.
  pr = pearsonr(y, p)[0]
/workspace_developability_acquisition/gate_b4_absolute/scripts/b4_common.py:170: ConstantInputWarning: An input array is constant; the correlation coefficient is not defined.
  sp = spearmanr(y, p).correlation
Optuna screen_TmApp_SEQ_SIMPLE_ElasticNet
Optuna screen_TmApp_BIO_ElasticNet
Optuna screen_TmApp_IMGT_POS_HL_ElasticNet
Optuna screen_TmApp_GERMLINE_REL_ElasticNet
Optuna screen_TmApp_PLM_ABLANG2_ElasticNet
Optuna screen_TmApp_PLM_ESM2_ElasticNet
Optuna screen_TmApp_ESMFN_STRUCTURE_ElasticNet
Optuna screen_TmApp_FUSION_ABLANG2_BIO_ElasticNet
Optuna screen_TmApp_PLM_ABLANG2_PCA16_SVR
Optuna screen_TmApp_PLM_ABLANG2_PCA32_SVR
Optuna screen_TmApp_PLM_ABLANG2_PCA64_SVR
Optuna screen_TmApp_PLM_ESM2_PCA16_SVR
Optuna screen_TmApp_PLM_ESM2_PCA32_SVR
Optuna screen_TmApp_PLM_ESM2_PCA64_SVR
Optuna GBDT screen_TmApp_BIO_XGB_L1
Optuna GBDT screen_TmApp_BIO_XGB_L2
Optuna GBDT screen_TmApp_BIO_LGB_L1
/workspace_developability_acquisition/.venv_b1/lib/python3.12/site-packages/lightgbm/sklearn.py:1106: LGBMDeprecationWarning: The argument 'eval_set' is deprecated, use 'eval_X' and 'eval_y' instead.
  eval_set = _validate_eval_set_Xy(eval_set=eval_set, eval_X=eval_X, eval_y=eval_y)
/workspace_developability_acquisition/.venv_b1/lib/python3.12/site-packages/lightgbm/sklearn.py:1106: LGBMDeprecationWarning: The argument 'eval_set' is deprecated, use 'eval_X' and 'eval_y' instead.
  eval_set = _validate_eval_set_Xy(eval_set=eval_set, eval_X=eval_X, eval_y=eval_y)
/workspace_developability_acquisition/.venv_b1/lib/python3.12/site-packages/lightgbm/sklearn.py:1106: LGBMDeprecationWarning: The argument 'eval_set' is deprecated, use 'eval_X' and 'eval_y' instead.
  eval_set = _validate_eval_set_Xy(eval_set=eval_set, eval_X=eval_X, eval_y=eval_y)
/workspace_developability_acquisition/.venv_b1/lib/python3.12/site-packages/lightgbm/sklearn.py:1106: LGBMDeprecationWarning: The argument 'eval_set' is deprecated, use 'eval_X' and 'eval_y' instead.
  eval_set = _validate_eval_set_Xy(eval_set=eval_set, eval_X=eval_X, eval_y=eval_y)
/workspace_developability_acquisition/.venv_b1/lib/python3.12/site-packages/lightgbm/sklearn.py:1106: LGBMDeprecationWarning: The argument 'eval_set' is deprecated, use 'eval_X' and 'eval_y' instead.
  eval_set = _validate_eval_set_Xy(eval_set=eval_set, eval_X=eval_X, eval_y=eval_y)
/workspace_developability_acquisition/.venv_b1/lib/python3.12/site-packages/lightgbm/sklearn.py:1106: LGBMDeprecationWarning: The argument 'eval_set' is deprecated, use 'eval_X' and 'eval_y' instead.
  eval_set = _validate_eval_set_Xy(eval_set=eval_set, eval_X=eval_X, eval_y=eval_y)
/workspace_developability_acquisition/.venv_b1/lib/python3.12/site-packages/lightgbm/sklearn.py:1106: LGBMDeprecationWarning: The argument 'eval_set' is deprecated, use 'eval_X' and 'eval_y' instead.
  eval_set = _validate_eval_set_Xy(eval_set=eval_set, eval_X=eval_X, eval_y=eval_y)
/workspace_developability_acquisition/.venv_b1/lib/python3.12/site-packages/lightgbm/sklearn.py:1106: LGBMDeprecationWarning: The argument 'eval_set' is deprecated, use 'eval_X' and 'eval_y' instead.
  eval_set = _validate_eval_set_Xy(eval_set=eval_set, eval_X=eval_X, eval_y=eval_y)
/workspace_developability_acquisition/.venv_b1/lib/python3.12/site-packages/lightgbm/sklearn.py:1106: LGBMDeprecationWarning: The argument 'eval_set' is deprecated, use 'eval_X' and 'eval_y' instead.
  eval_set = _validate_eval_set_Xy(eval_set=eval_set, eval_X=eval_X, eval_y=eval_y)
/workspace_developability_acquisition/.venv_b1/lib/python3.12/site-packages/lightgbm/sklearn.py:1106: LGBMDeprecationWarning: The argument 'eval_set' is deprecated, use 'eval_X' and 'eval_y' instead.
  eval_set = _validate_eval_set_Xy(eval_set=eval_set, eval_X=eval_X, eval_y=eval_y)
/workspace_developability_acquisition/.venv_b1/lib/python3.12/site-packages/lightgbm/sklearn.py:1106: LGBMDeprecationWarning: The argument 'eval_set' is deprecated, use 'eval_X' and 'eval_y' instead.
  eval_set = _validate_eval_set_Xy(eval_set=eval_set, eval_X=eval_X, eval_y=eval_y)
/workspace_developability_acquisition/.venv_b1/lib/python3.12/site-packages/lightgbm/sklearn.py:1106: LGBMDeprecationWarning: The argument 'eval_set' is deprecated, use 'eval_X' and 'eval_y' instead.
  eval_set = _validate_eval_set_Xy(eval_set=eval_set, eval_X=eval_X, eval_y=eval_y)
/workspace_developability_acquisition/.venv_b1/lib/python3.12/site-packages/lightgbm/sklearn.py:1106: LGBMDeprecationWarning: The argument 'eval_set' is deprecated, use 'eval_X' and 'eval_y' instead.
  eval_set = _validate_eval_set_Xy(eval_set=eval_set, eval_X=eval_X, eval_y=eval_y)
/workspace_developability_acquisition/.venv_b1/lib/python3.12/site-packages/lightgbm/sklearn.py:1106: LGBMDeprecationWarning: The argument 'eval_set' is deprecated, use 'eval_X' and 'eval_y' instead.
  eval_set = _validate_eval_set_Xy(eval_set=eval_set, eval_X=eval_X, eval_y=eval_y)
/workspace_developability_acquisition/.venv_b1/lib/python3.12/site-packages/lightgbm/sklearn.py:1106: LGBMDeprecationWarning: The argument 'eval_set' is deprecated, use 'eval_X' and 'eval_y' instead.
  eval_set = _validate_eval_set_Xy(eval_set=eval_set, eval_X=eval_X, eval_y=eval_y)
/workspace_developability_acquisition/.venv_b1/lib/python3.12/site-packages/lightgbm/sklearn.py:1106: LGBMDeprecationWarning: The argument 'eval_set' is deprecated, use 'eval_X' and 'eval_y' instead.
  eval_set = _validate_eval_set_Xy(eval_set=eval_set, eval_X=eval_X, eval_y=eval_y)
/workspace_developability_acquisition/.venv_b1/lib/python3.12/site-packages/lightgbm/sklearn.py:1106: LGBMDeprecationWarning: The argument 'eval_set' is deprecated, use 'eval_X' and 'eval_y' instead.
  eval_set = _validate_eval_set_Xy(eval_set=eval_set, eval_X=eval_X, eval_y=eval_y)
/workspace_developability_acquisition/.venv_b1/lib/python3.12/site-packages/lightgbm/sklearn.py:1106: LGBMDeprecationWarning: The argument 'eval_set' is deprecated, use 'eval_X' and 'eval_y' instead.
  eval_set = _validate_eval_set_Xy(eval_set=eval_set, eval_X=eval_X, eval_y=eval_y)
/workspace_developability_acquisition/.venv_b1/lib/python3.12/site-packages/lightgbm/sklearn.py:1106: LGBMDeprecationWarning: The argument 'eval_set' is deprecated, use 'eval_X' and 'eval_y' instead.
  eval_set = _validate_eval_set_Xy(eval_set=eval_set, eval_X=eval_X, eval_y=eval_y)
/workspace_developability_acquisition/.venv_b1/lib/python3.12/site-packages/lightgbm/sklearn.py:1106: LGBMDeprecationWarning: The argument 'eval_set' is deprecated, use 'eval_X' and 'eval_y' instead.
  eval_set = _validate_eval_set_Xy(eval_set=eval_set, eval_X=eval_X, eval_y=eval_y)
/workspace_developability_acquisition/.venv_b1/lib/python3.12/site-packages/lightgbm/sklearn.py:1106: LGBMDeprecationWarning: The argument 'eval_set' is deprecated, use 'eval_X' and 'eval_y' instead.
  eval_set = _validate_eval_set_Xy(eval_set=eval_set, eval_X=eval_X, eval_y=eval_y)
/workspace_developability_acquisition/.venv_b1/lib/python3.12/site-packages/lightgbm/sklearn.py:1106: LGBMDeprecationWarning: The argument 'eval_set' is deprecated, use 'eval_X' and 'eval_y' instead.
  eval_set = _validate_eval_set_Xy(eval_set=eval_set, eval_X=eval_X, eval_y=eval_y)
/workspace_developability_acquisition/.venv_b1/lib/python3.12/site-packages/lightgbm/sklearn.py:1106: LGBMDeprecationWarning: The argument 'eval_set' is deprecated, use 'eval_X' and 'eval_y' instead.
  eval_set = _validate_eval_set_Xy(eval_set=eval_set, eval_X=eval_X, eval_y=eval_y)
/workspace_developability_acquisition/.venv_b1/lib/python3.12/site-packages/lightgbm/sklearn.py:1106: LGBMDeprecationWarning: The argument 'eval_set' is deprecated, use 'eval_X' and 'eval_y' instead.
  eval_set = _validate_eval_set_Xy(eval_set=eval_set, eval_X=eval_X, eval_y=eval_y)
/workspace_developability_acquisition/.venv_b1/lib/python3.12/site-packages/lightgbm/sklearn.py:1106: LGBMDeprecationWarning: The argument 'eval_set' is deprecated, use 'eval_X' and 'eval_y' instead.
  eval_set = _validate_eval_set_Xy(eval_set=eval_set, eval_X=eval_X, eval_y=eval_y)
/workspace_developability_acquisition/.venv_b1/lib/python3.12/site-packages/lightgbm/sklearn.py:1106: LGBMDeprecationWarning: The argument 'eval_set' is deprecated, use 'eval_X' and 'eval_y' instead.
  eval_set = _validate_eval_set_Xy(eval_set=eval_set, eval_X=eval_X, eval_y=eval_y)
/workspace_developability_acquisition/.venv_b1/lib/python3.12/site-packages/lightgbm/sklearn.py:1106: LGBMDeprecationWarning: The argument 'eval_set' is deprecated, use 'eval_X' and 'eval_y' instead.
  eval_set = _validate_eval_set_Xy(eval_set=eval_set, eval_X=eval_X, eval_y=eval_y)
/workspace_developability_acquisition/.venv_b1/lib/python3.12/site-packages/lightgbm/sklearn.py:1106: LGBMDeprecationWarning: The argument 'eval_set' is deprecated, use 'eval_X' and 'eval_y' instead.
  eval_set = _validate_eval_set_Xy(eval_set=eval_set, eval_X=eval_X, eval_y=eval_y)
/workspace_developability_acquisition/.venv_b1/lib/python3.12/site-packages/lightgbm/sklearn.py:1106: LGBMDeprecationWarning: The argument 'eval_set' is deprecated, use 'eval_X' and 'eval_y' instead.
  eval_set = _validate_eval_set_Xy(eval_set=eval_set, eval_X=eval_X, eval_y=eval_y)
/workspace_developability_acquisition/.venv_b1/lib/python3.12/site-packages/lightgbm/sklearn.py:1106: LGBMDeprecationWarning: The argument 'eval_set' is deprecated, use 'eval_X' and 'eval_y' instead.
  eval_set = _validate_eval_set_Xy(eval_set=eval_set, eval_X=eval_X, eval_y=eval_y)
/workspace_developability_acquisition/.venv_b1/lib/python3.12/site-packages/lightgbm/sklearn.py:1106: LGBMDeprecationWarning: The argument 'eval_set' is deprecated, use 'eval_X' and 'eval_y' instead.
  eval_set = _validate_eval_set_Xy(eval_set=eval_set, eval_X=eval_X, eval_y=eval_y)
/workspace_developability_acquisition/.venv_b1/lib/python3.12/site-packages/lightgbm/sklearn.py:1106: LGBMDeprecationWarning: The argument 'eval_set' is deprecated, use 'eval_X' and 'eval_y' instead.
  eval_set = _validate_eval_set_Xy(eval_set=eval_set, eval_X=eval_X, eval_y=eval_y)
/workspace_developability_acquisition/.venv_b1/lib/python3.12/site-packages/lightgbm/sklearn.py:1106: LGBMDeprecationWarning: The argument 'eval_set' is deprecated, use 'eval_X' and 'eval_y' instead.
  eval_set = _validate_eval_set_Xy(eval_set=eval_set, eval_X=eval_X, eval_y=eval_y)
/workspace_developability_acquisition/.venv_b1/lib/python3.12/site-packages/lightgbm/sklearn.py:1106: LGBMDeprecationWarning: The argument 'eval_set' is deprecated, use 'eval_X' and 'eval_y' instead.
  eval_set = _validate_eval_set_Xy(eval_set=eval_set, eval_X=eval_X, eval_y=eval_y)
/workspace_developability_acquisition/.venv_b1/lib/python3.12/site-packages/lightgbm/sklearn.py:1106: LGBMDeprecationWarning: The argument 'eval_set' is deprecated, use 'eval_X' and 'eval_y' instead.
  eval_set = _validate_eval_set_Xy(eval_set=eval_set, eval_X=eval_X, eval_y=eval_y)
/workspace_developability_acquisition/.venv_b1/lib/python3.12/site-packages/lightgbm/sklearn.py:1106: LGBMDeprecationWarning: The argument 'eval_set' is deprecated, use 'eval_X' and 'eval_y' instead.
  eval_set = _validate_eval_set_Xy(eval_set=eval_set, eval_X=eval_X, eval_y=eval_y)
/workspace_developability_acquisition/.venv_b1/lib/python3.12/site-packages/lightgbm/sklearn.py:1106: LGBMDeprecationWarning: The argument 'eval_set' is deprecated, use 'eval_X' and 'eval_y' instead.
  eval_set = _validate_eval_set_Xy(eval_set=eval_set, eval_X=eval_X, eval_y=eval_y)
/workspace_developability_acquisition/.venv_b1/lib/python3.12/site-packages/lightgbm/sklearn.py:1106: LGBMDeprecationWarning: The argument 'eval_set' is deprecated, use 'eval_X' and 'eval_y' instead.
  eval_set = _validate_eval_set_Xy(eval_set=eval_set, eval_X=eval_X, eval_y=eval_y)
/workspace_developability_acquisition/.venv_b1/lib/python3.12/site-packages/lightgbm/sklearn.py:1106: LGBMDeprecationWarning: The argument 'eval_set' is deprecated, use 'eval_X' and 'eval_y' instead.
  eval_set = _validate_eval_set_Xy(eval_set=eval_set, eval_X=eval_X, eval_y=eval_y)
/workspace_developability_acquisition/.venv_b1/lib/python3.12/site-packages/lightgbm/sklearn.py:1106: LGBMDeprecationWarning: The argument 'eval_set' is deprecated, use 'eval_X' and 'eval_y' instead.
  eval_set = _validate_eval_set_Xy(eval_set=eval_set, eval_X=eval_X, eval_y=eval_y)
/workspace_developability_acquisition/.venv_b1/lib/python3.12/site-packages/lightgbm/sklearn.py:1106: LGBMDeprecationWarning: The argument 'eval_set' is deprecated, use 'eval_X' and 'eval_y' instead.
  eval_set = _validate_eval_set_Xy(eval_set=eval_set, eval_X=eval_X, eval_y=eval_y)
/workspace_developability_acquisition/.venv_b1/lib/python3.12/site-packages/lightgbm/sklearn.py:1106: LGBMDeprecationWarning: The argument 'eval_set' is deprecated, use 'eval_X' and 'eval_y' instead.
  eval_set = _validate_eval_set_Xy(eval_set=eval_set, eval_X=eval_X, eval_y=eval_y)
/workspace_developability_acquisition/.venv_b1/lib/python3.12/site-packages/lightgbm/sklearn.py:1106: LGBMDeprecationWarning: The argument 'eval_set' is deprecated, use 'eval_X' and 'eval_y' instead.
  eval_set = _validate_eval_set_Xy(eval_set=eval_set, eval_X=eval_X, eval_y=eval_y)
/workspace_developability_acquisition/.venv_b1/lib/python3.12/site-packages/lightgbm/sklearn.py:1106: LGBMDeprecationWarning: The argument 'eval_set' is deprecated, use 'eval_X' and 'eval_y' instead.
  eval_set = _validate_eval_set_Xy(eval_set=eval_set, eval_X=eval_X, eval_y=eval_y)
/workspace_developability_acquisition/.venv_b1/lib/python3.12/site-packages/lightgbm/sklearn.py:1106: LGBMDeprecationWarning: The argument 'eval_set' is deprecated, use 'eval_X' and 'eval_y' instead.
  eval_set = _validate_eval_set_Xy(eval_set=eval_set, eval_X=eval_X, eval_y=eval_y)
/workspace_developability_acquisition/.venv_b1/lib/python3.12/site-packages/lightgbm/sklearn.py:1106: LGBMDeprecationWarning: The argument 'eval_set' is deprecated, use 'eval_X' and 'eval_y' instead.
  eval_set = _validate_eval_set_Xy(eval_set=eval_set, eval_X=eval_X, eval_y=eval_y)
/workspace_developability_acquisition/.venv_b1/lib/python3.12/site-packages/lightgbm/sklearn.py:1106: LGBMDeprecationWarning: The argument 'eval_set' is deprecated, use 'eval_X' and 'eval_y' instead.
  eval_set = _validate_eval_set_Xy(eval_set=eval_set, eval_X=eval_X, eval_y=eval_y)
/workspace_developability_acquisition/.venv_b1/lib/python3.12/site-packages/lightgbm/sklearn.py:1106: LGBMDeprecationWarning: The argument 'eval_set' is deprecated, use 'eval_X' and 'eval_y' instead.
  eval_set = _validate_eval_set_Xy(eval_set=eval_set, eval_X=eval_X, eval_y=eval_y)
/workspace_developability_acquisition/.venv_b1/lib/python3.12/site-packages/lightgbm/sklearn.py:1106: LGBMDeprecationWarning: The argument 'eval_set' is deprecated, use 'eval_X' and 'eval_y' instead.
  eval_set = _validate_eval_set_Xy(eval_set=eval_set, eval_X=eval_X, eval_y=eval_y)
/workspace_developability_acquisition/.venv_b1/lib/python3.12/site-packages/lightgbm/sklearn.py:1106: LGBMDeprecationWarning: The argument 'eval_set' is deprecated, use 'eval_X' and 'eval_y' instead.
  eval_set = _validate_eval_set_Xy(eval_set=eval_set, eval_X=eval_X, eval_y=eval_y)
/workspace_developability_acquisition/.venv_b1/lib/python3.12/site-packages/lightgbm/sklearn.py:1106: LGBMDeprecationWarning: The argument 'eval_set' is deprecated, use 'eval_X' and 'eval_y' instead.
  eval_set = _validate_eval_set_Xy(eval_set=eval_set, eval_X=eval_X, eval_y=eval_y)
/workspace_developability_acquisition/.venv_b1/lib/python3.12/site-packages/lightgbm/sklearn.py:1106: LGBMDeprecationWarning: The argument 'eval_set' is deprecated, use 'eval_X' and 'eval_y' instead.
  eval_set = _validate_eval_set_Xy(eval_set=eval_set, eval_X=eval_X, eval_y=eval_y)
/workspace_developability_acquisition/.venv_b1/lib/python3.12/site-packages/lightgbm/sklearn.py:1106: LGBMDeprecationWarning: The argument 'eval_set' is deprecated, use 'eval_X' and 'eval_y' instead.
  eval_set = _validate_eval_set_Xy(eval_set=eval_set, eval_X=eval_X, eval_y=eval_y)
/workspace_developability_acquisition/.venv_b1/lib/python3.12/site-packages/lightgbm/sklearn.py:1106: LGBMDeprecationWarning: The argument 'eval_set' is deprecated, use 'eval_X' and 'eval_y' instead.
  eval_set = _validate_eval_set_Xy(eval_set=eval_set, eval_X=eval_X, eval_y=eval_y)
/workspace_developability_acquisition/.venv_b1/lib/python3.12/site-packages/lightgbm/sklearn.py:1106: LGBMDeprecationWarning: The argument 'eval_set' is deprecated, use 'eval_X' and 'eval_y' instead.
  eval_set = _validate_eval_set_Xy(eval_set=eval_set, eval_X=eval_X, eval_y=eval_y)
/workspace_developability_acquisition/.venv_b1/lib/python3.12/site-packages/lightgbm/sklearn.py:1106: LGBMDeprecationWarning: The argument 'eval_set' is deprecated, use 'eval_X' and 'eval_y' instead.
  eval_set = _validate_eval_set_Xy(eval_set=eval_set, eval_X=eval_X, eval_y=eval_y)
/workspace_developability_acquisition/.venv_b1/lib/python3.12/site-packages/lightgbm/sklearn.py:1106: LGBMDeprecationWarning: The argument 'eval_set' is deprecated, use 'eval_X' and 'eval_y' instead.
  eval_set = _validate_eval_set_Xy(eval_set=eval_set, eval_X=eval_X, eval_y=eval_y)
/workspace_developability_acquisition/.venv_b1/lib/python3.12/site-packages/lightgbm/sklearn.py:1106: LGBMDeprecationWarning: The argument 'eval_set' is deprecated, use 'eval_X' and 'eval_y' instead.
  eval_set = _validate_eval_set_Xy(eval_set=eval_set, eval_X=eval_X, eval_y=eval_y)
/workspace_developability_acquisition/.venv_b1/lib/python3.12/site-packages/lightgbm/sklearn.py:1106: LGBMDeprecationWarning: The argument 'eval_set' is deprecated, use 'eval_X' and 'eval_y' instead.
  eval_set = _validate_eval_set_Xy(eval_set=eval_set, eval_X=eval_X, eval_y=eval_y)
/workspace_developability_acquisition/.venv_b1/lib/python3.12/site-packages/lightgbm/sklearn.py:1106: LGBMDeprecationWarning: The argument 'eval_set' is deprecated, use 'eval_X' and 'eval_y' instead.
  eval_set = _validate_eval_set_Xy(eval_set=eval_set, eval_X=eval_X, eval_y=eval_y)
/workspace_developability_acquisition/.venv_b1/lib/python3.12/site-packages/lightgbm/sklearn.py:1106: LGBMDeprecationWarning: The argument 'eval_set' is deprecated, use 'eval_X' and 'eval_y' instead.
  eval_set = _validate_eval_set_Xy(eval_set=eval_set, eval_X=eval_X, eval_y=eval_y)
/workspace_developability_acquisition/.venv_b1/lib/python3.12/site-packages/lightgbm/sklearn.py:1106: LGBMDeprecationWarning: The argument 'eval_set' is deprecated, use 'eval_X' and 'eval_y' instead.
  eval_set = _validate_eval_set_Xy(eval_set=eval_set, eval_X=eval_X, eval_y=eval_y)
/workspace_developability_acquisition/.venv_b1/lib/python3.12/site-packages/lightgbm/sklearn.py:1106: LGBMDeprecationWarning: The argument 'eval_set' is deprecated, use 'eval_X' and 'eval_y' instead.
  eval_set = _validate_eval_set_Xy(eval_set=eval_set, eval_X=eval_X, eval_y=eval_y)
/workspace_developability_acquisition/.venv_b1/lib/python3.12/site-packages/lightgbm/sklearn.py:1106: LGBMDeprecationWarning: The argument 'eval_set' is deprecated, use 'eval_X' and 'eval_y' instead.
  eval_set = _validate_eval_set_Xy(eval_set=eval_set, eval_X=eval_X, eval_y=eval_y)
/workspace_developability_acquisition/.venv_b1/lib/python3.12/site-packages/lightgbm/sklearn.py:1106: LGBMDeprecationWarning: The argument 'eval_set' is deprecated, use 'eval_X' and 'eval_y' instead.
  eval_set = _validate_eval_set_Xy(eval_set=eval_set, eval_X=eval_X, eval_y=eval_y)
/workspace_developability_acquisition/.venv_b1/lib/python3.12/site-packages/lightgbm/sklearn.py:1106: LGBMDeprecationWarning: The argument 'eval_set' is deprecated, use 'eval_X' and 'eval_y' instead.
  eval_set = _validate_eval_set_Xy(eval_set=eval_set, eval_X=eval_X, eval_y=eval_y)
/workspace_developability_acquisition/.venv_b1/lib/python3.12/site-packages/lightgbm/sklearn.py:1106: LGBMDeprecationWarning: The argument 'eval_set' is deprecated, use 'eval_X' and 'eval_y' instead.
  eval_set = _validate_eval_set_Xy(eval_set=eval_set, eval_X=eval_X, eval_y=eval_y)
/workspace_developability_acquisition/.venv_b1/lib/python3.12/site-packages/lightgbm/sklearn.py:1106: LGBMDeprecationWarning: The argument 'eval_set' is deprecated, use 'eval_X' and 'eval_y' instead.
  eval_set = _validate_eval_set_Xy(eval_set=eval_set, eval_X=eval_X, eval_y=eval_y)
/workspace_developability_acquisition/.venv_b1/lib/python3.12/site-packages/lightgbm/sklearn.py:1106: LGBMDeprecationWarning: The argument 'eval_set' is deprecated, use 'eval_X' and 'eval_y' instead.
  eval_set = _validate_eval_set_Xy(eval_set=eval_set, eval_X=eval_X, eval_y=eval_y)
/workspace_developability_acquisition/.venv_b1/lib/python3.12/site-packages/lightgbm/sklearn.py:1106: LGBMDeprecationWarning: The argument 'eval_set' is deprecated, use 'eval_X' and 'eval_y' instead.
  eval_set = _validate_eval_set_Xy(eval_set=eval_set, eval_X=eval_X, eval_y=eval_y)
/workspace_developability_acquisition/.venv_b1/lib/python3.12/site-packages/lightgbm/sklearn.py:1106: LGBMDeprecationWarning: The argument 'eval_set' is deprecated, use 'eval_X' and 'eval_y' instead.
  eval_set = _validate_eval_set_Xy(eval_set=eval_set, eval_X=eval_X, eval_y=eval_y)
/workspace_developability_acquisition/.venv_b1/lib/python3.12/site-packages/lightgbm/sklearn.py:1106: LGBMDeprecationWarning: The argument 'eval_set' is deprecated, use 'eval_X' and 'eval_y' instead.
  eval_set = _validate_eval_set_Xy(eval_set=eval_set, eval_X=eval_X, eval_y=eval_y)
/workspace_developability_acquisition/.venv_b1/lib/python3.12/site-packages/lightgbm/sklearn.py:1106: LGBMDeprecationWarning: The argument 'eval_set' is deprecated, use 'eval_X' and 'eval_y' instead.
  eval_set = _validate_eval_set_Xy(eval_set=eval_set, eval_X=eval_X, eval_y=eval_y)
/workspace_developability_acquisition/.venv_b1/lib/python3.12/site-packages/lightgbm/sklearn.py:1106: LGBMDeprecationWarning: The argument 'eval_set' is deprecated, use 'eval_X' and 'eval_y' instead.
  eval_set = _validate_eval_set_Xy(eval_set=eval_set, eval_X=eval_X, eval_y=eval_y)
/workspace_developability_acquisition/.venv_b1/lib/python3.12/site-packages/lightgbm/sklearn.py:1106: LGBMDeprecationWarning: The argument 'eval_set' is deprecated, use 'eval_X' and 'eval_y' instead.
  eval_set = _validate_eval_set_Xy(eval_set=eval_set, eval_X=eval_X, eval_y=eval_y)
/workspace_developability_acquisition/.venv_b1/lib/python3.12/site-packages/lightgbm/sklearn.py:1106: LGBMDeprecationWarning: The argument 'eval_set' is deprecated, use 'eval_X' and 'eval_y' instead.
  eval_set = _validate_eval_set_Xy(eval_set=eval_set, eval_X=eval_X, eval_y=eval_y)
/workspace_developability_acquisition/.venv_b1/lib/python3.12/site-packages/lightgbm/sklearn.py:1106: LGBMDeprecationWarning: The argument 'eval_set' is deprecated, use 'eval_X' and 'eval_y' instead.
  eval_set = _validate_eval_set_Xy(eval_set=eval_set, eval_X=eval_X, eval_y=eval_y)
/workspace_developability_acquisition/.venv_b1/lib/python3.12/site-packages/lightgbm/sklearn.py:1106: LGBMDeprecationWarning: The argument 'eval_set' is deprecated, use 'eval_X' and 'eval_y' instead.
  eval_set = _validate_eval_set_Xy(eval_set=eval_set, eval_X=eval_X, eval_y=eval_y)
/workspace_developability_acquisition/.venv_b1/lib/python3.12/site-packages/lightgbm/sklearn.py:1106: LGBMDeprecationWarning: The argument 'eval_set' is deprecated, use 'eval_X' and 'eval_y' instead.
  eval_set = _validate_eval_set_Xy(eval_set=eval_set, eval_X=eval_X, eval_y=eval_y)
/workspace_developability_acquisition/.venv_b1/lib/python3.12/site-packages/lightgbm/sklearn.py:1106: LGBMDeprecationWarning: The argument 'eval_set' is deprecated, use 'eval_X' and 'eval_y' instead.
  eval_set = _validate_eval_set_Xy(eval_set=eval_set, eval_X=eval_X, eval_y=eval_y)
/workspace_developability_acquisition/.venv_b1/lib/python3.12/site-packages/lightgbm/sklearn.py:1106: LGBMDeprecationWarning: The argument 'eval_set' is deprecated, use 'eval_X' and 'eval_y' instead.
  eval_set = _validate_eval_set_Xy(eval_set=eval_set, eval_X=eval_X, eval_y=eval_y)
/workspace_developability_acquisition/.venv_b1/lib/python3.12/site-packages/lightgbm/sklearn.py:1106: LGBMDeprecationWarning: The argument 'eval_set' is deprecated, use 'eval_X' and 'eval_y' instead.
  eval_set = _validate_eval_set_Xy(eval_set=eval_set, eval_X=eval_X, eval_y=eval_y)
/workspace_developability_acquisition/.venv_b1/lib/python3.12/site-packages/lightgbm/sklearn.py:1106: LGBMDeprecationWarning: The argument 'eval_set' is deprecated, use 'eval_X' and 'eval_y' instead.
  eval_set = _validate_eval_set_Xy(eval_set=eval_set, eval_X=eval_X, eval_y=eval_y)
/workspace_developability_acquisition/.venv_b1/lib/python3.12/site-packages/lightgbm/sklearn.py:1106: LGBMDeprecationWarning: The argument 'eval_set' is deprecated, use 'eval_X' and 'eval_y' instead.
  eval_set = _validate_eval_set_Xy(eval_set=eval_set, eval_X=eval_X, eval_y=eval_y)
/workspace_developability_acquisition/.venv_b1/lib/python3.12/site-packages/lightgbm/sklearn.py:1106: LGBMDeprecationWarning: The argument 'eval_set' is deprecated, use 'eval_X' and 'eval_y' instead.
  eval_set = _validate_eval_set_Xy(eval_set=eval_set, eval_X=eval_X, eval_y=eval_y)
/workspace_developability_acquisition/.venv_b1/lib/python3.12/site-packages/lightgbm/sklearn.py:1106: LGBMDeprecationWarning: The argument 'eval_set' is deprecated, use 'eval_X' and 'eval_y' instead.
  eval_set = _validate_eval_set_Xy(eval_set=eval_set, eval_X=eval_X, eval_y=eval_y)
/workspace_developability_acquisition/.venv_b1/lib/python3.12/site-packages/lightgbm/sklearn.py:1106: LGBMDeprecationWarning: The argument 'eval_set' is deprecated, use 'eval_X' and 'eval_y' instead.
  eval_set = _validate_eval_set_Xy(eval_set=eval_set, eval_X=eval_X, eval_y=eval_y)
/workspace_developability_acquisition/.venv_b1/lib/python3.12/site-packages/lightgbm/sklearn.py:1106: LGBMDeprecationWarning: The argument 'eval_set' is deprecated, use 'eval_X' and 'eval_y' instead.
  eval_set = _validate_eval_set_Xy(eval_set=eval_set, eval_X=eval_X, eval_y=eval_y)
/workspace_developability_acquisition/.venv_b1/lib/python3.12/site-packages/lightgbm/sklearn.py:1106: LGBMDeprecationWarning: The argument 'eval_set' is deprecated, use 'eval_X' and 'eval_y' instead.
  eval_set = _validate_eval_set_Xy(eval_set=eval_set, eval_X=eval_X, eval_y=eval_y)
/workspace_developability_acquisition/.venv_b1/lib/python3.12/site-packages/lightgbm/sklearn.py:1106: LGBMDeprecationWarning: The argument 'eval_set' is deprecated, use 'eval_X' and 'eval_y' instead.
  eval_set = _validate_eval_set_Xy(eval_set=eval_set, eval_X=eval_X, eval_y=eval_y)
/workspace_developability_acquisition/.venv_b1/lib/python3.12/site-packages/lightgbm/sklearn.py:1106: LGBMDeprecationWarning: The argument 'eval_set' is deprecated, use 'eval_X' and 'eval_y' instead.
  eval_set = _validate_eval_set_Xy(eval_set=eval_set, eval_X=eval_X, eval_y=eval_y)
/workspace_developability_acquisition/.venv_b1/lib/python3.12/site-packages/lightgbm/sklearn.py:1106: LGBMDeprecationWarning: The argument 'eval_set' is deprecated, use 'eval_X' and 'eval_y' instead.
  eval_set = _validate_eval_set_Xy(eval_set=eval_set, eval_X=eval_X, eval_y=eval_y)
/workspace_developability_acquisition/.venv_b1/lib/python3.12/site-packages/lightgbm/sklearn.py:1106: LGBMDeprecationWarning: The argument 'eval_set' is deprecated, use 'eval_X' and 'eval_y' instead.
  eval_set = _validate_eval_set_Xy(eval_set=eval_set, eval_X=eval_X, eval_y=eval_y)
/workspace_developability_acquisition/.venv_b1/lib/python3.12/site-packages/lightgbm/sklearn.py:1106: LGBMDeprecationWarning: The argument 'eval_set' is deprecated, use 'eval_X' and 'eval_y' instead.
  eval_set = _validate_eval_set_Xy(eval_set=eval_set, eval_X=eval_X, eval_y=eval_y)
/workspace_developability_acquisition/.venv_b1/lib/python3.12/site-packages/lightgbm/sklearn.py:1106: LGBMDeprecationWarning: The argument 'eval_set' is deprecated, use 'eval_X' and 'eval_y' instead.
  eval_set = _validate_eval_set_Xy(eval_set=eval_set, eval_X=eval_X, eval_y=eval_y)
/workspace_developability_acquisition/.venv_b1/lib/python3.12/site-packages/lightgbm/sklearn.py:1106: LGBMDeprecationWarning: The argument 'eval_set' is deprecated, use 'eval_X' and 'eval_y' instead.
  eval_set = _validate_eval_set_Xy(eval_set=eval_set, eval_X=eval_X, eval_y=eval_y)
/workspace_developability_acquisition/.venv_b1/lib/python3.12/site-packages/lightgbm/sklearn.py:1106: LGBMDeprecationWarning: The argument 'eval_set' is deprecated, use 'eval_X' and 'eval_y' instead.
  eval_set = _validate_eval_set_Xy(eval_set=eval_set, eval_X=eval_X, eval_y=eval_y)
/workspace_developability_acquisition/.venv_b1/lib/python3.12/site-packages/lightgbm/sklearn.py:1106: LGBMDeprecationWarning: The argument 'eval_set' is deprecated, use 'eval_X' and 'eval_y' instead.
  eval_set = _validate_eval_set_Xy(eval_set=eval_set, eval_X=eval_X, eval_y=eval_y)
/workspace_developability_acquisition/.venv_b1/lib/python3.12/site-packages/lightgbm/sklearn.py:1106: LGBMDeprecationWarning: The argument 'eval_set' is deprecated, use 'eval_X' and 'eval_y' instead.
  eval_set = _validate_eval_set_Xy(eval_set=eval_set, eval_X=eval_X, eval_y=eval_y)
/workspace_developability_acquisition/.venv_b1/lib/python3.12/site-packages/lightgbm/sklearn.py:1106: LGBMDeprecationWarning: The argument 'eval_set' is deprecated, use 'eval_X' and 'eval_y' instead.
  eval_set = _validate_eval_set_Xy(eval_set=eval_set, eval_X=eval_X, eval_y=eval_y)
/workspace_developability_acquisition/.venv_b1/lib/python3.12/site-packages/lightgbm/sklearn.py:1106: LGBMDeprecationWarning: The argument 'eval_set' is deprecated, use 'eval_X' and 'eval_y' instead.
  eval_set = _validate_eval_set_Xy(eval_set=eval_set, eval_X=eval_X, eval_y=eval_y)
/workspace_developability_acquisition/.venv_b1/lib/python3.12/site-packages/lightgbm/sklearn.py:1106: LGBMDeprecationWarning: The argument 'eval_set' is deprecated, use 'eval_X' and 'eval_y' instead.
  eval_set = _validate_eval_set_Xy(eval_set=eval_set, eval_X=eval_X, eval_y=eval_y)
/workspace_developability_acquisition/.venv_b1/lib/python3.12/site-packages/lightgbm/sklearn.py:1106: LGBMDeprecationWarning: The argument 'eval_set' is deprecated, use 'eval_X' and 'eval_y' instead.
  eval_set = _validate_eval_set_Xy(eval_set=eval_set, eval_X=eval_X, eval_y=eval_y)
/workspace_developability_acquisition/.venv_b1/lib/python3.12/site-packages/lightgbm/sklearn.py:1106: LGBMDeprecationWarning: The argument 'eval_set' is deprecated, use 'eval_X' and 'eval_y' instead.
  eval_set = _validate_eval_set_Xy(eval_set=eval_set, eval_X=eval_X, eval_y=eval_y)
/workspace_developability_acquisition/.venv_b1/lib/python3.12/site-packages/lightgbm/sklearn.py:1106: LGBMDeprecationWarning: The argument 'eval_set' is deprecated, use 'eval_X' and 'eval_y' instead.
  eval_set = _validate_eval_set_Xy(eval_set=eval_set, eval_X=eval_X, eval_y=eval_y)
/workspace_developability_acquisition/.venv_b1/lib/python3.12/site-packages/lightgbm/sklearn.py:1106: LGBMDeprecationWarning: The argument 'eval_set' is deprecated, use 'eval_X' and 'eval_y' instead.
  eval_set = _validate_eval_set_Xy(eval_set=eval_set, eval_X=eval_X, eval_y=eval_y)
/workspace_developability_acquisition/.venv_b1/lib/python3.12/site-packages/lightgbm/sklearn.py:1106: LGBMDeprecationWarning: The argument 'eval_set' is deprecated, use 'eval_X' and 'eval_y' instead.
  eval_set = _validate_eval_set_Xy(eval_set=eval_set, eval_X=eval_X, eval_y=eval_y)
/workspace_developability_acquisition/.venv_b1/lib/python3.12/site-packages/lightgbm/sklearn.py:1106: LGBMDeprecationWarning: The argument 'eval_set' is deprecated, use 'eval_X' and 'eval_y' instead.
  eval_set = _validate_eval_set_Xy(eval_set=eval_set, eval_X=eval_X, eval_y=eval_y)
/workspace_developability_acquisition/.venv_b1/lib/python3.12/site-packages/lightgbm/sklearn.py:1106: LGBMDeprecationWarning: The argument 'eval_set' is deprecated, use 'eval_X' and 'eval_y' instead.
  eval_set = _validate_eval_set_Xy(eval_set=eval_set, eval_X=eval_X, eval_y=eval_y)
/workspace_developability_acquisition/.venv_b1/lib/python3.12/site-packages/lightgbm/sklearn.py:1106: LGBMDeprecationWarning: The argument 'eval_set' is deprecated, use 'eval_X' and 'eval_y' instead.
  eval_set = _validate_eval_set_Xy(eval_set=eval_set, eval_X=eval_X, eval_y=eval_y)
/workspace_developability_acquisition/.venv_b1/lib/python3.12/site-packages/lightgbm/sklearn.py:1106: LGBMDeprecationWarning: The argument 'eval_set' is deprecated, use 'eval_X' and 'eval_y' instead.
  eval_set = _validate_eval_set_Xy(eval_set=eval_set, eval_X=eval_X, eval_y=eval_y)
/workspace_developability_acquisition/.venv_b1/lib/python3.12/site-packages/lightgbm/sklearn.py:1106: LGBMDeprecationWarning: The argument 'eval_set' is deprecated, use 'eval_X' and 'eval_y' instead.
  eval_set = _validate_eval_set_Xy(eval_set=eval_set, eval_X=eval_X, eval_y=eval_y)
/workspace_developability_acquisition/.venv_b1/lib/python3.12/site-packages/lightgbm/sklearn.py:1106: LGBMDeprecationWarning: The argument 'eval_set' is deprecated, use 'eval_X' and 'eval_y' instead.
  eval_set = _validate_eval_set_Xy(eval_set=eval_set, eval_X=eval_X, eval_y=eval_y)
/workspace_developability_acquisition/.venv_b1/lib/python3.12/site-packages/lightgbm/sklearn.py:1106: LGBMDeprecationWarning: The argument 'eval_set' is deprecated, use 'eval_X' and 'eval_y' instead.
  eval_set = _validate_eval_set_Xy(eval_set=eval_set, eval_X=eval_X, eval_y=eval_y)
/workspace_developability_acquisition/.venv_b1/lib/python3.12/site-packages/lightgbm/sklearn.py:1106: LGBMDeprecationWarning: The argument 'eval_set' is deprecated, use 'eval_X' and 'eval_y' instead.
  eval_set = _validate_eval_set_Xy(eval_set=eval_set, eval_X=eval_X, eval_y=eval_y)
/workspace_developability_acquisition/.venv_b1/lib/python3.12/site-packages/lightgbm/sklearn.py:1106: LGBMDeprecationWarning: The argument 'eval_set' is deprecated, use 'eval_X' and 'eval_y' instead.
  eval_set = _validate_eval_set_Xy(eval_set=eval_set, eval_X=eval_X, eval_y=eval_y)
/workspace_developability_acquisition/.venv_b1/lib/python3.12/site-packages/lightgbm/sklearn.py:1106: LGBMDeprecationWarning: The argument 'eval_set' is deprecated, use 'eval_X' and 'eval_y' instead.
  eval_set = _validate_eval_set_Xy(eval_set=eval_set, eval_X=eval_X, eval_y=eval_y)
/workspace_developability_acquisition/.venv_b1/lib/python3.12/site-packages/lightgbm/sklearn.py:1106: LGBMDeprecationWarning: The argument 'eval_set' is deprecated, use 'eval_X' and 'eval_y' instead.
  eval_set = _validate_eval_set_Xy(eval_set=eval_set, eval_X=eval_X, eval_y=eval_y)
/workspace_developability_acquisition/.venv_b1/lib/python3.12/site-packages/lightgbm/sklearn.py:1106: LGBMDeprecationWarning: The argument 'eval_set' is deprecated, use 'eval_X' and 'eval_y' instead.
  eval_set = _validate_eval_set_Xy(eval_set=eval_set, eval_X=eval_X, eval_y=eval_y)
/workspace_developability_acquisition/.venv_b1/lib/python3.12/site-packages/lightgbm/sklearn.py:1106: LGBMDeprecationWarning: The argument 'eval_set' is deprecated, use 'eval_X' and 'eval_y' instead.
  eval_set = _validate_eval_set_Xy(eval_set=eval_set, eval_X=eval_X, eval_y=eval_y)
/workspace_developability_acquisition/.venv_b1/lib/python3.12/site-packages/lightgbm/sklearn.py:1106: LGBMDeprecationWarning: The argument 'eval_set' is deprecated, use 'eval_X' and 'eval_y' instead.
  eval_set = _validate_eval_set_Xy(eval_set=eval_set, eval_X=eval_X, eval_y=eval_y)
/workspace_developability_acquisition/.venv_b1/lib/python3.12/site-packages/lightgbm/sklearn.py:1106: LGBMDeprecationWarning: The argument 'eval_set' is deprecated, use 'eval_X' and 'eval_y' instead.
  eval_set = _validate_eval_set_Xy(eval_set=eval_set, eval_X=eval_X, eval_y=eval_y)
/workspace_developability_acquisition/.venv_b1/lib/python3.12/site-packages/lightgbm/sklearn.py:1106: LGBMDeprecationWarning: The argument 'eval_set' is deprecated, use 'eval_X' and 'eval_y' instead.
  eval_set = _validate_eval_set_Xy(eval_set=eval_set, eval_X=eval_X, eval_y=eval_y)
/workspace_developability_acquisition/.venv_b1/lib/python3.12/site-packages/lightgbm/sklearn.py:1106: LGBMDeprecationWarning: The argument 'eval_set' is deprecated, use 'eval_X' and 'eval_y' instead.
  eval_set = _validate_eval_set_Xy(eval_set=eval_set, eval_X=eval_X, eval_y=eval_y)
/workspace_developability_acquisition/.venv_b1/lib/python3.12/site-packages/lightgbm/sklearn.py:1106: LGBMDeprecationWarning: The argument 'eval_set' is deprecated, use 'eval_X' and 'eval_y' instead.
  eval_set = _validate_eval_set_Xy(eval_set=eval_set, eval_X=eval_X, eval_y=eval_y)
/workspace_developability_acquisition/.venv_b1/lib/python3.12/site-packages/lightgbm/sklearn.py:1106: LGBMDeprecationWarning: The argument 'eval_set' is deprecated, use 'eval_X' and 'eval_y' instead.
  eval_set = _validate_eval_set_Xy(eval_set=eval_set, eval_X=eval_X, eval_y=eval_y)
/workspace_developability_acquisition/.venv_b1/lib/python3.12/site-packages/lightgbm/sklearn.py:1106: LGBMDeprecationWarning: The argument 'eval_set' is deprecated, use 'eval_X' and 'eval_y' instead.
  eval_set = _validate_eval_set_Xy(eval_set=eval_set, eval_X=eval_X, eval_y=eval_y)
/workspace_developability_acquisition/.venv_b1/lib/python3.12/site-packages/lightgbm/sklearn.py:1106: LGBMDeprecationWarning: The argument 'eval_set' is deprecated, use 'eval_X' and 'eval_y' instead.
  eval_set = _validate_eval_set_Xy(eval_set=eval_set, eval_X=eval_X, eval_y=eval_y)
/workspace_developability_acquisition/.venv_b1/lib/python3.12/site-packages/lightgbm/sklearn.py:1106: LGBMDeprecationWarning: The argument 'eval_set' is deprecated, use 'eval_X' and 'eval_y' instead.
  eval_set = _validate_eval_set_Xy(eval_set=eval_set, eval_X=eval_X, eval_y=eval_y)
/workspace_developability_acquisition/.venv_b1/lib/python3.12/site-packages/lightgbm/sklearn.py:1106: LGBMDeprecationWarning: The argument 'eval_set' is deprecated, use 'eval_X' and 'eval_y' instead.
  eval_set = _validate_eval_set_Xy(eval_set=eval_set, eval_X=eval_X, eval_y=eval_y)
/workspace_developability_acquisition/.venv_b1/lib/python3.12/site-packages/lightgbm/sklearn.py:1106: LGBMDeprecationWarning: The argument 'eval_set' is deprecated, use 'eval_X' and 'eval_y' instead.
  eval_set = _validate_eval_set_Xy(eval_set=eval_set, eval_X=eval_X, eval_y=eval_y)
/workspace_developability_acquisition/.venv_b1/lib/python3.12/site-packages/lightgbm/sklearn.py:1106: LGBMDeprecationWarning: The argument 'eval_set' is deprecated, use 'eval_X' and 'eval_y' instead.
  eval_set = _validate_eval_set_Xy(eval_set=eval_set, eval_X=eval_X, eval_y=eval_y)
/workspace_developability_acquisition/.venv_b1/lib/python3.12/site-packages/lightgbm/sklearn.py:1106: LGBMDeprecationWarning: The argument 'eval_set' is deprecated, use 'eval_X' and 'eval_y' instead.
  eval_set = _validate_eval_set_Xy(eval_set=eval_set, eval_X=eval_X, eval_y=eval_y)
/workspace_developability_acquisition/.venv_b1/lib/python3.12/site-packages/lightgbm/sklearn.py:1106: LGBMDeprecationWarning: The argument 'eval_set' is deprecated, use 'eval_X' and 'eval_y' instead.
  eval_set = _validate_eval_set_Xy(eval_set=eval_set, eval_X=eval_X, eval_y=eval_y)
/workspace_developability_acquisition/.venv_b1/lib/python3.12/site-packages/lightgbm/sklearn.py:1106: LGBMDeprecationWarning: The argument 'eval_set' is deprecated, use 'eval_X' and 'eval_y' instead.
  eval_set = _validate_eval_set_Xy(eval_set=eval_set, eval_X=eval_X, eval_y=eval_y)
Optuna GBDT screen_TmApp_BIO_CAT_MAE
Optuna GBDT screen_TmApp_PLM_ABLANG2_XGB_L1
Optuna GBDT screen_TmApp_PLM_ABLANG2_XGB_L2
Optuna GBDT screen_TmApp_PLM_ABLANG2_LGB_L1
/workspace_developability_acquisition/.venv_b1/lib/python3.12/site-packages/lightgbm/sklearn.py:1106: LGBMDeprecationWarning: The argument 'eval_set' is deprecated, use 'eval_X' and 'eval_y' instead.
  eval_set = _validate_eval_set_Xy(eval_set=eval_set, eval_X=eval_X, eval_y=eval_y)
/workspace_developability_acquisition/.venv_b1/lib/python3.12/site-packages/lightgbm/sklearn.py:1106: LGBMDeprecationWarning: The argument 'eval_set' is deprecated, use 'eval_X' and 'eval_y' instead.
  eval_set = _validate_eval_set_Xy(eval_set=eval_set, eval_X=eval_X, eval_y=eval_y)
/workspace_developability_acquisition/.venv_b1/lib/python3.12/site-packages/lightgbm/sklearn.py:1106: LGBMDeprecationWarning: The argument 'eval_set' is deprecated, use 'eval_X' and 'eval_y' instead.
  eval_set = _validate_eval_set_Xy(eval_set=eval_set, eval_X=eval_X, eval_y=eval_y)
/workspace_developability_acquisition/.venv_b1/lib/python3.12/site-packages/lightgbm/sklearn.py:1106: LGBMDeprecationWarning: The argument 'eval_set' is deprecated, use 'eval_X' and 'eval_y' instead.
  eval_set = _validate_eval_set_Xy(eval_set=eval_set, eval_X=eval_X, eval_y=eval_y)
/workspace_developability_acquisition/.venv_b1/lib/python3.12/site-packages/lightgbm/sklearn.py:1106: LGBMDeprecationWarning: The argument 'eval_set' is deprecated, use 'eval_X' and 'eval_y' instead.
  eval_set = _validate_eval_set_Xy(eval_set=eval_set, eval_X=eval_X, eval_y=eval_y)
/workspace_developability_acquisition/.venv_b1/lib/python3.12/site-packages/lightgbm/sklearn.py:1106: LGBMDeprecationWarning: The argument 'eval_set' is deprecated, use 'eval_X' and 'eval_y' instead.
  eval_set = _validate_eval_set_Xy(eval_set=eval_set, eval_X=eval_X, eval_y=eval_y)
/workspace_developability_acquisition/.venv_b1/lib/python3.12/site-packages/lightgbm/sklearn.py:1106: LGBMDeprecationWarning: The argument 'eval_set' is deprecated, use 'eval_X' and 'eval_y' instead.
  eval_set = _validate_eval_set_Xy(eval_set=eval_set, eval_X=eval_X, eval_y=eval_y)
/workspace_developability_acquisition/.venv_b1/lib/python3.12/site-packages/lightgbm/sklearn.py:1106: LGBMDeprecationWarning: The argument 'eval_set' is deprecated, use 'eval_X' and 'eval_y' instead.
  eval_set = _validate_eval_set_Xy(eval_set=eval_set, eval_X=eval_X, eval_y=eval_y)
/workspace_developability_acquisition/.venv_b1/lib/python3.12/site-packages/lightgbm/sklearn.py:1106: LGBMDeprecationWarning: The argument 'eval_set' is deprecated, use 'eval_X' and 'eval_y' instead.
  eval_set = _validate_eval_set_Xy(eval_set=eval_set, eval_X=eval_X, eval_y=eval_y)
/workspace_developability_acquisition/.venv_b1/lib/python3.12/site-packages/lightgbm/sklearn.py:1106: LGBMDeprecationWarning: The argument 'eval_set' is deprecated, use 'eval_X' and 'eval_y' instead.
  eval_set = _validate_eval_set_Xy(eval_set=eval_set, eval_X=eval_X, eval_y=eval_y)
/workspace_developability_acquisition/.venv_b1/lib/python3.12/site-packages/lightgbm/sklearn.py:1106: LGBMDeprecationWarning: The argument 'eval_set' is deprecated, use 'eval_X' and 'eval_y' instead.
  eval_set = _validate_eval_set_Xy(eval_set=eval_set, eval_X=eval_X, eval_y=eval_y)
/workspace_developability_acquisition/.venv_b1/lib/python3.12/site-packages/lightgbm/sklearn.py:1106: LGBMDeprecationWarning: The argument 'eval_set' is deprecated, use 'eval_X' and 'eval_y' instead.
  eval_set = _validate_eval_set_Xy(eval_set=eval_set, eval_X=eval_X, eval_y=eval_y)
/workspace_developability_acquisition/.venv_b1/lib/python3.12/site-packages/lightgbm/sklearn.py:1106: LGBMDeprecationWarning: The argument 'eval_set' is deprecated, use 'eval_X' and 'eval_y' instead.
  eval_set = _validate_eval_set_Xy(eval_set=eval_set, eval_X=eval_X, eval_y=eval_y)
/workspace_developability_acquisition/.venv_b1/lib/python3.12/site-packages/lightgbm/sklearn.py:1106: LGBMDeprecationWarning: The argument 'eval_set' is deprecated, use 'eval_X' and 'eval_y' instead.
  eval_set = _validate_eval_set_Xy(eval_set=eval_set, eval_X=eval_X, eval_y=eval_y)
/workspace_developability_acquisition/.venv_b1/lib/python3.12/site-packages/lightgbm/sklearn.py:1106: LGBMDeprecationWarning: The argument 'eval_set' is deprecated, use 'eval_X' and 'eval_y' instead.
  eval_set = _validate_eval_set_Xy(eval_set=eval_set, eval_X=eval_X, eval_y=eval_y)
/workspace_developability_acquisition/.venv_b1/lib/python3.12/site-packages/lightgbm/sklearn.py:1106: LGBMDeprecationWarning: The argument 'eval_set' is deprecated, use 'eval_X' and 'eval_y' instead.
  eval_set = _validate_eval_set_Xy(eval_set=eval_set, eval_X=eval_X, eval_y=eval_y)
/workspace_developability_acquisition/.venv_b1/lib/python3.12/site-packages/lightgbm/sklearn.py:1106: LGBMDeprecationWarning: The argument 'eval_set' is deprecated, use 'eval_X' and 'eval_y' instead.
  eval_set = _validate_eval_set_Xy(eval_set=eval_set, eval_X=eval_X, eval_y=eval_y)
/workspace_developability_acquisition/.venv_b1/lib/python3.12/site-packages/lightgbm/sklearn.py:1106: LGBMDeprecationWarning: The argument 'eval_set' is deprecated, use 'eval_X' and 'eval_y' instead.
  eval_set = _validate_eval_set_Xy(eval_set=eval_set, eval_X=eval_X, eval_y=eval_y)
/workspace_developability_acquisition/.venv_b1/lib/python3.12/site-packages/lightgbm/sklearn.py:1106: LGBMDeprecationWarning: The argument 'eval_set' is deprecated, use 'eval_X' and 'eval_y' instead.
  eval_set = _validate_eval_set_Xy(eval_set=eval_set, eval_X=eval_X, eval_y=eval_y)
/workspace_developability_acquisition/.venv_b1/lib/python3.12/site-packages/lightgbm/sklearn.py:1106: LGBMDeprecationWarning: The argument 'eval_set' is deprecated, use 'eval_X' and 'eval_y' instead.
  eval_set = _validate_eval_set_Xy(eval_set=eval_set, eval_X=eval_X, eval_y=eval_y)
/workspace_developability_acquisition/.venv_b1/lib/python3.12/site-packages/lightgbm/sklearn.py:1106: LGBMDeprecationWarning: The argument 'eval_set' is deprecated, use 'eval_X' and 'eval_y' instead.
  eval_set = _validate_eval_set_Xy(eval_set=eval_set, eval_X=eval_X, eval_y=eval_y)
/workspace_developability_acquisition/.venv_b1/lib/python3.12/site-packages/lightgbm/sklearn.py:1106: LGBMDeprecationWarning: The argument 'eval_set' is deprecated, use 'eval_X' and 'eval_y' instead.
  eval_set = _validate_eval_set_Xy(eval_set=eval_set, eval_X=eval_X, eval_y=eval_y)
/workspace_developability_acquisition/.venv_b1/lib/python3.12/site-packages/lightgbm/sklearn.py:1106: LGBMDeprecationWarning: The argument 'eval_set' is deprecated, use 'eval_X' and 'eval_y' instead.
  eval_set = _validate_eval_set_Xy(eval_set=eval_set, eval_X=eval_X, eval_y=eval_y)
/workspace_developability_acquisition/.venv_b1/lib/python3.12/site-packages/lightgbm/sklearn.py:1106: LGBMDeprecationWarning: The argument 'eval_set' is deprecated, use 'eval_X' and 'eval_y' instead.
  eval_set = _validate_eval_set_Xy(eval_set=eval_set, eval_X=eval_X, eval_y=eval_y)
/workspace_developability_acquisition/.venv_b1/lib/python3.12/site-packages/lightgbm/sklearn.py:1106: LGBMDeprecationWarning: The argument 'eval_set' is deprecated, use 'eval_X' and 'eval_y' instead.
  eval_set = _validate_eval_set_Xy(eval_set=eval_set, eval_X=eval_X, eval_y=eval_y)
/workspace_developability_acquisition/.venv_b1/lib/python3.12/site-packages/lightgbm/sklearn.py:1106: LGBMDeprecationWarning: The argument 'eval_set' is deprecated, use 'eval_X' and 'eval_y' instead.
  eval_set = _validate_eval_set_Xy(eval_set=eval_set, eval_X=eval_X, eval_y=eval_y)
/workspace_developability_acquisition/.venv_b1/lib/python3.12/site-packages/lightgbm/sklearn.py:1106: LGBMDeprecationWarning: The argument 'eval_set' is deprecated, use 'eval_X' and 'eval_y' instead.
  eval_set = _validate_eval_set_Xy(eval_set=eval_set, eval_X=eval_X, eval_y=eval_y)
/workspace_developability_acquisition/.venv_b1/lib/python3.12/site-packages/lightgbm/sklearn.py:1106: LGBMDeprecationWarning: The argument 'eval_set' is deprecated, use 'eval_X' and 'eval_y' instead.
  eval_set = _validate_eval_set_Xy(eval_set=eval_set, eval_X=eval_X, eval_y=eval_y)
/workspace_developability_acquisition/.venv_b1/lib/python3.12/site-packages/lightgbm/sklearn.py:1106: LGBMDeprecationWarning: The argument 'eval_set' is deprecated, use 'eval_X' and 'eval_y' instead.
  eval_set = _validate_eval_set_Xy(eval_set=eval_set, eval_X=eval_X, eval_y=eval_y)
/workspace_developability_acquisition/.venv_b1/lib/python3.12/site-packages/lightgbm/sklearn.py:1106: LGBMDeprecationWarning: The argument 'eval_set' is deprecated, use 'eval_X' and 'eval_y' instead.
  eval_set = _validate_eval_set_Xy(eval_set=eval_set, eval_X=eval_X, eval_y=eval_y)
/workspace_developability_acquisition/.venv_b1/lib/python3.12/site-packages/lightgbm/sklearn.py:1106: LGBMDeprecationWarning: The argument 'eval_set' is deprecated, use 'eval_X' and 'eval_y' instead.
  eval_set = _validate_eval_set_Xy(eval_set=eval_set, eval_X=eval_X, eval_y=eval_y)
/workspace_developability_acquisition/.venv_b1/lib/python3.12/site-packages/lightgbm/sklearn.py:1106: LGBMDeprecationWarning: The argument 'eval_set' is deprecated, use 'eval_X' and 'eval_y' instead.
  eval_set = _validate_eval_set_Xy(eval_set=eval_set, eval_X=eval_X, eval_y=eval_y)
/workspace_developability_acquisition/.venv_b1/lib/python3.12/site-packages/lightgbm/sklearn.py:1106: LGBMDeprecationWarning: The argument 'eval_set' is deprecated, use 'eval_X' and 'eval_y' instead.
  eval_set = _validate_eval_set_Xy(eval_set=eval_set, eval_X=eval_X, eval_y=eval_y)
/workspace_developability_acquisition/.venv_b1/lib/python3.12/site-packages/lightgbm/sklearn.py:1106: LGBMDeprecationWarning: The argument 'eval_set' is deprecated, use 'eval_X' and 'eval_y' instead.
  eval_set = _validate_eval_set_Xy(eval_set=eval_set, eval_X=eval_X, eval_y=eval_y)
/workspace_developability_acquisition/.venv_b1/lib/python3.12/site-packages/lightgbm/sklearn.py:1106: LGBMDeprecationWarning: The argument 'eval_set' is deprecated, use 'eval_X' and 'eval_y' instead.
  eval_set = _validate_eval_set_Xy(eval_set=eval_set, eval_X=eval_X, eval_y=eval_y)
/workspace_developability_acquisition/.venv_b1/lib/python3.12/site-packages/lightgbm/sklearn.py:1106: LGBMDeprecationWarning: The argument 'eval_set' is deprecated, use 'eval_X' and 'eval_y' instead.
  eval_set = _validate_eval_set_Xy(eval_set=eval_set, eval_X=eval_X, eval_y=eval_y)
/workspace_developability_acquisition/.venv_b1/lib/python3.12/site-packages/lightgbm/sklearn.py:1106: LGBMDeprecationWarning: The argument 'eval_set' is deprecated, use 'eval_X' and 'eval_y' instead.
  eval_set = _validate_eval_set_Xy(eval_set=eval_set, eval_X=eval_X, eval_y=eval_y)
/workspace_developability_acquisition/.venv_b1/lib/python3.12/site-packages/lightgbm/sklearn.py:1106: LGBMDeprecationWarning: The argument 'eval_set' is deprecated, use 'eval_X' and 'eval_y' instead.
  eval_set = _validate_eval_set_Xy(eval_set=eval_set, eval_X=eval_X, eval_y=eval_y)
/workspace_developability_acquisition/.venv_b1/lib/python3.12/site-packages/lightgbm/sklearn.py:1106: LGBMDeprecationWarning: The argument 'eval_set' is deprecated, use 'eval_X' and 'eval_y' instead.
  eval_set = _validate_eval_set_Xy(eval_set=eval_set, eval_X=eval_X, eval_y=eval_y)
/workspace_developability_acquisition/.venv_b1/lib/python3.12/site-packages/lightgbm/sklearn.py:1106: LGBMDeprecationWarning: The argument 'eval_set' is deprecated, use 'eval_X' and 'eval_y' instead.
  eval_set = _validate_eval_set_Xy(eval_set=eval_set, eval_X=eval_X, eval_y=eval_y)
/workspace_developability_acquisition/.venv_b1/lib/python3.12/site-packages/lightgbm/sklearn.py:1106: LGBMDeprecationWarning: The argument 'eval_set' is deprecated, use 'eval_X' and 'eval_y' instead.
  eval_set = _validate_eval_set_Xy(eval_set=eval_set, eval_X=eval_X, eval_y=eval_y)
/workspace_developability_acquisition/.venv_b1/lib/python3.12/site-packages/lightgbm/sklearn.py:1106: LGBMDeprecationWarning: The argument 'eval_set' is deprecated, use 'eval_X' and 'eval_y' instead.
  eval_set = _validate_eval_set_Xy(eval_set=eval_set, eval_X=eval_X, eval_y=eval_y)
/workspace_developability_acquisition/.venv_b1/lib/python3.12/site-packages/lightgbm/sklearn.py:1106: LGBMDeprecationWarning: The argument 'eval_set' is deprecated, use 'eval_X' and 'eval_y' instead.
  eval_set = _validate_eval_set_Xy(eval_set=eval_set, eval_X=eval_X, eval_y=eval_y)
/workspace_developability_acquisition/.venv_b1/lib/python3.12/site-packages/lightgbm/sklearn.py:1106: LGBMDeprecationWarning: The argument 'eval_set' is deprecated, use 'eval_X' and 'eval_y' instead.
  eval_set = _validate_eval_set_Xy(eval_set=eval_set, eval_X=eval_X, eval_y=eval_y)
/workspace_developability_acquisition/.venv_b1/lib/python3.12/site-packages/lightgbm/sklearn.py:1106: LGBMDeprecationWarning: The argument 'eval_set' is deprecated, use 'eval_X' and 'eval_y' instead.
  eval_set = _validate_eval_set_Xy(eval_set=eval_set, eval_X=eval_X, eval_y=eval_y)
/workspace_developability_acquisition/.venv_b1/lib/python3.12/site-packages/lightgbm/sklearn.py:1106: LGBMDeprecationWarning: The argument 'eval_set' is deprecated, use 'eval_X' and 'eval_y' instead.
  eval_set = _validate_eval_set_Xy(eval_set=eval_set, eval_X=eval_X, eval_y=eval_y)
/workspace_developability_acquisition/.venv_b1/lib/python3.12/site-packages/lightgbm/sklearn.py:1106: LGBMDeprecationWarning: The argument 'eval_set' is deprecated, use 'eval_X' and 'eval_y' instead.
  eval_set = _validate_eval_set_Xy(eval_set=eval_set, eval_X=eval_X, eval_y=eval_y)
/workspace_developability_acquisition/.venv_b1/lib/python3.12/site-packages/lightgbm/sklearn.py:1106: LGBMDeprecationWarning: The argument 'eval_set' is deprecated, use 'eval_X' and 'eval_y' instead.
  eval_set = _validate_eval_set_Xy(eval_set=eval_set, eval_X=eval_X, eval_y=eval_y)
/workspace_developability_acquisition/.venv_b1/lib/python3.12/site-packages/lightgbm/sklearn.py:1106: LGBMDeprecationWarning: The argument 'eval_set' is deprecated, use 'eval_X' and 'eval_y' instead.
  eval_set = _validate_eval_set_Xy(eval_set=eval_set, eval_X=eval_X, eval_y=eval_y)
/workspace_developability_acquisition/.venv_b1/lib/python3.12/site-packages/lightgbm/sklearn.py:1106: LGBMDeprecationWarning: The argument 'eval_set' is deprecated, use 'eval_X' and 'eval_y' instead.
  eval_set = _validate_eval_set_Xy(eval_set=eval_set, eval_X=eval_X, eval_y=eval_y)
/workspace_developability_acquisition/.venv_b1/lib/python3.12/site-packages/lightgbm/sklearn.py:1106: LGBMDeprecationWarning: The argument 'eval_set' is deprecated, use 'eval_X' and 'eval_y' instead.
  eval_set = _validate_eval_set_Xy(eval_set=eval_set, eval_X=eval_X, eval_y=eval_y)
/workspace_developability_acquisition/.venv_b1/lib/python3.12/site-packages/lightgbm/sklearn.py:1106: LGBMDeprecationWarning: The argument 'eval_set' is deprecated, use 'eval_X' and 'eval_y' instead.
  eval_set = _validate_eval_set_Xy(eval_set=eval_set, eval_X=eval_X, eval_y=eval_y)
/workspace_developability_acquisition/.venv_b1/lib/python3.12/site-packages/lightgbm/sklearn.py:1106: LGBMDeprecationWarning: The argument 'eval_set' is deprecated, use 'eval_X' and 'eval_y' instead.
  eval_set = _validate_eval_set_Xy(eval_set=eval_set, eval_X=eval_X, eval_y=eval_y)
/workspace_developability_acquisition/.venv_b1/lib/python3.12/site-packages/lightgbm/sklearn.py:1106: LGBMDeprecationWarning: The argument 'eval_set' is deprecated, use 'eval_X' and 'eval_y' instead.
  eval_set = _validate_eval_set_Xy(eval_set=eval_set, eval_X=eval_X, eval_y=eval_y)
/workspace_developability_acquisition/.venv_b1/lib/python3.12/site-packages/lightgbm/sklearn.py:1106: LGBMDeprecationWarning: The argument 'eval_set' is deprecated, use 'eval_X' and 'eval_y' instead.
  eval_set = _validate_eval_set_Xy(eval_set=eval_set, eval_X=eval_X, eval_y=eval_y)
/workspace_developability_acquisition/.venv_b1/lib/python3.12/site-packages/lightgbm/sklearn.py:1106: LGBMDeprecationWarning: The argument 'eval_set' is deprecated, use 'eval_X' and 'eval_y' instead.
  eval_set = _validate_eval_set_Xy(eval_set=eval_set, eval_X=eval_X, eval_y=eval_y)
/workspace_developability_acquisition/.venv_b1/lib/python3.12/site-packages/lightgbm/sklearn.py:1106: LGBMDeprecationWarning: The argument 'eval_set' is deprecated, use 'eval_X' and 'eval_y' instead.
  eval_set = _validate_eval_set_Xy(eval_set=eval_set, eval_X=eval_X, eval_y=eval_y)
/workspace_developability_acquisition/.venv_b1/lib/python3.12/site-packages/lightgbm/sklearn.py:1106: LGBMDeprecationWarning: The argument 'eval_set' is deprecated, use 'eval_X' and 'eval_y' instead.
  eval_set = _validate_eval_set_Xy(eval_set=eval_set, eval_X=eval_X, eval_y=eval_y)
/workspace_developability_acquisition/.venv_b1/lib/python3.12/site-packages/lightgbm/sklearn.py:1106: LGBMDeprecationWarning: The argument 'eval_set' is deprecated, use 'eval_X' and 'eval_y' instead.
  eval_set = _validate_eval_set_Xy(eval_set=eval_set, eval_X=eval_X, eval_y=eval_y)
/workspace_developability_acquisition/.venv_b1/lib/python3.12/site-packages/lightgbm/sklearn.py:1106: LGBMDeprecationWarning: The argument 'eval_set' is deprecated, use 'eval_X' and 'eval_y' instead.
  eval_set = _validate_eval_set_Xy(eval_set=eval_set, eval_X=eval_X, eval_y=eval_y)
/workspace_developability_acquisition/.venv_b1/lib/python3.12/site-packages/lightgbm/sklearn.py:1106: LGBMDeprecationWarning: The argument 'eval_set' is deprecated, use 'eval_X' and 'eval_y' instead.
  eval_set = _validate_eval_set_Xy(eval_set=eval_set, eval_X=eval_X, eval_y=eval_y)
/workspace_developability_acquisition/.venv_b1/lib/python3.12/site-packages/lightgbm/sklearn.py:1106: LGBMDeprecationWarning: The argument 'eval_set' is deprecated, use 'eval_X' and 'eval_y' instead.
  eval_set = _validate_eval_set_Xy(eval_set=eval_set, eval_X=eval_X, eval_y=eval_y)
/workspace_developability_acquisition/.venv_b1/lib/python3.12/site-packages/lightgbm/sklearn.py:1106: LGBMDeprecationWarning: The argument 'eval_set' is deprecated, use 'eval_X' and 'eval_y' instead.
  eval_set = _validate_eval_set_Xy(eval_set=eval_set, eval_X=eval_X, eval_y=eval_y)
/workspace_developability_acquisition/.venv_b1/lib/python3.12/site-packages/lightgbm/sklearn.py:1106: LGBMDeprecationWarning: The argument 'eval_set' is deprecated, use 'eval_X' and 'eval_y' instead.
  eval_set = _validate_eval_set_Xy(eval_set=eval_set, eval_X=eval_X, eval_y=eval_y)
/workspace_developability_acquisition/.venv_b1/lib/python3.12/site-packages/lightgbm/sklearn.py:1106: LGBMDeprecationWarning: The argument 'eval_set' is deprecated, use 'eval_X' and 'eval_y' instead.
  eval_set = _validate_eval_set_Xy(eval_set=eval_set, eval_X=eval_X, eval_y=eval_y)
/workspace_developability_acquisition/.venv_b1/lib/python3.12/site-packages/lightgbm/sklearn.py:1106: LGBMDeprecationWarning: The argument 'eval_set' is deprecated, use 'eval_X' and 'eval_y' instead.
  eval_set = _validate_eval_set_Xy(eval_set=eval_set, eval_X=eval_X, eval_y=eval_y)
/workspace_developability_acquisition/.venv_b1/lib/python3.12/site-packages/lightgbm/sklearn.py:1106: LGBMDeprecationWarning: The argument 'eval_set' is deprecated, use 'eval_X' and 'eval_y' instead.
  eval_set = _validate_eval_set_Xy(eval_set=eval_set, eval_X=eval_X, eval_y=eval_y)
/workspace_developability_acquisition/.venv_b1/lib/python3.12/site-packages/lightgbm/sklearn.py:1106: LGBMDeprecationWarning: The argument 'eval_set' is deprecated, use 'eval_X' and 'eval_y' instead.
  eval_set = _validate_eval_set_Xy(eval_set=eval_set, eval_X=eval_X, eval_y=eval_y)
/workspace_developability_acquisition/.venv_b1/lib/python3.12/site-packages/lightgbm/sklearn.py:1106: LGBMDeprecationWarning: The argument 'eval_set' is deprecated, use 'eval_X' and 'eval_y' instead.
  eval_set = _validate_eval_set_Xy(eval_set=eval_set, eval_X=eval_X, eval_y=eval_y)
/workspace_developability_acquisition/.venv_b1/lib/python3.12/site-packages/lightgbm/sklearn.py:1106: LGBMDeprecationWarning: The argument 'eval_set' is deprecated, use 'eval_X' and 'eval_y' instead.
  eval_set = _validate_eval_set_Xy(eval_set=eval_set, eval_X=eval_X, eval_y=eval_y)
/workspace_developability_acquisition/.venv_b1/lib/python3.12/site-packages/lightgbm/sklearn.py:1106: LGBMDeprecationWarning: The argument 'eval_set' is deprecated, use 'eval_X' and 'eval_y' instead.
  eval_set = _validate_eval_set_Xy(eval_set=eval_set, eval_X=eval_X, eval_y=eval_y)
/workspace_developability_acquisition/.venv_b1/lib/python3.12/site-packages/lightgbm/sklearn.py:1106: LGBMDeprecationWarning: The argument 'eval_set' is deprecated, use 'eval_X' and 'eval_y' instead.
  eval_set = _validate_eval_set_Xy(eval_set=eval_set, eval_X=eval_X, eval_y=eval_y)
/workspace_developability_acquisition/.venv_b1/lib/python3.12/site-packages/lightgbm/sklearn.py:1106: LGBMDeprecationWarning: The argument 'eval_set' is deprecated, use 'eval_X' and 'eval_y' instead.
  eval_set = _validate_eval_set_Xy(eval_set=eval_set, eval_X=eval_X, eval_y=eval_y)
/workspace_developability_acquisition/.venv_b1/lib/python3.12/site-packages/lightgbm/sklearn.py:1106: LGBMDeprecationWarning: The argument 'eval_set' is deprecated, use 'eval_X' and 'eval_y' instead.
  eval_set = _validate_eval_set_Xy(eval_set=eval_set, eval_X=eval_X, eval_y=eval_y)
/workspace_developability_acquisition/.venv_b1/lib/python3.12/site-packages/lightgbm/sklearn.py:1106: LGBMDeprecationWarning: The argument 'eval_set' is deprecated, use 'eval_X' and 'eval_y' instead.
  eval_set = _validate_eval_set_Xy(eval_set=eval_set, eval_X=eval_X, eval_y=eval_y)
/workspace_developability_acquisition/.venv_b1/lib/python3.12/site-packages/lightgbm/sklearn.py:1106: LGBMDeprecationWarning: The argument 'eval_set' is deprecated, use 'eval_X' and 'eval_y' instead.
  eval_set = _validate_eval_set_Xy(eval_set=eval_set, eval_X=eval_X, eval_y=eval_y)
/workspace_developability_acquisition/.venv_b1/lib/python3.12/site-packages/lightgbm/sklearn.py:1106: LGBMDeprecationWarning: The argument 'eval_set' is deprecated, use 'eval_X' and 'eval_y' instead.
  eval_set = _validate_eval_set_Xy(eval_set=eval_set, eval_X=eval_X, eval_y=eval_y)
/workspace_developability_acquisition/.venv_b1/lib/python3.12/site-packages/lightgbm/sklearn.py:1106: LGBMDeprecationWarning: The argument 'eval_set' is deprecated, use 'eval_X' and 'eval_y' instead.
  eval_set = _validate_eval_set_Xy(eval_set=eval_set, eval_X=eval_X, eval_y=eval_y)
/workspace_developability_acquisition/.venv_b1/lib/python3.12/site-packages/lightgbm/sklearn.py:1106: LGBMDeprecationWarning: The argument 'eval_set' is deprecated, use 'eval_X' and 'eval_y' instead.
  eval_set = _validate_eval_set_Xy(eval_set=eval_set, eval_X=eval_X, eval_y=eval_y)
/workspace_developability_acquisition/.venv_b1/lib/python3.12/site-packages/lightgbm/sklearn.py:1106: LGBMDeprecationWarning: The argument 'eval_set' is deprecated, use 'eval_X' and 'eval_y' instead.
  eval_set = _validate_eval_set_Xy(eval_set=eval_set, eval_X=eval_X, eval_y=eval_y)
/workspace_developability_acquisition/.venv_b1/lib/python3.12/site-packages/lightgbm/sklearn.py:1106: LGBMDeprecationWarning: The argument 'eval_set' is deprecated, use 'eval_X' and 'eval_y' instead.
  eval_set = _validate_eval_set_Xy(eval_set=eval_set, eval_X=eval_X, eval_y=eval_y)
/workspace_developability_acquisition/.venv_b1/lib/python3.12/site-packages/lightgbm/sklearn.py:1106: LGBMDeprecationWarning: The argument 'eval_set' is deprecated, use 'eval_X' and 'eval_y' instead.
  eval_set = _validate_eval_set_Xy(eval_set=eval_set, eval_X=eval_X, eval_y=eval_y)
/workspace_developability_acquisition/.venv_b1/lib/python3.12/site-packages/lightgbm/sklearn.py:1106: LGBMDeprecationWarning: The argument 'eval_set' is deprecated, use 'eval_X' and 'eval_y' instead.
  eval_set = _validate_eval_set_Xy(eval_set=eval_set, eval_X=eval_X, eval_y=eval_y)
/workspace_developability_acquisition/.venv_b1/lib/python3.12/site-packages/lightgbm/sklearn.py:1106: LGBMDeprecationWarning: The argument 'eval_set' is deprecated, use 'eval_X' and 'eval_y' instead.
  eval_set = _validate_eval_set_Xy(eval_set=eval_set, eval_X=eval_X, eval_y=eval_y)
/workspace_developability_acquisition/.venv_b1/lib/python3.12/site-packages/lightgbm/sklearn.py:1106: LGBMDeprecationWarning: The argument 'eval_set' is deprecated, use 'eval_X' and 'eval_y' instead.
  eval_set = _validate_eval_set_Xy(eval_set=eval_set, eval_X=eval_X, eval_y=eval_y)
/workspace_developability_acquisition/.venv_b1/lib/python3.12/site-packages/lightgbm/sklearn.py:1106: LGBMDeprecationWarning: The argument 'eval_set' is deprecated, use 'eval_X' and 'eval_y' instead.
  eval_set = _validate_eval_set_Xy(eval_set=eval_set, eval_X=eval_X, eval_y=eval_y)
/workspace_developability_acquisition/.venv_b1/lib/python3.12/site-packages/lightgbm/sklearn.py:1106: LGBMDeprecationWarning: The argument 'eval_set' is deprecated, use 'eval_X' and 'eval_y' instead.
  eval_set = _validate_eval_set_Xy(eval_set=eval_set, eval_X=eval_X, eval_y=eval_y)
/workspace_developability_acquisition/.venv_b1/lib/python3.12/site-packages/lightgbm/sklearn.py:1106: LGBMDeprecationWarning: The argument 'eval_set' is deprecated, use 'eval_X' and 'eval_y' instead.
  eval_set = _validate_eval_set_Xy(eval_set=eval_set, eval_X=eval_X, eval_y=eval_y)
/workspace_developability_acquisition/.venv_b1/lib/python3.12/site-packages/lightgbm/sklearn.py:1106: LGBMDeprecationWarning: The argument 'eval_set' is deprecated, use 'eval_X' and 'eval_y' instead.
  eval_set = _validate_eval_set_Xy(eval_set=eval_set, eval_X=eval_X, eval_y=eval_y)
/workspace_developability_acquisition/.venv_b1/lib/python3.12/site-packages/lightgbm/sklearn.py:1106: LGBMDeprecationWarning: The argument 'eval_set' is deprecated, use 'eval_X' and 'eval_y' instead.
  eval_set = _validate_eval_set_Xy(eval_set=eval_set, eval_X=eval_X, eval_y=eval_y)
/workspace_developability_acquisition/.venv_b1/lib/python3.12/site-packages/lightgbm/sklearn.py:1106: LGBMDeprecationWarning: The argument 'eval_set' is deprecated, use 'eval_X' and 'eval_y' instead.
  eval_set = _validate_eval_set_Xy(eval_set=eval_set, eval_X=eval_X, eval_y=eval_y)
/workspace_developability_acquisition/.venv_b1/lib/python3.12/site-packages/lightgbm/sklearn.py:1106: LGBMDeprecationWarning: The argument 'eval_set' is deprecated, use 'eval_X' and 'eval_y' instead.
  eval_set = _validate_eval_set_Xy(eval_set=eval_set, eval_X=eval_X, eval_y=eval_y)
/workspace_developability_acquisition/.venv_b1/lib/python3.12/site-packages/lightgbm/sklearn.py:1106: LGBMDeprecationWarning: The argument 'eval_set' is deprecated, use 'eval_X' and 'eval_y' instead.
  eval_set = _validate_eval_set_Xy(eval_set=eval_set, eval_X=eval_X, eval_y=eval_y)
/workspace_developability_acquisition/.venv_b1/lib/python3.12/site-packages/lightgbm/sklearn.py:1106: LGBMDeprecationWarning: The argument 'eval_set' is deprecated, use 'eval_X' and 'eval_y' instead.
  eval_set = _validate_eval_set_Xy(eval_set=eval_set, eval_X=eval_X, eval_y=eval_y)
/workspace_developability_acquisition/.venv_b1/lib/python3.12/site-packages/lightgbm/sklearn.py:1106: LGBMDeprecationWarning: The argument 'eval_set' is deprecated, use 'eval_X' and 'eval_y' instead.
  eval_set = _validate_eval_set_Xy(eval_set=eval_set, eval_X=eval_X, eval_y=eval_y)
/workspace_developability_acquisition/.venv_b1/lib/python3.12/site-packages/lightgbm/sklearn.py:1106: LGBMDeprecationWarning: The argument 'eval_set' is deprecated, use 'eval_X' and 'eval_y' instead.
  eval_set = _validate_eval_set_Xy(eval_set=eval_set, eval_X=eval_X, eval_y=eval_y)
/workspace_developability_acquisition/.venv_b1/lib/python3.12/site-packages/lightgbm/sklearn.py:1106: LGBMDeprecationWarning: The argument 'eval_set' is deprecated, use 'eval_X' and 'eval_y' instead.
  eval_set = _validate_eval_set_Xy(eval_set=eval_set, eval_X=eval_X, eval_y=eval_y)
/workspace_developability_acquisition/.venv_b1/lib/python3.12/site-packages/lightgbm/sklearn.py:1106: LGBMDeprecationWarning: The argument 'eval_set' is deprecated, use 'eval_X' and 'eval_y' instead.
  eval_set = _validate_eval_set_Xy(eval_set=eval_set, eval_X=eval_X, eval_y=eval_y)
/workspace_developability_acquisition/.venv_b1/lib/python3.12/site-packages/lightgbm/sklearn.py:1106: LGBMDeprecationWarning: The argument 'eval_set' is deprecated, use 'eval_X' and 'eval_y' instead.
  eval_set = _validate_eval_set_Xy(eval_set=eval_set, eval_X=eval_X, eval_y=eval_y)
/workspace_developability_acquisition/.venv_b1/lib/python3.12/site-packages/lightgbm/sklearn.py:1106: LGBMDeprecationWarning: The argument 'eval_set' is deprecated, use 'eval_X' and 'eval_y' instead.
  eval_set = _validate_eval_set_Xy(eval_set=eval_set, eval_X=eval_X, eval_y=eval_y)
/workspace_developability_acquisition/.venv_b1/lib/python3.12/site-packages/lightgbm/sklearn.py:1106: LGBMDeprecationWarning: The argument 'eval_set' is deprecated, use 'eval_X' and 'eval_y' instead.
  eval_set = _validate_eval_set_Xy(eval_set=eval_set, eval_X=eval_X, eval_y=eval_y)
/workspace_developability_acquisition/.venv_b1/lib/python3.12/site-packages/lightgbm/sklearn.py:1106: LGBMDeprecationWarning: The argument 'eval_set' is deprecated, use 'eval_X' and 'eval_y' instead.
  eval_set = _validate_eval_set_Xy(eval_set=eval_set, eval_X=eval_X, eval_y=eval_y)
/workspace_developability_acquisition/.venv_b1/lib/python3.12/site-packages/lightgbm/sklearn.py:1106: LGBMDeprecationWarning: The argument 'eval_set' is deprecated, use 'eval_X' and 'eval_y' instead.
  eval_set = _validate_eval_set_Xy(eval_set=eval_set, eval_X=eval_X, eval_y=eval_y)
/workspace_developability_acquisition/.venv_b1/lib/python3.12/site-packages/lightgbm/sklearn.py:1106: LGBMDeprecationWarning: The argument 'eval_set' is deprecated, use 'eval_X' and 'eval_y' instead.
  eval_set = _validate_eval_set_Xy(eval_set=eval_set, eval_X=eval_X, eval_y=eval_y)
/workspace_developability_acquisition/.venv_b1/lib/python3.12/site-packages/lightgbm/sklearn.py:1106: LGBMDeprecationWarning: The argument 'eval_set' is deprecated, use 'eval_X' and 'eval_y' instead.
  eval_set = _validate_eval_set_Xy(eval_set=eval_set, eval_X=eval_X, eval_y=eval_y)
/workspace_developability_acquisition/.venv_b1/lib/python3.12/site-packages/lightgbm/sklearn.py:1106: LGBMDeprecationWarning: The argument 'eval_set' is deprecated, use 'eval_X' and 'eval_y' instead.
  eval_set = _validate_eval_set_Xy(eval_set=eval_set, eval_X=eval_X, eval_y=eval_y)
/workspace_developability_acquisition/.venv_b1/lib/python3.12/site-packages/lightgbm/sklearn.py:1106: LGBMDeprecationWarning: The argument 'eval_set' is deprecated, use 'eval_X' and 'eval_y' instead.
  eval_set = _validate_eval_set_Xy(eval_set=eval_set, eval_X=eval_X, eval_y=eval_y)
/workspace_developability_acquisition/.venv_b1/lib/python3.12/site-packages/lightgbm/sklearn.py:1106: LGBMDeprecationWarning: The argument 'eval_set' is deprecated, use 'eval_X' and 'eval_y' instead.
  eval_set = _validate_eval_set_Xy(eval_set=eval_set, eval_X=eval_X, eval_y=eval_y)
/workspace_developability_acquisition/.venv_b1/lib/python3.12/site-packages/lightgbm/sklearn.py:1106: LGBMDeprecationWarning: The argument 'eval_set' is deprecated, use 'eval_X' and 'eval_y' instead.
  eval_set = _validate_eval_set_Xy(eval_set=eval_set, eval_X=eval_X, eval_y=eval_y)
/workspace_developability_acquisition/.venv_b1/lib/python3.12/site-packages/lightgbm/sklearn.py:1106: LGBMDeprecationWarning: The argument 'eval_set' is deprecated, use 'eval_X' and 'eval_y' instead.
  eval_set = _validate_eval_set_Xy(eval_set=eval_set, eval_X=eval_X, eval_y=eval_y)
/workspace_developability_acquisition/.venv_b1/lib/python3.12/site-packages/lightgbm/sklearn.py:1106: LGBMDeprecationWarning: The argument 'eval_set' is deprecated, use 'eval_X' and 'eval_y' instead.
  eval_set = _validate_eval_set_Xy(eval_set=eval_set, eval_X=eval_X, eval_y=eval_y)
/workspace_developability_acquisition/.venv_b1/lib/python3.12/site-packages/lightgbm/sklearn.py:1106: LGBMDeprecationWarning: The argument 'eval_set' is deprecated, use 'eval_X' and 'eval_y' instead.
  eval_set = _validate_eval_set_Xy(eval_set=eval_set, eval_X=eval_X, eval_y=eval_y)
/workspace_developability_acquisition/.venv_b1/lib/python3.12/site-packages/lightgbm/sklearn.py:1106: LGBMDeprecationWarning: The argument 'eval_set' is deprecated, use 'eval_X' and 'eval_y' instead.
  eval_set = _validate_eval_set_Xy(eval_set=eval_set, eval_X=eval_X, eval_y=eval_y)
/workspace_developability_acquisition/.venv_b1/lib/python3.12/site-packages/lightgbm/sklearn.py:1106: LGBMDeprecationWarning: The argument 'eval_set' is deprecated, use 'eval_X' and 'eval_y' instead.
  eval_set = _validate_eval_set_Xy(eval_set=eval_set, eval_X=eval_X, eval_y=eval_y)
/workspace_developability_acquisition/.venv_b1/lib/python3.12/site-packages/lightgbm/sklearn.py:1106: LGBMDeprecationWarning: The argument 'eval_set' is deprecated, use 'eval_X' and 'eval_y' instead.
  eval_set = _validate_eval_set_Xy(eval_set=eval_set, eval_X=eval_X, eval_y=eval_y)
/workspace_developability_acquisition/.venv_b1/lib/python3.12/site-packages/lightgbm/sklearn.py:1106: LGBMDeprecationWarning: The argument 'eval_set' is deprecated, use 'eval_X' and 'eval_y' instead.
  eval_set = _validate_eval_set_Xy(eval_set=eval_set, eval_X=eval_X, eval_y=eval_y)
/workspace_developability_acquisition/.venv_b1/lib/python3.12/site-packages/lightgbm/sklearn.py:1106: LGBMDeprecationWarning: The argument 'eval_set' is deprecated, use 'eval_X' and 'eval_y' instead.
  eval_set = _validate_eval_set_Xy(eval_set=eval_set, eval_X=eval_X, eval_y=eval_y)
/workspace_developability_acquisition/.venv_b1/lib/python3.12/site-packages/lightgbm/sklearn.py:1106: LGBMDeprecationWarning: The argument 'eval_set' is deprecated, use 'eval_X' and 'eval_y' instead.
  eval_set = _validate_eval_set_Xy(eval_set=eval_set, eval_X=eval_X, eval_y=eval_y)
/workspace_developability_acquisition/.venv_b1/lib/python3.12/site-packages/lightgbm/sklearn.py:1106: LGBMDeprecationWarning: The argument 'eval_set' is deprecated, use 'eval_X' and 'eval_y' instead.
  eval_set = _validate_eval_set_Xy(eval_set=eval_set, eval_X=eval_X, eval_y=eval_y)
/workspace_developability_acquisition/.venv_b1/lib/python3.12/site-packages/lightgbm/sklearn.py:1106: LGBMDeprecationWarning: The argument 'eval_set' is deprecated, use 'eval_X' and 'eval_y' instead.
  eval_set = _validate_eval_set_Xy(eval_set=eval_set, eval_X=eval_X, eval_y=eval_y)
/workspace_developability_acquisition/.venv_b1/lib/python3.12/site-packages/lightgbm/sklearn.py:1106: LGBMDeprecationWarning: The argument 'eval_set' is deprecated, use 'eval_X' and 'eval_y' instead.
  eval_set = _validate_eval_set_Xy(eval_set=eval_set, eval_X=eval_X, eval_y=eval_y)
/workspace_developability_acquisition/.venv_b1/lib/python3.12/site-packages/lightgbm/sklearn.py:1106: LGBMDeprecationWarning: The argument 'eval_set' is deprecated, use 'eval_X' and 'eval_y' instead.
  eval_set = _validate_eval_set_Xy(eval_set=eval_set, eval_X=eval_X, eval_y=eval_y)
/workspace_developability_acquisition/.venv_b1/lib/python3.12/site-packages/lightgbm/sklearn.py:1106: LGBMDeprecationWarning: The argument 'eval_set' is deprecated, use 'eval_X' and 'eval_y' instead.
  eval_set = _validate_eval_set_Xy(eval_set=eval_set, eval_X=eval_X, eval_y=eval_y)
/workspace_developability_acquisition/.venv_b1/lib/python3.12/site-packages/lightgbm/sklearn.py:1106: LGBMDeprecationWarning: The argument 'eval_set' is deprecated, use 'eval_X' and 'eval_y' instead.
  eval_set = _validate_eval_set_Xy(eval_set=eval_set, eval_X=eval_X, eval_y=eval_y)
/workspace_developability_acquisition/.venv_b1/lib/python3.12/site-packages/lightgbm/sklearn.py:1106: LGBMDeprecationWarning: The argument 'eval_set' is deprecated, use 'eval_X' and 'eval_y' instead.
  eval_set = _validate_eval_set_Xy(eval_set=eval_set, eval_X=eval_X, eval_y=eval_y)
/workspace_developability_acquisition/.venv_b1/lib/python3.12/site-packages/lightgbm/sklearn.py:1106: LGBMDeprecationWarning: The argument 'eval_set' is deprecated, use 'eval_X' and 'eval_y' instead.
  eval_set = _validate_eval_set_Xy(eval_set=eval_set, eval_X=eval_X, eval_y=eval_y)
/workspace_developability_acquisition/.venv_b1/lib/python3.12/site-packages/lightgbm/sklearn.py:1106: LGBMDeprecationWarning: The argument 'eval_set' is deprecated, use 'eval_X' and 'eval_y' instead.
  eval_set = _validate_eval_set_Xy(eval_set=eval_set, eval_X=eval_X, eval_y=eval_y)
/workspace_developability_acquisition/.venv_b1/lib/python3.12/site-packages/lightgbm/sklearn.py:1106: LGBMDeprecationWarning: The argument 'eval_set' is deprecated, use 'eval_X' and 'eval_y' instead.
  eval_set = _validate_eval_set_Xy(eval_set=eval_set, eval_X=eval_X, eval_y=eval_y)
/workspace_developability_acquisition/.venv_b1/lib/python3.12/site-packages/lightgbm/sklearn.py:1106: LGBMDeprecationWarning: The argument 'eval_set' is deprecated, use 'eval_X' and 'eval_y' instead.
  eval_set = _validate_eval_set_Xy(eval_set=eval_set, eval_X=eval_X, eval_y=eval_y)
/workspace_developability_acquisition/.venv_b1/lib/python3.12/site-packages/lightgbm/sklearn.py:1106: LGBMDeprecationWarning: The argument 'eval_set' is deprecated, use 'eval_X' and 'eval_y' instead.
  eval_set = _validate_eval_set_Xy(eval_set=eval_set, eval_X=eval_X, eval_y=eval_y)
/workspace_developability_acquisition/.venv_b1/lib/python3.12/site-packages/lightgbm/sklearn.py:1106: LGBMDeprecationWarning: The argument 'eval_set' is deprecated, use 'eval_X' and 'eval_y' instead.
  eval_set = _validate_eval_set_Xy(eval_set=eval_set, eval_X=eval_X, eval_y=eval_y)
/workspace_developability_acquisition/.venv_b1/lib/python3.12/site-packages/lightgbm/sklearn.py:1106: LGBMDeprecationWarning: The argument 'eval_set' is deprecated, use 'eval_X' and 'eval_y' instead.
  eval_set = _validate_eval_set_Xy(eval_set=eval_set, eval_X=eval_X, eval_y=eval_y)
/workspace_developability_acquisition/.venv_b1/lib/python3.12/site-packages/lightgbm/sklearn.py:1106: LGBMDeprecationWarning: The argument 'eval_set' is deprecated, use 'eval_X' and 'eval_y' instead.
  eval_set = _validate_eval_set_Xy(eval_set=eval_set, eval_X=eval_X, eval_y=eval_y)
/workspace_developability_acquisition/.venv_b1/lib/python3.12/site-packages/lightgbm/sklearn.py:1106: LGBMDeprecationWarning: The argument 'eval_set' is deprecated, use 'eval_X' and 'eval_y' instead.
  eval_set = _validate_eval_set_Xy(eval_set=eval_set, eval_X=eval_X, eval_y=eval_y)
/workspace_developability_acquisition/.venv_b1/lib/python3.12/site-packages/lightgbm/sklearn.py:1106: LGBMDeprecationWarning: The argument 'eval_set' is deprecated, use 'eval_X' and 'eval_y' instead.
  eval_set = _validate_eval_set_Xy(eval_set=eval_set, eval_X=eval_X, eval_y=eval_y)
Optuna GBDT screen_TmApp_PLM_ABLANG2_CAT_MAE
Optuna GBDT screen_TmApp_FUSION_ABLANG2_BIO_XGB_L1
Optuna GBDT screen_TmApp_FUSION_ABLANG2_BIO_XGB_L2
Optuna GBDT screen_TmApp_FUSION_ABLANG2_BIO_LGB_L1
/workspace_developability_acquisition/.venv_b1/lib/python3.12/site-packages/lightgbm/sklearn.py:1106: LGBMDeprecationWarning: The argument 'eval_set' is deprecated, use 'eval_X' and 'eval_y' instead.
  eval_set = _validate_eval_set_Xy(eval_set=eval_set, eval_X=eval_X, eval_y=eval_y)
/workspace_developability_acquisition/.venv_b1/lib/python3.12/site-packages/lightgbm/sklearn.py:1106: LGBMDeprecationWarning: The argument 'eval_set' is deprecated, use 'eval_X' and 'eval_y' instead.
  eval_set = _validate_eval_set_Xy(eval_set=eval_set, eval_X=eval_X, eval_y=eval_y)
/workspace_developability_acquisition/.venv_b1/lib/python3.12/site-packages/lightgbm/sklearn.py:1106: LGBMDeprecationWarning: The argument 'eval_set' is deprecated, use 'eval_X' and 'eval_y' instead.
  eval_set = _validate_eval_set_Xy(eval_set=eval_set, eval_X=eval_X, eval_y=eval_y)
/workspace_developability_acquisition/.venv_b1/lib/python3.12/site-packages/lightgbm/sklearn.py:1106: LGBMDeprecationWarning: The argument 'eval_set' is deprecated, use 'eval_X' and 'eval_y' instead.
  eval_set = _validate_eval_set_Xy(eval_set=eval_set, eval_X=eval_X, eval_y=eval_y)
/workspace_developability_acquisition/.venv_b1/lib/python3.12/site-packages/lightgbm/sklearn.py:1106: LGBMDeprecationWarning: The argument 'eval_set' is deprecated, use 'eval_X' and 'eval_y' instead.
  eval_set = _validate_eval_set_Xy(eval_set=eval_set, eval_X=eval_X, eval_y=eval_y)
/workspace_developability_acquisition/.venv_b1/lib/python3.12/site-packages/lightgbm/sklearn.py:1106: LGBMDeprecationWarning: The argument 'eval_set' is deprecated, use 'eval_X' and 'eval_y' instead.
  eval_set = _validate_eval_set_Xy(eval_set=eval_set, eval_X=eval_X, eval_y=eval_y)
/workspace_developability_acquisition/.venv_b1/lib/python3.12/site-packages/lightgbm/sklearn.py:1106: LGBMDeprecationWarning: The argument 'eval_set' is deprecated, use 'eval_X' and 'eval_y' instead.
  eval_set = _validate_eval_set_Xy(eval_set=eval_set, eval_X=eval_X, eval_y=eval_y)
/workspace_developability_acquisition/.venv_b1/lib/python3.12/site-packages/lightgbm/sklearn.py:1106: LGBMDeprecationWarning: The argument 'eval_set' is deprecated, use 'eval_X' and 'eval_y' instead.
  eval_set = _validate_eval_set_Xy(eval_set=eval_set, eval_X=eval_X, eval_y=eval_y)
/workspace_developability_acquisition/.venv_b1/lib/python3.12/site-packages/lightgbm/sklearn.py:1106: LGBMDeprecationWarning: The argument 'eval_set' is deprecated, use 'eval_X' and 'eval_y' instead.
  eval_set = _validate_eval_set_Xy(eval_set=eval_set, eval_X=eval_X, eval_y=eval_y)
/workspace_developability_acquisition/.venv_b1/lib/python3.12/site-packages/lightgbm/sklearn.py:1106: LGBMDeprecationWarning: The argument 'eval_set' is deprecated, use 'eval_X' and 'eval_y' instead.
  eval_set = _validate_eval_set_Xy(eval_set=eval_set, eval_X=eval_X, eval_y=eval_y)
/workspace_developability_acquisition/.venv_b1/lib/python3.12/site-packages/lightgbm/sklearn.py:1106: LGBMDeprecationWarning: The argument 'eval_set' is deprecated, use 'eval_X' and 'eval_y' instead.
  eval_set = _validate_eval_set_Xy(eval_set=eval_set, eval_X=eval_X, eval_y=eval_y)
/workspace_developability_acquisition/.venv_b1/lib/python3.12/site-packages/lightgbm/sklearn.py:1106: LGBMDeprecationWarning: The argument 'eval_set' is deprecated, use 'eval_X' and 'eval_y' instead.
  eval_set = _validate_eval_set_Xy(eval_set=eval_set, eval_X=eval_X, eval_y=eval_y)
/workspace_developability_acquisition/.venv_b1/lib/python3.12/site-packages/lightgbm/sklearn.py:1106: LGBMDeprecationWarning: The argument 'eval_set' is deprecated, use 'eval_X' and 'eval_y' instead.
  eval_set = _validate_eval_set_Xy(eval_set=eval_set, eval_X=eval_X, eval_y=eval_y)
/workspace_developability_acquisition/.venv_b1/lib/python3.12/site-packages/lightgbm/sklearn.py:1106: LGBMDeprecationWarning: The argument 'eval_set' is deprecated, use 'eval_X' and 'eval_y' instead.
  eval_set = _validate_eval_set_Xy(eval_set=eval_set, eval_X=eval_X, eval_y=eval_y)
/workspace_developability_acquisition/.venv_b1/lib/python3.12/site-packages/lightgbm/sklearn.py:1106: LGBMDeprecationWarning: The argument 'eval_set' is deprecated, use 'eval_X' and 'eval_y' instead.
  eval_set = _validate_eval_set_Xy(eval_set=eval_set, eval_X=eval_X, eval_y=eval_y)
/workspace_developability_acquisition/.venv_b1/lib/python3.12/site-packages/lightgbm/sklearn.py:1106: LGBMDeprecationWarning: The argument 'eval_set' is deprecated, use 'eval_X' and 'eval_y' instead.
  eval_set = _validate_eval_set_Xy(eval_set=eval_set, eval_X=eval_X, eval_y=eval_y)
/workspace_developability_acquisition/.venv_b1/lib/python3.12/site-packages/lightgbm/sklearn.py:1106: LGBMDeprecationWarning: The argument 'eval_set' is deprecated, use 'eval_X' and 'eval_y' instead.
  eval_set = _validate_eval_set_Xy(eval_set=eval_set, eval_X=eval_X, eval_y=eval_y)
/workspace_developability_acquisition/.venv_b1/lib/python3.12/site-packages/lightgbm/sklearn.py:1106: LGBMDeprecationWarning: The argument 'eval_set' is deprecated, use 'eval_X' and 'eval_y' instead.
  eval_set = _validate_eval_set_Xy(eval_set=eval_set, eval_X=eval_X, eval_y=eval_y)
/workspace_developability_acquisition/.venv_b1/lib/python3.12/site-packages/lightgbm/sklearn.py:1106: LGBMDeprecationWarning: The argument 'eval_set' is deprecated, use 'eval_X' and 'eval_y' instead.
  eval_set = _validate_eval_set_Xy(eval_set=eval_set, eval_X=eval_X, eval_y=eval_y)
/workspace_developability_acquisition/.venv_b1/lib/python3.12/site-packages/lightgbm/sklearn.py:1106: LGBMDeprecationWarning: The argument 'eval_set' is deprecated, use 'eval_X' and 'eval_y' instead.
  eval_set = _validate_eval_set_Xy(eval_set=eval_set, eval_X=eval_X, eval_y=eval_y)
/workspace_developability_acquisition/.venv_b1/lib/python3.12/site-packages/lightgbm/sklearn.py:1106: LGBMDeprecationWarning: The argument 'eval_set' is deprecated, use 'eval_X' and 'eval_y' instead.
  eval_set = _validate_eval_set_Xy(eval_set=eval_set, eval_X=eval_X, eval_y=eval_y)
/workspace_developability_acquisition/.venv_b1/lib/python3.12/site-packages/lightgbm/sklearn.py:1106: LGBMDeprecationWarning: The argument 'eval_set' is deprecated, use 'eval_X' and 'eval_y' instead.
  eval_set = _validate_eval_set_Xy(eval_set=eval_set, eval_X=eval_X, eval_y=eval_y)
/workspace_developability_acquisition/.venv_b1/lib/python3.12/site-packages/lightgbm/sklearn.py:1106: LGBMDeprecationWarning: The argument 'eval_set' is deprecated, use 'eval_X' and 'eval_y' instead.
  eval_set = _validate_eval_set_Xy(eval_set=eval_set, eval_X=eval_X, eval_y=eval_y)
/workspace_developability_acquisition/.venv_b1/lib/python3.12/site-packages/lightgbm/sklearn.py:1106: LGBMDeprecationWarning: The argument 'eval_set' is deprecated, use 'eval_X' and 'eval_y' instead.
  eval_set = _validate_eval_set_Xy(eval_set=eval_set, eval_X=eval_X, eval_y=eval_y)
/workspace_developability_acquisition/.venv_b1/lib/python3.12/site-packages/lightgbm/sklearn.py:1106: LGBMDeprecationWarning: The argument 'eval_set' is deprecated, use 'eval_X' and 'eval_y' instead.
  eval_set = _validate_eval_set_Xy(eval_set=eval_set, eval_X=eval_X, eval_y=eval_y)
/workspace_developability_acquisition/.venv_b1/lib/python3.12/site-packages/lightgbm/sklearn.py:1106: LGBMDeprecationWarning: The argument 'eval_set' is deprecated, use 'eval_X' and 'eval_y' instead.
  eval_set = _validate_eval_set_Xy(eval_set=eval_set, eval_X=eval_X, eval_y=eval_y)
/workspace_developability_acquisition/.venv_b1/lib/python3.12/site-packages/lightgbm/sklearn.py:1106: LGBMDeprecationWarning: The argument 'eval_set' is deprecated, use 'eval_X' and 'eval_y' instead.
  eval_set = _validate_eval_set_Xy(eval_set=eval_set, eval_X=eval_X, eval_y=eval_y)
/workspace_developability_acquisition/.venv_b1/lib/python3.12/site-packages/lightgbm/sklearn.py:1106: LGBMDeprecationWarning: The argument 'eval_set' is deprecated, use 'eval_X' and 'eval_y' instead.
  eval_set = _validate_eval_set_Xy(eval_set=eval_set, eval_X=eval_X, eval_y=eval_y)
/workspace_developability_acquisition/.venv_b1/lib/python3.12/site-packages/lightgbm/sklearn.py:1106: LGBMDeprecationWarning: The argument 'eval_set' is deprecated, use 'eval_X' and 'eval_y' instead.
  eval_set = _validate_eval_set_Xy(eval_set=eval_set, eval_X=eval_X, eval_y=eval_y)
/workspace_developability_acquisition/.venv_b1/lib/python3.12/site-packages/lightgbm/sklearn.py:1106: LGBMDeprecationWarning: The argument 'eval_set' is deprecated, use 'eval_X' and 'eval_y' instead.
  eval_set = _validate_eval_set_Xy(eval_set=eval_set, eval_X=eval_X, eval_y=eval_y)
/workspace_developability_acquisition/.venv_b1/lib/python3.12/site-packages/lightgbm/sklearn.py:1106: LGBMDeprecationWarning: The argument 'eval_set' is deprecated, use 'eval_X' and 'eval_y' instead.
  eval_set = _validate_eval_set_Xy(eval_set=eval_set, eval_X=eval_X, eval_y=eval_y)
/workspace_developability_acquisition/.venv_b1/lib/python3.12/site-packages/lightgbm/sklearn.py:1106: LGBMDeprecationWarning: The argument 'eval_set' is deprecated, use 'eval_X' and 'eval_y' instead.
  eval_set = _validate_eval_set_Xy(eval_set=eval_set, eval_X=eval_X, eval_y=eval_y)
/workspace_developability_acquisition/.venv_b1/lib/python3.12/site-packages/lightgbm/sklearn.py:1106: LGBMDeprecationWarning: The argument 'eval_set' is deprecated, use 'eval_X' and 'eval_y' instead.
  eval_set = _validate_eval_set_Xy(eval_set=eval_set, eval_X=eval_X, eval_y=eval_y)
/workspace_developability_acquisition/.venv_b1/lib/python3.12/site-packages/lightgbm/sklearn.py:1106: LGBMDeprecationWarning: The argument 'eval_set' is deprecated, use 'eval_X' and 'eval_y' instead.
  eval_set = _validate_eval_set_Xy(eval_set=eval_set, eval_X=eval_X, eval_y=eval_y)
/workspace_developability_acquisition/.venv_b1/lib/python3.12/site-packages/lightgbm/sklearn.py:1106: LGBMDeprecationWarning: The argument 'eval_set' is deprecated, use 'eval_X' and 'eval_y' instead.
  eval_set = _validate_eval_set_Xy(eval_set=eval_set, eval_X=eval_X, eval_y=eval_y)
/workspace_developability_acquisition/.venv_b1/lib/python3.12/site-packages/lightgbm/sklearn.py:1106: LGBMDeprecationWarning: The argument 'eval_set' is deprecated, use 'eval_X' and 'eval_y' instead.
  eval_set = _validate_eval_set_Xy(eval_set=eval_set, eval_X=eval_X, eval_y=eval_y)
/workspace_developability_acquisition/.venv_b1/lib/python3.12/site-packages/lightgbm/sklearn.py:1106: LGBMDeprecationWarning: The argument 'eval_set' is deprecated, use 'eval_X' and 'eval_y' instead.
  eval_set = _validate_eval_set_Xy(eval_set=eval_set, eval_X=eval_X, eval_y=eval_y)
/workspace_developability_acquisition/.venv_b1/lib/python3.12/site-packages/lightgbm/sklearn.py:1106: LGBMDeprecationWarning: The argument 'eval_set' is deprecated, use 'eval_X' and 'eval_y' instead.
  eval_set = _validate_eval_set_Xy(eval_set=eval_set, eval_X=eval_X, eval_y=eval_y)
/workspace_developability_acquisition/.venv_b1/lib/python3.12/site-packages/lightgbm/sklearn.py:1106: LGBMDeprecationWarning: The argument 'eval_set' is deprecated, use 'eval_X' and 'eval_y' instead.
  eval_set = _validate_eval_set_Xy(eval_set=eval_set, eval_X=eval_X, eval_y=eval_y)
/workspace_developability_acquisition/.venv_b1/lib/python3.12/site-packages/lightgbm/sklearn.py:1106: LGBMDeprecationWarning: The argument 'eval_set' is deprecated, use 'eval_X' and 'eval_y' instead.
  eval_set = _validate_eval_set_Xy(eval_set=eval_set, eval_X=eval_X, eval_y=eval_y)
/workspace_developability_acquisition/.venv_b1/lib/python3.12/site-packages/lightgbm/sklearn.py:1106: LGBMDeprecationWarning: The argument 'eval_set' is deprecated, use 'eval_X' and 'eval_y' instead.
  eval_set = _validate_eval_set_Xy(eval_set=eval_set, eval_X=eval_X, eval_y=eval_y)
/workspace_developability_acquisition/.venv_b1/lib/python3.12/site-packages/lightgbm/sklearn.py:1106: LGBMDeprecationWarning: The argument 'eval_set' is deprecated, use 'eval_X' and 'eval_y' instead.
  eval_set = _validate_eval_set_Xy(eval_set=eval_set, eval_X=eval_X, eval_y=eval_y)
/workspace_developability_acquisition/.venv_b1/lib/python3.12/site-packages/lightgbm/sklearn.py:1106: LGBMDeprecationWarning: The argument 'eval_set' is deprecated, use 'eval_X' and 'eval_y' instead.
  eval_set = _validate_eval_set_Xy(eval_set=eval_set, eval_X=eval_X, eval_y=eval_y)
/workspace_developability_acquisition/.venv_b1/lib/python3.12/site-packages/lightgbm/sklearn.py:1106: LGBMDeprecationWarning: The argument 'eval_set' is deprecated, use 'eval_X' and 'eval_y' instead.
  eval_set = _validate_eval_set_Xy(eval_set=eval_set, eval_X=eval_X, eval_y=eval_y)
/workspace_developability_acquisition/.venv_b1/lib/python3.12/site-packages/lightgbm/sklearn.py:1106: LGBMDeprecationWarning: The argument 'eval_set' is deprecated, use 'eval_X' and 'eval_y' instead.
  eval_set = _validate_eval_set_Xy(eval_set=eval_set, eval_X=eval_X, eval_y=eval_y)
/workspace_developability_acquisition/.venv_b1/lib/python3.12/site-packages/lightgbm/sklearn.py:1106: LGBMDeprecationWarning: The argument 'eval_set' is deprecated, use 'eval_X' and 'eval_y' instead.
  eval_set = _validate_eval_set_Xy(eval_set=eval_set, eval_X=eval_X, eval_y=eval_y)
/workspace_developability_acquisition/.venv_b1/lib/python3.12/site-packages/lightgbm/sklearn.py:1106: LGBMDeprecationWarning: The argument 'eval_set' is deprecated, use 'eval_X' and 'eval_y' instead.
  eval_set = _validate_eval_set_Xy(eval_set=eval_set, eval_X=eval_X, eval_y=eval_y)
/workspace_developability_acquisition/.venv_b1/lib/python3.12/site-packages/lightgbm/sklearn.py:1106: LGBMDeprecationWarning: The argument 'eval_set' is deprecated, use 'eval_X' and 'eval_y' instead.
  eval_set = _validate_eval_set_Xy(eval_set=eval_set, eval_X=eval_X, eval_y=eval_y)
/workspace_developability_acquisition/.venv_b1/lib/python3.12/site-packages/lightgbm/sklearn.py:1106: LGBMDeprecationWarning: The argument 'eval_set' is deprecated, use 'eval_X' and 'eval_y' instead.
  eval_set = _validate_eval_set_Xy(eval_set=eval_set, eval_X=eval_X, eval_y=eval_y)
/workspace_developability_acquisition/.venv_b1/lib/python3.12/site-packages/lightgbm/sklearn.py:1106: LGBMDeprecationWarning: The argument 'eval_set' is deprecated, use 'eval_X' and 'eval_y' instead.
  eval_set = _validate_eval_set_Xy(eval_set=eval_set, eval_X=eval_X, eval_y=eval_y)
/workspace_developability_acquisition/.venv_b1/lib/python3.12/site-packages/lightgbm/sklearn.py:1106: LGBMDeprecationWarning: The argument 'eval_set' is deprecated, use 'eval_X' and 'eval_y' instead.
  eval_set = _validate_eval_set_Xy(eval_set=eval_set, eval_X=eval_X, eval_y=eval_y)
/workspace_developability_acquisition/.venv_b1/lib/python3.12/site-packages/lightgbm/sklearn.py:1106: LGBMDeprecationWarning: The argument 'eval_set' is deprecated, use 'eval_X' and 'eval_y' instead.
  eval_set = _validate_eval_set_Xy(eval_set=eval_set, eval_X=eval_X, eval_y=eval_y)
/workspace_developability_acquisition/.venv_b1/lib/python3.12/site-packages/lightgbm/sklearn.py:1106: LGBMDeprecationWarning: The argument 'eval_set' is deprecated, use 'eval_X' and 'eval_y' instead.
  eval_set = _validate_eval_set_Xy(eval_set=eval_set, eval_X=eval_X, eval_y=eval_y)
/workspace_developability_acquisition/.venv_b1/lib/python3.12/site-packages/lightgbm/sklearn.py:1106: LGBMDeprecationWarning: The argument 'eval_set' is deprecated, use 'eval_X' and 'eval_y' instead.
  eval_set = _validate_eval_set_Xy(eval_set=eval_set, eval_X=eval_X, eval_y=eval_y)
/workspace_developability_acquisition/.venv_b1/lib/python3.12/site-packages/lightgbm/sklearn.py:1106: LGBMDeprecationWarning: The argument 'eval_set' is deprecated, use 'eval_X' and 'eval_y' instead.
  eval_set = _validate_eval_set_Xy(eval_set=eval_set, eval_X=eval_X, eval_y=eval_y)
/workspace_developability_acquisition/.venv_b1/lib/python3.12/site-packages/lightgbm/sklearn.py:1106: LGBMDeprecationWarning: The argument 'eval_set' is deprecated, use 'eval_X' and 'eval_y' instead.
  eval_set = _validate_eval_set_Xy(eval_set=eval_set, eval_X=eval_X, eval_y=eval_y)
/workspace_developability_acquisition/.venv_b1/lib/python3.12/site-packages/lightgbm/sklearn.py:1106: LGBMDeprecationWarning: The argument 'eval_set' is deprecated, use 'eval_X' and 'eval_y' instead.
  eval_set = _validate_eval_set_Xy(eval_set=eval_set, eval_X=eval_X, eval_y=eval_y)
/workspace_developability_acquisition/.venv_b1/lib/python3.12/site-packages/lightgbm/sklearn.py:1106: LGBMDeprecationWarning: The argument 'eval_set' is deprecated, use 'eval_X' and 'eval_y' instead.
  eval_set = _validate_eval_set_Xy(eval_set=eval_set, eval_X=eval_X, eval_y=eval_y)
/workspace_developability_acquisition/.venv_b1/lib/python3.12/site-packages/lightgbm/sklearn.py:1106: LGBMDeprecationWarning: The argument 'eval_set' is deprecated, use 'eval_X' and 'eval_y' instead.
  eval_set = _validate_eval_set_Xy(eval_set=eval_set, eval_X=eval_X, eval_y=eval_y)
/workspace_developability_acquisition/.venv_b1/lib/python3.12/site-packages/lightgbm/sklearn.py:1106: LGBMDeprecationWarning: The argument 'eval_set' is deprecated, use 'eval_X' and 'eval_y' instead.
  eval_set = _validate_eval_set_Xy(eval_set=eval_set, eval_X=eval_X, eval_y=eval_y)
/workspace_developability_acquisition/.venv_b1/lib/python3.12/site-packages/lightgbm/sklearn.py:1106: LGBMDeprecationWarning: The argument 'eval_set' is deprecated, use 'eval_X' and 'eval_y' instead.
  eval_set = _validate_eval_set_Xy(eval_set=eval_set, eval_X=eval_X, eval_y=eval_y)
/workspace_developability_acquisition/.venv_b1/lib/python3.12/site-packages/lightgbm/sklearn.py:1106: LGBMDeprecationWarning: The argument 'eval_set' is deprecated, use 'eval_X' and 'eval_y' instead.
  eval_set = _validate_eval_set_Xy(eval_set=eval_set, eval_X=eval_X, eval_y=eval_y)
/workspace_developability_acquisition/.venv_b1/lib/python3.12/site-packages/lightgbm/sklearn.py:1106: LGBMDeprecationWarning: The argument 'eval_set' is deprecated, use 'eval_X' and 'eval_y' instead.
  eval_set = _validate_eval_set_Xy(eval_set=eval_set, eval_X=eval_X, eval_y=eval_y)
/workspace_developability_acquisition/.venv_b1/lib/python3.12/site-packages/lightgbm/sklearn.py:1106: LGBMDeprecationWarning: The argument 'eval_set' is deprecated, use 'eval_X' and 'eval_y' instead.
  eval_set = _validate_eval_set_Xy(eval_set=eval_set, eval_X=eval_X, eval_y=eval_y)
/workspace_developability_acquisition/.venv_b1/lib/python3.12/site-packages/lightgbm/sklearn.py:1106: LGBMDeprecationWarning: The argument 'eval_set' is deprecated, use 'eval_X' and 'eval_y' instead.
  eval_set = _validate_eval_set_Xy(eval_set=eval_set, eval_X=eval_X, eval_y=eval_y)
/workspace_developability_acquisition/.venv_b1/lib/python3.12/site-packages/lightgbm/sklearn.py:1106: LGBMDeprecationWarning: The argument 'eval_set' is deprecated, use 'eval_X' and 'eval_y' instead.
  eval_set = _validate_eval_set_Xy(eval_set=eval_set, eval_X=eval_X, eval_y=eval_y)
/workspace_developability_acquisition/.venv_b1/lib/python3.12/site-packages/lightgbm/sklearn.py:1106: LGBMDeprecationWarning: The argument 'eval_set' is deprecated, use 'eval_X' and 'eval_y' instead.
  eval_set = _validate_eval_set_Xy(eval_set=eval_set, eval_X=eval_X, eval_y=eval_y)
/workspace_developability_acquisition/.venv_b1/lib/python3.12/site-packages/lightgbm/sklearn.py:1106: LGBMDeprecationWarning: The argument 'eval_set' is deprecated, use 'eval_X' and 'eval_y' instead.
  eval_set = _validate_eval_set_Xy(eval_set=eval_set, eval_X=eval_X, eval_y=eval_y)
/workspace_developability_acquisition/.venv_b1/lib/python3.12/site-packages/lightgbm/sklearn.py:1106: LGBMDeprecationWarning: The argument 'eval_set' is deprecated, use 'eval_X' and 'eval_y' instead.
  eval_set = _validate_eval_set_Xy(eval_set=eval_set, eval_X=eval_X, eval_y=eval_y)
/workspace_developability_acquisition/.venv_b1/lib/python3.12/site-packages/lightgbm/sklearn.py:1106: LGBMDeprecationWarning: The argument 'eval_set' is deprecated, use 'eval_X' and 'eval_y' instead.
  eval_set = _validate_eval_set_Xy(eval_set=eval_set, eval_X=eval_X, eval_y=eval_y)
/workspace_developability_acquisition/.venv_b1/lib/python3.12/site-packages/lightgbm/sklearn.py:1106: LGBMDeprecationWarning: The argument 'eval_set' is deprecated, use 'eval_X' and 'eval_y' instead.
  eval_set = _validate_eval_set_Xy(eval_set=eval_set, eval_X=eval_X, eval_y=eval_y)
/workspace_developability_acquisition/.venv_b1/lib/python3.12/site-packages/lightgbm/sklearn.py:1106: LGBMDeprecationWarning: The argument 'eval_set' is deprecated, use 'eval_X' and 'eval_y' instead.
  eval_set = _validate_eval_set_Xy(eval_set=eval_set, eval_X=eval_X, eval_y=eval_y)
/workspace_developability_acquisition/.venv_b1/lib/python3.12/site-packages/lightgbm/sklearn.py:1106: LGBMDeprecationWarning: The argument 'eval_set' is deprecated, use 'eval_X' and 'eval_y' instead.
  eval_set = _validate_eval_set_Xy(eval_set=eval_set, eval_X=eval_X, eval_y=eval_y)
/workspace_developability_acquisition/.venv_b1/lib/python3.12/site-packages/lightgbm/sklearn.py:1106: LGBMDeprecationWarning: The argument 'eval_set' is deprecated, use 'eval_X' and 'eval_y' instead.
  eval_set = _validate_eval_set_Xy(eval_set=eval_set, eval_X=eval_X, eval_y=eval_y)
/workspace_developability_acquisition/.venv_b1/lib/python3.12/site-packages/lightgbm/sklearn.py:1106: LGBMDeprecationWarning: The argument 'eval_set' is deprecated, use 'eval_X' and 'eval_y' instead.
  eval_set = _validate_eval_set_Xy(eval_set=eval_set, eval_X=eval_X, eval_y=eval_y)
/workspace_developability_acquisition/.venv_b1/lib/python3.12/site-packages/lightgbm/sklearn.py:1106: LGBMDeprecationWarning: The argument 'eval_set' is deprecated, use 'eval_X' and 'eval_y' instead.
  eval_set = _validate_eval_set_Xy(eval_set=eval_set, eval_X=eval_X, eval_y=eval_y)
/workspace_developability_acquisition/.venv_b1/lib/python3.12/site-packages/lightgbm/sklearn.py:1106: LGBMDeprecationWarning: The argument 'eval_set' is deprecated, use 'eval_X' and 'eval_y' instead.
  eval_set = _validate_eval_set_Xy(eval_set=eval_set, eval_X=eval_X, eval_y=eval_y)
/workspace_developability_acquisition/.venv_b1/lib/python3.12/site-packages/lightgbm/sklearn.py:1106: LGBMDeprecationWarning: The argument 'eval_set' is deprecated, use 'eval_X' and 'eval_y' instead.
  eval_set = _validate_eval_set_Xy(eval_set=eval_set, eval_X=eval_X, eval_y=eval_y)
/workspace_developability_acquisition/.venv_b1/lib/python3.12/site-packages/lightgbm/sklearn.py:1106: LGBMDeprecationWarning: The argument 'eval_set' is deprecated, use 'eval_X' and 'eval_y' instead.
  eval_set = _validate_eval_set_Xy(eval_set=eval_set, eval_X=eval_X, eval_y=eval_y)
/workspace_developability_acquisition/.venv_b1/lib/python3.12/site-packages/lightgbm/sklearn.py:1106: LGBMDeprecationWarning: The argument 'eval_set' is deprecated, use 'eval_X' and 'eval_y' instead.
  eval_set = _validate_eval_set_Xy(eval_set=eval_set, eval_X=eval_X, eval_y=eval_y)
/workspace_developability_acquisition/.venv_b1/lib/python3.12/site-packages/lightgbm/sklearn.py:1106: LGBMDeprecationWarning: The argument 'eval_set' is deprecated, use 'eval_X' and 'eval_y' instead.
  eval_set = _validate_eval_set_Xy(eval_set=eval_set, eval_X=eval_X, eval_y=eval_y)
/workspace_developability_acquisition/.venv_b1/lib/python3.12/site-packages/lightgbm/sklearn.py:1106: LGBMDeprecationWarning: The argument 'eval_set' is deprecated, use 'eval_X' and 'eval_y' instead.
  eval_set = _validate_eval_set_Xy(eval_set=eval_set, eval_X=eval_X, eval_y=eval_y)
/workspace_developability_acquisition/.venv_b1/lib/python3.12/site-packages/lightgbm/sklearn.py:1106: LGBMDeprecationWarning: The argument 'eval_set' is deprecated, use 'eval_X' and 'eval_y' instead.
  eval_set = _validate_eval_set_Xy(eval_set=eval_set, eval_X=eval_X, eval_y=eval_y)
/workspace_developability_acquisition/.venv_b1/lib/python3.12/site-packages/lightgbm/sklearn.py:1106: LGBMDeprecationWarning: The argument 'eval_set' is deprecated, use 'eval_X' and 'eval_y' instead.
  eval_set = _validate_eval_set_Xy(eval_set=eval_set, eval_X=eval_X, eval_y=eval_y)
/workspace_developability_acquisition/.venv_b1/lib/python3.12/site-packages/lightgbm/sklearn.py:1106: LGBMDeprecationWarning: The argument 'eval_set' is deprecated, use 'eval_X' and 'eval_y' instead.
  eval_set = _validate_eval_set_Xy(eval_set=eval_set, eval_X=eval_X, eval_y=eval_y)
/workspace_developability_acquisition/.venv_b1/lib/python3.12/site-packages/lightgbm/sklearn.py:1106: LGBMDeprecationWarning: The argument 'eval_set' is deprecated, use 'eval_X' and 'eval_y' instead.
  eval_set = _validate_eval_set_Xy(eval_set=eval_set, eval_X=eval_X, eval_y=eval_y)
/workspace_developability_acquisition/.venv_b1/lib/python3.12/site-packages/lightgbm/sklearn.py:1106: LGBMDeprecationWarning: The argument 'eval_set' is deprecated, use 'eval_X' and 'eval_y' instead.
  eval_set = _validate_eval_set_Xy(eval_set=eval_set, eval_X=eval_X, eval_y=eval_y)
/workspace_developability_acquisition/.venv_b1/lib/python3.12/site-packages/lightgbm/sklearn.py:1106: LGBMDeprecationWarning: The argument 'eval_set' is deprecated, use 'eval_X' and 'eval_y' instead.
  eval_set = _validate_eval_set_Xy(eval_set=eval_set, eval_X=eval_X, eval_y=eval_y)
/workspace_developability_acquisition/.venv_b1/lib/python3.12/site-packages/lightgbm/sklearn.py:1106: LGBMDeprecationWarning: The argument 'eval_set' is deprecated, use 'eval_X' and 'eval_y' instead.
  eval_set = _validate_eval_set_Xy(eval_set=eval_set, eval_X=eval_X, eval_y=eval_y)
/workspace_developability_acquisition/.venv_b1/lib/python3.12/site-packages/lightgbm/sklearn.py:1106: LGBMDeprecationWarning: The argument 'eval_set' is deprecated, use 'eval_X' and 'eval_y' instead.
  eval_set = _validate_eval_set_Xy(eval_set=eval_set, eval_X=eval_X, eval_y=eval_y)
/workspace_developability_acquisition/.venv_b1/lib/python3.12/site-packages/lightgbm/sklearn.py:1106: LGBMDeprecationWarning: The argument 'eval_set' is deprecated, use 'eval_X' and 'eval_y' instead.
  eval_set = _validate_eval_set_Xy(eval_set=eval_set, eval_X=eval_X, eval_y=eval_y)
/workspace_developability_acquisition/.venv_b1/lib/python3.12/site-packages/lightgbm/sklearn.py:1106: LGBMDeprecationWarning: The argument 'eval_set' is deprecated, use 'eval_X' and 'eval_y' instead.
  eval_set = _validate_eval_set_Xy(eval_set=eval_set, eval_X=eval_X, eval_y=eval_y)
/workspace_developability_acquisition/.venv_b1/lib/python3.12/site-packages/lightgbm/sklearn.py:1106: LGBMDeprecationWarning: The argument 'eval_set' is deprecated, use 'eval_X' and 'eval_y' instead.
  eval_set = _validate_eval_set_Xy(eval_set=eval_set, eval_X=eval_X, eval_y=eval_y)
/workspace_developability_acquisition/.venv_b1/lib/python3.12/site-packages/lightgbm/sklearn.py:1106: LGBMDeprecationWarning: The argument 'eval_set' is deprecated, use 'eval_X' and 'eval_y' instead.
  eval_set = _validate_eval_set_Xy(eval_set=eval_set, eval_X=eval_X, eval_y=eval_y)
/workspace_developability_acquisition/.venv_b1/lib/python3.12/site-packages/lightgbm/sklearn.py:1106: LGBMDeprecationWarning: The argument 'eval_set' is deprecated, use 'eval_X' and 'eval_y' instead.
  eval_set = _validate_eval_set_Xy(eval_set=eval_set, eval_X=eval_X, eval_y=eval_y)
/workspace_developability_acquisition/.venv_b1/lib/python3.12/site-packages/lightgbm/sklearn.py:1106: LGBMDeprecationWarning: The argument 'eval_set' is deprecated, use 'eval_X' and 'eval_y' instead.
  eval_set = _validate_eval_set_Xy(eval_set=eval_set, eval_X=eval_X, eval_y=eval_y)
/workspace_developability_acquisition/.venv_b1/lib/python3.12/site-packages/lightgbm/sklearn.py:1106: LGBMDeprecationWarning: The argument 'eval_set' is deprecated, use 'eval_X' and 'eval_y' instead.
  eval_set = _validate_eval_set_Xy(eval_set=eval_set, eval_X=eval_X, eval_y=eval_y)
/workspace_developability_acquisition/.venv_b1/lib/python3.12/site-packages/lightgbm/sklearn.py:1106: LGBMDeprecationWarning: The argument 'eval_set' is deprecated, use 'eval_X' and 'eval_y' instead.
  eval_set = _validate_eval_set_Xy(eval_set=eval_set, eval_X=eval_X, eval_y=eval_y)
/workspace_developability_acquisition/.venv_b1/lib/python3.12/site-packages/lightgbm/sklearn.py:1106: LGBMDeprecationWarning: The argument 'eval_set' is deprecated, use 'eval_X' and 'eval_y' instead.
  eval_set = _validate_eval_set_Xy(eval_set=eval_set, eval_X=eval_X, eval_y=eval_y)
/workspace_developability_acquisition/.venv_b1/lib/python3.12/site-packages/lightgbm/sklearn.py:1106: LGBMDeprecationWarning: The argument 'eval_set' is deprecated, use 'eval_X' and 'eval_y' instead.
  eval_set = _validate_eval_set_Xy(eval_set=eval_set, eval_X=eval_X, eval_y=eval_y)
/workspace_developability_acquisition/.venv_b1/lib/python3.12/site-packages/lightgbm/sklearn.py:1106: LGBMDeprecationWarning: The argument 'eval_set' is deprecated, use 'eval_X' and 'eval_y' instead.
  eval_set = _validate_eval_set_Xy(eval_set=eval_set, eval_X=eval_X, eval_y=eval_y)
/workspace_developability_acquisition/.venv_b1/lib/python3.12/site-packages/lightgbm/sklearn.py:1106: LGBMDeprecationWarning: The argument 'eval_set' is deprecated, use 'eval_X' and 'eval_y' instead.
  eval_set = _validate_eval_set_Xy(eval_set=eval_set, eval_X=eval_X, eval_y=eval_y)
/workspace_developability_acquisition/.venv_b1/lib/python3.12/site-packages/lightgbm/sklearn.py:1106: LGBMDeprecationWarning: The argument 'eval_set' is deprecated, use 'eval_X' and 'eval_y' instead.
  eval_set = _validate_eval_set_Xy(eval_set=eval_set, eval_X=eval_X, eval_y=eval_y)
/workspace_developability_acquisition/.venv_b1/lib/python3.12/site-packages/lightgbm/sklearn.py:1106: LGBMDeprecationWarning: The argument 'eval_set' is deprecated, use 'eval_X' and 'eval_y' instead.
  eval_set = _validate_eval_set_Xy(eval_set=eval_set, eval_X=eval_X, eval_y=eval_y)
/workspace_developability_acquisition/.venv_b1/lib/python3.12/site-packages/lightgbm/sklearn.py:1106: LGBMDeprecationWarning: The argument 'eval_set' is deprecated, use 'eval_X' and 'eval_y' instead.
  eval_set = _validate_eval_set_Xy(eval_set=eval_set, eval_X=eval_X, eval_y=eval_y)
/workspace_developability_acquisition/.venv_b1/lib/python3.12/site-packages/lightgbm/sklearn.py:1106: LGBMDeprecationWarning: The argument 'eval_set' is deprecated, use 'eval_X' and 'eval_y' instead.
  eval_set = _validate_eval_set_Xy(eval_set=eval_set, eval_X=eval_X, eval_y=eval_y)
/workspace_developability_acquisition/.venv_b1/lib/python3.12/site-packages/lightgbm/sklearn.py:1106: LGBMDeprecationWarning: The argument 'eval_set' is deprecated, use 'eval_X' and 'eval_y' instead.
  eval_set = _validate_eval_set_Xy(eval_set=eval_set, eval_X=eval_X, eval_y=eval_y)
/workspace_developability_acquisition/.venv_b1/lib/python3.12/site-packages/lightgbm/sklearn.py:1106: LGBMDeprecationWarning: The argument 'eval_set' is deprecated, use 'eval_X' and 'eval_y' instead.
  eval_set = _validate_eval_set_Xy(eval_set=eval_set, eval_X=eval_X, eval_y=eval_y)
/workspace_developability_acquisition/.venv_b1/lib/python3.12/site-packages/lightgbm/sklearn.py:1106: LGBMDeprecationWarning: The argument 'eval_set' is deprecated, use 'eval_X' and 'eval_y' instead.
  eval_set = _validate_eval_set_Xy(eval_set=eval_set, eval_X=eval_X, eval_y=eval_y)
/workspace_developability_acquisition/.venv_b1/lib/python3.12/site-packages/lightgbm/sklearn.py:1106: LGBMDeprecationWarning: The argument 'eval_set' is deprecated, use 'eval_X' and 'eval_y' instead.
  eval_set = _validate_eval_set_Xy(eval_set=eval_set, eval_X=eval_X, eval_y=eval_y)
/workspace_developability_acquisition/.venv_b1/lib/python3.12/site-packages/lightgbm/sklearn.py:1106: LGBMDeprecationWarning: The argument 'eval_set' is deprecated, use 'eval_X' and 'eval_y' instead.
  eval_set = _validate_eval_set_Xy(eval_set=eval_set, eval_X=eval_X, eval_y=eval_y)
/workspace_developability_acquisition/.venv_b1/lib/python3.12/site-packages/lightgbm/sklearn.py:1106: LGBMDeprecationWarning: The argument 'eval_set' is deprecated, use 'eval_X' and 'eval_y' instead.
  eval_set = _validate_eval_set_Xy(eval_set=eval_set, eval_X=eval_X, eval_y=eval_y)
/workspace_developability_acquisition/.venv_b1/lib/python3.12/site-packages/lightgbm/sklearn.py:1106: LGBMDeprecationWarning: The argument 'eval_set' is deprecated, use 'eval_X' and 'eval_y' instead.
  eval_set = _validate_eval_set_Xy(eval_set=eval_set, eval_X=eval_X, eval_y=eval_y)
/workspace_developability_acquisition/.venv_b1/lib/python3.12/site-packages/lightgbm/sklearn.py:1106: LGBMDeprecationWarning: The argument 'eval_set' is deprecated, use 'eval_X' and 'eval_y' instead.
  eval_set = _validate_eval_set_Xy(eval_set=eval_set, eval_X=eval_X, eval_y=eval_y)
/workspace_developability_acquisition/.venv_b1/lib/python3.12/site-packages/lightgbm/sklearn.py:1106: LGBMDeprecationWarning: The argument 'eval_set' is deprecated, use 'eval_X' and 'eval_y' instead.
  eval_set = _validate_eval_set_Xy(eval_set=eval_set, eval_X=eval_X, eval_y=eval_y)
/workspace_developability_acquisition/.venv_b1/lib/python3.12/site-packages/lightgbm/sklearn.py:1106: LGBMDeprecationWarning: The argument 'eval_set' is deprecated, use 'eval_X' and 'eval_y' instead.
  eval_set = _validate_eval_set_Xy(eval_set=eval_set, eval_X=eval_X, eval_y=eval_y)
/workspace_developability_acquisition/.venv_b1/lib/python3.12/site-packages/lightgbm/sklearn.py:1106: LGBMDeprecationWarning: The argument 'eval_set' is deprecated, use 'eval_X' and 'eval_y' instead.
  eval_set = _validate_eval_set_Xy(eval_set=eval_set, eval_X=eval_X, eval_y=eval_y)
/workspace_developability_acquisition/.venv_b1/lib/python3.12/site-packages/lightgbm/sklearn.py:1106: LGBMDeprecationWarning: The argument 'eval_set' is deprecated, use 'eval_X' and 'eval_y' instead.
  eval_set = _validate_eval_set_Xy(eval_set=eval_set, eval_X=eval_X, eval_y=eval_y)
/workspace_developability_acquisition/.venv_b1/lib/python3.12/site-packages/lightgbm/sklearn.py:1106: LGBMDeprecationWarning: The argument 'eval_set' is deprecated, use 'eval_X' and 'eval_y' instead.
  eval_set = _validate_eval_set_Xy(eval_set=eval_set, eval_X=eval_X, eval_y=eval_y)
/workspace_developability_acquisition/.venv_b1/lib/python3.12/site-packages/lightgbm/sklearn.py:1106: LGBMDeprecationWarning: The argument 'eval_set' is deprecated, use 'eval_X' and 'eval_y' instead.
  eval_set = _validate_eval_set_Xy(eval_set=eval_set, eval_X=eval_X, eval_y=eval_y)
/workspace_developability_acquisition/.venv_b1/lib/python3.12/site-packages/lightgbm/sklearn.py:1106: LGBMDeprecationWarning: The argument 'eval_set' is deprecated, use 'eval_X' and 'eval_y' instead.
  eval_set = _validate_eval_set_Xy(eval_set=eval_set, eval_X=eval_X, eval_y=eval_y)
/workspace_developability_acquisition/.venv_b1/lib/python3.12/site-packages/lightgbm/sklearn.py:1106: LGBMDeprecationWarning: The argument 'eval_set' is deprecated, use 'eval_X' and 'eval_y' instead.
  eval_set = _validate_eval_set_Xy(eval_set=eval_set, eval_X=eval_X, eval_y=eval_y)
/workspace_developability_acquisition/.venv_b1/lib/python3.12/site-packages/lightgbm/sklearn.py:1106: LGBMDeprecationWarning: The argument 'eval_set' is deprecated, use 'eval_X' and 'eval_y' instead.
  eval_set = _validate_eval_set_Xy(eval_set=eval_set, eval_X=eval_X, eval_y=eval_y)
/workspace_developability_acquisition/.venv_b1/lib/python3.12/site-packages/lightgbm/sklearn.py:1106: LGBMDeprecationWarning: The argument 'eval_set' is deprecated, use 'eval_X' and 'eval_y' instead.
  eval_set = _validate_eval_set_Xy(eval_set=eval_set, eval_X=eval_X, eval_y=eval_y)
/workspace_developability_acquisition/.venv_b1/lib/python3.12/site-packages/lightgbm/sklearn.py:1106: LGBMDeprecationWarning: The argument 'eval_set' is deprecated, use 'eval_X' and 'eval_y' instead.
  eval_set = _validate_eval_set_Xy(eval_set=eval_set, eval_X=eval_X, eval_y=eval_y)
/workspace_developability_acquisition/.venv_b1/lib/python3.12/site-packages/lightgbm/sklearn.py:1106: LGBMDeprecationWarning: The argument 'eval_set' is deprecated, use 'eval_X' and 'eval_y' instead.
  eval_set = _validate_eval_set_Xy(eval_set=eval_set, eval_X=eval_X, eval_y=eval_y)
/workspace_developability_acquisition/.venv_b1/lib/python3.12/site-packages/lightgbm/sklearn.py:1106: LGBMDeprecationWarning: The argument 'eval_set' is deprecated, use 'eval_X' and 'eval_y' instead.
  eval_set = _validate_eval_set_Xy(eval_set=eval_set, eval_X=eval_X, eval_y=eval_y)
/workspace_developability_acquisition/.venv_b1/lib/python3.12/site-packages/lightgbm/sklearn.py:1106: LGBMDeprecationWarning: The argument 'eval_set' is deprecated, use 'eval_X' and 'eval_y' instead.
  eval_set = _validate_eval_set_Xy(eval_set=eval_set, eval_X=eval_X, eval_y=eval_y)
/workspace_developability_acquisition/.venv_b1/lib/python3.12/site-packages/lightgbm/sklearn.py:1106: LGBMDeprecationWarning: The argument 'eval_set' is deprecated, use 'eval_X' and 'eval_y' instead.
  eval_set = _validate_eval_set_Xy(eval_set=eval_set, eval_X=eval_X, eval_y=eval_y)
/workspace_developability_acquisition/.venv_b1/lib/python3.12/site-packages/lightgbm/sklearn.py:1106: LGBMDeprecationWarning: The argument 'eval_set' is deprecated, use 'eval_X' and 'eval_y' instead.
  eval_set = _validate_eval_set_Xy(eval_set=eval_set, eval_X=eval_X, eval_y=eval_y)
/workspace_developability_acquisition/.venv_b1/lib/python3.12/site-packages/lightgbm/sklearn.py:1106: LGBMDeprecationWarning: The argument 'eval_set' is deprecated, use 'eval_X' and 'eval_y' instead.
  eval_set = _validate_eval_set_Xy(eval_set=eval_set, eval_X=eval_X, eval_y=eval_y)
/workspace_developability_acquisition/.venv_b1/lib/python3.12/site-packages/lightgbm/sklearn.py:1106: LGBMDeprecationWarning: The argument 'eval_set' is deprecated, use 'eval_X' and 'eval_y' instead.
  eval_set = _validate_eval_set_Xy(eval_set=eval_set, eval_X=eval_X, eval_y=eval_y)
/workspace_developability_acquisition/.venv_b1/lib/python3.12/site-packages/lightgbm/sklearn.py:1106: LGBMDeprecationWarning: The argument 'eval_set' is deprecated, use 'eval_X' and 'eval_y' instead.
  eval_set = _validate_eval_set_Xy(eval_set=eval_set, eval_X=eval_X, eval_y=eval_y)
/workspace_developability_acquisition/.venv_b1/lib/python3.12/site-packages/lightgbm/sklearn.py:1106: LGBMDeprecationWarning: The argument 'eval_set' is deprecated, use 'eval_X' and 'eval_y' instead.
  eval_set = _validate_eval_set_Xy(eval_set=eval_set, eval_X=eval_X, eval_y=eval_y)
/workspace_developability_acquisition/.venv_b1/lib/python3.12/site-packages/lightgbm/sklearn.py:1106: LGBMDeprecationWarning: The argument 'eval_set' is deprecated, use 'eval_X' and 'eval_y' instead.
  eval_set = _validate_eval_set_Xy(eval_set=eval_set, eval_X=eval_X, eval_y=eval_y)
Optuna GBDT screen_TmApp_FUSION_ABLANG2_BIO_CAT_MAE
DONE screening in 87.8 min
