==== TRAIN EXP-H102 (Scratch + P1 BM-R5 HSP alone) ====
/workspace_developability_acquisition/developability_drilldown/models/antibody_transformer/model.py:259: UserWarning: enable_nested_tensor is True, but self.use_nested_tensor is False because encoder_layer.norm_first was True
  self.encoder = nn.TransformerEncoder(_make_encoder_layer(), num_layers=n_layers)
=== EXP-H102 primary fold=0 lr0=1e-05 ===
=== EXP-H102 primary fold=0 lr0=1e-04 ===
/workspace_developability_acquisition/developability_drilldown/models/antibody_transformer/model.py:259: UserWarning: enable_nested_tensor is True, but self.use_nested_tensor is False because encoder_layer.norm_first was True
  self.encoder = nn.TransformerEncoder(_make_encoder_layer(), num_layers=n_layers)
=== EXP-H102 primary fold=0 lr0=1e-03 ===
=== EXP-H102 primary fold=0 lr0=1e-02 ===
/workspace_developability_acquisition/developability_drilldown/models/antibody_transformer/model.py:259: UserWarning: enable_nested_tensor is True, but self.use_nested_tensor is False because encoder_layer.norm_first was True
  self.encoder = nn.TransformerEncoder(_make_encoder_layer(), num_layers=n_layers)
/workspace_developability_acquisition/developability_drilldown/models/antibody_transformer/model.py:259: UserWarning: enable_nested_tensor is True, but self.use_nested_tensor is False because encoder_layer.norm_first was True
  self.encoder = nn.TransformerEncoder(_make_encoder_layer(), num_layers=n_layers)
/workspace_developability_acquisition/developability_drilldown/models/antibody_transformer/model.py:259: UserWarning: enable_nested_tensor is True, but self.use_nested_tensor is False because encoder_layer.norm_first was True
  self.encoder = nn.TransformerEncoder(_make_encoder_layer(), num_layers=n_layers)
=== EXP-H102 primary fold=1 lr0=1e-05 ===
=== EXP-H102 primary fold=1 lr0=1e-04 ===
=== EXP-H102 primary fold=1 lr0=1e-03 ===
=== EXP-H102 primary fold=1 lr0=1e-02 ===
/workspace_developability_acquisition/developability_drilldown/models/antibody_transformer/model.py:259: UserWarning: enable_nested_tensor is True, but self.use_nested_tensor is False because encoder_layer.norm_first was True
  self.encoder = nn.TransformerEncoder(_make_encoder_layer(), num_layers=n_layers)
/workspace_developability_acquisition/developability_drilldown/models/antibody_transformer/model.py:259: UserWarning: enable_nested_tensor is True, but self.use_nested_tensor is False because encoder_layer.norm_first was True
  self.encoder = nn.TransformerEncoder(_make_encoder_layer(), num_layers=n_layers)
/workspace_developability_acquisition/developability_drilldown/models/antibody_transformer/model.py:259: UserWarning: enable_nested_tensor is True, but self.use_nested_tensor is False because encoder_layer.norm_first was True
  self.encoder = nn.TransformerEncoder(_make_encoder_layer(), num_layers=n_layers)
=== EXP-H102 primary fold=2 lr0=1e-05 ===
=== EXP-H102 primary fold=2 lr0=1e-04 ===
=== EXP-H102 primary fold=2 lr0=1e-03 ===
=== EXP-H102 primary fold=2 lr0=1e-02 ===
/workspace_developability_acquisition/developability_drilldown/models/antibody_transformer/model.py:259: UserWarning: enable_nested_tensor is True, but self.use_nested_tensor is False because encoder_layer.norm_first was True
  self.encoder = nn.TransformerEncoder(_make_encoder_layer(), num_layers=n_layers)
/workspace_developability_acquisition/developability_drilldown/models/antibody_transformer/model.py:259: UserWarning: enable_nested_tensor is True, but self.use_nested_tensor is False because encoder_layer.norm_first was True
  self.encoder = nn.TransformerEncoder(_make_encoder_layer(), num_layers=n_layers)
/workspace_developability_acquisition/developability_drilldown/models/antibody_transformer/model.py:259: UserWarning: enable_nested_tensor is True, but self.use_nested_tensor is False because encoder_layer.norm_first was True
  self.encoder = nn.TransformerEncoder(_make_encoder_layer(), num_layers=n_layers)
=== EXP-H102 primary fold=3 lr0=1e-05 ===
=== EXP-H102 primary fold=3 lr0=1e-04 ===
=== EXP-H102 primary fold=3 lr0=1e-03 ===
=== EXP-H102 primary fold=3 lr0=1e-02 ===
/workspace_developability_acquisition/developability_drilldown/models/antibody_transformer/model.py:259: UserWarning: enable_nested_tensor is True, but self.use_nested_tensor is False because encoder_layer.norm_first was True
  self.encoder = nn.TransformerEncoder(_make_encoder_layer(), num_layers=n_layers)
/workspace_developability_acquisition/developability_drilldown/models/antibody_transformer/model.py:259: UserWarning: enable_nested_tensor is True, but self.use_nested_tensor is False because encoder_layer.norm_first was True
  self.encoder = nn.TransformerEncoder(_make_encoder_layer(), num_layers=n_layers)
/workspace_developability_acquisition/developability_drilldown/models/antibody_transformer/model.py:259: UserWarning: enable_nested_tensor is True, but self.use_nested_tensor is False because encoder_layer.norm_first was True
  self.encoder = nn.TransformerEncoder(_make_encoder_layer(), num_layers=n_layers)
=== EXP-H102 primary fold=4 lr0=1e-05 ===
=== EXP-H102 primary fold=4 lr0=1e-04 ===
=== EXP-H102 primary fold=4 lr0=1e-03 ===
=== EXP-H102 primary fold=4 lr0=1e-02 ===
/workspace_developability_acquisition/developability_drilldown/models/antibody_transformer/model.py:259: UserWarning: enable_nested_tensor is True, but self.use_nested_tensor is False because encoder_layer.norm_first was True
  self.encoder = nn.TransformerEncoder(_make_encoder_layer(), num_layers=n_layers)
/workspace_developability_acquisition/developability_drilldown/models/antibody_transformer/model.py:259: UserWarning: enable_nested_tensor is True, but self.use_nested_tensor is False because encoder_layer.norm_first was True
  self.encoder = nn.TransformerEncoder(_make_encoder_layer(), num_layers=n_layers)
/workspace_developability_acquisition/developability_drilldown/models/antibody_transformer/model.py:259: UserWarning: enable_nested_tensor is True, but self.use_nested_tensor is False because encoder_layer.norm_first was True
  self.encoder = nn.TransformerEncoder(_make_encoder_layer(), num_layers=n_layers)
=== EXP-H102 shadow fold=0 lr0=1e-05 ===
=== EXP-H102 shadow fold=0 lr0=1e-04 ===
=== EXP-H102 shadow fold=0 lr0=1e-03 ===
=== EXP-H102 shadow fold=0 lr0=1e-02 ===
/workspace_developability_acquisition/developability_drilldown/models/antibody_transformer/model.py:259: UserWarning: enable_nested_tensor is True, but self.use_nested_tensor is False because encoder_layer.norm_first was True
  self.encoder = nn.TransformerEncoder(_make_encoder_layer(), num_layers=n_layers)
/workspace_developability_acquisition/developability_drilldown/models/antibody_transformer/model.py:259: UserWarning: enable_nested_tensor is True, but self.use_nested_tensor is False because encoder_layer.norm_first was True
  self.encoder = nn.TransformerEncoder(_make_encoder_layer(), num_layers=n_layers)
/workspace_developability_acquisition/developability_drilldown/models/antibody_transformer/model.py:259: UserWarning: enable_nested_tensor is True, but self.use_nested_tensor is False because encoder_layer.norm_first was True
  self.encoder = nn.TransformerEncoder(_make_encoder_layer(), num_layers=n_layers)
=== EXP-H102 shadow fold=1 lr0=1e-05 ===
=== EXP-H102 shadow fold=1 lr0=1e-04 ===
=== EXP-H102 shadow fold=1 lr0=1e-03 ===
=== EXP-H102 shadow fold=1 lr0=1e-02 ===
/workspace_developability_acquisition/developability_drilldown/models/antibody_transformer/model.py:259: UserWarning: enable_nested_tensor is True, but self.use_nested_tensor is False because encoder_layer.norm_first was True
  self.encoder = nn.TransformerEncoder(_make_encoder_layer(), num_layers=n_layers)
/workspace_developability_acquisition/developability_drilldown/models/antibody_transformer/model.py:259: UserWarning: enable_nested_tensor is True, but self.use_nested_tensor is False because encoder_layer.norm_first was True
  self.encoder = nn.TransformerEncoder(_make_encoder_layer(), num_layers=n_layers)
/workspace_developability_acquisition/developability_drilldown/models/antibody_transformer/model.py:259: UserWarning: enable_nested_tensor is True, but self.use_nested_tensor is False because encoder_layer.norm_first was True
  self.encoder = nn.TransformerEncoder(_make_encoder_layer(), num_layers=n_layers)
=== EXP-H102 shadow fold=2 lr0=1e-05 ===
=== EXP-H102 shadow fold=2 lr0=1e-04 ===
=== EXP-H102 shadow fold=2 lr0=1e-03 ===
=== EXP-H102 shadow fold=2 lr0=1e-02 ===
/workspace_developability_acquisition/developability_drilldown/models/antibody_transformer/model.py:259: UserWarning: enable_nested_tensor is True, but self.use_nested_tensor is False because encoder_layer.norm_first was True
  self.encoder = nn.TransformerEncoder(_make_encoder_layer(), num_layers=n_layers)
/workspace_developability_acquisition/developability_drilldown/models/antibody_transformer/model.py:259: UserWarning: enable_nested_tensor is True, but self.use_nested_tensor is False because encoder_layer.norm_first was True
  self.encoder = nn.TransformerEncoder(_make_encoder_layer(), num_layers=n_layers)
/workspace_developability_acquisition/developability_drilldown/models/antibody_transformer/model.py:259: UserWarning: enable_nested_tensor is True, but self.use_nested_tensor is False because encoder_layer.norm_first was True
  self.encoder = nn.TransformerEncoder(_make_encoder_layer(), num_layers=n_layers)
=== EXP-H102 shadow fold=3 lr0=1e-05 ===
=== EXP-H102 shadow fold=3 lr0=1e-04 ===
=== EXP-H102 shadow fold=3 lr0=1e-03 ===
=== EXP-H102 shadow fold=3 lr0=1e-02 ===
/workspace_developability_acquisition/developability_drilldown/models/antibody_transformer/model.py:259: UserWarning: enable_nested_tensor is True, but self.use_nested_tensor is False because encoder_layer.norm_first was True
  self.encoder = nn.TransformerEncoder(_make_encoder_layer(), num_layers=n_layers)
/workspace_developability_acquisition/developability_drilldown/models/antibody_transformer/model.py:259: UserWarning: enable_nested_tensor is True, but self.use_nested_tensor is False because encoder_layer.norm_first was True
  self.encoder = nn.TransformerEncoder(_make_encoder_layer(), num_layers=n_layers)
/workspace_developability_acquisition/developability_drilldown/models/antibody_transformer/model.py:259: UserWarning: enable_nested_tensor is True, but self.use_nested_tensor is False because encoder_layer.norm_first was True
  self.encoder = nn.TransformerEncoder(_make_encoder_layer(), num_layers=n_layers)
=== EXP-H102 shadow fold=4 lr0=1e-05 ===
=== EXP-H102 shadow fold=4 lr0=1e-04 ===
=== EXP-H102 shadow fold=4 lr0=1e-03 ===
=== EXP-H102 shadow fold=4 lr0=1e-02 ===
/workspace_developability_acquisition/developability_drilldown/models/antibody_transformer/model.py:259: UserWarning: enable_nested_tensor is True, but self.use_nested_tensor is False because encoder_layer.norm_first was True
  self.encoder = nn.TransformerEncoder(_make_encoder_layer(), num_layers=n_layers)
/workspace_developability_acquisition/developability_drilldown/models/antibody_transformer/model.py:259: UserWarning: enable_nested_tensor is True, but self.use_nested_tensor is False because encoder_layer.norm_first was True
  self.encoder = nn.TransformerEncoder(_make_encoder_layer(), num_layers=n_layers)
/workspace_developability_acquisition/developability_drilldown/models/antibody_transformer/model.py:259: UserWarning: enable_nested_tensor is True, but self.use_nested_tensor is False because encoder_layer.norm_first was True
  self.encoder = nn.TransformerEncoder(_make_encoder_layer(), num_layers=n_layers)
DONE EXP-H102
==== TRAIN EXP-H103 (Scratch + SURFACE + P1 BM-R5) ====
/workspace_developability_acquisition/developability_drilldown/models/antibody_transformer/model.py:259: UserWarning: enable_nested_tensor is True, but self.use_nested_tensor is False because encoder_layer.norm_first was True
  self.encoder = nn.TransformerEncoder(_make_encoder_layer(), num_layers=n_layers)
=== EXP-H103 primary fold=0 lr0=1e-05 ===
=== EXP-H103 primary fold=0 lr0=1e-04 ===
=== EXP-H103 primary fold=0 lr0=1e-03 ===
=== EXP-H103 primary fold=0 lr0=1e-02 ===
/workspace_developability_acquisition/developability_drilldown/models/antibody_transformer/model.py:259: UserWarning: enable_nested_tensor is True, but self.use_nested_tensor is False because encoder_layer.norm_first was True
  self.encoder = nn.TransformerEncoder(_make_encoder_layer(), num_layers=n_layers)
/workspace_developability_acquisition/developability_drilldown/models/antibody_transformer/model.py:259: UserWarning: enable_nested_tensor is True, but self.use_nested_tensor is False because encoder_layer.norm_first was True
  self.encoder = nn.TransformerEncoder(_make_encoder_layer(), num_layers=n_layers)
/workspace_developability_acquisition/developability_drilldown/models/antibody_transformer/model.py:259: UserWarning: enable_nested_tensor is True, but self.use_nested_tensor is False because encoder_layer.norm_first was True
  self.encoder = nn.TransformerEncoder(_make_encoder_layer(), num_layers=n_layers)
=== EXP-H103 primary fold=1 lr0=1e-05 ===
=== EXP-H103 primary fold=1 lr0=1e-04 ===
=== EXP-H103 primary fold=1 lr0=1e-03 ===
=== EXP-H103 primary fold=1 lr0=1e-02 ===
/workspace_developability_acquisition/developability_drilldown/models/antibody_transformer/model.py:259: UserWarning: enable_nested_tensor is True, but self.use_nested_tensor is False because encoder_layer.norm_first was True
  self.encoder = nn.TransformerEncoder(_make_encoder_layer(), num_layers=n_layers)
/workspace_developability_acquisition/developability_drilldown/models/antibody_transformer/model.py:259: UserWarning: enable_nested_tensor is True, but self.use_nested_tensor is False because encoder_layer.norm_first was True
  self.encoder = nn.TransformerEncoder(_make_encoder_layer(), num_layers=n_layers)
/workspace_developability_acquisition/developability_drilldown/models/antibody_transformer/model.py:259: UserWarning: enable_nested_tensor is True, but self.use_nested_tensor is False because encoder_layer.norm_first was True
  self.encoder = nn.TransformerEncoder(_make_encoder_layer(), num_layers=n_layers)
=== EXP-H103 primary fold=2 lr0=1e-05 ===
=== EXP-H103 primary fold=2 lr0=1e-04 ===
=== EXP-H103 primary fold=2 lr0=1e-03 ===
=== EXP-H103 primary fold=2 lr0=1e-02 ===
/workspace_developability_acquisition/developability_drilldown/models/antibody_transformer/model.py:259: UserWarning: enable_nested_tensor is True, but self.use_nested_tensor is False because encoder_layer.norm_first was True
  self.encoder = nn.TransformerEncoder(_make_encoder_layer(), num_layers=n_layers)
/workspace_developability_acquisition/developability_drilldown/models/antibody_transformer/model.py:259: UserWarning: enable_nested_tensor is True, but self.use_nested_tensor is False because encoder_layer.norm_first was True
  self.encoder = nn.TransformerEncoder(_make_encoder_layer(), num_layers=n_layers)
/workspace_developability_acquisition/developability_drilldown/models/antibody_transformer/model.py:259: UserWarning: enable_nested_tensor is True, but self.use_nested_tensor is False because encoder_layer.norm_first was True
  self.encoder = nn.TransformerEncoder(_make_encoder_layer(), num_layers=n_layers)
=== EXP-H103 primary fold=3 lr0=1e-05 ===
=== EXP-H103 primary fold=3 lr0=1e-04 ===
=== EXP-H103 primary fold=3 lr0=1e-03 ===
=== EXP-H103 primary fold=3 lr0=1e-02 ===
/workspace_developability_acquisition/developability_drilldown/models/antibody_transformer/model.py:259: UserWarning: enable_nested_tensor is True, but self.use_nested_tensor is False because encoder_layer.norm_first was True
  self.encoder = nn.TransformerEncoder(_make_encoder_layer(), num_layers=n_layers)
/workspace_developability_acquisition/developability_drilldown/models/antibody_transformer/model.py:259: UserWarning: enable_nested_tensor is True, but self.use_nested_tensor is False because encoder_layer.norm_first was True
  self.encoder = nn.TransformerEncoder(_make_encoder_layer(), num_layers=n_layers)
/workspace_developability_acquisition/developability_drilldown/models/antibody_transformer/model.py:259: UserWarning: enable_nested_tensor is True, but self.use_nested_tensor is False because encoder_layer.norm_first was True
  self.encoder = nn.TransformerEncoder(_make_encoder_layer(), num_layers=n_layers)
=== EXP-H103 primary fold=4 lr0=1e-05 ===
=== EXP-H103 primary fold=4 lr0=1e-04 ===
=== EXP-H103 primary fold=4 lr0=1e-03 ===
=== EXP-H103 primary fold=4 lr0=1e-02 ===
/workspace_developability_acquisition/developability_drilldown/models/antibody_transformer/model.py:259: UserWarning: enable_nested_tensor is True, but self.use_nested_tensor is False because encoder_layer.norm_first was True
  self.encoder = nn.TransformerEncoder(_make_encoder_layer(), num_layers=n_layers)
/workspace_developability_acquisition/developability_drilldown/models/antibody_transformer/model.py:259: UserWarning: enable_nested_tensor is True, but self.use_nested_tensor is False because encoder_layer.norm_first was True
  self.encoder = nn.TransformerEncoder(_make_encoder_layer(), num_layers=n_layers)
/workspace_developability_acquisition/developability_drilldown/models/antibody_transformer/model.py:259: UserWarning: enable_nested_tensor is True, but self.use_nested_tensor is False because encoder_layer.norm_first was True
  self.encoder = nn.TransformerEncoder(_make_encoder_layer(), num_layers=n_layers)
=== EXP-H103 shadow fold=0 lr0=1e-05 ===
=== EXP-H103 shadow fold=0 lr0=1e-04 ===
=== EXP-H103 shadow fold=0 lr0=1e-03 ===
=== EXP-H103 shadow fold=0 lr0=1e-02 ===
/workspace_developability_acquisition/developability_drilldown/models/antibody_transformer/model.py:259: UserWarning: enable_nested_tensor is True, but self.use_nested_tensor is False because encoder_layer.norm_first was True
  self.encoder = nn.TransformerEncoder(_make_encoder_layer(), num_layers=n_layers)
/workspace_developability_acquisition/developability_drilldown/models/antibody_transformer/model.py:259: UserWarning: enable_nested_tensor is True, but self.use_nested_tensor is False because encoder_layer.norm_first was True
  self.encoder = nn.TransformerEncoder(_make_encoder_layer(), num_layers=n_layers)
/workspace_developability_acquisition/developability_drilldown/models/antibody_transformer/model.py:259: UserWarning: enable_nested_tensor is True, but self.use_nested_tensor is False because encoder_layer.norm_first was True
  self.encoder = nn.TransformerEncoder(_make_encoder_layer(), num_layers=n_layers)
=== EXP-H103 shadow fold=1 lr0=1e-05 ===
=== EXP-H103 shadow fold=1 lr0=1e-04 ===
=== EXP-H103 shadow fold=1 lr0=1e-03 ===
=== EXP-H103 shadow fold=1 lr0=1e-02 ===
/workspace_developability_acquisition/developability_drilldown/models/antibody_transformer/model.py:259: UserWarning: enable_nested_tensor is True, but self.use_nested_tensor is False because encoder_layer.norm_first was True
  self.encoder = nn.TransformerEncoder(_make_encoder_layer(), num_layers=n_layers)
/workspace_developability_acquisition/developability_drilldown/models/antibody_transformer/model.py:259: UserWarning: enable_nested_tensor is True, but self.use_nested_tensor is False because encoder_layer.norm_first was True
  self.encoder = nn.TransformerEncoder(_make_encoder_layer(), num_layers=n_layers)
/workspace_developability_acquisition/developability_drilldown/models/antibody_transformer/model.py:259: UserWarning: enable_nested_tensor is True, but self.use_nested_tensor is False because encoder_layer.norm_first was True
  self.encoder = nn.TransformerEncoder(_make_encoder_layer(), num_layers=n_layers)
=== EXP-H103 shadow fold=2 lr0=1e-05 ===
=== EXP-H103 shadow fold=2 lr0=1e-04 ===
=== EXP-H103 shadow fold=2 lr0=1e-03 ===
=== EXP-H103 shadow fold=2 lr0=1e-02 ===
/workspace_developability_acquisition/developability_drilldown/models/antibody_transformer/model.py:259: UserWarning: enable_nested_tensor is True, but self.use_nested_tensor is False because encoder_layer.norm_first was True
  self.encoder = nn.TransformerEncoder(_make_encoder_layer(), num_layers=n_layers)
/workspace_developability_acquisition/developability_drilldown/models/antibody_transformer/model.py:259: UserWarning: enable_nested_tensor is True, but self.use_nested_tensor is False because encoder_layer.norm_first was True
  self.encoder = nn.TransformerEncoder(_make_encoder_layer(), num_layers=n_layers)
/workspace_developability_acquisition/developability_drilldown/models/antibody_transformer/model.py:259: UserWarning: enable_nested_tensor is True, but self.use_nested_tensor is False because encoder_layer.norm_first was True
  self.encoder = nn.TransformerEncoder(_make_encoder_layer(), num_layers=n_layers)
=== EXP-H103 shadow fold=3 lr0=1e-05 ===
=== EXP-H103 shadow fold=3 lr0=1e-04 ===
=== EXP-H103 shadow fold=3 lr0=1e-03 ===
=== EXP-H103 shadow fold=3 lr0=1e-02 ===
/workspace_developability_acquisition/developability_drilldown/models/antibody_transformer/model.py:259: UserWarning: enable_nested_tensor is True, but self.use_nested_tensor is False because encoder_layer.norm_first was True
  self.encoder = nn.TransformerEncoder(_make_encoder_layer(), num_layers=n_layers)
/workspace_developability_acquisition/developability_drilldown/models/antibody_transformer/model.py:259: UserWarning: enable_nested_tensor is True, but self.use_nested_tensor is False because encoder_layer.norm_first was True
  self.encoder = nn.TransformerEncoder(_make_encoder_layer(), num_layers=n_layers)
/workspace_developability_acquisition/developability_drilldown/models/antibody_transformer/model.py:259: UserWarning: enable_nested_tensor is True, but self.use_nested_tensor is False because encoder_layer.norm_first was True
  self.encoder = nn.TransformerEncoder(_make_encoder_layer(), num_layers=n_layers)
=== EXP-H103 shadow fold=4 lr0=1e-05 ===
=== EXP-H103 shadow fold=4 lr0=1e-04 ===
=== EXP-H103 shadow fold=4 lr0=1e-03 ===
=== EXP-H103 shadow fold=4 lr0=1e-02 ===
/workspace_developability_acquisition/developability_drilldown/models/antibody_transformer/model.py:259: UserWarning: enable_nested_tensor is True, but self.use_nested_tensor is False because encoder_layer.norm_first was True
  self.encoder = nn.TransformerEncoder(_make_encoder_layer(), num_layers=n_layers)
/workspace_developability_acquisition/developability_drilldown/models/antibody_transformer/model.py:259: UserWarning: enable_nested_tensor is True, but self.use_nested_tensor is False because encoder_layer.norm_first was True
  self.encoder = nn.TransformerEncoder(_make_encoder_layer(), num_layers=n_layers)
/workspace_developability_acquisition/developability_drilldown/models/antibody_transformer/model.py:259: UserWarning: enable_nested_tensor is True, but self.use_nested_tensor is False because encoder_layer.norm_first was True
  self.encoder = nn.TransformerEncoder(_make_encoder_layer(), num_layers=n_layers)
DONE EXP-H103
==== TRAIN EXP-H104 (Scratch + P2 FP-R5 HSP alone) ====
/workspace_developability_acquisition/developability_drilldown/models/antibody_transformer/model.py:259: UserWarning: enable_nested_tensor is True, but self.use_nested_tensor is False because encoder_layer.norm_first was True
  self.encoder = nn.TransformerEncoder(_make_encoder_layer(), num_layers=n_layers)
=== EXP-H104 primary fold=0 lr0=1e-05 ===
=== EXP-H104 primary fold=0 lr0=1e-04 ===
=== EXP-H104 primary fold=0 lr0=1e-03 ===
=== EXP-H104 primary fold=0 lr0=1e-02 ===
/workspace_developability_acquisition/developability_drilldown/models/antibody_transformer/model.py:259: UserWarning: enable_nested_tensor is True, but self.use_nested_tensor is False because encoder_layer.norm_first was True
  self.encoder = nn.TransformerEncoder(_make_encoder_layer(), num_layers=n_layers)
/workspace_developability_acquisition/developability_drilldown/models/antibody_transformer/model.py:259: UserWarning: enable_nested_tensor is True, but self.use_nested_tensor is False because encoder_layer.norm_first was True
  self.encoder = nn.TransformerEncoder(_make_encoder_layer(), num_layers=n_layers)
/workspace_developability_acquisition/developability_drilldown/models/antibody_transformer/model.py:259: UserWarning: enable_nested_tensor is True, but self.use_nested_tensor is False because encoder_layer.norm_first was True
  self.encoder = nn.TransformerEncoder(_make_encoder_layer(), num_layers=n_layers)
=== EXP-H104 primary fold=1 lr0=1e-05 ===
=== EXP-H104 primary fold=1 lr0=1e-04 ===
=== EXP-H104 primary fold=1 lr0=1e-03 ===
=== EXP-H104 primary fold=1 lr0=1e-02 ===
/workspace_developability_acquisition/developability_drilldown/models/antibody_transformer/model.py:259: UserWarning: enable_nested_tensor is True, but self.use_nested_tensor is False because encoder_layer.norm_first was True
  self.encoder = nn.TransformerEncoder(_make_encoder_layer(), num_layers=n_layers)
/workspace_developability_acquisition/developability_drilldown/models/antibody_transformer/model.py:259: UserWarning: enable_nested_tensor is True, but self.use_nested_tensor is False because encoder_layer.norm_first was True
  self.encoder = nn.TransformerEncoder(_make_encoder_layer(), num_layers=n_layers)
/workspace_developability_acquisition/developability_drilldown/models/antibody_transformer/model.py:259: UserWarning: enable_nested_tensor is True, but self.use_nested_tensor is False because encoder_layer.norm_first was True
  self.encoder = nn.TransformerEncoder(_make_encoder_layer(), num_layers=n_layers)
=== EXP-H104 primary fold=2 lr0=1e-05 ===
=== EXP-H104 primary fold=2 lr0=1e-04 ===
=== EXP-H104 primary fold=2 lr0=1e-03 ===
=== EXP-H104 primary fold=2 lr0=1e-02 ===
/workspace_developability_acquisition/developability_drilldown/models/antibody_transformer/model.py:259: UserWarning: enable_nested_tensor is True, but self.use_nested_tensor is False because encoder_layer.norm_first was True
  self.encoder = nn.TransformerEncoder(_make_encoder_layer(), num_layers=n_layers)
/workspace_developability_acquisition/developability_drilldown/models/antibody_transformer/model.py:259: UserWarning: enable_nested_tensor is True, but self.use_nested_tensor is False because encoder_layer.norm_first was True
  self.encoder = nn.TransformerEncoder(_make_encoder_layer(), num_layers=n_layers)
/workspace_developability_acquisition/developability_drilldown/models/antibody_transformer/model.py:259: UserWarning: enable_nested_tensor is True, but self.use_nested_tensor is False because encoder_layer.norm_first was True
  self.encoder = nn.TransformerEncoder(_make_encoder_layer(), num_layers=n_layers)
=== EXP-H104 primary fold=3 lr0=1e-05 ===
=== EXP-H104 primary fold=3 lr0=1e-04 ===
=== EXP-H104 primary fold=3 lr0=1e-03 ===
=== EXP-H104 primary fold=3 lr0=1e-02 ===
/workspace_developability_acquisition/developability_drilldown/models/antibody_transformer/model.py:259: UserWarning: enable_nested_tensor is True, but self.use_nested_tensor is False because encoder_layer.norm_first was True
  self.encoder = nn.TransformerEncoder(_make_encoder_layer(), num_layers=n_layers)
/workspace_developability_acquisition/developability_drilldown/models/antibody_transformer/model.py:259: UserWarning: enable_nested_tensor is True, but self.use_nested_tensor is False because encoder_layer.norm_first was True
  self.encoder = nn.TransformerEncoder(_make_encoder_layer(), num_layers=n_layers)
/workspace_developability_acquisition/developability_drilldown/models/antibody_transformer/model.py:259: UserWarning: enable_nested_tensor is True, but self.use_nested_tensor is False because encoder_layer.norm_first was True
  self.encoder = nn.TransformerEncoder(_make_encoder_layer(), num_layers=n_layers)
=== EXP-H104 primary fold=4 lr0=1e-05 ===
=== EXP-H104 primary fold=4 lr0=1e-04 ===
=== EXP-H104 primary fold=4 lr0=1e-03 ===
=== EXP-H104 primary fold=4 lr0=1e-02 ===
/workspace_developability_acquisition/developability_drilldown/models/antibody_transformer/model.py:259: UserWarning: enable_nested_tensor is True, but self.use_nested_tensor is False because encoder_layer.norm_first was True
  self.encoder = nn.TransformerEncoder(_make_encoder_layer(), num_layers=n_layers)
/workspace_developability_acquisition/developability_drilldown/models/antibody_transformer/model.py:259: UserWarning: enable_nested_tensor is True, but self.use_nested_tensor is False because encoder_layer.norm_first was True
  self.encoder = nn.TransformerEncoder(_make_encoder_layer(), num_layers=n_layers)
/workspace_developability_acquisition/developability_drilldown/models/antibody_transformer/model.py:259: UserWarning: enable_nested_tensor is True, but self.use_nested_tensor is False because encoder_layer.norm_first was True
  self.encoder = nn.TransformerEncoder(_make_encoder_layer(), num_layers=n_layers)
=== EXP-H104 shadow fold=0 lr0=1e-05 ===
=== EXP-H104 shadow fold=0 lr0=1e-04 ===
=== EXP-H104 shadow fold=0 lr0=1e-03 ===
=== EXP-H104 shadow fold=0 lr0=1e-02 ===
/workspace_developability_acquisition/developability_drilldown/models/antibody_transformer/model.py:259: UserWarning: enable_nested_tensor is True, but self.use_nested_tensor is False because encoder_layer.norm_first was True
  self.encoder = nn.TransformerEncoder(_make_encoder_layer(), num_layers=n_layers)
/workspace_developability_acquisition/developability_drilldown/models/antibody_transformer/model.py:259: UserWarning: enable_nested_tensor is True, but self.use_nested_tensor is False because encoder_layer.norm_first was True
  self.encoder = nn.TransformerEncoder(_make_encoder_layer(), num_layers=n_layers)
/workspace_developability_acquisition/developability_drilldown/models/antibody_transformer/model.py:259: UserWarning: enable_nested_tensor is True, but self.use_nested_tensor is False because encoder_layer.norm_first was True
  self.encoder = nn.TransformerEncoder(_make_encoder_layer(), num_layers=n_layers)
=== EXP-H104 shadow fold=1 lr0=1e-05 ===
=== EXP-H104 shadow fold=1 lr0=1e-04 ===
=== EXP-H104 shadow fold=1 lr0=1e-03 ===
=== EXP-H104 shadow fold=1 lr0=1e-02 ===
/workspace_developability_acquisition/developability_drilldown/models/antibody_transformer/model.py:259: UserWarning: enable_nested_tensor is True, but self.use_nested_tensor is False because encoder_layer.norm_first was True
  self.encoder = nn.TransformerEncoder(_make_encoder_layer(), num_layers=n_layers)
/workspace_developability_acquisition/developability_drilldown/models/antibody_transformer/model.py:259: UserWarning: enable_nested_tensor is True, but self.use_nested_tensor is False because encoder_layer.norm_first was True
  self.encoder = nn.TransformerEncoder(_make_encoder_layer(), num_layers=n_layers)
/workspace_developability_acquisition/developability_drilldown/models/antibody_transformer/model.py:259: UserWarning: enable_nested_tensor is True, but self.use_nested_tensor is False because encoder_layer.norm_first was True
  self.encoder = nn.TransformerEncoder(_make_encoder_layer(), num_layers=n_layers)
=== EXP-H104 shadow fold=2 lr0=1e-05 ===
=== EXP-H104 shadow fold=2 lr0=1e-04 ===
=== EXP-H104 shadow fold=2 lr0=1e-03 ===
=== EXP-H104 shadow fold=2 lr0=1e-02 ===
/workspace_developability_acquisition/developability_drilldown/models/antibody_transformer/model.py:259: UserWarning: enable_nested_tensor is True, but self.use_nested_tensor is False because encoder_layer.norm_first was True
  self.encoder = nn.TransformerEncoder(_make_encoder_layer(), num_layers=n_layers)
/workspace_developability_acquisition/developability_drilldown/models/antibody_transformer/model.py:259: UserWarning: enable_nested_tensor is True, but self.use_nested_tensor is False because encoder_layer.norm_first was True
  self.encoder = nn.TransformerEncoder(_make_encoder_layer(), num_layers=n_layers)
/workspace_developability_acquisition/developability_drilldown/models/antibody_transformer/model.py:259: UserWarning: enable_nested_tensor is True, but self.use_nested_tensor is False because encoder_layer.norm_first was True
  self.encoder = nn.TransformerEncoder(_make_encoder_layer(), num_layers=n_layers)
=== EXP-H104 shadow fold=3 lr0=1e-05 ===
=== EXP-H104 shadow fold=3 lr0=1e-04 ===
=== EXP-H104 shadow fold=3 lr0=1e-03 ===
=== EXP-H104 shadow fold=3 lr0=1e-02 ===
/workspace_developability_acquisition/developability_drilldown/models/antibody_transformer/model.py:259: UserWarning: enable_nested_tensor is True, but self.use_nested_tensor is False because encoder_layer.norm_first was True
  self.encoder = nn.TransformerEncoder(_make_encoder_layer(), num_layers=n_layers)
/workspace_developability_acquisition/developability_drilldown/models/antibody_transformer/model.py:259: UserWarning: enable_nested_tensor is True, but self.use_nested_tensor is False because encoder_layer.norm_first was True
  self.encoder = nn.TransformerEncoder(_make_encoder_layer(), num_layers=n_layers)
/workspace_developability_acquisition/developability_drilldown/models/antibody_transformer/model.py:259: UserWarning: enable_nested_tensor is True, but self.use_nested_tensor is False because encoder_layer.norm_first was True
  self.encoder = nn.TransformerEncoder(_make_encoder_layer(), num_layers=n_layers)
=== EXP-H104 shadow fold=4 lr0=1e-05 ===
=== EXP-H104 shadow fold=4 lr0=1e-04 ===
=== EXP-H104 shadow fold=4 lr0=1e-03 ===
=== EXP-H104 shadow fold=4 lr0=1e-02 ===
/workspace_developability_acquisition/developability_drilldown/models/antibody_transformer/model.py:259: UserWarning: enable_nested_tensor is True, but self.use_nested_tensor is False because encoder_layer.norm_first was True
  self.encoder = nn.TransformerEncoder(_make_encoder_layer(), num_layers=n_layers)
/workspace_developability_acquisition/developability_drilldown/models/antibody_transformer/model.py:259: UserWarning: enable_nested_tensor is True, but self.use_nested_tensor is False because encoder_layer.norm_first was True
  self.encoder = nn.TransformerEncoder(_make_encoder_layer(), num_layers=n_layers)
/workspace_developability_acquisition/developability_drilldown/models/antibody_transformer/model.py:259: UserWarning: enable_nested_tensor is True, but self.use_nested_tensor is False because encoder_layer.norm_first was True
  self.encoder = nn.TransformerEncoder(_make_encoder_layer(), num_layers=n_layers)
DONE EXP-H104
==== TRAIN EXP-H105 (Scratch + SURFACE + P2 FP-R5) ====
/workspace_developability_acquisition/developability_drilldown/models/antibody_transformer/model.py:259: UserWarning: enable_nested_tensor is True, but self.use_nested_tensor is False because encoder_layer.norm_first was True
  self.encoder = nn.TransformerEncoder(_make_encoder_layer(), num_layers=n_layers)
=== EXP-H105 primary fold=0 lr0=1e-05 ===
=== EXP-H105 primary fold=0 lr0=1e-04 ===
=== EXP-H105 primary fold=0 lr0=1e-03 ===
=== EXP-H105 primary fold=0 lr0=1e-02 ===
/workspace_developability_acquisition/developability_drilldown/models/antibody_transformer/model.py:259: UserWarning: enable_nested_tensor is True, but self.use_nested_tensor is False because encoder_layer.norm_first was True
  self.encoder = nn.TransformerEncoder(_make_encoder_layer(), num_layers=n_layers)
/workspace_developability_acquisition/developability_drilldown/models/antibody_transformer/model.py:259: UserWarning: enable_nested_tensor is True, but self.use_nested_tensor is False because encoder_layer.norm_first was True
  self.encoder = nn.TransformerEncoder(_make_encoder_layer(), num_layers=n_layers)
/workspace_developability_acquisition/developability_drilldown/models/antibody_transformer/model.py:259: UserWarning: enable_nested_tensor is True, but self.use_nested_tensor is False because encoder_layer.norm_first was True
  self.encoder = nn.TransformerEncoder(_make_encoder_layer(), num_layers=n_layers)
=== EXP-H105 primary fold=1 lr0=1e-05 ===
=== EXP-H105 primary fold=1 lr0=1e-04 ===
=== EXP-H105 primary fold=1 lr0=1e-03 ===
=== EXP-H105 primary fold=1 lr0=1e-02 ===
/workspace_developability_acquisition/developability_drilldown/models/antibody_transformer/model.py:259: UserWarning: enable_nested_tensor is True, but self.use_nested_tensor is False because encoder_layer.norm_first was True
  self.encoder = nn.TransformerEncoder(_make_encoder_layer(), num_layers=n_layers)
/workspace_developability_acquisition/developability_drilldown/models/antibody_transformer/model.py:259: UserWarning: enable_nested_tensor is True, but self.use_nested_tensor is False because encoder_layer.norm_first was True
  self.encoder = nn.TransformerEncoder(_make_encoder_layer(), num_layers=n_layers)
/workspace_developability_acquisition/developability_drilldown/models/antibody_transformer/model.py:259: UserWarning: enable_nested_tensor is True, but self.use_nested_tensor is False because encoder_layer.norm_first was True
  self.encoder = nn.TransformerEncoder(_make_encoder_layer(), num_layers=n_layers)
=== EXP-H105 primary fold=2 lr0=1e-05 ===
=== EXP-H105 primary fold=2 lr0=1e-04 ===
=== EXP-H105 primary fold=2 lr0=1e-03 ===
=== EXP-H105 primary fold=2 lr0=1e-02 ===
/workspace_developability_acquisition/developability_drilldown/models/antibody_transformer/model.py:259: UserWarning: enable_nested_tensor is True, but self.use_nested_tensor is False because encoder_layer.norm_first was True
  self.encoder = nn.TransformerEncoder(_make_encoder_layer(), num_layers=n_layers)
/workspace_developability_acquisition/developability_drilldown/models/antibody_transformer/model.py:259: UserWarning: enable_nested_tensor is True, but self.use_nested_tensor is False because encoder_layer.norm_first was True
  self.encoder = nn.TransformerEncoder(_make_encoder_layer(), num_layers=n_layers)
/workspace_developability_acquisition/developability_drilldown/models/antibody_transformer/model.py:259: UserWarning: enable_nested_tensor is True, but self.use_nested_tensor is False because encoder_layer.norm_first was True
  self.encoder = nn.TransformerEncoder(_make_encoder_layer(), num_layers=n_layers)
=== EXP-H105 primary fold=3 lr0=1e-05 ===
=== EXP-H105 primary fold=3 lr0=1e-04 ===
=== EXP-H105 primary fold=3 lr0=1e-03 ===
=== EXP-H105 primary fold=3 lr0=1e-02 ===
/workspace_developability_acquisition/developability_drilldown/models/antibody_transformer/model.py:259: UserWarning: enable_nested_tensor is True, but self.use_nested_tensor is False because encoder_layer.norm_first was True
  self.encoder = nn.TransformerEncoder(_make_encoder_layer(), num_layers=n_layers)
/workspace_developability_acquisition/developability_drilldown/models/antibody_transformer/model.py:259: UserWarning: enable_nested_tensor is True, but self.use_nested_tensor is False because encoder_layer.norm_first was True
  self.encoder = nn.TransformerEncoder(_make_encoder_layer(), num_layers=n_layers)
/workspace_developability_acquisition/developability_drilldown/models/antibody_transformer/model.py:259: UserWarning: enable_nested_tensor is True, but self.use_nested_tensor is False because encoder_layer.norm_first was True
  self.encoder = nn.TransformerEncoder(_make_encoder_layer(), num_layers=n_layers)
=== EXP-H105 primary fold=4 lr0=1e-05 ===
=== EXP-H105 primary fold=4 lr0=1e-04 ===
=== EXP-H105 primary fold=4 lr0=1e-03 ===
=== EXP-H105 primary fold=4 lr0=1e-02 ===
/workspace_developability_acquisition/developability_drilldown/models/antibody_transformer/model.py:259: UserWarning: enable_nested_tensor is True, but self.use_nested_tensor is False because encoder_layer.norm_first was True
  self.encoder = nn.TransformerEncoder(_make_encoder_layer(), num_layers=n_layers)
/workspace_developability_acquisition/developability_drilldown/models/antibody_transformer/model.py:259: UserWarning: enable_nested_tensor is True, but self.use_nested_tensor is False because encoder_layer.norm_first was True
  self.encoder = nn.TransformerEncoder(_make_encoder_layer(), num_layers=n_layers)
/workspace_developability_acquisition/developability_drilldown/models/antibody_transformer/model.py:259: UserWarning: enable_nested_tensor is True, but self.use_nested_tensor is False because encoder_layer.norm_first was True
  self.encoder = nn.TransformerEncoder(_make_encoder_layer(), num_layers=n_layers)
=== EXP-H105 shadow fold=0 lr0=1e-05 ===
=== EXP-H105 shadow fold=0 lr0=1e-04 ===
=== EXP-H105 shadow fold=0 lr0=1e-03 ===
=== EXP-H105 shadow fold=0 lr0=1e-02 ===
/workspace_developability_acquisition/developability_drilldown/models/antibody_transformer/model.py:259: UserWarning: enable_nested_tensor is True, but self.use_nested_tensor is False because encoder_layer.norm_first was True
  self.encoder = nn.TransformerEncoder(_make_encoder_layer(), num_layers=n_layers)
/workspace_developability_acquisition/developability_drilldown/models/antibody_transformer/model.py:259: UserWarning: enable_nested_tensor is True, but self.use_nested_tensor is False because encoder_layer.norm_first was True
  self.encoder = nn.TransformerEncoder(_make_encoder_layer(), num_layers=n_layers)
/workspace_developability_acquisition/developability_drilldown/models/antibody_transformer/model.py:259: UserWarning: enable_nested_tensor is True, but self.use_nested_tensor is False because encoder_layer.norm_first was True
  self.encoder = nn.TransformerEncoder(_make_encoder_layer(), num_layers=n_layers)
=== EXP-H105 shadow fold=1 lr0=1e-05 ===
=== EXP-H105 shadow fold=1 lr0=1e-04 ===
=== EXP-H105 shadow fold=1 lr0=1e-03 ===
=== EXP-H105 shadow fold=1 lr0=1e-02 ===
/workspace_developability_acquisition/developability_drilldown/models/antibody_transformer/model.py:259: UserWarning: enable_nested_tensor is True, but self.use_nested_tensor is False because encoder_layer.norm_first was True
  self.encoder = nn.TransformerEncoder(_make_encoder_layer(), num_layers=n_layers)
/workspace_developability_acquisition/developability_drilldown/models/antibody_transformer/model.py:259: UserWarning: enable_nested_tensor is True, but self.use_nested_tensor is False because encoder_layer.norm_first was True
  self.encoder = nn.TransformerEncoder(_make_encoder_layer(), num_layers=n_layers)
/workspace_developability_acquisition/developability_drilldown/models/antibody_transformer/model.py:259: UserWarning: enable_nested_tensor is True, but self.use_nested_tensor is False because encoder_layer.norm_first was True
  self.encoder = nn.TransformerEncoder(_make_encoder_layer(), num_layers=n_layers)
=== EXP-H105 shadow fold=2 lr0=1e-05 ===
=== EXP-H105 shadow fold=2 lr0=1e-04 ===
=== EXP-H105 shadow fold=2 lr0=1e-03 ===
=== EXP-H105 shadow fold=2 lr0=1e-02 ===
/workspace_developability_acquisition/developability_drilldown/models/antibody_transformer/model.py:259: UserWarning: enable_nested_tensor is True, but self.use_nested_tensor is False because encoder_layer.norm_first was True
  self.encoder = nn.TransformerEncoder(_make_encoder_layer(), num_layers=n_layers)
/workspace_developability_acquisition/developability_drilldown/models/antibody_transformer/model.py:259: UserWarning: enable_nested_tensor is True, but self.use_nested_tensor is False because encoder_layer.norm_first was True
  self.encoder = nn.TransformerEncoder(_make_encoder_layer(), num_layers=n_layers)
/workspace_developability_acquisition/developability_drilldown/models/antibody_transformer/model.py:259: UserWarning: enable_nested_tensor is True, but self.use_nested_tensor is False because encoder_layer.norm_first was True
  self.encoder = nn.TransformerEncoder(_make_encoder_layer(), num_layers=n_layers)
=== EXP-H105 shadow fold=3 lr0=1e-05 ===
=== EXP-H105 shadow fold=3 lr0=1e-04 ===
=== EXP-H105 shadow fold=3 lr0=1e-03 ===
=== EXP-H105 shadow fold=3 lr0=1e-02 ===
/workspace_developability_acquisition/developability_drilldown/models/antibody_transformer/model.py:259: UserWarning: enable_nested_tensor is True, but self.use_nested_tensor is False because encoder_layer.norm_first was True
  self.encoder = nn.TransformerEncoder(_make_encoder_layer(), num_layers=n_layers)
/workspace_developability_acquisition/developability_drilldown/models/antibody_transformer/model.py:259: UserWarning: enable_nested_tensor is True, but self.use_nested_tensor is False because encoder_layer.norm_first was True
  self.encoder = nn.TransformerEncoder(_make_encoder_layer(), num_layers=n_layers)
/workspace_developability_acquisition/developability_drilldown/models/antibody_transformer/model.py:259: UserWarning: enable_nested_tensor is True, but self.use_nested_tensor is False because encoder_layer.norm_first was True
  self.encoder = nn.TransformerEncoder(_make_encoder_layer(), num_layers=n_layers)
=== EXP-H105 shadow fold=4 lr0=1e-05 ===
=== EXP-H105 shadow fold=4 lr0=1e-04 ===
=== EXP-H105 shadow fold=4 lr0=1e-03 ===
=== EXP-H105 shadow fold=4 lr0=1e-02 ===
/workspace_developability_acquisition/developability_drilldown/models/antibody_transformer/model.py:259: UserWarning: enable_nested_tensor is True, but self.use_nested_tensor is False because encoder_layer.norm_first was True
  self.encoder = nn.TransformerEncoder(_make_encoder_layer(), num_layers=n_layers)
/workspace_developability_acquisition/developability_drilldown/models/antibody_transformer/model.py:259: UserWarning: enable_nested_tensor is True, but self.use_nested_tensor is False because encoder_layer.norm_first was True
  self.encoder = nn.TransformerEncoder(_make_encoder_layer(), num_layers=n_layers)
/workspace_developability_acquisition/developability_drilldown/models/antibody_transformer/model.py:259: UserWarning: enable_nested_tensor is True, but self.use_nested_tensor is False because encoder_layer.norm_first was True
  self.encoder = nn.TransformerEncoder(_make_encoder_layer(), num_layers=n_layers)
DONE EXP-H105
==== TRAIN EXP-H106 (Scratch + P3 EIS-R8 HSP alone) ====
/workspace_developability_acquisition/developability_drilldown/models/antibody_transformer/model.py:259: UserWarning: enable_nested_tensor is True, but self.use_nested_tensor is False because encoder_layer.norm_first was True
  self.encoder = nn.TransformerEncoder(_make_encoder_layer(), num_layers=n_layers)
=== EXP-H106 primary fold=0 lr0=1e-05 ===
=== EXP-H106 primary fold=0 lr0=1e-04 ===
=== EXP-H106 primary fold=0 lr0=1e-03 ===
=== EXP-H106 primary fold=0 lr0=1e-02 ===
/workspace_developability_acquisition/developability_drilldown/models/antibody_transformer/model.py:259: UserWarning: enable_nested_tensor is True, but self.use_nested_tensor is False because encoder_layer.norm_first was True
  self.encoder = nn.TransformerEncoder(_make_encoder_layer(), num_layers=n_layers)
/workspace_developability_acquisition/developability_drilldown/models/antibody_transformer/model.py:259: UserWarning: enable_nested_tensor is True, but self.use_nested_tensor is False because encoder_layer.norm_first was True
  self.encoder = nn.TransformerEncoder(_make_encoder_layer(), num_layers=n_layers)
/workspace_developability_acquisition/developability_drilldown/models/antibody_transformer/model.py:259: UserWarning: enable_nested_tensor is True, but self.use_nested_tensor is False because encoder_layer.norm_first was True
  self.encoder = nn.TransformerEncoder(_make_encoder_layer(), num_layers=n_layers)
=== EXP-H106 primary fold=1 lr0=1e-05 ===
=== EXP-H106 primary fold=1 lr0=1e-04 ===
=== EXP-H106 primary fold=1 lr0=1e-03 ===
=== EXP-H106 primary fold=1 lr0=1e-02 ===
/workspace_developability_acquisition/developability_drilldown/models/antibody_transformer/model.py:259: UserWarning: enable_nested_tensor is True, but self.use_nested_tensor is False because encoder_layer.norm_first was True
  self.encoder = nn.TransformerEncoder(_make_encoder_layer(), num_layers=n_layers)
/workspace_developability_acquisition/developability_drilldown/models/antibody_transformer/model.py:259: UserWarning: enable_nested_tensor is True, but self.use_nested_tensor is False because encoder_layer.norm_first was True
  self.encoder = nn.TransformerEncoder(_make_encoder_layer(), num_layers=n_layers)
/workspace_developability_acquisition/developability_drilldown/models/antibody_transformer/model.py:259: UserWarning: enable_nested_tensor is True, but self.use_nested_tensor is False because encoder_layer.norm_first was True
  self.encoder = nn.TransformerEncoder(_make_encoder_layer(), num_layers=n_layers)
=== EXP-H106 primary fold=2 lr0=1e-05 ===
=== EXP-H106 primary fold=2 lr0=1e-04 ===
=== EXP-H106 primary fold=2 lr0=1e-03 ===
=== EXP-H106 primary fold=2 lr0=1e-02 ===
/workspace_developability_acquisition/developability_drilldown/models/antibody_transformer/model.py:259: UserWarning: enable_nested_tensor is True, but self.use_nested_tensor is False because encoder_layer.norm_first was True
  self.encoder = nn.TransformerEncoder(_make_encoder_layer(), num_layers=n_layers)
/workspace_developability_acquisition/developability_drilldown/models/antibody_transformer/model.py:259: UserWarning: enable_nested_tensor is True, but self.use_nested_tensor is False because encoder_layer.norm_first was True
  self.encoder = nn.TransformerEncoder(_make_encoder_layer(), num_layers=n_layers)
/workspace_developability_acquisition/developability_drilldown/models/antibody_transformer/model.py:259: UserWarning: enable_nested_tensor is True, but self.use_nested_tensor is False because encoder_layer.norm_first was True
  self.encoder = nn.TransformerEncoder(_make_encoder_layer(), num_layers=n_layers)
=== EXP-H106 primary fold=3 lr0=1e-05 ===
=== EXP-H106 primary fold=3 lr0=1e-04 ===
=== EXP-H106 primary fold=3 lr0=1e-03 ===
=== EXP-H106 primary fold=3 lr0=1e-02 ===
/workspace_developability_acquisition/developability_drilldown/models/antibody_transformer/model.py:259: UserWarning: enable_nested_tensor is True, but self.use_nested_tensor is False because encoder_layer.norm_first was True
  self.encoder = nn.TransformerEncoder(_make_encoder_layer(), num_layers=n_layers)
/workspace_developability_acquisition/developability_drilldown/models/antibody_transformer/model.py:259: UserWarning: enable_nested_tensor is True, but self.use_nested_tensor is False because encoder_layer.norm_first was True
  self.encoder = nn.TransformerEncoder(_make_encoder_layer(), num_layers=n_layers)
/workspace_developability_acquisition/developability_drilldown/models/antibody_transformer/model.py:259: UserWarning: enable_nested_tensor is True, but self.use_nested_tensor is False because encoder_layer.norm_first was True
  self.encoder = nn.TransformerEncoder(_make_encoder_layer(), num_layers=n_layers)
=== EXP-H106 primary fold=4 lr0=1e-05 ===
=== EXP-H106 primary fold=4 lr0=1e-04 ===
=== EXP-H106 primary fold=4 lr0=1e-03 ===
=== EXP-H106 primary fold=4 lr0=1e-02 ===
/workspace_developability_acquisition/developability_drilldown/models/antibody_transformer/model.py:259: UserWarning: enable_nested_tensor is True, but self.use_nested_tensor is False because encoder_layer.norm_first was True
  self.encoder = nn.TransformerEncoder(_make_encoder_layer(), num_layers=n_layers)
/workspace_developability_acquisition/developability_drilldown/models/antibody_transformer/model.py:259: UserWarning: enable_nested_tensor is True, but self.use_nested_tensor is False because encoder_layer.norm_first was True
  self.encoder = nn.TransformerEncoder(_make_encoder_layer(), num_layers=n_layers)
/workspace_developability_acquisition/developability_drilldown/models/antibody_transformer/model.py:259: UserWarning: enable_nested_tensor is True, but self.use_nested_tensor is False because encoder_layer.norm_first was True
  self.encoder = nn.TransformerEncoder(_make_encoder_layer(), num_layers=n_layers)
=== EXP-H106 shadow fold=0 lr0=1e-05 ===
=== EXP-H106 shadow fold=0 lr0=1e-04 ===
=== EXP-H106 shadow fold=0 lr0=1e-03 ===
=== EXP-H106 shadow fold=0 lr0=1e-02 ===
/workspace_developability_acquisition/developability_drilldown/models/antibody_transformer/model.py:259: UserWarning: enable_nested_tensor is True, but self.use_nested_tensor is False because encoder_layer.norm_first was True
  self.encoder = nn.TransformerEncoder(_make_encoder_layer(), num_layers=n_layers)
/workspace_developability_acquisition/developability_drilldown/models/antibody_transformer/model.py:259: UserWarning: enable_nested_tensor is True, but self.use_nested_tensor is False because encoder_layer.norm_first was True
  self.encoder = nn.TransformerEncoder(_make_encoder_layer(), num_layers=n_layers)
/workspace_developability_acquisition/developability_drilldown/models/antibody_transformer/model.py:259: UserWarning: enable_nested_tensor is True, but self.use_nested_tensor is False because encoder_layer.norm_first was True
  self.encoder = nn.TransformerEncoder(_make_encoder_layer(), num_layers=n_layers)
=== EXP-H106 shadow fold=1 lr0=1e-05 ===
=== EXP-H106 shadow fold=1 lr0=1e-04 ===
=== EXP-H106 shadow fold=1 lr0=1e-03 ===
=== EXP-H106 shadow fold=1 lr0=1e-02 ===
/workspace_developability_acquisition/developability_drilldown/models/antibody_transformer/model.py:259: UserWarning: enable_nested_tensor is True, but self.use_nested_tensor is False because encoder_layer.norm_first was True
  self.encoder = nn.TransformerEncoder(_make_encoder_layer(), num_layers=n_layers)
/workspace_developability_acquisition/developability_drilldown/models/antibody_transformer/model.py:259: UserWarning: enable_nested_tensor is True, but self.use_nested_tensor is False because encoder_layer.norm_first was True
  self.encoder = nn.TransformerEncoder(_make_encoder_layer(), num_layers=n_layers)
/workspace_developability_acquisition/developability_drilldown/models/antibody_transformer/model.py:259: UserWarning: enable_nested_tensor is True, but self.use_nested_tensor is False because encoder_layer.norm_first was True
  self.encoder = nn.TransformerEncoder(_make_encoder_layer(), num_layers=n_layers)
=== EXP-H106 shadow fold=2 lr0=1e-05 ===
=== EXP-H106 shadow fold=2 lr0=1e-04 ===
=== EXP-H106 shadow fold=2 lr0=1e-03 ===
=== EXP-H106 shadow fold=2 lr0=1e-02 ===
/workspace_developability_acquisition/developability_drilldown/models/antibody_transformer/model.py:259: UserWarning: enable_nested_tensor is True, but self.use_nested_tensor is False because encoder_layer.norm_first was True
  self.encoder = nn.TransformerEncoder(_make_encoder_layer(), num_layers=n_layers)
/workspace_developability_acquisition/developability_drilldown/models/antibody_transformer/model.py:259: UserWarning: enable_nested_tensor is True, but self.use_nested_tensor is False because encoder_layer.norm_first was True
  self.encoder = nn.TransformerEncoder(_make_encoder_layer(), num_layers=n_layers)
/workspace_developability_acquisition/developability_drilldown/models/antibody_transformer/model.py:259: UserWarning: enable_nested_tensor is True, but self.use_nested_tensor is False because encoder_layer.norm_first was True
  self.encoder = nn.TransformerEncoder(_make_encoder_layer(), num_layers=n_layers)
=== EXP-H106 shadow fold=3 lr0=1e-05 ===
=== EXP-H106 shadow fold=3 lr0=1e-04 ===
=== EXP-H106 shadow fold=3 lr0=1e-03 ===
=== EXP-H106 shadow fold=3 lr0=1e-02 ===
/workspace_developability_acquisition/developability_drilldown/models/antibody_transformer/model.py:259: UserWarning: enable_nested_tensor is True, but self.use_nested_tensor is False because encoder_layer.norm_first was True
  self.encoder = nn.TransformerEncoder(_make_encoder_layer(), num_layers=n_layers)
/workspace_developability_acquisition/developability_drilldown/models/antibody_transformer/model.py:259: UserWarning: enable_nested_tensor is True, but self.use_nested_tensor is False because encoder_layer.norm_first was True
  self.encoder = nn.TransformerEncoder(_make_encoder_layer(), num_layers=n_layers)
/workspace_developability_acquisition/developability_drilldown/models/antibody_transformer/model.py:259: UserWarning: enable_nested_tensor is True, but self.use_nested_tensor is False because encoder_layer.norm_first was True
  self.encoder = nn.TransformerEncoder(_make_encoder_layer(), num_layers=n_layers)
=== EXP-H106 shadow fold=4 lr0=1e-05 ===
=== EXP-H106 shadow fold=4 lr0=1e-04 ===
=== EXP-H106 shadow fold=4 lr0=1e-03 ===
=== EXP-H106 shadow fold=4 lr0=1e-02 ===
/workspace_developability_acquisition/developability_drilldown/models/antibody_transformer/model.py:259: UserWarning: enable_nested_tensor is True, but self.use_nested_tensor is False because encoder_layer.norm_first was True
  self.encoder = nn.TransformerEncoder(_make_encoder_layer(), num_layers=n_layers)
/workspace_developability_acquisition/developability_drilldown/models/antibody_transformer/model.py:259: UserWarning: enable_nested_tensor is True, but self.use_nested_tensor is False because encoder_layer.norm_first was True
  self.encoder = nn.TransformerEncoder(_make_encoder_layer(), num_layers=n_layers)
/workspace_developability_acquisition/developability_drilldown/models/antibody_transformer/model.py:259: UserWarning: enable_nested_tensor is True, but self.use_nested_tensor is False because encoder_layer.norm_first was True
  self.encoder = nn.TransformerEncoder(_make_encoder_layer(), num_layers=n_layers)
DONE EXP-H106
==== TRAIN EXP-H107 (Scratch + SURFACE + P3 EIS-R8) ====
/workspace_developability_acquisition/developability_drilldown/models/antibody_transformer/model.py:259: UserWarning: enable_nested_tensor is True, but self.use_nested_tensor is False because encoder_layer.norm_first was True
  self.encoder = nn.TransformerEncoder(_make_encoder_layer(), num_layers=n_layers)
=== EXP-H107 primary fold=0 lr0=1e-05 ===
=== EXP-H107 primary fold=0 lr0=1e-04 ===
=== EXP-H107 primary fold=0 lr0=1e-03 ===
=== EXP-H107 primary fold=0 lr0=1e-02 ===
/workspace_developability_acquisition/developability_drilldown/models/antibody_transformer/model.py:259: UserWarning: enable_nested_tensor is True, but self.use_nested_tensor is False because encoder_layer.norm_first was True
  self.encoder = nn.TransformerEncoder(_make_encoder_layer(), num_layers=n_layers)
/workspace_developability_acquisition/developability_drilldown/models/antibody_transformer/model.py:259: UserWarning: enable_nested_tensor is True, but self.use_nested_tensor is False because encoder_layer.norm_first was True
  self.encoder = nn.TransformerEncoder(_make_encoder_layer(), num_layers=n_layers)
/workspace_developability_acquisition/developability_drilldown/models/antibody_transformer/model.py:259: UserWarning: enable_nested_tensor is True, but self.use_nested_tensor is False because encoder_layer.norm_first was True
  self.encoder = nn.TransformerEncoder(_make_encoder_layer(), num_layers=n_layers)
=== EXP-H107 primary fold=1 lr0=1e-05 ===
=== EXP-H107 primary fold=1 lr0=1e-04 ===
=== EXP-H107 primary fold=1 lr0=1e-03 ===
=== EXP-H107 primary fold=1 lr0=1e-02 ===
/workspace_developability_acquisition/developability_drilldown/models/antibody_transformer/model.py:259: UserWarning: enable_nested_tensor is True, but self.use_nested_tensor is False because encoder_layer.norm_first was True
  self.encoder = nn.TransformerEncoder(_make_encoder_layer(), num_layers=n_layers)
/workspace_developability_acquisition/developability_drilldown/models/antibody_transformer/model.py:259: UserWarning: enable_nested_tensor is True, but self.use_nested_tensor is False because encoder_layer.norm_first was True
  self.encoder = nn.TransformerEncoder(_make_encoder_layer(), num_layers=n_layers)
/workspace_developability_acquisition/developability_drilldown/models/antibody_transformer/model.py:259: UserWarning: enable_nested_tensor is True, but self.use_nested_tensor is False because encoder_layer.norm_first was True
  self.encoder = nn.TransformerEncoder(_make_encoder_layer(), num_layers=n_layers)
=== EXP-H107 primary fold=2 lr0=1e-05 ===
=== EXP-H107 primary fold=2 lr0=1e-04 ===
=== EXP-H107 primary fold=2 lr0=1e-03 ===
=== EXP-H107 primary fold=2 lr0=1e-02 ===
/workspace_developability_acquisition/developability_drilldown/models/antibody_transformer/model.py:259: UserWarning: enable_nested_tensor is True, but self.use_nested_tensor is False because encoder_layer.norm_first was True
  self.encoder = nn.TransformerEncoder(_make_encoder_layer(), num_layers=n_layers)
/workspace_developability_acquisition/developability_drilldown/models/antibody_transformer/model.py:259: UserWarning: enable_nested_tensor is True, but self.use_nested_tensor is False because encoder_layer.norm_first was True
  self.encoder = nn.TransformerEncoder(_make_encoder_layer(), num_layers=n_layers)
/workspace_developability_acquisition/developability_drilldown/models/antibody_transformer/model.py:259: UserWarning: enable_nested_tensor is True, but self.use_nested_tensor is False because encoder_layer.norm_first was True
  self.encoder = nn.TransformerEncoder(_make_encoder_layer(), num_layers=n_layers)
=== EXP-H107 primary fold=3 lr0=1e-05 ===
=== EXP-H107 primary fold=3 lr0=1e-04 ===
=== EXP-H107 primary fold=3 lr0=1e-03 ===
=== EXP-H107 primary fold=3 lr0=1e-02 ===
/workspace_developability_acquisition/developability_drilldown/models/antibody_transformer/model.py:259: UserWarning: enable_nested_tensor is True, but self.use_nested_tensor is False because encoder_layer.norm_first was True
  self.encoder = nn.TransformerEncoder(_make_encoder_layer(), num_layers=n_layers)
/workspace_developability_acquisition/developability_drilldown/models/antibody_transformer/model.py:259: UserWarning: enable_nested_tensor is True, but self.use_nested_tensor is False because encoder_layer.norm_first was True
  self.encoder = nn.TransformerEncoder(_make_encoder_layer(), num_layers=n_layers)
/workspace_developability_acquisition/developability_drilldown/models/antibody_transformer/model.py:259: UserWarning: enable_nested_tensor is True, but self.use_nested_tensor is False because encoder_layer.norm_first was True
  self.encoder = nn.TransformerEncoder(_make_encoder_layer(), num_layers=n_layers)
=== EXP-H107 primary fold=4 lr0=1e-05 ===
=== EXP-H107 primary fold=4 lr0=1e-04 ===
=== EXP-H107 primary fold=4 lr0=1e-03 ===
=== EXP-H107 primary fold=4 lr0=1e-02 ===
/workspace_developability_acquisition/developability_drilldown/models/antibody_transformer/model.py:259: UserWarning: enable_nested_tensor is True, but self.use_nested_tensor is False because encoder_layer.norm_first was True
  self.encoder = nn.TransformerEncoder(_make_encoder_layer(), num_layers=n_layers)
/workspace_developability_acquisition/developability_drilldown/models/antibody_transformer/model.py:259: UserWarning: enable_nested_tensor is True, but self.use_nested_tensor is False because encoder_layer.norm_first was True
  self.encoder = nn.TransformerEncoder(_make_encoder_layer(), num_layers=n_layers)
/workspace_developability_acquisition/developability_drilldown/models/antibody_transformer/model.py:259: UserWarning: enable_nested_tensor is True, but self.use_nested_tensor is False because encoder_layer.norm_first was True
  self.encoder = nn.TransformerEncoder(_make_encoder_layer(), num_layers=n_layers)
=== EXP-H107 shadow fold=0 lr0=1e-05 ===
=== EXP-H107 shadow fold=0 lr0=1e-04 ===
=== EXP-H107 shadow fold=0 lr0=1e-03 ===
=== EXP-H107 shadow fold=0 lr0=1e-02 ===
/workspace_developability_acquisition/developability_drilldown/models/antibody_transformer/model.py:259: UserWarning: enable_nested_tensor is True, but self.use_nested_tensor is False because encoder_layer.norm_first was True
  self.encoder = nn.TransformerEncoder(_make_encoder_layer(), num_layers=n_layers)
/workspace_developability_acquisition/developability_drilldown/models/antibody_transformer/model.py:259: UserWarning: enable_nested_tensor is True, but self.use_nested_tensor is False because encoder_layer.norm_first was True
  self.encoder = nn.TransformerEncoder(_make_encoder_layer(), num_layers=n_layers)
/workspace_developability_acquisition/developability_drilldown/models/antibody_transformer/model.py:259: UserWarning: enable_nested_tensor is True, but self.use_nested_tensor is False because encoder_layer.norm_first was True
  self.encoder = nn.TransformerEncoder(_make_encoder_layer(), num_layers=n_layers)
=== EXP-H107 shadow fold=1 lr0=1e-05 ===
=== EXP-H107 shadow fold=1 lr0=1e-04 ===
=== EXP-H107 shadow fold=1 lr0=1e-03 ===
=== EXP-H107 shadow fold=1 lr0=1e-02 ===
/workspace_developability_acquisition/developability_drilldown/models/antibody_transformer/model.py:259: UserWarning: enable_nested_tensor is True, but self.use_nested_tensor is False because encoder_layer.norm_first was True
  self.encoder = nn.TransformerEncoder(_make_encoder_layer(), num_layers=n_layers)
/workspace_developability_acquisition/developability_drilldown/models/antibody_transformer/model.py:259: UserWarning: enable_nested_tensor is True, but self.use_nested_tensor is False because encoder_layer.norm_first was True
  self.encoder = nn.TransformerEncoder(_make_encoder_layer(), num_layers=n_layers)
/workspace_developability_acquisition/developability_drilldown/models/antibody_transformer/model.py:259: UserWarning: enable_nested_tensor is True, but self.use_nested_tensor is False because encoder_layer.norm_first was True
  self.encoder = nn.TransformerEncoder(_make_encoder_layer(), num_layers=n_layers)
=== EXP-H107 shadow fold=2 lr0=1e-05 ===
=== EXP-H107 shadow fold=2 lr0=1e-04 ===
=== EXP-H107 shadow fold=2 lr0=1e-03 ===
=== EXP-H107 shadow fold=2 lr0=1e-02 ===
/workspace_developability_acquisition/developability_drilldown/models/antibody_transformer/model.py:259: UserWarning: enable_nested_tensor is True, but self.use_nested_tensor is False because encoder_layer.norm_first was True
  self.encoder = nn.TransformerEncoder(_make_encoder_layer(), num_layers=n_layers)
/workspace_developability_acquisition/developability_drilldown/models/antibody_transformer/model.py:259: UserWarning: enable_nested_tensor is True, but self.use_nested_tensor is False because encoder_layer.norm_first was True
  self.encoder = nn.TransformerEncoder(_make_encoder_layer(), num_layers=n_layers)
/workspace_developability_acquisition/developability_drilldown/models/antibody_transformer/model.py:259: UserWarning: enable_nested_tensor is True, but self.use_nested_tensor is False because encoder_layer.norm_first was True
  self.encoder = nn.TransformerEncoder(_make_encoder_layer(), num_layers=n_layers)
=== EXP-H107 shadow fold=3 lr0=1e-05 ===
=== EXP-H107 shadow fold=3 lr0=1e-04 ===
=== EXP-H107 shadow fold=3 lr0=1e-03 ===
=== EXP-H107 shadow fold=3 lr0=1e-02 ===
/workspace_developability_acquisition/developability_drilldown/models/antibody_transformer/model.py:259: UserWarning: enable_nested_tensor is True, but self.use_nested_tensor is False because encoder_layer.norm_first was True
  self.encoder = nn.TransformerEncoder(_make_encoder_layer(), num_layers=n_layers)
/workspace_developability_acquisition/developability_drilldown/models/antibody_transformer/model.py:259: UserWarning: enable_nested_tensor is True, but self.use_nested_tensor is False because encoder_layer.norm_first was True
  self.encoder = nn.TransformerEncoder(_make_encoder_layer(), num_layers=n_layers)
/workspace_developability_acquisition/developability_drilldown/models/antibody_transformer/model.py:259: UserWarning: enable_nested_tensor is True, but self.use_nested_tensor is False because encoder_layer.norm_first was True
  self.encoder = nn.TransformerEncoder(_make_encoder_layer(), num_layers=n_layers)
=== EXP-H107 shadow fold=4 lr0=1e-05 ===
=== EXP-H107 shadow fold=4 lr0=1e-04 ===
=== EXP-H107 shadow fold=4 lr0=1e-03 ===
=== EXP-H107 shadow fold=4 lr0=1e-02 ===
/workspace_developability_acquisition/developability_drilldown/models/antibody_transformer/model.py:259: UserWarning: enable_nested_tensor is True, but self.use_nested_tensor is False because encoder_layer.norm_first was True
  self.encoder = nn.TransformerEncoder(_make_encoder_layer(), num_layers=n_layers)
/workspace_developability_acquisition/developability_drilldown/models/antibody_transformer/model.py:259: UserWarning: enable_nested_tensor is True, but self.use_nested_tensor is False because encoder_layer.norm_first was True
  self.encoder = nn.TransformerEncoder(_make_encoder_layer(), num_layers=n_layers)
/workspace_developability_acquisition/developability_drilldown/models/antibody_transformer/model.py:259: UserWarning: enable_nested_tensor is True, but self.use_nested_tensor is False because encoder_layer.norm_first was True
  self.encoder = nn.TransformerEncoder(_make_encoder_layer(), num_layers=n_layers)
DONE EXP-H107
==== TRAIN EXP-H108 (ESM2 + P1 BM-R5 HSP alone) ====
/workspace_developability_acquisition/developability_drilldown/models/antibody_transformer/model.py:259: UserWarning: enable_nested_tensor is True, but self.use_nested_tensor is False because encoder_layer.norm_first was True
  self.encoder = nn.TransformerEncoder(_make_encoder_layer(), num_layers=n_layers)
=== EXP-H108 primary fold=0 lr0=1e-05 ===
=== EXP-H108 primary fold=0 lr0=1e-04 ===
=== EXP-H108 primary fold=0 lr0=1e-03 ===
=== EXP-H108 primary fold=0 lr0=1e-02 ===
/workspace_developability_acquisition/developability_drilldown/models/antibody_transformer/model.py:259: UserWarning: enable_nested_tensor is True, but self.use_nested_tensor is False because encoder_layer.norm_first was True
  self.encoder = nn.TransformerEncoder(_make_encoder_layer(), num_layers=n_layers)
/workspace_developability_acquisition/developability_drilldown/models/antibody_transformer/model.py:259: UserWarning: enable_nested_tensor is True, but self.use_nested_tensor is False because encoder_layer.norm_first was True
  self.encoder = nn.TransformerEncoder(_make_encoder_layer(), num_layers=n_layers)
/workspace_developability_acquisition/developability_drilldown/models/antibody_transformer/model.py:259: UserWarning: enable_nested_tensor is True, but self.use_nested_tensor is False because encoder_layer.norm_first was True
  self.encoder = nn.TransformerEncoder(_make_encoder_layer(), num_layers=n_layers)
=== EXP-H108 primary fold=1 lr0=1e-05 ===
=== EXP-H108 primary fold=1 lr0=1e-04 ===
=== EXP-H108 primary fold=1 lr0=1e-03 ===
=== EXP-H108 primary fold=1 lr0=1e-02 ===
/workspace_developability_acquisition/developability_drilldown/models/antibody_transformer/model.py:259: UserWarning: enable_nested_tensor is True, but self.use_nested_tensor is False because encoder_layer.norm_first was True
  self.encoder = nn.TransformerEncoder(_make_encoder_layer(), num_layers=n_layers)
/workspace_developability_acquisition/developability_drilldown/models/antibody_transformer/model.py:259: UserWarning: enable_nested_tensor is True, but self.use_nested_tensor is False because encoder_layer.norm_first was True
  self.encoder = nn.TransformerEncoder(_make_encoder_layer(), num_layers=n_layers)
/workspace_developability_acquisition/developability_drilldown/models/antibody_transformer/model.py:259: UserWarning: enable_nested_tensor is True, but self.use_nested_tensor is False because encoder_layer.norm_first was True
  self.encoder = nn.TransformerEncoder(_make_encoder_layer(), num_layers=n_layers)
=== EXP-H108 primary fold=2 lr0=1e-05 ===
=== EXP-H108 primary fold=2 lr0=1e-04 ===
=== EXP-H108 primary fold=2 lr0=1e-03 ===
=== EXP-H108 primary fold=2 lr0=1e-02 ===
/workspace_developability_acquisition/developability_drilldown/models/antibody_transformer/model.py:259: UserWarning: enable_nested_tensor is True, but self.use_nested_tensor is False because encoder_layer.norm_first was True
  self.encoder = nn.TransformerEncoder(_make_encoder_layer(), num_layers=n_layers)
/workspace_developability_acquisition/developability_drilldown/models/antibody_transformer/model.py:259: UserWarning: enable_nested_tensor is True, but self.use_nested_tensor is False because encoder_layer.norm_first was True
  self.encoder = nn.TransformerEncoder(_make_encoder_layer(), num_layers=n_layers)
/workspace_developability_acquisition/developability_drilldown/models/antibody_transformer/model.py:259: UserWarning: enable_nested_tensor is True, but self.use_nested_tensor is False because encoder_layer.norm_first was True
  self.encoder = nn.TransformerEncoder(_make_encoder_layer(), num_layers=n_layers)
=== EXP-H108 primary fold=3 lr0=1e-05 ===
=== EXP-H108 primary fold=3 lr0=1e-04 ===
=== EXP-H108 primary fold=3 lr0=1e-03 ===
=== EXP-H108 primary fold=3 lr0=1e-02 ===
/workspace_developability_acquisition/developability_drilldown/models/antibody_transformer/model.py:259: UserWarning: enable_nested_tensor is True, but self.use_nested_tensor is False because encoder_layer.norm_first was True
  self.encoder = nn.TransformerEncoder(_make_encoder_layer(), num_layers=n_layers)
/workspace_developability_acquisition/developability_drilldown/models/antibody_transformer/model.py:259: UserWarning: enable_nested_tensor is True, but self.use_nested_tensor is False because encoder_layer.norm_first was True
  self.encoder = nn.TransformerEncoder(_make_encoder_layer(), num_layers=n_layers)
/workspace_developability_acquisition/developability_drilldown/models/antibody_transformer/model.py:259: UserWarning: enable_nested_tensor is True, but self.use_nested_tensor is False because encoder_layer.norm_first was True
  self.encoder = nn.TransformerEncoder(_make_encoder_layer(), num_layers=n_layers)
=== EXP-H108 primary fold=4 lr0=1e-05 ===
=== EXP-H108 primary fold=4 lr0=1e-04 ===
=== EXP-H108 primary fold=4 lr0=1e-03 ===
=== EXP-H108 primary fold=4 lr0=1e-02 ===
/workspace_developability_acquisition/developability_drilldown/models/antibody_transformer/model.py:259: UserWarning: enable_nested_tensor is True, but self.use_nested_tensor is False because encoder_layer.norm_first was True
  self.encoder = nn.TransformerEncoder(_make_encoder_layer(), num_layers=n_layers)
/workspace_developability_acquisition/developability_drilldown/models/antibody_transformer/model.py:259: UserWarning: enable_nested_tensor is True, but self.use_nested_tensor is False because encoder_layer.norm_first was True
  self.encoder = nn.TransformerEncoder(_make_encoder_layer(), num_layers=n_layers)
/workspace_developability_acquisition/developability_drilldown/models/antibody_transformer/model.py:259: UserWarning: enable_nested_tensor is True, but self.use_nested_tensor is False because encoder_layer.norm_first was True
  self.encoder = nn.TransformerEncoder(_make_encoder_layer(), num_layers=n_layers)
=== EXP-H108 shadow fold=0 lr0=1e-05 ===
=== EXP-H108 shadow fold=0 lr0=1e-04 ===
=== EXP-H108 shadow fold=0 lr0=1e-03 ===
=== EXP-H108 shadow fold=0 lr0=1e-02 ===
/workspace_developability_acquisition/developability_drilldown/models/antibody_transformer/model.py:259: UserWarning: enable_nested_tensor is True, but self.use_nested_tensor is False because encoder_layer.norm_first was True
  self.encoder = nn.TransformerEncoder(_make_encoder_layer(), num_layers=n_layers)
/workspace_developability_acquisition/developability_drilldown/models/antibody_transformer/model.py:259: UserWarning: enable_nested_tensor is True, but self.use_nested_tensor is False because encoder_layer.norm_first was True
  self.encoder = nn.TransformerEncoder(_make_encoder_layer(), num_layers=n_layers)
/workspace_developability_acquisition/developability_drilldown/models/antibody_transformer/model.py:259: UserWarning: enable_nested_tensor is True, but self.use_nested_tensor is False because encoder_layer.norm_first was True
  self.encoder = nn.TransformerEncoder(_make_encoder_layer(), num_layers=n_layers)
=== EXP-H108 shadow fold=1 lr0=1e-05 ===
=== EXP-H108 shadow fold=1 lr0=1e-04 ===
=== EXP-H108 shadow fold=1 lr0=1e-03 ===
=== EXP-H108 shadow fold=1 lr0=1e-02 ===
/workspace_developability_acquisition/developability_drilldown/models/antibody_transformer/model.py:259: UserWarning: enable_nested_tensor is True, but self.use_nested_tensor is False because encoder_layer.norm_first was True
  self.encoder = nn.TransformerEncoder(_make_encoder_layer(), num_layers=n_layers)
/workspace_developability_acquisition/developability_drilldown/models/antibody_transformer/model.py:259: UserWarning: enable_nested_tensor is True, but self.use_nested_tensor is False because encoder_layer.norm_first was True
  self.encoder = nn.TransformerEncoder(_make_encoder_layer(), num_layers=n_layers)
/workspace_developability_acquisition/developability_drilldown/models/antibody_transformer/model.py:259: UserWarning: enable_nested_tensor is True, but self.use_nested_tensor is False because encoder_layer.norm_first was True
  self.encoder = nn.TransformerEncoder(_make_encoder_layer(), num_layers=n_layers)
=== EXP-H108 shadow fold=2 lr0=1e-05 ===
=== EXP-H108 shadow fold=2 lr0=1e-04 ===
=== EXP-H108 shadow fold=2 lr0=1e-03 ===
=== EXP-H108 shadow fold=2 lr0=1e-02 ===
/workspace_developability_acquisition/developability_drilldown/models/antibody_transformer/model.py:259: UserWarning: enable_nested_tensor is True, but self.use_nested_tensor is False because encoder_layer.norm_first was True
  self.encoder = nn.TransformerEncoder(_make_encoder_layer(), num_layers=n_layers)
/workspace_developability_acquisition/developability_drilldown/models/antibody_transformer/model.py:259: UserWarning: enable_nested_tensor is True, but self.use_nested_tensor is False because encoder_layer.norm_first was True
  self.encoder = nn.TransformerEncoder(_make_encoder_layer(), num_layers=n_layers)
/workspace_developability_acquisition/developability_drilldown/models/antibody_transformer/model.py:259: UserWarning: enable_nested_tensor is True, but self.use_nested_tensor is False because encoder_layer.norm_first was True
  self.encoder = nn.TransformerEncoder(_make_encoder_layer(), num_layers=n_layers)
=== EXP-H108 shadow fold=3 lr0=1e-05 ===
=== EXP-H108 shadow fold=3 lr0=1e-04 ===
=== EXP-H108 shadow fold=3 lr0=1e-03 ===
=== EXP-H108 shadow fold=3 lr0=1e-02 ===
/workspace_developability_acquisition/developability_drilldown/models/antibody_transformer/model.py:259: UserWarning: enable_nested_tensor is True, but self.use_nested_tensor is False because encoder_layer.norm_first was True
  self.encoder = nn.TransformerEncoder(_make_encoder_layer(), num_layers=n_layers)
/workspace_developability_acquisition/developability_drilldown/models/antibody_transformer/model.py:259: UserWarning: enable_nested_tensor is True, but self.use_nested_tensor is False because encoder_layer.norm_first was True
  self.encoder = nn.TransformerEncoder(_make_encoder_layer(), num_layers=n_layers)
/workspace_developability_acquisition/developability_drilldown/models/antibody_transformer/model.py:259: UserWarning: enable_nested_tensor is True, but self.use_nested_tensor is False because encoder_layer.norm_first was True
  self.encoder = nn.TransformerEncoder(_make_encoder_layer(), num_layers=n_layers)
=== EXP-H108 shadow fold=4 lr0=1e-05 ===
=== EXP-H108 shadow fold=4 lr0=1e-04 ===
=== EXP-H108 shadow fold=4 lr0=1e-03 ===
=== EXP-H108 shadow fold=4 lr0=1e-02 ===
/workspace_developability_acquisition/developability_drilldown/models/antibody_transformer/model.py:259: UserWarning: enable_nested_tensor is True, but self.use_nested_tensor is False because encoder_layer.norm_first was True
  self.encoder = nn.TransformerEncoder(_make_encoder_layer(), num_layers=n_layers)
/workspace_developability_acquisition/developability_drilldown/models/antibody_transformer/model.py:259: UserWarning: enable_nested_tensor is True, but self.use_nested_tensor is False because encoder_layer.norm_first was True
  self.encoder = nn.TransformerEncoder(_make_encoder_layer(), num_layers=n_layers)
/workspace_developability_acquisition/developability_drilldown/models/antibody_transformer/model.py:259: UserWarning: enable_nested_tensor is True, but self.use_nested_tensor is False because encoder_layer.norm_first was True
  self.encoder = nn.TransformerEncoder(_make_encoder_layer(), num_layers=n_layers)
DONE EXP-H108
==== TRAIN EXP-H109 (ESM2 + SURFACE + P1 BM-R5) ====
/workspace_developability_acquisition/developability_drilldown/models/antibody_transformer/model.py:259: UserWarning: enable_nested_tensor is True, but self.use_nested_tensor is False because encoder_layer.norm_first was True
  self.encoder = nn.TransformerEncoder(_make_encoder_layer(), num_layers=n_layers)
=== EXP-H109 primary fold=0 lr0=1e-05 ===
=== EXP-H109 primary fold=0 lr0=1e-04 ===
=== EXP-H109 primary fold=0 lr0=1e-03 ===
=== EXP-H109 primary fold=0 lr0=1e-02 ===
/workspace_developability_acquisition/developability_drilldown/models/antibody_transformer/model.py:259: UserWarning: enable_nested_tensor is True, but self.use_nested_tensor is False because encoder_layer.norm_first was True
  self.encoder = nn.TransformerEncoder(_make_encoder_layer(), num_layers=n_layers)
/workspace_developability_acquisition/developability_drilldown/models/antibody_transformer/model.py:259: UserWarning: enable_nested_tensor is True, but self.use_nested_tensor is False because encoder_layer.norm_first was True
  self.encoder = nn.TransformerEncoder(_make_encoder_layer(), num_layers=n_layers)
/workspace_developability_acquisition/developability_drilldown/models/antibody_transformer/model.py:259: UserWarning: enable_nested_tensor is True, but self.use_nested_tensor is False because encoder_layer.norm_first was True
  self.encoder = nn.TransformerEncoder(_make_encoder_layer(), num_layers=n_layers)
=== EXP-H109 primary fold=1 lr0=1e-05 ===
=== EXP-H109 primary fold=1 lr0=1e-04 ===
=== EXP-H109 primary fold=1 lr0=1e-03 ===
=== EXP-H109 primary fold=1 lr0=1e-02 ===
/workspace_developability_acquisition/developability_drilldown/models/antibody_transformer/model.py:259: UserWarning: enable_nested_tensor is True, but self.use_nested_tensor is False because encoder_layer.norm_first was True
  self.encoder = nn.TransformerEncoder(_make_encoder_layer(), num_layers=n_layers)
/workspace_developability_acquisition/developability_drilldown/models/antibody_transformer/model.py:259: UserWarning: enable_nested_tensor is True, but self.use_nested_tensor is False because encoder_layer.norm_first was True
  self.encoder = nn.TransformerEncoder(_make_encoder_layer(), num_layers=n_layers)
/workspace_developability_acquisition/developability_drilldown/models/antibody_transformer/model.py:259: UserWarning: enable_nested_tensor is True, but self.use_nested_tensor is False because encoder_layer.norm_first was True
  self.encoder = nn.TransformerEncoder(_make_encoder_layer(), num_layers=n_layers)
=== EXP-H109 primary fold=2 lr0=1e-05 ===
=== EXP-H109 primary fold=2 lr0=1e-04 ===
=== EXP-H109 primary fold=2 lr0=1e-03 ===
=== EXP-H109 primary fold=2 lr0=1e-02 ===
/workspace_developability_acquisition/developability_drilldown/models/antibody_transformer/model.py:259: UserWarning: enable_nested_tensor is True, but self.use_nested_tensor is False because encoder_layer.norm_first was True
  self.encoder = nn.TransformerEncoder(_make_encoder_layer(), num_layers=n_layers)
/workspace_developability_acquisition/developability_drilldown/models/antibody_transformer/model.py:259: UserWarning: enable_nested_tensor is True, but self.use_nested_tensor is False because encoder_layer.norm_first was True
  self.encoder = nn.TransformerEncoder(_make_encoder_layer(), num_layers=n_layers)
/workspace_developability_acquisition/developability_drilldown/models/antibody_transformer/model.py:259: UserWarning: enable_nested_tensor is True, but self.use_nested_tensor is False because encoder_layer.norm_first was True
  self.encoder = nn.TransformerEncoder(_make_encoder_layer(), num_layers=n_layers)
=== EXP-H109 primary fold=3 lr0=1e-05 ===
=== EXP-H109 primary fold=3 lr0=1e-04 ===
=== EXP-H109 primary fold=3 lr0=1e-03 ===
=== EXP-H109 primary fold=3 lr0=1e-02 ===
/workspace_developability_acquisition/developability_drilldown/models/antibody_transformer/model.py:259: UserWarning: enable_nested_tensor is True, but self.use_nested_tensor is False because encoder_layer.norm_first was True
  self.encoder = nn.TransformerEncoder(_make_encoder_layer(), num_layers=n_layers)
/workspace_developability_acquisition/developability_drilldown/models/antibody_transformer/model.py:259: UserWarning: enable_nested_tensor is True, but self.use_nested_tensor is False because encoder_layer.norm_first was True
  self.encoder = nn.TransformerEncoder(_make_encoder_layer(), num_layers=n_layers)
/workspace_developability_acquisition/developability_drilldown/models/antibody_transformer/model.py:259: UserWarning: enable_nested_tensor is True, but self.use_nested_tensor is False because encoder_layer.norm_first was True
  self.encoder = nn.TransformerEncoder(_make_encoder_layer(), num_layers=n_layers)
=== EXP-H109 primary fold=4 lr0=1e-05 ===
=== EXP-H109 primary fold=4 lr0=1e-04 ===
=== EXP-H109 primary fold=4 lr0=1e-03 ===
=== EXP-H109 primary fold=4 lr0=1e-02 ===
/workspace_developability_acquisition/developability_drilldown/models/antibody_transformer/model.py:259: UserWarning: enable_nested_tensor is True, but self.use_nested_tensor is False because encoder_layer.norm_first was True
  self.encoder = nn.TransformerEncoder(_make_encoder_layer(), num_layers=n_layers)
/workspace_developability_acquisition/developability_drilldown/models/antibody_transformer/model.py:259: UserWarning: enable_nested_tensor is True, but self.use_nested_tensor is False because encoder_layer.norm_first was True
  self.encoder = nn.TransformerEncoder(_make_encoder_layer(), num_layers=n_layers)
/workspace_developability_acquisition/developability_drilldown/models/antibody_transformer/model.py:259: UserWarning: enable_nested_tensor is True, but self.use_nested_tensor is False because encoder_layer.norm_first was True
  self.encoder = nn.TransformerEncoder(_make_encoder_layer(), num_layers=n_layers)
=== EXP-H109 shadow fold=0 lr0=1e-05 ===
=== EXP-H109 shadow fold=0 lr0=1e-04 ===
=== EXP-H109 shadow fold=0 lr0=1e-03 ===
=== EXP-H109 shadow fold=0 lr0=1e-02 ===
/workspace_developability_acquisition/developability_drilldown/models/antibody_transformer/model.py:259: UserWarning: enable_nested_tensor is True, but self.use_nested_tensor is False because encoder_layer.norm_first was True
  self.encoder = nn.TransformerEncoder(_make_encoder_layer(), num_layers=n_layers)
/workspace_developability_acquisition/developability_drilldown/models/antibody_transformer/model.py:259: UserWarning: enable_nested_tensor is True, but self.use_nested_tensor is False because encoder_layer.norm_first was True
  self.encoder = nn.TransformerEncoder(_make_encoder_layer(), num_layers=n_layers)
/workspace_developability_acquisition/developability_drilldown/models/antibody_transformer/model.py:259: UserWarning: enable_nested_tensor is True, but self.use_nested_tensor is False because encoder_layer.norm_first was True
  self.encoder = nn.TransformerEncoder(_make_encoder_layer(), num_layers=n_layers)
=== EXP-H109 shadow fold=1 lr0=1e-05 ===
=== EXP-H109 shadow fold=1 lr0=1e-04 ===
=== EXP-H109 shadow fold=1 lr0=1e-03 ===
=== EXP-H109 shadow fold=1 lr0=1e-02 ===
/workspace_developability_acquisition/developability_drilldown/models/antibody_transformer/model.py:259: UserWarning: enable_nested_tensor is True, but self.use_nested_tensor is False because encoder_layer.norm_first was True
  self.encoder = nn.TransformerEncoder(_make_encoder_layer(), num_layers=n_layers)
/workspace_developability_acquisition/developability_drilldown/models/antibody_transformer/model.py:259: UserWarning: enable_nested_tensor is True, but self.use_nested_tensor is False because encoder_layer.norm_first was True
  self.encoder = nn.TransformerEncoder(_make_encoder_layer(), num_layers=n_layers)
/workspace_developability_acquisition/developability_drilldown/models/antibody_transformer/model.py:259: UserWarning: enable_nested_tensor is True, but self.use_nested_tensor is False because encoder_layer.norm_first was True
  self.encoder = nn.TransformerEncoder(_make_encoder_layer(), num_layers=n_layers)
=== EXP-H109 shadow fold=2 lr0=1e-05 ===
=== EXP-H109 shadow fold=2 lr0=1e-04 ===
=== EXP-H109 shadow fold=2 lr0=1e-03 ===
=== EXP-H109 shadow fold=2 lr0=1e-02 ===
/workspace_developability_acquisition/developability_drilldown/models/antibody_transformer/model.py:259: UserWarning: enable_nested_tensor is True, but self.use_nested_tensor is False because encoder_layer.norm_first was True
  self.encoder = nn.TransformerEncoder(_make_encoder_layer(), num_layers=n_layers)
/workspace_developability_acquisition/developability_drilldown/models/antibody_transformer/model.py:259: UserWarning: enable_nested_tensor is True, but self.use_nested_tensor is False because encoder_layer.norm_first was True
  self.encoder = nn.TransformerEncoder(_make_encoder_layer(), num_layers=n_layers)
/workspace_developability_acquisition/developability_drilldown/models/antibody_transformer/model.py:259: UserWarning: enable_nested_tensor is True, but self.use_nested_tensor is False because encoder_layer.norm_first was True
  self.encoder = nn.TransformerEncoder(_make_encoder_layer(), num_layers=n_layers)
=== EXP-H109 shadow fold=3 lr0=1e-05 ===
=== EXP-H109 shadow fold=3 lr0=1e-04 ===
=== EXP-H109 shadow fold=3 lr0=1e-03 ===
=== EXP-H109 shadow fold=3 lr0=1e-02 ===
/workspace_developability_acquisition/developability_drilldown/models/antibody_transformer/model.py:259: UserWarning: enable_nested_tensor is True, but self.use_nested_tensor is False because encoder_layer.norm_first was True
  self.encoder = nn.TransformerEncoder(_make_encoder_layer(), num_layers=n_layers)
/workspace_developability_acquisition/developability_drilldown/models/antibody_transformer/model.py:259: UserWarning: enable_nested_tensor is True, but self.use_nested_tensor is False because encoder_layer.norm_first was True
  self.encoder = nn.TransformerEncoder(_make_encoder_layer(), num_layers=n_layers)
/workspace_developability_acquisition/developability_drilldown/models/antibody_transformer/model.py:259: UserWarning: enable_nested_tensor is True, but self.use_nested_tensor is False because encoder_layer.norm_first was True
  self.encoder = nn.TransformerEncoder(_make_encoder_layer(), num_layers=n_layers)
=== EXP-H109 shadow fold=4 lr0=1e-05 ===
=== EXP-H109 shadow fold=4 lr0=1e-04 ===
=== EXP-H109 shadow fold=4 lr0=1e-03 ===
=== EXP-H109 shadow fold=4 lr0=1e-02 ===
/workspace_developability_acquisition/developability_drilldown/models/antibody_transformer/model.py:259: UserWarning: enable_nested_tensor is True, but self.use_nested_tensor is False because encoder_layer.norm_first was True
  self.encoder = nn.TransformerEncoder(_make_encoder_layer(), num_layers=n_layers)
/workspace_developability_acquisition/developability_drilldown/models/antibody_transformer/model.py:259: UserWarning: enable_nested_tensor is True, but self.use_nested_tensor is False because encoder_layer.norm_first was True
  self.encoder = nn.TransformerEncoder(_make_encoder_layer(), num_layers=n_layers)
/workspace_developability_acquisition/developability_drilldown/models/antibody_transformer/model.py:259: UserWarning: enable_nested_tensor is True, but self.use_nested_tensor is False because encoder_layer.norm_first was True
  self.encoder = nn.TransformerEncoder(_make_encoder_layer(), num_layers=n_layers)
DONE EXP-H109
==== TRAIN EXP-H110 (ESM2 + P2 FP-R5 HSP alone) ====
/workspace_developability_acquisition/developability_drilldown/models/antibody_transformer/model.py:259: UserWarning: enable_nested_tensor is True, but self.use_nested_tensor is False because encoder_layer.norm_first was True
  self.encoder = nn.TransformerEncoder(_make_encoder_layer(), num_layers=n_layers)
=== EXP-H110 primary fold=0 lr0=1e-05 ===
=== EXP-H110 primary fold=0 lr0=1e-04 ===
=== EXP-H110 primary fold=0 lr0=1e-03 ===
=== EXP-H110 primary fold=0 lr0=1e-02 ===
/workspace_developability_acquisition/developability_drilldown/models/antibody_transformer/model.py:259: UserWarning: enable_nested_tensor is True, but self.use_nested_tensor is False because encoder_layer.norm_first was True
  self.encoder = nn.TransformerEncoder(_make_encoder_layer(), num_layers=n_layers)
/workspace_developability_acquisition/developability_drilldown/models/antibody_transformer/model.py:259: UserWarning: enable_nested_tensor is True, but self.use_nested_tensor is False because encoder_layer.norm_first was True
  self.encoder = nn.TransformerEncoder(_make_encoder_layer(), num_layers=n_layers)
/workspace_developability_acquisition/developability_drilldown/models/antibody_transformer/model.py:259: UserWarning: enable_nested_tensor is True, but self.use_nested_tensor is False because encoder_layer.norm_first was True
  self.encoder = nn.TransformerEncoder(_make_encoder_layer(), num_layers=n_layers)
=== EXP-H110 primary fold=1 lr0=1e-05 ===
=== EXP-H110 primary fold=1 lr0=1e-04 ===
=== EXP-H110 primary fold=1 lr0=1e-03 ===
=== EXP-H110 primary fold=1 lr0=1e-02 ===
/workspace_developability_acquisition/developability_drilldown/models/antibody_transformer/model.py:259: UserWarning: enable_nested_tensor is True, but self.use_nested_tensor is False because encoder_layer.norm_first was True
  self.encoder = nn.TransformerEncoder(_make_encoder_layer(), num_layers=n_layers)
/workspace_developability_acquisition/developability_drilldown/models/antibody_transformer/model.py:259: UserWarning: enable_nested_tensor is True, but self.use_nested_tensor is False because encoder_layer.norm_first was True
  self.encoder = nn.TransformerEncoder(_make_encoder_layer(), num_layers=n_layers)
/workspace_developability_acquisition/developability_drilldown/models/antibody_transformer/model.py:259: UserWarning: enable_nested_tensor is True, but self.use_nested_tensor is False because encoder_layer.norm_first was True
  self.encoder = nn.TransformerEncoder(_make_encoder_layer(), num_layers=n_layers)
=== EXP-H110 primary fold=2 lr0=1e-05 ===
=== EXP-H110 primary fold=2 lr0=1e-04 ===
=== EXP-H110 primary fold=2 lr0=1e-03 ===
=== EXP-H110 primary fold=2 lr0=1e-02 ===
/workspace_developability_acquisition/developability_drilldown/models/antibody_transformer/model.py:259: UserWarning: enable_nested_tensor is True, but self.use_nested_tensor is False because encoder_layer.norm_first was True
  self.encoder = nn.TransformerEncoder(_make_encoder_layer(), num_layers=n_layers)
/workspace_developability_acquisition/developability_drilldown/models/antibody_transformer/model.py:259: UserWarning: enable_nested_tensor is True, but self.use_nested_tensor is False because encoder_layer.norm_first was True
  self.encoder = nn.TransformerEncoder(_make_encoder_layer(), num_layers=n_layers)
/workspace_developability_acquisition/developability_drilldown/models/antibody_transformer/model.py:259: UserWarning: enable_nested_tensor is True, but self.use_nested_tensor is False because encoder_layer.norm_first was True
  self.encoder = nn.TransformerEncoder(_make_encoder_layer(), num_layers=n_layers)
=== EXP-H110 primary fold=3 lr0=1e-05 ===
=== EXP-H110 primary fold=3 lr0=1e-04 ===
=== EXP-H110 primary fold=3 lr0=1e-03 ===
=== EXP-H110 primary fold=3 lr0=1e-02 ===
/workspace_developability_acquisition/developability_drilldown/models/antibody_transformer/model.py:259: UserWarning: enable_nested_tensor is True, but self.use_nested_tensor is False because encoder_layer.norm_first was True
  self.encoder = nn.TransformerEncoder(_make_encoder_layer(), num_layers=n_layers)
/workspace_developability_acquisition/developability_drilldown/models/antibody_transformer/model.py:259: UserWarning: enable_nested_tensor is True, but self.use_nested_tensor is False because encoder_layer.norm_first was True
  self.encoder = nn.TransformerEncoder(_make_encoder_layer(), num_layers=n_layers)
/workspace_developability_acquisition/developability_drilldown/models/antibody_transformer/model.py:259: UserWarning: enable_nested_tensor is True, but self.use_nested_tensor is False because encoder_layer.norm_first was True
  self.encoder = nn.TransformerEncoder(_make_encoder_layer(), num_layers=n_layers)
=== EXP-H110 primary fold=4 lr0=1e-05 ===
=== EXP-H110 primary fold=4 lr0=1e-04 ===
=== EXP-H110 primary fold=4 lr0=1e-03 ===
=== EXP-H110 primary fold=4 lr0=1e-02 ===
/workspace_developability_acquisition/developability_drilldown/models/antibody_transformer/model.py:259: UserWarning: enable_nested_tensor is True, but self.use_nested_tensor is False because encoder_layer.norm_first was True
  self.encoder = nn.TransformerEncoder(_make_encoder_layer(), num_layers=n_layers)
/workspace_developability_acquisition/developability_drilldown/models/antibody_transformer/model.py:259: UserWarning: enable_nested_tensor is True, but self.use_nested_tensor is False because encoder_layer.norm_first was True
  self.encoder = nn.TransformerEncoder(_make_encoder_layer(), num_layers=n_layers)
/workspace_developability_acquisition/developability_drilldown/models/antibody_transformer/model.py:259: UserWarning: enable_nested_tensor is True, but self.use_nested_tensor is False because encoder_layer.norm_first was True
  self.encoder = nn.TransformerEncoder(_make_encoder_layer(), num_layers=n_layers)
=== EXP-H110 shadow fold=0 lr0=1e-05 ===
=== EXP-H110 shadow fold=0 lr0=1e-04 ===
=== EXP-H110 shadow fold=0 lr0=1e-03 ===
=== EXP-H110 shadow fold=0 lr0=1e-02 ===
/workspace_developability_acquisition/developability_drilldown/models/antibody_transformer/model.py:259: UserWarning: enable_nested_tensor is True, but self.use_nested_tensor is False because encoder_layer.norm_first was True
  self.encoder = nn.TransformerEncoder(_make_encoder_layer(), num_layers=n_layers)
/workspace_developability_acquisition/developability_drilldown/models/antibody_transformer/model.py:259: UserWarning: enable_nested_tensor is True, but self.use_nested_tensor is False because encoder_layer.norm_first was True
  self.encoder = nn.TransformerEncoder(_make_encoder_layer(), num_layers=n_layers)
/workspace_developability_acquisition/developability_drilldown/models/antibody_transformer/model.py:259: UserWarning: enable_nested_tensor is True, but self.use_nested_tensor is False because encoder_layer.norm_first was True
  self.encoder = nn.TransformerEncoder(_make_encoder_layer(), num_layers=n_layers)
=== EXP-H110 shadow fold=1 lr0=1e-05 ===
=== EXP-H110 shadow fold=1 lr0=1e-04 ===
=== EXP-H110 shadow fold=1 lr0=1e-03 ===
=== EXP-H110 shadow fold=1 lr0=1e-02 ===
/workspace_developability_acquisition/developability_drilldown/models/antibody_transformer/model.py:259: UserWarning: enable_nested_tensor is True, but self.use_nested_tensor is False because encoder_layer.norm_first was True
  self.encoder = nn.TransformerEncoder(_make_encoder_layer(), num_layers=n_layers)
/workspace_developability_acquisition/developability_drilldown/models/antibody_transformer/model.py:259: UserWarning: enable_nested_tensor is True, but self.use_nested_tensor is False because encoder_layer.norm_first was True
  self.encoder = nn.TransformerEncoder(_make_encoder_layer(), num_layers=n_layers)
/workspace_developability_acquisition/developability_drilldown/models/antibody_transformer/model.py:259: UserWarning: enable_nested_tensor is True, but self.use_nested_tensor is False because encoder_layer.norm_first was True
  self.encoder = nn.TransformerEncoder(_make_encoder_layer(), num_layers=n_layers)
=== EXP-H110 shadow fold=2 lr0=1e-05 ===
=== EXP-H110 shadow fold=2 lr0=1e-04 ===
=== EXP-H110 shadow fold=2 lr0=1e-03 ===
=== EXP-H110 shadow fold=2 lr0=1e-02 ===
/workspace_developability_acquisition/developability_drilldown/models/antibody_transformer/model.py:259: UserWarning: enable_nested_tensor is True, but self.use_nested_tensor is False because encoder_layer.norm_first was True
  self.encoder = nn.TransformerEncoder(_make_encoder_layer(), num_layers=n_layers)
/workspace_developability_acquisition/developability_drilldown/models/antibody_transformer/model.py:259: UserWarning: enable_nested_tensor is True, but self.use_nested_tensor is False because encoder_layer.norm_first was True
  self.encoder = nn.TransformerEncoder(_make_encoder_layer(), num_layers=n_layers)
/workspace_developability_acquisition/developability_drilldown/models/antibody_transformer/model.py:259: UserWarning: enable_nested_tensor is True, but self.use_nested_tensor is False because encoder_layer.norm_first was True
  self.encoder = nn.TransformerEncoder(_make_encoder_layer(), num_layers=n_layers)
=== EXP-H110 shadow fold=3 lr0=1e-05 ===
=== EXP-H110 shadow fold=3 lr0=1e-04 ===
=== EXP-H110 shadow fold=3 lr0=1e-03 ===
=== EXP-H110 shadow fold=3 lr0=1e-02 ===
/workspace_developability_acquisition/developability_drilldown/models/antibody_transformer/model.py:259: UserWarning: enable_nested_tensor is True, but self.use_nested_tensor is False because encoder_layer.norm_first was True
  self.encoder = nn.TransformerEncoder(_make_encoder_layer(), num_layers=n_layers)
/workspace_developability_acquisition/developability_drilldown/models/antibody_transformer/model.py:259: UserWarning: enable_nested_tensor is True, but self.use_nested_tensor is False because encoder_layer.norm_first was True
  self.encoder = nn.TransformerEncoder(_make_encoder_layer(), num_layers=n_layers)
/workspace_developability_acquisition/developability_drilldown/models/antibody_transformer/model.py:259: UserWarning: enable_nested_tensor is True, but self.use_nested_tensor is False because encoder_layer.norm_first was True
  self.encoder = nn.TransformerEncoder(_make_encoder_layer(), num_layers=n_layers)
=== EXP-H110 shadow fold=4 lr0=1e-05 ===
=== EXP-H110 shadow fold=4 lr0=1e-04 ===
=== EXP-H110 shadow fold=4 lr0=1e-03 ===
=== EXP-H110 shadow fold=4 lr0=1e-02 ===
/workspace_developability_acquisition/developability_drilldown/models/antibody_transformer/model.py:259: UserWarning: enable_nested_tensor is True, but self.use_nested_tensor is False because encoder_layer.norm_first was True
  self.encoder = nn.TransformerEncoder(_make_encoder_layer(), num_layers=n_layers)
/workspace_developability_acquisition/developability_drilldown/models/antibody_transformer/model.py:259: UserWarning: enable_nested_tensor is True, but self.use_nested_tensor is False because encoder_layer.norm_first was True
  self.encoder = nn.TransformerEncoder(_make_encoder_layer(), num_layers=n_layers)
/workspace_developability_acquisition/developability_drilldown/models/antibody_transformer/model.py:259: UserWarning: enable_nested_tensor is True, but self.use_nested_tensor is False because encoder_layer.norm_first was True
  self.encoder = nn.TransformerEncoder(_make_encoder_layer(), num_layers=n_layers)
DONE EXP-H110
==== TRAIN EXP-H111 (ESM2 + SURFACE + P2 FP-R5) ====
/workspace_developability_acquisition/developability_drilldown/models/antibody_transformer/model.py:259: UserWarning: enable_nested_tensor is True, but self.use_nested_tensor is False because encoder_layer.norm_first was True
  self.encoder = nn.TransformerEncoder(_make_encoder_layer(), num_layers=n_layers)
=== EXP-H111 primary fold=0 lr0=1e-05 ===
=== EXP-H111 primary fold=0 lr0=1e-04 ===
=== EXP-H111 primary fold=0 lr0=1e-03 ===
=== EXP-H111 primary fold=0 lr0=1e-02 ===
/workspace_developability_acquisition/developability_drilldown/models/antibody_transformer/model.py:259: UserWarning: enable_nested_tensor is True, but self.use_nested_tensor is False because encoder_layer.norm_first was True
  self.encoder = nn.TransformerEncoder(_make_encoder_layer(), num_layers=n_layers)
/workspace_developability_acquisition/developability_drilldown/models/antibody_transformer/model.py:259: UserWarning: enable_nested_tensor is True, but self.use_nested_tensor is False because encoder_layer.norm_first was True
  self.encoder = nn.TransformerEncoder(_make_encoder_layer(), num_layers=n_layers)
/workspace_developability_acquisition/developability_drilldown/models/antibody_transformer/model.py:259: UserWarning: enable_nested_tensor is True, but self.use_nested_tensor is False because encoder_layer.norm_first was True
  self.encoder = nn.TransformerEncoder(_make_encoder_layer(), num_layers=n_layers)
=== EXP-H111 primary fold=1 lr0=1e-05 ===
=== EXP-H111 primary fold=1 lr0=1e-04 ===
=== EXP-H111 primary fold=1 lr0=1e-03 ===
=== EXP-H111 primary fold=1 lr0=1e-02 ===
/workspace_developability_acquisition/developability_drilldown/models/antibody_transformer/model.py:259: UserWarning: enable_nested_tensor is True, but self.use_nested_tensor is False because encoder_layer.norm_first was True
  self.encoder = nn.TransformerEncoder(_make_encoder_layer(), num_layers=n_layers)
/workspace_developability_acquisition/developability_drilldown/models/antibody_transformer/model.py:259: UserWarning: enable_nested_tensor is True, but self.use_nested_tensor is False because encoder_layer.norm_first was True
  self.encoder = nn.TransformerEncoder(_make_encoder_layer(), num_layers=n_layers)
/workspace_developability_acquisition/developability_drilldown/models/antibody_transformer/model.py:259: UserWarning: enable_nested_tensor is True, but self.use_nested_tensor is False because encoder_layer.norm_first was True
  self.encoder = nn.TransformerEncoder(_make_encoder_layer(), num_layers=n_layers)
=== EXP-H111 primary fold=2 lr0=1e-05 ===
=== EXP-H111 primary fold=2 lr0=1e-04 ===
=== EXP-H111 primary fold=2 lr0=1e-03 ===
=== EXP-H111 primary fold=2 lr0=1e-02 ===
/workspace_developability_acquisition/developability_drilldown/models/antibody_transformer/model.py:259: UserWarning: enable_nested_tensor is True, but self.use_nested_tensor is False because encoder_layer.norm_first was True
  self.encoder = nn.TransformerEncoder(_make_encoder_layer(), num_layers=n_layers)
/workspace_developability_acquisition/developability_drilldown/models/antibody_transformer/model.py:259: UserWarning: enable_nested_tensor is True, but self.use_nested_tensor is False because encoder_layer.norm_first was True
  self.encoder = nn.TransformerEncoder(_make_encoder_layer(), num_layers=n_layers)
/workspace_developability_acquisition/developability_drilldown/models/antibody_transformer/model.py:259: UserWarning: enable_nested_tensor is True, but self.use_nested_tensor is False because encoder_layer.norm_first was True
  self.encoder = nn.TransformerEncoder(_make_encoder_layer(), num_layers=n_layers)
=== EXP-H111 primary fold=3 lr0=1e-05 ===
=== EXP-H111 primary fold=3 lr0=1e-04 ===
=== EXP-H111 primary fold=3 lr0=1e-03 ===
=== EXP-H111 primary fold=3 lr0=1e-02 ===
/workspace_developability_acquisition/developability_drilldown/models/antibody_transformer/model.py:259: UserWarning: enable_nested_tensor is True, but self.use_nested_tensor is False because encoder_layer.norm_first was True
  self.encoder = nn.TransformerEncoder(_make_encoder_layer(), num_layers=n_layers)
/workspace_developability_acquisition/developability_drilldown/models/antibody_transformer/model.py:259: UserWarning: enable_nested_tensor is True, but self.use_nested_tensor is False because encoder_layer.norm_first was True
  self.encoder = nn.TransformerEncoder(_make_encoder_layer(), num_layers=n_layers)
/workspace_developability_acquisition/developability_drilldown/models/antibody_transformer/model.py:259: UserWarning: enable_nested_tensor is True, but self.use_nested_tensor is False because encoder_layer.norm_first was True
  self.encoder = nn.TransformerEncoder(_make_encoder_layer(), num_layers=n_layers)
=== EXP-H111 primary fold=4 lr0=1e-05 ===
=== EXP-H111 primary fold=4 lr0=1e-04 ===
=== EXP-H111 primary fold=4 lr0=1e-03 ===
=== EXP-H111 primary fold=4 lr0=1e-02 ===
/workspace_developability_acquisition/developability_drilldown/models/antibody_transformer/model.py:259: UserWarning: enable_nested_tensor is True, but self.use_nested_tensor is False because encoder_layer.norm_first was True
  self.encoder = nn.TransformerEncoder(_make_encoder_layer(), num_layers=n_layers)
/workspace_developability_acquisition/developability_drilldown/models/antibody_transformer/model.py:259: UserWarning: enable_nested_tensor is True, but self.use_nested_tensor is False because encoder_layer.norm_first was True
  self.encoder = nn.TransformerEncoder(_make_encoder_layer(), num_layers=n_layers)
/workspace_developability_acquisition/developability_drilldown/models/antibody_transformer/model.py:259: UserWarning: enable_nested_tensor is True, but self.use_nested_tensor is False because encoder_layer.norm_first was True
  self.encoder = nn.TransformerEncoder(_make_encoder_layer(), num_layers=n_layers)
=== EXP-H111 shadow fold=0 lr0=1e-05 ===
=== EXP-H111 shadow fold=0 lr0=1e-04 ===
=== EXP-H111 shadow fold=0 lr0=1e-03 ===
=== EXP-H111 shadow fold=0 lr0=1e-02 ===
/workspace_developability_acquisition/developability_drilldown/models/antibody_transformer/model.py:259: UserWarning: enable_nested_tensor is True, but self.use_nested_tensor is False because encoder_layer.norm_first was True
  self.encoder = nn.TransformerEncoder(_make_encoder_layer(), num_layers=n_layers)
/workspace_developability_acquisition/developability_drilldown/models/antibody_transformer/model.py:259: UserWarning: enable_nested_tensor is True, but self.use_nested_tensor is False because encoder_layer.norm_first was True
  self.encoder = nn.TransformerEncoder(_make_encoder_layer(), num_layers=n_layers)
/workspace_developability_acquisition/developability_drilldown/models/antibody_transformer/model.py:259: UserWarning: enable_nested_tensor is True, but self.use_nested_tensor is False because encoder_layer.norm_first was True
  self.encoder = nn.TransformerEncoder(_make_encoder_layer(), num_layers=n_layers)
=== EXP-H111 shadow fold=1 lr0=1e-05 ===
=== EXP-H111 shadow fold=1 lr0=1e-04 ===
=== EXP-H111 shadow fold=1 lr0=1e-03 ===
=== EXP-H111 shadow fold=1 lr0=1e-02 ===
/workspace_developability_acquisition/developability_drilldown/models/antibody_transformer/model.py:259: UserWarning: enable_nested_tensor is True, but self.use_nested_tensor is False because encoder_layer.norm_first was True
  self.encoder = nn.TransformerEncoder(_make_encoder_layer(), num_layers=n_layers)
/workspace_developability_acquisition/developability_drilldown/models/antibody_transformer/model.py:259: UserWarning: enable_nested_tensor is True, but self.use_nested_tensor is False because encoder_layer.norm_first was True
  self.encoder = nn.TransformerEncoder(_make_encoder_layer(), num_layers=n_layers)
/workspace_developability_acquisition/developability_drilldown/models/antibody_transformer/model.py:259: UserWarning: enable_nested_tensor is True, but self.use_nested_tensor is False because encoder_layer.norm_first was True
  self.encoder = nn.TransformerEncoder(_make_encoder_layer(), num_layers=n_layers)
=== EXP-H111 shadow fold=2 lr0=1e-05 ===
=== EXP-H111 shadow fold=2 lr0=1e-04 ===
=== EXP-H111 shadow fold=2 lr0=1e-03 ===
=== EXP-H111 shadow fold=2 lr0=1e-02 ===
/workspace_developability_acquisition/developability_drilldown/models/antibody_transformer/model.py:259: UserWarning: enable_nested_tensor is True, but self.use_nested_tensor is False because encoder_layer.norm_first was True
  self.encoder = nn.TransformerEncoder(_make_encoder_layer(), num_layers=n_layers)
/workspace_developability_acquisition/developability_drilldown/models/antibody_transformer/model.py:259: UserWarning: enable_nested_tensor is True, but self.use_nested_tensor is False because encoder_layer.norm_first was True
  self.encoder = nn.TransformerEncoder(_make_encoder_layer(), num_layers=n_layers)
/workspace_developability_acquisition/developability_drilldown/models/antibody_transformer/model.py:259: UserWarning: enable_nested_tensor is True, but self.use_nested_tensor is False because encoder_layer.norm_first was True
  self.encoder = nn.TransformerEncoder(_make_encoder_layer(), num_layers=n_layers)
=== EXP-H111 shadow fold=3 lr0=1e-05 ===
=== EXP-H111 shadow fold=3 lr0=1e-04 ===
=== EXP-H111 shadow fold=3 lr0=1e-03 ===
=== EXP-H111 shadow fold=3 lr0=1e-02 ===
/workspace_developability_acquisition/developability_drilldown/models/antibody_transformer/model.py:259: UserWarning: enable_nested_tensor is True, but self.use_nested_tensor is False because encoder_layer.norm_first was True
  self.encoder = nn.TransformerEncoder(_make_encoder_layer(), num_layers=n_layers)
/workspace_developability_acquisition/developability_drilldown/models/antibody_transformer/model.py:259: UserWarning: enable_nested_tensor is True, but self.use_nested_tensor is False because encoder_layer.norm_first was True
  self.encoder = nn.TransformerEncoder(_make_encoder_layer(), num_layers=n_layers)
/workspace_developability_acquisition/developability_drilldown/models/antibody_transformer/model.py:259: UserWarning: enable_nested_tensor is True, but self.use_nested_tensor is False because encoder_layer.norm_first was True
  self.encoder = nn.TransformerEncoder(_make_encoder_layer(), num_layers=n_layers)
=== EXP-H111 shadow fold=4 lr0=1e-05 ===
=== EXP-H111 shadow fold=4 lr0=1e-04 ===
=== EXP-H111 shadow fold=4 lr0=1e-03 ===
=== EXP-H111 shadow fold=4 lr0=1e-02 ===
/workspace_developability_acquisition/developability_drilldown/models/antibody_transformer/model.py:259: UserWarning: enable_nested_tensor is True, but self.use_nested_tensor is False because encoder_layer.norm_first was True
  self.encoder = nn.TransformerEncoder(_make_encoder_layer(), num_layers=n_layers)
/workspace_developability_acquisition/developability_drilldown/models/antibody_transformer/model.py:259: UserWarning: enable_nested_tensor is True, but self.use_nested_tensor is False because encoder_layer.norm_first was True
  self.encoder = nn.TransformerEncoder(_make_encoder_layer(), num_layers=n_layers)
/workspace_developability_acquisition/developability_drilldown/models/antibody_transformer/model.py:259: UserWarning: enable_nested_tensor is True, but self.use_nested_tensor is False because encoder_layer.norm_first was True
  self.encoder = nn.TransformerEncoder(_make_encoder_layer(), num_layers=n_layers)
DONE EXP-H111
==== TRAIN EXP-H112 (ESM2 + P3 EIS-R8 HSP alone) ====
/workspace_developability_acquisition/developability_drilldown/models/antibody_transformer/model.py:259: UserWarning: enable_nested_tensor is True, but self.use_nested_tensor is False because encoder_layer.norm_first was True
  self.encoder = nn.TransformerEncoder(_make_encoder_layer(), num_layers=n_layers)
=== EXP-H112 primary fold=0 lr0=1e-05 ===
=== EXP-H112 primary fold=0 lr0=1e-04 ===
=== EXP-H112 primary fold=0 lr0=1e-03 ===
=== EXP-H112 primary fold=0 lr0=1e-02 ===
/workspace_developability_acquisition/developability_drilldown/models/antibody_transformer/model.py:259: UserWarning: enable_nested_tensor is True, but self.use_nested_tensor is False because encoder_layer.norm_first was True
  self.encoder = nn.TransformerEncoder(_make_encoder_layer(), num_layers=n_layers)
/workspace_developability_acquisition/developability_drilldown/models/antibody_transformer/model.py:259: UserWarning: enable_nested_tensor is True, but self.use_nested_tensor is False because encoder_layer.norm_first was True
  self.encoder = nn.TransformerEncoder(_make_encoder_layer(), num_layers=n_layers)
/workspace_developability_acquisition/developability_drilldown/models/antibody_transformer/model.py:259: UserWarning: enable_nested_tensor is True, but self.use_nested_tensor is False because encoder_layer.norm_first was True
  self.encoder = nn.TransformerEncoder(_make_encoder_layer(), num_layers=n_layers)
=== EXP-H112 primary fold=1 lr0=1e-05 ===
=== EXP-H112 primary fold=1 lr0=1e-04 ===
=== EXP-H112 primary fold=1 lr0=1e-03 ===
=== EXP-H112 primary fold=1 lr0=1e-02 ===
/workspace_developability_acquisition/developability_drilldown/models/antibody_transformer/model.py:259: UserWarning: enable_nested_tensor is True, but self.use_nested_tensor is False because encoder_layer.norm_first was True
  self.encoder = nn.TransformerEncoder(_make_encoder_layer(), num_layers=n_layers)
/workspace_developability_acquisition/developability_drilldown/models/antibody_transformer/model.py:259: UserWarning: enable_nested_tensor is True, but self.use_nested_tensor is False because encoder_layer.norm_first was True
  self.encoder = nn.TransformerEncoder(_make_encoder_layer(), num_layers=n_layers)
/workspace_developability_acquisition/developability_drilldown/models/antibody_transformer/model.py:259: UserWarning: enable_nested_tensor is True, but self.use_nested_tensor is False because encoder_layer.norm_first was True
  self.encoder = nn.TransformerEncoder(_make_encoder_layer(), num_layers=n_layers)
=== EXP-H112 primary fold=2 lr0=1e-05 ===
=== EXP-H112 primary fold=2 lr0=1e-04 ===
=== EXP-H112 primary fold=2 lr0=1e-03 ===
=== EXP-H112 primary fold=2 lr0=1e-02 ===
/workspace_developability_acquisition/developability_drilldown/models/antibody_transformer/model.py:259: UserWarning: enable_nested_tensor is True, but self.use_nested_tensor is False because encoder_layer.norm_first was True
  self.encoder = nn.TransformerEncoder(_make_encoder_layer(), num_layers=n_layers)
/workspace_developability_acquisition/developability_drilldown/models/antibody_transformer/model.py:259: UserWarning: enable_nested_tensor is True, but self.use_nested_tensor is False because encoder_layer.norm_first was True
  self.encoder = nn.TransformerEncoder(_make_encoder_layer(), num_layers=n_layers)
/workspace_developability_acquisition/developability_drilldown/models/antibody_transformer/model.py:259: UserWarning: enable_nested_tensor is True, but self.use_nested_tensor is False because encoder_layer.norm_first was True
  self.encoder = nn.TransformerEncoder(_make_encoder_layer(), num_layers=n_layers)
=== EXP-H112 primary fold=3 lr0=1e-05 ===
=== EXP-H112 primary fold=3 lr0=1e-04 ===
=== EXP-H112 primary fold=3 lr0=1e-03 ===
=== EXP-H112 primary fold=3 lr0=1e-02 ===
/workspace_developability_acquisition/developability_drilldown/models/antibody_transformer/model.py:259: UserWarning: enable_nested_tensor is True, but self.use_nested_tensor is False because encoder_layer.norm_first was True
  self.encoder = nn.TransformerEncoder(_make_encoder_layer(), num_layers=n_layers)
/workspace_developability_acquisition/developability_drilldown/models/antibody_transformer/model.py:259: UserWarning: enable_nested_tensor is True, but self.use_nested_tensor is False because encoder_layer.norm_first was True
  self.encoder = nn.TransformerEncoder(_make_encoder_layer(), num_layers=n_layers)
/workspace_developability_acquisition/developability_drilldown/models/antibody_transformer/model.py:259: UserWarning: enable_nested_tensor is True, but self.use_nested_tensor is False because encoder_layer.norm_first was True
  self.encoder = nn.TransformerEncoder(_make_encoder_layer(), num_layers=n_layers)
=== EXP-H112 primary fold=4 lr0=1e-05 ===
=== EXP-H112 primary fold=4 lr0=1e-04 ===
=== EXP-H112 primary fold=4 lr0=1e-03 ===
=== EXP-H112 primary fold=4 lr0=1e-02 ===
/workspace_developability_acquisition/developability_drilldown/models/antibody_transformer/model.py:259: UserWarning: enable_nested_tensor is True, but self.use_nested_tensor is False because encoder_layer.norm_first was True
  self.encoder = nn.TransformerEncoder(_make_encoder_layer(), num_layers=n_layers)
/workspace_developability_acquisition/developability_drilldown/models/antibody_transformer/model.py:259: UserWarning: enable_nested_tensor is True, but self.use_nested_tensor is False because encoder_layer.norm_first was True
  self.encoder = nn.TransformerEncoder(_make_encoder_layer(), num_layers=n_layers)
/workspace_developability_acquisition/developability_drilldown/models/antibody_transformer/model.py:259: UserWarning: enable_nested_tensor is True, but self.use_nested_tensor is False because encoder_layer.norm_first was True
  self.encoder = nn.TransformerEncoder(_make_encoder_layer(), num_layers=n_layers)
=== EXP-H112 shadow fold=0 lr0=1e-05 ===
=== EXP-H112 shadow fold=0 lr0=1e-04 ===
=== EXP-H112 shadow fold=0 lr0=1e-03 ===
=== EXP-H112 shadow fold=0 lr0=1e-02 ===
/workspace_developability_acquisition/developability_drilldown/models/antibody_transformer/model.py:259: UserWarning: enable_nested_tensor is True, but self.use_nested_tensor is False because encoder_layer.norm_first was True
  self.encoder = nn.TransformerEncoder(_make_encoder_layer(), num_layers=n_layers)
/workspace_developability_acquisition/developability_drilldown/models/antibody_transformer/model.py:259: UserWarning: enable_nested_tensor is True, but self.use_nested_tensor is False because encoder_layer.norm_first was True
  self.encoder = nn.TransformerEncoder(_make_encoder_layer(), num_layers=n_layers)
/workspace_developability_acquisition/developability_drilldown/models/antibody_transformer/model.py:259: UserWarning: enable_nested_tensor is True, but self.use_nested_tensor is False because encoder_layer.norm_first was True
  self.encoder = nn.TransformerEncoder(_make_encoder_layer(), num_layers=n_layers)
=== EXP-H112 shadow fold=1 lr0=1e-05 ===
=== EXP-H112 shadow fold=1 lr0=1e-04 ===
=== EXP-H112 shadow fold=1 lr0=1e-03 ===
=== EXP-H112 shadow fold=1 lr0=1e-02 ===
/workspace_developability_acquisition/developability_drilldown/models/antibody_transformer/model.py:259: UserWarning: enable_nested_tensor is True, but self.use_nested_tensor is False because encoder_layer.norm_first was True
  self.encoder = nn.TransformerEncoder(_make_encoder_layer(), num_layers=n_layers)
/workspace_developability_acquisition/developability_drilldown/models/antibody_transformer/model.py:259: UserWarning: enable_nested_tensor is True, but self.use_nested_tensor is False because encoder_layer.norm_first was True
  self.encoder = nn.TransformerEncoder(_make_encoder_layer(), num_layers=n_layers)
/workspace_developability_acquisition/developability_drilldown/models/antibody_transformer/model.py:259: UserWarning: enable_nested_tensor is True, but self.use_nested_tensor is False because encoder_layer.norm_first was True
  self.encoder = nn.TransformerEncoder(_make_encoder_layer(), num_layers=n_layers)
=== EXP-H112 shadow fold=2 lr0=1e-05 ===
=== EXP-H112 shadow fold=2 lr0=1e-04 ===
=== EXP-H112 shadow fold=2 lr0=1e-03 ===
=== EXP-H112 shadow fold=2 lr0=1e-02 ===
/workspace_developability_acquisition/developability_drilldown/models/antibody_transformer/model.py:259: UserWarning: enable_nested_tensor is True, but self.use_nested_tensor is False because encoder_layer.norm_first was True
  self.encoder = nn.TransformerEncoder(_make_encoder_layer(), num_layers=n_layers)
/workspace_developability_acquisition/developability_drilldown/models/antibody_transformer/model.py:259: UserWarning: enable_nested_tensor is True, but self.use_nested_tensor is False because encoder_layer.norm_first was True
  self.encoder = nn.TransformerEncoder(_make_encoder_layer(), num_layers=n_layers)
/workspace_developability_acquisition/developability_drilldown/models/antibody_transformer/model.py:259: UserWarning: enable_nested_tensor is True, but self.use_nested_tensor is False because encoder_layer.norm_first was True
  self.encoder = nn.TransformerEncoder(_make_encoder_layer(), num_layers=n_layers)
=== EXP-H112 shadow fold=3 lr0=1e-05 ===
=== EXP-H112 shadow fold=3 lr0=1e-04 ===
=== EXP-H112 shadow fold=3 lr0=1e-03 ===
=== EXP-H112 shadow fold=3 lr0=1e-02 ===
/workspace_developability_acquisition/developability_drilldown/models/antibody_transformer/model.py:259: UserWarning: enable_nested_tensor is True, but self.use_nested_tensor is False because encoder_layer.norm_first was True
  self.encoder = nn.TransformerEncoder(_make_encoder_layer(), num_layers=n_layers)
/workspace_developability_acquisition/developability_drilldown/models/antibody_transformer/model.py:259: UserWarning: enable_nested_tensor is True, but self.use_nested_tensor is False because encoder_layer.norm_first was True
  self.encoder = nn.TransformerEncoder(_make_encoder_layer(), num_layers=n_layers)
/workspace_developability_acquisition/developability_drilldown/models/antibody_transformer/model.py:259: UserWarning: enable_nested_tensor is True, but self.use_nested_tensor is False because encoder_layer.norm_first was True
  self.encoder = nn.TransformerEncoder(_make_encoder_layer(), num_layers=n_layers)
=== EXP-H112 shadow fold=4 lr0=1e-05 ===
=== EXP-H112 shadow fold=4 lr0=1e-04 ===
=== EXP-H112 shadow fold=4 lr0=1e-03 ===
=== EXP-H112 shadow fold=4 lr0=1e-02 ===
/workspace_developability_acquisition/developability_drilldown/models/antibody_transformer/model.py:259: UserWarning: enable_nested_tensor is True, but self.use_nested_tensor is False because encoder_layer.norm_first was True
  self.encoder = nn.TransformerEncoder(_make_encoder_layer(), num_layers=n_layers)
/workspace_developability_acquisition/developability_drilldown/models/antibody_transformer/model.py:259: UserWarning: enable_nested_tensor is True, but self.use_nested_tensor is False because encoder_layer.norm_first was True
  self.encoder = nn.TransformerEncoder(_make_encoder_layer(), num_layers=n_layers)
/workspace_developability_acquisition/developability_drilldown/models/antibody_transformer/model.py:259: UserWarning: enable_nested_tensor is True, but self.use_nested_tensor is False because encoder_layer.norm_first was True
  self.encoder = nn.TransformerEncoder(_make_encoder_layer(), num_layers=n_layers)
DONE EXP-H112
==== TRAIN EXP-H113 (ESM2 + SURFACE + P3 EIS-R8) ====
/workspace_developability_acquisition/developability_drilldown/models/antibody_transformer/model.py:259: UserWarning: enable_nested_tensor is True, but self.use_nested_tensor is False because encoder_layer.norm_first was True
  self.encoder = nn.TransformerEncoder(_make_encoder_layer(), num_layers=n_layers)
=== EXP-H113 primary fold=0 lr0=1e-05 ===
=== EXP-H113 primary fold=0 lr0=1e-04 ===
=== EXP-H113 primary fold=0 lr0=1e-03 ===
=== EXP-H113 primary fold=0 lr0=1e-02 ===
/workspace_developability_acquisition/developability_drilldown/models/antibody_transformer/model.py:259: UserWarning: enable_nested_tensor is True, but self.use_nested_tensor is False because encoder_layer.norm_first was True
  self.encoder = nn.TransformerEncoder(_make_encoder_layer(), num_layers=n_layers)
/workspace_developability_acquisition/developability_drilldown/models/antibody_transformer/model.py:259: UserWarning: enable_nested_tensor is True, but self.use_nested_tensor is False because encoder_layer.norm_first was True
  self.encoder = nn.TransformerEncoder(_make_encoder_layer(), num_layers=n_layers)
/workspace_developability_acquisition/developability_drilldown/models/antibody_transformer/model.py:259: UserWarning: enable_nested_tensor is True, but self.use_nested_tensor is False because encoder_layer.norm_first was True
  self.encoder = nn.TransformerEncoder(_make_encoder_layer(), num_layers=n_layers)
=== EXP-H113 primary fold=1 lr0=1e-05 ===
=== EXP-H113 primary fold=1 lr0=1e-04 ===
=== EXP-H113 primary fold=1 lr0=1e-03 ===
=== EXP-H113 primary fold=1 lr0=1e-02 ===
/workspace_developability_acquisition/developability_drilldown/models/antibody_transformer/model.py:259: UserWarning: enable_nested_tensor is True, but self.use_nested_tensor is False because encoder_layer.norm_first was True
  self.encoder = nn.TransformerEncoder(_make_encoder_layer(), num_layers=n_layers)
/workspace_developability_acquisition/developability_drilldown/models/antibody_transformer/model.py:259: UserWarning: enable_nested_tensor is True, but self.use_nested_tensor is False because encoder_layer.norm_first was True
  self.encoder = nn.TransformerEncoder(_make_encoder_layer(), num_layers=n_layers)
/workspace_developability_acquisition/developability_drilldown/models/antibody_transformer/model.py:259: UserWarning: enable_nested_tensor is True, but self.use_nested_tensor is False because encoder_layer.norm_first was True
  self.encoder = nn.TransformerEncoder(_make_encoder_layer(), num_layers=n_layers)
=== EXP-H113 primary fold=2 lr0=1e-05 ===
=== EXP-H113 primary fold=2 lr0=1e-04 ===
=== EXP-H113 primary fold=2 lr0=1e-03 ===
=== EXP-H113 primary fold=2 lr0=1e-02 ===
/workspace_developability_acquisition/developability_drilldown/models/antibody_transformer/model.py:259: UserWarning: enable_nested_tensor is True, but self.use_nested_tensor is False because encoder_layer.norm_first was True
  self.encoder = nn.TransformerEncoder(_make_encoder_layer(), num_layers=n_layers)
/workspace_developability_acquisition/developability_drilldown/models/antibody_transformer/model.py:259: UserWarning: enable_nested_tensor is True, but self.use_nested_tensor is False because encoder_layer.norm_first was True
  self.encoder = nn.TransformerEncoder(_make_encoder_layer(), num_layers=n_layers)
/workspace_developability_acquisition/developability_drilldown/models/antibody_transformer/model.py:259: UserWarning: enable_nested_tensor is True, but self.use_nested_tensor is False because encoder_layer.norm_first was True
  self.encoder = nn.TransformerEncoder(_make_encoder_layer(), num_layers=n_layers)
=== EXP-H113 primary fold=3 lr0=1e-05 ===
=== EXP-H113 primary fold=3 lr0=1e-04 ===
=== EXP-H113 primary fold=3 lr0=1e-03 ===
=== EXP-H113 primary fold=3 lr0=1e-02 ===
/workspace_developability_acquisition/developability_drilldown/models/antibody_transformer/model.py:259: UserWarning: enable_nested_tensor is True, but self.use_nested_tensor is False because encoder_layer.norm_first was True
  self.encoder = nn.TransformerEncoder(_make_encoder_layer(), num_layers=n_layers)
/workspace_developability_acquisition/developability_drilldown/models/antibody_transformer/model.py:259: UserWarning: enable_nested_tensor is True, but self.use_nested_tensor is False because encoder_layer.norm_first was True
  self.encoder = nn.TransformerEncoder(_make_encoder_layer(), num_layers=n_layers)
/workspace_developability_acquisition/developability_drilldown/models/antibody_transformer/model.py:259: UserWarning: enable_nested_tensor is True, but self.use_nested_tensor is False because encoder_layer.norm_first was True
  self.encoder = nn.TransformerEncoder(_make_encoder_layer(), num_layers=n_layers)
=== EXP-H113 primary fold=4 lr0=1e-05 ===
=== EXP-H113 primary fold=4 lr0=1e-04 ===
=== EXP-H113 primary fold=4 lr0=1e-03 ===
=== EXP-H113 primary fold=4 lr0=1e-02 ===
/workspace_developability_acquisition/developability_drilldown/models/antibody_transformer/model.py:259: UserWarning: enable_nested_tensor is True, but self.use_nested_tensor is False because encoder_layer.norm_first was True
  self.encoder = nn.TransformerEncoder(_make_encoder_layer(), num_layers=n_layers)
/workspace_developability_acquisition/developability_drilldown/models/antibody_transformer/model.py:259: UserWarning: enable_nested_tensor is True, but self.use_nested_tensor is False because encoder_layer.norm_first was True
  self.encoder = nn.TransformerEncoder(_make_encoder_layer(), num_layers=n_layers)
/workspace_developability_acquisition/developability_drilldown/models/antibody_transformer/model.py:259: UserWarning: enable_nested_tensor is True, but self.use_nested_tensor is False because encoder_layer.norm_first was True
  self.encoder = nn.TransformerEncoder(_make_encoder_layer(), num_layers=n_layers)
=== EXP-H113 shadow fold=0 lr0=1e-05 ===
=== EXP-H113 shadow fold=0 lr0=1e-04 ===
=== EXP-H113 shadow fold=0 lr0=1e-03 ===
=== EXP-H113 shadow fold=0 lr0=1e-02 ===
/workspace_developability_acquisition/developability_drilldown/models/antibody_transformer/model.py:259: UserWarning: enable_nested_tensor is True, but self.use_nested_tensor is False because encoder_layer.norm_first was True
  self.encoder = nn.TransformerEncoder(_make_encoder_layer(), num_layers=n_layers)
/workspace_developability_acquisition/developability_drilldown/models/antibody_transformer/model.py:259: UserWarning: enable_nested_tensor is True, but self.use_nested_tensor is False because encoder_layer.norm_first was True
  self.encoder = nn.TransformerEncoder(_make_encoder_layer(), num_layers=n_layers)
/workspace_developability_acquisition/developability_drilldown/models/antibody_transformer/model.py:259: UserWarning: enable_nested_tensor is True, but self.use_nested_tensor is False because encoder_layer.norm_first was True
  self.encoder = nn.TransformerEncoder(_make_encoder_layer(), num_layers=n_layers)
=== EXP-H113 shadow fold=1 lr0=1e-05 ===
=== EXP-H113 shadow fold=1 lr0=1e-04 ===
=== EXP-H113 shadow fold=1 lr0=1e-03 ===
=== EXP-H113 shadow fold=1 lr0=1e-02 ===
/workspace_developability_acquisition/developability_drilldown/models/antibody_transformer/model.py:259: UserWarning: enable_nested_tensor is True, but self.use_nested_tensor is False because encoder_layer.norm_first was True
  self.encoder = nn.TransformerEncoder(_make_encoder_layer(), num_layers=n_layers)
/workspace_developability_acquisition/developability_drilldown/models/antibody_transformer/model.py:259: UserWarning: enable_nested_tensor is True, but self.use_nested_tensor is False because encoder_layer.norm_first was True
  self.encoder = nn.TransformerEncoder(_make_encoder_layer(), num_layers=n_layers)
/workspace_developability_acquisition/developability_drilldown/models/antibody_transformer/model.py:259: UserWarning: enable_nested_tensor is True, but self.use_nested_tensor is False because encoder_layer.norm_first was True
  self.encoder = nn.TransformerEncoder(_make_encoder_layer(), num_layers=n_layers)
=== EXP-H113 shadow fold=2 lr0=1e-05 ===
=== EXP-H113 shadow fold=2 lr0=1e-04 ===
=== EXP-H113 shadow fold=2 lr0=1e-03 ===
=== EXP-H113 shadow fold=2 lr0=1e-02 ===
/workspace_developability_acquisition/developability_drilldown/models/antibody_transformer/model.py:259: UserWarning: enable_nested_tensor is True, but self.use_nested_tensor is False because encoder_layer.norm_first was True
  self.encoder = nn.TransformerEncoder(_make_encoder_layer(), num_layers=n_layers)
/workspace_developability_acquisition/developability_drilldown/models/antibody_transformer/model.py:259: UserWarning: enable_nested_tensor is True, but self.use_nested_tensor is False because encoder_layer.norm_first was True
  self.encoder = nn.TransformerEncoder(_make_encoder_layer(), num_layers=n_layers)
/workspace_developability_acquisition/developability_drilldown/models/antibody_transformer/model.py:259: UserWarning: enable_nested_tensor is True, but self.use_nested_tensor is False because encoder_layer.norm_first was True
  self.encoder = nn.TransformerEncoder(_make_encoder_layer(), num_layers=n_layers)
=== EXP-H113 shadow fold=3 lr0=1e-05 ===
=== EXP-H113 shadow fold=3 lr0=1e-04 ===
=== EXP-H113 shadow fold=3 lr0=1e-03 ===
=== EXP-H113 shadow fold=3 lr0=1e-02 ===
/workspace_developability_acquisition/developability_drilldown/models/antibody_transformer/model.py:259: UserWarning: enable_nested_tensor is True, but self.use_nested_tensor is False because encoder_layer.norm_first was True
  self.encoder = nn.TransformerEncoder(_make_encoder_layer(), num_layers=n_layers)
/workspace_developability_acquisition/developability_drilldown/models/antibody_transformer/model.py:259: UserWarning: enable_nested_tensor is True, but self.use_nested_tensor is False because encoder_layer.norm_first was True
  self.encoder = nn.TransformerEncoder(_make_encoder_layer(), num_layers=n_layers)
/workspace_developability_acquisition/developability_drilldown/models/antibody_transformer/model.py:259: UserWarning: enable_nested_tensor is True, but self.use_nested_tensor is False because encoder_layer.norm_first was True
  self.encoder = nn.TransformerEncoder(_make_encoder_layer(), num_layers=n_layers)
=== EXP-H113 shadow fold=4 lr0=1e-05 ===
=== EXP-H113 shadow fold=4 lr0=1e-04 ===
=== EXP-H113 shadow fold=4 lr0=1e-03 ===
=== EXP-H113 shadow fold=4 lr0=1e-02 ===
/workspace_developability_acquisition/developability_drilldown/models/antibody_transformer/model.py:259: UserWarning: enable_nested_tensor is True, but self.use_nested_tensor is False because encoder_layer.norm_first was True
  self.encoder = nn.TransformerEncoder(_make_encoder_layer(), num_layers=n_layers)
/workspace_developability_acquisition/developability_drilldown/models/antibody_transformer/model.py:259: UserWarning: enable_nested_tensor is True, but self.use_nested_tensor is False because encoder_layer.norm_first was True
  self.encoder = nn.TransformerEncoder(_make_encoder_layer(), num_layers=n_layers)
/workspace_developability_acquisition/developability_drilldown/models/antibody_transformer/model.py:259: UserWarning: enable_nested_tensor is True, but self.use_nested_tensor is False because encoder_layer.norm_first was True
  self.encoder = nn.TransformerEncoder(_make_encoder_layer(), num_layers=n_layers)
DONE EXP-H113
