experiment_code,scheme,fold,seed,initial_lr,eta_min,epoch,optimizer_step,train_loss,val_loss,val_mae,learning_rate,best_val_mae_so_far,best_epoch_so_far,epochs_since_improvement,is_best,stopped_early,numerical_failure
EXP-T132,primary,0,101,1e-05,1.0000000000000001e-07,1,7,0.520131061651877,0.4630269706249237,3.3703553170868843,1e-05,3.3703553170868843,1,0,True,False,False
EXP-T132,primary,0,101,1e-05,1.0000000000000001e-07,2,14,0.5408403830868858,0.4684640169143677,3.3575400150183476,9.99938933078422e-06,3.3575400150183476,2,0,True,False,False
EXP-T132,primary,0,101,1e-05,1.0000000000000001e-07,3,21,0.5562392090048108,0.4796132246653239,3.3516103571111504,9.997557473810373e-06,3.3516103571111504,3,0,True,False,False
EXP-T132,primary,0,101,1e-05,1.0000000000000001e-07,4,28,0.49317494460514616,0.4951920807361603,3.356298504453717,9.994504881061752e-06,3.3516103571111504,3,1,False,False,False
EXP-T132,primary,0,101,1e-05,1.0000000000000001e-07,5,35,0.4865312698696341,0.5023834904034933,3.3568566062233667,9.990232305719944e-06,3.3516103571111504,3,2,False,False,False
EXP-T132,primary,0,101,1e-05,1.0000000000000001e-07,6,42,0.5970987975597382,0.5046605666478475,3.355261600378788,9.984740801978984e-06,3.3516103571111504,3,3,False,False,False
EXP-T132,primary,0,101,1e-05,1.0000000000000001e-07,7,49,0.5050784349441528,0.5053902268409729,3.3526054151130444,9.978031724785247e-06,3.3516103571111504,3,4,False,False,False
EXP-T132,primary,0,101,1e-05,1.0000000000000001e-07,8,56,0.49924364898886,0.5008858442306519,3.348450863000118,9.97010672950314e-06,3.348450863000118,8,0,True,False,False
EXP-T132,primary,0,101,1e-05,1.0000000000000001e-07,9,63,0.534047509942736,0.49767154455184937,3.3445275046608667,9.960967771506666e-06,3.3445275046608667,9,0,True,False,False
EXP-T132,primary,0,101,1e-05,1.0000000000000001e-07,10,70,0.4724113813468388,0.49823476870854694,3.3422613432913115,9.950617105696961e-06,3.3422613432913115,10,0,True,False,False
EXP-T132,primary,0,101,1e-05,1.0000000000000001e-07,11,77,0.4878765701183251,0.5050477981567383,3.3415046460700757,9.939057285945933e-06,3.3415046460700757,11,0,True,False,False
EXP-T132,primary,0,101,1e-05,1.0000000000000001e-07,12,84,0.5050673250641141,0.5077376166979471,3.3393464521928267,9.926291164466131e-06,3.3393464521928267,12,0,True,False,False
EXP-T132,primary,0,101,1e-05,1.0000000000000001e-07,13,91,0.612971122775759,0.5043015778064728,3.3353884147875235,9.91232189110701e-06,3.3353884147875235,13,0,True,False,False
EXP-T132,primary,0,101,1e-05,1.0000000000000001e-07,14,98,0.600034407206944,0.5022417505582174,3.3318130030776514,9.897152912577742e-06,3.3318130030776514,14,0,True,False,False
EXP-T132,primary,0,101,1e-05,1.0000000000000001e-07,15,105,0.47354700575981823,0.5010207096735636,3.3291977391098486,9.8807879715968e-06,3.3291977391098486,15,0,True,False,False
EXP-T132,primary,0,101,1e-05,1.0000000000000001e-07,16,112,0.5343970996992928,0.5050602654616038,3.328694199070786,9.8632311059685e-06,3.328694199070786,16,0,True,False,False
EXP-T132,primary,0,101,1e-05,1.0000000000000001e-07,17,119,0.723726749420166,0.4952952563762665,3.322111881140507,9.844486647586724e-06,3.322111881140507,17,0,True,False,False
EXP-T132,primary,0,101,1e-05,1.0000000000000001e-07,18,126,0.49408141310725895,0.4965226948261261,3.3197456128669507,9.824559221366101e-06,3.3197456128669507,18,0,True,False,False
EXP-T132,primary,0,101,1e-05,1.0000000000000001e-07,19,133,0.4895966649055481,0.498551348845164,3.3178851965701943,9.803453744100868e-06,3.3178851965701943,19,0,True,False,False
EXP-T132,primary,0,101,1e-05,1.0000000000000001e-07,20,140,0.49426255242100786,0.4955290953318278,3.3140963930072207,9.781175423251734e-06,3.3140963930072207,20,0,True,False,False
EXP-T132,primary,0,101,1e-05,1.0000000000000001e-07,21,147,0.47914969229272436,0.49805699785550434,3.3122049967447915,9.757729755661012e-06,3.3122049967447915,21,0,True,False,False
EXP-T132,primary,0,101,1e-05,1.0000000000000001e-07,22,154,0.5498771071434021,0.49432307481765747,3.307219303015507,9.73312252619635e-06,3.307219303015507,22,0,True,False,False
EXP-T132,primary,0,101,1e-05,1.0000000000000001e-07,23,161,0.4982711502483913,0.4979272286097209,3.3056000218246924,9.707359806323418e-06,3.3056000218246924,23,0,True,False,False
EXP-T132,primary,0,101,1e-05,1.0000000000000001e-07,24,168,0.4756759703159332,0.5014829337596893,3.3033599853515625,9.680447952607845e-06,3.3033599853515625,24,0,True,False,False
EXP-T132,primary,0,101,1e-05,1.0000000000000001e-07,25,175,0.4596387648156711,0.5026934742927551,3.3005900527491714,9.652393605146845e-06,3.3005900527491714,25,0,True,False,False
EXP-T132,primary,0,101,1e-05,1.0000000000000001e-07,26,182,0.5028118757264954,0.49864379564921063,3.2962993275035513,9.62320368593087e-06,3.2962993275035513,26,0,True,False,False
EXP-T132,primary,0,101,1e-05,1.0000000000000001e-07,27,189,0.4917676406247275,0.49738462766011554,3.2930570660215435,9.592885397135707e-06,3.2930570660215435,27,0,True,False,False
EXP-T132,primary,0,101,1e-05,1.0000000000000001e-07,28,196,0.4673689760051535,0.4965827862421672,3.2904498938358193,9.561446219345455e-06,3.2904498938358193,28,0,True,False,False
EXP-T132,primary,0,101,1e-05,1.0000000000000001e-07,29,203,0.4796018996941192,0.49556903044382733,3.287830930767637,9.528893909706798e-06,3.287830930767637,29,0,True,False,False
EXP-T132,primary,0,101,1e-05,1.0000000000000001e-07,30,210,0.504612569298063,0.4910709162553151,3.28303828383937,9.495236500015048e-06,3.28303828383937,30,0,True,False,False
EXP-T132,primary,0,101,1e-05,1.0000000000000001e-07,31,217,0.5775168878691537,0.48791561524073285,3.279161395448627,9.460482294732422e-06,3.279161395448627,31,0,True,False,False
EXP-T132,primary,0,101,1e-05,1.0000000000000001e-07,32,224,0.5336859864848,0.4902067184448242,3.2771881565903174,9.424639868939035e-06,3.2771881565903174,32,0,True,False,False
EXP-T132,primary,0,101,1e-05,1.0000000000000001e-07,33,231,0.5751114955970219,0.4843165874481201,3.2709554036458335,9.387718066217125e-06,3.2709554036458335,33,0,True,False,False
EXP-T132,primary,0,101,1e-05,1.0000000000000001e-07,34,238,0.515095055103302,0.48870788017908734,3.269012451171875,9.349725996469047e-06,3.269012451171875,34,0,True,False,False
EXP-T132,primary,0,101,1e-05,1.0000000000000001e-07,35,245,0.48735611353601727,0.4966714183489482,3.2690709431966147,9.310673033669522e-06,3.269012451171875,34,1,False,False,False
EXP-T132,primary,0,101,1e-05,1.0000000000000001e-07,36,252,0.47467675898224115,0.4938826362291972,3.265063430323745,9.270568813552757e-06,3.265063430323745,36,0,True,False,False
EXP-T132,primary,0,101,1e-05,1.0000000000000001e-07,37,259,0.544690089566367,0.5028447608153025,3.266053402062618,9.229423231234975e-06,3.265063430323745,36,1,False,False,False
EXP-T132,primary,0,101,1e-05,1.0000000000000001e-07,38,266,0.4713709514055933,0.5113823115825653,3.265460390033144,9.18724643877294e-06,3.265063430323745,36,2,False,False,False
EXP-T132,primary,0,101,1e-05,1.0000000000000001e-07,39,273,0.48522874287196566,0.5109716157118479,3.261732390432647,9.144048842659081e-06,3.261732390432647,39,0,True,False,False
EXP-T132,primary,0,101,1e-05,1.0000000000000001e-07,40,280,0.462396356676306,0.5093009273211161,3.2579974550189394,9.099841101253867e-06,3.2579974550189394,40,0,True,False,False
EXP-T132,primary,0,101,1e-05,1.0000000000000001e-07,41,287,0.4635519156498568,0.5077818830808004,3.254523074988163,9.054634122155991e-06,3.254523074988163,41,0,True,False,False
EXP-T132,primary,0,101,1e-05,1.0000000000000001e-07,42,294,0.4534780393753733,0.5136315027872721,3.2542826334635415,9.0084390595111e-06,3.2542826334635415,42,0,True,False,False
EXP-T132,primary,0,101,1e-05,1.0000000000000001e-07,43,301,0.46934772841632366,0.5125710368156433,3.2516830906723486,8.961267311259668e-06,3.2516830906723486,43,0,True,False,False
EXP-T132,primary,0,101,1e-05,1.0000000000000001e-07,44,308,0.46788684172289713,0.5064101616541544,3.246641679243608,8.913130516324733e-06,3.246641679243608,44,0,True,False,False
EXP-T132,primary,0,101,1e-05,1.0000000000000001e-07,45,315,0.44477996536131414,0.5049143234888712,3.24298095703125,8.864040551740158e-06,3.24298095703125,45,0,True,False,False
EXP-T132,primary,0,101,1e-05,1.0000000000000001e-07,46,322,0.49289375117846895,0.5018019676208496,3.238967664314039,8.814009529720155e-06,3.238967664314039,46,0,True,False,False
EXP-T132,primary,0,101,1e-05,1.0000000000000001e-07,47,329,0.5195227222783225,0.49483634034792584,3.232832012754498,8.763049794670776e-06,3.232832012754498,47,0,True,False,False
EXP-T132,primary,0,101,1e-05,1.0000000000000001e-07,48,336,0.569460711308888,0.4876448114713033,3.2254324248342803,8.711173920144118e-06,3.2254324248342803,48,0,True,False,False
EXP-T132,primary,0,101,1e-05,1.0000000000000001e-07,49,343,0.4668777031557901,0.48227840662002563,3.2196026426373106,8.658394705735988e-06,3.2196026426373106,49,0,True,False,False
EXP-T132,primary,0,101,1e-05,1.0000000000000001e-07,50,350,0.5190314650535583,0.48103173573811847,3.2163102121064155,8.604725173927786e-06,3.2163102121064155,50,0,True,False,False
EXP-T132,primary,0,101,1e-05,1.0000000000000001e-07,51,357,0.458471628172057,0.47738736867904663,3.2113323789654356,8.550178566873412e-06,3.2113323789654356,51,0,True,False,False
EXP-T132,primary,0,101,1e-05,1.0000000000000001e-07,52,364,0.44676503858395983,0.47824154297510785,3.2083381884025806,8.494768343131955e-06,3.2083381884025806,52,0,True,False,False
EXP-T132,primary,0,101,1e-05,1.0000000000000001e-07,53,371,0.4506421318427393,0.4814867476622264,3.2067952011570786,8.43850817434701e-06,3.2067952011570786,53,0,True,False,False
EXP-T132,primary,0,101,1e-05,1.0000000000000001e-07,54,378,0.4621052231107439,0.475403090318044,3.201637036872633,8.381411941873379e-06,3.201637036872633,54,0,True,False,False
EXP-T132,primary,0,101,1e-05,1.0000000000000001e-07,55,385,0.5040741647992816,0.47146910429000854,3.19646083947384,8.323493733352078e-06,3.19646083947384,55,0,True,False,False
EXP-T132,primary,0,101,1e-05,1.0000000000000001e-07,56,392,0.4990006685256958,0.47629837195078534,3.1946357958244556,8.26476783923441e-06,3.1946357958244556,56,0,True,False,False
EXP-T132,primary,0,101,1e-05,1.0000000000000001e-07,57,399,0.44738014095595907,0.4819757640361786,3.1934976288766572,8.205248749256014e-06,3.1934976288766572,57,0,True,False,False
EXP-T132,primary,0,101,1e-05,1.0000000000000001e-07,58,406,0.683439416544778,0.49128736058870953,3.1943229906486743,8.144951148861743e-06,3.1934976288766572,57,1,False,False,False
EXP-T132,primary,0,101,1e-05,1.0000000000000001e-07,59,413,0.46777890835489544,0.4946316182613373,3.1927726052024146,8.083889915582235e-06,3.1927726052024146,59,0,True,False,False
EXP-T132,primary,0,101,1e-05,1.0000000000000001e-07,60,420,0.442735896778426,0.4898276428381602,3.18813740123402,8.022080115363127e-06,3.18813740123402,60,0,True,False,False
EXP-T132,primary,0,101,1e-05,1.0000000000000001e-07,61,427,0.693531083209174,0.4823911488056183,3.1814131303267046,7.959536998847744e-06,3.1814131303267046,61,0,True,False,False
EXP-T132,primary,0,101,1e-05,1.0000000000000001e-07,62,434,0.4609114815081869,0.47919978698094684,3.1766218705610796,7.89627599761423e-06,3.1766218705610796,62,0,True,False,False
EXP-T132,primary,0,101,1e-05,1.0000000000000001e-07,63,441,0.4804019693817411,0.4772563974062602,3.1726076530687735,7.832312720368048e-06,3.1726076530687735,63,0,True,False,False
EXP-T132,primary,0,101,1e-05,1.0000000000000001e-07,64,448,0.7699356036526817,0.4775158365567525,3.169000105424361,7.767662949090754e-06,3.169000105424361,64,0,True,False,False
EXP-T132,primary,0,101,1e-05,1.0000000000000001e-07,65,455,0.5484479601894107,0.47875141104062396,3.1655756632486978,7.702342635146033e-06,3.1655756632486978,65,0,True,False,False
EXP-T132,primary,0,101,1e-05,1.0000000000000001e-07,66,462,0.5756806411913463,0.4775267740090688,3.160792264071378,7.636367895343947e-06,3.160792264071378,66,0,True,False,False
EXP-T132,primary,0,101,1e-05,1.0000000000000001e-07,67,469,0.5367373653820583,0.46453356742858887,3.1494875821200283,7.5697550079643376e-06,3.1494875821200283,67,0,True,False,False
EXP-T132,primary,0,101,1e-05,1.0000000000000001e-07,68,476,0.42244080134800505,0.45964040358861286,3.1414690884676846,7.502520408740418e-06,3.1414690884676846,68,0,True,False,False
EXP-T132,primary,0,101,1e-05,1.0000000000000001e-07,69,483,0.4269894095403807,0.4551861882209778,3.134099324544271,7.43468068680349e-06,3.134099324544271,69,0,True,False,False
EXP-T132,primary,0,101,1e-05,1.0000000000000001e-07,70,490,0.44331409835389685,0.46063512563705444,3.1332896839488638,7.366252580589839e-06,3.1332896839488638,70,0,True,False,False
EXP-T132,primary,0,101,1e-05,1.0000000000000001e-07,71,497,0.4644894834075655,0.46806920568148297,3.1347205422141333,7.297252973710756e-06,3.1332896839488638,70,1,False,False,False
EXP-T132,primary,0,101,1e-05,1.0000000000000001e-07,72,504,0.42320716440943734,0.46946682532628375,3.1325262821081914,7.227698890786779e-06,3.1325262821081914,72,0,True,False,False
EXP-T132,primary,0,101,1e-05,1.0000000000000001e-07,73,511,0.533218149627958,0.472910741964976,3.130258271188447,7.15760749324711e-06,3.130258271188447,73,0,True,False,False
EXP-T132,primary,0,101,1e-05,1.0000000000000001e-07,74,518,0.750296699149268,0.47920121749242145,3.1327373620235557,7.086996075095289e-06,3.130258271188447,73,1,False,False,False
EXP-T132,primary,0,101,1e-05,1.0000000000000001e-07,75,525,0.7165514401027134,0.48151902357737225,3.1332485314571494,7.015882058642164e-06,3.130258271188447,73,2,False,False,False
EXP-T132,primary,0,101,1e-05,1.0000000000000001e-07,76,532,0.4427871491227831,0.48455246289571124,3.1344976714163115,6.9442829902071945e-06,3.130258271188447,73,3,False,False,False
EXP-T132,primary,0,101,1e-05,1.0000000000000001e-07,77,539,0.4658239356109074,0.48074978590011597,3.1266375454989346,6.8722165357891564e-06,3.1266375454989346,77,0,True,False,False
EXP-T132,primary,0,101,1e-05,1.0000000000000001e-07,78,546,0.5659190756934029,0.48814382155736286,3.133215008359967,6.799700476707323e-06,3.1266375454989346,77,1,False,False,False
EXP-T132,primary,0,101,1e-05,1.0000000000000001e-07,79,553,0.4212830566934177,0.4864096740881602,3.1286089348070547,6.726752705214193e-06,3.1266375454989346,77,2,False,False,False
EXP-T132,primary,0,101,1e-05,1.0000000000000001e-07,80,560,0.44953664924417225,0.4827118118604024,3.1213152336351797,6.65339122008084e-06,3.1213152336351797,80,0,True,False,False
EXP-T132,primary,0,101,1e-05,1.0000000000000001e-07,81,567,0.6366163662501744,0.47560326258341473,3.1086756388346353,6.57963412215599e-06,3.1086756388346353,81,0,True,False,False
EXP-T132,primary,0,101,1e-05,1.0000000000000001e-07,82,574,0.4261042848229408,0.47077925006548565,3.099515047940341,6.505499609899905e-06,3.099515047940341,82,0,True,False,False
EXP-T132,primary,0,101,1e-05,1.0000000000000001e-07,83,581,0.4153479529278619,0.4685900807380676,3.0936545169714726,6.431005974894185e-06,3.0936545169714726,83,0,True,False,False
EXP-T132,primary,0,101,1e-05,1.0000000000000001e-07,84,588,0.5588955112865993,0.4670654833316803,3.0889763109611743,6.356171597328595e-06,3.0889763109611743,84,0,True,False,False
EXP-T132,primary,0,101,1e-05,1.0000000000000001e-07,85,595,0.42691700745906147,0.46307172377904254,3.079866582697088,6.28101494146603e-06,3.079866582697088,85,0,True,False,False
EXP-T132,primary,0,101,1e-05,1.0000000000000001e-07,86,602,0.464640987770898,0.4669388035933177,3.0822254527698862,6.205554551086732e-06,3.079866582697088,85,1,False,False,False
EXP-T132,primary,0,101,1e-05,1.0000000000000001e-07,87,609,0.42881184603486744,0.4699915846188863,3.0833636197176846,6.129809044912887e-06,3.079866582697088,85,2,False,False,False
EXP-T132,primary,0,101,1e-05,1.0000000000000001e-07,88,616,0.4213668576308659,0.47517698009808856,3.0875581683534565,6.053797112014738e-06,3.079866582697088,85,3,False,False,False
EXP-T132,primary,0,101,1e-05,1.0000000000000001e-07,89,623,0.4304759475801672,0.4742673834164937,3.0835501930930396,5.977537507199338e-06,3.079866582697088,85,4,False,False,False
EXP-T132,primary,0,101,1e-05,1.0000000000000001e-07,90,630,0.5166426045554025,0.4718628128369649,3.0775923295454546,5.901049046383077e-06,3.0775923295454546,90,0,True,False,False
EXP-T132,primary,0,101,1e-05,1.0000000000000001e-07,91,637,0.44272798938410624,0.4634772141774495,3.063123991995147,5.824350601949143e-06,3.063123991995147,91,0,True,False,False
EXP-T132,primary,0,101,1e-05,1.0000000000000001e-07,92,644,0.6596991057906832,0.4575017988681793,3.0522907141483193,5.7474610980910354e-06,3.0522907141483193,92,0,True,False,False
EXP-T132,primary,0,101,1e-05,1.0000000000000001e-07,93,651,0.6003976123673576,0.4563075304031372,3.048423073508523,5.6703995061433075e-06,3.048423073508523,93,0,True,False,False
EXP-T132,primary,0,101,1e-05,1.0000000000000001e-07,94,658,0.6269662082195282,0.4545305371284485,3.0433247884114585,5.5931848399006745e-06,3.0433247884114585,94,0,True,False,False
EXP-T132,primary,0,101,1e-05,1.0000000000000001e-07,95,665,0.42318338847586084,0.4512152075767517,3.0354889378403174,5.515836150926646e-06,3.0354889378403174,95,0,True,False,False
EXP-T132,primary,0,101,1e-05,1.0000000000000001e-07,96,672,0.3968888156648193,0.4489769438902537,3.028788942279238,5.438372523852833e-06,3.028788942279238,96,0,True,False,False
EXP-T132,primary,0,101,1e-05,1.0000000000000001e-07,97,679,0.4437818229198456,0.44764529665311176,3.0239838108871924,5.360813071670101e-06,3.0239838108871924,97,0,True,False,False
EXP-T132,primary,0,101,1e-05,1.0000000000000001e-07,98,686,0.5405034635748182,0.4458989202976227,3.0188069199070786,5.283176931012731e-06,3.0188069199070786,98,0,True,False,False
EXP-T132,primary,0,101,1e-05,1.0000000000000001e-07,99,693,0.42387600243091583,0.44583038489023846,3.0162286469430635,5.205483257436735e-06,3.0162286469430635,99,0,True,False,False
EXP-T132,primary,0,101,1e-05,1.0000000000000001e-07,100,700,0.4608033725193569,0.4441150625546773,3.010301532167377,5.127751220693512e-06,3.010301532167377,100,0,True,False,False
EXP-T132,primary,0,101,1e-05,1.0000000000000001e-07,101,707,0.41854978886632516,0.4404857357343038,3.0072906956528174,5.05e-06,3.0072906956528174,101,0,True,False,False
EXP-T132,primary,0,101,1e-05,1.0000000000000001e-07,102,714,0.6129451713391713,0.4419482151667277,3.0045133648496685,4.972248779306488e-06,3.0045133648496685,102,0,True,False,False
EXP-T132,primary,0,101,1e-05,1.0000000000000001e-07,103,721,0.42959678678640295,0.44350411494572956,3.0041471539121685,4.8945167425632645e-06,3.0041471539121685,103,0,True,False,False
EXP-T132,primary,0,101,1e-05,1.0000000000000001e-07,104,728,0.3898998918167698,0.4471116860707601,3.007508711381392,4.816823068987269e-06,3.0041471539121685,103,1,False,False,False
EXP-T132,primary,0,101,1e-05,1.0000000000000001e-07,105,735,0.49118574602263315,0.45018187165260315,3.009275263006037,4.7391869283298985e-06,3.0041471539121685,103,2,False,False,False
EXP-T132,primary,0,101,1e-05,1.0000000000000001e-07,106,742,0.5056572471346173,0.4496489961942037,3.005738460656368,4.661627476147168e-06,3.0041471539121685,103,3,False,False,False
EXP-T132,primary,0,101,1e-05,1.0000000000000001e-07,107,749,0.6485745353358132,0.4480541944503784,3.001181631377249,4.584163849073354e-06,3.001181631377249,107,0,True,False,False
EXP-T132,primary,0,101,1e-05,1.0000000000000001e-07,108,756,0.42008255302373854,0.4501782755057017,3.0031564885919746,4.506815160099326e-06,3.001181631377249,107,1,False,False,False
EXP-T132,primary,0,101,1e-05,1.0000000000000001e-07,109,763,0.4216529370418617,0.45365872979164124,3.0076772516424004,4.429600493856694e-06,3.001181631377249,107,2,False,False,False
EXP-T132,primary,0,101,1e-05,1.0000000000000001e-07,110,770,0.42309973841266973,0.45540746053059894,3.008053866299716,4.352538901908967e-06,3.001181631377249,107,3,False,False,False
EXP-T132,primary,0,101,1e-05,1.0000000000000001e-07,111,777,0.47410908341407776,0.460337499777476,3.0141069816820547,4.275649398050858e-06,3.001181631377249,107,4,False,False,False
EXP-T132,primary,0,101,1e-05,1.0000000000000001e-07,112,784,0.473560094833374,0.46042635043462116,3.013451778527462,4.198950953616922e-06,3.001181631377249,107,5,False,False,False
EXP-T132,primary,0,101,1e-05,1.0000000000000001e-07,113,791,0.4827816869531359,0.46240562200546265,3.0174905025597774,4.122462492800663e-06,3.001181631377249,107,6,False,False,False
EXP-T132,primary,0,101,1e-05,1.0000000000000001e-07,114,798,0.4065465304468359,0.46182846029599506,3.0156377156575522,4.046202887985263e-06,3.001181631377249,107,7,False,False,False
EXP-T132,primary,0,101,1e-05,1.0000000000000001e-07,115,805,0.5653898673398154,0.46058501799901325,3.0122639049183237,3.970190955087116e-06,3.001181631377249,107,8,False,False,False
EXP-T132,primary,0,101,1e-05,1.0000000000000001e-07,116,812,0.3918647184369287,0.4597291747728984,3.0094394105853457,3.894445448913268e-06,3.001181631377249,107,9,False,False,False
EXP-T132,primary,0,101,1e-05,1.0000000000000001e-07,117,819,0.4047625718355578,0.4568509856859843,3.0020009821111504,3.818985058533969e-06,3.001181631377249,107,10,False,False,False
EXP-T132,primary,0,101,1e-05,1.0000000000000001e-07,118,826,0.5119838629450116,0.45214057962099713,2.9896022912227744,3.7438284026714044e-06,2.9896022912227744,118,0,True,False,False
EXP-T132,primary,0,101,1e-05,1.0000000000000001e-07,119,833,0.4603518673351833,0.4475066463152568,2.9797948201497397,3.6689940251058153e-06,2.9797948201497397,119,0,True,False,False
EXP-T132,primary,0,101,1e-05,1.0000000000000001e-07,120,840,0.4265478721686772,0.444154957930247,2.9754201715642754,3.594500390100096e-06,2.9754201715642754,120,0,True,False,False
EXP-T132,primary,0,101,1e-05,1.0000000000000001e-07,121,847,0.6322260456425803,0.44328396519025165,2.9727198282877603,3.5203658778440116e-06,2.9727198282877603,121,0,True,False,False
EXP-T132,primary,0,101,1e-05,1.0000000000000001e-07,122,854,0.4224306337190293,0.4413557747999827,2.969799619732481,3.4466087799191603e-06,2.969799619732481,122,0,True,False,False
EXP-T132,primary,0,101,1e-05,1.0000000000000001e-07,123,861,0.46011667592184885,0.4418291350205739,2.9690177223899146,3.3732472947858077e-06,2.9690177223899146,123,0,True,False,False
EXP-T132,primary,0,101,1e-05,1.0000000000000001e-07,124,868,0.4111446291208267,0.4453011155128479,2.9713872273763022,3.300299523292678e-06,2.9690177223899146,123,1,False,False,False
EXP-T132,primary,0,101,1e-05,1.0000000000000001e-07,125,875,0.4200248344319074,0.44944403568903607,2.97776748194839,3.227783464210845e-06,2.9690177223899146,123,2,False,False,False
EXP-T132,primary,0,101,1e-05,1.0000000000000001e-07,126,882,0.43888956734112333,0.45356134573618573,2.9857076009114585,3.155717009792807e-06,2.9690177223899146,123,3,False,False,False
EXP-T132,primary,0,101,1e-05,1.0000000000000001e-07,127,889,0.42269011427249226,0.4576489329338074,2.9947028882575757,3.0841179413578354e-06,2.9690177223899146,123,4,False,False,False
EXP-T132,primary,0,101,1e-05,1.0000000000000001e-07,128,896,0.41962960828095675,0.45757607618967694,2.993850245620265,3.0130039249047117e-06,2.9690177223899146,123,5,False,False,False
EXP-T132,primary,0,101,1e-05,1.0000000000000001e-07,129,903,0.46870588830539156,0.4512408475081126,2.978882529518821,2.9423925067528904e-06,2.9690177223899146,123,6,False,False,False
EXP-T132,primary,0,101,1e-05,1.0000000000000001e-07,130,910,0.4735475948878697,0.44585981965065,2.970317724979285,2.87230110921322e-06,2.9690177223899146,123,7,False,False,False
EXP-T132,primary,0,101,1e-05,1.0000000000000001e-07,131,917,0.4333523916346686,0.44433947404225665,2.967597499038234,2.8027470262892435e-06,2.967597499038234,131,0,True,False,False
EXP-T132,primary,0,101,1e-05,1.0000000000000001e-07,132,924,0.3912519562457289,0.43964539964993793,2.959625937721946,2.7337474194101625e-06,2.959625937721946,132,0,True,False,False
EXP-T132,primary,0,101,1e-05,1.0000000000000001e-07,133,931,0.43310630321502686,0.4366266131401062,2.9557245427911933,2.6653193131965085e-06,2.9557245427911933,133,0,True,False,False
EXP-T132,primary,0,101,1e-05,1.0000000000000001e-07,134,938,0.39399993286601137,0.4345130920410156,2.953746217669863,2.5974795912595824e-06,2.953746217669863,134,0,True,False,False
EXP-T132,primary,0,101,1e-05,1.0000000000000001e-07,135,945,0.42658110175813946,0.432422935962677,2.9531955141009707,2.530244992035662e-06,2.9531955141009707,135,0,True,False,False
EXP-T132,primary,0,101,1e-05,1.0000000000000001e-07,136,952,0.39110578623201164,0.4302709698677063,2.952759482643821,2.4636321046560533e-06,2.952759482643821,136,0,True,False,False
EXP-T132,primary,0,101,1e-05,1.0000000000000001e-07,137,959,0.41120889011238304,0.42827439308166504,2.9526716290098247,2.3976573648539653e-06,2.9526716290098247,137,0,True,False,False
EXP-T132,primary,0,101,1e-05,1.0000000000000001e-07,138,966,0.3949535664703165,0.4281897246837616,2.951607675263376,2.332337050909247e-06,2.951607675263376,138,0,True,False,False
EXP-T132,primary,0,101,1e-05,1.0000000000000001e-07,139,973,0.3806991531422292,0.4315255284309387,2.9494222005208335,2.267687279631953e-06,2.9494222005208335,139,0,True,False,False
EXP-T132,primary,0,101,1e-05,1.0000000000000001e-07,140,980,0.3757897591484444,0.433425376812617,2.9477349483605586,2.2037240023857708e-06,2.9477349483605586,140,0,True,False,False
EXP-T132,primary,0,101,1e-05,1.0000000000000001e-07,141,987,0.41569817066192627,0.4337470332781474,2.947442950624408,2.1404630011522584e-06,2.947442950624408,141,0,True,False,False
EXP-T132,primary,0,101,1e-05,1.0000000000000001e-07,142,994,0.4070619440837098,0.4338720440864563,2.9471523400508994,2.0779198846368745e-06,2.9471523400508994,142,0,True,False,False
EXP-T132,primary,0,101,1e-05,1.0000000000000001e-07,143,1001,0.4036922869937761,0.4336981475353241,2.946317499334162,2.0161100844177658e-06,2.946317499334162,143,0,True,False,False
EXP-T132,primary,0,101,1e-05,1.0000000000000001e-07,144,1008,0.6989966673510415,0.4335934321085612,2.9457036798650567,1.9550488511382593e-06,2.9457036798650567,144,0,True,False,False
EXP-T132,primary,0,101,1e-05,1.0000000000000001e-07,145,1015,0.40559542179107666,0.43350974718729657,2.9450003884055396,1.894751250743986e-06,2.9450003884055396,145,0,True,False,False
EXP-T132,primary,0,101,1e-05,1.0000000000000001e-07,146,1022,0.43383209833077024,0.4356912573178609,2.9476094101414536,1.8352321607655916e-06,2.9450003884055396,145,1,False,False,False
EXP-T132,primary,0,101,1e-05,1.0000000000000001e-07,147,1029,0.5056527767862592,0.4373595317204793,2.9501301158558237,1.7765062666479242e-06,2.9450003884055396,145,2,False,False,False
EXP-T132,primary,0,101,1e-05,1.0000000000000001e-07,148,1036,0.4222944038254874,0.437153826157252,2.9494134151574336,1.7185880581266217e-06,2.9450003884055396,145,3,False,False,False
EXP-T132,primary,0,101,1e-05,1.0000000000000001e-07,149,1043,0.3997101890189307,0.4362136324246724,2.9475969256776753,1.6614918256529908e-06,2.9450003884055396,145,4,False,False,False
EXP-T132,primary,0,101,1e-05,1.0000000000000001e-07,150,1050,0.40618992862956865,0.4366459349791209,2.947935855749882,1.6052316568680442e-06,2.9450003884055396,145,5,False,False,False
EXP-T132,primary,0,101,1e-05,1.0000000000000001e-07,151,1057,0.46590068510600496,0.43820806344350177,2.950385816169508,1.5498214331265902e-06,2.9450003884055396,145,6,False,False,False
EXP-T132,primary,0,101,1e-05,1.0000000000000001e-07,152,1064,0.38923331456524984,0.43839752674102783,2.950442921031605,1.495274826072216e-06,2.9450003884055396,145,7,False,False,False
EXP-T132,primary,0,101,1e-05,1.0000000000000001e-07,153,1071,0.41378672208104816,0.43749847014745075,2.9488245646158853,1.441605294264014e-06,2.9450003884055396,145,8,False,False,False
EXP-T132,primary,0,101,1e-05,1.0000000000000001e-07,154,1078,0.4552313770566668,0.43631334106127423,2.9466911084724194,1.3888260798558817e-06,2.9450003884055396,145,9,False,False,False
EXP-T132,primary,0,101,1e-05,1.0000000000000001e-07,155,1085,0.40401796051966293,0.4364691178003947,2.9468002319335938,1.3369502053292252e-06,2.9450003884055396,145,10,False,False,False
EXP-T132,primary,0,101,1e-05,1.0000000000000001e-07,156,1092,0.40376095260892597,0.43621020515759784,2.9461836381392046,1.285990470279847e-06,2.9450003884055396,145,11,False,False,False
EXP-T132,primary,0,101,1e-05,1.0000000000000001e-07,157,1099,0.7281569114753178,0.4363296826680501,2.9463214296283144,1.2359594482598438e-06,2.9450003884055396,145,12,False,False,False
EXP-T132,primary,0,101,1e-05,1.0000000000000001e-07,158,1106,0.44319101742335726,0.43504805366198224,2.944031917687618,1.1868694836752686e-06,2.944031917687618,158,0,True,False,False
EXP-T132,primary,0,101,1e-05,1.0000000000000001e-07,159,1113,0.3955640473203467,0.4334831436475118,2.9412263812440815,1.1387326887403326e-06,2.9412263812440815,159,0,True,False,False
EXP-T132,primary,0,101,1e-05,1.0000000000000001e-07,160,1120,0.42766731551715303,0.43247948090235394,2.9396621241714014,1.0915609404889017e-06,2.9396621241714014,160,0,True,False,False
EXP-T132,primary,0,101,1e-05,1.0000000000000001e-07,161,1127,0.6444719731807709,0.4325117766857147,2.939436247854522,1.0453658778440107e-06,2.939436247854522,161,0,True,False,False
EXP-T132,primary,0,101,1e-05,1.0000000000000001e-07,162,1134,0.39389789743082865,0.43193663160006207,2.938760468454072,1.0001588987461348e-06,2.938760468454072,162,0,True,False,False
EXP-T132,primary,0,101,1e-05,1.0000000000000001e-07,163,1141,0.3883251333505281,0.4318642516930898,2.9384469696969697,9.559511573409195e-07,2.9384469696969697,163,0,True,False,False
EXP-T132,primary,0,101,1e-05,1.0000000000000001e-07,164,1148,0.4149355675492968,0.43215571840604144,2.938337383848248,9.127535612270632e-07,2.938337383848248,164,0,True,False,False
EXP-T132,primary,0,101,1e-05,1.0000000000000001e-07,165,1155,0.4009472035935947,0.43212048212687176,2.9380620320638022,8.705767687650265e-07,2.9380620320638022,165,0,True,False,False
EXP-T132,primary,0,101,1e-05,1.0000000000000001e-07,166,1162,0.4855168504374368,0.4323598047097524,2.938117518569484,8.294311864472448e-07,2.9380620320638022,165,1,False,False,False
EXP-T132,primary,0,101,1e-05,1.0000000000000001e-07,167,1169,0.44020064175128937,0.43171097834904987,2.9372248794093276,7.893269663304784e-07,2.9372248794093276,167,0,True,False,False
EXP-T132,primary,0,101,1e-05,1.0000000000000001e-07,168,1176,0.4690910152026585,0.43163861831029254,2.9370047829367896,7.50274003530953e-07,2.9370047829367896,168,0,True,False,False
EXP-T132,primary,0,101,1e-05,1.0000000000000001e-07,169,1183,0.38503910108868566,0.43202459812164307,2.9371342514500474,7.122819337828752e-07,2.9370047829367896,168,1,False,False,False
EXP-T132,primary,0,101,1e-05,1.0000000000000001e-07,170,1190,0.3875072790043695,0.4329390327135722,2.938531355424361,6.753601310609673e-07,2.9370047829367896,168,2,False,False,False
EXP-T132,primary,0,101,1e-05,1.0000000000000001e-07,171,1197,0.42491665482521057,0.4332958360513051,2.9390781286991006,6.395177052675794e-07,2.9370047829367896,168,3,False,False,False
EXP-T132,primary,0,101,1e-05,1.0000000000000001e-07,172,1204,0.40976946854165625,0.43424125512441,2.940560311982126,6.047634999849531e-07,2.9370047829367896,168,4,False,False,False
EXP-T132,primary,0,101,1e-05,1.0000000000000001e-07,173,1211,0.3956618305029614,0.4344472686449687,2.940854621656013,5.711060902932043e-07,2.9370047829367896,168,5,False,False,False
EXP-T132,primary,0,101,1e-05,1.0000000000000001e-07,174,1218,0.40033305223499027,0.4349491198857625,2.9415817260742188,5.385537806545469e-07,2.9370047829367896,168,6,False,False,False
EXP-T132,primary,0,101,1e-05,1.0000000000000001e-07,175,1225,0.43292088380881716,0.4351290663083394,2.941775928844105,5.071146028642944e-07,2.9370047829367896,168,7,False,False,False
EXP-T132,primary,0,101,1e-05,1.0000000000000001e-07,176,1232,0.39682391551988466,0.4346197247505188,2.940821329752604,4.7679631406913176e-07,2.9370047829367896,168,8,False,False,False
EXP-T132,primary,0,101,1e-05,1.0000000000000001e-07,177,1239,0.4589778355189732,0.43425867954889935,2.9401356090198862,4.4760639485315585e-07,2.9370047829367896,168,9,False,False,False
EXP-T132,primary,0,101,1e-05,1.0000000000000001e-07,178,1246,0.7327601867062705,0.4338447650273641,2.9393220381303267,4.195520473921565e-07,2.9370047829367896,168,10,False,False,False
EXP-T132,primary,0,101,1e-05,1.0000000000000001e-07,179,1253,0.40920342771070345,0.4333845376968384,2.9384414210464014,3.92640193676584e-07,2.9370047829367896,168,11,False,False,False
EXP-T132,primary,0,101,1e-05,1.0000000000000001e-07,180,1260,0.5823890141078404,0.4329623480637868,2.937645420883641,3.668774738036508e-07,2.9370047829367896,168,12,False,False,False
EXP-T132,primary,0,101,1e-05,1.0000000000000001e-07,181,1267,0.4572866750614984,0.4325202405452728,2.9368501143022017,3.4227024433899004e-07,2.9368501143022017,181,0,True,False,False
EXP-T132,primary,0,101,1e-05,1.0000000000000001e-07,182,1274,0.6236600918429238,0.4324662983417511,2.9367291999585703,3.188245767482659e-07,2.9367291999585703,182,0,True,False,False
EXP-T132,primary,0,101,1e-05,1.0000000000000001e-07,183,1281,0.4235854941819395,0.43235411246617633,2.936480897845644,2.9654625589913237e-07,2.936480897845644,183,0,True,False,False
EXP-T132,primary,0,101,1e-05,1.0000000000000001e-07,184,1288,0.4145377406052181,0.432219256957372,2.9361967606977983,2.754407786339001e-07,2.9361967606977983,184,0,True,False,False
EXP-T132,primary,0,101,1e-05,1.0000000000000001e-07,185,1295,0.4119594671896526,0.4322950442632039,2.936262188535748,2.555133524132767e-07,2.9361967606977983,184,1,False,False,False
EXP-T132,primary,0,101,1e-05,1.0000000000000001e-07,186,1302,0.44410950796944754,0.43215863903363544,2.9359738898999765,2.3676889403150103e-07,2.9359738898999765,186,0,True,False,False
EXP-T132,primary,0,101,1e-05,1.0000000000000001e-07,187,1309,0.5095034326825824,0.4319047729174296,2.935499249082623,2.1921202840320077e-07,2.935499249082623,187,0,True,False,False
EXP-T132,primary,0,101,1e-05,1.0000000000000001e-07,188,1316,0.49673996227128164,0.43181268374125165,2.935339494185014,2.0284708742225901e-07,2.935339494185014,188,0,True,False,False
EXP-T132,primary,0,101,1e-05,1.0000000000000001e-07,189,1323,0.3932721811745848,0.43169182538986206,2.935108993992661,1.8767810889299085e-07,2.935108993992661,189,0,True,False,False
EXP-T132,primary,0,101,1e-05,1.0000000000000001e-07,190,1330,0.5672629347869328,0.43155855933825177,2.934854218454072,1.7370883553386935e-07,2.934854218454072,190,0,True,False,False
EXP-T132,primary,0,101,1e-05,1.0000000000000001e-07,191,1337,0.5696447236197335,0.4314754704634349,2.934671112985322,1.609427140540686e-07,2.934671112985322,191,0,True,False,False
EXP-T132,primary,0,101,1e-05,1.0000000000000001e-07,192,1344,0.44693115992205484,0.4313407043615977,2.9343881318063447,1.493828943030402e-07,2.9343881318063447,192,0,True,False,False
EXP-T132,primary,0,101,1e-05,1.0000000000000001e-07,193,1351,0.4003590079290526,0.4311249454816182,2.934075789018111,1.3903222849333507e-07,2.934075789018111,193,0,True,False,False
EXP-T132,primary,0,101,1e-05,1.0000000000000001e-07,194,1358,0.3886480834335089,0.43105045954386395,2.9339837738961885,1.2989327049686101e-07,2.9339837738961885,194,0,True,False,False
EXP-T132,primary,0,101,1e-05,1.0000000000000001e-07,195,1365,0.4924797671181815,0.4311458965142568,2.933992790453362,1.2196827521475402e-07,2.9339837738961885,194,1,False,False,False
EXP-T132,primary,0,101,1e-05,1.0000000000000001e-07,196,1372,0.39601931837387383,0.4310508867104848,2.933886672511245,1.1525919802101659e-07,2.933886672511245,196,0,True,False,False
EXP-T132,primary,0,101,1e-05,1.0000000000000001e-07,197,1379,0.505362834249224,0.43102575341860455,2.9338388154000947,1.097676942800558e-07,2.9338388154000947,197,0,True,False,False
EXP-T132,primary,0,101,1e-05,1.0000000000000001e-07,198,1386,0.416439883943115,0.43094849586486816,2.933752811316288,1.0549511893824898e-07,2.933752811316288,198,0,True,False,False
EXP-T132,primary,0,101,1e-05,1.0000000000000001e-07,199,1393,0.40057030958788736,0.43084001541137695,2.933645075017756,1.0244252618962859e-07,2.933645075017756,199,0,True,False,False
EXP-T132,primary,0,101,1e-05,1.0000000000000001e-07,200,1400,0.7001772991248539,0.4307490785916646,2.9335530598958335,1.006106692157801e-07,2.9335530598958335,200,0,True,False,False
EXP-T132,primary,0,101,0.0001,1.0000000000000002e-06,1,7,0.5659260834966388,0.5728125174840292,3.4531885782877603,0.0001,3.4531885782877603,1,0,True,False,False
EXP-T132,primary,0,101,0.0001,1.0000000000000002e-06,2,14,0.5313005511249814,0.44128233194351196,3.3692159941702178,9.99938933078422e-05,3.3692159941702178,2,0,True,False,False
EXP-T132,primary,0,101,0.0001,1.0000000000000002e-06,3,21,0.5923340448311397,0.5001595218976339,3.3197807543205493,9.997557473810373e-05,3.3197807543205493,3,0,True,False,False
EXP-T132,primary,0,101,0.0001,1.0000000000000002e-06,4,28,0.5161980709859303,0.5675264199574789,3.379145535555753,9.994504881061753e-05,3.3197807543205493,3,1,False,False,False
EXP-T132,primary,0,101,0.0001,1.0000000000000002e-06,5,35,0.46049880236387253,0.4567217330137889,3.2590634895093515,9.990232305719945e-05,3.2590634895093515,5,0,True,False,False
EXP-T132,primary,0,101,0.0001,1.0000000000000002e-06,6,42,0.5589112894875663,0.43911145130793255,3.2600028298117896,9.984740801978984e-05,3.2590634895093515,5,1,False,False,False
EXP-T132,primary,0,101,0.0001,1.0000000000000002e-06,7,49,0.49000910563128336,0.4746280014514923,3.2255621245413115,9.978031724785247e-05,3.2255621245413115,7,0,True,False,False
EXP-T132,primary,0,101,0.0001,1.0000000000000002e-06,8,56,0.44493988156318665,0.46871277689933777,3.197916435472893,9.97010672950314e-05,3.197916435472893,8,0,True,False,False
EXP-T132,primary,0,101,0.0001,1.0000000000000002e-06,9,63,0.47285848004477365,0.47398890058199566,3.1581672899650806,9.960967771506667e-05,3.1581672899650806,9,0,True,False,False
EXP-T132,primary,0,101,0.0001,1.0000000000000002e-06,10,70,0.4625364669731685,0.4553961356480916,3.0918666955196494,9.95061710569696e-05,3.0918666955196494,10,0,True,False,False
EXP-T132,primary,0,101,0.0001,1.0000000000000002e-06,11,77,0.419370560241597,0.42623789111773175,3.027472062544389,9.939057285945933e-05,3.027472062544389,11,0,True,False,False
EXP-T132,primary,0,101,0.0001,1.0000000000000002e-06,12,84,0.4120750331452915,0.4198935329914093,2.9812129627574575,9.926291164466132e-05,2.9812129627574575,12,0,True,False,False
EXP-T132,primary,0,101,0.0001,1.0000000000000002e-06,13,91,0.4106236164058958,0.4012242952982585,3.008609656131629,9.91232189110701e-05,2.9812129627574575,12,1,False,False,False
EXP-T132,primary,0,101,0.0001,1.0000000000000002e-06,14,98,0.38981661170588006,0.4269741177558899,2.978879523999763,9.897152912577741e-05,2.978879523999763,14,0,True,False,False
EXP-T132,primary,0,101,0.0001,1.0000000000000002e-06,15,105,0.40049548553568975,0.3591267168521881,3.0116537845495976,9.8807879715968e-05,2.978879523999763,14,1,False,False,False
EXP-T132,primary,0,101,0.0001,1.0000000000000002e-06,16,112,0.46918940118380953,0.35444534321626026,2.9681484338008994,9.8632311059685e-05,2.9681484338008994,16,0,True,False,False
EXP-T132,primary,0,101,0.0001,1.0000000000000002e-06,17,119,0.6309112991605487,0.34882913033167523,2.959833780924479,9.844486647586725e-05,2.959833780924479,17,0,True,False,False
EXP-T132,primary,0,101,0.0001,1.0000000000000002e-06,18,126,0.3738231216557324,0.3438674906889598,3.037624474727746,9.824559221366101e-05,2.959833780924479,17,1,False,False,False
EXP-T132,primary,0,101,0.0001,1.0000000000000002e-06,19,133,0.39334213277990265,0.345699501534303,3.192481532241359,9.803453744100869e-05,2.959833780924479,17,2,False,False,False
EXP-T132,primary,0,101,0.0001,1.0000000000000002e-06,20,140,0.3531447227661764,0.35659298300743103,2.93226669773911,9.781175423251735e-05,2.93226669773911,20,0,True,False,False
EXP-T132,primary,0,101,0.0001,1.0000000000000002e-06,21,147,0.374608971710716,0.35296431183815,2.943519361091383,9.757729755661011e-05,2.93226669773911,20,1,False,False,False
EXP-T132,primary,0,101,0.0001,1.0000000000000002e-06,22,154,0.369783525371791,0.34331486374139786,3.1282769405480586,9.73312252619635e-05,2.93226669773911,20,2,False,False,False
EXP-T132,primary,0,101,0.0001,1.0000000000000002e-06,23,161,0.3441585077380296,0.3552132248878479,2.8760445334694604,9.707359806323417e-05,2.8760445334694604,23,0,True,False,False
EXP-T132,primary,0,101,0.0001,1.0000000000000002e-06,24,168,0.38163291982242037,0.33371295034885406,2.8790352561257104,9.680447952607845e-05,2.8760445334694604,23,1,False,False,False
EXP-T132,primary,0,101,0.0001,1.0000000000000002e-06,25,175,0.371020777816219,0.31955307349562645,3.0436909993489585,9.652393605146844e-05,2.8760445334694604,23,2,False,False,False
EXP-T132,primary,0,101,0.0001,1.0000000000000002e-06,26,182,0.37695759747709545,0.34217117230097455,2.7491954456676138,9.623203685930869e-05,2.7491954456676138,26,0,True,False,False
EXP-T132,primary,0,101,0.0001,1.0000000000000002e-06,27,189,0.43906845790999277,0.30101748928427696,2.8528426199248345,9.592885397135707e-05,2.7491954456676138,26,1,False,False,False
EXP-T132,primary,0,101,0.0001,1.0000000000000002e-06,28,196,0.39949156769684385,0.30837039401133853,2.702276750044389,9.561446219345454e-05,2.702276750044389,28,0,True,False,False
EXP-T132,primary,0,101,0.0001,1.0000000000000002e-06,29,203,0.3829061644417899,0.2995932747920354,2.7195721250591856,9.528893909706797e-05,2.702276750044389,28,1,False,False,False
EXP-T132,primary,0,101,0.0001,1.0000000000000002e-06,30,210,0.4039162014211927,0.3189173738161723,2.727179324988163,9.495236500015047e-05,2.702276750044389,28,2,False,False,False
EXP-T132,primary,0,101,0.0001,1.0000000000000002e-06,31,217,0.39408667385578156,0.3166242805212581,3.117834611372514,9.460482294732421e-05,2.702276750044389,28,3,False,False,False
EXP-T132,primary,0,101,0.0001,1.0000000000000002e-06,32,224,0.47198680468967985,0.36966703832149506,2.9579000762014678,9.424639868939033e-05,2.702276750044389,28,4,False,False,False
EXP-T132,primary,0,101,0.0001,1.0000000000000002e-06,33,231,0.3530994632414409,0.2863125615598013,2.8169631958007812,9.387718066217124e-05,2.702276750044389,28,5,False,False,False
EXP-T132,primary,0,101,0.0001,1.0000000000000002e-06,34,238,0.4064928761550358,0.2852036946763595,2.78485107421875,9.349725996469047e-05,2.702276750044389,28,6,False,False,False
EXP-T132,primary,0,101,0.0001,1.0000000000000002e-06,35,245,0.3102436863950321,0.29469508041317266,2.8911209106445312,9.310673033669521e-05,2.702276750044389,28,7,False,False,False
EXP-T132,primary,0,101,0.0001,1.0000000000000002e-06,36,252,0.36381906270980835,0.2887331551561753,2.7806812633167612,9.270568813552756e-05,2.702276750044389,28,8,False,False,False
EXP-T132,primary,0,101,0.0001,1.0000000000000002e-06,37,259,0.40072611825806753,0.2777963116920243,2.712801153009588,9.229423231234974e-05,2.702276750044389,28,9,False,False,False
EXP-T132,primary,0,101,0.0001,1.0000000000000002e-06,38,266,0.40521295581545147,0.2928498589123289,2.8726399739583335,9.187246438772939e-05,2.702276750044389,28,10,False,False,False
EXP-T132,primary,0,101,0.0001,1.0000000000000002e-06,39,273,0.3679094761610031,0.2911603090663751,2.758408055160985,9.14404884265908e-05,2.702276750044389,28,11,False,False,False
EXP-T132,primary,0,101,0.0001,1.0000000000000002e-06,40,280,0.37435172285352436,0.29495555876443785,2.880346356016217,9.099841101253866e-05,2.702276750044389,28,12,False,False,False
EXP-T132,primary,0,101,0.0001,1.0000000000000002e-06,41,287,0.2946926323430879,0.28486957245816785,2.768178535230232,9.05463412215599e-05,2.702276750044389,28,13,False,False,False
EXP-T132,primary,0,101,0.0001,1.0000000000000002e-06,42,294,0.30790633894503117,0.2856838821899146,2.82489013671875,9.0084390595111e-05,2.702276750044389,28,14,False,False,False
EXP-T132,primary,0,101,0.0001,1.0000000000000002e-06,43,301,0.29575955122709274,0.28342459599177044,2.745929140033144,8.961267311259666e-05,2.702276750044389,28,15,False,False,False
EXP-T132,primary,0,101,0.0001,1.0000000000000002e-06,44,308,0.3161903811352594,0.27711010227600735,2.745735862038352,8.913130516324733e-05,2.702276750044389,28,16,False,False,False
EXP-T132,primary,0,101,0.0001,1.0000000000000002e-06,45,315,0.3490867146423885,0.28205809912954766,2.7962209528142754,8.864040551740158e-05,2.702276750044389,28,17,False,False,False
EXP-T132,primary,0,101,0.0001,1.0000000000000002e-06,46,322,0.2993225673479693,0.2808823977441837,2.8078164765329072,8.814009529720155e-05,2.702276750044389,28,18,False,False,False
EXP-T132,primary,0,101,0.0001,1.0000000000000002e-06,47,329,0.3017398028782087,0.3257238219181697,2.869177616003788,8.763049794670775e-05,2.702276750044389,28,19,False,False,False
EXP-T132,primary,0,101,0.0001,1.0000000000000002e-06,48,336,0.3356994390487671,0.29136128904792713,2.876510388923414,8.711173920144117e-05,2.702276750044389,28,20,False,False,False
EXP-T132,primary,0,101,0.0001,1.0000000000000002e-06,49,343,0.32287436723709106,0.28390921869625646,2.780241763953007,8.658394705735987e-05,2.702276750044389,28,21,False,False,False
EXP-T132,primary,0,101,0.0001,1.0000000000000002e-06,50,350,0.254019415804318,0.2844313060243924,2.762956330270478,8.604725173927785e-05,2.702276750044389,28,22,False,False,False
EXP-T132,primary,0,101,0.0001,1.0000000000000002e-06,51,357,0.37531016554151264,0.2829355908712993,2.7888410163648203,8.55017856687341e-05,2.702276750044389,28,23,False,False,False
EXP-T132,primary,0,101,0.0001,1.0000000000000002e-06,52,364,0.246216032654047,0.28086950272942585,2.754438689260772,8.494768343131955e-05,2.702276750044389,28,24,False,False,False
EXP-T132,primary,0,101,0.0001,1.0000000000000002e-06,53,371,0.3373813522713525,0.33941344916820526,3.103527647076231,8.438508174347009e-05,2.702276750044389,28,25,False,False,False
EXP-T132,primary,0,101,0.0001,1.0000000000000002e-06,54,378,0.279382247743862,0.3355770359436671,3.099117625843395,8.381411941873378e-05,2.702276750044389,28,26,False,False,False
EXP-T132,primary,0,101,0.0001,1.0000000000000002e-06,55,385,0.2388608721750123,0.38679658869902295,3.257409298058712,8.323493733352077e-05,2.702276750044389,28,27,False,False,False
EXP-T132,primary,0,101,0.0001,1.0000000000000002e-06,56,392,0.36253058910369873,0.3298662453889847,3.104282841537938,8.26476783923441e-05,2.702276750044389,28,28,False,False,False
EXP-T132,primary,0,101,0.0001,1.0000000000000002e-06,57,399,0.2480265911269401,0.3130294481913249,2.9727799386689155,8.205248749256015e-05,2.702276750044389,28,29,False,False,False
EXP-T132,primary,0,101,0.0001,1.0000000000000002e-06,58,406,0.22587207917656218,0.30456772229323786,2.9200641747676963,8.144951148861742e-05,2.702276750044389,28,30,False,True,False
EXP-T132,primary,0,101,0.001,1e-05,1,7,0.9468115057264056,0.6295581261316935,3.5946204445578833,0.001,3.5946204445578833,1,0,True,False,False
EXP-T132,primary,0,101,0.001,1e-05,2,14,0.7115977917398725,0.7182783087094625,3.9111607869466147,0.000999938933078422,3.5946204445578833,1,1,False,False,False
EXP-T132,primary,0,101,0.001,1e-05,3,21,0.5990827424185616,0.5688352584838867,3.3105535796194365,0.0009997557473810372,3.3105535796194365,3,0,True,False,False
EXP-T132,primary,0,101,0.001,1e-05,4,28,0.46677819306829144,0.570132082949082,4.918414491595644,0.0009994504881061753,3.3105535796194365,3,1,False,False,False
EXP-T132,primary,0,101,0.001,1e-05,5,35,0.5590605395180839,0.4167202115058899,3.2438243519176138,0.0009990232305719944,3.2438243519176138,5,0,True,False,False
EXP-T132,primary,0,101,0.001,1e-05,6,42,0.4971735860620226,0.563444936221155,4.889063054865057,0.0009984740801978985,3.2438243519176138,5,1,False,False,False
EXP-T132,primary,0,101,0.001,1e-05,7,49,0.592373903308596,0.49578873192270595,4.288921471798059,0.0009978031724785245,3.2438243519176138,5,2,False,False,False
EXP-T132,primary,0,101,0.001,1e-05,8,56,0.5826915545122964,0.49909866228699684,4.3581382289077295,0.000997010672950314,3.2438243519176138,5,3,False,False,False
EXP-T132,primary,0,101,0.001,1e-05,9,63,0.447350728724684,0.3668278306722641,3.1831124045632104,0.0009960967771506667,3.1831124045632104,9,0,True,False,False
EXP-T132,primary,0,101,0.001,1e-05,10,70,0.47451402034078327,0.33167968566219014,3.1080211292613638,0.000995061710569696,3.1080211292613638,10,0,True,False,False
EXP-T132,primary,0,101,0.001,1e-05,11,77,0.4145847006833979,0.28565451099226874,2.8115118778113164,0.0009939057285945933,2.8115118778113164,11,0,True,False,False
EXP-T132,primary,0,101,0.001,1e-05,12,84,0.4937124720641545,0.3063652651229252,3.0388343117453833,0.000992629116446613,2.8115118778113164,11,1,False,False,False
EXP-T132,primary,0,101,0.001,1e-05,13,91,0.3669307737478188,0.32616302371025085,3.061888492468632,0.000991232189110701,2.8115118778113164,11,2,False,False,False
EXP-T132,primary,0,101,0.001,1e-05,14,98,0.46274241379329134,0.6472907463709513,3.539537140817353,0.0009897152912577741,2.8115118778113164,11,3,False,False,False
EXP-T132,primary,0,101,0.001,1e-05,15,105,0.47689476183482576,0.46142102777957916,3.6149205294522373,0.00098807879715968,2.8115118778113164,11,4,False,False,False
EXP-T132,primary,0,101,0.001,1e-05,16,112,0.4329051673412323,0.5027101868763566,4.417976841782078,0.00098632311059685,2.8115118778113164,11,5,False,False,False
EXP-T132,primary,0,101,0.001,1e-05,17,119,0.5151098072528839,0.4172297517458598,3.462249755859375,0.0009844486647586723,2.8115118778113164,11,6,False,False,False
EXP-T132,primary,0,101,0.001,1e-05,18,126,0.36149538507951157,0.4378592483699322,3.9169706864790483,0.00098245592213661,2.8115118778113164,11,7,False,False,False
EXP-T132,primary,0,101,0.001,1e-05,19,133,0.46640302506940706,0.667210578918457,3.7684381658380683,0.0009803453744100868,2.8115118778113164,11,8,False,False,False
EXP-T132,primary,0,101,0.001,1e-05,20,140,0.4042374076587813,0.3252164075771968,2.898610664136482,0.0009781175423251734,2.8115118778113164,11,9,False,False,False
EXP-T132,primary,0,101,0.001,1e-05,21,147,0.3009124068277223,0.325735941529274,3.0493399880149146,0.0009757729755661011,2.8115118778113164,11,10,False,False,False
EXP-T132,primary,0,101,0.001,1e-05,22,154,0.3117009638143437,0.3027758579701185,2.9831284031723486,0.0009733122526196349,2.8115118778113164,11,11,False,False,False
EXP-T132,primary,0,101,0.001,1e-05,23,161,0.409562668630055,0.43232231338818866,3.2758123224431817,0.0009707359806323416,2.8115118778113164,11,12,False,False,False
EXP-T132,primary,0,101,0.001,1e-05,24,168,0.36789871911917416,0.34321026504039764,2.7933395848129736,0.0009680447952607845,2.7933395848129736,24,0,True,False,False
EXP-T132,primary,0,101,0.001,1e-05,25,175,0.32046661755053457,0.4341534773508708,3.7235614892208213,0.0009652393605146844,2.7933395848129736,24,1,False,False,False
EXP-T132,primary,0,101,0.001,1e-05,26,182,0.2993982881307602,0.355252409974734,3.1618585297555635,0.000962320368593087,2.7933395848129736,24,2,False,False,False
EXP-T132,primary,0,101,0.001,1e-05,27,189,0.3352448855127607,0.35052001290023327,3.2257121693004263,0.0009592885397135706,2.7933395848129736,24,3,False,False,False
EXP-T132,primary,0,101,0.001,1e-05,28,196,0.2323997345353876,0.4361053022245566,3.9323066942619556,0.0009561446219345453,2.7933395848129736,24,4,False,False,False
EXP-T132,primary,0,101,0.001,1e-05,29,203,0.315659515094012,0.5444057285785675,3.924670363917495,0.0009528893909706797,2.7933395848129736,24,5,False,False,False
EXP-T132,primary,0,101,0.001,1e-05,30,210,0.34866844543388914,0.4492496584231655,3.9394564773097183,0.0009495236500015047,2.7933395848129736,24,6,False,False,False
EXP-T132,primary,0,101,0.001,1e-05,31,217,0.270993342456807,0.5429999430974325,4.437890255089962,0.0009460482294732421,2.7933395848129736,24,7,False,False,False
EXP-T132,primary,0,101,0.001,1e-05,32,224,0.30132755637168884,0.3997329684595267,3.6711641947428384,0.0009424639868939033,2.7933395848129736,24,8,False,False,False
EXP-T132,primary,0,101,0.001,1e-05,33,231,0.31149097212723326,0.40882157037655514,3.511107011274858,0.0009387718066217125,2.7933395848129736,24,9,False,False,False
EXP-T132,primary,0,101,0.001,1e-05,34,238,0.23846541238682611,0.5222342908382416,3.6796277364095054,0.0009349725996469047,2.7933395848129736,24,10,False,False,False
EXP-T132,primary,0,101,0.001,1e-05,35,245,0.21209818790001528,0.3902248690525691,3.204637238473603,0.0009310673033669522,2.7933395848129736,24,11,False,False,False
EXP-T132,primary,0,101,0.001,1e-05,36,252,0.2074425910998668,0.5424026846885681,4.437516183564157,0.0009270568813552756,2.7933395848129736,24,12,False,False,False
EXP-T132,primary,0,101,0.001,1e-05,37,259,0.4095070745263781,0.3905569339791934,3.5765251390861743,0.0009229423231234975,2.7933395848129736,24,13,False,False,False
EXP-T132,primary,0,101,0.001,1e-05,38,266,0.200264929660729,0.4408992826938629,3.93486196344549,0.0009187246438772938,2.7933395848129736,24,14,False,False,False
EXP-T132,primary,0,101,0.001,1e-05,39,273,0.22469715365774132,0.3229907328883807,2.928929646809896,0.0009144048842659081,2.7933395848129736,24,15,False,False,False
EXP-T132,primary,0,101,0.001,1e-05,40,280,0.20609924383461475,0.41878055633666617,3.7467772743918677,0.0009099841101253866,2.7933395848129736,24,16,False,False,False
EXP-T132,primary,0,101,0.001,1e-05,41,287,0.2364570860351835,0.32696685784806806,3.0717478665438565,0.000905463412215599,2.7933395848129736,24,17,False,False,False
EXP-T132,primary,0,101,0.001,1e-05,42,294,0.1636195257306099,0.3663533851504326,3.421118649569425,0.0009008439059511099,2.7933395848129736,24,18,False,False,False
EXP-T132,primary,0,101,0.001,1e-05,43,301,0.21858369638877256,0.34269679834445316,3.0165897716175425,0.0008961267311259666,2.7933395848129736,24,19,False,False,False
EXP-T132,primary,0,101,0.001,1e-05,44,308,0.2632667374398027,0.3486192474762599,3.0761189316258286,0.0008913130516324732,2.7933395848129736,24,20,False,False,False
EXP-T132,primary,0,101,0.001,1e-05,45,315,0.25414772970335825,0.41361404458681744,3.399012478915128,0.0008864040551740157,2.7933395848129736,24,21,False,False,False
EXP-T132,primary,0,101,0.001,1e-05,46,322,0.11978222263444747,0.5193215111891428,3.944070527047822,0.0008814009529720154,2.7933395848129736,24,22,False,False,False
EXP-T132,primary,0,101,0.001,1e-05,47,329,0.22235868871212006,0.34369282828023034,3.21670879017223,0.0008763049794670775,2.7933395848129736,24,23,False,False,False
EXP-T132,primary,0,101,0.001,1e-05,48,336,0.1673328440104212,0.4544879247744878,3.7524483420632104,0.0008711173920144117,2.7933395848129736,24,24,False,False,False
EXP-T132,primary,0,101,0.001,1e-05,49,343,0.18200858788830893,0.3829928453390797,3.480133750221946,0.0008658394705735987,2.7933395848129736,24,25,False,False,False
EXP-T132,primary,0,101,0.001,1e-05,50,350,0.15936382434197835,0.41634461283683777,3.6818269671815815,0.0008604725173927785,2.7933395848129736,24,26,False,False,False
EXP-T132,primary,0,101,0.001,1e-05,51,357,0.16057689946943096,0.3796279728412628,3.4970744739879263,0.000855017856687341,2.7933395848129736,24,27,False,False,False
EXP-T132,primary,0,101,0.001,1e-05,52,364,0.13082374472703254,0.4087103824907293,3.738522616299716,0.0008494768343131955,2.7933395848129736,24,28,False,False,False
EXP-T132,primary,0,101,0.001,1e-05,53,371,0.13515298707144602,0.40423768013715744,3.6694522048487808,0.0008438508174347009,2.7933395848129736,24,29,False,False,False
EXP-T132,primary,0,101,0.001,1e-05,54,378,0.12000194120420409,0.4081286167105039,3.6024767557779946,0.0008381411941873378,2.7933395848129736,24,30,False,True,False
EXP-T132,primary,0,101,0.01,0.0001,1,7,19.046891842569625,3.1309820810953775,18.182739720200047,0.01,18.182739720200047,1,0,True,False,False
EXP-T132,primary,0,101,0.01,0.0001,2,14,31.616872446877615,18.9476261138916,83.22081872188684,0.00999938933078422,18.182739720200047,1,1,False,False,False
EXP-T132,primary,0,101,0.01,0.0001,3,21,12.33738340650286,9.372854868570963,44.64924066716974,0.009997557473810372,18.182739720200047,1,2,False,False,False
EXP-T132,primary,0,101,0.01,0.0001,4,28,8.166799068450928,0.4050356149673462,3.3228195652817236,0.009994504881061753,3.3228195652817236,4,0,True,False,False
EXP-T132,primary,0,101,0.01,0.0001,5,35,1.1677938188825334,0.6670140822728475,3.7095339226000235,0.009990232305719944,3.3228195652817236,4,1,False,False,False
EXP-T132,primary,0,101,0.01,0.0001,6,42,1.4935496534620012,6.315120855967204,29.706653248180043,0.009984740801978984,3.3228195652817236,4,2,False,False,False
EXP-T132,primary,0,101,0.01,0.0001,7,49,8.212891834122795,14.36143684387207,67.37719449129972,0.009978031724785246,3.3228195652817236,4,3,False,False,False
EXP-T132,primary,0,101,0.01,0.0001,8,56,16.815183094569615,11.300567309061686,55.09880204634233,0.00997010672950314,3.3228195652817236,4,4,False,False,False
EXP-T132,primary,0,101,0.01,0.0001,9,63,6.156020879745483,0.8264217575391134,4.335651050914418,0.009960967771506667,3.3228195652817236,4,5,False,False,False
EXP-T132,primary,0,101,0.01,0.0001,10,70,2.3510317358055284,1.3640454610188801,6.474572383996212,0.00995061710569696,3.3228195652817236,4,6,False,False,False
EXP-T132,primary,0,101,0.01,0.0001,11,77,2.769899879183088,6.327715237935384,29.768266851251777,0.009939057285945933,3.3228195652817236,4,7,False,False,False
EXP-T132,primary,0,101,0.01,0.0001,12,84,3.822944496359144,0.6190435414512953,5.188712611342922,0.00992629116446613,3.3228195652817236,4,8,False,False,False
EXP-T132,primary,0,101,0.01,0.0001,13,91,3.3544910890715465,8.172972202301025,38.32905647971413,0.00991232189110701,3.3228195652817236,4,9,False,False,False
EXP-T132,primary,0,101,0.01,0.0001,14,98,6.304464050701687,4.635208288828532,23.899851018732246,0.00989715291257774,3.3228195652817236,4,10,False,False,False
EXP-T132,primary,0,101,0.01,0.0001,15,105,2.46439157639231,5.378971258799235,25.312877077044863,0.0098807879715968,3.3228195652817236,4,11,False,False,False
EXP-T132,primary,0,101,0.01,0.0001,16,112,4.383059635226216,7.835037390391032,38.84492735429244,0.0098632311059685,3.3228195652817236,4,12,False,False,False
EXP-T132,primary,0,101,0.01,0.0001,17,119,6.792714135987418,3.6795132954915366,17.372255498712715,0.009844486647586723,3.3228195652817236,4,13,False,False,False
EXP-T132,primary,0,101,0.01,0.0001,18,126,2.0347093769482205,1.0686150391896565,5.322589296283144,0.0098245592213661,3.3228195652817236,4,14,False,False,False
EXP-T132,primary,0,101,0.01,0.0001,19,133,0.9073581269809178,0.48924513657887775,3.3542048136393228,0.009803453744100868,3.3228195652817236,4,15,False,False,False
EXP-T132,primary,0,101,0.01,0.0001,20,140,0.4723811739656542,0.4477143983046214,3.4235779733368843,0.009781175423251734,3.3228195652817236,4,16,False,False,False
EXP-T132,primary,0,101,0.01,0.0001,21,147,2.133423629615988,0.4504261215527852,3.409846219149503,0.009757729755661011,3.3228195652817236,4,17,False,False,False
EXP-T132,primary,0,101,0.01,0.0001,22,154,0.6424013163362231,0.45447853207588196,3.3924419518673057,0.009733122526196349,3.3228195652817236,4,18,False,False,False
EXP-T132,primary,0,101,0.01,0.0001,23,161,0.6131753964083535,0.46911856532096863,3.365958242705374,0.009707359806323416,3.3228195652817236,4,19,False,False,False
EXP-T132,primary,0,101,0.01,0.0001,24,168,0.47275734647441175,0.4843347171942393,3.3505621245413115,0.009680447952607845,3.3228195652817236,4,20,False,False,False
EXP-T132,primary,0,101,0.01,0.0001,25,175,9.698949094329562,42.68740590413412,199.11115750399503,0.009652393605146845,3.3228195652817236,4,21,False,False,False
EXP-T132,primary,0,101,0.01,0.0001,26,182,16.390972896878207,0.5025028884410858,3.3589366566051138,0.00962320368593087,3.3228195652817236,4,22,False,False,False
EXP-T132,primary,0,101,0.01,0.0001,27,189,0.5253277208123889,0.5060571432113647,3.3604655410304214,0.009592885397135707,3.3228195652817236,4,23,False,False,False
EXP-T132,primary,0,101,0.01,0.0001,28,196,0.4710468887247511,0.5118900140126547,3.3629081032492896,0.009561446219345454,3.3228195652817236,4,24,False,False,False
EXP-T132,primary,0,101,0.01,0.0001,29,203,0.48551756356443676,0.5143973131974539,3.364531083540483,0.009528893909706798,3.3228195652817236,4,25,False,False,False
EXP-T132,primary,0,101,0.01,0.0001,30,210,0.5231947089944567,0.5196855068206787,3.3708953857421875,0.009495236500015047,3.3228195652817236,4,26,False,False,False
EXP-T132,primary,0,101,0.01,0.0001,31,217,0.5644270862851825,0.5269719660282135,3.379396611993963,0.00946048229473242,3.3228195652817236,4,27,False,False,False
EXP-T132,primary,0,101,0.01,0.0001,32,224,0.6749273794037955,0.5350430806477865,3.388467962091619,0.009424639868939034,3.3228195652817236,4,28,False,False,False
EXP-T132,primary,0,101,0.01,0.0001,33,231,3.0090474912098477,0.5278018514315287,3.380346818403764,0.009387718066217124,3.3228195652817236,4,29,False,False,False
EXP-T132,primary,0,101,0.01,0.0001,34,238,0.5225990159170968,0.5234682659308115,3.3753460970791904,0.009349725996469048,3.3228195652817236,4,30,False,True,False
EXP-T132,primary,1,101,1e-05,1.0000000000000001e-07,1,6,0.5693850020567576,0.4306531668019791,3.729910879424124,1e-05,3.729910879424124,1,0,True,False,False
EXP-T132,primary,1,101,1e-05,1.0000000000000001e-07,2,12,0.5932455360889435,0.4244684601823489,3.666425762754498,9.99938933078422e-06,3.666425762754498,2,0,True,False,False
EXP-T132,primary,1,101,1e-05,1.0000000000000001e-07,3,18,0.5877275615930557,0.4240056636432807,3.649811484596946,9.997557473810373e-06,3.649811484596946,3,0,True,False,False
EXP-T132,primary,1,101,1e-05,1.0000000000000001e-07,4,24,0.5563999662796656,0.4236433692276478,3.6429607506954307,9.994504881061752e-06,3.6429607506954307,4,0,True,False,False
EXP-T132,primary,1,101,1e-05,1.0000000000000001e-07,5,30,0.5813841869433721,0.4244464623431365,3.628454959753788,9.990232305719944e-06,3.628454959753788,5,0,True,False,False
EXP-T132,primary,1,101,1e-05,1.0000000000000001e-07,6,36,0.5744858086109161,0.4246744401752949,3.622172500147964,9.984740801978984e-06,3.622172500147964,6,0,True,False,False
EXP-T132,primary,1,101,1e-05,1.0000000000000001e-07,7,42,0.5707797010739645,0.42416976888974506,3.61990009654652,9.978031724785247e-06,3.61990009654652,7,0,True,False,False
EXP-T132,primary,1,101,1e-05,1.0000000000000001e-07,8,48,0.5491833587487539,0.42300810913244885,3.623051730069247,9.97010672950314e-06,3.61990009654652,7,1,False,False,False
EXP-T132,primary,1,101,1e-05,1.0000000000000001e-07,9,54,0.5613963007926941,0.42247771347562474,3.6238167502663354,9.960967771506666e-06,3.61990009654652,7,2,False,False,False
EXP-T132,primary,1,101,1e-05,1.0000000000000001e-07,10,60,0.5870027244091034,0.4216408133506775,3.6251948963512075,9.950617105696961e-06,3.61990009654652,7,3,False,False,False
EXP-T132,primary,1,101,1e-05,1.0000000000000001e-07,11,66,0.5773478746414185,0.4213556945323944,3.6221794359611743,9.939057285945933e-06,3.61990009654652,7,4,False,False,False
EXP-T132,primary,1,101,1e-05,1.0000000000000001e-07,12,72,0.5507257382074991,0.4212481031815211,3.617592551491477,9.926291164466131e-06,3.617592551491477,12,0,True,False,False
EXP-T132,primary,1,101,1e-05,1.0000000000000001e-07,13,78,0.5444023410479227,0.4205453172326088,3.6179074374112217,9.91232189110701e-06,3.617592551491477,12,1,False,False,False
EXP-T132,primary,1,101,1e-05,1.0000000000000001e-07,14,84,0.5526352922121683,0.4196118588248889,3.623496315696023,9.897152912577742e-06,3.617592551491477,12,2,False,False,False
EXP-T132,primary,1,101,1e-05,1.0000000000000001e-07,15,90,0.5500948081413904,0.41931185871362686,3.6182512225526753,9.8807879715968e-06,3.617592551491477,12,3,False,False,False
EXP-T132,primary,1,101,1e-05,1.0000000000000001e-07,16,96,0.5720474471648535,0.41864694841206074,3.6209011655865293,9.8632311059685e-06,3.617592551491477,12,4,False,False,False
EXP-T132,primary,1,101,1e-05,1.0000000000000001e-07,17,102,0.568821926911672,0.4181206685801347,3.6175763679273203,9.844486647586724e-06,3.6175763679273203,17,0,True,False,False
EXP-T132,primary,1,101,1e-05,1.0000000000000001e-07,18,108,0.5491049240032831,0.4180469786127408,3.6116302952621924,9.824559221366101e-06,3.6116302952621924,18,0,True,False,False
EXP-T132,primary,1,101,1e-05,1.0000000000000001e-07,19,114,0.5444567600886027,0.41846706842382747,3.601232586484967,9.803453744100868e-06,3.601232586484967,19,0,True,False,False
EXP-T132,primary,1,101,1e-05,1.0000000000000001e-07,20,120,0.5681574543317159,0.4181256704032421,3.599921948982008,9.781175423251734e-06,3.599921948982008,20,0,True,False,False
EXP-T132,primary,1,101,1e-05,1.0000000000000001e-07,21,126,0.5704312473535538,0.41748039424419403,3.602385318640507,9.757729755661012e-06,3.599921948982008,20,1,False,False,False
EXP-T132,primary,1,101,1e-05,1.0000000000000001e-07,22,132,0.5690798759460449,0.41656345563630265,3.610415371981534,9.73312252619635e-06,3.599921948982008,20,2,False,False,False
EXP-T132,primary,1,101,1e-05,1.0000000000000001e-07,23,138,0.565623015165329,0.41608223753670853,3.611861951423414,9.707359806323418e-06,3.599921948982008,20,3,False,False,False
EXP-T132,primary,1,101,1e-05,1.0000000000000001e-07,24,144,0.5782051235437393,0.4156082260111968,3.609719941110322,9.680447952607845e-06,3.599921948982008,20,4,False,False,False
EXP-T132,primary,1,101,1e-05,1.0000000000000001e-07,25,150,0.5582659095525742,0.4152176820983489,3.601839932528409,9.652393605146845e-06,3.599921948982008,20,5,False,False,False
EXP-T132,primary,1,101,1e-05,1.0000000000000001e-07,26,156,0.5484299957752228,0.4148039035499096,3.600926717122396,9.62320368593087e-06,3.599921948982008,20,6,False,False,False
EXP-T132,primary,1,101,1e-05,1.0000000000000001e-07,27,162,0.5377411444981893,0.41452453720072907,3.5967502016009707,9.592885397135707e-06,3.5967502016009707,27,0,True,False,False
EXP-T132,primary,1,101,1e-05,1.0000000000000001e-07,28,168,0.5500371853510538,0.4141990449279547,3.5962008851947207,9.561446219345455e-06,3.5962008851947207,28,0,True,False,False
EXP-T132,primary,1,101,1e-05,1.0000000000000001e-07,29,174,0.5682351589202881,0.41379328692952794,3.5922983342950996,9.528893909706798e-06,3.5922983342950996,29,0,True,False,False
EXP-T132,primary,1,101,1e-05,1.0000000000000001e-07,30,180,0.5417048434416453,0.4138306217888991,3.5810741077769888,9.495236500015048e-06,3.5810741077769888,30,0,True,False,False
EXP-T132,primary,1,101,1e-05,1.0000000000000001e-07,31,186,0.5509122510751089,0.41372833649317425,3.574823321718158,9.460482294732422e-06,3.574823321718158,31,0,True,False,False
EXP-T132,primary,1,101,1e-05,1.0000000000000001e-07,32,192,0.5363985846439997,0.412775627647837,3.5782856796727036,9.424639868939035e-06,3.574823321718158,31,1,False,False,False
EXP-T132,primary,1,101,1e-05,1.0000000000000001e-07,33,198,0.542165165146192,0.4124563379834096,3.5739771525065103,9.387718066217125e-06,3.5739771525065103,33,0,True,False,False
EXP-T132,primary,1,101,1e-05,1.0000000000000001e-07,34,204,0.5337396611769994,0.4119910082469384,3.572968685265743,9.349725996469047e-06,3.572968685265743,34,0,True,False,False
EXP-T132,primary,1,101,1e-05,1.0000000000000001e-07,35,210,0.5263129870096842,0.4114902727305889,3.5720358183889678,9.310673033669522e-06,3.5720358183889678,35,0,True,False,False
EXP-T132,primary,1,101,1e-05,1.0000000000000001e-07,36,216,0.5185837571819624,0.4109622910618782,3.5747768517696494,9.270568813552757e-06,3.5720358183889678,35,1,False,False,False
EXP-T132,primary,1,101,1e-05,1.0000000000000001e-07,37,222,0.542057474454244,0.4106650010993083,3.5723747484611743,9.229423231234975e-06,3.5720358183889678,35,2,False,False,False
EXP-T132,primary,1,101,1e-05,1.0000000000000001e-07,38,228,0.5457620422045389,0.4102993713070949,3.5713690555456914,9.18724643877294e-06,3.5713690555456914,38,0,True,False,False
EXP-T132,primary,1,101,1e-05,1.0000000000000001e-07,39,234,0.555233915646871,0.41014043241739273,3.567611463142164,9.144048842659081e-06,3.567611463142164,39,0,True,False,False
EXP-T132,primary,1,101,1e-05,1.0000000000000001e-07,40,240,0.5259532829125723,0.4099544795850913,3.563272187204072,9.099841101253867e-06,3.563272187204072,40,0,True,False,False
EXP-T132,primary,1,101,1e-05,1.0000000000000001e-07,41,246,0.54654660820961,0.40956839236120385,3.5621337890625,9.054634122155991e-06,3.5621337890625,41,0,True,False,False
EXP-T132,primary,1,101,1e-05,1.0000000000000001e-07,42,252,0.5598871807257334,0.4091194123029709,3.559273690888376,9.0084390595111e-06,3.559273690888376,42,0,True,False,False
EXP-T132,primary,1,101,1e-05,1.0000000000000001e-07,43,258,0.5446798354387283,0.4089052105943362,3.555966926343513,8.961267311259668e-06,3.555966926343513,43,0,True,False,False
EXP-T132,primary,1,101,1e-05,1.0000000000000001e-07,44,264,0.5392789493004481,0.4087806598593791,3.55014384876598,8.913130516324733e-06,3.55014384876598,44,0,True,False,False
EXP-T132,primary,1,101,1e-05,1.0000000000000001e-07,45,270,0.5338562627633413,0.40816610927383107,3.548797607421875,8.864040551740158e-06,3.548797607421875,45,0,True,False,False
EXP-T132,primary,1,101,1e-05,1.0000000000000001e-07,46,276,0.5392633179823557,0.4076478164643049,3.5483879320549243,8.814009529720155e-06,3.5483879320549243,46,0,True,False,False
EXP-T132,primary,1,101,1e-05,1.0000000000000001e-07,47,282,0.5515045523643494,0.40712935477495193,3.548737265846946,8.763049794670776e-06,3.5483879320549243,46,1,False,False,False
EXP-T132,primary,1,101,1e-05,1.0000000000000001e-07,48,288,0.5302621473868688,0.40672808575133484,3.5456487482244317,8.711173920144118e-06,3.5456487482244317,48,0,True,False,False
EXP-T132,primary,1,101,1e-05,1.0000000000000001e-07,49,294,0.5409152607123057,0.4065026678144932,3.5396994388464726,8.658394705735988e-06,3.5396994388464726,49,0,True,False,False
EXP-T132,primary,1,101,1e-05,1.0000000000000001e-07,50,300,0.542057583729426,0.4060724762578805,3.537437901352391,8.604725173927786e-06,3.537437901352391,50,0,True,False,False
EXP-T132,primary,1,101,1e-05,1.0000000000000001e-07,51,306,0.5507224152485529,0.4060205115626256,3.5299539277047822,8.550178566873412e-06,3.5299539277047822,51,0,True,False,False
EXP-T132,primary,1,101,1e-05,1.0000000000000001e-07,52,312,0.5286471297343572,0.40577418232957524,3.528876102331913,8.494768343131955e-06,3.528876102331913,52,0,True,False,False
EXP-T132,primary,1,101,1e-05,1.0000000000000001e-07,53,318,0.5107904424269994,0.40543255396187305,3.5287450154622397,8.43850817434701e-06,3.5287450154622397,53,0,True,False,False
EXP-T132,primary,1,101,1e-05,1.0000000000000001e-07,54,324,0.5629932085673014,0.40517355998357135,3.529082558371804,8.381411941873379e-06,3.5287450154622397,53,1,False,False,False
EXP-T132,primary,1,101,1e-05,1.0000000000000001e-07,55,330,0.5329474409421285,0.4046890785296758,3.5319493611653647,8.323493733352078e-06,3.5287450154622397,53,2,False,False,False
EXP-T132,primary,1,101,1e-05,1.0000000000000001e-07,56,336,0.5309283981720606,0.4043163762738307,3.5302935513583096,8.26476783923441e-06,3.5287450154622397,53,3,False,False,False
EXP-T132,primary,1,101,1e-05,1.0000000000000001e-07,57,342,0.5423880914847056,0.40404236627121765,3.525311094341856,8.205248749256014e-06,3.525311094341856,57,0,True,False,False
EXP-T132,primary,1,101,1e-05,1.0000000000000001e-07,58,348,0.5395505676666895,0.403861578553915,3.5195139104669746,8.144951148861743e-06,3.5195139104669746,58,0,True,False,False
EXP-T132,primary,1,101,1e-05,1.0000000000000001e-07,59,354,0.5430453916390737,0.40336568901936215,3.5166891849402226,8.083889915582235e-06,3.5166891849402226,59,0,True,False,False
EXP-T132,primary,1,101,1e-05,1.0000000000000001e-07,60,360,0.5351961453755697,0.4028839947034915,3.51320185805812,8.022080115363127e-06,3.51320185805812,60,0,True,False,False
EXP-T132,primary,1,101,1e-05,1.0000000000000001e-07,61,366,0.5300118376811346,0.402241204554836,3.5143317020300664,7.959536998847744e-06,3.51320185805812,60,1,False,False,False
EXP-T132,primary,1,101,1e-05,1.0000000000000001e-07,62,372,0.5511717200279236,0.40191950649023056,3.5126486113577178,7.89627599761423e-06,3.5126486113577178,62,0,True,False,False
EXP-T132,primary,1,101,1e-05,1.0000000000000001e-07,63,378,0.5227506955464681,0.40191643747190636,3.5044731371330493,7.832312720368048e-06,3.5044731371330493,63,0,True,False,False
EXP-T132,primary,1,101,1e-05,1.0000000000000001e-07,64,384,0.521038144826889,0.401444307838877,3.50755263819839,7.767662949090754e-06,3.5044731371330493,63,1,False,False,False
EXP-T132,primary,1,101,1e-05,1.0000000000000001e-07,65,390,0.5390572945276896,0.40125687917073566,3.504423892859257,7.702342635146033e-06,3.504423892859257,65,0,True,False,False
EXP-T132,primary,1,101,1e-05,1.0000000000000001e-07,66,396,0.5506473084290823,0.4009453176210324,3.503398317279238,7.636367895343947e-06,3.503398317279238,66,0,True,False,False
EXP-T132,primary,1,101,1e-05,1.0000000000000001e-07,67,402,0.5268299033244451,0.40063345804810524,3.501750368060488,7.5697550079643376e-06,3.501750368060488,67,0,True,False,False
EXP-T132,primary,1,101,1e-05,1.0000000000000001e-07,68,408,0.5502972453832626,0.4004888239627083,3.509618123372396,7.502520408740418e-06,3.501750368060488,67,1,False,False,False
EXP-T132,primary,1,101,1e-05,1.0000000000000001e-07,69,414,0.5279147525628408,0.40040906829138595,3.5113698785955254,7.43468068680349e-06,3.501750368060488,67,2,False,False,False
EXP-T132,primary,1,101,1e-05,1.0000000000000001e-07,70,420,0.48784210284550983,0.3999876920133829,3.506150910348603,7.366252580589839e-06,3.501750368060488,67,3,False,False,False
EXP-T132,primary,1,101,1e-05,1.0000000000000001e-07,71,426,0.5098015815019608,0.39961229637265205,3.4940800522312974,7.297252973710756e-06,3.4940800522312974,71,0,True,False,False
EXP-T132,primary,1,101,1e-05,1.0000000000000001e-07,72,432,0.5273204743862152,0.3992691021412611,3.4908352476177793,7.227698890786779e-06,3.4908352476177793,72,0,True,False,False
EXP-T132,primary,1,101,1e-05,1.0000000000000001e-07,73,438,0.5276753306388855,0.39917052288850147,3.4845846927527226,7.15760749324711e-06,3.4845846927527226,73,0,True,False,False
EXP-T132,primary,1,101,1e-05,1.0000000000000001e-07,74,444,0.5254874726136526,0.39907609795530635,3.481023846250592,7.086996075095289e-06,3.481023846250592,74,0,True,False,False
EXP-T132,primary,1,101,1e-05,1.0000000000000001e-07,75,450,0.5163297404845556,0.39871493478616077,3.4793876879142993,7.015882058642164e-06,3.4793876879142993,75,0,True,False,False
EXP-T132,primary,1,101,1e-05,1.0000000000000001e-07,76,456,0.5119368483622869,0.3983861195544402,3.47734462853634,6.9442829902071945e-06,3.47734462853634,76,0,True,False,False
EXP-T132,primary,1,101,1e-05,1.0000000000000001e-07,77,462,0.5122170249621073,0.39782219131787616,3.4773270578095405,6.8722165357891564e-06,3.4773270578095405,77,0,True,False,False
EXP-T132,primary,1,101,1e-05,1.0000000000000001e-07,78,468,0.5303274045387903,0.3974875882267952,3.475958390669389,6.799700476707323e-06,3.475958390669389,78,0,True,False,False
EXP-T132,primary,1,101,1e-05,1.0000000000000001e-07,79,474,0.5111308445533117,0.39711651268104714,3.4767511541193183,6.726752705214193e-06,3.475958390669389,78,1,False,False,False
EXP-T132,primary,1,101,1e-05,1.0000000000000001e-07,80,480,0.5010785063107809,0.39681160636246204,3.476678096886837,6.65339122008084e-06,3.475958390669389,78,2,False,False,False
EXP-T132,primary,1,101,1e-05,1.0000000000000001e-07,81,486,0.5258515775203705,0.3966281494746606,3.478251601710464,6.57963412215599e-06,3.475958390669389,78,3,False,False,False
EXP-T132,primary,1,101,1e-05,1.0000000000000001e-07,82,492,0.5160308430592219,0.39643240564813215,3.4760383837150806,6.505499609899905e-06,3.475958390669389,78,4,False,False,False
EXP-T132,primary,1,101,1e-05,1.0000000000000001e-07,83,498,0.5156436363855997,0.3961572041735053,3.473900303696141,6.431005974894185e-06,3.473900303696141,83,0,True,False,False
EXP-T132,primary,1,101,1e-05,1.0000000000000001e-07,84,504,0.49500662088394165,0.3959543661524852,3.472835887562145,6.356171597328595e-06,3.472835887562145,84,0,True,False,False
EXP-T132,primary,1,101,1e-05,1.0000000000000001e-07,85,510,0.5203257004419962,0.39572281794001657,3.471111182010535,6.28101494146603e-06,3.471111182010535,85,0,True,False,False
EXP-T132,primary,1,101,1e-05,1.0000000000000001e-07,86,516,0.5129260321458181,0.39546461155017215,3.4713557850230825,6.205554551086732e-06,3.471111182010535,85,1,False,False,False
EXP-T132,primary,1,101,1e-05,1.0000000000000001e-07,87,522,0.5218279212713242,0.3951782618338863,3.4707033561937735,6.129809044912887e-06,3.4707033561937735,87,0,True,False,False
EXP-T132,primary,1,101,1e-05,1.0000000000000001e-07,88,528,0.5024661521116892,0.39505641410748166,3.4690288196910513,6.053797112014738e-06,3.4690288196910513,88,0,True,False,False
EXP-T132,primary,1,101,1e-05,1.0000000000000001e-07,89,534,0.49251507222652435,0.39483090676367283,3.46742549087062,5.977537507199338e-06,3.46742549087062,89,0,True,False,False
EXP-T132,primary,1,101,1e-05,1.0000000000000001e-07,90,540,0.5260812590519587,0.39445811199645203,3.465884815562855,5.901049046383077e-06,3.465884815562855,90,0,True,False,False
EXP-T132,primary,1,101,1e-05,1.0000000000000001e-07,91,546,0.5025756855805715,0.39407477745165426,3.464280793161103,5.824350601949143e-06,3.464280793161103,91,0,True,False,False
EXP-T132,primary,1,101,1e-05,1.0000000000000001e-07,92,552,0.49569380283355713,0.3939222532014052,3.4630254109700522,5.7474610980910354e-06,3.4630254109700522,92,0,True,False,False
EXP-T132,primary,1,101,1e-05,1.0000000000000001e-07,93,558,0.5285747746626536,0.3937263066569964,3.4622932202888257,5.6703995061433075e-06,3.4622932202888257,93,0,True,False,False
EXP-T132,primary,1,101,1e-05,1.0000000000000001e-07,94,564,0.49098441501458484,0.39327803005774814,3.4619621508049243,5.5931848399006745e-06,3.4619621508049243,94,0,True,False,False
EXP-T132,primary,1,101,1e-05,1.0000000000000001e-07,95,570,0.512033129731814,0.3928985605016351,3.46097148548473,5.515836150926646e-06,3.46097148548473,95,0,True,False,False
EXP-T132,primary,1,101,1e-05,1.0000000000000001e-07,96,576,0.48762113849322003,0.3926924181481202,3.459768121892756,5.438372523852833e-06,3.459768121892756,96,0,True,False,False
EXP-T132,primary,1,101,1e-05,1.0000000000000001e-07,97,582,0.4901711195707321,0.3924672218660514,3.459055120294744,5.360813071670101e-06,3.459055120294744,97,0,True,False,False
EXP-T132,primary,1,101,1e-05,1.0000000000000001e-07,98,588,0.49418625980615616,0.3922002026811242,3.4578085234670928,5.283176931012731e-06,3.4578085234670928,98,0,True,False,False
EXP-T132,primary,1,101,1e-05,1.0000000000000001e-07,99,594,0.5123654206593832,0.39198499855895835,3.4578316428444604,5.205483257436735e-06,3.4578085234670928,98,1,False,False,False
EXP-T132,primary,1,101,1e-05,1.0000000000000001e-07,100,600,0.49800311028957367,0.39181998061637086,3.4572779337565103,5.127751220693512e-06,3.4572779337565103,100,0,True,False,False
EXP-T132,primary,1,101,1e-05,1.0000000000000001e-07,101,606,0.5227206548055013,0.39171492711951333,3.457041884913589,5.05e-06,3.457041884913589,101,0,True,False,False
EXP-T132,primary,1,101,1e-05,1.0000000000000001e-07,102,612,0.5158507078886032,0.39158459566533566,3.4560993078983193,4.972248779306488e-06,3.4560993078983193,102,0,True,False,False
EXP-T132,primary,1,101,1e-05,1.0000000000000001e-07,103,618,0.4875536759694417,0.39149512195338804,3.4539115212180396,4.8945167425632645e-06,3.4539115212180396,103,0,True,False,False
EXP-T132,primary,1,101,1e-05,1.0000000000000001e-07,104,624,0.5018447488546371,0.39144172115872305,3.4534745649857954,4.816823068987269e-06,3.4534745649857954,104,0,True,False,False
EXP-T132,primary,1,101,1e-05,1.0000000000000001e-07,105,630,0.4991426467895508,0.3911759477729599,3.452560193610914,4.7391869283298985e-06,3.452560193610914,105,0,True,False,False
EXP-T132,primary,1,101,1e-05,1.0000000000000001e-07,106,636,0.5043610632419586,0.39096126208702725,3.4523992827444365,4.661627476147168e-06,3.4523992827444365,106,0,True,False,False
EXP-T132,primary,1,101,1e-05,1.0000000000000001e-07,107,642,0.5078540096680323,0.3907305185372631,3.4532856796727036,4.584163849073354e-06,3.4523992827444365,106,1,False,False,False
EXP-T132,primary,1,101,1e-05,1.0000000000000001e-07,108,648,0.49678916732470196,0.3906285921111703,3.454262473366477,4.506815160099326e-06,3.4523992827444365,106,2,False,False,False
EXP-T132,primary,1,101,1e-05,1.0000000000000001e-07,109,654,0.4880317449569702,0.3904790723075469,3.4543764518968985,4.429600493856694e-06,3.4523992827444365,106,3,False,False,False
EXP-T132,primary,1,101,1e-05,1.0000000000000001e-07,110,660,0.48893049359321594,0.39025032240897417,3.4531624533913354,4.352538901908967e-06,3.4523992827444365,106,4,False,False,False
EXP-T132,primary,1,101,1e-05,1.0000000000000001e-07,111,666,0.5023926744858423,0.39011794577042264,3.4526207663796167,4.275649398050858e-06,3.4523992827444365,106,5,False,False,False
EXP-T132,primary,1,101,1e-05,1.0000000000000001e-07,112,672,0.48738810916741687,0.38994481942305964,3.4515753081350615,4.198950953616922e-06,3.4515753081350615,112,0,True,False,False
EXP-T132,primary,1,101,1e-05,1.0000000000000001e-07,113,678,0.4782412300507228,0.3898873434712489,3.4522885409268467,4.122462492800663e-06,3.4515753081350615,112,1,False,False,False
EXP-T132,primary,1,101,1e-05,1.0000000000000001e-07,114,684,0.4923642873764038,0.3896293252085646,3.450440840287642,4.046202887985263e-06,3.450440840287642,114,0,True,False,False
EXP-T132,primary,1,101,1e-05,1.0000000000000001e-07,115,690,0.47055090963840485,0.389465494081378,3.4496769760594224,3.970190955087116e-06,3.4496769760594224,115,0,True,False,False
EXP-T132,primary,1,101,1e-05,1.0000000000000001e-07,116,696,0.4691518594821294,0.3892745217308402,3.4492011792732007,3.894445448913268e-06,3.4492011792732007,116,0,True,False,False
EXP-T132,primary,1,101,1e-05,1.0000000000000001e-07,117,702,0.48288507262865704,0.38919209440549213,3.4497507268732246,3.818985058533969e-06,3.4492011792732007,116,1,False,False,False
EXP-T132,primary,1,101,1e-05,1.0000000000000001e-07,118,708,0.4737711598475774,0.3890492767095566,3.449733849727746,3.7438284026714044e-06,3.4492011792732007,116,2,False,False,False
EXP-T132,primary,1,101,1e-05,1.0000000000000001e-07,119,714,0.46898504098256427,0.3888779729604721,3.4490351821437026,3.6689940251058153e-06,3.4490351821437026,119,0,True,False,False
EXP-T132,primary,1,101,1e-05,1.0000000000000001e-07,120,720,0.47632308801015216,0.3887149626389146,3.4484042543353457,3.594500390100096e-06,3.4484042543353457,120,0,True,False,False
EXP-T132,primary,1,101,1e-05,1.0000000000000001e-07,121,726,0.48816682398319244,0.3885913969328006,3.4483908450964726,3.5203658778440116e-06,3.4483908450964726,121,0,True,False,False
EXP-T132,primary,1,101,1e-05,1.0000000000000001e-07,122,732,0.49126991629600525,0.38854231499135494,3.4517426924272017,3.4466087799191603e-06,3.4483908450964726,121,1,False,False,False
EXP-T132,primary,1,101,1e-05,1.0000000000000001e-07,123,738,0.5000117421150208,0.38849594971785945,3.4522878473455254,3.3732472947858077e-06,3.4483908450964726,121,2,False,False,False
EXP-T132,primary,1,101,1e-05,1.0000000000000001e-07,124,744,0.4898890306552251,0.38836801300446194,3.45230449329723,3.300299523292678e-06,3.4483908450964726,121,3,False,False,False
EXP-T132,primary,1,101,1e-05,1.0000000000000001e-07,125,750,0.4748791307210922,0.3882149231309692,3.453165458910393,3.227783464210845e-06,3.4483908450964726,121,4,False,False,False
EXP-T132,primary,1,101,1e-05,1.0000000000000001e-07,126,756,0.48372100790341693,0.3880150917296608,3.4523747762044272,3.155717009792807e-06,3.4483908450964726,121,5,False,False,False
EXP-T132,primary,1,101,1e-05,1.0000000000000001e-07,127,762,0.4926435947418213,0.387987374017636,3.4547981493400806,3.0841179413578354e-06,3.4483908450964726,121,6,False,False,False
EXP-T132,primary,1,101,1e-05,1.0000000000000001e-07,128,768,0.5002579639355341,0.3879301572839419,3.4558364405776514,3.0130039249047117e-06,3.4483908450964726,121,7,False,False,False
EXP-T132,primary,1,101,1e-05,1.0000000000000001e-07,129,774,0.5045885443687439,0.3876841307307283,3.453766562721946,2.9423925067528904e-06,3.4483908450964726,121,8,False,False,False
EXP-T132,primary,1,101,1e-05,1.0000000000000001e-07,130,780,0.4678428868452708,0.38749865752955276,3.451718879468513,2.87230110921322e-06,3.4483908450964726,121,9,False,False,False
EXP-T132,primary,1,101,1e-05,1.0000000000000001e-07,131,786,0.4841628670692444,0.38734347963084775,3.449006514115767,2.8027470262892435e-06,3.4483908450964726,121,10,False,False,False
EXP-T132,primary,1,101,1e-05,1.0000000000000001e-07,132,792,0.5049226482709249,0.38720569262901944,3.448080351858428,2.7337474194101625e-06,3.448080351858428,132,0,True,False,False
EXP-T132,primary,1,101,1e-05,1.0000000000000001e-07,133,798,0.4755413730939229,0.38706258467088145,3.4483730431758994,2.6653193131965085e-06,3.448080351858428,132,1,False,False,False
EXP-T132,primary,1,101,1e-05,1.0000000000000001e-07,134,804,0.49740004539489746,0.3869618655492862,3.4471562703450522,2.5974795912595824e-06,3.4471562703450522,134,0,True,False,False
EXP-T132,primary,1,101,1e-05,1.0000000000000001e-07,135,810,0.4869743386904399,0.38688280278195936,3.448664347330729,2.530244992035662e-06,3.4471562703450522,134,1,False,False,False
EXP-T132,primary,1,101,1e-05,1.0000000000000001e-07,136,816,0.47738956411679584,0.38679891467715305,3.446309638745857,2.4636321046560533e-06,3.446309638745857,136,0,True,False,False
EXP-T132,primary,1,101,1e-05,1.0000000000000001e-07,137,822,0.515326256553332,0.386728279137363,3.4458088730320786,2.3976573648539653e-06,3.4458088730320786,137,0,True,False,False
EXP-T132,primary,1,101,1e-05,1.0000000000000001e-07,138,828,0.47411130368709564,0.3867045408114791,3.446903113162879,2.332337050909247e-06,3.4458088730320786,137,1,False,False,False
EXP-T132,primary,1,101,1e-05,1.0000000000000001e-07,139,834,0.4753662546475728,0.3866468099877238,3.4473786787553267,2.267687279631953e-06,3.4458088730320786,137,2,False,False,False
EXP-T132,primary,1,101,1e-05,1.0000000000000001e-07,140,840,0.4954150418440501,0.3865722400757174,3.4474445689808237,2.2037240023857708e-06,3.4458088730320786,137,3,False,False,False
EXP-T132,primary,1,101,1e-05,1.0000000000000001e-07,141,846,0.460526039203008,0.386476568877697,3.4489884810014204,2.1404630011522584e-06,3.4458088730320786,137,4,False,False,False
EXP-T132,primary,1,101,1e-05,1.0000000000000001e-07,142,852,0.4972742001215617,0.3863792954944074,3.447799913810961,2.0779198846368745e-06,3.4458088730320786,137,5,False,False,False
EXP-T132,primary,1,101,1e-05,1.0000000000000001e-07,143,858,0.47260766724745434,0.3863347059426208,3.4468547936641807,2.0161100844177658e-06,3.4458088730320786,137,6,False,False,False
EXP-T132,primary,1,101,1e-05,1.0000000000000001e-07,144,864,0.48269686102867126,0.38630846748128533,3.4486981016216856,1.9550488511382593e-06,3.4458088730320786,137,7,False,False,False
EXP-T132,primary,1,101,1e-05,1.0000000000000001e-07,145,870,0.4556027005116145,0.386253680412968,3.449008826053504,1.894751250743986e-06,3.4458088730320786,137,8,False,False,False
EXP-T132,primary,1,101,1e-05,1.0000000000000001e-07,146,876,0.483482763171196,0.38621965656057,3.4481122565991953,1.8352321607655916e-06,3.4458088730320786,137,9,False,False,False
EXP-T132,primary,1,101,1e-05,1.0000000000000001e-07,147,882,0.4977140525976817,0.3862151790720721,3.448849071155895,1.7765062666479242e-06,3.4458088730320786,137,10,False,False,False
EXP-T132,primary,1,101,1e-05,1.0000000000000001e-07,148,888,0.5030585130055746,0.38621608866378665,3.448294899680398,1.7185880581266217e-06,3.4458088730320786,137,11,False,False,False
EXP-T132,primary,1,101,1e-05,1.0000000000000001e-07,149,894,0.4709628050525983,0.38617334701120853,3.448837742660985,1.6614918256529908e-06,3.4458088730320786,137,12,False,False,False
EXP-T132,primary,1,101,1e-05,1.0000000000000001e-07,150,900,0.4836199829975764,0.38611005324249464,3.4485207759972774,1.6052316568680442e-06,3.4458088730320786,137,13,False,False,False
EXP-T132,primary,1,101,1e-05,1.0000000000000001e-07,151,906,0.48646130164464313,0.3860422956446807,3.4490169178355825,1.5498214331265902e-06,3.4458088730320786,137,14,False,False,False
EXP-T132,primary,1,101,1e-05,1.0000000000000001e-07,152,912,0.49047645429770154,0.3859998158489664,3.4494013930812026,1.495274826072216e-06,3.4458088730320786,137,15,False,False,False
EXP-T132,primary,1,101,1e-05,1.0000000000000001e-07,153,918,0.4404825071493785,0.38597161741927266,3.4492534290660513,1.441605294264014e-06,3.4458088730320786,137,16,False,False,False
EXP-T132,primary,1,101,1e-05,1.0000000000000001e-07,154,924,0.48672084013621014,0.38593797214950126,3.449217362837358,1.3888260798558817e-06,3.4458088730320786,137,17,False,False,False
EXP-T132,primary,1,101,1e-05,1.0000000000000001e-07,155,930,0.4692617456118266,0.38591281076272327,3.4496365171490293,1.3369502053292252e-06,3.4458088730320786,137,18,False,False,False
EXP-T132,primary,1,101,1e-05,1.0000000000000001e-07,156,936,0.47334428628285724,0.3858875126267473,3.4505145911014443,1.285990470279847e-06,3.4458088730320786,137,19,False,False,False
EXP-T132,primary,1,101,1e-05,1.0000000000000001e-07,157,942,0.5109573304653168,0.38587512355297804,3.4510234485973013,1.2359594482598438e-06,3.4458088730320786,137,20,False,False,False
EXP-T132,primary,1,101,1e-05,1.0000000000000001e-07,158,948,0.5047405312458674,0.38587079010903835,3.451934120871804,1.1868694836752686e-06,3.4458088730320786,137,21,False,False,False
EXP-T132,primary,1,101,1e-05,1.0000000000000001e-07,159,954,0.46030882994333905,0.38584079950427014,3.45109951134884,1.1387326887403326e-06,3.4458088730320786,137,22,False,False,False
EXP-T132,primary,1,101,1e-05,1.0000000000000001e-07,160,960,0.4745515088240306,0.3858003926773866,3.450934901381984,1.0915609404889017e-06,3.4458088730320786,137,23,False,False,False
EXP-T132,primary,1,101,1e-05,1.0000000000000001e-07,161,966,0.49196621278921765,0.38578086253255606,3.451636112097538,1.0453658778440107e-06,3.4458088730320786,137,24,False,False,False
EXP-T132,primary,1,101,1e-05,1.0000000000000001e-07,162,972,0.4964760939280192,0.3857703836013873,3.452047637014678,1.0001588987461348e-06,3.4458088730320786,137,25,False,False,False
EXP-T132,primary,1,101,1e-05,1.0000000000000001e-07,163,978,0.46061472594738007,0.38573730069523054,3.4511358087713067,9.559511573409195e-07,3.4458088730320786,137,26,False,False,False
EXP-T132,primary,1,101,1e-05,1.0000000000000001e-07,164,984,0.5033874114354452,0.385717472837617,3.4511020544803506,9.127535612270632e-07,3.4458088730320786,137,27,False,False,False
EXP-T132,primary,1,101,1e-05,1.0000000000000001e-07,165,990,0.4938029497861862,0.38570873346179724,3.4508417302911933,8.705767687650265e-07,3.4458088730320786,137,28,False,False,False
EXP-T132,primary,1,101,1e-05,1.0000000000000001e-07,166,996,0.4947899828354518,0.38569104423125583,3.450885888301965,8.294311864472448e-07,3.4458088730320786,137,29,False,False,False
EXP-T132,primary,1,101,1e-05,1.0000000000000001e-07,167,1002,0.46828339993953705,0.3856703160951535,3.4502313787286933,7.893269663304784e-07,3.4458088730320786,137,30,False,True,False
EXP-T132,primary,1,101,0.0001,1.0000000000000002e-06,1,6,0.5752801795800527,0.4230208198229472,3.5878966360381157,0.0001,3.5878966360381157,1,0,True,False,False
EXP-T132,primary,1,101,0.0001,1.0000000000000002e-06,2,12,0.5839274624983469,0.45062704384326935,3.5706243804006865,9.99938933078422e-05,3.5706243804006865,2,0,True,False,False
EXP-T132,primary,1,101,0.0001,1.0000000000000002e-06,3,18,0.5765714248021444,0.43244921796334285,3.717889034386837,9.997557473810373e-05,3.5706243804006865,2,1,False,False,False
EXP-T132,primary,1,101,0.0001,1.0000000000000002e-06,4,24,0.5899054755767187,0.4324043890616546,3.715067314379143,9.994504881061753e-05,3.5706243804006865,2,2,False,False,False
EXP-T132,primary,1,101,0.0001,1.0000000000000002e-06,5,30,0.5497632920742035,0.42242580900589627,3.513664707993016,9.990232305719945e-05,3.513664707993016,5,0,True,False,False
EXP-T132,primary,1,101,0.0001,1.0000000000000002e-06,6,36,0.5452987452348074,0.41094492251674336,3.488280094031132,9.984740801978984e-05,3.488280094031132,6,0,True,False,False
EXP-T132,primary,1,101,0.0001,1.0000000000000002e-06,7,42,0.526761382818222,0.40490642733251053,3.5423100789388022,9.978031724785247e-05,3.488280094031132,6,1,False,False,False
EXP-T132,primary,1,101,0.0001,1.0000000000000002e-06,8,48,0.5465401212374369,0.4183953679166734,3.590265216249408,9.97010672950314e-05,3.488280094031132,6,2,False,False,False
EXP-T132,primary,1,101,0.0001,1.0000000000000002e-06,9,54,0.5405000448226929,0.3922248849024375,3.444489912553267,9.960967771506667e-05,3.444489912553267,9,0,True,False,False
EXP-T132,primary,1,101,0.0001,1.0000000000000002e-06,10,60,0.5232473611831665,0.39198189849654835,3.457131356904001,9.95061710569696e-05,3.444489912553267,9,1,False,False,False
EXP-T132,primary,1,101,0.0001,1.0000000000000002e-06,11,66,0.4987976749738057,0.4067106693983078,3.4954623598040957,9.939057285945933e-05,3.444489912553267,9,2,False,False,False
EXP-T132,primary,1,101,0.0001,1.0000000000000002e-06,12,72,0.5053663402795792,0.38241145946085453,3.438666141394413,9.926291164466132e-05,3.438666141394413,12,0,True,False,False
EXP-T132,primary,1,101,0.0001,1.0000000000000002e-06,13,78,0.515208899974823,0.404457267994682,3.4391840154474433,9.91232189110701e-05,3.438666141394413,12,1,False,False,False
EXP-T132,primary,1,101,0.0001,1.0000000000000002e-06,14,84,0.47036612530549365,0.3754125512981166,3.4083940910570547,9.897152912577741e-05,3.4083940910570547,14,0,True,False,False
EXP-T132,primary,1,101,0.0001,1.0000000000000002e-06,15,90,0.4584508215387662,0.3902153546611468,3.4600279836943657,9.8807879715968e-05,3.4083940910570547,14,1,False,False,False
EXP-T132,primary,1,101,0.0001,1.0000000000000002e-06,16,96,0.5188441226879755,0.42974204073349637,3.5286763509114585,9.8632311059685e-05,3.4083940910570547,14,2,False,False,False
EXP-T132,primary,1,101,0.0001,1.0000000000000002e-06,17,102,0.4721076041460037,0.3891614464422067,3.456127744732481,9.844486647586725e-05,3.4083940910570547,14,3,False,False,False
EXP-T132,primary,1,101,0.0001,1.0000000000000002e-06,18,108,0.4429781784613927,0.42234182606140774,3.5150726780746924,9.824559221366101e-05,3.4083940910570547,14,4,False,False,False
EXP-T132,primary,1,101,0.0001,1.0000000000000002e-06,19,114,0.44857507944107056,0.4256892291208108,3.520575321081913,9.803453744100869e-05,3.4083940910570547,14,5,False,False,False
EXP-T132,primary,1,101,0.0001,1.0000000000000002e-06,20,120,0.4505806565284729,0.38248071520744514,3.4279008345170454,9.781175423251735e-05,3.4083940910570547,14,6,False,False,False
EXP-T132,primary,1,101,0.0001,1.0000000000000002e-06,21,126,0.47274160385131836,0.5029369195302328,3.8309370098691997,9.757729755661011e-05,3.4083940910570547,14,7,False,False,False
EXP-T132,primary,1,101,0.0001,1.0000000000000002e-06,22,132,0.4206128443280856,0.3886871571400358,3.4202009258848247,9.73312252619635e-05,3.4083940910570547,14,8,False,False,False
EXP-T132,primary,1,101,0.0001,1.0000000000000002e-06,23,138,0.4119069774945577,0.39392523374408484,3.467357057513613,9.707359806323417e-05,3.4083940910570547,14,9,False,False,False
EXP-T132,primary,1,101,0.0001,1.0000000000000002e-06,24,144,0.4152838985125224,0.3959352425299585,3.4386053374319365,9.680447952607845e-05,3.4083940910570547,14,10,False,False,False
EXP-T132,primary,1,101,0.0001,1.0000000000000002e-06,25,150,0.40371757249037427,0.4010516999599834,3.5088283654415244,9.652393605146844e-05,3.4083940910570547,14,11,False,False,False
EXP-T132,primary,1,101,0.0001,1.0000000000000002e-06,26,156,0.3950994312763214,0.39774705659753334,3.461221868341619,9.623203685930869e-05,3.4083940910570547,14,12,False,False,False
EXP-T132,primary,1,101,0.0001,1.0000000000000002e-06,27,162,0.40625888109207153,0.42889798308412236,3.673215692693537,9.592885397135707e-05,3.4083940910570547,14,13,False,False,False
EXP-T132,primary,1,101,0.0001,1.0000000000000002e-06,28,168,0.379447062810262,0.42261076842745143,3.591939752752131,9.561446219345454e-05,3.4083940910570547,14,14,False,False,False
EXP-T132,primary,1,101,0.0001,1.0000000000000002e-06,29,174,0.40315061310927075,0.42810606956481934,3.6558125813802085,9.528893909706797e-05,3.4083940910570547,14,15,False,False,False
EXP-T132,primary,1,101,0.0001,1.0000000000000002e-06,30,180,0.3800310095151265,0.4403326523800691,3.687135176225142,9.495236500015047e-05,3.4083940910570547,14,16,False,False,False
EXP-T132,primary,1,101,0.0001,1.0000000000000002e-06,31,186,0.4244764447212219,0.44640539462367695,3.7813801620945786,9.460482294732421e-05,3.4083940910570547,14,17,False,False,False
EXP-T132,primary,1,101,0.0001,1.0000000000000002e-06,32,192,0.37936148047447205,0.42602075698475045,3.6410076256954307,9.424639868939033e-05,3.4083940910570547,14,18,False,False,False
EXP-T132,primary,1,101,0.0001,1.0000000000000002e-06,33,198,0.37567124515771866,0.431002198640878,3.713620272549716,9.387718066217124e-05,3.4083940910570547,14,19,False,False,False
EXP-T132,primary,1,101,0.0001,1.0000000000000002e-06,34,204,0.35433695713679,0.42843050758043927,3.6366706616950757,9.349725996469047e-05,3.4083940910570547,14,20,False,False,False
EXP-T132,primary,1,101,0.0001,1.0000000000000002e-06,35,210,0.4046768272916476,0.43733962439000607,3.7075458873401987,9.310673033669521e-05,3.4083940910570547,14,21,False,False,False
EXP-T132,primary,1,101,0.0001,1.0000000000000002e-06,36,216,0.3430272340774536,0.44850634783506393,3.8396518591678506,9.270568813552756e-05,3.4083940910570547,14,22,False,False,False
EXP-T132,primary,1,101,0.0001,1.0000000000000002e-06,37,222,0.36518263320128125,0.4554499611258507,3.8008781201911694,9.229423231234974e-05,3.4083940910570547,14,23,False,False,False
EXP-T132,primary,1,101,0.0001,1.0000000000000002e-06,38,228,0.3517356465260188,0.4681858991583188,3.7869877670750474,9.187246438772939e-05,3.4083940910570547,14,24,False,False,False
EXP-T132,primary,1,101,0.0001,1.0000000000000002e-06,39,234,0.3127122645576795,0.4658559436599414,3.8755742853338067,9.14404884265908e-05,3.4083940910570547,14,25,False,False,False
EXP-T132,primary,1,101,0.0001,1.0000000000000002e-06,40,240,0.3532688543200493,0.4755537286400795,3.8144720828894414,9.099841101253866e-05,3.4083940910570547,14,26,False,False,False
EXP-T132,primary,1,101,0.0001,1.0000000000000002e-06,41,246,0.3427356407046318,0.46289546477297944,3.9172118215849907,9.05463412215599e-05,3.4083940910570547,14,27,False,False,False
EXP-T132,primary,1,101,0.0001,1.0000000000000002e-06,42,252,0.27799563358227414,0.4660099732379119,3.8605214899236504,9.0084390595111e-05,3.4083940910570547,14,28,False,False,False
EXP-T132,primary,1,101,0.0001,1.0000000000000002e-06,43,258,0.34476901839176816,0.49668935934702557,3.7814252448804453,8.961267311259666e-05,3.4083940910570547,14,29,False,False,False
EXP-T132,primary,1,101,0.0001,1.0000000000000002e-06,44,264,0.3163623760143916,0.4521597394098838,3.837522333318537,8.913130516324733e-05,3.4083940910570547,14,30,False,True,False
EXP-T132,primary,1,101,0.001,1e-05,1,6,0.5895610203345617,0.40723549976488965,3.567146994850852,0.001,3.567146994850852,1,0,True,False,False
EXP-T132,primary,1,101,0.001,1e-05,2,12,0.6147726674874624,0.4008403408030669,3.478078437573982,0.000999938933078422,3.478078437573982,2,0,True,False,False
EXP-T132,primary,1,101,0.001,1e-05,3,18,0.5779797037442526,0.6335582335789999,4.5910727761008525,0.0009997557473810372,3.478078437573982,2,1,False,False,False
EXP-T132,primary,1,101,0.001,1e-05,4,24,0.5336719204982122,0.5243271092573801,3.961370525938092,0.0009994504881061753,3.478078437573982,2,2,False,False,False
EXP-T132,primary,1,101,0.001,1e-05,5,30,0.49553336203098297,0.39190999915202457,3.478361881140507,0.0009990232305719944,3.478078437573982,2,3,False,False,False
EXP-T132,primary,1,101,0.001,1e-05,6,36,0.490262692173322,0.42076416220515966,3.6052958170572915,0.0009984740801978985,3.478078437573982,2,4,False,False,False
EXP-T132,primary,1,101,0.001,1e-05,7,42,0.48980965713659924,0.4015356944873929,3.524986729477391,0.0009978031724785245,3.478078437573982,2,5,False,False,False
EXP-T132,primary,1,101,0.001,1e-05,8,48,0.47905807197093964,0.5352188597122828,4.142593152595289,0.000997010672950314,3.478078437573982,2,6,False,False,False
EXP-T132,primary,1,101,0.001,1e-05,9,54,0.49767687420050305,0.42551155120600015,3.6674871733694365,0.0009960967771506667,3.478078437573982,2,7,False,False,False
EXP-T132,primary,1,101,0.001,1e-05,10,60,0.4424343854188919,0.47922516117493313,3.8729102394797583,0.000995061710569696,3.478078437573982,2,8,False,False,False
EXP-T132,primary,1,101,0.001,1e-05,11,66,0.44220229238271713,0.44242794982468087,3.7966364080255683,0.0009939057285945933,3.478078437573982,2,9,False,False,False
EXP-T132,primary,1,101,0.001,1e-05,12,72,0.5043109407027563,0.5262551108996073,3.8534612944631865,0.000992629116446613,3.478078437573982,2,10,False,False,False
EXP-T132,primary,1,101,0.001,1e-05,13,78,0.3704431007305781,0.6694758733113607,4.9090744943329785,0.000991232189110701,3.478078437573982,2,11,False,False,False
EXP-T132,primary,1,101,0.001,1e-05,14,84,0.5167917609214783,0.4591755490206803,3.886895613236861,0.0009897152912577741,3.478078437573982,2,12,False,False,False
EXP-T132,primary,1,101,0.001,1e-05,15,90,0.424618735909462,0.4157067807391286,3.576265508478338,0.00098807879715968,3.478078437573982,2,13,False,False,False
EXP-T132,primary,1,101,0.001,1e-05,16,96,0.4203805426756541,0.39073461076865595,3.422116366299716,0.00098632311059685,3.422116366299716,16,0,True,False,False
EXP-T132,primary,1,101,0.001,1e-05,17,102,0.3774246722459793,0.4557060847679774,3.602734190044981,0.0009844486647586723,3.422116366299716,16,1,False,False,False
EXP-T132,primary,1,101,0.001,1e-05,18,108,0.3398670231302579,0.4985228627920151,3.8252080281575522,0.00098245592213661,3.422116366299716,16,2,False,False,False
EXP-T132,primary,1,101,0.001,1e-05,19,114,0.3671557555596034,0.4474797711445717,3.8490045720880683,0.0009803453744100868,3.422116366299716,16,3,False,False,False
EXP-T132,primary,1,101,0.001,1e-05,20,120,0.29395999759435654,0.4384418825308482,3.5536716345584756,0.0009781175423251734,3.422116366299716,16,4,False,False,False
EXP-T132,primary,1,101,0.001,1e-05,21,126,0.28596947342157364,0.4422500388075908,3.741963242039536,0.0009757729755661011,3.422116366299716,16,5,False,False,False
EXP-T132,primary,1,101,0.001,1e-05,22,132,0.29492679486672085,0.4204783762494723,3.5896354444099194,0.0009733122526196349,3.422116366299716,16,6,False,False,False
EXP-T132,primary,1,101,0.001,1e-05,23,138,0.36643757422765094,0.769797682762146,4.255810361919981,0.0009707359806323416,3.422116366299716,16,7,False,False,False
EXP-T132,primary,1,101,0.001,1e-05,24,144,0.29645729064941406,0.47657162075241405,3.9908098163026753,0.0009680447952607845,3.422116366299716,16,8,False,False,False
EXP-T132,primary,1,101,0.001,1e-05,25,150,0.27749007443586987,0.6354246536890665,4.1732126871744795,0.0009652393605146844,3.422116366299716,16,9,False,False,False
EXP-T132,primary,1,101,0.001,1e-05,26,156,0.24567525585492453,0.6866510113080343,4.08560088186553,0.000962320368593087,3.422116366299716,16,10,False,False,False
EXP-T132,primary,1,101,0.001,1e-05,27,162,0.31281732271114987,0.43285780648390454,3.733984513716264,0.0009592885397135706,3.422116366299716,16,11,False,False,False
EXP-T132,primary,1,101,0.001,1e-05,28,168,0.2908719728390376,0.6532337069511414,4.068699923428622,0.0009561446219345453,3.422116366299716,16,12,False,False,False
EXP-T132,primary,1,101,0.001,1e-05,29,174,0.2510136452813943,0.48468497302383184,4.091884035052675,0.0009528893909706797,3.422116366299716,16,13,False,False,False
EXP-T132,primary,1,101,0.001,1e-05,30,180,0.31243620067834854,0.5355459551016489,4.002770626183712,0.0009495236500015047,3.422116366299716,16,14,False,False,False
EXP-T132,primary,1,101,0.001,1e-05,31,186,0.3347616270184517,0.5036760953565439,4.092540856563684,0.0009460482294732421,3.422116366299716,16,15,False,False,False
EXP-T132,primary,1,101,0.001,1e-05,32,192,0.2938985327879588,0.8961735367774963,4.7888571999289775,0.0009424639868939033,3.422116366299716,16,16,False,False,False
EXP-T132,primary,1,101,0.001,1e-05,33,198,0.25775332003831863,0.4929213176170985,3.8952313047466856,0.0009387718066217125,3.422116366299716,16,17,False,False,False
EXP-T132,primary,1,101,0.001,1e-05,34,204,0.2994355658690135,0.5137667282639692,4.335117686878551,0.0009349725996469047,3.422116366299716,16,18,False,False,False
EXP-T132,primary,1,101,0.001,1e-05,35,210,0.24439929549892744,0.5372679233551025,4.209026683460582,0.0009310673033669522,3.422116366299716,16,19,False,False,False
EXP-T132,primary,1,101,0.001,1e-05,36,216,0.2241115259627501,0.5034724995493889,3.9999285611239346,0.0009270568813552756,3.422116366299716,16,20,False,False,False
EXP-T132,primary,1,101,0.001,1e-05,37,222,0.23282227416833243,0.5848014106353124,4.217748468572443,0.0009229423231234975,3.422116366299716,16,21,False,False,False
EXP-T132,primary,1,101,0.001,1e-05,38,228,0.20903185258309046,0.49931417405605316,3.9310945453065815,0.0009187246438772938,3.422116366299716,16,22,False,False,False
EXP-T132,primary,1,101,0.001,1e-05,39,234,0.22325679659843445,0.5579007218281428,4.430183641838305,0.0009144048842659081,3.422116366299716,16,23,False,False,False
EXP-T132,primary,1,101,0.001,1e-05,40,240,0.18716304749250412,0.5037448058525721,4.064259615811435,0.0009099841101253866,3.422116366299716,16,24,False,False,False
EXP-T132,primary,1,101,0.001,1e-05,41,246,0.1291896440088749,0.6662137309710184,4.206625042539654,0.000905463412215599,3.422116366299716,16,25,False,False,False
EXP-T132,primary,1,101,0.001,1e-05,42,252,0.24495389312505722,0.5234358062346777,3.8595682779947915,0.0009008439059511099,3.422116366299716,16,26,False,False,False
EXP-T132,primary,1,101,0.001,1e-05,43,258,0.17975464587410292,0.5393018592149019,4.477517792672822,0.0008961267311259666,3.422116366299716,16,27,False,False,False
EXP-T132,primary,1,101,0.001,1e-05,44,264,0.24590702230731645,0.7754494746526083,4.258847438927853,0.0008913130516324732,3.422116366299716,16,28,False,False,False
EXP-T132,primary,1,101,0.001,1e-05,45,270,0.17960463898877302,0.4712151102721691,3.8931595773407905,0.0008864040551740157,3.422116366299716,16,29,False,False,False
EXP-T132,primary,1,101,0.001,1e-05,46,276,0.18664344772696495,0.5735898005465666,4.599259810014204,0.0008814009529720154,3.422116366299716,16,30,False,True,False
EXP-T132,primary,1,101,0.01,0.0001,1,6,13.985221733649572,44.015088399251304,199.62272412849194,0.01,199.62272412849194,1,0,True,False,False
EXP-T132,primary,1,101,0.01,0.0001,2,12,75.65649127960205,161.89330546061197,728.4362478545218,0.00999938933078422,199.62272412849194,1,1,False,False,False
EXP-T132,primary,1,101,0.01,0.0001,3,18,70.03023179372151,17.36916669209798,78.99673878062855,0.009997557473810372,78.99673878062855,3,0,True,False,False
EXP-T132,primary,1,101,0.01,0.0001,4,24,15.084962209065756,0.5113088799019655,4.177015824751421,0.009994504881061753,4.177015824751421,4,0,True,False,False
EXP-T132,primary,1,101,0.01,0.0001,5,30,6.139639059702556,1.269336740175883,7.24616646044182,0.009990232305719944,4.177015824751421,4,1,False,False,False
EXP-T132,primary,1,101,0.01,0.0001,6,36,1.1799981395403545,0.7787478168805441,5.238629890210701,0.009984740801978984,4.177015824751421,4,2,False,False,False
EXP-T132,primary,1,101,0.01,0.0001,7,42,1.6952691276868184,0.558339794476827,3.7720625906279595,0.009978031724785246,3.7720625906279595,7,0,True,False,False
EXP-T132,primary,1,101,0.01,0.0001,8,48,0.9910398324330648,0.4329113910595576,3.5666180234966856,0.00997010672950314,3.5666180234966856,8,0,True,False,False
EXP-T132,primary,1,101,0.01,0.0001,9,54,0.5977601160605749,0.4251101054251194,3.61772548791134,0.009960967771506667,3.5666180234966856,8,1,False,False,False
EXP-T132,primary,1,101,0.01,0.0001,10,60,0.5590288788080215,0.42357445632417995,3.625542149399266,0.00995061710569696,3.5666180234966856,8,2,False,False,False
EXP-T132,primary,1,101,0.01,0.0001,11,66,0.5690159251292547,0.42247003068526584,3.6334011193477744,0.009939057285945933,3.5666180234966856,8,3,False,False,False
EXP-T132,primary,1,101,0.01,0.0001,12,72,1.4512781202793121,9.858375231424967,45.101647810502485,0.00992629116446613,3.5666180234966856,8,4,False,False,False
EXP-T132,primary,1,101,0.01,0.0001,13,78,11.141401290893555,0.5953754186630249,3.863670811508641,0.00991232189110701,3.5666180234966856,8,5,False,False,False
EXP-T132,primary,1,101,0.01,0.0001,14,84,12.94449915488561,3.399627765019735,16.025905031146426,0.00989715291257774,3.5666180234966856,8,6,False,False,False
EXP-T132,primary,1,101,0.01,0.0001,15,90,5.768119891484578,7.800102551778157,36.373042251124524,0.0098807879715968,3.5666180234966856,8,7,False,False,False
EXP-T132,primary,1,101,0.01,0.0001,16,96,2.814758578936259,0.421704367424051,3.6433415268406724,0.0098632311059685,3.5666180234966856,8,8,False,False,False
EXP-T132,primary,1,101,0.01,0.0001,17,102,2.215982402364413,0.4216703114410241,3.644216826467803,0.009844486647586723,3.5666180234966856,8,9,False,False,False
EXP-T132,primary,1,101,0.01,0.0001,18,108,7.22761644423008,52.75996526082357,238.0926337964607,0.0098245592213661,3.5666180234966856,8,10,False,False,False
EXP-T132,primary,1,101,0.01,0.0001,19,114,15.587459544340769,0.4215898917367061,3.651412732673414,0.009803453744100868,3.5666180234966856,8,11,False,False,False
EXP-T132,primary,1,101,0.01,0.0001,20,120,1.840006247162819,0.4215800855308771,3.650465300588897,0.009781175423251734,3.5666180234966856,8,12,False,False,False
EXP-T132,primary,1,101,0.01,0.0001,21,126,0.7105463445186615,0.42166526305178803,3.6545165090849907,0.009757729755661011,3.5666180234966856,8,13,False,False,False
EXP-T132,primary,1,101,0.01,0.0001,22,132,0.5544933974742889,0.42226166650652885,3.6635469378847065,0.009733122526196349,3.5666180234966856,8,14,False,False,False
EXP-T132,primary,1,101,0.01,0.0001,23,138,0.5543685555458069,0.42231204578032094,3.664056026574337,0.009707359806323416,3.5666180234966856,8,15,False,False,False
EXP-T132,primary,1,101,0.01,0.0001,24,144,0.5543716897567114,0.4220315311104059,3.6609356042110557,0.009680447952607845,3.5666180234966856,8,16,False,False,False
EXP-T132,primary,1,101,0.01,0.0001,25,150,0.5547697494427363,0.4217054781814416,3.65556034897313,0.009652393605146845,3.5666180234966856,8,17,False,False,False
EXP-T132,primary,1,101,0.01,0.0001,26,156,0.5539564043283463,0.4217813058445851,3.657152118104877,0.00962320368593087,3.5666180234966856,8,18,False,False,False
EXP-T132,primary,1,101,0.01,0.0001,27,162,0.5540342926979065,0.4217193989704053,3.655881477124763,0.009592885397135707,3.5666180234966856,8,19,False,False,False
EXP-T132,primary,1,101,0.01,0.0001,28,168,0.5540996243556341,0.42179694833854836,3.657441341515743,0.009561446219345454,3.5666180234966856,8,20,False,False,False
EXP-T132,primary,1,101,0.01,0.0001,29,174,0.5540417830149332,0.42178727748493355,3.6572637846975615,0.009528893909706798,3.5666180234966856,8,21,False,False,False
EXP-T132,primary,1,101,0.01,0.0001,30,180,0.5541705936193466,0.42163419847687084,3.6535323171904595,0.009495236500015047,3.5666180234966856,8,22,False,False,False
EXP-T132,primary,1,101,0.01,0.0001,31,186,0.5539625634749731,0.4215962179005146,3.6518330429539536,0.00946048229473242,3.5666180234966856,8,23,False,False,False
EXP-T132,primary,1,101,0.01,0.0001,32,192,0.554256389538447,0.42167183570563793,3.6547016952977036,0.009424639868939034,3.5666180234966856,8,24,False,False,False
EXP-T132,primary,1,101,0.01,0.0001,33,198,0.5541442036628723,0.42160101731618244,3.6521090883197207,0.009387718066217124,3.5666180234966856,8,25,False,False,False
EXP-T132,primary,1,101,0.01,0.0001,34,204,0.553948163986206,0.4216185932358106,3.6529351436730586,0.009349725996469048,3.5666180234966856,8,26,False,False,False
EXP-T132,primary,1,101,0.01,0.0001,35,210,0.5538834482431412,0.42163674036661786,3.6536224827621924,0.00931067303366952,3.5666180234966856,8,27,False,False,False
EXP-T132,primary,1,101,0.01,0.0001,36,216,0.5541879236698151,0.4217151862879594,3.655786456483783,0.009270568813552756,3.5666180234966856,8,28,False,False,False
EXP-T132,primary,1,101,0.01,0.0001,37,222,0.5542480001846949,0.42169645118216675,3.6553411772756865,0.009229423231234974,3.5666180234966856,8,29,False,False,False
EXP-T132,primary,1,101,0.01,0.0001,38,228,0.5540357132752737,0.421732800702254,3.65617763634884,0.009187246438772938,3.5666180234966856,8,30,False,True,False
EXP-T132,primary,2,101,1e-05,1.0000000000000001e-07,1,7,0.5751844431672778,0.640253484249115,3.649822473526001,1e-05,3.649822473526001,1,0,True,False,False
EXP-T132,primary,2,101,1e-05,1.0000000000000001e-07,2,14,0.5813605104173932,0.6381785571575165,3.6526496410369873,9.99938933078422e-06,3.649822473526001,1,1,False,False,False
EXP-T132,primary,2,101,1e-05,1.0000000000000001e-07,3,21,0.6483209984643119,0.6383032202720642,3.6634926795959473,9.997557473810373e-06,3.649822473526001,1,2,False,False,False
EXP-T132,primary,2,101,1e-05,1.0000000000000001e-07,4,28,0.6769088719572339,0.6380527317523956,3.663731813430786,9.994504881061752e-06,3.649822473526001,1,3,False,False,False
EXP-T132,primary,2,101,1e-05,1.0000000000000001e-07,5,35,0.7194362963948931,0.6378411054611206,3.6637861728668213,9.990232305719944e-06,3.649822473526001,1,4,False,False,False
EXP-T132,primary,2,101,1e-05,1.0000000000000001e-07,6,42,0.620160026209695,0.6386149823665619,3.66898512840271,9.984740801978984e-06,3.649822473526001,1,5,False,False,False
EXP-T132,primary,2,101,1e-05,1.0000000000000001e-07,7,49,0.5383760247911725,0.6393773257732391,3.6725099086761475,9.978031724785247e-06,3.649822473526001,1,6,False,False,False
EXP-T132,primary,2,101,1e-05,1.0000000000000001e-07,8,56,0.4836895622845207,0.638802170753479,3.6709275245666504,9.97010672950314e-06,3.649822473526001,1,7,False,False,False
EXP-T132,primary,2,101,1e-05,1.0000000000000001e-07,9,63,0.5772374442645481,0.6380889117717743,3.6688613891601562,9.960967771506666e-06,3.649822473526001,1,8,False,False,False
EXP-T132,primary,2,101,1e-05,1.0000000000000001e-07,10,70,0.6354909241199493,0.6390495300292969,3.6724207401275635,9.950617105696961e-06,3.649822473526001,1,9,False,False,False
EXP-T132,primary,2,101,1e-05,1.0000000000000001e-07,11,77,0.5638059079647064,0.6380400657653809,3.66926908493042,9.939057285945933e-06,3.649822473526001,1,10,False,False,False
EXP-T132,primary,2,101,1e-05,1.0000000000000001e-07,12,84,0.5721181333065033,0.6386520266532898,3.6712498664855957,9.926291164466131e-06,3.649822473526001,1,11,False,False,False
EXP-T132,primary,2,101,1e-05,1.0000000000000001e-07,13,91,0.6866486881460462,0.6377926468849182,3.6689293384552,9.91232189110701e-06,3.649822473526001,1,12,False,False,False
EXP-T132,primary,2,101,1e-05,1.0000000000000001e-07,14,98,0.544491001537868,0.6379541456699371,3.6696510314941406,9.897152912577742e-06,3.649822473526001,1,13,False,False,False
EXP-T132,primary,2,101,1e-05,1.0000000000000001e-07,15,105,0.500575914978981,0.6383717656135559,3.6708784103393555,9.8807879715968e-06,3.649822473526001,1,14,False,False,False
EXP-T132,primary,2,101,1e-05,1.0000000000000001e-07,16,112,0.5346005771841321,0.6366776823997498,3.666144609451294,9.8632311059685e-06,3.649822473526001,1,15,False,False,False
EXP-T132,primary,2,101,1e-05,1.0000000000000001e-07,17,119,0.537424100296838,0.6353318095207214,3.6617445945739746,9.844486647586724e-06,3.649822473526001,1,16,False,False,False
EXP-T132,primary,2,101,1e-05,1.0000000000000001e-07,18,126,0.48738401835518225,0.6350498199462891,3.660984516143799,9.824559221366101e-06,3.649822473526001,1,17,False,False,False
EXP-T132,primary,2,101,1e-05,1.0000000000000001e-07,19,133,0.5493221964154925,0.6353974342346191,3.66247296333313,9.803453744100868e-06,3.649822473526001,1,18,False,False,False
EXP-T132,primary,2,101,1e-05,1.0000000000000001e-07,20,140,0.4993320820587022,0.6363401412963867,3.665311336517334,9.781175423251734e-06,3.649822473526001,1,19,False,False,False
EXP-T132,primary,2,101,1e-05,1.0000000000000001e-07,21,147,0.5251458329813821,0.6354964673519135,3.663146734237671,9.757729755661012e-06,3.649822473526001,1,20,False,False,False
EXP-T132,primary,2,101,1e-05,1.0000000000000001e-07,22,154,0.5252823552915028,0.6355242729187012,3.6631951332092285,9.73312252619635e-06,3.649822473526001,1,21,False,False,False
EXP-T132,primary,2,101,1e-05,1.0000000000000001e-07,23,161,0.5336356716496604,0.6333738267421722,3.656585454940796,9.707359806323418e-06,3.649822473526001,1,22,False,False,False
EXP-T132,primary,2,101,1e-05,1.0000000000000001e-07,24,168,0.48831572170768467,0.6316103041172028,3.649556875228882,9.680447952607845e-06,3.649556875228882,24,0,True,False,False
EXP-T132,primary,2,101,1e-05,1.0000000000000001e-07,25,175,0.5650940196854728,0.6303369104862213,3.641106367111206,9.652393605146845e-06,3.641106367111206,25,0,True,False,False
EXP-T132,primary,2,101,1e-05,1.0000000000000001e-07,26,182,0.632695517369679,0.6300411820411682,3.6407792568206787,9.62320368593087e-06,3.6407792568206787,26,0,True,False,False
EXP-T132,primary,2,101,1e-05,1.0000000000000001e-07,27,189,0.5258320484842572,0.629768580198288,3.640526056289673,9.592885397135707e-06,3.640526056289673,27,0,True,False,False
EXP-T132,primary,2,101,1e-05,1.0000000000000001e-07,28,196,0.525560519524983,0.629562497138977,3.6411969661712646,9.561446219345455e-06,3.640526056289673,27,1,False,False,False
EXP-T132,primary,2,101,1e-05,1.0000000000000001e-07,29,203,0.5332070184605462,0.6293246746063232,3.6415293216705322,9.528893909706798e-06,3.640526056289673,27,2,False,False,False
EXP-T132,primary,2,101,1e-05,1.0000000000000001e-07,30,210,0.5321920216083527,0.6288189589977264,3.639904022216797,9.495236500015048e-06,3.639904022216797,30,0,True,False,False
EXP-T132,primary,2,101,1e-05,1.0000000000000001e-07,31,217,0.5152154990604946,0.6287489533424377,3.641174793243408,9.460482294732422e-06,3.639904022216797,30,1,False,False,False
EXP-T132,primary,2,101,1e-05,1.0000000000000001e-07,32,224,0.6307984037058694,0.6289412975311279,3.6430234909057617,9.424639868939035e-06,3.639904022216797,30,2,False,False,False
EXP-T132,primary,2,101,1e-05,1.0000000000000001e-07,33,231,0.6608818982328687,0.6296793520450592,3.646430492401123,9.387718066217125e-06,3.639904022216797,30,3,False,False,False
EXP-T132,primary,2,101,1e-05,1.0000000000000001e-07,34,238,0.6646603750331062,0.6319314241409302,3.653226137161255,9.349725996469047e-06,3.639904022216797,30,4,False,False,False
EXP-T132,primary,2,101,1e-05,1.0000000000000001e-07,35,245,0.5565838686057499,0.6327441036701202,3.654984474182129,9.310673033669522e-06,3.639904022216797,30,5,False,False,False
EXP-T132,primary,2,101,1e-05,1.0000000000000001e-07,36,252,0.6377165700708117,0.629462718963623,3.646334171295166,9.270568813552757e-06,3.639904022216797,30,6,False,False,False
EXP-T132,primary,2,101,1e-05,1.0000000000000001e-07,37,259,0.5103703205074582,0.6275362074375153,3.6397132873535156,9.229423231234975e-06,3.6397132873535156,37,0,True,False,False
EXP-T132,primary,2,101,1e-05,1.0000000000000001e-07,38,266,0.5972184155668531,0.6266734004020691,3.6364896297454834,9.18724643877294e-06,3.6364896297454834,38,0,True,False,False
EXP-T132,primary,2,101,1e-05,1.0000000000000001e-07,39,273,0.6045785844326019,0.6264817118644714,3.636749505996704,9.144048842659081e-06,3.6364896297454834,38,1,False,False,False
EXP-T132,primary,2,101,1e-05,1.0000000000000001e-07,40,280,0.6036074842725482,0.6257822513580322,3.6341352462768555,9.099841101253867e-06,3.6341352462768555,40,0,True,False,False
EXP-T132,primary,2,101,1e-05,1.0000000000000001e-07,41,287,0.5336717069149017,0.626180112361908,3.636800527572632,9.054634122155991e-06,3.6341352462768555,40,1,False,False,False
EXP-T132,primary,2,101,1e-05,1.0000000000000001e-07,42,294,0.49252161383628845,0.6258918941020966,3.6363062858581543,9.0084390595111e-06,3.6341352462768555,40,2,False,False,False
EXP-T132,primary,2,101,1e-05,1.0000000000000001e-07,43,301,0.5007788985967636,0.6248999536037445,3.6330394744873047,8.961267311259668e-06,3.6330394744873047,43,0,True,False,False
EXP-T132,primary,2,101,1e-05,1.0000000000000001e-07,44,308,0.5114249842507499,0.6243170499801636,3.6312320232391357,8.913130516324733e-06,3.6312320232391357,44,0,True,False,False
EXP-T132,primary,2,101,1e-05,1.0000000000000001e-07,45,315,0.4940882516758783,0.6242964863777161,3.6320700645446777,8.864040551740158e-06,3.6312320232391357,44,1,False,False,False
EXP-T132,primary,2,101,1e-05,1.0000000000000001e-07,46,322,0.5103377423116139,0.6240094304084778,3.6314473152160645,8.814009529720155e-06,3.6312320232391357,44,2,False,False,False
EXP-T132,primary,2,101,1e-05,1.0000000000000001e-07,47,329,0.5163832242999759,0.623092383146286,3.6278865337371826,8.763049794670776e-06,3.6278865337371826,47,0,True,False,False
EXP-T132,primary,2,101,1e-05,1.0000000000000001e-07,48,336,0.47233198436775375,0.6222246587276459,3.6240930557250977,8.711173920144118e-06,3.6240930557250977,48,0,True,False,False
EXP-T132,primary,2,101,1e-05,1.0000000000000001e-07,49,343,0.6326750431741986,0.6220640242099762,3.624105453491211,8.658394705735988e-06,3.6240930557250977,48,1,False,False,False
EXP-T132,primary,2,101,1e-05,1.0000000000000001e-07,50,350,0.4861216332231249,0.6219850778579712,3.6245713233947754,8.604725173927786e-06,3.6240930557250977,48,2,False,False,False
EXP-T132,primary,2,101,1e-05,1.0000000000000001e-07,51,357,0.5411611029079982,0.6233739852905273,3.630263090133667,8.550178566873412e-06,3.6240930557250977,48,3,False,False,False
EXP-T132,primary,2,101,1e-05,1.0000000000000001e-07,52,364,0.4821814554078238,0.6237233281135559,3.6314053535461426,8.494768343131955e-06,3.6240930557250977,48,4,False,False,False
EXP-T132,primary,2,101,1e-05,1.0000000000000001e-07,53,371,0.5267941994326455,0.6244062781333923,3.633408308029175,8.43850817434701e-06,3.6240930557250977,48,5,False,False,False
EXP-T132,primary,2,101,1e-05,1.0000000000000001e-07,54,378,0.6465913142476764,0.6250839829444885,3.6347572803497314,8.381411941873379e-06,3.6240930557250977,48,6,False,False,False
EXP-T132,primary,2,101,1e-05,1.0000000000000001e-07,55,385,0.5456634206431252,0.6232104301452637,3.6296980381011963,8.323493733352078e-06,3.6240930557250977,48,7,False,False,False
EXP-T132,primary,2,101,1e-05,1.0000000000000001e-07,56,392,0.5316786170005798,0.6229021549224854,3.628964424133301,8.26476783923441e-06,3.6240930557250977,48,8,False,False,False
EXP-T132,primary,2,101,1e-05,1.0000000000000001e-07,57,399,0.641334376164845,0.623508870601654,3.6304140090942383,8.205248749256014e-06,3.6240930557250977,48,9,False,False,False
EXP-T132,primary,2,101,1e-05,1.0000000000000001e-07,58,406,0.6004208241190229,0.6235489845275879,3.6303980350494385,8.144951148861743e-06,3.6240930557250977,48,10,False,False,False
EXP-T132,primary,2,101,1e-05,1.0000000000000001e-07,59,413,0.4692292053784643,0.6219244003295898,3.6262025833129883,8.083889915582235e-06,3.6240930557250977,48,11,False,False,False
EXP-T132,primary,2,101,1e-05,1.0000000000000001e-07,60,420,0.6204992873328072,0.6211384236812592,3.624157428741455,8.022080115363127e-06,3.6240930557250977,48,12,False,False,False
EXP-T132,primary,2,101,1e-05,1.0000000000000001e-07,61,427,0.5096899015562875,0.6209978759288788,3.623661994934082,7.959536998847744e-06,3.623661994934082,61,0,True,False,False
EXP-T132,primary,2,101,1e-05,1.0000000000000001e-07,62,434,0.5769537942750114,0.6211397349834442,3.623908281326294,7.89627599761423e-06,3.623661994934082,61,1,False,False,False
EXP-T132,primary,2,101,1e-05,1.0000000000000001e-07,63,441,0.5356388943535941,0.6188708543777466,3.617439031600952,7.832312720368048e-06,3.617439031600952,63,0,True,False,False
EXP-T132,primary,2,101,1e-05,1.0000000000000001e-07,64,448,0.4906979501247406,0.6172882914543152,3.61213755607605,7.767662949090754e-06,3.61213755607605,64,0,True,False,False
EXP-T132,primary,2,101,1e-05,1.0000000000000001e-07,65,455,0.4503257367759943,0.6157900094985962,3.606210708618164,7.702342635146033e-06,3.606210708618164,65,0,True,False,False
EXP-T132,primary,2,101,1e-05,1.0000000000000001e-07,66,462,0.4819107119526182,0.6143805980682373,3.5979597568511963,7.636367895343947e-06,3.5979597568511963,66,0,True,False,False
EXP-T132,primary,2,101,1e-05,1.0000000000000001e-07,67,469,0.45721956149541904,0.6137890815734863,3.5940709114074707,7.5697550079643376e-06,3.5940709114074707,67,0,True,False,False
EXP-T132,primary,2,101,1e-05,1.0000000000000001e-07,68,476,0.4973617706980024,0.6135556697845459,3.596360683441162,7.502520408740418e-06,3.5940709114074707,67,1,False,False,False
EXP-T132,primary,2,101,1e-05,1.0000000000000001e-07,69,483,0.45399115540619406,0.6131660044193268,3.596573829650879,7.43468068680349e-06,3.5940709114074707,67,2,False,False,False
EXP-T132,primary,2,101,1e-05,1.0000000000000001e-07,70,490,0.46256194157259806,0.6125891506671906,3.5947253704071045,7.366252580589839e-06,3.5940709114074707,67,3,False,False,False
EXP-T132,primary,2,101,1e-05,1.0000000000000001e-07,71,497,0.5828044542244503,0.6125679314136505,3.5961897373199463,7.297252973710756e-06,3.5940709114074707,67,4,False,False,False
EXP-T132,primary,2,101,1e-05,1.0000000000000001e-07,72,504,0.5016686022281647,0.612605094909668,3.597590684890747,7.227698890786779e-06,3.5940709114074707,67,5,False,False,False
EXP-T132,primary,2,101,1e-05,1.0000000000000001e-07,73,511,0.5609811459268842,0.6140089631080627,3.6035304069519043,7.15760749324711e-06,3.5940709114074707,67,6,False,False,False
EXP-T132,primary,2,101,1e-05,1.0000000000000001e-07,74,518,0.46892412289577934,0.6163966059684753,3.610167980194092,7.086996075095289e-06,3.5940709114074707,67,7,False,False,False
EXP-T132,primary,2,101,1e-05,1.0000000000000001e-07,75,525,0.4497706956629242,0.6164314150810242,3.609921455383301,7.015882058642164e-06,3.5940709114074707,67,8,False,False,False
EXP-T132,primary,2,101,1e-05,1.0000000000000001e-07,76,532,0.6611827867371696,0.6143476963043213,3.604442834854126,6.9442829902071945e-06,3.5940709114074707,67,9,False,False,False
EXP-T132,primary,2,101,1e-05,1.0000000000000001e-07,77,539,0.5122183987072536,0.6147398054599762,3.605476140975952,6.8722165357891564e-06,3.5940709114074707,67,10,False,False,False
EXP-T132,primary,2,101,1e-05,1.0000000000000001e-07,78,546,0.5816709569522313,0.6163245141506195,3.6093478202819824,6.799700476707323e-06,3.5940709114074707,67,11,False,False,False
EXP-T132,primary,2,101,1e-05,1.0000000000000001e-07,79,553,0.46126093183244976,0.6160863041877747,3.6088504791259766,6.726752705214193e-06,3.5940709114074707,67,12,False,False,False
EXP-T132,primary,2,101,1e-05,1.0000000000000001e-07,80,560,0.5348090316568103,0.6132363379001617,3.6018295288085938,6.65339122008084e-06,3.5940709114074707,67,13,False,False,False
EXP-T132,primary,2,101,1e-05,1.0000000000000001e-07,81,567,0.5019284699644361,0.6102535426616669,3.592947244644165,6.57963412215599e-06,3.592947244644165,81,0,True,False,False
EXP-T132,primary,2,101,1e-05,1.0000000000000001e-07,82,574,0.44606227959905353,0.6098173260688782,3.591827630996704,6.505499609899905e-06,3.591827630996704,82,0,True,False,False
EXP-T132,primary,2,101,1e-05,1.0000000000000001e-07,83,581,0.5401553234883717,0.6083101630210876,3.586167573928833,6.431005974894185e-06,3.586167573928833,83,0,True,False,False
EXP-T132,primary,2,101,1e-05,1.0000000000000001e-07,84,588,0.4600245590720858,0.608485996723175,3.587073802947998,6.356171597328595e-06,3.586167573928833,83,1,False,False,False
EXP-T132,primary,2,101,1e-05,1.0000000000000001e-07,85,595,0.4786676636763981,0.6089662313461304,3.5889623165130615,6.28101494146603e-06,3.586167573928833,83,2,False,False,False
EXP-T132,primary,2,101,1e-05,1.0000000000000001e-07,86,602,0.448898724679436,0.6091010868549347,3.5892276763916016,6.205554551086732e-06,3.586167573928833,83,3,False,False,False
EXP-T132,primary,2,101,1e-05,1.0000000000000001e-07,87,609,0.49341793784073423,0.6087750792503357,3.5876479148864746,6.129809044912887e-06,3.586167573928833,83,4,False,False,False
EXP-T132,primary,2,101,1e-05,1.0000000000000001e-07,88,616,0.6925570155893054,0.6076586246490479,3.583604335784912,6.053797112014738e-06,3.583604335784912,88,0,True,False,False
EXP-T132,primary,2,101,1e-05,1.0000000000000001e-07,89,623,0.4771843957049506,0.6073426902294159,3.582345724105835,5.977537507199338e-06,3.582345724105835,89,0,True,False,False
EXP-T132,primary,2,101,1e-05,1.0000000000000001e-07,90,630,0.4538608155489783,0.6067148447036743,3.580040693283081,5.901049046383077e-06,3.580040693283081,90,0,True,False,False
EXP-T132,primary,2,101,1e-05,1.0000000000000001e-07,91,637,0.49042263627052307,0.6066600978374481,3.579704523086548,5.824350601949143e-06,3.579704523086548,91,0,True,False,False
EXP-T132,primary,2,101,1e-05,1.0000000000000001e-07,92,644,0.4603107486452375,0.6075151860713959,3.5820205211639404,5.7474610980910354e-06,3.579704523086548,91,1,False,False,False
EXP-T132,primary,2,101,1e-05,1.0000000000000001e-07,93,651,0.5845847129821777,0.6093888878822327,3.5861527919769287,5.6703995061433075e-06,3.579704523086548,91,2,False,False,False
EXP-T132,primary,2,101,1e-05,1.0000000000000001e-07,94,658,0.46727035833256586,0.610461950302124,3.5879204273223877,5.5931848399006745e-06,3.579704523086548,91,3,False,False,False
EXP-T132,primary,2,101,1e-05,1.0000000000000001e-07,95,665,0.5227952684674945,0.6109675765037537,3.5879430770874023,5.515836150926646e-06,3.579704523086548,91,4,False,False,False
EXP-T132,primary,2,101,1e-05,1.0000000000000001e-07,96,672,0.4794340303965977,0.6102334260940552,3.5856094360351562,5.438372523852833e-06,3.579704523086548,91,5,False,False,False
EXP-T132,primary,2,101,1e-05,1.0000000000000001e-07,97,679,0.5051504373550415,0.6096822619438171,3.583698272705078,5.360813071670101e-06,3.579704523086548,91,6,False,False,False
EXP-T132,primary,2,101,1e-05,1.0000000000000001e-07,98,686,0.4770069548061916,0.6084511876106262,3.580889940261841,5.283176931012731e-06,3.579704523086548,91,7,False,False,False
EXP-T132,primary,2,101,1e-05,1.0000000000000001e-07,99,693,0.5574048033782414,0.606084406375885,3.5752346515655518,5.205483257436735e-06,3.5752346515655518,99,0,True,False,False
EXP-T132,primary,2,101,1e-05,1.0000000000000001e-07,100,700,0.457403091447694,0.6049083471298218,3.571838140487671,5.127751220693512e-06,3.571838140487671,100,0,True,False,False
EXP-T132,primary,2,101,1e-05,1.0000000000000001e-07,101,707,0.4576052256992885,0.6033468246459961,3.5672872066497803,5.05e-06,3.5672872066497803,101,0,True,False,False
EXP-T132,primary,2,101,1e-05,1.0000000000000001e-07,102,714,0.5704039079802377,0.6035328805446625,3.5673422813415527,4.972248779306488e-06,3.5672872066497803,101,1,False,False,False
EXP-T132,primary,2,101,1e-05,1.0000000000000001e-07,103,721,0.4773508438042232,0.6031654477119446,3.565985679626465,4.8945167425632645e-06,3.565985679626465,103,0,True,False,False
EXP-T132,primary,2,101,1e-05,1.0000000000000001e-07,104,728,0.4995774669306619,0.6025501489639282,3.563823699951172,4.816823068987269e-06,3.563823699951172,104,0,True,False,False
EXP-T132,primary,2,101,1e-05,1.0000000000000001e-07,105,735,0.42417891084083487,0.6011351943016052,3.559208869934082,4.7391869283298985e-06,3.559208869934082,105,0,True,False,False
EXP-T132,primary,2,101,1e-05,1.0000000000000001e-07,106,742,0.5698558177266803,0.6009318828582764,3.558204412460327,4.661627476147168e-06,3.558204412460327,106,0,True,False,False
EXP-T132,primary,2,101,1e-05,1.0000000000000001e-07,107,749,0.7570928633213043,0.6016343235969543,3.5598256587982178,4.584163849073354e-06,3.558204412460327,106,1,False,False,False
EXP-T132,primary,2,101,1e-05,1.0000000000000001e-07,108,756,0.4068896671357964,0.6016970276832581,3.559674024581909,4.506815160099326e-06,3.558204412460327,106,2,False,False,False
EXP-T132,primary,2,101,1e-05,1.0000000000000001e-07,109,763,0.5497986844607762,0.601231724023819,3.5582644939422607,4.429600493856694e-06,3.558204412460327,106,3,False,False,False
EXP-T132,primary,2,101,1e-05,1.0000000000000001e-07,110,770,0.447421381516116,0.6016885042190552,3.558892011642456,4.352538901908967e-06,3.558204412460327,106,4,False,False,False
EXP-T132,primary,2,101,1e-05,1.0000000000000001e-07,111,777,0.5495582350662777,0.6022616922855377,3.559631824493408,4.275649398050858e-06,3.558204412460327,106,5,False,False,False
EXP-T132,primary,2,101,1e-05,1.0000000000000001e-07,112,784,0.5858126154967717,0.6016230285167694,3.55737042427063,4.198950953616922e-06,3.55737042427063,112,0,True,False,False
EXP-T132,primary,2,101,1e-05,1.0000000000000001e-07,113,791,0.42811538758022444,0.6003104448318481,3.5536670684814453,4.122462492800663e-06,3.5536670684814453,113,0,True,False,False
EXP-T132,primary,2,101,1e-05,1.0000000000000001e-07,114,798,0.45021552965044975,0.6004992425441742,3.5537946224212646,4.046202887985263e-06,3.5536670684814453,113,1,False,False,False
EXP-T132,primary,2,101,1e-05,1.0000000000000001e-07,115,805,0.5650740436145237,0.6004405617713928,3.553145170211792,3.970190955087116e-06,3.553145170211792,115,0,True,False,False
EXP-T132,primary,2,101,1e-05,1.0000000000000001e-07,116,812,0.5250097938946315,0.5996230244636536,3.5506975650787354,3.894445448913268e-06,3.5506975650787354,116,0,True,False,False
EXP-T132,primary,2,101,1e-05,1.0000000000000001e-07,117,819,0.4847329556941986,0.598077118396759,3.546278476715088,3.818985058533969e-06,3.546278476715088,117,0,True,False,False
EXP-T132,primary,2,101,1e-05,1.0000000000000001e-07,118,826,0.6559018790721893,0.5976431369781494,3.5445566177368164,3.7438284026714044e-06,3.5445566177368164,118,0,True,False,False
EXP-T132,primary,2,101,1e-05,1.0000000000000001e-07,119,833,0.7369558598314013,0.596990704536438,3.54225492477417,3.6689940251058153e-06,3.54225492477417,119,0,True,False,False
EXP-T132,primary,2,101,1e-05,1.0000000000000001e-07,120,840,0.4272023138723203,0.5959800481796265,3.5389015674591064,3.594500390100096e-06,3.5389015674591064,120,0,True,False,False
EXP-T132,primary,2,101,1e-05,1.0000000000000001e-07,121,847,0.4312181621789932,0.5946548283100128,3.534367084503174,3.5203658778440116e-06,3.534367084503174,121,0,True,False,False
EXP-T132,primary,2,101,1e-05,1.0000000000000001e-07,122,854,0.4245201051235199,0.5936027765274048,3.5306482315063477,3.4466087799191603e-06,3.5306482315063477,122,0,True,False,False
EXP-T132,primary,2,101,1e-05,1.0000000000000001e-07,123,861,0.5237302695001874,0.5927996933460236,3.5277645587921143,3.3732472947858077e-06,3.5277645587921143,123,0,True,False,False
EXP-T132,primary,2,101,1e-05,1.0000000000000001e-07,124,868,0.4427038175719125,0.5930661559104919,3.528937339782715,3.300299523292678e-06,3.5277645587921143,123,1,False,False,False
EXP-T132,primary,2,101,1e-05,1.0000000000000001e-07,125,875,0.4225692719919607,0.5925163626670837,3.526909828186035,3.227783464210845e-06,3.526909828186035,125,0,True,False,False
EXP-T132,primary,2,101,1e-05,1.0000000000000001e-07,126,882,0.42429125202553614,0.5925172567367554,3.526792287826538,3.155717009792807e-06,3.526792287826538,126,0,True,False,False
EXP-T132,primary,2,101,1e-05,1.0000000000000001e-07,127,889,0.47353319610868183,0.5919097661972046,3.5244181156158447,3.0841179413578354e-06,3.5244181156158447,127,0,True,False,False
EXP-T132,primary,2,101,1e-05,1.0000000000000001e-07,128,896,0.42174000719595434,0.5919271111488342,3.524381160736084,3.0130039249047117e-06,3.524381160736084,128,0,True,False,False
EXP-T132,primary,2,101,1e-05,1.0000000000000001e-07,129,903,0.5076431632041931,0.5915106236934662,3.5226709842681885,2.9423925067528904e-06,3.5226709842681885,129,0,True,False,False
EXP-T132,primary,2,101,1e-05,1.0000000000000001e-07,130,910,0.6189531939370292,0.5905635356903076,3.518986940383911,2.87230110921322e-06,3.518986940383911,130,0,True,False,False
EXP-T132,primary,2,101,1e-05,1.0000000000000001e-07,131,917,0.44698638575417654,0.5902987718582153,3.517892360687256,2.8027470262892435e-06,3.517892360687256,131,0,True,False,False
EXP-T132,primary,2,101,1e-05,1.0000000000000001e-07,132,924,0.5238158234528133,0.5903294682502747,3.5179920196533203,2.7337474194101625e-06,3.517892360687256,131,1,False,False,False
EXP-T132,primary,2,101,1e-05,1.0000000000000001e-07,133,931,0.5587915394987378,0.5904277861118317,3.5182886123657227,2.6653193131965085e-06,3.517892360687256,131,2,False,False,False
EXP-T132,primary,2,101,1e-05,1.0000000000000001e-07,134,938,0.43439437661852154,0.5903256833553314,3.517897844314575,2.5974795912595824e-06,3.517892360687256,131,3,False,False,False
EXP-T132,primary,2,101,1e-05,1.0000000000000001e-07,135,945,0.5384317125592913,0.5905258357524872,3.5184316635131836,2.530244992035662e-06,3.517892360687256,131,4,False,False,False
EXP-T132,primary,2,101,1e-05,1.0000000000000001e-07,136,952,0.5368539818695613,0.5904600322246552,3.517960786819458,2.4636321046560533e-06,3.517892360687256,131,5,False,False,False
EXP-T132,primary,2,101,1e-05,1.0000000000000001e-07,137,959,0.43911002576351166,0.5908763706684113,3.5189578533172607,2.3976573648539653e-06,3.517892360687256,131,6,False,False,False
EXP-T132,primary,2,101,1e-05,1.0000000000000001e-07,138,966,0.4688362606934139,0.5902942717075348,3.5170280933380127,2.332337050909247e-06,3.5170280933380127,138,0,True,False,False
EXP-T132,primary,2,101,1e-05,1.0000000000000001e-07,139,973,0.4779521993228367,0.5908462703227997,3.518667459487915,2.267687279631953e-06,3.5170280933380127,138,1,False,False,False
EXP-T132,primary,2,101,1e-05,1.0000000000000001e-07,140,980,0.6210123215402875,0.5909705460071564,3.518915891647339,2.2037240023857708e-06,3.5170280933380127,138,2,False,False,False
EXP-T132,primary,2,101,1e-05,1.0000000000000001e-07,141,987,0.4690686677183424,0.5912904441356659,3.519589424133301,2.1404630011522584e-06,3.5170280933380127,138,3,False,False,False
EXP-T132,primary,2,101,1e-05,1.0000000000000001e-07,142,994,0.4521640070847103,0.5917912721633911,3.520673990249634,2.0779198846368745e-06,3.5170280933380127,138,4,False,False,False
EXP-T132,primary,2,101,1e-05,1.0000000000000001e-07,143,1001,0.4412564677851541,0.5921536087989807,3.5212152004241943,2.0161100844177658e-06,3.5170280933380127,138,5,False,False,False
EXP-T132,primary,2,101,1e-05,1.0000000000000001e-07,144,1008,0.39477815399212496,0.5918662846088409,3.5201807022094727,1.9550488511382593e-06,3.5170280933380127,138,6,False,False,False
EXP-T132,primary,2,101,1e-05,1.0000000000000001e-07,145,1015,0.4338110030761787,0.5915527641773224,3.5192229747772217,1.894751250743986e-06,3.5170280933380127,138,7,False,False,False
EXP-T132,primary,2,101,1e-05,1.0000000000000001e-07,146,1022,0.49904088037354605,0.5913436114788055,3.51834774017334,1.8352321607655916e-06,3.5170280933380127,138,8,False,False,False
EXP-T132,primary,2,101,1e-05,1.0000000000000001e-07,147,1029,0.3832026181459826,0.5913489162921906,3.5179643630981445,1.7765062666479242e-06,3.5170280933380127,138,9,False,False,False
EXP-T132,primary,2,101,1e-05,1.0000000000000001e-07,148,1036,0.3872777806328876,0.591168075799942,3.5173561573028564,1.7185880581266217e-06,3.5170280933380127,138,10,False,False,False
EXP-T132,primary,2,101,1e-05,1.0000000000000001e-07,149,1043,0.4568521635872977,0.5908710658550262,3.516475200653076,1.6614918256529908e-06,3.516475200653076,149,0,True,False,False
EXP-T132,primary,2,101,1e-05,1.0000000000000001e-07,150,1050,0.41774045140482485,0.5905663073062897,3.51542592048645,1.6052316568680442e-06,3.51542592048645,150,0,True,False,False
EXP-T132,primary,2,101,1e-05,1.0000000000000001e-07,151,1057,0.5959906492914472,0.5902916491031647,3.514399290084839,1.5498214331265902e-06,3.514399290084839,151,0,True,False,False
EXP-T132,primary,2,101,1e-05,1.0000000000000001e-07,152,1064,0.43229020902487847,0.5899495780467987,3.5132346153259277,1.495274826072216e-06,3.5132346153259277,152,0,True,False,False
EXP-T132,primary,2,101,1e-05,1.0000000000000001e-07,153,1071,0.4828101226261684,0.589710533618927,3.5124752521514893,1.441605294264014e-06,3.5124752521514893,153,0,True,False,False
EXP-T132,primary,2,101,1e-05,1.0000000000000001e-07,154,1078,0.4812045395374298,0.5895857214927673,3.511935234069824,1.3888260798558817e-06,3.511935234069824,154,0,True,False,False
EXP-T132,primary,2,101,1e-05,1.0000000000000001e-07,155,1085,0.5208822275911059,0.5895473957061768,3.5117287635803223,1.3369502053292252e-06,3.5117287635803223,155,0,True,False,False
EXP-T132,primary,2,101,1e-05,1.0000000000000001e-07,156,1092,0.41513407070721897,0.5892933905124664,3.510845422744751,1.285990470279847e-06,3.510845422744751,156,0,True,False,False
EXP-T132,primary,2,101,1e-05,1.0000000000000001e-07,157,1099,0.6258419794695718,0.5893023312091827,3.5106616020202637,1.2359594482598438e-06,3.5106616020202637,157,0,True,False,False
EXP-T132,primary,2,101,1e-05,1.0000000000000001e-07,158,1106,0.48074125392096384,0.5895749032497406,3.511251449584961,1.1868694836752686e-06,3.5106616020202637,157,1,False,False,False
EXP-T132,primary,2,101,1e-05,1.0000000000000001e-07,159,1113,0.40876005802835735,0.5891943573951721,3.510045051574707,1.1387326887403326e-06,3.510045051574707,159,0,True,False,False
EXP-T132,primary,2,101,1e-05,1.0000000000000001e-07,160,1120,0.45603065831320627,0.5892121195793152,3.5098395347595215,1.0915609404889017e-06,3.5098395347595215,160,0,True,False,False
EXP-T132,primary,2,101,1e-05,1.0000000000000001e-07,161,1127,0.6714511513710022,0.5890714526176453,3.5093038082122803,1.0453658778440107e-06,3.5093038082122803,161,0,True,False,False
EXP-T132,primary,2,101,1e-05,1.0000000000000001e-07,162,1134,0.4233455767056772,0.5890958607196808,3.5092334747314453,1.0001588987461348e-06,3.5092334747314453,162,0,True,False,False
EXP-T132,primary,2,101,1e-05,1.0000000000000001e-07,163,1141,0.4685947000980377,0.5891693830490112,3.5092899799346924,9.559511573409195e-07,3.5092334747314453,162,1,False,False,False
EXP-T132,primary,2,101,1e-05,1.0000000000000001e-07,164,1148,0.4270721285470894,0.5887480676174164,3.508023262023926,9.127535612270632e-07,3.508023262023926,164,0,True,False,False
EXP-T132,primary,2,101,1e-05,1.0000000000000001e-07,165,1155,0.4114657997020653,0.5884453654289246,3.5070419311523438,8.705767687650265e-07,3.5070419311523438,165,0,True,False,False
EXP-T132,primary,2,101,1e-05,1.0000000000000001e-07,166,1162,0.5346015010561261,0.5881564021110535,3.5061514377593994,8.294311864472448e-07,3.5061514377593994,166,0,True,False,False
EXP-T132,primary,2,101,1e-05,1.0000000000000001e-07,167,1169,0.5516914278268814,0.5876795947551727,3.5046651363372803,7.893269663304784e-07,3.5046651363372803,167,0,True,False,False
EXP-T132,primary,2,101,1e-05,1.0000000000000001e-07,168,1176,0.5528295253004346,0.587222158908844,3.5031487941741943,7.50274003530953e-07,3.5031487941741943,168,0,True,False,False
EXP-T132,primary,2,101,1e-05,1.0000000000000001e-07,169,1183,0.43010970178459373,0.586852490901947,3.5018904209136963,7.122819337828752e-07,3.5018904209136963,169,0,True,False,False
EXP-T132,primary,2,101,1e-05,1.0000000000000001e-07,170,1190,0.4264688611562763,0.5868443250656128,3.501746892929077,6.753601310609673e-07,3.501746892929077,170,0,True,False,False
EXP-T132,primary,2,101,1e-05,1.0000000000000001e-07,171,1197,0.5204990868057523,0.5868038833141327,3.501558780670166,6.395177052675794e-07,3.501558780670166,171,0,True,False,False
EXP-T132,primary,2,101,1e-05,1.0000000000000001e-07,172,1204,0.43528781618390766,0.5866588652133942,3.501033306121826,6.047634999849531e-07,3.501033306121826,172,0,True,False,False
EXP-T132,primary,2,101,1e-05,1.0000000000000001e-07,173,1211,0.4280641440834318,0.5866666436195374,3.501014232635498,5.711060902932043e-07,3.501014232635498,173,0,True,False,False
EXP-T132,primary,2,101,1e-05,1.0000000000000001e-07,174,1218,0.661172798701695,0.5865408182144165,3.500553607940674,5.385537806545469e-07,3.500553607940674,174,0,True,False,False
EXP-T132,primary,2,101,1e-05,1.0000000000000001e-07,175,1225,0.4322905902351652,0.5864223837852478,3.500093936920166,5.071146028642944e-07,3.500093936920166,175,0,True,False,False
EXP-T132,primary,2,101,1e-05,1.0000000000000001e-07,176,1232,0.3998678369181497,0.5864363312721252,3.5000617504119873,4.7679631406913176e-07,3.5000617504119873,176,0,True,False,False
EXP-T132,primary,2,101,1e-05,1.0000000000000001e-07,177,1239,0.5576137857777732,0.5864577293395996,3.5000462532043457,4.4760639485315585e-07,3.5000462532043457,177,0,True,False,False
EXP-T132,primary,2,101,1e-05,1.0000000000000001e-07,178,1246,0.5902277954987117,0.586494117975235,3.5000874996185303,4.195520473921565e-07,3.5000462532043457,177,1,False,False,False
EXP-T132,primary,2,101,1e-05,1.0000000000000001e-07,179,1253,0.4473356136253902,0.5865306854248047,3.5001327991485596,3.92640193676584e-07,3.5000462532043457,177,2,False,False,False
EXP-T132,primary,2,101,1e-05,1.0000000000000001e-07,180,1260,0.38364906928368975,0.5865711569786072,3.500187635421753,3.668774738036508e-07,3.5000462532043457,177,3,False,False,False
EXP-T132,primary,2,101,1e-05,1.0000000000000001e-07,181,1267,0.46756671156202045,0.5866115987300873,3.5002520084381104,3.4227024433899004e-07,3.5000462532043457,177,4,False,False,False
EXP-T132,primary,2,101,1e-05,1.0000000000000001e-07,182,1274,0.41752164385148455,0.586723655462265,3.5005691051483154,3.188245767482659e-07,3.5000462532043457,177,5,False,False,False
EXP-T132,primary,2,101,1e-05,1.0000000000000001e-07,183,1281,0.4621894827910832,0.5867710113525391,3.5006847381591797,2.9654625589913237e-07,3.5000462532043457,177,6,False,False,False
EXP-T132,primary,2,101,1e-05,1.0000000000000001e-07,184,1288,0.42420576193502973,0.5868875682353973,3.501004695892334,2.754407786339001e-07,3.5000462532043457,177,7,False,False,False
EXP-T132,primary,2,101,1e-05,1.0000000000000001e-07,185,1295,0.4183390087315014,0.5868319869041443,3.5008022785186768,2.555133524132767e-07,3.5000462532043457,177,8,False,False,False
EXP-T132,primary,2,101,1e-05,1.0000000000000001e-07,186,1302,0.4746768240417753,0.5867739021778107,3.500591993331909,2.3676889403150103e-07,3.5000462532043457,177,9,False,False,False
EXP-T132,primary,2,101,1e-05,1.0000000000000001e-07,187,1309,0.48055267333984375,0.5867916941642761,3.50060772895813,2.1921202840320077e-07,3.5000462532043457,177,10,False,False,False
EXP-T132,primary,2,101,1e-05,1.0000000000000001e-07,188,1316,0.430233616914068,0.586799681186676,3.5006048679351807,2.0284708742225901e-07,3.5000462532043457,177,11,False,False,False
EXP-T132,primary,2,101,1e-05,1.0000000000000001e-07,189,1323,0.48763102293014526,0.58677077293396,3.5004873275756836,1.8767810889299085e-07,3.5000462532043457,177,12,False,False,False
EXP-T132,primary,2,101,1e-05,1.0000000000000001e-07,190,1330,0.4138606007077864,0.5867367684841156,3.500356912612915,1.7370883553386935e-07,3.5000462532043457,177,13,False,False,False
EXP-T132,primary,2,101,1e-05,1.0000000000000001e-07,191,1337,0.4448190342102732,0.586716890335083,3.5002634525299072,1.609427140540686e-07,3.5000462532043457,177,14,False,False,False
EXP-T132,primary,2,101,1e-05,1.0000000000000001e-07,192,1344,0.4163708777299949,0.5867117941379547,3.500220537185669,1.493828943030402e-07,3.5000462532043457,177,15,False,False,False
EXP-T132,primary,2,101,1e-05,1.0000000000000001e-07,193,1351,0.4327352728162493,0.5867509841918945,3.5003297328948975,1.3903222849333507e-07,3.5000462532043457,177,16,False,False,False
EXP-T132,primary,2,101,1e-05,1.0000000000000001e-07,194,1358,0.4380576748933111,0.5868110656738281,3.5004937648773193,1.2989327049686101e-07,3.5000462532043457,177,17,False,False,False
EXP-T132,primary,2,101,1e-05,1.0000000000000001e-07,195,1365,0.4853941798210144,0.5868322253227234,3.5005457401275635,1.2196827521475402e-07,3.5000462532043457,177,18,False,False,False
EXP-T132,primary,2,101,1e-05,1.0000000000000001e-07,196,1372,0.5866437767233167,0.5868244469165802,3.5005078315734863,1.1525919802101659e-07,3.5000462532043457,177,19,False,False,False
EXP-T132,primary,2,101,1e-05,1.0000000000000001e-07,197,1379,0.512805027621133,0.5868298411369324,3.50050950050354,1.097676942800558e-07,3.5000462532043457,177,20,False,False,False
EXP-T132,primary,2,101,1e-05,1.0000000000000001e-07,198,1386,0.5064730516501835,0.5868313014507294,3.500492811203003,1.0549511893824898e-07,3.5000462532043457,177,21,False,False,False
EXP-T132,primary,2,101,1e-05,1.0000000000000001e-07,199,1393,0.4308352087225233,0.5868297517299652,3.5004658699035645,1.0244252618962859e-07,3.5000462532043457,177,22,False,False,False
EXP-T132,primary,2,101,1e-05,1.0000000000000001e-07,200,1400,0.4445316216775349,0.5867964923381805,3.5003445148468018,1.006106692157801e-07,3.5000462532043457,177,23,False,False,False
EXP-T132,primary,2,101,0.0001,1.0000000000000002e-06,1,7,0.5394572982830661,0.6623526513576508,3.7238752841949463,0.0001,3.7238752841949463,1,0,True,False,False
EXP-T132,primary,2,101,0.0001,1.0000000000000002e-06,2,14,0.5971952847072056,0.634748786687851,3.6347811222076416,9.99938933078422e-05,3.6347811222076416,2,0,True,False,False
EXP-T132,primary,2,101,0.0001,1.0000000000000002e-06,3,21,0.5763685958726066,0.63554447889328,3.657672882080078,9.997557473810373e-05,3.6347811222076416,2,1,False,False,False
EXP-T132,primary,2,101,0.0001,1.0000000000000002e-06,4,28,0.7095238779272351,0.6278670132160187,3.63472843170166,9.994504881061753e-05,3.63472843170166,4,0,True,False,False
EXP-T132,primary,2,101,0.0001,1.0000000000000002e-06,5,35,0.677289081471307,0.6233474016189575,3.6154561042785645,9.990232305719945e-05,3.6154561042785645,5,0,True,False,False
EXP-T132,primary,2,101,0.0001,1.0000000000000002e-06,6,42,0.6579765336854118,0.6260356307029724,3.625584125518799,9.984740801978984e-05,3.6154561042785645,5,1,False,False,False
EXP-T132,primary,2,101,0.0001,1.0000000000000002e-06,7,49,0.5179929733276367,0.6154587864875793,3.588761329650879,9.978031724785247e-05,3.588761329650879,7,0,True,False,False
EXP-T132,primary,2,101,0.0001,1.0000000000000002e-06,8,56,0.48962438210427145,0.6119790971279144,3.5772831439971924,9.97010672950314e-05,3.5772831439971924,8,0,True,False,False
EXP-T132,primary,2,101,0.0001,1.0000000000000002e-06,9,63,0.48961950625692097,0.6169605851173401,3.592160940170288,9.960967771506667e-05,3.5772831439971924,8,1,False,False,False
EXP-T132,primary,2,101,0.0001,1.0000000000000002e-06,10,70,0.5585550282682691,0.6244843900203705,3.593761444091797,9.95061710569696e-05,3.5772831439971924,8,2,False,False,False
EXP-T132,primary,2,101,0.0001,1.0000000000000002e-06,11,77,0.47739567926951815,0.5966664850711823,3.5194458961486816,9.939057285945933e-05,3.5194458961486816,11,0,True,False,False
EXP-T132,primary,2,101,0.0001,1.0000000000000002e-06,12,84,0.47837174790246145,0.5971058011054993,3.5178072452545166,9.926291164466132e-05,3.5178072452545166,12,0,True,False,False
EXP-T132,primary,2,101,0.0001,1.0000000000000002e-06,13,91,0.48897198694092886,0.5817514061927795,3.454319953918457,9.91232189110701e-05,3.454319953918457,13,0,True,False,False
EXP-T132,primary,2,101,0.0001,1.0000000000000002e-06,14,98,0.4205602801271847,0.5806999504566193,3.45094895362854,9.897152912577741e-05,3.45094895362854,14,0,True,False,False
EXP-T132,primary,2,101,0.0001,1.0000000000000002e-06,15,105,0.4279233600412096,0.5705745220184326,3.40368914604187,9.8807879715968e-05,3.40368914604187,15,0,True,False,False
EXP-T132,primary,2,101,0.0001,1.0000000000000002e-06,16,112,0.449019764150892,0.5669441819190979,3.3808095455169678,9.8632311059685e-05,3.3808095455169678,16,0,True,False,False
EXP-T132,primary,2,101,0.0001,1.0000000000000002e-06,17,119,0.39102812111377716,0.5660518407821655,3.3804078102111816,9.844486647586725e-05,3.3804078102111816,17,0,True,False,False
EXP-T132,primary,2,101,0.0001,1.0000000000000002e-06,18,126,0.4146348237991333,0.5526472330093384,3.3312649726867676,9.824559221366101e-05,3.3312649726867676,18,0,True,False,False
EXP-T132,primary,2,101,0.0001,1.0000000000000002e-06,19,133,0.364055682372834,0.5457116961479187,3.283510208129883,9.803453744100869e-05,3.283510208129883,19,0,True,False,False
EXP-T132,primary,2,101,0.0001,1.0000000000000002e-06,20,140,0.3994828441313335,0.5482422709465027,3.2740538120269775,9.781175423251735e-05,3.2740538120269775,20,0,True,False,False
EXP-T132,primary,2,101,0.0001,1.0000000000000002e-06,21,147,0.3818316268069403,0.5554706454277039,3.2919085025787354,9.757729755661011e-05,3.2740538120269775,20,1,False,False,False
EXP-T132,primary,2,101,0.0001,1.0000000000000002e-06,22,154,0.34448652641315547,0.5608471930027008,3.3014402389526367,9.73312252619635e-05,3.2740538120269775,20,2,False,False,False
EXP-T132,primary,2,101,0.0001,1.0000000000000002e-06,23,161,0.3611476187195097,0.5620487630367279,3.3432352542877197,9.707359806323417e-05,3.2740538120269775,20,3,False,False,False
EXP-T132,primary,2,101,0.0001,1.0000000000000002e-06,24,168,0.3341298284275191,0.568442702293396,3.3558146953582764,9.680447952607845e-05,3.2740538120269775,20,4,False,False,False
EXP-T132,primary,2,101,0.0001,1.0000000000000002e-06,25,175,0.3370617117200579,0.5693472921848297,3.405425786972046,9.652393605146844e-05,3.2740538120269775,20,5,False,False,False
EXP-T132,primary,2,101,0.0001,1.0000000000000002e-06,26,182,0.4808513820171356,0.5610049664974213,3.312323808670044,9.623203685930869e-05,3.2740538120269775,20,6,False,False,False
EXP-T132,primary,2,101,0.0001,1.0000000000000002e-06,27,189,0.4871622377208301,0.5560058951377869,3.330084800720215,9.592885397135707e-05,3.2740538120269775,20,7,False,False,False
EXP-T132,primary,2,101,0.0001,1.0000000000000002e-06,28,196,0.41319577183042255,0.5670787692070007,3.3951034545898438,9.561446219345454e-05,3.2740538120269775,20,8,False,False,False
EXP-T132,primary,2,101,0.0001,1.0000000000000002e-06,29,203,0.33061800095518784,0.5656698346138,3.3517138957977295,9.528893909706797e-05,3.2740538120269775,20,9,False,False,False
EXP-T132,primary,2,101,0.0001,1.0000000000000002e-06,30,210,0.38377134076186586,0.588026225566864,3.4775826930999756,9.495236500015047e-05,3.2740538120269775,20,10,False,False,False
EXP-T132,primary,2,101,0.0001,1.0000000000000002e-06,31,217,0.3383512326649257,0.5745146572589874,3.3901607990264893,9.460482294732421e-05,3.2740538120269775,20,11,False,False,False
EXP-T132,primary,2,101,0.0001,1.0000000000000002e-06,32,224,0.3110308349132538,0.5856805145740509,3.4507453441619873,9.424639868939033e-05,3.2740538120269775,20,12,False,False,False
EXP-T132,primary,2,101,0.0001,1.0000000000000002e-06,33,231,0.29772886633872986,0.5685315430164337,3.3936493396759033,9.387718066217124e-05,3.2740538120269775,20,13,False,False,False
EXP-T132,primary,2,101,0.0001,1.0000000000000002e-06,34,238,0.3040985350630113,0.5754704922437668,3.435210943222046,9.349725996469047e-05,3.2740538120269775,20,14,False,False,False
EXP-T132,primary,2,101,0.0001,1.0000000000000002e-06,35,245,0.27615260652133394,0.5735668540000916,3.437147378921509,9.310673033669521e-05,3.2740538120269775,20,15,False,False,False
EXP-T132,primary,2,101,0.0001,1.0000000000000002e-06,36,252,0.33262630658490316,0.5813996195793152,3.4671437740325928,9.270568813552756e-05,3.2740538120269775,20,16,False,False,False
EXP-T132,primary,2,101,0.0001,1.0000000000000002e-06,37,259,0.3016585534704583,0.5740415751934052,3.4480459690093994,9.229423231234974e-05,3.2740538120269775,20,17,False,False,False
EXP-T132,primary,2,101,0.0001,1.0000000000000002e-06,38,266,0.5379528722592762,0.5732873380184174,3.415135145187378,9.187246438772939e-05,3.2740538120269775,20,18,False,False,False
EXP-T132,primary,2,101,0.0001,1.0000000000000002e-06,39,273,0.3993424411330904,0.5797062814235687,3.4617719650268555,9.14404884265908e-05,3.2740538120269775,20,19,False,False,False
EXP-T132,primary,2,101,0.0001,1.0000000000000002e-06,40,280,0.3403332233428955,0.5738949179649353,3.438762664794922,9.099841101253866e-05,3.2740538120269775,20,20,False,False,False
EXP-T132,primary,2,101,0.0001,1.0000000000000002e-06,41,287,0.2798117830285004,0.5765423774719238,3.4734742641448975,9.05463412215599e-05,3.2740538120269775,20,21,False,False,False
EXP-T132,primary,2,101,0.0001,1.0000000000000002e-06,42,294,0.2535518298723868,0.5990225970745087,3.5570971965789795,9.0084390595111e-05,3.2740538120269775,20,22,False,False,False
EXP-T132,primary,2,101,0.0001,1.0000000000000002e-06,43,301,0.24557286793632166,0.6222198903560638,3.637181043624878,8.961267311259666e-05,3.2740538120269775,20,23,False,False,False
EXP-T132,primary,2,101,0.0001,1.0000000000000002e-06,44,308,0.2889080558504377,0.6051777601242065,3.600172758102417,8.913130516324733e-05,3.2740538120269775,20,24,False,False,False
EXP-T132,primary,2,101,0.0001,1.0000000000000002e-06,45,315,0.2538803963522826,0.592886745929718,3.5390849113464355,8.864040551740158e-05,3.2740538120269775,20,25,False,False,False
EXP-T132,primary,2,101,0.0001,1.0000000000000002e-06,46,322,0.24919241028172628,0.595890074968338,3.5421085357666016,8.814009529720155e-05,3.2740538120269775,20,26,False,False,False
EXP-T132,primary,2,101,0.0001,1.0000000000000002e-06,47,329,0.2920873165130615,0.596526026725769,3.5197620391845703,8.763049794670775e-05,3.2740538120269775,20,27,False,False,False
EXP-T132,primary,2,101,0.0001,1.0000000000000002e-06,48,336,0.2490034465278898,0.5914967656135559,3.5294437408447266,8.711173920144117e-05,3.2740538120269775,20,28,False,False,False
EXP-T132,primary,2,101,0.0001,1.0000000000000002e-06,49,343,0.22761230490037374,0.6076591312885284,3.5768179893493652,8.658394705735987e-05,3.2740538120269775,20,29,False,False,False
EXP-T132,primary,2,101,0.0001,1.0000000000000002e-06,50,350,0.21950550377368927,0.6075619757175446,3.6003499031066895,8.604725173927785e-05,3.2740538120269775,20,30,False,True,False
EXP-T132,primary,2,101,0.001,1e-05,1,7,0.711627083165305,0.9140143990516663,4.921571969985962,0.001,4.921571969985962,1,0,True,False,False
EXP-T132,primary,2,101,0.001,1e-05,2,14,0.6178113584007535,0.8252934515476227,4.528460502624512,0.000999938933078422,4.528460502624512,2,0,True,False,False
EXP-T132,primary,2,101,0.001,1e-05,3,21,0.7359492693628583,0.6496714949607849,3.6837658882141113,0.0009997557473810372,3.6837658882141113,3,0,True,False,False
EXP-T132,primary,2,101,0.001,1e-05,4,28,0.7025066529001508,0.6164299249649048,3.5606794357299805,0.0009994504881061753,3.5606794357299805,4,0,True,False,False
EXP-T132,primary,2,101,0.001,1e-05,5,35,0.5175888666084835,1.5089476108551025,7.505609512329102,0.0009990232305719944,3.5606794357299805,4,1,False,False,False
EXP-T132,primary,2,101,0.001,1e-05,6,42,1.0351005707468306,1.2483700215816498,6.382266402244568,0.0009984740801978985,3.5606794357299805,4,2,False,False,False
EXP-T132,primary,2,101,0.001,1e-05,7,49,0.7639796222959246,0.6103459596633911,3.5464906692504883,0.0009978031724785245,3.5464906692504883,7,0,True,False,False
EXP-T132,primary,2,101,0.001,1e-05,8,56,0.5884072440011161,0.5951794385910034,3.476877450942993,0.000997010672950314,3.476877450942993,8,0,True,False,False
EXP-T132,primary,2,101,0.001,1e-05,9,63,0.5238532769892897,0.88029345870018,4.78309440612793,0.0009960967771506667,3.476877450942993,8,1,False,False,False
EXP-T132,primary,2,101,0.001,1e-05,10,70,0.7270463449614388,0.6038790345191956,3.4975454807281494,0.000995061710569696,3.476877450942993,8,2,False,False,False
EXP-T132,primary,2,101,0.001,1e-05,11,77,0.48131916352680754,0.6786113977432251,3.825408458709717,0.0009939057285945933,3.476877450942993,8,3,False,False,False
EXP-T132,primary,2,101,0.001,1e-05,12,84,0.4551230041543022,0.9775934815406799,5.153162479400635,0.000992629116446613,3.476877450942993,8,4,False,False,False
EXP-T132,primary,2,101,0.001,1e-05,13,91,0.8164534313338143,0.5746610164642334,3.4480016231536865,0.000991232189110701,3.4480016231536865,13,0,True,False,False
EXP-T132,primary,2,101,0.001,1e-05,14,98,0.41009762244565146,0.6768100261688232,3.8629294633865356,0.0009897152912577741,3.4480016231536865,13,1,False,False,False
EXP-T132,primary,2,101,0.001,1e-05,15,105,0.39930130754198345,0.5750487744808197,3.4107911586761475,0.00098807879715968,3.4107911586761475,15,0,True,False,False
EXP-T132,primary,2,101,0.001,1e-05,16,112,0.46846337696271284,0.5961779654026031,3.5363032817840576,0.00098632311059685,3.4107911586761475,15,1,False,False,False
EXP-T132,primary,2,101,0.001,1e-05,17,119,0.4235868326255253,0.6906020939350128,3.858518362045288,0.0009844486647586723,3.4107911586761475,15,2,False,False,False
EXP-T132,primary,2,101,0.001,1e-05,18,126,0.46076072326728273,0.5927219390869141,3.4543190002441406,0.00098245592213661,3.4107911586761475,15,3,False,False,False
EXP-T132,primary,2,101,0.001,1e-05,19,133,0.43343252706940155,0.6432693600654602,3.696826219558716,0.0009803453744100868,3.4107911586761475,15,4,False,False,False
EXP-T132,primary,2,101,0.001,1e-05,20,140,0.3770612818854196,0.5686919689178467,3.3854870796203613,0.0009781175423251734,3.3854870796203613,20,0,True,False,False
EXP-T132,primary,2,101,0.001,1e-05,21,147,0.32214738175805124,0.5324165225028992,3.1758344173431396,0.0009757729755661011,3.1758344173431396,21,0,True,False,False
EXP-T132,primary,2,101,0.001,1e-05,22,154,0.47130587697029114,0.6757997870445251,3.8564021587371826,0.0009733122526196349,3.1758344173431396,21,1,False,False,False
EXP-T132,primary,2,101,0.001,1e-05,23,161,0.3233061007090977,0.5827755033969879,3.4601075649261475,0.0009707359806323416,3.1758344173431396,21,2,False,False,False
EXP-T132,primary,2,101,0.001,1e-05,24,168,0.35984181825603756,0.4890836775302887,3.021641731262207,0.0009680447952607845,3.021641731262207,24,0,True,False,False
EXP-T132,primary,2,101,0.001,1e-05,25,175,0.38407065187181744,0.640111580491066,3.6675896644592285,0.0009652393605146844,3.021641731262207,24,1,False,False,False
EXP-T132,primary,2,101,0.001,1e-05,26,182,0.41106546350887846,0.6455076038837433,3.669207811355591,0.000962320368593087,3.021641731262207,24,2,False,False,False
EXP-T132,primary,2,101,0.001,1e-05,27,189,0.493984260729381,0.5453067719936371,3.3231472969055176,0.0009592885397135706,3.021641731262207,24,3,False,False,False
EXP-T132,primary,2,101,0.001,1e-05,28,196,0.29883257898369003,0.5471853762865067,3.2879552841186523,0.0009561446219345453,3.021641731262207,24,4,False,False,False
EXP-T132,primary,2,101,0.001,1e-05,29,203,0.28391432921801296,0.6208203136920929,3.528454065322876,0.0009528893909706797,3.021641731262207,24,5,False,False,False
EXP-T132,primary,2,101,0.001,1e-05,30,210,0.28924687619188,0.5560109913349152,3.328505039215088,0.0009495236500015047,3.021641731262207,24,6,False,False,False
EXP-T132,primary,2,101,0.001,1e-05,31,217,0.2759308023378253,0.8164954781532288,4.422328233718872,0.0009460482294732421,3.021641731262207,24,7,False,False,False
EXP-T132,primary,2,101,0.001,1e-05,32,224,0.5004332118800708,0.7788047194480896,4.299378752708435,0.0009424639868939033,3.021641731262207,24,8,False,False,False
EXP-T132,primary,2,101,0.001,1e-05,33,231,0.49426906735503245,0.6935313045978546,3.939725637435913,0.0009387718066217125,3.021641731262207,24,9,False,False,False
EXP-T132,primary,2,101,0.001,1e-05,34,238,0.5136428049632481,0.5866119861602783,3.481685996055603,0.0009349725996469047,3.021641731262207,24,10,False,False,False
EXP-T132,primary,2,101,0.001,1e-05,35,245,0.3230638770120485,0.583578497171402,3.4209954738616943,0.0009310673033669522,3.021641731262207,24,11,False,False,False
EXP-T132,primary,2,101,0.001,1e-05,36,252,0.2183148456471307,0.666448786854744,3.7482619285583496,0.0009270568813552756,3.021641731262207,24,12,False,False,False
EXP-T132,primary,2,101,0.001,1e-05,37,259,0.23909507425768034,0.5847424268722534,3.4059414863586426,0.0009229423231234975,3.021641731262207,24,13,False,False,False
EXP-T132,primary,2,101,0.001,1e-05,38,266,0.2643795268876212,0.6166104227304459,3.5958518981933594,0.0009187246438772938,3.021641731262207,24,14,False,False,False
EXP-T132,primary,2,101,0.001,1e-05,39,273,0.2868824249931744,0.577491357922554,3.4173808097839355,0.0009144048842659081,3.021641731262207,24,15,False,False,False
EXP-T132,primary,2,101,0.001,1e-05,40,280,0.19589503432091857,0.5690135657787323,3.3987672328948975,0.0009099841101253866,3.021641731262207,24,16,False,False,False
EXP-T132,primary,2,101,0.001,1e-05,41,287,0.2443748638033867,0.5825582146644592,3.3791223764419556,0.000905463412215599,3.021641731262207,24,17,False,False,False
EXP-T132,primary,2,101,0.001,1e-05,42,294,0.3220888525247574,0.5948619842529297,3.4174396991729736,0.0009008439059511099,3.021641731262207,24,18,False,False,False
EXP-T132,primary,2,101,0.001,1e-05,43,301,0.2331256823880332,0.5219613760709763,3.1975088119506836,0.0008961267311259666,3.021641731262207,24,19,False,False,False
EXP-T132,primary,2,101,0.001,1e-05,44,308,0.2218016375388418,0.5747982263565063,3.4006394147872925,0.0008913130516324732,3.021641731262207,24,20,False,False,False
EXP-T132,primary,2,101,0.001,1e-05,45,315,0.2559113161904471,0.7036163806915283,3.9509925842285156,0.0008864040551740157,3.021641731262207,24,21,False,False,False
EXP-T132,primary,2,101,0.001,1e-05,46,322,0.245450564793178,0.5288603901863098,3.226055383682251,0.0008814009529720154,3.021641731262207,24,22,False,False,False
EXP-T132,primary,2,101,0.001,1e-05,47,329,0.23155426127570017,0.5147867202758789,3.1550416946411133,0.0008763049794670775,3.021641731262207,24,23,False,False,False
EXP-T132,primary,2,101,0.001,1e-05,48,336,0.20146733841725759,0.5359218567609787,3.242506742477417,0.0008711173920144117,3.021641731262207,24,24,False,False,False
EXP-T132,primary,2,101,0.001,1e-05,49,343,0.23858737519809178,0.6374835669994354,3.6923999786376953,0.0008658394705735987,3.021641731262207,24,25,False,False,False
EXP-T132,primary,2,101,0.001,1e-05,50,350,0.19595621627584997,0.5469070076942444,3.239977478981018,0.0008604725173927785,3.021641731262207,24,26,False,False,False
EXP-T132,primary,2,101,0.001,1e-05,51,357,0.18033131411357317,0.6214000880718231,3.5598974227905273,0.000855017856687341,3.021641731262207,24,27,False,False,False
EXP-T132,primary,2,101,0.001,1e-05,52,364,0.20682912639209203,0.5461519956588745,3.2647416591644287,0.0008494768343131955,3.021641731262207,24,28,False,False,False
EXP-T132,primary,2,101,0.001,1e-05,53,371,0.20000508640493667,0.5163640975952148,3.100785255432129,0.0008438508174347009,3.021641731262207,24,29,False,False,False
EXP-T132,primary,2,101,0.001,1e-05,54,378,0.3246780016592571,0.5323674231767654,3.190582036972046,0.0008381411941873378,3.021641731262207,24,30,False,True,False
EXP-T132,primary,2,101,0.01,0.0001,1,7,21.305993718760355,32.93997001647949,141.8104133605957,0.01,141.8104133605957,1,0,True,False,False
EXP-T132,primary,2,101,0.01,0.0001,2,14,9.92095251594271,0.7341445088386536,4.057642459869385,0.00999938933078422,4.057642459869385,2,0,True,False,False
EXP-T132,primary,2,101,0.01,0.0001,3,21,2.6228004012789046,2.6392513513565063,12.344872236251831,0.009997557473810372,4.057642459869385,2,1,False,False,False
EXP-T132,primary,2,101,0.01,0.0001,4,28,1.7194427592413766,1.2871749997138977,6.555743098258972,0.009994504881061753,4.057642459869385,2,2,False,False,False
EXP-T132,primary,2,101,0.01,0.0001,5,35,0.7777765052659171,1.3510103225708008,6.777368783950806,0.009990232305719944,4.057642459869385,2,3,False,False,False
EXP-T132,primary,2,101,0.01,0.0001,6,42,0.7619841779981341,0.6408433616161346,3.6613969802856445,0.009984740801978984,3.6613969802856445,6,0,True,False,False
EXP-T132,primary,2,101,0.01,0.0001,7,49,1.7829814979008265,0.6401723325252533,3.659611225128174,0.009978031724785246,3.659611225128174,7,0,True,False,False
EXP-T132,primary,2,101,0.01,0.0001,8,56,0.49047665796076345,0.6400348246097565,3.6592302322387695,0.00997010672950314,3.6592302322387695,8,0,True,False,False
EXP-T132,primary,2,101,0.01,0.0001,9,63,0.5828810206481388,0.6392379403114319,3.656898021697998,0.009960967771506667,3.656898021697998,9,0,True,False,False
EXP-T132,primary,2,101,0.01,0.0001,10,70,0.5806939729622432,0.6403485238552094,3.6600918769836426,0.00995061710569696,3.656898021697998,9,1,False,False,False
EXP-T132,primary,2,101,0.01,0.0001,11,77,0.5225918867758342,0.6408035159111023,3.6612939834594727,0.009939057285945933,3.656898021697998,9,2,False,False,False
EXP-T132,primary,2,101,0.01,0.0001,12,84,0.5292743678603854,0.6397415399551392,3.6583971977233887,0.00992629116446613,3.656898021697998,9,3,False,False,False
EXP-T132,primary,2,101,0.01,0.0001,13,91,0.6441082273210798,0.6396900415420532,3.6582484245300293,0.00991232189110701,3.656898021697998,9,4,False,False,False
EXP-T132,primary,2,101,0.01,0.0001,14,98,0.5334636654172625,0.6408020853996277,3.661290168762207,0.00989715291257774,3.656898021697998,9,5,False,False,False
EXP-T132,primary,2,101,0.01,0.0001,15,105,2.198834593806948,0.6419743597507477,3.664170265197754,0.0098807879715968,3.656898021697998,9,6,False,False,False
EXP-T132,primary,2,101,0.01,0.0001,16,112,0.549235246011189,0.6408863663673401,3.6615071296691895,0.0098632311059685,3.656898021697998,9,7,False,False,False
EXP-T132,primary,2,101,0.01,0.0001,17,119,0.5057944942797933,0.6408450603485107,3.6614012718200684,0.009844486647586723,3.656898021697998,9,8,False,False,False
EXP-T132,primary,2,101,0.01,0.0001,18,126,0.49343311440731796,0.6407760977745056,3.6612229347229004,0.0098245592213661,3.656898021697998,9,9,False,False,False
EXP-T132,primary,2,101,0.01,0.0001,19,133,0.581368659223829,0.6400696337223053,3.659327507019043,0.009803453744100868,3.656898021697998,9,10,False,False,False
EXP-T132,primary,2,101,0.01,0.0001,20,140,0.4988514445722103,0.6401998996734619,3.6596875190734863,0.009781175423251734,3.656898021697998,9,11,False,False,False
EXP-T132,primary,2,101,0.01,0.0001,21,147,0.4972805998155049,0.6393648982048035,3.657284736633301,0.009757729755661011,3.656898021697998,9,12,False,False,False
EXP-T132,primary,2,101,0.01,0.0001,22,154,0.4975085439426558,0.6390732526779175,3.656385898590088,0.009733122526196349,3.656385898590088,22,0,True,False,False
EXP-T132,primary,2,101,0.01,0.0001,23,161,0.5048216091735023,0.6377566456794739,3.6517796516418457,0.009707359806323416,3.6517796516418457,23,0,True,False,False
EXP-T132,primary,2,101,0.01,0.0001,24,168,0.48923647882682936,0.6367199122905731,3.647080898284912,0.009680447952607845,3.647080898284912,24,0,True,False,False
EXP-T132,primary,2,101,0.01,0.0001,25,175,0.5708863437175751,0.6361368596553802,3.6435980796813965,0.009652393605146845,3.6435980796813965,25,0,True,False,False
EXP-T132,primary,2,101,0.01,0.0001,26,182,0.6216669082641602,0.6362457871437073,3.6443214416503906,0.00962320368593087,3.6435980796813965,25,1,False,False,False
EXP-T132,primary,2,101,0.01,0.0001,27,189,0.5403984572206225,0.6358480155467987,3.641420841217041,0.009592885397135707,3.641420841217041,27,0,True,False,False
EXP-T132,primary,2,101,0.01,0.0001,28,196,0.5413972011634282,0.6358513534069061,3.641448974609375,0.009561446219345454,3.641420841217041,27,1,False,False,False
EXP-T132,primary,2,101,0.01,0.0001,29,203,0.5097229800054005,0.6355383396148682,3.638336181640625,0.009528893909706798,3.638336181640625,29,0,True,False,False
EXP-T132,primary,2,101,0.01,0.0001,30,210,0.5431006039891925,0.6353460848331451,3.6352667808532715,0.009495236500015047,3.6352667808532715,30,0,True,False,False
EXP-T132,primary,2,101,0.01,0.0001,31,217,0.5006753983242171,0.6354129910469055,3.6365599632263184,0.00946048229473242,3.6352667808532715,30,1,False,False,False
EXP-T132,primary,2,101,0.01,0.0001,32,224,0.6201556665556771,0.6355811059474945,3.6388421058654785,0.009424639868939034,3.6352667808532715,30,2,False,False,False
EXP-T132,primary,2,101,0.01,0.0001,33,231,0.6491512741361346,0.6361312866210938,3.6435599327087402,0.009387718066217124,3.6352667808532715,30,3,False,False,False
EXP-T132,primary,2,101,0.01,0.0001,34,238,0.6626850494316646,0.6371519565582275,3.649211883544922,0.009349725996469048,3.6352667808532715,30,4,False,False,False
EXP-T132,primary,2,101,0.01,0.0001,35,245,0.5643039218017033,0.6382188200950623,3.6535186767578125,0.00931067303366952,3.6352667808532715,30,5,False,False,False
EXP-T132,primary,2,101,0.01,0.0001,36,252,0.6257035987717765,0.6373529434204102,3.6501097679138184,0.009270568813552756,3.6352667808532715,30,6,False,False,False
EXP-T132,primary,2,101,0.01,0.0001,37,259,0.5016538319843156,0.6363821029663086,3.6451730728149414,0.009229423231234974,3.6352667808532715,30,7,False,False,False
EXP-T132,primary,2,101,0.01,0.0001,38,266,0.6498971624033791,0.6358841955661774,3.641719341278076,0.009187246438772938,3.6352667808532715,30,8,False,False,False
EXP-T132,primary,2,101,0.01,0.0001,39,273,0.6197737625667027,0.6358471214771271,3.641413688659668,0.009144048842659082,3.6352667808532715,30,9,False,False,False
EXP-T132,primary,2,101,0.01,0.0001,40,280,0.6666965356894902,0.635614275932312,3.6392107009887695,0.009099841101253866,3.6352667808532715,30,10,False,False,False
EXP-T132,primary,2,101,0.01,0.0001,41,287,0.6033434058938708,0.6356901824474335,3.639993667602539,0.00905463412215599,3.6352667808532715,30,11,False,False,False
EXP-T132,primary,2,101,0.01,0.0001,42,294,0.5392084717750549,0.6354638636112213,3.6373491287231445,0.0090084390595111,3.6352667808532715,30,12,False,False,False
EXP-T132,primary,2,101,0.01,0.0001,43,301,0.49363384182964054,0.6352762281894684,3.6328635215759277,0.008961267311259666,3.6328635215759277,43,0,True,False,False
EXP-T132,primary,2,101,0.01,0.0001,44,308,0.5447497921330589,0.6352778673171997,3.6329736709594727,0.008913130516324731,3.6328635215759277,43,1,False,False,False
EXP-T132,primary,2,101,0.01,0.0001,45,315,0.5377009383269719,0.6353253126144409,3.6347556114196777,0.008864040551740157,3.6328635215759277,43,2,False,False,False
EXP-T132,primary,2,101,0.01,0.0001,46,322,0.4911779117371355,0.6352754831314087,3.632807731628418,0.008814009529720154,3.632807731628418,46,0,True,False,False
EXP-T132,primary,2,101,0.01,0.0001,47,329,0.49067581365151064,0.635267823934555,3.6317238807678223,0.008763049794670776,3.6317238807678223,47,0,True,False,False
EXP-T132,primary,2,101,0.01,0.0001,48,336,0.48807813285384327,0.6352734267711639,3.630741596221924,0.008711173920144118,3.630741596221924,48,0,True,False,False
EXP-T132,primary,2,101,0.01,0.0001,49,343,0.6768164890153068,0.6352857053279877,3.6299915313720703,0.008658394705735987,3.6299915313720703,49,0,True,False,False
EXP-T132,primary,2,101,0.01,0.0001,50,350,0.5473641753196716,0.635343462228775,3.6281862258911133,0.008604725173927784,3.6281862258911133,50,0,True,False,False
EXP-T132,primary,2,101,0.01,0.0001,51,357,0.5617758589131492,0.6352714896202087,3.630927562713623,0.00855017856687341,3.6281862258911133,50,1,False,False,False
EXP-T132,primary,2,101,0.01,0.0001,52,364,0.5128362242664609,0.6353289484977722,3.634852409362793,0.008494768343131955,3.6281862258911133,50,2,False,False,False
EXP-T132,primary,2,101,0.01,0.0001,53,371,0.5094085548605237,0.63559490442276,3.6389975547790527,0.00843850817434701,3.6281862258911133,50,3,False,False,False
EXP-T132,primary,2,101,0.01,0.0001,54,378,0.6822252954755511,0.635732114315033,3.6403956413269043,0.008381411941873378,3.6281862258911133,50,4,False,False,False
EXP-T132,primary,2,101,0.01,0.0001,55,385,0.5398737021854946,0.6360167562961578,3.642744541168213,0.008323493733352076,3.6281862258911133,50,5,False,False,False
EXP-T132,primary,2,101,0.01,0.0001,56,392,0.5381459040301186,0.636625200510025,3.6465706825256348,0.008264767839234409,3.6281862258911133,50,6,False,False,False
EXP-T132,primary,2,101,0.01,0.0001,57,399,0.6774481577532632,0.637446403503418,3.6505112648010254,0.008205248749256015,3.6281862258911133,50,7,False,False,False
EXP-T132,primary,2,101,0.01,0.0001,58,406,0.6262984701565334,0.638175904750824,3.6533637046813965,0.008144951148861742,3.6281862258911133,50,8,False,False,False
EXP-T132,primary,2,101,0.01,0.0001,59,413,0.504196075456483,0.6376435458660126,3.651327610015869,0.008083889915582234,3.6281862258911133,50,9,False,False,False
EXP-T132,primary,2,101,0.01,0.0001,60,420,0.623980530670711,0.636871337890625,3.6478633880615234,0.008022080115363126,3.6281862258911133,50,10,False,False,False
EXP-T132,primary,2,101,0.01,0.0001,61,427,0.5089075182165418,0.6362144947052002,3.644118309020996,0.007959536998847744,3.6281862258911133,50,11,False,False,False
EXP-T132,primary,2,101,0.01,0.0001,62,434,0.6208310467856271,0.6360833048820496,3.64322566986084,0.00789627599761423,3.6281862258911133,50,12,False,False,False
EXP-T132,primary,2,101,0.01,0.0001,63,441,0.5560809969902039,0.6356476545333862,3.6395649909973145,0.007832312720368047,3.6281862258911133,50,13,False,False,False
EXP-T132,primary,2,101,0.01,0.0001,64,448,0.5222799352237156,0.635354220867157,3.635448932647705,0.007767662949090753,3.6281862258911133,50,14,False,False,False
EXP-T132,primary,2,101,0.01,0.0001,65,455,0.4966108628681728,0.6352749764919281,3.630617618560791,0.007702342635146034,3.6281862258911133,50,15,False,False,False
EXP-T132,primary,2,101,0.01,0.0001,66,462,0.49042027230773655,0.6354048550128937,3.6269712448120117,0.007636367895343947,3.6269712448120117,66,0,True,False,False
EXP-T132,primary,2,101,0.01,0.0001,67,469,0.49021791467177017,0.6354773640632629,3.625852584838867,0.007569755007964339,3.625852584838867,67,0,True,False,False
EXP-T132,primary,2,101,0.01,0.0001,68,476,0.5646614389760154,0.6356104612350464,3.625776767730713,0.007502520408740419,3.625776767730713,68,0,True,False,False
EXP-T132,primary,2,101,0.01,0.0001,69,483,0.4957020788320473,0.6359081566333771,3.6285195350646973,0.007434680686803491,3.625776767730713,68,1,False,False,False
EXP-T132,primary,2,101,0.01,0.0001,70,490,0.5476645869868142,0.6360992193222046,3.629944324493408,0.0073662525805898394,3.625776767730713,68,2,False,False,False
EXP-T132,primary,2,101,0.01,0.0001,71,497,0.6315649832998004,0.6362859010696411,3.631185531616211,0.007297252973710758,3.625776767730713,68,3,False,False,False
EXP-T132,primary,2,101,0.01,0.0001,72,504,0.5073828463043485,0.635944664478302,3.6288065910339355,0.00722769889078678,3.625776767730713,68,4,False,False,False
EXP-T132,primary,2,101,0.01,0.0001,73,511,0.5496109298297337,0.6355223059654236,3.6252565383911133,0.0071576074932471105,3.6252565383911133,73,0,True,False,False
EXP-T132,primary,2,101,0.01,0.0001,74,518,0.48839576403094853,0.6352866291999817,3.6299471855163574,0.00708699607509529,3.6252565383911133,73,1,False,False,False
EXP-T132,primary,2,101,0.01,0.0001,75,525,0.48791935146852794,0.6352682411670685,3.6319479942321777,0.007015882058642164,3.6252565383911133,73,2,False,False,False
EXP-T132,primary,2,101,0.01,0.0001,76,532,0.685702247279031,0.6352823376655579,3.6332335472106934,0.006944282990207195,3.6252565383911133,73,3,False,False,False
EXP-T132,primary,2,101,0.01,0.0001,77,539,0.5426733578954425,0.6354467272758484,3.6370959281921387,0.006872216535789157,3.6252565383911133,73,4,False,False,False
EXP-T132,primary,2,101,0.01,0.0001,78,546,0.6031706418309893,0.6357367038726807,3.6404385566711426,0.006799700476707324,3.6252565383911133,73,5,False,False,False
EXP-T132,primary,2,101,0.01,0.0001,79,553,0.5101298370531627,0.6356567144393921,3.639657497406006,0.006726752705214194,3.6252565383911133,73,6,False,False,False
EXP-T132,primary,2,101,0.01,0.0001,80,560,0.5548251441546849,0.635441780090332,3.637021541595459,0.0066533912200808405,3.6252565383911133,73,7,False,False,False
EXP-T132,primary,2,101,0.01,0.0001,81,567,0.5074495678501469,0.6352857947349548,3.633406162261963,0.006579634122155991,3.6252565383911133,73,8,False,False,False
EXP-T132,primary,2,101,0.01,0.0001,82,574,0.49720589710133417,0.6352736353874207,3.6326680183410645,0.006505499609899906,3.6252565383911133,73,9,False,False,False
EXP-T132,primary,2,101,0.01,0.0001,83,581,0.5939282753637859,0.6352714896202087,3.630929946899414,0.006431005974894186,3.6252565383911133,73,10,False,False,False
EXP-T132,primary,2,101,0.01,0.0001,84,588,2.3029788229614496,0.6352747082710266,3.6306381225585938,0.006356171597328596,3.6252565383911133,73,11,False,False,False
EXP-T132,primary,2,101,0.01,0.0001,85,595,0.5066182953970773,0.635283499956131,3.630099296569824,0.0062810149414660316,3.6252565383911133,73,12,False,False,False
EXP-T132,primary,2,101,0.01,0.0001,86,602,0.4964264785604818,0.6353371739387512,3.628335475921631,0.006205554551086733,3.6252565383911133,73,13,False,False,False
EXP-T132,primary,2,101,0.01,0.0001,87,609,0.4960800808455263,0.6353996694087982,3.6270604133605957,0.006129809044912888,3.6252565383911133,73,14,False,False,False
EXP-T132,primary,2,101,0.01,0.0001,88,616,0.7521231727940696,0.6354433298110962,3.6263484954833984,0.006053797112014738,3.6252565383911133,73,15,False,False,False
EXP-T132,primary,2,101,0.01,0.0001,89,623,0.5505199432373047,0.6353541016578674,3.627946376800537,0.005977537507199339,3.6252565383911133,73,16,False,False,False
EXP-T132,primary,2,101,0.01,0.0001,90,630,0.503955429153783,0.6353738009929657,3.627540111541748,0.005901049046383077,3.6252565383911133,73,17,False,False,False
EXP-T132,primary,2,101,0.01,0.0001,91,637,0.5312686903136117,0.6353084146976471,3.62912654876709,0.005824350601949144,3.6252565383911133,73,18,False,False,False
EXP-T132,primary,2,101,0.01,0.0001,92,644,0.48818702495191246,0.6352685987949371,3.6320390701293945,0.005747461098091036,3.6252565383911133,73,19,False,False,False
EXP-T132,primary,2,101,0.01,0.0001,93,651,0.6155310784067426,0.6352830231189728,3.6332688331604004,0.005670399506143308,3.6252565383911133,73,20,False,False,False
EXP-T132,primary,2,101,0.01,0.0001,94,658,0.5451070070266724,0.63527050614357,3.632350444793701,0.005593184839900675,3.6252565383911133,73,21,False,False,False
EXP-T132,primary,2,101,0.01,0.0001,95,665,0.7252634167671204,0.6352963447570801,3.633850574493408,0.005515836150926647,3.6252565383911133,73,22,False,False,False
EXP-T132,primary,2,101,0.01,0.0001,96,672,0.5428060931818826,0.635412335395813,3.6365489959716797,0.005438372523852834,3.6252565383911133,73,23,False,False,False
EXP-T132,primary,2,101,0.01,0.0001,97,679,0.6042740728173938,0.6357156038284302,3.6402392387390137,0.005360813071670102,3.6252565383911133,73,24,False,False,False
EXP-T132,primary,2,101,0.01,0.0001,98,686,0.49229041220886366,0.6360110938549042,3.642703056335449,0.005283176931012732,3.6252565383911133,73,25,False,False,False
EXP-T132,primary,2,101,0.01,0.0001,99,693,0.6022223574774606,0.6361131370067596,3.643434524536133,0.0052054832574367355,3.6252565383911133,73,26,False,False,False
EXP-T132,primary,2,101,0.01,0.0001,100,700,0.48840801239878473,0.6363848447799683,3.6451897621154785,0.005127751220693514,3.6252565383911133,73,27,False,False,False
EXP-T132,primary,2,101,0.01,0.0001,101,707,0.49824113505227224,0.6364964842796326,3.645847797393799,0.005050000000000001,3.6252565383911133,73,28,False,False,False
EXP-T132,primary,2,101,0.01,0.0001,102,714,0.622233122587204,0.6365684270858765,3.646256446838379,0.004972248779306489,3.6252565383911133,73,29,False,False,False
EXP-T132,primary,2,101,0.01,0.0001,103,721,0.5089298039674759,0.6363897621631622,3.645219326019287,0.004894516742563266,3.6252565383911133,73,30,False,True,False
EXP-T132,primary,3,101,1e-05,1.0000000000000001e-07,1,7,0.5547297469207219,0.52738156914711,3.228269338607788,1e-05,3.228269338607788,1,0,True,False,False
EXP-T132,primary,3,101,1e-05,1.0000000000000001e-07,2,14,0.6180146762302944,0.527590274810791,3.2341935634613037,9.99938933078422e-06,3.228269338607788,1,1,False,False,False
EXP-T132,primary,3,101,1e-05,1.0000000000000001e-07,3,21,0.6492474462304797,0.5306952595710754,3.2458603382110596,9.997557473810373e-06,3.228269338607788,1,2,False,False,False
EXP-T132,primary,3,101,1e-05,1.0000000000000001e-07,4,28,0.6484588895525251,0.5343996435403824,3.261023759841919,9.994504881061752e-06,3.228269338607788,1,3,False,False,False
EXP-T132,primary,3,101,1e-05,1.0000000000000001e-07,5,35,0.6482592523097992,0.538825660943985,3.2774271965026855,9.990232305719944e-06,3.228269338607788,1,4,False,False,False
EXP-T132,primary,3,101,1e-05,1.0000000000000001e-07,6,42,0.5930707241807666,0.5401385128498077,3.281177282333374,9.984740801978984e-06,3.228269338607788,1,5,False,False,False
EXP-T132,primary,3,101,1e-05,1.0000000000000001e-07,7,49,0.5849505152021136,0.5398328006267548,3.279367685317993,9.978031724785247e-06,3.228269338607788,1,6,False,False,False
EXP-T132,primary,3,101,1e-05,1.0000000000000001e-07,8,56,0.7046647540160588,0.5371259599924088,3.269611358642578,9.97010672950314e-06,3.228269338607788,1,7,False,False,False
EXP-T132,primary,3,101,1e-05,1.0000000000000001e-07,9,63,0.5411450181688581,0.5393176078796387,3.2757375240325928,9.960967771506666e-06,3.228269338607788,1,8,False,False,False
EXP-T132,primary,3,101,1e-05,1.0000000000000001e-07,10,70,0.6438977292605809,0.5391963422298431,3.2745635509490967,9.950617105696961e-06,3.228269338607788,1,9,False,False,False
EXP-T132,primary,3,101,1e-05,1.0000000000000001e-07,11,77,0.7546847675527845,0.5360052138566971,3.263967275619507,9.939057285945933e-06,3.228269338607788,1,10,False,False,False
EXP-T132,primary,3,101,1e-05,1.0000000000000001e-07,12,84,0.5320897549390793,0.533615380525589,3.2553675174713135,9.926291164466131e-06,3.228269338607788,1,11,False,False,False
EXP-T132,primary,3,101,1e-05,1.0000000000000001e-07,13,91,0.5840522476605007,0.5303365290164948,3.243549346923828,9.91232189110701e-06,3.228269338607788,1,12,False,False,False
EXP-T132,primary,3,101,1e-05,1.0000000000000001e-07,14,98,0.6213951451437814,0.5294442474842072,3.2400434017181396,9.897152912577742e-06,3.228269338607788,1,13,False,False,False
EXP-T132,primary,3,101,1e-05,1.0000000000000001e-07,15,105,0.5326156658785683,0.5302652716636658,3.2425310611724854,9.8807879715968e-06,3.228269338607788,1,14,False,False,False
EXP-T132,primary,3,101,1e-05,1.0000000000000001e-07,16,112,0.6793826520442963,0.5298886150121689,3.2404613494873047,9.8632311059685e-06,3.228269338607788,1,15,False,False,False
EXP-T132,primary,3,101,1e-05,1.0000000000000001e-07,17,119,0.5809959598949977,0.5252611190080643,3.2233195304870605,9.844486647586724e-06,3.2233195304870605,17,0,True,False,False
EXP-T132,primary,3,101,1e-05,1.0000000000000001e-07,18,126,0.5033358765233841,0.5247188806533813,3.220921039581299,9.824559221366101e-06,3.220921039581299,18,0,True,False,False
EXP-T132,primary,3,101,1e-05,1.0000000000000001e-07,19,133,0.6659965302262988,0.5254676789045334,3.22322154045105,9.803453744100868e-06,3.220921039581299,18,1,False,False,False
EXP-T132,primary,3,101,1e-05,1.0000000000000001e-07,20,140,0.6099012281213488,0.5240924060344696,3.217841148376465,9.781175423251734e-06,3.217841148376465,20,0,True,False,False
EXP-T132,primary,3,101,1e-05,1.0000000000000001e-07,21,147,0.5409644756998334,0.5252029597759247,3.2214136123657227,9.757729755661012e-06,3.217841148376465,20,1,False,False,False
EXP-T132,primary,3,101,1e-05,1.0000000000000001e-07,22,154,0.6124140747955867,0.5280842334032059,3.2302298545837402,9.73312252619635e-06,3.217841148376465,20,2,False,False,False
EXP-T132,primary,3,101,1e-05,1.0000000000000001e-07,23,161,0.5918429068156651,0.5306389927864075,3.2443976402282715,9.707359806323418e-06,3.217841148376465,20,3,False,False,False
EXP-T132,primary,3,101,1e-05,1.0000000000000001e-07,24,168,0.6457208139555795,0.5276187658309937,3.2290310859680176,9.680447952607845e-06,3.217841148376465,20,4,False,False,False
EXP-T132,primary,3,101,1e-05,1.0000000000000001e-07,25,175,0.6415707468986511,0.5242202132940292,3.216238021850586,9.652393605146845e-06,3.216238021850586,25,0,True,False,False
EXP-T132,primary,3,101,1e-05,1.0000000000000001e-07,26,182,0.5216442814895085,0.5226898640394211,3.2104837894439697,9.62320368593087e-06,3.2104837894439697,26,0,True,False,False
EXP-T132,primary,3,101,1e-05,1.0000000000000001e-07,27,189,0.4975866159158094,0.5191508829593658,3.19745135307312,9.592885397135707e-06,3.19745135307312,27,0,True,False,False
EXP-T132,primary,3,101,1e-05,1.0000000000000001e-07,28,196,0.5079452821186611,0.5173288583755493,3.1901986598968506,9.561446219345455e-06,3.1901986598968506,28,0,True,False,False
EXP-T132,primary,3,101,1e-05,1.0000000000000001e-07,29,203,0.5783282433237348,0.5171236246824265,3.1890552043914795,9.528893909706798e-06,3.1890552043914795,29,0,True,False,False
EXP-T132,primary,3,101,1e-05,1.0000000000000001e-07,30,210,0.5104039694581713,0.5159509032964706,3.1842503547668457,9.495236500015048e-06,3.1842503547668457,30,0,True,False,False
EXP-T132,primary,3,101,1e-05,1.0000000000000001e-07,31,217,0.5665416462080819,0.5167549401521683,3.1868019104003906,9.460482294732422e-06,3.1842503547668457,30,1,False,False,False
EXP-T132,primary,3,101,1e-05,1.0000000000000001e-07,32,224,0.49762873803930624,0.5163726955652237,3.1848559379577637,9.424639868939035e-06,3.1842503547668457,30,2,False,False,False
EXP-T132,primary,3,101,1e-05,1.0000000000000001e-07,33,231,0.490684271390949,0.514850378036499,3.1788229942321777,9.387718066217125e-06,3.1788229942321777,33,0,True,False,False
EXP-T132,primary,3,101,1e-05,1.0000000000000001e-07,34,238,0.5394918535436902,0.5112126171588898,3.1640944480895996,9.349725996469047e-06,3.1640944480895996,34,0,True,False,False
EXP-T132,primary,3,101,1e-05,1.0000000000000001e-07,35,245,0.6351544771875653,0.5120854526758194,3.167283058166504,9.310673033669522e-06,3.1640944480895996,34,1,False,False,False
EXP-T132,primary,3,101,1e-05,1.0000000000000001e-07,36,252,0.651404184954507,0.5136836767196655,3.1727256774902344,9.270568813552757e-06,3.1640944480895996,34,2,False,False,False
EXP-T132,primary,3,101,1e-05,1.0000000000000001e-07,37,259,0.5528476663998195,0.5166181027889252,3.1867809295654297,9.229423231234975e-06,3.1640944480895996,34,3,False,False,False
EXP-T132,primary,3,101,1e-05,1.0000000000000001e-07,38,266,0.547167216028486,0.5172327160835266,3.190255880355835,9.18724643877294e-06,3.1640944480895996,34,4,False,False,False
EXP-T132,primary,3,101,1e-05,1.0000000000000001e-07,39,273,0.4960789531469345,0.515545204281807,3.18316912651062,9.144048842659081e-06,3.1640944480895996,34,5,False,False,False
EXP-T132,primary,3,101,1e-05,1.0000000000000001e-07,40,280,0.5567913396017892,0.5133543312549591,3.173737049102783,9.099841101253867e-06,3.1640944480895996,34,6,False,False,False
EXP-T132,primary,3,101,1e-05,1.0000000000000001e-07,41,287,0.6453168647629874,0.5125401318073273,3.1708157062530518,9.054634122155991e-06,3.1640944480895996,34,7,False,False,False
EXP-T132,primary,3,101,1e-05,1.0000000000000001e-07,42,294,0.5992672571114132,0.5081707537174225,3.1498806476593018,9.0084390595111e-06,3.1498806476593018,42,0,True,False,False
EXP-T132,primary,3,101,1e-05,1.0000000000000001e-07,43,301,0.582838203225817,0.5050276815891266,3.1364216804504395,8.961267311259668e-06,3.1364216804504395,43,0,True,False,False
EXP-T132,primary,3,101,1e-05,1.0000000000000001e-07,44,308,0.5040244124829769,0.5022516250610352,3.1249184608459473,8.913130516324733e-06,3.1249184608459473,44,0,True,False,False
EXP-T132,primary,3,101,1e-05,1.0000000000000001e-07,45,315,0.6520306595734188,0.5027766823768616,3.127129077911377,8.864040551740158e-06,3.1249184608459473,44,1,False,False,False
EXP-T132,primary,3,101,1e-05,1.0000000000000001e-07,46,322,0.5314553252288273,0.5021494626998901,3.1243464946746826,8.814009529720155e-06,3.1243464946746826,46,0,True,False,False
EXP-T132,primary,3,101,1e-05,1.0000000000000001e-07,47,329,0.528716721705028,0.5035546123981476,3.1319382190704346,8.763049794670776e-06,3.1243464946746826,46,1,False,False,False
EXP-T132,primary,3,101,1e-05,1.0000000000000001e-07,48,336,0.5121274249894279,0.5016175806522369,3.1227588653564453,8.711173920144118e-06,3.1227588653564453,48,0,True,False,False
EXP-T132,primary,3,101,1e-05,1.0000000000000001e-07,49,343,0.6331558355263301,0.5014573186635971,3.1232666969299316,8.658394705735988e-06,3.1227588653564453,48,1,False,False,False
EXP-T132,primary,3,101,1e-05,1.0000000000000001e-07,50,350,0.49264403539044516,0.5004888623952866,3.1192047595977783,8.604725173927786e-06,3.1192047595977783,50,0,True,False,False
EXP-T132,primary,3,101,1e-05,1.0000000000000001e-07,51,357,0.5436035905565534,0.49939151108264923,3.1147444248199463,8.550178566873412e-06,3.1147444248199463,51,0,True,False,False
EXP-T132,primary,3,101,1e-05,1.0000000000000001e-07,52,364,0.5935878711087363,0.4983282536268234,3.110671281814575,8.494768343131955e-06,3.110671281814575,52,0,True,False,False
EXP-T132,primary,3,101,1e-05,1.0000000000000001e-07,53,371,0.461530081395592,0.495434045791626,3.0956242084503174,8.43850817434701e-06,3.0956242084503174,53,0,True,False,False
EXP-T132,primary,3,101,1e-05,1.0000000000000001e-07,54,378,0.5694868181432996,0.4939377009868622,3.0881168842315674,8.381411941873379e-06,3.0881168842315674,54,0,True,False,False
EXP-T132,primary,3,101,1e-05,1.0000000000000001e-07,55,385,0.4711971107338156,0.49303798377513885,3.084486961364746,8.323493733352078e-06,3.084486961364746,55,0,True,False,False
EXP-T132,primary,3,101,1e-05,1.0000000000000001e-07,56,392,0.5570912957191467,0.4917444586753845,3.078378200531006,8.26476783923441e-06,3.078378200531006,56,0,True,False,False
EXP-T132,primary,3,101,1e-05,1.0000000000000001e-07,57,399,0.6183592549392155,0.4913681894540787,3.078005313873291,8.205248749256014e-06,3.078005313873291,57,0,True,False,False
EXP-T132,primary,3,101,1e-05,1.0000000000000001e-07,58,406,0.4988688038928168,0.4906798154115677,3.0755109786987305,8.144951148861743e-06,3.0755109786987305,58,0,True,False,False
EXP-T132,primary,3,101,1e-05,1.0000000000000001e-07,59,413,0.6062869387013572,0.4892432689666748,3.067997455596924,8.083889915582235e-06,3.067997455596924,59,0,True,False,False
EXP-T132,primary,3,101,1e-05,1.0000000000000001e-07,60,420,0.5701013122286115,0.48876403272151947,3.0665674209594727,8.022080115363127e-06,3.0665674209594727,60,0,True,False,False
EXP-T132,primary,3,101,1e-05,1.0000000000000001e-07,61,427,0.5492118767329625,0.48981237411499023,3.074772834777832,7.959536998847744e-06,3.0665674209594727,60,1,False,False,False
EXP-T132,primary,3,101,1e-05,1.0000000000000001e-07,62,434,0.609988238130297,0.49314919114112854,3.0937490463256836,7.89627599761423e-06,3.0665674209594727,60,2,False,False,False
EXP-T132,primary,3,101,1e-05,1.0000000000000001e-07,63,441,0.5527041000979287,0.49421438574790955,3.0996553897857666,7.832312720368048e-06,3.0665674209594727,60,3,False,False,False
EXP-T132,primary,3,101,1e-05,1.0000000000000001e-07,64,448,0.4844697948013033,0.4939972460269928,3.0989956855773926,7.767662949090754e-06,3.0665674209594727,60,4,False,False,False
EXP-T132,primary,3,101,1e-05,1.0000000000000001e-07,65,455,0.5088192479951041,0.4931112676858902,3.095137596130371,7.702342635146033e-06,3.0665674209594727,60,5,False,False,False
EXP-T132,primary,3,101,1e-05,1.0000000000000001e-07,66,462,0.6305551614080157,0.4913758784532547,3.087592363357544,7.636367895343947e-06,3.0665674209594727,60,6,False,False,False
EXP-T132,primary,3,101,1e-05,1.0000000000000001e-07,67,469,0.5160169644015176,0.4907003492116928,3.0851824283599854,7.5697550079643376e-06,3.0665674209594727,60,7,False,False,False
EXP-T132,primary,3,101,1e-05,1.0000000000000001e-07,68,476,0.5056953302451542,0.4880628287792206,3.0733721256256104,7.502520408740418e-06,3.0665674209594727,60,8,False,False,False
EXP-T132,primary,3,101,1e-05,1.0000000000000001e-07,69,483,0.5809219096388135,0.4870210587978363,3.068984031677246,7.43468068680349e-06,3.0665674209594727,60,9,False,False,False
EXP-T132,primary,3,101,1e-05,1.0000000000000001e-07,70,490,0.4896130008356912,0.4869271218776703,3.0690808296203613,7.366252580589839e-06,3.0665674209594727,60,10,False,False,False
EXP-T132,primary,3,101,1e-05,1.0000000000000001e-07,71,497,0.5285533517599106,0.4871079623699188,3.0703392028808594,7.297252973710756e-06,3.0665674209594727,60,11,False,False,False
EXP-T132,primary,3,101,1e-05,1.0000000000000001e-07,72,504,0.4983371155602591,0.4856749475002289,3.064081907272339,7.227698890786779e-06,3.064081907272339,72,0,True,False,False
EXP-T132,primary,3,101,1e-05,1.0000000000000001e-07,73,511,0.5324348551886422,0.4851107895374298,3.061985731124878,7.15760749324711e-06,3.061985731124878,73,0,True,False,False
EXP-T132,primary,3,101,1e-05,1.0000000000000001e-07,74,518,0.5013896652630397,0.484322264790535,3.0586419105529785,7.086996075095289e-06,3.0586419105529785,74,0,True,False,False
EXP-T132,primary,3,101,1e-05,1.0000000000000001e-07,75,525,0.5453956893512181,0.48379696905612946,3.056640625,7.015882058642164e-06,3.056640625,75,0,True,False,False
EXP-T132,primary,3,101,1e-05,1.0000000000000001e-07,76,532,0.49269829264708925,0.4845753014087677,3.0628926753997803,6.9442829902071945e-06,3.056640625,75,1,False,False,False
EXP-T132,primary,3,101,1e-05,1.0000000000000001e-07,77,539,0.47452313559395926,0.48547589778900146,3.0693089962005615,6.8722165357891564e-06,3.056640625,75,2,False,False,False
EXP-T132,primary,3,101,1e-05,1.0000000000000001e-07,78,546,0.5585260093212128,0.48545263707637787,3.0702459812164307,6.799700476707323e-06,3.056640625,75,3,False,False,False
EXP-T132,primary,3,101,1e-05,1.0000000000000001e-07,79,553,0.48205509249653133,0.4811543673276901,3.046907663345337,6.726752705214193e-06,3.046907663345337,79,0,True,False,False
EXP-T132,primary,3,101,1e-05,1.0000000000000001e-07,80,560,0.48796905470745905,0.4800150692462921,3.041597604751587,6.65339122008084e-06,3.041597604751587,80,0,True,False,False
EXP-T132,primary,3,101,1e-05,1.0000000000000001e-07,81,567,0.505151527268546,0.48051972687244415,3.046379804611206,6.57963412215599e-06,3.041597604751587,80,1,False,False,False
EXP-T132,primary,3,101,1e-05,1.0000000000000001e-07,82,574,0.623990386724472,0.4812617748975754,3.052288770675659,6.505499609899905e-06,3.041597604751587,80,2,False,False,False
EXP-T132,primary,3,101,1e-05,1.0000000000000001e-07,83,581,0.680379079920905,0.4794456660747528,3.0432515144348145,6.431005974894185e-06,3.041597604751587,80,3,False,False,False
EXP-T132,primary,3,101,1e-05,1.0000000000000001e-07,84,588,0.4733871178967612,0.4751899689435959,3.0203301906585693,6.356171597328595e-06,3.0203301906585693,84,0,True,False,False
EXP-T132,primary,3,101,1e-05,1.0000000000000001e-07,85,595,0.470791112099375,0.47173359990119934,3.0033226013183594,6.28101494146603e-06,3.0033226013183594,85,0,True,False,False
EXP-T132,primary,3,101,1e-05,1.0000000000000001e-07,86,602,0.5903418660163879,0.46957308053970337,2.9924099445343018,6.205554551086732e-06,2.9924099445343018,86,0,True,False,False
EXP-T132,primary,3,101,1e-05,1.0000000000000001e-07,87,609,0.5280806975705283,0.46742305159568787,2.981262445449829,6.129809044912887e-06,2.981262445449829,87,0,True,False,False
EXP-T132,primary,3,101,1e-05,1.0000000000000001e-07,88,616,0.5279595085552761,0.4675646275281906,2.98343563079834,6.053797112014738e-06,2.981262445449829,87,1,False,False,False
EXP-T132,primary,3,101,1e-05,1.0000000000000001e-07,89,623,0.5299280072961535,0.46867525577545166,2.9906747341156006,5.977537507199338e-06,2.981262445449829,87,2,False,False,False
EXP-T132,primary,3,101,1e-05,1.0000000000000001e-07,90,630,0.6211044192314148,0.4677635431289673,2.9865901470184326,5.901049046383077e-06,2.981262445449829,87,3,False,False,False
EXP-T132,primary,3,101,1e-05,1.0000000000000001e-07,91,637,0.44839753210544586,0.46548764407634735,2.975107431411743,5.824350601949143e-06,2.975107431411743,91,0,True,False,False
EXP-T132,primary,3,101,1e-05,1.0000000000000001e-07,92,644,0.5169392100402287,0.4639050364494324,2.9671878814697266,5.7474610980910354e-06,2.9671878814697266,92,0,True,False,False
EXP-T132,primary,3,101,1e-05,1.0000000000000001e-07,93,651,0.5358891401972089,0.46448811888694763,2.9712352752685547,5.6703995061433075e-06,2.9671878814697266,92,1,False,False,False
EXP-T132,primary,3,101,1e-05,1.0000000000000001e-07,94,658,0.5263501405715942,0.46442076563835144,2.971458911895752,5.5931848399006745e-06,2.9671878814697266,92,2,False,False,False
EXP-T132,primary,3,101,1e-05,1.0000000000000001e-07,95,665,0.516538849898747,0.4649638384580612,2.974794626235962,5.515836150926646e-06,2.9671878814697266,92,3,False,False,False
EXP-T132,primary,3,101,1e-05,1.0000000000000001e-07,96,672,0.5269543528556824,0.46577294170856476,2.9810593128204346,5.438372523852833e-06,2.9671878814697266,92,4,False,False,False
EXP-T132,primary,3,101,1e-05,1.0000000000000001e-07,97,679,0.5928281545639038,0.46604275703430176,2.9840986728668213,5.360813071670101e-06,2.9671878814697266,92,5,False,False,False
EXP-T132,primary,3,101,1e-05,1.0000000000000001e-07,98,686,0.45081590940909727,0.4651608020067215,2.9800491333007812,5.283176931012731e-06,2.9671878814697266,92,6,False,False,False
EXP-T132,primary,3,101,1e-05,1.0000000000000001e-07,99,693,0.5177022367715836,0.4632060378789902,2.968876361846924,5.205483257436735e-06,2.9671878814697266,92,7,False,False,False
EXP-T132,primary,3,101,1e-05,1.0000000000000001e-07,100,700,0.5541678283895765,0.46193040907382965,2.9614672660827637,5.127751220693512e-06,2.9614672660827637,100,0,True,False,False
EXP-T132,primary,3,101,1e-05,1.0000000000000001e-07,101,707,0.5238054352147239,0.45821425318717957,2.9416515827178955,5.05e-06,2.9416515827178955,101,0,True,False,False
EXP-T132,primary,3,101,1e-05,1.0000000000000001e-07,102,714,0.605352806193488,0.4558759927749634,2.92893648147583,4.972248779306488e-06,2.92893648147583,102,0,True,False,False
EXP-T132,primary,3,101,1e-05,1.0000000000000001e-07,103,721,0.5696440935134888,0.4544026553630829,2.9209048748016357,4.8945167425632645e-06,2.9209048748016357,103,0,True,False,False
EXP-T132,primary,3,101,1e-05,1.0000000000000001e-07,104,728,0.49205394302095684,0.4525245428085327,2.9097421169281006,4.816823068987269e-06,2.9097421169281006,104,0,True,False,False
EXP-T132,primary,3,101,1e-05,1.0000000000000001e-07,105,735,0.47934754831450327,0.45288488268852234,2.9131834506988525,4.7391869283298985e-06,2.9097421169281006,104,1,False,False,False
EXP-T132,primary,3,101,1e-05,1.0000000000000001e-07,106,742,0.5558849743434361,0.45357464253902435,2.9185941219329834,4.661627476147168e-06,2.9097421169281006,104,2,False,False,False
EXP-T132,primary,3,101,1e-05,1.0000000000000001e-07,107,749,0.515371058668409,0.4551351070404053,2.927828311920166,4.584163849073354e-06,2.9097421169281006,104,3,False,False,False
EXP-T132,primary,3,101,1e-05,1.0000000000000001e-07,108,756,0.4748709670134953,0.4543741047382355,2.9241912364959717,4.506815160099326e-06,2.9097421169281006,104,4,False,False,False
EXP-T132,primary,3,101,1e-05,1.0000000000000001e-07,109,763,0.47432737052440643,0.4550977945327759,2.928957462310791,4.429600493856694e-06,2.9097421169281006,104,5,False,False,False
EXP-T132,primary,3,101,1e-05,1.0000000000000001e-07,110,770,0.5703907949583871,0.4549551010131836,2.929288625717163,4.352538901908967e-06,2.9097421169281006,104,6,False,False,False
EXP-T132,primary,3,101,1e-05,1.0000000000000001e-07,111,777,0.5253116403307233,0.4524347186088562,2.91465425491333,4.275649398050858e-06,2.9097421169281006,104,7,False,False,False
EXP-T132,primary,3,101,1e-05,1.0000000000000001e-07,112,784,0.42201354540884495,0.45096439123153687,2.9070513248443604,4.198950953616922e-06,2.9070513248443604,112,0,True,False,False
EXP-T132,primary,3,101,1e-05,1.0000000000000001e-07,113,791,0.5690314301422664,0.45010994374752045,2.902653455734253,4.122462492800663e-06,2.902653455734253,113,0,True,False,False
EXP-T132,primary,3,101,1e-05,1.0000000000000001e-07,114,798,0.5396766492298671,0.4505074769258499,2.9052343368530273,4.046202887985263e-06,2.902653455734253,113,1,False,False,False
EXP-T132,primary,3,101,1e-05,1.0000000000000001e-07,115,805,0.5331199509756905,0.44961629807949066,2.900658130645752,3.970190955087116e-06,2.900658130645752,115,0,True,False,False
EXP-T132,primary,3,101,1e-05,1.0000000000000001e-07,116,812,0.4669296315738133,0.44871222972869873,2.8959078788757324,3.894445448913268e-06,2.8959078788757324,116,0,True,False,False
EXP-T132,primary,3,101,1e-05,1.0000000000000001e-07,117,819,0.42952307739428114,0.4472064971923828,2.8876452445983887,3.818985058533969e-06,2.8876452445983887,117,0,True,False,False
EXP-T132,primary,3,101,1e-05,1.0000000000000001e-07,118,826,0.46980161113398416,0.4460412561893463,2.881824493408203,3.7438284026714044e-06,2.881824493408203,118,0,True,False,False
EXP-T132,primary,3,101,1e-05,1.0000000000000001e-07,119,833,0.44907896646431517,0.4444737732410431,2.8751425743103027,3.6689940251058153e-06,2.8751425743103027,119,0,True,False,False
EXP-T132,primary,3,101,1e-05,1.0000000000000001e-07,120,840,0.4431417094809668,0.443659171462059,2.871522903442383,3.594500390100096e-06,2.871522903442383,120,0,True,False,False
EXP-T132,primary,3,101,1e-05,1.0000000000000001e-07,121,847,0.4968256524630955,0.4441671669483185,2.8733420372009277,3.5203658778440116e-06,2.871522903442383,120,1,False,False,False
EXP-T132,primary,3,101,1e-05,1.0000000000000001e-07,122,854,0.4297717660665512,0.4447132647037506,2.8751065731048584,3.4466087799191603e-06,2.871522903442383,120,2,False,False,False
EXP-T132,primary,3,101,1e-05,1.0000000000000001e-07,123,861,0.4546740379716669,0.4447690546512604,2.875577449798584,3.3732472947858077e-06,2.871522903442383,120,3,False,False,False
EXP-T132,primary,3,101,1e-05,1.0000000000000001e-07,124,868,0.5813164412975311,0.4443788379430771,2.8736913204193115,3.300299523292678e-06,2.871522903442383,120,4,False,False,False
EXP-T132,primary,3,101,1e-05,1.0000000000000001e-07,125,875,0.4360661900469235,0.44277773797512054,2.866929292678833,3.227783464210845e-06,2.866929292678833,125,0,True,False,False
EXP-T132,primary,3,101,1e-05,1.0000000000000001e-07,126,882,0.5757347558225904,0.4418564587831497,2.8630359172821045,3.155717009792807e-06,2.8630359172821045,126,0,True,False,False
EXP-T132,primary,3,101,1e-05,1.0000000000000001e-07,127,889,0.5605330424649375,0.44188156723976135,2.8628478050231934,3.0841179413578354e-06,2.8628478050231934,127,0,True,False,False
EXP-T132,primary,3,101,1e-05,1.0000000000000001e-07,128,896,0.5223732803549085,0.44268858432769775,2.8655166625976562,3.0130039249047117e-06,2.8628478050231934,127,1,False,False,False
EXP-T132,primary,3,101,1e-05,1.0000000000000001e-07,129,903,0.4924244667802538,0.4418710619211197,2.861957311630249,2.9423925067528904e-06,2.861957311630249,129,0,True,False,False
EXP-T132,primary,3,101,1e-05,1.0000000000000001e-07,130,910,0.49990417276109966,0.4407719075679779,2.857485055923462,2.87230110921322e-06,2.857485055923462,130,0,True,False,False
EXP-T132,primary,3,101,1e-05,1.0000000000000001e-07,131,917,0.505028350012643,0.44014717638492584,2.8548290729522705,2.8027470262892435e-06,2.8548290729522705,131,0,True,False,False
EXP-T132,primary,3,101,1e-05,1.0000000000000001e-07,132,924,0.4974408320018223,0.43968263268470764,2.852721691131592,2.7337474194101625e-06,2.852721691131592,132,0,True,False,False
EXP-T132,primary,3,101,1e-05,1.0000000000000001e-07,133,931,0.5092456936836243,0.4390055686235428,2.849823236465454,2.6653193131965085e-06,2.849823236465454,133,0,True,False,False
EXP-T132,primary,3,101,1e-05,1.0000000000000001e-07,134,938,0.45140816484178814,0.43790382146835327,2.8451485633850098,2.5974795912595824e-06,2.8451485633850098,134,0,True,False,False
EXP-T132,primary,3,101,1e-05,1.0000000000000001e-07,135,945,0.5250323670251029,0.43734127283096313,2.842583417892456,2.530244992035662e-06,2.842583417892456,135,0,True,False,False
EXP-T132,primary,3,101,1e-05,1.0000000000000001e-07,136,952,0.502167318548475,0.43685467541217804,2.8403141498565674,2.4636321046560533e-06,2.8403141498565674,136,0,True,False,False
EXP-T132,primary,3,101,1e-05,1.0000000000000001e-07,137,959,0.49773600697517395,0.4359312951564789,2.8361802101135254,2.3976573648539653e-06,2.8361802101135254,137,0,True,False,False
EXP-T132,primary,3,101,1e-05,1.0000000000000001e-07,138,966,0.434223330446652,0.43497566878795624,2.8319356441497803,2.332337050909247e-06,2.8319356441497803,138,0,True,False,False
EXP-T132,primary,3,101,1e-05,1.0000000000000001e-07,139,973,0.4615660911159856,0.43518196046352386,2.8328006267547607,2.267687279631953e-06,2.8319356441497803,138,1,False,False,False
EXP-T132,primary,3,101,1e-05,1.0000000000000001e-07,140,980,0.4245219001812594,0.4355265200138092,2.834031343460083,2.2037240023857708e-06,2.8319356441497803,138,2,False,False,False
EXP-T132,primary,3,101,1e-05,1.0000000000000001e-07,141,987,0.5326783614499229,0.43562473356723785,2.8342056274414062,2.1404630011522584e-06,2.8319356441497803,138,3,False,False,False
EXP-T132,primary,3,101,1e-05,1.0000000000000001e-07,142,994,0.45363264850207735,0.4357733279466629,2.8345634937286377,2.0779198846368745e-06,2.8319356441497803,138,4,False,False,False
EXP-T132,primary,3,101,1e-05,1.0000000000000001e-07,143,1001,0.48984988246645245,0.4361535906791687,2.8357386589050293,2.0161100844177658e-06,2.8319356441497803,138,5,False,False,False
EXP-T132,primary,3,101,1e-05,1.0000000000000001e-07,144,1008,0.4773529980863844,0.4356992542743683,2.8337249755859375,1.9550488511382593e-06,2.8319356441497803,138,6,False,False,False
EXP-T132,primary,3,101,1e-05,1.0000000000000001e-07,145,1015,0.476652341229575,0.4352448880672455,2.8317811489105225,1.894751250743986e-06,2.8317811489105225,145,0,True,False,False
EXP-T132,primary,3,101,1e-05,1.0000000000000001e-07,146,1022,0.4823862080063139,0.43469518423080444,2.8294341564178467,1.8352321607655916e-06,2.8294341564178467,146,0,True,False,False
EXP-T132,primary,3,101,1e-05,1.0000000000000001e-07,147,1029,0.4245019980839321,0.4342741221189499,2.827573299407959,1.7765062666479242e-06,2.827573299407959,147,0,True,False,False
EXP-T132,primary,3,101,1e-05,1.0000000000000001e-07,148,1036,0.46602408375058857,0.4343479722738266,2.8276426792144775,1.7185880581266217e-06,2.827573299407959,147,1,False,False,False
EXP-T132,primary,3,101,1e-05,1.0000000000000001e-07,149,1043,0.4915378476892199,0.4340430796146393,2.8262319564819336,1.6614918256529908e-06,2.8262319564819336,149,0,True,False,False
EXP-T132,primary,3,101,1e-05,1.0000000000000001e-07,150,1050,0.4950875129018511,0.4339374005794525,2.825624942779541,1.6052316568680442e-06,2.825624942779541,150,0,True,False,False
EXP-T132,primary,3,101,1e-05,1.0000000000000001e-07,151,1057,0.4326712521059172,0.4346870630979538,2.8291425704956055,1.5498214331265902e-06,2.825624942779541,150,1,False,False,False
EXP-T132,primary,3,101,1e-05,1.0000000000000001e-07,152,1064,0.42205967754125595,0.43507513403892517,2.831467866897583,1.495274826072216e-06,2.825624942779541,150,2,False,False,False
EXP-T132,primary,3,101,1e-05,1.0000000000000001e-07,153,1071,0.4301817608731134,0.43472038209438324,2.829627275466919,1.441605294264014e-06,2.825624942779541,150,3,False,False,False
EXP-T132,primary,3,101,1e-05,1.0000000000000001e-07,154,1078,0.5155990719795227,0.4341371953487396,2.8264870643615723,1.3888260798558817e-06,2.825624942779541,150,4,False,False,False
EXP-T132,primary,3,101,1e-05,1.0000000000000001e-07,155,1085,0.4692413806915283,0.4337436705827713,2.824502944946289,1.3369502053292252e-06,2.824502944946289,155,0,True,False,False
EXP-T132,primary,3,101,1e-05,1.0000000000000001e-07,156,1092,0.4637440187590463,0.43390053510665894,2.825608015060425,1.285990470279847e-06,2.824502944946289,155,1,False,False,False
EXP-T132,primary,3,101,1e-05,1.0000000000000001e-07,157,1099,0.44752985664776396,0.4343055933713913,2.8279755115509033,1.2359594482598438e-06,2.824502944946289,155,2,False,False,False
EXP-T132,primary,3,101,1e-05,1.0000000000000001e-07,158,1106,0.5904295870235988,0.43488137423992157,2.8311691284179688,1.1868694836752686e-06,2.824502944946289,155,3,False,False,False
EXP-T132,primary,3,101,1e-05,1.0000000000000001e-07,159,1113,0.4525414364678519,0.4352419227361679,2.833156108856201,1.1387326887403326e-06,2.824502944946289,155,4,False,False,False
EXP-T132,primary,3,101,1e-05,1.0000000000000001e-07,160,1120,0.48600949134145466,0.4349476099014282,2.831669569015503,1.0915609404889017e-06,2.824502944946289,155,5,False,False,False
EXP-T132,primary,3,101,1e-05,1.0000000000000001e-07,161,1127,0.5214496169771466,0.43481072783470154,2.831082344055176,1.0453658778440107e-06,2.824502944946289,155,6,False,False,False
EXP-T132,primary,3,101,1e-05,1.0000000000000001e-07,162,1134,0.4308927303978375,0.43411292135715485,2.8274636268615723,1.0001588987461348e-06,2.824502944946289,155,7,False,False,False
EXP-T132,primary,3,101,1e-05,1.0000000000000001e-07,163,1141,0.4644103986876352,0.4330920875072479,2.8220059871673584,9.559511573409195e-07,2.8220059871673584,163,0,True,False,False
EXP-T132,primary,3,101,1e-05,1.0000000000000001e-07,164,1148,0.48992597843919483,0.43231479823589325,2.8177573680877686,9.127535612270632e-07,2.8177573680877686,164,0,True,False,False
EXP-T132,primary,3,101,1e-05,1.0000000000000001e-07,165,1155,0.4753488621541432,0.43167930841445923,2.814549446105957,8.705767687650265e-07,2.814549446105957,165,0,True,False,False
EXP-T132,primary,3,101,1e-05,1.0000000000000001e-07,166,1162,0.47386971967560904,0.431282177567482,2.812847375869751,8.294311864472448e-07,2.812847375869751,166,0,True,False,False
EXP-T132,primary,3,101,1e-05,1.0000000000000001e-07,167,1169,0.5908539976392474,0.431299090385437,2.8127787113189697,7.893269663304784e-07,2.8127787113189697,167,0,True,False,False
EXP-T132,primary,3,101,1e-05,1.0000000000000001e-07,168,1176,0.4525999150105885,0.4309798926115036,2.811396837234497,7.50274003530953e-07,2.811396837234497,168,0,True,False,False
EXP-T132,primary,3,101,1e-05,1.0000000000000001e-07,169,1183,0.47031558624335695,0.43081100285053253,2.810616970062256,7.122819337828752e-07,2.810616970062256,169,0,True,False,False
EXP-T132,primary,3,101,1e-05,1.0000000000000001e-07,170,1190,0.4330911615065166,0.4309810400009155,2.81119704246521,6.753601310609673e-07,2.810616970062256,169,1,False,False,False
EXP-T132,primary,3,101,1e-05,1.0000000000000001e-07,171,1197,0.5124943171228681,0.43106526136398315,2.8114609718322754,6.395177052675794e-07,2.810616970062256,169,2,False,False,False
EXP-T132,primary,3,101,1e-05,1.0000000000000001e-07,172,1204,0.42129750682839323,0.4310329258441925,2.811286687850952,6.047634999849531e-07,2.810616970062256,169,3,False,False,False
EXP-T132,primary,3,101,1e-05,1.0000000000000001e-07,173,1211,0.49707710104329245,0.4308200478553772,2.810373544692993,5.711060902932043e-07,2.810373544692993,173,0,True,False,False
EXP-T132,primary,3,101,1e-05,1.0000000000000001e-07,174,1218,0.415215923051749,0.4305979907512665,2.8094165325164795,5.385537806545469e-07,2.8094165325164795,174,0,True,False,False
EXP-T132,primary,3,101,1e-05,1.0000000000000001e-07,175,1225,0.4791285736220224,0.4303106814622879,2.808199644088745,5.071146028642944e-07,2.808199644088745,175,0,True,False,False
EXP-T132,primary,3,101,1e-05,1.0000000000000001e-07,176,1232,0.5103576736790794,0.4304846227169037,2.808865785598755,4.7679631406913176e-07,2.808199644088745,175,1,False,False,False
EXP-T132,primary,3,101,1e-05,1.0000000000000001e-07,177,1239,0.4834317522389548,0.43063268065452576,2.8094167709350586,4.4760639485315585e-07,2.808199644088745,175,2,False,False,False
EXP-T132,primary,3,101,1e-05,1.0000000000000001e-07,178,1246,0.43010283580848147,0.43065232038497925,2.80955171585083,4.195520473921565e-07,2.808199644088745,175,3,False,False,False
EXP-T132,primary,3,101,1e-05,1.0000000000000001e-07,179,1253,0.518011531659535,0.4307699203491211,2.810324192047119,3.92640193676584e-07,2.808199644088745,175,4,False,False,False
EXP-T132,primary,3,101,1e-05,1.0000000000000001e-07,180,1260,0.47617595962115694,0.43069082498550415,2.809917688369751,3.668774738036508e-07,2.808199644088745,175,5,False,False,False
EXP-T132,primary,3,101,1e-05,1.0000000000000001e-07,181,1267,0.41057679429650307,0.4305943250656128,2.809432029724121,3.4227024433899004e-07,2.808199644088745,175,6,False,False,False
EXP-T132,primary,3,101,1e-05,1.0000000000000001e-07,182,1274,0.45095459691115786,0.4304471015930176,2.808607578277588,3.188245767482659e-07,2.808199644088745,175,7,False,False,False
EXP-T132,primary,3,101,1e-05,1.0000000000000001e-07,183,1281,0.4335839455681188,0.430473268032074,2.8087997436523438,2.9654625589913237e-07,2.808199644088745,175,8,False,False,False
EXP-T132,primary,3,101,1e-05,1.0000000000000001e-07,184,1288,0.44716184054102215,0.4304516762495041,2.8087122440338135,2.754407786339001e-07,2.808199644088745,175,9,False,False,False
EXP-T132,primary,3,101,1e-05,1.0000000000000001e-07,185,1295,0.47583834188325064,0.43042127788066864,2.8085756301879883,2.555133524132767e-07,2.808199644088745,175,10,False,False,False
EXP-T132,primary,3,101,1e-05,1.0000000000000001e-07,186,1302,0.5104670034987586,0.4304521530866623,2.808790445327759,2.3676889403150103e-07,2.808199644088745,175,11,False,False,False
EXP-T132,primary,3,101,1e-05,1.0000000000000001e-07,187,1309,0.5456149705818721,0.43056826293468475,2.8094944953918457,2.1921202840320077e-07,2.808199644088745,175,12,False,False,False
EXP-T132,primary,3,101,1e-05,1.0000000000000001e-07,188,1316,0.6080005594662258,0.4306362271308899,2.809915065765381,2.0284708742225901e-07,2.808199644088745,175,13,False,False,False
EXP-T132,primary,3,101,1e-05,1.0000000000000001e-07,189,1323,0.42014705017209053,0.4306629151105881,2.810102939605713,1.8767810889299085e-07,2.808199644088745,175,14,False,False,False
EXP-T132,primary,3,101,1e-05,1.0000000000000001e-07,190,1330,0.44515691910471233,0.4306776523590088,2.8102173805236816,1.7370883553386935e-07,2.808199644088745,175,15,False,False,False
EXP-T132,primary,3,101,1e-05,1.0000000000000001e-07,191,1337,0.47068714669772554,0.4306764006614685,2.8102352619171143,1.609427140540686e-07,2.808199644088745,175,16,False,False,False
EXP-T132,primary,3,101,1e-05,1.0000000000000001e-07,192,1344,0.4484696090221405,0.43070194125175476,2.8104135990142822,1.493828943030402e-07,2.808199644088745,175,17,False,False,False
EXP-T132,primary,3,101,1e-05,1.0000000000000001e-07,193,1351,0.44397118261882235,0.4307730197906494,2.810844898223877,1.3903222849333507e-07,2.808199644088745,175,18,False,False,False
EXP-T132,primary,3,101,1e-05,1.0000000000000001e-07,194,1358,0.6373858536992755,0.4307834357023239,2.810925006866455,1.2989327049686101e-07,2.808199644088745,175,19,False,False,False
EXP-T132,primary,3,101,1e-05,1.0000000000000001e-07,195,1365,0.4515929285969053,0.43074730038642883,2.8107333183288574,1.2196827521475402e-07,2.808199644088745,175,20,False,False,False
EXP-T132,primary,3,101,1e-05,1.0000000000000001e-07,196,1372,0.4532173829419272,0.43072086572647095,2.8105931282043457,1.1525919802101659e-07,2.808199644088745,175,21,False,False,False
EXP-T132,primary,3,101,1e-05,1.0000000000000001e-07,197,1379,0.44530777846063885,0.43067046999931335,2.810310125350952,1.097676942800558e-07,2.808199644088745,175,22,False,False,False
EXP-T132,primary,3,101,1e-05,1.0000000000000001e-07,198,1386,0.563549314226423,0.4306723028421402,2.810330629348755,1.0549511893824898e-07,2.808199644088745,175,23,False,False,False
EXP-T132,primary,3,101,1e-05,1.0000000000000001e-07,199,1393,0.6829284940447126,0.43064774572849274,2.8102023601531982,1.0244252618962859e-07,2.808199644088745,175,24,False,False,False
EXP-T132,primary,3,101,1e-05,1.0000000000000001e-07,200,1400,0.5589807757309505,0.43061529099941254,2.810027599334717,1.006106692157801e-07,2.808199644088745,175,25,False,False,False
EXP-T132,primary,3,101,0.0001,1.0000000000000002e-06,1,7,0.5902047327586583,0.5999491512775421,3.6229472160339355,0.0001,3.6229472160339355,1,0,True,False,False
EXP-T132,primary,3,101,0.0001,1.0000000000000002e-06,2,14,0.6206755808421544,0.515336737036705,3.178386926651001,9.99938933078422e-05,3.178386926651001,2,0,True,False,False
EXP-T132,primary,3,101,0.0001,1.0000000000000002e-06,3,21,0.5707265138626099,0.5116923749446869,3.1631112098693848,9.997557473810373e-05,3.1631112098693848,3,0,True,False,False
EXP-T132,primary,3,101,0.0001,1.0000000000000002e-06,4,28,0.6435713597706386,0.49569597840309143,3.0798165798187256,9.994504881061753e-05,3.0798165798187256,4,0,True,False,False
EXP-T132,primary,3,101,0.0001,1.0000000000000002e-06,5,35,0.6247282368796212,0.4902786314487457,3.0608465671539307,9.990232305719945e-05,3.0608465671539307,5,0,True,False,False
EXP-T132,primary,3,101,0.0001,1.0000000000000002e-06,6,42,0.5122190458433968,0.4853997826576233,3.039701223373413,9.984740801978984e-05,3.039701223373413,6,0,True,False,False
EXP-T132,primary,3,101,0.0001,1.0000000000000002e-06,7,49,0.557605654001236,0.49285081028938293,3.1001648902893066,9.978031724785247e-05,3.039701223373413,6,1,False,False,False
EXP-T132,primary,3,101,0.0001,1.0000000000000002e-06,8,56,0.6508835468973432,0.47039303183555603,2.9914615154266357,9.97010672950314e-05,2.9914615154266357,8,0,True,False,False
EXP-T132,primary,3,101,0.0001,1.0000000000000002e-06,9,63,0.5217750242778233,0.48043200373649597,3.065382480621338,9.960967771506667e-05,2.9914615154266357,8,1,False,False,False
EXP-T132,primary,3,101,0.0001,1.0000000000000002e-06,10,70,0.5445296764373779,0.44309695065021515,2.8787848949432373,9.95061710569696e-05,2.8787848949432373,10,0,True,False,False
EXP-T132,primary,3,101,0.0001,1.0000000000000002e-06,11,77,0.6712646569524493,0.43405042588710785,2.833038091659546,9.939057285945933e-05,2.833038091659546,11,0,True,False,False
EXP-T132,primary,3,101,0.0001,1.0000000000000002e-06,12,84,0.47652353984969004,0.48643696308135986,3.090285301208496,9.926291164466132e-05,2.833038091659546,11,1,False,False,False
EXP-T132,primary,3,101,0.0001,1.0000000000000002e-06,13,91,0.5183849249567304,0.4151628762483597,2.7445125579833984,9.91232189110701e-05,2.7445125579833984,13,0,True,False,False
EXP-T132,primary,3,101,0.0001,1.0000000000000002e-06,14,98,0.5370690183980125,0.4273057132959366,2.796473264694214,9.897152912577741e-05,2.7445125579833984,13,1,False,False,False
EXP-T132,primary,3,101,0.0001,1.0000000000000002e-06,15,105,0.4213268162150468,0.4022718816995621,2.654590606689453,9.8807879715968e-05,2.654590606689453,15,0,True,False,False
EXP-T132,primary,3,101,0.0001,1.0000000000000002e-06,16,112,0.604800147669656,0.42000092566013336,2.712717056274414,9.8632311059685e-05,2.654590606689453,15,1,False,False,False
EXP-T132,primary,3,101,0.0001,1.0000000000000002e-06,17,119,0.4781204802649362,0.3959854543209076,2.6033780574798584,9.844486647586725e-05,2.6033780574798584,17,0,True,False,False
EXP-T132,primary,3,101,0.0001,1.0000000000000002e-06,18,126,0.3943748729569571,0.39816997945308685,2.6049022674560547,9.824559221366101e-05,2.6033780574798584,17,1,False,False,False
EXP-T132,primary,3,101,0.0001,1.0000000000000002e-06,19,133,0.5009269799504962,0.4029119610786438,2.6290836334228516,9.803453744100869e-05,2.6033780574798584,17,2,False,False,False
EXP-T132,primary,3,101,0.0001,1.0000000000000002e-06,20,140,0.4431334627526147,0.4448317438364029,2.91040301322937,9.781175423251735e-05,2.6033780574798584,17,3,False,False,False
EXP-T132,primary,3,101,0.0001,1.0000000000000002e-06,21,147,0.39605396134512766,0.5303965657949448,3.26589298248291,9.757729755661011e-05,2.6033780574798584,17,4,False,False,False
EXP-T132,primary,3,101,0.0001,1.0000000000000002e-06,22,154,0.49214593853269306,0.42644454538822174,2.759148597717285,9.73312252619635e-05,2.6033780574798584,17,5,False,False,False
EXP-T132,primary,3,101,0.0001,1.0000000000000002e-06,23,161,0.44775863204683575,0.4182848632335663,2.7518837451934814,9.707359806323417e-05,2.6033780574798584,17,6,False,False,False
EXP-T132,primary,3,101,0.0001,1.0000000000000002e-06,24,168,0.47143310734203886,0.4565768539905548,2.864666700363159,9.680447952607845e-05,2.6033780574798584,17,7,False,False,False
EXP-T132,primary,3,101,0.0001,1.0000000000000002e-06,25,175,0.4255787006446293,0.42469558119773865,2.760833501815796,9.652393605146844e-05,2.6033780574798584,17,8,False,False,False
EXP-T132,primary,3,101,0.0001,1.0000000000000002e-06,26,182,0.3550175449677876,0.4302232563495636,2.8126931190490723,9.623203685930869e-05,2.6033780574798584,17,9,False,False,False
EXP-T132,primary,3,101,0.0001,1.0000000000000002e-06,27,189,0.34774763376585077,0.4417104721069336,2.8648502826690674,9.592885397135707e-05,2.6033780574798584,17,10,False,False,False
EXP-T132,primary,3,101,0.0001,1.0000000000000002e-06,28,196,0.32727443320410593,0.4471845477819443,2.8983280658721924,9.561446219345454e-05,2.6033780574798584,17,11,False,False,False
EXP-T132,primary,3,101,0.0001,1.0000000000000002e-06,29,203,0.35561553495270865,0.4562538117170334,2.9434006214141846,9.528893909706797e-05,2.6033780574798584,17,12,False,False,False
EXP-T132,primary,3,101,0.0001,1.0000000000000002e-06,30,210,0.3786959946155548,0.4693417102098465,2.9865487813949585,9.495236500015047e-05,2.6033780574798584,17,13,False,False,False
EXP-T132,primary,3,101,0.0001,1.0000000000000002e-06,31,217,0.4066724308899471,0.46825116872787476,2.9780616760253906,9.460482294732421e-05,2.6033780574798584,17,14,False,False,False
EXP-T132,primary,3,101,0.0001,1.0000000000000002e-06,32,224,0.3960716256073543,0.46278300881385803,2.9593915939331055,9.424639868939033e-05,2.6033780574798584,17,15,False,False,False
EXP-T132,primary,3,101,0.0001,1.0000000000000002e-06,33,231,0.3386468669133527,0.45071351528167725,2.9147247076034546,9.387718066217124e-05,2.6033780574798584,17,16,False,False,False
EXP-T132,primary,3,101,0.0001,1.0000000000000002e-06,34,238,0.33823814562388826,0.4863312542438507,3.0952036380767822,9.349725996469047e-05,2.6033780574798584,17,17,False,False,False
EXP-T132,primary,3,101,0.0001,1.0000000000000002e-06,35,245,0.492951112134116,0.45677581429481506,2.9310706853866577,9.310673033669521e-05,2.6033780574798584,17,18,False,False,False
EXP-T132,primary,3,101,0.0001,1.0000000000000002e-06,36,252,0.4703784201826368,0.493211567401886,3.1086087226867676,9.270568813552756e-05,2.6033780574798584,17,19,False,False,False
EXP-T132,primary,3,101,0.0001,1.0000000000000002e-06,37,259,0.42550402666841236,0.5091792345046997,3.222612977027893,9.229423231234974e-05,2.6033780574798584,17,20,False,False,False
EXP-T132,primary,3,101,0.0001,1.0000000000000002e-06,38,266,0.3609157076903752,0.5439147353172302,3.3437411785125732,9.187246438772939e-05,2.6033780574798584,17,21,False,False,False
EXP-T132,primary,3,101,0.0001,1.0000000000000002e-06,39,273,0.3492130679743631,0.5162254273891449,3.2274186611175537,9.14404884265908e-05,2.6033780574798584,17,22,False,False,False
EXP-T132,primary,3,101,0.0001,1.0000000000000002e-06,40,280,0.3579975515604019,0.4810183048248291,3.0481865406036377,9.099841101253866e-05,2.6033780574798584,17,23,False,False,False
EXP-T132,primary,3,101,0.0001,1.0000000000000002e-06,41,287,0.40066203262124744,0.47854769229888916,3.0306501388549805,9.05463412215599e-05,2.6033780574798584,17,24,False,False,False
EXP-T132,primary,3,101,0.0001,1.0000000000000002e-06,42,294,0.37940065562725067,0.48565347492694855,3.0577352046966553,9.0084390595111e-05,2.6033780574798584,17,25,False,False,False
EXP-T132,primary,3,101,0.0001,1.0000000000000002e-06,43,301,0.29919804419789997,0.5034363567829132,3.1577296257019043,8.961267311259666e-05,2.6033780574798584,17,26,False,False,False
EXP-T132,primary,3,101,0.0001,1.0000000000000002e-06,44,308,0.31486956775188446,0.5013900846242905,3.148120164871216,8.913130516324733e-05,2.6033780574798584,17,27,False,False,False
EXP-T132,primary,3,101,0.0001,1.0000000000000002e-06,45,315,0.3385585163320814,0.4972050189971924,3.1150078773498535,8.864040551740158e-05,2.6033780574798584,17,28,False,False,False
EXP-T132,primary,3,101,0.0001,1.0000000000000002e-06,46,322,0.2579537672655923,0.494559183716774,3.072271466255188,8.814009529720155e-05,2.6033780574798584,17,29,False,False,False
EXP-T132,primary,3,101,0.0001,1.0000000000000002e-06,47,329,0.35703955590724945,0.49988652765750885,3.132047414779663,8.763049794670775e-05,2.6033780574798584,17,30,False,True,False
EXP-T132,primary,3,101,0.001,1e-05,1,7,0.8225906320980617,0.5124436318874359,3.165872573852539,0.001,3.165872573852539,1,0,True,False,False
EXP-T132,primary,3,101,0.001,1e-05,2,14,0.6136072533471244,0.534279391169548,3.262377977371216,0.000999938933078422,3.165872573852539,1,1,False,False,False
EXP-T132,primary,3,101,0.001,1e-05,3,21,0.7609367157731738,0.48749276995658875,3.065030574798584,0.0009997557473810372,3.065030574798584,3,0,True,False,False
EXP-T132,primary,3,101,0.001,1e-05,4,28,0.6126161175114768,0.6560835838317871,3.8414037227630615,0.0009994504881061753,3.065030574798584,3,1,False,False,False
EXP-T132,primary,3,101,0.001,1e-05,5,35,0.6442500608307975,0.4430482089519501,2.878387928009033,0.0009990232305719944,2.878387928009033,5,0,True,False,False
EXP-T132,primary,3,101,0.001,1e-05,6,42,0.4924048227923257,0.4313185513019562,2.812781572341919,0.0009984740801978985,2.812781572341919,6,0,True,False,False
EXP-T132,primary,3,101,0.001,1e-05,7,49,0.546177898134504,0.5692764222621918,3.468339681625366,0.0009978031724785245,2.812781572341919,6,1,False,False,False
EXP-T132,primary,3,101,0.001,1e-05,8,56,0.6481416523456573,0.4882472902536392,3.009617805480957,0.000997010672950314,2.812781572341919,6,2,False,False,False
EXP-T132,primary,3,101,0.001,1e-05,9,63,0.432829773319619,0.41891980171203613,2.7017061710357666,0.0009960967771506667,2.7017061710357666,9,0,True,False,False
EXP-T132,primary,3,101,0.001,1e-05,10,70,0.5122463405132294,0.4453479051589966,2.9046318531036377,0.000995061710569696,2.7017061710357666,9,1,False,False,False
EXP-T132,primary,3,101,0.001,1e-05,11,77,0.5833374176706586,0.4214044362306595,2.786066770553589,0.0009939057285945933,2.7017061710357666,9,2,False,False,False
EXP-T132,primary,3,101,0.001,1e-05,12,84,0.3882021893348013,0.5880921185016632,3.5135356187820435,0.000992629116446613,2.7017061710357666,9,3,False,False,False
EXP-T132,primary,3,101,0.001,1e-05,13,91,0.43783267055238995,0.49400535225868225,3.0637927055358887,0.000991232189110701,2.7017061710357666,9,4,False,False,False
EXP-T132,primary,3,101,0.001,1e-05,14,98,0.46530500054359436,0.6883120238780975,4.002362489700317,0.0009897152912577741,2.7017061710357666,9,5,False,False,False
EXP-T132,primary,3,101,0.001,1e-05,15,105,0.4555337886725153,0.5622960925102234,3.3640732765197754,0.00098807879715968,2.7017061710357666,9,6,False,False,False
EXP-T132,primary,3,101,0.001,1e-05,16,112,0.48172961814062937,0.5471675843000412,3.3356573581695557,0.00098632311059685,2.7017061710357666,9,7,False,False,False
EXP-T132,primary,3,101,0.001,1e-05,17,119,0.3506167232990265,0.582008957862854,3.5343894958496094,0.0009844486647586723,2.7017061710357666,9,8,False,False,False
EXP-T132,primary,3,101,0.001,1e-05,18,126,0.4561939069202968,0.44827625155448914,2.9121477603912354,0.00098245592213661,2.7017061710357666,9,9,False,False,False
EXP-T132,primary,3,101,0.001,1e-05,19,133,0.32936282243047443,0.587816447019577,3.6239484548568726,0.0009803453744100868,2.7017061710357666,9,10,False,False,False
EXP-T132,primary,3,101,0.001,1e-05,20,140,0.31717577150889803,0.6421623229980469,3.820569157600403,0.0009781175423251734,2.7017061710357666,9,11,False,False,False
EXP-T132,primary,3,101,0.001,1e-05,21,147,0.3752936784710203,0.4659916013479233,2.95086407661438,0.0009757729755661011,2.7017061710357666,9,12,False,False,False
EXP-T132,primary,3,101,0.001,1e-05,22,154,0.36826711680207935,0.48601965606212616,3.117710828781128,0.0009733122526196349,2.7017061710357666,9,13,False,False,False
EXP-T132,primary,3,101,0.001,1e-05,23,161,0.4236836667571749,0.49565809965133667,3.1246554851531982,0.0009707359806323416,2.7017061710357666,9,14,False,False,False
EXP-T132,primary,3,101,0.001,1e-05,24,168,0.4238056114741734,0.5598843097686768,3.4434138536453247,0.0009680447952607845,2.7017061710357666,9,15,False,False,False
EXP-T132,primary,3,101,0.001,1e-05,25,175,0.35608259056295666,0.5428173542022705,3.3885034322738647,0.0009652393605146844,2.7017061710357666,9,16,False,False,False
EXP-T132,primary,3,101,0.001,1e-05,26,182,0.32366880242313656,0.6903414130210876,4.039782762527466,0.000962320368593087,2.7017061710357666,9,17,False,False,False
EXP-T132,primary,3,101,0.001,1e-05,27,189,0.3919817933014461,0.5072699040174484,3.129190683364868,0.0009592885397135706,2.7017061710357666,9,18,False,False,False
EXP-T132,primary,3,101,0.001,1e-05,28,196,0.3015482852767621,0.5039700865745544,3.0284082889556885,0.0009561446219345453,2.7017061710357666,9,19,False,False,False
EXP-T132,primary,3,101,0.001,1e-05,29,203,0.2951751585517611,0.610061913728714,3.700893521308899,0.0009528893909706797,2.7017061710357666,9,20,False,False,False
EXP-T132,primary,3,101,0.001,1e-05,30,210,0.2697291799954006,0.4517362266778946,2.8449275493621826,0.0009495236500015047,2.7017061710357666,9,21,False,False,False
EXP-T132,primary,3,101,0.001,1e-05,31,217,0.29437881282397677,0.4757423549890518,3.02024507522583,0.0009460482294732421,2.7017061710357666,9,22,False,False,False
EXP-T132,primary,3,101,0.001,1e-05,32,224,0.2673061979668481,0.4765724241733551,3.0688066482543945,0.0009424639868939033,2.7017061710357666,9,23,False,False,False
EXP-T132,primary,3,101,0.001,1e-05,33,231,0.22885650609220778,0.5308007895946503,3.2880449295043945,0.0009387718066217125,2.7017061710357666,9,24,False,False,False
EXP-T132,primary,3,101,0.001,1e-05,34,238,0.21431344960417067,0.5086257755756378,3.2069060802459717,0.0009349725996469047,2.7017061710357666,9,25,False,False,False
EXP-T132,primary,3,101,0.001,1e-05,35,245,0.278797875557627,0.5829561054706573,3.46699595451355,0.0009310673033669522,2.7017061710357666,9,26,False,False,False
EXP-T132,primary,3,101,0.001,1e-05,36,252,0.516352538551603,0.5256419777870178,3.2850987911224365,0.0009270568813552756,2.7017061710357666,9,27,False,False,False
EXP-T132,primary,3,101,0.001,1e-05,37,259,0.29152642616203855,0.5657846033573151,3.4660319089889526,0.0009229423231234975,2.7017061710357666,9,28,False,False,False
EXP-T132,primary,3,101,0.001,1e-05,38,266,0.19196706690958568,0.5583259016275406,3.4383450746536255,0.0009187246438772938,2.7017061710357666,9,29,False,False,False
EXP-T132,primary,3,101,0.001,1e-05,39,273,0.19517327632222856,0.5596295893192291,3.4389681816101074,0.0009144048842659081,2.7017061710357666,9,30,False,True,False
EXP-T132,primary,3,101,0.01,0.0001,1,7,12.857330901282173,1.7940248250961304,9.012375712394714,0.01,9.012375712394714,1,0,True,False,False
EXP-T132,primary,3,101,0.01,0.0001,2,14,11.28440911429269,1.3987762331962585,7.262888431549072,0.00999938933078422,7.262888431549072,2,0,True,False,False
EXP-T132,primary,3,101,0.01,0.0001,3,21,2.1765561188970293,0.5228009223937988,3.209845781326294,0.009997557473810372,3.209845781326294,3,0,True,False,False
EXP-T132,primary,3,101,0.01,0.0001,4,28,0.672725681747709,0.5245264619588852,3.225527763366699,0.009994504881061753,3.209845781326294,3,1,False,False,False
EXP-T132,primary,3,101,0.01,0.0001,5,35,0.6240535591329847,0.5265392661094666,3.2323970794677734,0.009990232305719944,3.209845781326294,3,2,False,False,False
EXP-T132,primary,3,101,0.01,0.0001,6,42,0.5472827766622815,0.5284739881753922,3.2410707473754883,0.009984740801978984,3.209845781326294,3,3,False,False,False
EXP-T132,primary,3,101,0.01,0.0001,7,49,0.5798977656023843,0.5303384959697723,3.2499589920043945,0.009978031724785246,3.209845781326294,3,4,False,False,False
EXP-T132,primary,3,101,0.01,0.0001,8,56,0.6886081099510193,0.530857503414154,3.252256393432617,0.00997010672950314,3.209845781326294,3,5,False,False,False
EXP-T132,primary,3,101,0.01,0.0001,9,63,0.5445103858198438,0.5337704420089722,3.2640867233276367,0.009960967771506667,3.209845781326294,3,6,False,False,False
EXP-T132,primary,3,101,0.01,0.0001,10,70,0.6196109822818211,0.5363412797451019,3.2733774185180664,0.00995061710569696,3.209845781326294,3,7,False,False,False
EXP-T132,primary,3,101,0.01,0.0001,11,77,0.7717618601662772,0.5342612713575363,3.265932083129883,0.009939057285945933,3.209845781326294,3,8,False,False,False
EXP-T132,primary,3,101,0.01,0.0001,12,84,3.970489203929901,1.2781529426574707,6.728792428970337,0.00992629116446613,3.209845781326294,3,9,False,False,False
EXP-T132,primary,3,101,0.01,0.0001,13,91,4.491243004798889,0.5300081670284271,3.248459815979004,0.00991232189110701,3.209845781326294,3,10,False,False,False
EXP-T132,primary,3,101,0.01,0.0001,14,98,1.2228345956121172,0.6008434891700745,3.566368579864502,0.00989715291257774,3.209845781326294,3,11,False,False,False
EXP-T132,primary,3,101,0.01,0.0001,15,105,0.6013473442622593,0.5311339944601059,3.253453254699707,0.0098807879715968,3.209845781326294,3,12,False,False,False
EXP-T132,primary,3,101,0.01,0.0001,16,112,0.7611044219561985,0.53087018430233,3.2523117065429688,0.0098632311059685,3.209845781326294,3,13,False,False,False
EXP-T132,primary,3,101,0.01,0.0001,17,119,0.5928844894681659,0.5289347171783447,3.24337100982666,0.009844486647586723,3.209845781326294,3,14,False,False,False
EXP-T132,primary,3,101,0.01,0.0001,18,126,0.5045652942998069,0.5282418578863144,3.2398815155029297,0.0098245592213661,3.209845781326294,3,15,False,False,False
EXP-T132,primary,3,101,0.01,0.0001,19,133,0.6470555492809841,0.5271817892789841,3.2342681884765625,0.009803453744100868,3.209845781326294,3,16,False,False,False
EXP-T132,primary,3,101,0.01,0.0001,20,140,0.5744485429355076,0.5258147418498993,3.2301292419433594,0.009781175423251734,3.209845781326294,3,17,False,False,False
EXP-T132,primary,3,101,0.01,0.0001,21,147,0.5459133599485669,0.5257672816514969,3.229973793029785,0.009757729755661011,3.209845781326294,3,18,False,False,False
EXP-T132,primary,3,101,0.01,0.0001,22,154,0.5729545312268394,0.5275059640407562,3.2359657287597656,0.009733122526196349,3.209845781326294,3,19,False,False,False
EXP-T132,primary,3,101,0.01,0.0001,23,161,0.6147443396704537,0.5291790515184402,3.244561195373535,0.009707359806323416,3.209845781326294,3,20,False,False,False
EXP-T132,primary,3,101,0.01,0.0001,24,168,0.6235525437763759,0.528988778591156,3.243636131286621,0.009680447952607845,3.209845781326294,3,21,False,False,False
EXP-T132,primary,3,101,0.01,0.0001,25,175,0.6217493627752576,0.527180939912796,3.2342658042907715,0.009652393605146845,3.209845781326294,3,22,False,False,False
EXP-T132,primary,3,101,0.01,0.0001,26,182,0.5255164482763836,0.5259096771478653,3.2304372787475586,0.00962320368593087,3.209845781326294,3,23,False,False,False
EXP-T132,primary,3,101,0.01,0.0001,27,189,0.5015687325171062,0.5247899889945984,3.22654390335083,0.009592885397135707,3.209845781326294,3,24,False,False,False
EXP-T132,primary,3,101,0.01,0.0001,28,196,0.502927980784859,0.5241253077983856,3.223883628845215,0.009561446219345454,3.209845781326294,3,25,False,False,False
EXP-T132,primary,3,101,0.01,0.0001,29,203,0.578953721693584,0.5245188474655151,3.2254977226257324,0.009528893909706798,3.209845781326294,3,26,False,False,False
EXP-T132,primary,3,101,0.01,0.0001,30,210,0.5384881751877921,0.5249312371015549,3.2270708084106445,0.009495236500015047,3.209845781326294,3,27,False,False,False
EXP-T132,primary,3,101,0.01,0.0001,31,217,0.5755185953208378,0.5255041122436523,3.229095458984375,0.00946048229473242,3.209845781326294,3,28,False,False,False
EXP-T132,primary,3,101,0.01,0.0001,32,224,0.4986248202621937,0.52578204870224,3.230022430419922,0.009424639868939034,3.209845781326294,3,29,False,False,False
EXP-T132,primary,3,101,0.01,0.0001,33,231,0.4981061449008329,0.526590570807457,3.232550621032715,0.009387718066217124,3.209845781326294,3,30,False,True,False
EXP-T132,primary,4,101,1e-05,1.0000000000000001e-07,1,7,0.5810957423278263,0.5138834118843079,3.3644745349884033,1e-05,3.3644745349884033,1,0,True,False,False
EXP-T132,primary,4,101,1e-05,1.0000000000000001e-07,2,14,0.5515908854348319,0.5096521079540253,3.361661195755005,9.99938933078422e-06,3.361661195755005,2,0,True,False,False
EXP-T132,primary,4,101,1e-05,1.0000000000000001e-07,3,21,0.5712170792477471,0.5087409913539886,3.3720364570617676,9.997557473810373e-06,3.361661195755005,2,1,False,False,False
EXP-T132,primary,4,101,1e-05,1.0000000000000001e-07,4,28,0.5343889040606362,0.5092801749706268,3.3955700397491455,9.994504881061752e-06,3.361661195755005,2,2,False,False,False
EXP-T132,primary,4,101,1e-05,1.0000000000000001e-07,5,35,0.5142094961234501,0.5104009509086609,3.421419382095337,9.990232305719944e-06,3.361661195755005,2,3,False,False,False
EXP-T132,primary,4,101,1e-05,1.0000000000000001e-07,6,42,0.49403948709368706,0.5102975070476532,3.4215807914733887,9.984740801978984e-06,3.361661195755005,2,4,False,False,False
EXP-T132,primary,4,101,1e-05,1.0000000000000001e-07,7,49,0.5075881012848446,0.5110464096069336,3.4345929622650146,9.978031724785247e-06,3.361661195755005,2,5,False,False,False
EXP-T132,primary,4,101,1e-05,1.0000000000000001e-07,8,56,0.5687577724456787,0.5125590562820435,3.4542765617370605,9.97010672950314e-06,3.361661195755005,2,6,False,False,False
EXP-T132,primary,4,101,1e-05,1.0000000000000001e-07,9,63,0.6714640217167991,0.5145745277404785,3.4741244316101074,9.960967771506666e-06,3.361661195755005,2,7,False,False,False
EXP-T132,primary,4,101,1e-05,1.0000000000000001e-07,10,70,0.49077817850879263,0.5140285938978195,3.469942569732666,9.950617105696961e-06,3.361661195755005,2,8,False,False,False
EXP-T132,primary,4,101,1e-05,1.0000000000000001e-07,11,77,0.5340556566204343,0.5154555588960648,3.4827046394348145,9.939057285945933e-06,3.361661195755005,2,9,False,False,False
EXP-T132,primary,4,101,1e-05,1.0000000000000001e-07,12,84,0.6223998665809631,0.5127105116844177,3.459709405899048,9.926291164466131e-06,3.361661195755005,2,10,False,False,False
EXP-T132,primary,4,101,1e-05,1.0000000000000001e-07,13,91,0.5837999539715903,0.5103191137313843,3.4356298446655273,9.91232189110701e-06,3.361661195755005,2,11,False,False,False
EXP-T132,primary,4,101,1e-05,1.0000000000000001e-07,14,98,0.5238244363239833,0.5091592967510223,3.4218828678131104,9.897152912577742e-06,3.361661195755005,2,12,False,False,False
EXP-T132,primary,4,101,1e-05,1.0000000000000001e-07,15,105,0.5394557842186519,0.5090145915746689,3.420159339904785,9.8807879715968e-06,3.361661195755005,2,13,False,False,False
EXP-T132,primary,4,101,1e-05,1.0000000000000001e-07,16,112,0.5108657436711448,0.5079308748245239,3.4028987884521484,9.8632311059685e-06,3.361661195755005,2,14,False,False,False
EXP-T132,primary,4,101,1e-05,1.0000000000000001e-07,17,119,0.5271216247762952,0.5071879774332047,3.3905258178710938,9.844486647586724e-06,3.361661195755005,2,15,False,False,False
EXP-T132,primary,4,101,1e-05,1.0000000000000001e-07,18,126,0.5308166529451098,0.506769135594368,3.383094072341919,9.824559221366101e-06,3.361661195755005,2,16,False,False,False
EXP-T132,primary,4,101,1e-05,1.0000000000000001e-07,19,133,0.5253356993198395,0.5076378583908081,3.405311107635498,9.803453744100868e-06,3.361661195755005,2,17,False,False,False
EXP-T132,primary,4,101,1e-05,1.0000000000000001e-07,20,140,0.4685296613190855,0.506969228386879,3.395371437072754,9.781175423251734e-06,3.361661195755005,2,18,False,False,False
EXP-T132,primary,4,101,1e-05,1.0000000000000001e-07,21,147,0.6743856072425842,0.5067076981067657,3.3930442333221436,9.757729755661012e-06,3.361661195755005,2,19,False,False,False
EXP-T132,primary,4,101,1e-05,1.0000000000000001e-07,22,154,0.5479948052338192,0.5064221769571304,3.388605833053589,9.73312252619635e-06,3.361661195755005,2,20,False,False,False
EXP-T132,primary,4,101,1e-05,1.0000000000000001e-07,23,161,0.513423523732594,0.5079537779092789,3.4160656929016113,9.707359806323418e-06,3.361661195755005,2,21,False,False,False
EXP-T132,primary,4,101,1e-05,1.0000000000000001e-07,24,168,0.48899568404470173,0.5100959241390228,3.4421260356903076,9.680447952607845e-06,3.361661195755005,2,22,False,False,False
EXP-T132,primary,4,101,1e-05,1.0000000000000001e-07,25,175,0.5225474280970437,0.5113441944122314,3.454587697982788,9.652393605146845e-06,3.361661195755005,2,23,False,False,False
EXP-T132,primary,4,101,1e-05,1.0000000000000001e-07,26,182,0.5807721998010363,0.5139046609401703,3.4761407375335693,9.62320368593087e-06,3.361661195755005,2,24,False,False,False
EXP-T132,primary,4,101,1e-05,1.0000000000000001e-07,27,189,0.572343008858817,0.5130118578672409,3.4695281982421875,9.592885397135707e-06,3.361661195755005,2,25,False,False,False
EXP-T132,primary,4,101,1e-05,1.0000000000000001e-07,28,196,0.551097857100623,0.5122408121824265,3.463637351989746,9.561446219345455e-06,3.361661195755005,2,26,False,False,False
EXP-T132,primary,4,101,1e-05,1.0000000000000001e-07,29,203,0.5572106157030378,0.5100628435611725,3.444068670272827,9.528893909706798e-06,3.361661195755005,2,27,False,False,False
EXP-T132,primary,4,101,1e-05,1.0000000000000001e-07,30,210,0.5607254718031202,0.5072439163923264,3.4120638370513916,9.495236500015048e-06,3.361661195755005,2,28,False,False,False
EXP-T132,primary,4,101,1e-05,1.0000000000000001e-07,31,217,0.49984551114695414,0.506370946764946,3.4017202854156494,9.460482294732422e-06,3.361661195755005,2,29,False,False,False
EXP-T132,primary,4,101,1e-05,1.0000000000000001e-07,32,224,0.6415874191692897,0.5059487521648407,3.3977601528167725,9.424639868939035e-06,3.361661195755005,2,30,False,True,False
EXP-T132,primary,4,101,0.0001,1.0000000000000002e-06,1,7,0.6028586838926587,0.5175586342811584,3.497636318206787,0.0001,3.497636318206787,1,0,True,False,False
EXP-T132,primary,4,101,0.0001,1.0000000000000002e-06,2,14,0.5094983322279794,0.5113311111927032,3.3511126041412354,9.99938933078422e-05,3.3511126041412354,2,0,True,False,False
EXP-T132,primary,4,101,0.0001,1.0000000000000002e-06,3,21,0.54411067707198,0.5119329690933228,3.463111639022827,9.997557473810373e-05,3.3511126041412354,2,1,False,False,False
EXP-T132,primary,4,101,0.0001,1.0000000000000002e-06,4,28,0.5582403370312282,0.5261361747980118,3.543029546737671,9.994504881061753e-05,3.3511126041412354,2,2,False,False,False
EXP-T132,primary,4,101,0.0001,1.0000000000000002e-06,5,35,0.49161657265254427,0.5024652481079102,3.349745512008667,9.990232305719945e-05,3.349745512008667,5,0,True,False,False
EXP-T132,primary,4,101,0.0001,1.0000000000000002e-06,6,42,0.46012665065271513,0.5017699152231216,3.3554489612579346,9.984740801978984e-05,3.349745512008667,5,1,False,False,False
EXP-T132,primary,4,101,0.0001,1.0000000000000002e-06,7,49,0.5274918930871146,0.5253044068813324,3.5297396183013916,9.978031724785247e-05,3.349745512008667,5,2,False,False,False
EXP-T132,primary,4,101,0.0001,1.0000000000000002e-06,8,56,0.4949631520680019,0.49777352809906006,3.3638570308685303,9.97010672950314e-05,3.349745512008667,5,3,False,False,False
EXP-T132,primary,4,101,0.0001,1.0000000000000002e-06,9,63,0.5484839379787445,0.49991177022457123,3.40230131149292,9.960967771506667e-05,3.349745512008667,5,4,False,False,False
EXP-T132,primary,4,101,0.0001,1.0000000000000002e-06,10,70,0.41852038513336864,0.4943862557411194,3.371265172958374,9.95061710569696e-05,3.349745512008667,5,5,False,False,False
EXP-T132,primary,4,101,0.0001,1.0000000000000002e-06,11,77,0.5094125888177327,0.5360757410526276,3.5352814197540283,9.939057285945933e-05,3.349745512008667,5,6,False,False,False
EXP-T132,primary,4,101,0.0001,1.0000000000000002e-06,12,84,0.5690928953034537,0.4869033694267273,3.2869598865509033,9.926291164466132e-05,3.2869598865509033,12,0,True,False,False
EXP-T132,primary,4,101,0.0001,1.0000000000000002e-06,13,91,0.5166679663317544,0.5031556189060211,3.422703266143799,9.91232189110701e-05,3.2869598865509033,12,1,False,False,False
EXP-T132,primary,4,101,0.0001,1.0000000000000002e-06,14,98,0.46949764021805357,0.4824493080377579,3.2930500507354736,9.897152912577741e-05,3.2869598865509033,12,2,False,False,False
EXP-T132,primary,4,101,0.0001,1.0000000000000002e-06,15,105,0.40933056069271906,0.5137401819229126,3.4712581634521484,9.8807879715968e-05,3.2869598865509033,12,3,False,False,False
EXP-T132,primary,4,101,0.0001,1.0000000000000002e-06,16,112,0.4133897679192679,0.4995260238647461,3.3990325927734375,9.8632311059685e-05,3.2869598865509033,12,4,False,False,False
EXP-T132,primary,4,101,0.0001,1.0000000000000002e-06,17,119,0.38882223250610487,0.4840167760848999,3.304311513900757,9.844486647586725e-05,3.2869598865509033,12,5,False,False,False
EXP-T132,primary,4,101,0.0001,1.0000000000000002e-06,18,126,0.35764474315302713,0.535610243678093,3.547288417816162,9.824559221366101e-05,3.2869598865509033,12,6,False,False,False
EXP-T132,primary,4,101,0.0001,1.0000000000000002e-06,19,133,0.39337789373738424,0.4746526777744293,3.194795846939087,9.803453744100869e-05,3.194795846939087,19,0,True,False,False
EXP-T132,primary,4,101,0.0001,1.0000000000000002e-06,20,140,0.41335938232285635,0.536693274974823,3.541914701461792,9.781175423251735e-05,3.194795846939087,19,1,False,False,False
EXP-T132,primary,4,101,0.0001,1.0000000000000002e-06,21,147,0.4693246866975512,0.4760243594646454,3.242065668106079,9.757729755661011e-05,3.194795846939087,19,2,False,False,False
EXP-T132,primary,4,101,0.0001,1.0000000000000002e-06,22,154,0.34894456395081114,0.6419546902179718,4.067835092544556,9.73312252619635e-05,3.194795846939087,19,3,False,False,False
EXP-T132,primary,4,101,0.0001,1.0000000000000002e-06,23,161,0.4601407455546515,0.5051267743110657,3.3732070922851562,9.707359806323417e-05,3.194795846939087,19,4,False,False,False
EXP-T132,primary,4,101,0.0001,1.0000000000000002e-06,24,168,0.4526315076010568,0.469432532787323,3.1670145988464355,9.680447952607845e-05,3.1670145988464355,24,0,True,False,False
EXP-T132,primary,4,101,0.0001,1.0000000000000002e-06,25,175,0.345246006335531,0.5540885925292969,3.643672466278076,9.652393605146844e-05,3.1670145988464355,24,1,False,False,False
EXP-T132,primary,4,101,0.0001,1.0000000000000002e-06,26,182,0.3937408413205828,0.46762406826019287,3.1630470752716064,9.623203685930869e-05,3.1630470752716064,26,0,True,False,False
EXP-T132,primary,4,101,0.0001,1.0000000000000002e-06,27,189,0.4356850641114371,0.5904023349285126,3.840456008911133,9.592885397135707e-05,3.1630470752716064,26,1,False,False,False
EXP-T132,primary,4,101,0.0001,1.0000000000000002e-06,28,196,0.3828701823949814,0.46894487738609314,3.166743278503418,9.561446219345454e-05,3.1630470752716064,26,2,False,False,False
EXP-T132,primary,4,101,0.0001,1.0000000000000002e-06,29,203,0.4363502434321812,0.5273096412420273,3.4981744289398193,9.528893909706797e-05,3.1630470752716064,26,3,False,False,False
EXP-T132,primary,4,101,0.0001,1.0000000000000002e-06,30,210,0.3537101468869618,0.4689425528049469,3.149237632751465,9.495236500015047e-05,3.149237632751465,30,0,True,False,False
EXP-T132,primary,4,101,0.0001,1.0000000000000002e-06,31,217,0.30878972368580954,0.5368940830230713,3.559032440185547,9.460482294732421e-05,3.149237632751465,30,1,False,False,False
EXP-T132,primary,4,101,0.0001,1.0000000000000002e-06,32,224,0.41549108709607807,0.4724983274936676,3.1757256984710693,9.424639868939033e-05,3.149237632751465,30,2,False,False,False
EXP-T132,primary,4,101,0.0001,1.0000000000000002e-06,33,231,0.32808793016842436,0.5425784438848495,3.598701000213623,9.387718066217124e-05,3.149237632751465,30,3,False,False,False
EXP-T132,primary,4,101,0.0001,1.0000000000000002e-06,34,238,0.35290361302239553,0.4671373963356018,3.111415386199951,9.349725996469047e-05,3.111415386199951,34,0,True,False,False
EXP-T132,primary,4,101,0.0001,1.0000000000000002e-06,35,245,0.3080075340611594,0.4935361444950104,3.2738144397735596,9.310673033669521e-05,3.111415386199951,34,1,False,False,False
EXP-T132,primary,4,101,0.0001,1.0000000000000002e-06,36,252,0.37558671619210926,0.496877521276474,3.2991366386413574,9.270568813552756e-05,3.111415386199951,34,2,False,False,False
EXP-T132,primary,4,101,0.0001,1.0000000000000002e-06,37,259,0.3319407286388533,0.4915393888950348,3.259502649307251,9.229423231234974e-05,3.111415386199951,34,3,False,False,False
EXP-T132,primary,4,101,0.0001,1.0000000000000002e-06,38,266,0.30277157368670615,0.4920003414154053,3.244365930557251,9.187246438772939e-05,3.111415386199951,34,4,False,False,False
EXP-T132,primary,4,101,0.0001,1.0000000000000002e-06,39,273,0.38298988342285156,0.472746804356575,3.127559185028076,9.14404884265908e-05,3.111415386199951,34,5,False,False,False
EXP-T132,primary,4,101,0.0001,1.0000000000000002e-06,40,280,0.295358949473926,0.5604104697704315,3.68871808052063,9.099841101253866e-05,3.111415386199951,34,6,False,False,False
EXP-T132,primary,4,101,0.0001,1.0000000000000002e-06,41,287,0.3542570173740387,0.46372008323669434,3.1184027194976807,9.05463412215599e-05,3.111415386199951,34,7,False,False,False
EXP-T132,primary,4,101,0.0001,1.0000000000000002e-06,42,294,0.30244109673159464,0.5909096300601959,3.8305230140686035,9.0084390595111e-05,3.111415386199951,34,8,False,False,False
EXP-T132,primary,4,101,0.0001,1.0000000000000002e-06,43,301,0.4060003672327314,0.4582166373729706,3.087354898452759,8.961267311259666e-05,3.087354898452759,43,0,True,False,False
EXP-T132,primary,4,101,0.0001,1.0000000000000002e-06,44,308,0.3054468653031758,0.4842095822095871,3.21938419342041,8.913130516324733e-05,3.087354898452759,43,1,False,False,False
EXP-T132,primary,4,101,0.0001,1.0000000000000002e-06,45,315,0.3027409698281969,0.4879046380519867,3.2316317558288574,8.864040551740158e-05,3.087354898452759,43,2,False,False,False
EXP-T132,primary,4,101,0.0001,1.0000000000000002e-06,46,322,0.278862011219774,0.5129479765892029,3.353938341140747,8.814009529720155e-05,3.087354898452759,43,3,False,False,False
EXP-T132,primary,4,101,0.0001,1.0000000000000002e-06,47,329,0.2825164773634502,0.4697093516588211,3.161881685256958,8.763049794670775e-05,3.087354898452759,43,4,False,False,False
EXP-T132,primary,4,101,0.0001,1.0000000000000002e-06,48,336,0.34217509414468494,0.49468857049942017,3.25459623336792,8.711173920144117e-05,3.087354898452759,43,5,False,False,False
EXP-T132,primary,4,101,0.0001,1.0000000000000002e-06,49,343,0.2866873805012022,0.47472628951072693,3.147592544555664,8.658394705735987e-05,3.087354898452759,43,6,False,False,False
EXP-T132,primary,4,101,0.0001,1.0000000000000002e-06,50,350,0.2429640484707696,0.4673541784286499,3.101747512817383,8.604725173927785e-05,3.087354898452759,43,7,False,False,False
EXP-T132,primary,4,101,0.0001,1.0000000000000002e-06,51,357,0.3677257640021188,0.5199660658836365,3.4158530235290527,8.55017856687341e-05,3.087354898452759,43,8,False,False,False
EXP-T132,primary,4,101,0.0001,1.0000000000000002e-06,52,364,0.26542170877967564,0.46369118988513947,3.1462924480438232,8.494768343131955e-05,3.087354898452759,43,9,False,False,False
EXP-T132,primary,4,101,0.0001,1.0000000000000002e-06,53,371,0.32370937296322416,0.5278346687555313,3.487788438796997,8.438508174347009e-05,3.087354898452759,43,10,False,False,False
EXP-T132,primary,4,101,0.0001,1.0000000000000002e-06,54,378,0.32057697006634306,0.46576374769210815,3.1493074893951416,8.381411941873378e-05,3.087354898452759,43,11,False,False,False
EXP-T132,primary,4,101,0.0001,1.0000000000000002e-06,55,385,0.24263484563146318,0.5170692354440689,3.392315149307251,8.323493733352077e-05,3.087354898452759,43,12,False,False,False
EXP-T132,primary,4,101,0.0001,1.0000000000000002e-06,56,392,0.3666475074631827,0.46548783779144287,3.146518588066101,8.26476783923441e-05,3.087354898452759,43,13,False,False,False
EXP-T132,primary,4,101,0.0001,1.0000000000000002e-06,57,399,0.2893411708729608,0.47824500501155853,3.138993740081787,8.205248749256015e-05,3.087354898452759,43,14,False,False,False
EXP-T132,primary,4,101,0.0001,1.0000000000000002e-06,58,406,0.2493277011173112,0.49001719057559967,3.1971302032470703,8.144951148861742e-05,3.087354898452759,43,15,False,False,False
EXP-T132,primary,4,101,0.0001,1.0000000000000002e-06,59,413,0.235636011830398,0.515879675745964,3.3430726528167725,8.083889915582235e-05,3.087354898452759,43,16,False,False,False
EXP-T132,primary,4,101,0.0001,1.0000000000000002e-06,60,420,0.2819940224289894,0.4905756115913391,3.3155330419540405,8.022080115363127e-05,3.087354898452759,43,17,False,False,False
EXP-T132,primary,4,101,0.0001,1.0000000000000002e-06,61,427,0.3380689493247441,0.5655548274517059,3.7080254554748535,7.959536998847744e-05,3.087354898452759,43,18,False,False,False
EXP-T132,primary,4,101,0.0001,1.0000000000000002e-06,62,434,0.266020587512425,0.4724554866552353,3.2186278104782104,7.89627599761423e-05,3.087354898452759,43,19,False,False,False
EXP-T132,primary,4,101,0.0001,1.0000000000000002e-06,63,441,0.2773316183260509,0.5753214359283447,3.7733161449432373,7.832312720368048e-05,3.087354898452759,43,20,False,False,False
EXP-T132,primary,4,101,0.0001,1.0000000000000002e-06,64,448,0.26678830065897535,0.45847201347351074,3.1373742818832397,7.767662949090753e-05,3.087354898452759,43,21,False,False,False
EXP-T132,primary,4,101,0.0001,1.0000000000000002e-06,65,455,0.20850965114576475,0.5515968501567841,3.6348719596862793,7.702342635146033e-05,3.087354898452759,43,22,False,False,False
EXP-T132,primary,4,101,0.0001,1.0000000000000002e-06,66,462,0.19079145050740667,0.47216881811618805,3.209610104560852,7.636367895343946e-05,3.087354898452759,43,23,False,False,False
EXP-T132,primary,4,101,0.0001,1.0000000000000002e-06,67,469,0.20075444185308047,0.6277317106723785,4.011757850646973,7.569755007964338e-05,3.087354898452759,43,24,False,False,False
EXP-T132,primary,4,101,0.0001,1.0000000000000002e-06,68,476,0.21997175897870744,0.49502523243427277,3.367204427719116,7.502520408740418e-05,3.087354898452759,43,25,False,False,False
EXP-T132,primary,4,101,0.0001,1.0000000000000002e-06,69,483,0.19391846656799316,0.6007771790027618,3.8804612159729004,7.43468068680349e-05,3.087354898452759,43,26,False,False,False
EXP-T132,primary,4,101,0.0001,1.0000000000000002e-06,70,490,0.27068216992276056,0.48305854201316833,3.226890802383423,7.366252580589839e-05,3.087354898452759,43,27,False,False,False
EXP-T132,primary,4,101,0.0001,1.0000000000000002e-06,71,497,0.18771619296499661,0.5011759102344513,3.3238937854766846,7.297252973710757e-05,3.087354898452759,43,28,False,False,False
EXP-T132,primary,4,101,0.0001,1.0000000000000002e-06,72,504,0.26303105375596453,0.48281772434711456,3.2281250953674316,7.22769889078678e-05,3.087354898452759,43,29,False,False,False
EXP-T132,primary,4,101,0.0001,1.0000000000000002e-06,73,511,0.2066470363310405,0.48830530047416687,3.2798125743865967,7.15760749324711e-05,3.087354898452759,43,30,False,True,False
EXP-T132,primary,4,101,0.001,1e-05,1,7,0.8643515961510795,0.526118665933609,3.395914316177368,0.001,3.395914316177368,1,0,True,False,False
EXP-T132,primary,4,101,0.001,1e-05,2,14,0.5567435622215271,0.5846374332904816,3.722226142883301,0.000999938933078422,3.395914316177368,1,1,False,False,False
EXP-T132,primary,4,101,0.001,1e-05,3,21,0.6132555944578988,0.5461298227310181,3.5286381244659424,0.0009997557473810372,3.395914316177368,1,2,False,False,False
EXP-T132,primary,4,101,0.001,1e-05,4,28,0.4916129325117384,0.5383394360542297,3.534092903137207,0.0009994504881061753,3.395914316177368,1,3,False,False,False
EXP-T132,primary,4,101,0.001,1e-05,5,35,0.4713728278875351,0.5578106641769409,3.6560206413269043,0.0009990232305719944,3.395914316177368,1,4,False,False,False
EXP-T132,primary,4,101,0.001,1e-05,6,42,0.5821243098803929,0.9142696857452393,5.359941482543945,0.0009984740801978985,3.395914316177368,1,5,False,False,False
EXP-T132,primary,4,101,0.001,1e-05,7,49,0.5902756984744754,0.553045392036438,3.5956032276153564,0.0009978031724785245,3.395914316177368,1,6,False,False,False
EXP-T132,primary,4,101,0.001,1e-05,8,56,0.42538677368845257,0.5875712186098099,3.7652695178985596,0.000997010672950314,3.395914316177368,1,7,False,False,False
EXP-T132,primary,4,101,0.001,1e-05,9,63,0.5933312901428768,0.4858497083187103,3.2604849338531494,0.0009960967771506667,3.2604849338531494,9,0,True,False,False
EXP-T132,primary,4,101,0.001,1e-05,10,70,0.5427104575293404,0.6552189886569977,4.118419170379639,0.000995061710569696,3.2604849338531494,9,1,False,False,False
EXP-T132,primary,4,101,0.001,1e-05,11,77,0.4494171930210931,0.4931272268295288,3.3087282180786133,0.0009939057285945933,3.2604849338531494,9,2,False,False,False
EXP-T132,primary,4,101,0.001,1e-05,12,84,0.4358569106885365,0.6047533750534058,3.774092197418213,0.000992629116446613,3.2604849338531494,9,3,False,False,False
EXP-T132,primary,4,101,0.001,1e-05,13,91,0.4388502367905208,0.5192293524742126,3.398606061935425,0.000991232189110701,3.2604849338531494,9,4,False,False,False
EXP-T132,primary,4,101,0.001,1e-05,14,98,0.3556721253054483,0.7790358662605286,4.718513250350952,0.0009897152912577741,3.2604849338531494,9,5,False,False,False
EXP-T132,primary,4,101,0.001,1e-05,15,105,0.3509936769093786,0.5410866439342499,3.530787706375122,0.00098807879715968,3.2604849338531494,9,6,False,False,False
EXP-T132,primary,4,101,0.001,1e-05,16,112,0.380687986101423,0.5084252208471298,3.36749005317688,0.00098632311059685,3.2604849338531494,9,7,False,False,False
EXP-T132,primary,4,101,0.001,1e-05,17,119,0.3193219101854733,0.4799795299768448,3.2510569095611572,0.0009844486647586723,3.2510569095611572,17,0,True,False,False
EXP-T132,primary,4,101,0.001,1e-05,18,126,0.27435274329036474,0.5635918378829956,3.622282385826111,0.00098245592213661,3.2510569095611572,17,1,False,False,False
EXP-T132,primary,4,101,0.001,1e-05,19,133,0.38898238965443205,0.634887307882309,3.980338454246521,0.0009803453744100868,3.2510569095611572,17,2,False,False,False
EXP-T132,primary,4,101,0.001,1e-05,20,140,0.4480606870991843,0.6361542344093323,4.011763095855713,0.0009781175423251734,3.2510569095611572,17,3,False,False,False
EXP-T132,primary,4,101,0.001,1e-05,21,147,0.5476134547165462,0.4683941602706909,3.1655020713806152,0.0009757729755661011,3.1655020713806152,21,0,True,False,False
EXP-T132,primary,4,101,0.001,1e-05,22,154,0.37565127866608755,0.5306297540664673,3.3881468772888184,0.0009733122526196349,3.1655020713806152,21,1,False,False,False
EXP-T132,primary,4,101,0.001,1e-05,23,161,0.3336714208126068,0.538000151515007,3.518155813217163,0.0009707359806323416,3.1655020713806152,21,2,False,False,False
EXP-T132,primary,4,101,0.001,1e-05,24,168,0.38745368804250446,0.4743887037038803,3.202918767929077,0.0009680447952607845,3.1655020713806152,21,3,False,False,False
EXP-T132,primary,4,101,0.001,1e-05,25,175,0.32003772045884815,0.5346317887306213,3.4968481063842773,0.0009652393605146844,3.1655020713806152,21,4,False,False,False
EXP-T132,primary,4,101,0.001,1e-05,26,182,0.4602729252406529,0.5512454509735107,3.4869500398635864,0.000962320368593087,3.1655020713806152,21,5,False,False,False
EXP-T132,primary,4,101,0.001,1e-05,27,189,0.3466822717870985,0.5027276873588562,3.3816637992858887,0.0009592885397135706,3.1655020713806152,21,6,False,False,False
EXP-T132,primary,4,101,0.001,1e-05,28,196,0.22153949311801366,0.5665853470563889,3.648573637008667,0.0009561446219345453,3.1655020713806152,21,7,False,False,False
EXP-T132,primary,4,101,0.001,1e-05,29,203,0.31203498584883554,0.4932328313589096,3.207751750946045,0.0009528893909706797,3.1655020713806152,21,8,False,False,False
EXP-T132,primary,4,101,0.001,1e-05,30,210,0.2723779912505831,0.5077278316020966,3.3450541496276855,0.0009495236500015047,3.1655020713806152,21,9,False,False,False
EXP-T132,primary,4,101,0.001,1e-05,31,217,0.2445347804043974,0.4842373877763748,3.26355242729187,0.0009460482294732421,3.1655020713806152,21,10,False,False,False
EXP-T132,primary,4,101,0.001,1e-05,32,224,0.2193509606378419,0.516046792268753,3.3937535285949707,0.0009424639868939033,3.1655020713806152,21,11,False,False,False
EXP-T132,primary,4,101,0.001,1e-05,33,231,0.2524510622024536,0.44859476387500763,3.101198196411133,0.0009387718066217125,3.101198196411133,33,0,True,False,False
EXP-T132,primary,4,101,0.001,1e-05,34,238,0.23437394414629256,0.6368674039840698,3.993252396583557,0.0009349725996469047,3.101198196411133,33,1,False,False,False
EXP-T132,primary,4,101,0.001,1e-05,35,245,0.3465829108442579,0.5261961668729782,3.3749122619628906,0.0009310673033669522,3.101198196411133,33,2,False,False,False
EXP-T132,primary,4,101,0.001,1e-05,36,252,0.2688356041908264,0.44402311742305756,3.077021837234497,0.0009270568813552756,3.077021837234497,36,0,True,False,False
EXP-T132,primary,4,101,0.001,1e-05,37,259,0.2445953211614064,0.5810871422290802,3.7474918365478516,0.0009229423231234975,3.077021837234497,36,1,False,False,False
EXP-T132,primary,4,101,0.001,1e-05,38,266,0.193541555000203,0.4881051331758499,3.3185683488845825,0.0009187246438772938,3.077021837234497,36,2,False,False,False
EXP-T132,primary,4,101,0.001,1e-05,39,273,0.21407849022320338,0.44451066851615906,3.0276267528533936,0.0009144048842659081,3.0276267528533936,39,0,True,False,False
EXP-T132,primary,4,101,0.001,1e-05,40,280,0.1963776137147631,0.5767128616571426,3.718118190765381,0.0009099841101253866,3.0276267528533936,39,1,False,False,False
EXP-T132,primary,4,101,0.001,1e-05,41,287,0.18868886679410934,0.589605838060379,3.7875865697860718,0.000905463412215599,3.0276267528533936,39,2,False,False,False
EXP-T132,primary,4,101,0.001,1e-05,42,294,0.18698559488568986,0.5630165040493011,3.594179153442383,0.0009008439059511099,3.0276267528533936,39,3,False,False,False
EXP-T132,primary,4,101,0.001,1e-05,43,301,0.18929661491087504,0.5216867923736572,3.493277072906494,0.0008961267311259666,3.0276267528533936,39,4,False,False,False
EXP-T132,primary,4,101,0.001,1e-05,44,308,0.29009090044668745,0.4678342491388321,3.1406067609786987,0.0008913130516324732,3.0276267528533936,39,5,False,False,False
EXP-T132,primary,4,101,0.001,1e-05,45,315,0.30588577474866596,0.49808454513549805,3.353288412094116,0.0008864040551740157,3.0276267528533936,39,6,False,False,False
EXP-T132,primary,4,101,0.001,1e-05,46,322,0.249148750943797,0.4378238916397095,2.917482852935791,0.0008814009529720154,2.917482852935791,46,0,True,False,False
EXP-T132,primary,4,101,0.001,1e-05,47,329,0.1382881679705211,0.46760642528533936,3.0996487140655518,0.0008763049794670775,2.917482852935791,46,1,False,False,False
EXP-T132,primary,4,101,0.001,1e-05,48,336,0.16084305835621698,0.47824397683143616,3.232242703437805,0.0008711173920144117,2.917482852935791,46,2,False,False,False
EXP-T132,primary,4,101,0.001,1e-05,49,343,0.10357959941029549,0.48630648851394653,3.2732588052749634,0.0008658394705735987,2.917482852935791,46,3,False,False,False
EXP-T132,primary,4,101,0.001,1e-05,50,350,0.11998916949544634,0.4816587269306183,3.2116583585739136,0.0008604725173927785,2.917482852935791,46,4,False,False,False
EXP-T132,primary,4,101,0.001,1e-05,51,357,0.1416818095105035,0.4581187963485718,3.1158618927001953,0.000855017856687341,2.917482852935791,46,5,False,False,False
EXP-T132,primary,4,101,0.001,1e-05,52,364,0.0987440635051046,0.45693428069353104,3.06650710105896,0.0008494768343131955,2.917482852935791,46,6,False,False,False
EXP-T132,primary,4,101,0.001,1e-05,53,371,0.1185280696621963,0.5137284249067307,3.4286410808563232,0.0008438508174347009,2.917482852935791,46,7,False,False,False
EXP-T132,primary,4,101,0.001,1e-05,54,378,0.13176638633012772,0.4795687794685364,3.136513590812683,0.0008381411941873378,2.917482852935791,46,8,False,False,False
EXP-T132,primary,4,101,0.001,1e-05,55,385,0.10635250168187278,0.4205235242843628,2.852440595626831,0.0008323493733352077,2.852440595626831,55,0,True,False,False
EXP-T132,primary,4,101,0.001,1e-05,56,392,0.14584748446941376,0.5226537883281708,3.4908945560455322,0.000826476783923441,2.852440595626831,55,1,False,False,False
EXP-T132,primary,4,101,0.001,1e-05,57,399,0.17500420021159308,0.49082300066947937,3.1589362621307373,0.0008205248749256015,2.852440595626831,55,2,False,False,False
EXP-T132,primary,4,101,0.001,1e-05,58,406,0.17202236184052058,0.41881243884563446,2.9169355630874634,0.0008144951148861742,2.852440595626831,55,3,False,False,False
EXP-T132,primary,4,101,0.001,1e-05,59,413,0.10396954417228699,0.564328521490097,3.6692142486572266,0.0008083889915582234,2.852440595626831,55,4,False,False,False
EXP-T132,primary,4,101,0.001,1e-05,60,420,0.1772284433245659,0.4609987437725067,3.1439096927642822,0.0008022080115363127,2.852440595626831,55,5,False,False,False
EXP-T132,primary,4,101,0.001,1e-05,61,427,0.11194115238530296,0.6326410323381424,4.004613637924194,0.0007959536998847743,2.852440595626831,55,6,False,False,False
EXP-T132,primary,4,101,0.001,1e-05,62,434,0.11301811678068978,0.5194627046585083,3.421685814857483,0.0007896275997614229,2.852440595626831,55,7,False,False,False
EXP-T132,primary,4,101,0.001,1e-05,63,441,0.12330238680754389,0.44474489986896515,3.0242351293563843,0.0007832312720368048,2.852440595626831,55,8,False,False,False
EXP-T132,primary,4,101,0.001,1e-05,64,448,0.14663015944617136,0.40940675139427185,2.783747911453247,0.0007767662949090753,2.783747911453247,64,0,True,False,False
EXP-T132,primary,4,101,0.001,1e-05,65,455,0.12571174119200026,0.5213194638490677,3.4117246866226196,0.0007702342635146033,2.783747911453247,64,1,False,False,False
EXP-T132,primary,4,101,0.001,1e-05,66,462,0.12047398196799415,0.5882290601730347,3.811713695526123,0.0007636367895343947,2.783747911453247,64,2,False,False,False
EXP-T132,primary,4,101,0.001,1e-05,67,469,0.1465236438172204,0.48638586699962616,3.1841485500335693,0.0007569755007964338,2.783747911453247,64,3,False,False,False
EXP-T132,primary,4,101,0.001,1e-05,68,476,0.1805052107998303,0.44242963194847107,3.0320186614990234,0.0007502520408740418,2.783747911453247,64,4,False,False,False
EXP-T132,primary,4,101,0.001,1e-05,69,483,0.11172770070178169,0.48910802602767944,3.291714906692505,0.000743468068680349,2.783747911453247,64,5,False,False,False
EXP-T132,primary,4,101,0.001,1e-05,70,490,0.10857016885919231,0.43441231548786163,3.014947772026062,0.0007366252580589839,2.783747911453247,64,6,False,False,False
EXP-T132,primary,4,101,0.001,1e-05,71,497,0.11422404912965638,0.5200422257184982,3.524702310562134,0.0007297252973710757,2.783747911453247,64,7,False,False,False
EXP-T132,primary,4,101,0.001,1e-05,72,504,0.09391010871955327,0.464382141828537,3.1936830282211304,0.0007227698890786779,2.783747911453247,64,8,False,False,False
EXP-T132,primary,4,101,0.001,1e-05,73,511,0.08124142246586936,0.4603889584541321,3.196946144104004,0.000715760749324711,2.783747911453247,64,9,False,False,False
EXP-T132,primary,4,101,0.001,1e-05,74,518,0.09745221478598458,0.44282251596450806,2.9821189641952515,0.0007086996075095289,2.783747911453247,64,10,False,False,False
EXP-T132,primary,4,101,0.001,1e-05,75,525,0.10708163944738251,0.4714260697364807,3.1659802198410034,0.0007015882058642164,2.783747911453247,64,11,False,False,False
EXP-T132,primary,4,101,0.001,1e-05,76,532,0.08008952605138932,0.5082486867904663,3.471478581428528,0.0006944282990207195,2.783747911453247,64,12,False,False,False
EXP-T132,primary,4,101,0.001,1e-05,77,539,0.06723934757922377,0.4774085581302643,3.1068347692489624,0.0006872216535789157,2.783747911453247,64,13,False,False,False
EXP-T132,primary,4,101,0.001,1e-05,78,546,0.14218432988439286,0.4542580544948578,3.115015745162964,0.0006799700476707324,2.783747911453247,64,14,False,False,False
EXP-T132,primary,4,101,0.001,1e-05,79,553,0.09744917282036372,0.43818776309490204,2.978373408317566,0.0006726752705214194,2.783747911453247,64,15,False,False,False
EXP-T132,primary,4,101,0.001,1e-05,80,560,0.07052646417702947,0.49266117811203003,3.3622231483459473,0.000665339122008084,2.783747911453247,64,16,False,False,False
EXP-T132,primary,4,101,0.001,1e-05,81,567,0.06501093400376183,0.44201329350471497,2.9807369709014893,0.000657963412215599,2.783747911453247,64,17,False,False,False
EXP-T132,primary,4,101,0.001,1e-05,82,574,0.05030355103580015,0.5140267610549927,3.3947259187698364,0.0006505499609899905,2.783747911453247,64,18,False,False,False
EXP-T132,primary,4,101,0.001,1e-05,83,581,0.06528284280960049,0.4495311379432678,3.073781132698059,0.0006431005974894186,2.783747911453247,64,19,False,False,False
EXP-T132,primary,4,101,0.001,1e-05,84,588,0.1200763609792505,0.4550179988145828,3.116950511932373,0.0006356171597328595,2.783747911453247,64,20,False,False,False
EXP-T132,primary,4,101,0.001,1e-05,85,595,0.07268445646124226,0.4842972159385681,3.1853480339050293,0.000628101494146603,2.783747911453247,64,21,False,False,False
EXP-T132,primary,4,101,0.001,1e-05,86,602,0.07850744894572667,0.4915056824684143,3.2916531562805176,0.0006205554551086733,2.783747911453247,64,22,False,False,False
EXP-T132,primary,4,101,0.001,1e-05,87,609,0.0598848962358066,0.47497428953647614,3.157574415206909,0.0006129809044912887,2.783747911453247,64,23,False,False,False
EXP-T132,primary,4,101,0.001,1e-05,88,616,0.10190821013280324,0.4583980292081833,3.107079267501831,0.0006053797112014738,2.783747911453247,64,24,False,False,False
EXP-T132,primary,4,101,0.001,1e-05,89,623,0.142375471336501,0.49093323945999146,3.220887064933777,0.0005977537507199338,2.783747911453247,64,25,False,False,False
EXP-T132,primary,4,101,0.001,1e-05,90,630,0.08031352928706578,0.42451825737953186,2.903836965560913,0.0005901049046383077,2.783747911453247,64,26,False,False,False
EXP-T132,primary,4,101,0.001,1e-05,91,637,0.06647007087511676,0.4294751435518265,2.970926880836487,0.0005824350601949143,2.783747911453247,64,27,False,False,False
EXP-T132,primary,4,101,0.001,1e-05,92,644,0.053908747753926685,0.4731074422597885,3.266885757446289,0.0005747461098091035,2.783747911453247,64,28,False,False,False
EXP-T132,primary,4,101,0.001,1e-05,93,651,0.05883678261722837,0.4607100784778595,3.103968858718872,0.0005670399506143307,2.783747911453247,64,29,False,False,False
EXP-T132,primary,4,101,0.001,1e-05,94,658,0.08139416335948876,0.46464401483535767,3.1474684476852417,0.0005593184839900675,2.783747911453247,64,30,False,True,False
EXP-T132,primary,4,101,0.01,0.0001,1,7,17.820375978946686,32.844886779785156,154.4204502105713,0.01,154.4204502105713,1,0,True,False,False
EXP-T132,primary,4,101,0.01,0.0001,2,14,19.08388880320958,0.6676047444343567,4.134835720062256,0.00999938933078422,4.134835720062256,2,0,True,False,False
EXP-T132,primary,4,101,0.01,0.0001,3,21,3.018285427774702,3.6123188734054565,18.021545886993408,0.009997557473810372,4.134835720062256,2,1,False,False,False
EXP-T132,primary,4,101,0.01,0.0001,4,28,2.6318711723600114,1.0705386400222778,6.049553751945496,0.009994504881061753,4.134835720062256,2,2,False,False,False
EXP-T132,primary,4,101,0.01,0.0001,5,35,1.049056989806039,0.6205776631832123,3.9275310039520264,0.009990232305719944,3.9275310039520264,5,0,True,False,False
EXP-T132,primary,4,101,0.01,0.0001,6,42,0.5028269301567759,0.5067031979560852,3.3660268783569336,0.009984740801978984,3.3660268783569336,6,0,True,False,False
EXP-T132,primary,4,101,0.01,0.0001,7,49,0.5272292388336999,0.5068203210830688,3.3718724250793457,0.009978031724785246,3.3660268783569336,6,1,False,False,False
EXP-T132,primary,4,101,0.01,0.0001,8,56,0.9624846747943333,0.507415235042572,3.3892550468444824,0.00997010672950314,3.3660268783569336,6,2,False,False,False
EXP-T132,primary,4,101,0.01,0.0001,9,63,0.6744758699621473,0.5090687274932861,3.421563148498535,0.009960967771506667,3.3660268783569336,6,3,False,False,False
EXP-T132,primary,4,101,0.01,0.0001,10,70,0.4859213350074632,0.5081596672534943,3.406376838684082,0.00995061710569696,3.3660268783569336,6,4,False,False,False
EXP-T132,primary,4,101,0.01,0.0001,11,77,0.5061219419751849,0.5074989795684814,3.3915295600891113,0.009939057285945933,3.3660268783569336,6,5,False,False,False
EXP-T132,primary,4,101,0.01,0.0001,12,84,0.6307893054825919,0.5068559348583221,3.3726348876953125,0.00992629116446613,3.3660268783569336,6,6,False,False,False
EXP-T132,primary,4,101,0.01,0.0001,13,91,0.5644843024866921,0.5067099928855896,3.365103244781494,0.00991232189110701,3.365103244781494,13,0,True,False,False
EXP-T132,primary,4,101,0.01,0.0001,14,98,0.5043237784079143,0.5069762766361237,3.358637809753418,0.00989715291257774,3.358637809753418,14,0,True,False,False
EXP-T132,primary,4,101,0.01,0.0001,15,105,0.5116371980735234,0.5069999396800995,3.358315944671631,0.0098807879715968,3.358315944671631,15,0,True,False,False
EXP-T132,primary,4,101,0.01,0.0001,16,112,0.5285001482282367,0.507037490606308,3.35783052444458,0.0098632311059685,3.35783052444458,16,0,True,False,False
EXP-T132,primary,4,101,0.01,0.0001,17,119,0.5021841015134539,0.5069364309310913,3.3592123985290527,0.009844486647586723,3.35783052444458,16,1,False,False,False
EXP-T132,primary,4,101,0.01,0.0001,18,126,0.5056624518973487,0.5070108771324158,3.3581714630126953,0.0098245592213661,3.35783052444458,16,2,False,False,False
EXP-T132,primary,4,101,0.01,0.0001,19,133,0.5038014607770103,0.5067393481731415,3.3634843826293945,0.009803453744100868,3.35783052444458,16,3,False,False,False
EXP-T132,primary,4,101,0.01,0.0001,20,140,0.4809126180729696,0.5067811608314514,3.3621764183044434,0.009781175423251734,3.35783052444458,16,4,False,False,False
EXP-T132,primary,4,101,0.01,0.0001,21,147,0.6622619863067355,0.5068328976631165,3.3609976768493652,0.009757729755661011,3.35783052444458,16,5,False,False,False
EXP-T132,primary,4,101,0.01,0.0001,22,154,0.581368842295238,0.5067958235740662,3.3618102073669434,0.009733122526196349,3.35783052444458,16,6,False,False,False
EXP-T132,primary,4,101,0.01,0.0001,23,161,0.5488641772951398,0.5067515075206757,3.369955539703369,0.009707359806323416,3.35783052444458,16,7,False,False,False
EXP-T132,primary,4,101,0.01,0.0001,24,168,0.5267804775919233,0.5069088637828827,3.3736181259155273,0.009680447952607845,3.35783052444458,16,8,False,False,False
EXP-T132,primary,4,101,0.01,0.0001,25,175,0.5252959515367236,0.5072100460529327,3.3830337524414062,0.009652393605146845,3.35783052444458,16,9,False,False,False
EXP-T132,primary,4,101,0.01,0.0001,26,182,0.5967313689844949,0.5078418850898743,3.399785041809082,0.00962320368593087,3.35783052444458,16,10,False,False,False
EXP-T132,primary,4,101,0.01,0.0001,27,189,0.5858845157282693,0.5079991519451141,3.4031481742858887,0.009592885397135707,3.35783052444458,16,11,False,False,False
EXP-T132,primary,4,101,0.01,0.0001,28,196,0.5290553484644208,0.5082158446311951,3.407461166381836,0.009561446219345454,3.35783052444458,16,12,False,False,False
EXP-T132,primary,4,101,0.01,0.0001,29,203,0.5421045933450971,0.5083983540534973,3.4108200073242188,0.009528893909706798,3.35783052444458,16,13,False,False,False
EXP-T132,primary,4,101,0.01,0.0001,30,210,0.529737366097314,0.5080142021179199,3.4034600257873535,0.009495236500015047,3.35783052444458,16,14,False,False,False
EXP-T132,primary,4,101,0.01,0.0001,31,217,0.48744029445307596,0.5076024234294891,3.394178867340088,0.00946048229473242,3.35783052444458,16,15,False,False,False
EXP-T132,primary,4,101,0.01,0.0001,32,224,0.6190697721072606,0.5071697235107422,3.3816704750061035,0.009424639868939034,3.35783052444458,16,16,False,False,False
EXP-T132,primary,4,101,0.01,0.0001,33,231,0.5040762360606875,0.5068521499633789,3.372558116912842,0.009387718066217124,3.35783052444458,16,17,False,False,False
EXP-T132,primary,4,101,0.01,0.0001,34,238,0.5541760708604541,0.5067404508590698,3.369537353515625,0.009349725996469048,3.35783052444458,16,18,False,False,False
EXP-T132,primary,4,101,0.01,0.0001,35,245,0.55099185023989,0.5067174732685089,3.3684005737304688,0.00931067303366952,3.35783052444458,16,19,False,False,False
EXP-T132,primary,4,101,0.01,0.0001,36,252,0.608139191355024,0.5068093836307526,3.3716158866882324,0.009270568813552756,3.35783052444458,16,20,False,False,False
EXP-T132,primary,4,101,0.01,0.0001,37,259,0.5543323457241058,0.5068677663803101,3.3728675842285156,0.009229423231234974,3.35783052444458,16,21,False,False,False
EXP-T132,primary,4,101,0.01,0.0001,38,266,0.5150048562458583,0.5070041120052338,3.375333309173584,0.009187246438772938,3.35783052444458,16,22,False,False,False
EXP-T132,primary,4,101,0.01,0.0001,39,273,0.630890497139522,0.507317066192627,3.3864097595214844,0.009144048842659082,3.35783052444458,16,23,False,False,False
EXP-T132,primary,4,101,0.01,0.0001,40,280,0.49335934966802597,0.5070410966873169,3.376875400543213,0.009099841101253866,3.35783052444458,16,24,False,False,False
EXP-T132,primary,4,101,0.01,0.0001,41,287,0.6153920761176518,0.5067391693592072,3.36948823928833,0.00905463412215599,3.35783052444458,16,25,False,False,False
EXP-T132,primary,4,101,0.01,0.0001,42,294,0.5146894199507577,0.5067203044891357,3.368575096130371,0.0090084390595111,3.35783052444458,16,26,False,False,False
EXP-T132,primary,4,101,0.01,0.0001,43,301,0.645696610212326,0.5068143606185913,3.371734142303467,0.008961267311259666,3.35783052444458,16,27,False,False,False
EXP-T132,primary,4,101,0.01,0.0001,44,308,0.5261626711913517,0.5070203840732574,3.376021385192871,0.008913130516324731,3.35783052444458,16,28,False,False,False
EXP-T132,primary,4,101,0.01,0.0001,45,315,0.49180195587021963,0.5072555243968964,3.3845086097717285,0.008864040551740157,3.35783052444458,16,29,False,False,False
EXP-T132,primary,4,101,0.01,0.0001,46,322,0.5479677149227687,0.507091224193573,3.3788394927978516,0.008814009529720154,3.35783052444458,16,30,False,True,False
EXP-T132,shadow,0,101,1e-05,1.0000000000000001e-07,1,7,0.5198942090251616,0.4993790586789449,3.2813660592743843,1e-05,3.2813660592743843,1,0,True,False,False
EXP-T132,shadow,0,101,1e-05,1.0000000000000001e-07,2,14,0.5116332194634846,0.4736539125442505,3.276361407655658,9.99938933078422e-06,3.276361407655658,2,0,True,False,False
EXP-T132,shadow,0,101,1e-05,1.0000000000000001e-07,3,21,0.6262407004833221,0.4591127038002014,3.2785320859966856,9.997557473810373e-06,3.276361407655658,2,1,False,False,False
EXP-T132,shadow,0,101,1e-05,1.0000000000000001e-07,4,28,0.6306798798697335,0.453574001789093,3.275910810990767,9.994504881061752e-06,3.275910810990767,4,0,True,False,False
EXP-T132,shadow,0,101,1e-05,1.0000000000000001e-07,5,35,0.6007059727396283,0.45333272218704224,3.2712224324544272,9.990232305719944e-06,3.2712224324544272,5,0,True,False,False
EXP-T132,shadow,0,101,1e-05,1.0000000000000001e-07,6,42,0.5037328382687909,0.45506646235783893,3.2656196825432056,9.984740801978984e-06,3.2656196825432056,6,0,True,False,False
EXP-T132,shadow,0,101,1e-05,1.0000000000000001e-07,7,49,0.5550723586763654,0.4579753875732422,3.260247664018111,9.978031724785247e-06,3.260247664018111,7,0,True,False,False
EXP-T132,shadow,0,101,1e-05,1.0000000000000001e-07,8,56,0.4848818230841841,0.45701109369595844,3.257231972434304,9.97010672950314e-06,3.257231972434304,8,0,True,False,False
EXP-T132,shadow,0,101,1e-05,1.0000000000000001e-07,9,63,0.5240166357585362,0.4561466872692108,3.254342050263376,9.960967771506666e-06,3.254342050263376,9,0,True,False,False
EXP-T132,shadow,0,101,1e-05,1.0000000000000001e-07,10,70,0.5354146233626774,0.4542537331581116,3.2512944539388022,9.950617105696961e-06,3.2512944539388022,10,0,True,False,False
EXP-T132,shadow,0,101,1e-05,1.0000000000000001e-07,11,77,0.4809516285146986,0.44837717215220135,3.2504170735677085,9.939057285945933e-06,3.2504170735677085,11,0,True,False,False
EXP-T132,shadow,0,101,1e-05,1.0000000000000001e-07,12,84,0.5096627069371087,0.4423505365848541,3.249693437056108,9.926291164466131e-06,3.249693437056108,12,0,True,False,False
EXP-T132,shadow,0,101,1e-05,1.0000000000000001e-07,13,91,0.5274032077619007,0.44069765011469525,3.246656706838897,9.91232189110701e-06,3.246656706838897,13,0,True,False,False
EXP-T132,shadow,0,101,1e-05,1.0000000000000001e-07,14,98,0.4868230211515246,0.4381515383720398,3.2443551728219697,9.897152912577742e-06,3.2443551728219697,14,0,True,False,False
EXP-T132,shadow,0,101,1e-05,1.0000000000000001e-07,15,105,0.5750517887728555,0.43584057688713074,3.2414157751834756,9.8807879715968e-06,3.2414157751834756,15,0,True,False,False
EXP-T132,shadow,0,101,1e-05,1.0000000000000001e-07,16,112,0.5985591028417859,0.4315393269062042,3.2386883822354404,9.8632311059685e-06,3.2386883822354404,16,0,True,False,False
EXP-T132,shadow,0,101,1e-05,1.0000000000000001e-07,17,119,0.5168383887835911,0.43200363715489704,3.2339502970377603,9.844486647586724e-06,3.2339502970377603,17,0,True,False,False
EXP-T132,shadow,0,101,1e-05,1.0000000000000001e-07,18,126,0.5782766171864101,0.4316481053829193,3.229460282759233,9.824559221366101e-06,3.229460282759233,18,0,True,False,False
EXP-T132,shadow,0,101,1e-05,1.0000000000000001e-07,19,133,0.6862633994647435,0.42915181318918866,3.226299170291785,9.803453744100868e-06,3.226299170291785,19,0,True,False,False
EXP-T132,shadow,0,101,1e-05,1.0000000000000001e-07,20,140,0.4957445168069431,0.42486170927683514,3.2249221801757812,9.781175423251734e-06,3.2249221801757812,20,0,True,False,False
EXP-T132,shadow,0,101,1e-05,1.0000000000000001e-07,21,147,0.4974751646763512,0.4183391034603119,3.225321914210464,9.757729755661012e-06,3.2249221801757812,20,1,False,False,False
EXP-T132,shadow,0,101,1e-05,1.0000000000000001e-07,22,154,0.8636752835341862,0.41835835576057434,3.2217548254764443,9.73312252619635e-06,3.2217548254764443,22,0,True,False,False
EXP-T132,shadow,0,101,1e-05,1.0000000000000001e-07,23,161,0.4730608042861734,0.42232149839401245,3.2161298809629497,9.707359806323418e-06,3.2161298809629497,23,0,True,False,False
EXP-T132,shadow,0,101,1e-05,1.0000000000000001e-07,24,168,0.7082766039030892,0.4280603229999542,3.2100989601828833,9.680447952607845e-06,3.2100989601828833,24,0,True,False,False
EXP-T132,shadow,0,101,1e-05,1.0000000000000001e-07,25,175,0.5339036945785794,0.4308188557624817,3.20567275538589,9.652393605146845e-06,3.20567275538589,25,0,True,False,False
EXP-T132,shadow,0,101,1e-05,1.0000000000000001e-07,26,182,0.7946322177137647,0.42722175518671673,3.2043304443359375,9.62320368593087e-06,3.2043304443359375,26,0,True,False,False
EXP-T132,shadow,0,101,1e-05,1.0000000000000001e-07,27,189,0.4693329610994884,0.42165722449620563,3.2022284305456914,9.592885397135707e-06,3.2022284305456914,27,0,True,False,False
EXP-T132,shadow,0,101,1e-05,1.0000000000000001e-07,28,196,0.4822435802114861,0.422205646832784,3.197768933845289,9.561446219345455e-06,3.197768933845289,28,0,True,False,False
EXP-T132,shadow,0,101,1e-05,1.0000000000000001e-07,29,203,0.4641396850347519,0.42189202706019086,3.1932553378018467,9.528893909706798e-06,3.1932553378018467,29,0,True,False,False
EXP-T132,shadow,0,101,1e-05,1.0000000000000001e-07,30,210,0.47512948353375706,0.42350107431411743,3.1877885298295454,9.495236500015048e-06,3.1877885298295454,30,0,True,False,False
EXP-T132,shadow,0,101,1e-05,1.0000000000000001e-07,31,217,0.5093393325805664,0.4296530286471049,3.1805854566169507,9.460482294732422e-06,3.1805854566169507,31,0,True,False,False
EXP-T132,shadow,0,101,1e-05,1.0000000000000001e-07,32,224,0.4719249746496124,0.4270674188931783,3.1769839200106533,9.424639868939035e-06,3.1769839200106533,32,0,True,False,False
EXP-T132,shadow,0,101,1e-05,1.0000000000000001e-07,33,231,0.5014809795788356,0.42231666048367816,3.1750652428829307,9.387718066217125e-06,3.1750652428829307,33,0,True,False,False
EXP-T132,shadow,0,101,1e-05,1.0000000000000001e-07,34,238,0.7379389745848519,0.4203839401404063,3.1711164532285747,9.349725996469047e-06,3.1711164532285747,34,0,True,False,False
EXP-T132,shadow,0,101,1e-05,1.0000000000000001e-07,35,245,0.5165850434984479,0.41890592376391095,3.1666618115974194,9.310673033669522e-06,3.1666618115974194,35,0,True,False,False
EXP-T132,shadow,0,101,1e-05,1.0000000000000001e-07,36,252,0.4547159421656813,0.4143299659093221,3.1642719615589487,9.270568813552757e-06,3.1642719615589487,36,0,True,False,False
EXP-T132,shadow,0,101,1e-05,1.0000000000000001e-07,37,259,0.4804375592086996,0.4113355576992035,3.161025538589015,9.229423231234975e-06,3.161025538589015,37,0,True,False,False
EXP-T132,shadow,0,101,1e-05,1.0000000000000001e-07,38,266,0.47383221079196247,0.4070303638776143,3.1587297844164297,9.18724643877294e-06,3.1587297844164297,38,0,True,False,False
EXP-T132,shadow,0,101,1e-05,1.0000000000000001e-07,39,273,0.6056035671915326,0.401229590177536,3.156671466249408,9.144048842659081e-06,3.156671466249408,39,0,True,False,False
EXP-T132,shadow,0,101,1e-05,1.0000000000000001e-07,40,280,0.6723499042647225,0.3997589548428853,3.1532733801639443,9.099841101253867e-06,3.1532733801639443,40,0,True,False,False
EXP-T132,shadow,0,101,1e-05,1.0000000000000001e-07,41,287,0.45528110742036787,0.3971298933029175,3.149898644649621,9.054634122155991e-06,3.149898644649621,41,0,True,False,False
EXP-T132,shadow,0,101,1e-05,1.0000000000000001e-07,42,294,0.4697340450781797,0.3958352506160736,3.1465373183741714,9.0084390595111e-06,3.1465373183741714,42,0,True,False,False
EXP-T132,shadow,0,101,1e-05,1.0000000000000001e-07,43,301,0.47896725152220043,0.3977170983950297,3.141613584576231,8.961267311259668e-06,3.141613584576231,43,0,True,False,False
EXP-T132,shadow,0,101,1e-05,1.0000000000000001e-07,44,308,0.5129517934152058,0.39602963129679364,3.1384355949633047,8.913130516324733e-06,3.1384355949633047,44,0,True,False,False
EXP-T132,shadow,0,101,1e-05,1.0000000000000001e-07,45,315,0.4621688189550436,0.3983827630678813,3.1333271373401987,8.864040551740158e-06,3.1333271373401987,45,0,True,False,False
EXP-T132,shadow,0,101,1e-05,1.0000000000000001e-07,46,322,0.6961557652269091,0.40112316608428955,3.1280170787464487,8.814009529720155e-06,3.1280170787464487,46,0,True,False,False
EXP-T132,shadow,0,101,1e-05,1.0000000000000001e-07,47,329,0.6718827102865491,0.40461965401967365,3.120903246330492,8.763049794670776e-06,3.120903246330492,47,0,True,False,False
EXP-T132,shadow,0,101,1e-05,1.0000000000000001e-07,48,336,0.45436991817717043,0.40781547625859577,3.1138344967004024,8.711173920144118e-06,3.1138344967004024,48,0,True,False,False
EXP-T132,shadow,0,101,1e-05,1.0000000000000001e-07,49,343,0.47527441488845007,0.4078453779220581,3.108920935428504,8.658394705735988e-06,3.108920935428504,49,0,True,False,False
EXP-T132,shadow,0,101,1e-05,1.0000000000000001e-07,50,350,0.4747063824906945,0.404525359471639,3.1061870690548057,8.604725173927786e-06,3.1061870690548057,50,0,True,False,False
EXP-T132,shadow,0,101,1e-05,1.0000000000000001e-07,51,357,0.6599575706890651,0.4042803645133972,3.102973706794508,8.550178566873412e-06,3.102973706794508,51,0,True,False,False
EXP-T132,shadow,0,101,1e-05,1.0000000000000001e-07,52,364,0.4792924736227308,0.39937557776769,3.1012143221768467,8.494768343131955e-06,3.1012143221768467,52,0,True,False,False
EXP-T132,shadow,0,101,1e-05,1.0000000000000001e-07,53,371,0.5300200113228389,0.39960644642512005,3.0966736764618843,8.43850817434701e-06,3.0966736764618843,53,0,True,False,False
EXP-T132,shadow,0,101,1e-05,1.0000000000000001e-07,54,378,0.5914965527398246,0.3949742913246155,3.0940202655214253,8.381411941873379e-06,3.0940202655214253,54,0,True,False,False
EXP-T132,shadow,0,101,1e-05,1.0000000000000001e-07,55,385,0.4499684508357729,0.3977524737517039,3.087892705743963,8.323493733352078e-06,3.087892705743963,55,0,True,False,False
EXP-T132,shadow,0,101,1e-05,1.0000000000000001e-07,56,392,0.4700514219169106,0.40003708998362225,3.0822430234966856,8.26476783923441e-06,3.0822430234966856,56,0,True,False,False
EXP-T132,shadow,0,101,1e-05,1.0000000000000001e-07,57,399,0.46852183767727446,0.3972829580307007,3.078969782049006,8.205248749256014e-06,3.078969782049006,57,0,True,False,False
EXP-T132,shadow,0,101,1e-05,1.0000000000000001e-07,58,406,0.7673865641866412,0.39801841974258423,3.073540889855587,8.144951148861743e-06,3.073540889855587,58,0,True,False,False
EXP-T132,shadow,0,101,1e-05,1.0000000000000001e-07,59,413,0.4518923083586352,0.3973824779192607,3.068421566125118,8.083889915582235e-06,3.068421566125118,59,0,True,False,False
EXP-T132,shadow,0,101,1e-05,1.0000000000000001e-07,60,420,0.4285021448241813,0.39709917704264325,3.062816041888613,8.022080115363127e-06,3.062816041888613,60,0,True,False,False
EXP-T132,shadow,0,101,1e-05,1.0000000000000001e-07,61,427,0.46200421878269743,0.39146916071573895,3.0593511408025567,7.959536998847744e-06,3.0593511408025567,61,0,True,False,False
EXP-T132,shadow,0,101,1e-05,1.0000000000000001e-07,62,434,0.4577932847397668,0.3865906794865926,3.056206905480587,7.89627599761423e-06,3.056206905480587,62,0,True,False,False
EXP-T132,shadow,0,101,1e-05,1.0000000000000001e-07,63,441,0.6451646345002311,0.3829689721266429,3.051078102805398,7.832312720368048e-06,3.051078102805398,63,0,True,False,False
EXP-T132,shadow,0,101,1e-05,1.0000000000000001e-07,64,448,0.6744029990264347,0.37801168362299603,3.0483382253935845,7.767662949090754e-06,3.0483382253935845,64,0,True,False,False
EXP-T132,shadow,0,101,1e-05,1.0000000000000001e-07,65,455,0.5930909557001931,0.37676529586315155,3.043684063535748,7.702342635146033e-06,3.043684063535748,65,0,True,False,False
EXP-T132,shadow,0,101,1e-05,1.0000000000000001e-07,66,462,0.4579853021672794,0.3754231681426366,3.039635860558712,7.636367895343947e-06,3.039635860558712,66,0,True,False,False
EXP-T132,shadow,0,101,1e-05,1.0000000000000001e-07,67,469,0.7168062244142804,0.3746890127658844,3.0346987175218985,7.5697550079643376e-06,3.0346987175218985,67,0,True,False,False
EXP-T132,shadow,0,101,1e-05,1.0000000000000001e-07,68,476,0.46913047773497446,0.37769190470377606,3.0271063139944365,7.502520408740418e-06,3.0271063139944365,68,0,True,False,False
EXP-T132,shadow,0,101,1e-05,1.0000000000000001e-07,69,483,0.4710684421339205,0.37772070368131,3.021294796105587,7.43468068680349e-06,3.021294796105587,69,0,True,False,False
EXP-T132,shadow,0,101,1e-05,1.0000000000000001e-07,70,490,0.467008256486484,0.3777272899945577,3.015038923783736,7.366252580589839e-06,3.015038923783736,70,0,True,False,False
EXP-T132,shadow,0,101,1e-05,1.0000000000000001e-07,71,497,0.44946237014872686,0.3793867329756419,3.0095126990116006,7.297252973710756e-06,3.0095126990116006,71,0,True,False,False
EXP-T132,shadow,0,101,1e-05,1.0000000000000001e-07,72,504,0.46282840945890974,0.38121702273686725,3.00705302845348,7.227698890786779e-06,3.00705302845348,72,0,True,False,False
EXP-T132,shadow,0,101,1e-05,1.0000000000000001e-07,73,511,0.47008242670978817,0.37810981273651123,3.002391006007339,7.15760749324711e-06,3.002391006007339,73,0,True,False,False
EXP-T132,shadow,0,101,1e-05,1.0000000000000001e-07,74,518,0.46216260162847383,0.36742056409517926,2.9997468428178267,7.086996075095289e-06,2.9997468428178267,74,0,True,False,False
EXP-T132,shadow,0,101,1e-05,1.0000000000000001e-07,75,525,0.4618884889142854,0.36576147377491,2.9962835600881865,7.015882058642164e-06,2.9962835600881865,75,0,True,False,False
EXP-T132,shadow,0,101,1e-05,1.0000000000000001e-07,76,532,0.43876602882944227,0.36915269990762073,2.9905522664388022,6.9442829902071945e-06,2.9905522664388022,76,0,True,False,False
EXP-T132,shadow,0,101,1e-05,1.0000000000000001e-07,77,539,0.43098525649734903,0.36898758510748547,2.9861431699810606,6.8722165357891564e-06,2.9861431699810606,77,0,True,False,False
EXP-T132,shadow,0,101,1e-05,1.0000000000000001e-07,78,546,0.47760553445134846,0.36811643342177075,2.981805050011837,6.799700476707323e-06,2.981805050011837,78,0,True,False,False
EXP-T132,shadow,0,101,1e-05,1.0000000000000001e-07,79,553,0.46757676771708895,0.36963943640391034,2.9780100042169746,6.726752705214193e-06,2.9780100042169746,79,0,True,False,False
EXP-T132,shadow,0,101,1e-05,1.0000000000000001e-07,80,560,0.5123769470623561,0.365878830353419,2.9728097626657197,6.65339122008084e-06,2.9728097626657197,80,0,True,False,False
EXP-T132,shadow,0,101,1e-05,1.0000000000000001e-07,81,567,0.4493796357086727,0.3640279869238536,2.9685710560191763,6.57963412215599e-06,2.9685710560191763,81,0,True,False,False
EXP-T132,shadow,0,101,1e-05,1.0000000000000001e-07,82,574,0.46031312325171064,0.3616161396106084,2.9650150645862925,6.505499609899905e-06,2.9650150645862925,82,0,True,False,False
EXP-T132,shadow,0,101,1e-05,1.0000000000000001e-07,83,581,0.5232271892683846,0.36111628512541455,2.9625558564157197,6.431005974894185e-06,2.9625558564157197,83,0,True,False,False
EXP-T132,shadow,0,101,1e-05,1.0000000000000001e-07,84,588,0.652682615177972,0.3557928204536438,2.957345673532197,6.356171597328595e-06,2.957345673532197,84,0,True,False,False
EXP-T132,shadow,0,101,1e-05,1.0000000000000001e-07,85,595,0.4726662167481014,0.35238149762153625,2.953593629779238,6.28101494146603e-06,2.953593629779238,85,0,True,False,False
EXP-T132,shadow,0,101,1e-05,1.0000000000000001e-07,86,602,0.4596481908644949,0.34986535211404163,2.951655069986979,6.205554551086732e-06,2.951655069986979,86,0,True,False,False
EXP-T132,shadow,0,101,1e-05,1.0000000000000001e-07,87,609,0.4767277389764786,0.35027048488457996,2.9480694857510654,6.129809044912887e-06,2.9480694857510654,87,0,True,False,False
EXP-T132,shadow,0,101,1e-05,1.0000000000000001e-07,88,616,0.4784444698265621,0.3517044484615326,2.9456523548473013,6.053797112014738e-06,2.9456523548473013,88,0,True,False,False
EXP-T132,shadow,0,101,1e-05,1.0000000000000001e-07,89,623,0.6756278148719242,0.35121557116508484,2.9424598000266333,5.977537507199338e-06,2.9424598000266333,89,0,True,False,False
EXP-T132,shadow,0,101,1e-05,1.0000000000000001e-07,90,630,0.47880297899246216,0.3490736782550812,2.9388224283854165,5.901049046383077e-06,2.9388224283854165,90,0,True,False,False
EXP-T132,shadow,0,101,1e-05,1.0000000000000001e-07,91,637,0.4475139555122171,0.3471797953049342,2.9347152709960938,5.824350601949143e-06,2.9347152709960938,91,0,True,False,False
EXP-T132,shadow,0,101,1e-05,1.0000000000000001e-07,92,644,0.5265241478170667,0.3477055827776591,2.93159785415187,5.7474610980910354e-06,2.93159785415187,92,0,True,False,False
EXP-T132,shadow,0,101,1e-05,1.0000000000000001e-07,93,651,0.7079742763723645,0.34371444086233777,2.9259479407108193,5.6703995061433075e-06,2.9259479407108193,93,0,True,False,False
EXP-T132,shadow,0,101,1e-05,1.0000000000000001e-07,94,658,0.42904125420110567,0.3419289489587148,2.9211807250976562,5.5931848399006745e-06,2.9211807250976562,94,0,True,False,False
EXP-T132,shadow,0,101,1e-05,1.0000000000000001e-07,95,665,0.497551258121218,0.34128063917160034,2.917609937263258,5.515836150926646e-06,2.917609937263258,95,0,True,False,False
EXP-T132,shadow,0,101,1e-05,1.0000000000000001e-07,96,672,0.4489570621933256,0.3409584065278371,2.915225867069129,5.438372523852833e-06,2.915225867069129,96,0,True,False,False
EXP-T132,shadow,0,101,1e-05,1.0000000000000001e-07,97,679,0.48065193210329327,0.3395325839519501,2.912417325106534,5.360813071670101e-06,2.912417325106534,97,0,True,False,False
EXP-T132,shadow,0,101,1e-05,1.0000000000000001e-07,98,686,0.4569291387285505,0.33687275151411694,2.9090754191080728,5.283176931012731e-06,2.9090754191080728,98,0,True,False,False
EXP-T132,shadow,0,101,1e-05,1.0000000000000001e-07,99,693,0.5230545571872166,0.3388396104176839,2.9080241810191763,5.205483257436735e-06,2.9080241810191763,99,0,True,False,False
EXP-T132,shadow,0,101,1e-05,1.0000000000000001e-07,100,700,0.4527924566396645,0.3411041448513667,2.9075428355823862,5.127751220693512e-06,2.9075428355823862,100,0,True,False,False
EXP-T132,shadow,0,101,1e-05,1.0000000000000001e-07,101,707,0.42381887788984124,0.33865581452846527,2.904398137872869,5.05e-06,2.904398137872869,101,0,True,False,False
EXP-T132,shadow,0,101,1e-05,1.0000000000000001e-07,102,714,0.45459852048328947,0.33716873327891034,2.902277859774503,4.972248779306488e-06,2.902277859774503,102,0,True,False,False
EXP-T132,shadow,0,101,1e-05,1.0000000000000001e-07,103,721,0.4802966373307364,0.3313787529865901,2.8967255101059424,4.8945167425632645e-06,2.8967255101059424,103,0,True,False,False
EXP-T132,shadow,0,101,1e-05,1.0000000000000001e-07,104,728,0.47199015745094847,0.330989475051562,2.8940427375562265,4.816823068987269e-06,2.8940427375562265,104,0,True,False,False
EXP-T132,shadow,0,101,1e-05,1.0000000000000001e-07,105,735,0.5054303109645844,0.3305467714866002,2.8919268521395596,4.7391869283298985e-06,2.8919268521395596,105,0,True,False,False
EXP-T132,shadow,0,101,1e-05,1.0000000000000001e-07,106,742,0.41567461403818534,0.3257902264595032,2.886724992231889,4.661627476147168e-06,2.886724992231889,106,0,True,False,False
EXP-T132,shadow,0,101,1e-05,1.0000000000000001e-07,107,749,0.5338723914963859,0.3254219591617584,2.8841018676757812,4.584163849073354e-06,2.8841018676757812,107,0,True,False,False
EXP-T132,shadow,0,101,1e-05,1.0000000000000001e-07,108,756,0.4765961766242981,0.3261995017528534,2.8811650131687974,4.506815160099326e-06,2.8811650131687974,108,0,True,False,False
EXP-T132,shadow,0,101,1e-05,1.0000000000000001e-07,109,763,0.43823124894074034,0.32365307211875916,2.8763147989908853,4.429600493856694e-06,2.8763147989908853,109,0,True,False,False
EXP-T132,shadow,0,101,1e-05,1.0000000000000001e-07,110,770,0.5318336103643689,0.32062668601671857,2.8723019686612217,4.352538901908967e-06,2.8723019686612217,110,0,True,False,False
EXP-T132,shadow,0,101,1e-05,1.0000000000000001e-07,111,777,0.5383300142628806,0.32181785504023236,2.8715949781013257,4.275649398050858e-06,2.8715949781013257,111,0,True,False,False
EXP-T132,shadow,0,101,1e-05,1.0000000000000001e-07,112,784,0.5658147420201983,0.3215949982404709,2.8699421738133286,4.198950953616922e-06,2.8699421738133286,112,0,True,False,False
EXP-T132,shadow,0,101,1e-05,1.0000000000000001e-07,113,791,0.47304689032690866,0.32101603349049884,2.867411989154238,4.122462492800663e-06,2.867411989154238,113,0,True,False,False
EXP-T132,shadow,0,101,1e-05,1.0000000000000001e-07,114,798,0.49906336196831297,0.32356364528338116,2.8671174482865767,4.046202887985263e-06,2.8671174482865767,114,0,True,False,False
EXP-T132,shadow,0,101,1e-05,1.0000000000000001e-07,115,805,0.45530390313693453,0.3261001855134964,2.8663942741625235,3.970190955087116e-06,2.8663942741625235,115,0,True,False,False
EXP-T132,shadow,0,101,1e-05,1.0000000000000001e-07,116,812,0.7628678296293531,0.32425421476364136,2.8628829031279595,3.894445448913268e-06,2.8628829031279595,116,0,True,False,False
EXP-T132,shadow,0,101,1e-05,1.0000000000000001e-07,117,819,0.4326370514131018,0.3187623868385951,2.857666015625,3.818985058533969e-06,2.857666015625,117,0,True,False,False
EXP-T132,shadow,0,101,1e-05,1.0000000000000001e-07,118,826,0.6407497227191925,0.3140118469794591,2.852577903053977,3.7438284026714044e-06,2.852577903053977,118,0,True,False,False
EXP-T132,shadow,0,101,1e-05,1.0000000000000001e-07,119,833,0.6628775937216622,0.3124965305129687,2.849850741299716,3.6689940251058153e-06,2.849850741299716,119,0,True,False,False
EXP-T132,shadow,0,101,1e-05,1.0000000000000001e-07,120,840,0.5018041559628078,0.31413842737674713,2.8496359622839726,3.594500390100096e-06,2.8496359622839726,120,0,True,False,False
EXP-T132,shadow,0,101,1e-05,1.0000000000000001e-07,121,847,0.48703823345048086,0.31608546276887256,2.849152304909446,3.5203658778440116e-06,2.849152304909446,121,0,True,False,False
EXP-T132,shadow,0,101,1e-05,1.0000000000000001e-07,122,854,0.6173987899507795,0.31641224523385364,2.8474740693063447,3.4466087799191603e-06,2.8474740693063447,122,0,True,False,False
EXP-T132,shadow,0,101,1e-05,1.0000000000000001e-07,123,861,0.4056959049110966,0.31517453491687775,2.8450113932291665,3.3732472947858077e-06,2.8450113932291665,123,0,True,False,False
EXP-T132,shadow,0,101,1e-05,1.0000000000000001e-07,124,868,0.4101514952755159,0.31463827689488727,2.8429801247336646,3.300299523292678e-06,2.8429801247336646,124,0,True,False,False
EXP-T132,shadow,0,101,1e-05,1.0000000000000001e-07,125,875,0.5842771572726113,0.31549325585365295,2.8416010538736978,3.227783464210845e-06,2.8416010538736978,125,0,True,False,False
EXP-T132,shadow,0,101,1e-05,1.0000000000000001e-07,126,882,0.4199197313615254,0.3166319976250331,2.8402520382043086,3.155717009792807e-06,2.8402520382043086,126,0,True,False,False
EXP-T132,shadow,0,101,1e-05,1.0000000000000001e-07,127,889,0.42050199529954363,0.3176219165325165,2.8379923502604165,3.0841179413578354e-06,2.8379923502604165,127,0,True,False,False
EXP-T132,shadow,0,101,1e-05,1.0000000000000001e-07,128,896,0.4710608550480434,0.31824533144632977,2.836454911665483,3.0130039249047117e-06,2.836454911665483,128,0,True,False,False
EXP-T132,shadow,0,101,1e-05,1.0000000000000001e-07,129,903,0.42433145456016064,0.31788988411426544,2.8345269867868135,2.9423925067528904e-06,2.8345269867868135,129,0,True,False,False
EXP-T132,shadow,0,101,1e-05,1.0000000000000001e-07,130,910,0.46120270235197885,0.3165106574694316,2.832109162301728,2.87230110921322e-06,2.832109162301728,130,0,True,False,False
EXP-T132,shadow,0,101,1e-05,1.0000000000000001e-07,131,917,0.4370120508330209,0.31411296129226685,2.8289912830699575,2.8027470262892435e-06,2.8289912830699575,131,0,True,False,False
EXP-T132,shadow,0,101,1e-05,1.0000000000000001e-07,132,924,0.5276351996830532,0.31097132464249927,2.824997179435961,2.7337474194101625e-06,2.824997179435961,132,0,True,False,False
EXP-T132,shadow,0,101,1e-05,1.0000000000000001e-07,133,931,0.596330497946058,0.30910203605890274,2.8222427368164062,2.6653193131965085e-06,2.8222427368164062,133,0,True,False,False
EXP-T132,shadow,0,101,1e-05,1.0000000000000001e-07,134,938,0.43631223908492495,0.3098580191532771,2.8216032548384233,2.5974795912595824e-06,2.8216032548384233,134,0,True,False,False
EXP-T132,shadow,0,101,1e-05,1.0000000000000001e-07,135,945,0.7097949939114707,0.31017231941223145,2.8204717925100615,2.530244992035662e-06,2.8204717925100615,135,0,True,False,False
EXP-T132,shadow,0,101,1e-05,1.0000000000000001e-07,136,952,0.43223623505660463,0.30999237795670825,2.81889042709813,2.4636321046560533e-06,2.81889042709813,136,0,True,False,False
EXP-T132,shadow,0,101,1e-05,1.0000000000000001e-07,137,959,0.606360422713416,0.3091595023870468,2.816803672096946,2.3976573648539653e-06,2.816803672096946,137,0,True,False,False
EXP-T132,shadow,0,101,1e-05,1.0000000000000001e-07,138,966,0.45519015192985535,0.3083038156231244,2.815287965716738,2.332337050909247e-06,2.815287965716738,138,0,True,False,False
EXP-T132,shadow,0,101,1e-05,1.0000000000000001e-07,139,973,0.4263666057959199,0.3075724318623543,2.813775958436908,2.267687279631953e-06,2.813775958436908,139,0,True,False,False
EXP-T132,shadow,0,101,1e-05,1.0000000000000001e-07,140,980,0.4826173952647618,0.3091340611378352,2.813849015669389,2.2037240023857708e-06,2.813775958436908,139,1,False,False,False
EXP-T132,shadow,0,101,1e-05,1.0000000000000001e-07,141,987,0.3975301959684917,0.3099934905767441,2.813101797392874,2.1404630011522584e-06,2.813101797392874,141,0,True,False,False
EXP-T132,shadow,0,101,1e-05,1.0000000000000001e-07,142,994,0.41597403878612177,0.3100515951712926,2.8117451523289536,2.0779198846368745e-06,2.8117451523289536,142,0,True,False,False
EXP-T132,shadow,0,101,1e-05,1.0000000000000001e-07,143,1001,0.4237971891249929,0.30955441296100616,2.8103697805693657,2.0161100844177658e-06,2.8103697805693657,143,0,True,False,False
EXP-T132,shadow,0,101,1e-05,1.0000000000000001e-07,144,1008,0.42466335584010395,0.3087049722671509,2.808935916785038,1.9550488511382593e-06,2.808935916785038,144,0,True,False,False
EXP-T132,shadow,0,101,1e-05,1.0000000000000001e-07,145,1015,0.4274073546646053,0.3089522570371628,2.808226383093632,1.894751250743986e-06,2.808226383093632,145,0,True,False,False
EXP-T132,shadow,0,101,1e-05,1.0000000000000001e-07,146,1022,0.5871438426630837,0.3075980693101883,2.8064346313476562,1.8352321607655916e-06,2.8064346313476562,146,0,True,False,False
EXP-T132,shadow,0,101,1e-05,1.0000000000000001e-07,147,1029,0.4905120772974832,0.30554257333278656,2.804008946274266,1.7765062666479242e-06,2.804008946274266,147,0,True,False,False
EXP-T132,shadow,0,101,1e-05,1.0000000000000001e-07,148,1036,0.41745750552841593,0.3044804483652115,2.8023563731800425,1.7185880581266217e-06,2.8023563731800425,148,0,True,False,False
EXP-T132,shadow,0,101,1e-05,1.0000000000000001e-07,149,1043,0.44264018375958714,0.3031712795297305,2.8005126028349907,1.6614918256529908e-06,2.8005126028349907,149,0,True,False,False
EXP-T132,shadow,0,101,1e-05,1.0000000000000001e-07,150,1050,0.506992084639413,0.3023566131790479,2.7993501605409565,1.6052316568680442e-06,2.7993501605409565,150,0,True,False,False
EXP-T132,shadow,0,101,1e-05,1.0000000000000001e-07,151,1057,0.610420993396214,0.3009936387340228,2.797576210715554,1.5498214331265902e-06,2.797576210715554,151,0,True,False,False
EXP-T132,shadow,0,101,1e-05,1.0000000000000001e-07,152,1064,0.40825783567769186,0.3005376383662224,2.796386025168679,1.495274826072216e-06,2.796386025168679,152,0,True,False,False
EXP-T132,shadow,0,101,1e-05,1.0000000000000001e-07,153,1071,0.436429032257625,0.3000057985385259,2.79529941443241,1.441605294264014e-06,2.79529941443241,153,0,True,False,False
EXP-T132,shadow,0,101,1e-05,1.0000000000000001e-07,154,1078,0.4215448858407659,0.29967549443244934,2.7941707264293325,1.3888260798558817e-06,2.7941707264293325,154,0,True,False,False
EXP-T132,shadow,0,101,1e-05,1.0000000000000001e-07,155,1085,0.7598094131265368,0.29941799739996594,2.7932110410748106,1.3369502053292252e-06,2.7932110410748106,155,0,True,False,False
EXP-T132,shadow,0,101,1e-05,1.0000000000000001e-07,156,1092,0.4144901183566877,0.29881787796815235,2.7919436368075283,1.285990470279847e-06,2.7919436368075283,156,0,True,False,False
EXP-T132,shadow,0,101,1e-05,1.0000000000000001e-07,157,1099,0.48501999037606375,0.297860046227773,2.7905610980409565,1.2359594482598438e-06,2.7905610980409565,157,0,True,False,False
EXP-T132,shadow,0,101,1e-05,1.0000000000000001e-07,158,1106,0.4185776391199657,0.2977934380372365,2.7899875062884707,1.1868694836752686e-06,2.7899875062884707,158,0,True,False,False
EXP-T132,shadow,0,101,1e-05,1.0000000000000001e-07,159,1113,0.4369342747543539,0.29808558026949566,2.789705681078362,1.1387326887403326e-06,2.789705681078362,159,0,True,False,False
EXP-T132,shadow,0,101,1e-05,1.0000000000000001e-07,160,1120,0.41221386114401476,0.2986166849732399,2.7895930897105825,1.0915609404889017e-06,2.7895930897105825,160,0,True,False,False
EXP-T132,shadow,0,101,1e-05,1.0000000000000001e-07,161,1127,0.5508369547980172,0.29849138855934143,2.789047472404711,1.0453658778440107e-06,2.789047472404711,161,0,True,False,False
EXP-T132,shadow,0,101,1e-05,1.0000000000000001e-07,162,1134,0.5170611696583884,0.2987489278117816,2.7887628728693183,1.0001588987461348e-06,2.7887628728693183,162,0,True,False,False
EXP-T132,shadow,0,101,1e-05,1.0000000000000001e-07,163,1141,0.4572048783302307,0.2984560703237851,2.788197141705137,9.559511573409195e-07,2.788197141705137,163,0,True,False,False
EXP-T132,shadow,0,101,1e-05,1.0000000000000001e-07,164,1148,0.3966553798610611,0.29874784747759503,2.7879620176373106,9.127535612270632e-07,2.7879620176373106,164,0,True,False,False
EXP-T132,shadow,0,101,1e-05,1.0000000000000001e-07,165,1155,0.4148762359150818,0.29841307053963345,2.787259650952888,8.705767687650265e-07,2.787259650952888,165,0,True,False,False
EXP-T132,shadow,0,101,1e-05,1.0000000000000001e-07,166,1162,0.535379307610648,0.29805131753285724,2.7866049101858428,8.294311864472448e-07,2.7866049101858428,166,0,True,False,False
EXP-T132,shadow,0,101,1e-05,1.0000000000000001e-07,167,1169,0.42596001497336794,0.29803455621004105,2.786222284490412,7.893269663304784e-07,2.786222284490412,167,0,True,False,False
EXP-T132,shadow,0,101,1e-05,1.0000000000000001e-07,168,1176,0.5432622390133994,0.29759634534517926,2.7855476610588306,7.50274003530953e-07,2.7855476610588306,168,0,True,False,False
EXP-T132,shadow,0,101,1e-05,1.0000000000000001e-07,169,1183,0.561964077608926,0.2977726111809413,2.785344441731771,7.122819337828752e-07,2.785344441731771,169,0,True,False,False
EXP-T132,shadow,0,101,1e-05,1.0000000000000001e-07,170,1190,0.49424598472458975,0.2980504259467125,2.7852112741181343,6.753601310609673e-07,2.7852112741181343,170,0,True,False,False
EXP-T132,shadow,0,101,1e-05,1.0000000000000001e-07,171,1197,0.6087977034705025,0.2977682650089264,2.7846732862067944,6.395177052675794e-07,2.7846732862067944,171,0,True,False,False
EXP-T132,shadow,0,101,1e-05,1.0000000000000001e-07,172,1204,0.6042732213224683,0.29754609366257984,2.7841572617039536,6.047634999849531e-07,2.7841572617039536,172,0,True,False,False
EXP-T132,shadow,0,101,1e-05,1.0000000000000001e-07,173,1211,0.604752561875752,0.2971293206016223,2.783568179968632,5.711060902932043e-07,2.783568179968632,173,0,True,False,False
EXP-T132,shadow,0,101,1e-05,1.0000000000000001e-07,174,1218,0.45892846158572603,0.2969491605957349,2.783236416903409,5.385537806545469e-07,2.783236416903409,174,0,True,False,False
EXP-T132,shadow,0,101,1e-05,1.0000000000000001e-07,175,1225,0.41266089252063204,0.2971278155843417,2.783074812455611,5.071146028642944e-07,2.783074812455611,175,0,True,False,False
EXP-T132,shadow,0,101,1e-05,1.0000000000000001e-07,176,1232,0.41282388142177034,0.29735686630010605,2.7829416448419746,4.7679631406913176e-07,2.7829416448419746,176,0,True,False,False
EXP-T132,shadow,0,101,1e-05,1.0000000000000001e-07,177,1239,0.44699491773332867,0.29761364807685214,2.7829580595999053,4.4760639485315585e-07,2.7829416448419746,176,1,False,False,False
EXP-T132,shadow,0,101,1e-05,1.0000000000000001e-07,178,1246,0.4753080351012094,0.29733847578366596,2.782524571274266,4.195520473921565e-07,2.782524571274266,178,0,True,False,False
EXP-T132,shadow,0,101,1e-05,1.0000000000000001e-07,179,1253,0.4328082717422928,0.29702238241831463,2.7821345473780776,3.92640193676584e-07,2.7821345473780776,179,0,True,False,False
EXP-T132,shadow,0,101,1e-05,1.0000000000000001e-07,180,1260,0.5043570356709617,0.2967478111386299,2.781710075609612,3.668774738036508e-07,2.781710075609612,180,0,True,False,False
EXP-T132,shadow,0,101,1e-05,1.0000000000000001e-07,181,1267,0.4847121110984257,0.29666440933942795,2.7814236265240293,3.4227024433899004e-07,2.7814236265240293,181,0,True,False,False
EXP-T132,shadow,0,101,1e-05,1.0000000000000001e-07,182,1274,0.5261561764138085,0.2966906825701396,2.781207460345644,3.188245767482659e-07,2.781207460345644,182,0,True,False,False
EXP-T132,shadow,0,101,1e-05,1.0000000000000001e-07,183,1281,0.4473460763692856,0.29659418265024823,2.7809316461736504,2.9654625589913237e-07,2.7809316461736504,183,0,True,False,False
EXP-T132,shadow,0,101,1e-05,1.0000000000000001e-07,184,1288,0.6165220865181514,0.2967124904195468,2.780842405377012,2.754407786339001e-07,2.780842405377012,184,0,True,False,False
EXP-T132,shadow,0,101,1e-05,1.0000000000000001e-07,185,1295,0.46121859550476074,0.29678287108739215,2.780709237763376,2.555133524132767e-07,2.780709237763376,185,0,True,False,False
EXP-T132,shadow,0,101,1e-05,1.0000000000000001e-07,186,1302,0.42461346302713665,0.29685374597708386,2.780582312381629,2.3676889403150103e-07,2.780582312381629,186,0,True,False,False
EXP-T132,shadow,0,101,1e-05,1.0000000000000001e-07,187,1309,0.4381194374124919,0.29681557168563205,2.780417471220999,2.1921202840320077e-07,2.780417471220999,187,0,True,False,False
EXP-T132,shadow,0,101,1e-05,1.0000000000000001e-07,188,1316,0.4700722907270704,0.2966955602169037,2.7802570227420693,2.0284708742225901e-07,2.7802570227420693,188,0,True,False,False
EXP-T132,shadow,0,101,1e-05,1.0000000000000001e-07,189,1323,0.6383621522358486,0.296754630903403,2.7802119399562026,1.8767810889299085e-07,2.7802119399562026,189,0,True,False,False
EXP-T132,shadow,0,101,1e-05,1.0000000000000001e-07,190,1330,0.4999097330229623,0.29684755951166153,2.7801687067205254,1.7370883553386935e-07,2.7801687067205254,190,0,True,False,False
EXP-T132,shadow,0,101,1e-05,1.0000000000000001e-07,191,1337,0.5031718824590955,0.29684173315763474,2.7800623575846353,1.609427140540686e-07,2.7800623575846353,191,0,True,False,False
EXP-T132,shadow,0,101,1e-05,1.0000000000000001e-07,192,1344,0.5098009152071816,0.2967507342497508,2.779910000887784,1.493828943030402e-07,2.779910000887784,192,0,True,False,False
EXP-T132,shadow,0,101,1e-05,1.0000000000000001e-07,193,1351,0.4531636174236025,0.29666227102279663,2.7797678167169746,1.3903222849333507e-07,2.7797678167169746,193,0,True,False,False
EXP-T132,shadow,0,101,1e-05,1.0000000000000001e-07,194,1358,0.47429864747183664,0.29667257020870846,2.7797162605054453,1.2989327049686101e-07,2.7797162605054453,194,0,True,False,False
EXP-T132,shadow,0,101,1e-05,1.0000000000000001e-07,195,1365,0.5236002291951861,0.29663905253012973,2.7796344179095644,1.2196827521475402e-07,2.7796344179095644,195,0,True,False,False
EXP-T132,shadow,0,101,1e-05,1.0000000000000001e-07,196,1372,0.5440254296575274,0.2966352552175522,2.779565059777462,1.1525919802101659e-07,2.779565059777462,196,0,True,False,False
EXP-T132,shadow,0,101,1e-05,1.0000000000000001e-07,197,1379,0.49342547569956097,0.2966253732641538,2.779488303444602,1.097676942800558e-07,2.779488303444602,197,0,True,False,False
EXP-T132,shadow,0,101,1e-05,1.0000000000000001e-07,198,1386,0.44742233625480105,0.2966309537490209,2.7794332793264678,1.0549511893824898e-07,2.7794332793264678,198,0,True,False,False
EXP-T132,shadow,0,101,1e-05,1.0000000000000001e-07,199,1393,0.42420819827488493,0.29670119533936185,2.7794300426136362,1.0244252618962859e-07,2.7794300426136362,199,0,True,False,False
EXP-T132,shadow,0,101,1e-05,1.0000000000000001e-07,200,1400,0.6126871279307774,0.29677027463912964,2.779425187544389,1.006106692157801e-07,2.779425187544389,200,0,True,False,False
EXP-T132,shadow,0,101,0.0001,1.0000000000000002e-06,1,7,0.5102538636752537,0.4201623598734538,3.2712832364169033,0.0001,3.2712832364169033,1,0,True,False,False
EXP-T132,shadow,0,101,0.0001,1.0000000000000002e-06,2,14,0.49466642630951746,0.4546957810719808,3.2288409146395596,9.99938933078422e-05,3.2288409146395596,2,0,True,False,False
EXP-T132,shadow,0,101,0.0001,1.0000000000000002e-06,3,21,0.5806334870202201,0.43442654609680176,3.203830603397254,9.997557473810373e-05,3.203830603397254,3,0,True,False,False
EXP-T132,shadow,0,101,0.0001,1.0000000000000002e-06,4,28,0.5811595916748047,0.39512859284877777,3.176057988947088,9.994504881061753e-05,3.176057988947088,4,0,True,False,False
EXP-T132,shadow,0,101,0.0001,1.0000000000000002e-06,5,35,0.5891542562416622,0.3907381494839986,3.120728232643821,9.990232305719945e-05,3.120728232643821,5,0,True,False,False
EXP-T132,shadow,0,101,0.0001,1.0000000000000002e-06,6,42,0.49066147421087536,0.4071410795052846,3.058902393687855,9.984740801978984e-05,3.058902393687855,6,0,True,False,False
EXP-T132,shadow,0,101,0.0001,1.0000000000000002e-06,7,49,0.47835301607847214,0.40678250789642334,3.0237225619229404,9.978031724785247e-05,3.0237225619229404,7,0,True,False,False
EXP-T132,shadow,0,101,0.0001,1.0000000000000002e-06,8,56,0.49041558376380373,0.3285234868526459,3.0483819210168086,9.97010672950314e-05,3.0237225619229404,7,1,False,False,False
EXP-T132,shadow,0,101,0.0001,1.0000000000000002e-06,9,63,0.48615921820913044,0.3419418931007385,2.9210688273111978,9.960967771506667e-05,2.9210688273111978,9,0,True,False,False
EXP-T132,shadow,0,101,0.0001,1.0000000000000002e-06,10,70,0.49239760637283325,0.3533402681350708,2.888739383581913,9.95061710569696e-05,2.888739383581913,10,0,True,False,False
EXP-T132,shadow,0,101,0.0001,1.0000000000000002e-06,11,77,0.47373497060367037,0.2978661321103573,2.8868893710049717,9.939057285945933e-05,2.8868893710049717,11,0,True,False,False
EXP-T132,shadow,0,101,0.0001,1.0000000000000002e-06,12,84,0.43902208868946346,0.3157556454340617,2.785850756096117,9.926291164466132e-05,2.785850756096117,12,0,True,False,False
EXP-T132,shadow,0,101,0.0001,1.0000000000000002e-06,13,91,0.4781630848135267,0.3257821400960286,2.788553411310369,9.91232189110701e-05,2.785850756096117,12,1,False,False,False
EXP-T132,shadow,0,101,0.0001,1.0000000000000002e-06,14,98,0.3982511434171881,0.26378102290133637,2.675221298680161,9.897152912577741e-05,2.675221298680161,14,0,True,False,False
EXP-T132,shadow,0,101,0.0001,1.0000000000000002e-06,15,105,0.49359746064458576,0.2802877463400364,2.754528623638731,9.8807879715968e-05,2.675221298680161,14,1,False,False,False
EXP-T132,shadow,0,101,0.0001,1.0000000000000002e-06,16,112,0.5696076537881579,0.28632095580299693,2.7654479055693657,9.8632311059685e-05,2.675221298680161,14,2,False,False,False
EXP-T132,shadow,0,101,0.0001,1.0000000000000002e-06,17,119,0.4665987917355129,0.2725204083447655,2.7657135472153174,9.844486647586725e-05,2.675221298680161,14,3,False,False,False
EXP-T132,shadow,0,101,0.0001,1.0000000000000002e-06,18,126,0.490962952375412,0.2581992621223132,2.646128105394768,9.824559221366101e-05,2.646128105394768,18,0,True,False,False
EXP-T132,shadow,0,101,0.0001,1.0000000000000002e-06,19,133,0.5558305042130607,0.26382575432459515,2.6616099964488638,9.803453744100869e-05,2.646128105394768,18,1,False,False,False
EXP-T132,shadow,0,101,0.0001,1.0000000000000002e-06,20,140,0.39045279366629465,0.3022252594431241,2.781939882220644,9.781175423251735e-05,2.646128105394768,18,2,False,False,False
EXP-T132,shadow,0,101,0.0001,1.0000000000000002e-06,21,147,0.3791955017617771,0.2764914350118488,2.7592232444069604,9.757729755661011e-05,2.646128105394768,18,3,False,False,False
EXP-T132,shadow,0,101,0.0001,1.0000000000000002e-06,22,154,0.5922767030341285,0.28870850056409836,2.753815853234493,9.73312252619635e-05,2.646128105394768,18,4,False,False,False
EXP-T132,shadow,0,101,0.0001,1.0000000000000002e-06,23,161,0.36026459985545706,0.29231323301792145,2.7493071122602983,9.707359806323417e-05,2.646128105394768,18,5,False,False,False
EXP-T132,shadow,0,101,0.0001,1.0000000000000002e-06,24,168,0.40442744748932974,0.288731321071585,2.860095168604995,9.680447952607845e-05,2.646128105394768,18,6,False,False,False
EXP-T132,shadow,0,101,0.0001,1.0000000000000002e-06,25,175,0.3896087844456945,0.2924007847905159,2.7585361365116006,9.652393605146844e-05,2.646128105394768,18,7,False,False,False
EXP-T132,shadow,0,101,0.0001,1.0000000000000002e-06,26,182,0.5504823497363499,0.286009023586909,2.7473796497691763,9.623203685930869e-05,2.646128105394768,18,8,False,False,False
EXP-T132,shadow,0,101,0.0001,1.0000000000000002e-06,27,189,0.37879787598337444,0.3058464576800664,2.7883347020004736,9.592885397135707e-05,2.646128105394768,18,9,False,False,False
EXP-T132,shadow,0,101,0.0001,1.0000000000000002e-06,28,196,0.34928474242665936,0.27568660986920196,2.701124480276397,9.561446219345454e-05,2.646128105394768,18,10,False,False,False
EXP-T132,shadow,0,101,0.0001,1.0000000000000002e-06,29,203,0.4735394907849176,0.2769234435011943,2.708432746656013,9.528893909706797e-05,2.646128105394768,18,11,False,False,False
EXP-T132,shadow,0,101,0.0001,1.0000000000000002e-06,30,210,0.3462172096894522,0.4063381552696228,3.025797988429214,9.495236500015047e-05,2.646128105394768,18,12,False,False,False
EXP-T132,shadow,0,101,0.0001,1.0000000000000002e-06,31,217,0.3993005539689745,0.326558171150585,3.166850465716738,9.460482294732421e-05,2.646128105394768,18,13,False,False,False
EXP-T132,shadow,0,101,0.0001,1.0000000000000002e-06,32,224,0.35704814536230906,0.4063197573026021,3.03053584243312,9.424639868939033e-05,2.646128105394768,18,14,False,False,False
EXP-T132,shadow,0,101,0.0001,1.0000000000000002e-06,33,231,0.35726515523024965,0.28901890230675537,2.8239776148940576,9.387718066217124e-05,2.646128105394768,18,15,False,False,False
EXP-T132,shadow,0,101,0.0001,1.0000000000000002e-06,34,238,0.5649478648390088,0.28503359854221344,2.7322894009676846,9.349725996469047e-05,2.646128105394768,18,16,False,False,False
EXP-T132,shadow,0,101,0.0001,1.0000000000000002e-06,35,245,0.2815565336495638,0.3310565650463104,2.869349161783854,9.310673033669521e-05,2.646128105394768,18,17,False,False,False
EXP-T132,shadow,0,101,0.0001,1.0000000000000002e-06,36,252,0.29367836671216146,0.29455991958578426,2.830414511940696,9.270568813552756e-05,2.646128105394768,18,18,False,False,False
EXP-T132,shadow,0,101,0.0001,1.0000000000000002e-06,37,259,0.31404511544055175,0.40032557646433514,3.0622720429391572,9.229423231234974e-05,2.646128105394768,18,19,False,False,False
EXP-T132,shadow,0,101,0.0001,1.0000000000000002e-06,38,266,0.368601177419935,0.3151862720648448,2.9626922607421875,9.187246438772939e-05,2.646128105394768,18,20,False,False,False
EXP-T132,shadow,0,101,0.0001,1.0000000000000002e-06,39,273,0.40240735241345,0.32497526953617734,2.9703371452562735,9.14404884265908e-05,2.646128105394768,18,21,False,False,False
EXP-T132,shadow,0,101,0.0001,1.0000000000000002e-06,40,280,0.40860123719487873,0.32844902326663333,2.9939082752574575,9.099841101253866e-05,2.646128105394768,18,22,False,False,False
EXP-T132,shadow,0,101,0.0001,1.0000000000000002e-06,41,287,0.3008355689900262,0.323962797721227,3.018388459176728,9.05463412215599e-05,2.646128105394768,18,23,False,False,False
EXP-T132,shadow,0,101,0.0001,1.0000000000000002e-06,42,294,0.2773827583129917,0.31997409214576084,3.0076206091678506,9.0084390595111e-05,2.646128105394768,18,24,False,False,False
EXP-T132,shadow,0,101,0.0001,1.0000000000000002e-06,43,301,0.44420277965920313,0.30898841346303624,2.983518195874763,8.961267311259666e-05,2.646128105394768,18,25,False,False,False
EXP-T132,shadow,0,101,0.0001,1.0000000000000002e-06,44,308,0.2828213668295315,0.40616310636202496,3.098298275109493,8.913130516324733e-05,2.646128105394768,18,26,False,False,False
EXP-T132,shadow,0,101,0.0001,1.0000000000000002e-06,45,315,0.3064831112112318,0.30951292905956507,3.0353837446732954,8.864040551740158e-05,2.646128105394768,18,27,False,False,False
EXP-T132,shadow,0,101,0.0001,1.0000000000000002e-06,46,322,0.29862558415957857,0.34471261501312256,3.0132037076083096,8.814009529720155e-05,2.646128105394768,18,28,False,False,False
EXP-T132,shadow,0,101,0.0001,1.0000000000000002e-06,47,329,0.37404187875134604,0.3032176196575165,2.95304570053563,8.763049794670775e-05,2.646128105394768,18,29,False,False,False
EXP-T132,shadow,0,101,0.0001,1.0000000000000002e-06,48,336,0.29287634789943695,0.3143826338152091,3.0272641037449692,8.711173920144117e-05,2.646128105394768,18,30,False,True,False
EXP-T132,shadow,0,101,0.001,1e-05,1,7,0.7468710367102176,1.2695476214090984,7.990601741906368,0.001,7.990601741906368,1,0,True,False,False
EXP-T132,shadow,0,101,0.001,1e-05,2,14,0.853611416050366,0.47688507040341693,3.2740383726177793,0.000999938933078422,3.2740383726177793,2,0,True,False,False
EXP-T132,shadow,0,101,0.001,1e-05,3,21,0.6538426748343876,0.7761104702949524,4.035215204412287,0.0009997557473810372,3.2740383726177793,2,1,False,False,False
EXP-T132,shadow,0,101,0.001,1e-05,4,28,0.7637798871312823,0.3970503509044647,3.1666391546075996,0.0009994504881061753,3.1666391546075996,4,0,True,False,False
EXP-T132,shadow,0,101,0.001,1e-05,5,35,0.6266207993030548,0.6722833514213562,3.650289824514678,0.0009990232305719944,3.1666391546075996,4,1,False,False,False
EXP-T132,shadow,0,101,0.001,1e-05,6,42,0.6330612046377999,0.5268487334251404,3.2515022971413354,0.0009984740801978985,3.1666391546075996,4,2,False,False,False
EXP-T132,shadow,0,101,0.001,1e-05,7,49,0.6420189397675651,0.29206000827252865,2.89693867076527,0.0009978031724785245,2.89693867076527,7,0,True,False,False
EXP-T132,shadow,0,101,0.001,1e-05,8,56,0.4708030841180256,0.3551855484644572,2.919409318403764,0.000997010672950314,2.89693867076527,7,1,False,False,False
EXP-T132,shadow,0,101,0.001,1e-05,9,63,0.48201596311160494,0.6568125089009603,4.039105733235677,0.0009960967771506667,2.89693867076527,7,2,False,False,False
EXP-T132,shadow,0,101,0.001,1e-05,10,70,0.577552817761898,0.28513417769196775,2.839974143288352,0.000995061710569696,2.839974143288352,10,0,True,False,False
EXP-T132,shadow,0,101,0.001,1e-05,11,77,0.4643313218340544,0.2821651641279459,2.7748607288707388,0.0009939057285945933,2.7748607288707388,11,0,True,False,False
EXP-T132,shadow,0,101,0.001,1e-05,12,84,0.4430267299924578,0.4341619809468587,3.4232660929361978,0.000992629116446613,2.7748607288707388,11,1,False,False,False
EXP-T132,shadow,0,101,0.001,1e-05,13,91,0.5095272702830178,0.3171314299106598,2.8161551735617896,0.000991232189110701,2.7748607288707388,11,2,False,False,False
EXP-T132,shadow,0,101,0.001,1e-05,14,98,0.45803628649030415,0.2721242730816205,2.6786806511156485,0.0009897152912577741,2.6786806511156485,14,0,True,False,False
EXP-T132,shadow,0,101,0.001,1e-05,15,105,0.4883651690823691,0.2639154978096485,2.6773492061730586,0.00098807879715968,2.6773492061730586,15,0,True,False,False
EXP-T132,shadow,0,101,0.001,1e-05,16,112,0.6350442554269519,0.29573063055674237,2.642047304095644,0.00098632311059685,2.642047304095644,16,0,True,False,False
EXP-T132,shadow,0,101,0.001,1e-05,17,119,0.4351977748530252,0.3484479871888955,3.385534806685014,0.0009844486647586723,2.642047304095644,16,1,False,False,False
EXP-T132,shadow,0,101,0.001,1e-05,18,126,0.49923838887895855,0.2848495952785015,2.8478215535481772,0.00098245592213661,2.642047304095644,16,2,False,False,False
EXP-T132,shadow,0,101,0.001,1e-05,19,133,0.5392605683633259,0.6362185080846151,3.5973760431463067,0.0009803453744100868,2.642047304095644,16,3,False,False,False
EXP-T132,shadow,0,101,0.001,1e-05,20,140,0.4931262731552124,0.4622777005036672,3.2322285970052085,0.0009781175423251734,2.642047304095644,16,4,False,False,False
EXP-T132,shadow,0,101,0.001,1e-05,21,147,0.4487557922090803,0.30401994303489727,2.9977597323330967,0.0009757729755661011,2.642047304095644,16,5,False,False,False
EXP-T132,shadow,0,101,0.001,1e-05,22,154,0.6542549133300781,0.24831943524380526,2.565118269486861,0.0009733122526196349,2.565118269486861,22,0,True,False,False
EXP-T132,shadow,0,101,0.001,1e-05,23,161,0.35215702519885134,0.2448367876932025,2.540559017296993,0.0009707359806323416,2.540559017296993,23,0,True,False,False
EXP-T132,shadow,0,101,0.001,1e-05,24,168,0.48906583871160236,0.2670014748194565,2.753362019856771,0.0009680447952607845,2.540559017296993,23,1,False,False,False
EXP-T132,shadow,0,101,0.001,1e-05,25,175,0.3278384634426662,0.37454232821861905,3.3516287370161577,0.0009652393605146844,2.540559017296993,23,2,False,False,False
EXP-T132,shadow,0,101,0.001,1e-05,26,182,0.6307985250438962,0.28339813424584764,2.9323626431551846,0.000962320368593087,2.540559017296993,23,3,False,False,False
EXP-T132,shadow,0,101,0.001,1e-05,27,189,0.3357041393007551,0.3034239827344815,3.0306451970880683,0.0009592885397135706,2.540559017296993,23,4,False,False,False
EXP-T132,shadow,0,101,0.001,1e-05,28,196,0.3502841348360692,0.4868120551109314,3.5892016092936196,0.0009561446219345453,2.540559017296993,23,5,False,False,False
EXP-T132,shadow,0,101,0.001,1e-05,29,203,0.3676278867891857,0.2835152360300223,2.819688739198627,0.0009528893909706797,2.540559017296993,23,6,False,False,False
EXP-T132,shadow,0,101,0.001,1e-05,30,210,0.35061361587369383,0.29199138283729553,2.812832919034091,0.0009495236500015047,2.540559017296993,23,7,False,False,False
EXP-T132,shadow,0,101,0.001,1e-05,31,217,0.2952080700280411,0.34005176027615863,3.157632423169685,0.0009460482294732421,2.540559017296993,23,8,False,False,False
EXP-T132,shadow,0,101,0.001,1e-05,32,224,0.2870050828371729,0.2946589682251215,2.9255070541844224,0.0009424639868939033,2.540559017296993,23,9,False,False,False
EXP-T132,shadow,0,101,0.001,1e-05,33,231,0.33189297148159574,0.3052868432132527,3.0738516142874053,0.0009387718066217125,2.540559017296993,23,10,False,False,False
EXP-T132,shadow,0,101,0.001,1e-05,34,238,0.4491012181554522,0.25689527767826803,2.7595489964340674,0.0009349725996469047,2.540559017296993,23,11,False,False,False
EXP-T132,shadow,0,101,0.001,1e-05,35,245,0.23487403962228978,0.5787733917435011,4.842032923842922,0.0009310673033669522,2.540559017296993,23,12,False,False,False
EXP-T132,shadow,0,101,0.001,1e-05,36,252,0.48449618954743656,0.3872424165407817,3.1882284915808476,0.0009270568813552756,2.540559017296993,23,13,False,False,False
EXP-T132,shadow,0,101,0.001,1e-05,37,259,0.36877118051052094,0.4817971388498942,3.3954556783040366,0.0009229423231234975,2.540559017296993,23,14,False,False,False
EXP-T132,shadow,0,101,0.001,1e-05,38,266,0.3218118612348917,0.46194324890772503,3.5456596143317944,0.0009187246438772938,2.540559017296993,23,15,False,False,False
EXP-T132,shadow,0,101,0.001,1e-05,39,273,0.3696201613971165,0.41631627082824707,3.338973652232777,0.0009144048842659081,2.540559017296993,23,16,False,False,False
EXP-T132,shadow,0,101,0.001,1e-05,40,280,0.35960287281445097,0.4932648340861003,3.482827157685251,0.0009099841101253866,2.540559017296993,23,17,False,False,False
EXP-T132,shadow,0,101,0.001,1e-05,41,287,0.33407045900821686,0.468415563305219,3.8330776330196494,0.000905463412215599,2.540559017296993,23,18,False,False,False
EXP-T132,shadow,0,101,0.001,1e-05,42,294,0.22590388494011546,0.3188033450084428,3.136815273400509,0.0009008439059511099,2.540559017296993,23,19,False,False,False
EXP-T132,shadow,0,101,0.001,1e-05,43,301,0.24655419029295444,0.3750009636084239,3.3048792752352627,0.0008961267311259666,2.540559017296993,23,20,False,False,False
EXP-T132,shadow,0,101,0.001,1e-05,44,308,0.3494955450296402,0.49132096767425537,3.798041141394413,0.0008913130516324732,2.540559017296993,23,21,False,False,False
EXP-T132,shadow,0,101,0.001,1e-05,45,315,0.2973362615864192,0.30176679138094187,2.9521069382176255,0.0008864040551740157,2.540559017296993,23,22,False,False,False
EXP-T132,shadow,0,101,0.001,1e-05,46,322,0.30139980145863127,0.3473125022525589,3.319356513745857,0.0008814009529720154,2.540559017296993,23,23,False,False,False
EXP-T132,shadow,0,101,0.001,1e-05,47,329,0.22010459963764464,0.32324711481730145,2.860551198323568,0.0008763049794670775,2.540559017296993,23,24,False,False,False
EXP-T132,shadow,0,101,0.001,1e-05,48,336,0.23075661808252335,0.40667516241470975,3.491056962446733,0.0008711173920144117,2.540559017296993,23,25,False,False,False
EXP-T132,shadow,0,101,0.001,1e-05,49,343,0.3630620007004057,0.3867644282678763,3.585868141867898,0.0008658394705735987,2.540559017296993,23,26,False,False,False
EXP-T132,shadow,0,101,0.001,1e-05,50,350,0.2928232422855217,0.494144211212794,3.5995082277240176,0.0008604725173927785,2.540559017296993,23,27,False,False,False
EXP-T132,shadow,0,101,0.001,1e-05,51,357,0.3256641221897943,0.3618697014947732,3.392934625799006,0.000855017856687341,2.540559017296993,23,28,False,False,False
EXP-T132,shadow,0,101,0.001,1e-05,52,364,0.22388779478413717,0.3679953416188558,3.236155770041726,0.0008494768343131955,2.540559017296993,23,29,False,False,False
EXP-T132,shadow,0,101,0.001,1e-05,53,371,0.21228799569819654,0.40164561569690704,3.390499346184008,0.0008438508174347009,2.540559017296993,23,30,False,True,False
EXP-T132,shadow,0,101,0.01,0.0001,1,7,23.035841524600983,18.093644460042317,84.13299352472478,0.01,84.13299352472478,1,0,True,False,False
EXP-T132,shadow,0,101,0.01,0.0001,2,14,16.515925679888046,20.91499900817871,97.31959626168916,0.00999938933078422,84.13299352472478,1,1,False,False,False
EXP-T132,shadow,0,101,0.01,0.0001,3,21,24.03029469081334,25.663645426432293,121.81727923768939,0.009997557473810372,84.13299352472478,1,2,False,False,False
EXP-T132,shadow,0,101,0.01,0.0001,4,28,15.243040221078056,17.838584899902344,81.74707146846887,0.009994504881061753,81.74707146846887,4,0,True,False,False
EXP-T132,shadow,0,101,0.01,0.0001,5,35,16.5803006035941,40.67799504597982,189.01191087202594,0.009990232305719944,81.74707146846887,4,1,False,False,False
EXP-T132,shadow,0,101,0.01,0.0001,6,42,25.19113894871303,10.088759422302246,46.15131852121064,0.009984740801978984,46.15131852121064,6,0,True,False,False
EXP-T132,shadow,0,101,0.01,0.0001,7,49,7.6630087579999655,1.1497028072675068,5.415653344356652,0.009978031724785246,5.415653344356652,7,0,True,False,False
EXP-T132,shadow,0,101,0.01,0.0001,8,56,2.0381596854754855,2.63824725151062,11.826670559969815,0.00997010672950314,5.415653344356652,7,1,False,False,False
EXP-T132,shadow,0,101,0.01,0.0001,9,63,1.3173627342496599,0.8255429267883301,4.206483551950166,0.009960967771506667,4.206483551950166,9,0,True,False,False
EXP-T132,shadow,0,101,0.01,0.0001,10,70,1.4558675267866679,0.599152018626531,4.9496071555397725,0.00995061710569696,4.206483551950166,9,1,False,False,False
EXP-T132,shadow,0,101,0.01,0.0001,11,77,0.794400369482381,0.4433851533879836,4.051304441509825,0.009939057285945933,4.051304441509825,11,0,True,False,False
EXP-T132,shadow,0,101,0.01,0.0001,12,84,0.6122633559363229,0.44952555497487384,3.27688945423473,0.00992629116446613,3.27688945423473,12,0,True,False,False
EXP-T132,shadow,0,101,0.01,0.0001,13,91,0.5572031395775932,0.4615734815597534,3.27064121130741,0.00991232189110701,3.27064121130741,13,0,True,False,False
EXP-T132,shadow,0,101,0.01,0.0001,14,98,0.4773332157305309,0.4709087411562602,3.266096172910748,0.00989715291257774,3.266096172910748,14,0,True,False,False
EXP-T132,shadow,0,101,0.01,0.0001,15,105,0.5863938076155526,0.4718909164269765,3.2656328605883047,0.0098807879715968,3.2656328605883047,15,0,True,False,False
EXP-T132,shadow,0,101,0.01,0.0001,16,112,0.6731619749750409,0.46341512600580853,3.269725221576113,0.0098632311059685,3.2656328605883047,15,1,False,False,False
EXP-T132,shadow,0,101,0.01,0.0001,17,119,0.48803899756499697,0.45462820927302044,3.2741858742453833,0.009844486647586723,3.2656328605883047,15,2,False,False,False
EXP-T132,shadow,0,101,0.01,0.0001,18,126,0.603729784488678,0.45006826519966125,3.276597687692353,0.0098245592213661,3.2656328605883047,15,3,False,False,False
EXP-T132,shadow,0,101,0.01,0.0001,19,133,0.6985410664762769,0.4521379868189494,3.275494199810606,0.009803453744100868,3.2656328605883047,15,4,False,False,False
EXP-T132,shadow,0,101,0.01,0.0001,20,140,0.4872700518795422,0.4499535361925761,3.2766591852361504,0.009781175423251734,3.2656328605883047,15,5,False,False,False
EXP-T132,shadow,0,101,0.01,0.0001,21,147,0.4942497376884733,0.4476157029469808,3.277924971147017,0.009757729755661011,3.2656328605883047,15,6,False,False,False
EXP-T132,shadow,0,101,0.01,0.0001,22,154,0.8154762514999935,0.4531903862953186,3.274938641172467,0.009733122526196349,3.2656328605883047,15,7,False,False,False
EXP-T132,shadow,0,101,0.01,0.0001,23,161,0.4818176584584372,0.46120046575864154,3.270828015876539,0.009707359806323416,3.2656328605883047,15,8,False,False,False
EXP-T132,shadow,0,101,0.01,0.0001,24,168,0.6973690646035331,0.4645393292109172,3.269170818906842,0.009680447952607845,3.2656328605883047,15,9,False,False,False
EXP-T132,shadow,0,101,0.01,0.0001,25,175,0.5625573694705963,0.4696242908636729,3.2667062932794746,0.009652393605146845,3.2656328605883047,15,10,False,False,False
EXP-T132,shadow,0,101,0.01,0.0001,26,182,0.83436667067664,0.4660264054934184,3.2684427897135415,0.00962320368593087,3.2656328605883047,15,11,False,False,False
EXP-T132,shadow,0,101,0.01,0.0001,27,189,0.4803918424461569,0.4607813358306885,3.2710381710168086,0.009592885397135707,3.2656328605883047,15,12,False,False,False
EXP-T132,shadow,0,101,0.01,0.0001,28,196,0.47789718782795326,0.46014054616292316,3.2713606863310845,0.009561446219345454,3.2656328605883047,15,13,False,False,False
EXP-T132,shadow,0,101,0.01,0.0001,29,203,0.5138379676001412,0.45801080266634625,3.272441054835464,0.009528893909706798,3.2656328605883047,15,14,False,False,False
EXP-T132,shadow,0,101,0.01,0.0001,30,210,0.48176067056400435,0.4544231096903483,3.2742929169625947,0.009495236500015047,3.2656328605883047,15,15,False,False,False
EXP-T132,shadow,0,101,0.01,0.0001,31,217,0.4992439406258719,0.4553203582763672,3.273825905539773,0.00946048229473242,3.2656328605883047,15,16,False,False,False
EXP-T132,shadow,0,101,0.01,0.0001,32,224,0.4773207709991506,0.45277510086695355,3.275157350482363,0.009424639868939034,3.2656328605883047,15,17,False,False,False
EXP-T132,shadow,0,101,0.01,0.0001,33,231,0.5588822705405099,0.45430906613667804,3.274352333762429,0.009387718066217124,3.2656328605883047,15,18,False,False,False
EXP-T132,shadow,0,101,0.01,0.0001,34,238,0.7301420271396637,0.45908162991205853,3.271896131110914,0.009349725996469048,3.2656328605883047,15,19,False,False,False
EXP-T132,shadow,0,101,0.01,0.0001,35,245,0.5411541504519326,0.45975645383199054,3.2715544267134233,0.00931067303366952,3.2656328605883047,15,20,False,False,False
EXP-T132,shadow,0,101,0.01,0.0001,36,252,0.48979996676955906,0.4619593620300293,3.2704483957001655,0.009270568813552756,3.2656328605883047,15,21,False,False,False
EXP-T132,shadow,0,101,0.01,0.0001,37,259,0.48168331757187843,0.46144423882166546,3.270705945564039,0.009229423231234974,3.2656328605883047,15,22,False,False,False
EXP-T132,shadow,0,101,0.01,0.0001,38,266,0.5143452201570783,0.4593257009983063,3.271772442441998,0.009187246438772938,3.2656328605883047,15,23,False,False,False
EXP-T132,shadow,0,101,0.01,0.0001,39,273,0.6002672740391323,0.45603562394777936,3.2734555331143467,0.009144048842659082,3.2656328605883047,15,24,False,False,False
EXP-T132,shadow,0,101,0.01,0.0001,40,280,0.7299603479249137,0.45808353026707965,3.2724038326379024,0.009099841101253866,3.2656328605883047,15,25,False,False,False
EXP-T132,shadow,0,101,0.01,0.0001,41,287,0.47634803743234705,0.45623799165089923,3.273351033528646,0.00905463412215599,3.2656328605883047,15,26,False,False,False
EXP-T132,shadow,0,101,0.01,0.0001,42,294,0.4815307951399258,0.4561473826567332,3.273397734670928,0.0090084390595111,3.2656328605883047,15,27,False,False,False
EXP-T132,shadow,0,101,0.01,0.0001,43,301,0.5014480607850211,0.45942801237106323,3.2717206550366953,0.008961267311259666,3.2656328605883047,15,28,False,False,False
EXP-T132,shadow,0,101,0.01,0.0001,44,308,0.49911596519606455,0.4583195447921753,3.272283611875592,0.008913130516324731,3.2656328605883047,15,29,False,False,False
EXP-T132,shadow,0,101,0.01,0.0001,45,315,0.4803201598780496,0.46039410432179767,3.271232836174242,0.008864040551740157,3.2656328605883047,15,30,False,True,False
EXP-T132,shadow,1,101,1e-05,1.0000000000000001e-07,1,7,0.5127834741558347,0.5653805136680603,3.5480549335479736,1e-05,3.5480549335479736,1,0,True,False,False
EXP-T132,shadow,1,101,1e-05,1.0000000000000001e-07,2,14,0.549555744443621,0.5514854788780212,3.5043890476226807,9.99938933078422e-06,3.5043890476226807,2,0,True,False,False
EXP-T132,shadow,1,101,1e-05,1.0000000000000001e-07,3,21,0.5715251650129046,0.5486765801906586,3.4982879161834717,9.997557473810373e-06,3.4982879161834717,3,0,True,False,False
EXP-T132,shadow,1,101,1e-05,1.0000000000000001e-07,4,28,0.7177351074559348,0.5469281077384949,3.4968628883361816,9.994504881061752e-06,3.4968628883361816,4,0,True,False,False
EXP-T132,shadow,1,101,1e-05,1.0000000000000001e-07,5,35,0.7087087290627616,0.5470285415649414,3.495136260986328,9.990232305719944e-06,3.495136260986328,5,0,True,False,False
EXP-T132,shadow,1,101,1e-05,1.0000000000000001e-07,6,42,0.5062613434025219,0.5474089980125427,3.493316888809204,9.984740801978984e-06,3.493316888809204,6,0,True,False,False
EXP-T132,shadow,1,101,1e-05,1.0000000000000001e-07,7,49,0.47485121951571535,0.5469641387462616,3.4910037517547607,9.978031724785247e-06,3.4910037517547607,7,0,True,False,False
EXP-T132,shadow,1,101,1e-05,1.0000000000000001e-07,8,56,0.4879988035453217,0.5477057993412018,3.4894089698791504,9.97010672950314e-06,3.4894089698791504,8,0,True,False,False
EXP-T132,shadow,1,101,1e-05,1.0000000000000001e-07,9,63,0.5541849774973733,0.5450282394886017,3.488009452819824,9.960967771506666e-06,3.488009452819824,9,0,True,False,False
EXP-T132,shadow,1,101,1e-05,1.0000000000000001e-07,10,70,0.4948700155530657,0.5425206124782562,3.4864695072174072,9.950617105696961e-06,3.4864695072174072,10,0,True,False,False
EXP-T132,shadow,1,101,1e-05,1.0000000000000001e-07,11,77,0.49327955820730757,0.5417797267436981,3.484910011291504,9.939057285945933e-06,3.484910011291504,11,0,True,False,False
EXP-T132,shadow,1,101,1e-05,1.0000000000000001e-07,12,84,0.49240692521977636,0.5399531722068787,3.484814167022705,9.926291164466131e-06,3.484814167022705,12,0,True,False,False
EXP-T132,shadow,1,101,1e-05,1.0000000000000001e-07,13,91,0.6034160086086818,0.5387320518493652,3.4900825023651123,9.91232189110701e-06,3.484814167022705,12,1,False,False,False
EXP-T132,shadow,1,101,1e-05,1.0000000000000001e-07,14,98,0.56894594005176,0.5378609001636505,3.4942729473114014,9.897152912577742e-06,3.484814167022705,12,2,False,False,False
EXP-T132,shadow,1,101,1e-05,1.0000000000000001e-07,15,105,0.5579229167529515,0.5375992655754089,3.492929697036743,9.8807879715968e-06,3.484814167022705,12,3,False,False,False
EXP-T132,shadow,1,101,1e-05,1.0000000000000001e-07,16,112,0.5506533980369568,0.5373737514019012,3.490809917449951,9.8632311059685e-06,3.484814167022705,12,4,False,False,False
EXP-T132,shadow,1,101,1e-05,1.0000000000000001e-07,17,119,0.7227148115634918,0.538650631904602,3.4798874855041504,9.844486647586724e-06,3.4798874855041504,17,0,True,False,False
EXP-T132,shadow,1,101,1e-05,1.0000000000000001e-07,18,126,0.5214399865695408,0.5384480357170105,3.4778385162353516,9.824559221366101e-06,3.4778385162353516,18,0,True,False,False
EXP-T132,shadow,1,101,1e-05,1.0000000000000001e-07,19,133,0.5087514668703079,0.5380148887634277,3.477267265319824,9.803453744100868e-06,3.477267265319824,19,0,True,False,False
EXP-T132,shadow,1,101,1e-05,1.0000000000000001e-07,20,140,0.49200516087668283,0.5379178822040558,3.4753925800323486,9.781175423251734e-06,3.4753925800323486,20,0,True,False,False
EXP-T132,shadow,1,101,1e-05,1.0000000000000001e-07,21,147,0.46729267707892824,0.5376346111297607,3.4746599197387695,9.757729755661012e-06,3.4746599197387695,21,0,True,False,False
EXP-T132,shadow,1,101,1e-05,1.0000000000000001e-07,22,154,0.49858345304216656,0.5379163920879364,3.471047878265381,9.73312252619635e-06,3.471047878265381,22,0,True,False,False
EXP-T132,shadow,1,101,1e-05,1.0000000000000001e-07,23,161,0.5151806047984532,0.5368148684501648,3.472851037979126,9.707359806323418e-06,3.471047878265381,22,1,False,False,False
EXP-T132,shadow,1,101,1e-05,1.0000000000000001e-07,24,168,0.4936293193272182,0.5356581807136536,3.4750356674194336,9.680447952607845e-06,3.471047878265381,22,2,False,False,False
EXP-T132,shadow,1,101,1e-05,1.0000000000000001e-07,25,175,0.4567269497950162,0.5346208214759827,3.4782209396362305,9.652393605146845e-06,3.471047878265381,22,3,False,False,False
EXP-T132,shadow,1,101,1e-05,1.0000000000000001e-07,26,182,0.569938178573336,0.5345559418201447,3.474961042404175,9.62320368593087e-06,3.471047878265381,22,4,False,False,False
EXP-T132,shadow,1,101,1e-05,1.0000000000000001e-07,27,189,0.576878662620272,0.5346838235855103,3.470669746398926,9.592885397135707e-06,3.470669746398926,27,0,True,False,False
EXP-T132,shadow,1,101,1e-05,1.0000000000000001e-07,28,196,0.47955288152609554,0.5349484086036682,3.4666404724121094,9.561446219345455e-06,3.4666404724121094,28,0,True,False,False
EXP-T132,shadow,1,101,1e-05,1.0000000000000001e-07,29,203,0.4589168161369993,0.5347382128238678,3.4656214714050293,9.528893909706798e-06,3.4656214714050293,29,0,True,False,False
EXP-T132,shadow,1,101,1e-05,1.0000000000000001e-07,30,210,0.6097684672900608,0.5350618362426758,3.462522268295288,9.495236500015048e-06,3.462522268295288,30,0,True,False,False
EXP-T132,shadow,1,101,1e-05,1.0000000000000001e-07,31,217,0.4677039161324501,0.5350853204727173,3.460568428039551,9.460482294732422e-06,3.460568428039551,31,0,True,False,False
EXP-T132,shadow,1,101,1e-05,1.0000000000000001e-07,32,224,0.4592957746769701,0.5328287482261658,3.468665361404419,9.424639868939035e-06,3.460568428039551,31,1,False,False,False
EXP-T132,shadow,1,101,1e-05,1.0000000000000001e-07,33,231,0.5686505096299308,0.5329607427120209,3.464698314666748,9.387718066217125e-06,3.460568428039551,31,2,False,False,False
EXP-T132,shadow,1,101,1e-05,1.0000000000000001e-07,34,238,0.4491738756852491,0.5324056446552277,3.4654006958007812,9.349725996469047e-06,3.460568428039551,31,3,False,False,False
EXP-T132,shadow,1,101,1e-05,1.0000000000000001e-07,35,245,0.5021959798676627,0.532642275094986,3.461700439453125,9.310673033669522e-06,3.460568428039551,31,4,False,False,False
EXP-T132,shadow,1,101,1e-05,1.0000000000000001e-07,36,252,0.6748066927705493,0.5330785512924194,3.4574496746063232,9.270568813552757e-06,3.4574496746063232,36,0,True,False,False
EXP-T132,shadow,1,101,1e-05,1.0000000000000001e-07,37,259,0.5457069086177009,0.5323655605316162,3.4589898586273193,9.229423231234975e-06,3.4574496746063232,36,1,False,False,False
EXP-T132,shadow,1,101,1e-05,1.0000000000000001e-07,38,266,0.7092152663639614,0.5312321484088898,3.4623193740844727,9.18724643877294e-06,3.4574496746063232,36,2,False,False,False
EXP-T132,shadow,1,101,1e-05,1.0000000000000001e-07,39,273,0.5373731936727252,0.5317266285419464,3.456064224243164,9.144048842659081e-06,3.456064224243164,39,0,True,False,False
EXP-T132,shadow,1,101,1e-05,1.0000000000000001e-07,40,280,0.5065636464527675,0.5319982767105103,3.451977014541626,9.099841101253867e-06,3.451977014541626,40,0,True,False,False
EXP-T132,shadow,1,101,1e-05,1.0000000000000001e-07,41,287,0.6557932623795101,0.5319119095802307,3.4501395225524902,9.054634122155991e-06,3.4501395225524902,41,0,True,False,False
EXP-T132,shadow,1,101,1e-05,1.0000000000000001e-07,42,294,0.4529258278863771,0.5304796099662781,3.4548091888427734,9.0084390595111e-06,3.4501395225524902,41,1,False,False,False
EXP-T132,shadow,1,101,1e-05,1.0000000000000001e-07,43,301,0.47062684805626176,0.5298328697681427,3.4575695991516113,8.961267311259668e-06,3.4501395225524902,41,2,False,False,False
EXP-T132,shadow,1,101,1e-05,1.0000000000000001e-07,44,308,0.5117080552237374,0.5300573706626892,3.454819440841675,8.913130516324733e-06,3.4501395225524902,41,3,False,False,False
EXP-T132,shadow,1,101,1e-05,1.0000000000000001e-07,45,315,0.4575209385449333,0.531407505273819,3.4463143348693848,8.864040551740158e-06,3.4463143348693848,45,0,True,False,False
EXP-T132,shadow,1,101,1e-05,1.0000000000000001e-07,46,322,0.559385325227465,0.53121018409729,3.4452614784240723,8.814009529720155e-06,3.4452614784240723,46,0,True,False,False
EXP-T132,shadow,1,101,1e-05,1.0000000000000001e-07,47,329,0.5396498015948704,0.5313647091388702,3.4429872035980225,8.763049794670776e-06,3.4429872035980225,47,0,True,False,False
EXP-T132,shadow,1,101,1e-05,1.0000000000000001e-07,48,336,0.5206465295382908,0.5308800935745239,3.443267583847046,8.711173920144118e-06,3.4429872035980225,47,1,False,False,False
EXP-T132,shadow,1,101,1e-05,1.0000000000000001e-07,49,343,0.5089442985398429,0.5334125459194183,3.432480573654175,8.658394705735988e-06,3.432480573654175,49,0,True,False,False
EXP-T132,shadow,1,101,1e-05,1.0000000000000001e-07,50,350,0.526975576366697,0.5323125422000885,3.433885335922241,8.604725173927786e-06,3.432480573654175,49,1,False,False,False
EXP-T132,shadow,1,101,1e-05,1.0000000000000001e-07,51,357,0.4834387217249189,0.5323894917964935,3.4312262535095215,8.550178566873412e-06,3.4312262535095215,51,0,True,False,False
EXP-T132,shadow,1,101,1e-05,1.0000000000000001e-07,52,364,0.45536232234111856,0.5312507450580597,3.4326415061950684,8.494768343131955e-06,3.4312262535095215,51,1,False,False,False
EXP-T132,shadow,1,101,1e-05,1.0000000000000001e-07,53,371,0.5687256838594165,0.5302285254001617,3.434002637863159,8.43850817434701e-06,3.4312262535095215,51,2,False,False,False
EXP-T132,shadow,1,101,1e-05,1.0000000000000001e-07,54,378,0.673715570143291,0.5315607786178589,3.4274649620056152,8.381411941873379e-06,3.4274649620056152,54,0,True,False,False
EXP-T132,shadow,1,101,1e-05,1.0000000000000001e-07,55,385,0.45216263085603714,0.5312104225158691,3.426295757293701,8.323493733352078e-06,3.426295757293701,55,0,True,False,False
EXP-T132,shadow,1,101,1e-05,1.0000000000000001e-07,56,392,0.5993558253560748,0.5303129255771637,3.4268367290496826,8.26476783923441e-06,3.426295757293701,55,1,False,False,False
EXP-T132,shadow,1,101,1e-05,1.0000000000000001e-07,57,399,0.45432675716334153,0.528784990310669,3.430326223373413,8.205248749256014e-06,3.426295757293701,55,2,False,False,False
EXP-T132,shadow,1,101,1e-05,1.0000000000000001e-07,58,406,0.4514097461568391,0.5279610455036163,3.4318490028381348,8.144951148861743e-06,3.426295757293701,55,3,False,False,False
EXP-T132,shadow,1,101,1e-05,1.0000000000000001e-07,59,413,0.5230208465031215,0.528066486120224,3.429084062576294,8.083889915582235e-06,3.426295757293701,55,4,False,False,False
EXP-T132,shadow,1,101,1e-05,1.0000000000000001e-07,60,420,0.6206276289054325,0.5271664261817932,3.4317033290863037,8.022080115363127e-06,3.426295757293701,55,5,False,False,False
EXP-T132,shadow,1,101,1e-05,1.0000000000000001e-07,61,427,0.7024257353373936,0.5256809890270233,3.4377965927124023,7.959536998847744e-06,3.426295757293701,55,6,False,False,False
EXP-T132,shadow,1,101,1e-05,1.0000000000000001e-07,62,434,0.6846647219998496,0.5257683098316193,3.4334607124328613,7.89627599761423e-06,3.426295757293701,55,7,False,False,False
EXP-T132,shadow,1,101,1e-05,1.0000000000000001e-07,63,441,0.48325444970812115,0.5256412029266357,3.431690216064453,7.832312720368048e-06,3.426295757293701,55,8,False,False,False
EXP-T132,shadow,1,101,1e-05,1.0000000000000001e-07,64,448,0.5280481747218541,0.5247357785701752,3.435546636581421,7.767662949090754e-06,3.426295757293701,55,9,False,False,False
EXP-T132,shadow,1,101,1e-05,1.0000000000000001e-07,65,455,0.43359496843601975,0.5245391130447388,3.4332120418548584,7.702342635146033e-06,3.426295757293701,55,10,False,False,False
EXP-T132,shadow,1,101,1e-05,1.0000000000000001e-07,66,462,0.5800366401672363,0.5247281491756439,3.428133010864258,7.636367895343947e-06,3.426295757293701,55,11,False,False,False
EXP-T132,shadow,1,101,1e-05,1.0000000000000001e-07,67,469,0.549269803932735,0.5258653163909912,3.418839931488037,7.5697550079643376e-06,3.418839931488037,67,0,True,False,False
EXP-T132,shadow,1,101,1e-05,1.0000000000000001e-07,68,476,0.5204657529081617,0.5256286561489105,3.417017698287964,7.502520408740418e-06,3.417017698287964,68,0,True,False,False
EXP-T132,shadow,1,101,1e-05,1.0000000000000001e-07,69,483,0.800858987229211,0.5252845883369446,3.414947032928467,7.43468068680349e-06,3.414947032928467,69,0,True,False,False
EXP-T132,shadow,1,101,1e-05,1.0000000000000001e-07,70,490,0.5100299077374595,0.5245936214923859,3.4161264896392822,7.366252580589839e-06,3.414947032928467,69,1,False,False,False
EXP-T132,shadow,1,101,1e-05,1.0000000000000001e-07,71,497,0.43969036425862995,0.5238874554634094,3.417604684829712,7.297252973710756e-06,3.414947032928467,69,2,False,False,False
EXP-T132,shadow,1,101,1e-05,1.0000000000000001e-07,72,504,0.46410250450883594,0.5232232809066772,3.4188497066497803,7.227698890786779e-06,3.414947032928467,69,3,False,False,False
EXP-T132,shadow,1,101,1e-05,1.0000000000000001e-07,73,511,0.5990798217909676,0.5230714678764343,3.4169135093688965,7.15760749324711e-06,3.414947032928467,69,4,False,False,False
EXP-T132,shadow,1,101,1e-05,1.0000000000000001e-07,74,518,0.7631548813411168,0.5226689875125885,3.4171619415283203,7.086996075095289e-06,3.414947032928467,69,5,False,False,False
EXP-T132,shadow,1,101,1e-05,1.0000000000000001e-07,75,525,0.7228373118809291,0.5219271183013916,3.4193522930145264,7.015882058642164e-06,3.414947032928467,69,6,False,False,False
EXP-T132,shadow,1,101,1e-05,1.0000000000000001e-07,76,532,0.4162956981745083,0.5217134654521942,3.4170353412628174,6.9442829902071945e-06,3.414947032928467,69,7,False,False,False
EXP-T132,shadow,1,101,1e-05,1.0000000000000001e-07,77,539,0.4439769131796701,0.5215751528739929,3.413658857345581,6.8722165357891564e-06,3.413658857345581,77,0,True,False,False
EXP-T132,shadow,1,101,1e-05,1.0000000000000001e-07,78,546,0.4509256162813732,0.5212756395339966,3.4122936725616455,6.799700476707323e-06,3.4122936725616455,78,0,True,False,False
EXP-T132,shadow,1,101,1e-05,1.0000000000000001e-07,79,553,0.44651193065302713,0.5221163034439087,3.403895616531372,6.726752705214193e-06,3.403895616531372,79,0,True,False,False
EXP-T132,shadow,1,101,1e-05,1.0000000000000001e-07,80,560,0.44481073107038227,0.5228920578956604,3.3980753421783447,6.65339122008084e-06,3.3980753421783447,80,0,True,False,False
EXP-T132,shadow,1,101,1e-05,1.0000000000000001e-07,81,567,0.6346222630568913,0.5226670503616333,3.395745038986206,6.57963412215599e-06,3.395745038986206,81,0,True,False,False
EXP-T132,shadow,1,101,1e-05,1.0000000000000001e-07,82,574,0.4613479950598308,0.5220537781715393,3.3956167697906494,6.505499609899905e-06,3.3956167697906494,82,0,True,False,False
EXP-T132,shadow,1,101,1e-05,1.0000000000000001e-07,83,581,0.43274799308606554,0.5221487283706665,3.3931825160980225,6.431005974894185e-06,3.3931825160980225,83,0,True,False,False
EXP-T132,shadow,1,101,1e-05,1.0000000000000001e-07,84,588,0.5650601642472404,0.522821307182312,3.3904988765716553,6.356171597328595e-06,3.3904988765716553,84,0,True,False,False
EXP-T132,shadow,1,101,1e-05,1.0000000000000001e-07,85,595,0.42519669766936985,0.5230812430381775,3.389450788497925,6.28101494146603e-06,3.389450788497925,85,0,True,False,False
EXP-T132,shadow,1,101,1e-05,1.0000000000000001e-07,86,602,0.5053501001426152,0.5210102498531342,3.3908791542053223,6.205554551086732e-06,3.389450788497925,85,1,False,False,False
EXP-T132,shadow,1,101,1e-05,1.0000000000000001e-07,87,609,0.4338953638715403,0.519256055355072,3.396980047225952,6.129809044912887e-06,3.389450788497925,85,2,False,False,False
EXP-T132,shadow,1,101,1e-05,1.0000000000000001e-07,88,616,0.43656280636787415,0.5182230323553085,3.4019479751586914,6.053797112014738e-06,3.389450788497925,85,3,False,False,False
EXP-T132,shadow,1,101,1e-05,1.0000000000000001e-07,89,623,0.4751887960093362,0.517760157585144,3.4014623165130615,5.977537507199338e-06,3.389450788497925,85,4,False,False,False
EXP-T132,shadow,1,101,1e-05,1.0000000000000001e-07,90,630,0.6600847584860665,0.5176826268434525,3.3981707096099854,5.901049046383077e-06,3.389450788497925,85,5,False,False,False
EXP-T132,shadow,1,101,1e-05,1.0000000000000001e-07,91,637,0.4111131369136274,0.5180123150348663,3.3912875652313232,5.824350601949143e-06,3.389450788497925,85,6,False,False,False
EXP-T132,shadow,1,101,1e-05,1.0000000000000001e-07,92,644,0.5010790569441659,0.5188569724559784,3.383941173553467,5.7474610980910354e-06,3.383941173553467,92,0,True,False,False
EXP-T132,shadow,1,101,1e-05,1.0000000000000001e-07,93,651,0.4177497976592609,0.51856529712677,3.3830182552337646,5.6703995061433075e-06,3.3830182552337646,93,0,True,False,False
EXP-T132,shadow,1,101,1e-05,1.0000000000000001e-07,94,658,0.650351026228496,0.5169510841369629,3.3902416229248047,5.5931848399006745e-06,3.3830182552337646,93,1,False,False,False
EXP-T132,shadow,1,101,1e-05,1.0000000000000001e-07,95,665,0.4462245064122336,0.517143964767456,3.3846981525421143,5.515836150926646e-06,3.3830182552337646,93,2,False,False,False
EXP-T132,shadow,1,101,1e-05,1.0000000000000001e-07,96,672,0.42725475983960287,0.5176564753055573,3.3787357807159424,5.438372523852833e-06,3.3787357807159424,96,0,True,False,False
EXP-T132,shadow,1,101,1e-05,1.0000000000000001e-07,97,679,0.5756269352776664,0.5182629823684692,3.3740148544311523,5.360813071670101e-06,3.3740148544311523,97,0,True,False,False
EXP-T132,shadow,1,101,1e-05,1.0000000000000001e-07,98,686,0.53732459459986,0.5191591680049896,3.372685194015503,5.283176931012731e-06,3.372685194015503,98,0,True,False,False
EXP-T132,shadow,1,101,1e-05,1.0000000000000001e-07,99,693,0.5274898707866669,0.5206050872802734,3.374765157699585,5.205483257436735e-06,3.372685194015503,98,1,False,False,False
EXP-T132,shadow,1,101,1e-05,1.0000000000000001e-07,100,700,0.44042280183306765,0.5219704806804657,3.3783512115478516,5.127751220693512e-06,3.372685194015503,98,2,False,False,False
EXP-T132,shadow,1,101,1e-05,1.0000000000000001e-07,101,707,0.4265258307485575,0.5221662223339081,3.37850284576416,5.05e-06,3.372685194015503,98,3,False,False,False
EXP-T132,shadow,1,101,1e-05,1.0000000000000001e-07,102,714,0.6538008834634509,0.5216583013534546,3.3773205280303955,4.972248779306488e-06,3.372685194015503,98,4,False,False,False
EXP-T132,shadow,1,101,1e-05,1.0000000000000001e-07,103,721,0.43426389805972576,0.5217357873916626,3.377702474594116,4.8945167425632645e-06,3.372685194015503,98,5,False,False,False
EXP-T132,shadow,1,101,1e-05,1.0000000000000001e-07,104,728,0.4231309536844492,0.5205749869346619,3.3748972415924072,4.816823068987269e-06,3.372685194015503,98,6,False,False,False
EXP-T132,shadow,1,101,1e-05,1.0000000000000001e-07,105,735,0.42499578398253235,0.518233597278595,3.368462562561035,4.7391869283298985e-06,3.368462562561035,105,0,True,False,False
EXP-T132,shadow,1,101,1e-05,1.0000000000000001e-07,106,742,0.49213336621012005,0.5164121687412262,3.365305185317993,4.661627476147168e-06,3.365305185317993,106,0,True,False,False
EXP-T132,shadow,1,101,1e-05,1.0000000000000001e-07,107,749,0.4642902484961918,0.5156488120555878,3.365633249282837,4.584163849073354e-06,3.365305185317993,106,1,False,False,False
EXP-T132,shadow,1,101,1e-05,1.0000000000000001e-07,108,756,0.42536865414253305,0.5153585076332092,3.365191698074341,4.506815160099326e-06,3.365191698074341,108,0,True,False,False
EXP-T132,shadow,1,101,1e-05,1.0000000000000001e-07,109,763,0.42251991267715183,0.5157331228256226,3.3624625205993652,4.429600493856694e-06,3.3624625205993652,109,0,True,False,False
EXP-T132,shadow,1,101,1e-05,1.0000000000000001e-07,110,770,0.4444874477173601,0.5160206854343414,3.3619754314422607,4.352538901908967e-06,3.3619754314422607,110,0,True,False,False
EXP-T132,shadow,1,101,1e-05,1.0000000000000001e-07,111,777,0.46999640124184744,0.516076385974884,3.3626744747161865,4.275649398050858e-06,3.3619754314422607,110,1,False,False,False
EXP-T132,shadow,1,101,1e-05,1.0000000000000001e-07,112,784,0.48755219152995516,0.517022043466568,3.36651349067688,4.198950953616922e-06,3.3619754314422607,110,2,False,False,False
EXP-T132,shadow,1,101,1e-05,1.0000000000000001e-07,113,791,0.44188167580536436,0.5171861350536346,3.3672244548797607,4.122462492800663e-06,3.3619754314422607,110,3,False,False,False
EXP-T132,shadow,1,101,1e-05,1.0000000000000001e-07,114,798,0.40882492730660097,0.5171988010406494,3.367204427719116,4.046202887985263e-06,3.3619754314422607,110,4,False,False,False
EXP-T132,shadow,1,101,1e-05,1.0000000000000001e-07,115,805,0.5911465755530766,0.5165510773658752,3.3649532794952393,3.970190955087116e-06,3.3619754314422607,110,5,False,False,False
EXP-T132,shadow,1,101,1e-05,1.0000000000000001e-07,116,812,0.5048482290336064,0.5157524943351746,3.362180709838867,3.894445448913268e-06,3.3619754314422607,110,6,False,False,False
EXP-T132,shadow,1,101,1e-05,1.0000000000000001e-07,117,819,0.40319775770019206,0.5146785974502563,3.357999086380005,3.818985058533969e-06,3.357999086380005,117,0,True,False,False
EXP-T132,shadow,1,101,1e-05,1.0000000000000001e-07,118,826,0.44936848112515043,0.514320969581604,3.356804847717285,3.7438284026714044e-06,3.356804847717285,118,0,True,False,False
EXP-T132,shadow,1,101,1e-05,1.0000000000000001e-07,119,833,0.5685462611062186,0.5140175819396973,3.355630397796631,3.6689940251058153e-06,3.355630397796631,119,0,True,False,False
EXP-T132,shadow,1,101,1e-05,1.0000000000000001e-07,120,840,0.44595251764569965,0.5136840343475342,3.3543343544006348,3.594500390100096e-06,3.3543343544006348,120,0,True,False,False
EXP-T132,shadow,1,101,1e-05,1.0000000000000001e-07,121,847,0.4113404488390578,0.5146000981330872,3.358638048171997,3.5203658778440116e-06,3.3543343544006348,120,1,False,False,False
EXP-T132,shadow,1,101,1e-05,1.0000000000000001e-07,122,854,0.43278182085071293,0.5148914754390717,3.3598670959472656,3.4466087799191603e-06,3.3543343544006348,120,2,False,False,False
EXP-T132,shadow,1,101,1e-05,1.0000000000000001e-07,123,861,0.3909419462974516,0.5155989229679108,3.36245059967041,3.3732472947858077e-06,3.3543343544006348,120,3,False,False,False
EXP-T132,shadow,1,101,1e-05,1.0000000000000001e-07,124,868,0.4005299668226923,0.5159839689731598,3.363729953765869,3.300299523292678e-06,3.3543343544006348,120,4,False,False,False
EXP-T132,shadow,1,101,1e-05,1.0000000000000001e-07,125,875,0.4480967010770525,0.515998512506485,3.3636927604675293,3.227783464210845e-06,3.3543343544006348,120,5,False,False,False
EXP-T132,shadow,1,101,1e-05,1.0000000000000001e-07,126,882,0.4468662717512676,0.5162902176380157,3.3645615577697754,3.155717009792807e-06,3.3543343544006348,120,6,False,False,False
EXP-T132,shadow,1,101,1e-05,1.0000000000000001e-07,127,889,0.42643400600978304,0.5158028602600098,3.363236904144287,3.0841179413578354e-06,3.3543343544006348,120,7,False,False,False
EXP-T132,shadow,1,101,1e-05,1.0000000000000001e-07,128,896,0.4056186213025025,0.5152744650840759,3.3617823123931885,3.0130039249047117e-06,3.3543343544006348,120,8,False,False,False
EXP-T132,shadow,1,101,1e-05,1.0000000000000001e-07,129,903,0.39583271838325473,0.5150034427642822,3.36104154586792,2.9423925067528904e-06,3.3543343544006348,120,9,False,False,False
EXP-T132,shadow,1,101,1e-05,1.0000000000000001e-07,130,910,0.5647899338177272,0.5152090191841125,3.361860990524292,2.87230110921322e-06,3.3543343544006348,120,10,False,False,False
EXP-T132,shadow,1,101,1e-05,1.0000000000000001e-07,131,917,0.4246573619810598,0.5154161751270294,3.36268949508667,2.8027470262892435e-06,3.3543343544006348,120,11,False,False,False
EXP-T132,shadow,1,101,1e-05,1.0000000000000001e-07,132,924,0.4981040188244411,0.516809731721878,3.3668103218078613,2.7337474194101625e-06,3.3543343544006348,120,12,False,False,False
EXP-T132,shadow,1,101,1e-05,1.0000000000000001e-07,133,931,0.3920849922911397,0.5184022486209869,3.370884656906128,2.6653193131965085e-06,3.3543343544006348,120,13,False,False,False
EXP-T132,shadow,1,101,1e-05,1.0000000000000001e-07,134,938,0.40098754848752705,0.5194562673568726,3.373363733291626,2.5974795912595824e-06,3.3543343544006348,120,14,False,False,False
EXP-T132,shadow,1,101,1e-05,1.0000000000000001e-07,135,945,0.43240131437778473,0.5200775861740112,3.3748297691345215,2.530244992035662e-06,3.3543343544006348,120,15,False,False,False
EXP-T132,shadow,1,101,1e-05,1.0000000000000001e-07,136,952,0.4598534745829446,0.5184845626354218,3.3712806701660156,2.4636321046560533e-06,3.3543343544006348,120,16,False,False,False
EXP-T132,shadow,1,101,1e-05,1.0000000000000001e-07,137,959,0.41791208780237604,0.5178616344928741,3.3698227405548096,2.3976573648539653e-06,3.3543343544006348,120,17,False,False,False
EXP-T132,shadow,1,101,1e-05,1.0000000000000001e-07,138,966,0.44500428651060375,0.5165424644947052,3.3664417266845703,2.332337050909247e-06,3.3543343544006348,120,18,False,False,False
EXP-T132,shadow,1,101,1e-05,1.0000000000000001e-07,139,973,0.5564514015402112,0.514578104019165,3.3606512546539307,2.267687279631953e-06,3.3543343544006348,120,19,False,False,False
EXP-T132,shadow,1,101,1e-05,1.0000000000000001e-07,140,980,0.5648129199232373,0.5138290524482727,3.3581337928771973,2.2037240023857708e-06,3.3543343544006348,120,20,False,False,False
EXP-T132,shadow,1,101,1e-05,1.0000000000000001e-07,141,987,0.41105788480490446,0.5137062072753906,3.3577637672424316,2.1404630011522584e-06,3.3543343544006348,120,21,False,False,False
EXP-T132,shadow,1,101,1e-05,1.0000000000000001e-07,142,994,0.5718876166003091,0.5138104856014252,3.358114242553711,2.0779198846368745e-06,3.3543343544006348,120,22,False,False,False
EXP-T132,shadow,1,101,1e-05,1.0000000000000001e-07,143,1001,0.42094881939036505,0.514144778251648,3.359143018722534,2.0161100844177658e-06,3.3543343544006348,120,23,False,False,False
EXP-T132,shadow,1,101,1e-05,1.0000000000000001e-07,144,1008,0.7230302819183895,0.5146954953670502,3.3608438968658447,1.9550488511382593e-06,3.3543343544006348,120,24,False,False,False
EXP-T132,shadow,1,101,1e-05,1.0000000000000001e-07,145,1015,0.3920252440231187,0.5144224762916565,3.359928846359253,1.894751250743986e-06,3.3543343544006348,120,25,False,False,False
EXP-T132,shadow,1,101,1e-05,1.0000000000000001e-07,146,1022,0.4237224433038916,0.5134919285774231,3.356776475906372,1.8352321607655916e-06,3.3543343544006348,120,26,False,False,False
EXP-T132,shadow,1,101,1e-05,1.0000000000000001e-07,147,1029,0.4102628566324711,0.5134627223014832,3.3567235469818115,1.7765062666479242e-06,3.3543343544006348,120,27,False,False,False
EXP-T132,shadow,1,101,1e-05,1.0000000000000001e-07,148,1036,0.414778508245945,0.5132132768630981,3.3559083938598633,1.7185880581266217e-06,3.3543343544006348,120,28,False,False,False
EXP-T132,shadow,1,101,1e-05,1.0000000000000001e-07,149,1043,0.41994017575468334,0.5133630037307739,3.35638427734375,1.6614918256529908e-06,3.3543343544006348,120,29,False,False,False
EXP-T132,shadow,1,101,1e-05,1.0000000000000001e-07,150,1050,0.44076340539114817,0.5131721496582031,3.3556883335113525,1.6052316568680442e-06,3.3543343544006348,120,30,False,True,False
EXP-T132,shadow,1,101,0.0001,1.0000000000000002e-06,1,7,0.5344557033053466,0.5404191613197327,3.508004665374756,0.0001,3.508004665374756,1,0,True,False,False
EXP-T132,shadow,1,101,0.0001,1.0000000000000002e-06,2,14,0.5514386381421771,0.5381518006324768,3.4947550296783447,9.99938933078422e-05,3.4947550296783447,2,0,True,False,False
EXP-T132,shadow,1,101,0.0001,1.0000000000000002e-06,3,21,0.5270945578813553,0.5809096395969391,3.5955331325531006,9.997557473810373e-05,3.4947550296783447,2,1,False,False,False
EXP-T132,shadow,1,101,0.0001,1.0000000000000002e-06,4,28,0.6368784265858787,0.553195595741272,3.485521078109741,9.994504881061753e-05,3.485521078109741,4,0,True,False,False
EXP-T132,shadow,1,101,0.0001,1.0000000000000002e-06,5,35,0.6880967617034912,0.5335750579833984,3.4506449699401855,9.990232305719945e-05,3.4506449699401855,5,0,True,False,False
EXP-T132,shadow,1,101,0.0001,1.0000000000000002e-06,6,42,0.46730215368526323,0.5290296673774719,3.438748598098755,9.984740801978984e-05,3.438748598098755,6,0,True,False,False
EXP-T132,shadow,1,101,0.0001,1.0000000000000002e-06,7,49,0.463268302913223,0.5319110453128815,3.406282663345337,9.978031724785247e-05,3.406282663345337,7,0,True,False,False
EXP-T132,shadow,1,101,0.0001,1.0000000000000002e-06,8,56,0.45194835481899126,0.5219175517559052,3.4106340408325195,9.97010672950314e-05,3.406282663345337,7,1,False,False,False
EXP-T132,shadow,1,101,0.0001,1.0000000000000002e-06,9,63,0.49097563539232525,0.5314891636371613,3.4927380084991455,9.960967771506667e-05,3.406282663345337,7,2,False,False,False
EXP-T132,shadow,1,101,0.0001,1.0000000000000002e-06,10,70,0.4584878273308277,0.5201148688793182,3.367794990539551,9.95061710569696e-05,3.367794990539551,10,0,True,False,False
EXP-T132,shadow,1,101,0.0001,1.0000000000000002e-06,11,77,0.4933986408369882,0.5545271933078766,3.480978012084961,9.939057285945933e-05,3.367794990539551,10,1,False,False,False
EXP-T132,shadow,1,101,0.0001,1.0000000000000002e-06,12,84,0.4480625646454947,0.517042800784111,3.4112048149108887,9.926291164466132e-05,3.367794990539551,10,2,False,False,False
EXP-T132,shadow,1,101,0.0001,1.0000000000000002e-06,13,91,0.42713778785296846,0.5107061266899109,3.3301584720611572,9.91232189110701e-05,3.3301584720611572,13,0,True,False,False
EXP-T132,shadow,1,101,0.0001,1.0000000000000002e-06,14,98,0.4122281212891851,0.534756600856781,3.4137048721313477,9.897152912577741e-05,3.3301584720611572,13,1,False,False,False
EXP-T132,shadow,1,101,0.0001,1.0000000000000002e-06,15,105,0.4493060367447989,0.5164851993322372,3.409994602203369,9.8807879715968e-05,3.3301584720611572,13,2,False,False,False
EXP-T132,shadow,1,101,0.0001,1.0000000000000002e-06,16,112,0.4082575482981546,0.5227473378181458,3.384699821472168,9.8632311059685e-05,3.3301584720611572,13,3,False,False,False
EXP-T132,shadow,1,101,0.0001,1.0000000000000002e-06,17,119,0.6714439008917127,0.542571559548378,3.4711949825286865,9.844486647586725e-05,3.3301584720611572,13,4,False,False,False
EXP-T132,shadow,1,101,0.0001,1.0000000000000002e-06,18,126,0.43083405068942476,0.5051017105579376,3.325098991394043,9.824559221366101e-05,3.325098991394043,18,0,True,False,False
EXP-T132,shadow,1,101,0.0001,1.0000000000000002e-06,19,133,0.3516692813219769,0.5427542179822922,3.502271890640259,9.803453744100869e-05,3.325098991394043,18,1,False,False,False
EXP-T132,shadow,1,101,0.0001,1.0000000000000002e-06,20,140,0.37022228432553156,0.5082729607820511,3.3547704219818115,9.781175423251735e-05,3.325098991394043,18,2,False,False,False
EXP-T132,shadow,1,101,0.0001,1.0000000000000002e-06,21,147,0.3910764030047825,0.5183566808700562,3.4092202186584473,9.757729755661011e-05,3.325098991394043,18,3,False,False,False
EXP-T132,shadow,1,101,0.0001,1.0000000000000002e-06,22,154,0.41704434156417847,0.5209328532218933,3.4154562950134277,9.73312252619635e-05,3.325098991394043,18,4,False,False,False
EXP-T132,shadow,1,101,0.0001,1.0000000000000002e-06,23,161,0.35080812126398087,0.5051611661911011,3.3443844318389893,9.707359806323417e-05,3.325098991394043,18,5,False,False,False
EXP-T132,shadow,1,101,0.0001,1.0000000000000002e-06,24,168,0.4705242770058768,0.5037423074245453,3.349703073501587,9.680447952607845e-05,3.325098991394043,18,6,False,False,False
EXP-T132,shadow,1,101,0.0001,1.0000000000000002e-06,25,175,0.33425422571599483,0.4948750287294388,3.2776660919189453,9.652393605146844e-05,3.2776660919189453,25,0,True,False,False
EXP-T132,shadow,1,101,0.0001,1.0000000000000002e-06,26,182,0.3465494319264378,0.5050068795681,3.379605531692505,9.623203685930869e-05,3.2776660919189453,25,1,False,False,False
EXP-T132,shadow,1,101,0.0001,1.0000000000000002e-06,27,189,0.4003293684550694,0.5080001950263977,3.3398303985595703,9.592885397135707e-05,3.2776660919189453,25,2,False,False,False
EXP-T132,shadow,1,101,0.0001,1.0000000000000002e-06,28,196,0.36751972351755413,0.5253861844539642,3.4750120639801025,9.561446219345454e-05,3.2776660919189453,25,3,False,False,False
EXP-T132,shadow,1,101,0.0001,1.0000000000000002e-06,29,203,0.3922149453844343,0.5330487340688705,3.5134379863739014,9.528893909706797e-05,3.2776660919189453,25,4,False,False,False
EXP-T132,shadow,1,101,0.0001,1.0000000000000002e-06,30,210,0.3663988198552813,0.5269128680229187,3.4503660202026367,9.495236500015047e-05,3.2776660919189453,25,5,False,False,False
EXP-T132,shadow,1,101,0.0001,1.0000000000000002e-06,31,217,0.38368883303233553,0.5600942671298981,3.6637730598449707,9.460482294732421e-05,3.2776660919189453,25,6,False,False,False
EXP-T132,shadow,1,101,0.0001,1.0000000000000002e-06,32,224,0.3420622854360512,0.5354685485363007,3.4774227142333984,9.424639868939033e-05,3.2776660919189453,25,7,False,False,False
EXP-T132,shadow,1,101,0.0001,1.0000000000000002e-06,33,231,0.30629032624087166,0.5611365139484406,3.675795078277588,9.387718066217124e-05,3.2776660919189453,25,8,False,False,False
EXP-T132,shadow,1,101,0.0001,1.0000000000000002e-06,34,238,0.34863352136952536,0.5412557274103165,3.5256035327911377,9.349725996469047e-05,3.2776660919189453,25,9,False,False,False
EXP-T132,shadow,1,101,0.0001,1.0000000000000002e-06,35,245,0.28072199704391615,0.538766622543335,3.5146255493164062,9.310673033669521e-05,3.2776660919189453,25,10,False,False,False
EXP-T132,shadow,1,101,0.0001,1.0000000000000002e-06,36,252,0.38996089356286184,0.5296987593173981,3.4765079021453857,9.270568813552756e-05,3.2776660919189453,25,11,False,False,False
EXP-T132,shadow,1,101,0.0001,1.0000000000000002e-06,37,259,0.2862226366996765,0.553213819861412,3.604377508163452,9.229423231234974e-05,3.2776660919189453,25,12,False,False,False
EXP-T132,shadow,1,101,0.0001,1.0000000000000002e-06,38,266,0.31343082019260954,0.5687570422887802,3.671478033065796,9.187246438772939e-05,3.2776660919189453,25,13,False,False,False
EXP-T132,shadow,1,101,0.0001,1.0000000000000002e-06,39,273,0.28761560576302664,0.5788461863994598,3.7338074445724487,9.14404884265908e-05,3.2776660919189453,25,14,False,False,False
EXP-T132,shadow,1,101,0.0001,1.0000000000000002e-06,40,280,0.25117466655293746,0.5534588694572449,3.572251081466675,9.099841101253866e-05,3.2776660919189453,25,15,False,False,False
EXP-T132,shadow,1,101,0.0001,1.0000000000000002e-06,41,287,0.3374876933438437,0.5677597671747208,3.690718412399292,9.05463412215599e-05,3.2776660919189453,25,16,False,False,False
EXP-T132,shadow,1,101,0.0001,1.0000000000000002e-06,42,294,0.27984283563481377,0.5439837872982025,3.5294349193573,9.0084390595111e-05,3.2776660919189453,25,17,False,False,False
EXP-T132,shadow,1,101,0.0001,1.0000000000000002e-06,43,301,0.2550849656441382,0.5741983950138092,3.7304179668426514,8.961267311259666e-05,3.2776660919189453,25,18,False,False,False
EXP-T132,shadow,1,101,0.0001,1.0000000000000002e-06,44,308,0.2674599088162982,0.5582395493984222,3.5837721824645996,8.913130516324733e-05,3.2776660919189453,25,19,False,False,False
EXP-T132,shadow,1,101,0.0001,1.0000000000000002e-06,45,315,0.2681736243622644,0.5691267997026443,3.6995527744293213,8.864040551740158e-05,3.2776660919189453,25,20,False,False,False
EXP-T132,shadow,1,101,0.0001,1.0000000000000002e-06,46,322,0.2662249260715076,0.5639554709196091,3.6308445930480957,8.814009529720155e-05,3.2776660919189453,25,21,False,False,False
EXP-T132,shadow,1,101,0.0001,1.0000000000000002e-06,47,329,0.24613869988492557,0.6029660999774933,3.8632885217666626,8.763049794670775e-05,3.2776660919189453,25,22,False,False,False
EXP-T132,shadow,1,101,0.0001,1.0000000000000002e-06,48,336,0.2636027698005949,0.5929515957832336,3.755424976348877,8.711173920144117e-05,3.2776660919189453,25,23,False,False,False
EXP-T132,shadow,1,101,0.0001,1.0000000000000002e-06,49,343,0.25136459672025274,0.6072774827480316,3.8430768251419067,8.658394705735987e-05,3.2776660919189453,25,24,False,False,False
EXP-T132,shadow,1,101,0.0001,1.0000000000000002e-06,50,350,0.2560086080006191,0.6038741171360016,3.8015326261520386,8.604725173927785e-05,3.2776660919189453,25,25,False,False,False
EXP-T132,shadow,1,101,0.0001,1.0000000000000002e-06,51,357,0.23165454183306014,0.6091601550579071,3.8348485231399536,8.55017856687341e-05,3.2776660919189453,25,26,False,False,False
EXP-T132,shadow,1,101,0.0001,1.0000000000000002e-06,52,364,0.24922032973596028,0.620308518409729,3.8982648849487305,8.494768343131955e-05,3.2776660919189453,25,27,False,False,False
EXP-T132,shadow,1,101,0.0001,1.0000000000000002e-06,53,371,0.2155021939958845,0.6587963700294495,4.106743931770325,8.438508174347009e-05,3.2776660919189453,25,28,False,False,False
EXP-T132,shadow,1,101,0.0001,1.0000000000000002e-06,54,378,0.24245179923517363,0.6394000053405762,4.01614773273468,8.381411941873378e-05,3.2776660919189453,25,29,False,False,False
EXP-T132,shadow,1,101,0.0001,1.0000000000000002e-06,55,385,0.20129765603425248,0.6720049381256104,4.168573617935181,8.323493733352077e-05,3.2776660919189453,25,30,False,True,False
EXP-T132,shadow,1,101,0.001,1e-05,1,7,0.9430849208230419,0.5503925085067749,3.497952461242676,0.001,3.497952461242676,1,0,True,False,False
EXP-T132,shadow,1,101,0.001,1e-05,2,14,0.5256292314401695,0.8904780149459839,5.214200019836426,0.000999938933078422,3.497952461242676,1,1,False,False,False
EXP-T132,shadow,1,101,0.001,1e-05,3,21,0.8637601052011762,0.5818141400814056,3.71195125579834,0.0009997557473810372,3.497952461242676,1,2,False,False,False
EXP-T132,shadow,1,101,0.001,1e-05,4,28,0.6458001690251487,0.5666894316673279,3.5461339950561523,0.0009994504881061753,3.497952461242676,1,3,False,False,False
EXP-T132,shadow,1,101,0.001,1e-05,5,35,0.6160563996859959,0.6023224890232086,3.757378101348877,0.0009990232305719944,3.497952461242676,1,4,False,False,False
EXP-T132,shadow,1,101,0.001,1e-05,6,42,0.43930335542453186,0.5116534233093262,3.367968797683716,0.0009984740801978985,3.367968797683716,6,0,True,False,False
EXP-T132,shadow,1,101,0.001,1e-05,7,49,0.5331100651196071,0.6038165390491486,3.7772414684295654,0.0009978031724785245,3.367968797683716,6,1,False,False,False
EXP-T132,shadow,1,101,0.001,1e-05,8,56,0.636867846761431,0.7273958325386047,4.447691321372986,0.000997010672950314,3.367968797683716,6,2,False,False,False
EXP-T132,shadow,1,101,0.001,1e-05,9,63,0.4876139057534082,0.6138259470462799,3.8879497051239014,0.0009960967771506667,3.367968797683716,6,3,False,False,False
EXP-T132,shadow,1,101,0.001,1e-05,10,70,0.460391200230723,0.7693479657173157,4.621863842010498,0.000995061710569696,3.367968797683716,6,4,False,False,False
EXP-T132,shadow,1,101,0.001,1e-05,11,77,0.5135594158366855,0.5913575142621994,3.7684013843536377,0.0009939057285945933,3.367968797683716,6,5,False,False,False
EXP-T132,shadow,1,101,0.001,1e-05,12,84,0.47757786086627413,0.5314345061779022,3.504161834716797,0.000992629116446613,3.367968797683716,6,6,False,False,False
EXP-T132,shadow,1,101,0.001,1e-05,13,91,0.3847131454385817,0.9351972937583923,5.39704167842865,0.000991232189110701,3.367968797683716,6,7,False,False,False
EXP-T132,shadow,1,101,0.001,1e-05,14,98,0.54300599864551,0.5066913366317749,3.319519281387329,0.0009897152912577741,3.319519281387329,14,0,True,False,False
EXP-T132,shadow,1,101,0.001,1e-05,15,105,0.39367422674383434,0.5746342539787292,3.7065634727478027,0.00098807879715968,3.319519281387329,14,1,False,False,False
EXP-T132,shadow,1,101,0.001,1e-05,16,112,0.41863238385745455,0.5611298084259033,3.6473302841186523,0.00098632311059685,3.319519281387329,14,2,False,False,False
EXP-T132,shadow,1,101,0.001,1e-05,17,119,0.5130446127482823,0.5254505574703217,3.424306631088257,0.0009844486647586723,3.319519281387329,14,3,False,False,False
EXP-T132,shadow,1,101,0.001,1e-05,18,126,0.4264070178781237,0.5068746954202652,3.3104662895202637,0.00098245592213661,3.3104662895202637,18,0,True,False,False
EXP-T132,shadow,1,101,0.001,1e-05,19,133,0.3647846457232455,0.5660121440887451,3.523008346557617,0.0009803453744100868,3.3104662895202637,18,1,False,False,False
EXP-T132,shadow,1,101,0.001,1e-05,20,140,0.4157965587718146,0.6100571155548096,3.894160509109497,0.0009781175423251734,3.3104662895202637,18,2,False,False,False
EXP-T132,shadow,1,101,0.001,1e-05,21,147,0.4562968271119254,0.6762867569923401,4.181382775306702,0.0009757729755661011,3.3104662895202637,18,3,False,False,False
EXP-T132,shadow,1,101,0.001,1e-05,22,154,0.4049134297030313,0.5832562148571014,3.68803071975708,0.0009733122526196349,3.3104662895202637,18,4,False,False,False
EXP-T132,shadow,1,101,0.001,1e-05,23,161,0.4129335599552308,0.5274553149938583,3.466158866882324,0.0009707359806323416,3.3104662895202637,18,5,False,False,False
EXP-T132,shadow,1,101,0.001,1e-05,24,168,0.33872788293021067,0.6895632147789001,4.190153360366821,0.0009680447952607845,3.3104662895202637,18,6,False,False,False
EXP-T132,shadow,1,101,0.001,1e-05,25,175,0.5088775881699154,0.499086856842041,3.320000410079956,0.0009652393605146844,3.3104662895202637,18,7,False,False,False
EXP-T132,shadow,1,101,0.001,1e-05,26,182,0.3617573933941977,0.5211936831474304,3.4061427116394043,0.000962320368593087,3.3104662895202637,18,8,False,False,False
EXP-T132,shadow,1,101,0.001,1e-05,27,189,0.31088616166796,0.6419492065906525,4.05348813533783,0.0009592885397135706,3.3104662895202637,18,9,False,False,False
EXP-T132,shadow,1,101,0.001,1e-05,28,196,0.2976977964863181,0.5751934200525284,3.7185845375061035,0.0009561446219345453,3.3104662895202637,18,10,False,False,False
EXP-T132,shadow,1,101,0.001,1e-05,29,203,0.22226383643490927,0.6073319613933563,3.882331371307373,0.0009528893909706797,3.3104662895202637,18,11,False,False,False
EXP-T132,shadow,1,101,0.001,1e-05,30,210,0.264118760025927,0.5531967878341675,3.5966804027557373,0.0009495236500015047,3.3104662895202637,18,12,False,False,False
EXP-T132,shadow,1,101,0.001,1e-05,31,217,0.23499414437849606,0.6197227239608765,3.894510269165039,0.0009460482294732421,3.3104662895202637,18,13,False,False,False
EXP-T132,shadow,1,101,0.001,1e-05,32,224,0.29206580775124685,0.5718866884708405,3.691988229751587,0.0009424639868939033,3.3104662895202637,18,14,False,False,False
EXP-T132,shadow,1,101,0.001,1e-05,33,231,0.22300759915794646,0.5826193988323212,3.712865114212036,0.0009387718066217125,3.3104662895202637,18,15,False,False,False
EXP-T132,shadow,1,101,0.001,1e-05,34,238,0.24043490844113485,0.5536819994449615,3.6088509559631348,0.0009349725996469047,3.3104662895202637,18,16,False,False,False
EXP-T132,shadow,1,101,0.001,1e-05,35,245,0.30682929924556185,0.7243398427963257,4.409303069114685,0.0009310673033669522,3.3104662895202637,18,17,False,False,False
EXP-T132,shadow,1,101,0.001,1e-05,36,252,0.3625828559909548,0.5642485618591309,3.651524305343628,0.0009270568813552756,3.3104662895202637,18,18,False,False,False
EXP-T132,shadow,1,101,0.001,1e-05,37,259,0.2521919437817165,0.6510035395622253,4.071339845657349,0.0009229423231234975,3.3104662895202637,18,19,False,False,False
EXP-T132,shadow,1,101,0.001,1e-05,38,266,0.31687893186296734,0.6931372880935669,4.311569333076477,0.0009187246438772938,3.3104662895202637,18,20,False,False,False
EXP-T132,shadow,1,101,0.001,1e-05,39,273,0.25884345386709484,0.5598915815353394,3.4993999004364014,0.0009144048842659081,3.3104662895202637,18,21,False,False,False
EXP-T132,shadow,1,101,0.001,1e-05,40,280,0.3226770418030875,0.561518669128418,3.594301700592041,0.0009099841101253866,3.3104662895202637,18,22,False,False,False
EXP-T132,shadow,1,101,0.001,1e-05,41,287,0.20697708521038294,0.6435705423355103,4.0614378452301025,0.000905463412215599,3.3104662895202637,18,23,False,False,False
EXP-T132,shadow,1,101,0.001,1e-05,42,294,0.23234197603804724,0.6180437207221985,3.790787935256958,0.0009008439059511099,3.3104662895202637,18,24,False,False,False
EXP-T132,shadow,1,101,0.001,1e-05,43,301,0.1361581115883642,0.5593219101428986,3.5864527225494385,0.0008961267311259666,3.3104662895202637,18,25,False,False,False
EXP-T132,shadow,1,101,0.001,1e-05,44,308,0.21856525646788733,0.6483223140239716,4.002667665481567,0.0008913130516324732,3.3104662895202637,18,26,False,False,False
EXP-T132,shadow,1,101,0.001,1e-05,45,315,0.1789939802672182,0.6565864086151123,4.159100294113159,0.0008864040551740157,3.3104662895202637,18,27,False,False,False
EXP-T132,shadow,1,101,0.001,1e-05,46,322,0.21647462461675918,0.5738914310932159,3.658296227455139,0.0008814009529720154,3.3104662895202637,18,28,False,False,False
EXP-T132,shadow,1,101,0.001,1e-05,47,329,0.18022332579961844,0.6501201093196869,4.129124760627747,0.0008763049794670775,3.3104662895202637,18,29,False,False,False
EXP-T132,shadow,1,101,0.001,1e-05,48,336,0.16017720422574452,0.5826352536678314,3.681963801383972,0.0008711173920144117,3.3104662895202637,18,30,False,True,False
EXP-T132,shadow,1,101,0.01,0.0001,1,7,24.697135754993983,71.45532608032227,332.33349609375,0.01,332.33349609375,1,0,True,False,False
EXP-T132,shadow,1,101,0.01,0.0001,2,14,42.9855261189597,12.248834609985352,57.92849016189575,0.00999938933078422,57.92849016189575,2,0,True,False,False
EXP-T132,shadow,1,101,0.01,0.0001,3,21,8.240947927747454,17.792469024658203,83.62163877487183,0.009997557473810372,57.92849016189575,2,1,False,False,False
EXP-T132,shadow,1,101,0.01,0.0001,4,28,9.899006537028722,15.644214630126953,73.66509532928467,0.009994504881061753,57.92849016189575,2,2,False,False,False
EXP-T132,shadow,1,101,0.01,0.0001,5,35,8.712357980864388,1.8416220545768738,9.673566699028015,0.009990232305719944,9.673566699028015,5,0,True,False,False
EXP-T132,shadow,1,101,0.01,0.0001,6,42,2.7706580587795804,0.6397868990898132,3.979217052459717,0.009984740801978984,3.979217052459717,6,0,True,False,False
EXP-T132,shadow,1,101,0.01,0.0001,7,49,0.5148923365133149,0.5428171753883362,3.484375,0.009978031724785246,3.484375,7,0,True,False,False
EXP-T132,shadow,1,101,0.01,0.0001,8,56,0.6167139136232436,0.5452235341072083,3.484375,0.00997010672950314,3.484375,7,1,False,False,False
EXP-T132,shadow,1,101,0.01,0.0001,9,63,0.5795427986553737,0.5447065532207489,3.484375,0.009960967771506667,3.484375,7,2,False,False,False
EXP-T132,shadow,1,101,0.01,0.0001,10,70,0.5458014607429504,0.5432310104370117,3.484375,0.00995061710569696,3.484375,7,3,False,False,False
EXP-T132,shadow,1,101,0.01,0.0001,11,77,0.5066925606557301,0.5445251762866974,3.484375,0.009939057285945933,3.484375,7,4,False,False,False
EXP-T132,shadow,1,101,0.01,0.0001,12,84,0.48624105751514435,0.543800950050354,3.484375,0.00992629116446613,3.484375,7,5,False,False,False
EXP-T132,shadow,1,101,0.01,0.0001,13,91,0.5889987349510193,0.5446106195449829,3.484375,0.00991232189110701,3.484375,7,6,False,False,False
EXP-T132,shadow,1,101,0.01,0.0001,14,98,1.6169437766075134,0.5436470210552216,3.484375,0.00989715291257774,3.484375,7,7,False,False,False
EXP-T132,shadow,1,101,0.01,0.0001,15,105,0.8764220135552543,0.5452565550804138,3.484375,0.0098807879715968,3.484375,7,8,False,False,False
EXP-T132,shadow,1,101,0.01,0.0001,16,112,12.720789619854518,38.2708683013916,178.5330948829651,0.0098632311059685,3.484375,7,9,False,False,False
EXP-T132,shadow,1,101,0.01,0.0001,17,119,18.36617956842695,0.5469087362289429,3.479795455932617,0.009844486647586723,3.479795455932617,17,0,True,False,False
EXP-T132,shadow,1,101,0.01,0.0001,18,126,0.6853532163160188,0.5479188859462738,3.484375,0.0098245592213661,3.479795455932617,17,1,False,False,False
EXP-T132,shadow,1,101,0.01,0.0001,19,133,2.1692682078906467,0.5458743274211884,3.484375,0.009803453744100868,3.479795455932617,17,2,False,False,False
EXP-T132,shadow,1,101,0.01,0.0001,20,140,1.516876742775951,0.5464146435260773,3.484375,0.009781175423251734,3.479795455932617,17,3,False,False,False
EXP-T132,shadow,1,101,0.01,0.0001,21,147,0.4990636536053249,0.5471306145191193,3.484375,0.009757729755661011,3.479795455932617,17,4,False,False,False
EXP-T132,shadow,1,101,0.01,0.0001,22,154,0.5528396495750972,0.5489654541015625,3.484375,0.009733122526196349,3.479795455932617,17,5,False,False,False
EXP-T132,shadow,1,101,0.01,0.0001,23,161,0.6339868136814663,0.5470432043075562,3.484375,0.009707359806323416,3.479795455932617,17,6,False,False,False
EXP-T132,shadow,1,101,0.01,0.0001,24,168,1.9559300584452493,0.5443391799926758,3.484375,0.009680447952607845,3.479795455932617,17,7,False,False,False
EXP-T132,shadow,1,101,0.01,0.0001,25,175,0.46492428039865835,0.5422536432743073,3.484375,0.009652393605146845,3.479795455932617,17,8,False,False,False
EXP-T132,shadow,1,101,0.01,0.0001,26,182,0.5859789635453906,0.5415424704551697,3.484375,0.00962320368593087,3.479795455932617,17,9,False,False,False
EXP-T132,shadow,1,101,0.01,0.0001,27,189,0.6127095179898399,0.5403774380683899,3.484375,0.009592885397135707,3.479795455932617,17,10,False,False,False
EXP-T132,shadow,1,101,0.01,0.0001,28,196,0.5265713094600609,0.5393765568733215,3.4867324829101562,0.009561446219345454,3.479795455932617,17,11,False,False,False
EXP-T132,shadow,1,101,0.01,0.0001,29,203,0.4889745520693915,0.5388061702251434,3.4912033081054688,0.009528893909706798,3.479795455932617,17,12,False,False,False
EXP-T132,shadow,1,101,0.01,0.0001,30,210,0.6088719921452659,0.5385297536849976,3.494349479675293,0.009495236500015047,3.479795455932617,17,13,False,False,False
EXP-T132,shadow,1,101,0.01,0.0001,31,217,0.4770045903112207,0.5383782684803009,3.497007369995117,0.00946048229473242,3.479795455932617,17,14,False,False,False
EXP-T132,shadow,1,101,0.01,0.0001,32,224,0.5048867017030716,0.5384378135204315,3.495785713195801,0.009424639868939034,3.479795455932617,17,15,False,False,False
EXP-T132,shadow,1,101,0.01,0.0001,33,231,0.5538775154522487,0.5391260385513306,3.4885010719299316,0.009387718066217124,3.479795455932617,17,16,False,False,False
EXP-T132,shadow,1,101,0.01,0.0001,34,238,0.4874794344816889,0.5393558740615845,3.486870288848877,0.009349725996469048,3.479795455932617,17,17,False,False,False
EXP-T132,shadow,1,101,0.01,0.0001,35,245,0.5118169571672168,0.5401215255260468,3.484375,0.00931067303366952,3.479795455932617,17,18,False,False,False
EXP-T132,shadow,1,101,0.01,0.0001,36,252,0.7136313787528447,0.5400128066539764,3.484375,0.009270568813552756,3.479795455932617,17,19,False,False,False
EXP-T132,shadow,1,101,0.01,0.0001,37,259,0.5821639384542193,0.5393558144569397,3.486870765686035,0.009229423231234974,3.479795455932617,17,20,False,False,False
EXP-T132,shadow,1,101,0.01,0.0001,38,266,0.7032837058816638,0.538856565952301,3.490731716156006,0.009187246438772938,3.479795455932617,17,21,False,False,False
EXP-T132,shadow,1,101,0.01,0.0001,39,273,0.5559018382004329,0.5395501554012299,3.4856247901916504,0.009144048842659082,3.479795455932617,17,22,False,False,False
EXP-T132,shadow,1,101,0.01,0.0001,40,280,0.4845709034374782,0.541178286075592,3.484375,0.009099841101253866,3.479795455932617,17,23,False,False,False
EXP-T132,shadow,1,101,0.01,0.0001,41,287,0.6918352586882455,0.5429980754852295,3.484375,0.00905463412215599,3.479795455932617,17,24,False,False,False
EXP-T132,shadow,1,101,0.01,0.0001,42,294,0.47312727064958643,0.5449834764003754,3.484375,0.0090084390595111,3.479795455932617,17,25,False,False,False
EXP-T132,shadow,1,101,0.01,0.0001,43,301,0.4754852833492415,0.5466064214706421,3.484375,0.008961267311259666,3.479795455932617,17,26,False,False,False
EXP-T132,shadow,1,101,0.01,0.0001,44,308,0.48739928752183914,0.5469861626625061,3.484375,0.008913130516324731,3.479795455932617,17,27,False,False,False
EXP-T132,shadow,1,101,0.01,0.0001,45,315,0.4732193582292114,0.5479216575622559,3.484375,0.008864040551740157,3.479795455932617,17,28,False,False,False
EXP-T132,shadow,1,101,0.01,0.0001,46,322,0.5406963101455143,0.5487525165081024,3.484375,0.008814009529720154,3.479795455932617,17,29,False,False,False
EXP-T132,shadow,1,101,0.01,0.0001,47,329,0.5394736656120845,0.5504879057407379,3.4853944778442383,0.008763049794670776,3.479795455932617,17,30,False,True,False
EXP-T132,shadow,2,101,1e-05,1.0000000000000001e-07,1,7,0.609149272952761,0.5958458781242371,3.5199599266052246,1e-05,3.5199599266052246,1,0,True,False,False
EXP-T132,shadow,2,101,1e-05,1.0000000000000001e-07,2,14,0.5370125110660281,0.5871326625347137,3.4982523918151855,9.99938933078422e-06,3.4982523918151855,2,0,True,False,False
EXP-T132,shadow,2,101,1e-05,1.0000000000000001e-07,3,21,0.5295705092804772,0.5899426341056824,3.520087242126465,9.997557473810373e-06,3.4982523918151855,2,1,False,False,False
EXP-T132,shadow,2,101,1e-05,1.0000000000000001e-07,4,28,0.5983640040670123,0.5915084481239319,3.5341250896453857,9.994504881061752e-06,3.4982523918151855,2,2,False,False,False
EXP-T132,shadow,2,101,1e-05,1.0000000000000001e-07,5,35,0.4964180246793798,0.5909713804721832,3.5313990116119385,9.990232305719944e-06,3.4982523918151855,2,3,False,False,False
EXP-T132,shadow,2,101,1e-05,1.0000000000000001e-07,6,42,0.5925540796348027,0.5908117890357971,3.5313363075256348,9.984740801978984e-06,3.4982523918151855,2,4,False,False,False
EXP-T132,shadow,2,101,1e-05,1.0000000000000001e-07,7,49,0.5289476428713117,0.5892834663391113,3.5212345123291016,9.978031724785247e-06,3.4982523918151855,2,5,False,False,False
EXP-T132,shadow,2,101,1e-05,1.0000000000000001e-07,8,56,0.511517869574683,0.5869609415531158,3.5082144737243652,9.97010672950314e-06,3.4982523918151855,2,6,False,False,False
EXP-T132,shadow,2,101,1e-05,1.0000000000000001e-07,9,63,0.5569093780858176,0.5839076638221741,3.4921462535858154,9.960967771506666e-06,3.4921462535858154,9,0,True,False,False
EXP-T132,shadow,2,101,1e-05,1.0000000000000001e-07,10,70,0.5006958757128034,0.5840323269367218,3.4927804470062256,9.950617105696961e-06,3.4921462535858154,9,1,False,False,False
EXP-T132,shadow,2,101,1e-05,1.0000000000000001e-07,11,77,0.5747813923018319,0.5847561955451965,3.49731183052063,9.939057285945933e-06,3.4921462535858154,9,2,False,False,False
EXP-T132,shadow,2,101,1e-05,1.0000000000000001e-07,12,84,0.5556263370173318,0.584692656993866,3.498483657836914,9.926291164466131e-06,3.4921462535858154,9,3,False,False,False
EXP-T132,shadow,2,101,1e-05,1.0000000000000001e-07,13,91,0.5513672700950077,0.5845842361450195,3.4989070892333984,9.91232189110701e-06,3.4921462535858154,9,4,False,False,False
EXP-T132,shadow,2,101,1e-05,1.0000000000000001e-07,14,98,0.609339530978884,0.584086000919342,3.4968936443328857,9.897152912577742e-06,3.4921462535858154,9,5,False,False,False
EXP-T132,shadow,2,101,1e-05,1.0000000000000001e-07,15,105,0.5586124317986625,0.5846867263317108,3.500730514526367,9.8807879715968e-06,3.4921462535858154,9,6,False,False,False
EXP-T132,shadow,2,101,1e-05,1.0000000000000001e-07,16,112,0.5277252239840371,0.5835848450660706,3.4953980445861816,9.8632311059685e-06,3.4921462535858154,9,7,False,False,False
EXP-T132,shadow,2,101,1e-05,1.0000000000000001e-07,17,119,0.6214832791260311,0.5817773044109344,3.48534893989563,9.844486647586724e-06,3.48534893989563,17,0,True,False,False
EXP-T132,shadow,2,101,1e-05,1.0000000000000001e-07,18,126,0.5448933328901019,0.5794491767883301,3.470111131668091,9.824559221366101e-06,3.470111131668091,18,0,True,False,False
EXP-T132,shadow,2,101,1e-05,1.0000000000000001e-07,19,133,0.5185429113251823,0.5799586772918701,3.475749969482422,9.803453744100868e-06,3.470111131668091,18,1,False,False,False
EXP-T132,shadow,2,101,1e-05,1.0000000000000001e-07,20,140,0.4917357691696712,0.5795508623123169,3.474705457687378,9.781175423251734e-06,3.470111131668091,18,2,False,False,False
EXP-T132,shadow,2,101,1e-05,1.0000000000000001e-07,21,147,0.49087449056761606,0.5798534154891968,3.477790117263794,9.757729755661012e-06,3.470111131668091,18,3,False,False,False
EXP-T132,shadow,2,101,1e-05,1.0000000000000001e-07,22,154,0.5668524205684662,0.5800558626651764,3.4796228408813477,9.73312252619635e-06,3.470111131668091,18,4,False,False,False
EXP-T132,shadow,2,101,1e-05,1.0000000000000001e-07,23,161,0.5612260401248932,0.5781053006649017,3.468754291534424,9.707359806323418e-06,3.468754291534424,23,0,True,False,False
EXP-T132,shadow,2,101,1e-05,1.0000000000000001e-07,24,168,0.573157821382795,0.5766515731811523,3.4598913192749023,9.680447952607845e-06,3.4598913192749023,24,0,True,False,False
EXP-T132,shadow,2,101,1e-05,1.0000000000000001e-07,25,175,0.4987967610359192,0.5764350295066833,3.4596433639526367,9.652393605146845e-06,3.4596433639526367,25,0,True,False,False
EXP-T132,shadow,2,101,1e-05,1.0000000000000001e-07,26,182,0.5215354859828949,0.5758880972862244,3.4568490982055664,9.62320368593087e-06,3.4568490982055664,26,0,True,False,False
EXP-T132,shadow,2,101,1e-05,1.0000000000000001e-07,27,189,0.665656851870673,0.5760110020637512,3.4586691856384277,9.592885397135707e-06,3.4568490982055664,26,1,False,False,False
EXP-T132,shadow,2,101,1e-05,1.0000000000000001e-07,28,196,0.5007986830813544,0.5757670700550079,3.4579660892486572,9.561446219345455e-06,3.4568490982055664,26,2,False,False,False
EXP-T132,shadow,2,101,1e-05,1.0000000000000001e-07,29,203,0.6391897244112832,0.5748586058616638,3.452881336212158,9.528893909706798e-06,3.452881336212158,29,0,True,False,False
EXP-T132,shadow,2,101,1e-05,1.0000000000000001e-07,30,210,0.5485885483877999,0.5739158391952515,3.44747257232666,9.495236500015048e-06,3.44747257232666,30,0,True,False,False
EXP-T132,shadow,2,101,1e-05,1.0000000000000001e-07,31,217,0.6225549536091941,0.572563648223877,3.4388580322265625,9.460482294732422e-06,3.4388580322265625,31,0,True,False,False
EXP-T132,shadow,2,101,1e-05,1.0000000000000001e-07,32,224,0.5301755922181266,0.5718979239463806,3.435750961303711,9.424639868939035e-06,3.435750961303711,32,0,True,False,False
EXP-T132,shadow,2,101,1e-05,1.0000000000000001e-07,33,231,0.48560369866234915,0.5713082253932953,3.4340620040893555,9.387718066217125e-06,3.4340620040893555,33,0,True,False,False
EXP-T132,shadow,2,101,1e-05,1.0000000000000001e-07,34,238,0.6909647073064532,0.570176899433136,3.4298436641693115,9.349725996469047e-06,3.4298436641693115,34,0,True,False,False
EXP-T132,shadow,2,101,1e-05,1.0000000000000001e-07,35,245,0.5211891276495797,0.5703656673431396,3.431687116622925,9.310673033669522e-06,3.4298436641693115,34,1,False,False,False
EXP-T132,shadow,2,101,1e-05,1.0000000000000001e-07,36,252,0.49012721862111774,0.5719848275184631,3.439683198928833,9.270568813552757e-06,3.4298436641693115,34,2,False,False,False
EXP-T132,shadow,2,101,1e-05,1.0000000000000001e-07,37,259,0.5115782065050942,0.5728089809417725,3.4443230628967285,9.229423231234975e-06,3.4298436641693115,34,3,False,False,False
EXP-T132,shadow,2,101,1e-05,1.0000000000000001e-07,38,266,0.4815522474902017,0.5722882151603699,3.4417667388916016,9.18724643877294e-06,3.4298436641693115,34,4,False,False,False
EXP-T132,shadow,2,101,1e-05,1.0000000000000001e-07,39,273,0.5182259167943682,0.5710185170173645,3.4351227283477783,9.144048842659081e-06,3.4298436641693115,34,5,False,False,False
EXP-T132,shadow,2,101,1e-05,1.0000000000000001e-07,40,280,0.5450755059719086,0.5689401924610138,3.4276137351989746,9.099841101253867e-06,3.4276137351989746,40,0,True,False,False
EXP-T132,shadow,2,101,1e-05,1.0000000000000001e-07,41,287,0.5005599239042827,0.5674236118793488,3.422368049621582,9.054634122155991e-06,3.422368049621582,41,0,True,False,False
EXP-T132,shadow,2,101,1e-05,1.0000000000000001e-07,42,294,0.6641638917582375,0.5658602714538574,3.4160335063934326,9.0084390595111e-06,3.4160335063934326,42,0,True,False,False
EXP-T132,shadow,2,101,1e-05,1.0000000000000001e-07,43,301,0.6432902259486062,0.5659711956977844,3.417222023010254,8.961267311259668e-06,3.4160335063934326,42,1,False,False,False
EXP-T132,shadow,2,101,1e-05,1.0000000000000001e-07,44,308,0.5677107998303005,0.5675576329231262,3.422858715057373,8.913130516324733e-06,3.4160335063934326,42,2,False,False,False
EXP-T132,shadow,2,101,1e-05,1.0000000000000001e-07,45,315,0.5236197582312992,0.5700516402721405,3.429802656173706,8.864040551740158e-06,3.4160335063934326,42,3,False,False,False
EXP-T132,shadow,2,101,1e-05,1.0000000000000001e-07,46,322,0.5000948320542064,0.5706101357936859,3.431903839111328,8.814009529720155e-06,3.4160335063934326,42,4,False,False,False
EXP-T132,shadow,2,101,1e-05,1.0000000000000001e-07,47,329,0.5222647573266711,0.5699267089366913,3.428374767303467,8.763049794670776e-06,3.4160335063934326,42,5,False,False,False
EXP-T132,shadow,2,101,1e-05,1.0000000000000001e-07,48,336,0.6100532795701709,0.5675770789384842,3.421292543411255,8.711173920144118e-06,3.4160335063934326,42,6,False,False,False
EXP-T132,shadow,2,101,1e-05,1.0000000000000001e-07,49,343,0.5097302113260541,0.5657164603471756,3.415543556213379,8.658394705735988e-06,3.415543556213379,49,0,True,False,False
EXP-T132,shadow,2,101,1e-05,1.0000000000000001e-07,50,350,0.49923653262002127,0.5643502771854401,3.4112110137939453,8.604725173927786e-06,3.4112110137939453,50,0,True,False,False
EXP-T132,shadow,2,101,1e-05,1.0000000000000001e-07,51,357,0.6348237821034023,0.5649865120649338,3.412372589111328,8.550178566873412e-06,3.4112110137939453,50,1,False,False,False
EXP-T132,shadow,2,101,1e-05,1.0000000000000001e-07,52,364,0.6243342714650291,0.5646064877510071,3.4105639457702637,8.494768343131955e-06,3.4105639457702637,52,0,True,False,False
EXP-T132,shadow,2,101,1e-05,1.0000000000000001e-07,53,371,0.5160741422857557,0.5644614696502686,3.4093892574310303,8.43850817434701e-06,3.4093892574310303,53,0,True,False,False
EXP-T132,shadow,2,101,1e-05,1.0000000000000001e-07,54,378,0.71091314298766,0.5628524720668793,3.404431104660034,8.381411941873379e-06,3.404431104660034,54,0,True,False,False
EXP-T132,shadow,2,101,1e-05,1.0000000000000001e-07,55,385,0.4867654634373529,0.5616516023874283,3.400402545928955,8.323493733352078e-06,3.400402545928955,55,0,True,False,False
EXP-T132,shadow,2,101,1e-05,1.0000000000000001e-07,56,392,0.5540623792580196,0.559227466583252,3.3925046920776367,8.26476783923441e-06,3.3925046920776367,56,0,True,False,False
EXP-T132,shadow,2,101,1e-05,1.0000000000000001e-07,57,399,0.49570745655468534,0.5588723123073578,3.3910984992980957,8.205248749256014e-06,3.3910984992980957,57,0,True,False,False
EXP-T132,shadow,2,101,1e-05,1.0000000000000001e-07,58,406,0.49464131040232523,0.558214396238327,3.388871192932129,8.144951148861743e-06,3.388871192932129,58,0,True,False,False
EXP-T132,shadow,2,101,1e-05,1.0000000000000001e-07,59,413,0.6468451917171478,0.5586846172809601,3.3901960849761963,8.083889915582235e-06,3.388871192932129,58,1,False,False,False
EXP-T132,shadow,2,101,1e-05,1.0000000000000001e-07,60,420,0.5780380751405444,0.5578096807003021,3.387019157409668,8.022080115363127e-06,3.387019157409668,60,0,True,False,False
EXP-T132,shadow,2,101,1e-05,1.0000000000000001e-07,61,427,0.612446699823652,0.5564283132553101,3.382105588912964,7.959536998847744e-06,3.382105588912964,61,0,True,False,False
EXP-T132,shadow,2,101,1e-05,1.0000000000000001e-07,62,434,0.4706495872565678,0.55641870200634,3.3815314769744873,7.89627599761423e-06,3.3815314769744873,62,0,True,False,False
EXP-T132,shadow,2,101,1e-05,1.0000000000000001e-07,63,441,0.5042233275515693,0.5574706196784973,3.3836185932159424,7.832312720368048e-06,3.3815314769744873,62,1,False,False,False
EXP-T132,shadow,2,101,1e-05,1.0000000000000001e-07,64,448,0.44683300810200827,0.5581796020269394,3.3846654891967773,7.767662949090754e-06,3.3815314769744873,62,2,False,False,False
EXP-T132,shadow,2,101,1e-05,1.0000000000000001e-07,65,455,0.4818137841565268,0.5573462694883347,3.3819966316223145,7.702342635146033e-06,3.3815314769744873,62,3,False,False,False
EXP-T132,shadow,2,101,1e-05,1.0000000000000001e-07,66,462,0.45087361122880665,0.5578505992889404,3.3819639682769775,7.636367895343947e-06,3.3815314769744873,62,4,False,False,False
EXP-T132,shadow,2,101,1e-05,1.0000000000000001e-07,67,469,0.44585482789469616,0.5575437992811203,3.3799591064453125,7.5697550079643376e-06,3.3799591064453125,67,0,True,False,False
EXP-T132,shadow,2,101,1e-05,1.0000000000000001e-07,68,476,0.5162462208952222,0.5559476912021637,3.375095844268799,7.502520408740418e-06,3.375095844268799,68,0,True,False,False
EXP-T132,shadow,2,101,1e-05,1.0000000000000001e-07,69,483,0.5003625495093209,0.5542111694812775,3.369417190551758,7.43468068680349e-06,3.369417190551758,69,0,True,False,False
EXP-T132,shadow,2,101,1e-05,1.0000000000000001e-07,70,490,0.5220771219049182,0.555042177438736,3.3701045513153076,7.366252580589839e-06,3.369417190551758,69,1,False,False,False
EXP-T132,shadow,2,101,1e-05,1.0000000000000001e-07,71,497,0.4648219703563622,0.5556816607713699,3.3710081577301025,7.297252973710756e-06,3.369417190551758,69,2,False,False,False
EXP-T132,shadow,2,101,1e-05,1.0000000000000001e-07,72,504,0.5335797199181148,0.5553367435932159,3.370481252670288,7.227698890786779e-06,3.369417190551758,69,3,False,False,False
EXP-T132,shadow,2,101,1e-05,1.0000000000000001e-07,73,511,0.4875640273094177,0.5557827353477478,3.3732211589813232,7.15760749324711e-06,3.369417190551758,69,4,False,False,False
EXP-T132,shadow,2,101,1e-05,1.0000000000000001e-07,74,518,0.5627335011959076,0.555194765329361,3.3715789318084717,7.086996075095289e-06,3.369417190551758,69,5,False,False,False
EXP-T132,shadow,2,101,1e-05,1.0000000000000001e-07,75,525,0.5088799382959094,0.5516791641712189,3.357637643814087,7.015882058642164e-06,3.357637643814087,75,0,True,False,False
EXP-T132,shadow,2,101,1e-05,1.0000000000000001e-07,76,532,0.5264566668442318,0.550347775220871,3.352470874786377,6.9442829902071945e-06,3.352470874786377,76,0,True,False,False
EXP-T132,shadow,2,101,1e-05,1.0000000000000001e-07,77,539,0.44978401490620207,0.5497930347919464,3.351161479949951,6.8722165357891564e-06,3.351161479949951,77,0,True,False,False
EXP-T132,shadow,2,101,1e-05,1.0000000000000001e-07,78,546,0.5856749372822898,0.5499368011951447,3.3531277179718018,6.799700476707323e-06,3.351161479949951,77,1,False,False,False
EXP-T132,shadow,2,101,1e-05,1.0000000000000001e-07,79,553,0.529178397996085,0.5508341640233994,3.3579094409942627,6.726752705214193e-06,3.351161479949951,77,2,False,False,False
EXP-T132,shadow,2,101,1e-05,1.0000000000000001e-07,80,560,0.5167836419173649,0.5519154667854309,3.362929582595825,6.65339122008084e-06,3.351161479949951,77,3,False,False,False
EXP-T132,shadow,2,101,1e-05,1.0000000000000001e-07,81,567,0.5097952655383519,0.5511017739772797,3.360238790512085,6.57963412215599e-06,3.351161479949951,77,4,False,False,False
EXP-T132,shadow,2,101,1e-05,1.0000000000000001e-07,82,574,0.667613046509879,0.5483750849962234,3.3498194217681885,6.505499609899905e-06,3.3498194217681885,82,0,True,False,False
EXP-T132,shadow,2,101,1e-05,1.0000000000000001e-07,83,581,0.5976075189454215,0.5466364771127701,3.3429808616638184,6.431005974894185e-06,3.3429808616638184,83,0,True,False,False
EXP-T132,shadow,2,101,1e-05,1.0000000000000001e-07,84,588,0.5089009404182434,0.5466475188732147,3.343930959701538,6.356171597328595e-06,3.3429808616638184,83,1,False,False,False
EXP-T132,shadow,2,101,1e-05,1.0000000000000001e-07,85,595,0.5286575087479183,0.5471754372119904,3.3469889163970947,6.28101494146603e-06,3.3429808616638184,83,2,False,False,False
EXP-T132,shadow,2,101,1e-05,1.0000000000000001e-07,86,602,0.5430356647287097,0.5458797216415405,3.3419687747955322,6.205554551086732e-06,3.3419687747955322,86,0,True,False,False
EXP-T132,shadow,2,101,1e-05,1.0000000000000001e-07,87,609,0.4178015408771379,0.546415239572525,3.344991683959961,6.129809044912887e-06,3.3419687747955322,86,1,False,False,False
EXP-T132,shadow,2,101,1e-05,1.0000000000000001e-07,88,616,0.4939915133374078,0.547972708940506,3.35174822807312,6.053797112014738e-06,3.3419687747955322,86,2,False,False,False
EXP-T132,shadow,2,101,1e-05,1.0000000000000001e-07,89,623,0.44256960281303953,0.5471288412809372,3.3487792015075684,5.977537507199338e-06,3.3419687747955322,86,3,False,False,False
EXP-T132,shadow,2,101,1e-05,1.0000000000000001e-07,90,630,0.45976354820387705,0.5462043881416321,3.34555721282959,5.901049046383077e-06,3.3419687747955322,86,4,False,False,False
EXP-T132,shadow,2,101,1e-05,1.0000000000000001e-07,91,637,0.4999813863209316,0.5448429584503174,3.340449094772339,5.824350601949143e-06,3.340449094772339,91,0,True,False,False
EXP-T132,shadow,2,101,1e-05,1.0000000000000001e-07,92,644,0.5784748920372554,0.5419644564390182,3.3279359340667725,5.7474610980910354e-06,3.3279359340667725,92,0,True,False,False
EXP-T132,shadow,2,101,1e-05,1.0000000000000001e-07,93,651,0.4499916923897607,0.5420394539833069,3.3289501667022705,5.6703995061433075e-06,3.3279359340667725,92,1,False,False,False
EXP-T132,shadow,2,101,1e-05,1.0000000000000001e-07,94,658,0.4977218806743622,0.5431699454784393,3.3344194889068604,5.5931848399006745e-06,3.3279359340667725,92,2,False,False,False
EXP-T132,shadow,2,101,1e-05,1.0000000000000001e-07,95,665,0.4170003344437906,0.5440822243690491,3.338373899459839,5.515836150926646e-06,3.3279359340667725,92,3,False,False,False
EXP-T132,shadow,2,101,1e-05,1.0000000000000001e-07,96,672,0.6249002601419177,0.5425926446914673,3.3324599266052246,5.438372523852833e-06,3.3279359340667725,92,4,False,False,False
EXP-T132,shadow,2,101,1e-05,1.0000000000000001e-07,97,679,0.46722626260348726,0.5429448485374451,3.3340260982513428,5.360813071670101e-06,3.3279359340667725,92,5,False,False,False
EXP-T132,shadow,2,101,1e-05,1.0000000000000001e-07,98,686,0.5281168052128383,0.5415661931037903,3.328479528427124,5.283176931012731e-06,3.3279359340667725,92,6,False,False,False
EXP-T132,shadow,2,101,1e-05,1.0000000000000001e-07,99,693,0.5090092250279018,0.5406589508056641,3.324720621109009,5.205483257436735e-06,3.324720621109009,99,0,True,False,False
EXP-T132,shadow,2,101,1e-05,1.0000000000000001e-07,100,700,0.489742249250412,0.5403985977172852,3.323613166809082,5.127751220693512e-06,3.323613166809082,100,0,True,False,False
EXP-T132,shadow,2,101,1e-05,1.0000000000000001e-07,101,707,0.5202850231102535,0.539667546749115,3.32051420211792,5.05e-06,3.32051420211792,101,0,True,False,False
EXP-T132,shadow,2,101,1e-05,1.0000000000000001e-07,102,714,0.47525242396763395,0.5402220189571381,3.3229825496673584,4.972248779306488e-06,3.32051420211792,101,1,False,False,False
EXP-T132,shadow,2,101,1e-05,1.0000000000000001e-07,103,721,0.5704004423958915,0.5396440327167511,3.3204612731933594,4.8945167425632645e-06,3.3204612731933594,103,0,True,False,False
EXP-T132,shadow,2,101,1e-05,1.0000000000000001e-07,104,728,0.4722615033388138,0.5408227443695068,3.325086832046509,4.816823068987269e-06,3.3204612731933594,103,1,False,False,False
EXP-T132,shadow,2,101,1e-05,1.0000000000000001e-07,105,735,0.4900551268032619,0.5408975332975388,3.324984073638916,4.7391869283298985e-06,3.3204612731933594,103,2,False,False,False
EXP-T132,shadow,2,101,1e-05,1.0000000000000001e-07,106,742,0.5767592702593122,0.5400108247995377,3.3211700916290283,4.661627476147168e-06,3.3204612731933594,103,3,False,False,False
EXP-T132,shadow,2,101,1e-05,1.0000000000000001e-07,107,749,0.548020384141377,0.5370388925075531,3.3084774017333984,4.584163849073354e-06,3.3084774017333984,107,0,True,False,False
EXP-T132,shadow,2,101,1e-05,1.0000000000000001e-07,108,756,0.48334184288978577,0.5365160703659058,3.306097984313965,4.506815160099326e-06,3.306097984313965,108,0,True,False,False
EXP-T132,shadow,2,101,1e-05,1.0000000000000001e-07,109,763,0.42139493354729246,0.5365846455097198,3.3063175678253174,4.429600493856694e-06,3.306097984313965,108,1,False,False,False
EXP-T132,shadow,2,101,1e-05,1.0000000000000001e-07,110,770,0.45337133961064474,0.5386078357696533,3.3147380352020264,4.352538901908967e-06,3.306097984313965,108,2,False,False,False
EXP-T132,shadow,2,101,1e-05,1.0000000000000001e-07,111,777,0.409317315689155,0.5412285327911377,3.324578046798706,4.275649398050858e-06,3.306097984313965,108,3,False,False,False
EXP-T132,shadow,2,101,1e-05,1.0000000000000001e-07,112,784,0.4186472168990544,0.5420324802398682,3.327026605606079,4.198950953616922e-06,3.306097984313965,108,4,False,False,False
EXP-T132,shadow,2,101,1e-05,1.0000000000000001e-07,113,791,0.4348244879926954,0.5410296320915222,3.323021650314331,4.122462492800663e-06,3.306097984313965,108,5,False,False,False
EXP-T132,shadow,2,101,1e-05,1.0000000000000001e-07,114,798,0.49224220854895456,0.5399618297815323,3.318742036819458,4.046202887985263e-06,3.306097984313965,108,6,False,False,False
EXP-T132,shadow,2,101,1e-05,1.0000000000000001e-07,115,805,0.4472534017903464,0.5378999710083008,3.3105592727661133,3.970190955087116e-06,3.306097984313965,108,7,False,False,False
EXP-T132,shadow,2,101,1e-05,1.0000000000000001e-07,116,812,0.4887230566569737,0.5378147959709167,3.309938669204712,3.894445448913268e-06,3.306097984313965,108,8,False,False,False
EXP-T132,shadow,2,101,1e-05,1.0000000000000001e-07,117,819,0.42012382724455427,0.5368654280900955,3.3057100772857666,3.818985058533969e-06,3.3057100772857666,117,0,True,False,False
EXP-T132,shadow,2,101,1e-05,1.0000000000000001e-07,118,826,0.49698209336825777,0.5364471077919006,3.3036701679229736,3.7438284026714044e-06,3.3036701679229736,118,0,True,False,False
EXP-T132,shadow,2,101,1e-05,1.0000000000000001e-07,119,833,0.5664481627089637,0.5354713648557663,3.3013036251068115,3.6689940251058153e-06,3.3013036251068115,119,0,True,False,False
EXP-T132,shadow,2,101,1e-05,1.0000000000000001e-07,120,840,0.43247753168855396,0.5362028777599335,3.302971839904785,3.594500390100096e-06,3.3013036251068115,119,1,False,False,False
EXP-T132,shadow,2,101,1e-05,1.0000000000000001e-07,121,847,0.4300298166594335,0.5362828969955444,3.303133010864258,3.5203658778440116e-06,3.3013036251068115,119,2,False,False,False
EXP-T132,shadow,2,101,1e-05,1.0000000000000001e-07,122,854,0.41320775342839106,0.5365408360958099,3.303858757019043,3.4466087799191603e-06,3.3013036251068115,119,3,False,False,False
EXP-T132,shadow,2,101,1e-05,1.0000000000000001e-07,123,861,0.46267941168376375,0.537749856710434,3.306663990020752,3.3732472947858077e-06,3.3013036251068115,119,4,False,False,False
EXP-T132,shadow,2,101,1e-05,1.0000000000000001e-07,124,868,0.4967567878110068,0.5383431911468506,3.308445692062378,3.300299523292678e-06,3.3013036251068115,119,5,False,False,False
EXP-T132,shadow,2,101,1e-05,1.0000000000000001e-07,125,875,0.446201354265213,0.538344144821167,3.308178186416626,3.227783464210845e-06,3.3013036251068115,119,6,False,False,False
EXP-T132,shadow,2,101,1e-05,1.0000000000000001e-07,126,882,0.3940142548776099,0.5380348563194275,3.3065974712371826,3.155717009792807e-06,3.3013036251068115,119,7,False,False,False
EXP-T132,shadow,2,101,1e-05,1.0000000000000001e-07,127,889,0.4805313987391336,0.5387535989284515,3.3087072372436523,3.0841179413578354e-06,3.3013036251068115,119,8,False,False,False
EXP-T132,shadow,2,101,1e-05,1.0000000000000001e-07,128,896,0.43403415169034687,0.5389216244220734,3.3088788986206055,3.0130039249047117e-06,3.3013036251068115,119,9,False,False,False
EXP-T132,shadow,2,101,1e-05,1.0000000000000001e-07,129,903,0.5949834840638297,0.5382210463285446,3.306905746459961,2.9423925067528904e-06,3.3013036251068115,119,10,False,False,False
EXP-T132,shadow,2,101,1e-05,1.0000000000000001e-07,130,910,0.4262654738766806,0.5376457571983337,3.305804491043091,2.87230110921322e-06,3.3013036251068115,119,11,False,False,False
EXP-T132,shadow,2,101,1e-05,1.0000000000000001e-07,131,917,0.4004679875714438,0.5369135439395905,3.3044772148132324,2.8027470262892435e-06,3.3013036251068115,119,12,False,False,False
EXP-T132,shadow,2,101,1e-05,1.0000000000000001e-07,132,924,0.434460916689464,0.5357668846845627,3.3020825386047363,2.7337474194101625e-06,3.3013036251068115,119,13,False,False,False
EXP-T132,shadow,2,101,1e-05,1.0000000000000001e-07,133,931,0.4405642492430551,0.5346152782440186,3.2997570037841797,2.6653193131965085e-06,3.2997570037841797,133,0,True,False,False
EXP-T132,shadow,2,101,1e-05,1.0000000000000001e-07,134,938,0.4738948813506535,0.5348916053771973,3.3002445697784424,2.5974795912595824e-06,3.2997570037841797,133,1,False,False,False
EXP-T132,shadow,2,101,1e-05,1.0000000000000001e-07,135,945,0.5220033015523639,0.5358392149209976,3.3019704818725586,2.530244992035662e-06,3.2997570037841797,133,2,False,False,False
EXP-T132,shadow,2,101,1e-05,1.0000000000000001e-07,136,952,0.5284154287406376,0.5370569825172424,3.3039984703063965,2.4636321046560533e-06,3.2997570037841797,133,3,False,False,False
EXP-T132,shadow,2,101,1e-05,1.0000000000000001e-07,137,959,0.42596707173756193,0.5363566279411316,3.3026175498962402,2.3976573648539653e-06,3.2997570037841797,133,4,False,False,False
EXP-T132,shadow,2,101,1e-05,1.0000000000000001e-07,138,966,0.6086552313395909,0.5349210202693939,3.2997851371765137,2.332337050909247e-06,3.2997570037841797,133,5,False,False,False
EXP-T132,shadow,2,101,1e-05,1.0000000000000001e-07,139,973,0.4253275990486145,0.5355672538280487,3.300746202468872,2.267687279631953e-06,3.2997570037841797,133,6,False,False,False
EXP-T132,shadow,2,101,1e-05,1.0000000000000001e-07,140,980,0.5229090792792184,0.5369073897600174,3.3031182289123535,2.2037240023857708e-06,3.2997570037841797,133,7,False,False,False
EXP-T132,shadow,2,101,1e-05,1.0000000000000001e-07,141,987,0.43899830111435484,0.5378806442022324,3.3046863079071045,2.1404630011522584e-06,3.2997570037841797,133,8,False,False,False
EXP-T132,shadow,2,101,1e-05,1.0000000000000001e-07,142,994,0.38555822627885,0.5380416214466095,3.3047940731048584,2.0779198846368745e-06,3.2997570037841797,133,9,False,False,False
EXP-T132,shadow,2,101,1e-05,1.0000000000000001e-07,143,1001,0.5207039373261588,0.5381894111633301,3.3049237728118896,2.0161100844177658e-06,3.2997570037841797,133,10,False,False,False
EXP-T132,shadow,2,101,1e-05,1.0000000000000001e-07,144,1008,0.4900599334921156,0.537453681230545,3.3035085201263428,1.9550488511382593e-06,3.2997570037841797,133,11,False,False,False
EXP-T132,shadow,2,101,1e-05,1.0000000000000001e-07,145,1015,0.40259955504110884,0.5374796092510223,3.303539752960205,1.894751250743986e-06,3.2997570037841797,133,12,False,False,False
EXP-T132,shadow,2,101,1e-05,1.0000000000000001e-07,146,1022,0.5552865820271629,0.5368045121431351,3.3023431301116943,1.8352321607655916e-06,3.2997570037841797,133,13,False,False,False
EXP-T132,shadow,2,101,1e-05,1.0000000000000001e-07,147,1029,0.43944760305540903,0.5368040651082993,3.30226993560791,1.7765062666479242e-06,3.2997570037841797,133,14,False,False,False
EXP-T132,shadow,2,101,1e-05,1.0000000000000001e-07,148,1036,0.44469214762960163,0.5378594398498535,3.3039298057556152,1.7185880581266217e-06,3.2997570037841797,133,15,False,False,False
EXP-T132,shadow,2,101,1e-05,1.0000000000000001e-07,149,1043,0.4580990416663034,0.5378598868846893,3.3037326335906982,1.6614918256529908e-06,3.2997570037841797,133,16,False,False,False
EXP-T132,shadow,2,101,1e-05,1.0000000000000001e-07,150,1050,0.4234154203108379,0.5372693836688995,3.302522897720337,1.6052316568680442e-06,3.2997570037841797,133,17,False,False,False
EXP-T132,shadow,2,101,1e-05,1.0000000000000001e-07,151,1057,0.45694475940295626,0.5370434671640396,3.3019373416900635,1.5498214331265902e-06,3.2997570037841797,133,18,False,False,False
EXP-T132,shadow,2,101,1e-05,1.0000000000000001e-07,152,1064,0.44198584130832125,0.5370887219905853,3.301996946334839,1.495274826072216e-06,3.2997570037841797,133,19,False,False,False
EXP-T132,shadow,2,101,1e-05,1.0000000000000001e-07,153,1071,0.4403480759688786,0.5370961427688599,3.3019659519195557,1.441605294264014e-06,3.2997570037841797,133,20,False,False,False
EXP-T132,shadow,2,101,1e-05,1.0000000000000001e-07,154,1078,0.4818166664668492,0.5359319895505905,3.2998692989349365,1.3888260798558817e-06,3.2997570037841797,133,21,False,False,False
EXP-T132,shadow,2,101,1e-05,1.0000000000000001e-07,155,1085,0.41407033588205067,0.5351655185222626,3.298396110534668,1.3369502053292252e-06,3.298396110534668,155,0,True,False,False
EXP-T132,shadow,2,101,1e-05,1.0000000000000001e-07,156,1092,0.4220262403999056,0.5350611060857773,3.2980284690856934,1.285990470279847e-06,3.2980284690856934,156,0,True,False,False
EXP-T132,shadow,2,101,1e-05,1.0000000000000001e-07,157,1099,0.46466984919139315,0.534827470779419,3.2974088191986084,1.2359594482598438e-06,3.2974088191986084,157,0,True,False,False
EXP-T132,shadow,2,101,1e-05,1.0000000000000001e-07,158,1106,0.5626062154769897,0.5342555642127991,3.296173334121704,1.1868694836752686e-06,3.296173334121704,158,0,True,False,False
EXP-T132,shadow,2,101,1e-05,1.0000000000000001e-07,159,1113,0.5185802706650325,0.5338293164968491,3.2952585220336914,1.1387326887403326e-06,3.2952585220336914,159,0,True,False,False
EXP-T132,shadow,2,101,1e-05,1.0000000000000001e-07,160,1120,0.3898420397724424,0.5336272120475769,3.2947685718536377,1.0915609404889017e-06,3.2947685718536377,160,0,True,False,False
EXP-T132,shadow,2,101,1e-05,1.0000000000000001e-07,161,1127,0.4115091525018215,0.5337102562189102,3.294889211654663,1.0453658778440107e-06,3.2947685718536377,160,1,False,False,False
EXP-T132,shadow,2,101,1e-05,1.0000000000000001e-07,162,1134,0.44059344700404574,0.5336795747280121,3.294834613800049,1.0001588987461348e-06,3.2947685718536377,160,2,False,False,False
EXP-T132,shadow,2,101,1e-05,1.0000000000000001e-07,163,1141,0.4368767504181181,0.5334343612194061,3.294279098510742,9.559511573409195e-07,3.294279098510742,163,0,True,False,False
EXP-T132,shadow,2,101,1e-05,1.0000000000000001e-07,164,1148,0.43514974628176006,0.5335387587547302,3.29437518119812,9.127535612270632e-07,3.294279098510742,163,1,False,False,False
EXP-T132,shadow,2,101,1e-05,1.0000000000000001e-07,165,1155,0.4553834540503366,0.5334910899400711,3.294182777404785,8.705767687650265e-07,3.294182777404785,165,0,True,False,False
EXP-T132,shadow,2,101,1e-05,1.0000000000000001e-07,166,1162,0.44211760589054655,0.5333483964204788,3.293891668319702,8.294311864472448e-07,3.293891668319702,166,0,True,False,False
EXP-T132,shadow,2,101,1e-05,1.0000000000000001e-07,167,1169,0.4081925132444927,0.5335185825824738,3.2941601276397705,7.893269663304784e-07,3.293891668319702,166,1,False,False,False
EXP-T132,shadow,2,101,1e-05,1.0000000000000001e-07,168,1176,0.4334842392376491,0.5334900617599487,3.294050693511963,7.50274003530953e-07,3.293891668319702,166,2,False,False,False
EXP-T132,shadow,2,101,1e-05,1.0000000000000001e-07,169,1183,0.5422198921442032,0.5331668257713318,3.2933263778686523,7.122819337828752e-07,3.2933263778686523,169,0,True,False,False
EXP-T132,shadow,2,101,1e-05,1.0000000000000001e-07,170,1190,0.4051011800765991,0.5329389870166779,3.2928903102874756,6.753601310609673e-07,3.2928903102874756,170,0,True,False,False
EXP-T132,shadow,2,101,1e-05,1.0000000000000001e-07,171,1197,0.3957891041812088,0.5326726734638214,3.2923011779785156,6.395177052675794e-07,3.2923011779785156,171,0,True,False,False
EXP-T132,shadow,2,101,1e-05,1.0000000000000001e-07,172,1204,0.46110792245183674,0.5325231105089188,3.2919695377349854,6.047634999849531e-07,3.2919695377349854,172,0,True,False,False
EXP-T132,shadow,2,101,1e-05,1.0000000000000001e-07,173,1211,0.5283411400658744,0.5323209166526794,3.2915217876434326,5.711060902932043e-07,3.2915217876434326,173,0,True,False,False
EXP-T132,shadow,2,101,1e-05,1.0000000000000001e-07,174,1218,0.44087297150066923,0.5321199148893356,3.291121006011963,5.385537806545469e-07,3.291121006011963,174,0,True,False,False
EXP-T132,shadow,2,101,1e-05,1.0000000000000001e-07,175,1225,0.422103613615036,0.5320848524570465,3.291010618209839,5.071146028642944e-07,3.291010618209839,175,0,True,False,False
EXP-T132,shadow,2,101,1e-05,1.0000000000000001e-07,176,1232,0.4182760545185634,0.532398134469986,3.291563034057617,4.7679631406913176e-07,3.291010618209839,175,1,False,False,False
EXP-T132,shadow,2,101,1e-05,1.0000000000000001e-07,177,1239,0.40266660494463785,0.5325041711330414,3.291755437850952,4.4760639485315585e-07,3.291010618209839,175,2,False,False,False
EXP-T132,shadow,2,101,1e-05,1.0000000000000001e-07,178,1246,0.4367684807096209,0.5329124927520752,3.2925662994384766,4.195520473921565e-07,3.291010618209839,175,3,False,False,False
EXP-T132,shadow,2,101,1e-05,1.0000000000000001e-07,179,1253,0.40400818416050505,0.5330366790294647,3.2928097248077393,3.92640193676584e-07,3.291010618209839,175,4,False,False,False
EXP-T132,shadow,2,101,1e-05,1.0000000000000001e-07,180,1260,0.4589782655239105,0.5332188159227371,3.2931487560272217,3.668774738036508e-07,3.291010618209839,175,5,False,False,False
EXP-T132,shadow,2,101,1e-05,1.0000000000000001e-07,181,1267,0.5140738998140607,0.5334878712892532,3.293639898300171,3.4227024433899004e-07,3.291010618209839,175,6,False,False,False
EXP-T132,shadow,2,101,1e-05,1.0000000000000001e-07,182,1274,0.4030048634324755,0.5337556302547455,3.2941181659698486,3.188245767482659e-07,3.291010618209839,175,7,False,False,False
EXP-T132,shadow,2,101,1e-05,1.0000000000000001e-07,183,1281,0.42805263825825285,0.5339915305376053,3.29457950592041,2.9654625589913237e-07,3.291010618209839,175,8,False,False,False
EXP-T132,shadow,2,101,1e-05,1.0000000000000001e-07,184,1288,0.45862023745264324,0.5339797884225845,3.2945444583892822,2.754407786339001e-07,3.291010618209839,175,9,False,False,False
EXP-T132,shadow,2,101,1e-05,1.0000000000000001e-07,185,1295,0.44165644475391935,0.5340443849563599,3.2946603298187256,2.555133524132767e-07,3.291010618209839,175,10,False,False,False
EXP-T132,shadow,2,101,1e-05,1.0000000000000001e-07,186,1302,0.4866440828357424,0.5339812636375427,3.2945611476898193,2.3676889403150103e-07,3.291010618209839,175,11,False,False,False
EXP-T132,shadow,2,101,1e-05,1.0000000000000001e-07,187,1309,0.4078224854809897,0.5339952707290649,3.2945806980133057,2.1921202840320077e-07,3.291010618209839,175,12,False,False,False
EXP-T132,shadow,2,101,1e-05,1.0000000000000001e-07,188,1316,0.3843440147382872,0.5340220630168915,3.2946267127990723,2.0284708742225901e-07,3.291010618209839,175,13,False,False,False
EXP-T132,shadow,2,101,1e-05,1.0000000000000001e-07,189,1323,0.4226286773170744,0.5341455340385437,3.2948567867279053,1.8767810889299085e-07,3.291010618209839,175,14,False,False,False
EXP-T132,shadow,2,101,1e-05,1.0000000000000001e-07,190,1330,0.48365349428994314,0.5341352671384811,3.294842004776001,1.7370883553386935e-07,3.291010618209839,175,15,False,False,False
EXP-T132,shadow,2,101,1e-05,1.0000000000000001e-07,191,1337,0.44507470301219393,0.5341326296329498,3.2948453426361084,1.609427140540686e-07,3.291010618209839,175,16,False,False,False
EXP-T132,shadow,2,101,1e-05,1.0000000000000001e-07,192,1344,0.39207529170172556,0.5341236889362335,3.2948262691497803,1.493828943030402e-07,3.291010618209839,175,17,False,False,False
EXP-T132,shadow,2,101,1e-05,1.0000000000000001e-07,193,1351,0.41447959201676504,0.5341087132692337,3.2947967052459717,1.3903222849333507e-07,3.291010618209839,175,18,False,False,False
EXP-T132,shadow,2,101,1e-05,1.0000000000000001e-07,194,1358,0.5087883983339582,0.5340623408555984,3.2947072982788086,1.2989327049686101e-07,3.291010618209839,175,19,False,False,False
EXP-T132,shadow,2,101,1e-05,1.0000000000000001e-07,195,1365,0.39773439935275484,0.5340409874916077,3.294668674468994,1.2196827521475402e-07,3.291010618209839,175,20,False,False,False
EXP-T132,shadow,2,101,1e-05,1.0000000000000001e-07,196,1372,0.45139325090817045,0.5340336859226227,3.2946560382843018,1.1525919802101659e-07,3.291010618209839,175,21,False,False,False
EXP-T132,shadow,2,101,1e-05,1.0000000000000001e-07,197,1379,0.44560552069119047,0.5340421199798584,3.2946577072143555,1.097676942800558e-07,3.291010618209839,175,22,False,False,False
EXP-T132,shadow,2,101,1e-05,1.0000000000000001e-07,198,1386,0.6265763597829002,0.5341156721115112,3.294778347015381,1.0549511893824898e-07,3.291010618209839,175,23,False,False,False
EXP-T132,shadow,2,101,1e-05,1.0000000000000001e-07,199,1393,0.4220003049288477,0.5341643691062927,3.294858932495117,1.0244252618962859e-07,3.291010618209839,175,24,False,False,False
EXP-T132,shadow,2,101,1e-05,1.0000000000000001e-07,200,1400,0.4195910862513951,0.5342442095279694,3.2949941158294678,1.006106692157801e-07,3.291010618209839,175,25,False,False,False
EXP-T132,shadow,2,101,0.0001,1.0000000000000002e-06,1,7,0.5525177823645728,0.656772792339325,3.815208911895752,0.0001,3.815208911895752,1,0,True,False,False
EXP-T132,shadow,2,101,0.0001,1.0000000000000002e-06,2,14,0.5720391592809132,0.6104560792446136,3.6239852905273438,9.99938933078422e-05,3.6239852905273438,2,0,True,False,False
EXP-T132,shadow,2,101,0.0001,1.0000000000000002e-06,3,21,0.5673258517469678,0.5995949506759644,3.5357489585876465,9.997557473810373e-05,3.5357489585876465,3,0,True,False,False
EXP-T132,shadow,2,101,0.0001,1.0000000000000002e-06,4,28,0.6361697571618217,0.5775676369667053,3.4565341472625732,9.994504881061753e-05,3.4565341472625732,4,0,True,False,False
EXP-T132,shadow,2,101,0.0001,1.0000000000000002e-06,5,35,0.5004834601921695,0.5878849625587463,3.5210742950439453,9.990232305719945e-05,3.4565341472625732,4,1,False,False,False
EXP-T132,shadow,2,101,0.0001,1.0000000000000002e-06,6,42,0.547533895288195,0.5874670147895813,3.5179476737976074,9.984740801978984e-05,3.4565341472625732,4,2,False,False,False
EXP-T132,shadow,2,101,0.0001,1.0000000000000002e-06,7,49,0.5106860824993679,0.5705788731575012,3.4340760707855225,9.978031724785247e-05,3.4340760707855225,7,0,True,False,False
EXP-T132,shadow,2,101,0.0001,1.0000000000000002e-06,8,56,0.48824735837323324,0.5643097162246704,3.4066412448883057,9.97010672950314e-05,3.4066412448883057,8,0,True,False,False
EXP-T132,shadow,2,101,0.0001,1.0000000000000002e-06,9,63,0.5035065795694079,0.5583434104919434,3.3814549446105957,9.960967771506667e-05,3.3814549446105957,9,0,True,False,False
EXP-T132,shadow,2,101,0.0001,1.0000000000000002e-06,10,70,0.5142333337238857,0.5830310434103012,3.4788601398468018,9.95061710569696e-05,3.3814549446105957,9,1,False,False,False
EXP-T132,shadow,2,101,0.0001,1.0000000000000002e-06,11,77,0.4727767067296164,0.5487304627895355,3.3505191802978516,9.939057285945933e-05,3.3505191802978516,11,0,True,False,False
EXP-T132,shadow,2,101,0.0001,1.0000000000000002e-06,12,84,0.49780580401420593,0.5428022593259811,3.3313815593719482,9.926291164466132e-05,3.3313815593719482,12,0,True,False,False
EXP-T132,shadow,2,101,0.0001,1.0000000000000002e-06,13,91,0.45488329444612774,0.5676256567239761,3.4256227016448975,9.91232189110701e-05,3.3313815593719482,12,1,False,False,False
EXP-T132,shadow,2,101,0.0001,1.0000000000000002e-06,14,98,0.451068001134055,0.5452775359153748,3.356598138809204,9.897152912577741e-05,3.3313815593719482,12,2,False,False,False
EXP-T132,shadow,2,101,0.0001,1.0000000000000002e-06,15,105,0.45930039456912447,0.539923295378685,3.329723358154297,9.8807879715968e-05,3.329723358154297,15,0,True,False,False
EXP-T132,shadow,2,101,0.0001,1.0000000000000002e-06,16,112,0.41354656858103617,0.5417516231536865,3.3028817176818848,9.8632311059685e-05,3.3028817176818848,16,0,True,False,False
EXP-T132,shadow,2,101,0.0001,1.0000000000000002e-06,17,119,0.45225607071604046,0.5726275742053986,3.445981502532959,9.844486647586725e-05,3.3028817176818848,16,1,False,False,False
EXP-T132,shadow,2,101,0.0001,1.0000000000000002e-06,18,126,0.4665046972887857,0.5677767992019653,3.4054300785064697,9.824559221366101e-05,3.3028817176818848,16,2,False,False,False
EXP-T132,shadow,2,101,0.0001,1.0000000000000002e-06,19,133,0.33558825430061134,0.571832150220871,3.429201602935791,9.803453744100869e-05,3.3028817176818848,16,3,False,False,False
EXP-T132,shadow,2,101,0.0001,1.0000000000000002e-06,20,140,0.38365338316985537,0.5696963220834732,3.4148006439208984,9.781175423251735e-05,3.3028817176818848,16,4,False,False,False
EXP-T132,shadow,2,101,0.0001,1.0000000000000002e-06,21,147,0.3940716769014086,0.5624617338180542,3.3873517513275146,9.757729755661011e-05,3.3028817176818848,16,5,False,False,False
EXP-T132,shadow,2,101,0.0001,1.0000000000000002e-06,22,154,0.3842800014785358,0.5502020567655563,3.348231554031372,9.73312252619635e-05,3.3028817176818848,16,6,False,False,False
EXP-T132,shadow,2,101,0.0001,1.0000000000000002e-06,23,161,0.35757779858873356,0.5961927175521851,3.5905935764312744,9.707359806323417e-05,3.3028817176818848,16,7,False,False,False
EXP-T132,shadow,2,101,0.0001,1.0000000000000002e-06,24,168,0.4190777667931148,0.5463744401931763,3.3354554176330566,9.680447952607845e-05,3.3028817176818848,16,8,False,False,False
EXP-T132,shadow,2,101,0.0001,1.0000000000000002e-06,25,175,0.3960092195442745,0.5693149566650391,3.4624340534210205,9.652393605146844e-05,3.3028817176818848,16,9,False,False,False
EXP-T132,shadow,2,101,0.0001,1.0000000000000002e-06,26,182,0.35977599237646374,0.554736390709877,3.369246006011963,9.623203685930869e-05,3.3028817176818848,16,10,False,False,False
EXP-T132,shadow,2,101,0.0001,1.0000000000000002e-06,27,189,0.5183496858392443,0.5843923985958099,3.5293803215026855,9.592885397135707e-05,3.3028817176818848,16,11,False,False,False
EXP-T132,shadow,2,101,0.0001,1.0000000000000002e-06,28,196,0.32177905844790594,0.560043454170227,3.4223945140838623,9.561446219345454e-05,3.3028817176818848,16,12,False,False,False
EXP-T132,shadow,2,101,0.0001,1.0000000000000002e-06,29,203,0.4157221700463976,0.6451350748538971,3.829974412918091,9.528893909706797e-05,3.3028817176818848,16,13,False,False,False
EXP-T132,shadow,2,101,0.0001,1.0000000000000002e-06,30,210,0.33359766006469727,0.5599035620689392,3.414876937866211,9.495236500015047e-05,3.3028817176818848,16,14,False,False,False
EXP-T132,shadow,2,101,0.0001,1.0000000000000002e-06,31,217,0.42876070524965015,0.6209701597690582,3.711948871612549,9.460482294732421e-05,3.3028817176818848,16,15,False,False,False
EXP-T132,shadow,2,101,0.0001,1.0000000000000002e-06,32,224,0.35188764120851246,0.5799086391925812,3.535433530807495,9.424639868939033e-05,3.3028817176818848,16,16,False,False,False
EXP-T132,shadow,2,101,0.0001,1.0000000000000002e-06,33,231,0.29553293915731565,0.5512599945068359,3.3955776691436768,9.387718066217124e-05,3.3028817176818848,16,17,False,False,False
EXP-T132,shadow,2,101,0.0001,1.0000000000000002e-06,34,238,0.5189875875200544,0.5438638627529144,3.3552684783935547,9.349725996469047e-05,3.3028817176818848,16,18,False,False,False
EXP-T132,shadow,2,101,0.0001,1.0000000000000002e-06,35,245,0.3267744609287807,0.6088227480649948,3.6575450897216797,9.310673033669521e-05,3.3028817176818848,16,19,False,False,False
EXP-T132,shadow,2,101,0.0001,1.0000000000000002e-06,36,252,0.34129348397254944,0.539813756942749,3.350848436355591,9.270568813552756e-05,3.3028817176818848,16,20,False,False,False
EXP-T132,shadow,2,101,0.0001,1.0000000000000002e-06,37,259,0.31715597744498936,0.5818299949169159,3.5198287963867188,9.229423231234974e-05,3.3028817176818848,16,21,False,False,False
EXP-T132,shadow,2,101,0.0001,1.0000000000000002e-06,38,266,0.2959673080061163,0.5389471352100372,3.3157460689544678,9.187246438772939e-05,3.3028817176818848,16,22,False,False,False
EXP-T132,shadow,2,101,0.0001,1.0000000000000002e-06,39,273,0.3191422128251621,0.5545343309640884,3.407409191131592,9.14404884265908e-05,3.3028817176818848,16,23,False,False,False
EXP-T132,shadow,2,101,0.0001,1.0000000000000002e-06,40,280,0.30675160033362253,0.5733499526977539,3.4874894618988037,9.099841101253866e-05,3.3028817176818848,16,24,False,False,False
EXP-T132,shadow,2,101,0.0001,1.0000000000000002e-06,41,287,0.28547448611685206,0.5544619262218475,3.4222404956817627,9.05463412215599e-05,3.3028817176818848,16,25,False,False,False
EXP-T132,shadow,2,101,0.0001,1.0000000000000002e-06,42,294,0.3904918772833688,0.6000164896249771,3.611335515975952,9.0084390595111e-05,3.3028817176818848,16,26,False,False,False
EXP-T132,shadow,2,101,0.0001,1.0000000000000002e-06,43,301,0.33578469497816904,0.5799925923347473,3.5298118591308594,8.961267311259666e-05,3.3028817176818848,16,27,False,False,False
EXP-T132,shadow,2,101,0.0001,1.0000000000000002e-06,44,308,0.26985500220741543,0.5727255046367645,3.4942216873168945,8.913130516324733e-05,3.3028817176818848,16,28,False,False,False
EXP-T132,shadow,2,101,0.0001,1.0000000000000002e-06,45,315,0.29193860931055887,0.5768691301345825,3.5115623474121094,8.864040551740158e-05,3.3028817176818848,16,29,False,False,False
EXP-T132,shadow,2,101,0.0001,1.0000000000000002e-06,46,322,0.27775019713278326,0.5671619325876236,3.4597578048706055,8.814009529720155e-05,3.3028817176818848,16,30,False,True,False
EXP-T132,shadow,2,101,0.001,1e-05,1,7,0.8126765148980277,0.5895761847496033,3.484978199005127,0.001,3.484978199005127,1,0,True,False,False
EXP-T132,shadow,2,101,0.001,1e-05,2,14,0.5880174381392342,0.5776925086975098,3.453627824783325,0.000999938933078422,3.453627824783325,2,0,True,False,False
EXP-T132,shadow,2,101,0.001,1e-05,3,21,0.5361682942935398,0.575165182352066,3.428990364074707,0.0009997557473810372,3.428990364074707,3,0,True,False,False
EXP-T132,shadow,2,101,0.001,1e-05,4,28,0.5333464912005833,0.7055437564849854,4.092387676239014,0.0009994504881061753,3.428990364074707,3,1,False,False,False
EXP-T132,shadow,2,101,0.001,1e-05,5,35,0.6462405409131732,0.5578139573335648,3.4090802669525146,0.0009990232305719944,3.4090802669525146,5,0,True,False,False
EXP-T132,shadow,2,101,0.001,1e-05,6,42,0.5407283093248095,0.5417409241199493,3.3089873790740967,0.0009984740801978985,3.3089873790740967,6,0,True,False,False
EXP-T132,shadow,2,101,0.001,1e-05,7,49,0.5233021421091897,0.587732195854187,3.504398822784424,0.0009978031724785245,3.3089873790740967,6,1,False,False,False
EXP-T132,shadow,2,101,0.001,1e-05,8,56,0.596316397190094,0.5374975800514221,3.3575875759124756,0.000997010672950314,3.3089873790740967,6,2,False,False,False
EXP-T132,shadow,2,101,0.001,1e-05,9,63,0.4946626616375787,0.7139747440814972,4.150771141052246,0.0009960967771506667,3.3089873790740967,6,3,False,False,False
EXP-T132,shadow,2,101,0.001,1e-05,10,70,0.4583418369293213,0.6443395763635635,3.8356809616088867,0.000995061710569696,3.3089873790740967,6,4,False,False,False
EXP-T132,shadow,2,101,0.001,1e-05,11,77,0.4551317202193396,0.5604590773582458,3.3868846893310547,0.0009939057285945933,3.3089873790740967,6,5,False,False,False
EXP-T132,shadow,2,101,0.001,1e-05,12,84,0.4159221521445683,0.5791503190994263,3.5655617713928223,0.000992629116446613,3.3089873790740967,6,6,False,False,False
EXP-T132,shadow,2,101,0.001,1e-05,13,91,0.3843176599059786,0.6360795497894287,3.8149211406707764,0.000991232189110701,3.3089873790740967,6,7,False,False,False
EXP-T132,shadow,2,101,0.001,1e-05,14,98,0.43739194103649687,0.5008257329463959,3.161438226699829,0.0009897152912577741,3.161438226699829,14,0,True,False,False
EXP-T132,shadow,2,101,0.001,1e-05,15,105,0.3881460300513676,0.5585778653621674,3.4419147968292236,0.00098807879715968,3.161438226699829,14,1,False,False,False
EXP-T132,shadow,2,101,0.001,1e-05,16,112,0.31649142290864674,1.0103996992111206,5.513413667678833,0.00098632311059685,3.161438226699829,14,2,False,False,False
EXP-T132,shadow,2,101,0.001,1e-05,17,119,0.38532023025410517,0.5571384727954865,3.3560246229171753,0.0009844486647586723,3.161438226699829,14,3,False,False,False
EXP-T132,shadow,2,101,0.001,1e-05,18,126,0.39523558957236155,0.5691648423671722,3.4521751403808594,0.00098245592213661,3.161438226699829,14,4,False,False,False
EXP-T132,shadow,2,101,0.001,1e-05,19,133,0.3467151213969503,0.6292243897914886,3.756878137588501,0.0009803453744100868,3.161438226699829,14,5,False,False,False
EXP-T132,shadow,2,101,0.001,1e-05,20,140,0.3692563343793154,0.6238671690225601,3.7326672077178955,0.0009781175423251734,3.161438226699829,14,6,False,False,False
EXP-T132,shadow,2,101,0.001,1e-05,21,147,0.3453192391565868,0.5832011699676514,3.531191110610962,0.0009757729755661011,3.161438226699829,14,7,False,False,False
EXP-T132,shadow,2,101,0.001,1e-05,22,154,0.35673367977142334,0.5757644921541214,3.5083818435668945,0.0009733122526196349,3.161438226699829,14,8,False,False,False
EXP-T132,shadow,2,101,0.001,1e-05,23,161,0.28691030559795244,0.6452227979898453,3.8088629245758057,0.0009707359806323416,3.161438226699829,14,9,False,False,False
EXP-T132,shadow,2,101,0.001,1e-05,24,168,0.3349228416170393,0.6037889719009399,3.5800483226776123,0.0009680447952607845,3.161438226699829,14,10,False,False,False
EXP-T132,shadow,2,101,0.001,1e-05,25,175,0.316681193453925,0.6698761135339737,3.8889102935791016,0.0009652393605146844,3.161438226699829,14,11,False,False,False
EXP-T132,shadow,2,101,0.001,1e-05,26,182,0.28978450277021955,0.636982262134552,3.8029086589813232,0.000962320368593087,3.161438226699829,14,12,False,False,False
EXP-T132,shadow,2,101,0.001,1e-05,27,189,0.38329069529260906,0.5174590647220612,3.1925594806671143,0.0009592885397135706,3.161438226699829,14,13,False,False,False
EXP-T132,shadow,2,101,0.001,1e-05,28,196,0.288358175860984,0.5072852969169617,3.2266106605529785,0.0009561446219345453,3.161438226699829,14,14,False,False,False
EXP-T132,shadow,2,101,0.001,1e-05,29,203,0.35226620733737946,0.47100768983364105,3.0662057399749756,0.0009528893909706797,3.0662057399749756,29,0,True,False,False
EXP-T132,shadow,2,101,0.001,1e-05,30,210,0.23493183946370014,0.5429276674985886,3.3315858840942383,0.0009495236500015047,3.0662057399749756,29,1,False,False,False
EXP-T132,shadow,2,101,0.001,1e-05,31,217,0.30115116919789997,0.566541999578476,3.449291706085205,0.0009460482294732421,3.0662057399749756,29,2,False,False,False
EXP-T132,shadow,2,101,0.001,1e-05,32,224,0.26544362945216043,0.5466109216213226,3.3377784490585327,0.0009424639868939033,3.0662057399749756,29,3,False,False,False
EXP-T132,shadow,2,101,0.001,1e-05,33,231,0.2363418542913028,0.533654123544693,3.309115171432495,0.0009387718066217125,3.0662057399749756,29,4,False,False,False
EXP-T132,shadow,2,101,0.001,1e-05,34,238,0.22334447715963637,0.5891517847776413,3.47320294380188,0.0009349725996469047,3.0662057399749756,29,5,False,False,False
EXP-T132,shadow,2,101,0.001,1e-05,35,245,0.2306701626096453,0.5496168732643127,3.344836711883545,0.0009310673033669522,3.0662057399749756,29,6,False,False,False
EXP-T132,shadow,2,101,0.001,1e-05,36,252,0.28799849109990255,0.6474518775939941,3.831120729446411,0.0009270568813552756,3.0662057399749756,29,7,False,False,False
EXP-T132,shadow,2,101,0.001,1e-05,37,259,0.2254736934389387,0.6237648129463196,3.7044565677642822,0.0009229423231234975,3.0662057399749756,29,8,False,False,False
EXP-T132,shadow,2,101,0.001,1e-05,38,266,0.20817277048315322,0.5599682331085205,3.3712832927703857,0.0009187246438772938,3.0662057399749756,29,9,False,False,False
EXP-T132,shadow,2,101,0.001,1e-05,39,273,0.2349504679441452,0.5419260263442993,3.3105781078338623,0.0009144048842659081,3.0662057399749756,29,10,False,False,False
EXP-T132,shadow,2,101,0.001,1e-05,40,280,0.19954831525683403,0.546118974685669,3.3028076887130737,0.0009099841101253866,3.0662057399749756,29,11,False,False,False
EXP-T132,shadow,2,101,0.001,1e-05,41,287,0.2031627425125667,0.5269888341426849,3.2371559143066406,0.000905463412215599,3.0662057399749756,29,12,False,False,False
EXP-T132,shadow,2,101,0.001,1e-05,42,294,0.29169823229312897,0.5367057621479034,3.2543418407440186,0.0009008439059511099,3.0662057399749756,29,13,False,False,False
EXP-T132,shadow,2,101,0.001,1e-05,43,301,0.1816506545458521,0.5189628601074219,3.191406011581421,0.0008961267311259666,3.0662057399749756,29,14,False,False,False
EXP-T132,shadow,2,101,0.001,1e-05,44,308,0.1852515052471842,0.49385349452495575,3.095834255218506,0.0008913130516324732,3.0662057399749756,29,15,False,False,False
EXP-T132,shadow,2,101,0.001,1e-05,45,315,0.1801458831344332,0.5607090294361115,3.3888444900512695,0.0008864040551740157,3.0662057399749756,29,16,False,False,False
EXP-T132,shadow,2,101,0.001,1e-05,46,322,0.19229757466486522,0.5417897403240204,3.3148083686828613,0.0008814009529720154,3.0662057399749756,29,17,False,False,False
EXP-T132,shadow,2,101,0.001,1e-05,47,329,0.14817569511277334,0.5635623633861542,3.3647971153259277,0.0008763049794670775,3.0662057399749756,29,18,False,False,False
EXP-T132,shadow,2,101,0.001,1e-05,48,336,0.1459448773946081,0.5303783416748047,3.269374370574951,0.0008711173920144117,3.0662057399749756,29,19,False,False,False
EXP-T132,shadow,2,101,0.001,1e-05,49,343,0.16030322600688254,0.5478035062551498,3.332488536834717,0.0008658394705735987,3.0662057399749756,29,20,False,False,False
EXP-T132,shadow,2,101,0.001,1e-05,50,350,0.1200542545744351,0.6139087080955505,3.6360816955566406,0.0008604725173927785,3.0662057399749756,29,21,False,False,False
EXP-T132,shadow,2,101,0.001,1e-05,51,357,0.20124273215021407,0.5218839049339294,3.303208827972412,0.000855017856687341,3.0662057399749756,29,22,False,False,False
EXP-T132,shadow,2,101,0.001,1e-05,52,364,0.20913786334650858,0.5563432574272156,3.43884015083313,0.0008494768343131955,3.0662057399749756,29,23,False,False,False
EXP-T132,shadow,2,101,0.001,1e-05,53,371,0.15199093999607222,0.5095676481723785,3.2099177837371826,0.0008438508174347009,3.0662057399749756,29,24,False,False,False
EXP-T132,shadow,2,101,0.001,1e-05,54,378,0.1654669599873679,0.5021725744009018,3.0719590187072754,0.0008381411941873378,3.0662057399749756,29,25,False,False,False
EXP-T132,shadow,2,101,0.001,1e-05,55,385,0.11464158977781023,0.5520835369825363,3.356445789337158,0.0008323493733352077,3.0662057399749756,29,26,False,False,False
EXP-T132,shadow,2,101,0.001,1e-05,56,392,0.18588012350457056,0.5976050198078156,3.618997097015381,0.000826476783923441,3.0662057399749756,29,27,False,False,False
EXP-T132,shadow,2,101,0.001,1e-05,57,399,0.16646034376961844,0.5234885811805725,3.199004650115967,0.0008205248749256015,3.0662057399749756,29,28,False,False,False
EXP-T132,shadow,2,101,0.001,1e-05,58,406,0.1541607885488442,0.6134935021400452,3.72016441822052,0.0008144951148861742,3.0662057399749756,29,29,False,False,False
EXP-T132,shadow,2,101,0.001,1e-05,59,413,0.37402841235910145,0.6381140947341919,3.801300048828125,0.0008083889915582234,3.0662057399749756,29,30,False,True,False
EXP-T132,shadow,2,101,0.01,0.0001,1,7,31.04410114458629,10.864212036132812,48.96992611885071,0.01,48.96992611885071,1,0,True,False,False
EXP-T132,shadow,2,101,0.01,0.0001,2,14,5.43149471282959,0.9740740060806274,5.3264479637146,0.00999938933078422,5.3264479637146,2,0,True,False,False
EXP-T132,shadow,2,101,0.01,0.0001,3,21,1.153374935899462,0.5896708965301514,3.510455369949341,0.009997557473810372,3.510455369949341,3,0,True,False,False
EXP-T132,shadow,2,101,0.01,0.0001,4,28,1.9089293565068925,2.2935218811035156,11.20519208908081,0.009994504881061753,3.510455369949341,3,1,False,False,False
EXP-T132,shadow,2,101,0.01,0.0001,5,35,5.197840213775635,3.1259515285491943,14.874655961990356,0.009990232305719944,3.510455369949341,3,2,False,False,False
EXP-T132,shadow,2,101,0.01,0.0001,6,42,1.0371466066156114,1.1761523485183716,6.235408663749695,0.009984740801978984,3.510455369949341,3,3,False,False,False
EXP-T132,shadow,2,101,0.01,0.0001,7,49,0.9377913815634591,1.0914837718009949,5.870037317276001,0.009978031724785246,3.510455369949341,3,4,False,False,False
EXP-T132,shadow,2,101,0.01,0.0001,8,56,0.6601962276867458,0.5929816961288452,3.51216459274292,0.00997010672950314,3.510455369949341,3,5,False,False,False
EXP-T132,shadow,2,101,0.01,0.0001,9,63,1.2119786824498857,3.6447548866271973,17.160537004470825,0.009960967771506667,3.510455369949341,3,6,False,False,False
EXP-T132,shadow,2,101,0.01,0.0001,10,70,3.0638250282832553,3.236227035522461,15.36053729057312,0.00995061710569696,3.510455369949341,3,7,False,False,False
EXP-T132,shadow,2,101,0.01,0.0001,11,77,1.6314411333629064,0.5891560018062592,3.511725425720215,0.009939057285945933,3.510455369949341,3,8,False,False,False
EXP-T132,shadow,2,101,0.01,0.0001,12,84,3.6361514755657742,0.6159520149230957,3.6941211223602295,0.00992629116446613,3.510455369949341,3,9,False,False,False
EXP-T132,shadow,2,101,0.01,0.0001,13,91,1.3740060797759466,0.5895599722862244,3.5178346633911133,0.00991232189110701,3.510455369949341,3,10,False,False,False
EXP-T132,shadow,2,101,0.01,0.0001,14,98,0.5834135115146637,0.5900437533855438,3.521510124206543,0.00989715291257774,3.510455369949341,3,11,False,False,False
EXP-T132,shadow,2,101,0.01,0.0001,15,105,0.5620284846850804,0.5917363464832306,3.5294575691223145,0.0098807879715968,3.510455369949341,3,12,False,False,False
EXP-T132,shadow,2,101,0.01,0.0001,16,112,0.5439647521291461,0.5929524600505829,3.5381436347961426,0.0098632311059685,3.510455369949341,3,13,False,False,False
EXP-T132,shadow,2,101,0.01,0.0001,17,119,1.7806774973869324,0.6098951399326324,3.6206531524658203,0.009844486647586723,3.510455369949341,3,14,False,False,False
EXP-T132,shadow,2,101,0.01,0.0001,18,126,1.4978211862700326,0.5918026566505432,3.529703140258789,0.0098245592213661,3.510455369949341,3,15,False,False,False
EXP-T132,shadow,2,101,0.01,0.0001,19,133,0.8144393989018032,0.5914056301116943,3.528184413909912,0.009803453744100868,3.510455369949341,3,16,False,False,False
EXP-T132,shadow,2,101,0.01,0.0001,20,140,0.5532613268920353,0.590209573507309,3.522519111633301,0.009781175423251734,3.510455369949341,3,17,False,False,False
EXP-T132,shadow,2,101,0.01,0.0001,21,147,0.49755881088120596,0.5899152159690857,3.5206613540649414,0.009757729755661011,3.510455369949341,3,18,False,False,False
EXP-T132,shadow,2,101,0.01,0.0001,22,154,0.5444968129907336,0.5897925496101379,3.519780158996582,0.009733122526196349,3.510455369949341,3,19,False,False,False
EXP-T132,shadow,2,101,0.01,0.0001,23,161,0.8586661304746356,0.589310497045517,3.5149879455566406,0.009707359806323416,3.510455369949341,3,20,False,False,False
EXP-T132,shadow,2,101,0.01,0.0001,24,168,0.537106101002012,0.5892962217330933,3.5147757530212402,0.009680447952607845,3.510455369949341,3,21,False,False,False
EXP-T132,shadow,2,101,0.01,0.0001,25,175,0.5163656856332507,0.5893639624118805,3.515713691711426,0.009652393605146845,3.510455369949341,3,22,False,False,False
EXP-T132,shadow,2,101,0.01,0.0001,26,182,0.5229548045567104,0.5895888805389404,3.518101692199707,0.00962320368593087,3.510455369949341,3,23,False,False,False
EXP-T132,shadow,2,101,0.01,0.0001,27,189,0.6906729127679553,0.5902799367904663,3.522922992706299,0.009592885397135707,3.510455369949341,3,24,False,False,False
EXP-T132,shadow,2,101,0.01,0.0001,28,196,0.5149634501763752,0.5905583202838898,3.524407386779785,0.009561446219345454,3.510455369949341,3,25,False,False,False
EXP-T132,shadow,2,101,0.01,0.0001,29,203,0.6444864230496543,0.5899365842342377,3.5208072662353516,0.009528893909706798,3.510455369949341,3,26,False,False,False
EXP-T132,shadow,2,101,0.01,0.0001,30,210,0.5486331922667367,0.5892569124698639,3.51414155960083,0.009495236500015047,3.510455369949341,3,27,False,False,False
EXP-T132,shadow,2,101,0.01,0.0001,31,217,0.6481457352638245,0.5891415178775787,3.5084824562072754,0.00946048229473242,3.5084824562072754,31,0,True,False,False
EXP-T132,shadow,2,101,0.01,0.0001,32,224,0.5687232102666583,0.5891866087913513,3.5068531036376953,0.009424639868939034,3.5068531036376953,32,0,True,False,False
EXP-T132,shadow,2,101,0.01,0.0001,33,231,0.5147449799946376,0.5893154740333557,3.504471778869629,0.009387718066217124,3.504471778869629,33,0,True,False,False
EXP-T132,shadow,2,101,0.01,0.0001,34,238,0.6845213770866394,0.5894492566585541,3.502814292907715,0.009349725996469048,3.502814292907715,34,0,True,False,False
EXP-T132,shadow,2,101,0.01,0.0001,35,245,0.5447947212627956,0.5894103944301605,3.5032520294189453,0.00931067303366952,3.502814292907715,34,1,False,False,False
EXP-T132,shadow,2,101,0.01,0.0001,36,252,0.5161224944250924,0.5894033908843994,3.5033340454101562,0.009270568813552756,3.502814292907715,34,2,False,False,False
EXP-T132,shadow,2,101,0.01,0.0001,37,259,0.5234606862068176,0.5895090103149414,3.502190589904785,0.009229423231234974,3.502190589904785,37,0,True,False,False
EXP-T132,shadow,2,101,0.01,0.0001,38,266,0.49728075308459146,0.5895827114582062,3.501485824584961,0.009187246438772938,3.501485824584961,38,0,True,False,False
EXP-T132,shadow,2,101,0.01,0.0001,39,273,0.5366106757095882,0.5896614193916321,3.500793933868408,0.009144048842659082,3.500793933868408,39,0,True,False,False
EXP-T132,shadow,2,101,0.01,0.0001,40,280,0.5377238137381417,0.5903006494045258,3.5035552978515625,0.009099841101253866,3.500793933868408,39,1,False,False,False
EXP-T132,shadow,2,101,0.01,0.0001,41,287,0.5306550008910043,0.5907314717769623,3.5058159828186035,0.00905463412215599,3.500793933868408,39,2,False,False,False
EXP-T132,shadow,2,101,0.01,0.0001,42,294,0.7032499824251447,0.5906828045845032,3.505577564239502,0.0090084390595111,3.500793933868408,39,3,False,False,False
EXP-T132,shadow,2,101,0.01,0.0001,43,301,0.6495743479047503,0.5897122621536255,3.5003738403320312,0.008961267311259666,3.5003738403320312,43,0,True,False,False
EXP-T132,shadow,2,101,0.01,0.0001,44,308,0.5973260572978428,0.589232474565506,3.505836009979248,0.008913130516324731,3.5003738403320312,43,1,False,False,False
EXP-T132,shadow,2,101,0.01,0.0001,45,315,0.5337514792169843,0.5891811549663544,3.512533664703369,0.008864040551740157,3.5003738403320312,43,2,False,False,False
EXP-T132,shadow,2,101,0.01,0.0001,46,322,0.4985673502087593,0.589297354221344,3.5147933959960938,0.008814009529720154,3.5003738403320312,43,3,False,False,False
EXP-T132,shadow,2,101,0.01,0.0001,47,329,0.5271479444844382,0.5892578661441803,3.514158248901367,0.008763049794670776,3.5003738403320312,43,4,False,False,False
EXP-T132,shadow,2,101,0.01,0.0001,48,336,0.6340667818273816,0.589194118976593,3.5128674507141113,0.008711173920144118,3.5003738403320312,43,5,False,False,False
EXP-T132,shadow,2,101,0.01,0.0001,49,343,0.5462575384548732,0.589158833026886,3.5118327140808105,0.008658394705735987,3.5003738403320312,43,6,False,False,False
EXP-T132,shadow,2,101,0.01,0.0001,50,350,0.5563097638743264,0.5891307890415192,3.509645938873291,0.008604725173927784,3.5003738403320312,43,7,False,False,False
EXP-T132,shadow,2,101,0.01,0.0001,51,357,0.686629946742739,0.5891326069831848,3.5103073120117188,0.00855017856687341,3.5003738403320312,43,8,False,False,False
EXP-T132,shadow,2,101,0.01,0.0001,52,364,0.6347593111651284,0.5893071293830872,3.5149388313293457,0.008494768343131955,3.5003738403320312,43,9,False,False,False
EXP-T132,shadow,2,101,0.01,0.0001,53,371,0.5374329175267901,0.5899017453193665,3.520568370819092,0.00843850817434701,3.5003738403320312,43,10,False,False,False
EXP-T132,shadow,2,101,0.01,0.0001,54,378,0.71210777759552,0.5897127687931061,3.519160747528076,0.008381411941873378,3.5003738403320312,43,11,False,False,False
EXP-T132,shadow,2,101,0.01,0.0001,55,385,0.5004299346889768,0.5895721018314362,3.5179476737976074,0.008323493733352076,3.5003738403320312,43,12,False,False,False
EXP-T132,shadow,2,101,0.01,0.0001,56,392,0.6270484030246735,0.5893084406852722,3.514958381652832,0.008264767839234409,3.5003738403320312,43,13,False,False,False
EXP-T132,shadow,2,101,0.01,0.0001,57,399,0.541776282446725,0.5892386436462402,3.513813018798828,0.008205248749256015,3.5003738403320312,43,14,False,False,False
EXP-T132,shadow,2,101,0.01,0.0001,58,406,0.5128265044518879,0.5891947746276855,3.5128836631774902,0.008144951148861742,3.5003738403320312,43,15,False,False,False
EXP-T132,shadow,2,101,0.01,0.0001,59,413,0.6624114300523486,0.589178055524826,3.5124459266662598,0.008083889915582234,3.5003738403320312,43,16,False,False,False
EXP-T132,shadow,2,101,0.01,0.0001,60,420,0.6182754635810852,0.5891477763652802,3.5113778114318848,0.008022080115363126,3.5003738403320312,43,17,False,False,False
EXP-T132,shadow,2,101,0.01,0.0001,61,427,0.657370924949646,0.5891419947147369,3.508455276489258,0.007959536998847744,3.5003738403320312,43,18,False,False,False
EXP-T132,shadow,2,101,0.01,0.0001,62,434,0.5014406006251063,0.5891330242156982,3.510364532470703,0.00789627599761423,3.5003738403320312,43,19,False,False,False
EXP-T132,shadow,2,101,0.01,0.0001,63,441,0.49881874876362936,0.5891831517219543,3.512587070465088,0.007832312720368047,3.5003738403320312,43,20,False,False,False
EXP-T132,shadow,2,101,0.01,0.0001,64,448,0.5123131062303271,0.5891704559326172,3.5122218132019043,0.007767662949090753,3.5003738403320312,43,21,False,False,False
EXP-T132,shadow,2,101,0.01,0.0001,65,455,0.5667143038340977,0.5891306698322296,3.509769916534424,0.007702342635146034,3.5003738403320312,43,22,False,False,False
EXP-T132,shadow,2,101,0.01,0.0001,66,462,0.49449996863092693,0.5891942977905273,3.512871265411377,0.007636367895343947,3.5003738403320312,43,23,False,False,False
EXP-T132,shadow,2,101,0.01,0.0001,67,469,0.49528941565326284,0.5892383456230164,3.5138068199157715,0.007569755007964339,3.5003738403320312,43,24,False,False,False
EXP-T132,shadow,2,101,0.01,0.0001,68,476,0.5483561073030744,0.589284747838974,3.5145998001098633,0.007502520408740419,3.5003738403320312,43,25,False,False,False
EXP-T132,shadow,2,101,0.01,0.0001,69,483,0.5565775803157261,0.5892063677310944,3.513153076171875,0.007434680686803491,3.5003738403320312,43,26,False,False,False
EXP-T132,shadow,2,101,0.01,0.0001,70,490,0.5426608920097351,0.5891994535923004,3.5129952430725098,0.0073662525805898394,3.5003738403320312,43,27,False,False,False
EXP-T132,shadow,2,101,0.01,0.0001,71,497,0.5166959230388913,0.5891929864883423,3.5128397941589355,0.007297252973710758,3.5003738403320312,43,28,False,False,False
EXP-T132,shadow,2,101,0.01,0.0001,72,504,0.599827344928469,0.5892358124256134,3.513759136199951,0.00722769889078678,3.5003738403320312,43,29,False,False,False
EXP-T132,shadow,2,101,0.01,0.0001,73,511,0.5035549976996013,0.589653342962265,3.5186691284179688,0.0071576074932471105,3.5003738403320312,43,30,False,True,False
EXP-T132,shadow,3,101,1e-05,1.0000000000000001e-07,1,7,0.5677751132420131,0.4288591022292773,3.5692633426550664,1e-05,3.5692633426550664,1,0,True,False,False
EXP-T132,shadow,3,101,1e-05,1.0000000000000001e-07,2,14,0.5459390580654144,0.4333896723886331,3.575281085390033,9.99938933078422e-06,3.5692633426550664,1,1,False,False,False
EXP-T132,shadow,3,101,1e-05,1.0000000000000001e-07,3,21,0.6373378889901298,0.43369510894020397,3.5750600641424004,9.997557473810373e-06,3.5692633426550664,1,2,False,False,False
EXP-T132,shadow,3,101,1e-05,1.0000000000000001e-07,4,28,0.5912364976746696,0.4321817507346471,3.572376829205137,9.994504881061752e-06,3.5692633426550664,1,3,False,False,False
EXP-T132,shadow,3,101,1e-05,1.0000000000000001e-07,5,35,0.6226509256022317,0.43409312268098194,3.573635216915246,9.990232305719944e-06,3.5692633426550664,1,4,False,False,False
EXP-T132,shadow,3,101,1e-05,1.0000000000000001e-07,6,42,0.6178054468972343,0.43978334590792656,3.5779862837357954,9.984740801978984e-06,3.5692633426550664,1,5,False,False,False
EXP-T132,shadow,3,101,1e-05,1.0000000000000001e-07,7,49,0.4883920015501125,0.44655798623959225,3.59109843860973,9.978031724785247e-06,3.5692633426550664,1,6,False,False,False
EXP-T132,shadow,3,101,1e-05,1.0000000000000001e-07,8,56,0.5755906786237445,0.4492152581612269,3.5960873690518467,9.97010672950314e-06,3.5692633426550664,1,7,False,False,False
EXP-T132,shadow,3,101,1e-05,1.0000000000000001e-07,9,63,0.5912538511412484,0.4513922060529391,3.599497014825994,9.960967771506666e-06,3.5692633426550664,1,8,False,False,False
EXP-T132,shadow,3,101,1e-05,1.0000000000000001e-07,10,70,0.5074964016675949,0.447816068927447,3.5933084198922822,9.950617105696961e-06,3.5692633426550664,1,9,False,False,False
EXP-T132,shadow,3,101,1e-05,1.0000000000000001e-07,11,77,0.5295824770416532,0.44060783584912616,3.5796640569513496,9.939057285945933e-06,3.5692633426550664,1,10,False,False,False
EXP-T132,shadow,3,101,1e-05,1.0000000000000001e-07,12,84,0.5070241242647171,0.4418708384037018,3.582223603219697,9.926291164466131e-06,3.5692633426550664,1,11,False,False,False
EXP-T132,shadow,3,101,1e-05,1.0000000000000001e-07,13,91,0.5929281796727862,0.4429234241445859,3.584330934466738,9.91232189110701e-06,3.5692633426550664,1,12,False,False,False
EXP-T132,shadow,3,101,1e-05,1.0000000000000001e-07,14,98,0.5836225939648492,0.4461141924063365,3.5900127526485557,9.897152912577742e-06,3.5692633426550664,1,13,False,False,False
EXP-T132,shadow,3,101,1e-05,1.0000000000000001e-07,15,105,0.4911785434399332,0.4462261150280635,3.5898867520419033,9.8807879715968e-06,3.5692633426550664,1,14,False,False,False
EXP-T132,shadow,3,101,1e-05,1.0000000000000001e-07,16,112,0.5763644320624215,0.44288761417071026,3.583617470481179,9.8632311059685e-06,3.5692633426550664,1,15,False,False,False
EXP-T132,shadow,3,101,1e-05,1.0000000000000001e-07,17,119,0.6657256058284214,0.43672703206539154,3.5715521610144414,9.844486647586724e-06,3.5692633426550664,1,16,False,False,False
EXP-T132,shadow,3,101,1e-05,1.0000000000000001e-07,18,126,0.49677490828824894,0.4388705554107825,3.5764321991891572,9.824559221366101e-06,3.5692633426550664,1,17,False,False,False
EXP-T132,shadow,3,101,1e-05,1.0000000000000001e-07,19,133,0.5168343441826957,0.4391071138282617,3.576946836529356,9.803453744100868e-06,3.5692633426550664,1,18,False,False,False
EXP-T132,shadow,3,101,1e-05,1.0000000000000001e-07,20,140,0.5126868252243314,0.43892938767870265,3.5762775305545693,9.781175423251734e-06,3.5692633426550664,1,19,False,False,False
EXP-T132,shadow,3,101,1e-05,1.0000000000000001e-07,21,147,0.47839876088047667,0.440913458665212,3.5797840465198862,9.757729755661012e-06,3.5692633426550664,1,20,False,False,False
EXP-T132,shadow,3,101,1e-05,1.0000000000000001e-07,22,154,0.5346985289028713,0.4403820311029752,3.578520572546757,9.73312252619635e-06,3.5692633426550664,1,21,False,False,False
EXP-T132,shadow,3,101,1e-05,1.0000000000000001e-07,23,161,0.6102018484047481,0.43880999088287354,3.5752013235381157,9.707359806323418e-06,3.5692633426550664,1,22,False,False,False
EXP-T132,shadow,3,101,1e-05,1.0000000000000001e-07,24,168,0.49704324560506,0.4401404671370983,3.577021280924479,9.680447952607845e-06,3.5692633426550664,1,23,False,False,False
EXP-T132,shadow,3,101,1e-05,1.0000000000000001e-07,25,175,0.5725694639342171,0.44251734515031177,3.583200165719697,9.652393605146845e-06,3.5692633426550664,1,24,False,False,False
EXP-T132,shadow,3,101,1e-05,1.0000000000000001e-07,26,182,0.4935131987856169,0.44410264243682224,3.5885516079989346,9.62320368593087e-06,3.5692633426550664,1,25,False,False,False
EXP-T132,shadow,3,101,1e-05,1.0000000000000001e-07,27,189,0.48598083380784374,0.44943627963463467,3.603535507664536,9.592885397135707e-06,3.5692633426550664,1,26,False,False,False
EXP-T132,shadow,3,101,1e-05,1.0000000000000001e-07,28,196,0.5357517216886792,0.450973446170489,3.6083676887281015,9.561446219345455e-06,3.5692633426550664,1,27,False,False,False
EXP-T132,shadow,3,101,1e-05,1.0000000000000001e-07,29,203,0.5042943699019296,0.4472451830903689,3.599089420203007,9.528893909706798e-06,3.5692633426550664,1,28,False,False,False
EXP-T132,shadow,3,101,1e-05,1.0000000000000001e-07,30,210,0.49966286069580484,0.4445736010869344,3.5933257594253076,9.495236500015048e-06,3.5692633426550664,1,29,False,False,False
EXP-T132,shadow,3,101,1e-05,1.0000000000000001e-07,31,217,0.4935795809807522,0.4468596701820691,3.6001584602124765,9.460482294732422e-06,3.5692633426550664,1,30,False,True,False
EXP-T132,shadow,3,101,0.0001,1.0000000000000002e-06,1,7,0.5655569561890194,0.44588039567073184,3.5893681844075522,0.0001,3.5893681844075522,1,0,True,False,False
EXP-T132,shadow,3,101,0.0001,1.0000000000000002e-06,2,14,0.49272527013506207,0.4229906474550565,3.5490951538085938,9.99938933078422e-05,3.5490951538085938,2,0,True,False,False
EXP-T132,shadow,3,101,0.0001,1.0000000000000002e-06,3,21,0.5673228076526097,0.4355637766420841,3.570436882250237,9.997557473810373e-05,3.5490951538085938,2,1,False,False,False
EXP-T132,shadow,3,101,0.0001,1.0000000000000002e-06,4,28,0.6033142592225756,0.4412807474533717,3.5828314116506865,9.994504881061753e-05,3.5490951538085938,2,2,False,False,False
EXP-T132,shadow,3,101,0.0001,1.0000000000000002e-06,5,35,0.561893207686288,0.44874896357456845,3.619772246389678,9.990232305719945e-05,3.5490951538085938,2,3,False,False,False
EXP-T132,shadow,3,101,0.0001,1.0000000000000002e-06,6,42,0.5734383293560573,0.4215278501311938,3.537127870501894,9.984740801978984e-05,3.537127870501894,6,0,True,False,False
EXP-T132,shadow,3,101,0.0001,1.0000000000000002e-06,7,49,0.47305940836668015,0.4283258927365144,3.5801266756924717,9.978031724785247e-05,3.537127870501894,6,1,False,False,False
EXP-T132,shadow,3,101,0.0001,1.0000000000000002e-06,8,56,0.5564452452319009,0.41656427551060915,3.533494660348603,9.97010672950314e-05,3.533494660348603,8,0,True,False,False
EXP-T132,shadow,3,101,0.0001,1.0000000000000002e-06,9,63,0.5726821976048606,0.4477823997537295,3.687797777580492,9.960967771506667e-05,3.533494660348603,8,1,False,False,False
EXP-T132,shadow,3,101,0.0001,1.0000000000000002e-06,10,70,0.5098540570054736,0.4104552160327633,3.508843624230587,9.95061710569696e-05,3.508843624230587,10,0,True,False,False
EXP-T132,shadow,3,101,0.0001,1.0000000000000002e-06,11,77,0.5138928592205048,0.4232854750007391,3.603994196111506,9.939057285945933e-05,3.508843624230587,10,1,False,False,False
EXP-T132,shadow,3,101,0.0001,1.0000000000000002e-06,12,84,0.44941516859190805,0.4255664609372616,3.6243355490944604,9.926291164466132e-05,3.508843624230587,10,2,False,False,False
EXP-T132,shadow,3,101,0.0001,1.0000000000000002e-06,13,91,0.514718057853835,0.4182582472761472,3.4762138597892993,9.91232189110701e-05,3.4762138597892993,13,0,True,False,False
EXP-T132,shadow,3,101,0.0001,1.0000000000000002e-06,14,98,0.4450365092073168,0.41190958823017354,3.5544403538559424,9.897152912577741e-05,3.4762138597892993,13,1,False,False,False
EXP-T132,shadow,3,101,0.0001,1.0000000000000002e-06,15,105,0.3694563976355961,0.4110020250858118,3.548709753787879,9.8807879715968e-05,3.4762138597892993,13,2,False,False,False
EXP-T132,shadow,3,101,0.0001,1.0000000000000002e-06,16,112,0.3824794119490044,0.41739080970486003,3.5720630992542612,9.8632311059685e-05,3.4762138597892993,13,3,False,False,False
EXP-T132,shadow,3,101,0.0001,1.0000000000000002e-06,17,119,0.45252559440476553,0.4502386143176409,3.7704449277935606,9.844486647586725e-05,3.4762138597892993,13,4,False,False,False
EXP-T132,shadow,3,101,0.0001,1.0000000000000002e-06,18,126,0.34490799424903734,0.4544234524170558,3.6299628055456914,9.824559221366101e-05,3.4762138597892993,13,5,False,False,False
EXP-T132,shadow,3,101,0.0001,1.0000000000000002e-06,19,133,0.3810017966851059,0.45477444926897687,3.6949492945815576,9.803453744100869e-05,3.4762138597892993,13,6,False,False,False
EXP-T132,shadow,3,101,0.0001,1.0000000000000002e-06,20,140,0.3714301252058639,0.4669856522232294,3.880126259543679,9.781175423251735e-05,3.4762138597892993,13,7,False,False,False
EXP-T132,shadow,3,101,0.0001,1.0000000000000002e-06,21,147,0.3918660038283893,0.4569226286063592,3.8047723481149385,9.757729755661011e-05,3.4762138597892993,13,8,False,False,False
EXP-T132,shadow,3,101,0.0001,1.0000000000000002e-06,22,154,0.37467704500470844,0.45501062273979187,3.6443365848425664,9.73312252619635e-05,3.4762138597892993,13,9,False,False,False
EXP-T132,shadow,3,101,0.0001,1.0000000000000002e-06,23,161,0.3329433649778366,0.49514269704620045,4.0530023285836885,9.707359806323417e-05,3.4762138597892993,13,10,False,False,False
EXP-T132,shadow,3,101,0.0001,1.0000000000000002e-06,24,168,0.3955542402608054,0.45004968469341594,3.691862626509233,9.680447952607845e-05,3.4762138597892993,13,11,False,False,False
EXP-T132,shadow,3,101,0.0001,1.0000000000000002e-06,25,175,0.3331352642604283,0.48327241915588576,3.974497014825994,9.652393605146844e-05,3.4762138597892993,13,12,False,False,False
EXP-T132,shadow,3,101,0.0001,1.0000000000000002e-06,26,182,0.325211230133261,0.45120368090768653,3.765273816657789,9.623203685930869e-05,3.4762138597892993,13,13,False,False,False
EXP-T132,shadow,3,101,0.0001,1.0000000000000002e-06,27,189,0.36537148909909384,0.4452293838063876,3.7112202499852036,9.592885397135707e-05,3.4762138597892993,13,14,False,False,False
EXP-T132,shadow,3,101,0.0001,1.0000000000000002e-06,28,196,0.31573288568428587,0.45211027190089226,3.7104792739405776,9.561446219345454e-05,3.4762138597892993,13,15,False,False,False
EXP-T132,shadow,3,101,0.0001,1.0000000000000002e-06,29,203,0.39461961814335417,0.4591433107076834,3.820186961780895,9.528893909706797e-05,3.4762138597892993,13,16,False,False,False
EXP-T132,shadow,3,101,0.0001,1.0000000000000002e-06,30,210,0.3037330763680594,0.4513784807253008,3.778376492587003,9.495236500015047e-05,3.4762138597892993,13,17,False,False,False
EXP-T132,shadow,3,101,0.0001,1.0000000000000002e-06,31,217,0.3245147168636322,0.45456334909734625,3.77737773548473,9.460482294732421e-05,3.4762138597892993,13,18,False,False,False
EXP-T132,shadow,3,101,0.0001,1.0000000000000002e-06,32,224,0.30355234270765713,0.4335501299550136,3.6694171789920693,9.424639868939033e-05,3.4762138597892993,13,19,False,False,False
EXP-T132,shadow,3,101,0.0001,1.0000000000000002e-06,33,231,0.4029568008014134,0.4760417540868123,3.8625088316021543,9.387718066217124e-05,3.4762138597892993,13,20,False,False,False
EXP-T132,shadow,3,101,0.0001,1.0000000000000002e-06,34,238,0.304239884018898,0.44872208017235,3.7538507634943183,9.349725996469047e-05,3.4762138597892993,13,21,False,False,False
EXP-T132,shadow,3,101,0.0001,1.0000000000000002e-06,35,245,0.30665347405842375,0.43023073075649637,3.6520614624023438,9.310673033669521e-05,3.4762138597892993,13,22,False,False,False
EXP-T132,shadow,3,101,0.0001,1.0000000000000002e-06,36,252,0.28096893842199017,0.45471961695390445,3.785052675189394,9.270568813552756e-05,3.4762138597892993,13,23,False,False,False
EXP-T132,shadow,3,101,0.0001,1.0000000000000002e-06,37,259,0.33353657381875174,0.4474899152604242,3.747067538174716,9.229423231234974e-05,3.4762138597892993,13,24,False,False,False
EXP-T132,shadow,3,101,0.0001,1.0000000000000002e-06,38,266,0.28885070766721455,0.4716583644039929,3.878460508404356,9.187246438772939e-05,3.4762138597892993,13,25,False,False,False
EXP-T132,shadow,3,101,0.0001,1.0000000000000002e-06,39,273,0.31346765586308073,0.4463496596290497,3.735196200284091,9.14404884265908e-05,3.4762138597892993,13,26,False,False,False
EXP-T132,shadow,3,101,0.0001,1.0000000000000002e-06,40,280,0.24769857791917665,0.48561729366580647,3.9007848103841147,9.099841101253866e-05,3.4762138597892993,13,27,False,False,False
EXP-T132,shadow,3,101,0.0001,1.0000000000000002e-06,41,287,0.38633970490523745,0.44326941793163616,3.660057530258641,9.05463412215599e-05,3.4762138597892993,13,28,False,False,False
EXP-T132,shadow,3,101,0.0001,1.0000000000000002e-06,42,294,0.26752680690593217,0.5619671990474066,4.197277415882457,9.0084390595111e-05,3.4762138597892993,13,29,False,False,False
EXP-T132,shadow,3,101,0.0001,1.0000000000000002e-06,43,301,0.2654003639306341,0.42794836512378726,3.6254290956439394,8.961267311259666e-05,3.4762138597892993,13,30,False,True,False
EXP-T132,shadow,3,101,0.001,1e-05,1,7,0.64289904492242,0.8411860267321268,5.156895030628551,0.001,5.156895030628551,1,0,True,False,False
EXP-T132,shadow,3,101,0.001,1e-05,2,14,0.66376174560615,1.033484200636546,6.080413124778054,0.000999938933078422,5.156895030628551,1,1,False,False,False
EXP-T132,shadow,3,101,0.001,1e-05,3,21,1.052796287196023,0.6275234222412109,4.1048602479876894,0.0009997557473810372,4.1048602479876894,3,0,True,False,False
EXP-T132,shadow,3,101,0.001,1e-05,4,28,0.5661417586462838,0.5760907530784607,3.9638225671016807,0.0009994504881061753,3.9638225671016807,4,0,True,False,False
EXP-T132,shadow,3,101,0.001,1e-05,5,35,0.6268240681716374,0.40809128526598215,3.4501643325343276,0.0009990232305719944,3.4501643325343276,5,0,True,False,False
EXP-T132,shadow,3,101,0.001,1e-05,6,42,0.6191110483237675,0.4347032851849993,3.6855535796194365,0.0009984740801978985,3.4501643325343276,5,1,False,False,False
EXP-T132,shadow,3,101,0.001,1e-05,7,49,0.4811475617544992,0.6505529085795084,4.138737765225497,0.0009978031724785245,3.4501643325343276,5,2,False,False,False
EXP-T132,shadow,3,101,0.001,1e-05,8,56,0.6347656079701015,0.49880165855089825,3.8197708129882812,0.000997010672950314,3.4501643325343276,5,3,False,False,False
EXP-T132,shadow,3,101,0.001,1e-05,9,63,0.46239051701767103,0.6257938742637634,3.984216979055694,0.0009960967771506667,3.4501643325343276,5,4,False,False,False
EXP-T132,shadow,3,101,0.001,1e-05,10,70,0.49788191063063486,0.43601351728041965,3.443166559392756,0.000995061710569696,3.443166559392756,10,0,True,False,False
EXP-T132,shadow,3,101,0.001,1e-05,11,77,0.39851742344243185,0.4265153830250104,3.418357155539773,0.0009939057285945933,3.418357155539773,11,0,True,False,False
EXP-T132,shadow,3,101,0.001,1e-05,12,84,0.40196947540555683,0.42549781217045773,3.626923994584517,0.000992629116446613,3.418357155539773,11,1,False,False,False
EXP-T132,shadow,3,101,0.001,1e-05,13,91,0.36602671444416046,0.38055272431423265,3.2368302778764204,0.000991232189110701,3.2368302778764204,13,0,True,False,False
EXP-T132,shadow,3,101,0.001,1e-05,14,98,0.5156791891370501,0.4729983061552048,3.4933430064808237,0.0009897152912577741,3.2368302778764204,13,1,False,False,False
EXP-T132,shadow,3,101,0.001,1e-05,15,105,0.41457083262503147,0.45680903395016986,3.732760342684659,0.00098807879715968,3.2368302778764204,13,2,False,False,False
EXP-T132,shadow,3,101,0.001,1e-05,16,112,0.3565405878637518,0.40569895319640636,3.4634868737423057,0.00098632311059685,3.2368302778764204,13,3,False,False,False
EXP-T132,shadow,3,101,0.001,1e-05,17,119,0.3598806453602655,0.7375316371520361,5.347201029459636,0.0009844486647586723,3.2368302778764204,13,4,False,False,False
EXP-T132,shadow,3,101,0.001,1e-05,18,126,0.4325684442051819,0.47513993581136066,3.5351155598958335,0.00098245592213661,3.2368302778764204,13,5,False,False,False
EXP-T132,shadow,3,101,0.001,1e-05,19,133,0.4482168129512242,0.472110574444135,3.6417821248372397,0.0009803453744100868,3.2368302778764204,13,6,False,False,False
EXP-T132,shadow,3,101,0.001,1e-05,20,140,0.3352966180869511,0.8065493702888489,4.956060698538115,0.0009781175423251734,3.2368302778764204,13,7,False,False,False
EXP-T132,shadow,3,101,0.001,1e-05,21,147,0.40481486916542053,0.5631116827329,3.669821768095999,0.0009757729755661011,3.2368302778764204,13,8,False,False,False
EXP-T132,shadow,3,101,0.001,1e-05,22,154,0.5128891340323857,0.6601269443829855,4.4242010405569365,0.0009733122526196349,3.2368302778764204,13,9,False,False,False
EXP-T132,shadow,3,101,0.001,1e-05,23,161,0.3500387248184,0.41293007632096607,3.409836277817235,0.0009707359806323416,3.2368302778764204,13,10,False,False,False
EXP-T132,shadow,3,101,0.001,1e-05,24,168,0.3917689195701054,0.4389669969677925,3.484469327059659,0.0009680447952607845,3.2368302778764204,13,11,False,False,False
EXP-T132,shadow,3,101,0.001,1e-05,25,175,0.3251675580229078,0.44444950177179027,3.738569548635772,0.0009652393605146844,3.2368302778764204,13,12,False,False,False
EXP-T132,shadow,3,101,0.001,1e-05,26,182,0.3557976207562855,0.45097412044803303,3.6439895629882812,0.000962320368593087,3.2368302778764204,13,13,False,False,False
EXP-T132,shadow,3,101,0.001,1e-05,27,189,0.2560142907979233,0.5155695776144663,4.164939417983547,0.0009592885397135706,3.2368302778764204,13,14,False,False,False
EXP-T132,shadow,3,101,0.001,1e-05,28,196,0.29008640348911285,0.4403750547207892,3.6754025545987217,0.0009561446219345453,3.2368302778764204,13,15,False,False,False
EXP-T132,shadow,3,101,0.001,1e-05,29,203,0.29021419478314264,0.4339498064170281,3.6178140351266572,0.0009528893909706797,3.2368302778764204,13,16,False,False,False
EXP-T132,shadow,3,101,0.001,1e-05,30,210,0.36313579763684956,0.5724489005903403,4.534342910304214,0.0009495236500015047,3.2368302778764204,13,17,False,False,False
EXP-T132,shadow,3,101,0.001,1e-05,31,217,0.3702382360185896,0.4870549788077672,3.715417804140033,0.0009460482294732421,3.2368302778764204,13,18,False,False,False
EXP-T132,shadow,3,101,0.001,1e-05,32,224,0.2781477390256311,0.49620038938398164,4.0315265077533144,0.0009424639868939033,3.2368302778764204,13,19,False,False,False
EXP-T132,shadow,3,101,0.001,1e-05,33,231,0.37393670635563986,0.49769415458043414,3.9246766061493843,0.0009387718066217125,3.2368302778764204,13,20,False,False,False
EXP-T132,shadow,3,101,0.001,1e-05,34,238,0.2707939488547189,0.4260596021328335,3.605414881850734,0.0009349725996469047,3.2368302778764204,13,21,False,False,False
EXP-T132,shadow,3,101,0.001,1e-05,35,245,0.2188118722821985,0.6894437670707703,4.266839923280658,0.0009310673033669522,3.2368302778764204,13,22,False,False,False
EXP-T132,shadow,3,101,0.001,1e-05,36,252,0.23897094226309232,0.45650208306809265,3.7939189564098013,0.0009270568813552756,3.2368302778764204,13,23,False,False,False
EXP-T132,shadow,3,101,0.001,1e-05,37,259,0.3149860692875726,0.49496836960315704,3.704338304924242,0.0009229423231234975,3.2368302778764204,13,24,False,False,False
EXP-T132,shadow,3,101,0.001,1e-05,38,266,0.21279817180974142,0.5339198708534241,3.5894502581972065,0.0009187246438772938,3.2368302778764204,13,25,False,False,False
EXP-T132,shadow,3,101,0.001,1e-05,39,273,0.2942479295389993,0.4023321655889352,3.4269194169477983,0.0009144048842659081,3.2368302778764204,13,26,False,False,False
EXP-T132,shadow,3,101,0.001,1e-05,40,280,0.22593435932815606,0.5897206366062164,4.466378183075876,0.0009099841101253866,3.2368302778764204,13,27,False,False,False
EXP-T132,shadow,3,101,0.001,1e-05,41,287,0.19989319624645369,0.7098021308581034,3.870598301743016,0.000905463412215599,3.2368302778764204,13,28,False,False,False
EXP-T132,shadow,3,101,0.001,1e-05,42,294,0.19847900101116725,0.3982204804196954,3.342244928533381,0.0009008439059511099,3.2368302778764204,13,29,False,False,False
EXP-T132,shadow,3,101,0.001,1e-05,43,301,0.27525577374867033,0.4974904730916023,3.967593106356534,0.0008961267311259666,3.2368302778764204,13,30,False,True,False
EXP-T132,shadow,3,101,0.01,0.0001,1,7,21.62059054204396,13.833735783894857,62.14192731452711,0.01,62.14192731452711,1,0,True,False,False
EXP-T132,shadow,3,101,0.01,0.0001,2,14,16.931969506399973,3.718717336654663,17.487175912568063,0.00999938933078422,17.487175912568063,2,0,True,False,False
EXP-T132,shadow,3,101,0.01,0.0001,3,21,6.838717767170498,0.4868563637137413,3.8068424571644175,0.009997557473810372,3.8068424571644175,3,0,True,False,False
EXP-T132,shadow,3,101,0.01,0.0001,4,28,1.4657636199678694,1.695942481358846,8.276147091027463,0.009994504881061753,3.8068424571644175,3,1,False,False,False
EXP-T132,shadow,3,101,0.01,0.0001,5,35,1.1190629729202815,7.8846438725789385,34.554264184200406,0.009990232305719944,3.8068424571644175,3,2,False,False,False
EXP-T132,shadow,3,101,0.01,0.0001,6,42,2.8042559964316234,1.7318029801050823,8.473936369924834,0.009984740801978984,3.8068424571644175,3,3,False,False,False
EXP-T132,shadow,3,101,0.01,0.0001,7,49,1.4554383158683777,0.5229157830278078,4.127527410333807,0.009978031724785246,3.8068424571644175,3,4,False,False,False
EXP-T132,shadow,3,101,0.01,0.0001,8,56,0.7704625342573438,0.4346540533006191,3.559392293294271,0.00997010672950314,3.559392293294271,8,0,True,False,False
EXP-T132,shadow,3,101,0.01,0.0001,9,63,0.5763186897550311,0.43158410241206485,3.556772636644768,0.009960967771506667,3.556772636644768,9,0,True,False,False
EXP-T132,shadow,3,101,0.01,0.0001,10,70,0.5263573910508837,0.4273179732263088,3.5518583817915483,0.00995061710569696,3.5518583817915483,10,0,True,False,False
EXP-T132,shadow,3,101,0.01,0.0001,11,77,4.61067105616842,3.9614713986714682,18.079159129749645,0.009939057285945933,3.5518583817915483,10,1,False,False,False
EXP-T132,shadow,3,101,0.01,0.0001,12,84,6.9838285105569025,7.265640576680501,33.00314596927527,0.00992629116446613,3.5518583817915483,10,2,False,False,False
EXP-T132,shadow,3,101,0.01,0.0001,13,91,4.376909911632538,0.42389521980658174,3.557855085893111,0.00991232189110701,3.5518583817915483,10,3,False,False,False
EXP-T132,shadow,3,101,0.01,0.0001,14,98,0.6274931366954531,0.4241765116651853,3.5646577314897017,0.00989715291257774,3.5518583817915483,10,4,False,False,False
EXP-T132,shadow,3,101,0.01,0.0001,15,105,0.4971376223090504,0.42451612496127683,3.5687685879794033,0.0098807879715968,3.5518583817915483,10,5,False,False,False
EXP-T132,shadow,3,101,0.01,0.0001,16,112,4.778936377593449,21.01469612121582,92.95339503432766,0.0098632311059685,3.5518583817915483,10,6,False,False,False
EXP-T132,shadow,3,101,0.01,0.0001,17,119,7.571356739316668,5.326080958048503,24.749538999615293,0.009844486647586723,3.5518583817915483,10,7,False,False,False
EXP-T132,shadow,3,101,0.01,0.0001,18,126,2.370288235800607,0.42388764054824907,3.5572662353515625,0.0098245592213661,3.5518583817915483,10,8,False,False,False
EXP-T132,shadow,3,101,0.01,0.0001,19,133,0.9883380361965725,0.4239892310773333,3.5506362915039062,0.009803453744100868,3.5506362915039062,19,0,True,False,False
EXP-T132,shadow,3,101,0.01,0.0001,20,140,54.981346564633505,136.06169637044272,586.2898319128788,0.009781175423251734,3.5506362915039062,19,1,False,False,False
EXP-T132,shadow,3,101,0.01,0.0001,21,147,61.74627849033901,36.98862838745117,156.82276246041963,0.009757729755661011,3.5506362915039062,19,2,False,False,False
EXP-T132,shadow,3,101,0.01,0.0001,22,154,24.792378788148717,0.6943849325180054,4.669126106031014,0.009733122526196349,3.5506362915039062,19,3,False,False,False
EXP-T132,shadow,3,101,0.01,0.0001,23,161,6.64226017679487,24.726033528645832,108.89822618889086,0.009707359806323416,3.5506362915039062,19,4,False,False,False
EXP-T132,shadow,3,101,0.01,0.0001,24,168,7.488297189985003,0.42428894092639285,3.545686201615767,0.009680447952607845,3.545686201615767,24,0,True,False,False
EXP-T132,shadow,3,101,0.01,0.0001,25,175,0.7226520265851702,0.42620794537166756,3.550106395374645,0.009652393605146845,3.545686201615767,24,1,False,False,False
EXP-T132,shadow,3,101,0.01,0.0001,26,182,0.4930582059813397,0.4299762857457002,3.555138790246212,0.00962320368593087,3.545686201615767,24,2,False,False,False
EXP-T132,shadow,3,101,0.01,0.0001,27,189,0.8096894813435418,0.4341144549349944,3.5590219208688447,0.009592885397135707,3.545686201615767,24,3,False,False,False
EXP-T132,shadow,3,101,0.01,0.0001,28,196,0.6335813573428563,0.43667371695240337,3.5618545069839014,0.009561446219345454,3.545686201615767,24,4,False,False,False
EXP-T132,shadow,3,101,0.01,0.0001,29,203,2.3372433951922824,0.43402580668528873,3.5589484012488164,0.009528893909706798,3.545686201615767,24,5,False,False,False
EXP-T132,shadow,3,101,0.01,0.0001,30,210,0.4997851699590683,0.4319608087340991,3.5571293686375474,0.009495236500015047,3.545686201615767,24,6,False,False,False
EXP-T132,shadow,3,101,0.01,0.0001,31,217,1.6064379417470522,0.4332500199476878,3.5582894989938447,0.00946048229473242,3.545686201615767,24,7,False,False,False
EXP-T132,shadow,3,101,0.01,0.0001,32,224,1.4633872998612267,0.4331822407742341,3.5582305445815576,0.009424639868939034,3.545686201615767,24,8,False,False,False
EXP-T132,shadow,3,101,0.01,0.0001,33,231,0.8143897737775531,0.4311064730087916,3.556307243578362,0.009387718066217124,3.545686201615767,24,9,False,False,False
EXP-T132,shadow,3,101,0.01,0.0001,34,238,2.8826637057853595,0.4285019151866436,3.5534360481031015,0.009349725996469048,3.545686201615767,24,10,False,False,False
EXP-T132,shadow,3,101,0.01,0.0001,35,245,0.5578367965562003,0.42821862921118736,3.5530788537227744,0.00931067303366952,3.545686201615767,24,11,False,False,False
EXP-T132,shadow,3,101,0.01,0.0001,36,252,0.5432224018233163,0.4295671544969082,3.5546891183564155,0.009270568813552756,3.545686201615767,24,12,False,False,False
EXP-T132,shadow,3,101,0.01,0.0001,37,259,1.5774200303213937,0.4299036003649235,3.555059953169389,0.009229423231234974,3.545686201615767,24,13,False,False,False
EXP-T132,shadow,3,101,0.01,0.0001,38,266,0.49545371452612536,0.4325731930633386,3.5576914007013496,0.009187246438772938,3.545686201615767,24,14,False,False,False
EXP-T132,shadow,3,101,0.01,0.0001,39,273,0.5789413452148438,0.43428226312001544,3.5591604059392754,0.009144048842659082,3.545686201615767,24,15,False,False,False
EXP-T132,shadow,3,101,0.01,0.0001,40,280,0.49273696009601864,0.4325479877491792,3.5576687437115293,0.009099841101253866,3.545686201615767,24,16,False,False,False
EXP-T132,shadow,3,101,0.01,0.0001,41,287,11.4168073620115,0.43206790710488957,3.5572292443477744,0.00905463412215599,3.545686201615767,24,17,False,False,False
EXP-T132,shadow,3,101,0.01,0.0001,42,294,0.5550945316042218,0.43002577622731525,3.5551921960079307,0.0090084390595111,3.545686201615767,24,18,False,False,False
EXP-T132,shadow,3,101,0.01,0.0001,43,301,0.6837993434497288,0.43057319273551303,3.5557685620857007,0.008961267311259666,3.545686201615767,24,19,False,False,False
EXP-T132,shadow,3,101,0.01,0.0001,44,308,0.5105368260826383,0.4297105285028617,3.554848410866477,0.008913130516324731,3.545686201615767,24,20,False,False,False
EXP-T132,shadow,3,101,0.01,0.0001,45,315,0.5541443313871112,0.43103550498684245,3.5562369606711646,0.008864040551740157,3.545686201615767,24,21,False,False,False
EXP-T132,shadow,3,101,0.01,0.0001,46,322,11.591344865305084,0.433076707025369,3.5581385294596353,0.008814009529720154,3.545686201615767,24,22,False,False,False
EXP-T132,shadow,3,101,0.01,0.0001,47,329,6.033249876328877,0.4319728836417198,3.5571406971324575,0.008763049794670776,3.545686201615767,24,23,False,False,False
EXP-T132,shadow,3,101,0.01,0.0001,48,336,0.5847205349377224,0.4310857069989045,3.556286667332505,0.008711173920144118,3.545686201615767,24,24,False,False,False
EXP-T132,shadow,3,101,0.01,0.0001,49,343,1.2552443913051061,0.4324546592930953,3.557584357984138,0.008658394705735987,3.545686201615767,24,25,False,False,False
EXP-T132,shadow,3,101,0.01,0.0001,50,350,10.05415139879499,0.4352156197031339,3.5599106297348486,0.008604725173927784,3.545686201615767,24,26,False,False,False
EXP-T132,shadow,3,101,0.01,0.0001,51,357,0.5479359541620527,0.43414952730139095,3.5590510512843276,0.00855017856687341,3.545686201615767,24,27,False,False,False
EXP-T132,shadow,3,101,0.01,0.0001,52,364,0.4957194094147001,0.4314893012245496,3.5566815462979404,0.008494768343131955,3.545686201615767,24,28,False,False,False
EXP-T132,shadow,3,101,0.01,0.0001,53,371,0.4946316821234567,0.43019073580702144,3.5553683656634707,0.00843850817434701,3.545686201615767,24,29,False,False,False
EXP-T132,shadow,3,101,0.01,0.0001,54,378,0.6026286482810974,0.429297370215257,3.554383711381392,0.008381411941873378,3.545686201615767,24,30,False,True,False
EXP-T132,shadow,4,101,1e-05,1.0000000000000001e-07,1,7,0.5305539465376309,0.5652325749397278,3.428337812423706,1e-05,3.428337812423706,1,0,True,False,False
EXP-T132,shadow,4,101,1e-05,1.0000000000000001e-07,2,14,0.5385680049657822,0.5596189647912979,3.4254915714263916,9.99938933078422e-06,3.4254915714263916,2,0,True,False,False
EXP-T132,shadow,4,101,1e-05,1.0000000000000001e-07,3,21,0.6711285540035793,0.5606576800346375,3.42334246635437,9.997557473810373e-06,3.42334246635437,3,0,True,False,False
EXP-T132,shadow,4,101,1e-05,1.0000000000000001e-07,4,28,0.4937445063676153,0.5596303343772888,3.4218618869781494,9.994504881061752e-06,3.4218618869781494,4,0,True,False,False
EXP-T132,shadow,4,101,1e-05,1.0000000000000001e-07,5,35,0.49134175958377974,0.5586287528276443,3.420088291168213,9.990232305719944e-06,3.420088291168213,5,0,True,False,False
EXP-T132,shadow,4,101,1e-05,1.0000000000000001e-07,6,42,0.544236923967089,0.5576602816581726,3.418224811553955,9.984740801978984e-06,3.418224811553955,6,0,True,False,False
EXP-T132,shadow,4,101,1e-05,1.0000000000000001e-07,7,49,0.5375871615750449,0.5571011453866959,3.4166388511657715,9.978031724785247e-06,3.4166388511657715,7,0,True,False,False
EXP-T132,shadow,4,101,1e-05,1.0000000000000001e-07,8,56,0.491169719973446,0.5566989481449127,3.4153592586517334,9.97010672950314e-06,3.4153592586517334,8,0,True,False,False
EXP-T132,shadow,4,101,1e-05,1.0000000000000001e-07,9,63,0.5461968992437635,0.5563261806964874,3.414047956466675,9.960967771506666e-06,3.414047956466675,9,0,True,False,False
EXP-T132,shadow,4,101,1e-05,1.0000000000000001e-07,10,70,0.5507754513195583,0.5559869110584259,3.4126670360565186,9.950617105696961e-06,3.4126670360565186,10,0,True,False,False
EXP-T132,shadow,4,101,1e-05,1.0000000000000001e-07,11,77,0.4957980534860066,0.5560767650604248,3.4112095832824707,9.939057285945933e-06,3.4112095832824707,11,0,True,False,False
EXP-T132,shadow,4,101,1e-05,1.0000000000000001e-07,12,84,0.5394645375864846,0.5569251477718353,3.4096758365631104,9.926291164466131e-06,3.4096758365631104,12,0,True,False,False
EXP-T132,shadow,4,101,1e-05,1.0000000000000001e-07,13,91,0.516553843660014,0.5575868487358093,3.4082183837890625,9.91232189110701e-06,3.4082183837890625,13,0,True,False,False
EXP-T132,shadow,4,101,1e-05,1.0000000000000001e-07,14,98,0.4958864405219044,0.5591956079006195,3.407116413116455,9.897152912577742e-06,3.407116413116455,14,0,True,False,False
EXP-T132,shadow,4,101,1e-05,1.0000000000000001e-07,15,105,0.7457548635346549,0.5593336075544357,3.405594825744629,9.8807879715968e-06,3.405594825744629,15,0,True,False,False
EXP-T132,shadow,4,101,1e-05,1.0000000000000001e-07,16,112,0.6979233069079263,0.5586868226528168,3.4039511680603027,9.8632311059685e-06,3.4039511680603027,16,0,True,False,False
EXP-T132,shadow,4,101,1e-05,1.0000000000000001e-07,17,119,0.6653708219528198,0.5573267787694931,3.40217924118042,9.844486647586724e-06,3.40217924118042,17,0,True,False,False
EXP-T132,shadow,4,101,1e-05,1.0000000000000001e-07,18,126,0.6079556260790143,0.5573738217353821,3.4002087116241455,9.824559221366101e-06,3.4002087116241455,18,0,True,False,False
EXP-T132,shadow,4,101,1e-05,1.0000000000000001e-07,19,133,0.49404703293527874,0.556981086730957,3.3989248275756836,9.803453744100868e-06,3.3989248275756836,19,0,True,False,False
EXP-T132,shadow,4,101,1e-05,1.0000000000000001e-07,20,140,0.5093911524329867,0.5550251454114914,3.397939682006836,9.781175423251734e-06,3.397939682006836,20,0,True,False,False
EXP-T132,shadow,4,101,1e-05,1.0000000000000001e-07,21,147,0.7014793838773455,0.5536358803510666,3.396838426589966,9.757729755661012e-06,3.396838426589966,21,0,True,False,False
EXP-T132,shadow,4,101,1e-05,1.0000000000000001e-07,22,154,0.7798396561826978,0.5541277676820755,3.3955349922180176,9.73312252619635e-06,3.3955349922180176,22,0,True,False,False
EXP-T132,shadow,4,101,1e-05,1.0000000000000001e-07,23,161,0.5452942167009626,0.5534441471099854,3.394191026687622,9.707359806323418e-06,3.394191026687622,23,0,True,False,False
EXP-T132,shadow,4,101,1e-05,1.0000000000000001e-07,24,168,0.4676966071128845,0.5536530315876007,3.392906904220581,9.680447952607845e-06,3.392906904220581,24,0,True,False,False
EXP-T132,shadow,4,101,1e-05,1.0000000000000001e-07,25,175,0.4738757551780769,0.5533835589885712,3.3914120197296143,9.652393605146845e-06,3.3914120197296143,25,0,True,False,False
EXP-T132,shadow,4,101,1e-05,1.0000000000000001e-07,26,182,0.48234506962554796,0.5529922395944595,3.3895580768585205,9.62320368593087e-06,3.3895580768585205,26,0,True,False,False
EXP-T132,shadow,4,101,1e-05,1.0000000000000001e-07,27,189,0.5006629569189889,0.5503439605236053,3.387638807296753,9.592885397135707e-06,3.387638807296753,27,0,True,False,False
EXP-T132,shadow,4,101,1e-05,1.0000000000000001e-07,28,196,0.5094215082270759,0.5486254990100861,3.3865315914154053,9.561446219345455e-06,3.3865315914154053,28,0,True,False,False
EXP-T132,shadow,4,101,1e-05,1.0000000000000001e-07,29,203,0.4789752300296511,0.5481974184513092,3.3852853775024414,9.528893909706798e-06,3.3852853775024414,29,0,True,False,False
EXP-T132,shadow,4,101,1e-05,1.0000000000000001e-07,30,210,0.4907505429748978,0.5479187667369843,3.3839688301086426,9.495236500015048e-06,3.3839688301086426,30,0,True,False,False
EXP-T132,shadow,4,101,1e-05,1.0000000000000001e-07,31,217,0.5188660962241036,0.5475176274776459,3.3833577632904053,9.460482294732422e-06,3.3833577632904053,31,0,True,False,False
EXP-T132,shadow,4,101,1e-05,1.0000000000000001e-07,32,224,0.595061753477369,0.5478582829236984,3.382514238357544,9.424639868939035e-06,3.382514238357544,32,0,True,False,False
EXP-T132,shadow,4,101,1e-05,1.0000000000000001e-07,33,231,0.4978164349283491,0.5480664819478989,3.3818275928497314,9.387718066217125e-06,3.3818275928497314,33,0,True,False,False
EXP-T132,shadow,4,101,1e-05,1.0000000000000001e-07,34,238,0.6367502510547638,0.5489189028739929,3.3806216716766357,9.349725996469047e-06,3.3806216716766357,34,0,True,False,False
EXP-T132,shadow,4,101,1e-05,1.0000000000000001e-07,35,245,0.5139582199709756,0.5500264912843704,3.3846426010131836,9.310673033669522e-06,3.3806216716766357,34,1,False,False,False
EXP-T132,shadow,4,101,1e-05,1.0000000000000001e-07,36,252,0.5976096647126334,0.5501508861780167,3.3858213424682617,9.270568813552757e-06,3.3806216716766357,34,2,False,False,False
EXP-T132,shadow,4,101,1e-05,1.0000000000000001e-07,37,259,0.5582723064082009,0.5488855540752411,3.382215738296509,9.229423231234975e-06,3.3806216716766357,34,3,False,False,False
EXP-T132,shadow,4,101,1e-05,1.0000000000000001e-07,38,266,0.7508729781423297,0.5478891730308533,3.379276990890503,9.18724643877294e-06,3.379276990890503,38,0,True,False,False
EXP-T132,shadow,4,101,1e-05,1.0000000000000001e-07,39,273,0.6067226103373936,0.546353206038475,3.3752338886260986,9.144048842659081e-06,3.3752338886260986,39,0,True,False,False
EXP-T132,shadow,4,101,1e-05,1.0000000000000001e-07,40,280,0.5864180496760777,0.5457803308963776,3.374150037765503,9.099841101253867e-06,3.374150037765503,40,0,True,False,False
EXP-T132,shadow,4,101,1e-05,1.0000000000000001e-07,41,287,0.4761060149674969,0.5470394194126129,3.3786323070526123,9.054634122155991e-06,3.374150037765503,40,1,False,False,False
EXP-T132,shadow,4,101,1e-05,1.0000000000000001e-07,42,294,0.48172848990985323,0.5474929809570312,3.3809826374053955,9.0084390595111e-06,3.374150037765503,40,2,False,False,False
EXP-T132,shadow,4,101,1e-05,1.0000000000000001e-07,43,301,0.46149588163409916,0.5463064908981323,3.377352476119995,8.961267311259668e-06,3.374150037765503,40,3,False,False,False
EXP-T132,shadow,4,101,1e-05,1.0000000000000001e-07,44,308,0.4649009667336941,0.5447958558797836,3.371781587600708,8.913130516324733e-06,3.371781587600708,44,0,True,False,False
EXP-T132,shadow,4,101,1e-05,1.0000000000000001e-07,45,315,0.4595357554831675,0.5444357991218567,3.3711397647857666,8.864040551740158e-06,3.3711397647857666,45,0,True,False,False
EXP-T132,shadow,4,101,1e-05,1.0000000000000001e-07,46,322,0.7087652129786355,0.5438946485519409,3.3697290420532227,8.814009529720155e-06,3.3697290420532227,46,0,True,False,False
EXP-T132,shadow,4,101,1e-05,1.0000000000000001e-07,47,329,0.7020096480846405,0.5431236624717712,3.366774559020996,8.763049794670776e-06,3.366774559020996,47,0,True,False,False
EXP-T132,shadow,4,101,1e-05,1.0000000000000001e-07,48,336,0.5348438577992576,0.5426770150661469,3.365827798843384,8.711173920144118e-06,3.365827798843384,48,0,True,False,False
EXP-T132,shadow,4,101,1e-05,1.0000000000000001e-07,49,343,0.4831450677343777,0.5434841215610504,3.371546745300293,8.658394705735988e-06,3.365827798843384,48,1,False,False,False
EXP-T132,shadow,4,101,1e-05,1.0000000000000001e-07,50,350,0.4624598495595689,0.543699249625206,3.3734636306762695,8.604725173927786e-06,3.365827798843384,48,2,False,False,False
EXP-T132,shadow,4,101,1e-05,1.0000000000000001e-07,51,357,0.74914003270013,0.5433150082826614,3.372687578201294,8.550178566873412e-06,3.365827798843384,48,3,False,False,False
EXP-T132,shadow,4,101,1e-05,1.0000000000000001e-07,52,364,0.4645244372742517,0.5424888730049133,3.3699986934661865,8.494768343131955e-06,3.365827798843384,48,4,False,False,False
EXP-T132,shadow,4,101,1e-05,1.0000000000000001e-07,53,371,0.6508416661194393,0.5420002788305283,3.3688433170318604,8.43850817434701e-06,3.365827798843384,48,5,False,False,False
EXP-T132,shadow,4,101,1e-05,1.0000000000000001e-07,54,378,0.45637500286102295,0.5427276194095612,3.373272180557251,8.381411941873379e-06,3.365827798843384,48,6,False,False,False
EXP-T132,shadow,4,101,1e-05,1.0000000000000001e-07,55,385,0.4861632266214916,0.5425336062908173,3.3735408782958984,8.323493733352078e-06,3.365827798843384,48,7,False,False,False
EXP-T132,shadow,4,101,1e-05,1.0000000000000001e-07,56,392,0.4592731741390058,0.543568417429924,3.37829852104187,8.26476783923441e-06,3.365827798843384,48,8,False,False,False
EXP-T132,shadow,4,101,1e-05,1.0000000000000001e-07,57,399,0.5032048949173519,0.5430591702461243,3.3769888877868652,8.205248749256014e-06,3.365827798843384,48,9,False,False,False
EXP-T132,shadow,4,101,1e-05,1.0000000000000001e-07,58,406,0.44650943151542116,0.5418950170278549,3.3734965324401855,8.144951148861743e-06,3.365827798843384,48,10,False,False,False
EXP-T132,shadow,4,101,1e-05,1.0000000000000001e-07,59,413,0.49041925157819477,0.5411814451217651,3.371328353881836,8.083889915582235e-06,3.365827798843384,48,11,False,False,False
EXP-T132,shadow,4,101,1e-05,1.0000000000000001e-07,60,420,0.5911108425685337,0.5398074984550476,3.365802049636841,8.022080115363127e-06,3.365802049636841,60,0,True,False,False
EXP-T132,shadow,4,101,1e-05,1.0000000000000001e-07,61,427,0.6337120745863233,0.5398358404636383,3.3670194149017334,7.959536998847744e-06,3.365802049636841,60,1,False,False,False
EXP-T132,shadow,4,101,1e-05,1.0000000000000001e-07,62,434,0.5563319793769291,0.5395060330629349,3.3664050102233887,7.89627599761423e-06,3.365802049636841,60,2,False,False,False
EXP-T132,shadow,4,101,1e-05,1.0000000000000001e-07,63,441,0.488402783870697,0.5385252386331558,3.3622114658355713,7.832312720368048e-06,3.3622114658355713,63,0,True,False,False
EXP-T132,shadow,4,101,1e-05,1.0000000000000001e-07,64,448,0.45820913144520353,0.5379447638988495,3.3598837852478027,7.767662949090754e-06,3.3598837852478027,64,0,True,False,False
EXP-T132,shadow,4,101,1e-05,1.0000000000000001e-07,65,455,0.49412850396973745,0.5376388132572174,3.359592914581299,7.702342635146033e-06,3.359592914581299,65,0,True,False,False
EXP-T132,shadow,4,101,1e-05,1.0000000000000001e-07,66,462,0.4598373696208,0.5372715592384338,3.35858154296875,7.636367895343947e-06,3.35858154296875,66,0,True,False,False
EXP-T132,shadow,4,101,1e-05,1.0000000000000001e-07,67,469,0.6211877082075391,0.5373125523328781,3.3600172996520996,7.5697550079643376e-06,3.35858154296875,66,1,False,False,False
EXP-T132,shadow,4,101,1e-05,1.0000000000000001e-07,68,476,0.4719214120081493,0.536682665348053,3.356475830078125,7.502520408740418e-06,3.356475830078125,68,0,True,False,False
EXP-T132,shadow,4,101,1e-05,1.0000000000000001e-07,69,483,0.46479349290685995,0.5364237129688263,3.3567731380462646,7.43468068680349e-06,3.356475830078125,68,1,False,False,False
EXP-T132,shadow,4,101,1e-05,1.0000000000000001e-07,70,490,0.4704575112887791,0.5359153598546982,3.3540940284729004,7.366252580589839e-06,3.3540940284729004,70,0,True,False,False
EXP-T132,shadow,4,101,1e-05,1.0000000000000001e-07,71,497,0.4421448973672731,0.5357974469661713,3.3544394969940186,7.297252973710756e-06,3.3540940284729004,70,1,False,False,False
EXP-T132,shadow,4,101,1e-05,1.0000000000000001e-07,72,504,0.46476990623133524,0.5355827957391739,3.354660749435425,7.227698890786779e-06,3.3540940284729004,70,2,False,False,False
EXP-T132,shadow,4,101,1e-05,1.0000000000000001e-07,73,511,0.43604517861136366,0.5360106527805328,3.360175371170044,7.15760749324711e-06,3.3540940284729004,70,3,False,False,False
EXP-T132,shadow,4,101,1e-05,1.0000000000000001e-07,74,518,0.6958534334387098,0.5374614596366882,3.3689136505126953,7.086996075095289e-06,3.3540940284729004,70,4,False,False,False
EXP-T132,shadow,4,101,1e-05,1.0000000000000001e-07,75,525,0.6401218516486031,0.5386930406093597,3.374281406402588,7.015882058642164e-06,3.3540940284729004,70,5,False,False,False
EXP-T132,shadow,4,101,1e-05,1.0000000000000001e-07,76,532,0.4315865992435387,0.5379299521446228,3.371997833251953,6.9442829902071945e-06,3.3540940284729004,70,6,False,False,False
EXP-T132,shadow,4,101,1e-05,1.0000000000000001e-07,77,539,0.43897166209561483,0.5368212163448334,3.368030548095703,6.8722165357891564e-06,3.3540940284729004,70,7,False,False,False
EXP-T132,shadow,4,101,1e-05,1.0000000000000001e-07,78,546,0.47338293279920307,0.5367071032524109,3.3680479526519775,6.799700476707323e-06,3.3540940284729004,70,8,False,False,False
EXP-T132,shadow,4,101,1e-05,1.0000000000000001e-07,79,553,0.4425758293696812,0.5354887396097183,3.3631696701049805,6.726752705214193e-06,3.3540940284729004,70,9,False,False,False
EXP-T132,shadow,4,101,1e-05,1.0000000000000001e-07,80,560,0.4448875401701246,0.5355416536331177,3.3641910552978516,6.65339122008084e-06,3.3540940284729004,70,10,False,False,False
EXP-T132,shadow,4,101,1e-05,1.0000000000000001e-07,81,567,0.4465739865388189,0.5352383702993393,3.3633570671081543,6.57963412215599e-06,3.3540940284729004,70,11,False,False,False
EXP-T132,shadow,4,101,1e-05,1.0000000000000001e-07,82,574,0.42056155098336084,0.5347934514284134,3.3618626594543457,6.505499609899905e-06,3.3540940284729004,70,12,False,False,False
EXP-T132,shadow,4,101,1e-05,1.0000000000000001e-07,83,581,0.49690860509872437,0.5339927971363068,3.3583672046661377,6.431005974894185e-06,3.3540940284729004,70,13,False,False,False
EXP-T132,shadow,4,101,1e-05,1.0000000000000001e-07,84,588,0.4229722060263157,0.5335772335529327,3.3569016456604004,6.356171597328595e-06,3.3540940284729004,70,14,False,False,False
EXP-T132,shadow,4,101,1e-05,1.0000000000000001e-07,85,595,0.45087475010326933,0.5332913249731064,3.3559393882751465,6.28101494146603e-06,3.3540940284729004,70,15,False,False,False
EXP-T132,shadow,4,101,1e-05,1.0000000000000001e-07,86,602,0.46305997031075613,0.5334475338459015,3.3578178882598877,6.205554551086732e-06,3.3540940284729004,70,16,False,False,False
EXP-T132,shadow,4,101,1e-05,1.0000000000000001e-07,87,609,0.4650307648948261,0.5330056250095367,3.355722665786743,6.129809044912887e-06,3.3540940284729004,70,17,False,False,False
EXP-T132,shadow,4,101,1e-05,1.0000000000000001e-07,88,616,0.4464609942265919,0.5326078534126282,3.3532018661499023,6.053797112014738e-06,3.3532018661499023,88,0,True,False,False
EXP-T132,shadow,4,101,1e-05,1.0000000000000001e-07,89,623,0.42450682393142153,0.5322833955287933,3.352017402648926,5.977537507199338e-06,3.352017402648926,89,0,True,False,False
EXP-T132,shadow,4,101,1e-05,1.0000000000000001e-07,90,630,0.47380577666418894,0.531943142414093,3.350674867630005,5.901049046383077e-06,3.350674867630005,90,0,True,False,False
EXP-T132,shadow,4,101,1e-05,1.0000000000000001e-07,91,637,0.4347606280020305,0.5317546427249908,3.350001335144043,5.824350601949143e-06,3.350001335144043,91,0,True,False,False
EXP-T132,shadow,4,101,1e-05,1.0000000000000001e-07,92,644,0.5104863132749285,0.5313800871372223,3.3463246822357178,5.7474610980910354e-06,3.3463246822357178,92,0,True,False,False
EXP-T132,shadow,4,101,1e-05,1.0000000000000001e-07,93,651,0.4766580121857779,0.5312302112579346,3.3456921577453613,5.6703995061433075e-06,3.3456921577453613,93,0,True,False,False
EXP-T132,shadow,4,101,1e-05,1.0000000000000001e-07,94,658,0.4921534870352064,0.5312070250511169,3.348649263381958,5.5931848399006745e-06,3.3456921577453613,93,1,False,False,False
EXP-T132,shadow,4,101,1e-05,1.0000000000000001e-07,95,665,0.4934840330055782,0.531131312251091,3.3497228622436523,5.515836150926646e-06,3.3456921577453613,93,2,False,False,False
EXP-T132,shadow,4,101,1e-05,1.0000000000000001e-07,96,672,0.415940361097455,0.5306275337934494,3.3472976684570312,5.438372523852833e-06,3.3456921577453613,93,3,False,False,False
EXP-T132,shadow,4,101,1e-05,1.0000000000000001e-07,97,679,0.7773874998092651,0.530144140124321,3.3444342613220215,5.360813071670101e-06,3.3444342613220215,97,0,True,False,False
EXP-T132,shadow,4,101,1e-05,1.0000000000000001e-07,98,686,0.428216101867812,0.5299122631549835,3.3439223766326904,5.283176931012731e-06,3.3439223766326904,98,0,True,False,False
EXP-T132,shadow,4,101,1e-05,1.0000000000000001e-07,99,693,0.7314841534410205,0.5296444594860077,3.341627836227417,5.205483257436735e-06,3.341627836227417,99,0,True,False,False
EXP-T132,shadow,4,101,1e-05,1.0000000000000001e-07,100,700,0.4330781613077436,0.5294757187366486,3.337111473083496,5.127751220693512e-06,3.337111473083496,100,0,True,False,False
EXP-T132,shadow,4,101,1e-05,1.0000000000000001e-07,101,707,0.5588016169411796,0.5295759737491608,3.3358654975891113,5.05e-06,3.3358654975891113,101,0,True,False,False
EXP-T132,shadow,4,101,1e-05,1.0000000000000001e-07,102,714,0.4231240451335907,0.5296275019645691,3.338777780532837,4.972248779306488e-06,3.3358654975891113,101,1,False,False,False
EXP-T132,shadow,4,101,1e-05,1.0000000000000001e-07,103,721,0.437893345952034,0.5295824408531189,3.3405020236968994,4.8945167425632645e-06,3.3358654975891113,101,2,False,False,False
EXP-T132,shadow,4,101,1e-05,1.0000000000000001e-07,104,728,0.430922412446567,0.5296089351177216,3.344891309738159,4.816823068987269e-06,3.3358654975891113,101,3,False,False,False
EXP-T132,shadow,4,101,1e-05,1.0000000000000001e-07,105,735,0.5679890577282224,0.5301403105258942,3.3501811027526855,4.7391869283298985e-06,3.3358654975891113,101,4,False,False,False
EXP-T132,shadow,4,101,1e-05,1.0000000000000001e-07,106,742,0.4079689022286662,0.5304804444313049,3.352445125579834,4.661627476147168e-06,3.3358654975891113,101,5,False,False,False
EXP-T132,shadow,4,101,1e-05,1.0000000000000001e-07,107,749,0.4260012060403824,0.5304533541202545,3.3526642322540283,4.584163849073354e-06,3.3358654975891113,101,6,False,False,False
EXP-T132,shadow,4,101,1e-05,1.0000000000000001e-07,108,756,0.4214188775845936,0.5299580991268158,3.350419759750366,4.506815160099326e-06,3.3358654975891113,101,7,False,False,False
EXP-T132,shadow,4,101,1e-05,1.0000000000000001e-07,109,763,0.4704860491412027,0.5295361280441284,3.3485496044158936,4.429600493856694e-06,3.3358654975891113,101,8,False,False,False
EXP-T132,shadow,4,101,1e-05,1.0000000000000001e-07,110,770,0.5126565481935229,0.529352068901062,3.3480823040008545,4.352538901908967e-06,3.3358654975891113,101,9,False,False,False
EXP-T132,shadow,4,101,1e-05,1.0000000000000001e-07,111,777,0.49325756090027945,0.528601735830307,3.3430676460266113,4.275649398050858e-06,3.3358654975891113,101,10,False,False,False
EXP-T132,shadow,4,101,1e-05,1.0000000000000001e-07,112,784,0.5708194864647729,0.5281466245651245,3.3394932746887207,4.198950953616922e-06,3.3358654975891113,101,11,False,False,False
EXP-T132,shadow,4,101,1e-05,1.0000000000000001e-07,113,791,0.5041230576378959,0.5278826951980591,3.337158203125,4.122462492800663e-06,3.3358654975891113,101,12,False,False,False
EXP-T132,shadow,4,101,1e-05,1.0000000000000001e-07,114,798,0.46162980794906616,0.5276257544755936,3.3341779708862305,4.046202887985263e-06,3.3341779708862305,114,0,True,False,False
EXP-T132,shadow,4,101,1e-05,1.0000000000000001e-07,115,805,0.4074743943555014,0.5275239646434784,3.3354299068450928,3.970190955087116e-06,3.3341779708862305,114,1,False,False,False
EXP-T132,shadow,4,101,1e-05,1.0000000000000001e-07,116,812,0.44046890309878756,0.527622640132904,3.3389034271240234,3.894445448913268e-06,3.3341779708862305,114,2,False,False,False
EXP-T132,shadow,4,101,1e-05,1.0000000000000001e-07,117,819,0.4241376966238022,0.5283094048500061,3.3443148136138916,3.818985058533969e-06,3.3341779708862305,114,3,False,False,False
EXP-T132,shadow,4,101,1e-05,1.0000000000000001e-07,118,826,0.618243225983211,0.52882319688797,3.3472273349761963,3.7438284026714044e-06,3.3341779708862305,114,4,False,False,False
EXP-T132,shadow,4,101,1e-05,1.0000000000000001e-07,119,833,0.6577743973050799,0.5284213721752167,3.345139741897583,3.6689940251058153e-06,3.3341779708862305,114,5,False,False,False
EXP-T132,shadow,4,101,1e-05,1.0000000000000001e-07,120,840,0.45825839042663574,0.5277667939662933,3.3411505222320557,3.594500390100096e-06,3.3341779708862305,114,6,False,False,False
EXP-T132,shadow,4,101,1e-05,1.0000000000000001e-07,121,847,0.41109786911069285,0.5274484157562256,3.3392081260681152,3.5203658778440116e-06,3.3341779708862305,114,7,False,False,False
EXP-T132,shadow,4,101,1e-05,1.0000000000000001e-07,122,854,0.4786479302815029,0.5274015069007874,3.3396949768066406,3.4466087799191603e-06,3.3341779708862305,114,8,False,False,False
EXP-T132,shadow,4,101,1e-05,1.0000000000000001e-07,123,861,0.3947970787329333,0.5278351008892059,3.3427157402038574,3.3732472947858077e-06,3.3341779708862305,114,9,False,False,False
EXP-T132,shadow,4,101,1e-05,1.0000000000000001e-07,124,868,0.3981373774419938,0.5282071232795715,3.344578504562378,3.300299523292678e-06,3.3341779708862305,114,10,False,False,False
EXP-T132,shadow,4,101,1e-05,1.0000000000000001e-07,125,875,0.45611205271312166,0.527834415435791,3.342935085296631,3.227783464210845e-06,3.3341779708862305,114,11,False,False,False
EXP-T132,shadow,4,101,1e-05,1.0000000000000001e-07,126,882,0.4085346114422594,0.5270388126373291,3.3389530181884766,3.155717009792807e-06,3.3341779708862305,114,12,False,False,False
EXP-T132,shadow,4,101,1e-05,1.0000000000000001e-07,127,889,0.39680290621306213,0.526430606842041,3.334306240081787,3.0841179413578354e-06,3.3341779708862305,114,13,False,False,False
EXP-T132,shadow,4,101,1e-05,1.0000000000000001e-07,128,896,0.41961029704127994,0.5264268815517426,3.334270477294922,3.0130039249047117e-06,3.3341779708862305,114,14,False,False,False
EXP-T132,shadow,4,101,1e-05,1.0000000000000001e-07,129,903,0.3887941955721804,0.5262347161769867,3.3322110176086426,2.9423925067528904e-06,3.3322110176086426,129,0,True,False,False
EXP-T132,shadow,4,101,1e-05,1.0000000000000001e-07,130,910,0.6240463895457131,0.5261753797531128,3.3303956985473633,2.87230110921322e-06,3.3303956985473633,130,0,True,False,False
EXP-T132,shadow,4,101,1e-05,1.0000000000000001e-07,131,917,0.4257984608411789,0.5262066721916199,3.330409526824951,2.8027470262892435e-06,3.3303956985473633,130,1,False,False,False
EXP-T132,shadow,4,101,1e-05,1.0000000000000001e-07,132,924,0.714983480317252,0.5262051224708557,3.3295955657958984,2.7337474194101625e-06,3.3295955657958984,132,0,True,False,False
EXP-T132,shadow,4,101,1e-05,1.0000000000000001e-07,133,931,0.5926084986754826,0.5260753929615021,3.3287413120269775,2.6653193131965085e-06,3.3287413120269775,133,0,True,False,False
EXP-T132,shadow,4,101,1e-05,1.0000000000000001e-07,134,938,0.41349790351731436,0.5259666442871094,3.325908660888672,2.5974795912595824e-06,3.325908660888672,134,0,True,False,False
EXP-T132,shadow,4,101,1e-05,1.0000000000000001e-07,135,945,0.40834500174969435,0.52571040391922,3.3253424167633057,2.530244992035662e-06,3.3253424167633057,135,0,True,False,False
EXP-T132,shadow,4,101,1e-05,1.0000000000000001e-07,136,952,0.41186927046094624,0.525419145822525,3.322906732559204,2.4636321046560533e-06,3.322906732559204,136,0,True,False,False
EXP-T132,shadow,4,101,1e-05,1.0000000000000001e-07,137,959,0.45895515169416157,0.5253244638442993,3.3212034702301025,2.3976573648539653e-06,3.3212034702301025,137,0,True,False,False
EXP-T132,shadow,4,101,1e-05,1.0000000000000001e-07,138,966,0.4531274565628597,0.5252727568149567,3.32063627243042,2.332337050909247e-06,3.32063627243042,138,0,True,False,False
EXP-T132,shadow,4,101,1e-05,1.0000000000000001e-07,139,973,0.3883098755031824,0.5251003503799438,3.321316719055176,2.267687279631953e-06,3.32063627243042,138,1,False,False,False
EXP-T132,shadow,4,101,1e-05,1.0000000000000001e-07,140,980,0.47239051120621817,0.5250332057476044,3.3203125,2.2037240023857708e-06,3.3203125,140,0,True,False,False
EXP-T132,shadow,4,101,1e-05,1.0000000000000001e-07,141,987,0.4504403599670955,0.5249992907047272,3.3183369636535645,2.1404630011522584e-06,3.3183369636535645,141,0,True,False,False
EXP-T132,shadow,4,101,1e-05,1.0000000000000001e-07,142,994,0.39316356900547234,0.524802565574646,3.3178577423095703,2.0779198846368745e-06,3.3178577423095703,142,0,True,False,False
EXP-T132,shadow,4,101,1e-05,1.0000000000000001e-07,143,1001,0.41519757200564655,0.5246431231498718,3.3176472187042236,2.0161100844177658e-06,3.3176472187042236,143,0,True,False,False
EXP-T132,shadow,4,101,1e-05,1.0000000000000001e-07,144,1008,0.6347831955977848,0.5244013965129852,3.3185338973999023,1.9550488511382593e-06,3.3176472187042236,143,1,False,False,False
EXP-T132,shadow,4,101,1e-05,1.0000000000000001e-07,145,1015,0.3930887940458843,0.5242739915847778,3.319230794906616,1.894751250743986e-06,3.3176472187042236,143,2,False,False,False
EXP-T132,shadow,4,101,1e-05,1.0000000000000001e-07,146,1022,0.4581225982734135,0.5242192149162292,3.3196940422058105,1.8352321607655916e-06,3.3176472187042236,143,3,False,False,False
EXP-T132,shadow,4,101,1e-05,1.0000000000000001e-07,147,1029,0.6013211075748716,0.5242440104484558,3.320807456970215,1.7765062666479242e-06,3.3176472187042236,143,4,False,False,False
EXP-T132,shadow,4,101,1e-05,1.0000000000000001e-07,148,1036,0.44014486244746615,0.5241833925247192,3.319016933441162,1.7185880581266217e-06,3.3176472187042236,143,5,False,False,False
EXP-T132,shadow,4,101,1e-05,1.0000000000000001e-07,149,1043,0.5245461208479745,0.5242103338241577,3.3190901279449463,1.6614918256529908e-06,3.3176472187042236,143,6,False,False,False
EXP-T132,shadow,4,101,1e-05,1.0000000000000001e-07,150,1050,0.4810022328581129,0.5242544412612915,3.3194758892059326,1.6052316568680442e-06,3.3176472187042236,143,7,False,False,False
EXP-T132,shadow,4,101,1e-05,1.0000000000000001e-07,151,1057,0.6185148400919778,0.5243383347988129,3.3202104568481445,1.5498214331265902e-06,3.3176472187042236,143,8,False,False,False
EXP-T132,shadow,4,101,1e-05,1.0000000000000001e-07,152,1064,0.491696583373206,0.5243202745914459,3.3198800086975098,1.495274826072216e-06,3.3176472187042236,143,9,False,False,False
EXP-T132,shadow,4,101,1e-05,1.0000000000000001e-07,153,1071,0.43476058755602154,0.5242382884025574,3.3198397159576416,1.441605294264014e-06,3.3176472187042236,143,10,False,False,False
EXP-T132,shadow,4,101,1e-05,1.0000000000000001e-07,154,1078,0.40091259671109064,0.5241242051124573,3.3191261291503906,1.3888260798558817e-06,3.3176472187042236,143,11,False,False,False
EXP-T132,shadow,4,101,1e-05,1.0000000000000001e-07,155,1085,0.42043142872197287,0.5240594446659088,3.3189549446105957,1.3369502053292252e-06,3.3176472187042236,143,12,False,False,False
EXP-T132,shadow,4,101,1e-05,1.0000000000000001e-07,156,1092,0.4101533889770508,0.5239847898483276,3.3190267086029053,1.285990470279847e-06,3.3176472187042236,143,13,False,False,False
EXP-T132,shadow,4,101,1e-05,1.0000000000000001e-07,157,1099,0.5470984961305346,0.5239370167255402,3.319615602493286,1.2359594482598438e-06,3.3176472187042236,143,14,False,False,False
EXP-T132,shadow,4,101,1e-05,1.0000000000000001e-07,158,1106,0.4206403835643349,0.5239188969135284,3.320376396179199,1.1868694836752686e-06,3.3176472187042236,143,15,False,False,False
EXP-T132,shadow,4,101,1e-05,1.0000000000000001e-07,159,1113,0.5443539534296308,0.5238234996795654,3.3198156356811523,1.1387326887403326e-06,3.3176472187042236,143,16,False,False,False
EXP-T132,shadow,4,101,1e-05,1.0000000000000001e-07,160,1120,0.3941302640097482,0.523838996887207,3.3203585147857666,1.0915609404889017e-06,3.3176472187042236,143,17,False,False,False
EXP-T132,shadow,4,101,1e-05,1.0000000000000001e-07,161,1127,0.6517772887434278,0.5238991677761078,3.320955991744995,1.0453658778440107e-06,3.3176472187042236,143,18,False,False,False
EXP-T132,shadow,4,101,1e-05,1.0000000000000001e-07,162,1134,0.44470103297914776,0.5238776504993439,3.3209352493286133,1.0001588987461348e-06,3.3176472187042236,143,19,False,False,False
EXP-T132,shadow,4,101,1e-05,1.0000000000000001e-07,163,1141,0.4845838078430721,0.52381232380867,3.3204822540283203,9.559511573409195e-07,3.3176472187042236,143,20,False,False,False
EXP-T132,shadow,4,101,1e-05,1.0000000000000001e-07,164,1148,0.4288761488028935,0.5237205326557159,3.319453716278076,9.127535612270632e-07,3.3176472187042236,143,21,False,False,False
EXP-T132,shadow,4,101,1e-05,1.0000000000000001e-07,165,1155,0.3989804382425583,0.5236808657646179,3.3193275928497314,8.705767687650265e-07,3.3176472187042236,143,22,False,False,False
EXP-T132,shadow,4,101,1e-05,1.0000000000000001e-07,166,1162,0.5005770006350109,0.5236544609069824,3.318976879119873,8.294311864472448e-07,3.3176472187042236,143,23,False,False,False
EXP-T132,shadow,4,101,1e-05,1.0000000000000001e-07,167,1169,0.42597150802612305,0.523585706949234,3.3180880546569824,7.893269663304784e-07,3.3176472187042236,143,24,False,False,False
EXP-T132,shadow,4,101,1e-05,1.0000000000000001e-07,168,1176,0.5043835427079882,0.5235838294029236,3.318272590637207,7.50274003530953e-07,3.3176472187042236,143,25,False,False,False
EXP-T132,shadow,4,101,1e-05,1.0000000000000001e-07,169,1183,0.49548026493617464,0.5235622823238373,3.317887306213379,7.122819337828752e-07,3.3176472187042236,143,26,False,False,False
EXP-T132,shadow,4,101,1e-05,1.0000000000000001e-07,170,1190,0.3987383630924991,0.5235475897789001,3.3180384635925293,6.753601310609673e-07,3.3176472187042236,143,27,False,False,False
EXP-T132,shadow,4,101,1e-05,1.0000000000000001e-07,171,1197,0.45192414947918486,0.523560494184494,3.3182485103607178,6.395177052675794e-07,3.3176472187042236,143,28,False,False,False
EXP-T132,shadow,4,101,1e-05,1.0000000000000001e-07,172,1204,0.43807521888187956,0.5235657095909119,3.3183045387268066,6.047634999849531e-07,3.3176472187042236,143,29,False,False,False
EXP-T132,shadow,4,101,1e-05,1.0000000000000001e-07,173,1211,0.4841383099555969,0.5235280692577362,3.317931890487671,5.711060902932043e-07,3.3176472187042236,143,30,False,True,False
EXP-T132,shadow,4,101,0.0001,1.0000000000000002e-06,1,7,0.5283368389521327,0.5704710781574249,3.454758644104004,0.0001,3.454758644104004,1,0,True,False,False
EXP-T132,shadow,4,101,0.0001,1.0000000000000002e-06,2,14,0.4927504437842539,0.557406485080719,3.4220964908599854,9.99938933078422e-05,3.4220964908599854,2,0,True,False,False
EXP-T132,shadow,4,101,0.0001,1.0000000000000002e-06,3,21,0.5937511537756238,0.5590563267469406,3.421992778778076,9.997557473810373e-05,3.421992778778076,3,0,True,False,False
EXP-T132,shadow,4,101,0.0001,1.0000000000000002e-06,4,28,0.5041464588471821,0.5570977032184601,3.423691511154175,9.994504881061753e-05,3.421992778778076,3,1,False,False,False
EXP-T132,shadow,4,101,0.0001,1.0000000000000002e-06,5,35,0.5223967347826276,0.5526178479194641,3.4102025032043457,9.990232305719945e-05,3.4102025032043457,5,0,True,False,False
EXP-T132,shadow,4,101,0.0001,1.0000000000000002e-06,6,42,0.48608723069940296,0.552177757024765,3.417541027069092,9.984740801978984e-05,3.4102025032043457,5,1,False,False,False
EXP-T132,shadow,4,101,0.0001,1.0000000000000002e-06,7,49,0.4965478139264243,0.5531875789165497,3.436257839202881,9.978031724785247e-05,3.4102025032043457,5,2,False,False,False
EXP-T132,shadow,4,101,0.0001,1.0000000000000002e-06,8,56,0.46560622645275934,0.5504335165023804,3.4345765113830566,9.97010672950314e-05,3.4102025032043457,5,3,False,False,False
EXP-T132,shadow,4,101,0.0001,1.0000000000000002e-06,9,63,0.4735581065927233,0.5474033951759338,3.4232494831085205,9.960967771506667e-05,3.4102025032043457,5,4,False,False,False
EXP-T132,shadow,4,101,0.0001,1.0000000000000002e-06,10,70,0.4254210397068943,0.5441796481609344,3.425156831741333,9.95061710569696e-05,3.4102025032043457,5,5,False,False,False
EXP-T132,shadow,4,101,0.0001,1.0000000000000002e-06,11,77,0.48346373438835144,0.5465388596057892,3.442519187927246,9.939057285945933e-05,3.4102025032043457,5,6,False,False,False
EXP-T132,shadow,4,101,0.0001,1.0000000000000002e-06,12,84,0.4864066115447453,0.5462451279163361,3.407120943069458,9.926291164466132e-05,3.407120943069458,12,0,True,False,False
EXP-T132,shadow,4,101,0.0001,1.0000000000000002e-06,13,91,0.4270255161183221,0.5448969900608063,3.405909299850464,9.91232189110701e-05,3.405909299850464,13,0,True,False,False
EXP-T132,shadow,4,101,0.0001,1.0000000000000002e-06,14,98,0.3911516610200384,0.5324552208185196,3.3525071144104004,9.897152912577741e-05,3.3525071144104004,14,0,True,False,False
EXP-T132,shadow,4,101,0.0001,1.0000000000000002e-06,15,105,0.624321528843471,0.5222044885158539,3.2731051445007324,9.8807879715968e-05,3.2731051445007324,15,0,True,False,False
EXP-T132,shadow,4,101,0.0001,1.0000000000000002e-06,16,112,0.6320836969784328,0.5114340782165527,3.2273406982421875,9.8632311059685e-05,3.2273406982421875,16,0,True,False,False
EXP-T132,shadow,4,101,0.0001,1.0000000000000002e-06,17,119,0.5140947614397321,0.5028587877750397,3.1869022846221924,9.844486647586725e-05,3.1869022846221924,17,0,True,False,False
EXP-T132,shadow,4,101,0.0001,1.0000000000000002e-06,18,126,0.3793226539024285,0.5106134116649628,3.1928908824920654,9.824559221366101e-05,3.1869022846221924,17,1,False,False,False
EXP-T132,shadow,4,101,0.0001,1.0000000000000002e-06,19,133,0.3798822888306209,0.49749715626239777,3.163501739501953,9.803453744100869e-05,3.163501739501953,19,0,True,False,False
EXP-T132,shadow,4,101,0.0001,1.0000000000000002e-06,20,140,0.3579845151730946,0.4979126453399658,3.170111656188965,9.781175423251735e-05,3.163501739501953,19,1,False,False,False
EXP-T132,shadow,4,101,0.0001,1.0000000000000002e-06,21,147,0.3976605875151498,0.5039001107215881,3.198772430419922,9.757729755661011e-05,3.163501739501953,19,2,False,False,False
EXP-T132,shadow,4,101,0.0001,1.0000000000000002e-06,22,154,0.5769180570329938,0.5057712644338608,3.206183910369873,9.73312252619635e-05,3.163501739501953,19,3,False,False,False
EXP-T132,shadow,4,101,0.0001,1.0000000000000002e-06,23,161,0.46522616488592966,0.5023431181907654,3.1996777057647705,9.707359806323417e-05,3.163501739501953,19,4,False,False,False
EXP-T132,shadow,4,101,0.0001,1.0000000000000002e-06,24,168,0.4230048358440399,0.5214683711528778,3.2738094329833984,9.680447952607845e-05,3.163501739501953,19,5,False,False,False
EXP-T132,shadow,4,101,0.0001,1.0000000000000002e-06,25,175,0.4297080763748714,0.5129785388708115,3.218951940536499,9.652393605146844e-05,3.163501739501953,19,6,False,False,False
EXP-T132,shadow,4,101,0.0001,1.0000000000000002e-06,26,182,0.3670129044247525,0.5063886642456055,3.2140161991119385,9.623203685930869e-05,3.163501739501953,19,7,False,False,False
EXP-T132,shadow,4,101,0.0001,1.0000000000000002e-06,27,189,0.350612753203937,0.5034552216529846,3.2004599571228027,9.592885397135707e-05,3.163501739501953,19,8,False,False,False
EXP-T132,shadow,4,101,0.0001,1.0000000000000002e-06,28,196,0.3171813658471884,0.49353519082069397,3.1523725986480713,9.561446219345454e-05,3.1523725986480713,28,0,True,False,False
EXP-T132,shadow,4,101,0.0001,1.0000000000000002e-06,29,203,0.4043496421405247,0.49449077248573303,3.1677918434143066,9.528893909706797e-05,3.1523725986480713,28,1,False,False,False
EXP-T132,shadow,4,101,0.0001,1.0000000000000002e-06,30,210,0.3247360826603004,0.50151127576828,3.190239191055298,9.495236500015047e-05,3.1523725986480713,28,2,False,False,False
EXP-T132,shadow,4,101,0.0001,1.0000000000000002e-06,31,217,0.34011184104851316,0.5084680616855621,3.2231948375701904,9.460482294732421e-05,3.1523725986480713,28,3,False,False,False
EXP-T132,shadow,4,101,0.0001,1.0000000000000002e-06,32,224,0.31653221590178354,0.5142223238945007,3.266757011413574,9.424639868939033e-05,3.1523725986480713,28,4,False,False,False
EXP-T132,shadow,4,101,0.0001,1.0000000000000002e-06,33,231,0.3151395044156483,0.5298711061477661,3.3569495677948,9.387718066217124e-05,3.1523725986480713,28,5,False,False,False
EXP-T132,shadow,4,101,0.0001,1.0000000000000002e-06,34,238,0.32272828051022123,0.53811976313591,3.3858213424682617,9.349725996469047e-05,3.1523725986480713,28,6,False,False,False
EXP-T132,shadow,4,101,0.0001,1.0000000000000002e-06,35,245,0.2885953938322408,0.5231000930070877,3.334514856338501,9.310673033669521e-05,3.1523725986480713,28,7,False,False,False
EXP-T132,shadow,4,101,0.0001,1.0000000000000002e-06,36,252,0.2675339187096272,0.5249316692352295,3.3305275440216064,9.270568813552756e-05,3.1523725986480713,28,8,False,False,False
EXP-T132,shadow,4,101,0.0001,1.0000000000000002e-06,37,259,0.2998917081526348,0.5193994045257568,3.291635513305664,9.229423231234974e-05,3.1523725986480713,28,9,False,False,False
EXP-T132,shadow,4,101,0.0001,1.0000000000000002e-06,38,266,0.4844009578227997,0.5170771479606628,3.2789804935455322,9.187246438772939e-05,3.1523725986480713,28,10,False,False,False
EXP-T132,shadow,4,101,0.0001,1.0000000000000002e-06,39,273,0.3394686153956822,0.518994152545929,3.2855751514434814,9.14404884265908e-05,3.1523725986480713,28,11,False,False,False
EXP-T132,shadow,4,101,0.0001,1.0000000000000002e-06,40,280,0.3053898960351944,0.5273327827453613,3.3209590911865234,9.099841101253866e-05,3.1523725986480713,28,12,False,False,False
EXP-T132,shadow,4,101,0.0001,1.0000000000000002e-06,41,287,0.2925710759923926,0.5319644212722778,3.3464698791503906,9.05463412215599e-05,3.1523725986480713,28,13,False,False,False
EXP-T132,shadow,4,101,0.0001,1.0000000000000002e-06,42,294,0.25201973666129823,0.5348958671092987,3.3438773155212402,9.0084390595111e-05,3.1523725986480713,28,14,False,False,False
EXP-T132,shadow,4,101,0.0001,1.0000000000000002e-06,43,301,0.2845527763877596,0.5659421682357788,3.460120439529419,8.961267311259666e-05,3.1523725986480713,28,15,False,False,False
EXP-T132,shadow,4,101,0.0001,1.0000000000000002e-06,44,308,0.3109238552195685,0.5240999758243561,3.2944891452789307,8.913130516324733e-05,3.1523725986480713,28,16,False,False,False
EXP-T132,shadow,4,101,0.0001,1.0000000000000002e-06,45,315,0.25285602680274416,0.5468729734420776,3.3569753170013428,8.864040551740158e-05,3.1523725986480713,28,17,False,False,False
EXP-T132,shadow,4,101,0.0001,1.0000000000000002e-06,46,322,0.324458692755018,0.5346154123544693,3.340566873550415,8.814009529720155e-05,3.1523725986480713,28,18,False,False,False
EXP-T132,shadow,4,101,0.0001,1.0000000000000002e-06,47,329,0.2568968938929694,0.5917969346046448,3.596376895904541,8.763049794670775e-05,3.1523725986480713,28,19,False,False,False
EXP-T132,shadow,4,101,0.0001,1.0000000000000002e-06,48,336,0.27891920294080463,0.5537039041519165,3.3840785026550293,8.711173920144117e-05,3.1523725986480713,28,20,False,False,False
EXP-T132,shadow,4,101,0.0001,1.0000000000000002e-06,49,343,0.37835100293159485,0.5140577852725983,3.209470510482788,8.658394705735987e-05,3.1523725986480713,28,21,False,False,False
EXP-T132,shadow,4,101,0.0001,1.0000000000000002e-06,50,350,0.22269320700849807,0.5314531624317169,3.2709333896636963,8.604725173927785e-05,3.1523725986480713,28,22,False,False,False
EXP-T132,shadow,4,101,0.0001,1.0000000000000002e-06,51,357,0.3886843259845461,0.5196712166070938,3.2397515773773193,8.55017856687341e-05,3.1523725986480713,28,23,False,False,False
EXP-T132,shadow,4,101,0.0001,1.0000000000000002e-06,52,364,0.21700910851359367,0.5576930046081543,3.390775680541992,8.494768343131955e-05,3.1523725986480713,28,24,False,False,False
EXP-T132,shadow,4,101,0.0001,1.0000000000000002e-06,53,371,0.42175969907215666,0.5517794191837311,3.387499451637268,8.438508174347009e-05,3.1523725986480713,28,25,False,False,False
EXP-T132,shadow,4,101,0.0001,1.0000000000000002e-06,54,378,0.23861592369420187,0.6027540862560272,3.610244035720825,8.381411941873378e-05,3.1523725986480713,28,26,False,False,False
EXP-T132,shadow,4,101,0.0001,1.0000000000000002e-06,55,385,0.30657041924340384,0.5555025637149811,3.396496891975403,8.323493733352077e-05,3.1523725986480713,28,27,False,False,False
EXP-T132,shadow,4,101,0.0001,1.0000000000000002e-06,56,392,0.18827222553747042,0.5602510571479797,3.436051368713379,8.26476783923441e-05,3.1523725986480713,28,28,False,False,False
EXP-T132,shadow,4,101,0.0001,1.0000000000000002e-06,57,399,0.2916159523384912,0.5344998240470886,3.3236215114593506,8.205248749256015e-05,3.1523725986480713,28,29,False,False,False
EXP-T132,shadow,4,101,0.0001,1.0000000000000002e-06,58,406,0.24888707058770315,0.5473102629184723,3.3916001319885254,8.144951148861742e-05,3.1523725986480713,28,30,False,True,False
EXP-T132,shadow,4,101,0.001,1e-05,1,7,0.8081278290067401,1.0696249604225159,5.77678108215332,0.001,5.77678108215332,1,0,True,False,False
EXP-T132,shadow,4,101,0.001,1e-05,2,14,0.6733154824801854,0.5540224015712738,3.389254570007324,0.000999938933078422,3.389254570007324,2,0,True,False,False
EXP-T132,shadow,4,101,0.001,1e-05,3,21,0.5885977063860212,0.6478267908096313,3.76387619972229,0.0009997557473810372,3.389254570007324,2,1,False,False,False
EXP-T132,shadow,4,101,0.001,1e-05,4,28,0.6315079373972756,0.5393648892641068,3.334101438522339,0.0009994504881061753,3.334101438522339,4,0,True,False,False
EXP-T132,shadow,4,101,0.001,1e-05,5,35,0.45788486222071306,0.6462797075510025,3.8292338848114014,0.0009990232305719944,3.334101438522339,4,1,False,False,False
EXP-T132,shadow,4,101,0.001,1e-05,6,42,0.5190406399113792,0.593853086233139,3.5705790519714355,0.0009984740801978985,3.334101438522339,4,2,False,False,False
EXP-T132,shadow,4,101,0.001,1e-05,7,49,0.49025167737688335,0.5835767686367035,3.5236635208129883,0.0009978031724785245,3.334101438522339,4,3,False,False,False
EXP-T132,shadow,4,101,0.001,1e-05,8,56,0.4948056574378695,0.6312860399484634,3.7859761714935303,0.000997010672950314,3.334101438522339,4,4,False,False,False
EXP-T132,shadow,4,101,0.001,1e-05,9,63,0.535041868686676,0.4857284426689148,3.098287343978882,0.0009960967771506667,3.098287343978882,9,0,True,False,False
EXP-T132,shadow,4,101,0.001,1e-05,10,70,0.530282745669995,0.5174210071563721,3.2349088191986084,0.000995061710569696,3.098287343978882,9,1,False,False,False
EXP-T132,shadow,4,101,0.001,1e-05,11,77,0.42377991122858866,0.9189153015613556,5.1166672706604,0.0009939057285945933,3.098287343978882,9,2,False,False,False
EXP-T132,shadow,4,101,0.001,1e-05,12,84,0.7273295202425548,0.6896593421697617,4.0203022956848145,0.000992629116446613,3.098287343978882,9,3,False,False,False
EXP-T132,shadow,4,101,0.001,1e-05,13,91,0.5335831626185349,0.6369888186454773,3.795032024383545,0.000991232189110701,3.098287343978882,9,4,False,False,False
EXP-T132,shadow,4,101,0.001,1e-05,14,98,0.49610650539398193,0.4945734739303589,3.1152594089508057,0.0009897152912577741,3.098287343978882,9,5,False,False,False
EXP-T132,shadow,4,101,0.001,1e-05,15,105,0.5309913371290479,0.7339707911014557,4.2214319705963135,0.00098807879715968,3.098287343978882,9,6,False,False,False
EXP-T132,shadow,4,101,0.001,1e-05,16,112,0.7866329210145133,0.538902074098587,3.372847557067871,0.00098632311059685,3.098287343978882,9,7,False,False,False
EXP-T132,shadow,4,101,0.001,1e-05,17,119,0.5656233472483498,0.48763276636600494,3.0574629306793213,0.0009844486647586723,3.0574629306793213,17,0,True,False,False
EXP-T132,shadow,4,101,0.001,1e-05,18,126,0.39357824630237054,0.6826225519180298,3.927091956138611,0.00098245592213661,3.0574629306793213,17,1,False,False,False
EXP-T132,shadow,4,101,0.001,1e-05,19,133,0.518561622926167,0.4806724190711975,3.0735297203063965,0.0009803453744100868,3.0574629306793213,17,2,False,False,False
EXP-T132,shadow,4,101,0.001,1e-05,20,140,0.41499284841120243,0.4837712049484253,3.1498682498931885,0.0009781175423251734,3.0574629306793213,17,3,False,False,False
EXP-T132,shadow,4,101,0.001,1e-05,21,147,0.34956332402569906,0.888894259929657,4.914573550224304,0.0009757729755661011,3.0574629306793213,17,4,False,False,False
EXP-T132,shadow,4,101,0.001,1e-05,22,154,0.8508550524711609,0.5666709095239639,3.398024082183838,0.0009733122526196349,3.0574629306793213,17,5,False,False,False
EXP-T132,shadow,4,101,0.001,1e-05,23,161,0.46365579111235483,0.4864812046289444,3.1461007595062256,0.0009707359806323416,3.0574629306793213,17,6,False,False,False
EXP-T132,shadow,4,101,0.001,1e-05,24,168,0.3521720767021179,0.5811002850532532,3.5444202423095703,0.0009680447952607845,3.0574629306793213,17,7,False,False,False
EXP-T132,shadow,4,101,0.001,1e-05,25,175,0.38673536692346844,0.544964388012886,3.4171080589294434,0.0009652393605146844,3.0574629306793213,17,8,False,False,False
EXP-T132,shadow,4,101,0.001,1e-05,26,182,0.28760894920144764,0.5483458042144775,3.4256973266601562,0.000962320368593087,3.0574629306793213,17,9,False,False,False
EXP-T132,shadow,4,101,0.001,1e-05,27,189,0.3143812268972397,0.5958446562290192,3.606323480606079,0.0009592885397135706,3.0574629306793213,17,10,False,False,False
EXP-T132,shadow,4,101,0.001,1e-05,28,196,0.4482352627175195,0.6225945353507996,3.728347063064575,0.0009561446219345453,3.0574629306793213,17,11,False,False,False
EXP-T132,shadow,4,101,0.001,1e-05,29,203,0.2901283310992377,0.5260319411754608,3.323608875274658,0.0009528893909706797,3.0574629306793213,17,12,False,False,False
EXP-T132,shadow,4,101,0.001,1e-05,30,210,0.28322900405951906,0.6421388387680054,3.72958505153656,0.0009495236500015047,3.0574629306793213,17,13,False,False,False
EXP-T132,shadow,4,101,0.001,1e-05,31,217,0.21556253421918622,0.6568129360675812,3.8059853315353394,0.0009460482294732421,3.0574629306793213,17,14,False,False,False
EXP-T132,shadow,4,101,0.001,1e-05,32,224,0.279480068013072,0.603583961725235,3.605351686477661,0.0009424639868939033,3.0574629306793213,17,15,False,False,False
EXP-T132,shadow,4,101,0.001,1e-05,33,231,0.39131211808749605,0.623150646686554,3.710552215576172,0.0009387718066217125,3.0574629306793213,17,16,False,False,False
EXP-T132,shadow,4,101,0.001,1e-05,34,238,0.373053069625582,0.6843446791172028,3.9366458654403687,0.0009349725996469047,3.0574629306793213,17,17,False,False,False
EXP-T132,shadow,4,101,0.001,1e-05,35,245,0.371447177869933,0.52337646484375,3.2113149166107178,0.0009310673033669522,3.0574629306793213,17,18,False,False,False
EXP-T132,shadow,4,101,0.001,1e-05,36,252,0.23907700500317983,0.5450629591941833,3.3620667457580566,0.0009270568813552756,3.0574629306793213,17,19,False,False,False
EXP-T132,shadow,4,101,0.001,1e-05,37,259,0.23917350811617716,0.5862129628658295,3.5001271963119507,0.0009229423231234975,3.0574629306793213,17,20,False,False,False
EXP-T132,shadow,4,101,0.001,1e-05,38,266,0.22427451184817723,0.5443621873855591,3.3584139347076416,0.0009187246438772938,3.0574629306793213,17,21,False,False,False
EXP-T132,shadow,4,101,0.001,1e-05,39,273,0.23052179919821875,0.6078278869390488,3.61965012550354,0.0009144048842659081,3.0574629306793213,17,22,False,False,False
EXP-T132,shadow,4,101,0.001,1e-05,40,280,0.24966706761292048,0.5570735037326813,3.4389760494232178,0.0009099841101253866,3.0574629306793213,17,23,False,False,False
EXP-T132,shadow,4,101,0.001,1e-05,41,287,0.23671781165259226,0.6326702684164047,3.762458086013794,0.000905463412215599,3.0574629306793213,17,24,False,False,False
EXP-T132,shadow,4,101,0.001,1e-05,42,294,0.21398328989744186,0.5896854400634766,3.5772777795791626,0.0009008439059511099,3.0574629306793213,17,25,False,False,False
EXP-T132,shadow,4,101,0.001,1e-05,43,301,0.21597496207271302,0.5679697096347809,3.4870636463165283,0.0008961267311259666,3.0574629306793213,17,26,False,False,False
EXP-T132,shadow,4,101,0.001,1e-05,44,308,0.20944507207189286,0.6150734573602676,3.6879308223724365,0.0008913130516324732,3.0574629306793213,17,27,False,False,False
EXP-T132,shadow,4,101,0.001,1e-05,45,315,0.1902029746145542,0.5500098466873169,3.386909246444702,0.0008864040551740157,3.0574629306793213,17,28,False,False,False
EXP-T132,shadow,4,101,0.001,1e-05,46,322,0.15912229182140436,0.6531515121459961,3.867638945579529,0.0008814009529720154,3.0574629306793213,17,29,False,False,False
EXP-T132,shadow,4,101,0.001,1e-05,47,329,0.19380888169897453,0.7262186706066132,4.163454532623291,0.0008763049794670775,3.0574629306793213,17,30,False,True,False
EXP-T132,shadow,4,101,0.01,0.0001,1,7,20.1729257106781,14.711131572723389,66.00343799591064,0.01,66.00343799591064,1,0,True,False,False
EXP-T132,shadow,4,101,0.01,0.0001,2,14,47.00699397495815,11.45411491394043,51.63458442687988,0.00999938933078422,51.63458442687988,2,0,True,False,False
EXP-T132,shadow,4,101,0.01,0.0001,3,21,28.96391010284424,13.006880760192871,58.48486042022705,0.009997557473810372,51.63458442687988,2,1,False,False,False
EXP-T132,shadow,4,101,0.01,0.0001,4,28,7.453153473990304,3.4628984928131104,16.380048751831055,0.009994504881061753,16.380048751831055,4,0,True,False,False
EXP-T132,shadow,4,101,0.01,0.0001,5,35,1.1312024423054285,0.5550534129142761,3.406374931335449,0.009990232305719944,3.406374931335449,5,0,True,False,False
EXP-T132,shadow,4,101,0.01,0.0001,6,42,2.7245103546551297,16.960552215576172,75.92711687088013,0.009984740801978984,3.406374931335449,5,1,False,False,False
EXP-T132,shadow,4,101,0.01,0.0001,7,49,6.766531637736729,3.6398380994796753,17.160645723342896,0.009978031724785246,3.406374931335449,5,2,False,False,False
EXP-T132,shadow,4,101,0.01,0.0001,8,56,1.7866981138608284,0.5548919886350632,3.40625,0.00997010672950314,3.40625,8,0,True,False,False
EXP-T132,shadow,4,101,0.01,0.0001,9,63,0.5566634280341012,0.5549063980579376,3.40625,0.009960967771506667,3.40625,8,1,False,False,False
EXP-T132,shadow,4,101,0.01,0.0001,10,70,0.5226890615054539,0.5548592209815979,3.40625,0.00995061710569696,3.40625,8,2,False,False,False
EXP-T132,shadow,4,101,0.01,0.0001,11,77,0.5070422100169318,0.5548914670944214,3.40625,0.009939057285945933,3.40625,8,3,False,False,False
EXP-T132,shadow,4,101,0.01,0.0001,12,84,0.542607090302876,0.5551636517047882,3.40625,0.00992629116446613,3.40625,8,4,False,False,False
EXP-T132,shadow,4,101,0.01,0.0001,13,91,0.4932361106787409,0.5549421608448029,3.40625,0.00991232189110701,3.40625,8,5,False,False,False
EXP-T132,shadow,4,101,0.01,0.0001,14,98,0.4961491259081023,0.5549720227718353,3.40625,0.00989715291257774,3.40625,8,6,False,False,False
EXP-T132,shadow,4,101,0.01,0.0001,15,105,0.730439441544669,0.5551022291183472,3.40625,0.0098807879715968,3.40625,8,7,False,False,False
EXP-T132,shadow,4,101,0.01,0.0001,16,112,0.7426942757197789,0.5557736754417419,3.40625,0.0098632311059685,3.40625,8,8,False,False,False
EXP-T132,shadow,4,101,0.01,0.0001,17,119,0.6338677065713065,0.5568217039108276,3.40625,0.009844486647586723,3.40625,8,9,False,False,False
EXP-T132,shadow,4,101,0.01,0.0001,18,126,0.5711188784667424,0.558351993560791,3.40625,0.0098245592213661,3.40625,8,10,False,False,False
EXP-T132,shadow,4,101,0.01,0.0001,19,133,0.5128815216677529,0.5596127510070801,3.40625,0.009803453744100868,3.40625,8,11,False,False,False
EXP-T132,shadow,4,101,0.01,0.0001,20,140,0.5246573644024985,0.5582563728094101,3.40625,0.009781175423251734,3.40625,8,12,False,False,False
EXP-T132,shadow,4,101,0.01,0.0001,21,147,0.6653955153056553,0.556698739528656,3.40625,0.009757729755661011,3.40625,8,13,False,False,False
EXP-T132,shadow,4,101,0.01,0.0001,22,154,14.144022013459887,5.345424175262451,24.68511128425598,0.009733122526196349,3.40625,8,14,False,False,False
EXP-T132,shadow,4,101,0.01,0.0001,23,161,9.418833443096705,5.371896505355835,24.801899433135986,0.009707359806323416,3.40625,8,15,False,False,False
EXP-T132,shadow,4,101,0.01,0.0001,24,168,3.0715807718890056,1.1667658984661102,6.1499762535095215,0.009680447952607845,3.40625,8,16,False,False,False
EXP-T132,shadow,4,101,0.01,0.0001,25,175,1.2294895923031228,0.5596229285001755,3.40625,0.009652393605146845,3.40625,8,17,False,False,False
EXP-T132,shadow,4,101,0.01,0.0001,26,182,3.3525228021400317,0.5610877871513367,3.40625,0.00962320368593087,3.40625,8,18,False,False,False
EXP-T132,shadow,4,101,0.01,0.0001,27,189,2.1938508035881177,0.5607587248086929,3.40625,0.009592885397135707,3.40625,8,19,False,False,False
EXP-T132,shadow,4,101,0.01,0.0001,28,196,0.5169320487018142,0.5594846904277802,3.40625,0.009561446219345454,3.40625,8,20,False,False,False
EXP-T132,shadow,4,101,0.01,0.0001,29,203,0.5011822261980602,0.558983251452446,3.40625,0.009528893909706798,3.40625,8,21,False,False,False
EXP-T132,shadow,4,101,0.01,0.0001,30,210,0.5009599359972137,0.5586449205875397,3.40625,0.009495236500015047,3.40625,8,22,False,False,False
EXP-T132,shadow,4,101,0.01,0.0001,31,217,0.5124411114624569,0.5576130449771881,3.40625,0.00946048229473242,3.40625,8,23,False,False,False
EXP-T132,shadow,4,101,0.01,0.0001,32,224,0.557207282100405,0.557537630200386,3.40625,0.009424639868939034,3.40625,8,24,False,False,False
EXP-T132,shadow,4,101,0.01,0.0001,33,231,0.5893758802142527,0.5578779876232147,3.40625,0.009387718066217124,3.40625,8,25,False,False,False
EXP-T132,shadow,4,101,0.01,0.0001,34,238,0.7312360235622951,0.5582220107316971,3.40625,0.009349725996469048,3.40625,8,26,False,False,False
EXP-T132,shadow,4,101,0.01,0.0001,35,245,0.6092064380645752,0.5592314898967743,3.40625,0.00931067303366952,3.40625,8,27,False,False,False
EXP-T132,shadow,4,101,0.01,0.0001,36,252,0.6337890923023224,0.5598884224891663,3.40625,0.009270568813552756,3.40625,8,28,False,False,False
EXP-T132,shadow,4,101,0.01,0.0001,37,259,0.6017410712582725,0.5587971955537796,3.40625,0.009229423231234974,3.40625,8,29,False,False,False
EXP-T132,shadow,4,101,0.01,0.0001,38,266,0.7676573523453304,0.5586098432540894,3.40625,0.009187246438772938,3.40625,8,30,False,True,False
